[2026-02-20 16:39:20] root: INFO: Starting Flye 2.9.6-b1802
[2026-02-20 16:39:20] root: DEBUG: Cmd: /data/softs/Miniforge3-25.11.0-0/envs/flye-2.9.6/bin/flye --meta --nano-hq /scratch/ky/characterization/FASTQ/SQK-RBK114-96_barcode01.fastq -o /scratch/ky/characterization/results/barcode01/assembly/ -t 16
[2026-02-20 16:39:20] root: DEBUG: Python version: 3.12.12 | packaged by conda-forge | (main, Jan 26 2026, 23:51:32) [GCC 14.3.0]
[2026-02-20 16:39:20] root: INFO: >>>STAGE: configure
[2026-02-20 16:39:20] root: INFO: Configuring run
[2026-02-20 16:39:20] root: INFO: Total read length: 8673362
[2026-02-20 16:39:20] root: INFO: Reads N50/N90: 7871 / 1073
[2026-02-20 16:39:20] root: INFO: Minimum overlap set to 1000
[2026-02-20 16:39:20] root: INFO: >>>STAGE: assembly
[2026-02-20 16:39:20] root: INFO: Assembling disjointigs
[2026-02-20 16:39:20] root: DEBUG: -----Begin assembly log------
[2026-02-20 16:39:20] root: DEBUG: Running: flye-modules assemble --reads /scratch/ky/characterization/FASTQ/SQK-RBK114-96_barcode01.fastq --out-asm /scratch/ky/characterization/results/barcode01/assembly/00-assembly/draft_assembly.fasta --config /data/softs/Miniforge3-25.11.0-0/envs/flye-2.9.6/lib/python3.12/site-packages/flye/config/bin_cfg/asm_nano_hq.cfg --log /scratch/ky/characterization/results/barcode01/assembly/flye.log --threads 16 --meta --min-ovlp 1000
[2026-02-20 16:39:20] DEBUG: Build date: May  4 2025 23:17:52
[2026-02-20 16:39:20] DEBUG: Total RAM: 251 Gb
[2026-02-20 16:39:20] DEBUG: Available RAM: 248 Gb
[2026-02-20 16:39:20] DEBUG: Total CPUs: 32
[2026-02-20 16:39:20] DEBUG: Loading /data/softs/Miniforge3-25.11.0-0/envs/flye-2.9.6/lib/python3.12/site-packages/flye/config/bin_cfg/asm_nano_hq.cfg
[2026-02-20 16:39:20] DEBUG: Loading /data/softs/Miniforge3-25.11.0-0/envs/flye-2.9.6/lib/python3.12/site-packages/flye/config/bin_cfg/asm_defaults.cfg
[2026-02-20 16:39:20] DEBUG: 	big_genome_threshold=29000000
[2026-02-20 16:39:20] DEBUG: 	meta_read_filter_kmer_freq=100
[2026-02-20 16:39:20] DEBUG: 	chain_large_gap_penalty=2
[2026-02-20 16:39:20] DEBUG: 	chain_small_gap_penalty=0.5
[2026-02-20 16:39:20] DEBUG: 	chain_gap_jump_threshold=100
[2026-02-20 16:39:20] DEBUG: 	max_jump_gap=500
[2026-02-20 16:39:20] DEBUG: 	max_coverage_drop_rate=5
[2026-02-20 16:39:20] DEBUG: 	max_extensions_drop_rate=5
[2026-02-20 16:39:20] DEBUG: 	chimera_window=100
[2026-02-20 16:39:20] DEBUG: 	chimera_overhang=1000
[2026-02-20 16:39:20] DEBUG: 	min_reads_in_disjointig=4
[2026-02-20 16:39:20] DEBUG: 	max_inner_reads=10
[2026-02-20 16:39:20] DEBUG: 	max_inner_fraction=0.25
[2026-02-20 16:39:20] DEBUG: 	aggressive_dup_filter=1
[2026-02-20 16:39:20] DEBUG: 	max_separation=500
[2026-02-20 16:39:20] DEBUG: 	unique_edge_length=50000
[2026-02-20 16:39:20] DEBUG: 	min_repeat_res_support=0.51
[2026-02-20 16:39:20] DEBUG: 	out_paths_ratio=5
[2026-02-20 16:39:20] DEBUG: 	graph_cov_drop_rate=5
[2026-02-20 16:39:20] DEBUG: 	coverage_estimate_window=100
[2026-02-20 16:39:20] DEBUG: 	max_bubble_length=50000
[2026-02-20 16:39:20] DEBUG: 	loop_coverage_rate=1.5
[2026-02-20 16:39:20] DEBUG: 	repeat_edge_cov_mult=1.75
[2026-02-20 16:39:20] DEBUG: 	weak_detach_rate=5
[2026-02-20 16:39:20] DEBUG: 	tip_coverage_rate=2
[2026-02-20 16:39:20] DEBUG: 	tip_length_rate=2
[2026-02-20 16:39:20] DEBUG: 	output_gfa_before_rr=1
[2026-02-20 16:39:20] DEBUG: 	remove_alt_edges=0
[2026-02-20 16:39:20] DEBUG: 	low_cutoff_warning=0
[2026-02-20 16:39:20] DEBUG: 	kmer_size=17
[2026-02-20 16:39:20] DEBUG: 	use_minimizers=1
[2026-02-20 16:39:20] DEBUG: 	minimizer_window=10
[2026-02-20 16:39:20] DEBUG: 	reads_base_alignment=1
[2026-02-20 16:39:20] DEBUG: 	meta_read_top_kmer_rate=0.75
[2026-02-20 16:39:20] DEBUG: 	maximum_jump=1500
[2026-02-20 16:39:20] DEBUG: 	maximum_overhang=1500
[2026-02-20 16:39:20] DEBUG: 	repeat_kmer_rate=100
[2026-02-20 16:39:20] DEBUG: 	assemble_ovlp_divergence=0.03
[2026-02-20 16:39:20] DEBUG: 	assemble_divergence_relative=1
[2026-02-20 16:39:20] DEBUG: 	repeat_graph_ovlp_divergence=0.03
[2026-02-20 16:39:20] DEBUG: 	read_align_ovlp_divergence=0.10
[2026-02-20 16:39:20] DEBUG: 	hpc_scoring_on=1
[2026-02-20 16:39:20] DEBUG: 	add_unassembled_reads=0
[2026-02-20 16:39:20] DEBUG: 	extend_contigs_with_repeats=0
[2026-02-20 16:39:20] DEBUG: 	min_read_cov_cutoff=3
[2026-02-20 16:39:20] DEBUG: 	short_tip_length=20000
[2026-02-20 16:39:20] DEBUG: 	long_tip_length=100000
[2026-02-20 16:39:20] DEBUG: Running with k-mer size: 17
[2026-02-20 16:39:20] DEBUG: Running with minimum overlap 1000
[2026-02-20 16:39:20] DEBUG: Metagenome mode: Y
[2026-02-20 16:39:20] DEBUG: Short mode: N
[2026-02-20 16:39:20] INFO: Reading sequences
[2026-02-20 16:39:20] DEBUG: Building positional index
[2026-02-20 16:39:20] DEBUG: Total sequence: 7844002 bp
[2026-02-20 16:39:20] INFO: Building minimizer index
[2026-02-20 16:39:20] INFO: Pre-calculating index storage
[2026-02-20 16:39:20] DEBUG: Mean k-mer frequency: 1.45633
[2026-02-20 16:39:20] DEBUG: Repetitive k-mer frequency: 145
[2026-02-20 16:39:20] DEBUG: Filtered 18128 repetitive k-mers (0.0128816)
[2026-02-20 16:39:20] INFO: Filling index
[2026-02-20 16:39:20] DEBUG: Sorting k-mer index
[2026-02-20 16:39:20] DEBUG: Selected k-mers: 966311
[2026-02-20 16:39:20] DEBUG: K-mer index size: 1389155
[2026-02-20 16:39:20] DEBUG: Mean k-mer frequency: 1.43759
[2026-02-20 16:39:20] DEBUG: Minimizer rate: 5.6466
[2026-02-20 16:39:20] DEBUG: Peak RAM usage: 0 Gb
[2026-02-20 16:39:20] DEBUG: Estimating k-mer identity bias
[2026-02-20 16:39:20] DEBUG: Initial divergence estimate : 0.00667084
[2026-02-20 16:39:20] DEBUG: Relative threshold: Y
[2026-02-20 16:39:20] DEBUG: Max divergence threshold set to 0.0366708
[2026-02-20 16:39:20] INFO: Extending reads
[2026-02-20 16:39:20] DEBUG: Estimating overlap coverage
[2026-02-20 16:39:22] INFO: Overlap-based coverage: 1
[2026-02-20 16:39:22] INFO: Median overlap divergence: 0.00629591
[2026-02-20 16:39:22] DEBUG: Sequence divergence distribution: 

    |*      |                                                                                            
    |*      |                                                                                            
    |*      |                                                                                            
    |*      |                                                                                            
    |*      |                                                                                            
    |**     |                                                                                            
    |**     |                                                                                            
    |**     |                                                                                            
    |**     |                                                                                            
    |**     |                                                                                            
    |**     |                                                                                            
    |**     |                                                                                            
    |***    |                                                                                            
    |***    |                                                                                            
    |***    |                                                                                            
    |***    |                                                                                            
    |****   |                                                                                            
    |****   |                                                                                            
    |****** |                                                                                            
    |********************  *                   *  *                                                      
    ----------------------------------------------------------------------------------------------------
    0%        5%        10%       15%       20%       25%       30%       35%       40%       45%       

    Q25 = 0.0033, Q50 = 0.0063, Q75 = 0.013

[2026-02-20 16:39:22] DEBUG: Assembled disjointig 1
	With 2 reads
	Start read: +33461785-ebd8-4f63-8563-06fc905bf98b
	At position: 1
	leftTip: 1 rightTip: 1
	Suspicious: 1
	Short ext: 0
	Mean extensions: 1
	Avg overlap len: 2164
	Min overlap len: 2164
	Inner reads: 0
	Length: 6454
[2026-02-20 16:39:22] DEBUG: Inner: 6 covered: 54 total: 2754
[2026-02-20 16:39:22] DEBUG: Assembled disjointig 2
	With 1 reads
	Start read: +9d3d6822-38bf-4592-95e8-815f37e7c1b1
	At position: 1
	leftTip: 1 rightTip: 1
	Suspicious: 0
	Short ext: 0
	Mean extensions: 0
	Avg overlap len: 0
	Min overlap len: 0
	Inner reads: 0
	Length: 3359
[2026-02-20 16:39:22] DEBUG: Inner: 10 covered: 76 total: 2754
[2026-02-20 16:39:22] DEBUG: Assembled disjointig 3
	With 2 reads
	Start read: +e67f963b-3a11-4e1e-85c7-e7b5774f3d16
	At position: 1
	leftTip: 1 rightTip: 1
	Suspicious: 1
	Short ext: 0
	Mean extensions: 0
	Avg overlap len: 2905
	Min overlap len: 2905
	Inner reads: 0
	Length: 6890
[2026-02-20 16:39:22] DEBUG: Inner: 14 covered: 83 total: 2754
[2026-02-20 16:39:22] DEBUG: Assembled disjointig 4
	With 2 reads
	Start read: +246ea890-bb57-4719-b49b-51b87ad18a49
	At position: 2
	leftTip: 1 rightTip: 1
	Suspicious: 1
	Short ext: 0
	Mean extensions: 0
	Avg overlap len: 4020
	Min overlap len: 4020
	Inner reads: 0
	Length: 12138
[2026-02-20 16:39:22] DEBUG: Inner: 20 covered: 110 total: 2754
[2026-02-20 16:39:22] DEBUG: Assembled disjointig 5
	With 4 reads
	Start read: +12e4d6d9-be99-40ac-93f4-f11f4c159686
	At position: 3
	leftTip: 1 rightTip: 1
	Suspicious: 2
	Short ext: 0
	Mean extensions: 1
	Avg overlap len: 1994
	Min overlap len: 1977
	Inner reads: 0
	Length: 37797
[2026-02-20 16:39:22] DEBUG: Inner: 34 covered: 139 total: 2754
[2026-02-20 16:39:22] DEBUG: Assembled disjointig 6
	With 1 reads
	Start read: +c2d76dda-c407-49ca-9668-5de19f487efd
	At position: 1
	leftTip: 1 rightTip: 1
	Suspicious: 0
	Short ext: 0
	Mean extensions: 0
	Avg overlap len: 0
	Min overlap len: 0
	Inner reads: 0
	Length: 4785
[2026-02-20 16:39:22] DEBUG: Inner: 38 covered: 154 total: 2754
[2026-02-20 16:39:22] DEBUG: Assembled disjointig 7
	With 4 reads
	Start read: +58f99804-346f-4e64-bc48-114e7634ae7f
	At position: 1
	leftTip: 1 rightTip: 1
	Suspicious: 3
	Short ext: 0
	Mean extensions: 1
	Avg overlap len: 3087
	Min overlap len: 2177
	Inner reads: 0
	Length: 18893
[2026-02-20 16:39:22] DEBUG: Inner: 50 covered: 196 total: 2754
[2026-02-20 16:39:22] DEBUG: Assembled disjointig 8
	With 2 reads
	Start read: +30f480cf-4cfb-400a-9975-f2bb963dbb36
	At position: 1
	leftTip: 1 rightTip: 1
	Suspicious: 1
	Short ext: 0
	Mean extensions: 0
	Avg overlap len: 2232
	Min overlap len: 2232
	Inner reads: 0
	Length: 3910
[2026-02-20 16:39:22] DEBUG: Inner: 56 covered: 206 total: 2754
[2026-02-20 16:39:22] DEBUG: Assembled disjointig 9
	With 3 reads
	Start read: +bd30b7cd-f0d5-43d4-a020-8c8b0a156054
	At position: 2
	leftTip: 1 rightTip: 1
	Suspicious: 1
	Short ext: 0
	Mean extensions: 1
	Avg overlap len: 3483
	Min overlap len: 2070
	Inner reads: 0
	Length: 10526
[2026-02-20 16:39:22] DEBUG: Inner: 68 covered: 234 total: 2754
[2026-02-20 16:39:22] DEBUG: Assembled disjointig 10
	With 4 reads
	Start read: +b1218b69-bcb6-43ac-a42e-049dd6775cfd
	At position: 3
	leftTip: 1 rightTip: 1
	Suspicious: 3
	Short ext: 0
	Mean extensions: 1
	Avg overlap len: 2061
	Min overlap len: 1877
	Inner reads: 0
	Length: 23485
[2026-02-20 16:39:22] DEBUG: Inner: 90 covered: 260 total: 2754
[2026-02-20 16:39:22] DEBUG: Assembled disjointig 11
	With 5 reads
	Start read: +549067c4-0020-49ff-8936-2178f1c59466
	At position: 5
	leftTip: 1 rightTip: 1
	Suspicious: 3
	Short ext: 0
	Mean extensions: 1
	Avg overlap len: 2613
	Min overlap len: 1567
	Inner reads: 0
	Length: 37024
[2026-02-20 16:39:22] DEBUG: Inner: 110 covered: 282 total: 2754
[2026-02-20 16:39:22] DEBUG: Assembled disjointig 12
	With 8 reads
	Start read: +cfc03219-2f0b-4934-958a-329757ec1821
	At position: 8
	leftTip: 1 rightTip: 1
	Suspicious: 4
	Short ext: 0
	Mean extensions: 1
	Avg overlap len: 3901
	Min overlap len: 1144
	Inner reads: 0
	Length: 55832
[2026-02-20 16:39:22] DEBUG: Inner: 186 covered: 354 total: 2754
[2026-02-20 16:39:22] DEBUG: Assembled disjointig 13
	With 4 reads
	Start read: +b54e20a2-5d01-4f1f-88ee-4a0350ead9f4
	At position: 3
	leftTip: 1 rightTip: 1
	Suspicious: 2
	Short ext: 0
	Mean extensions: 1
	Avg overlap len: 2223
	Min overlap len: 1689
	Inner reads: 0
	Length: 18655
[2026-02-20 16:39:22] DEBUG: Inner: 196 covered: 388 total: 2754
[2026-02-20 16:39:22] DEBUG: Discarded disjointig with 8 reads and 6 inner overlaps
[2026-02-20 16:39:22] DEBUG: Assembled disjointig 14
	With 2 reads
	Start read: +fa258c0b-22ff-4fa4-97c8-6b7c6f9f98e0
	At position: 2
	leftTip: 1 rightTip: 1
	Suspicious: 1
	Short ext: 0
	Mean extensions: 0
	Avg overlap len: 6916
	Min overlap len: 6916
	Inner reads: 0
	Length: 14776
[2026-02-20 16:39:22] DEBUG: Inner: 202 covered: 410 total: 2754
[2026-02-20 16:39:22] DEBUG: Assembled disjointig 15
	With 2 reads
	Start read: +a38ee3c4-7a0b-407c-8c26-43ca408e3ac1
	At position: 1
	leftTip: 1 rightTip: 1
	Suspicious: 1
	Short ext: 0
	Mean extensions: 2
	Avg overlap len: 2286
	Min overlap len: 2286
	Inner reads: 0
	Length: 9915
[2026-02-20 16:39:22] DEBUG: Inner: 210 covered: 420 total: 2754
[2026-02-20 16:39:22] DEBUG: Assembled disjointig 16
	With 8 reads
	Start read: +e6a0d376-6b87-48cc-aa44-9a9858f64004
	At position: 5
	leftTip: 1 rightTip: 0
	Suspicious: 1
	Short ext: 0
	Mean extensions: 3
	Avg overlap len: 3874
	Min overlap len: 2625
	Inner reads: 0
	Length: 41776
[2026-02-20 16:39:22] DEBUG: Inner: 260 covered: 484 total: 2754
[2026-02-20 16:39:22] DEBUG: Assembled disjointig 17
	With 2 reads
	Start read: +62e02fde-46da-4758-ae72-091db9830a8c
	At position: 1
	leftTip: 1 rightTip: 1
	Suspicious: 1
	Short ext: 0
	Mean extensions: 0
	Avg overlap len: 2264
	Min overlap len: 2264
	Inner reads: 0
	Length: 4144
[2026-02-20 16:39:22] DEBUG: Inner: 264 covered: 488 total: 2754
[2026-02-20 16:39:22] DEBUG: Discarded disjointig with 6 reads and 4 inner overlaps
[2026-02-20 16:39:22] DEBUG: Assembled disjointig 18
	With 4 reads
	Start read: +0cf8f3ac-6129-44b6-8a25-36f4e0e0ad60
	At position: 1
	leftTip: 1 rightTip: 1
	Suspicious: 2
	Short ext: 0
	Mean extensions: 1
	Avg overlap len: 5333
	Min overlap len: 2791
	Inner reads: 0
	Length: 17468
[2026-02-20 16:39:22] DEBUG: Inner: 274 covered: 502 total: 2754
[2026-02-20 16:39:22] DEBUG: Assembled disjointig 19
	With 4 reads
	Start read: +e5ef51b8-8677-4f79-b6d9-2c457e740c19
	At position: 1
	leftTip: 1 rightTip: 1
	Suspicious: 1
	Short ext: 0
	Mean extensions: 1
	Avg overlap len: 3635
	Min overlap len: 1757
	Inner reads: 0
	Length: 10403
[2026-02-20 16:39:22] DEBUG: Inner: 288 covered: 522 total: 2754
[2026-02-20 16:39:22] DEBUG: Assembled disjointig 20
	With 3 reads
	Start read: +0a47a549-cc4b-4f4c-b2c5-9a0626e49612
	At position: 3
	leftTip: 1 rightTip: 1
	Suspicious: 1
	Short ext: 0
	Mean extensions: 1
	Avg overlap len: 8007
	Min overlap len: 5110
	Inner reads: 0
	Length: 15010
[2026-02-20 16:39:22] DEBUG: Inner: 294 covered: 536 total: 2754
[2026-02-20 16:39:22] DEBUG: Assembled disjointig 21
	With 2 reads
	Start read: +70763046-544d-4536-829c-daa12db6848a
	At position: 1
	leftTip: 1 rightTip: 1
	Suspicious: 1
	Short ext: 0
	Mean extensions: 1
	Avg overlap len: 3238
	Min overlap len: 3238
	Inner reads: 0
	Length: 20262
[2026-02-20 16:39:22] DEBUG: Inner: 300 covered: 547 total: 2754
[2026-02-20 16:39:22] DEBUG: Assembled disjointig 22
	With 2 reads
	Start read: +dad72c8a-dbcf-488e-9877-86f55b41b94b
	At position: 1
	leftTip: 1 rightTip: 1
	Suspicious: 1
	Short ext: 0
	Mean extensions: 1
	Avg overlap len: 4129
	Min overlap len: 4129
	Inner reads: 0
	Length: 7053
[2026-02-20 16:39:22] DEBUG: Inner: 308 covered: 570 total: 2754
[2026-02-20 16:39:22] DEBUG: Assembled disjointig 23
	With 11 reads
	Start read: +e388212a-e4cf-41e7-aefd-de74454acb13
	At position: 6
	leftTip: 1 rightTip: 0
	Suspicious: 1
	Short ext: 0
	Mean extensions: 2
	Avg overlap len: 2039
	Min overlap len: 1869
	Inner reads: 0
	Length: 20172
[2026-02-20 16:39:22] DEBUG: Inner: 374 covered: 652 total: 2754
[2026-02-20 16:39:22] DEBUG: Assembled disjointig 24
	With 1 reads
	Start read: +38325a77-4ec2-418b-a85a-e25902ddbdad
	At position: 1
	leftTip: 1 rightTip: 1
	Suspicious: 0
	Short ext: 0
	Mean extensions: 0
	Avg overlap len: 0
	Min overlap len: 0
	Inner reads: 0
	Length: 4259
[2026-02-20 16:39:22] DEBUG: Inner: 378 covered: 658 total: 2754
[2026-02-20 16:39:22] DEBUG: Assembled disjointig 25
	With 2 reads
	Start read: +e13f1a16-6e69-4c2a-be53-394a9701b65f
	At position: 1
	leftTip: 1 rightTip: 1
	Suspicious: 1
	Short ext: 0
	Mean extensions: 1
	Avg overlap len: 1422
	Min overlap len: 1422
	Inner reads: 0
	Length: 11734
[2026-02-20 16:39:22] DEBUG: Inner: 382 covered: 670 total: 2754
[2026-02-20 16:39:22] DEBUG: Assembled disjointig 26
	With 3 reads
	Start read: +430f27a2-c39b-4164-9aed-b574cfdc6c38
	At position: 1
	leftTip: 1 rightTip: 1
	Suspicious: 2
	Short ext: 0
	Mean extensions: 1
	Avg overlap len: 6475
	Min overlap len: 1505
	Inner reads: 0
	Length: 24519
[2026-02-20 16:39:22] DEBUG: Inner: 392 covered: 689 total: 2754
[2026-02-20 16:39:22] DEBUG: Discarded disjointig with 9 reads and 7 inner overlaps
[2026-02-20 16:39:22] DEBUG: Assembled disjointig 27
	With 2 reads
	Start read: +8aedbce2-330d-47ad-ac31-220f1b10c06d
	At position: 1
	leftTip: 1 rightTip: 1
	Suspicious: 1
	Short ext: 0
	Mean extensions: 1
	Avg overlap len: 2419
	Min overlap len: 2419
	Inner reads: 0
	Length: 27765
[2026-02-20 16:39:22] DEBUG: Inner: 398 covered: 704 total: 2754
[2026-02-20 16:39:22] DEBUG: Discarded disjointig with 4 reads and 2 inner overlaps
[2026-02-20 16:39:22] DEBUG: Assembled disjointig 28
	With 2 reads
	Start read: +c990b8a8-d77b-4c57-b074-24a289023d4c
	At position: 1
	leftTip: 1 rightTip: 1
	Suspicious: 1
	Short ext: 0
	Mean extensions: 1
	Avg overlap len: 7124
	Min overlap len: 7124
	Inner reads: 0
	Length: 10332
[2026-02-20 16:39:22] DEBUG: Inner: 404 covered: 712 total: 2754
[2026-02-20 16:39:22] DEBUG: Assembled disjointig 29
	With 1 reads
	Start read: +fc7f6908-5169-4ccb-a16c-ed5dbb19a237
	At position: 1
	leftTip: 1 rightTip: 1
	Suspicious: 0
	Short ext: 0
	Mean extensions: 0
	Avg overlap len: 0
	Min overlap len: 0
	Inner reads: 0
	Length: 8731
[2026-02-20 16:39:22] DEBUG: Inner: 410 covered: 722 total: 2754
[2026-02-20 16:39:22] DEBUG: Assembled disjointig 30
	With 9 reads
	Start read: +dc16e6ba-4902-4845-877c-d92a9512d1ec
	At position: 3
	leftTip: 1 rightTip: 1
	Suspicious: 3
	Short ext: 0
	Mean extensions: 2
	Avg overlap len: 4803
	Min overlap len: 1990
	Inner reads: 0
	Length: 34287
[2026-02-20 16:39:22] DEBUG: Inner: 440 covered: 764 total: 2754
[2026-02-20 16:39:22] DEBUG: Assembled disjointig 31
	With 1 reads
	Start read: +45d98361-c36a-43f0-baa4-b8c60539a064
	At position: 1
	leftTip: 1 rightTip: 1
	Suspicious: 0
	Short ext: 0
	Mean extensions: 0
	Avg overlap len: 0
	Min overlap len: 0
	Inner reads: 0
	Length: 3624
[2026-02-20 16:39:22] DEBUG: Inner: 446 covered: 778 total: 2754
[2026-02-20 16:39:22] DEBUG: Discarded disjointig with 3 reads and 1 inner overlaps
[2026-02-20 16:39:22] DEBUG: Assembled disjointig 32
	With 2 reads
	Start read: +345873ed-afc4-4e56-9e88-c84df8582266
	At position: 1
	leftTip: 1 rightTip: 1
	Suspicious: 1
	Short ext: 0
	Mean extensions: 2
	Avg overlap len: 3250
	Min overlap len: 3250
	Inner reads: 0
	Length: 6609
[2026-02-20 16:39:22] DEBUG: Inner: 454 covered: 802 total: 2754
[2026-02-20 16:39:22] DEBUG: Assembled disjointig 33
	With 5 reads
	Start read: +9426cbfe-9183-44e9-9861-7b9e9942ddc6
	At position: 2
	leftTip: 1 rightTip: 1
	Suspicious: 2
	Short ext: 0
	Mean extensions: 2
	Avg overlap len: 3447
	Min overlap len: 3234
	Inner reads: 0
	Length: 31947
[2026-02-20 16:39:22] DEBUG: Inner: 468 covered: 851 total: 2754
[2026-02-20 16:39:22] DEBUG: Assembled disjointig 34
	With 2 reads
	Start read: +fb77f7b1-0ef5-49a0-b336-5af2013250e7
	At position: 2
	leftTip: 1 rightTip: 1
	Suspicious: 1
	Short ext: 0
	Mean extensions: 0
	Avg overlap len: 5227
	Min overlap len: 5227
	Inner reads: 0
	Length: 33006
[2026-02-20 16:39:22] DEBUG: Inner: 476 covered: 883 total: 2754
[2026-02-20 16:39:22] DEBUG: Assembled disjointig 35
	With 3 reads
	Start read: +8a6567f0-1cc5-4c87-b698-920d8165bca1
	At position: 2
	leftTip: 1 rightTip: 1
	Suspicious: 2
	Short ext: 0
	Mean extensions: 1
	Avg overlap len: 4290
	Min overlap len: 2391
	Inner reads: 0
	Length: 18395
[2026-02-20 16:39:22] DEBUG: Inner: 488 covered: 898 total: 2754
[2026-02-20 16:39:22] DEBUG: Assembled disjointig 36
	With 2 reads
	Start read: +cb5cf786-68eb-4ff6-9a53-c9428c7eb5c7
	At position: 1
	leftTip: 1 rightTip: 1
	Suspicious: 1
	Short ext: 0
	Mean extensions: 1
	Avg overlap len: 2198
	Min overlap len: 2198
	Inner reads: 0
	Length: 6125
[2026-02-20 16:39:22] DEBUG: Inner: 492 covered: 902 total: 2754
[2026-02-20 16:39:22] DEBUG: Assembled disjointig 37
	With 3 reads
	Start read: +153d264d-86d2-4a13-90b7-491dff84fde2
	At position: 1
	leftTip: 1 rightTip: 1
	Suspicious: 2
	Short ext: 0
	Mean extensions: 1
	Avg overlap len: 5547
	Min overlap len: 2876
	Inner reads: 0
	Length: 12769
[2026-02-20 16:39:22] DEBUG: Inner: 502 covered: 912 total: 2754
[2026-02-20 16:39:22] DEBUG: Assembled disjointig 38
	With 4 reads
	Start read: +5fe4d30b-b3d3-40f4-99cd-2d1ee3a76a97
	At position: 2
	leftTip: 1 rightTip: 1
	Suspicious: 3
	Short ext: 0
	Mean extensions: 1
	Avg overlap len: 2369
	Min overlap len: 1238
	Inner reads: 0
	Length: 21212
[2026-02-20 16:39:22] DEBUG: Inner: 512 covered: 942 total: 2754
[2026-02-20 16:39:22] DEBUG: Assembled disjointig 39
	With 1 reads
	Start read: +daa96247-7d61-469f-8e59-e290731d1edb
	At position: 1
	leftTip: 1 rightTip: 1
	Suspicious: 0
	Short ext: 0
	Mean extensions: 0
	Avg overlap len: 0
	Min overlap len: 0
	Inner reads: 0
	Length: 2253
[2026-02-20 16:39:22] DEBUG: Inner: 516 covered: 958 total: 2754
[2026-02-20 16:39:22] DEBUG: Assembled disjointig 40
	With 3 reads
	Start read: +26c5b859-8252-4c07-8472-a2df496e10f1
	At position: 3
	leftTip: 1 rightTip: 1
	Suspicious: 1
	Short ext: 0
	Mean extensions: 1
	Avg overlap len: 5842
	Min overlap len: 2791
	Inner reads: 0
	Length: 12357
[2026-02-20 16:39:22] DEBUG: Inner: 522 covered: 964 total: 2754
[2026-02-20 16:39:22] DEBUG: Assembled disjointig 41
	With 3 reads
	Start read: +8c393d39-8649-42de-8bb4-09ab1812b542
	At position: 2
	leftTip: 1 rightTip: 1
	Suspicious: 2
	Short ext: 0
	Mean extensions: 1
	Avg overlap len: 4769
	Min overlap len: 2641
	Inner reads: 0
	Length: 15407
[2026-02-20 16:39:22] DEBUG: Inner: 528 covered: 974 total: 2754
[2026-02-20 16:39:22] DEBUG: Assembled disjointig 42
	With 1 reads
	Start read: +9ce7e34f-2239-4cd6-8764-d47201f66b19
	At position: 1
	leftTip: 1 rightTip: 1
	Suspicious: 0
	Short ext: 0
	Mean extensions: 0
	Avg overlap len: 0
	Min overlap len: 0
	Inner reads: 0
	Length: 3771
[2026-02-20 16:39:22] DEBUG: Inner: 532 covered: 980 total: 2754
[2026-02-20 16:39:22] DEBUG: Assembled disjointig 43
	With 2 reads
	Start read: +fd135556-0c9b-496d-b6c7-eca46f90307e
	At position: 2
	leftTip: 1 rightTip: 1
	Suspicious: 1
	Short ext: 0
	Mean extensions: 0
	Avg overlap len: 4803
	Min overlap len: 4803
	Inner reads: 0
	Length: 8989
[2026-02-20 16:39:22] DEBUG: Inner: 536 covered: 986 total: 2754
[2026-02-20 16:39:22] DEBUG: Assembled disjointig 44
	With 1 reads
	Start read: +5a094bbd-7e28-420e-9d58-0c56aafc383f
	At position: 1
	leftTip: 1 rightTip: 1
	Suspicious: 0
	Short ext: 0
	Mean extensions: 0
	Avg overlap len: 0
	Min overlap len: 0
	Inner reads: 0
	Length: 4860
[2026-02-20 16:39:22] DEBUG: Inner: 540 covered: 1000 total: 2754
[2026-02-20 16:39:22] DEBUG: Assembled disjointig 45
	With 1 reads
	Start read: +cc3fb32d-6ac8-4333-a0e1-8a5e57f873a6
	At position: 1
	leftTip: 1 rightTip: 1
	Suspicious: 0
	Short ext: 0
	Mean extensions: 0
	Avg overlap len: 0
	Min overlap len: 0
	Inner reads: 0
	Length: 5102
[2026-02-20 16:39:22] DEBUG: Inner: 546 covered: 1010 total: 2754
[2026-02-20 16:39:22] DEBUG: Assembled disjointig 46
	With 2 reads
	Start read: +cc781885-af37-40c0-ba3e-d55a5d986dcf
	At position: 1
	leftTip: 1 rightTip: 1
	Suspicious: 1
	Short ext: 0
	Mean extensions: 0
	Avg overlap len: 5554
	Min overlap len: 5554
	Inner reads: 0
	Length: 10331
[2026-02-20 16:39:22] DEBUG: Inner: 550 covered: 1024 total: 2754
[2026-02-20 16:39:22] DEBUG: Assembled disjointig 47
	With 1 reads
	Start read: +8d0cd7df-acf9-43d1-93ae-85507e687903
	At position: 1
	leftTip: 1 rightTip: 1
	Suspicious: 0
	Short ext: 0
	Mean extensions: 0
	Avg overlap len: 0
	Min overlap len: 0
	Inner reads: 0
	Length: 3262
[2026-02-20 16:39:22] DEBUG: Inner: 556 covered: 1034 total: 2754
[2026-02-20 16:39:22] DEBUG: Assembled disjointig 48
	With 2 reads
	Start read: +bea4ffa9-1aed-478f-9925-8108c606b28a
	At position: 1
	leftTip: 1 rightTip: 1
	Suspicious: 1
	Short ext: 0
	Mean extensions: 1
	Avg overlap len: 2920
	Min overlap len: 2920
	Inner reads: 0
	Length: 5084
[2026-02-20 16:39:22] DEBUG: Inner: 560 covered: 1038 total: 2754
[2026-02-20 16:39:22] DEBUG: Assembled disjointig 49
	With 2 reads
	Start read: +24e13552-3be4-4480-966f-013f17118047
	At position: 2
	leftTip: 1 rightTip: 1
	Suspicious: 1
	Short ext: 0
	Mean extensions: 0
	Avg overlap len: 1895
	Min overlap len: 1895
	Inner reads: 0
	Length: 21769
[2026-02-20 16:39:22] DEBUG: Inner: 564 covered: 1050 total: 2754
[2026-02-20 16:39:22] DEBUG: Assembled disjointig 50
	With 3 reads
	Start read: +7f630574-49ef-4582-859d-74e6298d5aa2
	At position: 1
	leftTip: 1 rightTip: 1
	Suspicious: 2
	Short ext: 0
	Mean extensions: 3
	Avg overlap len: 13413
	Min overlap len: 4438
	Inner reads: 0
	Length: 32919
[2026-02-20 16:39:22] DEBUG: Inner: 576 covered: 1058 total: 2754
[2026-02-20 16:39:22] DEBUG: Assembled disjointig 51
	With 2 reads
	Start read: +463439ec-c87f-49fa-8daa-7b6e5905ffc8
	At position: 1
	leftTip: 1 rightTip: 1
	Suspicious: 1
	Short ext: 0
	Mean extensions: 0
	Avg overlap len: 2056
	Min overlap len: 2056
	Inner reads: 0
	Length: 12527
[2026-02-20 16:39:22] DEBUG: Inner: 580 covered: 1072 total: 2754
[2026-02-20 16:39:22] DEBUG: Assembled disjointig 52
	With 3 reads
	Start read: +2f34fdd0-19a0-4439-b30a-4d5cfca7404d
	At position: 2
	leftTip: 1 rightTip: 1
	Suspicious: 1
	Short ext: 0
	Mean extensions: 1
	Avg overlap len: 11681
	Min overlap len: 7561
	Inner reads: 0
	Length: 21039
[2026-02-20 16:39:22] DEBUG: Inner: 586 covered: 1092 total: 2754
[2026-02-20 16:39:22] DEBUG: Assembled disjointig 53
	With 2 reads
	Start read: +6b0db269-64ae-4f05-9ab2-d90fe9b5bb2f
	At position: 1
	leftTip: 1 rightTip: 1
	Suspicious: 1
	Short ext: 0
	Mean extensions: 0
	Avg overlap len: 3949
	Min overlap len: 3949
	Inner reads: 0
	Length: 7432
[2026-02-20 16:39:22] DEBUG: Inner: 590 covered: 1102 total: 2754
[2026-02-20 16:39:22] DEBUG: Assembled disjointig 54
	With 3 reads
	Start read: +e9126bda-d0c2-4396-bb25-ed3bb12fd73e
	At position: 1
	leftTip: 1 rightTip: 1
	Suspicious: 2
	Short ext: 0
	Mean extensions: 1
	Avg overlap len: 5120
	Min overlap len: 3519
	Inner reads: 0
	Length: 13606
[2026-02-20 16:39:22] DEBUG: Inner: 598 covered: 1112 total: 2754
[2026-02-20 16:39:22] DEBUG: Assembled disjointig 55
	With 4 reads
	Start read: +e97acea1-8289-47f1-a84f-1a50a4de4ad5
	At position: 2
	leftTip: 1 rightTip: 0
	Suspicious: 2
	Short ext: 0
	Mean extensions: 2
	Avg overlap len: 7755
	Min overlap len: 2852
	Inner reads: 0
	Length: 23238
[2026-02-20 16:39:22] DEBUG: Inner: 608 covered: 1140 total: 2754
[2026-02-20 16:39:22] DEBUG: Assembled disjointig 56
	With 2 reads
	Start read: +82e00137-3b60-4884-8716-1278ad410846
	At position: 1
	leftTip: 1 rightTip: 1
	Suspicious: 1
	Short ext: 0
	Mean extensions: 1
	Avg overlap len: 4519
	Min overlap len: 4519
	Inner reads: 0
	Length: 8035
[2026-02-20 16:39:22] DEBUG: Inner: 616 covered: 1150 total: 2754
[2026-02-20 16:39:22] DEBUG: Assembled disjointig 57
	With 3 reads
	Start read: +de4deba8-e6c7-43c7-8b78-66611f4ba3a1
	At position: 1
	leftTip: 1 rightTip: 1
	Suspicious: 2
	Short ext: 0
	Mean extensions: 2
	Avg overlap len: 4495
	Min overlap len: 1613
	Inner reads: 0
	Length: 19670
[2026-02-20 16:39:22] DEBUG: Inner: 630 covered: 1176 total: 2754
[2026-02-20 16:39:22] DEBUG: Discarded disjointig with 3 reads and 1 inner overlaps
[2026-02-20 16:39:22] DEBUG: Assembled disjointig 58
	With 5 reads
	Start read: +70e50b1d-343d-493f-bcb0-4617177a2786
	At position: 3
	leftTip: 1 rightTip: 0
	Suspicious: 1
	Short ext: 0
	Mean extensions: 2
	Avg overlap len: 9122
	Min overlap len: 1958
	Inner reads: 0
	Length: 33291
[2026-02-20 16:39:22] DEBUG: Inner: 646 covered: 1222 total: 2754
[2026-02-20 16:39:22] DEBUG: Assembled disjointig 59
	With 2 reads
	Start read: +f7c80487-135b-4c18-84eb-208dbc723d91
	At position: 1
	leftTip: 1 rightTip: 1
	Suspicious: 1
	Short ext: 0
	Mean extensions: 1
	Avg overlap len: 3153
	Min overlap len: 3153
	Inner reads: 0
	Length: 4985
[2026-02-20 16:39:22] DEBUG: Inner: 650 covered: 1232 total: 2754
[2026-02-20 16:39:22] DEBUG: Assembled disjointig 60
	With 3 reads
	Start read: +05d44af6-a227-4f05-bcfa-62de96cf22af
	At position: 1
	leftTip: 1 rightTip: 1
	Suspicious: 2
	Short ext: 0
	Mean extensions: 2
	Avg overlap len: 12332
	Min overlap len: 2412
	Inner reads: 0
	Length: 12948
[2026-02-20 16:39:22] DEBUG: Inner: 664 covered: 1264 total: 2754
[2026-02-20 16:39:22] DEBUG: Assembled disjointig 61
	With 2 reads
	Start read: +c1462111-7f2a-4d98-b460-09284899a4a7
	At position: 2
	leftTip: 1 rightTip: 1
	Suspicious: 1
	Short ext: 0
	Mean extensions: 0
	Avg overlap len: 1271
	Min overlap len: 1271
	Inner reads: 0
	Length: 27420
[2026-02-20 16:39:22] DEBUG: Inner: 672 covered: 1275 total: 2754
[2026-02-20 16:39:22] DEBUG: Assembled disjointig 62
	With 2 reads
	Start read: +f3ebee21-5ced-4ba1-9e68-82f477a4f895
	At position: 1
	leftTip: 1 rightTip: 1
	Suspicious: 1
	Short ext: 0
	Mean extensions: 0
	Avg overlap len: 2594
	Min overlap len: 2594
	Inner reads: 0
	Length: 8795
[2026-02-20 16:39:22] DEBUG: Inner: 676 covered: 1306 total: 2754
[2026-02-20 16:39:22] DEBUG: Assembled disjointig 63
	With 2 reads
	Start read: +cdd1791f-7717-40df-8a75-b7bf53813d83
	At position: 1
	leftTip: 1 rightTip: 1
	Suspicious: 1
	Short ext: 0
	Mean extensions: 1
	Avg overlap len: 3392
	Min overlap len: 3392
	Inner reads: 0
	Length: 8072
[2026-02-20 16:39:22] DEBUG: Inner: 684 covered: 1326 total: 2754
[2026-02-20 16:39:22] DEBUG: Assembled disjointig 64
	With 2 reads
	Start read: +14a0303f-e433-4271-8b8e-ce177d86f230
	At position: 2
	leftTip: 1 rightTip: 1
	Suspicious: 1
	Short ext: 0
	Mean extensions: 0
	Avg overlap len: 1530
	Min overlap len: 1530
	Inner reads: 0
	Length: 8153
[2026-02-20 16:39:22] DEBUG: Inner: 688 covered: 1336 total: 2754
[2026-02-20 16:39:22] DEBUG: Assembled disjointig 65
	With 2 reads
	Start read: +dc864bed-7687-49b4-814f-274593b4bc05
	At position: 1
	leftTip: 1 rightTip: 1
	Suspicious: 1
	Short ext: 0
	Mean extensions: 1
	Avg overlap len: 6138
	Min overlap len: 6138
	Inner reads: 0
	Length: 8858
[2026-02-20 16:39:22] DEBUG: Inner: 692 covered: 1368 total: 2754
[2026-02-20 16:39:22] DEBUG: Assembled disjointig 66
	With 5 reads
	Start read: +14b42d01-4fd7-47bf-996a-f11f03eadb2e
	At position: 4
	leftTip: 1 rightTip: 1
	Suspicious: 3
	Short ext: 0
	Mean extensions: 1
	Avg overlap len: 6585
	Min overlap len: 2708
	Inner reads: 0
	Length: 27590
[2026-02-20 16:39:22] DEBUG: Inner: 704 covered: 1384 total: 2754
[2026-02-20 16:39:22] DEBUG: Assembled disjointig 67
	With 2 reads
	Start read: +512ab9e5-7b2e-4727-a252-eb449e0b3526
	At position: 1
	leftTip: 1 rightTip: 1
	Suspicious: 1
	Short ext: 0
	Mean extensions: 1
	Avg overlap len: 4456
	Min overlap len: 4456
	Inner reads: 0
	Length: 7891
[2026-02-20 16:39:22] DEBUG: Inner: 710 covered: 1394 total: 2754
[2026-02-20 16:39:22] DEBUG: Assembled disjointig 68
	With 2 reads
	Start read: +4baa7787-c38a-440d-acac-2410db73a7e4
	At position: 1
	leftTip: 1 rightTip: 1
	Suspicious: 1
	Short ext: 0
	Mean extensions: 1
	Avg overlap len: 10747
	Min overlap len: 10747
	Inner reads: 0
	Length: 27979
[2026-02-20 16:39:22] DEBUG: Inner: 724 covered: 1404 total: 2754
[2026-02-20 16:39:22] DEBUG: Assembled disjointig 69
	With 1 reads
	Start read: +0428a4d6-f986-480d-90c7-83656f8c4e30
	At position: 1
	leftTip: 1 rightTip: 1
	Suspicious: 0
	Short ext: 0
	Mean extensions: 0
	Avg overlap len: 0
	Min overlap len: 0
	Inner reads: 0
	Length: 2896
[2026-02-20 16:39:22] DEBUG: Inner: 728 covered: 1413 total: 2754
[2026-02-20 16:39:22] DEBUG: Assembled disjointig 70
	With 3 reads
	Start read: +44a42dec-b613-4257-a454-5b81f971df7c
	At position: 2
	leftTip: 1 rightTip: 1
	Suspicious: 2
	Short ext: 0
	Mean extensions: 1
	Avg overlap len: 5499
	Min overlap len: 2953
	Inner reads: 0
	Length: 26352
[2026-02-20 16:39:22] DEBUG: Inner: 742 covered: 1440 total: 2754
[2026-02-20 16:39:22] DEBUG: Assembled disjointig 71
	With 1 reads
	Start read: +eb1ea230-fd82-4f4c-b758-f59930729e4f
	At position: 1
	leftTip: 1 rightTip: 1
	Suspicious: 0
	Short ext: 0
	Mean extensions: 0
	Avg overlap len: 0
	Min overlap len: 0
	Inner reads: 0
	Length: 2979
[2026-02-20 16:39:22] DEBUG: Inner: 746 covered: 1462 total: 2754
[2026-02-20 16:39:22] DEBUG: Assembled disjointig 72
	With 3 reads
	Start read: +06d49c2f-e2e9-4a31-9bd6-df5c08b17dba
	At position: 1
	leftTip: 1 rightTip: 1
	Suspicious: 2
	Short ext: 0
	Mean extensions: 1
	Avg overlap len: 5043
	Min overlap len: 2743
	Inner reads: 0
	Length: 22267
[2026-02-20 16:39:22] DEBUG: Inner: 754 covered: 1488 total: 2754
[2026-02-20 16:39:22] DEBUG: Assembled disjointig 73
	With 2 reads
	Start read: +b315c6ed-d808-4aaa-b728-a3aee838dba2
	At position: 1
	leftTip: 1 rightTip: 1
	Suspicious: 1
	Short ext: 0
	Mean extensions: 0
	Avg overlap len: 2414
	Min overlap len: 2414
	Inner reads: 0
	Length: 6887
[2026-02-20 16:39:22] DEBUG: Inner: 758 covered: 1492 total: 2754
[2026-02-20 16:39:22] DEBUG: Assembled disjointig 74
	With 1 reads
	Start read: +175a659f-d3d8-430a-ade8-bb3b9df34fc3
	At position: 1
	leftTip: 1 rightTip: 1
	Suspicious: 0
	Short ext: 0
	Mean extensions: 0
	Avg overlap len: 0
	Min overlap len: 0
	Inner reads: 0
	Length: 2390
[2026-02-20 16:39:22] DEBUG: Inner: 762 covered: 1508 total: 2754
[2026-02-20 16:39:22] DEBUG: Assembled disjointig 75
	With 2 reads
	Start read: +f94cd4e1-ee27-4cca-b91a-89ff64f1306d
	At position: 2
	leftTip: 1 rightTip: 1
	Suspicious: 1
	Short ext: 0
	Mean extensions: 0
	Avg overlap len: 2313
	Min overlap len: 2313
	Inner reads: 0
	Length: 4018
[2026-02-20 16:39:22] DEBUG: Inner: 766 covered: 1536 total: 2754
[2026-02-20 16:39:22] DEBUG: Assembled disjointig 76
	With 2 reads
	Start read: +c2124821-77eb-4155-b722-ba8f702915df
	At position: 2
	leftTip: 1 rightTip: 1
	Suspicious: 1
	Short ext: 0
	Mean extensions: 0
	Avg overlap len: 2461
	Min overlap len: 2461
	Inner reads: 0
	Length: 13968
[2026-02-20 16:39:22] DEBUG: Inner: 770 covered: 1554 total: 2754
[2026-02-20 16:39:22] DEBUG: Assembled disjointig 77
	With 2 reads
	Start read: +2753e05e-7661-43cd-9546-0e1c9f415e8b
	At position: 1
	leftTip: 1 rightTip: 1
	Suspicious: 1
	Short ext: 0
	Mean extensions: 1
	Avg overlap len: 2201
	Min overlap len: 2201
	Inner reads: 0
	Length: 8544
[2026-02-20 16:39:22] DEBUG: Inner: 776 covered: 1560 total: 2754
[2026-02-20 16:39:22] DEBUG: Assembled disjointig 78
	With 3 reads
	Start read: +44b0b281-c515-4575-9645-addb9e24a42c
	At position: 2
	leftTip: 1 rightTip: 1
	Suspicious: 1
	Short ext: 0
	Mean extensions: 1
	Avg overlap len: 3178
	Min overlap len: 1177
	Inner reads: 0
	Length: 17674
[2026-02-20 16:39:22] DEBUG: Inner: 788 covered: 1582 total: 2754
[2026-02-20 16:39:22] DEBUG: Assembled disjointig 79
	With 2 reads
	Start read: +8d662991-500f-4e70-ba6f-a5107db57b83
	At position: 2
	leftTip: 1 rightTip: 1
	Suspicious: 1
	Short ext: 0
	Mean extensions: 0
	Avg overlap len: 4876
	Min overlap len: 4876
	Inner reads: 0
	Length: 7744
[2026-02-20 16:39:22] DEBUG: Inner: 792 covered: 1592 total: 2754
[2026-02-20 16:39:22] DEBUG: Assembled disjointig 80
	With 2 reads
	Start read: +a63d065a-58a5-4350-a152-6353fceb1f3b
	At position: 2
	leftTip: 1 rightTip: 1
	Suspicious: 1
	Short ext: 0
	Mean extensions: 0
	Avg overlap len: 3102
	Min overlap len: 3102
	Inner reads: 0
	Length: 4951
[2026-02-20 16:39:22] DEBUG: Inner: 796 covered: 1612 total: 2754
[2026-02-20 16:39:22] DEBUG: Assembled disjointig 81
	With 2 reads
	Start read: +3e8d5681-95c8-48bf-81f3-cfd1c510a8b1
	At position: 2
	leftTip: 1 rightTip: 1
	Suspicious: 1
	Short ext: 0
	Mean extensions: 0
	Avg overlap len: 3023
	Min overlap len: 3023
	Inner reads: 0
	Length: 5753
[2026-02-20 16:39:22] DEBUG: Inner: 800 covered: 1638 total: 2754
[2026-02-20 16:39:22] DEBUG: Assembled disjointig 82
	With 3 reads
	Start read: +0e2cfae7-469a-434a-b73e-0cf4f096faa2
	At position: 1
	leftTip: 1 rightTip: 1
	Suspicious: 1
	Short ext: 0
	Mean extensions: 2
	Avg overlap len: 4862
	Min overlap len: 2850
	Inner reads: 0
	Length: 20528
[2026-02-20 16:39:22] DEBUG: Inner: 806 covered: 1681 total: 2754
[2026-02-20 16:39:22] DEBUG: Assembled disjointig 83
	With 2 reads
	Start read: +73088f1b-666e-472a-9c1d-acd7f3d4aa1e
	At position: 1
	leftTip: 1 rightTip: 1
	Suspicious: 1
	Short ext: 0
	Mean extensions: 1
	Avg overlap len: 8798
	Min overlap len: 8798
	Inner reads: 0
	Length: 13306
[2026-02-20 16:39:22] DEBUG: Inner: 820 covered: 1704 total: 2754
[2026-02-20 16:39:22] DEBUG: Assembled disjointig 84
	With 3 reads
	Start read: +7ee62e5c-bbee-41a3-8416-56f910c07314
	At position: 1
	leftTip: 1 rightTip: 1
	Suspicious: 2
	Short ext: 0
	Mean extensions: 1
	Avg overlap len: 11490
	Min overlap len: 3037
	Inner reads: 0
	Length: 21901
[2026-02-20 16:39:22] DEBUG: Inner: 830 covered: 1726 total: 2754
[2026-02-20 16:39:22] DEBUG: Assembled disjointig 85
	With 3 reads
	Start read: +61e17500-a33f-4fcc-8b0a-ebcfece75fd5
	At position: 2
	leftTip: 1 rightTip: 1
	Suspicious: 2
	Short ext: 0
	Mean extensions: 1
	Avg overlap len: 2483
	Min overlap len: 1968
	Inner reads: 0
	Length: 8407
[2026-02-20 16:39:22] DEBUG: Inner: 838 covered: 1738 total: 2754
[2026-02-20 16:39:22] DEBUG: Assembled disjointig 86
	With 2 reads
	Start read: +621d8ee3-d208-4570-994d-9c7dcd04c8bb
	At position: 1
	leftTip: 1 rightTip: 1
	Suspicious: 1
	Short ext: 0
	Mean extensions: 1
	Avg overlap len: 3629
	Min overlap len: 3629
	Inner reads: 0
	Length: 8732
[2026-02-20 16:39:22] DEBUG: Inner: 842 covered: 1742 total: 2754
[2026-02-20 16:39:22] DEBUG: Assembled disjointig 87
	With 3 reads
	Start read: +7c6c86f1-5f6d-44e3-a18a-b2163bd04d31
	At position: 2
	leftTip: 0 rightTip: 1
	Suspicious: 2
	Short ext: 0
	Mean extensions: 1
	Avg overlap len: 3677
	Min overlap len: 2027
	Inner reads: 0
	Length: 15629
[2026-02-20 16:39:22] DEBUG: Inner: 846 covered: 1746 total: 2754
[2026-02-20 16:39:22] DEBUG: Assembled disjointig 88
	With 2 reads
	Start read: +fd39982c-d977-4f55-8889-7cf4ef805f4c
	At position: 2
	leftTip: 1 rightTip: 1
	Suspicious: 1
	Short ext: 0
	Mean extensions: 0
	Avg overlap len: 3906
	Min overlap len: 3906
	Inner reads: 0
	Length: 25304
[2026-02-20 16:39:22] DEBUG: Inner: 858 covered: 1770 total: 2754
[2026-02-20 16:39:22] DEBUG: Assembled disjointig 89
	With 4 reads
	Start read: +1f056f94-584d-487f-9baf-ef323e71e663
	At position: 3
	leftTip: 1 rightTip: 1
	Suspicious: 2
	Short ext: 0
	Mean extensions: 1
	Avg overlap len: 5560
	Min overlap len: 3434
	Inner reads: 0
	Length: 41686
[2026-02-20 16:39:22] DEBUG: Inner: 872 covered: 1789 total: 2754
[2026-02-20 16:39:22] DEBUG: Assembled disjointig 90
	With 3 reads
	Start read: +d02f9570-f457-4f73-983c-7b07d659de82
	At position: 1
	leftTip: 1 rightTip: 1
	Suspicious: 1
	Short ext: 0
	Mean extensions: 1
	Avg overlap len: 6237
	Min overlap len: 2395
	Inner reads: 0
	Length: 8903
[2026-02-20 16:39:22] DEBUG: Inner: 880 covered: 1811 total: 2754
[2026-02-20 16:39:22] DEBUG: Assembled disjointig 91
	With 3 reads
	Start read: +30776089-ba89-4f31-bcf8-1560d06b380b
	At position: 1
	leftTip: 1 rightTip: 1
	Suspicious: 2
	Short ext: 0
	Mean extensions: 1
	Avg overlap len: 4534
	Min overlap len: 2716
	Inner reads: 0
	Length: 28332
[2026-02-20 16:39:22] DEBUG: Inner: 888 covered: 1818 total: 2754
[2026-02-20 16:39:22] DEBUG: Assembled disjointig 92
	With 2 reads
	Start read: +2d5134ce-bf29-4aa2-8da0-8a045fbaf066
	At position: 1
	leftTip: 1 rightTip: 1
	Suspicious: 1
	Short ext: 0
	Mean extensions: 0
	Avg overlap len: 3111
	Min overlap len: 3111
	Inner reads: 0
	Length: 11254
[2026-02-20 16:39:22] DEBUG: Inner: 892 covered: 1832 total: 2754
[2026-02-20 16:39:22] DEBUG: Assembled disjointig 93
	With 2 reads
	Start read: +47c5c0ba-e126-4ff9-a2fa-7d4ce771c7c6
	At position: 1
	leftTip: 1 rightTip: 1
	Suspicious: 1
	Short ext: 0
	Mean extensions: 1
	Avg overlap len: 4282
	Min overlap len: 4282
	Inner reads: 0
	Length: 15213
[2026-02-20 16:39:22] DEBUG: Inner: 900 covered: 1854 total: 2754
[2026-02-20 16:39:22] DEBUG: Assembled disjointig 94
	With 2 reads
	Start read: +39fab427-dde6-4224-9b93-3f64e5edbc1c
	At position: 2
	leftTip: 1 rightTip: 1
	Suspicious: 1
	Short ext: 0
	Mean extensions: 0
	Avg overlap len: 3792
	Min overlap len: 3792
	Inner reads: 0
	Length: 8428
[2026-02-20 16:39:22] DEBUG: Inner: 906 covered: 1868 total: 2754
[2026-02-20 16:39:22] DEBUG: Assembled disjointig 95
	With 3 reads
	Start read: +f5d5eb62-a983-4932-8768-9c8f4a5d6278
	At position: 1
	leftTip: 1 rightTip: 1
	Suspicious: 2
	Short ext: 0
	Mean extensions: 1
	Avg overlap len: 5024
	Min overlap len: 3284
	Inner reads: 0
	Length: 18717
[2026-02-20 16:39:22] DEBUG: Inner: 916 covered: 1942 total: 2754
[2026-02-20 16:39:22] DEBUG: Assembled disjointig 96
	With 3 reads
	Start read: +98b82c98-0295-49b9-911a-3beb40b7aba7
	At position: 1
	leftTip: 1 rightTip: 1
	Suspicious: 2
	Short ext: 0
	Mean extensions: 1
	Avg overlap len: 6492
	Min overlap len: 2880
	Inner reads: 0
	Length: 23054
[2026-02-20 16:39:22] DEBUG: Inner: 922 covered: 1948 total: 2754
[2026-02-20 16:39:22] DEBUG: Assembled disjointig 97
	With 1 reads
	Start read: +3f2120c5-30fd-485d-807c-e97070591b16
	At position: 1
	leftTip: 1 rightTip: 1
	Suspicious: 0
	Short ext: 0
	Mean extensions: 0
	Avg overlap len: 0
	Min overlap len: 0
	Inner reads: 0
	Length: 2456
[2026-02-20 16:39:22] DEBUG: Inner: 926 covered: 1994 total: 2754
[2026-02-20 16:39:22] DEBUG: Assembled disjointig 98
	With 2 reads
	Start read: +8e0b31a4-01a7-42a4-8910-22fe8181c0a5
	At position: 2
	leftTip: 1 rightTip: 1
	Suspicious: 1
	Short ext: 0
	Mean extensions: 0
	Avg overlap len: 3577
	Min overlap len: 3577
	Inner reads: 0
	Length: 6549
[2026-02-20 16:39:22] DEBUG: Inner: 930 covered: 2000 total: 2754
[2026-02-20 16:39:22] DEBUG: Assembled disjointig 99
	With 2 reads
	Start read: +e9d2f73f-616d-4492-b010-37ec9abbda0e
	At position: 1
	leftTip: 1 rightTip: 1
	Suspicious: 1
	Short ext: 0
	Mean extensions: 1
	Avg overlap len: 4121
	Min overlap len: 4121
	Inner reads: 0
	Length: 7740
[2026-02-20 16:39:22] DEBUG: Inner: 936 covered: 2006 total: 2754
[2026-02-20 16:39:22] DEBUG: Assembled disjointig 100
	With 4 reads
	Start read: +0d3e60f8-93bb-475f-8feb-875f96f145c5
	At position: 1
	leftTip: 1 rightTip: 0
	Suspicious: 1
	Short ext: 0
	Mean extensions: 2
	Avg overlap len: 5995
	Min overlap len: 1982
	Inner reads: 0
	Length: 19707
[2026-02-20 16:39:22] DEBUG: Inner: 952 covered: 2032 total: 2754
[2026-02-20 16:39:22] DEBUG: Assembled disjointig 101
	With 2 reads
	Start read: +2ea7937f-3f7e-4a9d-9513-c0306a86a0d0
	At position: 1
	leftTip: 1 rightTip: 1
	Suspicious: 1
	Short ext: 0
	Mean extensions: 1
	Avg overlap len: 3142
	Min overlap len: 3142
	Inner reads: 0
	Length: 6616
[2026-02-20 16:39:22] DEBUG: Inner: 958 covered: 2040 total: 2754
[2026-02-20 16:39:22] DEBUG: Assembled disjointig 102
	With 4 reads
	Start read: +4b42345d-fd39-414e-895b-a2814e15d17f
	At position: 1
	leftTip: 1 rightTip: 1
	Suspicious: 3
	Short ext: 0
	Mean extensions: 1
	Avg overlap len: 3361
	Min overlap len: 1857
	Inner reads: 0
	Length: 34119
[2026-02-20 16:39:22] DEBUG: Inner: 966 covered: 2048 total: 2754
[2026-02-20 16:39:22] DEBUG: Assembled disjointig 103
	With 2 reads
	Start read: +c69a320a-9d2d-4c86-b0be-615117176d6c
	At position: 1
	leftTip: 1 rightTip: 1
	Suspicious: 1
	Short ext: 0
	Mean extensions: 1
	Avg overlap len: 3223
	Min overlap len: 3223
	Inner reads: 0
	Length: 12241
[2026-02-20 16:39:22] DEBUG: Inner: 976 covered: 2062 total: 2754
[2026-02-20 16:39:22] DEBUG: Assembled disjointig 104
	With 1 reads
	Start read: +f7880dff-7adb-4f1c-ae9d-009d21fc6187
	At position: 1
	leftTip: 1 rightTip: 1
	Suspicious: 0
	Short ext: 0
	Mean extensions: 0
	Avg overlap len: 0
	Min overlap len: 0
	Inner reads: 0
	Length: 4415
[2026-02-20 16:39:22] DEBUG: Inner: 980 covered: 2070 total: 2754
[2026-02-20 16:39:22] DEBUG: Assembled disjointig 105
	With 2 reads
	Start read: +9da40948-aad1-4eba-8063-d967b7b32ce3
	At position: 1
	leftTip: 1 rightTip: 1
	Suspicious: 1
	Short ext: 0
	Mean extensions: 1
	Avg overlap len: 4940
	Min overlap len: 4940
	Inner reads: 0
	Length: 7398
[2026-02-20 16:39:22] DEBUG: Inner: 986 covered: 2144 total: 2754
[2026-02-20 16:39:22] DEBUG: Assembled disjointig 106
	With 2 reads
	Start read: +ed4e4e38-209b-4ced-8fb5-3c0eb1250a5e
	At position: 1
	leftTip: 1 rightTip: 1
	Suspicious: 1
	Short ext: 0
	Mean extensions: 0
	Avg overlap len: 2704
	Min overlap len: 2704
	Inner reads: 0
	Length: 6204
[2026-02-20 16:39:22] DEBUG: Inner: 992 covered: 2152 total: 2754
[2026-02-20 16:39:22] DEBUG: Assembled disjointig 107
	With 2 reads
	Start read: +2cb7296b-038f-41f6-a3ac-1394bdd2c5b7
	At position: 2
	leftTip: 1 rightTip: 1
	Suspicious: 1
	Short ext: 0
	Mean extensions: 0
	Avg overlap len: 2206
	Min overlap len: 2206
	Inner reads: 0
	Length: 6627
[2026-02-20 16:39:22] DEBUG: Inner: 996 covered: 2178 total: 2754
[2026-02-20 16:39:22] DEBUG: Assembled disjointig 108
	With 2 reads
	Start read: +63dda390-ed88-4daa-8c83-895909233d4b
	At position: 1
	leftTip: 1 rightTip: 1
	Suspicious: 1
	Short ext: 0
	Mean extensions: 1
	Avg overlap len: 2278
	Min overlap len: 2278
	Inner reads: 0
	Length: 7795
[2026-02-20 16:39:22] DEBUG: Inner: 1000 covered: 2213 total: 2754
[2026-02-20 16:39:22] DEBUG: Assembled disjointig 109
	With 3 reads
	Start read: +b77f7263-7e3e-4f1f-a050-edd6af580735
	At position: 2
	leftTip: 1 rightTip: 1
	Suspicious: 2
	Short ext: 0
	Mean extensions: 1
	Avg overlap len: 2771
	Min overlap len: 2109
	Inner reads: 0
	Length: 11909
[2026-02-20 16:39:22] DEBUG: Inner: 1008 covered: 2231 total: 2754
[2026-02-20 16:39:22] DEBUG: Assembled disjointig 110
	With 2 reads
	Start read: +7c50b812-06c4-4c0e-9d2f-d0b0c6a68f88
	At position: 2
	leftTip: 1 rightTip: 1
	Suspicious: 1
	Short ext: 0
	Mean extensions: 0
	Avg overlap len: 2208
	Min overlap len: 2208
	Inner reads: 0
	Length: 4370
[2026-02-20 16:39:22] DEBUG: Inner: 1012 covered: 2314 total: 2754
[2026-02-20 16:39:22] DEBUG: Assembled disjointig 111
	With 2 reads
	Start read: +ba567b1e-fe7f-40a5-9c15-04c2893a30ff
	At position: 1
	leftTip: 1 rightTip: 1
	Suspicious: 1
	Short ext: 0
	Mean extensions: 0
	Avg overlap len: 2617
	Min overlap len: 2617
	Inner reads: 0
	Length: 4272
[2026-02-20 16:39:22] DEBUG: Inner: 1018 covered: 2325 total: 2754
[2026-02-20 16:39:22] DEBUG: Assembled disjointig 112
	With 2 reads
	Start read: +614083e1-5459-4885-b58f-62a37d1bee58
	At position: 1
	leftTip: 1 rightTip: 1
	Suspicious: 1
	Short ext: 0
	Mean extensions: 1
	Avg overlap len: 2902
	Min overlap len: 2902
	Inner reads: 0
	Length: 10283
[2026-02-20 16:39:22] DEBUG: Inner: 1024 covered: 2342 total: 2754
[2026-02-20 16:39:22] DEBUG: Assembled disjointig 113
	With 3 reads
	Start read: +41b4f1e8-b54f-4c97-b7be-f4516535a7c4
	At position: 1
	leftTip: 1 rightTip: 1
	Suspicious: 1
	Short ext: 0
	Mean extensions: 1
	Avg overlap len: 3003
	Min overlap len: 1166
	Inner reads: 0
	Length: 16868
[2026-02-20 16:39:22] DEBUG: Inner: 1034 covered: 2352 total: 2754
[2026-02-20 16:39:22] DEBUG: Assembled disjointig 114
	With 1 reads
	Start read: +ba442b45-a121-4cf8-9950-6dec90b952ba
	At position: 1
	leftTip: 1 rightTip: 1
	Suspicious: 0
	Short ext: 0
	Mean extensions: 0
	Avg overlap len: 0
	Min overlap len: 0
	Inner reads: 0
	Length: 16577
[2026-02-20 16:39:22] DEBUG: Inner: 1038 covered: 2366 total: 2754
[2026-02-20 16:39:22] DEBUG: Assembled disjointig 115
	With 4 reads
	Start read: +1cce5b2e-b081-4ab6-b9b2-657c2f2e8482
	At position: 1
	leftTip: 1 rightTip: 0
	Suspicious: 3
	Short ext: 0
	Mean extensions: 1
	Avg overlap len: 5686
	Min overlap len: 4950
	Inner reads: 0
	Length: 36613
[2026-02-20 16:39:22] DEBUG: Inner: 1048 covered: 2394 total: 2754
[2026-02-20 16:39:22] DEBUG: Assembled disjointig 116
	With 1 reads
	Start read: +e94457fb-62bf-465d-8889-4a10d5fa41cd
	At position: 1
	leftTip: 1 rightTip: 1
	Suspicious: 0
	Short ext: 0
	Mean extensions: 0
	Avg overlap len: 0
	Min overlap len: 0
	Inner reads: 0
	Length: 2348
[2026-02-20 16:39:22] DEBUG: Inner: 1052 covered: 2400 total: 2754
[2026-02-20 16:39:22] DEBUG: Assembled disjointig 117
	With 2 reads
	Start read: +c9feb21e-a846-46b7-8a75-ad402e787075
	At position: 1
	leftTip: 1 rightTip: 1
	Suspicious: 1
	Short ext: 0
	Mean extensions: 1
	Avg overlap len: 4375
	Min overlap len: 4375
	Inner reads: 0
	Length: 6406
[2026-02-20 16:39:22] DEBUG: Inner: 1056 covered: 2410 total: 2754
[2026-02-20 16:39:22] DEBUG: Discarded disjointig with 3 reads and 1 inner overlaps
[2026-02-20 16:39:22] DEBUG: Assembled disjointig 118
	With 1 reads
	Start read: +8a39bbf6-0252-4cfd-9f93-3323f7c9e62e
	At position: 1
	leftTip: 1 rightTip: 1
	Suspicious: 0
	Short ext: 0
	Mean extensions: 0
	Avg overlap len: 0
	Min overlap len: 0
	Inner reads: 0
	Length: 3017
[2026-02-20 16:39:22] DEBUG: Inner: 1060 covered: 2436 total: 2754
[2026-02-20 16:39:22] DEBUG: Assembled disjointig 119
	With 2 reads
	Start read: +4a8152b4-b141-4e8e-a3fc-a33d6923e03c
	At position: 1
	leftTip: 1 rightTip: 1
	Suspicious: 1
	Short ext: 0
	Mean extensions: 1
	Avg overlap len: 2443
	Min overlap len: 2443
	Inner reads: 0
	Length: 3984
[2026-02-20 16:39:22] DEBUG: Inner: 1066 covered: 2444 total: 2754
[2026-02-20 16:39:22] DEBUG: Assembled disjointig 120
	With 3 reads
	Start read: +8d0604c5-e4d2-4aa5-b9c2-e2c981d4bbed
	At position: 2
	leftTip: 1 rightTip: 1
	Suspicious: 2
	Short ext: 0
	Mean extensions: 1
	Avg overlap len: 1460
	Min overlap len: 1446
	Inner reads: 0
	Length: 10455
[2026-02-20 16:39:22] DEBUG: Inner: 1072 covered: 2448 total: 2754
[2026-02-20 16:39:22] DEBUG: Assembled disjointig 121
	With 5 reads
	Start read: +289ef361-c00e-4a08-a507-13e1bc430b0a
	At position: 2
	leftTip: 1 rightTip: 0
	Suspicious: 4
	Short ext: 0
	Mean extensions: 1
	Avg overlap len: 4494
	Min overlap len: 3514
	Inner reads: 0
	Length: 43645
[2026-02-20 16:39:22] DEBUG: Inner: 1086 covered: 2468 total: 2754
[2026-02-20 16:39:22] DEBUG: Assembled disjointig 122
	With 2 reads
	Start read: +77e4edf6-dde2-4407-a4a2-e91a779df428
	At position: 1
	leftTip: 1 rightTip: 1
	Suspicious: 1
	Short ext: 0
	Mean extensions: 1
	Avg overlap len: 6849
	Min overlap len: 6849
	Inner reads: 0
	Length: 16381
[2026-02-20 16:39:22] DEBUG: Inner: 1092 covered: 2484 total: 2754
[2026-02-20 16:39:22] DEBUG: Assembled disjointig 123
	With 2 reads
	Start read: +925b6f4e-3c37-40e6-8b67-96c92500a006
	At position: 1
	leftTip: 1 rightTip: 1
	Suspicious: 1
	Short ext: 0
	Mean extensions: 0
	Avg overlap len: 4016
	Min overlap len: 4016
	Inner reads: 0
	Length: 11712
[2026-02-20 16:39:22] DEBUG: Inner: 1096 covered: 2492 total: 2754
[2026-02-20 16:39:22] DEBUG: Assembled disjointig 124
	With 3 reads
	Start read: +0d369782-e3cc-496d-980f-68b4c59d0747
	At position: 2
	leftTip: 1 rightTip: 1
	Suspicious: 2
	Short ext: 0
	Mean extensions: 1
	Avg overlap len: 10047
	Min overlap len: 6066
	Inner reads: 0
	Length: 14574
[2026-02-20 16:39:22] DEBUG: Inner: 1106 covered: 2520 total: 2754
[2026-02-20 16:39:22] DEBUG: Assembled disjointig 125
	With 2 reads
	Start read: +e68d9f34-4331-4013-9be6-0f2057e50c60
	At position: 2
	leftTip: 1 rightTip: 1
	Suspicious: 1
	Short ext: 0
	Mean extensions: 0
	Avg overlap len: 9648
	Min overlap len: 9648
	Inner reads: 0
	Length: 21747
[2026-02-20 16:39:22] DEBUG: Inner: 1110 covered: 2550 total: 2754
[2026-02-20 16:39:22] DEBUG: Assembled disjointig 126
	With 2 reads
	Start read: +6db9abe2-2eac-4c6b-a477-a4197318a77e
	At position: 1
	leftTip: 1 rightTip: 1
	Suspicious: 1
	Short ext: 0
	Mean extensions: 1
	Avg overlap len: 2817
	Min overlap len: 2817
	Inner reads: 0
	Length: 7691
[2026-02-20 16:39:22] DEBUG: Inner: 1118 covered: 2554 total: 2754
[2026-02-20 16:39:22] DEBUG: Assembled disjointig 127
	With 2 reads
	Start read: +121a4d0f-ade9-40c7-8b78-364202adec15
	At position: 1
	leftTip: 1 rightTip: 1
	Suspicious: 1
	Short ext: 0
	Mean extensions: 0
	Avg overlap len: 4087
	Min overlap len: 4087
	Inner reads: 0
	Length: 11344
[2026-02-20 16:39:22] DEBUG: Inner: 1124 covered: 2570 total: 2754
[2026-02-20 16:39:22] DEBUG: Assembled disjointig 128
	With 3 reads
	Start read: +ac6fae03-211c-4be1-986c-aa6006345696
	At position: 2
	leftTip: 1 rightTip: 1
	Suspicious: 2
	Short ext: 0
	Mean extensions: 1
	Avg overlap len: 2245
	Min overlap len: 2214
	Inner reads: 0
	Length: 11079
[2026-02-20 16:39:22] DEBUG: Inner: 1130 covered: 2574 total: 2754
[2026-02-20 16:39:22] DEBUG: Assembled disjointig 129
	With 3 reads
	Start read: +12acca39-137b-4ff5-acee-0eb5650966d0
	At position: 2
	leftTip: 1 rightTip: 1
	Suspicious: 2
	Short ext: 0
	Mean extensions: 1
	Avg overlap len: 6234
	Min overlap len: 1848
	Inner reads: 0
	Length: 22407
[2026-02-20 16:39:22] DEBUG: Inner: 1140 covered: 2582 total: 2754
[2026-02-20 16:39:22] DEBUG: Assembled disjointig 130
	With 2 reads
	Start read: +12fb8c4e-dc3b-407e-93cd-98113f4ed918
	At position: 2
	leftTip: 1 rightTip: 1
	Suspicious: 1
	Short ext: 0
	Mean extensions: 0
	Avg overlap len: 1757
	Min overlap len: 1757
	Inner reads: 0
	Length: 6581
[2026-02-20 16:39:22] DEBUG: Inner: 1144 covered: 2588 total: 2754
[2026-02-20 16:39:22] DEBUG: Assembled disjointig 131
	With 4 reads
	Start read: +eb3d25d8-67f1-4a7e-8de1-adf8ada11b97
	At position: 2
	leftTip: 1 rightTip: 1
	Suspicious: 2
	Short ext: 0
	Mean extensions: 1
	Avg overlap len: 3294
	Min overlap len: 2792
	Inner reads: 0
	Length: 20088
[2026-02-20 16:39:22] DEBUG: Inner: 1154 covered: 2601 total: 2754
[2026-02-20 16:39:22] DEBUG: Assembled disjointig 132
	With 3 reads
	Start read: +6c333c64-b6bf-43df-9603-ee99b44a945a
	At position: 1
	leftTip: 1 rightTip: 1
	Suspicious: 2
	Short ext: 0
	Mean extensions: 1
	Avg overlap len: 5693
	Min overlap len: 2732
	Inner reads: 0
	Length: 12238
[2026-02-20 16:39:22] DEBUG: Inner: 1160 covered: 2618 total: 2754
[2026-02-20 16:39:22] DEBUG: Assembled disjointig 133
	With 1 reads
	Start read: +ab7d006a-1efd-47c8-b417-ee5996a97210
	At position: 1
	leftTip: 1 rightTip: 1
	Suspicious: 0
	Short ext: 0
	Mean extensions: 0
	Avg overlap len: 0
	Min overlap len: 0
	Inner reads: 0
	Length: 2552
[2026-02-20 16:39:22] DEBUG: Inner: 1164 covered: 2666 total: 2754
[2026-02-20 16:39:22] DEBUG: Assembled disjointig 134
	With 4 reads
	Start read: +438a3fb8-2efa-4c52-ad1d-0b8c90389d65
	At position: 3
	leftTip: 1 rightTip: 1
	Suspicious: 3
	Short ext: 0
	Mean extensions: 1
	Avg overlap len: 3125
	Min overlap len: 2252
	Inner reads: 0
	Length: 29010
[2026-02-20 16:39:22] DEBUG: Inner: 1174 covered: 2673 total: 2754
[2026-02-20 16:39:22] DEBUG: Assembled disjointig 135
	With 2 reads
	Start read: +b15b1e28-41f9-49c4-b3fa-53f0b1905f01
	At position: 1
	leftTip: 1 rightTip: 1
	Suspicious: 1
	Short ext: 0
	Mean extensions: 0
	Avg overlap len: 1772
	Min overlap len: 1772
	Inner reads: 0
	Length: 6901
[2026-02-20 16:39:22] DEBUG: Inner: 1178 covered: 2684 total: 2754
[2026-02-20 16:39:22] DEBUG: Assembled disjointig 136
	With 2 reads
	Start read: +b8a9bf14-aeea-4d7b-a32b-0fd6b61f5e35
	At position: 2
	leftTip: 1 rightTip: 1
	Suspicious: 1
	Short ext: 0
	Mean extensions: 0
	Avg overlap len: 8465
	Min overlap len: 8465
	Inner reads: 0
	Length: 13416
[2026-02-20 16:39:22] DEBUG: Inner: 1184 covered: 2692 total: 2754
[2026-02-20 16:39:22] DEBUG: Assembled disjointig 137
	With 2 reads
	Start read: +c2073885-74e8-41bd-9570-865a997afa27
	At position: 1
	leftTip: 1 rightTip: 1
	Suspicious: 1
	Short ext: 0
	Mean extensions: 0
	Avg overlap len: 11235
	Min overlap len: 11235
	Inner reads: 0
	Length: 19595
[2026-02-20 16:39:22] DEBUG: Inner: 1192 covered: 2726 total: 2754
[2026-02-20 16:39:22] DEBUG: Assembled disjointig 138
	With 2 reads
	Start read: +38c55f01-639d-4c36-b886-d145a284a3f8
	At position: 2
	leftTip: 1 rightTip: 1
	Suspicious: 1
	Short ext: 0
	Mean extensions: 0
	Avg overlap len: 3640
	Min overlap len: 3640
	Inner reads: 0
	Length: 20204
[2026-02-20 16:39:22] DEBUG: Inner: 1198 covered: 2734 total: 2754
[2026-02-20 16:39:22] DEBUG: Assembled disjointig 139
	With 3 reads
	Start read: +c166bec8-db2e-48d9-8b0d-eda4540cf30c
	At position: 3
	leftTip: 1 rightTip: 1
	Suspicious: 2
	Short ext: 0
	Mean extensions: 1
	Avg overlap len: 2918
	Min overlap len: 2717
	Inner reads: 0
	Length: 38951
[2026-02-20 16:39:22] DEBUG: Inner: 1204 covered: 2754 total: 2754
[2026-02-20 16:39:22] INFO: Assembled 139 disjointigs
[2026-02-20 16:39:22] INFO: Generating sequence
[2026-02-20 16:39:22] DEBUG: Building positional index
[2026-02-20 16:39:22] DEBUG: Total sequence: 2038489 bp
[2026-02-20 16:39:22] DEBUG: Mean k-mer frequency: 1.06093
[2026-02-20 16:39:22] DEBUG: Repetitive k-mer frequency: 106
[2026-02-20 16:39:22] DEBUG: Filtered 673 repetitive k-mers (0.00182275)
[2026-02-20 16:39:22] DEBUG: Sorting k-mer index
[2026-02-20 16:39:22] DEBUG: Selected k-mers: 348014
[2026-02-20 16:39:22] DEBUG: K-mer index size: 368550
[2026-02-20 16:39:22] DEBUG: Mean k-mer frequency: 1.05901
[2026-02-20 16:39:22] DEBUG: Minimizer rate: 5.53111
[2026-02-20 16:39:22] INFO: Filtering contained disjointigs
[2026-02-20 16:39:22] DEBUG: Computing transitive closure for overlaps
[2026-02-20 16:39:22] DEBUG: Found 44 overlaps
[2026-02-20 16:39:22] DEBUG: Left 20 overlaps after filtering
[2026-02-20 16:39:22] INFO: Contained seqs: 2
[2026-02-20 16:39:22] DEBUG: Writing FASTA
[2026-02-20 16:39:22] DEBUG: Peak RAM usage: 0 Gb
-----------End assembly log------------
[2026-02-20 16:39:22] root: DEBUG: Disjointigs length: 2015433, N50: 20540
[2026-02-20 16:39:22] root: INFO: >>>STAGE: consensus
[2026-02-20 16:39:22] root: INFO: Running Minimap2
[2026-02-20 16:39:24] root: INFO: Computing consensus
[2026-02-20 16:39:25] root: INFO: Alignment error rate: 0.016208
[2026-02-20 16:39:25] root: INFO: >>>STAGE: repeat
[2026-02-20 16:39:25] root: INFO: Building and resolving repeat graph
[2026-02-20 16:39:25] root: DEBUG: -----Begin repeat analyser log------
[2026-02-20 16:39:25] root: DEBUG: Running: flye-modules repeat --disjointigs /scratch/ky/characterization/results/barcode01/assembly/10-consensus/consensus.fasta --reads /scratch/ky/characterization/FASTQ/SQK-RBK114-96_barcode01.fastq --out-dir /scratch/ky/characterization/results/barcode01/assembly/20-repeat --config /data/softs/Miniforge3-25.11.0-0/envs/flye-2.9.6/lib/python3.12/site-packages/flye/config/bin_cfg/asm_nano_hq.cfg --log /scratch/ky/characterization/results/barcode01/assembly/flye.log --threads 16 --meta --min-ovlp 1000
[2026-02-20 16:39:25] DEBUG: Build date: May  4 2025 23:18:08
[2026-02-20 16:39:25] DEBUG: Total RAM: 251 Gb
[2026-02-20 16:39:25] DEBUG: Available RAM: 247 Gb
[2026-02-20 16:39:25] DEBUG: Total CPUs: 32
[2026-02-20 16:39:25] DEBUG: Loading /data/softs/Miniforge3-25.11.0-0/envs/flye-2.9.6/lib/python3.12/site-packages/flye/config/bin_cfg/asm_nano_hq.cfg
[2026-02-20 16:39:25] DEBUG: Loading /data/softs/Miniforge3-25.11.0-0/envs/flye-2.9.6/lib/python3.12/site-packages/flye/config/bin_cfg/asm_defaults.cfg
[2026-02-20 16:39:25] DEBUG: 	big_genome_threshold=29000000
[2026-02-20 16:39:25] DEBUG: 	meta_read_filter_kmer_freq=100
[2026-02-20 16:39:25] DEBUG: 	chain_large_gap_penalty=2
[2026-02-20 16:39:25] DEBUG: 	chain_small_gap_penalty=0.5
[2026-02-20 16:39:25] DEBUG: 	chain_gap_jump_threshold=100
[2026-02-20 16:39:25] DEBUG: 	max_jump_gap=500
[2026-02-20 16:39:25] DEBUG: 	max_coverage_drop_rate=5
[2026-02-20 16:39:25] DEBUG: 	max_extensions_drop_rate=5
[2026-02-20 16:39:25] DEBUG: 	chimera_window=100
[2026-02-20 16:39:25] DEBUG: 	chimera_overhang=1000
[2026-02-20 16:39:25] DEBUG: 	min_reads_in_disjointig=4
[2026-02-20 16:39:25] DEBUG: 	max_inner_reads=10
[2026-02-20 16:39:25] DEBUG: 	max_inner_fraction=0.25
[2026-02-20 16:39:25] DEBUG: 	aggressive_dup_filter=1
[2026-02-20 16:39:25] DEBUG: 	max_separation=500
[2026-02-20 16:39:25] DEBUG: 	unique_edge_length=50000
[2026-02-20 16:39:25] DEBUG: 	min_repeat_res_support=0.51
[2026-02-20 16:39:25] DEBUG: 	out_paths_ratio=5
[2026-02-20 16:39:25] DEBUG: 	graph_cov_drop_rate=5
[2026-02-20 16:39:25] DEBUG: 	coverage_estimate_window=100
[2026-02-20 16:39:25] DEBUG: 	max_bubble_length=50000
[2026-02-20 16:39:25] DEBUG: 	loop_coverage_rate=1.5
[2026-02-20 16:39:25] DEBUG: 	repeat_edge_cov_mult=1.75
[2026-02-20 16:39:25] DEBUG: 	weak_detach_rate=5
[2026-02-20 16:39:25] DEBUG: 	tip_coverage_rate=2
[2026-02-20 16:39:25] DEBUG: 	tip_length_rate=2
[2026-02-20 16:39:25] DEBUG: 	output_gfa_before_rr=1
[2026-02-20 16:39:25] DEBUG: 	remove_alt_edges=0
[2026-02-20 16:39:25] DEBUG: 	low_cutoff_warning=0
[2026-02-20 16:39:25] DEBUG: 	kmer_size=17
[2026-02-20 16:39:25] DEBUG: 	use_minimizers=1
[2026-02-20 16:39:25] DEBUG: 	minimizer_window=10
[2026-02-20 16:39:25] DEBUG: 	reads_base_alignment=1
[2026-02-20 16:39:25] DEBUG: 	meta_read_top_kmer_rate=0.75
[2026-02-20 16:39:25] DEBUG: 	maximum_jump=1500
[2026-02-20 16:39:25] DEBUG: 	maximum_overhang=1500
[2026-02-20 16:39:25] DEBUG: 	repeat_kmer_rate=100
[2026-02-20 16:39:25] DEBUG: 	assemble_ovlp_divergence=0.03
[2026-02-20 16:39:25] DEBUG: 	assemble_divergence_relative=1
[2026-02-20 16:39:25] DEBUG: 	repeat_graph_ovlp_divergence=0.03
[2026-02-20 16:39:25] DEBUG: 	read_align_ovlp_divergence=0.10
[2026-02-20 16:39:25] DEBUG: 	hpc_scoring_on=1
[2026-02-20 16:39:25] DEBUG: 	add_unassembled_reads=0
[2026-02-20 16:39:25] DEBUG: 	extend_contigs_with_repeats=0
[2026-02-20 16:39:25] DEBUG: 	min_read_cov_cutoff=3
[2026-02-20 16:39:25] DEBUG: 	short_tip_length=20000
[2026-02-20 16:39:25] DEBUG: 	long_tip_length=100000
[2026-02-20 16:39:25] DEBUG: Running with k-mer size: 17
[2026-02-20 16:39:25] DEBUG: Selected minimum overlap 1000
[2026-02-20 16:39:25] DEBUG: Metagenome mode: Y
[2026-02-20 16:39:25] INFO: Parsing disjointigs
[2026-02-20 16:39:25] DEBUG: Building positional index
[2026-02-20 16:39:25] DEBUG: Total sequence: 2011245 bp
[2026-02-20 16:39:25] INFO: Building repeat graph
[2026-02-20 16:39:25] DEBUG: Mean k-mer frequency: 1.04549
[2026-02-20 16:39:25] DEBUG: Repetitive k-mer frequency: 104
[2026-02-20 16:39:25] DEBUG: Filtered 639 repetitive k-mers (0.00175358)
[2026-02-20 16:39:25] DEBUG: Sorting k-mer index
[2026-02-20 16:39:25] DEBUG: Selected k-mers: 348540
[2026-02-20 16:39:25] DEBUG: K-mer index size: 363759
[2026-02-20 16:39:25] DEBUG: Mean k-mer frequency: 1.04367
[2026-02-20 16:39:25] DEBUG: Minimizer rate: 5.52906
[2026-02-20 16:39:25] DEBUG: Computing transitive closure for overlaps
[2026-02-20 16:39:25] DEBUG: Found 180 overlaps
[2026-02-20 16:39:25] DEBUG: Left 72 overlaps after filtering
[2026-02-20 16:39:25] INFO: Median overlap divergence: 0.0245143
[2026-02-20 16:39:25] DEBUG: Sequence divergence distribution: 

    |  *   |                                                                                             
    |  *   |                                                                                             
    |  *   |                                                                                             
    |  *   |                                                                                             
    |* *   |*                                                                                            
    |* *   |*                                                                                            
    |* *   |*                                                                                            
    |* *   |*                                                                                            
    |***   |*  *                                                                                         
    |***   |*  *                                                                                         
    |***   |*  *                                                                                         
    |***   |*  *                                                                                         
    |*** * |*  *           *                                                                             
    |*** * |*  *           *                                                                             
    |*** * |*  *           *                                                                             
    |*** * |*  *           *                                                                             
    |*** * |*  *           *                   * *              * *                                      
    |*** * |*  *           *                   * *              * *                                      
    |*** * |*  *           *                   * *              * *                                      
    |*** * |*  *           *                   * *              * *                                      
    ----------------------------------------------------------------------------------------------------
    0%        5%        10%       15%       20%       25%       30%       35%       40%       45%       

    Q25 = 0.0095, Q50 = 0.025, Q75 = 0.052

[2026-02-20 16:39:25] DEBUG: Computing gluepoints
[2026-02-20 16:39:25] DEBUG: Added 0 gluepoint projections
[2026-02-20 16:39:25] DEBUG: Created 632 gluepoints
[2026-02-20 16:39:25] DEBUG: Artificial loops removed: 0 left, 0 right, 0 both
[2026-02-20 16:39:25] DEBUG: Initializing edges
[2026-02-20 16:39:25] DEBUG: Edges length checksum: 34747675655
[2026-02-20 16:39:25] DEBUG: Filtered 0 singleton segments
[2026-02-20 16:39:25] DEBUG: Removed 0 simple and 0 double chimeric junctions
[2026-02-20 16:39:25] DEBUG: Collapsed 6 edges
[2026-02-20 16:39:25] DEBUG: *	1	+disjointig_1	0	6477	6477	
[2026-02-20 16:39:25] DEBUG: *	2	+disjointig_10	0	3566	3566	
[2026-02-20 16:39:25] DEBUG:  	3	+disjointig_10	3566	4743	1177	
[2026-02-20 16:39:25] DEBUG: *	7	+disjointig_10	4743	23518	18775	
[2026-02-20 16:39:25] DEBUG: *	11	+disjointig_100	0	13557	13557	
[2026-02-20 16:39:25] DEBUG:  	12	+disjointig_100	13557	19129	5572	
[2026-02-20 16:39:25] DEBUG: *	17	+disjointig_101	0	6615	6615	
[2026-02-20 16:39:25] DEBUG: *	18	+disjointig_102	0	34118	34118	
[2026-02-20 16:39:25] DEBUG: *	19	+disjointig_103	0	12232	12232	
[2026-02-20 16:39:25] DEBUG: *	20	+disjointig_104	0	4411	4411	
[2026-02-20 16:39:25] DEBUG: *	21	+disjointig_105	0	7397	7397	
[2026-02-20 16:39:25] DEBUG: *	22	+disjointig_106	0	6201	6201	
[2026-02-20 16:39:25] DEBUG: *	23	+disjointig_107	0	6634	6634	
[2026-02-20 16:39:25] DEBUG: *	24	+disjointig_108	0	7793	7793	
[2026-02-20 16:39:25] DEBUG: *	25	+disjointig_109	0	11930	11930	
[2026-02-20 16:39:25] DEBUG: *	26	+disjointig_11	0	37022	37022	
[2026-02-20 16:39:25] DEBUG: *	27	+disjointig_110	0	4361	4361	
[2026-02-20 16:39:25] DEBUG: *	28	+disjointig_111	0	4269	4269	
[2026-02-20 16:39:25] DEBUG: *	29	+disjointig_112	0	10273	10273	
[2026-02-20 16:39:25] DEBUG: *	30	+disjointig_113	0	16942	16942	
[2026-02-20 16:39:25] DEBUG: *	31	+disjointig_114	0	16562	16562	
[2026-02-20 16:39:25] DEBUG: *	163	+disjointig_115	0	36592	36592	
[2026-02-20 16:39:25] DEBUG: *	35	+disjointig_116	0	2346	2346	
[2026-02-20 16:39:25] DEBUG: *	36	+disjointig_117	0	6405	6405	
[2026-02-20 16:39:25] DEBUG: *	37	+disjointig_118	0	3021	3021	
[2026-02-20 16:39:25] DEBUG: *	38	+disjointig_119	0	3992	3992	
[2026-02-20 16:39:25] DEBUG: *	39	+disjointig_12	0	55869	55869	
[2026-02-20 16:39:25] DEBUG: *	40	+disjointig_120	0	10460	10460	
[2026-02-20 16:39:25] DEBUG: *	165	+disjointig_121	0	43555	43555	
[2026-02-20 16:39:25] DEBUG: *	44	+disjointig_122	0	7877	7877	
[2026-02-20 16:39:25] DEBUG:  	45	+disjointig_122	7877	12161	4284	
[2026-02-20 16:39:25] DEBUG: *	46	+disjointig_122	12161	16373	4212	
[2026-02-20 16:39:25] DEBUG: *	47	+disjointig_123	0	11707	11707	
[2026-02-20 16:39:25] DEBUG: *	48	+disjointig_124	0	14585	14585	
[2026-02-20 16:39:25] DEBUG: *	49	+disjointig_125	0	21759	21759	
[2026-02-20 16:39:25] DEBUG: *	50	+disjointig_126	0	7585	7585	
[2026-02-20 16:39:25] DEBUG: *	51	+disjointig_127	0	11351	11351	
[2026-02-20 16:39:25] DEBUG: *	52	+disjointig_128	0	9397	9397	
[2026-02-20 16:39:25] DEBUG: *	56	+disjointig_129	0	22409	22409	
[2026-02-20 16:39:25] DEBUG: *	57	+disjointig_13	0	18651	18651	
[2026-02-20 16:39:25] DEBUG: *	58	+disjointig_130	0	6579	6579	
[2026-02-20 16:39:25] DEBUG: *	59	+disjointig_131	0	20080	20080	
[2026-02-20 16:39:25] DEBUG: *	60	+disjointig_132	0	12235	12235	
[2026-02-20 16:39:25] DEBUG: *	61	+disjointig_133	0	2552	2552	
[2026-02-20 16:39:25] DEBUG: *	62	+disjointig_134	0	29007	29007	
[2026-02-20 16:39:25] DEBUG: *	63	+disjointig_135	0	6899	6899	
[2026-02-20 16:39:25] DEBUG: *	64	+disjointig_136	0	13413	13413	
[2026-02-20 16:39:25] DEBUG: *	65	+disjointig_137	0	19597	19597	
[2026-02-20 16:39:25] DEBUG: *	66	+disjointig_138	0	20222	20222	
[2026-02-20 16:39:25] DEBUG: *	67	+disjointig_139	0	38953	38953	
[2026-02-20 16:39:25] DEBUG: *	68	+disjointig_14	0	14786	14786	
[2026-02-20 16:39:25] DEBUG: *	69	+disjointig_15	0	9924	9924	
[2026-02-20 16:39:25] DEBUG: *	-8	+disjointig_16	0	21266	21266	
[2026-02-20 16:39:25] DEBUG:  	-3	+disjointig_16	21266	22162	896	
[2026-02-20 16:39:25] DEBUG:  	4	+disjointig_16	22162	22859	697	
[2026-02-20 16:39:25] DEBUG: *	-6	+disjointig_16	22859	26729	3870	
[2026-02-20 16:39:25] DEBUG:  	3	+disjointig_16	26729	27906	1177	
[2026-02-20 16:39:25] DEBUG: *	162	+disjointig_16	27906	31669	3763	
[2026-02-20 16:39:25] DEBUG:  	-3	+disjointig_16	31669	32741	1072	
[2026-02-20 16:39:25] DEBUG:  	4	+disjointig_16	32741	33438	697	
[2026-02-20 16:39:25] DEBUG: *	-5	+disjointig_16	33438	34985	1547	
[2026-02-20 16:39:25] DEBUG:  	3	+disjointig_16	34985	36165	1180	
[2026-02-20 16:39:25] DEBUG: *	70	+disjointig_17	0	4145	4145	
[2026-02-20 16:39:25] DEBUG: *	164	+disjointig_18	13011	17470	4459	
[2026-02-20 16:39:25] DEBUG: *	71	+disjointig_19	0	10405	10405	
[2026-02-20 16:39:25] DEBUG: *	72	+disjointig_2	0	3358	3358	
[2026-02-20 16:39:25] DEBUG: *	73	+disjointig_20	0	15019	15019	
[2026-02-20 16:39:25] DEBUG: *	74	+disjointig_21	0	20260	20260	
[2026-02-20 16:39:25] DEBUG: *	75	+disjointig_22	0	7060	7060	
[2026-02-20 16:39:25] DEBUG:  	168	+disjointig_23	5372	20169	14797	
[2026-02-20 16:39:25] DEBUG: *	78	+disjointig_24	0	4271	4271	
[2026-02-20 16:39:25] DEBUG: *	79	+disjointig_25	0	11740	11740	
[2026-02-20 16:39:25] DEBUG: *	80	+disjointig_26	0	24515	24515	
[2026-02-20 16:39:25] DEBUG: *	81	+disjointig_27	0	27758	27758	
[2026-02-20 16:39:25] DEBUG: *	82	+disjointig_28	0	10331	10331	
[2026-02-20 16:39:25] DEBUG: *	83	+disjointig_29	0	8745	8745	
[2026-02-20 16:39:25] DEBUG: *	84	+disjointig_3	0	6886	6886	
[2026-02-20 16:39:25] DEBUG: *	85	+disjointig_30	0	17401	17401	
[2026-02-20 16:39:25] DEBUG:  	-16	+disjointig_30	17401	20650	3249	
[2026-02-20 16:39:25] DEBUG:  	-12	+disjointig_30	20650	26219	5569	
[2026-02-20 16:39:25] DEBUG: *	13	+disjointig_30	26219	33087	6868	
[2026-02-20 16:39:25] DEBUG: *	87	+disjointig_31	0	3626	3626	
[2026-02-20 16:39:25] DEBUG: *	88	+disjointig_32	0	6605	6605	
[2026-02-20 16:39:25] DEBUG: *	89	+disjointig_33	0	31937	31937	
[2026-02-20 16:39:25] DEBUG: *	90	+disjointig_34	0	29431	29431	
[2026-02-20 16:39:25] DEBUG:  	91	+disjointig_34	29431	30615	1184	
[2026-02-20 16:39:25] DEBUG: *	93	+disjointig_34	30615	32970	2355	
[2026-02-20 16:39:25] DEBUG: *	95	+disjointig_35	0	19429	19429	
[2026-02-20 16:39:25] DEBUG: *	96	+disjointig_36	0	6049	6049	
[2026-02-20 16:39:25] DEBUG: *	97	+disjointig_37	0	12765	12765	
[2026-02-20 16:39:25] DEBUG: *	98	+disjointig_38	0	21216	21216	
[2026-02-20 16:39:25] DEBUG: *	99	+disjointig_39	0	2252	2252	
[2026-02-20 16:39:25] DEBUG: *	100	+disjointig_4	0	12133	12133	
[2026-02-20 16:39:25] DEBUG: *	101	+disjointig_40	0	12361	12361	
[2026-02-20 16:39:25] DEBUG: *	102	+disjointig_41	0	15410	15410	
[2026-02-20 16:39:25] DEBUG: *	103	+disjointig_42	0	3772	3772	
[2026-02-20 16:39:25] DEBUG: *	104	+disjointig_43	0	8984	8984	
[2026-02-20 16:39:25] DEBUG: *	105	+disjointig_44	0	4860	4860	
[2026-02-20 16:39:25] DEBUG: *	106	+disjointig_45	0	5113	5113	
[2026-02-20 16:39:25] DEBUG: *	107	+disjointig_46	0	10330	10330	
[2026-02-20 16:39:25] DEBUG: *	108	+disjointig_47	0	3265	3265	
[2026-02-20 16:39:25] DEBUG: *	109	+disjointig_48	0	5083	5083	
[2026-02-20 16:39:25] DEBUG: *	110	+disjointig_49	0	21770	21770	
[2026-02-20 16:39:25] DEBUG: *	111	+disjointig_5	0	37791	37791	
[2026-02-20 16:39:25] DEBUG: *	112	+disjointig_50	0	32884	32884	
[2026-02-20 16:39:25] DEBUG: *	113	+disjointig_52	0	20893	20893	
[2026-02-20 16:39:25] DEBUG: *	114	+disjointig_53	0	7430	7430	
[2026-02-20 16:39:25] DEBUG: *	169	+disjointig_54	0	10168	10168	
[2026-02-20 16:39:25] DEBUG: *	117	+disjointig_54	10168	13602	3434	
[2026-02-20 16:39:25] DEBUG: *	119	+disjointig_55	0	23236	23236	
[2026-02-20 16:39:25] DEBUG: *	120	+disjointig_56	0	8045	8045	
[2026-02-20 16:39:25] DEBUG: *	166	+disjointig_57	14566	19653	5087	
[2026-02-20 16:39:25] DEBUG: *	-14	+disjointig_58	0	20981	20981	
[2026-02-20 16:39:25] DEBUG:  	12	+disjointig_58	20981	26441	5460	
[2026-02-20 16:39:25] DEBUG: *	15	+disjointig_58	26441	27578	1137	
[2026-02-20 16:39:25] DEBUG:  	16	+disjointig_58	27578	30852	3274	
[2026-02-20 16:39:25] DEBUG: *	86	+disjointig_58	30852	33197	2345	
[2026-02-20 16:39:25] DEBUG: *	121	+disjointig_59	0	4984	4984	
[2026-02-20 16:39:25] DEBUG: *	122	+disjointig_6	0	4796	4796	
[2026-02-20 16:39:25] DEBUG: *	123	+disjointig_60	0	12963	12963	
[2026-02-20 16:39:25] DEBUG: *	124	+disjointig_61	0	27418	27418	
[2026-02-20 16:39:25] DEBUG: *	125	+disjointig_62	0	8797	8797	
[2026-02-20 16:39:25] DEBUG: *	126	+disjointig_63	0	8068	8068	
[2026-02-20 16:39:25] DEBUG: *	127	+disjointig_64	0	8161	8161	
[2026-02-20 16:39:25] DEBUG: *	128	+disjointig_65	0	8859	8859	
[2026-02-20 16:39:25] DEBUG: *	129	+disjointig_66	0	27601	27601	
[2026-02-20 16:39:25] DEBUG: *	130	+disjointig_67	0	7895	7895	
[2026-02-20 16:39:25] DEBUG: *	131	+disjointig_68	0	27978	27978	
[2026-02-20 16:39:25] DEBUG: *	132	+disjointig_69	0	2893	2893	
[2026-02-20 16:39:25] DEBUG: *	133	+disjointig_7	0	18901	18901	
[2026-02-20 16:39:25] DEBUG: *	134	+disjointig_70	0	26333	26333	
[2026-02-20 16:39:25] DEBUG: *	135	+disjointig_71	0	2960	2960	
[2026-02-20 16:39:25] DEBUG: *	136	+disjointig_72	0	22270	22270	
[2026-02-20 16:39:25] DEBUG: *	137	+disjointig_73	0	6886	6886	
[2026-02-20 16:39:25] DEBUG: *	138	+disjointig_74	0	2388	2388	
[2026-02-20 16:39:25] DEBUG: *	139	+disjointig_75	0	4019	4019	
[2026-02-20 16:39:25] DEBUG: *	140	+disjointig_76	0	13962	13962	
[2026-02-20 16:39:25] DEBUG: *	141	+disjointig_77	0	8415	8415	
[2026-02-20 16:39:25] DEBUG: *	-167	+disjointig_78	0	16052	16052	
[2026-02-20 16:39:25] DEBUG: *	54	+disjointig_78	16052	17660	1608	
[2026-02-20 16:39:25] DEBUG: *	142	+disjointig_79	0	7739	7739	
[2026-02-20 16:39:25] DEBUG: *	143	+disjointig_8	0	3918	3918	
[2026-02-20 16:39:25] DEBUG: *	144	+disjointig_80	0	4958	4958	
[2026-02-20 16:39:25] DEBUG: *	145	+disjointig_81	0	5757	5757	
[2026-02-20 16:39:25] DEBUG: *	146	+disjointig_82	0	20533	20533	
[2026-02-20 16:39:25] DEBUG: *	147	+disjointig_83	0	13301	13301	
[2026-02-20 16:39:25] DEBUG: *	148	+disjointig_84	0	21889	21889	
[2026-02-20 16:39:25] DEBUG: *	149	+disjointig_85	0	8407	8407	
[2026-02-20 16:39:25] DEBUG: *	150	+disjointig_86	0	8731	8731	
[2026-02-20 16:39:25] DEBUG: *	151	+disjointig_87	0	15644	15644	
[2026-02-20 16:39:25] DEBUG: *	-92	+disjointig_88	0	15650	15650	
[2026-02-20 16:39:25] DEBUG:  	91	+disjointig_88	15650	16832	1182	
[2026-02-20 16:39:25] DEBUG: *	94	+disjointig_88	16832	25254	8422	
[2026-02-20 16:39:25] DEBUG: *	152	+disjointig_89	0	41706	41706	
[2026-02-20 16:39:25] DEBUG: *	153	+disjointig_90	0	8896	8896	
[2026-02-20 16:39:25] DEBUG: *	-118	+disjointig_91	0	25157	25157	
[2026-02-20 16:39:25] DEBUG: *	154	+disjointig_92	0	11255	11255	
[2026-02-20 16:39:25] DEBUG: *	155	+disjointig_93	0	15213	15213	
[2026-02-20 16:39:25] DEBUG: *	156	+disjointig_94	0	8422	8422	
[2026-02-20 16:39:25] DEBUG: *	157	+disjointig_95	0	18715	18715	
[2026-02-20 16:39:25] DEBUG: *	158	+disjointig_96	0	23051	23051	
[2026-02-20 16:39:25] DEBUG: *	159	+disjointig_97	0	2457	2457	
[2026-02-20 16:39:25] DEBUG: *	160	+disjointig_98	0	6542	6542	
[2026-02-20 16:39:25] DEBUG: *	161	+disjointig_99	0	7728	7728	
[2026-02-20 16:39:25] DEBUG: Total edges: 169
[2026-02-20 16:39:25] INFO: Parsing reads
[2026-02-20 16:39:25] DEBUG: Building positional index
[2026-02-20 16:39:25] DEBUG: Total sequence: 8673362 bp
[2026-02-20 16:39:25] DEBUG: Building positional index
[2026-02-20 16:39:25] DEBUG: Total sequence: 1970764 bp
[2026-02-20 16:39:25] INFO: Aligning reads to the graph
[2026-02-20 16:39:25] DEBUG: Mean k-mer frequency: 1.02703
[2026-02-20 16:39:25] DEBUG: Repetitive k-mer frequency: 102
[2026-02-20 16:39:25] DEBUG: Filtered 639 repetitive k-mers (0.0017898)
[2026-02-20 16:39:25] DEBUG: Sorting k-mer index
[2026-02-20 16:39:25] DEBUG: Selected k-mers: 347623
[2026-02-20 16:39:25] DEBUG: K-mer index size: 356385
[2026-02-20 16:39:25] DEBUG: Mean k-mer frequency: 1.02521
[2026-02-20 16:39:25] DEBUG: Minimizer rate: 5.52987
[2026-02-20 16:40:05] DEBUG: Total reads : 1377
[2026-02-20 16:40:05] DEBUG: Read with aligned parts : 610
[2026-02-20 16:40:05] DEBUG: Aligned in one piece : 597
[2026-02-20 16:40:05] INFO: Aligned read sequence: 3976882 / 7844002 (0.506997)
[2026-02-20 16:40:05] INFO: Median overlap divergence: 0.00268722
[2026-02-20 16:40:05] DEBUG: Sequence divergence distribution: 

    |*                   |                                                                               
    |*                   |                                                                               
    |*                   |                                                                               
    |*                   |                                                                               
    |*                   |                                                                               
    |*                   |                                                                               
    |*                   |                                                                               
    |*                   |                                                                               
    |*                   |                                                                               
    |*                   |                                                                               
    |*                   |                                                                               
    |*                   |                                                                               
    |*                   |                                                                               
    |*                   |                                                                               
    |*                   |                                                                               
    |**                  |                                                                               
    |**                  |                                                                               
    |**                  |                                                                               
    |***                 |                                                                               
    |******** **   *     |    *           * *  *****       *                        *                    
    ----------------------------------------------------------------------------------------------------
    0%        5%        10%       15%       20%       25%       30%       35%       40%       45%       

    Q25 = 0.0013, Q50 = 0.0027, Q75 = 0.0057

[2026-02-20 16:40:05] INFO: Mean edge coverage: 2
[2026-02-20 16:40:05] DEBUG: 1	len:6477	cov:1	mult:0.5
[2026-02-20 16:40:05] DEBUG: -1	len:6477	cov:1	mult:0.5
[2026-02-20 16:40:05] DEBUG: 2	len:3566	cov:2	mult:1
[2026-02-20 16:40:05] DEBUG: -2	len:3566	cov:2	mult:1
[2026-02-20 16:40:05] DEBUG: 3	len:1100	cov:22	mult:11
[2026-02-20 16:40:05] DEBUG: -3	len:1100	cov:22	mult:11
[2026-02-20 16:40:05] DEBUG: 4	len:697	cov:7	mult:3.5
[2026-02-20 16:40:05] DEBUG: -4	len:697	cov:7	mult:3.5
[2026-02-20 16:40:05] DEBUG: 5	len:1547	cov:0	mult:0
[2026-02-20 16:40:05] DEBUG: -5	len:1547	cov:0	mult:0
[2026-02-20 16:40:05] DEBUG: 6	len:3870	cov:8	mult:4
[2026-02-20 16:40:05] DEBUG: -6	len:3870	cov:8	mult:4
[2026-02-20 16:40:05] DEBUG: 7	len:18775	cov:3	mult:1.5
[2026-02-20 16:40:05] DEBUG: -7	len:18775	cov:3	mult:1.5
[2026-02-20 16:40:05] DEBUG: 8	len:21266	cov:5	mult:2.5
[2026-02-20 16:40:05] DEBUG: -8	len:21266	cov:5	mult:2.5
[2026-02-20 16:40:05] DEBUG: 11	len:13557	cov:3	mult:1.5
[2026-02-20 16:40:05] DEBUG: -11	len:13557	cov:3	mult:1.5
[2026-02-20 16:40:05] DEBUG: 12	len:5533	cov:9	mult:4.5
[2026-02-20 16:40:05] DEBUG: -12	len:5533	cov:9	mult:4.5
[2026-02-20 16:40:05] DEBUG: 13	len:6868	cov:1	mult:0.5
[2026-02-20 16:40:05] DEBUG: -13	len:6868	cov:1	mult:0.5
[2026-02-20 16:40:05] DEBUG: 14	len:20981	cov:4	mult:2
[2026-02-20 16:40:05] DEBUG: -14	len:20981	cov:4	mult:2
[2026-02-20 16:40:05] DEBUG: 15	len:1137	cov:4	mult:2
[2026-02-20 16:40:05] DEBUG: -15	len:1137	cov:4	mult:2
[2026-02-20 16:40:05] DEBUG: 16	len:3261	cov:5	mult:2.5
[2026-02-20 16:40:05] DEBUG: -16	len:3261	cov:5	mult:2.5
[2026-02-20 16:40:05] DEBUG: 17	len:6615	cov:1	mult:0.5
[2026-02-20 16:40:05] DEBUG: -17	len:6615	cov:1	mult:0.5
[2026-02-20 16:40:05] DEBUG: 18	len:34118	cov:1	mult:0.5
[2026-02-20 16:40:05] DEBUG: -18	len:34118	cov:1	mult:0.5
[2026-02-20 16:40:05] DEBUG: 19	len:12232	cov:2	mult:1
[2026-02-20 16:40:05] DEBUG: -19	len:12232	cov:2	mult:1
[2026-02-20 16:40:05] DEBUG: 20	len:4411	cov:2	mult:1
[2026-02-20 16:40:05] DEBUG: -20	len:4411	cov:2	mult:1
[2026-02-20 16:40:05] DEBUG: 21	len:7397	cov:2	mult:1
[2026-02-20 16:40:05] DEBUG: -21	len:7397	cov:2	mult:1
[2026-02-20 16:40:05] DEBUG: 22	len:6201	cov:2	mult:1
[2026-02-20 16:40:05] DEBUG: -22	len:6201	cov:2	mult:1
[2026-02-20 16:40:05] DEBUG: 23	len:6634	cov:1	mult:0.5
[2026-02-20 16:40:05] DEBUG: -23	len:6634	cov:1	mult:0.5
[2026-02-20 16:40:05] DEBUG: 24	len:7793	cov:1	mult:0.5
[2026-02-20 16:40:05] DEBUG: -24	len:7793	cov:1	mult:0.5
[2026-02-20 16:40:05] DEBUG: 25	len:11930	cov:2	mult:1
[2026-02-20 16:40:05] DEBUG: -25	len:11930	cov:2	mult:1
[2026-02-20 16:40:05] DEBUG: 26	len:37022	cov:2	mult:1
[2026-02-20 16:40:05] DEBUG: -26	len:37022	cov:2	mult:1
[2026-02-20 16:40:05] DEBUG: 27	len:4361	cov:1	mult:0.5
[2026-02-20 16:40:05] DEBUG: -27	len:4361	cov:1	mult:0.5
[2026-02-20 16:40:05] DEBUG: 28	len:4269	cov:2	mult:1
[2026-02-20 16:40:05] DEBUG: -28	len:4269	cov:2	mult:1
[2026-02-20 16:40:05] DEBUG: 29	len:10273	cov:1	mult:0.5
[2026-02-20 16:40:05] DEBUG: -29	len:10273	cov:1	mult:0.5
[2026-02-20 16:40:05] DEBUG: 30	len:16942	cov:2	mult:1
[2026-02-20 16:40:05] DEBUG: -30	len:16942	cov:2	mult:1
[2026-02-20 16:40:05] DEBUG: 31	len:16562	cov:2	mult:1
[2026-02-20 16:40:05] DEBUG: -31	len:16562	cov:2	mult:1
[2026-02-20 16:40:05] DEBUG: 35	len:2346	cov:2	mult:1
[2026-02-20 16:40:05] DEBUG: -35	len:2346	cov:2	mult:1
[2026-02-20 16:40:05] DEBUG: 36	len:6405	cov:2	mult:1
[2026-02-20 16:40:05] DEBUG: -36	len:6405	cov:2	mult:1
[2026-02-20 16:40:05] DEBUG: 37	len:3021	cov:2	mult:1
[2026-02-20 16:40:05] DEBUG: -37	len:3021	cov:2	mult:1
[2026-02-20 16:40:05] DEBUG: 38	len:3992	cov:2	mult:1
[2026-02-20 16:40:05] DEBUG: -38	len:3992	cov:2	mult:1
[2026-02-20 16:40:05] DEBUG: 39	len:55869	cov:4	mult:2
[2026-02-20 16:40:05] DEBUG: -39	len:55869	cov:4	mult:2
[2026-02-20 16:40:05] DEBUG: 40	len:10460	cov:1	mult:0.5
[2026-02-20 16:40:05] DEBUG: -40	len:10460	cov:1	mult:0.5
[2026-02-20 16:40:05] DEBUG: 44	len:7877	cov:2	mult:1
[2026-02-20 16:40:05] DEBUG: -44	len:7877	cov:2	mult:1
[2026-02-20 16:40:05] DEBUG: 45	len:2142	cov:3	mult:1.5
[2026-02-20 16:40:05] DEBUG: -45	len:2142	cov:3	mult:1.5
[2026-02-20 16:40:05] DEBUG: 46	len:4212	cov:1	mult:0.5
[2026-02-20 16:40:05] DEBUG: -46	len:4212	cov:1	mult:0.5
[2026-02-20 16:40:05] DEBUG: 47	len:11707	cov:1	mult:0.5
[2026-02-20 16:40:05] DEBUG: -47	len:11707	cov:1	mult:0.5
[2026-02-20 16:40:05] DEBUG: 48	len:14585	cov:2	mult:1
[2026-02-20 16:40:05] DEBUG: -48	len:14585	cov:2	mult:1
[2026-02-20 16:40:05] DEBUG: 49	len:21759	cov:1	mult:0.5
[2026-02-20 16:40:05] DEBUG: -49	len:21759	cov:1	mult:0.5
[2026-02-20 16:40:05] DEBUG: 50	len:7585	cov:2	mult:1
[2026-02-20 16:40:05] DEBUG: -50	len:7585	cov:2	mult:1
[2026-02-20 16:40:05] DEBUG: 51	len:11351	cov:1	mult:0.5
[2026-02-20 16:40:05] DEBUG: -51	len:11351	cov:1	mult:0.5
[2026-02-20 16:40:05] DEBUG: 52	len:9397	cov:1	mult:0.5
[2026-02-20 16:40:05] DEBUG: -52	len:9397	cov:1	mult:0.5
[2026-02-20 16:40:05] DEBUG: 54	len:1608	cov:1	mult:0.5
[2026-02-20 16:40:05] DEBUG: -54	len:1608	cov:1	mult:0.5
[2026-02-20 16:40:05] DEBUG: 56	len:22409	cov:1	mult:0.5
[2026-02-20 16:40:05] DEBUG: -56	len:22409	cov:1	mult:0.5
[2026-02-20 16:40:05] DEBUG: 57	len:18651	cov:1	mult:0.5
[2026-02-20 16:40:05] DEBUG: -57	len:18651	cov:1	mult:0.5
[2026-02-20 16:40:05] DEBUG: 58	len:6579	cov:1	mult:0.5
[2026-02-20 16:40:05] DEBUG: -58	len:6579	cov:1	mult:0.5
[2026-02-20 16:40:05] DEBUG: 59	len:20080	cov:1	mult:0.5
[2026-02-20 16:40:05] DEBUG: -59	len:20080	cov:1	mult:0.5
[2026-02-20 16:40:05] DEBUG: 60	len:12235	cov:1	mult:0.5
[2026-02-20 16:40:05] DEBUG: -60	len:12235	cov:1	mult:0.5
[2026-02-20 16:40:05] DEBUG: 61	len:2552	cov:1	mult:0.5
[2026-02-20 16:40:05] DEBUG: -61	len:2552	cov:1	mult:0.5
[2026-02-20 16:40:05] DEBUG: 62	len:29007	cov:1	mult:0.5
[2026-02-20 16:40:05] DEBUG: -62	len:29007	cov:1	mult:0.5
[2026-02-20 16:40:05] DEBUG: 63	len:6899	cov:1	mult:0.5
[2026-02-20 16:40:05] DEBUG: -63	len:6899	cov:1	mult:0.5
[2026-02-20 16:40:05] DEBUG: 64	len:13413	cov:2	mult:1
[2026-02-20 16:40:05] DEBUG: -64	len:13413	cov:2	mult:1
[2026-02-20 16:40:05] DEBUG: 65	len:19597	cov:2	mult:1
[2026-02-20 16:40:05] DEBUG: -65	len:19597	cov:2	mult:1
[2026-02-20 16:40:05] DEBUG: 66	len:20222	cov:2	mult:1
[2026-02-20 16:40:05] DEBUG: -66	len:20222	cov:2	mult:1
[2026-02-20 16:40:05] DEBUG: 67	len:38953	cov:1	mult:0.5
[2026-02-20 16:40:05] DEBUG: -67	len:38953	cov:1	mult:0.5
[2026-02-20 16:40:05] DEBUG: 68	len:14786	cov:2	mult:1
[2026-02-20 16:40:05] DEBUG: -68	len:14786	cov:2	mult:1
[2026-02-20 16:40:05] DEBUG: 69	len:9924	cov:4	mult:2
[2026-02-20 16:40:05] DEBUG: -69	len:9924	cov:4	mult:2
[2026-02-20 16:40:05] DEBUG: 70	len:4145	cov:2	mult:1
[2026-02-20 16:40:05] DEBUG: -70	len:4145	cov:2	mult:1
[2026-02-20 16:40:05] DEBUG: 71	len:10405	cov:3	mult:1.5
[2026-02-20 16:40:05] DEBUG: -71	len:10405	cov:3	mult:1.5
[2026-02-20 16:40:05] DEBUG: 72	len:3358	cov:2	mult:1
[2026-02-20 16:40:05] DEBUG: -72	len:3358	cov:2	mult:1
[2026-02-20 16:40:05] DEBUG: 73	len:15019	cov:2	mult:1
[2026-02-20 16:40:05] DEBUG: -73	len:15019	cov:2	mult:1
[2026-02-20 16:40:05] DEBUG: 74	len:20260	cov:1	mult:0.5
[2026-02-20 16:40:05] DEBUG: -74	len:20260	cov:1	mult:0.5
[2026-02-20 16:40:05] DEBUG: 75	len:7060	cov:3	mult:1.5
[2026-02-20 16:40:05] DEBUG: -75	len:7060	cov:3	mult:1.5
[2026-02-20 16:40:05] DEBUG: 78	len:4271	cov:2	mult:1
[2026-02-20 16:40:05] DEBUG: -78	len:4271	cov:2	mult:1
[2026-02-20 16:40:05] DEBUG: 79	len:11740	cov:2	mult:1
[2026-02-20 16:40:05] DEBUG: -79	len:11740	cov:2	mult:1
[2026-02-20 16:40:05] DEBUG: 80	len:24515	cov:2	mult:1
[2026-02-20 16:40:05] DEBUG: -80	len:24515	cov:2	mult:1
[2026-02-20 16:40:05] DEBUG: 81	len:27758	cov:1	mult:0.5
[2026-02-20 16:40:05] DEBUG: -81	len:27758	cov:1	mult:0.5
[2026-02-20 16:40:05] DEBUG: 82	len:10331	cov:2	mult:1
[2026-02-20 16:40:05] DEBUG: -82	len:10331	cov:2	mult:1
[2026-02-20 16:40:05] DEBUG: 83	len:8745	cov:2	mult:1
[2026-02-20 16:40:05] DEBUG: -83	len:8745	cov:2	mult:1
[2026-02-20 16:40:05] DEBUG: 84	len:6886	cov:1	mult:0.5
[2026-02-20 16:40:05] DEBUG: -84	len:6886	cov:1	mult:0.5
[2026-02-20 16:40:05] DEBUG: 85	len:17401	cov:2	mult:1
[2026-02-20 16:40:05] DEBUG: -85	len:17401	cov:2	mult:1
[2026-02-20 16:40:05] DEBUG: 86	len:2345	cov:2	mult:1
[2026-02-20 16:40:05] DEBUG: -86	len:2345	cov:2	mult:1
[2026-02-20 16:40:05] DEBUG: 87	len:3626	cov:2	mult:1
[2026-02-20 16:40:05] DEBUG: -87	len:3626	cov:2	mult:1
[2026-02-20 16:40:05] DEBUG: 88	len:6605	cov:3	mult:1.5
[2026-02-20 16:40:05] DEBUG: -88	len:6605	cov:3	mult:1.5
[2026-02-20 16:40:05] DEBUG: 89	len:31937	cov:2	mult:1
[2026-02-20 16:40:05] DEBUG: -89	len:31937	cov:2	mult:1
[2026-02-20 16:40:05] DEBUG: 90	len:29431	cov:1	mult:0.5
[2026-02-20 16:40:05] DEBUG: -90	len:29431	cov:1	mult:0.5
[2026-02-20 16:40:05] DEBUG: 91	len:1183	cov:4	mult:2
[2026-02-20 16:40:05] DEBUG: -91	len:1183	cov:4	mult:2
[2026-02-20 16:40:05] DEBUG: 92	len:15650	cov:2	mult:1
[2026-02-20 16:40:05] DEBUG: -92	len:15650	cov:2	mult:1
[2026-02-20 16:40:05] DEBUG: 93	len:2355	cov:2	mult:1
[2026-02-20 16:40:05] DEBUG: -93	len:2355	cov:2	mult:1
[2026-02-20 16:40:05] DEBUG: 94	len:8422	cov:2	mult:1
[2026-02-20 16:40:05] DEBUG: -94	len:8422	cov:2	mult:1
[2026-02-20 16:40:05] DEBUG: 95	len:19429	cov:2	mult:1
[2026-02-20 16:40:05] DEBUG: -95	len:19429	cov:2	mult:1
[2026-02-20 16:40:05] DEBUG: 96	len:6049	cov:1	mult:0.5
[2026-02-20 16:40:05] DEBUG: -96	len:6049	cov:1	mult:0.5
[2026-02-20 16:40:05] DEBUG: 97	len:12765	cov:2	mult:1
[2026-02-20 16:40:05] DEBUG: -97	len:12765	cov:2	mult:1
[2026-02-20 16:40:05] DEBUG: 98	len:21216	cov:2	mult:1
[2026-02-20 16:40:05] DEBUG: -98	len:21216	cov:2	mult:1
[2026-02-20 16:40:05] DEBUG: 99	len:2252	cov:2	mult:1
[2026-02-20 16:40:05] DEBUG: -99	len:2252	cov:2	mult:1
[2026-02-20 16:40:05] DEBUG: 100	len:12133	cov:1	mult:0.5
[2026-02-20 16:40:05] DEBUG: -100	len:12133	cov:1	mult:0.5
[2026-02-20 16:40:05] DEBUG: 101	len:12361	cov:2	mult:1
[2026-02-20 16:40:05] DEBUG: -101	len:12361	cov:2	mult:1
[2026-02-20 16:40:05] DEBUG: 102	len:15410	cov:1	mult:0.5
[2026-02-20 16:40:05] DEBUG: -102	len:15410	cov:1	mult:0.5
[2026-02-20 16:40:05] DEBUG: 103	len:3772	cov:2	mult:1
[2026-02-20 16:40:05] DEBUG: -103	len:3772	cov:2	mult:1
[2026-02-20 16:40:05] DEBUG: 104	len:8984	cov:2	mult:1
[2026-02-20 16:40:05] DEBUG: -104	len:8984	cov:2	mult:1
[2026-02-20 16:40:05] DEBUG: 105	len:4860	cov:2	mult:1
[2026-02-20 16:40:05] DEBUG: -105	len:4860	cov:2	mult:1
[2026-02-20 16:40:05] DEBUG: 106	len:5113	cov:2	mult:1
[2026-02-20 16:40:05] DEBUG: -106	len:5113	cov:2	mult:1
[2026-02-20 16:40:05] DEBUG: 107	len:10330	cov:2	mult:1
[2026-02-20 16:40:05] DEBUG: -107	len:10330	cov:2	mult:1
[2026-02-20 16:40:05] DEBUG: 108	len:3265	cov:2	mult:1
[2026-02-20 16:40:05] DEBUG: -108	len:3265	cov:2	mult:1
[2026-02-20 16:40:05] DEBUG: 109	len:5083	cov:2	mult:1
[2026-02-20 16:40:05] DEBUG: -109	len:5083	cov:2	mult:1
[2026-02-20 16:40:05] DEBUG: 110	len:21770	cov:1	mult:0.5
[2026-02-20 16:40:05] DEBUG: -110	len:21770	cov:1	mult:0.5
[2026-02-20 16:40:05] DEBUG: 111	len:37791	cov:1	mult:0.5
[2026-02-20 16:40:05] DEBUG: -111	len:37791	cov:1	mult:0.5
[2026-02-20 16:40:05] DEBUG: 112	len:32884	cov:2	mult:1
[2026-02-20 16:40:05] DEBUG: -112	len:32884	cov:2	mult:1
[2026-02-20 16:40:05] DEBUG: 113	len:20893	cov:2	mult:1
[2026-02-20 16:40:05] DEBUG: -113	len:20893	cov:2	mult:1
[2026-02-20 16:40:05] DEBUG: 114	len:7430	cov:2	mult:1
[2026-02-20 16:40:05] DEBUG: -114	len:7430	cov:2	mult:1
[2026-02-20 16:40:05] DEBUG: 117	len:3434	cov:1	mult:0.5
[2026-02-20 16:40:05] DEBUG: -117	len:3434	cov:1	mult:0.5
[2026-02-20 16:40:05] DEBUG: 118	len:25157	cov:2	mult:1
[2026-02-20 16:40:05] DEBUG: -118	len:25157	cov:2	mult:1
[2026-02-20 16:40:05] DEBUG: 119	len:23236	cov:4	mult:2
[2026-02-20 16:40:05] DEBUG: -119	len:23236	cov:4	mult:2
[2026-02-20 16:40:05] DEBUG: 120	len:8045	cov:3	mult:1.5
[2026-02-20 16:40:05] DEBUG: -120	len:8045	cov:3	mult:1.5
[2026-02-20 16:40:05] DEBUG: 121	len:4984	cov:2	mult:1
[2026-02-20 16:40:05] DEBUG: -121	len:4984	cov:2	mult:1
[2026-02-20 16:40:05] DEBUG: 122	len:4796	cov:2	mult:1
[2026-02-20 16:40:05] DEBUG: -122	len:4796	cov:2	mult:1
[2026-02-20 16:40:05] DEBUG: 123	len:12963	cov:3	mult:1.5
[2026-02-20 16:40:05] DEBUG: -123	len:12963	cov:3	mult:1.5
[2026-02-20 16:40:05] DEBUG: 124	len:27418	cov:1	mult:0.5
[2026-02-20 16:40:05] DEBUG: -124	len:27418	cov:1	mult:0.5
[2026-02-20 16:40:05] DEBUG: 125	len:8797	cov:1	mult:0.5
[2026-02-20 16:40:05] DEBUG: -125	len:8797	cov:1	mult:0.5
[2026-02-20 16:40:05] DEBUG: 126	len:8068	cov:2	mult:1
[2026-02-20 16:40:05] DEBUG: -126	len:8068	cov:2	mult:1
[2026-02-20 16:40:05] DEBUG: 127	len:8161	cov:1	mult:0.5
[2026-02-20 16:40:05] DEBUG: -127	len:8161	cov:1	mult:0.5
[2026-02-20 16:40:05] DEBUG: 128	len:8859	cov:2	mult:1
[2026-02-20 16:40:05] DEBUG: -128	len:8859	cov:2	mult:1
[2026-02-20 16:40:05] DEBUG: 129	len:27601	cov:2	mult:1
[2026-02-20 16:40:05] DEBUG: -129	len:27601	cov:2	mult:1
[2026-02-20 16:40:05] DEBUG: 130	len:7895	cov:2	mult:1
[2026-02-20 16:40:05] DEBUG: -130	len:7895	cov:2	mult:1
[2026-02-20 16:40:05] DEBUG: 131	len:27978	cov:2	mult:1
[2026-02-20 16:40:05] DEBUG: -131	len:27978	cov:2	mult:1
[2026-02-20 16:40:05] DEBUG: 132	len:2893	cov:2	mult:1
[2026-02-20 16:40:05] DEBUG: -132	len:2893	cov:2	mult:1
[2026-02-20 16:40:05] DEBUG: 133	len:18901	cov:2	mult:1
[2026-02-20 16:40:05] DEBUG: -133	len:18901	cov:2	mult:1
[2026-02-20 16:40:05] DEBUG: 134	len:26333	cov:2	mult:1
[2026-02-20 16:40:05] DEBUG: -134	len:26333	cov:2	mult:1
[2026-02-20 16:40:05] DEBUG: 135	len:2960	cov:2	mult:1
[2026-02-20 16:40:05] DEBUG: -135	len:2960	cov:2	mult:1
[2026-02-20 16:40:05] DEBUG: 136	len:22270	cov:1	mult:0.5
[2026-02-20 16:40:05] DEBUG: -136	len:22270	cov:1	mult:0.5
[2026-02-20 16:40:05] DEBUG: 137	len:6886	cov:1	mult:0.5
[2026-02-20 16:40:05] DEBUG: -137	len:6886	cov:1	mult:0.5
[2026-02-20 16:40:05] DEBUG: 138	len:2388	cov:2	mult:1
[2026-02-20 16:40:05] DEBUG: -138	len:2388	cov:2	mult:1
[2026-02-20 16:40:05] DEBUG: 139	len:4019	cov:2	mult:1
[2026-02-20 16:40:05] DEBUG: -139	len:4019	cov:2	mult:1
[2026-02-20 16:40:05] DEBUG: 140	len:13962	cov:1	mult:0.5
[2026-02-20 16:40:05] DEBUG: -140	len:13962	cov:1	mult:0.5
[2026-02-20 16:40:05] DEBUG: 141	len:8415	cov:2	mult:1
[2026-02-20 16:40:05] DEBUG: -141	len:8415	cov:2	mult:1
[2026-02-20 16:40:05] DEBUG: 142	len:7739	cov:2	mult:1
[2026-02-20 16:40:05] DEBUG: -142	len:7739	cov:2	mult:1
[2026-02-20 16:40:05] DEBUG: 143	len:3918	cov:3	mult:1.5
[2026-02-20 16:40:05] DEBUG: -143	len:3918	cov:3	mult:1.5
[2026-02-20 16:40:05] DEBUG: 144	len:4958	cov:2	mult:1
[2026-02-20 16:40:05] DEBUG: -144	len:4958	cov:2	mult:1
[2026-02-20 16:40:05] DEBUG: 145	len:5757	cov:2	mult:1
[2026-02-20 16:40:05] DEBUG: -145	len:5757	cov:2	mult:1
[2026-02-20 16:40:05] DEBUG: 146	len:20533	cov:1	mult:0.5
[2026-02-20 16:40:05] DEBUG: -146	len:20533	cov:1	mult:0.5
[2026-02-20 16:40:05] DEBUG: 147	len:13301	cov:2	mult:1
[2026-02-20 16:40:05] DEBUG: -147	len:13301	cov:2	mult:1
[2026-02-20 16:40:05] DEBUG: 148	len:21889	cov:2	mult:1
[2026-02-20 16:40:05] DEBUG: -148	len:21889	cov:2	mult:1
[2026-02-20 16:40:05] DEBUG: 149	len:8407	cov:2	mult:1
[2026-02-20 16:40:05] DEBUG: -149	len:8407	cov:2	mult:1
[2026-02-20 16:40:05] DEBUG: 150	len:8731	cov:1	mult:0.5
[2026-02-20 16:40:05] DEBUG: -150	len:8731	cov:1	mult:0.5
[2026-02-20 16:40:05] DEBUG: 151	len:15644	cov:2	mult:1
[2026-02-20 16:40:05] DEBUG: -151	len:15644	cov:2	mult:1
[2026-02-20 16:40:05] DEBUG: 152	len:41706	cov:2	mult:1
[2026-02-20 16:40:05] DEBUG: -152	len:41706	cov:2	mult:1
[2026-02-20 16:40:05] DEBUG: 153	len:8896	cov:3	mult:1.5
[2026-02-20 16:40:05] DEBUG: -153	len:8896	cov:3	mult:1.5
[2026-02-20 16:40:05] DEBUG: 154	len:11255	cov:1	mult:0.5
[2026-02-20 16:40:05] DEBUG: -154	len:11255	cov:1	mult:0.5
[2026-02-20 16:40:05] DEBUG: 155	len:15213	cov:1	mult:0.5
[2026-02-20 16:40:05] DEBUG: -155	len:15213	cov:1	mult:0.5
[2026-02-20 16:40:05] DEBUG: 156	len:8422	cov:2	mult:1
[2026-02-20 16:40:05] DEBUG: -156	len:8422	cov:2	mult:1
[2026-02-20 16:40:05] DEBUG: 157	len:18715	cov:2	mult:1
[2026-02-20 16:40:05] DEBUG: -157	len:18715	cov:2	mult:1
[2026-02-20 16:40:05] DEBUG: 158	len:23051	cov:1	mult:0.5
[2026-02-20 16:40:05] DEBUG: -158	len:23051	cov:1	mult:0.5
[2026-02-20 16:40:05] DEBUG: 159	len:2457	cov:2	mult:1
[2026-02-20 16:40:05] DEBUG: -159	len:2457	cov:2	mult:1
[2026-02-20 16:40:05] DEBUG: 160	len:6542	cov:2	mult:1
[2026-02-20 16:40:05] DEBUG: -160	len:6542	cov:2	mult:1
[2026-02-20 16:40:05] DEBUG: 161	len:7728	cov:2	mult:1
[2026-02-20 16:40:05] DEBUG: -161	len:7728	cov:2	mult:1
[2026-02-20 16:40:05] DEBUG: 162	len:3763	cov:4	mult:2
[2026-02-20 16:40:05] DEBUG: -162	len:3763	cov:4	mult:2
[2026-02-20 16:40:05] DEBUG: 163	len:36592	cov:2	mult:1
[2026-02-20 16:40:05] DEBUG: -163	len:36592	cov:2	mult:1
[2026-02-20 16:40:05] DEBUG: 164	len:4459	cov:1	mult:0.5
[2026-02-20 16:40:05] DEBUG: -164	len:4459	cov:1	mult:0.5
[2026-02-20 16:40:05] DEBUG: 165	len:43555	cov:2	mult:1
[2026-02-20 16:40:05] DEBUG: -165	len:43555	cov:2	mult:1
[2026-02-20 16:40:05] DEBUG: 166	len:5087	cov:2	mult:1
[2026-02-20 16:40:05] DEBUG: -166	len:5087	cov:2	mult:1
[2026-02-20 16:40:05] DEBUG: 167	len:16052	cov:2	mult:1
[2026-02-20 16:40:05] DEBUG: -167	len:16052	cov:2	mult:1
[2026-02-20 16:40:05] DEBUG: 168	len:7398	cov:16	mult:8
[2026-02-20 16:40:05] DEBUG: -168	len:7398	cov:16	mult:8
[2026-02-20 16:40:05] DEBUG: 169	len:10168	cov:2	mult:1
[2026-02-20 16:40:05] DEBUG: -169	len:10168	cov:2	mult:1
[2026-02-20 16:40:05] DEBUG: Unique coverage threshold 3
[2026-02-20 16:40:05] INFO: Simplifying the graph
[2026-02-20 16:40:05] DEBUG: Read coverage cutoff: 3
[2026-02-20 16:40:05] DEBUG: [SIMPL] Removed 122 paths with low coverage
[2026-02-20 16:40:05] DEBUG: [SIMPL] Masked 0 heterozygous loops
[2026-02-20 16:40:05] DEBUG: [SIMPL] Masked 0 simple bubbles
[2026-02-20 16:40:05] DEBUG: [SIMPL] Masked 0 roundabouts
[2026-02-20 16:40:05] DEBUG: [SIMPL] Masked 0 superbubbles
[2026-02-20 16:40:05] DEBUG: Finding repeats
[2026-02-20 16:40:05] DEBUG: Read coverage cutoff: 3
[2026-02-20 16:40:05] DEBUG: Low-coverage: 2 2
[2026-02-20 16:40:05] DEBUG: Low-coverage: 5 0
[2026-02-20 16:40:05] DEBUG: Low-coverage: 16 -> -85 2
[2026-02-20 16:40:05] DEBUG: Low-coverage: 44 2
[2026-02-20 16:40:05] DEBUG: Low-coverage: 52 1
[2026-02-20 16:40:05] DEBUG: Low-coverage: 90 -> 91 1
[2026-02-20 16:40:05] DEBUG: Low-coverage: 169 2
[2026-02-20 16:40:05] DEBUG: Short-loop: 15
[2026-02-20 16:40:05] DEBUG: Short-loop: 45
[2026-02-20 16:40:05] DEBUG: Repeat detection iteration 1
[2026-02-20 16:40:05] DEBUG: Starting 3 aln:17
[2026-02-20 16:40:05] DEBUG: 	    T 8	num:2	flank:8586	span:1
[2026-02-20 16:40:05] DEBUG: 	      162	num:6	flank:3150	span:7
[2026-02-20 16:40:05] DEBUG: 	    T 7	num:2	flank:3162	span:12
[2026-02-20 16:40:05] DEBUG: Starting -3 aln:17
[2026-02-20 16:40:05] DEBUG: 	      6	num:6	flank:4337	span:-2
[2026-02-20 16:40:05] DEBUG: 	      4	num:7	flank:7696	span:1
[2026-02-20 16:40:05] DEBUG: Mult: 3	1100	22	 (1,1)
[2026-02-20 16:40:05] DEBUG: Starting -12 aln:9
[2026-02-20 16:40:05] DEBUG: 	    T 14	num:3	flank:5527	span:0
[2026-02-20 16:40:05] DEBUG: 	    T -11	num:2	flank:3880	span:8
[2026-02-20 16:40:05] DEBUG: Mult: 12	5533	9	 (1,0)
[2026-02-20 16:40:05] DEBUG: Repeat detection iteration 2
[2026-02-20 16:40:05] DEBUG: Writing Dot
[2026-02-20 16:40:05] DEBUG: Writing FASTA
[2026-02-20 16:40:05] DEBUG: Writing Gfa
[2026-02-20 16:40:05] DEBUG: 	Connection 2	7	1
[2026-02-20 16:40:05] DEBUG: 	Connection -4	8	2
[2026-02-20 16:40:05] DEBUG: 	Connection -6	162	4
[2026-02-20 16:40:05] DEBUG: [SIMPL] Resolved 3 simple repeats
[2026-02-20 16:40:05] DEBUG: [SIMPL] == Iteration 1 ==
[2026-02-20 16:40:05] DEBUG: Splitting nodes
[2026-02-20 16:40:05] DEBUG: [SIMPL] Split 1 nodes
[2026-02-20 16:40:05] DEBUG: [SIMPL] Disconnected 0 minor paths
[2026-02-20 16:40:05] DEBUG: Tip -11 len:13557 cov:3
[2026-02-20 16:40:05] DEBUG: Tip -44 len:7877 cov:2
[2026-02-20 16:40:05] DEBUG: [SIMPL] Clipped 2 short and 0 long tips
[2026-02-20 16:40:05] DEBUG: [SIMPL] Masked 0 heterozygous loops
[2026-02-20 16:40:05] DEBUG: [SIMPL] Masked 0 simple bubbles
[2026-02-20 16:40:05] DEBUG: [SIMPL] Masked 0 roundabouts
[2026-02-20 16:40:05] DEBUG: [SIMPL] Masked 0 superbubbles
[2026-02-20 16:40:05] DEBUG: Finding repeats
[2026-02-20 16:40:05] DEBUG: Read coverage cutoff: 3
[2026-02-20 16:40:05] DEBUG: Low-coverage: 2 -> 170 -> 7 2
[2026-02-20 16:40:05] DEBUG: Low-coverage: 44 2
[2026-02-20 16:40:05] DEBUG: Low-coverage: 52 1
[2026-02-20 16:40:05] DEBUG: Low-coverage: 90 -> 91 1
[2026-02-20 16:40:05] DEBUG: Low-coverage: 169 2
[2026-02-20 16:40:05] DEBUG: Short-loop: 45
[2026-02-20 16:40:05] DEBUG: Repeat detection iteration 1
[2026-02-20 16:40:05] DEBUG: Repeat detection iteration 2
[2026-02-20 16:40:05] DEBUG: Total unique edges: 25
[2026-02-20 16:40:05] DEBUG: 	Connection 4	-6	6	1
[2026-02-20 16:40:05] DEBUG: [SIMPL] Resolved repeats: 1
[2026-02-20 16:40:05] DEBUG: RR links: 12
[2026-02-20 16:40:05] DEBUG: Unresolved: 0
[2026-02-20 16:40:05] DEBUG: Removed 0 simple and 0 double chimeric junctions
[2026-02-20 16:40:05] DEBUG: [SIMPL] == Iteration 2 ==
[2026-02-20 16:40:05] DEBUG: Splitting nodes
[2026-02-20 16:40:05] DEBUG: [SIMPL] Split 0 nodes
[2026-02-20 16:40:05] DEBUG: [SIMPL] Disconnected 0 minor paths
[2026-02-20 16:40:05] DEBUG: [SIMPL] Clipped 0 short and 0 long tips
[2026-02-20 16:40:05] DEBUG: [SIMPL] Masked 0 heterozygous loops
[2026-02-20 16:40:05] DEBUG: [SIMPL] Masked 0 simple bubbles
[2026-02-20 16:40:05] DEBUG: [SIMPL] Masked 0 roundabouts
[2026-02-20 16:40:05] DEBUG: [SIMPL] Masked 0 superbubbles
[2026-02-20 16:40:05] DEBUG: Finding repeats
[2026-02-20 16:40:05] DEBUG: Read coverage cutoff: 3
[2026-02-20 16:40:05] DEBUG: Low-coverage: 2 -> 170 -> 7 2
[2026-02-20 16:40:05] DEBUG: Low-coverage: 44 2
[2026-02-20 16:40:05] DEBUG: Low-coverage: 52 1
[2026-02-20 16:40:05] DEBUG: Low-coverage: 90 -> 91 1
[2026-02-20 16:40:05] DEBUG: Low-coverage: 169 2
[2026-02-20 16:40:05] DEBUG: Short-loop: 45
[2026-02-20 16:40:05] DEBUG: Repeat detection iteration 1
[2026-02-20 16:40:05] DEBUG: Repeat detection iteration 2
[2026-02-20 16:40:05] DEBUG: Total unique edges: 25
[2026-02-20 16:40:05] DEBUG: [SIMPL] Resolved repeats: 0
[2026-02-20 16:40:05] DEBUG: RR links: 0
[2026-02-20 16:40:05] DEBUG: Unresolved: 0
[2026-02-20 16:40:05] DEBUG: Removed 0 simple and 0 double chimeric junctions
[2026-02-20 16:40:05] DEBUG: [SIMPL] Simplified 0 forks
[2026-02-20 16:40:05] DEBUG: [SIMPL] Collapsed 0 haplotypes
[2026-02-20 16:40:05] DEBUG: [SIMPL] Resolved 0 simple repeats
[2026-02-20 16:40:05] DEBUG: Read coverage cutoff: 3
[2026-02-20 16:40:05] DEBUG: [SIMPL] Removed 5 paths with low coverage
[2026-02-20 16:40:05] DEBUG: Finding repeats
[2026-02-20 16:40:05] DEBUG: Read coverage cutoff: 3
[2026-02-20 16:40:05] DEBUG: Short-loop: 45
[2026-02-20 16:40:05] DEBUG: Repeat detection iteration 1
[2026-02-20 16:40:05] DEBUG: Repeat detection iteration 2
[2026-02-20 16:40:05] DEBUG: Writing Dot
[2026-02-20 16:40:05] DEBUG: Writing FASTA
[2026-02-20 16:40:05] DEBUG: Peak RAM usage: 0 Gb
-----------End assembly log------------
[2026-02-20 16:40:05] root: INFO: >>>STAGE: contigger
[2026-02-20 16:40:05] root: INFO: Generating contigs
[2026-02-20 16:40:05] root: DEBUG: -----Begin contigger analyser log------
[2026-02-20 16:40:05] root: DEBUG: Running: flye-modules contigger --graph-edges /scratch/ky/characterization/results/barcode01/assembly/20-repeat/repeat_graph_edges.fasta --reads /scratch/ky/characterization/FASTQ/SQK-RBK114-96_barcode01.fastq --out-dir /scratch/ky/characterization/results/barcode01/assembly/30-contigger --config /data/softs/Miniforge3-25.11.0-0/envs/flye-2.9.6/lib/python3.12/site-packages/flye/config/bin_cfg/asm_nano_hq.cfg --repeat-graph /scratch/ky/characterization/results/barcode01/assembly/20-repeat/repeat_graph_dump --graph-aln /scratch/ky/characterization/results/barcode01/assembly/20-repeat/read_alignment_dump --log /scratch/ky/characterization/results/barcode01/assembly/flye.log --threads 16 --min-ovlp 1000
[2026-02-20 16:40:05] DEBUG: Build date: May  4 2025 23:18:25
[2026-02-20 16:40:05] DEBUG: Total RAM: 251 Gb
[2026-02-20 16:40:05] DEBUG: Available RAM: 248 Gb
[2026-02-20 16:40:05] DEBUG: Total CPUs: 32
[2026-02-20 16:40:05] DEBUG: Loading /data/softs/Miniforge3-25.11.0-0/envs/flye-2.9.6/lib/python3.12/site-packages/flye/config/bin_cfg/asm_nano_hq.cfg
[2026-02-20 16:40:05] DEBUG: Loading /data/softs/Miniforge3-25.11.0-0/envs/flye-2.9.6/lib/python3.12/site-packages/flye/config/bin_cfg/asm_defaults.cfg
[2026-02-20 16:40:05] DEBUG: 	big_genome_threshold=29000000
[2026-02-20 16:40:05] DEBUG: 	meta_read_filter_kmer_freq=100
[2026-02-20 16:40:05] DEBUG: 	chain_large_gap_penalty=2
[2026-02-20 16:40:05] DEBUG: 	chain_small_gap_penalty=0.5
[2026-02-20 16:40:05] DEBUG: 	chain_gap_jump_threshold=100
[2026-02-20 16:40:05] DEBUG: 	max_jump_gap=500
[2026-02-20 16:40:05] DEBUG: 	max_coverage_drop_rate=5
[2026-02-20 16:40:05] DEBUG: 	max_extensions_drop_rate=5
[2026-02-20 16:40:05] DEBUG: 	chimera_window=100
[2026-02-20 16:40:05] DEBUG: 	chimera_overhang=1000
[2026-02-20 16:40:05] DEBUG: 	min_reads_in_disjointig=4
[2026-02-20 16:40:05] DEBUG: 	max_inner_reads=10
[2026-02-20 16:40:05] DEBUG: 	max_inner_fraction=0.25
[2026-02-20 16:40:05] DEBUG: 	aggressive_dup_filter=1
[2026-02-20 16:40:05] DEBUG: 	max_separation=500
[2026-02-20 16:40:05] DEBUG: 	unique_edge_length=50000
[2026-02-20 16:40:05] DEBUG: 	min_repeat_res_support=0.51
[2026-02-20 16:40:05] DEBUG: 	out_paths_ratio=5
[2026-02-20 16:40:05] DEBUG: 	graph_cov_drop_rate=5
[2026-02-20 16:40:05] DEBUG: 	coverage_estimate_window=100
[2026-02-20 16:40:05] DEBUG: 	max_bubble_length=50000
[2026-02-20 16:40:05] DEBUG: 	loop_coverage_rate=1.5
[2026-02-20 16:40:05] DEBUG: 	repeat_edge_cov_mult=1.75
[2026-02-20 16:40:05] DEBUG: 	weak_detach_rate=5
[2026-02-20 16:40:05] DEBUG: 	tip_coverage_rate=2
[2026-02-20 16:40:05] DEBUG: 	tip_length_rate=2
[2026-02-20 16:40:05] DEBUG: 	output_gfa_before_rr=1
[2026-02-20 16:40:05] DEBUG: 	remove_alt_edges=0
[2026-02-20 16:40:05] DEBUG: 	low_cutoff_warning=0
[2026-02-20 16:40:05] DEBUG: 	kmer_size=17
[2026-02-20 16:40:05] DEBUG: 	use_minimizers=1
[2026-02-20 16:40:05] DEBUG: 	minimizer_window=10
[2026-02-20 16:40:05] DEBUG: 	reads_base_alignment=1
[2026-02-20 16:40:05] DEBUG: 	meta_read_top_kmer_rate=0.75
[2026-02-20 16:40:05] DEBUG: 	maximum_jump=1500
[2026-02-20 16:40:05] DEBUG: 	maximum_overhang=1500
[2026-02-20 16:40:05] DEBUG: 	repeat_kmer_rate=100
[2026-02-20 16:40:05] DEBUG: 	assemble_ovlp_divergence=0.03
[2026-02-20 16:40:05] DEBUG: 	assemble_divergence_relative=1
[2026-02-20 16:40:05] DEBUG: 	repeat_graph_ovlp_divergence=0.03
[2026-02-20 16:40:05] DEBUG: 	read_align_ovlp_divergence=0.10
[2026-02-20 16:40:05] DEBUG: 	hpc_scoring_on=1
[2026-02-20 16:40:05] DEBUG: 	add_unassembled_reads=0
[2026-02-20 16:40:05] DEBUG: 	extend_contigs_with_repeats=0
[2026-02-20 16:40:05] DEBUG: 	min_read_cov_cutoff=3
[2026-02-20 16:40:05] DEBUG: 	short_tip_length=20000
[2026-02-20 16:40:05] DEBUG: 	long_tip_length=100000
[2026-02-20 16:40:05] DEBUG: Running with k-mer size: 17
[2026-02-20 16:40:05] DEBUG: Selected minimum overlap 1000
[2026-02-20 16:40:05] INFO: Reading sequences
[2026-02-20 16:40:05] DEBUG: Building positional index
[2026-02-20 16:40:05] DEBUG: Total sequence: 8673362 bp
[2026-02-20 16:40:05] DEBUG: Flipped 0
[2026-02-20 16:40:05] DEBUG: UPath 1: -5 -> 3 -> -162 -> -172 -> 6 -> -4 -> 171 -> 8
[2026-02-20 16:40:05] DEBUG: UPath 2: 11
[2026-02-20 16:40:05] DEBUG: UPath 3: -14 -> 12 -> 15 -> 16 -> -85
[2026-02-20 16:40:05] DEBUG: UPath 4: 39
[2026-02-20 16:40:05] DEBUG: UPath 5: 45
[2026-02-20 16:40:05] DEBUG: UPath 6: 69
[2026-02-20 16:40:05] DEBUG: UPath 7: 71
[2026-02-20 16:40:05] DEBUG: UPath 8: 75
[2026-02-20 16:40:05] DEBUG: UPath 9: 88
[2026-02-20 16:40:05] DEBUG: UPath 10: 119
[2026-02-20 16:40:05] DEBUG: UPath 11: 120
[2026-02-20 16:40:05] DEBUG: UPath 12: 123
[2026-02-20 16:40:05] DEBUG: UPath 13: 143
[2026-02-20 16:40:05] DEBUG: UPath 14: 153
[2026-02-20 16:40:05] DEBUG: UPath 15: 168
[2026-02-20 16:40:05] DEBUG: Final graph contains 15 egdes
[2026-02-20 16:40:05] DEBUG: Extending contigs into repeats
[2026-02-20 16:40:05] DEBUG: Covered 0 repetitive contigs
[2026-02-20 16:40:05] INFO: Generated 15 contigs
[2026-02-20 16:40:05] DEBUG: Writing FASTA
[2026-02-20 16:40:05] DEBUG: Generating scaffold connections
[2026-02-20 16:40:05] INFO: Added 0 scaffold connections
[2026-02-20 16:40:05] DEBUG: Writing Dot
[2026-02-20 16:40:05] DEBUG: Writing FASTA
[2026-02-20 16:40:05] DEBUG: Writing Gfa
[2026-02-20 16:40:05] DEBUG: Peak RAM usage: 0 Gb
-----------End assembly log------------
[2026-02-20 16:40:05] root: INFO: >>>STAGE: polishing
[2026-02-20 16:40:05] root: INFO: Polishing genome (1/1)
[2026-02-20 16:40:05] root: INFO: Running minimap2
[2026-02-20 16:40:05] root: INFO: Separating alignment into bubbles
[2026-02-20 16:40:06] root: DEBUG: Generated 15938 bubbles
[2026-02-20 16:40:06] root: DEBUG: Split 8 long bubbles
[2026-02-20 16:40:06] root: DEBUG: Skipped 4 empty bubbles
[2026-02-20 16:40:06] root: DEBUG: Skipped 2 bubbles with long branches
[2026-02-20 16:40:06] root: INFO: Alignment error rate: 0.021990
[2026-02-20 16:40:06] root: INFO: Correcting bubbles
[2026-02-20 16:40:07] root: DEBUG: Mean contig coverage: 4, selected threshold: 3
[2026-02-20 16:40:07] root: DEBUG: Filtered 0 contigs of total length 0
[2026-02-20 16:40:07] root: DEBUG: Generating polished GFA
[2026-02-20 16:40:07] root: DEBUG: 0 sequences remained unpolished
[2026-02-20 16:40:07] root: INFO: >>>STAGE: finalize
[2026-02-20 16:40:07] root: DEBUG: ---Output dir contents:----
[2026-02-20 16:40:07] root: DEBUG: assembly/
[2026-02-20 16:40:07] root: DEBUG:     107.0 K     flye.log
[2026-02-20 16:40:07] root: DEBUG:     92.0 B      params.json
[2026-02-20 16:40:07] root: DEBUG:     4.0 K       assembly_graph.gv
[2026-02-20 16:40:07] root: DEBUG:     247.0 K     assembly_graph.gfa
[2026-02-20 16:40:07] root: DEBUG:     251.0 K     assembly.fasta
[2026-02-20 16:40:07] root: DEBUG:     00-assembly/
[2026-02-20 16:40:07] root: DEBUG:         1.0 M       draft_assembly.fasta
[2026-02-20 16:40:07] root: DEBUG:         4.0 K       draft_assembly.fasta.fai
[2026-02-20 16:40:07] root: DEBUG:     10-consensus/
[2026-02-20 16:40:07] root: DEBUG:         968.0 B     minimap.stderr
[2026-02-20 16:40:07] root: DEBUG:         1.0 K       minimap.bam.csi
[2026-02-20 16:40:07] root: DEBUG:         1.0 M       consensus.fasta
[2026-02-20 16:40:07] root: DEBUG:     20-repeat/
[2026-02-20 16:40:07] root: DEBUG:         7.0 K       graph_before_rr.gv
[2026-02-20 16:40:07] root: DEBUG:         327.0 K     graph_before_rr.fasta
[2026-02-20 16:40:07] root: DEBUG:         324.0 K     graph_before_rr.gfa
[2026-02-20 16:40:07] root: DEBUG:         5.0 K       graph_after_rr.gv
[2026-02-20 16:40:07] root: DEBUG:         6.0 K       repeat_graph_dump
[2026-02-20 16:40:07] root: DEBUG:         181.0 K     read_alignment_dump
[2026-02-20 16:40:07] root: DEBUG:         1.0 M       repeat_graph_edges.fasta
[2026-02-20 16:40:07] root: DEBUG:     30-contigger/
[2026-02-20 16:40:07] root: DEBUG:         249.0 K     contigs.fasta
[2026-02-20 16:40:07] root: DEBUG:         562.0 B     contigs_stats.txt
[2026-02-20 16:40:07] root: DEBUG:         0.0 B       scaffolds_links.txt
[2026-02-20 16:40:07] root: DEBUG:         4.0 K       graph_final.gv
[2026-02-20 16:40:07] root: DEBUG:         249.0 K     graph_final.fasta
[2026-02-20 16:40:07] root: DEBUG:         247.0 K     graph_final.gfa
[2026-02-20 16:40:07] root: DEBUG:         411.0 B     contigs.fasta.fai
[2026-02-20 16:40:07] root: DEBUG:     40-polishing/
[2026-02-20 16:40:07] root: DEBUG:         924.0 B     minimap.stderr
[2026-02-20 16:40:07] root: DEBUG:         364.0 B     minimap_1.bam.csi
[2026-02-20 16:40:07] root: DEBUG:         280.0 B     contigs_stats.txt
[2026-02-20 16:40:07] root: DEBUG:         75.0 K      base_coverage.bed.gz
[2026-02-20 16:40:07] root: DEBUG:         251.0 K     filtered_contigs.fasta
[2026-02-20 16:40:07] root: DEBUG:         280.0 B     filtered_stats.txt
[2026-02-20 16:40:07] root: DEBUG:         408.0 B     filtered_contigs.fasta.fai
[2026-02-20 16:40:07] root: DEBUG:         272.0 B     edges_aln.bam.csi
[2026-02-20 16:40:07] root: DEBUG:         247.0 K     polished_edges.gfa
[2026-02-20 16:40:07] root: DEBUG: --------------------------
[2026-02-20 16:40:07] root: INFO: Assembly statistics:

	Total length:	252898
	Fragments:	15
	Fragments N50:	34798
	Largest frg:	55983
	Scaffolds:	0
	Mean coverage:	4

[2026-02-20 16:40:07] root: INFO: Final assembly: /scratch/ky/characterization/results/barcode01/assembly/assembly.fasta
