##gff-version  3
# Sequence Data: seqnum=1;seqlen=26151;seqhdr="contig_36"
# Model Data: version=Prodigal.v2.6.3;run_type=Single;model="Ab initio";gc_cont=37.70;transl_table=11;uses_sd=1
contig_36	Prodigal_v2.6.3	CDS	54	560	55.0	+	0	ID=1_1;partial=00;start_type=GTG;rbs_motif=AGxAGG/AGGxGG;rbs_spacer=5-10bp;gc_cont=0.375;conf=100.00;score=55.01;cscore=46.78;sscore=8.23;rscore=9.68;uscore=2.16;tscore=-3.61;
contig_36	Prodigal_v2.6.3	CDS	557	1429	79.0	+	0	ID=1_2;partial=00;start_type=ATG;rbs_motif=None;rbs_spacer=None;gc_cont=0.357;conf=100.00;score=78.99;cscore=75.21;sscore=3.78;rscore=-9.56;uscore=-0.41;tscore=2.49;
contig_36	Prodigal_v2.6.3	CDS	1620	2093	82.6	-	0	ID=1_3;partial=00;start_type=ATG;rbs_motif=AGGAGG;rbs_spacer=5-10bp;gc_cont=0.403;conf=100.00;score=82.62;cscore=66.63;sscore=15.99;rscore=13.75;uscore=0.40;tscore=2.49;
contig_36	Prodigal_v2.6.3	CDS	2329	3471	162.0	+	0	ID=1_4;partial=00;start_type=ATG;rbs_motif=AGGAGG;rbs_spacer=5-10bp;gc_cont=0.388;conf=100.00;score=162.00;cscore=146.40;sscore=15.60;rscore=13.75;uscore=-0.64;tscore=2.49;
contig_36	Prodigal_v2.6.3	CDS	3725	4066	45.4	+	0	ID=1_5;partial=00;start_type=ATG;rbs_motif=GGAGG;rbs_spacer=5-10bp;gc_cont=0.404;conf=100.00;score=45.35;cscore=31.81;sscore=13.54;rscore=12.75;uscore=-1.04;tscore=2.49;
contig_36	Prodigal_v2.6.3	CDS	4118	4378	31.4	+	0	ID=1_6;partial=00;start_type=ATG;rbs_motif=AGGA/GGAG/GAGG;rbs_spacer=11-12bp;gc_cont=0.406;conf=99.93;score=31.43;cscore=24.73;sscore=6.70;rscore=3.18;uscore=0.32;tscore=2.49;
contig_36	Prodigal_v2.6.3	CDS	4419	5303	185.5	-	0	ID=1_7;partial=00;start_type=ATG;rbs_motif=GGAG/GAGG;rbs_spacer=5-10bp;gc_cont=0.389;conf=99.99;score=185.54;cscore=172.79;sscore=12.75;rscore=8.24;uscore=2.02;tscore=2.49;
contig_36	Prodigal_v2.6.3	CDS	5388	6242	123.9	-	0	ID=1_8;partial=00;start_type=ATG;rbs_motif=AGGAGG;rbs_spacer=5-10bp;gc_cont=0.381;conf=100.00;score=123.90;cscore=107.19;sscore=16.71;rscore=13.75;uscore=-0.78;tscore=2.49;
contig_36	Prodigal_v2.6.3	CDS	6235	6933	116.9	-	0	ID=1_9;partial=00;start_type=ATG;rbs_motif=GGA/GAG/AGG;rbs_spacer=3-4bp;gc_cont=0.401;conf=100.00;score=116.87;cscore=125.47;sscore=-8.60;rscore=-7.91;uscore=-3.18;tscore=2.49;
contig_36	Prodigal_v2.6.3	CDS	7043	7432	27.3	-	0	ID=1_10;partial=00;start_type=ATG;rbs_motif=AGGAG;rbs_spacer=5-10bp;gc_cont=0.369;conf=99.81;score=27.35;cscore=13.62;sscore=13.73;rscore=12.22;uscore=-0.98;tscore=2.49;
contig_36	Prodigal_v2.6.3	CDS	7580	8227	60.1	-	0	ID=1_11;partial=00;start_type=ATG;rbs_motif=AGGA;rbs_spacer=5-10bp;gc_cont=0.355;conf=100.00;score=60.15;cscore=53.63;sscore=6.52;rscore=4.23;uscore=0.46;tscore=2.49;
contig_36	Prodigal_v2.6.3	CDS	8497	9228	113.9	+	0	ID=1_12;partial=00;start_type=ATG;rbs_motif=GGAG/GAGG;rbs_spacer=5-10bp;gc_cont=0.385;conf=100.00;score=113.88;cscore=101.63;sscore=12.25;rscore=8.24;uscore=1.52;tscore=2.49;
contig_36	Prodigal_v2.6.3	CDS	9241	10356	192.4	+	0	ID=1_13;partial=00;start_type=ATG;rbs_motif=GGAGG;rbs_spacer=5-10bp;gc_cont=0.396;conf=99.99;score=192.44;cscore=175.35;sscore=17.10;rscore=12.75;uscore=0.71;tscore=2.49;
contig_36	Prodigal_v2.6.3	CDS	10353	11438	148.4	+	0	ID=1_14;partial=00;start_type=GTG;rbs_motif=AGxAGG/AGGxGG;rbs_spacer=5-10bp;gc_cont=0.409;conf=100.00;score=148.37;cscore=140.30;sscore=8.07;rscore=9.68;uscore=0.70;tscore=-3.61;
contig_36	Prodigal_v2.6.3	CDS	11454	12017	86.4	+	0	ID=1_15;partial=00;start_type=ATG;rbs_motif=AGGA;rbs_spacer=5-10bp;gc_cont=0.365;conf=100.00;score=86.44;cscore=78.58;sscore=7.86;rscore=4.23;uscore=0.04;tscore=2.49;
contig_36	Prodigal_v2.6.3	CDS	12060	13175	164.9	-	0	ID=1_16;partial=00;start_type=ATG;rbs_motif=AGxAGG/AGGxGG;rbs_spacer=5-10bp;gc_cont=0.409;conf=100.00;score=164.86;cscore=150.40;sscore=14.46;rscore=9.68;uscore=2.29;tscore=2.49;
contig_36	Prodigal_v2.6.3	CDS	13303	14652	198.3	-	0	ID=1_17;partial=00;start_type=GTG;rbs_motif=AGGA/GGAG/GAGG;rbs_spacer=11-12bp;gc_cont=0.387;conf=99.99;score=198.31;cscore=198.36;sscore=-0.06;rscore=3.18;uscore=-0.34;tscore=-3.61;
contig_36	Prodigal_v2.6.3	CDS	14704	16071	183.1	-	0	ID=1_18;partial=00;start_type=ATG;rbs_motif=AGxAGG/AGGxGG;rbs_spacer=5-10bp;gc_cont=0.395;conf=99.99;score=183.07;cscore=169.97;sscore=13.10;rscore=9.68;uscore=1.59;tscore=2.49;
contig_36	Prodigal_v2.6.3	CDS	16266	17156	97.8	-	0	ID=1_19;partial=00;start_type=ATG;rbs_motif=GGA/GAG/AGG;rbs_spacer=5-10bp;gc_cont=0.378;conf=100.00;score=97.79;cscore=91.28;sscore=6.51;rscore=-0.45;uscore=5.12;tscore=2.49;
contig_36	Prodigal_v2.6.3	CDS	17273	18457	155.5	+	0	ID=1_20;partial=00;start_type=ATG;rbs_motif=AGxAGG/AGGxGG;rbs_spacer=5-10bp;gc_cont=0.372;conf=100.00;score=155.54;cscore=141.94;sscore=13.60;rscore=9.68;uscore=1.44;tscore=2.49;
contig_36	Prodigal_v2.6.3	CDS	18643	19383	69.5	+	0	ID=1_21;partial=00;start_type=ATG;rbs_motif=GGA/GAG/AGG;rbs_spacer=5-10bp;gc_cont=0.379;conf=100.00;score=69.47;cscore=67.70;sscore=1.77;rscore=-0.45;uscore=0.38;tscore=2.49;
contig_36	Prodigal_v2.6.3	CDS	19397	19912	59.2	+	0	ID=1_22;partial=00;start_type=ATG;rbs_motif=AGGAG;rbs_spacer=5-10bp;gc_cont=0.391;conf=100.00;score=59.17;cscore=39.05;sscore=20.12;rscore=12.22;uscore=4.28;tscore=2.49;
contig_36	Prodigal_v2.6.3	CDS	19961	20446	76.8	-	0	ID=1_23;partial=00;start_type=TTG;rbs_motif=AGGAGG;rbs_spacer=5-10bp;gc_cont=0.370;conf=100.00;score=76.84;cscore=64.55;sscore=12.29;rscore=13.75;uscore=2.16;tscore=-4.70;
contig_36	Prodigal_v2.6.3	CDS	20465	21010	63.2	-	0	ID=1_24;partial=00;start_type=ATG;rbs_motif=GGAGG;rbs_spacer=5-10bp;gc_cont=0.396;conf=100.00;score=63.21;cscore=48.64;sscore=14.57;rscore=12.75;uscore=-0.02;tscore=2.49;
contig_36	Prodigal_v2.6.3	CDS	21095	21544	70.0	+	0	ID=1_25;partial=00;start_type=ATG;rbs_motif=GGAG/GAGG;rbs_spacer=5-10bp;gc_cont=0.409;conf=100.00;score=69.97;cscore=55.95;sscore=14.02;rscore=8.24;uscore=3.30;tscore=2.49;
contig_36	Prodigal_v2.6.3	CDS	21584	23437	152.9	-	0	ID=1_26;partial=00;start_type=ATG;rbs_motif=None;rbs_spacer=None;gc_cont=0.354;conf=100.00;score=152.93;cscore=158.27;sscore=-5.33;rscore=-9.56;uscore=0.48;tscore=2.49;
contig_36	Prodigal_v2.6.3	CDS	23439	23963	40.1	-	0	ID=1_27;partial=00;start_type=ATG;rbs_motif=AGGAG;rbs_spacer=5-10bp;gc_cont=0.360;conf=99.99;score=40.06;cscore=25.88;sscore=14.18;rscore=12.22;uscore=-1.77;tscore=2.49;
contig_36	Prodigal_v2.6.3	CDS	23967	24725	93.4	-	0	ID=1_28;partial=00;start_type=ATG;rbs_motif=AGGAGG;rbs_spacer=5-10bp;gc_cont=0.374;conf=100.00;score=93.44;cscore=75.93;sscore=17.51;rscore=13.75;uscore=1.93;tscore=2.49;
contig_36	Prodigal_v2.6.3	CDS	25220	25717	6.3	+	0	ID=1_29;partial=00;start_type=ATG;rbs_motif=None;rbs_spacer=None;gc_cont=0.341;conf=80.90;score=6.28;cscore=15.25;sscore=-8.97;rscore=-9.56;uscore=-1.89;tscore=2.49;
contig_36	Prodigal_v2.6.3	CDS	25658	26149	42.1	-	0	ID=1_30;partial=01;start_type=Edge;rbs_motif=None;rbs_spacer=None;gc_cont=0.366;conf=99.99;score=42.10;cscore=38.88;sscore=3.22;rscore=0.00;uscore=0.00;tscore=3.22;
# Sequence Data: seqnum=2;seqlen=39741;seqhdr="contig_34"
# Model Data: version=Prodigal.v2.6.3;run_type=Single;model="Ab initio";gc_cont=37.70;transl_table=11;uses_sd=1
contig_34	Prodigal_v2.6.3	CDS	3	431	76.0	-	0	ID=2_1;partial=10;start_type=ATG;rbs_motif=GGAG/GAGG;rbs_spacer=5-10bp;gc_cont=0.394;conf=100.00;score=76.00;cscore=64.41;sscore=11.59;rscore=8.24;uscore=1.52;tscore=2.49;
contig_34	Prodigal_v2.6.3	CDS	753	1127	64.4	-	0	ID=2_2;partial=00;start_type=ATG;rbs_motif=AGxAGG/AGGxGG;rbs_spacer=11-12bp;gc_cont=0.411;conf=100.00;score=64.40;cscore=52.44;sscore=11.96;rscore=6.48;uscore=3.65;tscore=2.49;
contig_34	Prodigal_v2.6.3	CDS	1314	2006	117.1	+	0	ID=2_3;partial=00;start_type=ATG;rbs_motif=AGxAGG/AGGxGG;rbs_spacer=5-10bp;gc_cont=0.346;conf=100.00;score=117.08;cscore=105.26;sscore=11.82;rscore=9.68;uscore=-0.34;tscore=2.49;
contig_34	Prodigal_v2.6.3	CDS	2057	2293	62.0	-	0	ID=2_4;partial=00;start_type=ATG;rbs_motif=AGGAG;rbs_spacer=5-10bp;gc_cont=0.388;conf=100.00;score=61.96;cscore=45.14;sscore=16.82;rscore=11.44;uscore=3.71;tscore=2.33;
contig_34	Prodigal_v2.6.3	CDS	2377	2712	57.4	+	0	ID=2_5;partial=00;start_type=ATG;rbs_motif=AGGAG;rbs_spacer=5-10bp;gc_cont=0.414;conf=100.00;score=57.35;cscore=41.00;sscore=16.35;rscore=12.22;uscore=1.64;tscore=2.49;
contig_34	Prodigal_v2.6.3	CDS	2767	3831	213.7	-	0	ID=2_6;partial=00;start_type=ATG;rbs_motif=AGGAG;rbs_spacer=5-10bp;gc_cont=0.396;conf=99.99;score=213.74;cscore=197.60;sscore=16.14;rscore=12.22;uscore=2.09;tscore=2.49;
contig_34	Prodigal_v2.6.3	CDS	4101	4337	26.6	+	0	ID=2_7;partial=00;start_type=ATG;rbs_motif=GGAG/GAGG;rbs_spacer=5-10bp;gc_cont=0.350;conf=99.78;score=26.63;cscore=17.74;sscore=8.89;rscore=7.71;uscore=-1.15;tscore=2.33;
contig_34	Prodigal_v2.6.3	CDS	4417	5169	118.0	-	0	ID=2_8;partial=00;start_type=ATG;rbs_motif=GGAG/GAGG;rbs_spacer=5-10bp;gc_cont=0.425;conf=100.00;score=118.02;cscore=106.00;sscore=12.02;rscore=8.24;uscore=-0.75;tscore=2.49;
contig_34	Prodigal_v2.6.3	CDS	5166	5618	73.9	-	0	ID=2_9;partial=00;start_type=GTG;rbs_motif=GGxGG;rbs_spacer=5-10bp;gc_cont=0.358;conf=100.00;score=73.94;cscore=68.98;sscore=4.96;rscore=6.77;uscore=2.45;tscore=-3.61;
contig_34	Prodigal_v2.6.3	CDS	5707	5973	56.0	+	0	ID=2_10;partial=00;start_type=ATG;rbs_motif=AGGAG;rbs_spacer=5-10bp;gc_cont=0.367;conf=100.00;score=55.97;cscore=40.06;sscore=15.91;rscore=12.22;uscore=1.20;tscore=2.49;
contig_34	Prodigal_v2.6.3	CDS	6057	6239	29.8	-	0	ID=2_11;partial=00;start_type=ATG;rbs_motif=GGAGG;rbs_spacer=5-10bp;gc_cont=0.322;conf=99.89;score=29.80;cscore=18.01;sscore=11.79;rscore=9.18;uscore=0.81;tscore=1.79;
contig_34	Prodigal_v2.6.3	CDS	6303	6830	68.4	-	0	ID=2_12;partial=00;start_type=ATG;rbs_motif=GGA/GAG/AGG;rbs_spacer=5-10bp;gc_cont=0.388;conf=100.00;score=68.42;cscore=65.57;sscore=2.85;rscore=-0.45;uscore=0.82;tscore=2.49;
contig_34	Prodigal_v2.6.3	CDS	6945	7292	41.7	-	0	ID=2_13;partial=00;start_type=TTG;rbs_motif=GGxGG;rbs_spacer=5-10bp;gc_cont=0.345;conf=99.99;score=41.75;cscore=38.69;sscore=3.05;rscore=6.77;uscore=0.07;tscore=-4.70;
contig_34	Prodigal_v2.6.3	CDS	7326	8243	146.4	-	0	ID=2_14;partial=00;start_type=ATG;rbs_motif=GGA/GAG/AGG;rbs_spacer=11-12bp;gc_cont=0.392;conf=100.00;score=146.39;cscore=140.64;sscore=5.74;rscore=-0.79;uscore=4.05;tscore=2.49;
contig_34	Prodigal_v2.6.3	CDS	8351	9127	93.1	-	0	ID=2_15;partial=00;start_type=TTG;rbs_motif=AGGAGG;rbs_spacer=5-10bp;gc_cont=0.371;conf=100.00;score=93.10;cscore=86.04;sscore=7.06;rscore=13.75;uscore=-2.79;tscore=-4.70;
contig_34	Prodigal_v2.6.3	CDS	9172	10281	174.5	-	0	ID=2_16;partial=00;start_type=ATG;rbs_motif=GGA/GAG/AGG;rbs_spacer=5-10bp;gc_cont=0.364;conf=100.00;score=174.48;cscore=167.92;sscore=6.56;rscore=-0.45;uscore=3.60;tscore=2.49;
contig_34	Prodigal_v2.6.3	CDS	10315	11682	181.4	-	0	ID=2_17;partial=00;start_type=ATG;rbs_motif=AGxAGG/AGGxGG;rbs_spacer=5-10bp;gc_cont=0.354;conf=99.99;score=181.36;cscore=164.73;sscore=16.63;rscore=9.68;uscore=3.41;tscore=2.49;
contig_34	Prodigal_v2.6.3	CDS	11703	12527	113.4	-	0	ID=2_18;partial=00;start_type=ATG;rbs_motif=GGA/GAG/AGG;rbs_spacer=5-10bp;gc_cont=0.365;conf=100.00;score=113.40;cscore=109.63;sscore=3.77;rscore=-0.45;uscore=-1.42;tscore=2.49;
contig_34	Prodigal_v2.6.3	CDS	12527	13384	123.2	-	0	ID=2_19;partial=00;start_type=ATG;rbs_motif=AGGAGG;rbs_spacer=5-10bp;gc_cont=0.376;conf=100.00;score=123.24;cscore=106.61;sscore=16.63;rscore=13.75;uscore=0.39;tscore=2.49;
contig_34	Prodigal_v2.6.3	CDS	13541	14539	197.3	-	0	ID=2_20;partial=00;start_type=ATG;rbs_motif=AGGAG;rbs_spacer=5-10bp;gc_cont=0.363;conf=99.99;score=197.32;cscore=181.78;sscore=15.54;rscore=12.22;uscore=1.49;tscore=2.49;
contig_34	Prodigal_v2.6.3	CDS	14952	15050	2.8	+	0	ID=2_21;partial=00;start_type=ATG;rbs_motif=GGA/GAG/AGG;rbs_spacer=5-10bp;gc_cont=0.354;conf=65.81;score=2.85;cscore=4.87;sscore=-2.02;rscore=-1.17;uscore=-1.81;tscore=0.95;
contig_34	Prodigal_v2.6.3	CDS	15125	15892	134.6	+	0	ID=2_22;partial=00;start_type=ATG;rbs_motif=GGAGG;rbs_spacer=5-10bp;gc_cont=0.298;conf=100.00;score=134.61;cscore=117.13;sscore=17.48;rscore=12.75;uscore=2.24;tscore=2.49;
contig_34	Prodigal_v2.6.3	CDS	15987	16109	1.7	+	0	ID=2_23;partial=00;start_type=ATG;rbs_motif=GGA/GAG/AGG;rbs_spacer=5-10bp;gc_cont=0.260;conf=59.61;score=1.69;cscore=0.65;sscore=1.04;rscore=-0.93;uscore=0.78;tscore=1.19;
contig_34	Prodigal_v2.6.3	CDS	16443	17840	243.2	-	0	ID=2_24;partial=00;start_type=ATG;rbs_motif=GGAGG;rbs_spacer=5-10bp;gc_cont=0.377;conf=99.99;score=243.24;cscore=226.54;sscore=16.70;rscore=12.75;uscore=1.46;tscore=2.49;
contig_34	Prodigal_v2.6.3	CDS	17940	18365	70.7	-	0	ID=2_25;partial=00;start_type=ATG;rbs_motif=AGGAG;rbs_spacer=5-10bp;gc_cont=0.378;conf=100.00;score=70.74;cscore=57.41;sscore=13.33;rscore=12.22;uscore=-2.60;tscore=2.49;
contig_34	Prodigal_v2.6.3	CDS	18355	19584	227.5	-	0	ID=2_26;partial=00;start_type=ATG;rbs_motif=AGGA;rbs_spacer=5-10bp;gc_cont=0.397;conf=99.99;score=227.48;cscore=218.83;sscore=8.65;rscore=4.23;uscore=0.66;tscore=2.49;
contig_34	Prodigal_v2.6.3	CDS	19584	20891	259.5	-	0	ID=2_27;partial=00;start_type=ATG;rbs_motif=AGGAGG;rbs_spacer=5-10bp;gc_cont=0.404;conf=99.99;score=259.54;cscore=238.23;sscore=21.32;rscore=13.75;uscore=4.00;tscore=2.49;
contig_34	Prodigal_v2.6.3	CDS	20910	21689	159.9	-	0	ID=2_28;partial=00;start_type=ATG;rbs_motif=GGAGG;rbs_spacer=5-10bp;gc_cont=0.377;conf=100.00;score=159.91;cscore=148.39;sscore=11.52;rscore=12.75;uscore=-3.07;tscore=2.49;
contig_34	Prodigal_v2.6.3	CDS	22169	22933	124.7	-	0	ID=2_29;partial=00;start_type=ATG;rbs_motif=AGGAG;rbs_spacer=5-10bp;gc_cont=0.345;conf=100.00;score=124.66;cscore=112.09;sscore=12.57;rscore=12.22;uscore=-2.14;tscore=2.49;
contig_34	Prodigal_v2.6.3	CDS	22905	24575	231.3	-	0	ID=2_30;partial=00;start_type=GTG;rbs_motif=4Base/6BMM;rbs_spacer=13-15bp;gc_cont=0.360;conf=99.99;score=231.31;cscore=235.70;sscore=-4.39;rscore=-3.98;uscore=2.02;tscore=-3.61;
contig_34	Prodigal_v2.6.3	CDS	24562	25851	126.2	-	0	ID=2_31;partial=00;start_type=ATG;rbs_motif=AGGAGG;rbs_spacer=5-10bp;gc_cont=0.329;conf=100.00;score=126.17;cscore=109.28;sscore=16.89;rscore=13.75;uscore=1.31;tscore=2.49;
contig_34	Prodigal_v2.6.3	CDS	26007	26909	120.2	+	0	ID=2_32;partial=00;start_type=GTG;rbs_motif=GGAG/GAGG;rbs_spacer=5-10bp;gc_cont=0.404;conf=100.00;score=120.17;cscore=113.20;sscore=6.97;rscore=8.24;uscore=2.34;tscore=-3.61;
contig_34	Prodigal_v2.6.3	CDS	26938	27972	122.8	-	0	ID=2_33;partial=00;start_type=ATG;rbs_motif=None;rbs_spacer=None;gc_cont=0.368;conf=100.00;score=122.82;cscore=130.52;sscore=-7.69;rscore=-9.56;uscore=-1.52;tscore=2.49;
contig_34	Prodigal_v2.6.3	CDS	28007	29758	235.2	-	0	ID=2_34;partial=00;start_type=ATG;rbs_motif=GGA/GAG/AGG;rbs_spacer=5-10bp;gc_cont=0.322;conf=99.99;score=235.21;cscore=228.46;sscore=6.75;rscore=-0.45;uscore=2.97;tscore=2.49;
contig_34	Prodigal_v2.6.3	CDS	29755	31623	238.2	-	0	ID=2_35;partial=00;start_type=ATG;rbs_motif=GGA/GAG/AGG;rbs_spacer=11-12bp;gc_cont=0.362;conf=99.99;score=238.23;cscore=231.41;sscore=6.82;rscore=-0.79;uscore=3.03;tscore=2.49;
contig_34	Prodigal_v2.6.3	CDS	31620	33053	226.7	-	0	ID=2_36;partial=00;start_type=ATG;rbs_motif=AGxAGG/AGGxGG;rbs_spacer=11-12bp;gc_cont=0.371;conf=99.99;score=226.65;cscore=210.41;sscore=16.24;rscore=6.48;uscore=6.19;tscore=2.49;
contig_34	Prodigal_v2.6.3	CDS	33071	34396	186.3	-	0	ID=2_37;partial=00;start_type=ATG;rbs_motif=AGGAG;rbs_spacer=5-10bp;gc_cont=0.351;conf=99.99;score=186.35;cscore=167.78;sscore=18.57;rscore=12.22;uscore=4.51;tscore=2.49;
contig_34	Prodigal_v2.6.3	CDS	34865	38044	493.5	-	0	ID=2_38;partial=00;start_type=ATG;rbs_motif=AGGAG;rbs_spacer=5-10bp;gc_cont=0.361;conf=99.99;score=493.52;cscore=477.37;sscore=16.15;rscore=12.22;uscore=0.15;tscore=2.49;
contig_34	Prodigal_v2.6.3	CDS	38041	38997	89.4	-	0	ID=2_39;partial=00;start_type=GTG;rbs_motif=3Base/5BMM;rbs_spacer=13-15bp;gc_cont=0.370;conf=100.00;score=89.43;cscore=94.72;sscore=-5.29;rscore=-6.44;uscore=3.90;tscore=-3.61;
contig_34	Prodigal_v2.6.3	CDS	39036	39461	49.1	-	0	ID=2_40;partial=00;start_type=ATG;rbs_motif=GGAG/GAGG;rbs_spacer=5-10bp;gc_cont=0.305;conf=100.00;score=49.11;cscore=35.88;sscore=13.24;rscore=8.24;uscore=1.24;tscore=2.49;
contig_34	Prodigal_v2.6.3	CDS	39462	39740	35.0	-	0	ID=2_41;partial=01;start_type=Edge;rbs_motif=None;rbs_spacer=None;gc_cont=0.387;conf=99.97;score=35.03;cscore=31.81;sscore=3.22;rscore=0.00;uscore=0.00;tscore=3.22;
# Sequence Data: seqnum=3;seqlen=54491;seqhdr="contig_16"
# Model Data: version=Prodigal.v2.6.3;run_type=Single;model="Ab initio";gc_cont=37.70;transl_table=11;uses_sd=1
contig_16	Prodigal_v2.6.3	CDS	810	1061	18.7	+	0	ID=3_1;partial=00;start_type=GTG;rbs_motif=GGA/GAG/AGG;rbs_spacer=5-10bp;gc_cont=0.361;conf=98.67;score=18.72;cscore=21.57;sscore=-2.84;rscore=-0.45;uscore=1.23;tscore=-3.62;
contig_16	Prodigal_v2.6.3	CDS	1526	1687	25.2	-	0	ID=3_2;partial=00;start_type=ATG;rbs_motif=GGAG/GAGG;rbs_spacer=5-10bp;gc_cont=0.370;conf=99.70;score=25.19;cscore=16.68;sscore=8.51;rscore=5.24;uscore=2.34;tscore=1.58;
contig_16	Prodigal_v2.6.3	CDS	2086	2352	21.7	+	0	ID=3_3;partial=00;start_type=TTG;rbs_motif=AGGAG;rbs_spacer=5-10bp;gc_cont=0.333;conf=99.33;score=21.74;cscore=13.07;sscore=8.67;rscore=12.22;uscore=1.15;tscore=-4.70;
contig_16	Prodigal_v2.6.3	CDS	2409	3509	109.6	+	0	ID=3_4;partial=00;start_type=ATG;rbs_motif=None;rbs_spacer=None;gc_cont=0.368;conf=100.00;score=109.61;cscore=115.80;sscore=-6.18;rscore=-9.56;uscore=0.22;tscore=2.49;
contig_16	Prodigal_v2.6.3	CDS	3758	4282	62.8	+	0	ID=3_5;partial=00;start_type=ATG;rbs_motif=AGGAGG;rbs_spacer=5-10bp;gc_cont=0.442;conf=100.00;score=62.81;cscore=44.00;sscore=18.81;rscore=13.75;uscore=3.22;tscore=2.49;
contig_16	Prodigal_v2.6.3	CDS	4577	5311	97.6	+	0	ID=3_6;partial=00;start_type=ATG;rbs_motif=AGGAG;rbs_spacer=5-10bp;gc_cont=0.386;conf=100.00;score=97.65;cscore=82.06;sscore=15.59;rscore=12.22;uscore=1.53;tscore=2.49;
contig_16	Prodigal_v2.6.3	CDS	6706	7140	46.6	-	0	ID=3_7;partial=00;start_type=ATG;rbs_motif=GGAG/GAGG;rbs_spacer=5-10bp;gc_cont=0.303;conf=100.00;score=46.59;cscore=34.83;sscore=11.76;rscore=8.24;uscore=1.69;tscore=2.49;
contig_16	Prodigal_v2.6.3	CDS	7275	8189	108.4	+	0	ID=3_8;partial=00;start_type=ATG;rbs_motif=AGGAG;rbs_spacer=5-10bp;gc_cont=0.351;conf=100.00;score=108.44;cscore=97.20;sscore=11.24;rscore=12.22;uscore=-3.47;tscore=2.49;
contig_16	Prodigal_v2.6.3	CDS	8351	8734	56.0	-	0	ID=3_9;partial=00;start_type=ATG;rbs_motif=GGAGG;rbs_spacer=5-10bp;gc_cont=0.365;conf=100.00;score=56.03;cscore=36.45;sscore=19.59;rscore=12.75;uscore=5.00;tscore=2.49;
contig_16	Prodigal_v2.6.3	CDS	8912	10069	143.1	+	0	ID=3_10;partial=00;start_type=TTG;rbs_motif=3Base/5BMM;rbs_spacer=13-15bp;gc_cont=0.348;conf=100.00;score=143.09;cscore=153.77;sscore=-10.69;rscore=-6.44;uscore=0.45;tscore=-4.70;
contig_16	Prodigal_v2.6.3	CDS	10117	10872	101.0	-	0	ID=3_11;partial=00;start_type=ATG;rbs_motif=GGAGG;rbs_spacer=5-10bp;gc_cont=0.378;conf=100.00;score=101.05;cscore=85.62;sscore=15.43;rscore=12.75;uscore=0.84;tscore=2.49;
contig_16	Prodigal_v2.6.3	CDS	11140	12006	89.2	+	0	ID=3_12;partial=00;start_type=ATG;rbs_motif=AGGA;rbs_spacer=5-10bp;gc_cont=0.378;conf=100.00;score=89.17;cscore=83.37;sscore=5.80;rscore=4.23;uscore=-0.91;tscore=2.49;
contig_16	Prodigal_v2.6.3	CDS	12023	12598	83.8	+	0	ID=3_13;partial=00;start_type=ATG;rbs_motif=AGGAG;rbs_spacer=5-10bp;gc_cont=0.344;conf=100.00;score=83.80;cscore=66.22;sscore=17.58;rscore=12.22;uscore=1.77;tscore=2.49;
contig_16	Prodigal_v2.6.3	CDS	12741	13163	22.7	+	0	ID=3_14;partial=00;start_type=ATG;rbs_motif=AGGAG;rbs_spacer=5-10bp;gc_cont=0.329;conf=99.46;score=22.66;cscore=6.33;sscore=16.33;rscore=12.22;uscore=1.62;tscore=2.49;
contig_16	Prodigal_v2.6.3	CDS	13130	13240	4.6	-	0	ID=3_15;partial=00;start_type=ATG;rbs_motif=GGAG/GAGG;rbs_spacer=5-10bp;gc_cont=0.324;conf=74.32;score=4.62;cscore=-0.35;sscore=4.97;rscore=3.56;uscore=1.49;tscore=1.07;
contig_16	Prodigal_v2.6.3	CDS	14065	14175	2.0	-	0	ID=3_16;partial=00;start_type=ATG;rbs_motif=GGA/GAG/AGG;rbs_spacer=5-10bp;gc_cont=0.369;conf=61.42;score=2.02;cscore=1.69;sscore=0.33;rscore=-1.04;uscore=0.95;tscore=1.07;
contig_16	Prodigal_v2.6.3	CDS	14763	15248	65.8	+	0	ID=3_17;partial=00;start_type=ATG;rbs_motif=GGAG/GAGG;rbs_spacer=5-10bp;gc_cont=0.397;conf=100.00;score=65.85;cscore=51.16;sscore=14.69;rscore=8.24;uscore=3.96;tscore=2.49;
contig_16	Prodigal_v2.6.3	CDS	15329	15499	18.4	-	0	ID=3_18;partial=00;start_type=ATG;rbs_motif=GGAGG;rbs_spacer=5-10bp;gc_cont=0.333;conf=98.58;score=18.44;cscore=6.39;sscore=12.05;rscore=8.57;uscore=1.81;tscore=1.67;
contig_16	Prodigal_v2.6.3	CDS	15790	16833	166.7	-	0	ID=3_19;partial=00;start_type=ATG;rbs_motif=AGGAGG;rbs_spacer=5-10bp;gc_cont=0.400;conf=100.00;score=166.66;cscore=150.15;sscore=16.52;rscore=13.75;uscore=-0.85;tscore=2.49;
contig_16	Prodigal_v2.6.3	CDS	16847	17623	144.8	-	0	ID=3_20;partial=00;start_type=ATG;rbs_motif=AGGAG;rbs_spacer=5-10bp;gc_cont=0.445;conf=100.00;score=144.77;cscore=126.35;sscore=18.42;rscore=12.22;uscore=2.42;tscore=2.49;
contig_16	Prodigal_v2.6.3	CDS	17620	18855	200.8	-	0	ID=3_21;partial=00;start_type=ATG;rbs_motif=AGxAGG/AGGxGG;rbs_spacer=5-10bp;gc_cont=0.459;conf=99.99;score=200.79;cscore=188.16;sscore=12.64;rscore=9.68;uscore=0.47;tscore=2.49;
contig_16	Prodigal_v2.6.3	CDS	19006	19893	108.5	-	0	ID=3_22;partial=00;start_type=GTG;rbs_motif=GGAGG;rbs_spacer=5-10bp;gc_cont=0.355;conf=100.00;score=108.52;cscore=98.78;sscore=9.74;rscore=12.75;uscore=1.25;tscore=-3.61;
contig_16	Prodigal_v2.6.3	CDS	20034	20999	127.2	+	0	ID=3_23;partial=00;start_type=ATG;rbs_motif=None;rbs_spacer=None;gc_cont=0.417;conf=100.00;score=127.16;cscore=132.93;sscore=-5.77;rscore=-9.56;uscore=1.30;tscore=2.49;
contig_16	Prodigal_v2.6.3	CDS	20996	22180	196.3	+	0	ID=3_24;partial=00;start_type=ATG;rbs_motif=AGxAGG/AGGxGG;rbs_spacer=5-10bp;gc_cont=0.383;conf=99.99;score=196.26;cscore=182.80;sscore=13.46;rscore=9.68;uscore=-2.29;tscore=2.49;
contig_16	Prodigal_v2.6.3	CDS	22229	23203	144.7	-	0	ID=3_25;partial=00;start_type=GTG;rbs_motif=GGAG/GAGG;rbs_spacer=5-10bp;gc_cont=0.396;conf=100.00;score=144.71;cscore=140.27;sscore=4.44;rscore=8.24;uscore=-0.20;tscore=-3.61;
contig_16	Prodigal_v2.6.3	CDS	23302	23493	13.7	-	0	ID=3_26;partial=00;start_type=ATG;rbs_motif=GGxGG;rbs_spacer=5-10bp;gc_cont=0.401;conf=95.91;score=13.72;cscore=6.36;sscore=7.36;rscore=5.12;uscore=1.02;tscore=1.88;
contig_16	Prodigal_v2.6.3	CDS	23981	24817	107.1	-	0	ID=3_27;partial=00;start_type=ATG;rbs_motif=AGGAGG;rbs_spacer=5-10bp;gc_cont=0.395;conf=100.00;score=107.09;cscore=92.59;sscore=14.50;rscore=13.75;uscore=-1.74;tscore=2.49;
contig_16	Prodigal_v2.6.3	CDS	24896	25513	75.2	-	0	ID=3_28;partial=00;start_type=ATG;rbs_motif=GGxGG;rbs_spacer=5-10bp;gc_cont=0.430;conf=100.00;score=75.22;cscore=64.89;sscore=10.34;rscore=6.77;uscore=0.28;tscore=2.49;
contig_16	Prodigal_v2.6.3	CDS	25558	25977	46.7	-	0	ID=3_29;partial=00;start_type=ATG;rbs_motif=AGGAGG;rbs_spacer=5-10bp;gc_cont=0.379;conf=100.00;score=46.70;cscore=29.39;sscore=17.31;rscore=13.75;uscore=1.07;tscore=2.49;
contig_16	Prodigal_v2.6.3	CDS	25931	26047	12.8	-	0	ID=3_30;partial=00;start_type=ATG;rbs_motif=GGAG/GAGG;rbs_spacer=5-10bp;gc_cont=0.410;conf=94.98;score=12.79;cscore=5.57;sscore=7.22;rscore=3.76;uscore=1.27;tscore=1.13;
contig_16	Prodigal_v2.6.3	CDS	26068	26577	74.7	-	0	ID=3_31;partial=00;start_type=ATG;rbs_motif=GGAGG;rbs_spacer=5-10bp;gc_cont=0.382;conf=100.00;score=74.69;cscore=60.24;sscore=14.46;rscore=12.75;uscore=-0.78;tscore=2.49;
contig_16	Prodigal_v2.6.3	CDS	26643	26759	11.5	-	0	ID=3_32;partial=00;start_type=ATG;rbs_motif=AGGAG;rbs_spacer=5-10bp;gc_cont=0.291;conf=93.40;score=11.53;cscore=2.28;sscore=9.24;rscore=5.57;uscore=1.44;tscore=1.13;
contig_16	Prodigal_v2.6.3	CDS	26776	28464	275.1	-	0	ID=3_33;partial=00;start_type=ATG;rbs_motif=AGGA;rbs_spacer=5-10bp;gc_cont=0.382;conf=99.99;score=275.06;cscore=265.69;sscore=9.37;rscore=4.23;uscore=3.31;tscore=2.49;
contig_16	Prodigal_v2.6.3	CDS	28558	28989	59.3	+	0	ID=3_34;partial=00;start_type=ATG;rbs_motif=AGGAG;rbs_spacer=5-10bp;gc_cont=0.343;conf=100.00;score=59.28;cscore=42.05;sscore=17.23;rscore=12.22;uscore=2.53;tscore=2.49;
contig_16	Prodigal_v2.6.3	CDS	29022	29942	109.9	-	0	ID=3_35;partial=00;start_type=ATG;rbs_motif=3Base/5BMM;rbs_spacer=13-15bp;gc_cont=0.366;conf=100.00;score=109.88;cscore=113.50;sscore=-3.62;rscore=-6.44;uscore=0.98;tscore=2.49;
contig_16	Prodigal_v2.6.3	CDS	30338	30652	70.4	-	0	ID=3_36;partial=00;start_type=ATG;rbs_motif=GGAGG;rbs_spacer=5-10bp;gc_cont=0.425;conf=100.00;score=70.39;cscore=53.59;sscore=16.80;rscore=12.75;uscore=0.28;tscore=2.49;
contig_16	Prodigal_v2.6.3	CDS	30652	31143	100.8	-	0	ID=3_37;partial=00;start_type=ATG;rbs_motif=AGGAG;rbs_spacer=5-10bp;gc_cont=0.427;conf=100.00;score=100.80;cscore=81.00;sscore=19.80;rscore=12.22;uscore=3.95;tscore=2.49;
contig_16	Prodigal_v2.6.3	CDS	31156	31590	51.1	-	0	ID=3_38;partial=00;start_type=ATG;rbs_motif=GGAG/GAGG;rbs_spacer=5-10bp;gc_cont=0.368;conf=100.00;score=51.09;cscore=39.40;sscore=11.69;rscore=8.24;uscore=1.61;tscore=2.49;
contig_16	Prodigal_v2.6.3	CDS	31774	32940	133.9	+	0	ID=3_39;partial=00;start_type=TTG;rbs_motif=AGGAGG;rbs_spacer=5-10bp;gc_cont=0.414;conf=100.00;score=133.94;cscore=124.12;sscore=9.82;rscore=13.75;uscore=0.77;tscore=-4.70;
contig_16	Prodigal_v2.6.3	CDS	33057	34091	102.9	+	0	ID=3_40;partial=00;start_type=ATG;rbs_motif=GGAG/GAGG;rbs_spacer=5-10bp;gc_cont=0.359;conf=100.00;score=102.92;cscore=93.55;sscore=9.37;rscore=8.24;uscore=-1.36;tscore=2.49;
contig_16	Prodigal_v2.6.3	CDS	34153	34620	69.3	-	0	ID=3_41;partial=00;start_type=ATG;rbs_motif=GGAG/GAGG;rbs_spacer=5-10bp;gc_cont=0.387;conf=100.00;score=69.30;cscore=54.54;sscore=14.77;rscore=8.24;uscore=3.00;tscore=2.49;
contig_16	Prodigal_v2.6.3	CDS	34642	35109	67.1	-	0	ID=3_42;partial=00;start_type=ATG;rbs_motif=GGAG/GAGG;rbs_spacer=5-10bp;gc_cont=0.395;conf=100.00;score=67.09;cscore=53.47;sscore=13.61;rscore=8.24;uscore=2.89;tscore=2.49;
contig_16	Prodigal_v2.6.3	CDS	35239	36039	89.9	-	0	ID=3_43;partial=00;start_type=ATG;rbs_motif=AGGAG;rbs_spacer=5-10bp;gc_cont=0.413;conf=100.00;score=89.92;cscore=73.87;sscore=16.06;rscore=12.22;uscore=0.26;tscore=2.49;
contig_16	Prodigal_v2.6.3	CDS	36057	36752	100.8	-	0	ID=3_44;partial=00;start_type=ATG;rbs_motif=AGxAGG/AGGxGG;rbs_spacer=5-10bp;gc_cont=0.420;conf=100.00;score=100.79;cscore=89.37;sscore=11.42;rscore=9.68;uscore=-1.88;tscore=2.49;
contig_16	Prodigal_v2.6.3	CDS	36766	38427	209.1	-	0	ID=3_45;partial=00;start_type=GTG;rbs_motif=GGAGG;rbs_spacer=5-10bp;gc_cont=0.395;conf=99.99;score=209.07;cscore=197.66;sscore=11.42;rscore=12.75;uscore=2.27;tscore=-3.61;
contig_16	Prodigal_v2.6.3	CDS	38493	39554	170.8	-	0	ID=3_46;partial=00;start_type=ATG;rbs_motif=AGGAGG;rbs_spacer=5-10bp;gc_cont=0.402;conf=100.00;score=170.79;cscore=156.50;sscore=14.29;rscore=13.75;uscore=-1.29;tscore=2.49;
contig_16	Prodigal_v2.6.3	CDS	39926	40474	70.4	-	0	ID=3_47;partial=00;start_type=ATG;rbs_motif=AGxAGG/AGGxGG;rbs_spacer=5-10bp;gc_cont=0.395;conf=100.00;score=70.40;cscore=57.91;sscore=12.48;rscore=9.68;uscore=0.97;tscore=2.49;
contig_16	Prodigal_v2.6.3	CDS	40810	41532	98.5	-	0	ID=3_48;partial=00;start_type=ATG;rbs_motif=AGGA;rbs_spacer=5-10bp;gc_cont=0.371;conf=100.00;score=98.54;cscore=91.55;sscore=6.99;rscore=4.23;uscore=0.93;tscore=2.49;
contig_16	Prodigal_v2.6.3	CDS	41890	42285	41.7	+	0	ID=3_49;partial=00;start_type=ATG;rbs_motif=AGxAGG/AGGxGG;rbs_spacer=5-10bp;gc_cont=0.354;conf=99.99;score=41.68;cscore=30.87;sscore=10.81;rscore=9.68;uscore=-1.36;tscore=2.49;
contig_16	Prodigal_v2.6.3	CDS	42315	43451	125.6	+	0	ID=3_50;partial=00;start_type=ATG;rbs_motif=GGA/GAG/AGG;rbs_spacer=5-10bp;gc_cont=0.344;conf=100.00;score=125.58;cscore=122.39;sscore=3.19;rscore=-0.45;uscore=0.19;tscore=2.49;
contig_16	Prodigal_v2.6.3	CDS	43520	43690	13.9	-	0	ID=3_51;partial=00;start_type=ATG;rbs_motif=AGGAGG;rbs_spacer=5-10bp;gc_cont=0.380;conf=96.09;score=13.93;cscore=2.53;sscore=11.40;rscore=9.24;uscore=1.14;tscore=1.67;
contig_16	Prodigal_v2.6.3	CDS	43777	44769	113.3	+	0	ID=3_52;partial=00;start_type=TTG;rbs_motif=GGA/GAG/AGG;rbs_spacer=5-10bp;gc_cont=0.415;conf=100.00;score=113.29;cscore=117.18;sscore=-3.89;rscore=-0.45;uscore=1.26;tscore=-4.70;
contig_16	Prodigal_v2.6.3	CDS	45303	46283	100.1	-	0	ID=3_53;partial=00;start_type=ATG;rbs_motif=GGAGG;rbs_spacer=5-10bp;gc_cont=0.378;conf=100.00;score=100.07;cscore=83.65;sscore=16.42;rscore=12.75;uscore=1.83;tscore=2.49;
contig_16	Prodigal_v2.6.3	CDS	46483	46707	11.8	+	0	ID=3_54;partial=00;start_type=GTG;rbs_motif=AGGAG;rbs_spacer=5-10bp;gc_cont=0.418;conf=93.84;score=11.84;cscore=5.19;sscore=6.65;rscore=10.85;uscore=-0.14;tscore=-4.06;
contig_16	Prodigal_v2.6.3	CDS	47445	47729	20.1	+	0	ID=3_55;partial=00;start_type=ATG;rbs_motif=AGGAGG;rbs_spacer=5-10bp;gc_cont=0.312;conf=99.02;score=20.09;cscore=4.10;sscore=15.98;rscore=13.75;uscore=0.40;tscore=2.49;
contig_16	Prodigal_v2.6.3	CDS	47817	48293	80.5	+	0	ID=3_56;partial=00;start_type=ATG;rbs_motif=AGGAGG;rbs_spacer=5-10bp;gc_cont=0.394;conf=100.00;score=80.46;cscore=61.39;sscore=19.06;rscore=13.75;uscore=2.82;tscore=2.49;
contig_16	Prodigal_v2.6.3	CDS	48499	49239	116.9	+	0	ID=3_57;partial=00;start_type=TTG;rbs_motif=AGxAGG/AGGxGG;rbs_spacer=5-10bp;gc_cont=0.382;conf=100.00;score=116.89;cscore=108.19;sscore=8.71;rscore=9.68;uscore=4.38;tscore=-4.70;
contig_16	Prodigal_v2.6.3	CDS	49301	49654	32.3	-	0	ID=3_58;partial=00;start_type=ATG;rbs_motif=None;rbs_spacer=None;gc_cont=0.381;conf=99.94;score=32.27;cscore=39.99;sscore=-7.72;rscore=-9.56;uscore=-1.80;tscore=2.49;
contig_16	Prodigal_v2.6.3	CDS	49638	49973	38.6	-	0	ID=3_59;partial=00;start_type=ATG;rbs_motif=AGGAG;rbs_spacer=5-10bp;gc_cont=0.402;conf=99.99;score=38.57;cscore=25.43;sscore=13.13;rscore=12.22;uscore=-2.72;tscore=2.49;
contig_16	Prodigal_v2.6.3	CDS	49986	51245	174.6	-	0	ID=3_60;partial=00;start_type=ATG;rbs_motif=GGA/GAG/AGG;rbs_spacer=5-10bp;gc_cont=0.440;conf=100.00;score=174.57;cscore=170.79;sscore=3.78;rscore=-0.45;uscore=-3.48;tscore=2.49;
contig_16	Prodigal_v2.6.3	CDS	51242	51463	9.1	-	0	ID=3_61;partial=00;start_type=ATG;rbs_motif=AGGAG;rbs_spacer=5-10bp;gc_cont=0.423;conf=89.07;score=9.13;cscore=-3.00;sscore=12.12;rscore=10.71;uscore=0.39;tscore=2.18;
contig_16	Prodigal_v2.6.3	CDS	51685	52359	58.2	+	0	ID=3_62;partial=00;start_type=ATG;rbs_motif=None;rbs_spacer=None;gc_cont=0.397;conf=100.00;score=58.24;cscore=62.56;sscore=-4.32;rscore=-9.56;uscore=2.75;tscore=2.49;
contig_16	Prodigal_v2.6.3	CDS	52457	52939	49.5	+	0	ID=3_63;partial=00;start_type=ATG;rbs_motif=AGGA;rbs_spacer=5-10bp;gc_cont=0.362;conf=100.00;score=49.48;cscore=42.52;sscore=6.96;rscore=4.23;uscore=0.25;tscore=2.49;
contig_16	Prodigal_v2.6.3	CDS	53141	54061	91.6	-	0	ID=3_64;partial=00;start_type=ATG;rbs_motif=AGxAG;rbs_spacer=5-10bp;gc_cont=0.415;conf=100.00;score=91.57;cscore=100.40;sscore=-8.83;rscore=-8.29;uscore=-3.03;tscore=2.49;
contig_16	Prodigal_v2.6.3	CDS	54385	54489	10.9	-	0	ID=3_65;partial=01;start_type=Edge;rbs_motif=None;rbs_spacer=None;gc_cont=0.438;conf=92.45;score=10.90;cscore=7.68;sscore=3.22;rscore=0.00;uscore=0.00;tscore=3.22;
# Sequence Data: seqnum=4;seqlen=16415;seqhdr="contig_45"
# Model Data: version=Prodigal.v2.6.3;run_type=Single;model="Ab initio";gc_cont=37.70;transl_table=11;uses_sd=1
contig_45	Prodigal_v2.6.3	CDS	3	1070	143.4	+	0	ID=4_1;partial=10;start_type=Edge;rbs_motif=None;rbs_spacer=None;gc_cont=0.397;conf=100.00;score=143.42;cscore=140.20;sscore=3.22;rscore=0.00;uscore=0.00;tscore=3.22;
contig_45	Prodigal_v2.6.3	CDS	1280	1771	50.6	+	0	ID=4_2;partial=00;start_type=ATG;rbs_motif=GGAG/GAGG;rbs_spacer=5-10bp;gc_cont=0.370;conf=100.00;score=50.59;cscore=39.33;sscore=11.26;rscore=8.24;uscore=1.19;tscore=2.49;
contig_45	Prodigal_v2.6.3	CDS	1768	1980	11.7	+	0	ID=4_3;partial=00;start_type=GTG;rbs_motif=None;rbs_spacer=None;gc_cont=0.390;conf=93.66;score=11.71;cscore=14.71;sscore=-3.00;rscore=-11.38;uscore=-2.47;tscore=-4.30;
contig_45	Prodigal_v2.6.3	CDS	2000	2683	99.0	+	0	ID=4_4;partial=00;start_type=ATG;rbs_motif=AGGAG;rbs_spacer=5-10bp;gc_cont=0.326;conf=100.00;score=99.02;cscore=82.90;sscore=16.12;rscore=12.22;uscore=0.34;tscore=2.49;
contig_45	Prodigal_v2.6.3	CDS	2726	4510	278.4	+	0	ID=4_5;partial=00;start_type=ATG;rbs_motif=GGAG/GAGG;rbs_spacer=5-10bp;gc_cont=0.388;conf=99.99;score=278.42;cscore=266.82;sscore=11.60;rscore=8.24;uscore=0.06;tscore=2.49;
contig_45	Prodigal_v2.6.3	CDS	4598	5200	69.7	+	0	ID=4_6;partial=00;start_type=ATG;rbs_motif=AGGAG;rbs_spacer=5-10bp;gc_cont=0.353;conf=100.00;score=69.74;cscore=54.81;sscore=14.93;rscore=12.22;uscore=0.22;tscore=2.49;
contig_45	Prodigal_v2.6.3	CDS	5603	6823	229.0	+	0	ID=4_7;partial=00;start_type=ATG;rbs_motif=AGxAGG/AGGxGG;rbs_spacer=5-10bp;gc_cont=0.389;conf=99.99;score=228.98;cscore=216.95;sscore=12.03;rscore=9.68;uscore=0.52;tscore=2.49;
contig_45	Prodigal_v2.6.3	CDS	6970	7845	152.8	+	0	ID=4_8;partial=00;start_type=ATG;rbs_motif=AGGAG;rbs_spacer=5-10bp;gc_cont=0.394;conf=100.00;score=152.82;cscore=136.21;sscore=16.61;rscore=12.22;uscore=1.90;tscore=2.49;
contig_45	Prodigal_v2.6.3	CDS	7858	8793	139.2	+	0	ID=4_9;partial=00;start_type=ATG;rbs_motif=GGA/GAG/AGG;rbs_spacer=5-10bp;gc_cont=0.378;conf=100.00;score=139.23;cscore=137.49;sscore=1.74;rscore=-0.45;uscore=-1.44;tscore=2.49;
contig_45	Prodigal_v2.6.3	CDS	8793	9572	132.8	+	0	ID=4_10;partial=00;start_type=ATG;rbs_motif=GGAGG;rbs_spacer=5-10bp;gc_cont=0.401;conf=100.00;score=132.76;cscore=112.41;sscore=20.35;rscore=12.75;uscore=3.83;tscore=2.49;
contig_45	Prodigal_v2.6.3	CDS	9572	10279	137.5	+	0	ID=4_11;partial=00;start_type=ATG;rbs_motif=AGGAGG;rbs_spacer=5-10bp;gc_cont=0.400;conf=100.00;score=137.48;cscore=118.19;sscore=19.29;rscore=13.75;uscore=1.77;tscore=2.49;
contig_45	Prodigal_v2.6.3	CDS	10395	10892	59.0	+	0	ID=4_12;partial=00;start_type=TTG;rbs_motif=AGGAG;rbs_spacer=5-10bp;gc_cont=0.414;conf=100.00;score=59.02;cscore=49.79;sscore=9.23;rscore=12.22;uscore=1.70;tscore=-4.70;
contig_45	Prodigal_v2.6.3	CDS	10934	11185	27.0	-	0	ID=4_13;partial=00;start_type=ATG;rbs_motif=None;rbs_spacer=None;gc_cont=0.353;conf=99.80;score=27.03;cscore=34.11;sscore=-7.09;rscore=-9.60;uscore=0.69;tscore=2.48;
contig_45	Prodigal_v2.6.3	CDS	11913	12389	94.9	-	0	ID=4_14;partial=00;start_type=ATG;rbs_motif=AGGAG;rbs_spacer=5-10bp;gc_cont=0.363;conf=100.00;score=94.85;cscore=74.76;sscore=20.10;rscore=12.22;uscore=6.04;tscore=2.49;
contig_45	Prodigal_v2.6.3	CDS	12631	13047	78.3	+	0	ID=4_15;partial=00;start_type=ATG;rbs_motif=GGAG/GAGG;rbs_spacer=5-10bp;gc_cont=0.412;conf=100.00;score=78.29;cscore=64.48;sscore=13.81;rscore=8.24;uscore=3.08;tscore=2.49;
contig_45	Prodigal_v2.6.3	CDS	13175	13660	63.5	+	0	ID=4_16;partial=00;start_type=TTG;rbs_motif=None;rbs_spacer=None;gc_cont=0.389;conf=100.00;score=63.55;cscore=74.13;sscore=-10.58;rscore=-9.56;uscore=3.67;tscore=-4.70;
contig_45	Prodigal_v2.6.3	CDS	13657	14091	45.8	+	0	ID=4_17;partial=00;start_type=ATG;rbs_motif=None;rbs_spacer=None;gc_cont=0.386;conf=100.00;score=45.79;cscore=42.01;sscore=3.78;rscore=-9.56;uscore=-4.20;tscore=2.49;
contig_45	Prodigal_v2.6.3	CDS	14185	14430	26.6	+	0	ID=4_18;partial=00;start_type=GTG;rbs_motif=GGAGG;rbs_spacer=5-10bp;gc_cont=0.431;conf=99.78;score=26.63;cscore=17.88;sscore=8.74;rscore=12.40;uscore=0.06;tscore=-3.71;
contig_45	Prodigal_v2.6.3	CDS	14687	14827	3.5	-	0	ID=4_19;partial=00;start_type=ATG;rbs_motif=AGGAGG;rbs_spacer=5-10bp;gc_cont=0.284;conf=69.06;score=3.49;cscore=-5.81;sscore=9.30;rscore=7.59;uscore=1.49;tscore=1.37;
contig_45	Prodigal_v2.6.3	CDS	15057	15419	29.5	+	0	ID=4_20;partial=00;start_type=GTG;rbs_motif=GGA/GAG/AGG;rbs_spacer=5-10bp;gc_cont=0.383;conf=99.89;score=29.51;cscore=33.16;sscore=-3.64;rscore=-0.45;uscore=0.42;tscore=-3.61;
contig_45	Prodigal_v2.6.3	CDS	15496	15957	41.8	+	0	ID=4_21;partial=00;start_type=ATG;rbs_motif=GGA/GAG/AGG;rbs_spacer=3-4bp;gc_cont=0.366;conf=99.99;score=41.76;cscore=47.86;sscore=-6.09;rscore=-7.91;uscore=-0.67;tscore=2.49;
contig_45	Prodigal_v2.6.3	CDS	16001	16414	76.3	+	0	ID=4_22;partial=01;start_type=ATG;rbs_motif=AGGAG/GGAGG;rbs_spacer=11-12bp;gc_cont=0.430;conf=100.00;score=76.28;cscore=62.74;sscore=13.55;rscore=9.05;uscore=1.21;tscore=2.49;
# Sequence Data: seqnum=5;seqlen=12079;seqhdr="contig_56"
# Model Data: version=Prodigal.v2.6.3;run_type=Single;model="Ab initio";gc_cont=37.70;transl_table=11;uses_sd=1
contig_56	Prodigal_v2.6.3	CDS	1	423	71.1	-	0	ID=5_1;partial=10;start_type=ATG;rbs_motif=AGGAGG;rbs_spacer=5-10bp;gc_cont=0.411;conf=100.00;score=71.06;cscore=54.98;sscore=16.09;rscore=13.75;uscore=0.50;tscore=2.49;
contig_56	Prodigal_v2.6.3	CDS	775	1428	99.0	-	0	ID=5_2;partial=00;start_type=ATG;rbs_motif=AGGAG;rbs_spacer=5-10bp;gc_cont=0.344;conf=100.00;score=98.99;cscore=80.36;sscore=18.63;rscore=12.22;uscore=4.58;tscore=2.49;
contig_56	Prodigal_v2.6.3	CDS	1784	1948	8.6	+	0	ID=5_3;partial=00;start_type=GTG;rbs_motif=GGAGG;rbs_spacer=5-10bp;gc_cont=0.230;conf=87.84;score=8.60;cscore=3.92;sscore=4.69;rscore=8.26;uscore=1.99;tscore=-5.57;
contig_56	Prodigal_v2.6.3	CDS	2108	2332	1.1	-	0	ID=5_4;partial=00;start_type=TTG;rbs_motif=3Base/5BMM;rbs_spacer=13-15bp;gc_cont=0.422;conf=56.39;score=1.12;cscore=12.54;sscore=-11.42;rscore=-7.25;uscore=1.77;tscore=-5.29;
contig_56	Prodigal_v2.6.3	CDS	2576	2773	6.9	-	0	ID=5_5;partial=00;start_type=TTG;rbs_motif=GGxGG;rbs_spacer=5-10bp;gc_cont=0.348;conf=83.08;score=6.92;cscore=7.93;sscore=-1.00;rscore=5.28;uscore=0.39;tscore=-6.02;
contig_56	Prodigal_v2.6.3	CDS	3410	3769	53.8	-	0	ID=5_6;partial=00;start_type=TTG;rbs_motif=GGAG/GAGG;rbs_spacer=5-10bp;gc_cont=0.267;conf=100.00;score=53.83;cscore=49.46;sscore=4.36;rscore=8.24;uscore=1.47;tscore=-4.70;
contig_56	Prodigal_v2.6.3	CDS	3818	4405	58.9	+	0	ID=5_7;partial=00;start_type=ATG;rbs_motif=AGGA/GGAG/GAGG;rbs_spacer=11-12bp;gc_cont=0.345;conf=100.00;score=58.88;cscore=50.29;sscore=8.58;rscore=3.18;uscore=2.92;tscore=2.49;
contig_56	Prodigal_v2.6.3	CDS	4456	5241	99.6	-	0	ID=5_8;partial=00;start_type=ATG;rbs_motif=GGAG/GAGG;rbs_spacer=5-10bp;gc_cont=0.349;conf=100.00;score=99.63;cscore=86.67;sscore=12.96;rscore=8.24;uscore=2.89;tscore=2.49;
contig_56	Prodigal_v2.6.3	CDS	5719	6027	20.5	-	0	ID=5_9;partial=00;start_type=ATG;rbs_motif=3Base/5BMM;rbs_spacer=13-15bp;gc_cont=0.243;conf=99.12;score=20.54;cscore=21.75;sscore=-1.20;rscore=-6.44;uscore=3.40;tscore=2.49;
contig_56	Prodigal_v2.6.3	CDS	6625	6891	34.5	-	0	ID=5_10;partial=00;start_type=ATG;rbs_motif=AGGAG/GGAGG;rbs_spacer=11-12bp;gc_cont=0.341;conf=99.96;score=34.46;cscore=21.61;sscore=12.85;rscore=9.05;uscore=1.31;tscore=2.49;
contig_56	Prodigal_v2.6.3	CDS	6972	7994	105.3	-	0	ID=5_11;partial=00;start_type=ATG;rbs_motif=GGA/GAG/AGG;rbs_spacer=5-10bp;gc_cont=0.372;conf=100.00;score=105.31;cscore=104.87;sscore=0.44;rscore=-0.45;uscore=-0.95;tscore=2.49;
contig_56	Prodigal_v2.6.3	CDS	8345	9001	94.9	-	0	ID=5_12;partial=00;start_type=ATG;rbs_motif=AGGAG;rbs_spacer=5-10bp;gc_cont=0.335;conf=100.00;score=94.93;cscore=76.87;sscore=18.06;rscore=12.22;uscore=3.35;tscore=2.49;
contig_56	Prodigal_v2.6.3	CDS	9127	9351	25.2	-	0	ID=5_13;partial=00;start_type=ATG;rbs_motif=GGAG/GAGG;rbs_spacer=5-10bp;gc_cont=0.293;conf=99.70;score=25.19;cscore=11.69;sscore=13.50;rscore=7.32;uscore=2.76;tscore=2.21;
contig_56	Prodigal_v2.6.3	CDS	9357	9896	51.2	-	0	ID=5_14;partial=00;start_type=TTG;rbs_motif=AGGAG;rbs_spacer=5-10bp;gc_cont=0.285;conf=100.00;score=51.15;cscore=42.43;sscore=8.73;rscore=12.22;uscore=1.20;tscore=-4.70;
contig_56	Prodigal_v2.6.3	CDS	10043	10219	25.0	-	0	ID=5_15;partial=00;start_type=ATG;rbs_motif=AGGAGG;rbs_spacer=5-10bp;gc_cont=0.322;conf=99.68;score=25.00;cscore=12.96;sscore=12.04;rscore=9.57;uscore=1.39;tscore=1.73;
contig_56	Prodigal_v2.6.3	CDS	10351	10836	59.9	+	0	ID=5_16;partial=00;start_type=ATG;rbs_motif=AGxAGG/AGGxGG;rbs_spacer=5-10bp;gc_cont=0.292;conf=100.00;score=59.87;cscore=43.26;sscore=16.61;rscore=9.68;uscore=4.45;tscore=2.49;
contig_56	Prodigal_v2.6.3	CDS	10870	11313	43.3	-	0	ID=5_17;partial=00;start_type=ATG;rbs_motif=AGxAGG/AGGxGG;rbs_spacer=5-10bp;gc_cont=0.376;conf=100.00;score=43.35;cscore=27.84;sscore=15.51;rscore=9.68;uscore=4.00;tscore=2.49;
contig_56	Prodigal_v2.6.3	CDS	11501	12010	94.7	+	0	ID=5_18;partial=00;start_type=ATG;rbs_motif=AGxAGG/AGGxGG;rbs_spacer=5-10bp;gc_cont=0.312;conf=100.00;score=94.66;cscore=75.99;sscore=18.68;rscore=9.68;uscore=6.51;tscore=2.49;
# Sequence Data: seqnum=6;seqlen=89965;seqhdr="contig_22"
# Model Data: version=Prodigal.v2.6.3;run_type=Single;model="Ab initio";gc_cont=37.70;transl_table=11;uses_sd=1
contig_22	Prodigal_v2.6.3	CDS	3	575	72.5	-	0	ID=6_1;partial=10;start_type=TTG;rbs_motif=GGAG/GAGG;rbs_spacer=5-10bp;gc_cont=0.398;conf=100.00;score=72.48;cscore=67.32;sscore=5.16;rscore=8.24;uscore=1.62;tscore=-4.70;
contig_22	Prodigal_v2.6.3	CDS	691	1278	88.7	-	0	ID=6_2;partial=00;start_type=ATG;rbs_motif=AGGAG;rbs_spacer=5-10bp;gc_cont=0.347;conf=100.00;score=88.66;cscore=70.47;sscore=18.19;rscore=12.22;uscore=4.14;tscore=2.49;
contig_22	Prodigal_v2.6.3	CDS	1605	2741	92.6	+	0	ID=6_3;partial=00;start_type=ATG;rbs_motif=None;rbs_spacer=None;gc_cont=0.414;conf=100.00;score=92.63;cscore=98.38;sscore=-5.74;rscore=-9.56;uscore=1.33;tscore=2.49;
contig_22	Prodigal_v2.6.3	CDS	2847	3653	119.1	+	0	ID=6_4;partial=00;start_type=ATG;rbs_motif=GGA/GAG/AGG;rbs_spacer=5-10bp;gc_cont=0.352;conf=100.00;score=119.11;cscore=114.90;sscore=4.20;rscore=-0.45;uscore=2.16;tscore=2.49;
contig_22	Prodigal_v2.6.3	CDS	3701	4669	143.2	-	0	ID=6_5;partial=00;start_type=ATG;rbs_motif=AGGAGG;rbs_spacer=5-10bp;gc_cont=0.383;conf=100.00;score=143.22;cscore=125.07;sscore=18.15;rscore=13.75;uscore=2.56;tscore=2.49;
contig_22	Prodigal_v2.6.3	CDS	4734	5357	60.1	+	0	ID=6_6;partial=00;start_type=ATG;rbs_motif=GGAGG;rbs_spacer=5-10bp;gc_cont=0.370;conf=100.00;score=60.07;cscore=40.96;sscore=19.11;rscore=12.75;uscore=3.87;tscore=2.49;
contig_22	Prodigal_v2.6.3	CDS	5741	6985	86.4	+	0	ID=6_7;partial=00;start_type=ATG;rbs_motif=AGGAGG;rbs_spacer=5-10bp;gc_cont=0.362;conf=100.00;score=86.36;cscore=73.28;sscore=13.08;rscore=13.75;uscore=-2.50;tscore=2.49;
contig_22	Prodigal_v2.6.3	CDS	7067	7795	105.4	-	0	ID=6_8;partial=00;start_type=ATG;rbs_motif=GGAG/GAGG;rbs_spacer=5-10bp;gc_cont=0.333;conf=100.00;score=105.36;cscore=92.68;sscore=12.68;rscore=8.24;uscore=2.61;tscore=2.49;
contig_22	Prodigal_v2.6.3	CDS	8232	9836	249.3	+	0	ID=6_9;partial=00;start_type=ATG;rbs_motif=AGGAG;rbs_spacer=5-10bp;gc_cont=0.417;conf=99.99;score=249.33;cscore=232.29;sscore=17.04;rscore=12.22;uscore=2.33;tscore=2.49;
contig_22	Prodigal_v2.6.3	CDS	9936	11432	207.0	+	0	ID=6_10;partial=00;start_type=ATG;rbs_motif=GGAG/GAGG;rbs_spacer=5-10bp;gc_cont=0.379;conf=99.99;score=207.00;cscore=192.91;sscore=14.09;rscore=8.24;uscore=3.36;tscore=2.49;
contig_22	Prodigal_v2.6.3	CDS	11528	12481	148.5	-	0	ID=6_11;partial=00;start_type=GTG;rbs_motif=GGAG/GAGG;rbs_spacer=5-10bp;gc_cont=0.335;conf=100.00;score=148.47;cscore=143.39;sscore=5.07;rscore=8.24;uscore=0.44;tscore=-3.61;
contig_22	Prodigal_v2.6.3	CDS	12620	13804	235.9	-	0	ID=6_12;partial=00;start_type=ATG;rbs_motif=AGGAG/GGAGG;rbs_spacer=11-12bp;gc_cont=0.385;conf=99.99;score=235.93;cscore=222.83;sscore=13.10;rscore=9.05;uscore=0.78;tscore=2.49;
contig_22	Prodigal_v2.6.3	CDS	13850	14278	96.4	-	0	ID=6_13;partial=00;start_type=ATG;rbs_motif=AGGAG;rbs_spacer=5-10bp;gc_cont=0.375;conf=100.00;score=96.38;cscore=79.93;sscore=16.45;rscore=12.22;uscore=2.39;tscore=2.49;
contig_22	Prodigal_v2.6.3	CDS	14810	15106	69.8	-	0	ID=6_14;partial=00;start_type=ATG;rbs_motif=GGAGG;rbs_spacer=5-10bp;gc_cont=0.343;conf=100.00;score=69.82;cscore=53.03;sscore=16.78;rscore=12.75;uscore=2.19;tscore=2.49;
contig_22	Prodigal_v2.6.3	CDS	15290	15913	91.6	-	0	ID=6_15;partial=00;start_type=TTG;rbs_motif=AGGAGG;rbs_spacer=5-10bp;gc_cont=0.378;conf=100.00;score=91.65;cscore=79.71;sscore=11.94;rscore=13.75;uscore=3.54;tscore=-4.70;
contig_22	Prodigal_v2.6.3	CDS	16034	18220	336.9	+	0	ID=6_16;partial=00;start_type=ATG;rbs_motif=GGxGG;rbs_spacer=5-10bp;gc_cont=0.391;conf=99.99;score=336.92;cscore=325.76;sscore=11.16;rscore=6.77;uscore=1.90;tscore=2.49;
contig_22	Prodigal_v2.6.3	CDS	18357	19220	80.0	+	0	ID=6_17;partial=00;start_type=ATG;rbs_motif=AGGAG;rbs_spacer=5-10bp;gc_cont=0.341;conf=100.00;score=79.96;cscore=63.90;sscore=16.06;rscore=12.22;uscore=1.35;tscore=2.49;
contig_22	Prodigal_v2.6.3	CDS	19327	20409	148.5	+	0	ID=6_18;partial=00;start_type=ATG;rbs_motif=GGA/GAG/AGG;rbs_spacer=11-12bp;gc_cont=0.377;conf=100.00;score=148.53;cscore=144.25;sscore=4.28;rscore=-0.79;uscore=2.59;tscore=2.49;
contig_22	Prodigal_v2.6.3	CDS	20593	25539	661.8	-	0	ID=6_19;partial=00;start_type=ATG;rbs_motif=AGGAG;rbs_spacer=5-10bp;gc_cont=0.377;conf=99.99;score=661.78;cscore=645.16;sscore=16.62;rscore=12.22;uscore=1.13;tscore=2.49;
contig_22	Prodigal_v2.6.3	CDS	25585	26109	41.2	-	0	ID=6_20;partial=00;start_type=GTG;rbs_motif=GGxGG;rbs_spacer=5-10bp;gc_cont=0.379;conf=99.99;score=41.20;cscore=33.55;sscore=7.65;rscore=6.77;uscore=3.41;tscore=-3.61;
contig_22	Prodigal_v2.6.3	CDS	26128	26628	51.1	-	0	ID=6_21;partial=00;start_type=ATG;rbs_motif=AGxAGG/AGGxGG;rbs_spacer=5-10bp;gc_cont=0.391;conf=100.00;score=51.09;cscore=38.77;sscore=12.32;rscore=9.68;uscore=-0.99;tscore=2.49;
contig_22	Prodigal_v2.6.3	CDS	26641	27147	62.8	-	0	ID=6_22;partial=00;start_type=ATG;rbs_motif=AGGAGG;rbs_spacer=5-10bp;gc_cont=0.406;conf=100.00;score=62.83;cscore=45.66;sscore=17.17;rscore=13.75;uscore=1.59;tscore=2.49;
contig_22	Prodigal_v2.6.3	CDS	27457	28383	135.9	-	0	ID=6_23;partial=00;start_type=ATG;rbs_motif=AGGA;rbs_spacer=5-10bp;gc_cont=0.393;conf=100.00;score=135.95;cscore=128.65;sscore=7.30;rscore=4.23;uscore=-0.56;tscore=2.49;
contig_22	Prodigal_v2.6.3	CDS	28396	29208	115.3	-	0	ID=6_24;partial=00;start_type=ATG;rbs_motif=None;rbs_spacer=None;gc_cont=0.410;conf=100.00;score=115.35;cscore=119.58;sscore=-4.23;rscore=-9.56;uscore=1.65;tscore=2.49;
contig_22	Prodigal_v2.6.3	CDS	29195	29302	12.9	-	0	ID=6_25;partial=00;start_type=ATG;rbs_motif=AGGAG/GGAGG;rbs_spacer=11-12bp;gc_cont=0.352;conf=95.08;score=12.88;cscore=5.89;sscore=6.99;rscore=3.80;uscore=1.09;tscore=1.04;
contig_22	Prodigal_v2.6.3	CDS	29323	30321	118.5	-	0	ID=6_26;partial=00;start_type=GTG;rbs_motif=AGGAG/GGAGG;rbs_spacer=11-12bp;gc_cont=0.423;conf=100.00;score=118.49;cscore=111.33;sscore=7.16;rscore=9.05;uscore=0.53;tscore=-3.61;
contig_22	Prodigal_v2.6.3	CDS	30308	31135	72.3	-	0	ID=6_27;partial=00;start_type=GTG;rbs_motif=GGA/GAG/AGG;rbs_spacer=5-10bp;gc_cont=0.356;conf=100.00;score=72.26;cscore=74.25;sscore=-1.98;rscore=-0.45;uscore=0.93;tscore=-3.61;
contig_22	Prodigal_v2.6.3	CDS	31148	32095	110.5	-	0	ID=6_28;partial=00;start_type=ATG;rbs_motif=AGGAGG;rbs_spacer=5-10bp;gc_cont=0.372;conf=100.00;score=110.46;cscore=94.04;sscore=16.42;rscore=13.75;uscore=0.18;tscore=2.49;
contig_22	Prodigal_v2.6.3	CDS	32182	33495	197.0	-	0	ID=6_29;partial=00;start_type=ATG;rbs_motif=None;rbs_spacer=None;gc_cont=0.373;conf=99.99;score=197.04;cscore=192.42;sscore=4.62;rscore=-9.56;uscore=0.84;tscore=2.49;
contig_22	Prodigal_v2.6.3	CDS	33492	34511	101.6	-	0	ID=6_30;partial=00;start_type=TTG;rbs_motif=None;rbs_spacer=None;gc_cont=0.389;conf=100.00;score=101.63;cscore=113.56;sscore=-11.93;rscore=-9.56;uscore=2.33;tscore=-4.70;
contig_22	Prodigal_v2.6.3	CDS	34671	36185	261.9	-	0	ID=6_31;partial=00;start_type=ATG;rbs_motif=GGAG/GAGG;rbs_spacer=5-10bp;gc_cont=0.384;conf=99.99;score=261.92;cscore=246.20;sscore=15.72;rscore=8.24;uscore=5.64;tscore=2.49;
contig_22	Prodigal_v2.6.3	CDS	36343	37254	118.1	+	0	ID=6_32;partial=00;start_type=ATG;rbs_motif=GGA/GAG/AGG;rbs_spacer=5-10bp;gc_cont=0.356;conf=100.00;score=118.15;cscore=113.07;sscore=5.08;rscore=-0.45;uscore=3.04;tscore=2.49;
contig_22	Prodigal_v2.6.3	CDS	37361	39004	210.5	-	0	ID=6_33;partial=00;start_type=ATG;rbs_motif=GGA/GAG/AGG;rbs_spacer=5-10bp;gc_cont=0.392;conf=99.99;score=210.51;cscore=206.73;sscore=3.78;rscore=-0.45;uscore=-2.25;tscore=2.49;
contig_22	Prodigal_v2.6.3	CDS	39001	39702	112.6	-	0	ID=6_34;partial=00;start_type=ATG;rbs_motif=AGxAGG/AGGxGG;rbs_spacer=5-10bp;gc_cont=0.342;conf=100.00;score=112.64;cscore=98.51;sscore=14.13;rscore=9.68;uscore=2.62;tscore=2.49;
contig_22	Prodigal_v2.6.3	CDS	39806	40951	133.4	+	0	ID=6_35;partial=00;start_type=ATG;rbs_motif=AGGAG;rbs_spacer=5-10bp;gc_cont=0.359;conf=100.00;score=133.36;cscore=115.29;sscore=18.07;rscore=12.22;uscore=3.36;tscore=2.49;
contig_22	Prodigal_v2.6.3	CDS	40990	41088	8.2	+	0	ID=6_36;partial=00;start_type=ATG;rbs_motif=AGGA;rbs_spacer=5-10bp;gc_cont=0.354;conf=86.82;score=8.20;cscore=3.94;sscore=4.26;rscore=1.62;uscore=0.82;tscore=0.95;
contig_22	Prodigal_v2.6.3	CDS	41159	41713	87.0	+	0	ID=6_37;partial=00;start_type=TTG;rbs_motif=AGGAGG;rbs_spacer=5-10bp;gc_cont=0.351;conf=100.00;score=87.00;cscore=79.60;sscore=7.40;rscore=13.75;uscore=-1.65;tscore=-4.70;
contig_22	Prodigal_v2.6.3	CDS	41814	42128	40.5	+	0	ID=6_38;partial=00;start_type=TTG;rbs_motif=AGGAG;rbs_spacer=5-10bp;gc_cont=0.295;conf=99.99;score=40.52;cscore=30.21;sscore=10.31;rscore=12.22;uscore=2.79;tscore=-4.70;
contig_22	Prodigal_v2.6.3	CDS	42179	43573	279.3	-	0	ID=6_39;partial=00;start_type=TTG;rbs_motif=AGGAGG;rbs_spacer=5-10bp;gc_cont=0.376;conf=99.99;score=279.31;cscore=270.18;sscore=9.13;rscore=13.75;uscore=0.73;tscore=-4.70;
contig_22	Prodigal_v2.6.3	CDS	44343	45293	126.3	-	0	ID=6_40;partial=00;start_type=ATG;rbs_motif=GGxGG;rbs_spacer=5-10bp;gc_cont=0.342;conf=100.00;score=126.26;cscore=115.62;sscore=10.64;rscore=6.77;uscore=1.38;tscore=2.49;
contig_22	Prodigal_v2.6.3	CDS	45271	46152	100.1	-	0	ID=6_41;partial=00;start_type=ATG;rbs_motif=GGAG/GAGG;rbs_spacer=5-10bp;gc_cont=0.342;conf=100.00;score=100.08;cscore=90.07;sscore=10.02;rscore=8.24;uscore=-0.06;tscore=2.49;
contig_22	Prodigal_v2.6.3	CDS	46448	46633	30.2	+	0	ID=6_42;partial=00;start_type=ATG;rbs_motif=GGAGG;rbs_spacer=5-10bp;gc_cont=0.419;conf=99.90;score=30.23;cscore=16.39;sscore=13.85;rscore=9.34;uscore=2.69;tscore=1.82;
contig_22	Prodigal_v2.6.3	CDS	46578	46832	27.4	+	0	ID=6_43;partial=00;start_type=ATG;rbs_motif=AGxAGG/AGGxGG;rbs_spacer=11-12bp;gc_cont=0.388;conf=99.82;score=27.40;cscore=19.51;sscore=7.88;rscore=6.48;uscore=-1.08;tscore=2.49;
contig_22	Prodigal_v2.6.3	CDS	46801	48042	171.4	+	0	ID=6_44;partial=00;start_type=TTG;rbs_motif=GGA/GAG/AGG;rbs_spacer=5-10bp;gc_cont=0.415;conf=100.00;score=171.44;cscore=178.98;sscore=-7.54;rscore=-0.45;uscore=-2.39;tscore=-4.70;
contig_22	Prodigal_v2.6.3	CDS	48203	49363	122.0	+	0	ID=6_45;partial=00;start_type=ATG;rbs_motif=3Base/5BMM;rbs_spacer=13-15bp;gc_cont=0.357;conf=100.00;score=122.01;cscore=123.28;sscore=-1.26;rscore=-6.44;uscore=2.69;tscore=2.49;
contig_22	Prodigal_v2.6.3	CDS	49467	50363	112.8	+	0	ID=6_46;partial=00;start_type=ATG;rbs_motif=AGGAGG;rbs_spacer=5-10bp;gc_cont=0.379;conf=100.00;score=112.79;cscore=97.77;sscore=15.03;rscore=13.75;uscore=-1.21;tscore=2.49;
contig_22	Prodigal_v2.6.3	CDS	50397	50966	59.4	-	0	ID=6_47;partial=00;start_type=ATG;rbs_motif=GGAGG;rbs_spacer=5-10bp;gc_cont=0.335;conf=100.00;score=59.44;cscore=43.80;sscore=15.64;rscore=12.75;uscore=1.05;tscore=2.49;
contig_22	Prodigal_v2.6.3	CDS	51163	51600	54.4	+	0	ID=6_48;partial=00;start_type=TTG;rbs_motif=GGAG/GAGG;rbs_spacer=5-10bp;gc_cont=0.356;conf=100.00;score=54.37;cscore=48.11;sscore=6.26;rscore=8.24;uscore=2.72;tscore=-4.70;
contig_22	Prodigal_v2.6.3	CDS	51701	52198	43.9	+	0	ID=6_49;partial=00;start_type=TTG;rbs_motif=4Base/6BMM;rbs_spacer=13-15bp;gc_cont=0.380;conf=100.00;score=43.89;cscore=52.41;sscore=-8.52;rscore=-3.98;uscore=0.16;tscore=-4.70;
contig_22	Prodigal_v2.6.3	CDS	52225	52434	12.0	+	0	ID=6_50;partial=00;start_type=ATG;rbs_motif=None;rbs_spacer=None;gc_cont=0.338;conf=94.09;score=12.04;cscore=20.19;sscore=-8.15;rscore=-11.54;uscore=0.34;tscore=2.06;
contig_22	Prodigal_v2.6.3	CDS	52478	52999	62.9	-	0	ID=6_51;partial=00;start_type=ATG;rbs_motif=GGA/GAG/AGG;rbs_spacer=5-10bp;gc_cont=0.356;conf=100.00;score=62.85;cscore=59.52;sscore=3.34;rscore=-0.45;uscore=1.95;tscore=2.49;
contig_22	Prodigal_v2.6.3	CDS	53304	54281	147.5	-	0	ID=6_52;partial=00;start_type=ATG;rbs_motif=None;rbs_spacer=None;gc_cont=0.403;conf=100.00;score=147.54;cscore=155.95;sscore=-8.41;rscore=-9.56;uscore=-2.56;tscore=2.49;
contig_22	Prodigal_v2.6.3	CDS	54287	54601	57.8	-	0	ID=6_53;partial=00;start_type=ATG;rbs_motif=GGAGG;rbs_spacer=5-10bp;gc_cont=0.400;conf=100.00;score=57.82;cscore=41.30;sscore=16.52;rscore=12.75;uscore=-0.37;tscore=2.49;
contig_22	Prodigal_v2.6.3	CDS	54601	55185	103.7	-	0	ID=6_54;partial=00;start_type=ATG;rbs_motif=AGxAGG/AGGxGG;rbs_spacer=11-12bp;gc_cont=0.368;conf=100.00;score=103.73;cscore=92.13;sscore=11.59;rscore=6.48;uscore=3.28;tscore=2.49;
contig_22	Prodigal_v2.6.3	CDS	55587	56837	138.9	-	0	ID=6_55;partial=00;start_type=GTG;rbs_motif=4Base/6BMM;rbs_spacer=13-15bp;gc_cont=0.393;conf=100.00;score=138.92;cscore=146.30;sscore=-7.38;rscore=-3.98;uscore=0.87;tscore=-3.61;
contig_22	Prodigal_v2.6.3	CDS	58020	58418	52.5	-	0	ID=6_56;partial=00;start_type=ATG;rbs_motif=AGGAG;rbs_spacer=5-10bp;gc_cont=0.373;conf=100.00;score=52.50;cscore=35.46;sscore=17.04;rscore=12.22;uscore=2.33;tscore=2.49;
contig_22	Prodigal_v2.6.3	CDS	58509	58649	9.6	-	0	ID=6_57;partial=00;start_type=GTG;rbs_motif=GGA/GAG/AGG;rbs_spacer=5-10bp;gc_cont=0.397;conf=90.15;score=9.63;cscore=18.62;sscore=-8.99;rscore=-0.81;uscore=-2.66;tscore=-6.54;
contig_22	Prodigal_v2.6.3	CDS	58673	59182	60.4	-	0	ID=6_58;partial=00;start_type=ATG;rbs_motif=AGGAGG;rbs_spacer=5-10bp;gc_cont=0.367;conf=100.00;score=60.36;cscore=42.83;sscore=17.53;rscore=13.75;uscore=-2.06;tscore=2.49;
contig_22	Prodigal_v2.6.3	CDS	59179	60474	174.9	-	0	ID=6_59;partial=00;start_type=ATG;rbs_motif=AGGA;rbs_spacer=5-10bp;gc_cont=0.375;conf=100.00;score=174.87;cscore=169.99;sscore=4.88;rscore=4.23;uscore=-3.05;tscore=2.49;
contig_22	Prodigal_v2.6.3	CDS	60464	61159	114.8	-	0	ID=6_60;partial=00;start_type=ATG;rbs_motif=AGGA;rbs_spacer=5-10bp;gc_cont=0.395;conf=100.00;score=114.82;cscore=105.84;sscore=8.98;rscore=4.23;uscore=2.92;tscore=2.49;
contig_22	Prodigal_v2.6.3	CDS	61358	61561	19.0	-	0	ID=6_61;partial=00;start_type=ATG;rbs_motif=AGGA/GGAG/GAGG;rbs_spacer=11-12bp;gc_cont=0.319;conf=98.74;score=18.98;cscore=13.26;sscore=5.72;rscore=2.55;uscore=1.17;tscore=2.00;
contig_22	Prodigal_v2.6.3	CDS	61660	64695	397.5	-	0	ID=6_62;partial=00;start_type=ATG;rbs_motif=AGGAG;rbs_spacer=5-10bp;gc_cont=0.364;conf=99.99;score=397.52;cscore=378.62;sscore=18.90;rscore=12.22;uscore=4.19;tscore=2.49;
contig_22	Prodigal_v2.6.3	CDS	64846	67284	290.3	-	0	ID=6_63;partial=00;start_type=ATG;rbs_motif=AGGAG;rbs_spacer=5-10bp;gc_cont=0.392;conf=99.99;score=290.33;cscore=271.93;sscore=18.40;rscore=12.22;uscore=3.69;tscore=2.49;
contig_22	Prodigal_v2.6.3	CDS	67422	69938	330.0	-	0	ID=6_64;partial=00;start_type=ATG;rbs_motif=AGGAGG;rbs_spacer=5-10bp;gc_cont=0.355;conf=99.99;score=329.99;cscore=310.01;sscore=19.98;rscore=13.75;uscore=2.75;tscore=2.49;
contig_22	Prodigal_v2.6.3	CDS	69965	71494	205.9	-	0	ID=6_65;partial=00;start_type=ATG;rbs_motif=None;rbs_spacer=None;gc_cont=0.330;conf=99.99;score=205.92;cscore=211.62;sscore=-5.70;rscore=-9.56;uscore=0.14;tscore=2.49;
contig_22	Prodigal_v2.6.3	CDS	71499	71999	25.8	-	0	ID=6_66;partial=00;start_type=ATG;rbs_motif=None;rbs_spacer=None;gc_cont=0.357;conf=99.74;score=25.80;cscore=30.09;sscore=-4.29;rscore=-9.56;uscore=2.78;tscore=2.49;
contig_22	Prodigal_v2.6.3	CDS	71939	72511	55.1	-	0	ID=6_67;partial=00;start_type=ATG;rbs_motif=GGAG/GAGG;rbs_spacer=5-10bp;gc_cont=0.314;conf=100.00;score=55.10;cscore=42.09;sscore=13.01;rscore=8.24;uscore=2.93;tscore=2.49;
contig_22	Prodigal_v2.6.3	CDS	72734	73999	183.7	+	0	ID=6_68;partial=00;start_type=ATG;rbs_motif=GGAG/GAGG;rbs_spacer=5-10bp;gc_cont=0.402;conf=99.99;score=183.71;cscore=171.13;sscore=12.58;rscore=8.24;uscore=1.85;tscore=2.49;
contig_22	Prodigal_v2.6.3	CDS	74047	74466	22.2	-	0	ID=6_69;partial=00;start_type=ATG;rbs_motif=None;rbs_spacer=None;gc_cont=0.314;conf=99.40;score=22.21;cscore=27.00;sscore=-4.79;rscore=-9.56;uscore=1.35;tscore=2.49;
contig_22	Prodigal_v2.6.3	CDS	74499	74741	40.1	-	0	ID=6_70;partial=00;start_type=ATG;rbs_motif=GGAGG;rbs_spacer=5-10bp;gc_cont=0.284;conf=99.99;score=40.08;cscore=24.10;sscore=15.97;rscore=12.24;uscore=2.00;tscore=2.39;
contig_22	Prodigal_v2.6.3	CDS	74968	75693	85.0	-	0	ID=6_71;partial=00;start_type=ATG;rbs_motif=3Base/5BMM;rbs_spacer=13-15bp;gc_cont=0.348;conf=100.00;score=84.98;cscore=83.93;sscore=1.06;rscore=-6.44;uscore=5.01;tscore=2.49;
contig_22	Prodigal_v2.6.3	CDS	75789	76226	28.7	-	0	ID=6_72;partial=00;start_type=ATG;rbs_motif=None;rbs_spacer=None;gc_cont=0.349;conf=99.86;score=28.65;cscore=36.72;sscore=-8.06;rscore=-9.56;uscore=-0.99;tscore=2.49;
contig_22	Prodigal_v2.6.3	CDS	76175	76720	56.4	-	0	ID=6_73;partial=00;start_type=ATG;rbs_motif=GGA/GAG/AGG;rbs_spacer=5-10bp;gc_cont=0.321;conf=100.00;score=56.43;cscore=54.40;sscore=2.03;rscore=-0.45;uscore=-1.22;tscore=2.49;
contig_22	Prodigal_v2.6.3	CDS	76727	76870	3.3	-	0	ID=6_74;partial=00;start_type=ATG;rbs_motif=GGA/GAG/AGG;rbs_spacer=11-12bp;gc_cont=0.333;conf=67.87;score=3.25;cscore=3.07;sscore=0.18;rscore=-1.40;uscore=0.18;tscore=1.40;
contig_22	Prodigal_v2.6.3	CDS	77048	77422	57.8	-	0	ID=6_75;partial=00;start_type=GTG;rbs_motif=GGAG/GAGG;rbs_spacer=5-10bp;gc_cont=0.352;conf=100.00;score=57.81;cscore=51.65;sscore=6.16;rscore=8.24;uscore=2.18;tscore=-3.61;
contig_22	Prodigal_v2.6.3	CDS	77708	77935	3.7	-	0	ID=6_76;partial=00;start_type=ATG;rbs_motif=None;rbs_spacer=None;gc_cont=0.386;conf=70.16;score=3.72;cscore=15.41;sscore=-11.69;rscore=-10.62;uscore=-3.31;tscore=2.24;
contig_22	Prodigal_v2.6.3	CDS	78055	79032	143.3	-	0	ID=6_77;partial=00;start_type=GTG;rbs_motif=AGGA;rbs_spacer=5-10bp;gc_cont=0.384;conf=100.00;score=143.34;cscore=142.45;sscore=0.89;rscore=4.23;uscore=0.93;tscore=-3.61;
contig_22	Prodigal_v2.6.3	CDS	79594	79980	15.8	+	0	ID=6_78;partial=00;start_type=TTG;rbs_motif=None;rbs_spacer=None;gc_cont=0.390;conf=97.40;score=15.76;cscore=31.32;sscore=-15.57;rscore=-9.56;uscore=-1.31;tscore=-4.70;
contig_22	Prodigal_v2.6.3	CDS	79952	80422	24.9	+	0	ID=6_79;partial=00;start_type=GTG;rbs_motif=None;rbs_spacer=None;gc_cont=0.408;conf=99.67;score=24.89;cscore=40.94;sscore=-16.05;rscore=-9.56;uscore=-2.88;tscore=-3.61;
contig_22	Prodigal_v2.6.3	CDS	80410	80679	14.6	+	0	ID=6_80;partial=00;start_type=ATG;rbs_motif=None;rbs_spacer=None;gc_cont=0.415;conf=96.62;score=14.59;cscore=23.04;sscore=-8.45;rscore=-9.56;uscore=-2.58;tscore=2.49;
contig_22	Prodigal_v2.6.3	CDS	80747	80989	19.8	-	0	ID=6_81;partial=00;start_type=ATG;rbs_motif=None;rbs_spacer=None;gc_cont=0.379;conf=98.96;score=19.83;cscore=28.21;sscore=-8.38;rscore=-9.96;uscore=-1.98;tscore=2.39;
contig_22	Prodigal_v2.6.3	CDS	80974	81279	28.7	-	0	ID=6_82;partial=00;start_type=ATG;rbs_motif=GGAG/GAGG;rbs_spacer=5-10bp;gc_cont=0.395;conf=99.86;score=28.66;cscore=15.57;sscore=13.09;rscore=8.24;uscore=1.64;tscore=2.49;
contig_22	Prodigal_v2.6.3	CDS	81331	82377	156.2	-	0	ID=6_83;partial=00;start_type=ATG;rbs_motif=GGAGG;rbs_spacer=5-10bp;gc_cont=0.374;conf=100.00;score=156.22;cscore=139.18;sscore=17.04;rscore=12.75;uscore=1.80;tscore=2.49;
# Sequence Data: seqnum=7;seqlen=99925;seqhdr="contig_6"
# Model Data: version=Prodigal.v2.6.3;run_type=Single;model="Ab initio";gc_cont=37.70;transl_table=11;uses_sd=1
contig_6	Prodigal_v2.6.3	CDS	1	606	77.4	+	0	ID=7_1;partial=10;start_type=Edge;rbs_motif=None;rbs_spacer=None;gc_cont=0.376;conf=100.00;score=77.35;cscore=74.14;sscore=3.22;rscore=0.00;uscore=0.00;tscore=3.22;
contig_6	Prodigal_v2.6.3	CDS	584	709	13.1	+	0	ID=7_2;partial=00;start_type=ATG;rbs_motif=AGxAGG/AGGxGG;rbs_spacer=5-10bp;gc_cont=0.397;conf=95.32;score=13.11;cscore=6.13;sscore=6.97;rscore=4.76;uscore=0.99;tscore=1.22;
contig_6	Prodigal_v2.6.3	CDS	654	1268	67.6	+	0	ID=7_3;partial=00;start_type=ATG;rbs_motif=3Base/5BMM;rbs_spacer=13-15bp;gc_cont=0.400;conf=100.00;score=67.58;cscore=71.64;sscore=-4.07;rscore=-6.44;uscore=-0.12;tscore=2.49;
contig_6	Prodigal_v2.6.3	CDS	1384	2094	103.2	+	0	ID=7_4;partial=00;start_type=TTG;rbs_motif=AGxAGG/AGGxGG;rbs_spacer=5-10bp;gc_cont=0.414;conf=100.00;score=103.19;cscore=97.56;sscore=5.63;rscore=9.68;uscore=0.64;tscore=-4.70;
contig_6	Prodigal_v2.6.3	CDS	2812	3894	186.8	+	0	ID=7_5;partial=00;start_type=ATG;rbs_motif=AGGAG/GGAGG;rbs_spacer=11-12bp;gc_cont=0.394;conf=99.99;score=186.80;cscore=172.50;sscore=14.30;rscore=9.05;uscore=3.41;tscore=2.49;
contig_6	Prodigal_v2.6.3	CDS	4005	4610	92.1	-	0	ID=7_6;partial=00;start_type=ATG;rbs_motif=AGGAG;rbs_spacer=5-10bp;gc_cont=0.426;conf=100.00;score=92.09;cscore=75.93;sscore=16.16;rscore=12.22;uscore=0.16;tscore=2.49;
contig_6	Prodigal_v2.6.3	CDS	4607	5719	83.9	-	0	ID=7_7;partial=00;start_type=ATG;rbs_motif=None;rbs_spacer=None;gc_cont=0.411;conf=100.00;score=83.90;cscore=91.19;sscore=-7.29;rscore=-9.56;uscore=-1.35;tscore=2.49;
contig_6	Prodigal_v2.6.3	CDS	5733	6860	115.6	-	0	ID=7_8;partial=00;start_type=ATG;rbs_motif=GGA/GAG/AGG;rbs_spacer=11-12bp;gc_cont=0.398;conf=100.00;score=115.59;cscore=109.92;sscore=5.67;rscore=-0.79;uscore=3.97;tscore=2.49;
contig_6	Prodigal_v2.6.3	CDS	7013	7624	42.4	-	0	ID=7_9;partial=00;start_type=TTG;rbs_motif=GGA/GAG/AGG;rbs_spacer=5-10bp;gc_cont=0.400;conf=99.99;score=42.44;cscore=53.96;sscore=-11.52;rscore=-0.45;uscore=-5.72;tscore=-4.70;
contig_6	Prodigal_v2.6.3	CDS	7855	8097	19.5	+	0	ID=7_10;partial=00;start_type=ATG;rbs_motif=AGxAGG/AGGxGG;rbs_spacer=5-10bp;gc_cont=0.395;conf=98.87;score=19.47;cscore=6.31;sscore=13.16;rscore=9.29;uscore=1.48;tscore=2.39;
contig_6	Prodigal_v2.6.3	CDS	8148	9197	179.4	-	0	ID=7_11;partial=00;start_type=ATG;rbs_motif=4Base/6BMM;rbs_spacer=13-15bp;gc_cont=0.396;conf=99.99;score=179.41;cscore=179.13;sscore=0.29;rscore=-3.98;uscore=2.43;tscore=2.49;
contig_6	Prodigal_v2.6.3	CDS	9345	10133	131.6	+	0	ID=7_12;partial=00;start_type=TTG;rbs_motif=GGAG/GAGG;rbs_spacer=5-10bp;gc_cont=0.383;conf=100.00;score=131.57;cscore=122.93;sscore=8.64;rscore=8.24;uscore=5.10;tscore=-4.70;
contig_6	Prodigal_v2.6.3	CDS	10147	11073	204.2	+	0	ID=7_13;partial=00;start_type=ATG;rbs_motif=AGGAG;rbs_spacer=5-10bp;gc_cont=0.357;conf=99.99;score=204.22;cscore=187.92;sscore=16.30;rscore=12.22;uscore=0.46;tscore=2.49;
contig_6	Prodigal_v2.6.3	CDS	11097	12098	151.3	+	0	ID=7_14;partial=00;start_type=ATG;rbs_motif=GGA/GAG/AGG;rbs_spacer=11-12bp;gc_cont=0.437;conf=100.00;score=151.30;cscore=143.27;sscore=8.02;rscore=-0.79;uscore=5.30;tscore=2.49;
contig_6	Prodigal_v2.6.3	CDS	12091	13098	137.5	+	0	ID=7_15;partial=00;start_type=TTG;rbs_motif=GGAGG;rbs_spacer=5-10bp;gc_cont=0.449;conf=100.00;score=137.50;cscore=128.28;sscore=9.22;rscore=12.75;uscore=-0.09;tscore=-4.70;
contig_6	Prodigal_v2.6.3	CDS	13255	14196	75.7	+	0	ID=7_16;partial=00;start_type=ATG;rbs_motif=AGGAGG;rbs_spacer=5-10bp;gc_cont=0.414;conf=100.00;score=75.73;cscore=57.89;sscore=17.84;rscore=13.75;uscore=1.60;tscore=2.49;
contig_6	Prodigal_v2.6.3	CDS	14281	14382	5.1	+	0	ID=7_17;partial=00;start_type=ATG;rbs_motif=AGxAGG/AGGxGG;rbs_spacer=5-10bp;gc_cont=0.461;conf=76.25;score=5.07;cscore=0.89;sscore=4.18;rscore=3.83;uscore=-0.63;tscore=0.98;
contig_6	Prodigal_v2.6.3	CDS	14598	15017	41.0	+	0	ID=7_18;partial=00;start_type=GTG;rbs_motif=AGGA;rbs_spacer=5-10bp;gc_cont=0.405;conf=99.99;score=41.01;cscore=38.18;sscore=2.83;rscore=4.23;uscore=2.87;tscore=-3.61;
contig_6	Prodigal_v2.6.3	CDS	15029	16228	185.4	+	0	ID=7_19;partial=00;start_type=GTG;rbs_motif=AGGAG;rbs_spacer=5-10bp;gc_cont=0.378;conf=99.99;score=185.38;cscore=172.45;sscore=12.93;rscore=12.22;uscore=3.16;tscore=-3.61;
contig_6	Prodigal_v2.6.3	CDS	16391	17260	203.3	+	0	ID=7_20;partial=00;start_type=ATG;rbs_motif=AGxAGG/AGGxGG;rbs_spacer=5-10bp;gc_cont=0.397;conf=99.99;score=203.33;cscore=188.23;sscore=15.10;rscore=9.68;uscore=2.94;tscore=2.49;
contig_6	Prodigal_v2.6.3	CDS	17269	18321	165.3	+	0	ID=7_21;partial=00;start_type=ATG;rbs_motif=AGGA/GGAG/GAGG;rbs_spacer=11-12bp;gc_cont=0.435;conf=100.00;score=165.29;cscore=159.54;sscore=5.74;rscore=3.18;uscore=-1.10;tscore=2.49;
contig_6	Prodigal_v2.6.3	CDS	18321	18527	13.9	+	0	ID=7_22;partial=00;start_type=ATG;rbs_motif=GGA/GAG/AGG;rbs_spacer=3-4bp;gc_cont=0.430;conf=96.06;score=13.89;cscore=10.58;sscore=3.31;rscore=-9.69;uscore=-6.28;tscore=2.03;
contig_6	Prodigal_v2.6.3	CDS	18502	20217	279.7	+	0	ID=7_23;partial=00;start_type=GTG;rbs_motif=GGAG/GAGG;rbs_spacer=5-10bp;gc_cont=0.404;conf=99.99;score=279.75;cscore=277.29;sscore=2.46;rscore=8.24;uscore=-2.18;tscore=-3.61;
contig_6	Prodigal_v2.6.3	CDS	20259	21104	79.3	-	0	ID=7_24;partial=00;start_type=ATG;rbs_motif=GGAG/GAGG;rbs_spacer=5-10bp;gc_cont=0.429;conf=100.00;score=79.34;cscore=66.87;sscore=12.47;rscore=8.24;uscore=2.40;tscore=2.49;
contig_6	Prodigal_v2.6.3	CDS	21243	22847	192.8	+	0	ID=7_25;partial=00;start_type=GTG;rbs_motif=GGA/GAG/AGG;rbs_spacer=11-12bp;gc_cont=0.385;conf=99.99;score=192.80;cscore=194.35;sscore=-1.55;rscore=-0.79;uscore=2.85;tscore=-3.61;
contig_6	Prodigal_v2.6.3	CDS	22977	24245	192.4	+	0	ID=7_26;partial=00;start_type=ATG;rbs_motif=AGGAGG;rbs_spacer=5-10bp;gc_cont=0.407;conf=99.99;score=192.36;cscore=173.65;sscore=18.71;rscore=13.75;uscore=2.47;tscore=2.49;
contig_6	Prodigal_v2.6.3	CDS	24242	25345	215.9	+	0	ID=7_27;partial=00;start_type=ATG;rbs_motif=GGAGG;rbs_spacer=5-10bp;gc_cont=0.403;conf=99.99;score=215.93;cscore=198.32;sscore=17.61;rscore=12.75;uscore=1.08;tscore=2.49;
contig_6	Prodigal_v2.6.3	CDS	25338	26888	286.2	+	0	ID=7_28;partial=00;start_type=ATG;rbs_motif=AGGAGG;rbs_spacer=5-10bp;gc_cont=0.420;conf=99.99;score=286.19;cscore=265.70;sscore=20.49;rscore=13.75;uscore=3.00;tscore=2.49;
contig_6	Prodigal_v2.6.3	CDS	26906	27580	62.6	-	0	ID=7_29;partial=00;start_type=TTG;rbs_motif=AGGA/GGAG/GAGG;rbs_spacer=11-12bp;gc_cont=0.375;conf=100.00;score=62.55;cscore=61.28;sscore=1.27;rscore=3.18;uscore=1.50;tscore=-4.70;
contig_6	Prodigal_v2.6.3	CDS	27577	27819	32.3	-	0	ID=7_30;partial=00;start_type=ATG;rbs_motif=AGxAGG/AGGxGG;rbs_spacer=5-10bp;gc_cont=0.362;conf=99.94;score=32.34;cscore=22.12;sscore=10.22;rscore=9.29;uscore=-0.80;tscore=2.39;
contig_6	Prodigal_v2.6.3	CDS	28010	28786	54.9	+	0	ID=7_31;partial=00;start_type=TTG;rbs_motif=GGAG/GAGG;rbs_spacer=5-10bp;gc_cont=0.373;conf=100.00;score=54.92;cscore=51.35;sscore=3.57;rscore=8.24;uscore=0.02;tscore=-4.70;
contig_6	Prodigal_v2.6.3	CDS	28783	29139	46.6	+	0	ID=7_32;partial=00;start_type=ATG;rbs_motif=GGxGG;rbs_spacer=5-10bp;gc_cont=0.420;conf=100.00;score=46.57;cscore=36.02;sscore=10.55;rscore=6.77;uscore=-1.80;tscore=2.49;
contig_6	Prodigal_v2.6.3	CDS	29149	29856	111.3	+	0	ID=7_33;partial=00;start_type=ATG;rbs_motif=GGAG/GAGG;rbs_spacer=5-10bp;gc_cont=0.393;conf=100.00;score=111.33;cscore=96.89;sscore=14.44;rscore=8.24;uscore=2.53;tscore=2.49;
contig_6	Prodigal_v2.6.3	CDS	29944	30864	141.2	+	0	ID=7_34;partial=00;start_type=ATG;rbs_motif=GGA/GAG/AGG;rbs_spacer=5-10bp;gc_cont=0.398;conf=100.00;score=141.22;cscore=137.28;sscore=3.94;rscore=-0.45;uscore=1.90;tscore=2.49;
contig_6	Prodigal_v2.6.3	CDS	30842	31783	134.3	+	0	ID=7_35;partial=00;start_type=TTG;rbs_motif=GGAGG;rbs_spacer=5-10bp;gc_cont=0.400;conf=100.00;score=134.25;cscore=125.00;sscore=9.25;rscore=12.75;uscore=1.20;tscore=-4.70;
contig_6	Prodigal_v2.6.3	CDS	31962	33905	360.6	+	0	ID=7_36;partial=00;start_type=ATG;rbs_motif=AGxAGG/AGGxGG;rbs_spacer=5-10bp;gc_cont=0.417;conf=99.99;score=360.58;cscore=349.53;sscore=11.04;rscore=9.68;uscore=-0.47;tscore=2.49;
contig_6	Prodigal_v2.6.3	CDS	34003	35163	187.7	+	0	ID=7_37;partial=00;start_type=TTG;rbs_motif=AGGAG;rbs_spacer=5-10bp;gc_cont=0.437;conf=99.99;score=187.70;cscore=182.64;sscore=5.06;rscore=12.22;uscore=-2.47;tscore=-4.70;
contig_6	Prodigal_v2.6.3	CDS	35230	35940	80.1	+	0	ID=7_38;partial=00;start_type=ATG;rbs_motif=GGA/GAG/AGG;rbs_spacer=5-10bp;gc_cont=0.422;conf=100.00;score=80.15;cscore=77.03;sscore=3.12;rscore=-0.45;uscore=1.08;tscore=2.49;
contig_6	Prodigal_v2.6.3	CDS	35961	36665	101.9	+	0	ID=7_39;partial=00;start_type=GTG;rbs_motif=AGGAGG;rbs_spacer=5-10bp;gc_cont=0.389;conf=100.00;score=101.89;cscore=91.87;sscore=10.03;rscore=13.75;uscore=-1.17;tscore=-3.61;
contig_6	Prodigal_v2.6.3	CDS	36662	36928	63.0	+	0	ID=7_40;partial=00;start_type=ATG;rbs_motif=AGGAG;rbs_spacer=5-10bp;gc_cont=0.419;conf=100.00;score=62.97;cscore=43.77;sscore=19.20;rscore=12.22;uscore=3.19;tscore=2.49;
contig_6	Prodigal_v2.6.3	CDS	36925	38637	300.3	+	0	ID=7_41;partial=00;start_type=ATG;rbs_motif=3Base/5BMM;rbs_spacer=13-15bp;gc_cont=0.426;conf=99.99;score=300.31;cscore=296.53;sscore=3.78;rscore=-6.44;uscore=-1.12;tscore=2.49;
contig_6	Prodigal_v2.6.3	CDS	38682	39350	83.2	-	0	ID=7_42;partial=00;start_type=ATG;rbs_motif=AGGAGG;rbs_spacer=5-10bp;gc_cont=0.380;conf=100.00;score=83.15;cscore=66.62;sscore=16.54;rscore=13.75;uscore=0.30;tscore=2.49;
contig_6	Prodigal_v2.6.3	CDS	39419	40186	140.1	-	0	ID=7_43;partial=00;start_type=ATG;rbs_motif=AGGAGG;rbs_spacer=5-10bp;gc_cont=0.419;conf=100.00;score=140.06;cscore=124.48;sscore=15.58;rscore=13.75;uscore=-0.01;tscore=2.49;
contig_6	Prodigal_v2.6.3	CDS	40298	41152	88.8	+	0	ID=7_44;partial=00;start_type=ATG;rbs_motif=GGAG/GAGG;rbs_spacer=5-10bp;gc_cont=0.398;conf=100.00;score=88.82;cscore=77.39;sscore=11.44;rscore=8.24;uscore=0.71;tscore=2.49;
contig_6	Prodigal_v2.6.3	CDS	41229	41963	62.1	+	0	ID=7_45;partial=00;start_type=ATG;rbs_motif=GGAG/GAGG;rbs_spacer=5-10bp;gc_cont=0.405;conf=100.00;score=62.06;cscore=47.63;sscore=14.43;rscore=8.24;uscore=3.70;tscore=2.49;
contig_6	Prodigal_v2.6.3	CDS	42005	42325	35.6	+	0	ID=7_46;partial=00;start_type=ATG;rbs_motif=GGA/GAG/AGG;rbs_spacer=5-10bp;gc_cont=0.433;conf=99.97;score=35.61;cscore=28.52;sscore=7.09;rscore=-0.45;uscore=4.23;tscore=2.49;
contig_6	Prodigal_v2.6.3	CDS	42370	43134	104.4	-	0	ID=7_47;partial=00;start_type=ATG;rbs_motif=AGGAG;rbs_spacer=5-10bp;gc_cont=0.405;conf=100.00;score=104.36;cscore=92.91;sscore=11.45;rscore=12.22;uscore=-2.61;tscore=2.49;
contig_6	Prodigal_v2.6.3	CDS	43397	44773	186.1	-	0	ID=7_48;partial=00;start_type=ATG;rbs_motif=AGGAGG;rbs_spacer=5-10bp;gc_cont=0.415;conf=99.99;score=186.14;cscore=171.65;sscore=14.49;rscore=13.75;uscore=-1.75;tscore=2.49;
contig_6	Prodigal_v2.6.3	CDS	44875	45639	101.5	-	0	ID=7_49;partial=00;start_type=ATG;rbs_motif=GGAG/GAGG;rbs_spacer=5-10bp;gc_cont=0.375;conf=100.00;score=101.50;cscore=89.65;sscore=11.85;rscore=8.24;uscore=1.78;tscore=2.49;
contig_6	Prodigal_v2.6.3	CDS	46029	46649	108.9	+	0	ID=7_50;partial=00;start_type=ATG;rbs_motif=AGGAGG;rbs_spacer=5-10bp;gc_cont=0.351;conf=100.00;score=108.94;cscore=92.40;sscore=16.53;rscore=13.75;uscore=0.29;tscore=2.49;
contig_6	Prodigal_v2.6.3	CDS	46665	47681	166.0	+	0	ID=7_51;partial=00;start_type=ATG;rbs_motif=GGAG/GAGG;rbs_spacer=5-10bp;gc_cont=0.412;conf=100.00;score=166.00;cscore=150.92;sscore=15.08;rscore=8.24;uscore=3.24;tscore=2.49;
contig_6	Prodigal_v2.6.3	CDS	48045	48743	107.1	+	0	ID=7_52;partial=00;start_type=ATG;rbs_motif=AGGAGG;rbs_spacer=5-10bp;gc_cont=0.439;conf=100.00;score=107.08;cscore=91.86;sscore=15.23;rscore=13.75;uscore=-0.36;tscore=2.49;
contig_6	Prodigal_v2.6.3	CDS	48740	50188	175.8	+	0	ID=7_53;partial=00;start_type=ATG;rbs_motif=None;rbs_spacer=None;gc_cont=0.396;conf=100.00;score=175.77;cscore=171.99;sscore=3.78;rscore=-9.56;uscore=-4.48;tscore=2.49;
contig_6	Prodigal_v2.6.3	CDS	50185	51258	176.1	+	0	ID=7_54;partial=00;start_type=ATG;rbs_motif=AGGAG;rbs_spacer=5-10bp;gc_cont=0.380;conf=100.00;score=176.07;cscore=160.06;sscore=16.00;rscore=12.22;uscore=-3.10;tscore=2.49;
contig_6	Prodigal_v2.6.3	CDS	51268	51489	16.6	+	0	ID=7_55;partial=00;start_type=ATG;rbs_motif=GGAG/GAGG;rbs_spacer=5-10bp;gc_cont=0.324;conf=97.84;score=16.59;cscore=9.86;sscore=6.74;rscore=7.22;uscore=-3.84;tscore=2.18;
contig_6	Prodigal_v2.6.3	CDS	51599	51814	11.3	+	0	ID=7_56;partial=00;start_type=GTG;rbs_motif=AGGAGG;rbs_spacer=5-10bp;gc_cont=0.380;conf=93.13;score=11.34;cscore=1.70;sscore=9.64;rscore=11.72;uscore=2.16;tscore=-4.24;
contig_6	Prodigal_v2.6.3	CDS	51918	53693	254.1	+	0	ID=7_57;partial=00;start_type=ATG;rbs_motif=AGxAGG/AGGxGG;rbs_spacer=5-10bp;gc_cont=0.408;conf=99.99;score=254.09;cscore=240.89;sscore=13.20;rscore=9.68;uscore=1.04;tscore=2.49;
contig_6	Prodigal_v2.6.3	CDS	53956	54309	26.0	-	0	ID=7_58;partial=00;start_type=ATG;rbs_motif=GGA/GAG/AGG;rbs_spacer=5-10bp;gc_cont=0.373;conf=99.74;score=25.95;cscore=20.35;sscore=5.60;rscore=-0.45;uscore=2.29;tscore=2.49;
contig_6	Prodigal_v2.6.3	CDS	54310	54735	67.5	-	0	ID=7_59;partial=00;start_type=ATG;rbs_motif=AGGAGG;rbs_spacer=5-10bp;gc_cont=0.364;conf=100.00;score=67.47;cscore=52.58;sscore=14.89;rscore=13.75;uscore=-0.69;tscore=2.49;
contig_6	Prodigal_v2.6.3	CDS	54859	55365	53.2	+	0	ID=7_60;partial=00;start_type=GTG;rbs_motif=AGxAGG/AGGxGG;rbs_spacer=3-4bp;gc_cont=0.393;conf=100.00;score=53.19;cscore=64.00;sscore=-10.81;rscore=-6.25;uscore=-0.95;tscore=-3.61;
contig_6	Prodigal_v2.6.3	CDS	55358	56548	165.7	+	0	ID=7_61;partial=00;start_type=ATG;rbs_motif=GGAGG;rbs_spacer=5-10bp;gc_cont=0.408;conf=100.00;score=165.65;cscore=148.20;sscore=17.45;rscore=12.75;uscore=0.96;tscore=2.49;
contig_6	Prodigal_v2.6.3	CDS	56770	58218	208.5	+	0	ID=7_62;partial=00;start_type=ATG;rbs_motif=AGGAGG;rbs_spacer=5-10bp;gc_cont=0.365;conf=99.99;score=208.46;cscore=188.32;sscore=20.15;rscore=13.75;uscore=4.56;tscore=2.49;
contig_6	Prodigal_v2.6.3	CDS	58270	58584	12.3	-	0	ID=7_63;partial=00;start_type=GTG;rbs_motif=None;rbs_spacer=None;gc_cont=0.403;conf=94.40;score=12.29;cscore=25.98;sscore=-13.70;rscore=-9.56;uscore=0.12;tscore=-3.61;
contig_6	Prodigal_v2.6.3	CDS	58984	59454	55.9	+	0	ID=7_64;partial=00;start_type=ATG;rbs_motif=GGAG/GAGG;rbs_spacer=5-10bp;gc_cont=0.380;conf=100.00;score=55.94;cscore=40.42;sscore=15.52;rscore=8.24;uscore=4.79;tscore=2.49;
contig_6	Prodigal_v2.6.3	CDS	59465	59686	26.2	+	0	ID=7_65;partial=00;start_type=ATG;rbs_motif=GGAG/GAGG;rbs_spacer=5-10bp;gc_cont=0.410;conf=99.76;score=26.15;cscore=15.54;sscore=10.61;rscore=7.22;uscore=0.05;tscore=2.18;
contig_6	Prodigal_v2.6.3	CDS	59806	60456	94.2	+	0	ID=7_66;partial=00;start_type=ATG;rbs_motif=AGGAG;rbs_spacer=5-10bp;gc_cont=0.402;conf=100.00;score=94.18;cscore=81.13;sscore=13.05;rscore=12.22;uscore=-1.65;tscore=2.49;
contig_6	Prodigal_v2.6.3	CDS	60513	62267	200.6	+	0	ID=7_67;partial=00;start_type=ATG;rbs_motif=GGAG/GAGG;rbs_spacer=5-10bp;gc_cont=0.410;conf=99.99;score=200.58;cscore=187.62;sscore=12.96;rscore=8.24;uscore=1.57;tscore=2.49;
contig_6	Prodigal_v2.6.3	CDS	62284	62832	47.6	+	0	ID=7_68;partial=00;start_type=ATG;rbs_motif=GGA/GAG/AGG;rbs_spacer=3-4bp;gc_cont=0.428;conf=100.00;score=47.61;cscore=57.18;sscore=-9.58;rscore=-7.91;uscore=-5.25;tscore=2.49;
contig_6	Prodigal_v2.6.3	CDS	62838	63593	91.2	+	0	ID=7_69;partial=00;start_type=ATG;rbs_motif=AGGAG;rbs_spacer=5-10bp;gc_cont=0.447;conf=100.00;score=91.17;cscore=73.60;sscore=17.57;rscore=12.22;uscore=1.64;tscore=2.49;
contig_6	Prodigal_v2.6.3	CDS	63697	64215	79.2	+	0	ID=7_70;partial=00;start_type=ATG;rbs_motif=AGxAGG/AGGxGG;rbs_spacer=5-10bp;gc_cont=0.410;conf=100.00;score=79.15;cscore=67.10;sscore=12.06;rscore=9.68;uscore=-0.11;tscore=2.49;
contig_6	Prodigal_v2.6.3	CDS	64202	64864	71.4	+	0	ID=7_71;partial=00;start_type=ATG;rbs_motif=GGAGG;rbs_spacer=5-10bp;gc_cont=0.401;conf=100.00;score=71.40;cscore=56.33;sscore=15.07;rscore=12.75;uscore=-1.36;tscore=2.49;
contig_6	Prodigal_v2.6.3	CDS	65006	65557	113.2	+	0	ID=7_72;partial=00;start_type=TTG;rbs_motif=GGAGG;rbs_spacer=5-10bp;gc_cont=0.404;conf=100.00;score=113.18;cscore=103.38;sscore=9.80;rscore=12.75;uscore=1.74;tscore=-4.70;
contig_6	Prodigal_v2.6.3	CDS	65576	67141	240.5	+	0	ID=7_73;partial=00;start_type=TTG;rbs_motif=GGAGG;rbs_spacer=5-10bp;gc_cont=0.454;conf=99.99;score=240.46;cscore=231.53;sscore=8.93;rscore=12.75;uscore=-0.20;tscore=-4.70;
contig_6	Prodigal_v2.6.3	CDS	67176	67385	17.7	-	0	ID=7_74;partial=00;start_type=ATG;rbs_motif=AGGAG;rbs_spacer=5-10bp;gc_cont=0.376;conf=98.34;score=17.74;cscore=7.87;sscore=9.88;rscore=10.12;uscore=-1.65;tscore=2.06;
contig_6	Prodigal_v2.6.3	CDS	67619	69367	169.7	+	0	ID=7_75;partial=00;start_type=ATG;rbs_motif=AGGA;rbs_spacer=5-10bp;gc_cont=0.400;conf=100.00;score=169.69;cscore=164.36;sscore=5.34;rscore=4.23;uscore=-1.38;tscore=2.49;
contig_6	Prodigal_v2.6.3	CDS	69582	70532	174.4	+	0	ID=7_76;partial=00;start_type=ATG;rbs_motif=AGGAG/GGAGG;rbs_spacer=11-12bp;gc_cont=0.401;conf=100.00;score=174.36;cscore=161.81;sscore=12.54;rscore=9.05;uscore=1.66;tscore=2.49;
contig_6	Prodigal_v2.6.3	CDS	70851	71642	122.6	+	0	ID=7_77;partial=00;start_type=ATG;rbs_motif=GGAG/GAGG;rbs_spacer=5-10bp;gc_cont=0.396;conf=100.00;score=122.63;cscore=113.32;sscore=9.31;rscore=8.24;uscore=-0.76;tscore=2.49;
contig_6	Prodigal_v2.6.3	CDS	71656	72921	188.8	+	0	ID=7_78;partial=00;start_type=ATG;rbs_motif=AGxAGG/AGGxGG;rbs_spacer=5-10bp;gc_cont=0.424;conf=99.99;score=188.79;cscore=174.79;sscore=14.00;rscore=9.68;uscore=0.70;tscore=2.49;
contig_6	Prodigal_v2.6.3	CDS	72965	73984	136.2	+	0	ID=7_79;partial=00;start_type=ATG;rbs_motif=AGxAGG/AGGxGG;rbs_spacer=5-10bp;gc_cont=0.386;conf=100.00;score=136.23;cscore=121.47;sscore=14.76;rscore=9.68;uscore=1.79;tscore=2.49;
contig_6	Prodigal_v2.6.3	CDS	74010	75416	201.0	+	0	ID=7_80;partial=00;start_type=ATG;rbs_motif=AGxAGG/AGGxGG;rbs_spacer=5-10bp;gc_cont=0.424;conf=99.99;score=200.97;cscore=184.74;sscore=16.23;rscore=9.68;uscore=3.07;tscore=2.49;
contig_6	Prodigal_v2.6.3	CDS	75437	76180	91.5	+	0	ID=7_81;partial=00;start_type=ATG;rbs_motif=GGA/GAG/AGG;rbs_spacer=11-12bp;gc_cont=0.402;conf=100.00;score=91.47;cscore=84.90;sscore=6.56;rscore=-0.79;uscore=3.81;tscore=2.49;
contig_6	Prodigal_v2.6.3	CDS	76185	76475	32.7	+	0	ID=7_82;partial=00;start_type=ATG;rbs_motif=AGGAG;rbs_spacer=5-10bp;gc_cont=0.392;conf=99.95;score=32.65;cscore=18.14;sscore=14.51;rscore=12.22;uscore=-1.42;tscore=2.49;
contig_6	Prodigal_v2.6.3	CDS	76491	77972	222.3	+	0	ID=7_83;partial=00;start_type=ATG;rbs_motif=GGAGG;rbs_spacer=5-10bp;gc_cont=0.448;conf=99.99;score=222.33;cscore=205.28;sscore=17.05;rscore=12.75;uscore=0.70;tscore=2.49;
contig_6	Prodigal_v2.6.3	CDS	77987	78268	65.3	+	0	ID=7_84;partial=00;start_type=ATG;rbs_motif=AGGAGG;rbs_spacer=5-10bp;gc_cont=0.493;conf=100.00;score=65.25;cscore=45.70;sscore=19.55;rscore=13.75;uscore=2.19;tscore=2.49;
contig_6	Prodigal_v2.6.3	CDS	78285	78899	89.4	+	0	ID=7_85;partial=00;start_type=ATG;rbs_motif=GGAG/GAGG;rbs_spacer=5-10bp;gc_cont=0.433;conf=100.00;score=89.44;cscore=76.15;sscore=13.29;rscore=8.24;uscore=1.47;tscore=2.49;
contig_6	Prodigal_v2.6.3	CDS	78905	79525	54.5	+	0	ID=7_86;partial=00;start_type=ATG;rbs_motif=GGAG/GAGG;rbs_spacer=5-10bp;gc_cont=0.407;conf=100.00;score=54.53;cscore=42.10;sscore=12.43;rscore=8.24;uscore=0.48;tscore=2.49;
contig_6	Prodigal_v2.6.3	CDS	79541	79831	52.4	+	0	ID=7_87;partial=00;start_type=ATG;rbs_motif=AGGAG;rbs_spacer=5-10bp;gc_cont=0.426;conf=100.00;score=52.41;cscore=34.53;sscore=17.89;rscore=12.22;uscore=2.07;tscore=2.49;
contig_6	Prodigal_v2.6.3	CDS	79862	80632	122.8	+	0	ID=7_88;partial=00;start_type=TTG;rbs_motif=GGAGG;rbs_spacer=5-10bp;gc_cont=0.457;conf=100.00;score=122.75;cscore=109.29;sscore=13.46;rscore=12.75;uscore=4.45;tscore=-4.70;
contig_6	Prodigal_v2.6.3	CDS	80651	80764	18.0	+	0	ID=7_89;partial=00;start_type=ATG;rbs_motif=AGGAGG;rbs_spacer=5-10bp;gc_cont=0.421;conf=98.42;score=17.97;cscore=8.69;sscore=9.27;rscore=6.11;uscore=0.99;tscore=1.10;
contig_6	Prodigal_v2.6.3	CDS	81122	81784	82.3	+	0	ID=7_90;partial=00;start_type=ATG;rbs_motif=GGA/GAG/AGG;rbs_spacer=5-10bp;gc_cont=0.446;conf=100.00;score=82.28;cscore=83.82;sscore=-1.54;rscore=-0.45;uscore=-3.58;tscore=2.49;
contig_6	Prodigal_v2.6.3	CDS	81791	82060	39.5	+	0	ID=7_91;partial=00;start_type=ATG;rbs_motif=AGGA;rbs_spacer=5-10bp;gc_cont=0.433;conf=99.99;score=39.50;cscore=29.94;sscore=9.56;rscore=4.23;uscore=1.64;tscore=2.49;
contig_6	Prodigal_v2.6.3	CDS	82071	82442	64.0	+	0	ID=7_92;partial=00;start_type=GTG;rbs_motif=GGAG/GAGG;rbs_spacer=5-10bp;gc_cont=0.470;conf=100.00;score=63.97;cscore=59.08;sscore=4.89;rscore=8.24;uscore=-0.90;tscore=-3.61;
contig_6	Prodigal_v2.6.3	CDS	82477	83415	146.3	+	0	ID=7_93;partial=00;start_type=ATG;rbs_motif=AGGAGG;rbs_spacer=5-10bp;gc_cont=0.443;conf=100.00;score=146.29;cscore=128.60;sscore=17.69;rscore=13.75;uscore=0.55;tscore=2.49;
contig_6	Prodigal_v2.6.3	CDS	83587	84120	77.2	+	0	ID=7_94;partial=00;start_type=ATG;rbs_motif=AGGAGG;rbs_spacer=5-10bp;gc_cont=0.404;conf=100.00;score=77.22;cscore=60.17;sscore=17.05;rscore=13.75;uscore=0.81;tscore=2.49;
contig_6	Prodigal_v2.6.3	CDS	84110	84655	74.3	+	0	ID=7_95;partial=00;start_type=ATG;rbs_motif=GGAGG;rbs_spacer=5-10bp;gc_cont=0.434;conf=100.00;score=74.26;cscore=59.03;sscore=15.22;rscore=12.75;uscore=-1.23;tscore=2.49;
contig_6	Prodigal_v2.6.3	CDS	84681	85550	95.1	+	0	ID=7_96;partial=00;start_type=ATG;rbs_motif=AGGA/GGAG/GAGG;rbs_spacer=11-12bp;gc_cont=0.406;conf=100.00;score=95.08;cscore=86.31;sscore=8.78;rscore=3.18;uscore=2.12;tscore=2.49;
contig_6	Prodigal_v2.6.3	CDS	85611	85718	9.1	+	0	ID=7_97;partial=00;start_type=ATG;rbs_motif=GGAG/GAGG;rbs_spacer=5-10bp;gc_cont=0.435;conf=88.94;score=9.07;cscore=3.33;sscore=5.74;rscore=3.46;uscore=1.23;tscore=1.04;
contig_6	Prodigal_v2.6.3	CDS	86186	86608	35.0	+	0	ID=7_98;partial=00;start_type=ATG;rbs_motif=AGGAGG;rbs_spacer=5-10bp;gc_cont=0.352;conf=99.97;score=35.01;cscore=21.01;sscore=14.01;rscore=13.75;uscore=-1.58;tscore=2.49;
contig_6	Prodigal_v2.6.3	CDS	86644	87717	124.6	-	0	ID=7_99;partial=00;start_type=ATG;rbs_motif=GGA/GAG/AGG;rbs_spacer=11-12bp;gc_cont=0.357;conf=100.00;score=124.65;cscore=119.64;sscore=5.00;rscore=-0.79;uscore=2.06;tscore=2.49;
contig_6	Prodigal_v2.6.3	CDS	87710	88108	3.2	-	0	ID=7_100;partial=00;start_type=GTG;rbs_motif=4Base/6BMM;rbs_spacer=13-15bp;gc_cont=0.323;conf=67.81;score=3.24;cscore=11.09;sscore=-7.85;rscore=-3.98;uscore=0.39;tscore=-3.61;
contig_6	Prodigal_v2.6.3	CDS	88425	88982	64.3	+	0	ID=7_101;partial=00;start_type=ATG;rbs_motif=GGA/GAG/AGG;rbs_spacer=5-10bp;gc_cont=0.344;conf=100.00;score=64.28;cscore=58.75;sscore=5.53;rscore=-0.45;uscore=3.49;tscore=2.49;
contig_6	Prodigal_v2.6.3	CDS	89157	89468	38.5	+	0	ID=7_102;partial=00;start_type=ATG;rbs_motif=AGGAG;rbs_spacer=5-10bp;gc_cont=0.378;conf=99.99;score=38.46;cscore=21.64;sscore=16.82;rscore=12.22;uscore=2.11;tscore=2.49;
contig_6	Prodigal_v2.6.3	CDS	89520	89753	6.7	+	0	ID=7_103;partial=00;start_type=ATG;rbs_motif=None;rbs_spacer=None;gc_cont=0.406;conf=82.43;score=6.72;cscore=11.89;sscore=-5.16;rscore=-10.34;uscore=2.16;tscore=2.30;
contig_6	Prodigal_v2.6.3	CDS	89801	90178	34.8	+	0	ID=7_104;partial=00;start_type=TTG;rbs_motif=AGxAGG/AGGxGG;rbs_spacer=5-10bp;gc_cont=0.241;conf=99.97;score=34.76;cscore=27.68;sscore=7.08;rscore=9.68;uscore=1.34;tscore=-4.70;
contig_6	Prodigal_v2.6.3	CDS	92330	92434	5.5	-	0	ID=7_105;partial=00;start_type=ATG;rbs_motif=AGGAG;rbs_spacer=5-10bp;gc_cont=0.305;conf=77.99;score=5.50;cscore=-0.32;sscore=5.82;rscore=4.99;uscore=0.97;tscore=1.01;
contig_6	Prodigal_v2.6.3	CDS	94302	94712	44.2	+	0	ID=7_106;partial=00;start_type=ATG;rbs_motif=AGGAGG;rbs_spacer=5-10bp;gc_cont=0.404;conf=100.00;score=44.18;cscore=26.49;sscore=17.68;rscore=13.75;uscore=1.44;tscore=2.49;
contig_6	Prodigal_v2.6.3	CDS	94788	95036	22.1	+	0	ID=7_107;partial=00;start_type=TTG;rbs_motif=GGA/GAG/AGG;rbs_spacer=5-10bp;gc_cont=0.394;conf=99.39;score=22.13;cscore=27.89;sscore=-5.75;rscore=-0.46;uscore=-0.52;tscore=-4.77;
contig_6	Prodigal_v2.6.3	CDS	95033	96256	172.1	+	0	ID=7_108;partial=00;start_type=ATG;rbs_motif=AGGAG;rbs_spacer=5-10bp;gc_cont=0.410;conf=100.00;score=172.10;cscore=156.10;sscore=16.00;rscore=12.22;uscore=-0.28;tscore=2.49;
contig_6	Prodigal_v2.6.3	CDS	96422	96730	12.9	-	0	ID=7_109;partial=00;start_type=ATG;rbs_motif=None;rbs_spacer=None;gc_cont=0.440;conf=95.10;score=12.90;cscore=20.91;sscore=-8.01;rscore=-9.56;uscore=-1.64;tscore=2.49;
contig_6	Prodigal_v2.6.3	CDS	96784	97317	8.7	-	0	ID=7_110;partial=00;start_type=ATG;rbs_motif=4Base/6BMM;rbs_spacer=13-15bp;gc_cont=0.423;conf=88.17;score=8.74;cscore=14.36;sscore=-5.62;rscore=-3.98;uscore=-4.12;tscore=2.49;
contig_6	Prodigal_v2.6.3	CDS	97488	97664	17.4	-	0	ID=7_111;partial=00;start_type=ATG;rbs_motif=AGxAGG/AGGxGG;rbs_spacer=5-10bp;gc_cont=0.367;conf=98.21;score=17.43;cscore=9.37;sscore=8.05;rscore=6.74;uscore=0.24;tscore=1.73;
contig_6	Prodigal_v2.6.3	CDS	97775	98215	62.6	+	0	ID=7_112;partial=00;start_type=ATG;rbs_motif=GGAG/GAGG;rbs_spacer=5-10bp;gc_cont=0.395;conf=100.00;score=62.57;cscore=48.78;sscore=13.79;rscore=8.24;uscore=3.06;tscore=2.49;
contig_6	Prodigal_v2.6.3	CDS	98320	99015	27.0	-	0	ID=7_113;partial=00;start_type=ATG;rbs_motif=GGAGG;rbs_spacer=5-10bp;gc_cont=0.441;conf=99.80;score=26.96;cscore=12.14;sscore=14.82;rscore=12.75;uscore=0.23;tscore=2.49;
contig_6	Prodigal_v2.6.3	CDS	99247	99591	19.1	+	0	ID=7_114;partial=00;start_type=ATG;rbs_motif=AGGAGG;rbs_spacer=5-10bp;gc_cont=0.391;conf=98.78;score=19.11;cscore=4.24;sscore=14.87;rscore=13.75;uscore=-1.37;tscore=2.49;
# Sequence Data: seqnum=8;seqlen=27547;seqhdr="contig_42"
# Model Data: version=Prodigal.v2.6.3;run_type=Single;model="Ab initio";gc_cont=37.70;transl_table=11;uses_sd=1
contig_42	Prodigal_v2.6.3	CDS	3	521	108.7	+	0	ID=8_1;partial=10;start_type=Edge;rbs_motif=None;rbs_spacer=None;gc_cont=0.418;conf=100.00;score=108.67;cscore=105.45;sscore=3.22;rscore=0.00;uscore=0.00;tscore=3.22;
contig_42	Prodigal_v2.6.3	CDS	604	1548	118.0	+	0	ID=8_2;partial=00;start_type=ATG;rbs_motif=AGGAGG;rbs_spacer=5-10bp;gc_cont=0.432;conf=100.00;score=117.97;cscore=105.13;sscore=12.84;rscore=13.75;uscore=-3.39;tscore=2.49;
contig_42	Prodigal_v2.6.3	CDS	1548	1721	14.7	+	0	ID=8_3;partial=00;start_type=ATG;rbs_motif=AGxAGG/AGGxGG;rbs_spacer=5-10bp;gc_cont=0.379;conf=96.69;score=14.68;cscore=4.95;sscore=9.72;rscore=6.62;uscore=0.12;tscore=1.70;
contig_42	Prodigal_v2.6.3	CDS	1828	2517	81.5	+	0	ID=8_4;partial=00;start_type=ATG;rbs_motif=GGA/GAG/AGG;rbs_spacer=5-10bp;gc_cont=0.410;conf=100.00;score=81.45;cscore=77.69;sscore=3.76;rscore=-0.45;uscore=1.73;tscore=2.49;
contig_42	Prodigal_v2.6.3	CDS	2531	3583	150.1	+	0	ID=8_5;partial=00;start_type=GTG;rbs_motif=AGGAG;rbs_spacer=5-10bp;gc_cont=0.434;conf=100.00;score=150.14;cscore=139.74;sscore=10.40;rscore=12.22;uscore=0.65;tscore=-3.61;
contig_42	Prodigal_v2.6.3	CDS	3576	4523	158.0	+	0	ID=8_6;partial=00;start_type=ATG;rbs_motif=GGAGG;rbs_spacer=5-10bp;gc_cont=0.410;conf=100.00;score=158.00;cscore=141.80;sscore=16.20;rscore=12.75;uscore=-0.29;tscore=2.49;
contig_42	Prodigal_v2.6.3	CDS	4520	5452	124.3	+	0	ID=8_7;partial=00;start_type=ATG;rbs_motif=GGAGG;rbs_spacer=5-10bp;gc_cont=0.430;conf=100.00;score=124.28;cscore=107.75;sscore=16.54;rscore=12.75;uscore=-0.14;tscore=2.49;
contig_42	Prodigal_v2.6.3	CDS	5460	6272	67.9	+	0	ID=8_8;partial=00;start_type=ATG;rbs_motif=GGA/GAG/AGG;rbs_spacer=5-10bp;gc_cont=0.402;conf=100.00;score=67.93;cscore=66.55;sscore=1.38;rscore=-0.45;uscore=-1.85;tscore=2.49;
contig_42	Prodigal_v2.6.3	CDS	6241	7059	110.7	+	0	ID=8_9;partial=00;start_type=ATG;rbs_motif=AGxAGG/AGGxGG;rbs_spacer=5-10bp;gc_cont=0.429;conf=100.00;score=110.71;cscore=100.38;sscore=10.33;rscore=9.68;uscore=-1.84;tscore=2.49;
contig_42	Prodigal_v2.6.3	CDS	7054	7485	9.6	-	0	ID=8_10;partial=00;start_type=GTG;rbs_motif=AGGA;rbs_spacer=5-10bp;gc_cont=0.410;conf=90.15;score=9.63;cscore=6.68;sscore=2.95;rscore=4.23;uscore=2.33;tscore=-3.61;
contig_42	Prodigal_v2.6.3	CDS	7592	8317	80.4	-	0	ID=8_11;partial=00;start_type=ATG;rbs_motif=GGA/GAG/AGG;rbs_spacer=3-4bp;gc_cont=0.402;conf=100.00;score=80.40;cscore=87.90;sscore=-7.50;rscore=-7.91;uscore=-2.08;tscore=2.49;
contig_42	Prodigal_v2.6.3	CDS	8481	9869	130.4	-	0	ID=8_12;partial=00;start_type=ATG;rbs_motif=GGAG/GAGG;rbs_spacer=5-10bp;gc_cont=0.407;conf=100.00;score=130.40;cscore=116.00;sscore=14.40;rscore=8.24;uscore=4.33;tscore=2.49;
contig_42	Prodigal_v2.6.3	CDS	10016	11074	103.5	+	0	ID=8_13;partial=00;start_type=TTG;rbs_motif=GGA/GAG/AGG;rbs_spacer=5-10bp;gc_cont=0.415;conf=100.00;score=103.45;cscore=106.41;sscore=-2.95;rscore=-0.45;uscore=2.19;tscore=-4.70;
contig_42	Prodigal_v2.6.3	CDS	11078	12874	220.0	+	0	ID=8_14;partial=00;start_type=ATG;rbs_motif=AGGA;rbs_spacer=5-10bp;gc_cont=0.439;conf=99.99;score=220.05;cscore=212.46;sscore=7.59;rscore=4.23;uscore=-0.37;tscore=2.49;
contig_42	Prodigal_v2.6.3	CDS	12967	13923	122.7	+	0	ID=8_15;partial=00;start_type=ATG;rbs_motif=AGGAG;rbs_spacer=5-10bp;gc_cont=0.415;conf=100.00;score=122.69;cscore=110.18;sscore=12.51;rscore=12.22;uscore=-2.20;tscore=2.49;
contig_42	Prodigal_v2.6.3	CDS	13913	15433	234.3	+	0	ID=8_16;partial=00;start_type=ATG;rbs_motif=GGAG/GAGG;rbs_spacer=5-10bp;gc_cont=0.412;conf=99.99;score=234.32;cscore=222.47;sscore=11.85;rscore=8.24;uscore=-0.10;tscore=2.49;
contig_42	Prodigal_v2.6.3	CDS	15552	16190	66.9	+	0	ID=8_17;partial=00;start_type=ATG;rbs_motif=AGGAG/GGAGG;rbs_spacer=11-12bp;gc_cont=0.385;conf=100.00;score=66.86;cscore=51.13;sscore=15.73;rscore=9.05;uscore=4.19;tscore=2.49;
contig_42	Prodigal_v2.6.3	CDS	16202	16420	22.8	+	0	ID=8_18;partial=00;start_type=ATG;rbs_motif=AGGA;rbs_spacer=5-10bp;gc_cont=0.393;conf=99.48;score=22.83;cscore=17.46;sscore=5.36;rscore=3.65;uscore=-1.59;tscore=2.15;
contig_42	Prodigal_v2.6.3	CDS	16446	16769	46.2	+	0	ID=8_19;partial=00;start_type=ATG;rbs_motif=AGGA;rbs_spacer=5-10bp;gc_cont=0.429;conf=100.00;score=46.24;cscore=36.72;sscore=9.52;rscore=4.23;uscore=1.81;tscore=2.49;
contig_42	Prodigal_v2.6.3	CDS	16783	17163	32.9	+	0	ID=8_20;partial=00;start_type=ATG;rbs_motif=AGGAGG;rbs_spacer=5-10bp;gc_cont=0.428;conf=99.95;score=32.88;cscore=19.25;sscore=13.62;rscore=13.75;uscore=-3.75;tscore=2.49;
contig_42	Prodigal_v2.6.3	CDS	17452	18102	76.6	+	0	ID=8_21;partial=00;start_type=ATG;rbs_motif=GGxGG;rbs_spacer=5-10bp;gc_cont=0.421;conf=100.00;score=76.60;cscore=69.64;sscore=6.96;rscore=6.77;uscore=-1.64;tscore=2.49;
contig_42	Prodigal_v2.6.3	CDS	18252	18683	52.3	+	0	ID=8_22;partial=00;start_type=TTG;rbs_motif=AGxAGG/AGGxGG;rbs_spacer=5-10bp;gc_cont=0.350;conf=100.00;score=52.33;cscore=45.19;sscore=7.13;rscore=9.68;uscore=2.15;tscore=-4.70;
contig_42	Prodigal_v2.6.3	CDS	18763	20955	302.4	+	0	ID=8_23;partial=00;start_type=ATG;rbs_motif=GGA/GAG/AGG;rbs_spacer=5-10bp;gc_cont=0.395;conf=99.99;score=302.40;cscore=298.50;sscore=3.90;rscore=-0.45;uscore=1.86;tscore=2.49;
contig_42	Prodigal_v2.6.3	CDS	21032	22243	115.3	-	0	ID=8_24;partial=00;start_type=GTG;rbs_motif=None;rbs_spacer=None;gc_cont=0.389;conf=100.00;score=115.32;cscore=125.82;sscore=-10.50;rscore=-9.56;uscore=3.32;tscore=-3.61;
contig_42	Prodigal_v2.6.3	CDS	22384	23778	176.6	+	0	ID=8_25;partial=00;start_type=ATG;rbs_motif=AGGAGG;rbs_spacer=5-10bp;gc_cont=0.407;conf=100.00;score=176.64;cscore=155.14;sscore=21.51;rscore=13.75;uscore=5.27;tscore=2.49;
contig_42	Prodigal_v2.6.3	CDS	23921	25291	185.0	+	0	ID=8_26;partial=00;start_type=TTG;rbs_motif=AGGAGG;rbs_spacer=5-10bp;gc_cont=0.406;conf=99.99;score=185.03;cscore=172.08;sscore=12.95;rscore=13.75;uscore=3.89;tscore=-4.70;
contig_42	Prodigal_v2.6.3	CDS	25806	26165	19.4	-	0	ID=8_27;partial=00;start_type=ATG;rbs_motif=None;rbs_spacer=None;gc_cont=0.361;conf=98.85;score=19.37;cscore=27.47;sscore=-8.11;rscore=-9.56;uscore=-1.04;tscore=2.49;
contig_42	Prodigal_v2.6.3	CDS	26111	26572	38.4	-	0	ID=8_28;partial=00;start_type=ATG;rbs_motif=AGGAGG;rbs_spacer=5-10bp;gc_cont=0.372;conf=99.99;score=38.42;cscore=22.74;sscore=15.68;rscore=13.75;uscore=0.09;tscore=2.49;
contig_42	Prodigal_v2.6.3	CDS	26837	27178	34.2	-	0	ID=8_29;partial=00;start_type=ATG;rbs_motif=AGxAGG/AGGxGG;rbs_spacer=5-10bp;gc_cont=0.436;conf=99.96;score=34.24;cscore=17.21;sscore=17.03;rscore=9.68;uscore=4.87;tscore=2.49;
# Sequence Data: seqnum=9;seqlen=49709;seqhdr="contig_18"
# Model Data: version=Prodigal.v2.6.3;run_type=Single;model="Ab initio";gc_cont=37.70;transl_table=11;uses_sd=1
contig_18	Prodigal_v2.6.3	CDS	19	327	15.8	-	0	ID=9_1;partial=00;start_type=ATG;rbs_motif=AGxAGG/AGGxGG;rbs_spacer=5-10bp;gc_cont=0.301;conf=97.42;score=15.79;cscore=6.00;sscore=9.79;rscore=9.68;uscore=-1.72;tscore=2.49;
contig_18	Prodigal_v2.6.3	CDS	410	781	47.3	+	0	ID=9_2;partial=00;start_type=ATG;rbs_motif=GGA/GAG/AGG;rbs_spacer=5-10bp;gc_cont=0.371;conf=100.00;score=47.31;cscore=44.08;sscore=3.23;rscore=-0.45;uscore=1.20;tscore=2.49;
contig_18	Prodigal_v2.6.3	CDS	844	972	3.9	+	0	ID=9_3;partial=00;start_type=ATG;rbs_motif=AGGA;rbs_spacer=5-10bp;gc_cont=0.279;conf=71.10;score=3.92;cscore=5.68;sscore=-1.76;rscore=2.13;uscore=-5.15;tscore=1.25;
contig_18	Prodigal_v2.6.3	CDS	1053	1598	66.8	+	0	ID=9_4;partial=00;start_type=ATG;rbs_motif=GGA/GAG/AGG;rbs_spacer=5-10bp;gc_cont=0.374;conf=100.00;score=66.84;cscore=61.57;sscore=5.27;rscore=-0.45;uscore=3.23;tscore=2.49;
contig_18	Prodigal_v2.6.3	CDS	2079	2636	89.9	+	0	ID=9_5;partial=00;start_type=GTG;rbs_motif=AGxAGG/AGGxGG;rbs_spacer=5-10bp;gc_cont=0.367;conf=100.00;score=89.89;cscore=79.00;sscore=10.90;rscore=9.68;uscore=5.48;tscore=-3.61;
contig_18	Prodigal_v2.6.3	CDS	2620	3570	189.2	+	0	ID=9_6;partial=00;start_type=ATG;rbs_motif=AGGAG;rbs_spacer=5-10bp;gc_cont=0.368;conf=99.99;score=189.17;cscore=170.05;sscore=19.12;rscore=12.22;uscore=3.26;tscore=2.49;
contig_18	Prodigal_v2.6.3	CDS	3716	4483	127.1	+	0	ID=9_7;partial=00;start_type=TTG;rbs_motif=AGGAGG;rbs_spacer=5-10bp;gc_cont=0.384;conf=100.00;score=127.10;cscore=117.44;sscore=9.66;rscore=13.75;uscore=0.60;tscore=-4.70;
contig_18	Prodigal_v2.6.3	CDS	4618	5985	178.9	+	0	ID=9_8;partial=00;start_type=TTG;rbs_motif=AGGAG/GGAGG;rbs_spacer=11-12bp;gc_cont=0.394;conf=99.99;score=178.92;cscore=169.34;sscore=9.59;rscore=9.05;uscore=5.23;tscore=-4.70;
contig_18	Prodigal_v2.6.3	CDS	5988	6821	124.4	+	0	ID=9_9;partial=00;start_type=ATG;rbs_motif=AGGAGG;rbs_spacer=5-10bp;gc_cont=0.412;conf=100.00;score=124.43;cscore=107.40;sscore=17.04;rscore=13.75;uscore=-0.45;tscore=2.49;
contig_18	Prodigal_v2.6.3	CDS	6901	7503	101.4	+	0	ID=9_10;partial=00;start_type=GTG;rbs_motif=AGGA;rbs_spacer=5-10bp;gc_cont=0.403;conf=100.00;score=101.41;cscore=97.76;sscore=3.64;rscore=4.23;uscore=3.03;tscore=-3.61;
contig_18	Prodigal_v2.6.3	CDS	7564	8025	67.6	+	0	ID=9_11;partial=00;start_type=ATG;rbs_motif=AGGAGG;rbs_spacer=5-10bp;gc_cont=0.394;conf=100.00;score=67.55;cscore=51.37;sscore=16.18;rscore=13.75;uscore=-0.06;tscore=2.49;
contig_18	Prodigal_v2.6.3	CDS	8228	8947	154.8	+	0	ID=9_12;partial=00;start_type=ATG;rbs_motif=GGA/GAG/AGG;rbs_spacer=5-10bp;gc_cont=0.390;conf=100.00;score=154.85;cscore=150.03;sscore=4.82;rscore=-0.45;uscore=3.43;tscore=2.49;
contig_18	Prodigal_v2.6.3	CDS	9012	10307	161.8	+	0	ID=9_13;partial=00;start_type=ATG;rbs_motif=GGAGG;rbs_spacer=5-10bp;gc_cont=0.382;conf=100.00;score=161.79;cscore=147.91;sscore=13.88;rscore=12.75;uscore=-1.36;tscore=2.49;
contig_18	Prodigal_v2.6.3	CDS	10390	11049	98.8	+	0	ID=9_14;partial=00;start_type=ATG;rbs_motif=AGGAGG;rbs_spacer=5-10bp;gc_cont=0.362;conf=100.00;score=98.82;cscore=80.51;sscore=18.31;rscore=13.75;uscore=2.07;tscore=2.49;
contig_18	Prodigal_v2.6.3	CDS	11024	11866	130.5	+	0	ID=9_15;partial=00;start_type=ATG;rbs_motif=GGA/GAG/AGG;rbs_spacer=5-10bp;gc_cont=0.387;conf=100.00;score=130.47;cscore=130.55;sscore=-0.08;rscore=-0.45;uscore=-2.11;tscore=2.49;
contig_18	Prodigal_v2.6.3	CDS	11883	12068	3.6	+	0	ID=9_16;partial=00;start_type=TTG;rbs_motif=GGA/GAG/AGG;rbs_spacer=5-10bp;gc_cont=0.409;conf=69.38;score=3.56;cscore=8.28;sscore=-4.72;rscore=-0.61;uscore=1.21;tscore=-6.42;
contig_18	Prodigal_v2.6.3	CDS	12362	14104	315.5	+	0	ID=9_17;partial=00;start_type=ATG;rbs_motif=AGxAGG/AGGxGG;rbs_spacer=5-10bp;gc_cont=0.380;conf=99.99;score=315.48;cscore=300.32;sscore=15.16;rscore=9.68;uscore=3.65;tscore=2.49;
contig_18	Prodigal_v2.6.3	CDS	14197	14757	93.4	+	0	ID=9_18;partial=00;start_type=ATG;rbs_motif=AGxAGG/AGGxGG;rbs_spacer=5-10bp;gc_cont=0.358;conf=100.00;score=93.42;cscore=80.13;sscore=13.29;rscore=9.68;uscore=1.12;tscore=2.49;
contig_18	Prodigal_v2.6.3	CDS	14898	16595	290.1	+	0	ID=9_19;partial=00;start_type=ATG;rbs_motif=GGAG/GAGG;rbs_spacer=5-10bp;gc_cont=0.377;conf=99.99;score=290.07;cscore=277.36;sscore=12.72;rscore=8.24;uscore=1.99;tscore=2.49;
contig_18	Prodigal_v2.6.3	CDS	16761	17852	143.2	+	0	ID=9_20;partial=00;start_type=GTG;rbs_motif=AGGA/GGAG/GAGG;rbs_spacer=11-12bp;gc_cont=0.359;conf=100.00;score=143.21;cscore=140.74;sscore=2.47;rscore=3.18;uscore=2.90;tscore=-3.61;
contig_18	Prodigal_v2.6.3	CDS	17864	18487	91.8	+	0	ID=9_21;partial=00;start_type=ATG;rbs_motif=AGGAG;rbs_spacer=5-10bp;gc_cont=0.383;conf=100.00;score=91.82;cscore=74.47;sscore=17.36;rscore=12.22;uscore=1.49;tscore=2.49;
contig_18	Prodigal_v2.6.3	CDS	18622	19086	96.2	+	0	ID=9_22;partial=00;start_type=ATG;rbs_motif=AGGAG;rbs_spacer=5-10bp;gc_cont=0.363;conf=100.00;score=96.17;cscore=76.55;sscore=19.62;rscore=12.22;uscore=4.91;tscore=2.49;
contig_18	Prodigal_v2.6.3	CDS	19109	19300	17.6	+	0	ID=9_23;partial=00;start_type=ATG;rbs_motif=GGxGG;rbs_spacer=5-10bp;gc_cont=0.297;conf=98.29;score=17.63;cscore=8.33;sscore=9.31;rscore=5.12;uscore=1.27;tscore=1.88;
contig_18	Prodigal_v2.6.3	CDS	19318	19926	102.5	+	0	ID=9_24;partial=00;start_type=GTG;rbs_motif=GGAG/GAGG;rbs_spacer=5-10bp;gc_cont=0.404;conf=100.00;score=102.50;cscore=96.10;sscore=6.40;rscore=8.24;uscore=0.68;tscore=-3.61;
contig_18	Prodigal_v2.6.3	CDS	19973	22084	308.0	-	0	ID=9_25;partial=00;start_type=ATG;rbs_motif=4Base/6BMM;rbs_spacer=13-15bp;gc_cont=0.380;conf=99.99;score=307.99;cscore=308.13;sscore=-0.14;rscore=-3.98;uscore=1.35;tscore=2.49;
contig_18	Prodigal_v2.6.3	CDS	22190	23206	130.0	-	0	ID=9_26;partial=00;start_type=ATG;rbs_motif=AGGAG(G)/GGAGG;rbs_spacer=13-15bp;gc_cont=0.400;conf=100.00;score=129.96;cscore=128.36;sscore=1.60;rscore=-3.04;uscore=1.11;tscore=2.49;
contig_18	Prodigal_v2.6.3	CDS	23228	23848	108.1	-	0	ID=9_27;partial=00;start_type=ATG;rbs_motif=AGGAGG;rbs_spacer=11-12bp;gc_cont=0.333;conf=100.00;score=108.11;cscore=94.32;sscore=13.78;rscore=10.68;uscore=1.27;tscore=2.49;
contig_18	Prodigal_v2.6.3	CDS	24274	24960	108.6	+	0	ID=9_28;partial=00;start_type=ATG;rbs_motif=AGGAG(G)/GGAGG;rbs_spacer=13-15bp;gc_cont=0.397;conf=100.00;score=108.57;cscore=105.20;sscore=3.38;rscore=-3.04;uscore=3.93;tscore=2.49;
contig_18	Prodigal_v2.6.3	CDS	24962	26281	250.9	+	0	ID=9_29;partial=00;start_type=ATG;rbs_motif=AGGAGG;rbs_spacer=5-10bp;gc_cont=0.358;conf=99.99;score=250.93;cscore=233.05;sscore=17.88;rscore=13.75;uscore=0.38;tscore=2.49;
contig_18	Prodigal_v2.6.3	CDS	26344	27504	188.1	-	0	ID=9_30;partial=00;start_type=ATG;rbs_motif=AGxAGG/AGGxGG;rbs_spacer=5-10bp;gc_cont=0.351;conf=99.99;score=188.08;cscore=174.45;sscore=13.62;rscore=9.68;uscore=2.11;tscore=2.49;
contig_18	Prodigal_v2.6.3	CDS	27703	29190	246.0	+	0	ID=9_31;partial=00;start_type=ATG;rbs_motif=AGGAGG;rbs_spacer=5-10bp;gc_cont=0.387;conf=99.99;score=245.99;cscore=228.06;sscore=17.93;rscore=13.75;uscore=1.69;tscore=2.49;
contig_18	Prodigal_v2.6.3	CDS	29324	30610	211.4	+	0	ID=9_32;partial=00;start_type=ATG;rbs_motif=GGAGG;rbs_spacer=5-10bp;gc_cont=0.393;conf=99.99;score=211.38;cscore=197.76;sscore=13.62;rscore=12.75;uscore=-1.62;tscore=2.49;
contig_18	Prodigal_v2.6.3	CDS	31011	32498	239.1	+	0	ID=9_33;partial=00;start_type=ATG;rbs_motif=GGAG/GAGG;rbs_spacer=5-10bp;gc_cont=0.376;conf=99.99;score=239.09;cscore=227.17;sscore=11.92;rscore=8.24;uscore=1.84;tscore=2.49;
contig_18	Prodigal_v2.6.3	CDS	32810	33847	142.6	+	0	ID=9_34;partial=00;start_type=GTG;rbs_motif=None;rbs_spacer=None;gc_cont=0.415;conf=100.00;score=142.65;cscore=154.78;sscore=-12.13;rscore=-9.56;uscore=1.69;tscore=-3.61;
contig_18	Prodigal_v2.6.3	CDS	33847	34671	142.8	+	0	ID=9_35;partial=00;start_type=ATG;rbs_motif=AGGAGG;rbs_spacer=5-10bp;gc_cont=0.378;conf=100.00;score=142.82;cscore=123.76;sscore=19.07;rscore=13.75;uscore=1.54;tscore=2.49;
contig_18	Prodigal_v2.6.3	CDS	34693	35799	168.6	+	0	ID=9_36;partial=00;start_type=GTG;rbs_motif=AGGAG;rbs_spacer=5-10bp;gc_cont=0.381;conf=100.00;score=168.59;cscore=158.08;sscore=10.50;rscore=12.22;uscore=0.85;tscore=-3.61;
contig_18	Prodigal_v2.6.3	CDS	35850	36791	104.7	+	0	ID=9_37;partial=00;start_type=TTG;rbs_motif=AGGAG;rbs_spacer=5-10bp;gc_cont=0.398;conf=100.00;score=104.70;cscore=95.31;sscore=9.38;rscore=12.22;uscore=1.13;tscore=-4.70;
contig_18	Prodigal_v2.6.3	CDS	37186	37557	25.8	+	0	ID=9_38;partial=00;start_type=ATG;rbs_motif=GGA/GAG/AGG;rbs_spacer=5-10bp;gc_cont=0.363;conf=99.73;score=25.80;cscore=22.77;sscore=3.03;rscore=-0.45;uscore=1.64;tscore=2.49;
contig_18	Prodigal_v2.6.3	CDS	37545	38135	35.5	+	0	ID=9_39;partial=00;start_type=ATG;rbs_motif=None;rbs_spacer=None;gc_cont=0.357;conf=99.97;score=35.45;cscore=46.40;sscore=-10.94;rscore=-9.56;uscore=-5.07;tscore=2.49;
contig_18	Prodigal_v2.6.3	CDS	38128	38538	35.2	+	0	ID=9_40;partial=00;start_type=ATG;rbs_motif=AGxAGG/AGGxGG;rbs_spacer=5-10bp;gc_cont=0.350;conf=99.97;score=35.22;cscore=24.65;sscore=10.56;rscore=9.68;uscore=-2.85;tscore=2.49;
contig_18	Prodigal_v2.6.3	CDS	38621	39079	35.5	+	0	ID=9_41;partial=00;start_type=ATG;rbs_motif=3Base/5BMM;rbs_spacer=13-15bp;gc_cont=0.359;conf=99.97;score=35.47;cscore=38.28;sscore=-2.81;rscore=-6.44;uscore=1.14;tscore=2.49;
contig_18	Prodigal_v2.6.3	CDS	39076	39837	137.4	+	0	ID=9_42;partial=00;start_type=ATG;rbs_motif=AGxAGG/AGGxGG;rbs_spacer=5-10bp;gc_cont=0.356;conf=100.00;score=137.39;cscore=122.21;sscore=15.18;rscore=9.68;uscore=1.72;tscore=2.49;
contig_18	Prodigal_v2.6.3	CDS	39900	40349	83.8	+	0	ID=9_43;partial=00;start_type=ATG;rbs_motif=AGGAG;rbs_spacer=5-10bp;gc_cont=0.351;conf=100.00;score=83.81;cscore=65.96;sscore=17.85;rscore=12.22;uscore=3.14;tscore=2.49;
contig_18	Prodigal_v2.6.3	CDS	41783	42118	12.9	-	0	ID=9_44;partial=00;start_type=ATG;rbs_motif=AGGA;rbs_spacer=5-10bp;gc_cont=0.289;conf=95.11;score=12.91;cscore=5.17;sscore=7.74;rscore=4.23;uscore=1.68;tscore=2.49;
contig_18	Prodigal_v2.6.3	CDS	42427	42585	15.2	+	0	ID=9_45;partial=00;start_type=TTG;rbs_motif=AGGAG;rbs_spacer=5-10bp;gc_cont=0.308;conf=97.05;score=15.20;cscore=13.96;sscore=1.25;rscore=7.63;uscore=1.15;tscore=-7.53;
contig_18	Prodigal_v2.6.3	CDS	42557	43024	51.8	+	0	ID=9_46;partial=00;start_type=TTG;rbs_motif=AGxAGG/AGGxGG;rbs_spacer=5-10bp;gc_cont=0.338;conf=100.00;score=51.83;cscore=44.79;sscore=7.03;rscore=9.68;uscore=2.05;tscore=-4.70;
contig_18	Prodigal_v2.6.3	CDS	43350	43508	30.7	+	0	ID=9_47;partial=00;start_type=ATG;rbs_motif=AGGAG;rbs_spacer=5-10bp;gc_cont=0.314;conf=99.91;score=30.67;cscore=18.84;sscore=11.83;rscore=7.63;uscore=1.51;tscore=1.55;
contig_18	Prodigal_v2.6.3	CDS	43786	44067	3.1	+	0	ID=9_48;partial=00;start_type=ATG;rbs_motif=None;rbs_spacer=None;gc_cont=0.270;conf=66.86;score=3.05;cscore=8.76;sscore=-5.71;rscore=-9.56;uscore=2.01;tscore=2.49;
contig_18	Prodigal_v2.6.3	CDS	44431	45810	170.9	+	0	ID=9_49;partial=00;start_type=TTG;rbs_motif=None;rbs_spacer=None;gc_cont=0.337;conf=100.00;score=170.90;cscore=184.82;sscore=-13.92;rscore=-9.56;uscore=0.99;tscore=-4.70;
contig_18	Prodigal_v2.6.3	CDS	45785	46405	84.8	+	0	ID=9_50;partial=00;start_type=TTG;rbs_motif=GGAG/GAGG;rbs_spacer=5-10bp;gc_cont=0.316;conf=100.00;score=84.80;cscore=77.55;sscore=7.25;rscore=8.24;uscore=3.71;tscore=-4.70;
contig_18	Prodigal_v2.6.3	CDS	46828	47727	107.7	+	0	ID=9_51;partial=00;start_type=GTG;rbs_motif=GGA/GAG/AGG;rbs_spacer=5-10bp;gc_cont=0.342;conf=100.00;score=107.70;cscore=110.20;sscore=-2.50;rscore=-0.45;uscore=2.21;tscore=-3.61;
contig_18	Prodigal_v2.6.3	CDS	47767	47898	8.2	+	0	ID=9_52;partial=00;start_type=ATG;rbs_motif=GGAG/GAGG;rbs_spacer=5-10bp;gc_cont=0.326;conf=86.75;score=8.17;cscore=0.55;sscore=7.63;rscore=4.25;uscore=1.25;tscore=1.28;
contig_18	Prodigal_v2.6.3	CDS	47984	48592	77.6	+	0	ID=9_53;partial=00;start_type=ATG;rbs_motif=GGAG/GAGG;rbs_spacer=5-10bp;gc_cont=0.363;conf=100.00;score=77.58;cscore=66.64;sscore=10.94;rscore=8.24;uscore=0.21;tscore=2.49;
contig_18	Prodigal_v2.6.3	CDS	48751	49560	118.4	+	0	ID=9_54;partial=00;start_type=ATG;rbs_motif=AGGA;rbs_spacer=5-10bp;gc_cont=0.380;conf=100.00;score=118.37;cscore=109.58;sscore=8.79;rscore=4.23;uscore=2.07;tscore=2.49;
# Sequence Data: seqnum=10;seqlen=7901;seqhdr="contig_28"
# Model Data: version=Prodigal.v2.6.3;run_type=Single;model="Ab initio";gc_cont=37.70;transl_table=11;uses_sd=1
contig_28	Prodigal_v2.6.3	CDS	929	1390	17.9	-	0	ID=10_1;partial=00;start_type=GTG;rbs_motif=GGAG/GAGG;rbs_spacer=5-10bp;gc_cont=0.348;conf=98.40;score=17.92;cscore=16.29;sscore=1.62;rscore=8.24;uscore=-3.01;tscore=-3.61;
contig_28	Prodigal_v2.6.3	CDS	1458	3614	399.3	-	0	ID=10_2;partial=00;start_type=ATG;rbs_motif=GGAG/GAGG;rbs_spacer=5-10bp;gc_cont=0.391;conf=99.99;score=399.33;cscore=384.54;sscore=14.79;rscore=8.24;uscore=4.06;tscore=2.49;
contig_28	Prodigal_v2.6.3	CDS	3765	4550	113.1	-	0	ID=10_3;partial=00;start_type=ATG;rbs_motif=AGxAGG/AGGxGG;rbs_spacer=5-10bp;gc_cont=0.385;conf=100.00;score=113.07;cscore=99.60;sscore=13.47;rscore=9.68;uscore=1.30;tscore=2.49;
contig_28	Prodigal_v2.6.3	CDS	4528	4998	80.9	-	0	ID=10_4;partial=00;start_type=ATG;rbs_motif=AGxAGG/AGGxGG;rbs_spacer=5-10bp;gc_cont=0.380;conf=100.00;score=80.90;cscore=63.24;sscore=17.66;rscore=9.68;uscore=4.21;tscore=2.49;
contig_28	Prodigal_v2.6.3	CDS	4998	5330	67.9	-	0	ID=10_5;partial=00;start_type=ATG;rbs_motif=GGAGG;rbs_spacer=5-10bp;gc_cont=0.321;conf=100.00;score=67.95;cscore=48.53;sscore=19.41;rscore=12.75;uscore=4.17;tscore=2.49;
contig_28	Prodigal_v2.6.3	CDS	5394	6344	120.2	-	0	ID=10_6;partial=00;start_type=ATG;rbs_motif=AGxAG;rbs_spacer=5-10bp;gc_cont=0.323;conf=100.00;score=120.23;cscore=121.30;sscore=-1.07;rscore=-8.29;uscore=4.73;tscore=2.49;
contig_28	Prodigal_v2.6.3	CDS	6403	6804	66.2	-	0	ID=10_7;partial=00;start_type=GTG;rbs_motif=GGAGG;rbs_spacer=5-10bp;gc_cont=0.415;conf=100.00;score=66.24;cscore=54.66;sscore=11.59;rscore=12.75;uscore=3.09;tscore=-3.61;
contig_28	Prodigal_v2.6.3	CDS	7166	7516	41.3	-	0	ID=10_8;partial=00;start_type=TTG;rbs_motif=GGxGG;rbs_spacer=5-10bp;gc_cont=0.399;conf=99.99;score=41.32;cscore=40.06;sscore=1.26;rscore=6.77;uscore=-2.04;tscore=-4.70;
contig_28	Prodigal_v2.6.3	CDS	7521	7901	27.7	-	0	ID=10_9;partial=01;start_type=Edge;rbs_motif=None;rbs_spacer=None;gc_cont=0.365;conf=99.83;score=27.65;cscore=24.43;sscore=3.22;rscore=0.00;uscore=0.00;tscore=3.22;
# Sequence Data: seqnum=11;seqlen=75560;seqhdr="contig_40"
# Model Data: version=Prodigal.v2.6.3;run_type=Single;model="Ab initio";gc_cont=37.70;transl_table=11;uses_sd=1
contig_40	Prodigal_v2.6.3	CDS	3	248	36.6	-	0	ID=11_1;partial=10;start_type=ATG;rbs_motif=AGGAGG;rbs_spacer=5-10bp;gc_cont=0.407;conf=99.98;score=36.59;cscore=20.43;sscore=16.16;rscore=13.75;uscore=0.57;tscore=2.49;
contig_40	Prodigal_v2.6.3	CDS	685	882	26.6	+	0	ID=11_2;partial=00;start_type=ATG;rbs_motif=AGxAGG/AGGxGG;rbs_spacer=5-10bp;gc_cont=0.278;conf=99.78;score=26.58;cscore=17.86;sscore=8.71;rscore=7.55;uscore=-0.77;tscore=1.94;
contig_40	Prodigal_v2.6.3	CDS	991	1257	17.3	-	0	ID=11_3;partial=00;start_type=ATG;rbs_motif=GGAG/GAGG;rbs_spacer=5-10bp;gc_cont=0.352;conf=98.17;score=17.31;cscore=4.05;sscore=13.26;rscore=8.24;uscore=2.53;tscore=2.49;
contig_40	Prodigal_v2.6.3	CDS	1378	1659	32.1	-	0	ID=11_4;partial=00;start_type=TTG;rbs_motif=AGGAGG;rbs_spacer=5-10bp;gc_cont=0.379;conf=99.94;score=32.05;cscore=24.43;sscore=7.62;rscore=13.75;uscore=-2.24;tscore=-4.70;
contig_40	Prodigal_v2.6.3	CDS	1703	3430	275.0	-	0	ID=11_5;partial=00;start_type=ATG;rbs_motif=GGAGG;rbs_spacer=5-10bp;gc_cont=0.371;conf=99.99;score=275.02;cscore=261.77;sscore=13.25;rscore=12.75;uscore=-1.34;tscore=2.49;
contig_40	Prodigal_v2.6.3	CDS	3554	3838	31.6	+	0	ID=11_6;partial=00;start_type=ATG;rbs_motif=AGGA;rbs_spacer=5-10bp;gc_cont=0.389;conf=99.93;score=31.61;cscore=23.92;sscore=7.69;rscore=4.23;uscore=0.98;tscore=2.49;
contig_40	Prodigal_v2.6.3	CDS	4061	4261	29.7	+	0	ID=11_7;partial=00;start_type=ATG;rbs_motif=GGAGG;rbs_spacer=5-10bp;gc_cont=0.398;conf=99.89;score=29.67;cscore=18.58;sscore=11.09;rscore=10.10;uscore=-0.33;tscore=1.97;
contig_40	Prodigal_v2.6.3	CDS	4536	4667	3.7	+	0	ID=11_8;partial=00;start_type=ATG;rbs_motif=AGxAGG/AGGxGG;rbs_spacer=5-10bp;gc_cont=0.333;conf=69.98;score=3.68;cscore=7.47;sscore=-3.79;rscore=4.99;uscore=-10.07;tscore=1.28;
contig_40	Prodigal_v2.6.3	CDS	4667	5026	60.4	+	0	ID=11_9;partial=00;start_type=ATG;rbs_motif=None;rbs_spacer=None;gc_cont=0.378;conf=100.00;score=60.35;cscore=54.64;sscore=5.71;rscore=-9.56;uscore=1.94;tscore=2.49;
contig_40	Prodigal_v2.6.3	CDS	5088	5903	117.7	-	0	ID=11_10;partial=00;start_type=ATG;rbs_motif=AGGAGG;rbs_spacer=5-10bp;gc_cont=0.425;conf=100.00;score=117.66;cscore=105.33;sscore=12.33;rscore=13.75;uscore=-3.91;tscore=2.49;
contig_40	Prodigal_v2.6.3	CDS	5962	6600	89.7	-	0	ID=11_11;partial=00;start_type=ATG;rbs_motif=AGGAG;rbs_spacer=5-10bp;gc_cont=0.426;conf=100.00;score=89.73;cscore=75.75;sscore=13.98;rscore=12.22;uscore=-0.08;tscore=2.49;
contig_40	Prodigal_v2.6.3	CDS	6770	7240	96.4	+	0	ID=11_12;partial=00;start_type=ATG;rbs_motif=GGxGG;rbs_spacer=5-10bp;gc_cont=0.429;conf=100.00;score=96.43;cscore=81.55;sscore=14.88;rscore=6.77;uscore=5.62;tscore=2.49;
contig_40	Prodigal_v2.6.3	CDS	7321	7878	60.7	+	0	ID=11_13;partial=00;start_type=ATG;rbs_motif=None;rbs_spacer=None;gc_cont=0.378;conf=100.00;score=60.69;cscore=67.09;sscore=-6.40;rscore=-9.56;uscore=0.67;tscore=2.49;
contig_40	Prodigal_v2.6.3	CDS	7906	9141	192.3	+	0	ID=11_14;partial=00;start_type=ATG;rbs_motif=AGGAG;rbs_spacer=5-10bp;gc_cont=0.439;conf=99.99;score=192.26;cscore=174.77;sscore=17.49;rscore=12.22;uscore=1.81;tscore=2.49;
contig_40	Prodigal_v2.6.3	CDS	9343	10089	98.8	+	0	ID=11_15;partial=00;start_type=ATG;rbs_motif=AGxAGG/AGGxGG;rbs_spacer=5-10bp;gc_cont=0.420;conf=100.00;score=98.83;cscore=84.74;sscore=14.09;rscore=9.68;uscore=2.58;tscore=2.49;
contig_40	Prodigal_v2.6.3	CDS	10147	10866	79.4	-	0	ID=11_16;partial=00;start_type=GTG;rbs_motif=AGxAGG/AGGxGG;rbs_spacer=5-10bp;gc_cont=0.364;conf=100.00;score=79.41;cscore=70.38;sscore=9.02;rscore=9.68;uscore=2.95;tscore=-3.61;
contig_40	Prodigal_v2.6.3	CDS	10996	12600	274.4	-	0	ID=11_17;partial=00;start_type=ATG;rbs_motif=AGGAGG;rbs_spacer=5-10bp;gc_cont=0.396;conf=99.99;score=274.38;cscore=257.16;sscore=17.23;rscore=13.75;uscore=1.64;tscore=2.49;
contig_40	Prodigal_v2.6.3	CDS	13198	15084	323.4	+	0	ID=11_18;partial=00;start_type=ATG;rbs_motif=GGAGG;rbs_spacer=5-10bp;gc_cont=0.411;conf=99.99;score=323.39;cscore=306.44;sscore=16.94;rscore=12.75;uscore=1.70;tscore=2.49;
contig_40	Prodigal_v2.6.3	CDS	15430	17103	232.3	+	0	ID=11_19;partial=00;start_type=ATG;rbs_motif=AGGAGG;rbs_spacer=5-10bp;gc_cont=0.408;conf=99.99;score=232.28;cscore=215.96;sscore=16.32;rscore=13.75;uscore=0.74;tscore=2.49;
contig_40	Prodigal_v2.6.3	CDS	17234	18409	78.2	+	0	ID=11_20;partial=00;start_type=TTG;rbs_motif=GGA/GAG/AGG;rbs_spacer=5-10bp;gc_cont=0.431;conf=100.00;score=78.24;cscore=82.18;sscore=-3.94;rscore=-0.45;uscore=1.21;tscore=-4.70;
contig_40	Prodigal_v2.6.3	CDS	18619	19767	154.6	+	0	ID=11_21;partial=00;start_type=ATG;rbs_motif=None;rbs_spacer=None;gc_cont=0.421;conf=100.00;score=154.60;cscore=160.36;sscore=-5.76;rscore=-9.56;uscore=1.97;tscore=2.49;
contig_40	Prodigal_v2.6.3	CDS	19775	21547	258.5	+	0	ID=11_22;partial=00;start_type=ATG;rbs_motif=AGGAG;rbs_spacer=5-10bp;gc_cont=0.435;conf=99.99;score=258.47;cscore=243.47;sscore=15.00;rscore=12.22;uscore=-0.91;tscore=2.49;
contig_40	Prodigal_v2.6.3	CDS	21609	22145	78.6	-	0	ID=11_23;partial=00;start_type=ATG;rbs_motif=AGGA;rbs_spacer=5-10bp;gc_cont=0.426;conf=100.00;score=78.64;cscore=71.28;sscore=7.36;rscore=4.23;uscore=1.30;tscore=2.49;
contig_40	Prodigal_v2.6.3	CDS	22227	23177	175.2	+	0	ID=11_24;partial=00;start_type=ATG;rbs_motif=AGGAG;rbs_spacer=5-10bp;gc_cont=0.394;conf=100.00;score=175.19;cscore=157.91;sscore=17.28;rscore=12.22;uscore=2.57;tscore=2.49;
contig_40	Prodigal_v2.6.3	CDS	23224	24441	145.0	+	0	ID=11_25;partial=00;start_type=TTG;rbs_motif=GGA/GAG/AGG;rbs_spacer=5-10bp;gc_cont=0.388;conf=100.00;score=145.02;cscore=148.61;sscore=-3.59;rscore=-0.45;uscore=0.78;tscore=-4.70;
contig_40	Prodigal_v2.6.3	CDS	24543	24908	55.2	+	0	ID=11_26;partial=00;start_type=ATG;rbs_motif=AGxAGG/AGGxGG;rbs_spacer=5-10bp;gc_cont=0.423;conf=100.00;score=55.19;cscore=42.24;sscore=12.96;rscore=9.68;uscore=0.79;tscore=2.49;
contig_40	Prodigal_v2.6.3	CDS	24964	26139	192.3	-	0	ID=11_27;partial=00;start_type=TTG;rbs_motif=AGGAG;rbs_spacer=5-10bp;gc_cont=0.425;conf=99.99;score=192.26;cscore=184.96;sscore=7.30;rscore=12.22;uscore=0.42;tscore=-4.70;
contig_40	Prodigal_v2.6.3	CDS	26372	27253	84.2	+	0	ID=11_28;partial=00;start_type=ATG;rbs_motif=AGxAGG/AGGxGG;rbs_spacer=5-10bp;gc_cont=0.417;conf=100.00;score=84.18;cscore=71.44;sscore=12.73;rscore=9.68;uscore=0.57;tscore=2.49;
contig_40	Prodigal_v2.6.3	CDS	27268	28083	108.9	+	0	ID=11_29;partial=00;start_type=TTG;rbs_motif=AGxAGG/AGGxGG;rbs_spacer=5-10bp;gc_cont=0.409;conf=100.00;score=108.93;cscore=102.71;sscore=6.22;rscore=9.68;uscore=0.12;tscore=-4.70;
contig_40	Prodigal_v2.6.3	CDS	28130	28924	130.7	-	0	ID=11_30;partial=00;start_type=ATG;rbs_motif=AGGAGG;rbs_spacer=5-10bp;gc_cont=0.435;conf=100.00;score=130.73;cscore=112.09;sscore=18.64;rscore=13.75;uscore=3.05;tscore=2.49;
contig_40	Prodigal_v2.6.3	CDS	29292	30167	92.3	+	0	ID=11_31;partial=00;start_type=ATG;rbs_motif=AGGAGG;rbs_spacer=5-10bp;gc_cont=0.403;conf=100.00;score=92.34;cscore=72.63;sscore=19.71;rscore=13.75;uscore=3.47;tscore=2.49;
contig_40	Prodigal_v2.6.3	CDS	30211	31065	111.5	-	0	ID=11_32;partial=00;start_type=ATG;rbs_motif=AGxAGG/AGGxGG;rbs_spacer=11-12bp;gc_cont=0.389;conf=100.00;score=111.46;cscore=103.97;sscore=7.49;rscore=6.48;uscore=-1.47;tscore=2.49;
contig_40	Prodigal_v2.6.3	CDS	31127	32092	108.0	-	0	ID=11_33;partial=00;start_type=ATG;rbs_motif=AGGAGG;rbs_spacer=5-10bp;gc_cont=0.401;conf=100.00;score=108.05;cscore=91.66;sscore=16.38;rscore=13.75;uscore=0.14;tscore=2.49;
contig_40	Prodigal_v2.6.3	CDS	32046	33536	200.9	-	0	ID=11_34;partial=00;start_type=ATG;rbs_motif=GGAGG;rbs_spacer=5-10bp;gc_cont=0.412;conf=99.99;score=200.92;cscore=187.07;sscore=13.85;rscore=12.75;uscore=-0.73;tscore=2.49;
contig_40	Prodigal_v2.6.3	CDS	33613	34026	69.4	+	0	ID=11_35;partial=00;start_type=ATG;rbs_motif=AGGAG;rbs_spacer=5-10bp;gc_cont=0.370;conf=100.00;score=69.39;cscore=51.64;sscore=17.75;rscore=12.22;uscore=3.04;tscore=2.49;
contig_40	Prodigal_v2.6.3	CDS	34339	35301	115.5	+	0	ID=11_36;partial=00;start_type=ATG;rbs_motif=GGAG/GAGG;rbs_spacer=5-10bp;gc_cont=0.391;conf=100.00;score=115.48;cscore=102.75;sscore=12.73;rscore=8.24;uscore=2.66;tscore=2.49;
contig_40	Prodigal_v2.6.3	CDS	35359	35853	62.4	+	0	ID=11_37;partial=00;start_type=ATG;rbs_motif=GGAG/GAGG;rbs_spacer=5-10bp;gc_cont=0.424;conf=100.00;score=62.43;cscore=49.14;sscore=13.29;rscore=8.24;uscore=1.91;tscore=2.49;
contig_40	Prodigal_v2.6.3	CDS	36382	36552	19.1	+	0	ID=11_38;partial=00;start_type=ATG;rbs_motif=AGGA;rbs_spacer=5-10bp;gc_cont=0.368;conf=98.77;score=19.09;cscore=13.52;sscore=5.57;rscore=2.84;uscore=1.72;tscore=1.67;
contig_40	Prodigal_v2.6.3	CDS	36979	38517	219.2	+	0	ID=11_39;partial=00;start_type=ATG;rbs_motif=AGxAG;rbs_spacer=11-12bp;gc_cont=0.363;conf=99.99;score=219.17;cscore=221.65;sscore=-2.48;rscore=-5.40;uscore=1.08;tscore=2.49;
contig_40	Prodigal_v2.6.3	CDS	38462	38674	14.9	+	0	ID=11_40;partial=00;start_type=ATG;rbs_motif=GGA/GAG/AGG;rbs_spacer=5-10bp;gc_cont=0.362;conf=96.82;score=14.86;cscore=17.29;sscore=-2.44;rscore=-0.53;uscore=-3.99;tscore=2.09;
contig_40	Prodigal_v2.6.3	CDS	39030	39725	106.5	+	0	ID=11_41;partial=00;start_type=ATG;rbs_motif=GGAGG;rbs_spacer=5-10bp;gc_cont=0.425;conf=100.00;score=106.54;cscore=89.19;sscore=17.35;rscore=12.75;uscore=2.76;tscore=2.49;
contig_40	Prodigal_v2.6.3	CDS	39664	40467	123.2	+	0	ID=11_42;partial=00;start_type=ATG;rbs_motif=GGAG/GAGG;rbs_spacer=5-10bp;gc_cont=0.418;conf=100.00;score=123.18;cscore=119.44;sscore=3.73;rscore=8.24;uscore=-6.99;tscore=2.49;
contig_40	Prodigal_v2.6.3	CDS	40769	41845	70.3	+	0	ID=11_43;partial=00;start_type=ATG;rbs_motif=GGA/GAG/AGG;rbs_spacer=5-10bp;gc_cont=0.328;conf=100.00;score=70.28;cscore=68.21;sscore=2.07;rscore=-0.45;uscore=0.69;tscore=2.49;
contig_40	Prodigal_v2.6.3	CDS	41860	42546	107.4	+	0	ID=11_44;partial=00;start_type=ATG;rbs_motif=AGGAG;rbs_spacer=5-10bp;gc_cont=0.457;conf=100.00;score=107.44;cscore=89.21;sscore=18.23;rscore=12.22;uscore=2.41;tscore=2.49;
contig_40	Prodigal_v2.6.3	CDS	42835	43161	32.0	+	0	ID=11_45;partial=00;start_type=TTG;rbs_motif=GGxGG;rbs_spacer=5-10bp;gc_cont=0.401;conf=99.94;score=32.02;cscore=31.66;sscore=0.36;rscore=6.77;uscore=-1.06;tscore=-4.70;
contig_40	Prodigal_v2.6.3	CDS	43158	43553	67.5	+	0	ID=11_46;partial=00;start_type=ATG;rbs_motif=GGAGG;rbs_spacer=5-10bp;gc_cont=0.412;conf=100.00;score=67.55;cscore=48.74;sscore=18.81;rscore=12.75;uscore=2.27;tscore=2.49;
contig_40	Prodigal_v2.6.3	CDS	43673	46843	344.3	+	0	ID=11_47;partial=00;start_type=ATG;rbs_motif=AGGA;rbs_spacer=5-10bp;gc_cont=0.380;conf=99.99;score=344.28;cscore=336.98;sscore=7.30;rscore=4.23;uscore=0.58;tscore=2.49;
contig_40	Prodigal_v2.6.3	CDS	46988	47938	141.0	+	0	ID=11_48;partial=00;start_type=TTG;rbs_motif=GGAGG;rbs_spacer=5-10bp;gc_cont=0.386;conf=100.00;score=140.98;cscore=129.68;sscore=11.30;rscore=12.75;uscore=3.24;tscore=-4.70;
contig_40	Prodigal_v2.6.3	CDS	47939	49063	146.6	-	0	ID=11_49;partial=00;start_type=ATG;rbs_motif=AGxAGG/AGGxGG;rbs_spacer=5-10bp;gc_cont=0.356;conf=100.00;score=146.55;cscore=132.74;sscore=13.81;rscore=9.68;uscore=0.39;tscore=2.49;
contig_40	Prodigal_v2.6.3	CDS	49056	50171	99.1	-	0	ID=11_50;partial=00;start_type=ATG;rbs_motif=GGA/GAG/AGG;rbs_spacer=5-10bp;gc_cont=0.353;conf=100.00;score=99.07;cscore=95.36;sscore=3.71;rscore=-0.45;uscore=0.57;tscore=2.49;
contig_40	Prodigal_v2.6.3	CDS	50188	51798	151.8	-	0	ID=11_51;partial=00;start_type=ATG;rbs_motif=None;rbs_spacer=None;gc_cont=0.380;conf=100.00;score=151.83;cscore=158.36;sscore=-6.53;rscore=-9.56;uscore=1.19;tscore=2.49;
contig_40	Prodigal_v2.6.3	CDS	52127	53008	117.7	+	0	ID=11_52;partial=00;start_type=GTG;rbs_motif=AGGAGG;rbs_spacer=5-10bp;gc_cont=0.362;conf=100.00;score=117.69;cscore=104.51;sscore=13.17;rscore=13.75;uscore=3.03;tscore=-3.61;
contig_40	Prodigal_v2.6.3	CDS	53194	54501	171.0	+	0	ID=11_53;partial=00;start_type=ATG;rbs_motif=AGGAGG;rbs_spacer=5-10bp;gc_cont=0.370;conf=100.00;score=171.03;cscore=153.95;sscore=17.08;rscore=13.75;uscore=1.50;tscore=2.49;
contig_40	Prodigal_v2.6.3	CDS	54502	56154	199.1	-	0	ID=11_54;partial=00;start_type=ATG;rbs_motif=AGxAGG/AGGxGG;rbs_spacer=5-10bp;gc_cont=0.368;conf=99.99;score=199.07;cscore=185.41;sscore=13.65;rscore=9.68;uscore=1.49;tscore=2.49;
contig_40	Prodigal_v2.6.3	CDS	56317	56601	35.5	-	0	ID=11_55;partial=00;start_type=ATG;rbs_motif=AGGA;rbs_spacer=5-10bp;gc_cont=0.354;conf=99.97;score=35.47;cscore=25.88;sscore=9.59;rscore=4.23;uscore=1.61;tscore=2.49;
contig_40	Prodigal_v2.6.3	CDS	56603	57199	83.0	-	0	ID=11_56;partial=00;start_type=ATG;rbs_motif=GGAG/GAGG;rbs_spacer=5-10bp;gc_cont=0.367;conf=100.00;score=83.02;cscore=69.61;sscore=13.41;rscore=8.24;uscore=1.38;tscore=2.49;
contig_40	Prodigal_v2.6.3	CDS	57196	59145	232.3	-	0	ID=11_57;partial=00;start_type=ATG;rbs_motif=AGGAG;rbs_spacer=5-10bp;gc_cont=0.401;conf=99.99;score=232.33;cscore=213.12;sscore=19.21;rscore=12.22;uscore=3.45;tscore=2.49;
contig_40	Prodigal_v2.6.3	CDS	59166	60056	109.7	-	0	ID=11_58;partial=00;start_type=ATG;rbs_motif=GGA/GAG/AGG;rbs_spacer=5-10bp;gc_cont=0.391;conf=100.00;score=109.74;cscore=109.20;sscore=0.54;rscore=-0.45;uscore=-0.84;tscore=2.49;
contig_40	Prodigal_v2.6.3	CDS	60409	61839	136.8	+	0	ID=11_59;partial=00;start_type=ATG;rbs_motif=GGAG/GAGG;rbs_spacer=5-10bp;gc_cont=0.398;conf=100.00;score=136.85;cscore=126.07;sscore=10.77;rscore=8.24;uscore=0.05;tscore=2.49;
contig_40	Prodigal_v2.6.3	CDS	62861	64390	212.4	+	0	ID=11_60;partial=00;start_type=ATG;rbs_motif=AGxAGG/AGGxGG;rbs_spacer=11-12bp;gc_cont=0.412;conf=99.99;score=212.42;cscore=198.46;sscore=13.95;rscore=6.48;uscore=5.64;tscore=2.49;
contig_40	Prodigal_v2.6.3	CDS	64519	65427	134.8	-	0	ID=11_61;partial=00;start_type=TTG;rbs_motif=AGGAG;rbs_spacer=5-10bp;gc_cont=0.381;conf=100.00;score=134.77;cscore=126.83;sscore=7.94;rscore=12.22;uscore=1.07;tscore=-4.70;
contig_40	Prodigal_v2.6.3	CDS	65967	66575	49.3	+	0	ID=11_62;partial=00;start_type=TTG;rbs_motif=AGGAGG;rbs_spacer=5-10bp;gc_cont=0.369;conf=100.00;score=49.29;cscore=36.89;sscore=12.40;rscore=13.75;uscore=3.34;tscore=-4.70;
contig_40	Prodigal_v2.6.3	CDS	66623	67225	61.9	-	0	ID=11_63;partial=00;start_type=TTG;rbs_motif=AGGAGG;rbs_spacer=5-10bp;gc_cont=0.352;conf=100.00;score=61.92;cscore=50.54;sscore=11.38;rscore=13.75;uscore=2.97;tscore=-4.70;
contig_40	Prodigal_v2.6.3	CDS	67353	67871	80.8	+	0	ID=11_64;partial=00;start_type=ATG;rbs_motif=AGGAG;rbs_spacer=5-10bp;gc_cont=0.366;conf=100.00;score=80.83;cscore=64.76;sscore=16.06;rscore=12.22;uscore=1.36;tscore=2.49;
contig_40	Prodigal_v2.6.3	CDS	67917	68534	80.4	-	0	ID=11_65;partial=00;start_type=ATG;rbs_motif=AGGAG;rbs_spacer=5-10bp;gc_cont=0.366;conf=100.00;score=80.40;cscore=66.08;sscore=14.32;rscore=12.22;uscore=0.27;tscore=2.49;
contig_40	Prodigal_v2.6.3	CDS	68701	69489	84.4	+	0	ID=11_66;partial=00;start_type=ATG;rbs_motif=AGGAG;rbs_spacer=5-10bp;gc_cont=0.380;conf=100.00;score=84.42;cscore=70.26;sscore=14.17;rscore=12.22;uscore=-0.54;tscore=2.49;
contig_40	Prodigal_v2.6.3	CDS	70191	70622	53.1	+	0	ID=11_67;partial=00;start_type=ATG;rbs_motif=GGAGG;rbs_spacer=5-10bp;gc_cont=0.370;conf=100.00;score=53.08;cscore=37.69;sscore=15.39;rscore=12.75;uscore=0.80;tscore=2.49;
contig_40	Prodigal_v2.6.3	CDS	70702	70884	5.9	-	0	ID=11_68;partial=00;start_type=GTG;rbs_motif=GGA/GAG/AGG;rbs_spacer=5-10bp;gc_cont=0.219;conf=79.49;score=5.89;cscore=11.47;sscore=-5.57;rscore=-0.62;uscore=0.06;tscore=-5.01;
contig_40	Prodigal_v2.6.3	CDS	70949	71068	10.7	-	0	ID=11_69;partial=00;start_type=ATG;rbs_motif=GGAGG;rbs_spacer=5-10bp;gc_cont=0.292;conf=92.05;score=10.65;cscore=3.91;sscore=6.74;rscore=5.97;uscore=0.26;tscore=1.16;
contig_40	Prodigal_v2.6.3	CDS	71716	74271	311.2	+	0	ID=11_70;partial=00;start_type=GTG;rbs_motif=GGAG/GAGG;rbs_spacer=5-10bp;gc_cont=0.347;conf=99.99;score=311.19;cscore=306.72;sscore=4.47;rscore=8.24;uscore=-0.16;tscore=-3.61;
contig_40	Prodigal_v2.6.3	CDS	74468	74764	8.7	+	0	ID=11_71;partial=00;start_type=ATG;rbs_motif=GGAG/GAGG;rbs_spacer=5-10bp;gc_cont=0.340;conf=88.16;score=8.73;cscore=-2.99;sscore=11.72;rscore=8.24;uscore=0.20;tscore=2.49;
contig_40	Prodigal_v2.6.3	CDS	74796	75560	68.0	+	0	ID=11_72;partial=01;start_type=TTG;rbs_motif=None;rbs_spacer=None;gc_cont=0.336;conf=100.00;score=68.00;cscore=81.02;sscore=-13.02;rscore=-9.56;uscore=0.30;tscore=-4.70;
# Sequence Data: seqnum=12;seqlen=59089;seqhdr="contig_60"
# Model Data: version=Prodigal.v2.6.3;run_type=Single;model="Ab initio";gc_cont=37.70;transl_table=11;uses_sd=1
contig_60	Prodigal_v2.6.3	CDS	1	288	38.7	+	0	ID=12_1;partial=10;start_type=Edge;rbs_motif=None;rbs_spacer=None;gc_cont=0.378;conf=99.99;score=38.72;cscore=35.50;sscore=3.22;rscore=0.00;uscore=0.00;tscore=3.22;
contig_60	Prodigal_v2.6.3	CDS	254	349	3.9	+	0	ID=12_2;partial=00;start_type=ATG;rbs_motif=GGA/GAG/AGG;rbs_spacer=5-10bp;gc_cont=0.354;conf=71.21;score=3.94;cscore=8.91;sscore=-4.97;rscore=-1.21;uscore=-4.68;tscore=0.93;
contig_60	Prodigal_v2.6.3	CDS	781	3549	530.2	+	0	ID=12_3;partial=00;start_type=ATG;rbs_motif=AGGAGG;rbs_spacer=5-10bp;gc_cont=0.394;conf=99.99;score=530.24;cscore=513.21;sscore=17.04;rscore=13.75;uscore=1.45;tscore=2.49;
contig_60	Prodigal_v2.6.3	CDS	3649	4854	119.0	-	0	ID=12_4;partial=00;start_type=ATG;rbs_motif=AGxAGG/AGGxGG;rbs_spacer=5-10bp;gc_cont=0.350;conf=100.00;score=119.05;cscore=107.64;sscore=11.41;rscore=9.68;uscore=-0.10;tscore=2.49;
contig_60	Prodigal_v2.6.3	CDS	5057	5392	61.5	+	0	ID=12_5;partial=00;start_type=ATG;rbs_motif=AGxAGG/AGGxGG;rbs_spacer=5-10bp;gc_cont=0.351;conf=100.00;score=61.54;cscore=47.44;sscore=14.10;rscore=9.68;uscore=1.94;tscore=2.49;
contig_60	Prodigal_v2.6.3	CDS	5417	6985	243.3	+	0	ID=12_6;partial=00;start_type=ATG;rbs_motif=AGxAGG/AGGxGG;rbs_spacer=5-10bp;gc_cont=0.395;conf=99.99;score=243.33;cscore=227.42;sscore=15.91;rscore=9.68;uscore=2.73;tscore=2.49;
contig_60	Prodigal_v2.6.3	CDS	7150	7629	71.0	+	0	ID=12_7;partial=00;start_type=GTG;rbs_motif=GGAGG;rbs_spacer=5-10bp;gc_cont=0.373;conf=100.00;score=71.03;cscore=59.54;sscore=11.50;rscore=12.75;uscore=2.35;tscore=-3.61;
contig_60	Prodigal_v2.6.3	CDS	7626	8537	168.0	+	0	ID=12_8;partial=00;start_type=ATG;rbs_motif=GGA/GAG/AGG;rbs_spacer=5-10bp;gc_cont=0.400;conf=100.00;score=168.04;cscore=158.92;sscore=9.11;rscore=-0.45;uscore=5.33;tscore=2.49;
contig_60	Prodigal_v2.6.3	CDS	8778	9326	113.9	+	0	ID=12_9;partial=00;start_type=ATG;rbs_motif=AGGAGG;rbs_spacer=5-10bp;gc_cont=0.377;conf=100.00;score=113.85;cscore=96.11;sscore=17.74;rscore=13.75;uscore=2.15;tscore=2.49;
contig_60	Prodigal_v2.6.3	CDS	9341	10651	214.6	+	0	ID=12_10;partial=00;start_type=ATG;rbs_motif=GGAG/GAGG;rbs_spacer=5-10bp;gc_cont=0.398;conf=99.99;score=214.60;cscore=199.74;sscore=14.86;rscore=8.24;uscore=3.01;tscore=2.49;
contig_60	Prodigal_v2.6.3	CDS	10846	11724	129.8	+	0	ID=12_11;partial=00;start_type=ATG;rbs_motif=GGAGG;rbs_spacer=5-10bp;gc_cont=0.392;conf=100.00;score=129.78;cscore=118.50;sscore=11.29;rscore=12.75;uscore=-3.30;tscore=2.49;
contig_60	Prodigal_v2.6.3	CDS	11726	13003	244.0	+	0	ID=12_12;partial=00;start_type=ATG;rbs_motif=GGAG/GAGG;rbs_spacer=5-10bp;gc_cont=0.424;conf=99.99;score=244.03;cscore=229.67;sscore=14.36;rscore=8.24;uscore=2.38;tscore=2.49;
contig_60	Prodigal_v2.6.3	CDS	13003	14103	219.1	+	0	ID=12_13;partial=00;start_type=ATG;rbs_motif=AGGAGG;rbs_spacer=5-10bp;gc_cont=0.392;conf=99.99;score=219.10;cscore=201.29;sscore=17.81;rscore=13.75;uscore=0.29;tscore=2.49;
contig_60	Prodigal_v2.6.3	CDS	14096	17293	650.7	+	0	ID=12_14;partial=00;start_type=ATG;rbs_motif=GGA/GAG/AGG;rbs_spacer=5-10bp;gc_cont=0.401;conf=99.99;score=650.72;cscore=645.33;sscore=5.39;rscore=-0.45;uscore=2.10;tscore=2.49;
contig_60	Prodigal_v2.6.3	CDS	17295	17912	89.4	+	0	ID=12_15;partial=00;start_type=ATG;rbs_motif=AGGAG/GGAGG;rbs_spacer=11-12bp;gc_cont=0.437;conf=100.00;score=89.40;cscore=75.06;sscore=14.34;rscore=9.05;uscore=1.54;tscore=2.49;
contig_60	Prodigal_v2.6.3	CDS	17881	18066	13.6	+	0	ID=12_16;partial=00;start_type=ATG;rbs_motif=GGA/GAG/AGG;rbs_spacer=5-10bp;gc_cont=0.392;conf=95.78;score=13.59;cscore=17.27;sscore=-3.68;rscore=-0.61;uscore=-4.89;tscore=1.82;
contig_60	Prodigal_v2.6.3	CDS	18115	18975	141.3	+	0	ID=12_17;partial=00;start_type=ATG;rbs_motif=None;rbs_spacer=None;gc_cont=0.438;conf=100.00;score=141.34;cscore=149.22;sscore=-7.88;rscore=-9.56;uscore=-1.56;tscore=2.49;
contig_60	Prodigal_v2.6.3	CDS	18975	19421	95.5	+	0	ID=12_18;partial=00;start_type=ATG;rbs_motif=AGGAG;rbs_spacer=5-10bp;gc_cont=0.398;conf=100.00;score=95.50;cscore=77.41;sscore=18.09;rscore=12.22;uscore=2.09;tscore=2.49;
contig_60	Prodigal_v2.6.3	CDS	19484	19681	22.0	+	0	ID=12_19;partial=00;start_type=GTG;rbs_motif=GGA/GAG/AGG;rbs_spacer=11-12bp;gc_cont=0.470;conf=99.37;score=22.02;cscore=31.20;sscore=-9.18;rscore=-1.01;uscore=-3.54;tscore=-4.63;
contig_60	Prodigal_v2.6.3	CDS	19685	20314	137.1	+	0	ID=12_20;partial=00;start_type=ATG;rbs_motif=GGAGG;rbs_spacer=5-10bp;gc_cont=0.389;conf=100.00;score=137.12;cscore=119.75;sscore=17.37;rscore=12.75;uscore=0.89;tscore=2.49;
contig_60	Prodigal_v2.6.3	CDS	21193	22188	123.2	+	0	ID=12_21;partial=00;start_type=ATG;rbs_motif=GGA/GAG/AGG;rbs_spacer=11-12bp;gc_cont=0.367;conf=100.00;score=123.23;cscore=117.17;sscore=6.05;rscore=-0.79;uscore=5.01;tscore=2.49;
contig_60	Prodigal_v2.6.3	CDS	22193	23182	128.1	+	0	ID=12_22;partial=00;start_type=ATG;rbs_motif=GGA/GAG/AGG;rbs_spacer=5-10bp;gc_cont=0.376;conf=100.00;score=128.07;cscore=121.81;sscore=6.26;rscore=-0.45;uscore=2.99;tscore=2.49;
contig_60	Prodigal_v2.6.3	CDS	23237	24970	352.3	+	0	ID=12_23;partial=00;start_type=ATG;rbs_motif=GGxGG;rbs_spacer=5-10bp;gc_cont=0.363;conf=99.99;score=352.29;cscore=338.17;sscore=14.12;rscore=6.77;uscore=4.18;tscore=2.49;
contig_60	Prodigal_v2.6.3	CDS	25053	26018	113.1	+	0	ID=12_24;partial=00;start_type=ATG;rbs_motif=AGGAG;rbs_spacer=5-10bp;gc_cont=0.355;conf=100.00;score=113.14;cscore=93.88;sscore=19.25;rscore=12.22;uscore=4.55;tscore=2.49;
contig_60	Prodigal_v2.6.3	CDS	26031	26939	95.5	+	0	ID=12_25;partial=00;start_type=ATG;rbs_motif=AGGAGG;rbs_spacer=5-10bp;gc_cont=0.365;conf=100.00;score=95.50;cscore=78.64;sscore=16.86;rscore=13.75;uscore=-0.52;tscore=2.49;
contig_60	Prodigal_v2.6.3	CDS	27491	28417	174.5	-	0	ID=12_26;partial=00;start_type=ATG;rbs_motif=AGGAGG;rbs_spacer=5-10bp;gc_cont=0.384;conf=100.00;score=174.48;cscore=155.05;sscore=19.43;rscore=13.75;uscore=1.94;tscore=2.49;
contig_60	Prodigal_v2.6.3	CDS	28410	29465	209.5	-	0	ID=12_27;partial=00;start_type=ATG;rbs_motif=AGGAGG;rbs_spacer=5-10bp;gc_cont=0.384;conf=99.99;score=209.54;cscore=191.45;sscore=18.09;rscore=13.75;uscore=0.72;tscore=2.49;
contig_60	Prodigal_v2.6.3	CDS	29479	30399	162.7	-	0	ID=12_28;partial=00;start_type=ATG;rbs_motif=AGGAG;rbs_spacer=5-10bp;gc_cont=0.389;conf=100.00;score=162.72;cscore=144.87;sscore=17.85;rscore=12.22;uscore=1.85;tscore=2.49;
contig_60	Prodigal_v2.6.3	CDS	30399	31328	136.7	-	0	ID=12_29;partial=00;start_type=GTG;rbs_motif=AGGAGG;rbs_spacer=5-10bp;gc_cont=0.377;conf=100.00;score=136.71;cscore=122.95;sscore=13.76;rscore=13.75;uscore=3.62;tscore=-3.61;
contig_60	Prodigal_v2.6.3	CDS	31462	33123	295.7	-	0	ID=12_30;partial=00;start_type=ATG;rbs_motif=AGxAGG/AGGxGG;rbs_spacer=5-10bp;gc_cont=0.383;conf=99.99;score=295.73;cscore=282.77;sscore=12.96;rscore=9.68;uscore=1.45;tscore=2.49;
contig_60	Prodigal_v2.6.3	CDS	34031	35716	283.1	-	0	ID=12_31;partial=00;start_type=ATG;rbs_motif=GGA/GAG/AGG;rbs_spacer=5-10bp;gc_cont=0.371;conf=99.99;score=283.08;cscore=277.78;sscore=5.30;rscore=-0.45;uscore=3.91;tscore=2.49;
contig_60	Prodigal_v2.6.3	CDS	35970	37667	236.1	-	0	ID=12_32;partial=00;start_type=ATG;rbs_motif=GGAG/GAGG;rbs_spacer=5-10bp;gc_cont=0.385;conf=99.99;score=236.13;cscore=226.96;sscore=9.17;rscore=8.24;uscore=-0.91;tscore=2.49;
contig_60	Prodigal_v2.6.3	CDS	37927	38802	142.3	+	0	ID=12_33;partial=00;start_type=TTG;rbs_motif=GGA/GAG/AGG;rbs_spacer=11-12bp;gc_cont=0.386;conf=100.00;score=142.26;cscore=145.17;sscore=-2.91;rscore=-0.79;uscore=2.58;tscore=-4.70;
contig_60	Prodigal_v2.6.3	CDS	38846	39463	115.3	+	0	ID=12_34;partial=00;start_type=ATG;rbs_motif=GGA/GAG/AGG;rbs_spacer=5-10bp;gc_cont=0.385;conf=100.00;score=115.26;cscore=109.47;sscore=5.79;rscore=-0.45;uscore=2.95;tscore=2.49;
contig_60	Prodigal_v2.6.3	CDS	39468	39695	48.5	+	0	ID=12_35;partial=00;start_type=ATG;rbs_motif=AGGAG;rbs_spacer=5-10bp;gc_cont=0.395;conf=100.00;score=48.50;cscore=31.34;sscore=17.15;rscore=11.00;uscore=2.69;tscore=2.24;
contig_60	Prodigal_v2.6.3	CDS	39830	40834	123.8	+	0	ID=12_36;partial=00;start_type=ATG;rbs_motif=AGGA/GGAG/GAGG;rbs_spacer=11-12bp;gc_cont=0.397;conf=100.00;score=123.81;cscore=117.42;sscore=6.38;rscore=3.18;uscore=0.72;tscore=2.49;
contig_60	Prodigal_v2.6.3	CDS	40831	43242	331.3	+	0	ID=12_37;partial=00;start_type=ATG;rbs_motif=GGA/GAG/AGG;rbs_spacer=5-10bp;gc_cont=0.393;conf=99.99;score=331.34;cscore=326.75;sscore=4.58;rscore=-0.45;uscore=0.80;tscore=2.49;
contig_60	Prodigal_v2.6.3	CDS	43327	43821	115.2	+	0	ID=12_38;partial=00;start_type=ATG;rbs_motif=GGAG/GAGG;rbs_spacer=5-10bp;gc_cont=0.384;conf=100.00;score=115.21;cscore=103.22;sscore=11.99;rscore=8.24;uscore=1.26;tscore=2.49;
contig_60	Prodigal_v2.6.3	CDS	43823	44764	170.2	+	0	ID=12_39;partial=00;start_type=ATG;rbs_motif=AGGAGG;rbs_spacer=5-10bp;gc_cont=0.416;conf=100.00;score=170.20;cscore=151.01;sscore=19.20;rscore=13.75;uscore=1.70;tscore=2.49;
contig_60	Prodigal_v2.6.3	CDS	44761	46122	205.4	+	0	ID=12_40;partial=00;start_type=ATG;rbs_motif=GGA/GAG/AGG;rbs_spacer=5-10bp;gc_cont=0.388;conf=99.99;score=205.36;cscore=201.14;sscore=4.22;rscore=-0.45;uscore=0.44;tscore=2.49;
contig_60	Prodigal_v2.6.3	CDS	46122	47264	195.8	+	0	ID=12_41;partial=00;start_type=ATG;rbs_motif=AGGAG;rbs_spacer=5-10bp;gc_cont=0.368;conf=99.99;score=195.77;cscore=179.77;sscore=15.99;rscore=12.22;uscore=-0.81;tscore=2.49;
contig_60	Prodigal_v2.6.3	CDS	47271	48020	113.5	+	0	ID=12_42;partial=00;start_type=TTG;rbs_motif=GGAG/GAGG;rbs_spacer=5-10bp;gc_cont=0.375;conf=100.00;score=113.51;cscore=106.37;sscore=7.14;rscore=8.24;uscore=2.39;tscore=-4.70;
contig_60	Prodigal_v2.6.3	CDS	48023	50011	339.2	+	0	ID=12_43;partial=00;start_type=ATG;rbs_motif=AGGAGG;rbs_spacer=5-10bp;gc_cont=0.361;conf=99.99;score=339.21;cscore=321.20;sscore=18.00;rscore=13.75;uscore=0.51;tscore=2.49;
contig_60	Prodigal_v2.6.3	CDS	50023	50907	137.2	+	0	ID=12_44;partial=00;start_type=ATG;rbs_motif=AGGAGG;rbs_spacer=5-10bp;gc_cont=0.372;conf=100.00;score=137.19;cscore=118.45;sscore=18.73;rscore=13.75;uscore=1.34;tscore=2.49;
contig_60	Prodigal_v2.6.3	CDS	50907	51578	141.2	+	0	ID=12_45;partial=00;start_type=ATG;rbs_motif=GGAG/GAGG;rbs_spacer=5-10bp;gc_cont=0.363;conf=100.00;score=141.15;cscore=127.06;sscore=14.09;rscore=8.24;uscore=2.08;tscore=2.49;
contig_60	Prodigal_v2.6.3	CDS	51575	52228	87.3	+	0	ID=12_46;partial=00;start_type=ATG;rbs_motif=4Base/6BMM;rbs_spacer=13-15bp;gc_cont=0.369;conf=100.00;score=87.30;cscore=83.29;sscore=4.02;rscore=-3.98;uscore=0.24;tscore=2.49;
contig_60	Prodigal_v2.6.3	CDS	52440	52628	27.2	-	0	ID=12_47;partial=00;start_type=ATG;rbs_motif=AGGAGG;rbs_spacer=5-10bp;gc_cont=0.429;conf=99.81;score=27.23;cscore=13.82;sscore=13.41;rscore=10.23;uscore=1.98;tscore=1.85;
contig_60	Prodigal_v2.6.3	CDS	52961	53557	87.9	-	0	ID=12_48;partial=00;start_type=ATG;rbs_motif=GGAGG;rbs_spacer=5-10bp;gc_cont=0.400;conf=100.00;score=87.91;cscore=66.54;sscore=21.37;rscore=12.75;uscore=6.78;tscore=2.49;
contig_60	Prodigal_v2.6.3	CDS	53859	54068	10.7	+	0	ID=12_49;partial=00;start_type=ATG;rbs_motif=GGAG/GAGG;rbs_spacer=5-10bp;gc_cont=0.352;conf=92.19;score=10.74;cscore=2.12;sscore=8.62;rscore=6.82;uscore=-0.26;tscore=2.06;
contig_60	Prodigal_v2.6.3	CDS	54096	54731	74.3	+	0	ID=12_50;partial=00;start_type=ATG;rbs_motif=4Base/6BMM;rbs_spacer=13-15bp;gc_cont=0.406;conf=100.00;score=74.34;cscore=74.74;sscore=-0.40;rscore=-3.98;uscore=0.12;tscore=2.49;
contig_60	Prodigal_v2.6.3	CDS	54746	55507	154.1	+	0	ID=12_51;partial=00;start_type=ATG;rbs_motif=AGGAG;rbs_spacer=5-10bp;gc_cont=0.341;conf=100.00;score=154.14;cscore=137.78;sscore=16.35;rscore=12.22;uscore=0.52;tscore=2.49;
contig_60	Prodigal_v2.6.3	CDS	55618	57045	195.8	+	0	ID=12_52;partial=00;start_type=ATG;rbs_motif=AGxAGG/AGGxGG;rbs_spacer=5-10bp;gc_cont=0.376;conf=99.99;score=195.79;cscore=181.07;sscore=14.72;rscore=9.68;uscore=2.56;tscore=2.49;
contig_60	Prodigal_v2.6.3	CDS	57085	58689	242.3	+	0	ID=12_53;partial=00;start_type=ATG;rbs_motif=AGGAG;rbs_spacer=5-10bp;gc_cont=0.421;conf=99.99;score=242.35;cscore=226.72;sscore=15.63;rscore=12.22;uscore=0.07;tscore=2.49;
contig_60	Prodigal_v2.6.3	CDS	58859	59089	40.2	+	0	ID=12_54;partial=01;start_type=ATG;rbs_motif=AGGAG;rbs_spacer=5-10bp;gc_cont=0.338;conf=99.99;score=40.15;cscore=26.03;sscore=14.12;rscore=12.22;uscore=-0.58;tscore=2.49;
# Sequence Data: seqnum=13;seqlen=18848;seqhdr="contig_43"
# Model Data: version=Prodigal.v2.6.3;run_type=Single;model="Ab initio";gc_cont=37.70;transl_table=11;uses_sd=1
contig_43	Prodigal_v2.6.3	CDS	1	729	66.8	+	0	ID=13_1;partial=10;start_type=Edge;rbs_motif=None;rbs_spacer=None;gc_cont=0.370;conf=100.00;score=66.76;cscore=63.54;sscore=3.22;rscore=0.00;uscore=0.00;tscore=3.22;
contig_43	Prodigal_v2.6.3	CDS	769	1422	47.7	-	0	ID=13_2;partial=00;start_type=ATG;rbs_motif=AGGA/GGAG/GAGG;rbs_spacer=11-12bp;gc_cont=0.347;conf=100.00;score=47.67;cscore=39.24;sscore=8.43;rscore=3.18;uscore=1.48;tscore=2.49;
contig_43	Prodigal_v2.6.3	CDS	1419	2180	95.6	-	0	ID=13_3;partial=00;start_type=TTG;rbs_motif=AGGAGG;rbs_spacer=5-10bp;gc_cont=0.356;conf=100.00;score=95.59;cscore=84.31;sscore=11.28;rscore=13.75;uscore=2.87;tscore=-4.70;
contig_43	Prodigal_v2.6.3	CDS	2365	3069	85.9	+	0	ID=13_4;partial=00;start_type=GTG;rbs_motif=AGxAGG/AGGxGG;rbs_spacer=5-10bp;gc_cont=0.367;conf=100.00;score=85.85;cscore=75.55;sscore=10.30;rscore=9.68;uscore=4.24;tscore=-3.61;
contig_43	Prodigal_v2.6.3	CDS	3095	3814	94.4	-	0	ID=13_5;partial=00;start_type=ATG;rbs_motif=AGGAG/GGAGG;rbs_spacer=11-12bp;gc_cont=0.368;conf=100.00;score=94.41;cscore=82.28;sscore=12.13;rscore=9.05;uscore=1.25;tscore=2.49;
contig_43	Prodigal_v2.6.3	CDS	3917	5122	164.3	+	0	ID=13_6;partial=00;start_type=ATG;rbs_motif=GGAG/GAGG;rbs_spacer=5-10bp;gc_cont=0.367;conf=100.00;score=164.31;cscore=149.49;sscore=14.82;rscore=8.24;uscore=4.09;tscore=2.49;
contig_43	Prodigal_v2.6.3	CDS	5151	5837	96.0	-	0	ID=13_7;partial=00;start_type=ATG;rbs_motif=AGGA/GGAG/GAGG;rbs_spacer=11-12bp;gc_cont=0.361;conf=100.00;score=96.03;cscore=87.21;sscore=8.82;rscore=3.18;uscore=3.81;tscore=2.49;
contig_43	Prodigal_v2.6.3	CDS	6402	8162	211.0	+	0	ID=13_8;partial=00;start_type=TTG;rbs_motif=AGGAGG;rbs_spacer=5-10bp;gc_cont=0.376;conf=99.99;score=210.99;cscore=199.67;sscore=11.32;rscore=13.75;uscore=2.27;tscore=-4.70;
contig_43	Prodigal_v2.6.3	CDS	8259	8819	62.3	+	0	ID=13_9;partial=00;start_type=ATG;rbs_motif=None;rbs_spacer=None;gc_cont=0.392;conf=100.00;score=62.30;cscore=72.36;sscore=-10.06;rscore=-9.56;uscore=-2.99;tscore=2.49;
contig_43	Prodigal_v2.6.3	CDS	8809	9231	72.7	+	0	ID=13_10;partial=00;start_type=ATG;rbs_motif=AGGAGG;rbs_spacer=5-10bp;gc_cont=0.395;conf=100.00;score=72.73;cscore=56.46;sscore=16.27;rscore=13.75;uscore=-1.18;tscore=2.49;
contig_43	Prodigal_v2.6.3	CDS	9235	9573	51.9	+	0	ID=13_11;partial=00;start_type=ATG;rbs_motif=AGGA;rbs_spacer=5-10bp;gc_cont=0.395;conf=100.00;score=51.89;cscore=41.19;sscore=10.70;rscore=4.23;uscore=2.75;tscore=2.49;
contig_43	Prodigal_v2.6.3	CDS	9566	11071	202.9	+	0	ID=13_12;partial=00;start_type=ATG;rbs_motif=GGAG/GAGG;rbs_spacer=5-10bp;gc_cont=0.377;conf=99.99;score=202.86;cscore=191.10;sscore=11.76;rscore=8.24;uscore=-0.22;tscore=2.49;
contig_43	Prodigal_v2.6.3	CDS	11071	11553	72.2	+	0	ID=13_13;partial=00;start_type=ATG;rbs_motif=GGAG/GAGG;rbs_spacer=5-10bp;gc_cont=0.366;conf=100.00;score=72.25;cscore=59.83;sscore=12.42;rscore=8.24;uscore=0.41;tscore=2.49;
contig_43	Prodigal_v2.6.3	CDS	11553	11837	44.8	+	0	ID=13_14;partial=00;start_type=ATG;rbs_motif=GGAGG;rbs_spacer=5-10bp;gc_cont=0.344;conf=100.00;score=44.80;cscore=26.18;sscore=18.63;rscore=12.75;uscore=2.10;tscore=2.49;
contig_43	Prodigal_v2.6.3	CDS	11815	12183	39.1	+	0	ID=13_15;partial=00;start_type=TTG;rbs_motif=GGAG/GAGG;rbs_spacer=5-10bp;gc_cont=0.404;conf=99.99;score=39.09;cscore=33.15;sscore=5.94;rscore=8.24;uscore=2.39;tscore=-4.70;
contig_43	Prodigal_v2.6.3	CDS	12413	13126	87.9	-	0	ID=13_16;partial=00;start_type=TTG;rbs_motif=AGGA;rbs_spacer=5-10bp;gc_cont=0.338;conf=100.00;score=87.88;cscore=84.41;sscore=3.47;rscore=4.23;uscore=2.82;tscore=-4.70;
contig_43	Prodigal_v2.6.3	CDS	13141	14076	83.6	-	0	ID=13_17;partial=00;start_type=TTG;rbs_motif=3Base/5BMM;rbs_spacer=13-15bp;gc_cont=0.356;conf=100.00;score=83.61;cscore=91.63;sscore=-8.02;rscore=-6.44;uscore=2.21;tscore=-4.70;
contig_43	Prodigal_v2.6.3	CDS	14111	15778	143.6	-	0	ID=13_18;partial=00;start_type=ATG;rbs_motif=GGA/GAG/AGG;rbs_spacer=5-10bp;gc_cont=0.347;conf=100.00;score=143.57;cscore=137.01;sscore=6.55;rscore=-0.45;uscore=3.75;tscore=2.49;
contig_43	Prodigal_v2.6.3	CDS	15826	16149	18.6	-	0	ID=13_19;partial=00;start_type=ATG;rbs_motif=GGA/GAG/AGG;rbs_spacer=5-10bp;gc_cont=0.389;conf=98.63;score=18.61;cscore=15.52;sscore=3.10;rscore=-0.45;uscore=1.71;tscore=2.49;
contig_43	Prodigal_v2.6.3	CDS	16574	17368	178.7	+	0	ID=13_20;partial=00;start_type=ATG;rbs_motif=AGGAG;rbs_spacer=5-10bp;gc_cont=0.362;conf=99.99;score=178.67;cscore=159.69;sscore=18.98;rscore=12.22;uscore=4.28;tscore=2.49;
contig_43	Prodigal_v2.6.3	CDS	17501	18160	114.7	+	0	ID=13_21;partial=00;start_type=GTG;rbs_motif=AGGAGG;rbs_spacer=5-10bp;gc_cont=0.342;conf=100.00;score=114.74;cscore=101.37;sscore=13.37;rscore=13.75;uscore=3.23;tscore=-3.61;
contig_43	Prodigal_v2.6.3	CDS	18153	18500	40.8	+	0	ID=13_22;partial=00;start_type=GTG;rbs_motif=AGGA;rbs_spacer=5-10bp;gc_cont=0.345;conf=99.99;score=40.82;cscore=37.34;sscore=3.48;rscore=4.23;uscore=1.61;tscore=-3.61;
contig_43	Prodigal_v2.6.3	CDS	18591	18848	41.5	+	0	ID=13_23;partial=01;start_type=ATG;rbs_motif=GGA/GAG/AGG;rbs_spacer=5-10bp;gc_cont=0.434;conf=99.99;score=41.47;cscore=42.93;sscore=-1.47;rscore=-0.45;uscore=-3.50;tscore=2.49;
# Sequence Data: seqnum=14;seqlen=14307;seqhdr="contig_53"
# Model Data: version=Prodigal.v2.6.3;run_type=Single;model="Ab initio";gc_cont=37.70;transl_table=11;uses_sd=1
contig_53	Prodigal_v2.6.3	CDS	2	583	40.0	+	0	ID=14_1;partial=10;start_type=Edge;rbs_motif=None;rbs_spacer=None;gc_cont=0.354;conf=99.99;score=39.99;cscore=36.77;sscore=3.22;rscore=0.00;uscore=0.00;tscore=3.22;
contig_53	Prodigal_v2.6.3	CDS	632	1057	2.6	-	0	ID=14_2;partial=00;start_type=ATG;rbs_motif=None;rbs_spacer=None;gc_cont=0.350;conf=64.29;score=2.56;cscore=6.44;sscore=-3.88;rscore=-9.56;uscore=3.19;tscore=2.49;
contig_53	Prodigal_v2.6.3	CDS	1200	1592	49.0	-	0	ID=14_3;partial=00;start_type=ATG;rbs_motif=AGxAGG/AGGxGG;rbs_spacer=5-10bp;gc_cont=0.265;conf=100.00;score=49.02;cscore=33.10;sscore=15.91;rscore=9.68;uscore=4.40;tscore=2.49;
contig_53	Prodigal_v2.6.3	CDS	2058	3422	119.9	-	0	ID=14_4;partial=00;start_type=ATG;rbs_motif=GGAG/GAGG;rbs_spacer=5-10bp;gc_cont=0.452;conf=100.00;score=119.94;cscore=111.47;sscore=8.46;rscore=8.24;uscore=-1.61;tscore=2.49;
contig_53	Prodigal_v2.6.3	CDS	3982	4311	0.3	-	0	ID=14_5;partial=00;start_type=ATG;rbs_motif=None;rbs_spacer=None;gc_cont=0.312;conf=51.58;score=0.27;cscore=6.70;sscore=-6.42;rscore=-9.56;uscore=1.30;tscore=2.49;
contig_53	Prodigal_v2.6.3	CDS	4389	5279	80.5	+	0	ID=14_6;partial=00;start_type=TTG;rbs_motif=GGAGG;rbs_spacer=5-10bp;gc_cont=0.404;conf=100.00;score=80.53;cscore=70.31;sscore=10.22;rscore=12.75;uscore=2.16;tscore=-4.70;
contig_53	Prodigal_v2.6.3	CDS	5276	5596	30.0	+	0	ID=14_7;partial=00;start_type=ATG;rbs_motif=GGAGG;rbs_spacer=5-10bp;gc_cont=0.349;conf=99.90;score=29.96;cscore=10.59;sscore=19.36;rscore=12.75;uscore=2.83;tscore=2.49;
contig_53	Prodigal_v2.6.3	CDS	6113	6685	37.5	+	0	ID=14_8;partial=00;start_type=TTG;rbs_motif=None;rbs_spacer=None;gc_cont=0.398;conf=99.98;score=37.54;cscore=54.62;sscore=-17.08;rscore=-9.56;uscore=-2.17;tscore=-4.70;
contig_53	Prodigal_v2.6.3	CDS	7315	8190	112.5	+	0	ID=14_9;partial=00;start_type=ATG;rbs_motif=GGAGG;rbs_spacer=5-10bp;gc_cont=0.379;conf=100.00;score=112.46;cscore=97.25;sscore=15.21;rscore=12.75;uscore=0.62;tscore=2.49;
contig_53	Prodigal_v2.6.3	CDS	8319	8612	18.7	-	0	ID=14_10;partial=00;start_type=ATG;rbs_motif=GGA/GAG/AGG;rbs_spacer=5-10bp;gc_cont=0.405;conf=98.67;score=18.72;cscore=12.36;sscore=6.36;rscore=-0.45;uscore=4.97;tscore=2.49;
contig_53	Prodigal_v2.6.3	CDS	8760	9335	58.9	+	0	ID=14_11;partial=00;start_type=TTG;rbs_motif=GGAG/GAGG;rbs_spacer=5-10bp;gc_cont=0.330;conf=100.00;score=58.93;cscore=55.92;sscore=3.02;rscore=8.24;uscore=-0.53;tscore=-4.70;
contig_53	Prodigal_v2.6.3	CDS	9416	9910	65.7	+	0	ID=14_12;partial=00;start_type=ATG;rbs_motif=GGAG/GAGG;rbs_spacer=5-10bp;gc_cont=0.303;conf=100.00;score=65.74;cscore=53.76;sscore=11.98;rscore=8.24;uscore=1.25;tscore=2.49;
contig_53	Prodigal_v2.6.3	CDS	9907	10614	89.6	+	0	ID=14_13;partial=00;start_type=ATG;rbs_motif=AGGAG;rbs_spacer=5-10bp;gc_cont=0.356;conf=100.00;score=89.63;cscore=68.13;sscore=21.51;rscore=12.22;uscore=5.50;tscore=2.49;
contig_53	Prodigal_v2.6.3	CDS	10655	11446	89.5	+	0	ID=14_14;partial=00;start_type=TTG;rbs_motif=None;rbs_spacer=None;gc_cont=0.389;conf=100.00;score=89.47;cscore=102.84;sscore=-13.37;rscore=-9.56;uscore=0.04;tscore=-4.70;
contig_53	Prodigal_v2.6.3	CDS	11616	12185	74.5	+	0	ID=14_15;partial=00;start_type=ATG;rbs_motif=AGxAGG/AGGxGG;rbs_spacer=5-10bp;gc_cont=0.396;conf=100.00;score=74.47;cscore=64.94;sscore=9.53;rscore=9.68;uscore=-2.63;tscore=2.49;
contig_53	Prodigal_v2.6.3	CDS	12411	13154	78.8	-	0	ID=14_16;partial=00;start_type=ATG;rbs_motif=GGA/GAG/AGG;rbs_spacer=5-10bp;gc_cont=0.427;conf=100.00;score=78.79;cscore=74.17;sscore=4.62;rscore=-0.45;uscore=3.23;tscore=2.49;
contig_53	Prodigal_v2.6.3	CDS	13514	14305	60.5	+	0	ID=14_17;partial=01;start_type=GTG;rbs_motif=GGAGG;rbs_spacer=5-10bp;gc_cont=0.351;conf=100.00;score=60.55;cscore=55.82;sscore=4.73;rscore=12.75;uscore=-4.41;tscore=-3.61;
# Sequence Data: seqnum=15;seqlen=123602;seqhdr="contig_52"
# Model Data: version=Prodigal.v2.6.3;run_type=Single;model="Ab initio";gc_cont=37.70;transl_table=11;uses_sd=1
contig_52	Prodigal_v2.6.3	CDS	51	1313	207.2	+	0	ID=15_1;partial=00;start_type=ATG;rbs_motif=GGAGG;rbs_spacer=5-10bp;gc_cont=0.405;conf=99.99;score=207.19;cscore=190.44;sscore=16.76;rscore=12.75;uscore=1.52;tscore=2.49;
contig_52	Prodigal_v2.6.3	CDS	1834	2634	153.0	-	0	ID=15_2;partial=00;start_type=ATG;rbs_motif=AGxAGG/AGGxGG;rbs_spacer=5-10bp;gc_cont=0.386;conf=100.00;score=152.97;cscore=138.59;sscore=14.38;rscore=9.68;uscore=1.03;tscore=2.49;
contig_52	Prodigal_v2.6.3	CDS	2621	3598	136.1	-	0	ID=15_3;partial=00;start_type=ATG;rbs_motif=4Base/6BMM;rbs_spacer=13-15bp;gc_cont=0.380;conf=100.00;score=136.07;cscore=137.02;sscore=-0.95;rscore=-3.98;uscore=0.54;tscore=2.49;
contig_52	Prodigal_v2.6.3	CDS	3732	4754	186.4	-	0	ID=15_4;partial=00;start_type=GTG;rbs_motif=GGxGG;rbs_spacer=5-10bp;gc_cont=0.377;conf=99.99;score=186.43;cscore=182.38;sscore=4.05;rscore=6.77;uscore=1.54;tscore=-3.61;
contig_52	Prodigal_v2.6.3	CDS	5127	5609	61.1	+	0	ID=15_5;partial=00;start_type=ATG;rbs_motif=AGGAG;rbs_spacer=5-10bp;gc_cont=0.358;conf=100.00;score=61.09;cscore=47.68;sscore=13.40;rscore=12.22;uscore=-1.31;tscore=2.49;
contig_52	Prodigal_v2.6.3	CDS	5936	7099	209.8	+	0	ID=15_6;partial=00;start_type=ATG;rbs_motif=AGGAG;rbs_spacer=5-10bp;gc_cont=0.409;conf=99.99;score=209.82;cscore=193.14;sscore=16.68;rscore=12.22;uscore=2.62;tscore=2.49;
contig_52	Prodigal_v2.6.3	CDS	7143	8762	245.3	-	0	ID=15_7;partial=00;start_type=ATG;rbs_motif=GGA/GAG/AGG;rbs_spacer=11-12bp;gc_cont=0.409;conf=99.99;score=245.26;cscore=241.48;sscore=3.78;rscore=-0.79;uscore=2.74;tscore=2.49;
contig_52	Prodigal_v2.6.3	CDS	8951	9904	171.3	-	0	ID=15_8;partial=00;start_type=ATG;rbs_motif=GGAGG;rbs_spacer=5-10bp;gc_cont=0.381;conf=100.00;score=171.34;cscore=156.80;sscore=14.54;rscore=12.75;uscore=-0.05;tscore=2.49;
contig_52	Prodigal_v2.6.3	CDS	10256	11926	263.7	-	0	ID=15_9;partial=00;start_type=ATG;rbs_motif=AGGAGG;rbs_spacer=11-12bp;gc_cont=0.385;conf=99.99;score=263.66;cscore=249.54;sscore=14.12;rscore=10.68;uscore=1.61;tscore=2.49;
contig_52	Prodigal_v2.6.3	CDS	12379	12738	7.9	+	0	ID=15_10;partial=00;start_type=ATG;rbs_motif=AGxAG;rbs_spacer=5-10bp;gc_cont=0.375;conf=85.94;score=7.88;cscore=13.74;sscore=-5.87;rscore=-8.29;uscore=-0.07;tscore=2.49;
contig_52	Prodigal_v2.6.3	CDS	12792	13340	43.4	+	0	ID=15_11;partial=00;start_type=GTG;rbs_motif=None;rbs_spacer=None;gc_cont=0.377;conf=100.00;score=43.38;cscore=58.70;sscore=-15.32;rscore=-9.56;uscore=-2.85;tscore=-3.61;
contig_52	Prodigal_v2.6.3	CDS	13397	14377	127.7	-	0	ID=15_12;partial=00;start_type=TTG;rbs_motif=GGAG/GAGG;rbs_spacer=5-10bp;gc_cont=0.389;conf=100.00;score=127.69;cscore=120.39;sscore=7.30;rscore=8.24;uscore=2.61;tscore=-4.70;
contig_52	Prodigal_v2.6.3	CDS	14390	15391	130.0	-	0	ID=15_13;partial=00;start_type=GTG;rbs_motif=GGA/GAG/AGG;rbs_spacer=11-12bp;gc_cont=0.367;conf=100.00;score=130.01;cscore=132.78;sscore=-2.77;rscore=-0.79;uscore=0.55;tscore=-3.61;
contig_52	Prodigal_v2.6.3	CDS	15410	16561	123.6	-	0	ID=15_14;partial=00;start_type=TTG;rbs_motif=3Base/5BMM;rbs_spacer=13-15bp;gc_cont=0.355;conf=100.00;score=123.63;cscore=129.28;sscore=-5.64;rscore=-6.44;uscore=4.37;tscore=-4.70;
contig_52	Prodigal_v2.6.3	CDS	16576	17457	152.2	-	0	ID=15_15;partial=00;start_type=ATG;rbs_motif=AGGAGG;rbs_spacer=11-12bp;gc_cont=0.367;conf=100.00;score=152.23;cscore=135.19;sscore=17.04;rscore=10.68;uscore=2.61;tscore=2.49;
contig_52	Prodigal_v2.6.3	CDS	17459	18517	151.0	-	0	ID=15_16;partial=00;start_type=ATG;rbs_motif=AGxAGG/AGGxGG;rbs_spacer=5-10bp;gc_cont=0.361;conf=100.00;score=151.01;cscore=138.88;sscore=12.13;rscore=9.68;uscore=-1.17;tscore=2.49;
contig_52	Prodigal_v2.6.3	CDS	18531	19409	144.1	-	0	ID=15_17;partial=00;start_type=ATG;rbs_motif=GGAG/GAGG;rbs_spacer=5-10bp;gc_cont=0.358;conf=100.00;score=144.14;cscore=131.99;sscore=12.16;rscore=8.24;uscore=1.43;tscore=2.49;
contig_52	Prodigal_v2.6.3	CDS	19577	20392	87.0	-	0	ID=15_18;partial=00;start_type=ATG;rbs_motif=GGA/GAG/AGG;rbs_spacer=5-10bp;gc_cont=0.365;conf=100.00;score=87.04;cscore=81.67;sscore=5.37;rscore=-0.45;uscore=2.08;tscore=2.49;
contig_52	Prodigal_v2.6.3	CDS	20385	21377	127.4	-	0	ID=15_19;partial=00;start_type=ATG;rbs_motif=AGGAG;rbs_spacer=5-10bp;gc_cont=0.401;conf=100.00;score=127.42;cscore=107.29;sscore=20.13;rscore=12.22;uscore=4.27;tscore=2.49;
contig_52	Prodigal_v2.6.3	CDS	21389	22285	134.4	-	0	ID=15_20;partial=00;start_type=ATG;rbs_motif=GGAGG;rbs_spacer=5-10bp;gc_cont=0.379;conf=100.00;score=134.39;cscore=116.90;sscore=17.49;rscore=12.75;uscore=1.12;tscore=2.49;
contig_52	Prodigal_v2.6.3	CDS	22299	22478	8.2	-	0	ID=15_21;partial=00;start_type=GTG;rbs_motif=AGGAGG;rbs_spacer=5-10bp;gc_cont=0.322;conf=86.85;score=8.21;cscore=6.34;sscore=1.87;rscore=9.74;uscore=-3.92;tscore=-5.10;
contig_52	Prodigal_v2.6.3	CDS	22462	23223	76.3	-	0	ID=15_22;partial=00;start_type=ATG;rbs_motif=AGGAGG;rbs_spacer=5-10bp;gc_cont=0.381;conf=100.00;score=76.26;cscore=57.67;sscore=18.59;rscore=13.75;uscore=2.35;tscore=2.49;
contig_52	Prodigal_v2.6.3	CDS	23289	24872	267.5	-	0	ID=15_23;partial=00;start_type=ATG;rbs_motif=GGAG/GAGG;rbs_spacer=5-10bp;gc_cont=0.376;conf=99.99;score=267.48;cscore=254.70;sscore=12.78;rscore=8.24;uscore=2.70;tscore=2.49;
contig_52	Prodigal_v2.6.3	CDS	25333	26706	236.6	-	0	ID=15_24;partial=00;start_type=ATG;rbs_motif=AGGA/GGAG/GAGG;rbs_spacer=11-12bp;gc_cont=0.409;conf=99.99;score=236.64;cscore=228.05;sscore=8.58;rscore=3.18;uscore=2.92;tscore=2.49;
contig_52	Prodigal_v2.6.3	CDS	26731	28260	266.7	-	0	ID=15_25;partial=00;start_type=ATG;rbs_motif=AGGAG;rbs_spacer=5-10bp;gc_cont=0.414;conf=99.99;score=266.75;cscore=246.79;sscore=19.95;rscore=12.22;uscore=4.23;tscore=2.49;
contig_52	Prodigal_v2.6.3	CDS	28285	29697	199.4	-	0	ID=15_26;partial=00;start_type=ATG;rbs_motif=GGA/GAG/AGG;rbs_spacer=5-10bp;gc_cont=0.376;conf=99.99;score=199.38;cscore=197.03;sscore=2.35;rscore=-0.45;uscore=0.96;tscore=2.49;
contig_52	Prodigal_v2.6.3	CDS	29931	31499	201.2	+	0	ID=15_27;partial=00;start_type=ATG;rbs_motif=AGGAGG;rbs_spacer=5-10bp;gc_cont=0.334;conf=99.99;score=201.19;cscore=185.72;sscore=15.46;rscore=13.75;uscore=-0.77;tscore=2.49;
contig_52	Prodigal_v2.6.3	CDS	31552	32346	148.5	-	0	ID=15_28;partial=00;start_type=ATG;rbs_motif=AGGAGG;rbs_spacer=5-10bp;gc_cont=0.399;conf=100.00;score=148.53;cscore=133.16;sscore=15.37;rscore=13.75;uscore=-0.22;tscore=2.49;
contig_52	Prodigal_v2.6.3	CDS	32433	33611	158.9	+	0	ID=15_29;partial=00;start_type=GTG;rbs_motif=None;rbs_spacer=None;gc_cont=0.425;conf=100.00;score=158.86;cscore=171.80;sscore=-12.94;rscore=-9.56;uscore=0.23;tscore=-3.61;
contig_52	Prodigal_v2.6.3	CDS	33692	34156	50.6	-	0	ID=15_30;partial=00;start_type=ATG;rbs_motif=GGAG/GAGG;rbs_spacer=5-10bp;gc_cont=0.391;conf=100.00;score=50.57;cscore=38.95;sscore=11.62;rscore=8.24;uscore=1.54;tscore=2.49;
contig_52	Prodigal_v2.6.3	CDS	34470	35300	165.1	+	0	ID=15_31;partial=00;start_type=ATG;rbs_motif=GGAGG;rbs_spacer=5-10bp;gc_cont=0.371;conf=100.00;score=165.13;cscore=149.86;sscore=15.27;rscore=12.75;uscore=0.02;tscore=2.49;
contig_52	Prodigal_v2.6.3	CDS	35408	36433	176.6	+	0	ID=15_32;partial=00;start_type=ATG;rbs_motif=AGGAG/GGAGG;rbs_spacer=11-12bp;gc_cont=0.373;conf=100.00;score=176.64;cscore=163.58;sscore=13.06;rscore=9.05;uscore=1.52;tscore=2.49;
contig_52	Prodigal_v2.6.3	CDS	36426	37097	107.1	+	0	ID=15_33;partial=00;start_type=ATG;rbs_motif=AGGAGG;rbs_spacer=5-10bp;gc_cont=0.376;conf=100.00;score=107.07;cscore=90.35;sscore=16.72;rscore=13.75;uscore=-0.77;tscore=2.49;
contig_52	Prodigal_v2.6.3	CDS	37111	37890	131.5	+	0	ID=15_34;partial=00;start_type=ATG;rbs_motif=AGGAG;rbs_spacer=5-10bp;gc_cont=0.371;conf=100.00;score=131.52;cscore=116.53;sscore=14.99;rscore=12.22;uscore=-0.85;tscore=2.49;
contig_52	Prodigal_v2.6.3	CDS	37905	39065	183.9	+	0	ID=15_35;partial=00;start_type=ATG;rbs_motif=GGAG/GAGG;rbs_spacer=5-10bp;gc_cont=0.418;conf=99.99;score=183.91;cscore=168.64;sscore=15.27;rscore=8.24;uscore=3.42;tscore=2.49;
contig_52	Prodigal_v2.6.3	CDS	39062	40258	194.4	+	0	ID=15_36;partial=00;start_type=ATG;rbs_motif=GGA/GAG/AGG;rbs_spacer=5-10bp;gc_cont=0.411;conf=99.99;score=194.42;cscore=190.31;sscore=4.10;rscore=-0.45;uscore=0.32;tscore=2.49;
contig_52	Prodigal_v2.6.3	CDS	40390	41589	218.9	-	0	ID=15_37;partial=00;start_type=ATG;rbs_motif=GGA/GAG/AGG;rbs_spacer=5-10bp;gc_cont=0.384;conf=99.99;score=218.88;cscore=219.45;sscore=-0.56;rscore=-0.45;uscore=-2.60;tscore=2.49;
contig_52	Prodigal_v2.6.3	CDS	41648	42724	149.7	-	0	ID=15_38;partial=00;start_type=TTG;rbs_motif=AGGAGG;rbs_spacer=5-10bp;gc_cont=0.414;conf=100.00;score=149.65;cscore=140.94;sscore=8.72;rscore=13.75;uscore=-0.34;tscore=-4.70;
contig_52	Prodigal_v2.6.3	CDS	42826	43461	71.8	-	0	ID=15_39;partial=00;start_type=ATG;rbs_motif=AGxAGG/AGGxGG;rbs_spacer=5-10bp;gc_cont=0.390;conf=100.00;score=71.77;cscore=56.45;sscore=15.32;rscore=9.68;uscore=3.16;tscore=2.49;
contig_52	Prodigal_v2.6.3	CDS	43581	44075	91.0	-	0	ID=15_40;partial=00;start_type=ATG;rbs_motif=AGGAG;rbs_spacer=5-10bp;gc_cont=0.390;conf=100.00;score=91.01;cscore=76.65;sscore=14.36;rscore=12.22;uscore=-1.36;tscore=2.49;
contig_52	Prodigal_v2.6.3	CDS	44100	44825	102.8	-	0	ID=15_41;partial=00;start_type=ATG;rbs_motif=GGAG/GAGG;rbs_spacer=5-10bp;gc_cont=0.382;conf=100.00;score=102.84;cscore=89.07;sscore=13.77;rscore=8.24;uscore=3.69;tscore=2.49;
contig_52	Prodigal_v2.6.3	CDS	45152	45727	45.1	-	0	ID=15_42;partial=00;start_type=GTG;rbs_motif=GGA/GAG/AGG;rbs_spacer=5-10bp;gc_cont=0.326;conf=100.00;score=45.06;cscore=45.78;sscore=-0.72;rscore=-0.45;uscore=3.34;tscore=-3.61;
contig_52	Prodigal_v2.6.3	CDS	45854	47392	281.0	-	0	ID=15_43;partial=00;start_type=ATG;rbs_motif=GGAGG;rbs_spacer=5-10bp;gc_cont=0.409;conf=99.99;score=281.05;cscore=263.29;sscore=17.76;rscore=12.75;uscore=1.83;tscore=2.49;
contig_52	Prodigal_v2.6.3	CDS	47446	48228	148.8	-	0	ID=15_44;partial=00;start_type=ATG;rbs_motif=AGGAG/GGAGG;rbs_spacer=11-12bp;gc_cont=0.443;conf=100.00;score=148.76;cscore=135.17;sscore=13.59;rscore=9.05;uscore=0.76;tscore=2.49;
contig_52	Prodigal_v2.6.3	CDS	48225	49142	170.1	-	0	ID=15_45;partial=00;start_type=ATG;rbs_motif=AGGAGG;rbs_spacer=5-10bp;gc_cont=0.402;conf=100.00;score=170.07;cscore=148.11;sscore=21.95;rscore=13.75;uscore=4.59;tscore=2.49;
contig_52	Prodigal_v2.6.3	CDS	49157	49369	55.0	-	0	ID=15_46;partial=00;start_type=ATG;rbs_motif=AGGAG;rbs_spacer=5-10bp;gc_cont=0.394;conf=100.00;score=55.01;cscore=40.26;sscore=14.75;rscore=10.27;uscore=2.40;tscore=2.09;
contig_52	Prodigal_v2.6.3	CDS	49437	50795	240.8	-	0	ID=15_47;partial=00;start_type=ATG;rbs_motif=AGGAGG;rbs_spacer=5-10bp;gc_cont=0.417;conf=99.99;score=240.85;cscore=221.07;sscore=19.78;rscore=13.75;uscore=2.44;tscore=2.49;
contig_52	Prodigal_v2.6.3	CDS	50811	52445	255.9	-	0	ID=15_48;partial=00;start_type=ATG;rbs_motif=AGxAGG/AGGxGG;rbs_spacer=5-10bp;gc_cont=0.404;conf=99.99;score=255.87;cscore=240.31;sscore=15.56;rscore=9.68;uscore=2.59;tscore=2.49;
contig_52	Prodigal_v2.6.3	CDS	52489	53631	220.4	-	0	ID=15_49;partial=00;start_type=ATG;rbs_motif=AGxAGG/AGGxGG;rbs_spacer=5-10bp;gc_cont=0.414;conf=99.99;score=220.41;cscore=208.34;sscore=12.07;rscore=9.68;uscore=-0.10;tscore=2.49;
contig_52	Prodigal_v2.6.3	CDS	53752	54369	86.9	-	0	ID=15_50;partial=00;start_type=ATG;rbs_motif=AGGA/GGAG/GAGG;rbs_spacer=11-12bp;gc_cont=0.362;conf=100.00;score=86.87;cscore=78.86;sscore=8.01;rscore=3.18;uscore=3.00;tscore=2.49;
contig_52	Prodigal_v2.6.3	CDS	54744	56933	323.0	+	0	ID=15_51;partial=00;start_type=ATG;rbs_motif=GGA/GAG/AGG;rbs_spacer=5-10bp;gc_cont=0.387;conf=99.99;score=323.03;cscore=320.82;sscore=2.21;rscore=-0.45;uscore=0.17;tscore=2.49;
contig_52	Prodigal_v2.6.3	CDS	57045	57161	10.2	+	0	ID=15_52;partial=00;start_type=ATG;rbs_motif=GGAGG;rbs_spacer=5-10bp;gc_cont=0.333;conf=91.24;score=10.19;cscore=5.77;sscore=4.42;rscore=5.82;uscore=-2.53;tscore=1.13;
contig_52	Prodigal_v2.6.3	CDS	57169	58239	111.3	-	0	ID=15_53;partial=00;start_type=ATG;rbs_motif=AGGAGG;rbs_spacer=5-10bp;gc_cont=0.356;conf=100.00;score=111.31;cscore=95.57;sscore=15.74;rscore=13.75;uscore=-0.50;tscore=2.49;
contig_52	Prodigal_v2.6.3	CDS	58395	59147	88.8	-	0	ID=15_54;partial=00;start_type=TTG;rbs_motif=4Base/6BMM;rbs_spacer=13-15bp;gc_cont=0.381;conf=100.00;score=88.79;cscore=95.55;sscore=-6.75;rscore=-3.98;uscore=0.66;tscore=-4.70;
contig_52	Prodigal_v2.6.3	CDS	59149	62931	624.0	-	0	ID=15_55;partial=00;start_type=ATG;rbs_motif=AGGAGG;rbs_spacer=5-10bp;gc_cont=0.391;conf=99.99;score=623.95;cscore=606.24;sscore=17.71;rscore=13.75;uscore=1.47;tscore=2.49;
contig_52	Prodigal_v2.6.3	CDS	63044	63598	91.3	-	0	ID=15_56;partial=00;start_type=ATG;rbs_motif=GGAGG;rbs_spacer=5-10bp;gc_cont=0.364;conf=100.00;score=91.35;cscore=73.45;sscore=17.90;rscore=12.75;uscore=2.65;tscore=2.49;
contig_52	Prodigal_v2.6.3	CDS	63727	64557	150.8	-	0	ID=15_57;partial=00;start_type=ATG;rbs_motif=GGAG/GAGG;rbs_spacer=5-10bp;gc_cont=0.374;conf=100.00;score=150.78;cscore=136.39;sscore=14.39;rscore=8.24;uscore=4.31;tscore=2.49;
contig_52	Prodigal_v2.6.3	CDS	64874	65920	133.5	+	0	ID=15_58;partial=00;start_type=TTG;rbs_motif=AGGA;rbs_spacer=5-10bp;gc_cont=0.376;conf=100.00;score=133.49;cscore=131.19;sscore=2.31;rscore=4.23;uscore=2.78;tscore=-4.70;
contig_52	Prodigal_v2.6.3	CDS	66113	66298	35.2	+	0	ID=15_59;partial=00;start_type=ATG;rbs_motif=AGGAG;rbs_spacer=5-10bp;gc_cont=0.360;conf=99.97;score=35.16;cscore=24.75;sscore=10.40;rscore=8.95;uscore=0.29;tscore=1.82;
contig_52	Prodigal_v2.6.3	CDS	66333	67904	303.4	+	0	ID=15_60;partial=00;start_type=ATG;rbs_motif=GGAGG;rbs_spacer=5-10bp;gc_cont=0.390;conf=99.99;score=303.44;cscore=282.12;sscore=21.33;rscore=12.75;uscore=5.18;tscore=2.49;
contig_52	Prodigal_v2.6.3	CDS	68342	68746	61.1	+	0	ID=15_61;partial=00;start_type=ATG;rbs_motif=GGAG/GAGG;rbs_spacer=5-10bp;gc_cont=0.348;conf=100.00;score=61.11;cscore=45.09;sscore=16.02;rscore=8.24;uscore=5.95;tscore=2.49;
contig_52	Prodigal_v2.6.3	CDS	68770	69216	64.0	+	0	ID=15_62;partial=00;start_type=ATG;rbs_motif=GGAG/GAGG;rbs_spacer=5-10bp;gc_cont=0.394;conf=100.00;score=63.98;cscore=52.47;sscore=11.51;rscore=8.24;uscore=-0.24;tscore=2.49;
contig_52	Prodigal_v2.6.3	CDS	69323	69871	96.3	-	0	ID=15_63;partial=00;start_type=ATG;rbs_motif=GGAGG;rbs_spacer=5-10bp;gc_cont=0.337;conf=100.00;score=96.34;cscore=77.85;sscore=18.49;rscore=12.75;uscore=3.90;tscore=2.49;
contig_52	Prodigal_v2.6.3	CDS	70165	71295	117.9	-	0	ID=15_64;partial=00;start_type=ATG;rbs_motif=AGGAG/GGAGG;rbs_spacer=11-12bp;gc_cont=0.342;conf=100.00;score=117.91;cscore=105.87;sscore=12.04;rscore=9.05;uscore=1.15;tscore=2.49;
contig_52	Prodigal_v2.6.3	CDS	71488	72243	131.2	+	0	ID=15_65;partial=00;start_type=ATG;rbs_motif=GGA/GAG/AGG;rbs_spacer=11-12bp;gc_cont=0.397;conf=100.00;score=131.19;cscore=125.99;sscore=5.20;rscore=-0.79;uscore=3.50;tscore=2.49;
contig_52	Prodigal_v2.6.3	CDS	72264	73031	118.7	+	0	ID=15_66;partial=00;start_type=ATG;rbs_motif=AGxAGG/AGGxGG;rbs_spacer=5-10bp;gc_cont=0.398;conf=100.00;score=118.72;cscore=102.72;sscore=16.00;rscore=9.68;uscore=2.78;tscore=2.49;
contig_52	Prodigal_v2.6.3	CDS	73284	74666	264.3	+	0	ID=15_67;partial=00;start_type=ATG;rbs_motif=GGAG/GAGG;rbs_spacer=5-10bp;gc_cont=0.402;conf=99.99;score=264.28;cscore=252.25;sscore=12.03;rscore=8.24;uscore=1.96;tscore=2.49;
contig_52	Prodigal_v2.6.3	CDS	74724	75296	111.8	-	0	ID=15_68;partial=00;start_type=ATG;rbs_motif=AGGAG;rbs_spacer=5-10bp;gc_cont=0.408;conf=100.00;score=111.84;cscore=95.04;sscore=16.79;rscore=12.22;uscore=2.08;tscore=2.49;
contig_52	Prodigal_v2.6.3	CDS	75394	75888	44.9	-	0	ID=15_69;partial=00;start_type=ATG;rbs_motif=AGGAGG;rbs_spacer=5-10bp;gc_cont=0.408;conf=100.00;score=44.92;cscore=28.33;sscore=16.59;rscore=13.75;uscore=1.00;tscore=2.49;
contig_52	Prodigal_v2.6.3	CDS	76071	77093	119.7	+	0	ID=15_70;partial=00;start_type=GTG;rbs_motif=AGxAGG/AGGxGG;rbs_spacer=5-10bp;gc_cont=0.382;conf=100.00;score=119.67;cscore=111.49;sscore=8.18;rscore=9.68;uscore=2.12;tscore=-3.61;
contig_52	Prodigal_v2.6.3	CDS	77185	77901	101.4	-	0	ID=15_71;partial=00;start_type=TTG;rbs_motif=AGGAGG;rbs_spacer=5-10bp;gc_cont=0.407;conf=100.00;score=101.37;cscore=89.22;sscore=12.15;rscore=13.75;uscore=3.75;tscore=-4.70;
contig_52	Prodigal_v2.6.3	CDS	78059	80284	345.2	+	0	ID=15_72;partial=00;start_type=ATG;rbs_motif=AGGAGG;rbs_spacer=5-10bp;gc_cont=0.383;conf=99.99;score=345.20;cscore=328.61;sscore=16.59;rscore=13.75;uscore=0.35;tscore=2.49;
contig_52	Prodigal_v2.6.3	CDS	80320	80442	2.8	-	0	ID=15_73;partial=00;start_type=ATG;rbs_motif=AGGAG;rbs_spacer=5-10bp;gc_cont=0.415;conf=65.63;score=2.81;cscore=-5.36;sscore=8.17;rscore=5.87;uscore=1.61;tscore=1.19;
contig_52	Prodigal_v2.6.3	CDS	80551	80892	39.4	-	0	ID=15_74;partial=00;start_type=TTG;rbs_motif=GGA/GAG/AGG;rbs_spacer=3-4bp;gc_cont=0.392;conf=99.99;score=39.35;cscore=53.34;sscore=-13.99;rscore=-7.91;uscore=-1.38;tscore=-4.70;
contig_52	Prodigal_v2.6.3	CDS	80849	81262	49.8	-	0	ID=15_75;partial=00;start_type=ATG;rbs_motif=GGA/GAG/AGG;rbs_spacer=11-12bp;gc_cont=0.401;conf=100.00;score=49.76;cscore=50.38;sscore=-0.62;rscore=-0.79;uscore=-3.35;tscore=2.49;
contig_52	Prodigal_v2.6.3	CDS	81285	81419	15.4	-	0	ID=15_76;partial=00;start_type=ATG;rbs_motif=GGAG/GAGG;rbs_spacer=5-10bp;gc_cont=0.326;conf=97.19;score=15.41;cscore=12.69;sscore=2.73;rscore=4.35;uscore=-2.29;tscore=1.31;
contig_52	Prodigal_v2.6.3	CDS	81769	83601	266.7	-	0	ID=15_77;partial=00;start_type=ATG;rbs_motif=AGGAGG;rbs_spacer=5-10bp;gc_cont=0.410;conf=99.99;score=266.70;cscore=248.10;sscore=18.60;rscore=13.75;uscore=1.08;tscore=2.49;
contig_52	Prodigal_v2.6.3	CDS	83601	85322	245.9	-	0	ID=15_78;partial=00;start_type=ATG;rbs_motif=AGxAGG/AGGxGG;rbs_spacer=5-10bp;gc_cont=0.394;conf=99.99;score=245.93;cscore=234.37;sscore=11.56;rscore=9.68;uscore=-0.61;tscore=2.49;
contig_52	Prodigal_v2.6.3	CDS	85389	86285	102.6	-	0	ID=15_79;partial=00;start_type=ATG;rbs_motif=AGxAGG/AGGxGG;rbs_spacer=5-10bp;gc_cont=0.363;conf=100.00;score=102.61;cscore=88.35;sscore=14.27;rscore=9.68;uscore=2.75;tscore=2.49;
contig_52	Prodigal_v2.6.3	CDS	86472	87029	56.2	+	0	ID=15_80;partial=00;start_type=ATG;rbs_motif=AGGAG/GGAGG;rbs_spacer=11-12bp;gc_cont=0.358;conf=100.00;score=56.25;cscore=43.02;sscore=13.23;rscore=9.05;uscore=1.69;tscore=2.49;
contig_52	Prodigal_v2.6.3	CDS	87026	88492	227.9	+	0	ID=15_81;partial=00;start_type=ATG;rbs_motif=None;rbs_spacer=None;gc_cont=0.353;conf=99.99;score=227.89;cscore=224.11;sscore=3.78;rscore=-9.56;uscore=-2.69;tscore=2.49;
contig_52	Prodigal_v2.6.3	CDS	88539	89015	68.2	-	0	ID=15_82;partial=00;start_type=ATG;rbs_motif=AGGAGG;rbs_spacer=5-10bp;gc_cont=0.352;conf=100.00;score=68.18;cscore=54.32;sscore=13.86;rscore=13.75;uscore=-3.52;tscore=2.49;
contig_52	Prodigal_v2.6.3	CDS	89028	89780	102.4	-	0	ID=15_83;partial=00;start_type=ATG;rbs_motif=AGGAGG;rbs_spacer=11-12bp;gc_cont=0.397;conf=100.00;score=102.39;cscore=87.40;sscore=14.99;rscore=10.68;uscore=2.48;tscore=2.49;
contig_52	Prodigal_v2.6.3	CDS	90122	91531	163.5	+	0	ID=15_84;partial=00;start_type=ATG;rbs_motif=4Base/6BMM;rbs_spacer=13-15bp;gc_cont=0.375;conf=100.00;score=163.51;cscore=159.22;sscore=4.29;rscore=-3.98;uscore=5.78;tscore=2.49;
contig_52	Prodigal_v2.6.3	CDS	91959	94058	315.0	-	0	ID=15_85;partial=00;start_type=ATG;rbs_motif=AGGAG;rbs_spacer=5-10bp;gc_cont=0.362;conf=99.99;score=314.98;cscore=296.95;sscore=18.03;rscore=12.22;uscore=3.32;tscore=2.49;
contig_52	Prodigal_v2.6.3	CDS	94186	95379	181.9	-	0	ID=15_86;partial=00;start_type=ATG;rbs_motif=GGA/GAG/AGG;rbs_spacer=5-10bp;gc_cont=0.423;conf=99.99;score=181.90;cscore=178.96;sscore=2.94;rscore=-0.45;uscore=-0.27;tscore=2.49;
contig_52	Prodigal_v2.6.3	CDS	95389	96561	231.3	-	0	ID=15_87;partial=00;start_type=ATG;rbs_motif=GGA/GAG/AGG;rbs_spacer=5-10bp;gc_cont=0.410;conf=99.99;score=231.33;cscore=227.42;sscore=3.90;rscore=-0.45;uscore=0.88;tscore=2.49;
contig_52	Prodigal_v2.6.3	CDS	96588	98066	252.8	-	0	ID=15_88;partial=00;start_type=GTG;rbs_motif=AGxAGG/AGGxGG;rbs_spacer=5-10bp;gc_cont=0.406;conf=99.99;score=252.83;cscore=250.77;sscore=2.05;rscore=9.68;uscore=-3.36;tscore=-3.61;
contig_52	Prodigal_v2.6.3	CDS	98646	99446	148.0	+	0	ID=15_89;partial=00;start_type=ATG;rbs_motif=GGAGG;rbs_spacer=5-10bp;gc_cont=0.423;conf=100.00;score=147.98;cscore=132.87;sscore=15.11;rscore=12.75;uscore=-0.14;tscore=2.49;
contig_52	Prodigal_v2.6.3	CDS	99485	100447	146.7	-	0	ID=15_90;partial=00;start_type=ATG;rbs_motif=AGGA/GGAG/GAGG;rbs_spacer=11-12bp;gc_cont=0.398;conf=100.00;score=146.72;cscore=140.78;sscore=5.94;rscore=3.18;uscore=0.93;tscore=2.49;
contig_52	Prodigal_v2.6.3	CDS	100663	101955	199.2	-	0	ID=15_91;partial=00;start_type=ATG;rbs_motif=AGxAGG/AGGxGG;rbs_spacer=5-10bp;gc_cont=0.354;conf=99.99;score=199.18;cscore=183.56;sscore=15.62;rscore=9.68;uscore=4.11;tscore=2.49;
contig_52	Prodigal_v2.6.3	CDS	102250	103086	120.3	-	0	ID=15_92;partial=00;start_type=ATG;rbs_motif=GGA/GAG/AGG;rbs_spacer=5-10bp;gc_cont=0.372;conf=100.00;score=120.33;cscore=114.32;sscore=6.01;rscore=-0.45;uscore=3.97;tscore=2.49;
contig_52	Prodigal_v2.6.3	CDS	103191	104270	143.0	-	0	ID=15_93;partial=00;start_type=ATG;rbs_motif=GGAG/GAGG;rbs_spacer=5-10bp;gc_cont=0.368;conf=100.00;score=143.00;cscore=127.88;sscore=15.12;rscore=8.24;uscore=5.05;tscore=2.49;
contig_52	Prodigal_v2.6.3	CDS	104566	105714	173.5	+	0	ID=15_94;partial=00;start_type=ATG;rbs_motif=3Base/5BMM;rbs_spacer=13-15bp;gc_cont=0.402;conf=100.00;score=173.50;cscore=174.41;sscore=-0.91;rscore=-6.44;uscore=3.04;tscore=2.49;
contig_52	Prodigal_v2.6.3	CDS	105751	107961	335.1	-	0	ID=15_95;partial=00;start_type=ATG;rbs_motif=AGGAG/GGAGG;rbs_spacer=11-12bp;gc_cont=0.352;conf=99.99;score=335.09;cscore=319.09;sscore=16.00;rscore=9.05;uscore=3.36;tscore=2.49;
contig_52	Prodigal_v2.6.3	CDS	107978	108133	7.9	-	0	ID=15_96;partial=00;start_type=TTG;rbs_motif=AGxAGG/AGGxGG;rbs_spacer=5-10bp;gc_cont=0.327;conf=86.01;score=7.90;cscore=10.95;sscore=-3.05;rscore=5.92;uscore=-2.16;tscore=-7.67;
contig_52	Prodigal_v2.6.3	CDS	108172	108804	130.4	-	0	ID=15_97;partial=00;start_type=ATG;rbs_motif=GGAG/GAGG;rbs_spacer=5-10bp;gc_cont=0.368;conf=100.00;score=130.38;cscore=116.17;sscore=14.21;rscore=8.24;uscore=3.49;tscore=2.49;
contig_52	Prodigal_v2.6.3	CDS	108881	109705	87.5	-	0	ID=15_98;partial=00;start_type=ATG;rbs_motif=GGA/GAG/AGG;rbs_spacer=5-10bp;gc_cont=0.393;conf=100.00;score=87.48;cscore=83.78;sscore=3.71;rscore=-0.45;uscore=2.32;tscore=2.49;
contig_52	Prodigal_v2.6.3	CDS	109861	110091	40.2	+	0	ID=15_99;partial=00;start_type=ATG;rbs_motif=AGGAG;rbs_spacer=5-10bp;gc_cont=0.368;conf=99.99;score=40.19;cscore=23.44;sscore=16.75;rscore=11.15;uscore=3.33;tscore=2.27;
contig_52	Prodigal_v2.6.3	CDS	110151	111137	201.7	-	0	ID=15_100;partial=00;start_type=ATG;rbs_motif=AGGAG/GGAGG;rbs_spacer=11-12bp;gc_cont=0.399;conf=99.99;score=201.74;cscore=189.45;sscore=12.29;rscore=9.05;uscore=1.41;tscore=2.49;
contig_52	Prodigal_v2.6.3	CDS	111601	111984	54.3	-	0	ID=15_101;partial=00;start_type=ATG;rbs_motif=AGGAG;rbs_spacer=5-10bp;gc_cont=0.344;conf=100.00;score=54.31;cscore=39.00;sscore=15.31;rscore=12.22;uscore=1.25;tscore=2.49;
contig_52	Prodigal_v2.6.3	CDS	112316	113617	241.9	-	0	ID=15_102;partial=00;start_type=ATG;rbs_motif=GGAGG;rbs_spacer=5-10bp;gc_cont=0.402;conf=99.99;score=241.93;cscore=227.75;sscore=14.17;rscore=12.75;uscore=-0.42;tscore=2.49;
contig_52	Prodigal_v2.6.3	CDS	114002	114577	69.1	+	0	ID=15_103;partial=00;start_type=ATG;rbs_motif=AGGAG;rbs_spacer=5-10bp;gc_cont=0.394;conf=100.00;score=69.11;cscore=53.43;sscore=15.68;rscore=12.22;uscore=0.97;tscore=2.49;
contig_52	Prodigal_v2.6.3	CDS	114831	116312	203.3	+	0	ID=15_104;partial=00;start_type=ATG;rbs_motif=AGGA;rbs_spacer=5-10bp;gc_cont=0.396;conf=99.99;score=203.30;cscore=194.62;sscore=8.68;rscore=4.23;uscore=2.62;tscore=2.49;
contig_52	Prodigal_v2.6.3	CDS	116355	116768	42.9	-	0	ID=15_105;partial=00;start_type=ATG;rbs_motif=None;rbs_spacer=None;gc_cont=0.430;conf=99.99;score=42.90;cscore=52.11;sscore=-9.21;rscore=-9.56;uscore=-2.14;tscore=2.49;
contig_52	Prodigal_v2.6.3	CDS	116746	117909	244.1	-	0	ID=15_106;partial=00;start_type=ATG;rbs_motif=GGAGG;rbs_spacer=5-10bp;gc_cont=0.393;conf=99.99;score=244.06;cscore=224.62;sscore=19.44;rscore=12.75;uscore=4.85;tscore=2.49;
contig_52	Prodigal_v2.6.3	CDS	118139	118396	7.4	+	0	ID=15_107;partial=00;start_type=ATG;rbs_motif=None;rbs_spacer=None;gc_cont=0.054;conf=84.68;score=7.44;cscore=11.72;sscore=-4.29;rscore=-9.56;uscore=2.78;tscore=2.49;
contig_52	Prodigal_v2.6.3	CDS	118819	119106	16.8	+	0	ID=15_108;partial=00;start_type=TTG;rbs_motif=GGA/GAG/AGG;rbs_spacer=11-12bp;gc_cont=0.299;conf=97.94;score=16.80;cscore=19.64;sscore=-2.84;rscore=-0.79;uscore=3.29;tscore=-4.70;
contig_52	Prodigal_v2.6.3	CDS	119148	120524	198.7	-	0	ID=15_109;partial=00;start_type=GTG;rbs_motif=GGA/GAG/AGG;rbs_spacer=5-10bp;gc_cont=0.364;conf=99.99;score=198.74;cscore=200.79;sscore=-2.06;rscore=-0.45;uscore=2.65;tscore=-3.61;
contig_52	Prodigal_v2.6.3	CDS	120960	121610	67.9	+	0	ID=15_110;partial=00;start_type=TTG;rbs_motif=AGGAG;rbs_spacer=5-10bp;gc_cont=0.330;conf=100.00;score=67.95;cscore=55.46;sscore=12.49;rscore=12.22;uscore=4.97;tscore=-4.70;
contig_52	Prodigal_v2.6.3	CDS	121701	122930	255.4	+	0	ID=15_111;partial=00;start_type=ATG;rbs_motif=AGGAGG;rbs_spacer=5-10bp;gc_cont=0.386;conf=99.99;score=255.39;cscore=237.95;sscore=17.44;rscore=13.75;uscore=1.20;tscore=2.49;
contig_52	Prodigal_v2.6.3	CDS	123107	123601	57.1	+	0	ID=15_112;partial=01;start_type=ATG;rbs_motif=GGAG/GAGG;rbs_spacer=5-10bp;gc_cont=0.368;conf=100.00;score=57.05;cscore=45.60;sscore=11.45;rscore=8.24;uscore=0.73;tscore=2.49;
# Sequence Data: seqnum=16;seqlen=3816;seqhdr="contig_49"
# Model Data: version=Prodigal.v2.6.3;run_type=Single;model="Ab initio";gc_cont=37.70;transl_table=11;uses_sd=1
contig_49	Prodigal_v2.6.3	CDS	1	1323	190.8	-	0	ID=16_1;partial=10;start_type=ATG;rbs_motif=None;rbs_spacer=None;gc_cont=0.358;conf=99.99;score=190.78;cscore=199.03;sscore=-8.25;rscore=-9.56;uscore=-1.18;tscore=2.49;
contig_49	Prodigal_v2.6.3	CDS	1403	2380	144.5	-	0	ID=16_2;partial=00;start_type=TTG;rbs_motif=None;rbs_spacer=None;gc_cont=0.350;conf=100.00;score=144.48;cscore=158.09;sscore=-13.61;rscore=-9.56;uscore=-0.52;tscore=-4.70;
contig_49	Prodigal_v2.6.3	CDS	2365	2937	95.0	-	0	ID=16_3;partial=00;start_type=ATG;rbs_motif=AGGAG;rbs_spacer=5-10bp;gc_cont=0.384;conf=100.00;score=95.01;cscore=80.78;sscore=14.23;rscore=12.22;uscore=0.17;tscore=2.49;
contig_49	Prodigal_v2.6.3	CDS	3312	3815	44.3	-	0	ID=16_4;partial=01;start_type=Edge;rbs_motif=None;rbs_spacer=None;gc_cont=0.355;conf=100.00;score=44.27;cscore=41.05;sscore=3.22;rscore=0.00;uscore=0.00;tscore=3.22;
# Sequence Data: seqnum=17;seqlen=114136;seqhdr="contig_26"
# Model Data: version=Prodigal.v2.6.3;run_type=Single;model="Ab initio";gc_cont=37.70;transl_table=11;uses_sd=1
contig_26	Prodigal_v2.6.3	CDS	11	784	112.1	-	0	ID=17_1;partial=00;start_type=ATG;rbs_motif=AGGAGG;rbs_spacer=5-10bp;gc_cont=0.380;conf=100.00;score=112.08;cscore=93.10;sscore=18.97;rscore=13.75;uscore=3.39;tscore=2.49;
contig_26	Prodigal_v2.6.3	CDS	1107	1790	78.0	+	0	ID=17_2;partial=00;start_type=ATG;rbs_motif=AGGAG;rbs_spacer=5-10bp;gc_cont=0.360;conf=100.00;score=77.96;cscore=62.25;sscore=15.72;rscore=12.22;uscore=1.01;tscore=2.49;
contig_26	Prodigal_v2.6.3	CDS	1813	2166	37.0	+	0	ID=17_3;partial=00;start_type=ATG;rbs_motif=AGGAG;rbs_spacer=5-10bp;gc_cont=0.364;conf=99.98;score=37.05;cscore=18.65;sscore=18.40;rscore=12.22;uscore=2.66;tscore=2.49;
contig_26	Prodigal_v2.6.3	CDS	2306	2962	78.8	+	0	ID=17_4;partial=00;start_type=ATG;rbs_motif=GGA/GAG/AGG;rbs_spacer=5-10bp;gc_cont=0.394;conf=100.00;score=78.80;cscore=74.29;sscore=4.51;rscore=-0.45;uscore=2.47;tscore=2.49;
contig_26	Prodigal_v2.6.3	CDS	2928	3719	96.4	+	0	ID=17_5;partial=00;start_type=GTG;rbs_motif=GGAG/GAGG;rbs_spacer=5-10bp;gc_cont=0.372;conf=100.00;score=96.39;cscore=95.16;sscore=1.24;rscore=8.24;uscore=-3.39;tscore=-3.61;
contig_26	Prodigal_v2.6.3	CDS	3769	4881	136.0	-	0	ID=17_6;partial=00;start_type=ATG;rbs_motif=AGGA/GGAG/GAGG;rbs_spacer=11-12bp;gc_cont=0.372;conf=100.00;score=136.03;cscore=131.77;sscore=4.27;rscore=3.18;uscore=-1.39;tscore=2.49;
contig_26	Prodigal_v2.6.3	CDS	4947	6248	126.3	-	0	ID=17_7;partial=00;start_type=ATG;rbs_motif=GGAGG;rbs_spacer=5-10bp;gc_cont=0.417;conf=100.00;score=126.27;cscore=113.27;sscore=13.00;rscore=12.75;uscore=-1.58;tscore=2.49;
contig_26	Prodigal_v2.6.3	CDS	6433	6723	30.5	-	0	ID=17_8;partial=00;start_type=GTG;rbs_motif=GGA/GAG/AGG;rbs_spacer=5-10bp;gc_cont=0.368;conf=99.91;score=30.46;cscore=34.32;sscore=-3.86;rscore=-0.45;uscore=0.20;tscore=-3.61;
contig_26	Prodigal_v2.6.3	CDS	6809	7261	67.5	-	0	ID=17_9;partial=00;start_type=ATG;rbs_motif=AGGAG/GGAGG;rbs_spacer=11-12bp;gc_cont=0.300;conf=100.00;score=67.46;cscore=52.38;sscore=15.09;rscore=9.05;uscore=4.20;tscore=2.49;
contig_26	Prodigal_v2.6.3	CDS	7348	7815	55.0	+	0	ID=17_10;partial=00;start_type=ATG;rbs_motif=GGA/GAG/AGG;rbs_spacer=5-10bp;gc_cont=0.368;conf=100.00;score=55.02;cscore=48.46;sscore=6.56;rscore=-0.45;uscore=4.53;tscore=2.49;
contig_26	Prodigal_v2.6.3	CDS	7802	9148	133.3	+	0	ID=17_11;partial=00;start_type=ATG;rbs_motif=GGAGG;rbs_spacer=5-10bp;gc_cont=0.367;conf=100.00;score=133.34;cscore=117.07;sscore=16.28;rscore=12.75;uscore=-0.15;tscore=2.49;
contig_26	Prodigal_v2.6.3	CDS	9191	9571	17.6	-	0	ID=17_12;partial=00;start_type=TTG;rbs_motif=None;rbs_spacer=None;gc_cont=0.373;conf=98.28;score=17.61;cscore=32.55;sscore=-14.94;rscore=-9.56;uscore=-1.34;tscore=-4.70;
contig_26	Prodigal_v2.6.3	CDS	9629	10222	56.1	-	0	ID=17_13;partial=00;start_type=ATG;rbs_motif=AGGAG;rbs_spacer=5-10bp;gc_cont=0.369;conf=100.00;score=56.12;cscore=40.37;sscore=15.75;rscore=12.22;uscore=1.70;tscore=2.49;
contig_26	Prodigal_v2.6.3	CDS	10448	11023	74.3	-	0	ID=17_14;partial=00;start_type=ATG;rbs_motif=AGGA;rbs_spacer=5-10bp;gc_cont=0.333;conf=100.00;score=74.31;cscore=64.24;sscore=10.07;rscore=4.23;uscore=2.33;tscore=2.49;
contig_26	Prodigal_v2.6.3	CDS	11047	12099	132.3	-	0	ID=17_15;partial=00;start_type=ATG;rbs_motif=AGGAG;rbs_spacer=5-10bp;gc_cont=0.346;conf=100.00;score=132.33;cscore=120.60;sscore=11.73;rscore=12.22;uscore=-2.33;tscore=2.49;
contig_26	Prodigal_v2.6.3	CDS	12522	12836	39.7	+	0	ID=17_16;partial=00;start_type=ATG;rbs_motif=AGGA;rbs_spacer=5-10bp;gc_cont=0.394;conf=99.99;score=39.73;cscore=28.04;sscore=11.69;rscore=4.23;uscore=4.98;tscore=2.49;
contig_26	Prodigal_v2.6.3	CDS	12964	13545	74.2	-	0	ID=17_17;partial=00;start_type=ATG;rbs_motif=GGxGG;rbs_spacer=5-10bp;gc_cont=0.385;conf=100.00;score=74.20;cscore=65.29;sscore=8.91;rscore=6.77;uscore=0.30;tscore=2.49;
contig_26	Prodigal_v2.6.3	CDS	13794	14999	143.1	+	0	ID=17_18;partial=00;start_type=GTG;rbs_motif=GGAGG;rbs_spacer=5-10bp;gc_cont=0.417;conf=100.00;score=143.12;cscore=130.22;sscore=12.90;rscore=12.75;uscore=3.75;tscore=-3.61;
contig_26	Prodigal_v2.6.3	CDS	15023	16096	174.9	+	0	ID=17_19;partial=00;start_type=ATG;rbs_motif=GGAG/GAGG;rbs_spacer=5-10bp;gc_cont=0.415;conf=100.00;score=174.94;cscore=160.59;sscore=14.35;rscore=8.24;uscore=2.60;tscore=2.49;
contig_26	Prodigal_v2.6.3	CDS	16125	17066	118.7	+	0	ID=17_20;partial=00;start_type=ATG;rbs_motif=AGGAGG;rbs_spacer=5-10bp;gc_cont=0.432;conf=100.00;score=118.68;cscore=100.35;sscore=18.33;rscore=13.75;uscore=1.12;tscore=2.49;
contig_26	Prodigal_v2.6.3	CDS	17170	18126	172.8	-	0	ID=17_21;partial=00;start_type=ATG;rbs_motif=GGA/GAG/AGG;rbs_spacer=5-10bp;gc_cont=0.417;conf=100.00;score=172.78;cscore=167.98;sscore=4.80;rscore=-0.45;uscore=2.11;tscore=2.49;
contig_26	Prodigal_v2.6.3	CDS	18184	18777	123.5	-	0	ID=17_22;partial=00;start_type=ATG;rbs_motif=AGGAGG;rbs_spacer=5-10bp;gc_cont=0.372;conf=100.00;score=123.53;cscore=109.14;sscore=14.39;rscore=13.75;uscore=-1.85;tscore=2.49;
contig_26	Prodigal_v2.6.3	CDS	18915	19370	36.2	-	0	ID=17_23;partial=00;start_type=GTG;rbs_motif=3Base/5BMM;rbs_spacer=13-15bp;gc_cont=0.357;conf=99.98;score=36.16;cscore=43.43;sscore=-7.27;rscore=-6.44;uscore=2.77;tscore=-3.61;
contig_26	Prodigal_v2.6.3	CDS	19474	19893	47.8	-	0	ID=17_24;partial=00;start_type=ATG;rbs_motif=AGxAGG/AGGxGG;rbs_spacer=11-12bp;gc_cont=0.340;conf=100.00;score=47.76;cscore=35.08;sscore=12.68;rscore=6.48;uscore=4.37;tscore=2.49;
contig_26	Prodigal_v2.6.3	CDS	20004	20408	54.3	+	0	ID=17_25;partial=00;start_type=ATG;rbs_motif=AGGAGG;rbs_spacer=5-10bp;gc_cont=0.435;conf=100.00;score=54.29;cscore=35.99;sscore=18.30;rscore=13.75;uscore=2.06;tscore=2.49;
contig_26	Prodigal_v2.6.3	CDS	20450	20869	45.1	-	0	ID=17_26;partial=00;start_type=ATG;rbs_motif=GGA/GAG/AGG;rbs_spacer=5-10bp;gc_cont=0.340;conf=100.00;score=45.10;cscore=42.26;sscore=2.84;rscore=-0.45;uscore=0.80;tscore=2.49;
contig_26	Prodigal_v2.6.3	CDS	20973	21500	74.9	-	0	ID=17_27;partial=00;start_type=ATG;rbs_motif=GGAG/GAGG;rbs_spacer=5-10bp;gc_cont=0.413;conf=100.00;score=74.93;cscore=64.49;sscore=10.44;rscore=8.24;uscore=0.36;tscore=2.49;
contig_26	Prodigal_v2.6.3	CDS	21618	22079	46.4	+	0	ID=17_28;partial=00;start_type=GTG;rbs_motif=GGAGG;rbs_spacer=5-10bp;gc_cont=0.377;conf=100.00;score=46.43;cscore=36.34;sscore=10.09;rscore=12.75;uscore=0.95;tscore=-3.61;
contig_26	Prodigal_v2.6.3	CDS	22106	23227	154.1	-	0	ID=17_29;partial=00;start_type=ATG;rbs_motif=GGAGG;rbs_spacer=5-10bp;gc_cont=0.351;conf=100.00;score=154.13;cscore=137.60;sscore=16.54;rscore=12.75;uscore=0.17;tscore=2.49;
contig_26	Prodigal_v2.6.3	CDS	23241	23375	1.3	-	0	ID=17_30;partial=00;start_type=GTG;rbs_motif=AGxAGG/AGGxGG;rbs_spacer=5-10bp;gc_cont=0.370;conf=57.43;score=1.30;cscore=2.49;sscore=-1.19;rscore=5.11;uscore=0.53;tscore=-6.84;
contig_26	Prodigal_v2.6.3	CDS	23454	23900	64.8	-	0	ID=17_31;partial=00;start_type=ATG;rbs_motif=AGGA;rbs_spacer=5-10bp;gc_cont=0.376;conf=100.00;score=64.81;cscore=56.98;sscore=7.83;rscore=4.23;uscore=1.12;tscore=2.49;
contig_26	Prodigal_v2.6.3	CDS	24021	25469	199.9	-	0	ID=17_32;partial=00;start_type=ATG;rbs_motif=GGAGG;rbs_spacer=5-10bp;gc_cont=0.367;conf=99.99;score=199.86;cscore=187.11;sscore=12.75;rscore=12.75;uscore=-1.84;tscore=2.49;
contig_26	Prodigal_v2.6.3	CDS	25994	26833	138.8	+	0	ID=17_33;partial=00;start_type=ATG;rbs_motif=GGxGG;rbs_spacer=5-10bp;gc_cont=0.345;conf=100.00;score=138.80;cscore=126.15;sscore=12.65;rscore=6.77;uscore=3.39;tscore=2.49;
contig_26	Prodigal_v2.6.3	CDS	27097	28005	129.6	-	0	ID=17_34;partial=00;start_type=ATG;rbs_motif=AGGAG;rbs_spacer=5-10bp;gc_cont=0.419;conf=100.00;score=129.58;cscore=112.02;sscore=17.57;rscore=12.22;uscore=1.72;tscore=2.49;
contig_26	Prodigal_v2.6.3	CDS	28018	29457	172.1	-	0	ID=17_35;partial=00;start_type=GTG;rbs_motif=AGxAGG/AGGxGG;rbs_spacer=5-10bp;gc_cont=0.362;conf=100.00;score=172.13;cscore=165.16;sscore=6.97;rscore=9.68;uscore=0.90;tscore=-3.61;
contig_26	Prodigal_v2.6.3	CDS	29634	30851	146.2	-	0	ID=17_36;partial=00;start_type=ATG;rbs_motif=GGA/GAG/AGG;rbs_spacer=11-12bp;gc_cont=0.383;conf=100.00;score=146.23;cscore=146.67;sscore=-0.44;rscore=-0.79;uscore=-3.36;tscore=2.49;
contig_26	Prodigal_v2.6.3	CDS	30842	31087	30.7	-	0	ID=17_37;partial=00;start_type=ATG;rbs_motif=AGGAG/GGAGG;rbs_spacer=11-12bp;gc_cont=0.386;conf=99.91;score=30.67;cscore=17.46;sscore=13.21;rscore=8.80;uscore=2.00;tscore=2.42;
contig_26	Prodigal_v2.6.3	CDS	31174	32055	113.2	-	0	ID=17_38;partial=00;start_type=ATG;rbs_motif=AGGAG;rbs_spacer=5-10bp;gc_cont=0.367;conf=100.00;score=113.21;cscore=94.79;sscore=18.42;rscore=12.22;uscore=4.37;tscore=2.49;
contig_26	Prodigal_v2.6.3	CDS	32193	32888	121.9	+	0	ID=17_39;partial=00;start_type=ATG;rbs_motif=AGxAGG/AGGxGG;rbs_spacer=5-10bp;gc_cont=0.397;conf=100.00;score=121.86;cscore=106.54;sscore=15.33;rscore=9.68;uscore=3.16;tscore=2.49;
contig_26	Prodigal_v2.6.3	CDS	32893	34104	219.0	+	0	ID=17_40;partial=00;start_type=ATG;rbs_motif=GGA/GAG/AGG;rbs_spacer=5-10bp;gc_cont=0.402;conf=99.99;score=219.05;cscore=217.66;sscore=1.39;rscore=-0.45;uscore=-1.88;tscore=2.49;
contig_26	Prodigal_v2.6.3	CDS	34155	34304	12.1	-	0	ID=17_41;partial=00;start_type=ATG;rbs_motif=GGAG/GAGG;rbs_spacer=5-10bp;gc_cont=0.307;conf=94.13;score=12.07;cscore=4.65;sscore=7.42;rscore=4.85;uscore=1.77;tscore=1.46;
contig_26	Prodigal_v2.6.3	CDS	34525	35307	102.9	+	0	ID=17_42;partial=00;start_type=ATG;rbs_motif=GGA/GAG/AGG;rbs_spacer=5-10bp;gc_cont=0.383;conf=100.00;score=102.95;cscore=97.69;sscore=5.26;rscore=-0.45;uscore=3.22;tscore=2.49;
contig_26	Prodigal_v2.6.3	CDS	35304	36926	125.9	+	0	ID=17_43;partial=00;start_type=ATG;rbs_motif=GGxGG;rbs_spacer=5-10bp;gc_cont=0.335;conf=100.00;score=125.91;cscore=115.36;sscore=10.55;rscore=6.77;uscore=-2.15;tscore=2.49;
contig_26	Prodigal_v2.6.3	CDS	36989	38272	245.6	-	0	ID=17_44;partial=00;start_type=ATG;rbs_motif=AGGAGG;rbs_spacer=5-10bp;gc_cont=0.367;conf=99.99;score=245.59;cscore=229.23;sscore=16.36;rscore=13.75;uscore=0.77;tscore=2.49;
contig_26	Prodigal_v2.6.3	CDS	38521	38952	47.8	-	0	ID=17_45;partial=00;start_type=ATG;rbs_motif=3Base/5BMM;rbs_spacer=13-15bp;gc_cont=0.361;conf=100.00;score=47.82;cscore=48.58;sscore=-0.77;rscore=-6.44;uscore=3.18;tscore=2.49;
contig_26	Prodigal_v2.6.3	CDS	38942	39223	44.9	-	0	ID=17_46;partial=00;start_type=ATG;rbs_motif=AGGAG;rbs_spacer=5-10bp;gc_cont=0.326;conf=100.00;score=44.85;cscore=27.03;sscore=17.83;rscore=12.22;uscore=3.12;tscore=2.49;
contig_26	Prodigal_v2.6.3	CDS	39371	41005	217.0	-	0	ID=17_47;partial=00;start_type=TTG;rbs_motif=GGAG/GAGG;rbs_spacer=5-10bp;gc_cont=0.366;conf=99.99;score=217.02;cscore=208.41;sscore=8.61;rscore=8.24;uscore=3.88;tscore=-4.70;
contig_26	Prodigal_v2.6.3	CDS	40992	41525	56.1	-	0	ID=17_48;partial=00;start_type=TTG;rbs_motif=AGGAG;rbs_spacer=5-10bp;gc_cont=0.418;conf=100.00;score=56.06;cscore=46.85;sscore=9.21;rscore=12.22;uscore=2.34;tscore=-4.70;
contig_26	Prodigal_v2.6.3	CDS	41779	42015	45.5	-	0	ID=17_49;partial=00;start_type=ATG;rbs_motif=AGGAGG;rbs_spacer=5-10bp;gc_cont=0.350;conf=100.00;score=45.46;cscore=30.01;sscore=15.45;rscore=12.87;uscore=0.25;tscore=2.33;
contig_26	Prodigal_v2.6.3	CDS	42169	43380	93.6	-	0	ID=17_50;partial=00;start_type=ATG;rbs_motif=GGA/GAG/AGG;rbs_spacer=5-10bp;gc_cont=0.361;conf=100.00;score=93.62;cscore=90.73;sscore=2.89;rscore=-0.45;uscore=0.85;tscore=2.49;
contig_26	Prodigal_v2.6.3	CDS	43523	44521	133.1	-	0	ID=17_51;partial=00;start_type=GTG;rbs_motif=AGGAG;rbs_spacer=5-10bp;gc_cont=0.353;conf=100.00;score=133.10;cscore=122.65;sscore=10.45;rscore=12.22;uscore=1.84;tscore=-3.61;
contig_26	Prodigal_v2.6.3	CDS	44596	45594	168.0	-	0	ID=17_52;partial=00;start_type=ATG;rbs_motif=GGAGG;rbs_spacer=5-10bp;gc_cont=0.386;conf=100.00;score=167.98;cscore=149.29;sscore=18.70;rscore=12.75;uscore=2.34;tscore=2.49;
contig_26	Prodigal_v2.6.3	CDS	45610	46617	175.2	-	0	ID=17_53;partial=00;start_type=ATG;rbs_motif=GGAGG;rbs_spacer=5-10bp;gc_cont=0.390;conf=100.00;score=175.23;cscore=158.41;sscore=16.82;rscore=12.75;uscore=0.38;tscore=2.49;
contig_26	Prodigal_v2.6.3	CDS	46605	47870	188.2	-	0	ID=17_54;partial=00;start_type=ATG;rbs_motif=AGGAG;rbs_spacer=5-10bp;gc_cont=0.361;conf=99.99;score=188.24;cscore=174.41;sscore=13.83;rscore=12.22;uscore=-2.02;tscore=2.49;
contig_26	Prodigal_v2.6.3	CDS	47883	48929	154.4	-	0	ID=17_55;partial=00;start_type=TTG;rbs_motif=GGA/GAG/AGG;rbs_spacer=5-10bp;gc_cont=0.387;conf=100.00;score=154.35;cscore=157.96;sscore=-3.60;rscore=-0.45;uscore=0.62;tscore=-4.70;
contig_26	Prodigal_v2.6.3	CDS	48962	49381	50.7	-	0	ID=17_56;partial=00;start_type=ATG;rbs_motif=AGGA;rbs_spacer=5-10bp;gc_cont=0.395;conf=100.00;score=50.66;cscore=38.13;sscore=12.52;rscore=4.23;uscore=4.76;tscore=2.49;
contig_26	Prodigal_v2.6.3	CDS	49402	50667	190.6	-	0	ID=17_57;partial=00;start_type=ATG;rbs_motif=GGA/GAG/AGG;rbs_spacer=5-10bp;gc_cont=0.382;conf=99.99;score=190.58;cscore=186.66;sscore=3.92;rscore=-0.45;uscore=1.00;tscore=2.49;
contig_26	Prodigal_v2.6.3	CDS	50704	51342	85.0	-	0	ID=17_58;partial=00;start_type=GTG;rbs_motif=3Base/5BMM;rbs_spacer=13-15bp;gc_cont=0.385;conf=100.00;score=85.01;cscore=93.16;sscore=-8.15;rscore=-6.44;uscore=0.70;tscore=-3.61;
contig_26	Prodigal_v2.6.3	CDS	51330	51527	23.5	-	0	ID=17_59;partial=00;start_type=GTG;rbs_motif=AGxAGG/AGGxGG;rbs_spacer=5-10bp;gc_cont=0.429;conf=99.55;score=23.49;cscore=18.52;sscore=4.96;rscore=7.55;uscore=2.69;tscore=-4.63;
contig_26	Prodigal_v2.6.3	CDS	52018	52521	80.5	-	0	ID=17_60;partial=00;start_type=ATG;rbs_motif=3Base/5BMM;rbs_spacer=13-15bp;gc_cont=0.435;conf=100.00;score=80.51;cscore=82.12;sscore=-1.61;rscore=-6.44;uscore=2.35;tscore=2.49;
contig_26	Prodigal_v2.6.3	CDS	52643	53131	45.7	-	0	ID=17_61;partial=00;start_type=TTG;rbs_motif=None;rbs_spacer=None;gc_cont=0.393;conf=100.00;score=45.66;cscore=62.78;sscore=-17.13;rscore=-9.56;uscore=-2.87;tscore=-4.70;
contig_26	Prodigal_v2.6.3	CDS	53268	53648	71.4	-	0	ID=17_62;partial=00;start_type=ATG;rbs_motif=AGGAGG;rbs_spacer=5-10bp;gc_cont=0.373;conf=100.00;score=71.38;cscore=53.04;sscore=18.35;rscore=13.75;uscore=0.98;tscore=2.49;
contig_26	Prodigal_v2.6.3	CDS	53662	54282	106.7	-	0	ID=17_63;partial=00;start_type=ATG;rbs_motif=AGGAG;rbs_spacer=5-10bp;gc_cont=0.399;conf=100.00;score=106.67;cscore=90.53;sscore=16.14;rscore=12.22;uscore=0.29;tscore=2.49;
contig_26	Prodigal_v2.6.3	CDS	54295	55239	152.4	-	0	ID=17_64;partial=00;start_type=TTG;rbs_motif=GGA/GAG/AGG;rbs_spacer=5-10bp;gc_cont=0.385;conf=100.00;score=152.40;cscore=157.96;sscore=-5.56;rscore=-0.45;uscore=0.23;tscore=-4.70;
contig_26	Prodigal_v2.6.3	CDS	55432	56490	165.8	-	0	ID=17_65;partial=00;start_type=GTG;rbs_motif=None;rbs_spacer=None;gc_cont=0.395;conf=100.00;score=165.81;cscore=176.60;sscore=-10.79;rscore=-9.56;uscore=1.12;tscore=-3.61;
contig_26	Prodigal_v2.6.3	CDS	56493	56711	1.0	-	0	ID=17_66;partial=00;start_type=ATG;rbs_motif=None;rbs_spacer=None;gc_cont=0.374;conf=55.46;score=0.95;cscore=13.69;sscore=-12.74;rscore=-11.06;uscore=-3.17;tscore=2.15;
contig_26	Prodigal_v2.6.3	CDS	56999	57121	11.0	-	0	ID=17_67;partial=00;start_type=ATG;rbs_motif=GGA/GAG/AGG;rbs_spacer=5-10bp;gc_cont=0.285;conf=92.60;score=10.99;cscore=10.14;sscore=0.85;rscore=-0.93;uscore=0.59;tscore=1.19;
contig_26	Prodigal_v2.6.3	CDS	57096	57692	78.5	-	0	ID=17_68;partial=00;start_type=ATG;rbs_motif=AGGAG;rbs_spacer=5-10bp;gc_cont=0.355;conf=100.00;score=78.51;cscore=64.77;sscore=13.74;rscore=12.22;uscore=-0.32;tscore=2.49;
contig_26	Prodigal_v2.6.3	CDS	58994	59167	5.1	-	0	ID=17_69;partial=00;start_type=ATG;rbs_motif=AGxAGG/AGGxGG;rbs_spacer=5-10bp;gc_cont=0.351;conf=76.22;score=5.07;cscore=-0.66;sscore=5.72;rscore=6.62;uscore=-3.35;tscore=1.70;
contig_26	Prodigal_v2.6.3	CDS	59160	59546	14.2	-	0	ID=17_70;partial=00;start_type=ATG;rbs_motif=GGAG/GAGG;rbs_spacer=5-10bp;gc_cont=0.385;conf=96.35;score=14.24;cscore=1.82;sscore=12.43;rscore=8.24;uscore=1.70;tscore=2.49;
contig_26	Prodigal_v2.6.3	CDS	59682	59903	22.0	-	0	ID=17_71;partial=00;start_type=GTG;rbs_motif=GGAG/GAGG;rbs_spacer=5-10bp;gc_cont=0.396;conf=99.37;score=22.03;cscore=19.18;sscore=2.84;rscore=7.22;uscore=-1.19;tscore=-4.12;
contig_26	Prodigal_v2.6.3	CDS	59935	60621	93.6	-	0	ID=17_72;partial=00;start_type=TTG;rbs_motif=GGAG/GAGG;rbs_spacer=5-10bp;gc_cont=0.378;conf=100.00;score=93.62;cscore=87.37;sscore=6.26;rscore=8.24;uscore=3.37;tscore=-4.70;
contig_26	Prodigal_v2.6.3	CDS	60998	61117	1.0	-	0	ID=17_73;partial=00;start_type=TTG;rbs_motif=None;rbs_spacer=None;gc_cont=0.367;conf=55.44;score=0.95;cscore=8.75;sscore=-7.80;rscore=-20.42;uscore=0.94;tscore=-10.04;
contig_26	Prodigal_v2.6.3	CDS	61114	61308	8.1	-	0	ID=17_74;partial=00;start_type=GTG;rbs_motif=4Base/6BMM;rbs_spacer=13-15bp;gc_cont=0.400;conf=86.51;score=8.09;cscore=7.93;sscore=0.16;rscore=-5.18;uscore=3.57;tscore=-4.70;
contig_26	Prodigal_v2.6.3	CDS	61305	61490	21.5	-	0	ID=17_75;partial=00;start_type=ATG;rbs_motif=AGxAGG/AGGxGG;rbs_spacer=5-10bp;gc_cont=0.430;conf=99.30;score=21.54;cscore=8.57;sscore=12.97;rscore=7.08;uscore=4.72;tscore=1.82;
contig_26	Prodigal_v2.6.3	CDS	61763	62701	114.7	-	0	ID=17_76;partial=00;start_type=ATG;rbs_motif=None;rbs_spacer=None;gc_cont=0.404;conf=100.00;score=114.67;cscore=122.03;sscore=-7.37;rscore=-9.56;uscore=-0.30;tscore=2.49;
contig_26	Prodigal_v2.6.3	CDS	62817	63056	29.1	-	0	ID=17_77;partial=00;start_type=ATG;rbs_motif=GGxGG;rbs_spacer=5-10bp;gc_cont=0.350;conf=99.87;score=29.06;cscore=20.85;sscore=8.21;rscore=6.42;uscore=0.09;tscore=2.36;
contig_26	Prodigal_v2.6.3	CDS	63457	64353	106.8	-	0	ID=17_78;partial=00;start_type=ATG;rbs_motif=AGGA;rbs_spacer=5-10bp;gc_cont=0.367;conf=100.00;score=106.78;cscore=95.82;sscore=10.96;rscore=4.23;uscore=3.32;tscore=2.49;
contig_26	Prodigal_v2.6.3	CDS	64386	64730	12.2	-	0	ID=17_79;partial=00;start_type=GTG;rbs_motif=AGGA/GGAG/GAGG;rbs_spacer=11-12bp;gc_cont=0.394;conf=94.28;score=12.19;cscore=11.50;sscore=0.69;rscore=3.18;uscore=-0.11;tscore=-3.61;
contig_26	Prodigal_v2.6.3	CDS	64734	64967	30.0	-	0	ID=17_80;partial=00;start_type=ATG;rbs_motif=AGxAGG/AGGxGG;rbs_spacer=5-10bp;gc_cont=0.368;conf=99.90;score=30.00;cscore=18.97;sscore=11.03;rscore=8.94;uscore=-0.21;tscore=2.30;
contig_26	Prodigal_v2.6.3	CDS	64936	65070	21.5	-	0	ID=17_81;partial=00;start_type=ATG;rbs_motif=AGGAG;rbs_spacer=5-10bp;gc_cont=0.363;conf=99.29;score=21.48;cscore=11.67;sscore=9.81;rscore=6.45;uscore=2.05;tscore=1.31;
contig_26	Prodigal_v2.6.3	CDS	65183	65689	51.2	-	0	ID=17_82;partial=00;start_type=ATG;rbs_motif=GGA/GAG/AGG;rbs_spacer=5-10bp;gc_cont=0.339;conf=100.00;score=51.19;cscore=50.61;sscore=0.58;rscore=-0.45;uscore=-0.81;tscore=2.49;
contig_26	Prodigal_v2.6.3	CDS	66053	66313	20.6	-	0	ID=17_83;partial=00;start_type=ATG;rbs_motif=GGAG/GAGG;rbs_spacer=5-10bp;gc_cont=0.330;conf=99.14;score=20.64;cscore=9.65;sscore=10.98;rscore=8.24;uscore=0.25;tscore=2.49;
contig_26	Prodigal_v2.6.3	CDS	66433	66771	28.2	-	0	ID=17_84;partial=00;start_type=TTG;rbs_motif=GGA/GAG/AGG;rbs_spacer=5-10bp;gc_cont=0.348;conf=99.85;score=28.18;cscore=31.30;sscore=-3.12;rscore=-0.45;uscore=2.68;tscore=-4.70;
contig_26	Prodigal_v2.6.3	CDS	67404	67658	37.3	+	0	ID=17_85;partial=00;start_type=ATG;rbs_motif=AGGAG;rbs_spacer=5-10bp;gc_cont=0.373;conf=99.98;score=37.25;cscore=18.78;sscore=18.47;rscore=12.22;uscore=3.76;tscore=2.49;
contig_26	Prodigal_v2.6.3	CDS	67907	68671	96.3	-	0	ID=17_86;partial=00;start_type=ATG;rbs_motif=AGGAG;rbs_spacer=5-10bp;gc_cont=0.435;conf=100.00;score=96.35;cscore=82.79;sscore=13.56;rscore=12.22;uscore=-0.50;tscore=2.49;
contig_26	Prodigal_v2.6.3	CDS	68894	70696	378.5	-	0	ID=17_87;partial=00;start_type=ATG;rbs_motif=GGAGG;rbs_spacer=5-10bp;gc_cont=0.396;conf=99.99;score=378.55;cscore=365.38;sscore=13.17;rscore=12.75;uscore=-1.42;tscore=2.49;
contig_26	Prodigal_v2.6.3	CDS	71292	71807	92.3	-	0	ID=17_88;partial=00;start_type=ATG;rbs_motif=AGGAG/GGAGG;rbs_spacer=11-12bp;gc_cont=0.382;conf=100.00;score=92.31;cscore=77.20;sscore=15.11;rscore=9.05;uscore=3.57;tscore=2.49;
contig_26	Prodigal_v2.6.3	CDS	71935	73287	308.6	-	0	ID=17_89;partial=00;start_type=ATG;rbs_motif=AGGAG/GGAGG;rbs_spacer=11-12bp;gc_cont=0.413;conf=99.99;score=308.56;cscore=298.27;sscore=10.29;rscore=9.05;uscore=-0.59;tscore=2.49;
contig_26	Prodigal_v2.6.3	CDS	73501	74577	190.4	-	0	ID=17_90;partial=00;start_type=ATG;rbs_motif=GGAGG;rbs_spacer=5-10bp;gc_cont=0.370;conf=99.99;score=190.45;cscore=175.09;sscore=15.36;rscore=12.75;uscore=-1.13;tscore=2.49;
contig_26	Prodigal_v2.6.3	CDS	74570	75406	125.7	-	0	ID=17_91;partial=00;start_type=GTG;rbs_motif=GGxGG;rbs_spacer=5-10bp;gc_cont=0.357;conf=100.00;score=125.69;cscore=118.94;sscore=6.75;rscore=6.77;uscore=3.59;tscore=-3.61;
contig_26	Prodigal_v2.6.3	CDS	75556	76182	94.3	-	0	ID=17_92;partial=00;start_type=ATG;rbs_motif=AGGAGG;rbs_spacer=5-10bp;gc_cont=0.394;conf=100.00;score=94.31;cscore=76.08;sscore=18.23;rscore=13.75;uscore=0.86;tscore=2.49;
contig_26	Prodigal_v2.6.3	CDS	76196	76759	69.5	-	0	ID=17_93;partial=00;start_type=ATG;rbs_motif=AGGA/GGAG/GAGG;rbs_spacer=11-12bp;gc_cont=0.397;conf=100.00;score=69.51;cscore=62.41;sscore=7.10;rscore=3.18;uscore=1.43;tscore=2.49;
contig_26	Prodigal_v2.6.3	CDS	76893	77798	187.9	-	0	ID=17_94;partial=00;start_type=ATG;rbs_motif=AGxAGG/AGGxGG;rbs_spacer=5-10bp;gc_cont=0.395;conf=99.99;score=187.92;cscore=175.49;sscore=12.42;rscore=9.68;uscore=0.91;tscore=2.49;
contig_26	Prodigal_v2.6.3	CDS	78927	80513	264.6	+	0	ID=17_95;partial=00;start_type=ATG;rbs_motif=GGAGG;rbs_spacer=5-10bp;gc_cont=0.394;conf=99.99;score=264.58;cscore=247.61;sscore=16.97;rscore=12.75;uscore=1.72;tscore=2.49;
contig_26	Prodigal_v2.6.3	CDS	85870	86526	77.1	+	0	ID=17_96;partial=00;start_type=ATG;rbs_motif=GGAG/GAGG;rbs_spacer=5-10bp;gc_cont=0.349;conf=100.00;score=77.06;cscore=63.09;sscore=13.97;rscore=8.24;uscore=3.90;tscore=2.49;
contig_26	Prodigal_v2.6.3	CDS	86563	87237	92.8	-	0	ID=17_97;partial=00;start_type=GTG;rbs_motif=GGxGG;rbs_spacer=5-10bp;gc_cont=0.366;conf=100.00;score=92.84;cscore=87.37;sscore=5.47;rscore=6.77;uscore=2.96;tscore=-3.61;
contig_26	Prodigal_v2.6.3	CDS	87389	87997	83.9	+	0	ID=17_98;partial=00;start_type=ATG;rbs_motif=AGGA;rbs_spacer=5-10bp;gc_cont=0.384;conf=100.00;score=83.90;cscore=74.39;sscore=9.52;rscore=4.23;uscore=2.80;tscore=2.49;
contig_26	Prodigal_v2.6.3	CDS	88053	89108	201.8	-	0	ID=17_99;partial=00;start_type=GTG;rbs_motif=GGAG/GAGG;rbs_spacer=5-10bp;gc_cont=0.392;conf=99.99;score=201.83;cscore=194.46;sscore=7.37;rscore=8.24;uscore=2.74;tscore=-3.61;
contig_26	Prodigal_v2.6.3	CDS	89181	89894	127.4	-	0	ID=17_100;partial=00;start_type=GTG;rbs_motif=GGxGG;rbs_spacer=5-10bp;gc_cont=0.395;conf=100.00;score=127.37;cscore=121.75;sscore=5.62;rscore=6.77;uscore=2.45;tscore=-3.61;
contig_26	Prodigal_v2.6.3	CDS	90022	90990	173.1	-	0	ID=17_101;partial=00;start_type=ATG;rbs_motif=GGAGG;rbs_spacer=5-10bp;gc_cont=0.352;conf=100.00;score=173.08;cscore=157.05;sscore=16.03;rscore=12.75;uscore=1.44;tscore=2.49;
contig_26	Prodigal_v2.6.3	CDS	91435	92040	95.5	+	0	ID=17_102;partial=00;start_type=ATG;rbs_motif=GGAG/GAGG;rbs_spacer=5-10bp;gc_cont=0.393;conf=100.00;score=95.51;cscore=81.68;sscore=13.83;rscore=8.24;uscore=3.10;tscore=2.49;
contig_26	Prodigal_v2.6.3	CDS	92299	93249	121.1	-	0	ID=17_103;partial=00;start_type=GTG;rbs_motif=None;rbs_spacer=None;gc_cont=0.332;conf=100.00;score=121.10;cscore=133.61;sscore=-12.51;rscore=-9.56;uscore=0.66;tscore=-3.61;
contig_26	Prodigal_v2.6.3	CDS	93360	93599	11.1	-	0	ID=17_104;partial=00;start_type=ATG;rbs_motif=None;rbs_spacer=None;gc_cont=0.329;conf=92.75;score=11.09;cscore=17.29;sscore=-6.20;rscore=-10.08;uscore=0.47;tscore=2.36;
contig_26	Prodigal_v2.6.3	CDS	93620	95353	217.4	-	0	ID=17_105;partial=00;start_type=GTG;rbs_motif=GGAGG;rbs_spacer=5-10bp;gc_cont=0.319;conf=99.99;score=217.42;cscore=206.80;sscore=10.62;rscore=12.75;uscore=2.13;tscore=-3.61;
contig_26	Prodigal_v2.6.3	CDS	96216	97034	90.9	-	0	ID=17_106;partial=00;start_type=GTG;rbs_motif=None;rbs_spacer=None;gc_cont=0.399;conf=100.00;score=90.91;cscore=93.22;sscore=-2.31;rscore=-9.56;uscore=-2.95;tscore=-3.61;
contig_26	Prodigal_v2.6.3	CDS	97786	98790	89.7	-	0	ID=17_107;partial=00;start_type=ATG;rbs_motif=GGA/GAG/AGG;rbs_spacer=5-10bp;gc_cont=0.246;conf=100.00;score=89.74;cscore=83.56;sscore=6.19;rscore=-0.45;uscore=2.90;tscore=2.49;
contig_26	Prodigal_v2.6.3	CDS	98783	99322	71.8	-	0	ID=17_108;partial=00;start_type=ATG;rbs_motif=AGGAGG;rbs_spacer=5-10bp;gc_cont=0.257;conf=100.00;score=71.82;cscore=51.27;sscore=20.55;rscore=13.75;uscore=3.29;tscore=2.49;
contig_26	Prodigal_v2.6.3	CDS	99346	99627	25.6	-	0	ID=17_109;partial=00;start_type=ATG;rbs_motif=None;rbs_spacer=None;gc_cont=0.280;conf=99.72;score=25.63;cscore=30.49;sscore=-4.86;rscore=-9.56;uscore=1.33;tscore=2.49;
contig_26	Prodigal_v2.6.3	CDS	99664	100077	25.7	-	0	ID=17_110;partial=00;start_type=TTG;rbs_motif=None;rbs_spacer=None;gc_cont=0.316;conf=99.73;score=25.65;cscore=28.49;sscore=-2.84;rscore=-9.56;uscore=0.56;tscore=-4.70;
contig_26	Prodigal_v2.6.3	CDS	100074	100556	67.7	-	0	ID=17_111;partial=00;start_type=TTG;rbs_motif=GGxGG;rbs_spacer=5-10bp;gc_cont=0.294;conf=100.00;score=67.75;cscore=62.02;sscore=5.72;rscore=6.77;uscore=4.30;tscore=-4.70;
contig_26	Prodigal_v2.6.3	CDS	100880	101173	10.5	-	0	ID=17_112;partial=00;start_type=ATG;rbs_motif=GGAG/GAGG;rbs_spacer=5-10bp;gc_cont=0.344;conf=91.75;score=10.48;cscore=-2.76;sscore=13.24;rscore=8.24;uscore=3.66;tscore=2.49;
contig_26	Prodigal_v2.6.3	CDS	101345	101608	16.6	+	0	ID=17_113;partial=00;start_type=ATG;rbs_motif=GGxGG;rbs_spacer=5-10bp;gc_cont=0.280;conf=97.86;score=16.63;cscore=7.14;sscore=9.48;rscore=6.77;uscore=0.23;tscore=2.49;
contig_26	Prodigal_v2.6.3	CDS	102063	102416	30.8	+	0	ID=17_114;partial=00;start_type=GTG;rbs_motif=AGGAG/GGAGG;rbs_spacer=11-12bp;gc_cont=0.359;conf=99.92;score=30.84;cscore=25.42;sscore=5.41;rscore=9.05;uscore=0.62;tscore=-3.61;
contig_26	Prodigal_v2.6.3	CDS	102376	102489	3.6	+	0	ID=17_115;partial=00;start_type=ATG;rbs_motif=AGGAG;rbs_spacer=5-10bp;gc_cont=0.368;conf=69.68;score=3.62;cscore=-2.98;sscore=6.60;rscore=5.43;uscore=0.57;tscore=1.10;
contig_26	Prodigal_v2.6.3	CDS	102600	103211	26.0	+	0	ID=17_116;partial=00;start_type=TTG;rbs_motif=None;rbs_spacer=None;gc_cont=0.301;conf=99.74;score=25.96;cscore=35.86;sscore=-9.91;rscore=-9.56;uscore=4.35;tscore=-4.70;
contig_26	Prodigal_v2.6.3	CDS	103345	104058	59.2	+	0	ID=17_117;partial=00;start_type=ATG;rbs_motif=AGGA;rbs_spacer=5-10bp;gc_cont=0.360;conf=100.00;score=59.16;cscore=51.98;sscore=7.19;rscore=4.23;uscore=0.47;tscore=2.49;
contig_26	Prodigal_v2.6.3	CDS	104360	105430	119.4	+	0	ID=17_118;partial=00;start_type=ATG;rbs_motif=AGGAG;rbs_spacer=5-10bp;gc_cont=0.341;conf=100.00;score=119.42;cscore=105.29;sscore=14.13;rscore=12.22;uscore=0.07;tscore=2.49;
contig_26	Prodigal_v2.6.3	CDS	105474	105668	27.7	+	0	ID=17_119;partial=00;start_type=ATG;rbs_motif=AGGAG;rbs_spacer=5-10bp;gc_cont=0.287;conf=99.83;score=27.70;cscore=12.18;sscore=15.52;rscore=9.39;uscore=3.42;tscore=1.91;
contig_26	Prodigal_v2.6.3	CDS	105763	106803	120.3	+	0	ID=17_120;partial=00;start_type=ATG;rbs_motif=GGA/GAG/AGG;rbs_spacer=5-10bp;gc_cont=0.328;conf=100.00;score=120.33;cscore=118.71;sscore=1.63;rscore=-0.45;uscore=-0.41;tscore=2.49;
contig_26	Prodigal_v2.6.3	CDS	106839	107390	46.4	+	0	ID=17_121;partial=00;start_type=TTG;rbs_motif=AGGA;rbs_spacer=5-10bp;gc_cont=0.286;conf=100.00;score=46.42;cscore=41.15;sscore=5.26;rscore=4.23;uscore=4.84;tscore=-4.70;
contig_26	Prodigal_v2.6.3	CDS	107510	107902	72.0	-	0	ID=17_122;partial=00;start_type=TTG;rbs_motif=AGGAGG;rbs_spacer=5-10bp;gc_cont=0.448;conf=100.00;score=72.00;cscore=59.54;sscore=12.46;rscore=13.75;uscore=2.40;tscore=-4.70;
contig_26	Prodigal_v2.6.3	CDS	107928	108365	78.5	-	0	ID=17_123;partial=00;start_type=ATG;rbs_motif=AGGAGG;rbs_spacer=5-10bp;gc_cont=0.402;conf=100.00;score=78.55;cscore=61.82;sscore=16.73;rscore=13.75;uscore=1.14;tscore=2.49;
contig_26	Prodigal_v2.6.3	CDS	108544	109284	120.1	-	0	ID=17_124;partial=00;start_type=ATG;rbs_motif=AGGAG;rbs_spacer=5-10bp;gc_cont=0.432;conf=100.00;score=120.06;cscore=103.64;sscore=16.42;rscore=12.22;uscore=0.58;tscore=2.49;
contig_26	Prodigal_v2.6.3	CDS	109298	110095	86.0	-	0	ID=17_125;partial=00;start_type=ATG;rbs_motif=AGGAG/GGAGG;rbs_spacer=11-12bp;gc_cont=0.388;conf=100.00;score=86.02;cscore=72.84;sscore=13.18;rscore=9.05;uscore=0.34;tscore=2.49;
contig_26	Prodigal_v2.6.3	CDS	110092	110964	141.5	-	0	ID=17_126;partial=00;start_type=ATG;rbs_motif=3Base/5BMM;rbs_spacer=13-15bp;gc_cont=0.417;conf=100.00;score=141.49;cscore=141.48;sscore=0.02;rscore=-6.44;uscore=2.73;tscore=2.49;
contig_26	Prodigal_v2.6.3	CDS	110968	111273	53.9	-	0	ID=17_127;partial=00;start_type=ATG;rbs_motif=GGAG/GAGG;rbs_spacer=5-10bp;gc_cont=0.405;conf=100.00;score=53.85;cscore=43.17;sscore=10.68;rscore=8.24;uscore=-0.04;tscore=2.49;
contig_26	Prodigal_v2.6.3	CDS	111333	111692	16.4	-	0	ID=17_128;partial=00;start_type=GTG;rbs_motif=None;rbs_spacer=None;gc_cont=0.425;conf=97.75;score=16.42;cscore=28.13;sscore=-11.72;rscore=-9.56;uscore=2.10;tscore=-3.61;
contig_26	Prodigal_v2.6.3	CDS	112556	112843	19.4	+	0	ID=17_129;partial=00;start_type=ATG;rbs_motif=GGA/GAG/AGG;rbs_spacer=5-10bp;gc_cont=0.385;conf=98.85;score=19.37;cscore=14.80;sscore=4.57;rscore=-0.45;uscore=2.53;tscore=2.49;
contig_26	Prodigal_v2.6.3	CDS	112859	113464	22.2	+	0	ID=17_130;partial=00;start_type=ATG;rbs_motif=GGA/GAG/AGG;rbs_spacer=5-10bp;gc_cont=0.213;conf=99.39;score=22.19;cscore=12.14;sscore=10.04;rscore=-0.45;uscore=6.90;tscore=2.49;
# Sequence Data: seqnum=18;seqlen=11193;seqhdr="contig_50"
# Model Data: version=Prodigal.v2.6.3;run_type=Single;model="Ab initio";gc_cont=37.70;transl_table=11;uses_sd=1
contig_50	Prodigal_v2.6.3	CDS	2	427	64.4	+	0	ID=18_1;partial=10;start_type=Edge;rbs_motif=None;rbs_spacer=None;gc_cont=0.380;conf=100.00;score=64.41;cscore=61.19;sscore=3.22;rscore=0.00;uscore=0.00;tscore=3.22;
contig_50	Prodigal_v2.6.3	CDS	445	1467	171.6	+	0	ID=18_2;partial=00;start_type=ATG;rbs_motif=AGxAGG/AGGxGG;rbs_spacer=5-10bp;gc_cont=0.390;conf=100.00;score=171.57;cscore=156.21;sscore=15.36;rscore=9.68;uscore=2.11;tscore=2.49;
contig_50	Prodigal_v2.6.3	CDS	1451	2458	143.2	+	0	ID=18_3;partial=00;start_type=ATG;rbs_motif=AGGAGG;rbs_spacer=5-10bp;gc_cont=0.385;conf=100.00;score=143.21;cscore=124.50;sscore=18.71;rscore=13.75;uscore=1.32;tscore=2.49;
contig_50	Prodigal_v2.6.3	CDS	2503	3456	163.0	+	0	ID=18_4;partial=00;start_type=ATG;rbs_motif=AGGAG;rbs_spacer=5-10bp;gc_cont=0.398;conf=100.00;score=163.03;cscore=142.89;sscore=20.14;rscore=12.22;uscore=4.64;tscore=2.49;
contig_50	Prodigal_v2.6.3	CDS	3449	4717	208.0	+	0	ID=18_5;partial=00;start_type=ATG;rbs_motif=GGAG/GAGG;rbs_spacer=5-10bp;gc_cont=0.392;conf=99.99;score=208.04;cscore=193.32;sscore=14.72;rscore=8.24;uscore=2.75;tscore=2.49;
contig_50	Prodigal_v2.6.3	CDS	4852	5613	104.4	+	0	ID=18_6;partial=00;start_type=ATG;rbs_motif=AGxAGG/AGGxGG;rbs_spacer=5-10bp;gc_cont=0.354;conf=100.00;score=104.45;cscore=92.35;sscore=12.10;rscore=9.68;uscore=-0.07;tscore=2.49;
contig_50	Prodigal_v2.6.3	CDS	5625	6548	160.3	+	0	ID=18_7;partial=00;start_type=ATG;rbs_motif=AGGAG;rbs_spacer=5-10bp;gc_cont=0.412;conf=100.00;score=160.32;cscore=143.28;sscore=17.05;rscore=12.22;uscore=1.19;tscore=2.49;
contig_50	Prodigal_v2.6.3	CDS	6751	7218	73.7	+	0	ID=18_8;partial=00;start_type=ATG;rbs_motif=GGAG/GAGG;rbs_spacer=5-10bp;gc_cont=0.391;conf=100.00;score=73.67;cscore=62.80;sscore=10.87;rscore=8.24;uscore=0.80;tscore=2.49;
contig_50	Prodigal_v2.6.3	CDS	7202	7978	119.4	+	0	ID=18_9;partial=00;start_type=GTG;rbs_motif=AGGAG;rbs_spacer=5-10bp;gc_cont=0.423;conf=100.00;score=119.38;cscore=107.18;sscore=12.19;rscore=12.22;uscore=2.43;tscore=-3.61;
contig_50	Prodigal_v2.6.3	CDS	8044	9246	176.2	-	0	ID=18_10;partial=00;start_type=ATG;rbs_motif=None;rbs_spacer=None;gc_cont=0.411;conf=100.00;score=176.23;cscore=183.79;sscore=-7.56;rscore=-9.56;uscore=0.16;tscore=2.49;
contig_50	Prodigal_v2.6.3	CDS	10397	11191	193.4	+	0	ID=18_11;partial=01;start_type=ATG;rbs_motif=AGGAGG;rbs_spacer=5-10bp;gc_cont=0.395;conf=99.99;score=193.35;cscore=178.82;sscore=14.54;rscore=13.75;uscore=-1.70;tscore=2.49;
# Sequence Data: seqnum=19;seqlen=119580;seqhdr="contig_55"
# Model Data: version=Prodigal.v2.6.3;run_type=Single;model="Ab initio";gc_cont=37.70;transl_table=11;uses_sd=1
contig_55	Prodigal_v2.6.3	CDS	2	799	140.4	-	0	ID=19_1;partial=10;start_type=ATG;rbs_motif=None;rbs_spacer=None;gc_cont=0.385;conf=100.00;score=140.43;cscore=151.84;sscore=-11.41;rscore=-9.56;uscore=-5.56;tscore=2.49;
contig_55	Prodigal_v2.6.3	CDS	1373	1681	42.5	-	0	ID=19_2;partial=00;start_type=ATG;rbs_motif=GGAG/GAGG;rbs_spacer=5-10bp;gc_cont=0.343;conf=99.99;score=42.49;cscore=33.90;sscore=8.59;rscore=8.24;uscore=-1.48;tscore=2.49;
contig_55	Prodigal_v2.6.3	CDS	1772	3295	170.8	+	0	ID=19_3;partial=00;start_type=ATG;rbs_motif=GGA/GAG/AGG;rbs_spacer=5-10bp;gc_cont=0.391;conf=100.00;score=170.83;cscore=169.75;sscore=1.08;rscore=-0.45;uscore=-0.95;tscore=2.49;
contig_55	Prodigal_v2.6.3	CDS	3292	3927	87.7	-	0	ID=19_4;partial=00;start_type=ATG;rbs_motif=GGxGG;rbs_spacer=5-10bp;gc_cont=0.336;conf=100.00;score=87.70;cscore=77.28;sscore=10.42;rscore=6.77;uscore=1.81;tscore=2.49;
contig_55	Prodigal_v2.6.3	CDS	4066	4917	76.6	+	0	ID=19_5;partial=00;start_type=ATG;rbs_motif=GGA/GAG/AGG;rbs_spacer=5-10bp;gc_cont=0.330;conf=100.00;score=76.63;cscore=73.70;sscore=2.93;rscore=-0.45;uscore=0.90;tscore=2.49;
contig_55	Prodigal_v2.6.3	CDS	4991	5257	47.7	-	0	ID=19_6;partial=00;start_type=ATG;rbs_motif=AGxAGG/AGGxGG;rbs_spacer=11-12bp;gc_cont=0.348;conf=100.00;score=47.69;cscore=36.40;sscore=11.30;rscore=6.48;uscore=2.99;tscore=2.49;
contig_55	Prodigal_v2.6.3	CDS	5511	6656	197.1	-	0	ID=19_7;partial=00;start_type=ATG;rbs_motif=AGGA/GGAG/GAGG;rbs_spacer=11-12bp;gc_cont=0.413;conf=99.99;score=197.07;cscore=189.38;sscore=7.68;rscore=3.18;uscore=1.37;tscore=2.49;
contig_55	Prodigal_v2.6.3	CDS	6714	7754	203.3	-	0	ID=19_8;partial=00;start_type=ATG;rbs_motif=AGxAGG/AGGxGG;rbs_spacer=11-12bp;gc_cont=0.415;conf=99.99;score=203.33;cscore=190.66;sscore=12.67;rscore=6.48;uscore=2.62;tscore=2.49;
contig_55	Prodigal_v2.6.3	CDS	7772	8776	182.9	-	0	ID=19_9;partial=00;start_type=ATG;rbs_motif=AGGAGG;rbs_spacer=5-10bp;gc_cont=0.429;conf=99.99;score=182.89;cscore=162.43;sscore=20.46;rscore=13.75;uscore=3.15;tscore=2.49;
contig_55	Prodigal_v2.6.3	CDS	8795	9415	112.7	-	0	ID=19_10;partial=00;start_type=ATG;rbs_motif=GGAG/GAGG;rbs_spacer=5-10bp;gc_cont=0.390;conf=100.00;score=112.74;cscore=103.59;sscore=9.15;rscore=8.24;uscore=-1.58;tscore=2.49;
contig_55	Prodigal_v2.6.3	CDS	9527	10306	75.1	-	0	ID=19_11;partial=00;start_type=GTG;rbs_motif=None;rbs_spacer=None;gc_cont=0.378;conf=100.00;score=75.07;cscore=86.25;sscore=-11.17;rscore=-9.56;uscore=1.99;tscore=-3.61;
contig_55	Prodigal_v2.6.3	CDS	10395	11441	87.9	-	0	ID=19_12;partial=00;start_type=TTG;rbs_motif=GGAGG;rbs_spacer=5-10bp;gc_cont=0.475;conf=100.00;score=87.87;cscore=77.21;sscore=10.66;rscore=12.75;uscore=3.25;tscore=-4.70;
contig_55	Prodigal_v2.6.3	CDS	11583	12116	73.8	+	0	ID=19_13;partial=00;start_type=ATG;rbs_motif=AGxAGG/AGGxGG;rbs_spacer=11-12bp;gc_cont=0.397;conf=100.00;score=73.80;cscore=67.25;sscore=6.55;rscore=6.48;uscore=-2.41;tscore=2.49;
contig_55	Prodigal_v2.6.3	CDS	12244	12636	34.2	-	0	ID=19_14;partial=00;start_type=ATG;rbs_motif=AGGAGG;rbs_spacer=5-10bp;gc_cont=0.372;conf=99.96;score=34.22;cscore=15.38;sscore=18.84;rscore=13.75;uscore=1.59;tscore=2.49;
contig_55	Prodigal_v2.6.3	CDS	12661	13539	139.9	-	0	ID=19_15;partial=00;start_type=ATG;rbs_motif=AGGAGG;rbs_spacer=5-10bp;gc_cont=0.390;conf=100.00;score=139.88;cscore=126.36;sscore=13.52;rscore=13.75;uscore=-2.07;tscore=2.49;
contig_55	Prodigal_v2.6.3	CDS	13758	14159	52.1	-	0	ID=19_16;partial=00;start_type=ATG;rbs_motif=AGxAGG/AGGxGG;rbs_spacer=5-10bp;gc_cont=0.373;conf=100.00;score=52.09;cscore=38.09;sscore=14.00;rscore=9.68;uscore=0.83;tscore=2.49;
contig_55	Prodigal_v2.6.3	CDS	14184	15473	284.4	-	0	ID=19_17;partial=00;start_type=ATG;rbs_motif=GGAG/GAGG;rbs_spacer=5-10bp;gc_cont=0.418;conf=99.99;score=284.36;cscore=273.21;sscore=11.15;rscore=8.24;uscore=-0.79;tscore=2.49;
contig_55	Prodigal_v2.6.3	CDS	15479	16006	71.9	-	0	ID=19_18;partial=00;start_type=ATG;rbs_motif=GGAG/GAGG;rbs_spacer=5-10bp;gc_cont=0.367;conf=100.00;score=71.88;cscore=60.53;sscore=11.35;rscore=8.24;uscore=0.62;tscore=2.49;
contig_55	Prodigal_v2.6.3	CDS	16184	16483	67.2	-	0	ID=19_19;partial=00;start_type=ATG;rbs_motif=AGGAGG;rbs_spacer=5-10bp;gc_cont=0.407;conf=100.00;score=67.17;cscore=49.63;sscore=17.53;rscore=13.75;uscore=-0.69;tscore=2.49;
contig_55	Prodigal_v2.6.3	CDS	16480	16836	58.4	-	0	ID=19_20;partial=00;start_type=ATG;rbs_motif=GGAG/GAGG;rbs_spacer=5-10bp;gc_cont=0.389;conf=100.00;score=58.45;cscore=46.85;sscore=11.60;rscore=8.24;uscore=-0.23;tscore=2.49;
contig_55	Prodigal_v2.6.3	CDS	16853	17161	68.0	-	0	ID=19_21;partial=00;start_type=ATG;rbs_motif=AGGAGG;rbs_spacer=5-10bp;gc_cont=0.369;conf=100.00;score=68.03;cscore=50.87;sscore=17.16;rscore=13.75;uscore=0.92;tscore=2.49;
contig_55	Prodigal_v2.6.3	CDS	17299	17910	29.2	-	0	ID=19_22;partial=00;start_type=ATG;rbs_motif=GGA/GAG/AGG;rbs_spacer=5-10bp;gc_cont=0.377;conf=99.88;score=29.24;cscore=24.51;sscore=4.73;rscore=-0.45;uscore=1.48;tscore=2.49;
contig_55	Prodigal_v2.6.3	CDS	17900	18403	89.9	-	0	ID=19_23;partial=00;start_type=ATG;rbs_motif=GGxGG;rbs_spacer=5-10bp;gc_cont=0.397;conf=100.00;score=89.87;cscore=83.14;sscore=6.72;rscore=6.77;uscore=-2.53;tscore=2.49;
contig_55	Prodigal_v2.6.3	CDS	18548	19345	145.9	-	0	ID=19_24;partial=00;start_type=GTG;rbs_motif=GGAGG;rbs_spacer=5-10bp;gc_cont=0.390;conf=100.00;score=145.90;cscore=134.87;sscore=11.03;rscore=12.75;uscore=0.62;tscore=-3.61;
contig_55	Prodigal_v2.6.3	CDS	19347	20015	99.8	-	0	ID=19_25;partial=00;start_type=ATG;rbs_motif=GGAG/GAGG;rbs_spacer=5-10bp;gc_cont=0.384;conf=100.00;score=99.83;cscore=88.54;sscore=11.30;rscore=8.24;uscore=-0.41;tscore=2.49;
contig_55	Prodigal_v2.6.3	CDS	20043	20567	61.8	-	0	ID=19_26;partial=00;start_type=ATG;rbs_motif=AGGAGG;rbs_spacer=5-10bp;gc_cont=0.349;conf=100.00;score=61.81;cscore=44.18;sscore=17.62;rscore=13.75;uscore=0.10;tscore=2.49;
contig_55	Prodigal_v2.6.3	CDS	20567	21481	157.5	-	0	ID=19_27;partial=00;start_type=ATG;rbs_motif=AGGAGG;rbs_spacer=5-10bp;gc_cont=0.392;conf=100.00;score=157.54;cscore=139.25;sscore=18.29;rscore=13.75;uscore=0.92;tscore=2.49;
contig_55	Prodigal_v2.6.3	CDS	21495	22514	208.6	-	0	ID=19_28;partial=00;start_type=TTG;rbs_motif=GGAG/GAGG;rbs_spacer=5-10bp;gc_cont=0.403;conf=99.99;score=208.61;cscore=202.66;sscore=5.96;rscore=8.24;uscore=3.07;tscore=-4.70;
contig_55	Prodigal_v2.6.3	CDS	23095	23793	79.8	-	0	ID=19_29;partial=00;start_type=TTG;rbs_motif=AGGAG;rbs_spacer=5-10bp;gc_cont=0.386;conf=100.00;score=79.76;cscore=72.59;sscore=7.17;rscore=12.22;uscore=-1.56;tscore=-4.70;
contig_55	Prodigal_v2.6.3	CDS	23800	24393	92.4	-	0	ID=19_30;partial=00;start_type=ATG;rbs_motif=AGGAGG;rbs_spacer=11-12bp;gc_cont=0.392;conf=100.00;score=92.45;cscore=77.78;sscore=14.66;rscore=10.68;uscore=1.50;tscore=2.49;
contig_55	Prodigal_v2.6.3	CDS	24492	25136	79.8	-	0	ID=19_31;partial=00;start_type=ATG;rbs_motif=GGAG/GAGG;rbs_spacer=5-10bp;gc_cont=0.398;conf=100.00;score=79.85;cscore=68.10;sscore=11.75;rscore=8.24;uscore=1.02;tscore=2.49;
contig_55	Prodigal_v2.6.3	CDS	25305	26555	201.9	-	0	ID=19_32;partial=00;start_type=ATG;rbs_motif=AGGAGG;rbs_spacer=5-10bp;gc_cont=0.402;conf=99.99;score=201.92;cscore=184.38;sscore=17.53;rscore=13.75;uscore=-3.06;tscore=2.49;
contig_55	Prodigal_v2.6.3	CDS	26552	27844	187.1	-	0	ID=19_33;partial=00;start_type=TTG;rbs_motif=AGGAG;rbs_spacer=5-10bp;gc_cont=0.407;conf=99.99;score=187.11;cscore=177.13;sscore=9.98;rscore=12.22;uscore=2.46;tscore=-4.70;
contig_55	Prodigal_v2.6.3	CDS	27967	28128	14.7	-	0	ID=19_34;partial=00;start_type=ATG;rbs_motif=None;rbs_spacer=None;gc_cont=0.327;conf=96.67;score=14.66;cscore=11.72;sscore=2.93;rscore=-15.03;uscore=0.07;tscore=1.58;
contig_55	Prodigal_v2.6.3	CDS	28128	28367	30.1	-	0	ID=19_35;partial=00;start_type=ATG;rbs_motif=GGAGG;rbs_spacer=5-10bp;gc_cont=0.333;conf=99.90;score=30.08;cscore=14.10;sscore=15.98;rscore=12.09;uscore=2.19;tscore=2.36;
contig_55	Prodigal_v2.6.3	CDS	28825	31275	445.5	-	0	ID=19_36;partial=00;start_type=ATG;rbs_motif=AGGAGG;rbs_spacer=5-10bp;gc_cont=0.403;conf=99.99;score=445.53;cscore=429.00;sscore=16.53;rscore=13.75;uscore=0.94;tscore=2.49;
contig_55	Prodigal_v2.6.3	CDS	31888	32562	89.3	-	0	ID=19_37;partial=00;start_type=ATG;rbs_motif=None;rbs_spacer=None;gc_cont=0.396;conf=100.00;score=89.27;cscore=96.18;sscore=-6.91;rscore=-9.56;uscore=0.16;tscore=2.49;
contig_55	Prodigal_v2.6.3	CDS	32733	33179	63.6	-	0	ID=19_38;partial=00;start_type=ATG;rbs_motif=AGxAG;rbs_spacer=5-10bp;gc_cont=0.383;conf=100.00;score=63.57;cscore=65.69;sscore=-2.13;rscore=-8.29;uscore=4.32;tscore=2.49;
contig_55	Prodigal_v2.6.3	CDS	33726	35018	262.4	-	0	ID=19_39;partial=00;start_type=ATG;rbs_motif=GGAGG;rbs_spacer=5-10bp;gc_cont=0.430;conf=99.99;score=262.36;cscore=246.85;sscore=15.51;rscore=12.75;uscore=-1.00;tscore=2.49;
contig_55	Prodigal_v2.6.3	CDS	35019	35849	148.7	-	0	ID=19_40;partial=00;start_type=ATG;rbs_motif=None;rbs_spacer=None;gc_cont=0.419;conf=100.00;score=148.73;cscore=153.37;sscore=-4.64;rscore=-9.56;uscore=2.43;tscore=2.49;
contig_55	Prodigal_v2.6.3	CDS	35994	36755	93.6	-	0	ID=19_41;partial=00;start_type=ATG;rbs_motif=GGA/GAG/AGG;rbs_spacer=5-10bp;gc_cont=0.383;conf=100.00;score=93.60;cscore=91.34;sscore=2.26;rscore=-0.45;uscore=-1.00;tscore=2.49;
contig_55	Prodigal_v2.6.3	CDS	36745	37677	178.9	-	0	ID=19_42;partial=00;start_type=TTG;rbs_motif=GGA/GAG/AGG;rbs_spacer=5-10bp;gc_cont=0.409;conf=99.99;score=178.85;cscore=181.80;sscore=-2.95;rscore=-0.45;uscore=1.11;tscore=-4.70;
contig_55	Prodigal_v2.6.3	CDS	37696	38523	47.1	-	0	ID=19_43;partial=00;start_type=TTG;rbs_motif=AGxAGG/AGGxGG;rbs_spacer=5-10bp;gc_cont=0.343;conf=100.00;score=47.09;cscore=41.23;sscore=5.86;rscore=9.68;uscore=1.53;tscore=-4.70;
contig_55	Prodigal_v2.6.3	CDS	38706	40070	255.2	-	0	ID=19_44;partial=00;start_type=ATG;rbs_motif=GGAG/GAGG;rbs_spacer=5-10bp;gc_cont=0.377;conf=99.99;score=255.18;cscore=244.53;sscore=10.65;rscore=8.24;uscore=0.57;tscore=2.49;
contig_55	Prodigal_v2.6.3	CDS	40268	43186	433.5	-	0	ID=19_45;partial=00;start_type=ATG;rbs_motif=AGGA;rbs_spacer=5-10bp;gc_cont=0.358;conf=99.99;score=433.54;cscore=423.22;sscore=10.32;rscore=4.23;uscore=3.61;tscore=2.49;
contig_55	Prodigal_v2.6.3	CDS	43320	43601	13.4	-	0	ID=19_46;partial=00;start_type=TTG;rbs_motif=None;rbs_spacer=None;gc_cont=0.387;conf=95.65;score=13.45;cscore=26.13;sscore=-12.68;rscore=-9.56;uscore=2.22;tscore=-4.70;
contig_55	Prodigal_v2.6.3	CDS	43795	44016	16.8	-	0	ID=19_47;partial=00;start_type=GTG;rbs_motif=None;rbs_spacer=None;gc_cont=0.342;conf=97.94;score=16.81;cscore=31.08;sscore=-14.27;rscore=-10.91;uscore=0.76;tscore=-4.12;
contig_55	Prodigal_v2.6.3	CDS	44124	44651	76.1	-	0	ID=19_48;partial=00;start_type=ATG;rbs_motif=GGAG/GAGG;rbs_spacer=5-10bp;gc_cont=0.331;conf=100.00;score=76.07;cscore=65.57;sscore=10.51;rscore=8.24;uscore=0.43;tscore=2.49;
contig_55	Prodigal_v2.6.3	CDS	44835	45584	113.7	-	0	ID=19_49;partial=00;start_type=ATG;rbs_motif=None;rbs_spacer=None;gc_cont=0.372;conf=100.00;score=113.70;cscore=114.14;sscore=-0.44;rscore=-9.56;uscore=5.67;tscore=2.49;
contig_55	Prodigal_v2.6.3	CDS	45614	46066	32.8	-	0	ID=19_50;partial=00;start_type=ATG;rbs_motif=None;rbs_spacer=None;gc_cont=0.364;conf=99.95;score=32.84;cscore=43.41;sscore=-10.57;rscore=-9.56;uscore=-2.85;tscore=2.49;
contig_55	Prodigal_v2.6.3	CDS	46316	46498	16.7	-	0	ID=19_51;partial=00;start_type=TTG;rbs_motif=AGGAGG;rbs_spacer=5-10bp;gc_cont=0.333;conf=97.90;score=16.70;cscore=11.20;sscore=5.51;rscore=9.90;uscore=2.13;tscore=-6.52;
contig_55	Prodigal_v2.6.3	CDS	46640	46813	36.9	-	0	ID=19_52;partial=00;start_type=ATG;rbs_motif=AGGAGG;rbs_spacer=5-10bp;gc_cont=0.385;conf=99.98;score=36.89;cscore=25.07;sscore=11.82;rscore=9.41;uscore=0.71;tscore=1.70;
contig_55	Prodigal_v2.6.3	CDS	46949	47530	95.3	-	0	ID=19_53;partial=00;start_type=ATG;rbs_motif=AGGAG/GGAGG;rbs_spacer=11-12bp;gc_cont=0.380;conf=100.00;score=95.32;cscore=83.88;sscore=11.44;rscore=9.05;uscore=-1.33;tscore=2.49;
contig_55	Prodigal_v2.6.3	CDS	47535	49859	438.5	-	0	ID=19_54;partial=00;start_type=ATG;rbs_motif=AGGAG/GGAGG;rbs_spacer=11-12bp;gc_cont=0.392;conf=99.99;score=438.49;cscore=426.82;sscore=11.67;rscore=9.05;uscore=0.78;tscore=2.49;
contig_55	Prodigal_v2.6.3	CDS	50090	50521	74.6	-	0	ID=19_55;partial=00;start_type=ATG;rbs_motif=GGA/GAG/AGG;rbs_spacer=5-10bp;gc_cont=0.380;conf=100.00;score=74.65;cscore=72.50;sscore=2.14;rscore=-0.45;uscore=0.76;tscore=2.49;
contig_55	Prodigal_v2.6.3	CDS	50875	51363	78.2	-	0	ID=19_56;partial=00;start_type=TTG;rbs_motif=GGA/GAG/AGG;rbs_spacer=11-12bp;gc_cont=0.354;conf=100.00;score=78.23;cscore=84.52;sscore=-6.29;rscore=-0.79;uscore=-0.15;tscore=-4.70;
contig_55	Prodigal_v2.6.3	CDS	52110	53342	288.4	-	0	ID=19_57;partial=00;start_type=ATG;rbs_motif=GGAGG;rbs_spacer=5-10bp;gc_cont=0.384;conf=99.99;score=288.41;cscore=273.27;sscore=15.14;rscore=12.75;uscore=-0.10;tscore=2.49;
contig_55	Prodigal_v2.6.3	CDS	53461	53655	25.6	-	0	ID=19_58;partial=00;start_type=TTG;rbs_motif=AGGA;rbs_spacer=5-10bp;gc_cont=0.349;conf=99.73;score=25.64;cscore=26.73;sscore=-1.09;rscore=3.25;uscore=1.78;tscore=-6.12;
contig_55	Prodigal_v2.6.3	CDS	53732	54442	102.3	-	0	ID=19_59;partial=00;start_type=ATG;rbs_motif=GGAG/GAGG;rbs_spacer=5-10bp;gc_cont=0.343;conf=100.00;score=102.29;cscore=87.68;sscore=14.62;rscore=8.24;uscore=4.54;tscore=2.49;
contig_55	Prodigal_v2.6.3	CDS	54656	54928	20.5	+	0	ID=19_60;partial=00;start_type=ATG;rbs_motif=AGGAG;rbs_spacer=5-10bp;gc_cont=0.341;conf=99.11;score=20.49;cscore=6.90;sscore=13.59;rscore=12.22;uscore=-1.12;tscore=2.49;
contig_55	Prodigal_v2.6.3	CDS	55363	55668	48.0	+	0	ID=19_61;partial=00;start_type=ATG;rbs_motif=GGxGG;rbs_spacer=5-10bp;gc_cont=0.343;conf=100.00;score=47.99;cscore=35.89;sscore=12.10;rscore=6.77;uscore=3.49;tscore=2.49;
contig_55	Prodigal_v2.6.3	CDS	55728	56099	47.2	+	0	ID=19_62;partial=00;start_type=GTG;rbs_motif=3Base/5BMM;rbs_spacer=13-15bp;gc_cont=0.341;conf=100.00;score=47.21;cscore=55.28;sscore=-8.08;rscore=-6.44;uscore=1.97;tscore=-3.61;
contig_55	Prodigal_v2.6.3	CDS	57035	57592	67.5	+	0	ID=19_63;partial=00;start_type=ATG;rbs_motif=AGGAG;rbs_spacer=5-10bp;gc_cont=0.357;conf=100.00;score=67.46;cscore=52.24;sscore=15.21;rscore=12.22;uscore=1.16;tscore=2.49;
contig_55	Prodigal_v2.6.3	CDS	57585	57761	16.3	+	0	ID=19_64;partial=00;start_type=ATG;rbs_motif=4Base/6BMM;rbs_spacer=13-15bp;gc_cont=0.379;conf=97.71;score=16.33;cscore=19.80;sscore=-3.47;rscore=-5.72;uscore=-0.73;tscore=1.73;
contig_55	Prodigal_v2.6.3	CDS	58002	58391	66.7	+	0	ID=19_65;partial=00;start_type=ATG;rbs_motif=AGGAG;rbs_spacer=5-10bp;gc_cont=0.385;conf=100.00;score=66.70;cscore=51.43;sscore=15.27;rscore=12.22;uscore=1.21;tscore=2.49;
contig_55	Prodigal_v2.6.3	CDS	58360	58689	18.0	+	0	ID=19_66;partial=00;start_type=TTG;rbs_motif=None;rbs_spacer=None;gc_cont=0.403;conf=98.43;score=18.00;cscore=33.61;sscore=-15.61;rscore=-9.56;uscore=-1.36;tscore=-4.70;
contig_55	Prodigal_v2.6.3	CDS	58665	59018	17.6	+	0	ID=19_67;partial=00;start_type=ATG;rbs_motif=None;rbs_spacer=None;gc_cont=0.395;conf=98.28;score=17.60;cscore=26.36;sscore=-8.76;rscore=-9.56;uscore=-1.69;tscore=2.49;
contig_55	Prodigal_v2.6.3	CDS	59018	59950	105.7	+	0	ID=19_68;partial=00;start_type=ATG;rbs_motif=None;rbs_spacer=None;gc_cont=0.409;conf=100.00;score=105.67;cscore=101.90;sscore=3.77;rscore=-9.56;uscore=-1.56;tscore=2.49;
contig_55	Prodigal_v2.6.3	CDS	59952	60287	53.1	+	0	ID=19_69;partial=00;start_type=ATG;rbs_motif=AGGA/GGAG/GAGG;rbs_spacer=11-12bp;gc_cont=0.375;conf=100.00;score=53.11;cscore=44.26;sscore=8.85;rscore=3.18;uscore=1.93;tscore=2.49;
contig_55	Prodigal_v2.6.3	CDS	61086	61346	28.1	+	0	ID=19_70;partial=00;start_type=ATG;rbs_motif=AGGAG;rbs_spacer=5-10bp;gc_cont=0.406;conf=99.84;score=28.06;cscore=12.88;sscore=15.18;rscore=12.22;uscore=1.12;tscore=2.49;
contig_55	Prodigal_v2.6.3	CDS	61343	61945	103.5	+	0	ID=19_71;partial=00;start_type=ATG;rbs_motif=GGAG/GAGG;rbs_spacer=5-10bp;gc_cont=0.338;conf=100.00;score=103.45;cscore=91.43;sscore=12.02;rscore=8.24;uscore=-1.53;tscore=2.49;
contig_55	Prodigal_v2.6.3	CDS	62007	62426	81.1	-	0	ID=19_72;partial=00;start_type=ATG;rbs_motif=GGAGG;rbs_spacer=5-10bp;gc_cont=0.374;conf=100.00;score=81.11;cscore=62.11;sscore=19.00;rscore=12.75;uscore=3.03;tscore=2.49;
contig_55	Prodigal_v2.6.3	CDS	62477	63553	132.2	-	0	ID=19_73;partial=00;start_type=ATG;rbs_motif=GGAG/GAGG;rbs_spacer=5-10bp;gc_cont=0.394;conf=100.00;score=132.21;cscore=120.77;sscore=11.44;rscore=8.24;uscore=-0.08;tscore=2.49;
contig_55	Prodigal_v2.6.3	CDS	63598	63759	9.0	-	0	ID=19_74;partial=00;start_type=ATG;rbs_motif=GGAG/GAGG;rbs_spacer=5-10bp;gc_cont=0.346;conf=88.86;score=9.03;cscore=2.79;sscore=6.25;rscore=5.24;uscore=-0.58;tscore=1.58;
contig_55	Prodigal_v2.6.3	CDS	63911	64327	71.3	-	0	ID=19_75;partial=00;start_type=TTG;rbs_motif=AGGAGG;rbs_spacer=5-10bp;gc_cont=0.372;conf=100.00;score=71.33;cscore=59.44;sscore=11.89;rscore=13.75;uscore=2.84;tscore=-4.70;
contig_55	Prodigal_v2.6.3	CDS	64464	65417	151.6	-	0	ID=19_76;partial=00;start_type=ATG;rbs_motif=GGAG/GAGG;rbs_spacer=5-10bp;gc_cont=0.418;conf=100.00;score=151.64;cscore=135.95;sscore=15.69;rscore=8.24;uscore=4.03;tscore=2.49;
contig_55	Prodigal_v2.6.3	CDS	65449	66174	115.0	-	0	ID=19_77;partial=00;start_type=ATG;rbs_motif=AGGA/GGAG/GAGG;rbs_spacer=11-12bp;gc_cont=0.406;conf=100.00;score=115.00;cscore=105.51;sscore=9.49;rscore=3.18;uscore=2.84;tscore=2.49;
contig_55	Prodigal_v2.6.3	CDS	66201	67826	210.7	-	0	ID=19_78;partial=00;start_type=GTG;rbs_motif=AGGAGG;rbs_spacer=5-10bp;gc_cont=0.392;conf=99.99;score=210.70;cscore=201.93;sscore=8.77;rscore=13.75;uscore=-0.72;tscore=-3.61;
contig_55	Prodigal_v2.6.3	CDS	67953	68648	73.3	+	0	ID=19_79;partial=00;start_type=ATG;rbs_motif=GGA/GAG/AGG;rbs_spacer=5-10bp;gc_cont=0.345;conf=100.00;score=73.33;cscore=69.84;sscore=3.49;rscore=-0.45;uscore=1.45;tscore=2.49;
contig_55	Prodigal_v2.6.3	CDS	68716	69177	62.3	-	0	ID=19_80;partial=00;start_type=ATG;rbs_motif=GGxGG;rbs_spacer=5-10bp;gc_cont=0.351;conf=100.00;score=62.25;cscore=49.22;sscore=13.03;rscore=6.77;uscore=3.77;tscore=2.49;
contig_55	Prodigal_v2.6.3	CDS	69268	70458	165.7	-	0	ID=19_81;partial=00;start_type=ATG;rbs_motif=AGGA;rbs_spacer=5-10bp;gc_cont=0.385;conf=100.00;score=165.68;cscore=157.68;sscore=8.01;rscore=4.23;uscore=-1.58;tscore=2.49;
contig_55	Prodigal_v2.6.3	CDS	70455	71552	139.4	-	0	ID=19_82;partial=00;start_type=ATG;rbs_motif=GGAG/GAGG;rbs_spacer=5-10bp;gc_cont=0.363;conf=100.00;score=139.39;cscore=125.50;sscore=13.89;rscore=8.24;uscore=1.87;tscore=2.49;
contig_55	Prodigal_v2.6.3	CDS	71549	73240	207.1	-	0	ID=19_83;partial=00;start_type=ATG;rbs_motif=GGAG/GAGG;rbs_spacer=5-10bp;gc_cont=0.387;conf=99.99;score=207.11;cscore=196.28;sscore=10.82;rscore=8.24;uscore=0.75;tscore=2.49;
contig_55	Prodigal_v2.6.3	CDS	73465	74469	156.6	+	0	ID=19_84;partial=00;start_type=ATG;rbs_motif=AGxAGG/AGGxGG;rbs_spacer=5-10bp;gc_cont=0.318;conf=100.00;score=156.63;cscore=143.92;sscore=12.70;rscore=9.68;uscore=0.54;tscore=2.49;
contig_55	Prodigal_v2.6.3	CDS	74851	75975	206.5	+	0	ID=19_85;partial=00;start_type=ATG;rbs_motif=AGGAG/GGAGG;rbs_spacer=11-12bp;gc_cont=0.342;conf=99.99;score=206.47;cscore=191.99;sscore=14.48;rscore=9.05;uscore=3.59;tscore=2.49;
contig_55	Prodigal_v2.6.3	CDS	76147	77637	158.5	+	0	ID=19_86;partial=00;start_type=ATG;rbs_motif=AGGAG;rbs_spacer=5-10bp;gc_cont=0.368;conf=100.00;score=158.52;cscore=145.85;sscore=12.67;rscore=12.22;uscore=-2.04;tscore=2.49;
contig_55	Prodigal_v2.6.3	CDS	77819	78814	123.1	-	0	ID=19_87;partial=00;start_type=ATG;rbs_motif=GGAGG;rbs_spacer=5-10bp;gc_cont=0.347;conf=100.00;score=123.09;cscore=104.62;sscore=18.47;rscore=12.75;uscore=1.96;tscore=2.49;
contig_55	Prodigal_v2.6.3	CDS	78815	79345	62.4	-	0	ID=19_88;partial=00;start_type=GTG;rbs_motif=AGGAGG;rbs_spacer=11-12bp;gc_cont=0.322;conf=100.00;score=62.36;cscore=53.88;sscore=8.48;rscore=10.68;uscore=2.07;tscore=-3.61;
contig_55	Prodigal_v2.6.3	CDS	79729	79926	15.7	+	0	ID=19_89;partial=00;start_type=ATG;rbs_motif=AGGAG;rbs_spacer=5-10bp;gc_cont=0.374;conf=97.35;score=15.67;cscore=3.39;sscore=12.28;rscore=9.53;uscore=0.81;tscore=1.94;
contig_55	Prodigal_v2.6.3	CDS	80600	81136	35.0	-	0	ID=19_90;partial=00;start_type=TTG;rbs_motif=None;rbs_spacer=None;gc_cont=0.331;conf=99.97;score=35.05;cscore=48.73;sscore=-13.68;rscore=-9.56;uscore=0.57;tscore=-4.70;
contig_55	Prodigal_v2.6.3	CDS	81099	81236	7.0	-	0	ID=19_91;partial=00;start_type=ATG;rbs_motif=AGxAGG/AGGxGG;rbs_spacer=5-10bp;gc_cont=0.413;conf=83.45;score=7.04;cscore=0.85;sscore=6.19;rscore=5.23;uscore=0.27;tscore=1.34;
contig_55	Prodigal_v2.6.3	CDS	81483	81698	23.3	-	0	ID=19_92;partial=00;start_type=ATG;rbs_motif=AGGAG;rbs_spacer=5-10bp;gc_cont=0.343;conf=99.53;score=23.29;cscore=7.70;sscore=15.59;rscore=10.41;uscore=1.84;tscore=2.12;
contig_55	Prodigal_v2.6.3	CDS	82016	82567	79.4	-	0	ID=19_93;partial=00;start_type=ATG;rbs_motif=AGGA;rbs_spacer=5-10bp;gc_cont=0.344;conf=100.00;score=79.43;cscore=72.38;sscore=7.05;rscore=4.23;uscore=0.99;tscore=2.49;
contig_55	Prodigal_v2.6.3	CDS	82956	83801	60.6	-	0	ID=19_94;partial=00;start_type=ATG;rbs_motif=None;rbs_spacer=None;gc_cont=0.316;conf=100.00;score=60.60;cscore=66.86;sscore=-6.26;rscore=-9.56;uscore=-0.03;tscore=2.49;
contig_55	Prodigal_v2.6.3	CDS	83842	83982	1.7	-	0	ID=19_95;partial=00;start_type=ATG;rbs_motif=GGA/GAG/AGG;rbs_spacer=5-10bp;gc_cont=0.270;conf=59.89;score=1.74;cscore=-0.12;sscore=1.86;rscore=-0.81;uscore=2.46;tscore=1.37;
contig_55	Prodigal_v2.6.3	CDS	84417	84938	50.1	-	0	ID=19_96;partial=00;start_type=TTG;rbs_motif=GGAGG;rbs_spacer=5-10bp;gc_cont=0.377;conf=100.00;score=50.13;cscore=42.51;sscore=7.63;rscore=12.75;uscore=0.22;tscore=-4.70;
contig_55	Prodigal_v2.6.3	CDS	85538	85717	33.2	+	0	ID=19_97;partial=00;start_type=ATG;rbs_motif=AGGAGG;rbs_spacer=5-10bp;gc_cont=0.378;conf=99.95;score=33.18;cscore=20.24;sscore=12.93;rscore=9.74;uscore=1.44;tscore=1.76;
contig_55	Prodigal_v2.6.3	CDS	85991	86545	85.9	+	0	ID=19_98;partial=00;start_type=ATG;rbs_motif=AGGAGG;rbs_spacer=5-10bp;gc_cont=0.294;conf=100.00;score=85.91;cscore=69.55;sscore=16.36;rscore=13.75;uscore=0.77;tscore=2.49;
contig_55	Prodigal_v2.6.3	CDS	87002	87223	39.5	-	0	ID=19_99;partial=00;start_type=ATG;rbs_motif=AGGAGG;rbs_spacer=5-10bp;gc_cont=0.324;conf=99.99;score=39.46;cscore=25.47;sscore=13.99;rscore=12.05;uscore=-0.23;tscore=2.18;
contig_55	Prodigal_v2.6.3	CDS	87288	87584	53.1	-	0	ID=19_100;partial=00;start_type=ATG;rbs_motif=AGGAG;rbs_spacer=5-10bp;gc_cont=0.360;conf=100.00;score=53.11;cscore=35.92;sscore=17.18;rscore=12.22;uscore=1.62;tscore=2.49;
contig_55	Prodigal_v2.6.3	CDS	87623	87931	31.1	-	0	ID=19_101;partial=00;start_type=ATG;rbs_motif=GGA/GAG/AGG;rbs_spacer=5-10bp;gc_cont=0.356;conf=99.92;score=31.12;cscore=29.50;sscore=1.62;rscore=-0.45;uscore=0.23;tscore=2.49;
contig_55	Prodigal_v2.6.3	CDS	88110	88289	21.3	-	0	ID=19_102;partial=00;start_type=ATG;rbs_motif=GGAG/GAGG;rbs_spacer=5-10bp;gc_cont=0.356;conf=99.26;score=21.33;cscore=14.74;sscore=6.59;rscore=5.83;uscore=-0.35;tscore=1.76;
contig_55	Prodigal_v2.6.3	CDS	88554	88757	31.1	-	0	ID=19_103;partial=00;start_type=ATG;rbs_motif=GGAG/GAGG;rbs_spacer=5-10bp;gc_cont=0.338;conf=99.92;score=31.06;cscore=21.36;sscore=9.70;rscore=6.63;uscore=1.73;tscore=2.00;
contig_55	Prodigal_v2.6.3	CDS	89003	89848	132.8	-	0	ID=19_104;partial=00;start_type=ATG;rbs_motif=AGGAG;rbs_spacer=5-10bp;gc_cont=0.414;conf=100.00;score=132.83;cscore=115.16;sscore=17.67;rscore=12.22;uscore=2.96;tscore=2.49;
contig_55	Prodigal_v2.6.3	CDS	89955	90527	91.4	-	0	ID=19_105;partial=00;start_type=ATG;rbs_motif=GGA/GAG/AGG;rbs_spacer=5-10bp;gc_cont=0.382;conf=100.00;score=91.43;cscore=83.33;sscore=8.10;rscore=-0.45;uscore=5.37;tscore=2.49;
contig_55	Prodigal_v2.6.3	CDS	90582	91034	25.3	-	0	ID=19_106;partial=00;start_type=ATG;rbs_motif=GGAG/GAGG;rbs_spacer=5-10bp;gc_cont=0.406;conf=99.70;score=25.30;cscore=9.98;sscore=15.32;rscore=8.24;uscore=3.38;tscore=2.49;
contig_55	Prodigal_v2.6.3	CDS	91040	91330	33.5	-	0	ID=19_107;partial=00;start_type=ATG;rbs_motif=AGGA;rbs_spacer=5-10bp;gc_cont=0.388;conf=99.95;score=33.50;cscore=27.64;sscore=5.86;rscore=4.23;uscore=-0.20;tscore=2.49;
contig_55	Prodigal_v2.6.3	CDS	91658	92104	52.7	+	0	ID=19_108;partial=00;start_type=ATG;rbs_motif=AGGAGG;rbs_spacer=5-10bp;gc_cont=0.320;conf=100.00;score=52.66;cscore=37.32;sscore=15.34;rscore=13.75;uscore=-0.90;tscore=2.49;
contig_55	Prodigal_v2.6.3	CDS	92745	93413	73.1	-	0	ID=19_109;partial=00;start_type=TTG;rbs_motif=None;rbs_spacer=None;gc_cont=0.354;conf=100.00;score=73.10;cscore=85.85;sscore=-12.75;rscore=-9.56;uscore=2.16;tscore=-4.70;
contig_55	Prodigal_v2.6.3	CDS	93621	93788	14.6	+	0	ID=19_110;partial=00;start_type=ATG;rbs_motif=GGxGG;rbs_spacer=11-12bp;gc_cont=0.315;conf=96.65;score=14.63;cscore=11.50;sscore=3.13;rscore=0.37;uscore=1.11;tscore=1.64;
contig_55	Prodigal_v2.6.3	CDS	93804	93959	22.7	-	0	ID=19_111;partial=00;start_type=ATG;rbs_motif=AGGA/GGAG/GAGG;rbs_spacer=11-12bp;gc_cont=0.391;conf=99.47;score=22.74;cscore=16.99;sscore=5.75;rscore=1.94;uscore=2.93;tscore=1.52;
contig_55	Prodigal_v2.6.3	CDS	94625	94864	3.6	+	0	ID=19_112;partial=00;start_type=ATG;rbs_motif=GGA/GAG/AGG;rbs_spacer=11-12bp;gc_cont=0.138;conf=69.54;score=3.59;cscore=3.47;sscore=0.12;rscore=-0.83;uscore=-1.41;tscore=2.36;
contig_55	Prodigal_v2.6.3	CDS	95356	95874	20.3	-	0	ID=19_113;partial=00;start_type=ATG;rbs_motif=AGGAG/GGAGG;rbs_spacer=11-12bp;gc_cont=0.337;conf=99.06;score=20.28;cscore=9.65;sscore=10.63;rscore=9.05;uscore=-0.26;tscore=2.49;
contig_55	Prodigal_v2.6.3	CDS	96567	96836	8.9	+	0	ID=19_114;partial=00;start_type=ATG;rbs_motif=GGA/GAG/AGG;rbs_spacer=5-10bp;gc_cont=0.367;conf=88.64;score=8.94;cscore=7.79;sscore=1.15;rscore=-0.45;uscore=-0.89;tscore=2.49;
contig_55	Prodigal_v2.6.3	CDS	97151	97270	7.2	-	0	ID=19_115;partial=00;start_type=ATG;rbs_motif=GGA/GAG/AGG;rbs_spacer=5-10bp;gc_cont=0.292;conf=84.09;score=7.24;cscore=5.70;sscore=1.54;rscore=-0.96;uscore=0.27;tscore=1.16;
contig_55	Prodigal_v2.6.3	CDS	97290	97499	7.9	-	0	ID=19_116;partial=00;start_type=ATG;rbs_motif=None;rbs_spacer=None;gc_cont=0.267;conf=85.98;score=7.89;cscore=14.68;sscore=-6.79;rscore=-11.54;uscore=3.35;tscore=2.06;
contig_55	Prodigal_v2.6.3	CDS	97959	98318	47.7	-	0	ID=19_117;partial=00;start_type=ATG;rbs_motif=AGGA/GGAG/GAGG;rbs_spacer=11-12bp;gc_cont=0.242;conf=100.00;score=47.69;cscore=40.07;sscore=7.61;rscore=3.18;uscore=2.60;tscore=2.49;
contig_55	Prodigal_v2.6.3	CDS	98652	98960	35.1	+	0	ID=19_118;partial=00;start_type=ATG;rbs_motif=AGxAGG/AGGxGG;rbs_spacer=5-10bp;gc_cont=0.275;conf=99.97;score=35.11;cscore=19.17;sscore=15.94;rscore=9.68;uscore=3.78;tscore=2.49;
contig_55	Prodigal_v2.6.3	CDS	99693	99953	24.7	-	0	ID=19_119;partial=00;start_type=GTG;rbs_motif=GGAG/GAGG;rbs_spacer=5-10bp;gc_cont=0.307;conf=99.66;score=24.71;cscore=17.30;sscore=7.41;rscore=8.24;uscore=2.78;tscore=-3.61;
contig_55	Prodigal_v2.6.3	CDS	100042	101007	86.6	-	0	ID=19_120;partial=00;start_type=TTG;rbs_motif=AGGAG/GGAGG;rbs_spacer=11-12bp;gc_cont=0.303;conf=100.00;score=86.58;cscore=82.03;sscore=4.56;rscore=9.05;uscore=0.86;tscore=-4.70;
contig_55	Prodigal_v2.6.3	CDS	101421	102167	131.5	+	0	ID=19_121;partial=00;start_type=ATG;rbs_motif=AGGAGG;rbs_spacer=5-10bp;gc_cont=0.438;conf=100.00;score=131.48;cscore=113.21;sscore=18.27;rscore=13.75;uscore=2.03;tscore=2.49;
contig_55	Prodigal_v2.6.3	CDS	102263	102913	74.5	+	0	ID=19_122;partial=00;start_type=TTG;rbs_motif=AGGAG;rbs_spacer=5-10bp;gc_cont=0.409;conf=100.00;score=74.49;cscore=65.17;sscore=9.32;rscore=12.22;uscore=1.79;tscore=-4.70;
contig_55	Prodigal_v2.6.3	CDS	102910	103608	40.0	-	0	ID=19_123;partial=00;start_type=ATG;rbs_motif=AGGAG;rbs_spacer=5-10bp;gc_cont=0.388;conf=99.99;score=40.05;cscore=24.81;sscore=15.24;rscore=12.22;uscore=0.53;tscore=2.49;
contig_55	Prodigal_v2.6.3	CDS	103668	103829	16.2	-	0	ID=19_124;partial=00;start_type=GTG;rbs_motif=AGGAG;rbs_spacer=5-10bp;gc_cont=0.333;conf=97.66;score=16.22;cscore=11.76;sscore=4.46;rscore=7.77;uscore=2.36;tscore=-5.67;
contig_55	Prodigal_v2.6.3	CDS	103939	105399	203.8	-	0	ID=19_125;partial=00;start_type=ATG;rbs_motif=AGGAG;rbs_spacer=5-10bp;gc_cont=0.411;conf=99.99;score=203.77;cscore=186.65;sscore=17.12;rscore=12.22;uscore=2.42;tscore=2.49;
contig_55	Prodigal_v2.6.3	CDS	105529	106032	78.0	-	0	ID=19_126;partial=00;start_type=ATG;rbs_motif=GGAG/GAGG;rbs_spacer=5-10bp;gc_cont=0.367;conf=100.00;score=78.03;cscore=66.09;sscore=11.94;rscore=8.24;uscore=0.07;tscore=2.49;
contig_55	Prodigal_v2.6.3	CDS	106045	106638	112.1	-	0	ID=19_127;partial=00;start_type=ATG;rbs_motif=AGGAG/GGAGG;rbs_spacer=11-12bp;gc_cont=0.404;conf=100.00;score=112.11;cscore=99.17;sscore=12.94;rscore=9.05;uscore=0.14;tscore=2.49;
contig_55	Prodigal_v2.6.3	CDS	106640	107389	149.5	-	0	ID=19_128;partial=00;start_type=ATG;rbs_motif=AGGAGG;rbs_spacer=5-10bp;gc_cont=0.428;conf=100.00;score=149.51;cscore=132.14;sscore=17.37;rscore=13.75;uscore=1.13;tscore=2.49;
contig_55	Prodigal_v2.6.3	CDS	107522	108319	124.8	-	0	ID=19_129;partial=00;start_type=ATG;rbs_motif=AGxAGG/AGGxGG;rbs_spacer=5-10bp;gc_cont=0.397;conf=100.00;score=124.76;cscore=109.04;sscore=15.72;rscore=9.68;uscore=2.39;tscore=2.49;
contig_55	Prodigal_v2.6.3	CDS	108330	108782	88.9	-	0	ID=19_130;partial=00;start_type=ATG;rbs_motif=AGGAG/GGAGG;rbs_spacer=11-12bp;gc_cont=0.391;conf=100.00;score=88.94;cscore=75.09;sscore=13.85;rscore=9.05;uscore=2.32;tscore=2.49;
contig_55	Prodigal_v2.6.3	CDS	108857	109078	40.2	-	0	ID=19_131;partial=00;start_type=ATG;rbs_motif=AGGAGG;rbs_spacer=5-10bp;gc_cont=0.360;conf=99.99;score=40.18;cscore=26.12;sscore=14.06;rscore=12.05;uscore=0.49;tscore=2.18;
contig_55	Prodigal_v2.6.3	CDS	109266	109730	44.6	-	0	ID=19_132;partial=00;start_type=ATG;rbs_motif=GGA/GAG/AGG;rbs_spacer=5-10bp;gc_cont=0.372;conf=100.00;score=44.64;cscore=42.57;sscore=2.07;rscore=-0.45;uscore=0.68;tscore=2.49;
contig_55	Prodigal_v2.6.3	CDS	109926	110705	110.8	-	0	ID=19_133;partial=00;start_type=ATG;rbs_motif=AGGAG;rbs_spacer=5-10bp;gc_cont=0.405;conf=100.00;score=110.75;cscore=96.84;sscore=13.91;rscore=12.22;uscore=-2.02;tscore=2.49;
contig_55	Prodigal_v2.6.3	CDS	110711	112465	318.7	-	0	ID=19_134;partial=00;start_type=ATG;rbs_motif=AGGAG/GGAGG;rbs_spacer=11-12bp;gc_cont=0.411;conf=99.99;score=318.69;cscore=305.63;sscore=13.05;rscore=9.05;uscore=1.52;tscore=2.49;
contig_55	Prodigal_v2.6.3	CDS	112532	113140	59.1	-	0	ID=19_135;partial=00;start_type=TTG;rbs_motif=AGxAGG/AGGxGG;rbs_spacer=5-10bp;gc_cont=0.392;conf=100.00;score=59.12;cscore=54.88;sscore=4.24;rscore=9.68;uscore=-0.09;tscore=-4.70;
contig_55	Prodigal_v2.6.3	CDS	113413	113847	54.9	+	0	ID=19_136;partial=00;start_type=ATG;rbs_motif=AGxAGG/AGGxGG;rbs_spacer=5-10bp;gc_cont=0.377;conf=100.00;score=54.90;cscore=39.17;sscore=15.73;rscore=9.68;uscore=3.57;tscore=2.49;
contig_55	Prodigal_v2.6.3	CDS	113946	115172	218.3	-	0	ID=19_137;partial=00;start_type=ATG;rbs_motif=GGAG/GAGG;rbs_spacer=5-10bp;gc_cont=0.393;conf=99.99;score=218.31;cscore=205.16;sscore=13.15;rscore=8.24;uscore=3.07;tscore=2.49;
contig_55	Prodigal_v2.6.3	CDS	115591	117381	304.5	-	0	ID=19_138;partial=00;start_type=ATG;rbs_motif=AGxAGG/AGGxGG;rbs_spacer=11-12bp;gc_cont=0.386;conf=99.99;score=304.52;cscore=293.82;sscore=10.70;rscore=6.48;uscore=1.74;tscore=2.49;
contig_55	Prodigal_v2.6.3	CDS	117506	117817	60.1	-	0	ID=19_139;partial=00;start_type=ATG;rbs_motif=AGGAGG;rbs_spacer=5-10bp;gc_cont=0.388;conf=100.00;score=60.12;cscore=44.93;sscore=15.19;rscore=13.75;uscore=-1.05;tscore=2.49;
contig_55	Prodigal_v2.6.3	CDS	117939	118514	55.1	-	0	ID=19_140;partial=00;start_type=TTG;rbs_motif=None;rbs_spacer=None;gc_cont=0.356;conf=100.00;score=55.13;cscore=71.68;sscore=-16.55;rscore=-9.56;uscore=-3.46;tscore=-4.70;
contig_55	Prodigal_v2.6.3	CDS	118499	118918	49.5	-	0	ID=19_141;partial=00;start_type=TTG;rbs_motif=None;rbs_spacer=None;gc_cont=0.352;conf=100.00;score=49.50;cscore=52.79;sscore=-3.29;rscore=-9.56;uscore=0.11;tscore=-4.70;
contig_55	Prodigal_v2.6.3	CDS	118915	119289	62.3	-	0	ID=19_142;partial=00;start_type=GTG;rbs_motif=AGGAGG;rbs_spacer=5-10bp;gc_cont=0.397;conf=100.00;score=62.35;cscore=51.20;sscore=11.14;rscore=13.75;uscore=1.00;tscore=-3.61;
# Sequence Data: seqnum=20;seqlen=164686;seqhdr="contig_14"
# Model Data: version=Prodigal.v2.6.3;run_type=Single;model="Ab initio";gc_cont=37.70;transl_table=11;uses_sd=1
contig_14	Prodigal_v2.6.3	CDS	1	711	122.5	+	0	ID=20_1;partial=10;start_type=Edge;rbs_motif=None;rbs_spacer=None;gc_cont=0.366;conf=100.00;score=122.49;cscore=119.27;sscore=3.22;rscore=0.00;uscore=3.22;tscore=0.00;
contig_14	Prodigal_v2.6.3	CDS	907	3960	467.5	+	0	ID=20_2;partial=00;start_type=ATG;rbs_motif=AGGAG;rbs_spacer=5-10bp;gc_cont=0.387;conf=99.99;score=467.54;cscore=451.00;sscore=16.53;rscore=12.22;uscore=2.48;tscore=2.49;
contig_14	Prodigal_v2.6.3	CDS	3980	5065	167.7	+	0	ID=20_3;partial=00;start_type=ATG;rbs_motif=AGxAGG/AGGxGG;rbs_spacer=5-10bp;gc_cont=0.350;conf=100.00;score=167.68;cscore=153.90;sscore=13.78;rscore=9.68;uscore=0.55;tscore=2.49;
contig_14	Prodigal_v2.6.3	CDS	5391	6146	129.7	+	0	ID=20_4;partial=00;start_type=ATG;rbs_motif=AGGAGG;rbs_spacer=5-10bp;gc_cont=0.385;conf=100.00;score=129.65;cscore=114.74;sscore=14.91;rscore=13.75;uscore=-0.67;tscore=2.49;
contig_14	Prodigal_v2.6.3	CDS	6258	7616	150.0	+	0	ID=20_5;partial=00;start_type=GTG;rbs_motif=GGAGG;rbs_spacer=5-10bp;gc_cont=0.361;conf=100.00;score=149.97;cscore=139.67;sscore=10.29;rscore=12.75;uscore=1.15;tscore=-3.61;
contig_14	Prodigal_v2.6.3	CDS	7960	9051	149.4	-	0	ID=20_6;partial=00;start_type=ATG;rbs_motif=4Base/6BMM;rbs_spacer=13-15bp;gc_cont=0.371;conf=100.00;score=149.45;cscore=146.51;sscore=2.93;rscore=-3.98;uscore=4.43;tscore=2.49;
contig_14	Prodigal_v2.6.3	CDS	9176	9700	60.2	-	0	ID=20_7;partial=00;start_type=ATG;rbs_motif=AGGA;rbs_spacer=5-10bp;gc_cont=0.358;conf=100.00;score=60.16;cscore=52.16;sscore=8.01;rscore=4.23;uscore=1.95;tscore=2.49;
contig_14	Prodigal_v2.6.3	CDS	9903	10907	115.7	+	0	ID=20_8;partial=00;start_type=TTG;rbs_motif=AGGA/GGAG/GAGG;rbs_spacer=11-12bp;gc_cont=0.329;conf=100.00;score=115.75;cscore=115.34;sscore=0.41;rscore=3.18;uscore=1.93;tscore=-4.70;
contig_14	Prodigal_v2.6.3	CDS	10925	11380	40.5	+	0	ID=20_9;partial=00;start_type=ATG;rbs_motif=None;rbs_spacer=None;gc_cont=0.386;conf=99.99;score=40.47;cscore=46.13;sscore=-5.67;rscore=-9.56;uscore=0.32;tscore=2.49;
contig_14	Prodigal_v2.6.3	CDS	11503	11634	19.5	+	0	ID=20_10;partial=00;start_type=ATG;rbs_motif=GGAG/GAGG;rbs_spacer=5-10bp;gc_cont=0.295;conf=98.89;score=19.54;cscore=13.32;sscore=6.22;rscore=4.25;uscore=0.68;tscore=1.28;
contig_14	Prodigal_v2.6.3	CDS	11689	11949	15.1	+	0	ID=20_11;partial=00;start_type=TTG;rbs_motif=None;rbs_spacer=None;gc_cont=0.387;conf=97.00;score=15.12;cscore=27.78;sscore=-12.66;rscore=-9.56;uscore=0.91;tscore=-4.70;
contig_14	Prodigal_v2.6.3	CDS	12151	13488	172.4	+	0	ID=20_12;partial=00;start_type=ATG;rbs_motif=AGxAGG/AGGxGG;rbs_spacer=5-10bp;gc_cont=0.365;conf=100.00;score=172.44;cscore=159.45;sscore=13.00;rscore=9.68;uscore=1.49;tscore=2.49;
contig_14	Prodigal_v2.6.3	CDS	13491	13769	4.3	+	0	ID=20_13;partial=00;start_type=GTG;rbs_motif=None;rbs_spacer=None;gc_cont=0.394;conf=72.74;score=4.27;cscore=13.21;sscore=-8.94;rscore=-9.56;uscore=2.98;tscore=-3.61;
contig_14	Prodigal_v2.6.3	CDS	13834	14526	154.1	-	0	ID=20_14;partial=00;start_type=ATG;rbs_motif=AGGAGG;rbs_spacer=5-10bp;gc_cont=0.355;conf=100.00;score=154.13;cscore=135.62;sscore=18.52;rscore=13.75;uscore=2.28;tscore=2.49;
contig_14	Prodigal_v2.6.3	CDS	14588	15205	77.0	-	0	ID=20_15;partial=00;start_type=ATG;rbs_motif=GGAGG;rbs_spacer=5-10bp;gc_cont=0.359;conf=100.00;score=76.99;cscore=58.10;sscore=18.89;rscore=12.75;uscore=3.65;tscore=2.49;
contig_14	Prodigal_v2.6.3	CDS	15285	15473	23.9	-	0	ID=20_16;partial=00;start_type=GTG;rbs_motif=AGGAG;rbs_spacer=5-10bp;gc_cont=0.280;conf=99.59;score=23.90;cscore=19.09;sscore=4.82;rscore=9.09;uscore=1.23;tscore=-4.85;
contig_14	Prodigal_v2.6.3	CDS	15597	15785	23.1	+	0	ID=20_17;partial=00;start_type=ATG;rbs_motif=GGAG/GAGG;rbs_spacer=5-10bp;gc_cont=0.291;conf=99.51;score=23.07;cscore=13.19;sscore=9.89;rscore=6.13;uscore=1.90;tscore=1.85;
contig_14	Prodigal_v2.6.3	CDS	15878	16054	29.6	+	0	ID=20_18;partial=00;start_type=ATG;rbs_motif=GGAGG;rbs_spacer=5-10bp;gc_cont=0.350;conf=99.89;score=29.61;cscore=17.95;sscore=11.66;rscore=8.88;uscore=1.05;tscore=1.73;
contig_14	Prodigal_v2.6.3	CDS	16354	17220	161.5	+	0	ID=20_19;partial=00;start_type=ATG;rbs_motif=AGGAG;rbs_spacer=5-10bp;gc_cont=0.385;conf=100.00;score=161.46;cscore=145.51;sscore=15.95;rscore=12.22;uscore=1.90;tscore=2.49;
contig_14	Prodigal_v2.6.3	CDS	17289	17681	75.7	-	0	ID=20_20;partial=00;start_type=ATG;rbs_motif=AGGAG;rbs_spacer=5-10bp;gc_cont=0.372;conf=100.00;score=75.70;cscore=57.27;sscore=18.43;rscore=12.22;uscore=4.38;tscore=2.49;
contig_14	Prodigal_v2.6.3	CDS	17840	18160	44.5	+	0	ID=20_21;partial=00;start_type=TTG;rbs_motif=AGxAGG/AGGxGG;rbs_spacer=5-10bp;gc_cont=0.358;conf=100.00;score=44.45;cscore=36.25;sscore=8.21;rscore=9.68;uscore=3.22;tscore=-4.70;
contig_14	Prodigal_v2.6.3	CDS	18364	19686	138.7	+	0	ID=20_22;partial=00;start_type=ATG;rbs_motif=AGGAGG;rbs_spacer=5-10bp;gc_cont=0.347;conf=100.00;score=138.73;cscore=119.59;sscore=19.13;rscore=13.75;uscore=3.55;tscore=2.49;
contig_14	Prodigal_v2.6.3	CDS	19752	20390	116.0	+	0	ID=20_23;partial=00;start_type=TTG;rbs_motif=AGGAG;rbs_spacer=5-10bp;gc_cont=0.352;conf=100.00;score=116.00;cscore=103.77;sscore=12.24;rscore=12.22;uscore=4.71;tscore=-4.70;
contig_14	Prodigal_v2.6.3	CDS	20438	20653	23.4	+	0	ID=20_24;partial=00;start_type=GTG;rbs_motif=GGA/GAG/AGG;rbs_spacer=11-12bp;gc_cont=0.380;conf=99.54;score=23.40;cscore=27.68;sscore=-4.27;rscore=-0.93;uscore=0.13;tscore=-4.24;
contig_14	Prodigal_v2.6.3	CDS	20819	22366	234.7	+	0	ID=20_25;partial=00;start_type=TTG;rbs_motif=AGGA;rbs_spacer=5-10bp;gc_cont=0.363;conf=99.99;score=234.73;cscore=234.00;sscore=0.72;rscore=4.23;uscore=1.19;tscore=-4.70;
contig_14	Prodigal_v2.6.3	CDS	22363	24519	344.2	+	0	ID=20_26;partial=00;start_type=ATG;rbs_motif=AGxAGG/AGGxGG;rbs_spacer=11-12bp;gc_cont=0.375;conf=99.99;score=344.18;cscore=331.36;sscore=12.82;rscore=6.48;uscore=2.56;tscore=2.49;
contig_14	Prodigal_v2.6.3	CDS	24549	26555	252.4	+	0	ID=20_27;partial=00;start_type=ATG;rbs_motif=GGAG/GAGG;rbs_spacer=5-10bp;gc_cont=0.352;conf=99.99;score=252.41;cscore=242.26;sscore=10.14;rscore=8.24;uscore=-1.54;tscore=2.49;
contig_14	Prodigal_v2.6.3	CDS	26602	27213	102.5	-	0	ID=20_28;partial=00;start_type=ATG;rbs_motif=AGGAGG;rbs_spacer=11-12bp;gc_cont=0.330;conf=100.00;score=102.46;cscore=84.95;sscore=17.51;rscore=10.68;uscore=5.00;tscore=2.49;
contig_14	Prodigal_v2.6.3	CDS	27449	28342	153.4	+	0	ID=20_29;partial=00;start_type=ATG;rbs_motif=GGAGG;rbs_spacer=5-10bp;gc_cont=0.377;conf=100.00;score=153.38;cscore=136.66;sscore=16.72;rscore=12.75;uscore=1.48;tscore=2.49;
contig_14	Prodigal_v2.6.3	CDS	28358	29887	232.7	+	0	ID=20_30;partial=00;start_type=ATG;rbs_motif=AGGAGG;rbs_spacer=5-10bp;gc_cont=0.412;conf=99.99;score=232.66;cscore=210.79;sscore=21.87;rscore=13.75;uscore=4.52;tscore=2.49;
contig_14	Prodigal_v2.6.3	CDS	29941	31257	198.7	+	0	ID=20_31;partial=00;start_type=ATG;rbs_motif=GGxGG;rbs_spacer=5-10bp;gc_cont=0.415;conf=99.99;score=198.73;cscore=185.67;sscore=13.05;rscore=6.77;uscore=3.10;tscore=2.49;
contig_14	Prodigal_v2.6.3	CDS	31270	32031	153.3	+	0	ID=20_32;partial=00;start_type=ATG;rbs_motif=AGGAGG;rbs_spacer=5-10bp;gc_cont=0.402;conf=100.00;score=153.30;cscore=136.61;sscore=16.69;rscore=13.75;uscore=-0.69;tscore=2.49;
contig_14	Prodigal_v2.6.3	CDS	32047	33039	135.5	+	0	ID=20_33;partial=00;start_type=ATG;rbs_motif=AGGAGG;rbs_spacer=5-10bp;gc_cont=0.412;conf=100.00;score=135.46;cscore=118.79;sscore=16.66;rscore=13.75;uscore=-0.69;tscore=2.49;
contig_14	Prodigal_v2.6.3	CDS	33044	33229	7.2	+	0	ID=20_34;partial=00;start_type=ATG;rbs_motif=None;rbs_spacer=None;gc_cont=0.382;conf=83.99;score=7.21;cscore=21.37;sscore=-14.16;rscore=-13.06;uscore=-2.92;tscore=1.82;
contig_14	Prodigal_v2.6.3	CDS	33381	33647	49.3	+	0	ID=20_35;partial=00;start_type=ATG;rbs_motif=AGxAGG/AGGxGG;rbs_spacer=5-10bp;gc_cont=0.431;conf=100.00;score=49.29;cscore=36.61;sscore=12.68;rscore=9.68;uscore=0.52;tscore=2.49;
contig_14	Prodigal_v2.6.3	CDS	33601	34152	76.7	+	0	ID=20_36;partial=00;start_type=TTG;rbs_motif=AGGA/GGAG/GAGG;rbs_spacer=11-12bp;gc_cont=0.426;conf=100.00;score=76.69;cscore=79.43;sscore=-2.74;rscore=3.18;uscore=-1.22;tscore=-4.70;
contig_14	Prodigal_v2.6.3	CDS	34216	34455	36.4	+	0	ID=20_37;partial=00;start_type=ATG;rbs_motif=AGGAG;rbs_spacer=5-10bp;gc_cont=0.333;conf=99.98;score=36.44;cscore=22.03;sscore=14.40;rscore=11.59;uscore=0.46;tscore=2.36;
contig_14	Prodigal_v2.6.3	CDS	34654	35094	64.7	+	0	ID=20_38;partial=00;start_type=ATG;rbs_motif=AGGAG;rbs_spacer=5-10bp;gc_cont=0.349;conf=100.00;score=64.73;cscore=49.81;sscore=14.92;rscore=12.22;uscore=0.87;tscore=2.49;
contig_14	Prodigal_v2.6.3	CDS	35210	35548	38.8	+	0	ID=20_39;partial=00;start_type=ATG;rbs_motif=None;rbs_spacer=None;gc_cont=0.395;conf=99.99;score=38.83;cscore=43.62;sscore=-4.78;rscore=-9.56;uscore=2.29;tscore=2.49;
contig_14	Prodigal_v2.6.3	CDS	35553	36047	41.6	+	0	ID=20_40;partial=00;start_type=GTG;rbs_motif=None;rbs_spacer=None;gc_cont=0.382;conf=99.99;score=41.60;cscore=53.72;sscore=-12.12;rscore=-9.56;uscore=-0.18;tscore=-3.61;
contig_14	Prodigal_v2.6.3	CDS	36209	36415	8.4	+	0	ID=20_41;partial=00;start_type=TTG;rbs_motif=GGA/GAG/AGG;rbs_spacer=5-10bp;gc_cont=0.430;conf=87.31;score=8.39;cscore=12.62;sscore=-4.23;rscore=-0.55;uscore=2.08;tscore=-5.76;
contig_14	Prodigal_v2.6.3	CDS	36405	38600	317.8	+	0	ID=20_42;partial=00;start_type=ATG;rbs_motif=4Base/6BMM;rbs_spacer=13-15bp;gc_cont=0.364;conf=99.99;score=317.82;cscore=316.44;sscore=1.38;rscore=-3.98;uscore=1.66;tscore=2.49;
contig_14	Prodigal_v2.6.3	CDS	38600	39535	192.8	+	0	ID=20_43;partial=00;start_type=ATG;rbs_motif=AGGAG;rbs_spacer=5-10bp;gc_cont=0.376;conf=99.99;score=192.82;cscore=175.23;sscore=17.59;rscore=12.22;uscore=1.60;tscore=2.49;
contig_14	Prodigal_v2.6.3	CDS	39532	40377	99.9	+	0	ID=20_44;partial=00;start_type=ATG;rbs_motif=GGAG/GAGG;rbs_spacer=5-10bp;gc_cont=0.368;conf=100.00;score=99.93;cscore=87.23;sscore=12.70;rscore=8.24;uscore=0.68;tscore=2.49;
contig_14	Prodigal_v2.6.3	CDS	40390	41901	252.9	+	0	ID=20_45;partial=00;start_type=ATG;rbs_motif=AGGAGG;rbs_spacer=5-10bp;gc_cont=0.429;conf=99.99;score=252.95;cscore=235.86;sscore=17.08;rscore=13.75;uscore=-0.30;tscore=2.49;
contig_14	Prodigal_v2.6.3	CDS	41913	42908	169.4	+	0	ID=20_46;partial=00;start_type=ATG;rbs_motif=AGGAGG;rbs_spacer=5-10bp;gc_cont=0.408;conf=100.00;score=169.37;cscore=153.47;sscore=15.90;rscore=13.75;uscore=-1.49;tscore=2.49;
contig_14	Prodigal_v2.6.3	CDS	42905	43780	109.8	+	0	ID=20_47;partial=00;start_type=GTG;rbs_motif=GGA/GAG/AGG;rbs_spacer=5-10bp;gc_cont=0.416;conf=100.00;score=109.85;cscore=108.85;sscore=1.00;rscore=-0.45;uscore=3.32;tscore=-3.61;
contig_14	Prodigal_v2.6.3	CDS	43792	45537	252.2	+	0	ID=20_48;partial=00;start_type=TTG;rbs_motif=GGAG/GAGG;rbs_spacer=5-10bp;gc_cont=0.395;conf=99.99;score=252.16;cscore=246.04;sscore=6.12;rscore=8.24;uscore=1.42;tscore=-4.70;
contig_14	Prodigal_v2.6.3	CDS	45521	48118	445.2	+	0	ID=20_49;partial=00;start_type=GTG;rbs_motif=AGGAG/GGAGG;rbs_spacer=11-12bp;gc_cont=0.400;conf=99.99;score=445.16;cscore=438.16;sscore=7.00;rscore=9.05;uscore=0.40;tscore=-3.61;
contig_14	Prodigal_v2.6.3	CDS	48274	48774	65.5	-	0	ID=20_50;partial=00;start_type=ATG;rbs_motif=AGGAG;rbs_spacer=5-10bp;gc_cont=0.429;conf=100.00;score=65.54;cscore=52.89;sscore=12.65;rscore=12.22;uscore=-1.41;tscore=2.49;
contig_14	Prodigal_v2.6.3	CDS	49043	50239	172.2	-	0	ID=20_51;partial=00;start_type=ATG;rbs_motif=AGxAGG/AGGxGG;rbs_spacer=5-10bp;gc_cont=0.383;conf=100.00;score=172.19;cscore=158.48;sscore=13.71;rscore=9.68;uscore=2.20;tscore=2.49;
contig_14	Prodigal_v2.6.3	CDS	50731	51804	195.4	-	0	ID=20_52;partial=00;start_type=ATG;rbs_motif=GGAGG;rbs_spacer=5-10bp;gc_cont=0.373;conf=99.99;score=195.42;cscore=177.14;sscore=18.28;rscore=12.75;uscore=1.74;tscore=2.49;
contig_14	Prodigal_v2.6.3	CDS	51801	52598	119.6	-	0	ID=20_53;partial=00;start_type=ATG;rbs_motif=AGGAGG;rbs_spacer=5-10bp;gc_cont=0.362;conf=100.00;score=119.65;cscore=99.80;sscore=19.85;rscore=13.75;uscore=2.32;tscore=2.49;
contig_14	Prodigal_v2.6.3	CDS	52595	53404	84.2	-	0	ID=20_54;partial=00;start_type=ATG;rbs_motif=GGAG/GAGG;rbs_spacer=5-10bp;gc_cont=0.367;conf=100.00;score=84.23;cscore=71.14;sscore=13.09;rscore=8.24;uscore=1.14;tscore=2.49;
contig_14	Prodigal_v2.6.3	CDS	53394	54500	209.9	-	0	ID=20_55;partial=00;start_type=ATG;rbs_motif=AGGAGG;rbs_spacer=5-10bp;gc_cont=0.380;conf=99.99;score=209.86;cscore=195.14;sscore=14.72;rscore=13.75;uscore=-2.61;tscore=2.49;
contig_14	Prodigal_v2.6.3	CDS	54518	55060	102.0	-	0	ID=20_56;partial=00;start_type=ATG;rbs_motif=AGGAGG;rbs_spacer=5-10bp;gc_cont=0.344;conf=100.00;score=101.96;cscore=89.64;sscore=12.31;rscore=13.75;uscore=-3.27;tscore=2.49;
contig_14	Prodigal_v2.6.3	CDS	55374	56009	103.6	+	0	ID=20_57;partial=00;start_type=TTG;rbs_motif=GGAG/GAGG;rbs_spacer=5-10bp;gc_cont=0.388;conf=100.00;score=103.57;cscore=100.10;sscore=3.47;rscore=8.24;uscore=-0.07;tscore=-4.70;
contig_14	Prodigal_v2.6.3	CDS	56159	56614	94.7	+	0	ID=20_58;partial=00;start_type=ATG;rbs_motif=AGGAGG;rbs_spacer=5-10bp;gc_cont=0.386;conf=100.00;score=94.68;cscore=79.04;sscore=15.64;rscore=13.75;uscore=-0.60;tscore=2.49;
contig_14	Prodigal_v2.6.3	CDS	56753	57418	135.8	+	0	ID=20_59;partial=00;start_type=ATG;rbs_motif=GGAGG;rbs_spacer=5-10bp;gc_cont=0.372;conf=100.00;score=135.76;cscore=121.55;sscore=14.21;rscore=12.75;uscore=-1.03;tscore=2.49;
contig_14	Prodigal_v2.6.3	CDS	57425	57904	53.9	+	0	ID=20_60;partial=00;start_type=ATG;rbs_motif=None;rbs_spacer=None;gc_cont=0.348;conf=100.00;score=53.95;cscore=58.71;sscore=-4.76;rscore=-9.56;uscore=1.11;tscore=2.49;
contig_14	Prodigal_v2.6.3	CDS	58038	59141	138.4	+	0	ID=20_61;partial=00;start_type=ATG;rbs_motif=AGxAGG/AGGxGG;rbs_spacer=5-10bp;gc_cont=0.362;conf=100.00;score=138.37;cscore=122.40;sscore=15.98;rscore=9.68;uscore=3.81;tscore=2.49;
contig_14	Prodigal_v2.6.3	CDS	59159	59305	10.6	+	0	ID=20_62;partial=00;start_type=ATG;rbs_motif=GGA/GAG/AGG;rbs_spacer=11-12bp;gc_cont=0.395;conf=91.95;score=10.59;cscore=8.27;sscore=2.32;rscore=-1.37;uscore=1.17;tscore=1.43;
contig_14	Prodigal_v2.6.3	CDS	59277	59792	61.5	+	0	ID=20_63;partial=00;start_type=ATG;rbs_motif=AGGAG/GGAGG;rbs_spacer=11-12bp;gc_cont=0.390;conf=100.00;score=61.46;cscore=47.43;sscore=14.03;rscore=9.05;uscore=2.49;tscore=2.49;
contig_14	Prodigal_v2.6.3	CDS	59789	60769	111.5	+	0	ID=20_64;partial=00;start_type=ATG;rbs_motif=AGGA;rbs_spacer=5-10bp;gc_cont=0.391;conf=100.00;score=111.49;cscore=102.04;sscore=9.45;rscore=4.23;uscore=1.44;tscore=2.49;
contig_14	Prodigal_v2.6.3	CDS	60807	61349	79.1	-	0	ID=20_65;partial=00;start_type=ATG;rbs_motif=AGxAGG/AGGxGG;rbs_spacer=5-10bp;gc_cont=0.370;conf=100.00;score=79.14;cscore=67.67;sscore=11.47;rscore=9.68;uscore=-0.70;tscore=2.49;
contig_14	Prodigal_v2.6.3	CDS	61446	61649	34.8	-	0	ID=20_66;partial=00;start_type=ATG;rbs_motif=GGAG/GAGG;rbs_spacer=5-10bp;gc_cont=0.333;conf=99.97;score=34.82;cscore=23.02;sscore=11.81;rscore=6.63;uscore=3.18;tscore=2.00;
contig_14	Prodigal_v2.6.3	CDS	61826	63088	184.2	-	0	ID=20_67;partial=00;start_type=ATG;rbs_motif=GGAG/GAGG;rbs_spacer=5-10bp;gc_cont=0.391;conf=99.99;score=184.23;cscore=168.53;sscore=15.70;rscore=8.24;uscore=5.62;tscore=2.49;
contig_14	Prodigal_v2.6.3	CDS	63484	65085	260.7	+	0	ID=20_68;partial=00;start_type=ATG;rbs_motif=AGGA;rbs_spacer=5-10bp;gc_cont=0.353;conf=99.99;score=260.65;cscore=251.25;sscore=9.40;rscore=4.23;uscore=2.69;tscore=2.49;
contig_14	Prodigal_v2.6.3	CDS	65086	65793	123.2	+	0	ID=20_69;partial=00;start_type=ATG;rbs_motif=AGGAG;rbs_spacer=5-10bp;gc_cont=0.360;conf=100.00;score=123.23;cscore=105.59;sscore=17.63;rscore=12.22;uscore=1.65;tscore=2.49;
contig_14	Prodigal_v2.6.3	CDS	66168	67406	152.8	-	0	ID=20_70;partial=00;start_type=TTG;rbs_motif=GGA/GAG/AGG;rbs_spacer=5-10bp;gc_cont=0.390;conf=100.00;score=152.83;cscore=159.20;sscore=-6.37;rscore=-0.45;uscore=-0.57;tscore=-4.70;
contig_14	Prodigal_v2.6.3	CDS	67954	69522	204.3	+	0	ID=20_71;partial=00;start_type=ATG;rbs_motif=GGAG/GAGG;rbs_spacer=5-10bp;gc_cont=0.389;conf=99.99;score=204.29;cscore=189.19;sscore=15.09;rscore=8.24;uscore=4.37;tscore=2.49;
contig_14	Prodigal_v2.6.3	CDS	69583	70713	216.7	-	0	ID=20_72;partial=00;start_type=ATG;rbs_motif=None;rbs_spacer=None;gc_cont=0.378;conf=99.99;score=216.71;cscore=212.93;sscore=3.78;rscore=-9.56;uscore=-0.32;tscore=2.49;
contig_14	Prodigal_v2.6.3	CDS	70710	72671	333.3	-	0	ID=20_73;partial=00;start_type=GTG;rbs_motif=GGA/GAG/AGG;rbs_spacer=5-10bp;gc_cont=0.380;conf=99.99;score=333.26;cscore=333.15;sscore=0.11;rscore=-0.45;uscore=4.82;tscore=-3.61;
contig_14	Prodigal_v2.6.3	CDS	72771	73604	128.3	+	0	ID=20_74;partial=00;start_type=ATG;rbs_motif=AGGAG/GGAGG;rbs_spacer=11-12bp;gc_cont=0.324;conf=100.00;score=128.29;cscore=115.96;sscore=12.33;rscore=9.05;uscore=0.79;tscore=2.49;
contig_14	Prodigal_v2.6.3	CDS	73651	74439	65.7	-	0	ID=20_75;partial=00;start_type=ATG;rbs_motif=3Base/5BMM;rbs_spacer=13-15bp;gc_cont=0.365;conf=100.00;score=65.74;cscore=61.97;sscore=3.77;rscore=-6.44;uscore=-2.97;tscore=2.49;
contig_14	Prodigal_v2.6.3	CDS	74777	76195	157.3	-	0	ID=20_76;partial=00;start_type=ATG;rbs_motif=GGAG/GAGG;rbs_spacer=5-10bp;gc_cont=0.388;conf=100.00;score=157.29;cscore=147.77;sscore=9.52;rscore=8.24;uscore=-0.55;tscore=2.49;
contig_14	Prodigal_v2.6.3	CDS	76496	77005	75.7	-	0	ID=20_77;partial=00;start_type=ATG;rbs_motif=None;rbs_spacer=None;gc_cont=0.380;conf=100.00;score=75.73;cscore=82.00;sscore=-6.27;rscore=-9.56;uscore=0.80;tscore=2.49;
contig_14	Prodigal_v2.6.3	CDS	76975	78378	204.4	-	0	ID=20_78;partial=00;start_type=ATG;rbs_motif=AGGAG;rbs_spacer=5-10bp;gc_cont=0.390;conf=99.99;score=204.39;cscore=189.76;sscore=14.64;rscore=12.22;uscore=0.58;tscore=2.49;
contig_14	Prodigal_v2.6.3	CDS	78797	79585	129.5	+	0	ID=20_79;partial=00;start_type=ATG;rbs_motif=AGGA;rbs_spacer=5-10bp;gc_cont=0.379;conf=100.00;score=129.48;cscore=123.01;sscore=6.47;rscore=4.23;uscore=-0.25;tscore=2.49;
contig_14	Prodigal_v2.6.3	CDS	79644	80405	93.6	-	0	ID=20_80;partial=00;start_type=ATG;rbs_motif=GGAG/GAGG;rbs_spacer=5-10bp;gc_cont=0.354;conf=100.00;score=93.61;cscore=81.21;sscore=12.41;rscore=8.24;uscore=2.33;tscore=2.49;
contig_14	Prodigal_v2.6.3	CDS	80552	81304	90.8	+	0	ID=20_81;partial=00;start_type=TTG;rbs_motif=GGAG/GAGG;rbs_spacer=5-10bp;gc_cont=0.344;conf=100.00;score=90.83;cscore=85.78;sscore=5.05;rscore=8.24;uscore=1.51;tscore=-4.70;
contig_14	Prodigal_v2.6.3	CDS	81297	82928	163.3	+	0	ID=20_82;partial=00;start_type=ATG;rbs_motif=GGAG/GAGG;rbs_spacer=5-10bp;gc_cont=0.350;conf=100.00;score=163.28;cscore=150.81;sscore=12.47;rscore=8.24;uscore=0.49;tscore=2.49;
contig_14	Prodigal_v2.6.3	CDS	82925	83497	118.4	+	0	ID=20_83;partial=00;start_type=ATG;rbs_motif=GGAGG;rbs_spacer=5-10bp;gc_cont=0.386;conf=100.00;score=118.45;cscore=97.88;sscore=20.57;rscore=12.75;uscore=4.03;tscore=2.49;
contig_14	Prodigal_v2.6.3	CDS	83472	83909	69.9	+	0	ID=20_84;partial=00;start_type=GTG;rbs_motif=AGGA;rbs_spacer=5-10bp;gc_cont=0.393;conf=100.00;score=69.89;cscore=72.96;sscore=-3.08;rscore=4.23;uscore=-3.69;tscore=-3.61;
contig_14	Prodigal_v2.6.3	CDS	83923	85023	164.1	+	0	ID=20_85;partial=00;start_type=ATG;rbs_motif=AGGAG;rbs_spacer=5-10bp;gc_cont=0.378;conf=100.00;score=164.10;cscore=149.43;sscore=14.67;rscore=12.22;uscore=-1.17;tscore=2.49;
contig_14	Prodigal_v2.6.3	CDS	85013	85168	24.9	+	0	ID=20_86;partial=00;start_type=ATG;rbs_motif=GGxGG;rbs_spacer=5-10bp;gc_cont=0.385;conf=99.67;score=24.90;cscore=16.97;sscore=7.92;rscore=4.14;uscore=1.04;tscore=1.52;
contig_14	Prodigal_v2.6.3	CDS	85327	85827	69.2	+	0	ID=20_87;partial=00;start_type=GTG;rbs_motif=None;rbs_spacer=None;gc_cont=0.385;conf=100.00;score=69.19;cscore=81.33;sscore=-12.13;rscore=-9.56;uscore=1.03;tscore=-3.61;
contig_14	Prodigal_v2.6.3	CDS	85869	86426	82.8	-	0	ID=20_88;partial=00;start_type=ATG;rbs_motif=AGGA/GGAG/GAGG;rbs_spacer=11-12bp;gc_cont=0.380;conf=100.00;score=82.81;cscore=75.89;sscore=6.92;rscore=3.18;uscore=1.91;tscore=2.49;
contig_14	Prodigal_v2.6.3	CDS	87050	88003	161.3	+	0	ID=20_89;partial=00;start_type=ATG;rbs_motif=GGA/GAG/AGG;rbs_spacer=5-10bp;gc_cont=0.393;conf=100.00;score=161.28;cscore=159.09;sscore=2.19;rscore=-0.45;uscore=0.15;tscore=2.49;
contig_14	Prodigal_v2.6.3	CDS	87942	88919	217.2	+	0	ID=20_90;partial=00;start_type=ATG;rbs_motif=AGGAG/GGAGG;rbs_spacer=11-12bp;gc_cont=0.413;conf=99.99;score=217.18;cscore=201.29;sscore=15.89;rscore=9.05;uscore=4.35;tscore=2.49;
contig_14	Prodigal_v2.6.3	CDS	88967	90328	281.9	+	0	ID=20_91;partial=00;start_type=ATG;rbs_motif=AGGA;rbs_spacer=5-10bp;gc_cont=0.396;conf=99.99;score=281.88;cscore=271.53;sscore=10.35;rscore=4.23;uscore=2.87;tscore=2.49;
contig_14	Prodigal_v2.6.3	CDS	90334	91749	303.7	+	0	ID=20_92;partial=00;start_type=ATG;rbs_motif=GGAGG;rbs_spacer=5-10bp;gc_cont=0.402;conf=99.99;score=303.74;cscore=284.46;sscore=19.27;rscore=12.75;uscore=2.81;tscore=2.49;
contig_14	Prodigal_v2.6.3	CDS	92023	92805	134.6	+	0	ID=20_93;partial=00;start_type=ATG;rbs_motif=GGAGG;rbs_spacer=5-10bp;gc_cont=0.415;conf=100.00;score=134.60;cscore=117.73;sscore=16.87;rscore=12.75;uscore=2.28;tscore=2.49;
contig_14	Prodigal_v2.6.3	CDS	92858	94384	258.3	-	0	ID=20_94;partial=00;start_type=ATG;rbs_motif=AGGAG;rbs_spacer=5-10bp;gc_cont=0.384;conf=99.99;score=258.28;cscore=243.99;sscore=14.29;rscore=12.22;uscore=-1.52;tscore=2.49;
contig_14	Prodigal_v2.6.3	CDS	94400	94876	53.6	-	0	ID=20_95;partial=00;start_type=TTG;rbs_motif=GGAGG;rbs_spacer=5-10bp;gc_cont=0.317;conf=100.00;score=53.62;cscore=45.41;sscore=8.22;rscore=12.75;uscore=0.16;tscore=-4.70;
contig_14	Prodigal_v2.6.3	CDS	94969	95964	182.4	-	0	ID=20_96;partial=00;start_type=TTG;rbs_motif=4Base/6BMM;rbs_spacer=13-15bp;gc_cont=0.401;conf=99.99;score=182.42;cscore=188.56;sscore=-6.13;rscore=-3.98;uscore=2.54;tscore=-4.70;
contig_14	Prodigal_v2.6.3	CDS	96115	96804	94.4	-	0	ID=20_97;partial=00;start_type=ATG;rbs_motif=AGxAGG/AGGxGG;rbs_spacer=5-10bp;gc_cont=0.358;conf=100.00;score=94.37;cscore=80.22;sscore=14.15;rscore=9.68;uscore=0.80;tscore=2.49;
contig_14	Prodigal_v2.6.3	CDS	96791	98449	220.2	-	0	ID=20_98;partial=00;start_type=ATG;rbs_motif=None;rbs_spacer=None;gc_cont=0.345;conf=99.99;score=220.16;cscore=223.77;sscore=-3.61;rscore=-9.56;uscore=4.11;tscore=2.49;
contig_14	Prodigal_v2.6.3	CDS	98732	99190	52.1	+	0	ID=20_99;partial=00;start_type=GTG;rbs_motif=AGxAGG/AGGxGG;rbs_spacer=5-10bp;gc_cont=0.364;conf=100.00;score=52.15;cscore=45.24;sscore=6.91;rscore=9.68;uscore=0.84;tscore=-3.61;
contig_14	Prodigal_v2.6.3	CDS	99305	99514	3.5	+	0	ID=20_100;partial=00;start_type=ATG;rbs_motif=None;rbs_spacer=None;gc_cont=0.343;conf=69.18;score=3.52;cscore=18.12;sscore=-14.61;rscore=-11.54;uscore=-5.12;tscore=2.06;
contig_14	Prodigal_v2.6.3	CDS	99584	99907	14.3	+	0	ID=20_101;partial=00;start_type=GTG;rbs_motif=GGA/GAG/AGG;rbs_spacer=5-10bp;gc_cont=0.426;conf=96.39;score=14.28;cscore=21.81;sscore=-7.52;rscore=-0.45;uscore=-3.47;tscore=-3.61;
contig_14	Prodigal_v2.6.3	CDS	100124	100216	14.9	-	0	ID=20_102;partial=00;start_type=ATG;rbs_motif=None;rbs_spacer=None;gc_cont=0.333;conf=96.86;score=14.92;cscore=11.51;sscore=3.41;rscore=-26.55;uscore=1.22;tscore=0.90;
contig_14	Prodigal_v2.6.3	CDS	100213	101589	196.1	-	0	ID=20_103;partial=00;start_type=TTG;rbs_motif=AGxAGG/AGGxGG;rbs_spacer=5-10bp;gc_cont=0.391;conf=99.99;score=196.09;cscore=190.00;sscore=6.09;rscore=9.68;uscore=1.76;tscore=-4.70;
contig_14	Prodigal_v2.6.3	CDS	101735	101926	23.1	+	0	ID=20_104;partial=00;start_type=ATG;rbs_motif=GGAG/GAGG;rbs_spacer=5-10bp;gc_cont=0.396;conf=99.51;score=23.08;cscore=14.40;sscore=8.68;rscore=6.23;uscore=0.57;tscore=1.88;
contig_14	Prodigal_v2.6.3	CDS	101962	102693	123.1	+	0	ID=20_105;partial=00;start_type=ATG;rbs_motif=None;rbs_spacer=None;gc_cont=0.444;conf=100.00;score=123.12;cscore=128.29;sscore=-5.18;rscore=-9.56;uscore=1.00;tscore=2.49;
contig_14	Prodigal_v2.6.3	CDS	102713	103000	39.2	+	0	ID=20_106;partial=00;start_type=ATG;rbs_motif=GGA/GAG/AGG;rbs_spacer=11-12bp;gc_cont=0.389;conf=99.99;score=39.17;cscore=33.81;sscore=5.36;rscore=-0.79;uscore=2.60;tscore=2.49;
contig_14	Prodigal_v2.6.3	CDS	103104	103730	84.0	-	0	ID=20_107;partial=00;start_type=TTG;rbs_motif=AGGAG;rbs_spacer=5-10bp;gc_cont=0.370;conf=100.00;score=83.97;cscore=73.38;sscore=10.60;rscore=12.22;uscore=3.72;tscore=-4.70;
contig_14	Prodigal_v2.6.3	CDS	103857	104054	34.2	+	0	ID=20_108;partial=00;start_type=ATG;rbs_motif=AGGA;rbs_spacer=5-10bp;gc_cont=0.303;conf=99.96;score=34.20;cscore=23.94;sscore=10.25;rscore=3.30;uscore=5.02;tscore=1.94;
contig_14	Prodigal_v2.6.3	CDS	104267	105061	130.7	+	0	ID=20_109;partial=00;start_type=GTG;rbs_motif=GGxGG;rbs_spacer=5-10bp;gc_cont=0.384;conf=100.00;score=130.75;cscore=127.69;sscore=3.06;rscore=6.77;uscore=0.56;tscore=-3.61;
contig_14	Prodigal_v2.6.3	CDS	105104	105289	31.4	-	0	ID=20_110;partial=00;start_type=ATG;rbs_motif=AGGAGG;rbs_spacer=5-10bp;gc_cont=0.398;conf=99.93;score=31.40;cscore=18.13;sscore=13.28;rscore=10.07;uscore=2.04;tscore=1.82;
contig_14	Prodigal_v2.6.3	CDS	105428	107272	382.6	+	0	ID=20_111;partial=00;start_type=ATG;rbs_motif=GGAG/GAGG;rbs_spacer=5-10bp;gc_cont=0.382;conf=99.99;score=382.57;cscore=367.49;sscore=15.08;rscore=8.24;uscore=4.35;tscore=2.49;
contig_14	Prodigal_v2.6.3	CDS	107303	107701	45.9	+	0	ID=20_112;partial=00;start_type=TTG;rbs_motif=AGGA;rbs_spacer=5-10bp;gc_cont=0.343;conf=100.00;score=45.86;cscore=47.12;sscore=-1.26;rscore=4.23;uscore=-1.74;tscore=-4.70;
contig_14	Prodigal_v2.6.3	CDS	107917	108909	167.3	+	0	ID=20_113;partial=00;start_type=ATG;rbs_motif=AGGAGG;rbs_spacer=5-10bp;gc_cont=0.392;conf=100.00;score=167.30;cscore=153.67;sscore=13.64;rscore=13.75;uscore=-1.95;tscore=2.49;
contig_14	Prodigal_v2.6.3	CDS	108911	109678	110.3	+	0	ID=20_114;partial=00;start_type=ATG;rbs_motif=GGA/GAG/AGG;rbs_spacer=11-12bp;gc_cont=0.382;conf=100.00;score=110.35;cscore=105.75;sscore=4.60;rscore=-0.79;uscore=1.64;tscore=2.49;
contig_14	Prodigal_v2.6.3	CDS	109671	110465	98.6	+	0	ID=20_115;partial=00;start_type=TTG;rbs_motif=AGGAG;rbs_spacer=5-10bp;gc_cont=0.353;conf=100.00;score=98.57;cscore=88.53;sscore=10.04;rscore=12.22;uscore=1.27;tscore=-4.70;
contig_14	Prodigal_v2.6.3	CDS	110520	110723	20.1	-	0	ID=20_116;partial=00;start_type=ATG;rbs_motif=AGGAGG;rbs_spacer=5-10bp;gc_cont=0.343;conf=99.03;score=20.12;cscore=6.62;sscore=13.50;rscore=11.06;uscore=-0.71;tscore=2.00;
contig_14	Prodigal_v2.6.3	CDS	110735	111235	88.1	-	0	ID=20_117;partial=00;start_type=ATG;rbs_motif=AGGAGG;rbs_spacer=5-10bp;gc_cont=0.367;conf=100.00;score=88.14;cscore=71.08;sscore=17.06;rscore=13.75;uscore=1.47;tscore=2.49;
contig_14	Prodigal_v2.6.3	CDS	111418	111798	43.0	+	0	ID=20_118;partial=00;start_type=ATG;rbs_motif=GGxGG;rbs_spacer=5-10bp;gc_cont=0.365;conf=99.99;score=42.99;cscore=30.27;sscore=12.71;rscore=6.77;uscore=3.46;tscore=2.49;
contig_14	Prodigal_v2.6.3	CDS	111761	112942	155.3	+	0	ID=20_119;partial=00;start_type=ATG;rbs_motif=GGAG/GAGG;rbs_spacer=5-10bp;gc_cont=0.366;conf=100.00;score=155.32;cscore=146.10;sscore=9.22;rscore=8.24;uscore=-1.50;tscore=2.49;
contig_14	Prodigal_v2.6.3	CDS	112955	113902	179.0	+	0	ID=20_120;partial=00;start_type=ATG;rbs_motif=AGxAGG/AGGxGG;rbs_spacer=5-10bp;gc_cont=0.410;conf=99.99;score=178.95;cscore=163.67;sscore=15.28;rscore=9.68;uscore=1.97;tscore=2.49;
contig_14	Prodigal_v2.6.3	CDS	113874	114128	2.8	+	0	ID=20_121;partial=00;start_type=GTG;rbs_motif=None;rbs_spacer=None;gc_cont=0.451;conf=65.45;score=2.78;cscore=19.11;sscore=-16.33;rscore=-9.56;uscore=-3.17;tscore=-3.61;
contig_14	Prodigal_v2.6.3	CDS	114073	114363	21.3	+	0	ID=20_122;partial=00;start_type=GTG;rbs_motif=GGxGG;rbs_spacer=5-10bp;gc_cont=0.395;conf=99.26;score=21.30;cscore=20.91;sscore=0.39;rscore=6.77;uscore=-2.77;tscore=-3.61;
contig_14	Prodigal_v2.6.3	CDS	114333	114698	30.0	+	0	ID=20_123;partial=00;start_type=GTG;rbs_motif=GGA/GAG/AGG;rbs_spacer=5-10bp;gc_cont=0.443;conf=99.90;score=30.01;cscore=32.62;sscore=-2.62;rscore=-0.45;uscore=1.44;tscore=-3.61;
contig_14	Prodigal_v2.6.3	CDS	114764	115216	40.6	+	0	ID=20_124;partial=00;start_type=GTG;rbs_motif=GGA/GAG/AGG;rbs_spacer=11-12bp;gc_cont=0.411;conf=99.99;score=40.59;cscore=47.79;sscore=-7.20;rscore=-0.79;uscore=-2.80;tscore=-3.61;
contig_14	Prodigal_v2.6.3	CDS	115162	115812	71.0	+	0	ID=20_125;partial=00;start_type=TTG;rbs_motif=None;rbs_spacer=None;gc_cont=0.404;conf=100.00;score=70.96;cscore=83.73;sscore=-12.78;rscore=-9.56;uscore=1.48;tscore=-4.70;
contig_14	Prodigal_v2.6.3	CDS	115826	116323	57.2	+	0	ID=20_126;partial=00;start_type=GTG;rbs_motif=None;rbs_spacer=None;gc_cont=0.390;conf=100.00;score=57.16;cscore=69.26;sscore=-12.10;rscore=-9.56;uscore=-0.06;tscore=-3.61;
contig_14	Prodigal_v2.6.3	CDS	116750	117145	38.2	+	0	ID=20_127;partial=00;start_type=TTG;rbs_motif=None;rbs_spacer=None;gc_cont=0.407;conf=99.98;score=38.23;cscore=54.44;sscore=-16.22;rscore=-9.56;uscore=-1.31;tscore=-4.70;
contig_14	Prodigal_v2.6.3	CDS	117138	117251	3.5	+	0	ID=20_128;partial=00;start_type=ATG;rbs_motif=GGAG/GAGG;rbs_spacer=5-10bp;gc_cont=0.333;conf=69.18;score=3.52;cscore=-3.36;sscore=6.87;rscore=3.66;uscore=1.36;tscore=1.10;
contig_14	Prodigal_v2.6.3	CDS	117390	118313	94.4	-	0	ID=20_129;partial=00;start_type=ATG;rbs_motif=AGxAGG/AGGxGG;rbs_spacer=11-12bp;gc_cont=0.377;conf=100.00;score=94.40;cscore=84.81;sscore=9.58;rscore=6.48;uscore=1.27;tscore=2.49;
contig_14	Prodigal_v2.6.3	CDS	118650	119567	95.8	+	0	ID=20_130;partial=00;start_type=ATG;rbs_motif=AGGAG;rbs_spacer=5-10bp;gc_cont=0.394;conf=100.00;score=95.77;cscore=79.63;sscore=16.14;rscore=12.22;uscore=1.43;tscore=2.49;
contig_14	Prodigal_v2.6.3	CDS	119667	120755	182.0	+	0	ID=20_131;partial=00;start_type=ATG;rbs_motif=4Base/6BMM;rbs_spacer=13-15bp;gc_cont=0.373;conf=99.99;score=182.00;cscore=179.15;sscore=2.85;rscore=-3.98;uscore=4.35;tscore=2.49;
contig_14	Prodigal_v2.6.3	CDS	120796	122679	284.5	+	0	ID=20_132;partial=00;start_type=GTG;rbs_motif=GGAGG;rbs_spacer=5-10bp;gc_cont=0.393;conf=99.99;score=284.51;cscore=272.87;sscore=11.64;rscore=12.75;uscore=1.66;tscore=-3.61;
contig_14	Prodigal_v2.6.3	CDS	122679	123305	86.7	+	0	ID=20_133;partial=00;start_type=ATG;rbs_motif=AGGAGG;rbs_spacer=5-10bp;gc_cont=0.365;conf=100.00;score=86.72;cscore=67.75;sscore=18.97;rscore=13.75;uscore=1.45;tscore=2.49;
contig_14	Prodigal_v2.6.3	CDS	123305	123649	44.6	+	0	ID=20_134;partial=00;start_type=ATG;rbs_motif=GGAG/GAGG;rbs_spacer=5-10bp;gc_cont=0.342;conf=100.00;score=44.62;cscore=31.74;sscore=12.88;rscore=8.24;uscore=0.87;tscore=2.49;
contig_14	Prodigal_v2.6.3	CDS	123830	124753	116.2	+	0	ID=20_135;partial=00;start_type=ATG;rbs_motif=AGGAG;rbs_spacer=5-10bp;gc_cont=0.354;conf=100.00;score=116.20;cscore=99.08;sscore=17.12;rscore=12.22;uscore=3.07;tscore=2.49;
contig_14	Prodigal_v2.6.3	CDS	124794	125255	56.0	+	0	ID=20_136;partial=00;start_type=ATG;rbs_motif=GGA/GAG/AGG;rbs_spacer=5-10bp;gc_cont=0.335;conf=100.00;score=55.97;cscore=51.39;sscore=4.58;rscore=-0.45;uscore=1.71;tscore=2.49;
contig_14	Prodigal_v2.6.3	CDS	125270	126331	82.3	-	0	ID=20_137;partial=00;start_type=ATG;rbs_motif=GGA/GAG/AGG;rbs_spacer=5-10bp;gc_cont=0.319;conf=100.00;score=82.29;cscore=78.43;sscore=3.86;rscore=-0.45;uscore=1.82;tscore=2.49;
contig_14	Prodigal_v2.6.3	CDS	126477	126878	67.1	-	0	ID=20_138;partial=00;start_type=ATG;rbs_motif=AGGAGG;rbs_spacer=5-10bp;gc_cont=0.363;conf=100.00;score=67.08;cscore=52.41;sscore=14.67;rscore=13.75;uscore=-0.91;tscore=2.49;
contig_14	Prodigal_v2.6.3	CDS	127026	128180	174.4	+	0	ID=20_139;partial=00;start_type=ATG;rbs_motif=AGGAG;rbs_spacer=5-10bp;gc_cont=0.377;conf=100.00;score=174.40;cscore=157.43;sscore=16.97;rscore=12.22;uscore=2.26;tscore=2.49;
contig_14	Prodigal_v2.6.3	CDS	128332	129804	219.0	+	0	ID=20_140;partial=00;start_type=TTG;rbs_motif=AGxAGG/AGGxGG;rbs_spacer=5-10bp;gc_cont=0.382;conf=99.99;score=219.02;cscore=213.00;sscore=6.02;rscore=9.68;uscore=1.04;tscore=-4.70;
contig_14	Prodigal_v2.6.3	CDS	129785	130285	81.1	-	0	ID=20_141;partial=00;start_type=ATG;rbs_motif=GGAG/GAGG;rbs_spacer=5-10bp;gc_cont=0.431;conf=100.00;score=81.12;cscore=66.56;sscore=14.56;rscore=8.24;uscore=4.49;tscore=2.49;
contig_14	Prodigal_v2.6.3	CDS	130373	130819	49.8	+	0	ID=20_142;partial=00;start_type=ATG;rbs_motif=GGxGG;rbs_spacer=5-10bp;gc_cont=0.418;conf=100.00;score=49.76;cscore=39.51;sscore=10.25;rscore=6.77;uscore=0.99;tscore=2.49;
contig_14	Prodigal_v2.6.3	CDS	130927	131979	177.4	+	0	ID=20_143;partial=00;start_type=ATG;rbs_motif=AGGAGG;rbs_spacer=5-10bp;gc_cont=0.392;conf=100.00;score=177.38;cscore=159.81;sscore=17.57;rscore=13.75;uscore=1.33;tscore=2.49;
contig_14	Prodigal_v2.6.3	CDS	132070	132981	169.5	-	0	ID=20_144;partial=00;start_type=ATG;rbs_motif=AGGAGG;rbs_spacer=5-10bp;gc_cont=0.391;conf=100.00;score=169.45;cscore=153.81;sscore=15.64;rscore=13.75;uscore=0.06;tscore=2.49;
contig_14	Prodigal_v2.6.3	CDS	133381	133653	32.8	+	0	ID=20_145;partial=00;start_type=ATG;rbs_motif=GGAG/GAGG;rbs_spacer=5-10bp;gc_cont=0.366;conf=99.95;score=32.77;cscore=20.28;sscore=12.49;rscore=8.24;uscore=1.77;tscore=2.49;
contig_14	Prodigal_v2.6.3	CDS	133656	134045	46.2	-	0	ID=20_146;partial=00;start_type=ATG;rbs_motif=AGGA/GGAG/GAGG;rbs_spacer=11-12bp;gc_cont=0.341;conf=100.00;score=46.24;cscore=39.60;sscore=6.64;rscore=3.18;uscore=1.63;tscore=2.49;
contig_14	Prodigal_v2.6.3	CDS	134102	135523	208.2	+	0	ID=20_147;partial=00;start_type=ATG;rbs_motif=GGAGG;rbs_spacer=5-10bp;gc_cont=0.355;conf=99.99;score=208.24;cscore=196.04;sscore=12.19;rscore=12.75;uscore=-3.05;tscore=2.49;
contig_14	Prodigal_v2.6.3	CDS	135595	136161	76.1	+	0	ID=20_148;partial=00;start_type=ATG;rbs_motif=GGA/GAG/AGG;rbs_spacer=5-10bp;gc_cont=0.376;conf=100.00;score=76.09;cscore=73.67;sscore=2.41;rscore=-0.45;uscore=0.38;tscore=2.49;
contig_14	Prodigal_v2.6.3	CDS	136163	136654	71.8	+	0	ID=20_149;partial=00;start_type=TTG;rbs_motif=GGAG/GAGG;rbs_spacer=5-10bp;gc_cont=0.350;conf=100.00;score=71.82;cscore=66.52;sscore=5.29;rscore=8.24;uscore=0.49;tscore=-4.70;
contig_14	Prodigal_v2.6.3	CDS	136714	137613	54.7	-	0	ID=20_150;partial=00;start_type=ATG;rbs_motif=GGA/GAG/AGG;rbs_spacer=5-10bp;gc_cont=0.367;conf=100.00;score=54.68;cscore=51.46;sscore=3.23;rscore=-0.45;uscore=1.84;tscore=2.49;
contig_14	Prodigal_v2.6.3	CDS	137732	138778	170.7	+	0	ID=20_151;partial=00;start_type=GTG;rbs_motif=AGGAGG;rbs_spacer=5-10bp;gc_cont=0.369;conf=100.00;score=170.73;cscore=162.82;sscore=7.91;rscore=13.75;uscore=-2.24;tscore=-3.61;
contig_14	Prodigal_v2.6.3	CDS	138823	140034	137.3	-	0	ID=20_152;partial=00;start_type=ATG;rbs_motif=AGxAGG/AGGxGG;rbs_spacer=5-10bp;gc_cont=0.403;conf=100.00;score=137.30;cscore=123.31;sscore=13.99;rscore=9.68;uscore=2.48;tscore=2.49;
contig_14	Prodigal_v2.6.3	CDS	140124	140735	80.3	+	0	ID=20_153;partial=00;start_type=GTG;rbs_motif=AGxAGG/AGGxGG;rbs_spacer=5-10bp;gc_cont=0.405;conf=100.00;score=80.30;cscore=71.95;sscore=8.34;rscore=9.68;uscore=2.27;tscore=-3.61;
contig_14	Prodigal_v2.6.3	CDS	140760	140933	8.6	+	0	ID=20_154;partial=00;start_type=ATG;rbs_motif=AGGAGG;rbs_spacer=5-10bp;gc_cont=0.385;conf=87.72;score=8.55;cscore=-2.92;sscore=11.47;rscore=9.41;uscore=-0.15;tscore=1.70;
contig_14	Prodigal_v2.6.3	CDS	141097	141864	119.1	+	0	ID=20_155;partial=00;start_type=ATG;rbs_motif=AGxAGG/AGGxGG;rbs_spacer=5-10bp;gc_cont=0.404;conf=100.00;score=119.06;cscore=105.73;sscore=13.33;rscore=9.68;uscore=1.16;tscore=2.49;
contig_14	Prodigal_v2.6.3	CDS	141976	142353	54.8	+	0	ID=20_156;partial=00;start_type=ATG;rbs_motif=GGAG/GAGG;rbs_spacer=5-10bp;gc_cont=0.392;conf=100.00;score=54.77;cscore=44.29;sscore=10.47;rscore=8.24;uscore=-0.25;tscore=2.49;
contig_14	Prodigal_v2.6.3	CDS	142731	143633	99.1	+	0	ID=20_157;partial=00;start_type=ATG;rbs_motif=GGA/GAG/AGG;rbs_spacer=5-10bp;gc_cont=0.383;conf=100.00;score=99.12;cscore=95.79;sscore=3.33;rscore=-0.45;uscore=1.94;tscore=2.49;
contig_14	Prodigal_v2.6.3	CDS	143630	144025	22.1	+	0	ID=20_158;partial=00;start_type=TTG;rbs_motif=AGGAG(G)/GGAGG;rbs_spacer=13-15bp;gc_cont=0.348;conf=99.38;score=22.09;cscore=23.78;sscore=-1.69;rscore=-3.04;uscore=1.71;tscore=-4.70;
contig_14	Prodigal_v2.6.3	CDS	144424	146040	262.6	+	0	ID=20_159;partial=00;start_type=ATG;rbs_motif=AGGAG;rbs_spacer=5-10bp;gc_cont=0.373;conf=99.99;score=262.64;cscore=244.45;sscore=18.19;rscore=12.22;uscore=4.14;tscore=2.49;
contig_14	Prodigal_v2.6.3	CDS	146301	146669	35.3	+	0	ID=20_160;partial=00;start_type=ATG;rbs_motif=GGA/GAG/AGG;rbs_spacer=5-10bp;gc_cont=0.431;conf=99.97;score=35.35;cscore=31.02;sscore=4.33;rscore=-0.45;uscore=2.94;tscore=2.49;
contig_14	Prodigal_v2.6.3	CDS	146790	147122	56.6	+	0	ID=20_161;partial=00;start_type=ATG;rbs_motif=AGGAG;rbs_spacer=5-10bp;gc_cont=0.360;conf=100.00;score=56.62;cscore=42.10;sscore=14.52;rscore=12.22;uscore=-0.19;tscore=2.49;
contig_14	Prodigal_v2.6.3	CDS	147160	147738	79.3	+	0	ID=20_162;partial=00;start_type=ATG;rbs_motif=None;rbs_spacer=None;gc_cont=0.420;conf=100.00;score=79.27;cscore=88.08;sscore=-8.81;rscore=-9.56;uscore=-2.61;tscore=2.49;
contig_14	Prodigal_v2.6.3	CDS	147864	148112	33.4	+	0	ID=20_163;partial=00;start_type=ATG;rbs_motif=AGxAG;rbs_spacer=11-12bp;gc_cont=0.337;conf=99.95;score=33.44;cscore=35.62;sscore=-2.18;rscore=-5.49;uscore=0.86;tscore=2.45;
contig_14	Prodigal_v2.6.3	CDS	148109	149008	143.3	+	0	ID=20_164;partial=00;start_type=ATG;rbs_motif=3Base/5BMM;rbs_spacer=13-15bp;gc_cont=0.382;conf=100.00;score=143.34;cscore=134.85;sscore=8.49;rscore=-6.44;uscore=4.71;tscore=2.49;
contig_14	Prodigal_v2.6.3	CDS	148986	149198	18.8	+	0	ID=20_165;partial=00;start_type=ATG;rbs_motif=GGA/GAG/AGG;rbs_spacer=11-12bp;gc_cont=0.423;conf=98.69;score=18.79;cscore=20.13;sscore=-1.34;rscore=-0.94;uscore=-2.49;tscore=2.09;
contig_14	Prodigal_v2.6.3	CDS	149137	150333	178.5	+	0	ID=20_166;partial=00;start_type=ATG;rbs_motif=GGA/GAG/AGG;rbs_spacer=5-10bp;gc_cont=0.390;conf=99.99;score=178.49;cscore=178.40;sscore=0.10;rscore=-0.45;uscore=-1.94;tscore=2.49;
contig_14	Prodigal_v2.6.3	CDS	150391	152307	317.6	+	0	ID=20_167;partial=00;start_type=ATG;rbs_motif=GGA/GAG/AGG;rbs_spacer=11-12bp;gc_cont=0.400;conf=99.99;score=317.60;cscore=314.76;sscore=2.84;rscore=-0.79;uscore=0.49;tscore=2.49;
contig_14	Prodigal_v2.6.3	CDS	152433	153404	168.6	+	0	ID=20_168;partial=00;start_type=ATG;rbs_motif=AGGAG;rbs_spacer=5-10bp;gc_cont=0.373;conf=100.00;score=168.62;cscore=151.00;sscore=17.62;rscore=12.22;uscore=2.91;tscore=2.49;
contig_14	Prodigal_v2.6.3	CDS	153404	154753	221.8	+	0	ID=20_169;partial=00;start_type=ATG;rbs_motif=GGAGG;rbs_spacer=5-10bp;gc_cont=0.398;conf=99.99;score=221.79;cscore=205.26;sscore=16.52;rscore=12.75;uscore=-1.41;tscore=2.49;
contig_14	Prodigal_v2.6.3	CDS	154794	155873	102.2	+	0	ID=20_170;partial=00;start_type=ATG;rbs_motif=None;rbs_spacer=None;gc_cont=0.394;conf=100.00;score=102.17;cscore=107.45;sscore=-5.28;rscore=-9.56;uscore=0.96;tscore=2.49;
contig_14	Prodigal_v2.6.3	CDS	155977	156729	110.9	+	0	ID=20_171;partial=00;start_type=GTG;rbs_motif=GGA/GAG/AGG;rbs_spacer=5-10bp;gc_cont=0.368;conf=100.00;score=110.88;cscore=112.62;sscore=-1.74;rscore=-0.45;uscore=2.32;tscore=-3.61;
contig_14	Prodigal_v2.6.3	CDS	156707	157435	96.7	+	0	ID=20_172;partial=00;start_type=ATG;rbs_motif=AGGA/GGAG/GAGG;rbs_spacer=11-12bp;gc_cont=0.361;conf=100.00;score=96.75;cscore=91.46;sscore=5.29;rscore=3.18;uscore=-0.37;tscore=2.49;
contig_14	Prodigal_v2.6.3	CDS	157559	158278	87.4	+	0	ID=20_173;partial=00;start_type=TTG;rbs_motif=AGGAGG;rbs_spacer=5-10bp;gc_cont=0.354;conf=100.00;score=87.45;cscore=81.99;sscore=5.46;rscore=13.75;uscore=-3.60;tscore=-4.70;
contig_14	Prodigal_v2.6.3	CDS	158282	158653	49.7	+	0	ID=20_174;partial=00;start_type=ATG;rbs_motif=AGGAG;rbs_spacer=5-10bp;gc_cont=0.339;conf=100.00;score=49.67;cscore=29.79;sscore=19.87;rscore=12.22;uscore=3.93;tscore=2.49;
contig_14	Prodigal_v2.6.3	CDS	158749	160032	226.3	+	0	ID=20_175;partial=00;start_type=TTG;rbs_motif=AGGAGG;rbs_spacer=5-10bp;gc_cont=0.389;conf=99.99;score=226.30;cscore=215.75;sscore=10.55;rscore=13.75;uscore=1.49;tscore=-4.70;
contig_14	Prodigal_v2.6.3	CDS	160045	161244	234.3	+	0	ID=20_176;partial=00;start_type=ATG;rbs_motif=None;rbs_spacer=None;gc_cont=0.415;conf=99.99;score=234.30;cscore=238.94;sscore=-4.65;rscore=-9.56;uscore=1.28;tscore=2.49;
contig_14	Prodigal_v2.6.3	CDS	161426	162259	88.1	+	0	ID=20_177;partial=00;start_type=ATG;rbs_motif=AGGAGG;rbs_spacer=5-10bp;gc_cont=0.359;conf=100.00;score=88.12;cscore=72.61;sscore=15.50;rscore=13.75;uscore=-0.08;tscore=2.49;
contig_14	Prodigal_v2.6.3	CDS	162273	162980	114.0	+	0	ID=20_178;partial=00;start_type=TTG;rbs_motif=AGxAGG/AGGxGG;rbs_spacer=5-10bp;gc_cont=0.342;conf=100.00;score=114.04;cscore=108.77;sscore=5.27;rscore=9.68;uscore=-0.84;tscore=-4.70;
contig_14	Prodigal_v2.6.3	CDS	163095	163868	131.3	+	0	ID=20_179;partial=00;start_type=ATG;rbs_motif=GGAGG;rbs_spacer=5-10bp;gc_cont=0.381;conf=100.00;score=131.29;cscore=117.35;sscore=13.93;rscore=12.75;uscore=-1.31;tscore=2.49;
contig_14	Prodigal_v2.6.3	CDS	164007	164252	37.4	+	0	ID=20_180;partial=00;start_type=TTG;rbs_motif=AGGAGG;rbs_spacer=5-10bp;gc_cont=0.374;conf=99.98;score=37.44;cscore=25.10;sscore=12.34;rscore=13.37;uscore=3.81;tscore=-4.83;
contig_14	Prodigal_v2.6.3	CDS	164302	164685	44.6	+	0	ID=20_181;partial=01;start_type=TTG;rbs_motif=GGA/GAG/AGG;rbs_spacer=5-10bp;gc_cont=0.349;conf=100.00;score=44.65;cscore=49.50;sscore=-4.85;rscore=-0.45;uscore=-0.44;tscore=-4.70;
# Sequence Data: seqnum=21;seqlen=134935;seqhdr="contig_24"
# Model Data: version=Prodigal.v2.6.3;run_type=Single;model="Ab initio";gc_cont=37.70;transl_table=11;uses_sd=1
contig_24	Prodigal_v2.6.3	CDS	218	1105	143.8	-	0	ID=21_1;partial=00;start_type=ATG;rbs_motif=AGGAGG;rbs_spacer=5-10bp;gc_cont=0.359;conf=100.00;score=143.81;cscore=125.31;sscore=18.50;rscore=13.75;uscore=2.91;tscore=2.49;
contig_24	Prodigal_v2.6.3	CDS	1255	1605	36.3	+	0	ID=21_2;partial=00;start_type=ATG;rbs_motif=AGGAG/GGAGG;rbs_spacer=11-12bp;gc_cont=0.336;conf=99.98;score=36.30;cscore=22.06;sscore=14.24;rscore=9.05;uscore=2.71;tscore=2.49;
contig_24	Prodigal_v2.6.3	CDS	1628	2071	51.9	-	0	ID=21_3;partial=00;start_type=ATG;rbs_motif=GGAG/GAGG;rbs_spacer=5-10bp;gc_cont=0.410;conf=100.00;score=51.88;cscore=37.09;sscore=14.79;rscore=8.24;uscore=4.06;tscore=2.49;
contig_24	Prodigal_v2.6.3	CDS	2193	3137	157.3	-	0	ID=21_4;partial=00;start_type=ATG;rbs_motif=AGGAGG;rbs_spacer=5-10bp;gc_cont=0.370;conf=100.00;score=157.34;cscore=136.35;sscore=20.98;rscore=13.75;uscore=3.45;tscore=2.49;
contig_24	Prodigal_v2.6.3	CDS	3134	3610	83.9	-	0	ID=21_5;partial=00;start_type=ATG;rbs_motif=AGGAGG;rbs_spacer=5-10bp;gc_cont=0.382;conf=100.00;score=83.90;cscore=67.78;sscore=16.12;rscore=13.75;uscore=0.53;tscore=2.49;
contig_24	Prodigal_v2.6.3	CDS	3740	5026	255.3	+	0	ID=21_6;partial=00;start_type=ATG;rbs_motif=AGGAGG;rbs_spacer=5-10bp;gc_cont=0.429;conf=99.99;score=255.28;cscore=237.19;sscore=18.09;rscore=13.75;uscore=1.85;tscore=2.49;
contig_24	Prodigal_v2.6.3	CDS	5162	6250	145.7	+	0	ID=21_7;partial=00;start_type=ATG;rbs_motif=AGGA;rbs_spacer=5-10bp;gc_cont=0.361;conf=100.00;score=145.69;cscore=135.19;sscore=10.50;rscore=4.23;uscore=3.78;tscore=2.49;
contig_24	Prodigal_v2.6.3	CDS	6377	7411	151.6	-	0	ID=21_8;partial=00;start_type=ATG;rbs_motif=AGGAGG;rbs_spacer=5-10bp;gc_cont=0.390;conf=100.00;score=151.57;cscore=132.71;sscore=18.86;rscore=13.75;uscore=1.59;tscore=2.49;
contig_24	Prodigal_v2.6.3	CDS	7434	9065	208.7	-	0	ID=21_9;partial=00;start_type=ATG;rbs_motif=AGGAGG;rbs_spacer=5-10bp;gc_cont=0.372;conf=99.99;score=208.67;cscore=194.15;sscore=14.52;rscore=13.75;uscore=-1.72;tscore=2.49;
contig_24	Prodigal_v2.6.3	CDS	9161	9973	107.3	-	0	ID=21_10;partial=00;start_type=ATG;rbs_motif=AGGAG;rbs_spacer=5-10bp;gc_cont=0.360;conf=100.00;score=107.29;cscore=90.81;sscore=16.48;rscore=12.22;uscore=0.62;tscore=2.49;
contig_24	Prodigal_v2.6.3	CDS	9985	11085	148.6	-	0	ID=21_11;partial=00;start_type=ATG;rbs_motif=GGAGG;rbs_spacer=5-10bp;gc_cont=0.366;conf=100.00;score=148.62;cscore=130.10;sscore=18.52;rscore=12.75;uscore=1.99;tscore=2.49;
contig_24	Prodigal_v2.6.3	CDS	11082	12440	156.0	-	0	ID=21_12;partial=00;start_type=ATG;rbs_motif=AGxAGG/AGGxGG;rbs_spacer=5-10bp;gc_cont=0.376;conf=100.00;score=155.97;cscore=144.32;sscore=11.66;rscore=9.68;uscore=-0.51;tscore=2.49;
contig_24	Prodigal_v2.6.3	CDS	12421	13614	188.5	-	0	ID=21_13;partial=00;start_type=ATG;rbs_motif=GGAG/GAGG;rbs_spacer=5-10bp;gc_cont=0.371;conf=99.99;score=188.47;cscore=180.28;sscore=8.19;rscore=8.24;uscore=-1.88;tscore=2.49;
contig_24	Prodigal_v2.6.3	CDS	13936	14511	102.9	-	0	ID=21_14;partial=00;start_type=ATG;rbs_motif=GGAG/GAGG;rbs_spacer=5-10bp;gc_cont=0.406;conf=100.00;score=102.86;cscore=88.91;sscore=13.95;rscore=8.24;uscore=2.32;tscore=2.49;
contig_24	Prodigal_v2.6.3	CDS	14546	15127	132.9	-	0	ID=21_15;partial=00;start_type=ATG;rbs_motif=AGGAGG;rbs_spacer=5-10bp;gc_cont=0.381;conf=100.00;score=132.89;cscore=111.91;sscore=20.98;rscore=13.75;uscore=3.80;tscore=2.49;
contig_24	Prodigal_v2.6.3	CDS	15158	15775	82.8	-	0	ID=21_16;partial=00;start_type=TTG;rbs_motif=AGGAGG;rbs_spacer=5-10bp;gc_cont=0.375;conf=100.00;score=82.79;cscore=72.19;sscore=10.60;rscore=13.75;uscore=2.20;tscore=-4.70;
contig_24	Prodigal_v2.6.3	CDS	16053	16949	136.4	-	0	ID=21_17;partial=00;start_type=ATG;rbs_motif=AGxAGG/AGGxGG;rbs_spacer=5-10bp;gc_cont=0.401;conf=100.00;score=136.45;cscore=123.89;sscore=12.56;rscore=9.68;uscore=-0.75;tscore=2.49;
contig_24	Prodigal_v2.6.3	CDS	16962	17966	140.4	-	0	ID=21_18;partial=00;start_type=ATG;rbs_motif=GGAG/GAGG;rbs_spacer=5-10bp;gc_cont=0.393;conf=100.00;score=140.44;cscore=128.73;sscore=11.71;rscore=8.24;uscore=1.63;tscore=2.49;
contig_24	Prodigal_v2.6.3	CDS	18192	19808	314.0	-	0	ID=21_19;partial=00;start_type=ATG;rbs_motif=AGxAGG/AGGxGG;rbs_spacer=5-10bp;gc_cont=0.395;conf=99.99;score=314.04;cscore=301.61;sscore=12.43;rscore=9.68;uscore=-0.68;tscore=2.49;
contig_24	Prodigal_v2.6.3	CDS	19839	20819	125.8	-	0	ID=21_20;partial=00;start_type=GTG;rbs_motif=AGGAGG;rbs_spacer=5-10bp;gc_cont=0.410;conf=100.00;score=125.83;cscore=112.71;sscore=13.11;rscore=13.75;uscore=2.97;tscore=-3.61;
contig_24	Prodigal_v2.6.3	CDS	20794	21807	150.1	-	0	ID=21_21;partial=00;start_type=ATG;rbs_motif=GGxGG;rbs_spacer=5-10bp;gc_cont=0.394;conf=100.00;score=150.07;cscore=136.57;sscore=13.50;rscore=6.77;uscore=4.90;tscore=2.49;
contig_24	Prodigal_v2.6.3	CDS	22104	23828	261.9	-	0	ID=21_22;partial=00;start_type=ATG;rbs_motif=3Base/5BMM;rbs_spacer=13-15bp;gc_cont=0.376;conf=99.99;score=261.87;cscore=262.47;sscore=-0.60;rscore=-6.44;uscore=4.00;tscore=2.49;
contig_24	Prodigal_v2.6.3	CDS	24029	24580	66.5	-	0	ID=21_23;partial=00;start_type=ATG;rbs_motif=AGxAGG/AGGxGG;rbs_spacer=5-10bp;gc_cont=0.380;conf=100.00;score=66.54;cscore=51.73;sscore=14.82;rscore=9.68;uscore=3.30;tscore=2.49;
contig_24	Prodigal_v2.6.3	CDS	24899	25078	25.1	-	0	ID=21_24;partial=00;start_type=ATG;rbs_motif=GGAGG;rbs_spacer=5-10bp;gc_cont=0.372;conf=99.69;score=25.13;cscore=18.37;sscore=6.77;rscore=9.03;uscore=-4.02;tscore=1.76;
contig_24	Prodigal_v2.6.3	CDS	25156	26205	143.7	-	0	ID=21_25;partial=00;start_type=GTG;rbs_motif=GGAGG;rbs_spacer=5-10bp;gc_cont=0.370;conf=100.00;score=143.69;cscore=132.69;sscore=11.01;rscore=12.75;uscore=2.52;tscore=-3.61;
contig_24	Prodigal_v2.6.3	CDS	26403	27389	117.0	+	0	ID=21_26;partial=00;start_type=TTG;rbs_motif=AGGAG;rbs_spacer=5-10bp;gc_cont=0.387;conf=100.00;score=117.02;cscore=112.45;sscore=4.57;rscore=12.22;uscore=-2.96;tscore=-4.70;
contig_24	Prodigal_v2.6.3	CDS	27426	27695	52.2	-	0	ID=21_27;partial=00;start_type=ATG;rbs_motif=AGxAGG/AGGxGG;rbs_spacer=5-10bp;gc_cont=0.404;conf=100.00;score=52.19;cscore=39.96;sscore=12.24;rscore=9.68;uscore=-1.20;tscore=2.49;
contig_24	Prodigal_v2.6.3	CDS	27696	28025	73.7	-	0	ID=21_28;partial=00;start_type=ATG;rbs_motif=AGGAG;rbs_spacer=5-10bp;gc_cont=0.403;conf=100.00;score=73.72;cscore=53.20;sscore=20.52;rscore=12.22;uscore=4.52;tscore=2.49;
contig_24	Prodigal_v2.6.3	CDS	28022	28825	119.3	-	0	ID=21_29;partial=00;start_type=ATG;rbs_motif=GGAG/GAGG;rbs_spacer=5-10bp;gc_cont=0.372;conf=100.00;score=119.31;cscore=108.07;sscore=11.24;rscore=8.24;uscore=1.16;tscore=2.49;
contig_24	Prodigal_v2.6.3	CDS	29031	29939	128.3	+	0	ID=21_30;partial=00;start_type=ATG;rbs_motif=GGAG/GAGG;rbs_spacer=5-10bp;gc_cont=0.403;conf=100.00;score=128.26;cscore=115.02;sscore=13.24;rscore=8.24;uscore=2.51;tscore=2.49;
contig_24	Prodigal_v2.6.3	CDS	30007	30831	146.9	+	0	ID=21_31;partial=00;start_type=ATG;rbs_motif=AGGA;rbs_spacer=5-10bp;gc_cont=0.408;conf=100.00;score=146.91;cscore=136.66;sscore=10.25;rscore=4.23;uscore=3.54;tscore=2.49;
contig_24	Prodigal_v2.6.3	CDS	30869	32248	197.6	+	0	ID=21_32;partial=00;start_type=TTG;rbs_motif=AGxAGG/AGGxGG;rbs_spacer=11-12bp;gc_cont=0.395;conf=99.99;score=197.58;cscore=192.86;sscore=4.72;rscore=6.48;uscore=2.07;tscore=-4.70;
contig_24	Prodigal_v2.6.3	CDS	32574	33047	53.2	-	0	ID=21_33;partial=00;start_type=ATG;rbs_motif=None;rbs_spacer=None;gc_cont=0.357;conf=100.00;score=53.23;cscore=59.51;sscore=-6.28;rscore=-9.56;uscore=-0.23;tscore=2.49;
contig_24	Prodigal_v2.6.3	CDS	33071	33208	20.5	-	0	ID=21_34;partial=00;start_type=ATG;rbs_motif=AGGAGG;rbs_spacer=5-10bp;gc_cont=0.362;conf=99.11;score=20.50;cscore=10.77;sscore=9.73;rscore=7.43;uscore=1.61;tscore=1.34;
contig_24	Prodigal_v2.6.3	CDS	33447	34631	150.7	-	0	ID=21_35;partial=00;start_type=ATG;rbs_motif=GGAGG;rbs_spacer=5-10bp;gc_cont=0.391;conf=100.00;score=150.67;cscore=134.35;sscore=16.32;rscore=12.75;uscore=1.73;tscore=2.49;
contig_24	Prodigal_v2.6.3	CDS	35003	35188	43.8	+	0	ID=21_36;partial=00;start_type=ATG;rbs_motif=GGAG/GAGG;rbs_spacer=5-10bp;gc_cont=0.360;conf=100.00;score=43.82;cscore=35.84;sscore=7.98;rscore=6.03;uscore=0.13;tscore=1.82;
contig_24	Prodigal_v2.6.3	CDS	35229	36029	123.1	-	0	ID=21_37;partial=00;start_type=ATG;rbs_motif=AGGAGG;rbs_spacer=5-10bp;gc_cont=0.361;conf=100.00;score=123.07;cscore=105.45;sscore=17.61;rscore=13.75;uscore=2.03;tscore=2.49;
contig_24	Prodigal_v2.6.3	CDS	36218	36802	82.1	+	0	ID=21_38;partial=00;start_type=ATG;rbs_motif=GGxGG;rbs_spacer=5-10bp;gc_cont=0.369;conf=100.00;score=82.06;cscore=72.70;sscore=9.35;rscore=6.77;uscore=0.09;tscore=2.49;
contig_24	Prodigal_v2.6.3	CDS	36860	37501	95.1	+	0	ID=21_39;partial=00;start_type=ATG;rbs_motif=3Base/5BMM;rbs_spacer=13-15bp;gc_cont=0.399;conf=100.00;score=95.11;cscore=98.49;sscore=-3.38;rscore=-6.44;uscore=-0.08;tscore=2.49;
contig_24	Prodigal_v2.6.3	CDS	37531	37752	28.7	+	0	ID=21_40;partial=00;start_type=TTG;rbs_motif=GGxGG;rbs_spacer=5-10bp;gc_cont=0.374;conf=99.87;score=28.75;cscore=27.94;sscore=0.81;rscore=5.93;uscore=-0.72;tscore=-5.36;
contig_24	Prodigal_v2.6.3	CDS	38025	39929	332.6	+	0	ID=21_41;partial=00;start_type=ATG;rbs_motif=AGGAGG;rbs_spacer=5-10bp;gc_cont=0.401;conf=99.99;score=332.62;cscore=315.86;sscore=16.76;rscore=13.75;uscore=1.18;tscore=2.49;
contig_24	Prodigal_v2.6.3	CDS	40104	41021	110.6	-	0	ID=21_42;partial=00;start_type=ATG;rbs_motif=AGGAGG;rbs_spacer=5-10bp;gc_cont=0.369;conf=100.00;score=110.62;cscore=95.40;sscore=15.21;rscore=13.75;uscore=-2.06;tscore=2.49;
contig_24	Prodigal_v2.6.3	CDS	41044	41370	61.5	-	0	ID=21_43;partial=00;start_type=ATG;rbs_motif=AGxAGG/AGGxGG;rbs_spacer=5-10bp;gc_cont=0.376;conf=100.00;score=61.52;cscore=46.47;sscore=15.05;rscore=9.68;uscore=3.54;tscore=2.49;
contig_24	Prodigal_v2.6.3	CDS	41548	41769	32.2	+	0	ID=21_44;partial=00;start_type=ATG;rbs_motif=GGA/GAG/AGG;rbs_spacer=5-10bp;gc_cont=0.333;conf=99.94;score=32.19;cscore=28.81;sscore=3.38;rscore=-0.51;uscore=1.71;tscore=2.18;
contig_24	Prodigal_v2.6.3	CDS	41836	42588	128.2	-	0	ID=21_45;partial=00;start_type=TTG;rbs_motif=GGxGG;rbs_spacer=5-10bp;gc_cont=0.398;conf=100.00;score=128.22;cscore=124.30;sscore=3.92;rscore=6.77;uscore=0.69;tscore=-4.70;
contig_24	Prodigal_v2.6.3	CDS	42572	43375	159.2	-	0	ID=21_46;partial=00;start_type=ATG;rbs_motif=GGAGG;rbs_spacer=5-10bp;gc_cont=0.393;conf=100.00;score=159.19;cscore=141.25;sscore=17.94;rscore=12.75;uscore=3.35;tscore=2.49;
contig_24	Prodigal_v2.6.3	CDS	43573	44808	157.2	+	0	ID=21_47;partial=00;start_type=TTG;rbs_motif=GGA/GAG/AGG;rbs_spacer=5-10bp;gc_cont=0.383;conf=100.00;score=157.19;cscore=161.37;sscore=-4.17;rscore=-0.45;uscore=0.97;tscore=-4.70;
contig_24	Prodigal_v2.6.3	CDS	44949	45083	12.1	+	0	ID=21_48;partial=00;start_type=ATG;rbs_motif=AGGAG;rbs_spacer=5-10bp;gc_cont=0.341;conf=94.19;score=12.12;cscore=2.34;sscore=9.77;rscore=6.45;uscore=2.01;tscore=1.31;
contig_24	Prodigal_v2.6.3	CDS	45264	45827	102.6	+	0	ID=21_49;partial=00;start_type=ATG;rbs_motif=GGAG/GAGG;rbs_spacer=5-10bp;gc_cont=0.362;conf=100.00;score=102.61;cscore=90.29;sscore=12.32;rscore=8.24;uscore=2.24;tscore=2.49;
contig_24	Prodigal_v2.6.3	CDS	45900	46484	73.0	-	0	ID=21_50;partial=00;start_type=GTG;rbs_motif=GGAG/GAGG;rbs_spacer=5-10bp;gc_cont=0.390;conf=100.00;score=72.96;cscore=69.56;sscore=3.41;rscore=8.24;uscore=-1.23;tscore=-3.61;
contig_24	Prodigal_v2.6.3	CDS	46648	47472	134.4	-	0	ID=21_51;partial=00;start_type=ATG;rbs_motif=AGGAG;rbs_spacer=5-10bp;gc_cont=0.370;conf=100.00;score=134.44;cscore=116.85;sscore=17.59;rscore=12.22;uscore=3.53;tscore=2.49;
contig_24	Prodigal_v2.6.3	CDS	47672	48385	56.3	+	0	ID=21_52;partial=00;start_type=ATG;rbs_motif=GGAG/GAGG;rbs_spacer=5-10bp;gc_cont=0.343;conf=100.00;score=56.34;cscore=45.52;sscore=10.82;rscore=8.24;uscore=0.09;tscore=2.49;
contig_24	Prodigal_v2.6.3	CDS	48415	49170	150.9	-	0	ID=21_53;partial=00;start_type=ATG;rbs_motif=GGA/GAG/AGG;rbs_spacer=5-10bp;gc_cont=0.393;conf=100.00;score=150.95;cscore=144.18;sscore=6.77;rscore=-0.45;uscore=4.73;tscore=2.49;
contig_24	Prodigal_v2.6.3	CDS	49333	49893	86.0	-	0	ID=21_54;partial=00;start_type=ATG;rbs_motif=AGGAG;rbs_spacer=5-10bp;gc_cont=0.412;conf=100.00;score=85.96;cscore=74.11;sscore=11.85;rscore=12.22;uscore=-2.21;tscore=2.49;
contig_24	Prodigal_v2.6.3	CDS	50260	50583	38.3	+	0	ID=21_55;partial=00;start_type=ATG;rbs_motif=AGGAGG;rbs_spacer=5-10bp;gc_cont=0.346;conf=99.98;score=38.26;cscore=20.04;sscore=18.22;rscore=13.75;uscore=1.98;tscore=2.49;
contig_24	Prodigal_v2.6.3	CDS	50639	50761	15.4	+	0	ID=21_56;partial=00;start_type=ATG;rbs_motif=AGGAG;rbs_spacer=5-10bp;gc_cont=0.350;conf=97.21;score=15.44;cscore=5.32;sscore=10.13;rscore=5.87;uscore=2.39;tscore=1.19;
contig_24	Prodigal_v2.6.3	CDS	50799	53879	504.2	-	0	ID=21_57;partial=00;start_type=ATG;rbs_motif=GGA/GAG/AGG;rbs_spacer=5-10bp;gc_cont=0.386;conf=99.99;score=504.16;cscore=497.28;sscore=6.88;rscore=-0.45;uscore=3.10;tscore=2.49;
contig_24	Prodigal_v2.6.3	CDS	53876	55033	206.4	-	0	ID=21_58;partial=00;start_type=ATG;rbs_motif=AGGAGG;rbs_spacer=5-10bp;gc_cont=0.383;conf=99.99;score=206.45;cscore=188.11;sscore=18.34;rscore=13.75;uscore=2.10;tscore=2.49;
contig_24	Prodigal_v2.6.3	CDS	55174	56076	133.2	-	0	ID=21_59;partial=00;start_type=ATG;rbs_motif=GGAG/GAGG;rbs_spacer=5-10bp;gc_cont=0.373;conf=100.00;score=133.21;cscore=118.83;sscore=14.38;rscore=8.24;uscore=2.71;tscore=2.49;
contig_24	Prodigal_v2.6.3	CDS	56108	57337	242.2	-	0	ID=21_60;partial=00;start_type=ATG;rbs_motif=GGAG/GAGG;rbs_spacer=5-10bp;gc_cont=0.407;conf=99.99;score=242.16;cscore=227.48;sscore=14.68;rscore=8.24;uscore=2.69;tscore=2.49;
contig_24	Prodigal_v2.6.3	CDS	57339	58487	219.2	-	0	ID=21_61;partial=00;start_type=ATG;rbs_motif=AGxAGG/AGGxGG;rbs_spacer=5-10bp;gc_cont=0.393;conf=99.99;score=219.18;cscore=204.67;sscore=14.51;rscore=9.68;uscore=2.99;tscore=2.49;
contig_24	Prodigal_v2.6.3	CDS	58703	59404	130.4	-	0	ID=21_62;partial=00;start_type=ATG;rbs_motif=GGA/GAG/AGG;rbs_spacer=11-12bp;gc_cont=0.379;conf=100.00;score=130.38;cscore=122.52;sscore=7.86;rscore=-0.79;uscore=4.08;tscore=2.49;
contig_24	Prodigal_v2.6.3	CDS	59401	60633	175.2	-	0	ID=21_63;partial=00;start_type=ATG;rbs_motif=GGA/GAG/AGG;rbs_spacer=5-10bp;gc_cont=0.360;conf=100.00;score=175.25;cscore=167.02;sscore=8.23;rscore=-0.45;uscore=5.51;tscore=2.49;
contig_24	Prodigal_v2.6.3	CDS	60689	61771	168.7	-	0	ID=21_64;partial=00;start_type=ATG;rbs_motif=AGGA;rbs_spacer=5-10bp;gc_cont=0.393;conf=100.00;score=168.65;cscore=158.38;sscore=10.27;rscore=4.23;uscore=3.56;tscore=2.49;
contig_24	Prodigal_v2.6.3	CDS	61889	62731	121.7	-	0	ID=21_65;partial=00;start_type=GTG;rbs_motif=GGAG/GAGG;rbs_spacer=5-10bp;gc_cont=0.384;conf=100.00;score=121.74;cscore=120.29;sscore=1.44;rscore=8.24;uscore=-3.19;tscore=-3.61;
contig_24	Prodigal_v2.6.3	CDS	62903	62998	0.1	-	0	ID=21_66;partial=00;start_type=ATG;rbs_motif=GGA/GAG/AGG;rbs_spacer=5-10bp;gc_cont=0.354;conf=50.39;score=0.07;cscore=0.11;sscore=-0.04;rscore=-1.21;uscore=0.24;tscore=0.93;
contig_24	Prodigal_v2.6.3	CDS	63072	63383	52.5	-	0	ID=21_67;partial=00;start_type=ATG;rbs_motif=GGAGG;rbs_spacer=5-10bp;gc_cont=0.346;conf=100.00;score=52.52;cscore=33.79;sscore=18.73;rscore=12.75;uscore=4.14;tscore=2.49;
contig_24	Prodigal_v2.6.3	CDS	63628	63900	10.0	+	0	ID=21_68;partial=00;start_type=ATG;rbs_motif=GGA/GAG/AGG;rbs_spacer=5-10bp;gc_cont=0.399;conf=90.89;score=10.01;cscore=4.28;sscore=5.73;rscore=-0.45;uscore=3.69;tscore=2.49;
contig_24	Prodigal_v2.6.3	CDS	64264	65313	142.1	-	0	ID=21_69;partial=00;start_type=GTG;rbs_motif=None;rbs_spacer=None;gc_cont=0.364;conf=100.00;score=142.08;cscore=151.21;sscore=-9.13;rscore=-9.56;uscore=3.13;tscore=-3.61;
contig_24	Prodigal_v2.6.3	CDS	65348	66016	106.8	-	0	ID=21_70;partial=00;start_type=ATG;rbs_motif=AGGAG;rbs_spacer=5-10bp;gc_cont=0.314;conf=100.00;score=106.85;cscore=91.96;sscore=14.89;rscore=12.22;uscore=0.84;tscore=2.49;
contig_24	Prodigal_v2.6.3	CDS	66298	66882	52.3	-	0	ID=21_71;partial=00;start_type=ATG;rbs_motif=AGGAG;rbs_spacer=5-10bp;gc_cont=0.371;conf=100.00;score=52.27;cscore=39.38;sscore=12.89;rscore=12.22;uscore=-1.82;tscore=2.49;
contig_24	Prodigal_v2.6.3	CDS	66985	67173	8.5	-	0	ID=21_72;partial=00;start_type=ATG;rbs_motif=AGGAG;rbs_spacer=5-10bp;gc_cont=0.413;conf=87.66;score=8.53;cscore=-4.71;sscore=13.24;rscore=9.09;uscore=2.80;tscore=1.85;
contig_24	Prodigal_v2.6.3	CDS	67252	67452	37.7	-	0	ID=21_73;partial=00;start_type=ATG;rbs_motif=AGGAGG;rbs_spacer=5-10bp;gc_cont=0.363;conf=99.98;score=37.68;cscore=22.56;sscore=15.12;rscore=10.89;uscore=1.08;tscore=1.97;
contig_24	Prodigal_v2.6.3	CDS	67462	67671	39.8	-	0	ID=21_74;partial=00;start_type=ATG;rbs_motif=AGGAG;rbs_spacer=5-10bp;gc_cont=0.367;conf=99.99;score=39.79;cscore=25.36;sscore=14.43;rscore=10.12;uscore=1.46;tscore=2.06;
contig_24	Prodigal_v2.6.3	CDS	67716	67949	19.5	-	0	ID=21_75;partial=00;start_type=ATG;rbs_motif=GGA/GAG/AGG;rbs_spacer=5-10bp;gc_cont=0.316;conf=98.88;score=19.50;cscore=18.67;sscore=0.83;rscore=-0.49;uscore=-0.33;tscore=2.30;
contig_24	Prodigal_v2.6.3	CDS	68084	68578	53.5	+	0	ID=21_76;partial=00;start_type=TTG;rbs_motif=GGAGG;rbs_spacer=5-10bp;gc_cont=0.426;conf=100.00;score=53.54;cscore=45.60;sscore=7.93;rscore=12.75;uscore=-0.12;tscore=-4.70;
contig_24	Prodigal_v2.6.3	CDS	68618	69385	107.6	-	0	ID=21_77;partial=00;start_type=TTG;rbs_motif=AGGAGG;rbs_spacer=5-10bp;gc_cont=0.372;conf=100.00;score=107.63;cscore=96.32;sscore=11.31;rscore=13.75;uscore=2.91;tscore=-4.70;
contig_24	Prodigal_v2.6.3	CDS	69596	71269	243.6	+	0	ID=21_78;partial=00;start_type=TTG;rbs_motif=AGGAGG;rbs_spacer=5-10bp;gc_cont=0.384;conf=99.99;score=243.56;cscore=235.02;sscore=8.54;rscore=13.75;uscore=-0.52;tscore=-4.70;
contig_24	Prodigal_v2.6.3	CDS	71314	71967	64.4	-	0	ID=21_79;partial=00;start_type=ATG;rbs_motif=GGAGG;rbs_spacer=5-10bp;gc_cont=0.309;conf=100.00;score=64.38;cscore=48.30;sscore=16.08;rscore=12.75;uscore=1.49;tscore=2.49;
contig_24	Prodigal_v2.6.3	CDS	72179	72568	54.9	+	0	ID=21_80;partial=00;start_type=ATG;rbs_motif=GGAG/GAGG;rbs_spacer=5-10bp;gc_cont=0.344;conf=100.00;score=54.92;cscore=44.28;sscore=10.63;rscore=8.24;uscore=-0.09;tscore=2.49;
contig_24	Prodigal_v2.6.3	CDS	72610	73527	109.9	-	0	ID=21_81;partial=00;start_type=ATG;rbs_motif=None;rbs_spacer=None;gc_cont=0.370;conf=100.00;score=109.91;cscore=117.19;sscore=-7.27;rscore=-9.56;uscore=0.45;tscore=2.49;
contig_24	Prodigal_v2.6.3	CDS	73680	74093	59.6	+	0	ID=21_82;partial=00;start_type=ATG;rbs_motif=AGGAGG;rbs_spacer=5-10bp;gc_cont=0.382;conf=100.00;score=59.59;cscore=40.44;sscore=19.15;rscore=13.75;uscore=2.91;tscore=2.49;
contig_24	Prodigal_v2.6.3	CDS	74296	75699	196.8	-	0	ID=21_83;partial=00;start_type=ATG;rbs_motif=AGGAGG;rbs_spacer=5-10bp;gc_cont=0.374;conf=99.99;score=196.81;cscore=180.90;sscore=15.91;rscore=13.75;uscore=-1.12;tscore=2.49;
contig_24	Prodigal_v2.6.3	CDS	75744	76901	170.3	-	0	ID=21_84;partial=00;start_type=ATG;rbs_motif=GGAG/GAGG;rbs_spacer=5-10bp;gc_cont=0.375;conf=100.00;score=170.27;cscore=157.06;sscore=13.21;rscore=8.24;uscore=3.13;tscore=2.49;
contig_24	Prodigal_v2.6.3	CDS	77141	79090	273.2	-	0	ID=21_85;partial=00;start_type=ATG;rbs_motif=None;rbs_spacer=None;gc_cont=0.369;conf=99.99;score=273.18;cscore=276.15;sscore=-2.97;rscore=-9.56;uscore=4.75;tscore=2.49;
contig_24	Prodigal_v2.6.3	CDS	79249	80244	120.0	+	0	ID=21_86;partial=00;start_type=TTG;rbs_motif=AGGAGG;rbs_spacer=5-10bp;gc_cont=0.399;conf=100.00;score=119.96;cscore=108.58;sscore=11.38;rscore=13.75;uscore=2.32;tscore=-4.70;
contig_24	Prodigal_v2.6.3	CDS	80507	82201	295.9	+	0	ID=21_87;partial=00;start_type=ATG;rbs_motif=GGA/GAG/AGG;rbs_spacer=5-10bp;gc_cont=0.379;conf=99.99;score=295.90;cscore=291.72;sscore=4.18;rscore=-0.45;uscore=2.80;tscore=2.49;
contig_24	Prodigal_v2.6.3	CDS	82258	82932	108.9	-	0	ID=21_88;partial=00;start_type=ATG;rbs_motif=AGxAGG/AGGxGG;rbs_spacer=5-10bp;gc_cont=0.347;conf=100.00;score=108.89;cscore=96.30;sscore=12.59;rscore=9.68;uscore=0.42;tscore=2.49;
contig_24	Prodigal_v2.6.3	CDS	83070	83303	20.1	-	0	ID=21_89;partial=00;start_type=GTG;rbs_motif=GGA/GAG/AGG;rbs_spacer=5-10bp;gc_cont=0.376;conf=99.02;score=20.07;cscore=22.68;sscore=-2.61;rscore=-0.49;uscore=-3.80;tscore=-3.91;
contig_24	Prodigal_v2.6.3	CDS	83300	84562	192.7	-	0	ID=21_90;partial=00;start_type=ATG;rbs_motif=AGGAG;rbs_spacer=5-10bp;gc_cont=0.400;conf=99.99;score=192.67;cscore=174.95;sscore=17.71;rscore=12.22;uscore=1.96;tscore=2.49;
contig_24	Prodigal_v2.6.3	CDS	84584	85336	133.3	-	0	ID=21_91;partial=00;start_type=ATG;rbs_motif=GGAG/GAGG;rbs_spacer=5-10bp;gc_cont=0.375;conf=100.00;score=133.34;cscore=121.19;sscore=12.14;rscore=8.24;uscore=0.20;tscore=2.49;
contig_24	Prodigal_v2.6.3	CDS	85326	87077	299.8	-	0	ID=21_92;partial=00;start_type=ATG;rbs_motif=AGGAGG;rbs_spacer=5-10bp;gc_cont=0.362;conf=99.99;score=299.78;cscore=281.82;sscore=17.96;rscore=13.75;uscore=2.38;tscore=2.49;
contig_24	Prodigal_v2.6.3	CDS	87471	87665	17.7	-	0	ID=21_93;partial=00;start_type=ATG;rbs_motif=GGA/GAG/AGG;rbs_spacer=5-10bp;gc_cont=0.323;conf=98.33;score=17.73;cscore=15.74;sscore=1.99;rscore=-0.58;uscore=0.67;tscore=1.91;
contig_24	Prodigal_v2.6.3	CDS	87764	88300	83.0	-	0	ID=21_94;partial=00;start_type=ATG;rbs_motif=AGGAGG;rbs_spacer=5-10bp;gc_cont=0.322;conf=100.00;score=83.04;cscore=66.22;sscore=16.82;rscore=13.75;uscore=1.24;tscore=2.49;
contig_24	Prodigal_v2.6.3	CDS	88486	88689	35.2	+	0	ID=21_95;partial=00;start_type=ATG;rbs_motif=AGGAGG;rbs_spacer=5-10bp;gc_cont=0.402;conf=99.97;score=35.22;cscore=22.55;sscore=12.67;rscore=11.06;uscore=-0.39;tscore=2.00;
contig_24	Prodigal_v2.6.3	CDS	88760	89956	188.8	-	0	ID=21_96;partial=00;start_type=ATG;rbs_motif=GGAGG;rbs_spacer=5-10bp;gc_cont=0.391;conf=99.99;score=188.78;cscore=171.94;sscore=16.84;rscore=12.75;uscore=2.25;tscore=2.49;
contig_24	Prodigal_v2.6.3	CDS	90260	90877	53.3	-	0	ID=21_97;partial=00;start_type=TTG;rbs_motif=None;rbs_spacer=None;gc_cont=0.390;conf=100.00;score=53.29;cscore=64.10;sscore=-10.81;rscore=-9.56;uscore=3.45;tscore=-4.70;
contig_24	Prodigal_v2.6.3	CDS	90825	91250	19.4	-	0	ID=21_98;partial=00;start_type=ATG;rbs_motif=GGA/GAG/AGG;rbs_spacer=11-12bp;gc_cont=0.329;conf=98.87;score=19.45;cscore=17.22;sscore=2.22;rscore=-0.79;uscore=-0.63;tscore=2.49;
contig_24	Prodigal_v2.6.3	CDS	91234	91608	31.8	-	0	ID=21_99;partial=00;start_type=ATG;rbs_motif=AGGAG;rbs_spacer=5-10bp;gc_cont=0.336;conf=99.93;score=31.81;cscore=16.26;sscore=15.55;rscore=12.22;uscore=1.49;tscore=2.49;
contig_24	Prodigal_v2.6.3	CDS	91902	92222	55.1	+	0	ID=21_100;partial=00;start_type=ATG;rbs_motif=AGGAGG;rbs_spacer=5-10bp;gc_cont=0.424;conf=100.00;score=55.13;cscore=37.79;sscore=17.34;rscore=13.75;uscore=1.10;tscore=2.49;
contig_24	Prodigal_v2.6.3	CDS	92446	93105	92.4	-	0	ID=21_101;partial=00;start_type=ATG;rbs_motif=GGAGG;rbs_spacer=5-10bp;gc_cont=0.347;conf=100.00;score=92.39;cscore=75.09;sscore=17.29;rscore=12.75;uscore=0.87;tscore=2.49;
contig_24	Prodigal_v2.6.3	CDS	93092	93586	50.4	-	0	ID=21_102;partial=00;start_type=GTG;rbs_motif=GGA/GAG/AGG;rbs_spacer=11-12bp;gc_cont=0.347;conf=100.00;score=50.44;cscore=51.39;sscore=-0.95;rscore=-0.79;uscore=4.10;tscore=-3.61;
contig_24	Prodigal_v2.6.3	CDS	93851	94819	127.6	-	0	ID=21_103;partial=00;start_type=ATG;rbs_motif=GGA/GAG/AGG;rbs_spacer=5-10bp;gc_cont=0.425;conf=100.00;score=127.60;cscore=122.83;sscore=4.77;rscore=-0.45;uscore=3.38;tscore=2.49;
contig_24	Prodigal_v2.6.3	CDS	95167	96111	124.1	-	0	ID=21_104;partial=00;start_type=ATG;rbs_motif=GGAG/GAGG;rbs_spacer=5-10bp;gc_cont=0.392;conf=100.00;score=124.12;cscore=106.25;sscore=17.87;rscore=8.24;uscore=5.99;tscore=2.49;
contig_24	Prodigal_v2.6.3	CDS	96123	97508	200.2	-	0	ID=21_105;partial=00;start_type=ATG;rbs_motif=GGA/GAG/AGG;rbs_spacer=5-10bp;gc_cont=0.389;conf=99.99;score=200.15;cscore=196.49;sscore=3.66;rscore=-0.45;uscore=2.28;tscore=2.49;
contig_24	Prodigal_v2.6.3	CDS	97734	98459	99.0	+	0	ID=21_106;partial=00;start_type=ATG;rbs_motif=AGxAGG/AGGxGG;rbs_spacer=11-12bp;gc_cont=0.368;conf=100.00;score=98.95;cscore=87.41;sscore=11.54;rscore=6.48;uscore=2.58;tscore=2.49;
contig_24	Prodigal_v2.6.3	CDS	98681	100048	220.6	-	0	ID=21_107;partial=00;start_type=ATG;rbs_motif=GGAGG;rbs_spacer=5-10bp;gc_cont=0.420;conf=99.99;score=220.61;cscore=204.02;sscore=16.58;rscore=12.75;uscore=1.34;tscore=2.49;
contig_24	Prodigal_v2.6.3	CDS	100158	100280	10.2	-	0	ID=21_108;partial=00;start_type=ATG;rbs_motif=AGGAGG;rbs_spacer=5-10bp;gc_cont=0.366;conf=91.31;score=10.23;cscore=0.62;sscore=9.60;rscore=6.60;uscore=0.68;tscore=1.19;
contig_24	Prodigal_v2.6.3	CDS	100294	101319	122.9	-	0	ID=21_109;partial=00;start_type=ATG;rbs_motif=AGxAGG/AGGxGG;rbs_spacer=5-10bp;gc_cont=0.385;conf=100.00;score=122.93;cscore=109.07;sscore=13.86;rscore=9.68;uscore=0.40;tscore=2.49;
contig_24	Prodigal_v2.6.3	CDS	101316	102662	191.2	-	0	ID=21_110;partial=00;start_type=ATG;rbs_motif=AGxAGG/AGGxGG;rbs_spacer=5-10bp;gc_cont=0.402;conf=99.99;score=191.24;cscore=179.07;sscore=12.16;rscore=9.68;uscore=0.65;tscore=2.49;
contig_24	Prodigal_v2.6.3	CDS	103096	104010	155.5	-	0	ID=21_111;partial=00;start_type=ATG;rbs_motif=AGxAGG/AGGxGG;rbs_spacer=5-10bp;gc_cont=0.417;conf=100.00;score=155.46;cscore=140.29;sscore=15.18;rscore=9.68;uscore=3.01;tscore=2.49;
contig_24	Prodigal_v2.6.3	CDS	104083	104295	19.2	-	0	ID=21_112;partial=00;start_type=GTG;rbs_motif=None;rbs_spacer=None;gc_cont=0.376;conf=98.80;score=19.17;cscore=34.16;sscore=-14.98;rscore=-11.38;uscore=0.69;tscore=-4.30;
contig_24	Prodigal_v2.6.3	CDS	104406	104648	50.1	-	0	ID=21_113;partial=00;start_type=ATG;rbs_motif=AGxAGG/AGGxGG;rbs_spacer=5-10bp;gc_cont=0.342;conf=100.00;score=50.12;cscore=34.99;sscore=15.13;rscore=9.29;uscore=3.46;tscore=2.39;
contig_24	Prodigal_v2.6.3	CDS	104806	106233	302.7	-	0	ID=21_114;partial=00;start_type=ATG;rbs_motif=GGAGG;rbs_spacer=5-10bp;gc_cont=0.378;conf=99.99;score=302.69;cscore=285.53;sscore=17.15;rscore=12.75;uscore=0.65;tscore=2.49;
contig_24	Prodigal_v2.6.3	CDS	106235	107698	290.0	-	0	ID=21_115;partial=00;start_type=ATG;rbs_motif=AGGAGG;rbs_spacer=5-10bp;gc_cont=0.412;conf=99.99;score=289.95;cscore=271.70;sscore=18.25;rscore=13.75;uscore=1.00;tscore=2.49;
contig_24	Prodigal_v2.6.3	CDS	107723	108010	74.1	-	0	ID=21_116;partial=00;start_type=ATG;rbs_motif=GGAGG;rbs_spacer=5-10bp;gc_cont=0.365;conf=100.00;score=74.08;cscore=57.04;sscore=17.04;rscore=12.75;uscore=2.46;tscore=2.49;
contig_24	Prodigal_v2.6.3	CDS	108244	109179	131.6	-	0	ID=21_117;partial=00;start_type=GTG;rbs_motif=GGA/GAG/AGG;rbs_spacer=5-10bp;gc_cont=0.372;conf=100.00;score=131.61;cscore=136.91;sscore=-5.30;rscore=-0.45;uscore=-1.24;tscore=-3.61;
contig_24	Prodigal_v2.6.3	CDS	109266	109385	3.7	-	0	ID=21_118;partial=00;start_type=ATG;rbs_motif=AGGAG;rbs_spacer=5-10bp;gc_cont=0.450;conf=69.84;score=3.65;cscore=-2.63;sscore=6.29;rscore=5.72;uscore=0.56;tscore=1.16;
contig_24	Prodigal_v2.6.3	CDS	109694	109927	47.4	-	0	ID=21_119;partial=00;start_type=ATG;rbs_motif=AGGA;rbs_spacer=5-10bp;gc_cont=0.397;conf=100.00;score=47.43;cscore=38.77;sscore=8.65;rscore=3.91;uscore=1.33;tscore=2.30;
contig_24	Prodigal_v2.6.3	CDS	109942	110370	42.6	-	0	ID=21_120;partial=00;start_type=GTG;rbs_motif=None;rbs_spacer=None;gc_cont=0.403;conf=99.99;score=42.65;cscore=55.28;sscore=-12.63;rscore=-9.56;uscore=0.53;tscore=-3.61;
contig_24	Prodigal_v2.6.3	CDS	110486	110731	27.2	-	0	ID=21_121;partial=00;start_type=ATG;rbs_motif=None;rbs_spacer=None;gc_cont=0.407;conf=99.81;score=27.18;cscore=37.64;sscore=-10.46;rscore=-9.83;uscore=-3.05;tscore=2.42;
contig_24	Prodigal_v2.6.3	CDS	110791	111297	86.4	-	0	ID=21_122;partial=00;start_type=GTG;rbs_motif=AGxAGG/AGGxGG;rbs_spacer=5-10bp;gc_cont=0.416;conf=100.00;score=86.44;cscore=80.51;sscore=5.93;rscore=9.68;uscore=-1.37;tscore=-3.61;
contig_24	Prodigal_v2.6.3	CDS	111302	111511	27.8	-	0	ID=21_123;partial=00;start_type=ATG;rbs_motif=GGAGG;rbs_spacer=5-10bp;gc_cont=0.410;conf=99.83;score=27.80;cscore=12.87;sscore=14.93;rscore=10.56;uscore=1.19;tscore=2.06;
contig_24	Prodigal_v2.6.3	CDS	111526	113778	420.2	-	0	ID=21_124;partial=00;start_type=ATG;rbs_motif=AGxAGG/AGGxGG;rbs_spacer=5-10bp;gc_cont=0.374;conf=99.99;score=420.19;cscore=404.43;sscore=15.77;rscore=9.68;uscore=2.68;tscore=2.49;
contig_24	Prodigal_v2.6.3	CDS	113811	114500	127.2	-	0	ID=21_125;partial=00;start_type=ATG;rbs_motif=AGxAGG/AGGxGG;rbs_spacer=5-10bp;gc_cont=0.383;conf=100.00;score=127.16;cscore=112.19;sscore=14.97;rscore=9.68;uscore=2.81;tscore=2.49;
contig_24	Prodigal_v2.6.3	CDS	114612	114932	51.6	-	0	ID=21_126;partial=00;start_type=ATG;rbs_motif=GGAGG;rbs_spacer=5-10bp;gc_cont=0.377;conf=100.00;score=51.63;cscore=36.63;sscore=14.99;rscore=12.75;uscore=-0.25;tscore=2.49;
contig_24	Prodigal_v2.6.3	CDS	115028	115723	94.6	-	0	ID=21_127;partial=00;start_type=ATG;rbs_motif=3Base/5BMM;rbs_spacer=13-15bp;gc_cont=0.385;conf=100.00;score=94.61;cscore=99.67;sscore=-5.07;rscore=-6.44;uscore=-2.38;tscore=2.49;
contig_24	Prodigal_v2.6.3	CDS	115725	116003	36.7	-	0	ID=21_128;partial=00;start_type=GTG;rbs_motif=AGGAG;rbs_spacer=5-10bp;gc_cont=0.416;conf=99.98;score=36.73;cscore=25.57;sscore=11.16;rscore=12.22;uscore=2.54;tscore=-3.61;
contig_24	Prodigal_v2.6.3	CDS	116072	117793	276.0	-	0	ID=21_129;partial=00;start_type=ATG;rbs_motif=AGGAG;rbs_spacer=5-10bp;gc_cont=0.370;conf=99.99;score=276.04;cscore=259.27;sscore=16.77;rscore=12.22;uscore=2.71;tscore=2.49;
contig_24	Prodigal_v2.6.3	CDS	117994	118419	32.1	+	0	ID=21_130;partial=00;start_type=ATG;rbs_motif=AGGAGG;rbs_spacer=5-10bp;gc_cont=0.378;conf=99.94;score=32.12;cscore=17.89;sscore=14.23;rscore=13.75;uscore=-2.01;tscore=2.49;
contig_24	Prodigal_v2.6.3	CDS	118526	119782	271.8	-	0	ID=21_131;partial=00;start_type=ATG;rbs_motif=AGGAGG;rbs_spacer=5-10bp;gc_cont=0.408;conf=99.99;score=271.78;cscore=254.02;sscore=17.76;rscore=13.75;uscore=1.52;tscore=2.49;
contig_24	Prodigal_v2.6.3	CDS	119864	121390	320.2	-	0	ID=21_132;partial=00;start_type=GTG;rbs_motif=AGGAGG;rbs_spacer=5-10bp;gc_cont=0.391;conf=99.99;score=320.23;cscore=311.15;sscore=9.08;rscore=13.75;uscore=-1.06;tscore=-3.61;
contig_24	Prodigal_v2.6.3	CDS	121504	122073	105.3	-	0	ID=21_133;partial=00;start_type=ATG;rbs_motif=GGAG/GAGG;rbs_spacer=5-10bp;gc_cont=0.418;conf=100.00;score=105.34;cscore=93.33;sscore=12.01;rscore=8.24;uscore=-0.29;tscore=2.49;
contig_24	Prodigal_v2.6.3	CDS	122073	123128	215.0	-	0	ID=21_134;partial=00;start_type=GTG;rbs_motif=AGGAGG;rbs_spacer=5-10bp;gc_cont=0.422;conf=99.99;score=214.99;cscore=204.68;sscore=10.32;rscore=13.75;uscore=0.17;tscore=-3.61;
contig_24	Prodigal_v2.6.3	CDS	123213	124637	250.0	-	0	ID=21_135;partial=00;start_type=ATG;rbs_motif=AGGAG;rbs_spacer=5-10bp;gc_cont=0.415;conf=99.99;score=250.02;cscore=235.91;sscore=14.11;rscore=12.22;uscore=-0.60;tscore=2.49;
contig_24	Prodigal_v2.6.3	CDS	124613	126847	461.4	-	0	ID=21_136;partial=00;start_type=ATG;rbs_motif=GGAGG;rbs_spacer=5-10bp;gc_cont=0.423;conf=99.99;score=461.41;cscore=444.30;sscore=17.12;rscore=12.75;uscore=0.69;tscore=2.49;
contig_24	Prodigal_v2.6.3	CDS	126834	127517	110.4	-	0	ID=21_137;partial=00;start_type=ATG;rbs_motif=AGGAGG;rbs_spacer=5-10bp;gc_cont=0.404;conf=100.00;score=110.38;cscore=92.88;sscore=17.49;rscore=13.75;uscore=0.00;tscore=2.49;
contig_24	Prodigal_v2.6.3	CDS	127520	127768	57.3	-	0	ID=21_138;partial=00;start_type=ATG;rbs_motif=GGAGG;rbs_spacer=5-10bp;gc_cont=0.353;conf=100.00;score=57.29;cscore=42.96;sscore=14.33;rscore=12.55;uscore=-1.92;tscore=2.45;
contig_24	Prodigal_v2.6.3	CDS	127771	128481	134.1	-	0	ID=21_139;partial=00;start_type=ATG;rbs_motif=AGxAGG/AGGxGG;rbs_spacer=5-10bp;gc_cont=0.361;conf=100.00;score=134.08;cscore=122.27;sscore=11.82;rscore=9.68;uscore=-0.35;tscore=2.49;
contig_24	Prodigal_v2.6.3	CDS	128610	129905	251.6	-	0	ID=21_140;partial=00;start_type=ATG;rbs_motif=AGGAG;rbs_spacer=5-10bp;gc_cont=0.378;conf=99.99;score=251.60;cscore=236.22;sscore=15.37;rscore=12.22;uscore=-0.47;tscore=2.49;
contig_24	Prodigal_v2.6.3	CDS	129919	130545	57.4	-	0	ID=21_141;partial=00;start_type=TTG;rbs_motif=None;rbs_spacer=None;gc_cont=0.397;conf=100.00;score=57.40;cscore=69.65;sscore=-12.25;rscore=-9.56;uscore=0.88;tscore=-4.70;
contig_24	Prodigal_v2.6.3	CDS	130560	131045	83.4	-	0	ID=21_142;partial=00;start_type=GTG;rbs_motif=GGA/GAG/AGG;rbs_spacer=5-10bp;gc_cont=0.395;conf=100.00;score=83.37;cscore=83.45;sscore=-0.08;rscore=-0.45;uscore=2.23;tscore=-3.61;
contig_24	Prodigal_v2.6.3	CDS	131042	131530	111.7	-	0	ID=21_143;partial=00;start_type=ATG;rbs_motif=AGGAG;rbs_spacer=5-10bp;gc_cont=0.423;conf=100.00;score=111.67;cscore=95.82;sscore=15.85;rscore=12.22;uscore=1.79;tscore=2.49;
contig_24	Prodigal_v2.6.3	CDS	131961	132128	6.9	-	0	ID=21_144;partial=00;start_type=TTG;rbs_motif=AGGA;rbs_spacer=5-10bp;gc_cont=0.405;conf=82.94;score=6.88;cscore=8.21;sscore=-1.33;rscore=2.79;uscore=2.02;tscore=-7.12;
contig_24	Prodigal_v2.6.3	CDS	132156	132536	19.7	-	0	ID=21_145;partial=00;start_type=ATG;rbs_motif=GGAGG;rbs_spacer=5-10bp;gc_cont=0.328;conf=98.94;score=19.73;cscore=4.88;sscore=14.85;rscore=12.75;uscore=-0.39;tscore=2.49;
# Sequence Data: seqnum=22;seqlen=57217;seqhdr="contig_4"
# Model Data: version=Prodigal.v2.6.3;run_type=Single;model="Ab initio";gc_cont=37.70;transl_table=11;uses_sd=1
contig_4	Prodigal_v2.6.3	CDS	3	209	16.7	+	0	ID=22_1;partial=10;start_type=Edge;rbs_motif=None;rbs_spacer=None;gc_cont=0.348;conf=97.89;score=16.68;cscore=13.46;sscore=3.22;rscore=0.00;uscore=0.00;tscore=3.22;
contig_4	Prodigal_v2.6.3	CDS	350	739	58.4	+	0	ID=22_2;partial=00;start_type=TTG;rbs_motif=AGxAGG/AGGxGG;rbs_spacer=5-10bp;gc_cont=0.372;conf=100.00;score=58.44;cscore=52.05;sscore=6.39;rscore=9.68;uscore=1.40;tscore=-4.70;
contig_4	Prodigal_v2.6.3	CDS	976	1290	37.3	+	0	ID=22_3;partial=00;start_type=GTG;rbs_motif=GGA/GAG/AGG;rbs_spacer=5-10bp;gc_cont=0.425;conf=99.98;score=37.28;cscore=42.82;sscore=-5.54;rscore=-0.45;uscore=-0.83;tscore=-3.61;
contig_4	Prodigal_v2.6.3	CDS	1438	2637	188.2	-	0	ID=22_4;partial=00;start_type=ATG;rbs_motif=GGAG/GAGG;rbs_spacer=5-10bp;gc_cont=0.360;conf=99.99;score=188.15;cscore=174.43;sscore=13.72;rscore=8.24;uscore=3.65;tscore=2.49;
contig_4	Prodigal_v2.6.3	CDS	2923	3132	38.2	+	0	ID=22_5;partial=00;start_type=ATG;rbs_motif=AGGAGG;rbs_spacer=5-10bp;gc_cont=0.367;conf=99.98;score=38.24;cscore=20.79;sscore=17.45;rscore=11.39;uscore=4.00;tscore=2.06;
contig_4	Prodigal_v2.6.3	CDS	3177	4139	83.2	-	0	ID=22_6;partial=00;start_type=GTG;rbs_motif=GGAG/GAGG;rbs_spacer=5-10bp;gc_cont=0.367;conf=100.00;score=83.25;cscore=77.01;sscore=6.24;rscore=8.24;uscore=0.69;tscore=-3.61;
contig_4	Prodigal_v2.6.3	CDS	4173	4856	63.8	-	0	ID=22_7;partial=00;start_type=TTG;rbs_motif=GGA/GAG/AGG;rbs_spacer=5-10bp;gc_cont=0.379;conf=100.00;score=63.76;cscore=65.17;sscore=-1.40;rscore=-0.45;uscore=4.40;tscore=-4.70;
contig_4	Prodigal_v2.6.3	CDS	4982	5287	41.1	+	0	ID=22_8;partial=00;start_type=ATG;rbs_motif=GGA/GAG/AGG;rbs_spacer=5-10bp;gc_cont=0.376;conf=99.99;score=41.13;cscore=33.91;sscore=7.21;rscore=-0.45;uscore=5.17;tscore=2.49;
contig_4	Prodigal_v2.6.3	CDS	5555	6025	57.6	+	0	ID=22_9;partial=00;start_type=ATG;rbs_motif=AGGA/GGAG/GAGG;rbs_spacer=11-12bp;gc_cont=0.382;conf=100.00;score=57.65;cscore=51.25;sscore=6.40;rscore=3.18;uscore=1.39;tscore=2.49;
contig_4	Prodigal_v2.6.3	CDS	6039	6476	40.0	+	0	ID=22_10;partial=00;start_type=ATG;rbs_motif=GGAG/GAGG;rbs_spacer=5-10bp;gc_cont=0.400;conf=99.99;score=39.96;cscore=22.80;sscore=17.15;rscore=8.24;uscore=5.30;tscore=2.49;
contig_4	Prodigal_v2.6.3	CDS	6473	6580	21.7	+	0	ID=22_11;partial=00;start_type=ATG;rbs_motif=3Base/5BMM;rbs_spacer=13-15bp;gc_cont=0.435;conf=99.32;score=21.69;cscore=17.32;sscore=4.37;rscore=-15.33;uscore=2.03;tscore=1.04;
contig_4	Prodigal_v2.6.3	CDS	6577	7677	180.8	+	0	ID=22_12;partial=00;start_type=ATG;rbs_motif=AGxAGG/AGGxGG;rbs_spacer=5-10bp;gc_cont=0.394;conf=99.99;score=180.75;cscore=164.26;sscore=16.50;rscore=9.68;uscore=3.04;tscore=2.49;
contig_4	Prodigal_v2.6.3	CDS	7674	8168	93.1	+	0	ID=22_13;partial=00;start_type=ATG;rbs_motif=AGGAG;rbs_spacer=5-10bp;gc_cont=0.418;conf=100.00;score=93.11;cscore=74.23;sscore=18.89;rscore=12.22;uscore=2.88;tscore=2.49;
contig_4	Prodigal_v2.6.3	CDS	8289	8474	10.3	+	0	ID=22_14;partial=00;start_type=TTG;rbs_motif=None;rbs_spacer=None;gc_cont=0.392;conf=91.47;score=10.32;cscore=31.39;sscore=-21.07;rscore=-13.06;uscore=-1.60;tscore=-6.42;
contig_4	Prodigal_v2.6.3	CDS	8416	10116	339.1	+	0	ID=22_15;partial=00;start_type=TTG;rbs_motif=GGA/GAG/AGG;rbs_spacer=5-10bp;gc_cont=0.409;conf=99.99;score=339.08;cscore=345.19;sscore=-6.12;rscore=-0.45;uscore=-0.97;tscore=-4.70;
contig_4	Prodigal_v2.6.3	CDS	10208	11584	209.6	+	0	ID=22_16;partial=00;start_type=TTG;rbs_motif=GGAG/GAGG;rbs_spacer=5-10bp;gc_cont=0.423;conf=99.99;score=209.62;cscore=205.18;sscore=4.44;rscore=8.24;uscore=0.90;tscore=-4.70;
contig_4	Prodigal_v2.6.3	CDS	11867	12952	170.0	+	0	ID=22_17;partial=00;start_type=GTG;rbs_motif=AGGAGG;rbs_spacer=5-10bp;gc_cont=0.378;conf=100.00;score=170.03;cscore=158.45;sscore=11.58;rscore=13.75;uscore=2.09;tscore=-3.61;
contig_4	Prodigal_v2.6.3	CDS	12964	13659	113.3	+	0	ID=22_18;partial=00;start_type=ATG;rbs_motif=AGGA;rbs_spacer=5-10bp;gc_cont=0.422;conf=100.00;score=113.32;cscore=105.83;sscore=7.49;rscore=4.23;uscore=-0.38;tscore=2.49;
contig_4	Prodigal_v2.6.3	CDS	13974	14915	122.7	+	0	ID=22_19;partial=00;start_type=GTG;rbs_motif=GGAG/GAGG;rbs_spacer=5-10bp;gc_cont=0.379;conf=100.00;score=122.75;cscore=115.26;sscore=7.49;rscore=8.24;uscore=3.51;tscore=-3.61;
contig_4	Prodigal_v2.6.3	CDS	15057	15533	86.7	+	0	ID=22_20;partial=00;start_type=ATG;rbs_motif=AGGA;rbs_spacer=5-10bp;gc_cont=0.421;conf=100.00;score=86.67;cscore=76.32;sscore=10.36;rscore=4.23;uscore=3.64;tscore=2.49;
contig_4	Prodigal_v2.6.3	CDS	15624	17084	291.7	+	0	ID=22_21;partial=00;start_type=ATG;rbs_motif=AGGAGG;rbs_spacer=5-10bp;gc_cont=0.376;conf=99.99;score=291.74;cscore=274.20;sscore=17.54;rscore=13.75;uscore=1.30;tscore=2.49;
contig_4	Prodigal_v2.6.3	CDS	17415	18815	249.0	+	0	ID=22_22;partial=00;start_type=ATG;rbs_motif=AGGAG/GGAGG;rbs_spacer=11-12bp;gc_cont=0.389;conf=99.99;score=249.03;cscore=235.84;sscore=13.19;rscore=9.05;uscore=2.30;tscore=2.49;
contig_4	Prodigal_v2.6.3	CDS	18800	19240	61.6	+	0	ID=22_23;partial=00;start_type=ATG;rbs_motif=AGGA;rbs_spacer=5-10bp;gc_cont=0.417;conf=100.00;score=61.58;cscore=53.51;sscore=8.07;rscore=4.23;uscore=0.19;tscore=2.49;
contig_4	Prodigal_v2.6.3	CDS	19240	19992	157.0	+	0	ID=22_24;partial=00;start_type=ATG;rbs_motif=AGGAG;rbs_spacer=5-10bp;gc_cont=0.402;conf=100.00;score=156.98;cscore=138.34;sscore=18.64;rscore=12.22;uscore=2.65;tscore=2.49;
contig_4	Prodigal_v2.6.3	CDS	19995	20507	63.1	+	0	ID=22_25;partial=00;start_type=ATG;rbs_motif=3Base/5BMM;rbs_spacer=13-15bp;gc_cont=0.386;conf=100.00;score=63.14;cscore=63.42;sscore=-0.28;rscore=-6.44;uscore=2.42;tscore=2.49;
contig_4	Prodigal_v2.6.3	CDS	20576	21223	104.0	+	0	ID=22_26;partial=00;start_type=ATG;rbs_motif=GGAG/GAGG;rbs_spacer=5-10bp;gc_cont=0.352;conf=100.00;score=103.98;cscore=94.63;sscore=9.35;rscore=8.24;uscore=-1.38;tscore=2.49;
contig_4	Prodigal_v2.6.3	CDS	21496	21681	20.7	+	0	ID=22_27;partial=00;start_type=ATG;rbs_motif=GGAGG;rbs_spacer=5-10bp;gc_cont=0.344;conf=99.15;score=20.69;cscore=9.38;sscore=11.31;rscore=9.34;uscore=0.80;tscore=1.82;
contig_4	Prodigal_v2.6.3	CDS	22040	22573	123.1	+	0	ID=22_28;partial=00;start_type=ATG;rbs_motif=AGGAG/GGAGG;rbs_spacer=11-12bp;gc_cont=0.382;conf=100.00;score=123.15;cscore=112.46;sscore=10.69;rscore=9.05;uscore=-0.20;tscore=2.49;
contig_4	Prodigal_v2.6.3	CDS	22803	23228	67.6	+	0	ID=22_29;partial=00;start_type=GTG;rbs_motif=AGGAGG;rbs_spacer=5-10bp;gc_cont=0.418;conf=100.00;score=67.60;cscore=62.01;sscore=5.60;rscore=13.75;uscore=-3.89;tscore=-3.61;
contig_4	Prodigal_v2.6.3	CDS	23345	24043	144.9	+	0	ID=22_30;partial=00;start_type=ATG;rbs_motif=AGGAGG;rbs_spacer=5-10bp;gc_cont=0.386;conf=100.00;score=144.94;cscore=128.35;sscore=16.59;rscore=13.75;uscore=0.35;tscore=2.49;
contig_4	Prodigal_v2.6.3	CDS	24275	24775	101.1	+	0	ID=22_31;partial=00;start_type=ATG;rbs_motif=AGGAGG;rbs_spacer=5-10bp;gc_cont=0.403;conf=100.00;score=101.07;cscore=86.21;sscore=14.86;rscore=13.75;uscore=-0.72;tscore=2.49;
contig_4	Prodigal_v2.6.3	CDS	24849	25208	96.0	+	0	ID=22_32;partial=00;start_type=ATG;rbs_motif=AGGAGG;rbs_spacer=5-10bp;gc_cont=0.375;conf=100.00;score=95.97;cscore=78.12;sscore=17.85;rscore=13.75;uscore=1.61;tscore=2.49;
contig_4	Prodigal_v2.6.3	CDS	25285	25887	85.6	+	0	ID=22_33;partial=00;start_type=ATG;rbs_motif=AGGAGG;rbs_spacer=5-10bp;gc_cont=0.413;conf=100.00;score=85.57;cscore=72.85;sscore=12.72;rscore=13.75;uscore=-3.52;tscore=2.49;
contig_4	Prodigal_v2.6.3	CDS	26140	26841	118.9	+	0	ID=22_34;partial=00;start_type=TTG;rbs_motif=GGAG/GAGG;rbs_spacer=5-10bp;gc_cont=0.397;conf=100.00;score=118.95;cscore=117.34;sscore=1.60;rscore=8.24;uscore=-1.29;tscore=-4.70;
contig_4	Prodigal_v2.6.3	CDS	26961	29705	547.3	+	0	ID=22_35;partial=00;start_type=ATG;rbs_motif=None;rbs_spacer=None;gc_cont=0.409;conf=99.99;score=547.29;cscore=553.29;sscore=-6.00;rscore=-9.56;uscore=1.08;tscore=2.49;
contig_4	Prodigal_v2.6.3	CDS	29908	33591	730.1	+	0	ID=22_36;partial=00;start_type=TTG;rbs_motif=GGAGG;rbs_spacer=5-10bp;gc_cont=0.390;conf=99.99;score=730.15;cscore=720.52;sscore=9.63;rscore=12.75;uscore=2.22;tscore=-4.70;
contig_4	Prodigal_v2.6.3	CDS	33730	33978	37.5	+	0	ID=22_37;partial=00;start_type=ATG;rbs_motif=GGAGG;rbs_spacer=5-10bp;gc_cont=0.430;conf=99.98;score=37.55;cscore=23.69;sscore=13.85;rscore=12.55;uscore=-1.14;tscore=2.45;
contig_4	Prodigal_v2.6.3	CDS	34078	34497	68.3	+	0	ID=22_38;partial=00;start_type=ATG;rbs_motif=GGAGG;rbs_spacer=5-10bp;gc_cont=0.395;conf=100.00;score=68.29;cscore=49.36;sscore=18.94;rscore=12.75;uscore=3.70;tscore=2.49;
contig_4	Prodigal_v2.6.3	CDS	34542	35012	86.6	+	0	ID=22_39;partial=00;start_type=ATG;rbs_motif=AGGAGG;rbs_spacer=5-10bp;gc_cont=0.401;conf=100.00;score=86.62;cscore=68.78;sscore=17.84;rscore=13.75;uscore=0.81;tscore=2.49;
contig_4	Prodigal_v2.6.3	CDS	35055	37133	405.1	+	0	ID=22_40;partial=00;start_type=ATG;rbs_motif=AGGAG;rbs_spacer=5-10bp;gc_cont=0.412;conf=99.99;score=405.09;cscore=387.70;sscore=17.39;rscore=12.22;uscore=1.86;tscore=2.49;
contig_4	Prodigal_v2.6.3	CDS	37270	38457	227.2	+	0	ID=22_41;partial=00;start_type=ATG;rbs_motif=AGGAGG;rbs_spacer=5-10bp;gc_cont=0.416;conf=99.99;score=227.23;cscore=207.84;sscore=19.39;rscore=13.75;uscore=3.15;tscore=2.49;
contig_4	Prodigal_v2.6.3	CDS	38616	39296	78.3	+	0	ID=22_42;partial=00;start_type=ATG;rbs_motif=GGA/GAG/AGG;rbs_spacer=5-10bp;gc_cont=0.364;conf=100.00;score=78.35;cscore=73.83;sscore=4.52;rscore=-0.45;uscore=2.48;tscore=2.49;
contig_4	Prodigal_v2.6.3	CDS	39312	40328	117.6	+	0	ID=22_43;partial=00;start_type=TTG;rbs_motif=GGA/GAG/AGG;rbs_spacer=5-10bp;gc_cont=0.335;conf=100.00;score=117.65;cscore=120.89;sscore=-3.24;rscore=-0.45;uscore=0.80;tscore=-4.70;
contig_4	Prodigal_v2.6.3	CDS	40398	41186	95.0	+	0	ID=22_44;partial=00;start_type=TTG;rbs_motif=GGA/GAG/AGG;rbs_spacer=5-10bp;gc_cont=0.383;conf=100.00;score=94.96;cscore=99.72;sscore=-4.76;rscore=-0.45;uscore=0.39;tscore=-4.70;
contig_4	Prodigal_v2.6.3	CDS	41176	43155	263.2	+	0	ID=22_45;partial=00;start_type=ATG;rbs_motif=AGxAGG/AGGxGG;rbs_spacer=5-10bp;gc_cont=0.367;conf=99.99;score=263.25;cscore=251.11;sscore=12.14;rscore=9.68;uscore=-1.25;tscore=2.49;
contig_4	Prodigal_v2.6.3	CDS	43315	44625	179.6	+	0	ID=22_46;partial=00;start_type=ATG;rbs_motif=GGA/GAG/AGG;rbs_spacer=5-10bp;gc_cont=0.391;conf=99.99;score=179.64;cscore=174.49;sscore=5.14;rscore=-0.45;uscore=3.11;tscore=2.49;
contig_4	Prodigal_v2.6.3	CDS	44983	45291	57.7	+	0	ID=22_47;partial=00;start_type=ATG;rbs_motif=AGGAGG;rbs_spacer=5-10bp;gc_cont=0.392;conf=100.00;score=57.71;cscore=40.26;sscore=17.45;rscore=13.75;uscore=1.86;tscore=2.49;
contig_4	Prodigal_v2.6.3	CDS	45337	45966	114.8	+	0	ID=22_48;partial=00;start_type=ATG;rbs_motif=AGGAGG;rbs_spacer=5-10bp;gc_cont=0.414;conf=100.00;score=114.79;cscore=96.70;sscore=18.09;rscore=13.75;uscore=1.07;tscore=2.49;
contig_4	Prodigal_v2.6.3	CDS	45993	46616	121.9	+	0	ID=22_49;partial=00;start_type=ATG;rbs_motif=AGGAGG;rbs_spacer=5-10bp;gc_cont=0.397;conf=100.00;score=121.94;cscore=101.02;sscore=20.92;rscore=13.75;uscore=3.69;tscore=2.49;
contig_4	Prodigal_v2.6.3	CDS	46616	46900	56.6	+	0	ID=22_50;partial=00;start_type=ATG;rbs_motif=AGGAGG;rbs_spacer=5-10bp;gc_cont=0.375;conf=100.00;score=56.61;cscore=37.01;sscore=19.60;rscore=13.75;uscore=2.07;tscore=2.49;
contig_4	Prodigal_v2.6.3	CDS	46948	47778	148.6	+	0	ID=22_51;partial=00;start_type=ATG;rbs_motif=AGGAGG;rbs_spacer=5-10bp;gc_cont=0.415;conf=100.00;score=148.59;cscore=129.07;sscore=19.52;rscore=13.75;uscore=2.52;tscore=2.49;
contig_4	Prodigal_v2.6.3	CDS	47839	48117	43.4	+	0	ID=22_52;partial=00;start_type=ATG;rbs_motif=GGAGG;rbs_spacer=5-10bp;gc_cont=0.423;conf=100.00;score=43.40;cscore=29.93;sscore=13.47;rscore=12.75;uscore=-1.77;tscore=2.49;
contig_4	Prodigal_v2.6.3	CDS	48140	48484	63.1	+	0	ID=22_53;partial=00;start_type=ATG;rbs_motif=AGGAGG;rbs_spacer=5-10bp;gc_cont=0.438;conf=100.00;score=63.06;cscore=44.41;sscore=18.65;rscore=13.75;uscore=1.38;tscore=2.49;
contig_4	Prodigal_v2.6.3	CDS	48488	49141	120.6	+	0	ID=22_54;partial=00;start_type=GTG;rbs_motif=AGGAGG;rbs_spacer=5-10bp;gc_cont=0.422;conf=100.00;score=120.63;cscore=109.29;sscore=11.34;rscore=13.75;uscore=-0.04;tscore=-3.61;
contig_4	Prodigal_v2.6.3	CDS	49143	49577	78.8	+	0	ID=22_55;partial=00;start_type=ATG;rbs_motif=AGGAGG;rbs_spacer=5-10bp;gc_cont=0.432;conf=100.00;score=78.79;cscore=60.58;sscore=18.20;rscore=13.75;uscore=0.70;tscore=2.49;
contig_4	Prodigal_v2.6.3	CDS	49567	49767	32.8	+	0	ID=22_56;partial=00;start_type=ATG;rbs_motif=GGxGG;rbs_spacer=5-10bp;gc_cont=0.383;conf=99.95;score=32.78;cscore=23.17;sscore=9.61;rscore=5.36;uscore=1.06;tscore=1.97;
contig_4	Prodigal_v2.6.3	CDS	49786	50049	50.2	+	0	ID=22_57;partial=00;start_type=ATG;rbs_motif=AGGAGG;rbs_spacer=5-10bp;gc_cont=0.375;conf=100.00;score=50.21;cscore=28.42;sscore=21.80;rscore=13.75;uscore=4.48;tscore=2.49;
contig_4	Prodigal_v2.6.3	CDS	50093	50461	61.9	+	0	ID=22_58;partial=00;start_type=GTG;rbs_motif=GGAGG;rbs_spacer=5-10bp;gc_cont=0.423;conf=100.00;score=61.95;cscore=51.02;sscore=10.93;rscore=12.75;uscore=0.98;tscore=-3.61;
contig_4	Prodigal_v2.6.3	CDS	50497	50805	56.1	+	0	ID=22_59;partial=00;start_type=ATG;rbs_motif=AGGAGG;rbs_spacer=5-10bp;gc_cont=0.401;conf=100.00;score=56.10;cscore=39.47;sscore=16.64;rscore=13.75;uscore=-0.49;tscore=2.49;
contig_4	Prodigal_v2.6.3	CDS	50834	51172	61.9	+	0	ID=22_60;partial=00;start_type=ATG;rbs_motif=GGAGG;rbs_spacer=5-10bp;gc_cont=0.369;conf=100.00;score=61.86;cscore=42.33;sscore=19.53;rscore=12.75;uscore=3.32;tscore=2.49;
contig_4	Prodigal_v2.6.3	CDS	51123	51374	29.5	+	0	ID=22_61;partial=00;start_type=ATG;rbs_motif=GGA/GAG/AGG;rbs_spacer=5-10bp;gc_cont=0.405;conf=99.89;score=29.51;cscore=29.21;sscore=0.30;rscore=-0.45;uscore=-1.73;tscore=2.48;
contig_4	Prodigal_v2.6.3	CDS	51396	51581	11.7	+	0	ID=22_62;partial=00;start_type=GTG;rbs_motif=AGGAGG;rbs_spacer=5-10bp;gc_cont=0.392;conf=93.62;score=11.69;cscore=6.05;sscore=5.63;rscore=10.07;uscore=-0.55;tscore=-4.93;
contig_4	Prodigal_v2.6.3	CDS	51611	52009	80.4	+	0	ID=22_63;partial=00;start_type=ATG;rbs_motif=AGGAGG;rbs_spacer=5-10bp;gc_cont=0.388;conf=100.00;score=80.40;cscore=64.06;sscore=16.33;rscore=13.75;uscore=-0.86;tscore=2.49;
contig_4	Prodigal_v2.6.3	CDS	52040	52579	105.4	+	0	ID=22_64;partial=00;start_type=ATG;rbs_motif=GGAGG;rbs_spacer=5-10bp;gc_cont=0.411;conf=100.00;score=105.35;cscore=86.67;sscore=18.68;rscore=12.75;uscore=2.49;tscore=2.49;
contig_4	Prodigal_v2.6.3	CDS	52612	52971	64.6	+	0	ID=22_65;partial=00;start_type=GTG;rbs_motif=AGGAG;rbs_spacer=5-10bp;gc_cont=0.417;conf=100.00;score=64.64;cscore=53.42;sscore=11.22;rscore=12.22;uscore=1.68;tscore=-3.61;
contig_4	Prodigal_v2.6.3	CDS	53163	53498	47.0	+	0	ID=22_66;partial=00;start_type=GTG;rbs_motif=None;rbs_spacer=None;gc_cont=0.438;conf=100.00;score=46.98;cscore=62.49;sscore=-15.51;rscore=-9.56;uscore=-1.69;tscore=-3.61;
contig_4	Prodigal_v2.6.3	CDS	53512	53694	30.9	+	0	ID=22_67;partial=00;start_type=ATG;rbs_motif=AGxAGG/AGGxGG;rbs_spacer=5-10bp;gc_cont=0.361;conf=99.92;score=30.91;cscore=19.91;sscore=11.00;rscore=6.97;uscore=1.11;tscore=1.79;
contig_4	Prodigal_v2.6.3	CDS	53729	54043	70.4	+	0	ID=22_68;partial=00;start_type=ATG;rbs_motif=AGGAGG;rbs_spacer=11-12bp;gc_cont=0.463;conf=100.00;score=70.36;cscore=53.47;sscore=16.88;rscore=10.68;uscore=2.82;tscore=2.49;
contig_4	Prodigal_v2.6.3	CDS	54383	55465	141.7	+	0	ID=22_69;partial=00;start_type=ATG;rbs_motif=None;rbs_spacer=None;gc_cont=0.382;conf=100.00;score=141.70;cscore=150.66;sscore=-8.96;rscore=-9.56;uscore=-1.23;tscore=2.49;
contig_4	Prodigal_v2.6.3	CDS	55536	55670	1.6	+	0	ID=22_70;partial=00;start_type=ATG;rbs_motif=AGGAG/GGAGG;rbs_spacer=11-12bp;gc_cont=0.415;conf=59.26;score=1.63;cscore=-3.06;sscore=4.69;rscore=4.78;uscore=-0.91;tscore=1.31;
contig_4	Prodigal_v2.6.3	CDS	55634	56188	84.6	+	0	ID=22_71;partial=00;start_type=ATG;rbs_motif=GGA/GAG/AGG;rbs_spacer=3-4bp;gc_cont=0.398;conf=100.00;score=84.63;cscore=89.96;sscore=-5.33;rscore=-7.91;uscore=0.10;tscore=2.49;
contig_4	Prodigal_v2.6.3	CDS	56661	56819	9.2	+	0	ID=22_72;partial=00;start_type=ATG;rbs_motif=3Base/5BMM;rbs_spacer=13-15bp;gc_cont=0.358;conf=89.17;score=9.17;cscore=18.00;sscore=-8.83;rscore=-10.32;uscore=0.59;tscore=1.55;
contig_4	Prodigal_v2.6.3	CDS	56995	57216	54.7	+	0	ID=22_73;partial=01;start_type=ATG;rbs_motif=AGGAGG;rbs_spacer=11-12bp;gc_cont=0.405;conf=100.00;score=54.66;cscore=37.19;sscore=17.47;rscore=10.68;uscore=3.30;tscore=2.49;
# Sequence Data: seqnum=23;seqlen=31040;seqhdr="contig_33"
# Model Data: version=Prodigal.v2.6.3;run_type=Single;model="Ab initio";gc_cont=37.70;transl_table=11;uses_sd=1
contig_33	Prodigal_v2.6.3	CDS	2	418	44.6	+	0	ID=23_1;partial=10;start_type=Edge;rbs_motif=None;rbs_spacer=None;gc_cont=0.333;conf=100.00;score=44.61;cscore=41.39;sscore=3.22;rscore=0.00;uscore=0.00;tscore=3.22;
contig_33	Prodigal_v2.6.3	CDS	473	1312	122.9	+	0	ID=23_2;partial=00;start_type=ATG;rbs_motif=GGAGG;rbs_spacer=5-10bp;gc_cont=0.405;conf=100.00;score=122.91;cscore=111.57;sscore=11.34;rscore=12.75;uscore=-4.58;tscore=2.49;
contig_33	Prodigal_v2.6.3	CDS	1355	2194	128.8	-	0	ID=23_3;partial=00;start_type=TTG;rbs_motif=AGGA/GGAG/GAGG;rbs_spacer=11-12bp;gc_cont=0.373;conf=100.00;score=128.75;cscore=128.55;sscore=0.20;rscore=3.18;uscore=1.73;tscore=-4.70;
contig_33	Prodigal_v2.6.3	CDS	2265	2435	31.8	-	0	ID=23_4;partial=00;start_type=ATG;rbs_motif=GGAG/GAGG;rbs_spacer=5-10bp;gc_cont=0.392;conf=99.93;score=31.78;cscore=23.97;sscore=7.80;rscore=5.54;uscore=1.25;tscore=1.67;
contig_33	Prodigal_v2.6.3	CDS	2581	2673	11.3	+	0	ID=23_5;partial=00;start_type=ATG;rbs_motif=AGGAGG;rbs_spacer=5-10bp;gc_cont=0.333;conf=93.05;score=11.29;cscore=4.50;sscore=6.78;rscore=4.95;uscore=0.94;tscore=0.90;
contig_33	Prodigal_v2.6.3	CDS	2827	3672	134.6	+	0	ID=23_6;partial=00;start_type=ATG;rbs_motif=GGAGG;rbs_spacer=5-10bp;gc_cont=0.397;conf=100.00;score=134.56;cscore=116.04;sscore=18.52;rscore=12.75;uscore=3.27;tscore=2.49;
contig_33	Prodigal_v2.6.3	CDS	3710	4183	61.8	-	0	ID=23_7;partial=00;start_type=ATG;rbs_motif=AGGA/GGAG/GAGG;rbs_spacer=11-12bp;gc_cont=0.373;conf=100.00;score=61.79;cscore=53.47;sscore=8.31;rscore=3.18;uscore=3.30;tscore=2.49;
contig_33	Prodigal_v2.6.3	CDS	4368	5498	164.7	-	0	ID=23_8;partial=00;start_type=ATG;rbs_motif=AGGAG/GGAGG;rbs_spacer=11-12bp;gc_cont=0.431;conf=100.00;score=164.69;cscore=151.55;sscore=13.14;rscore=9.05;uscore=2.26;tscore=2.49;
contig_33	Prodigal_v2.6.3	CDS	5558	6247	102.5	+	0	ID=23_9;partial=00;start_type=TTG;rbs_motif=AGxAGG/AGGxGG;rbs_spacer=5-10bp;gc_cont=0.375;conf=100.00;score=102.53;cscore=92.71;sscore=9.82;rscore=9.68;uscore=4.84;tscore=-4.70;
contig_33	Prodigal_v2.6.3	CDS	6263	6772	78.6	+	0	ID=23_10;partial=00;start_type=GTG;rbs_motif=AGGA;rbs_spacer=5-10bp;gc_cont=0.371;conf=100.00;score=78.63;cscore=75.07;sscore=3.55;rscore=4.23;uscore=1.83;tscore=-3.61;
contig_33	Prodigal_v2.6.3	CDS	7070	8656	240.0	+	0	ID=23_11;partial=00;start_type=ATG;rbs_motif=GGA/GAG/AGG;rbs_spacer=5-10bp;gc_cont=0.404;conf=99.99;score=239.96;cscore=236.53;sscore=3.43;rscore=-0.45;uscore=2.04;tscore=2.49;
contig_33	Prodigal_v2.6.3	CDS	8699	9100	60.2	-	0	ID=23_12;partial=00;start_type=ATG;rbs_motif=GGAG/GAGG;rbs_spacer=5-10bp;gc_cont=0.386;conf=100.00;score=60.23;cscore=46.52;sscore=13.70;rscore=8.24;uscore=1.86;tscore=2.49;
contig_33	Prodigal_v2.6.3	CDS	9115	9372	28.5	-	0	ID=23_13;partial=00;start_type=ATG;rbs_motif=None;rbs_spacer=None;gc_cont=0.391;conf=99.86;score=28.46;cscore=33.88;sscore=-5.42;rscore=-9.56;uscore=0.79;tscore=2.49;
contig_33	Prodigal_v2.6.3	CDS	9411	10019	92.2	-	0	ID=23_14;partial=00;start_type=GTG;rbs_motif=AGGAGG;rbs_spacer=5-10bp;gc_cont=0.379;conf=100.00;score=92.24;cscore=80.76;sscore=11.47;rscore=13.75;uscore=1.98;tscore=-3.61;
contig_33	Prodigal_v2.6.3	CDS	10141	11043	56.6	+	0	ID=23_15;partial=00;start_type=TTG;rbs_motif=GGA/GAG/AGG;rbs_spacer=11-12bp;gc_cont=0.364;conf=100.00;score=56.63;cscore=58.63;sscore=-1.99;rscore=-0.79;uscore=3.49;tscore=-4.70;
contig_33	Prodigal_v2.6.3	CDS	11150	11776	85.5	-	0	ID=23_16;partial=00;start_type=ATG;rbs_motif=3Base/5BMM;rbs_spacer=13-15bp;gc_cont=0.391;conf=100.00;score=85.48;cscore=86.41;sscore=-0.92;rscore=-6.44;uscore=3.68;tscore=2.49;
contig_33	Prodigal_v2.6.3	CDS	11963	12709	92.5	+	0	ID=23_17;partial=00;start_type=ATG;rbs_motif=GGAG/GAGG;rbs_spacer=5-10bp;gc_cont=0.372;conf=100.00;score=92.51;cscore=78.97;sscore=13.53;rscore=8.24;uscore=2.81;tscore=2.49;
contig_33	Prodigal_v2.6.3	CDS	12748	13833	147.4	-	0	ID=23_18;partial=00;start_type=GTG;rbs_motif=AGGAGG;rbs_spacer=5-10bp;gc_cont=0.371;conf=100.00;score=147.45;cscore=135.68;sscore=11.77;rscore=13.75;uscore=1.63;tscore=-3.61;
contig_33	Prodigal_v2.6.3	CDS	13916	14275	61.1	-	0	ID=23_19;partial=00;start_type=ATG;rbs_motif=GGxGG;rbs_spacer=5-10bp;gc_cont=0.403;conf=100.00;score=61.09;cscore=51.63;sscore=9.47;rscore=6.77;uscore=0.86;tscore=2.49;
contig_33	Prodigal_v2.6.3	CDS	14441	15037	58.8	+	0	ID=23_20;partial=00;start_type=TTG;rbs_motif=AGGAG;rbs_spacer=5-10bp;gc_cont=0.363;conf=100.00;score=58.76;cscore=50.66;sscore=8.10;rscore=12.22;uscore=0.58;tscore=-4.70;
contig_33	Prodigal_v2.6.3	CDS	15038	15739	89.5	+	0	ID=23_21;partial=00;start_type=ATG;rbs_motif=AGxAGG/AGGxGG;rbs_spacer=5-10bp;gc_cont=0.350;conf=100.00;score=89.50;cscore=70.77;sscore=18.73;rscore=9.68;uscore=5.29;tscore=2.49;
contig_33	Prodigal_v2.6.3	CDS	15742	16551	116.5	+	0	ID=23_22;partial=00;start_type=ATG;rbs_motif=GGAGG;rbs_spacer=5-10bp;gc_cont=0.369;conf=100.00;score=116.49;cscore=99.97;sscore=16.52;rscore=12.75;uscore=0.03;tscore=2.49;
contig_33	Prodigal_v2.6.3	CDS	16592	17266	119.1	-	0	ID=23_23;partial=00;start_type=ATG;rbs_motif=GGAGG;rbs_spacer=5-10bp;gc_cont=0.376;conf=100.00;score=119.15;cscore=101.48;sscore=17.67;rscore=12.75;uscore=1.18;tscore=2.49;
contig_33	Prodigal_v2.6.3	CDS	17269	17772	49.6	-	0	ID=23_24;partial=00;start_type=ATG;rbs_motif=AGGA/GGAG/GAGG;rbs_spacer=11-12bp;gc_cont=0.341;conf=100.00;score=49.59;cscore=44.80;sscore=4.79;rscore=3.18;uscore=-0.22;tscore=2.49;
contig_33	Prodigal_v2.6.3	CDS	17985	18302	40.7	-	0	ID=23_25;partial=00;start_type=ATG;rbs_motif=GGAGG;rbs_spacer=5-10bp;gc_cont=0.368;conf=99.99;score=40.71;cscore=22.40;sscore=18.31;rscore=12.75;uscore=3.07;tscore=2.49;
contig_33	Prodigal_v2.6.3	CDS	19303	20010	113.5	-	0	ID=23_26;partial=00;start_type=ATG;rbs_motif=AGGAGG;rbs_spacer=5-10bp;gc_cont=0.315;conf=100.00;score=113.50;cscore=92.95;sscore=20.56;rscore=13.75;uscore=3.07;tscore=2.49;
contig_33	Prodigal_v2.6.3	CDS	20013	21347	116.6	-	0	ID=23_27;partial=00;start_type=ATG;rbs_motif=None;rbs_spacer=None;gc_cont=0.316;conf=100.00;score=116.63;cscore=117.26;sscore=-0.63;rscore=-9.56;uscore=5.44;tscore=2.49;
contig_33	Prodigal_v2.6.3	CDS	21373	21525	20.7	-	0	ID=23_28;partial=00;start_type=ATG;rbs_motif=AGGAGG;rbs_spacer=5-10bp;gc_cont=0.248;conf=99.15;score=20.70;cscore=8.01;sscore=12.69;rscore=8.25;uscore=1.66;tscore=1.49;
contig_33	Prodigal_v2.6.3	CDS	21525	22088	44.6	-	0	ID=23_29;partial=00;start_type=ATG;rbs_motif=AGGAGG;rbs_spacer=5-10bp;gc_cont=0.353;conf=100.00;score=44.64;cscore=28.74;sscore=15.90;rscore=13.75;uscore=-0.34;tscore=2.49;
contig_33	Prodigal_v2.6.3	CDS	22250	22846	46.6	-	0	ID=23_30;partial=00;start_type=ATG;rbs_motif=AGGA/GGAG/GAGG;rbs_spacer=11-12bp;gc_cont=0.296;conf=100.00;score=46.61;cscore=38.82;sscore=7.79;rscore=3.18;uscore=0.88;tscore=2.49;
contig_33	Prodigal_v2.6.3	CDS	22849	25230	289.3	-	0	ID=23_31;partial=00;start_type=ATG;rbs_motif=AGGAG;rbs_spacer=5-10bp;gc_cont=0.325;conf=99.99;score=289.35;cscore=270.51;sscore=18.84;rscore=12.22;uscore=2.88;tscore=2.49;
contig_33	Prodigal_v2.6.3	CDS	25223	26023	119.5	-	0	ID=23_32;partial=00;start_type=ATG;rbs_motif=AGGAG;rbs_spacer=5-10bp;gc_cont=0.328;conf=100.00;score=119.45;cscore=106.74;sscore=12.71;rscore=12.22;uscore=-2.00;tscore=2.49;
contig_33	Prodigal_v2.6.3	CDS	26001	27854	211.9	-	0	ID=23_33;partial=00;start_type=ATG;rbs_motif=GGA/GAG/AGG;rbs_spacer=5-10bp;gc_cont=0.308;conf=99.99;score=211.95;cscore=205.87;sscore=6.08;rscore=-0.45;uscore=4.04;tscore=2.49;
contig_33	Prodigal_v2.6.3	CDS	27835	28347	60.4	-	0	ID=23_34;partial=00;start_type=ATG;rbs_motif=AGxAGG/AGGxGG;rbs_spacer=5-10bp;gc_cont=0.287;conf=100.00;score=60.40;cscore=45.47;sscore=14.94;rscore=9.68;uscore=1.52;tscore=2.49;
contig_33	Prodigal_v2.6.3	CDS	28350	28841	34.2	-	0	ID=23_35;partial=00;start_type=ATG;rbs_motif=AGGAG;rbs_spacer=5-10bp;gc_cont=0.278;conf=99.96;score=34.23;cscore=21.99;sscore=12.24;rscore=12.22;uscore=-1.81;tscore=2.49;
contig_33	Prodigal_v2.6.3	CDS	29324	29512	2.5	-	0	ID=23_36;partial=00;start_type=ATG;rbs_motif=None;rbs_spacer=None;gc_cont=0.238;conf=63.81;score=2.47;cscore=11.43;sscore=-8.96;rscore=-12.85;uscore=2.69;tscore=1.85;
contig_33	Prodigal_v2.6.3	CDS	29953	30192	18.4	-	0	ID=23_37;partial=00;start_type=ATG;rbs_motif=AGGAGG;rbs_spacer=5-10bp;gc_cont=0.342;conf=98.56;score=18.37;cscore=6.36;sscore=12.01;rscore=13.04;uscore=-2.74;tscore=2.36;
contig_33	Prodigal_v2.6.3	CDS	30420	31040	46.5	-	0	ID=23_38;partial=01;start_type=Edge;rbs_motif=None;rbs_spacer=None;gc_cont=0.309;conf=100.00;score=46.55;cscore=43.33;sscore=3.22;rscore=0.00;uscore=3.22;tscore=0.00;
# Sequence Data: seqnum=24;seqlen=132215;seqhdr="contig_17"
# Model Data: version=Prodigal.v2.6.3;run_type=Single;model="Ab initio";gc_cont=37.70;transl_table=11;uses_sd=1
contig_17	Prodigal_v2.6.3	CDS	2	217	23.0	+	0	ID=24_1;partial=10;start_type=Edge;rbs_motif=None;rbs_spacer=None;gc_cont=0.403;conf=99.50;score=22.99;cscore=19.77;sscore=3.22;rscore=0.00;uscore=0.00;tscore=3.22;
contig_17	Prodigal_v2.6.3	CDS	236	619	57.7	+	0	ID=24_2;partial=00;start_type=ATG;rbs_motif=GGAG/GAGG;rbs_spacer=5-10bp;gc_cont=0.417;conf=100.00;score=57.70;cscore=42.15;sscore=15.55;rscore=8.24;uscore=3.75;tscore=2.49;
contig_17	Prodigal_v2.6.3	CDS	648	2033	148.3	+	0	ID=24_3;partial=00;start_type=ATG;rbs_motif=AGGAG;rbs_spacer=5-10bp;gc_cont=0.400;conf=100.00;score=148.25;cscore=131.14;sscore=17.11;rscore=12.22;uscore=1.43;tscore=2.49;
contig_17	Prodigal_v2.6.3	CDS	2211	3416	88.2	+	0	ID=24_4;partial=00;start_type=TTG;rbs_motif=None;rbs_spacer=None;gc_cont=0.411;conf=100.00;score=88.25;cscore=103.07;sscore=-14.83;rscore=-9.56;uscore=-0.57;tscore=-4.70;
contig_17	Prodigal_v2.6.3	CDS	3459	3680	33.1	+	0	ID=24_5;partial=00;start_type=ATG;rbs_motif=AGGAG;rbs_spacer=5-10bp;gc_cont=0.374;conf=99.95;score=33.12;cscore=17.22;sscore=15.91;rscore=10.71;uscore=2.21;tscore=2.18;
contig_17	Prodigal_v2.6.3	CDS	3797	4294	71.1	+	0	ID=24_6;partial=00;start_type=ATG;rbs_motif=AGGA;rbs_spacer=5-10bp;gc_cont=0.404;conf=100.00;score=71.12;cscore=61.51;sscore=9.61;rscore=4.23;uscore=2.89;tscore=2.49;
contig_17	Prodigal_v2.6.3	CDS	4269	4775	4.2	+	0	ID=24_7;partial=00;start_type=ATG;rbs_motif=None;rbs_spacer=None;gc_cont=0.389;conf=72.50;score=4.22;cscore=14.80;sscore=-10.59;rscore=-9.56;uscore=-3.51;tscore=2.49;
contig_17	Prodigal_v2.6.3	CDS	4759	7206	259.3	+	0	ID=24_8;partial=00;start_type=ATG;rbs_motif=AGGAG;rbs_spacer=5-10bp;gc_cont=0.407;conf=99.99;score=259.27;cscore=245.64;sscore=13.63;rscore=12.22;uscore=-2.23;tscore=2.49;
contig_17	Prodigal_v2.6.3	CDS	7209	9386	184.2	+	0	ID=24_9;partial=00;start_type=GTG;rbs_motif=GGAG/GAGG;rbs_spacer=5-10bp;gc_cont=0.421;conf=99.99;score=184.20;cscore=180.89;sscore=3.31;rscore=8.24;uscore=-2.57;tscore=-3.61;
contig_17	Prodigal_v2.6.3	CDS	9383	10384	97.3	+	0	ID=24_10;partial=00;start_type=ATG;rbs_motif=GGA/GAG/AGG;rbs_spacer=11-12bp;gc_cont=0.430;conf=100.00;score=97.31;cscore=93.53;sscore=3.78;rscore=-0.79;uscore=-0.04;tscore=2.49;
contig_17	Prodigal_v2.6.3	CDS	10381	11313	92.1	+	0	ID=24_11;partial=00;start_type=ATG;rbs_motif=AGxAGG/AGGxGG;rbs_spacer=11-12bp;gc_cont=0.374;conf=100.00;score=92.10;cscore=81.85;sscore=10.26;rscore=6.48;uscore=-2.28;tscore=2.49;
contig_17	Prodigal_v2.6.3	CDS	11690	12706	101.8	+	0	ID=24_12;partial=00;start_type=ATG;rbs_motif=GGAGG;rbs_spacer=5-10bp;gc_cont=0.353;conf=100.00;score=101.77;cscore=87.80;sscore=13.97;rscore=12.75;uscore=-0.62;tscore=2.49;
contig_17	Prodigal_v2.6.3	CDS	12765	13607	61.0	+	0	ID=24_13;partial=00;start_type=ATG;rbs_motif=None;rbs_spacer=None;gc_cont=0.380;conf=100.00;score=61.00;cscore=69.53;sscore=-8.53;rscore=-9.56;uscore=-1.46;tscore=2.49;
contig_17	Prodigal_v2.6.3	CDS	13801	15177	104.1	+	0	ID=24_14;partial=00;start_type=GTG;rbs_motif=GGAGG;rbs_spacer=5-10bp;gc_cont=0.354;conf=100.00;score=104.14;cscore=98.45;sscore=5.69;rscore=12.75;uscore=-2.80;tscore=-3.61;
contig_17	Prodigal_v2.6.3	CDS	15741	17003	194.6	+	0	ID=24_15;partial=00;start_type=ATG;rbs_motif=AGGAG;rbs_spacer=5-10bp;gc_cont=0.338;conf=99.99;score=194.64;cscore=180.17;sscore=14.47;rscore=12.22;uscore=0.41;tscore=2.49;
contig_17	Prodigal_v2.6.3	CDS	17548	18255	96.5	+	0	ID=24_16;partial=00;start_type=ATG;rbs_motif=GGAGG;rbs_spacer=5-10bp;gc_cont=0.316;conf=100.00;score=96.49;cscore=83.35;sscore=13.13;rscore=12.75;uscore=-1.46;tscore=2.49;
contig_17	Prodigal_v2.6.3	CDS	18488	19738	133.3	-	0	ID=24_17;partial=00;start_type=ATG;rbs_motif=AGGAGG;rbs_spacer=5-10bp;gc_cont=0.385;conf=100.00;score=133.29;cscore=116.45;sscore=16.84;rscore=13.75;uscore=1.25;tscore=2.49;
contig_17	Prodigal_v2.6.3	CDS	20398	20751	38.1	-	0	ID=24_18;partial=00;start_type=ATG;rbs_motif=AGxAGG/AGGxGG;rbs_spacer=5-10bp;gc_cont=0.364;conf=99.98;score=38.10;cscore=24.81;sscore=13.29;rscore=9.68;uscore=1.78;tscore=2.49;
contig_17	Prodigal_v2.6.3	CDS	21256	21678	40.4	+	0	ID=24_19;partial=00;start_type=ATG;rbs_motif=AGxAGG/AGGxGG;rbs_spacer=5-10bp;gc_cont=0.376;conf=99.99;score=40.36;cscore=29.51;sscore=10.86;rscore=9.68;uscore=-1.31;tscore=2.49;
contig_17	Prodigal_v2.6.3	CDS	21675	21905	27.8	+	0	ID=24_20;partial=00;start_type=ATG;rbs_motif=GGAGG;rbs_spacer=5-10bp;gc_cont=0.372;conf=99.83;score=27.80;cscore=10.89;sscore=16.91;rscore=11.63;uscore=1.72;tscore=2.27;
contig_17	Prodigal_v2.6.3	CDS	22366	22569	27.8	+	0	ID=24_21;partial=00;start_type=ATG;rbs_motif=AGGAGG;rbs_spacer=5-10bp;gc_cont=0.353;conf=99.83;score=27.84;cscore=14.48;sscore=13.37;rscore=11.06;uscore=0.96;tscore=2.00;
contig_17	Prodigal_v2.6.3	CDS	22651	23868	141.3	+	0	ID=24_22;partial=00;start_type=ATG;rbs_motif=AGGAG;rbs_spacer=5-10bp;gc_cont=0.373;conf=100.00;score=141.33;cscore=126.48;sscore=14.85;rscore=12.22;uscore=0.14;tscore=2.49;
contig_17	Prodigal_v2.6.3	CDS	24022	24630	38.6	-	0	ID=24_23;partial=00;start_type=ATG;rbs_motif=GGA/GAG/AGG;rbs_spacer=11-12bp;gc_cont=0.317;conf=99.99;score=38.61;cscore=33.25;sscore=5.36;rscore=-0.79;uscore=2.43;tscore=2.49;
contig_17	Prodigal_v2.6.3	CDS	24635	25333	102.9	-	0	ID=24_24;partial=00;start_type=ATG;rbs_motif=AGGAG;rbs_spacer=5-10bp;gc_cont=0.355;conf=100.00;score=102.86;cscore=85.98;sscore=16.88;rscore=12.22;uscore=1.31;tscore=2.49;
contig_17	Prodigal_v2.6.3	CDS	25372	26124	82.2	-	0	ID=24_25;partial=00;start_type=ATG;rbs_motif=GGAG/GAGG;rbs_spacer=5-10bp;gc_cont=0.328;conf=100.00;score=82.20;cscore=67.90;sscore=14.30;rscore=8.24;uscore=2.71;tscore=2.49;
contig_17	Prodigal_v2.6.3	CDS	26162	27154	154.9	-	0	ID=24_26;partial=00;start_type=ATG;rbs_motif=AGGAG;rbs_spacer=5-10bp;gc_cont=0.389;conf=100.00;score=154.94;cscore=137.17;sscore=17.77;rscore=12.22;uscore=1.77;tscore=2.49;
contig_17	Prodigal_v2.6.3	CDS	27151	28164	153.4	-	0	ID=24_27;partial=00;start_type=ATG;rbs_motif=AGGAGG;rbs_spacer=5-10bp;gc_cont=0.405;conf=100.00;score=153.40;cscore=133.63;sscore=19.77;rscore=13.75;uscore=2.42;tscore=2.49;
contig_17	Prodigal_v2.6.3	CDS	28180	29100	147.2	-	0	ID=24_28;partial=00;start_type=ATG;rbs_motif=AGGAG;rbs_spacer=5-10bp;gc_cont=0.379;conf=100.00;score=147.21;cscore=129.01;sscore=18.20;rscore=12.22;uscore=2.37;tscore=2.49;
contig_17	Prodigal_v2.6.3	CDS	29115	29780	83.4	-	0	ID=24_29;partial=00;start_type=ATG;rbs_motif=None;rbs_spacer=None;gc_cont=0.384;conf=100.00;score=83.44;cscore=89.25;sscore=-5.81;rscore=-9.56;uscore=1.26;tscore=2.49;
contig_17	Prodigal_v2.6.3	CDS	29913	30020	8.1	-	0	ID=24_30;partial=00;start_type=ATG;rbs_motif=AGGAG;rbs_spacer=5-10bp;gc_cont=0.278;conf=86.65;score=8.13;cscore=0.24;sscore=7.89;rscore=5.13;uscore=2.37;tscore=1.04;
contig_17	Prodigal_v2.6.3	CDS	30208	30459	31.1	+	0	ID=24_31;partial=00;start_type=ATG;rbs_motif=AGGAGG;rbs_spacer=5-10bp;gc_cont=0.369;conf=99.92;score=31.08;cscore=14.33;sscore=16.75;rscore=13.70;uscore=0.58;tscore=2.48;
contig_17	Prodigal_v2.6.3	CDS	30434	30640	6.8	+	0	ID=24_32;partial=00;start_type=TTG;rbs_motif=GGA/GAG/AGG;rbs_spacer=11-12bp;gc_cont=0.372;conf=82.55;score=6.76;cscore=13.13;sscore=-6.37;rscore=-0.97;uscore=0.35;tscore=-5.76;
contig_17	Prodigal_v2.6.3	CDS	30637	31161	93.5	+	0	ID=24_33;partial=00;start_type=ATG;rbs_motif=None;rbs_spacer=None;gc_cont=0.373;conf=100.00;score=93.53;cscore=89.75;sscore=3.78;rscore=-9.56;uscore=-3.94;tscore=2.49;
contig_17	Prodigal_v2.6.3	CDS	31182	31766	87.9	+	0	ID=24_34;partial=00;start_type=ATG;rbs_motif=None;rbs_spacer=None;gc_cont=0.381;conf=100.00;score=87.95;cscore=94.05;sscore=-6.10;rscore=-9.56;uscore=-0.08;tscore=2.49;
contig_17	Prodigal_v2.6.3	CDS	31812	33062	218.9	+	0	ID=24_35;partial=00;start_type=ATG;rbs_motif=GGAGG;rbs_spacer=5-10bp;gc_cont=0.397;conf=99.99;score=218.90;cscore=201.45;sscore=17.44;rscore=12.75;uscore=1.42;tscore=2.49;
contig_17	Prodigal_v2.6.3	CDS	33059	34270	202.6	+	0	ID=24_36;partial=00;start_type=ATG;rbs_motif=AGGAG;rbs_spacer=5-10bp;gc_cont=0.395;conf=99.99;score=202.64;cscore=186.64;sscore=16.00;rscore=12.22;uscore=-0.52;tscore=2.49;
contig_17	Prodigal_v2.6.3	CDS	34428	35333	44.7	+	0	ID=24_37;partial=00;start_type=ATG;rbs_motif=None;rbs_spacer=None;gc_cont=0.348;conf=100.00;score=44.74;cscore=52.97;sscore=-8.23;rscore=-9.56;uscore=-1.16;tscore=2.49;
contig_17	Prodigal_v2.6.3	CDS	36101	37369	211.6	+	0	ID=24_38;partial=00;start_type=ATG;rbs_motif=GGA/GAG/AGG;rbs_spacer=5-10bp;gc_cont=0.403;conf=99.99;score=211.56;cscore=207.63;sscore=3.93;rscore=-0.45;uscore=2.55;tscore=2.49;
contig_17	Prodigal_v2.6.3	CDS	37638	38330	118.3	+	0	ID=24_39;partial=00;start_type=ATG;rbs_motif=GGAGG;rbs_spacer=5-10bp;gc_cont=0.392;conf=100.00;score=118.30;cscore=101.35;sscore=16.95;rscore=12.75;uscore=2.36;tscore=2.49;
contig_17	Prodigal_v2.6.3	CDS	38372	39622	203.1	-	0	ID=24_40;partial=00;start_type=ATG;rbs_motif=GGA/GAG/AGG;rbs_spacer=5-10bp;gc_cont=0.420;conf=99.99;score=203.06;cscore=197.85;sscore=5.21;rscore=-0.45;uscore=3.82;tscore=2.49;
contig_17	Prodigal_v2.6.3	CDS	39910	41760	304.3	+	0	ID=24_41;partial=00;start_type=ATG;rbs_motif=AGGA/GGAG/GAGG;rbs_spacer=11-12bp;gc_cont=0.361;conf=99.99;score=304.26;cscore=296.34;sscore=7.93;rscore=3.18;uscore=2.26;tscore=2.49;
contig_17	Prodigal_v2.6.3	CDS	42023	43639	214.8	+	0	ID=24_42;partial=00;start_type=ATG;rbs_motif=GGA/GAG/AGG;rbs_spacer=5-10bp;gc_cont=0.385;conf=99.99;score=214.80;cscore=212.10;sscore=2.70;rscore=-0.45;uscore=1.32;tscore=2.49;
contig_17	Prodigal_v2.6.3	CDS	43650	44363	138.5	+	0	ID=24_43;partial=00;start_type=ATG;rbs_motif=AGGAG;rbs_spacer=5-10bp;gc_cont=0.382;conf=100.00;score=138.50;cscore=122.36;sscore=16.15;rscore=12.22;uscore=0.28;tscore=2.49;
contig_17	Prodigal_v2.6.3	CDS	44532	45266	87.6	+	0	ID=24_44;partial=00;start_type=ATG;rbs_motif=GGAG/GAGG;rbs_spacer=5-10bp;gc_cont=0.337;conf=100.00;score=87.60;cscore=73.77;sscore=13.83;rscore=8.24;uscore=3.10;tscore=2.49;
contig_17	Prodigal_v2.6.3	CDS	45274	46050	93.2	+	0	ID=24_45;partial=00;start_type=ATG;rbs_motif=3Base/5BMM;rbs_spacer=13-15bp;gc_cont=0.362;conf=100.00;score=93.19;cscore=95.27;sscore=-2.08;rscore=-6.44;uscore=0.67;tscore=2.49;
contig_17	Prodigal_v2.6.3	CDS	46109	47278	144.8	-	0	ID=24_46;partial=00;start_type=ATG;rbs_motif=AGGAGG;rbs_spacer=5-10bp;gc_cont=0.351;conf=100.00;score=144.76;cscore=128.26;sscore=16.50;rscore=13.75;uscore=0.91;tscore=2.49;
contig_17	Prodigal_v2.6.3	CDS	47745	47879	12.4	-	0	ID=24_47;partial=00;start_type=ATG;rbs_motif=AGGAG/GGAGG;rbs_spacer=11-12bp;gc_cont=0.378;conf=94.51;score=12.38;cscore=6.03;sscore=6.36;rscore=4.78;uscore=0.92;tscore=1.31;
contig_17	Prodigal_v2.6.3	CDS	48237	49643	259.3	+	0	ID=24_48;partial=00;start_type=ATG;rbs_motif=AGGAGG;rbs_spacer=5-10bp;gc_cont=0.404;conf=99.99;score=259.27;cscore=240.92;sscore=18.35;rscore=13.75;uscore=2.11;tscore=2.49;
contig_17	Prodigal_v2.6.3	CDS	49671	50525	152.0	+	0	ID=24_49;partial=00;start_type=ATG;rbs_motif=AGGA;rbs_spacer=5-10bp;gc_cont=0.364;conf=100.00;score=151.98;cscore=140.63;sscore=11.35;rscore=4.23;uscore=3.65;tscore=2.49;
contig_17	Prodigal_v2.6.3	CDS	50749	51753	127.9	+	0	ID=24_50;partial=00;start_type=ATG;rbs_motif=GGAG/GAGG;rbs_spacer=5-10bp;gc_cont=0.394;conf=100.00;score=127.91;cscore=115.70;sscore=12.22;rscore=8.24;uscore=2.14;tscore=2.49;
contig_17	Prodigal_v2.6.3	CDS	51757	52686	114.5	+	0	ID=24_51;partial=00;start_type=ATG;rbs_motif=GGAG/GAGG;rbs_spacer=5-10bp;gc_cont=0.383;conf=100.00;score=114.50;cscore=104.36;sscore=10.14;rscore=8.24;uscore=-1.82;tscore=2.49;
contig_17	Prodigal_v2.6.3	CDS	52783	53433	90.7	+	0	ID=24_52;partial=00;start_type=TTG;rbs_motif=GGAG/GAGG;rbs_spacer=5-10bp;gc_cont=0.372;conf=100.00;score=90.73;cscore=81.51;sscore=9.22;rscore=8.24;uscore=5.67;tscore=-4.70;
contig_17	Prodigal_v2.6.3	CDS	53445	54308	142.7	+	0	ID=24_53;partial=00;start_type=ATG;rbs_motif=AGxAGG/AGGxGG;rbs_spacer=5-10bp;gc_cont=0.392;conf=100.00;score=142.65;cscore=129.74;sscore=12.91;rscore=9.68;uscore=-0.41;tscore=2.49;
contig_17	Prodigal_v2.6.3	CDS	54435	55661	192.2	+	0	ID=24_54;partial=00;start_type=ATG;rbs_motif=GGA/GAG/AGG;rbs_spacer=11-12bp;gc_cont=0.341;conf=99.99;score=192.22;cscore=186.22;sscore=6.00;rscore=-0.79;uscore=4.30;tscore=2.49;
contig_17	Prodigal_v2.6.3	CDS	55879	56193	68.2	-	0	ID=24_55;partial=00;start_type=ATG;rbs_motif=AGGAGG;rbs_spacer=5-10bp;gc_cont=0.397;conf=100.00;score=68.25;cscore=48.74;sscore=19.50;rscore=13.75;uscore=3.92;tscore=2.49;
contig_17	Prodigal_v2.6.3	CDS	56359	57435	192.9	+	0	ID=24_56;partial=00;start_type=ATG;rbs_motif=GGAG/GAGG;rbs_spacer=5-10bp;gc_cont=0.400;conf=99.99;score=192.91;cscore=182.60;sscore=10.30;rscore=8.24;uscore=-0.42;tscore=2.49;
contig_17	Prodigal_v2.6.3	CDS	57495	58016	78.4	+	0	ID=24_57;partial=00;start_type=ATG;rbs_motif=GGA/GAG/AGG;rbs_spacer=3-4bp;gc_cont=0.391;conf=100.00;score=78.44;cscore=82.39;sscore=-3.94;rscore=-7.91;uscore=1.48;tscore=2.49;
contig_17	Prodigal_v2.6.3	CDS	58111	58629	78.3	+	0	ID=24_58;partial=00;start_type=ATG;rbs_motif=AGGA;rbs_spacer=5-10bp;gc_cont=0.347;conf=100.00;score=78.34;cscore=67.14;sscore=11.20;rscore=4.23;uscore=4.49;tscore=2.49;
contig_17	Prodigal_v2.6.3	CDS	58700	59518	148.1	+	0	ID=24_59;partial=00;start_type=ATG;rbs_motif=AGGA;rbs_spacer=5-10bp;gc_cont=0.361;conf=100.00;score=148.13;cscore=142.61;sscore=5.53;rscore=4.23;uscore=-1.18;tscore=2.49;
contig_17	Prodigal_v2.6.3	CDS	59521	60135	120.5	+	0	ID=24_60;partial=00;start_type=ATG;rbs_motif=AGGAG/GGAGG;rbs_spacer=11-12bp;gc_cont=0.382;conf=100.00;score=120.52;cscore=103.98;sscore=16.53;rscore=9.05;uscore=3.75;tscore=2.49;
contig_17	Prodigal_v2.6.3	CDS	60398	63547	554.2	+	0	ID=24_61;partial=00;start_type=GTG;rbs_motif=GGA/GAG/AGG;rbs_spacer=5-10bp;gc_cont=0.388;conf=99.99;score=554.21;cscore=554.99;sscore=-0.77;rscore=-0.45;uscore=3.94;tscore=-3.61;
contig_17	Prodigal_v2.6.3	CDS	63777	65090	237.9	+	0	ID=24_62;partial=00;start_type=ATG;rbs_motif=GGxGG;rbs_spacer=5-10bp;gc_cont=0.374;conf=99.99;score=237.92;cscore=231.02;sscore=6.90;rscore=6.77;uscore=-1.70;tscore=2.49;
contig_17	Prodigal_v2.6.3	CDS	65200	65703	95.4	+	0	ID=24_63;partial=00;start_type=ATG;rbs_motif=AGGAGG;rbs_spacer=5-10bp;gc_cont=0.357;conf=100.00;score=95.36;cscore=76.61;sscore=18.75;rscore=13.75;uscore=2.51;tscore=2.49;
contig_17	Prodigal_v2.6.3	CDS	65839	66339	111.4	+	0	ID=24_64;partial=00;start_type=ATG;rbs_motif=GGAGG;rbs_spacer=5-10bp;gc_cont=0.385;conf=100.00;score=111.41;cscore=94.26;sscore=17.15;rscore=12.75;uscore=1.90;tscore=2.49;
contig_17	Prodigal_v2.6.3	CDS	66393	68621	327.8	-	0	ID=24_65;partial=00;start_type=ATG;rbs_motif=None;rbs_spacer=None;gc_cont=0.393;conf=99.99;score=327.84;cscore=333.19;sscore=-5.35;rscore=-9.56;uscore=2.38;tscore=2.49;
contig_17	Prodigal_v2.6.3	CDS	68720	69805	220.5	+	0	ID=24_66;partial=00;start_type=ATG;rbs_motif=AGGAG;rbs_spacer=5-10bp;gc_cont=0.361;conf=99.99;score=220.54;cscore=205.58;sscore=14.96;rscore=12.22;uscore=0.26;tscore=2.49;
contig_17	Prodigal_v2.6.3	CDS	69980	70984	197.7	+	0	ID=24_67;partial=00;start_type=ATG;rbs_motif=GGAGG;rbs_spacer=5-10bp;gc_cont=0.406;conf=99.99;score=197.75;cscore=178.70;sscore=19.05;rscore=12.75;uscore=3.81;tscore=2.49;
contig_17	Prodigal_v2.6.3	CDS	71163	72323	165.8	-	0	ID=24_68;partial=00;start_type=ATG;rbs_motif=None;rbs_spacer=None;gc_cont=0.414;conf=100.00;score=165.77;cscore=162.00;sscore=3.77;rscore=-9.56;uscore=-2.95;tscore=2.49;
contig_17	Prodigal_v2.6.3	CDS	72323	72970	97.8	-	0	ID=24_69;partial=00;start_type=ATG;rbs_motif=GGA/GAG/AGG;rbs_spacer=5-10bp;gc_cont=0.377;conf=100.00;score=97.75;cscore=91.92;sscore=5.83;rscore=-0.45;uscore=2.78;tscore=2.49;
contig_17	Prodigal_v2.6.3	CDS	72995	73627	90.2	-	0	ID=24_70;partial=00;start_type=ATG;rbs_motif=AGxAGG/AGGxGG;rbs_spacer=5-10bp;gc_cont=0.406;conf=100.00;score=90.24;cscore=77.77;sscore=12.48;rscore=9.68;uscore=0.97;tscore=2.49;
contig_17	Prodigal_v2.6.3	CDS	73976	75676	298.4	+	0	ID=24_71;partial=00;start_type=ATG;rbs_motif=AGGAG;rbs_spacer=5-10bp;gc_cont=0.409;conf=99.99;score=298.45;cscore=281.73;sscore=16.71;rscore=12.22;uscore=2.01;tscore=2.49;
contig_17	Prodigal_v2.6.3	CDS	75909	76943	129.0	+	0	ID=24_72;partial=00;start_type=GTG;rbs_motif=GGAG/GAGG;rbs_spacer=5-10bp;gc_cont=0.384;conf=100.00;score=129.04;cscore=126.10;sscore=2.94;rscore=8.24;uscore=-1.04;tscore=-3.61;
contig_17	Prodigal_v2.6.3	CDS	77000	78232	226.8	+	0	ID=24_73;partial=00;start_type=ATG;rbs_motif=AGGAGG;rbs_spacer=5-10bp;gc_cont=0.397;conf=99.99;score=226.80;cscore=211.06;sscore=15.74;rscore=13.75;uscore=-1.16;tscore=2.49;
contig_17	Prodigal_v2.6.3	CDS	78195	78980	110.6	+	0	ID=24_74;partial=00;start_type=ATG;rbs_motif=3Base/5BMM;rbs_spacer=13-15bp;gc_cont=0.419;conf=100.00;score=110.64;cscore=115.11;sscore=-4.47;rscore=-6.44;uscore=-0.52;tscore=2.49;
contig_17	Prodigal_v2.6.3	CDS	79054	80184	191.8	+	0	ID=24_75;partial=00;start_type=ATG;rbs_motif=GGAG/GAGG;rbs_spacer=5-10bp;gc_cont=0.425;conf=99.99;score=191.80;cscore=177.46;sscore=14.33;rscore=8.24;uscore=3.61;tscore=2.49;
contig_17	Prodigal_v2.6.3	CDS	80294	81175	133.0	-	0	ID=24_76;partial=00;start_type=ATG;rbs_motif=GGA/GAG/AGG;rbs_spacer=11-12bp;gc_cont=0.393;conf=100.00;score=133.04;cscore=129.62;sscore=3.43;rscore=-0.79;uscore=1.73;tscore=2.49;
contig_17	Prodigal_v2.6.3	CDS	81311	84349	504.7	-	0	ID=24_77;partial=00;start_type=TTG;rbs_motif=AGGAGG;rbs_spacer=5-10bp;gc_cont=0.398;conf=99.99;score=504.71;cscore=495.91;sscore=8.79;rscore=13.75;uscore=0.39;tscore=-4.70;
contig_17	Prodigal_v2.6.3	CDS	84744	86012	245.2	+	0	ID=24_78;partial=00;start_type=ATG;rbs_motif=AGGAGG;rbs_spacer=5-10bp;gc_cont=0.392;conf=99.99;score=245.20;cscore=230.87;sscore=14.33;rscore=13.75;uscore=-1.90;tscore=2.49;
contig_17	Prodigal_v2.6.3	CDS	86063	86962	111.5	-	0	ID=24_79;partial=00;start_type=ATG;rbs_motif=GGAG/GAGG;rbs_spacer=5-10bp;gc_cont=0.392;conf=100.00;score=111.47;cscore=98.58;sscore=12.89;rscore=8.24;uscore=1.36;tscore=2.49;
contig_17	Prodigal_v2.6.3	CDS	87006	88211	222.9	-	0	ID=24_80;partial=00;start_type=ATG;rbs_motif=GGA/GAG/AGG;rbs_spacer=5-10bp;gc_cont=0.400;conf=99.99;score=222.92;cscore=219.13;sscore=3.80;rscore=-0.45;uscore=2.41;tscore=2.49;
contig_17	Prodigal_v2.6.3	CDS	88742	89290	58.3	+	0	ID=24_81;partial=00;start_type=ATG;rbs_motif=GGA/GAG/AGG;rbs_spacer=5-10bp;gc_cont=0.361;conf=100.00;score=58.30;cscore=54.31;sscore=4.00;rscore=-0.45;uscore=1.96;tscore=2.49;
contig_17	Prodigal_v2.6.3	CDS	89382	90293	77.1	+	0	ID=24_82;partial=00;start_type=ATG;rbs_motif=GGA/GAG/AGG;rbs_spacer=11-12bp;gc_cont=0.356;conf=100.00;score=77.14;cscore=71.26;sscore=5.88;rscore=-0.79;uscore=4.18;tscore=2.49;
contig_17	Prodigal_v2.6.3	CDS	90386	90577	2.3	+	0	ID=24_83;partial=00;start_type=ATG;rbs_motif=GGA/GAG/AGG;rbs_spacer=5-10bp;gc_cont=0.370;conf=62.94;score=2.30;cscore=7.02;sscore=-4.72;rscore=-0.59;uscore=-6.01;tscore=1.88;
contig_17	Prodigal_v2.6.3	CDS	90649	91251	104.0	-	0	ID=24_84;partial=00;start_type=ATG;rbs_motif=AGGAGG;rbs_spacer=5-10bp;gc_cont=0.401;conf=100.00;score=104.00;cscore=83.92;sscore=20.07;rscore=13.75;uscore=4.49;tscore=2.49;
contig_17	Prodigal_v2.6.3	CDS	91720	93156	127.3	+	0	ID=24_85;partial=00;start_type=ATG;rbs_motif=GGA/GAG/AGG;rbs_spacer=5-10bp;gc_cont=0.347;conf=100.00;score=127.26;cscore=123.75;sscore=3.51;rscore=-0.45;uscore=1.47;tscore=2.49;
contig_17	Prodigal_v2.6.3	CDS	93125	93604	43.9	+	0	ID=24_86;partial=00;start_type=TTG;rbs_motif=AGGA;rbs_spacer=5-10bp;gc_cont=0.381;conf=100.00;score=43.89;cscore=48.12;sscore=-4.23;rscore=4.23;uscore=-3.76;tscore=-4.70;
contig_17	Prodigal_v2.6.3	CDS	93693	94172	74.6	-	0	ID=24_87;partial=00;start_type=ATG;rbs_motif=GGAG/GAGG;rbs_spacer=5-10bp;gc_cont=0.383;conf=100.00;score=74.56;cscore=60.39;sscore=14.17;rscore=8.24;uscore=2.45;tscore=2.49;
contig_17	Prodigal_v2.6.3	CDS	94198	94992	96.2	-	0	ID=24_88;partial=00;start_type=ATG;rbs_motif=AGGAG;rbs_spacer=5-10bp;gc_cont=0.361;conf=100.00;score=96.23;cscore=79.87;sscore=16.36;rscore=12.22;uscore=2.31;tscore=2.49;
contig_17	Prodigal_v2.6.3	CDS	95156	96856	303.6	+	0	ID=24_89;partial=00;start_type=ATG;rbs_motif=AGGAGG;rbs_spacer=5-10bp;gc_cont=0.354;conf=99.99;score=303.60;cscore=287.02;sscore=16.58;rscore=13.75;uscore=0.34;tscore=2.49;
contig_17	Prodigal_v2.6.3	CDS	96946	97413	65.8	+	0	ID=24_90;partial=00;start_type=ATG;rbs_motif=AGGA/GGAG/GAGG;rbs_spacer=11-12bp;gc_cont=0.335;conf=100.00;score=65.85;cscore=59.81;sscore=6.04;rscore=3.18;uscore=0.38;tscore=2.49;
contig_17	Prodigal_v2.6.3	CDS	97520	98671	170.4	+	0	ID=24_91;partial=00;start_type=ATG;rbs_motif=None;rbs_spacer=None;gc_cont=0.391;conf=100.00;score=170.38;cscore=175.84;sscore=-5.47;rscore=-9.56;uscore=1.60;tscore=2.49;
contig_17	Prodigal_v2.6.3	CDS	98672	99880	217.8	+	0	ID=24_92;partial=00;start_type=ATG;rbs_motif=AGGAG/GGAGG;rbs_spacer=11-12bp;gc_cont=0.377;conf=99.99;score=217.79;cscore=203.61;sscore=14.18;rscore=9.05;uscore=1.37;tscore=2.49;
contig_17	Prodigal_v2.6.3	CDS	100026	100244	40.5	+	0	ID=24_93;partial=00;start_type=ATG;rbs_motif=AGGAGG;rbs_spacer=5-10bp;gc_cont=0.406;conf=99.99;score=40.52;cscore=26.99;sscore=13.53;rscore=11.88;uscore=-0.50;tscore=2.15;
contig_17	Prodigal_v2.6.3	CDS	100315	100959	89.8	-	0	ID=24_94;partial=00;start_type=ATG;rbs_motif=GGAG/GAGG;rbs_spacer=5-10bp;gc_cont=0.386;conf=100.00;score=89.76;cscore=78.40;sscore=11.35;rscore=8.24;uscore=-0.59;tscore=2.49;
contig_17	Prodigal_v2.6.3	CDS	100949	101773	115.8	-	0	ID=24_95;partial=00;start_type=ATG;rbs_motif=AGGA/GGAG/GAGG;rbs_spacer=11-12bp;gc_cont=0.383;conf=100.00;score=115.76;cscore=108.80;sscore=6.96;rscore=3.18;uscore=0.10;tscore=2.49;
contig_17	Prodigal_v2.6.3	CDS	101761	102528	113.7	-	0	ID=24_96;partial=00;start_type=ATG;rbs_motif=AGGAGG;rbs_spacer=5-10bp;gc_cont=0.397;conf=100.00;score=113.70;cscore=96.16;sscore=17.53;rscore=13.75;uscore=-7.13;tscore=2.49;
contig_17	Prodigal_v2.6.3	CDS	102900	104483	259.6	+	0	ID=24_97;partial=00;start_type=ATG;rbs_motif=AGxAGG/AGGxGG;rbs_spacer=5-10bp;gc_cont=0.374;conf=99.99;score=259.64;cscore=244.32;sscore=15.32;rscore=9.68;uscore=3.15;tscore=2.49;
contig_17	Prodigal_v2.6.3	CDS	104669	105682	202.4	+	0	ID=24_98;partial=00;start_type=ATG;rbs_motif=AGGAGG;rbs_spacer=5-10bp;gc_cont=0.374;conf=99.99;score=202.41;cscore=186.07;sscore=16.35;rscore=13.75;uscore=0.76;tscore=2.49;
contig_17	Prodigal_v2.6.3	CDS	105695	106321	81.8	+	0	ID=24_99;partial=00;start_type=ATG;rbs_motif=AGxAGG/AGGxGG;rbs_spacer=5-10bp;gc_cont=0.348;conf=100.00;score=81.82;cscore=69.42;sscore=12.40;rscore=9.68;uscore=-0.91;tscore=2.49;
contig_17	Prodigal_v2.6.3	CDS	106446	106949	107.7	+	0	ID=24_100;partial=00;start_type=ATG;rbs_motif=AGGAGG;rbs_spacer=5-10bp;gc_cont=0.405;conf=100.00;score=107.68;cscore=88.96;sscore=18.71;rscore=13.75;uscore=2.47;tscore=2.49;
contig_17	Prodigal_v2.6.3	CDS	107039	107968	162.1	+	0	ID=24_101;partial=00;start_type=ATG;rbs_motif=AGGA;rbs_spacer=5-10bp;gc_cont=0.385;conf=100.00;score=162.10;cscore=158.73;sscore=3.37;rscore=4.23;uscore=-3.35;tscore=2.49;
contig_17	Prodigal_v2.6.3	CDS	108030	108479	84.6	-	0	ID=24_102;partial=00;start_type=ATG;rbs_motif=GGAGG;rbs_spacer=5-10bp;gc_cont=0.373;conf=100.00;score=84.65;cscore=67.92;sscore=16.73;rscore=12.75;uscore=2.14;tscore=2.49;
contig_17	Prodigal_v2.6.3	CDS	108901	110016	240.2	+	0	ID=24_103;partial=00;start_type=ATG;rbs_motif=GGA/GAG/AGG;rbs_spacer=5-10bp;gc_cont=0.389;conf=99.99;score=240.23;cscore=236.58;sscore=3.64;rscore=-0.45;uscore=1.61;tscore=2.49;
contig_17	Prodigal_v2.6.3	CDS	110068	111156	219.6	-	0	ID=24_104;partial=00;start_type=ATG;rbs_motif=AGGAGG;rbs_spacer=5-10bp;gc_cont=0.398;conf=99.99;score=219.63;cscore=202.84;sscore=16.79;rscore=13.75;uscore=1.20;tscore=2.49;
contig_17	Prodigal_v2.6.3	CDS	111393	112076	123.1	+	0	ID=24_105;partial=00;start_type=ATG;rbs_motif=AGGAGG;rbs_spacer=5-10bp;gc_cont=0.358;conf=100.00;score=123.11;cscore=107.25;sscore=15.86;rscore=13.75;uscore=-0.38;tscore=2.49;
contig_17	Prodigal_v2.6.3	CDS	112229	113536	221.5	+	0	ID=24_106;partial=00;start_type=TTG;rbs_motif=GGA/GAG/AGG;rbs_spacer=5-10bp;gc_cont=0.372;conf=99.99;score=221.45;cscore=225.68;sscore=-4.23;rscore=-0.45;uscore=0.92;tscore=-4.70;
contig_17	Prodigal_v2.6.3	CDS	113592	113897	39.6	-	0	ID=24_107;partial=00;start_type=ATG;rbs_motif=AGGAGG;rbs_spacer=5-10bp;gc_cont=0.301;conf=99.99;score=39.55;cscore=23.05;sscore=16.50;rscore=13.75;uscore=0.92;tscore=2.49;
contig_17	Prodigal_v2.6.3	CDS	113949	114932	148.2	+	0	ID=24_108;partial=00;start_type=ATG;rbs_motif=None;rbs_spacer=None;gc_cont=0.390;conf=100.00;score=148.18;cscore=154.48;sscore=-6.30;rscore=-9.56;uscore=0.77;tscore=2.49;
contig_17	Prodigal_v2.6.3	CDS	114955	115332	18.5	+	0	ID=24_109;partial=00;start_type=TTG;rbs_motif=AGGA;rbs_spacer=5-10bp;gc_cont=0.405;conf=98.60;score=18.52;cscore=13.94;sscore=4.58;rscore=4.23;uscore=4.02;tscore=-4.70;
contig_17	Prodigal_v2.6.3	CDS	115302	116237	105.3	+	0	ID=24_110;partial=00;start_type=TTG;rbs_motif=GGA/GAG/AGG;rbs_spacer=11-12bp;gc_cont=0.405;conf=100.00;score=105.31;cscore=111.53;sscore=-6.21;rscore=-0.79;uscore=-0.73;tscore=-4.70;
contig_17	Prodigal_v2.6.3	CDS	116231	118036	238.8	+	0	ID=24_111;partial=00;start_type=ATG;rbs_motif=None;rbs_spacer=None;gc_cont=0.409;conf=99.99;score=238.79;cscore=247.01;sscore=-8.21;rscore=-9.56;uscore=-2.40;tscore=2.49;
contig_17	Prodigal_v2.6.3	CDS	118169	118810	89.1	+	0	ID=24_112;partial=00;start_type=ATG;rbs_motif=GGAG/GAGG;rbs_spacer=5-10bp;gc_cont=0.369;conf=100.00;score=89.14;cscore=77.21;sscore=11.93;rscore=8.24;uscore=1.21;tscore=2.49;
contig_17	Prodigal_v2.6.3	CDS	118835	119287	77.7	+	0	ID=24_113;partial=00;start_type=ATG;rbs_motif=AGxAGG/AGGxGG;rbs_spacer=5-10bp;gc_cont=0.395;conf=100.00;score=77.68;cscore=63.37;sscore=14.31;rscore=9.68;uscore=1.13;tscore=2.49;
contig_17	Prodigal_v2.6.3	CDS	119329	119688	61.1	+	0	ID=24_114;partial=00;start_type=ATG;rbs_motif=GGxGG;rbs_spacer=5-10bp;gc_cont=0.403;conf=100.00;score=61.12;cscore=53.49;sscore=7.63;rscore=6.77;uscore=-2.46;tscore=2.49;
contig_17	Prodigal_v2.6.3	CDS	119681	120637	197.6	+	0	ID=24_115;partial=00;start_type=ATG;rbs_motif=AGxAGG/AGGxGG;rbs_spacer=5-10bp;gc_cont=0.394;conf=99.99;score=197.59;cscore=181.77;sscore=15.82;rscore=9.68;uscore=2.40;tscore=2.49;
contig_17	Prodigal_v2.6.3	CDS	120959	121918	222.3	+	0	ID=24_116;partial=00;start_type=ATG;rbs_motif=AGGAGG;rbs_spacer=5-10bp;gc_cont=0.404;conf=99.99;score=222.26;cscore=204.55;sscore=17.71;rscore=13.75;uscore=2.12;tscore=2.49;
contig_17	Prodigal_v2.6.3	CDS	121945	122949	212.3	+	0	ID=24_117;partial=00;start_type=ATG;rbs_motif=GGAG/GAGG;rbs_spacer=5-10bp;gc_cont=0.373;conf=99.99;score=212.26;cscore=194.92;sscore=17.33;rscore=8.24;uscore=5.62;tscore=2.49;
contig_17	Prodigal_v2.6.3	CDS	122936	123703	125.9	+	0	ID=24_118;partial=00;start_type=TTG;rbs_motif=None;rbs_spacer=None;gc_cont=0.414;conf=100.00;score=125.85;cscore=141.29;sscore=-15.44;rscore=-9.56;uscore=-2.37;tscore=-4.70;
contig_17	Prodigal_v2.6.3	CDS	123906	124295	64.0	+	0	ID=24_119;partial=00;start_type=ATG;rbs_motif=AGGAG;rbs_spacer=5-10bp;gc_cont=0.351;conf=100.00;score=64.04;cscore=47.60;sscore=16.44;rscore=12.22;uscore=2.38;tscore=2.49;
contig_17	Prodigal_v2.6.3	CDS	124279	125199	58.9	-	0	ID=24_120;partial=00;start_type=TTG;rbs_motif=GGA/GAG/AGG;rbs_spacer=3-4bp;gc_cont=0.319;conf=100.00;score=58.85;cscore=68.42;sscore=-9.57;rscore=-7.91;uscore=3.04;tscore=-4.70;
contig_17	Prodigal_v2.6.3	CDS	125495	126610	203.1	+	0	ID=24_121;partial=00;start_type=ATG;rbs_motif=GGAG/GAGG;rbs_spacer=5-10bp;gc_cont=0.393;conf=99.99;score=203.10;cscore=189.01;sscore=14.08;rscore=8.24;uscore=3.36;tscore=2.49;
contig_17	Prodigal_v2.6.3	CDS	126690	127952	226.4	+	0	ID=24_122;partial=00;start_type=ATG;rbs_motif=AGGAGG;rbs_spacer=5-10bp;gc_cont=0.383;conf=99.99;score=226.44;cscore=211.20;sscore=15.24;rscore=13.75;uscore=-1.00;tscore=2.49;
contig_17	Prodigal_v2.6.3	CDS	128131	129069	192.9	+	0	ID=24_123;partial=00;start_type=ATG;rbs_motif=AGGAG;rbs_spacer=5-10bp;gc_cont=0.406;conf=99.99;score=192.91;cscore=176.36;sscore=16.55;rscore=12.22;uscore=2.49;tscore=2.49;
contig_17	Prodigal_v2.6.3	CDS	129228	129668	45.4	+	0	ID=24_124;partial=00;start_type=TTG;rbs_motif=3Base/5BMM;rbs_spacer=13-15bp;gc_cont=0.356;conf=100.00;score=45.36;cscore=52.72;sscore=-7.35;rscore=-6.44;uscore=3.78;tscore=-4.70;
contig_17	Prodigal_v2.6.3	CDS	129721	130437	142.3	+	0	ID=24_125;partial=00;start_type=ATG;rbs_motif=GGAGG;rbs_spacer=5-10bp;gc_cont=0.374;conf=100.00;score=142.34;cscore=124.73;sscore=17.62;rscore=12.75;uscore=1.67;tscore=2.49;
contig_17	Prodigal_v2.6.3	CDS	130434	130595	11.2	+	0	ID=24_126;partial=00;start_type=ATG;rbs_motif=AGGAG/GGAGG;rbs_spacer=11-12bp;gc_cont=0.383;conf=92.88;score=11.17;cscore=0.52;sscore=10.65;rscore=5.76;uscore=2.02;tscore=1.58;
contig_17	Prodigal_v2.6.3	CDS	130610	130966	25.8	+	0	ID=24_127;partial=00;start_type=ATG;rbs_motif=None;rbs_spacer=None;gc_cont=0.415;conf=99.74;score=25.83;cscore=30.15;sscore=-4.32;rscore=-9.56;uscore=1.63;tscore=2.49;
contig_17	Prodigal_v2.6.3	CDS	131021	131404	0.8	+	0	ID=24_128;partial=00;start_type=ATG;rbs_motif=None;rbs_spacer=None;gc_cont=0.453;conf=54.42;score=0.77;cscore=4.98;sscore=-4.21;rscore=-9.56;uscore=2.17;tscore=2.49;
# Sequence Data: seqnum=25;seqlen=17904;seqhdr="contig_37"
# Model Data: version=Prodigal.v2.6.3;run_type=Single;model="Ab initio";gc_cont=37.70;transl_table=11;uses_sd=1
contig_37	Prodigal_v2.6.3	CDS	3	479	72.2	-	0	ID=25_1;partial=10;start_type=ATG;rbs_motif=GGAGG;rbs_spacer=5-10bp;gc_cont=0.442;conf=100.00;score=72.18;cscore=54.28;sscore=17.90;rscore=12.75;uscore=2.66;tscore=2.49;
contig_37	Prodigal_v2.6.3	CDS	624	830	14.2	-	0	ID=25_2;partial=00;start_type=ATG;rbs_motif=AGGA/GGAG/GAGG;rbs_spacer=11-12bp;gc_cont=0.391;conf=96.33;score=14.22;cscore=7.66;sscore=6.56;rscore=2.59;uscore=1.94;tscore=2.03;
contig_37	Prodigal_v2.6.3	CDS	991	1299	17.9	-	0	ID=25_3;partial=00;start_type=GTG;rbs_motif=None;rbs_spacer=None;gc_cont=0.395;conf=98.38;score=17.86;cscore=29.77;sscore=-11.91;rscore=-9.56;uscore=1.91;tscore=-3.61;
contig_37	Prodigal_v2.6.3	CDS	1629	2480	107.6	-	0	ID=25_4;partial=00;start_type=TTG;rbs_motif=GGAG/GAGG;rbs_spacer=5-10bp;gc_cont=0.400;conf=100.00;score=107.61;cscore=102.71;sscore=4.90;rscore=8.24;uscore=2.01;tscore=-4.70;
contig_37	Prodigal_v2.6.3	CDS	2754	3929	94.9	+	0	ID=25_5;partial=00;start_type=ATG;rbs_motif=AGGAGG;rbs_spacer=5-10bp;gc_cont=0.433;conf=100.00;score=94.91;cscore=79.28;sscore=15.63;rscore=13.75;uscore=-0.61;tscore=2.49;
contig_37	Prodigal_v2.6.3	CDS	4234	4419	19.2	+	0	ID=25_6;partial=00;start_type=ATG;rbs_motif=GGAG/GAGG;rbs_spacer=5-10bp;gc_cont=0.392;conf=98.80;score=19.20;cscore=9.97;sscore=9.23;rscore=6.03;uscore=2.03;tscore=1.82;
contig_37	Prodigal_v2.6.3	CDS	4423	4725	30.5	+	0	ID=25_7;partial=00;start_type=ATG;rbs_motif=3Base/5BMM;rbs_spacer=13-15bp;gc_cont=0.310;conf=99.91;score=30.51;cscore=29.58;sscore=0.93;rscore=-6.44;uscore=3.64;tscore=2.49;
contig_37	Prodigal_v2.6.3	CDS	4803	5126	26.2	+	0	ID=25_8;partial=00;start_type=ATG;rbs_motif=4Base/6BMM;rbs_spacer=13-15bp;gc_cont=0.383;conf=99.76;score=26.20;cscore=28.95;sscore=-2.75;rscore=-3.98;uscore=-1.25;tscore=2.49;
contig_37	Prodigal_v2.6.3	CDS	5397	5906	55.5	-	0	ID=25_9;partial=00;start_type=GTG;rbs_motif=GGAG/GAGG;rbs_spacer=5-10bp;gc_cont=0.351;conf=100.00;score=55.53;cscore=50.63;sscore=4.90;rscore=8.24;uscore=0.92;tscore=-3.61;
contig_37	Prodigal_v2.6.3	CDS	5993	6445	40.2	+	0	ID=25_10;partial=00;start_type=ATG;rbs_motif=AGGAG;rbs_spacer=5-10bp;gc_cont=0.408;conf=99.99;score=40.19;cscore=24.50;sscore=15.69;rscore=12.22;uscore=0.98;tscore=2.49;
contig_37	Prodigal_v2.6.3	CDS	6479	6922	74.8	-	0	ID=25_11;partial=00;start_type=ATG;rbs_motif=AGGAGG;rbs_spacer=5-10bp;gc_cont=0.412;conf=100.00;score=74.77;cscore=56.68;sscore=18.09;rscore=13.75;uscore=0.68;tscore=2.49;
contig_37	Prodigal_v2.6.3	CDS	6933	7265	57.3	-	0	ID=25_12;partial=00;start_type=ATG;rbs_motif=GGAG/GAGG;rbs_spacer=5-10bp;gc_cont=0.405;conf=100.00;score=57.27;cscore=45.93;sscore=11.35;rscore=8.24;uscore=1.27;tscore=2.49;
contig_37	Prodigal_v2.6.3	CDS	7330	7905	109.8	+	0	ID=25_13;partial=00;start_type=ATG;rbs_motif=GGAGG;rbs_spacer=5-10bp;gc_cont=0.378;conf=100.00;score=109.77;cscore=93.10;sscore=16.67;rscore=12.75;uscore=1.43;tscore=2.49;
contig_37	Prodigal_v2.6.3	CDS	8043	8240	17.0	-	0	ID=25_14;partial=00;start_type=ATG;rbs_motif=AGxAGG/AGGxGG;rbs_spacer=5-10bp;gc_cont=0.424;conf=98.03;score=17.00;cscore=10.26;sscore=6.74;rscore=7.55;uscore=-2.09;tscore=1.94;
contig_37	Prodigal_v2.6.3	CDS	8359	9336	143.7	+	0	ID=25_15;partial=00;start_type=ATG;rbs_motif=AGGAGG;rbs_spacer=5-10bp;gc_cont=0.405;conf=100.00;score=143.67;cscore=126.75;sscore=16.93;rscore=13.75;uscore=0.69;tscore=2.49;
contig_37	Prodigal_v2.6.3	CDS	9418	9663	53.4	+	0	ID=25_16;partial=00;start_type=ATG;rbs_motif=AGGAGG;rbs_spacer=5-10bp;gc_cont=0.407;conf=100.00;score=53.38;cscore=36.66;sscore=16.72;rscore=13.37;uscore=0.93;tscore=2.42;
contig_37	Prodigal_v2.6.3	CDS	9794	10960	163.8	+	0	ID=25_17;partial=00;start_type=ATG;rbs_motif=AGxAGG/AGGxGG;rbs_spacer=5-10bp;gc_cont=0.378;conf=100.00;score=163.82;cscore=149.96;sscore=13.86;rscore=9.68;uscore=1.69;tscore=2.49;
contig_37	Prodigal_v2.6.3	CDS	11068	11415	29.5	+	0	ID=25_18;partial=00;start_type=ATG;rbs_motif=AGGAG;rbs_spacer=5-10bp;gc_cont=0.359;conf=99.89;score=29.46;cscore=14.21;sscore=15.25;rscore=12.22;uscore=0.54;tscore=2.49;
contig_37	Prodigal_v2.6.3	CDS	11484	12644	106.8	-	0	ID=25_19;partial=00;start_type=ATG;rbs_motif=GGAG/GAGG;rbs_spacer=5-10bp;gc_cont=0.379;conf=100.00;score=106.76;cscore=92.58;sscore=14.18;rscore=8.24;uscore=4.11;tscore=2.49;
contig_37	Prodigal_v2.6.3	CDS	12824	12976	16.5	-	0	ID=25_20;partial=00;start_type=ATG;rbs_motif=AGGAGG;rbs_spacer=5-10bp;gc_cont=0.366;conf=97.78;score=16.47;cscore=5.02;sscore=11.45;rscore=8.25;uscore=1.71;tscore=1.49;
contig_37	Prodigal_v2.6.3	CDS	13102	13755	68.8	-	0	ID=25_21;partial=00;start_type=ATG;rbs_motif=AGGAGG;rbs_spacer=5-10bp;gc_cont=0.350;conf=100.00;score=68.78;cscore=53.08;sscore=15.70;rscore=13.75;uscore=0.11;tscore=2.49;
contig_37	Prodigal_v2.6.3	CDS	13976	14215	16.7	+	0	ID=25_22;partial=00;start_type=TTG;rbs_motif=GGAG/GAGG;rbs_spacer=5-10bp;gc_cont=0.333;conf=97.87;score=16.66;cscore=11.57;sscore=5.09;rscore=7.81;uscore=2.23;tscore=-4.95;
contig_37	Prodigal_v2.6.3	CDS	14402	14782	30.2	-	0	ID=25_23;partial=00;start_type=ATG;rbs_motif=None;rbs_spacer=None;gc_cont=0.255;conf=99.90;score=30.21;cscore=33.24;sscore=-3.03;rscore=-9.56;uscore=2.89;tscore=2.49;
contig_37	Prodigal_v2.6.3	CDS	14794	14994	8.1	-	0	ID=25_24;partial=00;start_type=ATG;rbs_motif=None;rbs_spacer=None;gc_cont=0.209;conf=86.45;score=8.06;cscore=15.59;sscore=-7.53;rscore=-12.07;uscore=1.29;tscore=1.97;
contig_37	Prodigal_v2.6.3	CDS	14995	15627	85.4	-	0	ID=25_25;partial=00;start_type=ATG;rbs_motif=AGGAG;rbs_spacer=5-10bp;gc_cont=0.335;conf=100.00;score=85.36;cscore=69.48;sscore=15.88;rscore=12.22;uscore=1.82;tscore=2.49;
contig_37	Prodigal_v2.6.3	CDS	17397	17720	9.4	+	0	ID=25_26;partial=00;start_type=TTG;rbs_motif=None;rbs_spacer=None;gc_cont=0.327;conf=89.65;score=9.39;cscore=22.13;sscore=-12.73;rscore=-9.56;uscore=1.52;tscore=-4.70;
# Sequence Data: seqnum=26;seqlen=7599;seqhdr="contig_61"
# Model Data: version=Prodigal.v2.6.3;run_type=Single;model="Ab initio";gc_cont=37.70;transl_table=11;uses_sd=1
contig_61	Prodigal_v2.6.3	CDS	7534	7599	0.2	-	0	ID=26_1;partial=01;start_type=Edge;rbs_motif=None;rbs_spacer=None;gc_cont=0.621;conf=51.23;score=0.21;cscore=-2.51;sscore=2.72;rscore=0.00;uscore=0.00;tscore=3.22;
# Sequence Data: seqnum=27;seqlen=104187;seqhdr="contig_8"
# Model Data: version=Prodigal.v2.6.3;run_type=Single;model="Ab initio";gc_cont=37.70;transl_table=11;uses_sd=1
contig_8	Prodigal_v2.6.3	CDS	3	1592	272.7	-	0	ID=27_1;partial=10;start_type=ATG;rbs_motif=GGAG/GAGG;rbs_spacer=5-10bp;gc_cont=0.399;conf=99.99;score=272.69;cscore=261.72;sscore=10.97;rscore=8.24;uscore=0.89;tscore=2.49;
contig_8	Prodigal_v2.6.3	CDS	1894	2766	172.3	+	0	ID=27_2;partial=00;start_type=ATG;rbs_motif=GGAGG;rbs_spacer=5-10bp;gc_cont=0.405;conf=100.00;score=172.34;cscore=154.49;sscore=17.85;rscore=12.75;uscore=2.61;tscore=2.49;
contig_8	Prodigal_v2.6.3	CDS	2931	3206	28.1	+	0	ID=27_3;partial=00;start_type=ATG;rbs_motif=AGGAGG;rbs_spacer=5-10bp;gc_cont=0.351;conf=99.84;score=28.07;cscore=8.41;sscore=19.66;rscore=13.75;uscore=3.42;tscore=2.49;
contig_8	Prodigal_v2.6.3	CDS	3231	3863	58.4	+	0	ID=27_4;partial=00;start_type=TTG;rbs_motif=AGGAGG;rbs_spacer=5-10bp;gc_cont=0.316;conf=100.00;score=58.44;cscore=47.20;sscore=11.24;rscore=13.75;uscore=1.17;tscore=-4.70;
contig_8	Prodigal_v2.6.3	CDS	4020	4451	53.9	+	0	ID=27_5;partial=00;start_type=ATG;rbs_motif=GGA/GAG/AGG;rbs_spacer=5-10bp;gc_cont=0.417;conf=100.00;score=53.86;cscore=47.11;sscore=6.75;rscore=-0.45;uscore=4.71;tscore=2.49;
contig_8	Prodigal_v2.6.3	CDS	4451	6115	347.3	+	0	ID=27_6;partial=00;start_type=ATG;rbs_motif=GGAGG;rbs_spacer=5-10bp;gc_cont=0.398;conf=99.99;score=347.30;cscore=330.78;sscore=16.52;rscore=12.75;uscore=-0.97;tscore=2.49;
contig_8	Prodigal_v2.6.3	CDS	6162	6737	46.0	+	0	ID=27_7;partial=00;start_type=ATG;rbs_motif=AGGA/GGAG/GAGG;rbs_spacer=11-12bp;gc_cont=0.391;conf=100.00;score=46.00;cscore=38.97;sscore=7.03;rscore=3.18;uscore=0.60;tscore=2.49;
contig_8	Prodigal_v2.6.3	CDS	6730	8232	251.0	+	0	ID=27_8;partial=00;start_type=ATG;rbs_motif=GGAG/GAGG;rbs_spacer=5-10bp;gc_cont=0.404;conf=99.99;score=251.02;cscore=237.89;sscore=13.13;rscore=8.24;uscore=1.15;tscore=2.49;
contig_8	Prodigal_v2.6.3	CDS	8234	9901	295.6	+	0	ID=27_9;partial=00;start_type=ATG;rbs_motif=GGAG/GAGG;rbs_spacer=5-10bp;gc_cont=0.405;conf=99.99;score=295.65;cscore=280.59;sscore=15.06;rscore=8.24;uscore=3.07;tscore=2.49;
contig_8	Prodigal_v2.6.3	CDS	10278	11246	206.3	+	0	ID=27_10;partial=00;start_type=ATG;rbs_motif=AGGAGG;rbs_spacer=5-10bp;gc_cont=0.380;conf=99.99;score=206.26;cscore=192.40;sscore=13.86;rscore=13.75;uscore=-1.73;tscore=2.49;
contig_8	Prodigal_v2.6.3	CDS	11243	12244	127.6	+	0	ID=27_11;partial=00;start_type=GTG;rbs_motif=GGAG/GAGG;rbs_spacer=5-10bp;gc_cont=0.401;conf=100.00;score=127.59;cscore=120.26;sscore=7.33;rscore=8.24;uscore=1.40;tscore=-3.61;
contig_8	Prodigal_v2.6.3	CDS	12241	13701	226.4	+	0	ID=27_12;partial=00;start_type=ATG;rbs_motif=AGxAGG/AGGxGG;rbs_spacer=5-10bp;gc_cont=0.399;conf=99.99;score=226.40;cscore=212.94;sscore=13.46;rscore=9.68;uscore=-0.12;tscore=2.49;
contig_8	Prodigal_v2.6.3	CDS	13714	14277	117.9	+	0	ID=27_13;partial=00;start_type=ATG;rbs_motif=AGGAG;rbs_spacer=5-10bp;gc_cont=0.399;conf=100.00;score=117.91;cscore=101.55;sscore=16.35;rscore=12.22;uscore=0.50;tscore=2.49;
contig_8	Prodigal_v2.6.3	CDS	14633	16864	360.3	+	0	ID=27_14;partial=00;start_type=ATG;rbs_motif=AGxAGG/AGGxGG;rbs_spacer=5-10bp;gc_cont=0.399;conf=99.99;score=360.26;cscore=346.75;sscore=13.51;rscore=9.68;uscore=2.00;tscore=2.49;
contig_8	Prodigal_v2.6.3	CDS	17061	18266	219.3	+	0	ID=27_15;partial=00;start_type=TTG;rbs_motif=GGA/GAG/AGG;rbs_spacer=5-10bp;gc_cont=0.439;conf=99.99;score=219.30;cscore=223.86;sscore=-4.57;rscore=-0.45;uscore=1.23;tscore=-4.70;
contig_8	Prodigal_v2.6.3	CDS	18266	19117	164.0	+	0	ID=27_16;partial=00;start_type=ATG;rbs_motif=AGxAGG/AGGxGG;rbs_spacer=5-10bp;gc_cont=0.396;conf=100.00;score=164.01;cscore=147.79;sscore=16.21;rscore=9.68;uscore=2.76;tscore=2.49;
contig_8	Prodigal_v2.6.3	CDS	19177	20313	213.6	+	0	ID=27_17;partial=00;start_type=ATG;rbs_motif=4Base/6BMM;rbs_spacer=13-15bp;gc_cont=0.424;conf=99.99;score=213.62;cscore=213.80;sscore=-0.18;rscore=-3.98;uscore=1.31;tscore=2.49;
contig_8	Prodigal_v2.6.3	CDS	20479	21615	234.8	+	0	ID=27_18;partial=00;start_type=ATG;rbs_motif=GGA/GAG/AGG;rbs_spacer=5-10bp;gc_cont=0.418;conf=99.99;score=234.82;cscore=230.00;sscore=4.82;rscore=-0.45;uscore=2.79;tscore=2.49;
contig_8	Prodigal_v2.6.3	CDS	21619	22251	59.3	+	0	ID=27_19;partial=00;start_type=ATG;rbs_motif=None;rbs_spacer=None;gc_cont=0.384;conf=100.00;score=59.30;cscore=69.78;sscore=-10.47;rscore=-9.56;uscore=-4.64;tscore=2.49;
contig_8	Prodigal_v2.6.3	CDS	22342	25590	615.0	+	0	ID=27_20;partial=00;start_type=ATG;rbs_motif=GGA/GAG/AGG;rbs_spacer=5-10bp;gc_cont=0.393;conf=99.99;score=615.04;cscore=611.13;sscore=3.91;rscore=-0.45;uscore=1.87;tscore=2.49;
contig_8	Prodigal_v2.6.3	CDS	25728	25886	8.7	+	0	ID=27_21;partial=00;start_type=ATG;rbs_motif=AGGAG/GGAGG;rbs_spacer=11-12bp;gc_cont=0.270;conf=88.01;score=8.67;cscore=-0.73;sscore=9.41;rscore=5.65;uscore=2.71;tscore=1.55;
contig_8	Prodigal_v2.6.3	CDS	26031	26582	138.0	+	0	ID=27_22;partial=00;start_type=GTG;rbs_motif=GGAG/GAGG;rbs_spacer=5-10bp;gc_cont=0.333;conf=100.00;score=138.04;cscore=133.45;sscore=4.59;rscore=8.24;uscore=-0.04;tscore=-3.61;
contig_8	Prodigal_v2.6.3	CDS	27027	28619	336.0	+	0	ID=27_23;partial=00;start_type=ATG;rbs_motif=AGGAGG;rbs_spacer=5-10bp;gc_cont=0.377;conf=99.99;score=336.01;cscore=319.27;sscore=16.74;rscore=13.75;uscore=1.15;tscore=2.49;
contig_8	Prodigal_v2.6.3	CDS	28671	29201	93.6	-	0	ID=27_24;partial=00;start_type=ATG;rbs_motif=GGAG/GAGG;rbs_spacer=5-10bp;gc_cont=0.386;conf=100.00;score=93.63;cscore=84.53;sscore=9.10;rscore=8.24;uscore=-0.98;tscore=2.49;
contig_8	Prodigal_v2.6.3	CDS	29355	29714	65.1	+	0	ID=27_25;partial=00;start_type=GTG;rbs_motif=GGxGG;rbs_spacer=5-10bp;gc_cont=0.356;conf=100.00;score=65.10;cscore=55.86;sscore=9.24;rscore=6.77;uscore=6.07;tscore=-3.61;
contig_8	Prodigal_v2.6.3	CDS	30041	30895	169.6	+	0	ID=27_26;partial=00;start_type=ATG;rbs_motif=AGGAGG;rbs_spacer=5-10bp;gc_cont=0.389;conf=100.00;score=169.63;cscore=152.31;sscore=17.32;rscore=13.75;uscore=1.73;tscore=2.49;
contig_8	Prodigal_v2.6.3	CDS	31045	31695	128.3	+	0	ID=27_27;partial=00;start_type=ATG;rbs_motif=AGGAGG;rbs_spacer=5-10bp;gc_cont=0.398;conf=100.00;score=128.31;cscore=106.25;sscore=22.06;rscore=13.75;uscore=5.82;tscore=2.49;
contig_8	Prodigal_v2.6.3	CDS	31758	33044	254.7	+	0	ID=27_28;partial=00;start_type=ATG;rbs_motif=GGAG/GAGG;rbs_spacer=5-10bp;gc_cont=0.402;conf=99.99;score=254.74;cscore=243.03;sscore=11.71;rscore=8.24;uscore=0.99;tscore=2.49;
contig_8	Prodigal_v2.6.3	CDS	33094	34095	218.1	+	0	ID=27_29;partial=00;start_type=ATG;rbs_motif=GGAG/GAGG;rbs_spacer=5-10bp;gc_cont=0.412;conf=99.99;score=218.13;cscore=205.11;sscore=13.02;rscore=8.24;uscore=1.56;tscore=2.49;
contig_8	Prodigal_v2.6.3	CDS	34319	35602	243.4	+	0	ID=27_30;partial=00;start_type=ATG;rbs_motif=GGAG/GAGG;rbs_spacer=5-10bp;gc_cont=0.402;conf=99.99;score=243.36;cscore=228.22;sscore=15.14;rscore=8.24;uscore=5.06;tscore=2.49;
contig_8	Prodigal_v2.6.3	CDS	35736	37637	260.6	+	0	ID=27_31;partial=00;start_type=ATG;rbs_motif=AGGAG;rbs_spacer=5-10bp;gc_cont=0.368;conf=99.99;score=260.58;cscore=245.58;sscore=15.00;rscore=12.22;uscore=0.29;tscore=2.49;
contig_8	Prodigal_v2.6.3	CDS	37714	39438	273.7	+	0	ID=27_32;partial=00;start_type=ATG;rbs_motif=AGGAGG;rbs_spacer=5-10bp;gc_cont=0.361;conf=99.99;score=273.73;cscore=256.92;sscore=16.80;rscore=13.75;uscore=0.56;tscore=2.49;
contig_8	Prodigal_v2.6.3	CDS	39476	40270	123.5	+	0	ID=27_33;partial=00;start_type=ATG;rbs_motif=AGGA;rbs_spacer=5-10bp;gc_cont=0.384;conf=100.00;score=123.49;cscore=112.94;sscore=10.55;rscore=4.23;uscore=2.97;tscore=2.49;
contig_8	Prodigal_v2.6.3	CDS	40303	41355	169.9	+	0	ID=27_34;partial=00;start_type=ATG;rbs_motif=AGGAGG;rbs_spacer=5-10bp;gc_cont=0.441;conf=100.00;score=169.87;cscore=150.34;sscore=19.52;rscore=13.75;uscore=2.36;tscore=2.49;
contig_8	Prodigal_v2.6.3	CDS	41352	42386	158.6	+	0	ID=27_35;partial=00;start_type=ATG;rbs_motif=AGGAGG;rbs_spacer=5-10bp;gc_cont=0.415;conf=100.00;score=158.63;cscore=141.10;sscore=17.53;rscore=13.75;uscore=-0.04;tscore=2.49;
contig_8	Prodigal_v2.6.3	CDS	42510	43559	198.9	+	0	ID=27_36;partial=00;start_type=ATG;rbs_motif=GGAG/GAGG;rbs_spacer=5-10bp;gc_cont=0.380;conf=99.99;score=198.92;cscore=184.61;sscore=14.31;rscore=8.24;uscore=3.58;tscore=2.49;
contig_8	Prodigal_v2.6.3	CDS	43763	43966	9.6	+	0	ID=27_37;partial=00;start_type=ATG;rbs_motif=AGGAG;rbs_spacer=5-10bp;gc_cont=0.407;conf=90.02;score=9.57;cscore=-0.10;sscore=9.67;rscore=9.83;uscore=-1.01;tscore=2.00;
contig_8	Prodigal_v2.6.3	CDS	44083	44655	75.0	+	0	ID=27_38;partial=00;start_type=ATG;rbs_motif=GGAG/GAGG;rbs_spacer=5-10bp;gc_cont=0.354;conf=100.00;score=75.03;cscore=61.13;sscore=13.90;rscore=8.24;uscore=3.17;tscore=2.49;
contig_8	Prodigal_v2.6.3	CDS	44829	45905	227.9	+	0	ID=27_39;partial=00;start_type=ATG;rbs_motif=GGAG/GAGG;rbs_spacer=5-10bp;gc_cont=0.394;conf=99.99;score=227.90;cscore=212.57;sscore=15.33;rscore=8.24;uscore=4.60;tscore=2.49;
contig_8	Prodigal_v2.6.3	CDS	45892	46752	134.5	+	0	ID=27_40;partial=00;start_type=ATG;rbs_motif=GGA/GAG/AGG;rbs_spacer=5-10bp;gc_cont=0.400;conf=100.00;score=134.46;cscore=130.01;sscore=4.45;rscore=-0.45;uscore=1.22;tscore=2.49;
contig_8	Prodigal_v2.6.3	CDS	46942	47391	44.3	+	0	ID=27_41;partial=00;start_type=ATG;rbs_motif=AGGA/GGAG/GAGG;rbs_spacer=11-12bp;gc_cont=0.376;conf=100.00;score=44.34;cscore=40.19;sscore=4.16;rscore=3.18;uscore=-0.85;tscore=2.49;
contig_8	Prodigal_v2.6.3	CDS	47388	47477	4.7	+	0	ID=27_42;partial=00;start_type=ATG;rbs_motif=AGGA;rbs_spacer=5-10bp;gc_cont=0.233;conf=74.68;score=4.70;cscore=1.07;sscore=3.63;rscore=1.47;uscore=-1.53;tscore=0.87;
contig_8	Prodigal_v2.6.3	CDS	47493	48527	165.4	+	0	ID=27_43;partial=00;start_type=ATG;rbs_motif=GGA/GAG/AGG;rbs_spacer=5-10bp;gc_cont=0.406;conf=100.00;score=165.36;cscore=159.11;sscore=6.26;rscore=-0.45;uscore=3.11;tscore=2.49;
contig_8	Prodigal_v2.6.3	CDS	48697	49194	55.6	+	0	ID=27_44;partial=00;start_type=TTG;rbs_motif=AGGAG;rbs_spacer=5-10bp;gc_cont=0.325;conf=100.00;score=55.57;cscore=46.75;sscore=8.81;rscore=12.22;uscore=1.29;tscore=-4.70;
contig_8	Prodigal_v2.6.3	CDS	49217	49657	69.5	+	0	ID=27_45;partial=00;start_type=GTG;rbs_motif=GGAG/GAGG;rbs_spacer=5-10bp;gc_cont=0.365;conf=100.00;score=69.54;cscore=62.70;sscore=6.84;rscore=8.24;uscore=1.18;tscore=-3.61;
contig_8	Prodigal_v2.6.3	CDS	49666	50949	226.0	+	0	ID=27_46;partial=00;start_type=ATG;rbs_motif=GGAG/GAGG;rbs_spacer=5-10bp;gc_cont=0.400;conf=99.99;score=226.02;cscore=208.35;sscore=17.67;rscore=8.24;uscore=5.76;tscore=2.49;
contig_8	Prodigal_v2.6.3	CDS	51278	51715	72.5	+	0	ID=27_47;partial=00;start_type=GTG;rbs_motif=GGAG/GAGG;rbs_spacer=5-10bp;gc_cont=0.416;conf=100.00;score=72.53;cscore=68.03;sscore=4.50;rscore=8.24;uscore=0.52;tscore=-3.61;
contig_8	Prodigal_v2.6.3	CDS	51802	52344	102.8	+	0	ID=27_48;partial=00;start_type=ATG;rbs_motif=AGGAG;rbs_spacer=5-10bp;gc_cont=0.411;conf=100.00;score=102.79;cscore=85.39;sscore=17.40;rscore=12.22;uscore=2.69;tscore=2.49;
contig_8	Prodigal_v2.6.3	CDS	52403	53644	267.7	+	0	ID=27_49;partial=00;start_type=ATG;rbs_motif=AGGAGG;rbs_spacer=11-12bp;gc_cont=0.390;conf=99.99;score=267.71;cscore=251.98;sscore=15.72;rscore=10.68;uscore=2.56;tscore=2.49;
contig_8	Prodigal_v2.6.3	CDS	53929	54159	20.6	+	0	ID=27_50;partial=00;start_type=ATG;rbs_motif=AGGAGG;rbs_spacer=5-10bp;gc_cont=0.307;conf=99.13;score=20.62;cscore=3.87;sscore=16.75;rscore=12.54;uscore=2.59;tscore=2.27;
contig_8	Prodigal_v2.6.3	CDS	54120	56084	241.5	+	0	ID=27_51;partial=00;start_type=ATG;rbs_motif=GGA/GAG/AGG;rbs_spacer=5-10bp;gc_cont=0.356;conf=99.99;score=241.51;cscore=239.80;sscore=1.71;rscore=-0.45;uscore=-0.33;tscore=2.49;
contig_8	Prodigal_v2.6.3	CDS	56209	56838	129.1	+	0	ID=27_52;partial=00;start_type=TTG;rbs_motif=AGGAG;rbs_spacer=5-10bp;gc_cont=0.378;conf=100.00;score=129.15;cscore=120.60;sscore=8.55;rscore=12.22;uscore=1.02;tscore=-4.70;
contig_8	Prodigal_v2.6.3	CDS	57017	58117	192.2	+	0	ID=27_53;partial=00;start_type=ATG;rbs_motif=GGA/GAG/AGG;rbs_spacer=5-10bp;gc_cont=0.377;conf=99.99;score=192.17;cscore=191.48;sscore=0.69;rscore=-0.45;uscore=-0.70;tscore=2.49;
contig_8	Prodigal_v2.6.3	CDS	58655	59026	28.6	+	0	ID=27_54;partial=00;start_type=ATG;rbs_motif=AGGAG;rbs_spacer=5-10bp;gc_cont=0.430;conf=99.86;score=28.65;cscore=14.04;sscore=14.61;rscore=12.22;uscore=0.55;tscore=2.49;
contig_8	Prodigal_v2.6.3	CDS	59063	59773	99.0	+	0	ID=27_55;partial=00;start_type=ATG;rbs_motif=AGGA/GGAG/GAGG;rbs_spacer=11-12bp;gc_cont=0.367;conf=100.00;score=99.02;cscore=89.14;sscore=9.88;rscore=3.18;uscore=3.33;tscore=2.49;
contig_8	Prodigal_v2.6.3	CDS	59837	60061	57.8	+	0	ID=27_56;partial=00;start_type=ATG;rbs_motif=AGGAGG;rbs_spacer=5-10bp;gc_cont=0.436;conf=100.00;score=57.78;cscore=41.46;sscore=16.32;rscore=12.21;uscore=1.90;tscore=2.21;
contig_8	Prodigal_v2.6.3	CDS	60234	60755	105.8	+	0	ID=27_57;partial=00;start_type=GTG;rbs_motif=GGAG/GAGG;rbs_spacer=5-10bp;gc_cont=0.402;conf=100.00;score=105.83;cscore=98.89;sscore=6.94;rscore=8.24;uscore=2.31;tscore=-3.61;
contig_8	Prodigal_v2.6.3	CDS	60752	61288	92.5	+	0	ID=27_58;partial=00;start_type=ATG;rbs_motif=GGA/GAG/AGG;rbs_spacer=5-10bp;gc_cont=0.371;conf=100.00;score=92.50;cscore=88.72;sscore=3.78;rscore=-0.45;uscore=-0.10;tscore=2.49;
contig_8	Prodigal_v2.6.3	CDS	61317	62825	275.0	+	0	ID=27_59;partial=00;start_type=ATG;rbs_motif=GGAG/GAGG;rbs_spacer=5-10bp;gc_cont=0.406;conf=99.99;score=274.95;cscore=260.48;sscore=14.47;rscore=8.24;uscore=2.78;tscore=2.49;
contig_8	Prodigal_v2.6.3	CDS	62873	63730	154.4	+	0	ID=27_60;partial=00;start_type=GTG;rbs_motif=AGxAGG/AGGxGG;rbs_spacer=5-10bp;gc_cont=0.408;conf=100.00;score=154.40;cscore=144.40;sscore=10.00;rscore=9.68;uscore=3.17;tscore=-3.61;
contig_8	Prodigal_v2.6.3	CDS	63782	65197	294.4	+	0	ID=27_61;partial=00;start_type=ATG;rbs_motif=AGGAGG;rbs_spacer=5-10bp;gc_cont=0.416;conf=99.99;score=294.41;cscore=276.78;sscore=17.63;rscore=13.75;uscore=0.67;tscore=2.49;
contig_8	Prodigal_v2.6.3	CDS	65222	65629	79.2	+	0	ID=27_62;partial=00;start_type=ATG;rbs_motif=AGGAGG;rbs_spacer=5-10bp;gc_cont=0.412;conf=100.00;score=79.16;cscore=61.96;sscore=17.21;rscore=13.75;uscore=-0.04;tscore=2.49;
contig_8	Prodigal_v2.6.3	CDS	65711	65950	31.5	+	0	ID=27_63;partial=00;start_type=ATG;rbs_motif=GGAGG;rbs_spacer=5-10bp;gc_cont=0.279;conf=99.93;score=31.54;cscore=12.76;sscore=18.78;rscore=12.09;uscore=4.33;tscore=2.36;
contig_8	Prodigal_v2.6.3	CDS	66416	67726	277.0	+	0	ID=27_64;partial=00;start_type=GTG;rbs_motif=GGAGG;rbs_spacer=5-10bp;gc_cont=0.404;conf=99.99;score=276.98;cscore=266.96;sscore=10.02;rscore=12.75;uscore=1.53;tscore=-3.61;
contig_8	Prodigal_v2.6.3	CDS	67844	68746	104.9	+	0	ID=27_65;partial=00;start_type=TTG;rbs_motif=GGA/GAG/AGG;rbs_spacer=5-10bp;gc_cont=0.369;conf=100.00;score=104.89;cscore=108.24;sscore=-3.35;rscore=-0.45;uscore=1.80;tscore=-4.70;
contig_8	Prodigal_v2.6.3	CDS	68784	69461	117.9	+	0	ID=27_66;partial=00;start_type=ATG;rbs_motif=GGAG/GAGG;rbs_spacer=5-10bp;gc_cont=0.378;conf=100.00;score=117.90;cscore=107.58;sscore=10.32;rscore=8.24;uscore=-1.28;tscore=2.49;
contig_8	Prodigal_v2.6.3	CDS	69618	69878	22.6	+	0	ID=27_67;partial=00;start_type=GTG;rbs_motif=AGGA;rbs_spacer=5-10bp;gc_cont=0.460;conf=99.45;score=22.63;cscore=20.38;sscore=2.26;rscore=4.23;uscore=1.64;tscore=-3.61;
contig_8	Prodigal_v2.6.3	CDS	70088	71083	191.9	+	0	ID=27_68;partial=00;start_type=ATG;rbs_motif=AGGAG;rbs_spacer=5-10bp;gc_cont=0.395;conf=99.99;score=191.89;cscore=177.10;sscore=14.79;rscore=12.22;uscore=0.74;tscore=2.49;
contig_8	Prodigal_v2.6.3	CDS	71105	71938	139.0	+	0	ID=27_69;partial=00;start_type=TTG;rbs_motif=GGAG/GAGG;rbs_spacer=5-10bp;gc_cont=0.374;conf=100.00;score=138.96;cscore=133.19;sscore=5.77;rscore=8.24;uscore=1.18;tscore=-4.70;
contig_8	Prodigal_v2.6.3	CDS	71963	72802	170.3	+	0	ID=27_70;partial=00;start_type=ATG;rbs_motif=AGGAGG;rbs_spacer=5-10bp;gc_cont=0.381;conf=100.00;score=170.35;cscore=151.93;sscore=18.42;rscore=13.75;uscore=1.17;tscore=2.49;
contig_8	Prodigal_v2.6.3	CDS	72850	73140	54.2	+	0	ID=27_71;partial=00;start_type=ATG;rbs_motif=AGGAG;rbs_spacer=5-10bp;gc_cont=0.433;conf=100.00;score=54.24;cscore=36.25;sscore=17.98;rscore=12.22;uscore=2.51;tscore=2.49;
contig_8	Prodigal_v2.6.3	CDS	73360	73641	46.8	+	0	ID=27_72;partial=00;start_type=ATG;rbs_motif=GGA/GAG/AGG;rbs_spacer=5-10bp;gc_cont=0.408;conf=100.00;score=46.85;cscore=49.76;sscore=-2.92;rscore=-0.45;uscore=-4.30;tscore=2.49;
contig_8	Prodigal_v2.6.3	CDS	73789	74172	71.7	+	0	ID=27_73;partial=00;start_type=ATG;rbs_motif=AGGAGG;rbs_spacer=5-10bp;gc_cont=0.372;conf=100.00;score=71.72;cscore=53.77;sscore=17.94;rscore=13.75;uscore=1.71;tscore=2.49;
contig_8	Prodigal_v2.6.3	CDS	74282	74707	70.2	+	0	ID=27_74;partial=00;start_type=ATG;rbs_motif=AGGAGG;rbs_spacer=5-10bp;gc_cont=0.401;conf=100.00;score=70.16;cscore=51.69;sscore=18.47;rscore=13.75;uscore=2.23;tscore=2.49;
contig_8	Prodigal_v2.6.3	CDS	74898	75863	55.8	-	0	ID=27_75;partial=00;start_type=GTG;rbs_motif=AGGAGG;rbs_spacer=5-10bp;gc_cont=0.356;conf=100.00;score=55.83;cscore=41.16;sscore=14.67;rscore=13.75;uscore=4.53;tscore=-3.61;
contig_8	Prodigal_v2.6.3	CDS	75949	76374	57.5	-	0	ID=27_76;partial=00;start_type=TTG;rbs_motif=AGGAGG;rbs_spacer=5-10bp;gc_cont=0.364;conf=100.00;score=57.52;cscore=47.39;sscore=10.13;rscore=13.75;uscore=1.73;tscore=-4.70;
contig_8	Prodigal_v2.6.3	CDS	76672	77070	51.1	+	0	ID=27_77;partial=00;start_type=ATG;rbs_motif=AGGAGG;rbs_spacer=5-10bp;gc_cont=0.381;conf=100.00;score=51.07;cscore=32.50;sscore=18.57;rscore=13.75;uscore=2.33;tscore=2.49;
contig_8	Prodigal_v2.6.3	CDS	77316	80078	394.9	-	0	ID=27_78;partial=00;start_type=ATG;rbs_motif=AGGA;rbs_spacer=5-10bp;gc_cont=0.395;conf=99.99;score=394.94;cscore=385.47;sscore=9.47;rscore=4.23;uscore=1.46;tscore=2.49;
contig_8	Prodigal_v2.6.3	CDS	80075	81649	198.4	-	0	ID=27_79;partial=00;start_type=ATG;rbs_motif=AGGAG;rbs_spacer=5-10bp;gc_cont=0.396;conf=99.99;score=198.38;cscore=183.43;sscore=14.95;rscore=12.22;uscore=0.89;tscore=2.49;
contig_8	Prodigal_v2.6.3	CDS	81854	82330	68.9	+	0	ID=27_80;partial=00;start_type=ATG;rbs_motif=AGGAGG;rbs_spacer=5-10bp;gc_cont=0.346;conf=100.00;score=68.93;cscore=52.03;sscore=16.90;rscore=13.75;uscore=0.66;tscore=2.49;
contig_8	Prodigal_v2.6.3	CDS	82503	83333	161.1	+	0	ID=27_81;partial=00;start_type=ATG;rbs_motif=AGxAGG/AGGxGG;rbs_spacer=5-10bp;gc_cont=0.418;conf=100.00;score=161.10;cscore=146.22;sscore=14.88;rscore=9.68;uscore=2.72;tscore=2.49;
contig_8	Prodigal_v2.6.3	CDS	83374	84453	170.7	-	0	ID=27_82;partial=00;start_type=ATG;rbs_motif=AGxAGG/AGGxGG;rbs_spacer=5-10bp;gc_cont=0.398;conf=100.00;score=170.71;cscore=157.26;sscore=13.45;rscore=9.68;uscore=-3.15;tscore=2.49;
contig_8	Prodigal_v2.6.3	CDS	84453	86366	291.3	-	0	ID=27_83;partial=00;start_type=ATG;rbs_motif=GGAG/GAGG;rbs_spacer=5-10bp;gc_cont=0.365;conf=99.99;score=291.34;cscore=275.04;sscore=16.30;rscore=8.24;uscore=4.52;tscore=2.49;
contig_8	Prodigal_v2.6.3	CDS	86387	87943	206.6	-	0	ID=27_84;partial=00;start_type=ATG;rbs_motif=GGA/GAG/AGG;rbs_spacer=5-10bp;gc_cont=0.382;conf=99.99;score=206.63;cscore=199.59;sscore=7.04;rscore=-0.45;uscore=3.26;tscore=2.49;
contig_8	Prodigal_v2.6.3	CDS	87940	88662	111.1	-	0	ID=27_85;partial=00;start_type=ATG;rbs_motif=AGGA/GGAG/GAGG;rbs_spacer=11-12bp;gc_cont=0.397;conf=100.00;score=111.14;cscore=103.93;sscore=7.21;rscore=3.18;uscore=2.20;tscore=2.49;
contig_8	Prodigal_v2.6.3	CDS	89022	90872	276.6	-	0	ID=27_86;partial=00;start_type=ATG;rbs_motif=GGAG/GAGG;rbs_spacer=5-10bp;gc_cont=0.409;conf=99.99;score=276.61;cscore=264.33;sscore=12.28;rscore=8.24;uscore=2.21;tscore=2.49;
contig_8	Prodigal_v2.6.3	CDS	90956	91165	3.4	+	0	ID=27_87;partial=00;start_type=ATG;rbs_motif=None;rbs_spacer=None;gc_cont=0.319;conf=68.58;score=3.40;cscore=11.03;sscore=-7.63;rscore=-11.54;uscore=1.85;tscore=2.06;
contig_8	Prodigal_v2.6.3	CDS	91505	93019	267.0	+	0	ID=27_88;partial=00;start_type=ATG;rbs_motif=GGAGG;rbs_spacer=5-10bp;gc_cont=0.382;conf=99.99;score=267.00;cscore=249.85;sscore=17.15;rscore=12.75;uscore=2.56;tscore=2.49;
contig_8	Prodigal_v2.6.3	CDS	93006	94805	301.0	+	0	ID=27_89;partial=00;start_type=ATG;rbs_motif=None;rbs_spacer=None;gc_cont=0.343;conf=99.99;score=301.03;cscore=309.19;sscore=-8.16;rscore=-9.56;uscore=-2.27;tscore=2.49;
contig_8	Prodigal_v2.6.3	CDS	96348	97574	92.6	+	0	ID=27_90;partial=00;start_type=ATG;rbs_motif=AGxAGG/AGGxGG;rbs_spacer=5-10bp;gc_cont=0.298;conf=100.00;score=92.62;cscore=78.79;sscore=13.82;rscore=9.68;uscore=2.31;tscore=2.49;
contig_8	Prodigal_v2.6.3	CDS	97599	98639	122.2	+	0	ID=27_91;partial=00;start_type=TTG;rbs_motif=GGAG/GAGG;rbs_spacer=5-10bp;gc_cont=0.291;conf=100.00;score=122.17;cscore=113.31;sscore=8.86;rscore=8.24;uscore=4.31;tscore=-4.70;
contig_8	Prodigal_v2.6.3	CDS	98651	99370	109.5	+	0	ID=27_92;partial=00;start_type=ATG;rbs_motif=AGGAG;rbs_spacer=5-10bp;gc_cont=0.260;conf=100.00;score=109.54;cscore=90.13;sscore=19.41;rscore=12.22;uscore=3.55;tscore=2.49;
contig_8	Prodigal_v2.6.3	CDS	99367	99810	63.3	+	0	ID=27_93;partial=00;start_type=ATG;rbs_motif=AGGA;rbs_spacer=5-10bp;gc_cont=0.266;conf=100.00;score=63.27;cscore=51.59;sscore=11.68;rscore=4.23;uscore=3.68;tscore=2.49;
contig_8	Prodigal_v2.6.3	CDS	99791	100180	30.3	+	0	ID=27_94;partial=00;start_type=ATG;rbs_motif=None;rbs_spacer=None;gc_cont=0.310;conf=99.91;score=30.29;cscore=36.92;sscore=-6.63;rscore=-9.56;uscore=0.44;tscore=2.49;
contig_8	Prodigal_v2.6.3	CDS	100235	100765	31.0	+	0	ID=27_95;partial=00;start_type=ATG;rbs_motif=GGA/GAG/AGG;rbs_spacer=5-10bp;gc_cont=0.290;conf=99.92;score=30.99;cscore=22.92;sscore=8.07;rscore=-0.45;uscore=5.35;tscore=2.49;
contig_8	Prodigal_v2.6.3	CDS	100728	101420	68.9	+	0	ID=27_96;partial=00;start_type=ATG;rbs_motif=None;rbs_spacer=None;gc_cont=0.258;conf=100.00;score=68.86;cscore=74.39;sscore=-5.54;rscore=-9.56;uscore=1.53;tscore=2.49;
contig_8	Prodigal_v2.6.3	CDS	101496	101627	13.6	+	0	ID=27_97;partial=00;start_type=ATG;rbs_motif=GGAG/GAGG;rbs_spacer=5-10bp;gc_cont=0.265;conf=95.80;score=13.60;cscore=7.35;sscore=6.25;rscore=4.25;uscore=0.72;tscore=1.28;
contig_8	Prodigal_v2.6.3	CDS	101801	102160	19.8	+	0	ID=27_98;partial=00;start_type=ATG;rbs_motif=4Base/6BMM;rbs_spacer=13-15bp;gc_cont=0.258;conf=98.95;score=19.76;cscore=18.59;sscore=1.17;rscore=-3.98;uscore=2.66;tscore=2.49;
contig_8	Prodigal_v2.6.3	CDS	102157	102408	4.9	+	0	ID=27_99;partial=00;start_type=TTG;rbs_motif=None;rbs_spacer=None;gc_cont=0.214;conf=75.33;score=4.86;cscore=6.05;sscore=-1.20;rscore=-9.60;uscore=2.23;tscore=-4.72;
contig_8	Prodigal_v2.6.3	CDS	102666	102932	40.4	+	0	ID=27_100;partial=00;start_type=ATG;rbs_motif=GGA/GAG/AGG;rbs_spacer=5-10bp;gc_cont=0.330;conf=99.99;score=40.40;cscore=33.65;sscore=6.75;rscore=-0.45;uscore=5.37;tscore=2.49;
contig_8	Prodigal_v2.6.3	CDS	103110	104186	151.5	+	0	ID=27_101;partial=01;start_type=ATG;rbs_motif=GGA/GAG/AGG;rbs_spacer=5-10bp;gc_cont=0.312;conf=100.00;score=151.54;cscore=145.99;sscore=5.55;rscore=-0.45;uscore=3.51;tscore=2.49;
# Sequence Data: seqnum=28;seqlen=79557;seqhdr="contig_15"
# Model Data: version=Prodigal.v2.6.3;run_type=Single;model="Ab initio";gc_cont=37.70;transl_table=11;uses_sd=1
contig_15	Prodigal_v2.6.3	CDS	340	903	54.4	-	0	ID=28_1;partial=00;start_type=ATG;rbs_motif=GGA/GAG/AGG;rbs_spacer=5-10bp;gc_cont=0.379;conf=100.00;score=54.38;cscore=50.60;sscore=3.78;rscore=-0.45;uscore=-5.64;tscore=2.49;
contig_15	Prodigal_v2.6.3	CDS	900	1184	22.7	-	0	ID=28_2;partial=00;start_type=ATG;rbs_motif=AGxAG;rbs_spacer=5-10bp;gc_cont=0.446;conf=99.46;score=22.72;cscore=29.24;sscore=-6.52;rscore=-8.29;uscore=-0.72;tscore=2.49;
contig_15	Prodigal_v2.6.3	CDS	1156	1578	58.5	-	0	ID=28_3;partial=00;start_type=ATG;rbs_motif=GGA/GAG/AGG;rbs_spacer=11-12bp;gc_cont=0.395;conf=100.00;score=58.46;cscore=54.05;sscore=4.40;rscore=-0.79;uscore=1.59;tscore=2.49;
contig_15	Prodigal_v2.6.3	CDS	1593	3350	288.7	-	0	ID=28_4;partial=00;start_type=TTG;rbs_motif=AGGAGG;rbs_spacer=5-10bp;gc_cont=0.397;conf=99.99;score=288.66;cscore=277.29;sscore=11.37;rscore=13.75;uscore=2.31;tscore=-4.70;
contig_15	Prodigal_v2.6.3	CDS	3482	5200	200.6	-	0	ID=28_5;partial=00;start_type=TTG;rbs_motif=AGGAG;rbs_spacer=5-10bp;gc_cont=0.346;conf=99.99;score=200.64;cscore=192.09;sscore=8.55;rscore=12.22;uscore=1.68;tscore=-4.70;
contig_15	Prodigal_v2.6.3	CDS	5415	6023	120.5	+	0	ID=28_6;partial=00;start_type=TTG;rbs_motif=GGAGG;rbs_spacer=5-10bp;gc_cont=0.365;conf=100.00;score=120.48;cscore=108.66;sscore=11.82;rscore=12.75;uscore=3.76;tscore=-4.70;
contig_15	Prodigal_v2.6.3	CDS	6055	6930	94.5	+	0	ID=28_7;partial=00;start_type=ATG;rbs_motif=GGAG/GAGG;rbs_spacer=5-10bp;gc_cont=0.402;conf=100.00;score=94.49;cscore=83.39;sscore=11.11;rscore=8.24;uscore=-0.56;tscore=2.49;
contig_15	Prodigal_v2.6.3	CDS	6933	8486	304.7	+	0	ID=28_8;partial=00;start_type=ATG;rbs_motif=AGGAGG;rbs_spacer=5-10bp;gc_cont=0.399;conf=99.99;score=304.70;cscore=285.42;sscore=19.28;rscore=13.75;uscore=1.79;tscore=2.49;
contig_15	Prodigal_v2.6.3	CDS	8479	9906	263.0	+	0	ID=28_9;partial=00;start_type=ATG;rbs_motif=AGGAG;rbs_spacer=5-10bp;gc_cont=0.398;conf=99.99;score=262.98;cscore=248.84;sscore=14.13;rscore=12.22;uscore=-1.82;tscore=2.49;
contig_15	Prodigal_v2.6.3	CDS	9938	11416	204.0	+	0	ID=28_10;partial=00;start_type=ATG;rbs_motif=AGGAGG;rbs_spacer=5-10bp;gc_cont=0.360;conf=99.99;score=203.97;cscore=188.26;sscore=15.71;rscore=13.75;uscore=-1.46;tscore=2.49;
contig_15	Prodigal_v2.6.3	CDS	11419	12369	185.9	+	0	ID=28_11;partial=00;start_type=GTG;rbs_motif=AGxAGG/AGGxGG;rbs_spacer=5-10bp;gc_cont=0.399;conf=99.99;score=185.93;cscore=174.04;sscore=11.90;rscore=9.68;uscore=4.58;tscore=-3.61;
contig_15	Prodigal_v2.6.3	CDS	12383	12841	75.3	+	0	ID=28_12;partial=00;start_type=ATG;rbs_motif=AGGAGG;rbs_spacer=5-10bp;gc_cont=0.379;conf=100.00;score=75.34;cscore=58.69;sscore=16.65;rscore=13.75;uscore=-0.72;tscore=2.49;
contig_15	Prodigal_v2.6.3	CDS	12900	14246	201.9	+	0	ID=28_13;partial=00;start_type=ATG;rbs_motif=AGxAGG/AGGxGG;rbs_spacer=5-10bp;gc_cont=0.398;conf=99.99;score=201.91;cscore=189.43;sscore=12.48;rscore=9.68;uscore=0.32;tscore=2.49;
contig_15	Prodigal_v2.6.3	CDS	14355	15557	121.8	-	0	ID=28_14;partial=00;start_type=ATG;rbs_motif=GGAG/GAGG;rbs_spacer=5-10bp;gc_cont=0.404;conf=100.00;score=121.82;cscore=111.10;sscore=10.72;rscore=8.24;uscore=0.64;tscore=2.49;
contig_15	Prodigal_v2.6.3	CDS	15687	16568	97.6	+	0	ID=28_15;partial=00;start_type=GTG;rbs_motif=GGA/GAG/AGG;rbs_spacer=11-12bp;gc_cont=0.389;conf=100.00;score=97.60;cscore=99.40;sscore=-1.80;rscore=-0.79;uscore=2.60;tscore=-3.61;
contig_15	Prodigal_v2.6.3	CDS	16747	17997	129.5	+	0	ID=28_16;partial=00;start_type=ATG;rbs_motif=GGA/GAG/AGG;rbs_spacer=11-12bp;gc_cont=0.384;conf=100.00;score=129.50;cscore=125.71;sscore=3.79;rscore=-0.79;uscore=2.74;tscore=2.49;
contig_15	Prodigal_v2.6.3	CDS	18058	19554	129.1	-	0	ID=28_17;partial=00;start_type=GTG;rbs_motif=None;rbs_spacer=None;gc_cont=0.413;conf=100.00;score=129.09;cscore=142.87;sscore=-13.77;rscore=-9.56;uscore=-1.76;tscore=-3.61;
contig_15	Prodigal_v2.6.3	CDS	19538	19906	12.4	-	0	ID=28_18;partial=00;start_type=ATG;rbs_motif=3Base/5BMM;rbs_spacer=13-15bp;gc_cont=0.396;conf=94.50;score=12.37;cscore=15.73;sscore=-3.36;rscore=-6.44;uscore=0.59;tscore=2.49;
contig_15	Prodigal_v2.6.3	CDS	20230	21654	189.8	+	0	ID=28_19;partial=00;start_type=GTG;rbs_motif=4Base/6BMM;rbs_spacer=13-15bp;gc_cont=0.349;conf=99.99;score=189.81;cscore=196.41;sscore=-6.59;rscore=-3.98;uscore=1.00;tscore=-3.61;
contig_15	Prodigal_v2.6.3	CDS	21973	22455	55.2	+	0	ID=28_20;partial=00;start_type=ATG;rbs_motif=GGA/GAG/AGG;rbs_spacer=5-10bp;gc_cont=0.406;conf=100.00;score=55.23;cscore=50.52;sscore=4.71;rscore=-0.45;uscore=0.93;tscore=2.49;
contig_15	Prodigal_v2.6.3	CDS	22472	23665	249.0	+	0	ID=28_21;partial=00;start_type=ATG;rbs_motif=AGGAG;rbs_spacer=5-10bp;gc_cont=0.395;conf=99.99;score=248.96;cscore=230.87;sscore=18.09;rscore=12.22;uscore=2.28;tscore=2.49;
contig_15	Prodigal_v2.6.3	CDS	23694	24989	242.2	+	0	ID=28_22;partial=00;start_type=ATG;rbs_motif=GGAGG;rbs_spacer=5-10bp;gc_cont=0.406;conf=99.99;score=242.17;cscore=227.47;sscore=14.70;rscore=12.75;uscore=-1.51;tscore=2.49;
contig_15	Prodigal_v2.6.3	CDS	25067	25795	101.6	+	0	ID=28_23;partial=00;start_type=ATG;rbs_motif=AGGAG/GGAGG;rbs_spacer=11-12bp;gc_cont=0.409;conf=100.00;score=101.62;cscore=89.43;sscore=12.19;rscore=9.05;uscore=0.65;tscore=2.49;
contig_15	Prodigal_v2.6.3	CDS	25808	26470	89.0	+	0	ID=28_24;partial=00;start_type=TTG;rbs_motif=AGxAGG/AGGxGG;rbs_spacer=5-10bp;gc_cont=0.421;conf=100.00;score=89.05;cscore=80.30;sscore=8.75;rscore=9.68;uscore=2.62;tscore=-4.70;
contig_15	Prodigal_v2.6.3	CDS	26467	26781	48.2	+	0	ID=28_25;partial=00;start_type=ATG;rbs_motif=3Base/5BMM;rbs_spacer=13-15bp;gc_cont=0.429;conf=100.00;score=48.21;cscore=44.10;sscore=4.11;rscore=-6.44;uscore=0.33;tscore=2.49;
contig_15	Prodigal_v2.6.3	CDS	26973	29651	499.9	-	0	ID=28_26;partial=00;start_type=ATG;rbs_motif=AGGAG;rbs_spacer=5-10bp;gc_cont=0.407;conf=99.99;score=499.94;cscore=483.72;sscore=16.22;rscore=12.22;uscore=0.26;tscore=2.49;
contig_15	Prodigal_v2.6.3	CDS	29654	30298	59.5	-	0	ID=28_27;partial=00;start_type=ATG;rbs_motif=GGA/GAG/AGG;rbs_spacer=5-10bp;gc_cont=0.374;conf=100.00;score=59.49;cscore=55.57;sscore=3.92;rscore=-0.45;uscore=2.53;tscore=2.49;
contig_15	Prodigal_v2.6.3	CDS	30679	30876	7.3	+	0	ID=28_28;partial=00;start_type=TTG;rbs_motif=AGGAGG;rbs_spacer=5-10bp;gc_cont=0.354;conf=84.21;score=7.28;cscore=1.30;sscore=5.98;rscore=10.73;uscore=1.28;tscore=-6.02;
contig_15	Prodigal_v2.6.3	CDS	31084	31467	47.5	+	0	ID=28_29;partial=00;start_type=TTG;rbs_motif=GGAG/GAGG;rbs_spacer=5-10bp;gc_cont=0.346;conf=100.00;score=47.47;cscore=40.83;sscore=6.64;rscore=8.24;uscore=3.75;tscore=-4.70;
contig_15	Prodigal_v2.6.3	CDS	31442	33709	338.5	+	0	ID=28_30;partial=00;start_type=ATG;rbs_motif=AGGAGG;rbs_spacer=5-10bp;gc_cont=0.412;conf=99.99;score=338.49;cscore=320.21;sscore=18.29;rscore=13.75;uscore=2.05;tscore=2.49;
contig_15	Prodigal_v2.6.3	CDS	33868	35115	146.0	+	0	ID=28_31;partial=00;start_type=ATG;rbs_motif=GGA/GAG/AGG;rbs_spacer=5-10bp;gc_cont=0.383;conf=100.00;score=146.02;cscore=141.05;sscore=4.96;rscore=-0.45;uscore=2.93;tscore=2.49;
contig_15	Prodigal_v2.6.3	CDS	35237	35533	41.8	+	0	ID=28_32;partial=00;start_type=ATG;rbs_motif=GGA/GAG/AGG;rbs_spacer=5-10bp;gc_cont=0.327;conf=99.99;score=41.84;cscore=38.20;sscore=3.64;rscore=-0.45;uscore=1.61;tscore=2.49;
contig_15	Prodigal_v2.6.3	CDS	36458	38203	239.2	+	0	ID=28_33;partial=00;start_type=ATG;rbs_motif=GGAG/GAGG;rbs_spacer=5-10bp;gc_cont=0.358;conf=99.99;score=239.16;cscore=227.96;sscore=11.20;rscore=8.24;uscore=1.13;tscore=2.49;
contig_15	Prodigal_v2.6.3	CDS	38207	39343	201.5	+	0	ID=28_34;partial=00;start_type=ATG;rbs_motif=AGGA;rbs_spacer=5-10bp;gc_cont=0.412;conf=99.99;score=201.51;cscore=192.72;sscore=8.79;rscore=4.23;uscore=0.84;tscore=2.49;
contig_15	Prodigal_v2.6.3	CDS	39429	41336	313.2	+	0	ID=28_35;partial=00;start_type=TTG;rbs_motif=AGxAGG/AGGxGG;rbs_spacer=5-10bp;gc_cont=0.395;conf=99.99;score=313.21;cscore=308.02;sscore=5.19;rscore=9.68;uscore=0.21;tscore=-4.70;
contig_15	Prodigal_v2.6.3	CDS	41563	43023	167.9	+	0	ID=28_36;partial=00;start_type=TTG;rbs_motif=None;rbs_spacer=None;gc_cont=0.364;conf=100.00;score=167.90;cscore=180.69;sscore=-12.80;rscore=-9.56;uscore=2.11;tscore=-4.70;
contig_15	Prodigal_v2.6.3	CDS	43016	43594	92.3	+	0	ID=28_37;partial=00;start_type=ATG;rbs_motif=AGGAGG;rbs_spacer=11-12bp;gc_cont=0.363;conf=100.00;score=92.29;cscore=77.49;sscore=14.80;rscore=10.68;uscore=0.39;tscore=2.49;
contig_15	Prodigal_v2.6.3	CDS	43684	44922	211.6	+	0	ID=28_38;partial=00;start_type=ATG;rbs_motif=GGA/GAG/AGG;rbs_spacer=5-10bp;gc_cont=0.395;conf=99.99;score=211.58;cscore=204.32;sscore=7.26;rscore=-0.45;uscore=5.22;tscore=2.49;
contig_15	Prodigal_v2.6.3	CDS	44949	45290	66.2	+	0	ID=28_39;partial=00;start_type=GTG;rbs_motif=GGAG/GAGG;rbs_spacer=5-10bp;gc_cont=0.389;conf=100.00;score=66.22;cscore=56.71;sscore=9.51;rscore=8.24;uscore=3.89;tscore=-3.61;
contig_15	Prodigal_v2.6.3	CDS	45301	45801	45.6	+	0	ID=28_40;partial=00;start_type=ATG;rbs_motif=AGGA;rbs_spacer=5-10bp;gc_cont=0.397;conf=100.00;score=45.59;cscore=37.15;sscore=8.44;rscore=4.23;uscore=0.56;tscore=2.49;
contig_15	Prodigal_v2.6.3	CDS	45819	47240	182.4	+	0	ID=28_41;partial=00;start_type=GTG;rbs_motif=GGAGG;rbs_spacer=5-10bp;gc_cont=0.406;conf=99.99;score=182.43;cscore=174.90;sscore=7.53;rscore=12.75;uscore=-2.71;tscore=-3.61;
contig_15	Prodigal_v2.6.3	CDS	47252	48616	220.1	+	0	ID=28_42;partial=00;start_type=GTG;rbs_motif=AGGAGG;rbs_spacer=5-10bp;gc_cont=0.396;conf=99.99;score=220.12;cscore=209.71;sscore=10.41;rscore=13.75;uscore=-0.89;tscore=-3.61;
contig_15	Prodigal_v2.6.3	CDS	48626	49636	158.2	+	0	ID=28_43;partial=00;start_type=GTG;rbs_motif=GGA/GAG/AGG;rbs_spacer=5-10bp;gc_cont=0.422;conf=100.00;score=158.20;cscore=159.35;sscore=-1.15;rscore=-0.45;uscore=1.73;tscore=-3.61;
contig_15	Prodigal_v2.6.3	CDS	49648	50298	116.6	+	0	ID=28_44;partial=00;start_type=ATG;rbs_motif=AGGAGG;rbs_spacer=5-10bp;gc_cont=0.432;conf=100.00;score=116.59;cscore=97.86;sscore=18.73;rscore=13.75;uscore=1.34;tscore=2.49;
contig_15	Prodigal_v2.6.3	CDS	50314	51804	261.7	+	0	ID=28_45;partial=00;start_type=ATG;rbs_motif=GGAGG;rbs_spacer=5-10bp;gc_cont=0.396;conf=99.99;score=261.69;cscore=244.13;sscore=17.56;rscore=12.75;uscore=1.21;tscore=2.49;
contig_15	Prodigal_v2.6.3	CDS	51825	52103	81.3	+	0	ID=28_46;partial=00;start_type=ATG;rbs_motif=GGAGG;rbs_spacer=5-10bp;gc_cont=0.434;conf=100.00;score=81.28;cscore=61.63;sscore=19.65;rscore=12.75;uscore=3.35;tscore=2.49;
contig_15	Prodigal_v2.6.3	CDS	52232	52822	103.8	+	0	ID=28_47;partial=00;start_type=ATG;rbs_motif=AGxAGG/AGGxGG;rbs_spacer=5-10bp;gc_cont=0.423;conf=100.00;score=103.82;cscore=89.18;sscore=14.65;rscore=9.68;uscore=2.48;tscore=2.49;
contig_15	Prodigal_v2.6.3	CDS	52835	53704	163.3	+	0	ID=28_48;partial=00;start_type=ATG;rbs_motif=AGGAGG;rbs_spacer=5-10bp;gc_cont=0.420;conf=100.00;score=163.33;cscore=145.50;sscore=17.83;rscore=13.75;uscore=0.45;tscore=2.49;
contig_15	Prodigal_v2.6.3	CDS	53741	54025	53.5	+	0	ID=28_49;partial=00;start_type=ATG;rbs_motif=GGAG/GAGG;rbs_spacer=5-10bp;gc_cont=0.425;conf=100.00;score=53.51;cscore=42.71;sscore=10.80;rscore=8.24;uscore=-0.81;tscore=2.49;
contig_15	Prodigal_v2.6.3	CDS	54018	54386	80.9	+	0	ID=28_50;partial=00;start_type=ATG;rbs_motif=GGAG/GAGG;rbs_spacer=5-10bp;gc_cont=0.455;conf=100.00;score=80.90;cscore=68.68;sscore=12.21;rscore=8.24;uscore=0.23;tscore=2.49;
contig_15	Prodigal_v2.6.3	CDS	54386	55333	167.0	+	0	ID=28_51;partial=00;start_type=ATG;rbs_motif=GGAG/GAGG;rbs_spacer=5-10bp;gc_cont=0.421;conf=100.00;score=166.96;cscore=154.95;sscore=12.01;rscore=8.24;uscore=-0.31;tscore=2.49;
contig_15	Prodigal_v2.6.3	CDS	55601	56566	100.4	+	0	ID=28_52;partial=00;start_type=ATG;rbs_motif=AGGAGG;rbs_spacer=5-10bp;gc_cont=0.366;conf=100.00;score=100.36;cscore=83.88;sscore=16.49;rscore=13.75;uscore=0.90;tscore=2.49;
contig_15	Prodigal_v2.6.3	CDS	56772	56996	48.0	+	0	ID=28_53;partial=00;start_type=ATG;rbs_motif=AGGAGG;rbs_spacer=5-10bp;gc_cont=0.418;conf=100.00;score=47.98;cscore=31.38;sscore=16.59;rscore=12.21;uscore=2.83;tscore=2.21;
contig_15	Prodigal_v2.6.3	CDS	57314	57628	19.1	+	0	ID=28_54;partial=00;start_type=GTG;rbs_motif=GGA/GAG/AGG;rbs_spacer=5-10bp;gc_cont=0.406;conf=98.77;score=19.09;cscore=24.39;sscore=-5.30;rscore=-0.45;uscore=-0.59;tscore=-3.61;
contig_15	Prodigal_v2.6.3	CDS	57583	57765	4.9	+	0	ID=28_55;partial=00;start_type=ATG;rbs_motif=GGA/GAG/AGG;rbs_spacer=5-10bp;gc_cont=0.377;conf=75.41;score=4.87;cscore=5.08;sscore=-0.20;rscore=-0.62;uscore=-1.37;tscore=1.79;
contig_15	Prodigal_v2.6.3	CDS	57856	58149	22.0	+	0	ID=28_56;partial=00;start_type=GTG;rbs_motif=None;rbs_spacer=None;gc_cont=0.435;conf=99.37;score=22.04;cscore=34.99;sscore=-12.96;rscore=-9.56;uscore=0.21;tscore=-3.61;
contig_15	Prodigal_v2.6.3	CDS	58450	59799	169.3	-	0	ID=28_57;partial=00;start_type=ATG;rbs_motif=GGAG/GAGG;rbs_spacer=5-10bp;gc_cont=0.392;conf=100.00;score=169.26;cscore=159.74;sscore=9.52;rscore=8.24;uscore=-0.55;tscore=2.49;
contig_15	Prodigal_v2.6.3	CDS	60111	60449	55.3	-	0	ID=28_58;partial=00;start_type=ATG;rbs_motif=GGAGG;rbs_spacer=5-10bp;gc_cont=0.378;conf=100.00;score=55.35;cscore=39.54;sscore=15.80;rscore=12.75;uscore=1.22;tscore=2.49;
contig_15	Prodigal_v2.6.3	CDS	61326	62558	108.5	-	0	ID=28_59;partial=00;start_type=ATG;rbs_motif=GGAG/GAGG;rbs_spacer=5-10bp;gc_cont=0.373;conf=100.00;score=108.49;cscore=95.87;sscore=12.62;rscore=8.24;uscore=1.89;tscore=2.49;
contig_15	Prodigal_v2.6.3	CDS	62633	63262	39.8	-	0	ID=28_60;partial=00;start_type=ATG;rbs_motif=GGAGG;rbs_spacer=5-10bp;gc_cont=0.362;conf=99.99;score=39.76;cscore=24.10;sscore=15.65;rscore=12.75;uscore=1.06;tscore=2.49;
contig_15	Prodigal_v2.6.3	CDS	63480	64166	102.9	+	0	ID=28_61;partial=00;start_type=ATG;rbs_motif=GGA/GAG/AGG;rbs_spacer=5-10bp;gc_cont=0.376;conf=100.00;score=102.87;cscore=100.19;sscore=2.68;rscore=-0.45;uscore=0.64;tscore=2.49;
contig_15	Prodigal_v2.6.3	CDS	64811	66169	196.5	+	0	ID=28_62;partial=00;start_type=ATG;rbs_motif=AGGAG;rbs_spacer=5-10bp;gc_cont=0.341;conf=99.99;score=196.47;cscore=177.87;sscore=18.61;rscore=12.22;uscore=4.55;tscore=2.49;
contig_15	Prodigal_v2.6.3	CDS	66380	66568	27.9	+	0	ID=28_63;partial=00;start_type=ATG;rbs_motif=AGGA;rbs_spacer=5-10bp;gc_cont=0.291;conf=99.84;score=27.92;cscore=22.12;sscore=5.80;rscore=3.14;uscore=1.46;tscore=1.85;
contig_15	Prodigal_v2.6.3	CDS	67084	67734	54.5	-	0	ID=28_64;partial=00;start_type=ATG;rbs_motif=AGGAGG;rbs_spacer=5-10bp;gc_cont=0.300;conf=100.00;score=54.51;cscore=36.38;sscore=18.14;rscore=13.75;uscore=2.55;tscore=2.49;
contig_15	Prodigal_v2.6.3	CDS	68208	68393	15.8	+	0	ID=28_65;partial=00;start_type=ATG;rbs_motif=GGAG/GAGG;rbs_spacer=5-10bp;gc_cont=0.382;conf=97.44;score=15.83;cscore=7.99;sscore=7.85;rscore=6.03;uscore=-0.01;tscore=1.82;
contig_15	Prodigal_v2.6.3	CDS	68566	69069	40.7	+	0	ID=28_66;partial=00;start_type=ATG;rbs_motif=AGGA;rbs_spacer=5-10bp;gc_cont=0.321;conf=99.99;score=40.69;cscore=31.17;sscore=9.52;rscore=4.23;uscore=2.81;tscore=2.49;
contig_15	Prodigal_v2.6.3	CDS	69791	70216	70.7	+	0	ID=28_67;partial=00;start_type=ATG;rbs_motif=GGAG/GAGG;rbs_spacer=5-10bp;gc_cont=0.444;conf=100.00;score=70.67;cscore=59.33;sscore=11.34;rscore=8.24;uscore=1.27;tscore=2.49;
contig_15	Prodigal_v2.6.3	CDS	70228	70602	70.7	+	0	ID=28_68;partial=00;start_type=ATG;rbs_motif=AGGAG;rbs_spacer=5-10bp;gc_cont=0.429;conf=100.00;score=70.72;cscore=52.83;sscore=17.89;rscore=12.22;uscore=2.03;tscore=2.49;
contig_15	Prodigal_v2.6.3	CDS	70766	72097	220.6	+	0	ID=28_69;partial=00;start_type=ATG;rbs_motif=AGxAGG/AGGxGG;rbs_spacer=5-10bp;gc_cont=0.422;conf=99.99;score=220.59;cscore=205.20;sscore=15.39;rscore=9.68;uscore=3.22;tscore=2.49;
contig_15	Prodigal_v2.6.3	CDS	72112	73215	123.3	+	0	ID=28_70;partial=00;start_type=ATG;rbs_motif=AGGAG;rbs_spacer=5-10bp;gc_cont=0.414;conf=100.00;score=123.26;cscore=104.97;sscore=18.29;rscore=12.22;uscore=2.47;tscore=2.49;
contig_15	Prodigal_v2.6.3	CDS	73655	74863	175.2	+	0	ID=28_71;partial=00;start_type=ATG;rbs_motif=GGAGG;rbs_spacer=5-10bp;gc_cont=0.362;conf=100.00;score=175.18;cscore=159.38;sscore=15.80;rscore=12.75;uscore=1.21;tscore=2.49;
contig_15	Prodigal_v2.6.3	CDS	75188	75838	101.4	+	0	ID=28_72;partial=00;start_type=ATG;rbs_motif=AGGAG;rbs_spacer=5-10bp;gc_cont=0.303;conf=100.00;score=101.36;cscore=84.52;sscore=16.85;rscore=12.22;uscore=2.79;tscore=2.49;
contig_15	Prodigal_v2.6.3	CDS	75856	76113	34.5	+	0	ID=28_73;partial=00;start_type=ATG;rbs_motif=GGAG/GAGG;rbs_spacer=5-10bp;gc_cont=0.295;conf=99.96;score=34.50;cscore=16.87;sscore=17.63;rscore=8.24;uscore=5.82;tscore=2.49;
contig_15	Prodigal_v2.6.3	CDS	76142	77047	85.0	+	0	ID=28_74;partial=00;start_type=TTG;rbs_motif=GGAG/GAGG;rbs_spacer=5-10bp;gc_cont=0.334;conf=100.00;score=85.00;cscore=80.65;sscore=4.34;rscore=8.24;uscore=-0.17;tscore=-4.70;
contig_15	Prodigal_v2.6.3	CDS	77037	77483	23.9	+	0	ID=28_75;partial=00;start_type=ATG;rbs_motif=AGGAGG;rbs_spacer=11-12bp;gc_cont=0.295;conf=99.59;score=23.92;cscore=7.16;sscore=16.75;rscore=10.68;uscore=2.37;tscore=2.49;
contig_15	Prodigal_v2.6.3	CDS	77735	78877	121.4	-	0	ID=28_76;partial=00;start_type=ATG;rbs_motif=None;rbs_spacer=None;gc_cont=0.303;conf=100.00;score=121.35;cscore=130.82;sscore=-9.47;rscore=-9.56;uscore=-1.74;tscore=2.49;
contig_15	Prodigal_v2.6.3	CDS	79215	79493	12.4	-	0	ID=28_77;partial=00;start_type=ATG;rbs_motif=None;rbs_spacer=None;gc_cont=0.326;conf=94.56;score=12.42;cscore=19.67;sscore=-7.24;rscore=-9.56;uscore=-0.17;tscore=2.49;
# Sequence Data: seqnum=29;seqlen=13431;seqhdr="contig_13"
# Model Data: version=Prodigal.v2.6.3;run_type=Single;model="Ab initio";gc_cont=37.70;transl_table=11;uses_sd=1
contig_13	Prodigal_v2.6.3	CDS	508	741	7.3	+	0	ID=29_1;partial=00;start_type=GTG;rbs_motif=None;rbs_spacer=None;gc_cont=0.466;conf=84.20;score=7.28;cscore=19.43;sscore=-12.15;rscore=-10.34;uscore=2.10;tscore=-3.91;
contig_13	Prodigal_v2.6.3	CDS	744	1571	134.1	+	0	ID=29_2;partial=00;start_type=GTG;rbs_motif=3Base/5BMM;rbs_spacer=13-15bp;gc_cont=0.400;conf=100.00;score=134.05;cscore=145.27;sscore=-11.22;rscore=-6.44;uscore=-2.42;tscore=-3.61;
contig_13	Prodigal_v2.6.3	CDS	1575	2735	191.6	+	0	ID=29_3;partial=00;start_type=ATG;rbs_motif=GGAG/GAGG;rbs_spacer=5-10bp;gc_cont=0.434;conf=99.99;score=191.57;cscore=179.12;sscore=12.45;rscore=8.24;uscore=0.48;tscore=2.49;
contig_13	Prodigal_v2.6.3	CDS	2787	3215	63.8	-	0	ID=29_4;partial=00;start_type=ATG;rbs_motif=AGxAGG/AGGxGG;rbs_spacer=5-10bp;gc_cont=0.410;conf=100.00;score=63.79;cscore=51.69;sscore=12.10;rscore=9.68;uscore=0.58;tscore=2.49;
contig_13	Prodigal_v2.6.3	CDS	3282	3776	72.1	+	0	ID=29_5;partial=00;start_type=GTG;rbs_motif=AGxAGG/AGGxGG;rbs_spacer=5-10bp;gc_cont=0.347;conf=100.00;score=72.11;cscore=59.71;sscore=12.40;rscore=9.68;uscore=6.33;tscore=-3.61;
contig_13	Prodigal_v2.6.3	CDS	3807	4145	51.0	-	0	ID=29_6;partial=00;start_type=ATG;rbs_motif=AGGA;rbs_spacer=5-10bp;gc_cont=0.395;conf=100.00;score=50.99;cscore=40.57;sscore=10.42;rscore=4.23;uscore=2.65;tscore=2.49;
contig_13	Prodigal_v2.6.3	CDS	4166	4702	84.7	-	0	ID=29_7;partial=00;start_type=ATG;rbs_motif=AGGAG;rbs_spacer=5-10bp;gc_cont=0.371;conf=100.00;score=84.66;cscore=66.36;sscore=18.30;rscore=12.22;uscore=3.59;tscore=2.49;
contig_13	Prodigal_v2.6.3	CDS	4822	4974	3.3	-	0	ID=29_8;partial=00;start_type=ATG;rbs_motif=AGGAGG;rbs_spacer=5-10bp;gc_cont=0.431;conf=68.15;score=3.31;cscore=-7.45;sscore=10.75;rscore=8.25;uscore=1.51;tscore=1.49;
contig_13	Prodigal_v2.6.3	CDS	5083	6255	229.6	-	0	ID=29_9;partial=00;start_type=ATG;rbs_motif=AGGAG;rbs_spacer=5-10bp;gc_cont=0.429;conf=99.99;score=229.60;cscore=211.96;sscore=17.64;rscore=12.22;uscore=1.84;tscore=2.49;
contig_13	Prodigal_v2.6.3	CDS	6273	7460	186.4	-	0	ID=29_10;partial=00;start_type=ATG;rbs_motif=AGGAG/GGAGG;rbs_spacer=11-12bp;gc_cont=0.393;conf=99.99;score=186.39;cscore=171.30;sscore=15.09;rscore=9.05;uscore=4.21;tscore=2.49;
contig_13	Prodigal_v2.6.3	CDS	7688	8002	25.9	-	0	ID=29_11;partial=00;start_type=TTG;rbs_motif=AGxAGG/AGGxGG;rbs_spacer=5-10bp;gc_cont=0.365;conf=99.74;score=25.95;cscore=14.52;sscore=11.43;rscore=9.68;uscore=5.29;tscore=-4.70;
contig_13	Prodigal_v2.6.3	CDS	8014	9297	189.5	-	0	ID=29_12;partial=00;start_type=ATG;rbs_motif=AGGA;rbs_spacer=5-10bp;gc_cont=0.404;conf=99.99;score=189.46;cscore=180.58;sscore=8.89;rscore=4.23;uscore=1.04;tscore=2.49;
contig_13	Prodigal_v2.6.3	CDS	9311	10390	115.3	-	0	ID=29_13;partial=00;start_type=ATG;rbs_motif=AGxAGG/AGGxGG;rbs_spacer=5-10bp;gc_cont=0.369;conf=100.00;score=115.31;cscore=100.58;sscore=14.73;rscore=9.68;uscore=1.37;tscore=2.49;
contig_13	Prodigal_v2.6.3	CDS	10398	10940	54.8	-	0	ID=29_14;partial=00;start_type=ATG;rbs_motif=AGGAG/GGAGG;rbs_spacer=11-12bp;gc_cont=0.387;conf=100.00;score=54.78;cscore=41.12;sscore=13.66;rscore=9.05;uscore=2.77;tscore=2.49;
contig_13	Prodigal_v2.6.3	CDS	11315	11692	75.1	-	0	ID=29_15;partial=00;start_type=ATG;rbs_motif=AGGAGG;rbs_spacer=5-10bp;gc_cont=0.434;conf=100.00;score=75.07;cscore=55.94;sscore=19.13;rscore=13.75;uscore=3.55;tscore=2.49;
contig_13	Prodigal_v2.6.3	CDS	11896	12231	43.0	-	0	ID=29_16;partial=00;start_type=ATG;rbs_motif=3Base/5BMM;rbs_spacer=13-15bp;gc_cont=0.429;conf=99.99;score=42.97;cscore=48.34;sscore=-5.37;rscore=-6.44;uscore=-1.42;tscore=2.49;
contig_13	Prodigal_v2.6.3	CDS	12261	13430	53.6	+	0	ID=29_17;partial=01;start_type=ATG;rbs_motif=None;rbs_spacer=None;gc_cont=0.197;conf=100.00;score=53.57;cscore=66.61;sscore=-13.04;rscore=-9.56;uscore=-5.97;tscore=2.49;
# Sequence Data: seqnum=30;seqlen=18659;seqhdr="contig_11"
# Model Data: version=Prodigal.v2.6.3;run_type=Single;model="Ab initio";gc_cont=37.70;transl_table=11;uses_sd=1
contig_11	Prodigal_v2.6.3	CDS	242	586	42.4	+	0	ID=30_1;partial=00;start_type=ATG;rbs_motif=GGxGG;rbs_spacer=5-10bp;gc_cont=0.357;conf=99.99;score=42.36;cscore=31.02;sscore=11.34;rscore=6.77;uscore=2.08;tscore=2.49;
contig_11	Prodigal_v2.6.3	CDS	696	1349	87.0	-	0	ID=30_2;partial=00;start_type=ATG;rbs_motif=AGGAG;rbs_spacer=5-10bp;gc_cont=0.390;conf=100.00;score=86.99;cscore=71.19;sscore=15.79;rscore=12.22;uscore=1.74;tscore=2.49;
contig_11	Prodigal_v2.6.3	CDS	1818	2105	20.5	-	0	ID=30_3;partial=00;start_type=ATG;rbs_motif=AGGAG;rbs_spacer=5-10bp;gc_cont=0.267;conf=99.12;score=20.53;cscore=2.53;sscore=18.00;rscore=12.22;uscore=3.95;tscore=2.49;
contig_11	Prodigal_v2.6.3	CDS	2417	3064	103.2	+	0	ID=30_4;partial=00;start_type=ATG;rbs_motif=AGGAG;rbs_spacer=5-10bp;gc_cont=0.394;conf=100.00;score=103.25;cscore=87.11;sscore=16.14;rscore=12.22;uscore=1.43;tscore=2.49;
contig_11	Prodigal_v2.6.3	CDS	3054	4037	110.3	+	0	ID=30_5;partial=00;start_type=ATG;rbs_motif=GGA/GAG/AGG;rbs_spacer=5-10bp;gc_cont=0.387;conf=100.00;score=110.31;cscore=107.01;sscore=3.31;rscore=-0.45;uscore=0.05;tscore=2.49;
contig_11	Prodigal_v2.6.3	CDS	4053	4388	30.8	-	0	ID=30_6;partial=00;start_type=ATG;rbs_motif=GGAG/GAGG;rbs_spacer=5-10bp;gc_cont=0.390;conf=99.92;score=30.79;cscore=21.36;sscore=9.42;rscore=8.24;uscore=-0.65;tscore=2.49;
contig_11	Prodigal_v2.6.3	CDS	4537	5019	38.5	+	0	ID=30_7;partial=00;start_type=ATG;rbs_motif=AGxAGG/AGGxGG;rbs_spacer=5-10bp;gc_cont=0.385;conf=99.99;score=38.48;cscore=22.23;sscore=16.25;rscore=9.68;uscore=4.09;tscore=2.49;
contig_11	Prodigal_v2.6.3	CDS	5106	5504	63.3	+	0	ID=30_8;partial=00;start_type=ATG;rbs_motif=AGGAG;rbs_spacer=5-10bp;gc_cont=0.411;conf=100.00;score=63.35;cscore=48.69;sscore=14.66;rscore=12.22;uscore=-0.05;tscore=2.49;
contig_11	Prodigal_v2.6.3	CDS	5504	5851	43.4	+	0	ID=30_9;partial=00;start_type=ATG;rbs_motif=AGxAGG/AGGxGG;rbs_spacer=5-10bp;gc_cont=0.417;conf=100.00;score=43.42;cscore=29.97;sscore=13.45;rscore=9.68;uscore=-2.88;tscore=2.49;
contig_11	Prodigal_v2.6.3	CDS	5867	6352	78.2	+	0	ID=30_10;partial=00;start_type=ATG;rbs_motif=AGGAG;rbs_spacer=5-10bp;gc_cont=0.370;conf=100.00;score=78.19;cscore=61.53;sscore=16.66;rscore=12.22;uscore=0.84;tscore=2.49;
contig_11	Prodigal_v2.6.3	CDS	6400	6864	50.9	+	0	ID=30_11;partial=00;start_type=ATG;rbs_motif=GGAG/GAGG;rbs_spacer=5-10bp;gc_cont=0.376;conf=100.00;score=50.86;cscore=37.30;sscore=13.56;rscore=8.24;uscore=2.07;tscore=2.49;
contig_11	Prodigal_v2.6.3	CDS	6988	7494	65.3	+	0	ID=30_12;partial=00;start_type=ATG;rbs_motif=AGGAGG;rbs_spacer=5-10bp;gc_cont=0.402;conf=100.00;score=65.33;cscore=47.03;sscore=18.30;rscore=13.75;uscore=2.06;tscore=2.49;
contig_11	Prodigal_v2.6.3	CDS	7616	8212	78.8	+	0	ID=30_13;partial=00;start_type=ATG;rbs_motif=AGGAGG;rbs_spacer=5-10bp;gc_cont=0.405;conf=100.00;score=78.76;cscore=60.71;sscore=18.06;rscore=13.75;uscore=1.82;tscore=2.49;
contig_11	Prodigal_v2.6.3	CDS	8224	8580	46.1	+	0	ID=30_14;partial=00;start_type=ATG;rbs_motif=AGxAGG/AGGxGG;rbs_spacer=5-10bp;gc_cont=0.364;conf=100.00;score=46.08;cscore=34.75;sscore=11.34;rscore=9.68;uscore=-1.98;tscore=2.49;
contig_11	Prodigal_v2.6.3	CDS	8595	8825	24.5	+	0	ID=30_15;partial=00;start_type=ATG;rbs_motif=AGGAG/GGAGG;rbs_spacer=11-12bp;gc_cont=0.424;conf=99.64;score=24.52;cscore=10.02;sscore=14.50;rscore=8.25;uscore=2.86;tscore=2.27;
contig_11	Prodigal_v2.6.3	CDS	9205	11121	317.0	+	0	ID=30_16;partial=00;start_type=ATG;rbs_motif=AGGAG;rbs_spacer=5-10bp;gc_cont=0.414;conf=99.99;score=317.02;cscore=299.66;sscore=17.36;rscore=12.22;uscore=2.65;tscore=2.49;
contig_11	Prodigal_v2.6.3	CDS	11246	11503	9.6	-	0	ID=30_17;partial=00;start_type=TTG;rbs_motif=None;rbs_spacer=None;gc_cont=0.353;conf=90.13;score=9.62;cscore=13.03;sscore=-3.40;rscore=-9.56;uscore=-0.79;tscore=-4.70;
contig_11	Prodigal_v2.6.3	CDS	11500	11715	5.7	-	0	ID=30_18;partial=00;start_type=ATG;rbs_motif=GGAGG;rbs_spacer=5-10bp;gc_cont=0.356;conf=78.57;score=5.65;cscore=-7.24;sscore=12.89;rscore=10.87;uscore=0.41;tscore=2.12;
contig_11	Prodigal_v2.6.3	CDS	11888	12058	12.2	-	0	ID=30_19;partial=00;start_type=TTG;rbs_motif=AGGAGG;rbs_spacer=5-10bp;gc_cont=0.310;conf=94.35;score=12.25;cscore=8.56;sscore=3.69;rscore=9.24;uscore=2.09;tscore=-6.99;
contig_11	Prodigal_v2.6.3	CDS	12556	13140	59.9	+	0	ID=30_20;partial=00;start_type=ATG;rbs_motif=GGA/GAG/AGG;rbs_spacer=5-10bp;gc_cont=0.397;conf=100.00;score=59.94;cscore=56.27;sscore=3.67;rscore=-0.45;uscore=1.63;tscore=2.49;
contig_11	Prodigal_v2.6.3	CDS	13133	13690	76.5	+	0	ID=30_21;partial=00;start_type=ATG;rbs_motif=AGGAG;rbs_spacer=5-10bp;gc_cont=0.452;conf=100.00;score=76.49;cscore=59.96;sscore=16.53;rscore=12.22;uscore=0.57;tscore=2.49;
contig_11	Prodigal_v2.6.3	CDS	13742	14293	49.5	-	0	ID=30_22;partial=00;start_type=ATG;rbs_motif=GGAG/GAGG;rbs_spacer=5-10bp;gc_cont=0.400;conf=100.00;score=49.52;cscore=40.04;sscore=9.48;rscore=8.24;uscore=-0.59;tscore=2.49;
contig_11	Prodigal_v2.6.3	CDS	14495	15082	99.3	+	0	ID=30_23;partial=00;start_type=ATG;rbs_motif=GGAG/GAGG;rbs_spacer=5-10bp;gc_cont=0.398;conf=100.00;score=99.32;cscore=84.10;sscore=15.22;rscore=8.24;uscore=4.49;tscore=2.49;
contig_11	Prodigal_v2.6.3	CDS	15079	15567	62.7	+	0	ID=30_24;partial=00;start_type=GTG;rbs_motif=AGGAGG;rbs_spacer=5-10bp;gc_cont=0.436;conf=100.00;score=62.74;cscore=51.30;sscore=11.44;rscore=13.75;uscore=-1.61;tscore=-3.61;
contig_11	Prodigal_v2.6.3	CDS	15564	15911	13.4	+	0	ID=30_25;partial=00;start_type=TTG;rbs_motif=AGGAGG;rbs_spacer=5-10bp;gc_cont=0.414;conf=95.57;score=13.36;cscore=2.03;sscore=11.33;rscore=13.75;uscore=0.98;tscore=-4.70;
contig_11	Prodigal_v2.6.3	CDS	16012	16356	17.8	-	0	ID=30_26;partial=00;start_type=ATG;rbs_motif=None;rbs_spacer=None;gc_cont=0.412;conf=98.36;score=17.81;cscore=26.56;sscore=-8.76;rscore=-9.56;uscore=-1.03;tscore=2.49;
contig_11	Prodigal_v2.6.3	CDS	16544	16747	11.8	-	0	ID=30_27;partial=00;start_type=ATG;rbs_motif=GGAGG;rbs_spacer=5-10bp;gc_cont=0.353;conf=93.76;score=11.79;cscore=-0.18;sscore=11.97;rscore=10.25;uscore=0.87;tscore=2.00;
contig_11	Prodigal_v2.6.3	CDS	17092	18081	102.3	+	0	ID=30_28;partial=00;start_type=TTG;rbs_motif=GGAGG;rbs_spacer=5-10bp;gc_cont=0.409;conf=100.00;score=102.25;cscore=92.63;sscore=9.62;rscore=12.75;uscore=1.56;tscore=-4.70;
contig_11	Prodigal_v2.6.3	CDS	18581	18658	5.9	+	0	ID=30_29;partial=01;start_type=ATG;rbs_motif=GGxGG;rbs_spacer=5-10bp;gc_cont=0.500;conf=79.42;score=5.87;cscore=1.37;sscore=4.51;rscore=6.77;uscore=-4.10;tscore=2.49;
# Sequence Data: seqnum=31;seqlen=55955;seqhdr="contig_7"
# Model Data: version=Prodigal.v2.6.3;run_type=Single;model="Ab initio";gc_cont=37.70;transl_table=11;uses_sd=1
contig_7	Prodigal_v2.6.3	CDS	1	1224	108.4	+	0	ID=31_1;partial=10;start_type=Edge;rbs_motif=None;rbs_spacer=None;gc_cont=0.258;conf=100.00;score=108.43;cscore=105.21;sscore=3.22;rscore=0.00;uscore=0.00;tscore=3.22;
contig_7	Prodigal_v2.6.3	CDS	3084	3419	27.4	+	0	ID=31_2;partial=00;start_type=ATG;rbs_motif=None;rbs_spacer=None;gc_cont=0.179;conf=99.82;score=27.43;cscore=32.14;sscore=-4.72;rscore=-9.56;uscore=3.01;tscore=2.49;
contig_7	Prodigal_v2.6.3	CDS	3448	3705	13.4	+	0	ID=31_3;partial=00;start_type=TTG;rbs_motif=None;rbs_spacer=None;gc_cont=0.267;conf=95.64;score=13.43;cscore=27.01;sscore=-13.58;rscore=-9.56;uscore=-0.29;tscore=-4.70;
contig_7	Prodigal_v2.6.3	CDS	3712	4059	45.7	+	0	ID=31_4;partial=00;start_type=ATG;rbs_motif=GGA/GAG/AGG;rbs_spacer=5-10bp;gc_cont=0.325;conf=100.00;score=45.70;cscore=39.14;sscore=6.56;rscore=-0.45;uscore=3.32;tscore=2.49;
contig_7	Prodigal_v2.6.3	CDS	4056	5183	125.0	+	0	ID=31_5;partial=00;start_type=TTG;rbs_motif=None;rbs_spacer=None;gc_cont=0.306;conf=100.00;score=124.96;cscore=125.03;sscore=-0.08;rscore=-9.56;uscore=3.33;tscore=-4.70;
contig_7	Prodigal_v2.6.3	CDS	5292	5642	29.5	+	0	ID=31_6;partial=00;start_type=ATG;rbs_motif=None;rbs_spacer=None;gc_cont=0.305;conf=99.89;score=29.49;cscore=35.56;sscore=-6.07;rscore=-9.56;uscore=1.00;tscore=2.49;
contig_7	Prodigal_v2.6.3	CDS	5626	6753	131.6	+	0	ID=31_7;partial=00;start_type=ATG;rbs_motif=GGAG/GAGG;rbs_spacer=5-10bp;gc_cont=0.315;conf=100.00;score=131.60;cscore=119.05;sscore=12.55;rscore=8.24;uscore=0.67;tscore=2.49;
contig_7	Prodigal_v2.6.3	CDS	6740	7000	20.7	+	0	ID=31_8;partial=00;start_type=TTG;rbs_motif=GGA/GAG/AGG;rbs_spacer=5-10bp;gc_cont=0.299;conf=99.14;score=20.65;cscore=20.85;sscore=-0.20;rscore=-0.45;uscore=3.76;tscore=-4.70;
contig_7	Prodigal_v2.6.3	CDS	7019	7399	21.5	+	0	ID=31_9;partial=00;start_type=TTG;rbs_motif=None;rbs_spacer=None;gc_cont=0.339;conf=99.29;score=21.49;cscore=33.19;sscore=-11.70;rscore=-9.56;uscore=1.48;tscore=-4.70;
contig_7	Prodigal_v2.6.3	CDS	7983	8132	12.9	+	0	ID=31_10;partial=00;start_type=GTG;rbs_motif=AGxAGG/AGGxGG;rbs_spacer=5-10bp;gc_cont=0.360;conf=95.08;score=12.88;cscore=11.44;sscore=1.44;rscore=5.69;uscore=2.54;tscore=-6.14;
contig_7	Prodigal_v2.6.3	CDS	9378	9755	39.4	+	0	ID=31_11;partial=00;start_type=ATG;rbs_motif=AGxAGG/AGGxGG;rbs_spacer=5-10bp;gc_cont=0.304;conf=99.99;score=39.44;cscore=23.10;sscore=16.35;rscore=9.68;uscore=4.83;tscore=2.49;
contig_7	Prodigal_v2.6.3	CDS	10007	10555	62.8	+	0	ID=31_12;partial=00;start_type=ATG;rbs_motif=GGA/GAG/AGG;rbs_spacer=5-10bp;gc_cont=0.341;conf=100.00;score=62.76;cscore=59.54;sscore=3.23;rscore=-0.45;uscore=1.84;tscore=2.49;
contig_7	Prodigal_v2.6.3	CDS	10693	11949	232.1	+	0	ID=31_13;partial=00;start_type=ATG;rbs_motif=GGxGG;rbs_spacer=5-10bp;gc_cont=0.431;conf=99.99;score=232.11;cscore=221.78;sscore=10.32;rscore=6.77;uscore=1.07;tscore=2.49;
contig_7	Prodigal_v2.6.3	CDS	11953	12393	72.8	+	0	ID=31_14;partial=00;start_type=ATG;rbs_motif=GGAG/GAGG;rbs_spacer=5-10bp;gc_cont=0.349;conf=100.00;score=72.84;cscore=62.95;sscore=9.89;rscore=8.24;uscore=-2.08;tscore=2.49;
contig_7	Prodigal_v2.6.3	CDS	12390	13745	200.6	+	0	ID=31_15;partial=00;start_type=ATG;rbs_motif=AGGAG;rbs_spacer=5-10bp;gc_cont=0.394;conf=99.99;score=200.56;cscore=183.35;sscore=17.21;rscore=12.22;uscore=1.21;tscore=2.49;
contig_7	Prodigal_v2.6.3	CDS	13765	14661	132.5	+	0	ID=31_16;partial=00;start_type=ATG;rbs_motif=AGGA/GGAG/GAGG;rbs_spacer=11-12bp;gc_cont=0.392;conf=100.00;score=132.48;cscore=125.40;sscore=7.08;rscore=3.18;uscore=0.35;tscore=2.49;
contig_7	Prodigal_v2.6.3	CDS	14793	15524	70.2	-	0	ID=31_17;partial=00;start_type=ATG;rbs_motif=GGAG/GAGG;rbs_spacer=5-10bp;gc_cont=0.311;conf=100.00;score=70.16;cscore=55.47;sscore=14.69;rscore=8.24;uscore=4.62;tscore=2.49;
contig_7	Prodigal_v2.6.3	CDS	15655	17115	266.5	+	0	ID=31_18;partial=00;start_type=ATG;rbs_motif=GGAG/GAGG;rbs_spacer=5-10bp;gc_cont=0.428;conf=99.99;score=266.48;cscore=255.76;sscore=10.72;rscore=8.24;uscore=-0.00;tscore=2.49;
contig_7	Prodigal_v2.6.3	CDS	17250	18536	119.3	+	0	ID=31_19;partial=00;start_type=TTG;rbs_motif=AGGAG;rbs_spacer=5-10bp;gc_cont=0.398;conf=100.00;score=119.27;cscore=110.50;sscore=8.77;rscore=12.22;uscore=1.24;tscore=-4.70;
contig_7	Prodigal_v2.6.3	CDS	18737	20953	358.7	+	0	ID=31_20;partial=00;start_type=ATG;rbs_motif=AGGA/GGAG/GAGG;rbs_spacer=11-12bp;gc_cont=0.364;conf=99.99;score=358.70;cscore=348.49;sscore=10.21;rscore=3.18;uscore=5.20;tscore=2.49;
contig_7	Prodigal_v2.6.3	CDS	21107	21547	49.5	-	0	ID=31_21;partial=00;start_type=ATG;rbs_motif=GGAGG;rbs_spacer=5-10bp;gc_cont=0.415;conf=100.00;score=49.46;cscore=33.53;sscore=15.93;rscore=12.75;uscore=0.69;tscore=2.49;
contig_7	Prodigal_v2.6.3	CDS	21680	22234	75.3	-	0	ID=31_22;partial=00;start_type=ATG;rbs_motif=GGAG/GAGG;rbs_spacer=5-10bp;gc_cont=0.404;conf=100.00;score=75.30;cscore=61.70;sscore=13.60;rscore=8.24;uscore=3.52;tscore=2.49;
contig_7	Prodigal_v2.6.3	CDS	22410	23261	117.0	+	0	ID=31_23;partial=00;start_type=ATG;rbs_motif=AGxAGG/AGGxGG;rbs_spacer=5-10bp;gc_cont=0.420;conf=100.00;score=117.02;cscore=102.28;sscore=14.74;rscore=9.68;uscore=2.58;tscore=2.49;
contig_7	Prodigal_v2.6.3	CDS	23562	23966	34.2	+	0	ID=31_24;partial=00;start_type=TTG;rbs_motif=GGAG/GAGG;rbs_spacer=5-10bp;gc_cont=0.348;conf=99.96;score=34.16;cscore=28.26;sscore=5.90;rscore=8.24;uscore=3.01;tscore=-4.70;
contig_7	Prodigal_v2.6.3	CDS	24007	26559	344.7	+	0	ID=31_25;partial=00;start_type=ATG;rbs_motif=GGA/GAG/AGG;rbs_spacer=5-10bp;gc_cont=0.334;conf=99.99;score=344.68;cscore=341.96;sscore=2.72;rscore=-0.45;uscore=-0.16;tscore=2.49;
contig_7	Prodigal_v2.6.3	CDS	26543	27829	133.5	+	0	ID=31_26;partial=00;start_type=ATG;rbs_motif=GGA/GAG/AGG;rbs_spacer=5-10bp;gc_cont=0.323;conf=100.00;score=133.54;cscore=130.90;sscore=2.64;rscore=-0.45;uscore=-0.55;tscore=2.49;
contig_7	Prodigal_v2.6.3	CDS	27867	28553	51.8	+	0	ID=31_27;partial=00;start_type=ATG;rbs_motif=GGAG/GAGG;rbs_spacer=5-10bp;gc_cont=0.368;conf=100.00;score=51.82;cscore=39.78;sscore=12.04;rscore=8.24;uscore=0.44;tscore=2.49;
contig_7	Prodigal_v2.6.3	CDS	28553	28786	1.2	+	0	ID=31_28;partial=00;start_type=ATG;rbs_motif=GGA/GAG/AGG;rbs_spacer=5-10bp;gc_cont=0.342;conf=56.70;score=1.17;cscore=-1.91;sscore=3.08;rscore=-0.49;uscore=-0.81;tscore=2.30;
contig_7	Prodigal_v2.6.3	CDS	28863	29441	47.2	-	0	ID=31_29;partial=00;start_type=ATG;rbs_motif=GGAG/GAGG;rbs_spacer=5-10bp;gc_cont=0.370;conf=100.00;score=47.17;cscore=34.69;sscore=12.49;rscore=8.24;uscore=2.41;tscore=2.49;
contig_7	Prodigal_v2.6.3	CDS	29550	30047	73.8	+	0	ID=31_30;partial=00;start_type=ATG;rbs_motif=AGGAGG;rbs_spacer=5-10bp;gc_cont=0.382;conf=100.00;score=73.75;cscore=56.02;sscore=17.73;rscore=13.75;uscore=1.49;tscore=2.49;
contig_7	Prodigal_v2.6.3	CDS	30097	30354	3.3	-	0	ID=31_31;partial=00;start_type=ATG;rbs_motif=GGxGG;rbs_spacer=5-10bp;gc_cont=0.337;conf=68.15;score=3.31;cscore=-7.76;sscore=11.07;rscore=6.77;uscore=2.32;tscore=2.49;
contig_7	Prodigal_v2.6.3	CDS	30469	30624	6.5	-	0	ID=31_32;partial=00;start_type=ATG;rbs_motif=GGAGG;rbs_spacer=5-10bp;gc_cont=0.308;conf=81.74;score=6.52;cscore=-2.55;sscore=9.07;rscore=7.81;uscore=0.90;tscore=1.52;
contig_7	Prodigal_v2.6.3	CDS	30797	31075	10.0	+	0	ID=31_33;partial=00;start_type=ATG;rbs_motif=AGGAG;rbs_spacer=5-10bp;gc_cont=0.276;conf=90.87;score=10.00;cscore=-5.31;sscore=15.31;rscore=12.22;uscore=1.10;tscore=2.49;
contig_7	Prodigal_v2.6.3	CDS	31054	31344	17.2	+	0	ID=31_34;partial=00;start_type=TTG;rbs_motif=GGA/GAG/AGG;rbs_spacer=3-4bp;gc_cont=0.333;conf=98.10;score=17.17;cscore=30.75;sscore=-13.59;rscore=-7.91;uscore=-0.98;tscore=-4.70;
contig_7	Prodigal_v2.6.3	CDS	31348	31539	22.4	+	0	ID=31_35;partial=00;start_type=ATG;rbs_motif=AGGAGG;rbs_spacer=11-12bp;gc_cont=0.312;conf=99.43;score=22.44;cscore=8.74;sscore=13.71;rscore=8.07;uscore=2.52;tscore=1.88;
contig_7	Prodigal_v2.6.3	CDS	31590	32489	167.0	-	0	ID=31_36;partial=00;start_type=ATG;rbs_motif=AGGAGG;rbs_spacer=5-10bp;gc_cont=0.382;conf=100.00;score=166.99;cscore=151.76;sscore=15.23;rscore=13.75;uscore=-0.36;tscore=2.49;
contig_7	Prodigal_v2.6.3	CDS	32923	33981	186.4	+	0	ID=31_37;partial=00;start_type=GTG;rbs_motif=AGxAGG/AGGxGG;rbs_spacer=5-10bp;gc_cont=0.373;conf=99.99;score=186.44;cscore=179.21;sscore=7.23;rscore=9.68;uscore=1.16;tscore=-3.61;
contig_7	Prodigal_v2.6.3	CDS	34022	34717	60.4	-	0	ID=31_38;partial=00;start_type=GTG;rbs_motif=GGAGG;rbs_spacer=5-10bp;gc_cont=0.362;conf=100.00;score=60.36;cscore=50.96;sscore=9.40;rscore=12.75;uscore=0.90;tscore=-3.61;
contig_7	Prodigal_v2.6.3	CDS	35366	37054	283.5	+	0	ID=31_39;partial=00;start_type=ATG;rbs_motif=GGAGG;rbs_spacer=5-10bp;gc_cont=0.430;conf=99.99;score=283.48;cscore=267.93;sscore=15.56;rscore=12.75;uscore=0.31;tscore=2.49;
contig_7	Prodigal_v2.6.3	CDS	37188	38801	163.3	+	0	ID=31_40;partial=00;start_type=TTG;rbs_motif=AGGAG/GGAGG;rbs_spacer=11-12bp;gc_cont=0.367;conf=100.00;score=163.30;cscore=156.34;sscore=6.96;rscore=9.05;uscore=2.60;tscore=-4.70;
contig_7	Prodigal_v2.6.3	CDS	38840	39457	106.0	-	0	ID=31_41;partial=00;start_type=ATG;rbs_motif=AGGAG;rbs_spacer=5-10bp;gc_cont=0.377;conf=100.00;score=106.01;cscore=89.96;sscore=16.05;rscore=12.22;uscore=1.99;tscore=2.49;
contig_7	Prodigal_v2.6.3	CDS	39673	40434	107.7	+	0	ID=31_42;partial=00;start_type=TTG;rbs_motif=GGAG/GAGG;rbs_spacer=5-10bp;gc_cont=0.409;conf=100.00;score=107.67;cscore=101.92;sscore=5.74;rscore=8.24;uscore=2.20;tscore=-4.70;
contig_7	Prodigal_v2.6.3	CDS	40431	41231	108.0	+	0	ID=31_43;partial=00;start_type=GTG;rbs_motif=None;rbs_spacer=None;gc_cont=0.393;conf=100.00;score=108.02;cscore=109.76;sscore=-1.74;rscore=-9.56;uscore=0.58;tscore=-3.61;
contig_7	Prodigal_v2.6.3	CDS	41424	41795	32.6	+	0	ID=31_44;partial=00;start_type=TTG;rbs_motif=None;rbs_spacer=None;gc_cont=0.355;conf=99.94;score=32.64;cscore=46.67;sscore=-14.04;rscore=-9.56;uscore=0.87;tscore=-4.70;
contig_7	Prodigal_v2.6.3	CDS	42155	42574	37.4	+	0	ID=31_45;partial=00;start_type=ATG;rbs_motif=GGA/GAG/AGG;rbs_spacer=11-12bp;gc_cont=0.379;conf=99.98;score=37.37;cscore=42.03;sscore=-4.66;rscore=-0.79;uscore=-5.70;tscore=2.49;
contig_7	Prodigal_v2.6.3	CDS	42621	43715	107.6	+	0	ID=31_46;partial=00;start_type=ATG;rbs_motif=None;rbs_spacer=None;gc_cont=0.404;conf=100.00;score=107.60;cscore=116.72;sscore=-9.12;rscore=-9.56;uscore=-2.82;tscore=2.49;
contig_7	Prodigal_v2.6.3	CDS	43717	45390	197.2	+	0	ID=31_47;partial=00;start_type=TTG;rbs_motif=GGA/GAG/AGG;rbs_spacer=5-10bp;gc_cont=0.397;conf=99.99;score=197.20;cscore=200.04;sscore=-2.84;rscore=-0.45;uscore=1.04;tscore=-4.70;
contig_7	Prodigal_v2.6.3	CDS	45413	46117	62.4	+	0	ID=31_48;partial=00;start_type=ATG;rbs_motif=GGA/GAG/AGG;rbs_spacer=5-10bp;gc_cont=0.372;conf=100.00;score=62.42;cscore=60.03;sscore=2.40;rscore=-0.45;uscore=-0.67;tscore=2.49;
contig_7	Prodigal_v2.6.3	CDS	46122	47114	105.6	+	0	ID=31_49;partial=00;start_type=ATG;rbs_motif=GGAGG;rbs_spacer=5-10bp;gc_cont=0.384;conf=100.00;score=105.65;cscore=89.06;sscore=16.59;rscore=12.75;uscore=0.12;tscore=2.49;
contig_7	Prodigal_v2.6.3	CDS	47499	48491	159.5	+	0	ID=31_50;partial=00;start_type=ATG;rbs_motif=AGxAGG/AGGxGG;rbs_spacer=5-10bp;gc_cont=0.397;conf=100.00;score=159.55;cscore=144.83;sscore=14.72;rscore=9.68;uscore=3.21;tscore=2.49;
contig_7	Prodigal_v2.6.3	CDS	48604	49494	141.0	+	0	ID=31_51;partial=00;start_type=ATG;rbs_motif=GGAG/GAGG;rbs_spacer=5-10bp;gc_cont=0.412;conf=100.00;score=141.01;cscore=127.77;sscore=13.24;rscore=8.24;uscore=2.51;tscore=2.49;
contig_7	Prodigal_v2.6.3	CDS	49585	50088	54.2	-	0	ID=31_52;partial=00;start_type=ATG;rbs_motif=AGGAG;rbs_spacer=5-10bp;gc_cont=0.393;conf=100.00;score=54.25;cscore=43.60;sscore=10.65;rscore=12.22;uscore=-4.06;tscore=2.49;
contig_7	Prodigal_v2.6.3	CDS	50148	50462	44.2	-	0	ID=31_53;partial=00;start_type=ATG;rbs_motif=AGGAG/GGAGG;rbs_spacer=11-12bp;gc_cont=0.368;conf=100.00;score=44.17;cscore=30.24;sscore=13.93;rscore=9.05;uscore=3.04;tscore=2.49;
contig_7	Prodigal_v2.6.3	CDS	50843	51139	35.3	+	0	ID=31_54;partial=00;start_type=GTG;rbs_motif=AGxAGG/AGGxGG;rbs_spacer=5-10bp;gc_cont=0.391;conf=99.97;score=35.28;cscore=28.23;sscore=7.05;rscore=9.68;uscore=0.98;tscore=-3.61;
contig_7	Prodigal_v2.6.3	CDS	51274	52899	298.3	+	0	ID=31_55;partial=00;start_type=ATG;rbs_motif=None;rbs_spacer=None;gc_cont=0.400;conf=99.99;score=298.28;cscore=304.43;sscore=-6.15;rscore=-9.56;uscore=0.92;tscore=2.49;
contig_7	Prodigal_v2.6.3	CDS	52862	53230	46.2	+	0	ID=31_56;partial=00;start_type=ATG;rbs_motif=None;rbs_spacer=None;gc_cont=0.417;conf=100.00;score=46.24;cscore=54.93;sscore=-8.69;rscore=-9.56;uscore=-1.62;tscore=2.49;
contig_7	Prodigal_v2.6.3	CDS	53280	54452	243.8	+	0	ID=31_57;partial=00;start_type=ATG;rbs_motif=AGxAGG/AGGxGG;rbs_spacer=5-10bp;gc_cont=0.432;conf=99.99;score=243.78;cscore=228.97;sscore=14.81;rscore=9.68;uscore=1.90;tscore=2.49;
contig_7	Prodigal_v2.6.3	CDS	54579	55955	286.9	+	0	ID=31_58;partial=01;start_type=ATG;rbs_motif=GGAGG;rbs_spacer=5-10bp;gc_cont=0.389;conf=99.99;score=286.87;cscore=272.09;sscore=14.79;rscore=12.75;uscore=-0.45;tscore=2.49;
# Sequence Data: seqnum=32;seqlen=6775;seqhdr="contig_20"
# Model Data: version=Prodigal.v2.6.3;run_type=Single;model="Ab initio";gc_cont=37.70;transl_table=11;uses_sd=1
contig_20	Prodigal_v2.6.3	CDS	2	115	2.1	+	0	ID=32_1;partial=10;start_type=Edge;rbs_motif=None;rbs_spacer=None;gc_cont=0.175;conf=62.07;score=2.14;cscore=-0.58;sscore=2.72;rscore=0.00;uscore=0.00;tscore=3.22;
contig_20	Prodigal_v2.6.3	CDS	141	1328	188.3	+	0	ID=32_2;partial=00;start_type=ATG;rbs_motif=AGxAGG/AGGxGG;rbs_spacer=5-10bp;gc_cont=0.397;conf=99.99;score=188.29;cscore=175.58;sscore=12.71;rscore=9.68;uscore=-0.45;tscore=2.49;
contig_20	Prodigal_v2.6.3	CDS	1379	1651	21.2	+	0	ID=32_3;partial=00;start_type=ATG;rbs_motif=None;rbs_spacer=None;gc_cont=0.374;conf=99.25;score=21.25;cscore=29.01;sscore=-7.77;rscore=-9.56;uscore=-1.42;tscore=2.49;
contig_20	Prodigal_v2.6.3	CDS	1760	2134	55.2	+	0	ID=32_4;partial=00;start_type=ATG;rbs_motif=GGA/GAG/AGG;rbs_spacer=5-10bp;gc_cont=0.416;conf=100.00;score=55.18;cscore=53.50;sscore=1.68;rscore=-0.45;uscore=-0.36;tscore=2.49;
contig_20	Prodigal_v2.6.3	CDS	2200	2430	19.9	+	0	ID=32_5;partial=00;start_type=ATG;rbs_motif=GGA/GAG/AGG;rbs_spacer=11-12bp;gc_cont=0.342;conf=98.97;score=19.86;cscore=14.67;sscore=5.19;rscore=-0.87;uscore=3.79;tscore=2.27;
contig_20	Prodigal_v2.6.3	CDS	2549	3169	86.6	+	0	ID=32_6;partial=00;start_type=ATG;rbs_motif=GGAG/GAGG;rbs_spacer=5-10bp;gc_cont=0.377;conf=100.00;score=86.60;cscore=72.65;sscore=13.95;rscore=8.24;uscore=3.22;tscore=2.49;
contig_20	Prodigal_v2.6.3	CDS	3270	3713	72.3	+	0	ID=32_7;partial=00;start_type=ATG;rbs_motif=GGAGG;rbs_spacer=5-10bp;gc_cont=0.381;conf=100.00;score=72.33;cscore=56.43;sscore=15.90;rscore=12.75;uscore=0.66;tscore=2.49;
contig_20	Prodigal_v2.6.3	CDS	3769	4713	154.3	+	0	ID=32_8;partial=00;start_type=ATG;rbs_motif=AGGAGG;rbs_spacer=5-10bp;gc_cont=0.399;conf=100.00;score=154.28;cscore=136.80;sscore=17.48;rscore=13.75;uscore=0.57;tscore=2.49;
contig_20	Prodigal_v2.6.3	CDS	4727	5785	209.1	+	0	ID=32_9;partial=00;start_type=ATG;rbs_motif=AGGAG;rbs_spacer=5-10bp;gc_cont=0.415;conf=99.99;score=209.12;cscore=191.71;sscore=17.41;rscore=12.22;uscore=1.57;tscore=2.49;
contig_20	Prodigal_v2.6.3	CDS	5799	6365	110.7	+	0	ID=32_10;partial=00;start_type=ATG;rbs_motif=AGGAG;rbs_spacer=5-10bp;gc_cont=0.390;conf=100.00;score=110.68;cscore=93.56;sscore=17.11;rscore=12.22;uscore=1.27;tscore=2.49;
# Sequence Data: seqnum=33;seqlen=20153;seqhdr="contig_1"
# Model Data: version=Prodigal.v2.6.3;run_type=Single;model="Ab initio";gc_cont=37.70;transl_table=11;uses_sd=1
contig_1	Prodigal_v2.6.3	CDS	2	277	38.6	-	0	ID=33_1;partial=10;start_type=ATG;rbs_motif=AGxAGG/AGGxGG;rbs_spacer=5-10bp;gc_cont=0.417;conf=99.99;score=38.62;cscore=25.28;sscore=13.35;rscore=9.68;uscore=0.04;tscore=2.49;
contig_1	Prodigal_v2.6.3	CDS	290	769	84.2	-	0	ID=33_2;partial=00;start_type=ATG;rbs_motif=GGA/GAG/AGG;rbs_spacer=5-10bp;gc_cont=0.385;conf=100.00;score=84.25;cscore=82.72;sscore=1.52;rscore=-0.45;uscore=0.14;tscore=2.49;
contig_1	Prodigal_v2.6.3	CDS	962	1462	46.7	-	0	ID=33_3;partial=00;start_type=ATG;rbs_motif=None;rbs_spacer=None;gc_cont=0.407;conf=100.00;score=46.73;cscore=55.98;sscore=-9.25;rscore=-9.56;uscore=-1.53;tscore=2.49;
contig_1	Prodigal_v2.6.3	CDS	1656	2741	161.8	-	0	ID=33_4;partial=00;start_type=GTG;rbs_motif=None;rbs_spacer=None;gc_cont=0.413;conf=100.00;score=161.76;cscore=174.44;sscore=-12.69;rscore=-9.56;uscore=-0.65;tscore=-3.61;
contig_1	Prodigal_v2.6.3	CDS	2755	3714	87.6	-	0	ID=33_5;partial=00;start_type=TTG;rbs_motif=AGGAGG;rbs_spacer=5-10bp;gc_cont=0.415;conf=100.00;score=87.63;cscore=80.09;sscore=7.54;rscore=13.75;uscore=-0.87;tscore=-4.70;
contig_1	Prodigal_v2.6.3	CDS	4289	4636	45.3	+	0	ID=33_6;partial=00;start_type=ATG;rbs_motif=GGAG/GAGG;rbs_spacer=5-10bp;gc_cont=0.353;conf=100.00;score=45.35;cscore=33.29;sscore=12.05;rscore=8.24;uscore=1.33;tscore=2.49;
contig_1	Prodigal_v2.6.3	CDS	4649	5464	103.8	+	0	ID=33_7;partial=00;start_type=ATG;rbs_motif=GGA/GAG/AGG;rbs_spacer=5-10bp;gc_cont=0.396;conf=100.00;score=103.79;cscore=99.60;sscore=4.19;rscore=-0.45;uscore=1.01;tscore=2.49;
contig_1	Prodigal_v2.6.3	CDS	5465	6481	138.3	+	0	ID=33_8;partial=00;start_type=ATG;rbs_motif=AGGAG;rbs_spacer=5-10bp;gc_cont=0.393;conf=100.00;score=138.27;cscore=122.80;sscore=15.46;rscore=12.22;uscore=-0.52;tscore=2.49;
contig_1	Prodigal_v2.6.3	CDS	6532	7014	72.4	-	0	ID=33_9;partial=00;start_type=ATG;rbs_motif=AGGAG;rbs_spacer=5-10bp;gc_cont=0.420;conf=100.00;score=72.37;cscore=56.17;sscore=16.20;rscore=12.22;uscore=0.24;tscore=2.49;
contig_1	Prodigal_v2.6.3	CDS	7007	7294	25.0	-	0	ID=33_10;partial=00;start_type=ATG;rbs_motif=3Base/5BMM;rbs_spacer=13-15bp;gc_cont=0.365;conf=99.68;score=25.02;cscore=28.23;sscore=-3.21;rscore=-6.44;uscore=0.74;tscore=2.49;
contig_1	Prodigal_v2.6.3	CDS	7254	7772	50.0	-	0	ID=33_11;partial=00;start_type=ATG;rbs_motif=None;rbs_spacer=None;gc_cont=0.418;conf=100.00;score=49.95;cscore=54.39;sscore=-4.44;rscore=-9.56;uscore=1.62;tscore=2.49;
contig_1	Prodigal_v2.6.3	CDS	7797	8090	25.8	-	0	ID=33_12;partial=00;start_type=GTG;rbs_motif=AGGAGG;rbs_spacer=5-10bp;gc_cont=0.429;conf=99.73;score=25.75;cscore=15.99;sscore=9.76;rscore=13.75;uscore=0.27;tscore=-3.61;
contig_1	Prodigal_v2.6.3	CDS	8198	8884	89.3	+	0	ID=33_13;partial=00;start_type=ATG;rbs_motif=GGA/GAG/AGG;rbs_spacer=5-10bp;gc_cont=0.419;conf=100.00;score=89.32;cscore=82.66;sscore=6.66;rscore=-0.45;uscore=4.62;tscore=2.49;
contig_1	Prodigal_v2.6.3	CDS	9230	10519	226.7	+	0	ID=33_14;partial=00;start_type=ATG;rbs_motif=GGAG/GAGG;rbs_spacer=5-10bp;gc_cont=0.432;conf=99.99;score=226.73;cscore=215.35;sscore=11.38;rscore=8.24;uscore=1.31;tscore=2.49;
contig_1	Prodigal_v2.6.3	CDS	10483	11007	45.2	+	0	ID=33_15;partial=00;start_type=GTG;rbs_motif=AGGA;rbs_spacer=5-10bp;gc_cont=0.430;conf=100.00;score=45.16;cscore=44.29;sscore=0.87;rscore=4.23;uscore=0.25;tscore=-3.61;
contig_1	Prodigal_v2.6.3	CDS	11004	11480	87.1	+	0	ID=33_16;partial=00;start_type=ATG;rbs_motif=GGAG/GAGG;rbs_spacer=5-10bp;gc_cont=0.415;conf=100.00;score=87.14;cscore=73.25;sscore=13.89;rscore=8.24;uscore=1.87;tscore=2.49;
contig_1	Prodigal_v2.6.3	CDS	11477	11710	36.2	+	0	ID=33_17;partial=00;start_type=GTG;rbs_motif=AGGAGG;rbs_spacer=5-10bp;gc_cont=0.436;conf=99.98;score=36.23;cscore=26.14;sscore=10.10;rscore=12.71;uscore=-4.04;tscore=-3.91;
contig_1	Prodigal_v2.6.3	CDS	11748	12404	58.4	-	0	ID=33_18;partial=00;start_type=ATG;rbs_motif=3Base/5BMM;rbs_spacer=13-15bp;gc_cont=0.422;conf=100.00;score=58.44;cscore=58.76;sscore=-0.31;rscore=-6.44;uscore=2.40;tscore=2.49;
contig_1	Prodigal_v2.6.3	CDS	12408	13193	157.6	-	0	ID=33_19;partial=00;start_type=GTG;rbs_motif=AGGAG;rbs_spacer=5-10bp;gc_cont=0.392;conf=100.00;score=157.57;cscore=146.82;sscore=10.76;rscore=12.22;uscore=2.80;tscore=-3.61;
contig_1	Prodigal_v2.6.3	CDS	13357	14283	149.9	+	0	ID=33_20;partial=00;start_type=ATG;rbs_motif=AGGAGG;rbs_spacer=11-12bp;gc_cont=0.399;conf=100.00;score=149.88;cscore=135.06;sscore=14.82;rscore=10.68;uscore=1.65;tscore=2.49;
contig_1	Prodigal_v2.6.3	CDS	14343	14525	1.7	+	0	ID=33_21;partial=00;start_type=ATG;rbs_motif=AGGA;rbs_spacer=5-10bp;gc_cont=0.372;conf=59.67;score=1.70;cscore=-3.04;sscore=4.75;rscore=3.04;uscore=0.41;tscore=1.79;
contig_1	Prodigal_v2.6.3	CDS	14522	15139	58.1	+	0	ID=33_22;partial=00;start_type=GTG;rbs_motif=AGGAG;rbs_spacer=5-10bp;gc_cont=0.400;conf=100.00;score=58.07;cscore=45.26;sscore=12.81;rscore=12.22;uscore=2.91;tscore=-3.61;
contig_1	Prodigal_v2.6.3	CDS	15194	15412	21.5	+	0	ID=33_23;partial=00;start_type=ATG;rbs_motif=AGGAGG;rbs_spacer=5-10bp;gc_cont=0.406;conf=99.29;score=21.49;cscore=3.49;sscore=18.00;rscore=11.88;uscore=3.29;tscore=2.15;
contig_1	Prodigal_v2.6.3	CDS	15471	15896	13.9	+	0	ID=33_24;partial=00;start_type=GTG;rbs_motif=GGA/GAG/AGG;rbs_spacer=5-10bp;gc_cont=0.439;conf=96.08;score=13.92;cscore=17.05;sscore=-3.13;rscore=-0.45;uscore=0.93;tscore=-3.61;
contig_1	Prodigal_v2.6.3	CDS	15927	16274	25.1	-	0	ID=33_25;partial=00;start_type=GTG;rbs_motif=GGAG/GAGG;rbs_spacer=5-10bp;gc_cont=0.368;conf=99.69;score=25.15;cscore=19.09;sscore=6.06;rscore=8.24;uscore=0.31;tscore=-3.61;
contig_1	Prodigal_v2.6.3	CDS	16289	16618	35.1	-	0	ID=33_26;partial=00;start_type=ATG;rbs_motif=AGxAGG/AGGxGG;rbs_spacer=5-10bp;gc_cont=0.370;conf=99.97;score=35.11;cscore=21.65;sscore=13.46;rscore=9.68;uscore=-3.49;tscore=2.49;
contig_1	Prodigal_v2.6.3	CDS	16615	16959	10.4	-	0	ID=33_27;partial=00;start_type=GTG;rbs_motif=AGGA/GGAG/GAGG;rbs_spacer=11-12bp;gc_cont=0.412;conf=91.57;score=10.37;cscore=11.70;sscore=-1.33;rscore=3.18;uscore=-0.24;tscore=-3.61;
contig_1	Prodigal_v2.6.3	CDS	17895	19637	301.4	+	0	ID=33_28;partial=00;start_type=ATG;rbs_motif=AGxAGG/AGGxGG;rbs_spacer=5-10bp;gc_cont=0.414;conf=99.99;score=301.37;cscore=290.02;sscore=11.34;rscore=9.68;uscore=-0.82;tscore=2.49;
contig_1	Prodigal_v2.6.3	CDS	19634	20152	87.2	+	0	ID=33_29;partial=01;start_type=ATG;rbs_motif=AGGAGG;rbs_spacer=5-10bp;gc_cont=0.347;conf=100.00;score=87.16;cscore=69.63;sscore=17.53;rscore=13.75;uscore=-3.09;tscore=2.49;
# Sequence Data: seqnum=34;seqlen=180187;seqhdr="contig_41"
# Model Data: version=Prodigal.v2.6.3;run_type=Single;model="Ab initio";gc_cont=37.70;transl_table=11;uses_sd=1
contig_41	Prodigal_v2.6.3	CDS	3	95	11.8	+	0	ID=34_1;partial=10;start_type=Edge;rbs_motif=None;rbs_spacer=None;gc_cont=0.473;conf=93.75;score=11.78;cscore=8.56;sscore=3.22;rscore=0.00;uscore=0.00;tscore=3.22;
contig_41	Prodigal_v2.6.3	CDS	99	4955	930.2	+	0	ID=34_2;partial=00;start_type=ATG;rbs_motif=AGGAGG;rbs_spacer=5-10bp;gc_cont=0.385;conf=99.99;score=930.21;cscore=911.86;sscore=18.35;rscore=13.75;uscore=0.88;tscore=2.49;
contig_41	Prodigal_v2.6.3	CDS	5251	5586	58.7	+	0	ID=34_3;partial=00;start_type=ATG;rbs_motif=AGGAG;rbs_spacer=5-10bp;gc_cont=0.369;conf=100.00;score=58.73;cscore=43.85;sscore=14.88;rscore=12.22;uscore=0.82;tscore=2.49;
contig_41	Prodigal_v2.6.3	CDS	5599	6957	278.3	+	0	ID=34_4;partial=00;start_type=ATG;rbs_motif=AGGAGG;rbs_spacer=5-10bp;gc_cont=0.394;conf=99.99;score=278.25;cscore=261.79;sscore=16.46;rscore=13.75;uscore=-0.92;tscore=2.49;
contig_41	Prodigal_v2.6.3	CDS	7052	7324	49.8	+	0	ID=34_5;partial=00;start_type=ATG;rbs_motif=GGAGG;rbs_spacer=5-10bp;gc_cont=0.388;conf=100.00;score=49.81;cscore=34.56;sscore=15.25;rscore=12.75;uscore=0.01;tscore=2.49;
contig_41	Prodigal_v2.6.3	CDS	7340	7735	30.5	+	0	ID=34_6;partial=00;start_type=TTG;rbs_motif=GGxGG;rbs_spacer=5-10bp;gc_cont=0.386;conf=99.91;score=30.53;cscore=25.50;sscore=5.02;rscore=6.77;uscore=1.84;tscore=-4.70;
contig_41	Prodigal_v2.6.3	CDS	7948	8463	88.1	+	0	ID=34_7;partial=00;start_type=ATG;rbs_motif=GGAG/GAGG;rbs_spacer=5-10bp;gc_cont=0.368;conf=100.00;score=88.06;cscore=77.40;sscore=10.66;rscore=8.24;uscore=0.58;tscore=2.49;
contig_41	Prodigal_v2.6.3	CDS	8463	9200	120.8	+	0	ID=34_8;partial=00;start_type=ATG;rbs_motif=GGA/GAG/AGG;rbs_spacer=5-10bp;gc_cont=0.417;conf=100.00;score=120.78;cscore=115.57;sscore=5.21;rscore=-0.45;uscore=1.44;tscore=2.49;
contig_41	Prodigal_v2.6.3	CDS	9317	9661	68.5	+	0	ID=34_9;partial=00;start_type=ATG;rbs_motif=AGGAG;rbs_spacer=5-10bp;gc_cont=0.403;conf=100.00;score=68.46;cscore=57.35;sscore=11.11;rscore=12.22;uscore=-3.60;tscore=2.49;
contig_41	Prodigal_v2.6.3	CDS	9767	10336	96.8	+	0	ID=34_10;partial=00;start_type=ATG;rbs_motif=AGxAGG/AGGxGG;rbs_spacer=5-10bp;gc_cont=0.342;conf=100.00;score=96.83;cscore=84.71;sscore=12.12;rscore=9.68;uscore=-0.04;tscore=2.49;
contig_41	Prodigal_v2.6.3	CDS	10394	11269	169.6	+	0	ID=34_11;partial=00;start_type=GTG;rbs_motif=AGGAGG;rbs_spacer=5-10bp;gc_cont=0.385;conf=100.00;score=169.64;cscore=161.77;sscore=7.87;rscore=13.75;uscore=-2.93;tscore=-3.61;
contig_41	Prodigal_v2.6.3	CDS	11434	12195	137.1	+	0	ID=34_12;partial=00;start_type=ATG;rbs_motif=AGGAG;rbs_spacer=5-10bp;gc_cont=0.383;conf=100.00;score=137.13;cscore=119.44;sscore=17.68;rscore=12.22;uscore=2.97;tscore=2.49;
contig_41	Prodigal_v2.6.3	CDS	12252	14141	281.9	+	0	ID=34_13;partial=00;start_type=ATG;rbs_motif=AGGAG;rbs_spacer=5-10bp;gc_cont=0.385;conf=99.99;score=281.87;cscore=264.69;sscore=17.18;rscore=12.22;uscore=1.81;tscore=2.49;
contig_41	Prodigal_v2.6.3	CDS	14138	14440	55.4	+	0	ID=34_14;partial=00;start_type=ATG;rbs_motif=GGxGG;rbs_spacer=5-10bp;gc_cont=0.366;conf=100.00;score=55.42;cscore=43.69;sscore=11.73;rscore=6.77;uscore=1.18;tscore=2.49;
contig_41	Prodigal_v2.6.3	CDS	14603	15763	246.0	+	0	ID=34_15;partial=00;start_type=ATG;rbs_motif=GGAGG;rbs_spacer=5-10bp;gc_cont=0.387;conf=99.99;score=246.01;cscore=228.83;sscore=17.18;rscore=12.75;uscore=1.94;tscore=2.49;
contig_41	Prodigal_v2.6.3	CDS	15781	16683	189.0	+	0	ID=34_16;partial=00;start_type=ATG;rbs_motif=GGA/GAG/AGG;rbs_spacer=5-10bp;gc_cont=0.398;conf=99.99;score=189.05;cscore=183.95;sscore=5.10;rscore=-0.45;uscore=1.97;tscore=2.49;
contig_41	Prodigal_v2.6.3	CDS	16657	16749	3.2	-	0	ID=34_17;partial=00;start_type=ATG;rbs_motif=AGxAGG/AGGxGG;rbs_spacer=5-10bp;gc_cont=0.312;conf=67.73;score=3.22;cscore=-0.72;sscore=3.94;rscore=3.48;uscore=0.72;tscore=0.90;
contig_41	Prodigal_v2.6.3	CDS	16882	17778	115.3	+	0	ID=34_18;partial=00;start_type=ATG;rbs_motif=AGGAGG;rbs_spacer=5-10bp;gc_cont=0.399;conf=100.00;score=115.26;cscore=97.42;sscore=17.84;rscore=13.75;uscore=1.60;tscore=2.49;
contig_41	Prodigal_v2.6.3	CDS	17870	19948	332.1	+	0	ID=34_19;partial=00;start_type=ATG;rbs_motif=AGxAGG/AGGxGG;rbs_spacer=5-10bp;gc_cont=0.387;conf=99.99;score=332.13;cscore=320.31;sscore=11.81;rscore=9.68;uscore=-0.35;tscore=2.49;
contig_41	Prodigal_v2.6.3	CDS	19968	21281	229.6	+	0	ID=34_20;partial=00;start_type=ATG;rbs_motif=4Base/6BMM;rbs_spacer=13-15bp;gc_cont=0.400;conf=99.99;score=229.58;cscore=228.59;sscore=0.99;rscore=-3.98;uscore=1.42;tscore=2.49;
contig_41	Prodigal_v2.6.3	CDS	21569	22468	84.9	+	0	ID=34_21;partial=00;start_type=GTG;rbs_motif=GGxGG;rbs_spacer=11-12bp;gc_cont=0.373;conf=100.00;score=84.93;cscore=84.35;sscore=0.57;rscore=0.56;uscore=4.28;tscore=-3.61;
contig_41	Prodigal_v2.6.3	CDS	22490	23035	99.0	+	0	ID=34_22;partial=00;start_type=ATG;rbs_motif=AGGAGG;rbs_spacer=5-10bp;gc_cont=0.430;conf=100.00;score=98.99;cscore=83.57;sscore=15.42;rscore=13.75;uscore=-1.86;tscore=2.49;
contig_41	Prodigal_v2.6.3	CDS	23035	24435	268.3	+	0	ID=34_23;partial=00;start_type=ATG;rbs_motif=GGAGG;rbs_spacer=5-10bp;gc_cont=0.392;conf=99.99;score=268.31;cscore=250.34;sscore=17.97;rscore=12.75;uscore=1.44;tscore=2.49;
contig_41	Prodigal_v2.6.3	CDS	24523	25302	165.6	+	0	ID=34_24;partial=00;start_type=ATG;rbs_motif=AGGAGG;rbs_spacer=5-10bp;gc_cont=0.335;conf=100.00;score=165.58;cscore=149.69;sscore=15.89;rscore=13.75;uscore=-0.35;tscore=2.49;
contig_41	Prodigal_v2.6.3	CDS	25618	26967	169.3	+	0	ID=34_25;partial=00;start_type=ATG;rbs_motif=GGAG/GAGG;rbs_spacer=5-10bp;gc_cont=0.391;conf=100.00;score=169.26;cscore=159.74;sscore=9.52;rscore=8.24;uscore=-0.55;tscore=2.49;
contig_41	Prodigal_v2.6.3	CDS	28001	28393	41.7	+	0	ID=34_26;partial=00;start_type=TTG;rbs_motif=GGAG/GAGG;rbs_spacer=5-10bp;gc_cont=0.341;conf=99.99;score=41.73;cscore=33.90;sscore=7.83;rscore=8.24;uscore=4.94;tscore=-4.70;
contig_41	Prodigal_v2.6.3	CDS	28397	28858	80.5	+	0	ID=34_27;partial=00;start_type=ATG;rbs_motif=AGGAGG;rbs_spacer=5-10bp;gc_cont=0.385;conf=100.00;score=80.53;cscore=59.89;sscore=20.64;rscore=13.75;uscore=3.16;tscore=2.49;
contig_41	Prodigal_v2.6.3	CDS	28885	29190	39.4	+	0	ID=34_28;partial=00;start_type=ATG;rbs_motif=AGGA;rbs_spacer=5-10bp;gc_cont=0.373;conf=99.99;score=39.42;cscore=26.03;sscore=13.39;rscore=4.23;uscore=5.69;tscore=2.49;
contig_41	Prodigal_v2.6.3	CDS	29311	30906	304.2	+	0	ID=34_29;partial=00;start_type=ATG;rbs_motif=GGAGG;rbs_spacer=5-10bp;gc_cont=0.375;conf=99.99;score=304.19;cscore=287.25;sscore=16.93;rscore=12.75;uscore=1.69;tscore=2.49;
contig_41	Prodigal_v2.6.3	CDS	30922	31935	207.4	+	0	ID=34_30;partial=00;start_type=GTG;rbs_motif=AGGAGG;rbs_spacer=5-10bp;gc_cont=0.379;conf=99.99;score=207.36;cscore=198.27;sscore=9.10;rscore=13.75;uscore=-2.15;tscore=-3.61;
contig_41	Prodigal_v2.6.3	CDS	31919	32716	130.3	+	0	ID=34_31;partial=00;start_type=ATG;rbs_motif=GGxGG;rbs_spacer=5-10bp;gc_cont=0.363;conf=100.00;score=130.26;cscore=120.90;sscore=9.36;rscore=6.77;uscore=-1.05;tscore=2.49;
contig_41	Prodigal_v2.6.3	CDS	32722	34047	215.5	+	0	ID=34_32;partial=00;start_type=ATG;rbs_motif=AGGA;rbs_spacer=5-10bp;gc_cont=0.406;conf=99.99;score=215.50;cscore=204.46;sscore=11.05;rscore=4.23;uscore=3.12;tscore=2.49;
contig_41	Prodigal_v2.6.3	CDS	34048	34497	73.9	+	0	ID=34_33;partial=00;start_type=ATG;rbs_motif=GGxGG;rbs_spacer=5-10bp;gc_cont=0.318;conf=100.00;score=73.93;cscore=62.42;sscore=11.51;rscore=6.77;uscore=0.98;tscore=2.49;
contig_41	Prodigal_v2.6.3	CDS	34502	35110	111.8	+	0	ID=34_34;partial=00;start_type=ATG;rbs_motif=GGA/GAG/AGG;rbs_spacer=5-10bp;gc_cont=0.356;conf=100.00;score=111.79;cscore=104.32;sscore=7.47;rscore=-0.45;uscore=4.20;tscore=2.49;
contig_41	Prodigal_v2.6.3	CDS	35136	36407	211.9	+	0	ID=34_35;partial=00;start_type=GTG;rbs_motif=AGGAGG;rbs_spacer=5-10bp;gc_cont=0.393;conf=99.99;score=211.93;cscore=198.08;sscore=13.84;rscore=13.75;uscore=2.70;tscore=-3.61;
contig_41	Prodigal_v2.6.3	CDS	36410	37102	123.6	+	0	ID=34_36;partial=00;start_type=ATG;rbs_motif=AGGAGG;rbs_spacer=5-10bp;gc_cont=0.358;conf=100.00;score=123.58;cscore=104.88;sscore=18.70;rscore=13.75;uscore=1.21;tscore=2.49;
contig_41	Prodigal_v2.6.3	CDS	37118	37486	64.1	+	0	ID=34_37;partial=00;start_type=ATG;rbs_motif=AGxAGG/AGGxGG;rbs_spacer=5-10bp;gc_cont=0.374;conf=100.00;score=64.13;cscore=48.18;sscore=15.95;rscore=9.68;uscore=2.68;tscore=2.49;
contig_41	Prodigal_v2.6.3	CDS	37573	38541	170.5	+	0	ID=34_38;partial=00;start_type=ATG;rbs_motif=AGGA/GGAG/GAGG;rbs_spacer=11-12bp;gc_cont=0.404;conf=100.00;score=170.55;cscore=162.14;sscore=8.41;rscore=3.18;uscore=2.75;tscore=2.49;
contig_41	Prodigal_v2.6.3	CDS	38635	38856	15.0	+	0	ID=34_39;partial=00;start_type=ATG;rbs_motif=None;rbs_spacer=None;gc_cont=0.329;conf=96.91;score=14.98;cscore=27.17;sscore=-12.18;rscore=-10.91;uscore=-3.45;tscore=2.18;
contig_41	Prodigal_v2.6.3	CDS	38846	39274	62.4	+	0	ID=34_40;partial=00;start_type=ATG;rbs_motif=GGAG/GAGG;rbs_spacer=5-10bp;gc_cont=0.364;conf=100.00;score=62.45;cscore=54.13;sscore=8.31;rscore=8.24;uscore=-3.63;tscore=2.49;
contig_41	Prodigal_v2.6.3	CDS	39306	40301	161.1	+	0	ID=34_41;partial=00;start_type=ATG;rbs_motif=GGAGG;rbs_spacer=5-10bp;gc_cont=0.378;conf=100.00;score=161.09;cscore=142.61;sscore=18.48;rscore=12.75;uscore=2.30;tscore=2.49;
contig_41	Prodigal_v2.6.3	CDS	40294	41517	224.5	+	0	ID=34_42;partial=00;start_type=ATG;rbs_motif=AGGAGG;rbs_spacer=5-10bp;gc_cont=0.380;conf=99.99;score=224.46;cscore=207.36;sscore=17.10;rscore=13.75;uscore=-0.39;tscore=2.49;
contig_41	Prodigal_v2.6.3	CDS	41539	41901	76.8	+	0	ID=34_43;partial=00;start_type=ATG;rbs_motif=GGAGG;rbs_spacer=5-10bp;gc_cont=0.391;conf=100.00;score=76.79;cscore=59.07;sscore=17.72;rscore=12.75;uscore=1.43;tscore=2.49;
contig_41	Prodigal_v2.6.3	CDS	41906	42589	93.8	+	0	ID=34_44;partial=00;start_type=ATG;rbs_motif=AGGA;rbs_spacer=5-10bp;gc_cont=0.365;conf=100.00;score=93.79;cscore=85.64;sscore=8.15;rscore=4.23;uscore=0.21;tscore=2.49;
contig_41	Prodigal_v2.6.3	CDS	42586	43251	100.1	+	0	ID=34_45;partial=00;start_type=ATG;rbs_motif=AGxAGG/AGGxGG;rbs_spacer=5-10bp;gc_cont=0.347;conf=100.00;score=100.09;cscore=83.40;sscore=16.69;rscore=9.68;uscore=3.23;tscore=2.49;
contig_41	Prodigal_v2.6.3	CDS	43265	43534	31.0	+	0	ID=34_46;partial=00;start_type=ATG;rbs_motif=GGA/GAG/AGG;rbs_spacer=5-10bp;gc_cont=0.404;conf=99.92;score=31.00;cscore=27.81;sscore=3.19;rscore=-0.45;uscore=0.02;tscore=2.49;
contig_41	Prodigal_v2.6.3	CDS	43539	44312	102.8	+	0	ID=34_47;partial=00;start_type=ATG;rbs_motif=GGA/GAG/AGG;rbs_spacer=5-10bp;gc_cont=0.359;conf=100.00;score=102.80;cscore=98.96;sscore=3.84;rscore=-0.45;uscore=0.57;tscore=2.49;
contig_41	Prodigal_v2.6.3	CDS	44314	45402	145.3	+	0	ID=34_48;partial=00;start_type=ATG;rbs_motif=AGxAGG/AGGxGG;rbs_spacer=5-10bp;gc_cont=0.360;conf=100.00;score=145.27;cscore=133.70;sscore=11.57;rscore=9.68;uscore=-1.85;tscore=2.49;
contig_41	Prodigal_v2.6.3	CDS	45426	47459	393.2	+	0	ID=34_49;partial=00;start_type=ATG;rbs_motif=AGGAGG;rbs_spacer=5-10bp;gc_cont=0.400;conf=99.99;score=393.18;cscore=375.57;sscore=17.61;rscore=13.75;uscore=0.35;tscore=2.49;
contig_41	Prodigal_v2.6.3	CDS	47456	48652	193.5	+	0	ID=34_50;partial=00;start_type=ATG;rbs_motif=GGxGG;rbs_spacer=5-10bp;gc_cont=0.346;conf=99.99;score=193.49;cscore=181.93;sscore=11.56;rscore=6.77;uscore=1.01;tscore=2.49;
contig_41	Prodigal_v2.6.3	CDS	48649	49524	142.5	+	0	ID=34_51;partial=00;start_type=ATG;rbs_motif=GGA/GAG/AGG;rbs_spacer=5-10bp;gc_cont=0.371;conf=100.00;score=142.51;cscore=138.39;sscore=4.12;rscore=-0.45;uscore=0.34;tscore=2.49;
contig_41	Prodigal_v2.6.3	CDS	49525	50679	153.1	+	0	ID=34_52;partial=00;start_type=TTG;rbs_motif=GGA/GAG/AGG;rbs_spacer=5-10bp;gc_cont=0.383;conf=100.00;score=153.12;cscore=155.85;sscore=-2.73;rscore=-0.45;uscore=1.14;tscore=-4.70;
contig_41	Prodigal_v2.6.3	CDS	50695	52764	400.9	+	0	ID=34_53;partial=00;start_type=ATG;rbs_motif=GGA/GAG/AGG;rbs_spacer=11-12bp;gc_cont=0.373;conf=99.99;score=400.89;cscore=396.23;sscore=4.66;rscore=-0.79;uscore=1.85;tscore=2.49;
contig_41	Prodigal_v2.6.3	CDS	52792	53238	99.8	+	0	ID=34_54;partial=00;start_type=ATG;rbs_motif=GGAG/GAGG;rbs_spacer=5-10bp;gc_cont=0.349;conf=100.00;score=99.78;cscore=84.96;sscore=14.81;rscore=8.24;uscore=3.11;tscore=2.49;
contig_41	Prodigal_v2.6.3	CDS	53248	53880	104.0	+	0	ID=34_55;partial=00;start_type=ATG;rbs_motif=AGxAGG/AGGxGG;rbs_spacer=5-10bp;gc_cont=0.373;conf=100.00;score=104.00;cscore=88.66;sscore=15.35;rscore=9.68;uscore=2.01;tscore=2.49;
contig_41	Prodigal_v2.6.3	CDS	53882	54385	68.3	+	0	ID=34_56;partial=00;start_type=ATG;rbs_motif=GGA/GAG/AGG;rbs_spacer=11-12bp;gc_cont=0.391;conf=100.00;score=68.29;cscore=66.33;sscore=1.96;rscore=-0.79;uscore=-1.00;tscore=2.49;
contig_41	Prodigal_v2.6.3	CDS	54385	54756	49.3	+	0	ID=34_57;partial=00;start_type=ATG;rbs_motif=GGA/GAG/AGG;rbs_spacer=5-10bp;gc_cont=0.336;conf=100.00;score=49.30;cscore=44.75;sscore=4.55;rscore=-0.45;uscore=0.78;tscore=2.49;
contig_41	Prodigal_v2.6.3	CDS	55128	55529	54.3	+	0	ID=34_58;partial=00;start_type=ATG;rbs_motif=AGGAGG;rbs_spacer=5-10bp;gc_cont=0.351;conf=100.00;score=54.31;cscore=39.45;sscore=14.86;rscore=13.75;uscore=-0.73;tscore=2.49;
contig_41	Prodigal_v2.6.3	CDS	55552	56775	179.9	+	0	ID=34_59;partial=00;start_type=ATG;rbs_motif=GGAGG;rbs_spacer=5-10bp;gc_cont=0.404;conf=99.99;score=179.94;cscore=165.55;sscore=14.39;rscore=12.75;uscore=-1.89;tscore=2.49;
contig_41	Prodigal_v2.6.3	CDS	56804	58024	166.1	+	0	ID=34_60;partial=00;start_type=ATG;rbs_motif=AGGA;rbs_spacer=5-10bp;gc_cont=0.403;conf=100.00;score=166.14;cscore=155.30;sscore=10.84;rscore=4.23;uscore=3.16;tscore=2.49;
contig_41	Prodigal_v2.6.3	CDS	58460	59230	124.5	+	0	ID=34_61;partial=00;start_type=ATG;rbs_motif=AGxAGG/AGGxGG;rbs_spacer=5-10bp;gc_cont=0.361;conf=100.00;score=124.47;cscore=113.55;sscore=10.93;rscore=9.68;uscore=-0.59;tscore=2.49;
contig_41	Prodigal_v2.6.3	CDS	59254	59568	57.8	+	0	ID=34_62;partial=00;start_type=ATG;rbs_motif=GGAG/GAGG;rbs_spacer=5-10bp;gc_cont=0.362;conf=100.00;score=57.75;cscore=45.86;sscore=11.89;rscore=8.24;uscore=0.14;tscore=2.49;
contig_41	Prodigal_v2.6.3	CDS	59565	60143	88.1	+	0	ID=34_63;partial=00;start_type=ATG;rbs_motif=AGGAG;rbs_spacer=5-10bp;gc_cont=0.364;conf=100.00;score=88.06;cscore=72.05;sscore=16.00;rscore=12.22;uscore=-0.25;tscore=2.49;
contig_41	Prodigal_v2.6.3	CDS	60300	61019	139.5	+	0	ID=34_64;partial=00;start_type=ATG;rbs_motif=AGGAGG;rbs_spacer=5-10bp;gc_cont=0.390;conf=100.00;score=139.46;cscore=121.77;sscore=17.68;rscore=13.75;uscore=1.44;tscore=2.49;
contig_41	Prodigal_v2.6.3	CDS	61121	62008	193.2	+	0	ID=34_65;partial=00;start_type=ATG;rbs_motif=AGGAGG;rbs_spacer=5-10bp;gc_cont=0.385;conf=99.99;score=193.24;cscore=175.12;sscore=18.11;rscore=13.75;uscore=1.88;tscore=2.49;
contig_41	Prodigal_v2.6.3	CDS	62225	62950	140.8	+	0	ID=34_66;partial=00;start_type=ATG;rbs_motif=GGAGG;rbs_spacer=5-10bp;gc_cont=0.412;conf=100.00;score=140.82;cscore=125.32;sscore=15.50;rscore=12.75;uscore=0.91;tscore=2.49;
contig_41	Prodigal_v2.6.3	CDS	62950	63507	142.2	+	0	ID=34_67;partial=00;start_type=ATG;rbs_motif=AGGAGG;rbs_spacer=5-10bp;gc_cont=0.358;conf=100.00;score=142.16;cscore=124.64;sscore=17.52;rscore=13.75;uscore=-0.89;tscore=2.49;
contig_41	Prodigal_v2.6.3	CDS	63785	64579	131.2	+	0	ID=34_68;partial=00;start_type=ATG;rbs_motif=GGAG/GAGG;rbs_spacer=5-10bp;gc_cont=0.406;conf=100.00;score=131.23;cscore=121.22;sscore=10.01;rscore=8.24;uscore=-0.07;tscore=2.49;
contig_41	Prodigal_v2.6.3	CDS	64576	65376	104.0	+	0	ID=34_69;partial=00;start_type=TTG;rbs_motif=GGAG/GAGG;rbs_spacer=5-10bp;gc_cont=0.337;conf=100.00;score=103.99;cscore=99.15;sscore=4.84;rscore=8.24;uscore=-0.96;tscore=-4.70;
contig_41	Prodigal_v2.6.3	CDS	65439	66584	193.6	+	0	ID=34_70;partial=00;start_type=GTG;rbs_motif=GGA/GAG/AGG;rbs_spacer=5-10bp;gc_cont=0.394;conf=99.99;score=193.60;cscore=194.77;sscore=-1.17;rscore=-0.45;uscore=2.89;tscore=-3.61;
contig_41	Prodigal_v2.6.3	CDS	66631	67893	227.7	+	0	ID=34_71;partial=00;start_type=ATG;rbs_motif=AGxAGG/AGGxGG;rbs_spacer=5-10bp;gc_cont=0.383;conf=99.99;score=227.72;cscore=216.66;sscore=11.05;rscore=9.68;uscore=-1.89;tscore=2.49;
contig_41	Prodigal_v2.6.3	CDS	68025	69731	365.0	+	0	ID=34_72;partial=00;start_type=ATG;rbs_motif=AGxAGG/AGGxGG;rbs_spacer=5-10bp;gc_cont=0.381;conf=99.99;score=365.03;cscore=348.66;sscore=16.38;rscore=9.68;uscore=4.21;tscore=2.49;
contig_41	Prodigal_v2.6.3	CDS	70000	74331	706.7	+	0	ID=34_73;partial=00;start_type=TTG;rbs_motif=AGxAGG/AGGxGG;rbs_spacer=5-10bp;gc_cont=0.392;conf=99.99;score=706.71;cscore=701.39;sscore=5.31;rscore=9.68;uscore=0.98;tscore=-4.70;
contig_41	Prodigal_v2.6.3	CDS	74667	75143	94.1	+	0	ID=34_74;partial=00;start_type=ATG;rbs_motif=AGGAGG;rbs_spacer=5-10bp;gc_cont=0.367;conf=100.00;score=94.10;cscore=76.11;sscore=17.99;rscore=13.75;uscore=2.40;tscore=2.49;
contig_41	Prodigal_v2.6.3	CDS	75168	76307	259.7	+	0	ID=34_75;partial=00;start_type=ATG;rbs_motif=AGGAG;rbs_spacer=5-10bp;gc_cont=0.392;conf=99.99;score=259.68;cscore=243.35;sscore=16.33;rscore=12.22;uscore=0.61;tscore=2.49;
contig_41	Prodigal_v2.6.3	CDS	76444	76722	34.0	+	0	ID=34_76;partial=00;start_type=ATG;rbs_motif=AGGA/GGAG/GAGG;rbs_spacer=11-12bp;gc_cont=0.419;conf=99.96;score=34.04;cscore=30.53;sscore=3.51;rscore=3.18;uscore=-2.15;tscore=2.49;
contig_41	Prodigal_v2.6.3	CDS	76719	77027	37.2	+	0	ID=34_77;partial=00;start_type=ATG;rbs_motif=GGAG/GAGG;rbs_spacer=5-10bp;gc_cont=0.379;conf=99.98;score=37.23;cscore=25.21;sscore=12.02;rscore=8.24;uscore=-1.72;tscore=2.49;
contig_41	Prodigal_v2.6.3	CDS	77042	79324	474.3	+	0	ID=34_78;partial=00;start_type=ATG;rbs_motif=GGxGG;rbs_spacer=5-10bp;gc_cont=0.383;conf=99.99;score=474.27;cscore=463.13;sscore=11.13;rscore=6.77;uscore=0.75;tscore=2.49;
contig_41	Prodigal_v2.6.3	CDS	79324	79602	33.7	+	0	ID=34_79;partial=00;start_type=ATG;rbs_motif=4Base/6BMM;rbs_spacer=13-15bp;gc_cont=0.401;conf=99.96;score=33.71;cscore=27.07;sscore=6.64;rscore=-3.98;uscore=2.87;tscore=2.49;
contig_41	Prodigal_v2.6.3	CDS	79681	80022	64.3	+	0	ID=34_80;partial=00;start_type=ATG;rbs_motif=GGAG/GAGG;rbs_spacer=5-10bp;gc_cont=0.392;conf=100.00;score=64.29;cscore=54.14;sscore=10.14;rscore=8.24;uscore=-0.58;tscore=2.49;
contig_41	Prodigal_v2.6.3	CDS	80138	81049	158.3	+	0	ID=34_81;partial=00;start_type=ATG;rbs_motif=GGAGG;rbs_spacer=5-10bp;gc_cont=0.401;conf=100.00;score=158.28;cscore=139.62;sscore=18.66;rscore=12.75;uscore=3.42;tscore=2.49;
contig_41	Prodigal_v2.6.3	CDS	81062	82009	161.2	+	0	ID=34_82;partial=00;start_type=ATG;rbs_motif=AGGAGG;rbs_spacer=5-10bp;gc_cont=0.391;conf=100.00;score=161.21;cscore=144.75;sscore=16.46;rscore=13.75;uscore=-0.92;tscore=2.49;
contig_41	Prodigal_v2.6.3	CDS	82184	82453	59.9	+	0	ID=34_83;partial=00;start_type=ATG;rbs_motif=AGGAGG;rbs_spacer=5-10bp;gc_cont=0.389;conf=100.00;score=59.86;cscore=40.97;sscore=18.88;rscore=13.75;uscore=2.65;tscore=2.49;
contig_41	Prodigal_v2.6.3	CDS	82894	83400	63.1	+	0	ID=34_84;partial=00;start_type=ATG;rbs_motif=AGxAGG/AGGxGG;rbs_spacer=5-10bp;gc_cont=0.371;conf=100.00;score=63.06;cscore=50.58;sscore=12.48;rscore=9.68;uscore=0.97;tscore=2.49;
contig_41	Prodigal_v2.6.3	CDS	84032	85843	383.7	+	0	ID=34_85;partial=00;start_type=ATG;rbs_motif=GGAG/GAGG;rbs_spacer=5-10bp;gc_cont=0.404;conf=99.99;score=383.69;cscore=370.63;sscore=13.06;rscore=8.24;uscore=2.99;tscore=2.49;
contig_41	Prodigal_v2.6.3	CDS	85944	86144	15.8	+	0	ID=34_86;partial=00;start_type=TTG;rbs_motif=None;rbs_spacer=None;gc_cont=0.393;conf=97.43;score=15.81;cscore=32.70;sscore=-16.89;rscore=-12.07;uscore=1.11;tscore=-5.93;
contig_41	Prodigal_v2.6.3	CDS	86322	86981	74.8	+	0	ID=34_87;partial=00;start_type=GTG;rbs_motif=GGA/GAG/AGG;rbs_spacer=5-10bp;gc_cont=0.400;conf=100.00;score=74.78;cscore=77.18;sscore=-2.40;rscore=-0.45;uscore=1.66;tscore=-3.61;
contig_41	Prodigal_v2.6.3	CDS	86948	87370	58.6	+	0	ID=34_88;partial=00;start_type=ATG;rbs_motif=GGA/GAG/AGG;rbs_spacer=5-10bp;gc_cont=0.421;conf=100.00;score=58.56;cscore=54.90;sscore=3.65;rscore=-0.45;uscore=1.61;tscore=2.49;
contig_41	Prodigal_v2.6.3	CDS	87810	88424	45.2	-	0	ID=34_89;partial=00;start_type=ATG;rbs_motif=AGGAGG;rbs_spacer=5-10bp;gc_cont=0.332;conf=100.00;score=45.22;cscore=26.67;sscore=18.56;rscore=13.75;uscore=1.16;tscore=2.49;
contig_41	Prodigal_v2.6.3	CDS	88435	89061	45.0	-	0	ID=34_90;partial=00;start_type=ATG;rbs_motif=GGA/GAG/AGG;rbs_spacer=11-12bp;gc_cont=0.332;conf=100.00;score=44.96;cscore=39.35;sscore=5.61;rscore=-0.79;uscore=2.67;tscore=2.49;
contig_41	Prodigal_v2.6.3	CDS	89064	89906	111.0	-	0	ID=34_91;partial=00;start_type=ATG;rbs_motif=AGGAGG;rbs_spacer=5-10bp;gc_cont=0.355;conf=100.00;score=111.04;cscore=90.83;sscore=20.21;rscore=13.75;uscore=2.71;tscore=2.49;
contig_41	Prodigal_v2.6.3	CDS	89908	90285	65.5	-	0	ID=34_92;partial=00;start_type=GTG;rbs_motif=GGAG/GAGG;rbs_spacer=5-10bp;gc_cont=0.399;conf=100.00;score=65.51;cscore=59.74;sscore=5.77;rscore=8.24;uscore=1.79;tscore=-3.61;
contig_41	Prodigal_v2.6.3	CDS	90428	90691	52.6	+	0	ID=34_93;partial=00;start_type=ATG;rbs_motif=AGGAGG;rbs_spacer=5-10bp;gc_cont=0.333;conf=100.00;score=52.56;cscore=37.41;sscore=15.15;rscore=13.75;uscore=-1.09;tscore=2.49;
contig_41	Prodigal_v2.6.3	CDS	90701	91480	95.3	+	0	ID=34_94;partial=00;start_type=TTG;rbs_motif=GGAG/GAGG;rbs_spacer=5-10bp;gc_cont=0.355;conf=100.00;score=95.29;cscore=92.47;sscore=2.82;rscore=8.24;uscore=-1.90;tscore=-4.70;
contig_41	Prodigal_v2.6.3	CDS	91474	92064	81.1	+	0	ID=34_95;partial=00;start_type=TTG;rbs_motif=AGGAGG;rbs_spacer=5-10bp;gc_cont=0.382;conf=100.00;score=81.07;cscore=70.10;sscore=10.97;rscore=13.75;uscore=0.66;tscore=-4.70;
contig_41	Prodigal_v2.6.3	CDS	92147	93184	194.9	+	0	ID=34_96;partial=00;start_type=ATG;rbs_motif=AGGAG;rbs_spacer=5-10bp;gc_cont=0.409;conf=99.99;score=194.92;cscore=181.39;sscore=13.53;rscore=12.22;uscore=-1.18;tscore=2.49;
contig_41	Prodigal_v2.6.3	CDS	93198	94097	162.6	+	0	ID=34_97;partial=00;start_type=ATG;rbs_motif=GGAG/GAGG;rbs_spacer=5-10bp;gc_cont=0.399;conf=100.00;score=162.58;cscore=150.12;sscore=12.46;rscore=8.24;uscore=0.60;tscore=2.49;
contig_41	Prodigal_v2.6.3	CDS	94375	96042	298.1	+	0	ID=34_98;partial=00;start_type=TTG;rbs_motif=AGGAGG;rbs_spacer=5-10bp;gc_cont=0.369;conf=99.99;score=298.11;cscore=291.71;sscore=6.40;rscore=13.75;uscore=-2.00;tscore=-4.70;
contig_41	Prodigal_v2.6.3	CDS	96197	98488	415.7	+	0	ID=34_99;partial=00;start_type=ATG;rbs_motif=AGxAGG/AGGxGG;rbs_spacer=5-10bp;gc_cont=0.384;conf=99.99;score=415.73;cscore=403.33;sscore=12.40;rscore=9.68;uscore=0.24;tscore=2.49;
contig_41	Prodigal_v2.6.3	CDS	98688	99416	85.0	+	0	ID=34_100;partial=00;start_type=GTG;rbs_motif=GGxGG;rbs_spacer=5-10bp;gc_cont=0.413;conf=100.00;score=84.95;cscore=84.40;sscore=0.55;rscore=6.77;uscore=-1.96;tscore=-3.61;
contig_41	Prodigal_v2.6.3	CDS	99470	100555	227.7	+	0	ID=34_101;partial=00;start_type=ATG;rbs_motif=GGxGG;rbs_spacer=5-10bp;gc_cont=0.397;conf=99.99;score=227.73;cscore=219.61;sscore=8.12;rscore=6.77;uscore=-1.83;tscore=2.49;
contig_41	Prodigal_v2.6.3	CDS	100932	102479	296.4	+	0	ID=34_102;partial=00;start_type=TTG;rbs_motif=GGAG/GAGG;rbs_spacer=5-10bp;gc_cont=0.389;conf=99.99;score=296.45;cscore=291.90;sscore=4.55;rscore=8.24;uscore=1.66;tscore=-4.70;
contig_41	Prodigal_v2.6.3	CDS	102479	102727	36.4	+	0	ID=34_103;partial=00;start_type=ATG;rbs_motif=AGGAGG;rbs_spacer=5-10bp;gc_cont=0.394;conf=99.98;score=36.39;cscore=16.07;sscore=20.32;rscore=13.53;uscore=3.06;tscore=2.45;
contig_41	Prodigal_v2.6.3	CDS	102678	103529	141.6	+	0	ID=34_104;partial=00;start_type=TTG;rbs_motif=AGxAGG/AGGxGG;rbs_spacer=5-10bp;gc_cont=0.399;conf=100.00;score=141.65;cscore=137.14;sscore=4.51;rscore=9.68;uscore=-0.47;tscore=-4.70;
contig_41	Prodigal_v2.6.3	CDS	103531	104298	146.8	+	0	ID=34_105;partial=00;start_type=ATG;rbs_motif=AGGAGG;rbs_spacer=5-10bp;gc_cont=0.424;conf=100.00;score=146.77;cscore=125.77;sscore=21.00;rscore=13.75;uscore=3.50;tscore=2.49;
contig_41	Prodigal_v2.6.3	CDS	104274	104492	10.1	+	0	ID=34_106;partial=00;start_type=GTG;rbs_motif=None;rbs_spacer=None;gc_cont=0.388;conf=91.01;score=10.07;cscore=28.35;sscore=-18.28;rscore=-11.06;uscore=-3.04;tscore=-4.18;
contig_41	Prodigal_v2.6.3	CDS	104662	104928	32.4	+	0	ID=34_107;partial=00;start_type=ATG;rbs_motif=AGGAGG;rbs_spacer=5-10bp;gc_cont=0.348;conf=99.94;score=32.36;cscore=12.31;sscore=20.06;rscore=13.75;uscore=3.82;tscore=2.49;
contig_41	Prodigal_v2.6.3	CDS	104925	105932	173.9	+	0	ID=34_108;partial=00;start_type=ATG;rbs_motif=GGA/GAG/AGG;rbs_spacer=11-12bp;gc_cont=0.374;conf=100.00;score=173.93;cscore=170.15;sscore=3.78;rscore=-0.79;uscore=-0.16;tscore=2.49;
contig_41	Prodigal_v2.6.3	CDS	105929	107230	223.5	+	0	ID=34_109;partial=00;start_type=ATG;rbs_motif=AGGAG/GGAGG;rbs_spacer=11-12bp;gc_cont=0.349;conf=99.99;score=223.49;cscore=209.76;sscore=13.73;rscore=9.05;uscore=0.90;tscore=2.49;
contig_41	Prodigal_v2.6.3	CDS	107227	107955	95.9	+	0	ID=34_110;partial=00;start_type=GTG;rbs_motif=AGxAGG/AGGxGG;rbs_spacer=5-10bp;gc_cont=0.398;conf=100.00;score=95.89;cscore=88.52;sscore=7.36;rscore=9.68;uscore=-1.00;tscore=-3.61;
contig_41	Prodigal_v2.6.3	CDS	108001	108258	44.1	+	0	ID=34_111;partial=00;start_type=ATG;rbs_motif=AGGAGG;rbs_spacer=5-10bp;gc_cont=0.403;conf=100.00;score=44.10;cscore=26.25;sscore=17.84;rscore=13.75;uscore=0.82;tscore=2.49;
contig_41	Prodigal_v2.6.3	CDS	108473	109261	106.4	+	0	ID=34_112;partial=00;start_type=GTG;rbs_motif=GGA/GAG/AGG;rbs_spacer=5-10bp;gc_cont=0.352;conf=100.00;score=106.38;cscore=108.47;sscore=-2.09;rscore=-0.45;uscore=1.97;tscore=-3.61;
contig_41	Prodigal_v2.6.3	CDS	109287	110207	152.1	+	0	ID=34_113;partial=00;start_type=GTG;rbs_motif=AGxAGG/AGGxGG;rbs_spacer=5-10bp;gc_cont=0.377;conf=100.00;score=152.15;cscore=142.63;sscore=9.52;rscore=9.68;uscore=2.45;tscore=-3.61;
contig_41	Prodigal_v2.6.3	CDS	110255	110833	77.8	+	0	ID=34_114;partial=00;start_type=ATG;rbs_motif=GGA/GAG/AGG;rbs_spacer=5-10bp;gc_cont=0.361;conf=100.00;score=77.79;cscore=74.92;sscore=2.86;rscore=-0.45;uscore=0.06;tscore=2.49;
contig_41	Prodigal_v2.6.3	CDS	110850	112046	226.4	+	0	ID=34_115;partial=00;start_type=ATG;rbs_motif=GGA/GAG/AGG;rbs_spacer=5-10bp;gc_cont=0.414;conf=99.99;score=226.42;cscore=221.77;sscore=4.65;rscore=-0.45;uscore=1.52;tscore=2.49;
contig_41	Prodigal_v2.6.3	CDS	112268	112630	78.9	+	0	ID=34_116;partial=00;start_type=ATG;rbs_motif=AGGAGG;rbs_spacer=5-10bp;gc_cont=0.413;conf=100.00;score=78.94;cscore=62.67;sscore=16.27;rscore=13.75;uscore=0.68;tscore=2.49;
contig_41	Prodigal_v2.6.3	CDS	112596	113003	66.7	+	0	ID=34_117;partial=00;start_type=ATG;rbs_motif=GGA/GAG/AGG;rbs_spacer=11-12bp;gc_cont=0.402;conf=100.00;score=66.69;cscore=66.25;sscore=0.44;rscore=-0.79;uscore=-1.25;tscore=2.49;
contig_41	Prodigal_v2.6.3	CDS	113048	113332	47.0	+	0	ID=34_118;partial=00;start_type=ATG;rbs_motif=AGxAG;rbs_spacer=5-10bp;gc_cont=0.365;conf=100.00;score=47.04;cscore=53.20;sscore=-6.15;rscore=-8.29;uscore=-1.15;tscore=2.49;
contig_41	Prodigal_v2.6.3	CDS	113847	115406	345.3	+	0	ID=34_119;partial=00;start_type=ATG;rbs_motif=AGGAGG;rbs_spacer=5-10bp;gc_cont=0.396;conf=99.99;score=345.31;cscore=329.04;sscore=16.27;rscore=13.75;uscore=0.68;tscore=2.49;
contig_41	Prodigal_v2.6.3	CDS	115632	116360	94.7	+	0	ID=34_120;partial=00;start_type=TTG;rbs_motif=AGGAG;rbs_spacer=5-10bp;gc_cont=0.337;conf=100.00;score=94.70;cscore=88.41;sscore=6.29;rscore=12.22;uscore=-0.58;tscore=-4.70;
contig_41	Prodigal_v2.6.3	CDS	116360	117061	100.3	+	0	ID=34_121;partial=00;start_type=ATG;rbs_motif=AGGAG;rbs_spacer=5-10bp;gc_cont=0.349;conf=100.00;score=100.32;cscore=82.98;sscore=17.34;rscore=12.22;uscore=1.35;tscore=2.49;
contig_41	Prodigal_v2.6.3	CDS	117093	117761	65.5	+	0	ID=34_122;partial=00;start_type=GTG;rbs_motif=GGA/GAG/AGG;rbs_spacer=11-12bp;gc_cont=0.363;conf=100.00;score=65.52;cscore=67.34;sscore=-1.82;rscore=-0.79;uscore=1.64;tscore=-3.61;
contig_41	Prodigal_v2.6.3	CDS	117922	118221	11.5	+	0	ID=34_123;partial=00;start_type=ATG;rbs_motif=GGA/GAG/AGG;rbs_spacer=5-10bp;gc_cont=0.370;conf=93.30;score=11.46;cscore=8.47;sscore=2.99;rscore=-0.45;uscore=0.95;tscore=2.49;
contig_41	Prodigal_v2.6.3	CDS	118235	119065	83.9	+	0	ID=34_124;partial=00;start_type=ATG;rbs_motif=None;rbs_spacer=None;gc_cont=0.339;conf=100.00;score=83.94;cscore=90.32;sscore=-6.37;rscore=-9.56;uscore=-0.43;tscore=2.49;
contig_41	Prodigal_v2.6.3	CDS	119184	120374	121.7	+	0	ID=34_125;partial=00;start_type=ATG;rbs_motif=AGxAGG/AGGxGG;rbs_spacer=5-10bp;gc_cont=0.333;conf=100.00;score=121.65;cscore=108.00;sscore=13.65;rscore=9.68;uscore=1.49;tscore=2.49;
contig_41	Prodigal_v2.6.3	CDS	120361	121323	53.4	+	0	ID=34_126;partial=00;start_type=ATG;rbs_motif=GGAG/GAGG;rbs_spacer=5-10bp;gc_cont=0.324;conf=100.00;score=53.43;cscore=41.02;sscore=12.41;rscore=8.24;uscore=0.50;tscore=2.49;
contig_41	Prodigal_v2.6.3	CDS	121316	121702	5.1	+	0	ID=34_127;partial=00;start_type=GTG;rbs_motif=None;rbs_spacer=None;gc_cont=0.341;conf=76.24;score=5.07;cscore=17.82;sscore=-12.75;rscore=-9.56;uscore=-0.83;tscore=-3.61;
contig_41	Prodigal_v2.6.3	CDS	121708	122304	57.2	+	0	ID=34_128;partial=00;start_type=GTG;rbs_motif=GGAG/GAGG;rbs_spacer=5-10bp;gc_cont=0.369;conf=100.00;score=57.24;cscore=49.80;sscore=7.45;rscore=8.24;uscore=1.60;tscore=-3.61;
contig_41	Prodigal_v2.6.3	CDS	122252	122800	15.6	+	0	ID=34_129;partial=00;start_type=ATG;rbs_motif=3Base/5BMM;rbs_spacer=13-15bp;gc_cont=0.339;conf=97.30;score=15.59;cscore=16.87;sscore=-1.28;rscore=-6.44;uscore=2.68;tscore=2.49;
contig_41	Prodigal_v2.6.3	CDS	122790	124301	155.2	+	0	ID=34_130;partial=00;start_type=ATG;rbs_motif=GGA/GAG/AGG;rbs_spacer=11-12bp;gc_cont=0.341;conf=100.00;score=155.17;cscore=149.76;sscore=5.42;rscore=-0.79;uscore=2.50;tscore=2.49;
contig_41	Prodigal_v2.6.3	CDS	124443	124838	14.7	+	0	ID=34_131;partial=00;start_type=ATG;rbs_motif=GGA/GAG/AGG;rbs_spacer=5-10bp;gc_cont=0.326;conf=96.68;score=14.66;cscore=16.44;sscore=-1.77;rscore=-0.45;uscore=-3.81;tscore=2.49;
contig_41	Prodigal_v2.6.3	CDS	124841	125488	17.2	+	0	ID=34_132;partial=00;start_type=ATG;rbs_motif=None;rbs_spacer=None;gc_cont=0.302;conf=98.13;score=17.24;cscore=24.40;sscore=-7.16;rscore=-9.56;uscore=-1.34;tscore=2.49;
contig_41	Prodigal_v2.6.3	CDS	125603	126400	127.1	+	0	ID=34_133;partial=00;start_type=ATG;rbs_motif=None;rbs_spacer=None;gc_cont=0.401;conf=100.00;score=127.10;cscore=129.67;sscore=-2.57;rscore=-9.56;uscore=4.50;tscore=2.49;
contig_41	Prodigal_v2.6.3	CDS	126578	126844	44.8	+	0	ID=34_134;partial=00;start_type=GTG;rbs_motif=GGAGG;rbs_spacer=5-10bp;gc_cont=0.464;conf=100.00;score=44.80;cscore=36.93;sscore=7.87;rscore=12.75;uscore=-1.27;tscore=-3.61;
contig_41	Prodigal_v2.6.3	CDS	127108	128847	353.0	+	0	ID=34_135;partial=00;start_type=ATG;rbs_motif=AGGAG;rbs_spacer=5-10bp;gc_cont=0.402;conf=99.99;score=352.99;cscore=336.95;sscore=16.04;rscore=12.22;uscore=1.99;tscore=2.49;
contig_41	Prodigal_v2.6.3	CDS	128847	129713	164.3	+	0	ID=34_136;partial=00;start_type=ATG;rbs_motif=AGGAG/GGAGG;rbs_spacer=11-12bp;gc_cont=0.379;conf=100.00;score=164.29;cscore=149.42;sscore=14.87;rscore=9.05;uscore=2.05;tscore=2.49;
contig_41	Prodigal_v2.6.3	CDS	129904	130614	108.6	+	0	ID=34_137;partial=00;start_type=ATG;rbs_motif=AGGA;rbs_spacer=5-10bp;gc_cont=0.399;conf=100.00;score=108.59;cscore=101.96;sscore=6.63;rscore=4.23;uscore=0.57;tscore=2.49;
contig_41	Prodigal_v2.6.3	CDS	130616	131344	59.2	+	0	ID=34_138;partial=00;start_type=ATG;rbs_motif=AGxAGG/AGGxGG;rbs_spacer=5-10bp;gc_cont=0.379;conf=100.00;score=59.17;cscore=44.65;sscore=14.52;rscore=9.68;uscore=1.09;tscore=2.49;
contig_41	Prodigal_v2.6.3	CDS	131348	132103	57.8	+	0	ID=34_139;partial=00;start_type=ATG;rbs_motif=AGGAG/GGAGG;rbs_spacer=11-12bp;gc_cont=0.382;conf=100.00;score=57.83;cscore=44.36;sscore=13.47;rscore=9.05;uscore=0.69;tscore=2.49;
contig_41	Prodigal_v2.6.3	CDS	132114	132776	85.8	+	0	ID=34_140;partial=00;start_type=ATG;rbs_motif=GGAG/GAGG;rbs_spacer=5-10bp;gc_cont=0.376;conf=100.00;score=85.82;cscore=72.46;sscore=13.35;rscore=8.24;uscore=1.46;tscore=2.49;
contig_41	Prodigal_v2.6.3	CDS	132764	134137	182.9	+	0	ID=34_141;partial=00;start_type=GTG;rbs_motif=GGxGG;rbs_spacer=11-12bp;gc_cont=0.367;conf=99.99;score=182.85;cscore=182.91;sscore=-0.06;rscore=0.56;uscore=1.79;tscore=-3.61;
contig_41	Prodigal_v2.6.3	CDS	134294	134665	54.1	+	0	ID=34_142;partial=00;start_type=GTG;rbs_motif=GGAG/GAGG;rbs_spacer=5-10bp;gc_cont=0.344;conf=100.00;score=54.08;cscore=43.45;sscore=10.63;rscore=8.24;uscore=6.00;tscore=-3.61;
contig_41	Prodigal_v2.6.3	CDS	134900	135988	209.9	+	0	ID=34_143;partial=00;start_type=ATG;rbs_motif=GGAGG;rbs_spacer=5-10bp;gc_cont=0.410;conf=99.99;score=209.92;cscore=190.82;sscore=19.10;rscore=12.75;uscore=4.51;tscore=2.49;
contig_41	Prodigal_v2.6.3	CDS	135978	136814	107.7	+	0	ID=34_144;partial=00;start_type=ATG;rbs_motif=AGxAGG/AGGxGG;rbs_spacer=5-10bp;gc_cont=0.419;conf=100.00;score=107.69;cscore=94.14;sscore=13.55;rscore=9.68;uscore=0.16;tscore=2.49;
contig_41	Prodigal_v2.6.3	CDS	136979	137731	52.5	+	0	ID=34_145;partial=00;start_type=ATG;rbs_motif=None;rbs_spacer=None;gc_cont=0.385;conf=100.00;score=52.53;cscore=60.31;sscore=-7.79;rscore=-9.56;uscore=-0.72;tscore=2.49;
contig_41	Prodigal_v2.6.3	CDS	137728	138513	98.6	+	0	ID=34_146;partial=00;start_type=ATG;rbs_motif=AGGAGG;rbs_spacer=5-10bp;gc_cont=0.388;conf=100.00;score=98.58;cscore=80.94;sscore=17.64;rscore=13.75;uscore=0.11;tscore=2.49;
contig_41	Prodigal_v2.6.3	CDS	138510	139511	152.1	+	0	ID=34_147;partial=00;start_type=ATG;rbs_motif=GGA/GAG/AGG;rbs_spacer=11-12bp;gc_cont=0.387;conf=100.00;score=152.08;cscore=147.75;sscore=4.33;rscore=-0.79;uscore=0.55;tscore=2.49;
contig_41	Prodigal_v2.6.3	CDS	139508	140293	105.8	+	0	ID=34_148;partial=00;start_type=ATG;rbs_motif=None;rbs_spacer=None;gc_cont=0.373;conf=100.00;score=105.79;cscore=101.66;sscore=4.13;rscore=-9.56;uscore=0.35;tscore=2.49;
contig_41	Prodigal_v2.6.3	CDS	140290	141150	125.9	+	0	ID=34_149;partial=00;start_type=ATG;rbs_motif=GGAGG;rbs_spacer=5-10bp;gc_cont=0.397;conf=100.00;score=125.88;cscore=108.52;sscore=17.36;rscore=12.75;uscore=0.82;tscore=2.49;
contig_41	Prodigal_v2.6.3	CDS	141113	141301	4.0	+	0	ID=34_150;partial=00;start_type=ATG;rbs_motif=None;rbs_spacer=None;gc_cont=0.402;conf=71.60;score=4.02;cscore=18.70;sscore=-14.67;rscore=-12.85;uscore=-3.68;tscore=1.85;
contig_41	Prodigal_v2.6.3	CDS	141417	142685	105.3	+	0	ID=34_151;partial=00;start_type=TTG;rbs_motif=GGAG/GAGG;rbs_spacer=5-10bp;gc_cont=0.363;conf=100.00;score=105.30;cscore=98.32;sscore=6.98;rscore=8.24;uscore=3.44;tscore=-4.70;
contig_41	Prodigal_v2.6.3	CDS	144066	144239	0.9	-	0	ID=34_152;partial=00;start_type=GTG;rbs_motif=AGxAGG/AGGxGG;rbs_spacer=5-10bp;gc_cont=0.276;conf=54.92;score=0.86;cscore=-2.24;sscore=3.10;rscore=6.62;uscore=1.22;tscore=-5.28;
contig_41	Prodigal_v2.6.3	CDS	144262	144990	91.8	-	0	ID=34_153;partial=00;start_type=ATG;rbs_motif=GGA/GAG/AGG;rbs_spacer=5-10bp;gc_cont=0.321;conf=100.00;score=91.82;cscore=86.66;sscore=5.15;rscore=-0.45;uscore=3.77;tscore=2.49;
contig_41	Prodigal_v2.6.3	CDS	146160	146543	17.9	+	0	ID=34_154;partial=00;start_type=ATG;rbs_motif=None;rbs_spacer=None;gc_cont=0.344;conf=98.41;score=17.94;cscore=25.13;sscore=-7.19;rscore=-9.56;uscore=-0.12;tscore=2.49;
contig_41	Prodigal_v2.6.3	CDS	147327	148880	274.9	+	0	ID=34_155;partial=00;start_type=GTG;rbs_motif=AGGAG;rbs_spacer=5-10bp;gc_cont=0.391;conf=99.99;score=274.90;cscore=263.09;sscore=11.82;rscore=12.22;uscore=3.86;tscore=-3.61;
contig_41	Prodigal_v2.6.3	CDS	148881	149318	89.9	+	0	ID=34_156;partial=00;start_type=ATG;rbs_motif=AGxAGG/AGGxGG;rbs_spacer=5-10bp;gc_cont=0.338;conf=100.00;score=89.91;cscore=72.30;sscore=17.61;rscore=9.68;uscore=4.17;tscore=2.49;
contig_41	Prodigal_v2.6.3	CDS	149453	150106	53.5	+	0	ID=34_157;partial=00;start_type=ATG;rbs_motif=None;rbs_spacer=None;gc_cont=0.402;conf=100.00;score=53.54;cscore=60.99;sscore=-7.45;rscore=-9.56;uscore=-0.38;tscore=2.49;
contig_41	Prodigal_v2.6.3	CDS	150235	152805	452.0	+	0	ID=34_158;partial=00;start_type=ATG;rbs_motif=AGGA/GGAG/GAGG;rbs_spacer=11-12bp;gc_cont=0.388;conf=99.99;score=451.99;cscore=443.38;sscore=8.61;rscore=3.18;uscore=2.95;tscore=2.49;
contig_41	Prodigal_v2.6.3	CDS	152821	154683	293.2	+	0	ID=34_159;partial=00;start_type=GTG;rbs_motif=AGGAG;rbs_spacer=5-10bp;gc_cont=0.388;conf=99.99;score=293.16;cscore=280.71;sscore=12.45;rscore=12.22;uscore=2.73;tscore=-3.61;
contig_41	Prodigal_v2.6.3	CDS	154702	155586	116.3	+	0	ID=34_160;partial=00;start_type=ATG;rbs_motif=AGxAGG/AGGxGG;rbs_spacer=5-10bp;gc_cont=0.401;conf=100.00;score=116.27;cscore=100.43;sscore=15.83;rscore=9.68;uscore=2.59;tscore=2.49;
contig_41	Prodigal_v2.6.3	CDS	155540	156199	110.9	+	0	ID=34_161;partial=00;start_type=GTG;rbs_motif=AGGAG;rbs_spacer=5-10bp;gc_cont=0.441;conf=100.00;score=110.85;cscore=102.43;sscore=8.42;rscore=12.22;uscore=-0.19;tscore=-3.61;
contig_41	Prodigal_v2.6.3	CDS	156218	157864	289.4	+	0	ID=34_162;partial=00;start_type=ATG;rbs_motif=GGAG/GAGG;rbs_spacer=5-10bp;gc_cont=0.410;conf=99.99;score=289.43;cscore=277.78;sscore=11.66;rscore=8.24;uscore=-0.15;tscore=2.49;
contig_41	Prodigal_v2.6.3	CDS	157868	158785	139.0	+	0	ID=34_163;partial=00;start_type=ATG;rbs_motif=AGxAGG/AGGxGG;rbs_spacer=5-10bp;gc_cont=0.402;conf=100.00;score=139.03;cscore=124.81;sscore=14.22;rscore=9.68;uscore=0.81;tscore=2.49;
contig_41	Prodigal_v2.6.3	CDS	158772	159674	155.2	+	0	ID=34_164;partial=00;start_type=ATG;rbs_motif=GGxGG;rbs_spacer=5-10bp;gc_cont=0.403;conf=100.00;score=155.21;cscore=145.59;sscore=9.62;rscore=6.77;uscore=-0.82;tscore=2.49;
contig_41	Prodigal_v2.6.3	CDS	159772	160002	26.3	+	0	ID=34_165;partial=00;start_type=ATG;rbs_motif=GGAGG;rbs_spacer=5-10bp;gc_cont=0.316;conf=99.77;score=26.33;cscore=11.14;sscore=15.19;rscore=11.63;uscore=1.29;tscore=2.27;
contig_41	Prodigal_v2.6.3	CDS	160098	160400	71.1	+	0	ID=34_166;partial=00;start_type=ATG;rbs_motif=GGAGG;rbs_spacer=5-10bp;gc_cont=0.399;conf=100.00;score=71.12;cscore=55.92;sscore=15.20;rscore=12.75;uscore=-0.04;tscore=2.49;
contig_41	Prodigal_v2.6.3	CDS	160452	160841	43.6	-	0	ID=34_167;partial=00;start_type=ATG;rbs_motif=AGGAG;rbs_spacer=5-10bp;gc_cont=0.356;conf=100.00;score=43.64;cscore=27.22;sscore=16.43;rscore=12.22;uscore=2.37;tscore=2.49;
contig_41	Prodigal_v2.6.3	CDS	161519	162547	186.5	+	0	ID=34_168;partial=00;start_type=ATG;rbs_motif=AGGAG;rbs_spacer=5-10bp;gc_cont=0.433;conf=99.99;score=186.47;cscore=170.76;sscore=15.71;rscore=12.22;uscore=1.00;tscore=2.49;
contig_41	Prodigal_v2.6.3	CDS	162626	163231	95.1	-	0	ID=34_169;partial=00;start_type=ATG;rbs_motif=AGxAGG/AGGxGG;rbs_spacer=5-10bp;gc_cont=0.408;conf=100.00;score=95.09;cscore=80.66;sscore=14.43;rscore=9.68;uscore=2.91;tscore=2.49;
contig_41	Prodigal_v2.6.3	CDS	163572	164825	213.9	+	0	ID=34_170;partial=00;start_type=ATG;rbs_motif=GGAG/GAGG;rbs_spacer=5-10bp;gc_cont=0.431;conf=99.99;score=213.90;cscore=201.91;sscore=11.98;rscore=8.24;uscore=1.26;tscore=2.49;
contig_41	Prodigal_v2.6.3	CDS	164980	165357	62.5	+	0	ID=34_171;partial=00;start_type=ATG;rbs_motif=AGGAGG;rbs_spacer=5-10bp;gc_cont=0.376;conf=100.00;score=62.53;cscore=45.46;sscore=17.07;rscore=13.75;uscore=0.83;tscore=2.49;
contig_41	Prodigal_v2.6.3	CDS	165413	166747	247.2	+	0	ID=34_172;partial=00;start_type=GTG;rbs_motif=AGGAG/GGAGG;rbs_spacer=11-12bp;gc_cont=0.390;conf=99.99;score=247.17;cscore=238.41;sscore=8.76;rscore=9.05;uscore=2.65;tscore=-3.61;
contig_41	Prodigal_v2.6.3	CDS	166846	167151	26.8	-	0	ID=34_173;partial=00;start_type=ATG;rbs_motif=AGGAGG;rbs_spacer=5-10bp;gc_cont=0.418;conf=99.79;score=26.82;cscore=7.90;sscore=18.92;rscore=13.75;uscore=3.33;tscore=2.49;
contig_41	Prodigal_v2.6.3	CDS	167708	168718	192.8	+	0	ID=34_174;partial=00;start_type=ATG;rbs_motif=AGGAGG;rbs_spacer=5-10bp;gc_cont=0.368;conf=99.99;score=192.78;cscore=178.78;sscore=14.00;rscore=13.75;uscore=-2.24;tscore=2.49;
contig_41	Prodigal_v2.6.3	CDS	168842	169858	108.0	+	0	ID=34_175;partial=00;start_type=ATG;rbs_motif=None;rbs_spacer=None;gc_cont=0.406;conf=100.00;score=107.97;cscore=114.41;sscore=-6.44;rscore=-9.56;uscore=0.63;tscore=2.49;
contig_41	Prodigal_v2.6.3	CDS	169851	170891	138.9	+	0	ID=34_176;partial=00;start_type=ATG;rbs_motif=GGA/GAG/AGG;rbs_spacer=11-12bp;gc_cont=0.411;conf=100.00;score=138.95;cscore=135.65;sscore=3.30;rscore=-0.79;uscore=0.35;tscore=2.49;
contig_41	Prodigal_v2.6.3	CDS	170940	171767	149.4	+	0	ID=34_177;partial=00;start_type=TTG;rbs_motif=AGxAGG/AGGxGG;rbs_spacer=5-10bp;gc_cont=0.396;conf=100.00;score=149.36;cscore=139.66;sscore=9.71;rscore=9.68;uscore=3.97;tscore=-4.70;
contig_41	Prodigal_v2.6.3	CDS	171764	172525	66.1	+	0	ID=34_178;partial=00;start_type=TTG;rbs_motif=AGGAGG;rbs_spacer=5-10bp;gc_cont=0.379;conf=100.00;score=66.12;cscore=55.47;sscore=10.65;rscore=13.75;uscore=0.30;tscore=-4.70;
contig_41	Prodigal_v2.6.3	CDS	172599	173162	69.5	-	0	ID=34_179;partial=00;start_type=ATG;rbs_motif=AGGAG;rbs_spacer=5-10bp;gc_cont=0.332;conf=100.00;score=69.46;cscore=52.86;sscore=16.61;rscore=12.22;uscore=2.55;tscore=2.49;
contig_41	Prodigal_v2.6.3	CDS	173301	174251	98.6	+	0	ID=34_180;partial=00;start_type=ATG;rbs_motif=None;rbs_spacer=None;gc_cont=0.369;conf=100.00;score=98.56;cscore=103.34;sscore=-4.78;rscore=-9.56;uscore=2.29;tscore=2.49;
contig_41	Prodigal_v2.6.3	CDS	174266	174586	51.7	+	0	ID=34_181;partial=00;start_type=ATG;rbs_motif=AGGAG;rbs_spacer=5-10bp;gc_cont=0.355;conf=100.00;score=51.72;cscore=32.88;sscore=18.84;rscore=12.22;uscore=3.01;tscore=2.49;
contig_41	Prodigal_v2.6.3	CDS	174972	176327	194.0	+	0	ID=34_182;partial=00;start_type=ATG;rbs_motif=AGGA/GGAG/GAGG;rbs_spacer=11-12bp;gc_cont=0.381;conf=99.99;score=193.96;cscore=183.77;sscore=10.19;rscore=3.18;uscore=5.18;tscore=2.49;
contig_41	Prodigal_v2.6.3	CDS	176637	176888	32.9	+	0	ID=34_183;partial=00;start_type=ATG;rbs_motif=GGAGG;rbs_spacer=5-10bp;gc_cont=0.389;conf=99.95;score=32.88;cscore=19.69;sscore=13.19;rscore=12.70;uscore=-1.34;tscore=2.48;
contig_41	Prodigal_v2.6.3	CDS	176970	179057	256.0	+	0	ID=34_184;partial=00;start_type=ATG;rbs_motif=GGAGG;rbs_spacer=5-10bp;gc_cont=0.375;conf=99.99;score=256.04;cscore=236.84;sscore=19.21;rscore=12.75;uscore=3.97;tscore=2.49;
contig_41	Prodigal_v2.6.3	CDS	179422	180186	99.8	-	0	ID=34_185;partial=01;start_type=Edge;rbs_motif=None;rbs_spacer=None;gc_cont=0.335;conf=100.00;score=99.76;cscore=96.55;sscore=3.22;rscore=0.00;uscore=0.00;tscore=3.22;
# Sequence Data: seqnum=35;seqlen=84970;seqhdr="contig_65"
# Model Data: version=Prodigal.v2.6.3;run_type=Single;model="Ab initio";gc_cont=37.70;transl_table=11;uses_sd=1
contig_65	Prodigal_v2.6.3	CDS	3	1097	219.7	-	0	ID=35_1;partial=10;start_type=ATG;rbs_motif=None;rbs_spacer=None;gc_cont=0.410;conf=99.99;score=219.67;cscore=230.37;sscore=-10.70;rscore=-9.56;uscore=-2.98;tscore=2.49;
contig_65	Prodigal_v2.6.3	CDS	1725	2153	42.5	-	0	ID=35_2;partial=00;start_type=ATG;rbs_motif=None;rbs_spacer=None;gc_cont=0.373;conf=99.99;score=42.50;cscore=52.41;sscore=-9.91;rscore=-9.56;uscore=-2.19;tscore=2.49;
contig_65	Prodigal_v2.6.3	CDS	2360	3616	74.5	-	0	ID=35_3;partial=00;start_type=ATG;rbs_motif=AGGA;rbs_spacer=5-10bp;gc_cont=0.374;conf=100.00;score=74.48;cscore=67.88;sscore=6.60;rscore=4.23;uscore=0.54;tscore=2.49;
contig_65	Prodigal_v2.6.3	CDS	4210	5064	129.1	-	0	ID=35_4;partial=00;start_type=GTG;rbs_motif=GGAGG;rbs_spacer=5-10bp;gc_cont=0.364;conf=100.00;score=129.05;cscore=123.42;sscore=5.63;rscore=12.75;uscore=-3.51;tscore=-3.61;
contig_65	Prodigal_v2.6.3	CDS	5185	6201	169.9	-	0	ID=35_5;partial=00;start_type=ATG;rbs_motif=GGAG/GAGG;rbs_spacer=5-10bp;gc_cont=0.404;conf=100.00;score=169.92;cscore=160.71;sscore=9.21;rscore=8.24;uscore=-0.87;tscore=2.49;
contig_65	Prodigal_v2.6.3	CDS	6365	6613	35.5	+	0	ID=35_6;partial=00;start_type=ATG;rbs_motif=AGGAGG;rbs_spacer=5-10bp;gc_cont=0.378;conf=99.97;score=35.50;cscore=20.49;sscore=15.00;rscore=13.53;uscore=-0.97;tscore=2.45;
contig_65	Prodigal_v2.6.3	CDS	6709	7719	167.4	-	0	ID=35_7;partial=00;start_type=ATG;rbs_motif=GGAGG;rbs_spacer=5-10bp;gc_cont=0.369;conf=100.00;score=167.41;cscore=151.90;sscore=15.51;rscore=12.75;uscore=0.92;tscore=2.49;
contig_65	Prodigal_v2.6.3	CDS	7885	8022	16.3	+	0	ID=35_8;partial=00;start_type=ATG;rbs_motif=GGAGG;rbs_spacer=5-10bp;gc_cont=0.362;conf=97.69;score=16.29;cscore=6.10;sscore=10.19;rscore=6.89;uscore=1.96;tscore=1.34;
contig_65	Prodigal_v2.6.3	CDS	8051	10330	195.3	-	0	ID=35_9;partial=00;start_type=ATG;rbs_motif=None;rbs_spacer=None;gc_cont=0.400;conf=99.99;score=195.27;cscore=201.21;sscore=-5.95;rscore=-9.56;uscore=0.00;tscore=2.49;
contig_65	Prodigal_v2.6.3	CDS	10345	10914	80.8	-	0	ID=35_10;partial=00;start_type=ATG;rbs_motif=GGAGG;rbs_spacer=5-10bp;gc_cont=0.400;conf=100.00;score=80.76;cscore=64.03;sscore=16.73;rscore=12.75;uscore=1.49;tscore=2.49;
contig_65	Prodigal_v2.6.3	CDS	11020	11646	82.3	-	0	ID=35_11;partial=00;start_type=GTG;rbs_motif=AGGA;rbs_spacer=5-10bp;gc_cont=0.384;conf=100.00;score=82.25;cscore=83.46;sscore=-1.20;rscore=4.23;uscore=-1.17;tscore=-3.61;
contig_65	Prodigal_v2.6.3	CDS	11926	12663	103.1	-	0	ID=35_12;partial=00;start_type=GTG;rbs_motif=GGAG/GAGG;rbs_spacer=5-10bp;gc_cont=0.415;conf=100.00;score=103.14;cscore=99.33;sscore=3.81;rscore=8.24;uscore=-2.10;tscore=-3.61;
contig_65	Prodigal_v2.6.3	CDS	12664	13008	76.5	-	0	ID=35_13;partial=00;start_type=ATG;rbs_motif=GGAG/GAGG;rbs_spacer=5-10bp;gc_cont=0.429;conf=100.00;score=76.49;cscore=61.80;sscore=14.69;rscore=8.24;uscore=2.67;tscore=2.49;
contig_65	Prodigal_v2.6.3	CDS	13005	13577	93.4	-	0	ID=35_14;partial=00;start_type=ATG;rbs_motif=GGAG/GAGG;rbs_spacer=5-10bp;gc_cont=0.391;conf=100.00;score=93.35;cscore=84.58;sscore=8.77;rscore=8.24;uscore=-1.96;tscore=2.49;
contig_65	Prodigal_v2.6.3	CDS	13546	14136	78.7	-	0	ID=35_15;partial=00;start_type=ATG;rbs_motif=GGA/GAG/AGG;rbs_spacer=5-10bp;gc_cont=0.426;conf=100.00;score=78.67;cscore=72.65;sscore=6.02;rscore=-0.45;uscore=2.81;tscore=2.49;
contig_65	Prodigal_v2.6.3	CDS	14146	14448	71.3	-	0	ID=35_16;partial=00;start_type=ATG;rbs_motif=AGGAGG;rbs_spacer=11-12bp;gc_cont=0.370;conf=100.00;score=71.35;cscore=56.59;sscore=14.76;rscore=10.68;uscore=0.38;tscore=2.49;
contig_65	Prodigal_v2.6.3	CDS	14454	15284	144.5	-	0	ID=35_17;partial=00;start_type=ATG;rbs_motif=GGAG/GAGG;rbs_spacer=5-10bp;gc_cont=0.421;conf=100.00;score=144.54;cscore=130.61;sscore=13.93;rscore=8.24;uscore=2.28;tscore=2.49;
contig_65	Prodigal_v2.6.3	CDS	15317	16420	184.9	-	0	ID=35_18;partial=00;start_type=ATG;rbs_motif=GGAGG;rbs_spacer=5-10bp;gc_cont=0.388;conf=99.99;score=184.90;cscore=166.50;sscore=18.40;rscore=12.75;uscore=1.86;tscore=2.49;
contig_65	Prodigal_v2.6.3	CDS	16417	16938	80.3	-	0	ID=35_19;partial=00;start_type=TTG;rbs_motif=GGA/GAG/AGG;rbs_spacer=5-10bp;gc_cont=0.377;conf=100.00;score=80.27;cscore=83.29;sscore=-3.01;rscore=-0.45;uscore=1.25;tscore=-4.70;
contig_65	Prodigal_v2.6.3	CDS	16975	17757	97.3	-	0	ID=35_20;partial=00;start_type=ATG;rbs_motif=GGA/GAG/AGG;rbs_spacer=11-12bp;gc_cont=0.361;conf=100.00;score=97.26;cscore=94.18;sscore=3.08;rscore=-0.79;uscore=2.04;tscore=2.49;
contig_65	Prodigal_v2.6.3	CDS	17852	18394	61.3	+	0	ID=35_21;partial=00;start_type=TTG;rbs_motif=AGGAG;rbs_spacer=5-10bp;gc_cont=0.385;conf=100.00;score=61.26;cscore=52.23;sscore=9.03;rscore=12.22;uscore=1.50;tscore=-4.70;
contig_65	Prodigal_v2.6.3	CDS	18481	19188	100.8	+	0	ID=35_22;partial=00;start_type=ATG;rbs_motif=AGGA/GGAG/GAGG;rbs_spacer=11-12bp;gc_cont=0.393;conf=100.00;score=100.78;cscore=91.99;sscore=8.79;rscore=3.18;uscore=3.13;tscore=2.49;
contig_65	Prodigal_v2.6.3	CDS	19312	19401	9.4	-	0	ID=35_23;partial=00;start_type=ATG;rbs_motif=GGAGG;rbs_spacer=5-10bp;gc_cont=0.344;conf=89.61;score=9.37;cscore=3.82;sscore=5.55;rscore=4.44;uscore=0.25;tscore=0.87;
contig_65	Prodigal_v2.6.3	CDS	19519	20211	136.1	-	0	ID=35_24;partial=00;start_type=ATG;rbs_motif=GGA/GAG/AGG;rbs_spacer=11-12bp;gc_cont=0.408;conf=100.00;score=136.06;cscore=129.57;sscore=6.49;rscore=-0.79;uscore=4.80;tscore=2.49;
contig_65	Prodigal_v2.6.3	CDS	20272	20931	122.6	-	0	ID=35_25;partial=00;start_type=ATG;rbs_motif=AGxAGG/AGGxGG;rbs_spacer=5-10bp;gc_cont=0.400;conf=100.00;score=122.63;cscore=109.75;sscore=12.88;rscore=9.68;uscore=0.72;tscore=2.49;
contig_65	Prodigal_v2.6.3	CDS	21075	21563	108.2	-	0	ID=35_26;partial=00;start_type=TTG;rbs_motif=AGGAG;rbs_spacer=5-10bp;gc_cont=0.372;conf=100.00;score=108.19;cscore=98.24;sscore=9.95;rscore=12.22;uscore=2.42;tscore=-4.70;
contig_65	Prodigal_v2.6.3	CDS	21739	22377	129.0	-	0	ID=35_27;partial=00;start_type=ATG;rbs_motif=AGGAG;rbs_spacer=5-10bp;gc_cont=0.369;conf=100.00;score=129.04;cscore=113.04;sscore=15.99;rscore=12.22;uscore=-0.96;tscore=2.49;
contig_65	Prodigal_v2.6.3	CDS	22377	23657	232.0	-	0	ID=35_28;partial=00;start_type=ATG;rbs_motif=AGGAGG;rbs_spacer=5-10bp;gc_cont=0.403;conf=99.99;score=231.96;cscore=214.37;sscore=17.59;rscore=13.75;uscore=0.23;tscore=2.49;
contig_65	Prodigal_v2.6.3	CDS	23672	24604	186.1	-	0	ID=35_29;partial=00;start_type=ATG;rbs_motif=GGAG/GAGG;rbs_spacer=5-10bp;gc_cont=0.375;conf=99.99;score=186.12;cscore=175.00;sscore=11.12;rscore=8.24;uscore=-0.82;tscore=2.49;
contig_65	Prodigal_v2.6.3	CDS	24610	25242	101.2	-	0	ID=35_30;partial=00;start_type=ATG;rbs_motif=GGAG/GAGG;rbs_spacer=5-10bp;gc_cont=0.390;conf=100.00;score=101.18;cscore=92.89;sscore=8.28;rscore=8.24;uscore=-1.79;tscore=2.49;
contig_65	Prodigal_v2.6.3	CDS	25529	26656	193.4	-	0	ID=35_31;partial=00;start_type=GTG;rbs_motif=AGxAGG/AGGxGG;rbs_spacer=5-10bp;gc_cont=0.363;conf=99.99;score=193.35;cscore=184.70;sscore=8.65;rscore=9.68;uscore=2.58;tscore=-3.61;
contig_65	Prodigal_v2.6.3	CDS	26806	27333	118.2	-	0	ID=35_32;partial=00;start_type=ATG;rbs_motif=AGGAGG;rbs_spacer=5-10bp;gc_cont=0.383;conf=100.00;score=118.25;cscore=100.82;sscore=17.42;rscore=13.75;uscore=1.84;tscore=2.49;
contig_65	Prodigal_v2.6.3	CDS	27676	27984	64.3	-	0	ID=35_33;partial=00;start_type=ATG;rbs_motif=GGAG/GAGG;rbs_spacer=5-10bp;gc_cont=0.398;conf=100.00;score=64.27;cscore=49.46;sscore=14.81;rscore=8.24;uscore=3.01;tscore=2.49;
contig_65	Prodigal_v2.6.3	CDS	28003	28419	82.7	-	0	ID=35_34;partial=00;start_type=ATG;rbs_motif=GGAG/GAGG;rbs_spacer=5-10bp;gc_cont=0.412;conf=100.00;score=82.71;cscore=66.51;sscore=16.20;rscore=8.24;uscore=4.23;tscore=2.49;
contig_65	Prodigal_v2.6.3	CDS	28422	28730	39.3	-	0	ID=35_35;partial=00;start_type=TTG;rbs_motif=GGAG/GAGG;rbs_spacer=5-10bp;gc_cont=0.379;conf=99.99;score=39.26;cscore=30.84;sscore=8.42;rscore=8.24;uscore=4.11;tscore=-4.70;
contig_65	Prodigal_v2.6.3	CDS	28777	29781	219.7	-	0	ID=35_36;partial=00;start_type=ATG;rbs_motif=3Base/5BMM;rbs_spacer=13-15bp;gc_cont=0.388;conf=99.99;score=219.74;cscore=223.92;sscore=-4.18;rscore=-6.44;uscore=-0.23;tscore=2.49;
contig_65	Prodigal_v2.6.3	CDS	29727	31436	329.2	-	0	ID=35_37;partial=00;start_type=ATG;rbs_motif=AGGAGG;rbs_spacer=5-10bp;gc_cont=0.397;conf=99.99;score=329.15;cscore=310.39;sscore=18.76;rscore=13.75;uscore=3.18;tscore=2.49;
contig_65	Prodigal_v2.6.3	CDS	31808	32773	130.1	-	0	ID=35_38;partial=00;start_type=ATG;rbs_motif=GGAG/GAGG;rbs_spacer=5-10bp;gc_cont=0.325;conf=100.00;score=130.15;cscore=120.78;sscore=9.37;rscore=8.24;uscore=-0.71;tscore=2.49;
contig_65	Prodigal_v2.6.3	CDS	33242	34675	193.8	-	0	ID=35_39;partial=00;start_type=ATG;rbs_motif=GGA/GAG/AGG;rbs_spacer=5-10bp;gc_cont=0.397;conf=99.99;score=193.77;cscore=190.04;sscore=3.73;rscore=-0.45;uscore=1.69;tscore=2.49;
contig_65	Prodigal_v2.6.3	CDS	34799	35113	55.3	-	0	ID=35_40;partial=00;start_type=ATG;rbs_motif=GGAG/GAGG;rbs_spacer=5-10bp;gc_cont=0.406;conf=100.00;score=55.29;cscore=45.56;sscore=9.72;rscore=8.24;uscore=-1.00;tscore=2.49;
contig_65	Prodigal_v2.6.3	CDS	35172	35399	10.0	-	0	ID=35_41;partial=00;start_type=TTG;rbs_motif=GGA/GAG/AGG;rbs_spacer=5-10bp;gc_cont=0.386;conf=90.79;score=9.96;cscore=18.48;sscore=-8.53;rscore=-0.50;uscore=-2.81;tscore=-5.22;
contig_65	Prodigal_v2.6.3	CDS	35368	37128	295.1	-	0	ID=35_42;partial=00;start_type=GTG;rbs_motif=None;rbs_spacer=None;gc_cont=0.407;conf=99.99;score=295.06;cscore=297.37;sscore=-2.31;rscore=-9.56;uscore=-0.42;tscore=-3.61;
contig_65	Prodigal_v2.6.3	CDS	37419	37634	13.3	+	0	ID=35_43;partial=00;start_type=TTG;rbs_motif=AGGA/GGAG/GAGG;rbs_spacer=11-12bp;gc_cont=0.394;conf=95.47;score=13.26;cscore=15.28;sscore=-2.02;rscore=2.71;uscore=0.78;tscore=-5.51;
contig_65	Prodigal_v2.6.3	CDS	37652	38188	59.9	+	0	ID=35_44;partial=00;start_type=TTG;rbs_motif=None;rbs_spacer=None;gc_cont=0.400;conf=100.00;score=59.91;cscore=74.51;sscore=-14.60;rscore=-9.56;uscore=-1.43;tscore=-4.70;
contig_65	Prodigal_v2.6.3	CDS	38185	38472	41.6	+	0	ID=35_45;partial=00;start_type=GTG;rbs_motif=AGxAGG/AGGxGG;rbs_spacer=5-10bp;gc_cont=0.288;conf=99.99;score=41.58;cscore=32.07;sscore=9.51;rscore=9.68;uscore=2.15;tscore=-3.61;
contig_65	Prodigal_v2.6.3	CDS	38859	39308	19.3	+	0	ID=35_46;partial=00;start_type=ATG;rbs_motif=AGxAGG/AGGxGG;rbs_spacer=5-10bp;gc_cont=0.349;conf=98.83;score=19.28;cscore=7.28;sscore=12.01;rscore=9.68;uscore=0.50;tscore=2.49;
contig_65	Prodigal_v2.6.3	CDS	39348	39758	34.7	+	0	ID=35_47;partial=00;start_type=GTG;rbs_motif=None;rbs_spacer=None;gc_cont=0.363;conf=99.97;score=34.70;cscore=46.53;sscore=-11.84;rscore=-9.56;uscore=0.48;tscore=-3.61;
contig_65	Prodigal_v2.6.3	CDS	39737	39985	11.5	+	0	ID=35_48;partial=00;start_type=ATG;rbs_motif=None;rbs_spacer=None;gc_cont=0.365;conf=93.36;score=11.50;cscore=18.50;sscore=-7.00;rscore=-9.71;uscore=0.27;tscore=2.45;
contig_65	Prodigal_v2.6.3	CDS	40180	40770	83.5	-	0	ID=35_49;partial=00;start_type=ATG;rbs_motif=GGA/GAG/AGG;rbs_spacer=5-10bp;gc_cont=0.364;conf=100.00;score=83.53;cscore=80.72;sscore=2.82;rscore=-0.45;uscore=-0.35;tscore=2.49;
contig_65	Prodigal_v2.6.3	CDS	40784	41545	121.8	-	0	ID=35_50;partial=00;start_type=ATG;rbs_motif=GGA/GAG/AGG;rbs_spacer=5-10bp;gc_cont=0.353;conf=100.00;score=121.78;cscore=116.94;sscore=4.83;rscore=-0.45;uscore=2.79;tscore=2.49;
contig_65	Prodigal_v2.6.3	CDS	41718	42377	127.8	-	0	ID=35_51;partial=00;start_type=ATG;rbs_motif=GGAG/GAGG;rbs_spacer=5-10bp;gc_cont=0.388;conf=100.00;score=127.77;cscore=118.66;sscore=9.11;rscore=8.24;uscore=-1.61;tscore=2.49;
contig_65	Prodigal_v2.6.3	CDS	42453	42797	38.8	-	0	ID=35_52;partial=00;start_type=GTG;rbs_motif=GGA/GAG/AGG;rbs_spacer=5-10bp;gc_cont=0.386;conf=99.99;score=38.77;cscore=47.14;sscore=-8.37;rscore=-0.45;uscore=-3.66;tscore=-3.61;
contig_65	Prodigal_v2.6.3	CDS	43385	43567	17.2	-	0	ID=35_53;partial=00;start_type=ATG;rbs_motif=GGA/GAG/AGG;rbs_spacer=5-10bp;gc_cont=0.432;conf=98.13;score=17.23;cscore=12.35;sscore=4.88;rscore=-0.62;uscore=3.71;tscore=1.79;
contig_65	Prodigal_v2.6.3	CDS	43646	44794	207.5	-	0	ID=35_54;partial=00;start_type=ATG;rbs_motif=AGGAG;rbs_spacer=5-10bp;gc_cont=0.412;conf=99.99;score=207.52;cscore=193.47;sscore=14.05;rscore=12.22;uscore=-0.00;tscore=2.49;
contig_65	Prodigal_v2.6.3	CDS	45070	45450	70.1	-	0	ID=35_55;partial=00;start_type=ATG;rbs_motif=None;rbs_spacer=None;gc_cont=0.402;conf=100.00;score=70.06;cscore=77.57;sscore=-7.51;rscore=-9.56;uscore=0.22;tscore=2.49;
contig_65	Prodigal_v2.6.3	CDS	45819	46481	52.0	+	0	ID=35_56;partial=00;start_type=TTG;rbs_motif=None;rbs_spacer=None;gc_cont=0.398;conf=100.00;score=52.02;cscore=66.86;sscore=-14.84;rscore=-9.56;uscore=-0.58;tscore=-4.70;
contig_65	Prodigal_v2.6.3	CDS	46442	46975	55.7	+	0	ID=35_57;partial=00;start_type=GTG;rbs_motif=None;rbs_spacer=None;gc_cont=0.440;conf=100.00;score=55.66;cscore=67.91;sscore=-12.24;rscore=-9.56;uscore=0.92;tscore=-3.61;
contig_65	Prodigal_v2.6.3	CDS	47057	47773	77.4	-	0	ID=35_58;partial=00;start_type=ATG;rbs_motif=AGxAGG/AGGxGG;rbs_spacer=5-10bp;gc_cont=0.357;conf=100.00;score=77.44;cscore=64.30;sscore=13.15;rscore=9.68;uscore=1.63;tscore=2.49;
contig_65	Prodigal_v2.6.3	CDS	48064	48582	74.1	-	0	ID=35_59;partial=00;start_type=ATG;rbs_motif=GGAG/GAGG;rbs_spacer=5-10bp;gc_cont=0.337;conf=100.00;score=74.08;cscore=63.19;sscore=10.89;rscore=8.24;uscore=0.82;tscore=2.49;
contig_65	Prodigal_v2.6.3	CDS	48792	49178	58.8	-	0	ID=35_60;partial=00;start_type=ATG;rbs_motif=AGGAGG;rbs_spacer=5-10bp;gc_cont=0.310;conf=100.00;score=58.83;cscore=39.32;sscore=19.51;rscore=13.75;uscore=3.27;tscore=2.49;
contig_65	Prodigal_v2.6.3	CDS	49320	50081	134.2	-	0	ID=35_61;partial=00;start_type=ATG;rbs_motif=GGAG/GAGG;rbs_spacer=5-10bp;gc_cont=0.395;conf=100.00;score=134.18;cscore=120.67;sscore=13.51;rscore=8.24;uscore=3.43;tscore=2.49;
contig_65	Prodigal_v2.6.3	CDS	50382	50582	18.7	-	0	ID=35_62;partial=00;start_type=GTG;rbs_motif=GGAG/GAGG;rbs_spacer=5-10bp;gc_cont=0.363;conf=98.67;score=18.75;cscore=15.85;sscore=2.90;rscore=6.53;uscore=0.17;tscore=-4.56;
contig_65	Prodigal_v2.6.3	CDS	50630	51466	112.1	-	0	ID=35_63;partial=00;start_type=GTG;rbs_motif=GGAGG;rbs_spacer=5-10bp;gc_cont=0.386;conf=100.00;score=112.05;cscore=100.71;sscore=11.35;rscore=12.75;uscore=2.85;tscore=-3.61;
contig_65	Prodigal_v2.6.3	CDS	51684	52697	92.1	-	0	ID=35_64;partial=00;start_type=TTG;rbs_motif=GGA/GAG/AGG;rbs_spacer=3-4bp;gc_cont=0.380;conf=100.00;score=92.05;cscore=105.92;sscore=-13.86;rscore=-7.91;uscore=-2.41;tscore=-4.70;
contig_65	Prodigal_v2.6.3	CDS	52681	52818	10.9	-	0	ID=35_65;partial=00;start_type=GTG;rbs_motif=GGAG/GAGG;rbs_spacer=5-10bp;gc_cont=0.413;conf=92.48;score=10.92;cscore=11.03;sscore=-0.11;rscore=4.45;uscore=2.12;tscore=-6.68;
contig_65	Prodigal_v2.6.3	CDS	52910	53185	53.9	-	0	ID=35_66;partial=00;start_type=ATG;rbs_motif=AGxAGG/AGGxGG;rbs_spacer=11-12bp;gc_cont=0.384;conf=100.00;score=53.90;cscore=41.63;sscore=12.27;rscore=6.48;uscore=2.23;tscore=2.49;
contig_65	Prodigal_v2.6.3	CDS	53204	53515	59.2	-	0	ID=35_67;partial=00;start_type=ATG;rbs_motif=AGGAG;rbs_spacer=5-10bp;gc_cont=0.388;conf=100.00;score=59.15;cscore=42.07;sscore=17.08;rscore=12.22;uscore=3.03;tscore=2.49;
contig_65	Prodigal_v2.6.3	CDS	53734	54915	124.0	-	0	ID=35_68;partial=00;start_type=ATG;rbs_motif=GGA/GAG/AGG;rbs_spacer=5-10bp;gc_cont=0.385;conf=100.00;score=124.00;cscore=119.65;sscore=4.35;rscore=-0.45;uscore=2.31;tscore=2.49;
contig_65	Prodigal_v2.6.3	CDS	55003	55281	57.1	-	0	ID=35_69;partial=00;start_type=ATG;rbs_motif=GGAGG;rbs_spacer=5-10bp;gc_cont=0.362;conf=100.00;score=57.06;cscore=37.89;sscore=19.16;rscore=12.75;uscore=2.63;tscore=2.49;
contig_65	Prodigal_v2.6.3	CDS	55278	56018	74.2	-	0	ID=35_70;partial=00;start_type=ATG;rbs_motif=GGA/GAG/AGG;rbs_spacer=5-10bp;gc_cont=0.387;conf=100.00;score=74.18;cscore=69.57;sscore=4.62;rscore=-0.45;uscore=1.35;tscore=2.49;
contig_65	Prodigal_v2.6.3	CDS	56023	56787	89.8	-	0	ID=35_71;partial=00;start_type=TTG;rbs_motif=GGAG/GAGG;rbs_spacer=5-10bp;gc_cont=0.365;conf=100.00;score=89.82;cscore=86.23;sscore=3.58;rscore=8.24;uscore=0.69;tscore=-4.70;
contig_65	Prodigal_v2.6.3	CDS	57635	59404	361.1	-	0	ID=35_72;partial=00;start_type=ATG;rbs_motif=GGAGG;rbs_spacer=5-10bp;gc_cont=0.404;conf=99.99;score=361.09;cscore=346.01;sscore=15.08;rscore=12.75;uscore=-0.16;tscore=2.49;
contig_65	Prodigal_v2.6.3	CDS	59470	60738	263.6	-	0	ID=35_73;partial=00;start_type=ATG;rbs_motif=AGGAGG;rbs_spacer=5-10bp;gc_cont=0.412;conf=99.99;score=263.65;cscore=248.05;sscore=15.59;rscore=13.75;uscore=0.01;tscore=2.49;
contig_65	Prodigal_v2.6.3	CDS	61377	62963	234.4	+	0	ID=35_74;partial=00;start_type=ATG;rbs_motif=AGGAGG;rbs_spacer=5-10bp;gc_cont=0.404;conf=99.99;score=234.44;cscore=215.40;sscore=19.05;rscore=13.75;uscore=2.81;tscore=2.49;
contig_65	Prodigal_v2.6.3	CDS	63010	64416	253.4	-	0	ID=35_75;partial=00;start_type=ATG;rbs_motif=AGGAG;rbs_spacer=5-10bp;gc_cont=0.392;conf=99.99;score=253.36;cscore=236.72;sscore=16.63;rscore=12.22;uscore=2.58;tscore=2.49;
contig_65	Prodigal_v2.6.3	CDS	65039	65254	32.8	-	0	ID=35_76;partial=00;start_type=ATG;rbs_motif=AGGAG;rbs_spacer=5-10bp;gc_cont=0.347;conf=99.95;score=32.78;cscore=17.22;sscore=15.56;rscore=10.41;uscore=3.03;tscore=2.12;
contig_65	Prodigal_v2.6.3	CDS	65326	65766	71.2	-	0	ID=35_77;partial=00;start_type=ATG;rbs_motif=None;rbs_spacer=None;gc_cont=0.422;conf=100.00;score=71.22;cscore=74.23;sscore=-3.02;rscore=-9.56;uscore=3.13;tscore=2.49;
contig_65	Prodigal_v2.6.3	CDS	65799	67994	384.7	-	0	ID=35_78;partial=00;start_type=ATG;rbs_motif=AGxAGG/AGGxGG;rbs_spacer=5-10bp;gc_cont=0.385;conf=99.99;score=384.65;cscore=372.97;sscore=11.68;rscore=9.68;uscore=0.17;tscore=2.49;
contig_65	Prodigal_v2.6.3	CDS	68200	69114	224.7	-	0	ID=35_79;partial=00;start_type=ATG;rbs_motif=GGAGG;rbs_spacer=5-10bp;gc_cont=0.388;conf=99.99;score=224.74;cscore=204.27;sscore=20.47;rscore=12.75;uscore=4.00;tscore=2.49;
contig_65	Prodigal_v2.6.3	CDS	69119	70210	166.1	-	0	ID=35_80;partial=00;start_type=ATG;rbs_motif=GGA/GAG/AGG;rbs_spacer=5-10bp;gc_cont=0.411;conf=100.00;score=166.06;cscore=158.43;sscore=7.63;rscore=-0.45;uscore=5.59;tscore=2.49;
contig_65	Prodigal_v2.6.3	CDS	70324	71574	129.8	-	0	ID=35_81;partial=00;start_type=GTG;rbs_motif=AGxAGG/AGGxGG;rbs_spacer=5-10bp;gc_cont=0.377;conf=100.00;score=129.77;cscore=121.49;sscore=8.28;rscore=9.68;uscore=2.87;tscore=-3.61;
contig_65	Prodigal_v2.6.3	CDS	71759	72217	65.0	+	0	ID=35_82;partial=00;start_type=ATG;rbs_motif=AGGAG;rbs_spacer=5-10bp;gc_cont=0.342;conf=100.00;score=64.99;cscore=52.09;sscore=12.90;rscore=12.22;uscore=-1.81;tscore=2.49;
contig_65	Prodigal_v2.6.3	CDS	72257	72769	118.5	-	0	ID=35_83;partial=00;start_type=ATG;rbs_motif=AGGAGG;rbs_spacer=5-10bp;gc_cont=0.392;conf=100.00;score=118.54;cscore=102.07;sscore=16.46;rscore=13.75;uscore=-0.80;tscore=2.49;
contig_65	Prodigal_v2.6.3	CDS	72793	73155	22.7	-	0	ID=35_84;partial=00;start_type=ATG;rbs_motif=None;rbs_spacer=None;gc_cont=0.399;conf=99.46;score=22.71;cscore=31.64;sscore=-8.93;rscore=-9.56;uscore=-3.11;tscore=2.49;
contig_65	Prodigal_v2.6.3	CDS	73148	75124	322.4	-	0	ID=35_85;partial=00;start_type=ATG;rbs_motif=AGGA;rbs_spacer=5-10bp;gc_cont=0.427;conf=99.99;score=322.43;cscore=316.76;sscore=5.66;rscore=4.23;uscore=-1.05;tscore=2.49;
contig_65	Prodigal_v2.6.3	CDS	75266	76057	143.6	-	0	ID=35_86;partial=00;start_type=ATG;rbs_motif=AGGAGG;rbs_spacer=5-10bp;gc_cont=0.442;conf=100.00;score=143.55;cscore=126.02;sscore=17.53;rscore=13.75;uscore=-1.26;tscore=2.49;
contig_65	Prodigal_v2.6.3	CDS	76054	77265	229.0	-	0	ID=35_87;partial=00;start_type=ATG;rbs_motif=AGxAGG/AGGxGG;rbs_spacer=5-10bp;gc_cont=0.431;conf=99.99;score=228.97;cscore=213.73;sscore=15.24;rscore=9.68;uscore=1.79;tscore=2.49;
contig_65	Prodigal_v2.6.3	CDS	77265	77879	114.0	-	0	ID=35_88;partial=00;start_type=ATG;rbs_motif=AGxAGG/AGGxGG;rbs_spacer=5-10bp;gc_cont=0.433;conf=100.00;score=113.96;cscore=98.91;sscore=15.05;rscore=9.68;uscore=1.59;tscore=2.49;
contig_65	Prodigal_v2.6.3	CDS	77876	78667	144.8	-	0	ID=35_89;partial=00;start_type=ATG;rbs_motif=GGAGG;rbs_spacer=5-10bp;gc_cont=0.444;conf=100.00;score=144.82;cscore=124.20;sscore=20.62;rscore=12.75;uscore=4.09;tscore=2.49;
contig_65	Prodigal_v2.6.3	CDS	78667	79695	179.9	-	0	ID=35_90;partial=00;start_type=ATG;rbs_motif=GGxGG;rbs_spacer=5-10bp;gc_cont=0.420;conf=99.99;score=179.95;cscore=169.41;sscore=10.54;rscore=6.77;uscore=-1.23;tscore=2.49;
contig_65	Prodigal_v2.6.3	CDS	79695	81023	170.8	-	0	ID=35_91;partial=00;start_type=ATG;rbs_motif=AGGAG;rbs_spacer=5-10bp;gc_cont=0.394;conf=100.00;score=170.81;cscore=153.50;sscore=17.31;rscore=12.22;uscore=3.25;tscore=2.49;
contig_65	Prodigal_v2.6.3	CDS	81685	83373	289.6	+	0	ID=35_92;partial=00;start_type=ATG;rbs_motif=AGxAGG/AGGxGG;rbs_spacer=5-10bp;gc_cont=0.375;conf=99.99;score=289.57;cscore=275.42;sscore=14.15;rscore=9.68;uscore=1.98;tscore=2.49;
contig_65	Prodigal_v2.6.3	CDS	83480	84970	238.9	-	0	ID=35_93;partial=01;start_type=Edge;rbs_motif=None;rbs_spacer=None;gc_cont=0.370;conf=99.99;score=238.87;cscore=235.65;sscore=3.22;rscore=0.00;uscore=0.00;tscore=3.22;
# Sequence Data: seqnum=36;seqlen=197864;seqhdr="contig_10"
# Model Data: version=Prodigal.v2.6.3;run_type=Single;model="Ab initio";gc_cont=37.70;transl_table=11;uses_sd=1
contig_10	Prodigal_v2.6.3	CDS	1	489	18.9	+	0	ID=36_1;partial=10;start_type=Edge;rbs_motif=None;rbs_spacer=None;gc_cont=0.348;conf=98.73;score=18.94;cscore=15.72;sscore=3.22;rscore=0.00;uscore=0.00;tscore=3.22;
contig_10	Prodigal_v2.6.3	CDS	445	1542	68.7	-	0	ID=36_2;partial=00;start_type=ATG;rbs_motif=None;rbs_spacer=None;gc_cont=0.355;conf=100.00;score=68.73;cscore=76.54;sscore=-7.81;rscore=-9.56;uscore=-0.09;tscore=2.49;
contig_10	Prodigal_v2.6.3	CDS	1733	1954	10.1	-	0	ID=36_3;partial=00;start_type=ATG;rbs_motif=AGGAG;rbs_spacer=5-10bp;gc_cont=0.302;conf=91.01;score=10.07;cscore=-1.94;sscore=12.01;rscore=10.71;uscore=-1.55;tscore=2.18;
contig_10	Prodigal_v2.6.3	CDS	1964	2683	76.0	-	0	ID=36_4;partial=00;start_type=ATG;rbs_motif=AGGAG/GGAGG;rbs_spacer=11-12bp;gc_cont=0.360;conf=100.00;score=75.98;cscore=61.35;sscore=14.63;rscore=9.05;uscore=2.17;tscore=2.49;
contig_10	Prodigal_v2.6.3	CDS	2716	3414	44.7	-	0	ID=36_5;partial=00;start_type=ATG;rbs_motif=AGGAGG;rbs_spacer=11-12bp;gc_cont=0.335;conf=100.00;score=44.72;cscore=28.49;sscore=16.23;rscore=10.68;uscore=1.99;tscore=2.49;
contig_10	Prodigal_v2.6.3	CDS	3433	4305	88.3	-	0	ID=36_6;partial=00;start_type=ATG;rbs_motif=GGA/GAG/AGG;rbs_spacer=5-10bp;gc_cont=0.344;conf=100.00;score=88.32;cscore=83.53;sscore=4.80;rscore=-0.45;uscore=2.76;tscore=2.49;
contig_10	Prodigal_v2.6.3	CDS	4465	5481	128.2	-	0	ID=36_7;partial=00;start_type=ATG;rbs_motif=GGAGG;rbs_spacer=5-10bp;gc_cont=0.372;conf=100.00;score=128.16;cscore=111.59;sscore=16.57;rscore=12.75;uscore=0.04;tscore=2.49;
contig_10	Prodigal_v2.6.3	CDS	5478	6206	124.7	-	0	ID=36_8;partial=00;start_type=ATG;rbs_motif=AGGAG;rbs_spacer=5-10bp;gc_cont=0.384;conf=100.00;score=124.66;cscore=109.23;sscore=15.43;rscore=12.22;uscore=1.37;tscore=2.49;
contig_10	Prodigal_v2.6.3	CDS	6323	6679	42.9	+	0	ID=36_9;partial=00;start_type=GTG;rbs_motif=GGAGG;rbs_spacer=5-10bp;gc_cont=0.381;conf=99.99;score=42.88;cscore=32.68;sscore=10.20;rscore=12.75;uscore=1.05;tscore=-3.61;
contig_10	Prodigal_v2.6.3	CDS	6651	6920	15.7	+	0	ID=36_10;partial=00;start_type=ATG;rbs_motif=None;rbs_spacer=None;gc_cont=0.393;conf=97.39;score=15.74;cscore=20.87;sscore=-5.13;rscore=-9.56;uscore=1.95;tscore=2.49;
contig_10	Prodigal_v2.6.3	CDS	6961	7758	69.4	-	0	ID=36_11;partial=00;start_type=ATG;rbs_motif=GGAGG;rbs_spacer=5-10bp;gc_cont=0.356;conf=100.00;score=69.44;cscore=50.49;sscore=18.95;rscore=12.75;uscore=2.46;tscore=2.49;
contig_10	Prodigal_v2.6.3	CDS	7761	8642	116.2	-	0	ID=36_12;partial=00;start_type=ATG;rbs_motif=GGA/GAG/AGG;rbs_spacer=5-10bp;gc_cont=0.361;conf=100.00;score=116.21;cscore=109.56;sscore=6.65;rscore=-0.45;uscore=3.56;tscore=2.49;
contig_10	Prodigal_v2.6.3	CDS	8664	9299	81.6	-	0	ID=36_13;partial=00;start_type=TTG;rbs_motif=AGGAG;rbs_spacer=5-10bp;gc_cont=0.318;conf=100.00;score=81.62;cscore=70.67;sscore=10.95;rscore=12.22;uscore=3.43;tscore=-4.70;
contig_10	Prodigal_v2.6.3	CDS	9437	10351	108.4	-	0	ID=36_14;partial=00;start_type=GTG;rbs_motif=GGA/GAG/AGG;rbs_spacer=5-10bp;gc_cont=0.356;conf=100.00;score=108.43;cscore=112.39;sscore=-3.96;rscore=-0.45;uscore=0.10;tscore=-3.61;
contig_10	Prodigal_v2.6.3	CDS	10622	10987	11.0	+	0	ID=36_15;partial=00;start_type=ATG;rbs_motif=GGAGG;rbs_spacer=5-10bp;gc_cont=0.303;conf=92.66;score=11.03;cscore=-6.65;sscore=17.68;rscore=12.75;uscore=2.94;tscore=2.49;
contig_10	Prodigal_v2.6.3	CDS	11447	12019	35.0	+	0	ID=36_16;partial=00;start_type=ATG;rbs_motif=AGGAG;rbs_spacer=5-10bp;gc_cont=0.361;conf=99.97;score=35.04;cscore=19.05;sscore=15.98;rscore=12.22;uscore=1.93;tscore=2.49;
contig_10	Prodigal_v2.6.3	CDS	12019	12606	59.9	+	0	ID=36_17;partial=00;start_type=ATG;rbs_motif=GGAG/GAGG;rbs_spacer=5-10bp;gc_cont=0.320;conf=100.00;score=59.90;cscore=47.89;sscore=12.01;rscore=8.24;uscore=-0.13;tscore=2.49;
contig_10	Prodigal_v2.6.3	CDS	12660	13361	106.5	+	0	ID=36_18;partial=00;start_type=ATG;rbs_motif=GGxGG;rbs_spacer=5-10bp;gc_cont=0.355;conf=100.00;score=106.53;cscore=94.95;sscore=11.58;rscore=6.77;uscore=1.63;tscore=2.49;
contig_10	Prodigal_v2.6.3	CDS	13345	14856	209.3	+	0	ID=36_19;partial=00;start_type=TTG;rbs_motif=AGxAGG/AGGxGG;rbs_spacer=5-10bp;gc_cont=0.353;conf=99.99;score=209.35;cscore=201.44;sscore=7.91;rscore=9.68;uscore=1.77;tscore=-4.70;
contig_10	Prodigal_v2.6.3	CDS	14861	15166	32.5	-	0	ID=36_20;partial=00;start_type=ATG;rbs_motif=GGAG/GAGG;rbs_spacer=5-10bp;gc_cont=0.366;conf=99.94;score=32.46;cscore=25.40;sscore=7.06;rscore=8.24;uscore=-3.01;tscore=2.49;
contig_10	Prodigal_v2.6.3	CDS	15416	17047	250.7	+	0	ID=36_21;partial=00;start_type=TTG;rbs_motif=AGGA;rbs_spacer=5-10bp;gc_cont=0.372;conf=99.99;score=250.72;cscore=248.64;sscore=2.08;rscore=4.23;uscore=2.55;tscore=-4.70;
contig_10	Prodigal_v2.6.3	CDS	17175	18053	115.1	-	0	ID=36_22;partial=00;start_type=ATG;rbs_motif=GGAG/GAGG;rbs_spacer=5-10bp;gc_cont=0.386;conf=100.00;score=115.07;cscore=100.35;sscore=14.73;rscore=8.24;uscore=4.65;tscore=2.49;
contig_10	Prodigal_v2.6.3	CDS	18154	19317	142.9	+	0	ID=36_23;partial=00;start_type=ATG;rbs_motif=AGGAG;rbs_spacer=5-10bp;gc_cont=0.396;conf=100.00;score=142.87;cscore=125.43;sscore=17.44;rscore=12.22;uscore=2.73;tscore=2.49;
contig_10	Prodigal_v2.6.3	CDS	19359	20219	151.5	-	0	ID=36_24;partial=00;start_type=ATG;rbs_motif=GGAG/GAGG;rbs_spacer=5-10bp;gc_cont=0.390;conf=100.00;score=151.49;cscore=138.94;sscore=12.56;rscore=8.24;uscore=0.91;tscore=2.49;
contig_10	Prodigal_v2.6.3	CDS	20252	20791	82.2	-	0	ID=36_25;partial=00;start_type=ATG;rbs_motif=AGGAGG;rbs_spacer=5-10bp;gc_cont=0.307;conf=100.00;score=82.17;cscore=69.74;sscore=12.43;rscore=13.75;uscore=-3.16;tscore=2.49;
contig_10	Prodigal_v2.6.3	CDS	20975	21226	26.3	+	0	ID=36_26;partial=00;start_type=ATG;rbs_motif=AGxAGG/AGGxGG;rbs_spacer=5-10bp;gc_cont=0.310;conf=99.77;score=26.35;cscore=10.64;sscore=15.71;rscore=9.64;uscore=3.60;tscore=2.48;
contig_10	Prodigal_v2.6.3	CDS	21198	22112	120.0	+	0	ID=36_27;partial=00;start_type=ATG;rbs_motif=GGA/GAG/AGG;rbs_spacer=5-10bp;gc_cont=0.358;conf=100.00;score=119.96;cscore=120.10;sscore=-0.14;rscore=-0.45;uscore=-2.18;tscore=2.49;
contig_10	Prodigal_v2.6.3	CDS	22119	22898	77.9	+	0	ID=36_28;partial=00;start_type=GTG;rbs_motif=GGxGG;rbs_spacer=11-12bp;gc_cont=0.341;conf=100.00;score=77.91;cscore=75.92;sscore=1.99;rscore=0.56;uscore=3.83;tscore=-3.61;
contig_10	Prodigal_v2.6.3	CDS	22920	23318	37.6	+	0	ID=36_29;partial=00;start_type=ATG;rbs_motif=AGGA/GGAG/GAGG;rbs_spacer=11-12bp;gc_cont=0.348;conf=99.98;score=37.55;cscore=26.54;sscore=11.01;rscore=3.18;uscore=4.30;tscore=2.49;
contig_10	Prodigal_v2.6.3	CDS	23349	24746	198.7	-	0	ID=36_30;partial=00;start_type=ATG;rbs_motif=AGxAGG/AGGxGG;rbs_spacer=5-10bp;gc_cont=0.426;conf=99.99;score=198.65;cscore=186.83;sscore=11.82;rscore=9.68;uscore=0.31;tscore=2.49;
contig_10	Prodigal_v2.6.3	CDS	25037	25642	70.9	+	0	ID=36_31;partial=00;start_type=ATG;rbs_motif=GGAGG;rbs_spacer=5-10bp;gc_cont=0.333;conf=100.00;score=70.93;cscore=52.80;sscore=18.13;rscore=12.75;uscore=2.89;tscore=2.49;
contig_10	Prodigal_v2.6.3	CDS	25734	26711	113.0	+	0	ID=36_32;partial=00;start_type=TTG;rbs_motif=AGGAG;rbs_spacer=5-10bp;gc_cont=0.291;conf=100.00;score=113.05;cscore=101.47;sscore=11.58;rscore=12.22;uscore=4.05;tscore=-4.70;
contig_10	Prodigal_v2.6.3	CDS	27271	27909	88.0	+	0	ID=36_33;partial=00;start_type=ATG;rbs_motif=GGAG/GAGG;rbs_spacer=5-10bp;gc_cont=0.324;conf=100.00;score=87.97;cscore=74.66;sscore=13.31;rscore=8.24;uscore=3.24;tscore=2.49;
contig_10	Prodigal_v2.6.3	CDS	27929	28978	204.6	+	0	ID=36_34;partial=00;start_type=ATG;rbs_motif=GGxGG;rbs_spacer=5-10bp;gc_cont=0.382;conf=99.99;score=204.59;cscore=191.33;sscore=13.25;rscore=6.77;uscore=2.93;tscore=2.49;
contig_10	Prodigal_v2.6.3	CDS	29098	29568	55.2	-	0	ID=36_35;partial=00;start_type=TTG;rbs_motif=AGGAGG;rbs_spacer=5-10bp;gc_cont=0.359;conf=100.00;score=55.20;cscore=42.98;sscore=12.22;rscore=13.75;uscore=3.82;tscore=-4.70;
contig_10	Prodigal_v2.6.3	CDS	30000	31418	135.7	-	0	ID=36_36;partial=00;start_type=GTG;rbs_motif=AGGAGG;rbs_spacer=5-10bp;gc_cont=0.377;conf=100.00;score=135.67;cscore=125.41;sscore=10.26;rscore=13.75;uscore=0.77;tscore=-3.61;
contig_10	Prodigal_v2.6.3	CDS	31532	32455	104.3	+	0	ID=36_37;partial=00;start_type=ATG;rbs_motif=AGGAGG;rbs_spacer=5-10bp;gc_cont=0.354;conf=100.00;score=104.25;cscore=85.21;sscore=19.04;rscore=13.75;uscore=2.80;tscore=2.49;
contig_10	Prodigal_v2.6.3	CDS	32485	32847	29.7	+	0	ID=36_38;partial=00;start_type=ATG;rbs_motif=GGA/GAG/AGG;rbs_spacer=5-10bp;gc_cont=0.399;conf=99.89;score=29.73;cscore=23.12;sscore=6.60;rscore=-0.45;uscore=3.61;tscore=2.49;
contig_10	Prodigal_v2.6.3	CDS	32844	33137	18.2	+	0	ID=36_39;partial=00;start_type=TTG;rbs_motif=GGA/GAG/AGG;rbs_spacer=5-10bp;gc_cont=0.391;conf=98.49;score=18.17;cscore=21.57;sscore=-3.40;rscore=-0.45;uscore=-0.55;tscore=-4.70;
contig_10	Prodigal_v2.6.3	CDS	33365	33574	17.9	+	0	ID=36_40;partial=00;start_type=ATG;rbs_motif=GGAGG;rbs_spacer=5-10bp;gc_cont=0.319;conf=98.39;score=17.89;cscore=6.17;sscore=11.72;rscore=10.56;uscore=-0.25;tscore=2.06;
contig_10	Prodigal_v2.6.3	CDS	33959	34891	71.8	+	0	ID=36_41;partial=00;start_type=ATG;rbs_motif=3Base/5BMM;rbs_spacer=13-15bp;gc_cont=0.360;conf=100.00;score=71.79;cscore=74.51;sscore=-2.72;rscore=-6.44;uscore=1.88;tscore=2.49;
contig_10	Prodigal_v2.6.3	CDS	35101	36105	110.7	+	0	ID=36_42;partial=00;start_type=GTG;rbs_motif=GGA/GAG/AGG;rbs_spacer=5-10bp;gc_cont=0.353;conf=100.00;score=110.75;cscore=113.02;sscore=-2.27;rscore=-0.45;uscore=2.44;tscore=-3.61;
contig_10	Prodigal_v2.6.3	CDS	36294	36914	71.1	-	0	ID=36_43;partial=00;start_type=ATG;rbs_motif=GGAGG;rbs_spacer=5-10bp;gc_cont=0.341;conf=100.00;score=71.07;cscore=55.78;sscore=15.29;rscore=12.75;uscore=0.70;tscore=2.49;
contig_10	Prodigal_v2.6.3	CDS	37454	38281	76.1	+	0	ID=36_44;partial=00;start_type=ATG;rbs_motif=GGAG/GAGG;rbs_spacer=5-10bp;gc_cont=0.353;conf=100.00;score=76.12;cscore=62.50;sscore=13.62;rscore=8.24;uscore=2.89;tscore=2.49;
contig_10	Prodigal_v2.6.3	CDS	38364	39098	115.0	+	0	ID=36_45;partial=00;start_type=ATG;rbs_motif=GGAGG;rbs_spacer=5-10bp;gc_cont=0.373;conf=100.00;score=115.02;cscore=99.20;sscore=15.83;rscore=12.75;uscore=0.59;tscore=2.49;
contig_10	Prodigal_v2.6.3	CDS	39196	39351	13.0	+	0	ID=36_46;partial=00;start_type=ATG;rbs_motif=AGGA;rbs_spacer=5-10bp;gc_cont=0.333;conf=95.17;score=12.97;cscore=10.17;sscore=2.80;rscore=2.59;uscore=-1.31;tscore=1.52;
contig_10	Prodigal_v2.6.3	CDS	39393	39704	47.8	+	0	ID=36_47;partial=00;start_type=ATG;rbs_motif=AGGAG;rbs_spacer=5-10bp;gc_cont=0.394;conf=100.00;score=47.83;cscore=29.34;sscore=18.49;rscore=12.22;uscore=2.95;tscore=2.49;
contig_10	Prodigal_v2.6.3	CDS	39798	40538	124.8	-	0	ID=36_48;partial=00;start_type=ATG;rbs_motif=GGAGG;rbs_spacer=5-10bp;gc_cont=0.370;conf=100.00;score=124.75;cscore=108.37;sscore=16.39;rscore=12.75;uscore=1.80;tscore=2.49;
contig_10	Prodigal_v2.6.3	CDS	40672	41208	58.3	+	0	ID=36_49;partial=00;start_type=ATG;rbs_motif=AGGAG;rbs_spacer=5-10bp;gc_cont=0.339;conf=100.00;score=58.33;cscore=42.44;sscore=15.89;rscore=12.22;uscore=1.19;tscore=2.49;
contig_10	Prodigal_v2.6.3	CDS	41885	44356	484.2	+	0	ID=36_50;partial=00;start_type=ATG;rbs_motif=GGAGG;rbs_spacer=5-10bp;gc_cont=0.360;conf=99.99;score=484.23;cscore=469.03;sscore=15.20;rscore=12.75;uscore=0.61;tscore=2.49;
contig_10	Prodigal_v2.6.3	CDS	45259	46221	79.5	-	0	ID=36_51;partial=00;start_type=ATG;rbs_motif=GGAG/GAGG;rbs_spacer=5-10bp;gc_cont=0.303;conf=100.00;score=79.48;cscore=69.49;sscore=9.99;rscore=8.24;uscore=-0.08;tscore=2.49;
contig_10	Prodigal_v2.6.3	CDS	46510	47502	171.7	-	0	ID=36_52;partial=00;start_type=ATG;rbs_motif=AGxAGG/AGGxGG;rbs_spacer=5-10bp;gc_cont=0.394;conf=100.00;score=171.66;cscore=157.80;sscore=13.86;rscore=9.68;uscore=2.35;tscore=2.49;
contig_10	Prodigal_v2.6.3	CDS	47592	47795	11.3	+	0	ID=36_53;partial=00;start_type=ATG;rbs_motif=3Base/5BMM;rbs_spacer=13-15bp;gc_cont=0.348;conf=93.00;score=11.25;cscore=16.83;sscore=-5.58;rscore=-8.01;uscore=0.43;tscore=2.00;
contig_10	Prodigal_v2.6.3	CDS	48591	49496	171.1	+	0	ID=36_54;partial=00;start_type=ATG;rbs_motif=AGGAG;rbs_spacer=5-10bp;gc_cont=0.390;conf=100.00;score=171.15;cscore=154.74;sscore=16.41;rscore=12.22;uscore=2.35;tscore=2.49;
contig_10	Prodigal_v2.6.3	CDS	49822	51195	172.7	+	0	ID=36_55;partial=00;start_type=ATG;rbs_motif=None;rbs_spacer=None;gc_cont=0.393;conf=100.00;score=172.67;cscore=174.97;sscore=-2.30;rscore=-9.56;uscore=5.42;tscore=2.49;
contig_10	Prodigal_v2.6.3	CDS	51399	52199	56.2	+	0	ID=36_56;partial=00;start_type=ATG;rbs_motif=GGAG/GAGG;rbs_spacer=5-10bp;gc_cont=0.337;conf=100.00;score=56.15;cscore=45.65;sscore=10.50;rscore=8.24;uscore=0.43;tscore=2.49;
contig_10	Prodigal_v2.6.3	CDS	52359	52946	71.4	+	0	ID=36_57;partial=00;start_type=ATG;rbs_motif=AGxAGG/AGGxGG;rbs_spacer=5-10bp;gc_cont=0.333;conf=100.00;score=71.40;cscore=58.77;sscore=12.62;rscore=9.68;uscore=0.46;tscore=2.49;
contig_10	Prodigal_v2.6.3	CDS	53173	53859	74.4	+	0	ID=36_58;partial=00;start_type=TTG;rbs_motif=AGGAG/GGAGG;rbs_spacer=11-12bp;gc_cont=0.357;conf=100.00;score=74.36;cscore=68.07;sscore=6.29;rscore=9.05;uscore=2.58;tscore=-4.70;
contig_10	Prodigal_v2.6.3	CDS	53849	54976	129.0	+	0	ID=36_59;partial=00;start_type=TTG;rbs_motif=AGGA/GGAG/GAGG;rbs_spacer=11-12bp;gc_cont=0.343;conf=100.00;score=128.96;cscore=127.62;sscore=1.34;rscore=3.18;uscore=1.64;tscore=-4.70;
contig_10	Prodigal_v2.6.3	CDS	55065	55982	131.6	+	0	ID=36_60;partial=00;start_type=ATG;rbs_motif=AGGAG;rbs_spacer=5-10bp;gc_cont=0.378;conf=100.00;score=131.55;cscore=112.26;sscore=19.29;rscore=12.22;uscore=4.58;tscore=2.49;
contig_10	Prodigal_v2.6.3	CDS	56203	56598	72.7	+	0	ID=36_61;partial=00;start_type=ATG;rbs_motif=AGGAGG;rbs_spacer=5-10bp;gc_cont=0.432;conf=100.00;score=72.72;cscore=56.90;sscore=15.82;rscore=13.75;uscore=0.23;tscore=2.49;
contig_10	Prodigal_v2.6.3	CDS	56880	58046	133.5	+	0	ID=36_62;partial=00;start_type=ATG;rbs_motif=AGGAG;rbs_spacer=5-10bp;gc_cont=0.306;conf=100.00;score=133.46;cscore=118.89;sscore=14.57;rscore=12.22;uscore=0.51;tscore=2.49;
contig_10	Prodigal_v2.6.3	CDS	58043	58513	42.0	-	0	ID=36_63;partial=00;start_type=ATG;rbs_motif=GGAG/GAGG;rbs_spacer=5-10bp;gc_cont=0.348;conf=99.99;score=41.95;cscore=29.45;sscore=12.50;rscore=8.24;uscore=2.42;tscore=2.49;
contig_10	Prodigal_v2.6.3	CDS	58710	59963	194.9	+	0	ID=36_64;partial=00;start_type=ATG;rbs_motif=AGGAG;rbs_spacer=5-10bp;gc_cont=0.431;conf=99.99;score=194.95;cscore=175.29;sscore=19.66;rscore=12.22;uscore=4.96;tscore=2.49;
contig_10	Prodigal_v2.6.3	CDS	60145	60528	21.8	-	0	ID=36_65;partial=00;start_type=ATG;rbs_motif=4Base/6BMM;rbs_spacer=13-15bp;gc_cont=0.359;conf=99.34;score=21.83;cscore=18.52;sscore=3.30;rscore=-3.98;uscore=3.72;tscore=2.49;
contig_10	Prodigal_v2.6.3	CDS	60547	60957	19.1	-	0	ID=36_66;partial=00;start_type=ATG;rbs_motif=AGxAGG/AGGxGG;rbs_spacer=5-10bp;gc_cont=0.394;conf=98.77;score=19.06;cscore=9.40;sscore=9.66;rscore=9.68;uscore=-3.66;tscore=2.49;
contig_10	Prodigal_v2.6.3	CDS	60969	61499	43.8	-	0	ID=36_67;partial=00;start_type=ATG;rbs_motif=GGA/GAG/AGG;rbs_spacer=5-10bp;gc_cont=0.369;conf=100.00;score=43.84;cscore=38.30;sscore=5.54;rscore=-0.45;uscore=3.50;tscore=2.49;
contig_10	Prodigal_v2.6.3	CDS	61564	61968	30.2	-	0	ID=36_68;partial=00;start_type=GTG;rbs_motif=AGGAGG;rbs_spacer=5-10bp;gc_cont=0.356;conf=99.90;score=30.21;cscore=21.33;sscore=8.88;rscore=13.75;uscore=-1.26;tscore=-3.61;
contig_10	Prodigal_v2.6.3	CDS	62107	62703	38.3	-	0	ID=36_69;partial=00;start_type=TTG;rbs_motif=3Base/5BMM;rbs_spacer=13-15bp;gc_cont=0.335;conf=99.99;score=38.34;cscore=46.93;sscore=-8.58;rscore=-6.44;uscore=3.20;tscore=-4.70;
contig_10	Prodigal_v2.6.3	CDS	63074	63283	11.0	-	0	ID=36_70;partial=00;start_type=ATG;rbs_motif=GGAG/GAGG;rbs_spacer=5-10bp;gc_cont=0.267;conf=92.67;score=11.04;cscore=2.30;sscore=8.74;rscore=6.82;uscore=0.51;tscore=2.06;
contig_10	Prodigal_v2.6.3	CDS	63448	64140	121.2	+	0	ID=36_71;partial=00;start_type=ATG;rbs_motif=GGAGG;rbs_spacer=5-10bp;gc_cont=0.401;conf=100.00;score=121.22;cscore=103.19;sscore=18.02;rscore=12.75;uscore=2.78;tscore=2.49;
contig_10	Prodigal_v2.6.3	CDS	64227	65924	222.5	-	0	ID=36_72;partial=00;start_type=GTG;rbs_motif=GGAG/GAGG;rbs_spacer=5-10bp;gc_cont=0.369;conf=99.99;score=222.51;cscore=214.23;sscore=8.28;rscore=8.24;uscore=2.35;tscore=-3.61;
contig_10	Prodigal_v2.6.3	CDS	65921	66907	156.2	-	0	ID=36_73;partial=00;start_type=TTG;rbs_motif=AGGAGG;rbs_spacer=5-10bp;gc_cont=0.393;conf=100.00;score=156.24;cscore=145.92;sscore=10.32;rscore=13.75;uscore=1.91;tscore=-4.70;
contig_10	Prodigal_v2.6.3	CDS	67160	68428	188.5	-	0	ID=36_74;partial=00;start_type=ATG;rbs_motif=GGAG/GAGG;rbs_spacer=5-10bp;gc_cont=0.392;conf=99.99;score=188.46;cscore=174.53;sscore=13.93;rscore=8.24;uscore=2.29;tscore=2.49;
contig_10	Prodigal_v2.6.3	CDS	68462	68725	55.6	-	0	ID=36_75;partial=00;start_type=ATG;rbs_motif=AGGAG;rbs_spacer=5-10bp;gc_cont=0.367;conf=100.00;score=55.56;cscore=37.12;sscore=18.44;rscore=12.22;uscore=2.44;tscore=2.49;
contig_10	Prodigal_v2.6.3	CDS	68722	69180	40.2	-	0	ID=36_76;partial=00;start_type=TTG;rbs_motif=AGGAGG;rbs_spacer=5-10bp;gc_cont=0.427;conf=99.99;score=40.18;cscore=28.68;sscore=11.50;rscore=13.75;uscore=2.44;tscore=-4.70;
contig_10	Prodigal_v2.6.3	CDS	69242	70153	122.8	-	0	ID=36_77;partial=00;start_type=ATG;rbs_motif=AGGAGG;rbs_spacer=5-10bp;gc_cont=0.367;conf=100.00;score=122.78;cscore=108.30;sscore=14.48;rscore=13.75;uscore=-1.11;tscore=2.49;
contig_10	Prodigal_v2.6.3	CDS	70292	71257	149.5	+	0	ID=36_78;partial=00;start_type=ATG;rbs_motif=AGGAGG;rbs_spacer=5-10bp;gc_cont=0.404;conf=100.00;score=149.49;cscore=130.76;sscore=18.73;rscore=13.75;uscore=2.49;tscore=2.49;
contig_10	Prodigal_v2.6.3	CDS	71254	72330	196.7	+	0	ID=36_79;partial=00;start_type=TTG;rbs_motif=GGAGG;rbs_spacer=5-10bp;gc_cont=0.395;conf=99.99;score=196.73;cscore=184.66;sscore=12.07;rscore=12.75;uscore=2.72;tscore=-4.70;
contig_10	Prodigal_v2.6.3	CDS	72337	73998	133.2	+	0	ID=36_80;partial=00;start_type=ATG;rbs_motif=AGxAGG/AGGxGG;rbs_spacer=11-12bp;gc_cont=0.380;conf=100.00;score=133.20;cscore=123.20;sscore=10.00;rscore=6.48;uscore=-0.17;tscore=2.49;
contig_10	Prodigal_v2.6.3	CDS	73991	75061	134.7	+	0	ID=36_81;partial=00;start_type=ATG;rbs_motif=AGGAGG;rbs_spacer=5-10bp;gc_cont=0.390;conf=100.00;score=134.66;cscore=117.95;sscore=16.71;rscore=13.75;uscore=-0.78;tscore=2.49;
contig_10	Prodigal_v2.6.3	CDS	75054	75860	113.2	+	0	ID=36_82;partial=00;start_type=GTG;rbs_motif=AGGAGG;rbs_spacer=5-10bp;gc_cont=0.367;conf=100.00;score=113.18;cscore=100.50;sscore=12.68;rscore=13.75;uscore=1.28;tscore=-3.61;
contig_10	Prodigal_v2.6.3	CDS	76030	77316	127.3	+	0	ID=36_83;partial=00;start_type=ATG;rbs_motif=None;rbs_spacer=None;gc_cont=0.364;conf=100.00;score=127.25;cscore=132.86;sscore=-5.61;rscore=-9.56;uscore=1.46;tscore=2.49;
contig_10	Prodigal_v2.6.3	CDS	77404	78222	101.7	+	0	ID=36_84;partial=00;start_type=ATG;rbs_motif=GGA/GAG/AGG;rbs_spacer=5-10bp;gc_cont=0.411;conf=100.00;score=101.74;cscore=98.86;sscore=2.88;rscore=-0.45;uscore=0.84;tscore=2.49;
contig_10	Prodigal_v2.6.3	CDS	78303	78683	42.5	+	0	ID=36_85;partial=00;start_type=ATG;rbs_motif=GGA/GAG/AGG;rbs_spacer=5-10bp;gc_cont=0.378;conf=99.99;score=42.47;cscore=38.21;sscore=4.26;rscore=-0.45;uscore=2.23;tscore=2.49;
contig_10	Prodigal_v2.6.3	CDS	78723	79064	66.2	-	0	ID=36_86;partial=00;start_type=ATG;rbs_motif=AGxAGG/AGGxGG;rbs_spacer=5-10bp;gc_cont=0.325;conf=100.00;score=66.17;cscore=47.78;sscore=18.39;rscore=9.68;uscore=5.15;tscore=2.49;
contig_10	Prodigal_v2.6.3	CDS	79083	79838	120.7	-	0	ID=36_87;partial=00;start_type=ATG;rbs_motif=AGGAGG;rbs_spacer=5-10bp;gc_cont=0.372;conf=100.00;score=120.70;cscore=105.17;sscore=15.53;rscore=13.75;uscore=-0.71;tscore=2.49;
contig_10	Prodigal_v2.6.3	CDS	79974	80849	97.3	-	0	ID=36_88;partial=00;start_type=GTG;rbs_motif=AGGAGG;rbs_spacer=5-10bp;gc_cont=0.363;conf=100.00;score=97.33;cscore=84.41;sscore=12.92;rscore=13.75;uscore=1.49;tscore=-3.61;
contig_10	Prodigal_v2.6.3	CDS	80849	81397	60.9	-	0	ID=36_89;partial=00;start_type=TTG;rbs_motif=None;rbs_spacer=None;gc_cont=0.408;conf=100.00;score=60.87;cscore=77.26;sscore=-16.39;rscore=-9.56;uscore=-1.49;tscore=-4.70;
contig_10	Prodigal_v2.6.3	CDS	81775	82176	55.0	-	0	ID=36_90;partial=00;start_type=ATG;rbs_motif=GGAGG;rbs_spacer=5-10bp;gc_cont=0.381;conf=100.00;score=54.97;cscore=36.78;sscore=18.19;rscore=12.75;uscore=1.68;tscore=2.49;
contig_10	Prodigal_v2.6.3	CDS	82178	82627	64.0	-	0	ID=36_91;partial=00;start_type=ATG;rbs_motif=AGGAGG;rbs_spacer=5-10bp;gc_cont=0.373;conf=100.00;score=63.95;cscore=51.46;sscore=12.50;rscore=13.75;uscore=-3.09;tscore=2.49;
contig_10	Prodigal_v2.6.3	CDS	83217	83861	72.1	+	0	ID=36_92;partial=00;start_type=GTG;rbs_motif=AGGAG(G)/GGAGG;rbs_spacer=13-15bp;gc_cont=0.409;conf=100.00;score=72.09;cscore=81.27;sscore=-9.18;rscore=-3.04;uscore=-2.54;tscore=-3.61;
contig_10	Prodigal_v2.6.3	CDS	84019	84159	12.8	+	0	ID=36_93;partial=00;start_type=ATG;rbs_motif=GGAGG;rbs_spacer=5-10bp;gc_cont=0.348;conf=94.94;score=12.75;cscore=4.04;sscore=8.72;rscore=7.04;uscore=0.30;tscore=1.37;
contig_10	Prodigal_v2.6.3	CDS	84264	86063	304.7	+	0	ID=36_94;partial=00;start_type=ATG;rbs_motif=GGAGG;rbs_spacer=5-10bp;gc_cont=0.384;conf=99.99;score=304.71;cscore=293.30;sscore=11.41;rscore=12.75;uscore=-3.83;tscore=2.49;
contig_10	Prodigal_v2.6.3	CDS	86056	86847	104.2	+	0	ID=36_95;partial=00;start_type=ATG;rbs_motif=AGxAGG/AGGxGG;rbs_spacer=5-10bp;gc_cont=0.386;conf=100.00;score=104.19;cscore=86.32;sscore=17.87;rscore=9.68;uscore=4.45;tscore=2.49;
contig_10	Prodigal_v2.6.3	CDS	87319	88053	109.3	+	0	ID=36_96;partial=00;start_type=ATG;rbs_motif=GGAGG;rbs_spacer=5-10bp;gc_cont=0.369;conf=100.00;score=109.31;cscore=94.78;sscore=14.52;rscore=12.75;uscore=-0.06;tscore=2.49;
contig_10	Prodigal_v2.6.3	CDS	88187	88357	6.0	-	0	ID=36_97;partial=00;start_type=TTG;rbs_motif=GGA/GAG/AGG;rbs_spacer=5-10bp;gc_cont=0.380;conf=79.99;score=6.03;cscore=12.19;sscore=-6.17;rscore=-0.67;uscore=0.24;tscore=-6.99;
contig_10	Prodigal_v2.6.3	CDS	88360	88563	13.5	-	0	ID=36_98;partial=00;start_type=ATG;rbs_motif=AGGAG;rbs_spacer=5-10bp;gc_cont=0.328;conf=95.72;score=13.51;cscore=2.27;sscore=11.24;rscore=9.83;uscore=0.07;tscore=2.00;
contig_10	Prodigal_v2.6.3	CDS	88718	89248	61.1	+	0	ID=36_99;partial=00;start_type=TTG;rbs_motif=GGA/GAG/AGG;rbs_spacer=5-10bp;gc_cont=0.405;conf=100.00;score=61.12;cscore=63.40;sscore=-2.28;rscore=-0.45;uscore=2.87;tscore=-4.70;
contig_10	Prodigal_v2.6.3	CDS	89264	90808	375.2	+	0	ID=36_100;partial=00;start_type=ATG;rbs_motif=AGGAG;rbs_spacer=5-10bp;gc_cont=0.427;conf=99.99;score=375.20;cscore=355.93;sscore=19.27;rscore=12.22;uscore=3.45;tscore=2.49;
contig_10	Prodigal_v2.6.3	CDS	90845	91390	73.3	-	0	ID=36_101;partial=00;start_type=ATG;rbs_motif=GGAG/GAGG;rbs_spacer=5-10bp;gc_cont=0.412;conf=100.00;score=73.28;cscore=59.73;sscore=13.55;rscore=8.24;uscore=1.73;tscore=2.49;
contig_10	Prodigal_v2.6.3	CDS	91408	92232	136.4	-	0	ID=36_102;partial=00;start_type=ATG;rbs_motif=GGAGG;rbs_spacer=5-10bp;gc_cont=0.383;conf=100.00;score=136.38;cscore=123.83;sscore=12.55;rscore=12.75;uscore=-2.04;tscore=2.49;
contig_10	Prodigal_v2.6.3	CDS	92504	93730	100.1	+	0	ID=36_103;partial=00;start_type=ATG;rbs_motif=None;rbs_spacer=None;gc_cont=0.395;conf=100.00;score=100.09;cscore=107.47;sscore=-7.38;rscore=-9.56;uscore=-0.31;tscore=2.49;
contig_10	Prodigal_v2.6.3	CDS	93745	94473	58.1	+	0	ID=36_104;partial=00;start_type=TTG;rbs_motif=GGAG/GAGG;rbs_spacer=5-10bp;gc_cont=0.342;conf=100.00;score=58.09;cscore=52.89;sscore=5.20;rscore=8.24;uscore=0.54;tscore=-4.70;
contig_10	Prodigal_v2.6.3	CDS	94526	95308	142.5	-	0	ID=36_105;partial=00;start_type=ATG;rbs_motif=AGGAG;rbs_spacer=5-10bp;gc_cont=0.398;conf=100.00;score=142.50;cscore=126.63;sscore=15.87;rscore=12.22;uscore=1.16;tscore=2.49;
contig_10	Prodigal_v2.6.3	CDS	95473	96066	64.7	-	0	ID=36_106;partial=00;start_type=ATG;rbs_motif=GGAGG;rbs_spacer=5-10bp;gc_cont=0.330;conf=100.00;score=64.68;cscore=51.10;sscore=13.58;rscore=12.75;uscore=-1.66;tscore=2.49;
contig_10	Prodigal_v2.6.3	CDS	96204	96452	47.9	-	0	ID=36_107;partial=00;start_type=ATG;rbs_motif=AGGAG;rbs_spacer=5-10bp;gc_cont=0.398;conf=100.00;score=47.87;cscore=34.02;sscore=13.85;rscore=12.03;uscore=0.03;tscore=2.45;
contig_10	Prodigal_v2.6.3	CDS	96559	97590	112.4	+	0	ID=36_108;partial=00;start_type=ATG;rbs_motif=AGGAG/GGAGG;rbs_spacer=11-12bp;gc_cont=0.374;conf=100.00;score=112.39;cscore=98.73;sscore=13.66;rscore=9.05;uscore=2.13;tscore=2.49;
contig_10	Prodigal_v2.6.3	CDS	97713	99035	159.0	+	0	ID=36_109;partial=00;start_type=ATG;rbs_motif=None;rbs_spacer=None;gc_cont=0.410;conf=100.00;score=158.97;cscore=169.46;sscore=-10.48;rscore=-9.56;uscore=-3.41;tscore=2.49;
contig_10	Prodigal_v2.6.3	CDS	99122	99406	38.5	+	0	ID=36_110;partial=00;start_type=ATG;rbs_motif=GGxGG;rbs_spacer=5-10bp;gc_cont=0.312;conf=99.99;score=38.49;cscore=27.18;sscore=11.30;rscore=6.77;uscore=2.05;tscore=2.49;
contig_10	Prodigal_v2.6.3	CDS	100003	100254	36.2	+	0	ID=36_111;partial=00;start_type=ATG;rbs_motif=AGGAG;rbs_spacer=5-10bp;gc_cont=0.373;conf=99.98;score=36.17;cscore=22.66;sscore=13.52;rscore=12.17;uscore=-0.48;tscore=2.48;
contig_10	Prodigal_v2.6.3	CDS	100884	101066	8.7	+	0	ID=36_112;partial=00;start_type=ATG;rbs_motif=AGGA/GGAG/GAGG;rbs_spacer=11-12bp;gc_cont=0.410;conf=88.08;score=8.70;cscore=5.18;sscore=3.52;rscore=2.29;uscore=0.10;tscore=1.79;
contig_10	Prodigal_v2.6.3	CDS	101214	101510	10.7	+	0	ID=36_113;partial=00;start_type=TTG;rbs_motif=None;rbs_spacer=None;gc_cont=0.404;conf=92.12;score=10.70;cscore=23.88;sscore=-13.18;rscore=-9.56;uscore=1.08;tscore=-4.70;
contig_10	Prodigal_v2.6.3	CDS	101539	101865	46.6	+	0	ID=36_114;partial=00;start_type=ATG;rbs_motif=GGAG/GAGG;rbs_spacer=5-10bp;gc_cont=0.373;conf=100.00;score=46.59;cscore=33.72;sscore=12.88;rscore=8.24;uscore=1.18;tscore=2.49;
contig_10	Prodigal_v2.6.3	CDS	101924	102484	66.2	+	0	ID=36_115;partial=00;start_type=ATG;rbs_motif=AGGAGG;rbs_spacer=5-10bp;gc_cont=0.405;conf=100.00;score=66.21;cscore=52.80;sscore=13.41;rscore=13.75;uscore=-2.83;tscore=2.49;
contig_10	Prodigal_v2.6.3	CDS	102490	102756	34.6	+	0	ID=36_116;partial=00;start_type=ATG;rbs_motif=GGA/GAG/AGG;rbs_spacer=5-10bp;gc_cont=0.352;conf=99.96;score=34.61;cscore=27.35;sscore=7.26;rscore=-0.45;uscore=4.01;tscore=2.49;
contig_10	Prodigal_v2.6.3	CDS	102707	104056	137.4	+	0	ID=36_117;partial=00;start_type=ATG;rbs_motif=None;rbs_spacer=None;gc_cont=0.411;conf=100.00;score=137.35;cscore=146.20;sscore=-8.85;rscore=-9.56;uscore=-1.77;tscore=2.49;
contig_10	Prodigal_v2.6.3	CDS	104036	104380	33.5	-	0	ID=36_118;partial=00;start_type=ATG;rbs_motif=None;rbs_spacer=None;gc_cont=0.414;conf=99.96;score=33.53;cscore=40.33;sscore=-6.80;rscore=-9.56;uscore=0.27;tscore=2.49;
contig_10	Prodigal_v2.6.3	CDS	104503	105003	88.3	-	0	ID=36_119;partial=00;start_type=ATG;rbs_motif=AGGAG/GGAGG;rbs_spacer=11-12bp;gc_cont=0.399;conf=100.00;score=88.31;cscore=73.13;sscore=15.18;rscore=9.05;uscore=4.29;tscore=2.49;
contig_10	Prodigal_v2.6.3	CDS	105088	105762	68.6	+	0	ID=36_120;partial=00;start_type=ATG;rbs_motif=AGGAG;rbs_spacer=5-10bp;gc_cont=0.360;conf=100.00;score=68.57;cscore=52.73;sscore=15.84;rscore=12.22;uscore=1.13;tscore=2.49;
contig_10	Prodigal_v2.6.3	CDS	105860	106576	106.0	+	0	ID=36_121;partial=00;start_type=GTG;rbs_motif=AGGAG;rbs_spacer=5-10bp;gc_cont=0.410;conf=100.00;score=106.02;cscore=94.59;sscore=11.43;rscore=12.22;uscore=2.81;tscore=-3.61;
contig_10	Prodigal_v2.6.3	CDS	106692	106817	11.4	+	0	ID=36_122;partial=00;start_type=ATG;rbs_motif=AGGAGG;rbs_spacer=5-10bp;gc_cont=0.389;conf=93.16;score=11.36;cscore=2.62;sscore=8.74;rscore=6.77;uscore=0.75;tscore=1.22;
contig_10	Prodigal_v2.6.3	CDS	106793	107461	67.9	+	0	ID=36_123;partial=00;start_type=TTG;rbs_motif=None;rbs_spacer=None;gc_cont=0.389;conf=100.00;score=67.95;cscore=79.19;sscore=-11.24;rscore=-9.56;uscore=3.01;tscore=-4.70;
contig_10	Prodigal_v2.6.3	CDS	107544	107978	55.0	+	0	ID=36_124;partial=00;start_type=ATG;rbs_motif=GGAG/GAGG;rbs_spacer=5-10bp;gc_cont=0.368;conf=100.00;score=55.03;cscore=46.38;sscore=8.65;rscore=8.24;uscore=-2.07;tscore=2.49;
contig_10	Prodigal_v2.6.3	CDS	108093	108752	115.8	+	0	ID=36_125;partial=00;start_type=ATG;rbs_motif=GGAG/GAGG;rbs_spacer=5-10bp;gc_cont=0.367;conf=100.00;score=115.78;cscore=106.67;sscore=9.11;rscore=8.24;uscore=-1.62;tscore=2.49;
contig_10	Prodigal_v2.6.3	CDS	108848	109519	131.1	+	0	ID=36_126;partial=00;start_type=ATG;rbs_motif=AGxAGG/AGGxGG;rbs_spacer=5-10bp;gc_cont=0.408;conf=100.00;score=131.14;cscore=116.49;sscore=14.64;rscore=9.68;uscore=2.48;tscore=2.49;
contig_10	Prodigal_v2.6.3	CDS	109622	110758	238.1	+	0	ID=36_127;partial=00;start_type=ATG;rbs_motif=AGGAGG;rbs_spacer=5-10bp;gc_cont=0.394;conf=99.99;score=238.11;cscore=219.73;sscore=18.38;rscore=13.75;uscore=2.14;tscore=2.49;
contig_10	Prodigal_v2.6.3	CDS	111082	112392	276.9	+	0	ID=36_128;partial=00;start_type=ATG;rbs_motif=AGGA;rbs_spacer=5-10bp;gc_cont=0.400;conf=99.99;score=276.93;cscore=268.23;sscore=8.70;rscore=4.23;uscore=2.64;tscore=2.49;
contig_10	Prodigal_v2.6.3	CDS	112503	113519	187.6	+	0	ID=36_129;partial=00;start_type=ATG;rbs_motif=GGAGG;rbs_spacer=5-10bp;gc_cont=0.417;conf=99.99;score=187.62;cscore=171.09;sscore=16.53;rscore=12.75;uscore=1.29;tscore=2.49;
contig_10	Prodigal_v2.6.3	CDS	113743	113955	18.5	+	0	ID=36_130;partial=00;start_type=ATG;rbs_motif=AGxAGG/AGGxGG;rbs_spacer=5-10bp;gc_cont=0.376;conf=98.61;score=18.55;cscore=6.24;sscore=12.31;rscore=8.13;uscore=2.75;tscore=2.09;
contig_10	Prodigal_v2.6.3	CDS	113978	114760	143.6	+	0	ID=36_131;partial=00;start_type=ATG;rbs_motif=GGAG/GAGG;rbs_spacer=5-10bp;gc_cont=0.387;conf=100.00;score=143.57;cscore=131.39;sscore=12.18;rscore=8.24;uscore=0.42;tscore=2.49;
contig_10	Prodigal_v2.6.3	CDS	114853	116331	282.0	+	0	ID=36_132;partial=00;start_type=TTG;rbs_motif=AGGAGG;rbs_spacer=5-10bp;gc_cont=0.408;conf=99.99;score=282.02;cscore=271.62;sscore=10.39;rscore=13.75;uscore=1.34;tscore=-4.70;
contig_10	Prodigal_v2.6.3	CDS	116530	116802	55.1	+	0	ID=36_133;partial=00;start_type=GTG;rbs_motif=AGGAGG;rbs_spacer=5-10bp;gc_cont=0.399;conf=100.00;score=55.06;cscore=46.17;sscore=8.89;rscore=13.75;uscore=-0.60;tscore=-3.61;
contig_10	Prodigal_v2.6.3	CDS	117022	117591	105.1	+	0	ID=36_134;partial=00;start_type=ATG;rbs_motif=AGGAGG;rbs_spacer=5-10bp;gc_cont=0.395;conf=100.00;score=105.15;cscore=90.35;sscore=14.79;rscore=13.75;uscore=-0.79;tscore=2.49;
contig_10	Prodigal_v2.6.3	CDS	117654	117872	45.5	+	0	ID=36_135;partial=00;start_type=ATG;rbs_motif=AGGAG;rbs_spacer=5-10bp;gc_cont=0.384;conf=100.00;score=45.50;cscore=32.59;sscore=12.91;rscore=10.56;uscore=0.20;tscore=2.15;
contig_10	Prodigal_v2.6.3	CDS	118136	118903	114.7	+	0	ID=36_136;partial=00;start_type=ATG;rbs_motif=GGAG/GAGG;rbs_spacer=5-10bp;gc_cont=0.358;conf=100.00;score=114.73;cscore=103.27;sscore=11.46;rscore=8.24;uscore=1.39;tscore=2.49;
contig_10	Prodigal_v2.6.3	CDS	118919	119623	102.0	+	0	ID=36_137;partial=00;start_type=ATG;rbs_motif=GGAG/GAGG;rbs_spacer=5-10bp;gc_cont=0.400;conf=100.00;score=101.97;cscore=89.33;sscore=12.64;rscore=8.24;uscore=0.81;tscore=2.49;
contig_10	Prodigal_v2.6.3	CDS	119643	120617	135.4	+	0	ID=36_138;partial=00;start_type=GTG;rbs_motif=GGA/GAG/AGG;rbs_spacer=5-10bp;gc_cont=0.381;conf=100.00;score=135.41;cscore=135.31;sscore=0.10;rscore=-0.45;uscore=3.09;tscore=-3.61;
contig_10	Prodigal_v2.6.3	CDS	120704	121120	84.7	+	0	ID=36_139;partial=00;start_type=ATG;rbs_motif=AGGAG;rbs_spacer=5-10bp;gc_cont=0.422;conf=100.00;score=84.66;cscore=67.84;sscore=16.82;rscore=12.22;uscore=2.12;tscore=2.49;
contig_10	Prodigal_v2.6.3	CDS	121237	122274	77.2	+	0	ID=36_140;partial=00;start_type=TTG;rbs_motif=AGxAGG/AGGxGG;rbs_spacer=5-10bp;gc_cont=0.310;conf=100.00;score=77.22;cscore=71.28;sscore=5.95;rscore=9.68;uscore=0.96;tscore=-4.70;
contig_10	Prodigal_v2.6.3	CDS	122419	122763	31.0	-	0	ID=36_141;partial=00;start_type=TTG;rbs_motif=GGAG/GAGG;rbs_spacer=5-10bp;gc_cont=0.316;conf=99.92;score=31.04;cscore=25.27;sscore=5.77;rscore=8.24;uscore=2.88;tscore=-4.70;
contig_10	Prodigal_v2.6.3	CDS	122900	123067	26.8	+	0	ID=36_142;partial=00;start_type=ATG;rbs_motif=GGAGG;rbs_spacer=5-10bp;gc_cont=0.387;conf=99.79;score=26.77;cscore=15.79;sscore=10.98;rscore=8.42;uscore=0.93;tscore=1.64;
contig_10	Prodigal_v2.6.3	CDS	123153	123869	111.4	+	0	ID=36_143;partial=00;start_type=ATG;rbs_motif=AGGAGG;rbs_spacer=5-10bp;gc_cont=0.307;conf=100.00;score=111.38;cscore=94.85;sscore=16.54;rscore=13.75;uscore=0.30;tscore=2.49;
contig_10	Prodigal_v2.6.3	CDS	123895	124401	40.9	+	0	ID=36_144;partial=00;start_type=GTG;rbs_motif=AGGA;rbs_spacer=5-10bp;gc_cont=0.318;conf=99.99;score=40.87;cscore=37.81;sscore=3.06;rscore=4.23;uscore=1.44;tscore=-3.61;
contig_10	Prodigal_v2.6.3	CDS	125050	125466	51.2	+	0	ID=36_145;partial=00;start_type=TTG;rbs_motif=AGGAGG;rbs_spacer=5-10bp;gc_cont=0.312;conf=100.00;score=51.17;cscore=38.76;sscore=12.40;rscore=13.75;uscore=4.00;tscore=-4.70;
contig_10	Prodigal_v2.6.3	CDS	125484	125657	12.8	+	0	ID=36_146;partial=00;start_type=ATG;rbs_motif=GGA/GAG/AGG;rbs_spacer=5-10bp;gc_cont=0.322;conf=94.97;score=12.78;cscore=9.47;sscore=3.31;rscore=-0.66;uscore=1.18;tscore=1.70;
contig_10	Prodigal_v2.6.3	CDS	125654	125998	20.1	+	0	ID=36_147;partial=00;start_type=ATG;rbs_motif=3Base/5BMM;rbs_spacer=13-15bp;gc_cont=0.313;conf=99.03;score=20.11;cscore=15.88;sscore=4.23;rscore=-6.44;uscore=0.44;tscore=2.49;
contig_10	Prodigal_v2.6.3	CDS	126435	127217	102.9	+	0	ID=36_148;partial=00;start_type=ATG;rbs_motif=AGGAGG;rbs_spacer=5-10bp;gc_cont=0.319;conf=100.00;score=102.89;cscore=83.43;sscore=19.46;rscore=13.75;uscore=3.87;tscore=2.49;
contig_10	Prodigal_v2.6.3	CDS	127588	127896	29.4	+	0	ID=36_149;partial=00;start_type=ATG;rbs_motif=None;rbs_spacer=None;gc_cont=0.359;conf=99.88;score=29.39;cscore=33.69;sscore=-4.30;rscore=-9.56;uscore=3.42;tscore=2.49;
contig_10	Prodigal_v2.6.3	CDS	128614	130011	117.9	+	0	ID=36_150;partial=00;start_type=ATG;rbs_motif=AGGAG;rbs_spacer=5-10bp;gc_cont=0.258;conf=100.00;score=117.87;cscore=110.13;sscore=7.74;rscore=12.22;uscore=-6.31;tscore=2.49;
contig_10	Prodigal_v2.6.3	CDS	130210	130716	82.2	+	0	ID=36_151;partial=00;start_type=TTG;rbs_motif=GGAGG;rbs_spacer=5-10bp;gc_cont=0.298;conf=100.00;score=82.18;cscore=70.68;sscore=11.50;rscore=12.75;uscore=4.10;tscore=-4.70;
contig_10	Prodigal_v2.6.3	CDS	131090	132244	162.6	+	0	ID=36_152;partial=00;start_type=TTG;rbs_motif=GGAG/GAGG;rbs_spacer=5-10bp;gc_cont=0.263;conf=100.00;score=162.63;cscore=155.76;sscore=6.87;rscore=8.24;uscore=3.98;tscore=-4.70;
contig_10	Prodigal_v2.6.3	CDS	132497	132823	80.5	+	0	ID=36_153;partial=00;start_type=ATG;rbs_motif=AGGAG;rbs_spacer=5-10bp;gc_cont=0.318;conf=100.00;score=80.49;cscore=66.49;sscore=14.00;rscore=12.22;uscore=-0.06;tscore=2.49;
contig_10	Prodigal_v2.6.3	CDS	132847	133899	77.8	+	0	ID=36_154;partial=00;start_type=ATG;rbs_motif=GGAG/GAGG;rbs_spacer=5-10bp;gc_cont=0.337;conf=100.00;score=77.75;cscore=66.99;sscore=10.77;rscore=8.24;uscore=-0.98;tscore=2.49;
contig_10	Prodigal_v2.6.3	CDS	134109	134282	11.0	+	0	ID=36_155;partial=00;start_type=ATG;rbs_motif=GGA/GAG/AGG;rbs_spacer=5-10bp;gc_cont=0.402;conf=92.68;score=11.04;cscore=15.16;sscore=-4.12;rscore=-0.66;uscore=-4.51;tscore=1.70;
contig_10	Prodigal_v2.6.3	CDS	134503	135657	176.0	+	0	ID=36_156;partial=00;start_type=ATG;rbs_motif=GGAG/GAGG;rbs_spacer=5-10bp;gc_cont=0.461;conf=100.00;score=175.97;cscore=166.10;sscore=9.87;rscore=8.24;uscore=-0.21;tscore=2.49;
contig_10	Prodigal_v2.6.3	CDS	135673	136440	134.3	+	0	ID=36_157;partial=00;start_type=ATG;rbs_motif=GGA/GAG/AGG;rbs_spacer=5-10bp;gc_cont=0.460;conf=100.00;score=134.29;cscore=129.67;sscore=4.62;rscore=-0.45;uscore=1.47;tscore=2.49;
contig_10	Prodigal_v2.6.3	CDS	136511	138136	236.6	+	0	ID=36_158;partial=00;start_type=ATG;rbs_motif=GGA/GAG/AGG;rbs_spacer=5-10bp;gc_cont=0.413;conf=99.99;score=236.60;cscore=232.52;sscore=4.08;rscore=-0.45;uscore=2.05;tscore=2.49;
contig_10	Prodigal_v2.6.3	CDS	138262	138492	29.1	+	0	ID=36_159;partial=00;start_type=TTG;rbs_motif=AGGA;rbs_spacer=5-10bp;gc_cont=0.333;conf=99.88;score=29.14;cscore=28.69;sscore=0.46;rscore=3.85;uscore=1.75;tscore=-5.15;
contig_10	Prodigal_v2.6.3	CDS	138577	139350	112.7	+	0	ID=36_160;partial=00;start_type=ATG;rbs_motif=GGA/GAG/AGG;rbs_spacer=5-10bp;gc_cont=0.337;conf=100.00;score=112.69;cscore=110.24;sscore=2.44;rscore=-0.45;uscore=0.40;tscore=2.49;
contig_10	Prodigal_v2.6.3	CDS	139631	140812	242.8	+	0	ID=36_161;partial=00;start_type=ATG;rbs_motif=GGAG/GAGG;rbs_spacer=5-10bp;gc_cont=0.432;conf=99.99;score=242.80;cscore=230.48;sscore=12.32;rscore=8.24;uscore=2.24;tscore=2.49;
contig_10	Prodigal_v2.6.3	CDS	140816	141907	157.8	+	0	ID=36_162;partial=00;start_type=ATG;rbs_motif=GGA/GAG/AGG;rbs_spacer=11-12bp;gc_cont=0.394;conf=100.00;score=157.80;cscore=155.54;sscore=2.26;rscore=-0.79;uscore=-0.68;tscore=2.49;
contig_10	Prodigal_v2.6.3	CDS	141904	142272	67.2	+	0	ID=36_163;partial=00;start_type=ATG;rbs_motif=GGAGG;rbs_spacer=5-10bp;gc_cont=0.415;conf=100.00;score=67.16;cscore=48.64;sscore=18.53;rscore=12.75;uscore=1.99;tscore=2.49;
contig_10	Prodigal_v2.6.3	CDS	142291	143391	183.2	+	0	ID=36_164;partial=00;start_type=ATG;rbs_motif=AGGAG;rbs_spacer=5-10bp;gc_cont=0.408;conf=99.99;score=183.15;cscore=166.75;sscore=16.40;rscore=12.22;uscore=0.61;tscore=2.49;
contig_10	Prodigal_v2.6.3	CDS	143388	144485	168.1	+	0	ID=36_165;partial=00;start_type=ATG;rbs_motif=GGA/GAG/AGG;rbs_spacer=5-10bp;gc_cont=0.429;conf=100.00;score=168.10;cscore=163.03;sscore=5.08;rscore=-0.45;uscore=1.30;tscore=2.49;
contig_10	Prodigal_v2.6.3	CDS	144545	145831	225.1	+	0	ID=36_166;partial=00;start_type=ATG;rbs_motif=AGGAG/GGAGG;rbs_spacer=11-12bp;gc_cont=0.438;conf=99.99;score=225.12;cscore=215.75;sscore=9.37;rscore=9.05;uscore=-2.16;tscore=2.49;
contig_10	Prodigal_v2.6.3	CDS	145934	147196	251.0	+	0	ID=36_167;partial=00;start_type=GTG;rbs_motif=GGA/GAG/AGG;rbs_spacer=5-10bp;gc_cont=0.380;conf=99.99;score=250.95;cscore=252.13;sscore=-1.18;rscore=-0.45;uscore=2.88;tscore=-3.61;
contig_10	Prodigal_v2.6.3	CDS	147211	147768	84.9	+	0	ID=36_168;partial=00;start_type=ATG;rbs_motif=AGGAGG;rbs_spacer=5-10bp;gc_cont=0.364;conf=100.00;score=84.92;cscore=64.83;sscore=20.09;rscore=13.75;uscore=2.73;tscore=2.49;
contig_10	Prodigal_v2.6.3	CDS	147910	148359	67.7	+	0	ID=36_169;partial=00;start_type=ATG;rbs_motif=AGGAGG;rbs_spacer=5-10bp;gc_cont=0.356;conf=100.00;score=67.71;cscore=49.14;sscore=18.57;rscore=13.75;uscore=2.33;tscore=2.49;
contig_10	Prodigal_v2.6.3	CDS	148514	149020	76.9	+	0	ID=36_170;partial=00;start_type=ATG;rbs_motif=AGxAGG/AGGxGG;rbs_spacer=5-10bp;gc_cont=0.406;conf=100.00;score=76.87;cscore=66.18;sscore=10.69;rscore=9.68;uscore=-1.48;tscore=2.49;
contig_10	Prodigal_v2.6.3	CDS	149040	149714	108.3	+	0	ID=36_171;partial=00;start_type=GTG;rbs_motif=AGxAGG/AGGxGG;rbs_spacer=5-10bp;gc_cont=0.391;conf=100.00;score=108.27;cscore=97.65;sscore=10.62;rscore=9.68;uscore=3.49;tscore=-3.61;
contig_10	Prodigal_v2.6.3	CDS	149756	150523	119.9	+	0	ID=36_172;partial=00;start_type=ATG;rbs_motif=AGGAGG;rbs_spacer=5-10bp;gc_cont=0.411;conf=100.00;score=119.90;cscore=103.61;sscore=16.29;rscore=13.75;uscore=-0.78;tscore=2.49;
contig_10	Prodigal_v2.6.3	CDS	150791	151387	52.1	+	0	ID=36_173;partial=00;start_type=GTG;rbs_motif=AGGAG;rbs_spacer=5-10bp;gc_cont=0.379;conf=100.00;score=52.13;cscore=43.21;sscore=8.92;rscore=12.22;uscore=0.96;tscore=-3.61;
contig_10	Prodigal_v2.6.3	CDS	151436	152122	111.3	+	0	ID=36_174;partial=00;start_type=TTG;rbs_motif=GGA/GAG/AGG;rbs_spacer=5-10bp;gc_cont=0.389;conf=100.00;score=111.34;cscore=111.27;sscore=0.07;rscore=-0.45;uscore=4.46;tscore=-4.70;
contig_10	Prodigal_v2.6.3	CDS	152178	153047	111.7	-	0	ID=36_175;partial=00;start_type=ATG;rbs_motif=AGGAG;rbs_spacer=5-10bp;gc_cont=0.402;conf=100.00;score=111.74;cscore=95.86;sscore=15.88;rscore=12.22;uscore=1.82;tscore=2.49;
contig_10	Prodigal_v2.6.3	CDS	153163	153357	35.0	+	0	ID=36_176;partial=00;start_type=ATG;rbs_motif=AGGAG;rbs_spacer=5-10bp;gc_cont=0.364;conf=99.97;score=34.99;cscore=21.72;sscore=13.27;rscore=9.39;uscore=1.97;tscore=1.91;
contig_10	Prodigal_v2.6.3	CDS	153311	153499	19.1	+	0	ID=36_177;partial=00;start_type=ATG;rbs_motif=AGGA;rbs_spacer=5-10bp;gc_cont=0.349;conf=98.78;score=19.10;cscore=14.41;sscore=4.68;rscore=3.14;uscore=-0.31;tscore=1.85;
contig_10	Prodigal_v2.6.3	CDS	153496	154137	109.3	+	0	ID=36_178;partial=00;start_type=ATG;rbs_motif=AGGA;rbs_spacer=5-10bp;gc_cont=0.403;conf=100.00;score=109.25;cscore=101.25;sscore=8.01;rscore=4.23;uscore=-0.82;tscore=2.49;
contig_10	Prodigal_v2.6.3	CDS	154104	154319	17.0	+	0	ID=36_179;partial=00;start_type=ATG;rbs_motif=AGGA/GGAG/GAGG;rbs_spacer=11-12bp;gc_cont=0.403;conf=98.05;score=17.05;cscore=10.74;sscore=6.31;rscore=2.71;uscore=1.48;tscore=2.12;
contig_10	Prodigal_v2.6.3	CDS	154316	154720	62.3	+	0	ID=36_180;partial=00;start_type=ATG;rbs_motif=GGA/GAG/AGG;rbs_spacer=5-10bp;gc_cont=0.402;conf=100.00;score=62.33;cscore=56.78;sscore=5.54;rscore=-0.45;uscore=1.76;tscore=2.49;
contig_10	Prodigal_v2.6.3	CDS	154754	155899	175.7	+	0	ID=36_181;partial=00;start_type=ATG;rbs_motif=AGGA;rbs_spacer=5-10bp;gc_cont=0.397;conf=100.00;score=175.70;cscore=166.62;sscore=9.08;rscore=4.23;uscore=1.45;tscore=2.49;
contig_10	Prodigal_v2.6.3	CDS	155886	157058	177.5	+	0	ID=36_182;partial=00;start_type=ATG;rbs_motif=GGA/GAG/AGG;rbs_spacer=5-10bp;gc_cont=0.433;conf=100.00;score=177.53;cscore=173.01;sscore=4.52;rscore=-0.45;uscore=1.30;tscore=2.49;
contig_10	Prodigal_v2.6.3	CDS	157214	158197	163.1	+	0	ID=36_183;partial=00;start_type=ATG;rbs_motif=AGGA/GGAG/GAGG;rbs_spacer=11-12bp;gc_cont=0.422;conf=100.00;score=163.06;cscore=154.19;sscore=8.87;rscore=3.18;uscore=3.21;tscore=2.49;
contig_10	Prodigal_v2.6.3	CDS	158804	159640	121.5	-	0	ID=36_184;partial=00;start_type=ATG;rbs_motif=AGxAGG/AGGxGG;rbs_spacer=5-10bp;gc_cont=0.387;conf=100.00;score=121.53;cscore=103.28;sscore=18.25;rscore=9.68;uscore=4.82;tscore=2.49;
contig_10	Prodigal_v2.6.3	CDS	159641	160246	89.4	-	0	ID=36_185;partial=00;start_type=ATG;rbs_motif=AGGAGG;rbs_spacer=5-10bp;gc_cont=0.421;conf=100.00;score=89.41;cscore=72.99;sscore=16.42;rscore=13.75;uscore=-1.07;tscore=2.49;
contig_10	Prodigal_v2.6.3	CDS	160239	160559	52.2	-	0	ID=36_186;partial=00;start_type=ATG;rbs_motif=GGAG/GAGG;rbs_spacer=5-10bp;gc_cont=0.383;conf=100.00;score=52.21;cscore=39.30;sscore=12.91;rscore=8.24;uscore=2.84;tscore=2.49;
contig_10	Prodigal_v2.6.3	CDS	160987	161823	155.2	+	0	ID=36_187;partial=00;start_type=ATG;rbs_motif=AGGAGG;rbs_spacer=5-10bp;gc_cont=0.453;conf=100.00;score=155.15;cscore=136.85;sscore=18.30;rscore=13.75;uscore=2.06;tscore=2.49;
contig_10	Prodigal_v2.6.3	CDS	161820	162677	179.0	+	0	ID=36_188;partial=00;start_type=ATG;rbs_motif=GGAGG;rbs_spacer=5-10bp;gc_cont=0.406;conf=99.99;score=178.97;cscore=161.18;sscore=17.79;rscore=12.75;uscore=1.26;tscore=2.49;
contig_10	Prodigal_v2.6.3	CDS	162679	163062	79.7	+	0	ID=36_189;partial=00;start_type=ATG;rbs_motif=GGAG/GAGG;rbs_spacer=5-10bp;gc_cont=0.393;conf=100.00;score=79.69;cscore=65.20;sscore=14.49;rscore=8.24;uscore=2.50;tscore=2.49;
contig_10	Prodigal_v2.6.3	CDS	163291	165408	475.6	+	0	ID=36_190;partial=00;start_type=ATG;rbs_motif=AGGAG/GGAGG;rbs_spacer=11-12bp;gc_cont=0.357;conf=99.99;score=475.59;cscore=464.15;sscore=11.43;rscore=9.05;uscore=0.55;tscore=2.49;
contig_10	Prodigal_v2.6.3	CDS	165591	168362	379.1	+	0	ID=36_191;partial=00;start_type=ATG;rbs_motif=GGA/GAG/AGG;rbs_spacer=5-10bp;gc_cont=0.409;conf=99.99;score=379.13;cscore=377.58;sscore=1.56;rscore=-0.45;uscore=0.17;tscore=2.49;
contig_10	Prodigal_v2.6.3	CDS	168445	168843	45.2	-	0	ID=36_192;partial=00;start_type=TTG;rbs_motif=GGAG/GAGG;rbs_spacer=5-10bp;gc_cont=0.338;conf=100.00;score=45.22;cscore=40.51;sscore=4.71;rscore=8.24;uscore=1.16;tscore=-4.70;
contig_10	Prodigal_v2.6.3	CDS	168786	169094	6.8	-	0	ID=36_193;partial=00;start_type=ATG;rbs_motif=AGGA;rbs_spacer=5-10bp;gc_cont=0.388;conf=82.60;score=6.77;cscore=-2.80;sscore=9.58;rscore=4.23;uscore=4.02;tscore=2.49;
contig_10	Prodigal_v2.6.3	CDS	169417	171450	324.6	+	0	ID=36_194;partial=00;start_type=ATG;rbs_motif=GGAGG;rbs_spacer=5-10bp;gc_cont=0.419;conf=99.99;score=324.60;cscore=309.08;sscore=15.53;rscore=12.75;uscore=0.28;tscore=2.49;
contig_10	Prodigal_v2.6.3	CDS	171473	172768	177.4	+	0	ID=36_195;partial=00;start_type=ATG;rbs_motif=GGA/GAG/AGG;rbs_spacer=5-10bp;gc_cont=0.381;conf=100.00;score=177.37;cscore=172.29;sscore=5.08;rscore=-0.45;uscore=2.01;tscore=2.49;
contig_10	Prodigal_v2.6.3	CDS	173525	174292	115.9	+	0	ID=36_196;partial=00;start_type=ATG;rbs_motif=GGAGG;rbs_spacer=5-10bp;gc_cont=0.357;conf=100.00;score=115.91;cscore=100.72;sscore=15.18;rscore=12.75;uscore=0.59;tscore=2.49;
contig_10	Prodigal_v2.6.3	CDS	174318	174875	33.4	+	0	ID=36_197;partial=00;start_type=GTG;rbs_motif=GGAG/GAGG;rbs_spacer=5-10bp;gc_cont=0.378;conf=99.95;score=33.42;cscore=27.93;sscore=5.49;rscore=8.24;uscore=-0.14;tscore=-3.61;
contig_10	Prodigal_v2.6.3	CDS	174890	175804	101.5	+	0	ID=36_198;partial=00;start_type=ATG;rbs_motif=AGxAGG/AGGxGG;rbs_spacer=5-10bp;gc_cont=0.362;conf=100.00;score=101.48;cscore=89.41;sscore=12.07;rscore=9.68;uscore=-1.22;tscore=2.49;
contig_10	Prodigal_v2.6.3	CDS	175791	176276	66.3	+	0	ID=36_199;partial=00;start_type=ATG;rbs_motif=GGAGG;rbs_spacer=5-10bp;gc_cont=0.399;conf=100.00;score=66.34;cscore=53.62;sscore=12.72;rscore=12.75;uscore=-3.71;tscore=2.49;
contig_10	Prodigal_v2.6.3	CDS	176459	176770	59.1	+	0	ID=36_200;partial=00;start_type=ATG;rbs_motif=AGGAGG;rbs_spacer=5-10bp;gc_cont=0.388;conf=100.00;score=59.07;cscore=39.35;sscore=19.72;rscore=13.75;uscore=4.14;tscore=2.49;
contig_10	Prodigal_v2.6.3	CDS	176867	178387	243.4	-	0	ID=36_201;partial=00;start_type=ATG;rbs_motif=AGGAGG;rbs_spacer=5-10bp;gc_cont=0.433;conf=99.99;score=243.35;cscore=226.24;sscore=17.11;rscore=13.75;uscore=-0.26;tscore=2.49;
contig_10	Prodigal_v2.6.3	CDS	178401	179762	202.9	-	0	ID=36_202;partial=00;start_type=GTG;rbs_motif=AGGAG;rbs_spacer=5-10bp;gc_cont=0.421;conf=99.99;score=202.87;cscore=194.20;sscore=8.68;rscore=12.22;uscore=0.06;tscore=-3.61;
contig_10	Prodigal_v2.6.3	CDS	179935	181104	143.5	-	0	ID=36_203;partial=00;start_type=ATG;rbs_motif=AGxAGG/AGGxGG;rbs_spacer=5-10bp;gc_cont=0.350;conf=100.00;score=143.53;cscore=131.03;sscore=12.50;rscore=9.68;uscore=0.99;tscore=2.49;
contig_10	Prodigal_v2.6.3	CDS	181245	182489	184.0	+	0	ID=36_204;partial=00;start_type=ATG;rbs_motif=GGAG/GAGG;rbs_spacer=5-10bp;gc_cont=0.411;conf=99.99;score=184.05;cscore=169.32;sscore=14.73;rscore=8.24;uscore=4.00;tscore=2.49;
contig_10	Prodigal_v2.6.3	CDS	182534	183937	234.2	+	0	ID=36_205;partial=00;start_type=GTG;rbs_motif=GGA/GAG/AGG;rbs_spacer=5-10bp;gc_cont=0.415;conf=99.99;score=234.19;cscore=236.78;sscore=-2.59;rscore=-0.45;uscore=0.68;tscore=-3.61;
contig_10	Prodigal_v2.6.3	CDS	184036	185403	247.5	+	0	ID=36_206;partial=00;start_type=ATG;rbs_motif=AGxAGG/AGGxGG;rbs_spacer=5-10bp;gc_cont=0.414;conf=99.99;score=247.46;cscore=232.56;sscore=14.90;rscore=9.68;uscore=2.74;tscore=2.49;
contig_10	Prodigal_v2.6.3	CDS	185598	186860	198.3	+	0	ID=36_207;partial=00;start_type=ATG;rbs_motif=AGxAGG/AGGxGG;rbs_spacer=5-10bp;gc_cont=0.426;conf=99.99;score=198.30;cscore=184.95;sscore=13.35;rscore=9.68;uscore=1.84;tscore=2.49;
contig_10	Prodigal_v2.6.3	CDS	186985	188499	229.1	+	0	ID=36_208;partial=00;start_type=ATG;rbs_motif=AGGAG;rbs_spacer=5-10bp;gc_cont=0.403;conf=99.99;score=229.06;cscore=210.75;sscore=18.31;rscore=12.22;uscore=3.61;tscore=2.49;
contig_10	Prodigal_v2.6.3	CDS	188545	188754	43.2	+	0	ID=36_209;partial=00;start_type=ATG;rbs_motif=GGAG/GAGG;rbs_spacer=5-10bp;gc_cont=0.319;conf=100.00;score=43.22;cscore=31.58;sscore=11.63;rscore=6.82;uscore=1.97;tscore=2.06;
contig_10	Prodigal_v2.6.3	CDS	189001	190374	204.5	+	0	ID=36_210;partial=00;start_type=GTG;rbs_motif=GGAG/GAGG;rbs_spacer=5-10bp;gc_cont=0.392;conf=99.99;score=204.51;cscore=196.89;sscore=7.62;rscore=8.24;uscore=3.64;tscore=-3.61;
contig_10	Prodigal_v2.6.3	CDS	190528	191922	148.6	+	0	ID=36_211;partial=00;start_type=ATG;rbs_motif=GGAG/GAGG;rbs_spacer=5-10bp;gc_cont=0.378;conf=100.00;score=148.63;cscore=135.17;sscore=13.46;rscore=8.24;uscore=2.74;tscore=2.49;
contig_10	Prodigal_v2.6.3	CDS	191951	193033	92.1	+	0	ID=36_212;partial=00;start_type=TTG;rbs_motif=AGxAGG/AGGxGG;rbs_spacer=5-10bp;gc_cont=0.333;conf=100.00;score=92.11;cscore=82.12;sscore=9.99;rscore=9.68;uscore=4.04;tscore=-4.70;
contig_10	Prodigal_v2.6.3	CDS	193030	194142	154.1	+	0	ID=36_213;partial=00;start_type=ATG;rbs_motif=AGxAGG/AGGxGG;rbs_spacer=5-10bp;gc_cont=0.342;conf=100.00;score=154.12;cscore=138.03;sscore=16.09;rscore=9.68;uscore=2.63;tscore=2.49;
contig_10	Prodigal_v2.6.3	CDS	194179	194943	98.7	-	0	ID=36_214;partial=00;start_type=ATG;rbs_motif=GGAG/GAGG;rbs_spacer=5-10bp;gc_cont=0.373;conf=100.00;score=98.72;cscore=87.70;sscore=11.02;rscore=8.24;uscore=0.95;tscore=2.49;
contig_10	Prodigal_v2.6.3	CDS	195101	195730	58.0	+	0	ID=36_215;partial=00;start_type=ATG;rbs_motif=AGxAGG/AGGxGG;rbs_spacer=5-10bp;gc_cont=0.337;conf=100.00;score=58.00;cscore=44.11;sscore=13.88;rscore=9.68;uscore=1.72;tscore=2.49;
contig_10	Prodigal_v2.6.3	CDS	195854	196570	90.6	+	0	ID=36_216;partial=00;start_type=ATG;rbs_motif=3Base/5BMM;rbs_spacer=13-15bp;gc_cont=0.391;conf=100.00;score=90.59;cscore=91.65;sscore=-1.06;rscore=-6.44;uscore=2.89;tscore=2.49;
contig_10	Prodigal_v2.6.3	CDS	196875	197375	71.7	+	0	ID=36_217;partial=00;start_type=TTG;rbs_motif=AGxAGG/AGGxGG;rbs_spacer=5-10bp;gc_cont=0.417;conf=100.00;score=71.68;cscore=64.37;sscore=7.31;rscore=9.68;uscore=2.98;tscore=-4.70;
contig_10	Prodigal_v2.6.3	CDS	197471	197854	36.0	+	0	ID=36_218;partial=00;start_type=GTG;rbs_motif=GGA/GAG/AGG;rbs_spacer=11-12bp;gc_cont=0.357;conf=99.97;score=36.00;cscore=39.50;sscore=-3.50;rscore=-0.79;uscore=0.90;tscore=-3.61;
# Sequence Data: seqnum=37;seqlen=11984;seqhdr="contig_30"
# Model Data: version=Prodigal.v2.6.3;run_type=Single;model="Ab initio";gc_cont=37.70;transl_table=11;uses_sd=1
contig_30	Prodigal_v2.6.3	CDS	115	786	82.2	-	0	ID=37_1;partial=00;start_type=ATG;rbs_motif=AGxAGG/AGGxGG;rbs_spacer=5-10bp;gc_cont=0.323;conf=100.00;score=82.22;cscore=68.72;sscore=13.50;rscore=9.68;uscore=1.99;tscore=2.49;
contig_30	Prodigal_v2.6.3	CDS	1001	2284	252.1	+	0	ID=37_2;partial=00;start_type=ATG;rbs_motif=AGxAGG/AGGxGG;rbs_spacer=5-10bp;gc_cont=0.410;conf=99.99;score=252.14;cscore=236.11;sscore=16.03;rscore=9.68;uscore=3.87;tscore=2.49;
contig_30	Prodigal_v2.6.3	CDS	2397	3995	288.2	+	0	ID=37_3;partial=00;start_type=ATG;rbs_motif=AGxAGG/AGGxGG;rbs_spacer=11-12bp;gc_cont=0.408;conf=99.99;score=288.18;cscore=277.43;sscore=10.76;rscore=6.48;uscore=1.79;tscore=2.49;
contig_30	Prodigal_v2.6.3	CDS	4270	4935	114.3	-	0	ID=37_4;partial=00;start_type=ATG;rbs_motif=GGAG/GAGG;rbs_spacer=5-10bp;gc_cont=0.378;conf=100.00;score=114.27;cscore=102.76;sscore=11.51;rscore=8.24;uscore=1.44;tscore=2.49;
contig_30	Prodigal_v2.6.3	CDS	5065	5958	123.0	+	0	ID=37_5;partial=00;start_type=ATG;rbs_motif=GGAG/GAGG;rbs_spacer=5-10bp;gc_cont=0.366;conf=100.00;score=123.04;cscore=109.08;sscore=13.96;rscore=8.24;uscore=3.24;tscore=2.49;
contig_30	Prodigal_v2.6.3	CDS	6031	6426	72.9	+	0	ID=37_6;partial=00;start_type=ATG;rbs_motif=GGAG/GAGG;rbs_spacer=5-10bp;gc_cont=0.389;conf=100.00;score=72.90;cscore=58.00;sscore=14.90;rscore=8.24;uscore=4.17;tscore=2.49;
contig_30	Prodigal_v2.6.3	CDS	6431	7528	93.7	+	0	ID=37_7;partial=00;start_type=ATG;rbs_motif=GGAG/GAGG;rbs_spacer=5-10bp;gc_cont=0.368;conf=100.00;score=93.66;cscore=80.77;sscore=12.90;rscore=8.24;uscore=0.94;tscore=2.49;
contig_30	Prodigal_v2.6.3	CDS	7602	8273	124.5	+	0	ID=37_8;partial=00;start_type=ATG;rbs_motif=GGAGG;rbs_spacer=5-10bp;gc_cont=0.374;conf=100.00;score=124.52;cscore=108.32;sscore=16.20;rscore=12.75;uscore=0.96;tscore=2.49;
contig_30	Prodigal_v2.6.3	CDS	8270	9643	209.5	+	0	ID=37_9;partial=00;start_type=ATG;rbs_motif=GGAG/GAGG;rbs_spacer=5-10bp;gc_cont=0.370;conf=99.99;score=209.50;cscore=195.77;sscore=13.73;rscore=8.24;uscore=1.71;tscore=2.49;
contig_30	Prodigal_v2.6.3	CDS	9717	10124	47.8	+	0	ID=37_10;partial=00;start_type=ATG;rbs_motif=AGxAGG/AGGxGG;rbs_spacer=5-10bp;gc_cont=0.350;conf=100.00;score=47.78;cscore=35.49;sscore=12.28;rscore=9.68;uscore=0.12;tscore=2.49;
contig_30	Prodigal_v2.6.3	CDS	10169	11983	238.7	-	0	ID=37_11;partial=01;start_type=Edge;rbs_motif=None;rbs_spacer=None;gc_cont=0.413;conf=99.99;score=238.73;cscore=235.51;sscore=3.22;rscore=0.00;uscore=0.00;tscore=3.22;
# Sequence Data: seqnum=38;seqlen=7801;seqhdr="contig_31"
# Model Data: version=Prodigal.v2.6.3;run_type=Single;model="Ab initio";gc_cont=37.70;transl_table=11;uses_sd=1
contig_31	Prodigal_v2.6.3	CDS	3	224	11.2	+	0	ID=38_1;partial=10;start_type=Edge;rbs_motif=None;rbs_spacer=None;gc_cont=0.365;conf=92.86;score=11.16;cscore=7.94;sscore=3.22;rscore=0.00;uscore=0.00;tscore=3.22;
contig_31	Prodigal_v2.6.3	CDS	445	2151	339.5	-	0	ID=38_2;partial=00;start_type=ATG;rbs_motif=GGAG/GAGG;rbs_spacer=5-10bp;gc_cont=0.589;conf=99.99;score=339.45;cscore=331.63;sscore=7.82;rscore=8.24;uscore=-2.25;tscore=2.49;
contig_31	Prodigal_v2.6.3	CDS	2601	4022	185.7	-	0	ID=38_3;partial=00;start_type=ATG;rbs_motif=None;rbs_spacer=None;gc_cont=0.402;conf=99.99;score=185.74;cscore=189.39;sscore=-3.65;rscore=-9.56;uscore=2.30;tscore=2.49;
contig_31	Prodigal_v2.6.3	CDS	4037	4957	180.0	-	0	ID=38_4;partial=00;start_type=ATG;rbs_motif=GGAG/GAGG;rbs_spacer=5-10bp;gc_cont=0.381;conf=99.99;score=180.03;cscore=165.75;sscore=14.29;rscore=8.24;uscore=3.56;tscore=2.49;
contig_31	Prodigal_v2.6.3	CDS	5114	5494	53.6	-	0	ID=38_5;partial=00;start_type=ATG;rbs_motif=None;rbs_spacer=None;gc_cont=0.373;conf=100.00;score=53.55;cscore=61.00;sscore=-7.45;rscore=-9.56;uscore=-1.57;tscore=2.49;
contig_31	Prodigal_v2.6.3	CDS	5502	6098	57.1	-	0	ID=38_6;partial=00;start_type=TTG;rbs_motif=None;rbs_spacer=None;gc_cont=0.384;conf=100.00;score=57.07;cscore=75.81;sscore=-18.74;rscore=-9.56;uscore=-4.49;tscore=-4.70;
contig_31	Prodigal_v2.6.3	CDS	6062	6163	10.4	-	0	ID=38_7;partial=00;start_type=ATG;rbs_motif=AGGA;rbs_spacer=5-10bp;gc_cont=0.471;conf=91.62;score=10.40;cscore=7.33;sscore=3.08;rscore=1.67;uscore=1.07;tscore=0.98;
contig_31	Prodigal_v2.6.3	CDS	6396	6710	49.3	+	0	ID=38_8;partial=00;start_type=ATG;rbs_motif=AGGAG;rbs_spacer=5-10bp;gc_cont=0.359;conf=100.00;score=49.27;cscore=36.07;sscore=13.20;rscore=12.22;uscore=-1.51;tscore=2.49;
contig_31	Prodigal_v2.6.3	CDS	6982	7725	79.8	-	0	ID=38_9;partial=00;start_type=TTG;rbs_motif=None;rbs_spacer=None;gc_cont=0.394;conf=100.00;score=79.77;cscore=83.17;sscore=-3.40;rscore=-9.56;uscore=-1.35;tscore=-4.70;
contig_31	Prodigal_v2.6.3	CDS	7722	7799	0.7	-	0	ID=38_10;partial=01;start_type=Edge;rbs_motif=None;rbs_spacer=None;gc_cont=0.295;conf=53.89;score=0.68;cscore=-2.04;sscore=2.72;rscore=0.00;uscore=0.00;tscore=3.22;
# Sequence Data: seqnum=39;seqlen=104964;seqhdr="contig_5"
# Model Data: version=Prodigal.v2.6.3;run_type=Single;model="Ab initio";gc_cont=37.70;transl_table=11;uses_sd=1
contig_5	Prodigal_v2.6.3	CDS	2	298	48.8	-	0	ID=39_1;partial=10;start_type=ATG;rbs_motif=None;rbs_spacer=None;gc_cont=0.330;conf=100.00;score=48.81;cscore=45.03;sscore=3.78;rscore=-9.56;uscore=-3.26;tscore=2.49;
contig_5	Prodigal_v2.6.3	CDS	295	960	88.0	-	0	ID=39_2;partial=00;start_type=GTG;rbs_motif=GGAG/GAGG;rbs_spacer=5-10bp;gc_cont=0.341;conf=100.00;score=88.03;cscore=81.04;sscore=6.98;rscore=8.24;uscore=2.35;tscore=-3.61;
contig_5	Prodigal_v2.6.3	CDS	1102	3567	505.8	-	0	ID=39_3;partial=00;start_type=TTG;rbs_motif=AGGAGG;rbs_spacer=5-10bp;gc_cont=0.384;conf=99.99;score=505.75;cscore=495.19;sscore=10.56;rscore=13.75;uscore=0.51;tscore=-4.70;
contig_5	Prodigal_v2.6.3	CDS	3593	5518	377.9	-	0	ID=39_4;partial=00;start_type=GTG;rbs_motif=AGGAG/GGAGG;rbs_spacer=11-12bp;gc_cont=0.379;conf=99.99;score=377.90;cscore=370.78;sscore=7.12;rscore=9.05;uscore=1.68;tscore=-3.61;
contig_5	Prodigal_v2.6.3	CDS	5621	6736	160.1	-	0	ID=39_5;partial=00;start_type=ATG;rbs_motif=GGA/GAG/AGG;rbs_spacer=5-10bp;gc_cont=0.358;conf=100.00;score=160.14;cscore=156.63;sscore=3.51;rscore=-0.45;uscore=0.23;tscore=2.49;
contig_5	Prodigal_v2.6.3	CDS	6740	6964	44.3	-	0	ID=39_6;partial=00;start_type=ATG;rbs_motif=GGAGG;rbs_spacer=5-10bp;gc_cont=0.382;conf=100.00;score=44.33;cscore=30.98;sscore=13.35;rscore=11.33;uscore=-0.18;tscore=2.21;
contig_5	Prodigal_v2.6.3	CDS	7078	8214	227.3	-	0	ID=39_7;partial=00;start_type=ATG;rbs_motif=GGAG/GAGG;rbs_spacer=5-10bp;gc_cont=0.343;conf=99.99;score=227.34;cscore=211.67;sscore=15.67;rscore=8.24;uscore=4.94;tscore=2.49;
contig_5	Prodigal_v2.6.3	CDS	8384	9538	134.2	-	0	ID=39_8;partial=00;start_type=GTG;rbs_motif=None;rbs_spacer=None;gc_cont=0.387;conf=100.00;score=134.18;cscore=147.24;sscore=-13.07;rscore=-9.56;uscore=0.75;tscore=-3.61;
contig_5	Prodigal_v2.6.3	CDS	10327	10464	10.1	+	0	ID=39_9;partial=00;start_type=ATG;rbs_motif=AGGAGG;rbs_spacer=11-12bp;gc_cont=0.428;conf=91.05;score=10.09;cscore=1.81;sscore=8.29;rscore=5.76;uscore=1.18;tscore=1.34;
contig_5	Prodigal_v2.6.3	CDS	10565	10912	42.4	+	0	ID=39_10;partial=00;start_type=ATG;rbs_motif=AGxAGG/AGGxGG;rbs_spacer=5-10bp;gc_cont=0.359;conf=99.99;score=42.42;cscore=27.09;sscore=15.33;rscore=9.68;uscore=3.16;tscore=2.49;
contig_5	Prodigal_v2.6.3	CDS	11286	12131	87.5	+	0	ID=39_11;partial=00;start_type=TTG;rbs_motif=AGxAGG/AGGxGG;rbs_spacer=5-10bp;gc_cont=0.365;conf=100.00;score=87.48;cscore=79.91;sscore=7.57;rscore=9.68;uscore=3.24;tscore=-4.70;
contig_5	Prodigal_v2.6.3	CDS	12100	12852	111.7	+	0	ID=39_12;partial=00;start_type=TTG;rbs_motif=AGxAG;rbs_spacer=5-10bp;gc_cont=0.375;conf=100.00;score=111.74;cscore=127.61;sscore=-15.86;rscore=-8.29;uscore=-2.88;tscore=-4.70;
contig_5	Prodigal_v2.6.3	CDS	13102	14487	258.3	+	0	ID=39_13;partial=00;start_type=ATG;rbs_motif=AGGAGG;rbs_spacer=5-10bp;gc_cont=0.396;conf=99.99;score=258.28;cscore=243.33;sscore=14.95;rscore=13.75;uscore=-0.64;tscore=2.49;
contig_5	Prodigal_v2.6.3	CDS	14515	16407	381.6	+	0	ID=39_14;partial=00;start_type=ATG;rbs_motif=AGGA;rbs_spacer=5-10bp;gc_cont=0.387;conf=99.99;score=381.64;cscore=369.59;sscore=12.05;rscore=4.23;uscore=4.36;tscore=2.49;
contig_5	Prodigal_v2.6.3	CDS	16523	17239	117.8	+	0	ID=39_15;partial=00;start_type=ATG;rbs_motif=AGGAG;rbs_spacer=5-10bp;gc_cont=0.343;conf=100.00;score=117.79;cscore=103.73;sscore=14.06;rscore=12.22;uscore=-0.64;tscore=2.49;
contig_5	Prodigal_v2.6.3	CDS	17419	18318	168.6	+	0	ID=39_16;partial=00;start_type=ATG;rbs_motif=AGxAGG/AGGxGG;rbs_spacer=5-10bp;gc_cont=0.372;conf=100.00;score=168.59;cscore=154.92;sscore=13.67;rscore=9.68;uscore=2.16;tscore=2.49;
contig_5	Prodigal_v2.6.3	CDS	18542	19303	127.8	+	0	ID=39_17;partial=00;start_type=ATG;rbs_motif=AGxAGG/AGGxGG;rbs_spacer=5-10bp;gc_cont=0.360;conf=100.00;score=127.81;cscore=112.54;sscore=15.26;rscore=9.68;uscore=3.75;tscore=2.49;
contig_5	Prodigal_v2.6.3	CDS	19296	20144	140.4	+	0	ID=39_18;partial=00;start_type=ATG;rbs_motif=GGA/GAG/AGG;rbs_spacer=11-12bp;gc_cont=0.357;conf=100.00;score=140.44;cscore=135.92;sscore=4.52;rscore=-0.79;uscore=1.57;tscore=2.49;
contig_5	Prodigal_v2.6.3	CDS	20223	20936	111.6	+	0	ID=39_19;partial=00;start_type=GTG;rbs_motif=AGxAGG/AGGxGG;rbs_spacer=5-10bp;gc_cont=0.360;conf=100.00;score=111.65;cscore=104.30;sscore=7.34;rscore=9.68;uscore=1.27;tscore=-3.61;
contig_5	Prodigal_v2.6.3	CDS	20856	21488	50.5	-	0	ID=39_20;partial=00;start_type=ATG;rbs_motif=GGA/GAG/AGG;rbs_spacer=5-10bp;gc_cont=0.354;conf=100.00;score=50.45;cscore=43.69;sscore=6.77;rscore=-0.45;uscore=5.38;tscore=2.49;
contig_5	Prodigal_v2.6.3	CDS	21747	22451	97.1	+	0	ID=39_21;partial=00;start_type=ATG;rbs_motif=3Base/5BMM;rbs_spacer=13-15bp;gc_cont=0.374;conf=100.00;score=97.09;cscore=95.00;sscore=2.09;rscore=-6.44;uscore=6.04;tscore=2.49;
contig_5	Prodigal_v2.6.3	CDS	22453	22653	27.6	+	0	ID=39_22;partial=00;start_type=ATG;rbs_motif=AGGA/GGAG/GAGG;rbs_spacer=11-12bp;gc_cont=0.358;conf=99.82;score=27.56;cscore=19.38;sscore=8.18;rscore=2.52;uscore=2.44;tscore=1.97;
contig_5	Prodigal_v2.6.3	CDS	22751	23851	223.3	+	0	ID=39_23;partial=00;start_type=ATG;rbs_motif=GGA/GAG/AGG;rbs_spacer=11-12bp;gc_cont=0.383;conf=99.99;score=223.35;cscore=217.99;sscore=5.36;rscore=-0.79;uscore=3.66;tscore=2.49;
contig_5	Prodigal_v2.6.3	CDS	23937	24977	149.5	+	0	ID=39_24;partial=00;start_type=ATG;rbs_motif=GGAGG;rbs_spacer=5-10bp;gc_cont=0.360;conf=100.00;score=149.52;cscore=132.82;sscore=16.71;rscore=12.75;uscore=1.46;tscore=2.49;
contig_5	Prodigal_v2.6.3	CDS	25045	25614	65.5	-	0	ID=39_25;partial=00;start_type=ATG;rbs_motif=AGGAG;rbs_spacer=5-10bp;gc_cont=0.353;conf=100.00;score=65.47;cscore=51.25;sscore=14.22;rscore=12.22;uscore=0.16;tscore=2.49;
contig_5	Prodigal_v2.6.3	CDS	25791	26078	47.5	+	0	ID=39_26;partial=00;start_type=ATG;rbs_motif=AGGAGG;rbs_spacer=5-10bp;gc_cont=0.410;conf=100.00;score=47.49;cscore=31.93;sscore=15.56;rscore=13.75;uscore=-0.68;tscore=2.49;
contig_5	Prodigal_v2.6.3	CDS	26122	26688	99.6	+	0	ID=39_27;partial=00;start_type=ATG;rbs_motif=AGGAGG;rbs_spacer=5-10bp;gc_cont=0.448;conf=100.00;score=99.57;cscore=78.91;sscore=20.66;rscore=13.75;uscore=3.62;tscore=2.49;
contig_5	Prodigal_v2.6.3	CDS	26729	26965	39.2	+	0	ID=39_28;partial=00;start_type=ATG;rbs_motif=AGGAGG;rbs_spacer=5-10bp;gc_cont=0.401;conf=99.99;score=39.15;cscore=18.96;sscore=20.19;rscore=12.87;uscore=4.15;tscore=2.33;
contig_5	Prodigal_v2.6.3	CDS	27555	27809	25.5	+	0	ID=39_29;partial=00;start_type=ATG;rbs_motif=AGGAG;rbs_spacer=5-10bp;gc_cont=0.329;conf=99.72;score=25.52;cscore=10.96;sscore=14.56;rscore=12.22;uscore=0.50;tscore=2.49;
contig_5	Prodigal_v2.6.3	CDS	27814	28056	19.6	+	0	ID=39_30;partial=00;start_type=ATG;rbs_motif=None;rbs_spacer=None;gc_cont=0.300;conf=98.92;score=19.64;cscore=24.27;sscore=-4.63;rscore=-9.96;uscore=1.71;tscore=2.39;
contig_5	Prodigal_v2.6.3	CDS	28043	28795	89.1	+	0	ID=39_31;partial=00;start_type=ATG;rbs_motif=AGGAG;rbs_spacer=5-10bp;gc_cont=0.303;conf=100.00;score=89.14;cscore=71.53;sscore=17.61;rscore=12.22;uscore=1.72;tscore=2.49;
contig_5	Prodigal_v2.6.3	CDS	29258	30199	112.5	+	0	ID=39_32;partial=00;start_type=ATG;rbs_motif=AGGA;rbs_spacer=5-10bp;gc_cont=0.350;conf=100.00;score=112.51;cscore=102.89;sscore=9.62;rscore=4.23;uscore=3.56;tscore=2.49;
contig_5	Prodigal_v2.6.3	CDS	30213	32183	306.4	+	0	ID=39_33;partial=00;start_type=ATG;rbs_motif=GGA/GAG/AGG;rbs_spacer=11-12bp;gc_cont=0.393;conf=99.99;score=306.43;cscore=301.35;sscore=5.08;rscore=-0.79;uscore=2.26;tscore=2.49;
contig_5	Prodigal_v2.6.3	CDS	32183	32629	95.4	+	0	ID=39_34;partial=00;start_type=ATG;rbs_motif=GGAG/GAGG;rbs_spacer=5-10bp;gc_cont=0.367;conf=100.00;score=95.39;cscore=82.14;sscore=13.26;rscore=8.24;uscore=1.25;tscore=2.49;
contig_5	Prodigal_v2.6.3	CDS	32643	34004	261.4	+	0	ID=39_35;partial=00;start_type=ATG;rbs_motif=AGGAG;rbs_spacer=5-10bp;gc_cont=0.414;conf=99.99;score=261.42;cscore=243.18;sscore=18.24;rscore=12.22;uscore=2.40;tscore=2.49;
contig_5	Prodigal_v2.6.3	CDS	34250	35539	249.5	+	0	ID=39_36;partial=00;start_type=ATG;rbs_motif=GGAGG;rbs_spacer=5-10bp;gc_cont=0.404;conf=99.99;score=249.52;cscore=232.73;sscore=16.80;rscore=12.75;uscore=2.21;tscore=2.49;
contig_5	Prodigal_v2.6.3	CDS	35584	36501	118.0	-	0	ID=39_37;partial=00;start_type=TTG;rbs_motif=AGxAGG/AGGxGG;rbs_spacer=5-10bp;gc_cont=0.355;conf=100.00;score=118.05;cscore=111.01;sscore=7.03;rscore=9.68;uscore=2.70;tscore=-4.70;
contig_5	Prodigal_v2.6.3	CDS	36807	38285	238.1	+	0	ID=39_38;partial=00;start_type=TTG;rbs_motif=AGxAGG/AGGxGG;rbs_spacer=5-10bp;gc_cont=0.346;conf=99.99;score=238.11;cscore=236.40;sscore=1.71;rscore=9.68;uscore=-3.27;tscore=-4.70;
contig_5	Prodigal_v2.6.3	CDS	38500	39213	156.0	+	0	ID=39_39;partial=00;start_type=ATG;rbs_motif=GGAG/GAGG;rbs_spacer=5-10bp;gc_cont=0.375;conf=100.00;score=156.00;cscore=143.17;sscore=12.83;rscore=8.24;uscore=2.76;tscore=2.49;
contig_5	Prodigal_v2.6.3	CDS	39219	41084	307.5	+	0	ID=39_40;partial=00;start_type=ATG;rbs_motif=AGGAG;rbs_spacer=5-10bp;gc_cont=0.382;conf=99.99;score=307.47;cscore=289.86;sscore=17.60;rscore=12.22;uscore=1.68;tscore=2.49;
contig_5	Prodigal_v2.6.3	CDS	41075	42406	172.4	+	0	ID=39_41;partial=00;start_type=GTG;rbs_motif=GGAG/GAGG;rbs_spacer=5-10bp;gc_cont=0.335;conf=100.00;score=172.38;cscore=167.56;sscore=4.82;rscore=8.24;uscore=-1.04;tscore=-3.61;
contig_5	Prodigal_v2.6.3	CDS	42393	43217	122.6	+	0	ID=39_42;partial=00;start_type=ATG;rbs_motif=AGGAGG;rbs_spacer=5-10bp;gc_cont=0.347;conf=100.00;score=122.60;cscore=106.33;sscore=16.27;rscore=13.75;uscore=-1.15;tscore=2.49;
contig_5	Prodigal_v2.6.3	CDS	43217	44005	139.4	+	0	ID=39_43;partial=00;start_type=ATG;rbs_motif=GGAG/GAGG;rbs_spacer=5-10bp;gc_cont=0.381;conf=100.00;score=139.44;cscore=126.70;sscore=12.73;rscore=8.24;uscore=0.72;tscore=2.49;
contig_5	Prodigal_v2.6.3	CDS	44172	45467	253.1	+	0	ID=39_44;partial=00;start_type=ATG;rbs_motif=AGGA;rbs_spacer=5-10bp;gc_cont=0.389;conf=99.99;score=253.08;cscore=243.77;sscore=9.30;rscore=4.23;uscore=2.59;tscore=2.49;
contig_5	Prodigal_v2.6.3	CDS	45713	45877	17.8	+	0	ID=39_45;partial=00;start_type=ATG;rbs_motif=AGGAG;rbs_spacer=5-10bp;gc_cont=0.352;conf=98.34;score=17.76;cscore=6.35;sscore=11.41;rscore=7.92;uscore=2.53;tscore=1.61;
contig_5	Prodigal_v2.6.3	CDS	45968	46447	65.6	+	0	ID=39_46;partial=00;start_type=GTG;rbs_motif=AGxAGG/AGGxGG;rbs_spacer=5-10bp;gc_cont=0.444;conf=100.00;score=65.60;cscore=56.90;sscore=8.69;rscore=9.68;uscore=2.62;tscore=-3.61;
contig_5	Prodigal_v2.6.3	CDS	46576	47625	122.9	+	0	ID=39_47;partial=00;start_type=ATG;rbs_motif=GGA/GAG/AGG;rbs_spacer=5-10bp;gc_cont=0.294;conf=100.00;score=122.92;cscore=117.80;sscore=5.12;rscore=-0.45;uscore=3.08;tscore=2.49;
contig_5	Prodigal_v2.6.3	CDS	47823	48329	30.9	+	0	ID=39_48;partial=00;start_type=TTG;rbs_motif=None;rbs_spacer=None;gc_cont=0.302;conf=99.92;score=30.85;cscore=45.81;sscore=-14.96;rscore=-9.56;uscore=-0.05;tscore=-4.70;
contig_5	Prodigal_v2.6.3	CDS	50034	50552	42.0	+	0	ID=39_49;partial=00;start_type=ATG;rbs_motif=GGA/GAG/AGG;rbs_spacer=5-10bp;gc_cont=0.291;conf=99.99;score=42.02;cscore=42.73;sscore=-0.70;rscore=-0.45;uscore=-2.09;tscore=2.49;
contig_5	Prodigal_v2.6.3	CDS	50802	51263	38.0	-	0	ID=39_50;partial=00;start_type=TTG;rbs_motif=GGAG/GAGG;rbs_spacer=5-10bp;gc_cont=0.307;conf=99.98;score=38.03;cscore=31.50;sscore=6.53;rscore=8.24;uscore=3.63;tscore=-4.70;
contig_5	Prodigal_v2.6.3	CDS	52171	52953	99.3	+	0	ID=39_51;partial=00;start_type=ATG;rbs_motif=AGGAG/GGAGG;rbs_spacer=11-12bp;gc_cont=0.383;conf=100.00;score=99.25;cscore=83.58;sscore=15.67;rscore=9.05;uscore=4.13;tscore=2.49;
contig_5	Prodigal_v2.6.3	CDS	52985	53650	54.9	+	0	ID=39_52;partial=00;start_type=TTG;rbs_motif=AGGA;rbs_spacer=5-10bp;gc_cont=0.368;conf=100.00;score=54.92;cscore=50.55;sscore=4.37;rscore=4.23;uscore=3.90;tscore=-4.70;
contig_5	Prodigal_v2.6.3	CDS	53663	54406	94.6	+	0	ID=39_53;partial=00;start_type=TTG;rbs_motif=AGGAG;rbs_spacer=5-10bp;gc_cont=0.383;conf=100.00;score=94.63;cscore=84.76;sscore=9.86;rscore=12.22;uscore=1.20;tscore=-4.70;
contig_5	Prodigal_v2.6.3	CDS	54606	58403	622.0	-	0	ID=39_54;partial=00;start_type=TTG;rbs_motif=AGGAG/GGAGG;rbs_spacer=11-12bp;gc_cont=0.404;conf=99.99;score=622.00;cscore=615.24;sscore=6.75;rscore=9.05;uscore=3.05;tscore=-4.70;
contig_5	Prodigal_v2.6.3	CDS	58885	59385	54.1	+	0	ID=39_55;partial=00;start_type=ATG;rbs_motif=AGGAGG;rbs_spacer=5-10bp;gc_cont=0.347;conf=100.00;score=54.11;cscore=39.00;sscore=15.11;rscore=13.75;uscore=-1.13;tscore=2.49;
contig_5	Prodigal_v2.6.3	CDS	59490	60149	69.8	+	0	ID=39_56;partial=00;start_type=ATG;rbs_motif=GGAG/GAGG;rbs_spacer=5-10bp;gc_cont=0.414;conf=100.00;score=69.77;cscore=58.54;sscore=11.23;rscore=8.24;uscore=0.50;tscore=2.49;
contig_5	Prodigal_v2.6.3	CDS	60153	60623	54.6	+	0	ID=39_57;partial=00;start_type=ATG;rbs_motif=AGGAG;rbs_spacer=5-10bp;gc_cont=0.380;conf=100.00;score=54.58;cscore=35.80;sscore=18.77;rscore=12.22;uscore=2.82;tscore=2.49;
contig_5	Prodigal_v2.6.3	CDS	60616	61344	64.2	+	0	ID=39_58;partial=00;start_type=TTG;rbs_motif=GGAG/GAGG;rbs_spacer=5-10bp;gc_cont=0.401;conf=100.00;score=64.17;cscore=59.51;sscore=4.66;rscore=8.24;uscore=-0.13;tscore=-4.70;
contig_5	Prodigal_v2.6.3	CDS	61386	61925	80.3	+	0	ID=39_59;partial=00;start_type=TTG;rbs_motif=AGGAG;rbs_spacer=5-10bp;gc_cont=0.346;conf=100.00;score=80.27;cscore=71.92;sscore=8.35;rscore=12.22;uscore=0.00;tscore=-4.70;
contig_5	Prodigal_v2.6.3	CDS	62042	63232	108.8	-	0	ID=39_60;partial=00;start_type=ATG;rbs_motif=GGAG/GAGG;rbs_spacer=5-10bp;gc_cont=0.401;conf=100.00;score=108.82;cscore=100.03;sscore=8.79;rscore=8.24;uscore=-1.29;tscore=2.49;
contig_5	Prodigal_v2.6.3	CDS	63477	64724	133.7	+	0	ID=39_61;partial=00;start_type=ATG;rbs_motif=AGGAGG;rbs_spacer=5-10bp;gc_cont=0.346;conf=100.00;score=133.75;cscore=113.20;sscore=20.54;rscore=13.75;uscore=4.30;tscore=2.49;
contig_5	Prodigal_v2.6.3	CDS	64764	65747	151.7	-	0	ID=39_62;partial=00;start_type=ATG;rbs_motif=GGAG/GAGG;rbs_spacer=5-10bp;gc_cont=0.403;conf=100.00;score=151.65;cscore=139.09;sscore=12.57;rscore=8.24;uscore=2.49;tscore=2.49;
contig_5	Prodigal_v2.6.3	CDS	65972	66982	95.6	+	0	ID=39_63;partial=00;start_type=GTG;rbs_motif=AGxAGG/AGGxGG;rbs_spacer=5-10bp;gc_cont=0.371;conf=100.00;score=95.62;cscore=85.59;sscore=10.03;rscore=9.68;uscore=3.96;tscore=-3.61;
contig_5	Prodigal_v2.6.3	CDS	67143	67955	93.0	+	0	ID=39_64;partial=00;start_type=GTG;rbs_motif=GGxGG;rbs_spacer=5-10bp;gc_cont=0.311;conf=100.00;score=93.05;cscore=87.64;sscore=5.41;rscore=6.77;uscore=2.25;tscore=-3.61;
contig_5	Prodigal_v2.6.3	CDS	68103	68456	0.4	+	0	ID=39_65;partial=00;start_type=TTG;rbs_motif=None;rbs_spacer=None;gc_cont=0.336;conf=52.03;score=0.35;cscore=13.87;sscore=-13.52;rscore=-9.56;uscore=0.74;tscore=-4.70;
contig_5	Prodigal_v2.6.3	CDS	68474	69016	44.8	+	0	ID=39_66;partial=00;start_type=TTG;rbs_motif=GGA/GAG/AGG;rbs_spacer=5-10bp;gc_cont=0.333;conf=100.00;score=44.78;cscore=46.29;sscore=-1.52;rscore=-0.45;uscore=2.54;tscore=-4.70;
contig_5	Prodigal_v2.6.3	CDS	69171	69845	137.6	+	0	ID=39_67;partial=00;start_type=ATG;rbs_motif=AGGAG;rbs_spacer=5-10bp;gc_cont=0.379;conf=100.00;score=137.61;cscore=118.96;sscore=18.65;rscore=12.22;uscore=3.94;tscore=2.49;
contig_5	Prodigal_v2.6.3	CDS	70039	70593	71.5	+	0	ID=39_68;partial=00;start_type=ATG;rbs_motif=GGA/GAG/AGG;rbs_spacer=5-10bp;gc_cont=0.326;conf=100.00;score=71.53;cscore=67.75;sscore=3.78;rscore=-0.45;uscore=2.40;tscore=2.49;
contig_5	Prodigal_v2.6.3	CDS	70590	71678	148.3	+	0	ID=39_69;partial=00;start_type=ATG;rbs_motif=GGxGG;rbs_spacer=5-10bp;gc_cont=0.324;conf=100.00;score=148.35;cscore=137.23;sscore=11.12;rscore=6.77;uscore=0.57;tscore=2.49;
contig_5	Prodigal_v2.6.3	CDS	71723	72055	40.0	-	0	ID=39_70;partial=00;start_type=ATG;rbs_motif=AGGAG;rbs_spacer=5-10bp;gc_cont=0.381;conf=99.99;score=40.00;cscore=25.40;sscore=14.60;rscore=12.22;uscore=0.55;tscore=2.49;
contig_5	Prodigal_v2.6.3	CDS	72151	73695	155.1	+	0	ID=39_71;partial=00;start_type=ATG;rbs_motif=GGAG/GAGG;rbs_spacer=5-10bp;gc_cont=0.375;conf=100.00;score=155.08;cscore=139.32;sscore=15.76;rscore=8.24;uscore=5.03;tscore=2.49;
contig_5	Prodigal_v2.6.3	CDS	73749	75149	224.8	-	0	ID=39_72;partial=00;start_type=ATG;rbs_motif=AGGAG;rbs_spacer=5-10bp;gc_cont=0.369;conf=99.99;score=224.78;cscore=204.80;sscore=19.98;rscore=12.22;uscore=4.28;tscore=2.49;
contig_5	Prodigal_v2.6.3	CDS	75176	76522	238.4	-	0	ID=39_73;partial=00;start_type=ATG;rbs_motif=AGGAGG;rbs_spacer=5-10bp;gc_cont=0.379;conf=99.99;score=238.39;cscore=220.08;sscore=18.30;rscore=13.75;uscore=0.96;tscore=2.49;
contig_5	Prodigal_v2.6.3	CDS	76538	78079	216.9	-	0	ID=39_74;partial=00;start_type=ATG;rbs_motif=GGA/GAG/AGG;rbs_spacer=5-10bp;gc_cont=0.390;conf=99.99;score=216.93;cscore=212.53;sscore=4.40;rscore=-0.45;uscore=1.11;tscore=2.49;
contig_5	Prodigal_v2.6.3	CDS	78072	78479	51.0	-	0	ID=39_75;partial=00;start_type=ATG;rbs_motif=None;rbs_spacer=None;gc_cont=0.348;conf=100.00;score=50.98;cscore=56.69;sscore=-5.71;rscore=-9.56;uscore=1.36;tscore=2.49;
contig_5	Prodigal_v2.6.3	CDS	78642	78788	4.4	-	0	ID=39_76;partial=00;start_type=ATG;rbs_motif=GGA/GAG/AGG;rbs_spacer=5-10bp;gc_cont=0.320;conf=73.17;score=4.36;cscore=3.65;sscore=0.72;rscore=-0.78;uscore=0.72;tscore=1.43;
contig_5	Prodigal_v2.6.3	CDS	79039	79245	27.0	+	0	ID=39_77;partial=00;start_type=ATG;rbs_motif=AGGA;rbs_spacer=5-10bp;gc_cont=0.382;conf=99.80;score=26.97;cscore=21.12;sscore=5.85;rscore=3.45;uscore=0.38;tscore=2.03;
contig_5	Prodigal_v2.6.3	CDS	79468	79692	22.2	+	0	ID=39_78;partial=00;start_type=TTG;rbs_motif=AGGA/GGAG/GAGG;rbs_spacer=11-12bp;gc_cont=0.333;conf=99.40;score=22.25;cscore=27.18;sscore=-4.93;rscore=2.82;uscore=-1.81;tscore=-5.29;
contig_5	Prodigal_v2.6.3	CDS	79761	80252	51.6	-	0	ID=39_79;partial=00;start_type=ATG;rbs_motif=AGxAGG/AGGxGG;rbs_spacer=5-10bp;gc_cont=0.364;conf=100.00;score=51.63;cscore=37.30;sscore=14.33;rscore=9.68;uscore=2.81;tscore=2.49;
contig_5	Prodigal_v2.6.3	CDS	80408	80557	3.8	+	0	ID=39_80;partial=00;start_type=TTG;rbs_motif=AGGAG;rbs_spacer=5-10bp;gc_cont=0.240;conf=70.60;score=3.81;cscore=4.54;sscore=-0.73;rscore=7.19;uscore=0.07;tscore=-7.99;
contig_5	Prodigal_v2.6.3	CDS	80682	81239	44.0	+	0	ID=39_81;partial=00;start_type=ATG;rbs_motif=AGGAG;rbs_spacer=5-10bp;gc_cont=0.339;conf=100.00;score=44.04;cscore=25.74;sscore=18.30;rscore=12.22;uscore=3.59;tscore=2.49;
contig_5	Prodigal_v2.6.3	CDS	81236	81811	65.6	+	0	ID=39_82;partial=00;start_type=ATG;rbs_motif=GGAG/GAGG;rbs_spacer=5-10bp;gc_cont=0.332;conf=100.00;score=65.60;cscore=51.65;sscore=13.95;rscore=8.24;uscore=1.93;tscore=2.49;
contig_5	Prodigal_v2.6.3	CDS	81919	82173	14.0	+	0	ID=39_83;partial=00;start_type=ATG;rbs_motif=None;rbs_spacer=None;gc_cont=0.369;conf=96.19;score=14.04;cscore=20.24;sscore=-6.20;rscore=-9.56;uscore=0.87;tscore=2.49;
contig_5	Prodigal_v2.6.3	CDS	82269	83033	85.8	+	0	ID=39_84;partial=00;start_type=ATG;rbs_motif=AGGA/GGAG/GAGG;rbs_spacer=11-12bp;gc_cont=0.349;conf=100.00;score=85.85;cscore=74.90;sscore=10.95;rscore=3.18;uscore=5.29;tscore=2.49;
contig_5	Prodigal_v2.6.3	CDS	83423	83521	7.1	+	0	ID=39_85;partial=00;start_type=ATG;rbs_motif=AGGA;rbs_spacer=5-10bp;gc_cont=0.354;conf=83.72;score=7.12;cscore=5.42;sscore=1.70;rscore=1.62;uscore=-0.22;tscore=0.95;
contig_5	Prodigal_v2.6.3	CDS	83530	83850	15.1	+	0	ID=39_86;partial=00;start_type=GTG;rbs_motif=None;rbs_spacer=None;gc_cont=0.352;conf=97.01;score=15.14;cscore=27.56;sscore=-12.43;rscore=-9.56;uscore=-0.45;tscore=-3.61;
contig_5	Prodigal_v2.6.3	CDS	83855	84904	181.3	+	0	ID=39_87;partial=00;start_type=ATG;rbs_motif=None;rbs_spacer=None;gc_cont=0.369;conf=99.99;score=181.32;cscore=186.35;sscore=-5.03;rscore=-9.56;uscore=0.82;tscore=2.49;
contig_5	Prodigal_v2.6.3	CDS	85152	86231	140.4	+	0	ID=39_88;partial=00;start_type=ATG;rbs_motif=AGGA/GGAG/GAGG;rbs_spacer=11-12bp;gc_cont=0.355;conf=100.00;score=140.35;cscore=132.30;sscore=8.06;rscore=3.18;uscore=3.05;tscore=2.49;
contig_5	Prodigal_v2.6.3	CDS	86356	86637	13.2	-	0	ID=39_89;partial=00;start_type=ATG;rbs_motif=GGAGG;rbs_spacer=5-10bp;gc_cont=0.362;conf=95.42;score=13.21;cscore=-2.82;sscore=16.04;rscore=12.75;uscore=-0.87;tscore=2.49;
contig_5	Prodigal_v2.6.3	CDS	86634	87293	48.2	-	0	ID=39_90;partial=00;start_type=ATG;rbs_motif=GGAG/GAGG;rbs_spacer=5-10bp;gc_cont=0.370;conf=100.00;score=48.22;cscore=33.24;sscore=14.98;rscore=8.24;uscore=4.25;tscore=2.49;
contig_5	Prodigal_v2.6.3	CDS	87433	87840	34.7	-	0	ID=39_91;partial=00;start_type=ATG;rbs_motif=GGA/GAG/AGG;rbs_spacer=5-10bp;gc_cont=0.328;conf=99.97;score=34.69;cscore=29.52;sscore=5.17;rscore=-0.45;uscore=3.13;tscore=2.49;
contig_5	Prodigal_v2.6.3	CDS	87928	88959	102.4	-	0	ID=39_92;partial=00;start_type=ATG;rbs_motif=AGxAGG/AGGxGG;rbs_spacer=5-10bp;gc_cont=0.369;conf=100.00;score=102.39;cscore=90.45;sscore=11.95;rscore=9.68;uscore=-1.36;tscore=2.49;
contig_5	Prodigal_v2.6.3	CDS	88972	89583	35.6	-	0	ID=39_93;partial=00;start_type=ATG;rbs_motif=GGAG/GAGG;rbs_spacer=5-10bp;gc_cont=0.332;conf=99.97;score=35.56;cscore=23.64;sscore=11.92;rscore=8.24;uscore=0.43;tscore=2.49;
contig_5	Prodigal_v2.6.3	CDS	89631	90038	64.0	-	0	ID=39_94;partial=00;start_type=ATG;rbs_motif=GGAGG;rbs_spacer=5-10bp;gc_cont=0.321;conf=100.00;score=64.02;cscore=46.72;sscore=17.30;rscore=12.75;uscore=0.77;tscore=2.49;
contig_5	Prodigal_v2.6.3	CDS	90035	90364	51.7	-	0	ID=39_95;partial=00;start_type=ATG;rbs_motif=AGxAGG/AGGxGG;rbs_spacer=5-10bp;gc_cont=0.352;conf=100.00;score=51.73;cscore=37.61;sscore=14.12;rscore=9.68;uscore=2.61;tscore=2.49;
contig_5	Prodigal_v2.6.3	CDS	90544	91734	132.8	-	0	ID=39_96;partial=00;start_type=TTG;rbs_motif=AGGAG;rbs_spacer=5-10bp;gc_cont=0.391;conf=100.00;score=132.82;cscore=124.29;sscore=8.53;rscore=12.22;uscore=1.66;tscore=-4.70;
contig_5	Prodigal_v2.6.3	CDS	91919	94660	430.0	+	0	ID=39_97;partial=00;start_type=ATG;rbs_motif=AGGA;rbs_spacer=5-10bp;gc_cont=0.364;conf=99.99;score=429.98;cscore=417.71;sscore=12.27;rscore=4.23;uscore=5.55;tscore=2.49;
contig_5	Prodigal_v2.6.3	CDS	94666	95523	102.3	+	0	ID=39_98;partial=00;start_type=ATG;rbs_motif=GGAG/GAGG;rbs_spacer=5-10bp;gc_cont=0.329;conf=100.00;score=102.31;cscore=88.61;sscore=13.70;rscore=8.24;uscore=1.75;tscore=2.49;
contig_5	Prodigal_v2.6.3	CDS	95563	96711	147.9	-	0	ID=39_99;partial=00;start_type=ATG;rbs_motif=GGA/GAG/AGG;rbs_spacer=5-10bp;gc_cont=0.359;conf=100.00;score=147.89;cscore=144.60;sscore=3.30;rscore=-0.45;uscore=1.26;tscore=2.49;
contig_5	Prodigal_v2.6.3	CDS	96863	97870	110.2	-	0	ID=39_100;partial=00;start_type=ATG;rbs_motif=AGGAGG;rbs_spacer=5-10bp;gc_cont=0.344;conf=100.00;score=110.19;cscore=93.69;sscore=16.50;rscore=13.75;uscore=0.91;tscore=2.49;
contig_5	Prodigal_v2.6.3	CDS	98001	99257	154.4	+	0	ID=39_101;partial=00;start_type=ATG;rbs_motif=GGAGG;rbs_spacer=5-10bp;gc_cont=0.348;conf=100.00;score=154.44;cscore=137.67;sscore=16.77;rscore=12.75;uscore=1.53;tscore=2.49;
contig_5	Prodigal_v2.6.3	CDS	99570	99728	6.3	-	0	ID=39_102;partial=00;start_type=ATG;rbs_motif=GGAGG;rbs_spacer=5-10bp;gc_cont=0.302;conf=81.08;score=6.33;cscore=-0.07;sscore=6.40;rscore=7.96;uscore=-1.96;tscore=1.55;
contig_5	Prodigal_v2.6.3	CDS	99935	100159	44.8	+	0	ID=39_103;partial=00;start_type=ATG;rbs_motif=GGA/GAG/AGG;rbs_spacer=5-10bp;gc_cont=0.382;conf=100.00;score=44.82;cscore=37.84;sscore=6.97;rscore=-0.51;uscore=5.27;tscore=2.21;
contig_5	Prodigal_v2.6.3	CDS	100331	100822	49.9	-	0	ID=39_104;partial=00;start_type=GTG;rbs_motif=GGA/GAG/AGG;rbs_spacer=5-10bp;gc_cont=0.409;conf=100.00;score=49.95;cscore=51.37;sscore=-1.42;rscore=-0.45;uscore=3.29;tscore=-3.61;
contig_5	Prodigal_v2.6.3	CDS	101067	101390	14.8	-	0	ID=39_105;partial=00;start_type=ATG;rbs_motif=3Base/5BMM;rbs_spacer=13-15bp;gc_cont=0.383;conf=96.80;score=14.83;cscore=18.04;sscore=-3.21;rscore=-6.44;uscore=-0.47;tscore=2.49;
contig_5	Prodigal_v2.6.3	CDS	101380	101733	18.9	-	0	ID=39_106;partial=00;start_type=GTG;rbs_motif=AGxAG;rbs_spacer=5-10bp;gc_cont=0.381;conf=98.73;score=18.94;cscore=28.62;sscore=-9.68;rscore=-8.29;uscore=2.22;tscore=-3.61;
contig_5	Prodigal_v2.6.3	CDS	101708	101953	39.8	-	0	ID=39_107;partial=00;start_type=ATG;rbs_motif=GGxGG;rbs_spacer=5-10bp;gc_cont=0.362;conf=99.99;score=39.82;cscore=29.91;sscore=9.91;rscore=6.58;uscore=1.56;tscore=2.42;
contig_5	Prodigal_v2.6.3	CDS	102149	103132	171.4	-	0	ID=39_108;partial=00;start_type=ATG;rbs_motif=AGGAG;rbs_spacer=5-10bp;gc_cont=0.378;conf=100.00;score=171.45;cscore=156.11;sscore=15.34;rscore=12.22;uscore=1.28;tscore=2.49;
contig_5	Prodigal_v2.6.3	CDS	103368	103787	69.4	+	0	ID=39_109;partial=00;start_type=ATG;rbs_motif=AGGAG;rbs_spacer=5-10bp;gc_cont=0.383;conf=100.00;score=69.36;cscore=51.27;sscore=18.09;rscore=12.22;uscore=3.38;tscore=2.49;
contig_5	Prodigal_v2.6.3	CDS	103849	104712	149.5	-	0	ID=39_110;partial=00;start_type=ATG;rbs_motif=GGA/GAG/AGG;rbs_spacer=11-12bp;gc_cont=0.409;conf=100.00;score=149.51;cscore=150.50;sscore=-0.99;rscore=-0.79;uscore=-2.69;tscore=2.49;
contig_5	Prodigal_v2.6.3	CDS	104684	104962	28.3	-	0	ID=39_111;partial=01;start_type=Edge;rbs_motif=None;rbs_spacer=None;gc_cont=0.355;conf=99.85;score=28.32;cscore=25.10;sscore=3.22;rscore=0.00;uscore=0.00;tscore=3.22;
# Sequence Data: seqnum=40;seqlen=62677;seqhdr="contig_25"
# Model Data: version=Prodigal.v2.6.3;run_type=Single;model="Ab initio";gc_cont=37.70;transl_table=11;uses_sd=1
contig_25	Prodigal_v2.6.3	CDS	3	662	113.8	+	0	ID=40_1;partial=10;start_type=Edge;rbs_motif=None;rbs_spacer=None;gc_cont=0.389;conf=100.00;score=113.80;cscore=110.58;sscore=3.22;rscore=0.00;uscore=0.00;tscore=3.22;
contig_25	Prodigal_v2.6.3	CDS	726	1796	123.5	+	0	ID=40_2;partial=00;start_type=ATG;rbs_motif=AGGAG/GGAGG;rbs_spacer=11-12bp;gc_cont=0.388;conf=100.00;score=123.52;cscore=114.39;sscore=9.13;rscore=9.05;uscore=-2.41;tscore=2.49;
contig_25	Prodigal_v2.6.3	CDS	1793	2935	177.7	+	0	ID=40_3;partial=00;start_type=ATG;rbs_motif=AGxAGG/AGGxGG;rbs_spacer=5-10bp;gc_cont=0.419;conf=100.00;score=177.72;cscore=161.25;sscore=16.47;rscore=9.68;uscore=3.01;tscore=2.49;
contig_25	Prodigal_v2.6.3	CDS	2941	3612	94.8	+	0	ID=40_4;partial=00;start_type=ATG;rbs_motif=GGAG/GAGG;rbs_spacer=5-10bp;gc_cont=0.378;conf=100.00;score=94.79;cscore=78.50;sscore=16.30;rscore=8.24;uscore=4.35;tscore=2.49;
contig_25	Prodigal_v2.6.3	CDS	3659	3976	39.6	-	0	ID=40_5;partial=00;start_type=ATG;rbs_motif=AGGAG/GGAGG;rbs_spacer=11-12bp;gc_cont=0.374;conf=99.99;score=39.59;cscore=28.44;sscore=11.15;rscore=9.05;uscore=0.26;tscore=2.49;
contig_25	Prodigal_v2.6.3	CDS	4114	4260	20.4	+	0	ID=40_6;partial=00;start_type=ATG;rbs_motif=GGAG/GAGG;rbs_spacer=5-10bp;gc_cont=0.347;conf=99.08;score=20.37;cscore=11.17;sscore=9.20;rscore=4.75;uscore=3.02;tscore=1.43;
contig_25	Prodigal_v2.6.3	CDS	4290	4451	27.3	+	0	ID=40_7;partial=00;start_type=ATG;rbs_motif=GGAG/GAGG;rbs_spacer=5-10bp;gc_cont=0.321;conf=99.81;score=27.34;cscore=17.96;sscore=9.39;rscore=5.24;uscore=1.61;tscore=1.58;
contig_25	Prodigal_v2.6.3	CDS	4791	5729	177.2	+	0	ID=40_8;partial=00;start_type=ATG;rbs_motif=AGGA/GGAG/GAGG;rbs_spacer=11-12bp;gc_cont=0.378;conf=100.00;score=177.20;cscore=167.49;sscore=9.71;rscore=3.18;uscore=4.70;tscore=2.49;
contig_25	Prodigal_v2.6.3	CDS	5854	7005	167.1	-	0	ID=40_9;partial=00;start_type=ATG;rbs_motif=AGGAG;rbs_spacer=5-10bp;gc_cont=0.357;conf=100.00;score=167.10;cscore=147.62;sscore=19.49;rscore=12.22;uscore=4.78;tscore=2.49;
contig_25	Prodigal_v2.6.3	CDS	7136	8560	218.2	-	0	ID=40_10;partial=00;start_type=ATG;rbs_motif=GGAG/GAGG;rbs_spacer=5-10bp;gc_cont=0.411;conf=99.99;score=218.16;cscore=206.13;sscore=12.03;rscore=8.24;uscore=1.96;tscore=2.49;
contig_25	Prodigal_v2.6.3	CDS	8778	9596	162.6	-	0	ID=40_11;partial=00;start_type=ATG;rbs_motif=AGGAGG;rbs_spacer=5-10bp;gc_cont=0.424;conf=100.00;score=162.64;cscore=145.81;sscore=16.82;rscore=13.75;uscore=0.58;tscore=2.49;
contig_25	Prodigal_v2.6.3	CDS	9660	10469	116.3	-	0	ID=40_12;partial=00;start_type=ATG;rbs_motif=GGAG/GAGG;rbs_spacer=5-10bp;gc_cont=0.405;conf=100.00;score=116.26;cscore=104.20;sscore=12.06;rscore=8.24;uscore=0.04;tscore=2.49;
contig_25	Prodigal_v2.6.3	CDS	10466	12181	271.5	-	0	ID=40_13;partial=00;start_type=ATG;rbs_motif=AGxAGG/AGGxGG;rbs_spacer=5-10bp;gc_cont=0.405;conf=99.99;score=271.45;cscore=262.46;sscore=9.00;rscore=9.68;uscore=-4.42;tscore=2.49;
contig_25	Prodigal_v2.6.3	CDS	12174	13559	224.6	-	0	ID=40_14;partial=00;start_type=ATG;rbs_motif=GGAGG;rbs_spacer=5-10bp;gc_cont=0.401;conf=99.99;score=224.64;cscore=209.92;sscore=14.72;rscore=12.75;uscore=0.13;tscore=2.49;
contig_25	Prodigal_v2.6.3	CDS	13807	14727	148.6	+	0	ID=40_15;partial=00;start_type=ATG;rbs_motif=AGGAG/GGAGG;rbs_spacer=11-12bp;gc_cont=0.380;conf=100.00;score=148.58;cscore=133.86;sscore=14.72;rscore=9.05;uscore=3.18;tscore=2.49;
contig_25	Prodigal_v2.6.3	CDS	14740	15666	164.0	-	0	ID=40_16;partial=00;start_type=ATG;rbs_motif=GGAG/GAGG;rbs_spacer=5-10bp;gc_cont=0.413;conf=100.00;score=164.00;cscore=153.98;sscore=10.02;rscore=8.24;uscore=-1.47;tscore=2.49;
contig_25	Prodigal_v2.6.3	CDS	15714	16163	97.1	-	0	ID=40_17;partial=00;start_type=GTG;rbs_motif=AGGAGG;rbs_spacer=5-10bp;gc_cont=0.387;conf=100.00;score=97.12;cscore=83.41;sscore=13.70;rscore=13.75;uscore=3.56;tscore=-3.61;
contig_25	Prodigal_v2.6.3	CDS	16239	17000	134.3	-	0	ID=40_18;partial=00;start_type=ATG;rbs_motif=GGAGG;rbs_spacer=5-10bp;gc_cont=0.398;conf=100.00;score=134.31;cscore=119.70;sscore=14.61;rscore=12.75;uscore=-0.63;tscore=2.49;
contig_25	Prodigal_v2.6.3	CDS	17143	18357	176.4	-	0	ID=40_19;partial=00;start_type=ATG;rbs_motif=AGxAGG/AGGxGG;rbs_spacer=5-10bp;gc_cont=0.388;conf=100.00;score=176.41;cscore=163.89;sscore=12.52;rscore=9.68;uscore=0.36;tscore=2.49;
contig_25	Prodigal_v2.6.3	CDS	18493	19473	180.8	-	0	ID=40_20;partial=00;start_type=GTG;rbs_motif=GGAGG;rbs_spacer=5-10bp;gc_cont=0.367;conf=99.99;score=180.81;cscore=169.02;sscore=11.79;rscore=12.75;uscore=3.29;tscore=-3.61;
contig_25	Prodigal_v2.6.3	CDS	19633	20634	125.9	+	0	ID=40_21;partial=00;start_type=ATG;rbs_motif=GGA/GAG/AGG;rbs_spacer=11-12bp;gc_cont=0.392;conf=100.00;score=125.88;cscore=119.37;sscore=6.51;rscore=-0.79;uscore=4.81;tscore=2.49;
contig_25	Prodigal_v2.6.3	CDS	20634	21689	140.8	+	0	ID=40_22;partial=00;start_type=ATG;rbs_motif=AGxAGG/AGGxGG;rbs_spacer=5-10bp;gc_cont=0.383;conf=100.00;score=140.77;cscore=127.32;sscore=13.45;rscore=9.68;uscore=-0.39;tscore=2.49;
contig_25	Prodigal_v2.6.3	CDS	21705	22499	133.4	+	0	ID=40_23;partial=00;start_type=ATG;rbs_motif=AGGAG;rbs_spacer=5-10bp;gc_cont=0.371;conf=100.00;score=133.38;cscore=112.75;sscore=20.63;rscore=12.22;uscore=4.81;tscore=2.49;
contig_25	Prodigal_v2.6.3	CDS	24899	25978	122.0	-	0	ID=40_24;partial=00;start_type=ATG;rbs_motif=GGAG/GAGG;rbs_spacer=5-10bp;gc_cont=0.399;conf=100.00;score=122.04;cscore=109.65;sscore=12.39;rscore=8.24;uscore=2.32;tscore=2.49;
contig_25	Prodigal_v2.6.3	CDS	26070	27632	201.2	+	0	ID=40_25;partial=00;start_type=ATG;rbs_motif=AGxAGG/AGGxGG;rbs_spacer=5-10bp;gc_cont=0.396;conf=99.99;score=201.20;cscore=187.01;sscore=14.19;rscore=9.68;uscore=2.03;tscore=2.49;
contig_25	Prodigal_v2.6.3	CDS	27613	28473	137.9	+	0	ID=40_26;partial=00;start_type=ATG;rbs_motif=GGAG/GAGG;rbs_spacer=5-10bp;gc_cont=0.396;conf=100.00;score=137.92;cscore=125.42;sscore=12.50;rscore=8.24;uscore=1.77;tscore=2.49;
contig_25	Prodigal_v2.6.3	CDS	28460	29563	130.7	+	0	ID=40_27;partial=00;start_type=TTG;rbs_motif=AGGAG;rbs_spacer=5-10bp;gc_cont=0.390;conf=100.00;score=130.67;cscore=121.38;sscore=9.29;rscore=12.22;uscore=0.58;tscore=-4.70;
contig_25	Prodigal_v2.6.3	CDS	29729	30145	67.8	+	0	ID=40_28;partial=00;start_type=ATG;rbs_motif=GGAGG;rbs_spacer=5-10bp;gc_cont=0.326;conf=100.00;score=67.84;cscore=54.99;sscore=12.86;rscore=12.75;uscore=-2.38;tscore=2.49;
contig_25	Prodigal_v2.6.3	CDS	37188	37457	13.0	-	0	ID=40_29;partial=00;start_type=ATG;rbs_motif=None;rbs_spacer=None;gc_cont=0.278;conf=95.20;score=12.99;cscore=19.97;sscore=-6.98;rscore=-9.56;uscore=0.09;tscore=2.49;
contig_25	Prodigal_v2.6.3	CDS	37430	38086	68.9	-	0	ID=40_30;partial=00;start_type=TTG;rbs_motif=AGxAGG/AGGxGG;rbs_spacer=5-10bp;gc_cont=0.356;conf=100.00;score=68.86;cscore=62.32;sscore=6.54;rscore=9.68;uscore=2.21;tscore=-4.70;
contig_25	Prodigal_v2.6.3	CDS	38219	38941	116.1	+	0	ID=40_31;partial=00;start_type=ATG;rbs_motif=GGAGG;rbs_spacer=5-10bp;gc_cont=0.349;conf=100.00;score=116.09;cscore=101.36;sscore=14.73;rscore=12.75;uscore=-0.51;tscore=2.49;
contig_25	Prodigal_v2.6.3	CDS	38956	39939	163.1	+	0	ID=40_32;partial=00;start_type=ATG;rbs_motif=GGAGG;rbs_spacer=5-10bp;gc_cont=0.384;conf=100.00;score=163.07;cscore=143.32;sscore=19.75;rscore=12.75;uscore=3.38;tscore=2.49;
contig_25	Prodigal_v2.6.3	CDS	39993	40505	55.7	-	0	ID=40_33;partial=00;start_type=GTG;rbs_motif=None;rbs_spacer=None;gc_cont=0.327;conf=100.00;score=55.65;cscore=65.72;sscore=-10.07;rscore=-9.56;uscore=1.87;tscore=-3.61;
contig_25	Prodigal_v2.6.3	CDS	40510	40692	27.6	-	0	ID=40_34;partial=00;start_type=ATG;rbs_motif=AGGAG;rbs_spacer=5-10bp;gc_cont=0.279;conf=99.82;score=27.57;cscore=13.37;sscore=14.20;rscore=8.80;uscore=4.26;tscore=1.79;
contig_25	Prodigal_v2.6.3	CDS	41053	41286	2.9	-	0	ID=40_35;partial=00;start_type=GTG;rbs_motif=3Base/5BMM;rbs_spacer=13-15bp;gc_cont=0.393;conf=66.24;score=2.93;cscore=15.81;sscore=-12.88;rscore=-6.97;uscore=-2.00;tscore=-3.91;
contig_25	Prodigal_v2.6.3	CDS	41261	42088	105.8	-	0	ID=40_36;partial=00;start_type=TTG;rbs_motif=GGxGG;rbs_spacer=5-10bp;gc_cont=0.397;conf=100.00;score=105.76;cscore=101.95;sscore=3.82;rscore=6.77;uscore=1.74;tscore=-4.70;
contig_25	Prodigal_v2.6.3	CDS	42039	42212	9.5	-	0	ID=40_37;partial=00;start_type=ATG;rbs_motif=GGA/GAG/AGG;rbs_spacer=5-10bp;gc_cont=0.345;conf=89.88;score=9.50;cscore=7.38;sscore=2.12;rscore=-0.66;uscore=1.73;tscore=1.70;
contig_25	Prodigal_v2.6.3	CDS	42580	43824	256.5	-	0	ID=40_38;partial=00;start_type=ATG;rbs_motif=GGAG/GAGG;rbs_spacer=5-10bp;gc_cont=0.405;conf=99.99;score=256.52;cscore=242.11;sscore=14.41;rscore=8.24;uscore=3.68;tscore=2.49;
contig_25	Prodigal_v2.6.3	CDS	43908	45101	252.0	-	0	ID=40_39;partial=00;start_type=ATG;rbs_motif=AGGAG;rbs_spacer=5-10bp;gc_cont=0.376;conf=99.99;score=251.97;cscore=234.21;sscore=17.75;rscore=12.22;uscore=3.70;tscore=2.49;
contig_25	Prodigal_v2.6.3	CDS	45352	46896	292.5	-	0	ID=40_40;partial=00;start_type=ATG;rbs_motif=GGAGG;rbs_spacer=5-10bp;gc_cont=0.425;conf=99.99;score=292.46;cscore=280.09;sscore=12.36;rscore=12.75;uscore=-2.23;tscore=2.49;
contig_25	Prodigal_v2.6.3	CDS	47042	48349	190.9	+	0	ID=40_41;partial=00;start_type=ATG;rbs_motif=AGGA/GGAG/GAGG;rbs_spacer=11-12bp;gc_cont=0.362;conf=99.99;score=190.95;cscore=184.30;sscore=6.65;rscore=3.18;uscore=0.99;tscore=2.49;
contig_25	Prodigal_v2.6.3	CDS	48391	48738	55.5	-	0	ID=40_42;partial=00;start_type=TTG;rbs_motif=AGGAG;rbs_spacer=5-10bp;gc_cont=0.402;conf=100.00;score=55.47;cscore=45.51;sscore=9.96;rscore=12.22;uscore=2.43;tscore=-4.70;
contig_25	Prodigal_v2.6.3	CDS	48855	50507	217.6	-	0	ID=40_43;partial=00;start_type=ATG;rbs_motif=GGAG/GAGG;rbs_spacer=5-10bp;gc_cont=0.334;conf=99.99;score=217.56;cscore=202.57;sscore=14.98;rscore=8.24;uscore=3.01;tscore=2.49;
contig_25	Prodigal_v2.6.3	CDS	50500	51048	74.0	-	0	ID=40_44;partial=00;start_type=ATG;rbs_motif=AGxAGG/AGGxGG;rbs_spacer=5-10bp;gc_cont=0.397;conf=100.00;score=74.05;cscore=61.18;sscore=12.86;rscore=9.68;uscore=1.35;tscore=2.49;
contig_25	Prodigal_v2.6.3	CDS	51249	52589	191.1	+	0	ID=40_45;partial=00;start_type=GTG;rbs_motif=AGGAGG;rbs_spacer=5-10bp;gc_cont=0.375;conf=99.99;score=191.07;cscore=177.23;sscore=13.84;rscore=13.75;uscore=3.69;tscore=-3.61;
contig_25	Prodigal_v2.6.3	CDS	52667	52936	35.5	-	0	ID=40_46;partial=00;start_type=GTG;rbs_motif=AGGA;rbs_spacer=5-10bp;gc_cont=0.367;conf=99.97;score=35.49;cscore=34.20;sscore=1.30;rscore=4.23;uscore=1.33;tscore=-3.61;
contig_25	Prodigal_v2.6.3	CDS	52999	54171	155.8	+	0	ID=40_47;partial=00;start_type=TTG;rbs_motif=GGA/GAG/AGG;rbs_spacer=5-10bp;gc_cont=0.397;conf=100.00;score=155.75;cscore=156.03;sscore=-0.27;rscore=-0.45;uscore=4.88;tscore=-4.70;
contig_25	Prodigal_v2.6.3	CDS	54282	54842	59.9	+	0	ID=40_48;partial=00;start_type=ATG;rbs_motif=GGAG/GAGG;rbs_spacer=5-10bp;gc_cont=0.321;conf=100.00;score=59.89;cscore=49.81;sscore=10.08;rscore=8.24;uscore=-0.65;tscore=2.49;
contig_25	Prodigal_v2.6.3	CDS	54908	55711	63.1	+	0	ID=40_49;partial=00;start_type=ATG;rbs_motif=None;rbs_spacer=None;gc_cont=0.362;conf=100.00;score=63.09;cscore=74.09;sscore=-11.00;rscore=-9.56;uscore=-3.93;tscore=2.49;
contig_25	Prodigal_v2.6.3	CDS	55762	55974	27.6	-	0	ID=40_50;partial=00;start_type=ATG;rbs_motif=AGGA;rbs_spacer=5-10bp;gc_cont=0.258;conf=99.83;score=27.63;cscore=19.67;sscore=7.95;rscore=3.55;uscore=1.28;tscore=2.09;
contig_25	Prodigal_v2.6.3	CDS	55997	56398	74.3	-	0	ID=40_51;partial=00;start_type=ATG;rbs_motif=None;rbs_spacer=None;gc_cont=0.413;conf=100.00;score=74.25;cscore=70.47;sscore=3.78;rscore=-9.56;uscore=-4.47;tscore=2.49;
contig_25	Prodigal_v2.6.3	CDS	56395	56583	32.6	-	0	ID=40_52;partial=00;start_type=ATG;rbs_motif=AGGAG;rbs_spacer=5-10bp;gc_cont=0.392;conf=99.94;score=32.56;cscore=21.74;sscore=10.82;rscore=9.09;uscore=0.53;tscore=1.85;
contig_25	Prodigal_v2.6.3	CDS	56821	58671	287.9	+	0	ID=40_53;partial=00;start_type=ATG;rbs_motif=GGAGG;rbs_spacer=5-10bp;gc_cont=0.385;conf=99.99;score=287.92;cscore=268.51;sscore=19.41;rscore=12.75;uscore=4.17;tscore=2.49;
contig_25	Prodigal_v2.6.3	CDS	59017	59580	63.3	-	0	ID=40_54;partial=00;start_type=ATG;rbs_motif=AGGA/GGAG/GAGG;rbs_spacer=11-12bp;gc_cont=0.330;conf=100.00;score=63.29;cscore=52.96;sscore=10.33;rscore=3.18;uscore=5.32;tscore=2.49;
contig_25	Prodigal_v2.6.3	CDS	59736	61991	288.8	+	0	ID=40_55;partial=00;start_type=TTG;rbs_motif=AGGAGG;rbs_spacer=5-10bp;gc_cont=0.379;conf=99.99;score=288.84;cscore=281.52;sscore=7.32;rscore=13.75;uscore=-1.74;tscore=-4.70;
contig_25	Prodigal_v2.6.3	CDS	62133	62555	63.8	+	0	ID=40_56;partial=00;start_type=ATG;rbs_motif=AGGAG;rbs_spacer=5-10bp;gc_cont=0.374;conf=100.00;score=63.83;cscore=47.48;sscore=16.35;rscore=12.22;uscore=1.64;tscore=2.49;
contig_25	Prodigal_v2.6.3	CDS	62555	62677	28.4	+	0	ID=40_57;partial=01;start_type=ATG;rbs_motif=GGAGG;rbs_spacer=5-10bp;gc_cont=0.350;conf=99.86;score=28.43;cscore=11.90;sscore=16.52;rscore=12.75;uscore=-2.89;tscore=2.49;
# Sequence Data: seqnum=41;seqlen=85013;seqhdr="contig_58"
# Model Data: version=Prodigal.v2.6.3;run_type=Single;model="Ab initio";gc_cont=37.70;transl_table=11;uses_sd=1
contig_58	Prodigal_v2.6.3	CDS	3	1061	142.8	+	0	ID=41_1;partial=10;start_type=Edge;rbs_motif=None;rbs_spacer=None;gc_cont=0.408;conf=100.00;score=142.84;cscore=139.62;sscore=3.22;rscore=0.00;uscore=0.00;tscore=3.22;
contig_58	Prodigal_v2.6.3	CDS	1333	1806	50.6	+	0	ID=41_2;partial=00;start_type=ATG;rbs_motif=AGGAGG;rbs_spacer=5-10bp;gc_cont=0.348;conf=100.00;score=50.56;cscore=31.84;sscore=18.72;rscore=13.75;uscore=3.13;tscore=2.49;
contig_58	Prodigal_v2.6.3	CDS	1853	2509	84.3	+	0	ID=41_3;partial=00;start_type=ATG;rbs_motif=AGxAGG/AGGxGG;rbs_spacer=5-10bp;gc_cont=0.338;conf=100.00;score=84.31;cscore=72.04;sscore=12.27;rscore=9.68;uscore=-0.67;tscore=2.49;
contig_58	Prodigal_v2.6.3	CDS	2718	3473	90.6	+	0	ID=41_4;partial=00;start_type=ATG;rbs_motif=GGxGG;rbs_spacer=5-10bp;gc_cont=0.411;conf=100.00;score=90.55;cscore=81.48;sscore=9.07;rscore=6.77;uscore=0.47;tscore=2.49;
contig_58	Prodigal_v2.6.3	CDS	3816	4700	129.9	+	0	ID=41_5;partial=00;start_type=TTG;rbs_motif=GGAGG;rbs_spacer=5-10bp;gc_cont=0.369;conf=100.00;score=129.86;cscore=121.13;sscore=8.73;rscore=12.75;uscore=1.32;tscore=-4.70;
contig_58	Prodigal_v2.6.3	CDS	5062	5262	41.5	+	0	ID=41_6;partial=00;start_type=ATG;rbs_motif=GGAGG;rbs_spacer=5-10bp;gc_cont=0.398;conf=99.99;score=41.50;cscore=27.97;sscore=13.53;rscore=10.10;uscore=2.11;tscore=1.97;
contig_58	Prodigal_v2.6.3	CDS	5471	5869	63.8	-	0	ID=41_7;partial=00;start_type=ATG;rbs_motif=AGGAG;rbs_spacer=5-10bp;gc_cont=0.348;conf=100.00;score=63.78;cscore=49.17;sscore=14.61;rscore=12.22;uscore=0.56;tscore=2.49;
contig_58	Prodigal_v2.6.3	CDS	6069	6185	11.0	-	0	ID=41_8;partial=00;start_type=ATG;rbs_motif=AGGAGG;rbs_spacer=5-10bp;gc_cont=0.308;conf=92.61;score=11.00;cscore=3.73;sscore=7.27;rscore=6.27;uscore=0.52;tscore=1.13;
contig_58	Prodigal_v2.6.3	CDS	6537	7394	115.0	-	0	ID=41_9;partial=00;start_type=ATG;rbs_motif=GGAG/GAGG;rbs_spacer=5-10bp;gc_cont=0.379;conf=100.00;score=115.04;cscore=103.30;sscore=11.74;rscore=8.24;uscore=0.06;tscore=2.49;
contig_58	Prodigal_v2.6.3	CDS	7424	7933	84.5	-	0	ID=41_10;partial=00;start_type=ATG;rbs_motif=AGGA;rbs_spacer=5-10bp;gc_cont=0.396;conf=100.00;score=84.47;cscore=74.63;sscore=9.84;rscore=4.23;uscore=3.78;tscore=2.49;
contig_58	Prodigal_v2.6.3	CDS	8206	8343	16.7	+	0	ID=41_11;partial=00;start_type=TTG;rbs_motif=GGAGG;rbs_spacer=5-10bp;gc_cont=0.319;conf=97.91;score=16.74;cscore=18.54;sscore=-1.80;rscore=6.89;uscore=0.01;tscore=-8.70;
contig_58	Prodigal_v2.6.3	CDS	8454	9287	90.2	+	0	ID=41_12;partial=00;start_type=TTG;rbs_motif=GGA/GAG/AGG;rbs_spacer=5-10bp;gc_cont=0.396;conf=100.00;score=90.17;cscore=92.95;sscore=-2.78;rscore=-0.45;uscore=2.37;tscore=-4.70;
contig_58	Prodigal_v2.6.3	CDS	9633	9938	10.7	+	0	ID=41_13;partial=00;start_type=GTG;rbs_motif=GGxGG;rbs_spacer=5-10bp;gc_cont=0.350;conf=92.08;score=10.67;cscore=5.37;sscore=5.30;rscore=6.77;uscore=2.79;tscore=-3.61;
contig_58	Prodigal_v2.6.3	CDS	9954	10325	55.7	+	0	ID=41_14;partial=00;start_type=ATG;rbs_motif=GGAG/GAGG;rbs_spacer=5-10bp;gc_cont=0.376;conf=100.00;score=55.74;cscore=40.29;sscore=15.45;rscore=8.24;uscore=3.61;tscore=2.49;
contig_58	Prodigal_v2.6.3	CDS	10331	11197	111.6	+	0	ID=41_15;partial=00;start_type=ATG;rbs_motif=AGGAG;rbs_spacer=5-10bp;gc_cont=0.364;conf=100.00;score=111.62;cscore=95.00;sscore=16.62;rscore=12.22;uscore=0.70;tscore=2.49;
contig_58	Prodigal_v2.6.3	CDS	11190	11795	66.9	+	0	ID=41_16;partial=00;start_type=ATG;rbs_motif=AGGAGG;rbs_spacer=5-10bp;gc_cont=0.335;conf=100.00;score=66.92;cscore=48.89;sscore=18.03;rscore=13.75;uscore=0.55;tscore=2.49;
contig_58	Prodigal_v2.6.3	CDS	11970	12344	8.7	+	0	ID=41_17;partial=00;start_type=ATG;rbs_motif=GGA/GAG/AGG;rbs_spacer=5-10bp;gc_cont=0.304;conf=87.99;score=8.66;cscore=4.67;sscore=3.99;rscore=-0.45;uscore=1.95;tscore=2.49;
contig_58	Prodigal_v2.6.3	CDS	12556	12924	45.5	+	0	ID=41_18;partial=00;start_type=ATG;rbs_motif=GGAGG;rbs_spacer=5-10bp;gc_cont=0.268;conf=100.00;score=45.50;cscore=28.72;sscore=16.78;rscore=12.75;uscore=2.19;tscore=2.49;
contig_58	Prodigal_v2.6.3	CDS	13043	13213	17.4	+	0	ID=41_19;partial=00;start_type=ATG;rbs_motif=AGGAG;rbs_spacer=5-10bp;gc_cont=0.310;conf=98.20;score=17.39;cscore=4.08;sscore=13.30;rscore=8.21;uscore=3.42;tscore=1.67;
contig_58	Prodigal_v2.6.3	CDS	14047	14898	85.2	+	0	ID=41_20;partial=00;start_type=ATG;rbs_motif=GGA/GAG/AGG;rbs_spacer=5-10bp;gc_cont=0.325;conf=100.00;score=85.17;cscore=82.74;sscore=2.42;rscore=-0.45;uscore=1.04;tscore=2.49;
contig_58	Prodigal_v2.6.3	CDS	15151	15630	66.6	+	0	ID=41_21;partial=00;start_type=ATG;rbs_motif=GGAG/GAGG;rbs_spacer=5-10bp;gc_cont=0.329;conf=100.00;score=66.59;cscore=51.13;sscore=15.46;rscore=8.24;uscore=5.38;tscore=2.49;
contig_58	Prodigal_v2.6.3	CDS	15876	16703	46.2	-	0	ID=41_22;partial=00;start_type=ATG;rbs_motif=3Base/5BMM;rbs_spacer=13-15bp;gc_cont=0.374;conf=100.00;score=46.24;cscore=51.29;sscore=-5.05;rscore=-6.44;uscore=-0.45;tscore=2.49;
contig_58	Prodigal_v2.6.3	CDS	17011	17571	97.7	+	0	ID=41_23;partial=00;start_type=ATG;rbs_motif=AGGAGG;rbs_spacer=5-10bp;gc_cont=0.328;conf=100.00;score=97.72;cscore=82.35;sscore=15.37;rscore=13.75;uscore=-0.87;tscore=2.49;
contig_58	Prodigal_v2.6.3	CDS	18318	18533	4.9	-	0	ID=41_24;partial=00;start_type=TTG;rbs_motif=GGA/GAG/AGG;rbs_spacer=5-10bp;gc_cont=0.333;conf=75.38;score=4.87;cscore=11.22;sscore=-6.36;rscore=-0.53;uscore=-1.58;tscore=-5.51;
contig_58	Prodigal_v2.6.3	CDS	18527	18730	8.9	-	0	ID=41_25;partial=00;start_type=ATG;rbs_motif=None;rbs_spacer=None;gc_cont=0.368;conf=88.51;score=8.88;cscore=20.56;sscore=-11.68;rscore=-11.89;uscore=-1.14;tscore=2.00;
contig_58	Prodigal_v2.6.3	CDS	18857	19237	16.5	+	0	ID=41_26;partial=00;start_type=ATG;rbs_motif=GGAG/GAGG;rbs_spacer=5-10bp;gc_cont=0.318;conf=97.79;score=16.49;cscore=8.55;sscore=7.94;rscore=8.24;uscore=-2.78;tscore=2.49;
contig_58	Prodigal_v2.6.3	CDS	19282	19686	49.7	+	0	ID=41_27;partial=00;start_type=ATG;rbs_motif=AGGAG;rbs_spacer=5-10bp;gc_cont=0.264;conf=100.00;score=49.67;cscore=33.51;sscore=16.16;rscore=12.22;uscore=0.66;tscore=2.49;
contig_58	Prodigal_v2.6.3	CDS	19920	20309	46.0	+	0	ID=41_28;partial=00;start_type=GTG;rbs_motif=AGGAGG;rbs_spacer=5-10bp;gc_cont=0.341;conf=100.00;score=46.01;cscore=32.83;sscore=13.18;rscore=13.75;uscore=3.69;tscore=-3.61;
contig_58	Prodigal_v2.6.3	CDS	20590	20925	45.8	-	0	ID=41_29;partial=00;start_type=ATG;rbs_motif=GGAGG;rbs_spacer=5-10bp;gc_cont=0.336;conf=100.00;score=45.75;cscore=28.12;sscore=17.63;rscore=12.75;uscore=3.04;tscore=2.49;
contig_58	Prodigal_v2.6.3	CDS	21229	21549	47.9	+	0	ID=41_30;partial=00;start_type=ATG;rbs_motif=AGGAG;rbs_spacer=5-10bp;gc_cont=0.302;conf=100.00;score=47.87;cscore=31.94;sscore=15.93;rscore=12.22;uscore=1.22;tscore=2.49;
contig_58	Prodigal_v2.6.3	CDS	21765	21962	15.4	-	0	ID=41_31;partial=00;start_type=ATG;rbs_motif=AGGAG;rbs_spacer=5-10bp;gc_cont=0.298;conf=97.19;score=15.42;cscore=3.86;sscore=11.56;rscore=9.53;uscore=0.74;tscore=1.94;
contig_58	Prodigal_v2.6.3	CDS	22147	22368	11.5	+	0	ID=41_32;partial=00;start_type=ATG;rbs_motif=GGA/GAG/AGG;rbs_spacer=5-10bp;gc_cont=0.311;conf=93.31;score=11.47;cscore=6.69;sscore=4.77;rscore=-0.51;uscore=3.11;tscore=2.18;
contig_58	Prodigal_v2.6.3	CDS	22900	23202	15.9	+	0	ID=41_33;partial=00;start_type=TTG;rbs_motif=AGGAG;rbs_spacer=5-10bp;gc_cont=0.277;conf=97.45;score=15.86;cscore=8.44;sscore=7.41;rscore=12.22;uscore=0.54;tscore=-4.70;
contig_58	Prodigal_v2.6.3	CDS	23873	24205	22.8	+	0	ID=41_34;partial=00;start_type=ATG;rbs_motif=GGxGG;rbs_spacer=5-10bp;gc_cont=0.306;conf=99.47;score=22.79;cscore=12.19;sscore=10.60;rscore=6.77;uscore=2.00;tscore=2.49;
contig_58	Prodigal_v2.6.3	CDS	24144	24488	11.2	+	0	ID=41_35;partial=00;start_type=ATG;rbs_motif=GGA/GAG/AGG;rbs_spacer=3-4bp;gc_cont=0.261;conf=92.85;score=11.15;cscore=14.05;sscore=-2.90;rscore=-7.91;uscore=2.52;tscore=2.49;
contig_58	Prodigal_v2.6.3	CDS	24532	24717	10.9	+	0	ID=41_36;partial=00;start_type=ATG;rbs_motif=AGGAG;rbs_spacer=5-10bp;gc_cont=0.349;conf=92.49;score=10.93;cscore=-2.39;sscore=13.31;rscore=8.95;uscore=2.24;tscore=1.82;
contig_58	Prodigal_v2.6.3	CDS	25805	26278	55.8	+	0	ID=41_37;partial=00;start_type=GTG;rbs_motif=AGGAG;rbs_spacer=5-10bp;gc_cont=0.270;conf=100.00;score=55.77;cscore=45.03;sscore=10.74;rscore=12.22;uscore=2.78;tscore=-3.61;
contig_58	Prodigal_v2.6.3	CDS	26275	26544	11.3	+	0	ID=41_38;partial=00;start_type=TTG;rbs_motif=None;rbs_spacer=None;gc_cont=0.296;conf=93.05;score=11.29;cscore=9.56;sscore=1.73;rscore=-9.56;uscore=5.13;tscore=-4.70;
contig_58	Prodigal_v2.6.3	CDS	27378	27797	39.9	+	0	ID=41_39;partial=00;start_type=TTG;rbs_motif=AGGAGG;rbs_spacer=5-10bp;gc_cont=0.307;conf=99.99;score=39.87;cscore=31.35;sscore=8.52;rscore=13.75;uscore=0.12;tscore=-4.70;
contig_58	Prodigal_v2.6.3	CDS	27794	28336	36.9	+	0	ID=41_40;partial=00;start_type=TTG;rbs_motif=None;rbs_spacer=None;gc_cont=0.376;conf=99.98;score=36.89;cscore=40.29;sscore=-3.40;rscore=-9.56;uscore=-1.47;tscore=-4.70;
contig_58	Prodigal_v2.6.3	CDS	28777	28878	11.6	+	0	ID=41_41;partial=00;start_type=ATG;rbs_motif=AGxAGG/AGGxGG;rbs_spacer=5-10bp;gc_cont=0.412;conf=93.48;score=11.58;cscore=6.77;sscore=4.81;rscore=3.83;uscore=0.65;tscore=0.98;
contig_58	Prodigal_v2.6.3	CDS	29003	29215	1.1	+	0	ID=41_42;partial=00;start_type=GTG;rbs_motif=None;rbs_spacer=None;gc_cont=0.333;conf=56.41;score=1.12;cscore=15.08;sscore=-13.96;rscore=-11.38;uscore=1.72;tscore=-4.30;
contig_58	Prodigal_v2.6.3	CDS	29528	32233	483.8	+	0	ID=41_43;partial=00;start_type=ATG;rbs_motif=AGxAGG/AGGxGG;rbs_spacer=5-10bp;gc_cont=0.413;conf=99.99;score=483.81;cscore=470.40;sscore=13.41;rscore=9.68;uscore=1.89;tscore=2.49;
contig_58	Prodigal_v2.6.3	CDS	32448	33938	305.1	+	0	ID=41_44;partial=00;start_type=ATG;rbs_motif=GGxGG;rbs_spacer=5-10bp;gc_cont=0.398;conf=99.99;score=305.07;cscore=294.18;sscore=10.88;rscore=6.77;uscore=2.28;tscore=2.49;
contig_58	Prodigal_v2.6.3	CDS	33994	34578	95.9	-	0	ID=41_45;partial=00;start_type=ATG;rbs_motif=AGGAGG;rbs_spacer=5-10bp;gc_cont=0.431;conf=100.00;score=95.94;cscore=77.00;sscore=18.93;rscore=13.75;uscore=3.35;tscore=2.49;
contig_58	Prodigal_v2.6.3	CDS	34856	35164	38.3	+	0	ID=41_46;partial=00;start_type=GTG;rbs_motif=AGGAG;rbs_spacer=5-10bp;gc_cont=0.362;conf=99.98;score=38.26;cscore=30.15;sscore=8.10;rscore=12.22;uscore=-0.51;tscore=-3.61;
contig_58	Prodigal_v2.6.3	CDS	35226	35744	68.3	+	0	ID=41_47;partial=00;start_type=ATG;rbs_motif=AGGAG;rbs_spacer=5-10bp;gc_cont=0.387;conf=100.00;score=68.28;cscore=56.48;sscore=11.80;rscore=12.22;uscore=-2.91;tscore=2.49;
contig_58	Prodigal_v2.6.3	CDS	35737	36705	143.0	+	0	ID=41_48;partial=00;start_type=ATG;rbs_motif=GGAGG;rbs_spacer=5-10bp;gc_cont=0.385;conf=100.00;score=143.02;cscore=125.76;sscore=17.26;rscore=12.75;uscore=0.77;tscore=2.49;
contig_58	Prodigal_v2.6.3	CDS	37198	38013	68.8	+	0	ID=41_49;partial=00;start_type=ATG;rbs_motif=AGGAGG;rbs_spacer=5-10bp;gc_cont=0.418;conf=100.00;score=68.80;cscore=53.28;sscore=15.51;rscore=13.75;uscore=-0.07;tscore=2.49;
contig_58	Prodigal_v2.6.3	CDS	37970	40291	258.7	+	0	ID=41_50;partial=00;start_type=TTG;rbs_motif=None;rbs_spacer=None;gc_cont=0.404;conf=99.99;score=258.72;cscore=274.53;sscore=-15.80;rscore=-9.56;uscore=-1.55;tscore=-4.70;
contig_58	Prodigal_v2.6.3	CDS	40334	40936	57.1	-	0	ID=41_51;partial=00;start_type=TTG;rbs_motif=AGGAGG;rbs_spacer=5-10bp;gc_cont=0.388;conf=100.00;score=57.11;cscore=44.24;sscore=12.88;rscore=13.75;uscore=4.47;tscore=-4.70;
contig_58	Prodigal_v2.6.3	CDS	41047	42492	181.9	+	0	ID=41_52;partial=00;start_type=ATG;rbs_motif=AGGAG;rbs_spacer=5-10bp;gc_cont=0.429;conf=99.99;score=181.90;cscore=168.47;sscore=13.43;rscore=12.22;uscore=-1.28;tscore=2.49;
contig_58	Prodigal_v2.6.3	CDS	42820	44004	145.6	+	0	ID=41_53;partial=00;start_type=TTG;rbs_motif=GGAG/GAGG;rbs_spacer=5-10bp;gc_cont=0.451;conf=100.00;score=145.62;cscore=140.63;sscore=4.99;rscore=8.24;uscore=2.10;tscore=-4.70;
contig_58	Prodigal_v2.6.3	CDS	44041	45192	112.4	-	0	ID=41_54;partial=00;start_type=ATG;rbs_motif=AGGAG/GGAGG;rbs_spacer=11-12bp;gc_cont=0.402;conf=100.00;score=112.38;cscore=98.38;sscore=14.01;rscore=9.05;uscore=3.12;tscore=2.49;
contig_58	Prodigal_v2.6.3	CDS	45290	45952	69.2	+	0	ID=41_55;partial=00;start_type=ATG;rbs_motif=GGAG/GAGG;rbs_spacer=5-10bp;gc_cont=0.391;conf=100.00;score=69.24;cscore=58.25;sscore=10.98;rscore=8.24;uscore=0.26;tscore=2.49;
contig_58	Prodigal_v2.6.3	CDS	46136	46360	22.3	-	0	ID=41_56;partial=00;start_type=ATG;rbs_motif=AGxAGG/AGGxGG;rbs_spacer=5-10bp;gc_cont=0.369;conf=99.41;score=22.31;cscore=11.03;sscore=11.28;rscore=8.59;uscore=1.13;tscore=2.21;
contig_58	Prodigal_v2.6.3	CDS	47067	47627	83.3	+	0	ID=41_57;partial=00;start_type=TTG;rbs_motif=4Base/6BMM;rbs_spacer=13-15bp;gc_cont=0.398;conf=100.00;score=83.32;cscore=92.03;sscore=-8.71;rscore=-3.98;uscore=-0.03;tscore=-4.70;
contig_58	Prodigal_v2.6.3	CDS	47683	47811	6.8	-	0	ID=41_58;partial=00;start_type=GTG;rbs_motif=AGGA;rbs_spacer=5-10bp;gc_cont=0.318;conf=82.79;score=6.83;cscore=12.40;sscore=-5.57;rscore=2.13;uscore=0.11;tscore=-7.16;
contig_58	Prodigal_v2.6.3	CDS	48099	51176	340.7	+	0	ID=41_59;partial=00;start_type=ATG;rbs_motif=GGAGG;rbs_spacer=5-10bp;gc_cont=0.399;conf=99.99;score=340.68;cscore=322.38;sscore=18.29;rscore=12.75;uscore=3.05;tscore=2.49;
contig_58	Prodigal_v2.6.3	CDS	51635	52309	55.9	+	0	ID=41_60;partial=00;start_type=GTG;rbs_motif=None;rbs_spacer=None;gc_cont=0.412;conf=100.00;score=55.86;cscore=73.53;sscore=-17.67;rscore=-9.56;uscore=-3.85;tscore=-3.61;
contig_58	Prodigal_v2.6.3	CDS	52311	52844	62.2	+	0	ID=41_61;partial=00;start_type=GTG;rbs_motif=GGA/GAG/AGG;rbs_spacer=5-10bp;gc_cont=0.369;conf=100.00;score=62.24;cscore=62.42;sscore=-0.18;rscore=-0.45;uscore=2.61;tscore=-3.61;
contig_58	Prodigal_v2.6.3	CDS	53198	54433	227.4	+	0	ID=41_62;partial=00;start_type=ATG;rbs_motif=AGxAGG/AGGxGG;rbs_spacer=5-10bp;gc_cont=0.444;conf=99.99;score=227.43;cscore=218.47;sscore=8.96;rscore=9.68;uscore=-2.55;tscore=2.49;
contig_58	Prodigal_v2.6.3	CDS	54494	55270	108.4	+	0	ID=41_63;partial=00;start_type=ATG;rbs_motif=GGAG/GAGG;rbs_spacer=5-10bp;gc_cont=0.398;conf=100.00;score=108.37;cscore=95.46;sscore=12.90;rscore=8.24;uscore=2.17;tscore=2.49;
contig_58	Prodigal_v2.6.3	CDS	55245	55952	102.5	+	0	ID=41_64;partial=00;start_type=ATG;rbs_motif=AGGAGG;rbs_spacer=5-10bp;gc_cont=0.421;conf=100.00;score=102.52;cscore=88.12;sscore=14.40;rscore=13.75;uscore=-1.83;tscore=2.49;
contig_58	Prodigal_v2.6.3	CDS	55969	56841	121.1	+	0	ID=41_65;partial=00;start_type=TTG;rbs_motif=AGxAGG/AGGxGG;rbs_spacer=5-10bp;gc_cont=0.430;conf=100.00;score=121.05;cscore=113.75;sscore=7.30;rscore=9.68;uscore=1.22;tscore=-4.70;
contig_58	Prodigal_v2.6.3	CDS	56838	57305	51.4	+	0	ID=41_66;partial=00;start_type=ATG;rbs_motif=AGGAG;rbs_spacer=5-10bp;gc_cont=0.387;conf=100.00;score=51.36;cscore=35.36;sscore=16.00;rscore=12.22;uscore=-4.62;tscore=2.49;
contig_58	Prodigal_v2.6.3	CDS	57306	57854	51.7	+	0	ID=41_67;partial=00;start_type=ATG;rbs_motif=GGA/GAG/AGG;rbs_spacer=5-10bp;gc_cont=0.439;conf=100.00;score=51.72;cscore=51.83;sscore=-0.11;rscore=-0.45;uscore=-3.42;tscore=2.49;
contig_58	Prodigal_v2.6.3	CDS	57851	58855	152.7	+	0	ID=41_68;partial=00;start_type=ATG;rbs_motif=AGGAG;rbs_spacer=5-10bp;gc_cont=0.422;conf=100.00;score=152.74;cscore=136.74;sscore=16.00;rscore=12.22;uscore=-1.62;tscore=2.49;
contig_58	Prodigal_v2.6.3	CDS	58868	59779	133.3	+	0	ID=41_69;partial=00;start_type=ATG;rbs_motif=AGxAGG/AGGxGG;rbs_spacer=5-10bp;gc_cont=0.398;conf=100.00;score=133.28;cscore=120.24;sscore=13.05;rscore=9.68;uscore=-0.26;tscore=2.49;
contig_58	Prodigal_v2.6.3	CDS	59763	60494	135.2	+	0	ID=41_70;partial=00;start_type=ATG;rbs_motif=GGAGG;rbs_spacer=5-10bp;gc_cont=0.439;conf=100.00;score=135.16;cscore=117.57;sscore=17.58;rscore=12.75;uscore=1.19;tscore=2.49;
contig_58	Prodigal_v2.6.3	CDS	60510	61985	181.8	+	0	ID=41_71;partial=00;start_type=ATG;rbs_motif=AGxAGG/AGGxGG;rbs_spacer=5-10bp;gc_cont=0.405;conf=99.99;score=181.82;cscore=169.29;sscore=12.53;rscore=9.68;uscore=-0.75;tscore=2.49;
contig_58	Prodigal_v2.6.3	CDS	62047	62613	58.6	+	0	ID=41_72;partial=00;start_type=ATG;rbs_motif=GGAG/GAGG;rbs_spacer=5-10bp;gc_cont=0.429;conf=100.00;score=58.61;cscore=46.40;sscore=12.22;rscore=8.24;uscore=1.49;tscore=2.49;
contig_58	Prodigal_v2.6.3	CDS	62846	63109	28.9	+	0	ID=41_73;partial=00;start_type=GTG;rbs_motif=AGxAGG/AGGxGG;rbs_spacer=5-10bp;gc_cont=0.420;conf=99.87;score=28.91;cscore=21.48;sscore=7.43;rscore=9.68;uscore=2.01;tscore=-3.61;
contig_58	Prodigal_v2.6.3	CDS	63109	64554	225.7	+	0	ID=41_74;partial=00;start_type=ATG;rbs_motif=AGGAGG;rbs_spacer=5-10bp;gc_cont=0.408;conf=99.99;score=225.74;cscore=207.13;sscore=18.61;rscore=13.75;uscore=1.09;tscore=2.49;
contig_58	Prodigal_v2.6.3	CDS	64595	65365	92.4	-	0	ID=41_75;partial=00;start_type=ATG;rbs_motif=GGAG/GAGG;rbs_spacer=5-10bp;gc_cont=0.399;conf=100.00;score=92.38;cscore=81.61;sscore=10.77;rscore=8.24;uscore=0.69;tscore=2.49;
contig_58	Prodigal_v2.6.3	CDS	65491	66273	115.5	+	0	ID=41_76;partial=00;start_type=ATG;rbs_motif=GGAGG;rbs_spacer=5-10bp;gc_cont=0.409;conf=100.00;score=115.52;cscore=98.73;sscore=16.79;rscore=12.75;uscore=1.55;tscore=2.49;
contig_58	Prodigal_v2.6.3	CDS	66296	66682	21.5	+	0	ID=41_77;partial=00;start_type=TTG;rbs_motif=GGA/GAG/AGG;rbs_spacer=5-10bp;gc_cont=0.393;conf=99.30;score=21.55;cscore=23.49;sscore=-1.94;rscore=-0.45;uscore=2.17;tscore=-4.70;
contig_58	Prodigal_v2.6.3	CDS	66737	67108	57.1	-	0	ID=41_78;partial=00;start_type=TTG;rbs_motif=AGGA/GGAG/GAGG;rbs_spacer=11-12bp;gc_cont=0.339;conf=100.00;score=57.09;cscore=56.57;sscore=0.52;rscore=3.18;uscore=2.69;tscore=-4.70;
contig_58	Prodigal_v2.6.3	CDS	67547	68482	135.7	+	0	ID=41_79;partial=00;start_type=ATG;rbs_motif=GGAG/GAGG;rbs_spacer=5-10bp;gc_cont=0.385;conf=100.00;score=135.70;cscore=122.17;sscore=13.52;rscore=8.24;uscore=2.80;tscore=2.49;
contig_58	Prodigal_v2.6.3	CDS	68523	69671	134.0	-	0	ID=41_80;partial=00;start_type=ATG;rbs_motif=GGAGG;rbs_spacer=5-10bp;gc_cont=0.357;conf=100.00;score=134.02;cscore=115.31;sscore=18.71;rscore=12.75;uscore=2.53;tscore=2.49;
contig_58	Prodigal_v2.6.3	CDS	69703	69936	24.7	-	0	ID=41_81;partial=00;start_type=ATG;rbs_motif=AGGAGG;rbs_spacer=5-10bp;gc_cont=0.363;conf=99.66;score=24.66;cscore=5.79;sscore=18.88;rscore=12.71;uscore=2.65;tscore=2.30;
contig_58	Prodigal_v2.6.3	CDS	69942	71141	176.1	-	0	ID=41_82;partial=00;start_type=ATG;rbs_motif=GGAG/GAGG;rbs_spacer=5-10bp;gc_cont=0.374;conf=100.00;score=176.09;cscore=160.72;sscore=15.38;rscore=8.24;uscore=3.65;tscore=2.49;
contig_58	Prodigal_v2.6.3	CDS	71167	72711	204.2	-	0	ID=41_83;partial=00;start_type=ATG;rbs_motif=AGGAGG;rbs_spacer=5-10bp;gc_cont=0.400;conf=99.99;score=204.16;cscore=190.19;sscore=13.97;rscore=13.75;uscore=-1.61;tscore=2.49;
contig_58	Prodigal_v2.6.3	CDS	72900	73190	62.8	-	0	ID=41_84;partial=00;start_type=ATG;rbs_motif=AGGAG;rbs_spacer=5-10bp;gc_cont=0.364;conf=100.00;score=62.80;cscore=44.69;sscore=18.10;rscore=12.22;uscore=2.33;tscore=2.49;
contig_58	Prodigal_v2.6.3	CDS	73210	73812	80.8	-	0	ID=41_85;partial=00;start_type=ATG;rbs_motif=AGGAG;rbs_spacer=5-10bp;gc_cont=0.386;conf=100.00;score=80.81;cscore=66.01;sscore=14.81;rscore=12.22;uscore=0.75;tscore=2.49;
contig_58	Prodigal_v2.6.3	CDS	74374	76350	378.6	+	0	ID=41_86;partial=00;start_type=TTG;rbs_motif=GGAGG;rbs_spacer=5-10bp;gc_cont=0.431;conf=99.99;score=378.56;cscore=372.03;sscore=6.53;rscore=12.75;uscore=-1.53;tscore=-4.70;
contig_58	Prodigal_v2.6.3	CDS	76347	78716	465.9	+	0	ID=41_87;partial=00;start_type=ATG;rbs_motif=AGGAGG;rbs_spacer=5-10bp;gc_cont=0.415;conf=99.99;score=465.94;cscore=447.10;sscore=18.84;rscore=13.75;uscore=1.31;tscore=2.49;
contig_58	Prodigal_v2.6.3	CDS	79159	80154	172.1	+	0	ID=41_88;partial=00;start_type=ATG;rbs_motif=GGAGG;rbs_spacer=5-10bp;gc_cont=0.412;conf=100.00;score=172.13;cscore=158.23;sscore=13.90;rscore=12.75;uscore=-0.69;tscore=2.49;
contig_58	Prodigal_v2.6.3	CDS	80156	80446	64.8	+	0	ID=41_89;partial=00;start_type=ATG;rbs_motif=AGGAGG;rbs_spacer=5-10bp;gc_cont=0.364;conf=100.00;score=64.75;cscore=45.86;sscore=18.89;rscore=13.75;uscore=1.39;tscore=2.49;
contig_58	Prodigal_v2.6.3	CDS	80446	81219	71.4	+	0	ID=41_90;partial=00;start_type=ATG;rbs_motif=AGGA/GGAG/GAGG;rbs_spacer=11-12bp;gc_cont=0.419;conf=100.00;score=71.43;cscore=64.48;sscore=6.95;rscore=3.18;uscore=-0.57;tscore=2.49;
contig_58	Prodigal_v2.6.3	CDS	81194	81769	59.9	+	0	ID=41_91;partial=00;start_type=ATG;rbs_motif=GGAG/GAGG;rbs_spacer=5-10bp;gc_cont=0.415;conf=100.00;score=59.94;cscore=46.40;sscore=13.54;rscore=8.24;uscore=2.81;tscore=2.49;
contig_58	Prodigal_v2.6.3	CDS	81925	82683	98.9	+	0	ID=41_92;partial=00;start_type=GTG;rbs_motif=AGGAGG;rbs_spacer=5-10bp;gc_cont=0.410;conf=100.00;score=98.88;cscore=88.77;sscore=10.11;rscore=13.75;uscore=-0.03;tscore=-3.61;
contig_58	Prodigal_v2.6.3	CDS	82710	82886	22.3	-	0	ID=41_93;partial=00;start_type=ATG;rbs_motif=GGAGG;rbs_spacer=5-10bp;gc_cont=0.316;conf=99.41;score=22.32;cscore=9.98;sscore=12.33;rscore=8.88;uscore=1.73;tscore=1.73;
contig_58	Prodigal_v2.6.3	CDS	82983	83237	31.5	-	0	ID=41_94;partial=00;start_type=ATG;rbs_motif=None;rbs_spacer=None;gc_cont=0.392;conf=99.93;score=31.48;cscore=37.81;sscore=-6.32;rscore=-9.56;uscore=-0.51;tscore=2.49;
contig_58	Prodigal_v2.6.3	CDS	83231	83719	49.7	-	0	ID=41_95;partial=00;start_type=TTG;rbs_motif=None;rbs_spacer=None;gc_cont=0.407;conf=100.00;score=49.72;cscore=65.14;sscore=-15.42;rscore=-9.56;uscore=-1.16;tscore=-4.70;
contig_58	Prodigal_v2.6.3	CDS	83701	84540	146.0	-	0	ID=41_96;partial=00;start_type=ATG;rbs_motif=GGAGG;rbs_spacer=5-10bp;gc_cont=0.389;conf=100.00;score=146.04;cscore=129.51;sscore=16.54;rscore=12.75;uscore=-0.98;tscore=2.49;
contig_58	Prodigal_v2.6.3	CDS	84537	84845	0.3	-	0	ID=41_97;partial=00;start_type=GTG;rbs_motif=GGA/GAG/AGG;rbs_spacer=3-4bp;gc_cont=0.401;conf=51.45;score=0.25;cscore=11.56;sscore=-11.30;rscore=-7.91;uscore=0.21;tscore=-3.61;
# Sequence Data: seqnum=42;seqlen=105709;seqhdr="contig_32"
# Model Data: version=Prodigal.v2.6.3;run_type=Single;model="Ab initio";gc_cont=37.70;transl_table=11;uses_sd=1
contig_32	Prodigal_v2.6.3	CDS	173	649	88.2	-	0	ID=42_1;partial=00;start_type=ATG;rbs_motif=AGGAG;rbs_spacer=5-10bp;gc_cont=0.377;conf=100.00;score=88.20;cscore=70.29;sscore=17.91;rscore=12.22;uscore=3.85;tscore=2.49;
contig_32	Prodigal_v2.6.3	CDS	815	1963	167.5	+	0	ID=42_2;partial=00;start_type=ATG;rbs_motif=GGAG/GAGG;rbs_spacer=5-10bp;gc_cont=0.354;conf=100.00;score=167.50;cscore=153.44;sscore=14.06;rscore=8.24;uscore=3.34;tscore=2.49;
contig_32	Prodigal_v2.6.3	CDS	1999	2673	137.9	+	0	ID=42_3;partial=00;start_type=ATG;rbs_motif=AGxAGG/AGGxGG;rbs_spacer=5-10bp;gc_cont=0.364;conf=100.00;score=137.89;cscore=125.04;sscore=12.85;rscore=9.68;uscore=-0.21;tscore=2.49;
contig_32	Prodigal_v2.6.3	CDS	2960	3505	117.3	+	0	ID=42_4;partial=00;start_type=ATG;rbs_motif=GGAGG;rbs_spacer=5-10bp;gc_cont=0.352;conf=100.00;score=117.29;cscore=103.40;sscore=13.89;rscore=12.75;uscore=-0.70;tscore=2.49;
contig_32	Prodigal_v2.6.3	CDS	3777	4619	142.3	+	0	ID=42_5;partial=00;start_type=ATG;rbs_motif=AGGAG/GGAGG;rbs_spacer=11-12bp;gc_cont=0.406;conf=100.00;score=142.33;cscore=127.40;sscore=14.93;rscore=9.05;uscore=4.04;tscore=2.49;
contig_32	Prodigal_v2.6.3	CDS	4664	6049	130.0	+	0	ID=42_6;partial=00;start_type=ATG;rbs_motif=GGAG/GAGG;rbs_spacer=5-10bp;gc_cont=0.408;conf=100.00;score=130.04;cscore=118.77;sscore=11.27;rscore=8.24;uscore=-0.25;tscore=2.49;
contig_32	Prodigal_v2.6.3	CDS	6046	6636	54.2	+	0	ID=42_7;partial=00;start_type=ATG;rbs_motif=AGxAGG/AGGxGG;rbs_spacer=5-10bp;gc_cont=0.371;conf=100.00;score=54.16;cscore=36.62;sscore=17.54;rscore=9.68;uscore=4.08;tscore=2.49;
contig_32	Prodigal_v2.6.3	CDS	6714	7127	69.8	+	0	ID=42_8;partial=00;start_type=ATG;rbs_motif=AGGAGG;rbs_spacer=5-10bp;gc_cont=0.420;conf=100.00;score=69.85;cscore=51.70;sscore=18.15;rscore=13.75;uscore=1.91;tscore=2.49;
contig_32	Prodigal_v2.6.3	CDS	7249	7509	38.2	+	0	ID=42_9;partial=00;start_type=ATG;rbs_motif=GGxGG;rbs_spacer=5-10bp;gc_cont=0.372;conf=99.98;score=38.17;cscore=24.96;sscore=13.21;rscore=6.77;uscore=3.96;tscore=2.49;
contig_32	Prodigal_v2.6.3	CDS	7537	8037	73.1	+	0	ID=42_10;partial=00;start_type=ATG;rbs_motif=GGA/GAG/AGG;rbs_spacer=11-12bp;gc_cont=0.401;conf=100.00;score=73.12;cscore=67.58;sscore=5.54;rscore=-0.79;uscore=2.86;tscore=2.49;
contig_32	Prodigal_v2.6.3	CDS	8054	9706	270.5	+	0	ID=42_11;partial=00;start_type=ATG;rbs_motif=GGAGG;rbs_spacer=5-10bp;gc_cont=0.382;conf=99.99;score=270.49;cscore=252.75;sscore=17.74;rscore=12.75;uscore=1.40;tscore=2.49;
contig_32	Prodigal_v2.6.3	CDS	9736	10731	143.1	+	0	ID=42_12;partial=00;start_type=ATG;rbs_motif=3Base/5BMM;rbs_spacer=13-15bp;gc_cont=0.362;conf=100.00;score=143.10;cscore=140.59;sscore=2.51;rscore=-6.44;uscore=5.50;tscore=2.49;
contig_32	Prodigal_v2.6.3	CDS	10833	11399	80.5	+	0	ID=42_13;partial=00;start_type=ATG;rbs_motif=GGAG/GAGG;rbs_spacer=5-10bp;gc_cont=0.397;conf=100.00;score=80.53;cscore=69.84;sscore=10.69;rscore=8.24;uscore=-0.04;tscore=2.49;
contig_32	Prodigal_v2.6.3	CDS	11412	11846	68.3	+	0	ID=42_14;partial=00;start_type=ATG;rbs_motif=AGGAG;rbs_spacer=5-10bp;gc_cont=0.301;conf=100.00;score=68.28;cscore=52.11;sscore=16.17;rscore=12.22;uscore=0.32;tscore=2.49;
contig_32	Prodigal_v2.6.3	CDS	11851	12087	37.6	+	0	ID=42_15;partial=00;start_type=ATG;rbs_motif=GGAG/GAGG;rbs_spacer=5-10bp;gc_cont=0.300;conf=99.98;score=37.61;cscore=25.27;sscore=12.34;rscore=7.71;uscore=1.07;tscore=2.33;
contig_32	Prodigal_v2.6.3	CDS	12233	13873	296.5	+	0	ID=42_16;partial=00;start_type=ATG;rbs_motif=AGGAGG;rbs_spacer=5-10bp;gc_cont=0.389;conf=99.99;score=296.49;cscore=278.11;sscore=18.38;rscore=13.75;uscore=2.14;tscore=2.49;
contig_32	Prodigal_v2.6.3	CDS	14050	14706	55.0	+	0	ID=42_17;partial=00;start_type=TTG;rbs_motif=GGA/GAG/AGG;rbs_spacer=5-10bp;gc_cont=0.326;conf=100.00;score=55.03;cscore=63.60;sscore=-8.57;rscore=-0.45;uscore=-3.43;tscore=-4.70;
contig_32	Prodigal_v2.6.3	CDS	14778	15143	33.6	+	0	ID=42_18;partial=00;start_type=ATG;rbs_motif=GGA/GAG/AGG;rbs_spacer=5-10bp;gc_cont=0.270;conf=99.96;score=33.59;cscore=28.39;sscore=5.20;rscore=-0.45;uscore=3.16;tscore=2.49;
contig_32	Prodigal_v2.6.3	CDS	15335	15718	71.3	+	0	ID=42_19;partial=00;start_type=ATG;rbs_motif=AGGAGG;rbs_spacer=5-10bp;gc_cont=0.284;conf=100.00;score=71.31;cscore=51.60;sscore=19.71;rscore=13.75;uscore=4.13;tscore=2.49;
contig_32	Prodigal_v2.6.3	CDS	15743	17674	339.5	+	0	ID=42_20;partial=00;start_type=ATG;rbs_motif=AGGAGG;rbs_spacer=5-10bp;gc_cont=0.355;conf=99.99;score=339.46;cscore=320.28;sscore=19.18;rscore=13.75;uscore=1.93;tscore=2.49;
contig_32	Prodigal_v2.6.3	CDS	17697	18056	56.3	+	0	ID=42_21;partial=00;start_type=ATG;rbs_motif=AGGAG;rbs_spacer=5-10bp;gc_cont=0.350;conf=100.00;score=56.31;cscore=41.05;sscore=15.26;rscore=12.22;uscore=-0.48;tscore=2.49;
contig_32	Prodigal_v2.6.3	CDS	18241	18651	58.0	+	0	ID=42_22;partial=00;start_type=TTG;rbs_motif=AGGAG;rbs_spacer=5-10bp;gc_cont=0.363;conf=100.00;score=58.01;cscore=48.14;sscore=9.87;rscore=12.22;uscore=3.00;tscore=-4.70;
contig_32	Prodigal_v2.6.3	CDS	18833	19216	47.0	+	0	ID=42_23;partial=00;start_type=ATG;rbs_motif=GGxGG;rbs_spacer=3-4bp;gc_cont=0.372;conf=100.00;score=46.95;cscore=47.55;sscore=-0.60;rscore=-5.91;uscore=3.48;tscore=2.49;
contig_32	Prodigal_v2.6.3	CDS	19307	19858	115.9	+	0	ID=42_24;partial=00;start_type=ATG;rbs_motif=AGGAGG;rbs_spacer=5-10bp;gc_cont=0.355;conf=100.00;score=115.88;cscore=96.57;sscore=19.31;rscore=13.75;uscore=3.07;tscore=2.49;
contig_32	Prodigal_v2.6.3	CDS	20003	22513	509.4	+	0	ID=42_25;partial=00;start_type=ATG;rbs_motif=4Base/6BMM;rbs_spacer=13-15bp;gc_cont=0.405;conf=99.99;score=509.40;cscore=507.44;sscore=1.97;rscore=-3.98;uscore=3.46;tscore=2.49;
contig_32	Prodigal_v2.6.3	CDS	22842	23384	59.8	+	0	ID=42_26;partial=00;start_type=ATG;rbs_motif=AGxAGG/AGGxGG;rbs_spacer=5-10bp;gc_cont=0.354;conf=100.00;score=59.77;cscore=45.95;sscore=13.82;rscore=9.68;uscore=2.31;tscore=2.49;
contig_32	Prodigal_v2.6.3	CDS	23625	24611	194.2	+	0	ID=42_27;partial=00;start_type=ATG;rbs_motif=AGGAG;rbs_spacer=5-10bp;gc_cont=0.406;conf=99.99;score=194.18;cscore=182.36;sscore=11.82;rscore=12.22;uscore=-2.24;tscore=2.49;
contig_32	Prodigal_v2.6.3	CDS	24655	25164	37.2	-	0	ID=42_28;partial=00;start_type=ATG;rbs_motif=AGGAGG;rbs_spacer=5-10bp;gc_cont=0.369;conf=99.98;score=37.19;cscore=19.66;sscore=17.53;rscore=13.75;uscore=1.94;tscore=2.49;
contig_32	Prodigal_v2.6.3	CDS	25392	25640	31.3	+	0	ID=42_29;partial=00;start_type=TTG;rbs_motif=AGxAGG/AGGxGG;rbs_spacer=5-10bp;gc_cont=0.345;conf=99.92;score=31.29;cscore=22.54;sscore=8.75;rscore=9.52;uscore=4.00;tscore=-4.77;
contig_32	Prodigal_v2.6.3	CDS	26071	28050	374.2	+	0	ID=42_30;partial=00;start_type=GTG;rbs_motif=GGA/GAG/AGG;rbs_spacer=5-10bp;gc_cont=0.417;conf=99.99;score=374.18;cscore=374.00;sscore=0.17;rscore=-0.45;uscore=4.88;tscore=-3.61;
contig_32	Prodigal_v2.6.3	CDS	28058	30925	518.3	+	0	ID=42_31;partial=00;start_type=GTG;rbs_motif=AGxAGG/AGGxGG;rbs_spacer=11-12bp;gc_cont=0.407;conf=99.99;score=518.29;cscore=511.42;sscore=6.88;rscore=6.48;uscore=2.82;tscore=-3.61;
contig_32	Prodigal_v2.6.3	CDS	31209	32396	221.2	+	0	ID=42_32;partial=00;start_type=ATG;rbs_motif=GGAGG;rbs_spacer=5-10bp;gc_cont=0.359;conf=99.99;score=221.22;cscore=204.31;sscore=16.91;rscore=12.75;uscore=2.32;tscore=2.49;
contig_32	Prodigal_v2.6.3	CDS	32638	33324	109.8	+	0	ID=42_33;partial=00;start_type=ATG;rbs_motif=AGxAGG/AGGxGG;rbs_spacer=5-10bp;gc_cont=0.396;conf=100.00;score=109.82;cscore=99.71;sscore=10.11;rscore=9.68;uscore=-1.40;tscore=2.49;
contig_32	Prodigal_v2.6.3	CDS	33281	34198	141.5	+	0	ID=42_34;partial=00;start_type=TTG;rbs_motif=AGxAGG/AGGxGG;rbs_spacer=5-10bp;gc_cont=0.355;conf=100.00;score=141.51;cscore=137.66;sscore=3.86;rscore=9.68;uscore=-1.13;tscore=-4.70;
contig_32	Prodigal_v2.6.3	CDS	34252	34788	90.1	+	0	ID=42_35;partial=00;start_type=GTG;rbs_motif=GGAG/GAGG;rbs_spacer=5-10bp;gc_cont=0.324;conf=100.00;score=90.08;cscore=81.21;sscore=8.87;rscore=8.24;uscore=3.54;tscore=-3.61;
contig_32	Prodigal_v2.6.3	CDS	34977	35558	78.4	+	0	ID=42_36;partial=00;start_type=TTG;rbs_motif=None;rbs_spacer=None;gc_cont=0.454;conf=100.00;score=78.40;cscore=89.33;sscore=-10.93;rscore=-9.56;uscore=3.98;tscore=-4.70;
contig_32	Prodigal_v2.6.3	CDS	36206	36838	51.6	+	0	ID=42_37;partial=00;start_type=TTG;rbs_motif=AGGAGG;rbs_spacer=5-10bp;gc_cont=0.376;conf=100.00;score=51.59;cscore=42.33;sscore=9.26;rscore=13.75;uscore=0.86;tscore=-4.70;
contig_32	Prodigal_v2.6.3	CDS	36835	37422	95.4	+	0	ID=42_38;partial=00;start_type=ATG;rbs_motif=GGAGG;rbs_spacer=5-10bp;gc_cont=0.408;conf=100.00;score=95.38;cscore=78.78;sscore=16.60;rscore=12.75;uscore=0.06;tscore=2.49;
contig_32	Prodigal_v2.6.3	CDS	37643	39085	253.8	+	0	ID=42_39;partial=00;start_type=TTG;rbs_motif=AGGAGG;rbs_spacer=5-10bp;gc_cont=0.398;conf=99.99;score=253.79;cscore=242.49;sscore=11.30;rscore=13.75;uscore=2.89;tscore=-4.70;
contig_32	Prodigal_v2.6.3	CDS	39208	40389	167.5	+	0	ID=42_40;partial=00;start_type=ATG;rbs_motif=GGxGG;rbs_spacer=5-10bp;gc_cont=0.381;conf=100.00;score=167.47;cscore=154.06;sscore=13.41;rscore=6.77;uscore=4.15;tscore=2.49;
contig_32	Prodigal_v2.6.3	CDS	40389	40610	32.6	+	0	ID=42_41;partial=00;start_type=ATG;rbs_motif=GGAG/GAGG;rbs_spacer=5-10bp;gc_cont=0.338;conf=99.94;score=32.57;cscore=21.00;sscore=11.57;rscore=7.22;uscore=0.89;tscore=2.18;
contig_32	Prodigal_v2.6.3	CDS	40645	40971	41.0	-	0	ID=42_42;partial=00;start_type=ATG;rbs_motif=GGxGG;rbs_spacer=5-10bp;gc_cont=0.370;conf=99.99;score=41.00;cscore=30.45;sscore=10.55;rscore=6.77;uscore=-0.51;tscore=2.49;
contig_32	Prodigal_v2.6.3	CDS	40968	41702	101.3	-	0	ID=42_43;partial=00;start_type=ATG;rbs_motif=AGGA;rbs_spacer=5-10bp;gc_cont=0.392;conf=100.00;score=101.29;cscore=91.28;sscore=10.02;rscore=4.23;uscore=3.96;tscore=2.49;
contig_32	Prodigal_v2.6.3	CDS	41827	42378	95.1	+	0	ID=42_44;partial=00;start_type=ATG;rbs_motif=GGA/GAG/AGG;rbs_spacer=5-10bp;gc_cont=0.404;conf=100.00;score=95.06;cscore=88.54;sscore=6.53;rscore=-0.45;uscore=4.49;tscore=2.49;
contig_32	Prodigal_v2.6.3	CDS	42390	43028	61.8	+	0	ID=42_45;partial=00;start_type=TTG;rbs_motif=GGAG/GAGG;rbs_spacer=5-10bp;gc_cont=0.404;conf=100.00;score=61.78;cscore=53.81;sscore=7.97;rscore=8.24;uscore=3.27;tscore=-4.70;
contig_32	Prodigal_v2.6.3	CDS	43355	46864	550.6	+	0	ID=42_46;partial=00;start_type=ATG;rbs_motif=AGGAGG;rbs_spacer=5-10bp;gc_cont=0.400;conf=99.99;score=550.65;cscore=534.13;sscore=16.52;rscore=13.75;uscore=0.93;tscore=2.49;
contig_32	Prodigal_v2.6.3	CDS	46866	50582	612.8	+	0	ID=42_47;partial=00;start_type=ATG;rbs_motif=AGGAG;rbs_spacer=5-10bp;gc_cont=0.415;conf=99.99;score=612.78;cscore=594.85;sscore=17.93;rscore=12.22;uscore=1.96;tscore=2.49;
contig_32	Prodigal_v2.6.3	CDS	50665	51831	134.5	+	0	ID=42_48;partial=00;start_type=GTG;rbs_motif=AGGAGG;rbs_spacer=5-10bp;gc_cont=0.386;conf=100.00;score=134.47;cscore=128.34;sscore=6.13;rscore=13.75;uscore=-4.01;tscore=-3.61;
contig_32	Prodigal_v2.6.3	CDS	51956	52858	179.5	+	0	ID=42_49;partial=00;start_type=ATG;rbs_motif=AGGAG/GGAGG;rbs_spacer=11-12bp;gc_cont=0.372;conf=99.99;score=179.54;cscore=163.51;sscore=16.03;rscore=9.05;uscore=4.49;tscore=2.49;
contig_32	Prodigal_v2.6.3	CDS	53059	53427	59.1	+	0	ID=42_50;partial=00;start_type=ATG;rbs_motif=AGxAGG/AGGxGG;rbs_spacer=5-10bp;gc_cont=0.355;conf=100.00;score=59.12;cscore=42.13;sscore=16.99;rscore=9.68;uscore=5.48;tscore=2.49;
contig_32	Prodigal_v2.6.3	CDS	53612	55078	240.0	+	0	ID=42_51;partial=00;start_type=GTG;rbs_motif=GGAG/GAGG;rbs_spacer=5-10bp;gc_cont=0.378;conf=99.99;score=240.02;cscore=233.77;sscore=6.25;rscore=8.24;uscore=2.27;tscore=-3.61;
contig_32	Prodigal_v2.6.3	CDS	55129	55986	127.7	-	0	ID=42_52;partial=00;start_type=ATG;rbs_motif=AGxAGG/AGGxGG;rbs_spacer=5-10bp;gc_cont=0.396;conf=100.00;score=127.71;cscore=112.79;sscore=14.92;rscore=9.68;uscore=2.76;tscore=2.49;
contig_32	Prodigal_v2.6.3	CDS	56129	56938	130.4	-	0	ID=42_53;partial=00;start_type=ATG;rbs_motif=GGA/GAG/AGG;rbs_spacer=11-12bp;gc_cont=0.378;conf=100.00;score=130.37;cscore=125.52;sscore=4.85;rscore=-0.79;uscore=3.81;tscore=2.49;
contig_32	Prodigal_v2.6.3	CDS	57060	57824	107.2	+	0	ID=42_54;partial=00;start_type=ATG;rbs_motif=GGAG/GAGG;rbs_spacer=5-10bp;gc_cont=0.370;conf=100.00;score=107.17;cscore=94.96;sscore=12.20;rscore=8.24;uscore=1.48;tscore=2.49;
contig_32	Prodigal_v2.6.3	CDS	57878	58186	66.9	+	0	ID=42_55;partial=00;start_type=ATG;rbs_motif=AGGAG;rbs_spacer=5-10bp;gc_cont=0.398;conf=100.00;score=66.92;cscore=49.60;sscore=17.33;rscore=12.22;uscore=1.92;tscore=2.49;
contig_32	Prodigal_v2.6.3	CDS	58247	58933	69.7	-	0	ID=42_56;partial=00;start_type=ATG;rbs_motif=AGGA/GGAG/GAGG;rbs_spacer=11-12bp;gc_cont=0.339;conf=100.00;score=69.67;cscore=64.02;sscore=5.65;rscore=3.18;uscore=0.64;tscore=2.49;
contig_32	Prodigal_v2.6.3	CDS	59200	61326	465.3	+	0	ID=42_57;partial=00;start_type=ATG;rbs_motif=AGGAG;rbs_spacer=5-10bp;gc_cont=0.397;conf=99.99;score=465.31;cscore=444.55;sscore=20.76;rscore=12.22;uscore=6.05;tscore=2.49;
contig_32	Prodigal_v2.6.3	CDS	61376	61570	14.1	-	0	ID=42_58;partial=00;start_type=ATG;rbs_motif=GGAG/GAGG;rbs_spacer=5-10bp;gc_cont=0.379;conf=96.23;score=14.10;cscore=5.35;sscore=8.75;rscore=6.33;uscore=1.16;tscore=1.91;
contig_32	Prodigal_v2.6.3	CDS	62036	62974	191.8	+	0	ID=42_59;partial=00;start_type=ATG;rbs_motif=GGAG/GAGG;rbs_spacer=5-10bp;gc_cont=0.401;conf=99.99;score=191.81;cscore=179.13;sscore=12.68;rscore=8.24;uscore=1.95;tscore=2.49;
contig_32	Prodigal_v2.6.3	CDS	63005	64246	253.8	+	0	ID=42_60;partial=00;start_type=ATG;rbs_motif=GGAG/GAGG;rbs_spacer=5-10bp;gc_cont=0.410;conf=99.99;score=253.76;cscore=240.09;sscore=13.67;rscore=8.24;uscore=2.00;tscore=2.49;
contig_32	Prodigal_v2.6.3	CDS	64353	64574	13.9	+	0	ID=42_61;partial=00;start_type=ATG;rbs_motif=AGGA;rbs_spacer=5-10bp;gc_cont=0.360;conf=96.06;score=13.90;cscore=2.95;sscore=10.95;rscore=3.70;uscore=5.07;tscore=2.18;
contig_32	Prodigal_v2.6.3	CDS	64577	65566	191.3	-	0	ID=42_62;partial=00;start_type=ATG;rbs_motif=AGGAGG;rbs_spacer=5-10bp;gc_cont=0.396;conf=99.99;score=191.26;cscore=176.68;sscore=14.59;rscore=13.75;uscore=-1.00;tscore=2.49;
contig_32	Prodigal_v2.6.3	CDS	66392	66610	8.1	+	0	ID=42_63;partial=00;start_type=ATG;rbs_motif=AGGA;rbs_spacer=5-10bp;gc_cont=0.329;conf=86.53;score=8.09;cscore=-0.52;sscore=8.61;rscore=3.65;uscore=3.31;tscore=2.15;
contig_32	Prodigal_v2.6.3	CDS	66600	66791	8.3	+	0	ID=42_64;partial=00;start_type=GTG;rbs_motif=None;rbs_spacer=None;gc_cont=0.370;conf=87.14;score=8.32;cscore=25.33;sscore=-17.01;rscore=-12.64;uscore=-0.81;tscore=-4.77;
contig_32	Prodigal_v2.6.3	CDS	67223	67891	116.0	+	0	ID=42_65;partial=00;start_type=GTG;rbs_motif=GGAG/GAGG;rbs_spacer=5-10bp;gc_cont=0.350;conf=100.00;score=115.99;cscore=110.44;sscore=5.55;rscore=8.24;uscore=1.58;tscore=-3.61;
contig_32	Prodigal_v2.6.3	CDS	68433	69209	54.0	+	0	ID=42_66;partial=00;start_type=TTG;rbs_motif=AGGAG;rbs_spacer=5-10bp;gc_cont=0.376;conf=100.00;score=54.00;cscore=48.37;sscore=5.63;rscore=12.22;uscore=-1.24;tscore=-4.70;
contig_32	Prodigal_v2.6.3	CDS	69260	69652	70.1	+	0	ID=42_67;partial=00;start_type=ATG;rbs_motif=AGxAGG/AGGxGG;rbs_spacer=5-10bp;gc_cont=0.392;conf=100.00;score=70.11;cscore=52.48;sscore=17.63;rscore=9.68;uscore=4.74;tscore=2.49;
contig_32	Prodigal_v2.6.3	CDS	69703	71076	192.4	+	0	ID=42_68;partial=00;start_type=ATG;rbs_motif=None;rbs_spacer=None;gc_cont=0.380;conf=99.99;score=192.38;cscore=200.96;sscore=-8.58;rscore=-9.56;uscore=-2.23;tscore=2.49;
contig_32	Prodigal_v2.6.3	CDS	71468	72277	107.7	-	0	ID=42_69;partial=00;start_type=GTG;rbs_motif=AGxAGG/AGGxGG;rbs_spacer=5-10bp;gc_cont=0.363;conf=100.00;score=107.68;cscore=99.35;sscore=8.33;rscore=9.68;uscore=1.01;tscore=-3.61;
contig_32	Prodigal_v2.6.3	CDS	72270	72677	73.9	-	0	ID=42_70;partial=00;start_type=ATG;rbs_motif=AGGAG;rbs_spacer=5-10bp;gc_cont=0.412;conf=100.00;score=73.88;cscore=56.64;sscore=17.23;rscore=12.22;uscore=3.18;tscore=2.49;
contig_32	Prodigal_v2.6.3	CDS	72898	73656	90.8	-	0	ID=42_71;partial=00;start_type=TTG;rbs_motif=GGA/GAG/AGG;rbs_spacer=11-12bp;gc_cont=0.366;conf=100.00;score=90.81;cscore=89.91;sscore=0.89;rscore=-0.79;uscore=5.42;tscore=-4.70;
contig_32	Prodigal_v2.6.3	CDS	73686	74273	88.1	-	0	ID=42_72;partial=00;start_type=ATG;rbs_motif=GGA/GAG/AGG;rbs_spacer=5-10bp;gc_cont=0.335;conf=100.00;score=88.10;cscore=81.00;sscore=7.10;rscore=-0.45;uscore=5.71;tscore=2.49;
contig_32	Prodigal_v2.6.3	CDS	74400	74783	42.6	+	0	ID=42_73;partial=00;start_type=GTG;rbs_motif=GGA/GAG/AGG;rbs_spacer=5-10bp;gc_cont=0.346;conf=99.99;score=42.56;cscore=43.35;sscore=-0.79;rscore=-0.45;uscore=3.27;tscore=-3.61;
contig_32	Prodigal_v2.6.3	CDS	74840	75511	116.6	+	0	ID=42_74;partial=00;start_type=ATG;rbs_motif=GGAGG;rbs_spacer=5-10bp;gc_cont=0.379;conf=100.00;score=116.58;cscore=104.47;sscore=12.10;rscore=12.75;uscore=-3.80;tscore=2.49;
contig_32	Prodigal_v2.6.3	CDS	75508	76302	100.8	+	0	ID=42_75;partial=00;start_type=ATG;rbs_motif=AGGAG/GGAGG;rbs_spacer=11-12bp;gc_cont=0.403;conf=100.00;score=100.78;cscore=86.64;sscore=14.14;rscore=9.05;uscore=1.31;tscore=2.49;
contig_32	Prodigal_v2.6.3	CDS	76277	77212	103.8	+	0	ID=42_76;partial=00;start_type=ATG;rbs_motif=GGAG/GAGG;rbs_spacer=5-10bp;gc_cont=0.401;conf=100.00;score=103.85;cscore=100.00;sscore=3.85;rscore=8.24;uscore=-6.88;tscore=2.49;
contig_32	Prodigal_v2.6.3	CDS	77631	79007	284.1	+	0	ID=42_77;partial=00;start_type=ATG;rbs_motif=AGGAGG;rbs_spacer=5-10bp;gc_cont=0.378;conf=99.99;score=284.15;cscore=268.91;sscore=15.24;rscore=13.75;uscore=-0.35;tscore=2.49;
contig_32	Prodigal_v2.6.3	CDS	79016	79462	36.4	+	0	ID=42_78;partial=00;start_type=TTG;rbs_motif=GGA/GAG/AGG;rbs_spacer=11-12bp;gc_cont=0.322;conf=99.98;score=36.39;cscore=40.30;sscore=-3.91;rscore=-0.79;uscore=0.39;tscore=-4.70;
contig_32	Prodigal_v2.6.3	CDS	79526	80050	51.0	-	0	ID=42_79;partial=00;start_type=ATG;rbs_motif=AGxAGG/AGGxGG;rbs_spacer=5-10bp;gc_cont=0.398;conf=100.00;score=51.04;cscore=35.58;sscore=15.46;rscore=9.68;uscore=3.94;tscore=2.49;
contig_32	Prodigal_v2.6.3	CDS	80199	80588	62.2	+	0	ID=42_80;partial=00;start_type=ATG;rbs_motif=GGAG/GAGG;rbs_spacer=5-10bp;gc_cont=0.321;conf=100.00;score=62.18;cscore=50.51;sscore=11.67;rscore=8.24;uscore=0.94;tscore=2.49;
contig_32	Prodigal_v2.6.3	CDS	80589	81044	77.0	+	0	ID=42_81;partial=00;start_type=ATG;rbs_motif=AGGAGG;rbs_spacer=5-10bp;gc_cont=0.386;conf=100.00;score=76.96;cscore=57.41;sscore=19.56;rscore=13.75;uscore=2.05;tscore=2.49;
contig_32	Prodigal_v2.6.3	CDS	81038	82033	159.7	+	0	ID=42_82;partial=00;start_type=ATG;rbs_motif=AGGAG;rbs_spacer=5-10bp;gc_cont=0.407;conf=100.00;score=159.72;cscore=145.03;sscore=14.69;rscore=12.22;uscore=-1.28;tscore=2.49;
contig_32	Prodigal_v2.6.3	CDS	82044	82409	64.8	+	0	ID=42_83;partial=00;start_type=ATG;rbs_motif=GGAG/GAGG;rbs_spacer=5-10bp;gc_cont=0.415;conf=100.00;score=64.83;cscore=51.14;sscore=13.69;rscore=8.24;uscore=1.80;tscore=2.49;
contig_32	Prodigal_v2.6.3	CDS	82475	82645	10.4	+	0	ID=42_84;partial=00;start_type=ATG;rbs_motif=GGAGG;rbs_spacer=5-10bp;gc_cont=0.415;conf=91.58;score=10.38;cscore=-0.35;sscore=10.74;rscore=8.57;uscore=0.99;tscore=1.67;
contig_32	Prodigal_v2.6.3	CDS	82776	83024	38.9	+	0	ID=42_85;partial=00;start_type=ATG;rbs_motif=AGGAGG;rbs_spacer=5-10bp;gc_cont=0.341;conf=99.99;score=38.89;cscore=21.58;sscore=17.31;rscore=13.53;uscore=1.34;tscore=2.45;
contig_32	Prodigal_v2.6.3	CDS	83145	83576	63.7	-	0	ID=42_86;partial=00;start_type=TTG;rbs_motif=GGAG/GAGG;rbs_spacer=5-10bp;gc_cont=0.389;conf=100.00;score=63.71;cscore=60.50;sscore=3.22;rscore=8.24;uscore=-1.60;tscore=-4.70;
contig_32	Prodigal_v2.6.3	CDS	83577	84092	88.3	-	0	ID=42_87;partial=00;start_type=ATG;rbs_motif=GGAGG;rbs_spacer=5-10bp;gc_cont=0.374;conf=100.00;score=88.32;cscore=72.42;sscore=15.91;rscore=12.75;uscore=0.67;tscore=2.49;
contig_32	Prodigal_v2.6.3	CDS	84176	84895	110.2	-	0	ID=42_88;partial=00;start_type=TTG;rbs_motif=AGGAG;rbs_spacer=5-10bp;gc_cont=0.362;conf=100.00;score=110.22;cscore=100.75;sscore=9.47;rscore=12.22;uscore=2.60;tscore=-4.70;
contig_32	Prodigal_v2.6.3	CDS	85009	85590	116.7	+	0	ID=42_89;partial=00;start_type=ATG;rbs_motif=GGAG/GAGG;rbs_spacer=5-10bp;gc_cont=0.385;conf=100.00;score=116.69;cscore=104.64;sscore=12.05;rscore=8.24;uscore=1.33;tscore=2.49;
contig_32	Prodigal_v2.6.3	CDS	85649	87460	333.1	-	0	ID=42_90;partial=00;start_type=ATG;rbs_motif=GGAGG;rbs_spacer=5-10bp;gc_cont=0.359;conf=99.99;score=333.06;cscore=316.17;sscore=16.89;rscore=12.75;uscore=0.51;tscore=2.49;
contig_32	Prodigal_v2.6.3	CDS	87473	88969	177.9	-	0	ID=42_91;partial=00;start_type=GTG;rbs_motif=AGGAGG;rbs_spacer=5-10bp;gc_cont=0.373;conf=100.00;score=177.87;cscore=167.84;sscore=10.03;rscore=13.75;uscore=-1.25;tscore=-3.61;
contig_32	Prodigal_v2.6.3	CDS	88983	90413	169.4	-	0	ID=42_92;partial=00;start_type=ATG;rbs_motif=GGAGG;rbs_spacer=5-10bp;gc_cont=0.355;conf=100.00;score=169.36;cscore=153.43;sscore=15.93;rscore=12.75;uscore=1.34;tscore=2.49;
contig_32	Prodigal_v2.6.3	CDS	90535	92274	250.4	+	0	ID=42_93;partial=00;start_type=ATG;rbs_motif=AGGA;rbs_spacer=5-10bp;gc_cont=0.401;conf=99.99;score=250.43;cscore=240.95;sscore=9.48;rscore=4.23;uscore=2.77;tscore=2.49;
contig_32	Prodigal_v2.6.3	CDS	92408	93028	110.2	+	0	ID=42_94;partial=00;start_type=ATG;rbs_motif=GGAG/GAGG;rbs_spacer=5-10bp;gc_cont=0.349;conf=100.00;score=110.18;cscore=98.57;sscore=11.61;rscore=8.24;uscore=0.89;tscore=2.49;
contig_32	Prodigal_v2.6.3	CDS	93585	94460	150.6	-	0	ID=42_95;partial=00;start_type=ATG;rbs_motif=AGGAG;rbs_spacer=5-10bp;gc_cont=0.384;conf=100.00;score=150.64;cscore=131.48;sscore=19.15;rscore=12.22;uscore=5.10;tscore=2.49;
contig_32	Prodigal_v2.6.3	CDS	94680	95252	73.7	+	0	ID=42_96;partial=00;start_type=ATG;rbs_motif=AGGAGG;rbs_spacer=5-10bp;gc_cont=0.382;conf=100.00;score=73.66;cscore=57.36;sscore=16.30;rscore=13.75;uscore=0.06;tscore=2.49;
contig_32	Prodigal_v2.6.3	CDS	95565	96092	108.3	+	0	ID=42_97;partial=00;start_type=ATG;rbs_motif=GGAGG;rbs_spacer=5-10bp;gc_cont=0.352;conf=100.00;score=108.28;cscore=93.04;sscore=15.24;rscore=12.75;uscore=0.65;tscore=2.49;
contig_32	Prodigal_v2.6.3	CDS	96279	97220	123.3	+	0	ID=42_98;partial=00;start_type=ATG;rbs_motif=GGxGG;rbs_spacer=5-10bp;gc_cont=0.389;conf=100.00;score=123.27;cscore=115.91;sscore=7.36;rscore=6.77;uscore=-1.25;tscore=2.49;
contig_32	Prodigal_v2.6.3	CDS	97315	98592	171.1	+	0	ID=42_99;partial=00;start_type=ATG;rbs_motif=GGAGG;rbs_spacer=5-10bp;gc_cont=0.356;conf=100.00;score=171.14;cscore=152.55;sscore=18.59;rscore=12.75;uscore=3.35;tscore=2.49;
contig_32	Prodigal_v2.6.3	CDS	98589	99164	68.5	+	0	ID=42_100;partial=00;start_type=GTG;rbs_motif=GGAGG;rbs_spacer=5-10bp;gc_cont=0.372;conf=100.00;score=68.49;cscore=56.90;sscore=11.59;rscore=12.75;uscore=1.15;tscore=-3.61;
contig_32	Prodigal_v2.6.3	CDS	99305	101371	277.3	+	0	ID=42_101;partial=00;start_type=GTG;rbs_motif=GGA/GAG/AGG;rbs_spacer=5-10bp;gc_cont=0.394;conf=99.99;score=277.29;cscore=279.26;sscore=-1.97;rscore=-0.45;uscore=2.09;tscore=-3.61;
contig_32	Prodigal_v2.6.3	CDS	101574	102059	44.5	+	0	ID=42_102;partial=00;start_type=ATG;rbs_motif=GGAG/GAGG;rbs_spacer=5-10bp;gc_cont=0.383;conf=100.00;score=44.51;cscore=35.03;sscore=9.48;rscore=8.24;uscore=-0.60;tscore=2.49;
contig_32	Prodigal_v2.6.3	CDS	101998	102912	137.1	+	0	ID=42_103;partial=00;start_type=TTG;rbs_motif=GGA/GAG/AGG;rbs_spacer=11-12bp;gc_cont=0.386;conf=100.00;score=137.12;cscore=142.67;sscore=-5.55;rscore=-0.79;uscore=-0.06;tscore=-4.70;
contig_32	Prodigal_v2.6.3	CDS	103073	103606	73.3	+	0	ID=42_104;partial=00;start_type=ATG;rbs_motif=AGGAG;rbs_spacer=5-10bp;gc_cont=0.365;conf=100.00;score=73.34;cscore=57.98;sscore=15.36;rscore=12.22;uscore=0.65;tscore=2.49;
contig_32	Prodigal_v2.6.3	CDS	103650	103805	13.1	-	0	ID=42_105;partial=00;start_type=ATG;rbs_motif=GGxGG;rbs_spacer=5-10bp;gc_cont=0.365;conf=95.28;score=13.07;cscore=7.15;sscore=5.92;rscore=4.14;uscore=0.91;tscore=1.52;
contig_32	Prodigal_v2.6.3	CDS	104016	104972	148.7	+	0	ID=42_106;partial=00;start_type=ATG;rbs_motif=GGA/GAG/AGG;rbs_spacer=11-12bp;gc_cont=0.371;conf=100.00;score=148.74;cscore=143.48;sscore=5.27;rscore=-0.79;uscore=3.57;tscore=2.49;
contig_32	Prodigal_v2.6.3	CDS	105025	105249	10.6	+	0	ID=42_107;partial=00;start_type=ATG;rbs_motif=GGA/GAG/AGG;rbs_spacer=11-12bp;gc_cont=0.382;conf=91.97;score=10.60;cscore=7.27;sscore=3.33;rscore=-0.89;uscore=1.31;tscore=2.21;
# Sequence Data: seqnum=43;seqlen=56373;seqhdr="contig_2"
# Model Data: version=Prodigal.v2.6.3;run_type=Single;model="Ab initio";gc_cont=37.70;transl_table=11;uses_sd=1
contig_2	Prodigal_v2.6.3	CDS	2	505	85.8	-	0	ID=43_1;partial=10;start_type=ATG;rbs_motif=AGGA;rbs_spacer=5-10bp;gc_cont=0.377;conf=100.00;score=85.84;cscore=76.46;sscore=9.38;rscore=4.23;uscore=2.67;tscore=2.49;
contig_2	Prodigal_v2.6.3	CDS	568	906	34.8	-	0	ID=43_2;partial=00;start_type=TTG;rbs_motif=AGxAGG/AGGxGG;rbs_spacer=5-10bp;gc_cont=0.434;conf=99.97;score=34.77;cscore=24.38;sscore=10.39;rscore=9.68;uscore=4.19;tscore=-4.70;
contig_2	Prodigal_v2.6.3	CDS	896	2671	184.0	-	0	ID=43_3;partial=00;start_type=TTG;rbs_motif=GGA/GAG/AGG;rbs_spacer=11-12bp;gc_cont=0.432;conf=99.99;score=183.98;cscore=188.36;sscore=-4.38;rscore=-0.79;uscore=-0.12;tscore=-4.70;
contig_2	Prodigal_v2.6.3	CDS	2662	3093	40.0	-	0	ID=43_4;partial=00;start_type=GTG;rbs_motif=GGA/GAG/AGG;rbs_spacer=5-10bp;gc_cont=0.431;conf=99.99;score=40.01;cscore=44.42;sscore=-4.41;rscore=-0.45;uscore=-0.35;tscore=-3.61;
contig_2	Prodigal_v2.6.3	CDS	3188	3511	28.4	-	0	ID=43_5;partial=00;start_type=ATG;rbs_motif=GGA/GAG/AGG;rbs_spacer=5-10bp;gc_cont=0.410;conf=99.85;score=28.38;cscore=27.89;sscore=0.48;rscore=-0.45;uscore=-0.90;tscore=2.49;
contig_2	Prodigal_v2.6.3	CDS	3768	4865	176.7	-	0	ID=43_6;partial=00;start_type=ATG;rbs_motif=GGAGG;rbs_spacer=5-10bp;gc_cont=0.404;conf=100.00;score=176.69;cscore=159.50;sscore=17.19;rscore=12.75;uscore=0.67;tscore=2.49;
contig_2	Prodigal_v2.6.3	CDS	4865	5317	92.2	-	0	ID=43_7;partial=00;start_type=ATG;rbs_motif=AGxAGG/AGGxGG;rbs_spacer=5-10bp;gc_cont=0.411;conf=100.00;score=92.24;cscore=81.14;sscore=11.10;rscore=9.68;uscore=-2.34;tscore=2.49;
contig_2	Prodigal_v2.6.3	CDS	5318	5482	22.5	-	0	ID=43_8;partial=00;start_type=ATG;rbs_motif=GGAGG;rbs_spacer=5-10bp;gc_cont=0.388;conf=99.43;score=22.46;cscore=12.07;sscore=10.40;rscore=8.26;uscore=0.52;tscore=1.61;
contig_2	Prodigal_v2.6.3	CDS	5607	5870	13.7	-	0	ID=43_9;partial=00;start_type=ATG;rbs_motif=None;rbs_spacer=None;gc_cont=0.436;conf=95.87;score=13.68;cscore=19.70;sscore=-6.02;rscore=-9.56;uscore=0.29;tscore=2.49;
contig_2	Prodigal_v2.6.3	CDS	5918	6160	32.0	-	0	ID=43_10;partial=00;start_type=ATG;rbs_motif=AGGAGG;rbs_spacer=5-10bp;gc_cont=0.387;conf=99.94;score=32.04;cscore=14.58;sscore=17.46;rscore=13.20;uscore=1.87;tscore=2.39;
contig_2	Prodigal_v2.6.3	CDS	6223	7185	69.5	-	0	ID=43_11;partial=00;start_type=ATG;rbs_motif=GGAGG;rbs_spacer=5-10bp;gc_cont=0.411;conf=100.00;score=69.55;cscore=54.66;sscore=14.88;rscore=12.75;uscore=0.29;tscore=2.49;
contig_2	Prodigal_v2.6.3	CDS	7427	7912	36.7	-	0	ID=43_12;partial=00;start_type=ATG;rbs_motif=AGGAG;rbs_spacer=5-10bp;gc_cont=0.434;conf=99.98;score=36.70;cscore=23.34;sscore=13.37;rscore=12.22;uscore=-2.05;tscore=2.49;
contig_2	Prodigal_v2.6.3	CDS	7965	8138	10.5	-	0	ID=43_13;partial=00;start_type=ATG;rbs_motif=AGGAGG;rbs_spacer=5-10bp;gc_cont=0.397;conf=91.80;score=10.51;cscore=4.88;sscore=5.62;rscore=9.41;uscore=-5.48;tscore=1.70;
contig_2	Prodigal_v2.6.3	CDS	8198	8938	130.4	-	0	ID=43_14;partial=00;start_type=ATG;rbs_motif=GGAG/GAGG;rbs_spacer=5-10bp;gc_cont=0.383;conf=100.00;score=130.36;cscore=116.16;sscore=14.20;rscore=8.24;uscore=3.48;tscore=2.49;
contig_2	Prodigal_v2.6.3	CDS	9007	9390	41.1	-	0	ID=43_15;partial=00;start_type=ATG;rbs_motif=GGAG/GAGG;rbs_spacer=5-10bp;gc_cont=0.354;conf=99.99;score=41.13;cscore=29.00;sscore=12.13;rscore=8.24;uscore=0.71;tscore=2.49;
contig_2	Prodigal_v2.6.3	CDS	9445	9795	54.7	-	0	ID=43_16;partial=00;start_type=ATG;rbs_motif=GGAG/GAGG;rbs_spacer=5-10bp;gc_cont=0.342;conf=100.00;score=54.66;cscore=41.61;sscore=13.05;rscore=8.24;uscore=2.97;tscore=2.49;
contig_2	Prodigal_v2.6.3	CDS	11330	11689	45.3	-	0	ID=43_17;partial=00;start_type=ATG;rbs_motif=GGAGG;rbs_spacer=5-10bp;gc_cont=0.389;conf=100.00;score=45.30;cscore=28.61;sscore=16.69;rscore=12.75;uscore=1.45;tscore=2.49;
contig_2	Prodigal_v2.6.3	CDS	11826	12074	44.1	-	0	ID=43_18;partial=00;start_type=ATG;rbs_motif=GGAGG;rbs_spacer=5-10bp;gc_cont=0.394;conf=100.00;score=44.12;cscore=26.84;sscore=17.28;rscore=12.55;uscore=2.94;tscore=2.45;
contig_2	Prodigal_v2.6.3	CDS	12258	12482	30.5	+	0	ID=43_19;partial=00;start_type=ATG;rbs_motif=AGGAG;rbs_spacer=5-10bp;gc_cont=0.338;conf=99.91;score=30.50;cscore=16.34;sscore=14.16;rscore=10.85;uscore=1.10;tscore=2.21;
contig_2	Prodigal_v2.6.3	CDS	12676	13041	25.9	+	0	ID=43_20;partial=00;start_type=GTG;rbs_motif=GGAGG;rbs_spacer=5-10bp;gc_cont=0.385;conf=99.74;score=25.87;cscore=17.49;sscore=8.38;rscore=12.75;uscore=-0.11;tscore=-3.61;
contig_2	Prodigal_v2.6.3	CDS	13793	14722	66.2	-	0	ID=43_21;partial=00;start_type=ATG;rbs_motif=GGAG/GAGG;rbs_spacer=5-10bp;gc_cont=0.409;conf=100.00;score=66.23;cscore=55.35;sscore=10.88;rscore=8.24;uscore=0.15;tscore=2.49;
contig_2	Prodigal_v2.6.3	CDS	14887	16593	287.0	-	0	ID=43_22;partial=00;start_type=GTG;rbs_motif=GGA/GAG/AGG;rbs_spacer=11-12bp;gc_cont=0.387;conf=99.99;score=287.02;cscore=292.37;sscore=-5.35;rscore=-0.79;uscore=-0.95;tscore=-3.61;
contig_2	Prodigal_v2.6.3	CDS	16730	18913	285.8	-	0	ID=43_23;partial=00;start_type=GTG;rbs_motif=GGAGG;rbs_spacer=5-10bp;gc_cont=0.386;conf=99.99;score=285.78;cscore=275.34;sscore=10.44;rscore=12.75;uscore=-1.35;tscore=-3.61;
contig_2	Prodigal_v2.6.3	CDS	18910	19362	40.3	-	0	ID=43_24;partial=00;start_type=ATG;rbs_motif=None;rbs_spacer=None;gc_cont=0.371;conf=99.99;score=40.26;cscore=47.13;sscore=-6.87;rscore=-9.56;uscore=-0.91;tscore=2.49;
contig_2	Prodigal_v2.6.3	CDS	19378	20091	89.3	-	0	ID=43_25;partial=00;start_type=ATG;rbs_motif=AGGA/GGAG/GAGG;rbs_spacer=11-12bp;gc_cont=0.367;conf=100.00;score=89.34;cscore=82.21;sscore=7.12;rscore=3.18;uscore=0.17;tscore=2.49;
contig_2	Prodigal_v2.6.3	CDS	20088	21032	153.4	-	0	ID=43_26;partial=00;start_type=ATG;rbs_motif=AGGAG/GGAGG;rbs_spacer=11-12bp;gc_cont=0.385;conf=100.00;score=153.45;cscore=142.55;sscore=10.90;rscore=9.05;uscore=0.01;tscore=2.49;
contig_2	Prodigal_v2.6.3	CDS	21227	22258	79.0	-	0	ID=43_27;partial=00;start_type=TTG;rbs_motif=GGA/GAG/AGG;rbs_spacer=3-4bp;gc_cont=0.381;conf=100.00;score=79.01;cscore=92.97;sscore=-13.96;rscore=-7.91;uscore=-1.35;tscore=-4.70;
contig_2	Prodigal_v2.6.3	CDS	22703	23182	63.8	-	0	ID=43_28;partial=00;start_type=ATG;rbs_motif=GGA/GAG/AGG;rbs_spacer=5-10bp;gc_cont=0.354;conf=100.00;score=63.81;cscore=62.29;sscore=1.51;rscore=-0.45;uscore=-0.53;tscore=2.49;
contig_2	Prodigal_v2.6.3	CDS	23152	24423	160.5	-	0	ID=43_29;partial=00;start_type=ATG;rbs_motif=AGGAGG;rbs_spacer=5-10bp;gc_cont=0.348;conf=100.00;score=160.51;cscore=145.30;sscore=15.21;rscore=13.75;uscore=-1.03;tscore=2.49;
contig_2	Prodigal_v2.6.3	CDS	24482	25105	108.7	-	0	ID=43_30;partial=00;start_type=GTG;rbs_motif=GGAGG;rbs_spacer=5-10bp;gc_cont=0.348;conf=100.00;score=108.72;cscore=99.04;sscore=9.68;rscore=12.75;uscore=1.19;tscore=-3.61;
contig_2	Prodigal_v2.6.3	CDS	25311	25631	27.0	-	0	ID=43_31;partial=00;start_type=ATG;rbs_motif=GGAGG;rbs_spacer=5-10bp;gc_cont=0.371;conf=99.80;score=26.99;cscore=7.40;sscore=19.59;rscore=12.75;uscore=4.34;tscore=2.49;
contig_2	Prodigal_v2.6.3	CDS	25791	26615	142.7	-	0	ID=43_32;partial=00;start_type=ATG;rbs_motif=AGGAG/GGAGG;rbs_spacer=11-12bp;gc_cont=0.389;conf=100.00;score=142.73;cscore=127.20;sscore=15.53;rscore=9.05;uscore=2.92;tscore=2.49;
contig_2	Prodigal_v2.6.3	CDS	26634	28094	231.0	-	0	ID=43_33;partial=00;start_type=TTG;rbs_motif=AGxAGG/AGGxGG;rbs_spacer=5-10bp;gc_cont=0.378;conf=99.99;score=230.99;cscore=225.23;sscore=5.76;rscore=9.68;uscore=1.43;tscore=-4.70;
contig_2	Prodigal_v2.6.3	CDS	28407	28748	77.0	+	0	ID=43_34;partial=00;start_type=ATG;rbs_motif=AGGAG;rbs_spacer=5-10bp;gc_cont=0.406;conf=100.00;score=77.01;cscore=62.08;sscore=14.93;rscore=12.22;uscore=0.22;tscore=2.49;
contig_2	Prodigal_v2.6.3	CDS	28763	30061	225.3	+	0	ID=43_35;partial=00;start_type=ATG;rbs_motif=AGxAGG/AGGxGG;rbs_spacer=5-10bp;gc_cont=0.412;conf=99.99;score=225.27;cscore=210.07;sscore=15.20;rscore=9.68;uscore=1.92;tscore=2.49;
contig_2	Prodigal_v2.6.3	CDS	30241	30741	84.6	-	0	ID=43_36;partial=00;start_type=ATG;rbs_motif=AGxAGG/AGGxGG;rbs_spacer=5-10bp;gc_cont=0.375;conf=100.00;score=84.58;cscore=67.88;sscore=16.71;rscore=9.68;uscore=5.20;tscore=2.49;
contig_2	Prodigal_v2.6.3	CDS	30836	31567	90.6	+	0	ID=43_37;partial=00;start_type=ATG;rbs_motif=AGGAG;rbs_spacer=5-10bp;gc_cont=0.388;conf=100.00;score=90.57;cscore=73.91;sscore=16.66;rscore=12.22;uscore=1.95;tscore=2.49;
contig_2	Prodigal_v2.6.3	CDS	31564	32316	108.1	+	0	ID=43_38;partial=00;start_type=ATG;rbs_motif=AGxAGG/AGGxGG;rbs_spacer=5-10bp;gc_cont=0.352;conf=100.00;score=108.15;cscore=94.69;sscore=13.46;rscore=9.68;uscore=-1.94;tscore=2.49;
contig_2	Prodigal_v2.6.3	CDS	32391	33365	169.8	+	0	ID=43_39;partial=00;start_type=ATG;rbs_motif=AGGAG;rbs_spacer=5-10bp;gc_cont=0.347;conf=100.00;score=169.80;cscore=151.79;sscore=18.01;rscore=12.22;uscore=3.30;tscore=2.49;
contig_2	Prodigal_v2.6.3	CDS	33410	33898	74.5	-	0	ID=43_40;partial=00;start_type=TTG;rbs_motif=GGAG/GAGG;rbs_spacer=5-10bp;gc_cont=0.417;conf=100.00;score=74.49;cscore=70.48;sscore=4.01;rscore=8.24;uscore=0.47;tscore=-4.70;
contig_2	Prodigal_v2.6.3	CDS	33844	34020	20.4	-	0	ID=43_41;partial=00;start_type=ATG;rbs_motif=GGAG/GAGG;rbs_spacer=5-10bp;gc_cont=0.424;conf=99.09;score=20.39;cscore=8.98;sscore=11.41;rscore=5.74;uscore=2.85;tscore=1.73;
contig_2	Prodigal_v2.6.3	CDS	34037	34432	41.6	-	0	ID=43_42;partial=00;start_type=ATG;rbs_motif=GGA/GAG/AGG;rbs_spacer=5-10bp;gc_cont=0.379;conf=99.99;score=41.65;cscore=39.92;sscore=1.73;rscore=-0.45;uscore=-1.26;tscore=2.49;
contig_2	Prodigal_v2.6.3	CDS	34463	35188	58.7	-	0	ID=43_43;partial=00;start_type=ATG;rbs_motif=GGA/GAG/AGG;rbs_spacer=5-10bp;gc_cont=0.344;conf=100.00;score=58.74;cscore=54.37;sscore=4.37;rscore=-0.45;uscore=2.99;tscore=2.49;
contig_2	Prodigal_v2.6.3	CDS	35392	35616	14.7	-	0	ID=43_44;partial=00;start_type=GTG;rbs_motif=GGA/GAG/AGG;rbs_spacer=5-10bp;gc_cont=0.369;conf=96.72;score=14.72;cscore=18.80;sscore=-4.08;rscore=-0.51;uscore=-0.38;tscore=-4.06;
contig_2	Prodigal_v2.6.3	CDS	35654	36355	94.6	-	0	ID=43_45;partial=00;start_type=ATG;rbs_motif=AGGAG;rbs_spacer=5-10bp;gc_cont=0.377;conf=100.00;score=94.59;cscore=74.70;sscore=19.89;rscore=12.22;uscore=5.18;tscore=2.49;
contig_2	Prodigal_v2.6.3	CDS	36530	36967	69.9	-	0	ID=43_46;partial=00;start_type=ATG;rbs_motif=AGGA/GGAG/GAGG;rbs_spacer=11-12bp;gc_cont=0.368;conf=100.00;score=69.91;cscore=61.56;sscore=8.35;rscore=3.18;uscore=2.69;tscore=2.49;
contig_2	Prodigal_v2.6.3	CDS	37063	40494	672.5	-	0	ID=43_47;partial=00;start_type=ATG;rbs_motif=AGGAG;rbs_spacer=5-10bp;gc_cont=0.404;conf=99.99;score=672.48;cscore=651.74;sscore=20.74;rscore=12.22;uscore=4.78;tscore=2.49;
contig_2	Prodigal_v2.6.3	CDS	40487	41158	101.3	-	0	ID=43_48;partial=00;start_type=TTG;rbs_motif=GGA/GAG/AGG;rbs_spacer=11-12bp;gc_cont=0.371;conf=100.00;score=101.26;cscore=109.70;sscore=-8.44;rscore=-0.79;uscore=-2.96;tscore=-4.70;
contig_2	Prodigal_v2.6.3	CDS	41109	41534	44.5	-	0	ID=43_49;partial=00;start_type=GTG;rbs_motif=AGxAGG/AGGxGG;rbs_spacer=5-10bp;gc_cont=0.408;conf=100.00;score=44.52;cscore=41.67;sscore=2.86;rscore=9.68;uscore=-3.21;tscore=-3.61;
contig_2	Prodigal_v2.6.3	CDS	41696	42433	99.8	-	0	ID=43_50;partial=00;start_type=ATG;rbs_motif=GGA/GAG/AGG;rbs_spacer=5-10bp;gc_cont=0.393;conf=100.00;score=99.76;cscore=96.62;sscore=3.14;rscore=-0.45;uscore=1.76;tscore=2.49;
contig_2	Prodigal_v2.6.3	CDS	42627	44021	234.9	-	0	ID=43_51;partial=00;start_type=ATG;rbs_motif=GGxGG;rbs_spacer=5-10bp;gc_cont=0.368;conf=99.99;score=234.92;cscore=222.72;sscore=12.20;rscore=6.77;uscore=3.60;tscore=2.49;
contig_2	Prodigal_v2.6.3	CDS	44298	45020	98.1	-	0	ID=43_52;partial=00;start_type=GTG;rbs_motif=3Base/5BMM;rbs_spacer=13-15bp;gc_cont=0.373;conf=100.00;score=98.07;cscore=106.60;sscore=-8.54;rscore=-6.44;uscore=1.51;tscore=-3.61;
contig_2	Prodigal_v2.6.3	CDS	45090	45491	21.6	-	0	ID=43_53;partial=00;start_type=ATG;rbs_motif=None;rbs_spacer=None;gc_cont=0.336;conf=99.30;score=21.55;cscore=29.30;sscore=-7.75;rscore=-9.56;uscore=-0.03;tscore=2.49;
contig_2	Prodigal_v2.6.3	CDS	46460	46822	56.4	-	0	ID=43_54;partial=00;start_type=ATG;rbs_motif=GGxGG;rbs_spacer=5-10bp;gc_cont=0.410;conf=100.00;score=56.42;cscore=48.59;sscore=7.84;rscore=6.77;uscore=-2.30;tscore=2.49;
contig_2	Prodigal_v2.6.3	CDS	46859	47461	96.6	-	0	ID=43_55;partial=00;start_type=ATG;rbs_motif=GGAGG;rbs_spacer=5-10bp;gc_cont=0.365;conf=100.00;score=96.65;cscore=82.83;sscore=13.82;rscore=12.75;uscore=-1.43;tscore=2.49;
contig_2	Prodigal_v2.6.3	CDS	47534	48550	110.9	-	0	ID=43_56;partial=00;start_type=ATG;rbs_motif=AGGAG;rbs_spacer=5-10bp;gc_cont=0.330;conf=100.00;score=110.92;cscore=92.28;sscore=18.64;rscore=12.22;uscore=4.58;tscore=2.49;
contig_2	Prodigal_v2.6.3	CDS	48736	49197	68.7	+	0	ID=43_57;partial=00;start_type=ATG;rbs_motif=GGAGG;rbs_spacer=5-10bp;gc_cont=0.342;conf=100.00;score=68.69;cscore=49.61;sscore=19.07;rscore=12.75;uscore=3.83;tscore=2.49;
contig_2	Prodigal_v2.6.3	CDS	49185	49472	61.8	+	0	ID=43_58;partial=00;start_type=ATG;rbs_motif=GGAG/GAGG;rbs_spacer=5-10bp;gc_cont=0.392;conf=100.00;score=61.84;cscore=47.55;sscore=14.28;rscore=8.24;uscore=2.36;tscore=2.49;
contig_2	Prodigal_v2.6.3	CDS	49522	49890	45.6	-	0	ID=43_59;partial=00;start_type=ATG;rbs_motif=AGGAG;rbs_spacer=5-10bp;gc_cont=0.344;conf=100.00;score=45.61;cscore=29.27;sscore=16.34;rscore=12.22;uscore=1.63;tscore=2.49;
contig_2	Prodigal_v2.6.3	CDS	49972	50232	15.5	-	0	ID=43_60;partial=00;start_type=GTG;rbs_motif=GGA/GAG/AGG;rbs_spacer=5-10bp;gc_cont=0.402;conf=97.24;score=15.49;cscore=16.99;sscore=-1.50;rscore=-0.45;uscore=0.81;tscore=-3.61;
contig_2	Prodigal_v2.6.3	CDS	50229	51605	219.2	-	0	ID=43_61;partial=00;start_type=ATG;rbs_motif=AGGAG;rbs_spacer=5-10bp;gc_cont=0.368;conf=99.99;score=219.22;cscore=200.77;sscore=18.46;rscore=12.22;uscore=3.75;tscore=2.49;
contig_2	Prodigal_v2.6.3	CDS	51715	52881	161.0	-	0	ID=43_62;partial=00;start_type=TTG;rbs_motif=AGGAG;rbs_spacer=5-10bp;gc_cont=0.381;conf=100.00;score=161.04;cscore=151.61;sscore=9.43;rscore=12.22;uscore=1.90;tscore=-4.70;
contig_2	Prodigal_v2.6.3	CDS	52954	53124	20.8	-	0	ID=43_63;partial=00;start_type=ATG;rbs_motif=AGGA;rbs_spacer=5-10bp;gc_cont=0.380;conf=99.18;score=20.84;cscore=16.04;sscore=4.81;rscore=2.84;uscore=0.95;tscore=1.67;
contig_2	Prodigal_v2.6.3	CDS	53307	53885	100.8	+	0	ID=43_64;partial=00;start_type=ATG;rbs_motif=GGAG/GAGG;rbs_spacer=5-10bp;gc_cont=0.363;conf=100.00;score=100.84;cscore=87.24;sscore=13.60;rscore=8.24;uscore=2.87;tscore=2.49;
contig_2	Prodigal_v2.6.3	CDS	53960	54313	38.0	+	0	ID=43_65;partial=00;start_type=ATG;rbs_motif=AGGA;rbs_spacer=5-10bp;gc_cont=0.359;conf=99.98;score=38.01;cscore=31.64;sscore=6.37;rscore=4.23;uscore=-0.34;tscore=2.49;
contig_2	Prodigal_v2.6.3	CDS	54313	54627	56.1	+	0	ID=43_66;partial=00;start_type=ATG;rbs_motif=AGGAG;rbs_spacer=5-10bp;gc_cont=0.352;conf=100.00;score=56.11;cscore=38.67;sscore=17.44;rscore=12.22;uscore=1.45;tscore=2.49;
contig_2	Prodigal_v2.6.3	CDS	54715	55257	52.2	-	0	ID=43_67;partial=00;start_type=ATG;rbs_motif=None;rbs_spacer=None;gc_cont=0.413;conf=100.00;score=52.25;cscore=57.55;sscore=-5.30;rscore=-9.56;uscore=1.77;tscore=2.49;
contig_2	Prodigal_v2.6.3	CDS	55402	55569	14.4	-	0	ID=43_68;partial=00;start_type=ATG;rbs_motif=AGGAG;rbs_spacer=5-10bp;gc_cont=0.357;conf=96.52;score=14.45;cscore=7.47;sscore=6.98;rscore=8.07;uscore=-3.43;tscore=1.64;
contig_2	Prodigal_v2.6.3	CDS	55622	55882	14.2	-	0	ID=43_69;partial=00;start_type=ATG;rbs_motif=None;rbs_spacer=None;gc_cont=0.387;conf=96.31;score=14.19;cscore=22.20;sscore=-8.00;rscore=-9.56;uscore=-1.95;tscore=2.49;
contig_2	Prodigal_v2.6.3	CDS	55906	56373	43.8	-	0	ID=43_70;partial=01;start_type=Edge;rbs_motif=None;rbs_spacer=None;gc_cont=0.374;conf=100.00;score=43.80;cscore=40.58;sscore=3.22;rscore=0.00;uscore=0.00;tscore=3.22;
# Sequence Data: seqnum=44;seqlen=39437;seqhdr="contig_39"
# Model Data: version=Prodigal.v2.6.3;run_type=Single;model="Ab initio";gc_cont=37.70;transl_table=11;uses_sd=1
contig_39	Prodigal_v2.6.3	CDS	2	979	187.4	+	0	ID=44_1;partial=10;start_type=Edge;rbs_motif=None;rbs_spacer=None;gc_cont=0.428;conf=99.99;score=187.42;cscore=184.20;sscore=3.22;rscore=0.00;uscore=0.00;tscore=3.22;
contig_39	Prodigal_v2.6.3	CDS	1089	1736	83.1	+	0	ID=44_2;partial=00;start_type=ATG;rbs_motif=GGA/GAG/AGG;rbs_spacer=5-10bp;gc_cont=0.364;conf=100.00;score=83.13;cscore=81.84;sscore=1.29;rscore=-0.45;uscore=-0.75;tscore=2.49;
contig_39	Prodigal_v2.6.3	CDS	1782	2414	125.9	-	0	ID=44_3;partial=00;start_type=ATG;rbs_motif=AGGAGG;rbs_spacer=5-10bp;gc_cont=0.430;conf=100.00;score=125.92;cscore=107.15;sscore=18.77;rscore=13.75;uscore=2.53;tscore=2.49;
contig_39	Prodigal_v2.6.3	CDS	2389	3429	160.3	-	0	ID=44_4;partial=00;start_type=ATG;rbs_motif=GGAGG;rbs_spacer=5-10bp;gc_cont=0.395;conf=100.00;score=160.34;cscore=143.80;sscore=16.54;rscore=12.75;uscore=-1.96;tscore=2.49;
contig_39	Prodigal_v2.6.3	CDS	3426	4109	73.0	-	0	ID=44_5;partial=00;start_type=ATG;rbs_motif=GGA/GAG/AGG;rbs_spacer=5-10bp;gc_cont=0.373;conf=100.00;score=72.95;cscore=70.94;sscore=2.01;rscore=-0.45;uscore=-0.03;tscore=2.49;
contig_39	Prodigal_v2.6.3	CDS	4223	4861	143.3	-	0	ID=44_6;partial=00;start_type=ATG;rbs_motif=AGGAG;rbs_spacer=5-10bp;gc_cont=0.344;conf=100.00;score=143.33;cscore=121.38;sscore=21.95;rscore=12.22;uscore=6.13;tscore=2.49;
contig_39	Prodigal_v2.6.3	CDS	4877	5233	61.7	-	0	ID=44_7;partial=00;start_type=ATG;rbs_motif=AGGAG;rbs_spacer=5-10bp;gc_cont=0.359;conf=100.00;score=61.67;cscore=43.68;sscore=17.99;rscore=12.22;uscore=3.93;tscore=2.49;
contig_39	Prodigal_v2.6.3	CDS	5572	5997	58.1	+	0	ID=44_8;partial=00;start_type=GTG;rbs_motif=AGGAGG;rbs_spacer=5-10bp;gc_cont=0.350;conf=100.00;score=58.05;cscore=47.61;sscore=10.44;rscore=13.75;uscore=0.30;tscore=-3.61;
contig_39	Prodigal_v2.6.3	CDS	6096	6314	40.3	+	0	ID=44_9;partial=00;start_type=ATG;rbs_motif=AGGAGG;rbs_spacer=5-10bp;gc_cont=0.416;conf=99.99;score=40.26;cscore=25.70;sscore=14.56;rscore=11.88;uscore=0.53;tscore=2.15;
contig_39	Prodigal_v2.6.3	CDS	6458	6928	78.7	+	0	ID=44_10;partial=00;start_type=TTG;rbs_motif=GGAG/GAGG;rbs_spacer=5-10bp;gc_cont=0.367;conf=100.00;score=78.72;cscore=72.90;sscore=5.82;rscore=8.24;uscore=2.27;tscore=-4.70;
contig_39	Prodigal_v2.6.3	CDS	6977	7951	117.3	-	0	ID=44_11;partial=00;start_type=ATG;rbs_motif=GGAGG;rbs_spacer=5-10bp;gc_cont=0.381;conf=100.00;score=117.27;cscore=101.03;sscore=16.24;rscore=12.75;uscore=1.65;tscore=2.49;
contig_39	Prodigal_v2.6.3	CDS	8155	9339	244.4	+	0	ID=44_12;partial=00;start_type=ATG;rbs_motif=GGAG/GAGG;rbs_spacer=5-10bp;gc_cont=0.441;conf=99.99;score=244.43;cscore=233.91;sscore=10.52;rscore=8.24;uscore=-0.21;tscore=2.49;
contig_39	Prodigal_v2.6.3	CDS	9363	9629	58.1	+	0	ID=44_13;partial=00;start_type=ATG;rbs_motif=AGxAGG/AGGxGG;rbs_spacer=5-10bp;gc_cont=0.404;conf=100.00;score=58.06;cscore=44.78;sscore=13.29;rscore=9.68;uscore=0.10;tscore=2.49;
contig_39	Prodigal_v2.6.3	CDS	9808	10143	41.2	+	0	ID=44_14;partial=00;start_type=ATG;rbs_motif=AGGAG;rbs_spacer=5-10bp;gc_cont=0.366;conf=99.99;score=41.24;cscore=24.63;sscore=16.61;rscore=12.22;uscore=2.56;tscore=2.49;
contig_39	Prodigal_v2.6.3	CDS	10330	10809	54.5	-	0	ID=44_15;partial=00;start_type=ATG;rbs_motif=None;rbs_spacer=None;gc_cont=0.385;conf=100.00;score=54.45;cscore=50.10;sscore=4.35;rscore=-9.56;uscore=0.57;tscore=2.49;
contig_39	Prodigal_v2.6.3	CDS	10806	11705	135.5	-	0	ID=44_16;partial=00;start_type=ATG;rbs_motif=AGGAGG;rbs_spacer=5-10bp;gc_cont=0.411;conf=100.00;score=135.46;cscore=119.89;sscore=15.57;rscore=13.75;uscore=-0.02;tscore=2.49;
contig_39	Prodigal_v2.6.3	CDS	11782	12339	113.0	+	0	ID=44_17;partial=00;start_type=ATG;rbs_motif=GGAG/GAGG;rbs_spacer=5-10bp;gc_cont=0.394;conf=100.00;score=113.02;cscore=99.83;sscore=13.19;rscore=8.24;uscore=2.46;tscore=2.49;
contig_39	Prodigal_v2.6.3	CDS	12393	12905	47.0	+	0	ID=44_18;partial=00;start_type=ATG;rbs_motif=AGGAG;rbs_spacer=5-10bp;gc_cont=0.365;conf=100.00;score=47.02;cscore=30.77;sscore=16.25;rscore=12.22;uscore=0.85;tscore=2.49;
contig_39	Prodigal_v2.6.3	CDS	13028	13492	59.2	+	0	ID=44_19;partial=00;start_type=ATG;rbs_motif=AGxAGG/AGGxGG;rbs_spacer=5-10bp;gc_cont=0.404;conf=100.00;score=59.18;cscore=46.67;sscore=12.50;rscore=9.68;uscore=0.34;tscore=2.49;
contig_39	Prodigal_v2.6.3	CDS	13667	14569	127.6	+	0	ID=44_20;partial=00;start_type=ATG;rbs_motif=AGxAGG/AGGxGG;rbs_spacer=5-10bp;gc_cont=0.404;conf=100.00;score=127.64;cscore=114.81;sscore=12.84;rscore=9.68;uscore=0.67;tscore=2.49;
contig_39	Prodigal_v2.6.3	CDS	14668	15849	246.9	+	0	ID=44_21;partial=00;start_type=ATG;rbs_motif=AGGAGG;rbs_spacer=5-10bp;gc_cont=0.403;conf=99.99;score=246.87;cscore=229.52;sscore=17.35;rscore=13.75;uscore=1.11;tscore=2.49;
contig_39	Prodigal_v2.6.3	CDS	15863	17113	258.4	+	0	ID=44_22;partial=00;start_type=ATG;rbs_motif=AGxAGG/AGGxGG;rbs_spacer=5-10bp;gc_cont=0.400;conf=99.99;score=258.43;cscore=243.61;sscore=14.82;rscore=9.68;uscore=1.52;tscore=2.49;
contig_39	Prodigal_v2.6.3	CDS	17353	17706	53.2	+	0	ID=44_23;partial=00;start_type=ATG;rbs_motif=AGGAGG;rbs_spacer=5-10bp;gc_cont=0.424;conf=100.00;score=53.22;cscore=37.26;sscore=15.96;rscore=13.75;uscore=0.38;tscore=2.49;
contig_39	Prodigal_v2.6.3	CDS	17699	18139	89.8	+	0	ID=44_24;partial=00;start_type=ATG;rbs_motif=AGxAGG/AGGxGG;rbs_spacer=5-10bp;gc_cont=0.381;conf=100.00;score=89.82;cscore=78.43;sscore=11.39;rscore=9.68;uscore=-2.02;tscore=2.49;
contig_39	Prodigal_v2.6.3	CDS	18150	18941	104.1	+	0	ID=44_25;partial=00;start_type=GTG;rbs_motif=GGAG/GAGG;rbs_spacer=5-10bp;gc_cont=0.413;conf=100.00;score=104.10;cscore=100.28;sscore=3.82;rscore=8.24;uscore=-1.98;tscore=-3.61;
contig_39	Prodigal_v2.6.3	CDS	18957	20405	168.5	+	0	ID=44_26;partial=00;start_type=ATG;rbs_motif=None;rbs_spacer=None;gc_cont=0.400;conf=100.00;score=168.49;cscore=171.07;sscore=-2.57;rscore=-9.56;uscore=3.39;tscore=2.49;
contig_39	Prodigal_v2.6.3	CDS	20630	21949	236.6	+	0	ID=44_27;partial=00;start_type=ATG;rbs_motif=GGAG/GAGG;rbs_spacer=5-10bp;gc_cont=0.393;conf=99.99;score=236.65;cscore=222.45;sscore=14.20;rscore=8.24;uscore=4.13;tscore=2.49;
contig_39	Prodigal_v2.6.3	CDS	22149	22520	43.2	+	0	ID=44_28;partial=00;start_type=ATG;rbs_motif=GGA/GAG/AGG;rbs_spacer=5-10bp;gc_cont=0.387;conf=100.00;score=43.16;cscore=37.70;sscore=5.46;rscore=-0.45;uscore=4.08;tscore=2.49;
contig_39	Prodigal_v2.6.3	CDS	22517	23023	45.1	-	0	ID=44_29;partial=00;start_type=ATG;rbs_motif=AGGAG;rbs_spacer=5-10bp;gc_cont=0.377;conf=100.00;score=45.07;cscore=30.39;sscore=14.67;rscore=12.22;uscore=0.62;tscore=2.49;
contig_39	Prodigal_v2.6.3	CDS	23079	23858	132.5	+	0	ID=44_30;partial=00;start_type=ATG;rbs_motif=GGxGG;rbs_spacer=5-10bp;gc_cont=0.385;conf=100.00;score=132.54;cscore=125.67;sscore=6.87;rscore=6.77;uscore=-2.39;tscore=2.49;
contig_39	Prodigal_v2.6.3	CDS	23830	24423	105.8	+	0	ID=44_31;partial=00;start_type=ATG;rbs_motif=AGGAGG;rbs_spacer=5-10bp;gc_cont=0.387;conf=100.00;score=105.80;cscore=88.11;sscore=17.69;rscore=13.75;uscore=1.45;tscore=2.49;
contig_39	Prodigal_v2.6.3	CDS	24501	25571	149.8	+	0	ID=44_32;partial=00;start_type=TTG;rbs_motif=AGGAG;rbs_spacer=5-10bp;gc_cont=0.403;conf=100.00;score=149.79;cscore=141.38;sscore=8.41;rscore=12.22;uscore=0.88;tscore=-4.70;
contig_39	Prodigal_v2.6.3	CDS	25690	26262	66.3	+	0	ID=44_33;partial=00;start_type=ATG;rbs_motif=GGAG/GAGG;rbs_spacer=5-10bp;gc_cont=0.312;conf=100.00;score=66.26;cscore=54.04;sscore=12.23;rscore=8.24;uscore=1.50;tscore=2.49;
contig_39	Prodigal_v2.6.3	CDS	26563	27294	141.8	+	0	ID=44_34;partial=00;start_type=ATG;rbs_motif=GGAG/GAGG;rbs_spacer=5-10bp;gc_cont=0.377;conf=100.00;score=141.83;cscore=128.59;sscore=13.24;rscore=8.24;uscore=3.17;tscore=2.49;
contig_39	Prodigal_v2.6.3	CDS	27612	28151	82.9	+	0	ID=44_35;partial=00;start_type=TTG;rbs_motif=AGxAGG/AGGxGG;rbs_spacer=5-10bp;gc_cont=0.378;conf=100.00;score=82.93;cscore=78.02;sscore=4.91;rscore=9.68;uscore=0.58;tscore=-4.70;
contig_39	Prodigal_v2.6.3	CDS	28157	29833	261.8	+	0	ID=44_36;partial=00;start_type=ATG;rbs_motif=AGGAG;rbs_spacer=5-10bp;gc_cont=0.383;conf=99.99;score=261.83;cscore=247.17;sscore=14.66;rscore=12.22;uscore=-1.27;tscore=2.49;
contig_39	Prodigal_v2.6.3	CDS	29830	31011	187.8	+	0	ID=44_37;partial=00;start_type=ATG;rbs_motif=GGA/GAG/AGG;rbs_spacer=11-12bp;gc_cont=0.368;conf=99.99;score=187.78;cscore=181.74;sscore=6.05;rscore=-0.79;uscore=2.27;tscore=2.49;
contig_39	Prodigal_v2.6.3	CDS	31126	31842	135.6	+	0	ID=44_38;partial=00;start_type=GTG;rbs_motif=GGAG/GAGG;rbs_spacer=5-10bp;gc_cont=0.400;conf=100.00;score=135.58;cscore=125.65;sscore=9.93;rscore=8.24;uscore=5.29;tscore=-3.61;
contig_39	Prodigal_v2.6.3	CDS	31835	33610	265.9	+	0	ID=44_39;partial=00;start_type=ATG;rbs_motif=GGAG/GAGG;rbs_spacer=5-10bp;gc_cont=0.383;conf=99.99;score=265.91;cscore=255.30;sscore=10.60;rscore=8.24;uscore=-1.37;tscore=2.49;
contig_39	Prodigal_v2.6.3	CDS	33689	34222	54.5	+	0	ID=44_40;partial=00;start_type=TTG;rbs_motif=GGxGG;rbs_spacer=5-10bp;gc_cont=0.395;conf=100.00;score=54.51;cscore=50.14;sscore=4.37;rscore=6.77;uscore=2.29;tscore=-4.70;
contig_39	Prodigal_v2.6.3	CDS	34219	35505	206.2	+	0	ID=44_41;partial=00;start_type=ATG;rbs_motif=AGGAGG;rbs_spacer=5-10bp;gc_cont=0.406;conf=99.99;score=206.17;cscore=188.64;sscore=17.53;rscore=13.75;uscore=-0.70;tscore=2.49;
contig_39	Prodigal_v2.6.3	CDS	36052	36639	88.2	+	0	ID=44_42;partial=00;start_type=ATG;rbs_motif=AGGAG;rbs_spacer=5-10bp;gc_cont=0.361;conf=100.00;score=88.24;cscore=72.57;sscore=15.67;rscore=12.22;uscore=1.61;tscore=2.49;
contig_39	Prodigal_v2.6.3	CDS	36838	38205	199.9	+	0	ID=44_43;partial=00;start_type=ATG;rbs_motif=GGA/GAG/AGG;rbs_spacer=5-10bp;gc_cont=0.389;conf=99.99;score=199.95;cscore=196.26;sscore=3.68;rscore=-0.45;uscore=2.30;tscore=2.49;
contig_39	Prodigal_v2.6.3	CDS	38779	39165	67.7	-	0	ID=44_44;partial=00;start_type=ATG;rbs_motif=GGAGG;rbs_spacer=5-10bp;gc_cont=0.346;conf=100.00;score=67.69;cscore=49.25;sscore=18.44;rscore=12.75;uscore=2.34;tscore=2.49;
contig_39	Prodigal_v2.6.3	CDS	39204	39437	37.1	-	0	ID=44_45;partial=01;start_type=Edge;rbs_motif=None;rbs_spacer=None;gc_cont=0.389;conf=99.98;score=37.06;cscore=33.84;sscore=3.22;rscore=0.00;uscore=0.00;tscore=3.22;
# Sequence Data: seqnum=45;seqlen=22746;seqhdr="contig_19"
# Model Data: version=Prodigal.v2.6.3;run_type=Single;model="Ab initio";gc_cont=37.70;transl_table=11;uses_sd=1
contig_19	Prodigal_v2.6.3	CDS	56	229	19.4	-	0	ID=45_1;partial=00;start_type=ATG;rbs_motif=AGGAG/GGAGG;rbs_spacer=11-12bp;gc_cont=0.425;conf=98.86;score=19.40;cscore=8.56;sscore=10.84;rscore=6.19;uscore=3.60;tscore=1.70;
contig_19	Prodigal_v2.6.3	CDS	386	1618	129.6	+	0	ID=45_2;partial=00;start_type=ATG;rbs_motif=GGAGG;rbs_spacer=5-10bp;gc_cont=0.371;conf=100.00;score=129.64;cscore=111.41;sscore=18.23;rscore=12.75;uscore=2.99;tscore=2.49;
contig_19	Prodigal_v2.6.3	CDS	1656	3686	324.2	-	0	ID=45_3;partial=00;start_type=ATG;rbs_motif=GGAG/GAGG;rbs_spacer=5-10bp;gc_cont=0.408;conf=99.99;score=324.24;cscore=309.59;sscore=14.65;rscore=8.24;uscore=4.58;tscore=2.49;
contig_19	Prodigal_v2.6.3	CDS	3881	4507	100.0	+	0	ID=45_4;partial=00;start_type=ATG;rbs_motif=AGGAG;rbs_spacer=5-10bp;gc_cont=0.383;conf=100.00;score=100.02;cscore=85.42;sscore=14.60;rscore=12.22;uscore=-0.11;tscore=2.49;
contig_19	Prodigal_v2.6.3	CDS	4858	5355	73.0	+	0	ID=45_5;partial=00;start_type=ATG;rbs_motif=GGAGG;rbs_spacer=5-10bp;gc_cont=0.367;conf=100.00;score=72.99;cscore=56.30;sscore=16.70;rscore=12.75;uscore=2.11;tscore=2.49;
contig_19	Prodigal_v2.6.3	CDS	5384	6433	117.4	-	0	ID=45_6;partial=00;start_type=ATG;rbs_motif=AGGAGG;rbs_spacer=5-10bp;gc_cont=0.387;conf=100.00;score=117.40;cscore=98.58;sscore=18.82;rscore=13.75;uscore=3.23;tscore=2.49;
contig_19	Prodigal_v2.6.3	CDS	6575	7744	180.6	+	0	ID=45_7;partial=00;start_type=ATG;rbs_motif=GGA/GAG/AGG;rbs_spacer=5-10bp;gc_cont=0.426;conf=99.99;score=180.62;cscore=174.65;sscore=5.97;rscore=-0.45;uscore=3.94;tscore=2.49;
contig_19	Prodigal_v2.6.3	CDS	8029	9357	228.4	-	0	ID=45_8;partial=00;start_type=GTG;rbs_motif=GGAGG;rbs_spacer=5-10bp;gc_cont=0.409;conf=99.99;score=228.45;cscore=220.18;sscore=8.27;rscore=12.75;uscore=-2.09;tscore=-3.61;
contig_19	Prodigal_v2.6.3	CDS	9347	9820	47.8	-	0	ID=45_9;partial=00;start_type=GTG;rbs_motif=4Base/6BMM;rbs_spacer=13-15bp;gc_cont=0.382;conf=100.00;score=47.81;cscore=53.53;sscore=-5.72;rscore=-3.98;uscore=2.52;tscore=-3.61;
contig_19	Prodigal_v2.6.3	CDS	9996	10193	30.3	+	0	ID=45_10;partial=00;start_type=ATG;rbs_motif=GGxGG;rbs_spacer=5-10bp;gc_cont=0.343;conf=99.91;score=30.32;cscore=21.17;sscore=9.14;rscore=5.28;uscore=1.92;tscore=1.94;
contig_19	Prodigal_v2.6.3	CDS	10254	10853	71.7	+	0	ID=45_11;partial=00;start_type=GTG;rbs_motif=None;rbs_spacer=None;gc_cont=0.425;conf=100.00;score=71.71;cscore=86.32;sscore=-14.62;rscore=-9.56;uscore=-1.45;tscore=-3.61;
contig_19	Prodigal_v2.6.3	CDS	10811	11062	9.2	+	0	ID=45_12;partial=00;start_type=TTG;rbs_motif=None;rbs_spacer=None;gc_cont=0.393;conf=89.33;score=9.24;cscore=23.24;sscore=-13.99;rscore=-9.60;uscore=0.32;tscore=-4.72;
contig_19	Prodigal_v2.6.3	CDS	11073	11375	46.1	+	0	ID=45_13;partial=00;start_type=ATG;rbs_motif=GGA/GAG/AGG;rbs_spacer=5-10bp;gc_cont=0.409;conf=100.00;score=46.10;cscore=42.47;sscore=3.63;rscore=-0.45;uscore=0.43;tscore=2.49;
contig_19	Prodigal_v2.6.3	CDS	11594	11785	33.6	+	0	ID=45_14;partial=00;start_type=GTG;rbs_motif=GGAGG;rbs_spacer=5-10bp;gc_cont=0.318;conf=99.96;score=33.59;cscore=26.97;sscore=6.61;rscore=9.64;uscore=2.40;tscore=-4.77;
contig_19	Prodigal_v2.6.3	CDS	11839	12147	40.3	+	0	ID=45_15;partial=00;start_type=ATG;rbs_motif=None;rbs_spacer=None;gc_cont=0.372;conf=99.99;score=40.27;cscore=50.91;sscore=-10.64;rscore=-9.56;uscore=-4.27;tscore=2.49;
contig_19	Prodigal_v2.6.3	CDS	12425	12766	37.5	+	0	ID=45_16;partial=00;start_type=ATG;rbs_motif=GGAGG;rbs_spacer=5-10bp;gc_cont=0.357;conf=99.98;score=37.46;cscore=23.36;sscore=14.10;rscore=12.75;uscore=-0.49;tscore=2.49;
contig_19	Prodigal_v2.6.3	CDS	12856	13077	2.8	+	0	ID=45_17;partial=00;start_type=ATG;rbs_motif=GGA/GAG/AGG;rbs_spacer=5-10bp;gc_cont=0.369;conf=65.31;score=2.75;cscore=3.32;sscore=-0.56;rscore=-0.51;uscore=-2.23;tscore=2.18;
contig_19	Prodigal_v2.6.3	CDS	13208	13465	43.8	-	0	ID=45_18;partial=00;start_type=ATG;rbs_motif=GGxGG;rbs_spacer=5-10bp;gc_cont=0.450;conf=100.00;score=43.80;cscore=34.63;sscore=9.17;rscore=6.77;uscore=-1.06;tscore=2.49;
contig_19	Prodigal_v2.6.3	CDS	13494	14273	99.1	-	0	ID=45_19;partial=00;start_type=TTG;rbs_motif=None;rbs_spacer=None;gc_cont=0.427;conf=100.00;score=99.08;cscore=113.34;sscore=-14.26;rscore=-9.56;uscore=-0.01;tscore=-4.70;
contig_19	Prodigal_v2.6.3	CDS	14252	14371	4.4	-	0	ID=45_20;partial=00;start_type=ATG;rbs_motif=AGGA;rbs_spacer=5-10bp;gc_cont=0.408;conf=73.38;score=4.41;cscore=-0.21;sscore=4.62;rscore=1.98;uscore=2.63;tscore=1.16;
contig_19	Prodigal_v2.6.3	CDS	14737	15138	27.2	-	0	ID=45_21;partial=00;start_type=ATG;rbs_motif=GGA/GAG/AGG;rbs_spacer=5-10bp;gc_cont=0.358;conf=99.81;score=27.20;cscore=26.86;sscore=0.34;rscore=-0.45;uscore=-1.04;tscore=2.49;
contig_19	Prodigal_v2.6.3	CDS	15677	15955	13.9	-	0	ID=45_22;partial=00;start_type=TTG;rbs_motif=AGGA;rbs_spacer=5-10bp;gc_cont=0.330;conf=96.09;score=13.92;cscore=13.31;sscore=0.61;rscore=4.23;uscore=-0.18;tscore=-4.70;
contig_19	Prodigal_v2.6.3	CDS	15957	16223	5.6	-	0	ID=45_23;partial=00;start_type=ATG;rbs_motif=GGA/GAG/AGG;rbs_spacer=11-12bp;gc_cont=0.318;conf=78.18;score=5.55;cscore=0.52;sscore=5.03;rscore=-0.79;uscore=2.11;tscore=2.49;
contig_19	Prodigal_v2.6.3	CDS	16229	16987	61.1	-	0	ID=45_24;partial=00;start_type=TTG;rbs_motif=None;rbs_spacer=None;gc_cont=0.348;conf=100.00;score=61.14;cscore=76.73;sscore=-15.60;rscore=-9.56;uscore=-0.69;tscore=-4.70;
contig_19	Prodigal_v2.6.3	CDS	18103	18912	130.2	-	0	ID=45_25;partial=00;start_type=ATG;rbs_motif=GGAG/GAGG;rbs_spacer=5-10bp;gc_cont=0.428;conf=100.00;score=130.19;cscore=119.77;sscore=10.42;rscore=8.24;uscore=-1.47;tscore=2.49;
contig_19	Prodigal_v2.6.3	CDS	18923	21340	418.5	-	0	ID=45_26;partial=00;start_type=GTG;rbs_motif=None;rbs_spacer=None;gc_cont=0.407;conf=99.99;score=418.54;cscore=429.69;sscore=-11.15;rscore=-9.56;uscore=2.02;tscore=-3.61;
contig_19	Prodigal_v2.6.3	CDS	21310	22533	171.9	-	0	ID=45_27;partial=00;start_type=ATG;rbs_motif=3Base/5BMM;rbs_spacer=13-15bp;gc_cont=0.386;conf=100.00;score=171.88;cscore=170.21;sscore=1.66;rscore=-6.44;uscore=5.62;tscore=2.49;
# Sequence Data: seqnum=46;seqlen=34481;seqhdr="contig_44"
# Model Data: version=Prodigal.v2.6.3;run_type=Single;model="Ab initio";gc_cont=37.70;transl_table=11;uses_sd=1
contig_44	Prodigal_v2.6.3	CDS	1	222	18.1	-	0	ID=46_1;partial=10;start_type=ATG;rbs_motif=AGxAGG/AGGxGG;rbs_spacer=5-10bp;gc_cont=0.360;conf=98.47;score=18.12;cscore=5.21;sscore=12.91;rscore=9.68;uscore=0.74;tscore=2.49;
contig_44	Prodigal_v2.6.3	CDS	359	1888	332.2	-	0	ID=46_2;partial=00;start_type=TTG;rbs_motif=AGGAG;rbs_spacer=5-10bp;gc_cont=0.403;conf=99.99;score=332.19;cscore=321.60;sscore=10.59;rscore=12.22;uscore=3.72;tscore=-4.70;
contig_44	Prodigal_v2.6.3	CDS	2241	2933	71.1	-	0	ID=46_3;partial=00;start_type=TTG;rbs_motif=GGAG/GAGG;rbs_spacer=5-10bp;gc_cont=0.371;conf=100.00;score=71.09;cscore=65.72;sscore=5.37;rscore=8.24;uscore=1.83;tscore=-4.70;
contig_44	Prodigal_v2.6.3	CDS	3009	4376	221.7	-	0	ID=46_4;partial=00;start_type=GTG;rbs_motif=GGA/GAG/AGG;rbs_spacer=5-10bp;gc_cont=0.385;conf=99.99;score=221.74;cscore=223.70;sscore=-1.96;rscore=-0.45;uscore=0.95;tscore=-3.61;
contig_44	Prodigal_v2.6.3	CDS	4388	5467	184.7	-	0	ID=46_5;partial=00;start_type=ATG;rbs_motif=GGAGG;rbs_spacer=5-10bp;gc_cont=0.390;conf=99.99;score=184.75;cscore=167.71;sscore=17.04;rscore=12.75;uscore=2.45;tscore=2.49;
contig_44	Prodigal_v2.6.3	CDS	5691	6443	75.2	-	0	ID=46_6;partial=00;start_type=ATG;rbs_motif=None;rbs_spacer=None;gc_cont=0.327;conf=100.00;score=75.21;cscore=80.97;sscore=-5.77;rscore=-9.56;uscore=1.95;tscore=2.49;
contig_44	Prodigal_v2.6.3	CDS	6797	7984	157.0	+	0	ID=46_7;partial=00;start_type=ATG;rbs_motif=AGxAGG/AGGxGG;rbs_spacer=5-10bp;gc_cont=0.364;conf=100.00;score=156.97;cscore=144.60;sscore=12.36;rscore=9.68;uscore=0.20;tscore=2.49;
contig_44	Prodigal_v2.6.3	CDS	8042	8179	18.3	-	0	ID=46_8;partial=00;start_type=ATG;rbs_motif=AGxAGG/AGGxGG;rbs_spacer=5-10bp;gc_cont=0.362;conf=98.54;score=18.33;cscore=9.82;sscore=8.51;rscore=5.23;uscore=2.59;tscore=1.34;
contig_44	Prodigal_v2.6.3	CDS	8548	9708	146.9	+	0	ID=46_9;partial=00;start_type=ATG;rbs_motif=AGxAGG/AGGxGG;rbs_spacer=5-10bp;gc_cont=0.378;conf=100.00;score=146.90;cscore=131.73;sscore=15.17;rscore=9.68;uscore=3.01;tscore=2.49;
contig_44	Prodigal_v2.6.3	CDS	9766	11352	185.5	+	0	ID=46_10;partial=00;start_type=ATG;rbs_motif=None;rbs_spacer=None;gc_cont=0.364;conf=99.99;score=185.54;cscore=188.74;sscore=-3.19;rscore=-9.56;uscore=3.22;tscore=2.49;
contig_44	Prodigal_v2.6.3	CDS	11402	12181	121.2	-	0	ID=46_11;partial=00;start_type=GTG;rbs_motif=GGA/GAG/AGG;rbs_spacer=5-10bp;gc_cont=0.390;conf=100.00;score=121.16;cscore=123.75;sscore=-2.59;rscore=-0.45;uscore=1.46;tscore=-3.61;
contig_44	Prodigal_v2.6.3	CDS	12331	12579	32.2	-	0	ID=46_12;partial=00;start_type=ATG;rbs_motif=AGGAGG;rbs_spacer=5-10bp;gc_cont=0.321;conf=99.94;score=32.22;cscore=21.81;sscore=10.41;rscore=13.53;uscore=-6.25;tscore=2.45;
contig_44	Prodigal_v2.6.3	CDS	12635	13396	109.0	-	0	ID=46_13;partial=00;start_type=ATG;rbs_motif=AGxAGG/AGGxGG;rbs_spacer=5-10bp;gc_cont=0.349;conf=100.00;score=109.01;cscore=93.76;sscore=15.24;rscore=9.68;uscore=3.08;tscore=2.49;
contig_44	Prodigal_v2.6.3	CDS	13573	14379	77.0	-	0	ID=46_14;partial=00;start_type=ATG;rbs_motif=GGA/GAG/AGG;rbs_spacer=5-10bp;gc_cont=0.304;conf=100.00;score=76.98;cscore=76.20;sscore=0.78;rscore=-0.45;uscore=-0.60;tscore=2.49;
contig_44	Prodigal_v2.6.3	CDS	14873	15523	94.2	+	0	ID=46_15;partial=00;start_type=GTG;rbs_motif=GGAG/GAGG;rbs_spacer=5-10bp;gc_cont=0.355;conf=100.00;score=94.21;cscore=85.52;sscore=8.69;rscore=8.24;uscore=4.06;tscore=-3.61;
contig_44	Prodigal_v2.6.3	CDS	15876	17396	315.2	+	0	ID=46_16;partial=00;start_type=ATG;rbs_motif=GGAGG;rbs_spacer=5-10bp;gc_cont=0.381;conf=99.99;score=315.22;cscore=300.17;sscore=15.06;rscore=12.75;uscore=0.47;tscore=2.49;
contig_44	Prodigal_v2.6.3	CDS	17552	18694	119.5	+	0	ID=46_17;partial=00;start_type=ATG;rbs_motif=GGAG/GAGG;rbs_spacer=5-10bp;gc_cont=0.381;conf=100.00;score=119.54;cscore=109.47;sscore=10.07;rscore=8.24;uscore=-0.66;tscore=2.49;
contig_44	Prodigal_v2.6.3	CDS	18712	19020	72.1	-	0	ID=46_18;partial=00;start_type=ATG;rbs_motif=AGGAGG;rbs_spacer=5-10bp;gc_cont=0.379;conf=100.00;score=72.10;cscore=56.53;sscore=15.58;rscore=13.75;uscore=-0.01;tscore=2.49;
contig_44	Prodigal_v2.6.3	CDS	19346	19447	15.6	+	0	ID=46_19;partial=00;start_type=ATG;rbs_motif=AGGAG;rbs_spacer=5-10bp;gc_cont=0.324;conf=97.33;score=15.65;cscore=7.56;sscore=8.09;rscore=4.84;uscore=2.27;tscore=0.98;
contig_44	Prodigal_v2.6.3	CDS	19520	19801	58.7	-	0	ID=46_20;partial=00;start_type=ATG;rbs_motif=AGGAG;rbs_spacer=5-10bp;gc_cont=0.383;conf=100.00;score=58.67;cscore=39.98;sscore=18.69;rscore=12.22;uscore=4.63;tscore=2.49;
contig_44	Prodigal_v2.6.3	CDS	20030	20944	146.9	-	0	ID=46_21;partial=00;start_type=TTG;rbs_motif=GGA/GAG/AGG;rbs_spacer=11-12bp;gc_cont=0.368;conf=100.00;score=146.91;cscore=150.52;sscore=-3.61;rscore=-0.79;uscore=1.87;tscore=-4.70;
contig_44	Prodigal_v2.6.3	CDS	21103	21960	186.6	-	0	ID=46_22;partial=00;start_type=ATG;rbs_motif=GGAG/GAGG;rbs_spacer=5-10bp;gc_cont=0.394;conf=99.99;score=186.60;cscore=173.17;sscore=13.43;rscore=8.24;uscore=1.74;tscore=2.49;
contig_44	Prodigal_v2.6.3	CDS	21990	22409	76.2	-	0	ID=46_23;partial=00;start_type=ATG;rbs_motif=GGAG/GAGG;rbs_spacer=5-10bp;gc_cont=0.376;conf=100.00;score=76.24;cscore=60.14;sscore=16.10;rscore=8.24;uscore=5.37;tscore=2.49;
contig_44	Prodigal_v2.6.3	CDS	22532	22834	39.6	-	0	ID=46_24;partial=00;start_type=TTG;rbs_motif=GGAG/GAGG;rbs_spacer=5-10bp;gc_cont=0.340;conf=99.99;score=39.57;cscore=32.36;sscore=7.21;rscore=8.24;uscore=3.67;tscore=-4.70;
contig_44	Prodigal_v2.6.3	CDS	22999	25122	367.1	-	0	ID=46_25;partial=00;start_type=ATG;rbs_motif=GGAG/GAGG;rbs_spacer=5-10bp;gc_cont=0.395;conf=99.99;score=367.14;cscore=356.06;sscore=11.08;rscore=8.24;uscore=0.35;tscore=2.49;
contig_44	Prodigal_v2.6.3	CDS	25103	25474	60.5	-	0	ID=46_26;partial=00;start_type=ATG;rbs_motif=GGAG/GAGG;rbs_spacer=5-10bp;gc_cont=0.374;conf=100.00;score=60.48;cscore=45.95;sscore=14.53;rscore=8.24;uscore=3.80;tscore=2.49;
contig_44	Prodigal_v2.6.3	CDS	25617	27254	245.3	-	0	ID=46_27;partial=00;start_type=ATG;rbs_motif=None;rbs_spacer=None;gc_cont=0.396;conf=99.99;score=245.25;cscore=254.30;sscore=-9.04;rscore=-9.56;uscore=-1.97;tscore=2.49;
contig_44	Prodigal_v2.6.3	CDS	27420	27542	6.9	-	0	ID=46_28;partial=00;start_type=ATG;rbs_motif=GGA/GAG/AGG;rbs_spacer=5-10bp;gc_cont=0.407;conf=82.93;score=6.88;cscore=6.46;sscore=0.42;rscore=-0.93;uscore=0.81;tscore=1.19;
contig_44	Prodigal_v2.6.3	CDS	29706	29861	5.2	-	0	ID=46_29;partial=00;start_type=ATG;rbs_motif=None;rbs_spacer=None;gc_cont=0.397;conf=76.58;score=5.15;cscore=19.52;sscore=-14.37;rscore=-15.62;uscore=-0.27;tscore=1.52;
contig_44	Prodigal_v2.6.3	CDS	30006	30185	8.2	-	0	ID=46_30;partial=00;start_type=ATG;rbs_motif=AGGA;rbs_spacer=5-10bp;gc_cont=0.322;conf=86.87;score=8.22;cscore=2.54;sscore=5.67;rscore=2.99;uscore=1.57;tscore=1.76;
contig_44	Prodigal_v2.6.3	CDS	30411	30716	57.7	-	0	ID=46_31;partial=00;start_type=ATG;rbs_motif=GGAG/GAGG;rbs_spacer=5-10bp;gc_cont=0.395;conf=100.00;score=57.74;cscore=47.80;sscore=9.94;rscore=8.24;uscore=-0.13;tscore=2.49;
contig_44	Prodigal_v2.6.3	CDS	31076	31348	24.0	+	0	ID=46_32;partial=00;start_type=ATG;rbs_motif=AGGAGG;rbs_spacer=5-10bp;gc_cont=0.374;conf=99.60;score=24.02;cscore=9.80;sscore=14.21;rscore=13.75;uscore=-2.02;tscore=2.49;
contig_44	Prodigal_v2.6.3	CDS	31447	31605	10.1	+	0	ID=46_33;partial=00;start_type=GTG;rbs_motif=AGGA;rbs_spacer=5-10bp;gc_cont=0.365;conf=91.03;score=10.08;cscore=13.36;sscore=-3.28;rscore=2.64;uscore=-0.13;tscore=-5.78;
contig_44	Prodigal_v2.6.3	CDS	31731	31910	9.2	+	0	ID=46_34;partial=00;start_type=ATG;rbs_motif=GGAG/GAGG;rbs_spacer=5-10bp;gc_cont=0.428;conf=89.15;score=9.16;cscore=4.56;sscore=4.61;rscore=5.83;uscore=-2.99;tscore=1.76;
contig_44	Prodigal_v2.6.3	CDS	32188	32586	46.3	-	0	ID=46_35;partial=00;start_type=GTG;rbs_motif=3Base/5BMM;rbs_spacer=13-15bp;gc_cont=0.353;conf=100.00;score=46.33;cscore=57.48;sscore=-11.16;rscore=-6.44;uscore=-0.46;tscore=-3.61;
contig_44	Prodigal_v2.6.3	CDS	32830	33612	141.8	-	0	ID=46_36;partial=00;start_type=TTG;rbs_motif=None;rbs_spacer=None;gc_cont=0.381;conf=100.00;score=141.78;cscore=156.43;sscore=-14.65;rscore=-9.56;uscore=-1.33;tscore=-4.70;
contig_44	Prodigal_v2.6.3	CDS	33644	34261	95.3	-	0	ID=46_37;partial=00;start_type=ATG;rbs_motif=None;rbs_spacer=None;gc_cont=0.375;conf=100.00;score=95.30;cscore=97.84;sscore=-2.54;rscore=-9.56;uscore=3.57;tscore=2.49;
contig_44	Prodigal_v2.6.3	CDS	34290	34406	4.8	-	0	ID=46_38;partial=00;start_type=ATG;rbs_motif=AGGAGG;rbs_spacer=5-10bp;gc_cont=0.359;conf=75.17;score=4.82;cscore=-2.87;sscore=7.69;rscore=6.27;uscore=0.78;tscore=1.13;
# Sequence Data: seqnum=47;seqlen=56189;seqhdr="contig_46"
# Model Data: version=Prodigal.v2.6.3;run_type=Single;model="Ab initio";gc_cont=37.70;transl_table=11;uses_sd=1
contig_46	Prodigal_v2.6.3	CDS	924	1883	141.2	-	0	ID=47_1;partial=00;start_type=TTG;rbs_motif=AGxAGG/AGGxGG;rbs_spacer=5-10bp;gc_cont=0.453;conf=100.00;score=141.17;cscore=137.33;sscore=3.83;rscore=9.68;uscore=-1.15;tscore=-4.70;
contig_46	Prodigal_v2.6.3	CDS	1955	3427	229.0	-	0	ID=47_2;partial=00;start_type=GTG;rbs_motif=GGA/GAG/AGG;rbs_spacer=5-10bp;gc_cont=0.447;conf=99.99;score=229.04;cscore=233.17;sscore=-4.13;rscore=-0.45;uscore=0.58;tscore=-3.61;
contig_46	Prodigal_v2.6.3	CDS	3800	4234	34.2	-	0	ID=47_3;partial=00;start_type=TTG;rbs_motif=AGGAG/GGAGG;rbs_spacer=11-12bp;gc_cont=0.416;conf=99.96;score=34.17;cscore=26.81;sscore=7.36;rscore=9.05;uscore=3.00;tscore=-4.70;
contig_46	Prodigal_v2.6.3	CDS	4307	5863	120.5	-	0	ID=47_4;partial=00;start_type=ATG;rbs_motif=GGAGG;rbs_spacer=5-10bp;gc_cont=0.439;conf=100.00;score=120.50;cscore=106.36;sscore=14.14;rscore=12.75;uscore=-1.10;tscore=2.49;
contig_46	Prodigal_v2.6.3	CDS	5832	6443	58.2	-	0	ID=47_5;partial=00;start_type=ATG;rbs_motif=GGAG/GAGG;rbs_spacer=5-10bp;gc_cont=0.433;conf=100.00;score=58.18;cscore=43.90;sscore=14.28;rscore=8.24;uscore=2.34;tscore=2.49;
contig_46	Prodigal_v2.6.3	CDS	6449	7342	70.3	-	0	ID=47_6;partial=00;start_type=ATG;rbs_motif=AGGAG;rbs_spacer=5-10bp;gc_cont=0.433;conf=100.00;score=70.35;cscore=54.78;sscore=15.57;rscore=12.22;uscore=1.51;tscore=2.49;
contig_46	Prodigal_v2.6.3	CDS	7478	8062	49.7	+	0	ID=47_7;partial=00;start_type=ATG;rbs_motif=GGA/GAG/AGG;rbs_spacer=3-4bp;gc_cont=0.434;conf=100.00;score=49.67;cscore=51.72;sscore=-2.05;rscore=-7.91;uscore=3.37;tscore=2.49;
contig_46	Prodigal_v2.6.3	CDS	8028	8843	103.5	+	0	ID=47_8;partial=00;start_type=ATG;rbs_motif=AGxAGG/AGGxGG;rbs_spacer=5-10bp;gc_cont=0.423;conf=100.00;score=103.52;cscore=91.22;sscore=12.30;rscore=9.68;uscore=0.14;tscore=2.49;
contig_46	Prodigal_v2.6.3	CDS	8843	11317	259.3	+	0	ID=47_9;partial=00;start_type=ATG;rbs_motif=AGxAGG/AGGxGG;rbs_spacer=5-10bp;gc_cont=0.415;conf=99.99;score=259.32;cscore=243.72;sscore=15.60;rscore=9.68;uscore=2.16;tscore=2.49;
contig_46	Prodigal_v2.6.3	CDS	11442	12173	84.8	-	0	ID=47_10;partial=00;start_type=ATG;rbs_motif=GGA/GAG/AGG;rbs_spacer=5-10bp;gc_cont=0.402;conf=100.00;score=84.80;cscore=77.61;sscore=7.19;rscore=-0.45;uscore=4.23;tscore=2.49;
contig_46	Prodigal_v2.6.3	CDS	12206	12841	59.5	-	0	ID=47_11;partial=00;start_type=TTG;rbs_motif=GGAG/GAGG;rbs_spacer=5-10bp;gc_cont=0.431;conf=100.00;score=59.50;cscore=51.48;sscore=8.02;rscore=8.24;uscore=3.39;tscore=-4.70;
contig_46	Prodigal_v2.6.3	CDS	12859	13575	116.0	-	0	ID=47_12;partial=00;start_type=GTG;rbs_motif=GGAGG;rbs_spacer=5-10bp;gc_cont=0.435;conf=100.00;score=116.00;cscore=104.88;sscore=11.12;rscore=12.75;uscore=1.98;tscore=-3.61;
contig_46	Prodigal_v2.6.3	CDS	13688	14068	48.9	-	0	ID=47_13;partial=00;start_type=ATG;rbs_motif=GGAGG;rbs_spacer=5-10bp;gc_cont=0.438;conf=100.00;score=48.90;cscore=29.26;sscore=19.64;rscore=12.75;uscore=3.44;tscore=2.49;
contig_46	Prodigal_v2.6.3	CDS	14098	15306	99.2	-	0	ID=47_14;partial=00;start_type=ATG;rbs_motif=GGAGG;rbs_spacer=5-10bp;gc_cont=0.423;conf=100.00;score=99.16;cscore=86.09;sscore=13.07;rscore=12.75;uscore=-1.52;tscore=2.49;
contig_46	Prodigal_v2.6.3	CDS	15443	16300	95.4	+	0	ID=47_15;partial=00;start_type=ATG;rbs_motif=GGAG/GAGG;rbs_spacer=5-10bp;gc_cont=0.382;conf=100.00;score=95.43;cscore=82.57;sscore=12.85;rscore=8.24;uscore=2.13;tscore=2.49;
contig_46	Prodigal_v2.6.3	CDS	16410	17279	91.4	+	0	ID=47_16;partial=00;start_type=ATG;rbs_motif=AGGAG;rbs_spacer=5-10bp;gc_cont=0.398;conf=100.00;score=91.42;cscore=74.86;sscore=16.56;rscore=12.22;uscore=1.85;tscore=2.49;
contig_46	Prodigal_v2.6.3	CDS	17314	18303	116.8	-	0	ID=47_17;partial=00;start_type=ATG;rbs_motif=None;rbs_spacer=None;gc_cont=0.399;conf=100.00;score=116.81;cscore=110.75;sscore=6.06;rscore=-9.56;uscore=2.28;tscore=2.49;
contig_46	Prodigal_v2.6.3	CDS	18300	18971	96.6	-	0	ID=47_18;partial=00;start_type=ATG;rbs_motif=GGA/GAG/AGG;rbs_spacer=5-10bp;gc_cont=0.368;conf=100.00;score=96.62;cscore=91.68;sscore=4.94;rscore=-0.45;uscore=1.65;tscore=2.49;
contig_46	Prodigal_v2.6.3	CDS	18974	19957	136.1	-	0	ID=47_19;partial=00;start_type=ATG;rbs_motif=AGGAG;rbs_spacer=5-10bp;gc_cont=0.421;conf=100.00;score=136.12;cscore=122.30;sscore=13.83;rscore=12.22;uscore=-0.88;tscore=2.49;
contig_46	Prodigal_v2.6.3	CDS	20084	20503	68.2	-	0	ID=47_20;partial=00;start_type=ATG;rbs_motif=GGAG/GAGG;rbs_spacer=5-10bp;gc_cont=0.381;conf=100.00;score=68.22;cscore=54.33;sscore=13.89;rscore=8.24;uscore=2.33;tscore=2.49;
contig_46	Prodigal_v2.6.3	CDS	20545	22356	257.8	-	0	ID=47_21;partial=00;start_type=ATG;rbs_motif=3Base/5BMM;rbs_spacer=13-15bp;gc_cont=0.427;conf=99.99;score=257.82;cscore=253.30;sscore=4.52;rscore=-6.44;uscore=0.74;tscore=2.49;
contig_46	Prodigal_v2.6.3	CDS	22353	24086	240.1	-	0	ID=47_22;partial=00;start_type=ATG;rbs_motif=GGAG/GAGG;rbs_spacer=5-10bp;gc_cont=0.451;conf=99.99;score=240.09;cscore=226.15;sscore=13.94;rscore=8.24;uscore=3.87;tscore=2.49;
contig_46	Prodigal_v2.6.3	CDS	24645	25199	57.9	-	0	ID=47_23;partial=00;start_type=ATG;rbs_motif=GGA/GAG/AGG;rbs_spacer=5-10bp;gc_cont=0.508;conf=100.00;score=57.94;cscore=56.52;sscore=1.41;rscore=-0.45;uscore=-1.81;tscore=2.49;
contig_46	Prodigal_v2.6.3	CDS	25208	25702	76.2	-	0	ID=47_24;partial=00;start_type=ATG;rbs_motif=GGAG/GAGG;rbs_spacer=5-10bp;gc_cont=0.416;conf=100.00;score=76.24;cscore=61.89;sscore=14.35;rscore=8.24;uscore=2.69;tscore=2.49;
contig_46	Prodigal_v2.6.3	CDS	25734	26126	53.9	-	0	ID=47_25;partial=00;start_type=ATG;rbs_motif=AGGAGG;rbs_spacer=5-10bp;gc_cont=0.471;conf=100.00;score=53.92;cscore=37.48;sscore=16.44;rscore=13.75;uscore=0.20;tscore=2.49;
contig_46	Prodigal_v2.6.3	CDS	26078	26674	80.6	-	0	ID=47_26;partial=00;start_type=ATG;rbs_motif=GGAGG;rbs_spacer=5-10bp;gc_cont=0.444;conf=100.00;score=80.62;cscore=66.58;sscore=14.04;rscore=12.75;uscore=-1.21;tscore=2.49;
contig_46	Prodigal_v2.6.3	CDS	26647	27423	68.9	-	0	ID=47_27;partial=00;start_type=ATG;rbs_motif=AGxAGG/AGGxGG;rbs_spacer=11-12bp;gc_cont=0.417;conf=100.00;score=68.93;cscore=55.50;sscore=13.44;rscore=6.48;uscore=3.42;tscore=2.49;
contig_46	Prodigal_v2.6.3	CDS	27444	28019	74.9	-	0	ID=47_28;partial=00;start_type=ATG;rbs_motif=AGGAGG;rbs_spacer=5-10bp;gc_cont=0.448;conf=100.00;score=74.86;cscore=55.98;sscore=18.87;rscore=13.75;uscore=1.49;tscore=2.49;
contig_46	Prodigal_v2.6.3	CDS	28032	28640	64.8	-	0	ID=47_29;partial=00;start_type=GTG;rbs_motif=GGAG/GAGG;rbs_spacer=5-10bp;gc_cont=0.438;conf=100.00;score=64.81;cscore=58.26;sscore=6.54;rscore=8.24;uscore=0.62;tscore=-3.61;
contig_46	Prodigal_v2.6.3	CDS	28637	29731	147.6	-	0	ID=47_30;partial=00;start_type=ATG;rbs_motif=GGAGG;rbs_spacer=5-10bp;gc_cont=0.440;conf=100.00;score=147.64;cscore=133.18;sscore=14.46;rscore=12.75;uscore=-1.97;tscore=2.49;
contig_46	Prodigal_v2.6.3	CDS	29718	30674	162.0	-	0	ID=47_31;partial=00;start_type=ATG;rbs_motif=AGGAG;rbs_spacer=5-10bp;gc_cont=0.442;conf=100.00;score=162.04;cscore=140.26;sscore=21.79;rscore=12.22;uscore=5.78;tscore=2.49;
contig_46	Prodigal_v2.6.3	CDS	30671	31354	80.8	-	0	ID=47_32;partial=00;start_type=TTG;rbs_motif=AGGAGG;rbs_spacer=5-10bp;gc_cont=0.449;conf=100.00;score=80.85;cscore=75.17;sscore=5.68;rscore=13.75;uscore=-2.73;tscore=-4.70;
contig_46	Prodigal_v2.6.3	CDS	31559	31744	8.7	-	0	ID=47_33;partial=00;start_type=GTG;rbs_motif=GGAGG;rbs_spacer=5-10bp;gc_cont=0.355;conf=88.00;score=8.67;cscore=5.33;sscore=3.34;rscore=9.34;uscore=-1.07;tscore=-4.93;
contig_46	Prodigal_v2.6.3	CDS	31849	33207	244.0	-	0	ID=47_34;partial=00;start_type=ATG;rbs_motif=AGGA;rbs_spacer=5-10bp;gc_cont=0.410;conf=99.99;score=243.99;cscore=234.92;sscore=9.07;rscore=4.23;uscore=3.01;tscore=2.49;
contig_46	Prodigal_v2.6.3	CDS	33671	34423	145.1	-	0	ID=47_35;partial=00;start_type=ATG;rbs_motif=GGAG/GAGG;rbs_spacer=5-10bp;gc_cont=0.428;conf=100.00;score=145.14;cscore=132.71;sscore=12.43;rscore=8.24;uscore=2.36;tscore=2.49;
contig_46	Prodigal_v2.6.3	CDS	34626	35237	79.5	+	0	ID=47_36;partial=00;start_type=ATG;rbs_motif=AGGAG;rbs_spacer=5-10bp;gc_cont=0.394;conf=100.00;score=79.53;cscore=61.89;sscore=17.64;rscore=12.22;uscore=2.93;tscore=2.49;
contig_46	Prodigal_v2.6.3	CDS	35318	36163	69.7	-	0	ID=47_37;partial=00;start_type=ATG;rbs_motif=AGGAG;rbs_spacer=5-10bp;gc_cont=0.365;conf=100.00;score=69.74;cscore=56.14;sscore=13.61;rscore=12.22;uscore=-1.10;tscore=2.49;
contig_46	Prodigal_v2.6.3	CDS	36271	38400	250.6	-	0	ID=47_38;partial=00;start_type=ATG;rbs_motif=AGxAG;rbs_spacer=11-12bp;gc_cont=0.394;conf=99.99;score=250.60;cscore=247.90;sscore=2.70;rscore=-5.40;uscore=5.61;tscore=2.49;
contig_46	Prodigal_v2.6.3	CDS	38561	39661	159.1	-	0	ID=47_39;partial=00;start_type=ATG;rbs_motif=GGxGG;rbs_spacer=5-10bp;gc_cont=0.417;conf=100.00;score=159.12;cscore=147.27;sscore=11.84;rscore=6.77;uscore=3.24;tscore=2.49;
contig_46	Prodigal_v2.6.3	CDS	39979	40086	11.8	+	0	ID=47_40;partial=00;start_type=ATG;rbs_motif=AGGAGG;rbs_spacer=5-10bp;gc_cont=0.296;conf=93.81;score=11.83;cscore=3.81;sscore=8.02;rscore=5.78;uscore=1.20;tscore=1.04;
contig_46	Prodigal_v2.6.3	CDS	40182	40499	25.0	-	0	ID=47_41;partial=00;start_type=TTG;rbs_motif=GGAG/GAGG;rbs_spacer=5-10bp;gc_cont=0.289;conf=99.68;score=24.97;cscore=19.16;sscore=5.81;rscore=8.24;uscore=2.27;tscore=-4.70;
contig_46	Prodigal_v2.6.3	CDS	40647	41474	95.5	-	0	ID=47_42;partial=00;start_type=ATG;rbs_motif=AGGAG;rbs_spacer=5-10bp;gc_cont=0.367;conf=100.00;score=95.47;cscore=79.61;sscore=15.86;rscore=12.22;uscore=1.80;tscore=2.49;
contig_46	Prodigal_v2.6.3	CDS	41685	42800	171.6	-	0	ID=47_43;partial=00;start_type=ATG;rbs_motif=GGAGG;rbs_spacer=5-10bp;gc_cont=0.358;conf=100.00;score=171.63;cscore=155.24;sscore=16.39;rscore=12.75;uscore=-0.03;tscore=2.49;
contig_46	Prodigal_v2.6.3	CDS	42787	43281	46.5	-	0	ID=47_44;partial=00;start_type=TTG;rbs_motif=GGAG/GAGG;rbs_spacer=5-10bp;gc_cont=0.331;conf=100.00;score=46.48;cscore=44.44;sscore=2.04;rscore=8.24;uscore=-0.85;tscore=-4.70;
contig_46	Prodigal_v2.6.3	CDS	43525	44028	56.9	-	0	ID=47_45;partial=00;start_type=ATG;rbs_motif=AGxAGG/AGGxGG;rbs_spacer=5-10bp;gc_cont=0.327;conf=100.00;score=56.94;cscore=46.54;sscore=10.40;rscore=9.68;uscore=-1.76;tscore=2.49;
contig_46	Prodigal_v2.6.3	CDS	44184	44642	32.6	-	0	ID=47_46;partial=00;start_type=TTG;rbs_motif=GGxGG;rbs_spacer=5-10bp;gc_cont=0.359;conf=99.94;score=32.64;cscore=27.65;sscore=4.99;rscore=6.77;uscore=2.92;tscore=-4.70;
contig_46	Prodigal_v2.6.3	CDS	44733	44963	1.9	-	0	ID=47_47;partial=00;start_type=GTG;rbs_motif=GGAG/GAGG;rbs_spacer=5-10bp;gc_cont=0.368;conf=60.97;score=1.94;cscore=-1.64;sscore=3.58;rscore=7.52;uscore=1.18;tscore=-3.96;
contig_46	Prodigal_v2.6.3	CDS	45407	45556	9.5	-	0	ID=47_48;partial=00;start_type=ATG;rbs_motif=AGGAG;rbs_spacer=5-10bp;gc_cont=0.400;conf=89.95;score=9.53;cscore=0.81;sscore=8.73;rscore=7.19;uscore=0.73;tscore=1.46;
contig_46	Prodigal_v2.6.3	CDS	46023	46334	25.7	-	0	ID=47_49;partial=00;start_type=ATG;rbs_motif=GGAG/GAGG;rbs_spacer=5-10bp;gc_cont=0.356;conf=99.73;score=25.68;cscore=10.95;sscore=14.72;rscore=8.24;uscore=4.00;tscore=2.49;
contig_46	Prodigal_v2.6.3	CDS	46490	47083	24.5	-	0	ID=47_50;partial=00;start_type=TTG;rbs_motif=GGAGG;rbs_spacer=5-10bp;gc_cont=0.281;conf=99.64;score=24.45;cscore=13.96;sscore=10.49;rscore=12.75;uscore=2.43;tscore=-4.70;
contig_46	Prodigal_v2.6.3	CDS	47261	47752	45.8	-	0	ID=47_51;partial=00;start_type=ATG;rbs_motif=AGGAGG;rbs_spacer=5-10bp;gc_cont=0.421;conf=100.00;score=45.82;cscore=24.43;sscore=21.39;rscore=13.75;uscore=3.87;tscore=2.49;
contig_46	Prodigal_v2.6.3	CDS	47752	47958	15.3	-	0	ID=47_52;partial=00;start_type=ATG;rbs_motif=AGGAG;rbs_spacer=5-10bp;gc_cont=0.367;conf=97.12;score=15.30;cscore=5.05;sscore=10.25;rscore=9.97;uscore=-1.10;tscore=2.03;
contig_46	Prodigal_v2.6.3	CDS	48186	48677	69.0	+	0	ID=47_53;partial=00;start_type=ATG;rbs_motif=AGGAGG;rbs_spacer=5-10bp;gc_cont=0.402;conf=100.00;score=69.02;cscore=49.76;sscore=19.26;rscore=13.75;uscore=3.02;tscore=2.49;
contig_46	Prodigal_v2.6.3	CDS	48844	49737	116.3	-	0	ID=47_54;partial=00;start_type=ATG;rbs_motif=AGGAG;rbs_spacer=5-10bp;gc_cont=0.454;conf=100.00;score=116.26;cscore=100.41;sscore=15.85;rscore=12.22;uscore=1.79;tscore=2.49;
contig_46	Prodigal_v2.6.3	CDS	50024	50962	175.6	-	0	ID=47_55;partial=00;start_type=ATG;rbs_motif=AGxAGG/AGGxGG;rbs_spacer=5-10bp;gc_cont=0.426;conf=100.00;score=175.59;cscore=160.93;sscore=14.66;rscore=9.68;uscore=2.49;tscore=2.49;
contig_46	Prodigal_v2.6.3	CDS	51128	51556	41.3	-	0	ID=47_56;partial=00;start_type=ATG;rbs_motif=AGGA;rbs_spacer=5-10bp;gc_cont=0.322;conf=99.99;score=41.31;cscore=32.69;sscore=8.62;rscore=4.23;uscore=1.90;tscore=2.49;
contig_46	Prodigal_v2.6.3	CDS	51726	52328	78.9	-	0	ID=47_57;partial=00;start_type=GTG;rbs_motif=GGA/GAG/AGG;rbs_spacer=11-12bp;gc_cont=0.421;conf=100.00;score=78.86;cscore=81.19;sscore=-2.33;rscore=-0.79;uscore=-3.26;tscore=-3.61;
contig_46	Prodigal_v2.6.3	CDS	52328	52906	80.4	-	0	ID=47_58;partial=00;start_type=ATG;rbs_motif=GGAGG;rbs_spacer=5-10bp;gc_cont=0.363;conf=100.00;score=80.38;cscore=64.85;sscore=15.53;rscore=12.75;uscore=0.29;tscore=2.49;
contig_46	Prodigal_v2.6.3	CDS	52969	53676	98.7	-	0	ID=47_59;partial=00;start_type=ATG;rbs_motif=GGAGG;rbs_spacer=5-10bp;gc_cont=0.401;conf=100.00;score=98.71;cscore=82.94;sscore=15.77;rscore=12.75;uscore=1.18;tscore=2.49;
contig_46	Prodigal_v2.6.3	CDS	53880	54845	83.6	-	0	ID=47_60;partial=00;start_type=ATG;rbs_motif=GGA/GAG/AGG;rbs_spacer=5-10bp;gc_cont=0.356;conf=100.00;score=83.64;cscore=82.48;sscore=1.15;rscore=-0.45;uscore=-0.23;tscore=2.49;
contig_46	Prodigal_v2.6.3	CDS	55383	55754	31.8	-	0	ID=47_61;partial=00;start_type=ATG;rbs_motif=None;rbs_spacer=None;gc_cont=0.411;conf=99.93;score=31.75;cscore=43.15;sscore=-11.40;rscore=-9.56;uscore=-4.32;tscore=2.49;
contig_46	Prodigal_v2.6.3	CDS	55705	55983	20.8	-	0	ID=47_62;partial=00;start_type=ATG;rbs_motif=None;rbs_spacer=None;gc_cont=0.459;conf=99.18;score=20.84;cscore=17.06;sscore=3.78;rscore=-9.56;uscore=-1.22;tscore=2.49;
contig_46	Prodigal_v2.6.3	CDS	55980	56189	13.0	-	0	ID=47_63;partial=01;start_type=Edge;rbs_motif=None;rbs_spacer=None;gc_cont=0.400;conf=95.20;score=13.00;cscore=9.78;sscore=3.22;rscore=0.00;uscore=0.00;tscore=3.22;
# Sequence Data: seqnum=48;seqlen=54154;seqhdr="contig_9"
# Model Data: version=Prodigal.v2.6.3;run_type=Single;model="Ab initio";gc_cont=37.70;transl_table=11;uses_sd=1
contig_9	Prodigal_v2.6.3	CDS	1	183	14.9	-	0	ID=48_1;partial=10;start_type=TTG;rbs_motif=None;rbs_spacer=None;gc_cont=0.366;conf=96.83;score=14.88;cscore=32.83;sscore=-17.95;rscore=-9.56;uscore=-4.68;tscore=-4.70;
contig_9	Prodigal_v2.6.3	CDS	211	735	98.9	-	0	ID=48_2;partial=00;start_type=ATG;rbs_motif=AGGA;rbs_spacer=5-10bp;gc_cont=0.432;conf=100.00;score=98.86;cscore=92.68;sscore=6.17;rscore=4.23;uscore=0.11;tscore=2.49;
contig_9	Prodigal_v2.6.3	CDS	1045	1332	36.1	-	0	ID=48_3;partial=00;start_type=GTG;rbs_motif=AGxAGG/AGGxGG;rbs_spacer=5-10bp;gc_cont=0.323;conf=99.98;score=36.13;cscore=31.62;sscore=4.51;rscore=9.68;uscore=-1.56;tscore=-3.61;
contig_9	Prodigal_v2.6.3	CDS	1471	3165	290.0	-	0	ID=48_4;partial=00;start_type=ATG;rbs_motif=GGAG/GAGG;rbs_spacer=5-10bp;gc_cont=0.388;conf=99.99;score=289.96;cscore=277.30;sscore=12.66;rscore=8.24;uscore=2.59;tscore=2.49;
contig_9	Prodigal_v2.6.3	CDS	3613	4026	46.9	-	0	ID=48_5;partial=00;start_type=ATG;rbs_motif=GGA/GAG/AGG;rbs_spacer=5-10bp;gc_cont=0.370;conf=100.00;score=46.88;cscore=40.22;sscore=6.66;rscore=-0.45;uscore=3.59;tscore=2.49;
contig_9	Prodigal_v2.6.3	CDS	4049	6415	450.0	-	0	ID=48_6;partial=00;start_type=GTG;rbs_motif=AGGAGG;rbs_spacer=5-10bp;gc_cont=0.409;conf=99.99;score=449.97;cscore=438.33;sscore=11.65;rscore=13.75;uscore=0.43;tscore=-3.61;
contig_9	Prodigal_v2.6.3	CDS	6434	8143	314.8	-	0	ID=48_7;partial=00;start_type=ATG;rbs_motif=AGGAGG;rbs_spacer=5-10bp;gc_cont=0.399;conf=99.99;score=314.81;cscore=300.38;sscore=14.42;rscore=13.75;uscore=-1.82;tscore=2.49;
contig_9	Prodigal_v2.6.3	CDS	8202	8741	64.4	-	0	ID=48_8;partial=00;start_type=ATG;rbs_motif=GGA/GAG/AGG;rbs_spacer=5-10bp;gc_cont=0.367;conf=100.00;score=64.38;cscore=57.58;sscore=6.79;rscore=-0.45;uscore=3.54;tscore=2.49;
contig_9	Prodigal_v2.6.3	CDS	8747	9007	45.1	-	0	ID=48_9;partial=00;start_type=ATG;rbs_motif=AGGAGG;rbs_spacer=5-10bp;gc_cont=0.345;conf=100.00;score=45.06;cscore=30.96;sscore=14.10;rscore=13.75;uscore=-1.48;tscore=2.49;
contig_9	Prodigal_v2.6.3	CDS	9143	10066	135.4	+	0	ID=48_10;partial=00;start_type=ATG;rbs_motif=AGGA;rbs_spacer=5-10bp;gc_cont=0.416;conf=100.00;score=135.39;cscore=125.68;sscore=9.71;rscore=4.23;uscore=3.00;tscore=2.49;
contig_9	Prodigal_v2.6.3	CDS	10249	12666	515.2	-	0	ID=48_11;partial=00;start_type=ATG;rbs_motif=AGxAGG/AGGxGG;rbs_spacer=5-10bp;gc_cont=0.417;conf=99.99;score=515.20;cscore=503.32;sscore=11.88;rscore=9.68;uscore=-1.43;tscore=2.49;
contig_9	Prodigal_v2.6.3	CDS	12679	13716	211.1	-	0	ID=48_12;partial=00;start_type=ATG;rbs_motif=AGGAGG;rbs_spacer=5-10bp;gc_cont=0.394;conf=99.99;score=211.07;cscore=197.63;sscore=13.44;rscore=13.75;uscore=-2.15;tscore=2.49;
contig_9	Prodigal_v2.6.3	CDS	14107	14871	153.2	-	0	ID=48_13;partial=00;start_type=ATG;rbs_motif=GGAG/GAGG;rbs_spacer=5-10bp;gc_cont=0.401;conf=100.00;score=153.21;cscore=141.65;sscore=11.56;rscore=8.24;uscore=1.49;tscore=2.49;
contig_9	Prodigal_v2.6.3	CDS	15044	15439	52.5	+	0	ID=48_14;partial=00;start_type=ATG;rbs_motif=GGAG/GAGG;rbs_spacer=5-10bp;gc_cont=0.374;conf=100.00;score=52.48;cscore=39.96;sscore=12.52;rscore=8.24;uscore=1.80;tscore=2.49;
contig_9	Prodigal_v2.6.3	CDS	15447	16424	116.1	-	0	ID=48_15;partial=00;start_type=ATG;rbs_motif=AGGA;rbs_spacer=5-10bp;gc_cont=0.378;conf=100.00;score=116.09;cscore=106.82;sscore=9.27;rscore=4.23;uscore=2.55;tscore=2.49;
contig_9	Prodigal_v2.6.3	CDS	16588	17241	87.4	-	0	ID=48_16;partial=00;start_type=ATG;rbs_motif=AGGA;rbs_spacer=5-10bp;gc_cont=0.373;conf=100.00;score=87.45;cscore=78.87;sscore=8.57;rscore=4.23;uscore=1.86;tscore=2.49;
contig_9	Prodigal_v2.6.3	CDS	17367	18323	94.6	-	0	ID=48_17;partial=00;start_type=TTG;rbs_motif=GGxGG;rbs_spacer=5-10bp;gc_cont=0.398;conf=100.00;score=94.57;cscore=92.51;sscore=2.06;rscore=6.77;uscore=-0.70;tscore=-4.70;
contig_9	Prodigal_v2.6.3	CDS	18378	18719	26.7	-	0	ID=48_18;partial=00;start_type=ATG;rbs_motif=GGA/GAG/AGG;rbs_spacer=5-10bp;gc_cont=0.368;conf=99.78;score=26.65;cscore=25.46;sscore=1.19;rscore=-0.45;uscore=-0.19;tscore=2.49;
contig_9	Prodigal_v2.6.3	CDS	18872	20281	183.7	+	0	ID=48_19;partial=00;start_type=ATG;rbs_motif=GGAGG;rbs_spacer=5-10bp;gc_cont=0.384;conf=99.99;score=183.68;cscore=167.75;sscore=15.93;rscore=12.75;uscore=0.69;tscore=2.49;
contig_9	Prodigal_v2.6.3	CDS	20413	20577	19.3	+	0	ID=48_20;partial=00;start_type=ATG;rbs_motif=AGGAG;rbs_spacer=5-10bp;gc_cont=0.345;conf=98.82;score=19.28;cscore=7.70;sscore=11.58;rscore=7.92;uscore=2.05;tscore=1.61;
contig_9	Prodigal_v2.6.3	CDS	20590	20781	24.5	+	0	ID=48_21;partial=00;start_type=TTG;rbs_motif=AGxAGG/AGGxGG;rbs_spacer=5-10bp;gc_cont=0.396;conf=99.65;score=24.52;cscore=19.93;sscore=4.59;rscore=7.32;uscore=2.35;tscore=-6.21;
contig_9	Prodigal_v2.6.3	CDS	20827	22971	272.8	-	0	ID=48_22;partial=00;start_type=GTG;rbs_motif=GGAGG;rbs_spacer=5-10bp;gc_cont=0.343;conf=99.99;score=272.82;cscore=262.85;sscore=9.97;rscore=12.75;uscore=1.47;tscore=-3.61;
contig_9	Prodigal_v2.6.3	CDS	23170	23697	49.6	-	0	ID=48_23;partial=00;start_type=ATG;rbs_motif=AGGA;rbs_spacer=5-10bp;gc_cont=0.335;conf=100.00;score=49.62;cscore=44.66;sscore=4.96;rscore=4.23;uscore=-1.10;tscore=2.49;
contig_9	Prodigal_v2.6.3	CDS	23936	24145	38.9	+	0	ID=48_24;partial=00;start_type=ATG;rbs_motif=AGGAGG;rbs_spacer=5-10bp;gc_cont=0.371;conf=99.99;score=38.85;cscore=24.43;sscore=14.42;rscore=11.39;uscore=0.98;tscore=2.06;
contig_9	Prodigal_v2.6.3	CDS	24225	25604	227.7	+	0	ID=48_25;partial=00;start_type=ATG;rbs_motif=GGAGG;rbs_spacer=5-10bp;gc_cont=0.433;conf=99.99;score=227.67;cscore=211.45;sscore=16.23;rscore=12.75;uscore=0.98;tscore=2.49;
contig_9	Prodigal_v2.6.3	CDS	25652	26164	80.2	-	0	ID=48_26;partial=00;start_type=GTG;rbs_motif=GGA/GAG/AGG;rbs_spacer=5-10bp;gc_cont=0.390;conf=100.00;score=80.21;cscore=81.67;sscore=-1.46;rscore=-0.45;uscore=1.49;tscore=-3.61;
contig_9	Prodigal_v2.6.3	CDS	26180	26893	88.0	-	0	ID=48_27;partial=00;start_type=ATG;rbs_motif=AGxAGG/AGGxGG;rbs_spacer=5-10bp;gc_cont=0.335;conf=100.00;score=87.99;cscore=78.88;sscore=9.11;rscore=9.68;uscore=-2.40;tscore=2.49;
contig_9	Prodigal_v2.6.3	CDS	27120	27611	42.5	-	0	ID=48_28;partial=00;start_type=ATG;rbs_motif=AGGA;rbs_spacer=5-10bp;gc_cont=0.380;conf=99.99;score=42.49;cscore=31.36;sscore=11.13;rscore=4.23;uscore=3.40;tscore=2.49;
contig_9	Prodigal_v2.6.3	CDS	27636	28460	143.1	-	0	ID=48_29;partial=00;start_type=ATG;rbs_motif=AGGAG/GGAGG;rbs_spacer=11-12bp;gc_cont=0.342;conf=100.00;score=143.14;cscore=129.98;sscore=13.16;rscore=9.05;uscore=0.57;tscore=2.49;
contig_9	Prodigal_v2.6.3	CDS	28481	28759	37.5	-	0	ID=48_30;partial=00;start_type=ATG;rbs_motif=GGAGG;rbs_spacer=5-10bp;gc_cont=0.355;conf=99.98;score=37.48;cscore=20.42;sscore=17.06;rscore=12.75;uscore=0.69;tscore=2.49;
contig_9	Prodigal_v2.6.3	CDS	28773	29786	167.6	-	0	ID=48_31;partial=00;start_type=ATG;rbs_motif=AGGAGG;rbs_spacer=5-10bp;gc_cont=0.414;conf=100.00;score=167.61;cscore=145.22;sscore=22.38;rscore=13.75;uscore=5.36;tscore=2.49;
contig_9	Prodigal_v2.6.3	CDS	29832	31160	232.7	-	0	ID=48_32;partial=00;start_type=ATG;rbs_motif=AGGAGG;rbs_spacer=5-10bp;gc_cont=0.407;conf=99.99;score=232.69;cscore=214.13;sscore=18.56;rscore=13.75;uscore=2.32;tscore=2.49;
contig_9	Prodigal_v2.6.3	CDS	31304	32200	127.5	-	0	ID=48_33;partial=00;start_type=GTG;rbs_motif=AGGAG;rbs_spacer=5-10bp;gc_cont=0.370;conf=100.00;score=127.51;cscore=114.34;sscore=13.18;rscore=12.22;uscore=5.22;tscore=-3.61;
contig_9	Prodigal_v2.6.3	CDS	32498	33463	195.7	-	0	ID=48_34;partial=00;start_type=ATG;rbs_motif=AGGAG;rbs_spacer=5-10bp;gc_cont=0.390;conf=99.99;score=195.73;cscore=181.52;sscore=14.21;rscore=12.22;uscore=0.16;tscore=2.49;
contig_9	Prodigal_v2.6.3	CDS	33706	34152	60.5	+	0	ID=48_35;partial=00;start_type=ATG;rbs_motif=AGxAGG/AGGxGG;rbs_spacer=5-10bp;gc_cont=0.358;conf=100.00;score=60.50;cscore=45.70;sscore=14.80;rscore=9.68;uscore=2.63;tscore=2.49;
contig_9	Prodigal_v2.6.3	CDS	34175	35254	89.8	+	0	ID=48_36;partial=00;start_type=GTG;rbs_motif=AGGAGG;rbs_spacer=5-10bp;gc_cont=0.356;conf=100.00;score=89.84;cscore=76.41;sscore=13.42;rscore=13.75;uscore=2.25;tscore=-3.61;
contig_9	Prodigal_v2.6.3	CDS	35586	36674	246.9	-	0	ID=48_37;partial=00;start_type=ATG;rbs_motif=AGGAGG;rbs_spacer=5-10bp;gc_cont=0.397;conf=99.99;score=246.87;cscore=226.14;sscore=20.73;rscore=13.75;uscore=4.49;tscore=2.49;
contig_9	Prodigal_v2.6.3	CDS	36769	37254	95.6	-	0	ID=48_38;partial=00;start_type=ATG;rbs_motif=AGGAG;rbs_spacer=5-10bp;gc_cont=0.337;conf=100.00;score=95.57;cscore=76.47;sscore=19.10;rscore=12.22;uscore=5.05;tscore=2.49;
contig_9	Prodigal_v2.6.3	CDS	37360	37458	5.8	+	0	ID=48_39;partial=00;start_type=ATG;rbs_motif=AGxAGG/AGGxGG;rbs_spacer=5-10bp;gc_cont=0.343;conf=79.16;score=5.81;cscore=0.73;sscore=5.07;rscore=3.72;uscore=0.40;tscore=0.95;
contig_9	Prodigal_v2.6.3	CDS	37780	38043	38.5	-	0	ID=48_40;partial=00;start_type=ATG;rbs_motif=AGGAG;rbs_spacer=5-10bp;gc_cont=0.398;conf=99.99;score=38.52;cscore=23.74;sscore=14.78;rscore=12.22;uscore=0.07;tscore=2.49;
contig_9	Prodigal_v2.6.3	CDS	38190	38549	73.6	-	0	ID=48_41;partial=00;start_type=ATG;rbs_motif=AGGAGG;rbs_spacer=5-10bp;gc_cont=0.394;conf=100.00;score=73.58;cscore=54.81;sscore=18.77;rscore=13.75;uscore=1.88;tscore=2.49;
contig_9	Prodigal_v2.6.3	CDS	38607	38807	21.8	-	0	ID=48_42;partial=00;start_type=ATG;rbs_motif=AGGAGG;rbs_spacer=5-10bp;gc_cont=0.383;conf=99.33;score=21.76;cscore=6.99;sscore=14.77;rscore=10.89;uscore=0.97;tscore=1.97;
contig_9	Prodigal_v2.6.3	CDS	38839	39342	61.7	-	0	ID=48_43;partial=00;start_type=ATG;rbs_motif=None;rbs_spacer=None;gc_cont=0.423;conf=100.00;score=61.66;cscore=70.62;sscore=-8.95;rscore=-9.56;uscore=-1.23;tscore=2.49;
contig_9	Prodigal_v2.6.3	CDS	39758	41689	396.3	-	0	ID=48_44;partial=00;start_type=ATG;rbs_motif=AGGAG;rbs_spacer=5-10bp;gc_cont=0.384;conf=99.99;score=396.26;cscore=378.17;sscore=18.08;rscore=12.22;uscore=4.03;tscore=2.49;
contig_9	Prodigal_v2.6.3	CDS	42244	43113	120.4	-	0	ID=48_45;partial=00;start_type=ATG;rbs_motif=None;rbs_spacer=None;gc_cont=0.380;conf=100.00;score=120.41;cscore=129.17;sscore=-8.76;rscore=-9.56;uscore=-1.69;tscore=2.49;
contig_9	Prodigal_v2.6.3	CDS	43201	44559	206.1	-	0	ID=48_46;partial=00;start_type=TTG;rbs_motif=GGAG/GAGG;rbs_spacer=5-10bp;gc_cont=0.386;conf=99.99;score=206.06;cscore=199.31;sscore=6.75;rscore=8.24;uscore=2.17;tscore=-4.70;
contig_9	Prodigal_v2.6.3	CDS	44582	45052	81.6	-	0	ID=48_47;partial=00;start_type=ATG;rbs_motif=AGGAG;rbs_spacer=5-10bp;gc_cont=0.416;conf=100.00;score=81.57;cscore=66.20;sscore=15.38;rscore=12.22;uscore=1.32;tscore=2.49;
contig_9	Prodigal_v2.6.3	CDS	45240	46262	196.3	-	0	ID=48_48;partial=00;start_type=ATG;rbs_motif=AGGAGG;rbs_spacer=5-10bp;gc_cont=0.382;conf=99.99;score=196.25;cscore=179.50;sscore=16.75;rscore=13.75;uscore=1.16;tscore=2.49;
contig_9	Prodigal_v2.6.3	CDS	46466	47119	84.6	-	0	ID=48_49;partial=00;start_type=TTG;rbs_motif=None;rbs_spacer=None;gc_cont=0.387;conf=100.00;score=84.61;cscore=100.59;sscore=-15.98;rscore=-9.56;uscore=-1.73;tscore=-4.70;
contig_9	Prodigal_v2.6.3	CDS	47076	47948	125.5	-	0	ID=48_50;partial=00;start_type=ATG;rbs_motif=AGGAGG;rbs_spacer=5-10bp;gc_cont=0.397;conf=100.00;score=125.51;cscore=108.69;sscore=16.82;rscore=13.75;uscore=-0.56;tscore=2.49;
contig_9	Prodigal_v2.6.3	CDS	47961	50588	453.7	-	0	ID=48_51;partial=00;start_type=ATG;rbs_motif=AGGAGG;rbs_spacer=5-10bp;gc_cont=0.395;conf=99.99;score=453.74;cscore=438.37;sscore=15.37;rscore=13.75;uscore=-0.21;tscore=2.49;
contig_9	Prodigal_v2.6.3	CDS	50798	51157	66.7	-	0	ID=48_52;partial=00;start_type=ATG;rbs_motif=AGGAGG;rbs_spacer=5-10bp;gc_cont=0.375;conf=100.00;score=66.72;cscore=48.95;sscore=17.77;rscore=13.75;uscore=2.19;tscore=2.49;
contig_9	Prodigal_v2.6.3	CDS	51438	51857	30.4	-	0	ID=48_53;partial=00;start_type=TTG;rbs_motif=GGxGG;rbs_spacer=5-10bp;gc_cont=0.312;conf=99.91;score=30.41;cscore=24.83;sscore=5.57;rscore=6.77;uscore=4.15;tscore=-4.70;
contig_9	Prodigal_v2.6.3	CDS	52042	53052	167.2	-	0	ID=48_54;partial=00;start_type=ATG;rbs_motif=GGAG/GAGG;rbs_spacer=5-10bp;gc_cont=0.351;conf=100.00;score=167.19;cscore=152.38;sscore=14.81;rscore=8.24;uscore=2.80;tscore=2.49;
contig_9	Prodigal_v2.6.3	CDS	53052	54023	170.5	-	0	ID=48_55;partial=00;start_type=ATG;rbs_motif=AGGAGG;rbs_spacer=5-10bp;gc_cont=0.377;conf=100.00;score=170.48;cscore=153.88;sscore=16.60;rscore=13.75;uscore=0.36;tscore=2.49;
# Sequence Data: seqnum=49;seqlen=45300;seqhdr="contig_48"
# Model Data: version=Prodigal.v2.6.3;run_type=Single;model="Ab initio";gc_cont=37.70;transl_table=11;uses_sd=1
contig_48	Prodigal_v2.6.3	CDS	1	816	143.4	+	0	ID=49_1;partial=10;start_type=Edge;rbs_motif=None;rbs_spacer=None;gc_cont=0.434;conf=100.00;score=143.38;cscore=140.16;sscore=3.22;rscore=0.00;uscore=0.00;tscore=3.22;
contig_48	Prodigal_v2.6.3	CDS	864	1391	85.1	+	0	ID=49_2;partial=00;start_type=ATG;rbs_motif=GGA/GAG/AGG;rbs_spacer=11-12bp;gc_cont=0.481;conf=100.00;score=85.11;cscore=82.22;sscore=2.89;rscore=-0.79;uscore=0.43;tscore=2.49;
contig_48	Prodigal_v2.6.3	CDS	1425	2015	88.8	+	0	ID=49_3;partial=00;start_type=ATG;rbs_motif=GGA/GAG/AGG;rbs_spacer=5-10bp;gc_cont=0.367;conf=100.00;score=88.77;cscore=85.07;sscore=3.70;rscore=-0.45;uscore=0.75;tscore=2.49;
contig_48	Prodigal_v2.6.3	CDS	2424	3308	142.6	+	0	ID=49_4;partial=00;start_type=ATG;rbs_motif=AGxAGG/AGGxGG;rbs_spacer=5-10bp;gc_cont=0.416;conf=100.00;score=142.64;cscore=129.58;sscore=13.06;rscore=9.68;uscore=1.55;tscore=2.49;
contig_48	Prodigal_v2.6.3	CDS	3565	5415	292.2	+	0	ID=49_5;partial=00;start_type=ATG;rbs_motif=GGAG/GAGG;rbs_spacer=5-10bp;gc_cont=0.370;conf=99.99;score=292.20;cscore=279.85;sscore=12.35;rscore=8.24;uscore=2.27;tscore=2.49;
contig_48	Prodigal_v2.6.3	CDS	5520	6740	188.7	+	0	ID=49_6;partial=00;start_type=TTG;rbs_motif=AGGAGG;rbs_spacer=5-10bp;gc_cont=0.410;conf=99.99;score=188.68;cscore=179.23;sscore=9.45;rscore=13.75;uscore=0.40;tscore=-4.70;
contig_48	Prodigal_v2.6.3	CDS	6822	7814	122.0	+	0	ID=49_7;partial=00;start_type=TTG;rbs_motif=GGxGG;rbs_spacer=5-10bp;gc_cont=0.352;conf=100.00;score=122.05;cscore=117.80;sscore=4.25;rscore=6.77;uscore=2.17;tscore=-4.70;
contig_48	Prodigal_v2.6.3	CDS	7915	8850	158.3	+	0	ID=49_8;partial=00;start_type=TTG;rbs_motif=AGGAG;rbs_spacer=5-10bp;gc_cont=0.421;conf=100.00;score=158.29;cscore=146.39;sscore=11.90;rscore=12.22;uscore=4.38;tscore=-4.70;
contig_48	Prodigal_v2.6.3	CDS	8855	9337	52.7	+	0	ID=49_9;partial=00;start_type=ATG;rbs_motif=None;rbs_spacer=None;gc_cont=0.406;conf=100.00;score=52.67;cscore=58.93;sscore=-6.26;rscore=-9.56;uscore=-0.42;tscore=2.49;
contig_48	Prodigal_v2.6.3	CDS	9365	9553	19.6	+	0	ID=49_10;partial=00;start_type=ATG;rbs_motif=GGAG/GAGG;rbs_spacer=5-10bp;gc_cont=0.344;conf=98.90;score=19.55;cscore=8.74;sscore=10.81;rscore=6.13;uscore=1.85;tscore=1.85;
contig_48	Prodigal_v2.6.3	CDS	9576	10211	77.4	+	0	ID=49_11;partial=00;start_type=ATG;rbs_motif=None;rbs_spacer=None;gc_cont=0.392;conf=100.00;score=77.39;cscore=85.15;sscore=-7.76;rscore=-9.56;uscore=-1.73;tscore=2.49;
contig_48	Prodigal_v2.6.3	CDS	10229	10561	51.5	+	0	ID=49_12;partial=00;start_type=ATG;rbs_motif=AGGAG;rbs_spacer=5-10bp;gc_cont=0.411;conf=100.00;score=51.51;cscore=33.65;sscore=17.86;rscore=12.22;uscore=2.07;tscore=2.49;
contig_48	Prodigal_v2.6.3	CDS	10539	10760	19.8	+	0	ID=49_13;partial=00;start_type=TTG;rbs_motif=GGA/GAG/AGG;rbs_spacer=11-12bp;gc_cont=0.374;conf=98.95;score=19.79;cscore=31.13;sscore=-11.34;rscore=-0.90;uscore=-5.08;tscore=-5.36;
contig_48	Prodigal_v2.6.3	CDS	10781	11398	70.6	+	0	ID=49_14;partial=00;start_type=GTG;rbs_motif=None;rbs_spacer=None;gc_cont=0.432;conf=100.00;score=70.59;cscore=85.60;sscore=-15.01;rscore=-9.56;uscore=-2.89;tscore=-3.61;
contig_48	Prodigal_v2.6.3	CDS	11518	12027	100.3	-	0	ID=49_15;partial=00;start_type=ATG;rbs_motif=AGGAGG;rbs_spacer=5-10bp;gc_cont=0.373;conf=100.00;score=100.25;cscore=82.28;sscore=17.97;rscore=13.75;uscore=2.38;tscore=2.49;
contig_48	Prodigal_v2.6.3	CDS	12230	12991	116.2	-	0	ID=49_16;partial=00;start_type=TTG;rbs_motif=AGGAGG;rbs_spacer=5-10bp;gc_cont=0.403;conf=100.00;score=116.21;cscore=107.30;sscore=8.91;rscore=13.75;uscore=0.51;tscore=-4.70;
contig_48	Prodigal_v2.6.3	CDS	13407	15167	297.6	+	0	ID=49_17;partial=00;start_type=ATG;rbs_motif=AGGAG;rbs_spacer=5-10bp;gc_cont=0.386;conf=99.99;score=297.55;cscore=281.01;sscore=16.54;rscore=12.22;uscore=1.83;tscore=2.49;
contig_48	Prodigal_v2.6.3	CDS	15396	15815	49.7	+	0	ID=49_18;partial=00;start_type=ATG;rbs_motif=GGAG/GAGG;rbs_spacer=5-10bp;gc_cont=0.417;conf=100.00;score=49.72;cscore=37.30;sscore=12.42;rscore=8.24;uscore=2.34;tscore=2.49;
contig_48	Prodigal_v2.6.3	CDS	15855	16559	48.3	-	0	ID=49_19;partial=00;start_type=TTG;rbs_motif=None;rbs_spacer=None;gc_cont=0.401;conf=100.00;score=48.34;cscore=64.94;sscore=-16.61;rscore=-9.56;uscore=-3.24;tscore=-4.70;
contig_48	Prodigal_v2.6.3	CDS	16595	17329	68.5	-	0	ID=49_20;partial=00;start_type=ATG;rbs_motif=None;rbs_spacer=None;gc_cont=0.365;conf=100.00;score=68.47;cscore=71.72;sscore=-3.25;rscore=-9.56;uscore=3.82;tscore=2.49;
contig_48	Prodigal_v2.6.3	CDS	17496	18449	92.0	-	0	ID=49_21;partial=00;start_type=ATG;rbs_motif=GGAG/GAGG;rbs_spacer=5-10bp;gc_cont=0.374;conf=100.00;score=92.00;cscore=81.02;sscore=10.98;rscore=8.24;uscore=0.25;tscore=2.49;
contig_48	Prodigal_v2.6.3	CDS	18598	19101	79.8	-	0	ID=49_22;partial=00;start_type=ATG;rbs_motif=None;rbs_spacer=None;gc_cont=0.351;conf=100.00;score=79.75;cscore=86.72;sscore=-6.97;rscore=-9.56;uscore=-0.73;tscore=2.49;
contig_48	Prodigal_v2.6.3	CDS	19142	19489	61.7	-	0	ID=49_23;partial=00;start_type=ATG;rbs_motif=GGAG/GAGG;rbs_spacer=5-10bp;gc_cont=0.382;conf=100.00;score=61.66;cscore=46.70;sscore=14.96;rscore=8.24;uscore=2.98;tscore=2.49;
contig_48	Prodigal_v2.6.3	CDS	19482	20000	80.5	-	0	ID=49_24;partial=00;start_type=ATG;rbs_motif=AGGAG/GGAGG;rbs_spacer=11-12bp;gc_cont=0.372;conf=100.00;score=80.47;cscore=63.80;sscore=16.67;rscore=9.05;uscore=5.13;tscore=2.49;
contig_48	Prodigal_v2.6.3	CDS	20154	20921	84.2	-	0	ID=49_25;partial=00;start_type=GTG;rbs_motif=GGA/GAG/AGG;rbs_spacer=5-10bp;gc_cont=0.379;conf=100.00;score=84.23;cscore=86.93;sscore=-2.70;rscore=-0.45;uscore=2.01;tscore=-3.61;
contig_48	Prodigal_v2.6.3	CDS	21137	21562	55.8	+	0	ID=49_26;partial=00;start_type=ATG;rbs_motif=GGA/GAG/AGG;rbs_spacer=5-10bp;gc_cont=0.357;conf=100.00;score=55.80;cscore=50.64;sscore=5.16;rscore=-0.45;uscore=3.12;tscore=2.49;
contig_48	Prodigal_v2.6.3	CDS	21639	22634	159.6	+	0	ID=49_27;partial=00;start_type=ATG;rbs_motif=GGAG/GAGG;rbs_spacer=5-10bp;gc_cont=0.417;conf=100.00;score=159.60;cscore=147.45;sscore=12.15;rscore=8.24;uscore=1.42;tscore=2.49;
contig_48	Prodigal_v2.6.3	CDS	23345	23734	52.6	+	0	ID=49_28;partial=00;start_type=TTG;rbs_motif=AGGAG;rbs_spacer=5-10bp;gc_cont=0.400;conf=100.00;score=52.63;cscore=44.73;sscore=7.90;rscore=12.22;uscore=1.03;tscore=-4.70;
contig_48	Prodigal_v2.6.3	CDS	23731	24420	106.4	+	0	ID=49_29;partial=00;start_type=ATG;rbs_motif=GGAGG;rbs_spacer=5-10bp;gc_cont=0.355;conf=100.00;score=106.35;cscore=87.08;sscore=19.27;rscore=12.75;uscore=2.74;tscore=2.49;
contig_48	Prodigal_v2.6.3	CDS	24417	25244	57.8	+	0	ID=49_30;partial=00;start_type=ATG;rbs_motif=GGAGG;rbs_spacer=5-10bp;gc_cont=0.329;conf=100.00;score=57.83;cscore=39.31;sscore=18.52;rscore=12.75;uscore=1.98;tscore=2.49;
contig_48	Prodigal_v2.6.3	CDS	25258	26484	134.2	+	0	ID=49_31;partial=00;start_type=ATG;rbs_motif=AGGAGG;rbs_spacer=5-10bp;gc_cont=0.329;conf=100.00;score=134.18;cscore=114.78;sscore=19.40;rscore=13.75;uscore=2.03;tscore=2.49;
contig_48	Prodigal_v2.6.3	CDS	27003	28106	103.9	+	0	ID=49_32;partial=00;start_type=ATG;rbs_motif=AGGA;rbs_spacer=5-10bp;gc_cont=0.330;conf=100.00;score=103.86;cscore=95.09;sscore=8.77;rscore=4.23;uscore=2.71;tscore=2.49;
contig_48	Prodigal_v2.6.3	CDS	28739	29458	96.8	-	0	ID=49_33;partial=00;start_type=ATG;rbs_motif=None;rbs_spacer=None;gc_cont=0.335;conf=100.00;score=96.76;cscore=101.01;sscore=-4.24;rscore=-9.56;uscore=3.48;tscore=2.49;
contig_48	Prodigal_v2.6.3	CDS	29954	30214	9.3	+	0	ID=49_34;partial=00;start_type=ATG;rbs_motif=None;rbs_spacer=None;gc_cont=0.383;conf=89.43;score=9.29;cscore=18.01;sscore=-8.72;rscore=-9.56;uscore=-1.65;tscore=2.49;
contig_48	Prodigal_v2.6.3	CDS	30939	32039	162.1	+	0	ID=49_35;partial=00;start_type=TTG;rbs_motif=AGGAG;rbs_spacer=5-10bp;gc_cont=0.394;conf=100.00;score=162.11;cscore=158.11;sscore=4.00;rscore=12.22;uscore=-2.87;tscore=-4.70;
contig_48	Prodigal_v2.6.3	CDS	32045	32224	11.2	+	0	ID=49_36;partial=00;start_type=ATG;rbs_motif=4Base/6BMM;rbs_spacer=13-15bp;gc_cont=0.383;conf=92.93;score=11.20;cscore=12.63;sscore=-1.43;rscore=-5.62;uscore=1.22;tscore=1.76;
contig_48	Prodigal_v2.6.3	CDS	32203	32496	28.5	+	0	ID=49_37;partial=00;start_type=ATG;rbs_motif=GGAG/GAGG;rbs_spacer=5-10bp;gc_cont=0.401;conf=99.86;score=28.55;cscore=17.91;sscore=10.64;rscore=8.24;uscore=-0.09;tscore=2.49;
contig_48	Prodigal_v2.6.3	CDS	32826	33026	9.8	+	0	ID=49_38;partial=00;start_type=GTG;rbs_motif=AGGAG/GGAGG;rbs_spacer=11-12bp;gc_cont=0.428;conf=90.57;score=9.84;cscore=12.70;sscore=-2.86;rscore=7.17;uscore=-4.82;tscore=-4.56;
contig_48	Prodigal_v2.6.3	CDS	33026	33829	73.1	+	0	ID=49_39;partial=00;start_type=GTG;rbs_motif=AGGAGG;rbs_spacer=5-10bp;gc_cont=0.417;conf=100.00;score=73.10;cscore=61.67;sscore=11.43;rscore=13.75;uscore=-1.05;tscore=-3.61;
contig_48	Prodigal_v2.6.3	CDS	33847	34719	99.5	+	0	ID=49_40;partial=00;start_type=ATG;rbs_motif=GGAG/GAGG;rbs_spacer=5-10bp;gc_cont=0.427;conf=100.00;score=99.46;cscore=86.16;sscore=13.30;rscore=8.24;uscore=1.48;tscore=2.49;
contig_48	Prodigal_v2.6.3	CDS	34713	35525	83.9	+	0	ID=49_41;partial=00;start_type=ATG;rbs_motif=AGGAGG;rbs_spacer=5-10bp;gc_cont=0.383;conf=100.00;score=83.87;cscore=65.14;sscore=18.73;rscore=13.75;uscore=1.23;tscore=2.49;
contig_48	Prodigal_v2.6.3	CDS	35522	36718	124.9	+	0	ID=49_42;partial=00;start_type=ATG;rbs_motif=GGAG/GAGG;rbs_spacer=5-10bp;gc_cont=0.423;conf=100.00;score=124.86;cscore=112.84;sscore=12.02;rscore=8.24;uscore=-0.50;tscore=2.49;
contig_48	Prodigal_v2.6.3	CDS	36801	37436	112.0	+	0	ID=49_43;partial=00;start_type=ATG;rbs_motif=GGA/GAG/AGG;rbs_spacer=5-10bp;gc_cont=0.407;conf=100.00;score=111.96;cscore=110.16;sscore=1.80;rscore=-0.45;uscore=-0.24;tscore=2.49;
contig_48	Prodigal_v2.6.3	CDS	37485	38090	58.0	-	0	ID=49_44;partial=00;start_type=ATG;rbs_motif=GGAG/GAGG;rbs_spacer=5-10bp;gc_cont=0.345;conf=100.00;score=58.02;cscore=45.51;sscore=12.52;rscore=8.24;uscore=0.61;tscore=2.49;
contig_48	Prodigal_v2.6.3	CDS	38077	38400	43.3	-	0	ID=49_45;partial=00;start_type=GTG;rbs_motif=GGAG/GAGG;rbs_spacer=5-10bp;gc_cont=0.398;conf=100.00;score=43.29;cscore=37.21;sscore=6.09;rscore=8.24;uscore=1.46;tscore=-3.61;
contig_48	Prodigal_v2.6.3	CDS	38508	39134	89.6	-	0	ID=49_46;partial=00;start_type=ATG;rbs_motif=GGAG/GAGG;rbs_spacer=5-10bp;gc_cont=0.392;conf=100.00;score=89.56;cscore=78.49;sscore=11.06;rscore=8.24;uscore=0.99;tscore=2.49;
contig_48	Prodigal_v2.6.3	CDS	39298	39720	64.9	+	0	ID=49_47;partial=00;start_type=ATG;rbs_motif=AGGA;rbs_spacer=5-10bp;gc_cont=0.364;conf=100.00;score=64.90;cscore=55.09;sscore=9.81;rscore=4.23;uscore=3.10;tscore=2.49;
contig_48	Prodigal_v2.6.3	CDS	39816	40505	132.6	+	0	ID=49_48;partial=00;start_type=ATG;rbs_motif=AGGAG;rbs_spacer=5-10bp;gc_cont=0.413;conf=100.00;score=132.62;cscore=115.49;sscore=17.13;rscore=12.22;uscore=2.42;tscore=2.49;
contig_48	Prodigal_v2.6.3	CDS	40547	41563	148.7	+	0	ID=49_49;partial=00;start_type=GTG;rbs_motif=AGxAGG/AGGxGG;rbs_spacer=5-10bp;gc_cont=0.429;conf=100.00;score=148.68;cscore=143.30;sscore=5.38;rscore=9.68;uscore=-1.52;tscore=-3.61;
contig_48	Prodigal_v2.6.3	CDS	41815	42351	63.5	+	0	ID=49_50;partial=00;start_type=ATG;rbs_motif=AGxAGG/AGGxGG;rbs_spacer=11-12bp;gc_cont=0.318;conf=100.00;score=63.55;cscore=49.95;sscore=13.59;rscore=6.48;uscore=5.28;tscore=2.49;
contig_48	Prodigal_v2.6.3	CDS	42467	43273	110.1	-	0	ID=49_51;partial=00;start_type=ATG;rbs_motif=AGGA;rbs_spacer=5-10bp;gc_cont=0.325;conf=100.00;score=110.08;cscore=102.47;sscore=7.61;rscore=4.23;uscore=0.89;tscore=2.49;
contig_48	Prodigal_v2.6.3	CDS	43345	43665	26.6	-	0	ID=49_52;partial=00;start_type=TTG;rbs_motif=GGA/GAG/AGG;rbs_spacer=5-10bp;gc_cont=0.355;conf=99.78;score=26.61;cscore=29.74;sscore=-3.13;rscore=-0.45;uscore=2.01;tscore=-4.70;
contig_48	Prodigal_v2.6.3	CDS	43607	43978	24.5	-	0	ID=49_53;partial=00;start_type=ATG;rbs_motif=None;rbs_spacer=None;gc_cont=0.344;conf=99.64;score=24.47;cscore=29.06;sscore=-4.59;rscore=-9.56;uscore=2.48;tscore=2.49;
contig_48	Prodigal_v2.6.3	CDS	44056	44361	24.5	-	0	ID=49_54;partial=00;start_type=GTG;rbs_motif=GGA/GAG/AGG;rbs_spacer=5-10bp;gc_cont=0.386;conf=99.64;score=24.52;cscore=29.98;sscore=-5.46;rscore=-0.45;uscore=-1.40;tscore=-3.61;
contig_48	Prodigal_v2.6.3	CDS	44599	44835	33.4	-	0	ID=49_55;partial=00;start_type=ATG;rbs_motif=GGAGG;rbs_spacer=5-10bp;gc_cont=0.338;conf=99.95;score=33.45;cscore=19.07;sscore=14.38;rscore=11.94;uscore=0.77;tscore=2.33;
contig_48	Prodigal_v2.6.3	CDS	45213	45299	1.7	-	0	ID=49_56;partial=01;start_type=Edge;rbs_motif=None;rbs_spacer=None;gc_cont=0.276;conf=59.86;score=1.74;cscore=-0.98;sscore=2.72;rscore=0.00;uscore=0.00;tscore=3.22;
# Sequence Data: seqnum=50;seqlen=69327;seqhdr="contig_54"
# Model Data: version=Prodigal.v2.6.3;run_type=Single;model="Ab initio";gc_cont=37.70;transl_table=11;uses_sd=1
contig_54	Prodigal_v2.6.3	CDS	40	423	56.5	+	0	ID=50_1;partial=00;start_type=ATG;rbs_motif=AGGAGG;rbs_spacer=5-10bp;gc_cont=0.357;conf=100.00;score=56.46;cscore=46.10;sscore=10.35;rscore=13.75;uscore=-5.89;tscore=2.49;
contig_54	Prodigal_v2.6.3	CDS	479	883	40.8	-	0	ID=50_2;partial=00;start_type=GTG;rbs_motif=None;rbs_spacer=None;gc_cont=0.380;conf=99.99;score=40.76;cscore=53.51;sscore=-12.75;rscore=-9.56;uscore=0.42;tscore=-3.61;
contig_54	Prodigal_v2.6.3	CDS	985	1323	75.0	-	0	ID=50_3;partial=00;start_type=ATG;rbs_motif=GGAGG;rbs_spacer=5-10bp;gc_cont=0.354;conf=100.00;score=75.02;cscore=58.34;sscore=16.68;rscore=12.75;uscore=2.09;tscore=2.49;
contig_54	Prodigal_v2.6.3	CDS	1657	2097	74.0	+	0	ID=50_4;partial=00;start_type=ATG;rbs_motif=GGA/GAG/AGG;rbs_spacer=5-10bp;gc_cont=0.370;conf=100.00;score=74.00;cscore=67.01;sscore=6.99;rscore=-0.45;uscore=4.95;tscore=2.49;
contig_54	Prodigal_v2.6.3	CDS	2154	3032	90.0	-	0	ID=50_5;partial=00;start_type=TTG;rbs_motif=AGGA/GGAG/GAGG;rbs_spacer=11-12bp;gc_cont=0.363;conf=100.00;score=90.04;cscore=90.00;sscore=0.05;rscore=3.18;uscore=2.22;tscore=-4.70;
contig_54	Prodigal_v2.6.3	CDS	3456	4124	97.3	+	0	ID=50_6;partial=00;start_type=TTG;rbs_motif=AGGAGG;rbs_spacer=5-10bp;gc_cont=0.353;conf=100.00;score=97.28;cscore=87.57;sscore=9.71;rscore=13.75;uscore=0.66;tscore=-4.70;
contig_54	Prodigal_v2.6.3	CDS	4121	5494	182.9	+	0	ID=50_7;partial=00;start_type=ATG;rbs_motif=GGA/GAG/AGG;rbs_spacer=5-10bp;gc_cont=0.365;conf=99.99;score=182.91;cscore=179.12;sscore=3.78;rscore=-0.45;uscore=-1.99;tscore=2.49;
contig_54	Prodigal_v2.6.3	CDS	5606	6493	104.3	+	0	ID=50_8;partial=00;start_type=TTG;rbs_motif=GGAG/GAGG;rbs_spacer=5-10bp;gc_cont=0.369;conf=100.00;score=104.35;cscore=100.39;sscore=3.96;rscore=8.24;uscore=0.42;tscore=-4.70;
contig_54	Prodigal_v2.6.3	CDS	6513	6659	4.2	+	0	ID=50_9;partial=00;start_type=ATG;rbs_motif=GGAG/GAGG;rbs_spacer=5-10bp;gc_cont=0.381;conf=72.35;score=4.18;cscore=-2.80;sscore=6.98;rscore=4.75;uscore=0.24;tscore=1.43;
contig_54	Prodigal_v2.6.3	CDS	6613	7332	74.0	+	0	ID=50_10;partial=00;start_type=ATG;rbs_motif=GGxGG;rbs_spacer=11-12bp;gc_cont=0.375;conf=100.00;score=74.05;cscore=72.07;sscore=1.98;rscore=0.56;uscore=-1.07;tscore=2.49;
contig_54	Prodigal_v2.6.3	CDS	7345	7962	54.2	+	0	ID=50_11;partial=00;start_type=ATG;rbs_motif=GGAG/GAGG;rbs_spacer=5-10bp;gc_cont=0.372;conf=100.00;score=54.19;cscore=44.57;sscore=9.63;rscore=8.24;uscore=-2.24;tscore=2.49;
contig_54	Prodigal_v2.6.3	CDS	7981	9237	201.0	+	0	ID=50_12;partial=00;start_type=ATG;rbs_motif=AGGAG;rbs_spacer=5-10bp;gc_cont=0.360;conf=99.99;score=201.05;cscore=185.54;sscore=15.50;rscore=12.22;uscore=-0.28;tscore=2.49;
contig_54	Prodigal_v2.6.3	CDS	9307	10191	119.9	+	0	ID=50_13;partial=00;start_type=ATG;rbs_motif=GGAG/GAGG;rbs_spacer=5-10bp;gc_cont=0.385;conf=100.00;score=119.89;cscore=108.12;sscore=11.76;rscore=8.24;uscore=1.04;tscore=2.49;
contig_54	Prodigal_v2.6.3	CDS	10288	10446	12.5	+	0	ID=50_14;partial=00;start_type=ATG;rbs_motif=AGGAGG;rbs_spacer=5-10bp;gc_cont=0.384;conf=94.59;score=12.45;cscore=0.74;sscore=11.71;rscore=8.58;uscore=1.58;tscore=1.55;
contig_54	Prodigal_v2.6.3	CDS	10495	10674	2.4	-	0	ID=50_15;partial=00;start_type=ATG;rbs_motif=GGA/GAG/AGG;rbs_spacer=3-4bp;gc_cont=0.333;conf=63.58;score=2.42;cscore=12.59;sscore=-10.17;rscore=-11.17;uscore=-0.76;tscore=1.76;
contig_54	Prodigal_v2.6.3	CDS	11135	11914	74.6	-	0	ID=50_16;partial=00;start_type=ATG;rbs_motif=None;rbs_spacer=None;gc_cont=0.344;conf=100.00;score=74.60;cscore=70.82;sscore=3.78;rscore=-9.56;uscore=-0.30;tscore=2.49;
contig_54	Prodigal_v2.6.3	CDS	11911	12141	15.9	-	0	ID=50_17;partial=00;start_type=ATG;rbs_motif=GGAGG;rbs_spacer=5-10bp;gc_cont=0.398;conf=97.50;score=15.93;cscore=1.99;sscore=13.94;rscore=11.63;uscore=0.70;tscore=2.27;
contig_54	Prodigal_v2.6.3	CDS	12258	13160	104.1	+	0	ID=50_18;partial=00;start_type=ATG;rbs_motif=AGGAG;rbs_spacer=5-10bp;gc_cont=0.333;conf=100.00;score=104.13;cscore=88.32;sscore=15.81;rscore=12.22;uscore=1.10;tscore=2.49;
contig_54	Prodigal_v2.6.3	CDS	13258	13815	72.9	+	0	ID=50_19;partial=00;start_type=ATG;rbs_motif=AGGAG;rbs_spacer=5-10bp;gc_cont=0.358;conf=100.00;score=72.91;cscore=56.65;sscore=16.27;rscore=12.22;uscore=1.56;tscore=2.49;
contig_54	Prodigal_v2.6.3	CDS	13876	14523	88.4	+	0	ID=50_20;partial=00;start_type=ATG;rbs_motif=AGGAG;rbs_spacer=5-10bp;gc_cont=0.323;conf=100.00;score=88.35;cscore=74.90;sscore=13.45;rscore=12.22;uscore=-1.26;tscore=2.49;
contig_54	Prodigal_v2.6.3	CDS	14566	15210	89.7	-	0	ID=50_21;partial=00;start_type=ATG;rbs_motif=AGxAGG/AGGxGG;rbs_spacer=5-10bp;gc_cont=0.403;conf=100.00;score=89.74;cscore=76.33;sscore=13.41;rscore=9.68;uscore=0.49;tscore=2.49;
contig_54	Prodigal_v2.6.3	CDS	15258	15884	38.4	-	0	ID=50_22;partial=00;start_type=ATG;rbs_motif=GGAG/GAGG;rbs_spacer=5-10bp;gc_cont=0.343;conf=99.99;score=38.39;cscore=29.64;sscore=8.75;rscore=8.24;uscore=-1.97;tscore=2.49;
contig_54	Prodigal_v2.6.3	CDS	15990	16292	72.3	-	0	ID=50_23;partial=00;start_type=ATG;rbs_motif=AGGAG;rbs_spacer=5-10bp;gc_cont=0.363;conf=100.00;score=72.25;cscore=56.84;sscore=15.41;rscore=12.22;uscore=1.35;tscore=2.49;
contig_54	Prodigal_v2.6.3	CDS	16475	16597	8.7	-	0	ID=50_24;partial=00;start_type=ATG;rbs_motif=GGA/GAG/AGG;rbs_spacer=5-10bp;gc_cont=0.285;conf=88.07;score=8.69;cscore=7.14;sscore=1.55;rscore=-0.93;uscore=1.95;tscore=1.19;
contig_54	Prodigal_v2.6.3	CDS	16869	17603	113.2	+	0	ID=50_25;partial=00;start_type=ATG;rbs_motif=GGAGG;rbs_spacer=5-10bp;gc_cont=0.374;conf=100.00;score=113.23;cscore=100.91;sscore=12.32;rscore=12.75;uscore=-2.92;tscore=2.49;
contig_54	Prodigal_v2.6.3	CDS	17669	17920	30.8	-	0	ID=50_26;partial=00;start_type=GTG;rbs_motif=AGGAGG;rbs_spacer=5-10bp;gc_cont=0.385;conf=99.92;score=30.83;cscore=20.10;sscore=10.73;rscore=13.70;uscore=1.31;tscore=-3.62;
contig_54	Prodigal_v2.6.3	CDS	18026	18820	72.5	+	0	ID=50_27;partial=00;start_type=ATG;rbs_motif=GGAG/GAGG;rbs_spacer=5-10bp;gc_cont=0.372;conf=100.00;score=72.52;cscore=63.24;sscore=9.29;rscore=8.24;uscore=-1.44;tscore=2.49;
contig_54	Prodigal_v2.6.3	CDS	18839	19348	61.8	+	0	ID=50_28;partial=00;start_type=GTG;rbs_motif=AGGAG;rbs_spacer=5-10bp;gc_cont=0.367;conf=100.00;score=61.77;cscore=51.39;sscore=10.38;rscore=12.22;uscore=0.69;tscore=-3.61;
contig_54	Prodigal_v2.6.3	CDS	19363	20163	55.6	-	0	ID=50_29;partial=00;start_type=TTG;rbs_motif=AGGAGG;rbs_spacer=5-10bp;gc_cont=0.373;conf=100.00;score=55.62;cscore=44.22;sscore=11.40;rscore=13.75;uscore=1.21;tscore=-4.70;
contig_54	Prodigal_v2.6.3	CDS	20177	20659	41.4	-	0	ID=50_30;partial=00;start_type=ATG;rbs_motif=AGGA;rbs_spacer=5-10bp;gc_cont=0.352;conf=99.99;score=41.41;cscore=32.47;sscore=8.94;rscore=4.23;uscore=2.23;tscore=2.49;
contig_54	Prodigal_v2.6.3	CDS	20731	21621	109.4	-	0	ID=50_31;partial=00;start_type=ATG;rbs_motif=AGGAG;rbs_spacer=5-10bp;gc_cont=0.363;conf=100.00;score=109.35;cscore=97.17;sscore=12.18;rscore=12.22;uscore=-1.88;tscore=2.49;
contig_54	Prodigal_v2.6.3	CDS	21754	22119	20.1	+	0	ID=50_32;partial=00;start_type=GTG;rbs_motif=AGGAGG;rbs_spacer=5-10bp;gc_cont=0.407;conf=99.02;score=20.09;cscore=9.07;sscore=11.02;rscore=13.75;uscore=0.88;tscore=-3.61;
contig_54	Prodigal_v2.6.3	CDS	22421	24082	228.6	+	0	ID=50_33;partial=00;start_type=TTG;rbs_motif=GGAGG;rbs_spacer=5-10bp;gc_cont=0.401;conf=99.99;score=228.62;cscore=220.34;sscore=8.28;rscore=12.75;uscore=0.87;tscore=-4.70;
contig_54	Prodigal_v2.6.3	CDS	24141	24917	109.5	+	0	ID=50_34;partial=00;start_type=ATG;rbs_motif=AGxAGG/AGGxGG;rbs_spacer=5-10bp;gc_cont=0.380;conf=100.00;score=109.48;cscore=94.17;sscore=15.31;rscore=9.68;uscore=3.14;tscore=2.49;
contig_54	Prodigal_v2.6.3	CDS	24962	25447	58.3	-	0	ID=50_35;partial=00;start_type=GTG;rbs_motif=AGGAGG;rbs_spacer=5-10bp;gc_cont=0.344;conf=100.00;score=58.35;cscore=48.63;sscore=9.71;rscore=13.75;uscore=-1.59;tscore=-3.61;
contig_54	Prodigal_v2.6.3	CDS	25458	26849	167.2	-	0	ID=50_36;partial=00;start_type=ATG;rbs_motif=GGAGG;rbs_spacer=5-10bp;gc_cont=0.367;conf=100.00;score=167.15;cscore=150.60;sscore=16.55;rscore=12.75;uscore=1.96;tscore=2.49;
contig_54	Prodigal_v2.6.3	CDS	26963	27913	132.1	+	0	ID=50_37;partial=00;start_type=ATG;rbs_motif=AGxAGG/AGGxGG;rbs_spacer=5-10bp;gc_cont=0.351;conf=100.00;score=132.08;cscore=117.99;sscore=14.08;rscore=9.68;uscore=1.92;tscore=2.49;
contig_54	Prodigal_v2.6.3	CDS	27918	28811	70.5	+	0	ID=50_38;partial=00;start_type=ATG;rbs_motif=GGA/GAG/AGG;rbs_spacer=11-12bp;gc_cont=0.350;conf=100.00;score=70.50;cscore=66.15;sscore=4.35;rscore=-0.79;uscore=1.43;tscore=2.49;
contig_54	Prodigal_v2.6.3	CDS	28866	29231	53.2	+	0	ID=50_39;partial=00;start_type=ATG;rbs_motif=AGGAGG;rbs_spacer=5-10bp;gc_cont=0.347;conf=100.00;score=53.16;cscore=31.65;sscore=21.52;rscore=13.75;uscore=4.59;tscore=2.49;
contig_54	Prodigal_v2.6.3	CDS	29228	30022	65.6	-	0	ID=50_40;partial=00;start_type=ATG;rbs_motif=GGAG/GAGG;rbs_spacer=5-10bp;gc_cont=0.380;conf=100.00;score=65.60;cscore=53.62;sscore=11.98;rscore=8.24;uscore=1.90;tscore=2.49;
contig_54	Prodigal_v2.6.3	CDS	30135	30704	74.9	+	0	ID=50_41;partial=00;start_type=ATG;rbs_motif=GGAGG;rbs_spacer=5-10bp;gc_cont=0.388;conf=100.00;score=74.87;cscore=55.00;sscore=19.87;rscore=12.75;uscore=4.63;tscore=2.49;
contig_54	Prodigal_v2.6.3	CDS	30726	31190	53.3	+	0	ID=50_42;partial=00;start_type=TTG;rbs_motif=AGxAGG/AGGxGG;rbs_spacer=5-10bp;gc_cont=0.378;conf=100.00;score=53.27;cscore=41.21;sscore=12.06;rscore=9.68;uscore=6.03;tscore=-4.70;
contig_54	Prodigal_v2.6.3	CDS	31201	32031	116.0	+	0	ID=50_43;partial=00;start_type=ATG;rbs_motif=AGGAG;rbs_spacer=5-10bp;gc_cont=0.379;conf=100.00;score=116.03;cscore=99.76;sscore=16.27;rscore=12.22;uscore=0.40;tscore=2.49;
contig_54	Prodigal_v2.6.3	CDS	32236	33219	183.1	+	0	ID=50_44;partial=00;start_type=ATG;rbs_motif=GGAG/GAGG;rbs_spacer=5-10bp;gc_cont=0.395;conf=99.99;score=183.15;cscore=174.93;sscore=8.21;rscore=8.24;uscore=-1.86;tscore=2.49;
contig_54	Prodigal_v2.6.3	CDS	33375	34382	135.4	+	0	ID=50_45;partial=00;start_type=TTG;rbs_motif=GGA/GAG/AGG;rbs_spacer=5-10bp;gc_cont=0.405;conf=100.00;score=135.41;cscore=137.69;sscore=-2.28;rscore=-0.45;uscore=2.86;tscore=-4.70;
contig_54	Prodigal_v2.6.3	CDS	34375	35406	134.0	+	0	ID=50_46;partial=00;start_type=GTG;rbs_motif=GGAGG;rbs_spacer=5-10bp;gc_cont=0.383;conf=100.00;score=134.02;cscore=123.73;sscore=10.29;rscore=12.75;uscore=-0.10;tscore=-3.61;
contig_54	Prodigal_v2.6.3	CDS	35418	36215	124.5	+	0	ID=50_47;partial=00;start_type=GTG;rbs_motif=AGGAGG;rbs_spacer=5-10bp;gc_cont=0.391;conf=100.00;score=124.53;cscore=112.90;sscore=11.63;rscore=13.75;uscore=0.34;tscore=-3.61;
contig_54	Prodigal_v2.6.3	CDS	36215	36985	104.9	+	0	ID=50_48;partial=00;start_type=ATG;rbs_motif=AGGAGG;rbs_spacer=5-10bp;gc_cont=0.393;conf=100.00;score=104.88;cscore=87.36;sscore=17.52;rscore=13.75;uscore=-0.23;tscore=2.49;
contig_54	Prodigal_v2.6.3	CDS	37105	38676	178.4	+	0	ID=50_49;partial=00;start_type=ATG;rbs_motif=GGAGG;rbs_spacer=5-10bp;gc_cont=0.374;conf=99.99;score=178.41;cscore=162.53;sscore=15.87;rscore=12.75;uscore=0.63;tscore=2.49;
contig_54	Prodigal_v2.6.3	CDS	38759	39247	69.7	+	0	ID=50_50;partial=00;start_type=ATG;rbs_motif=GGAG/GAGG;rbs_spacer=5-10bp;gc_cont=0.380;conf=100.00;score=69.75;cscore=56.61;sscore=13.14;rscore=8.24;uscore=2.41;tscore=2.49;
contig_54	Prodigal_v2.6.3	CDS	39244	39888	66.3	+	0	ID=50_51;partial=00;start_type=TTG;rbs_motif=AGGAGG;rbs_spacer=5-10bp;gc_cont=0.374;conf=100.00;score=66.28;cscore=55.41;sscore=10.86;rscore=13.75;uscore=0.51;tscore=-4.70;
contig_54	Prodigal_v2.6.3	CDS	39961	40440	72.3	+	0	ID=50_52;partial=00;start_type=ATG;rbs_motif=AGxAGG/AGGxGG;rbs_spacer=5-10bp;gc_cont=0.377;conf=100.00;score=72.26;cscore=58.91;sscore=13.35;rscore=9.68;uscore=1.18;tscore=2.49;
contig_54	Prodigal_v2.6.3	CDS	40707	41219	95.2	+	0	ID=50_53;partial=00;start_type=ATG;rbs_motif=GGAGG;rbs_spacer=5-10bp;gc_cont=0.376;conf=100.00;score=95.23;cscore=73.43;sscore=21.80;rscore=12.75;uscore=7.21;tscore=2.49;
contig_54	Prodigal_v2.6.3	CDS	41299	41916	88.4	-	0	ID=50_54;partial=00;start_type=ATG;rbs_motif=AGxAGG/AGGxGG;rbs_spacer=5-10bp;gc_cont=0.422;conf=100.00;score=88.45;cscore=71.15;sscore=17.29;rscore=9.68;uscore=5.13;tscore=2.49;
contig_54	Prodigal_v2.6.3	CDS	42080	43267	124.7	-	0	ID=50_55;partial=00;start_type=ATG;rbs_motif=GGA/GAG/AGG;rbs_spacer=11-12bp;gc_cont=0.359;conf=100.00;score=124.69;cscore=120.31;sscore=4.38;rscore=-0.79;uscore=3.34;tscore=2.49;
contig_54	Prodigal_v2.6.3	CDS	43503	44153	80.8	+	0	ID=50_56;partial=00;start_type=ATG;rbs_motif=GGAGG;rbs_spacer=5-10bp;gc_cont=0.393;conf=100.00;score=80.80;cscore=62.99;sscore=17.81;rscore=12.75;uscore=2.57;tscore=2.49;
contig_54	Prodigal_v2.6.3	CDS	44238	44810	60.6	+	0	ID=50_57;partial=00;start_type=GTG;rbs_motif=AGGAGG;rbs_spacer=5-10bp;gc_cont=0.366;conf=100.00;score=60.63;cscore=48.50;sscore=12.14;rscore=13.75;uscore=1.99;tscore=-3.61;
contig_54	Prodigal_v2.6.3	CDS	44803	45084	52.1	+	0	ID=50_58;partial=00;start_type=ATG;rbs_motif=AGGAGG;rbs_spacer=5-10bp;gc_cont=0.351;conf=100.00;score=52.13;cscore=35.86;sscore=16.27;rscore=13.75;uscore=-1.22;tscore=2.49;
contig_54	Prodigal_v2.6.3	CDS	45096	45830	101.2	+	0	ID=50_59;partial=00;start_type=ATG;rbs_motif=AGxAGG/AGGxGG;rbs_spacer=5-10bp;gc_cont=0.336;conf=100.00;score=101.18;cscore=88.10;sscore=13.08;rscore=9.68;uscore=-0.24;tscore=2.49;
contig_54	Prodigal_v2.6.3	CDS	46042	46191	11.1	-	0	ID=50_60;partial=00;start_type=ATG;rbs_motif=AGGAGG;rbs_spacer=5-10bp;gc_cont=0.380;conf=92.84;score=11.15;cscore=0.37;sscore=10.78;rscore=8.09;uscore=1.88;tscore=1.46;
contig_54	Prodigal_v2.6.3	CDS	46361	47554	198.5	+	0	ID=50_61;partial=00;start_type=ATG;rbs_motif=AGGAG;rbs_spacer=5-10bp;gc_cont=0.405;conf=99.99;score=198.51;cscore=182.94;sscore=15.57;rscore=12.22;uscore=0.86;tscore=2.49;
contig_54	Prodigal_v2.6.3	CDS	47575	48117	49.9	-	0	ID=50_62;partial=00;start_type=ATG;rbs_motif=GGAGG;rbs_spacer=5-10bp;gc_cont=0.363;conf=100.00;score=49.92;cscore=32.12;sscore=17.80;rscore=12.75;uscore=1.29;tscore=2.49;
contig_54	Prodigal_v2.6.3	CDS	48119	49201	105.1	-	0	ID=50_63;partial=00;start_type=TTG;rbs_motif=AGGAG;rbs_spacer=5-10bp;gc_cont=0.396;conf=100.00;score=105.08;cscore=98.14;sscore=6.94;rscore=12.22;uscore=0.07;tscore=-4.70;
contig_54	Prodigal_v2.6.3	CDS	49594	50664	156.6	+	0	ID=50_64;partial=00;start_type=TTG;rbs_motif=AGGAGG;rbs_spacer=5-10bp;gc_cont=0.425;conf=100.00;score=156.61;cscore=150.23;sscore=6.38;rscore=13.75;uscore=-2.68;tscore=-4.70;
contig_54	Prodigal_v2.6.3	CDS	50682	50909	24.1	+	0	ID=50_65;partial=00;start_type=ATG;rbs_motif=AGGAG;rbs_spacer=5-10bp;gc_cont=0.364;conf=99.61;score=24.15;cscore=7.54;sscore=16.61;rscore=11.00;uscore=2.28;tscore=2.24;
contig_54	Prodigal_v2.6.3	CDS	50857	51108	20.6	+	0	ID=50_66;partial=00;start_type=ATG;rbs_motif=AGGA/GGAG/GAGG;rbs_spacer=11-12bp;gc_cont=0.357;conf=99.13;score=20.59;cscore=14.04;sscore=6.55;rscore=3.16;uscore=0.91;tscore=2.48;
contig_54	Prodigal_v2.6.3	CDS	51124	51456	39.1	+	0	ID=50_67;partial=00;start_type=ATG;rbs_motif=AGGAG;rbs_spacer=5-10bp;gc_cont=0.381;conf=99.99;score=39.11;cscore=23.82;sscore=15.29;rscore=12.22;uscore=-0.53;tscore=2.49;
contig_54	Prodigal_v2.6.3	CDS	51396	51770	43.6	+	0	ID=50_68;partial=00;start_type=TTG;rbs_motif=GGA/GAG/AGG;rbs_spacer=11-12bp;gc_cont=0.368;conf=100.00;score=43.57;cscore=49.61;sscore=-6.05;rscore=-0.79;uscore=-0.56;tscore=-4.70;
contig_54	Prodigal_v2.6.3	CDS	52177	52380	7.2	+	0	ID=50_69;partial=00;start_type=ATG;rbs_motif=GGAG/GAGG;rbs_spacer=5-10bp;gc_cont=0.436;conf=84.02;score=7.22;cscore=-0.12;sscore=7.34;rscore=6.63;uscore=-0.13;tscore=2.00;
contig_54	Prodigal_v2.6.3	CDS	52435	53811	168.1	+	0	ID=50_70;partial=00;start_type=ATG;rbs_motif=AGGA;rbs_spacer=5-10bp;gc_cont=0.391;conf=100.00;score=168.06;cscore=160.46;sscore=7.60;rscore=4.23;uscore=0.21;tscore=2.49;
contig_54	Prodigal_v2.6.3	CDS	53862	54053	23.0	-	0	ID=50_71;partial=00;start_type=GTG;rbs_motif=GGA/GAG/AGG;rbs_spacer=5-10bp;gc_cont=0.333;conf=99.50;score=23.03;cscore=27.14;sscore=-4.10;rscore=-0.59;uscore=1.26;tscore=-4.77;
contig_54	Prodigal_v2.6.3	CDS	54119	55432	229.1	-	0	ID=50_72;partial=00;start_type=ATG;rbs_motif=AGGAG;rbs_spacer=5-10bp;gc_cont=0.386;conf=99.99;score=229.14;cscore=210.50;sscore=18.65;rscore=12.22;uscore=4.59;tscore=2.49;
contig_54	Prodigal_v2.6.3	CDS	56026	57435	257.5	-	0	ID=50_73;partial=00;start_type=ATG;rbs_motif=None;rbs_spacer=None;gc_cont=0.390;conf=99.99;score=257.46;cscore=253.69;sscore=3.77;rscore=-9.56;uscore=-0.24;tscore=2.49;
contig_54	Prodigal_v2.6.3	CDS	57435	57719	14.9	-	0	ID=50_74;partial=00;start_type=ATG;rbs_motif=AGGA;rbs_spacer=5-10bp;gc_cont=0.333;conf=96.87;score=14.94;cscore=7.05;sscore=7.88;rscore=4.23;uscore=1.82;tscore=2.49;
contig_54	Prodigal_v2.6.3	CDS	58031	58525	34.3	+	0	ID=50_75;partial=00;start_type=ATG;rbs_motif=GGxGG;rbs_spacer=5-10bp;gc_cont=0.319;conf=99.96;score=34.28;cscore=20.27;sscore=14.00;rscore=6.77;uscore=4.74;tscore=2.49;
contig_54	Prodigal_v2.6.3	CDS	58752	59342	67.4	+	0	ID=50_76;partial=00;start_type=TTG;rbs_motif=AGxAGG/AGGxGG;rbs_spacer=5-10bp;gc_cont=0.345;conf=100.00;score=67.42;cscore=60.25;sscore=7.17;rscore=9.68;uscore=2.85;tscore=-4.70;
contig_54	Prodigal_v2.6.3	CDS	59314	60432	153.1	+	0	ID=50_77;partial=00;start_type=ATG;rbs_motif=AGGAGG;rbs_spacer=5-10bp;gc_cont=0.359;conf=100.00;score=153.10;cscore=133.90;sscore=19.19;rscore=13.75;uscore=2.96;tscore=2.49;
contig_54	Prodigal_v2.6.3	CDS	60610	61590	159.4	+	0	ID=50_78;partial=00;start_type=ATG;rbs_motif=GGA/GAG/AGG;rbs_spacer=5-10bp;gc_cont=0.391;conf=100.00;score=159.42;cscore=154.11;sscore=5.31;rscore=-0.45;uscore=3.27;tscore=2.49;
contig_54	Prodigal_v2.6.3	CDS	61640	62077	64.3	-	0	ID=50_79;partial=00;start_type=ATG;rbs_motif=AGxAGG/AGGxGG;rbs_spacer=5-10bp;gc_cont=0.374;conf=100.00;score=64.25;cscore=48.21;sscore=16.04;rscore=9.68;uscore=4.53;tscore=2.49;
contig_54	Prodigal_v2.6.3	CDS	62268	63434	217.5	+	0	ID=50_80;partial=00;start_type=ATG;rbs_motif=AGGA/GGAG/GAGG;rbs_spacer=11-12bp;gc_cont=0.362;conf=99.99;score=217.53;cscore=209.21;sscore=8.32;rscore=3.18;uscore=2.66;tscore=2.49;
contig_54	Prodigal_v2.6.3	CDS	63655	63879	37.5	+	0	ID=50_81;partial=00;start_type=ATG;rbs_motif=AGxAGG/AGGxGG;rbs_spacer=5-10bp;gc_cont=0.422;conf=99.98;score=37.51;cscore=26.10;sscore=11.41;rscore=8.59;uscore=1.26;tscore=2.21;
contig_54	Prodigal_v2.6.3	CDS	63921	64262	45.8	+	0	ID=50_82;partial=00;start_type=ATG;rbs_motif=AGGAGG;rbs_spacer=5-10bp;gc_cont=0.406;conf=100.00;score=45.83;cscore=25.22;sscore=20.61;rscore=13.75;uscore=3.55;tscore=2.49;
contig_54	Prodigal_v2.6.3	CDS	64275	64571	48.9	+	0	ID=50_83;partial=00;start_type=GTG;rbs_motif=AGGAGG;rbs_spacer=5-10bp;gc_cont=0.414;conf=100.00;score=48.93;cscore=39.76;sscore=9.17;rscore=13.75;uscore=-2.11;tscore=-3.61;
contig_54	Prodigal_v2.6.3	CDS	64638	65186	99.4	+	0	ID=50_84;partial=00;start_type=ATG;rbs_motif=AGGAG/GGAGG;rbs_spacer=11-12bp;gc_cont=0.403;conf=100.00;score=99.36;cscore=85.77;sscore=13.59;rscore=9.05;uscore=2.06;tscore=2.49;
contig_54	Prodigal_v2.6.3	CDS	65204	65599	84.9	+	0	ID=50_85;partial=00;start_type=ATG;rbs_motif=GGAGG;rbs_spacer=5-10bp;gc_cont=0.407;conf=100.00;score=84.91;cscore=66.50;sscore=18.40;rscore=12.75;uscore=2.08;tscore=2.49;
contig_54	Prodigal_v2.6.3	CDS	65679	66680	176.4	+	0	ID=50_86;partial=00;start_type=ATG;rbs_motif=GGxGG;rbs_spacer=5-10bp;gc_cont=0.376;conf=100.00;score=176.40;cscore=164.81;sscore=11.59;rscore=6.77;uscore=2.33;tscore=2.49;
contig_54	Prodigal_v2.6.3	CDS	66674	66808	1.5	+	0	ID=50_87;partial=00;start_type=GTG;rbs_motif=3Base/5BMM;rbs_spacer=13-15bp;gc_cont=0.415;conf=58.79;score=1.55;cscore=17.08;sscore=-15.53;rscore=-12.19;uscore=2.23;tscore=-6.84;
contig_54	Prodigal_v2.6.3	CDS	66839	67180	44.8	+	0	ID=50_88;partial=00;start_type=ATG;rbs_motif=GGA/GAG/AGG;rbs_spacer=5-10bp;gc_cont=0.374;conf=100.00;score=44.84;cscore=42.60;sscore=2.24;rscore=-0.45;uscore=-0.74;tscore=2.49;
contig_54	Prodigal_v2.6.3	CDS	67261	68037	105.1	+	0	ID=50_89;partial=00;start_type=ATG;rbs_motif=AGxAGG/AGGxGG;rbs_spacer=5-10bp;gc_cont=0.395;conf=100.00;score=105.11;cscore=92.48;sscore=12.63;rscore=9.68;uscore=0.46;tscore=2.49;
contig_54	Prodigal_v2.6.3	CDS	68050	68715	96.3	+	0	ID=50_90;partial=00;start_type=ATG;rbs_motif=AGxAGG/AGGxGG;rbs_spacer=5-10bp;gc_cont=0.392;conf=100.00;score=96.31;cscore=82.61;sscore=13.70;rscore=9.68;uscore=0.39;tscore=2.49;
contig_54	Prodigal_v2.6.3	CDS	68990	69325	61.5	+	0	ID=50_91;partial=01;start_type=ATG;rbs_motif=AGxAGG/AGGxGG;rbs_spacer=5-10bp;gc_cont=0.435;conf=100.00;score=61.53;cscore=48.65;sscore=12.89;rscore=9.68;uscore=1.37;tscore=2.49;
# Sequence Data: seqnum=51;seqlen=82640;seqhdr="contig_29"
# Model Data: version=Prodigal.v2.6.3;run_type=Single;model="Ab initio";gc_cont=37.70;transl_table=11;uses_sd=1
contig_29	Prodigal_v2.6.3	CDS	1	843	183.8	+	0	ID=51_1;partial=10;start_type=Edge;rbs_motif=None;rbs_spacer=None;gc_cont=0.387;conf=99.99;score=183.78;cscore=180.56;sscore=3.22;rscore=0.00;uscore=0.00;tscore=3.22;
contig_29	Prodigal_v2.6.3	CDS	961	1296	27.1	+	0	ID=51_2;partial=00;start_type=ATG;rbs_motif=None;rbs_spacer=None;gc_cont=0.399;conf=99.81;score=27.14;cscore=34.78;sscore=-7.64;rscore=-9.56;uscore=-0.57;tscore=2.49;
contig_29	Prodigal_v2.6.3	CDS	1416	1979	67.6	+	0	ID=51_3;partial=00;start_type=ATG;rbs_motif=AGxAGG/AGGxGG;rbs_spacer=5-10bp;gc_cont=0.342;conf=100.00;score=67.63;cscore=55.59;sscore=12.04;rscore=9.68;uscore=-0.12;tscore=2.49;
contig_29	Prodigal_v2.6.3	CDS	2845	4176	168.6	+	0	ID=51_4;partial=00;start_type=ATG;rbs_motif=GGA/GAG/AGG;rbs_spacer=5-10bp;gc_cont=0.405;conf=100.00;score=168.65;cscore=165.11;sscore=3.54;rscore=-0.45;uscore=2.15;tscore=2.49;
contig_29	Prodigal_v2.6.3	CDS	4173	5354	207.9	+	0	ID=51_5;partial=00;start_type=ATG;rbs_motif=AGGAG;rbs_spacer=5-10bp;gc_cont=0.410;conf=99.99;score=207.88;cscore=188.36;sscore=19.52;rscore=12.22;uscore=3.52;tscore=2.49;
contig_29	Prodigal_v2.6.3	CDS	5863	6114	5.1	-	0	ID=51_6;partial=00;start_type=GTG;rbs_motif=AGGA/GGAG/GAGG;rbs_spacer=11-12bp;gc_cont=0.385;conf=76.16;score=5.05;cscore=6.10;sscore=-1.04;rscore=3.16;uscore=-0.58;tscore=-3.62;
contig_29	Prodigal_v2.6.3	CDS	6078	6458	19.7	-	0	ID=51_7;partial=00;start_type=ATG;rbs_motif=None;rbs_spacer=None;gc_cont=0.402;conf=98.93;score=19.69;cscore=30.07;sscore=-10.38;rscore=-9.56;uscore=-2.65;tscore=2.49;
contig_29	Prodigal_v2.6.3	CDS	6602	6937	31.2	+	0	ID=51_8;partial=00;start_type=ATG;rbs_motif=None;rbs_spacer=None;gc_cont=0.312;conf=99.92;score=31.17;cscore=35.46;sscore=-4.29;rscore=-9.56;uscore=2.78;tscore=2.49;
contig_29	Prodigal_v2.6.3	CDS	6958	7911	136.0	+	0	ID=51_9;partial=00;start_type=ATG;rbs_motif=GGxGG;rbs_spacer=5-10bp;gc_cont=0.361;conf=100.00;score=136.04;cscore=123.26;sscore=12.79;rscore=6.77;uscore=2.47;tscore=2.49;
contig_29	Prodigal_v2.6.3	CDS	7978	8310	68.5	+	0	ID=51_10;partial=00;start_type=ATG;rbs_motif=AGGAGG;rbs_spacer=5-10bp;gc_cont=0.375;conf=100.00;score=68.53;cscore=50.35;sscore=18.18;rscore=13.75;uscore=1.94;tscore=2.49;
contig_29	Prodigal_v2.6.3	CDS	8342	8548	51.8	+	0	ID=51_11;partial=00;start_type=ATG;rbs_motif=AGGAG;rbs_spacer=5-10bp;gc_cont=0.343;conf=100.00;score=51.79;cscore=34.08;sscore=17.71;rscore=9.97;uscore=4.77;tscore=2.03;
contig_29	Prodigal_v2.6.3	CDS	8629	8757	11.3	+	0	ID=51_12;partial=00;start_type=ATG;rbs_motif=GGAG/GAGG;rbs_spacer=5-10bp;gc_cont=0.364;conf=93.04;score=11.28;cscore=5.09;sscore=6.19;rscore=4.15;uscore=0.78;tscore=1.25;
contig_29	Prodigal_v2.6.3	CDS	8873	11038	419.9	+	0	ID=51_13;partial=00;start_type=ATG;rbs_motif=None;rbs_spacer=None;gc_cont=0.399;conf=99.99;score=419.85;cscore=425.88;sscore=-6.03;rscore=-9.56;uscore=1.04;tscore=2.49;
contig_29	Prodigal_v2.6.3	CDS	11237	11872	80.4	+	0	ID=51_14;partial=00;start_type=GTG;rbs_motif=AGGAGG;rbs_spacer=5-10bp;gc_cont=0.349;conf=100.00;score=80.42;cscore=70.15;sscore=10.27;rscore=13.75;uscore=0.78;tscore=-3.61;
contig_29	Prodigal_v2.6.3	CDS	11872	12540	118.5	+	0	ID=51_15;partial=00;start_type=ATG;rbs_motif=AGGAG;rbs_spacer=5-10bp;gc_cont=0.357;conf=100.00;score=118.46;cscore=98.96;sscore=19.49;rscore=12.22;uscore=3.50;tscore=2.49;
contig_29	Prodigal_v2.6.3	CDS	12648	13157	84.4	+	0	ID=51_16;partial=00;start_type=TTG;rbs_motif=GGA/GAG/AGG;rbs_spacer=5-10bp;gc_cont=0.414;conf=100.00;score=84.41;cscore=88.62;sscore=-4.22;rscore=-0.45;uscore=0.93;tscore=-4.70;
contig_29	Prodigal_v2.6.3	CDS	13296	14204	137.7	+	0	ID=51_17;partial=00;start_type=ATG;rbs_motif=GGAG/GAGG;rbs_spacer=5-10bp;gc_cont=0.372;conf=100.00;score=137.70;cscore=121.00;sscore=16.70;rscore=8.24;uscore=5.98;tscore=2.49;
contig_29	Prodigal_v2.6.3	CDS	14304	14924	121.3	+	0	ID=51_18;partial=00;start_type=ATG;rbs_motif=GGA/GAG/AGG;rbs_spacer=5-10bp;gc_cont=0.414;conf=100.00;score=121.29;cscore=117.29;sscore=4.01;rscore=-0.45;uscore=1.97;tscore=2.49;
contig_29	Prodigal_v2.6.3	CDS	14970	16244	215.9	-	0	ID=51_19;partial=00;start_type=TTG;rbs_motif=GGAGG;rbs_spacer=5-10bp;gc_cont=0.373;conf=99.99;score=215.87;cscore=204.16;sscore=11.71;rscore=12.75;uscore=2.84;tscore=-4.70;
contig_29	Prodigal_v2.6.3	CDS	16287	16616	22.2	-	0	ID=51_20;partial=00;start_type=GTG;rbs_motif=None;rbs_spacer=None;gc_cont=0.355;conf=99.40;score=22.24;cscore=39.29;sscore=-17.06;rscore=-9.56;uscore=-3.89;tscore=-3.61;
contig_29	Prodigal_v2.6.3	CDS	16691	17215	89.5	-	0	ID=51_21;partial=00;start_type=ATG;rbs_motif=GGAG/GAGG;rbs_spacer=5-10bp;gc_cont=0.352;conf=100.00;score=89.55;cscore=75.59;sscore=13.96;rscore=8.24;uscore=1.96;tscore=2.49;
contig_29	Prodigal_v2.6.3	CDS	17216	18475	160.6	-	0	ID=51_22;partial=00;start_type=TTG;rbs_motif=GGAGG;rbs_spacer=5-10bp;gc_cont=0.338;conf=100.00;score=160.62;cscore=150.79;sscore=9.83;rscore=12.75;uscore=2.43;tscore=-4.70;
contig_29	Prodigal_v2.6.3	CDS	19272	21056	268.1	+	0	ID=51_23;partial=00;start_type=GTG;rbs_motif=AGGAG/GGAGG;rbs_spacer=11-12bp;gc_cont=0.399;conf=99.99;score=268.14;cscore=258.01;sscore=10.13;rscore=9.05;uscore=4.69;tscore=-3.61;
contig_29	Prodigal_v2.6.3	CDS	21077	21391	75.7	+	0	ID=51_24;partial=00;start_type=ATG;rbs_motif=AGGAGG;rbs_spacer=5-10bp;gc_cont=0.387;conf=100.00;score=75.71;cscore=56.57;sscore=19.14;rscore=13.75;uscore=1.85;tscore=2.49;
contig_29	Prodigal_v2.6.3	CDS	21403	21999	87.3	+	0	ID=51_25;partial=00;start_type=ATG;rbs_motif=AGGAGG;rbs_spacer=5-10bp;gc_cont=0.405;conf=100.00;score=87.34;cscore=73.55;sscore=13.80;rscore=13.75;uscore=-3.59;tscore=2.49;
contig_29	Prodigal_v2.6.3	CDS	22013	22228	35.1	+	0	ID=51_26;partial=00;start_type=ATG;rbs_motif=GGAG/GAGG;rbs_spacer=5-10bp;gc_cont=0.301;conf=99.97;score=35.07;cscore=26.45;sscore=8.62;rscore=7.02;uscore=-1.65;tscore=2.12;
contig_29	Prodigal_v2.6.3	CDS	22304	22576	29.4	+	0	ID=51_27;partial=00;start_type=ATG;rbs_motif=AGxAGG/AGGxGG;rbs_spacer=5-10bp;gc_cont=0.308;conf=99.88;score=29.44;cscore=14.94;sscore=14.49;rscore=9.68;uscore=2.33;tscore=2.49;
contig_29	Prodigal_v2.6.3	CDS	27808	28245	65.2	+	0	ID=51_28;partial=00;start_type=ATG;rbs_motif=GGA/GAG/AGG;rbs_spacer=11-12bp;gc_cont=0.329;conf=100.00;score=65.19;cscore=60.46;sscore=4.73;rscore=-0.79;uscore=3.69;tscore=2.49;
contig_29	Prodigal_v2.6.3	CDS	28515	29312	74.9	+	0	ID=51_29;partial=00;start_type=GTG;rbs_motif=None;rbs_spacer=None;gc_cont=0.377;conf=100.00;score=74.86;cscore=85.34;sscore=-10.49;rscore=-9.56;uscore=3.33;tscore=-3.61;
contig_29	Prodigal_v2.6.3	CDS	29276	29743	52.2	+	0	ID=51_30;partial=00;start_type=ATG;rbs_motif=None;rbs_spacer=None;gc_cont=0.370;conf=100.00;score=52.19;cscore=59.84;sscore=-7.65;rscore=-9.56;uscore=-0.57;tscore=2.49;
contig_29	Prodigal_v2.6.3	CDS	29764	29949	14.9	+	0	ID=51_31;partial=00;start_type=ATG;rbs_motif=None;rbs_spacer=None;gc_cont=0.387;conf=96.85;score=14.89;cscore=22.56;sscore=-7.66;rscore=-13.06;uscore=2.52;tscore=1.82;
contig_29	Prodigal_v2.6.3	CDS	29967	30329	67.3	+	0	ID=51_32;partial=00;start_type=ATG;rbs_motif=GGAGG;rbs_spacer=5-10bp;gc_cont=0.358;conf=100.00;score=67.29;cscore=47.95;sscore=19.34;rscore=12.75;uscore=3.01;tscore=2.49;
contig_29	Prodigal_v2.6.3	CDS	30304	30597	43.0	+	0	ID=51_33;partial=00;start_type=GTG;rbs_motif=GGAG/GAGG;rbs_spacer=5-10bp;gc_cont=0.381;conf=99.99;score=43.00;cscore=39.07;sscore=3.93;rscore=8.24;uscore=-0.70;tscore=-3.61;
contig_29	Prodigal_v2.6.3	CDS	30875	31204	26.7	+	0	ID=51_34;partial=00;start_type=ATG;rbs_motif=GGA/GAG/AGG;rbs_spacer=5-10bp;gc_cont=0.409;conf=99.78;score=26.65;cscore=22.08;sscore=4.57;rscore=-0.45;uscore=3.18;tscore=2.49;
contig_29	Prodigal_v2.6.3	CDS	31314	31754	58.3	+	0	ID=51_35;partial=00;start_type=TTG;rbs_motif=GGxGG;rbs_spacer=5-10bp;gc_cont=0.358;conf=100.00;score=58.34;cscore=54.07;sscore=4.27;rscore=6.77;uscore=2.19;tscore=-4.70;
contig_29	Prodigal_v2.6.3	CDS	31943	32164	0.6	+	0	ID=51_36;partial=00;start_type=ATG;rbs_motif=None;rbs_spacer=None;gc_cont=0.342;conf=53.39;score=0.59;cscore=11.88;sscore=-11.28;rscore=-10.91;uscore=-1.90;tscore=2.18;
contig_29	Prodigal_v2.6.3	CDS	32202	32894	89.0	+	0	ID=51_37;partial=00;start_type=ATG;rbs_motif=GGAG/GAGG;rbs_spacer=5-10bp;gc_cont=0.372;conf=100.00;score=89.02;cscore=76.97;sscore=12.05;rscore=8.24;uscore=0.45;tscore=2.49;
contig_29	Prodigal_v2.6.3	CDS	32939	33703	108.1	+	0	ID=51_38;partial=00;start_type=TTG;rbs_motif=None;rbs_spacer=None;gc_cont=0.373;conf=100.00;score=108.08;cscore=121.19;sscore=-13.11;rscore=-9.56;uscore=0.35;tscore=-4.70;
contig_29	Prodigal_v2.6.3	CDS	33731	34087	49.0	+	0	ID=51_39;partial=00;start_type=GTG;rbs_motif=AGxAGG/AGGxGG;rbs_spacer=5-10bp;gc_cont=0.401;conf=100.00;score=49.02;cscore=39.27;sscore=9.75;rscore=9.68;uscore=2.70;tscore=-3.61;
contig_29	Prodigal_v2.6.3	CDS	34151	34900	116.4	+	0	ID=51_40;partial=00;start_type=ATG;rbs_motif=AGGAGG;rbs_spacer=5-10bp;gc_cont=0.376;conf=100.00;score=116.38;cscore=101.88;sscore=14.50;rscore=13.75;uscore=-1.74;tscore=2.49;
contig_29	Prodigal_v2.6.3	CDS	34884	35147	22.5	+	0	ID=51_41;partial=00;start_type=ATG;rbs_motif=GGA/GAG/AGG;rbs_spacer=5-10bp;gc_cont=0.345;conf=99.44;score=22.53;cscore=18.72;sscore=3.81;rscore=-0.45;uscore=0.62;tscore=2.49;
contig_29	Prodigal_v2.6.3	CDS	35144	36019	146.3	+	0	ID=51_42;partial=00;start_type=GTG;rbs_motif=AGGAGG;rbs_spacer=5-10bp;gc_cont=0.366;conf=100.00;score=146.27;cscore=131.57;sscore=14.70;rscore=13.75;uscore=3.26;tscore=-3.61;
contig_29	Prodigal_v2.6.3	CDS	36253	36531	69.7	-	0	ID=51_43;partial=00;start_type=ATG;rbs_motif=AGGAGG;rbs_spacer=5-10bp;gc_cont=0.344;conf=100.00;score=69.70;cscore=52.36;sscore=17.34;rscore=13.75;uscore=1.75;tscore=2.49;
contig_29	Prodigal_v2.6.3	CDS	36881	38857	365.4	+	0	ID=51_44;partial=00;start_type=GTG;rbs_motif=GGAGG;rbs_spacer=5-10bp;gc_cont=0.352;conf=99.99;score=365.43;cscore=353.08;sscore=12.35;rscore=12.75;uscore=3.21;tscore=-3.61;
contig_29	Prodigal_v2.6.3	CDS	39111	39881	138.7	+	0	ID=51_45;partial=00;start_type=ATG;rbs_motif=AGGAG;rbs_spacer=5-10bp;gc_cont=0.388;conf=100.00;score=138.71;cscore=119.82;sscore=18.89;rscore=12.22;uscore=4.84;tscore=2.49;
contig_29	Prodigal_v2.6.3	CDS	40017	41228	183.9	+	0	ID=51_46;partial=00;start_type=ATG;rbs_motif=AGGAGG;rbs_spacer=5-10bp;gc_cont=0.384;conf=99.99;score=183.87;cscore=168.28;sscore=15.59;rscore=13.75;uscore=-0.65;tscore=2.49;
contig_29	Prodigal_v2.6.3	CDS	41448	42014	117.3	+	0	ID=51_47;partial=00;start_type=TTG;rbs_motif=AGGAG;rbs_spacer=5-10bp;gc_cont=0.395;conf=100.00;score=117.33;cscore=106.78;sscore=10.54;rscore=12.22;uscore=3.67;tscore=-4.70;
contig_29	Prodigal_v2.6.3	CDS	42007	42888	152.4	+	0	ID=51_48;partial=00;start_type=ATG;rbs_motif=AGGAGG;rbs_spacer=5-10bp;gc_cont=0.371;conf=100.00;score=152.41;cscore=136.53;sscore=15.89;rscore=13.75;uscore=-1.60;tscore=2.49;
contig_29	Prodigal_v2.6.3	CDS	43046	43306	30.9	+	0	ID=51_49;partial=00;start_type=ATG;rbs_motif=AGGA/GGAG/GAGG;rbs_spacer=11-12bp;gc_cont=0.414;conf=99.92;score=30.93;cscore=25.15;sscore=5.78;rscore=3.18;uscore=0.12;tscore=2.49;
contig_29	Prodigal_v2.6.3	CDS	43420	43599	34.8	+	0	ID=51_50;partial=00;start_type=ATG;rbs_motif=AGGAGG;rbs_spacer=5-10bp;gc_cont=0.439;conf=99.97;score=34.80;cscore=25.13;sscore=9.67;rscore=9.74;uscore=-1.82;tscore=1.76;
contig_29	Prodigal_v2.6.3	CDS	43820	44686	144.2	+	0	ID=51_51;partial=00;start_type=ATG;rbs_motif=AGGAGG;rbs_spacer=5-10bp;gc_cont=0.401;conf=100.00;score=144.18;cscore=128.44;sscore=15.74;rscore=13.75;uscore=0.15;tscore=2.49;
contig_29	Prodigal_v2.6.3	CDS	44743	45576	138.4	+	0	ID=51_52;partial=00;start_type=ATG;rbs_motif=AGGAG;rbs_spacer=5-10bp;gc_cont=0.382;conf=100.00;score=138.37;cscore=123.07;sscore=15.29;rscore=12.22;uscore=-0.08;tscore=2.49;
contig_29	Prodigal_v2.6.3	CDS	45573	45947	73.4	+	0	ID=51_53;partial=00;start_type=ATG;rbs_motif=GGA/GAG/AGG;rbs_spacer=5-10bp;gc_cont=0.357;conf=100.00;score=73.40;cscore=66.72;sscore=6.68;rscore=-0.45;uscore=2.90;tscore=2.49;
contig_29	Prodigal_v2.6.3	CDS	46168	46470	63.1	+	0	ID=51_54;partial=00;start_type=ATG;rbs_motif=AGxAGG/AGGxGG;rbs_spacer=5-10bp;gc_cont=0.380;conf=100.00;score=63.05;cscore=48.19;sscore=14.87;rscore=9.68;uscore=3.36;tscore=2.49;
contig_29	Prodigal_v2.6.3	CDS	46732	48102	247.1	+	0	ID=51_55;partial=00;start_type=ATG;rbs_motif=GGAGG;rbs_spacer=5-10bp;gc_cont=0.388;conf=99.99;score=247.09;cscore=231.85;sscore=15.24;rscore=12.75;uscore=0.65;tscore=2.49;
contig_29	Prodigal_v2.6.3	CDS	48127	49086	185.3	+	0	ID=51_56;partial=00;start_type=ATG;rbs_motif=AGGAGG;rbs_spacer=5-10bp;gc_cont=0.382;conf=99.99;score=185.28;cscore=165.54;sscore=19.74;rscore=13.75;uscore=2.49;tscore=2.49;
contig_29	Prodigal_v2.6.3	CDS	49340	49936	103.9	+	0	ID=51_57;partial=00;start_type=ATG;rbs_motif=GGA/GAG/AGG;rbs_spacer=5-10bp;gc_cont=0.380;conf=100.00;score=103.94;cscore=100.90;sscore=3.03;rscore=-0.45;uscore=1.65;tscore=2.49;
contig_29	Prodigal_v2.6.3	CDS	50083	50649	88.5	+	0	ID=51_58;partial=00;start_type=ATG;rbs_motif=GGAG/GAGG;rbs_spacer=5-10bp;gc_cont=0.377;conf=100.00;score=88.52;cscore=73.79;sscore=14.73;rscore=8.24;uscore=4.01;tscore=2.49;
contig_29	Prodigal_v2.6.3	CDS	50891	51118	25.7	+	0	ID=51_59;partial=00;start_type=ATG;rbs_motif=AGGAGG;rbs_spacer=11-12bp;gc_cont=0.395;conf=99.73;score=25.69;cscore=12.48;sscore=13.21;rscore=9.61;uscore=2.01;tscore=2.24;
contig_29	Prodigal_v2.6.3	CDS	51259	54771	626.2	+	0	ID=51_60;partial=00;start_type=GTG;rbs_motif=AGGAG;rbs_spacer=5-10bp;gc_cont=0.395;conf=99.99;score=626.20;cscore=613.73;sscore=12.47;rscore=12.22;uscore=3.86;tscore=-3.61;
contig_29	Prodigal_v2.6.3	CDS	55086	55622	102.0	+	0	ID=51_61;partial=00;start_type=ATG;rbs_motif=GGAG/GAGG;rbs_spacer=5-10bp;gc_cont=0.397;conf=100.00;score=102.00;cscore=89.18;sscore=12.82;rscore=8.24;uscore=2.75;tscore=2.49;
contig_29	Prodigal_v2.6.3	CDS	55781	57403	204.5	+	0	ID=51_62;partial=00;start_type=ATG;rbs_motif=GGAG/GAGG;rbs_spacer=5-10bp;gc_cont=0.370;conf=99.99;score=204.50;cscore=191.94;sscore=12.55;rscore=8.24;uscore=1.83;tscore=2.49;
contig_29	Prodigal_v2.6.3	CDS	57412	58872	264.3	+	0	ID=51_63;partial=00;start_type=TTG;rbs_motif=AGxAGG/AGGxGG;rbs_spacer=5-10bp;gc_cont=0.396;conf=99.99;score=264.34;cscore=257.68;sscore=6.67;rscore=9.68;uscore=0.50;tscore=-4.70;
contig_29	Prodigal_v2.6.3	CDS	58877	59167	69.7	+	0	ID=51_64;partial=00;start_type=ATG;rbs_motif=AGGAG;rbs_spacer=5-10bp;gc_cont=0.347;conf=100.00;score=69.70;cscore=52.27;sscore=17.43;rscore=12.22;uscore=1.49;tscore=2.49;
contig_29	Prodigal_v2.6.3	CDS	59315	59614	42.5	+	0	ID=51_65;partial=00;start_type=ATG;rbs_motif=AGGAGG;rbs_spacer=5-10bp;gc_cont=0.380;conf=99.99;score=42.54;cscore=27.73;sscore=14.82;rscore=13.75;uscore=-1.42;tscore=2.49;
contig_29	Prodigal_v2.6.3	CDS	59611	60102	12.5	+	0	ID=51_66;partial=00;start_type=ATG;rbs_motif=None;rbs_spacer=None;gc_cont=0.315;conf=94.65;score=12.50;cscore=8.72;sscore=3.78;rscore=-9.56;uscore=-4.96;tscore=2.49;
contig_29	Prodigal_v2.6.3	CDS	60120	60524	66.1	+	0	ID=51_67;partial=00;start_type=ATG;rbs_motif=GGAGG;rbs_spacer=5-10bp;gc_cont=0.348;conf=100.00;score=66.05;cscore=45.73;sscore=20.32;rscore=12.75;uscore=4.00;tscore=2.49;
contig_29	Prodigal_v2.6.3	CDS	60659	61096	82.3	+	0	ID=51_68;partial=00;start_type=ATG;rbs_motif=AGGAGG;rbs_spacer=11-12bp;gc_cont=0.429;conf=100.00;score=82.25;cscore=67.33;sscore=14.92;rscore=10.68;uscore=1.75;tscore=2.49;
contig_29	Prodigal_v2.6.3	CDS	61182	61433	23.8	-	0	ID=51_69;partial=00;start_type=TTG;rbs_motif=AGGAGG;rbs_spacer=5-10bp;gc_cont=0.341;conf=99.58;score=23.82;cscore=14.68;sscore=9.14;rscore=13.70;uscore=0.81;tscore=-4.72;
contig_29	Prodigal_v2.6.3	CDS	62256	64649	292.4	+	0	ID=51_70;partial=00;start_type=ATG;rbs_motif=GGA/GAG/AGG;rbs_spacer=5-10bp;gc_cont=0.381;conf=99.99;score=292.35;cscore=286.90;sscore=5.45;rscore=-0.45;uscore=3.42;tscore=2.49;
contig_29	Prodigal_v2.6.3	CDS	64679	66085	154.1	+	0	ID=51_71;partial=00;start_type=TTG;rbs_motif=GGAGG;rbs_spacer=5-10bp;gc_cont=0.382;conf=100.00;score=154.05;cscore=141.96;sscore=12.10;rscore=12.75;uscore=3.08;tscore=-4.70;
contig_29	Prodigal_v2.6.3	CDS	66153	66695	108.3	+	0	ID=51_72;partial=00;start_type=ATG;rbs_motif=AGGAGG;rbs_spacer=5-10bp;gc_cont=0.341;conf=100.00;score=108.30;cscore=92.52;sscore=15.77;rscore=13.75;uscore=-0.47;tscore=2.49;
contig_29	Prodigal_v2.6.3	CDS	66977	69004	400.7	+	0	ID=51_73;partial=00;start_type=ATG;rbs_motif=AGGAGG;rbs_spacer=5-10bp;gc_cont=0.398;conf=99.99;score=400.70;cscore=384.19;sscore=16.51;rscore=13.75;uscore=0.92;tscore=2.49;
contig_29	Prodigal_v2.6.3	CDS	69158	69991	134.1	+	0	ID=51_74;partial=00;start_type=GTG;rbs_motif=AGGAG;rbs_spacer=5-10bp;gc_cont=0.385;conf=100.00;score=134.12;cscore=123.63;sscore=10.49;rscore=12.22;uscore=1.88;tscore=-3.61;
contig_29	Prodigal_v2.6.3	CDS	70046	70135	0.2	+	0	ID=51_75;partial=00;start_type=ATG;rbs_motif=AGxAGG/AGGxGG;rbs_spacer=5-10bp;gc_cont=0.367;conf=51.09;score=0.19;cscore=0.60;sscore=-0.41;rscore=3.37;uscore=-5.33;tscore=0.87;
contig_29	Prodigal_v2.6.3	CDS	70198	70347	12.4	+	0	ID=51_76;partial=00;start_type=ATG;rbs_motif=GGA/GAG/AGG;rbs_spacer=11-12bp;gc_cont=0.393;conf=94.57;score=12.43;cscore=11.82;sscore=0.61;rscore=-1.34;uscore=0.49;tscore=1.46;
contig_29	Prodigal_v2.6.3	CDS	70367	71011	79.3	+	0	ID=51_77;partial=00;start_type=ATG;rbs_motif=AGxAG;rbs_spacer=11-12bp;gc_cont=0.395;conf=100.00;score=79.27;cscore=80.80;sscore=-1.54;rscore=-5.40;uscore=0.31;tscore=2.49;
contig_29	Prodigal_v2.6.3	CDS	71033	71914	162.7	+	0	ID=51_78;partial=00;start_type=ATG;rbs_motif=GGA/GAG/AGG;rbs_spacer=5-10bp;gc_cont=0.402;conf=100.00;score=162.69;cscore=158.30;sscore=4.40;rscore=-0.45;uscore=1.32;tscore=2.49;
contig_29	Prodigal_v2.6.3	CDS	71898	72869	166.7	+	0	ID=51_79;partial=00;start_type=ATG;rbs_motif=AGxAGG/AGGxGG;rbs_spacer=5-10bp;gc_cont=0.370;conf=100.00;score=166.72;cscore=154.07;sscore=12.66;rscore=9.68;uscore=-0.66;tscore=2.49;
contig_29	Prodigal_v2.6.3	CDS	73118	74047	200.9	+	0	ID=51_80;partial=00;start_type=ATG;rbs_motif=GGA/GAG/AGG;rbs_spacer=5-10bp;gc_cont=0.406;conf=99.99;score=200.94;cscore=196.85;sscore=4.09;rscore=-0.45;uscore=2.70;tscore=2.49;
contig_29	Prodigal_v2.6.3	CDS	74197	75606	234.6	+	0	ID=51_81;partial=00;start_type=TTG;rbs_motif=GGA/GAG/AGG;rbs_spacer=5-10bp;gc_cont=0.423;conf=99.99;score=234.57;cscore=237.75;sscore=-3.18;rscore=-0.45;uscore=1.96;tscore=-4.70;
contig_29	Prodigal_v2.6.3	CDS	75603	76184	95.1	+	0	ID=51_82;partial=00;start_type=ATG;rbs_motif=AGGAG;rbs_spacer=5-10bp;gc_cont=0.388;conf=100.00;score=95.09;cscore=79.08;sscore=16.00;rscore=12.22;uscore=0.00;tscore=2.49;
contig_29	Prodigal_v2.6.3	CDS	76185	77024	107.4	+	0	ID=51_83;partial=00;start_type=ATG;rbs_motif=AGGAG;rbs_spacer=5-10bp;gc_cont=0.388;conf=100.00;score=107.40;cscore=89.92;sscore=17.48;rscore=12.22;uscore=1.50;tscore=2.49;
contig_29	Prodigal_v2.6.3	CDS	77038	77892	169.6	+	0	ID=51_84;partial=00;start_type=ATG;rbs_motif=AGGAG;rbs_spacer=5-10bp;gc_cont=0.404;conf=100.00;score=169.63;cscore=153.54;sscore=16.09;rscore=12.22;uscore=0.25;tscore=2.49;
contig_29	Prodigal_v2.6.3	CDS	77892	78257	74.2	+	0	ID=51_85;partial=00;start_type=ATG;rbs_motif=AGGAGG;rbs_spacer=5-10bp;gc_cont=0.388;conf=100.00;score=74.21;cscore=56.69;sscore=17.52;rscore=13.75;uscore=-1.31;tscore=2.49;
contig_29	Prodigal_v2.6.3	CDS	78208	78669	19.0	+	0	ID=51_86;partial=00;start_type=ATG;rbs_motif=None;rbs_spacer=None;gc_cont=0.387;conf=98.75;score=18.99;cscore=27.68;sscore=-8.68;rscore=-9.56;uscore=-1.61;tscore=2.49;
contig_29	Prodigal_v2.6.3	CDS	78857	79900	191.0	+	0	ID=51_87;partial=00;start_type=TTG;rbs_motif=AGGAGG;rbs_spacer=5-10bp;gc_cont=0.405;conf=99.99;score=190.97;cscore=179.62;sscore=11.36;rscore=13.75;uscore=2.96;tscore=-4.70;
contig_29	Prodigal_v2.6.3	CDS	80089	80856	141.7	+	0	ID=51_88;partial=00;start_type=GTG;rbs_motif=AGGAG;rbs_spacer=5-10bp;gc_cont=0.387;conf=100.00;score=141.73;cscore=135.38;sscore=6.34;rscore=12.22;uscore=-1.62;tscore=-3.61;
contig_29	Prodigal_v2.6.3	CDS	80846	81352	62.2	+	0	ID=51_89;partial=00;start_type=GTG;rbs_motif=None;rbs_spacer=None;gc_cont=0.410;conf=100.00;score=62.24;cscore=75.37;sscore=-13.13;rscore=-9.56;uscore=-1.18;tscore=-3.61;
contig_29	Prodigal_v2.6.3	CDS	81430	81582	27.5	+	0	ID=51_90;partial=00;start_type=ATG;rbs_motif=GGAG/GAGG;rbs_spacer=5-10bp;gc_cont=0.340;conf=99.82;score=27.55;cscore=19.75;sscore=7.80;rscore=4.94;uscore=1.36;tscore=1.49;
contig_29	Prodigal_v2.6.3	CDS	81794	82075	39.2	+	0	ID=51_91;partial=00;start_type=ATG;rbs_motif=GGxGG;rbs_spacer=5-10bp;gc_cont=0.340;conf=99.99;score=39.20;cscore=28.45;sscore=10.75;rscore=6.77;uscore=2.15;tscore=2.49;
# Sequence Data: seqnum=52;seqlen=32984;seqhdr="contig_63"
# Model Data: version=Prodigal.v2.6.3;run_type=Single;model="Ab initio";gc_cont=37.70;transl_table=11;uses_sd=1
contig_63	Prodigal_v2.6.3	CDS	1	180	34.8	-	0	ID=52_1;partial=10;start_type=ATG;rbs_motif=GGA/GAG/AGG;rbs_spacer=5-10bp;gc_cont=0.383;conf=99.97;score=34.81;cscore=29.28;sscore=5.53;rscore=-0.45;uscore=2.37;tscore=2.49;
contig_63	Prodigal_v2.6.3	CDS	195	434	21.5	-	0	ID=52_2;partial=00;start_type=ATG;rbs_motif=None;rbs_spacer=None;gc_cont=0.342;conf=99.30;score=21.55;cscore=17.91;sscore=3.64;rscore=-10.08;uscore=-0.94;tscore=2.36;
contig_63	Prodigal_v2.6.3	CDS	434	1516	181.4	-	0	ID=52_3;partial=00;start_type=ATG;rbs_motif=GGA/GAG/AGG;rbs_spacer=5-10bp;gc_cont=0.381;conf=99.99;score=181.41;cscore=175.38;sscore=6.03;rscore=-0.45;uscore=2.25;tscore=2.49;
contig_63	Prodigal_v2.6.3	CDS	1513	2010	72.1	-	0	ID=52_4;partial=00;start_type=ATG;rbs_motif=AGxAGG/AGGxGG;rbs_spacer=5-10bp;gc_cont=0.367;conf=100.00;score=72.13;cscore=59.84;sscore=12.30;rscore=9.68;uscore=-1.02;tscore=2.49;
contig_63	Prodigal_v2.6.3	CDS	2022	3047	200.1	-	0	ID=52_5;partial=00;start_type=ATG;rbs_motif=AGxAGG/AGGxGG;rbs_spacer=5-10bp;gc_cont=0.362;conf=99.99;score=200.13;cscore=182.02;sscore=18.11;rscore=9.68;uscore=5.94;tscore=2.49;
contig_63	Prodigal_v2.6.3	CDS	3211	4311	128.3	-	0	ID=52_6;partial=00;start_type=ATG;rbs_motif=GGxGG;rbs_spacer=5-10bp;gc_cont=0.338;conf=100.00;score=128.31;cscore=117.89;sscore=10.41;rscore=6.77;uscore=0.37;tscore=2.49;
contig_63	Prodigal_v2.6.3	CDS	4357	5694	140.8	-	0	ID=52_7;partial=00;start_type=GTG;rbs_motif=GGxGG;rbs_spacer=5-10bp;gc_cont=0.394;conf=100.00;score=140.77;cscore=133.80;sscore=6.97;rscore=6.77;uscore=2.59;tscore=-3.61;
contig_63	Prodigal_v2.6.3	CDS	5684	7099	249.2	-	0	ID=52_8;partial=00;start_type=ATG;rbs_motif=GGAG/GAGG;rbs_spacer=5-10bp;gc_cont=0.391;conf=99.99;score=249.23;cscore=236.55;sscore=12.68;rscore=8.24;uscore=2.61;tscore=2.49;
contig_63	Prodigal_v2.6.3	CDS	7337	7801	46.3	-	0	ID=52_9;partial=00;start_type=ATG;rbs_motif=GGAG/GAGG;rbs_spacer=5-10bp;gc_cont=0.475;conf=100.00;score=46.33;cscore=36.84;sscore=9.50;rscore=8.24;uscore=-1.23;tscore=2.49;
contig_63	Prodigal_v2.6.3	CDS	7873	10344	461.9	-	0	ID=52_10;partial=00;start_type=ATG;rbs_motif=AGGAGG;rbs_spacer=5-10bp;gc_cont=0.429;conf=99.99;score=461.92;cscore=442.77;sscore=19.15;rscore=13.75;uscore=2.05;tscore=2.49;
contig_63	Prodigal_v2.6.3	CDS	10383	11129	112.5	-	0	ID=52_11;partial=00;start_type=GTG;rbs_motif=AGGAG;rbs_spacer=5-10bp;gc_cont=0.402;conf=100.00;score=112.48;cscore=102.74;sscore=9.74;rscore=12.22;uscore=1.78;tscore=-3.61;
contig_63	Prodigal_v2.6.3	CDS	11317	11544	44.1	-	0	ID=52_12;partial=00;start_type=ATG;rbs_motif=GGAGG;rbs_spacer=5-10bp;gc_cont=0.364;conf=100.00;score=44.07;cscore=32.22;sscore=11.85;rscore=11.48;uscore=-1.22;tscore=2.24;
contig_63	Prodigal_v2.6.3	CDS	11750	12997	182.7	+	0	ID=52_13;partial=00;start_type=ATG;rbs_motif=GGAGG;rbs_spacer=5-10bp;gc_cont=0.366;conf=99.99;score=182.71;cscore=165.56;sscore=17.15;rscore=12.75;uscore=1.90;tscore=2.49;
contig_63	Prodigal_v2.6.3	CDS	13146	14792	267.2	+	0	ID=52_14;partial=00;start_type=ATG;rbs_motif=AGGAGG;rbs_spacer=5-10bp;gc_cont=0.395;conf=99.99;score=267.23;cscore=254.83;sscore=12.40;rscore=13.75;uscore=-3.84;tscore=2.49;
contig_63	Prodigal_v2.6.3	CDS	15072	15209	3.1	+	0	ID=52_15;partial=00;start_type=ATG;rbs_motif=GGAGG;rbs_spacer=5-10bp;gc_cont=0.319;conf=66.96;score=3.07;cscore=-4.14;sscore=7.21;rscore=6.89;uscore=0.13;tscore=1.34;
contig_63	Prodigal_v2.6.3	CDS	15228	16703	207.4	+	0	ID=52_16;partial=00;start_type=ATG;rbs_motif=AGGAG;rbs_spacer=5-10bp;gc_cont=0.409;conf=99.99;score=207.40;cscore=187.79;sscore=19.60;rscore=12.22;uscore=3.82;tscore=2.49;
contig_63	Prodigal_v2.6.3	CDS	16700	17863	91.3	+	0	ID=52_17;partial=00;start_type=ATG;rbs_motif=GGAG/GAGG;rbs_spacer=5-10bp;gc_cont=0.371;conf=100.00;score=91.34;cscore=78.48;sscore=12.85;rscore=8.24;uscore=0.83;tscore=2.49;
contig_63	Prodigal_v2.6.3	CDS	17906	18139	51.2	+	0	ID=52_18;partial=00;start_type=ATG;rbs_motif=AGGAG;rbs_spacer=5-10bp;gc_cont=0.308;conf=100.00;score=51.24;cscore=38.61;sscore=12.63;rscore=11.29;uscore=-1.78;tscore=2.30;
contig_63	Prodigal_v2.6.3	CDS	18136	19311	154.2	+	0	ID=52_19;partial=00;start_type=ATG;rbs_motif=None;rbs_spacer=None;gc_cont=0.393;conf=100.00;score=154.17;cscore=149.10;sscore=5.07;rscore=-9.56;uscore=1.29;tscore=2.49;
contig_63	Prodigal_v2.6.3	CDS	19714	20244	65.2	-	0	ID=52_20;partial=00;start_type=ATG;rbs_motif=GGAG/GAGG;rbs_spacer=5-10bp;gc_cont=0.343;conf=100.00;score=65.17;cscore=53.02;sscore=12.15;rscore=8.24;uscore=2.07;tscore=2.49;
contig_63	Prodigal_v2.6.3	CDS	20555	21847	269.6	-	0	ID=52_21;partial=00;start_type=ATG;rbs_motif=AGGAG;rbs_spacer=5-10bp;gc_cont=0.411;conf=99.99;score=269.59;cscore=249.77;sscore=19.83;rscore=12.22;uscore=3.87;tscore=2.49;
contig_63	Prodigal_v2.6.3	CDS	21850	22317	81.5	-	0	ID=52_22;partial=00;start_type=TTG;rbs_motif=AGGA/GGAG/GAGG;rbs_spacer=11-12bp;gc_cont=0.404;conf=100.00;score=81.48;cscore=82.60;sscore=-1.12;rscore=3.18;uscore=0.41;tscore=-4.70;
contig_63	Prodigal_v2.6.3	CDS	22277	22411	0.3	-	0	ID=52_23;partial=00;start_type=TTG;rbs_motif=GGA/GAG/AGG;rbs_spacer=5-10bp;gc_cont=0.407;conf=51.55;score=0.27;cscore=8.05;sscore=-7.78;rscore=-0.85;uscore=0.91;tscore=-8.90;
contig_63	Prodigal_v2.6.3	CDS	22432	23394	180.2	-	0	ID=52_24;partial=00;start_type=ATG;rbs_motif=GGAGG;rbs_spacer=5-10bp;gc_cont=0.407;conf=99.99;score=180.20;cscore=164.19;sscore=16.01;rscore=12.75;uscore=-0.48;tscore=2.49;
contig_63	Prodigal_v2.6.3	CDS	23387	24148	164.5	-	0	ID=52_25;partial=00;start_type=ATG;rbs_motif=GGAGG;rbs_spacer=5-10bp;gc_cont=0.424;conf=100.00;score=164.49;cscore=146.96;sscore=17.54;rscore=12.75;uscore=1.23;tscore=2.49;
contig_63	Prodigal_v2.6.3	CDS	24168	25406	264.1	-	0	ID=52_26;partial=00;start_type=ATG;rbs_motif=GGA/GAG/AGG;rbs_spacer=5-10bp;gc_cont=0.398;conf=99.99;score=264.06;cscore=262.28;sscore=1.78;rscore=-0.45;uscore=0.40;tscore=2.49;
contig_63	Prodigal_v2.6.3	CDS	25895	26911	190.5	-	0	ID=52_27;partial=00;start_type=ATG;rbs_motif=GGAGG;rbs_spacer=5-10bp;gc_cont=0.392;conf=99.99;score=190.55;cscore=175.83;sscore=14.72;rscore=12.75;uscore=-0.52;tscore=2.49;
contig_63	Prodigal_v2.6.3	CDS	27038	28090	180.4	-	0	ID=52_28;partial=00;start_type=ATG;rbs_motif=GGAG/GAGG;rbs_spacer=5-10bp;gc_cont=0.416;conf=99.99;score=180.44;cscore=168.61;sscore=11.84;rscore=8.24;uscore=1.11;tscore=2.49;
contig_63	Prodigal_v2.6.3	CDS	28266	28388	10.8	-	0	ID=52_29;partial=00;start_type=ATG;rbs_motif=GGAG/GAGG;rbs_spacer=5-10bp;gc_cont=0.276;conf=92.25;score=10.77;cscore=4.61;sscore=6.16;rscore=3.96;uscore=1.67;tscore=1.19;
contig_63	Prodigal_v2.6.3	CDS	28650	28883	47.2	-	0	ID=52_30;partial=00;start_type=ATG;rbs_motif=AGGAGG;rbs_spacer=5-10bp;gc_cont=0.342;conf=100.00;score=47.21;cscore=30.14;sscore=17.08;rscore=12.71;uscore=1.37;tscore=2.30;
contig_63	Prodigal_v2.6.3	CDS	28936	29853	104.9	-	0	ID=52_31;partial=00;start_type=ATG;rbs_motif=AGGA;rbs_spacer=5-10bp;gc_cont=0.403;conf=100.00;score=104.90;cscore=97.12;sscore=7.78;rscore=4.23;uscore=1.72;tscore=2.49;
contig_63	Prodigal_v2.6.3	CDS	30032	31345	125.1	+	0	ID=52_32;partial=00;start_type=GTG;rbs_motif=AGxAG;rbs_spacer=11-12bp;gc_cont=0.349;conf=100.00;score=125.06;cscore=132.82;sscore=-7.76;rscore=-5.40;uscore=1.25;tscore=-3.61;
contig_63	Prodigal_v2.6.3	CDS	31400	32983	252.6	-	0	ID=52_33;partial=01;start_type=Edge;rbs_motif=None;rbs_spacer=None;gc_cont=0.379;conf=99.99;score=252.65;cscore=249.43;sscore=3.22;rscore=0.00;uscore=0.00;tscore=3.22;
# Sequence Data: seqnum=53;seqlen=2707;seqhdr="contig_3"
# Model Data: version=Prodigal.v2.6.3;run_type=Single;model="Ab initio";gc_cont=37.70;transl_table=11;uses_sd=1
contig_3	Prodigal_v2.6.3	CDS	42	1373	260.1	-	0	ID=53_1;partial=00;start_type=GTG;rbs_motif=GGAGG;rbs_spacer=5-10bp;gc_cont=0.368;conf=99.99;score=260.06;cscore=251.32;sscore=8.73;rscore=12.75;uscore=-0.41;tscore=-3.61;
contig_3	Prodigal_v2.6.3	CDS	1515	2705	243.5	-	0	ID=53_2;partial=01;start_type=Edge;rbs_motif=None;rbs_spacer=None;gc_cont=0.401;conf=99.99;score=243.53;cscore=240.31;sscore=3.22;rscore=0.00;uscore=0.00;tscore=3.22;
# Sequence Data: seqnum=54;seqlen=143545;seqhdr="contig_51"
# Model Data: version=Prodigal.v2.6.3;run_type=Single;model="Ab initio";gc_cont=37.70;transl_table=11;uses_sd=1
contig_51	Prodigal_v2.6.3	CDS	1	354	33.4	-	0	ID=54_1;partial=10;start_type=TTG;rbs_motif=None;rbs_spacer=None;gc_cont=0.412;conf=99.95;score=33.39;cscore=49.76;sscore=-16.37;rscore=-9.56;uscore=-3.30;tscore=-4.70;
contig_51	Prodigal_v2.6.3	CDS	341	691	47.1	-	0	ID=54_2;partial=00;start_type=ATG;rbs_motif=AGGA;rbs_spacer=5-10bp;gc_cont=0.359;conf=100.00;score=47.09;cscore=37.49;sscore=9.61;rscore=4.23;uscore=3.55;tscore=2.49;
contig_51	Prodigal_v2.6.3	CDS	1358	1726	55.8	-	0	ID=54_3;partial=00;start_type=ATG;rbs_motif=AGGAG;rbs_spacer=5-10bp;gc_cont=0.385;conf=100.00;score=55.83;cscore=38.85;sscore=16.98;rscore=12.22;uscore=2.92;tscore=2.49;
contig_51	Prodigal_v2.6.3	CDS	1873	2619	80.1	+	0	ID=54_4;partial=00;start_type=ATG;rbs_motif=GGAGG;rbs_spacer=5-10bp;gc_cont=0.371;conf=100.00;score=80.06;cscore=63.13;sscore=16.94;rscore=12.75;uscore=1.70;tscore=2.49;
contig_51	Prodigal_v2.6.3	CDS	2616	3071	22.5	+	0	ID=54_5;partial=00;start_type=ATG;rbs_motif=None;rbs_spacer=None;gc_cont=0.379;conf=99.44;score=22.53;cscore=18.75;sscore=3.78;rscore=-9.56;uscore=-1.34;tscore=2.49;
contig_51	Prodigal_v2.6.3	CDS	3305	3892	52.3	+	0	ID=54_6;partial=00;start_type=GTG;rbs_motif=GGxGG;rbs_spacer=5-10bp;gc_cont=0.361;conf=100.00;score=52.30;cscore=52.64;sscore=-0.33;rscore=6.77;uscore=-2.84;tscore=-3.61;
contig_51	Prodigal_v2.6.3	CDS	4110	5273	101.4	+	0	ID=54_7;partial=00;start_type=TTG;rbs_motif=3Base/5BMM;rbs_spacer=13-15bp;gc_cont=0.399;conf=100.00;score=101.44;cscore=109.45;sscore=-8.01;rscore=-6.44;uscore=3.78;tscore=-4.70;
contig_51	Prodigal_v2.6.3	CDS	5447	6592	164.7	+	0	ID=54_8;partial=00;start_type=ATG;rbs_motif=AGxAGG/AGGxGG;rbs_spacer=5-10bp;gc_cont=0.379;conf=100.00;score=164.73;cscore=150.84;sscore=13.89;rscore=9.68;uscore=1.73;tscore=2.49;
contig_51	Prodigal_v2.6.3	CDS	6682	7710	123.7	+	0	ID=54_9;partial=00;start_type=ATG;rbs_motif=GGAG/GAGG;rbs_spacer=5-10bp;gc_cont=0.390;conf=100.00;score=123.69;cscore=114.89;sscore=8.80;rscore=8.24;uscore=-1.93;tscore=2.49;
contig_51	Prodigal_v2.6.3	CDS	7728	8300	133.9	+	0	ID=54_10;partial=00;start_type=GTG;rbs_motif=AGGAGG;rbs_spacer=5-10bp;gc_cont=0.403;conf=100.00;score=133.95;cscore=120.32;sscore=13.62;rscore=13.75;uscore=2.39;tscore=-3.61;
contig_51	Prodigal_v2.6.3	CDS	8376	10217	427.3	+	0	ID=54_11;partial=00;start_type=ATG;rbs_motif=AGGAGG;rbs_spacer=5-10bp;gc_cont=0.398;conf=99.99;score=427.31;cscore=413.44;sscore=13.86;rscore=13.75;uscore=-2.38;tscore=2.49;
contig_51	Prodigal_v2.6.3	CDS	10451	11569	215.6	+	0	ID=54_12;partial=00;start_type=ATG;rbs_motif=GGAG/GAGG;rbs_spacer=5-10bp;gc_cont=0.399;conf=99.99;score=215.59;cscore=203.77;sscore=11.82;rscore=8.24;uscore=1.74;tscore=2.49;
contig_51	Prodigal_v2.6.3	CDS	11591	12532	196.0	+	0	ID=54_13;partial=00;start_type=GTG;rbs_motif=AGGAG/GGAGG;rbs_spacer=11-12bp;gc_cont=0.395;conf=99.99;score=196.01;cscore=185.36;sscore=10.64;rscore=9.05;uscore=4.15;tscore=-3.61;
contig_51	Prodigal_v2.6.3	CDS	12614	13351	121.3	+	0	ID=54_14;partial=00;start_type=ATG;rbs_motif=AGGA;rbs_spacer=5-10bp;gc_cont=0.411;conf=100.00;score=121.31;cscore=115.87;sscore=5.44;rscore=4.23;uscore=-1.28;tscore=2.49;
contig_51	Prodigal_v2.6.3	CDS	13630	14430	106.2	+	0	ID=54_15;partial=00;start_type=TTG;rbs_motif=GGAG/GAGG;rbs_spacer=5-10bp;gc_cont=0.393;conf=100.00;score=106.21;cscore=102.62;sscore=3.60;rscore=8.24;uscore=0.71;tscore=-4.70;
contig_51	Prodigal_v2.6.3	CDS	14753	16234	154.5	+	0	ID=54_16;partial=00;start_type=ATG;rbs_motif=GGAG/GAGG;rbs_spacer=5-10bp;gc_cont=0.337;conf=100.00;score=154.49;cscore=144.12;sscore=10.37;rscore=8.24;uscore=0.30;tscore=2.49;
contig_51	Prodigal_v2.6.3	CDS	16360	17127	100.6	+	0	ID=54_17;partial=00;start_type=TTG;rbs_motif=GGAG/GAGG;rbs_spacer=5-10bp;gc_cont=0.398;conf=100.00;score=100.56;cscore=94.19;sscore=6.37;rscore=8.24;uscore=2.83;tscore=-4.70;
contig_51	Prodigal_v2.6.3	CDS	17344	18693	259.8	-	0	ID=54_18;partial=00;start_type=ATG;rbs_motif=AGGA/GGAG/GAGG;rbs_spacer=11-12bp;gc_cont=0.378;conf=99.99;score=259.76;cscore=252.31;sscore=7.45;rscore=3.18;uscore=2.44;tscore=2.49;
contig_51	Prodigal_v2.6.3	CDS	19007	19678	144.3	+	0	ID=54_19;partial=00;start_type=ATG;rbs_motif=AGGAG;rbs_spacer=5-10bp;gc_cont=0.397;conf=100.00;score=144.30;cscore=128.51;sscore=15.80;rscore=12.22;uscore=1.09;tscore=2.49;
contig_51	Prodigal_v2.6.3	CDS	19814	20041	13.9	+	0	ID=54_20;partial=00;start_type=ATG;rbs_motif=AGGAGG;rbs_spacer=5-10bp;gc_cont=0.439;conf=96.02;score=13.85;cscore=-0.48;sscore=14.33;rscore=12.38;uscore=0.22;tscore=2.24;
contig_51	Prodigal_v2.6.3	CDS	20034	20297	35.4	+	0	ID=54_21;partial=00;start_type=ATG;rbs_motif=AGGAGG;rbs_spacer=5-10bp;gc_cont=0.330;conf=99.97;score=35.36;cscore=20.44;sscore=14.92;rscore=13.75;uscore=-2.57;tscore=2.49;
contig_51	Prodigal_v2.6.3	CDS	20322	20891	88.9	+	0	ID=54_22;partial=00;start_type=TTG;rbs_motif=AGGAGG;rbs_spacer=5-10bp;gc_cont=0.393;conf=100.00;score=88.88;cscore=79.92;sscore=8.96;rscore=13.75;uscore=-1.11;tscore=-4.70;
contig_51	Prodigal_v2.6.3	CDS	21104	21601	76.6	-	0	ID=54_23;partial=00;start_type=ATG;rbs_motif=AGGA/GGAG/GAGG;rbs_spacer=11-12bp;gc_cont=0.384;conf=100.00;score=76.55;cscore=66.40;sscore=10.15;rscore=3.18;uscore=3.49;tscore=2.49;
contig_51	Prodigal_v2.6.3	CDS	21627	22964	148.2	-	0	ID=54_24;partial=00;start_type=ATG;rbs_motif=GGAG/GAGG;rbs_spacer=5-10bp;gc_cont=0.377;conf=100.00;score=148.23;cscore=136.57;sscore=11.67;rscore=8.24;uscore=1.59;tscore=2.49;
contig_51	Prodigal_v2.6.3	CDS	23475	23648	18.4	+	0	ID=54_25;partial=00;start_type=ATG;rbs_motif=GGAGG;rbs_spacer=5-10bp;gc_cont=0.397;conf=98.56;score=18.40;cscore=9.05;sscore=9.35;rscore=8.72;uscore=-1.08;tscore=1.70;
contig_51	Prodigal_v2.6.3	CDS	23961	25289	214.5	+	0	ID=54_26;partial=00;start_type=ATG;rbs_motif=GGAGG;rbs_spacer=5-10bp;gc_cont=0.408;conf=99.99;score=214.51;cscore=199.05;sscore=15.46;rscore=12.75;uscore=0.87;tscore=2.49;
contig_51	Prodigal_v2.6.3	CDS	25293	26297	225.8	+	0	ID=54_27;partial=00;start_type=ATG;rbs_motif=GGAGG;rbs_spacer=5-10bp;gc_cont=0.409;conf=99.99;score=225.83;cscore=205.45;sscore=20.39;rscore=12.75;uscore=3.90;tscore=2.49;
contig_51	Prodigal_v2.6.3	CDS	26323	26799	58.3	+	0	ID=54_28;partial=00;start_type=ATG;rbs_motif=AGGAG/GGAGG;rbs_spacer=11-12bp;gc_cont=0.396;conf=100.00;score=58.34;cscore=43.23;sscore=15.11;rscore=9.05;uscore=2.57;tscore=2.49;
contig_51	Prodigal_v2.6.3	CDS	26854	27114	37.5	+	0	ID=54_29;partial=00;start_type=ATG;rbs_motif=AGGAGG;rbs_spacer=5-10bp;gc_cont=0.352;conf=99.98;score=37.49;cscore=21.72;sscore=15.77;rscore=13.75;uscore=-1.15;tscore=2.49;
contig_51	Prodigal_v2.6.3	CDS	27104	28216	138.6	+	0	ID=54_30;partial=00;start_type=ATG;rbs_motif=GGA/GAG/AGG;rbs_spacer=5-10bp;gc_cont=0.394;conf=100.00;score=138.62;cscore=132.59;sscore=6.03;rscore=-0.45;uscore=2.77;tscore=2.49;
contig_51	Prodigal_v2.6.3	CDS	28219	29175	190.2	+	0	ID=54_31;partial=00;start_type=ATG;rbs_motif=AGGAG;rbs_spacer=5-10bp;gc_cont=0.394;conf=99.99;score=190.25;cscore=175.40;sscore=14.85;rscore=12.22;uscore=-1.11;tscore=2.49;
contig_51	Prodigal_v2.6.3	CDS	29144	29623	16.8	-	0	ID=54_32;partial=00;start_type=ATG;rbs_motif=GGA/GAG/AGG;rbs_spacer=5-10bp;gc_cont=0.537;conf=97.94;score=16.80;cscore=15.32;sscore=1.48;rscore=-0.45;uscore=0.10;tscore=2.49;
contig_51	Prodigal_v2.6.3	CDS	29778	31898	328.5	+	0	ID=54_33;partial=00;start_type=ATG;rbs_motif=AGGAGG;rbs_spacer=5-10bp;gc_cont=0.376;conf=99.99;score=328.47;cscore=309.91;sscore=18.56;rscore=13.75;uscore=2.33;tscore=2.49;
contig_51	Prodigal_v2.6.3	CDS	31907	32380	115.8	+	0	ID=54_34;partial=00;start_type=ATG;rbs_motif=AGGAG;rbs_spacer=5-10bp;gc_cont=0.386;conf=100.00;score=115.81;cscore=100.09;sscore=15.72;rscore=12.22;uscore=-0.18;tscore=2.49;
contig_51	Prodigal_v2.6.3	CDS	32381	32731	28.1	+	0	ID=54_35;partial=00;start_type=ATG;rbs_motif=GGA/GAG/AGG;rbs_spacer=5-10bp;gc_cont=0.373;conf=99.84;score=28.06;cscore=26.68;sscore=1.38;rscore=-0.45;uscore=-1.93;tscore=2.49;
contig_51	Prodigal_v2.6.3	CDS	32791	33204	67.2	+	0	ID=54_36;partial=00;start_type=ATG;rbs_motif=AGGA/GGAG/GAGG;rbs_spacer=11-12bp;gc_cont=0.418;conf=100.00;score=67.21;cscore=58.09;sscore=9.11;rscore=3.18;uscore=3.45;tscore=2.49;
contig_51	Prodigal_v2.6.3	CDS	33191	34108	175.7	+	0	ID=54_37;partial=00;start_type=ATG;rbs_motif=GGAGG;rbs_spacer=5-10bp;gc_cont=0.375;conf=100.00;score=175.69;cscore=162.62;sscore=13.07;rscore=12.75;uscore=-3.36;tscore=2.49;
contig_51	Prodigal_v2.6.3	CDS	34327	35112	99.8	+	0	ID=54_38;partial=00;start_type=ATG;rbs_motif=AGGAGG;rbs_spacer=5-10bp;gc_cont=0.399;conf=100.00;score=99.84;cscore=85.01;sscore=14.82;rscore=13.75;uscore=-0.76;tscore=2.49;
contig_51	Prodigal_v2.6.3	CDS	35137	36537	228.0	-	0	ID=54_39;partial=00;start_type=TTG;rbs_motif=GGAGG;rbs_spacer=5-10bp;gc_cont=0.385;conf=99.99;score=227.97;cscore=220.23;sscore=7.74;rscore=12.75;uscore=0.33;tscore=-4.70;
contig_51	Prodigal_v2.6.3	CDS	37376	37678	27.5	+	0	ID=54_40;partial=00;start_type=ATG;rbs_motif=None;rbs_spacer=None;gc_cont=0.320;conf=99.82;score=27.49;cscore=36.60;sscore=-9.11;rscore=-9.56;uscore=-2.04;tscore=2.49;
contig_51	Prodigal_v2.6.3	CDS	37675	38139	43.0	+	0	ID=54_41;partial=00;start_type=ATG;rbs_motif=None;rbs_spacer=None;gc_cont=0.381;conf=99.99;score=42.98;cscore=37.84;sscore=5.14;rscore=-9.56;uscore=1.36;tscore=2.49;
contig_51	Prodigal_v2.6.3	CDS	38090	39010	108.8	+	0	ID=54_42;partial=00;start_type=ATG;rbs_motif=GGA/GAG/AGG;rbs_spacer=5-10bp;gc_cont=0.339;conf=100.00;score=108.76;cscore=109.26;sscore=-0.50;rscore=-0.45;uscore=-2.54;tscore=2.49;
contig_51	Prodigal_v2.6.3	CDS	39138	39608	72.9	-	0	ID=54_43;partial=00;start_type=ATG;rbs_motif=None;rbs_spacer=None;gc_cont=0.386;conf=100.00;score=72.91;cscore=80.24;sscore=-7.33;rscore=-9.56;uscore=-0.26;tscore=2.49;
contig_51	Prodigal_v2.6.3	CDS	39735	40523	110.3	-	0	ID=54_44;partial=00;start_type=ATG;rbs_motif=AGGAGG;rbs_spacer=5-10bp;gc_cont=0.393;conf=100.00;score=110.28;cscore=93.30;sscore=16.98;rscore=13.75;uscore=1.40;tscore=2.49;
contig_51	Prodigal_v2.6.3	CDS	40951	41424	46.8	+	0	ID=54_45;partial=00;start_type=GTG;rbs_motif=None;rbs_spacer=None;gc_cont=0.376;conf=100.00;score=46.79;cscore=59.05;sscore=-12.26;rscore=-9.56;uscore=0.91;tscore=-3.61;
contig_51	Prodigal_v2.6.3	CDS	41421	41585	20.3	+	0	ID=54_46;partial=00;start_type=GTG;rbs_motif=None;rbs_spacer=None;gc_cont=0.388;conf=99.07;score=20.29;cscore=24.57;sscore=-4.28;rscore=-14.75;uscore=-4.81;tscore=-5.57;
contig_51	Prodigal_v2.6.3	CDS	41601	42413	134.5	+	0	ID=54_47;partial=00;start_type=ATG;rbs_motif=AGGAG;rbs_spacer=5-10bp;gc_cont=0.360;conf=100.00;score=134.46;cscore=118.72;sscore=15.74;rscore=12.22;uscore=-0.07;tscore=2.49;
contig_51	Prodigal_v2.6.3	CDS	42553	44766	327.1	+	0	ID=54_48;partial=00;start_type=TTG;rbs_motif=3Base/5BMM;rbs_spacer=13-15bp;gc_cont=0.378;conf=99.99;score=327.07;cscore=333.10;sscore=-6.03;rscore=-6.44;uscore=5.10;tscore=-4.70;
contig_51	Prodigal_v2.6.3	CDS	44726	45616	191.9	+	0	ID=54_49;partial=00;start_type=ATG;rbs_motif=AGxAG;rbs_spacer=11-12bp;gc_cont=0.401;conf=99.99;score=191.91;cscore=190.20;sscore=1.71;rscore=-5.40;uscore=4.62;tscore=2.49;
contig_51	Prodigal_v2.6.3	CDS	45862	46428	43.4	+	0	ID=54_50;partial=00;start_type=ATG;rbs_motif=GGAG/GAGG;rbs_spacer=5-10bp;gc_cont=0.360;conf=100.00;score=43.43;cscore=32.30;sscore=11.13;rscore=8.24;uscore=1.06;tscore=2.49;
contig_51	Prodigal_v2.6.3	CDS	46891	47253	83.2	+	0	ID=54_51;partial=00;start_type=ATG;rbs_motif=AGGAGG;rbs_spacer=5-10bp;gc_cont=0.388;conf=100.00;score=83.25;cscore=64.75;sscore=18.50;rscore=13.75;uscore=2.91;tscore=2.49;
contig_51	Prodigal_v2.6.3	CDS	47418	48110	127.5	+	0	ID=54_52;partial=00;start_type=ATG;rbs_motif=AGxAGG/AGGxGG;rbs_spacer=5-10bp;gc_cont=0.418;conf=100.00;score=127.52;cscore=112.94;sscore=14.58;rscore=9.68;uscore=2.41;tscore=2.49;
contig_51	Prodigal_v2.6.3	CDS	48112	49233	202.8	+	0	ID=54_53;partial=00;start_type=ATG;rbs_motif=AGGAG;rbs_spacer=5-10bp;gc_cont=0.422;conf=99.99;score=202.75;cscore=185.32;sscore=17.43;rscore=12.22;uscore=1.46;tscore=2.49;
contig_51	Prodigal_v2.6.3	CDS	49248	49472	35.0	+	0	ID=54_54;partial=00;start_type=ATG;rbs_motif=GGAG/GAGG;rbs_spacer=5-10bp;gc_cont=0.373;conf=99.97;score=34.98;cscore=22.57;sscore=12.41;rscore=7.32;uscore=1.77;tscore=2.21;
contig_51	Prodigal_v2.6.3	CDS	49585	49833	43.2	+	0	ID=54_55;partial=00;start_type=TTG;rbs_motif=GGAG/GAGG;rbs_spacer=5-10bp;gc_cont=0.349;conf=100.00;score=43.24;cscore=35.45;sscore=7.79;rscore=8.11;uscore=4.45;tscore=-4.77;
contig_51	Prodigal_v2.6.3	CDS	50048	50587	108.6	+	0	ID=54_56;partial=00;start_type=ATG;rbs_motif=AGGAGG;rbs_spacer=5-10bp;gc_cont=0.406;conf=100.00;score=108.58;cscore=91.31;sscore=17.27;rscore=13.75;uscore=1.68;tscore=2.49;
contig_51	Prodigal_v2.6.3	CDS	50653	50832	32.5	-	0	ID=54_57;partial=00;start_type=ATG;rbs_motif=GGAGG;rbs_spacer=5-10bp;gc_cont=0.322;conf=99.94;score=32.48;cscore=22.23;sscore=10.25;rscore=9.03;uscore=0.11;tscore=1.76;
contig_51	Prodigal_v2.6.3	CDS	51094	51720	78.3	+	0	ID=54_58;partial=00;start_type=ATG;rbs_motif=AGGAGG;rbs_spacer=5-10bp;gc_cont=0.367;conf=100.00;score=78.27;cscore=63.56;sscore=14.70;rscore=13.75;uscore=-1.54;tscore=2.49;
contig_51	Prodigal_v2.6.3	CDS	51794	52231	33.8	-	0	ID=54_59;partial=00;start_type=ATG;rbs_motif=None;rbs_spacer=None;gc_cont=0.395;conf=99.96;score=33.83;cscore=39.90;sscore=-6.07;rscore=-9.56;uscore=1.65;tscore=2.49;
contig_51	Prodigal_v2.6.3	CDS	52484	53290	110.5	-	0	ID=54_60;partial=00;start_type=TTG;rbs_motif=None;rbs_spacer=None;gc_cont=0.378;conf=100.00;score=110.47;cscore=122.45;sscore=-11.98;rscore=-9.56;uscore=1.38;tscore=-4.70;
contig_51	Prodigal_v2.6.3	CDS	53326	53610	41.5	-	0	ID=54_61;partial=00;start_type=ATG;rbs_motif=None;rbs_spacer=None;gc_cont=0.368;conf=99.99;score=41.48;cscore=46.90;sscore=-5.42;rscore=-9.56;uscore=0.49;tscore=2.49;
contig_51	Prodigal_v2.6.3	CDS	53621	53746	9.8	-	0	ID=54_62;partial=00;start_type=ATG;rbs_motif=AGxAGG/AGGxGG;rbs_spacer=5-10bp;gc_cont=0.357;conf=90.45;score=9.78;cscore=6.13;sscore=3.64;rscore=4.76;uscore=-1.69;tscore=1.22;
contig_51	Prodigal_v2.6.3	CDS	54010	55059	135.9	-	0	ID=54_63;partial=00;start_type=ATG;rbs_motif=None;rbs_spacer=None;gc_cont=0.369;conf=100.00;score=135.88;cscore=140.28;sscore=-4.40;rscore=-9.56;uscore=3.32;tscore=2.49;
contig_51	Prodigal_v2.6.3	CDS	55239	56750	214.0	+	0	ID=54_64;partial=00;start_type=TTG;rbs_motif=GGxGG;rbs_spacer=5-10bp;gc_cont=0.378;conf=99.99;score=214.04;cscore=213.57;sscore=0.47;rscore=6.77;uscore=-1.61;tscore=-4.70;
contig_51	Prodigal_v2.6.3	CDS	56750	57469	115.7	+	0	ID=54_65;partial=00;start_type=ATG;rbs_motif=None;rbs_spacer=None;gc_cont=0.381;conf=100.00;score=115.71;cscore=111.94;sscore=3.77;rscore=-9.56;uscore=-2.35;tscore=2.49;
contig_51	Prodigal_v2.6.3	CDS	57517	58485	190.2	-	0	ID=54_66;partial=00;start_type=ATG;rbs_motif=AGGAG/GGAGG;rbs_spacer=11-12bp;gc_cont=0.394;conf=99.99;score=190.21;cscore=176.40;sscore=13.81;rscore=9.05;uscore=2.27;tscore=2.49;
contig_51	Prodigal_v2.6.3	CDS	58562	59056	47.9	-	0	ID=54_67;partial=00;start_type=ATG;rbs_motif=AGGAG;rbs_spacer=5-10bp;gc_cont=0.467;conf=100.00;score=47.88;cscore=31.20;sscore=16.68;rscore=12.22;uscore=1.97;tscore=2.49;
contig_51	Prodigal_v2.6.3	CDS	59218	59925	119.1	-	0	ID=54_68;partial=00;start_type=ATG;rbs_motif=AGGAG/GGAGG;rbs_spacer=11-12bp;gc_cont=0.345;conf=100.00;score=119.14;cscore=104.49;sscore=14.65;rscore=9.05;uscore=1.86;tscore=2.49;
contig_51	Prodigal_v2.6.3	CDS	59918	62623	349.9	-	0	ID=54_69;partial=00;start_type=ATG;rbs_motif=GGAG/GAGG;rbs_spacer=5-10bp;gc_cont=0.354;conf=99.99;score=349.89;cscore=338.41;sscore=11.48;rscore=8.24;uscore=1.41;tscore=2.49;
contig_51	Prodigal_v2.6.3	CDS	62997	64691	217.1	+	0	ID=54_70;partial=00;start_type=ATG;rbs_motif=AGGAGG;rbs_spacer=5-10bp;gc_cont=0.357;conf=99.99;score=217.14;cscore=201.18;sscore=15.95;rscore=13.75;uscore=-0.28;tscore=2.49;
contig_51	Prodigal_v2.6.3	CDS	64707	65549	101.9	+	0	ID=54_71;partial=00;start_type=ATG;rbs_motif=GGAGG;rbs_spacer=5-10bp;gc_cont=0.359;conf=100.00;score=101.88;cscore=85.47;sscore=16.41;rscore=12.75;uscore=0.06;tscore=2.49;
contig_51	Prodigal_v2.6.3	CDS	65542	66771	150.3	+	0	ID=54_72;partial=00;start_type=ATG;rbs_motif=None;rbs_spacer=None;gc_cont=0.396;conf=100.00;score=150.27;cscore=156.61;sscore=-6.35;rscore=-9.56;uscore=-0.53;tscore=2.49;
contig_51	Prodigal_v2.6.3	CDS	66783	67094	43.2	+	0	ID=54_73;partial=00;start_type=ATG;rbs_motif=AGGAGG;rbs_spacer=5-10bp;gc_cont=0.365;conf=100.00;score=43.18;cscore=28.48;sscore=14.69;rscore=13.75;uscore=-2.70;tscore=2.49;
contig_51	Prodigal_v2.6.3	CDS	67072	67347	21.9	+	0	ID=54_74;partial=00;start_type=GTG;rbs_motif=None;rbs_spacer=None;gc_cont=0.409;conf=99.35;score=21.91;cscore=33.79;sscore=-11.88;rscore=-9.56;uscore=1.29;tscore=-3.61;
contig_51	Prodigal_v2.6.3	CDS	67479	68534	206.8	-	0	ID=54_75;partial=00;start_type=ATG;rbs_motif=GGAGG;rbs_spacer=5-10bp;gc_cont=0.420;conf=99.99;score=206.75;cscore=190.25;sscore=16.50;rscore=12.75;uscore=1.92;tscore=2.49;
contig_51	Prodigal_v2.6.3	CDS	68825	70129	261.7	+	0	ID=54_76;partial=00;start_type=ATG;rbs_motif=AGGAGG;rbs_spacer=5-10bp;gc_cont=0.384;conf=99.99;score=261.73;cscore=242.46;sscore=19.27;rscore=13.75;uscore=3.03;tscore=2.49;
contig_51	Prodigal_v2.6.3	CDS	70142	71035	155.5	+	0	ID=54_77;partial=00;start_type=ATG;rbs_motif=AGxAGG/AGGxGG;rbs_spacer=5-10bp;gc_cont=0.396;conf=100.00;score=155.50;cscore=141.73;sscore=13.78;rscore=9.68;uscore=0.47;tscore=2.49;
contig_51	Prodigal_v2.6.3	CDS	71080	71316	37.2	-	0	ID=54_78;partial=00;start_type=TTG;rbs_motif=AGGAGG;rbs_spacer=5-10bp;gc_cont=0.376;conf=99.98;score=37.15;cscore=26.21;sscore=10.94;rscore=12.87;uscore=3.74;tscore=-5.02;
contig_51	Prodigal_v2.6.3	CDS	71482	72228	89.8	+	0	ID=54_79;partial=00;start_type=ATG;rbs_motif=AGxAG;rbs_spacer=5-10bp;gc_cont=0.380;conf=100.00;score=89.78;cscore=91.94;sscore=-2.16;rscore=-8.29;uscore=3.64;tscore=2.49;
contig_51	Prodigal_v2.6.3	CDS	72242	73105	129.1	+	0	ID=54_80;partial=00;start_type=ATG;rbs_motif=AGGAG;rbs_spacer=5-10bp;gc_cont=0.395;conf=100.00;score=129.07;cscore=113.21;sscore=15.86;rscore=12.22;uscore=0.02;tscore=2.49;
contig_51	Prodigal_v2.6.3	CDS	73102	73530	59.5	+	0	ID=54_81;partial=00;start_type=ATG;rbs_motif=GGAGG;rbs_spacer=5-10bp;gc_cont=0.336;conf=100.00;score=59.48;cscore=42.35;sscore=17.13;rscore=12.75;uscore=0.60;tscore=2.49;
contig_51	Prodigal_v2.6.3	CDS	73644	73976	9.6	-	0	ID=54_82;partial=00;start_type=ATG;rbs_motif=GGAGG;rbs_spacer=5-10bp;gc_cont=0.366;conf=90.16;score=9.64;cscore=-6.93;sscore=16.57;rscore=12.75;uscore=2.48;tscore=2.49;
contig_51	Prodigal_v2.6.3	CDS	74256	75344	173.1	-	0	ID=54_83;partial=00;start_type=TTG;rbs_motif=AGGAG;rbs_spacer=5-10bp;gc_cont=0.380;conf=100.00;score=173.13;cscore=165.94;sscore=7.19;rscore=12.22;uscore=0.32;tscore=-4.70;
contig_51	Prodigal_v2.6.3	CDS	75740	76276	93.1	+	0	ID=54_84;partial=00;start_type=ATG;rbs_motif=GGAG/GAGG;rbs_spacer=5-10bp;gc_cont=0.397;conf=100.00;score=93.09;cscore=76.72;sscore=16.38;rscore=8.24;uscore=5.65;tscore=2.49;
contig_51	Prodigal_v2.6.3	CDS	76778	76999	10.0	+	0	ID=54_85;partial=00;start_type=TTG;rbs_motif=None;rbs_spacer=None;gc_cont=0.351;conf=90.89;score=10.00;cscore=25.29;sscore=-15.29;rscore=-10.91;uscore=1.64;tscore=-5.36;
contig_51	Prodigal_v2.6.3	CDS	77032	77541	69.2	-	0	ID=54_86;partial=00;start_type=TTG;rbs_motif=AGGAGG;rbs_spacer=5-10bp;gc_cont=0.410;conf=100.00;score=69.17;cscore=58.40;sscore=10.76;rscore=13.75;uscore=1.71;tscore=-4.70;
contig_51	Prodigal_v2.6.3	CDS	77621	78322	74.6	-	0	ID=54_87;partial=00;start_type=GTG;rbs_motif=GGA/GAG/AGG;rbs_spacer=11-12bp;gc_cont=0.372;conf=100.00;score=74.65;cscore=76.26;sscore=-1.61;rscore=-0.79;uscore=1.60;tscore=-3.61;
contig_51	Prodigal_v2.6.3	CDS	78331	79914	202.3	-	0	ID=54_88;partial=00;start_type=ATG;rbs_motif=None;rbs_spacer=None;gc_cont=0.355;conf=99.99;score=202.29;cscore=209.11;sscore=-6.82;rscore=-9.56;uscore=0.91;tscore=2.49;
contig_51	Prodigal_v2.6.3	CDS	80111	80590	82.7	+	0	ID=54_89;partial=00;start_type=GTG;rbs_motif=AGGAGG;rbs_spacer=11-12bp;gc_cont=0.327;conf=100.00;score=82.69;cscore=72.63;sscore=10.06;rscore=10.68;uscore=3.00;tscore=-3.61;
contig_51	Prodigal_v2.6.3	CDS	80691	81392	104.6	+	0	ID=54_90;partial=00;start_type=ATG;rbs_motif=GGAGG;rbs_spacer=5-10bp;gc_cont=0.416;conf=100.00;score=104.57;cscore=89.44;sscore=15.13;rscore=12.75;uscore=-0.11;tscore=2.49;
contig_51	Prodigal_v2.6.3	CDS	81984	82541	88.4	+	0	ID=54_91;partial=00;start_type=ATG;rbs_motif=AGGA;rbs_spacer=5-10bp;gc_cont=0.373;conf=100.00;score=88.39;cscore=78.04;sscore=10.36;rscore=4.23;uscore=4.30;tscore=2.49;
contig_51	Prodigal_v2.6.3	CDS	82665	83231	76.9	+	0	ID=54_92;partial=00;start_type=ATG;rbs_motif=None;rbs_spacer=None;gc_cont=0.395;conf=100.00;score=76.92;cscore=87.55;sscore=-10.63;rscore=-9.56;uscore=-3.56;tscore=2.49;
contig_51	Prodigal_v2.6.3	CDS	83545	84495	119.5	+	0	ID=54_93;partial=00;start_type=ATG;rbs_motif=AGGA;rbs_spacer=5-10bp;gc_cont=0.377;conf=100.00;score=119.52;cscore=109.96;sscore=9.57;rscore=4.23;uscore=3.51;tscore=2.49;
contig_51	Prodigal_v2.6.3	CDS	84565	85155	67.9	-	0	ID=54_94;partial=00;start_type=GTG;rbs_motif=4Base/6BMM;rbs_spacer=13-15bp;gc_cont=0.433;conf=100.00;score=67.90;cscore=72.62;sscore=-4.72;rscore=-3.98;uscore=1.65;tscore=-3.61;
contig_51	Prodigal_v2.6.3	CDS	85160	85297	10.1	-	0	ID=54_95;partial=00;start_type=ATG;rbs_motif=AGGA;rbs_spacer=5-10bp;gc_cont=0.362;conf=90.99;score=10.06;cscore=6.01;sscore=4.05;rscore=2.28;uscore=1.08;tscore=1.34;
contig_51	Prodigal_v2.6.3	CDS	85558	86007	54.5	-	0	ID=54_96;partial=00;start_type=ATG;rbs_motif=GGA/GAG/AGG;rbs_spacer=5-10bp;gc_cont=0.373;conf=100.00;score=54.50;cscore=49.93;sscore=4.57;rscore=-0.45;uscore=2.54;tscore=2.49;
contig_51	Prodigal_v2.6.3	CDS	86146	86550	54.9	-	0	ID=54_97;partial=00;start_type=ATG;rbs_motif=AGxAGG/AGGxGG;rbs_spacer=5-10bp;gc_cont=0.338;conf=100.00;score=54.88;cscore=41.16;sscore=13.72;rscore=9.68;uscore=1.56;tscore=2.49;
contig_51	Prodigal_v2.6.3	CDS	86641	87915	196.5	-	0	ID=54_98;partial=00;start_type=GTG;rbs_motif=GGA/GAG/AGG;rbs_spacer=5-10bp;gc_cont=0.364;conf=99.99;score=196.53;cscore=203.80;sscore=-7.27;rscore=-0.45;uscore=-3.22;tscore=-3.61;
contig_51	Prodigal_v2.6.3	CDS	88008	88325	25.4	-	0	ID=54_99;partial=00;start_type=TTG;rbs_motif=None;rbs_spacer=None;gc_cont=0.355;conf=99.71;score=25.36;cscore=41.56;sscore=-16.21;rscore=-9.56;uscore=-1.30;tscore=-4.70;
contig_51	Prodigal_v2.6.3	CDS	88565	89059	43.8	-	0	ID=54_100;partial=00;start_type=GTG;rbs_motif=GGAGG;rbs_spacer=5-10bp;gc_cont=0.386;conf=100.00;score=43.81;cscore=35.35;sscore=8.46;rscore=12.75;uscore=-0.03;tscore=-3.61;
contig_51	Prodigal_v2.6.3	CDS	89249	89377	16.2	+	0	ID=54_101;partial=00;start_type=ATG;rbs_motif=GGAG/GAGG;rbs_spacer=5-10bp;gc_cont=0.326;conf=97.62;score=16.16;cscore=8.47;sscore=7.69;rscore=4.15;uscore=2.28;tscore=1.25;
contig_51	Prodigal_v2.6.3	CDS	90050	92137	346.7	+	0	ID=54_102;partial=00;start_type=ATG;rbs_motif=AGGAG;rbs_spacer=5-10bp;gc_cont=0.411;conf=99.99;score=346.72;cscore=332.11;sscore=14.61;rscore=12.22;uscore=0.55;tscore=2.49;
contig_51	Prodigal_v2.6.3	CDS	92198	92770	79.8	-	0	ID=54_103;partial=00;start_type=ATG;rbs_motif=AGGAGG;rbs_spacer=5-10bp;gc_cont=0.365;conf=100.00;score=79.76;cscore=65.53;sscore=14.23;rscore=13.75;uscore=-3.15;tscore=2.49;
contig_51	Prodigal_v2.6.3	CDS	92783	93898	226.5	-	0	ID=54_104;partial=00;start_type=ATG;rbs_motif=AGGAG;rbs_spacer=5-10bp;gc_cont=0.392;conf=99.99;score=226.54;cscore=212.36;sscore=14.17;rscore=12.22;uscore=-0.53;tscore=2.49;
contig_51	Prodigal_v2.6.3	CDS	93995	94339	39.4	-	0	ID=54_105;partial=00;start_type=TTG;rbs_motif=AGGAGG;rbs_spacer=5-10bp;gc_cont=0.388;conf=99.99;score=39.37;cscore=29.77;sscore=9.61;rscore=13.75;uscore=-0.16;tscore=-4.70;
contig_51	Prodigal_v2.6.3	CDS	94392	94910	64.5	-	0	ID=54_106;partial=00;start_type=ATG;rbs_motif=GGAGG;rbs_spacer=5-10bp;gc_cont=0.364;conf=100.00;score=64.53;cscore=50.04;sscore=14.49;rscore=12.75;uscore=-0.10;tscore=2.49;
contig_51	Prodigal_v2.6.3	CDS	95105	96736	242.6	+	0	ID=54_107;partial=00;start_type=TTG;rbs_motif=GGAG/GAGG;rbs_spacer=5-10bp;gc_cont=0.388;conf=99.99;score=242.63;cscore=237.44;sscore=5.19;rscore=8.24;uscore=1.65;tscore=-4.70;
contig_51	Prodigal_v2.6.3	CDS	96799	97278	83.3	+	0	ID=54_108;partial=00;start_type=ATG;rbs_motif=AGGAG;rbs_spacer=5-10bp;gc_cont=0.383;conf=100.00;score=83.27;cscore=67.30;sscore=15.97;rscore=12.22;uscore=1.26;tscore=2.49;
contig_51	Prodigal_v2.6.3	CDS	97454	98059	102.8	+	0	ID=54_109;partial=00;start_type=ATG;rbs_motif=GGAGG;rbs_spacer=5-10bp;gc_cont=0.411;conf=100.00;score=102.85;cscore=86.13;sscore=16.72;rscore=12.75;uscore=1.48;tscore=2.49;
contig_51	Prodigal_v2.6.3	CDS	98340	100544	416.7	+	0	ID=54_110;partial=00;start_type=ATG;rbs_motif=AGGAGG;rbs_spacer=5-10bp;gc_cont=0.387;conf=99.99;score=416.68;cscore=398.68;sscore=17.99;rscore=13.75;uscore=2.41;tscore=2.49;
contig_51	Prodigal_v2.6.3	CDS	100801	100992	16.5	-	0	ID=54_111;partial=00;start_type=ATG;rbs_motif=AGGAG(G)/GGAGG;rbs_spacer=13-15bp;gc_cont=0.312;conf=97.79;score=16.49;cscore=16.21;sscore=0.29;rscore=-4.02;uscore=3.07;tscore=1.88;
contig_51	Prodigal_v2.6.3	CDS	101236	102210	204.3	+	0	ID=54_112;partial=00;start_type=ATG;rbs_motif=GGAGG;rbs_spacer=5-10bp;gc_cont=0.392;conf=99.99;score=204.34;cscore=185.93;sscore=18.41;rscore=12.75;uscore=3.17;tscore=2.49;
contig_51	Prodigal_v2.6.3	CDS	102275	103222	151.9	+	0	ID=54_113;partial=00;start_type=ATG;rbs_motif=AGGAG;rbs_spacer=5-10bp;gc_cont=0.370;conf=100.00;score=151.86;cscore=140.49;sscore=11.37;rscore=12.22;uscore=-3.34;tscore=2.49;
contig_51	Prodigal_v2.6.3	CDS	103224	104102	148.2	+	0	ID=54_114;partial=00;start_type=ATG;rbs_motif=GGAGG;rbs_spacer=5-10bp;gc_cont=0.382;conf=100.00;score=148.19;cscore=133.85;sscore=14.34;rscore=12.75;uscore=-2.16;tscore=2.49;
contig_51	Prodigal_v2.6.3	CDS	104115	104948	152.7	+	0	ID=54_115;partial=00;start_type=ATG;rbs_motif=GGAG/GAGG;rbs_spacer=5-10bp;gc_cont=0.378;conf=100.00;score=152.74;cscore=140.71;sscore=12.02;rscore=8.24;uscore=0.15;tscore=2.49;
contig_51	Prodigal_v2.6.3	CDS	104962	105621	106.4	+	0	ID=54_116;partial=00;start_type=ATG;rbs_motif=AGGAGG;rbs_spacer=5-10bp;gc_cont=0.386;conf=100.00;score=106.36;cscore=90.99;sscore=15.37;rscore=13.75;uscore=-2.00;tscore=2.49;
contig_51	Prodigal_v2.6.3	CDS	105799	106098	30.3	+	0	ID=54_117;partial=00;start_type=ATG;rbs_motif=AGGAGG;rbs_spacer=5-10bp;gc_cont=0.323;conf=99.90;score=30.26;cscore=13.94;sscore=16.33;rscore=13.75;uscore=0.09;tscore=2.49;
contig_51	Prodigal_v2.6.3	CDS	106737	106850	5.4	+	0	ID=54_118;partial=00;start_type=ATG;rbs_motif=AGGAG;rbs_spacer=5-10bp;gc_cont=0.360;conf=77.59;score=5.40;cscore=2.19;sscore=3.21;rscore=5.43;uscore=-2.66;tscore=1.10;
contig_51	Prodigal_v2.6.3	CDS	106952	107164	1.0	+	0	ID=54_119;partial=00;start_type=ATG;rbs_motif=None;rbs_spacer=None;gc_cont=0.305;conf=55.73;score=1.00;cscore=9.85;sscore=-8.85;rscore=-11.38;uscore=0.44;tscore=2.09;
contig_51	Prodigal_v2.6.3	CDS	107130	107327	3.8	+	0	ID=54_120;partial=00;start_type=ATG;rbs_motif=GGAG/GAGG;rbs_spacer=5-10bp;gc_cont=0.394;conf=70.35;score=3.76;cscore=-5.69;sscore=9.44;rscore=6.43;uscore=1.58;tscore=1.94;
contig_51	Prodigal_v2.6.3	CDS	107436	107690	10.6	+	0	ID=54_121;partial=00;start_type=GTG;rbs_motif=AGGAG/GGAGG;rbs_spacer=11-12bp;gc_cont=0.357;conf=91.92;score=10.58;cscore=3.10;sscore=7.47;rscore=9.05;uscore=2.03;tscore=-3.61;
contig_51	Prodigal_v2.6.3	CDS	108201	108296	6.8	+	0	ID=54_122;partial=00;start_type=ATG;rbs_motif=AGGAG;rbs_spacer=5-10bp;gc_cont=0.396;conf=82.72;score=6.81;cscore=1.52;sscore=5.29;rscore=4.55;uscore=0.47;tscore=0.93;
contig_51	Prodigal_v2.6.3	CDS	108298	108762	48.8	+	0	ID=54_123;partial=00;start_type=ATG;rbs_motif=GGA/GAG/AGG;rbs_spacer=5-10bp;gc_cont=0.383;conf=100.00;score=48.79;cscore=46.38;sscore=2.40;rscore=-0.45;uscore=-0.90;tscore=2.49;
contig_51	Prodigal_v2.6.3	CDS	108865	109437	66.7	+	0	ID=54_124;partial=00;start_type=TTG;rbs_motif=4Base/6BMM;rbs_spacer=13-15bp;gc_cont=0.429;conf=100.00;score=66.74;cscore=73.85;sscore=-7.11;rscore=-3.98;uscore=1.57;tscore=-4.70;
contig_51	Prodigal_v2.6.3	CDS	109584	109940	10.1	+	0	ID=54_125;partial=00;start_type=ATG;rbs_motif=GGAGG;rbs_spacer=5-10bp;gc_cont=0.392;conf=90.99;score=10.06;cscore=-2.61;sscore=12.67;rscore=12.75;uscore=-2.08;tscore=2.49;
contig_51	Prodigal_v2.6.3	CDS	110202	110414	15.5	-	0	ID=54_126;partial=00;start_type=ATG;rbs_motif=None;rbs_spacer=None;gc_cont=0.366;conf=97.27;score=15.54;cscore=24.75;sscore=-9.20;rscore=-11.38;uscore=0.09;tscore=2.09;
contig_51	Prodigal_v2.6.3	CDS	110561	110695	7.5	-	0	ID=54_127;partial=00;start_type=ATG;rbs_motif=GGxGG;rbs_spacer=5-10bp;gc_cont=0.370;conf=84.82;score=7.48;cscore=4.78;sscore=2.70;rscore=3.58;uscore=-3.43;tscore=1.31;
contig_51	Prodigal_v2.6.3	CDS	110699	110887	6.6	-	0	ID=54_128;partial=00;start_type=ATG;rbs_motif=None;rbs_spacer=None;gc_cont=0.413;conf=81.96;score=6.58;cscore=22.00;sscore=-15.42;rscore=-12.85;uscore=-4.42;tscore=1.85;
contig_51	Prodigal_v2.6.3	CDS	111562	111768	32.7	+	0	ID=54_129;partial=00;start_type=ATG;rbs_motif=AGGAGG;rbs_spacer=5-10bp;gc_cont=0.367;conf=99.95;score=32.67;cscore=18.82;sscore=13.85;rscore=11.22;uscore=0.60;tscore=2.03;
contig_51	Prodigal_v2.6.3	CDS	111807	112097	25.1	+	0	ID=54_130;partial=00;start_type=ATG;rbs_motif=None;rbs_spacer=None;gc_cont=0.405;conf=99.69;score=25.07;cscore=31.88;sscore=-6.81;rscore=-9.56;uscore=-0.60;tscore=2.49;
contig_51	Prodigal_v2.6.3	CDS	112638	112922	11.6	+	0	ID=54_131;partial=00;start_type=GTG;rbs_motif=AGGAGG;rbs_spacer=5-10bp;gc_cont=0.305;conf=93.46;score=11.57;cscore=-1.41;sscore=12.98;rscore=13.75;uscore=3.99;tscore=-3.61;
contig_51	Prodigal_v2.6.3	CDS	112991	113209	8.0	+	0	ID=54_132;partial=00;start_type=TTG;rbs_motif=AGxAG;rbs_spacer=5-10bp;gc_cont=0.361;conf=86.26;score=7.99;cscore=23.35;sscore=-15.36;rscore=-9.59;uscore=-0.33;tscore=-5.44;
contig_51	Prodigal_v2.6.3	CDS	113313	114407	142.1	+	0	ID=54_133;partial=00;start_type=GTG;rbs_motif=None;rbs_spacer=None;gc_cont=0.360;conf=100.00;score=142.07;cscore=156.90;sscore=-14.82;rscore=-9.56;uscore=-1.66;tscore=-3.61;
contig_51	Prodigal_v2.6.3	CDS	115178	115306	16.4	+	0	ID=54_134;partial=00;start_type=ATG;rbs_motif=AGGAG;rbs_spacer=5-10bp;gc_cont=0.349;conf=97.76;score=16.43;cscore=8.43;sscore=8.00;rscore=6.16;uscore=1.24;tscore=1.25;
contig_51	Prodigal_v2.6.3	CDS	115372	116127	84.5	+	0	ID=54_135;partial=00;start_type=ATG;rbs_motif=GGA/GAG/AGG;rbs_spacer=11-12bp;gc_cont=0.382;conf=100.00;score=84.49;cscore=86.25;sscore=-1.76;rscore=-0.79;uscore=-3.46;tscore=2.49;
contig_51	Prodigal_v2.6.3	CDS	116124	116339	8.6	+	0	ID=54_136;partial=00;start_type=TTG;rbs_motif=4Base/6BMM;rbs_spacer=13-15bp;gc_cont=0.343;conf=87.81;score=8.59;cscore=12.60;sscore=-4.01;rscore=-4.67;uscore=0.21;tscore=-5.51;
contig_51	Prodigal_v2.6.3	CDS	116394	116642	18.4	-	0	ID=54_137;partial=00;start_type=TTG;rbs_motif=AGGAGG;rbs_spacer=5-10bp;gc_cont=0.297;conf=98.56;score=18.38;cscore=11.26;sscore=7.13;rscore=13.53;uscore=-0.98;tscore=-4.77;
contig_51	Prodigal_v2.6.3	CDS	117498	117740	37.8	-	0	ID=54_138;partial=00;start_type=ATG;rbs_motif=AGGAGG;rbs_spacer=5-10bp;gc_cont=0.362;conf=99.98;score=37.75;cscore=21.96;sscore=15.79;rscore=13.20;uscore=0.85;tscore=2.39;
contig_51	Prodigal_v2.6.3	CDS	117959	118378	37.4	-	0	ID=54_139;partial=00;start_type=ATG;rbs_motif=None;rbs_spacer=None;gc_cont=0.367;conf=99.98;score=37.45;cscore=43.61;sscore=-6.16;rscore=-9.56;uscore=1.56;tscore=2.49;
contig_51	Prodigal_v2.6.3	CDS	118901	119920	111.3	+	0	ID=54_140;partial=00;start_type=ATG;rbs_motif=GGAG/GAGG;rbs_spacer=5-10bp;gc_cont=0.385;conf=100.00;score=111.27;cscore=98.03;sscore=13.24;rscore=8.24;uscore=2.51;tscore=2.49;
contig_51	Prodigal_v2.6.3	CDS	119895	120968	96.6	+	0	ID=54_141;partial=00;start_type=ATG;rbs_motif=GGAG/GAGG;rbs_spacer=5-10bp;gc_cont=0.365;conf=100.00;score=96.63;cscore=83.65;sscore=12.98;rscore=8.24;uscore=2.26;tscore=2.49;
contig_51	Prodigal_v2.6.3	CDS	120979	121317	58.4	+	0	ID=54_142;partial=00;start_type=ATG;rbs_motif=AGGAGG;rbs_spacer=5-10bp;gc_cont=0.354;conf=100.00;score=58.44;cscore=41.92;sscore=16.52;rscore=13.75;uscore=-0.88;tscore=2.49;
contig_51	Prodigal_v2.6.3	CDS	121317	121754	46.8	+	0	ID=54_143;partial=00;start_type=ATG;rbs_motif=GGA/GAG/AGG;rbs_spacer=5-10bp;gc_cont=0.340;conf=100.00;score=46.78;cscore=43.01;sscore=3.77;rscore=-0.45;uscore=-1.16;tscore=2.49;
contig_51	Prodigal_v2.6.3	CDS	121747	122064	37.0	+	0	ID=54_144;partial=00;start_type=TTG;rbs_motif=GGAG/GAGG;rbs_spacer=5-10bp;gc_cont=0.381;conf=99.98;score=36.96;cscore=30.14;sscore=6.83;rscore=8.24;uscore=2.03;tscore=-4.70;
contig_51	Prodigal_v2.6.3	CDS	122057	122482	33.7	+	0	ID=54_145;partial=00;start_type=ATG;rbs_motif=GGA/GAG/AGG;rbs_spacer=5-10bp;gc_cont=0.336;conf=99.96;score=33.66;cscore=30.67;sscore=2.99;rscore=-0.45;uscore=-0.30;tscore=2.49;
contig_51	Prodigal_v2.6.3	CDS	122460	122660	18.1	+	0	ID=54_146;partial=00;start_type=ATG;rbs_motif=AGGAG;rbs_spacer=5-10bp;gc_cont=0.318;conf=98.48;score=18.15;cscore=6.14;sscore=12.01;rscore=9.68;uscore=0.36;tscore=1.97;
contig_51	Prodigal_v2.6.3	CDS	122681	123196	55.1	+	0	ID=54_147;partial=00;start_type=TTG;rbs_motif=AGxAGG/AGGxGG;rbs_spacer=5-10bp;gc_cont=0.378;conf=100.00;score=55.13;cscore=47.59;sscore=7.54;rscore=9.68;uscore=1.50;tscore=-4.70;
contig_51	Prodigal_v2.6.3	CDS	123682	124785	218.8	+	0	ID=54_148;partial=00;start_type=ATG;rbs_motif=AGxAGG/AGGxGG;rbs_spacer=5-10bp;gc_cont=0.389;conf=99.99;score=218.82;cscore=204.15;sscore=14.66;rscore=9.68;uscore=3.15;tscore=2.49;
contig_51	Prodigal_v2.6.3	CDS	124811	126157	268.7	+	0	ID=54_149;partial=00;start_type=ATG;rbs_motif=GGA/GAG/AGG;rbs_spacer=5-10bp;gc_cont=0.407;conf=99.99;score=268.69;cscore=262.07;sscore=6.62;rscore=-0.45;uscore=3.58;tscore=2.49;
contig_51	Prodigal_v2.6.3	CDS	126150	127613	282.2	+	0	ID=54_150;partial=00;start_type=ATG;rbs_motif=GGxGG;rbs_spacer=5-10bp;gc_cont=0.417;conf=99.99;score=282.19;cscore=270.33;sscore=11.85;rscore=6.77;uscore=1.35;tscore=2.49;
contig_51	Prodigal_v2.6.3	CDS	128084	128770	70.1	+	0	ID=54_151;partial=00;start_type=TTG;rbs_motif=GGA/GAG/AGG;rbs_spacer=5-10bp;gc_cont=0.323;conf=100.00;score=70.12;cscore=71.81;sscore=-1.69;rscore=-0.45;uscore=4.11;tscore=-4.70;
contig_51	Prodigal_v2.6.3	CDS	128801	129748	137.2	+	0	ID=54_152;partial=00;start_type=ATG;rbs_motif=GGxGG;rbs_spacer=5-10bp;gc_cont=0.377;conf=100.00;score=137.16;cscore=123.11;sscore=14.05;rscore=6.77;uscore=3.85;tscore=2.49;
contig_51	Prodigal_v2.6.3	CDS	129927	130163	14.3	+	0	ID=54_153;partial=00;start_type=GTG;rbs_motif=None;rbs_spacer=None;gc_cont=0.380;conf=96.43;score=14.34;cscore=29.14;sscore=-14.79;rscore=-10.21;uscore=-0.07;tscore=-3.86;
contig_51	Prodigal_v2.6.3	CDS	130440	130598	29.9	+	0	ID=54_154;partial=00;start_type=ATG;rbs_motif=GGAG/GAGG;rbs_spacer=5-10bp;gc_cont=0.333;conf=99.90;score=29.90;cscore=20.17;sscore=9.72;rscore=5.14;uscore=3.68;tscore=1.55;
contig_51	Prodigal_v2.6.3	CDS	130580	131683	67.5	+	0	ID=54_155;partial=00;start_type=GTG;rbs_motif=GGA/GAG/AGG;rbs_spacer=5-10bp;gc_cont=0.274;conf=100.00;score=67.46;cscore=67.50;sscore=-0.05;rscore=-0.45;uscore=4.01;tscore=-3.61;
contig_51	Prodigal_v2.6.3	CDS	131878	132399	54.2	+	0	ID=54_156;partial=00;start_type=TTG;rbs_motif=AGGA;rbs_spacer=5-10bp;gc_cont=0.364;conf=100.00;score=54.22;cscore=54.74;sscore=-0.52;rscore=4.23;uscore=0.60;tscore=-4.70;
contig_51	Prodigal_v2.6.3	CDS	132356	132931	39.5	+	0	ID=54_157;partial=00;start_type=ATG;rbs_motif=GGA/GAG/AGG;rbs_spacer=5-10bp;gc_cont=0.368;conf=99.99;score=39.50;cscore=38.92;sscore=0.59;rscore=-0.45;uscore=-1.45;tscore=2.49;
contig_51	Prodigal_v2.6.3	CDS	133196	133315	8.6	+	0	ID=54_158;partial=00;start_type=TTG;rbs_motif=AGGAGG;rbs_spacer=5-10bp;gc_cont=0.375;conf=87.87;score=8.62;cscore=11.89;sscore=-3.28;rscore=6.44;uscore=0.97;tscore=-10.04;
contig_51	Prodigal_v2.6.3	CDS	133441	136044	377.2	+	0	ID=54_159;partial=00;start_type=GTG;rbs_motif=None;rbs_spacer=None;gc_cont=0.346;conf=99.99;score=377.22;cscore=393.30;sscore=-16.08;rscore=-9.56;uscore=-2.91;tscore=-3.61;
contig_51	Prodigal_v2.6.3	CDS	136199	137500	191.5	+	0	ID=54_160;partial=00;start_type=ATG;rbs_motif=AGxAGG/AGGxGG;rbs_spacer=11-12bp;gc_cont=0.377;conf=99.99;score=191.45;cscore=178.86;sscore=12.59;rscore=6.48;uscore=3.63;tscore=2.49;
contig_51	Prodigal_v2.6.3	CDS	137801	139021	177.5	+	0	ID=54_161;partial=00;start_type=ATG;rbs_motif=GGAGG;rbs_spacer=5-10bp;gc_cont=0.388;conf=100.00;score=177.50;cscore=161.48;sscore=16.03;rscore=12.75;uscore=1.44;tscore=2.49;
contig_51	Prodigal_v2.6.3	CDS	139041	140456	253.3	+	0	ID=54_162;partial=00;start_type=ATG;rbs_motif=GGAGG;rbs_spacer=5-10bp;gc_cont=0.429;conf=99.99;score=253.29;cscore=232.38;sscore=20.91;rscore=12.75;uscore=4.60;tscore=2.49;
contig_51	Prodigal_v2.6.3	CDS	140526	141491	135.8	+	0	ID=54_163;partial=00;start_type=ATG;rbs_motif=AGGAG;rbs_spacer=5-10bp;gc_cont=0.425;conf=100.00;score=135.77;cscore=121.83;sscore=13.94;rscore=12.22;uscore=-0.77;tscore=2.49;
contig_51	Prodigal_v2.6.3	CDS	141526	142863	157.7	-	0	ID=54_164;partial=00;start_type=GTG;rbs_motif=AGxAGG/AGGxGG;rbs_spacer=5-10bp;gc_cont=0.388;conf=100.00;score=157.73;cscore=154.24;sscore=3.49;rscore=9.68;uscore=-2.58;tscore=-3.61;
# Sequence Data: seqnum=55;seqlen=72308;seqhdr="contig_27"
# Model Data: version=Prodigal.v2.6.3;run_type=Single;model="Ab initio";gc_cont=37.70;transl_table=11;uses_sd=1
contig_27	Prodigal_v2.6.3	CDS	265	2118	271.5	-	0	ID=55_1;partial=00;start_type=ATG;rbs_motif=GGA/GAG/AGG;rbs_spacer=5-10bp;gc_cont=0.392;conf=99.99;score=271.52;cscore=267.43;sscore=4.09;rscore=-0.45;uscore=2.05;tscore=2.49;
contig_27	Prodigal_v2.6.3	CDS	2288	2902	73.8	-	0	ID=55_2;partial=00;start_type=ATG;rbs_motif=AGGAGG;rbs_spacer=5-10bp;gc_cont=0.379;conf=100.00;score=73.78;cscore=58.23;sscore=15.55;rscore=13.75;uscore=-1.69;tscore=2.49;
contig_27	Prodigal_v2.6.3	CDS	2928	4385	231.2	-	0	ID=55_3;partial=00;start_type=ATG;rbs_motif=GGAGG;rbs_spacer=5-10bp;gc_cont=0.367;conf=99.99;score=231.20;cscore=215.07;sscore=16.13;rscore=12.75;uscore=-0.18;tscore=2.49;
contig_27	Prodigal_v2.6.3	CDS	4405	4959	97.2	-	0	ID=55_4;partial=00;start_type=ATG;rbs_motif=GGAG/GAGG;rbs_spacer=5-10bp;gc_cont=0.373;conf=100.00;score=97.20;cscore=81.26;sscore=15.93;rscore=8.24;uscore=5.20;tscore=2.49;
contig_27	Prodigal_v2.6.3	CDS	5040	5840	127.9	-	0	ID=55_5;partial=00;start_type=ATG;rbs_motif=AGxAGG/AGGxGG;rbs_spacer=5-10bp;gc_cont=0.366;conf=100.00;score=127.94;cscore=114.32;sscore=13.62;rscore=9.68;uscore=1.46;tscore=2.49;
contig_27	Prodigal_v2.6.3	CDS	5964	7271	202.6	-	0	ID=55_6;partial=00;start_type=GTG;rbs_motif=GGA/GAG/AGG;rbs_spacer=5-10bp;gc_cont=0.411;conf=99.99;score=202.58;cscore=203.03;sscore=-0.45;rscore=-0.45;uscore=1.86;tscore=-3.61;
contig_27	Prodigal_v2.6.3	CDS	7268	8938	339.8	-	0	ID=55_7;partial=00;start_type=ATG;rbs_motif=AGGAG;rbs_spacer=5-10bp;gc_cont=0.419;conf=99.99;score=339.80;cscore=322.10;sscore=17.70;rscore=12.22;uscore=2.99;tscore=2.49;
contig_27	Prodigal_v2.6.3	CDS	9107	10321	183.9	-	0	ID=55_8;partial=00;start_type=ATG;rbs_motif=None;rbs_spacer=None;gc_cont=0.425;conf=99.99;score=183.85;cscore=191.94;sscore=-8.08;rscore=-9.56;uscore=-1.98;tscore=2.49;
contig_27	Prodigal_v2.6.3	CDS	10350	10622	34.0	-	0	ID=55_9;partial=00;start_type=GTG;rbs_motif=AGxAGG/AGGxGG;rbs_spacer=5-10bp;gc_cont=0.392;conf=99.96;score=34.03;cscore=24.93;sscore=9.10;rscore=9.68;uscore=3.68;tscore=-3.61;
contig_27	Prodigal_v2.6.3	CDS	10904	11449	70.6	+	0	ID=55_10;partial=00;start_type=ATG;rbs_motif=AGxAGG/AGGxGG;rbs_spacer=5-10bp;gc_cont=0.341;conf=100.00;score=70.57;cscore=55.95;sscore=14.62;rscore=9.68;uscore=2.45;tscore=2.49;
contig_27	Prodigal_v2.6.3	CDS	11511	12359	74.8	+	0	ID=55_11;partial=00;start_type=GTG;rbs_motif=None;rbs_spacer=None;gc_cont=0.339;conf=100.00;score=74.78;cscore=87.28;sscore=-12.50;rscore=-9.56;uscore=0.66;tscore=-3.61;
contig_27	Prodigal_v2.6.3	CDS	12647	14152	250.4	+	0	ID=55_12;partial=00;start_type=ATG;rbs_motif=AGGAGG;rbs_spacer=5-10bp;gc_cont=0.416;conf=99.99;score=250.42;cscore=235.54;sscore=14.89;rscore=13.75;uscore=-0.70;tscore=2.49;
contig_27	Prodigal_v2.6.3	CDS	14329	16107	303.8	-	0	ID=55_13;partial=00;start_type=ATG;rbs_motif=GGA/GAG/AGG;rbs_spacer=5-10bp;gc_cont=0.423;conf=99.99;score=303.81;cscore=299.48;sscore=4.34;rscore=-0.45;uscore=2.95;tscore=2.49;
contig_27	Prodigal_v2.6.3	CDS	16423	17352	117.5	-	0	ID=55_14;partial=00;start_type=ATG;rbs_motif=AGxAGG/AGGxGG;rbs_spacer=5-10bp;gc_cont=0.349;conf=100.00;score=117.49;cscore=104.41;sscore=13.08;rscore=9.68;uscore=0.91;tscore=2.49;
contig_27	Prodigal_v2.6.3	CDS	17463	19562	335.8	-	0	ID=55_15;partial=00;start_type=ATG;rbs_motif=GGxGG;rbs_spacer=5-10bp;gc_cont=0.360;conf=99.99;score=335.75;cscore=324.73;sscore=11.02;rscore=6.77;uscore=2.42;tscore=2.49;
contig_27	Prodigal_v2.6.3	CDS	19818	20183	26.9	+	0	ID=55_16;partial=00;start_type=TTG;rbs_motif=GGAG/GAGG;rbs_spacer=5-10bp;gc_cont=0.355;conf=99.80;score=26.94;cscore=19.65;sscore=7.29;rscore=8.24;uscore=3.75;tscore=-4.70;
contig_27	Prodigal_v2.6.3	CDS	20254	21450	133.8	+	0	ID=55_17;partial=00;start_type=GTG;rbs_motif=None;rbs_spacer=None;gc_cont=0.355;conf=100.00;score=133.81;cscore=146.64;sscore=-12.83;rscore=-9.56;uscore=0.33;tscore=-3.61;
contig_27	Prodigal_v2.6.3	CDS	21397	21687	1.4	-	0	ID=55_18;partial=00;start_type=GTG;rbs_motif=GGA/GAG/AGG;rbs_spacer=5-10bp;gc_cont=0.399;conf=57.94;score=1.39;cscore=6.48;sscore=-5.09;rscore=-0.45;uscore=-0.38;tscore=-3.61;
contig_27	Prodigal_v2.6.3	CDS	21756	21947	14.4	+	0	ID=55_19;partial=00;start_type=ATG;rbs_motif=AGGAG/GGAGG;rbs_spacer=11-12bp;gc_cont=0.312;conf=96.44;score=14.35;cscore=2.55;sscore=11.80;rscore=6.84;uscore=3.08;tscore=1.88;
contig_27	Prodigal_v2.6.3	CDS	22776	23387	77.4	+	0	ID=55_20;partial=00;start_type=ATG;rbs_motif=GGAG/GAGG;rbs_spacer=5-10bp;gc_cont=0.363;conf=100.00;score=77.41;cscore=67.89;sscore=9.52;rscore=8.24;uscore=-0.55;tscore=2.49;
contig_27	Prodigal_v2.6.3	CDS	23423	24124	62.6	+	0	ID=55_21;partial=00;start_type=GTG;rbs_motif=GGA/GAG/AGG;rbs_spacer=5-10bp;gc_cont=0.413;conf=100.00;score=62.60;cscore=66.55;sscore=-3.96;rscore=-0.45;uscore=-0.79;tscore=-3.61;
contig_27	Prodigal_v2.6.3	CDS	24777	26054	168.1	+	0	ID=55_22;partial=00;start_type=ATG;rbs_motif=AGGAGG;rbs_spacer=11-12bp;gc_cont=0.370;conf=100.00;score=168.06;cscore=151.07;sscore=17.00;rscore=10.68;uscore=4.49;tscore=2.49;
contig_27	Prodigal_v2.6.3	CDS	26253	28175	255.0	-	0	ID=55_23;partial=00;start_type=ATG;rbs_motif=AGGA;rbs_spacer=5-10bp;gc_cont=0.358;conf=99.99;score=255.03;cscore=247.17;sscore=7.86;rscore=4.23;uscore=1.80;tscore=2.49;
contig_27	Prodigal_v2.6.3	CDS	28355	29299	160.5	-	0	ID=55_24;partial=00;start_type=TTG;rbs_motif=GGAGG;rbs_spacer=5-10bp;gc_cont=0.408;conf=100.00;score=160.49;cscore=151.03;sscore=9.46;rscore=12.75;uscore=1.40;tscore=-4.70;
contig_27	Prodigal_v2.6.3	CDS	29401	29904	39.5	-	0	ID=55_25;partial=00;start_type=TTG;rbs_motif=GGA/GAG/AGG;rbs_spacer=5-10bp;gc_cont=0.363;conf=99.99;score=39.53;cscore=44.64;sscore=-5.11;rscore=-0.45;uscore=-1.10;tscore=-4.70;
contig_27	Prodigal_v2.6.3	CDS	29917	30309	43.2	-	0	ID=55_26;partial=00;start_type=ATG;rbs_motif=GGA/GAG/AGG;rbs_spacer=11-12bp;gc_cont=0.394;conf=100.00;score=43.20;cscore=37.68;sscore=5.52;rscore=-0.79;uscore=3.03;tscore=2.49;
contig_27	Prodigal_v2.6.3	CDS	30354	30965	59.8	-	0	ID=55_27;partial=00;start_type=ATG;rbs_motif=AGGAG/GGAGG;rbs_spacer=11-12bp;gc_cont=0.333;conf=100.00;score=59.78;cscore=45.78;sscore=13.99;rscore=9.05;uscore=3.11;tscore=2.49;
contig_27	Prodigal_v2.6.3	CDS	31065	32021	123.1	+	0	ID=55_28;partial=00;start_type=TTG;rbs_motif=AGGAGG;rbs_spacer=5-10bp;gc_cont=0.371;conf=100.00;score=123.09;cscore=109.46;sscore=13.63;rscore=13.75;uscore=4.57;tscore=-4.70;
contig_27	Prodigal_v2.6.3	CDS	32059	32304	10.3	-	0	ID=55_29;partial=00;start_type=ATG;rbs_motif=GGAG/GAGG;rbs_spacer=5-10bp;gc_cont=0.370;conf=91.49;score=10.33;cscore=2.84;sscore=7.49;rscore=8.01;uscore=-2.29;tscore=2.42;
contig_27	Prodigal_v2.6.3	CDS	32912	33868	147.1	+	0	ID=55_30;partial=00;start_type=ATG;rbs_motif=GGAGG;rbs_spacer=5-10bp;gc_cont=0.377;conf=100.00;score=147.06;cscore=132.41;sscore=14.65;rscore=12.75;uscore=-0.59;tscore=2.49;
contig_27	Prodigal_v2.6.3	CDS	33966	35600	185.7	+	0	ID=55_31;partial=00;start_type=ATG;rbs_motif=AGGA;rbs_spacer=5-10bp;gc_cont=0.366;conf=99.99;score=185.69;cscore=179.52;sscore=6.16;rscore=4.23;uscore=-0.55;tscore=2.49;
contig_27	Prodigal_v2.6.3	CDS	35633	36817	125.2	+	0	ID=55_32;partial=00;start_type=ATG;rbs_motif=GGA/GAG/AGG;rbs_spacer=11-12bp;gc_cont=0.380;conf=100.00;score=125.22;cscore=120.39;sscore=4.83;rscore=-0.79;uscore=2.21;tscore=2.49;
contig_27	Prodigal_v2.6.3	CDS	36863	37861	141.8	+	0	ID=55_33;partial=00;start_type=ATG;rbs_motif=AGGAG(G)/GGAGG;rbs_spacer=13-15bp;gc_cont=0.372;conf=100.00;score=141.76;cscore=139.37;sscore=2.39;rscore=-3.04;uscore=2.16;tscore=2.49;
contig_27	Prodigal_v2.6.3	CDS	37858	38658	98.8	+	0	ID=55_34;partial=00;start_type=ATG;rbs_motif=AGGA/GGAG/GAGG;rbs_spacer=11-12bp;gc_cont=0.422;conf=100.00;score=98.78;cscore=90.14;sscore=8.64;rscore=3.18;uscore=1.68;tscore=2.49;
contig_27	Prodigal_v2.6.3	CDS	38820	39428	44.6	-	0	ID=55_35;partial=00;start_type=TTG;rbs_motif=GGA/GAG/AGG;rbs_spacer=5-10bp;gc_cont=0.296;conf=100.00;score=44.60;cscore=45.88;sscore=-1.28;rscore=-0.45;uscore=3.87;tscore=-4.70;
contig_27	Prodigal_v2.6.3	CDS	39580	39762	0.7	-	0	ID=55_36;partial=00;start_type=GTG;rbs_motif=GGA/GAG/AGG;rbs_spacer=11-12bp;gc_cont=0.350;conf=54.27;score=0.75;cscore=9.73;sscore=-8.99;rscore=-1.10;uscore=-2.88;tscore=-5.01;
contig_27	Prodigal_v2.6.3	CDS	39725	40480	52.8	-	0	ID=55_37;partial=00;start_type=TTG;rbs_motif=AGGA;rbs_spacer=5-10bp;gc_cont=0.357;conf=100.00;score=52.82;cscore=56.88;sscore=-4.06;rscore=4.23;uscore=-3.59;tscore=-4.70;
contig_27	Prodigal_v2.6.3	CDS	40559	40792	20.2	-	0	ID=55_38;partial=00;start_type=ATG;rbs_motif=AGGAGG;rbs_spacer=5-10bp;gc_cont=0.380;conf=99.05;score=20.21;cscore=4.91;sscore=15.30;rscore=12.71;uscore=0.95;tscore=2.30;
contig_27	Prodigal_v2.6.3	CDS	41000	45370	670.4	-	0	ID=55_39;partial=00;start_type=ATG;rbs_motif=AGGA;rbs_spacer=5-10bp;gc_cont=0.346;conf=99.99;score=670.45;cscore=661.85;sscore=8.60;rscore=4.23;uscore=2.54;tscore=2.49;
contig_27	Prodigal_v2.6.3	CDS	45678	46304	84.0	-	0	ID=55_40;partial=00;start_type=ATG;rbs_motif=AGGAG;rbs_spacer=5-10bp;gc_cont=0.319;conf=100.00;score=84.01;cscore=69.55;sscore=14.46;rscore=12.22;uscore=0.40;tscore=2.49;
contig_27	Prodigal_v2.6.3	CDS	46430	46786	44.3	+	0	ID=55_41;partial=00;start_type=ATG;rbs_motif=AGGAG;rbs_spacer=5-10bp;gc_cont=0.331;conf=100.00;score=44.27;cscore=32.67;sscore=11.60;rscore=12.22;uscore=-3.11;tscore=2.49;
contig_27	Prodigal_v2.6.3	CDS	46899	47174	1.0	+	0	ID=55_42;partial=00;start_type=GTG;rbs_motif=AGGAG;rbs_spacer=5-10bp;gc_cont=0.373;conf=55.81;score=1.02;cscore=-10.61;sscore=11.63;rscore=12.22;uscore=3.51;tscore=-3.61;
contig_27	Prodigal_v2.6.3	CDS	47141	48709	210.6	-	0	ID=55_43;partial=00;start_type=ATG;rbs_motif=AGGAGG;rbs_spacer=5-10bp;gc_cont=0.394;conf=99.99;score=210.65;cscore=190.14;sscore=20.51;rscore=13.75;uscore=4.93;tscore=2.49;
contig_27	Prodigal_v2.6.3	CDS	49216	50400	149.7	+	0	ID=55_44;partial=00;start_type=TTG;rbs_motif=GGA/GAG/AGG;rbs_spacer=11-12bp;gc_cont=0.400;conf=100.00;score=149.72;cscore=154.74;sscore=-5.02;rscore=-0.79;uscore=0.46;tscore=-4.70;
contig_27	Prodigal_v2.6.3	CDS	50439	51914	197.9	-	0	ID=55_45;partial=00;start_type=ATG;rbs_motif=GGAGG;rbs_spacer=5-10bp;gc_cont=0.321;conf=99.99;score=197.87;cscore=181.96;sscore=15.91;rscore=12.75;uscore=1.33;tscore=2.49;
contig_27	Prodigal_v2.6.3	CDS	52113	52697	29.8	-	0	ID=55_46;partial=00;start_type=ATG;rbs_motif=4Base/6BMM;rbs_spacer=13-15bp;gc_cont=0.364;conf=99.89;score=29.80;cscore=28.72;sscore=1.09;rscore=-3.98;uscore=2.58;tscore=2.49;
contig_27	Prodigal_v2.6.3	CDS	52866	54224	224.5	-	0	ID=55_47;partial=00;start_type=ATG;rbs_motif=AGGAG/GGAGG;rbs_spacer=11-12bp;gc_cont=0.424;conf=99.99;score=224.49;cscore=208.62;sscore=15.86;rscore=9.05;uscore=4.33;tscore=2.49;
contig_27	Prodigal_v2.6.3	CDS	54309	54923	96.7	-	0	ID=55_48;partial=00;start_type=ATG;rbs_motif=AGGAGG;rbs_spacer=5-10bp;gc_cont=0.341;conf=100.00;score=96.67;cscore=79.56;sscore=17.11;rscore=13.75;uscore=1.53;tscore=2.49;
contig_27	Prodigal_v2.6.3	CDS	55139	55861	111.9	+	0	ID=55_49;partial=00;start_type=GTG;rbs_motif=GGA/GAG/AGG;rbs_spacer=11-12bp;gc_cont=0.393;conf=100.00;score=111.94;cscore=114.11;sscore=-2.17;rscore=-0.79;uscore=2.22;tscore=-3.61;
contig_27	Prodigal_v2.6.3	CDS	55858	57243	191.1	+	0	ID=55_50;partial=00;start_type=ATG;rbs_motif=GGAG/GAGG;rbs_spacer=5-10bp;gc_cont=0.380;conf=99.99;score=191.14;cscore=179.12;sscore=12.02;rscore=8.24;uscore=-2.21;tscore=2.49;
contig_27	Prodigal_v2.6.3	CDS	57345	57704	50.7	-	0	ID=55_51;partial=00;start_type=ATG;rbs_motif=GGA/GAG/AGG;rbs_spacer=5-10bp;gc_cont=0.328;conf=100.00;score=50.72;cscore=45.49;sscore=5.22;rscore=-0.45;uscore=1.92;tscore=2.49;
contig_27	Prodigal_v2.6.3	CDS	57706	59574	249.1	-	0	ID=55_52;partial=00;start_type=ATG;rbs_motif=GGxGG;rbs_spacer=5-10bp;gc_cont=0.371;conf=99.99;score=249.13;cscore=240.74;sscore=8.39;rscore=6.77;uscore=-2.05;tscore=2.49;
contig_27	Prodigal_v2.6.3	CDS	59561	60328	124.9	-	0	ID=55_53;partial=00;start_type=ATG;rbs_motif=GGAG/GAGG;rbs_spacer=5-10bp;gc_cont=0.396;conf=100.00;score=124.93;cscore=110.65;sscore=14.27;rscore=8.24;uscore=3.55;tscore=2.49;
contig_27	Prodigal_v2.6.3	CDS	60480	60956	69.8	-	0	ID=55_54;partial=00;start_type=ATG;rbs_motif=AGGAGG;rbs_spacer=5-10bp;gc_cont=0.377;conf=100.00;score=69.80;cscore=51.52;sscore=18.28;rscore=13.75;uscore=0.93;tscore=2.49;
contig_27	Prodigal_v2.6.3	CDS	60971	62305	229.2	-	0	ID=55_55;partial=00;start_type=ATG;rbs_motif=GGAG/GAGG;rbs_spacer=5-10bp;gc_cont=0.399;conf=99.99;score=229.23;cscore=215.62;sscore=13.61;rscore=8.24;uscore=2.88;tscore=2.49;
contig_27	Prodigal_v2.6.3	CDS	62373	63224	69.5	-	0	ID=55_56;partial=00;start_type=TTG;rbs_motif=None;rbs_spacer=None;gc_cont=0.374;conf=100.00;score=69.52;cscore=86.38;sscore=-16.86;rscore=-9.56;uscore=-1.96;tscore=-4.70;
contig_27	Prodigal_v2.6.3	CDS	63621	63908	77.0	-	0	ID=55_57;partial=00;start_type=ATG;rbs_motif=AGGAG;rbs_spacer=5-10bp;gc_cont=0.326;conf=100.00;score=76.97;cscore=57.81;sscore=19.16;rscore=12.22;uscore=5.11;tscore=2.49;
contig_27	Prodigal_v2.6.3	CDS	64065	65240	191.9	+	0	ID=55_58;partial=00;start_type=ATG;rbs_motif=AGGAGG;rbs_spacer=5-10bp;gc_cont=0.420;conf=99.99;score=191.91;cscore=176.52;sscore=15.40;rscore=13.75;uscore=-0.84;tscore=2.49;
contig_27	Prodigal_v2.6.3	CDS	65545	66270	55.9	-	0	ID=55_59;partial=00;start_type=ATG;rbs_motif=None;rbs_spacer=None;gc_cont=0.368;conf=100.00;score=55.93;cscore=63.41;sscore=-7.48;rscore=-9.56;uscore=-0.41;tscore=2.49;
contig_27	Prodigal_v2.6.3	CDS	66249	66773	50.1	-	0	ID=55_60;partial=00;start_type=GTG;rbs_motif=AGxAGG/AGGxGG;rbs_spacer=5-10bp;gc_cont=0.373;conf=100.00;score=50.06;cscore=42.48;sscore=7.58;rscore=9.68;uscore=2.16;tscore=-3.61;
contig_27	Prodigal_v2.6.3	CDS	67021	67191	10.7	-	0	ID=55_61;partial=00;start_type=ATG;rbs_motif=AGGAG;rbs_spacer=5-10bp;gc_cont=0.409;conf=92.12;score=10.69;cscore=-3.89;sscore=14.58;rscore=8.21;uscore=4.17;tscore=1.67;
contig_27	Prodigal_v2.6.3	CDS	67215	67754	105.0	-	0	ID=55_62;partial=00;start_type=ATG;rbs_motif=None;rbs_spacer=None;gc_cont=0.400;conf=100.00;score=105.01;cscore=108.04;sscore=-3.03;rscore=-9.56;uscore=2.91;tscore=2.49;
contig_27	Prodigal_v2.6.3	CDS	67768	68211	43.4	-	0	ID=55_63;partial=00;start_type=TTG;rbs_motif=None;rbs_spacer=None;gc_cont=0.403;conf=100.00;score=43.42;cscore=45.09;sscore=-1.67;rscore=-9.56;uscore=1.74;tscore=-4.70;
contig_27	Prodigal_v2.6.3	CDS	68208	69233	124.1	-	0	ID=55_64;partial=00;start_type=ATG;rbs_motif=3Base/5BMM;rbs_spacer=13-15bp;gc_cont=0.385;conf=100.00;score=124.09;cscore=126.39;sscore=-2.30;rscore=-6.44;uscore=2.31;tscore=2.49;
contig_27	Prodigal_v2.6.3	CDS	69539	69877	58.3	+	0	ID=55_65;partial=00;start_type=ATG;rbs_motif=GGAGG;rbs_spacer=5-10bp;gc_cont=0.398;conf=100.00;score=58.26;cscore=43.25;sscore=15.01;rscore=12.75;uscore=-0.23;tscore=2.49;
contig_27	Prodigal_v2.6.3	CDS	69891	70289	44.5	+	0	ID=55_66;partial=00;start_type=ATG;rbs_motif=None;rbs_spacer=None;gc_cont=0.411;conf=100.00;score=44.50;cscore=48.77;sscore=-4.27;rscore=-9.56;uscore=1.67;tscore=2.49;
contig_27	Prodigal_v2.6.3	CDS	70303	72015	245.2	+	0	ID=55_67;partial=00;start_type=ATG;rbs_motif=AGxAGG/AGGxGG;rbs_spacer=5-10bp;gc_cont=0.406;conf=99.99;score=245.17;cscore=233.70;sscore=11.47;rscore=9.68;uscore=-1.82;tscore=2.49;
contig_27	Prodigal_v2.6.3	CDS	72044	72247	46.7	+	0	ID=55_68;partial=00;start_type=ATG;rbs_motif=AGGAGG;rbs_spacer=5-10bp;gc_cont=0.358;conf=100.00;score=46.68;cscore=30.87;sscore=15.81;rscore=11.06;uscore=1.78;tscore=2.00;
# Sequence Data: seqnum=56;seqlen=51320;seqhdr="contig_57"
# Model Data: version=Prodigal.v2.6.3;run_type=Single;model="Ab initio";gc_cont=37.70;transl_table=11;uses_sd=1
contig_57	Prodigal_v2.6.3	CDS	2	1192	172.5	-	0	ID=56_1;partial=10;start_type=ATG;rbs_motif=GGAG/GAGG;rbs_spacer=5-10bp;gc_cont=0.344;conf=100.00;score=172.47;cscore=162.06;sscore=10.41;rscore=8.24;uscore=0.34;tscore=2.49;
contig_57	Prodigal_v2.6.3	CDS	1436	1915	90.8	+	0	ID=56_2;partial=00;start_type=ATG;rbs_motif=AGGAG;rbs_spacer=5-10bp;gc_cont=0.408;conf=100.00;score=90.78;cscore=72.92;sscore=17.87;rscore=12.22;uscore=3.16;tscore=2.49;
contig_57	Prodigal_v2.6.3	CDS	1936	2340	61.7	+	0	ID=56_3;partial=00;start_type=ATG;rbs_motif=GGAG/GAGG;rbs_spacer=5-10bp;gc_cont=0.395;conf=100.00;score=61.71;cscore=48.54;sscore=13.17;rscore=8.24;uscore=1.38;tscore=2.49;
contig_57	Prodigal_v2.6.3	CDS	2406	3314	81.8	+	0	ID=56_4;partial=00;start_type=ATG;rbs_motif=None;rbs_spacer=None;gc_cont=0.405;conf=100.00;score=81.77;cscore=90.49;sscore=-8.72;rscore=-9.56;uscore=-1.65;tscore=2.49;
contig_57	Prodigal_v2.6.3	CDS	3316	3414	0.6	+	0	ID=56_5;partial=00;start_type=ATG;rbs_motif=GGA/GAG/AGG;rbs_spacer=5-10bp;gc_cont=0.424;conf=53.58;score=0.62;cscore=-0.27;sscore=0.89;rscore=-1.17;uscore=0.35;tscore=0.95;
contig_57	Prodigal_v2.6.3	CDS	3766	4383	57.1	-	0	ID=56_6;partial=00;start_type=GTG;rbs_motif=AGGAGG;rbs_spacer=5-10bp;gc_cont=0.416;conf=100.00;score=57.09;cscore=47.05;sscore=10.04;rscore=13.75;uscore=0.55;tscore=-3.61;
contig_57	Prodigal_v2.6.3	CDS	4540	5697	161.2	+	0	ID=56_7;partial=00;start_type=ATG;rbs_motif=GGAG/GAGG;rbs_spacer=5-10bp;gc_cont=0.378;conf=100.00;score=161.24;cscore=150.56;sscore=10.67;rscore=8.24;uscore=-0.05;tscore=2.49;
contig_57	Prodigal_v2.6.3	CDS	6061	6255	1.2	-	0	ID=56_8;partial=00;start_type=ATG;rbs_motif=GGAG/GAGG;rbs_spacer=5-10bp;gc_cont=0.379;conf=57.03;score=1.23;cscore=-7.79;sscore=9.02;rscore=6.33;uscore=1.93;tscore=1.91;
contig_57	Prodigal_v2.6.3	CDS	6531	6794	20.4	+	0	ID=56_9;partial=00;start_type=ATG;rbs_motif=GGAG/GAGG;rbs_spacer=5-10bp;gc_cont=0.390;conf=99.08;score=20.35;cscore=7.71;sscore=12.64;rscore=8.24;uscore=1.91;tscore=2.49;
contig_57	Prodigal_v2.6.3	CDS	7306	7476	13.6	+	0	ID=56_10;partial=00;start_type=GTG;rbs_motif=GGAGG;rbs_spacer=5-10bp;gc_cont=0.304;conf=95.83;score=13.64;cscore=10.66;sscore=2.98;rscore=8.57;uscore=0.43;tscore=-5.37;
contig_57	Prodigal_v2.6.3	CDS	7510	7995	46.1	-	0	ID=56_11;partial=00;start_type=GTG;rbs_motif=GGA/GAG/AGG;rbs_spacer=5-10bp;gc_cont=0.372;conf=100.00;score=46.07;cscore=48.83;sscore=-2.76;rscore=-0.45;uscore=1.95;tscore=-3.61;
contig_57	Prodigal_v2.6.3	CDS	8130	8471	32.4	+	0	ID=56_12;partial=00;start_type=GTG;rbs_motif=GGAGG;rbs_spacer=5-10bp;gc_cont=0.360;conf=99.94;score=32.35;cscore=22.59;sscore=9.76;rscore=12.75;uscore=0.62;tscore=-3.61;
contig_57	Prodigal_v2.6.3	CDS	8461	8805	19.9	+	0	ID=56_13;partial=00;start_type=GTG;rbs_motif=None;rbs_spacer=None;gc_cont=0.386;conf=98.98;score=19.90;cscore=29.79;sscore=-9.88;rscore=-9.56;uscore=2.06;tscore=-3.61;
contig_57	Prodigal_v2.6.3	CDS	8858	9877	126.8	-	0	ID=56_14;partial=00;start_type=ATG;rbs_motif=AGGAG;rbs_spacer=5-10bp;gc_cont=0.383;conf=100.00;score=126.80;cscore=107.46;sscore=19.34;rscore=12.22;uscore=5.28;tscore=2.49;
contig_57	Prodigal_v2.6.3	CDS	10038	10739	61.0	+	0	ID=56_15;partial=00;start_type=GTG;rbs_motif=GGAG/GAGG;rbs_spacer=5-10bp;gc_cont=0.377;conf=100.00;score=61.01;cscore=51.33;sscore=9.68;rscore=8.24;uscore=5.05;tscore=-3.61;
contig_57	Prodigal_v2.6.3	CDS	10809	11462	56.8	-	0	ID=56_16;partial=00;start_type=ATG;rbs_motif=AGGAG;rbs_spacer=5-10bp;gc_cont=0.398;conf=100.00;score=56.82;cscore=40.16;sscore=16.66;rscore=12.22;uscore=1.95;tscore=2.49;
contig_57	Prodigal_v2.6.3	CDS	11583	11996	35.9	-	0	ID=56_17;partial=00;start_type=ATG;rbs_motif=GGA/GAG/AGG;rbs_spacer=5-10bp;gc_cont=0.389;conf=99.97;score=35.90;cscore=34.50;sscore=1.40;rscore=-0.45;uscore=0.02;tscore=2.49;
contig_57	Prodigal_v2.6.3	CDS	12157	12420	7.1	+	0	ID=56_18;partial=00;start_type=TTG;rbs_motif=AGGAGG;rbs_spacer=5-10bp;gc_cont=0.318;conf=83.64;score=7.10;cscore=-2.12;sscore=9.22;rscore=13.75;uscore=0.67;tscore=-4.70;
contig_57	Prodigal_v2.6.3	CDS	12492	13061	65.6	-	0	ID=56_19;partial=00;start_type=ATG;rbs_motif=GGAGG;rbs_spacer=5-10bp;gc_cont=0.381;conf=100.00;score=65.61;cscore=48.23;sscore=17.38;rscore=12.75;uscore=2.79;tscore=2.49;
contig_57	Prodigal_v2.6.3	CDS	13145	13288	16.0	+	0	ID=56_20;partial=00;start_type=ATG;rbs_motif=AGxAGG/AGGxGG;rbs_spacer=5-10bp;gc_cont=0.306;conf=97.52;score=15.98;cscore=7.90;sscore=8.08;rscore=5.46;uscore=1.22;tscore=1.40;
contig_57	Prodigal_v2.6.3	CDS	13294	13848	66.1	-	0	ID=56_21;partial=00;start_type=GTG;rbs_motif=AGGAG;rbs_spacer=5-10bp;gc_cont=0.359;conf=100.00;score=66.08;cscore=57.09;sscore=8.99;rscore=12.22;uscore=0.37;tscore=-3.61;
contig_57	Prodigal_v2.6.3	CDS	13920	14423	50.4	-	0	ID=56_22;partial=00;start_type=ATG;rbs_motif=GGAG/GAGG;rbs_spacer=5-10bp;gc_cont=0.405;conf=100.00;score=50.39;cscore=38.70;sscore=11.69;rscore=8.24;uscore=-0.22;tscore=2.49;
contig_57	Prodigal_v2.6.3	CDS	14432	14806	36.5	-	0	ID=56_23;partial=00;start_type=TTG;rbs_motif=AGGAGG;rbs_spacer=5-10bp;gc_cont=0.408;conf=99.98;score=36.52;cscore=27.58;sscore=8.94;rscore=13.75;uscore=-0.11;tscore=-4.70;
contig_57	Prodigal_v2.6.3	CDS	14911	15363	42.5	-	0	ID=56_24;partial=00;start_type=TTG;rbs_motif=AGxAGG/AGGxGG;rbs_spacer=5-10bp;gc_cont=0.302;conf=99.99;score=42.51;cscore=35.64;sscore=6.88;rscore=9.68;uscore=2.55;tscore=-4.70;
contig_57	Prodigal_v2.6.3	CDS	16430	17320	64.1	+	0	ID=56_25;partial=00;start_type=GTG;rbs_motif=None;rbs_spacer=None;gc_cont=0.440;conf=100.00;score=64.11;cscore=81.60;sscore=-17.49;rscore=-9.56;uscore=-4.32;tscore=-3.61;
contig_57	Prodigal_v2.6.3	CDS	17427	18134	141.3	-	0	ID=56_26;partial=00;start_type=ATG;rbs_motif=GGAG/GAGG;rbs_spacer=5-10bp;gc_cont=0.386;conf=100.00;score=141.29;cscore=126.59;sscore=14.69;rscore=8.24;uscore=3.97;tscore=2.49;
contig_57	Prodigal_v2.6.3	CDS	18246	18464	19.5	-	0	ID=56_27;partial=00;start_type=ATG;rbs_motif=GGA/GAG/AGG;rbs_spacer=5-10bp;gc_cont=0.388;conf=98.89;score=19.53;cscore=16.98;sscore=2.56;rscore=-0.52;uscore=1.58;tscore=2.15;
contig_57	Prodigal_v2.6.3	CDS	18707	20554	271.7	+	0	ID=56_28;partial=00;start_type=ATG;rbs_motif=AGGA;rbs_spacer=5-10bp;gc_cont=0.417;conf=99.99;score=271.70;cscore=261.91;sscore=9.79;rscore=4.23;uscore=3.07;tscore=2.49;
contig_57	Prodigal_v2.6.3	CDS	21058	21486	63.8	-	0	ID=56_29;partial=00;start_type=ATG;rbs_motif=GGxGG;rbs_spacer=5-10bp;gc_cont=0.448;conf=100.00;score=63.84;cscore=55.49;sscore=8.35;rscore=6.77;uscore=-2.16;tscore=2.49;
contig_57	Prodigal_v2.6.3	CDS	21479	22012	83.5	-	0	ID=56_30;partial=00;start_type=ATG;rbs_motif=AGGAG;rbs_spacer=5-10bp;gc_cont=0.419;conf=100.00;score=83.52;cscore=67.11;sscore=16.42;rscore=12.22;uscore=0.57;tscore=2.49;
contig_57	Prodigal_v2.6.3	CDS	22025	22606	86.0	-	0	ID=56_31;partial=00;start_type=ATG;rbs_motif=AGGAG;rbs_spacer=5-10bp;gc_cont=0.399;conf=100.00;score=85.98;cscore=69.53;sscore=16.45;rscore=12.22;uscore=0.51;tscore=2.49;
contig_57	Prodigal_v2.6.3	CDS	22611	23540	121.3	-	0	ID=56_32;partial=00;start_type=ATG;rbs_motif=GGA/GAG/AGG;rbs_spacer=5-10bp;gc_cont=0.409;conf=100.00;score=121.30;cscore=114.63;sscore=6.67;rscore=-0.45;uscore=4.63;tscore=2.49;
contig_57	Prodigal_v2.6.3	CDS	23938	24618	114.5	-	0	ID=56_33;partial=00;start_type=ATG;rbs_motif=GGA/GAG/AGG;rbs_spacer=11-12bp;gc_cont=0.423;conf=100.00;score=114.51;cscore=112.72;sscore=1.79;rscore=-0.79;uscore=-1.05;tscore=2.49;
contig_57	Prodigal_v2.6.3	CDS	24631	24780	9.9	-	0	ID=56_34;partial=00;start_type=GTG;rbs_motif=AGGA;rbs_spacer=5-10bp;gc_cont=0.367;conf=90.77;score=9.94;cscore=11.57;sscore=-1.63;rscore=2.49;uscore=2.67;tscore=-6.14;
contig_57	Prodigal_v2.6.3	CDS	25056	25691	57.5	+	0	ID=56_35;partial=00;start_type=ATG;rbs_motif=AGGAG;rbs_spacer=5-10bp;gc_cont=0.387;conf=100.00;score=57.47;cscore=39.09;sscore=18.38;rscore=12.22;uscore=3.67;tscore=2.49;
contig_57	Prodigal_v2.6.3	CDS	25735	26211	90.3	-	0	ID=56_36;partial=00;start_type=ATG;rbs_motif=GGAGG;rbs_spacer=5-10bp;gc_cont=0.417;conf=100.00;score=90.33;cscore=72.63;sscore=17.69;rscore=12.75;uscore=3.10;tscore=2.49;
contig_57	Prodigal_v2.6.3	CDS	26372	27289	138.0	+	0	ID=56_37;partial=00;start_type=ATG;rbs_motif=AGGA;rbs_spacer=5-10bp;gc_cont=0.435;conf=100.00;score=137.98;cscore=129.68;sscore=8.31;rscore=4.23;uscore=1.59;tscore=2.49;
contig_57	Prodigal_v2.6.3	CDS	27352	28548	162.3	+	0	ID=56_38;partial=00;start_type=ATG;rbs_motif=AGGA;rbs_spacer=5-10bp;gc_cont=0.411;conf=100.00;score=162.32;cscore=156.25;sscore=6.06;rscore=4.23;uscore=-0.65;tscore=2.49;
contig_57	Prodigal_v2.6.3	CDS	28724	29875	167.9	-	0	ID=56_39;partial=00;start_type=ATG;rbs_motif=GGA/GAG/AGG;rbs_spacer=5-10bp;gc_cont=0.418;conf=100.00;score=167.88;cscore=165.09;sscore=2.80;rscore=-0.45;uscore=0.07;tscore=2.49;
contig_57	Prodigal_v2.6.3	CDS	29929	30714	102.9	-	0	ID=56_40;partial=00;start_type=ATG;rbs_motif=AGGAG;rbs_spacer=5-10bp;gc_cont=0.410;conf=100.00;score=102.87;cscore=86.43;sscore=16.44;rscore=12.22;uscore=1.73;tscore=2.49;
contig_57	Prodigal_v2.6.3	CDS	30786	31463	76.1	-	0	ID=56_41;partial=00;start_type=ATG;rbs_motif=AGGAG;rbs_spacer=5-10bp;gc_cont=0.428;conf=100.00;score=76.07;cscore=63.01;sscore=13.07;rscore=12.22;uscore=-2.36;tscore=2.49;
contig_57	Prodigal_v2.6.3	CDS	31515	32507	199.9	-	0	ID=56_42;partial=00;start_type=ATG;rbs_motif=AGGAG;rbs_spacer=5-10bp;gc_cont=0.425;conf=99.99;score=199.88;cscore=185.33;sscore=14.55;rscore=12.22;uscore=0.49;tscore=2.49;
contig_57	Prodigal_v2.6.3	CDS	33040	34977	269.6	+	0	ID=56_43;partial=00;start_type=ATG;rbs_motif=GGAG/GAGG;rbs_spacer=5-10bp;gc_cont=0.458;conf=99.99;score=269.65;cscore=256.34;sscore=13.31;rscore=8.24;uscore=2.58;tscore=2.49;
contig_57	Prodigal_v2.6.3	CDS	35095	35850	89.0	-	0	ID=56_44;partial=00;start_type=ATG;rbs_motif=GGA/GAG/AGG;rbs_spacer=5-10bp;gc_cont=0.394;conf=100.00;score=88.98;cscore=87.44;sscore=1.54;rscore=-0.45;uscore=0.15;tscore=2.49;
contig_57	Prodigal_v2.6.3	CDS	36472	37239	88.3	+	0	ID=56_45;partial=00;start_type=ATG;rbs_motif=AGGA;rbs_spacer=5-10bp;gc_cont=0.352;conf=100.00;score=88.30;cscore=77.18;sscore=11.12;rscore=4.23;uscore=4.41;tscore=2.49;
contig_57	Prodigal_v2.6.3	CDS	37402	37782	33.9	-	0	ID=56_46;partial=00;start_type=GTG;rbs_motif=GGA/GAG/AGG;rbs_spacer=5-10bp;gc_cont=0.367;conf=99.96;score=33.91;cscore=36.91;sscore=-3.00;rscore=-0.45;uscore=1.71;tscore=-3.61;
contig_57	Prodigal_v2.6.3	CDS	37884	38162	30.0	+	0	ID=56_47;partial=00;start_type=TTG;rbs_motif=AGxAGG/AGGxGG;rbs_spacer=5-10bp;gc_cont=0.369;conf=99.90;score=30.02;cscore=26.65;sscore=3.37;rscore=9.68;uscore=-1.61;tscore=-4.70;
contig_57	Prodigal_v2.6.3	CDS	38409	39653	221.0	-	0	ID=56_48;partial=00;start_type=ATG;rbs_motif=GGxGG;rbs_spacer=5-10bp;gc_cont=0.394;conf=99.99;score=221.01;cscore=209.62;sscore=11.38;rscore=6.77;uscore=2.13;tscore=2.49;
contig_57	Prodigal_v2.6.3	CDS	39813	41231	282.0	-	0	ID=56_49;partial=00;start_type=ATG;rbs_motif=AGGAG;rbs_spacer=5-10bp;gc_cont=0.395;conf=99.99;score=282.00;cscore=266.17;sscore=15.83;rscore=12.22;uscore=1.77;tscore=2.49;
contig_57	Prodigal_v2.6.3	CDS	41574	42017	46.5	-	0	ID=56_50;partial=00;start_type=ATG;rbs_motif=AGGAGG;rbs_spacer=5-10bp;gc_cont=0.423;conf=100.00;score=46.47;cscore=32.10;sscore=14.38;rscore=13.75;uscore=-1.86;tscore=2.49;
contig_57	Prodigal_v2.6.3	CDS	42088	42501	62.4	-	0	ID=56_51;partial=00;start_type=ATG;rbs_motif=AGxAGG/AGGxGG;rbs_spacer=5-10bp;gc_cont=0.430;conf=100.00;score=62.40;cscore=51.66;sscore=10.75;rscore=9.68;uscore=-1.42;tscore=2.49;
contig_57	Prodigal_v2.6.3	CDS	42607	42813	28.5	-	0	ID=56_52;partial=00;start_type=ATG;rbs_motif=GGAGG;rbs_spacer=5-10bp;gc_cont=0.343;conf=99.86;score=28.49;cscore=17.98;sscore=10.50;rscore=10.41;uscore=-2.73;tscore=2.03;
contig_57	Prodigal_v2.6.3	CDS	42858	43079	12.5	-	0	ID=56_53;partial=00;start_type=ATG;rbs_motif=None;rbs_spacer=None;gc_cont=0.365;conf=94.68;score=12.52;cscore=18.51;sscore=-5.99;rscore=-10.91;uscore=2.74;tscore=2.18;
contig_57	Prodigal_v2.6.3	CDS	43228	44205	126.1	-	0	ID=56_54;partial=00;start_type=ATG;rbs_motif=AGGAG(G)/GGAGG;rbs_spacer=13-15bp;gc_cont=0.403;conf=100.00;score=126.13;cscore=122.33;sscore=3.79;rscore=-3.04;uscore=3.58;tscore=2.49;
contig_57	Prodigal_v2.6.3	CDS	44253	45161	98.9	-	0	ID=56_55;partial=00;start_type=GTG;rbs_motif=AGxAGG/AGGxGG;rbs_spacer=5-10bp;gc_cont=0.373;conf=100.00;score=98.86;cscore=92.31;sscore=6.55;rscore=9.68;uscore=1.13;tscore=-3.61;
contig_57	Prodigal_v2.6.3	CDS	45352	47142	168.7	+	0	ID=56_56;partial=00;start_type=ATG;rbs_motif=GGAG/GAGG;rbs_spacer=5-10bp;gc_cont=0.371;conf=100.00;score=168.74;cscore=154.46;sscore=14.28;rscore=8.24;uscore=3.55;tscore=2.49;
contig_57	Prodigal_v2.6.3	CDS	47088	47543	40.0	+	0	ID=56_57;partial=00;start_type=TTG;rbs_motif=AGGA/GGAG/GAGG;rbs_spacer=11-12bp;gc_cont=0.393;conf=99.99;score=40.00;cscore=40.76;sscore=-0.77;rscore=3.18;uscore=0.75;tscore=-4.70;
contig_57	Prodigal_v2.6.3	CDS	47518	48144	74.9	+	0	ID=56_58;partial=00;start_type=ATG;rbs_motif=GGA/GAG/AGG;rbs_spacer=5-10bp;gc_cont=0.411;conf=100.00;score=74.94;cscore=68.96;sscore=5.97;rscore=-0.45;uscore=3.94;tscore=2.49;
contig_57	Prodigal_v2.6.3	CDS	48374	48574	33.5	+	0	ID=56_59;partial=00;start_type=ATG;rbs_motif=GGAGG;rbs_spacer=5-10bp;gc_cont=0.413;conf=99.95;score=33.49;cscore=22.48;sscore=11.01;rscore=10.10;uscore=-0.41;tscore=1.97;
contig_57	Prodigal_v2.6.3	CDS	48705	49523	68.9	-	0	ID=56_60;partial=00;start_type=TTG;rbs_motif=GGA/GAG/AGG;rbs_spacer=5-10bp;gc_cont=0.368;conf=100.00;score=68.90;cscore=73.30;sscore=-4.40;rscore=-0.45;uscore=0.74;tscore=-4.70;
contig_57	Prodigal_v2.6.3	CDS	49615	49995	19.3	-	0	ID=56_61;partial=00;start_type=ATG;rbs_motif=None;rbs_spacer=None;gc_cont=0.357;conf=98.83;score=19.29;cscore=25.30;sscore=-6.01;rscore=-9.56;uscore=1.72;tscore=2.49;
contig_57	Prodigal_v2.6.3	CDS	50159	51319	210.4	+	0	ID=56_62;partial=01;start_type=ATG;rbs_motif=AGGAG;rbs_spacer=5-10bp;gc_cont=0.382;conf=99.99;score=210.42;cscore=193.11;sscore=17.32;rscore=12.22;uscore=2.61;tscore=2.49;
# Sequence Data: seqnum=57;seqlen=111046;seqhdr="contig_59"
# Model Data: version=Prodigal.v2.6.3;run_type=Single;model="Ab initio";gc_cont=37.70;transl_table=11;uses_sd=1
contig_59	Prodigal_v2.6.3	CDS	3	284	26.2	+	0	ID=57_1;partial=10;start_type=Edge;rbs_motif=None;rbs_spacer=None;gc_cont=0.376;conf=99.76;score=26.15;cscore=22.94;sscore=3.22;rscore=0.00;uscore=3.22;tscore=0.00;
contig_59	Prodigal_v2.6.3	CDS	695	1135	43.3	+	0	ID=57_2;partial=00;start_type=ATG;rbs_motif=AGGA;rbs_spacer=5-10bp;gc_cont=0.374;conf=100.00;score=43.30;cscore=34.37;sscore=8.94;rscore=4.23;uscore=2.88;tscore=2.49;
contig_59	Prodigal_v2.6.3	CDS	1146	1613	60.0	+	0	ID=57_3;partial=00;start_type=ATG;rbs_motif=GGAG/GAGG;rbs_spacer=5-10bp;gc_cont=0.361;conf=100.00;score=59.96;cscore=44.67;sscore=15.29;rscore=8.24;uscore=3.40;tscore=2.49;
contig_59	Prodigal_v2.6.3	CDS	1606	2328	89.2	+	0	ID=57_4;partial=00;start_type=ATG;rbs_motif=AGGA/GGAG/GAGG;rbs_spacer=11-12bp;gc_cont=0.389;conf=100.00;score=89.22;cscore=82.70;sscore=6.52;rscore=3.18;uscore=-0.39;tscore=2.49;
contig_59	Prodigal_v2.6.3	CDS	2325	3059	80.0	+	0	ID=57_5;partial=00;start_type=GTG;rbs_motif=AGGAGG;rbs_spacer=5-10bp;gc_cont=0.347;conf=100.00;score=80.04;cscore=66.73;sscore=13.31;rscore=13.75;uscore=1.87;tscore=-3.61;
contig_59	Prodigal_v2.6.3	CDS	3096	4028	110.0	-	0	ID=57_6;partial=00;start_type=TTG;rbs_motif=GGA/GAG/AGG;rbs_spacer=11-12bp;gc_cont=0.394;conf=100.00;score=109.96;cscore=111.90;sscore=-1.94;rscore=-0.79;uscore=4.20;tscore=-4.70;
contig_59	Prodigal_v2.6.3	CDS	4180	4605	31.5	+	0	ID=57_7;partial=00;start_type=GTG;rbs_motif=AGGAG;rbs_spacer=5-10bp;gc_cont=0.340;conf=99.93;score=31.49;cscore=21.41;sscore=10.08;rscore=12.22;uscore=1.47;tscore=-3.61;
contig_59	Prodigal_v2.6.3	CDS	4728	5162	56.8	+	0	ID=57_8;partial=00;start_type=GTG;rbs_motif=AGGA/GGAG/GAGG;rbs_spacer=11-12bp;gc_cont=0.409;conf=100.00;score=56.76;cscore=52.88;sscore=3.88;rscore=3.18;uscore=4.32;tscore=-3.61;
contig_59	Prodigal_v2.6.3	CDS	5165	6226	215.4	+	0	ID=57_9;partial=00;start_type=ATG;rbs_motif=GGAG/GAGG;rbs_spacer=5-10bp;gc_cont=0.394;conf=99.99;score=215.39;cscore=203.31;sscore=12.07;rscore=8.24;uscore=0.10;tscore=2.49;
contig_59	Prodigal_v2.6.3	CDS	6244	6510	52.9	+	0	ID=57_10;partial=00;start_type=ATG;rbs_motif=GGAGG;rbs_spacer=5-10bp;gc_cont=0.382;conf=100.00;score=52.95;cscore=35.67;sscore=17.28;rscore=12.75;uscore=0.95;tscore=2.49;
contig_59	Prodigal_v2.6.3	CDS	6482	6802	50.1	+	0	ID=57_11;partial=00;start_type=ATG;rbs_motif=GGA/GAG/AGG;rbs_spacer=5-10bp;gc_cont=0.364;conf=100.00;score=50.05;cscore=47.66;sscore=2.39;rscore=-0.45;uscore=0.36;tscore=2.49;
contig_59	Prodigal_v2.6.3	CDS	6997	8004	175.6	+	0	ID=57_12;partial=00;start_type=ATG;rbs_motif=AGGAG;rbs_spacer=5-10bp;gc_cont=0.419;conf=100.00;score=175.56;cscore=160.07;sscore=15.49;rscore=12.22;uscore=1.43;tscore=2.49;
contig_59	Prodigal_v2.6.3	CDS	8095	8304	15.5	+	0	ID=57_13;partial=00;start_type=ATG;rbs_motif=AGxAGG/AGGxGG;rbs_spacer=5-10bp;gc_cont=0.362;conf=97.27;score=15.55;cscore=7.26;sscore=8.29;rscore=8.01;uscore=-1.79;tscore=2.06;
contig_59	Prodigal_v2.6.3	CDS	8310	8687	10.2	+	0	ID=57_14;partial=00;start_type=ATG;rbs_motif=None;rbs_spacer=None;gc_cont=0.389;conf=91.32;score=10.24;cscore=20.38;sscore=-10.14;rscore=-9.56;uscore=-4.29;tscore=2.49;
contig_59	Prodigal_v2.6.3	CDS	8818	9504	46.9	+	0	ID=57_15;partial=00;start_type=TTG;rbs_motif=None;rbs_spacer=None;gc_cont=0.380;conf=100.00;score=46.91;cscore=62.72;sscore=-15.81;rscore=-9.56;uscore=-1.56;tscore=-4.70;
contig_59	Prodigal_v2.6.3	CDS	9821	10240	33.9	+	0	ID=57_16;partial=00;start_type=GTG;rbs_motif=3Base/5BMM;rbs_spacer=13-15bp;gc_cont=0.388;conf=99.96;score=33.86;cscore=42.28;sscore=-8.42;rscore=-6.44;uscore=2.28;tscore=-3.61;
contig_59	Prodigal_v2.6.3	CDS	10241	10795	110.7	+	0	ID=57_17;partial=00;start_type=ATG;rbs_motif=AGGAGG;rbs_spacer=5-10bp;gc_cont=0.378;conf=100.00;score=110.74;cscore=90.82;sscore=19.92;rscore=13.75;uscore=2.41;tscore=2.49;
contig_59	Prodigal_v2.6.3	CDS	10996	11502	100.9	+	0	ID=57_18;partial=00;start_type=ATG;rbs_motif=AGGAG;rbs_spacer=5-10bp;gc_cont=0.398;conf=100.00;score=100.92;cscore=85.39;sscore=15.53;rscore=12.22;uscore=1.48;tscore=2.49;
contig_59	Prodigal_v2.6.3	CDS	11517	12920	258.4	+	0	ID=57_19;partial=00;start_type=ATG;rbs_motif=AGGAG;rbs_spacer=5-10bp;gc_cont=0.425;conf=99.99;score=258.38;cscore=240.43;sscore=17.95;rscore=12.22;uscore=2.12;tscore=2.49;
contig_59	Prodigal_v2.6.3	CDS	13147	13464	41.4	-	0	ID=57_20;partial=00;start_type=ATG;rbs_motif=GGAG/GAGG;rbs_spacer=5-10bp;gc_cont=0.327;conf=99.99;score=41.41;cscore=27.81;sscore=13.61;rscore=8.24;uscore=3.53;tscore=2.49;
contig_59	Prodigal_v2.6.3	CDS	13568	13894	58.1	+	0	ID=57_21;partial=00;start_type=ATG;rbs_motif=AGGAG/GGAGG;rbs_spacer=11-12bp;gc_cont=0.401;conf=100.00;score=58.12;cscore=44.98;sscore=13.14;rscore=9.05;uscore=1.60;tscore=2.49;
contig_59	Prodigal_v2.6.3	CDS	14006	14416	86.5	+	0	ID=57_22;partial=00;start_type=ATG;rbs_motif=AGGA;rbs_spacer=5-10bp;gc_cont=0.404;conf=100.00;score=86.52;cscore=79.13;sscore=7.39;rscore=4.23;uscore=0.68;tscore=2.49;
contig_59	Prodigal_v2.6.3	CDS	14512	15681	175.1	-	0	ID=57_23;partial=00;start_type=ATG;rbs_motif=AGGAG;rbs_spacer=5-10bp;gc_cont=0.387;conf=100.00;score=175.14;cscore=160.81;sscore=14.34;rscore=12.22;uscore=-0.37;tscore=2.49;
contig_59	Prodigal_v2.6.3	CDS	15808	16710	106.6	-	0	ID=57_24;partial=00;start_type=ATG;rbs_motif=GGAGG;rbs_spacer=5-10bp;gc_cont=0.358;conf=100.00;score=106.55;cscore=94.39;sscore=12.16;rscore=12.75;uscore=-2.43;tscore=2.49;
contig_59	Prodigal_v2.6.3	CDS	17096	17479	61.1	+	0	ID=57_25;partial=00;start_type=ATG;rbs_motif=AGGAG;rbs_spacer=5-10bp;gc_cont=0.372;conf=100.00;score=61.10;cscore=45.21;sscore=15.89;rscore=12.22;uscore=1.18;tscore=2.49;
contig_59	Prodigal_v2.6.3	CDS	17511	18365	174.4	+	0	ID=57_26;partial=00;start_type=ATG;rbs_motif=AGGAG/GGAGG;rbs_spacer=11-12bp;gc_cont=0.396;conf=100.00;score=174.38;cscore=158.87;sscore=15.51;rscore=9.05;uscore=3.04;tscore=2.49;
contig_59	Prodigal_v2.6.3	CDS	18495	19310	127.2	+	0	ID=57_27;partial=00;start_type=ATG;rbs_motif=AGGAGG;rbs_spacer=5-10bp;gc_cont=0.388;conf=100.00;score=127.21;cscore=111.66;sscore=15.55;rscore=13.75;uscore=-0.69;tscore=2.49;
contig_59	Prodigal_v2.6.3	CDS	19541	20899	190.1	+	0	ID=57_28;partial=00;start_type=ATG;rbs_motif=AGGAG;rbs_spacer=5-10bp;gc_cont=0.414;conf=99.99;score=190.15;cscore=173.89;sscore=16.26;rscore=12.22;uscore=2.21;tscore=2.49;
contig_59	Prodigal_v2.6.3	CDS	20896	21129	37.7	+	0	ID=57_29;partial=00;start_type=GTG;rbs_motif=AGxAGG/AGGxGG;rbs_spacer=5-10bp;gc_cont=0.415;conf=99.98;score=37.69;cscore=31.32;sscore=6.38;rscore=8.94;uscore=0.05;tscore=-3.91;
contig_59	Prodigal_v2.6.3	CDS	21133	22014	165.7	+	0	ID=57_30;partial=00;start_type=ATG;rbs_motif=GGA/GAG/AGG;rbs_spacer=5-10bp;gc_cont=0.399;conf=100.00;score=165.68;cscore=160.57;sscore=5.11;rscore=-0.45;uscore=1.83;tscore=2.49;
contig_59	Prodigal_v2.6.3	CDS	22178	24079	347.5	+	0	ID=57_31;partial=00;start_type=GTG;rbs_motif=GGA/GAG/AGG;rbs_spacer=11-12bp;gc_cont=0.403;conf=99.99;score=347.49;cscore=349.05;sscore=-1.56;rscore=-0.79;uscore=2.84;tscore=-3.61;
contig_59	Prodigal_v2.6.3	CDS	24079	24897	145.8	+	0	ID=57_32;partial=00;start_type=ATG;rbs_motif=None;rbs_spacer=None;gc_cont=0.381;conf=100.00;score=145.82;cscore=140.28;sscore=5.54;rscore=-9.56;uscore=1.77;tscore=2.49;
contig_59	Prodigal_v2.6.3	CDS	24998	25447	72.9	+	0	ID=57_33;partial=00;start_type=TTG;rbs_motif=GGAG/GAGG;rbs_spacer=5-10bp;gc_cont=0.358;conf=100.00;score=72.91;cscore=69.04;sscore=3.87;rscore=8.24;uscore=0.33;tscore=-4.70;
contig_59	Prodigal_v2.6.3	CDS	25481	27172	279.4	+	0	ID=57_34;partial=00;start_type=GTG;rbs_motif=GGAG/GAGG;rbs_spacer=5-10bp;gc_cont=0.396;conf=99.99;score=279.39;cscore=273.49;sscore=5.90;rscore=8.24;uscore=0.36;tscore=-3.61;
contig_59	Prodigal_v2.6.3	CDS	27295	28242	157.3	+	0	ID=57_35;partial=00;start_type=ATG;rbs_motif=AGGAGG;rbs_spacer=5-10bp;gc_cont=0.395;conf=100.00;score=157.31;cscore=137.28;sscore=20.04;rscore=13.75;uscore=3.80;tscore=2.49;
contig_59	Prodigal_v2.6.3	CDS	28627	29418	112.2	+	0	ID=57_36;partial=00;start_type=ATG;rbs_motif=AGGAGG;rbs_spacer=5-10bp;gc_cont=0.380;conf=100.00;score=112.17;cscore=97.58;sscore=14.60;rscore=13.75;uscore=-0.99;tscore=2.49;
contig_59	Prodigal_v2.6.3	CDS	30181	31752	276.4	+	0	ID=57_37;partial=00;start_type=TTG;rbs_motif=AGGAGG;rbs_spacer=5-10bp;gc_cont=0.358;conf=99.99;score=276.38;cscore=264.74;sscore=11.64;rscore=13.75;uscore=3.24;tscore=-4.70;
contig_59	Prodigal_v2.6.3	CDS	31745	32473	64.2	+	0	ID=57_38;partial=00;start_type=ATG;rbs_motif=GGA/GAG/AGG;rbs_spacer=3-4bp;gc_cont=0.390;conf=100.00;score=64.21;cscore=65.97;sscore=-1.76;rscore=-7.91;uscore=2.41;tscore=2.49;
contig_59	Prodigal_v2.6.3	CDS	32625	32756	12.7	-	0	ID=57_39;partial=00;start_type=ATG;rbs_motif=AGGAGG;rbs_spacer=5-10bp;gc_cont=0.379;conf=94.92;score=12.74;cscore=4.26;sscore=8.48;rscore=7.10;uscore=0.75;tscore=1.28;
contig_59	Prodigal_v2.6.3	CDS	33144	34238	210.8	+	0	ID=57_40;partial=00;start_type=ATG;rbs_motif=GGA/GAG/AGG;rbs_spacer=5-10bp;gc_cont=0.397;conf=99.99;score=210.84;cscore=211.05;sscore=-0.21;rscore=-0.45;uscore=-2.25;tscore=2.49;
contig_59	Prodigal_v2.6.3	CDS	34416	35843	282.6	+	0	ID=57_41;partial=00;start_type=ATG;rbs_motif=AGxAGG/AGGxGG;rbs_spacer=5-10bp;gc_cont=0.396;conf=99.99;score=282.60;cscore=270.72;sscore=11.88;rscore=9.68;uscore=-0.29;tscore=2.49;
contig_59	Prodigal_v2.6.3	CDS	35930	36946	197.4	+	0	ID=57_42;partial=00;start_type=ATG;rbs_motif=GGA/GAG/AGG;rbs_spacer=5-10bp;gc_cont=0.426;conf=99.99;score=197.38;cscore=194.07;sscore=3.31;rscore=-0.45;uscore=1.27;tscore=2.49;
contig_59	Prodigal_v2.6.3	CDS	36946	37929	204.3	+	0	ID=57_43;partial=00;start_type=ATG;rbs_motif=GGAGG;rbs_spacer=5-10bp;gc_cont=0.425;conf=99.99;score=204.27;cscore=187.74;sscore=16.52;rscore=12.75;uscore=-0.63;tscore=2.49;
contig_59	Prodigal_v2.6.3	CDS	38100	39443	246.6	+	0	ID=57_44;partial=00;start_type=ATG;rbs_motif=GGAGG;rbs_spacer=5-10bp;gc_cont=0.406;conf=99.99;score=246.60;cscore=232.99;sscore=13.61;rscore=12.75;uscore=-1.64;tscore=2.49;
contig_59	Prodigal_v2.6.3	CDS	39565	41268	287.7	+	0	ID=57_45;partial=00;start_type=ATG;rbs_motif=None;rbs_spacer=None;gc_cont=0.391;conf=99.99;score=287.66;cscore=295.79;sscore=-8.13;rscore=-9.56;uscore=-1.06;tscore=2.49;
contig_59	Prodigal_v2.6.3	CDS	41265	43418	454.7	+	0	ID=57_46;partial=00;start_type=ATG;rbs_motif=AGGAGG;rbs_spacer=5-10bp;gc_cont=0.408;conf=99.99;score=454.72;cscore=437.19;sscore=17.53;rscore=13.75;uscore=-2.23;tscore=2.49;
contig_59	Prodigal_v2.6.3	CDS	43418	44515	161.3	+	0	ID=57_47;partial=00;start_type=ATG;rbs_motif=AGGA/GGAG/GAGG;rbs_spacer=11-12bp;gc_cont=0.437;conf=100.00;score=161.29;cscore=153.40;sscore=7.89;rscore=3.18;uscore=0.94;tscore=2.49;
contig_59	Prodigal_v2.6.3	CDS	44677	45117	97.4	+	0	ID=57_48;partial=00;start_type=ATG;rbs_motif=AGGAG;rbs_spacer=5-10bp;gc_cont=0.413;conf=100.00;score=97.36;cscore=80.46;sscore=16.90;rscore=12.22;uscore=2.19;tscore=2.49;
contig_59	Prodigal_v2.6.3	CDS	45270	46280	125.9	+	0	ID=57_49;partial=00;start_type=GTG;rbs_motif=None;rbs_spacer=None;gc_cont=0.382;conf=100.00;score=125.89;cscore=136.91;sscore=-11.01;rscore=-9.56;uscore=2.15;tscore=-3.61;
contig_59	Prodigal_v2.6.3	CDS	46303	46398	3.3	-	0	ID=57_50;partial=00;start_type=ATG;rbs_motif=AGGAG/GGAGG;rbs_spacer=11-12bp;gc_cont=0.250;conf=68.22;score=3.32;cscore=-1.62;sscore=4.95;rscore=3.37;uscore=1.81;tscore=0.93;
contig_59	Prodigal_v2.6.3	CDS	46524	46937	93.1	+	0	ID=57_51;partial=00;start_type=ATG;rbs_motif=AGGAG;rbs_spacer=5-10bp;gc_cont=0.425;conf=100.00;score=93.08;cscore=76.80;sscore=16.28;rscore=12.22;uscore=1.57;tscore=2.49;
contig_59	Prodigal_v2.6.3	CDS	46943	48490	286.5	+	0	ID=57_52;partial=00;start_type=ATG;rbs_motif=GGA/GAG/AGG;rbs_spacer=11-12bp;gc_cont=0.411;conf=99.99;score=286.52;cscore=279.54;sscore=6.98;rscore=-0.79;uscore=4.06;tscore=2.49;
contig_59	Prodigal_v2.6.3	CDS	48597	49550	144.6	+	0	ID=57_53;partial=00;start_type=ATG;rbs_motif=AGGAG;rbs_spacer=5-10bp;gc_cont=0.381;conf=100.00;score=144.58;cscore=129.81;sscore=14.77;rscore=12.22;uscore=0.06;tscore=2.49;
contig_59	Prodigal_v2.6.3	CDS	49787	49981	15.0	+	0	ID=57_54;partial=00;start_type=GTG;rbs_motif=AGxAGG/AGGxGG;rbs_spacer=5-10bp;gc_cont=0.364;conf=96.89;score=14.96;cscore=11.22;sscore=3.74;rscore=7.43;uscore=1.66;tscore=-4.70;
contig_59	Prodigal_v2.6.3	CDS	50082	50291	12.7	+	0	ID=57_55;partial=00;start_type=GTG;rbs_motif=GGA/GAG/AGG;rbs_spacer=5-10bp;gc_cont=0.367;conf=94.91;score=12.72;cscore=19.55;sscore=-6.83;rscore=-0.54;uscore=-1.93;tscore=-4.36;
contig_59	Prodigal_v2.6.3	CDS	50288	50497	8.9	+	0	ID=57_56;partial=00;start_type=ATG;rbs_motif=None;rbs_spacer=None;gc_cont=0.381;conf=88.51;score=8.88;cscore=5.53;sscore=3.35;rscore=-11.54;uscore=-0.49;tscore=2.06;
contig_59	Prodigal_v2.6.3	CDS	50460	51131	59.6	+	0	ID=57_57;partial=00;start_type=ATG;rbs_motif=GGA/GAG/AGG;rbs_spacer=5-10bp;gc_cont=0.359;conf=100.00;score=59.58;cscore=59.29;sscore=0.29;rscore=-0.45;uscore=-1.75;tscore=2.49;
contig_59	Prodigal_v2.6.3	CDS	51713	51859	10.5	+	0	ID=57_58;partial=00;start_type=ATG;rbs_motif=GGAG/GAGG;rbs_spacer=5-10bp;gc_cont=0.354;conf=91.87;score=10.55;cscore=4.19;sscore=6.35;rscore=4.75;uscore=0.83;tscore=1.43;
contig_59	Prodigal_v2.6.3	CDS	51903	52829	169.9	+	0	ID=57_59;partial=00;start_type=TTG;rbs_motif=GGA/GAG/AGG;rbs_spacer=3-4bp;gc_cont=0.413;conf=100.00;score=169.87;cscore=182.62;sscore=-12.75;rscore=-7.91;uscore=-0.95;tscore=-4.70;
contig_59	Prodigal_v2.6.3	CDS	52853	53371	78.3	+	0	ID=57_60;partial=00;start_type=ATG;rbs_motif=AGGA;rbs_spacer=5-10bp;gc_cont=0.355;conf=100.00;score=78.26;cscore=69.85;sscore=8.40;rscore=4.23;uscore=0.67;tscore=2.49;
contig_59	Prodigal_v2.6.3	CDS	53615	54484	107.5	+	0	ID=57_61;partial=00;start_type=ATG;rbs_motif=GGAG/GAGG;rbs_spacer=5-10bp;gc_cont=0.361;conf=100.00;score=107.55;cscore=99.04;sscore=8.51;rscore=8.24;uscore=-1.56;tscore=2.49;
contig_59	Prodigal_v2.6.3	CDS	54531	55442	141.7	-	0	ID=57_62;partial=00;start_type=ATG;rbs_motif=None;rbs_spacer=None;gc_cont=0.370;conf=100.00;score=141.71;cscore=153.48;sscore=-11.77;rscore=-9.56;uscore=-4.70;tscore=2.49;
contig_59	Prodigal_v2.6.3	CDS	55506	55670	10.0	-	0	ID=57_63;partial=00;start_type=ATG;rbs_motif=AGGA;rbs_spacer=5-10bp;gc_cont=0.364;conf=90.83;score=9.97;cscore=4.33;sscore=5.64;rscore=2.74;uscore=-0.45;tscore=1.61;
contig_59	Prodigal_v2.6.3	CDS	55667	55927	7.4	-	0	ID=57_64;partial=00;start_type=GTG;rbs_motif=None;rbs_spacer=None;gc_cont=0.429;conf=84.67;score=7.43;cscore=18.18;sscore=-10.75;rscore=-9.56;uscore=1.27;tscore=-3.61;
contig_59	Prodigal_v2.6.3	CDS	55911	56897	130.9	-	0	ID=57_65;partial=00;start_type=TTG;rbs_motif=GGxGG;rbs_spacer=5-10bp;gc_cont=0.394;conf=100.00;score=130.92;cscore=129.03;sscore=1.89;rscore=6.77;uscore=0.47;tscore=-4.70;
contig_59	Prodigal_v2.6.3	CDS	57324	57530	17.8	-	0	ID=57_66;partial=00;start_type=ATG;rbs_motif=AGGAGG;rbs_spacer=5-10bp;gc_cont=0.372;conf=98.34;score=17.75;cscore=6.78;sscore=10.97;rscore=11.22;uscore=-1.63;tscore=2.03;
contig_59	Prodigal_v2.6.3	CDS	57733	59445	285.9	+	0	ID=57_67;partial=00;start_type=GTG;rbs_motif=GGAG/GAGG;rbs_spacer=5-10bp;gc_cont=0.391;conf=99.99;score=285.93;cscore=277.27;sscore=8.66;rscore=8.24;uscore=4.03;tscore=-3.61;
contig_59	Prodigal_v2.6.3	CDS	59536	60279	119.6	+	0	ID=57_68;partial=00;start_type=ATG;rbs_motif=GGAG/GAGG;rbs_spacer=5-10bp;gc_cont=0.398;conf=100.00;score=119.62;cscore=108.77;sscore=10.85;rscore=8.24;uscore=0.12;tscore=2.49;
contig_59	Prodigal_v2.6.3	CDS	60427	61014	60.8	+	0	ID=57_69;partial=00;start_type=ATG;rbs_motif=AGGA/GGAG/GAGG;rbs_spacer=11-12bp;gc_cont=0.379;conf=100.00;score=60.79;cscore=54.28;sscore=6.51;rscore=3.18;uscore=0.85;tscore=2.49;
contig_59	Prodigal_v2.6.3	CDS	61045	62094	177.7	-	0	ID=57_70;partial=00;start_type=ATG;rbs_motif=AGGAGG;rbs_spacer=5-10bp;gc_cont=0.412;conf=100.00;score=177.73;cscore=160.29;sscore=17.44;rscore=13.75;uscore=1.20;tscore=2.49;
contig_59	Prodigal_v2.6.3	CDS	62255	63172	91.7	-	0	ID=57_71;partial=00;start_type=ATG;rbs_motif=AGGAG;rbs_spacer=5-10bp;gc_cont=0.385;conf=100.00;score=91.71;cscore=76.23;sscore=15.48;rscore=12.22;uscore=1.43;tscore=2.49;
contig_59	Prodigal_v2.6.3	CDS	63279	64172	104.3	+	0	ID=57_72;partial=00;start_type=ATG;rbs_motif=GGAG/GAGG;rbs_spacer=5-10bp;gc_cont=0.364;conf=100.00;score=104.30;cscore=90.64;sscore=13.66;rscore=8.24;uscore=2.94;tscore=2.49;
contig_59	Prodigal_v2.6.3	CDS	64271	65314	137.6	+	0	ID=57_73;partial=00;start_type=ATG;rbs_motif=AGxAGG/AGGxGG;rbs_spacer=5-10bp;gc_cont=0.375;conf=100.00;score=137.56;cscore=120.76;sscore=16.80;rscore=9.68;uscore=4.64;tscore=2.49;
contig_59	Prodigal_v2.6.3	CDS	66232	67917	176.1	+	0	ID=57_74;partial=00;start_type=ATG;rbs_motif=AGGAGG;rbs_spacer=5-10bp;gc_cont=0.356;conf=100.00;score=176.05;cscore=156.58;sscore=19.47;rscore=13.75;uscore=3.89;tscore=2.49;
contig_59	Prodigal_v2.6.3	CDS	67883	70420	268.3	+	0	ID=57_75;partial=00;start_type=GTG;rbs_motif=GGA/GAG/AGG;rbs_spacer=11-12bp;gc_cont=0.372;conf=99.99;score=268.30;cscore=271.11;sscore=-2.80;rscore=-0.79;uscore=1.59;tscore=-3.61;
contig_59	Prodigal_v2.6.3	CDS	70491	71369	102.3	+	0	ID=57_76;partial=00;start_type=ATG;rbs_motif=GGA/GAG/AGG;rbs_spacer=5-10bp;gc_cont=0.354;conf=100.00;score=102.33;cscore=99.44;sscore=2.88;rscore=-0.45;uscore=0.85;tscore=2.49;
contig_59	Prodigal_v2.6.3	CDS	71390	71581	8.8	-	0	ID=57_77;partial=00;start_type=GTG;rbs_motif=GGA/GAG/AGG;rbs_spacer=11-12bp;gc_cont=0.401;conf=88.36;score=8.82;cscore=16.85;sscore=-8.03;rscore=-1.04;uscore=-2.21;tscore=-4.77;
contig_59	Prodigal_v2.6.3	CDS	71710	72093	57.1	-	0	ID=57_78;partial=00;start_type=ATG;rbs_motif=GGA/GAG/AGG;rbs_spacer=11-12bp;gc_cont=0.372;conf=100.00;score=57.08;cscore=51.22;sscore=5.86;rscore=-0.79;uscore=4.81;tscore=2.49;
contig_59	Prodigal_v2.6.3	CDS	72272	72706	63.1	-	0	ID=57_79;partial=00;start_type=ATG;rbs_motif=GGA/GAG/AGG;rbs_spacer=5-10bp;gc_cont=0.368;conf=100.00;score=63.13;cscore=60.61;sscore=2.53;rscore=-0.45;uscore=1.14;tscore=2.49;
contig_59	Prodigal_v2.6.3	CDS	72881	73063	25.1	+	0	ID=57_80;partial=00;start_type=ATG;rbs_motif=AGxAGG/AGGxGG;rbs_spacer=5-10bp;gc_cont=0.350;conf=99.69;score=25.09;cscore=18.49;sscore=6.61;rscore=6.97;uscore=-2.15;tscore=1.79;
contig_59	Prodigal_v2.6.3	CDS	73255	73644	51.3	+	0	ID=57_81;partial=00;start_type=ATG;rbs_motif=GGAGG;rbs_spacer=5-10bp;gc_cont=0.415;conf=100.00;score=51.33;cscore=32.49;sscore=18.84;rscore=12.75;uscore=4.25;tscore=2.49;
contig_59	Prodigal_v2.6.3	CDS	73641	73958	17.8	+	0	ID=57_82;partial=00;start_type=ATG;rbs_motif=None;rbs_spacer=None;gc_cont=0.412;conf=98.37;score=17.85;cscore=14.07;sscore=3.78;rscore=-9.56;uscore=-3.62;tscore=2.49;
contig_59	Prodigal_v2.6.3	CDS	73939	75315	171.1	+	0	ID=57_83;partial=00;start_type=ATG;rbs_motif=GGA/GAG/AGG;rbs_spacer=5-10bp;gc_cont=0.419;conf=100.00;score=171.09;cscore=170.41;sscore=0.69;rscore=-0.45;uscore=-1.35;tscore=2.49;
contig_59	Prodigal_v2.6.3	CDS	75308	75901	84.6	+	0	ID=57_84;partial=00;start_type=GTG;rbs_motif=AGGAGG;rbs_spacer=5-10bp;gc_cont=0.399;conf=100.00;score=84.64;cscore=72.23;sscore=12.41;rscore=13.75;uscore=1.02;tscore=-3.61;
contig_59	Prodigal_v2.6.3	CDS	75898	76893	154.7	+	0	ID=57_85;partial=00;start_type=ATG;rbs_motif=AGxAGG/AGGxGG;rbs_spacer=5-10bp;gc_cont=0.401;conf=100.00;score=154.67;cscore=138.39;sscore=16.27;rscore=9.68;uscore=2.82;tscore=2.49;
contig_59	Prodigal_v2.6.3	CDS	77212	77334	13.3	+	0	ID=57_86;partial=00;start_type=ATG;rbs_motif=GGAG/GAGG;rbs_spacer=5-10bp;gc_cont=0.333;conf=95.52;score=13.31;cscore=6.94;sscore=6.37;rscore=3.96;uscore=1.87;tscore=1.19;
contig_59	Prodigal_v2.6.3	CDS	77376	77963	39.4	-	0	ID=57_87;partial=00;start_type=TTG;rbs_motif=AGxAGG/AGGxGG;rbs_spacer=5-10bp;gc_cont=0.342;conf=99.99;score=39.35;cscore=34.83;sscore=4.52;rscore=9.68;uscore=0.19;tscore=-4.70;
contig_59	Prodigal_v2.6.3	CDS	78077	78631	84.4	+	0	ID=57_88;partial=00;start_type=ATG;rbs_motif=AGGAGG;rbs_spacer=5-10bp;gc_cont=0.386;conf=100.00;score=84.40;cscore=68.53;sscore=15.87;rscore=13.75;uscore=-0.37;tscore=2.49;
contig_59	Prodigal_v2.6.3	CDS	78674	79837	195.0	-	0	ID=57_89;partial=00;start_type=ATG;rbs_motif=AGGA;rbs_spacer=5-10bp;gc_cont=0.395;conf=99.99;score=195.01;cscore=182.20;sscore=12.81;rscore=4.23;uscore=6.75;tscore=2.49;
contig_59	Prodigal_v2.6.3	CDS	79966	81363	197.7	+	0	ID=57_90;partial=00;start_type=ATG;rbs_motif=AGxAGG/AGGxGG;rbs_spacer=5-10bp;gc_cont=0.406;conf=99.99;score=197.72;cscore=180.53;sscore=17.18;rscore=9.68;uscore=5.02;tscore=2.49;
contig_59	Prodigal_v2.6.3	CDS	81412	82650	192.4	+	0	ID=57_91;partial=00;start_type=ATG;rbs_motif=GGAG/GAGG;rbs_spacer=5-10bp;gc_cont=0.408;conf=99.99;score=192.37;cscore=177.52;sscore=14.86;rscore=8.24;uscore=3.38;tscore=2.49;
contig_59	Prodigal_v2.6.3	CDS	82675	83427	72.9	+	0	ID=57_92;partial=00;start_type=ATG;rbs_motif=AGxAGG/AGGxGG;rbs_spacer=5-10bp;gc_cont=0.396;conf=100.00;score=72.86;cscore=56.67;sscore=16.19;rscore=9.68;uscore=3.01;tscore=2.49;
contig_59	Prodigal_v2.6.3	CDS	83475	84329	75.1	-	0	ID=57_93;partial=00;start_type=ATG;rbs_motif=AGGAGG;rbs_spacer=5-10bp;gc_cont=0.382;conf=100.00;score=75.11;cscore=57.58;sscore=17.53;rscore=13.75;uscore=-1.32;tscore=2.49;
contig_59	Prodigal_v2.6.3	CDS	84326	85354	95.2	-	0	ID=57_94;partial=00;start_type=ATG;rbs_motif=None;rbs_spacer=None;gc_cont=0.404;conf=100.00;score=95.24;cscore=100.06;sscore=-4.82;rscore=-9.56;uscore=1.31;tscore=2.49;
contig_59	Prodigal_v2.6.3	CDS	85385	85984	71.2	-	0	ID=57_95;partial=00;start_type=ATG;rbs_motif=GGAGG;rbs_spacer=5-10bp;gc_cont=0.363;conf=100.00;score=71.18;cscore=55.90;sscore=15.28;rscore=12.75;uscore=0.69;tscore=2.49;
contig_59	Prodigal_v2.6.3	CDS	86241	87329	132.3	+	0	ID=57_96;partial=00;start_type=ATG;rbs_motif=GGAG/GAGG;rbs_spacer=5-10bp;gc_cont=0.393;conf=100.00;score=132.25;cscore=123.83;sscore=8.43;rscore=8.24;uscore=-2.30;tscore=2.49;
contig_59	Prodigal_v2.6.3	CDS	87448	87888	63.6	+	0	ID=57_97;partial=00;start_type=ATG;rbs_motif=GGAG/GAGG;rbs_spacer=5-10bp;gc_cont=0.354;conf=100.00;score=63.56;cscore=54.56;sscore=9.00;rscore=8.24;uscore=-1.73;tscore=2.49;
contig_59	Prodigal_v2.6.3	CDS	87986	91483	545.2	-	0	ID=57_98;partial=00;start_type=TTG;rbs_motif=AGGAG;rbs_spacer=5-10bp;gc_cont=0.390;conf=99.99;score=545.22;cscore=536.18;sscore=9.05;rscore=12.22;uscore=1.52;tscore=-4.70;
contig_59	Prodigal_v2.6.3	CDS	91631	92467	120.7	-	0	ID=57_99;partial=00;start_type=ATG;rbs_motif=GGAGG;rbs_spacer=5-10bp;gc_cont=0.395;conf=100.00;score=120.73;cscore=104.19;sscore=16.54;rscore=12.75;uscore=-1.14;tscore=2.49;
contig_59	Prodigal_v2.6.3	CDS	92464	92736	8.8	-	0	ID=57_100;partial=00;start_type=ATG;rbs_motif=None;rbs_spacer=None;gc_cont=0.447;conf=88.25;score=8.77;cscore=17.75;sscore=-8.98;rscore=-9.56;uscore=-3.14;tscore=2.49;
contig_59	Prodigal_v2.6.3	CDS	92727	93515	75.3	-	0	ID=57_101;partial=00;start_type=ATG;rbs_motif=AGGAGG;rbs_spacer=11-12bp;gc_cont=0.369;conf=100.00;score=75.32;cscore=58.51;sscore=16.81;rscore=10.68;uscore=2.40;tscore=2.49;
contig_59	Prodigal_v2.6.3	CDS	93519	93791	19.7	-	0	ID=57_102;partial=00;start_type=TTG;rbs_motif=3Base/5BMM;rbs_spacer=13-15bp;gc_cont=0.374;conf=98.92;score=19.66;cscore=30.67;sscore=-11.00;rscore=-6.44;uscore=0.13;tscore=-4.70;
contig_59	Prodigal_v2.6.3	CDS	93943	94212	2.5	-	0	ID=57_103;partial=00;start_type=GTG;rbs_motif=None;rbs_spacer=None;gc_cont=0.426;conf=63.95;score=2.49;cscore=18.04;sscore=-15.54;rscore=-9.56;uscore=-1.72;tscore=-3.61;
contig_59	Prodigal_v2.6.3	CDS	95020	95550	40.9	+	0	ID=57_104;partial=00;start_type=TTG;rbs_motif=AGGA/GGAG/GAGG;rbs_spacer=11-12bp;gc_cont=0.412;conf=99.99;score=40.91;cscore=42.24;sscore=-1.32;rscore=3.18;uscore=0.20;tscore=-4.70;
contig_59	Prodigal_v2.6.3	CDS	95555	97222	280.3	+	0	ID=57_105;partial=00;start_type=ATG;rbs_motif=GGAG/GAGG;rbs_spacer=5-10bp;gc_cont=0.424;conf=99.99;score=280.28;cscore=265.88;sscore=14.40;rscore=8.24;uscore=2.44;tscore=2.49;
contig_59	Prodigal_v2.6.3	CDS	97237	98211	149.3	+	0	ID=57_106;partial=00;start_type=ATG;rbs_motif=AGGAG;rbs_spacer=5-10bp;gc_cont=0.402;conf=100.00;score=149.31;cscore=137.45;sscore=11.87;rscore=12.22;uscore=-3.96;tscore=2.49;
contig_59	Prodigal_v2.6.3	CDS	98208	98969	135.0	+	0	ID=57_107;partial=00;start_type=ATG;rbs_motif=AGGAG;rbs_spacer=5-10bp;gc_cont=0.446;conf=100.00;score=135.04;cscore=118.77;sscore=16.27;rscore=12.22;uscore=0.27;tscore=2.49;
contig_59	Prodigal_v2.6.3	CDS	98982	99641	140.7	+	0	ID=57_108;partial=00;start_type=ATG;rbs_motif=AGGAGG;rbs_spacer=5-10bp;gc_cont=0.394;conf=100.00;score=140.71;cscore=124.48;sscore=16.22;rscore=13.75;uscore=-1.16;tscore=2.49;
contig_59	Prodigal_v2.6.3	CDS	99674	100774	157.6	+	0	ID=57_109;partial=00;start_type=ATG;rbs_motif=AGGA;rbs_spacer=5-10bp;gc_cont=0.452;conf=100.00;score=157.64;cscore=147.42;sscore=10.22;rscore=4.23;uscore=2.58;tscore=2.49;
contig_59	Prodigal_v2.6.3	CDS	100731	100892	7.9	+	0	ID=57_110;partial=00;start_type=ATG;rbs_motif=AGGA;rbs_spacer=5-10bp;gc_cont=0.414;conf=86.02;score=7.91;cscore=8.71;sscore=-0.81;rscore=2.69;uscore=-5.08;tscore=1.58;
contig_59	Prodigal_v2.6.3	CDS	100922	101950	121.8	+	0	ID=57_111;partial=00;start_type=TTG;rbs_motif=None;rbs_spacer=None;gc_cont=0.410;conf=100.00;score=121.80;cscore=134.77;sscore=-12.97;rscore=-9.56;uscore=0.33;tscore=-4.70;
contig_59	Prodigal_v2.6.3	CDS	101943	102650	146.8	+	0	ID=57_112;partial=00;start_type=ATG;rbs_motif=AGGA;rbs_spacer=5-10bp;gc_cont=0.391;conf=100.00;score=146.81;cscore=140.98;sscore=5.83;rscore=4.23;uscore=-2.13;tscore=2.49;
contig_59	Prodigal_v2.6.3	CDS	102650	103435	165.3	+	0	ID=57_113;partial=00;start_type=ATG;rbs_motif=GGxGG;rbs_spacer=5-10bp;gc_cont=0.433;conf=100.00;score=165.29;cscore=151.88;sscore=13.41;rscore=6.77;uscore=2.87;tscore=2.49;
contig_59	Prodigal_v2.6.3	CDS	103428	104549	194.5	+	0	ID=57_114;partial=00;start_type=GTG;rbs_motif=GGA/GAG/AGG;rbs_spacer=11-12bp;gc_cont=0.406;conf=99.99;score=194.47;cscore=197.31;sscore=-2.85;rscore=-0.79;uscore=0.30;tscore=-3.61;
contig_59	Prodigal_v2.6.3	CDS	104561	105928	231.7	+	0	ID=57_115;partial=00;start_type=ATG;rbs_motif=AGGAGG;rbs_spacer=5-10bp;gc_cont=0.421;conf=99.99;score=231.69;cscore=217.06;sscore=14.63;rscore=13.75;uscore=-2.76;tscore=2.49;
contig_59	Prodigal_v2.6.3	CDS	105921	106559	105.2	+	0	ID=57_116;partial=00;start_type=ATG;rbs_motif=AGxAGG/AGGxGG;rbs_spacer=5-10bp;gc_cont=0.426;conf=100.00;score=105.19;cscore=91.28;sscore=13.92;rscore=9.68;uscore=0.50;tscore=2.49;
contig_59	Prodigal_v2.6.3	CDS	106556	107323	129.6	+	0	ID=57_117;partial=00;start_type=ATG;rbs_motif=GGAG/GAGG;rbs_spacer=5-10bp;gc_cont=0.430;conf=100.00;score=129.63;cscore=117.11;sscore=12.52;rscore=8.24;uscore=0.50;tscore=2.49;
contig_59	Prodigal_v2.6.3	CDS	107357	107917	106.7	+	0	ID=57_118;partial=00;start_type=ATG;rbs_motif=AGGAGG;rbs_spacer=5-10bp;gc_cont=0.430;conf=100.00;score=106.70;cscore=92.46;sscore=14.25;rscore=13.75;uscore=-2.91;tscore=2.49;
contig_59	Prodigal_v2.6.3	CDS	107931	108533	91.1	+	0	ID=57_119;partial=00;start_type=ATG;rbs_motif=AGGAGG;rbs_spacer=5-10bp;gc_cont=0.448;conf=100.00;score=91.11;cscore=74.46;sscore=16.65;rscore=13.75;uscore=-0.72;tscore=2.49;
contig_59	Prodigal_v2.6.3	CDS	108557	110056	277.8	+	0	ID=57_120;partial=00;start_type=ATG;rbs_motif=GGAGG;rbs_spacer=5-10bp;gc_cont=0.419;conf=99.99;score=277.81;cscore=263.34;sscore=14.46;rscore=12.75;uscore=-1.80;tscore=2.49;
contig_59	Prodigal_v2.6.3	CDS	110053	110889	110.9	+	0	ID=57_121;partial=00;start_type=ATG;rbs_motif=GGAG/GAGG;rbs_spacer=5-10bp;gc_cont=0.405;conf=100.00;score=110.90;cscore=94.64;sscore=16.26;rscore=8.24;uscore=4.24;tscore=2.49;
contig_59	Prodigal_v2.6.3	CDS	110985	111044	16.2	+	0	ID=57_122;partial=01;start_type=ATG;rbs_motif=GGAG/GAGG;rbs_spacer=5-10bp;gc_cont=0.450;conf=97.62;score=16.15;cscore=1.74;sscore=14.41;rscore=8.24;uscore=3.68;tscore=2.49;
# Sequence Data: seqnum=58;seqlen=57763;seqhdr="contig_38"
# Model Data: version=Prodigal.v2.6.3;run_type=Single;model="Ab initio";gc_cont=37.70;transl_table=11;uses_sd=1
contig_38	Prodigal_v2.6.3	CDS	2	421	54.7	+	0	ID=58_1;partial=10;start_type=Edge;rbs_motif=None;rbs_spacer=None;gc_cont=0.329;conf=100.00;score=54.71;cscore=51.49;sscore=3.22;rscore=0.00;uscore=0.00;tscore=3.22;
contig_38	Prodigal_v2.6.3	CDS	455	967	59.7	+	0	ID=58_2;partial=00;start_type=ATG;rbs_motif=GGA/GAG/AGG;rbs_spacer=11-12bp;gc_cont=0.368;conf=100.00;score=59.75;cscore=55.17;sscore=4.57;rscore=-0.79;uscore=1.96;tscore=2.49;
contig_38	Prodigal_v2.6.3	CDS	964	1899	90.6	+	0	ID=58_3;partial=00;start_type=ATG;rbs_motif=GGA/GAG/AGG;rbs_spacer=5-10bp;gc_cont=0.314;conf=100.00;score=90.61;cscore=86.67;sscore=3.94;rscore=-0.45;uscore=0.16;tscore=2.49;
contig_38	Prodigal_v2.6.3	CDS	1954	2241	22.9	+	0	ID=58_4;partial=00;start_type=GTG;rbs_motif=GGxGG;rbs_spacer=3-4bp;gc_cont=0.319;conf=99.49;score=22.91;cscore=28.79;sscore=-5.88;rscore=-5.91;uscore=2.96;tscore=-3.61;
contig_38	Prodigal_v2.6.3	CDS	4185	5726	162.4	+	0	ID=58_5;partial=00;start_type=ATG;rbs_motif=AGGAG;rbs_spacer=5-10bp;gc_cont=0.414;conf=100.00;score=162.39;cscore=146.36;sscore=16.03;rscore=12.22;uscore=1.98;tscore=2.49;
contig_38	Prodigal_v2.6.3	CDS	6177	6494	14.4	+	0	ID=58_6;partial=00;start_type=ATG;rbs_motif=GGA/GAG/AGG;rbs_spacer=11-12bp;gc_cont=0.346;conf=96.44;score=14.36;cscore=7.26;sscore=7.09;rscore=-0.79;uscore=6.05;tscore=2.49;
contig_38	Prodigal_v2.6.3	CDS	6547	6873	38.6	-	0	ID=58_7;partial=00;start_type=ATG;rbs_motif=AGGAGG;rbs_spacer=5-10bp;gc_cont=0.462;conf=99.99;score=38.55;cscore=22.41;sscore=16.15;rscore=13.75;uscore=0.56;tscore=2.49;
contig_38	Prodigal_v2.6.3	CDS	6997	7593	67.7	+	0	ID=58_8;partial=00;start_type=ATG;rbs_motif=AGxAGG/AGGxGG;rbs_spacer=5-10bp;gc_cont=0.394;conf=100.00;score=67.67;cscore=54.73;sscore=12.93;rscore=9.68;uscore=0.77;tscore=2.49;
contig_38	Prodigal_v2.6.3	CDS	7621	8196	77.3	+	0	ID=58_9;partial=00;start_type=ATG;rbs_motif=GGAGG;rbs_spacer=5-10bp;gc_cont=0.424;conf=100.00;score=77.31;cscore=56.78;sscore=20.54;rscore=12.75;uscore=4.32;tscore=2.49;
contig_38	Prodigal_v2.6.3	CDS	8186	8869	90.2	+	0	ID=58_10;partial=00;start_type=ATG;rbs_motif=AGGAG;rbs_spacer=5-10bp;gc_cont=0.436;conf=100.00;score=90.23;cscore=78.57;sscore=11.66;rscore=12.22;uscore=-4.27;tscore=2.49;
contig_38	Prodigal_v2.6.3	CDS	8866	9171	10.8	-	0	ID=58_11;partial=00;start_type=ATG;rbs_motif=AGGA;rbs_spacer=5-10bp;gc_cont=0.435;conf=92.31;score=10.81;cscore=3.31;sscore=7.50;rscore=4.23;uscore=1.44;tscore=2.49;
contig_38	Prodigal_v2.6.3	CDS	9247	9447	4.2	+	0	ID=58_12;partial=00;start_type=TTG;rbs_motif=AGGAGG;rbs_spacer=5-10bp;gc_cont=0.433;conf=72.61;score=4.24;cscore=-0.32;sscore=4.56;rscore=10.89;uscore=0.10;tscore=-5.93;
contig_38	Prodigal_v2.6.3	CDS	9607	9906	29.9	+	0	ID=58_13;partial=00;start_type=ATG;rbs_motif=GGA/GAG/AGG;rbs_spacer=5-10bp;gc_cont=0.390;conf=99.90;score=29.95;cscore=26.40;sscore=3.54;rscore=-0.45;uscore=1.50;tscore=2.49;
contig_38	Prodigal_v2.6.3	CDS	10023	10523	21.8	-	0	ID=58_14;partial=00;start_type=ATG;rbs_motif=GGAG/GAGG;rbs_spacer=5-10bp;gc_cont=0.367;conf=99.34;score=21.82;cscore=9.03;sscore=12.79;rscore=8.24;uscore=2.72;tscore=2.49;
contig_38	Prodigal_v2.6.3	CDS	10761	11147	42.4	+	0	ID=58_15;partial=00;start_type=ATG;rbs_motif=GGAG/GAGG;rbs_spacer=5-10bp;gc_cont=0.398;conf=99.99;score=42.37;cscore=31.93;sscore=10.44;rscore=8.24;uscore=-0.29;tscore=2.49;
contig_38	Prodigal_v2.6.3	CDS	11224	11844	77.3	+	0	ID=58_16;partial=00;start_type=ATG;rbs_motif=GGAG/GAGG;rbs_spacer=5-10bp;gc_cont=0.446;conf=100.00;score=77.28;cscore=61.94;sscore=15.35;rscore=8.24;uscore=4.62;tscore=2.49;
contig_38	Prodigal_v2.6.3	CDS	12203	12358	10.0	+	0	ID=58_17;partial=00;start_type=ATG;rbs_motif=GGAG/GAGG;rbs_spacer=5-10bp;gc_cont=0.353;conf=90.85;score=9.98;cscore=6.11;sscore=3.88;rscore=5.04;uscore=-2.03;tscore=1.52;
contig_38	Prodigal_v2.6.3	CDS	12556	12756	2.2	-	0	ID=58_18;partial=00;start_type=GTG;rbs_motif=GGAGG;rbs_spacer=5-10bp;gc_cont=0.368;conf=62.64;score=2.25;cscore=-4.05;sscore=6.30;rscore=10.10;uscore=1.91;tscore=-4.56;
contig_38	Prodigal_v2.6.3	CDS	12907	13236	45.1	+	0	ID=58_19;partial=00;start_type=ATG;rbs_motif=AGGAG;rbs_spacer=5-10bp;gc_cont=0.427;conf=100.00;score=45.06;cscore=25.51;sscore=19.55;rscore=12.22;uscore=4.84;tscore=2.49;
contig_38	Prodigal_v2.6.3	CDS	13220	13858	81.4	+	0	ID=58_20;partial=00;start_type=ATG;rbs_motif=AGGA/GGAG/GAGG;rbs_spacer=11-12bp;gc_cont=0.419;conf=100.00;score=81.37;cscore=72.93;sscore=8.44;rscore=3.18;uscore=1.62;tscore=2.49;
contig_38	Prodigal_v2.6.3	CDS	13923	14480	72.1	+	0	ID=58_21;partial=00;start_type=TTG;rbs_motif=GGAG/GAGG;rbs_spacer=5-10bp;gc_cont=0.428;conf=100.00;score=72.05;cscore=66.20;sscore=5.85;rscore=8.24;uscore=2.31;tscore=-4.70;
contig_38	Prodigal_v2.6.3	CDS	14518	14730	14.7	-	0	ID=58_22;partial=00;start_type=ATG;rbs_motif=AGGAG;rbs_spacer=5-10bp;gc_cont=0.399;conf=96.74;score=14.75;cscore=0.30;sscore=14.45;rscore=10.27;uscore=2.09;tscore=2.09;
contig_38	Prodigal_v2.6.3	CDS	14862	15077	20.2	-	0	ID=58_23;partial=00;start_type=ATG;rbs_motif=GGAGG;rbs_spacer=5-10bp;gc_cont=0.338;conf=99.05;score=20.22;cscore=5.08;sscore=15.14;rscore=10.87;uscore=2.81;tscore=2.12;
contig_38	Prodigal_v2.6.3	CDS	15375	16256	83.8	+	0	ID=58_24;partial=00;start_type=GTG;rbs_motif=GGA/GAG/AGG;rbs_spacer=5-10bp;gc_cont=0.450;conf=100.00;score=83.80;cscore=85.59;sscore=-1.79;rscore=-0.45;uscore=2.27;tscore=-3.61;
contig_38	Prodigal_v2.6.3	CDS	16269	16601	57.7	-	0	ID=58_25;partial=00;start_type=ATG;rbs_motif=AGGAG;rbs_spacer=5-10bp;gc_cont=0.444;conf=100.00;score=57.66;cscore=43.91;sscore=13.75;rscore=12.22;uscore=-0.95;tscore=2.49;
contig_38	Prodigal_v2.6.3	CDS	16690	16866	25.5	-	0	ID=58_26;partial=00;start_type=ATG;rbs_motif=GGAGG;rbs_spacer=5-10bp;gc_cont=0.435;conf=99.72;score=25.53;cscore=19.73;sscore=5.79;rscore=8.88;uscore=-4.82;tscore=1.73;
contig_38	Prodigal_v2.6.3	CDS	16944	17279	53.1	-	0	ID=58_27;partial=00;start_type=ATG;rbs_motif=GGAGG;rbs_spacer=5-10bp;gc_cont=0.363;conf=100.00;score=53.06;cscore=35.11;sscore=17.94;rscore=12.75;uscore=3.36;tscore=2.49;
contig_38	Prodigal_v2.6.3	CDS	17401	17685	20.0	+	0	ID=58_28;partial=00;start_type=ATG;rbs_motif=AGxAGG/AGGxGG;rbs_spacer=5-10bp;gc_cont=0.414;conf=99.01;score=20.03;cscore=7.23;sscore=12.80;rscore=9.68;uscore=0.63;tscore=2.49;
contig_38	Prodigal_v2.6.3	CDS	18804	19112	33.7	+	0	ID=58_29;partial=00;start_type=ATG;rbs_motif=GGAG/GAGG;rbs_spacer=5-10bp;gc_cont=0.398;conf=99.96;score=33.71;cscore=23.25;sscore=10.46;rscore=8.24;uscore=0.39;tscore=2.49;
contig_38	Prodigal_v2.6.3	CDS	19219	19638	58.4	+	0	ID=58_30;partial=00;start_type=TTG;rbs_motif=AGGAG;rbs_spacer=5-10bp;gc_cont=0.393;conf=100.00;score=58.37;cscore=50.11;sscore=8.26;rscore=12.22;uscore=0.74;tscore=-4.70;
contig_38	Prodigal_v2.6.3	CDS	19906	20718	84.9	+	0	ID=58_31;partial=00;start_type=ATG;rbs_motif=GGAG/GAGG;rbs_spacer=5-10bp;gc_cont=0.412;conf=100.00;score=84.88;cscore=72.52;sscore=12.36;rscore=8.24;uscore=2.28;tscore=2.49;
contig_38	Prodigal_v2.6.3	CDS	20704	21624	87.4	-	0	ID=58_32;partial=00;start_type=GTG;rbs_motif=GGAG/GAGG;rbs_spacer=5-10bp;gc_cont=0.407;conf=100.00;score=87.36;cscore=79.23;sscore=8.13;rscore=8.24;uscore=4.15;tscore=-3.61;
contig_38	Prodigal_v2.6.3	CDS	21994	22770	105.7	+	0	ID=58_33;partial=00;start_type=ATG;rbs_motif=AGGA;rbs_spacer=5-10bp;gc_cont=0.434;conf=100.00;score=105.68;cscore=95.98;sscore=9.70;rscore=4.23;uscore=2.99;tscore=2.49;
contig_38	Prodigal_v2.6.3	CDS	22877	23161	43.6	+	0	ID=58_34;partial=00;start_type=ATG;rbs_motif=AGGAGG;rbs_spacer=5-10bp;gc_cont=0.291;conf=100.00;score=43.56;cscore=24.34;sscore=19.21;rscore=13.75;uscore=2.98;tscore=2.49;
contig_38	Prodigal_v2.6.3	CDS	23206	23814	90.0	-	0	ID=58_35;partial=00;start_type=ATG;rbs_motif=GGAGG;rbs_spacer=5-10bp;gc_cont=0.411;conf=100.00;score=90.02;cscore=70.88;sscore=19.14;rscore=12.75;uscore=3.90;tscore=2.49;
contig_38	Prodigal_v2.6.3	CDS	23944	24435	34.3	-	0	ID=58_36;partial=00;start_type=ATG;rbs_motif=GGAG/GAGG;rbs_spacer=5-10bp;gc_cont=0.411;conf=99.96;score=34.26;cscore=22.54;sscore=11.72;rscore=8.24;uscore=0.99;tscore=2.49;
contig_38	Prodigal_v2.6.3	CDS	24578	25285	93.8	-	0	ID=58_37;partial=00;start_type=TTG;rbs_motif=AGGA;rbs_spacer=5-10bp;gc_cont=0.436;conf=100.00;score=93.80;cscore=87.68;sscore=6.12;rscore=4.23;uscore=6.59;tscore=-4.70;
contig_38	Prodigal_v2.6.3	CDS	25451	26071	69.2	-	0	ID=58_38;partial=00;start_type=ATG;rbs_motif=AGxAGG/AGGxGG;rbs_spacer=11-12bp;gc_cont=0.380;conf=100.00;score=69.23;cscore=57.51;sscore=11.72;rscore=6.48;uscore=3.41;tscore=2.49;
contig_38	Prodigal_v2.6.3	CDS	26298	26627	42.3	+	0	ID=58_39;partial=00;start_type=ATG;rbs_motif=AGGAGG;rbs_spacer=5-10bp;gc_cont=0.409;conf=99.99;score=42.30;cscore=23.74;sscore=18.57;rscore=13.75;uscore=2.33;tscore=2.49;
contig_38	Prodigal_v2.6.3	CDS	26807	27361	84.3	+	0	ID=58_40;partial=00;start_type=ATG;rbs_motif=GGAG/GAGG;rbs_spacer=5-10bp;gc_cont=0.373;conf=100.00;score=84.33;cscore=72.76;sscore=11.58;rscore=8.24;uscore=1.50;tscore=2.49;
contig_38	Prodigal_v2.6.3	CDS	27442	27615	18.1	+	0	ID=58_41;partial=00;start_type=TTG;rbs_motif=GGAGG;rbs_spacer=5-10bp;gc_cont=0.385;conf=98.45;score=18.07;cscore=18.27;sscore=-0.20;rscore=8.72;uscore=-2.06;tscore=-6.87;
contig_38	Prodigal_v2.6.3	CDS	27742	27960	13.2	+	0	ID=58_42;partial=00;start_type=ATG;rbs_motif=AGGAG;rbs_spacer=5-10bp;gc_cont=0.411;conf=95.40;score=13.19;cscore=-3.55;sscore=16.74;rscore=10.56;uscore=4.53;tscore=2.15;
contig_38	Prodigal_v2.6.3	CDS	28242	29279	145.1	+	0	ID=58_43;partial=00;start_type=ATG;rbs_motif=AGGAG/GGAGG;rbs_spacer=11-12bp;gc_cont=0.434;conf=100.00;score=145.08;cscore=130.97;sscore=14.11;rscore=9.05;uscore=3.22;tscore=2.49;
contig_38	Prodigal_v2.6.3	CDS	29374	29925	62.2	+	0	ID=58_44;partial=00;start_type=ATG;rbs_motif=AGxAGG/AGGxGG;rbs_spacer=5-10bp;gc_cont=0.415;conf=100.00;score=62.24;cscore=49.79;sscore=12.45;rscore=9.68;uscore=0.29;tscore=2.49;
contig_38	Prodigal_v2.6.3	CDS	29961	30173	12.9	+	0	ID=58_45;partial=00;start_type=ATG;rbs_motif=AGGAGG;rbs_spacer=5-10bp;gc_cont=0.366;conf=95.12;score=12.92;cscore=-1.64;sscore=14.57;rscore=11.55;uscore=0.53;tscore=2.09;
contig_38	Prodigal_v2.6.3	CDS	30218	30409	11.4	-	0	ID=58_46;partial=00;start_type=ATG;rbs_motif=GGAG/GAGG;rbs_spacer=5-10bp;gc_cont=0.370;conf=93.26;score=11.43;cscore=5.08;sscore=6.35;rscore=6.23;uscore=-1.11;tscore=1.88;
contig_38	Prodigal_v2.6.3	CDS	30928	31728	137.2	+	0	ID=58_47;partial=00;start_type=ATG;rbs_motif=AGGAGG;rbs_spacer=5-10bp;gc_cont=0.417;conf=100.00;score=137.23;cscore=121.98;sscore=15.25;rscore=13.75;uscore=-0.99;tscore=2.49;
contig_38	Prodigal_v2.6.3	CDS	31788	32291	68.9	-	0	ID=58_48;partial=00;start_type=ATG;rbs_motif=GGAGG;rbs_spacer=5-10bp;gc_cont=0.425;conf=100.00;score=68.92;cscore=54.77;sscore=14.15;rscore=12.75;uscore=-0.44;tscore=2.49;
contig_38	Prodigal_v2.6.3	CDS	32641	33513	96.7	-	0	ID=58_49;partial=00;start_type=ATG;rbs_motif=GGAGG;rbs_spacer=5-10bp;gc_cont=0.424;conf=100.00;score=96.70;cscore=80.87;sscore=15.83;rscore=12.75;uscore=1.24;tscore=2.49;
contig_38	Prodigal_v2.6.3	CDS	33726	34142	56.3	+	0	ID=58_50;partial=00;start_type=ATG;rbs_motif=AGxAGG/AGGxGG;rbs_spacer=5-10bp;gc_cont=0.408;conf=100.00;score=56.25;cscore=40.91;sscore=15.34;rscore=9.68;uscore=3.17;tscore=2.49;
contig_38	Prodigal_v2.6.3	CDS	34179	34649	22.1	-	0	ID=58_51;partial=00;start_type=TTG;rbs_motif=GGAGG;rbs_spacer=5-10bp;gc_cont=0.378;conf=99.38;score=22.07;cscore=12.37;sscore=9.70;rscore=12.75;uscore=0.93;tscore=-4.70;
contig_38	Prodigal_v2.6.3	CDS	34701	35150	23.9	-	0	ID=58_52;partial=00;start_type=GTG;rbs_motif=AGGA;rbs_spacer=5-10bp;gc_cont=0.367;conf=99.59;score=23.87;cscore=20.38;sscore=3.49;rscore=4.23;uscore=2.87;tscore=-3.61;
contig_38	Prodigal_v2.6.3	CDS	35278	35823	64.8	-	0	ID=58_53;partial=00;start_type=ATG;rbs_motif=AGGA;rbs_spacer=5-10bp;gc_cont=0.366;conf=100.00;score=64.82;cscore=57.02;sscore=7.80;rscore=4.23;uscore=1.74;tscore=2.49;
contig_38	Prodigal_v2.6.3	CDS	36194	36760	65.7	+	0	ID=58_54;partial=00;start_type=ATG;rbs_motif=GGAGG;rbs_spacer=5-10bp;gc_cont=0.344;conf=100.00;score=65.74;cscore=49.53;sscore=16.21;rscore=12.75;uscore=0.96;tscore=2.49;
contig_38	Prodigal_v2.6.3	CDS	36887	38011	200.9	+	0	ID=58_55;partial=00;start_type=ATG;rbs_motif=GGAGG;rbs_spacer=5-10bp;gc_cont=0.373;conf=99.99;score=200.92;cscore=186.15;sscore=14.77;rscore=12.75;uscore=-0.47;tscore=2.49;
contig_38	Prodigal_v2.6.3	CDS	38012	38689	120.7	+	0	ID=58_56;partial=00;start_type=ATG;rbs_motif=GGAG/GAGG;rbs_spacer=5-10bp;gc_cont=0.391;conf=100.00;score=120.65;cscore=107.79;sscore=12.87;rscore=8.24;uscore=0.87;tscore=2.49;
contig_38	Prodigal_v2.6.3	CDS	38840	39178	7.1	+	0	ID=58_57;partial=00;start_type=ATG;rbs_motif=AGGA;rbs_spacer=5-10bp;gc_cont=0.357;conf=83.68;score=7.11;cscore=2.07;sscore=5.04;rscore=4.23;uscore=-1.67;tscore=2.49;
contig_38	Prodigal_v2.6.3	CDS	39345	39728	15.5	+	0	ID=58_58;partial=00;start_type=ATG;rbs_motif=GGAG/GAGG;rbs_spacer=5-10bp;gc_cont=0.422;conf=97.25;score=15.50;cscore=4.98;sscore=10.52;rscore=8.24;uscore=-0.21;tscore=2.49;
contig_38	Prodigal_v2.6.3	CDS	39799	40392	49.8	-	0	ID=58_59;partial=00;start_type=TTG;rbs_motif=4Base/6BMM;rbs_spacer=13-15bp;gc_cont=0.397;conf=100.00;score=49.79;cscore=54.45;sscore=-4.66;rscore=-3.98;uscore=2.93;tscore=-4.70;
contig_38	Prodigal_v2.6.3	CDS	40410	41231	88.1	-	0	ID=58_60;partial=00;start_type=TTG;rbs_motif=GGAGG;rbs_spacer=5-10bp;gc_cont=0.378;conf=100.00;score=88.10;cscore=78.31;sscore=9.79;rscore=12.75;uscore=2.38;tscore=-4.70;
contig_38	Prodigal_v2.6.3	CDS	41471	41956	23.4	+	0	ID=58_61;partial=00;start_type=ATG;rbs_motif=GGAG/GAGG;rbs_spacer=5-10bp;gc_cont=0.362;conf=99.54;score=23.40;cscore=10.01;sscore=13.39;rscore=8.24;uscore=2.66;tscore=2.49;
contig_38	Prodigal_v2.6.3	CDS	42168	42614	67.1	+	0	ID=58_62;partial=00;start_type=GTG;rbs_motif=AGGAGG;rbs_spacer=5-10bp;gc_cont=0.351;conf=100.00;score=67.12;cscore=55.13;sscore=12.00;rscore=13.75;uscore=2.51;tscore=-3.61;
contig_38	Prodigal_v2.6.3	CDS	43043	43408	3.0	-	0	ID=58_63;partial=00;start_type=GTG;rbs_motif=3Base/5BMM;rbs_spacer=13-15bp;gc_cont=0.363;conf=66.49;score=2.98;cscore=11.17;sscore=-8.19;rscore=-6.44;uscore=2.51;tscore=-3.61;
contig_38	Prodigal_v2.6.3	CDS	43754	44704	83.3	-	0	ID=58_64;partial=00;start_type=ATG;rbs_motif=AGxAGG/AGGxGG;rbs_spacer=5-10bp;gc_cont=0.381;conf=100.00;score=83.32;cscore=65.19;sscore=18.12;rscore=9.68;uscore=5.96;tscore=2.49;
contig_38	Prodigal_v2.6.3	CDS	44794	44985	23.4	-	0	ID=58_65;partial=00;start_type=ATG;rbs_motif=AGGAGG;rbs_spacer=5-10bp;gc_cont=0.318;conf=99.54;score=23.42;cscore=7.13;sscore=16.29;rscore=10.40;uscore=3.14;tscore=1.88;
contig_38	Prodigal_v2.6.3	CDS	45023	45556	29.4	-	0	ID=58_66;partial=00;start_type=ATG;rbs_motif=AGGAG/GGAGG;rbs_spacer=11-12bp;gc_cont=0.335;conf=99.88;score=29.42;cscore=16.57;sscore=12.84;rscore=9.05;uscore=1.96;tscore=2.49;
contig_38	Prodigal_v2.6.3	CDS	45708	45968	25.7	+	0	ID=58_67;partial=00;start_type=GTG;rbs_motif=GGA/GAG/AGG;rbs_spacer=5-10bp;gc_cont=0.383;conf=99.73;score=25.66;cscore=25.36;sscore=0.30;rscore=-0.45;uscore=4.36;tscore=-3.61;
contig_38	Prodigal_v2.6.3	CDS	46245	48017	263.2	+	0	ID=58_68;partial=00;start_type=ATG;rbs_motif=AGGAGG;rbs_spacer=5-10bp;gc_cont=0.376;conf=99.99;score=263.22;cscore=244.97;sscore=18.25;rscore=13.75;uscore=2.66;tscore=2.49;
contig_38	Prodigal_v2.6.3	CDS	48063	48176	10.6	-	0	ID=58_69;partial=00;start_type=ATG;rbs_motif=AGxAGG/AGGxGG;rbs_spacer=5-10bp;gc_cont=0.439;conf=91.94;score=10.59;cscore=3.55;sscore=7.03;rscore=4.30;uscore=0.65;tscore=1.10;
contig_38	Prodigal_v2.6.3	CDS	48204	48665	63.0	-	0	ID=58_70;partial=00;start_type=ATG;rbs_motif=GGAGG;rbs_spacer=5-10bp;gc_cont=0.368;conf=100.00;score=62.96;cscore=48.14;sscore=14.82;rscore=12.75;uscore=0.23;tscore=2.49;
contig_38	Prodigal_v2.6.3	CDS	48743	49090	33.3	+	0	ID=58_71;partial=00;start_type=ATG;rbs_motif=AGGAG;rbs_spacer=5-10bp;gc_cont=0.333;conf=99.95;score=33.33;cscore=15.55;sscore=17.78;rscore=12.22;uscore=3.08;tscore=2.49;
contig_38	Prodigal_v2.6.3	CDS	49155	49775	97.2	+	0	ID=58_72;partial=00;start_type=ATG;rbs_motif=AGGAGG;rbs_spacer=5-10bp;gc_cont=0.436;conf=100.00;score=97.24;cscore=81.83;sscore=15.42;rscore=13.75;uscore=-0.82;tscore=2.49;
contig_38	Prodigal_v2.6.3	CDS	50148	50468	28.7	+	0	ID=58_73;partial=00;start_type=ATG;rbs_motif=AGxAGG/AGGxGG;rbs_spacer=5-10bp;gc_cont=0.427;conf=99.86;score=28.74;cscore=14.22;sscore=14.52;rscore=9.68;uscore=3.00;tscore=2.49;
contig_38	Prodigal_v2.6.3	CDS	50525	50833	36.5	+	0	ID=58_74;partial=00;start_type=GTG;rbs_motif=AGGAGG;rbs_spacer=5-10bp;gc_cont=0.408;conf=99.98;score=36.47;cscore=25.34;sscore=11.13;rscore=13.75;uscore=0.32;tscore=-3.61;
contig_38	Prodigal_v2.6.3	CDS	51031	51789	90.5	+	0	ID=58_75;partial=00;start_type=ATG;rbs_motif=GGAGG;rbs_spacer=5-10bp;gc_cont=0.472;conf=100.00;score=90.47;cscore=74.14;sscore=16.33;rscore=12.75;uscore=1.74;tscore=2.49;
contig_38	Prodigal_v2.6.3	CDS	51790	52311	28.8	+	0	ID=58_76;partial=00;start_type=ATG;rbs_motif=AGGAGG;rbs_spacer=5-10bp;gc_cont=0.473;conf=99.87;score=28.85;cscore=12.11;sscore=16.74;rscore=13.75;uscore=-0.77;tscore=2.49;
contig_38	Prodigal_v2.6.3	CDS	52644	52880	23.1	-	0	ID=58_77;partial=00;start_type=ATG;rbs_motif=AGGAGG;rbs_spacer=5-10bp;gc_cont=0.371;conf=99.51;score=23.12;cscore=8.70;sscore=14.42;rscore=12.87;uscore=-0.78;tscore=2.33;
contig_38	Prodigal_v2.6.3	CDS	53041	53400	24.1	-	0	ID=58_78;partial=00;start_type=ATG;rbs_motif=GGAG/GAGG;rbs_spacer=5-10bp;gc_cont=0.369;conf=99.61;score=24.10;cscore=10.34;sscore=13.76;rscore=8.24;uscore=3.69;tscore=2.49;
contig_38	Prodigal_v2.6.3	CDS	53986	54336	48.0	+	0	ID=58_79;partial=00;start_type=ATG;rbs_motif=GGAG/GAGG;rbs_spacer=5-10bp;gc_cont=0.359;conf=100.00;score=47.99;cscore=34.34;sscore=13.66;rscore=8.24;uscore=2.93;tscore=2.49;
contig_38	Prodigal_v2.6.3	CDS	54323	55108	111.4	+	0	ID=58_80;partial=00;start_type=ATG;rbs_motif=AGGAG/GGAGG;rbs_spacer=11-12bp;gc_cont=0.387;conf=100.00;score=111.43;cscore=95.91;sscore=15.52;rscore=9.05;uscore=2.79;tscore=2.49;
contig_38	Prodigal_v2.6.3	CDS	55095	55322	3.0	+	0	ID=58_81;partial=00;start_type=GTG;rbs_motif=GGA/GAG/AGG;rbs_spacer=5-10bp;gc_cont=0.368;conf=66.38;score=2.96;cscore=6.73;sscore=-3.77;rscore=-0.50;uscore=-0.45;tscore=-4.01;
contig_38	Prodigal_v2.6.3	CDS	55462	55599	0.4	+	0	ID=58_82;partial=00;start_type=ATG;rbs_motif=GGxGG;rbs_spacer=5-10bp;gc_cont=0.268;conf=52.40;score=0.42;cscore=-6.58;sscore=7.00;rscore=3.66;uscore=2.50;tscore=1.34;
contig_38	Prodigal_v2.6.3	CDS	55752	56162	33.7	-	0	ID=58_83;partial=00;start_type=ATG;rbs_motif=AGGA/GGAG/GAGG;rbs_spacer=11-12bp;gc_cont=0.360;conf=99.96;score=33.68;cscore=25.53;sscore=8.16;rscore=3.18;uscore=3.15;tscore=2.49;
contig_38	Prodigal_v2.6.3	CDS	56635	57273	61.5	-	0	ID=58_84;partial=00;start_type=ATG;rbs_motif=AGGAGG;rbs_spacer=5-10bp;gc_cont=0.358;conf=100.00;score=61.54;cscore=44.37;sscore=17.17;rscore=13.75;uscore=1.58;tscore=2.49;
contig_38	Prodigal_v2.6.3	CDS	57408	57761	50.0	+	0	ID=58_85;partial=01;start_type=ATG;rbs_motif=AGGAGG;rbs_spacer=5-10bp;gc_cont=0.381;conf=100.00;score=50.03;cscore=36.77;sscore=13.26;rscore=13.75;uscore=-2.98;tscore=2.49;
# Sequence Data: seqnum=59;seqlen=42871;seqhdr="contig_62"
# Model Data: version=Prodigal.v2.6.3;run_type=Single;model="Ab initio";gc_cont=37.70;transl_table=11;uses_sd=1
contig_62	Prodigal_v2.6.3	CDS	1	819	140.5	-	0	ID=59_1;partial=10;start_type=ATG;rbs_motif=GGAG/GAGG;rbs_spacer=5-10bp;gc_cont=0.369;conf=100.00;score=140.46;cscore=128.42;sscore=12.04;rscore=8.24;uscore=0.07;tscore=2.49;
contig_62	Prodigal_v2.6.3	CDS	823	1194	86.1	-	0	ID=59_2;partial=00;start_type=ATG;rbs_motif=AGGAGG;rbs_spacer=5-10bp;gc_cont=0.409;conf=100.00;score=86.11;cscore=65.78;sscore=20.32;rscore=13.75;uscore=2.98;tscore=2.49;
contig_62	Prodigal_v2.6.3	CDS	1210	2223	181.5	-	0	ID=59_3;partial=00;start_type=ATG;rbs_motif=AGGAGG;rbs_spacer=11-12bp;gc_cont=0.363;conf=99.99;score=181.54;cscore=165.79;sscore=15.75;rscore=10.68;uscore=1.37;tscore=2.49;
contig_62	Prodigal_v2.6.3	CDS	2213	3787	217.1	-	0	ID=59_4;partial=00;start_type=GTG;rbs_motif=AGxAGG/AGGxGG;rbs_spacer=5-10bp;gc_cont=0.397;conf=99.99;score=217.10;cscore=209.59;sscore=7.52;rscore=9.68;uscore=0.34;tscore=-3.61;
contig_62	Prodigal_v2.6.3	CDS	3803	4036	37.9	-	0	ID=59_5;partial=00;start_type=ATG;rbs_motif=AGGAG;rbs_spacer=5-10bp;gc_cont=0.397;conf=99.98;score=37.92;cscore=22.77;sscore=15.15;rscore=11.29;uscore=0.32;tscore=2.30;
contig_62	Prodigal_v2.6.3	CDS	4040	5851	220.8	-	0	ID=59_6;partial=00;start_type=ATG;rbs_motif=GGAG/GAGG;rbs_spacer=5-10bp;gc_cont=0.381;conf=99.99;score=220.75;cscore=208.38;sscore=12.37;rscore=8.24;uscore=0.39;tscore=2.49;
contig_62	Prodigal_v2.6.3	CDS	5844	6389	82.0	-	0	ID=59_7;partial=00;start_type=ATG;rbs_motif=GGAG/GAGG;rbs_spacer=5-10bp;gc_cont=0.355;conf=100.00;score=81.98;cscore=70.65;sscore=11.33;rscore=8.24;uscore=1.25;tscore=2.49;
contig_62	Prodigal_v2.6.3	CDS	6988	7569	60.6	-	0	ID=59_8;partial=00;start_type=ATG;rbs_motif=AGxAGG/AGGxGG;rbs_spacer=5-10bp;gc_cont=0.347;conf=100.00;score=60.56;cscore=45.78;sscore=14.77;rscore=9.68;uscore=1.32;tscore=2.49;
contig_62	Prodigal_v2.6.3	CDS	7566	8012	48.8	-	0	ID=59_9;partial=00;start_type=ATG;rbs_motif=GGxGG;rbs_spacer=5-10bp;gc_cont=0.371;conf=100.00;score=48.78;cscore=32.84;sscore=15.95;rscore=6.77;uscore=5.70;tscore=2.49;
contig_62	Prodigal_v2.6.3	CDS	8039	8374	38.4	-	0	ID=59_10;partial=00;start_type=ATG;rbs_motif=AGGAG/GGAGG;rbs_spacer=11-12bp;gc_cont=0.390;conf=99.99;score=38.45;cscore=25.32;sscore=13.13;rscore=9.05;uscore=1.59;tscore=2.49;
contig_62	Prodigal_v2.6.3	CDS	8467	8937	35.7	-	0	ID=59_11;partial=00;start_type=ATG;rbs_motif=None;rbs_spacer=None;gc_cont=0.355;conf=99.97;score=35.75;cscore=41.10;sscore=-5.35;rscore=-9.56;uscore=1.72;tscore=2.49;
contig_62	Prodigal_v2.6.3	CDS	9022	9150	8.2	-	0	ID=59_12;partial=00;start_type=GTG;rbs_motif=AGGAGG;rbs_spacer=5-10bp;gc_cont=0.364;conf=86.90;score=8.23;cscore=5.57;sscore=2.66;rscore=6.93;uscore=1.69;tscore=-7.16;
contig_62	Prodigal_v2.6.3	CDS	9138	9779	71.9	-	0	ID=59_13;partial=00;start_type=ATG;rbs_motif=GGA/GAG/AGG;rbs_spacer=5-10bp;gc_cont=0.333;conf=100.00;score=71.93;cscore=65.40;sscore=6.53;rscore=-0.45;uscore=3.60;tscore=2.49;
contig_62	Prodigal_v2.6.3	CDS	9815	10096	18.4	-	0	ID=59_14;partial=00;start_type=ATG;rbs_motif=AGGAG/GGAGG;rbs_spacer=11-12bp;gc_cont=0.348;conf=98.58;score=18.44;cscore=6.16;sscore=12.28;rscore=9.05;uscore=-0.33;tscore=2.49;
contig_62	Prodigal_v2.6.3	CDS	10116	10526	45.0	-	0	ID=59_15;partial=00;start_type=ATG;rbs_motif=AGxAGG/AGGxGG;rbs_spacer=11-12bp;gc_cont=0.328;conf=100.00;score=44.99;cscore=33.68;sscore=11.32;rscore=6.48;uscore=1.40;tscore=2.49;
contig_62	Prodigal_v2.6.3	CDS	10556	10717	27.8	-	0	ID=59_16;partial=00;start_type=ATG;rbs_motif=AGGAGG;rbs_spacer=5-10bp;gc_cont=0.377;conf=99.83;score=27.81;cscore=15.55;sscore=12.25;rscore=8.75;uscore=1.04;tscore=1.58;
contig_62	Prodigal_v2.6.3	CDS	10754	11005	28.1	-	0	ID=59_17;partial=00;start_type=TTG;rbs_motif=GGAG/GAGG;rbs_spacer=5-10bp;gc_cont=0.385;conf=99.84;score=28.13;cscore=20.61;sscore=7.52;rscore=8.21;uscore=3.22;tscore=-4.72;
contig_62	Prodigal_v2.6.3	CDS	11049	11243	1.6	-	0	ID=59_18;partial=00;start_type=GTG;rbs_motif=GGA/GAG/AGG;rbs_spacer=5-10bp;gc_cont=0.338;conf=59.24;score=1.63;cscore=4.55;sscore=-2.92;rscore=-0.58;uscore=1.43;tscore=-4.70;
contig_62	Prodigal_v2.6.3	CDS	11275	11598	58.9	-	0	ID=59_19;partial=00;start_type=ATG;rbs_motif=GGAG/GAGG;rbs_spacer=5-10bp;gc_cont=0.364;conf=100.00;score=58.94;cscore=44.50;sscore=14.44;rscore=8.24;uscore=2.42;tscore=2.49;
contig_62	Prodigal_v2.6.3	CDS	11595	12215	56.8	-	0	ID=59_20;partial=00;start_type=GTG;rbs_motif=GGAGG;rbs_spacer=5-10bp;gc_cont=0.356;conf=100.00;score=56.80;cscore=45.21;sscore=11.58;rscore=12.75;uscore=1.20;tscore=-3.61;
contig_62	Prodigal_v2.6.3	CDS	12219	12449	34.2	-	0	ID=59_21;partial=00;start_type=ATG;rbs_motif=AGGAG;rbs_spacer=5-10bp;gc_cont=0.351;conf=99.96;score=34.19;cscore=15.76;sscore=18.42;rscore=11.15;uscore=4.04;tscore=2.27;
contig_62	Prodigal_v2.6.3	CDS	12478	12972	39.6	-	0	ID=59_22;partial=00;start_type=ATG;rbs_motif=GGAG/GAGG;rbs_spacer=5-10bp;gc_cont=0.378;conf=99.99;score=39.60;cscore=28.84;sscore=10.76;rscore=8.24;uscore=-1.22;tscore=2.49;
contig_62	Prodigal_v2.6.3	CDS	12975	13277	13.5	-	0	ID=59_23;partial=00;start_type=ATG;rbs_motif=AGxAGG/AGGxGG;rbs_spacer=5-10bp;gc_cont=0.353;conf=95.70;score=13.50;cscore=0.50;sscore=12.99;rscore=9.68;uscore=-0.32;tscore=2.49;
contig_62	Prodigal_v2.6.3	CDS	13289	13666	48.1	-	0	ID=59_24;partial=00;start_type=ATG;rbs_motif=GGAG/GAGG;rbs_spacer=5-10bp;gc_cont=0.397;conf=100.00;score=48.06;cscore=34.56;sscore=13.50;rscore=8.24;uscore=2.78;tscore=2.49;
contig_62	Prodigal_v2.6.3	CDS	13787	14044	17.2	-	0	ID=59_25;partial=00;start_type=ATG;rbs_motif=3Base/5BMM;rbs_spacer=13-15bp;gc_cont=0.391;conf=98.12;score=17.20;cscore=10.01;sscore=7.18;rscore=-6.44;uscore=3.40;tscore=2.49;
contig_62	Prodigal_v2.6.3	CDS	14041	14313	42.1	-	0	ID=59_26;partial=00;start_type=ATG;rbs_motif=AGGAG;rbs_spacer=5-10bp;gc_cont=0.355;conf=99.99;score=42.09;cscore=24.27;sscore=17.83;rscore=12.22;uscore=2.00;tscore=2.49;
contig_62	Prodigal_v2.6.3	CDS	14328	14528	14.5	-	0	ID=59_27;partial=00;start_type=ATG;rbs_motif=GGA/GAG/AGG;rbs_spacer=5-10bp;gc_cont=0.383;conf=96.56;score=14.51;cscore=11.45;sscore=3.06;rscore=-0.57;uscore=0.62;tscore=1.97;
contig_62	Prodigal_v2.6.3	CDS	14551	15585	136.1	-	0	ID=59_28;partial=00;start_type=ATG;rbs_motif=AGGAGG;rbs_spacer=5-10bp;gc_cont=0.379;conf=100.00;score=136.06;cscore=123.68;sscore=12.38;rscore=13.75;uscore=-3.21;tscore=2.49;
contig_62	Prodigal_v2.6.3	CDS	15883	16101	27.3	-	0	ID=59_29;partial=00;start_type=ATG;rbs_motif=AGGAGG;rbs_spacer=5-10bp;gc_cont=0.338;conf=99.81;score=27.31;cscore=11.98;sscore=15.32;rscore=11.88;uscore=1.95;tscore=2.15;
contig_62	Prodigal_v2.6.3	CDS	16278	16919	82.4	+	0	ID=59_30;partial=00;start_type=ATG;rbs_motif=AGGAGG;rbs_spacer=5-10bp;gc_cont=0.322;conf=100.00;score=82.45;cscore=66.25;sscore=16.20;rscore=13.75;uscore=-0.04;tscore=2.49;
contig_62	Prodigal_v2.6.3	CDS	17018	17263	23.7	-	0	ID=59_31;partial=00;start_type=ATG;rbs_motif=GGA/GAG/AGG;rbs_spacer=5-10bp;gc_cont=0.350;conf=99.57;score=23.65;cscore=18.63;sscore=5.02;rscore=-0.46;uscore=3.07;tscore=2.42;
contig_62	Prodigal_v2.6.3	CDS	17365	17727	66.6	-	0	ID=59_32;partial=00;start_type=ATG;rbs_motif=AGxAGG/AGGxGG;rbs_spacer=5-10bp;gc_cont=0.339;conf=100.00;score=66.56;cscore=48.53;sscore=18.02;rscore=9.68;uscore=4.74;tscore=2.49;
contig_62	Prodigal_v2.6.3	CDS	17742	18953	179.9	-	0	ID=59_33;partial=00;start_type=ATG;rbs_motif=AGGAG;rbs_spacer=5-10bp;gc_cont=0.318;conf=99.99;score=179.86;cscore=163.85;sscore=16.01;rscore=12.22;uscore=1.30;tscore=2.49;
contig_62	Prodigal_v2.6.3	CDS	19073	19993	113.0	-	0	ID=59_34;partial=00;start_type=ATG;rbs_motif=AGGAG;rbs_spacer=5-10bp;gc_cont=0.342;conf=100.00;score=112.98;cscore=99.28;sscore=13.69;rscore=12.22;uscore=-0.36;tscore=2.49;
contig_62	Prodigal_v2.6.3	CDS	20353	20916	72.1	-	0	ID=59_35;partial=00;start_type=ATG;rbs_motif=AGGAG;rbs_spacer=5-10bp;gc_cont=0.351;conf=100.00;score=72.14;cscore=56.14;sscore=16.01;rscore=12.22;uscore=1.95;tscore=2.49;
contig_62	Prodigal_v2.6.3	CDS	21138	21314	28.4	+	0	ID=59_36;partial=00;start_type=ATG;rbs_motif=AGGAG;rbs_spacer=5-10bp;gc_cont=0.260;conf=99.85;score=28.37;cscore=15.64;sscore=12.73;rscore=8.51;uscore=2.49;tscore=1.73;
contig_62	Prodigal_v2.6.3	CDS	21341	21466	3.4	-	0	ID=59_37;partial=00;start_type=ATG;rbs_motif=GGAG/GAGG;rbs_spacer=5-10bp;gc_cont=0.294;conf=68.76;score=3.43;cscore=-0.45;sscore=3.89;rscore=4.05;uscore=-0.24;tscore=1.22;
contig_62	Prodigal_v2.6.3	CDS	21632	22252	38.4	+	0	ID=59_38;partial=00;start_type=GTG;rbs_motif=GGxGG;rbs_spacer=5-10bp;gc_cont=0.366;conf=99.99;score=38.40;cscore=35.12;sscore=3.27;rscore=6.77;uscore=0.11;tscore=-3.61;
contig_62	Prodigal_v2.6.3	CDS	22271	22762	45.3	-	0	ID=59_39;partial=00;start_type=ATG;rbs_motif=AGGAG;rbs_spacer=5-10bp;gc_cont=0.341;conf=100.00;score=45.28;cscore=27.63;sscore=17.65;rscore=12.22;uscore=2.94;tscore=2.49;
contig_62	Prodigal_v2.6.3	CDS	22853	23206	46.1	-	0	ID=59_40;partial=00;start_type=ATG;rbs_motif=AGGAG/GGAGG;rbs_spacer=11-12bp;gc_cont=0.314;conf=100.00;score=46.13;cscore=30.19;sscore=15.94;rscore=9.05;uscore=3.18;tscore=2.49;
contig_62	Prodigal_v2.6.3	CDS	23212	23481	45.7	-	0	ID=59_41;partial=00;start_type=ATG;rbs_motif=GGAG/GAGG;rbs_spacer=5-10bp;gc_cont=0.322;conf=100.00;score=45.69;cscore=34.69;sscore=11.00;rscore=8.24;uscore=0.93;tscore=2.49;
contig_62	Prodigal_v2.6.3	CDS	23854	24267	74.6	+	0	ID=59_42;partial=00;start_type=ATG;rbs_motif=AGGAGG;rbs_spacer=5-10bp;gc_cont=0.338;conf=100.00;score=74.61;cscore=60.26;sscore=14.35;rscore=13.75;uscore=-1.89;tscore=2.49;
contig_62	Prodigal_v2.6.3	CDS	24324	25055	111.8	-	0	ID=59_43;partial=00;start_type=ATG;rbs_motif=AGxAGG/AGGxGG;rbs_spacer=5-10bp;gc_cont=0.342;conf=100.00;score=111.76;cscore=95.07;sscore=16.69;rscore=9.68;uscore=3.24;tscore=2.49;
contig_62	Prodigal_v2.6.3	CDS	25055	25321	46.2	-	0	ID=59_44;partial=00;start_type=ATG;rbs_motif=GGA/GAG/AGG;rbs_spacer=5-10bp;gc_cont=0.337;conf=100.00;score=46.22;cscore=37.90;sscore=8.32;rscore=-0.45;uscore=5.03;tscore=2.49;
contig_62	Prodigal_v2.6.3	CDS	25324	25701	56.9	-	0	ID=59_45;partial=00;start_type=GTG;rbs_motif=GGAG/GAGG;rbs_spacer=5-10bp;gc_cont=0.389;conf=100.00;score=56.88;cscore=53.01;sscore=3.86;rscore=8.24;uscore=-0.77;tscore=-3.61;
contig_62	Prodigal_v2.6.3	CDS	25827	27083	134.5	-	0	ID=59_46;partial=00;start_type=ATG;rbs_motif=GGAGG;rbs_spacer=5-10bp;gc_cont=0.406;conf=100.00;score=134.48;cscore=120.97;sscore=13.50;rscore=12.75;uscore=-1.74;tscore=2.49;
contig_62	Prodigal_v2.6.3	CDS	27221	27400	24.0	-	0	ID=59_47;partial=00;start_type=ATG;rbs_motif=GGA/GAG/AGG;rbs_spacer=5-10bp;gc_cont=0.344;conf=99.60;score=24.00;cscore=20.95;sscore=3.05;rscore=-0.63;uscore=-1.16;tscore=1.76;
contig_62	Prodigal_v2.6.3	CDS	27397	27600	41.0	-	0	ID=59_48;partial=00;start_type=ATG;rbs_motif=GGxGG;rbs_spacer=5-10bp;gc_cont=0.373;conf=99.99;score=40.99;cscore=31.90;sscore=9.09;rscore=5.44;uscore=0.36;tscore=2.00;
contig_62	Prodigal_v2.6.3	CDS	27600	30059	330.2	-	0	ID=59_49;partial=00;start_type=ATG;rbs_motif=GGAGG;rbs_spacer=5-10bp;gc_cont=0.396;conf=99.99;score=330.19;cscore=312.17;sscore=18.02;rscore=12.75;uscore=1.53;tscore=2.49;
contig_62	Prodigal_v2.6.3	CDS	30062	30706	109.2	-	0	ID=59_50;partial=00;start_type=ATG;rbs_motif=AGGAG;rbs_spacer=5-10bp;gc_cont=0.377;conf=100.00;score=109.18;cscore=92.41;sscore=16.77;rscore=12.22;uscore=0.77;tscore=2.49;
contig_62	Prodigal_v2.6.3	CDS	30703	31005	47.7	-	0	ID=59_51;partial=00;start_type=ATG;rbs_motif=GGAG/GAGG;rbs_spacer=5-10bp;gc_cont=0.347;conf=100.00;score=47.66;cscore=36.55;sscore=11.11;rscore=8.24;uscore=-0.88;tscore=2.49;
contig_62	Prodigal_v2.6.3	CDS	30999	31679	101.7	-	0	ID=59_52;partial=00;start_type=ATG;rbs_motif=AGGA;rbs_spacer=5-10bp;gc_cont=0.361;conf=100.00;score=101.69;cscore=94.08;sscore=7.62;rscore=4.23;uscore=-0.35;tscore=2.49;
contig_62	Prodigal_v2.6.3	CDS	31672	32787	180.7	-	0	ID=59_53;partial=00;start_type=ATG;rbs_motif=GGA/GAG/AGG;rbs_spacer=5-10bp;gc_cont=0.392;conf=99.99;score=180.68;cscore=178.24;sscore=2.43;rscore=-0.45;uscore=-0.79;tscore=2.49;
contig_62	Prodigal_v2.6.3	CDS	32774	33082	45.3	-	0	ID=59_54;partial=00;start_type=ATG;rbs_motif=GGA/GAG/AGG;rbs_spacer=5-10bp;gc_cont=0.388;conf=100.00;score=45.30;cscore=41.22;sscore=4.08;rscore=-0.45;uscore=0.83;tscore=2.49;
contig_62	Prodigal_v2.6.3	CDS	33089	33745	68.7	-	0	ID=59_55;partial=00;start_type=GTG;rbs_motif=GGA/GAG/AGG;rbs_spacer=5-10bp;gc_cont=0.338;conf=100.00;score=68.70;cscore=71.25;sscore=-2.55;rscore=-0.45;uscore=0.40;tscore=-3.61;
contig_62	Prodigal_v2.6.3	CDS	33761	34174	72.8	-	0	ID=59_56;partial=00;start_type=ATG;rbs_motif=GGAGG;rbs_spacer=5-10bp;gc_cont=0.382;conf=100.00;score=72.76;cscore=55.90;sscore=16.87;rscore=12.75;uscore=0.35;tscore=2.49;
contig_62	Prodigal_v2.6.3	CDS	34175	35197	132.7	-	0	ID=59_57;partial=00;start_type=ATG;rbs_motif=GGAG/GAGG;rbs_spacer=5-10bp;gc_cont=0.369;conf=100.00;score=132.67;cscore=120.65;sscore=12.02;rscore=8.24;uscore=-2.03;tscore=2.49;
contig_62	Prodigal_v2.6.3	CDS	35194	35409	27.8	-	0	ID=59_58;partial=00;start_type=ATG;rbs_motif=AGGAGG;rbs_spacer=5-10bp;gc_cont=0.384;conf=99.83;score=27.84;cscore=18.26;sscore=9.58;rscore=11.72;uscore=-5.50;tscore=2.12;
contig_62	Prodigal_v2.6.3	CDS	35402	38137	471.5	-	0	ID=59_59;partial=00;start_type=GTG;rbs_motif=AGGAG;rbs_spacer=5-10bp;gc_cont=0.426;conf=99.99;score=471.52;cscore=461.04;sscore=10.48;rscore=12.22;uscore=1.86;tscore=-3.61;
contig_62	Prodigal_v2.6.3	CDS	38285	38626	59.9	-	0	ID=59_60;partial=00;start_type=ATG;rbs_motif=AGGAG;rbs_spacer=5-10bp;gc_cont=0.327;conf=100.00;score=59.92;cscore=41.78;sscore=18.14;rscore=12.22;uscore=2.42;tscore=2.49;
contig_62	Prodigal_v2.6.3	CDS	38651	39166	91.8	-	0	ID=59_61;partial=00;start_type=ATG;rbs_motif=AGGAGG;rbs_spacer=5-10bp;gc_cont=0.351;conf=100.00;score=91.80;cscore=73.43;sscore=18.37;rscore=13.75;uscore=0.96;tscore=2.49;
contig_62	Prodigal_v2.6.3	CDS	39177	40616	215.7	-	0	ID=59_62;partial=00;start_type=ATG;rbs_motif=GGAG/GAGG;rbs_spacer=5-10bp;gc_cont=0.369;conf=99.99;score=215.69;cscore=201.71;sscore=13.98;rscore=8.24;uscore=2.00;tscore=2.49;
contig_62	Prodigal_v2.6.3	CDS	40619	40924	38.4	-	0	ID=59_63;partial=00;start_type=ATG;rbs_motif=AGGAG/GGAGG;rbs_spacer=11-12bp;gc_cont=0.346;conf=99.99;score=38.39;cscore=25.45;sscore=12.94;rscore=9.05;uscore=0.25;tscore=2.49;
contig_62	Prodigal_v2.6.3	CDS	40908	41402	90.7	-	0	ID=59_64;partial=00;start_type=ATG;rbs_motif=GGAGG;rbs_spacer=5-10bp;gc_cont=0.374;conf=100.00;score=90.68;cscore=73.38;sscore=17.30;rscore=12.75;uscore=0.83;tscore=2.49;
contig_62	Prodigal_v2.6.3	CDS	41407	41946	66.3	-	0	ID=59_65;partial=00;start_type=ATG;rbs_motif=GGA/GAG/AGG;rbs_spacer=5-10bp;gc_cont=0.396;conf=100.00;score=66.27;cscore=61.10;sscore=5.17;rscore=-0.45;uscore=1.95;tscore=2.49;
contig_62	Prodigal_v2.6.3	CDS	41955	42287	57.4	-	0	ID=59_66;partial=00;start_type=ATG;rbs_motif=GGAG/GAGG;rbs_spacer=5-10bp;gc_cont=0.327;conf=100.00;score=57.36;cscore=48.33;sscore=9.04;rscore=8.24;uscore=-2.94;tscore=2.49;
contig_62	Prodigal_v2.6.3	CDS	42280	42645	91.9	-	0	ID=59_67;partial=00;start_type=ATG;rbs_motif=AGGAGG;rbs_spacer=5-10bp;gc_cont=0.363;conf=100.00;score=91.92;cscore=75.58;sscore=16.34;rscore=13.75;uscore=-1.02;tscore=2.49;
contig_62	Prodigal_v2.6.3	CDS	42659	42871	21.7	-	0	ID=59_68;partial=01;start_type=Edge;rbs_motif=None;rbs_spacer=None;gc_cont=0.352;conf=99.32;score=21.69;cscore=18.47;sscore=3.22;rscore=0.00;uscore=0.00;tscore=3.22;
# Sequence Data: seqnum=60;seqlen=85303;seqhdr="contig_35"
# Model Data: version=Prodigal.v2.6.3;run_type=Single;model="Ab initio";gc_cont=37.70;transl_table=11;uses_sd=1
contig_35	Prodigal_v2.6.3	CDS	2	181	12.5	+	0	ID=60_1;partial=10;start_type=Edge;rbs_motif=None;rbs_spacer=None;gc_cont=0.372;conf=94.70;score=12.54;cscore=9.32;sscore=3.22;rscore=0.00;uscore=0.00;tscore=3.22;
contig_35	Prodigal_v2.6.3	CDS	387	1061	110.6	+	0	ID=60_2;partial=00;start_type=ATG;rbs_motif=GGA/GAG/AGG;rbs_spacer=5-10bp;gc_cont=0.415;conf=100.00;score=110.61;cscore=106.56;sscore=4.05;rscore=-0.45;uscore=2.67;tscore=2.49;
contig_35	Prodigal_v2.6.3	CDS	1165	1848	95.3	+	0	ID=60_3;partial=00;start_type=ATG;rbs_motif=AGGAGG;rbs_spacer=5-10bp;gc_cont=0.364;conf=100.00;score=95.31;cscore=77.50;sscore=17.81;rscore=13.75;uscore=1.57;tscore=2.49;
contig_35	Prodigal_v2.6.3	CDS	1812	2846	67.0	+	0	ID=60_4;partial=00;start_type=ATG;rbs_motif=GGA/GAG/AGG;rbs_spacer=5-10bp;gc_cont=0.380;conf=100.00;score=66.95;cscore=67.21;sscore=-0.26;rscore=-0.45;uscore=-2.30;tscore=2.49;
contig_35	Prodigal_v2.6.3	CDS	3183	3338	19.5	+	0	ID=60_5;partial=00;start_type=ATG;rbs_motif=AGxAGG/AGGxGG;rbs_spacer=5-10bp;gc_cont=0.359;conf=98.89;score=19.52;cscore=10.76;sscore=8.76;rscore=5.92;uscore=1.96;tscore=1.52;
contig_35	Prodigal_v2.6.3	CDS	3429	3914	54.1	-	0	ID=60_6;partial=00;start_type=ATG;rbs_motif=GGAG/GAGG;rbs_spacer=5-10bp;gc_cont=0.395;conf=100.00;score=54.08;cscore=45.51;sscore=8.58;rscore=8.24;uscore=-1.50;tscore=2.49;
contig_35	Prodigal_v2.6.3	CDS	4040	4849	102.2	+	0	ID=60_7;partial=00;start_type=ATG;rbs_motif=GGA/GAG/AGG;rbs_spacer=5-10bp;gc_cont=0.417;conf=100.00;score=102.23;cscore=97.95;sscore=4.28;rscore=-0.45;uscore=2.25;tscore=2.49;
contig_35	Prodigal_v2.6.3	CDS	5222	5500	53.2	-	0	ID=60_8;partial=00;start_type=ATG;rbs_motif=AGGAGG;rbs_spacer=5-10bp;gc_cont=0.355;conf=100.00;score=53.25;cscore=36.84;sscore=16.40;rscore=13.75;uscore=0.17;tscore=2.49;
contig_35	Prodigal_v2.6.3	CDS	5646	5846	32.6	-	0	ID=60_9;partial=00;start_type=ATG;rbs_motif=GGAGG;rbs_spacer=5-10bp;gc_cont=0.398;conf=99.94;score=32.58;cscore=23.44;sscore=9.14;rscore=10.10;uscore=-2.28;tscore=1.97;
contig_35	Prodigal_v2.6.3	CDS	6060	7388	276.6	+	0	ID=60_10;partial=00;start_type=ATG;rbs_motif=AGxAGG/AGGxGG;rbs_spacer=5-10bp;gc_cont=0.433;conf=99.99;score=276.63;cscore=259.75;sscore=16.87;rscore=9.68;uscore=4.71;tscore=2.49;
contig_35	Prodigal_v2.6.3	CDS	7421	7738	39.8	+	0	ID=60_11;partial=00;start_type=GTG;rbs_motif=GGA/GAG/AGG;rbs_spacer=11-12bp;gc_cont=0.428;conf=99.99;score=39.83;cscore=39.59;sscore=0.24;rscore=-0.79;uscore=3.72;tscore=-3.61;
contig_35	Prodigal_v2.6.3	CDS	8078	8962	121.5	+	0	ID=60_12;partial=00;start_type=ATG;rbs_motif=AGGA;rbs_spacer=5-10bp;gc_cont=0.339;conf=100.00;score=121.48;cscore=114.01;sscore=7.47;rscore=4.23;uscore=1.41;tscore=2.49;
contig_35	Prodigal_v2.6.3	CDS	9026	9676	112.3	+	0	ID=60_13;partial=00;start_type=ATG;rbs_motif=None;rbs_spacer=None;gc_cont=0.399;conf=100.00;score=112.32;cscore=117.87;sscore=-5.55;rscore=-9.56;uscore=1.52;tscore=2.49;
contig_35	Prodigal_v2.6.3	CDS	9666	10226	82.2	+	0	ID=60_14;partial=00;start_type=ATG;rbs_motif=None;rbs_spacer=None;gc_cont=0.360;conf=100.00;score=82.20;cscore=88.80;sscore=-6.59;rscore=-9.56;uscore=-0.74;tscore=2.49;
contig_35	Prodigal_v2.6.3	CDS	10230	11909	299.7	+	0	ID=60_15;partial=00;start_type=ATG;rbs_motif=AGGAG/GGAGG;rbs_spacer=11-12bp;gc_cont=0.408;conf=99.99;score=299.72;cscore=284.25;sscore=15.47;rscore=9.05;uscore=2.70;tscore=2.49;
contig_35	Prodigal_v2.6.3	CDS	11922	12674	88.5	+	0	ID=60_16;partial=00;start_type=ATG;rbs_motif=GGAG/GAGG;rbs_spacer=5-10bp;gc_cont=0.357;conf=100.00;score=88.52;cscore=79.16;sscore=9.35;rscore=8.24;uscore=-2.52;tscore=2.49;
contig_35	Prodigal_v2.6.3	CDS	12962	13615	101.6	+	0	ID=60_17;partial=00;start_type=ATG;rbs_motif=AGxAG;rbs_spacer=3-4bp;gc_cont=0.367;conf=100.00;score=101.64;cscore=107.69;sscore=-6.05;rscore=-5.98;uscore=-1.90;tscore=2.49;
contig_35	Prodigal_v2.6.3	CDS	13587	13916	34.6	+	0	ID=60_18;partial=00;start_type=TTG;rbs_motif=AGGA;rbs_spacer=5-10bp;gc_cont=0.418;conf=99.96;score=34.60;cscore=36.63;sscore=-2.03;rscore=4.23;uscore=-1.56;tscore=-4.70;
contig_35	Prodigal_v2.6.3	CDS	13870	14271	51.9	+	0	ID=60_19;partial=00;start_type=ATG;rbs_motif=None;rbs_spacer=None;gc_cont=0.393;conf=100.00;score=51.94;cscore=60.32;sscore=-8.38;rscore=-9.56;uscore=-1.31;tscore=2.49;
contig_35	Prodigal_v2.6.3	CDS	14288	15085	109.9	+	0	ID=60_20;partial=00;start_type=ATG;rbs_motif=AGGAG;rbs_spacer=5-10bp;gc_cont=0.455;conf=100.00;score=109.85;cscore=91.77;sscore=18.09;rscore=12.22;uscore=2.28;tscore=2.49;
contig_35	Prodigal_v2.6.3	CDS	15114	15332	15.8	+	0	ID=60_21;partial=00;start_type=ATG;rbs_motif=GGA/GAG/AGG;rbs_spacer=5-10bp;gc_cont=0.388;conf=97.44;score=15.82;cscore=14.74;sscore=1.09;rscore=-0.52;uscore=-1.51;tscore=2.15;
contig_35	Prodigal_v2.6.3	CDS	16070	16651	86.6	+	0	ID=60_22;partial=00;start_type=ATG;rbs_motif=None;rbs_spacer=None;gc_cont=0.383;conf=100.00;score=86.58;cscore=90.32;sscore=-3.74;rscore=-9.56;uscore=3.99;tscore=2.49;
contig_35	Prodigal_v2.6.3	CDS	16845	18251	160.3	-	0	ID=60_23;partial=00;start_type=ATG;rbs_motif=GGA/GAG/AGG;rbs_spacer=11-12bp;gc_cont=0.408;conf=100.00;score=160.32;cscore=154.90;sscore=5.43;rscore=-0.79;uscore=4.38;tscore=2.49;
contig_35	Prodigal_v2.6.3	CDS	18353	19816	161.1	+	0	ID=60_24;partial=00;start_type=ATG;rbs_motif=GGAG/GAGG;rbs_spacer=5-10bp;gc_cont=0.406;conf=100.00;score=161.05;cscore=147.40;sscore=13.65;rscore=8.24;uscore=2.92;tscore=2.49;
contig_35	Prodigal_v2.6.3	CDS	19941	21827	318.2	+	0	ID=60_25;partial=00;start_type=ATG;rbs_motif=GGA/GAG/AGG;rbs_spacer=5-10bp;gc_cont=0.419;conf=99.99;score=318.19;cscore=313.63;sscore=4.56;rscore=-0.45;uscore=2.52;tscore=2.49;
contig_35	Prodigal_v2.6.3	CDS	21840	22967	221.2	+	0	ID=60_26;partial=00;start_type=ATG;rbs_motif=AGGAG;rbs_spacer=5-10bp;gc_cont=0.426;conf=99.99;score=221.20;cscore=203.46;sscore=17.74;rscore=12.22;uscore=1.89;tscore=2.49;
contig_35	Prodigal_v2.6.3	CDS	23429	24661	233.7	+	0	ID=60_27;partial=00;start_type=ATG;rbs_motif=AGGAGG;rbs_spacer=5-10bp;gc_cont=0.445;conf=99.99;score=233.74;cscore=215.15;sscore=18.58;rscore=13.75;uscore=3.00;tscore=2.49;
contig_35	Prodigal_v2.6.3	CDS	24658	25746	144.8	+	0	ID=60_28;partial=00;start_type=ATG;rbs_motif=GGxGG;rbs_spacer=5-10bp;gc_cont=0.433;conf=100.00;score=144.76;cscore=133.88;sscore=10.88;rscore=6.77;uscore=0.33;tscore=2.49;
contig_35	Prodigal_v2.6.3	CDS	25748	26494	139.0	+	0	ID=60_29;partial=00;start_type=ATG;rbs_motif=AGGAGG;rbs_spacer=5-10bp;gc_cont=0.442;conf=100.00;score=138.97;cscore=120.62;sscore=18.35;rscore=13.75;uscore=0.84;tscore=2.49;
contig_35	Prodigal_v2.6.3	CDS	26505	27959	265.2	+	0	ID=60_30;partial=00;start_type=ATG;rbs_motif=AGGAGG;rbs_spacer=5-10bp;gc_cont=0.445;conf=99.99;score=265.21;cscore=250.50;sscore=14.71;rscore=13.75;uscore=-2.69;tscore=2.49;
contig_35	Prodigal_v2.6.3	CDS	27975	29009	138.2	+	0	ID=60_31;partial=00;start_type=ATG;rbs_motif=GGAGG;rbs_spacer=5-10bp;gc_cont=0.428;conf=100.00;score=138.24;cscore=123.16;sscore=15.08;rscore=12.75;uscore=-1.27;tscore=2.49;
contig_35	Prodigal_v2.6.3	CDS	28978	29991	135.4	+	0	ID=60_32;partial=00;start_type=ATG;rbs_motif=AGGAG;rbs_spacer=5-10bp;gc_cont=0.404;conf=100.00;score=135.42;cscore=119.89;sscore=15.53;rscore=12.22;uscore=0.83;tscore=2.49;
contig_35	Prodigal_v2.6.3	CDS	29995	30966	196.2	+	0	ID=60_33;partial=00;start_type=ATG;rbs_motif=GGAG/GAGG;rbs_spacer=5-10bp;gc_cont=0.473;conf=99.99;score=196.19;cscore=177.62;sscore=18.57;rscore=8.24;uscore=6.60;tscore=2.49;
contig_35	Prodigal_v2.6.3	CDS	30984	32537	265.6	+	0	ID=60_34;partial=00;start_type=ATG;rbs_motif=AGxAGG/AGGxGG;rbs_spacer=5-10bp;gc_cont=0.389;conf=99.99;score=265.61;cscore=250.72;sscore=14.89;rscore=9.68;uscore=1.64;tscore=2.49;
contig_35	Prodigal_v2.6.3	CDS	32554	33495	113.3	+	0	ID=60_35;partial=00;start_type=ATG;rbs_motif=GGA/GAG/AGG;rbs_spacer=5-10bp;gc_cont=0.397;conf=100.00;score=113.34;cscore=108.13;sscore=5.22;rscore=-0.45;uscore=2.08;tscore=2.49;
contig_35	Prodigal_v2.6.3	CDS	33508	34335	125.5	+	0	ID=60_36;partial=00;start_type=ATG;rbs_motif=GGAG/GAGG;rbs_spacer=5-10bp;gc_cont=0.438;conf=100.00;score=125.55;cscore=116.99;sscore=8.56;rscore=8.24;uscore=-3.31;tscore=2.49;
contig_35	Prodigal_v2.6.3	CDS	34324	35961	195.5	-	0	ID=60_37;partial=00;start_type=ATG;rbs_motif=GGA/GAG/AGG;rbs_spacer=5-10bp;gc_cont=0.377;conf=99.99;score=195.55;cscore=192.03;sscore=3.52;rscore=-0.45;uscore=2.14;tscore=2.49;
contig_35	Prodigal_v2.6.3	CDS	36102	37457	195.9	+	0	ID=60_38;partial=00;start_type=ATG;rbs_motif=GGAGG;rbs_spacer=5-10bp;gc_cont=0.430;conf=99.99;score=195.94;cscore=179.76;sscore=16.18;rscore=12.75;uscore=0.94;tscore=2.49;
contig_35	Prodigal_v2.6.3	CDS	37501	37953	59.6	-	0	ID=60_39;partial=00;start_type=ATG;rbs_motif=AGGAGG;rbs_spacer=5-10bp;gc_cont=0.380;conf=100.00;score=59.58;cscore=42.89;sscore=16.69;rscore=13.75;uscore=1.10;tscore=2.49;
contig_35	Prodigal_v2.6.3	CDS	38079	38510	81.3	+	0	ID=60_40;partial=00;start_type=ATG;rbs_motif=AGGAGG;rbs_spacer=5-10bp;gc_cont=0.382;conf=100.00;score=81.26;cscore=65.18;sscore=16.08;rscore=13.75;uscore=-0.16;tscore=2.49;
contig_35	Prodigal_v2.6.3	CDS	38638	39288	69.4	+	0	ID=60_41;partial=00;start_type=ATG;rbs_motif=3Base/5BMM;rbs_spacer=13-15bp;gc_cont=0.396;conf=100.00;score=69.43;cscore=71.43;sscore=-2.00;rscore=-6.44;uscore=1.95;tscore=2.49;
contig_35	Prodigal_v2.6.3	CDS	39410	39799	60.8	-	0	ID=60_42;partial=00;start_type=ATG;rbs_motif=AGGAGG;rbs_spacer=5-10bp;gc_cont=0.410;conf=100.00;score=60.83;cscore=46.23;sscore=14.60;rscore=13.75;uscore=-1.64;tscore=2.49;
contig_35	Prodigal_v2.6.3	CDS	39863	40825	141.3	-	0	ID=60_43;partial=00;start_type=ATG;rbs_motif=AGGAGG;rbs_spacer=5-10bp;gc_cont=0.424;conf=100.00;score=141.25;cscore=123.73;sscore=17.52;rscore=13.75;uscore=-0.89;tscore=2.49;
contig_35	Prodigal_v2.6.3	CDS	40825	41709	87.8	-	0	ID=60_44;partial=00;start_type=ATG;rbs_motif=AGxAGG/AGGxGG;rbs_spacer=5-10bp;gc_cont=0.380;conf=100.00;score=87.82;cscore=70.88;sscore=16.94;rscore=9.68;uscore=3.92;tscore=2.49;
contig_35	Prodigal_v2.6.3	CDS	41749	42999	213.6	-	0	ID=60_45;partial=00;start_type=ATG;rbs_motif=AGGAGG;rbs_spacer=5-10bp;gc_cont=0.425;conf=99.99;score=213.60;cscore=193.76;sscore=19.84;rscore=13.75;uscore=2.47;tscore=2.49;
contig_35	Prodigal_v2.6.3	CDS	43013	44107	170.1	-	0	ID=60_46;partial=00;start_type=ATG;rbs_motif=GGAGG;rbs_spacer=5-10bp;gc_cont=0.426;conf=100.00;score=170.14;cscore=155.38;sscore=14.75;rscore=12.75;uscore=0.17;tscore=2.49;
contig_35	Prodigal_v2.6.3	CDS	44498	44881	45.2	-	0	ID=60_47;partial=00;start_type=ATG;rbs_motif=GGAG/GAGG;rbs_spacer=5-10bp;gc_cont=0.404;conf=100.00;score=45.17;cscore=35.10;sscore=10.07;rscore=8.24;uscore=0.00;tscore=2.49;
contig_35	Prodigal_v2.6.3	CDS	45097	45720	68.7	+	0	ID=60_48;partial=00;start_type=TTG;rbs_motif=AGGA;rbs_spacer=5-10bp;gc_cont=0.351;conf=100.00;score=68.65;cscore=65.44;sscore=3.21;rscore=4.23;uscore=3.68;tscore=-4.70;
contig_35	Prodigal_v2.6.3	CDS	45733	46524	93.9	+	0	ID=60_49;partial=00;start_type=ATG;rbs_motif=GGAGG;rbs_spacer=5-10bp;gc_cont=0.407;conf=100.00;score=93.92;cscore=77.27;sscore=16.65;rscore=12.75;uscore=0.27;tscore=2.49;
contig_35	Prodigal_v2.6.3	CDS	46667	47233	57.7	-	0	ID=60_50;partial=00;start_type=TTG;rbs_motif=GGAGG;rbs_spacer=5-10bp;gc_cont=0.295;conf=100.00;score=57.69;cscore=51.37;sscore=6.32;rscore=12.75;uscore=-1.74;tscore=-4.70;
contig_35	Prodigal_v2.6.3	CDS	47324	48205	131.7	-	0	ID=60_51;partial=00;start_type=ATG;rbs_motif=GGAG/GAGG;rbs_spacer=5-10bp;gc_cont=0.406;conf=100.00;score=131.67;cscore=116.27;sscore=15.41;rscore=8.24;uscore=5.33;tscore=2.49;
contig_35	Prodigal_v2.6.3	CDS	48491	49243	122.9	+	0	ID=60_52;partial=00;start_type=ATG;rbs_motif=GGA/GAG/AGG;rbs_spacer=5-10bp;gc_cont=0.372;conf=100.00;score=122.93;cscore=117.98;sscore=4.95;rscore=-0.45;uscore=2.92;tscore=2.49;
contig_35	Prodigal_v2.6.3	CDS	49410	50750	177.1	+	0	ID=60_53;partial=00;start_type=ATG;rbs_motif=AGGAG;rbs_spacer=5-10bp;gc_cont=0.377;conf=100.00;score=177.13;cscore=161.23;sscore=15.90;rscore=12.22;uscore=1.20;tscore=2.49;
contig_35	Prodigal_v2.6.3	CDS	50799	51557	170.2	-	0	ID=60_54;partial=00;start_type=ATG;rbs_motif=AGGAGG;rbs_spacer=5-10bp;gc_cont=0.431;conf=100.00;score=170.23;cscore=151.84;sscore=18.39;rscore=13.75;uscore=2.80;tscore=2.49;
contig_35	Prodigal_v2.6.3	CDS	51713	52294	42.6	+	0	ID=60_55;partial=00;start_type=TTG;rbs_motif=AGGAG;rbs_spacer=5-10bp;gc_cont=0.399;conf=99.99;score=42.58;cscore=34.87;sscore=7.72;rscore=12.22;uscore=0.19;tscore=-4.70;
contig_35	Prodigal_v2.6.3	CDS	52800	53972	140.4	-	0	ID=60_56;partial=00;start_type=ATG;rbs_motif=AGxAGG/AGGxGG;rbs_spacer=5-10bp;gc_cont=0.413;conf=100.00;score=140.43;cscore=128.04;sscore=12.39;rscore=9.68;uscore=0.22;tscore=2.49;
contig_35	Prodigal_v2.6.3	CDS	54031	54618	62.5	-	0	ID=60_57;partial=00;start_type=ATG;rbs_motif=GGA/GAG/AGG;rbs_spacer=5-10bp;gc_cont=0.364;conf=100.00;score=62.46;cscore=61.61;sscore=0.86;rscore=-0.45;uscore=-1.18;tscore=2.49;
contig_35	Prodigal_v2.6.3	CDS	54772	55086	49.0	+	0	ID=60_58;partial=00;start_type=ATG;rbs_motif=AGGAGG;rbs_spacer=5-10bp;gc_cont=0.394;conf=100.00;score=49.00;cscore=33.97;sscore=15.03;rscore=13.75;uscore=-1.20;tscore=2.49;
contig_35	Prodigal_v2.6.3	CDS	55088	55624	63.1	+	0	ID=60_59;partial=00;start_type=ATG;rbs_motif=AGGAG;rbs_spacer=5-10bp;gc_cont=0.365;conf=100.00;score=63.09;cscore=46.04;sscore=17.05;rscore=12.22;uscore=1.08;tscore=2.49;
contig_35	Prodigal_v2.6.3	CDS	55702	56232	58.9	+	0	ID=60_60;partial=00;start_type=ATG;rbs_motif=AGGAG;rbs_spacer=5-10bp;gc_cont=0.341;conf=100.00;score=58.94;cscore=41.40;sscore=17.54;rscore=12.22;uscore=2.84;tscore=2.49;
contig_35	Prodigal_v2.6.3	CDS	56246	57151	166.5	+	0	ID=60_61;partial=00;start_type=ATG;rbs_motif=AGGAGG;rbs_spacer=5-10bp;gc_cont=0.391;conf=100.00;score=166.48;cscore=146.12;sscore=20.36;rscore=13.75;uscore=2.99;tscore=2.49;
contig_35	Prodigal_v2.6.3	CDS	57138	58379	195.8	+	0	ID=60_62;partial=00;start_type=TTG;rbs_motif=AGxAGG/AGGxGG;rbs_spacer=5-10bp;gc_cont=0.367;conf=99.99;score=195.76;cscore=186.64;sscore=9.11;rscore=9.68;uscore=2.95;tscore=-4.70;
contig_35	Prodigal_v2.6.3	CDS	58519	58776	14.3	+	0	ID=60_63;partial=00;start_type=ATG;rbs_motif=GGA/GAG/AGG;rbs_spacer=5-10bp;gc_cont=0.360;conf=96.43;score=14.34;cscore=10.11;sscore=4.23;rscore=-0.45;uscore=2.19;tscore=2.49;
contig_35	Prodigal_v2.6.3	CDS	58844	60013	203.8	+	0	ID=60_64;partial=00;start_type=ATG;rbs_motif=AGxAGG/AGGxGG;rbs_spacer=5-10bp;gc_cont=0.379;conf=99.99;score=203.84;cscore=189.77;sscore=14.07;rscore=9.68;uscore=1.91;tscore=2.49;
contig_35	Prodigal_v2.6.3	CDS	60237	60656	59.9	+	0	ID=60_65;partial=00;start_type=ATG;rbs_motif=AGGAG/GGAGG;rbs_spacer=11-12bp;gc_cont=0.379;conf=100.00;score=59.92;cscore=46.66;sscore=13.26;rscore=9.05;uscore=2.37;tscore=2.49;
contig_35	Prodigal_v2.6.3	CDS	60628	60774	2.9	+	0	ID=60_66;partial=00;start_type=TTG;rbs_motif=GGA/GAG/AGG;rbs_spacer=5-10bp;gc_cont=0.395;conf=66.27;score=2.94;cscore=13.33;sscore=-10.39;rscore=-0.78;uscore=-1.46;tscore=-8.15;
contig_35	Prodigal_v2.6.3	CDS	60909	61781	118.2	+	0	ID=60_67;partial=00;start_type=ATG;rbs_motif=AGGAG;rbs_spacer=5-10bp;gc_cont=0.371;conf=100.00;score=118.17;cscore=102.61;sscore=15.57;rscore=12.22;uscore=0.86;tscore=2.49;
contig_35	Prodigal_v2.6.3	CDS	62617	63045	54.8	+	0	ID=60_68;partial=00;start_type=ATG;rbs_motif=AGGAG;rbs_spacer=5-10bp;gc_cont=0.345;conf=100.00;score=54.75;cscore=37.29;sscore=17.46;rscore=12.22;uscore=3.41;tscore=2.49;
contig_35	Prodigal_v2.6.3	CDS	63042	63485	50.4	+	0	ID=60_69;partial=00;start_type=TTG;rbs_motif=None;rbs_spacer=None;gc_cont=0.372;conf=100.00;score=50.39;cscore=53.10;sscore=-2.71;rscore=-9.56;uscore=0.69;tscore=-4.70;
contig_35	Prodigal_v2.6.3	CDS	63623	64279	88.5	+	0	ID=60_70;partial=00;start_type=GTG;rbs_motif=GGxGG;rbs_spacer=5-10bp;gc_cont=0.371;conf=100.00;score=88.46;cscore=86.73;sscore=1.73;rscore=6.77;uscore=-1.43;tscore=-3.61;
contig_35	Prodigal_v2.6.3	CDS	64257	64514	25.2	+	0	ID=60_71;partial=00;start_type=ATG;rbs_motif=GGA/GAG/AGG;rbs_spacer=5-10bp;gc_cont=0.395;conf=99.70;score=25.21;cscore=23.77;sscore=1.44;rscore=-0.45;uscore=-0.59;tscore=2.49;
contig_35	Prodigal_v2.6.3	CDS	64555	65808	193.7	-	0	ID=60_72;partial=00;start_type=GTG;rbs_motif=AGGAGG;rbs_spacer=5-10bp;gc_cont=0.372;conf=99.99;score=193.66;cscore=180.37;sscore=13.29;rscore=13.75;uscore=3.80;tscore=-3.61;
contig_35	Prodigal_v2.6.3	CDS	65930	67231	178.5	+	0	ID=60_73;partial=00;start_type=ATG;rbs_motif=GGAGG;rbs_spacer=5-10bp;gc_cont=0.393;conf=99.99;score=178.49;cscore=159.84;sscore=18.65;rscore=12.75;uscore=3.41;tscore=2.49;
contig_35	Prodigal_v2.6.3	CDS	67507	68349	77.8	-	0	ID=60_74;partial=00;start_type=ATG;rbs_motif=None;rbs_spacer=None;gc_cont=0.358;conf=100.00;score=77.79;cscore=74.00;sscore=3.78;rscore=-9.56;uscore=-0.41;tscore=2.49;
contig_35	Prodigal_v2.6.3	CDS	68346	68852	51.5	-	0	ID=60_75;partial=00;start_type=GTG;rbs_motif=AGxAGG/AGGxGG;rbs_spacer=5-10bp;gc_cont=0.377;conf=100.00;score=51.46;cscore=43.88;sscore=7.58;rscore=9.68;uscore=2.16;tscore=-3.61;
contig_35	Prodigal_v2.6.3	CDS	69081	69797	113.3	-	0	ID=60_76;partial=00;start_type=ATG;rbs_motif=AGGAGG;rbs_spacer=5-10bp;gc_cont=0.411;conf=100.00;score=113.31;cscore=94.00;sscore=19.31;rscore=13.75;uscore=1.79;tscore=2.49;
contig_35	Prodigal_v2.6.3	CDS	69797	71224	231.0	-	0	ID=60_77;partial=00;start_type=ATG;rbs_motif=AGxAGG/AGGxGG;rbs_spacer=5-10bp;gc_cont=0.417;conf=99.99;score=230.97;cscore=214.90;sscore=16.07;rscore=9.68;uscore=2.80;tscore=2.49;
contig_35	Prodigal_v2.6.3	CDS	71240	71956	98.6	-	0	ID=60_78;partial=00;start_type=ATG;rbs_motif=AGGAG;rbs_spacer=5-10bp;gc_cont=0.411;conf=100.00;score=98.57;cscore=82.01;sscore=16.56;rscore=12.22;uscore=1.85;tscore=2.49;
contig_35	Prodigal_v2.6.3	CDS	72098	72829	108.9	-	0	ID=60_79;partial=00;start_type=TTG;rbs_motif=GGAG/GAGG;rbs_spacer=5-10bp;gc_cont=0.402;conf=100.00;score=108.91;cscore=102.52;sscore=6.39;rscore=8.24;uscore=3.49;tscore=-4.70;
contig_35	Prodigal_v2.6.3	CDS	73334	74044	96.4	+	0	ID=60_80;partial=00;start_type=ATG;rbs_motif=AGGAG/GGAGG;rbs_spacer=11-12bp;gc_cont=0.370;conf=100.00;score=96.38;cscore=82.89;sscore=13.49;rscore=9.05;uscore=1.95;tscore=2.49;
contig_35	Prodigal_v2.6.3	CDS	74097	74465	74.5	+	0	ID=60_81;partial=00;start_type=GTG;rbs_motif=AGGAG/GGAGG;rbs_spacer=11-12bp;gc_cont=0.396;conf=100.00;score=74.53;cscore=67.62;sscore=6.91;rscore=9.05;uscore=0.76;tscore=-3.61;
contig_35	Prodigal_v2.6.3	CDS	74491	74985	63.7	+	0	ID=60_82;partial=00;start_type=ATG;rbs_motif=AGGAGG;rbs_spacer=5-10bp;gc_cont=0.388;conf=100.00;score=63.67;cscore=44.43;sscore=19.25;rscore=13.75;uscore=2.01;tscore=2.49;
contig_35	Prodigal_v2.6.3	CDS	75783	76220	48.2	-	0	ID=60_83;partial=00;start_type=GTG;rbs_motif=AGxAGG/AGGxGG;rbs_spacer=5-10bp;gc_cont=0.386;conf=100.00;score=48.17;cscore=40.47;sscore=7.71;rscore=9.68;uscore=2.29;tscore=-3.61;
contig_35	Prodigal_v2.6.3	CDS	76332	76547	25.3	+	0	ID=60_84;partial=00;start_type=ATG;rbs_motif=AGGAGG;rbs_spacer=5-10bp;gc_cont=0.403;conf=99.70;score=25.32;cscore=10.76;sscore=14.57;rscore=11.72;uscore=0.73;tscore=2.12;
contig_35	Prodigal_v2.6.3	CDS	76562	76654	8.4	+	0	ID=60_85;partial=00;start_type=ATG;rbs_motif=AGGAGG;rbs_spacer=5-10bp;gc_cont=0.441;conf=87.37;score=8.41;cscore=1.13;sscore=7.28;rscore=4.95;uscore=0.31;tscore=0.90;
contig_35	Prodigal_v2.6.3	CDS	76857	76979	12.0	+	0	ID=60_86;partial=00;start_type=ATG;rbs_motif=AGGAGG;rbs_spacer=5-10bp;gc_cont=0.374;conf=94.06;score=12.02;cscore=4.31;sscore=7.70;rscore=6.60;uscore=0.56;tscore=1.19;
contig_35	Prodigal_v2.6.3	CDS	77370	77696	47.1	+	0	ID=60_87;partial=00;start_type=TTG;rbs_motif=AGGA/GGAG/GAGG;rbs_spacer=11-12bp;gc_cont=0.333;conf=100.00;score=47.10;cscore=46.25;sscore=0.85;rscore=3.18;uscore=3.02;tscore=-4.70;
contig_35	Prodigal_v2.6.3	CDS	77812	78066	26.3	+	0	ID=60_88;partial=00;start_type=GTG;rbs_motif=AGGAGG;rbs_spacer=5-10bp;gc_cont=0.333;conf=99.76;score=26.32;cscore=15.09;sscore=11.22;rscore=13.75;uscore=1.08;tscore=-3.61;
contig_35	Prodigal_v2.6.3	CDS	78325	79206	129.7	+	0	ID=60_89;partial=00;start_type=ATG;rbs_motif=GGAGG;rbs_spacer=5-10bp;gc_cont=0.375;conf=100.00;score=129.72;cscore=111.96;sscore=17.76;rscore=12.75;uscore=3.17;tscore=2.49;
contig_35	Prodigal_v2.6.3	CDS	79270	79806	85.3	+	0	ID=60_90;partial=00;start_type=ATG;rbs_motif=GGAGG;rbs_spacer=5-10bp;gc_cont=0.415;conf=100.00;score=85.27;cscore=65.94;sscore=19.33;rscore=12.75;uscore=4.09;tscore=2.49;
contig_35	Prodigal_v2.6.3	CDS	79837	80403	74.7	-	0	ID=60_91;partial=00;start_type=ATG;rbs_motif=GGAG/GAGG;rbs_spacer=5-10bp;gc_cont=0.407;conf=100.00;score=74.69;cscore=64.13;sscore=10.56;rscore=8.24;uscore=0.49;tscore=2.49;
contig_35	Prodigal_v2.6.3	CDS	80505	81323	65.0	+	0	ID=60_92;partial=00;start_type=GTG;rbs_motif=AGGAGG;rbs_spacer=5-10bp;gc_cont=0.381;conf=100.00;score=64.95;cscore=51.55;sscore=13.40;rscore=13.75;uscore=3.26;tscore=-3.61;
contig_35	Prodigal_v2.6.3	CDS	81479	83158	257.2	+	0	ID=60_93;partial=00;start_type=ATG;rbs_motif=GGAG/GAGG;rbs_spacer=5-10bp;gc_cont=0.398;conf=99.99;score=257.18;cscore=243.30;sscore=13.88;rscore=8.24;uscore=3.15;tscore=2.49;
contig_35	Prodigal_v2.6.3	CDS	83333	85174	278.6	+	0	ID=60_94;partial=00;start_type=ATG;rbs_motif=AGGAG;rbs_spacer=5-10bp;gc_cont=0.397;conf=99.99;score=278.59;cscore=260.10;sscore=18.49;rscore=12.22;uscore=3.78;tscore=2.49;
# Sequence Data: seqnum=61;seqlen=8593;seqhdr="contig_47"
# Model Data: version=Prodigal.v2.6.3;run_type=Single;model="Ab initio";gc_cont=37.70;transl_table=11;uses_sd=1
contig_47	Prodigal_v2.6.3	CDS	1	246	14.9	-	0	ID=61_1;partial=10;start_type=TTG;rbs_motif=GGAGG;rbs_spacer=5-10bp;gc_cont=0.394;conf=96.82;score=14.85;cscore=7.77;sscore=7.08;rscore=12.75;uscore=-0.33;tscore=-4.70;
contig_47	Prodigal_v2.6.3	CDS	489	791	9.8	+	0	ID=61_2;partial=00;start_type=TTG;rbs_motif=GGAG/GAGG;rbs_spacer=5-10bp;gc_cont=0.343;conf=90.40;score=9.75;cscore=5.77;sscore=3.98;rscore=8.24;uscore=0.44;tscore=-4.70;
contig_47	Prodigal_v2.6.3	CDS	824	1666	99.8	-	0	ID=61_3;partial=00;start_type=ATG;rbs_motif=GGAGG;rbs_spacer=5-10bp;gc_cont=0.321;conf=100.00;score=99.76;cscore=82.81;sscore=16.95;rscore=12.75;uscore=2.36;tscore=2.49;
contig_47	Prodigal_v2.6.3	CDS	2096	2566	69.1	-	0	ID=61_4;partial=00;start_type=ATG;rbs_motif=AGGAGG;rbs_spacer=5-10bp;gc_cont=0.372;conf=100.00;score=69.14;cscore=51.06;sscore=18.08;rscore=13.75;uscore=2.50;tscore=2.49;
contig_47	Prodigal_v2.6.3	CDS	2756	4117	206.9	-	0	ID=61_5;partial=00;start_type=ATG;rbs_motif=AGGAG;rbs_spacer=5-10bp;gc_cont=0.390;conf=99.99;score=206.94;cscore=191.96;sscore=14.98;rscore=12.22;uscore=0.93;tscore=2.49;
contig_47	Prodigal_v2.6.3	CDS	4604	5101	41.5	-	0	ID=61_6;partial=00;start_type=ATG;rbs_motif=GGxGG;rbs_spacer=5-10bp;gc_cont=0.378;conf=99.99;score=41.52;cscore=32.32;sscore=9.20;rscore=6.77;uscore=0.59;tscore=2.49;
contig_47	Prodigal_v2.6.3	CDS	5303	6208	93.4	-	0	ID=61_7;partial=00;start_type=ATG;rbs_motif=GGAGG;rbs_spacer=5-10bp;gc_cont=0.368;conf=100.00;score=93.38;cscore=76.53;sscore=16.85;rscore=12.75;uscore=2.26;tscore=2.49;
contig_47	Prodigal_v2.6.3	CDS	6667	7284	57.5	-	0	ID=61_8;partial=00;start_type=ATG;rbs_motif=GGxGG;rbs_spacer=5-10bp;gc_cont=0.312;conf=100.00;score=57.45;cscore=45.34;sscore=12.11;rscore=6.77;uscore=3.51;tscore=2.49;
contig_47	Prodigal_v2.6.3	CDS	7490	7903	14.9	-	0	ID=61_9;partial=00;start_type=ATG;rbs_motif=GGA/GAG/AGG;rbs_spacer=5-10bp;gc_cont=0.360;conf=96.85;score=14.91;cscore=9.60;sscore=5.30;rscore=-0.45;uscore=3.26;tscore=2.49;
