Chain
	Aln	618	+20404312-d9e6-4717-96c7-dd607683a24a 17 1127 1132 +edge_310_0_+disjointig_26_14870_67398 6840 7951 52528 -1 -1 1077 0.00427264
Chain
	Aln	619	-20404312-d9e6-4717-96c7-dd607683a24a 4 1114 1132 -edge_310_0_+disjointig_26_14870_67398 44576 45687 52528 -1 -1 1077 0.00427264
Chain
	Aln	153	+b9f9b0ae-d184-49b5-9158-84c2202adf20 15 2513 2515 -edge_77_0_+disjointig_135_0_9235 14 2513 9235 -1 -1 2460 0.00189145
Chain
	Aln	152	-b9f9b0ae-d184-49b5-9158-84c2202adf20 1 2499 2515 +edge_77_0_+disjointig_135_0_9235 6721 9220 9235 -1 -1 2460 0.00189145
Chain
	Aln	615	+b25cef08-db5e-4cfa-a100-0ba8e25b463c 8 2453 2461 -edge_308_0_+disjointig_218_2200_18386 10755 13206 16186 -1 -1 2373 0.00197188
Chain
	Aln	614	-b25cef08-db5e-4cfa-a100-0ba8e25b463c 7 2452 2461 +edge_308_0_+disjointig_218_2200_18386 2979 5430 16186 -1 -1 2373 0.00197188
Chain
	Aln	591	+49631170-9a9b-482b-83cd-c85ac71c3550 11 2837 2847 -edge_296_0_+disjointig_41_0_16839 8710 11535 16839 -1 -1 2799 0.00169147
Chain
	Aln	590	-49631170-9a9b-482b-83cd-c85ac71c3550 9 2835 2847 +edge_296_0_+disjointig_41_0_16839 5303 8128 16839 -1 -1 2799 0.00169147
Chain
	Aln	175	+ec2afdbe-450d-4bd0-aa67-5b0a47c31d8b 7 3425 3440 -edge_88_0_+disjointig_140_0_12110 8676 12093 12110 -1 -1 3383 0.000348006
Chain
	Aln	174	-ec2afdbe-450d-4bd0-aa67-5b0a47c31d8b 14 3432 3440 +edge_88_0_+disjointig_140_0_12110 16 3433 12110 -1 -1 3383 0.000348006
Chain
	Aln	471	+d78c01aa-66a9-40ab-a12a-089fade6e54a 22 3589 3594 -edge_236_0_+disjointig_51_0_49461 19307 22876 49461 -1 -1 3465 0.000547066
Chain
	Aln	470	-d78c01aa-66a9-40ab-a12a-089fade6e54a 4 3571 3594 +edge_236_0_+disjointig_51_0_49461 26584 30153 49461 -1 -1 3465 0.000547066
Chain
	Aln	289	+4e448e9f-72a9-4ccf-b042-52e2d279edb6 311 2224 2227 -edge_145_0_+disjointig_181_0_7313 10 1923 7313 -1 -1 1904 0
Chain
	Aln	288	-4e448e9f-72a9-4ccf-b042-52e2d279edb6 2 1915 2227 +edge_145_0_+disjointig_181_0_7313 5389 7302 7313 -1 -1 1904 0
Chain
	Aln	311	+f82b6dcc-0828-4872-bd3c-0cb76f0eea74 3 3392 3394 -edge_156_0_+disjointig_187_0_10825 7491 10823 10825 -1 -1 3228 0.00319217
Chain
	Aln	310	-f82b6dcc-0828-4872-bd3c-0cb76f0eea74 1 3390 3394 +edge_156_0_+disjointig_187_0_10825 1 3333 10825 -1 -1 3228 0.00319217
Chain
	Aln	311	+2cdea3e3-3207-49c7-ae0b-8792158aaece 12 2197 2207 -edge_156_0_+disjointig_187_0_10825 11 2192 10825 -1 -1 2168 0
Chain
	Aln	310	-2cdea3e3-3207-49c7-ae0b-8792158aaece 9 2194 2207 +edge_156_0_+disjointig_187_0_10825 8632 10813 10825 -1 -1 2168 0
Chain
	Aln	470	+49d68257-9e55-4f44-96e3-6ed821ad7b3b 10 1280 1284 +edge_236_0_+disjointig_51_0_49461 4693 5965 49461 -1 -1 1253 0.00375263
Chain
	Aln	471	-49d68257-9e55-4f44-96e3-6ed821ad7b3b 3 1273 1284 -edge_236_0_+disjointig_51_0_49461 43495 44767 49461 -1 -1 1253 0.00375263
Chain
	Aln	512	+0d95434f-2436-4bab-a470-2378b87b71ef 12 2362 2369 +edge_257_0_+disjointig_73_0_22764 9816 12164 22764 -1 -1 2330 0
Chain
	Aln	513	-0d95434f-2436-4bab-a470-2378b87b71ef 6 2356 2369 -edge_257_0_+disjointig_73_0_22764 10599 12947 22764 -1 -1 2330 0
Chain
	Aln	470	+6bf4d58e-0dfb-4faf-b6ee-e3dde175dbc9 1 4357 4447 +edge_236_0_+disjointig_51_0_49461 8292 12707 49461 -1 -1 3788 0.00863523
Chain
	Aln	471	-6bf4d58e-0dfb-4faf-b6ee-e3dde175dbc9 89 4445 4447 -edge_236_0_+disjointig_51_0_49461 36753 41168 49461 -1 -1 3788 0.00863523
Chain
	Aln	381	+d8cb1d06-d6a7-4cf0-90cd-033a2c9513af 22 2097 2100 -edge_191_0_+disjointig_211_0_17218 14978 17053 17218 -1 -1 2067 0.000403859
Chain
	Aln	380	-d8cb1d06-d6a7-4cf0-90cd-033a2c9513af 2 2077 2100 +edge_191_0_+disjointig_211_0_17218 164 2239 17218 -1 -1 2067 0.000403859
Chain
	Aln	126	+1fd4a505-eaff-466d-a96b-81734994f3a7 10 1107 1112 +edge_64_0_+disjointig_13_0_24381 1902 3000 24381 -1 -1 959 0.0116602
Chain
	Aln	127	-1fd4a505-eaff-466d-a96b-81734994f3a7 4 1101 1112 -edge_64_0_+disjointig_13_0_24381 21380 22478 24381 -1 -1 959 0.0116602
Chain
	Aln	273	+d7f62a76-87e1-42c4-8803-fff721e45321 18 5711 5716 -edge_137_0_+disjointig_177_0_5712 17 5707 5712 -1 -1 5396 0.00447111
Chain
	Aln	272	-d7f62a76-87e1-42c4-8803-fff721e45321 4 5697 5716 +edge_137_0_+disjointig_177_0_5712 4 5694 5712 -1 -1 5396 0.00447111
Chain
	Aln	470	+9538031f-abc2-46ce-9bd9-940a0d6b05f2 2 2345 2480 +edge_236_0_+disjointig_51_0_49461 5986 8328 49461 -1 -1 2277 0.00358551
Chain
	Aln	471	-9538031f-abc2-46ce-9bd9-940a0d6b05f2 134 2477 2480 -edge_236_0_+disjointig_51_0_49461 41132 43474 49461 -1 -1 2277 0.00358551
Chain
	Aln	599	+f9e4e344-8480-4ba9-896b-09248c7278f9 6 7434 7439 -edge_300_0_+disjointig_183_0_42239 13072 20499 42239 -1 -1 7334 0.00211354
Chain
	Aln	598	-f9e4e344-8480-4ba9-896b-09248c7278f9 4 7432 7439 +edge_300_0_+disjointig_183_0_42239 21739 29166 42239 -1 -1 7334 0.00211354
Chain
	Aln	170	+44f3b498-5484-4c58-aaa9-0fde6a50a372 323 3545 3557 +edge_86_0_+disjointig_139_0_5504 2 3223 5504 -1 -1 3046 0.00529198
Chain
	Aln	171	-44f3b498-5484-4c58-aaa9-0fde6a50a372 11 3233 3557 -edge_86_0_+disjointig_139_0_5504 2280 5501 5504 -1 -1 3046 0.00529198
Chain
	Aln	545	+b8a0e52c-afe4-490e-9bee-b91dd96ad551 9 4673 4675 -edge_273_0_+disjointig_88_0_4676 8 4674 4676 -1 -1 4571 0.00166247
Chain
	Aln	544	-b8a0e52c-afe4-490e-9bee-b91dd96ad551 1 4665 4675 +edge_273_0_+disjointig_88_0_4676 1 4667 4676 -1 -1 4571 0.00166247
Chain
	Aln	495	+b6248a9b-dfa5-4efb-9839-721d8241879b 15 2576 2579 -edge_248_0_+disjointig_60_0_12385 4029 6592 12385 -1 -1 2550 0
Chain
	Aln	494	-b6248a9b-dfa5-4efb-9839-721d8241879b 2 2563 2579 +edge_248_0_+disjointig_60_0_12385 5792 8355 12385 -1 -1 2550 0
Chain
	Aln	439	+e3dbd5d8-e3dc-4432-a9ca-128354e4e135 6 1218 1225 -edge_220_0_+disjointig_35_0_5097 3178 4386 5097 -1 -1 1201 0.00118334
Chain
	Aln	438	-e3dbd5d8-e3dc-4432-a9ca-128354e4e135 6 1218 1225 +edge_220_0_+disjointig_35_0_5097 710 1918 5097 -1 -1 1201 0.00118334
Chain
	Aln	533	+8b9c7b5c-4d7d-42a4-adeb-4dc3e00da22d 7 7206 7213 -edge_267_0_+disjointig_81_0_35154 18598 25790 35154 -1 -1 7134 0.00305768
Chain
	Aln	532	-8b9c7b5c-4d7d-42a4-adeb-4dc3e00da22d 6 7205 7213 +edge_267_0_+disjointig_81_0_35154 9363 16555 35154 -1 -1 7134 0.00305768
Chain
	Aln	63	+5b66fa81-399d-425a-86cb-6b3011ef720a 31 6822 11409 -edge_32_0_+disjointig_113_0_6823 32 6822 6823 -1 -1 6543 0.00458426
Chain
	Aln	62	-5b66fa81-399d-425a-86cb-6b3011ef720a 4586 11377 11409 +edge_32_0_+disjointig_113_0_6823 0 6790 6823 -1 -1 6543 0.00458426
Chain
	Aln	618	+a2473b47-f999-4e26-ad04-5f7fe822e415 8 3405 3407 +edge_310_0_+disjointig_26_14870_67398 4912 8313 52528 -1 -1 3351 0.000824909
Chain
	Aln	619	-a2473b47-f999-4e26-ad04-5f7fe822e415 1 3398 3407 -edge_310_0_+disjointig_26_14870_67398 44214 47615 52528 -1 -1 3351 0.000824909
Chain
	Aln	532	+56551cd4-295c-466b-bca0-8ee41c7a44e9 13 6609 6613 +edge_267_0_+disjointig_81_0_35154 2726 9318 35154 -1 -1 6559 0.000537492
Chain
	Aln	533	-56551cd4-295c-466b-bca0-8ee41c7a44e9 3 6599 6613 -edge_267_0_+disjointig_81_0_35154 25835 32427 35154 -1 -1 6559 0.000537492
Chain
	Aln	467	+79ff6a93-677d-40db-8d69-c1c34989bdbf 24 7531 7533 -edge_234_0_+disjointig_5_0_14031 23 7527 14031 -1 -1 7376 0.00188039
Chain
	Aln	466	-79ff6a93-677d-40db-8d69-c1c34989bdbf 1 7508 7533 +edge_234_0_+disjointig_5_0_14031 6503 14007 14031 -1 -1 7376 0.00188039
Chain
	Aln	376	+862b3cac-b4dd-4bec-9110-ab5720e4ca21 2 7892 7902 +edge_189_0_+disjointig_21_0_14470 2 7901 14470 -1 -1 7578 0.00478519
Chain
	Aln	377	-862b3cac-b4dd-4bec-9110-ab5720e4ca21 9 7899 7902 -edge_189_0_+disjointig_21_0_14470 6568 14467 14470 -1 -1 7578 0.00478519
Chain
	Aln	619	+31d33ab6-c32d-4636-8614-61f467c17939 10 1369 1373 -edge_310_0_+disjointig_26_14870_67398 5455 6814 52528 -1 -1 1359 0.00169225
Chain
	Aln	618	-31d33ab6-c32d-4636-8614-61f467c17939 3 1362 1373 +edge_310_0_+disjointig_26_14870_67398 45713 47072 52528 -1 -1 1359 0.00169225
Chain
	Aln	32	+f7cde995-6519-4ad5-96a1-b648280a64c9 22 13620 13622 +edge_17_0_+disjointig_105_0_37204 19202 32801 37204 -1 -1 13523 0.000224694
Chain
	Aln	33	-f7cde995-6519-4ad5-96a1-b648280a64c9 1 13599 13622 -edge_17_0_+disjointig_105_0_37204 4402 18001 37204 -1 -1 13523 0.000224694
Chain
	Aln	562	+499af1b3-ed86-4114-abf8-ceb500e6a3d8 18 1207 1216 +edge_282_0_+disjointig_97_0_15054 9764 10953 15054 -1 -1 1189 0.00372516
Chain
	Aln	563	-499af1b3-ed86-4114-abf8-ceb500e6a3d8 8 1197 1216 -edge_282_0_+disjointig_97_0_15054 4100 5289 15054 -1 -1 1189 0.00372516
Chain
	Aln	531	+1527bea2-653a-4532-9f49-076f07d6f6c7 10 3195 3199 -edge_266_0_+disjointig_80_0_16580 11529 14715 16580 -1 -1 3065 0.00375469
Chain
	Aln	530	-1527bea2-653a-4532-9f49-076f07d6f6c7 3 3188 3199 +edge_266_0_+disjointig_80_0_16580 1864 5050 16580 -1 -1 3065 0.00375469
Chain
	Aln	457	+ee8d278f-7631-4724-94d5-556a65fab419 579 4153 4157 -edge_229_0_+disjointig_45_0_21421 14 3588 21421 -1 -1 3540 0.000171642
Chain
	Aln	456	-ee8d278f-7631-4724-94d5-556a65fab419 3 3577 4157 +edge_229_0_+disjointig_45_0_21421 17832 21406 21421 -1 -1 3540 0.000171642
Chain
	Aln	499	+6cb915f1-4301-4f02-a6dd-7e2e81a100c7 3 2455 2466 -edge_250_0_+disjointig_65_0_6621 4157 6610 6621 -1 -1 2420 0.000798572
Chain
	Aln	498	-6cb915f1-4301-4f02-a6dd-7e2e81a100c7 10 2462 2466 +edge_250_0_+disjointig_65_0_6621 10 2463 6621 -1 -1 2420 0.000798572
Chain
	Aln	505	+d2199002-9ca7-490b-ba2e-3b3a70192320 30 3781 4028 -edge_253_0_+disjointig_69_0_13671 7122 10846 13671 -1 -1 3270 0.0116435
Chain
	Aln	504	-d2199002-9ca7-490b-ba2e-3b3a70192320 246 3997 4028 +edge_253_0_+disjointig_69_0_13671 2824 6548 13671 -1 -1 3270 0.0116435
Chain
	Aln	441	+97881602-014d-41e2-9b6d-f3550583cf56 810 11019 11021 -edge_221_0_+disjointig_36_0_10218 12 10216 10218 -1 -1 9936 0.00319891
Chain
	Aln	440	-97881602-014d-41e2-9b6d-f3550583cf56 1 10210 11021 +edge_221_0_+disjointig_36_0_10218 1 10205 10218 -1 -1 9936 0.00319891
Chain
	Aln	3	+f45f1b07-3fdb-4a53-9559-d8d69d671847 13 3826 3834 -edge_2_0_+disjointig_10_0_15894 7161 10972 15894 -1 -1 3770 0.00174243
Chain
	Aln	2	-f45f1b07-3fdb-4a53-9559-d8d69d671847 7 3820 3834 +edge_2_0_+disjointig_10_0_15894 4921 8732 15894 -1 -1 3770 0.00174243
Chain
	Aln	496	+85e04f9f-27b1-493e-a13d-36c1f0d311c1 25 1257 1260 +edge_249_0_+disjointig_64_0_17082 15826 17058 17082 -1 -1 1211 0
Chain
	Aln	497	-85e04f9f-27b1-493e-a13d-36c1f0d311c1 2 1234 1260 -edge_249_0_+disjointig_64_0_17082 23 1255 17082 -1 -1 1211 0
Chain
	Aln	459	+bd802366-fbae-480a-be35-281dcab04439 278 2408 2411 -edge_230_0_+disjointig_46_0_27645 13 2143 27645 -1 -1 2120 0.00131527
Chain
	Aln	458	-bd802366-fbae-480a-be35-281dcab04439 2 2132 2411 +edge_230_0_+disjointig_46_0_27645 25501 27631 27645 -1 -1 2120 0.00131527
Chain
	Aln	64	+e4e848d3-8b2a-41f5-a87f-cd88b09b99ec 15 2163 2170 +edge_33_0_+disjointig_114_0_23907 6136 8285 23907 -1 -1 2060 0.00570691
Chain
	Aln	65	-e4e848d3-8b2a-41f5-a87f-cd88b09b99ec 6 2154 2170 -edge_33_0_+disjointig_114_0_23907 15621 17770 23907 -1 -1 2060 0.00570691
Chain
	Aln	608	+f7b11fb4-cd55-496e-a3b9-063ad565f8e3 19 1586 1590 +edge_305_0_+disjointig_28_7412_16217 5625 7192 8805 -1 -1 1565 0
Chain
	Aln	609	-f7b11fb4-cd55-496e-a3b9-063ad565f8e3 3 1570 1590 -edge_305_0_+disjointig_28_7412_16217 1612 3179 8805 -1 -1 1565 0
Chain
	Aln	558	+524f630f-1f57-4592-bf7c-22f9b0a9fcff 170 2344 2349 +edge_280_0_+disjointig_95_0_2256 2 2176 2256 -1 -1 2170 0.00220679
Chain
	Aln	559	-524f630f-1f57-4592-bf7c-22f9b0a9fcff 4 2178 2349 -edge_280_0_+disjointig_95_0_2256 79 2253 2256 -1 -1 2170 0.00220679
Chain
	Aln	513	+2da11cd1-2f40-450b-ab6b-8313ca9ba875 9 1739 1742 -edge_257_0_+disjointig_73_0_22764 8432 10159 22764 -1 -1 1685 0.00350758
Chain
	Aln	512	-2da11cd1-2f40-450b-ab6b-8313ca9ba875 2 1732 1742 +edge_257_0_+disjointig_73_0_22764 12604 14331 22764 -1 -1 1685 0.00350758
Chain
	Aln	465	+c2da564e-9e9f-4544-8b3e-996eab955a44 15 5713 5720 -edge_233_0_+disjointig_49_0_5727 14 5720 5727 -1 -1 5483 0.00411457
Chain
	Aln	464	-c2da564e-9e9f-4544-8b3e-996eab955a44 6 5704 5720 +edge_233_0_+disjointig_49_0_5727 6 5712 5727 -1 -1 5483 0.00411457
Chain
	Aln	237	+b91d144d-667c-48a1-aa2a-39a520742b0f 28 3286 3289 -edge_119_0_+disjointig_167_0_5742 2482 5739 5742 -1 -1 3211 0.00179161
Chain
	Aln	236	-b91d144d-667c-48a1-aa2a-39a520742b0f 2 3260 3289 +edge_119_0_+disjointig_167_0_5742 2 3259 5742 -1 -1 3211 0.00179161
Chain
	Aln	307	+4a8c2648-23e2-4ebf-88c9-1d1c3ce752e7 15 5510 5512 -edge_154_0_+disjointig_185_0_10128 14 5520 10128 -1 -1 5259 0.00515208
Chain
	Aln	306	-4a8c2648-23e2-4ebf-88c9-1d1c3ce752e7 1 5496 5512 +edge_154_0_+disjointig_185_0_10128 4607 10113 10128 -1 -1 5259 0.00515208
Chain
	Aln	235	+cd7f874c-1567-4d43-b2ae-705671e19a0f 11 6999 7001 -edge_118_0_+disjointig_166_0_9943 2953 9941 9943 -1 -1 6890 0.00207363
Chain
	Aln	234	-cd7f874c-1567-4d43-b2ae-705671e19a0f 1 6989 7001 +edge_118_0_+disjointig_166_0_9943 1 6989 9943 -1 -1 6890 0.00207363
Chain
	Aln	555	+17cfab73-0455-4a48-ab17-00e00b4d0c57 12 1372 1382 -edge_278_0_+disjointig_93_0_9691 3440 4828 9691 -1 -1 1285 0.00123618
Chain
	Aln	554	-17cfab73-0455-4a48-ab17-00e00b4d0c57 9 1369 1382 +edge_278_0_+disjointig_93_0_9691 4862 6250 9691 -1 -1 1285 0.00123618
Chain
	Aln	378	+3aff286e-cf60-4a89-8414-a311da429553 233 6688 6699 +edge_190_0_+disjointig_210_0_6468 1 6458 6468 -1 -1 6354 0.00161759
Chain
	Aln	379	-3aff286e-cf60-4a89-8414-a311da429553 10 6465 6699 -edge_190_0_+disjointig_210_0_6468 9 6466 6468 -1 -1 6354 0.00161759
Chain
	Aln	567	+f7c50d5e-64b8-4645-9418-e264662317e2 7 1922 4911 -edge_284_3_-disjointig_27_13072_16662 1672 3589 3590 -1 -1 1902 0.00241775
Chain
	Aln	566	-f7c50d5e-64b8-4645-9418-e264662317e2 2988 4903 4911 +edge_284_3_-disjointig_27_13072_16662 0 1917 3590 -1 -1 1902 0.00241775
Chain
	Aln	3	+72e9749d-f42d-4ea6-8397-811a2d9f6001 7 1035 1044 -edge_2_0_+disjointig_10_0_15894 12753 13783 15894 -1 -1 1012 0.00141382
Chain
	Aln	2	-72e9749d-f42d-4ea6-8397-811a2d9f6001 8 1036 1044 +edge_2_0_+disjointig_10_0_15894 2110 3140 15894 -1 -1 1012 0.00141382
Chain
	Aln	466	+9171832b-8209-427f-9aa3-a3ca3efc6346 1304 3708 3711 +edge_234_0_+disjointig_5_0_14031 1273 3673 14031 -1 -1 2343 0.0042194
Chain
	Aln	467	-9171832b-8209-427f-9aa3-a3ca3efc6346 2 2406 3711 -edge_234_0_+disjointig_5_0_14031 10357 12757 14031 -1 -1 2343 0.0042194
Chain
	Aln	277	+6565308b-0701-4394-8ba9-6589dcacb87d 11 1011 1015 -edge_139_0_+disjointig_179_0_16477 7158 8158 16477 -1 -1 1000 0.00438346
Chain
	Aln	276	-6565308b-0701-4394-8ba9-6589dcacb87d 3 1003 1015 +edge_139_0_+disjointig_179_0_16477 8318 9318 16477 -1 -1 1000 0.00438346
Chain
	Aln	17	+8ca6c74b-0801-498f-8c73-494abd42e2c3 68 1321 5705 -edge_9_0_+disjointig_101_4382_5646 11 1263 1264 -1 -1 1242 0.000991276
	Aln	567	+8ca6c74b-0801-498f-8c73-494abd42e2c3 1330 4901 5705 -edge_284_3_-disjointig_27_13072_16662 8 3578 3590 -1 -1 3490 0.0036941
Chain
	Aln	566	-8ca6c74b-0801-498f-8c73-494abd42e2c3 803 4374 5705 +edge_284_3_-disjointig_27_13072_16662 11 3581 3590 -1 -1 3490 0.0036941
	Aln	16	-8ca6c74b-0801-498f-8c73-494abd42e2c3 4383 5636 5705 +edge_9_0_+disjointig_101_4382_5646 0 1252 1264 -1 -1 1242 0.000991276
Chain
	Aln	229	+242f51b3-8119-475e-99ba-8d85e16e396a 8 1272 1276 -edge_115_0_+disjointig_162_0_11767 6205 7467 11767 -1 -1 1230 0.00392871
Chain
	Aln	228	-242f51b3-8119-475e-99ba-8d85e16e396a 3 1267 1276 +edge_115_0_+disjointig_162_0_11767 4299 5561 11767 -1 -1 1230 0.00392871
Chain
	Aln	208	+f1667f1b-4381-4326-8caa-935c693e7df2 7 11576 11587 +edge_105_0_+disjointig_32_1042_12962 486 11910 11920 -1 -1 10479 0.00409941
Chain
	Aln	209	-f1667f1b-4381-4326-8caa-935c693e7df2 10 11579 11587 -edge_105_0_+disjointig_32_1042_12962 9 11433 11920 -1 -1 10479 0.00409941
Chain
	Aln	554	+8ccce794-2481-42b1-a408-d2c9b9cdc66a 9 3386 3834 +edge_278_0_+disjointig_93_0_9691 6267 9645 9691 -1 -1 3280 0.00189765
Chain
	Aln	555	-8ccce794-2481-42b1-a408-d2c9b9cdc66a 447 3824 3834 -edge_278_0_+disjointig_93_0_9691 45 3423 9691 -1 -1 3280 0.00189765
Chain
	Aln	549	+55acaa54-c029-4145-9ea9-6f2c23afb804 13 4641 4646 -edge_275_0_+disjointig_9_0_50887 40801 45427 50887 -1 -1 4538 0.00146873
Chain
	Aln	548	-55acaa54-c029-4145-9ea9-6f2c23afb804 4 4632 4646 +edge_275_0_+disjointig_9_0_50887 5459 10085 50887 -1 -1 4538 0.00146873
Chain
	Aln	340	+48a8ecbf-28b7-4aae-be11-7cfc05e0bc16 13 1180 1449 +edge_171_0_+disjointig_197_16178_18745 1389 2560 2567 -1 -1 1159 0.00460155
Chain
	Aln	341	-48a8ecbf-28b7-4aae-be11-7cfc05e0bc16 268 1435 1449 -edge_171_0_+disjointig_197_16178_18745 6 1177 2567 -1 -1 1159 0.00460155
Chain
	Aln	35	+ca05d489-1a38-49a3-89ac-e18fd8eb6ecb 4 1223 1231 -edge_18_0_+disjointig_106_0_22862 12514 13731 22862 -1 -1 1164 0.0040375
Chain
	Aln	34	-ca05d489-1a38-49a3-89ac-e18fd8eb6ecb 7 1226 1231 +edge_18_0_+disjointig_106_0_22862 9130 10347 22862 -1 -1 1164 0.0040375
Chain
	Aln	328	+33fb9430-5ad3-4250-97d0-d552548152c4 20 1170 1179 +edge_165_0_+disjointig_193_0_5709 2920 4069 5709 -1 -1 1146 0.00293987
Chain
	Aln	329	-33fb9430-5ad3-4250-97d0-d552548152c4 8 1158 1179 -edge_165_0_+disjointig_193_0_5709 1639 2788 5709 -1 -1 1146 0.00293987
Chain
	Aln	598	+a35c6a96-8743-4cb7-818e-6826497bb522 14 21320 21325 +edge_300_0_+disjointig_183_0_42239 6372 27669 42239 -1 -1 21027 0.00128505
Chain
	Aln	599	-a35c6a96-8743-4cb7-818e-6826497bb522 4 21310 21325 -edge_300_0_+disjointig_183_0_42239 14569 35866 42239 -1 -1 21027 0.00128505
Chain
	Aln	185	+12ab0adf-5b26-425d-8dfd-342d6321c7b0 9 1050 1086 -edge_93_0_+disjointig_146_0_5112 2730 3765 5112 -1 -1 1004 0.00401063
Chain
	Aln	184	-12ab0adf-5b26-425d-8dfd-342d6321c7b0 35 1076 1086 +edge_93_0_+disjointig_146_0_5112 1346 2381 5112 -1 -1 1004 0.00401063
Chain
	Aln	384	+bbf58c09-36e9-4d94-8724-c580165ce5b3 90 6365 6375 +edge_193_0_+disjointig_213_0_6288 2 6279 6288 -1 -1 6228 0.000526359
Chain
	Aln	385	-bbf58c09-36e9-4d94-8724-c580165ce5b3 9 6284 6375 -edge_193_0_+disjointig_213_0_6288 8 6285 6288 -1 -1 6228 0.000526359
Chain
	Aln	61	+f6ecd30a-01bc-4dd6-bfad-34795077b949 11 7302 7304 -edge_31_0_+disjointig_112_0_7290 10 7288 7290 -1 -1 7053 0.00300175
Chain
	Aln	60	-f6ecd30a-01bc-4dd6-bfad-34795077b949 1 7292 7304 +edge_31_0_+disjointig_112_0_7290 1 7279 7290 -1 -1 7053 0.00300175
Chain
	Aln	466	+afa12538-aa4f-4bd9-90dc-287cccd39d2f 12 3432 3436 +edge_234_0_+disjointig_5_0_14031 6766 10192 14031 -1 -1 3310 0.00474925
Chain
	Aln	467	-afa12538-aa4f-4bd9-90dc-287cccd39d2f 3 3423 3436 -edge_234_0_+disjointig_5_0_14031 3838 7264 14031 -1 -1 3310 0.00474925
Chain
	Aln	237	+7fc6ba1c-ef36-44d2-8671-de4686410d15 473 4857 4864 -edge_119_0_+disjointig_167_0_5742 17 4402 5742 -1 -1 4303 0.00239564
Chain
	Aln	236	-7fc6ba1c-ef36-44d2-8671-de4686410d15 6 4390 4864 +edge_119_0_+disjointig_167_0_5742 1339 5724 5742 -1 -1 4303 0.00239564
Chain
	Aln	133	+2628b11a-5045-43b3-a887-2e23b961ed06 7 1737 1760 -edge_67_0_+disjointig_132_0_16726 6739 8470 16726 -1 -1 1721 0.00177379
Chain
	Aln	132	-2628b11a-5045-43b3-a887-2e23b961ed06 22 1752 1760 +edge_67_0_+disjointig_132_0_16726 8255 9986 16726 -1 -1 1721 0.00177379
Chain
	Aln	457	+8ee84e02-d6d1-482f-9948-f96717e991ca 15 14239 14247 -edge_229_0_+disjointig_45_0_21421 14 14238 21421 -1 -1 14062 0.000793771
Chain
	Aln	456	-8ee84e02-d6d1-482f-9948-f96717e991ca 7 14231 14247 +edge_229_0_+disjointig_45_0_21421 7182 21406 21421 -1 -1 14062 0.000793771
Chain
	Aln	568	+d12ca1b7-f056-4de3-8712-9c72d65789d1 36 2446 2450 +edge_285_0_+disjointig_92_0_14753 5431 7845 14753 -1 -1 2369 0.00260509
Chain
	Aln	569	-d12ca1b7-f056-4de3-8712-9c72d65789d1 3 2413 2450 -edge_285_0_+disjointig_92_0_14753 6907 9321 14753 -1 -1 2369 0.00260509
Chain
	Aln	578	+e6b1fe46-7642-4a2a-8e87-4adc92c9081f 8 1144 1150 +edge_290_0_+disjointig_29_21894_25753 492 1624 3859 -1 -1 1087 0.00653296
Chain
	Aln	579	-e6b1fe46-7642-4a2a-8e87-4adc92c9081f 5 1141 1150 -edge_290_0_+disjointig_29_21894_25753 2234 3366 3859 -1 -1 1087 0.00653296
Chain
	Aln	325	+ea67f988-074c-4fe4-bc7e-3eb8ec381f34 18 5799 5801 -edge_163_0_+disjointig_191_0_5780 17 5778 5780 -1 -1 5529 0.00415424
Chain
	Aln	324	-ea67f988-074c-4fe4-bc7e-3eb8ec381f34 1 5782 5801 +edge_163_0_+disjointig_191_0_5780 1 5762 5780 -1 -1 5529 0.00415424
Chain
	Aln	564	+642727ef-4f15-46ce-9b48-cb4f7f335569 85 1552 1561 +edge_283_0_+disjointig_99_0_9289 1 1468 9289 -1 -1 1467 0
Chain
	Aln	565	-642727ef-4f15-46ce-9b48-cb4f7f335569 8 1475 1561 -edge_283_0_+disjointig_99_0_9289 7820 9287 9289 -1 -1 1467 0
Chain
	Aln	33	+f1632fce-a54a-46a3-b98c-4661635963a4 4 6291 6301 -edge_17_0_+disjointig_105_0_37204 5904 12208 37204 -1 -1 5964 0.00556566
Chain
	Aln	32	-f1632fce-a54a-46a3-b98c-4661635963a4 9 6296 6301 +edge_17_0_+disjointig_105_0_37204 24995 31299 37204 -1 -1 5964 0.00556566
Chain
	Aln	596	+67c8588b-1819-4bed-a6d4-49fd2d82d0d0 9 1349 1354 +edge_299_0_-disjointig_3_3692_21281 4160 5494 17589 -1 -1 1316 0.000373856
Chain
	Aln	597	-67c8588b-1819-4bed-a6d4-49fd2d82d0d0 4 1344 1354 -edge_299_0_-disjointig_3_3692_21281 12094 13428 17589 -1 -1 1316 0.000373856
Chain
	Aln	135	+439836e4-d5b7-4f4c-b3be-5fb80b23664b 3 5594 5607 -edge_68_0_+disjointig_133_0_30405 4211 9824 30405 -1 -1 5168 0.00545258
Chain
	Aln	134	-439836e4-d5b7-4f4c-b3be-5fb80b23664b 12 5603 5607 +edge_68_0_+disjointig_133_0_30405 20580 26193 30405 -1 -1 5168 0.00545258
Chain
	Aln	114	+8f66ef63-9e98-4024-b2ac-139ac28c29b8 11 2311 2315 +edge_58_0_+disjointig_123_0_14094 9439 11738 14094 -1 -1 2258 0.000467312
Chain
	Aln	115	-8f66ef63-9e98-4024-b2ac-139ac28c29b8 3 2303 2315 -edge_58_0_+disjointig_123_0_14094 2355 4654 14094 -1 -1 2258 0.000467312
Chain
	Aln	93	+8cb014c0-559f-47bf-94e2-6113e3178cf9 15 3320 3325 -edge_47_0_+disjointig_12_0_8990 14 3318 8990 -1 -1 3265 0.00304693
Chain
	Aln	92	-8cb014c0-559f-47bf-94e2-6113e3178cf9 4 3309 3325 +edge_47_0_+disjointig_12_0_8990 5671 8975 8990 -1 -1 3265 0.00304693
Chain
	Aln	548	+0fe2b615-3560-4df2-b84d-9b066c90629c 14 29018 29050 +edge_275_0_+disjointig_9_0_50887 21809 50854 50887 -1 -1 28235 0.00285513
Chain
	Aln	549	-0fe2b615-3560-4df2-b84d-9b066c90629c 31 29035 29050 -edge_275_0_+disjointig_9_0_50887 32 29077 50887 -1 -1 28235 0.00285513
Chain
	Aln	481	+930aecd6-9310-4902-b5c6-51ac0adc2f30 13 16988 16992 -edge_241_0_+disjointig_53_0_23045 12 16976 23045 -1 -1 16731 0.00101249
Chain
	Aln	480	-930aecd6-9310-4902-b5c6-51ac0adc2f30 3 16978 16992 +edge_241_0_+disjointig_53_0_23045 6068 23032 23045 -1 -1 16731 0.00101249
Chain
	Aln	619	+ebac75f4-0e58-47a4-a038-3c3989cf44d9 11 3224 3229 -edge_310_0_+disjointig_26_14870_67398 9030 12247 52528 -1 -1 3075 0.00487046
Chain
	Aln	618	-ebac75f4-0e58-47a4-a038-3c3989cf44d9 4 3217 3229 +edge_310_0_+disjointig_26_14870_67398 40280 43497 52528 -1 -1 3075 0.00487046
Chain
	Aln	620	+dadb29c0-c786-4a4f-8b8d-439960b63eec 9 4024 4927 +edge_311_0_-disjointig_75_0_18849 12181 16196 18849 -1 -1 3972 0.00128516
Chain
	Aln	621	-dadb29c0-c786-4a4f-8b8d-439960b63eec 902 4917 4927 -edge_311_0_-disjointig_75_0_18849 2652 6667 18849 -1 -1 3972 0.00128516
Chain
	Aln	449	+bc0461cb-41e3-4fdb-84e0-01684eb39cba 11 2504 2506 -edge_225_0_+disjointig_40_0_20039 7484 9981 20039 -1 -1 2422 0.00238402
Chain
	Aln	448	-bc0461cb-41e3-4fdb-84e0-01684eb39cba 1 2494 2506 +edge_225_0_+disjointig_40_0_20039 10057 12554 20039 -1 -1 2422 0.00238402
Chain
	Aln	555	+e18c7eae-571f-46a6-92ff-d3e8f97ced09 7 1023 1028 -edge_278_0_+disjointig_93_0_9691 3012 4028 9691 -1 -1 1016 0
Chain
	Aln	554	-e18c7eae-571f-46a6-92ff-d3e8f97ced09 4 1020 1028 +edge_278_0_+disjointig_93_0_9691 5662 6678 9691 -1 -1 1016 0
Chain
	Aln	192	+05366041-e14c-4117-a757-4e8d22c34740 2 11562 11570 +edge_97_0_+disjointig_148_0_17767 2 11585 17767 -1 -1 10379 0.00851363
Chain
	Aln	193	-05366041-e14c-4117-a757-4e8d22c34740 7 11567 11570 -edge_97_0_+disjointig_148_0_17767 6181 17764 17767 -1 -1 10379 0.00851363
Chain
	Aln	215	+cd91a9cc-71cb-4016-8e1b-0d3f90cb5c2d 10 3041 3044 -edge_108_0_+disjointig_156_0_10218 9 3038 10218 -1 -1 2993 0.00247495
Chain
	Aln	214	-cd91a9cc-71cb-4016-8e1b-0d3f90cb5c2d 2 3033 3044 +edge_108_0_+disjointig_156_0_10218 7179 10208 10218 -1 -1 2993 0.00247495
Chain
	Aln	34	+b143bb72-7b15-41ed-8c2f-e0e4c5e5668b 4 1854 1861 +edge_18_0_+disjointig_106_0_22862 7349 9202 22862 -1 -1 1815 0.00203207
Chain
	Aln	35	-b143bb72-7b15-41ed-8c2f-e0e4c5e5668b 6 1856 1861 -edge_18_0_+disjointig_106_0_22862 13659 15512 22862 -1 -1 1815 0.00203207
Chain
	Aln	171	+08938006-af21-412a-92fb-2b1fcd3985eb 7 3857 3860 -edge_86_0_+disjointig_139_0_5504 1661 5501 5504 -1 -1 3679 0.00565209
Chain
	Aln	170	-08938006-af21-412a-92fb-2b1fcd3985eb 2 3852 3860 +edge_86_0_+disjointig_139_0_5504 2 3842 5504 -1 -1 3679 0.00565209
Chain
	Aln	389	+560307ae-2cdf-4650-a29a-9380848105c3 1 1255 1278 -edge_195_0_+disjointig_215_0_10725 6143 7396 10725 -1 -1 1253 0
Chain
	Aln	388	-560307ae-2cdf-4650-a29a-9380848105c3 22 1276 1278 +edge_195_0_+disjointig_215_0_10725 3328 4581 10725 -1 -1 1253 0
Chain
	Aln	225	+ebc16ca3-6bdc-4e59-aa60-14a44ae325da 13 4633 5345 -edge_113_0_+disjointig_160_0_4630 12 4629 4630 -1 -1 4593 0.000509253
Chain
	Aln	224	-ebc16ca3-6bdc-4e59-aa60-14a44ae325da 711 5331 5345 +edge_113_0_+disjointig_160_0_4630 0 4617 4630 -1 -1 4593 0.000509253
Chain
	Aln	532	+ff4c3108-69af-479c-babc-47ab79fbeb08 11 6851 6853 +edge_267_0_+disjointig_81_0_35154 2900 9741 35154 -1 -1 6826 9.66217e-06
Chain
	Aln	533	-ff4c3108-69af-479c-babc-47ab79fbeb08 1 6841 6853 -edge_267_0_+disjointig_81_0_35154 25412 32253 35154 -1 -1 6826 9.66217e-06
Chain
	Aln	373	+bf779940-c6ed-4ade-969a-bc36a4465f12 6 3734 10323 -edge_187_0_+disjointig_207_0_4510 652 4377 4510 -1 -1 3702 0.00121182
Chain
	Aln	17	+bf779940-c6ed-4ade-969a-bc36a4465f12 5833 7092 10323 -edge_9_3_-disjointig_27_16662_17955 34 1292 1293 -1 -1 1234 0.002069
	Aln	567	+bf779940-c6ed-4ade-969a-bc36a4465f12 7101 10316 10323 -edge_284_3_-disjointig_27_13072_16662 8 3388 3590 -1 -1 2423 0.0178045
Chain
	Aln	372	-bf779940-c6ed-4ade-969a-bc36a4465f12 6588 10316 10323 +edge_187_0_+disjointig_207_0_4510 132 3857 4510 -1 -1 3702 0.00121182
Chain
	Aln	566	-bf779940-c6ed-4ade-969a-bc36a4465f12 6 3221 10323 +edge_284_3_-disjointig_27_13072_16662 201 3581 3590 -1 -1 2423 0.0178045
	Aln	16	-bf779940-c6ed-4ade-969a-bc36a4465f12 3230 4489 10323 +edge_9_3_-disjointig_27_16662_17955 0 1258 1293 -1 -1 1234 0.002069
Chain
	Aln	334	+a23bd432-fcb4-4c16-87a7-61f425b9d6b5 11 1528 1533 +edge_168_0_+disjointig_196_0_6041 3786 5308 6041 -1 -1 1381 0.0116455
Chain
	Aln	335	-a23bd432-fcb4-4c16-87a7-61f425b9d6b5 4 1521 1533 -edge_168_0_+disjointig_196_0_6041 732 2254 6041 -1 -1 1381 0.0116455
Chain
	Aln	415	+8699e449-bdf8-4941-89cd-1440a3115660 11 3092 3095 -edge_208_0_+disjointig_221_0_7062 10 3097 7062 -1 -1 2999 0.000820456
Chain
	Aln	414	-8699e449-bdf8-4941-89cd-1440a3115660 2 3083 3095 +edge_208_0_+disjointig_221_0_7062 3964 7051 7062 -1 -1 2999 0.000820456
Chain
	Aln	546	+1d6f2795-7ccf-4bb1-9dbe-45309133f006 11 5834 5836 +edge_274_0_+disjointig_89_0_12448 6604 12427 12448 -1 -1 5779 0.00118094
Chain
	Aln	547	-1d6f2795-7ccf-4bb1-9dbe-45309133f006 1 5824 5836 -edge_274_0_+disjointig_89_0_12448 20 5843 12448 -1 -1 5779 0.00118094
Chain
	Aln	22	+5f0cb79a-ce61-44b0-99c0-7b4e76c6d2a5 11 6752 6984 +edge_12_0_+disjointig_115_15938_24273 1589 8329 8335 -1 -1 6643 0.00166762
Chain
	Aln	23	-5f0cb79a-ce61-44b0-99c0-7b4e76c6d2a5 231 6972 6984 -edge_12_0_+disjointig_115_15938_24273 5 6745 8335 -1 -1 6643 0.00166762
Chain
	Aln	499	+fde7d914-75e3-4c40-9d79-926264130372 48 5565 5570 -edge_250_0_+disjointig_65_0_6621 47 5557 6621 -1 -1 5408 0.0020721
Chain
	Aln	498	-fde7d914-75e3-4c40-9d79-926264130372 4 5521 5570 +edge_250_0_+disjointig_65_0_6621 1063 6573 6621 -1 -1 5408 0.0020721
Chain
	Aln	619	+5a580c44-da89-40b6-8b32-9a094d37d92a 1 1381 1386 -edge_310_0_+disjointig_26_14870_67398 16986 18368 52528 -1 -1 1377 0.00170312
Chain
	Aln	618	-5a580c44-da89-40b6-8b32-9a094d37d92a 4 1384 1386 +edge_310_0_+disjointig_26_14870_67398 34159 35541 52528 -1 -1 1377 0.00170312
Chain
	Aln	498	+cf573613-c963-471c-a1c1-f8a48f2bb0b5 8 5547 5551 +edge_250_0_+disjointig_65_0_6621 1047 6598 6621 -1 -1 5452 0.00200791
Chain
	Aln	499	-cf573613-c963-471c-a1c1-f8a48f2bb0b5 3 5542 5551 -edge_250_0_+disjointig_65_0_6621 22 5573 6621 -1 -1 5452 0.00200791
Chain
	Aln	16	+34b97a73-97b6-481b-a47e-b9cb395def1d 455 1732 6071 +edge_9_2_+disjointig_115_14645_15938 9 1286 1293 -1 -1 1258 0.00158212
Chain
	Aln	17	-34b97a73-97b6-481b-a47e-b9cb395def1d 4338 5615 6071 -edge_9_2_+disjointig_115_14645_15938 6 1283 1293 -1 -1 1258 0.00158212
Chain
	Aln	547	+d97cbbb6-80ef-4146-872e-eeece5c7a611 12 5825 5829 -edge_274_0_+disjointig_89_0_12448 11 5832 12448 -1 -1 5750 0.00167548
Chain
	Aln	546	-d97cbbb6-80ef-4146-872e-eeece5c7a611 3 5816 5829 +edge_274_0_+disjointig_89_0_12448 6615 12436 12448 -1 -1 5750 0.00167548
Chain
	Aln	335	+c6426837-a1ff-479f-a2ee-e480367a592d 2 1524 1537 -edge_168_0_+disjointig_196_0_6041 710 2233 6041 -1 -1 1478 0.00254211
Chain
	Aln	334	-c6426837-a1ff-479f-a2ee-e480367a592d 12 1534 1537 +edge_168_0_+disjointig_196_0_6041 3807 5330 6041 -1 -1 1478 0.00254211
Chain
	Aln	533	+950e8754-7a4f-4312-b2be-1a2b5092d9ca 15 5353 5362 -edge_267_0_+disjointig_81_0_35154 19028 24368 35154 -1 -1 5237 0.00511715
Chain
	Aln	532	-950e8754-7a4f-4312-b2be-1a2b5092d9ca 8 5346 5362 +edge_267_0_+disjointig_81_0_35154 10785 16125 35154 -1 -1 5237 0.00511715
Chain
	Aln	420	+11a73c5d-baa2-40ee-8331-f18a022bcbc1 8 8277 8283 +edge_211_0_+disjointig_224_0_21383 13110 21378 21383 -1 -1 8198 0.00101757
Chain
	Aln	421	-11a73c5d-baa2-40ee-8331-f18a022bcbc1 5 8274 8283 -edge_211_0_+disjointig_224_0_21383 4 8272 21383 -1 -1 8198 0.00101757
Chain
	Aln	618	+bbc5c437-97a5-4189-88d4-7263f811d01b 8 2358 2363 +edge_310_0_+disjointig_26_14870_67398 31204 33553 52528 -1 -1 2328 0.00144821
Chain
	Aln	619	-bbc5c437-97a5-4189-88d4-7263f811d01b 4 2354 2363 -edge_310_0_+disjointig_26_14870_67398 18974 21323 52528 -1 -1 2328 0.00144821
Chain
	Aln	98	+a491a526-3be1-44f1-8ead-b68d7204f62f 8 5159 5164 +edge_50_0_-disjointig_20_27042_46521 14324 19475 19479 -1 -1 5123 0.000974484
Chain
	Aln	99	-a491a526-3be1-44f1-8ead-b68d7204f62f 4 5155 5164 -edge_50_0_-disjointig_20_27042_46521 3 5154 19479 -1 -1 5123 0.000974484
Chain
	Aln	511	+fbb13e63-9449-4ebc-a47f-c345fefc459b 13 2802 2868 -edge_256_0_+disjointig_72_0_15554 2768 5569 15554 -1 -1 2741 0
Chain
	Aln	510	-fbb13e63-9449-4ebc-a47f-c345fefc459b 65 2854 2868 +edge_256_0_+disjointig_72_0_15554 9984 12785 15554 -1 -1 2741 0
Chain
	Aln	493	+c7d84af0-3b0b-4766-91e2-e7b6de93fb99 8 2410 2413 -edge_247_0_+disjointig_6_0_23019 16993 19401 23019 -1 -1 2282 0.00402742
Chain
	Aln	492	-c7d84af0-3b0b-4766-91e2-e7b6de93fb99 2 2404 2413 +edge_247_0_+disjointig_6_0_23019 3617 6025 23019 -1 -1 2282 0.00402742
Chain
	Aln	127	+4f43c0e7-a71e-4861-9dc0-3a6f0ecfa683 8 4717 4739 -edge_64_0_+disjointig_13_0_24381 770 5476 24381 -1 -1 4579 0.00270576
Chain
	Aln	126	-4f43c0e7-a71e-4861-9dc0-3a6f0ecfa683 21 4730 4739 +edge_64_0_+disjointig_13_0_24381 18904 23610 24381 -1 -1 4579 0.00270576
Chain
	Aln	117	+7fc60547-c568-4782-b8e4-02dc95df6fb9 6 5559 5561 -edge_59_0_+disjointig_124_0_25305 19744 25303 25305 -1 -1 5489 0.00167008
Chain
	Aln	116	-7fc60547-c568-4782-b8e4-02dc95df6fb9 1 5554 5561 +edge_59_0_+disjointig_124_0_25305 1 5560 25305 -1 -1 5489 0.00167008
Chain
	Aln	530	+b886838f-d26e-4b72-b5e1-f368827b7db1 11 4443 4446 +edge_266_0_+disjointig_80_0_16580 1979 6412 16580 -1 -1 4261 0.00499832
Chain
	Aln	531	-b886838f-d26e-4b72-b5e1-f368827b7db1 2 4434 4446 -edge_266_0_+disjointig_80_0_16580 10167 14600 16580 -1 -1 4261 0.00499832
Chain
	Aln	386	+9f2a7b9a-db78-4a0e-b554-0d3afb31121d 1 8322 8327 +edge_194_0_+disjointig_214_0_17837 1 8323 17837 -1 -1 8168 0.00191556
Chain
	Aln	387	-9f2a7b9a-db78-4a0e-b554-0d3afb31121d 4 8325 8327 -edge_194_0_+disjointig_214_0_17837 9513 17835 17837 -1 -1 8168 0.00191556
Chain
	Aln	508	+70e9557e-4d84-4f83-b070-2ebc4c8e0884 4 14107 14115 +edge_255_0_+disjointig_71_0_27902 13796 27895 27902 -1 -1 14019 0.000500034
Chain
	Aln	509	-70e9557e-4d84-4f83-b070-2ebc4c8e0884 7 14110 14115 -edge_255_0_+disjointig_71_0_27902 6 14105 27902 -1 -1 14019 0.000500034
Chain
	Aln	287	+363f72b4-08b1-4640-9d15-660a42d174c7 7 1210 5217 -edge_144_0_+disjointig_180_0_22896 10556 11757 22896 -1 -1 1155 0.00354654
Chain
	Aln	286	-363f72b4-08b1-4640-9d15-660a42d174c7 4006 5209 5217 +edge_144_0_+disjointig_180_0_22896 11138 12339 22896 -1 -1 1155 0.00354654
Chain
	Aln	471	+35835b31-1754-4a73-ad80-13fa9a5b458d 23 5600 5606 -edge_236_0_+disjointig_51_0_49461 40661 46232 49461 -1 -1 5327 0.00507409
Chain
	Aln	470	-35835b31-1754-4a73-ad80-13fa9a5b458d 5 5582 5606 +edge_236_0_+disjointig_51_0_49461 3228 8799 49461 -1 -1 5327 0.00507409
Chain
	Aln	62	+bca1f6a0-ca65-408e-a547-14fa6613f185 0 1840 1851 +edge_32_0_+disjointig_113_0_6823 1117 2929 6823 -1 -1 1712 0.00653852
Chain
	Aln	63	-bca1f6a0-ca65-408e-a547-14fa6613f185 10 1850 1851 -edge_32_0_+disjointig_113_0_6823 3893 5705 6823 -1 -1 1712 0.00653852
Chain
	Aln	470	+30a1c4a2-b844-44e7-9b83-7937ffc5c309 24 3420 3429 +edge_236_0_+disjointig_51_0_49461 24402 27803 49461 -1 -1 3236 0.00694727
Chain
	Aln	471	-30a1c4a2-b844-44e7-9b83-7937ffc5c309 8 3404 3429 -edge_236_0_+disjointig_51_0_49461 21657 25058 49461 -1 -1 3236 0.00694727
Chain
	Aln	572	+e263fc02-e556-400a-a0ea-2d10bd7ef46d 5 1326 1337 +edge_287_0_+disjointig_118_0_19552 11130 12448 19552 -1 -1 1272 0.00624905
Chain
	Aln	573	-e263fc02-e556-400a-a0ea-2d10bd7ef46d 10 1331 1337 -edge_287_0_+disjointig_118_0_19552 7103 8421 19552 -1 -1 1272 0.00624905
Chain
	Aln	480	+bc01302a-8c4f-46e1-b450-4960e8fb0e0c 8 1645 1650 +edge_241_0_+disjointig_53_0_23045 12009 13646 23045 -1 -1 1559 0.00546625
Chain
	Aln	481	-bc01302a-8c4f-46e1-b450-4960e8fb0e0c 4 1641 1650 -edge_241_0_+disjointig_53_0_23045 9398 11035 23045 -1 -1 1559 0.00546625
Chain
	Aln	617	+26cb18e4-3ce6-4db8-8882-bdbb40fd3a70 3 7395 7398 -edge_309_0_+disjointig_24_7647_16416 176 7614 8769 -1 -1 7233 0.00246543
Chain
	Aln	616	-26cb18e4-3ce6-4db8-8882-bdbb40fd3a70 2 7394 7398 +edge_309_0_+disjointig_24_7647_16416 1154 8592 8769 -1 -1 7233 0.00246543
Chain
	Aln	201	+2c06f6a2-3d3b-43bb-85ef-36a02f63ffc6 16 4420 5381 -edge_101_0_+disjointig_152_0_16051 15 4420 16051 -1 -1 4377 0.000839193
Chain
	Aln	200	-2c06f6a2-3d3b-43bb-85ef-36a02f63ffc6 960 5364 5381 +edge_101_0_+disjointig_152_0_16051 11630 16035 16051 -1 -1 4377 0.000839193
Chain
	Aln	389	+a2596361-a266-4a18-9fb5-0654ee980cb5 17 5475 5484 -edge_195_0_+disjointig_215_0_10725 16 5369 10725 -1 -1 4632 0.012409
Chain
	Aln	388	-a2596361-a266-4a18-9fb5-0654ee980cb5 8 5466 5484 +edge_195_0_+disjointig_215_0_10725 5355 10708 10725 -1 -1 4632 0.012409
Chain
	Aln	445	+b9c13441-6b16-4689-854d-023a4df0ce47 4 3002 4124 -edge_223_0_+disjointig_39_0_5521 2522 5520 5521 -1 -1 2983 0
Chain
	Aln	444	-b9c13441-6b16-4689-854d-023a4df0ce47 1121 4119 4124 +edge_223_0_+disjointig_39_0_5521 0 2998 5521 -1 -1 2983 0
Chain
	Aln	35	+da51057c-1e5f-44ad-80b3-9209ea69d636 11 5774 5782 -edge_18_0_+disjointig_106_0_22862 10 5768 22862 -1 -1 5616 0.00360991
Chain
	Aln	34	-da51057c-1e5f-44ad-80b3-9209ea69d636 7 5770 5782 +edge_18_0_+disjointig_106_0_22862 17093 22851 22862 -1 -1 5616 0.00360991
Chain
	Aln	66	+4132d1b2-a797-44fd-ad08-fd7b81e6a9c9 9 2966 2970 +edge_34_0_+disjointig_116_0_15228 4806 7763 15228 -1 -1 2957 0.000464473
Chain
	Aln	67	-4132d1b2-a797-44fd-ad08-fd7b81e6a9c9 3 2960 2970 -edge_34_0_+disjointig_116_0_15228 7464 10421 15228 -1 -1 2957 0.000464473
Chain
	Aln	243	+557cabfb-1a7a-4144-9918-1380381178ef 13 5918 5920 -edge_122_0_+disjointig_17_0_27131 21201 27129 27131 -1 -1 5019 0.0174891
Chain
	Aln	242	-557cabfb-1a7a-4144-9918-1380381178ef 1 5906 5920 +edge_122_0_+disjointig_17_0_27131 1 5929 27131 -1 -1 5019 0.0174891
Chain
	Aln	596	+572dda9d-89a6-4a83-93b0-1d3ee8acb93b 7 5514 5518 +edge_299_0_-disjointig_3_3692_21281 2661 8164 17589 -1 -1 5477 0.000281159
Chain
	Aln	597	-572dda9d-89a6-4a83-93b0-1d3ee8acb93b 3 5510 5518 -edge_299_0_-disjointig_3_3692_21281 9424 14927 17589 -1 -1 5477 0.000281159
Chain
	Aln	34	+07f69bd3-b234-4203-bf46-12c5a3e2958a 18 5762 5772 +edge_18_0_+disjointig_106_0_22862 17083 22828 22862 -1 -1 5730 0.00130591
Chain
	Aln	35	-07f69bd3-b234-4203-bf46-12c5a3e2958a 9 5753 5772 -edge_18_0_+disjointig_106_0_22862 33 5778 22862 -1 -1 5730 0.00130591
Chain
	Aln	377	+b96b97fa-9843-426b-867f-728eba0ac062 11 6296 6306 -edge_189_0_+disjointig_21_0_14470 5689 11978 14470 -1 -1 6032 0.00463744
Chain
	Aln	376	-b96b97fa-9843-426b-867f-728eba0ac062 9 6294 6306 +edge_189_0_+disjointig_21_0_14470 2491 8780 14470 -1 -1 6032 0.00463744
Chain
	Aln	504	+4ce26829-5c05-4f18-97b0-adcc7ecf43d9 11 1284 1287 +edge_253_0_+disjointig_69_0_13671 6519 7792 13671 -1 -1 1192 0.0110345
Chain
	Aln	505	-4ce26829-5c05-4f18-97b0-adcc7ecf43d9 2 1275 1287 -edge_253_0_+disjointig_69_0_13671 5878 7151 13671 -1 -1 1192 0.0110345
Chain
	Aln	94	+195e1b1f-a2b9-4158-8fdb-4b3661e712e7 10 2705 2713 +edge_48_0_+disjointig_120_0_12549 7857 10550 12549 -1 -1 2649 0.000824335
Chain
	Aln	95	-195e1b1f-a2b9-4158-8fdb-4b3661e712e7 7 2702 2713 -edge_48_0_+disjointig_120_0_12549 1998 4691 12549 -1 -1 2649 0.000824335
Chain
	Aln	463	+82351dd1-b6d2-4b4f-ab64-9ae18c1755b8 14 3205 3207 -edge_232_0_+disjointig_48_0_3217 13 3215 3217 -1 -1 3071 0.0035082
Chain
	Aln	462	-82351dd1-b6d2-4b4f-ab64-9ae18c1755b8 1 3192 3207 +edge_232_0_+disjointig_48_0_3217 1 3203 3217 -1 -1 3071 0.0035082
Chain
	Aln	531	+71115f3c-ed20-43d0-80f6-ae78740e7dd9 21 2124 2128 -edge_266_0_+disjointig_80_0_16580 11416 13525 16580 -1 -1 2083 0
Chain
	Aln	530	-71115f3c-ed20-43d0-80f6-ae78740e7dd9 3 2106 2128 +edge_266_0_+disjointig_80_0_16580 3054 5163 16580 -1 -1 2083 0
Chain
	Aln	33	+11de41f4-c148-4668-a58b-2778b017c305 11 12690 12693 -edge_17_0_+disjointig_105_0_37204 19002 31686 37204 -1 -1 12463 0.00163076
Chain
	Aln	32	-11de41f4-c148-4668-a58b-2778b017c305 2 12681 12693 +edge_17_0_+disjointig_105_0_37204 5517 18201 37204 -1 -1 12463 0.00163076
Chain
	Aln	471	+12eacc51-a938-447b-afd4-71a063a24f39 3 2316 2356 -edge_236_0_+disjointig_51_0_49461 39037 41343 49461 -1 -1 2230 0.00268022
Chain
	Aln	470	-12eacc51-a938-447b-afd4-71a063a24f39 39 2352 2356 +edge_236_0_+disjointig_51_0_49461 8117 10423 49461 -1 -1 2230 0.00268022
Chain
	Aln	110	+83a918bc-38b1-4ed7-98f1-911fd2f7ce54 1611 5312 5316 +edge_56_0_+disjointig_121_0_39451 25176 28856 39451 -1 -1 3405 0.00717008
Chain
	Aln	111	-83a918bc-38b1-4ed7-98f1-911fd2f7ce54 3 3704 5316 -edge_56_0_+disjointig_121_0_39451 10594 14274 39451 -1 -1 3405 0.00717008
Chain
	Aln	460	+1cbfaf0c-78e8-4ccd-83c6-595c849c3ebb 10 1479 1485 +edge_231_0_+disjointig_47_0_14578 4560 6029 14578 -1 -1 1451 0
Chain
	Aln	461	-1cbfaf0c-78e8-4ccd-83c6-595c849c3ebb 5 1474 1485 -edge_231_0_+disjointig_47_0_14578 8548 10017 14578 -1 -1 1451 0
Chain
	Aln	99	+b2fc4396-3110-4d62-92d2-72927a7eee33 4 1464 1477 -edge_50_0_-disjointig_20_27042_46521 16118 17579 19479 -1 -1 1422 0.00283381
Chain
	Aln	98	-b2fc4396-3110-4d62-92d2-72927a7eee33 12 1472 1477 +edge_50_0_-disjointig_20_27042_46521 1899 3360 19479 -1 -1 1422 0.00283381
Chain
	Aln	461	+458cb819-dd86-4d8f-82de-8baa6619869a 14 6236 6239 -edge_231_0_+disjointig_47_0_14578 13 6234 14578 -1 -1 6143 0.0017584
Chain
	Aln	460	-458cb819-dd86-4d8f-82de-8baa6619869a 2 6224 6239 +edge_231_0_+disjointig_47_0_14578 8343 14564 14578 -1 -1 6143 0.0017584
Chain
	Aln	495	+cc7424e2-4fc1-45f6-ad86-8ec1c350ee14 30 1442 1793 -edge_248_0_+disjointig_60_0_12385 10972 12384 12385 -1 -1 1412 0.000130963
Chain
	Aln	494	-cc7424e2-4fc1-45f6-ad86-8ec1c350ee14 350 1762 1793 +edge_248_0_+disjointig_60_0_12385 0 1412 12385 -1 -1 1412 0.000130963
Chain
	Aln	494	+34c95a99-67a8-4558-aa87-faab966820b1 373 1784 1794 +edge_248_0_+disjointig_60_0_12385 2 1412 12385 -1 -1 1410 0.000785434
Chain
	Aln	495	-34c95a99-67a8-4558-aa87-faab966820b1 9 1420 1794 -edge_248_0_+disjointig_60_0_12385 10972 12382 12385 -1 -1 1410 0.000785434
Chain
	Aln	513	+0f38e7aa-6c0f-41cb-b44a-a2b1dcb3ce51 10 8819 8829 -edge_257_0_+disjointig_73_0_22764 4509 13325 22764 -1 -1 8579 0.00151884
Chain
	Aln	512	-0f38e7aa-6c0f-41cb-b44a-a2b1dcb3ce51 9 8818 8829 +edge_257_0_+disjointig_73_0_22764 9438 18254 22764 -1 -1 8579 0.00151884
Chain
	Aln	533	+997c7fd3-4e66-4db8-b245-92314219262e 13 2409 2419 -edge_267_0_+disjointig_81_0_35154 2095 4491 35154 -1 -1 2337 0.00258853
Chain
	Aln	532	-997c7fd3-4e66-4db8-b245-92314219262e 9 2405 2419 +edge_267_0_+disjointig_81_0_35154 30662 33058 35154 -1 -1 2337 0.00258853
Chain
	Aln	432	+5702acb6-a803-407d-af38-7b7171393247 11 2691 2696 +edge_217_0_+disjointig_30_0_22207 17028 19713 22207 -1 -1 2587 0.00557963
Chain
	Aln	433	-5702acb6-a803-407d-af38-7b7171393247 4 2684 2696 -edge_217_0_+disjointig_30_0_22207 2493 5178 22207 -1 -1 2587 0.00557963
Chain
	Aln	365	+f28ba2fd-4bf9-4657-bb0b-40aece4ac015 14 1018 1025 -edge_183_0_+disjointig_203_0_8381 4867 5871 8381 -1 -1 995 0
Chain
	Aln	364	-f28ba2fd-4bf9-4657-bb0b-40aece4ac015 6 1010 1025 +edge_183_0_+disjointig_203_0_8381 2509 3513 8381 -1 -1 995 0
Chain
	Aln	553	+88b42ecb-cdb2-4c6b-a6e0-fe4a099553ad 12 2140 2144 -edge_277_0_+disjointig_91_0_11256 705 2832 11256 -1 -1 2090 0.00204538
Chain
	Aln	552	-88b42ecb-cdb2-4c6b-a6e0-fe4a099553ad 3 2131 2144 +edge_277_0_+disjointig_91_0_11256 8423 10550 11256 -1 -1 2090 0.00204538
Chain
	Aln	222	+85de3359-5b28-474e-9c42-196a3dd47991 3 7299 7302 +edge_112_0_+disjointig_16_0_19673 24 7325 19673 -1 -1 7212 0.000692344
Chain
	Aln	223	-85de3359-5b28-474e-9c42-196a3dd47991 2 7298 7302 -edge_112_0_+disjointig_16_0_19673 12347 19648 19673 -1 -1 7212 0.000692344
Chain
	Aln	517	+e03618ac-ca3b-4e14-9d1b-c4d0c2ce217e 11 1258 3163 -edge_259_0_+disjointig_74_1902_3556 409 1653 1654 -1 -1 1221 0.002585
	Aln	515	+e03618ac-ca3b-4e14-9d1b-c4d0c2ce217e 1270 2659 3163 -edge_258_0_+disjointig_74_503_1902 11 1398 1399 -1 -1 1348 0.0039695
Chain
	Aln	514	-e03618ac-ca3b-4e14-9d1b-c4d0c2ce217e 503 1892 3163 +edge_258_0_+disjointig_74_503_1902 0 1387 1399 -1 -1 1348 0.0039695
	Aln	516	-e03618ac-ca3b-4e14-9d1b-c4d0c2ce217e 1904 3151 3163 +edge_259_0_+disjointig_74_1902_3556 0 1244 1654 -1 -1 1221 0.002585
Chain
	Aln	466	+90821883-7f15-43b6-9694-bf5644d5cf6e 16 5151 6604 +edge_234_0_+disjointig_5_0_14031 8871 14007 14031 -1 -1 4970 0.00383032
Chain
	Aln	467	-90821883-7f15-43b6-9694-bf5644d5cf6e 1452 6587 6604 -edge_234_0_+disjointig_5_0_14031 23 5159 14031 -1 -1 4970 0.00383032
Chain
	Aln	550	+516eaa03-cb80-43fa-ac94-4c603b068622 5 1096 1104 +edge_276_0_+disjointig_90_0_9159 7246 8337 9159 -1 -1 1091 0
Chain
	Aln	551	-516eaa03-cb80-43fa-ac94-4c603b068622 7 1098 1104 -edge_276_0_+disjointig_90_0_9159 821 1912 9159 -1 -1 1091 0
Chain
	Aln	174	+42ed9494-94ed-4296-aa8a-f38aea2cfda7 15 7749 7752 +edge_88_0_+disjointig_140_0_12110 2903 10633 12110 -1 -1 7678 0.00191484
Chain
	Aln	175	-42ed9494-94ed-4296-aa8a-f38aea2cfda7 2 7736 7752 -edge_88_0_+disjointig_140_0_12110 1476 9206 12110 -1 -1 7678 0.00191484
Chain
	Aln	584	+0baf9434-8b46-49e0-b4cb-5508e3cca243 14 3002 3007 +edge_293_0_+disjointig_147_0_35029 26171 29162 35029 -1 -1 2965 0.000915836
Chain
	Aln	585	-0baf9434-8b46-49e0-b4cb-5508e3cca243 4 2992 3007 -edge_293_0_+disjointig_147_0_35029 5866 8857 35029 -1 -1 2965 0.000915836
Chain
	Aln	526	+180e32d0-f684-4667-87ac-c7c67db1e27f 10 3308 3316 +edge_264_0_+disjointig_79_0_13527 2995 6340 13527 -1 -1 3081 0.00727545
Chain
	Aln	527	-180e32d0-f684-4667-87ac-c7c67db1e27f 7 3305 3316 -edge_264_0_+disjointig_79_0_13527 7186 10531 13527 -1 -1 3081 0.00727545
Chain
	Aln	527	+8813e012-a881-43b2-bd22-9310eae61d22 10 3355 3357 -edge_264_0_+disjointig_79_0_13527 7168 10520 13527 -1 -1 3252 0.00254643
Chain
	Aln	526	-8813e012-a881-43b2-bd22-9310eae61d22 1 3346 3357 +edge_264_0_+disjointig_79_0_13527 3006 6358 13527 -1 -1 3252 0.00254643
Chain
	Aln	548	+85f8210a-6f42-42cc-b75d-d77e273c0481 10 2796 2802 +edge_275_0_+disjointig_9_0_50887 43634 46419 50887 -1 -1 2773 0.000498915
Chain
	Aln	549	-85f8210a-6f42-42cc-b75d-d77e273c0481 5 2791 2802 -edge_275_0_+disjointig_9_0_50887 4467 7252 50887 -1 -1 2773 0.000498915
Chain
	Aln	526	+2a2c8f70-b096-4589-896a-9cb61f94fe1c 4839 18247 18253 +edge_264_0_+disjointig_79_0_13527 2 13522 13527 -1 -1 12192 0.00838462
Chain
	Aln	527	-2a2c8f70-b096-4589-896a-9cb61f94fe1c 5 13413 18253 -edge_264_0_+disjointig_79_0_13527 4 13524 13527 -1 -1 12192 0.00838462
Chain
	Aln	471	+10e67df4-8ba1-47ab-b7e3-0fb0d16542a9 17 1636 1642 -edge_236_0_+disjointig_51_0_49461 46945 48564 49461 -1 -1 1582 0.000815581
Chain
	Aln	470	-10e67df4-8ba1-47ab-b7e3-0fb0d16542a9 5 1624 1642 +edge_236_0_+disjointig_51_0_49461 896 2515 49461 -1 -1 1582 0.000815581
Chain
	Aln	573	+d2b224cc-4fc6-4978-bd64-fe3c8a3f1ef4 7 1340 1345 -edge_287_0_+disjointig_118_0_19552 11494 12848 19552 -1 -1 1279 0.0058158
Chain
	Aln	572	-d2b224cc-4fc6-4978-bd64-fe3c8a3f1ef4 4 1337 1345 +edge_287_0_+disjointig_118_0_19552 6703 8057 19552 -1 -1 1279 0.0058158
Chain
	Aln	469	+7c7aa840-99f2-4d62-9c17-aadc42b8c010 13 2717 2720 -edge_235_0_+disjointig_50_0_2719 12 2716 2719 -1 -1 2696 0.000776376
Chain
	Aln	468	-7c7aa840-99f2-4d62-9c17-aadc42b8c010 2 2706 2720 +edge_235_0_+disjointig_50_0_2719 2 2706 2719 -1 -1 2696 0.000776376
Chain
	Aln	468	+12b4b09c-136d-4d43-b789-3ef0c1d7db30 25 2679 2711 +edge_235_0_+disjointig_50_0_2719 7 2666 2719 -1 -1 2617 0.002404
Chain
	Aln	469	-12b4b09c-136d-4d43-b789-3ef0c1d7db30 31 2685 2711 -edge_235_0_+disjointig_50_0_2719 52 2711 2719 -1 -1 2617 0.002404
Chain
	Aln	277	+16772dac-c30b-401c-a0bb-7d83828505dd 27 1934 1942 -edge_139_0_+disjointig_179_0_16477 8191 10116 16477 -1 -1 1798 0.00744477
Chain
	Aln	276	-16772dac-c30b-401c-a0bb-7d83828505dd 7 1914 1942 +edge_139_0_+disjointig_179_0_16477 6360 8285 16477 -1 -1 1798 0.00744477
Chain
	Aln	58	+ddeff7b3-d5ae-4ec6-865b-537d79c41d0c 10 14409 14416 +edge_30_0_+disjointig_111_0_22964 4561 18958 22964 -1 -1 14006 0.00310933
Chain
	Aln	59	-ddeff7b3-d5ae-4ec6-865b-537d79c41d0c 6 14405 14416 -edge_30_0_+disjointig_111_0_22964 4005 18402 22964 -1 -1 14006 0.00310933
Chain
	Aln	423	+8ec9b6c0-2c0e-4f44-813f-b720bddc508a 22 3911 3921 -edge_212_0_+disjointig_23_0_33555 28417 32306 33555 -1 -1 3833 0.00194545
Chain
	Aln	422	-8ec9b6c0-2c0e-4f44-813f-b720bddc508a 9 3898 3921 +edge_212_0_+disjointig_23_0_33555 1248 5137 33555 -1 -1 3833 0.00194545
Chain
	Aln	353	+82bfcce0-418a-4dd3-8d49-1fe12cba50d1 8 2407 2409 -edge_177_0_+disjointig_200_0_7675 5272 7673 7675 -1 -1 2333 0.000485883
Chain
	Aln	352	-82bfcce0-418a-4dd3-8d49-1fe12cba50d1 1 2400 2409 +edge_177_0_+disjointig_200_0_7675 1 2402 7675 -1 -1 2333 0.000485883
Chain
	Aln	96	+a75d15db-c322-4e45-a1e2-28245a5ee4ad 197 1628 2274 +edge_49_1_+disjointig_20_19479_20934 1 1442 1455 -1 -1 1368 0.00464842
Chain
	Aln	97	-a75d15db-c322-4e45-a1e2-28245a5ee4ad 645 2076 2274 -edge_49_1_+disjointig_20_19479_20934 12 1453 1455 -1 -1 1368 0.00464842
Chain
	Aln	602	+37849f19-d7ed-45e3-b448-6d6a0afe5580 10 3152 3155 +edge_302_0_+disjointig_19_0_13806 5472 8625 13806 -1 -1 3092 0.00292517
Chain
	Aln	603	-37849f19-d7ed-45e3-b448-6d6a0afe5580 2 3144 3155 -edge_302_0_+disjointig_19_0_13806 5180 8333 13806 -1 -1 3092 0.00292517
Chain
	Aln	488	+b5e8e024-6f99-469f-a1f9-4f0a05b82151 121 1255 1329 +edge_245_0_+disjointig_58_0_8804 3948 5099 8804 -1 -1 616 0.0593165
Chain
	Aln	489	-b5e8e024-6f99-469f-a1f9-4f0a05b82151 73 1207 1329 -edge_245_0_+disjointig_58_0_8804 3704 4855 8804 -1 -1 616 0.0593165
Chain
	Aln	587	+f8893ae1-b45b-4aa3-8ef0-8c6fc9b4513d 6 1145 1147 -edge_294_0_+disjointig_54_11019_37577 15035 16169 26558 -1 -1 1071 0.00605217
Chain
	Aln	586	-f8893ae1-b45b-4aa3-8ef0-8c6fc9b4513d 1 1140 1147 +edge_294_0_+disjointig_54_11019_37577 10388 11522 26558 -1 -1 1071 0.00605217
Chain
	Aln	152	+cd3068c3-3611-4ae7-b74d-ddfb814e05af 5 1568 1591 +edge_77_0_+disjointig_135_0_9235 7664 9226 9235 -1 -1 1485 0.00519187
Chain
	Aln	153	-cd3068c3-3611-4ae7-b74d-ddfb814e05af 22 1585 1591 -edge_77_0_+disjointig_135_0_9235 8 1570 9235 -1 -1 1485 0.00519187
Chain
	Aln	602	+46aba38d-490c-4758-915a-ab8047be4643 1 3522 3622 +edge_302_0_+disjointig_19_0_13806 1 3457 13806 -1 -1 3208 0.00823901
Chain
	Aln	603	-46aba38d-490c-4758-915a-ab8047be4643 99 3620 3622 -edge_302_0_+disjointig_19_0_13806 10348 13804 13806 -1 -1 3208 0.00823901
Chain
	Aln	419	+20e84704-1b6d-41a4-87fc-201e1f8b61f7 11 1531 1534 -edge_210_0_+disjointig_223_0_24300 14046 15567 24300 -1 -1 1505 0.00114288
Chain
	Aln	418	-20e84704-1b6d-41a4-87fc-201e1f8b61f7 2 1522 1534 +edge_210_0_+disjointig_223_0_24300 8732 10253 24300 -1 -1 1505 0.00114288
Chain
	Aln	242	+87fa662f-32c4-41d6-8e03-e2e6a09068cf 39 2873 2876 +edge_122_0_+disjointig_17_0_27131 16211 19048 27131 -1 -1 1550 0.0560566
Chain
	Aln	243	-87fa662f-32c4-41d6-8e03-e2e6a09068cf 2 2836 2876 -edge_122_0_+disjointig_17_0_27131 8082 10919 27131 -1 -1 1550 0.0560566
Chain
	Aln	465	+ec9be1be-02a8-4fce-baaf-0e8fb3c4e3c0 8 1613 1646 -edge_233_0_+disjointig_49_0_5727 2708 4303 5727 -1 -1 999 0.0384898
Chain
	Aln	464	-ec9be1be-02a8-4fce-baaf-0e8fb3c4e3c0 32 1637 1646 +edge_233_0_+disjointig_49_0_5727 1423 3018 5727 -1 -1 999 0.0384898
Chain
	Aln	20	+19706d3b-e129-4230-985a-6299e2ac87bd 7 1088 1389 +edge_11_0_+disjointig_101_5646_16918 10182 11263 11272 -1 -1 1062 0.0029778
Chain
	Aln	21	-19706d3b-e129-4230-985a-6299e2ac87bd 300 1381 1389 -edge_11_0_+disjointig_101_5646_16918 8 1089 11272 -1 -1 1062 0.0029778
Chain
	Aln	329	+13b6e4bf-28f6-4f88-a81c-cf7f87a0fcf0 13 2266 3156 -edge_165_0_+disjointig_193_0_5709 3455 5708 5709 -1 -1 2253 0
Chain
	Aln	328	-13b6e4bf-28f6-4f88-a81c-cf7f87a0fcf0 889 3142 3156 +edge_165_0_+disjointig_193_0_5709 0 2253 5709 -1 -1 2253 0
Chain
	Aln	570	+dc307146-e772-43e9-8d9e-f3cb9bd7fac0 8 1653 1657 +edge_286_0_+disjointig_107_2095_17520 6402 8051 15425 -1 -1 1537 0.00948927
Chain
	Aln	571	-dc307146-e772-43e9-8d9e-f3cb9bd7fac0 3 1648 1657 -edge_286_0_+disjointig_107_2095_17520 7373 9022 15425 -1 -1 1537 0.00948927
Chain
	Aln	433	+395f95d0-8f67-4941-8e38-7640a6e17aac 4 2393 2397 -edge_217_0_+disjointig_30_0_22207 3441 5830 22207 -1 -1 2389 0.00185217
Chain
	Aln	432	-395f95d0-8f67-4941-8e38-7640a6e17aac 3 2392 2397 +edge_217_0_+disjointig_30_0_22207 16376 18765 22207 -1 -1 2389 0.00185217
Chain
	Aln	471	+44a05f74-086b-4c46-a720-2981d9145b47 0 20094 20192 -edge_236_0_+disjointig_51_0_49461 18747 38877 49461 -1 -1 19055 0.00448512
Chain
	Aln	470	-44a05f74-086b-4c46-a720-2981d9145b47 97 20191 20192 +edge_236_0_+disjointig_51_0_49461 10583 30713 49461 -1 -1 19055 0.00448512
Chain
	Aln	535	+7b7edf6a-cfa7-4fcf-9ae7-48731f4734ff 5 15090 18816 -edge_268_0_+disjointig_82_0_14967 4 14966 14967 -1 -1 13572 0.00899978
Chain
	Aln	534	-7b7edf6a-cfa7-4fcf-9ae7-48731f4734ff 3725 18810 18816 +edge_268_0_+disjointig_82_0_14967 0 14962 14967 -1 -1 13572 0.00899978
Chain
	Aln	22	+33446527-0350-43c6-ba88-43d594eacf07 1 1541 4417 +edge_12_0_+disjointig_115_15938_24273 6789 8329 8335 -1 -1 1540 0
Chain
	Aln	23	-33446527-0350-43c6-ba88-43d594eacf07 2875 4415 4417 -edge_12_0_+disjointig_115_15938_24273 5 1545 8335 -1 -1 1540 0
Chain
	Aln	228	+0371f181-ee7c-4e89-822b-5b4913f11b7b 159 11811 17790 +edge_115_0_+disjointig_162_0_11767 4 11751 11767 -1 -1 10063 0.014206
Chain
	Aln	229	-0371f181-ee7c-4e89-822b-5b4913f11b7b 5978 17630 17790 -edge_115_0_+disjointig_162_0_11767 15 11762 11767 -1 -1 10063 0.014206
Chain
	Aln	175	+caff9e17-c3c1-4b63-9edc-0976ba68e711 2 5602 5607 -edge_88_0_+disjointig_140_0_12110 4572 10179 12110 -1 -1 5560 0.00139906
Chain
	Aln	174	-caff9e17-c3c1-4b63-9edc-0976ba68e711 4 5604 5607 +edge_88_0_+disjointig_140_0_12110 1930 7537 12110 -1 -1 5560 0.00139906
Chain
	Aln	63	+5e9c3e2d-ef32-4d7a-ae42-f90d25bfd3ec 5 3469 3471 -edge_32_0_+disjointig_113_0_6823 3361 6821 6823 -1 -1 3391 0.00171109
Chain
	Aln	62	-5e9c3e2d-ef32-4d7a-ae42-f90d25bfd3ec 1 3465 3471 +edge_32_0_+disjointig_113_0_6823 1 3461 6823 -1 -1 3391 0.00171109
Chain
	Aln	487	+31eac8b0-580f-423e-879f-5d0d61926553 3 1465 1474 -edge_244_0_+disjointig_57_0_3149 1099 2562 3149 -1 -1 1408 0.00198791
Chain
	Aln	486	-31eac8b0-580f-423e-879f-5d0d61926553 8 1470 1474 +edge_244_0_+disjointig_57_0_3149 586 2049 3149 -1 -1 1408 0.00198791
Chain
	Aln	173	+9d82ca67-2f01-4c0e-b64d-70bb97e73af1 2 1211 1213 -edge_87_0_+disjointig_14_0_19372 14235 15439 19372 -1 -1 1065 0.0199071
Chain
	Aln	172	-9d82ca67-2f01-4c0e-b64d-70bb97e73af1 1 1210 1213 +edge_87_0_+disjointig_14_0_19372 3932 5136 19372 -1 -1 1065 0.0199071
Chain
	Aln	549	+a3fd8351-c1f3-4a66-94bc-f014f9736619 7 2261 2263 -edge_275_0_+disjointig_9_0_50887 30577 32836 50887 -1 -1 2207 0.00188181
Chain
	Aln	548	-a3fd8351-c1f3-4a66-94bc-f014f9736619 1 2255 2263 +edge_275_0_+disjointig_9_0_50887 18050 20309 50887 -1 -1 2207 0.00188181
Chain
	Aln	618	+dc3e6c25-33ca-4f0c-8245-d3ae629047aa 6 2870 2877 +edge_310_0_+disjointig_26_14870_67398 22936 25797 52528 -1 -1 2835 0.00283332
Chain
	Aln	619	-dc3e6c25-33ca-4f0c-8245-d3ae629047aa 6 2870 2877 -edge_310_0_+disjointig_26_14870_67398 26730 29591 52528 -1 -1 2835 0.00283332
Chain
	Aln	222	+8411fd49-b912-4432-a8db-6e9f4570add1 22 1749 1752 +edge_112_0_+disjointig_16_0_19673 11320 13045 19673 -1 -1 1685 0.00564085
Chain
	Aln	223	-8411fd49-b912-4432-a8db-6e9f4570add1 2 1729 1752 -edge_112_0_+disjointig_16_0_19673 6627 8352 19673 -1 -1 1685 0.00564085
Chain
	Aln	325	+9a54420b-4e3d-4e72-a775-d87b8f0ba287 9 1628 1636 -edge_163_0_+disjointig_191_0_5780 2591 4209 5780 -1 -1 1615 0.00373649
Chain
	Aln	324	-9a54420b-4e3d-4e72-a775-d87b8f0ba287 7 1626 1636 +edge_163_0_+disjointig_191_0_5780 1570 3188 5780 -1 -1 1615 0.00373649
Chain
	Aln	510	+6e93b3e1-12b7-4288-a073-42f9c044f15e 27 5733 5744 +edge_256_0_+disjointig_72_0_15554 10117 15544 15554 -1 -1 4644 0.00796392
Chain
	Aln	511	-6e93b3e1-12b7-4288-a073-42f9c044f15e 10 5716 5744 -edge_256_0_+disjointig_72_0_15554 9 5436 15554 -1 -1 4644 0.00796392
Chain
	Aln	532	+fbe80038-9e60-4091-b274-182a41873582 10 9708 9712 +edge_267_0_+disjointig_81_0_35154 25431 35151 35154 -1 -1 9216 0.00558292
Chain
	Aln	533	-fbe80038-9e60-4091-b274-182a41873582 3 9701 9712 -edge_267_0_+disjointig_81_0_35154 2 9722 35154 -1 -1 9216 0.00558292
Chain
	Aln	452	+a10a4f6c-d595-4628-98ef-1ad2fc5beb3d 16 1069 1071 +edge_227_0_+disjointig_43_0_12575 3292 4345 12575 -1 -1 1053 0.000182472
Chain
	Aln	453	-a10a4f6c-d595-4628-98ef-1ad2fc5beb3d 1 1054 1071 -edge_227_0_+disjointig_43_0_12575 8229 9282 12575 -1 -1 1053 0.000182472
Chain
	Aln	532	+391589d2-9c4d-46c4-8fc8-b6a90da69b6c 23 2830 2837 +edge_267_0_+disjointig_81_0_35154 19298 22098 35154 -1 -1 2706 0.00495705
Chain
	Aln	533	-391589d2-9c4d-46c4-8fc8-b6a90da69b6c 6 2813 2837 -edge_267_0_+disjointig_81_0_35154 13055 15855 35154 -1 -1 2706 0.00495705
Chain
	Aln	453	+3ab3cb34-f3bd-4bef-b7e5-134ba3197351 12 1066 1073 -edge_227_0_+disjointig_43_0_12575 8218 9272 12575 -1 -1 1036 0.00180702
Chain
	Aln	452	-3ab3cb34-f3bd-4bef-b7e5-134ba3197351 6 1060 1073 +edge_227_0_+disjointig_43_0_12575 3302 4356 12575 -1 -1 1036 0.00180702
Chain
	Aln	550	+fb0e2b79-2784-4134-9859-83993cf1b287 9 5170 5172 +edge_276_0_+disjointig_90_0_9159 9 5179 9159 -1 -1 5123 0.000362992
Chain
	Aln	551	-fb0e2b79-2784-4134-9859-83993cf1b287 1 5162 5172 -edge_276_0_+disjointig_90_0_9159 3979 9149 9159 -1 -1 5123 0.000362992
Chain
	Aln	194	+34017609-e577-4b9f-a894-dd75054080f8 4 1510 1513 +edge_98_0_+disjointig_15_0_6588 1325 2829 6588 -1 -1 1454 0.005087
Chain
	Aln	195	-34017609-e577-4b9f-a894-dd75054080f8 2 1508 1513 -edge_98_0_+disjointig_15_0_6588 3758 5262 6588 -1 -1 1454 0.005087
Chain
	Aln	93	+8db91c0e-caa7-4a2a-ae13-eb63692c319a 17 1146 1154 -edge_47_0_+disjointig_12_0_8990 6267 7396 8990 -1 -1 1117 0.00275386
Chain
	Aln	92	-8db91c0e-caa7-4a2a-ae13-eb63692c319a 7 1136 1154 +edge_47_0_+disjointig_12_0_8990 1593 2722 8990 -1 -1 1117 0.00275386
Chain
	Aln	579	+3b209e44-2ea6-485f-9cc9-897855a5c67d 544 2098 2105 -edge_290_0_+disjointig_29_21894_25753 13 1566 3859 -1 -1 1527 0.00439968
Chain
	Aln	578	-3b209e44-2ea6-485f-9cc9-897855a5c67d 6 1560 2105 +edge_290_0_+disjointig_29_21894_25753 2292 3845 3859 -1 -1 1527 0.00439968
Chain
	Aln	225	+ff1d3e15-bbf1-49a7-a1cf-d61c1e4cc565 5 2897 2903 -edge_113_0_+disjointig_160_0_4630 1734 4624 4630 -1 -1 2884 0
Chain
	Aln	224	-ff1d3e15-bbf1-49a7-a1cf-d61c1e4cc565 5 2897 2903 +edge_113_0_+disjointig_160_0_4630 5 2895 4630 -1 -1 2884 0
Chain
	Aln	116	+f7a76345-5596-47bb-8c2a-4152a557cac7 90 3735 3745 +edge_59_0_+disjointig_124_0_25305 111 3757 25305 -1 -1 3577 0.00198678
Chain
	Aln	117	-f7a76345-5596-47bb-8c2a-4152a557cac7 9 3654 3745 -edge_59_0_+disjointig_124_0_25305 21547 25193 25305 -1 -1 3577 0.00198678
Chain
	Aln	105	+85289457-287a-4071-a5ec-fe41b55e6040 14 1588 1590 -edge_53_0_+disjointig_20_20934_46521 13024 14598 25587 -1 -1 1574 0.00080872
Chain
	Aln	104	-85289457-287a-4071-a5ec-fe41b55e6040 1 1575 1590 +edge_53_0_+disjointig_20_20934_46521 10988 12562 25587 -1 -1 1574 0.00080872
Chain
	Aln	201	+a4bce293-2b06-4736-9ddf-0b401ff9c5ac 13 10095 10350 -edge_101_0_+disjointig_152_0_16051 2205 12280 16051 -1 -1 9962 0.00116602
Chain
	Aln	200	-a4bce293-2b06-4736-9ddf-0b401ff9c5ac 254 10336 10350 +edge_101_0_+disjointig_152_0_16051 3770 13845 16051 -1 -1 9962 0.00116602
Chain
	Aln	523	+f79fe103-b5b2-42e0-8183-f7476b24f502 26 1987 1996 -edge_262_0_+disjointig_77_0_16459 12528 14490 16459 -1 -1 1939 0.00290595
Chain
	Aln	522	-f79fe103-b5b2-42e0-8183-f7476b24f502 8 1969 1996 +edge_262_0_+disjointig_77_0_16459 1968 3930 16459 -1 -1 1939 0.00290595
Chain
	Aln	447	+d04ae3bf-24f6-4d41-93e5-1e82c64bcca0 15 2837 2841 -edge_224_0_+disjointig_4_0_2844 14 2840 2844 -1 -1 2736 0.00410756
Chain
	Aln	446	-d04ae3bf-24f6-4d41-93e5-1e82c64bcca0 3 2825 2841 +edge_224_0_+disjointig_4_0_2844 3 2829 2844 -1 -1 2736 0.00410756
Chain
	Aln	506	+3800242d-86da-4204-91e3-de3a41feb0ce 35 1692 1694 +edge_254_0_+disjointig_70_0_5786 255 1894 5786 -1 -1 1620 0.00117128
Chain
	Aln	507	-3800242d-86da-4204-91e3-de3a41feb0ce 1 1658 1694 -edge_254_0_+disjointig_70_0_5786 3891 5530 5786 -1 -1 1620 0.00117128
Chain
	Aln	169	+3a5fcbc1-9147-46aa-a90c-8d5cd1e4e545 13 2380 2389 -edge_85_0_+disjointig_138_0_19002 16628 18993 19002 -1 -1 2331 0.00258523
Chain
	Aln	168	-3a5fcbc1-9147-46aa-a90c-8d5cd1e4e545 8 2375 2389 +edge_85_0_+disjointig_138_0_19002 8 2373 19002 -1 -1 2331 0.00258523
Chain
	Aln	96	+a631bfcb-58a4-4add-a9d7-87e3689b54eb 4965 6408 7083 +edge_49_1_+disjointig_20_19479_20934 1 1449 1455 -1 -1 1382 0.00348693
Chain
	Aln	97	-a631bfcb-58a4-4add-a9d7-87e3689b54eb 674 2117 7083 -edge_49_1_+disjointig_20_19479_20934 5 1453 1455 -1 -1 1382 0.00348693
Chain
	Aln	618	+60cd2ea1-f1e3-4ca7-a8d4-a421af71d4dd 23 3318 3321 +edge_310_0_+disjointig_26_14870_67398 36994 40289 52528 -1 -1 3273 0
Chain
	Aln	619	-60cd2ea1-f1e3-4ca7-a8d4-a421af71d4dd 2 3297 3321 -edge_310_0_+disjointig_26_14870_67398 12238 15533 52528 -1 -1 3273 0
Chain
	Aln	532	+4b0208db-505a-4c34-94c7-bc23ad9a2064 22 16990 16994 +edge_267_0_+disjointig_81_0_35154 12112 29129 35154 -1 -1 15755 0.00858016
Chain
	Aln	533	-4b0208db-505a-4c34-94c7-bc23ad9a2064 3 16971 16994 -edge_267_0_+disjointig_81_0_35154 6024 23041 35154 -1 -1 15755 0.00858016
Chain
	Aln	492	+236ee96a-d858-45cf-be64-192570d6de1a 9 14748 14755 +edge_247_0_+disjointig_6_0_23019 3528 18285 23019 -1 -1 14318 0.00321301
Chain
	Aln	493	-236ee96a-d858-45cf-be64-192570d6de1a 6 14745 14755 -edge_247_0_+disjointig_6_0_23019 4733 19490 23019 -1 -1 14318 0.00321301
Chain
	Aln	167	+c2d2b42e-31aa-4ef4-9147-9fbc0780d9d2 8 2455 2459 -edge_84_0_+disjointig_137_0_5311 2861 5307 5311 -1 -1 2423 0.0010588
Chain
	Aln	166	-c2d2b42e-31aa-4ef4-9147-9fbc0780d9d2 3 2450 2459 +edge_84_0_+disjointig_137_0_5311 3 2449 5311 -1 -1 2423 0.0010588
Chain
	Aln	555	+509dccd3-64db-4805-a226-b46fa3710a03 9 2739 2741 -edge_278_0_+disjointig_93_0_9691 6962 9689 9691 -1 -1 2701 0.00146119
Chain
	Aln	554	-509dccd3-64db-4805-a226-b46fa3710a03 1 2731 2741 +edge_278_0_+disjointig_93_0_9691 1 2728 9691 -1 -1 2701 0.00146119
Chain
	Aln	445	+7338b75d-56c9-4ab6-a6f8-ab4ea0d8aca3 4 4772 4805 -edge_223_0_+disjointig_39_0_5521 715 5484 5521 -1 -1 4663 0.000628718
Chain
	Aln	444	-7338b75d-56c9-4ab6-a6f8-ab4ea0d8aca3 32 4800 4805 +edge_223_0_+disjointig_39_0_5521 36 4805 5521 -1 -1 4663 0.000628718
Chain
	Aln	460	+57589192-ef5a-40b3-9806-243574abf50e 37 2197 2206 +edge_231_0_+disjointig_47_0_14578 12408 14564 14578 -1 -1 2074 0.00420219
Chain
	Aln	461	-57589192-ef5a-40b3-9806-243574abf50e 8 2168 2206 -edge_231_0_+disjointig_47_0_14578 13 2169 14578 -1 -1 2074 0.00420219
Chain
	Aln	619	+7707061a-d0e9-4ce2-853f-c7c5fca16cfa 7 3903 3921 -edge_310_0_+disjointig_26_14870_67398 21475 25376 52528 -1 -1 3860 0.00238638
Chain
	Aln	618	-7707061a-d0e9-4ce2-853f-c7c5fca16cfa 17 3913 3921 +edge_310_0_+disjointig_26_14870_67398 27151 31052 52528 -1 -1 3860 0.00238638
Chain
	Aln	418	+8cb6987b-a4c2-4d6d-a729-f17c0d2d6ae9 4396 28601 28611 +edge_210_0_+disjointig_223_0_24300 1 24291 24300 -1 -1 23685 0.00202023
Chain
	Aln	419	-8cb6987b-a4c2-4d6d-a729-f17c0d2d6ae9 9 24214 28611 -edge_210_0_+disjointig_223_0_24300 8 24298 24300 -1 -1 23685 0.00202023
Chain
	Aln	616	+48028177-b020-489d-87ef-531e5b4561b9 9 4827 4843 +edge_309_0_+disjointig_24_7647_16416 1916 6691 8769 -1 -1 4583 0.00276981
Chain
	Aln	617	-48028177-b020-489d-87ef-531e5b4561b9 15 4833 4843 -edge_309_0_+disjointig_24_7647_16416 2077 6852 8769 -1 -1 4583 0.00276981
Chain
	Aln	176	+37a1dd18-3e68-43e6-9f70-df7c5b13f3b4 10 1346 1378 +edge_89_0_+disjointig_141_0_2324 714 2051 2324 -1 -1 1336 0
Chain
	Aln	177	-37a1dd18-3e68-43e6-9f70-df7c5b13f3b4 31 1367 1378 -edge_89_0_+disjointig_141_0_2324 272 1609 2324 -1 -1 1336 0
Chain
	Aln	5	+c73ce220-8006-4bba-b1c3-b81b3eae7ec0 6 1798 1806 -edge_3_0_+disjointig_100_0_7515 453 2245 7515 -1 -1 1763 0.00304208
Chain
	Aln	4	-c73ce220-8006-4bba-b1c3-b81b3eae7ec0 7 1799 1806 +edge_3_0_+disjointig_100_0_7515 5269 7061 7515 -1 -1 1763 0.00304208
Chain
	Aln	527	+91e9075d-5fd1-40a2-a5b3-940ba427f49e 11 5639 5643 -edge_264_0_+disjointig_79_0_13527 6100 11725 13527 -1 -1 5594 0.00102836
Chain
	Aln	526	-91e9075d-5fd1-40a2-a5b3-940ba427f49e 3 5631 5643 +edge_264_0_+disjointig_79_0_13527 1801 7426 13527 -1 -1 5594 0.00102836
Chain
	Aln	470	+28a04f60-aa25-4f08-89f5-3cc2be01aeae 9 3520 3523 +edge_236_0_+disjointig_51_0_49461 42724 46235 49461 -1 -1 3424 0.00308626
Chain
	Aln	471	-28a04f60-aa25-4f08-89f5-3cc2be01aeae 2 3513 3523 -edge_236_0_+disjointig_51_0_49461 3225 6736 49461 -1 -1 3424 0.00308626
Chain
	Aln	30	+618968d2-8c47-41c1-8c1e-46ab01d78c28 692 4533 4538 +edge_16_0_+disjointig_104_0_24625 3 3844 24625 -1 -1 3841 0.00027233
Chain
	Aln	31	-618968d2-8c47-41c1-8c1e-46ab01d78c28 4 3845 4538 -edge_16_0_+disjointig_104_0_24625 20780 24621 24625 -1 -1 3841 0.00027233
Chain
	Aln	619	+74c8ce68-d3b6-4447-9ce5-dabba9d96472 17 7616 7623 -edge_310_0_+disjointig_26_14870_67398 30845 38443 52528 -1 -1 7505 0.000403378
Chain
	Aln	618	-74c8ce68-d3b6-4447-9ce5-dabba9d96472 6 7605 7623 +edge_310_0_+disjointig_26_14870_67398 14084 21682 52528 -1 -1 7505 0.000403378
Chain
	Aln	111	+5c377d4b-1fa6-49a1-840a-22afef465788 8 1723 1795 -edge_56_0_+disjointig_121_0_39451 9366 11117 39451 -1 -1 724 0.0753725
Chain
	Aln	110	-5c377d4b-1fa6-49a1-840a-22afef465788 71 1786 1795 +edge_56_0_+disjointig_121_0_39451 28333 30084 39451 -1 -1 724 0.0753725
Chain
	Aln	561	+3ae74d32-0a0f-427a-9821-2ec5ad89c086 18 4464 4466 -edge_281_0_+disjointig_96_0_11138 6693 11136 11138 -1 -1 4397 0.00123467
Chain
	Aln	560	-3ae74d32-0a0f-427a-9821-2ec5ad89c086 1 4447 4466 +edge_281_0_+disjointig_96_0_11138 1 4444 11138 -1 -1 4397 0.00123467
Chain
	Aln	562	+f3766b07-02bc-46ce-87a2-5f2706c8fc6b 6 2592 2870 +edge_282_0_+disjointig_97_0_15054 12464 15050 15054 -1 -1 2575 0.00127799
Chain
	Aln	563	-f3766b07-02bc-46ce-87a2-5f2706c8fc6b 277 2863 2870 -edge_282_0_+disjointig_97_0_15054 3 2589 15054 -1 -1 2575 0.00127799
Chain
	Aln	548	+f2c27a8e-286c-4a30-90c1-52912d7cd98d 8 4328 4351 +edge_275_0_+disjointig_9_0_50887 17515 21830 50887 -1 -1 4250 0.00105579
Chain
	Aln	549	-f2c27a8e-286c-4a30-90c1-52912d7cd98d 22 4342 4351 -edge_275_0_+disjointig_9_0_50887 29056 33371 50887 -1 -1 4250 0.00105579
Chain
	Aln	243	+93eb2cb5-794d-4f7a-baf2-1b7c76be9623 18 1685 1688 -edge_122_0_+disjointig_17_0_27131 18279 19946 27131 -1 -1 1649 0.00397655
Chain
	Aln	242	-93eb2cb5-794d-4f7a-baf2-1b7c76be9623 2 1669 1688 +edge_122_0_+disjointig_17_0_27131 7184 8851 27131 -1 -1 1649 0.00397655
Chain
	Aln	17	+b09c8020-e56c-440a-88ec-1f535f92e1a4 20534 21771 21774 -edge_9_3_-disjointig_27_16662_17955 6 1253 1293 -1 -1 1196 0.00424211
Chain
	Aln	16	-b09c8020-e56c-440a-88ec-1f535f92e1a4 2 1239 21774 +edge_9_3_-disjointig_27_16662_17955 39 1286 1293 -1 -1 1196 0.00424211
Chain
	Aln	24	+ac6e151a-dffa-4e9e-9a6d-05bba0764a05 4 6366 6368 +edge_13_0_-disjointig_27_17955_28516 564 6979 10561 -1 -1 5996 0.00475139
Chain
	Aln	25	-ac6e151a-dffa-4e9e-9a6d-05bba0764a05 1 6363 6368 -edge_13_0_-disjointig_27_17955_28516 3581 9996 10561 -1 -1 5996 0.00475139
Chain
	Aln	412	+af55350e-96ee-4456-80f9-3df08dcd2c03 4 1804 1842 +edge_207_0_+disjointig_220_0_2713 69 1869 2713 -1 -1 1800 0.00216921
Chain
	Aln	413	-af55350e-96ee-4456-80f9-3df08dcd2c03 37 1837 1842 -edge_207_0_+disjointig_220_0_2713 843 2643 2713 -1 -1 1800 0.00216921
Chain
	Aln	432	+d9ea90de-d1b8-4eab-b648-7234ead5ecfd 8 1481 1497 +edge_217_0_+disjointig_30_0_22207 12947 14420 22207 -1 -1 1450 0.000801761
Chain
	Aln	433	-d9ea90de-d1b8-4eab-b648-7234ead5ecfd 15 1488 1497 -edge_217_0_+disjointig_30_0_22207 7786 9259 22207 -1 -1 1450 0.000801761
Chain
	Aln	619	+25d9f617-967f-4094-874e-28792bd1d798 3 8846 12401 -edge_310_0_+disjointig_26_14870_67398 43688 52527 52528 -1 -1 8803 0.000611787
	Aln	619	+25d9f617-967f-4094-874e-28792bd1d798 8850 12398 12401 -edge_310_0_+disjointig_26_14870_67398 3 3554 52528 -1 -1 3501 0.00155068
Chain
	Aln	618	-25d9f617-967f-4094-874e-28792bd1d798 2 3550 12401 +edge_310_0_+disjointig_26_14870_67398 48973 52524 52528 -1 -1 3501 0.00155068
	Aln	618	-25d9f617-967f-4094-874e-28792bd1d798 3554 12397 12401 +edge_310_0_+disjointig_26_14870_67398 0 8839 52528 -1 -1 8803 0.000611787
Chain
	Aln	470	+ff8f4620-bbbc-4d42-bbc8-6189a6d9136f 5 18054 18064 +edge_236_0_+disjointig_51_0_49461 20346 38412 49461 -1 -1 17913 0.000737762
Chain
	Aln	471	-ff8f4620-bbbc-4d42-bbc8-6189a6d9136f 9 18058 18064 -edge_236_0_+disjointig_51_0_49461 11048 29114 49461 -1 -1 17913 0.000737762
Chain
	Aln	549	+46cec09d-93e8-4227-af27-09333ad91b87 14 2063 2071 -edge_275_0_+disjointig_9_0_50887 31741 33788 50887 -1 -1 2019 0.00476611
Chain
	Aln	548	-46cec09d-93e8-4227-af27-09333ad91b87 7 2056 2071 +edge_275_0_+disjointig_9_0_50887 17098 19145 50887 -1 -1 2019 0.00476611
Chain
	Aln	413	+a2a8739e-55b6-4eba-b056-f1752521a305 888 2161 2165 -edge_207_0_+disjointig_220_0_2713 8 1281 2713 -1 -1 1268 0.0029875
Chain
	Aln	412	-a2a8739e-55b6-4eba-b056-f1752521a305 3 1276 2165 +edge_207_0_+disjointig_220_0_2713 1431 2704 2713 -1 -1 1268 0.0029875
Chain
	Aln	459	+038452cb-a01f-49b0-9e5d-2b3c83b2a941 12 1262 1264 -edge_230_0_+disjointig_46_0_27645 1275 2525 27645 -1 -1 1250 0
Chain
	Aln	458	-038452cb-a01f-49b0-9e5d-2b3c83b2a941 1 1251 1264 +edge_230_0_+disjointig_46_0_27645 25119 26369 27645 -1 -1 1250 0
Chain
	Aln	618	+6ba85f1e-5887-4025-b832-762854aa43fc 7 11906 11916 +edge_310_0_+disjointig_26_14870_67398 10909 22795 52528 -1 -1 11569 0.00154102
Chain
	Aln	619	-6ba85f1e-5887-4025-b832-762854aa43fc 9 11908 11916 -edge_310_0_+disjointig_26_14870_67398 29732 41618 52528 -1 -1 11569 0.00154102
Chain
	Aln	619	+82e4fc93-79a4-492b-99dc-800a2d816059 8 9168 9172 -edge_310_0_+disjointig_26_14870_67398 4804 13971 52528 -1 -1 9066 0.00158839
Chain
	Aln	618	-82e4fc93-79a4-492b-99dc-800a2d816059 3 9163 9172 +edge_310_0_+disjointig_26_14870_67398 38556 47723 52528 -1 -1 9066 0.00158839
Chain
	Aln	483	+e3164f6d-3a10-4e49-839a-eba0288ecb28 11 3975 3977 -edge_242_0_+disjointig_55_0_9315 5156 9120 9315 -1 -1 3949 0.00145036
Chain
	Aln	482	-e3164f6d-3a10-4e49-839a-eba0288ecb28 1 3965 3977 +edge_242_0_+disjointig_55_0_9315 194 4158 9315 -1 -1 3949 0.00145036
Chain
	Aln	33	+70752738-dbfd-4026-b7a0-0604074c6d61 16 17961 17964 -edge_17_0_+disjointig_105_0_37204 10007 27949 37204 -1 -1 17764 0.000967759
Chain
	Aln	32	-70752738-dbfd-4026-b7a0-0604074c6d61 2 17947 17964 +edge_17_0_+disjointig_105_0_37204 9254 27196 37204 -1 -1 17764 0.000967759
Chain
	Aln	312	+fa5d58dd-5f3c-4d15-ba03-e0abd22c1e61 3 10181 10357 +edge_157_0_+disjointig_188_0_21722 11552 21717 21722 -1 -1 10001 0.00185516
Chain
	Aln	313	-fa5d58dd-5f3c-4d15-ba03-e0abd22c1e61 175 10353 10357 -edge_157_0_+disjointig_188_0_21722 4 10169 21722 -1 -1 10001 0.00185516
Chain
	Aln	116	+86e1b90b-ff42-411a-8cb3-0baaa49641fa 15 8840 8846 +edge_59_0_+disjointig_124_0_25305 16465 25300 25305 -1 -1 8520 0.00503222
Chain
	Aln	117	-86e1b90b-ff42-411a-8cb3-0baaa49641fa 5 8830 8846 -edge_59_0_+disjointig_124_0_25305 4 8839 25305 -1 -1 8520 0.00503222
Chain
	Aln	423	+69ba39fa-c281-4d4b-8d81-d05f9fd09d23 8 8888 8890 -edge_212_0_+disjointig_23_0_33555 21958 30839 33555 -1 -1 8665 0.00252114
Chain
	Aln	422	-69ba39fa-c281-4d4b-8d81-d05f9fd09d23 1 8881 8890 +edge_212_0_+disjointig_23_0_33555 2715 11596 33555 -1 -1 8665 0.00252114
Chain
	Aln	127	+4dcb24ff-a3f9-4013-a77c-86d6f47dd365 1 1496 1501 -edge_64_0_+disjointig_13_0_24381 20964 22455 24381 -1 -1 1435 0.00442095
Chain
	Aln	126	-4dcb24ff-a3f9-4013-a77c-86d6f47dd365 4 1499 1501 +edge_64_0_+disjointig_13_0_24381 1925 3416 24381 -1 -1 1435 0.00442095
Chain
	Aln	619	+4c3a98b2-6b38-4fe8-bd9d-c5890401711a 7629 17489 17491 -edge_310_0_+disjointig_26_14870_67398 28348 38166 52528 -1 -1 8178 0.0124586
Chain
	Aln	619	+4c3a98b2-6b38-4fe8-bd9d-c5890401711a 336 6893 17491 -edge_310_0_+disjointig_26_14870_67398 21807 28192 52528 -1 -1 5552 0.0110229
Chain
	Aln	618	-4c3a98b2-6b38-4fe8-bd9d-c5890401711a 1 9861 17491 +edge_310_0_+disjointig_26_14870_67398 14361 24179 52528 -1 -1 8178 0.0124586
Chain
	Aln	618	-4c3a98b2-6b38-4fe8-bd9d-c5890401711a 10597 17154 17491 +edge_310_0_+disjointig_26_14870_67398 24335 30720 52528 -1 -1 5552 0.0110229
Chain
	Aln	531	+5ebc43bf-11f7-43c4-97b3-e052dea4689a 4 2207 2210 -edge_266_0_+disjointig_80_0_16580 4415 6625 16580 -1 -1 2184 0.00364036
Chain
	Aln	530	-5ebc43bf-11f7-43c4-97b3-e052dea4689a 2 2205 2210 +edge_266_0_+disjointig_80_0_16580 9954 12164 16580 -1 -1 2184 0.00364036
Chain
	Aln	511	+1b80978b-47ed-442b-bc73-b5695c2d85ce 2923 8244 8250 -edge_256_0_+disjointig_72_0_15554 11 5541 15554 -1 -1 4135 0.0134293
Chain
	Aln	510	-1b80978b-47ed-442b-bc73-b5695c2d85ce 5 5326 8250 +edge_256_0_+disjointig_72_0_15554 10012 15542 15554 -1 -1 4135 0.0134293
Chain
	Aln	199	+872aaaa8-02d7-4846-b767-212d7fcc01a4 5 4186 4210 -edge_100_0_+disjointig_151_0_15100 8276 12447 15100 -1 -1 4067 0.00195604
Chain
	Aln	198	-872aaaa8-02d7-4846-b767-212d7fcc01a4 23 4204 4210 +edge_100_0_+disjointig_151_0_15100 2652 6823 15100 -1 -1 4067 0.00195604
Chain
	Aln	222	+86cc1d07-c16c-4fc5-ae31-f4a3931c9443 13 6152 6159 +edge_112_0_+disjointig_16_0_19673 6728 12875 19673 -1 -1 6083 0.000190175
Chain
	Aln	223	-86cc1d07-c16c-4fc5-ae31-f4a3931c9443 6 6145 6159 -edge_112_0_+disjointig_16_0_19673 6797 12944 19673 -1 -1 6083 0.000190175
Chain
	Aln	325	+a3d85b8c-972e-4bc7-877f-6174141c836c 13 2508 2511 -edge_163_0_+disjointig_191_0_5780 465 2961 5780 -1 -1 2429 0.000756075
Chain
	Aln	324	-a3d85b8c-972e-4bc7-877f-6174141c836c 2 2497 2511 +edge_163_0_+disjointig_191_0_5780 2818 5314 5780 -1 -1 2429 0.000756075
Chain
	Aln	617	+e0b0acdb-9f67-4628-8ef0-3128f8bba774 6 1091 1098 -edge_309_0_+disjointig_24_7647_16416 4627 5713 8769 -1 -1 1050 0.00452808
Chain
	Aln	616	-e0b0acdb-9f67-4628-8ef0-3128f8bba774 6 1091 1098 +edge_309_0_+disjointig_24_7647_16416 3055 4141 8769 -1 -1 1050 0.00452808
Chain
	Aln	211	+2557a4b4-09b5-4f6e-bcaa-e796f7fa8655 19 5598 5877 -edge_106_0_+disjointig_154_0_8071 2490 8070 8071 -1 -1 5515 0.00159191
Chain
	Aln	210	-2557a4b4-09b5-4f6e-bcaa-e796f7fa8655 278 5857 5877 +edge_106_0_+disjointig_154_0_8071 0 5580 8071 -1 -1 5515 0.00159191
Chain
	Aln	127	+1b85ce5e-5f4a-424a-b11a-749ed4830e83 15 1522 1529 -edge_64_0_+disjointig_13_0_24381 1228 2736 24381 -1 -1 1491 0.00151592
Chain
	Aln	126	-1b85ce5e-5f4a-424a-b11a-749ed4830e83 6 1513 1529 +edge_64_0_+disjointig_13_0_24381 21644 23152 24381 -1 -1 1491 0.00151592
Chain
	Aln	290	+b96ad9fc-b751-42b1-bebd-880a0948fd7b 2 3146 3148 +edge_146_0_+disjointig_182_0_5974 2 3148 5974 -1 -1 3136 0.000981042
Chain
	Aln	291	-b96ad9fc-b751-42b1-bebd-880a0948fd7b 1 3145 3148 -edge_146_0_+disjointig_182_0_5974 2825 5971 5974 -1 -1 3136 0.000981042
Chain
	Aln	512	+9c0773f5-ff49-43f4-8fe9-cfd5f6512a1b 10 3020 3026 +edge_257_0_+disjointig_73_0_22764 10 3029 22764 -1 -1 2657 0.0154796
Chain
	Aln	513	-9c0773f5-ff49-43f4-8fe9-cfd5f6512a1b 5 3015 3026 -edge_257_0_+disjointig_73_0_22764 19734 22753 22764 -1 -1 2657 0.0154796
Chain
	Aln	489	+9a1de732-940d-4017-843f-fb05009bb68a 12 1365 1368 -edge_245_0_+disjointig_58_0_8804 5249 6600 8804 -1 -1 1351 0.00192629
Chain
	Aln	488	-9a1de732-940d-4017-843f-fb05009bb68a 2 1355 1368 +edge_245_0_+disjointig_58_0_8804 2203 3554 8804 -1 -1 1351 0.00192629
Chain
	Aln	314	+36bab60e-bc83-4cfd-9fa3-67626a450823 566 2908 5039 +edge_158_0_+disjointig_189_0_6615 2 2359 6615 -1 -1 2061 0.0121499
Chain
	Aln	315	-36bab60e-bc83-4cfd-9fa3-67626a450823 2130 4472 5039 -edge_158_0_+disjointig_189_0_6615 4255 6612 6615 -1 -1 2061 0.0121499
Chain
	Aln	527	+09541f99-762c-4d03-b7ff-8fcffab988f2 17 6496 6499 -edge_264_0_+disjointig_79_0_13527 6933 13524 13527 -1 -1 5927 0.00540282
Chain
	Aln	526	-09541f99-762c-4d03-b7ff-8fcffab988f2 2 6481 6499 +edge_264_0_+disjointig_79_0_13527 2 6593 13527 -1 -1 5927 0.00540282
Chain
	Aln	504	+23f83e5c-5310-4012-9fdd-cc403d379186 13 5393 5769 +edge_253_0_+disjointig_69_0_13671 8208 13588 13671 -1 -1 5308 0.00132977
Chain
	Aln	505	-23f83e5c-5310-4012-9fdd-cc403d379186 375 5755 5769 -edge_253_0_+disjointig_69_0_13671 82 5462 13671 -1 -1 5308 0.00132977
Chain
	Aln	470	+dc50561e-8c03-4204-b3c6-9af56c2af5f5 0 7535 7540 +edge_236_0_+disjointig_51_0_49461 29171 36707 49461 -1 -1 7495 0.001088
Chain
	Aln	471	-dc50561e-8c03-4204-b3c6-9af56c2af5f5 4 7539 7540 -edge_236_0_+disjointig_51_0_49461 12753 20289 49461 -1 -1 7495 0.001088
Chain
	Aln	124	+5d1866c2-6755-4b40-bccd-bddb5aa6ddd9 13 1098 1104 +edge_63_0_+disjointig_129_0_10708 885 1966 10708 -1 -1 1049 0.003831
Chain
	Aln	125	-5d1866c2-6755-4b40-bccd-bddb5aa6ddd9 5 1090 1104 -edge_63_0_+disjointig_129_0_10708 8741 9822 10708 -1 -1 1049 0.003831
Chain
	Aln	422	+5a0c3ca1-358e-484e-bf37-72e380195a4c 5 18641 18643 +edge_212_0_+disjointig_23_0_33555 13051 31682 33555 -1 -1 18480 0.00116361
Chain
	Aln	423	-5a0c3ca1-358e-484e-bf37-72e380195a4c 1 18637 18643 -edge_212_0_+disjointig_23_0_33555 1872 20503 33555 -1 -1 18480 0.00116361
Chain
	Aln	57	+f1c19813-b1b8-4a32-943a-23e6e29168bf 430 1455 1589 -edge_29_0_+disjointig_110_0_5172 29 1043 5172 -1 -1 975 0.0109543
Chain
	Aln	56	-f1c19813-b1b8-4a32-943a-23e6e29168bf 133 1158 1589 +edge_29_0_+disjointig_110_0_5172 4128 5142 5172 -1 -1 975 0.0109543
Chain
	Aln	131	+b64c9fe8-4e86-4e75-83f6-0ebd6ee6ffe6 10 1971 1973 -edge_66_0_+disjointig_131_0_7243 1872 3825 7243 -1 -1 1919 0.000992082
Chain
	Aln	130	-b64c9fe8-4e86-4e75-83f6-0ebd6ee6ffe6 1 1962 1973 +edge_66_0_+disjointig_131_0_7243 3417 5370 7243 -1 -1 1919 0.000992082
Chain
	Aln	67	+a71fa693-d9eb-49c0-a4c2-1b574f289e3e 7 3518 3522 -edge_34_0_+disjointig_116_0_15228 6690 10205 15228 -1 -1 3470 0.00276433
Chain
	Aln	66	-a71fa693-d9eb-49c0-a4c2-1b574f289e3e 3 3514 3522 +edge_34_0_+disjointig_116_0_15228 5022 8537 15228 -1 -1 3470 0.00276433
Chain
	Aln	459	+b6169035-b26f-45ea-b6df-b1248b5450fa 5 2568 5579 -edge_230_0_+disjointig_46_0_27645 25081 27644 27645 -1 -1 2073 0.0162371
Chain
	Aln	458	-b6169035-b26f-45ea-b6df-b1248b5450fa 3010 5573 5579 +edge_230_0_+disjointig_46_0_27645 0 2563 27645 -1 -1 2073 0.0162371
Chain
	Aln	371	+e1edaef8-a573-42fb-b281-63310716831f 205 14304 14306 -edge_186_0_+disjointig_206_0_14112 9 14110 14112 -1 -1 13880 0.00138155
Chain
	Aln	370	-e1edaef8-a573-42fb-b281-63310716831f 1 14100 14306 +edge_186_0_+disjointig_206_0_14112 1 14102 14112 -1 -1 13880 0.00138155
Chain
	Aln	548	+a67290cc-b9ee-4dcc-80ae-22a7a149b9c9 10 3875 4892 +edge_275_0_+disjointig_9_0_50887 285 4148 50887 -1 -1 3745 0.00578797
Chain
	Aln	549	-a67290cc-b9ee-4dcc-80ae-22a7a149b9c9 1016 4881 4892 -edge_275_0_+disjointig_9_0_50887 46738 50601 50887 -1 -1 3745 0.00578797
Chain
	Aln	566	+ee7d64b6-90b8-4cef-8eb0-af0380f35e69 24 2166 2171 +edge_284_1_+disjointig_115_3875_7461 259 2403 3586 -1 -1 2099 0.0021706
Chain
	Aln	567	-ee7d64b6-90b8-4cef-8eb0-af0380f35e69 4 2146 2171 -edge_284_1_+disjointig_115_3875_7461 1182 3326 3586 -1 -1 2099 0.0021706
Chain
	Aln	363	+5c8120c8-a70e-4c3c-b4f1-327a5e68e5f9 14 2533 2538 -edge_182_0_+disjointig_202_0_6934 13 2546 6934 -1 -1 2436 0.00255222
Chain
	Aln	362	-5c8120c8-a70e-4c3c-b4f1-327a5e68e5f9 4 2523 2538 +edge_182_0_+disjointig_202_0_6934 4387 6920 6934 -1 -1 2436 0.00255222
Chain
	Aln	599	+dd0545db-6ab2-457d-a8a5-4b647df4c23f 10 1948 1958 -edge_300_0_+disjointig_183_0_42239 3238 5182 42239 -1 -1 1886 0.0023638
Chain
	Aln	598	-dd0545db-6ab2-457d-a8a5-4b647df4c23f 9 1947 1958 +edge_300_0_+disjointig_183_0_42239 37056 39000 42239 -1 -1 1886 0.0023638
Chain
	Aln	127	+ebd6cf45-b3ed-4363-8b68-58dd17c3355d 7 3483 3486 -edge_64_0_+disjointig_13_0_24381 20902 24378 24381 -1 -1 3469 0.00133781
Chain
	Aln	126	-ebd6cf45-b3ed-4363-8b68-58dd17c3355d 2 3478 3486 +edge_64_0_+disjointig_13_0_24381 2 3478 24381 -1 -1 3469 0.00133781
Chain
	Aln	90	+3c2f1569-e3b8-4b09-b38a-df4af41af111 10 1255 1262 +edge_46_0_+disjointig_119_0_19618 11529 12777 19618 -1 -1 1156 0.00542053
Chain
	Aln	91	-3c2f1569-e3b8-4b09-b38a-df4af41af111 6 1251 1262 -edge_46_0_+disjointig_119_0_19618 6840 8088 19618 -1 -1 1156 0.00542053
Chain
	Aln	539	+ee3e18d8-3078-490e-8adf-ad8e519a5a28 3 5437 5441 -edge_270_0_+disjointig_84_0_11280 2764 8196 11280 -1 -1 5338 0.000815422
Chain
	Aln	538	-ee3e18d8-3078-490e-8adf-ad8e519a5a28 3 5437 5441 +edge_270_0_+disjointig_84_0_11280 3083 8515 11280 -1 -1 5338 0.000815422
Chain
	Aln	180	+1053aa56-eddf-4f0b-b334-2f345c7dcc2a 8 2111 2113 +edge_91_0_+disjointig_143_0_8150 70 2170 8150 -1 -1 2090 0.000564856
Chain
	Aln	181	-1053aa56-eddf-4f0b-b334-2f345c7dcc2a 1 2104 2113 -edge_91_0_+disjointig_143_0_8150 5979 8079 8150 -1 -1 2090 0.000564856
Chain
	Aln	512	+76fa8cd7-74a9-4dab-a595-736077fa8bbd 6 5888 5890 +edge_257_0_+disjointig_73_0_22764 13557 19451 22764 -1 -1 5711 0.00339334
Chain
	Aln	513	-76fa8cd7-74a9-4dab-a595-736077fa8bbd 1 5883 5890 -edge_257_0_+disjointig_73_0_22764 3312 9206 22764 -1 -1 5711 0.00339334
Chain
	Aln	108	+eaf2d0ab-948a-4963-a7a4-318415aabd8f 9 1432 1434 +edge_55_0_-disjointig_37_6256_13898 639 2061 7642 -1 -1 1410 0.0017523
Chain
	Aln	109	-eaf2d0ab-948a-4963-a7a4-318415aabd8f 1 1424 1434 -edge_55_0_-disjointig_37_6256_13898 5580 7002 7642 -1 -1 1410 0.0017523
Chain
	Aln	128	+1407de07-7377-4433-b189-3c87e8f7e13f 34 11073 11081 +edge_65_0_+disjointig_130_0_11079 10 11052 11079 -1 -1 10820 0.00285158
Chain
	Aln	129	-1407de07-7377-4433-b189-3c87e8f7e13f 7 11046 11081 -edge_65_0_+disjointig_130_0_11079 26 11068 11079 -1 -1 10820 0.00285158
Chain
	Aln	276	+4b8ea7c0-9ff3-452d-8860-be5f48d142db 14 5141 5289 +edge_139_0_+disjointig_179_0_16477 14 5144 16477 -1 -1 4526 0.0114718
Chain
	Aln	277	-4b8ea7c0-9ff3-452d-8860-be5f48d142db 147 5274 5289 -edge_139_0_+disjointig_179_0_16477 11332 16462 16477 -1 -1 4526 0.0114718
Chain
	Aln	485	+d2b9b826-82ea-4462-a862-a9b436db207e 5 1045 1053 -edge_243_0_+disjointig_56_0_49321 29531 30574 49321 -1 -1 1007 0.00547585
Chain
	Aln	484	-d2b9b826-82ea-4462-a862-a9b436db207e 7 1047 1053 +edge_243_0_+disjointig_56_0_49321 18746 19789 49321 -1 -1 1007 0.00547585
Chain
	Aln	129	+d0fae1fb-aacc-406b-becc-81f52653c486 8 11017 11041 -edge_65_0_+disjointig_130_0_11079 7 11054 11079 -1 -1 10439 0.00618234
Chain
	Aln	128	-d0fae1fb-aacc-406b-becc-81f52653c486 23 11032 11041 +edge_65_0_+disjointig_130_0_11079 24 11071 11079 -1 -1 10439 0.00618234
Chain
	Aln	117	+4c8a4b47-67a0-46e0-a06b-5a8f45970651 15 1114 1116 -edge_59_0_+disjointig_124_0_25305 11165 12263 25305 -1 -1 1085 0.00300803
Chain
	Aln	116	-4c8a4b47-67a0-46e0-a06b-5a8f45970651 1 1100 1116 +edge_59_0_+disjointig_124_0_25305 13041 14139 25305 -1 -1 1085 0.00300803
Chain
	Aln	458	+4815d811-46a1-45ce-9297-a5f63ced31c5 10 1821 1835 +edge_230_0_+disjointig_46_0_27645 25794 27614 27645 -1 -1 1734 0.00709209
Chain
	Aln	459	-4815d811-46a1-45ce-9297-a5f63ced31c5 13 1824 1835 -edge_230_0_+disjointig_46_0_27645 30 1850 27645 -1 -1 1734 0.00709209
Chain
	Aln	126	+1fbe8210-b16b-4467-8737-33044ef27ec6 6705 18596 18607 +edge_64_0_+disjointig_13_0_24381 2 11884 24381 -1 -1 11706 0.00152951
Chain
	Aln	127	-1fbe8210-b16b-4467-8737-33044ef27ec6 10 11901 18607 -edge_64_0_+disjointig_13_0_24381 12496 24378 24381 -1 -1 11706 0.00152951
Chain
	Aln	476	+ffb255fd-b4af-4c6a-a073-a50a6df713de 8656 13788 13800 +edge_239_0_-disjointig_75_18849_28334 4345 9474 9485 -1 -1 4961 0.00304625
Chain
	Aln	477	-ffb255fd-b4af-4c6a-a073-a50a6df713de 11 5143 13800 -edge_239_0_-disjointig_75_18849_28334 10 5139 9485 -1 -1 4961 0.00304625
Chain
	Aln	532	+23323aac-4100-4a2b-9db1-6edf2f09e5c0 9 9932 9938 +edge_267_0_+disjointig_81_0_35154 6780 16726 35154 -1 -1 9805 0.00309264
Chain
	Aln	533	-23323aac-4100-4a2b-9db1-6edf2f09e5c0 5 9928 9938 -edge_267_0_+disjointig_81_0_35154 18427 28373 35154 -1 -1 9805 0.00309264
Chain
	Aln	64	+1b527da4-90c9-43de-ac99-924284f7d0f8 13 4949 4958 +edge_33_0_+disjointig_114_0_23907 8010 12947 23907 -1 -1 4339 0.0125421
Chain
	Aln	65	-1b527da4-90c9-43de-ac99-924284f7d0f8 8 4944 4958 -edge_33_0_+disjointig_114_0_23907 10959 15896 23907 -1 -1 4339 0.0125421
Chain
	Aln	459	+697c95c1-6661-4519-84f5-ba7ffbf1764b 14 15337 15341 -edge_230_0_+disjointig_46_0_27645 13 15364 27645 -1 -1 14895 0.00185141
Chain
	Aln	458	-697c95c1-6661-4519-84f5-ba7ffbf1764b 3 15326 15341 +edge_230_0_+disjointig_46_0_27645 12280 27631 27645 -1 -1 14895 0.00185141
Chain
	Aln	481	+68282372-f374-414b-b4b0-72bc40eb2eff 8 8556 8560 -edge_241_0_+disjointig_53_0_23045 14496 23041 23045 -1 -1 8476 0.000887433
Chain
	Aln	480	-68282372-f374-414b-b4b0-72bc40eb2eff 3 8551 8560 +edge_241_0_+disjointig_53_0_23045 3 8548 23045 -1 -1 8476 0.000887433
Chain
	Aln	314	+b7a93079-c073-4d6f-8ecc-fe88aa287b35 480 7102 7105 +edge_158_0_+disjointig_189_0_6615 2 6613 6615 -1 -1 6562 0.000968138
Chain
	Aln	315	-b7a93079-c073-4d6f-8ecc-fe88aa287b35 2 6624 7105 -edge_158_0_+disjointig_189_0_6615 1 6612 6615 -1 -1 6562 0.000968138
Chain
	Aln	35	+acc4686e-cb4f-408d-a29d-96746927c7c2 3 3729 3733 -edge_18_0_+disjointig_106_0_22862 11960 15683 22862 -1 -1 3690 0.00012193
Chain
	Aln	34	-acc4686e-cb4f-408d-a29d-96746927c7c2 3 3729 3733 +edge_18_0_+disjointig_106_0_22862 7178 10901 22862 -1 -1 3690 0.00012193
Chain
	Aln	323	+2a1117fa-2506-46dd-84ea-decb0299ff17 2 1911 1929 -edge_162_0_+disjointig_190_0_4075 1579 3478 4075 -1 -1 1880 0
Chain
	Aln	322	-2a1117fa-2506-46dd-84ea-decb0299ff17 17 1926 1929 +edge_162_0_+disjointig_190_0_4075 596 2495 4075 -1 -1 1880 0
Chain
	Aln	210	+4d3ec091-c93c-4170-aaaa-d2371bf3e305 14 1229 1233 +edge_106_0_+disjointig_154_0_8071 675 1891 8071 -1 -1 1188 0.000292819
Chain
	Aln	211	-4d3ec091-c93c-4170-aaaa-d2371bf3e305 3 1218 1233 -edge_106_0_+disjointig_154_0_8071 6179 7395 8071 -1 -1 1188 0.000292819
Chain
	Aln	470	+479f797c-2ae5-49b1-b0c1-e2080eb89d4c 11 1319 1326 +edge_236_0_+disjointig_51_0_49461 47232 48541 49461 -1 -1 1297 0
Chain
	Aln	471	-479f797c-2ae5-49b1-b0c1-e2080eb89d4c 6 1314 1326 -edge_236_0_+disjointig_51_0_49461 919 2228 49461 -1 -1 1297 0
Chain
	Aln	573	+ffa18716-3a17-4457-95e9-742bc260dc61 22 1851 1860 -edge_287_0_+disjointig_118_0_19552 11234 13059 19552 -1 -1 1810 0.00218006
Chain
	Aln	572	-ffa18716-3a17-4457-95e9-742bc260dc61 8 1837 1860 +edge_287_0_+disjointig_118_0_19552 6492 8317 19552 -1 -1 1810 0.00218006
Chain
	Aln	619	+b4333a63-c02d-46cf-9c6c-3e871e03f145 15 3948 3964 -edge_310_0_+disjointig_26_14870_67398 13967 17942 52528 -1 -1 1591 0.0824916
Chain
	Aln	618	-b4333a63-c02d-46cf-9c6c-3e871e03f145 15 3948 3964 +edge_310_0_+disjointig_26_14870_67398 34585 38560 52528 -1 -1 1591 0.0824916
Chain
	Aln	619	+9b0642f6-482c-44bd-b2c3-07341dc7a21b 12 2950 2959 -edge_310_0_+disjointig_26_14870_67398 26286 29232 52528 -1 -1 2861 0.00437491
Chain
	Aln	618	-9b0642f6-482c-44bd-b2c3-07341dc7a21b 8 2946 2959 +edge_310_0_+disjointig_26_14870_67398 23295 26241 52528 -1 -1 2861 0.00437491
Chain
	Aln	358	+1fb25cad-8b09-4b4b-906a-4d7c85ffc522 25 1310 1312 +edge_180_0_+disjointig_98_5264_16229 4445 5731 10965 -1 -1 1280 0.000958673
Chain
	Aln	359	-1fb25cad-8b09-4b4b-906a-4d7c85ffc522 1 1286 1312 -edge_180_0_+disjointig_98_5264_16229 5233 6519 10965 -1 -1 1280 0.000958673
Chain
	Aln	616	+6635462d-ab21-4c95-a9cd-db5a6add6a2f 4 574 1380 +edge_309_0_+disjointig_24_7647_16416 8191 8761 8769 -1 -1 550 0.00673972
	Aln	616	+6635462d-ab21-4c95-a9cd-db5a6add6a2f 583 1377 1380 +edge_309_0_+disjointig_24_7647_16416 1 795 8769 -1 -1 794 0.00281353
Chain
	Aln	617	-6635462d-ab21-4c95-a9cd-db5a6add6a2f 2 796 1380 -edge_309_0_+disjointig_24_7647_16416 7973 8767 8769 -1 -1 794 0.00281353
	Aln	617	-6635462d-ab21-4c95-a9cd-db5a6add6a2f 805 1375 1380 -edge_309_0_+disjointig_24_7647_16416 7 577 8769 -1 -1 550 0.00673972
Chain
	Aln	386	+cbefa2f3-3d09-4667-8ca3-aba8c7159dfc 9 1138 1682 +edge_194_0_+disjointig_214_0_17837 16705 17829 17837 -1 -1 1116 0.0049043
Chain
	Aln	387	-cbefa2f3-3d09-4667-8ca3-aba8c7159dfc 543 1672 1682 -edge_194_0_+disjointig_214_0_17837 7 1131 17837 -1 -1 1116 0.0049043
Chain
	Aln	510	+e0cd1ab7-dd22-456c-a649-21914d2ad36b 8 5464 6029 +edge_256_0_+disjointig_72_0_15554 5569 11030 15554 -1 -1 5348 0.00177786
Chain
	Aln	511	-e0cd1ab7-dd22-456c-a649-21914d2ad36b 564 6020 6029 -edge_256_0_+disjointig_72_0_15554 4523 9984 15554 -1 -1 5348 0.00177786
Chain
	Aln	201	+830856fd-1fc4-4450-8c3d-2e468e5c3151 6 1086 1092 -edge_101_0_+disjointig_152_0_16051 14174 15264 16051 -1 -1 1039 0.00442202
Chain
	Aln	200	-830856fd-1fc4-4450-8c3d-2e468e5c3151 5 1085 1092 +edge_101_0_+disjointig_152_0_16051 786 1876 16051 -1 -1 1039 0.00442202
Chain
	Aln	193	+d80a59a2-44f6-4b63-ab00-34732e97cfbb 13 6067 6073 -edge_97_0_+disjointig_148_0_17767 8971 15028 17767 -1 -1 6013 0.000935737
Chain
	Aln	192	-d80a59a2-44f6-4b63-ab00-34732e97cfbb 5 6059 6073 +edge_97_0_+disjointig_148_0_17767 2738 8795 17767 -1 -1 6013 0.000935737
Chain
	Aln	522	+c563c5d4-3ea1-4dfa-b590-5663b869ce5c 2 5733 5735 +edge_262_0_+disjointig_77_0_16459 2 5734 16459 -1 -1 5680 0.00181235
Chain
	Aln	523	-c563c5d4-3ea1-4dfa-b590-5663b869ce5c 1 5732 5735 -edge_262_0_+disjointig_77_0_16459 10724 16456 16459 -1 -1 5680 0.00181235
Chain
	Aln	470	+f8993886-6418-4ce3-bfd0-04b4758bece0 11 1117 1119 +edge_236_0_+disjointig_51_0_49461 26560 27673 49461 -1 -1 1029 0.00565034
Chain
	Aln	471	-f8993886-6418-4ce3-bfd0-04b4758bece0 1 1107 1119 -edge_236_0_+disjointig_51_0_49461 21787 22900 49461 -1 -1 1029 0.00565034
Chain
	Aln	522	+955dd28b-24c3-4b51-8293-701e8308c324 11 3059 3068 +edge_262_0_+disjointig_77_0_16459 3116 6165 16459 -1 -1 2998 0.00327228
Chain
	Aln	523	-955dd28b-24c3-4b51-8293-701e8308c324 8 3056 3068 -edge_262_0_+disjointig_77_0_16459 10293 13342 16459 -1 -1 2998 0.00327228
Chain
	Aln	16	+f8c39900-bc50-4f41-9283-02bbf730a744 460 1690 1699 +edge_9_1_+disjointig_115_7461_8724 9 1243 1263 -1 -1 1162 0.00591036
Chain
	Aln	17	-f8c39900-bc50-4f41-9283-02bbf730a744 8 1238 1699 -edge_9_1_+disjointig_115_7461_8724 19 1253 1263 -1 -1 1162 0.00591036
Chain
	Aln	17	+9b342e91-74ad-4ad1-a205-d9899b648a6b 3938 5204 10182 -edge_9_2_+disjointig_115_14645_15938 30 1292 1293 -1 -1 1213 0.00457405
	Aln	567	+9b342e91-74ad-4ad1-a205-d9899b648a6b 5213 8838 10182 -edge_284_3_-disjointig_27_13072_16662 8 3586 3590 -1 -1 3501 0.00267004
Chain
	Aln	100	+9b342e91-74ad-4ad1-a205-d9899b648a6b 34 1249 10182 +edge_51_0_-disjointig_31_16346_20308 2741 3953 3962 -1 -1 1189 0.0041304
Chain
	Aln	566	-9b342e91-74ad-4ad1-a205-d9899b648a6b 1343 4968 10182 +edge_284_3_-disjointig_27_13072_16662 3 3581 3590 -1 -1 3501 0.00267004
	Aln	16	-9b342e91-74ad-4ad1-a205-d9899b648a6b 4977 6243 10182 +edge_9_2_+disjointig_115_14645_15938 0 1262 1293 -1 -1 1213 0.00457405
Chain
	Aln	101	-9b342e91-74ad-4ad1-a205-d9899b648a6b 8932 10147 10182 -edge_51_0_-disjointig_31_16346_20308 8 1220 3962 -1 -1 1189 0.0041304
Chain
	Aln	562	+38b41fca-f248-4eaa-8911-85b57249ae80 3 2744 2748 +edge_282_0_+disjointig_97_0_15054 3466 6353 15054 -1 -1 2350 0.00516097
Chain
	Aln	563	-38b41fca-f248-4eaa-8911-85b57249ae80 3 2744 2748 -edge_282_0_+disjointig_97_0_15054 8700 11587 15054 -1 -1 2350 0.00516097
Chain
	Aln	604	+772ff293-0fde-4770-a061-efba4bd9a423 4 3442 3446 +edge_303_0_-disjointig_85_2609_11889 5831 9277 9280 -1 -1 3406 0
Chain
	Aln	605	-772ff293-0fde-4770-a061-efba4bd9a423 3 3441 3446 -edge_303_0_-disjointig_85_2609_11889 2 3448 9280 -1 -1 3406 0
Chain
	Aln	423	+87a137ff-2886-4882-8d3e-2ac70d881b56 12 10303 10305 -edge_212_0_+disjointig_23_0_33555 18031 28342 33555 -1 -1 7533 0.0241436
Chain
	Aln	422	-87a137ff-2886-4882-8d3e-2ac70d881b56 1 10292 10305 +edge_212_0_+disjointig_23_0_33555 5212 15523 33555 -1 -1 7533 0.0241436
Chain
	Aln	132	+d52cb5ce-fd0f-4db8-9307-8620534f0d65 5 5884 5889 +edge_67_0_+disjointig_132_0_16726 10845 16722 16726 -1 -1 5823 0.000952078
Chain
	Aln	133	-d52cb5ce-fd0f-4db8-9307-8620534f0d65 4 5883 5889 -edge_67_0_+disjointig_132_0_16726 3 5880 16726 -1 -1 5823 0.000952078
Chain
	Aln	359	+e1030d7b-4645-4a7c-b385-f3cd63aef237 16 1391 4188 -edge_180_0_+disjointig_98_5264_16229 9591 10964 10965 -1 -1 1346 0.00387636
	Aln	610	+e1030d7b-4645-4a7c-b385-f3cd63aef237 1398 3577 4188 +edge_306_0_-disjointig_98_14915_17113 7 2188 2198 -1 -1 2148 0.00270712
	Aln	517	+e1030d7b-4645-4a7c-b385-f3cd63aef237 3599 4179 4188 -edge_259_1_+disjointig_98_1421_3066 11 589 1645 -1 -1 540 0.00905564
Chain
	Aln	516	-e1030d7b-4645-4a7c-b385-f3cd63aef237 8 588 4188 +edge_259_1_+disjointig_98_1421_3066 1055 1633 1645 -1 -1 540 0.00905564
	Aln	611	-e1030d7b-4645-4a7c-b385-f3cd63aef237 610 2789 4188 -edge_306_0_-disjointig_98_14915_17113 9 2190 2198 -1 -1 2148 0.00270712
	Aln	358	-e1030d7b-4645-4a7c-b385-f3cd63aef237 2796 4171 4188 +edge_180_0_+disjointig_98_5264_16229 0 1373 10965 -1 -1 1346 0.00387636
Chain
	Aln	619	+521b6070-2df1-4f7a-a714-ba66aea3ba7d 9 3027 3031 -edge_310_0_+disjointig_26_14870_67398 18590 21609 52528 -1 -1 2975 0.00201837
Chain
	Aln	618	-521b6070-2df1-4f7a-a714-ba66aea3ba7d 3 3021 3031 +edge_310_0_+disjointig_26_14870_67398 30918 33937 52528 -1 -1 2975 0.00201837
Chain
	Aln	29	+178a7cfa-eb1f-417f-94e0-c3a105676e5d 17 2289 2294 -edge_15_0_+disjointig_103_0_8058 1908 4180 8058 -1 -1 2225 0.00133477
Chain
	Aln	28	-178a7cfa-eb1f-417f-94e0-c3a105676e5d 4 2276 2294 +edge_15_0_+disjointig_103_0_8058 3877 6149 8058 -1 -1 2225 0.00133477
Chain
	Aln	68	+aae08d3e-5a62-4530-b4dd-0fc13a698278 23 1412 1414 +edge_35_0_+disjointig_117_0_15377 6342 7731 15377 -1 -1 1389 0.000329761
Chain
	Aln	69	-aae08d3e-5a62-4530-b4dd-0fc13a698278 1 1390 1414 -edge_35_0_+disjointig_117_0_15377 7645 9034 15377 -1 -1 1389 0.000329761
Chain
	Aln	107	+86bf7353-b052-4453-9187-76d8495b5e47 8 2140 3007 -edge_54_0_+disjointig_31_5413_20308 12639 14832 14895 -1 -1 1876 0.0106844
	Aln	97	+86bf7353-b052-4453-9187-76d8495b5e47 2186 3005 3007 -edge_49_0_+disjointig_120_12549_14002 36 927 1453 -1 -1 644 0.026947
Chain
	Aln	96	-86bf7353-b052-4453-9187-76d8495b5e47 1 820 3007 +edge_49_0_+disjointig_120_12549_14002 525 1416 1453 -1 -1 644 0.026947
	Aln	106	-86bf7353-b052-4453-9187-76d8495b5e47 866 2998 3007 +edge_54_0_+disjointig_31_5413_20308 62 2255 14895 -1 -1 1876 0.0106844
Chain
	Aln	211	+00eee47c-b313-4c97-9c99-4078e965c5d2 13 2969 2971 -edge_106_0_+disjointig_154_0_8071 5113 8069 8071 -1 -1 2945 0.000444579
Chain
	Aln	210	-00eee47c-b313-4c97-9c99-4078e965c5d2 1 2957 2971 +edge_106_0_+disjointig_154_0_8071 1 2957 8071 -1 -1 2945 0.000444579
Chain
	Aln	545	+04337679-3e2e-4fd8-bcb3-311ded75cd15 565 5232 5410 -edge_273_0_+disjointig_88_0_4676 8 4675 4676 -1 -1 4639 4.98084e-05
Chain
	Aln	544	-04337679-3e2e-4fd8-bcb3-311ded75cd15 177 4844 5410 +edge_273_0_+disjointig_88_0_4676 0 4667 4676 -1 -1 4639 4.98084e-05
Chain
	Aln	423	+d8066d5b-f692-4940-90b6-6e6c7c316e5e 25 1861 1886 -edge_212_0_+disjointig_23_0_33555 13176 15005 33555 -1 -1 1680 0.00841833
Chain
	Aln	422	-d8066d5b-f692-4940-90b6-6e6c7c316e5e 24 1860 1886 +edge_212_0_+disjointig_23_0_33555 18549 20378 33555 -1 -1 1680 0.00841833
Chain
	Aln	106	+e31ca75b-9f94-4cdc-948e-fd7c5ab9c217 6 1989 1991 +edge_54_0_+disjointig_31_5413_20308 5565 7549 14895 -1 -1 1954 0
Chain
	Aln	107	-e31ca75b-9f94-4cdc-948e-fd7c5ab9c217 1 1984 1991 -edge_54_0_+disjointig_31_5413_20308 7345 9329 14895 -1 -1 1954 0
Chain
	Aln	504	+cbc3c5d2-3967-43e4-989e-eb7bf41c39d4 10 3214 3224 +edge_253_0_+disjointig_69_0_13671 5788 8994 13671 -1 -1 3137 0.00434066
Chain
	Aln	505	-cbc3c5d2-3967-43e4-989e-eb7bf41c39d4 9 3213 3224 -edge_253_0_+disjointig_69_0_13671 4676 7882 13671 -1 -1 3137 0.00434066
Chain
	Aln	533	+311e52a5-e6cf-40c4-bf56-6732fd42b072 27 13386 13388 -edge_267_0_+disjointig_81_0_35154 14172 27538 35154 -1 -1 13144 0.00366713
Chain
	Aln	532	-311e52a5-e6cf-40c4-bf56-6732fd42b072 1 13360 13388 +edge_267_0_+disjointig_81_0_35154 7615 20981 35154 -1 -1 13144 0.00366713
Chain
	Aln	572	+088e5ed3-504d-4abb-9f64-72ddfbe058e3 12 10143 10163 +edge_287_0_+disjointig_118_0_19552 7923 18198 19552 -1 -1 9502 0.00411826
Chain
	Aln	573	-088e5ed3-504d-4abb-9f64-72ddfbe058e3 19 10150 10163 -edge_287_0_+disjointig_118_0_19552 1353 11628 19552 -1 -1 9502 0.00411826
Chain
	Aln	575	+96524084-6f52-4a16-9061-565b16f5d647 7 1373 1400 -edge_288_0_+disjointig_62_14430_17706 1907 3264 3276 -1 -1 1285 0.00686718
Chain
	Aln	574	-96524084-6f52-4a16-9061-565b16f5d647 26 1392 1400 +edge_288_0_+disjointig_62_14430_17706 11 1368 3276 -1 -1 1285 0.00686718
Chain
	Aln	450	+504918d4-f218-4fc2-b94e-d5ef1633c546 1101 3349 4155 +edge_226_0_+disjointig_42_0_2422 156 2409 2422 -1 -1 2220 0.00172537
Chain
	Aln	451	-504918d4-f218-4fc2-b94e-d5ef1633c546 805 3053 4155 -edge_226_0_+disjointig_42_0_2422 12 2265 2422 -1 -1 2220 0.00172537
Chain
	Aln	494	+91f63172-04b0-4de4-9b1c-a5134210ceb2 4 1607 2133 +edge_248_0_+disjointig_60_0_12385 10776 12380 12385 -1 -1 1576 0.00191933
Chain
	Aln	495	-91f63172-04b0-4de4-9b1c-a5134210ceb2 525 2128 2133 -edge_248_0_+disjointig_60_0_12385 4 1608 12385 -1 -1 1576 0.00191933
Chain
	Aln	388	+02fc13ab-98c4-48d8-b40c-94afa53706b6 7 1197 1200 +edge_195_0_+disjointig_215_0_10725 1106 2295 10725 -1 -1 1173 0.00290742
Chain
	Aln	389	-02fc13ab-98c4-48d8-b40c-94afa53706b6 2 1192 1200 -edge_195_0_+disjointig_215_0_10725 8429 9618 10725 -1 -1 1173 0.00290742
Chain
	Aln	600	+aa6523f2-b177-496d-9f98-b8e4da1c4cca 7 1292 1309 +edge_301_0_+disjointig_67_7420_18373 8988 10276 10953 -1 -1 1280 0.00340858
Chain
	Aln	601	-aa6523f2-b177-496d-9f98-b8e4da1c4cca 16 1301 1309 -edge_301_0_+disjointig_67_7420_18373 676 1964 10953 -1 -1 1280 0.00340858
Chain
	Aln	53	+e1c9fba9-fa04-4ad2-ab7c-23adbaa06df1 3 2340 2344 -edge_27_0_+disjointig_109_0_10364 8016 10360 10364 -1 -1 2245 0.00302383
Chain
	Aln	52	-e1c9fba9-fa04-4ad2-ab7c-23adbaa06df1 3 2340 2344 +edge_27_0_+disjointig_109_0_10364 3 2347 10364 -1 -1 2245 0.00302383
Chain
	Aln	116	+d01a9dad-b306-4f15-a659-3f3a778829ea 11 2057 2062 +edge_59_0_+disjointig_124_0_25305 12460 14518 25305 -1 -1 1760 0.0182792
Chain
	Aln	117	-d01a9dad-b306-4f15-a659-3f3a778829ea 4 2050 2062 -edge_59_0_+disjointig_124_0_25305 10786 12844 25305 -1 -1 1760 0.0182792
Chain
	Aln	312	+7066db28-3a4f-41b7-9037-5621c1d7b848 14 1730 1733 +edge_157_0_+disjointig_188_0_21722 8482 10203 21722 -1 -1 1658 0.00502333
Chain
	Aln	313	-7066db28-3a4f-41b7-9037-5621c1d7b848 2 1718 1733 -edge_157_0_+disjointig_188_0_21722 11518 13239 21722 -1 -1 1658 0.00502333
Chain
	Aln	111	+232c9732-6b84-445d-9a4a-98da456e97fb 22 1113 1115 -edge_56_0_+disjointig_121_0_39451 23403 24499 39451 -1 -1 1077 0.00222804
Chain
	Aln	110	-232c9732-6b84-445d-9a4a-98da456e97fb 1 1092 1115 +edge_56_0_+disjointig_121_0_39451 14951 16047 39451 -1 -1 1077 0.00222804
Chain
	Aln	175	+11ec7c69-cdc0-406a-a91f-a2360083823a 10 1107 1129 -edge_88_0_+disjointig_140_0_12110 4851 5948 12110 -1 -1 1076 0.00479858
Chain
	Aln	174	-11ec7c69-cdc0-406a-a91f-a2360083823a 21 1118 1129 +edge_88_0_+disjointig_140_0_12110 6161 7258 12110 -1 -1 1076 0.00479858
Chain
	Aln	259	+231c69ac-15cc-4463-ab05-079e8cbeed49 5 3950 3953 -edge_130_0_+disjointig_173_0_6697 2750 6694 6697 -1 -1 3891 0.00142038
Chain
	Aln	258	-231c69ac-15cc-4463-ab05-079e8cbeed49 2 3947 3953 +edge_130_0_+disjointig_173_0_6697 2 3946 6697 -1 -1 3891 0.00142038
Chain
	Aln	619	+a59d9b13-87b1-4e16-9c85-894f62306fc9 8 4799 4874 -edge_310_0_+disjointig_26_14870_67398 37639 42428 52528 -1 -1 4631 0.00110646
Chain
	Aln	618	-a59d9b13-87b1-4e16-9c85-894f62306fc9 74 4865 4874 +edge_310_0_+disjointig_26_14870_67398 10099 14888 52528 -1 -1 4631 0.00110646
Chain
	Aln	618	+c3ac61bd-4ad7-4077-8dfa-39f83e2d0c04 9 2056 2071 +edge_310_0_+disjointig_26_14870_67398 41630 43676 52528 -1 -1 2037 0.00152824
Chain
	Aln	619	-c3ac61bd-4ad7-4077-8dfa-39f83e2d0c04 14 2061 2071 -edge_310_0_+disjointig_26_14870_67398 8851 10897 52528 -1 -1 2037 0.00152824
Chain
	Aln	141	+5971511f-531a-412c-9bda-1ed6b62cdf78 10 1382 1388 -edge_71_0_-disjointig_29_9063_25753 6963 8336 16690 -1 -1 1363 0.00156136
Chain
	Aln	140	-5971511f-531a-412c-9bda-1ed6b62cdf78 5 1377 1388 +edge_71_0_-disjointig_29_9063_25753 8353 9726 16690 -1 -1 1363 0.00156136
Chain
	Aln	577	+67617e9a-e487-49e1-a8d9-91a759eec0b3 5 712 7106 -edge_289_0_+disjointig_134_5634_9136 2794 3501 3502 -1 -1 707 0
	Aln	137	+67617e9a-e487-49e1-a8d9-91a759eec0b3 722 6348 7106 -edge_69_0_+disjointig_134_0_5634 9 5633 5634 -1 -1 5501 0.00165745
Chain
	Aln	136	-67617e9a-e487-49e1-a8d9-91a759eec0b3 757 6383 7106 +edge_69_0_+disjointig_134_0_5634 0 5624 5634 -1 -1 5501 0.00165745
	Aln	576	-67617e9a-e487-49e1-a8d9-91a759eec0b3 6393 7100 7106 +edge_289_0_+disjointig_134_5634_9136 0 707 3502 -1 -1 707 0
Chain
	Aln	263	+794e2305-300b-4dbd-babe-be1eb44be309 6 14014 14016 -edge_132_0_+disjointig_175_0_17909 3913 17907 17909 -1 -1 13399 0.00156629
Chain
	Aln	262	-794e2305-300b-4dbd-babe-be1eb44be309 1 14009 14016 +edge_132_0_+disjointig_175_0_17909 1 13995 17909 -1 -1 13399 0.00156629
Chain
	Aln	140	+99470fbd-0389-40be-9991-f913d54e6847 15 1379 1385 +edge_71_0_-disjointig_29_9063_25753 8344 9708 16690 -1 -1 1341 0.0024026
Chain
	Aln	141	-99470fbd-0389-40be-9991-f913d54e6847 5 1369 1385 -edge_71_0_-disjointig_29_9063_25753 6981 8345 16690 -1 -1 1341 0.0024026
Chain
	Aln	559	+4aa45f25-113f-4cfd-b0a2-6bb3f2b4e381 16 2254 2257 -edge_280_0_+disjointig_95_0_2256 15 2253 2256 -1 -1 2238 0.00177976
Chain
	Aln	558	-4aa45f25-113f-4cfd-b0a2-6bb3f2b4e381 2 2240 2257 +edge_280_0_+disjointig_95_0_2256 2 2240 2256 -1 -1 2238 0.00177976
Chain
	Aln	485	+1d0c4659-35b8-455a-a785-1a8abe6d163b 53 8638 8945 -edge_243_0_+disjointig_56_0_49321 23548 32143 49321 -1 -1 8438 0.00175286
Chain
	Aln	484	-1d0c4659-35b8-455a-a785-1a8abe6d163b 306 8891 8945 +edge_243_0_+disjointig_56_0_49321 17177 25772 49321 -1 -1 8438 0.00175286
Chain
	Aln	619	+ea6a46d7-1f02-491b-a295-32bb35be6a67 18 1587 1593 -edge_310_0_+disjointig_26_14870_67398 18433 20001 52528 -1 -1 1559 0.00167767
Chain
	Aln	618	-ea6a46d7-1f02-491b-a295-32bb35be6a67 5 1574 1593 +edge_310_0_+disjointig_26_14870_67398 32526 34094 52528 -1 -1 1559 0.00167767
Chain
	Aln	484	+3177fee1-129c-4357-bdbe-60dcd65c98ab 5 5660 6432 +edge_243_0_+disjointig_56_0_49321 4762 10418 49321 -1 -1 5177 0.00739479
Chain
	Aln	485	-3177fee1-129c-4357-bdbe-60dcd65c98ab 771 6426 6432 -edge_243_0_+disjointig_56_0_49321 38902 44558 49321 -1 -1 5177 0.00739479
Chain
	Aln	31	+b79106e0-5ad9-41ce-be56-cfcef4e442ec 16 6191 6193 -edge_16_0_+disjointig_104_0_24625 8657 14833 24625 -1 -1 6158 0
Chain
	Aln	30	-b79106e0-5ad9-41ce-be56-cfcef4e442ec 1 6176 6193 +edge_16_0_+disjointig_104_0_24625 9791 15967 24625 -1 -1 6158 0
Chain
	Aln	531	+b31eba42-a0e1-44c7-9fba-475865e7e6f0 11 10151 10165 -edge_266_0_+disjointig_80_0_16580 348 10490 16580 -1 -1 10017 0.00341976
Chain
	Aln	530	-b31eba42-a0e1-44c7-9fba-475865e7e6f0 13 10153 10165 +edge_266_0_+disjointig_80_0_16580 6089 16231 16580 -1 -1 10017 0.00341976
Chain
	Aln	581	+fa30ca54-0b93-405c-85bd-b71378e7accc 12 4007 4010 -edge_291_0_+disjointig_149_0_8169 4168 8166 8169 -1 -1 3939 0.00195275
Chain
	Aln	580	-fa30ca54-0b93-405c-85bd-b71378e7accc 2 3997 4010 +edge_291_0_+disjointig_149_0_8169 2 4000 8169 -1 -1 3939 0.00195275
Chain
	Aln	492	+f3518728-b7d3-41a0-8cb2-22d18f3e510e 1 8253 8265 +edge_247_0_+disjointig_6_0_23019 9945 18179 23019 -1 -1 8098 0.00178291
Chain
	Aln	493	-f3518728-b7d3-41a0-8cb2-22d18f3e510e 11 8263 8265 -edge_247_0_+disjointig_6_0_23019 4839 13073 23019 -1 -1 8098 0.00178291
Chain
	Aln	422	+63eb0cfa-b4a9-4cd5-afa2-f09e64047e2a 10 3038 3043 +edge_212_0_+disjointig_23_0_33555 28082 31106 33555 -1 -1 2973 0.00197107
Chain
	Aln	423	-63eb0cfa-b4a9-4cd5-afa2-f09e64047e2a 4 3032 3043 -edge_212_0_+disjointig_23_0_33555 2448 5472 33555 -1 -1 2973 0.00197107
Chain
	Aln	439	+d3d73ed2-b633-4899-a1ff-618d1634b932 12 5075 8239 -edge_220_0_+disjointig_35_0_5097 11 5068 5097 -1 -1 5026 8.92901e-05
Chain
	Aln	438	-d3d73ed2-b633-4899-a1ff-618d1634b932 3163 8226 8239 +edge_220_0_+disjointig_35_0_5097 28 5085 5097 -1 -1 5026 8.92901e-05
Chain
	Aln	585	+c577f346-a673-48b7-bbcf-3b0460504144 6 2569 2575 -edge_293_0_+disjointig_147_0_35029 20996 23565 35029 -1 -1 2517 0.00392079
Chain
	Aln	584	-c577f346-a673-48b7-bbcf-3b0460504144 5 2568 2575 +edge_293_0_+disjointig_147_0_35029 11463 14032 35029 -1 -1 2517 0.00392079
Chain
	Aln	124	+46b030de-ca96-4d21-aa99-599d3f497bce 14 1233 2475 +edge_63_0_+disjointig_129_0_10708 9479 10703 10708 -1 -1 1200 0.00258945
Chain
	Aln	125	-46b030de-ca96-4d21-aa99-599d3f497bce 1241 2460 2475 -edge_63_0_+disjointig_129_0_10708 4 1228 10708 -1 -1 1200 0.00258945
Chain
	Aln	416	+0b9c794e-61ba-44d7-87a0-377f48ef6ab3 1042 8829 8836 +edge_209_0_+disjointig_222_0_7682 6 7676 7682 -1 -1 7042 0.00687322
Chain
	Aln	417	-0b9c794e-61ba-44d7-87a0-377f48ef6ab3 6 7793 8836 -edge_209_0_+disjointig_222_0_7682 5 7675 7682 -1 -1 7042 0.00687322
Chain
	Aln	413	+2680cb56-ccf6-4b42-8afd-3bb44967aa8c 9 2714 2718 -edge_207_0_+disjointig_220_0_2713 8 2709 2713 -1 -1 2689 0.00265391
Chain
	Aln	412	-2680cb56-ccf6-4b42-8afd-3bb44967aa8c 3 2708 2718 +edge_207_0_+disjointig_220_0_2713 3 2704 2713 -1 -1 2689 0.00265391
Chain
	Aln	95	+d624c680-ae26-4ee4-b681-a9de73eb1dd5 31 1380 1384 -edge_48_0_+disjointig_120_0_12549 7391 8735 12549 -1 -1 1255 0.00666773
Chain
	Aln	94	-d624c680-ae26-4ee4-b681-a9de73eb1dd5 3 1352 1384 +edge_48_0_+disjointig_120_0_12549 3813 5157 12549 -1 -1 1255 0.00666773
Chain
	Aln	609	+ab7e7e60-0201-4019-a7ad-009d897a7f51 22 1968 1972 -edge_305_0_+disjointig_28_7412_16217 6858 8804 8805 -1 -1 1925 0.000204271
Chain
	Aln	608	-ab7e7e60-0201-4019-a7ad-009d897a7f51 3 1949 1972 +edge_305_0_+disjointig_28_7412_16217 0 1946 8805 -1 -1 1925 0.000204271
Chain
	Aln	24	+ee027b9e-c672-4a2b-8fba-be5740d4fdf5 12 7418 7426 +edge_13_0_-disjointig_27_17955_28516 3148 10554 10561 -1 -1 7319 0.00144228
Chain
	Aln	25	-ee027b9e-c672-4a2b-8fba-be5740d4fdf5 7 7413 7426 -edge_13_0_-disjointig_27_17955_28516 6 7412 10561 -1 -1 7319 0.00144228
Chain
	Aln	226	+80abf24d-0315-4a71-a329-6086ef5a3cd7 12 1518 1522 +edge_114_0_+disjointig_161_0_2568 74 1586 2568 -1 -1 1454 0.00278798
Chain
	Aln	227	-80abf24d-0315-4a71-a329-6086ef5a3cd7 3 1509 1522 -edge_114_0_+disjointig_161_0_2568 981 2493 2568 -1 -1 1454 0.00278798
Chain
	Aln	233	+d2f93ec5-aa17-47f6-a895-e4ec1550d6fc 777 8858 8873 -edge_117_0_+disjointig_165_0_11817 14 8089 11817 -1 -1 6857 0.0084783
Chain
	Aln	232	-d2f93ec5-aa17-47f6-a895-e4ec1550d6fc 14 8095 8873 +edge_117_0_+disjointig_165_0_11817 3727 11802 11817 -1 -1 6857 0.0084783
Chain
	Aln	549	+d011b21d-0863-4052-ba2b-e547a643a109 3 3239 3254 -edge_275_0_+disjointig_9_0_50887 31619 34878 50887 -1 -1 3149 0.00585338
Chain
	Aln	548	-d011b21d-0863-4052-ba2b-e547a643a109 14 3250 3254 +edge_275_0_+disjointig_9_0_50887 16008 19267 50887 -1 -1 3149 0.00585338
Chain
	Aln	485	+a7f79292-db7c-4a51-a53f-fed601edb10b 13 2226 2230 -edge_243_0_+disjointig_56_0_49321 16603 18817 49321 -1 -1 2208 0.000254249
Chain
	Aln	484	-a7f79292-db7c-4a51-a53f-fed601edb10b 3 2216 2230 +edge_243_0_+disjointig_56_0_49321 30503 32717 49321 -1 -1 2208 0.000254249
Chain
	Aln	509	+31d2f153-1355-4e17-be66-88173c65770d 11 1300 1302 -edge_255_0_+disjointig_71_0_27902 12560 13849 27902 -1 -1 1289 0
Chain
	Aln	508	-31d2f153-1355-4e17-be66-88173c65770d 1 1290 1302 +edge_255_0_+disjointig_71_0_27902 14052 15341 27902 -1 -1 1289 0
Chain
	Aln	392	+871c0130-dea4-4e87-a55e-fd8500eaba6a 19 3185 3188 +edge_197_0_+disjointig_217_0_14938 1343 4509 14938 -1 -1 2849 0.0123971
Chain
	Aln	393	-871c0130-dea4-4e87-a55e-fd8500eaba6a 2 3168 3188 -edge_197_0_+disjointig_217_0_14938 10428 13594 14938 -1 -1 2849 0.0123971
Chain
	Aln	333	+7590833a-3504-4cd3-964e-413628779d27 16 1091 1100 -edge_167_0_+disjointig_195_0_14225 11953 13035 14225 -1 -1 997 0.0111587
Chain
	Aln	332	-7590833a-3504-4cd3-964e-413628779d27 8 1083 1100 +edge_167_0_+disjointig_195_0_14225 1189 2271 14225 -1 -1 997 0.0111587
Chain
	Aln	31	+5bb80735-0414-4786-93d9-361b1dce939b 1 2639 2666 -edge_16_0_+disjointig_104_0_24625 15904 18551 24625 -1 -1 2194 0.0183014
Chain
	Aln	30	-5bb80735-0414-4786-93d9-361b1dce939b 26 2664 2666 +edge_16_0_+disjointig_104_0_24625 6073 8720 24625 -1 -1 2194 0.0183014
Chain
	Aln	585	+8d754ab0-1c1f-4179-a3a8-cc9d9196e4e3 11 1428 1432 -edge_293_0_+disjointig_147_0_35029 6517 7934 35029 -1 -1 1403 0.00341688
Chain
	Aln	584	-8d754ab0-1c1f-4179-a3a8-cc9d9196e4e3 3 1420 1432 +edge_293_0_+disjointig_147_0_35029 27094 28511 35029 -1 -1 1403 0.00341688
Chain
	Aln	388	+e1ff6b8b-8cf5-4b84-8a86-f54d8398affc 23 8545 10573 +edge_195_0_+disjointig_215_0_10725 2035 10718 10725 -1 -1 6857 0.0145601
Chain
	Aln	389	-e1ff6b8b-8cf5-4b84-8a86-f54d8398affc 2027 10549 10573 -edge_195_0_+disjointig_215_0_10725 6 8689 10725 -1 -1 6857 0.0145601
Chain
	Aln	619	+c1e2bbd6-6b6d-4cd3-bfdd-94c4b39ed1ce 21 19968 19970 -edge_310_0_+disjointig_26_14870_67398 4744 24701 52528 -1 -1 19790 0.00117049
Chain
	Aln	618	-c1e2bbd6-6b6d-4cd3-bfdd-94c4b39ed1ce 1 19948 19970 +edge_310_0_+disjointig_26_14870_67398 27826 47783 52528 -1 -1 19790 0.00117049
Chain
	Aln	585	+b34074ba-d5d0-4697-b790-549170efa5c9 3 1029 1032 -edge_293_0_+disjointig_147_0_35029 7739 8766 35029 -1 -1 1025 0.000919916
Chain
	Aln	584	-b34074ba-d5d0-4697-b790-549170efa5c9 2 1028 1032 +edge_293_0_+disjointig_147_0_35029 26262 27289 35029 -1 -1 1025 0.000919916
Chain
	Aln	437	+230ee8ca-15f3-472b-890b-5cb87bfe8c6e 3 3163 3190 -edge_219_0_+disjointig_34_0_8639 3923 7080 8639 -1 -1 3128 0.000823561
Chain
	Aln	436	-230ee8ca-15f3-472b-890b-5cb87bfe8c6e 26 3186 3190 +edge_219_0_+disjointig_34_0_8639 1558 4715 8639 -1 -1 3128 0.000823561
Chain
	Aln	119	+890e6aa5-ac27-45e4-9ae5-942dc3ff83fc 12 2297 2305 -edge_60_0_+disjointig_125_0_2306 11 2298 2306 -1 -1 2265 0.00128451
Chain
	Aln	118	-890e6aa5-ac27-45e4-9ae5-942dc3ff83fc 7 2292 2305 +edge_60_0_+disjointig_125_0_2306 7 2294 2306 -1 -1 2265 0.00128451
Chain
	Aln	471	+2664ef50-9779-4c3e-88e9-649b463c744a 0 5392 5402 -edge_236_0_+disjointig_51_0_49461 20048 25441 49461 -1 -1 5352 0.00110217
Chain
	Aln	470	-2664ef50-9779-4c3e-88e9-649b463c744a 9 5401 5402 +edge_236_0_+disjointig_51_0_49461 24019 29412 49461 -1 -1 5352 0.00110217
Chain
	Aln	441	+3983bba4-9ece-423d-8625-fef22d58f379 12 2450 3305 -edge_221_0_+disjointig_36_0_10218 4906 7344 10218 -1 -1 2428 0
Chain
	Aln	440	-3983bba4-9ece-423d-8625-fef22d58f379 854 3292 3305 +edge_221_0_+disjointig_36_0_10218 2873 5311 10218 -1 -1 2428 0
Chain
	Aln	5	+37c1de5b-d165-43ac-ab5a-20e260e68f92 13 3577 3579 -edge_3_0_+disjointig_100_0_7515 1975 5541 7515 -1 -1 3538 0
Chain
	Aln	4	-37c1de5b-d165-43ac-ab5a-20e260e68f92 1 3565 3579 +edge_3_0_+disjointig_100_0_7515 1973 5539 7515 -1 -1 3538 0
Chain
	Aln	585	+74b4d5eb-1e4b-441a-8b50-8c6eb7780b70 11 2099 2104 -edge_293_0_+disjointig_147_0_35029 19559 21645 35029 -1 -1 2080 0.000456674
Chain
	Aln	584	-74b4d5eb-1e4b-441a-8b50-8c6eb7780b70 4 2092 2104 +edge_293_0_+disjointig_147_0_35029 13383 15469 35029 -1 -1 2080 0.000456674
Chain
	Aln	108	+41b7d647-34ef-414c-a2ac-73b14ffc60ce 11 6282 6287 +edge_55_0_-disjointig_37_6256_13898 1368 7638 7642 -1 -1 6198 0.00115319
Chain
	Aln	109	-41b7d647-34ef-414c-a2ac-73b14ffc60ce 4 6275 6287 -edge_55_0_-disjointig_37_6256_13898 3 6273 7642 -1 -1 6198 0.00115319
Chain
	Aln	618	+91b758b5-7abb-43f5-bbee-6ceaa975f9e0 10 2384 2403 +edge_310_0_+disjointig_26_14870_67398 19971 22357 52528 -1 -1 2329 0.00108045
Chain
	Aln	619	-91b758b5-7abb-43f5-bbee-6ceaa975f9e0 18 2392 2403 -edge_310_0_+disjointig_26_14870_67398 30170 32556 52528 -1 -1 2329 0.00108045
Chain
	Aln	211	+054970ad-aeea-4c03-9577-04e9a603ee11 6 1988 1998 -edge_106_0_+disjointig_154_0_8071 1295 3278 8071 -1 -1 1961 0.00148003
Chain
	Aln	210	-054970ad-aeea-4c03-9577-04e9a603ee11 9 1991 1998 +edge_106_0_+disjointig_154_0_8071 4792 6775 8071 -1 -1 1961 0.00148003
Chain
	Aln	449	+05e40df1-1612-42bd-9a6b-322d4f090aac 8 10443 12887 -edge_225_0_+disjointig_40_0_20039 7152 17595 20039 -1 -1 9776 0.00313546
Chain
	Aln	448	-05e40df1-1612-42bd-9a6b-322d4f090aac 2443 12878 12887 +edge_225_0_+disjointig_40_0_20039 2443 12886 20039 -1 -1 9776 0.00313546
Chain
	Aln	619	+8ba63770-b57f-4b7f-9f2e-ef916358b9ab 15 1024 1029 -edge_310_0_+disjointig_26_14870_67398 5348 6357 52528 -1 -1 1006 0
Chain
	Aln	618	-8ba63770-b57f-4b7f-9f2e-ef916358b9ab 4 1013 1029 +edge_310_0_+disjointig_26_14870_67398 46170 47179 52528 -1 -1 1006 0
Chain
	Aln	618	+dc003ef7-c47c-4246-96de-c1d2b1601b17 13 1022 1028 +edge_310_0_+disjointig_26_14870_67398 46159 47168 52528 -1 -1 1009 0
Chain
	Aln	619	-dc003ef7-c47c-4246-96de-c1d2b1601b17 5 1014 1028 -edge_310_0_+disjointig_26_14870_67398 5359 6368 52528 -1 -1 1009 0
Chain
	Aln	540	+02e34c50-e85d-4173-b9c4-70d1d0022d1d 15 4407 4413 +edge_271_0_+disjointig_86_0_15259 3053 7444 15259 -1 -1 4325 0.000515843
Chain
	Aln	541	-02e34c50-e85d-4173-b9c4-70d1d0022d1d 5 4397 4413 -edge_271_0_+disjointig_86_0_15259 7814 12205 15259 -1 -1 4325 0.000515843
Chain
	Aln	52	+11233323-24a2-4608-b21d-60758373e412 5 1273 1300 +edge_27_0_+disjointig_109_0_10364 9039 10307 10364 -1 -1 1230 0.00356736
Chain
	Aln	53	-11233323-24a2-4608-b21d-60758373e412 26 1294 1300 -edge_27_0_+disjointig_109_0_10364 56 1324 10364 -1 -1 1230 0.00356736
Chain
	Aln	314	+326bd897-305f-4a22-824f-d610808a08b9 6 1416 1419 +edge_158_0_+disjointig_189_0_6615 1253 2665 6615 -1 -1 1377 0.00296638
Chain
	Aln	315	-326bd897-305f-4a22-824f-d610808a08b9 2 1412 1419 -edge_158_0_+disjointig_189_0_6615 3949 5361 6615 -1 -1 1377 0.00296638
Chain
	Aln	591	+56448b79-2320-4750-85bb-b524befb6692 11 1250 1252 -edge_296_0_+disjointig_41_0_16839 11856 13095 16839 -1 -1 1229 0
Chain
	Aln	590	-56448b79-2320-4750-85bb-b524befb6692 1 1240 1252 +edge_296_0_+disjointig_41_0_16839 3743 4982 16839 -1 -1 1229 0
Chain
	Aln	34	+00d69610-6b2c-4b82-988d-db07bed13bc0 2 8520 8535 +edge_18_0_+disjointig_106_0_22862 2 8507 22862 -1 -1 7083 0.0137199
Chain
	Aln	35	-00d69610-6b2c-4b82-988d-db07bed13bc0 14 8532 8535 -edge_18_0_+disjointig_106_0_22862 14354 22859 22862 -1 -1 7083 0.0137199
Chain
	Aln	415	+715837e5-9e9f-4822-aeee-2d1a1cc5b1ff 1365 8417 8419 -edge_208_0_+disjointig_221_0_7062 10 7060 7062 -1 -1 6999 6.42678e-05
Chain
	Aln	414	-715837e5-9e9f-4822-aeee-2d1a1cc5b1ff 1 7053 8419 +edge_208_0_+disjointig_221_0_7062 1 7051 7062 -1 -1 6999 6.42678e-05
Chain
	Aln	172	+29e07a76-2430-4103-937a-504579eb9548 24 3283 3290 +edge_87_0_+disjointig_14_0_19372 13188 16436 19372 -1 -1 3168 0.00316198
Chain
	Aln	173	-29e07a76-2430-4103-937a-504579eb9548 6 3265 3290 -edge_87_0_+disjointig_14_0_19372 2935 6183 19372 -1 -1 3168 0.00316198
Chain
	Aln	537	+948e60be-bb83-46b1-867b-d7cb6231dcb0 9 2202 2204 -edge_269_0_+disjointig_83_0_7727 5531 7725 7727 -1 -1 2160 0.000164412
Chain
	Aln	536	-948e60be-bb83-46b1-867b-d7cb6231dcb0 1 2194 2204 +edge_269_0_+disjointig_83_0_7727 1 2195 7727 -1 -1 2160 0.000164412
Chain
	Aln	391	+8202e42b-78c9-4a33-9348-6a19a1e13e80 12 2366 2369 -edge_196_0_+disjointig_216_0_4618 11 2383 4618 -1 -1 2225 0.00580218
Chain
	Aln	390	-8202e42b-78c9-4a33-9348-6a19a1e13e80 2 2356 2369 +edge_196_0_+disjointig_216_0_4618 2234 4606 4618 -1 -1 2225 0.00580218
Chain
	Aln	525	+8136524e-6c19-4672-bcaa-62add5da5608 10 4376 4378 -edge_263_0_+disjointig_78_0_9581 5214 9579 9581 -1 -1 4361 0.00237225
Chain
	Aln	524	-8136524e-6c19-4672-bcaa-62add5da5608 1 4367 4378 +edge_263_0_+disjointig_78_0_9581 1 4366 9581 -1 -1 4361 0.00237225
Chain
	Aln	603	+87205e67-2f06-4248-b885-44a5a99daad0 14 1475 1477 -edge_302_0_+disjointig_19_0_13806 900 2364 13806 -1 -1 1399 0.00681314
Chain
	Aln	602	-87205e67-2f06-4248-b885-44a5a99daad0 1 1462 1477 +edge_302_0_+disjointig_19_0_13806 11441 12905 13806 -1 -1 1399 0.00681314
Chain
	Aln	243	+a749dcb7-8ddb-4434-a155-684a87ce6ace 17 8891 8896 -edge_122_0_+disjointig_17_0_27131 16 8883 27131 -1 -1 8684 0.00115281
Chain
	Aln	242	-a749dcb7-8ddb-4434-a155-684a87ce6ace 4 8878 8896 +edge_122_0_+disjointig_17_0_27131 18247 27114 27131 -1 -1 8684 0.00115281
Chain
	Aln	127	+ee7de4cd-6449-4333-b66b-d3f3fd76e57d 32 9257 9263 -edge_64_0_+disjointig_13_0_24381 10126 19352 24381 -1 -1 9029 0.00174764
Chain
	Aln	126	-ee7de4cd-6449-4333-b66b-d3f3fd76e57d 5 9230 9263 +edge_64_0_+disjointig_13_0_24381 5028 14254 24381 -1 -1 9029 0.00174764
Chain
	Aln	495	+97102897-57f9-42f2-8786-54dbe4d8f039 7 5220 5223 -edge_248_0_+disjointig_60_0_12385 7162 12382 12385 -1 -1 5176 0.0018214
Chain
	Aln	494	-97102897-57f9-42f2-8786-54dbe4d8f039 2 5215 5223 +edge_248_0_+disjointig_60_0_12385 2 5222 12385 -1 -1 5176 0.0018214
Chain
	Aln	615	+2e2a1293-8539-4c7d-9c70-67decbf2640c 11 4743 4750 -edge_308_0_+disjointig_218_2200_18386 4129 8858 16186 -1 -1 4662 0.00107288
Chain
	Aln	614	-2e2a1293-8539-4c7d-9c70-67decbf2640c 6 4738 4750 +edge_308_0_+disjointig_218_2200_18386 7327 12056 16186 -1 -1 4662 0.00107288
Chain
	Aln	586	+b3349af3-a906-4c5c-810f-6f9b712c50ce 3 2795 2797 +edge_294_0_+disjointig_54_11019_37577 11212 14007 26558 -1 -1 2771 0.00235919
Chain
	Aln	587	-b3349af3-a906-4c5c-810f-6f9b712c50ce 1 2793 2797 -edge_294_0_+disjointig_54_11019_37577 12550 15345 26558 -1 -1 2771 0.00235919
Chain
	Aln	522	+9798b19f-5d25-43a8-ae49-480125f7b411 11 1046 1048 +edge_262_0_+disjointig_77_0_16459 906 1945 16459 -1 -1 999 0.00456978
Chain
	Aln	523	-9798b19f-5d25-43a8-ae49-480125f7b411 1 1036 1048 -edge_262_0_+disjointig_77_0_16459 14513 15552 16459 -1 -1 999 0.00456978
Chain
	Aln	492	+c0b84270-1ddd-450f-8e57-99b4d6414e88 10 2490 2492 +edge_247_0_+disjointig_6_0_23019 18477 20961 23019 -1 -1 2356 0.00643626
Chain
	Aln	493	-c0b84270-1ddd-450f-8e57-99b4d6414e88 1 2481 2492 -edge_247_0_+disjointig_6_0_23019 2057 4541 23019 -1 -1 2356 0.00643626
Chain
	Aln	110	+4934febf-0698-4d7d-b856-5f5fa8ea5dcc 4 1621 1628 +edge_56_0_+disjointig_121_0_39451 10900 12517 39451 -1 -1 1583 0.00239416
Chain
	Aln	111	-4934febf-0698-4d7d-b856-5f5fa8ea5dcc 6 1623 1628 -edge_56_0_+disjointig_121_0_39451 26933 28550 39451 -1 -1 1583 0.00239416
Chain
	Aln	464	+1e1e9a98-7e58-4bdf-b71a-b505ec8bb4e4 12 5084 6381 +edge_233_0_+disjointig_49_0_5727 652 5722 5727 -1 -1 5005 0.00175727
Chain
	Aln	465	-1e1e9a98-7e58-4bdf-b71a-b505ec8bb4e4 1296 6368 6381 -edge_233_0_+disjointig_49_0_5727 4 5074 5727 -1 -1 5005 0.00175727
Chain
	Aln	192	+5c6d4859-b1fb-471d-9f33-4f30afe5bbe3 12 12140 12149 +edge_97_0_+disjointig_148_0_17767 4047 16190 17767 -1 -1 11106 0.00844256
Chain
	Aln	193	-5c6d4859-b1fb-471d-9f33-4f30afe5bbe3 8 12136 12149 -edge_97_0_+disjointig_148_0_17767 1576 13719 17767 -1 -1 11106 0.00844256
Chain
	Aln	455	+651582d4-9b0e-4106-b1bf-3737bf70e760 12 1089 1130 -edge_228_0_+disjointig_44_0_4719 1335 2412 4719 -1 -1 1070 0.0021306
Chain
	Aln	454	-651582d4-9b0e-4106-b1bf-3737bf70e760 40 1117 1130 +edge_228_0_+disjointig_44_0_4719 2306 3383 4719 -1 -1 1070 0.0021306
Chain
	Aln	123	+bb1d45e8-b520-4223-a1bd-f280aa15ef88 26 1221 1224 -edge_62_0_+disjointig_128_0_6167 2098 3292 6167 -1 -1 1187 0.00490143
Chain
	Aln	122	-bb1d45e8-b520-4223-a1bd-f280aa15ef88 2 1197 1224 +edge_62_0_+disjointig_128_0_6167 2874 4068 6167 -1 -1 1187 0.00490143
Chain
	Aln	617	+03f64d99-2625-4c80-8608-ebcdb92df3b8 18 1733 1739 -edge_309_0_+disjointig_24_7647_16416 1931 3644 8769 -1 -1 1629 0.00648675
Chain
	Aln	616	-03f64d99-2625-4c80-8608-ebcdb92df3b8 5 1720 1739 +edge_309_0_+disjointig_24_7647_16416 5124 6837 8769 -1 -1 1629 0.00648675
Chain
	Aln	616	+4ac51c47-83d8-465b-82ff-99959ab37cac 1 1728 1739 +edge_309_0_+disjointig_24_7647_16416 5101 6825 8769 -1 -1 1678 0.00626552
Chain
	Aln	617	-4ac51c47-83d8-465b-82ff-99959ab37cac 10 1737 1739 -edge_309_0_+disjointig_24_7647_16416 1943 3667 8769 -1 -1 1678 0.00626552
Chain
	Aln	65	+8e845769-6909-4f2b-b594-0fe1cccefff9 3 14576 14582 -edge_33_0_+disjointig_114_0_23907 4335 18698 23907 -1 -1 12957 0.00656825
Chain
	Aln	64	-8e845769-6909-4f2b-b594-0fe1cccefff9 5 14578 14582 +edge_33_0_+disjointig_114_0_23907 5208 19571 23907 -1 -1 12957 0.00656825
Chain
	Aln	122	+60320e09-7eb4-4b2b-a9e0-ee6310537db2 2173 8330 8337 +edge_62_0_+disjointig_128_0_6167 8 6161 6167 -1 -1 6008 0.00184448
Chain
	Aln	123	-60320e09-7eb4-4b2b-a9e0-ee6310537db2 6 6163 8337 -edge_62_0_+disjointig_128_0_6167 5 6158 6167 -1 -1 6008 0.00184448
Chain
	Aln	445	+8493d2fa-62f4-485b-a84b-b739fa2a32b4 17 2524 2529 -edge_223_0_+disjointig_39_0_5521 16 2529 5521 -1 -1 2465 0.0016853
Chain
	Aln	444	-8493d2fa-62f4-485b-a84b-b739fa2a32b4 4 2511 2529 +edge_223_0_+disjointig_39_0_5521 2991 5504 5521 -1 -1 2465 0.0016853
Chain
	Aln	602	+5e016f30-96a2-4280-a48e-2817fe25ab1e 6 1321 1323 +edge_302_0_+disjointig_19_0_13806 11039 12361 13806 -1 -1 1239 0.00909521
Chain
	Aln	603	-5e016f30-96a2-4280-a48e-2817fe25ab1e 1 1316 1323 -edge_302_0_+disjointig_19_0_13806 1444 2766 13806 -1 -1 1239 0.00909521
Chain
	Aln	63	+4a2599fb-ed18-49d2-88e8-b373182df2a9 1674 6283 6285 -edge_32_0_+disjointig_113_0_6823 17 4759 6823 -1 -1 4052 0.00636955
Chain
	Aln	62	-4a2599fb-ed18-49d2-88e8-b373182df2a9 1 4610 6285 +edge_32_0_+disjointig_113_0_6823 2063 6805 6823 -1 -1 4052 0.00636955
Chain
	Aln	311	+51dfad46-dcb6-48ca-9fea-427a3f04a289 8 4002 4010 -edge_156_0_+disjointig_187_0_10825 4131 8122 10825 -1 -1 3938 0.00155869
Chain
	Aln	310	-51dfad46-dcb6-48ca-9fea-427a3f04a289 7 4001 4010 +edge_156_0_+disjointig_187_0_10825 2702 6693 10825 -1 -1 3938 0.00155869
Chain
	Aln	198	+fd501c7c-ee08-449c-9c2f-5385ae28fa49 2828 17910 17921 +edge_100_0_+disjointig_151_0_15100 4 15090 15100 -1 -1 14960 0.00114262
Chain
	Aln	199	-fd501c7c-ee08-449c-9c2f-5385ae28fa49 10 15092 17921 -edge_100_0_+disjointig_151_0_15100 9 15095 15100 -1 -1 14960 0.00114262
Chain
	Aln	520	+1bb46659-4694-4e0b-8761-1feac87a857f 8 1933 1940 +edge_261_0_+disjointig_76_0_7029 4488 6410 7029 -1 -1 1920 0.00126625
Chain
	Aln	521	-1bb46659-4694-4e0b-8761-1feac87a857f 6 1931 1940 -edge_261_0_+disjointig_76_0_7029 618 2540 7029 -1 -1 1920 0.00126625
Chain
	Aln	110	+e5282b0b-4a88-422f-b984-acce9d3891aa 10 1446 1450 +edge_56_0_+disjointig_121_0_39451 26831 28267 39451 -1 -1 1397 0.00468855
Chain
	Aln	111	-e5282b0b-4a88-422f-b984-acce9d3891aa 3 1439 1450 -edge_56_0_+disjointig_121_0_39451 11183 12619 39451 -1 -1 1397 0.00468855
Chain
	Aln	242	+df42cd2e-1ca9-4258-b845-ba9a3dd24703 4 1329 1331 +edge_122_0_+disjointig_17_0_27131 4484 5812 27131 -1 -1 1265 0.00520761
Chain
	Aln	243	-df42cd2e-1ca9-4258-b845-ba9a3dd24703 1 1326 1331 -edge_122_0_+disjointig_17_0_27131 21318 22646 27131 -1 -1 1265 0.00520761
Chain
	Aln	503	+87a042ee-f79d-48d3-a1d5-76a50d70a526 17 9200 9204 -edge_252_0_+disjointig_68_0_25931 16260 25433 25931 -1 -1 8991 0.00357852
Chain
	Aln	502	-87a042ee-f79d-48d3-a1d5-76a50d70a526 3 9186 9204 +edge_252_0_+disjointig_68_0_25931 497 9670 25931 -1 -1 8991 0.00357852
Chain
	Aln	605	+97720748-7ce4-400e-b705-6e382699524e 10 8428 8430 -edge_303_0_-disjointig_85_2609_11889 781 9200 9280 -1 -1 8409 0
Chain
	Aln	604	-97720748-7ce4-400e-b705-6e382699524e 1 8419 8430 +edge_303_0_-disjointig_85_2609_11889 79 8498 9280 -1 -1 8409 0
Chain
	Aln	51	+87138381-35b4-4b10-87d4-a906c024d28b 13 3103 3106 -edge_26_0_+disjointig_108_0_6734 3582 6674 6734 -1 -1 3026 0.00320141
Chain
	Aln	50	-87138381-35b4-4b10-87d4-a906c024d28b 2 3092 3106 +edge_26_0_+disjointig_108_0_6734 59 3151 6734 -1 -1 3026 0.00320141
Chain
	Aln	386	+5ca7222f-346c-47d2-9e9b-3ad5d5fccae3 5 1071 1073 +edge_194_0_+disjointig_214_0_17837 11016 12082 17837 -1 -1 1066 0
Chain
	Aln	387	-5ca7222f-346c-47d2-9e9b-3ad5d5fccae3 1 1067 1073 -edge_194_0_+disjointig_214_0_17837 5754 6820 17837 -1 -1 1066 0
Chain
	Aln	175	+03d3a4f3-05e9-4c2f-9509-24f6d827610f 30 1758 1760 -edge_88_0_+disjointig_140_0_12110 5558 7281 12110 -1 -1 1667 0.00264729
Chain
	Aln	174	-03d3a4f3-05e9-4c2f-9509-24f6d827610f 1 1729 1760 +edge_88_0_+disjointig_140_0_12110 4828 6551 12110 -1 -1 1667 0.00264729
Chain
	Aln	285	+6167463c-f249-4828-bd36-e61e03f72387 12 2246 2254 -edge_143_0_+disjointig_18_0_2256 11 2248 2256 -1 -1 2221 0.00145487
Chain
	Aln	284	-6167463c-f249-4828-bd36-e61e03f72387 7 2241 2254 +edge_143_0_+disjointig_18_0_2256 7 2244 2256 -1 -1 2221 0.00145487
Chain
	Aln	458	+e7ed4666-a505-462c-b69b-9726b62a9bb1 2 2345 2348 +edge_230_0_+disjointig_46_0_27645 19837 22180 27645 -1 -1 2343 0.000428361
Chain
	Aln	459	-e7ed4666-a505-462c-b69b-9726b62a9bb1 2 2345 2348 -edge_230_0_+disjointig_46_0_27645 5464 7807 27645 -1 -1 2343 0.000428361
Chain
	Aln	493	+04774cdf-53fc-48f6-bea0-9737d14c1832 25 6719 6729 -edge_247_0_+disjointig_6_0_23019 23 6690 23019 -1 -1 6384 0.00347988
Chain
	Aln	492	-04774cdf-53fc-48f6-bea0-9737d14c1832 9 6703 6729 +edge_247_0_+disjointig_6_0_23019 16328 22995 23019 -1 -1 6384 0.00347988
Chain
	Aln	619	+3f7c64f8-c682-43fb-86aa-32b250294ac1 13 2968 2970 -edge_310_0_+disjointig_26_14870_67398 9751 12710 52528 -1 -1 2934 0.00139722
Chain
	Aln	618	-3f7c64f8-c682-43fb-86aa-32b250294ac1 1 2956 2970 +edge_310_0_+disjointig_26_14870_67398 39817 42776 52528 -1 -1 2934 0.00139722
Chain
	Aln	599	+9cd71140-9085-450f-a5ab-3685f43669b4 7 3733 3739 -edge_300_0_+disjointig_183_0_42239 15809 19543 42239 -1 -1 3670 0.00211284
Chain
	Aln	598	-9cd71140-9085-450f-a5ab-3685f43669b4 5 3731 3739 +edge_300_0_+disjointig_183_0_42239 22695 26429 42239 -1 -1 3670 0.00211284
Chain
	Aln	67	+3a156471-f459-4b56-8624-4c670ce7c463 2 4426 4434 -edge_34_0_+disjointig_116_0_15228 6596 11049 15228 -1 -1 4329 0.00245775
Chain
	Aln	66	-3a156471-f459-4b56-8624-4c670ce7c463 7 4431 4434 +edge_34_0_+disjointig_116_0_15228 4178 8631 15228 -1 -1 4329 0.00245775
Chain
	Aln	487	+efffc3a3-f755-4f38-9957-b067709559a8 8 3153 3157 -edge_244_0_+disjointig_57_0_3149 7 3145 3149 -1 -1 3037 0.00245163
Chain
	Aln	486	-efffc3a3-f755-4f38-9957-b067709559a8 3 3148 3157 +edge_244_0_+disjointig_57_0_3149 3 3141 3149 -1 -1 3037 0.00245163
Chain
	Aln	51	+3e5d760d-4e60-48ee-8834-c9bdf49e4f48 8 1414 1425 -edge_26_0_+disjointig_108_0_6734 3191 4598 6734 -1 -1 1380 0.00373406
Chain
	Aln	50	-3e5d760d-4e60-48ee-8834-c9bdf49e4f48 10 1416 1425 +edge_26_0_+disjointig_108_0_6734 2135 3542 6734 -1 -1 1380 0.00373406
Chain
	Aln	559	+0eea91de-4a34-40a0-b07a-cca72253d023 1125 3362 3421 -edge_280_0_+disjointig_95_0_2256 15 2255 2256 -1 -1 2169 0.00601914
Chain
	Aln	558	-0eea91de-4a34-40a0-b07a-cca72253d023 58 2295 3421 +edge_280_0_+disjointig_95_0_2256 0 2240 2256 -1 -1 2169 0.00601914
Chain
	Aln	619	+efe1e1b9-9191-4cd5-ac70-179c65a3db5c 14 20120 20128 -edge_310_0_+disjointig_26_14870_67398 5756 25872 52528 -1 -1 19824 0.00198718
Chain
	Aln	618	-efe1e1b9-9191-4cd5-ac70-179c65a3db5c 7 20113 20128 +edge_310_0_+disjointig_26_14870_67398 26655 46771 52528 -1 -1 19824 0.00198718
Chain
	Aln	602	+6b8f9f64-e9e6-415f-a5b2-a0b961725d3a 5 8679 8718 +edge_302_0_+disjointig_19_0_13806 2478 11151 13806 -1 -1 8483 0.00159399
Chain
	Aln	603	-6b8f9f64-e9e6-415f-a5b2-a0b961725d3a 38 8712 8718 -edge_302_0_+disjointig_19_0_13806 2654 11327 13806 -1 -1 8483 0.00159399
Chain
	Aln	619	+c8f184d2-9a79-4aff-8da8-20c2251005be 12 2293 2295 -edge_310_0_+disjointig_26_14870_67398 3580 5859 52528 -1 -1 2201 0.00380424
Chain
	Aln	618	-c8f184d2-9a79-4aff-8da8-20c2251005be 1 2282 2295 +edge_310_0_+disjointig_26_14870_67398 46668 48947 52528 -1 -1 2201 0.00380424
Chain
	Aln	34	+24b19e56-b942-4f4a-a26d-4fcfcb4bac68 34 1686 1694 +edge_18_0_+disjointig_106_0_22862 17553 19205 22862 -1 -1 1652 0.00119393
Chain
	Aln	35	-24b19e56-b942-4f4a-a26d-4fcfcb4bac68 7 1659 1694 -edge_18_0_+disjointig_106_0_22862 3656 5308 22862 -1 -1 1652 0.00119393
Chain
	Aln	173	+50df4904-dabd-4d17-82b8-41aa543e1167 9 10362 10379 -edge_87_0_+disjointig_14_0_19372 8 10324 19372 -1 -1 9708 0.00691637
Chain
	Aln	172	-50df4904-dabd-4d17-82b8-41aa543e1167 16 10369 10379 +edge_87_0_+disjointig_14_0_19372 9047 19363 19372 -1 -1 9708 0.00691637
Chain
	Aln	392	+82dc66af-c01c-476e-8cba-4b36f9f0f836 7 1020 1023 +edge_197_0_+disjointig_217_0_14938 6413 7426 14938 -1 -1 1004 0.000758941
Chain
	Aln	393	-82dc66af-c01c-476e-8cba-4b36f9f0f836 2 1015 1023 -edge_197_0_+disjointig_217_0_14938 7511 8524 14938 -1 -1 1004 0.000758941
Chain
	Aln	548	+c27ef8c4-78cc-4750-addb-f6e55de427af 11 1020 1023 +edge_275_0_+disjointig_9_0_50887 49457 50464 50887 -1 -1 910 0.0148009
Chain
	Aln	549	-c27ef8c4-78cc-4750-addb-f6e55de427af 2 1011 1023 -edge_275_0_+disjointig_9_0_50887 422 1429 50887 -1 -1 910 0.0148009
Chain
	Aln	35	+5a3e52d6-4989-4cc8-9f55-950b4b19b3b1 7 1662 1687 -edge_18_0_+disjointig_106_0_22862 3637 5293 22862 -1 -1 1647 0.00214478
Chain
	Aln	34	-5a3e52d6-4989-4cc8-9f55-950b4b19b3b1 24 1679 1687 +edge_18_0_+disjointig_106_0_22862 17568 19224 22862 -1 -1 1647 0.00214478
Chain
	Aln	110	+43a349a8-474d-4c2a-a1d7-a5e16729762b 100 14378 14388 +edge_56_0_+disjointig_121_0_39451 25178 39442 39451 -1 -1 11958 0.0163249
Chain
	Aln	111	-43a349a8-474d-4c2a-a1d7-a5e16729762b 9 14287 14388 -edge_56_0_+disjointig_121_0_39451 8 14272 39451 -1 -1 11958 0.0163249
Chain
	Aln	523	+846deaf1-b946-44f5-bc09-0221aa8b66e5 5 1605 1607 -edge_262_0_+disjointig_77_0_16459 9580 11190 16459 -1 -1 1569 0.00362287
Chain
	Aln	522	-846deaf1-b946-44f5-bc09-0221aa8b66e5 1 1601 1607 +edge_262_0_+disjointig_77_0_16459 5268 6878 16459 -1 -1 1569 0.00362287
Chain
	Aln	391	+e07c5f7a-55a3-42e1-b092-22a836bac810 17 2582 2589 -edge_196_0_+disjointig_216_0_4618 1470 3973 4618 -1 -1 2401 0.00410021
Chain
	Aln	390	-e07c5f7a-55a3-42e1-b092-22a836bac810 6 2571 2589 +edge_196_0_+disjointig_216_0_4618 644 3147 4618 -1 -1 2401 0.00410021
Chain
	Aln	514	+cfb38d9f-7d8d-42a2-9046-30d47d3c6aeb 1367 2449 2451 +edge_258_0_+disjointig_74_503_1902 1 1084 1399 -1 -1 1063 0.00183493
Chain
	Aln	515	-cfb38d9f-7d8d-42a2-9046-30d47d3c6aeb 1 1083 2451 -edge_258_0_+disjointig_74_503_1902 314 1397 1399 -1 -1 1063 0.00183493
Chain
	Aln	575	+d0256241-22a7-482e-a380-9c628d6d85d7 11 2642 2648 -edge_288_0_+disjointig_62_14430_17706 10 2641 3276 -1 -1 2613 0
Chain
	Aln	574	-d0256241-22a7-482e-a380-9c628d6d85d7 5 2636 2648 +edge_288_0_+disjointig_62_14430_17706 634 3265 3276 -1 -1 2613 0
Chain
	Aln	201	+5874cb3f-7807-4b5a-ae02-f59e55066a96 11 2460 2463 -edge_101_0_+disjointig_152_0_16051 4543 6992 16051 -1 -1 2442 0.00124224
Chain
	Aln	200	-5874cb3f-7807-4b5a-ae02-f59e55066a96 2 2451 2463 +edge_101_0_+disjointig_152_0_16051 9058 11507 16051 -1 -1 2442 0.00124224
Chain
	Aln	449	+43420992-fa12-4576-b610-258f889e4f71 10 3915 3918 -edge_225_0_+disjointig_40_0_20039 9435 13342 20039 -1 -1 3886 0.00051439
Chain
	Aln	448	-43420992-fa12-4576-b610-258f889e4f71 2 3907 3918 +edge_225_0_+disjointig_40_0_20039 6696 10603 20039 -1 -1 3886 0.00051439
Chain
	Aln	620	+106dee55-c5db-4415-b61b-248ca4278569 18 6091 6093 +edge_311_0_-disjointig_75_0_18849 11846 17923 18849 -1 -1 5864 0.0040351
Chain
	Aln	621	-106dee55-c5db-4415-b61b-248ca4278569 1 6074 6093 -edge_311_0_-disjointig_75_0_18849 925 7002 18849 -1 -1 5864 0.0040351
Chain
	Aln	262	+b1c8523a-8869-41bc-9825-d833f1808e11 9 1658 1668 +edge_132_0_+disjointig_175_0_17909 11628 13277 17909 -1 -1 1644 0
Chain
	Aln	263	-b1c8523a-8869-41bc-9825-d833f1808e11 9 1658 1668 -edge_132_0_+disjointig_175_0_17909 4631 6280 17909 -1 -1 1644 0
Chain
	Aln	153	+e39ebd92-0cf1-4fee-ad29-cb5f3a8bc5e2 13 5506 5512 -edge_77_0_+disjointig_135_0_9235 3736 9229 9235 -1 -1 5464 0
Chain
	Aln	152	-e39ebd92-0cf1-4fee-ad29-cb5f3a8bc5e2 5 5498 5512 +edge_77_0_+disjointig_135_0_9235 5 5498 9235 -1 -1 5464 0
Chain
	Aln	115	+df5643b7-2116-4c41-9218-fb0fe74814ab 5 6619 6623 -edge_58_0_+disjointig_123_0_14094 4 6611 14094 -1 -1 6373 0.00231088
Chain
	Aln	114	-df5643b7-2116-4c41-9218-fb0fe74814ab 3 6617 6623 +edge_58_0_+disjointig_123_0_14094 7482 14089 14094 -1 -1 6373 0.00231088
Chain
	Aln	210	+d7c134c7-b853-4632-8cb1-e33471a7db91 9 6588 6593 +edge_106_0_+disjointig_154_0_8071 1473 8067 8071 -1 -1 6419 0.00342448
Chain
	Aln	211	-d7c134c7-b853-4632-8cb1-e33471a7db91 4 6583 6593 -edge_106_0_+disjointig_154_0_8071 3 6597 8071 -1 -1 6419 0.00342448
Chain
	Aln	201	+9a341d5f-b66f-40f5-9d44-afa7e759fc7d 11 1322 1356 -edge_101_0_+disjointig_152_0_16051 3929 5242 16051 -1 -1 1289 0.00427263
Chain
	Aln	200	-9a341d5f-b66f-40f5-9d44-afa7e759fc7d 33 1344 1356 +edge_101_0_+disjointig_152_0_16051 10808 12121 16051 -1 -1 1289 0.00427263
Chain
	Aln	522	+0253d17b-9e78-4d2c-bc8c-56189d9d5447 23 4949 4955 +edge_262_0_+disjointig_77_0_16459 11535 16454 16459 -1 -1 4902 0.00150982
Chain
	Aln	523	-0253d17b-9e78-4d2c-bc8c-56189d9d5447 5 4931 4955 -edge_262_0_+disjointig_77_0_16459 4 4923 16459 -1 -1 4902 0.00150982
Chain
	Aln	58	+9cd1d563-13bd-436a-ab20-c94fe412eae9 6 1146 1151 +edge_30_0_+disjointig_111_0_22964 8353 9493 22964 -1 -1 1137 0
Chain
	Aln	59	-9cd1d563-13bd-436a-ab20-c94fe412eae9 4 1144 1151 -edge_30_0_+disjointig_111_0_22964 13470 14610 22964 -1 -1 1137 0
Chain
	Aln	382	+4467d848-a339-43fa-8733-ccd73ef70dab 5 2590 3888 +edge_192_0_+disjointig_212_0_2754 163 2745 2754 -1 -1 2545 0.00138382
Chain
	Aln	383	-4467d848-a339-43fa-8733-ccd73ef70dab 1297 3882 3888 -edge_192_0_+disjointig_212_0_2754 8 2590 2754 -1 -1 2545 0.00138382
Chain
	Aln	243	+4b2cb111-3c3c-40fb-970f-f1c0b605c4d8 14 2197 2203 -edge_122_0_+disjointig_17_0_27131 11595 13779 27131 -1 -1 2165 0.00216714
Chain
	Aln	242	-4b2cb111-3c3c-40fb-970f-f1c0b605c4d8 5 2188 2203 +edge_122_0_+disjointig_17_0_27131 13351 15535 27131 -1 -1 2165 0.00216714
Chain
	Aln	201	+eadceb4d-9636-4bec-9571-6ddc7605672a 24 5826 5833 -edge_101_0_+disjointig_152_0_16051 10250 16044 16051 -1 -1 5654 0.00299601
Chain
	Aln	200	-eadceb4d-9636-4bec-9571-6ddc7605672a 6 5808 5833 +edge_101_0_+disjointig_152_0_16051 6 5800 16051 -1 -1 5654 0.00299601
Chain
	Aln	266	+08b935fc-e9b3-4247-8d7d-d2954fa7f273 6 5130 5135 +edge_134_0_+disjointig_176_2697_26044 9981 15096 23347 -1 -1 4798 0.00659988
Chain
	Aln	267	-08b935fc-e9b3-4247-8d7d-d2954fa7f273 4 5128 5135 -edge_134_0_+disjointig_176_2697_26044 8250 13365 23347 -1 -1 4798 0.00659988
Chain
	Aln	496	+8129721f-6ee6-45c4-972c-3b7c9fea5754 7 1783 1788 +edge_249_0_+disjointig_64_0_17082 7586 9362 17082 -1 -1 1776 0
Chain
	Aln	497	-8129721f-6ee6-45c4-972c-3b7c9fea5754 4 1780 1788 -edge_249_0_+disjointig_64_0_17082 7719 9495 17082 -1 -1 1776 0
Chain
	Aln	57	+eb8e7203-67b7-4a66-a2dd-8b88ac4d22a3 14 2356 2358 -edge_29_0_+disjointig_110_0_5172 2826 5170 5172 -1 -1 2314 0.00316998
Chain
	Aln	56	-eb8e7203-67b7-4a66-a2dd-8b88ac4d22a3 1 2343 2358 +edge_29_0_+disjointig_110_0_5172 1 2345 5172 -1 -1 2314 0.00316998
Chain
	Aln	569	+3a38730a-6756-4890-b356-e1e64071b560 4 3630 3634 -edge_285_0_+disjointig_92_0_14753 6206 9832 14753 -1 -1 3545 0.00449636
Chain
	Aln	568	-3a38730a-6756-4890-b356-e1e64071b560 3 3629 3634 +edge_285_0_+disjointig_92_0_14753 4920 8546 14753 -1 -1 3545 0.00449636
Chain
	Aln	499	+583d22c0-fb68-4c61-b1a3-1102136bf78d 1 1500 1600 -edge_250_0_+disjointig_65_0_6621 5121 6620 6621 -1 -1 1487 0.00273253
Chain
	Aln	498	-583d22c0-fb68-4c61-b1a3-1102136bf78d 99 1598 1600 +edge_250_0_+disjointig_65_0_6621 0 1499 6621 -1 -1 1487 0.00273253
Chain
	Aln	449	+07d0ff70-c412-4974-bb75-f39e3b0abdb8 12 7389 7391 -edge_225_0_+disjointig_40_0_20039 11 7395 20039 -1 -1 7338 0
Chain
	Aln	448	-07d0ff70-c412-4974-bb75-f39e3b0abdb8 1 7378 7391 +edge_225_0_+disjointig_40_0_20039 12643 20027 20039 -1 -1 7338 0
Chain
	Aln	329	+8e462ea6-67d2-4f55-bb16-1215501a3a81 10 1482 1491 -edge_165_0_+disjointig_193_0_5709 2331 3801 5709 -1 -1 1458 0.00166334
Chain
	Aln	328	-8e462ea6-67d2-4f55-bb16-1215501a3a81 8 1480 1491 +edge_165_0_+disjointig_193_0_5709 1907 3377 5709 -1 -1 1458 0.00166334
Chain
	Aln	313	+68482881-e6ff-429c-b49b-6710cedf0b46 13 4413 4415 -edge_157_0_+disjointig_188_0_21722 3481 7883 21722 -1 -1 4297 0.00193256
Chain
	Aln	312	-68482881-e6ff-429c-b49b-6710cedf0b46 1 4401 4415 +edge_157_0_+disjointig_188_0_21722 13838 18240 21722 -1 -1 4297 0.00193256
Chain
	Aln	421	+ea6cb7dd-8234-4e58-865d-364a3998daad 3 5899 5901 -edge_211_0_+disjointig_224_0_21383 9269 15171 21383 -1 -1 5814 0.0027186
Chain
	Aln	420	-ea6cb7dd-8234-4e58-865d-364a3998daad 1 5897 5901 +edge_211_0_+disjointig_224_0_21383 6211 12113 21383 -1 -1 5814 0.0027186
Chain
	Aln	135	+6d95098e-eda2-4dc2-a26c-5053758a38bf 6 15242 15251 -edge_68_0_+disjointig_133_0_30405 15168 30396 30405 -1 -1 14849 0.00185655
Chain
	Aln	134	-6d95098e-eda2-4dc2-a26c-5053758a38bf 8 15244 15251 +edge_68_0_+disjointig_133_0_30405 8 15236 30405 -1 -1 14849 0.00185655
Chain
	Aln	313	+35c32659-ab4f-43d3-89e3-15ab94ae2e75 15 3450 3452 -edge_157_0_+disjointig_188_0_21722 14 3450 21722 -1 -1 3427 0
Chain
	Aln	312	-35c32659-ab4f-43d3-89e3-15ab94ae2e75 1 3436 3452 +edge_157_0_+disjointig_188_0_21722 18271 21707 21722 -1 -1 3427 0
Chain
	Aln	65	+1968b36d-6530-40b4-a1bb-56d17934107f 36 7995 8000 -edge_33_0_+disjointig_114_0_23907 15937 23902 23907 -1 -1 7885 0.000271744
Chain
	Aln	64	-1968b36d-6530-40b4-a1bb-56d17934107f 4 7963 8000 +edge_33_0_+disjointig_114_0_23907 4 7969 23907 -1 -1 7885 0.000271744
Chain
	Aln	168	+48c725d1-ee5d-4778-81d8-d7119197a639 1080 2867 2873 +edge_85_0_+disjointig_138_0_19002 8 1793 19002 -1 -1 1736 0.00423004
Chain
	Aln	169	-48c725d1-ee5d-4778-81d8-d7119197a639 5 1792 2873 -edge_85_0_+disjointig_138_0_19002 17208 18993 19002 -1 -1 1736 0.00423004
Chain
	Aln	169	+1c6088b5-77ad-4b75-9b22-135d991f63a7 545 9241 9262 -edge_85_0_+disjointig_138_0_19002 17 8706 19002 -1 -1 8335 0.00287015
Chain
	Aln	168	-1c6088b5-77ad-4b75-9b22-135d991f63a7 20 8716 9262 +edge_85_0_+disjointig_138_0_19002 10295 18984 19002 -1 -1 8335 0.00287015
Chain
	Aln	134	+19e601ab-f684-4664-b3c3-0c0db9a711ae 18 1736 1741 +edge_68_0_+disjointig_133_0_30405 26791 28509 30405 -1 -1 1673 0.0039012
Chain
	Aln	135	-19e601ab-f684-4664-b3c3-0c0db9a711ae 4 1722 1741 -edge_68_0_+disjointig_133_0_30405 1895 3613 30405 -1 -1 1673 0.0039012
Chain
	Aln	33	+1ee5d635-a187-4284-a707-4cb5add7cf1c 2 2904 2908 -edge_17_0_+disjointig_105_0_37204 19130 22030 37204 -1 -1 2865 0.000365612
Chain
	Aln	32	-1ee5d635-a187-4284-a707-4cb5add7cf1c 3 2905 2908 +edge_17_0_+disjointig_105_0_37204 15173 18073 37204 -1 -1 2865 0.000365612
Chain
	Aln	499	+3ba2384c-bc08-4f8b-9fe5-959f21846d60 10 1157 1162 -edge_250_0_+disjointig_65_0_6621 2182 3338 6621 -1 -1 1091 0.00755958
Chain
	Aln	498	-3ba2384c-bc08-4f8b-9fe5-959f21846d60 4 1151 1162 +edge_250_0_+disjointig_65_0_6621 3282 4438 6621 -1 -1 1091 0.00755958
Chain
	Aln	98	+b54aaaeb-b0f4-466f-8f1a-35f2b97b6984 9 2874 2879 +edge_50_0_-disjointig_20_27042_46521 8733 11605 19479 -1 -1 2813 0.0031166
Chain
	Aln	99	-b54aaaeb-b0f4-466f-8f1a-35f2b97b6984 4 2869 2879 -edge_50_0_-disjointig_20_27042_46521 7873 10745 19479 -1 -1 2813 0.0031166
Chain
	Aln	223	+35cb8da4-bace-4f9b-b5d4-3c737f6c41ce 8 3010 3015 -edge_112_0_+disjointig_16_0_19673 16672 19668 19673 -1 -1 2982 0
Chain
	Aln	222	-35cb8da4-bace-4f9b-b5d4-3c737f6c41ce 4 3006 3015 +edge_112_0_+disjointig_16_0_19673 4 3000 19673 -1 -1 2982 0
Chain
	Aln	313	+4c76b7bb-e553-4b7e-8390-60be890d97fb 14 6881 7749 -edge_157_0_+disjointig_188_0_21722 7914 14769 21722 -1 -1 5702 0.0107432
Chain
	Aln	312	-4c76b7bb-e553-4b7e-8390-60be890d97fb 867 7734 7749 +edge_157_0_+disjointig_188_0_21722 6952 13807 21722 -1 -1 5702 0.0107432
Chain
	Aln	597	+f904ad82-db72-4350-b1a2-af67fe17d684 3 13893 13899 -edge_299_0_-disjointig_3_3692_21281 2151 16057 17589 -1 -1 13813 0.000562418
Chain
	Aln	596	-f904ad82-db72-4350-b1a2-af67fe17d684 5 13895 13899 +edge_299_0_-disjointig_3_3692_21281 1531 15437 17589 -1 -1 13813 0.000562418
Chain
	Aln	372	+58eac34f-1581-4965-82b7-5c47c8ce2490 6 2419 3283 +edge_187_0_+disjointig_207_0_4510 2083 4505 4510 -1 -1 2370 0.000861815
Chain
	Aln	373	-58eac34f-1581-4965-82b7-5c47c8ce2490 863 3276 3283 -edge_187_0_+disjointig_207_0_4510 4 2426 4510 -1 -1 2370 0.000861815
Chain
	Aln	381	+3482f96d-0c63-4e8b-90c7-9484016e0de0 17 16062 16071 -edge_191_0_+disjointig_211_0_17218 16 16059 17218 -1 -1 15731 0.00168699
Chain
	Aln	380	-3482f96d-0c63-4e8b-90c7-9484016e0de0 8 16053 16071 +edge_191_0_+disjointig_211_0_17218 1158 17201 17218 -1 -1 15731 0.00168699
Chain
	Aln	616	+bda1de83-cf5d-40d4-beb1-d14152a6e4bf 8 1120 1122 +edge_309_0_+disjointig_24_7647_16416 7501 8610 8769 -1 -1 1094 0.00308056
Chain
	Aln	617	-bda1de83-cf5d-40d4-beb1-d14152a6e4bf 1 1113 1122 -edge_309_0_+disjointig_24_7647_16416 158 1267 8769 -1 -1 1094 0.00308056
Chain
	Aln	183	+b49344c9-3169-4875-8973-d648386061ce 16 4742 4751 -edge_92_0_+disjointig_144_0_5398 15 4768 5398 -1 -1 4612 0.00412648
Chain
	Aln	182	-b49344c9-3169-4875-8973-d648386061ce 8 4734 4751 +edge_92_0_+disjointig_144_0_5398 629 5382 5398 -1 -1 4612 0.00412648
Chain
	Aln	470	+f27f1c26-bc0e-4ec8-a7eb-710067bfd132 3 1070 1083 +edge_236_0_+disjointig_51_0_49461 22232 23301 49461 -1 -1 976 0.00761223
Chain
	Aln	471	-f27f1c26-bc0e-4ec8-a7eb-710067bfd132 12 1079 1083 -edge_236_0_+disjointig_51_0_49461 26159 27228 49461 -1 -1 976 0.00761223
Chain
	Aln	110	+ceffce52-ace5-4341-ba53-08d2434a3583 8 1071 1077 +edge_56_0_+disjointig_121_0_39451 12631 13694 39451 -1 -1 1063 0
Chain
	Aln	111	-ceffce52-ace5-4341-ba53-08d2434a3583 5 1068 1077 -edge_56_0_+disjointig_121_0_39451 25756 26819 39451 -1 -1 1063 0
Chain
	Aln	364	+e8cf0992-b8a0-480a-b8c0-fcb9aa24679b 9 1047 1068 +edge_183_0_+disjointig_203_0_8381 4676 5737 8381 -1 -1 965 0.0082177
Chain
	Aln	365	-e8cf0992-b8a0-480a-b8c0-fcb9aa24679b 20 1058 1068 -edge_183_0_+disjointig_203_0_8381 2643 3704 8381 -1 -1 965 0.0082177
Chain
	Aln	458	+dd3d78a9-1eaa-4357-b562-7c47802615a0 6 6537 6541 +edge_230_0_+disjointig_46_0_27645 3554 10103 27645 -1 -1 6333 0.00531205
Chain
	Aln	459	-dd3d78a9-1eaa-4357-b562-7c47802615a0 3 6534 6541 -edge_230_0_+disjointig_46_0_27645 17541 24090 27645 -1 -1 6333 0.00531205
Chain
	Aln	127	+58071062-e99e-4abc-bec3-69415c6f7ec6 7 2010 2013 -edge_64_0_+disjointig_13_0_24381 1729 3732 24381 -1 -1 2003 0
Chain
	Aln	126	-58071062-e99e-4abc-bec3-69415c6f7ec6 2 2005 2013 +edge_64_0_+disjointig_13_0_24381 20648 22651 24381 -1 -1 2003 0
Chain
	Aln	192	+a433aa57-ee09-48ec-8e1d-3a5857879932 11 6668 6675 +edge_97_0_+disjointig_148_0_17767 2040 8700 17767 -1 -1 6589 0.00115524
Chain
	Aln	193	-a433aa57-ee09-48ec-8e1d-3a5857879932 6 6663 6675 -edge_97_0_+disjointig_148_0_17767 9066 15726 17767 -1 -1 6589 0.00115524
Chain
	Aln	603	+05119f4b-d287-40ad-ae2a-77c227e533e2 2 3154 3157 -edge_302_0_+disjointig_19_0_13806 8698 11853 13806 -1 -1 3149 0.000834803
Chain
	Aln	602	-05119f4b-d287-40ad-ae2a-77c227e533e2 2 3154 3157 +edge_302_0_+disjointig_19_0_13806 1952 5107 13806 -1 -1 3149 0.000834803
Chain
	Aln	69	+7681c5b3-bdc9-49cf-a18c-73d77703af5c 11 9384 9389 -edge_35_0_+disjointig_117_0_15377 5999 15372 15377 -1 -1 9276 0.00131446
Chain
	Aln	68	-7681c5b3-bdc9-49cf-a18c-73d77703af5c 4 9377 9389 +edge_35_0_+disjointig_117_0_15377 4 9377 15377 -1 -1 9276 0.00131446
Chain
	Aln	554	+513fe06f-0edf-4c97-a631-0bd40ecf547d 1138 2509 2515 +edge_278_0_+disjointig_93_0_9691 1 1370 9691 -1 -1 1362 0
Chain
	Aln	555	-513fe06f-0edf-4c97-a631-0bd40ecf547d 5 1376 2515 -edge_278_0_+disjointig_93_0_9691 8320 9689 9691 -1 -1 1362 0
Chain
	Aln	513	+02451dd8-68aa-4c09-80bf-1756176614ca 2 11485 11490 -edge_257_0_+disjointig_73_0_22764 9503 20995 22764 -1 -1 11340 0.000883924
Chain
	Aln	512	-02451dd8-68aa-4c09-80bf-1756176614ca 4 11487 11490 +edge_257_0_+disjointig_73_0_22764 1768 13260 22764 -1 -1 11340 0.000883924
Chain
	Aln	619	+43c198c1-ddd6-47e1-a5af-aa09200a9498 9 2469 2471 -edge_310_0_+disjointig_26_14870_67398 15158 17618 52528 -1 -1 2422 0.000966193
Chain
	Aln	618	-43c198c1-ddd6-47e1-a5af-aa09200a9498 1 2461 2471 +edge_310_0_+disjointig_26_14870_67398 34909 37369 52528 -1 -1 2422 0.000966193
Chain
	Aln	69	+dddab827-6347-493b-9182-aa125a3c93cd 14 3804 3806 -edge_35_0_+disjointig_117_0_15377 13 3802 15377 -1 -1 3753 0.000688325
Chain
	Aln	68	-dddab827-6347-493b-9182-aa125a3c93cd 1 3791 3806 +edge_35_0_+disjointig_117_0_15377 11574 15363 15377 -1 -1 3753 0.000688325
Chain
	Aln	615	+475efd51-91e1-428d-9674-eaf8e9e2dd19 1 2921 2939 -edge_308_0_+disjointig_218_2200_18386 11061 13981 16186 -1 -1 2905 0
Chain
	Aln	614	-475efd51-91e1-428d-9674-eaf8e9e2dd19 17 2937 2939 +edge_308_0_+disjointig_218_2200_18386 2204 5124 16186 -1 -1 2905 0
Chain
	Aln	419	+5ae5eda3-2de4-48ef-a682-286f5c8af649 11 13442 13444 -edge_210_0_+disjointig_223_0_24300 10887 24298 24300 -1 -1 13141 0.000877043
Chain
	Aln	418	-5ae5eda3-2de4-48ef-a682-286f5c8af649 1 13432 13444 +edge_210_0_+disjointig_223_0_24300 1 13412 24300 -1 -1 13141 0.000877043
Chain
	Aln	105	+e52d56fa-d841-4eb7-8a55-3ee3566e610b 8 5245 5249 -edge_53_0_+disjointig_20_20934_46521 15282 20518 25587 -1 -1 5204 0.00112041
Chain
	Aln	104	-e52d56fa-d841-4eb7-8a55-3ee3566e610b 3 5240 5249 +edge_53_0_+disjointig_20_20934_46521 5068 10304 25587 -1 -1 5204 0.00112041
Chain
	Aln	371	+b88dad68-f3dc-4513-b25d-ddbb7ddbdbd1 20 4585 4594 -edge_186_0_+disjointig_206_0_14112 17 4589 14112 -1 -1 4421 0.00477503
Chain
	Aln	370	-b88dad68-f3dc-4513-b25d-ddbb7ddbdbd1 8 4573 4594 +edge_186_0_+disjointig_206_0_14112 9522 14094 14112 -1 -1 4421 0.00477503
Chain
	Aln	540	+1093373a-1b56-4c35-8d94-7a96bf494ef1 16 8195 8201 +edge_271_0_+disjointig_86_0_15259 1940 10131 15259 -1 -1 8053 0.0011843
Chain
	Aln	541	-1093373a-1b56-4c35-8d94-7a96bf494ef1 5 8184 8201 -edge_271_0_+disjointig_86_0_15259 5127 13318 15259 -1 -1 8053 0.0011843
Chain
	Aln	33	+87219ed1-8a2b-4946-abbe-7b03b5758704 9 7219 7228 -edge_17_0_+disjointig_105_0_37204 8 7225 37204 -1 -1 7172 0
Chain
	Aln	32	-87219ed1-8a2b-4946-abbe-7b03b5758704 8 7218 7228 +edge_17_0_+disjointig_105_0_37204 29978 37195 37204 -1 -1 7172 0
Chain
	Aln	166	+38126c43-b276-4f11-a31e-bcee181eb05d 10 5090 5099 +edge_84_0_+disjointig_137_0_5311 224 5303 5311 -1 -1 5026 0
Chain
	Aln	167	-38126c43-b276-4f11-a31e-bcee181eb05d 8 5088 5099 -edge_84_0_+disjointig_137_0_5311 7 5086 5311 -1 -1 5026 0
Chain
	Aln	566	+91d3db2c-1f2c-48b2-8049-b9f170f654f5 2871 4774 4801 +edge_284_3_-disjointig_27_13072_16662 3 1913 3590 -1 -1 1863 0.0041785
Chain
	Aln	567	-91d3db2c-1f2c-48b2-8049-b9f170f654f5 26 1929 4801 -edge_284_3_-disjointig_27_13072_16662 1676 3586 3590 -1 -1 1863 0.0041785
Chain
	Aln	258	+d2f7da31-fbd0-4a79-a980-afccbaa9a4bf 10 6491 6493 +edge_130_0_+disjointig_173_0_6697 189 6676 6697 -1 -1 6386 0.00137517
Chain
	Aln	259	-d2f7da31-fbd0-4a79-a980-afccbaa9a4bf 1 6482 6493 -edge_130_0_+disjointig_173_0_6697 20 6507 6697 -1 -1 6386 0.00137517
Chain
	Aln	223	+ba8b7ea0-8371-4a30-b341-555f9dbe4376 11 7819 7821 -edge_112_0_+disjointig_16_0_19673 8767 16678 19673 -1 -1 7177 0.0059555
Chain
	Aln	222	-ba8b7ea0-8371-4a30-b341-555f9dbe4376 1 7809 7821 +edge_112_0_+disjointig_16_0_19673 2994 10905 19673 -1 -1 7177 0.0059555
Chain
	Aln	259	+127e502d-94fe-4fe7-8ddf-68d0042b679c 8 6479 6493 -edge_130_0_+disjointig_173_0_6697 7 6481 6697 -1 -1 6400 0.00110351
Chain
	Aln	258	-127e502d-94fe-4fe7-8ddf-68d0042b679c 13 6484 6493 +edge_130_0_+disjointig_173_0_6697 215 6689 6697 -1 -1 6400 0.00110351
Chain
	Aln	305	+a6c33c36-9ab8-47e8-b70c-46cb748abe06 7 2290 2293 -edge_153_0_+disjointig_184_0_6018 3730 6015 6018 -1 -1 2243 0.00330243
Chain
	Aln	304	-a6c33c36-9ab8-47e8-b70c-46cb748abe06 2 2285 2293 +edge_153_0_+disjointig_184_0_6018 2 2287 6018 -1 -1 2243 0.00330243
Chain
	Aln	383	+a2a9d91d-98c0-460c-bd41-fb08af73e135 21 2726 2737 -edge_192_0_+disjointig_212_0_2754 19 2743 2754 -1 -1 2385 0.0114254
Chain
	Aln	382	-a2a9d91d-98c0-460c-bd41-fb08af73e135 10 2715 2737 +edge_192_0_+disjointig_212_0_2754 10 2734 2754 -1 -1 2385 0.0114254
Chain
	Aln	546	+b14282d6-c259-4c09-9152-e7e07e52a56f 6 2915 2919 +edge_274_0_+disjointig_89_0_12448 1203 4112 12448 -1 -1 2865 0.00199083
Chain
	Aln	547	-b14282d6-c259-4c09-9152-e7e07e52a56f 3 2912 2919 -edge_274_0_+disjointig_89_0_12448 8335 11244 12448 -1 -1 2865 0.00199083
Chain
	Aln	566	+30f6f2fe-8960-46bc-a503-901d73dc4de5 56 2923 2935 +edge_284_3_-disjointig_27_13072_16662 3 2862 3590 -1 -1 2817 0.00242052
Chain
	Aln	567	-30f6f2fe-8960-46bc-a503-901d73dc4de5 11 2878 2935 -edge_284_3_-disjointig_27_13072_16662 727 3586 3590 -1 -1 2817 0.00242052
Chain
	Aln	238	+f5ba2563-fc07-4dad-af08-944d542ce888 481 3635 3642 +edge_120_0_+disjointig_168_0_3525 7 3159 3525 -1 -1 3132 8.92901e-05
Chain
	Aln	239	-f5ba2563-fc07-4dad-af08-944d542ce888 6 3160 3642 -edge_120_0_+disjointig_168_0_3525 365 3517 3525 -1 -1 3132 8.92901e-05
Chain
	Aln	579	+6fa0ea01-efd7-4b26-88e0-8d8e31fafe43 14 2389 2398 -edge_290_0_+disjointig_29_21894_25753 13 2393 3859 -1 -1 2360 0.00348413
Chain
	Aln	578	-6fa0ea01-efd7-4b26-88e0-8d8e31fafe43 8 2383 2398 +edge_290_0_+disjointig_29_21894_25753 1465 3845 3859 -1 -1 2360 0.00348413
Chain
	Aln	500	+e05080bf-b157-4743-8789-f5cffa95a030 29 3424 3431 +edge_251_0_+disjointig_66_0_3420 3 3393 3420 -1 -1 3354 0.002392
Chain
	Aln	501	-e05080bf-b157-4743-8789-f5cffa95a030 6 3401 3431 -edge_251_0_+disjointig_66_0_3420 26 3416 3420 -1 -1 3354 0.002392
Chain
	Aln	99	+d1f0cee7-aa17-4302-a22c-7febcab0d590 6 15864 16383 -edge_50_0_-disjointig_20_27042_46521 3623 19478 19479 -1 -1 15477 0.00273198
Chain
	Aln	98	-d1f0cee7-aa17-4302-a22c-7febcab0d590 518 16376 16383 +edge_50_0_-disjointig_20_27042_46521 0 15855 19479 -1 -1 15477 0.00273198
Chain
	Aln	501	+32c781dc-0e76-49d1-811e-1ee328f4cf86 11 3407 3411 -edge_251_0_+disjointig_66_0_3420 10 3416 3420 -1 -1 3305 0.00389289
Chain
	Aln	500	-32c781dc-0e76-49d1-811e-1ee328f4cf86 3 3399 3411 +edge_251_0_+disjointig_66_0_3420 3 3409 3420 -1 -1 3305 0.00389289
Chain
	Aln	563	+ca8b0f64-2c64-48c3-bcb1-cd2afb8983a8 13 2720 2729 -edge_282_0_+disjointig_97_0_15054 9579 12283 15054 -1 -1 2691 0
Chain
	Aln	562	-ca8b0f64-2c64-48c3-bcb1-cd2afb8983a8 8 2715 2729 +edge_282_0_+disjointig_97_0_15054 2770 5474 15054 -1 -1 2691 0
Chain
	Aln	1	+098e92ed-528b-4749-a8c1-50d242566077 14 4358 4361 -edge_1_0_+disjointig_1_0_4357 13 4354 4357 -1 -1 4284 0.000923913
Chain
	Aln	0	-098e92ed-528b-4749-a8c1-50d242566077 2 4346 4361 +edge_1_0_+disjointig_1_0_4357 2 4343 4357 -1 -1 4284 0.000923913
Chain
	Aln	616	+749a3e37-b3bb-4e39-8ea6-2d59faa7ce20 17 1019 1021 +edge_309_0_+disjointig_24_7647_16416 3630 4633 8769 -1 -1 947 0.00421056
Chain
	Aln	617	-749a3e37-b3bb-4e39-8ea6-2d59faa7ce20 1 1003 1021 -edge_309_0_+disjointig_24_7647_16416 4135 5138 8769 -1 -1 947 0.00421056
Chain
	Aln	547	+89149ab2-0b76-4cdf-89ca-7d0c0159cd2e 13 7516 7518 -edge_274_0_+disjointig_89_0_12448 4950 12446 12448 -1 -1 7375 0.00211785
Chain
	Aln	546	-89149ab2-0b76-4cdf-89ca-7d0c0159cd2e 1 7504 7518 +edge_274_0_+disjointig_89_0_12448 1 7497 12448 -1 -1 7375 0.00211785
Chain
	Aln	571	+e54ae52a-ca34-42af-b431-9ea71bc21ed6 21 3791 3938 -edge_286_0_+disjointig_107_2095_17520 11094 14858 15425 -1 -1 3059 0.0208151
Chain
	Aln	570	-e54ae52a-ca34-42af-b431-9ea71bc21ed6 146 3916 3938 +edge_286_0_+disjointig_107_2095_17520 566 4330 15425 -1 -1 3059 0.0208151
Chain
	Aln	562	+60b7b8a3-e84e-4f59-b5ea-f71ed73132d6 2 5435 5466 +edge_282_0_+disjointig_97_0_15054 2 5436 15054 -1 -1 5376 0
Chain
	Aln	563	-60b7b8a3-e84e-4f59-b5ea-f71ed73132d6 30 5463 5466 -edge_282_0_+disjointig_97_0_15054 9617 15051 15054 -1 -1 5376 0
Chain
	Aln	492	+233d2499-b6c4-4ef0-b418-74ed044077fb 11 4141 4144 +edge_247_0_+disjointig_6_0_23019 10011 14141 23019 -1 -1 4109 0.00147567
Chain
	Aln	493	-233d2499-b6c4-4ef0-b418-74ed044077fb 2 4132 4144 -edge_247_0_+disjointig_6_0_23019 8877 13007 23019 -1 -1 4109 0.00147567
Chain
	Aln	433	+4c598a98-5971-48cf-8692-77f991322f76 10 18194 18196 -edge_217_0_+disjointig_30_0_22207 3975 22205 22207 -1 -1 17350 0.00447265
Chain
	Aln	432	-4c598a98-5971-48cf-8692-77f991322f76 1 18185 18196 +edge_217_0_+disjointig_30_0_22207 1 18231 22207 -1 -1 17350 0.00447265
Chain
	Aln	564	+66b46553-5b76-4e31-aac7-476a2a85a52e 2060 9601 9604 +edge_283_0_+disjointig_99_0_9289 1 7548 9289 -1 -1 7403 0.000779746
Chain
	Aln	565	-66b46553-5b76-4e31-aac7-476a2a85a52e 2 7543 9604 -edge_283_0_+disjointig_99_0_9289 1740 9287 9289 -1 -1 7403 0.000779746
Chain
	Aln	330	+684c9f01-bd95-4e2b-85d2-b02850fb5e98 159 2488 2495 +edge_166_0_+disjointig_194_0_2850 11 2340 2850 -1 -1 2276 0.000637389
Chain
	Aln	331	-684c9f01-bd95-4e2b-85d2-b02850fb5e98 6 2335 2495 -edge_166_0_+disjointig_194_0_2850 509 2838 2850 -1 -1 2276 0.000637389
Chain
	Aln	602	+8058825f-0180-4545-980b-b85eafb17c79 10 3991 4442 +edge_302_0_+disjointig_19_0_13806 9825 13803 13806 -1 -1 3895 0.00237823
Chain
	Aln	603	-8058825f-0180-4545-980b-b85eafb17c79 450 4431 4442 -edge_302_0_+disjointig_19_0_13806 2 3980 13806 -1 -1 3895 0.00237823
Chain
	Aln	619	+dc6aa3da-081c-43ae-96c2-b7a8a81aa2ec 4 3695 3700 -edge_310_0_+disjointig_26_14870_67398 2586 6278 52528 -1 -1 3647 0.00180944
Chain
	Aln	618	-dc6aa3da-081c-43ae-96c2-b7a8a81aa2ec 4 3695 3700 +edge_310_0_+disjointig_26_14870_67398 46249 49941 52528 -1 -1 3647 0.00180944
Chain
	Aln	216	+565f7667-dd28-457c-a73f-3b089b18a512 967 4207 5316 +edge_109_0_+disjointig_157_0_3517 271 3507 3517 -1 -1 3130 0.00517988
Chain
	Aln	217	-565f7667-dd28-457c-a73f-3b089b18a512 1108 4348 5316 -edge_109_0_+disjointig_157_0_3517 9 3245 3517 -1 -1 3130 0.00517988
Chain
	Aln	127	+4043c306-cffb-49a5-bc4e-ddaf0f0be4f5 14 1977 1983 -edge_64_0_+disjointig_13_0_24381 20744 22710 24381 -1 -1 1923 0.000973566
Chain
	Aln	126	-4043c306-cffb-49a5-bc4e-ddaf0f0be4f5 5 1968 1983 +edge_64_0_+disjointig_13_0_24381 1670 3636 24381 -1 -1 1923 0.000973566
Chain
	Aln	436	+6dc31b0b-33ab-415d-9626-269ace31c073 7 1068 1078 +edge_219_0_+disjointig_34_0_8639 6282 7346 8639 -1 -1 1019 0.00496285
Chain
	Aln	437	-6dc31b0b-33ab-415d-9626-269ace31c073 9 1070 1078 -edge_219_0_+disjointig_34_0_8639 1292 2356 8639 -1 -1 1019 0.00496285
Chain
	Aln	470	+b84a611c-ea97-4947-a7d2-a10390bcdc52 10 5606 5610 +edge_236_0_+disjointig_51_0_49461 27882 33482 49461 -1 -1 5551 0.00102954
Chain
	Aln	471	-b84a611c-ea97-4947-a7d2-a10390bcdc52 3 5599 5610 -edge_236_0_+disjointig_51_0_49461 15978 21578 49461 -1 -1 5551 0.00102954
Chain
	Aln	241	+e2c97abd-1eec-41b6-8631-b7f597a1f3e0 10 2922 2924 -edge_121_0_+disjointig_169_0_5721 2812 5719 5721 -1 -1 2879 0.00205146
Chain
	Aln	240	-e2c97abd-1eec-41b6-8631-b7f597a1f3e0 1 2913 2924 +edge_121_0_+disjointig_169_0_5721 1 2908 5721 -1 -1 2879 0.00205146
Chain
	Aln	175	+334e44c5-41cc-4eff-b58c-64e5a256fb56 12 9175 9179 -edge_88_0_+disjointig_140_0_12110 11 9201 12110 -1 -1 8700 0.00647455
Chain
	Aln	174	-334e44c5-41cc-4eff-b58c-64e5a256fb56 3 9166 9179 +edge_88_0_+disjointig_140_0_12110 2908 12098 12110 -1 -1 8700 0.00647455
Chain
	Aln	449	+8fb239f4-b0ab-4962-967b-ba8fd95a2384 7 2714 2718 -edge_225_0_+disjointig_40_0_20039 2369 5117 20039 -1 -1 2488 0.00774788
Chain
	Aln	448	-8fb239f4-b0ab-4962-967b-ba8fd95a2384 3 2710 2718 +edge_225_0_+disjointig_40_0_20039 14921 17669 20039 -1 -1 2488 0.00774788
Chain
	Aln	606	+9fabc984-468a-41b5-aef8-69afc3732dda 6325 8952 8955 +edge_304_0_+disjointig_197_0_16178 179 2875 16178 -1 -1 2463 0.00730259
Chain
	Aln	607	-9fabc984-468a-41b5-aef8-69afc3732dda 2 2629 8955 -edge_304_0_+disjointig_197_0_16178 13302 15998 16178 -1 -1 2463 0.00730259
Chain
	Aln	550	+69332f0a-f443-4f80-b566-cab872fbade8 3 2593 3357 +edge_276_0_+disjointig_90_0_9159 6561 9150 9159 -1 -1 2576 9.83775e-05
Chain
	Aln	551	-69332f0a-f443-4f80-b566-cab872fbade8 763 3353 3357 -edge_276_0_+disjointig_90_0_9159 8 2597 9159 -1 -1 2576 9.83775e-05
Chain
	Aln	181	+f96e7ca8-1afb-4d32-9e49-677ce208cf4b 3 2505 2524 -edge_91_0_+disjointig_143_0_8150 5628 8130 8150 -1 -1 2500 0
Chain
	Aln	180	-f96e7ca8-1afb-4d32-9e49-677ce208cf4b 18 2520 2524 +edge_91_0_+disjointig_143_0_8150 19 2521 8150 -1 -1 2500 0
Chain
	Aln	471	+7344eb96-271c-42eb-9d9b-70a8ecfedcf5 3 14512 14517 -edge_236_0_+disjointig_51_0_49461 31654 46175 49461 -1 -1 14371 0.000726563
Chain
	Aln	470	-7344eb96-271c-42eb-9d9b-70a8ecfedcf5 4 14513 14517 +edge_236_0_+disjointig_51_0_49461 3285 17806 49461 -1 -1 14371 0.000726563
Chain
	Aln	484	+fee6d721-8ffb-4dc5-8e03-9bb32165a55b 7 2079 2104 +edge_243_0_+disjointig_56_0_49321 20324 22395 49321 -1 -1 2062 0.00207958
Chain
	Aln	485	-fee6d721-8ffb-4dc5-8e03-9bb32165a55b 24 2096 2104 -edge_243_0_+disjointig_56_0_49321 26925 28996 49321 -1 -1 2062 0.00207958
Chain
	Aln	290	+188bc0df-5eca-4f81-8693-5bce47462670 16 3053 3940 +edge_146_0_+disjointig_182_0_5974 2934 5971 5974 -1 -1 3007 0.00170336
Chain
	Aln	291	-188bc0df-5eca-4f81-8693-5bce47462670 886 3923 3940 -edge_146_0_+disjointig_182_0_5974 2 3039 5974 -1 -1 3007 0.00170336
Chain
	Aln	461	+45b7230b-4446-4088-9ac6-3b7f8c39e3aa 1130 15694 15696 -edge_231_0_+disjointig_47_0_14578 13 14576 14578 -1 -1 14514 0
Chain
	Aln	460	-45b7230b-4446-4088-9ac6-3b7f8c39e3aa 1 14565 15696 +edge_231_0_+disjointig_47_0_14578 1 14564 14578 -1 -1 14514 0
Chain
	Aln	618	+058f71f4-b301-4ec8-8964-d80ed535233b 9 4014 4019 +edge_310_0_+disjointig_26_14870_67398 42072 46091 52528 -1 -1 3284 0.0208885
Chain
	Aln	619	-058f71f4-b301-4ec8-8964-d80ed535233b 4 4009 4019 -edge_310_0_+disjointig_26_14870_67398 6436 10455 52528 -1 -1 3284 0.0208885
Chain
	Aln	169	+3f10bd5a-a639-4125-b3e3-c63c8906c72b 3416 6610 6616 -edge_85_0_+disjointig_138_0_19002 32 3324 19002 -1 -1 2921 0.00739331
Chain
	Aln	168	-3f10bd5a-a639-4125-b3e3-c63c8906c72b 5 3199 6616 +edge_85_0_+disjointig_138_0_19002 15677 18969 19002 -1 -1 2921 0.00739331
Chain
	Aln	523	+6b146643-4e8c-40c1-b538-4aeebfd161d5 8 5151 5155 -edge_262_0_+disjointig_77_0_16459 3978 9134 16459 -1 -1 5002 0.0033207
Chain
	Aln	522	-6b146643-4e8c-40c1-b538-4aeebfd161d5 3 5146 5155 +edge_262_0_+disjointig_77_0_16459 7324 12480 16459 -1 -1 5002 0.0033207
Chain
	Aln	569	+bd2687e2-39bd-4b7f-bf64-33faac16d9ca 4 1054 1063 -edge_285_0_+disjointig_92_0_14753 2189 3238 14753 -1 -1 972 0.00867098
Chain
	Aln	568	-bd2687e2-39bd-4b7f-bf64-33faac16d9ca 8 1058 1063 +edge_285_0_+disjointig_92_0_14753 11514 12563 14753 -1 -1 972 0.00867098
Chain
	Aln	127	+4f685e28-8b30-48c6-9dec-50291b71d1ed 16 6104 6114 -edge_64_0_+disjointig_13_0_24381 10798 16887 24381 -1 -1 5841 0.00341122
Chain
	Aln	126	-4f685e28-8b30-48c6-9dec-50291b71d1ed 9 6097 6114 +edge_64_0_+disjointig_13_0_24381 7493 13582 24381 -1 -1 5841 0.00341122
Chain
	Aln	568	+b7c26c88-03ab-4d7e-92d3-3a83e42dc061 16 1058 1064 +edge_285_0_+disjointig_92_0_14753 11501 12541 14753 -1 -1 1008 0.00645447
Chain
	Aln	569	-b7c26c88-03ab-4d7e-92d3-3a83e42dc061 5 1047 1064 -edge_285_0_+disjointig_92_0_14753 2211 3251 14753 -1 -1 1008 0.00645447
Chain
	Aln	436	+5b3c4c1a-93a1-4022-9d62-841913470cc1 24 1923 2206 +edge_219_0_+disjointig_34_0_8639 6719 8618 8639 -1 -1 1899 0
Chain
	Aln	437	-5b3c4c1a-93a1-4022-9d62-841913470cc1 282 2181 2206 -edge_219_0_+disjointig_34_0_8639 20 1919 8639 -1 -1 1899 0
Chain
	Aln	619	+303659fb-31a2-41c6-83c3-59185fb349a1 20 3232 3251 -edge_310_0_+disjointig_26_14870_67398 48119 51362 52528 -1 -1 2420 0.0261996
Chain
	Aln	618	-303659fb-31a2-41c6-83c3-59185fb349a1 18 3230 3251 +edge_310_0_+disjointig_26_14870_67398 1165 4408 52528 -1 -1 2420 0.0261996
Chain
	Aln	618	+dd7ebf32-73da-4e1c-a184-1f39683d71cf 16 1401 1406 +edge_310_0_+disjointig_26_14870_67398 29900 31294 52528 -1 -1 1214 0.0122147
Chain
	Aln	619	-dd7ebf32-73da-4e1c-a184-1f39683d71cf 4 1389 1406 -edge_310_0_+disjointig_26_14870_67398 21233 22627 52528 -1 -1 1214 0.0122147
Chain
	Aln	262	+6e8a13ee-dce4-4b19-878a-b894522b805e 7 1075 1080 +edge_132_0_+disjointig_175_0_17909 13662 14728 17909 -1 -1 1055 0.00419493
Chain
	Aln	263	-6e8a13ee-dce4-4b19-878a-b894522b805e 4 1072 1080 -edge_132_0_+disjointig_175_0_17909 3180 4246 17909 -1 -1 1055 0.00419493
Chain
	Aln	105	+6d5a3e9e-9381-43eb-a72d-ae5900ed6075 20 4726 4744 -edge_53_0_+disjointig_20_20934_46521 5888 10590 25587 -1 -1 4548 0.0051027
Chain
	Aln	104	-6d5a3e9e-9381-43eb-a72d-ae5900ed6075 17 4723 4744 +edge_53_0_+disjointig_20_20934_46521 14996 19698 25587 -1 -1 4548 0.0051027
Chain
	Aln	556	+e227a5c3-4939-4791-8d70-40db293913e4 12 9004 9010 +edge_279_0_+disjointig_94_0_11499 2495 11494 11499 -1 -1 8798 0.00310689
Chain
	Aln	557	-e227a5c3-4939-4791-8d70-40db293913e4 5 8997 9010 -edge_279_0_+disjointig_94_0_11499 4 9003 11499 -1 -1 8798 0.00310689
Chain
	Aln	620	+d59d1e98-0bfe-408b-b6a9-0c93371cc814 20 1385 1446 +edge_311_0_-disjointig_75_0_18849 17334 18703 18849 -1 -1 1232 0.0114378
Chain
	Aln	621	-d59d1e98-0bfe-408b-b6a9-0c93371cc814 60 1425 1446 -edge_311_0_-disjointig_75_0_18849 145 1514 18849 -1 -1 1232 0.0114378
Chain
	Aln	538	+6de62bd0-d559-4107-b475-3e663b8982e5 4463 16011 16023 +edge_270_0_+disjointig_84_0_11280 0 11269 11280 -1 -1 9803 0.00601184
Chain
	Aln	539	-6de62bd0-d559-4107-b475-3e663b8982e5 11 11559 16023 -edge_270_0_+disjointig_84_0_11280 10 11279 11280 -1 -1 9803 0.00601184
Chain
	Aln	193	+a81403da-56c8-47ae-8b12-7413ebb8c577 11 2607 2612 -edge_97_0_+disjointig_148_0_17767 4577 7173 17767 -1 -1 2539 0.00254159
Chain
	Aln	192	-a81403da-56c8-47ae-8b12-7413ebb8c577 4 2600 2612 +edge_97_0_+disjointig_148_0_17767 10593 13189 17767 -1 -1 2539 0.00254159
Chain
	Aln	351	+28aaa81f-4e3b-4420-81c1-94549bfeaf0a 12 2720 2722 -edge_176_0_+disjointig_2_0_2718 11 2716 2718 -1 -1 2692 0.00259355
Chain
	Aln	350	-28aaa81f-4e3b-4420-81c1-94549bfeaf0a 1 2709 2722 +edge_176_0_+disjointig_2_0_2718 1 2706 2718 -1 -1 2692 0.00259355
Chain
	Aln	214	+1d7d904b-d783-45fb-b0ed-19fa44bfe657 1 3287 3289 +edge_108_0_+disjointig_156_0_10218 1 3283 10218 -1 -1 3187 0.00168117
Chain
	Aln	215	-1d7d904b-d783-45fb-b0ed-19fa44bfe657 1 3287 3289 -edge_108_0_+disjointig_156_0_10218 6934 10216 10218 -1 -1 3187 0.00168117
Chain
	Aln	458	+398c960f-92c3-4f92-b8c4-b45334465652 1 1954 3311 +edge_230_0_+disjointig_46_0_27645 17267 19215 27645 -1 -1 1942 8.12586e-05
Chain
	Aln	459	-398c960f-92c3-4f92-b8c4-b45334465652 1356 3309 3311 -edge_230_0_+disjointig_46_0_27645 8429 10377 27645 -1 -1 1942 8.12586e-05
Chain
	Aln	616	+770b710c-9abc-4bfe-9d15-e6966337a916 8 1404 1406 +edge_309_0_+disjointig_24_7647_16416 500 1897 8769 -1 -1 1383 0.00306888
Chain
	Aln	617	-770b710c-9abc-4bfe-9d15-e6966337a916 1 1397 1406 -edge_309_0_+disjointig_24_7647_16416 6871 8268 8769 -1 -1 1383 0.00306888
Chain
	Aln	443	+a990ef7f-c1f8-4428-adc7-2c70079f1f1a 15 9072 9080 -edge_222_0_+disjointig_38_0_9702 14 9073 9702 -1 -1 8945 0.00151373
Chain
	Aln	442	-a990ef7f-c1f8-4428-adc7-2c70079f1f1a 7 9064 9080 +edge_222_0_+disjointig_38_0_9702 628 9687 9702 -1 -1 8945 0.00151373
Chain
	Aln	196	+95b1fed0-8d4c-44d9-8304-e4eae9abb461 4 2152 2155 +edge_99_0_+disjointig_150_0_4403 1436 3585 4403 -1 -1 2128 0
Chain
	Aln	197	-95b1fed0-8d4c-44d9-8304-e4eae9abb461 2 2150 2155 -edge_99_0_+disjointig_150_0_4403 817 2966 4403 -1 -1 2128 0
Chain
	Aln	619	+80f59637-d558-4665-81fd-a390262f08b2 12 7718 7726 -edge_310_0_+disjointig_26_14870_67398 7864 15561 52528 -1 -1 7580 0.0016581
Chain
	Aln	618	-80f59637-d558-4665-81fd-a390262f08b2 7 7713 7726 +edge_310_0_+disjointig_26_14870_67398 36966 44663 52528 -1 -1 7580 0.0016581
Chain
	Aln	50	+b05b0d6b-b760-49fc-ba47-d47c963122a9 45 6761 6772 +edge_26_0_+disjointig_108_0_6734 5 6724 6734 -1 -1 6652 0.00147532
Chain
	Aln	51	-b05b0d6b-b760-49fc-ba47-d47c963122a9 10 6726 6772 -edge_26_0_+disjointig_108_0_6734 9 6728 6734 -1 -1 6652 0.00147532
Chain
	Aln	484	+dbce7f6e-1681-47cc-aa1b-0d35976aae0f 24 10670 10681 +edge_243_0_+disjointig_56_0_49321 38664 49311 49321 -1 -1 10481 0.00145494
Chain
	Aln	485	-dbce7f6e-1681-47cc-aa1b-0d35976aae0f 10 10656 10681 -edge_243_0_+disjointig_56_0_49321 9 10656 49321 -1 -1 10481 0.00145494
Chain
	Aln	535	+917b7fa0-e31d-4297-bc8d-da2e0621c429 30 10881 10883 -edge_268_0_+disjointig_82_0_14967 3596 14965 14967 -1 -1 7978 0.0213562
Chain
	Aln	534	-917b7fa0-e31d-4297-bc8d-da2e0621c429 1 10852 10883 +edge_268_0_+disjointig_82_0_14967 1 11370 14967 -1 -1 7978 0.0213562
Chain
	Aln	432	+343d26e9-3933-4fab-842d-e1d653efeb80 6 6286 6297 +edge_217_0_+disjointig_30_0_22207 15929 22197 22207 -1 -1 5815 0.00932687
Chain
	Aln	433	-343d26e9-3933-4fab-842d-e1d653efeb80 10 6290 6297 -edge_217_0_+disjointig_30_0_22207 9 6277 22207 -1 -1 5815 0.00932687
Chain
	Aln	180	+f8af34e1-b1cf-42c9-813a-5543756121ea 11 1751 2977 +edge_91_0_+disjointig_143_0_8150 6404 8144 8150 -1 -1 1729 0.00404636
Chain
	Aln	181	-f8af34e1-b1cf-42c9-813a-5543756121ea 1225 2965 2977 -edge_91_0_+disjointig_143_0_8150 5 1745 8150 -1 -1 1729 0.00404636
Chain
	Aln	58	+ca3d728c-6802-466b-9fb3-d0bf7e74e223 7 16333 16337 +edge_30_0_+disjointig_111_0_22964 6611 22961 22964 -1 -1 15639 0.0052203
Chain
	Aln	59	-ca3d728c-6802-466b-9fb3-d0bf7e74e223 3 16329 16337 -edge_30_0_+disjointig_111_0_22964 2 16352 22964 -1 -1 15639 0.0052203
Chain
	Aln	491	+1750e785-99f1-4147-b1cc-44a88272f829 17 2273 2280 -edge_246_0_+disjointig_59_0_11538 9276 11531 11538 -1 -1 2254 0
Chain
	Aln	490	-1750e785-99f1-4147-b1cc-44a88272f829 6 2262 2280 +edge_246_0_+disjointig_59_0_11538 6 2261 11538 -1 -1 2254 0
Chain
	Aln	111	+b0400398-748e-46d6-8c8e-6c4e82b498f3 813 1975 1977 -edge_56_0_+disjointig_121_0_39451 12 1174 39451 -1 -1 1041 0.0153547
Chain
	Aln	110	-b0400398-748e-46d6-8c8e-6c4e82b498f3 1 1163 1977 +edge_56_0_+disjointig_121_0_39451 38276 39438 39451 -1 -1 1041 0.0153547
Chain
	Aln	437	+5c1e74a0-89f8-442b-bfed-40576d31ceae 13 8645 9003 -edge_219_0_+disjointig_34_0_8639 12 8638 8639 -1 -1 8324 0.00334518
Chain
	Aln	436	-5c1e74a0-89f8-442b-bfed-40576d31ceae 357 8989 9003 +edge_219_0_+disjointig_34_0_8639 0 8626 8639 -1 -1 8324 0.00334518
Chain
	Aln	548	+63863b3a-f403-4dea-9b51-fa3672b61a1c 6 4113 4115 +edge_275_0_+disjointig_9_0_50887 44465 48570 50887 -1 -1 4096 0
Chain
	Aln	549	-63863b3a-f403-4dea-9b51-fa3672b61a1c 1 4108 4115 -edge_275_0_+disjointig_9_0_50887 2316 6421 50887 -1 -1 4096 0
Chain
	Aln	491	+9c69613c-88cc-4dab-9ee2-6c8a9e69ade7 9 3690 5047 -edge_246_0_+disjointig_59_0_11538 7857 11537 11538 -1 -1 3674 0
Chain
	Aln	490	-9c69613c-88cc-4dab-9ee2-6c8a9e69ade7 1356 5037 5047 +edge_246_0_+disjointig_59_0_11538 0 3680 11538 -1 -1 3674 0
Chain
	Aln	411	+4bc7ecf2-faad-446a-b17e-71a12aded5e3 8 1360 1511 -edge_206_0_+disjointig_22_0_4000 2647 3999 4000 -1 -1 1352 0.000412139
Chain
	Aln	410	-4bc7ecf2-faad-446a-b17e-71a12aded5e3 150 1502 1511 +edge_206_0_+disjointig_22_0_4000 0 1352 4000 -1 -1 1352 0.000412139
Chain
	Aln	435	+7982d4c6-ab27-4390-a62c-1b65524c8b76 24 6195 7536 -edge_218_0_+disjointig_33_0_6198 21 6197 6198 -1 -1 5976 0.00418921
Chain
	Aln	434	-7982d4c6-ab27-4390-a62c-1b65524c8b76 1340 7511 7536 +edge_218_0_+disjointig_33_0_6198 0 6176 6198 -1 -1 5976 0.00418921
Chain
	Aln	305	+e77e2290-6fc3-43de-82be-89938b87fe35 13 6015 9726 -edge_153_0_+disjointig_184_0_6018 12 6017 6018 -1 -1 5901 0.00299134
Chain
	Aln	304	-e77e2290-6fc3-43de-82be-89938b87fe35 3710 9712 9726 +edge_153_0_+disjointig_184_0_6018 0 6005 6018 -1 -1 5901 0.00299134
Chain
	Aln	470	+50304693-4be9-493b-98b2-0318368a6251 5 2163 2171 +edge_236_0_+disjointig_51_0_49461 32567 34730 49461 -1 -1 2116 0.00412245
Chain
	Aln	471	-50304693-4be9-493b-98b2-0318368a6251 7 2165 2171 -edge_236_0_+disjointig_51_0_49461 14730 16893 49461 -1 -1 2116 0.00412245
Chain
	Aln	549	+d0c3c46a-2693-4e51-8f34-26716d9744d8 8 5649 5659 -edge_275_0_+disjointig_9_0_50887 19968 25630 50887 -1 -1 5420 0.00458268
Chain
	Aln	548	-d0c3c46a-2693-4e51-8f34-26716d9744d8 9 5650 5659 +edge_275_0_+disjointig_9_0_50887 25256 30918 50887 -1 -1 5420 0.00458268
Chain
	Aln	511	+abab3eda-27f8-4858-8461-ea1ab9dff7ad 19 10429 10432 -edge_256_0_+disjointig_72_0_15554 5139 15551 15554 -1 -1 10187 0.00121561
Chain
	Aln	510	-abab3eda-27f8-4858-8461-ea1ab9dff7ad 2 10412 10432 +edge_256_0_+disjointig_72_0_15554 2 10414 15554 -1 -1 10187 0.00121561
Chain
	Aln	328	+47613380-e71c-43fc-b34a-6bd4a4f93e16 42 3332 3339 +edge_165_0_+disjointig_193_0_5709 2421 5703 5709 -1 -1 3227 0.00267588
Chain
	Aln	329	-47613380-e71c-43fc-b34a-6bd4a4f93e16 6 3296 3339 -edge_165_0_+disjointig_193_0_5709 5 3287 5709 -1 -1 3227 0.00267588
Chain
	Aln	65	+4505f98c-1c5f-467b-b063-7fa15a6a4e78 6 4455 4462 -edge_33_0_+disjointig_114_0_23907 1900 6353 23907 -1 -1 4378 0.0025339
Chain
	Aln	64	-4505f98c-1c5f-467b-b063-7fa15a6a4e78 6 4455 4462 +edge_33_0_+disjointig_114_0_23907 17553 22006 23907 -1 -1 4378 0.0025339
Chain
	Aln	117	+58ae83ee-06e2-4f87-bfb5-ddeb6bc0e54e 14 1082 1880 -edge_59_0_+disjointig_124_0_25305 24133 25201 25305 -1 -1 1068 0
Chain
	Aln	116	-58ae83ee-06e2-4f87-bfb5-ddeb6bc0e54e 797 1865 1880 +edge_59_0_+disjointig_124_0_25305 103 1171 25305 -1 -1 1068 0
Chain
	Aln	228	+2d5a743c-4e84-4ddc-bdbd-8d89c1d53b38 10 1206 1644 +edge_115_0_+disjointig_162_0_11767 10570 11765 11767 -1 -1 1187 0.00291702
Chain
	Aln	229	-2d5a743c-4e84-4ddc-bdbd-8d89c1d53b38 437 1633 1644 -edge_115_0_+disjointig_162_0_11767 1 1196 11767 -1 -1 1187 0.00291702
Chain
	Aln	277	+c5c67368-dc4d-4e2a-90d0-8d6fb8c9d2b3 4 3475 8011 -edge_139_0_+disjointig_179_0_16477 13028 16464 16477 -1 -1 3138 0.00945052
Chain
	Aln	333	+c5c67368-dc4d-4e2a-90d0-8d6fb8c9d2b3 5905 8006 8011 -edge_167_0_+disjointig_195_0_14225 12 2102 14225 -1 -1 1765 0.0157396
Chain
	Aln	276	-c5c67368-dc4d-4e2a-90d0-8d6fb8c9d2b3 4535 8006 8011 +edge_139_0_+disjointig_179_0_16477 12 3448 16477 -1 -1 3138 0.00945052
Chain
	Aln	332	-c5c67368-dc4d-4e2a-90d0-8d6fb8c9d2b3 4 2105 8011 +edge_167_0_+disjointig_195_0_14225 12122 14212 14225 -1 -1 1765 0.0157396
Chain
	Aln	242	+56c71b50-6f88-4187-a397-8eea19cd4fcb 2 1575 1579 +edge_122_0_+disjointig_17_0_27131 4280 5850 27131 -1 -1 1528 0.00204096
Chain
	Aln	243	-56c71b50-6f88-4187-a397-8eea19cd4fcb 3 1576 1579 -edge_122_0_+disjointig_17_0_27131 21280 22850 27131 -1 -1 1528 0.00204096
Chain
	Aln	524	+b5307b44-0f9d-43b8-b291-fceeb69c1844 9 1814 1821 +edge_263_0_+disjointig_78_0_9581 254 2060 9581 -1 -1 1700 0.00889662
Chain
	Aln	525	-b5307b44-0f9d-43b8-b291-fceeb69c1844 6 1811 1821 -edge_263_0_+disjointig_78_0_9581 7520 9326 9581 -1 -1 1700 0.00889662
Chain
	Aln	122	+0e0a0d21-d40f-4518-9c60-54671dcf667a 20 1240 1243 +edge_62_0_+disjointig_128_0_6167 4604 5824 6167 -1 -1 1200 0.00212009
Chain
	Aln	123	-0e0a0d21-d40f-4518-9c60-54671dcf667a 2 1222 1243 -edge_62_0_+disjointig_128_0_6167 342 1562 6167 -1 -1 1200 0.00212009
Chain
	Aln	459	+438809f0-2ca1-4aca-9dd5-9472a78d4f20 13 7884 7889 -edge_230_0_+disjointig_46_0_27645 9637 17517 27645 -1 -1 7686 0.0015148
Chain
	Aln	458	-438809f0-2ca1-4aca-9dd5-9472a78d4f20 4 7875 7889 +edge_230_0_+disjointig_46_0_27645 10127 18007 27645 -1 -1 7686 0.0015148
Chain
	Aln	598	+9b1d79eb-9bc9-4886-afae-a8eae1ed2df5 7 1195 1201 +edge_300_0_+disjointig_183_0_42239 21034 22223 42239 -1 -1 1169 0.00490167
Chain
	Aln	599	-9b1d79eb-9bc9-4886-afae-a8eae1ed2df5 5 1193 1201 -edge_300_0_+disjointig_183_0_42239 20015 21204 42239 -1 -1 1169 0.00490167
Chain
	Aln	621	+7e96f18d-5810-4e93-b69d-4e619313b2cb 9 17313 17315 -edge_311_0_-disjointig_75_0_18849 1537 18847 18849 -1 -1 17146 0.000302406
Chain
	Aln	620	-7e96f18d-5810-4e93-b69d-4e619313b2cb 1 17305 17315 +edge_311_0_-disjointig_75_0_18849 1 17311 18849 -1 -1 17146 0.000302406
Chain
	Aln	331	+cdf44ed4-7353-4242-a5c7-f416432c37e6 14 1063 1864 -edge_166_0_+disjointig_194_0_2850 1793 2842 2850 -1 -1 1049 0
Chain
	Aln	330	-cdf44ed4-7353-4242-a5c7-f416432c37e6 800 1849 1864 +edge_166_0_+disjointig_194_0_2850 7 1056 2850 -1 -1 1049 0
Chain
	Aln	401	+b1d651e8-6f18-4288-866a-78bb082425cf 13 2871 2873 -edge_201_0_+disjointig_25_3216_27003 12 2867 23787 -1 -1 2832 0.00176499
Chain
	Aln	400	-b1d651e8-6f18-4288-866a-78bb082425cf 1 2859 2873 +edge_201_0_+disjointig_25_3216_27003 20919 23774 23787 -1 -1 2832 0.00176499
Chain
	Aln	562	+edc30ce1-a567-4467-af17-449a7e425dab 9 11709 11714 +edge_282_0_+disjointig_97_0_15054 3358 15050 15054 -1 -1 11540 0.00119736
Chain
	Aln	563	-edc30ce1-a567-4467-af17-449a7e425dab 4 11704 11714 -edge_282_0_+disjointig_97_0_15054 3 11695 15054 -1 -1 11540 0.00119736
Chain
	Aln	366	+88565380-32ac-4bec-9ca7-f55a58d4a484 2 1834 1916 +edge_184_0_+disjointig_204_0_2238 403 2234 2238 -1 -1 1831 0
Chain
	Aln	367	-88565380-32ac-4bec-9ca7-f55a58d4a484 81 1913 1916 -edge_184_0_+disjointig_204_0_2238 3 1834 2238 -1 -1 1831 0
Chain
	Aln	595	+45d17694-ff3b-4085-9b1a-4f5f091d02d1 30 5311 5313 -edge_298_0_+disjointig_61_0_7824 2548 7822 7824 -1 -1 5127 0.00136011
Chain
	Aln	594	-45d17694-ff3b-4085-9b1a-4f5f091d02d1 1 5282 5313 +edge_298_0_+disjointig_61_0_7824 1 5275 7824 -1 -1 5127 0.00136011
Chain
	Aln	117	+85f83486-c334-47ce-acf5-81d8e6ccf730 12 1641 1644 -edge_59_0_+disjointig_124_0_25305 9663 11292 25305 -1 -1 1615 0.00138168
Chain
	Aln	116	-85f83486-c334-47ce-acf5-81d8e6ccf730 2 1631 1644 +edge_59_0_+disjointig_124_0_25305 14012 15641 25305 -1 -1 1615 0.00138168
Chain
	Aln	61	+e49af5c6-9c11-465b-a557-1a6ffe8e1b84 10 1294 1301 -edge_31_0_+disjointig_112_0_7290 1835 3116 7290 -1 -1 1251 0.00349361
Chain
	Aln	60	-e49af5c6-9c11-465b-a557-1a6ffe8e1b84 6 1290 1301 +edge_31_0_+disjointig_112_0_7290 4173 5454 7290 -1 -1 1251 0.00349361
Chain
	Aln	243	+1ceab16f-ca07-4ff2-8e0a-b63596cc45c4 38 3106 3113 -edge_122_0_+disjointig_17_0_27131 909 3996 27131 -1 -1 2656 0.0158176
Chain
	Aln	242	-1ceab16f-ca07-4ff2-8e0a-b63596cc45c4 6 3074 3113 +edge_122_0_+disjointig_17_0_27131 23134 26221 27131 -1 -1 2656 0.0158176
Chain
	Aln	422	+21797f2a-ae07-4ffc-8bbc-129ca442840d 72 6154 6161 +edge_212_0_+disjointig_23_0_33555 5051 11132 33555 -1 -1 6045 0.000365912
Chain
	Aln	423	-21797f2a-ae07-4ffc-8bbc-129ca442840d 6 6088 6161 -edge_212_0_+disjointig_23_0_33555 22422 28503 33555 -1 -1 6045 0.000365912
Chain
	Aln	141	+d088442f-eb19-46ef-9a6d-9537827d01e0 1398 8693 8699 -edge_71_0_-disjointig_29_9063_25753 12 7294 16690 -1 -1 7181 0.000284753
Chain
	Aln	140	-d088442f-eb19-46ef-9a6d-9537827d01e0 5 7300 8699 +edge_71_0_-disjointig_29_9063_25753 9395 16677 16690 -1 -1 7181 0.000284753
Chain
	Aln	123	+f2d6bae2-00e0-48ca-a19d-804b2e4b760d 10 4581 4586 -edge_62_0_+disjointig_128_0_6167 1588 6162 6167 -1 -1 4546 0
Chain
	Aln	122	-f2d6bae2-00e0-48ca-a19d-804b2e4b760d 4 4575 4586 +edge_62_0_+disjointig_128_0_6167 4 4578 6167 -1 -1 4546 0
Chain
	Aln	621	+ff76a452-b165-4e48-944b-10bc2eedbbb2 7 2438 2444 -edge_311_0_-disjointig_75_0_18849 15929 18360 18849 -1 -1 2416 0.000672909
Chain
	Aln	620	-ff76a452-b165-4e48-944b-10bc2eedbbb2 5 2436 2444 +edge_311_0_-disjointig_75_0_18849 488 2919 18849 -1 -1 2416 0.000672909
Chain
	Aln	617	+15f31079-8909-4673-a2b8-c96d3f62d2b3 10 1535 1537 -edge_309_0_+disjointig_24_7647_16416 3085 4609 8769 -1 -1 1510 0
Chain
	Aln	616	-15f31079-8909-4673-a2b8-c96d3f62d2b3 1 1526 1537 +edge_309_0_+disjointig_24_7647_16416 4159 5683 8769 -1 -1 1510 0
Chain
	Aln	97	+2e5c1d9c-b782-4d64-8e13-e346d588debb 11 1305 1721 -edge_49_0_+disjointig_120_12549_14002 156 1452 1453 -1 -1 1162 0.011475
Chain
	Aln	96	-2e5c1d9c-b782-4d64-8e13-e346d588debb 415 1709 1721 +edge_49_0_+disjointig_120_12549_14002 0 1296 1453 -1 -1 1162 0.011475
Chain
	Aln	169	+37eefb5b-7a80-4c61-8985-cfcb721aaec3 20 1159 1192 -edge_85_0_+disjointig_138_0_19002 17798 18936 19002 -1 -1 811 0.0374874
Chain
	Aln	168	-37eefb5b-7a80-4c61-8985-cfcb721aaec3 32 1171 1192 +edge_85_0_+disjointig_138_0_19002 65 1203 19002 -1 -1 811 0.0374874
Chain
	Aln	616	+e2446475-0bc1-4000-9c20-21de601c1010 16 1797 1800 +edge_309_0_+disjointig_24_7647_16416 6819 8636 8769 -1 -1 1489 0.0129247
Chain
	Aln	617	-e2446475-0bc1-4000-9c20-21de601c1010 2 1783 1800 -edge_309_0_+disjointig_24_7647_16416 132 1949 8769 -1 -1 1489 0.0129247
Chain
	Aln	480	+09901d66-5669-4be9-88b4-b2bd2875241b 10 1046 1051 +edge_241_0_+disjointig_53_0_23045 5724 6756 23045 -1 -1 1021 0
Chain
	Aln	481	-09901d66-5669-4be9-88b4-b2bd2875241b 4 1040 1051 -edge_241_0_+disjointig_53_0_23045 16288 17320 23045 -1 -1 1021 0
Chain
	Aln	14	+c1e71b3f-5afc-4aaa-b50b-239bb94c4b0d 11 2851 2857 +edge_8_0_-disjointig_115_20398_24273 1025 3870 3875 -1 -1 2779 0.00149681
Chain
	Aln	15	-c1e71b3f-5afc-4aaa-b50b-239bb94c4b0d 5 2845 2857 -edge_8_0_-disjointig_115_20398_24273 4 2849 3875 -1 -1 2779 0.00149681
Chain
	Aln	618	+39d00a9e-370b-4657-a863-db916b9ff522 30 3109 3111 +edge_310_0_+disjointig_26_14870_67398 39951 43032 52528 -1 -1 2966 0.00354934
Chain
	Aln	619	-39d00a9e-370b-4657-a863-db916b9ff522 1 3080 3111 -edge_310_0_+disjointig_26_14870_67398 9495 12576 52528 -1 -1 2966 0.00354934
Chain
	Aln	485	+a7d63bbe-b420-4805-80ac-48c17241865c 10 6504 6507 -edge_243_0_+disjointig_56_0_49321 11988 18479 49321 -1 -1 6412 0.00118274
Chain
	Aln	484	-a7d63bbe-b420-4805-80ac-48c17241865c 2 6496 6507 +edge_243_0_+disjointig_56_0_49321 30841 37332 49321 -1 -1 6412 0.00118274
Chain
	Aln	616	+5f9ac10d-494b-46a9-8534-902f972c2cc3 5 1966 1975 +edge_309_0_+disjointig_24_7647_16416 1827 3788 8769 -1 -1 1946 0.00167017
Chain
	Aln	617	-5f9ac10d-494b-46a9-8534-902f972c2cc3 8 1969 1975 -edge_309_0_+disjointig_24_7647_16416 4980 6941 8769 -1 -1 1946 0.00167017
Chain
	Aln	533	+137974bd-28e8-4547-9d30-6fe067a55e7b 22 3190 3193 -edge_267_0_+disjointig_81_0_35154 29608 32773 35154 -1 -1 3157 0
Chain
	Aln	532	-137974bd-28e8-4547-9d30-6fe067a55e7b 2 3170 3193 +edge_267_0_+disjointig_81_0_35154 2380 5545 35154 -1 -1 3157 0
Chain
	Aln	213	+ae5edc31-9a59-49f2-91d9-1b6c62618229 11 2377 2379 -edge_107_0_+disjointig_155_0_2379 10 2377 2379 -1 -1 2353 0.00215638
Chain
	Aln	212	-ae5edc31-9a59-49f2-91d9-1b6c62618229 1 2367 2379 +edge_107_0_+disjointig_155_0_2379 1 2368 2379 -1 -1 2353 0.00215638
Chain
	Aln	470	+be1449f2-a013-408e-b457-e99ef67dcce9 2 14650 14658 +edge_236_0_+disjointig_51_0_49461 17896 32539 49461 -1 -1 14342 0.00164808
Chain
	Aln	471	-be1449f2-a013-408e-b457-e99ef67dcce9 7 14655 14658 -edge_236_0_+disjointig_51_0_49461 16921 31564 49461 -1 -1 14342 0.00164808
Chain
	Aln	483	+9ffc556f-cc09-4d5f-8ef2-5fac575ea4a7 11 9312 9316 -edge_242_0_+disjointig_55_0_9315 10 9311 9315 -1 -1 9157 0.0025879
Chain
	Aln	482	-9ffc556f-cc09-4d5f-8ef2-5fac575ea4a7 3 9304 9316 +edge_242_0_+disjointig_55_0_9315 3 9304 9315 -1 -1 9157 0.0025879
Chain
	Aln	375	+ed24d990-1c9d-4bb8-91ab-dfa8ecfde983 45 1324 1431 -edge_188_0_+disjointig_209_0_3037 175 1454 3037 -1 -1 1279 0
Chain
	Aln	374	-ed24d990-1c9d-4bb8-91ab-dfa8ecfde983 106 1385 1431 +edge_188_0_+disjointig_209_0_3037 1582 2861 3037 -1 -1 1279 0
Chain
	Aln	573	+9a7dc226-49f0-45fe-964e-24ba4116a487 323 5327 5380 -edge_287_0_+disjointig_118_0_19552 4253 9255 19552 -1 -1 4581 0.00774335
Chain
	Aln	572	-9a7dc226-49f0-45fe-964e-24ba4116a487 52 5056 5380 +edge_287_0_+disjointig_118_0_19552 10296 15298 19552 -1 -1 4581 0.00774335
Chain
	Aln	599	+721857a8-1990-4d7a-9dec-898c0de03ada 106 4566 4572 -edge_300_0_+disjointig_183_0_42239 8 4468 42239 -1 -1 4439 9.10475e-05
Chain
	Aln	598	-721857a8-1990-4d7a-9dec-898c0de03ada 5 4465 4572 +edge_300_0_+disjointig_183_0_42239 37770 42230 42239 -1 -1 4439 9.10475e-05
Chain
	Aln	93	+82ca98f8-62b6-4ad3-84d4-c7494796fba5 5 1016 1031 -edge_47_0_+disjointig_12_0_8990 6857 7870 8990 -1 -1 948 0.00950253
Chain
	Aln	92	-82ca98f8-62b6-4ad3-84d4-c7494796fba5 14 1025 1031 +edge_47_0_+disjointig_12_0_8990 1119 2132 8990 -1 -1 948 0.00950253
Chain
	Aln	617	+ae030adb-7e04-47de-87fc-a3aa19ce8a19 10 4703 4710 -edge_309_0_+disjointig_24_7647_16416 2151 6852 8769 -1 -1 4617 0.00124849
Chain
	Aln	616	-ae030adb-7e04-47de-87fc-a3aa19ce8a19 6 4699 4710 +edge_309_0_+disjointig_24_7647_16416 1916 6617 8769 -1 -1 4617 0.00124849
Chain
	Aln	532	+5174b7f4-ff45-4e1f-aaf1-16a0c7f6e30c 88 1532 1536 +edge_267_0_+disjointig_81_0_35154 32335 33780 35154 -1 -1 1338 0.00937767
Chain
	Aln	533	-5174b7f4-ff45-4e1f-aaf1-16a0c7f6e30c 3 1447 1536 -edge_267_0_+disjointig_81_0_35154 1373 2818 35154 -1 -1 1338 0.00937767
Chain
	Aln	509	+dc243dd1-3985-497a-80b9-94996e1adc26 13 2060 2062 -edge_255_0_+disjointig_71_0_27902 16940 18987 27902 -1 -1 1965 0.00071911
Chain
	Aln	508	-dc243dd1-3985-497a-80b9-94996e1adc26 1 2048 2062 +edge_255_0_+disjointig_71_0_27902 8914 10961 27902 -1 -1 1965 0.00071911
Chain
	Aln	566	+97932a86-4675-45bb-8bc1-f9c0ee1c1472 5541 7832 7836 +edge_284_3_-disjointig_27_13072_16662 0 2288 3590 -1 -1 2269 0.00109753
Chain
	Aln	16	+97932a86-4675-45bb-8bc1-f9c0ee1c1472 113 1295 7836 +edge_9_6_-disjointig_27_2190_3451 67 1257 1261 -1 -1 671 0.0546932
Chain
	Aln	567	-97932a86-4675-45bb-8bc1-f9c0ee1c1472 3 2294 7836 -edge_284_3_-disjointig_27_13072_16662 1301 3589 3590 -1 -1 2269 0.00109753
Chain
	Aln	17	-97932a86-4675-45bb-8bc1-f9c0ee1c1472 6540 7722 7836 -edge_9_6_-disjointig_27_2190_3451 3 1193 1261 -1 -1 671 0.0546932
Chain
	Aln	619	+d2d2a0f2-1de3-48bd-b67d-a0175fd149c9 3 14244 14253 -edge_310_0_+disjointig_26_14870_67398 35820 50047 52528 -1 -1 13562 0.00506321
Chain
	Aln	618	-d2d2a0f2-1de3-48bd-b67d-a0175fd149c9 8 14249 14253 +edge_310_0_+disjointig_26_14870_67398 2480 16707 52528 -1 -1 13562 0.00506321
Chain
	Aln	618	+ca850003-70dd-4fa1-a48d-72a811ea57da 7 6060 6312 +edge_310_0_+disjointig_26_14870_67398 28805 34968 52528 -1 -1 5218 0.00966104
Chain
	Aln	619	-ca850003-70dd-4fa1-a48d-72a811ea57da 251 6304 6312 -edge_310_0_+disjointig_26_14870_67398 17559 23722 52528 -1 -1 5218 0.00966104
Chain
	Aln	4	+03668041-b4fa-4f5d-8056-45650808c320 2 3812 3817 +edge_3_0_+disjointig_100_0_7515 2 3811 7515 -1 -1 3791 0.0015208
Chain
	Aln	5	-03668041-b4fa-4f5d-8056-45650808c320 4 3814 3817 -edge_3_0_+disjointig_100_0_7515 3703 7512 7515 -1 -1 3791 0.0015208
Chain
	Aln	16	+5322497c-75e0-4975-91cd-5231d95b967a 405 1684 1916 +edge_9_2_+disjointig_115_14645_15938 9 1286 1293 -1 -1 1261 0.0032641
Chain
	Aln	17	-5322497c-75e0-4975-91cd-5231d95b967a 231 1510 1916 -edge_9_2_+disjointig_115_14645_15938 6 1283 1293 -1 -1 1261 0.0032641
Chain
	Aln	484	+16318410-6e74-4625-9e73-76cfba2e7ef6 70 3295 3304 +edge_243_0_+disjointig_56_0_49321 29423 32667 49321 -1 -1 2479 0.0222846
Chain
	Aln	485	-16318410-6e74-4625-9e73-76cfba2e7ef6 8 3233 3304 -edge_243_0_+disjointig_56_0_49321 16653 19897 49321 -1 -1 2479 0.0222846
Chain
	Aln	616	+8d7ddde4-b362-40bd-9165-eb2344a07d29 9 1828 1831 +edge_309_0_+disjointig_24_7647_16416 4723 6550 8769 -1 -1 1760 0.00323264
Chain
	Aln	617	-8d7ddde4-b362-40bd-9165-eb2344a07d29 2 1821 1831 -edge_309_0_+disjointig_24_7647_16416 2218 4045 8769 -1 -1 1760 0.00323264
Chain
	Aln	332	+2ff9d498-4fb2-473f-b401-c0201a57bf36 259 8854 8859 +edge_167_0_+disjointig_195_0_14225 7 8600 14225 -1 -1 8509 0.000672077
Chain
	Aln	333	-2ff9d498-4fb2-473f-b401-c0201a57bf36 4 8599 8859 -edge_167_0_+disjointig_195_0_14225 5624 14217 14225 -1 -1 8509 0.000672077
Chain
	Aln	222	+8cfe53bd-9ecf-40a4-8884-175a3fbd9725 15 2579 2582 +edge_112_0_+disjointig_16_0_19673 7812 10375 19673 -1 -1 2521 0
Chain
	Aln	223	-8cfe53bd-9ecf-40a4-8884-175a3fbd9725 2 2566 2582 -edge_112_0_+disjointig_16_0_19673 9297 11860 19673 -1 -1 2521 0
Chain
	Aln	17	+f881e13d-e1a3-40c7-9d09-c979144dc506 256 1547 1923 -edge_9_3_-disjointig_27_16662_17955 11 1292 1293 -1 -1 1180 0.00769941
Chain
	Aln	16	-f881e13d-e1a3-40c7-9d09-c979144dc506 375 1666 1923 +edge_9_3_-disjointig_27_16662_17955 0 1281 1293 -1 -1 1180 0.00769941
Chain
	Aln	66	+a69072e7-bc6b-4b21-abf0-0e72d9049bba 19 8042 8052 +edge_34_0_+disjointig_116_0_15228 2162 10278 15228 -1 -1 7776 0.00289573
Chain
	Aln	67	-a69072e7-bc6b-4b21-abf0-0e72d9049bba 9 8032 8052 -edge_34_0_+disjointig_116_0_15228 4949 13065 15228 -1 -1 7776 0.00289573
Chain
	Aln	243	+df0e7489-8059-4189-acaf-e7d8ff74e0c1 7 3205 3215 -edge_122_0_+disjointig_17_0_27131 22198 25389 27131 -1 -1 3011 0.00675891
Chain
	Aln	242	-df0e7489-8059-4189-acaf-e7d8ff74e0c1 9 3207 3215 +edge_122_0_+disjointig_17_0_27131 1741 4932 27131 -1 -1 3011 0.00675891
Chain
	Aln	499	+c0dc9493-4942-493d-90d4-8c04bdb54ba5 3 1032 1039 -edge_250_0_+disjointig_65_0_6621 3670 4696 6621 -1 -1 1005 0
Chain
	Aln	498	-c0dc9493-4942-493d-90d4-8c04bdb54ba5 6 1035 1039 +edge_250_0_+disjointig_65_0_6621 1924 2950 6621 -1 -1 1005 0
Chain
	Aln	617	+2f9dd735-9248-4930-85c4-6f4fe8edc8da 10 2753 2763 -edge_309_0_+disjointig_24_7647_16416 975 3718 8769 -1 -1 2691 0.00137565
Chain
	Aln	616	-2f9dd735-9248-4930-85c4-6f4fe8edc8da 9 2752 2763 +edge_309_0_+disjointig_24_7647_16416 5050 7793 8769 -1 -1 2691 0.00137565
Chain
	Aln	327	+960fef1d-05e4-4d3b-8099-9630b542d643 6 2386 2391 -edge_164_0_+disjointig_192_0_6857 4466 6852 6857 -1 -1 2372 0.00191881
Chain
	Aln	326	-960fef1d-05e4-4d3b-8099-9630b542d643 4 2384 2391 +edge_164_0_+disjointig_192_0_6857 4 2390 6857 -1 -1 2372 0.00191881
Chain
	Aln	493	+31347a3c-8d04-4253-8651-51d756c4e7fd 18 2374 2376 -edge_247_0_+disjointig_6_0_23019 1596 3938 23019 -1 -1 2162 0.00787469
Chain
	Aln	492	-31347a3c-8d04-4253-8651-51d756c4e7fd 1 2357 2376 +edge_247_0_+disjointig_6_0_23019 19080 21422 23019 -1 -1 2162 0.00787469
Chain
	Aln	119	+54b189be-9252-48d8-aff6-0aba8648c5a1 13 1482 2229 -edge_60_0_+disjointig_125_0_2306 835 2305 2306 -1 -1 1458 0.00203936
Chain
	Aln	118	-54b189be-9252-48d8-aff6-0aba8648c5a1 746 2215 2229 +edge_60_0_+disjointig_125_0_2306 0 1470 2306 -1 -1 1458 0.00203936
Chain
	Aln	549	+a88ee308-7df5-40c2-93b6-74ccad23205d 4 2064 2070 -edge_275_0_+disjointig_9_0_50887 3578 5637 50887 -1 -1 2051 0
Chain
	Aln	548	-a88ee308-7df5-40c2-93b6-74ccad23205d 5 2065 2070 +edge_275_0_+disjointig_9_0_50887 45249 47308 50887 -1 -1 2051 0
Chain
	Aln	596	+9f4aeeff-384e-4b1d-99a1-a5abcc31218b 0 3452 3457 +edge_299_0_-disjointig_3_3692_21281 13195 16650 17589 -1 -1 3367 0.00382267
Chain
	Aln	597	-9f4aeeff-384e-4b1d-99a1-a5abcc31218b 4 3456 3457 -edge_299_0_-disjointig_3_3692_21281 938 4393 17589 -1 -1 3367 0.00382267
Chain
	Aln	274	+da93ecef-9fe9-4c4f-9b29-8fe7a3097853 2607 10236 10248 +edge_138_0_+disjointig_178_0_7638 1 7627 7638 -1 -1 7543 0.000506104
Chain
	Aln	275	-da93ecef-9fe9-4c4f-9b29-8fe7a3097853 11 7640 10248 -edge_138_0_+disjointig_178_0_7638 10 7636 7638 -1 -1 7543 0.000506104
Chain
	Aln	491	+da483739-bec3-41e3-a024-0b5ce83226ed 72 4911 4914 -edge_246_0_+disjointig_59_0_11538 632 5463 11538 -1 -1 4757 0.00323357
Chain
	Aln	490	-da483739-bec3-41e3-a024-0b5ce83226ed 2 4841 4914 +edge_246_0_+disjointig_59_0_11538 6074 10905 11538 -1 -1 4757 0.00323357
Chain
	Aln	521	+274e4b91-b95a-44ed-a293-152f909813e9 8 1213 1216 -edge_261_0_+disjointig_76_0_7029 5787 6992 7029 -1 -1 1183 0.00250754
Chain
	Aln	520	-274e4b91-b95a-44ed-a293-152f909813e9 2 1207 1216 +edge_261_0_+disjointig_76_0_7029 36 1241 7029 -1 -1 1183 0.00250754
Chain
	Aln	459	+aa2bd41f-9fa9-4c6b-b63b-b37ccf9f9104 30 13008 13257 -edge_230_0_+disjointig_46_0_27645 6657 19629 27645 -1 -1 12673 0.00149597
Chain
	Aln	458	-aa2bd41f-9fa9-4c6b-b63b-b37ccf9f9104 248 13226 13257 +edge_230_0_+disjointig_46_0_27645 8015 20987 27645 -1 -1 12673 0.00149597
Chain
	Aln	471	+a65440d1-380a-4ab4-8350-33daa5d83609 19 2035 2044 -edge_236_0_+disjointig_51_0_49461 46336 48355 49461 -1 -1 1976 0.00389849
Chain
	Aln	470	-a65440d1-380a-4ab4-8350-33daa5d83609 8 2024 2044 +edge_236_0_+disjointig_51_0_49461 1105 3124 49461 -1 -1 1976 0.00389849
Chain
	Aln	199	+5df42605-8eec-4d18-b634-1b7fa51dad4e 13 5380 5383 -edge_100_0_+disjointig_151_0_15100 4209 9581 15100 -1 -1 5317 0.000505402
Chain
	Aln	198	-5df42605-8eec-4d18-b634-1b7fa51dad4e 2 5369 5383 +edge_100_0_+disjointig_151_0_15100 5518 10890 15100 -1 -1 5317 0.000505402
Chain
	Aln	105	+5ad0939a-f391-4ba6-aa4f-117bbf1bace0 18 3096 3101 -edge_53_0_+disjointig_20_20934_46521 14802 17891 25587 -1 -1 3035 0.00161064
Chain
	Aln	104	-5ad0939a-f391-4ba6-aa4f-117bbf1bace0 4 3082 3101 +edge_53_0_+disjointig_20_20934_46521 7695 10784 25587 -1 -1 3035 0.00161064
Chain
	Aln	421	+c7d6f524-1412-4104-a093-0784238d8720 13 9036 9038 -edge_211_0_+disjointig_224_0_21383 12357 21381 21383 -1 -1 8986 0.000155817
Chain
	Aln	420	-c7d6f524-1412-4104-a093-0784238d8720 1 9024 9038 +edge_211_0_+disjointig_224_0_21383 1 9025 21383 -1 -1 8986 0.000155817
Chain
	Aln	266	+759e1620-2548-4089-b93e-8e0ebff0c73d 13638 21689 21698 +edge_134_0_+disjointig_176_2697_26044 11574 19640 23347 -1 -1 7577 0.00687003
Chain
	Aln	267	-759e1620-2548-4089-b93e-8e0ebff0c73d 8 8059 21698 -edge_134_0_+disjointig_176_2697_26044 3706 11772 23347 -1 -1 7577 0.00687003
Chain
	Aln	307	+34977642-a30f-4ef2-aa10-b0919f886042 27 9642 9649 -edge_154_0_+disjointig_185_0_10128 497 10121 10128 -1 -1 9326 0.00372616
Chain
	Aln	306	-34977642-a30f-4ef2-aa10-b0919f886042 6 9621 9649 +edge_154_0_+disjointig_185_0_10128 6 9630 10128 -1 -1 9326 0.00372616
Chain
	Aln	115	+48e5c138-1316-4faa-b1c9-cc365c6ac4fc 23 3566 3571 -edge_58_0_+disjointig_123_0_14094 3788 7332 14094 -1 -1 3468 0.00124698
Chain
	Aln	114	-48e5c138-1316-4faa-b1c9-cc365c6ac4fc 4 3547 3571 +edge_58_0_+disjointig_123_0_14094 6761 10305 14094 -1 -1 3468 0.00124698
Chain
	Aln	494	+8d1838d5-3c99-4c6f-aae8-f3125521ed0a 7 3494 3497 +edge_248_0_+disjointig_60_0_12385 4648 8139 12385 -1 -1 3441 0.00178271
Chain
	Aln	495	-8d1838d5-3c99-4c6f-aae8-f3125521ed0a 2 3489 3497 -edge_248_0_+disjointig_60_0_12385 4245 7736 12385 -1 -1 3441 0.00178271
Chain
	Aln	618	+e8a496be-8c7b-4f61-961c-7cc0dbb82a34 179 2451 2454 +edge_310_0_+disjointig_26_14870_67398 1 2271 52528 -1 -1 2233 0.00221936
Chain
	Aln	619	-e8a496be-8c7b-4f61-961c-7cc0dbb82a34 2 2274 2454 -edge_310_0_+disjointig_26_14870_67398 50256 52526 52528 -1 -1 2233 0.00221936
Chain
	Aln	230	+2121f26b-583e-45e7-ba6c-036899a0b24f 30 7947 7955 +edge_116_0_+disjointig_163_0_9677 1756 9670 9677 -1 -1 7786 0.00174805
Chain
	Aln	231	-2121f26b-583e-45e7-ba6c-036899a0b24f 7 7924 7955 -edge_116_0_+disjointig_163_0_9677 6 7920 9677 -1 -1 7786 0.00174805
Chain
	Aln	195	+cf877cc8-768a-4c84-894c-a3a76a34d91d 26 2692 2695 -edge_98_0_+disjointig_15_0_6588 3918 6585 6588 -1 -1 2619 0.00245353
Chain
	Aln	194	-cf877cc8-768a-4c84-894c-a3a76a34d91d 2 2668 2695 +edge_98_0_+disjointig_15_0_6588 2 2669 6588 -1 -1 2619 0.00245353
Chain
	Aln	502	+3b2412fe-614f-4960-ab70-e42f555b3e4f 9 5092 5096 +edge_252_0_+disjointig_68_0_25931 9951 15042 25931 -1 -1 4914 0.00433451
Chain
	Aln	503	-3b2412fe-614f-4960-ab70-e42f555b3e4f 3 5086 5096 -edge_252_0_+disjointig_68_0_25931 10888 15979 25931 -1 -1 4914 0.00433451
Chain
	Aln	422	+33261a02-1f89-41c8-8d76-155cb03a5cb4 17 1870 1896 +edge_212_0_+disjointig_23_0_33555 27753 29616 33555 -1 -1 1726 0.00609666
Chain
	Aln	423	-33261a02-1f89-41c8-8d76-155cb03a5cb4 25 1878 1896 -edge_212_0_+disjointig_23_0_33555 3938 5801 33555 -1 -1 1726 0.00609666
Chain
	Aln	616	+5eb01dfd-2650-4b82-9211-bc4d3817fe3b 7 3396 3401 +edge_309_0_+disjointig_24_7647_16416 2069 5465 8769 -1 -1 3301 0.00161708
Chain
	Aln	617	-5eb01dfd-2650-4b82-9211-bc4d3817fe3b 4 3393 3401 -edge_309_0_+disjointig_24_7647_16416 3303 6699 8769 -1 -1 3301 0.00161708
Chain
	Aln	233	+8d0897cc-40b4-4df4-ae26-4a5ece4eeae7 15 2643 2648 -edge_117_0_+disjointig_165_0_11817 14 2639 11817 -1 -1 2562 0.00196938
Chain
	Aln	232	-8d0897cc-40b4-4df4-ae26-4a5ece4eeae7 4 2632 2648 +edge_117_0_+disjointig_165_0_11817 9177 11802 11817 -1 -1 2562 0.00196938
Chain
	Aln	53	+6480b8db-b091-492a-9190-a0ae70065033 33 3685 3690 -edge_27_0_+disjointig_109_0_10364 1456 5109 10364 -1 -1 3618 0.00100348
Chain
	Aln	52	-6480b8db-b091-492a-9190-a0ae70065033 4 3656 3690 +edge_27_0_+disjointig_109_0_10364 5254 8907 10364 -1 -1 3618 0.00100348
Chain
	Aln	612	+6945489c-4289-4802-811f-9b6ac1e2de53 14 2739 2751 +edge_307_0_-disjointig_63_0_5692 2934 5681 5692 -1 -1 2613 0.00444672
Chain
	Aln	613	-6945489c-4289-4802-811f-9b6ac1e2de53 11 2736 2751 -edge_307_0_-disjointig_63_0_5692 10 2757 5692 -1 -1 2613 0.00444672
Chain
	Aln	97	+b2bbce1d-6c0d-4e62-a32f-340ac36af790 1608 3021 4961 -edge_49_1_+disjointig_20_19479_20934 12 1448 1455 -1 -1 1213 0.01512
Chain
	Aln	96	-b2bbce1d-6c0d-4e62-a32f-340ac36af790 1939 3352 4961 +edge_49_1_+disjointig_20_19479_20934 6 1442 1455 -1 -1 1213 0.01512
Chain
	Aln	508	+ffaff7c2-71a5-4da3-9beb-ad0bd7114792 2919 11614 11616 +edge_255_0_+disjointig_71_0_27902 4 8709 27902 -1 -1 8535 0.00199665
Chain
	Aln	509	-ffaff7c2-71a5-4da3-9beb-ad0bd7114792 1 8696 11616 -edge_255_0_+disjointig_71_0_27902 19192 27897 27902 -1 -1 8535 0.00199665
Chain
	Aln	615	+44a99158-68fb-4916-9fed-df1f8c680830 30 1672 1675 -edge_308_0_+disjointig_218_2200_18386 3763 5411 16186 -1 -1 1633 0.000253711
Chain
	Aln	614	-44a99158-68fb-4916-9fed-df1f8c680830 2 1644 1675 +edge_308_0_+disjointig_218_2200_18386 10774 12422 16186 -1 -1 1633 0.000253711
Chain
	Aln	369	+65752d9e-8674-47bd-b1bd-3dfc0911c6bf 1247 2514 4886 -edge_185_0_+disjointig_205_0_10729 2522 3790 10729 -1 -1 1192 0.00721869
Chain
	Aln	368	-65752d9e-8674-47bd-b1bd-3dfc0911c6bf 2371 3638 4886 +edge_185_0_+disjointig_205_0_10729 6938 8206 10729 -1 -1 1192 0.00721869
Chain
	Aln	287	+c1d322dd-1fd3-4b7d-8597-fddd8c9eec86 10 13558 13569 -edge_144_0_+disjointig_180_0_22896 594 14216 22896 -1 -1 13216 0.00234975
Chain
	Aln	286	-c1d322dd-1fd3-4b7d-8597-fddd8c9eec86 10 13558 13569 +edge_144_0_+disjointig_180_0_22896 8679 22301 22896 -1 -1 13216 0.00234975
Chain
	Aln	528	+6a43f1f0-c3cb-421a-8ac9-1205c7572bb3 8 5963 5968 +edge_265_0_+disjointig_8_0_6402 193 6152 6402 -1 -1 5786 0.00328398
Chain
	Aln	529	-6a43f1f0-c3cb-421a-8ac9-1205c7572bb3 4 5959 5968 -edge_265_0_+disjointig_8_0_6402 249 6208 6402 -1 -1 5786 0.00328398
Chain
	Aln	33	+c545d78b-70bb-4017-b4ed-611d71cc84af 8 2470 2474 -edge_17_0_+disjointig_105_0_37204 23831 26297 37204 -1 -1 2406 0.00192086
Chain
	Aln	32	-c545d78b-70bb-4017-b4ed-611d71cc84af 3 2465 2474 +edge_17_0_+disjointig_105_0_37204 10906 13372 37204 -1 -1 2406 0.00192086
Chain
	Aln	240	+ac614f99-e072-45b3-8e3a-2b40e0ad4995 14 1935 1940 +edge_121_0_+disjointig_169_0_5721 369 2290 5721 -1 -1 1921 0
Chain
	Aln	241	-ac614f99-e072-45b3-8e3a-2b40e0ad4995 4 1925 1940 -edge_121_0_+disjointig_169_0_5721 3430 5351 5721 -1 -1 1921 0
Chain
	Aln	263	+7e33e6b5-0797-40c9-8980-d47857dcbb7d 8 2486 2493 -edge_132_0_+disjointig_175_0_17909 661 3136 17909 -1 -1 2469 0
Chain
	Aln	262	-7e33e6b5-0797-40c9-8980-d47857dcbb7d 6 2484 2493 +edge_132_0_+disjointig_175_0_17909 14772 17247 17909 -1 -1 2469 0
Chain
	Aln	110	+ae2bdc0d-e69b-4011-ab26-99755d39e215 17 5215 5235 +edge_56_0_+disjointig_121_0_39451 31970 37291 39451 -1 -1 4330 0.0113565
Chain
	Aln	111	-ae2bdc0d-e69b-4011-ab26-99755d39e215 19 5217 5235 -edge_56_0_+disjointig_121_0_39451 2159 7480 39451 -1 -1 4330 0.0113565
Chain
	Aln	607	+a4079e1d-5808-4029-93db-b66a9109e6bf 16 5185 5192 -edge_304_0_+disjointig_197_0_16178 2249 7418 16178 -1 -1 5102 0
Chain
	Aln	606	-a4079e1d-5808-4029-93db-b66a9109e6bf 6 5175 5192 +edge_304_0_+disjointig_197_0_16178 8759 13928 16178 -1 -1 5102 0
Chain
	Aln	240	+1ad87f14-641f-47a1-80ec-f835791292fc 13 3387 3392 +edge_121_0_+disjointig_169_0_5721 2322 5696 5721 -1 -1 3316 0.0021268
Chain
	Aln	241	-1ad87f14-641f-47a1-80ec-f835791292fc 4 3378 3392 -edge_121_0_+disjointig_169_0_5721 24 3398 5721 -1 -1 3316 0.0021268
Chain
	Aln	198	+34141833-7883-4b3a-ba37-15138bf4d386 11 1721 1724 +edge_100_0_+disjointig_151_0_15100 3835 5549 15100 -1 -1 1703 0
Chain
	Aln	199	-34141833-7883-4b3a-ba37-15138bf4d386 2 1712 1724 -edge_100_0_+disjointig_151_0_15100 9550 11264 15100 -1 -1 1703 0
Chain
	Aln	199	+08630be2-bfc5-4c77-9786-59169142e560 9 1724 1727 -edge_100_0_+disjointig_151_0_15100 9537 11253 15100 -1 -1 1706 0
Chain
	Aln	198	-08630be2-bfc5-4c77-9786-59169142e560 2 1717 1727 +edge_100_0_+disjointig_151_0_15100 3846 5562 15100 -1 -1 1706 0
Chain
	Aln	505	+61348c8a-81c8-44be-a33c-8bdde7e6f887 785 10015 10019 -edge_253_0_+disjointig_69_0_13671 11 9239 13671 -1 -1 9090 0.00191847
Chain
	Aln	504	-61348c8a-81c8-44be-a33c-8bdde7e6f887 3 9233 10019 +edge_253_0_+disjointig_69_0_13671 4431 13659 13671 -1 -1 9090 0.00191847
Chain
	Aln	566	+744c6fcd-b5bc-4005-8650-1bb0a9d53bb4 512 3643 7192 +edge_284_3_-disjointig_27_13072_16662 3 3137 3590 -1 -1 3109 0.00170931
	Aln	16	+744c6fcd-b5bc-4005-8650-1bb0a9d53bb4 4331 5564 7192 +edge_9_3_-disjointig_27_16662_17955 9 1242 1293 -1 -1 1228 0.000309158
Chain
	Aln	17	-744c6fcd-b5bc-4005-8650-1bb0a9d53bb4 1627 2860 7192 -edge_9_3_-disjointig_27_16662_17955 50 1283 1293 -1 -1 1228 0.000309158
	Aln	567	-744c6fcd-b5bc-4005-8650-1bb0a9d53bb4 3548 6679 7192 -edge_284_3_-disjointig_27_13072_16662 452 3586 3590 -1 -1 3109 0.00170931
Chain
	Aln	335	+33f39c0a-92cb-4e1c-9c3e-b4caebbaed41 15 4766 4954 -edge_168_0_+disjointig_196_0_6041 14 4765 6041 -1 -1 4516 0.00604032
Chain
	Aln	334	-33f39c0a-92cb-4e1c-9c3e-b4caebbaed41 187 4938 4954 +edge_168_0_+disjointig_196_0_6041 1275 6026 6041 -1 -1 4516 0.00604032
Chain
	Aln	508	+e20f6221-aaf5-4894-aea3-b0cc5899b18e 18 1802 1806 +edge_255_0_+disjointig_71_0_27902 5621 7404 27902 -1 -1 1748 0.00239815
Chain
	Aln	509	-e20f6221-aaf5-4894-aea3-b0cc5899b18e 3 1787 1806 -edge_255_0_+disjointig_71_0_27902 20497 22280 27902 -1 -1 1748 0.00239815
Chain
	Aln	368	+dd4e9767-ef27-490c-9152-33edc7116d65 5273 6535 6765 +edge_185_0_+disjointig_205_0_10729 6945 8206 10729 -1 -1 1237 0.00274621
Chain
	Aln	369	-dd4e9767-ef27-490c-9152-33edc7116d65 229 1491 6765 -edge_185_0_+disjointig_205_0_10729 2522 3783 10729 -1 -1 1237 0.00274621
Chain
	Aln	335	+37cdd16f-fdcd-4c14-a9e2-bae23c3498ea 19 2070 2074 -edge_168_0_+disjointig_196_0_6041 3605 5655 6041 -1 -1 2038 0.00164307
Chain
	Aln	334	-37cdd16f-fdcd-4c14-a9e2-bae23c3498ea 3 2054 2074 +edge_168_0_+disjointig_196_0_6041 385 2435 6041 -1 -1 2038 0.00164307
Chain
	Aln	241	+82e4f87d-8dc7-4d16-97fb-86711421ed79 9 5325 5328 -edge_121_0_+disjointig_169_0_5721 8 5342 5721 -1 -1 4938 0.00749106
Chain
	Aln	240	-82e4f87d-8dc7-4d16-97fb-86711421ed79 2 5318 5328 +edge_121_0_+disjointig_169_0_5721 378 5712 5721 -1 -1 4938 0.00749106
Chain
	Aln	373	+819558ef-c96f-4bfb-9cdd-7fa51551d2e0 21 4507 4509 -edge_187_0_+disjointig_207_0_4510 21 4508 4510 -1 -1 4402 0.00207401
Chain
	Aln	372	-819558ef-c96f-4bfb-9cdd-7fa51551d2e0 1 4487 4509 +edge_187_0_+disjointig_207_0_4510 1 4488 4510 -1 -1 4402 0.00207401
Chain
	Aln	485	+bec987fb-3935-4bde-86ea-1c7798f9307b 10 1153 1155 -edge_243_0_+disjointig_56_0_49321 36942 38085 49321 -1 -1 1143 0
Chain
	Aln	484	-bec987fb-3935-4bde-86ea-1c7798f9307b 1 1144 1155 +edge_243_0_+disjointig_56_0_49321 11235 12378 49321 -1 -1 1143 0
Chain
	Aln	619	+3b70170d-edec-43f3-a76d-729a106f2eda 34 10907 10912 -edge_310_0_+disjointig_26_14870_67398 20548 31422 52528 -1 -1 10638 0.00332504
Chain
	Aln	618	-3b70170d-edec-43f3-a76d-729a106f2eda 4 10877 10912 +edge_310_0_+disjointig_26_14870_67398 21105 31979 52528 -1 -1 10638 0.00332504
Chain
	Aln	602	+c97e8fa2-c128-416a-8700-e210e341f340 9 1510 1516 +edge_302_0_+disjointig_19_0_13806 509 2008 13806 -1 -1 1474 0.00168619
Chain
	Aln	603	-c97e8fa2-c128-416a-8700-e210e341f340 5 1506 1516 -edge_302_0_+disjointig_19_0_13806 11797 13296 13806 -1 -1 1474 0.00168619
Chain
	Aln	140	+d4b898d8-8011-435d-a13d-d3b822d0395b 18 5079 5083 +edge_71_0_-disjointig_29_9063_25753 6077 11145 16690 -1 -1 5013 0.000340533
Chain
	Aln	141	-d4b898d8-8011-435d-a13d-d3b822d0395b 3 5064 5083 -edge_71_0_-disjointig_29_9063_25753 5544 10612 16690 -1 -1 5013 0.000340533
Chain
	Aln	509	+4f1b9f09-acaf-4f0a-af74-a3deb9a8e308 22 19684 22584 -edge_255_0_+disjointig_71_0_27902 8246 27901 27902 -1 -1 19308 0.00123219
Chain
	Aln	508	-4f1b9f09-acaf-4f0a-af74-a3deb9a8e308 2899 22561 22584 +edge_255_0_+disjointig_71_0_27902 0 19655 27902 -1 -1 19308 0.00123219
Chain
	Aln	619	+9a4b8cdd-535b-4adf-b1e7-80503869d485 11 22076 22082 -edge_310_0_+disjointig_26_14870_67398 18001 40060 52528 -1 -1 21833 0.00105079
Chain
	Aln	618	-9a4b8cdd-535b-4adf-b1e7-80503869d485 5 22070 22082 +edge_310_0_+disjointig_26_14870_67398 12467 34526 52528 -1 -1 21833 0.00105079
Chain
	Aln	619	+edd77fde-6f75-43f5-9ab9-4a31d599ee70 12 2109 2113 -edge_310_0_+disjointig_26_14870_67398 13675 15771 52528 -1 -1 2051 0.00343868
Chain
	Aln	618	-edd77fde-6f75-43f5-9ab9-4a31d599ee70 3 2100 2113 +edge_310_0_+disjointig_26_14870_67398 36756 38852 52528 -1 -1 2051 0.00343868
Chain
	Aln	307	+a40bc1bd-f214-484a-9dd3-77efb935c8ef 8 2132 2932 -edge_154_0_+disjointig_185_0_10128 8003 10127 10128 -1 -1 2076 0.00305215
Chain
	Aln	306	-a40bc1bd-f214-484a-9dd3-77efb935c8ef 799 2923 2932 +edge_154_0_+disjointig_185_0_10128 0 2124 10128 -1 -1 2076 0.00305215
Chain
	Aln	509	+7822b542-6c3a-4534-ae62-fb5cc9fcab14 4 6943 6948 -edge_255_0_+disjointig_71_0_27902 20961 27897 27902 -1 -1 6851 0.00151535
Chain
	Aln	508	-7822b542-6c3a-4534-ae62-fb5cc9fcab14 4 6943 6948 +edge_255_0_+disjointig_71_0_27902 4 6940 27902 -1 -1 6851 0.00151535
Chain
	Aln	485	+e245537f-d2ca-4840-a103-984da51dc703 9 2111 2113 -edge_243_0_+disjointig_56_0_49321 18117 20218 49321 -1 -1 2090 0.000536873
Chain
	Aln	484	-e245537f-d2ca-4840-a103-984da51dc703 1 2103 2113 +edge_243_0_+disjointig_56_0_49321 29102 31203 49321 -1 -1 2090 0.000536873
Chain
	Aln	619	+bfbe1c4d-a604-4365-aa2a-5aebff7f2481 7 2146 2154 -edge_310_0_+disjointig_26_14870_67398 21625 23763 52528 -1 -1 2138 0.000634483
Chain
	Aln	618	-bfbe1c4d-a604-4365-aa2a-5aebff7f2481 7 2146 2154 +edge_310_0_+disjointig_26_14870_67398 28764 30902 52528 -1 -1 2138 0.000634483
Chain
	Aln	377	+dbd557a6-786d-483d-9ad6-c6f20f462f93 16 6253 6255 -edge_189_0_+disjointig_21_0_14470 5582 11818 14470 -1 -1 6123 0.00190004
Chain
	Aln	376	-dbd557a6-786d-483d-9ad6-c6f20f462f93 1 6238 6255 +edge_189_0_+disjointig_21_0_14470 2651 8887 14470 -1 -1 6123 0.00190004
Chain
	Aln	520	+3e4ac74e-d27a-4daf-89a0-4fea50197c51 2 7014 8479 +edge_261_0_+disjointig_76_0_7029 2 7025 7029 -1 -1 6860 0.00217513
Chain
	Aln	521	-3e4ac74e-d27a-4daf-89a0-4fea50197c51 1464 8476 8479 -edge_261_0_+disjointig_76_0_7029 3 7026 7029 -1 -1 6860 0.00217513
Chain
	Aln	179	+9f509d7b-798f-4eed-8629-a71fd41a78eb 15 4853 4856 -edge_90_0_+disjointig_142_0_9233 14 4855 9233 -1 -1 4760 0.00151017
Chain
	Aln	178	-9f509d7b-798f-4eed-8629-a71fd41a78eb 2 4840 4856 +edge_90_0_+disjointig_142_0_9233 4377 9218 9233 -1 -1 4760 0.00151017
Chain
	Aln	34	+cf2417b4-9a04-48b4-ab4e-b4c418c216e6 6 16756 16760 +edge_18_0_+disjointig_106_0_22862 3185 19945 22862 -1 -1 16549 0.00146301
Chain
	Aln	35	-cf2417b4-9a04-48b4-ab4e-b4c418c216e6 3 16753 16760 -edge_18_0_+disjointig_106_0_22862 2916 19676 22862 -1 -1 16549 0.00146301
Chain
	Aln	130	+d1ef4ccf-d035-4b9c-9b5c-52f418b4eb0e 9 6573 6639 +edge_66_0_+disjointig_131_0_7243 151 6715 7243 -1 -1 6295 0.00463749
Chain
	Aln	131	-d1ef4ccf-d035-4b9c-9b5c-52f418b4eb0e 65 6629 6639 -edge_66_0_+disjointig_131_0_7243 527 7091 7243 -1 -1 6295 0.00463749
Chain
	Aln	64	+827f316a-af78-456a-bb8d-e2f2c0c55e9b 1094 12564 12566 +edge_33_0_+disjointig_114_0_23907 4 11498 23907 -1 -1 11241 0.00152917
Chain
	Aln	65	-827f316a-af78-456a-bb8d-e2f2c0c55e9b 1 11471 12566 -edge_33_0_+disjointig_114_0_23907 12408 23902 23907 -1 -1 11241 0.00152917
Chain
	Aln	503	+f7296a91-6b96-4032-8136-08e14f85a88e 7 1503 1505 -edge_252_0_+disjointig_68_0_25931 23682 25178 25931 -1 -1 1496 0.002388
Chain
	Aln	502	-f7296a91-6b96-4032-8136-08e14f85a88e 1 1497 1505 +edge_252_0_+disjointig_68_0_25931 752 2248 25931 -1 -1 1496 0.002388
Chain
	Aln	587	+e3bfb70e-1c79-46eb-a895-0f36153148e0 10 6856 6864 -edge_294_0_+disjointig_54_11019_37577 4872 11719 26558 -1 -1 6579 0.00470631
Chain
	Aln	586	-e3bfb70e-1c79-46eb-a895-0f36153148e0 7 6853 6864 +edge_294_0_+disjointig_54_11019_37577 14838 21685 26558 -1 -1 6579 0.00470631
Chain
	Aln	568	+00b9e582-9cff-48e2-a76f-c2232c103de4 15 4909 4911 +edge_285_0_+disjointig_92_0_14753 402 5295 14753 -1 -1 4871 0.000520361
Chain
	Aln	569	-00b9e582-9cff-48e2-a76f-c2232c103de4 1 4895 4911 -edge_285_0_+disjointig_92_0_14753 9457 14350 14753 -1 -1 4871 0.000520361
Chain
	Aln	223	+b494c713-7a68-442f-82e3-71729761b097 15 1436 1444 -edge_112_0_+disjointig_16_0_19673 15806 17230 19673 -1 -1 1340 0.00644323
Chain
	Aln	222	-b494c713-7a68-442f-82e3-71729761b097 7 1428 1444 +edge_112_0_+disjointig_16_0_19673 2442 3866 19673 -1 -1 1340 0.00644323
Chain
	Aln	90	+e4fa18a6-d576-43fe-8cad-fdc49f2995f2 17 3152 3183 +edge_46_0_+disjointig_119_0_19618 1405 4538 19618 -1 -1 3073 0.00215666
Chain
	Aln	91	-e4fa18a6-d576-43fe-8cad-fdc49f2995f2 30 3165 3183 -edge_46_0_+disjointig_119_0_19618 15079 18212 19618 -1 -1 3073 0.00215666
Chain
	Aln	66	+52a68283-40d2-4ac9-9fbd-60f361da08a7 14 4597 4943 +edge_34_0_+disjointig_116_0_15228 10635 15218 15228 -1 -1 4502 0.000463555
Chain
	Aln	67	-52a68283-40d2-4ac9-9fbd-60f361da08a7 345 4928 4943 -edge_34_0_+disjointig_116_0_15228 9 4592 15228 -1 -1 4502 0.000463555
Chain
	Aln	619	+28524b6a-8468-4770-b5f0-15eb88e9b485 47 4652 4654 -edge_310_0_+disjointig_26_14870_67398 6526 11131 52528 -1 -1 4360 0.00489051
Chain
	Aln	618	-28524b6a-8468-4770-b5f0-15eb88e9b485 1 4606 4654 +edge_310_0_+disjointig_26_14870_67398 41396 46001 52528 -1 -1 4360 0.00489051
Chain
	Aln	237	+40b0cb6c-4386-4a10-bab5-b9eec1c6f1a7 18 3785 3789 -edge_119_0_+disjointig_167_0_5742 17 3783 5742 -1 -1 3722 0.00182399
Chain
	Aln	236	-40b0cb6c-4386-4a10-bab5-b9eec1c6f1a7 3 3770 3789 +edge_119_0_+disjointig_167_0_5742 1958 5724 5742 -1 -1 3722 0.00182399
Chain
	Aln	30	+20bb882f-84ea-49f1-a0cc-7c8ef7da14b8 3 11559 11564 +edge_16_0_+disjointig_104_0_24625 3 11526 24625 -1 -1 10578 0.00741148
Chain
	Aln	31	-20bb882f-84ea-49f1-a0cc-7c8ef7da14b8 4 11560 11564 -edge_16_0_+disjointig_104_0_24625 13098 24621 24625 -1 -1 10578 0.00741148
Chain
	Aln	432	+457b93b5-34a8-401c-b31d-5a3b342fdda5 8828 14022 14086 +edge_217_0_+disjointig_30_0_22207 1 5249 22207 -1 -1 3157 0.0501437
Chain
	Aln	520	+457b93b5-34a8-401c-b31d-5a3b342fdda5 16 1137 14086 +edge_261_0_+disjointig_76_0_7029 5865 7016 7029 -1 -1 696 0.0455745
Chain
	Aln	433	-457b93b5-34a8-401c-b31d-5a3b342fdda5 63 5257 14086 -edge_217_0_+disjointig_30_0_22207 16957 22205 22207 -1 -1 3157 0.0501437
Chain
	Aln	521	-457b93b5-34a8-401c-b31d-5a3b342fdda5 12948 14069 14086 -edge_261_0_+disjointig_76_0_7029 12 1163 7029 -1 -1 696 0.0455745
Chain
	Aln	453	+42f472d6-7f86-4c17-9a40-c4caf8d2686d 11 3644 3648 -edge_227_0_+disjointig_43_0_12575 8938 12571 12575 -1 -1 3588 0.00059011
Chain
	Aln	452	-42f472d6-7f86-4c17-9a40-c4caf8d2686d 3 3636 3648 +edge_227_0_+disjointig_43_0_12575 3 3636 12575 -1 -1 3588 0.00059011
Chain
	Aln	67	+5aea8626-6033-4ca9-afe5-69d9fb99af7c 10 4784 4792 -edge_34_0_+disjointig_116_0_15228 5003 9767 15228 -1 -1 4679 0.00279393
Chain
	Aln	66	-5aea8626-6033-4ca9-afe5-69d9fb99af7c 7 4781 4792 +edge_34_0_+disjointig_116_0_15228 5460 10224 15228 -1 -1 4679 0.00279393
Chain
	Aln	223	+c14a24b0-42e8-4247-9865-753c36384a38 11 5525 5529 -edge_112_0_+disjointig_16_0_19673 10 5514 19673 -1 -1 5362 0.0019182
Chain
	Aln	222	-c14a24b0-42e8-4247-9865-753c36384a38 3 5517 5529 +edge_112_0_+disjointig_16_0_19673 14158 19662 19673 -1 -1 5362 0.0019182
Chain
	Aln	496	+aabfd943-68e6-44f8-8d04-41a806c02271 19 1749 1753 +edge_249_0_+disjointig_64_0_17082 6557 8283 17082 -1 -1 1709 2.35847e-05
Chain
	Aln	497	-aabfd943-68e6-44f8-8d04-41a806c02271 3 1733 1753 -edge_249_0_+disjointig_64_0_17082 8798 10524 17082 -1 -1 1709 2.35847e-05
Chain
	Aln	503	+2421a665-f063-41ac-9a9d-8590b96bb4af 34 15925 15933 -edge_252_0_+disjointig_68_0_25931 9615 25824 25931 -1 -1 10069 0.0346436
Chain
	Aln	502	-2421a665-f063-41ac-9a9d-8590b96bb4af 7 15898 15933 +edge_252_0_+disjointig_68_0_25931 106 16315 25931 -1 -1 10069 0.0346436
Chain
	Aln	617	+f470f3f7-a053-4eb5-9443-536371e88b37 3 875 1445 -edge_309_0_+disjointig_24_7647_16416 7897 8768 8769 -1 -1 820 0.0100687
	Aln	617	+f470f3f7-a053-4eb5-9443-536371e88b37 887 1434 1445 -edge_309_0_+disjointig_24_7647_16416 11 553 8769 -1 -1 496 0.0155555
Chain
	Aln	616	-f470f3f7-a053-4eb5-9443-536371e88b37 10 557 1445 +edge_309_0_+disjointig_24_7647_16416 8215 8757 8769 -1 -1 496 0.0155555
	Aln	616	-f470f3f7-a053-4eb5-9443-536371e88b37 569 1441 1445 +edge_309_0_+disjointig_24_7647_16416 0 871 8769 -1 -1 820 0.0100687
Chain
	Aln	471	+fe0527ac-0320-4b0d-b818-7be83b1b528c 12 8283 8285 -edge_236_0_+disjointig_51_0_49461 41177 49459 49461 -1 -1 8053 0.00308228
Chain
	Aln	470	-fe0527ac-0320-4b0d-b818-7be83b1b528c 1 8272 8285 +edge_236_0_+disjointig_51_0_49461 1 8283 49461 -1 -1 8053 0.00308228
Chain
	Aln	601	+740572b6-2856-47af-8ec8-3764f7c4f19a 3 3395 3397 -edge_301_0_+disjointig_67_7420_18373 2691 6077 10953 -1 -1 3361 0.00125339
Chain
	Aln	600	-740572b6-2856-47af-8ec8-3764f7c4f19a 1 3393 3397 +edge_301_0_+disjointig_67_7420_18373 4875 8261 10953 -1 -1 3361 0.00125339
Chain
	Aln	29	+f2a8c6da-a978-43c7-99d9-4bc1a9426d83 13 3422 3424 -edge_15_0_+disjointig_103_0_8058 2809 6228 8058 -1 -1 3314 0.00300612
Chain
	Aln	28	-f2a8c6da-a978-43c7-99d9-4bc1a9426d83 1 3410 3424 +edge_15_0_+disjointig_103_0_8058 1829 5248 8058 -1 -1 3314 0.00300612
Chain
	Aln	531	+e60e78d8-1e67-4fb2-979d-8bd8cafc7238 9 3258 3269 -edge_266_0_+disjointig_80_0_16580 1911 5161 16580 -1 -1 3237 0.00226728
Chain
	Aln	530	-e60e78d8-1e67-4fb2-979d-8bd8cafc7238 10 3259 3269 +edge_266_0_+disjointig_80_0_16580 11418 14668 16580 -1 -1 3237 0.00226728
Chain
	Aln	241	+978e1142-dfde-475b-bd6e-285a8f850a6b 1 3046 3051 -edge_121_0_+disjointig_169_0_5721 1444 4485 5721 -1 -1 3030 0.00185811
Chain
	Aln	240	-978e1142-dfde-475b-bd6e-285a8f850a6b 4 3049 3051 +edge_121_0_+disjointig_169_0_5721 1235 4276 5721 -1 -1 3030 0.00185811
Chain
	Aln	229	+51c652e6-c124-4a0e-95c7-c2623cb07fa3 4 2776 2778 -edge_115_0_+disjointig_162_0_11767 7157 9924 11767 -1 -1 2683 0.00321983
Chain
	Aln	228	-51c652e6-c124-4a0e-95c7-c2623cb07fa3 1 2773 2778 +edge_115_0_+disjointig_162_0_11767 1842 4609 11767 -1 -1 2683 0.00321983
Chain
	Aln	584	+dba4968c-fcc7-466f-9aeb-48b6dcdf62fb 25 15587 15597 +edge_293_0_+disjointig_147_0_35029 2020 17579 35029 -1 -1 15349 0.00175258
Chain
	Aln	585	-dba4968c-fcc7-466f-9aeb-48b6dcdf62fb 9 15571 15597 -edge_293_0_+disjointig_147_0_35029 17449 33008 35029 -1 -1 15349 0.00175258
Chain
	Aln	27	+7d97d553-1372-4f2b-961c-64b75954cd00 4 2402 3100 -edge_14_0_+disjointig_102_0_2859 390 2840 2859 -1 -1 1680 0.0327786
Chain
	Aln	26	-7d97d553-1372-4f2b-961c-64b75954cd00 697 3095 3100 +edge_14_0_+disjointig_102_0_2859 18 2468 2859 -1 -1 1680 0.0327786
Chain
	Aln	470	+20c180fc-64cc-4eda-9c76-514bb26d1172 24 2192 2195 +edge_236_0_+disjointig_51_0_49461 31328 33496 49461 -1 -1 2157 0.00345794
Chain
	Aln	471	-20c180fc-64cc-4eda-9c76-514bb26d1172 2 2170 2195 -edge_236_0_+disjointig_51_0_49461 15964 18132 49461 -1 -1 2157 0.00345794
Chain
	Aln	538	+401dbe26-84e7-4f94-8187-5cd932efd139 1 6740 6748 +edge_270_0_+disjointig_84_0_11280 1 6740 11280 -1 -1 6643 0.000666468
Chain
	Aln	539	-401dbe26-84e7-4f94-8187-5cd932efd139 7 6746 6748 -edge_270_0_+disjointig_84_0_11280 4539 11278 11280 -1 -1 6643 0.000666468
Chain
	Aln	309	+d03bd7c6-20ee-4a61-b2c5-854dfd8d7b75 12 6662 7853 -edge_155_0_+disjointig_186_0_6668 11 6662 6668 -1 -1 6313 0.00616687
Chain
	Aln	308	-d03bd7c6-20ee-4a61-b2c5-854dfd8d7b75 1190 7840 7853 +edge_155_0_+disjointig_186_0_6668 5 6656 6668 -1 -1 6313 0.00616687
Chain
	Aln	121	+efdce318-02f6-45d1-a085-f79d3b4c44da 16 2546 2549 -edge_61_0_+disjointig_127_0_4565 2033 4562 4565 -1 -1 2523 0.00155195
Chain
	Aln	120	-efdce318-02f6-45d1-a085-f79d3b4c44da 2 2532 2549 +edge_61_0_+disjointig_127_0_4565 2 2531 4565 -1 -1 2523 0.00155195
Chain
	Aln	69	+184dd039-988f-43f2-a708-0316af8e9f31 12 7132 7134 -edge_35_0_+disjointig_117_0_15377 2376 9514 15377 -1 -1 6969 0.00317859
Chain
	Aln	68	-184dd039-988f-43f2-a708-0316af8e9f31 1 7121 7134 +edge_35_0_+disjointig_117_0_15377 5862 13000 15377 -1 -1 6969 0.00317859
Chain
	Aln	617	+bf8d52b1-5a99-4a24-9c31-5f63d6adc9da 16 1482 1485 -edge_309_0_+disjointig_24_7647_16416 5142 6608 8769 -1 -1 1463 0
Chain
	Aln	616	-bf8d52b1-5a99-4a24-9c31-5f63d6adc9da 2 1468 1485 +edge_309_0_+disjointig_24_7647_16416 2160 3626 8769 -1 -1 1463 0
Chain
	Aln	455	+740b01bc-3aaf-4b8e-8e9b-98fca0797e57 154 4850 4855 -edge_228_0_+disjointig_44_0_4719 12 4714 4719 -1 -1 4312 0.00790763
Chain
	Aln	454	-740b01bc-3aaf-4b8e-8e9b-98fca0797e57 4 4700 4855 +edge_228_0_+disjointig_44_0_4719 4 4706 4719 -1 -1 4312 0.00790763
Chain
	Aln	373	+05000b05-a053-4426-ae9f-119fb82d909c 10 1263 1860 -edge_187_0_+disjointig_207_0_4510 3123 4377 4510 -1 -1 1251 0.00237213
Chain
	Aln	372	-05000b05-a053-4426-ae9f-119fb82d909c 596 1849 1860 +edge_187_0_+disjointig_207_0_4510 132 1386 4510 -1 -1 1251 0.00237213
Chain
	Aln	243	+78eeb6f5-8d6a-4831-8a4a-cb938388cd9f 16 2843 2869 -edge_122_0_+disjointig_17_0_27131 4319 7147 27131 -1 -1 2777 0.000677401
Chain
	Aln	242	-78eeb6f5-8d6a-4831-8a4a-cb938388cd9f 25 2852 2869 +edge_122_0_+disjointig_17_0_27131 19983 22811 27131 -1 -1 2777 0.000677401
Chain
	Aln	172	+4f5073b8-90a0-4c6a-aa3c-52d5990e4a5e 20 4313 4319 +edge_87_0_+disjointig_14_0_19372 1 4295 19372 -1 -1 4213 0.00241035
Chain
	Aln	173	-4f5073b8-90a0-4c6a-aa3c-52d5990e4a5e 5 4298 4319 -edge_87_0_+disjointig_14_0_19372 15076 19370 19372 -1 -1 4213 0.00241035
Chain
	Aln	121	+f1516e54-b5a0-4ddd-9e2c-64b95c59e9db 226 1436 1442 -edge_61_0_+disjointig_127_0_4565 11 1221 4565 -1 -1 1195 0.00163594
Chain
	Aln	120	-f1516e54-b5a0-4ddd-9e2c-64b95c59e9db 5 1215 1442 +edge_61_0_+disjointig_127_0_4565 3343 4553 4565 -1 -1 1195 0.00163594
Chain
	Aln	546	+d61409da-cb39-41f1-b59f-e23fb80a35d6 16 5209 5251 +edge_274_0_+disjointig_89_0_12448 6803 11999 12448 -1 -1 5145 0.00155032
Chain
	Aln	547	-d61409da-cb39-41f1-b59f-e23fb80a35d6 41 5234 5251 -edge_274_0_+disjointig_89_0_12448 448 5644 12448 -1 -1 5145 0.00155032
Chain
	Aln	179	+aae96a30-28e6-4ef1-b1d3-34691d10a1c6 15 5471 18686 -edge_90_0_+disjointig_142_0_9233 3778 9232 9233 -1 -1 5374 0.00221675
Chain
	Aln	178	-aae96a30-28e6-4ef1-b1d3-34691d10a1c6 13214 18670 18686 +edge_90_0_+disjointig_142_0_9233 0 5454 9233 -1 -1 5374 0.00221675
Chain
	Aln	52	+16eae4d1-e8c0-45f2-8483-752ee2ce5bfc 9 1077 1086 +edge_27_0_+disjointig_109_0_10364 2833 3901 10364 -1 -1 1068 0.0010145
Chain
	Aln	53	-16eae4d1-e8c0-45f2-8483-752ee2ce5bfc 8 1076 1086 -edge_27_0_+disjointig_109_0_10364 6462 7530 10364 -1 -1 1068 0.0010145
Chain
	Aln	619	+1973a3c3-464e-4a72-811d-2a83d7580e78 11 3567 3644 -edge_310_0_+disjointig_26_14870_67398 27082 30644 52528 -1 -1 3536 0.000615687
Chain
	Aln	618	-1973a3c3-464e-4a72-811d-2a83d7580e78 76 3632 3644 +edge_310_0_+disjointig_26_14870_67398 21883 25445 52528 -1 -1 3536 0.000615687
Chain
	Aln	112	+39a4b0c0-eccc-4c0a-8bd1-f192b904a693 951 4190 5587 +edge_57_0_+disjointig_122_0_3246 3 3242 3246 -1 -1 3173 0.00238046
Chain
	Aln	113	-39a4b0c0-eccc-4c0a-8bd1-f192b904a693 1396 4635 5587 -edge_57_0_+disjointig_122_0_3246 3 3242 3246 -1 -1 3173 0.00238046
Chain
	Aln	400	+37103510-cdc3-484e-bf78-8ff4e43aaba0 29 5057 5062 +edge_201_0_+disjointig_25_3216_27003 15916 20935 23787 -1 -1 4963 0.00258019
Chain
	Aln	401	-37103510-cdc3-484e-bf78-8ff4e43aaba0 4 5032 5062 -edge_201_0_+disjointig_25_3216_27003 2851 7870 23787 -1 -1 4963 0.00258019
Chain
	Aln	548	+f82d3d32-afb5-43ab-9d13-3cb0144bc555 17 17852 19404 +edge_275_0_+disjointig_9_0_50887 32451 50139 50887 -1 -1 14420 0.0106251
Chain
	Aln	549	-f82d3d32-afb5-43ab-9d13-3cb0144bc555 1551 19386 19404 -edge_275_0_+disjointig_9_0_50887 747 18435 50887 -1 -1 14420 0.0106251
Chain
	Aln	359	+49a79d22-f8e6-4dde-8045-426b7f780ff7 5 4665 5323 -edge_180_0_+disjointig_98_5264_16229 6303 10964 10965 -1 -1 4542 0.00261112
Chain
	Aln	358	-49a79d22-f8e6-4dde-8045-426b7f780ff7 657 5317 5323 +edge_180_0_+disjointig_98_5264_16229 0 4661 10965 -1 -1 4542 0.00261112
Chain
	Aln	598	+21a02ce1-5213-4d16-b2e9-ed663daa20ed 3 1452 1456 +edge_300_0_+disjointig_183_0_42239 15140 16589 42239 -1 -1 1441 0.00234867
Chain
	Aln	599	-21a02ce1-5213-4d16-b2e9-ed663daa20ed 3 1452 1456 -edge_300_0_+disjointig_183_0_42239 25649 27098 42239 -1 -1 1441 0.00234867
Chain
	Aln	369	+c8775a23-adc4-46e9-be27-e2314b16e623 5106 6368 11725 -edge_185_0_+disjointig_205_0_10729 2530 3790 10729 -1 -1 1203 0.00636297
Chain
	Aln	368	-c8775a23-adc4-46e9-be27-e2314b16e623 5356 6618 11725 +edge_185_0_+disjointig_205_0_10729 6938 8198 10729 -1 -1 1203 0.00636297
Chain
	Aln	489	+f50917a2-bbe3-41bd-8e13-1c7b90a82fe5 12 8258 8296 -edge_245_0_+disjointig_58_0_8804 11 8264 8804 -1 -1 8161 0.00126465
Chain
	Aln	488	-f50917a2-bbe3-41bd-8e13-1c7b90a82fe5 37 8283 8296 +edge_245_0_+disjointig_58_0_8804 539 8792 8804 -1 -1 8161 0.00126465
Chain
	Aln	229	+57b752e2-a047-438c-9e6e-a6eecf6aef7d 6 7160 7164 -edge_115_0_+disjointig_162_0_11767 5 7141 11767 -1 -1 6856 0.00423057
Chain
	Aln	228	-57b752e2-a047-438c-9e6e-a6eecf6aef7d 3 7157 7164 +edge_115_0_+disjointig_162_0_11767 4625 11761 11767 -1 -1 6856 0.00423057
Chain
	Aln	133	+4194f1ee-c59b-4494-979b-d2bcfcd109d1 11 1385 1392 -edge_67_0_+disjointig_132_0_16726 7673 9047 16726 -1 -1 1372 0.00160419
Chain
	Aln	132	-4194f1ee-c59b-4494-979b-d2bcfcd109d1 6 1380 1392 +edge_67_0_+disjointig_132_0_16726 7678 9052 16726 -1 -1 1372 0.00160419
Chain
	Aln	374	+57891cae-c0fb-4391-82aa-06bbb218b7b1 12 1213 1218 +edge_188_0_+disjointig_209_0_3037 490 1691 3037 -1 -1 1158 0.00579021
Chain
	Aln	375	-57891cae-c0fb-4391-82aa-06bbb218b7b1 4 1205 1218 -edge_188_0_+disjointig_209_0_3037 1345 2546 3037 -1 -1 1158 0.00579021
Chain
	Aln	568	+56525b45-065b-4cf7-ae33-a2a3e021a19d 8 1032 1036 +edge_285_0_+disjointig_92_0_14753 11256 12284 14753 -1 -1 1009 0.00227718
Chain
	Aln	569	-56525b45-065b-4cf7-ae33-a2a3e021a19d 3 1027 1036 -edge_285_0_+disjointig_92_0_14753 2468 3496 14753 -1 -1 1009 0.00227718
Chain
	Aln	267	+8dd15f75-e161-49b1-9cca-6ccc624a2225 11 1369 1378 -edge_134_0_+disjointig_176_2697_26044 853 2211 23347 -1 -1 1331 0.00572494
Chain
	Aln	266	-8dd15f75-e161-49b1-9cca-6ccc624a2225 8 1366 1378 +edge_134_0_+disjointig_176_2697_26044 21135 22493 23347 -1 -1 1331 0.00572494
Chain
	Aln	193	+ccd1ebdf-deed-4d5f-8ddf-7ce9bc23f3db 4 4603 4751 -edge_97_0_+disjointig_148_0_17767 2677 7270 17767 -1 -1 4409 0.00277872
Chain
	Aln	192	-ccd1ebdf-deed-4d5f-8ddf-7ce9bc23f3db 147 4746 4751 +edge_97_0_+disjointig_148_0_17767 10496 15089 17767 -1 -1 4409 0.00277872
Chain
	Aln	573	+8fae3271-bdf0-4702-84a0-3bb70b3dd3f9 11 2705 2707 -edge_287_0_+disjointig_118_0_19552 16854 19550 19552 -1 -1 2595 0.0037284
Chain
	Aln	572	-8fae3271-bdf0-4702-84a0-3bb70b3dd3f9 1 2695 2707 +edge_287_0_+disjointig_118_0_19552 1 2697 19552 -1 -1 2595 0.0037284
Chain
	Aln	185	+ba8779d9-5b8e-42b5-94ea-48f3c4d646b1 14 2623 2626 -edge_93_0_+disjointig_146_0_5112 2503 5109 5112 -1 -1 2563 0.00296629
Chain
	Aln	184	-ba8779d9-5b8e-42b5-94ea-48f3c4d646b1 2 2611 2626 +edge_93_0_+disjointig_146_0_5112 2 2608 5112 -1 -1 2563 0.00296629
Chain
	Aln	311	+bd8de082-9dd8-4783-8e1b-58c58a9f27a7 26 1857 1881 -edge_156_0_+disjointig_187_0_10825 996 2827 10825 -1 -1 1823 0
Chain
	Aln	310	-bd8de082-9dd8-4783-8e1b-58c58a9f27a7 23 1854 1881 +edge_156_0_+disjointig_187_0_10825 7997 9828 10825 -1 -1 1823 0
Chain
	Aln	173	+f0cffc40-f6dd-4211-831e-9d07f92b7887 7 9969 9971 -edge_87_0_+disjointig_14_0_19372 9408 19370 19372 -1 -1 9907 3.578e-05
Chain
	Aln	172	-f0cffc40-f6dd-4211-831e-9d07f92b7887 1 9963 9971 +edge_87_0_+disjointig_14_0_19372 1 9963 19372 -1 -1 9907 3.578e-05
Chain
	Aln	502	+22316f04-1bde-4cfc-9b01-b237fb04b3b0 2 4806 5919 +edge_252_0_+disjointig_68_0_25931 2 4794 25931 -1 -1 4703 0.00438871
Chain
	Aln	503	-22316f04-1bde-4cfc-9b01-b237fb04b3b0 1112 5916 5919 -edge_252_0_+disjointig_68_0_25931 21136 25928 25931 -1 -1 4703 0.00438871
Chain
	Aln	224	+bb018635-fff3-4640-b8e4-9a64f9c68be2 44 1066 1068 +edge_113_0_+disjointig_160_0_4630 5 1026 4630 -1 -1 998 0.00359935
Chain
	Aln	225	-bb018635-fff3-4640-b8e4-9a64f9c68be2 1 1023 1068 -edge_113_0_+disjointig_160_0_4630 3603 4624 4630 -1 -1 998 0.00359935
Chain
	Aln	497	+1564b07d-d667-47bc-98c9-d5ab279ae606 13 12021 12024 -edge_249_0_+disjointig_64_0_17082 12 12162 17082 -1 -1 9581 0.0167523
Chain
	Aln	496	-1564b07d-d667-47bc-98c9-d5ab279ae606 2 12010 12024 +edge_249_0_+disjointig_64_0_17082 4919 17069 17082 -1 -1 9581 0.0167523
Chain
	Aln	367	+b2de2c8b-f2ae-4458-8797-eba3c42ceca7 13 2235 2240 -edge_184_0_+disjointig_204_0_2238 12 2233 2238 -1 -1 2213 2.57856e-05
Chain
	Aln	366	-b2de2c8b-f2ae-4458-8797-eba3c42ceca7 4 2226 2240 +edge_184_0_+disjointig_204_0_2238 4 2225 2238 -1 -1 2213 2.57856e-05
Chain
	Aln	16	+60df25cf-dd8d-473b-aeef-794b1abda5a3 14 1128 1132 +edge_9_2_+disjointig_115_14645_15938 9 1123 1293 -1 -1 1114 0
Chain
	Aln	17	-60df25cf-dd8d-473b-aeef-794b1abda5a3 3 1117 1132 -edge_9_2_+disjointig_115_14645_15938 169 1283 1293 -1 -1 1114 0
Chain
	Aln	172	+18bbf567-2e41-4325-bbe5-9bf2d8143807 58 2192 2195 +edge_87_0_+disjointig_14_0_19372 15191 17351 19372 -1 -1 1135 0.0521875
Chain
	Aln	173	-18bbf567-2e41-4325-bbe5-9bf2d8143807 2 2136 2195 -edge_87_0_+disjointig_14_0_19372 2020 4180 19372 -1 -1 1135 0.0521875
Chain
	Aln	275	+d3fd1528-ee9b-454a-91aa-2b43672733b1 6 3747 3749 -edge_138_0_+disjointig_178_0_7638 3896 7636 7638 -1 -1 3712 0.000796919
Chain
	Aln	274	-d3fd1528-ee9b-454a-91aa-2b43672733b1 1 3742 3749 +edge_138_0_+disjointig_178_0_7638 1 3741 7638 -1 -1 3712 0.000796919
Chain
	Aln	449	+c7b9f432-e1fa-437c-9531-a0f52e8eb186 11 1238 1257 -edge_225_0_+disjointig_40_0_20039 14874 16101 20039 -1 -1 1209 0.00557572
Chain
	Aln	448	-c7b9f432-e1fa-437c-9531-a0f52e8eb186 18 1245 1257 +edge_225_0_+disjointig_40_0_20039 3937 5164 20039 -1 -1 1209 0.00557572
Chain
	Aln	617	+03ee1126-0257-4f9c-b5c8-d5f384db69e3 28 4708 4712 -edge_309_0_+disjointig_24_7647_16416 3392 8082 8769 -1 -1 4612 0.00125209
Chain
	Aln	616	-03ee1126-0257-4f9c-b5c8-d5f384db69e3 3 4683 4712 +edge_309_0_+disjointig_24_7647_16416 686 5376 8769 -1 -1 4612 0.00125209
Chain
	Aln	198	+ddab61df-4178-4791-94e9-92ae2335f2f2 20 1214 1219 +edge_100_0_+disjointig_151_0_15100 9099 10293 15100 -1 -1 1183 0.000577398
Chain
	Aln	199	-ddab61df-4178-4791-94e9-92ae2335f2f2 4 1198 1219 -edge_100_0_+disjointig_151_0_15100 4806 6000 15100 -1 -1 1183 0.000577398
Chain
	Aln	408	+b8c90669-2e8c-4fb0-b312-471e3fbaa322 4 1696 1703 +edge_205_0_+disjointig_219_0_13673 7499 9191 13673 -1 -1 1692 0
Chain
	Aln	409	-b8c90669-2e8c-4fb0-b312-471e3fbaa322 6 1698 1703 -edge_205_0_+disjointig_219_0_13673 4481 6173 13673 -1 -1 1692 0
Chain
	Aln	313	+7071820d-a65d-495e-a37d-991b130da6f3 9 1497 1507 -edge_157_0_+disjointig_188_0_21722 1772 3261 21722 -1 -1 1478 0
Chain
	Aln	312	-7071820d-a65d-495e-a37d-991b130da6f3 9 1497 1507 +edge_157_0_+disjointig_188_0_21722 18460 19949 21722 -1 -1 1478 0
Chain
	Aln	347	+a54d3878-719e-4712-877e-876e0e9e9203 14 3601 3603 -edge_174_0_+disjointig_198_0_3589 13 3587 3589 -1 -1 3325 0.00933143
Chain
	Aln	346	-a54d3878-719e-4712-877e-876e0e9e9203 1 3588 3603 +edge_174_0_+disjointig_198_0_3589 1 3575 3589 -1 -1 3325 0.00933143
Chain
	Aln	141	+6dc31fe9-7d8d-4c37-9d28-998f6a26c584 10 1104 1115 -edge_71_0_-disjointig_29_9063_25753 3937 5031 16690 -1 -1 1094 3.32374e-06
Chain
	Aln	140	-6dc31fe9-7d8d-4c37-9d28-998f6a26c584 10 1104 1115 +edge_71_0_-disjointig_29_9063_25753 11658 12752 16690 -1 -1 1094 3.32374e-06
Chain
	Aln	230	+fef9e00b-b3a7-40f5-a705-0428cd9e10cd 8 1955 1957 +edge_116_0_+disjointig_163_0_9677 580 2528 9677 -1 -1 1920 0.00162092
Chain
	Aln	231	-fef9e00b-b3a7-40f5-a705-0428cd9e10cd 1 1948 1957 -edge_116_0_+disjointig_163_0_9677 7148 9096 9677 -1 -1 1920 0.00162092
Chain
	Aln	569	+cc490e01-fffd-42c2-bc97-c1ecb4083142 15 3711 3947 -edge_285_0_+disjointig_92_0_14753 10972 14752 14753 -1 -1 3483 0.00532089
Chain
	Aln	568	-cc490e01-fffd-42c2-bc97-c1ecb4083142 235 3931 3947 +edge_285_0_+disjointig_92_0_14753 0 3780 14753 -1 -1 3483 0.00532089
Chain
	Aln	177	+5bbd80a1-e29e-40fb-b51a-8a94edd62f0b 13 2319 2323 -edge_89_0_+disjointig_141_0_2324 12 2320 2324 -1 -1 2297 0.00138806
Chain
	Aln	176	-5bbd80a1-e29e-40fb-b51a-8a94edd62f0b 3 2309 2323 +edge_89_0_+disjointig_141_0_2324 3 2311 2324 -1 -1 2297 0.00138806
Chain
	Aln	137	+ca79584b-fa89-4933-b18c-2c775d2c8179 14 3265 3267 -edge_69_0_+disjointig_134_0_5634 2381 5632 5634 -1 -1 3184 0.00207788
Chain
	Aln	136	-ca79584b-fa89-4933-b18c-2c775d2c8179 1 3252 3267 +edge_69_0_+disjointig_134_0_5634 1 3252 5634 -1 -1 3184 0.00207788
Chain
	Aln	195	+85ade3b1-2d1a-40d4-81e9-46d79dd0fb19 8 6558 6830 -edge_98_0_+disjointig_15_0_6588 7 6587 6588 -1 -1 6309 0.00371887
Chain
	Aln	194	-85ade3b1-2d1a-40d4-81e9-46d79dd0fb19 271 6821 6830 +edge_98_0_+disjointig_15_0_6588 0 6580 6588 -1 -1 6309 0.00371887
Chain
	Aln	348	+e8c2e8d8-0c94-4588-a2ef-dbaffac42952 2 6758 7573 +edge_175_0_+disjointig_199_0_6777 2 6767 6777 -1 -1 6619 0.00338377
Chain
	Aln	349	-e8c2e8d8-0c94-4588-a2ef-dbaffac42952 814 7570 7573 -edge_175_0_+disjointig_199_0_6777 9 6774 6777 -1 -1 6619 0.00338377
Chain
	Aln	228	+d098c0e1-fb27-43b9-bdf5-4e24eb545b9e 7 3954 3960 +edge_115_0_+disjointig_162_0_11767 3750 7698 11767 -1 -1 3881 0.00197365
Chain
	Aln	229	-d098c0e1-fb27-43b9-bdf5-4e24eb545b9e 5 3952 3960 -edge_115_0_+disjointig_162_0_11767 4068 8016 11767 -1 -1 3881 0.00197365
Chain
	Aln	133	+95f40d5d-6c48-4519-8ea1-e0bb3c965b9e 57 3379 3385 -edge_67_0_+disjointig_132_0_16726 3835 7164 16726 -1 -1 3296 0.00264983
Chain
	Aln	132	-95f40d5d-6c48-4519-8ea1-e0bb3c965b9e 5 3327 3385 +edge_67_0_+disjointig_132_0_16726 9561 12890 16726 -1 -1 3296 0.00264983
Chain
	Aln	234	+90566aee-97c1-4980-b034-e53f2eb73a32 4404 14294 14299 +edge_118_0_+disjointig_166_0_9943 33 9939 9943 -1 -1 9618 0.0036531
Chain
	Aln	235	-90566aee-97c1-4980-b034-e53f2eb73a32 4 9894 14299 -edge_118_0_+disjointig_166_0_9943 3 9909 9943 -1 -1 9618 0.0036531
Chain
	Aln	368	+044d57a2-ae32-4a79-ae23-9ab083982bb3 1542 2794 3396 +edge_185_0_+disjointig_205_0_10729 6960 8213 10729 -1 -1 1203 0.00508738
Chain
	Aln	369	-044d57a2-ae32-4a79-ae23-9ab083982bb3 601 1853 3396 -edge_185_0_+disjointig_205_0_10729 2515 3768 10729 -1 -1 1203 0.00508738
Chain
	Aln	547	+44279f6d-e13b-423c-a94e-471e9f254e90 14 5650 5654 -edge_274_0_+disjointig_89_0_12448 2412 8074 12448 -1 -1 5227 0.00796684
Chain
	Aln	546	-44279f6d-e13b-423c-a94e-471e9f254e90 3 5639 5654 +edge_274_0_+disjointig_89_0_12448 4373 10035 12448 -1 -1 5227 0.00796684
Chain
	Aln	120	+7fa13707-883d-4424-94c3-282743117b42 2150 6704 6714 +edge_61_0_+disjointig_127_0_4565 2 4556 4565 -1 -1 4536 0.00197848
Chain
	Aln	121	-7fa13707-883d-4424-94c3-282743117b42 9 4563 6714 -edge_61_0_+disjointig_127_0_4565 8 4562 4565 -1 -1 4536 0.00197848
Chain
	Aln	5	+f6e481fa-efcd-46c2-8a62-4d3aa19b0dd1 9 5165 5169 -edge_3_0_+disjointig_100_0_7515 8 5159 7515 -1 -1 5098 0.000967441
Chain
	Aln	4	-f6e481fa-efcd-46c2-8a62-4d3aa19b0dd1 3 5159 5169 +edge_3_0_+disjointig_100_0_7515 2355 7506 7515 -1 -1 5098 0.000967441
Chain
	Aln	548	+fe74aabf-0954-49d2-8154-2313a2f20b10 8 6011 6014 +edge_275_0_+disjointig_9_0_50887 44344 50346 50887 -1 -1 5884 0.00162071
Chain
	Aln	549	-fe74aabf-0954-49d2-8154-2313a2f20b10 2 6005 6014 -edge_275_0_+disjointig_9_0_50887 540 6542 50887 -1 -1 5884 0.00162071
Chain
	Aln	503	+09909db3-6189-45a4-957e-015b5a0bad6b 11 9268 9272 -edge_252_0_+disjointig_68_0_25931 6503 15756 25931 -1 -1 9148 0.000866258
Chain
	Aln	502	-09909db3-6189-45a4-957e-015b5a0bad6b 3 9260 9272 +edge_252_0_+disjointig_68_0_25931 10174 19427 25931 -1 -1 9148 0.000866258
Chain
	Aln	104	+1147cf68-54c7-4f82-8869-60c9ef5a552e 11 3700 3734 +edge_53_0_+disjointig_20_20934_46521 17408 21097 25587 -1 -1 3627 0.00221727
Chain
	Aln	105	-1147cf68-54c7-4f82-8869-60c9ef5a552e 33 3722 3734 -edge_53_0_+disjointig_20_20934_46521 4489 8178 25587 -1 -1 3627 0.00221727
Chain
	Aln	435	+29cbfdf5-5a48-4a14-a117-586e9074260c 2 3486 3488 -edge_218_0_+disjointig_33_0_6198 2715 6196 6198 -1 -1 3376 0.00451546
Chain
	Aln	434	-29cbfdf5-5a48-4a14-a117-586e9074260c 1 3485 3488 +edge_218_0_+disjointig_33_0_6198 1 3482 6198 -1 -1 3376 0.00451546
Chain
	Aln	223	+338ec2da-feae-4ebb-b3dd-63b5ed4ce537 7 5359 5372 -edge_112_0_+disjointig_16_0_19673 1796 7142 19673 -1 -1 5234 0.00170647
Chain
	Aln	222	-338ec2da-feae-4ebb-b3dd-63b5ed4ce537 12 5364 5372 +edge_112_0_+disjointig_16_0_19673 12530 17876 19673 -1 -1 5234 0.00170647
Chain
	Aln	619	+720949d4-7a18-4088-bff4-8e72ffbdfc8d 1 1386 1393 -edge_310_0_+disjointig_26_14870_67398 46894 48281 52528 -1 -1 1378 0.00313855
Chain
	Aln	618	-720949d4-7a18-4088-bff4-8e72ffbdfc8d 6 1391 1393 +edge_310_0_+disjointig_26_14870_67398 4246 5633 52528 -1 -1 1378 0.00313855
Chain
	Aln	619	+34378396-5d32-46f7-8bbc-901d657e5677 29 3049 3051 -edge_310_0_+disjointig_26_14870_67398 11855 14878 52528 -1 -1 2982 0.000124323
Chain
	Aln	618	-34378396-5d32-46f7-8bbc-901d657e5677 1 3021 3051 +edge_310_0_+disjointig_26_14870_67398 37649 40672 52528 -1 -1 2982 0.000124323
Chain
	Aln	97	+6f7532d1-fd6f-4251-afa8-3003507179c6 3332 4770 6478 -edge_49_1_+disjointig_20_19479_20934 12 1454 1455 -1 -1 1420 0.00136766
Chain
	Aln	96	-6f7532d1-fd6f-4251-afa8-3003507179c6 1707 3145 6478 +edge_49_1_+disjointig_20_19479_20934 0 1442 1455 -1 -1 1420 0.00136766
Chain
	Aln	377	+73927fee-62a8-429e-83fd-fa7efb139ebc 21 2955 2980 -edge_189_0_+disjointig_21_0_14470 7297 10230 14470 -1 -1 2891 0.00191919
Chain
	Aln	376	-73927fee-62a8-429e-83fd-fa7efb139ebc 24 2958 2980 +edge_189_0_+disjointig_21_0_14470 4239 7172 14470 -1 -1 2891 0.00191919
Chain
	Aln	179	+b2277dfa-92dd-472f-a858-f98227f5120a 23 2469 2487 -edge_90_0_+disjointig_142_0_9233 6766 9212 9233 -1 -1 2394 0.0017148
Chain
	Aln	178	-b2277dfa-92dd-472f-a858-f98227f5120a 17 2463 2487 +edge_90_0_+disjointig_142_0_9233 20 2466 9233 -1 -1 2394 0.0017148
Chain
	Aln	125	+b423561e-b2f1-4490-867b-840a4e494018 22 5642 5645 -edge_63_0_+disjointig_129_0_10708 4602 10362 10708 -1 -1 4632 0.0174315
Chain
	Aln	124	-b423561e-b2f1-4490-867b-840a4e494018 2 5622 5645 +edge_63_0_+disjointig_129_0_10708 345 6105 10708 -1 -1 4632 0.0174315
Chain
	Aln	531	+97cbd3b3-ed07-4e07-bfa6-23bbc2bb76cc 10 14576 14578 -edge_266_0_+disjointig_80_0_16580 1992 16578 16580 -1 -1 13895 0.00572979
Chain
	Aln	530	-97cbd3b3-ed07-4e07-bfa6-23bbc2bb76cc 1 14567 14578 +edge_266_0_+disjointig_80_0_16580 1 14587 16580 -1 -1 13895 0.00572979
Chain
	Aln	116	+5b628c67-7f7c-4569-9ea3-593d8430f6e3 12 1622 1624 +edge_59_0_+disjointig_124_0_25305 1019 2629 25305 -1 -1 1610 0.000896163
Chain
	Aln	117	-5b628c67-7f7c-4569-9ea3-593d8430f6e3 1 1611 1624 -edge_59_0_+disjointig_124_0_25305 22675 24285 25305 -1 -1 1610 0.000896163
Chain
	Aln	286	+9958564b-a550-4b83-888a-5054f9bdaf4a 4 13016 13020 +edge_144_0_+disjointig_180_0_22896 4 12981 22896 -1 -1 12808 0.0022696
Chain
	Aln	287	-9958564b-a550-4b83-888a-5054f9bdaf4a 3 13015 13020 -edge_144_0_+disjointig_180_0_22896 9914 22891 22896 -1 -1 12808 0.0022696
Chain
	Aln	606	+a5ba5d5a-395a-405e-86a2-9802d19d354b 16 7721 7733 +edge_304_0_+disjointig_197_0_16178 8445 16172 16178 -1 -1 7537 0.000871475
Chain
	Aln	607	-a5ba5d5a-395a-405e-86a2-9802d19d354b 11 7716 7733 -edge_304_0_+disjointig_197_0_16178 5 7732 16178 -1 -1 7537 0.000871475
Chain
	Aln	463	+8c34ef35-5cb1-4000-a4a9-e909cf63309e 8 1049 1053 -edge_232_0_+disjointig_48_0_3217 1031 2072 3217 -1 -1 1041 0.000130739
Chain
	Aln	462	-8c34ef35-5cb1-4000-a4a9-e909cf63309e 3 1044 1053 +edge_232_0_+disjointig_48_0_3217 1144 2185 3217 -1 -1 1041 0.000130739
Chain
	Aln	1	+63df8ba8-5644-4ab8-a90a-73d17c3157db 7 3952 4231 -edge_1_0_+disjointig_1_0_4357 405 4350 4357 -1 -1 3921 0
Chain
	Aln	0	-63df8ba8-5644-4ab8-a90a-73d17c3157db 278 4223 4231 +edge_1_0_+disjointig_1_0_4357 6 3951 4357 -1 -1 3921 0
Chain
	Aln	377	+1c2333a4-f496-489a-b45e-c302ab912d52 180 9821 9826 -edge_189_0_+disjointig_21_0_14470 4801 14446 14470 -1 -1 9478 0.00204754
Chain
	Aln	376	-1c2333a4-f496-489a-b45e-c302ab912d52 4 9645 9826 +edge_189_0_+disjointig_21_0_14470 23 9668 14470 -1 -1 9478 0.00204754
Chain
	Aln	619	+c6e70235-d9d4-4265-9489-ea62cdc94e5d 12 4639 4642 -edge_310_0_+disjointig_26_14870_67398 45112 49733 52528 -1 -1 4556 0.0022534
Chain
	Aln	618	-c6e70235-d9d4-4265-9489-ea62cdc94e5d 2 4629 4642 +edge_310_0_+disjointig_26_14870_67398 2794 7415 52528 -1 -1 4556 0.0022534
Chain
	Aln	569	+4d250021-201e-4575-9f0d-9b2aa0fcde32 12 6754 6756 -edge_285_0_+disjointig_92_0_14753 8016 14751 14753 -1 -1 6578 0.00257596
Chain
	Aln	568	-4d250021-201e-4575-9f0d-9b2aa0fcde32 1 6743 6756 +edge_285_0_+disjointig_92_0_14753 1 6736 14753 -1 -1 6578 0.00257596
Chain
	Aln	532	+c313713b-b6d0-4b4e-ab71-7a5c26a8939f 6 5661 5670 +edge_267_0_+disjointig_81_0_35154 6 5664 35154 -1 -1 5608 0.0006982
Chain
	Aln	533	-c313713b-b6d0-4b4e-ab71-7a5c26a8939f 8 5663 5670 -edge_267_0_+disjointig_81_0_35154 29489 35147 35154 -1 -1 5608 0.0006982
Chain
	Aln	331	+531f2023-4eca-49c4-bd84-b810d112f636 15 2847 2850 -edge_166_0_+disjointig_194_0_2850 14 2847 2850 -1 -1 2603 0.00690154
Chain
	Aln	330	-531f2023-4eca-49c4-bd84-b810d112f636 2 2834 2850 +edge_166_0_+disjointig_194_0_2850 2 2835 2850 -1 -1 2603 0.00690154
Chain
	Aln	277	+0181f4e9-3ec0-48a9-8d92-d6f5344593f9 292 9119 9124 -edge_139_0_+disjointig_179_0_16477 2126 10953 16477 -1 -1 8735 0.00223882
Chain
	Aln	276	-0181f4e9-3ec0-48a9-8d92-d6f5344593f9 4 8831 9124 +edge_139_0_+disjointig_179_0_16477 5523 14350 16477 -1 -1 8735 0.00223882
Chain
	Aln	618	+ae0443d7-300f-44d4-932f-fe672ed10d8d 10 3653 3657 +edge_310_0_+disjointig_26_14870_67398 44057 47700 52528 -1 -1 3594 0.00230832
Chain
	Aln	619	-ae0443d7-300f-44d4-932f-fe672ed10d8d 3 3646 3657 -edge_310_0_+disjointig_26_14870_67398 4827 8470 52528 -1 -1 3594 0.00230832
Chain
	Aln	181	+e1ec6347-3e0a-4c54-bdfb-bd9ebca01871 11 2473 2795 -edge_91_0_+disjointig_143_0_8150 5679 8145 8150 -1 -1 2393 0.0031593
Chain
	Aln	180	-e1ec6347-3e0a-4c54-bdfb-bd9ebca01871 321 2783 2795 +edge_91_0_+disjointig_143_0_8150 4 2470 8150 -1 -1 2393 0.0031593
Chain
	Aln	462	+48fa454c-d45b-40c4-b992-69e82d4e3fad 1220 3431 3461 +edge_232_0_+disjointig_48_0_3217 3 2214 3217 -1 -1 2127 0.00335491
Chain
	Aln	463	-48fa454c-d45b-40c4-b992-69e82d4e3fad 29 2240 3461 -edge_232_0_+disjointig_48_0_3217 1002 3213 3217 -1 -1 2127 0.00335491
Chain
	Aln	215	+a67a9007-06a2-4604-b3d2-16fc27ce33e9 453 8648 8650 -edge_108_0_+disjointig_156_0_10218 9 8194 10218 -1 -1 7653 0.00544714
Chain
	Aln	214	-a67a9007-06a2-4604-b3d2-16fc27ce33e9 1 8196 8650 +edge_108_0_+disjointig_156_0_10218 2023 10208 10218 -1 -1 7653 0.00544714
Chain
	Aln	481	+3b7b998f-c7ee-43e4-9306-ca74157fdaf2 12 6484 6486 -edge_241_0_+disjointig_53_0_23045 13062 19579 23045 -1 -1 6335 0.000596546
Chain
	Aln	480	-3b7b998f-c7ee-43e4-9306-ca74157fdaf2 1 6473 6486 +edge_241_0_+disjointig_53_0_23045 3465 9982 23045 -1 -1 6335 0.000596546
Chain
	Aln	617	+2f0c32bc-d781-4a5a-aa34-776dc33f030e 13 8720 8760 -edge_309_0_+disjointig_24_7647_16416 11 8742 8769 -1 -1 8482 0.0027543
Chain
	Aln	616	-2f0c32bc-d781-4a5a-aa34-776dc33f030e 39 8746 8760 +edge_309_0_+disjointig_24_7647_16416 26 8757 8769 -1 -1 8482 0.0027543
Chain
	Aln	185	+2b3236df-1aaa-4c2e-b42b-abedebc68bf3 15 4324 4326 -edge_93_0_+disjointig_146_0_5112 14 4322 5112 -1 -1 4235 0.00144443
Chain
	Aln	184	-2b3236df-1aaa-4c2e-b42b-abedebc68bf3 1 4310 4326 +edge_93_0_+disjointig_146_0_5112 789 5097 5112 -1 -1 4235 0.00144443
Chain
	Aln	488	+75584f19-275c-48f9-824a-38c4e58fd71e 4 1218 1231 +edge_245_0_+disjointig_58_0_8804 1913 3128 8804 -1 -1 940 0.0249067
Chain
	Aln	489	-75584f19-275c-48f9-824a-38c4e58fd71e 12 1226 1231 -edge_245_0_+disjointig_58_0_8804 5675 6890 8804 -1 -1 940 0.0249067
Chain
	Aln	111	+61c159a0-44b9-4d4c-9202-d05bf57dde6c 33 31081 31090 -edge_56_0_+disjointig_121_0_39451 8317 39442 39451 -1 -1 29829 0.00313682
Chain
	Aln	110	-61c159a0-44b9-4d4c-9202-d05bf57dde6c 8 31056 31090 +edge_56_0_+disjointig_121_0_39451 8 31133 39451 -1 -1 29829 0.00313682
Chain
	Aln	381	+d52bc0f3-13b5-4792-b8d9-1ad2ad4b543c 10 4471 4473 -edge_191_0_+disjointig_211_0_17218 12755 17216 17218 -1 -1 4436 0
Chain
	Aln	380	-d52bc0f3-13b5-4792-b8d9-1ad2ad4b543c 1 4462 4473 +edge_191_0_+disjointig_211_0_17218 1 4462 17218 -1 -1 4436 0
Chain
	Aln	418	+48deb486-294f-49cb-a6d0-052d1131ef2b 8 1063 1069 +edge_210_0_+disjointig_223_0_24300 2827 3890 24300 -1 -1 928 0.0158321
Chain
	Aln	419	-48deb486-294f-49cb-a6d0-052d1131ef2b 5 1060 1069 -edge_210_0_+disjointig_223_0_24300 20409 21472 24300 -1 -1 928 0.0158321
Chain
	Aln	467	+645ccfac-c717-4831-927a-9bd5eed5a35d 33 2027 2033 -edge_234_0_+disjointig_5_0_14031 9994 11991 14031 -1 -1 1917 0.00716517
Chain
	Aln	466	-645ccfac-c717-4831-927a-9bd5eed5a35d 5 1999 2033 +edge_234_0_+disjointig_5_0_14031 2039 4036 14031 -1 -1 1917 0.00716517
Chain
	Aln	304	+0afd07c0-b75f-404f-8408-41e6a0ccd0f0 9 1168 1170 +edge_153_0_+disjointig_184_0_6018 2003 3163 6018 -1 -1 1117 0.00556643
Chain
	Aln	305	-0afd07c0-b75f-404f-8408-41e6a0ccd0f0 1 1160 1170 -edge_153_0_+disjointig_184_0_6018 2854 4014 6018 -1 -1 1117 0.00556643
Chain
	Aln	533	+6b724d19-52b4-4252-8175-ae7d30204769 10 11885 11891 -edge_267_0_+disjointig_81_0_35154 7991 19885 35154 -1 -1 10959 0.0092031
Chain
	Aln	532	-6b724d19-52b4-4252-8175-ae7d30204769 5 11880 11891 +edge_267_0_+disjointig_81_0_35154 15268 27162 35154 -1 -1 10959 0.0092031
Chain
	Aln	614	+52268368-204d-4975-94b9-7d45533887c5 4 2460 2463 +edge_308_0_+disjointig_218_2200_18386 661 3113 16186 -1 -1 2426 0.000202769
Chain
	Aln	615	-52268368-204d-4975-94b9-7d45533887c5 2 2458 2463 -edge_308_0_+disjointig_218_2200_18386 13072 15524 16186 -1 -1 2426 0.000202769
Chain
	Aln	305	+42564382-12df-4d60-be43-5ec5277bbbd6 13 1121 1154 -edge_153_0_+disjointig_184_0_6018 2845 3975 6018 -1 -1 1050 0.00718843
Chain
	Aln	304	-42564382-12df-4d60-be43-5ec5277bbbd6 32 1140 1154 +edge_153_0_+disjointig_184_0_6018 2042 3172 6018 -1 -1 1050 0.00718843
Chain
	Aln	489	+47bfa55e-320c-4533-8b0a-ebeffb456f1d 5 6536 6540 -edge_245_0_+disjointig_58_0_8804 2270 8800 8804 -1 -1 6484 0.000705573
Chain
	Aln	488	-47bfa55e-320c-4533-8b0a-ebeffb456f1d 3 6534 6540 +edge_245_0_+disjointig_58_0_8804 3 6533 8804 -1 -1 6484 0.000705573
Chain
	Aln	485	+392dddb0-a851-47c4-a6a9-ba6b94c7a930 5 1421 1426 -edge_243_0_+disjointig_56_0_49321 23065 24482 49321 -1 -1 1411 0
Chain
	Aln	484	-392dddb0-a851-47c4-a6a9-ba6b94c7a930 4 1420 1426 +edge_243_0_+disjointig_56_0_49321 24838 26255 49321 -1 -1 1411 0
Chain
	Aln	617	+30ff0e28-7c2a-4a3e-afb4-a9d2637ef7ef 43 5401 5415 -edge_309_0_+disjointig_24_7647_16416 975 6343 8769 -1 -1 4784 0.00849097
Chain
	Aln	616	-30ff0e28-7c2a-4a3e-afb4-a9d2637ef7ef 13 5371 5415 +edge_309_0_+disjointig_24_7647_16416 2425 7793 8769 -1 -1 4784 0.00849097
Chain
	Aln	532	+ebc414bb-30b4-4d13-967e-b2cd28d92f33 34 2765 2772 +edge_267_0_+disjointig_81_0_35154 25749 28480 35154 -1 -1 2731 0.000875682
Chain
	Aln	533	-ebc414bb-30b4-4d13-967e-b2cd28d92f33 6 2737 2772 -edge_267_0_+disjointig_81_0_35154 6673 9404 35154 -1 -1 2731 0.000875682
Chain
	Aln	363	+5dea4fde-2b64-49b0-aad4-556b693b9eb4 14 6314 6316 -edge_182_0_+disjointig_202_0_6934 636 6932 6934 -1 -1 6115 0.00216921
Chain
	Aln	362	-5dea4fde-2b64-49b0-aad4-556b693b9eb4 1 6301 6316 +edge_182_0_+disjointig_202_0_6934 1 6297 6934 -1 -1 6115 0.00216921
Chain
	Aln	548	+ac632d7c-3e98-4a0c-ab62-cbe09ae8e46a 14 1733 1740 +edge_275_0_+disjointig_9_0_50887 9994 11711 50887 -1 -1 1711 0.000786929
Chain
	Aln	549	-ac632d7c-3e98-4a0c-ab62-cbe09ae8e46a 6 1725 1740 -edge_275_0_+disjointig_9_0_50887 39175 40892 50887 -1 -1 1711 0.000786929
Chain
	Aln	181	+affbc704-ec7a-48ad-ac7a-986a30caabaf 12 8146 11061 -edge_91_0_+disjointig_143_0_8150 11 8145 8150 -1 -1 7905 0.0029173
Chain
	Aln	180	-affbc704-ec7a-48ad-ac7a-986a30caabaf 2914 11048 11061 +edge_91_0_+disjointig_143_0_8150 4 8138 8150 -1 -1 7905 0.0029173
Chain
	Aln	553	+1ec63086-8f2e-4efc-b759-ef8dbf6c54ef 9 2786 2807 -edge_277_0_+disjointig_91_0_11256 8457 11235 11256 -1 -1 2764 0.000462462
Chain
	Aln	552	-1ec63086-8f2e-4efc-b759-ef8dbf6c54ef 20 2797 2807 +edge_277_0_+disjointig_91_0_11256 20 2798 11256 -1 -1 2764 0.000462462
Chain
	Aln	419	+49796a83-9821-484b-b825-91b0ed7e172c 9 4258 4260 -edge_210_0_+disjointig_223_0_24300 4953 9202 24300 -1 -1 4204 0.000696946
Chain
	Aln	418	-49796a83-9821-484b-b825-91b0ed7e172c 1 4250 4260 +edge_210_0_+disjointig_223_0_24300 15097 19346 24300 -1 -1 4204 0.000696946
Chain
	Aln	353	+2c1e26da-389f-4f35-b695-8bbf24ff41d2 12 7671 15032 -edge_177_0_+disjointig_200_0_7675 11 7674 7675 -1 -1 7617 0.000638915
Chain
	Aln	352	-2c1e26da-389f-4f35-b695-8bbf24ff41d2 7360 15019 15032 +edge_177_0_+disjointig_200_0_7675 0 7663 7675 -1 -1 7617 0.000638915
Chain
	Aln	531	+a3d04355-407f-440e-be1f-42207013be64 96 1221 1311 -edge_266_0_+disjointig_80_0_16580 15448 16579 16580 -1 -1 774 0.0387145
Chain
	Aln	530	-a3d04355-407f-440e-be1f-42207013be64 89 1214 1311 +edge_266_0_+disjointig_80_0_16580 0 1131 16580 -1 -1 774 0.0387145
Chain
	Aln	566	+63f70b22-543e-4fef-9626-b21c014d3432 12 1470 4871 +edge_284_1_+disjointig_115_3875_7461 1648 3114 3586 -1 -1 1185 0.0196468
	Aln	16	+63f70b22-543e-4fef-9626-b21c014d3432 2179 3409 4871 +edge_9_0_+disjointig_101_4382_5646 9 1244 1264 -1 -1 964 0.0223009
Chain
	Aln	17	-63f70b22-543e-4fef-9626-b21c014d3432 1461 2691 4871 -edge_9_0_+disjointig_101_4382_5646 19 1254 1264 -1 -1 964 0.0223009
	Aln	567	-63f70b22-543e-4fef-9626-b21c014d3432 3400 4858 4871 -edge_284_1_+disjointig_115_3875_7461 471 1937 3586 -1 -1 1185 0.0196468
Chain
	Aln	131	+bb020a0d-c650-48af-abc7-8739a1303fb6 11 7233 7237 -edge_66_0_+disjointig_131_0_7243 10 7239 7243 -1 -1 7144 0.00115454
Chain
	Aln	130	-bb020a0d-c650-48af-abc7-8739a1303fb6 3 7225 7237 +edge_66_0_+disjointig_131_0_7243 3 7232 7243 -1 -1 7144 0.00115454
Chain
	Aln	485	+e5081e1b-0fd3-4e83-99ac-6bf7e5026c67 7 2525 2531 -edge_243_0_+disjointig_56_0_49321 13375 15892 49321 -1 -1 2501 0.00287666
Chain
	Aln	484	-e5081e1b-0fd3-4e83-99ac-6bf7e5026c67 5 2523 2531 +edge_243_0_+disjointig_56_0_49321 33428 35945 49321 -1 -1 2501 0.00287666
Chain
	Aln	573	+ad45963e-4317-4f4e-b51a-050ad77619f4 2 7673 7678 -edge_287_0_+disjointig_118_0_19552 2371 10190 19552 -1 -1 7022 0.00522197
Chain
	Aln	572	-ad45963e-4317-4f4e-b51a-050ad77619f4 4 7675 7678 +edge_287_0_+disjointig_118_0_19552 9361 17180 19552 -1 -1 7022 0.00522197
Chain
	Aln	323	+cb81bad0-1353-45b5-9537-3dabd51cfefd 22 4065 4791 -edge_162_0_+disjointig_190_0_4075 31 4074 4075 -1 -1 3939 0.00136395
Chain
	Aln	322	-cb81bad0-1353-45b5-9537-3dabd51cfefd 725 4768 4791 +edge_162_0_+disjointig_190_0_4075 0 4043 4075 -1 -1 3939 0.00136395
Chain
	Aln	266	+073757d2-5c7d-4cb1-8921-b8b001437824 13 1145 1172 +edge_134_0_+disjointig_176_2697_26044 13108 14237 23347 -1 -1 1091 0.00794606
Chain
	Aln	267	-073757d2-5c7d-4cb1-8921-b8b001437824 26 1158 1172 -edge_134_0_+disjointig_176_2697_26044 9109 10238 23347 -1 -1 1091 0.00794606
Chain
	Aln	105	+c89e0b8f-e651-4327-9ebe-0cbd8cbe6ced 5 1300 1309 -edge_53_0_+disjointig_20_20934_46521 16695 17990 25587 -1 -1 1265 0.00372741
Chain
	Aln	104	-c89e0b8f-e651-4327-9ebe-0cbd8cbe6ced 8 1303 1309 +edge_53_0_+disjointig_20_20934_46521 7596 8891 25587 -1 -1 1265 0.00372741
Chain
	Aln	443	+bd3e9398-270c-42f1-9d45-a547400d8a08 12 3329 3338 -edge_222_0_+disjointig_38_0_9702 6375 9693 9702 -1 -1 3277 0.000744146
Chain
	Aln	442	-bd3e9398-270c-42f1-9d45-a547400d8a08 8 3325 3338 +edge_222_0_+disjointig_38_0_9702 8 3326 9702 -1 -1 3277 0.000744146
Chain
	Aln	106	+0acb5666-4246-4b3f-aa78-02859b9125e8 11 5672 6392 +edge_54_0_+disjointig_31_5413_20308 5724 11382 14895 -1 -1 5607 0.000729382
Chain
	Aln	107	-0acb5666-4246-4b3f-aa78-02859b9125e8 719 6380 6392 -edge_54_0_+disjointig_31_5413_20308 3512 9170 14895 -1 -1 5607 0.000729382
Chain
	Aln	308	+6072d000-ed14-45f1-a5ee-e1fd58953235 29 1082 2072 +edge_155_0_+disjointig_186_0_6668 2904 3957 6668 -1 -1 971 0.0125396
Chain
	Aln	309	-6072d000-ed14-45f1-a5ee-e1fd58953235 989 2042 2072 -edge_155_0_+disjointig_186_0_6668 2710 3763 6668 -1 -1 971 0.0125396
Chain
	Aln	484	+f6dac48b-6acc-4906-b84e-97dce24210a6 10 1901 1905 +edge_243_0_+disjointig_56_0_49321 4705 6596 49321 -1 -1 1891 0
Chain
	Aln	485	-f6dac48b-6acc-4906-b84e-97dce24210a6 3 1894 1905 -edge_243_0_+disjointig_56_0_49321 42724 44615 49321 -1 -1 1891 0
Chain
	Aln	126	+c304340e-9ff1-4811-ad3e-1a70249b34c4 7 1035 1039 +edge_64_0_+disjointig_13_0_24381 19965 20993 24381 -1 -1 1028 0
Chain
	Aln	127	-c304340e-9ff1-4811-ad3e-1a70249b34c4 3 1031 1039 -edge_64_0_+disjointig_13_0_24381 3387 4415 24381 -1 -1 1028 0
Chain
	Aln	484	+815460d0-fcc9-4f5f-939f-b4ebbbb9c29d 3 10494 10502 +edge_243_0_+disjointig_56_0_49321 29957 40460 49321 -1 -1 10272 0.00201498
Chain
	Aln	485	-815460d0-fcc9-4f5f-939f-b4ebbbb9c29d 7 10498 10502 -edge_243_0_+disjointig_56_0_49321 8860 19363 49321 -1 -1 10272 0.00201498
Chain
	Aln	272	+1798a621-ab46-4350-83cc-a1e43ca5461a 82 5773 6489 +edge_137_0_+disjointig_177_0_5712 4 5701 5712 -1 -1 5510 0.00215796
Chain
	Aln	273	-1798a621-ab46-4350-83cc-a1e43ca5461a 715 6406 6489 -edge_137_0_+disjointig_177_0_5712 10 5707 5712 -1 -1 5510 0.00215796
Chain
	Aln	557	+6eae1b6a-16cf-4b15-bad6-35bb925b67a4 5 3070 21529 -edge_279_0_+disjointig_94_0_11499 8427 11498 11499 -1 -1 2942 0.00646388
Chain
	Aln	35	+6eae1b6a-16cf-4b15-bad6-35bb925b67a4 14271 16579 21529 -edge_18_0_+disjointig_106_0_22862 19957 22267 22862 -1 -1 1585 0.0316801
Chain
	Aln	556	-6eae1b6a-16cf-4b15-bad6-35bb925b67a4 18458 21523 21529 +edge_279_0_+disjointig_94_0_11499 0 3071 11499 -1 -1 2942 0.00646388
Chain
	Aln	34	-6eae1b6a-16cf-4b15-bad6-35bb925b67a4 4949 7257 21529 +edge_18_0_+disjointig_106_0_22862 594 2904 22862 -1 -1 1585 0.0316801
Chain
	Aln	536	+f040f536-132d-4624-8264-fd15be53e0d9 246 7982 7987 +edge_269_0_+disjointig_83_0_7727 1 7723 7727 -1 -1 7481 0.00289296
Chain
	Aln	537	-f040f536-132d-4624-8264-fd15be53e0d9 4 7740 7987 -edge_269_0_+disjointig_83_0_7727 3 7725 7727 -1 -1 7481 0.00289296
Chain
	Aln	17	+d6d95a37-132d-4402-9ad5-3e27fe4a90ad 11 1090 1392 -edge_9_1_+disjointig_115_7461_8724 183 1262 1263 -1 -1 1063 0.00192767
Chain
	Aln	16	-d6d95a37-132d-4402-9ad5-3e27fe4a90ad 301 1380 1392 +edge_9_1_+disjointig_115_7461_8724 0 1079 1263 -1 -1 1063 0.00192767
Chain
	Aln	370	+01e6d4dc-891e-4728-ab60-e43b2425e207 9 1200 1202 +edge_186_0_+disjointig_206_0_14112 4792 5983 14112 -1 -1 1151 0.000981753
Chain
	Aln	371	-01e6d4dc-891e-4728-ab60-e43b2425e207 1 1192 1202 -edge_186_0_+disjointig_206_0_14112 8128 9319 14112 -1 -1 1151 0.000981753
Chain
	Aln	386	+1f5a92bf-e959-49b5-9a5a-35b8dae963de 15 1466 1469 +edge_194_0_+disjointig_214_0_17837 8590 10041 17837 -1 -1 1411 0.0026637
Chain
	Aln	387	-1f5a92bf-e959-49b5-9a5a-35b8dae963de 2 1453 1469 -edge_194_0_+disjointig_214_0_17837 7795 9246 17837 -1 -1 1411 0.0026637
Chain
	Aln	387	+5c023edf-c694-4038-8a5f-450baa741406 15 12215 12217 -edge_194_0_+disjointig_214_0_17837 14 12218 17837 -1 -1 12032 0.00153492
Chain
	Aln	386	-5c023edf-c694-4038-8a5f-450baa741406 1 12201 12217 +edge_194_0_+disjointig_214_0_17837 5618 17822 17837 -1 -1 12032 0.00153492
Chain
	Aln	221	+7c82681f-34e0-4a4b-830a-c02f0a0d9964 14 3014 3023 -edge_111_0_+disjointig_159_0_5478 2469 5469 5478 -1 -1 3000 0
Chain
	Aln	220	-7c82681f-34e0-4a4b-830a-c02f0a0d9964 8 3008 3023 +edge_111_0_+disjointig_159_0_5478 8 3008 5478 -1 -1 3000 0
Chain
	Aln	586	+77886d79-d137-41ed-8668-1179e8af1282 13 1305 1309 +edge_294_0_+disjointig_54_11019_37577 5043 6336 26558 -1 -1 1278 0.0020537
Chain
	Aln	587	-77886d79-d137-41ed-8668-1179e8af1282 3 1295 1309 -edge_294_0_+disjointig_54_11019_37577 20221 21514 26558 -1 -1 1278 0.0020537
Chain
	Aln	619	+b631bd0c-ccca-45ed-b063-db49478ea51f 15 1596 1600 -edge_310_0_+disjointig_26_14870_67398 48927 50508 52528 -1 -1 1581 0.00148992
Chain
	Aln	618	-b631bd0c-ccca-45ed-b063-db49478ea51f 3 1584 1600 +edge_310_0_+disjointig_26_14870_67398 2019 3600 52528 -1 -1 1581 0.00148992
Chain
	Aln	423	+7f6162dd-5ca9-44ae-991f-c951d4c65afd 10 1775 1781 -edge_212_0_+disjointig_23_0_33555 16726 18496 33555 -1 -1 1742 0.00212477
Chain
	Aln	422	-7f6162dd-5ca9-44ae-991f-c951d4c65afd 5 1770 1781 +edge_212_0_+disjointig_23_0_33555 15058 16828 33555 -1 -1 1742 0.00212477
Chain
	Aln	602	+81a46da5-f90b-4d07-b322-815f17f96acc 14 1110 1124 +edge_302_0_+disjointig_19_0_13806 11012 12108 13806 -1 -1 1096 0.0031593
Chain
	Aln	603	-81a46da5-f90b-4d07-b322-815f17f96acc 13 1109 1124 -edge_302_0_+disjointig_19_0_13806 1697 2793 13806 -1 -1 1096 0.0031593
Chain
	Aln	277	+506b3669-08dd-473b-9aee-f4b85f663566 10 4056 4066 -edge_139_0_+disjointig_179_0_16477 8362 12405 16477 -1 -1 4020 2.53581e-05
Chain
	Aln	276	-506b3669-08dd-473b-9aee-f4b85f663566 9 4055 4066 +edge_139_0_+disjointig_179_0_16477 4071 8114 16477 -1 -1 4020 2.53581e-05
Chain
	Aln	597	+b333bd89-dc4f-4bf7-bc8d-3ba9753a44c7 35 4223 4231 -edge_299_0_-disjointig_3_3692_21281 79 4265 17589 -1 -1 4157 0.00205444
Chain
	Aln	596	-b333bd89-dc4f-4bf7-bc8d-3ba9753a44c7 7 4195 4231 +edge_299_0_-disjointig_3_3692_21281 13323 17509 17589 -1 -1 4157 0.00205444
Chain
	Aln	535	+12650c67-c1eb-4401-9df9-c2eb7d81ea78 32 1128 1135 -edge_268_0_+disjointig_82_0_14967 12695 13789 14967 -1 -1 880 0.0184362
Chain
	Aln	534	-12650c67-c1eb-4401-9df9-c2eb7d81ea78 6 1102 1135 +edge_268_0_+disjointig_82_0_14967 1177 2271 14967 -1 -1 880 0.0184362
Chain
	Aln	111	+fa92b653-1ef6-4849-a7c1-51061db8595c 17 1582 1589 -edge_56_0_+disjointig_121_0_39451 23341 24904 39451 -1 -1 1531 0.00391993
Chain
	Aln	110	-fa92b653-1ef6-4849-a7c1-51061db8595c 6 1571 1589 +edge_56_0_+disjointig_121_0_39451 14546 16109 39451 -1 -1 1531 0.00391993
Chain
	Aln	373	+fb2d3483-10b0-4d9a-aef4-d3be31ce9e3f 10 1937 1939 -edge_187_0_+disjointig_207_0_4510 766 2697 4510 -1 -1 1891 0.00249355
Chain
	Aln	372	-fb2d3483-10b0-4d9a-aef4-d3be31ce9e3f 1 1928 1939 +edge_187_0_+disjointig_207_0_4510 1812 3743 4510 -1 -1 1891 0.00249355
Chain
	Aln	541	+421d4d89-73f9-47cf-8410-2e5ad8b0a2e1 7 6257 6268 -edge_271_0_+disjointig_86_0_15259 6 6253 15259 -1 -1 6204 0
Chain
	Aln	540	-421d4d89-73f9-47cf-8410-2e5ad8b0a2e1 10 6260 6268 +edge_271_0_+disjointig_86_0_15259 9005 15252 15259 -1 -1 6204 0
Chain
	Aln	571	+77c4adf3-682e-4272-bcdb-e9c519d36555 15 5342 5349 -edge_286_0_+disjointig_107_2095_17520 14 5334 15425 -1 -1 4789 0.00952745
Chain
	Aln	570	-77c4adf3-682e-4272-bcdb-e9c519d36555 6 5333 5349 +edge_286_0_+disjointig_107_2095_17520 10090 15410 15425 -1 -1 4789 0.00952745
Chain
	Aln	512	+3dcbb0d6-db7d-4a43-9c62-880623ca1533 8 2057 2081 +edge_257_0_+disjointig_73_0_22764 5271 7317 22764 -1 -1 2017 0.00257158
Chain
	Aln	513	-3dcbb0d6-db7d-4a43-9c62-880623ca1533 23 2072 2081 -edge_257_0_+disjointig_73_0_22764 15446 17492 22764 -1 -1 2017 0.00257158
Chain
	Aln	466	+1198e752-ddec-4151-976d-e5eb820abf73 19 5349 5359 +edge_234_0_+disjointig_5_0_14031 4218 9550 14031 -1 -1 5110 0.00536186
Chain
	Aln	467	-1198e752-ddec-4151-976d-e5eb820abf73 9 5339 5359 -edge_234_0_+disjointig_5_0_14031 4480 9812 14031 -1 -1 5110 0.00536186
Chain
	Aln	172	+86db43e0-b076-477f-a105-c926c35c9391 10 1806 1820 +edge_87_0_+disjointig_14_0_19372 1116 2907 19372 -1 -1 1744 0.00472131
Chain
	Aln	173	-86db43e0-b076-477f-a105-c926c35c9391 13 1809 1820 -edge_87_0_+disjointig_14_0_19372 16464 18255 19372 -1 -1 1744 0.00472131
Chain
	Aln	192	+e1c023a4-cbf7-4068-b1ec-801437e81bbb 12 3824 3834 +edge_97_0_+disjointig_148_0_17767 9123 12931 17767 -1 -1 3718 0.00279011
Chain
	Aln	193	-e1c023a4-cbf7-4068-b1ec-801437e81bbb 9 3821 3834 -edge_97_0_+disjointig_148_0_17767 4835 8643 17767 -1 -1 3718 0.00279011
Chain
	Aln	512	+2beef802-dd41-4b59-be73-6ce3f8912a01 1 2929 2933 +edge_257_0_+disjointig_73_0_22764 2314 5243 22764 -1 -1 2875 0.00147653
Chain
	Aln	513	-2beef802-dd41-4b59-be73-6ce3f8912a01 3 2931 2933 -edge_257_0_+disjointig_73_0_22764 17520 20449 22764 -1 -1 2875 0.00147653
Chain
	Aln	556	+afd27626-fbc1-4734-8864-c914c088de63 16 2112 2192 +edge_279_0_+disjointig_94_0_11499 2291 4389 11499 -1 -1 2082 0.00446095
Chain
	Aln	557	-afd27626-fbc1-4734-8864-c914c088de63 79 2175 2192 -edge_279_0_+disjointig_94_0_11499 7109 9207 11499 -1 -1 2082 0.00446095
Chain
	Aln	311	+cea0e154-636e-4d7e-9fcc-6a1d561c7d56 12 1246 2923 -edge_156_0_+disjointig_187_0_10825 9590 10824 10825 -1 -1 1208 0.00251575
Chain
	Aln	310	-cea0e154-636e-4d7e-9fcc-6a1d561c7d56 1676 2910 2923 +edge_156_0_+disjointig_187_0_10825 0 1234 10825 -1 -1 1208 0.00251575
Chain
	Aln	289	+f00e61bc-d336-4e05-ba17-dc6b23ef8ec9 11 7305 7641 -edge_145_0_+disjointig_181_0_7313 10 7312 7313 -1 -1 7000 0.00403617
Chain
	Aln	288	-f00e61bc-d336-4e05-ba17-dc6b23ef8ec9 335 7629 7641 +edge_145_0_+disjointig_181_0_7313 0 7302 7313 -1 -1 7000 0.00403617
Chain
	Aln	604	+4485e7e0-083a-4cc8-9c53-564c0e4851f5 3 1010 1017 +edge_303_0_-disjointig_85_2609_11889 1560 2566 9280 -1 -1 995 0.00444469
Chain
	Aln	605	-4485e7e0-083a-4cc8-9c53-564c0e4851f5 6 1013 1017 -edge_303_0_-disjointig_85_2609_11889 6713 7719 9280 -1 -1 995 0.00444469
Chain
	Aln	433	+aa180c3a-f0b4-4b71-af41-a23160c7a92c 6 1028 1034 -edge_217_0_+disjointig_30_0_22207 4059 5082 22207 -1 -1 1020 0.00331978
Chain
	Aln	432	-aa180c3a-f0b4-4b71-af41-a23160c7a92c 5 1027 1034 +edge_217_0_+disjointig_30_0_22207 17124 18147 22207 -1 -1 1020 0.00331978
Chain
	Aln	458	+4dfd37ed-46d0-433e-a400-597e9e9b0e14 18 7798 7806 +edge_230_0_+disjointig_46_0_27645 10061 17840 27645 -1 -1 7616 0.00144457
Chain
	Aln	459	-4dfd37ed-46d0-433e-a400-597e9e9b0e14 7 7787 7806 -edge_230_0_+disjointig_46_0_27645 9804 17583 27645 -1 -1 7616 0.00144457
Chain
	Aln	536	+6ae31649-3e30-45a3-92b1-0c9be67827b3 14 5463 5465 +edge_269_0_+disjointig_83_0_7727 2173 7622 7727 -1 -1 5344 0.00109899
Chain
	Aln	537	-6ae31649-3e30-45a3-92b1-0c9be67827b3 1 5450 5465 -edge_269_0_+disjointig_83_0_7727 104 5553 7727 -1 -1 5344 0.00109899
Chain
	Aln	541	+3ef81e24-701f-4396-b393-ead90950ff9a 11 8824 8828 -edge_271_0_+disjointig_86_0_15259 4658 13468 15259 -1 -1 8618 0.00199266
Chain
	Aln	540	-3ef81e24-701f-4396-b393-ead90950ff9a 3 8816 8828 +edge_271_0_+disjointig_86_0_15259 1790 10600 15259 -1 -1 8618 0.00199266
Chain
	Aln	513	+1d4c8ffd-6c78-4f82-9e17-882b6fc38285 12 8078 8083 -edge_257_0_+disjointig_73_0_22764 11 8079 22764 -1 -1 7961 0.00156287
Chain
	Aln	512	-1d4c8ffd-6c78-4f82-9e17-882b6fc38285 4 8070 8083 +edge_257_0_+disjointig_73_0_22764 14684 22752 22764 -1 -1 7961 0.00156287
Chain
	Aln	618	+c232d8fe-e6ee-4385-876d-c0d77e26977c 7 1535 1539 +edge_310_0_+disjointig_26_14870_67398 39802 41329 52528 -1 -1 1514 0.000120096
Chain
	Aln	619	-c232d8fe-e6ee-4385-876d-c0d77e26977c 3 1531 1539 -edge_310_0_+disjointig_26_14870_67398 11198 12725 52528 -1 -1 1514 0.000120096
Chain
	Aln	557	+11eb162c-aac6-44d8-af01-552dfea6899d 10 2279 7821 -edge_279_0_+disjointig_94_0_11499 9229 11498 11499 -1 -1 2269 0.00111091
Chain
	Aln	556	-11eb162c-aac6-44d8-af01-552dfea6899d 5541 7810 7821 +edge_279_0_+disjointig_94_0_11499 0 2269 11499 -1 -1 2269 0.00111091
Chain
	Aln	124	+b62dc00f-b643-45f8-8ef5-26d9b275d16c 19 2483 2492 +edge_63_0_+disjointig_129_0_10708 5444 7909 10708 -1 -1 2422 0.00569338
Chain
	Aln	125	-b62dc00f-b643-45f8-8ef5-26d9b275d16c 8 2472 2492 -edge_63_0_+disjointig_129_0_10708 2798 5263 10708 -1 -1 2422 0.00569338
Chain
	Aln	433	+40a2bfda-7693-4f6f-8f6a-a05669bcbe17 12 6637 6642 -edge_217_0_+disjointig_30_0_22207 14550 21193 22207 -1 -1 6478 0.00236417
Chain
	Aln	432	-40a2bfda-7693-4f6f-8f6a-a05669bcbe17 4 6629 6642 +edge_217_0_+disjointig_30_0_22207 1013 7656 22207 -1 -1 6478 0.00236417
Chain
	Aln	389	+80f3d19d-eefc-4620-a566-1386ba40dcbd 6 1125 1133 -edge_195_0_+disjointig_215_0_10725 6298 7417 10725 -1 -1 1084 0.00192963
Chain
	Aln	388	-80f3d19d-eefc-4620-a566-1386ba40dcbd 7 1126 1133 +edge_195_0_+disjointig_215_0_10725 3307 4426 10725 -1 -1 1084 0.00192963
Chain
	Aln	263	+6b609224-515a-47c0-86ac-00768ea5b732 10 2853 2857 -edge_132_0_+disjointig_175_0_17909 2623 5465 17909 -1 -1 2787 0.00145545
Chain
	Aln	262	-6b609224-515a-47c0-86ac-00768ea5b732 3 2846 2857 +edge_132_0_+disjointig_175_0_17909 12443 15285 17909 -1 -1 2787 0.00145545
Chain
	Aln	95	+7228846b-b82b-4867-b5e6-ace3394cc1e9 3 4965 5257 -edge_48_0_+disjointig_120_0_12549 7297 12257 12549 -1 -1 4904 0.00215572
Chain
	Aln	94	-7228846b-b82b-4867-b5e6-ace3394cc1e9 291 5253 5257 +edge_48_0_+disjointig_120_0_12549 291 5251 12549 -1 -1 4904 0.00215572
Chain
	Aln	601	+0f4e89e2-94ee-4c16-9cbc-331d98e2e007 966 2943 2953 -edge_301_0_+disjointig_67_7420_18373 15 1986 10953 -1 -1 1729 0.0146383
Chain
	Aln	600	-0f4e89e2-94ee-4c16-9cbc-331d98e2e007 9 1986 2953 +edge_301_0_+disjointig_67_7420_18373 8966 10937 10953 -1 -1 1729 0.0146383
Chain
	Aln	331	+1191ff7d-40b4-43c6-8e8b-e180244cce72 10 1362 1365 -edge_166_0_+disjointig_194_0_2850 249 1602 2850 -1 -1 1319 0.00394618
Chain
	Aln	330	-1191ff7d-40b4-43c6-8e8b-e180244cce72 2 1354 1365 +edge_166_0_+disjointig_194_0_2850 1247 2600 2850 -1 -1 1319 0.00394618
Chain
	Aln	107	+2a94af95-7b5a-49d1-bce8-1ebb08ff99ca 10 14393 14400 -edge_54_0_+disjointig_31_5413_20308 9 14524 14895 -1 -1 13058 0.00650847
Chain
	Aln	106	-2a94af95-7b5a-49d1-bce8-1ebb08ff99ca 6 14389 14400 +edge_54_0_+disjointig_31_5413_20308 370 14885 14895 -1 -1 13058 0.00650847
Chain
	Aln	467	+79d54af5-af52-4016-978a-091bd1d741fe 10 1410 1418 -edge_234_0_+disjointig_5_0_14031 5421 6821 14031 -1 -1 1396 0.00174256
Chain
	Aln	466	-79d54af5-af52-4016-978a-091bd1d741fe 7 1407 1418 +edge_234_0_+disjointig_5_0_14031 7209 8609 14031 -1 -1 1396 0.00174256
Chain
	Aln	535	+2a678b01-3240-4138-b650-6735b1f74e1d 29 1216 1223 -edge_268_0_+disjointig_82_0_14967 12114 13283 14967 -1 -1 1101 0.0081649
Chain
	Aln	534	-2a678b01-3240-4138-b650-6735b1f74e1d 6 1193 1223 +edge_268_0_+disjointig_82_0_14967 1683 2852 14967 -1 -1 1101 0.0081649
Chain
	Aln	618	+6139f0a7-d5e3-45f9-975b-757c92b5b552 101 1713 1715 +edge_310_0_+disjointig_26_14870_67398 2310 3922 52528 -1 -1 1612 0.00242169
Chain
	Aln	619	-6139f0a7-d5e3-45f9-975b-757c92b5b552 1 1613 1715 -edge_310_0_+disjointig_26_14870_67398 48605 50217 52528 -1 -1 1612 0.00242169
Chain
	Aln	493	+7095d71d-4503-494f-97ce-fc47ea79c033 10 2244 2248 -edge_247_0_+disjointig_6_0_23019 8128 10363 23019 -1 -1 2215 0.00140225
Chain
	Aln	492	-7095d71d-4503-494f-97ce-fc47ea79c033 3 2237 2248 +edge_247_0_+disjointig_6_0_23019 12655 14890 23019 -1 -1 2215 0.00140225
Chain
	Aln	503	+fa4d6495-3f52-478e-b04e-c4ccb56034eb 347 10510 10585 -edge_252_0_+disjointig_68_0_25931 470 10639 25931 -1 -1 9855 0.0026328
Chain
	Aln	502	-fa4d6495-3f52-478e-b04e-c4ccb56034eb 74 10237 10585 +edge_252_0_+disjointig_68_0_25931 15291 25460 25931 -1 -1 9855 0.0026328
Chain
	Aln	525	+8a2b5099-afa0-4550-8de3-3f1934dbde8f 16 1925 1928 -edge_263_0_+disjointig_78_0_9581 4483 6391 9581 -1 -1 1849 0.00252612
Chain
	Aln	524	-8a2b5099-afa0-4550-8de3-3f1934dbde8f 2 1911 1928 +edge_263_0_+disjointig_78_0_9581 3189 5097 9581 -1 -1 1849 0.00252612
Chain
	Aln	585	+18060314-deaa-4c5b-ac9d-51cdcb50f44c 13 6853 6859 -edge_293_0_+disjointig_147_0_35029 8066 14906 35029 -1 -1 6824 0
Chain
	Aln	584	-18060314-deaa-4c5b-ac9d-51cdcb50f44c 5 6845 6859 +edge_293_0_+disjointig_147_0_35029 20122 26962 35029 -1 -1 6824 0
Chain
	Aln	513	+0fc36d75-1879-4177-947d-5681fa5faa91 13 1406 1411 -edge_257_0_+disjointig_73_0_22764 10237 11630 22764 -1 -1 1393 0
Chain
	Aln	512	-0fc36d75-1879-4177-947d-5681fa5faa91 4 1397 1411 +edge_257_0_+disjointig_73_0_22764 11133 12526 22764 -1 -1 1393 0
Chain
	Aln	310	+0d06ae72-688b-42b8-ab35-ea9a1232367e 7 9152 9585 +edge_156_0_+disjointig_187_0_10825 1674 10816 10825 -1 -1 8915 0.001666
Chain
	Aln	311	-0d06ae72-688b-42b8-ab35-ea9a1232367e 432 9577 9585 -edge_156_0_+disjointig_187_0_10825 8 9150 10825 -1 -1 8915 0.001666
Chain
	Aln	572	+3d5703bd-3a47-4cfa-b2e1-f1eca7927932 10 3393 3395 +edge_287_0_+disjointig_118_0_19552 4146 7529 19552 -1 -1 3217 0.00706685
Chain
	Aln	573	-3d5703bd-3a47-4cfa-b2e1-f1eca7927932 1 3384 3395 -edge_287_0_+disjointig_118_0_19552 12022 15405 19552 -1 -1 3217 0.00706685
Chain
	Aln	2	+2cf12600-fc8f-4d3e-90e7-caa0c24e009b 11 1784 1786 +edge_2_0_+disjointig_10_0_15894 9939 11719 15894 -1 -1 1743 0.00264685
Chain
	Aln	3	-2cf12600-fc8f-4d3e-90e7-caa0c24e009b 1 1774 1786 -edge_2_0_+disjointig_10_0_15894 4174 5954 15894 -1 -1 1743 0.00264685
Chain
	Aln	619	+49e0dd4e-ff3e-4d72-ae62-7463c0b49024 5 1175 1183 -edge_310_0_+disjointig_26_14870_67398 3100 4270 52528 -1 -1 1170 0.000492879
Chain
	Aln	618	-49e0dd4e-ff3e-4d72-ae62-7463c0b49024 7 1177 1183 +edge_310_0_+disjointig_26_14870_67398 48257 49427 52528 -1 -1 1170 0.000492879
Chain
	Aln	502	+2195bb83-1586-4a58-96fd-b6e0e801b3b8 7 1931 1939 +edge_252_0_+disjointig_68_0_25931 6018 7942 25931 -1 -1 1862 0.00590098
Chain
	Aln	503	-2195bb83-1586-4a58-96fd-b6e0e801b3b8 7 1931 1939 -edge_252_0_+disjointig_68_0_25931 17988 19912 25931 -1 -1 1862 0.00590098
Chain
	Aln	565	+bca9a141-a017-43bb-821a-b4134290f412 10 4366 4368 -edge_283_0_+disjointig_99_0_9289 4929 9287 9289 -1 -1 4301 0.000658952
Chain
	Aln	564	-bca9a141-a017-43bb-821a-b4134290f412 1 4357 4368 +edge_283_0_+disjointig_99_0_9289 1 4359 9289 -1 -1 4301 0.000658952
Chain
	Aln	196	+8d303998-892a-42f7-a6bc-8e1589b9584e 7 3539 3542 +edge_99_0_+disjointig_150_0_4403 7 3538 4403 -1 -1 3501 0
Chain
	Aln	197	-8d303998-892a-42f7-a6bc-8e1589b9584e 2 3534 3542 -edge_99_0_+disjointig_150_0_4403 864 4395 4403 -1 -1 3501 0
Chain
	Aln	116	+206ba1a6-240b-4ef0-8fde-2a91124dd292 32 2170 2182 +edge_59_0_+disjointig_124_0_25305 17775 19911 25305 -1 -1 2068 0.0040868
Chain
	Aln	117	-206ba1a6-240b-4ef0-8fde-2a91124dd292 11 2149 2182 -edge_59_0_+disjointig_124_0_25305 5393 7529 25305 -1 -1 2068 0.0040868
Chain
	Aln	618	+6999d3ea-a1bb-4a34-9fe8-8b0845efdf7d 5 13245 13253 +edge_310_0_+disjointig_26_14870_67398 39288 52526 52528 -1 -1 13115 0.00117532
Chain
	Aln	619	-6999d3ea-a1bb-4a34-9fe8-8b0845efdf7d 7 13247 13253 -edge_310_0_+disjointig_26_14870_67398 1 13239 52528 -1 -1 13115 0.00117532
Chain
	Aln	599	+bfbd5d4c-bba2-497f-91a5-2fdfcf3611e9 12 1161 1171 -edge_300_0_+disjointig_183_0_42239 33529 34678 42239 -1 -1 1149 0
Chain
	Aln	598	-bfbd5d4c-bba2-497f-91a5-2fdfcf3611e9 9 1158 1171 +edge_300_0_+disjointig_183_0_42239 7560 8709 42239 -1 -1 1149 0
Chain
	Aln	480	+c53a329d-231d-4b75-aa12-2b84ad956480 8 1058 1076 +edge_241_0_+disjointig_53_0_23045 17613 18673 23045 -1 -1 976 0.00922855
Chain
	Aln	481	-c53a329d-231d-4b75-aa12-2b84ad956480 17 1067 1076 -edge_241_0_+disjointig_53_0_23045 4371 5431 23045 -1 -1 976 0.00922855
Chain
	Aln	485	+6ac1a071-8d1a-42a9-b2ee-b5c2e9db8c40 12 4253 4266 -edge_243_0_+disjointig_56_0_49321 15509 19762 49321 -1 -1 4183 0.000520549
Chain
	Aln	484	-6ac1a071-8d1a-42a9-b2ee-b5c2e9db8c40 12 4253 4266 +edge_243_0_+disjointig_56_0_49321 29558 33811 49321 -1 -1 4183 0.000520549
Chain
	Aln	247	+996e6dea-e0f2-43e8-b9a9-5f3636b36490 9 1865 1868 -edge_124_0_+disjointig_171_1201_10648 6337 8180 9447 -1 -1 1718 0.00685076
Chain
	Aln	246	-996e6dea-e0f2-43e8-b9a9-5f3636b36490 2 1858 1868 +edge_124_0_+disjointig_171_1201_10648 1266 3109 9447 -1 -1 1718 0.00685076
Chain
	Aln	468	+5f6f44ad-90d8-49e7-b42d-d5e49a2fd99b 111 2038 2040 +edge_235_0_+disjointig_50_0_2719 50 1976 2719 -1 -1 1617 0.0163822
Chain
	Aln	469	-5f6f44ad-90d8-49e7-b42d-d5e49a2fd99b 1 1928 2040 -edge_235_0_+disjointig_50_0_2719 742 2668 2719 -1 -1 1617 0.0163822
Chain
	Aln	617	+a0e6a456-ec83-4c8d-9459-810fde204d59 16 1150 2295 -edge_309_0_+disjointig_24_7647_16416 7581 8716 8769 -1 -1 1024 0.0136097
	Aln	617	+a0e6a456-ec83-4c8d-9459-810fde204d59 1212 2291 2295 -edge_309_0_+disjointig_24_7647_16416 11 1093 8769 -1 -1 998 0.0107967
Chain
	Aln	616	-a0e6a456-ec83-4c8d-9459-810fde204d59 3 1082 2295 +edge_309_0_+disjointig_24_7647_16416 7675 8757 8769 -1 -1 998 0.0107967
	Aln	616	-a0e6a456-ec83-4c8d-9459-810fde204d59 1144 2278 2295 +edge_309_0_+disjointig_24_7647_16416 52 1187 8769 -1 -1 1024 0.0136097
Chain
	Aln	168	+a14185b9-f2f9-4d2c-ab51-10627d5aca87 6 12527 12531 +edge_85_0_+disjointig_138_0_19002 6643 18999 19002 -1 -1 11179 0.00565607
Chain
	Aln	169	-a14185b9-f2f9-4d2c-ab51-10627d5aca87 3 12524 12531 -edge_85_0_+disjointig_138_0_19002 2 12358 19002 -1 -1 11179 0.00565607
Chain
	Aln	599	+c0445eda-064a-4ef4-bc6f-700ff7156cb6 23 7510 7514 -edge_300_0_+disjointig_183_0_42239 34747 42235 42239 -1 -1 7456 0
Chain
	Aln	598	-c0445eda-064a-4ef4-bc6f-700ff7156cb6 3 7490 7514 +edge_300_0_+disjointig_183_0_42239 3 7491 42239 -1 -1 7456 0
Chain
	Aln	456	+acfaf5de-59c7-4585-abfb-5cc846a8642e 1257 12818 12821 +edge_229_0_+disjointig_45_0_21421 1 11562 21421 -1 -1 11520 0
Chain
	Aln	457	-acfaf5de-59c7-4585-abfb-5cc846a8642e 2 11563 12821 -edge_229_0_+disjointig_45_0_21421 9858 21419 21421 -1 -1 11520 0
Chain
	Aln	484	+bf96e1de-ce51-4487-bf49-8cb7fc0ef1bf 21 4311 4363 +edge_243_0_+disjointig_56_0_49321 16967 21263 49321 -1 -1 4258 0.00188835
Chain
	Aln	485	-bf96e1de-ce51-4487-bf49-8cb7fc0ef1bf 51 4341 4363 -edge_243_0_+disjointig_56_0_49321 28057 32353 49321 -1 -1 4258 0.00188835
Chain
	Aln	557	+d6572cbe-4bed-456b-8a24-b813a3dd8bef 6 4955 4958 -edge_279_0_+disjointig_94_0_11499 6160 11172 11499 -1 -1 3642 0.0292218
Chain
	Aln	556	-d6572cbe-4bed-456b-8a24-b813a3dd8bef 2 4951 4958 +edge_279_0_+disjointig_94_0_11499 326 5338 11499 -1 -1 3642 0.0292218
Chain
	Aln	229	+6197cb2f-07bc-4315-aa96-bc4fcd8f8827 28 2311 2320 -edge_115_0_+disjointig_162_0_11767 6799 9086 11767 -1 -1 2264 0.00142993
Chain
	Aln	228	-6197cb2f-07bc-4315-aa96-bc4fcd8f8827 8 2291 2320 +edge_115_0_+disjointig_162_0_11767 2680 4967 11767 -1 -1 2264 0.00142993
Chain
	Aln	59	+ce9ada4b-c07f-406e-ae4b-c3319cf912df 1477 3376 3382 -edge_30_0_+disjointig_111_0_22964 9 1909 22964 -1 -1 1891 0.00405268
Chain
	Aln	58	-ce9ada4b-c07f-406e-ae4b-c3319cf912df 5 1904 3382 +edge_30_0_+disjointig_111_0_22964 21054 22954 22964 -1 -1 1891 0.00405268
Chain
	Aln	514	+65e71320-d742-4d18-9ccf-da5327f99324 670 2060 2730 +edge_258_0_+disjointig_74_503_1902 1 1391 1399 -1 -1 1385 0.0003721
	Aln	516	+65e71320-d742-4d18-9ccf-da5327f99324 2070 2725 2730 +edge_259_0_+disjointig_74_1902_3556 2 657 1654 -1 -1 655 0.0038725
Chain
	Aln	517	-65e71320-d742-4d18-9ccf-da5327f99324 4 659 2730 -edge_259_0_+disjointig_74_1902_3556 996 1651 1654 -1 -1 655 0.0038725
	Aln	515	-65e71320-d742-4d18-9ccf-da5327f99324 669 2059 2730 -edge_258_0_+disjointig_74_503_1902 7 1397 1399 -1 -1 1385 0.0003721
Chain
	Aln	309	+f26baad8-1909-4891-8d47-1e359b8e7fa7 27 3565 3571 -edge_155_0_+disjointig_186_0_6668 3115 6662 6668 -1 -1 3405 0.00627899
Chain
	Aln	308	-f26baad8-1909-4891-8d47-1e359b8e7fa7 5 3543 3571 +edge_155_0_+disjointig_186_0_6668 5 3552 6668 -1 -1 3405 0.00627899
Chain
	Aln	182	+d9a93b20-c5c7-4cbe-bc2a-2e3c220a7ead 18 1836 1841 +edge_92_0_+disjointig_144_0_5398 2411 4225 5398 -1 -1 1780 0.00331923
Chain
	Aln	183	-d9a93b20-c5c7-4cbe-bc2a-2e3c220a7ead 4 1822 1841 -edge_92_0_+disjointig_144_0_5398 1172 2986 5398 -1 -1 1780 0.00331923
Chain
	Aln	285	+7172d7e3-beda-4df1-9b54-d4e34bbb14bf 4 1327 1331 -edge_143_0_+disjointig_18_0_2256 578 1901 2256 -1 -1 1323 0.000359654
Chain
	Aln	284	-7172d7e3-beda-4df1-9b54-d4e34bbb14bf 3 1326 1331 +edge_143_0_+disjointig_18_0_2256 354 1677 2256 -1 -1 1323 0.000359654
Chain
	Aln	517	+ec051a0a-b711-44f1-98c9-68a3b9de81f2 10 686 2724 -edge_259_0_+disjointig_74_1902_3556 977 1653 1654 -1 -1 676 0.00263216
	Aln	515	+ec051a0a-b711-44f1-98c9-68a3b9de81f2 698 2077 2724 -edge_258_0_+disjointig_74_503_1902 11 1398 1399 -1 -1 1337 0.0026463
Chain
	Aln	514	-ec051a0a-b711-44f1-98c9-68a3b9de81f2 646 2025 2724 +edge_258_0_+disjointig_74_503_1902 0 1387 1399 -1 -1 1337 0.0026463
	Aln	516	-ec051a0a-b711-44f1-98c9-68a3b9de81f2 2037 2713 2724 +edge_259_0_+disjointig_74_1902_3556 0 676 1654 -1 -1 676 0.00263216
Chain
	Aln	597	+298ea358-010b-4f7d-b081-c611f95dc9b2 5 1764 1768 -edge_299_0_-disjointig_3_3692_21281 5299 7059 17589 -1 -1 1755 0
Chain
	Aln	596	-298ea358-010b-4f7d-b081-c611f95dc9b2 3 1762 1768 +edge_299_0_-disjointig_3_3692_21281 10529 12289 17589 -1 -1 1755 0
Chain
	Aln	61	+58811138-a3e0-4aa2-9328-3af478ed6982 9 3869 5249 -edge_31_0_+disjointig_112_0_7290 3429 7289 7290 -1 -1 3802 0
Chain
	Aln	60	-58811138-a3e0-4aa2-9328-3af478ed6982 1379 5239 5249 +edge_31_0_+disjointig_112_0_7290 0 3860 7290 -1 -1 3802 0
Chain
	Aln	420	+a384e576-f5ae-4157-ad5d-693cbcc7a797 29 1577 1582 +edge_211_0_+disjointig_224_0_21383 12301 13851 21383 -1 -1 1539 0.00313185
Chain
	Aln	421	-a384e576-f5ae-4157-ad5d-693cbcc7a797 4 1552 1582 -edge_211_0_+disjointig_224_0_21383 7531 9081 21383 -1 -1 1539 0.00313185
Chain
	Aln	219	+9af6fc20-8ace-4d2a-b245-32a83c8e06ed 5 1275 1671 -edge_110_0_+disjointig_158_0_2354 1029 2299 2354 -1 -1 1244 0.000479652
Chain
	Aln	218	-9af6fc20-8ace-4d2a-b245-32a83c8e06ed 395 1665 1671 +edge_110_0_+disjointig_158_0_2354 54 1324 2354 -1 -1 1244 0.000479652
Chain
	Aln	421	+df85bc26-18e0-4e80-b230-03429bb842e2 10 1577 1581 -edge_211_0_+disjointig_224_0_21383 7516 9082 21383 -1 -1 1551 0.00355277
Chain
	Aln	420	-df85bc26-18e0-4e80-b230-03429bb842e2 3 1570 1581 +edge_211_0_+disjointig_224_0_21383 12300 13866 21383 -1 -1 1551 0.00355277
Chain
	Aln	59	+43311b6a-ffa5-44fc-80e5-1ffdc0a74d2e 3 4861 4865 -edge_30_0_+disjointig_111_0_22964 17190 22043 22964 -1 -1 4726 0.00275876
Chain
	Aln	58	-43311b6a-ffa5-44fc-80e5-1ffdc0a74d2e 3 4861 4865 +edge_30_0_+disjointig_111_0_22964 920 5773 22964 -1 -1 4726 0.00275876
Chain
	Aln	289	+1618add7-1de3-4627-9d59-0639683617c9 19 4501 4503 -edge_145_0_+disjointig_181_0_7313 2830 7311 7313 -1 -1 4310 0.00524723
Chain
	Aln	288	-1618add7-1de3-4627-9d59-0639683617c9 1 4483 4503 +edge_145_0_+disjointig_181_0_7313 1 4482 7313 -1 -1 4310 0.00524723
Chain
	Aln	457	+42ce7321-00db-4950-9421-a760ebaaf80c 3 2796 2798 -edge_229_0_+disjointig_45_0_21421 18630 21419 21421 -1 -1 2747 0.000529
Chain
	Aln	456	-42ce7321-00db-4950-9421-a760ebaaf80c 1 2794 2798 +edge_229_0_+disjointig_45_0_21421 1 2790 21421 -1 -1 2747 0.000529
Chain
	Aln	590	+3e09d451-2ee3-477e-8aa9-7dc6fb5b126c 15 5375 5377 +edge_296_0_+disjointig_41_0_16839 9221 14587 16839 -1 -1 5309 0.00161063
Chain
	Aln	591	-3e09d451-2ee3-477e-8aa9-7dc6fb5b126c 1 5361 5377 -edge_296_0_+disjointig_41_0_16839 2251 7617 16839 -1 -1 5309 0.00161063
Chain
	Aln	618	+675dd447-5cde-48c5-9ad7-b81cd2cd1a17 10 4309 4314 +edge_310_0_+disjointig_26_14870_67398 44586 48878 52528 -1 -1 4265 0.00185134
Chain
	Aln	619	-675dd447-5cde-48c5-9ad7-b81cd2cd1a17 4 4303 4314 -edge_310_0_+disjointig_26_14870_67398 3649 7941 52528 -1 -1 4265 0.00185134
Chain
	Aln	420	+77e7cf6d-eb73-4cfc-b92a-9703c56bcb7d 10 8995 9000 +edge_211_0_+disjointig_224_0_21383 8848 17825 21383 -1 -1 8892 0.00121559
Chain
	Aln	421	-77e7cf6d-eb73-4cfc-b92a-9703c56bcb7d 4 8989 9000 -edge_211_0_+disjointig_224_0_21383 3557 12534 21383 -1 -1 8892 0.00121559
Chain
	Aln	547	+d48d3d6b-14f5-4513-afcb-ea47eb58b146 5 1011 1017 -edge_274_0_+disjointig_89_0_12448 7542 8548 12448 -1 -1 1006 0.000676943
Chain
	Aln	546	-d48d3d6b-14f5-4513-afcb-ea47eb58b146 5 1011 1017 +edge_274_0_+disjointig_89_0_12448 3899 4905 12448 -1 -1 1006 0.000676943
Chain
	Aln	223	+75eaae41-c0cd-4a28-9438-e8503e13e266 10 14431 14433 -edge_112_0_+disjointig_16_0_19673 2981 17408 19673 -1 -1 14212 0.000344542
Chain
	Aln	222	-75eaae41-c0cd-4a28-9438-e8503e13e266 1 14422 14433 +edge_112_0_+disjointig_16_0_19673 2264 16691 19673 -1 -1 14212 0.000344542
Chain
	Aln	594	+f6780b76-2d9b-4d35-a16a-d5a2b1a2c19f 14 3268 3275 +edge_298_0_+disjointig_61_0_7824 444 3695 7824 -1 -1 3233 0
Chain
	Aln	595	-f6780b76-2d9b-4d35-a16a-d5a2b1a2c19f 6 3260 3275 -edge_298_0_+disjointig_61_0_7824 4128 7379 7824 -1 -1 3233 0
Chain
	Aln	422	+7db35af0-7e74-4991-b30b-2375415a2229 7 1316 1324 +edge_212_0_+disjointig_23_0_33555 8232 9541 33555 -1 -1 1309 0.000730892
Chain
	Aln	423	-7db35af0-7e74-4991-b30b-2375415a2229 7 1316 1324 -edge_212_0_+disjointig_23_0_33555 24013 25322 33555 -1 -1 1309 0.000730892
Chain
	Aln	365	+bdbc88d5-d409-44ec-92d4-3e85453cf846 9 8378 8495 -edge_183_0_+disjointig_203_0_8381 8 8380 8381 -1 -1 8168 0.00242952
Chain
	Aln	364	-bdbc88d5-d409-44ec-92d4-3e85453cf846 116 8485 8495 +edge_183_0_+disjointig_203_0_8381 0 8372 8381 -1 -1 8168 0.00242952
Chain
	Aln	535	+a79ba8f0-0b9f-4bd2-bdc4-2ebbf60592a7 3 4385 4388 -edge_268_0_+disjointig_82_0_14967 3805 8187 14967 -1 -1 4346 0.000606138
Chain
	Aln	534	-a79ba8f0-0b9f-4bd2-bdc4-2ebbf60592a7 2 4384 4388 +edge_268_0_+disjointig_82_0_14967 6779 11161 14967 -1 -1 4346 0.000606138
Chain
	Aln	617	+e8f0f8c0-05a1-4796-85a8-2677d55a5c06 7 4985 4996 -edge_309_0_+disjointig_24_7647_16416 719 5700 8769 -1 -1 4904 0.00102333
Chain
	Aln	616	-e8f0f8c0-05a1-4796-85a8-2677d55a5c06 10 4988 4996 +edge_309_0_+disjointig_24_7647_16416 3068 8049 8769 -1 -1 4904 0.00102333
Chain
	Aln	619	+a5c58ceb-f1f2-4b7f-8ca4-28ab38a39bd3 7 3330 3332 -edge_310_0_+disjointig_26_14870_67398 2530 5859 52528 -1 -1 3227 0.0045174
Chain
	Aln	618	-a5c58ceb-f1f2-4b7f-8ca4-28ab38a39bd3 1 3324 3332 +edge_310_0_+disjointig_26_14870_67398 46668 49997 52528 -1 -1 3227 0.0045174
Chain
	Aln	608	+485b8024-4276-4949-9930-1e1ba815698b 4 7616 7625 +edge_305_0_+disjointig_28_7412_16217 1177 8797 8805 -1 -1 7520 0.00200422
Chain
	Aln	609	-485b8024-4276-4949-9930-1e1ba815698b 8 7620 7625 -edge_305_0_+disjointig_28_7412_16217 7 7627 8805 -1 -1 7520 0.00200422
Chain
	Aln	460	+3a318258-4a0a-412e-b5b1-eefa9ae12cde 11 1896 1913 +edge_231_0_+disjointig_47_0_14578 3910 5793 14578 -1 -1 1873 0
Chain
	Aln	461	-3a318258-4a0a-412e-b5b1-eefa9ae12cde 16 1901 1913 -edge_231_0_+disjointig_47_0_14578 8784 10667 14578 -1 -1 1873 0
Chain
	Aln	198	+62988aa5-db19-444f-b0a0-64fca5effb0c 4 5166 5169 +edge_100_0_+disjointig_151_0_15100 4 5175 15100 -1 -1 5111 0.000946399
Chain
	Aln	199	-62988aa5-db19-444f-b0a0-64fca5effb0c 2 5164 5169 -edge_100_0_+disjointig_151_0_15100 9924 15095 15100 -1 -1 5111 0.000946399
Chain
	Aln	494	+9c6773ed-4c1e-4332-8621-3ff7566c8225 16 4310 4313 +edge_248_0_+disjointig_60_0_12385 384 4677 12385 -1 -1 4291 0.000242923
Chain
	Aln	495	-9c6773ed-4c1e-4332-8621-3ff7566c8225 2 4296 4313 -edge_248_0_+disjointig_60_0_12385 7707 12000 12385 -1 -1 4291 0.000242923
Chain
	Aln	575	+c7ab87a9-11c0-483a-8ad0-cdcef75117f6 29 1207 1215 -edge_288_0_+disjointig_62_14430_17706 541 1719 3276 -1 -1 1178 0
Chain
	Aln	574	-c7ab87a9-11c0-483a-8ad0-cdcef75117f6 7 1185 1215 +edge_288_0_+disjointig_62_14430_17706 1556 2734 3276 -1 -1 1178 0
Chain
	Aln	584	+e0483a7a-273f-408a-aa5b-7e3a3ac84b46 10 3403 3414 +edge_293_0_+disjointig_147_0_35029 15424 18820 35029 -1 -1 3350 0.000835356
Chain
	Aln	585	-e0483a7a-273f-408a-aa5b-7e3a3ac84b46 10 3403 3414 -edge_293_0_+disjointig_147_0_35029 16208 19604 35029 -1 -1 3350 0.000835356
Chain
	Aln	263	+ba8d42e7-0d6b-4dc2-94af-a9f858dbabda 10 3427 3432 -edge_132_0_+disjointig_175_0_17909 3143 6560 17909 -1 -1 3359 0.00188142
Chain
	Aln	262	-ba8d42e7-0d6b-4dc2-94af-a9f858dbabda 4 3421 3432 +edge_132_0_+disjointig_175_0_17909 11348 14765 17909 -1 -1 3359 0.00188142
Chain
	Aln	607	+1273fcf4-25b5-4672-89d7-1d296ac3eac4 1 1400 1404 -edge_304_0_+disjointig_197_0_16178 2150 3551 16178 -1 -1 1367 0.00323707
Chain
	Aln	606	-1273fcf4-25b5-4672-89d7-1d296ac3eac4 3 1402 1404 +edge_304_0_+disjointig_197_0_16178 12626 14027 16178 -1 -1 1367 0.00323707
Chain
	Aln	377	+07378522-4c99-48f3-9354-dd34b0b0bd1c 9 2288 2292 -edge_189_0_+disjointig_21_0_14470 7701 9980 14470 -1 -1 2279 0.00210397
Chain
	Aln	376	-07378522-4c99-48f3-9354-dd34b0b0bd1c 3 2282 2292 +edge_189_0_+disjointig_21_0_14470 4489 6768 14470 -1 -1 2279 0.00210397
Chain
	Aln	31	+d0858075-878c-4522-8f9a-530692fdeec5 1301 3392 3401 -edge_16_0_+disjointig_104_0_24625 12 2103 24625 -1 -1 2091 0.00148992
Chain
	Aln	30	-d0858075-878c-4522-8f9a-530692fdeec5 8 2099 3401 +edge_16_0_+disjointig_104_0_24625 22521 24612 24625 -1 -1 2091 0.00148992
Chain
	Aln	561	+0b300709-c24b-4921-8dcb-5fe5cd9d96dc 26 1659 2014 -edge_281_0_+disjointig_96_0_11138 9493 11126 11138 -1 -1 1625 0.00173055
Chain
	Aln	560	-0b300709-c24b-4921-8dcb-5fe5cd9d96dc 354 1987 2014 +edge_281_0_+disjointig_96_0_11138 11 1644 11138 -1 -1 1625 0.00173055
Chain
	Aln	448	+d4c22a95-af56-42a9-b79f-213e98c454fc 5 1214 1217 +edge_225_0_+disjointig_40_0_20039 17573 18782 20039 -1 -1 1209 0
Chain
	Aln	449	-d4c22a95-af56-42a9-b79f-213e98c454fc 2 1211 1217 -edge_225_0_+disjointig_40_0_20039 1256 2465 20039 -1 -1 1209 0
Chain
	Aln	129	+c894177d-93de-48d8-a765-3beac50fa98b 9 3813 3980 -edge_65_0_+disjointig_130_0_11079 1387 5188 11079 -1 -1 3775 0.0037492
Chain
	Aln	128	-c894177d-93de-48d8-a765-3beac50fa98b 166 3970 3980 +edge_65_0_+disjointig_130_0_11079 5890 9691 11079 -1 -1 3775 0.0037492
Chain
	Aln	494	+8f25e495-3b06-4970-8a94-e7c1bda74ba6 4 2341 2343 +edge_248_0_+disjointig_60_0_12385 6126 8463 12385 -1 -1 2278 0.00226692
Chain
	Aln	495	-8f25e495-3b06-4970-8a94-e7c1bda74ba6 1 2338 2343 -edge_248_0_+disjointig_60_0_12385 3921 6258 12385 -1 -1 2278 0.00226692
Chain
	Aln	619	+db4f76bd-da0d-4786-8ecc-877ca39dc3c4 7 8173 8183 -edge_310_0_+disjointig_26_14870_67398 11153 19318 52528 -1 -1 8117 0.000520674
Chain
	Aln	618	-db4f76bd-da0d-4786-8ecc-877ca39dc3c4 9 8175 8183 +edge_310_0_+disjointig_26_14870_67398 33209 41374 52528 -1 -1 8117 0.000520674
Chain
	Aln	586	+77366226-e793-46e9-8d2f-932160474ad9 12 10049 10078 +edge_294_0_+disjointig_54_11019_37577 6914 16961 26558 -1 -1 9825 0.00172261
Chain
	Aln	587	-77366226-e793-46e9-8d2f-932160474ad9 28 10065 10078 -edge_294_0_+disjointig_54_11019_37577 9596 19643 26558 -1 -1 9825 0.00172261
Chain
	Aln	448	+19675252-edf9-474b-a685-701285f8dfd2 4 6280 6286 +edge_225_0_+disjointig_40_0_20039 7020 13295 20039 -1 -1 6157 0.00237445
Chain
	Aln	449	-19675252-edf9-474b-a685-701285f8dfd2 5 6281 6286 -edge_225_0_+disjointig_40_0_20039 6743 13018 20039 -1 -1 6157 0.00237445
Chain
	Aln	587	+12a33c8d-8c6d-41fe-a7d4-fca6caa4c7dc 2 1279 1287 -edge_294_0_+disjointig_54_11019_37577 20591 21871 26558 -1 -1 1214 0.00894342
Chain
	Aln	586	-12a33c8d-8c6d-41fe-a7d4-fca6caa4c7dc 7 1284 1287 +edge_294_0_+disjointig_54_11019_37577 4686 5966 26558 -1 -1 1214 0.00894342
Chain
	Aln	512	+703f1cca-fdf4-44d3-bab1-b3d1839dab68 1 3742 3749 +edge_257_0_+disjointig_73_0_22764 6332 10073 22764 -1 -1 3642 0.000621058
Chain
	Aln	513	-703f1cca-fdf4-44d3-bab1-b3d1839dab68 6 3747 3749 -edge_257_0_+disjointig_73_0_22764 12690 16431 22764 -1 -1 3642 0.000621058
Chain
	Aln	30	+bbac828d-4c89-4648-b76f-bd48cd6239c2 5 6871 6873 +edge_16_0_+disjointig_104_0_24625 14294 21233 24625 -1 -1 6560 0.00600788
Chain
	Aln	31	-bbac828d-4c89-4648-b76f-bd48cd6239c2 1 6867 6873 -edge_16_0_+disjointig_104_0_24625 3391 10330 24625 -1 -1 6560 0.00600788
Chain
	Aln	387	+b56d676e-35f6-4996-a2b5-61a123d2e101 12 3651 3655 -edge_194_0_+disjointig_214_0_17837 10310 13950 17837 -1 -1 3607 0.000613057
Chain
	Aln	386	-b56d676e-35f6-4996-a2b5-61a123d2e101 3 3642 3655 +edge_194_0_+disjointig_214_0_17837 3886 7526 17837 -1 -1 3607 0.000613057
Chain
	Aln	153	+ce6b7907-1af0-46bb-bc92-c71d51aa8084 4 6876 6883 -edge_77_0_+disjointig_135_0_9235 481 7332 9235 -1 -1 6791 0.000992696
Chain
	Aln	152	-ce6b7907-1af0-46bb-bc92-c71d51aa8084 6 6878 6883 +edge_77_0_+disjointig_135_0_9235 1902 8753 9235 -1 -1 6791 0.000992696
Chain
	Aln	491	+ed0e6aab-ffc4-4bce-b6f1-9f125c219116 16 1398 1400 -edge_246_0_+disjointig_59_0_11538 4206 5585 11538 -1 -1 1351 0.00468216
Chain
	Aln	490	-ed0e6aab-ffc4-4bce-b6f1-9f125c219116 1 1383 1400 +edge_246_0_+disjointig_59_0_11538 5952 7331 11538 -1 -1 1351 0.00468216
Chain
	Aln	369	+8bbad801-8ae9-451c-a575-a23379110093 12 6499 6501 -edge_185_0_+disjointig_205_0_10729 4238 10727 10729 -1 -1 6409 0.00196015
Chain
	Aln	368	-8bbad801-8ae9-451c-a575-a23379110093 1 6488 6501 +edge_185_0_+disjointig_205_0_10729 1 6490 10729 -1 -1 6409 0.00196015
Chain
	Aln	382	+a362412f-5763-409b-8d0d-6282401356ad 80 2047 2050 +edge_192_0_+disjointig_212_0_2754 10 1977 2754 -1 -1 1961 0
Chain
	Aln	383	-a362412f-5763-409b-8d0d-6282401356ad 2 1969 2050 -edge_192_0_+disjointig_212_0_2754 776 2743 2754 -1 -1 1961 0
Chain
	Aln	239	+ff5c4091-334e-4d09-9dff-f9fc79e28153 14 3529 3537 -edge_120_0_+disjointig_168_0_3525 13 3517 3525 -1 -1 3474 0.00104534
Chain
	Aln	238	-ff5c4091-334e-4d09-9dff-f9fc79e28153 7 3522 3537 +edge_120_0_+disjointig_168_0_3525 7 3511 3525 -1 -1 3474 0.00104534
Chain
	Aln	21	+7f4e5c79-d625-4666-b5c5-3962c1b683d6 11 1912 2031 -edge_11_0_+disjointig_101_5646_16918 8860 10764 11272 -1 -1 1860 0.00237185
Chain
	Aln	20	-7f4e5c79-d625-4666-b5c5-3962c1b683d6 118 2019 2031 +edge_11_0_+disjointig_101_5646_16918 507 2411 11272 -1 -1 1860 0.00237185
Chain
	Aln	600	+4f98e935-1c1a-4330-a63c-18358f251da6 22 4530 4539 +edge_301_0_+disjointig_67_7420_18373 3506 8037 10953 -1 -1 4243 0.006685
Chain
	Aln	601	-4f98e935-1c1a-4330-a63c-18358f251da6 8 4516 4539 -edge_301_0_+disjointig_67_7420_18373 2915 7446 10953 -1 -1 4243 0.006685
Chain
	Aln	242	+a4699e04-cc92-4509-952d-f000ff9f8739 12 3102 3108 +edge_122_0_+disjointig_17_0_27131 22700 25794 27131 -1 -1 3037 0.00170578
Chain
	Aln	243	-a4699e04-cc92-4509-952d-f000ff9f8739 5 3095 3108 -edge_122_0_+disjointig_17_0_27131 1336 4430 27131 -1 -1 3037 0.00170578
Chain
	Aln	490	+ebda6421-5f5a-4557-aa32-366093ef99a0 9 1732 1741 +edge_246_0_+disjointig_59_0_11538 7622 9345 11538 -1 -1 1714 0.00169512
Chain
	Aln	491	-ebda6421-5f5a-4557-aa32-366093ef99a0 8 1731 1741 -edge_246_0_+disjointig_59_0_11538 2192 3915 11538 -1 -1 1714 0.00169512
Chain
	Aln	17	+ea1f00aa-b08e-4ddb-befb-369e8b828ef7 15 1205 1294 -edge_9_1_+disjointig_115_7461_8724 72 1262 1263 -1 -1 1183 0.000380008
Chain
	Aln	16	-ea1f00aa-b08e-4ddb-befb-369e8b828ef7 88 1278 1294 +edge_9_1_+disjointig_115_7461_8724 0 1190 1263 -1 -1 1183 0.000380008
Chain
	Aln	267	+489b3ca7-bad4-4421-abe4-d0b4fcbc3359 24 2159 2162 -edge_134_0_+disjointig_176_2697_26044 15831 17966 23347 -1 -1 2028 0.00701289
Chain
	Aln	266	-489b3ca7-bad4-4421-abe4-d0b4fcbc3359 2 2137 2162 +edge_134_0_+disjointig_176_2697_26044 5380 7515 23347 -1 -1 2028 0.00701289
Chain
	Aln	243	+d2c4a2ae-f659-42af-aa4e-47fd29ea88ad 1 3539 3563 -edge_122_0_+disjointig_17_0_27131 19272 22837 27131 -1 -1 3232 0.00833588
Chain
	Aln	242	-d2c4a2ae-f659-42af-aa4e-47fd29ea88ad 23 3561 3563 +edge_122_0_+disjointig_17_0_27131 4293 7858 27131 -1 -1 3232 0.00833588
Chain
	Aln	368	+f62e4f09-466c-4837-bbdc-f5dd73bcbe33 21 10743 10754 +edge_185_0_+disjointig_205_0_10729 1 10719 10729 -1 -1 10533 0.00237062
Chain
	Aln	369	-f62e4f09-466c-4837-bbdc-f5dd73bcbe33 10 10732 10754 -edge_185_0_+disjointig_205_0_10729 9 10727 10729 -1 -1 10533 0.00237062
Chain
	Aln	185	+e776975e-a228-44f8-93d1-45f9502575b0 115 3317 3319 -edge_93_0_+disjointig_146_0_5112 14 3214 5112 -1 -1 3198 0
Chain
	Aln	184	-e776975e-a228-44f8-93d1-45f9502575b0 1 3203 3319 +edge_93_0_+disjointig_146_0_5112 1897 5097 5112 -1 -1 3198 0
Chain
	Aln	111	+57a6c571-db9e-4fb3-914c-14a79dc3d39b 15 6859 6867 -edge_56_0_+disjointig_121_0_39451 4386 11229 39451 -1 -1 6657 0.00172244
Chain
	Aln	110	-57a6c571-db9e-4fb3-914c-14a79dc3d39b 7 6851 6867 +edge_56_0_+disjointig_121_0_39451 28221 35064 39451 -1 -1 6657 0.00172244
Chain
	Aln	29	+485935b6-d1b3-4dfa-8b17-d5dc3cb827db 18 5551 5570 -edge_15_0_+disjointig_103_0_8058 2504 8039 8058 -1 -1 4966 0.00954462
Chain
	Aln	28	-485935b6-d1b3-4dfa-8b17-d5dc3cb827db 18 5551 5570 +edge_15_0_+disjointig_103_0_8058 18 5553 8058 -1 -1 4966 0.00954462
Chain
	Aln	503	+690898b6-5fdf-46ca-84bd-77124de2c6c7 10 3788 3795 -edge_252_0_+disjointig_68_0_25931 20409 24187 25931 -1 -1 3696 0.0025319
Chain
	Aln	502	-690898b6-5fdf-46ca-84bd-77124de2c6c7 6 3784 3795 +edge_252_0_+disjointig_68_0_25931 1743 5521 25931 -1 -1 3696 0.0025319
Chain
	Aln	505	+b63fc113-0dcc-4095-9c49-8b56e10f4333 853 3284 13234 -edge_253_0_+disjointig_69_0_13671 11239 13670 13671 -1 -1 2055 0.014479
Chain
	Aln	504	-b63fc113-0dcc-4095-9c49-8b56e10f4333 9949 12380 13234 +edge_253_0_+disjointig_69_0_13671 0 2431 13671 -1 -1 2055 0.014479
Chain
	Aln	549	+050dc766-a392-4e93-901c-d2fba717889d 10 9540 9544 -edge_275_0_+disjointig_9_0_50887 41315 50883 50887 -1 -1 9297 0.0030242
Chain
	Aln	548	-050dc766-a392-4e93-901c-d2fba717889d 3 9533 9544 +edge_275_0_+disjointig_9_0_50887 3 9571 50887 -1 -1 9297 0.0030242
Chain
	Aln	619	+a13b24f0-5bcf-4318-bbaf-b652dee2ec18 10 8929 8933 -edge_310_0_+disjointig_26_14870_67398 14718 23647 52528 -1 -1 8813 0.00185338
Chain
	Aln	618	-a13b24f0-5bcf-4318-bbaf-b652dee2ec18 3 8922 8933 +edge_310_0_+disjointig_26_14870_67398 28880 37809 52528 -1 -1 8813 0.00185338
Chain
	Aln	602	+02e0eede-d696-4f94-8da5-02596ad4c608 8 7126 7153 +edge_302_0_+disjointig_19_0_13806 1154 8293 13806 -1 -1 6991 0.00223342
Chain
	Aln	603	-02e0eede-d696-4f94-8da5-02596ad4c608 26 7144 7153 -edge_302_0_+disjointig_19_0_13806 5512 12651 13806 -1 -1 6991 0.00223342
Chain
	Aln	548	+0f351d3f-c5c5-4116-8fd2-4f6385bfc543 14 1435 1444 +edge_275_0_+disjointig_9_0_50887 217 1639 50887 -1 -1 1417 0.00386766
Chain
	Aln	549	-0f351d3f-c5c5-4116-8fd2-4f6385bfc543 8 1429 1444 -edge_275_0_+disjointig_9_0_50887 49247 50669 50887 -1 -1 1417 0.00386766
Chain
	Aln	375	+388848a7-46cc-4e3a-bf39-24776b572315 4 3040 3043 -edge_188_0_+disjointig_209_0_3037 3 3034 3037 -1 -1 2894 0.00520197
Chain
	Aln	374	-388848a7-46cc-4e3a-bf39-24776b572315 2 3038 3043 +edge_188_0_+disjointig_209_0_3037 2 3033 3037 -1 -1 2894 0.00520197
Chain
	Aln	398	+e09559cc-2e52-4bdd-bb6f-1fd7a7347ee8 30 2465 2467 +edge_200_0_+disjointig_217_16635_24046 3366 5802 7411 -1 -1 2414 0.00188566
Chain
	Aln	399	-e09559cc-2e52-4bdd-bb6f-1fd7a7347ee8 1 2436 2467 -edge_200_0_+disjointig_217_16635_24046 1608 4044 7411 -1 -1 2414 0.00188566
Chain
	Aln	505	+6818cad6-d443-4e1f-8cc4-a4510d81c631 10 4131 4155 -edge_253_0_+disjointig_69_0_13671 5405 9527 13671 -1 -1 4070 0.00374947
Chain
	Aln	504	-6818cad6-d443-4e1f-8cc4-a4510d81c631 23 4144 4155 +edge_253_0_+disjointig_69_0_13671 4143 8265 13671 -1 -1 4070 0.00374947
Chain
	Aln	258	+b9e842ff-a73f-4df5-ab0f-7153c3c272e5 6 2589 2591 +edge_130_0_+disjointig_173_0_6697 1354 3942 6697 -1 -1 2531 0.00394996
Chain
	Aln	259	-b9e842ff-a73f-4df5-ab0f-7153c3c272e5 1 2584 2591 -edge_130_0_+disjointig_173_0_6697 2754 5342 6697 -1 -1 2531 0.00394996
Chain
	Aln	59	+e73f5e88-96a0-4197-aa12-8385a9b84ec6 9 1278 1282 -edge_30_0_+disjointig_111_0_22964 702 1970 22964 -1 -1 1256 0.00147447
Chain
	Aln	58	-e73f5e88-96a0-4197-aa12-8385a9b84ec6 3 1272 1282 +edge_30_0_+disjointig_111_0_22964 20993 22261 22964 -1 -1 1256 0.00147447
Chain
	Aln	174	+f8deab30-e908-4b1c-96b2-9bf0bae68f14 22 1179 1186 +edge_88_0_+disjointig_140_0_12110 4952 6114 12110 -1 -1 1146 0.00237399
Chain
	Aln	175	-f8deab30-e908-4b1c-96b2-9bf0bae68f14 6 1163 1186 -edge_88_0_+disjointig_140_0_12110 5995 7157 12110 -1 -1 1146 0.00237399
Chain
	Aln	29	+e80f141a-a874-4a34-960a-8bb1ba4608b9 914 3128 3135 -edge_15_0_+disjointig_103_0_8058 15 2230 8058 -1 -1 2197 0.000724762
Chain
	Aln	28	-e80f141a-a874-4a34-960a-8bb1ba4608b9 6 2220 3135 +edge_15_0_+disjointig_103_0_8058 5827 8042 8058 -1 -1 2197 0.000724762
Chain
	Aln	598	+9846aff5-8aae-4d10-a762-8f129449672c 20 1333 1338 +edge_300_0_+disjointig_183_0_42239 16258 17561 42239 -1 -1 1222 0.00644148
Chain
	Aln	599	-9846aff5-8aae-4d10-a762-8f129449672c 4 1317 1338 -edge_300_0_+disjointig_183_0_42239 24677 25980 42239 -1 -1 1222 0.00644148
Chain
	Aln	243	+195aff6e-acf7-4fc6-932e-52e2cbbc87f4 8 5069 5077 -edge_122_0_+disjointig_17_0_27131 12942 18012 27131 -1 -1 4890 0.00583493
Chain
	Aln	242	-195aff6e-acf7-4fc6-932e-52e2cbbc87f4 7 5068 5077 +edge_122_0_+disjointig_17_0_27131 9118 14188 27131 -1 -1 4890 0.00583493
Chain
	Aln	235	+b751e097-ef8f-459a-a193-be3895118b45 3 2143 2151 -edge_118_0_+disjointig_166_0_9943 1515 3659 9943 -1 -1 2117 0.00154482
Chain
	Aln	234	-b751e097-ef8f-459a-a193-be3895118b45 7 2147 2151 +edge_118_0_+disjointig_166_0_9943 6283 8427 9943 -1 -1 2117 0.00154482
Chain
	Aln	262	+9adf6fc9-3c92-4fa6-a80b-cfb43282186a 6 6595 6603 +edge_132_0_+disjointig_175_0_17909 11312 17902 17909 -1 -1 6551 0.000583487
Chain
	Aln	263	-9adf6fc9-3c92-4fa6-a80b-cfb43282186a 7 6596 6603 -edge_132_0_+disjointig_175_0_17909 6 6596 17909 -1 -1 6551 0.000583487
Chain
	Aln	491	+6921d92f-88bd-4144-80ba-ae4a2ecb5351 7 9357 13483 -edge_246_0_+disjointig_59_0_11538 2172 11537 11538 -1 -1 9230 0.00183429
Chain
	Aln	490	-6921d92f-88bd-4144-80ba-ae4a2ecb5351 4125 13475 13483 +edge_246_0_+disjointig_59_0_11538 0 9365 11538 -1 -1 9230 0.00183429
Chain
	Aln	217	+76865eb2-0c54-4b47-8cc5-87bc18f71c52 13176 16345 16376 -edge_109_0_+disjointig_157_0_3517 13 3246 3517 -1 -1 2821 0.011776
Chain
	Aln	216	-76865eb2-0c54-4b47-8cc5-87bc18f71c52 30 3199 16376 +edge_109_0_+disjointig_157_0_3517 270 3503 3517 -1 -1 2821 0.011776
Chain
	Aln	548	+6bdba9d7-9d18-49d6-95fd-9fe6c0328e5e 16 4089 5106 +edge_275_0_+disjointig_9_0_50887 9661 13792 50887 -1 -1 3813 0.00769656
Chain
	Aln	549	-6bdba9d7-9d18-49d6-95fd-9fe6c0328e5e 1016 5089 5106 -edge_275_0_+disjointig_9_0_50887 37094 41225 50887 -1 -1 3813 0.00769656
Chain
	Aln	556	+1d9c8c23-9462-4670-b6f4-10a773f49bae 1625 10519 10523 +edge_279_0_+disjointig_94_0_11499 1 8893 11499 -1 -1 8814 0.0021127
Chain
	Aln	557	-1d9c8c23-9462-4670-b6f4-10a773f49bae 3 8897 10523 -edge_279_0_+disjointig_94_0_11499 2605 11497 11499 -1 -1 8814 0.0021127
Chain
	Aln	26	+3e0cd0f3-2e92-4eed-a1ac-17d64aa546f7 23 2853 2862 +edge_14_0_+disjointig_102_0_2859 1 2829 2859 -1 -1 2787 0.000602855
Chain
	Aln	27	-3e0cd0f3-2e92-4eed-a1ac-17d64aa546f7 8 2838 2862 -edge_14_0_+disjointig_102_0_2859 29 2857 2859 -1 -1 2787 0.000602855
Chain
	Aln	27	+32268b72-c93c-4ab7-9bb8-1b1cbab288ad 11 2856 2858 -edge_14_0_+disjointig_102_0_2859 10 2857 2859 -1 -1 2800 0.000723564
Chain
	Aln	26	-32268b72-c93c-4ab7-9bb8-1b1cbab288ad 1 2846 2858 +edge_14_0_+disjointig_102_0_2859 1 2848 2859 -1 -1 2800 0.000723564
Chain
	Aln	600	+e01b6b83-2653-4ac9-9050-13f183eba777 3 1736 1743 +edge_301_0_+disjointig_67_7420_18373 8507 10242 10953 -1 -1 1723 0.0028851
Chain
	Aln	601	-e01b6b83-2653-4ac9-9050-13f183eba777 6 1739 1743 -edge_301_0_+disjointig_67_7420_18373 710 2445 10953 -1 -1 1723 0.0028851
Chain
	Aln	409	+d602868e-cc37-4bcd-82d4-e2bdf540f3d2 28 1203 1210 -edge_205_0_+disjointig_219_0_13673 319 1494 13673 -1 -1 1170 0.000464285
Chain
	Aln	408	-d602868e-cc37-4bcd-82d4-e2bdf540f3d2 6 1181 1210 +edge_205_0_+disjointig_219_0_13673 12178 13353 13673 -1 -1 1170 0.000464285
Chain
	Aln	448	+eeac79e6-9780-4df6-a959-e7755bdfca6d 4 6958 6960 +edge_225_0_+disjointig_40_0_20039 11368 18319 20039 -1 -1 6929 0
Chain
	Aln	449	-eeac79e6-9780-4df6-a959-e7755bdfca6d 1 6955 6960 -edge_225_0_+disjointig_40_0_20039 1719 8670 20039 -1 -1 6929 0
Chain
	Aln	135	+4faad1cd-58d4-48ef-a062-d3ad8c71e5cf 5 2194 2197 -edge_68_0_+disjointig_133_0_30405 16269 18457 30405 -1 -1 2164 0.00199368
Chain
	Aln	134	-4faad1cd-58d4-48ef-a062-d3ad8c71e5cf 2 2191 2197 +edge_68_0_+disjointig_133_0_30405 11947 14135 30405 -1 -1 2164 0.00199368
Chain
	Aln	400	+4ac5d5ae-2bec-475c-8916-8eefc8d40406 5 9175 9476 +edge_201_0_+disjointig_25_3216_27003 14600 23778 23787 -1 -1 9034 0.00279903
Chain
	Aln	401	-4ac5d5ae-2bec-475c-8916-8eefc8d40406 300 9470 9476 -edge_201_0_+disjointig_25_3216_27003 8 9186 23787 -1 -1 9034 0.00279903
Chain
	Aln	116	+9bc262ca-4929-4aa9-9b44-d3004a6cf626 6 1396 1400 +edge_59_0_+disjointig_124_0_25305 12496 13886 25305 -1 -1 1390 0.00156048
Chain
	Aln	117	-9bc262ca-4929-4aa9-9b44-d3004a6cf626 3 1393 1400 -edge_59_0_+disjointig_124_0_25305 11418 12808 25305 -1 -1 1390 0.00156048
Chain
	Aln	449	+9d135b45-84ff-4c7c-8050-0e82445daf05 6 2402 2405 -edge_225_0_+disjointig_40_0_20039 11880 14275 20039 -1 -1 2302 0.00431453
Chain
	Aln	448	-9d135b45-84ff-4c7c-8050-0e82445daf05 2 2398 2405 +edge_225_0_+disjointig_40_0_20039 5763 8158 20039 -1 -1 2302 0.00431453
Chain
	Aln	502	+6fbd48b8-92b3-439e-91f7-68d0ead0174b 17 4876 4879 +edge_252_0_+disjointig_68_0_25931 8280 13144 25931 -1 -1 4578 0.00585231
Chain
	Aln	503	-6fbd48b8-92b3-439e-91f7-68d0ead0174b 2 4861 4879 -edge_252_0_+disjointig_68_0_25931 12786 17650 25931 -1 -1 4578 0.00585231
Chain
	Aln	619	+d76f8847-ebfd-4376-8aed-08de4770ff85 26 1545 1547 -edge_310_0_+disjointig_26_14870_67398 320 1843 52528 -1 -1 1482 0.00254211
Chain
	Aln	618	-d76f8847-ebfd-4376-8aed-08de4770ff85 1 1520 1547 +edge_310_0_+disjointig_26_14870_67398 50684 52207 52528 -1 -1 1482 0.00254211
Chain
	Aln	598	+8197e020-eee3-421c-9a01-e76c844569f4 9 14899 14907 +edge_300_0_+disjointig_183_0_42239 21233 36135 42239 -1 -1 14645 0.00175367
Chain
	Aln	599	-8197e020-eee3-421c-9a01-e76c844569f4 7 14897 14907 -edge_300_0_+disjointig_183_0_42239 6103 21005 42239 -1 -1 14645 0.00175367
Chain
	Aln	599	+8642210c-9ffc-4cc8-acda-68d4fc399e67 13 1302 1306 -edge_300_0_+disjointig_183_0_42239 25204 26492 42239 -1 -1 1280 0.00265751
Chain
	Aln	598	-8642210c-9ffc-4cc8-acda-68d4fc399e67 3 1292 1306 +edge_300_0_+disjointig_183_0_42239 15746 17034 42239 -1 -1 1280 0.00265751
Chain
	Aln	607	+ade36ec7-a22f-4237-b605-0ffc2fc3afd4 6 4491 4493 -edge_304_0_+disjointig_197_0_16178 11696 16176 16178 -1 -1 4419 0.0024873
Chain
	Aln	606	-ade36ec7-a22f-4237-b605-0ffc2fc3afd4 1 4486 4493 +edge_304_0_+disjointig_197_0_16178 1 4481 16178 -1 -1 4419 0.0024873
Chain
	Aln	125	+2065af93-f2ad-4d34-bd06-82fb3628d519 11 9008 9011 -edge_63_0_+disjointig_129_0_10708 10 8956 10708 -1 -1 8662 0.00409214
Chain
	Aln	124	-2065af93-f2ad-4d34-bd06-82fb3628d519 2 8999 9011 +edge_63_0_+disjointig_129_0_10708 1751 10697 10708 -1 -1 8662 0.00409214
Chain
	Aln	484	+3b3fd8a3-183f-4c88-8d3b-3c97375763a2 8 5816 5821 +edge_243_0_+disjointig_56_0_49321 24117 29923 49321 -1 -1 5784 0
Chain
	Aln	485	-3b3fd8a3-183f-4c88-8d3b-3c97375763a2 4 5812 5821 -edge_243_0_+disjointig_56_0_49321 19397 25203 49321 -1 -1 5784 0
Chain
	Aln	69	+ba5c8397-b918-464d-a3d4-571e32613fee 14 1431 1446 -edge_35_0_+disjointig_117_0_15377 9737 11154 15377 -1 -1 1411 0
Chain
	Aln	68	-ba5c8397-b918-464d-a3d4-571e32613fee 14 1431 1446 +edge_35_0_+disjointig_117_0_15377 4222 5639 15377 -1 -1 1411 0
Chain
	Aln	616	+858d082b-6e84-4593-8280-66f384070c13 23 2717 2721 +edge_309_0_+disjointig_24_7647_16416 4396 7094 8769 -1 -1 2546 0.00559818
Chain
	Aln	617	-858d082b-6e84-4593-8280-66f384070c13 3 2697 2721 -edge_309_0_+disjointig_24_7647_16416 1674 4372 8769 -1 -1 2546 0.00559818
Chain
	Aln	171	+0a1e50e1-b54e-46ad-8911-e15eebb4849c 16 2903 2906 -edge_86_0_+disjointig_139_0_5504 15 2901 5504 -1 -1 2836 0.00142882
Chain
	Aln	170	-0a1e50e1-b54e-46ad-8911-e15eebb4849c 2 2889 2906 +edge_86_0_+disjointig_139_0_5504 2602 5488 5504 -1 -1 2836 0.00142882
Chain
	Aln	411	+dcde7538-29d3-4a9a-a92a-f55a070fdd77 11 3998 4000 -edge_206_0_+disjointig_22_0_4000 10 3998 4000 -1 -1 3982 0
Chain
	Aln	410	-dcde7538-29d3-4a9a-a92a-f55a070fdd77 1 3988 4000 +edge_206_0_+disjointig_22_0_4000 1 3989 4000 -1 -1 3982 0
Chain
	Aln	172	+39cfd6a2-4507-482a-a918-bb2e332a1f13 5 9838 9840 +edge_87_0_+disjointig_14_0_19372 3001 12834 19372 -1 -1 9771 0.000857213
Chain
	Aln	173	-39cfd6a2-4507-482a-a918-bb2e332a1f13 1 9834 9840 -edge_87_0_+disjointig_14_0_19372 6537 16370 19372 -1 -1 9771 0.000857213
Chain
	Aln	527	+1f849a29-2dc2-476a-8ff6-eb0b159aeab6 17 5009 5017 -edge_264_0_+disjointig_79_0_13527 5448 10440 13527 -1 -1 4962 0.00135261
Chain
	Aln	526	-1f849a29-2dc2-476a-8ff6-eb0b159aeab6 7 4999 5017 +edge_264_0_+disjointig_79_0_13527 3086 8078 13527 -1 -1 4962 0.00135261
Chain
	Aln	599	+7e156ac4-17cf-4656-849a-a24f29182114 2 4701 4706 -edge_300_0_+disjointig_183_0_42239 1692 6387 42239 -1 -1 4592 0.00136486
Chain
	Aln	598	-7e156ac4-17cf-4656-849a-a24f29182114 4 4703 4706 +edge_300_0_+disjointig_183_0_42239 35851 40546 42239 -1 -1 4592 0.00136486
Chain
	Aln	619	+07f77cc8-1850-41b9-ba21-d3936698c0f9 11 3175 3183 -edge_310_0_+disjointig_26_14870_67398 14193 17359 52528 -1 -1 3150 0.00166979
Chain
	Aln	618	-07f77cc8-1850-41b9-ba21-d3936698c0f9 7 3171 3183 +edge_310_0_+disjointig_26_14870_67398 35168 38334 52528 -1 -1 3150 0.00166979
Chain
	Aln	526	+ae6d71a8-dafa-48ad-bac7-a49b8109faeb 12 3532 4283 +edge_264_0_+disjointig_79_0_13527 10002 13522 13527 -1 -1 3197 0.0107166
Chain
	Aln	527	-ae6d71a8-dafa-48ad-bac7-a49b8109faeb 750 4270 4283 -edge_264_0_+disjointig_79_0_13527 4 3524 13527 -1 -1 3197 0.0107166
Chain
	Aln	193	+5a1842e0-afda-48f0-9701-8736f84cc7b0 1 5781 5784 -edge_97_0_+disjointig_148_0_17767 3165 8918 17767 -1 -1 5700 0.000347679
Chain
	Aln	192	-5a1842e0-afda-48f0-9701-8736f84cc7b0 2 5782 5784 +edge_97_0_+disjointig_148_0_17767 8848 14601 17767 -1 -1 5700 0.000347679
Chain
	Aln	526	+745da72d-f313-4bf3-bf16-6aef3a12b7c5 15 7336 7345 +edge_264_0_+disjointig_79_0_13527 2494 9831 13527 -1 -1 7057 0.00351261
Chain
	Aln	527	-745da72d-f313-4bf3-bf16-6aef3a12b7c5 8 7329 7345 -edge_264_0_+disjointig_79_0_13527 3695 11032 13527 -1 -1 7057 0.00351261
Chain
	Aln	28	+c5ff179c-729f-4d25-9ce3-87be5dadec5d 1473 9492 9500 +edge_15_0_+disjointig_103_0_8058 20 8051 8058 -1 -1 7816 0.00170762
Chain
	Aln	29	-c5ff179c-729f-4d25-9ce3-87be5dadec5d 7 8026 9500 -edge_15_0_+disjointig_103_0_8058 6 8037 8058 -1 -1 7816 0.00170762
Chain
	Aln	3	+ac66e0a8-c2e6-4faf-9188-4b13ad534966 8 2142 2146 -edge_2_0_+disjointig_10_0_15894 4384 6518 15894 -1 -1 2126 0.000190447
Chain
	Aln	2	-ac66e0a8-c2e6-4faf-9188-4b13ad534966 3 2137 2146 +edge_2_0_+disjointig_10_0_15894 9375 11509 15894 -1 -1 2126 0.000190447
Chain
	Aln	484	+c77edc7b-b8c1-4261-aff4-bd29b93805c0 4 1390 1395 +edge_243_0_+disjointig_56_0_49321 33748 35134 49321 -1 -1 1386 0.00309612
Chain
	Aln	485	-c77edc7b-b8c1-4261-aff4-bd29b93805c0 4 1390 1395 -edge_243_0_+disjointig_56_0_49321 14186 15572 49321 -1 -1 1386 0.00309612
Chain
	Aln	566	+855121b7-ee21-4c43-9d8f-90188c9cb6c0 114 3148 3157 +edge_284_3_-disjointig_27_13072_16662 3 3052 3590 -1 -1 2920 0.00441011
Chain
	Aln	567	-855121b7-ee21-4c43-9d8f-90188c9cb6c0 8 3042 3157 -edge_284_3_-disjointig_27_13072_16662 537 3586 3590 -1 -1 2920 0.00441011
Chain
	Aln	553	+99643681-2871-49e1-8050-a86031dabc48 7 3848 3850 -edge_277_0_+disjointig_91_0_11256 6 3836 11256 -1 -1 3790 0.0006989
Chain
	Aln	552	-99643681-2871-49e1-8050-a86031dabc48 1 3842 3850 +edge_277_0_+disjointig_91_0_11256 7419 11249 11256 -1 -1 3790 0.0006989
Chain
	Aln	569	+9bdee2b7-cd86-477c-8a05-da5ac5ac546f 7 1641 1647 -edge_285_0_+disjointig_92_0_14753 822 2456 14753 -1 -1 1628 0.00135807
Chain
	Aln	568	-9bdee2b7-cd86-477c-8a05-da5ac5ac546f 5 1639 1647 +edge_285_0_+disjointig_92_0_14753 12296 13930 14753 -1 -1 1628 0.00135807
Chain
	Aln	400	+034ce23e-98fb-4702-84ac-57f678375511 25 1371 1377 +edge_201_0_+disjointig_25_3216_27003 12886 14204 23787 -1 -1 1229 0.00873603
Chain
	Aln	401	-034ce23e-98fb-4702-84ac-57f678375511 5 1351 1377 -edge_201_0_+disjointig_25_3216_27003 9582 10900 23787 -1 -1 1229 0.00873603
Chain
	Aln	350	+54dcb17f-a56b-4cf1-91ec-0131a4f870e1 25 1143 1500 +edge_176_0_+disjointig_2_0_2718 1593 2711 2718 -1 -1 1105 0.0046421
Chain
	Aln	351	-54dcb17f-a56b-4cf1-91ec-0131a4f870e1 356 1474 1500 -edge_176_0_+disjointig_2_0_2718 6 1124 2718 -1 -1 1105 0.0046421
Chain
	Aln	29	+18adb1ff-89c1-424f-9b48-1acc673e11ac 13 1722 1727 -edge_15_0_+disjointig_103_0_8058 2125 3835 8058 -1 -1 1705 0
Chain
	Aln	28	-18adb1ff-89c1-424f-9b48-1acc673e11ac 4 1713 1727 +edge_15_0_+disjointig_103_0_8058 4222 5932 8058 -1 -1 1705 0
Chain
	Aln	524	+0069652f-fdbd-402c-851c-50770331539f 1130 10699 10705 +edge_263_0_+disjointig_78_0_9581 1 9576 9581 -1 -1 9444 0.00182878
Chain
	Aln	525	-0069652f-fdbd-402c-851c-50770331539f 5 9574 10705 -edge_263_0_+disjointig_78_0_9581 4 9579 9581 -1 -1 9444 0.00182878
Chain
	Aln	333	+d8b1ca2f-c426-4d16-b673-fb2365dc8376 29 3527 3540 -edge_167_0_+disjointig_195_0_14225 10706 14209 14225 -1 -1 3411 0.00256316
Chain
	Aln	332	-d8b1ca2f-c426-4d16-b673-fb2365dc8376 12 3510 3540 +edge_167_0_+disjointig_195_0_14225 15 3518 14225 -1 -1 3411 0.00256316
Chain
	Aln	347	+569a4daf-b4b4-4fd4-aa73-195663390793 1275 4855 6036 -edge_174_0_+disjointig_198_0_3589 13 3588 3589 -1 -1 3487 0.00316768
Chain
	Aln	346	-569a4daf-b4b4-4fd4-aa73-195663390793 1180 4760 6036 +edge_174_0_+disjointig_198_0_3589 0 3575 3589 -1 -1 3487 0.00316768
Chain
	Aln	51	+15bfe2cd-945c-4fc7-bb55-6c72e9e13e0e 15 2972 2978 -edge_26_0_+disjointig_108_0_6734 3769 6728 6734 -1 -1 2940 0.00173561
Chain
	Aln	50	-15bfe2cd-945c-4fc7-bb55-6c72e9e13e0e 5 2962 2978 +edge_26_0_+disjointig_108_0_6734 5 2964 6734 -1 -1 2940 0.00173561
Chain
	Aln	492	+fd8dbe91-0dc5-43d7-b718-2b928f967d28 13 5154 5157 +edge_247_0_+disjointig_6_0_23019 5008 10144 23019 -1 -1 5049 0.00131093
Chain
	Aln	493	-fd8dbe91-0dc5-43d7-b718-2b928f967d28 2 5143 5157 -edge_247_0_+disjointig_6_0_23019 12874 18010 23019 -1 -1 5049 0.00131093
Chain
	Aln	168	+b9b8be06-0188-45da-a823-18d9b6bd1d85 46 5155 5157 +edge_85_0_+disjointig_138_0_19002 4028 9139 19002 -1 -1 5057 0.00155133
Chain
	Aln	169	-b9b8be06-0188-45da-a823-18d9b6bd1d85 1 5110 5157 -edge_85_0_+disjointig_138_0_19002 9862 14973 19002 -1 -1 5057 0.00155133
Chain
	Aln	33	+f3993e99-b7ba-4cd7-b26f-033e07d1e0d2 707 4813 4815 -edge_17_0_+disjointig_105_0_37204 8 4114 37204 -1 -1 4083 0.00041108
Chain
	Aln	32	-f3993e99-b7ba-4cd7-b26f-033e07d1e0d2 1 4107 4815 +edge_17_0_+disjointig_105_0_37204 33089 37195 37204 -1 -1 4083 0.00041108
Chain
	Aln	260	+d57f7b1f-0a18-4231-9202-e0ea32ad11a0 3 9115 9120 +edge_131_0_+disjointig_174_0_9837 3 9056 9837 -1 -1 8482 0.00468457
Chain
	Aln	261	-d57f7b1f-0a18-4231-9202-e0ea32ad11a0 4 9116 9120 -edge_131_0_+disjointig_174_0_9837 780 9833 9837 -1 -1 8482 0.00468457
Chain
	Aln	140	+8094302b-5713-4fc4-bf40-349d48ae36f9 35 2612 2617 +edge_71_0_-disjointig_29_9063_25753 4989 7566 16690 -1 -1 2203 0.0160583
Chain
	Aln	141	-8094302b-5713-4fc4-bf40-349d48ae36f9 4 2581 2617 -edge_71_0_-disjointig_29_9063_25753 9123 11700 16690 -1 -1 2203 0.0160583
Chain
	Aln	619	+94b29d8b-22d5-474f-a63e-21740d091c2d 11 1165 1170 -edge_310_0_+disjointig_26_14870_67398 35642 36798 52528 -1 -1 1080 0.00788014
Chain
	Aln	618	-94b29d8b-22d5-474f-a63e-21740d091c2d 4 1158 1170 +edge_310_0_+disjointig_26_14870_67398 15729 16885 52528 -1 -1 1080 0.00788014
Chain
	Aln	540	+5af23043-f96e-4589-b302-a0f25b7e71a6 2 4715 4718 +edge_271_0_+disjointig_86_0_15259 2 4720 15259 -1 -1 4525 0.00339906
Chain
	Aln	541	-5af23043-f96e-4589-b302-a0f25b7e71a6 2 4715 4718 -edge_271_0_+disjointig_86_0_15259 10538 15256 15259 -1 -1 4525 0.00339906
Chain
	Aln	422	+1fcbf559-8abc-4bf9-ab22-2a70c4770c7b 9 4315 4319 +edge_212_0_+disjointig_23_0_33555 9 4322 33555 -1 -1 4261 0.00188678
Chain
	Aln	423	-1fcbf559-8abc-4bf9-ab22-2a70c4770c7b 3 4309 4319 -edge_212_0_+disjointig_23_0_33555 29232 33545 33555 -1 -1 4261 0.00188678
Chain
	Aln	458	+eb8d3104-cde6-401e-800a-44acb91e38fb 1 1860 1870 +edge_230_0_+disjointig_46_0_27645 18664 20527 27645 -1 -1 1809 0.0025305
Chain
	Aln	459	-eb8d3104-cde6-401e-800a-44acb91e38fb 9 1868 1870 -edge_230_0_+disjointig_46_0_27645 7117 8980 27645 -1 -1 1809 0.0025305
Chain
	Aln	386	+00c58704-a38b-4645-8fca-ea23a3f37eef 4 1123 1128 +edge_194_0_+disjointig_214_0_17837 9568 10687 17837 -1 -1 1112 0.000741231
Chain
	Aln	387	-00c58704-a38b-4645-8fca-ea23a3f37eef 4 1123 1128 -edge_194_0_+disjointig_214_0_17837 7149 8268 17837 -1 -1 1112 0.000741231
Chain
	Aln	323	+470d76ec-392b-47c3-974c-8a8706763be7 16 4070 4072 -edge_162_0_+disjointig_190_0_4075 15 4073 4075 -1 -1 3975 0.00149958
Chain
	Aln	322	-470d76ec-392b-47c3-974c-8a8706763be7 1 4055 4072 +edge_162_0_+disjointig_190_0_4075 1 4059 4075 -1 -1 3975 0.00149958
Chain
	Aln	491	+e50701e4-aa16-4ff1-a388-ac3e88e06ad3 8 1039 2296 -edge_246_0_+disjointig_59_0_11538 10510 11537 11538 -1 -1 1001 0.00277814
Chain
	Aln	490	-e50701e4-aa16-4ff1-a388-ac3e88e06ad3 1256 2287 2296 +edge_246_0_+disjointig_59_0_11538 0 1027 11538 -1 -1 1001 0.00277814
Chain
	Aln	31	+c29de797-eec8-4794-acbe-abc3384f0ec3 9 3869 3876 -edge_16_0_+disjointig_104_0_24625 9175 13031 24625 -1 -1 3795 0.00220027
Chain
	Aln	30	-c29de797-eec8-4794-acbe-abc3384f0ec3 6 3866 3876 +edge_16_0_+disjointig_104_0_24625 11593 15449 24625 -1 -1 3795 0.00220027
Chain
	Aln	325	+cf3a8737-4042-47fd-9fb0-b8c603e5eb08 4 3982 5282 -edge_163_0_+disjointig_191_0_5780 1789 5779 5780 -1 -1 3718 0.0085955
Chain
	Aln	324	-cf3a8737-4042-47fd-9fb0-b8c603e5eb08 1299 5277 5282 +edge_163_0_+disjointig_191_0_5780 0 3990 5780 -1 -1 3718 0.0085955
Chain
	Aln	110	+64677603-f518-49f3-b55a-514c20824eb5 42 1213 1217 +edge_56_0_+disjointig_121_0_39451 13900 15071 39451 -1 -1 1169 0.00341315
Chain
	Aln	111	-64677603-f518-49f3-b55a-514c20824eb5 3 1174 1217 -edge_56_0_+disjointig_121_0_39451 24379 25550 39451 -1 -1 1169 0.00341315
Chain
	Aln	59	+a6126220-bc85-4216-a605-b36d6b7166e2 5 3175 3181 -edge_30_0_+disjointig_111_0_22964 19788 22958 22964 -1 -1 3138 0.000697355
Chain
	Aln	58	-a6126220-bc85-4216-a605-b36d6b7166e2 5 3175 3181 +edge_30_0_+disjointig_111_0_22964 5 3175 22964 -1 -1 3138 0.000697355
Chain
	Aln	566	+32f7ecd0-a2cb-45ac-b0d0-1bb4491e090f 13 2724 4829 +edge_284_3_-disjointig_27_13072_16662 863 3587 3590 -1 -1 2669 0.00244052
	Aln	16	+32f7ecd0-a2cb-45ac-b0d0-1bb4491e090f 2736 4014 4829 +edge_9_3_-disjointig_27_16662_17955 9 1286 1293 -1 -1 1260 0.00162817
Chain
	Aln	17	-32f7ecd0-a2cb-45ac-b0d0-1bb4491e090f 814 2092 4829 -edge_9_3_-disjointig_27_16662_17955 6 1283 1293 -1 -1 1260 0.00162817
	Aln	567	-32f7ecd0-a2cb-45ac-b0d0-1bb4491e090f 2104 4815 4829 -edge_284_3_-disjointig_27_13072_16662 2 2726 3590 -1 -1 2669 0.00244052
Chain
	Aln	523	+c45f0eb5-08a1-4194-a9bc-089d3bb4a354 21 4123 4127 -edge_262_0_+disjointig_77_0_16459 10096 14200 16459 -1 -1 4070 0.00274055
Chain
	Aln	522	-c45f0eb5-08a1-4194-a9bc-089d3bb4a354 3 4105 4127 +edge_262_0_+disjointig_77_0_16459 2258 6362 16459 -1 -1 4070 0.00274055
Chain
	Aln	307	+264ed798-24fb-44b9-9be2-5972980f54ed 6 2419 2424 -edge_154_0_+disjointig_185_0_10128 1679 4096 10128 -1 -1 2372 0.00128745
Chain
	Aln	306	-264ed798-24fb-44b9-9be2-5972980f54ed 4 2417 2424 +edge_154_0_+disjointig_185_0_10128 6031 8448 10128 -1 -1 2372 0.00128745
Chain
	Aln	567	+1c9e9478-7d8f-4668-9dfc-0234348bf366 11 1012 1015 -edge_284_0_+disjointig_101_794_4382 1752 2753 3588 -1 -1 956 0.00621953
Chain
	Aln	566	-1c9e9478-7d8f-4668-9dfc-0234348bf366 2 1003 1015 +edge_284_0_+disjointig_101_794_4382 834 1835 3588 -1 -1 956 0.00621953
Chain
	Aln	314	+260fb342-5753-4ffa-8592-87a0d9f4081a 21 1470 1478 +edge_158_0_+disjointig_189_0_6615 2327 3778 6615 -1 -1 1420 0.000818105
Chain
	Aln	315	-260fb342-5753-4ffa-8592-87a0d9f4081a 7 1456 1478 -edge_158_0_+disjointig_189_0_6615 2836 4287 6615 -1 -1 1420 0.000818105
Chain
	Aln	400	+1dae8aca-800d-4c2d-bca6-e1075cc34f4f 16 2115 2140 +edge_201_0_+disjointig_25_3216_27003 11656 13736 23787 -1 -1 1970 0.00670257
Chain
	Aln	401	-1dae8aca-800d-4c2d-bca6-e1075cc34f4f 24 2123 2140 -edge_201_0_+disjointig_25_3216_27003 10050 12130 23787 -1 -1 1970 0.00670257
Chain
	Aln	349	+ef93deef-34a2-4d7b-a6c7-d2453534c65a 11 3625 3627 -edge_175_0_+disjointig_199_0_6777 10 3615 6777 -1 -1 3443 0.00636901
Chain
	Aln	348	-ef93deef-34a2-4d7b-a6c7-d2453534c65a 1 3615 3627 +edge_175_0_+disjointig_199_0_6777 3161 6766 6777 -1 -1 3443 0.00636901
Chain
	Aln	617	+d630ea23-e86e-4f41-8619-6a44dec8f786 13 1737 1742 -edge_309_0_+disjointig_24_7647_16416 6444 8167 8769 -1 -1 1717 0.00330322
Chain
	Aln	616	-d630ea23-e86e-4f41-8619-6a44dec8f786 4 1728 1742 +edge_309_0_+disjointig_24_7647_16416 601 2324 8769 -1 -1 1717 0.00330322
Chain
	Aln	549	+2793bc5f-ab54-4237-81b9-cf0f2e4f895c 6 2280 2283 -edge_275_0_+disjointig_9_0_50887 2696 4970 50887 -1 -1 2267 0
Chain
	Aln	548	-2793bc5f-ab54-4237-81b9-cf0f2e4f895c 2 2276 2283 +edge_275_0_+disjointig_9_0_50887 45916 48190 50887 -1 -1 2267 0
Chain
	Aln	201	+f39fe620-a33f-4ade-94ea-10e776be1771 2 5548 5554 -edge_101_0_+disjointig_152_0_16051 6490 12035 16051 -1 -1 5476 0.000814993
Chain
	Aln	200	-f39fe620-a33f-4ade-94ea-10e776be1771 5 5551 5554 +edge_101_0_+disjointig_152_0_16051 4015 9560 16051 -1 -1 5476 0.000814993
Chain
	Aln	598	+d5824234-5589-446b-be30-cffe9eae9fba 2 3062 3064 +edge_300_0_+disjointig_183_0_42239 12645 15705 42239 -1 -1 3041 0.00116402
Chain
	Aln	599	-d5824234-5589-446b-be30-cffe9eae9fba 1 3061 3064 -edge_300_0_+disjointig_183_0_42239 26533 29593 42239 -1 -1 3041 0.00116402
Chain
	Aln	510	+6d29891c-816a-4613-aa96-90fdd81b6250 2 2702 2710 +edge_256_0_+disjointig_72_0_15554 3177 5875 15554 -1 -1 2665 0
Chain
	Aln	511	-6d29891c-816a-4613-aa96-90fdd81b6250 7 2707 2710 -edge_256_0_+disjointig_72_0_15554 9678 12376 15554 -1 -1 2665 0
Chain
	Aln	457	+afb795b8-163d-4ae6-bb68-74b2dc55a1e3 9 2003 2007 -edge_229_0_+disjointig_45_0_21421 19427 21420 21421 -1 -1 1904 0.00420672
Chain
	Aln	456	-afb795b8-163d-4ae6-bb68-74b2dc55a1e3 3 1997 2007 +edge_229_0_+disjointig_45_0_21421 0 1993 21421 -1 -1 1904 0.00420672
Chain
	Aln	192	+929a1b9d-e3e9-4a6a-82e6-40aac903655e 4 1014 1018 +edge_97_0_+disjointig_148_0_17767 12985 13996 17767 -1 -1 1005 0
Chain
	Aln	193	-929a1b9d-e3e9-4a6a-82e6-40aac903655e 3 1013 1018 -edge_97_0_+disjointig_148_0_17767 3770 4781 17767 -1 -1 1005 0
Chain
	Aln	532	+1b715386-2d1c-42ba-81f4-9111938771ba 20 4807 4812 +edge_267_0_+disjointig_81_0_35154 14241 19236 35154 -1 -1 4139 0.0133923
Chain
	Aln	533	-1b715386-2d1c-42ba-81f4-9111938771ba 4 4791 4812 -edge_267_0_+disjointig_81_0_35154 15917 20912 35154 -1 -1 4139 0.0133923
Chain
	Aln	193	+169dba39-128e-4df5-83e7-826b895fac51 7 1011 1020 -edge_97_0_+disjointig_148_0_17767 3754 4757 17767 -1 -1 990 0
Chain
	Aln	192	-169dba39-128e-4df5-83e7-826b895fac51 8 1012 1020 +edge_97_0_+disjointig_148_0_17767 13009 14012 17767 -1 -1 990 0
Chain
	Aln	56	+4c61954c-7ba9-41cd-bca5-a36050c7fbbd 369 5534 5543 +edge_29_0_+disjointig_110_0_5172 1 5164 5172 -1 -1 5080 0.00456814
Chain
	Aln	57	-4c61954c-7ba9-41cd-bca5-a36050c7fbbd 8 5173 5543 -edge_29_0_+disjointig_110_0_5172 7 5170 5172 -1 -1 5080 0.00456814
Chain
	Aln	529	+7d134652-8ece-4d2a-9eae-3a3f13d2abd3 14 3785 3788 -edge_265_0_+disjointig_8_0_6402 13 3784 6402 -1 -1 3736 0.0010909
Chain
	Aln	528	-7d134652-8ece-4d2a-9eae-3a3f13d2abd3 2 3773 3788 +edge_265_0_+disjointig_8_0_6402 2617 6388 6402 -1 -1 3736 0.0010909
Chain
	Aln	580	+bbed0a2c-6766-4b38-a7de-cde686304ca0 2156 4589 4594 +edge_291_0_+disjointig_149_0_8169 28 2547 8169 -1 -1 2071 0.0132465
Chain
	Aln	581	-bbed0a2c-6766-4b38-a7de-cde686304ca0 4 2437 4594 -edge_291_0_+disjointig_149_0_8169 5621 8140 8169 -1 -1 2071 0.0132465
Chain
	Aln	380	+292f0d75-b01d-4d2c-8128-e5cec500094f 23 6567 6570 +edge_191_0_+disjointig_211_0_17218 7372 13915 17218 -1 -1 6410 0.00122683
Chain
	Aln	381	-292f0d75-b01d-4d2c-8128-e5cec500094f 2 6546 6570 -edge_191_0_+disjointig_211_0_17218 3302 9845 17218 -1 -1 6410 0.00122683
Chain
	Aln	348	+35582ef9-9db1-4c16-84cd-8347ecdafacd 9 1036 1044 +edge_175_0_+disjointig_199_0_6777 5393 6421 6777 -1 -1 1020 0.00129949
Chain
	Aln	349	-35582ef9-9db1-4c16-84cd-8347ecdafacd 7 1034 1044 -edge_175_0_+disjointig_199_0_6777 355 1383 6777 -1 -1 1020 0.00129949
Chain
	Aln	231	+7f14c896-a832-47cc-a1a7-c964a889516d 5 2575 2583 -edge_116_0_+disjointig_163_0_9677 2981 5551 9677 -1 -1 2531 0
Chain
	Aln	230	-7f14c896-a832-47cc-a1a7-c964a889516d 7 2577 2583 +edge_116_0_+disjointig_163_0_9677 4125 6695 9677 -1 -1 2531 0
Chain
	Aln	377	+5bfd1461-69df-4477-87e4-c95a1c413884 14 13473 13476 -edge_189_0_+disjointig_21_0_14470 13 13546 14470 -1 -1 12336 0.00817602
Chain
	Aln	376	-5bfd1461-69df-4477-87e4-c95a1c413884 2 13461 13476 +edge_189_0_+disjointig_21_0_14470 923 14456 14470 -1 -1 12336 0.00817602
Chain
	Aln	125	+b841a2c0-0b0d-4149-b61d-b235b78644f0 647 11444 11446 -edge_63_0_+disjointig_129_0_10708 10 10706 10708 -1 -1 10420 0.00354296
Chain
	Aln	124	-b841a2c0-0b0d-4149-b61d-b235b78644f0 1 10798 11446 +edge_63_0_+disjointig_129_0_10708 1 10697 10708 -1 -1 10420 0.00354296
Chain
	Aln	55	+7dde232f-2484-4853-bcb8-dada7a0fdb14 13 3727 3729 -edge_28_0_+disjointig_11_0_8931 5214 8929 8931 -1 -1 3662 0.0016326
Chain
	Aln	54	-7dde232f-2484-4853-bcb8-dada7a0fdb14 1 3715 3729 +edge_28_0_+disjointig_11_0_8931 1 3716 8931 -1 -1 3662 0.0016326
Chain
	Aln	557	+f5dee8e2-b65e-4200-89cb-88060b402eb6 7 3840 6657 -edge_279_0_+disjointig_94_0_11499 7661 11498 11499 -1 -1 3582 0.00909483
Chain
	Aln	556	-f5dee8e2-b65e-4200-89cb-88060b402eb6 2816 6649 6657 +edge_279_0_+disjointig_94_0_11499 0 3837 11499 -1 -1 3582 0.00909483
Chain
	Aln	102	+7edf3feb-c1e4-426a-b7bf-f7690f9d9e7c 4 1690 2219 +edge_52_0_+disjointig_37_9098_13898 3103 4789 4800 -1 -1 1628 0.00139696
Chain
	Aln	103	-7edf3feb-c1e4-426a-b7bf-f7690f9d9e7c 528 2214 2219 -edge_52_0_+disjointig_37_9098_13898 10 1696 4800 -1 -1 1628 0.00139696
Chain
	Aln	548	+d7e53ab9-c474-4c07-a742-91855918c183 7 1055 1057 +edge_275_0_+disjointig_9_0_50887 46210 47256 50887 -1 -1 930 0.00714132
Chain
	Aln	549	-d7e53ab9-c474-4c07-a742-91855918c183 1 1049 1057 -edge_275_0_+disjointig_9_0_50887 3630 4676 50887 -1 -1 930 0.00714132
Chain
	Aln	287	+e0735a21-d8ad-4574-aba9-66c507e5f417 10 3586 3589 -edge_144_0_+disjointig_180_0_22896 9 3589 22896 -1 -1 3490 0.00384216
Chain
	Aln	286	-e0735a21-d8ad-4574-aba9-66c507e5f417 2 3578 3589 +edge_144_0_+disjointig_180_0_22896 19306 22886 22896 -1 -1 3490 0.00384216
Chain
	Aln	291	+3fa05251-ba5d-4d38-82b8-049866c673b2 15 1794 1796 -edge_146_0_+disjointig_182_0_5974 2226 4019 5974 -1 -1 1621 0.0139527
Chain
	Aln	290	-3fa05251-ba5d-4d38-82b8-049866c673b2 1 1780 1796 +edge_146_0_+disjointig_182_0_5974 1954 3747 5974 -1 -1 1621 0.0139527
Chain
	Aln	92	+ccc3bd2f-d58c-4dcb-b7b1-045161527c54 9 6125 6147 +edge_47_0_+disjointig_12_0_8990 301 6417 8990 -1 -1 6058 0.00249552
Chain
	Aln	93	-ccc3bd2f-d58c-4dcb-b7b1-045161527c54 21 6137 6147 -edge_47_0_+disjointig_12_0_8990 2572 8688 8990 -1 -1 6058 0.00249552
Chain
	Aln	549	+606dfb22-46a3-428e-8455-aab57f7ac097 10 14582 14591 -edge_275_0_+disjointig_9_0_50887 30952 45503 50887 -1 -1 14320 0.00175424
Chain
	Aln	548	-606dfb22-46a3-428e-8455-aab57f7ac097 8 14580 14591 +edge_275_0_+disjointig_9_0_50887 5383 19934 50887 -1 -1 14320 0.00175424
Chain
	Aln	543	+c4667cae-76fb-4893-aad7-ae82b59c473e 524 3563 4130 -edge_272_0_+disjointig_87_0_3064 11 3050 3064 -1 -1 2998 0.00398753
Chain
	Aln	542	-c4667cae-76fb-4893-aad7-ae82b59c473e 566 3605 4130 +edge_272_0_+disjointig_87_0_3064 13 3052 3064 -1 -1 2998 0.00398753
Chain
	Aln	490	+8e1b8287-48a6-4b92-a0fa-6c6b42487fd2 4 8791 8799 +edge_246_0_+disjointig_59_0_11538 957 9752 11538 -1 -1 8627 0.00264034
Chain
	Aln	491	-8e1b8287-48a6-4b92-a0fa-6c6b42487fd2 7 8794 8799 -edge_246_0_+disjointig_59_0_11538 1785 10580 11538 -1 -1 8627 0.00264034
Chain
	Aln	30	+35ece9ba-e59d-4f60-8d14-d5a0a42c39f6 9 4815 4818 +edge_16_0_+disjointig_104_0_24625 10492 15300 24625 -1 -1 4783 0.000695976
Chain
	Aln	31	-35ece9ba-e59d-4f60-8d14-d5a0a42c39f6 2 4808 4818 -edge_16_0_+disjointig_104_0_24625 9324 14132 24625 -1 -1 4783 0.000695976
Chain
	Aln	422	+a4af0441-b50d-44f7-9098-c7fbfd8f3cef 3 3704 3707 +edge_212_0_+disjointig_23_0_33555 13366 17057 33555 -1 -1 3564 0.00342332
Chain
	Aln	423	-a4af0441-b50d-44f7-9098-c7fbfd8f3cef 2 3703 3707 -edge_212_0_+disjointig_23_0_33555 16497 20188 33555 -1 -1 3564 0.00342332
Chain
	Aln	91	+a4edd80d-042b-4004-ade7-7c98c063905d 10 9238 9241 -edge_46_0_+disjointig_119_0_19618 9632 18863 19618 -1 -1 9187 0
Chain
	Aln	90	-a4edd80d-042b-4004-ade7-7c98c063905d 2 9230 9241 +edge_46_0_+disjointig_119_0_19618 754 9985 19618 -1 -1 9187 0
Chain
	Aln	21	+a00a7d1f-4cad-4aff-8087-b1bb22d8ff47 35 5347 5349 -edge_11_0_+disjointig_101_5646_16918 37 5356 11272 -1 -1 5162 0.00415954
Chain
	Aln	20	-a00a7d1f-4cad-4aff-8087-b1bb22d8ff47 1 5313 5349 +edge_11_0_+disjointig_101_5646_16918 5915 11234 11272 -1 -1 5162 0.00415954
Chain
	Aln	365	+5ddd6c22-5487-4891-bedf-e7d5bd0d01ca 2 5849 5868 -edge_183_0_+disjointig_203_0_8381 2551 8369 8381 -1 -1 5569 0.00458117
Chain
	Aln	364	-5ddd6c22-5487-4891-bedf-e7d5bd0d01ca 18 5865 5868 +edge_183_0_+disjointig_203_0_8381 11 5829 8381 -1 -1 5569 0.00458117
Chain
	Aln	381	+440c99b0-bf1b-4cd2-afa6-b46c75019524 31 1998 2003 -edge_191_0_+disjointig_211_0_17218 7950 9917 17218 -1 -1 1932 0.00393235
Chain
	Aln	380	-440c99b0-bf1b-4cd2-afa6-b46c75019524 4 1971 2003 +edge_191_0_+disjointig_211_0_17218 7300 9267 17218 -1 -1 1932 0.00393235
Chain
	Aln	422	+88ea7720-1f93-4d6b-808b-f0835f873b51 14 2614 2619 +edge_212_0_+disjointig_23_0_33555 6756 9388 33555 -1 -1 1993 0.0245196
Chain
	Aln	423	-88ea7720-1f93-4d6b-808b-f0835f873b51 4 2604 2619 -edge_212_0_+disjointig_23_0_33555 24166 26798 33555 -1 -1 1993 0.0245196
Chain
	Aln	65	+3c268c36-d28c-45be-8667-a7eac19613d4 12 1764 1766 -edge_33_0_+disjointig_114_0_23907 21874 23627 23907 -1 -1 1732 0.00117756
Chain
	Aln	64	-3c268c36-d28c-45be-8667-a7eac19613d4 1 1753 1766 +edge_33_0_+disjointig_114_0_23907 279 2032 23907 -1 -1 1732 0.00117756
Chain
	Aln	527	+3ac23326-9925-4bea-a1c1-d629e84a5d1c 7 3564 3572 -edge_264_0_+disjointig_79_0_13527 4069 7628 13527 -1 -1 3523 0.00130839
Chain
	Aln	526	-3ac23326-9925-4bea-a1c1-d629e84a5d1c 7 3564 3572 +edge_264_0_+disjointig_79_0_13527 5898 9457 13527 -1 -1 3523 0.00130839
Chain
	Aln	493	+ecefb6e0-29bd-4691-99c5-9dbe8d664332 6 1365 1390 -edge_247_0_+disjointig_6_0_23019 11502 12856 23019 -1 -1 1164 0.0180432
Chain
	Aln	492	-ecefb6e0-29bd-4691-99c5-9dbe8d664332 24 1383 1390 +edge_247_0_+disjointig_6_0_23019 10162 11516 23019 -1 -1 1164 0.0180432
Chain
	Aln	327	+edd1be27-1b4f-46ca-8d2c-59e96e27e2f0 69 5162 5420 -edge_164_0_+disjointig_192_0_6857 1574 6856 6857 -1 -1 4618 0.00663861
Chain
	Aln	326	-edd1be27-1b4f-46ca-8d2c-59e96e27e2f0 257 5350 5420 +edge_164_0_+disjointig_192_0_6857 0 5282 6857 -1 -1 4618 0.00663861
Chain
	Aln	459	+80d80f71-ff1d-457b-8b4b-afe6b1927dee 13 8225 8233 -edge_230_0_+disjointig_46_0_27645 2525 10772 27645 -1 -1 7993 0.00264722
Chain
	Aln	458	-80d80f71-ff1d-457b-8b4b-afe6b1927dee 7 8219 8233 +edge_230_0_+disjointig_46_0_27645 16872 25119 27645 -1 -1 7993 0.00264722
Chain
	Aln	221	+ab8394e4-6497-40e7-b324-715dc90937f5 18 5476 8762 -edge_111_0_+disjointig_159_0_5478 17 5477 5478 -1 -1 5442 0
Chain
	Aln	220	-ab8394e4-6497-40e7-b324-715dc90937f5 3285 8743 8762 +edge_111_0_+disjointig_159_0_5478 0 5460 5478 -1 -1 5442 0
Chain
	Aln	135	+9e6574b7-4511-47d0-b6bd-b38e909fd51d 12 12789 12805 -edge_68_0_+disjointig_133_0_30405 11 12804 30405 -1 -1 11877 0.00650758
Chain
	Aln	134	-9e6574b7-4511-47d0-b6bd-b38e909fd51d 15 12792 12805 +edge_68_0_+disjointig_133_0_30405 17600 30393 30405 -1 -1 11877 0.00650758
Chain
	Aln	522	+7baa4b58-20c2-46a4-83b5-c85a407fb7ee 14 2374 2379 +edge_262_0_+disjointig_77_0_16459 4517 6870 16459 -1 -1 2287 0.00520217
Chain
	Aln	523	-7baa4b58-20c2-46a4-83b5-c85a407fb7ee 4 2364 2379 -edge_262_0_+disjointig_77_0_16459 9588 11941 16459 -1 -1 2287 0.00520217
Chain
	Aln	514	+f5a82a23-69cd-4be9-b186-4bf08ee13e4e 24 1413 4111 +edge_258_1_+disjointig_98_23_1421 1 1390 1398 -1 -1 1375 0.00200032
	Aln	516	+f5a82a23-69cd-4be9-b186-4bf08ee13e4e 1423 3068 4111 +edge_259_0_+disjointig_74_1902_3556 2 1646 1654 -1 -1 1633 0.00175273
	Aln	611	+f5a82a23-69cd-4be9-b186-4bf08ee13e4e 3083 4109 4111 -edge_306_0_-disjointig_98_14915_17113 14 1040 2198 -1 -1 1014 0.00118494
Chain
	Aln	610	-f5a82a23-69cd-4be9-b186-4bf08ee13e4e 1 1027 4111 +edge_306_0_-disjointig_98_14915_17113 1157 2183 2198 -1 -1 1014 0.00118494
	Aln	517	-f5a82a23-69cd-4be9-b186-4bf08ee13e4e 1042 2687 4111 -edge_259_0_+disjointig_74_1902_3556 7 1651 1654 -1 -1 1633 0.00175273
	Aln	515	-f5a82a23-69cd-4be9-b186-4bf08ee13e4e 2697 4086 4111 -edge_258_1_+disjointig_98_23_1421 7 1396 1398 -1 -1 1375 0.00200032
Chain
	Aln	619	+a66c1095-7e8c-4842-8715-d8de6bcd3cbc 10 3536 3557 -edge_310_0_+disjointig_26_14870_67398 792 4322 52528 -1 -1 3452 0.00301482
Chain
	Aln	618	-a66c1095-7e8c-4842-8715-d8de6bcd3cbc 20 3546 3557 +edge_310_0_+disjointig_26_14870_67398 48205 51735 52528 -1 -1 3452 0.00301482
Chain
	Aln	441	+d74380b1-cf44-404b-a81a-e3047c443c6e 23 1551 1646 -edge_221_0_+disjointig_36_0_10218 8679 10207 10218 -1 -1 1490 0.00431567
Chain
	Aln	440	-d74380b1-cf44-404b-a81a-e3047c443c6e 94 1622 1646 +edge_221_0_+disjointig_36_0_10218 10 1538 10218 -1 -1 1490 0.00431567
Chain
	Aln	200	+7db5cfe0-cf78-4800-a060-d7174158bd54 6 1066 1076 +edge_101_0_+disjointig_152_0_16051 1438 2497 16051 -1 -1 1044 0
Chain
	Aln	201	-7db5cfe0-cf78-4800-a060-d7174158bd54 9 1069 1076 -edge_101_0_+disjointig_152_0_16051 13553 14612 16051 -1 -1 1044 0
Chain
	Aln	615	+57bd55b3-2a2d-4127-a52d-e1c62be2c3e1 17 6029 6032 -edge_308_0_+disjointig_218_2200_18386 16 6031 16186 -1 -1 5686 0.00412325
Chain
	Aln	614	-57bd55b3-2a2d-4127-a52d-e1c62be2c3e1 2 6014 6032 +edge_308_0_+disjointig_218_2200_18386 10154 16169 16186 -1 -1 5686 0.00412325
Chain
	Aln	379	+02032ccf-e6c9-4eab-8f43-32f084910174 13 2726 2728 -edge_190_0_+disjointig_210_0_6468 3753 6466 6468 -1 -1 2681 0.00146102
Chain
	Aln	378	-02032ccf-e6c9-4eab-8f43-32f084910174 1 2714 2728 +edge_190_0_+disjointig_210_0_6468 1 2714 6468 -1 -1 2681 0.00146102
Chain
	Aln	584	+412b9154-6694-44fe-a5b9-79999b46ba50 12 21742 21818 +edge_293_0_+disjointig_147_0_35029 13282 35023 35029 -1 -1 21488 0.00111772
Chain
	Aln	585	-412b9154-6694-44fe-a5b9-79999b46ba50 75 21805 21818 -edge_293_0_+disjointig_147_0_35029 5 21746 35029 -1 -1 21488 0.00111772
Chain
	Aln	616	+e24adf24-3eb1-4d87-8c19-33bd481d74ad 8 1236 1241 +edge_309_0_+disjointig_24_7647_16416 7150 8369 8769 -1 -1 1130 0.00620896
Chain
	Aln	617	-e24adf24-3eb1-4d87-8c19-33bd481d74ad 4 1232 1241 -edge_309_0_+disjointig_24_7647_16416 399 1618 8769 -1 -1 1130 0.00620896
Chain
	Aln	116	+1be176b2-19b8-4cfe-a2c5-8a95ccfba3cd 342 18285 18309 +edge_59_0_+disjointig_124_0_25305 111 18047 25305 -1 -1 17691 0.00166502
Chain
	Aln	117	-1be176b2-19b8-4cfe-a2c5-8a95ccfba3cd 23 17966 18309 -edge_59_0_+disjointig_124_0_25305 7257 25193 25305 -1 -1 17691 0.00166502
Chain
	Aln	29	+438c7dc2-fef1-404f-bb02-600dd9f99e06 7 2473 2485 -edge_15_0_+disjointig_103_0_8058 1040 3506 8058 -1 -1 2326 0.00470923
Chain
	Aln	28	-438c7dc2-fef1-404f-bb02-600dd9f99e06 11 2477 2485 +edge_15_0_+disjointig_103_0_8058 4551 7017 8058 -1 -1 2326 0.00470923
Chain
	Aln	495	+f6c7e9c4-f02f-4692-81b8-943216bc9a62 11 12378 13411 -edge_248_0_+disjointig_60_0_12385 10 12384 12385 -1 -1 12286 0.0012385
Chain
	Aln	494	-f6c7e9c4-f02f-4692-81b8-943216bc9a62 1032 13399 13411 +edge_248_0_+disjointig_60_0_12385 0 12374 12385 -1 -1 12286 0.0012385
Chain
	Aln	619	+ca728b0a-8dcd-4ff1-a858-c400b389b499 4 7157 7207 -edge_310_0_+disjointig_26_14870_67398 5980 13130 52528 -1 -1 6725 0.00748418
Chain
	Aln	618	-ca728b0a-8dcd-4ff1-a858-c400b389b499 49 7202 7207 +edge_310_0_+disjointig_26_14870_67398 39397 46547 52528 -1 -1 6725 0.00748418
Chain
	Aln	502	+70867a0b-eb16-443c-9465-af550b4cb263 9 4406 4871 +edge_252_0_+disjointig_68_0_25931 21523 25920 25931 -1 -1 4324 0.00187162
Chain
	Aln	503	-70867a0b-eb16-443c-9465-af550b4cb263 464 4861 4871 -edge_252_0_+disjointig_68_0_25931 10 4407 25931 -1 -1 4324 0.00187162
Chain
	Aln	501	+dade0165-0329-4b9a-aaaf-e88b7ef2c423 4 1748 1752 -edge_251_0_+disjointig_66_0_3420 1401 3147 3420 -1 -1 1714 0.00365165
Chain
	Aln	500	-dade0165-0329-4b9a-aaaf-e88b7ef2c423 3 1747 1752 +edge_251_0_+disjointig_66_0_3420 272 2018 3420 -1 -1 1714 0.00365165
Chain
	Aln	410	+6bf9ce1c-6a53-4fd9-80fa-b71fbbc7b9dd 8 2279 2283 +edge_206_0_+disjointig_22_0_4000 681 2956 4000 -1 -1 2260 0
Chain
	Aln	411	-6bf9ce1c-6a53-4fd9-80fa-b71fbbc7b9dd 3 2274 2283 -edge_206_0_+disjointig_22_0_4000 1043 3318 4000 -1 -1 2260 0
Chain
	Aln	94	+d9b53105-7b6d-471e-a3cc-12a479b91045 19 2151 2155 +edge_48_0_+disjointig_120_0_12549 613 2738 12549 -1 -1 2069 0.00375877
Chain
	Aln	95	-d9b53105-7b6d-471e-a3cc-12a479b91045 3 2135 2155 -edge_48_0_+disjointig_120_0_12549 9810 11935 12549 -1 -1 2069 0.00375877
Chain
	Aln	458	+93a59179-ad4d-436a-99a0-c05eda5430d9 22 4760 5321 +edge_230_0_+disjointig_46_0_27645 16991 21730 27645 -1 -1 4695 0.000602931
Chain
	Aln	459	-93a59179-ad4d-436a-99a0-c05eda5430d9 560 5298 5321 -edge_230_0_+disjointig_46_0_27645 5914 10653 27645 -1 -1 4695 0.000602931
Chain
	Aln	327	+8665f749-c672-4829-b37f-742c553ec8b9 12 6754 6847 -edge_164_0_+disjointig_192_0_6857 11 6748 6857 -1 -1 6623 0.00272724
Chain
	Aln	326	-8665f749-c672-4829-b37f-742c553ec8b9 92 6834 6847 +edge_164_0_+disjointig_192_0_6857 108 6845 6857 -1 -1 6623 0.00272724
Chain
	Aln	228	+3bcdfcbc-4cc9-4536-ae60-20cf6234cce0 4 3057 3060 +edge_115_0_+disjointig_162_0_11767 4 3050 11767 -1 -1 2834 0.00779545
Chain
	Aln	229	-3bcdfcbc-4cc9-4536-ae60-20cf6234cce0 2 3055 3060 -edge_115_0_+disjointig_162_0_11767 8716 11762 11767 -1 -1 2834 0.00779545
Chain
	Aln	533	+31e76cb8-2e71-4a5f-bd89-dec1161ac0f2 2 2346 2361 -edge_267_0_+disjointig_81_0_35154 12039 14378 35154 -1 -1 2158 0.00820853
Chain
	Aln	532	-31e76cb8-2e71-4a5f-bd89-dec1161ac0f2 14 2358 2361 +edge_267_0_+disjointig_81_0_35154 20775 23114 35154 -1 -1 2158 0.00820853
Chain
	Aln	557	+23edf7f3-8b0d-401c-8bf7-95571728bcd1 21 4772 4820 -edge_279_0_+disjointig_94_0_11499 6685 11452 11499 -1 -1 3864 0.0224573
Chain
	Aln	556	-23edf7f3-8b0d-401c-8bf7-95571728bcd1 47 4798 4820 +edge_279_0_+disjointig_94_0_11499 46 4813 11499 -1 -1 3864 0.0224573
Chain
	Aln	193	+eeb1856a-70a5-4a35-84a9-47a56265bc9c 9 2106 2113 -edge_97_0_+disjointig_148_0_17767 10571 12669 17767 -1 -1 2083 0.00216671
Chain
	Aln	192	-eeb1856a-70a5-4a35-84a9-47a56265bc9c 6 2103 2113 +edge_97_0_+disjointig_148_0_17767 5097 7195 17767 -1 -1 2083 0.00216671
Chain
	Aln	33	+725dbcc5-48fb-49f3-a230-a16ea48181b2 20 1971 1974 -edge_17_0_+disjointig_105_0_37204 11670 13621 37204 -1 -1 1948 0
Chain
	Aln	32	-725dbcc5-48fb-49f3-a230-a16ea48181b2 2 1953 1974 +edge_17_0_+disjointig_105_0_37204 23582 25533 37204 -1 -1 1948 0
Chain
	Aln	535	+21b01004-488d-42d8-8ba2-6fa0341663ff 5 1105 1190 -edge_268_0_+disjointig_82_0_14967 2347 3447 14967 -1 -1 1084 0.00182958
Chain
	Aln	534	-21b01004-488d-42d8-8ba2-6fa0341663ff 84 1184 1190 +edge_268_0_+disjointig_82_0_14967 11519 12619 14967 -1 -1 1084 0.00182958
Chain
	Aln	192	+8465a116-b44c-40ca-b162-79727daffc91 14 1216 1224 +edge_97_0_+disjointig_148_0_17767 11720 12922 17767 -1 -1 1202 0
Chain
	Aln	193	-8465a116-b44c-40ca-b162-79727daffc91 7 1209 1224 -edge_97_0_+disjointig_148_0_17767 4844 6046 17767 -1 -1 1202 0
Chain
	Aln	551	+0b7a81d9-9959-4113-821f-986458e9d3ab 2 3689 3691 -edge_276_0_+disjointig_90_0_9159 3237 6929 9159 -1 -1 3659 0.0009086
Chain
	Aln	550	-0b7a81d9-9959-4113-821f-986458e9d3ab 1 3688 3691 +edge_276_0_+disjointig_90_0_9159 2229 5921 9159 -1 -1 3659 0.0009086
Chain
	Aln	617	+1208291f-56cc-41c4-8670-89a8e72b44c9 18 1369 1373 -edge_309_0_+disjointig_24_7647_16416 5571 6922 8769 -1 -1 1333 0.0015916
Chain
	Aln	616	-1208291f-56cc-41c4-8670-89a8e72b44c9 3 1354 1373 +edge_309_0_+disjointig_24_7647_16416 1846 3197 8769 -1 -1 1333 0.0015916
Chain
	Aln	493	+b94da7a2-6739-456d-81cb-1b1f22730c22 15 4825 4827 -edge_247_0_+disjointig_6_0_23019 6556 11371 23019 -1 -1 4772 0.000644915
Chain
	Aln	492	-b94da7a2-6739-456d-81cb-1b1f22730c22 1 4811 4827 +edge_247_0_+disjointig_6_0_23019 11647 16462 23019 -1 -1 4772 0.000644915
Chain
	Aln	134	+26425656-cee6-482c-84b9-c9ef5c19127a 10 10949 17315 +edge_68_0_+disjointig_133_0_30405 9939 20878 30405 -1 -1 9656 0.0098733
Chain
	Aln	134	+26425656-cee6-482c-84b9-c9ef5c19127a 12464 17306 17315 +edge_68_0_+disjointig_133_0_30405 21561 26403 30405 -1 -1 4813 0.000430436
Chain
	Aln	135	-26425656-cee6-482c-84b9-c9ef5c19127a 6365 17304 17315 -edge_68_0_+disjointig_133_0_30405 9526 20465 30405 -1 -1 9656 0.0098733
Chain
	Aln	135	-26425656-cee6-482c-84b9-c9ef5c19127a 8 4850 17315 -edge_68_0_+disjointig_133_0_30405 4001 8843 30405 -1 -1 4813 0.000430436
Chain
	Aln	544	+8b0b42f0-c544-420f-9ff3-9c69181db667 17 1929 1934 +edge_273_0_+disjointig_88_0_4676 687 2600 4676 -1 -1 1896 0.00176731
Chain
	Aln	545	-8b0b42f0-c544-420f-9ff3-9c69181db667 4 1916 1934 -edge_273_0_+disjointig_88_0_4676 2075 3988 4676 -1 -1 1896 0.00176731
Chain
	Aln	467	+0ecc6d74-7b14-460e-b58b-0c5b43bd87d4 15 5855 5861 -edge_234_0_+disjointig_5_0_14031 8196 14030 14031 -1 -1 4545 0.0137189
Chain
	Aln	466	-0ecc6d74-7b14-460e-b58b-0c5b43bd87d4 5 5845 5861 +edge_234_0_+disjointig_5_0_14031 0 5834 14031 -1 -1 4545 0.0137189
Chain
	Aln	567	+ea5a9933-df69-47cd-9332-4b0e64c38acd 2 2265 2362 -edge_284_3_-disjointig_27_13072_16662 1310 3589 3590 -1 -1 2139 0.00751863
Chain
	Aln	566	-ea5a9933-df69-47cd-9332-4b0e64c38acd 96 2359 2362 +edge_284_3_-disjointig_27_13072_16662 0 2279 3590 -1 -1 2139 0.00751863
Chain
	Aln	560	+a97bb15f-c069-4db8-b0bc-ee8e22e78bf7 12 1223 1227 +edge_281_0_+disjointig_96_0_11138 7739 8950 11138 -1 -1 1211 0
Chain
	Aln	561	-a97bb15f-c069-4db8-b0bc-ee8e22e78bf7 3 1214 1227 -edge_281_0_+disjointig_96_0_11138 2187 3398 11138 -1 -1 1211 0
Chain
	Aln	571	+80806fd2-18cc-4efc-ba4d-9eb04b53194f 19 3273 3277 -edge_286_0_+disjointig_107_2095_17520 5213 8466 15425 -1 -1 3178 0.0034941
Chain
	Aln	570	-80806fd2-18cc-4efc-ba4d-9eb04b53194f 3 3257 3277 +edge_286_0_+disjointig_107_2095_17520 6958 10211 15425 -1 -1 3178 0.0034941
Chain
	Aln	617	+2bfe9688-e3c1-497d-80ab-a070c8388602 13 1014 1018 -edge_309_0_+disjointig_24_7647_16416 3211 4213 8769 -1 -1 998 0
Chain
	Aln	616	-2bfe9688-e3c1-497d-80ab-a070c8388602 3 1004 1018 +edge_309_0_+disjointig_24_7647_16416 4555 5557 8769 -1 -1 998 0
Chain
	Aln	459	+939c091a-ba33-4a2a-a6f6-f5499949174f 11 21090 21109 -edge_230_0_+disjointig_46_0_27645 6103 27627 27645 -1 -1 19525 0.0038198
Chain
	Aln	458	-939c091a-ba33-4a2a-a6f6-f5499949174f 18 21097 21109 +edge_230_0_+disjointig_46_0_27645 17 21541 27645 -1 -1 19525 0.0038198
Chain
	Aln	197	+f6148216-eaac-4ce7-83b3-95398e158f4c 7 2465 2467 -edge_99_0_+disjointig_150_0_4403 6 2467 4403 -1 -1 2449 0
Chain
	Aln	196	-f6148216-eaac-4ce7-83b3-95398e158f4c 1 2459 2467 +edge_99_0_+disjointig_150_0_4403 1935 4396 4403 -1 -1 2449 0
Chain
	Aln	439	+498b1ebb-1fff-4ffc-bf36-c2ce320484ed 15 2925 2934 -edge_220_0_+disjointig_35_0_5097 2179 5088 5097 -1 -1 2900 0.000302601
Chain
	Aln	438	-498b1ebb-1fff-4ffc-bf36-c2ce320484ed 8 2918 2934 +edge_220_0_+disjointig_35_0_5097 8 2917 5097 -1 -1 2900 0.000302601
Chain
	Aln	32	+2c65af5a-6066-481d-a327-7a31aa2e6ee7 5 1273 1277 +edge_17_0_+disjointig_105_0_37204 21478 22749 37204 -1 -1 1250 0.00592639
Chain
	Aln	33	-2c65af5a-6066-481d-a327-7a31aa2e6ee7 3 1271 1277 -edge_17_0_+disjointig_105_0_37204 14454 15725 37204 -1 -1 1250 0.00592639
Chain
	Aln	548	+ff367889-c106-441b-b9d4-f4fd9c225069 19 3193 3200 +edge_275_0_+disjointig_9_0_50887 22601 25771 50887 -1 -1 3116 0.00171273
Chain
	Aln	549	-ff367889-c106-441b-b9d4-f4fd9c225069 6 3180 3200 -edge_275_0_+disjointig_9_0_50887 25115 28285 50887 -1 -1 3116 0.00171273
Chain
	Aln	385	+2cd5b0e3-5d73-4624-87d5-281de30b21c6 2 2770 2773 -edge_193_0_+disjointig_213_0_6288 3521 6285 6288 -1 -1 2741 0.000235394
Chain
	Aln	384	-2cd5b0e3-5d73-4624-87d5-281de30b21c6 2 2770 2773 +edge_193_0_+disjointig_213_0_6288 2 2766 6288 -1 -1 2741 0.000235394
Chain
	Aln	484	+12518fef-f667-4161-b5cc-524f7091b021 20 2100 2104 +edge_243_0_+disjointig_56_0_49321 32978 35054 49321 -1 -1 2064 7.42065e-05
Chain
	Aln	485	-12518fef-f667-4161-b5cc-524f7091b021 3 2083 2104 -edge_243_0_+disjointig_56_0_49321 14266 16342 49321 -1 -1 2064 7.42065e-05
Chain
	Aln	242	+ee6c2996-c128-4fca-8dae-0fd546b2fcfe 6 9941 9948 +edge_122_0_+disjointig_17_0_27131 12791 22730 27131 -1 -1 9825 0.00102029
Chain
	Aln	243	-ee6c2996-c128-4fca-8dae-0fd546b2fcfe 6 9941 9948 -edge_122_0_+disjointig_17_0_27131 4400 14339 27131 -1 -1 9825 0.00102029
Chain
	Aln	350	+40f6703b-5349-4098-ac22-422b70157abc 601 3126 3134 +edge_176_0_+disjointig_2_0_2718 1 2526 2718 -1 -1 2524 0.00196553
Chain
	Aln	351	-40f6703b-5349-4098-ac22-422b70157abc 7 2532 3134 -edge_176_0_+disjointig_2_0_2718 191 2716 2718 -1 -1 2524 0.00196553
Chain
	Aln	21	+fc7043e9-aa3d-4d1e-aedb-6928c2e042e1 7 1465 1470 -edge_11_0_+disjointig_101_5646_16918 1494 2952 11272 -1 -1 1420 0.00341738
Chain
	Aln	20	-fc7043e9-aa3d-4d1e-aedb-6928c2e042e1 4 1462 1470 +edge_11_0_+disjointig_101_5646_16918 8319 9777 11272 -1 -1 1420 0.00341738
Chain
	Aln	228	+e7a7439b-c28f-4fc5-b9cc-30edc41ed8f6 25 4589 4592 +edge_115_0_+disjointig_162_0_11767 3190 7753 11767 -1 -1 4546 0.000290698
Chain
	Aln	229	-e7a7439b-c28f-4fc5-b9cc-30edc41ed8f6 2 4566 4592 -edge_115_0_+disjointig_162_0_11767 4013 8576 11767 -1 -1 4546 0.000290698
Chain
	Aln	453	+8e299fdd-4d29-470d-8844-5f1f6e47ca65 12 12565 12874 -edge_227_0_+disjointig_43_0_12575 11 12574 12575 -1 -1 12394 0.00141795
Chain
	Aln	452	-8e299fdd-4d29-470d-8844-5f1f6e47ca65 308 12861 12874 +edge_227_0_+disjointig_43_0_12575 0 12563 12575 -1 -1 12394 0.00141795
Chain
	Aln	502	+7b30a0e9-c04d-4318-8576-32f68ba4d13c 20 4586 4653 +edge_252_0_+disjointig_68_0_25931 13105 17673 25931 -1 -1 4198 0.00821747
Chain
	Aln	503	-7b30a0e9-c04d-4318-8576-32f68ba4d13c 66 4632 4653 -edge_252_0_+disjointig_68_0_25931 8257 12825 25931 -1 -1 4198 0.00821747
Chain
	Aln	329	+68a3adeb-ea15-4765-b6c5-01a759bd468d 21 3999 4002 -edge_165_0_+disjointig_193_0_5709 1728 5706 5709 -1 -1 3941 0.000823353
Chain
	Aln	328	-68a3adeb-ea15-4765-b6c5-01a759bd468d 2 3980 4002 +edge_165_0_+disjointig_193_0_5709 2 3980 5709 -1 -1 3941 0.000823353
Chain
	Aln	507	+dce79b62-df41-4bd4-be53-f75f469be7a3 10 3593 3600 -edge_254_0_+disjointig_70_0_5786 2197 5779 5786 -1 -1 3283 0.0023047
Chain
	Aln	506	-dce79b62-df41-4bd4-be53-f75f469be7a3 6 3589 3600 +edge_254_0_+disjointig_70_0_5786 6 3588 5786 -1 -1 3283 0.0023047
Chain
	Aln	243	+314ed2a5-bfcc-4c11-bc1b-c6350bf7703b 9 8971 8983 -edge_122_0_+disjointig_17_0_27131 9547 18503 27131 -1 -1 8837 0.00301702
Chain
	Aln	242	-314ed2a5-bfcc-4c11-bc1b-c6350bf7703b 11 8973 8983 +edge_122_0_+disjointig_17_0_27131 8627 17583 27131 -1 -1 8837 0.00301702
Chain
	Aln	177	+0ccd22c8-e78d-4dca-a9f8-5a9555515b33 16 2325 2721 -edge_89_0_+disjointig_141_0_2324 12 2323 2324 -1 -1 2250 0.00351837
Chain
	Aln	176	-0ccd22c8-e78d-4dca-a9f8-5a9555515b33 395 2704 2721 +edge_89_0_+disjointig_141_0_2324 0 2311 2324 -1 -1 2250 0.00351837
Chain
	Aln	543	+e6c01284-077d-4db6-95af-ec24b5bb26e6 12 3062 3064 -edge_272_0_+disjointig_87_0_3064 11 3062 3064 -1 -1 2989 0.00514209
Chain
	Aln	542	-e6c01284-077d-4db6-95af-ec24b5bb26e6 1 3051 3064 +edge_272_0_+disjointig_87_0_3064 1 3052 3064 -1 -1 2989 0.00514209
Chain
	Aln	417	+214e0918-664c-45d5-a629-886f7ac88bb2 2 6073 6080 -edge_209_0_+disjointig_222_0_7682 1597 7675 7682 -1 -1 5749 0.00692052
Chain
	Aln	416	-214e0918-664c-45d5-a629-886f7ac88bb2 6 6077 6080 +edge_209_0_+disjointig_222_0_7682 6 6084 7682 -1 -1 5749 0.00692052
Chain
	Aln	52	+d0553dbd-3cc4-4163-ac6a-2ee6a1062801 10 1341 1346 +edge_27_0_+disjointig_109_0_10364 464 1796 10364 -1 -1 1317 0
Chain
	Aln	53	-d0553dbd-3cc4-4163-ac6a-2ee6a1062801 4 1335 1346 -edge_27_0_+disjointig_109_0_10364 8567 9899 10364 -1 -1 1317 0
Chain
	Aln	560	+62a194cc-00d3-4488-9d58-673ae1ab5d15 2788 13914 13923 +edge_281_0_+disjointig_96_0_11138 1 11130 11138 -1 -1 10864 0.00160808
Chain
	Aln	561	-62a194cc-00d3-4488-9d58-673ae1ab5d15 8 11134 13923 -edge_281_0_+disjointig_96_0_11138 7 11136 11138 -1 -1 10864 0.00160808
Chain
	Aln	510	+f0c1eae5-b563-4599-8680-d0955c34068a 6 1668 1670 +edge_256_0_+disjointig_72_0_15554 5775 7436 15554 -1 -1 1646 0.000160118
Chain
	Aln	511	-f0c1eae5-b563-4599-8680-d0955c34068a 1 1663 1670 -edge_256_0_+disjointig_72_0_15554 8117 9778 15554 -1 -1 1646 0.000160118
Chain
	Aln	546	+b7c8c317-d3d9-47ac-9044-f8eb566ae4d4 6 3046 3051 +edge_274_0_+disjointig_89_0_12448 9115 12161 12448 -1 -1 2944 0.00321438
Chain
	Aln	547	-b7c8c317-d3d9-47ac-9044-f8eb566ae4d4 4 3044 3051 -edge_274_0_+disjointig_89_0_12448 286 3332 12448 -1 -1 2944 0.00321438
Chain
	Aln	587	+b65be4e2-2bfa-4969-9112-8648294b782c 14 16232 16236 -edge_294_0_+disjointig_54_11019_37577 13 16192 26558 -1 -1 15886 0.00179792
Chain
	Aln	586	-b65be4e2-2bfa-4969-9112-8648294b782c 3 16221 16236 +edge_294_0_+disjointig_54_11019_37577 10365 26544 26558 -1 -1 15886 0.00179792
Chain
	Aln	585	+fb1c86f4-57b5-4d68-9632-20b04219ddc0 28 5034 5057 -edge_293_0_+disjointig_147_0_35029 5987 10988 35029 -1 -1 4162 0.0196287
Chain
	Aln	584	-fb1c86f4-57b5-4d68-9632-20b04219ddc0 22 5028 5057 +edge_293_0_+disjointig_147_0_35029 24040 29041 35029 -1 -1 4162 0.0196287
Chain
	Aln	584	+c8defa08-106e-4589-8082-bbf633311d24 747 1953 1957 +edge_293_0_+disjointig_147_0_35029 3 1211 35029 -1 -1 1146 0.00764433
Chain
	Aln	585	-c8defa08-106e-4589-8082-bbf633311d24 3 1209 1957 -edge_293_0_+disjointig_147_0_35029 33817 35025 35029 -1 -1 1146 0.00764433
Chain
	Aln	103	+e575d090-19af-483d-8ff8-5ee83e5b8dea 10 2109 2116 -edge_52_0_+disjointig_37_9098_13898 1862 3962 4800 -1 -1 2075 0.00126625
Chain
	Aln	102	-e575d090-19af-483d-8ff8-5ee83e5b8dea 6 2105 2116 +edge_52_0_+disjointig_37_9098_13898 837 2937 4800 -1 -1 2075 0.00126625
Chain
	Aln	31	+b523cfde-2a2d-4877-a634-62316413047d 21 1855 1859 -edge_16_0_+disjointig_104_0_24625 6147 7991 24625 -1 -1 1722 0.00867409
Chain
	Aln	30	-b523cfde-2a2d-4877-a634-62316413047d 3 1837 1859 +edge_16_0_+disjointig_104_0_24625 16633 18477 24625 -1 -1 1722 0.00867409
Chain
	Aln	184	+b938b083-de1f-4bc9-b91e-b4dcbec0b872 4 4898 4904 +edge_93_0_+disjointig_146_0_5112 192 5088 5112 -1 -1 4761 0.00245088
Chain
	Aln	185	-b938b083-de1f-4bc9-b91e-b4dcbec0b872 5 4899 4904 -edge_93_0_+disjointig_146_0_5112 23 4919 5112 -1 -1 4761 0.00245088
Chain
	Aln	548	+f65b9fdf-2a8d-43c4-844b-60e4cc2c8bf6 14 8078 8086 +edge_275_0_+disjointig_9_0_50887 13184 21254 50887 -1 -1 7956 0.00182618
Chain
	Aln	549	-f65b9fdf-2a8d-43c4-844b-60e4cc2c8bf6 7 8071 8086 -edge_275_0_+disjointig_9_0_50887 29632 37702 50887 -1 -1 7956 0.00182618
Chain
	Aln	491	+a232e7f2-25a5-4967-b886-d124533321a1 4 3344 3347 -edge_246_0_+disjointig_59_0_11538 3 3351 11538 -1 -1 3268 0.00278072
Chain
	Aln	490	-a232e7f2-25a5-4967-b886-d124533321a1 2 3342 3347 +edge_246_0_+disjointig_59_0_11538 8186 11534 11538 -1 -1 3268 0.00278072
Chain
	Aln	607	+d0ed5355-e4cb-4c62-a694-e57c0ef0c871 6 1432 1442 -edge_304_0_+disjointig_197_0_16178 8616 10042 16178 -1 -1 1423 0
Chain
	Aln	606	-d0ed5355-e4cb-4c62-a694-e57c0ef0c871 9 1435 1442 +edge_304_0_+disjointig_197_0_16178 6135 7561 16178 -1 -1 1423 0
Chain
	Aln	616	+060f005c-a56d-4018-a414-5edca86326fc 31 5510 8534 +edge_309_0_+disjointig_24_7647_16416 3131 8761 8769 -1 -1 4872 0.00665574
	Aln	616	+060f005c-a56d-4018-a414-5edca86326fc 5519 8425 8534 +edge_309_0_+disjointig_24_7647_16416 1 2906 8769 -1 -1 2780 0.00661928
Chain
	Aln	617	-060f005c-a56d-4018-a414-5edca86326fc 108 3014 8534 -edge_309_0_+disjointig_24_7647_16416 5862 8767 8769 -1 -1 2780 0.00661928
	Aln	617	-060f005c-a56d-4018-a414-5edca86326fc 3023 8502 8534 -edge_309_0_+disjointig_24_7647_16416 7 5637 8769 -1 -1 4872 0.00665574
Chain
	Aln	548	+979da60e-7d4c-487a-b5ef-bbe275ec4477 12 3312 3318 +edge_275_0_+disjointig_9_0_50887 47163 50464 50887 -1 -1 3270 0.0018474
Chain
	Aln	549	-979da60e-7d4c-487a-b5ef-bbe275ec4477 5 3305 3318 -edge_275_0_+disjointig_9_0_50887 422 3723 50887 -1 -1 3270 0.0018474
Chain
	Aln	91	+358eddc1-3bff-4582-b4c6-0e127ebe9add 13 1481 6941 -edge_46_0_+disjointig_119_0_19618 18156 19613 19618 -1 -1 1373 0.00647724
Chain
	Aln	369	+358eddc1-3bff-4582-b4c6-0e127ebe9add 1813 3041 6941 -edge_185_0_+disjointig_205_0_10729 2539 3768 10729 -1 -1 842 0.0382996
Chain
	Aln	90	-358eddc1-3bff-4582-b4c6-0e127ebe9add 5459 6927 6941 +edge_46_0_+disjointig_119_0_19618 4 1461 19618 -1 -1 1373 0.00647724
Chain
	Aln	368	-358eddc1-3bff-4582-b4c6-0e127ebe9add 3899 5127 6941 +edge_185_0_+disjointig_205_0_10729 6960 8189 10729 -1 -1 842 0.0382996
Chain
	Aln	401	+3abbe324-07e1-457f-b550-c883f330c0a7 10 3223 3227 -edge_201_0_+disjointig_25_3216_27003 3533 6748 23787 -1 -1 3145 0.00257323
Chain
	Aln	400	-3abbe324-07e1-457f-b550-c883f330c0a7 3 3216 3227 +edge_201_0_+disjointig_25_3216_27003 17038 20253 23787 -1 -1 3145 0.00257323
Chain
	Aln	532	+6d4ab4b3-f750-4c65-b481-3e8e4e95bbb9 12 3812 3817 +edge_267_0_+disjointig_81_0_35154 26366 30166 35154 -1 -1 3632 0.00386971
Chain
	Aln	533	-6d4ab4b3-f750-4c65-b481-3e8e4e95bbb9 4 3804 3817 -edge_267_0_+disjointig_81_0_35154 4987 8787 35154 -1 -1 3632 0.00386971
Chain
	Aln	369	+2a91ff2d-c6d3-4b21-88c1-6b2f3333e5e8 9 1075 4591 -edge_185_0_+disjointig_205_0_10729 2720 3790 10729 -1 -1 999 0.00562691
Chain
	Aln	368	-2a91ff2d-c6d3-4b21-88c1-6b2f3333e5e8 3515 4581 4591 +edge_185_0_+disjointig_205_0_10729 6938 8008 10729 -1 -1 999 0.00562691
Chain
	Aln	549	+dab142a1-8789-469d-ab60-972758c0c425 34 2670 2693 -edge_275_0_+disjointig_9_0_50887 44991 47625 50887 -1 -1 2559 0.00449621
Chain
	Aln	548	-dab142a1-8789-469d-ab60-972758c0c425 22 2658 2693 +edge_275_0_+disjointig_9_0_50887 3261 5895 50887 -1 -1 2559 0.00449621
Chain
	Aln	237	+03b8326d-9acd-441d-aa4e-270911613f10 5 1162 1594 -edge_119_0_+disjointig_167_0_5742 4584 5741 5742 -1 -1 1141 0
Chain
	Aln	236	-03b8326d-9acd-441d-aa4e-270911613f10 431 1588 1594 +edge_119_0_+disjointig_167_0_5742 0 1157 5742 -1 -1 1141 0
Chain
	Aln	192	+d462670e-9814-41fd-a01a-6638cccfef94 13 2854 2861 +edge_97_0_+disjointig_148_0_17767 14929 17761 17767 -1 -1 2695 0.00297424
Chain
	Aln	193	-d462670e-9814-41fd-a01a-6638cccfef94 6 2847 2861 -edge_97_0_+disjointig_148_0_17767 5 2837 17767 -1 -1 2695 0.00297424
Chain
	Aln	409	+d8fabfaa-9a16-47bb-925b-a018b239bdb5 7 6058 9406 -edge_205_0_+disjointig_219_0_13673 7629 13672 13673 -1 -1 6003 0.00203357
Chain
	Aln	408	-d8fabfaa-9a16-47bb-925b-a018b239bdb5 3347 9398 9406 +edge_205_0_+disjointig_219_0_13673 0 6043 13673 -1 -1 6003 0.00203357
Chain
	Aln	593	+7818fb6a-2267-4cb9-b6e8-8c787d5a39fa 9 3129 3745 -edge_297_0_+disjointig_171_10648_13775 8 3126 3127 -1 -1 2874 0.00895099
Chain
	Aln	592	-7818fb6a-2267-4cb9-b6e8-8c787d5a39fa 615 3735 3745 +edge_297_0_+disjointig_171_10648_13775 0 3118 3127 -1 -1 2874 0.00895099
Chain
	Aln	550	+eba03050-31d6-4ae4-a3c7-e7adec34a127 7 6263 6267 +edge_276_0_+disjointig_90_0_9159 2873 9137 9159 -1 -1 6135 0.00145863
Chain
	Aln	551	-eba03050-31d6-4ae4-a3c7-e7adec34a127 3 6259 6267 -edge_276_0_+disjointig_90_0_9159 21 6285 9159 -1 -1 6135 0.00145863
Chain
	Aln	551	+52b684c7-9df9-44d9-ba95-43f3a02f9f5d 16 6271 6274 -edge_276_0_+disjointig_90_0_9159 15 6268 9159 -1 -1 6156 0.000844578
Chain
	Aln	550	-52b684c7-9df9-44d9-ba95-43f3a02f9f5d 2 6257 6274 +edge_276_0_+disjointig_90_0_9159 2890 9143 9159 -1 -1 6156 0.000844578
Chain
	Aln	601	+a0544be8-2a3f-48cc-b9fd-40cc32bc3b78 31 1741 1748 -edge_301_0_+disjointig_67_7420_18373 8195 9906 10953 -1 -1 1694 0.00206572
Chain
	Aln	600	-a0544be8-2a3f-48cc-b9fd-40cc32bc3b78 6 1716 1748 +edge_301_0_+disjointig_67_7420_18373 1046 2757 10953 -1 -1 1694 0.00206572
Chain
	Aln	168	+abcf20d8-422a-4f5b-a6c5-d5446758c77c 235 6816 6850 +edge_85_0_+disjointig_138_0_19002 8 6544 19002 -1 -1 6112 0.00730713
Chain
	Aln	169	-abcf20d8-422a-4f5b-a6c5-d5446758c77c 33 6614 6850 -edge_85_0_+disjointig_138_0_19002 12457 18993 19002 -1 -1 6112 0.00730713
Chain
	Aln	66	+14e302aa-c262-4752-a9e3-4ef6deb75377 6 7264 7275 +edge_34_0_+disjointig_116_0_15228 7961 15218 15228 -1 -1 7077 0.0028758
Chain
	Aln	67	-14e302aa-c262-4752-a9e3-4ef6deb75377 10 7268 7275 -edge_34_0_+disjointig_116_0_15228 9 7266 15228 -1 -1 7077 0.0028758
Chain
	Aln	35	+5b17c501-9ab3-4291-b0bc-820dfa7cbfd4 1 8832 8835 -edge_18_0_+disjointig_106_0_22862 9433 18264 22862 -1 -1 8751 0.000309514
Chain
	Aln	34	-5b17c501-9ab3-4291-b0bc-820dfa7cbfd4 2 8833 8835 +edge_18_0_+disjointig_106_0_22862 4597 13428 22862 -1 -1 8751 0.000309514
Chain
	Aln	223	+5156bf7b-6eb4-46ea-9f00-843ddb6146a7 8 1257 1264 -edge_112_0_+disjointig_16_0_19673 10178 11427 19673 -1 -1 1249 0
Chain
	Aln	222	-5156bf7b-6eb4-46ea-9f00-843ddb6146a7 6 1255 1264 +edge_112_0_+disjointig_16_0_19673 8245 9494 19673 -1 -1 1249 0
Chain
	Aln	132	+835df03b-186b-40b7-8bc3-45b8e57c5ef6 21 3279 3293 +edge_67_0_+disjointig_132_0_16726 2705 5989 16726 -1 -1 2803 0.0135627
Chain
	Aln	133	-835df03b-186b-40b7-8bc3-45b8e57c5ef6 13 3271 3293 -edge_67_0_+disjointig_132_0_16726 10736 14020 16726 -1 -1 2803 0.0135627
Chain
	Aln	365	+f5821c44-be3d-4f4d-987d-f3db7f259806 8 1917 1959 -edge_183_0_+disjointig_203_0_8381 4623 6532 8381 -1 -1 1726 0.00506827
Chain
	Aln	364	-f5821c44-be3d-4f4d-987d-f3db7f259806 41 1950 1959 +edge_183_0_+disjointig_203_0_8381 1848 3757 8381 -1 -1 1726 0.00506827
Chain
	Aln	32	+a4d538b5-f257-4c5e-b0a3-1684b598d4a9 31 1373 1378 +edge_17_0_+disjointig_105_0_37204 7982 9320 37204 -1 -1 1313 0.00398199
Chain
	Aln	33	-a4d538b5-f257-4c5e-b0a3-1684b598d4a9 4 1346 1378 -edge_17_0_+disjointig_105_0_37204 27883 29221 37204 -1 -1 1313 0.00398199
Chain
	Aln	470	+651345cf-9303-4b6c-98d5-73a8a1cadf8d 10 6808 6810 +edge_236_0_+disjointig_51_0_49461 12202 19003 49461 -1 -1 6716 0.000381778
Chain
	Aln	471	-651345cf-9303-4b6c-98d5-73a8a1cadf8d 1 6799 6810 -edge_236_0_+disjointig_51_0_49461 30457 37258 49461 -1 -1 6716 0.000381778
Chain
	Aln	21	+faea122d-6c5a-4427-b301-c882a5719d9c 9 3630 3636 -edge_11_0_+disjointig_101_5646_16918 4310 7927 11272 -1 -1 3586 0.00112285
Chain
	Aln	20	-faea122d-6c5a-4427-b301-c882a5719d9c 5 3626 3636 +edge_11_0_+disjointig_101_5646_16918 3344 6961 11272 -1 -1 3586 0.00112285
Chain
	Aln	591	+3194a69a-2b3a-47aa-919c-f9f8dd949859 12 8358 8360 -edge_296_0_+disjointig_41_0_16839 8486 16837 16839 -1 -1 8064 0.00346688
Chain
	Aln	590	-3194a69a-2b3a-47aa-919c-f9f8dd949859 1 8347 8360 +edge_296_0_+disjointig_41_0_16839 1 8352 16839 -1 -1 8064 0.00346688
Chain
	Aln	243	+a23cf571-e845-40bc-8959-6e8a6d12dca4 21 4985 4987 -edge_122_0_+disjointig_17_0_27131 4391 9377 27131 -1 -1 4676 0.00379985
Chain
	Aln	242	-a23cf571-e845-40bc-8959-6e8a6d12dca4 1 4965 4987 +edge_122_0_+disjointig_17_0_27131 17753 22739 27131 -1 -1 4676 0.00379985
Chain
	Aln	20	+8e07703e-8274-4be4-bbc0-617b01c70b3e 15 4742 4744 +edge_11_0_+disjointig_101_5646_16918 3334 8058 11272 -1 -1 4641 0.00256996
Chain
	Aln	21	-8e07703e-8274-4be4-bbc0-617b01c70b3e 1 4728 4744 -edge_11_0_+disjointig_101_5646_16918 3213 7937 11272 -1 -1 4641 0.00256996
Chain
	Aln	484	+a05ba610-d428-47ee-87b1-9eb0a1ba1e8f 39 4299 4301 +edge_243_0_+disjointig_56_0_49321 36716 40976 49321 -1 -1 3909 0.00843905
Chain
	Aln	485	-a05ba610-d428-47ee-87b1-9eb0a1ba1e8f 1 4261 4301 -edge_243_0_+disjointig_56_0_49321 8344 12604 49321 -1 -1 3909 0.00843905
Chain
	Aln	333	+9932f92a-57a3-4c51-a09b-70c55bfa0e97 13 8581 8586 -edge_167_0_+disjointig_195_0_14225 12 8551 14225 -1 -1 8146 0.00278798
Chain
	Aln	332	-9932f92a-57a3-4c51-a09b-70c55bfa0e97 4 8572 8586 +edge_167_0_+disjointig_195_0_14225 5673 14212 14225 -1 -1 8146 0.00278798
Chain
	Aln	98	+e0d06e85-ea7a-4c26-811b-d9a08257cc6b 25 2449 2455 +edge_50_0_-disjointig_20_27042_46521 2994 5418 19479 -1 -1 2401 0.00270771
Chain
	Aln	99	-e0d06e85-ea7a-4c26-811b-d9a08257cc6b 5 2429 2455 -edge_50_0_-disjointig_20_27042_46521 14060 16484 19479 -1 -1 2401 0.00270771
Chain
	Aln	219	+12f9bb8a-dca1-47b6-9c6f-63ac22e71888 13 2345 2350 -edge_110_0_+disjointig_158_0_2354 12 2349 2354 -1 -1 2317 0
Chain
	Aln	218	-12f9bb8a-dca1-47b6-9c6f-63ac22e71888 4 2336 2350 +edge_110_0_+disjointig_158_0_2354 4 2341 2354 -1 -1 2317 0
Chain
	Aln	65	+ce692cb6-dde4-465a-b8c1-87474f055544 12 4910 4912 -edge_33_0_+disjointig_114_0_23907 11 4915 23907 -1 -1 4823 0.00227075
Chain
	Aln	64	-ce692cb6-dde4-465a-b8c1-87474f055544 1 4899 4912 +edge_33_0_+disjointig_114_0_23907 18991 23895 23907 -1 -1 4823 0.00227075
Chain
	Aln	369	+b2d42c09-c484-43ee-8a85-154ca78a1073 5 1178 1209 -edge_185_0_+disjointig_205_0_10729 6334 7509 10729 -1 -1 1153 0.006631
Chain
	Aln	368	-b2d42c09-c484-43ee-8a85-154ca78a1073 30 1203 1209 +edge_185_0_+disjointig_205_0_10729 3219 4394 10729 -1 -1 1153 0.006631
Chain
	Aln	567	+1cf68f45-bedd-4212-a8b4-50aae89db03a 7 1149 1157 -edge_284_1_+disjointig_115_3875_7461 1426 2569 3586 -1 -1 1133 0
Chain
	Aln	566	-1cf68f45-bedd-4212-a8b4-50aae89db03a 7 1149 1157 +edge_284_1_+disjointig_115_3875_7461 1016 2159 3586 -1 -1 1133 0
Chain
	Aln	599	+598e1c6e-58be-4bfd-bec3-654c2d202ce0 25 4585 4588 -edge_300_0_+disjointig_183_0_42239 9813 14373 42239 -1 -1 4503 0.000742193
Chain
	Aln	598	-598e1c6e-58be-4bfd-bec3-654c2d202ce0 2 4562 4588 +edge_300_0_+disjointig_183_0_42239 27865 32425 42239 -1 -1 4503 0.000742193
Chain
	Aln	242	+f07f5d78-a019-4e7c-a067-a859a38cde04 10 7999 8001 +edge_122_0_+disjointig_17_0_27131 9699 17712 27131 -1 -1 7623 0.00540534
Chain
	Aln	243	-f07f5d78-a019-4e7c-a067-a859a38cde04 1 7990 8001 -edge_122_0_+disjointig_17_0_27131 9418 17431 27131 -1 -1 7623 0.00540534
Chain
	Aln	67	+4c83db05-fa6d-4e12-8756-b552377d1204 21 10154 10160 -edge_34_0_+disjointig_116_0_15228 5089 15222 15228 -1 -1 10035 0.000841392
Chain
	Aln	66	-4c83db05-fa6d-4e12-8756-b552377d1204 5 10138 10160 +edge_34_0_+disjointig_116_0_15228 5 10138 15228 -1 -1 10035 0.000841392
Chain
	Aln	30	+27a5bed5-c4b9-4e29-b796-eb0d78b9d80e 6 7661 7667 +edge_16_0_+disjointig_104_0_24625 13979 21628 24625 -1 -1 7561 0.00222968
Chain
	Aln	31	-27a5bed5-c4b9-4e29-b796-eb0d78b9d80e 5 7660 7667 -edge_16_0_+disjointig_104_0_24625 2996 10645 24625 -1 -1 7561 0.00222968
Chain
	Aln	447	+3f534ce1-9a6a-41d7-b246-543c2a5a3bdb 341 3170 3583 -edge_224_0_+disjointig_4_0_2844 14 2843 2844 -1 -1 2785 0.00222923
Chain
	Aln	446	-3f534ce1-9a6a-41d7-b246-543c2a5a3bdb 412 3241 3583 +edge_224_0_+disjointig_4_0_2844 0 2829 2844 -1 -1 2785 0.00222923
Chain
	Aln	233	+372ca7a3-bd1a-4fbf-96ff-f49aebf491b6 6 6063 6068 -edge_117_0_+disjointig_165_0_11817 5755 11812 11817 -1 -1 6044 0.000772404
Chain
	Aln	232	-372ca7a3-bd1a-4fbf-96ff-f49aebf491b6 4 6061 6068 +edge_117_0_+disjointig_165_0_11817 4 6061 11817 -1 -1 6044 0.000772404
Chain
	Aln	315	+cc6286e6-8c2a-4326-93c2-d321e3c53c97 22 3156 3158 -edge_158_0_+disjointig_189_0_6615 3483 6613 6615 -1 -1 3077 0.00278668
Chain
	Aln	314	-cc6286e6-8c2a-4326-93c2-d321e3c53c97 1 3135 3158 +edge_158_0_+disjointig_189_0_6615 1 3131 6615 -1 -1 3077 0.00278668
Chain
	Aln	113	+decfed8f-52c3-427b-b2e2-7e47d70340b7 5 3243 3265 -edge_57_0_+disjointig_122_0_3246 4 3224 3246 -1 -1 2963 0.00922544
Chain
	Aln	112	-decfed8f-52c3-427b-b2e2-7e47d70340b7 21 3259 3265 +edge_57_0_+disjointig_122_0_3246 21 3241 3246 -1 -1 2963 0.00922544
Chain
	Aln	616	+a3e76a43-e9d4-446f-a826-11c71b704ba5 3 1698 3642 +edge_309_0_+disjointig_24_7647_16416 7068 8761 8769 -1 -1 1639 0.00351405
	Aln	616	+a3e76a43-e9d4-446f-a826-11c71b704ba5 1707 3634 3642 +edge_309_0_+disjointig_24_7647_16416 1 1969 8769 -1 -1 1896 0.00396224
Chain
	Aln	617	-a3e76a43-e9d4-446f-a826-11c71b704ba5 7 1934 3642 -edge_309_0_+disjointig_24_7647_16416 6799 8767 8769 -1 -1 1896 0.00396224
	Aln	617	-a3e76a43-e9d4-446f-a826-11c71b704ba5 1943 3638 3642 -edge_309_0_+disjointig_24_7647_16416 7 1700 8769 -1 -1 1639 0.00351405
Chain
	Aln	52	+bc5f0682-2152-4790-98ef-04e085b9655a 7 3359 3402 +edge_27_0_+disjointig_109_0_10364 4238 7591 10364 -1 -1 3337 0
Chain
	Aln	53	-bc5f0682-2152-4790-98ef-04e085b9655a 42 3394 3402 -edge_27_0_+disjointig_109_0_10364 2772 6125 10364 -1 -1 3337 0
Chain
	Aln	217	+27100466-1c60-4a98-a77f-9f92fc937d2c 14 3520 3522 -edge_109_0_+disjointig_157_0_3517 13 3515 3517 -1 -1 3204 0.00750867
Chain
	Aln	216	-27100466-1c60-4a98-a77f-9f92fc937d2c 1 3507 3522 +edge_109_0_+disjointig_157_0_3517 1 3503 3517 -1 -1 3204 0.00750867
Chain
	Aln	408	+65116220-3bd8-425b-a095-08336b7aa107 11 11263 11273 +edge_205_0_+disjointig_219_0_13673 2401 13664 13673 -1 -1 11097 0.00183388
Chain
	Aln	409	-65116220-3bd8-425b-a095-08336b7aa107 9 11261 11273 -edge_205_0_+disjointig_219_0_13673 8 11271 13673 -1 -1 11097 0.00183388
Chain
	Aln	539	+200b0e0a-e711-4289-842b-e88c7eeabd2e 6 1765 1768 -edge_270_0_+disjointig_84_0_11280 5034 6790 11280 -1 -1 1672 0.00389028
Chain
	Aln	538	-200b0e0a-e711-4289-842b-e88c7eeabd2e 2 1761 1768 +edge_270_0_+disjointig_84_0_11280 4489 6245 11280 -1 -1 1672 0.00389028
Chain
	Aln	584	+9a817230-d1db-4b43-928c-339cef076a09 8 1368 1372 +edge_293_0_+disjointig_147_0_35029 25428 26787 35029 -1 -1 1282 0.00502544
Chain
	Aln	585	-9a817230-d1db-4b43-928c-339cef076a09 3 1363 1372 -edge_293_0_+disjointig_147_0_35029 8241 9600 35029 -1 -1 1282 0.00502544
Chain
	Aln	132	+0fbd2ac9-d0d9-4ac4-9c18-78a87c5a28bd 8 7939 7945 +edge_67_0_+disjointig_132_0_16726 4590 12521 16726 -1 -1 7856 0.00101223
Chain
	Aln	133	-0fbd2ac9-d0d9-4ac4-9c18-78a87c5a28bd 5 7936 7945 -edge_67_0_+disjointig_132_0_16726 4204 12135 16726 -1 -1 7856 0.00101223
Chain
	Aln	619	+8faddfb7-7345-46bd-a6cb-bd2a61aba57f 10 7458 7483 -edge_310_0_+disjointig_26_14870_67398 9677 17138 52528 -1 -1 7290 0.00183256
Chain
	Aln	618	-8faddfb7-7345-46bd-a6cb-bd2a61aba57f 24 7472 7483 +edge_310_0_+disjointig_26_14870_67398 35389 42850 52528 -1 -1 7290 0.00183256
Chain
	Aln	372	+1a9e5052-532a-4753-b1f0-9e99748c1565 1355 4332 4336 +edge_187_0_+disjointig_207_0_4510 132 3108 4510 -1 -1 2957 0.000750315
Chain
	Aln	373	-1a9e5052-532a-4753-b1f0-9e99748c1565 3 2980 4336 -edge_187_0_+disjointig_207_0_4510 1401 4377 4510 -1 -1 2957 0.000750315
Chain
	Aln	505	+f16b4036-d499-4653-8f19-ea5001b9b2f0 35 4874 4876 -edge_253_0_+disjointig_69_0_13671 8533 13669 13671 -1 -1 3786 0.0155127
Chain
	Aln	504	-f16b4036-d499-4653-8f19-ea5001b9b2f0 1 4840 4876 +edge_253_0_+disjointig_69_0_13671 1 5137 13671 -1 -1 3786 0.0155127
Chain
	Aln	619	+415fd48f-5866-4790-b3c3-74a2bc4690ca 11 1618 1621 -edge_310_0_+disjointig_26_14870_67398 32525 34132 52528 -1 -1 1602 0
Chain
	Aln	618	-415fd48f-5866-4790-b3c3-74a2bc4690ca 2 1609 1621 +edge_310_0_+disjointig_26_14870_67398 18395 20002 52528 -1 -1 1602 0
Chain
	Aln	400	+12058fd3-e4e9-497b-9c12-7411cd1acc6d 10 9113 9120 +edge_201_0_+disjointig_25_3216_27003 6505 15576 23787 -1 -1 7191 0.0232336
Chain
	Aln	401	-12058fd3-e4e9-497b-9c12-7411cd1acc6d 6 9109 9120 -edge_201_0_+disjointig_25_3216_27003 8210 17281 23787 -1 -1 7191 0.0232336
Chain
	Aln	586	+053e517a-fb07-4b1d-8a3c-14cdcc5a256a 36 3087 3094 +edge_294_0_+disjointig_54_11019_37577 6899 9988 26558 -1 -1 2574 0.0182455
Chain
	Aln	587	-053e517a-fb07-4b1d-8a3c-14cdcc5a256a 6 3057 3094 -edge_294_0_+disjointig_54_11019_37577 16569 19658 26558 -1 -1 2574 0.0182455
Chain
	Aln	614	+17c83e26-0bd9-4399-ba54-30f90490c61f 29 13667 13675 +edge_308_0_+disjointig_218_2200_18386 1991 15630 16186 -1 -1 13582 0
Chain
	Aln	615	-17c83e26-0bd9-4399-ba54-30f90490c61f 7 13645 13675 -edge_308_0_+disjointig_218_2200_18386 555 14194 16186 -1 -1 13582 0
Chain
	Aln	441	+587989e3-80e5-4077-b11f-9540536e8866 13 2467 2470 -edge_221_0_+disjointig_36_0_10218 12 2468 10218 -1 -1 2366 0.00518844
Chain
	Aln	440	-587989e3-80e5-4077-b11f-9540536e8866 2 2456 2470 +edge_221_0_+disjointig_36_0_10218 7749 10205 10218 -1 -1 2366 0.00518844
Chain
	Aln	127	+a268fc37-45f4-461b-ac59-1243c213c1e9 17 12565 12570 -edge_64_0_+disjointig_13_0_24381 15 12562 24381 -1 -1 12319 0.00086507
Chain
	Aln	126	-a268fc37-45f4-461b-ac59-1243c213c1e9 4 12552 12570 +edge_64_0_+disjointig_13_0_24381 11818 24365 24381 -1 -1 12319 0.00086507
Chain
	Aln	594	+36269797-5606-4190-95b8-681c7c3a35cd 11 2549 2555 +edge_298_0_+disjointig_61_0_7824 1112 3649 7824 -1 -1 2425 0.00307158
Chain
	Aln	595	-36269797-5606-4190-95b8-681c7c3a35cd 5 2543 2555 -edge_298_0_+disjointig_61_0_7824 4174 6711 7824 -1 -1 2425 0.00307158
Chain
	Aln	126	+c2d4bbf4-44cb-4863-a604-8d2c73f94972 3 4096 4100 +edge_64_0_+disjointig_13_0_24381 13531 17622 24381 -1 -1 4049 0.000544232
Chain
	Aln	127	-c2d4bbf4-44cb-4863-a604-8d2c73f94972 3 4096 4100 -edge_64_0_+disjointig_13_0_24381 6758 10849 24381 -1 -1 4049 0.000544232
Chain
	Aln	286	+defa46d4-b08b-4b08-96bd-68cbe3e43a5d 10 1196 1201 +edge_144_0_+disjointig_180_0_22896 5448 6633 22896 -1 -1 1163 0.0050509
Chain
	Aln	287	-defa46d4-b08b-4b08-96bd-68cbe3e43a5d 4 1190 1201 -edge_144_0_+disjointig_180_0_22896 16262 17447 22896 -1 -1 1163 0.0050509
Chain
	Aln	567	+af2ceecb-45ef-46c4-8391-428710932a13 1024 2202 2206 -edge_284_3_-disjointig_27_13072_16662 452 1629 3590 -1 -1 1120 0.00616503
Chain
	Aln	566	-af2ceecb-45ef-46c4-8391-428710932a13 3 1181 2206 +edge_284_3_-disjointig_27_13072_16662 1960 3137 3590 -1 -1 1120 0.00616503
Chain
	Aln	388	+8f1afa01-9e5c-46bb-8aa5-9245df801d00 592 8132 8134 +edge_195_0_+disjointig_215_0_10725 5 7533 10725 -1 -1 7322 0.00290324
Chain
	Aln	389	-8f1afa01-9e5c-46bb-8aa5-9245df801d00 1 7541 8134 -edge_195_0_+disjointig_215_0_10725 3191 10719 10725 -1 -1 7322 0.00290324
Chain
	Aln	549	+cb42a147-bace-4c10-bd98-10daa547eaa7 12 4587 4590 -edge_275_0_+disjointig_9_0_50887 41746 46320 50887 -1 -1 4561 0
Chain
	Aln	548	-cb42a147-bace-4c10-bd98-10daa547eaa7 2 4577 4590 +edge_275_0_+disjointig_9_0_50887 4566 9140 50887 -1 -1 4561 0
Chain
	Aln	263	+f2266abc-7484-4d40-85b2-b625b8deccdd 8 2515 2520 -edge_132_0_+disjointig_175_0_17909 1355 3868 17909 -1 -1 2380 0.0080014
Chain
	Aln	262	-f2266abc-7484-4d40-85b2-b625b8deccdd 4 2511 2520 +edge_132_0_+disjointig_175_0_17909 14040 16553 17909 -1 -1 2380 0.0080014
Chain
	Aln	484	+33a6a39d-88e7-46e0-a5f9-8dfe9b241e4d 1 14220 14223 +edge_243_0_+disjointig_56_0_49321 1 13948 49321 -1 -1 12126 0.00785223
Chain
	Aln	485	-33a6a39d-88e7-46e0-a5f9-8dfe9b241e4d 2 14221 14223 -edge_243_0_+disjointig_56_0_49321 35372 49319 49321 -1 -1 12126 0.00785223
Chain
	Aln	552	+071f5d10-cf6b-42c7-9431-0fe1fc154b10 12 8504 8511 +edge_277_0_+disjointig_91_0_11256 1586 10080 11256 -1 -1 8328 0.00203957
Chain
	Aln	553	-071f5d10-cf6b-42c7-9431-0fe1fc154b10 6 8498 8511 -edge_277_0_+disjointig_91_0_11256 1175 9669 11256 -1 -1 8328 0.00203957
Chain
	Aln	564	+0c64dd77-4563-47d9-9a78-980277fe56a0 21 5437 5444 +edge_283_0_+disjointig_99_0_9289 3862 9283 9289 -1 -1 5204 0.00365988
Chain
	Aln	565	-0c64dd77-4563-47d9-9a78-980277fe56a0 6 5422 5444 -edge_283_0_+disjointig_99_0_9289 5 5426 9289 -1 -1 5204 0.00365988
Chain
	Aln	117	+903c11a3-9525-4bdc-9475-784053cd7029 5 1034 1044 -edge_59_0_+disjointig_124_0_25305 5281 6307 25305 -1 -1 1015 0
Chain
	Aln	116	-903c11a3-9525-4bdc-9475-784053cd7029 9 1038 1044 +edge_59_0_+disjointig_124_0_25305 18997 20023 25305 -1 -1 1015 0
Chain
	Aln	68	+226d7818-ba24-4ec0-896b-fe41e632e41c 12 1784 1786 +edge_35_0_+disjointig_117_0_15377 7500 9277 15377 -1 -1 1709 0.0046869
Chain
	Aln	69	-226d7818-ba24-4ec0-896b-fe41e632e41c 1 1773 1786 -edge_35_0_+disjointig_117_0_15377 6099 7876 15377 -1 -1 1709 0.0046869
Chain
	Aln	455	+a0b9c1f6-1b51-44c2-ae55-4d786fcbc239 13 2292 2296 -edge_228_0_+disjointig_44_0_4719 12 2275 4719 -1 -1 2135 0.00623632
Chain
	Aln	454	-a0b9c1f6-1b51-44c2-ae55-4d786fcbc239 3 2282 2296 +edge_228_0_+disjointig_44_0_4719 2443 4706 4719 -1 -1 2135 0.00623632
Chain
	Aln	242	+31496d69-7742-4a73-95d5-e3520b09afdc 26 1374 1382 +edge_122_0_+disjointig_17_0_27131 13187 14533 27131 -1 -1 1286 0.0042444
Chain
	Aln	243	-31496d69-7742-4a73-95d5-e3520b09afdc 7 1355 1382 -edge_122_0_+disjointig_17_0_27131 12597 13943 27131 -1 -1 1286 0.0042444
Chain
	Aln	507	+4a264d27-914a-4375-9d43-0a82837d3bc8 15 5466 7414 -edge_254_0_+disjointig_70_0_5786 14 5768 5786 -1 -1 4670 0.00609192
Chain
	Aln	506	-4a264d27-914a-4375-9d43-0a82837d3bc8 1947 7398 7414 +edge_254_0_+disjointig_70_0_5786 17 5771 5786 -1 -1 4670 0.00609192
Chain
	Aln	493	+f199d7f4-39b4-48ef-a6b3-7ba3c8b33864 18 4804 4806 -edge_247_0_+disjointig_6_0_23019 18230 23017 23019 -1 -1 4756 0
Chain
	Aln	492	-f199d7f4-39b4-48ef-a6b3-7ba3c8b33864 1 4787 4806 +edge_247_0_+disjointig_6_0_23019 1 4788 23019 -1 -1 4756 0
Chain
	Aln	104	+fc4bf5b7-30c6-44de-a907-a6940da220d0 5 7609 7612 +edge_53_0_+disjointig_20_20934_46521 8033 15633 25587 -1 -1 7541 0.00087428
Chain
	Aln	105	-fc4bf5b7-30c6-44de-a907-a6940da220d0 2 7606 7612 -edge_53_0_+disjointig_20_20934_46521 9953 17553 25587 -1 -1 7541 0.00087428
Chain
	Aln	587	+1605cd15-5884-4f71-8419-8eca98605b64 14 3286 3288 -edge_294_0_+disjointig_54_11019_37577 9102 12372 26558 -1 -1 3246 2.22108e-05
Chain
	Aln	586	-1605cd15-5884-4f71-8419-8eca98605b64 1 3273 3288 +edge_294_0_+disjointig_54_11019_37577 14185 17455 26558 -1 -1 3246 2.22108e-05
Chain
	Aln	519	+21795603-a4f8-40e6-b785-0650ed3a1029 225 1460 1468 -edge_260_0_+disjointig_98_17878_20179 8 1238 2301 -1 -1 1158 0.00480457
Chain
	Aln	518	-21795603-a4f8-40e6-b785-0650ed3a1029 7 1242 1468 +edge_260_0_+disjointig_98_17878_20179 1062 2292 2301 -1 -1 1158 0.00480457
Chain
	Aln	485	+d3890090-e89a-46da-84f9-b50947477e23 11 23337 23339 -edge_243_0_+disjointig_56_0_49321 14168 37488 49321 -1 -1 23175 0.000784694
Chain
	Aln	484	-d3890090-e89a-46da-84f9-b50947477e23 1 23327 23339 +edge_243_0_+disjointig_56_0_49321 11832 35152 49321 -1 -1 23175 0.000784694
Chain
	Aln	503	+d782dc18-9387-48f4-a5ef-50142ae06281 7 3478 3486 -edge_252_0_+disjointig_68_0_25931 10280 13757 25931 -1 -1 3311 0.00490295
Chain
	Aln	502	-d782dc18-9387-48f4-a5ef-50142ae06281 7 3478 3486 +edge_252_0_+disjointig_68_0_25931 12173 15650 25931 -1 -1 3311 0.00490295
Chain
	Aln	616	+b143e4b0-386a-42b3-8a95-355279995993 3 5052 5056 +edge_309_0_+disjointig_24_7647_16416 1898 6951 8769 -1 -1 5010 0.000619407
Chain
	Aln	617	-b143e4b0-386a-42b3-8a95-355279995993 3 5052 5056 -edge_309_0_+disjointig_24_7647_16416 1817 6870 8769 -1 -1 5010 0.000619407
Chain
	Aln	587	+47589cb6-892b-4f3f-bb26-1d08d9cef6b5 3 19560 19563 -edge_294_0_+disjointig_54_11019_37577 4801 24356 26558 -1 -1 19429 0.000816037
Chain
	Aln	586	-47589cb6-892b-4f3f-bb26-1d08d9cef6b5 2 19559 19563 +edge_294_0_+disjointig_54_11019_37577 2201 21756 26558 -1 -1 19429 0.000816037
Chain
	Aln	399	+9e31d943-c6da-481a-b322-d2e9ea300929 2 5130 23727 -edge_200_0_+disjointig_217_16635_24046 849 6003 7411 -1 -1 4549 0.0115926
Chain
	Aln	398	-9e31d943-c6da-481a-b322-d2e9ea300929 18596 23724 23727 +edge_200_0_+disjointig_217_16635_24046 1407 6561 7411 -1 -1 4549 0.0115926
Chain
	Aln	115	+097d1764-b401-4034-bdc0-33307cc7d0e2 6 1777 1779 -edge_58_0_+disjointig_123_0_14094 2003 3776 14094 -1 -1 1679 0.00376739
Chain
	Aln	114	-097d1764-b401-4034-bdc0-33307cc7d0e2 1 1772 1779 +edge_58_0_+disjointig_123_0_14094 10317 12090 14094 -1 -1 1679 0.00376739
Chain
	Aln	619	+43d67bfa-e283-4fa5-ab82-d4674872ddfd 6 8288 8377 -edge_310_0_+disjointig_26_14870_67398 28022 36303 52528 -1 -1 8230 0
Chain
	Aln	618	-43d67bfa-e283-4fa5-ab82-d4674872ddfd 88 8370 8377 +edge_310_0_+disjointig_26_14870_67398 16224 24505 52528 -1 -1 8230 0
Chain
	Aln	390	+628d933e-8175-42b6-91b1-4c3dfb4af79d 4 3920 3931 +edge_196_0_+disjointig_216_0_4618 4 3923 4618 -1 -1 3736 0.00678999
Chain
	Aln	391	-628d933e-8175-42b6-91b1-4c3dfb4af79d 10 3926 3931 -edge_196_0_+disjointig_216_0_4618 694 4613 4618 -1 -1 3736 0.00678999
Chain
	Aln	423	+81e6d8bc-2f11-48bf-9052-eb276605a43d 5 9412 9416 -edge_212_0_+disjointig_23_0_33555 19120 28531 33555 -1 -1 8940 0.00324301
Chain
	Aln	422	-81e6d8bc-2f11-48bf-9052-eb276605a43d 3 9410 9416 +edge_212_0_+disjointig_23_0_33555 5023 14434 33555 -1 -1 8940 0.00324301
Chain
	Aln	471	+738c9902-e179-4d3e-8a0c-02fc5ec61e5d 2 5463 5470 -edge_236_0_+disjointig_51_0_49461 15388 20856 49461 -1 -1 5413 0.00112172
Chain
	Aln	470	-738c9902-e179-4d3e-8a0c-02fc5ec61e5d 6 5467 5470 +edge_236_0_+disjointig_51_0_49461 28604 34072 49461 -1 -1 5413 0.00112172
Chain
	Aln	93	+d17574eb-80f4-4f45-be0c-83146b027974 1034 10012 10017 -edge_47_0_+disjointig_12_0_8990 4 8985 8990 -1 -1 8943 0.00163419
Chain
	Aln	92	-d17574eb-80f4-4f45-be0c-83146b027974 4 8982 10017 +edge_47_0_+disjointig_12_0_8990 4 8985 8990 -1 -1 8943 0.00163419
Chain
	Aln	619	+4f91c7d2-7a2e-470c-af14-82d2bfe98c53 22 5285 8356 -edge_310_0_+disjointig_26_14870_67398 47263 52527 52528 -1 -1 5228 0.00167646
	Aln	619	+4f91c7d2-7a2e-470c-af14-82d2bfe98c53 5289 8219 8356 -edge_310_0_+disjointig_26_14870_67398 3 2938 52528 -1 -1 2877 0.00171079
Chain
	Aln	618	-4f91c7d2-7a2e-470c-af14-82d2bfe98c53 136 3066 8356 +edge_310_0_+disjointig_26_14870_67398 49589 52524 52528 -1 -1 2877 0.00171079
	Aln	618	-4f91c7d2-7a2e-470c-af14-82d2bfe98c53 3070 8333 8356 +edge_310_0_+disjointig_26_14870_67398 0 5264 52528 -1 -1 5228 0.00167646
Chain
	Aln	229	+647adf98-2aad-452a-877c-fa641621e15d 6 2105 2112 -edge_115_0_+disjointig_162_0_11767 1432 3535 11767 -1 -1 2047 0.00377129
Chain
	Aln	228	-647adf98-2aad-452a-877c-fa641621e15d 6 2105 2112 +edge_115_0_+disjointig_162_0_11767 8231 10334 11767 -1 -1 2047 0.00377129
Chain
	Aln	234	+a7b45c08-35de-4c53-857a-9defe334831b 32 2147 2155 +edge_118_0_+disjointig_166_0_9943 6290 8403 9943 -1 -1 2080 0.00168493
Chain
	Aln	235	-a7b45c08-35de-4c53-857a-9defe334831b 7 2122 2155 -edge_118_0_+disjointig_166_0_9943 1539 3652 9943 -1 -1 2080 0.00168493
Chain
	Aln	313	+27144d39-c636-4218-a39f-83fdd0409cf8 3 15231 15233 -edge_157_0_+disjointig_188_0_21722 6648 21720 21722 -1 -1 14454 0.00445948
Chain
	Aln	312	-27144d39-c636-4218-a39f-83fdd0409cf8 1 15229 15233 +edge_157_0_+disjointig_188_0_21722 1 15073 21722 -1 -1 14454 0.00445948
Chain
	Aln	181	+1d46c78e-0814-48d2-8324-2d76077142f1 8 1222 1356 -edge_91_0_+disjointig_143_0_8150 6134 7349 8150 -1 -1 1211 0.000784085
Chain
	Aln	180	-1d46c78e-0814-48d2-8324-2d76077142f1 133 1347 1356 +edge_91_0_+disjointig_143_0_8150 800 2015 8150 -1 -1 1211 0.000784085
Chain
	Aln	572	+c74897fb-dc95-470d-be45-d8b5bc958b29 7 1291 1577 +edge_287_0_+disjointig_118_0_19552 14014 15298 19552 -1 -1 1179 0.00485217
Chain
	Aln	573	-c74897fb-dc95-470d-be45-d8b5bc958b29 285 1569 1577 -edge_287_0_+disjointig_118_0_19552 4253 5537 19552 -1 -1 1179 0.00485217
Chain
	Aln	115	+e25c1fc7-e4af-43fe-9178-56dea08b3d65 7 5993 6000 -edge_58_0_+disjointig_123_0_14094 5184 11166 14094 -1 -1 5864 0.00139827
Chain
	Aln	114	-e25c1fc7-e4af-43fe-9178-56dea08b3d65 6 5992 6000 +edge_58_0_+disjointig_123_0_14094 2927 8909 14094 -1 -1 5864 0.00139827
Chain
	Aln	619	+74ce40d6-ce89-4ac1-b02a-5aa203ab115f 17 2115 2119 -edge_310_0_+disjointig_26_14870_67398 27569 29667 52528 -1 -1 2066 0.0020062
Chain
	Aln	618	-74ce40d6-ce89-4ac1-b02a-5aa203ab115f 3 2101 2119 +edge_310_0_+disjointig_26_14870_67398 22860 24958 52528 -1 -1 2066 0.0020062
Chain
	Aln	446	+99b0250c-dddd-4d74-9d64-12ac9753a99d 1214 2387 2395 +edge_224_0_+disjointig_4_0_2844 276 1449 2844 -1 -1 1173 0
Chain
	Aln	447	-99b0250c-dddd-4d74-9d64-12ac9753a99d 7 1180 2395 -edge_224_0_+disjointig_4_0_2844 1394 2567 2844 -1 -1 1173 0
Chain
	Aln	619	+df3f097a-5ada-4cfd-ba08-6725ec4a83d8 21 5312 5453 -edge_310_0_+disjointig_26_14870_67398 22586 27903 52528 -1 -1 4746 0.0111643
Chain
	Aln	618	-df3f097a-5ada-4cfd-ba08-6725ec4a83d8 140 5431 5453 +edge_310_0_+disjointig_26_14870_67398 24624 29941 52528 -1 -1 4746 0.0111643
Chain
	Aln	243	+5cdedd3a-b5c6-4018-8078-78da8980cfd8 14 4606 4610 -edge_122_0_+disjointig_17_0_27131 18605 23196 27131 -1 -1 4567 0.00115355
Chain
	Aln	242	-5cdedd3a-b5c6-4018-8078-78da8980cfd8 3 4595 4610 +edge_122_0_+disjointig_17_0_27131 3934 8525 27131 -1 -1 4567 0.00115355
Chain
	Aln	230	+d23e658b-5b7d-4521-bde7-470972cc39dc 1 6395 6401 +edge_116_0_+disjointig_163_0_9677 1 6388 9677 -1 -1 6175 0.00374037
Chain
	Aln	231	-d23e658b-5b7d-4521-bde7-470972cc39dc 5 6399 6401 -edge_116_0_+disjointig_163_0_9677 3288 9675 9677 -1 -1 6175 0.00374037
Chain
	Aln	262	+abbb1277-ae91-4025-a98e-b92608a12c09 12 3170 3175 +edge_132_0_+disjointig_175_0_17909 8156 11316 17909 -1 -1 3127 0.00381886
Chain
	Aln	263	-abbb1277-ae91-4025-a98e-b92608a12c09 4 3162 3175 -edge_132_0_+disjointig_175_0_17909 6592 9752 17909 -1 -1 3127 0.00381886
Chain
	Aln	566	+9c3009ee-1823-4a6c-a340-be3cb00d8a3d 5 1039 1046 +edge_284_3_-disjointig_27_13072_16662 2341 3377 3590 -1 -1 1029 0.00339413
Chain
	Aln	567	-9c3009ee-1823-4a6c-a340-be3cb00d8a3d 6 1040 1046 -edge_284_3_-disjointig_27_13072_16662 212 1248 3590 -1 -1 1029 0.00339413
Chain
	Aln	54	+136431de-ac8c-4e56-8aba-c5a2cef7dc77 3486 12413 12418 +edge_28_0_+disjointig_11_0_8931 1 8927 8931 -1 -1 8761 0.0011308
Chain
	Aln	55	-136431de-ac8c-4e56-8aba-c5a2cef7dc77 4 8931 12418 -edge_28_0_+disjointig_11_0_8931 3 8929 8931 -1 -1 8761 0.0011308
Chain
	Aln	389	+55896569-53ad-4f59-b95a-7f1e34bc98a7 10 3201 3207 -edge_195_0_+disjointig_215_0_10725 7530 10719 10725 -1 -1 3168 0.00171154
Chain
	Aln	388	-55896569-53ad-4f59-b95a-7f1e34bc98a7 5 3196 3207 +edge_195_0_+disjointig_215_0_10725 5 3194 10725 -1 -1 3168 0.00171154
Chain
	Aln	422	+5461312e-879d-483a-8824-b129ca9c093f 11 2917 2925 +edge_212_0_+disjointig_23_0_33555 30642 33548 33555 -1 -1 2866 0.00112668
Chain
	Aln	423	-5461312e-879d-483a-8824-b129ca9c093f 7 2913 2925 -edge_212_0_+disjointig_23_0_33555 6 2912 33555 -1 -1 2866 0.00112668
Chain
	Aln	483	+22715754-fbd5-4f8a-892c-fc82979cc031 411 6746 6784 -edge_242_0_+disjointig_55_0_9315 10 6341 9315 -1 -1 6233 0.00222808
Chain
	Aln	482	-22715754-fbd5-4f8a-892c-fc82979cc031 37 6372 6784 +edge_242_0_+disjointig_55_0_9315 2973 9304 9315 -1 -1 6233 0.00222808
Chain
	Aln	495	+43a63dfc-bc45-4690-9135-59de3456d254 843 1959 1963 -edge_248_0_+disjointig_60_0_12385 10 1126 12385 -1 -1 1077 0.00298461
Chain
	Aln	494	-43a63dfc-bc45-4690-9135-59de3456d254 3 1119 1963 +edge_248_0_+disjointig_60_0_12385 11258 12374 12385 -1 -1 1077 0.00298461
Chain
	Aln	242	+40731bc0-286e-443d-b8e9-5a7b08ed4457 12 5026 5030 +edge_122_0_+disjointig_17_0_27131 19936 24949 27131 -1 -1 4980 3.37826e-05
Chain
	Aln	243	-40731bc0-286e-443d-b8e9-5a7b08ed4457 3 5017 5030 -edge_122_0_+disjointig_17_0_27131 2181 7194 27131 -1 -1 4980 3.37826e-05
Chain
	Aln	273	+705b65ec-649e-4f0f-8767-e27764263e78 7 1108 1732 -edge_137_0_+disjointig_177_0_5712 4610 5711 5712 -1 -1 1101 0
Chain
	Aln	272	-705b65ec-649e-4f0f-8767-e27764263e78 623 1724 1732 +edge_137_0_+disjointig_177_0_5712 0 1101 5712 -1 -1 1101 0
Chain
	Aln	567	+2a1ec006-1901-466f-b5ad-84cb28e196b8 14 2008 2010 -edge_284_3_-disjointig_27_13072_16662 599 2592 3590 -1 -1 1973 0.0016376
Chain
	Aln	566	-2a1ec006-1901-466f-b5ad-84cb28e196b8 1 1995 2010 +edge_284_3_-disjointig_27_13072_16662 997 2990 3590 -1 -1 1973 0.0016376
Chain
	Aln	584	+a4294ec3-7537-4e52-8886-e364cf7df1c7 3 14156 14162 +edge_293_0_+disjointig_147_0_35029 3 14189 35029 -1 -1 13887 0.00280657
Chain
	Aln	585	-a4294ec3-7537-4e52-8886-e364cf7df1c7 5 14158 14162 -edge_293_0_+disjointig_147_0_35029 20839 35025 35029 -1 -1 13887 0.00280657
Chain
	Aln	616	+d7aa61fe-9263-47b9-b2d6-4d90e592af7e 4 2505 2804 +edge_309_0_+disjointig_24_7647_16416 6262 8761 8769 -1 -1 2478 0.00113817
Chain
	Aln	617	-d7aa61fe-9263-47b9-b2d6-4d90e592af7e 298 2799 2804 -edge_309_0_+disjointig_24_7647_16416 7 2506 8769 -1 -1 2478 0.00113817
Chain
	Aln	201	+f3b46a0e-565a-49f7-9959-0b7d553453e2 744 1852 2492 -edge_101_0_+disjointig_152_0_16051 14941 16050 16051 -1 -1 1102 0.000804383
Chain
	Aln	200	-f3b46a0e-565a-49f7-9959-0b7d553453e2 639 1747 2492 +edge_101_0_+disjointig_152_0_16051 0 1109 16051 -1 -1 1102 0.000804383
Chain
	Aln	33	+bedd7da8-4835-42dc-9174-8ad50b10456a 32 1596 1605 -edge_17_0_+disjointig_105_0_37204 30385 31950 37204 -1 -1 1505 0.00303866
Chain
	Aln	32	-bedd7da8-4835-42dc-9174-8ad50b10456a 8 1572 1605 +edge_17_0_+disjointig_105_0_37204 5253 6818 37204 -1 -1 1505 0.00303866
Chain
	Aln	451	+ecd48956-fd53-4a89-b099-5110eec51d9a 13 2418 2420 -edge_226_0_+disjointig_42_0_2422 12 2420 2422 -1 -1 2323 0.00262383
Chain
	Aln	450	-ecd48956-fd53-4a89-b099-5110eec51d9a 1 2406 2420 +edge_226_0_+disjointig_42_0_2422 1 2409 2422 -1 -1 2323 0.00262383
Chain
	Aln	126	+a8c665ae-065d-4c68-8ee0-80bb5a1ba130 0 5338 5341 +edge_64_0_+disjointig_13_0_24381 17611 22940 24381 -1 -1 5242 0
Chain
	Aln	127	-a8c665ae-065d-4c68-8ee0-80bb5a1ba130 2 5340 5341 -edge_64_0_+disjointig_13_0_24381 1440 6769 24381 -1 -1 5242 0
Chain
	Aln	523	+9338395c-5995-4a86-8a98-4fa181ec0c5a 9 6842 6852 -edge_262_0_+disjointig_77_0_16459 7092 13925 16459 -1 -1 6819 0.00138384
Chain
	Aln	522	-9338395c-5995-4a86-8a98-4fa181ec0c5a 9 6842 6852 +edge_262_0_+disjointig_77_0_16459 2533 9366 16459 -1 -1 6819 0.00138384
Chain
	Aln	587	+bc0d47f6-20f5-450d-919a-a6b1c7726855 2 1025 1028 -edge_294_0_+disjointig_54_11019_37577 3955 4978 26558 -1 -1 1023 0.000690362
Chain
	Aln	586	-bc0d47f6-20f5-450d-919a-a6b1c7726855 2 1025 1028 +edge_294_0_+disjointig_54_11019_37577 21579 22602 26558 -1 -1 1023 0.000690362
Chain
	Aln	212	+30156cc5-cf9c-4249-80fd-cc877bdce5c9 9 1293 1300 +edge_107_0_+disjointig_155_0_2379 686 1970 2379 -1 -1 1284 0
Chain
	Aln	213	-30156cc5-cf9c-4249-80fd-cc877bdce5c9 6 1290 1300 -edge_107_0_+disjointig_155_0_2379 408 1692 2379 -1 -1 1284 0
Chain
	Aln	513	+998e0be0-4c50-420a-a422-b4a218748a01 6 1335 1337 -edge_257_0_+disjointig_73_0_22764 4805 6132 22764 -1 -1 1325 0.00187477
Chain
	Aln	512	-998e0be0-4c50-420a-a422-b4a218748a01 1 1330 1337 +edge_257_0_+disjointig_73_0_22764 16631 17958 22764 -1 -1 1325 0.00187477
Chain
	Aln	596	+f23f78e7-6089-4390-ab8e-99f64cb19f66 8 5918 5930 +edge_299_0_-disjointig_3_3692_21281 11666 17578 17589 -1 -1 5749 0.00433704
Chain
	Aln	597	-f23f78e7-6089-4390-ab8e-99f64cb19f66 11 5921 5930 -edge_299_0_-disjointig_3_3692_21281 10 5922 17589 -1 -1 5749 0.00433704
Chain
	Aln	611	+2715d593-6458-4faa-99c3-5e820ad0ff28 11 1457 7245 -edge_306_0_-disjointig_98_14915_17113 746 2197 2198 -1 -1 1425 0.00360867
	Aln	358	+2715d593-6458-4faa-99c3-5e820ad0ff28 1458 7013 7245 +edge_180_0_+disjointig_98_5264_16229 1 5557 10965 -1 -1 5502 0.00103991
Chain
	Aln	359	-2715d593-6458-4faa-99c3-5e820ad0ff28 231 5786 7245 -edge_180_0_+disjointig_98_5264_16229 5407 10963 10965 -1 -1 5502 0.00103991
	Aln	610	-2715d593-6458-4faa-99c3-5e820ad0ff28 5787 7233 7245 +edge_306_0_-disjointig_98_14915_17113 0 1451 2198 -1 -1 1425 0.00360867
Chain
	Aln	31	+430d6157-5aad-4833-b17c-6a9960a5e06c 13 10565 10570 -edge_16_0_+disjointig_104_0_24625 12 10484 24625 -1 -1 10146 0.00434154
Chain
	Aln	30	-430d6157-5aad-4833-b17c-6a9960a5e06c 4 10556 10570 +edge_16_0_+disjointig_104_0_24625 14140 24612 24625 -1 -1 10146 0.00434154
Chain
	Aln	90	+7dd383aa-6ad7-4c5e-b651-b1bf1cbe9a86 3 7718 7725 +edge_46_0_+disjointig_119_0_19618 11895 19612 19618 -1 -1 7696 0
Chain
	Aln	91	-7dd383aa-6ad7-4c5e-b651-b1bf1cbe9a86 6 7721 7725 -edge_46_0_+disjointig_119_0_19618 5 7722 19618 -1 -1 7696 0
Chain
	Aln	291	+bab7cf48-c909-4404-a115-44dcc0018cfe 12 3878 3886 -edge_146_0_+disjointig_182_0_5974 11 3874 5974 -1 -1 3722 0.00479135
Chain
	Aln	290	-bab7cf48-c909-4404-a115-44dcc0018cfe 7 3873 3886 +edge_146_0_+disjointig_182_0_5974 2099 5962 5974 -1 -1 3722 0.00479135
Chain
	Aln	114	+63aa7522-b237-4d68-a621-794b5836ca8e 10 5222 5603 +edge_58_0_+disjointig_123_0_14094 3157 8476 14094 -1 -1 4824 0.00700745
Chain
	Aln	115	-63aa7522-b237-4d68-a621-794b5836ca8e 380 5592 5603 -edge_58_0_+disjointig_123_0_14094 5617 10936 14094 -1 -1 4824 0.00700745
Chain
	Aln	618	+bf8483b4-e9ba-4829-89ee-ac454522cb58 3 2439 2447 +edge_310_0_+disjointig_26_14870_67398 22430 24865 52528 -1 -1 2420 0.00120085
Chain
	Aln	619	-bf8483b4-e9ba-4829-89ee-ac454522cb58 7 2443 2447 -edge_310_0_+disjointig_26_14870_67398 27662 30097 52528 -1 -1 2420 0.00120085
Chain
	Aln	441	+6a1d8179-a96e-4291-8c72-9b83176f695d 12 1468 1470 -edge_221_0_+disjointig_36_0_10218 6061 7517 10218 -1 -1 1448 0.00147645
Chain
	Aln	440	-6a1d8179-a96e-4291-8c72-9b83176f695d 1 1457 1470 +edge_221_0_+disjointig_36_0_10218 2700 4156 10218 -1 -1 1448 0.00147645
Chain
	Aln	585	+5ef13154-5c2e-41ed-a89c-c4f9515d1838 10 3250 3255 -edge_293_0_+disjointig_147_0_35029 17031 20271 35029 -1 -1 3218 0
Chain
	Aln	584	-5ef13154-5c2e-41ed-a89c-c4f9515d1838 4 3244 3255 +edge_293_0_+disjointig_147_0_35029 14757 17997 35029 -1 -1 3218 0
Chain
	Aln	183	+50ad7352-fd67-4f13-ab86-e36012f54a7a 10 2592 2601 -edge_92_0_+disjointig_144_0_5398 2804 5389 5398 -1 -1 2570 0.000362992
Chain
	Aln	182	-50ad7352-fd67-4f13-ab86-e36012f54a7a 8 2590 2601 +edge_92_0_+disjointig_144_0_5398 8 2593 5398 -1 -1 2570 0.000362992
Chain
	Aln	132	+2af98676-da0d-4694-8630-afbe91789324 2 3323 3328 +edge_67_0_+disjointig_132_0_16726 3033 6350 16726 -1 -1 3289 9.04519e-06
Chain
	Aln	133	-2af98676-da0d-4694-8630-afbe91789324 4 3325 3328 -edge_67_0_+disjointig_132_0_16726 10375 13692 16726 -1 -1 3289 9.04519e-06
Chain
	Aln	505	+d9d174e3-2d85-4203-aef5-53bd797e2068 12 9247 9251 -edge_253_0_+disjointig_69_0_13671 11 9239 13671 -1 -1 9076 0.00195033
Chain
	Aln	504	-d9d174e3-2d85-4203-aef5-53bd797e2068 3 9238 9251 +edge_253_0_+disjointig_69_0_13671 4431 13659 13671 -1 -1 9076 0.00195033
Chain
	Aln	617	+08624a3b-e30d-494f-97e6-aaee1d220cef 8 1204 1207 -edge_309_0_+disjointig_24_7647_16416 6857 8057 8769 -1 -1 1187 0.00311342
Chain
	Aln	616	-08624a3b-e30d-494f-97e6-aaee1d220cef 2 1198 1207 +edge_309_0_+disjointig_24_7647_16416 711 1911 8769 -1 -1 1187 0.00311342
Chain
	Aln	107	+9e69d647-1dab-4470-8744-e8be534fb0e4 21 1222 1231 -edge_54_0_+disjointig_31_5413_20308 8850 10053 14895 -1 -1 1196 0
Chain
	Aln	106	-9e69d647-1dab-4470-8744-e8be534fb0e4 8 1209 1231 +edge_54_0_+disjointig_31_5413_20308 4841 6044 14895 -1 -1 1196 0
Chain
	Aln	496	+f0e8446d-e25e-4e2c-9e09-277505ccd524 10 5207 5210 +edge_249_0_+disjointig_64_0_17082 274 5474 17082 -1 -1 5048 0.0037539
Chain
	Aln	497	-f0e8446d-e25e-4e2c-9e09-277505ccd524 2 5199 5210 -edge_249_0_+disjointig_64_0_17082 11607 16807 17082 -1 -1 5048 0.0037539
Chain
	Aln	476	+027bf03e-47d5-474c-a56d-ba2f6ec69046 7 4410 4416 +edge_239_0_-disjointig_75_18849_28334 2198 6601 9485 -1 -1 3845 0.01364
Chain
	Aln	477	-027bf03e-47d5-474c-a56d-ba2f6ec69046 5 4408 4416 -edge_239_0_-disjointig_75_18849_28334 2883 7286 9485 -1 -1 3845 0.01364
Chain
	Aln	195	+567636ef-0648-420f-bcab-aea931a0da70 27 1489 2393 -edge_98_0_+disjointig_15_0_6588 5126 6587 6588 -1 -1 1453 0.000809868
Chain
	Aln	194	-567636ef-0648-420f-bcab-aea931a0da70 903 2365 2393 +edge_98_0_+disjointig_15_0_6588 0 1461 6588 -1 -1 1453 0.000809868
Chain
	Aln	261	+98ce91e9-b101-41f1-86a1-972fb247fd16 6 5878 5880 -edge_131_0_+disjointig_174_0_9837 5 5872 9837 -1 -1 5733 0.00195927
Chain
	Aln	260	-98ce91e9-b101-41f1-86a1-972fb247fd16 1 5873 5880 +edge_131_0_+disjointig_174_0_9837 3964 9831 9837 -1 -1 5733 0.00195927
Chain
	Aln	242	+ae673897-4285-428f-88d1-e26933973588 4 2788 2803 +edge_122_0_+disjointig_17_0_27131 2983 5772 27131 -1 -1 2652 0.00320912
Chain
	Aln	243	-ae673897-4285-428f-88d1-e26933973588 14 2798 2803 -edge_122_0_+disjointig_17_0_27131 21358 24147 27131 -1 -1 2652 0.00320912
Chain
	Aln	221	+1db2f767-69dc-45d8-b22c-2a15751b12bd 4 1174 1179 -edge_111_0_+disjointig_159_0_5478 3861 5031 5478 -1 -1 1164 0.00191038
Chain
	Aln	220	-1db2f767-69dc-45d8-b22c-2a15751b12bd 4 1174 1179 +edge_111_0_+disjointig_159_0_5478 446 1616 5478 -1 -1 1164 0.00191038
Chain
	Aln	106	+d0568d5c-cb5b-4f7b-a4a7-658d3d0c7e10 10 1299 1305 +edge_54_0_+disjointig_31_5413_20308 1503 2794 14895 -1 -1 1277 0
Chain
	Aln	107	-d0568d5c-cb5b-4f7b-a4a7-658d3d0c7e10 5 1294 1305 -edge_54_0_+disjointig_31_5413_20308 12100 13391 14895 -1 -1 1277 0
Chain
	Aln	409	+ebd02b00-f8d2-444f-b5dd-9912be497066 6 3487 3489 -edge_205_0_+disjointig_219_0_13673 10188 13671 13673 -1 -1 3423 0.00300677
Chain
	Aln	408	-ebd02b00-f8d2-444f-b5dd-9912be497066 1 3482 3489 +edge_205_0_+disjointig_219_0_13673 1 3484 13673 -1 -1 3423 0.00300677
Chain
	Aln	432	+b8670737-bd73-4625-a6f1-743a0d2d6d83 2 1106 1108 +edge_217_0_+disjointig_30_0_22207 3560 4665 22207 -1 -1 1082 0.00364036
Chain
	Aln	433	-b8670737-bd73-4625-a6f1-743a0d2d6d83 1 1105 1108 -edge_217_0_+disjointig_30_0_22207 17541 18646 22207 -1 -1 1082 0.00364036
Chain
	Aln	570	+a0364991-8976-4a58-9571-f660c3c10653 19 1328 1336 +edge_286_0_+disjointig_107_2095_17520 1616 2919 15425 -1 -1 1078 0.0178212
Chain
	Aln	571	-a0364991-8976-4a58-9571-f660c3c10653 7 1316 1336 -edge_286_0_+disjointig_107_2095_17520 12505 13808 15425 -1 -1 1078 0.0178212
Chain
	Aln	242	+c93d4425-781c-46a5-9f5c-7f98b59927c3 12 1119 1127 +edge_122_0_+disjointig_17_0_27131 15495 16602 27131 -1 -1 1107 0
Chain
	Aln	243	-c93d4425-781c-46a5-9f5c-7f98b59927c3 7 1114 1127 -edge_122_0_+disjointig_17_0_27131 10528 11635 27131 -1 -1 1107 0
Chain
	Aln	114	+77d0c782-ba0d-4f99-81fd-b217faa52938 4 10013 10054 +edge_58_0_+disjointig_123_0_14094 4 10038 14094 -1 -1 9570 0.00419922
Chain
	Aln	115	-77d0c782-ba0d-4f99-81fd-b217faa52938 40 10049 10054 -edge_58_0_+disjointig_123_0_14094 4055 14089 14094 -1 -1 9570 0.00419922
Chain
	Aln	485	+b626603d-8acf-49a9-9a8d-2bc03a558aa0 7 1951 1960 -edge_243_0_+disjointig_56_0_49321 26251 28195 49321 -1 -1 1917 0.00201676
Chain
	Aln	484	-b626603d-8acf-49a9-9a8d-2bc03a558aa0 8 1952 1960 +edge_243_0_+disjointig_56_0_49321 21125 23069 49321 -1 -1 1917 0.00201676
Chain
	Aln	448	+b2f662cd-157d-4e11-b7c0-5526b6d4439b 4877 6008 6013 +edge_225_0_+disjointig_40_0_20039 3064 4195 20039 -1 -1 1102 0.00469635
Chain
	Aln	449	-b2f662cd-157d-4e11-b7c0-5526b6d4439b 4 1135 6013 -edge_225_0_+disjointig_40_0_20039 15843 16974 20039 -1 -1 1102 0.00469635
Chain
	Aln	521	+3177533b-ef57-4cde-8574-aace7e01845e 13 3048 3051 -edge_261_0_+disjointig_76_0_7029 12 3046 7029 -1 -1 3002 0
Chain
	Aln	520	-3177533b-ef57-4cde-8574-aace7e01845e 2 3037 3051 +edge_261_0_+disjointig_76_0_7029 3982 7016 7029 -1 -1 3002 0
Chain
	Aln	60	+9c7d0e38-7fff-46cb-b5c3-5bc4f728c429 18 3779 4194 +edge_31_0_+disjointig_112_0_7290 3530 7287 7290 -1 -1 3663 0.00436931
Chain
	Aln	61	-9c7d0e38-7fff-46cb-b5c3-5bc4f728c429 414 4175 4194 -edge_31_0_+disjointig_112_0_7290 2 3759 7290 -1 -1 3663 0.00436931
Chain
	Aln	618	+1634af69-d756-4870-bb15-f19a5fb58d76 29 5828 5865 +edge_310_0_+disjointig_26_14870_67398 526 6400 52528 -1 -1 5535 0.00680703
Chain
	Aln	619	-1634af69-d756-4870-bb15-f19a5fb58d76 36 5835 5865 -edge_310_0_+disjointig_26_14870_67398 46127 52001 52528 -1 -1 5535 0.00680703
Chain
	Aln	480	+529494a6-cb8b-429d-91e4-17d44e2cc09b 16 1811 1824 +edge_241_0_+disjointig_53_0_23045 19738 21537 23045 -1 -1 1770 0.00251238
Chain
	Aln	481	-529494a6-cb8b-429d-91e4-17d44e2cc09b 12 1807 1824 -edge_241_0_+disjointig_53_0_23045 1507 3306 23045 -1 -1 1770 0.00251238
Chain
	Aln	554	+5bab6685-2e1f-4356-abd1-37e504532a69 7450 17158 17162 +edge_278_0_+disjointig_93_0_9691 1 9688 9691 -1 -1 8074 0.0141688
Chain
	Aln	243	+5bab6685-2e1f-4356-abd1-37e504532a69 27 4783 17162 -edge_122_0_+disjointig_17_0_27131 22352 27110 27131 -1 -1 4530 0.00574912
Chain
	Aln	555	-5bab6685-2e1f-4356-abd1-37e504532a69 3 9711 17162 -edge_278_0_+disjointig_93_0_9691 2 9689 9691 -1 -1 8074 0.0141688
Chain
	Aln	242	-5bab6685-2e1f-4356-abd1-37e504532a69 12378 17134 17162 +edge_122_0_+disjointig_17_0_27131 20 4778 27131 -1 -1 4530 0.00574912
Chain
	Aln	458	+9e13a2a1-d459-4fec-bb8d-77652e6291ac 20 4218 4222 +edge_230_0_+disjointig_46_0_27645 11990 16192 27645 -1 -1 4188 0
Chain
	Aln	459	-9e13a2a1-d459-4fec-bb8d-77652e6291ac 3 4201 4222 -edge_230_0_+disjointig_46_0_27645 11452 15654 27645 -1 -1 4188 0
Chain
	Aln	32	+ba3259f3-9bfc-4a6f-bc5e-8ae2f1e0e866 7 5045 5050 +edge_17_0_+disjointig_105_0_37204 21258 26302 37204 -1 -1 4904 0.00283465
Chain
	Aln	33	-ba3259f3-9bfc-4a6f-bc5e-8ae2f1e0e866 4 5042 5050 -edge_17_0_+disjointig_105_0_37204 10901 15945 37204 -1 -1 4904 0.00283465
Chain
	Aln	549	+409c31eb-9fc2-469d-bf06-2d5592021e4f 5 11794 11796 -edge_275_0_+disjointig_9_0_50887 22303 34088 50887 -1 -1 11611 0.00124758
Chain
	Aln	548	-409c31eb-9fc2-469d-bf06-2d5592021e4f 1 11790 11796 +edge_275_0_+disjointig_9_0_50887 16798 28583 50887 -1 -1 11611 0.00124758
Chain
	Aln	493	+482fed51-3ede-4734-a9be-f9292d0ca80b 15 3049 3051 -edge_247_0_+disjointig_6_0_23019 9215 12253 23019 -1 -1 3006 0.00117451
Chain
	Aln	492	-482fed51-3ede-4734-a9be-f9292d0ca80b 1 3035 3051 +edge_247_0_+disjointig_6_0_23019 10765 13803 23019 -1 -1 3006 0.00117451
Chain
	Aln	3	+3592ab0b-ba39-4762-a7e7-d2f7326bd6ae 13 15889 15894 -edge_2_0_+disjointig_10_0_15894 12 15889 15894 -1 -1 15694 0.00121393
Chain
	Aln	2	-3592ab0b-ba39-4762-a7e7-d2f7326bd6ae 4 15880 15894 +edge_2_0_+disjointig_10_0_15894 4 15881 15894 -1 -1 15694 0.00121393
Chain
	Aln	437	+d974dd8f-6875-46f7-8422-2708fc66400d 12 3519 3529 -edge_219_0_+disjointig_34_0_8639 5116 8629 8639 -1 -1 3384 0.00520486
Chain
	Aln	436	-d974dd8f-6875-46f7-8422-2708fc66400d 9 3516 3529 +edge_219_0_+disjointig_34_0_8639 9 3522 8639 -1 -1 3384 0.00520486
Chain
	Aln	617	+2bf1440b-22ae-4955-9e3e-f0b475f6a535 9 1580 1585 -edge_309_0_+disjointig_24_7647_16416 1343 2913 8769 -1 -1 1546 0.00153986
Chain
	Aln	616	-2bf1440b-22ae-4955-9e3e-f0b475f6a535 4 1575 1585 +edge_309_0_+disjointig_24_7647_16416 5855 7425 8769 -1 -1 1546 0.00153986
Chain
	Aln	548	+aa3b67eb-b633-4f18-b115-9d300c66d36e 20 2037 2040 +edge_275_0_+disjointig_9_0_50887 10429 12442 50887 -1 -1 1978 0.00264836
Chain
	Aln	549	-aa3b67eb-b633-4f18-b115-9d300c66d36e 2 2019 2040 -edge_275_0_+disjointig_9_0_50887 38444 40457 50887 -1 -1 1978 0.00264836
Chain
	Aln	132	+96e64405-0b4f-460f-b235-5c3b0d461bb4 1 6418 6420 +edge_67_0_+disjointig_132_0_16726 1 6423 16726 -1 -1 6310 0.00134963
Chain
	Aln	133	-96e64405-0b4f-460f-b235-5c3b0d461bb4 1 6418 6420 -edge_67_0_+disjointig_132_0_16726 10302 16724 16726 -1 -1 6310 0.00134963
Chain
	Aln	327	+ab9f024d-ddbb-48d7-82e0-3673b1270816 29 1763 1803 -edge_164_0_+disjointig_192_0_6857 1410 3145 6857 -1 -1 1705 0.00347828
Chain
	Aln	326	-ab9f024d-ddbb-48d7-82e0-3673b1270816 39 1773 1803 +edge_164_0_+disjointig_192_0_6857 3711 5446 6857 -1 -1 1705 0.00347828
Chain
	Aln	33	+7941d914-8069-421a-a22d-6056ff85ab18 11 4391 4477 -edge_17_0_+disjointig_105_0_37204 16358 20743 37204 -1 -1 4353 0.00109773
Chain
	Aln	32	-7941d914-8069-421a-a22d-6056ff85ab18 85 4465 4477 +edge_17_0_+disjointig_105_0_37204 16460 20845 37204 -1 -1 4353 0.00109773
Chain
	Aln	227	+5363b17d-6a5a-4f0d-a909-4218b01585f3 8 2569 2571 -edge_114_0_+disjointig_161_0_2568 7 2566 2568 -1 -1 2487 0.00293152
Chain
	Aln	226	-5363b17d-6a5a-4f0d-a909-4218b01585f3 1 2562 2571 +edge_114_0_+disjointig_161_0_2568 1 2560 2568 -1 -1 2487 0.00293152
Chain
	Aln	2	+495bdd17-10ea-432a-afc2-35a8c7b974bf 23 15888 15899 +edge_2_0_+disjointig_10_0_15894 4 15863 15894 -1 -1 15715 0.00096086
Chain
	Aln	3	-495bdd17-10ea-432a-afc2-35a8c7b974bf 10 15875 15899 -edge_2_0_+disjointig_10_0_15894 30 15889 15894 -1 -1 15715 0.00096086
Chain
	Aln	618	+a64fe1db-37b4-48db-a822-827018969fd1 42 9070 9078 +edge_310_0_+disjointig_26_14870_67398 14276 23321 52528 -1 -1 8706 0.00257509
Chain
	Aln	619	-a64fe1db-37b4-48db-a822-827018969fd1 7 9035 9078 -edge_310_0_+disjointig_26_14870_67398 29206 38251 52528 -1 -1 8706 0.00257509
Chain
	Aln	68	+f7d7dea9-b34a-46db-8a76-3ce271232d56 16 3422 3424 +edge_35_0_+disjointig_117_0_15377 11866 15268 15377 -1 -1 3358 0.00120278
Chain
	Aln	69	-f7d7dea9-b34a-46db-8a76-3ce271232d56 1 3407 3424 -edge_35_0_+disjointig_117_0_15377 108 3510 15377 -1 -1 3358 0.00120278
Chain
	Aln	382	+e92980c1-baf6-406a-a2df-c66a477d24c2 10 1795 1798 +edge_192_0_+disjointig_212_0_2754 597 2378 2754 -1 -1 1675 0.00655733
Chain
	Aln	383	-e92980c1-baf6-406a-a2df-c66a477d24c2 2 1787 1798 -edge_192_0_+disjointig_212_0_2754 375 2156 2754 -1 -1 1675 0.00655733
Chain
	Aln	436	+f2f9808a-a437-4bf3-82ea-7eca7519e4b6 2869 9700 9708 +edge_219_0_+disjointig_34_0_8639 9 7077 8639 -1 -1 5500 0.0103807
Chain
	Aln	437	-f2f9808a-a437-4bf3-82ea-7eca7519e4b6 7 6838 9708 -edge_219_0_+disjointig_34_0_8639 1561 8629 8639 -1 -1 5500 0.0103807
Chain
	Aln	92	+a8e49413-88b7-4864-9f6c-bfce9c4c27c6 8 2444 2446 +edge_47_0_+disjointig_12_0_8990 3782 6220 8990 -1 -1 2409 0.00332792
Chain
	Aln	93	-a8e49413-88b7-4864-9f6c-bfce9c4c27c6 1 2437 2446 -edge_47_0_+disjointig_12_0_8990 2769 5207 8990 -1 -1 2409 0.00332792
Chain
	Aln	549	+88b09f5d-30c6-4e18-b59c-59187d08f25d 21 1697 1706 -edge_275_0_+disjointig_9_0_50887 34102 35776 50887 -1 -1 1664 0.00305484
Chain
	Aln	548	-88b09f5d-30c6-4e18-b59c-59187d08f25d 8 1684 1706 +edge_275_0_+disjointig_9_0_50887 15110 16784 50887 -1 -1 1664 0.00305484
Chain
	Aln	65	+d97e6c8d-0db3-4821-bab2-428af6eeb1b8 34 4207 9148 -edge_33_0_+disjointig_114_0_23907 19679 23906 23907 -1 -1 3461 0.0161897
Chain
	Aln	64	-d97e6c8d-0db3-4821-bab2-428af6eeb1b8 4940 9113 9148 +edge_33_0_+disjointig_114_0_23907 0 4227 23907 -1 -1 3461 0.0161897
Chain
	Aln	20	+61f938c4-404e-4901-990c-175124f534d2 8 1157 1161 +edge_11_0_+disjointig_101_5646_16918 3898 5054 11272 -1 -1 1131 0.00265478
Chain
	Aln	21	-61f938c4-404e-4901-990c-175124f534d2 3 1152 1161 -edge_11_0_+disjointig_101_5646_16918 6217 7373 11272 -1 -1 1131 0.00265478
Chain
	Aln	422	+885589a3-f2e9-4c65-8d16-a3ecc5e2bf8e 11 3669 3678 +edge_212_0_+disjointig_23_0_33555 19311 22967 33555 -1 -1 3634 0.00292233
Chain
	Aln	423	-885589a3-f2e9-4c65-8d16-a3ecc5e2bf8e 8 3666 3678 -edge_212_0_+disjointig_23_0_33555 10587 14243 33555 -1 -1 3634 0.00292233
Chain
	Aln	529	+10b5ea51-b2f1-4638-8630-cac89a45094d 6 4135 4137 -edge_265_0_+disjointig_8_0_6402 2275 6400 6402 -1 -1 3742 0.0088455
Chain
	Aln	528	-10b5ea51-b2f1-4638-8630-cac89a45094d 1 4130 4137 +edge_265_0_+disjointig_8_0_6402 1 4126 6402 -1 -1 3742 0.0088455
Chain
	Aln	393	+50d0c559-cc53-451e-88d2-81d64d465ca0 12 2018 2028 -edge_197_0_+disjointig_217_0_14938 12748 14754 14938 -1 -1 1940 0.00421056
Chain
	Aln	392	-50d0c559-cc53-451e-88d2-81d64d465ca0 9 2015 2028 +edge_197_0_+disjointig_217_0_14938 183 2189 14938 -1 -1 1940 0.00421056
Chain
	Aln	33	+2febd835-8ab1-4331-9d7b-304468efb73b 6 10986 10990 -edge_17_0_+disjointig_105_0_37204 26218 37200 37204 -1 -1 10623 0.00262382
Chain
	Aln	32	-2febd835-8ab1-4331-9d7b-304468efb73b 3 10983 10990 +edge_17_0_+disjointig_105_0_37204 3 10985 37204 -1 -1 10623 0.00262382
Chain
	Aln	97	+5e0b4e5c-2561-4839-9cc5-22e6a2521286 1614 3056 4250 -edge_49_0_+disjointig_120_12549_14002 12 1452 1453 -1 -1 1422 0.00206381
Chain
	Aln	96	-5e0b4e5c-2561-4839-9cc5-22e6a2521286 1193 2635 4250 +edge_49_0_+disjointig_120_12549_14002 0 1440 1453 -1 -1 1422 0.00206381
Chain
	Aln	423	+b8124b36-ef8d-4ce8-bd0c-f0d0ded3edab 6 5947 5956 -edge_212_0_+disjointig_23_0_33555 14256 20200 33555 -1 -1 5882 0
Chain
	Aln	422	-b8124b36-ef8d-4ce8-bd0c-f0d0ded3edab 8 5949 5956 +edge_212_0_+disjointig_23_0_33555 13354 19298 33555 -1 -1 5882 0
Chain
	Aln	607	+621e6f2b-8b0d-46b3-b4eb-ff91b2dba003 128 7377 7406 -edge_304_0_+disjointig_197_0_16178 15 7266 16178 -1 -1 7094 0.00160902
Chain
	Aln	606	-621e6f2b-8b0d-46b3-b4eb-ff91b2dba003 28 7277 7406 +edge_304_0_+disjointig_197_0_16178 8911 16162 16178 -1 -1 7094 0.00160902
Chain
	Aln	497	+3f354875-3367-40fe-822f-a9ebd781f46d 10 6304 6309 -edge_249_0_+disjointig_64_0_17082 10785 17077 17082 -1 -1 5597 0.0110561
Chain
	Aln	496	-3f354875-3367-40fe-822f-a9ebd781f46d 4 6298 6309 +edge_249_0_+disjointig_64_0_17082 4 6296 17082 -1 -1 5597 0.0110561
Chain
	Aln	98	+e3ce5212-67f4-447d-96eb-debc6c8c4226 7 6639 6644 +edge_50_0_-disjointig_20_27042_46521 7770 14400 19479 -1 -1 6565 0.0010569
Chain
	Aln	99	-e3ce5212-67f4-447d-96eb-debc6c8c4226 4 6636 6644 -edge_50_0_-disjointig_20_27042_46521 5078 11708 19479 -1 -1 6565 0.0010569
Chain
	Aln	618	+29e027ff-1818-4db7-a1c6-465b5aa76eae 8 7537 7541 +edge_310_0_+disjointig_26_14870_67398 41131 48654 52528 -1 -1 6557 0.0138964
Chain
	Aln	619	-29e027ff-1818-4db7-a1c6-465b5aa76eae 3 7532 7541 -edge_310_0_+disjointig_26_14870_67398 3873 11396 52528 -1 -1 6557 0.0138964
Chain
	Aln	618	+89c131fa-8fba-4081-83c0-6dcd41a5d5b2 12 2833 2851 +edge_310_0_+disjointig_26_14870_67398 47117 49943 52528 -1 -1 2526 0.014024
Chain
	Aln	619	-89c131fa-8fba-4081-83c0-6dcd41a5d5b2 17 2838 2851 -edge_310_0_+disjointig_26_14870_67398 2584 5410 52528 -1 -1 2526 0.014024
Chain
	Aln	497	+0a84267f-20dc-45c0-b147-e470643e0d93 9 8127 8130 -edge_249_0_+disjointig_64_0_17082 3268 11378 17082 -1 -1 7214 0.0104109
Chain
	Aln	496	-0a84267f-20dc-45c0-b147-e470643e0d93 2 8120 8130 +edge_249_0_+disjointig_64_0_17082 5703 13813 17082 -1 -1 7214 0.0104109
Chain
	Aln	287	+d8fa66c9-b826-4bfa-ae8f-24be0a52af88 5 1630 2115 -edge_144_0_+disjointig_180_0_22896 10132 11757 22896 -1 -1 1625 0.00062749
Chain
	Aln	286	-d8fa66c9-b826-4bfa-ae8f-24be0a52af88 484 2109 2115 +edge_144_0_+disjointig_180_0_22896 11138 12763 22896 -1 -1 1625 0.00062749
Chain
	Aln	589	+835843b1-451b-4b3e-bce1-e6b3d1494f4d 29 4582 4584 -edge_295_0_+disjointig_153_0_5934 1380 5932 5934 -1 -1 4533 0
Chain
	Aln	588	-835843b1-451b-4b3e-bce1-e6b3d1494f4d 1 4554 4584 +edge_295_0_+disjointig_153_0_5934 1 4553 5934 -1 -1 4533 0
Chain
	Aln	286	+c3277b6f-b1bb-4434-aad6-7b6d0bcb0766 7 3880 4007 +edge_144_0_+disjointig_180_0_22896 2847 6720 22896 -1 -1 3852 0.00354543
Chain
	Aln	287	-c3277b6f-b1bb-4434-aad6-7b6d0bcb0766 126 3999 4007 -edge_144_0_+disjointig_180_0_22896 16175 20048 22896 -1 -1 3852 0.00354543
Chain
	Aln	618	+7b378b37-3651-4a83-a58d-fb7bb03d05d9 1 1295 6349 +edge_310_0_+disjointig_26_14870_67398 51227 52526 52528 -1 -1 1278 0.00180776
	Aln	618	+7b378b37-3651-4a83-a58d-fb7bb03d05d9 1298 6347 6349 +edge_310_0_+disjointig_26_14870_67398 1 5085 52528 -1 -1 4760 0.00721299
Chain
	Aln	619	-7b378b37-3651-4a83-a58d-fb7bb03d05d9 1 5050 6349 -edge_310_0_+disjointig_26_14870_67398 47442 52526 52528 -1 -1 4760 0.00721299
	Aln	619	-7b378b37-3651-4a83-a58d-fb7bb03d05d9 5053 6347 6349 -edge_310_0_+disjointig_26_14870_67398 1 1300 52528 -1 -1 1278 0.00180776
Chain
	Aln	497	+d103d18c-28ac-4077-94af-8ce44251fa6a 27 4778 4780 -edge_249_0_+disjointig_64_0_17082 9231 13982 17082 -1 -1 4724 0
Chain
	Aln	496	-d103d18c-28ac-4077-94af-8ce44251fa6a 1 4752 4780 +edge_249_0_+disjointig_64_0_17082 3099 7850 17082 -1 -1 4724 0
Chain
	Aln	286	+c6b5f85b-5f4f-4c0b-8353-17d7daf885a3 3 2104 2111 +edge_144_0_+disjointig_180_0_22896 17841 19946 22896 -1 -1 2060 0.00172325
Chain
	Aln	287	-c6b5f85b-5f4f-4c0b-8353-17d7daf885a3 6 2107 2111 -edge_144_0_+disjointig_180_0_22896 2949 5054 22896 -1 -1 2060 0.00172325
Chain
	Aln	267	+55efb3d0-e636-4bd8-9167-1c6eb7487e2d 17 12899 12904 -edge_134_0_+disjointig_176_2697_26044 16 12853 23347 -1 -1 11588 0.0102126
Chain
	Aln	266	-55efb3d0-e636-4bd8-9167-1c6eb7487e2d 4 12886 12904 +edge_134_0_+disjointig_176_2697_26044 10493 23330 23347 -1 -1 11588 0.0102126
Chain
	Aln	169	+26431aa7-85a3-48e9-bbe8-822955c54237 24 4073 5810 -edge_85_0_+disjointig_138_0_19002 14965 19001 19002 -1 -1 2789 0.029223
Chain
	Aln	168	-26431aa7-85a3-48e9-bbe8-822955c54237 1736 5785 5810 +edge_85_0_+disjointig_138_0_19002 0 4036 19002 -1 -1 2789 0.029223
Chain
	Aln	494	+ac4d8d13-2e3a-4e88-a317-6ecaf8021213 11 2130 2150 +edge_248_0_+disjointig_60_0_12385 2396 4514 12385 -1 -1 2112 0.000544461
Chain
	Aln	495	-ac4d8d13-2e3a-4e88-a317-6ecaf8021213 19 2138 2150 -edge_248_0_+disjointig_60_0_12385 7870 9988 12385 -1 -1 2112 0.000544461
Chain
	Aln	484	+f0d8731b-3a0b-4f69-a3ce-b95e33ffe62e 8 9546 9553 +edge_243_0_+disjointig_56_0_49321 27427 36967 49321 -1 -1 9461 0.000537825
Chain
	Aln	485	-f0d8731b-3a0b-4f69-a3ce-b95e33ffe62e 6 9544 9553 -edge_243_0_+disjointig_56_0_49321 12353 21893 49321 -1 -1 9461 0.000537825
Chain
	Aln	277	+929d8644-9061-4836-8433-cc89222aa540 9 5128 5130 -edge_139_0_+disjointig_179_0_16477 7085 12203 16477 -1 -1 5081 0.000607908
Chain
	Aln	276	-929d8644-9061-4836-8433-cc89222aa540 1 5120 5130 +edge_139_0_+disjointig_179_0_16477 4273 9391 16477 -1 -1 5081 0.000607908
Chain
	Aln	308	+f323fdbb-fe8c-43af-846f-8e27fb363d50 941 3136 3141 +edge_155_0_+disjointig_186_0_6668 9 2215 6668 -1 -1 2110 0.00808595
Chain
	Aln	309	-f323fdbb-fe8c-43af-846f-8e27fb363d50 4 2199 3141 -edge_155_0_+disjointig_186_0_6668 4452 6658 6668 -1 -1 2110 0.00808595
Chain
	Aln	168	+4d5e64bc-4084-4dd6-bb6d-35ee9dce96eb 9 1371 1377 +edge_85_0_+disjointig_138_0_19002 9359 10721 19002 -1 -1 1355 0.000845622
Chain
	Aln	169	-4d5e64bc-4084-4dd6-bb6d-35ee9dce96eb 5 1367 1377 -edge_85_0_+disjointig_138_0_19002 8280 9642 19002 -1 -1 1355 0.000845622
Chain
	Aln	497	+e323e2f7-46f3-48a2-82da-386cf1f5c3c4 10 6537 6548 -edge_249_0_+disjointig_64_0_17082 6768 13305 17082 -1 -1 6386 0.00157096
Chain
	Aln	496	-e323e2f7-46f3-48a2-82da-386cf1f5c3c4 10 6537 6548 +edge_249_0_+disjointig_64_0_17082 3776 10313 17082 -1 -1 6386 0.00157096
Chain
	Aln	466	+c4d229f5-1328-4b10-b9b7-9addafaf0f5e 9 2202 2206 +edge_234_0_+disjointig_5_0_14031 10800 12996 14031 -1 -1 2119 0.0051745
Chain
	Aln	467	-c4d229f5-1328-4b10-b9b7-9addafaf0f5e 3 2196 2206 -edge_234_0_+disjointig_5_0_14031 1034 3230 14031 -1 -1 2119 0.0051745
Chain
	Aln	598	+26010cdd-7cca-4963-a117-7fe3fd99674a 12 1822 1826 +edge_300_0_+disjointig_183_0_42239 23232 25045 42239 -1 -1 1799 0.000206214
Chain
	Aln	599	-26010cdd-7cca-4963-a117-7fe3fd99674a 3 1813 1826 -edge_300_0_+disjointig_183_0_42239 17193 19006 42239 -1 -1 1799 0.000206214
Chain
	Aln	243	+6df3e103-b937-4511-9afa-888d377e2f1d 2 10468 10470 -edge_122_0_+disjointig_17_0_27131 12444 22929 27131 -1 -1 10017 0.00578523
Chain
	Aln	242	-6df3e103-b937-4511-9afa-888d377e2f1d 1 10467 10470 +edge_122_0_+disjointig_17_0_27131 4201 14686 27131 -1 -1 10017 0.00578523
Chain
	Aln	52	+d99391a9-6b4e-40e4-ac3b-38c7f4a346ac 2597 12950 12953 +edge_27_0_+disjointig_109_0_10364 3 10362 10364 -1 -1 10061 0.00325567
Chain
	Aln	53	-d99391a9-6b4e-40e4-ac3b-38c7f4a346ac 2 10355 12953 -edge_27_0_+disjointig_109_0_10364 1 10360 10364 -1 -1 10061 0.00325567
Chain
	Aln	522	+9feb572c-6b09-4a76-b982-d71648736802 7 2549 2555 +edge_262_0_+disjointig_77_0_16459 6071 8617 16459 -1 -1 2529 0.00100672
Chain
	Aln	523	-9feb572c-6b09-4a76-b982-d71648736802 5 2547 2555 -edge_262_0_+disjointig_77_0_16459 7841 10387 16459 -1 -1 2529 0.00100672
Chain
	Aln	619	+6b63e4aa-b259-4e9b-a37a-80b12233bff4 9 15268 18524 -edge_310_0_+disjointig_26_14870_67398 5424 20693 52528 -1 -1 15089 0.0012183
Chain
	Aln	618	-6b63e4aa-b259-4e9b-a37a-80b12233bff4 3255 18514 18524 +edge_310_0_+disjointig_26_14870_67398 31834 47103 52528 -1 -1 15089 0.0012183
Chain
	Aln	532	+25f60350-0615-4df5-b319-52f65b368155 12 4749 4751 +edge_267_0_+disjointig_81_0_35154 15336 20078 35154 -1 -1 4680 0.00232697
Chain
	Aln	533	-25f60350-0615-4df5-b319-52f65b368155 1 4738 4751 -edge_267_0_+disjointig_81_0_35154 15075 19817 35154 -1 -1 4680 0.00232697
Chain
	Aln	350	+92fe53d1-e4f9-46c1-b5ba-24879d5bcabb 3334 4340 4374 +edge_176_0_+disjointig_2_0_2718 1 1035 2718 -1 -1 898 0.0174967
Chain
	Aln	351	-92fe53d1-e4f9-46c1-b5ba-24879d5bcabb 33 1039 4374 -edge_176_0_+disjointig_2_0_2718 1682 2716 2718 -1 -1 898 0.0174967
Chain
	Aln	91	+3ff6fd49-4456-4ab7-83f2-44ef5002dbb3 0 13522 15320 -edge_46_0_+disjointig_119_0_19618 6105 19613 19618 -1 -1 13143 0.00149572
Chain
	Aln	369	+3ff6fd49-4456-4ab7-83f2-44ef5002dbb3 13853 15085 15320 -edge_185_0_+disjointig_205_0_10729 2539 3768 10729 -1 -1 801 0.0431937
Chain
	Aln	90	-3ff6fd49-4456-4ab7-83f2-44ef5002dbb3 1797 15319 15320 +edge_46_0_+disjointig_119_0_19618 4 13512 19618 -1 -1 13143 0.00149572
Chain
	Aln	368	-3ff6fd49-4456-4ab7-83f2-44ef5002dbb3 234 1466 15320 +edge_185_0_+disjointig_205_0_10729 6960 8189 10729 -1 -1 801 0.0431937
Chain
	Aln	566	+b11186ab-6da9-444d-9a4a-c06ae8d6aed6 13 1259 1263 +edge_284_4_-disjointig_27_4139_7778 83 1331 3639 -1 -1 1233 0.00128602
Chain
	Aln	567	-b11186ab-6da9-444d-9a4a-c06ae8d6aed6 3 1249 1263 -edge_284_4_-disjointig_27_4139_7778 2307 3555 3639 -1 -1 1233 0.00128602
Chain
	Aln	594	+ba1e1bd8-a51f-446f-997f-9348dbe4c096 8 1937 1940 +edge_298_0_+disjointig_61_0_7824 4963 6892 7824 -1 -1 1905 0.00225726
Chain
	Aln	595	-ba1e1bd8-a51f-446f-997f-9348dbe4c096 2 1931 1940 -edge_298_0_+disjointig_61_0_7824 931 2860 7824 -1 -1 1905 0.00225726
Chain
	Aln	513	+2ed7c41c-790d-40c9-b6c1-e4c9f3403cfa 6 13125 16642 -edge_257_0_+disjointig_73_0_22764 5897 19009 22764 -1 -1 12976 0.000310609
Chain
	Aln	512	-2ed7c41c-790d-40c9-b6c1-e4c9f3403cfa 3516 16635 16642 +edge_257_0_+disjointig_73_0_22764 3754 16866 22764 -1 -1 12976 0.000310609
Chain
	Aln	267	+7a67450d-4818-418a-9c90-d4f3c49a68fe 9 1781 1784 -edge_134_0_+disjointig_176_2697_26044 2132 3902 23347 -1 -1 1701 0.00592416
Chain
	Aln	266	-7a67450d-4818-418a-9c90-d4f3c49a68fe 2 1774 1784 +edge_134_0_+disjointig_176_2697_26044 19444 21214 23347 -1 -1 1701 0.00592416
Chain
	Aln	335	+99c67af7-479a-40b9-8845-aafb5da04654 21 3387 3392 -edge_168_0_+disjointig_196_0_6041 2665 6036 6041 -1 -1 3244 0.0036945
Chain
	Aln	334	-99c67af7-479a-40b9-8845-aafb5da04654 4 3370 3392 +edge_168_0_+disjointig_196_0_6041 4 3375 6041 -1 -1 3244 0.0036945
Chain
	Aln	618	+d741dd5d-f03f-415e-90e4-e1960f717baa 2 3467 3469 +edge_310_0_+disjointig_26_14870_67398 40522 43988 52528 -1 -1 3443 0.00164853
Chain
	Aln	619	-d741dd5d-f03f-415e-90e4-e1960f717baa 1 3466 3469 -edge_310_0_+disjointig_26_14870_67398 8539 12005 52528 -1 -1 3443 0.00164853
Chain
	Aln	399	+e5187971-796f-447d-bd2f-d12e1975556f 12 4227 4230 -edge_200_0_+disjointig_217_16635_24046 11 4220 7411 -1 -1 4146 0.00155508
Chain
	Aln	398	-e5187971-796f-447d-bd2f-d12e1975556f 2 4217 4230 +edge_200_0_+disjointig_217_16635_24046 3190 7399 7411 -1 -1 4146 0.00155508
Chain
	Aln	523	+0ee45c1f-d9a2-46a5-a572-ccc49f2d6bb8 1 14820 18049 -edge_262_0_+disjointig_77_0_16459 1645 16458 16459 -1 -1 14542 0.00253653
Chain
	Aln	522	-0ee45c1f-d9a2-46a5-a572-ccc49f2d6bb8 3228 18047 18049 +edge_262_0_+disjointig_77_0_16459 0 14813 16459 -1 -1 14542 0.00253653
Chain
	Aln	616	+de56c35e-3275-4254-9165-c8ae5158f25b 1 7679 8748 +edge_309_0_+disjointig_24_7647_16416 1082 8761 8769 -1 -1 7500 0.00219375
	Aln	616	+de56c35e-3275-4254-9165-c8ae5158f25b 7688 8739 8748 +edge_309_0_+disjointig_24_7647_16416 1 1057 8769 -1 -1 1012 0.0058635
Chain
	Aln	617	-de56c35e-3275-4254-9165-c8ae5158f25b 8 1059 8748 -edge_309_0_+disjointig_24_7647_16416 7711 8767 8769 -1 -1 1012 0.0058635
	Aln	617	-de56c35e-3275-4254-9165-c8ae5158f25b 1068 8746 8748 -edge_309_0_+disjointig_24_7647_16416 7 7686 8769 -1 -1 7500 0.00219375
Chain
	Aln	91	+a9ee3c12-75ba-4d0d-944c-54988561e6ed 20 6951 6956 -edge_46_0_+disjointig_119_0_19618 12677 19613 19618 -1 -1 6590 0.00384317
Chain
	Aln	90	-a9ee3c12-75ba-4d0d-944c-54988561e6ed 4 6935 6956 +edge_46_0_+disjointig_119_0_19618 4 6940 19618 -1 -1 6590 0.00384317
Chain
	Aln	531	+0c9c1e2b-759a-4110-be16-271eb89b3529 15 16047 17745 -edge_266_0_+disjointig_80_0_16580 14 15743 16580 -1 -1 14114 0.00641929
Chain
	Aln	530	-0c9c1e2b-759a-4110-be16-271eb89b3529 1697 17729 17745 +edge_266_0_+disjointig_80_0_16580 836 16565 16580 -1 -1 14114 0.00641929
Chain
	Aln	470	+e7c476ee-e907-4303-9836-b8ec5b69601f 0 15062 15073 +edge_236_0_+disjointig_51_0_49461 34451 49451 49461 -1 -1 14291 0.00253937
Chain
	Aln	471	-e7c476ee-e907-4303-9836-b8ec5b69601f 10 15072 15073 -edge_236_0_+disjointig_51_0_49461 9 15009 49461 -1 -1 14291 0.00253937
Chain
	Aln	17	+0bbfc068-1dd3-4413-a2c7-3507ccc818e4 3624 4607 4614 -edge_9_3_-disjointig_27_16662_17955 34 1027 1293 -1 -1 809 0.0227904
Chain
	Aln	16	-0bbfc068-1dd3-4413-a2c7-3507ccc818e4 6 989 4614 +edge_9_3_-disjointig_27_16662_17955 265 1258 1293 -1 -1 809 0.0227904
Chain
	Aln	41	+93b438d0-241b-4b52-b9f5-fd5055041eb2 4446 5454 15851 -edge_21_0_+disjointig_92_14753_15778 16 1024 1025 -1 -1 921 0.00997049
	Aln	569	+93b438d0-241b-4b52-b9f5-fd5055041eb2 5467 15847 15851 -edge_285_0_+disjointig_92_0_14753 12 10415 14753 -1 -1 9743 0.00766059
Chain
	Aln	568	-93b438d0-241b-4b52-b9f5-fd5055041eb2 3 10383 15851 +edge_285_0_+disjointig_92_0_14753 4337 14740 14753 -1 -1 9743 0.00766059
	Aln	40	-93b438d0-241b-4b52-b9f5-fd5055041eb2 10396 11404 15851 +edge_21_0_+disjointig_92_14753_15778 0 1008 1025 -1 -1 921 0.00997049
Chain
	Aln	620	+ffb255fd-b4af-4c6a-a073-a50a6df713de 10 3687 13800 +edge_311_0_-disjointig_75_0_18849 15158 18838 18849 -1 -1 3585 0.00318174
Chain
	Aln	621	-ffb255fd-b4af-4c6a-a073-a50a6df713de 10112 13789 13800 -edge_311_0_-disjointig_75_0_18849 10 3690 18849 -1 -1 3585 0.00318174
Chain
	Aln	517	+64cc4b09-fdab-4d88-953e-973d8f11a225 4247 5887 9139 -edge_259_2_-disjointig_98_2301_3950 8 1648 1649 -1 -1 1621 0.00157367
Chain
	Aln	516	-64cc4b09-fdab-4d88-953e-973d8f11a225 3251 4891 9139 +edge_259_2_-disjointig_98_2301_3950 0 1640 1649 -1 -1 1621 0.00157367
Chain
	Aln	395	+84cbef3f-82de-40b1-8272-c6cd029b5fa4 7027 7997 7999 -edge_198_0_+disjointig_217_14938_16635 15 985 1697 -1 -1 920 0.00657516
Chain
	Aln	394	-84cbef3f-82de-40b1-8272-c6cd029b5fa4 1 971 7999 +edge_198_0_+disjointig_217_14938_16635 711 1681 1697 -1 -1 920 0.00657516
Chain
	Aln	566	+c15c9e4c-bc50-4b47-9763-8f08e8d7698f 11 962 7478 +edge_284_1_+disjointig_115_3875_7461 2628 3583 3586 -1 -1 925 0.00641257
	Aln	16	+c15c9e4c-bc50-4b47-9763-8f08e8d7698f 974 2240 7478 +edge_9_3_-disjointig_27_16662_17955 9 1281 1293 -1 -1 1206 0.0051303
Chain
	Aln	17	-c15c9e4c-bc50-4b47-9763-8f08e8d7698f 5237 6503 7478 -edge_9_3_-disjointig_27_16662_17955 11 1283 1293 -1 -1 1206 0.0051303
	Aln	567	-c15c9e4c-bc50-4b47-9763-8f08e8d7698f 6515 7466 7478 -edge_284_1_+disjointig_115_3875_7461 2 957 3586 -1 -1 925 0.00641257
Chain
	Aln	568	+309f2b97-e78e-448e-b31b-0340163fa007 9 2069 6685 +edge_285_0_+disjointig_92_0_14753 12703 14744 14753 -1 -1 1915 0.00682669
	Aln	38	+309f2b97-e78e-448e-b31b-0340163fa007 2082 3093 6685 +edge_20_0_+disjointig_107_1073_2095 5 1011 1022 -1 -1 892 0.0165982
Chain
	Aln	39	-309f2b97-e78e-448e-b31b-0340163fa007 3591 4602 6685 -edge_20_0_+disjointig_107_1073_2095 10 1016 1022 -1 -1 892 0.0165982
	Aln	569	-309f2b97-e78e-448e-b31b-0340163fa007 4615 6675 6685 -edge_285_0_+disjointig_92_0_14753 8 2049 14753 -1 -1 1915 0.00682669
Chain
	Aln	96	+ddbd8162-8c80-4e4d-9c89-74ac1b6292b8 8 910 26477 +edge_49_0_+disjointig_120_12549_14002 543 1447 1453 -1 -1 895 0.00318422
Chain
	Aln	97	-ddbd8162-8c80-4e4d-9c89-74ac1b6292b8 25566 26468 26477 -edge_49_0_+disjointig_120_12549_14002 5 909 1453 -1 -1 895 0.00318422
Chain
	Aln	568	+4640bb87-9e8b-4513-bd0f-509ebdda4141 26 1064 16848 +edge_285_0_+disjointig_92_0_14753 13725 14744 14753 -1 -1 805 0.0263698
	Aln	38	+4640bb87-9e8b-4513-bd0f-509ebdda4141 1075 2084 16848 +edge_20_0_+disjointig_107_1073_2095 2 1011 1022 -1 -1 1009 0.00217403
Chain
	Aln	39	-4640bb87-9e8b-4513-bd0f-509ebdda4141 14763 15772 16848 -edge_20_0_+disjointig_107_1073_2095 10 1019 1022 -1 -1 1009 0.00217403
	Aln	569	-4640bb87-9e8b-4513-bd0f-509ebdda4141 15783 16821 16848 -edge_285_0_+disjointig_92_0_14753 8 1027 14753 -1 -1 805 0.0263698
Chain
	Aln	594	+3d49f037-1ac4-425a-97b9-0a9d9fa0f7ed 14 6422 9685 +edge_298_0_+disjointig_61_0_7824 1410 7819 7824 -1 -1 6322 0.00128224
Chain
	Aln	595	-3d49f037-1ac4-425a-97b9-0a9d9fa0f7ed 3262 9670 9685 -edge_298_0_+disjointig_61_0_7824 4 6413 7824 -1 -1 6322 0.00128224
Chain
	Aln	594	+759e1620-2548-4089-b93e-8e0ebff0c73d 32 2693 21698 +edge_298_0_+disjointig_61_0_7824 5181 7819 7824 -1 -1 2389 0.00777526
Chain
	Aln	595	-759e1620-2548-4089-b93e-8e0ebff0c73d 19004 21665 21698 -edge_298_0_+disjointig_61_0_7824 4 2642 7824 -1 -1 2389 0.00777526
Chain
	Aln	516	+db5c3fdd-39c4-4171-9454-6a7a5e7a8c4a 129 1774 4260 +edge_259_0_+disjointig_74_1902_3556 2 1646 1654 -1 -1 1616 0.00319507
	Aln	255	+db5c3fdd-39c4-4171-9454-6a7a5e7a8c4a 1799 2926 4260 -edge_128_0_-disjointig_74_1333_2477 16 1143 1144 -1 -1 1058 0.00638564
Chain
	Aln	254	-db5c3fdd-39c4-4171-9454-6a7a5e7a8c4a 1333 2460 4260 +edge_128_0_-disjointig_74_1333_2477 0 1127 1144 -1 -1 1058 0.00638564
	Aln	517	-db5c3fdd-39c4-4171-9454-6a7a5e7a8c4a 2485 4130 4260 -edge_259_0_+disjointig_74_1902_3556 7 1651 1654 -1 -1 1616 0.00319507
Chain
	Aln	589	+ecd38d67-820d-4f16-a6ce-7a69532d74f7 2800 7950 7953 -edge_295_0_+disjointig_153_0_5934 9 5051 5934 -1 -1 4663 0.00528782
Chain
	Aln	588	-ecd38d67-820d-4f16-a6ce-7a69532d74f7 2 5152 7953 +edge_295_0_+disjointig_153_0_5934 882 5924 5934 -1 -1 4663 0.00528782
Chain
	Aln	611	+60bdb48e-b6e9-46bd-b3c7-5432de36adca 24 1289 16202 -edge_306_0_-disjointig_98_14915_17113 934 2197 2198 -1 -1 1254 0.00181633
	Aln	358	+60bdb48e-b6e9-46bd-b3c7-5432de36adca 1290 12241 16202 +edge_180_0_+disjointig_98_5264_16229 1 10955 10965 -1 -1 10853 5.46006e-05
	Aln	517	+60bdb48e-b6e9-46bd-b3c7-5432de36adca 12260 13900 16202 -edge_259_0_+disjointig_74_1902_3556 16 1653 1654 -1 -1 1613 0.00343467
Chain
	Aln	516	-60bdb48e-b6e9-46bd-b3c7-5432de36adca 2301 3941 16202 +edge_259_0_+disjointig_74_1902_3556 0 1637 1654 -1 -1 1613 0.00343467
	Aln	359	-60bdb48e-b6e9-46bd-b3c7-5432de36adca 3960 14911 16202 -edge_180_0_+disjointig_98_5264_16229 9 10963 10965 -1 -1 10853 5.46006e-05
	Aln	610	-60bdb48e-b6e9-46bd-b3c7-5432de36adca 14912 16177 16202 +edge_306_0_-disjointig_98_14915_17113 0 1263 2198 -1 -1 1254 0.00181633
Chain
	Aln	16	+31e33aac-1403-44cd-b9ec-923670af6781 157 1429 3168 +edge_9_3_-disjointig_27_16662_17955 9 1281 1293 -1 -1 1266 0.00031478
Chain
	Aln	17	-31e33aac-1403-44cd-b9ec-923670af6781 1738 3010 3168 -edge_9_3_-disjointig_27_16662_17955 11 1283 1293 -1 -1 1266 0.00031478
Chain
	Aln	96	+9bd6de94-527c-40f4-b1a3-7e70b5010fba 2334 3781 5144 +edge_49_1_+disjointig_20_19479_20934 1 1449 1455 -1 -1 1370 0.00396517
Chain
	Aln	97	-9bd6de94-527c-40f4-b1a3-7e70b5010fba 1362 2809 5144 -edge_49_1_+disjointig_20_19479_20934 5 1453 1455 -1 -1 1370 0.00396517
Chain
	Aln	589	+cf5d08f4-f650-4000-8a10-0a9c7a89c4f2 2327 3281 3370 -edge_295_0_+disjointig_153_0_5934 9 961 5934 -1 -1 910 0.0052233
Chain
	Aln	588	-cf5d08f4-f650-4000-8a10-0a9c7a89c4f2 88 1042 3370 +edge_295_0_+disjointig_153_0_5934 4972 5924 5934 -1 -1 910 0.0052233
Chain
	Aln	588	+5c6c2c32-6cb9-45d9-ba78-02ab590e7f5a 3557 5896 10649 +edge_295_0_+disjointig_153_0_5934 3549 5927 5934 -1 -1 2124 0.00717313
Chain
	Aln	589	-5c6c2c32-6cb9-45d9-ba78-02ab590e7f5a 4752 7091 10649 -edge_295_0_+disjointig_153_0_5934 6 2384 5934 -1 -1 2124 0.00717313
Chain
	Aln	16	+87dfbb2b-1a78-4bbb-89ae-b98b39d37607 200 1453 7503 +edge_9_3_-disjointig_27_16662_17955 9 1262 1293 -1 -1 1226 0.00152122
Chain
	Aln	17	-87dfbb2b-1a78-4bbb-89ae-b98b39d37607 6049 7302 7503 -edge_9_3_-disjointig_27_16662_17955 30 1283 1293 -1 -1 1226 0.00152122
Chain
	Aln	621	+08ce1d3c-d5de-4d76-a2ed-dfaf376fa56d 1249 3092 3100 -edge_311_0_-disjointig_75_0_18849 39 1882 18849 -1 -1 1616 0.0148853
Chain
	Aln	620	-08ce1d3c-d5de-4d76-a2ed-dfaf376fa56d 7 1850 3100 +edge_311_0_-disjointig_75_0_18849 16966 18809 18849 -1 -1 1616 0.0148853
Chain
	Aln	590	+05b7b98c-23c2-4d84-947d-41236dcba48d 5 11687 12782 +edge_296_0_+disjointig_41_0_16839 5148 16830 16839 -1 -1 11479 0.00230966
Chain
	Aln	591	-05b7b98c-23c2-4d84-947d-41236dcba48d 1094 12776 12782 -edge_296_0_+disjointig_41_0_16839 8 11690 16839 -1 -1 11479 0.00230966
Chain
	Aln	247	+b86492a3-b111-4fe7-8252-366744f9dd2f 4641 13857 15059 -edge_124_0_+disjointig_171_1201_10648 55 9446 9447 -1 -1 8806 0.0058439
	Aln	591	+b86492a3-b111-4fe7-8252-366744f9dd2f 13867 15054 15059 -edge_296_0_+disjointig_41_0_16839 9 1212 16839 -1 -1 1046 0.0159596
Chain
	Aln	590	-b86492a3-b111-4fe7-8252-366744f9dd2f 4 1191 15059 +edge_296_0_+disjointig_41_0_16839 15626 16829 16839 -1 -1 1046 0.0159596
	Aln	246	-b86492a3-b111-4fe7-8252-366744f9dd2f 1201 10417 15059 +edge_124_0_+disjointig_171_1201_10648 0 9391 9447 -1 -1 8806 0.0058439
Chain
	Aln	96	+ab2344b2-224b-4422-99f0-578080180cb6 18 1082 8451 +edge_49_0_+disjointig_120_12549_14002 383 1447 1453 -1 -1 1058 0.00110419
Chain
	Aln	97	-ab2344b2-224b-4422-99f0-578080180cb6 7368 8432 8451 -edge_49_0_+disjointig_120_12549_14002 5 1069 1453 -1 -1 1058 0.00110419
Chain
	Aln	621	+680c78a4-9f32-489e-8031-462bc9e054ff 729 2743 2751 -edge_311_0_-disjointig_75_0_18849 39 2072 18849 -1 -1 1764 0.0150298
Chain
	Aln	620	-680c78a4-9f32-489e-8031-462bc9e054ff 7 2021 2751 +edge_311_0_-disjointig_75_0_18849 16776 18809 18849 -1 -1 1764 0.0150298
Chain
	Aln	395	+e7f32190-dbc1-4dc3-8f64-d7fc01d49f43 19963 21645 23164 -edge_198_1_+disjointig_25_1518_3216 15 1697 1698 -1 -1 1682 0
Chain
	Aln	394	-e7f32190-dbc1-4dc3-8f64-d7fc01d49f43 1518 3200 23164 +edge_198_1_+disjointig_25_1518_3216 0 1682 1698 -1 -1 1682 0
Chain
	Aln	103	+ea46d57c-99a6-4944-bae6-f713bd16ef64 15 2617 3204 -edge_52_0_+disjointig_37_9098_13898 2197 4799 4800 -1 -1 2591 0
Chain
	Aln	96	+ea46d57c-99a6-4944-bae6-f713bd16ef64 2618 3202 3204 +edge_49_3_-disjointig_37_4800_6256 1 584 1456 -1 -1 567 0
Chain
	Aln	97	-ea46d57c-99a6-4944-bae6-f713bd16ef64 1 585 3204 -edge_49_3_-disjointig_37_4800_6256 871 1454 1456 -1 -1 567 0
Chain
	Aln	102	-ea46d57c-99a6-4944-bae6-f713bd16ef64 586 3188 3204 +edge_52_0_+disjointig_37_9098_13898 0 2602 4800 -1 -1 2591 0
Chain
	Aln	23	+7f7a3de0-1832-47b2-8478-25849a5ee7b4 12 8331 12864 -edge_12_0_+disjointig_115_15938_24273 11 8334 8335 -1 -1 8252 0.000843258
Chain
	Aln	17	+7f7a3de0-1832-47b2-8478-25849a5ee7b4 8343 9624 12864 -edge_9_2_+disjointig_115_14645_15938 11 1292 1293 -1 -1 1281 0
	Aln	567	+7f7a3de0-1832-47b2-8478-25849a5ee7b4 9633 12856 12864 -edge_284_3_-disjointig_27_13072_16662 8 3233 3590 -1 -1 3177 0.00202127
Chain
	Aln	566	-7f7a3de0-1832-47b2-8478-25849a5ee7b4 7 3230 12864 +edge_284_3_-disjointig_27_13072_16662 356 3581 3590 -1 -1 3177 0.00202127
	Aln	16	-7f7a3de0-1832-47b2-8478-25849a5ee7b4 3239 4520 12864 +edge_9_2_+disjointig_115_14645_15938 0 1281 1293 -1 -1 1281 0
Chain
	Aln	22	-7f7a3de0-1832-47b2-8478-25849a5ee7b4 4532 12851 12864 +edge_12_0_+disjointig_115_15938_24273 0 8323 8335 -1 -1 8252 0.000843258
Chain
	Aln	281	+8f254724-2521-4a9e-8fd3-b8ee4990b219 15 898 4987 -edge_141_0_+disjointig_3_17589_21281 2809 3691 3692 -1 -1 878 0
Chain
	Aln	596	+8f254724-2521-4a9e-8fd3-b8ee4990b219 905 4843 4987 +edge_299_0_-disjointig_3_3692_21281 7 3951 17589 -1 -1 3796 0.0039053
Chain
	Aln	597	-8f254724-2521-4a9e-8fd3-b8ee4990b219 143 4081 4987 -edge_299_0_-disjointig_3_3692_21281 13637 17581 17589 -1 -1 3796 0.0039053
Chain
	Aln	280	-8f254724-2521-4a9e-8fd3-b8ee4990b219 4088 4971 4987 +edge_141_0_+disjointig_3_17589_21281 0 882 3692 -1 -1 878 0
Chain
	Aln	12	+2a2c8f70-b096-4589-896a-9cb61f94fe1c 804 1210 18253 +edge_7_0_+disjointig_27_24377_25065 278 672 688 -1 -1 318 0.0275553
Chain
	Aln	19	+2a2c8f70-b096-4589-896a-9cb61f94fe1c 1715 1823 18253 -edge_10_0_-disjointig_27_8691_9565 93 201 874 -1 -1 108 0.00485218
Chain
	Aln	18	-2a2c8f70-b096-4589-896a-9cb61f94fe1c 16429 16537 18253 +edge_10_0_-disjointig_27_8691_9565 672 780 874 -1 -1 108 0.00485218
Chain
	Aln	13	-2a2c8f70-b096-4589-896a-9cb61f94fe1c 17042 17448 18253 -edge_7_0_+disjointig_27_24377_25065 15 409 688 -1 -1 318 0.0275553
Chain
	Aln	23	+b09c8020-e56c-440a-88ec-1f535f92e1a4 5 751 21774 -edge_12_0_+disjointig_115_15938_24273 7585 8334 8335 -1 -1 741 0.00201583
Chain
	Aln	17	+b09c8020-e56c-440a-88ec-1f535f92e1a4 763 2044 21774 -edge_9_2_+disjointig_115_14645_15938 11 1292 1293 -1 -1 1281 0
	Aln	567	+b09c8020-e56c-440a-88ec-1f535f92e1a4 2053 4375 21774 -edge_284_2_+disjointig_115_11061_14645 8 2341 3584 -1 -1 2274 0.0033339
Chain
	Aln	566	-b09c8020-e56c-440a-88ec-1f535f92e1a4 17398 19720 21774 +edge_284_2_+disjointig_115_11061_14645 1242 3575 3584 -1 -1 2274 0.0033339
	Aln	16	-b09c8020-e56c-440a-88ec-1f535f92e1a4 19729 21010 21774 +edge_9_2_+disjointig_115_14645_15938 0 1281 1293 -1 -1 1281 0
Chain
	Aln	22	-b09c8020-e56c-440a-88ec-1f535f92e1a4 21022 21768 21774 +edge_12_0_+disjointig_115_15938_24273 0 749 8335 -1 -1 741 0.00201583
Chain
	Aln	276	+39ceaaf7-a475-40eb-8440-3462d55c8b91 15 10307 11607 +edge_139_0_+disjointig_179_0_16477 6176 16466 16477 -1 -1 10137 0.00274149
Chain
	Aln	596	+39ceaaf7-a475-40eb-8440-3462d55c8b91 10450 11605 11607 +edge_299_0_-disjointig_3_3692_21281 141 1297 17589 -1 -1 1135 0.00414406
Chain
	Aln	597	-39ceaaf7-a475-40eb-8440-3462d55c8b91 1 1156 11607 -edge_299_0_-disjointig_3_3692_21281 16291 17447 17589 -1 -1 1135 0.00414406
Chain
	Aln	277	-39ceaaf7-a475-40eb-8440-3462d55c8b91 1299 11591 11607 -edge_139_0_+disjointig_179_0_16477 10 10300 16477 -1 -1 10137 0.00274149
Chain
	Aln	281	+b4c3dbe0-f83d-42a4-8e20-02a80b1507a6 66 2148 2806 -edge_141_0_+disjointig_3_17589_21281 1611 3691 3692 -1 -1 1991 0.00367734
Chain
	Aln	596	+b4c3dbe0-f83d-42a4-8e20-02a80b1507a6 2155 2804 2806 +edge_299_0_-disjointig_3_3692_21281 7 656 17589 -1 -1 648 0.00386352
Chain
	Aln	597	-b4c3dbe0-f83d-42a4-8e20-02a80b1507a6 1 650 2806 -edge_299_0_-disjointig_3_3692_21281 16932 17581 17589 -1 -1 648 0.00386352
Chain
	Aln	280	-b4c3dbe0-f83d-42a4-8e20-02a80b1507a6 657 2739 2806 +edge_141_0_+disjointig_3_17589_21281 0 2080 3692 -1 -1 1991 0.00367734
Chain
	Aln	611	+457aea9c-5721-48c9-98ce-2e354e121b7c 9 1239 2934 -edge_306_0_-disjointig_98_14915_17113 963 2190 2198 -1 -1 1098 0.0112095
Chain
	Aln	355	+457aea9c-5721-48c9-98ce-2e354e121b7c 1262 2932 2934 -edge_178_0_+disjointig_201_0_1687 15 1685 1687 -1 -1 1625 0.00345983
Chain
	Aln	354	-457aea9c-5721-48c9-98ce-2e354e121b7c 1 1671 2934 +edge_178_0_+disjointig_201_0_1687 1 1671 1687 -1 -1 1625 0.00345983
Chain
	Aln	610	-457aea9c-5721-48c9-98ce-2e354e121b7c 1694 2924 2934 +edge_306_0_-disjointig_98_14915_17113 7 1234 2198 -1 -1 1098 0.0112095
Chain
	Aln	101	+271f299c-9ca6-4f52-ab60-14a42df9a527 921 4868 16909 -edge_51_0_-disjointig_31_16346_20308 14 3961 3962 -1 -1 3936 0.000280363
Chain
	Aln	96	+271f299c-9ca6-4f52-ab60-14a42df9a527 4869 6316 16909 +edge_49_1_+disjointig_20_19479_20934 1 1449 1455 -1 -1 1413 0.00254195
	Aln	106	+271f299c-9ca6-4f52-ab60-14a42df9a527 6350 16903 16909 +edge_54_0_+disjointig_31_5413_20308 27 10577 14895 -1 -1 10436 2.02652e-06
Chain
	Aln	107	-271f299c-9ca6-4f52-ab60-14a42df9a527 5 10558 16909 -edge_54_0_+disjointig_31_5413_20308 4317 14867 14895 -1 -1 10436 2.02652e-06
	Aln	97	-271f299c-9ca6-4f52-ab60-14a42df9a527 10592 12039 16909 -edge_49_1_+disjointig_20_19479_20934 5 1453 1455 -1 -1 1413 0.00254195
Chain
	Aln	100	-271f299c-9ca6-4f52-ab60-14a42df9a527 12040 15987 16909 +edge_51_0_-disjointig_31_16346_20308 0 3947 3962 -1 -1 3936 0.000280363
Chain
	Aln	94	+1e18c3e8-4742-4338-a8c1-4b541a909eea 20 5883 9202 +edge_48_0_+disjointig_120_0_12549 6656 12541 12549 -1 -1 5640 0.00478225
Chain
	Aln	96	+1e18c3e8-4742-4338-a8c1-4b541a909eea 5892 6894 9202 +edge_49_3_-disjointig_37_4800_6256 1 1003 1456 -1 -1 919 0.00848441
Chain
	Aln	97	-1e18c3e8-4742-4338-a8c1-4b541a909eea 2307 3309 9202 -edge_49_3_-disjointig_37_4800_6256 452 1454 1456 -1 -1 919 0.00848441
Chain
	Aln	95	-1e18c3e8-4742-4338-a8c1-4b541a909eea 3318 9181 9202 -edge_48_0_+disjointig_120_0_12549 7 5892 12549 -1 -1 5640 0.00478225
Chain
	Aln	281	+f2085eec-77b0-4695-a41a-fe5c749ba979 7 2012 4578 -edge_141_0_+disjointig_3_17589_21281 1686 3691 3692 -1 -1 1971 0.00112918
Chain
	Aln	596	+f2085eec-77b0-4695-a41a-fe5c749ba979 2019 4575 4578 +edge_299_0_-disjointig_3_3692_21281 7 2558 17589 -1 -1 2526 0
Chain
	Aln	597	-f2085eec-77b0-4695-a41a-fe5c749ba979 2 2558 4578 -edge_299_0_-disjointig_3_3692_21281 15030 17581 17589 -1 -1 2526 0
Chain
	Aln	280	-f2085eec-77b0-4695-a41a-fe5c749ba979 2565 4570 4578 +edge_141_0_+disjointig_3_17589_21281 0 2005 3692 -1 -1 1971 0.00112918
Chain
	Aln	97	+65d81aff-73c0-450c-b929-ae7d192b279a 9 1277 3640 -edge_49_2_+disjointig_31_3962_5413 181 1450 1451 -1 -1 1243 0.00253438
Chain
	Aln	100	+65d81aff-73c0-450c-b929-ae7d192b279a 1281 3625 3640 +edge_51_0_-disjointig_31_16346_20308 4 2348 3962 -1 -1 2294 0.00258756
Chain
	Aln	101	-65d81aff-73c0-450c-b929-ae7d192b279a 14 2358 3640 -edge_51_0_-disjointig_31_16346_20308 1613 3957 3962 -1 -1 2294 0.00258756
Chain
	Aln	96	-65d81aff-73c0-450c-b929-ae7d192b279a 2362 3630 3640 +edge_49_2_+disjointig_31_3962_5413 0 1269 1451 -1 -1 1243 0.00253438
Chain
	Aln	94	+40a8c6d2-c5eb-45e5-842f-3731b28ec5e9 1171 7310 9682 +edge_48_0_+disjointig_120_0_12549 6405 12541 12549 -1 -1 6075 0.00123813
Chain
	Aln	96	+40a8c6d2-c5eb-45e5-842f-3731b28ec5e9 7319 8762 9682 +edge_49_1_+disjointig_20_19479_20934 1 1449 1455 -1 -1 1415 0.00207509
Chain
	Aln	97	-40a8c6d2-c5eb-45e5-842f-3731b28ec5e9 919 2362 9682 -edge_49_1_+disjointig_20_19479_20934 5 1453 1455 -1 -1 1415 0.00207509
Chain
	Aln	95	-40a8c6d2-c5eb-45e5-842f-3731b28ec5e9 2371 8510 9682 -edge_48_0_+disjointig_120_0_12549 7 6143 12549 -1 -1 6075 0.00123813
Chain
	Aln	19	+8ccc114b-dabd-4587-a81c-0c8a6e2a407b 6356 6559 9619 -edge_10_0_-disjointig_27_8691_9565 107 306 874 -1 -1 170 0.0329065
Chain
	Aln	18	-8ccc114b-dabd-4587-a81c-0c8a6e2a407b 3059 3262 9619 +edge_10_0_-disjointig_27_8691_9565 567 766 874 -1 -1 170 0.0329065
Chain
	Aln	597	+25996ab8-ee14-404c-824e-4f1d37978423 16 685 2217 -edge_299_0_-disjointig_3_3692_21281 16906 17575 17589 -1 -1 651 0.00672825
Chain
	Aln	280	+25996ab8-ee14-404c-824e-4f1d37978423 697 2206 2217 +edge_141_0_+disjointig_3_17589_21281 1 1500 3692 -1 -1 1396 0.00615285
Chain
	Aln	281	-25996ab8-ee14-404c-824e-4f1d37978423 10 1519 2217 -edge_141_0_+disjointig_3_17589_21281 2191 3690 3692 -1 -1 1396 0.00615285
Chain
	Aln	596	-25996ab8-ee14-404c-824e-4f1d37978423 1531 2200 2217 +edge_299_0_-disjointig_3_3692_21281 13 682 17589 -1 -1 651 0.00672825
Chain
	Aln	597	+0f1cd749-ce47-4888-a88f-9c18e519605d 4 2168 5856 -edge_299_0_-disjointig_3_3692_21281 15423 17588 17589 -1 -1 2164 0
Chain
	Aln	280	+0f1cd749-ce47-4888-a88f-9c18e519605d 2169 5850 5856 +edge_141_0_+disjointig_3_17589_21281 1 3687 3692 -1 -1 3601 0.00272088
Chain
	Aln	281	-0f1cd749-ce47-4888-a88f-9c18e519605d 5 3686 5856 -edge_141_0_+disjointig_3_17589_21281 4 3690 3692 -1 -1 3601 0.00272088
Chain
	Aln	596	-0f1cd749-ce47-4888-a88f-9c18e519605d 3687 5851 5856 +edge_299_0_-disjointig_3_3692_21281 0 2165 17589 -1 -1 2164 0
Chain
	Aln	354	+1c1e0471-d15f-4790-b680-91c2dd0f9cf9 14 1586 3536 +edge_178_0_+disjointig_201_0_1687 109 1681 1687 -1 -1 1562 0.000943639
Chain
	Aln	610	+1c1e0471-d15f-4790-b680-91c2dd0f9cf9 1602 2885 3536 +edge_306_0_-disjointig_98_14915_17113 10 1291 2198 -1 -1 1158 0.00997466
Chain
	Aln	611	-1c1e0471-d15f-4790-b680-91c2dd0f9cf9 650 1933 3536 -edge_306_0_-disjointig_98_14915_17113 906 2187 2198 -1 -1 1158 0.00997466
Chain
	Aln	355	-1c1e0471-d15f-4790-b680-91c2dd0f9cf9 1949 3521 3536 -edge_178_0_+disjointig_201_0_1687 5 1577 1687 -1 -1 1562 0.000943639
Chain
	Aln	101	+035e59bd-e3f9-49aa-9d33-9a59e9c8954a 15 3963 6390 -edge_51_0_-disjointig_31_16346_20308 14 3961 3962 -1 -1 3821 0.00343893
Chain
	Aln	96	+035e59bd-e3f9-49aa-9d33-9a59e9c8954a 3964 5412 6390 +edge_49_1_+disjointig_20_19479_20934 1 1449 1455 -1 -1 1345 0.00641651
	Aln	106	+035e59bd-e3f9-49aa-9d33-9a59e9c8954a 5424 6383 6390 +edge_54_0_+disjointig_31_5413_20308 6 963 14895 -1 -1 878 0.00977565
Chain
	Aln	107	-035e59bd-e3f9-49aa-9d33-9a59e9c8954a 6 965 6390 -edge_54_0_+disjointig_31_5413_20308 13931 14888 14895 -1 -1 878 0.00977565
	Aln	97	-035e59bd-e3f9-49aa-9d33-9a59e9c8954a 977 2425 6390 -edge_49_1_+disjointig_20_19479_20934 5 1453 1455 -1 -1 1345 0.00641651
Chain
	Aln	100	-035e59bd-e3f9-49aa-9d33-9a59e9c8954a 2426 6374 6390 +edge_51_0_-disjointig_31_16346_20308 0 3947 3962 -1 -1 3821 0.00343893
Chain
	Aln	597	+d1467a7f-424e-4d24-8730-cde734deb888 8 617 1458 -edge_299_0_-disjointig_3_3692_21281 16972 17588 17589 -1 -1 599 0.00523539
Chain
	Aln	280	+d1467a7f-424e-4d24-8730-cde734deb888 618 1451 1458 +edge_141_0_+disjointig_3_17589_21281 1 833 3692 -1 -1 829 0
Chain
	Aln	281	-d1467a7f-424e-4d24-8730-cde734deb888 6 839 1458 -edge_141_0_+disjointig_3_17589_21281 2858 3690 3692 -1 -1 829 0
Chain
	Aln	596	-d1467a7f-424e-4d24-8730-cde734deb888 840 1449 1458 +edge_299_0_-disjointig_3_3692_21281 0 616 17589 -1 -1 599 0.00523539
Chain
	Aln	97	+0f757e38-24e0-496a-b4b4-e2bb9805097c 5 671 12316 -edge_49_0_+disjointig_120_12549_14002 782 1452 1453 -1 -1 630 0.00520441
Chain
	Aln	95	+0f757e38-24e0-496a-b4b4-e2bb9805097c 681 12311 12316 -edge_48_0_+disjointig_120_0_12549 9 11649 12549 -1 -1 11348 0.00288426
Chain
	Aln	94	-0f757e38-24e0-496a-b4b4-e2bb9805097c 4 11634 12316 +edge_48_0_+disjointig_120_0_12549 899 12539 12549 -1 -1 11348 0.00288426
Chain
	Aln	96	-0f757e38-24e0-496a-b4b4-e2bb9805097c 11644 12310 12316 +edge_49_0_+disjointig_120_12549_14002 0 670 1453 -1 -1 630 0.00520441
Chain
	Aln	22	+6f96fb7b-62d4-4c73-93d9-55396346e82b 10934 18370 18375 +edge_12_0_+disjointig_115_15938_24273 0 7432 8335 -1 -1 7388 0.00105382
Chain
	Aln	23	-6f96fb7b-62d4-4c73-93d9-55396346e82b 4 7440 18375 -edge_12_0_+disjointig_115_15938_24273 902 8334 8335 -1 -1 7388 0.00105382
Chain
	Aln	97	+998069a5-cf2f-4ee6-a7a7-df1c6a44bf11 3247 4682 9480 -edge_49_3_-disjointig_37_4800_6256 12 1455 1456 -1 -1 1366 0.00722291
Chain
	Aln	102	+998069a5-cf2f-4ee6-a7a7-df1c6a44bf11 4683 9468 9480 +edge_52_0_+disjointig_37_9098_13898 1 4789 4800 -1 -1 4577 0.00470494
Chain
	Aln	103	-998069a5-cf2f-4ee6-a7a7-df1c6a44bf11 11 4796 9480 -edge_52_0_+disjointig_37_9098_13898 10 4798 4800 -1 -1 4577 0.00470494
Chain
	Aln	96	-998069a5-cf2f-4ee6-a7a7-df1c6a44bf11 4797 6232 9480 +edge_49_3_-disjointig_37_4800_6256 0 1443 1456 -1 -1 1366 0.00722291
Chain
	Aln	97	+fc392615-78b6-415f-805e-0a57ce4503db 6779 8220 11125 -edge_49_1_+disjointig_20_19479_20934 12 1454 1455 -1 -1 1395 0.00276829
Chain
	Aln	102	+fc392615-78b6-415f-805e-0a57ce4503db 8229 11118 11125 +edge_52_0_+disjointig_37_9098_13898 10 2920 4800 -1 -1 2692 0.00473102
Chain
	Aln	103	-fc392615-78b6-415f-805e-0a57ce4503db 6 2895 11125 -edge_52_0_+disjointig_37_9098_13898 1879 4789 4800 -1 -1 2692 0.00473102
Chain
	Aln	96	-fc392615-78b6-415f-805e-0a57ce4503db 2904 4345 11125 +edge_49_1_+disjointig_20_19479_20934 0 1442 1455 -1 -1 1395 0.00276829
Chain
	Aln	156	+a87d9ee6-16a6-4e08-bfbf-ee6921689acf 52 1261 2131 +edge_79_0_+disjointig_136_3907_5127 2 1211 1220 -1 -1 1182 0.00558656
Chain
	Aln	582	+a87d9ee6-16a6-4e08-bfbf-ee6921689acf 1271 2127 2131 +edge_292_0_+disjointig_136_5127_10621 1 859 5494 -1 -1 834 0.00568069
Chain
	Aln	583	-a87d9ee6-16a6-4e08-bfbf-ee6921689acf 3 859 2131 -edge_292_0_+disjointig_136_5127_10621 4634 5492 5494 -1 -1 834 0.00568069
Chain
	Aln	157	-a87d9ee6-16a6-4e08-bfbf-ee6921689acf 869 2078 2131 -edge_79_0_+disjointig_136_3907_5127 8 1217 1220 -1 -1 1182 0.00558656
Chain
	Aln	566	+dc58713c-984c-4e41-8f4d-c4ee59cced9b 5 928 4149 +edge_284_3_-disjointig_27_13072_16662 2662 3587 3590 -1 -1 873 0.00845809
	Aln	16	+dc58713c-984c-4e41-8f4d-c4ee59cced9b 940 2191 4149 +edge_9_3_-disjointig_27_16662_17955 9 1262 1293 -1 -1 1206 0.00369007
Chain
	Aln	13	+dc58713c-984c-4e41-8f4d-c4ee59cced9b 2207 2612 4149 -edge_7_0_+disjointig_27_24377_25065 15 417 688 -1 -1 344 0.0236938
Chain
	Aln	566	+dc58713c-984c-4e41-8f4d-c4ee59cced9b 2999 4147 4149 +edge_284_4_-disjointig_27_4139_7778 0 1146 3639 -1 -1 1127 0.004342
Chain
	Aln	567	-dc58713c-984c-4e41-8f4d-c4ee59cced9b 1 1149 4149 -edge_284_4_-disjointig_27_4139_7778 2492 3638 3639 -1 -1 1127 0.004342
Chain
	Aln	12	-dc58713c-984c-4e41-8f4d-c4ee59cced9b 1536 1941 4149 +edge_7_0_+disjointig_27_24377_25065 270 672 688 -1 -1 344 0.0236938
Chain
	Aln	17	-dc58713c-984c-4e41-8f4d-c4ee59cced9b 1957 3208 4149 -edge_9_3_-disjointig_27_16662_17955 30 1283 1293 -1 -1 1206 0.00369007
	Aln	567	-dc58713c-984c-4e41-8f4d-c4ee59cced9b 3220 4143 4149 -edge_284_3_-disjointig_27_13072_16662 2 927 3590 -1 -1 873 0.00845809
Chain
	Aln	576	+7970ed95-3082-4158-b346-aab9664a10e6 14 2440 4206 +edge_289_0_+disjointig_134_5634_9136 722 3150 3502 -1 -1 2349 0.00114368
Chain
	Aln	144	+7970ed95-3082-4158-b346-aab9664a10e6 2982 4096 4206 +edge_73_0_+disjointig_134_9136_11200 553 1861 2064 -1 -1 421 0.0742523
Chain
	Aln	145	-7970ed95-3082-4158-b346-aab9664a10e6 109 1223 4206 -edge_73_0_+disjointig_134_9136_11200 202 1510 2064 -1 -1 421 0.0742523
Chain
	Aln	577	-7970ed95-3082-4158-b346-aab9664a10e6 1765 4191 4206 -edge_289_0_+disjointig_134_5634_9136 351 2779 3502 -1 -1 2349 0.00114368
Chain
	Aln	575	+e1dc5c13-8973-4615-9af2-1c3a5d275fdd 20 2365 16809 -edge_288_0_+disjointig_62_14430_17706 934 3275 3276 -1 -1 2236 0.0036357
Chain
	Aln	85	+e1dc5c13-8973-4615-9af2-1c3a5d275fdd 2383 7722 16809 -edge_43_0_+disjointig_62_9081_14430 17 5348 5349 -1 -1 5235 0.00257221
Chain
	Aln	573	+e1dc5c13-8973-4615-9af2-1c3a5d275fdd 7734 16801 16809 -edge_287_0_+disjointig_118_0_19552 11 9426 19552 -1 -1 7346 0.0147124
Chain
	Aln	572	-e1dc5c13-8973-4615-9af2-1c3a5d275fdd 7 9074 16809 +edge_287_0_+disjointig_118_0_19552 10125 19540 19552 -1 -1 7346 0.0147124
Chain
	Aln	84	-e1dc5c13-8973-4615-9af2-1c3a5d275fdd 9086 14425 16809 +edge_43_0_+disjointig_62_9081_14430 0 5331 5349 -1 -1 5235 0.00257221
Chain
	Aln	574	-e1dc5c13-8973-4615-9af2-1c3a5d275fdd 14443 16788 16809 +edge_288_0_+disjointig_62_14430_17706 0 2341 3276 -1 -1 2236 0.0036357
Chain
	Aln	567	+b0943b68-a4b6-4f7e-ac26-cce1ba0bbf31 8 1065 1519 -edge_284_4_-disjointig_27_4139_7778 2581 3638 3639 -1 -1 1046 0.00293593
Chain
	Aln	12	+b0943b68-a4b6-4f7e-ac26-cce1ba0bbf31 1082 1411 1519 +edge_7_0_+disjointig_27_24377_25065 17 261 688 -1 -1 91 0.0773057
Chain
	Aln	13	-b0943b68-a4b6-4f7e-ac26-cce1ba0bbf31 107 436 1519 -edge_7_0_+disjointig_27_24377_25065 426 670 688 -1 -1 91 0.0773057
Chain
	Aln	566	-b0943b68-a4b6-4f7e-ac26-cce1ba0bbf31 453 1510 1519 +edge_284_4_-disjointig_27_4139_7778 0 1057 3639 -1 -1 1046 0.00293593
Chain
	Aln	575	+085fa54d-1280-49a3-b111-ece3b28a0c83 297 3561 5344 -edge_288_0_+disjointig_62_14430_17706 10 3275 3276 -1 -1 3252 0
Chain
	Aln	85	+085fa54d-1280-49a3-b111-ece3b28a0c83 3579 5070 5344 -edge_43_0_+disjointig_62_9081_14430 17 1498 5349 -1 -1 1383 0.0101753
Chain
	Aln	84	-085fa54d-1280-49a3-b111-ece3b28a0c83 273 1764 5344 +edge_43_0_+disjointig_62_9081_14430 3850 5331 5349 -1 -1 1383 0.0101753
Chain
	Aln	574	-085fa54d-1280-49a3-b111-ece3b28a0c83 1782 5046 5344 +edge_288_0_+disjointig_62_14430_17706 0 3265 3276 -1 -1 3252 0
Chain
	Aln	576	+b86a4bf7-3017-4ec3-b732-f8aa4f471adf 12 648 4036 +edge_289_0_+disjointig_134_5634_9136 2856 3494 3502 -1 -1 634 0
Chain
	Aln	144	+b86a4bf7-3017-4ec3-b732-f8aa4f471adf 661 2726 4036 +edge_73_0_+disjointig_134_9136_11200 5 2055 2064 -1 -1 1971 0.00470992
Chain
	Aln	578	+b86a4bf7-3017-4ec3-b732-f8aa4f471adf 2766 4031 4036 +edge_290_0_+disjointig_29_21894_25753 452 1722 3859 -1 -1 1211 0.00531718
Chain
	Aln	579	-b86a4bf7-3017-4ec3-b732-f8aa4f471adf 4 1269 4036 -edge_290_0_+disjointig_29_21894_25753 2136 3406 3859 -1 -1 1211 0.00531718
Chain
	Aln	145	-b86a4bf7-3017-4ec3-b732-f8aa4f471adf 1309 3374 4036 -edge_73_0_+disjointig_134_9136_11200 8 2058 2064 -1 -1 1971 0.00470992
Chain
	Aln	577	-b86a4bf7-3017-4ec3-b732-f8aa4f471adf 3387 4023 4036 -edge_289_0_+disjointig_134_5634_9136 7 645 3502 -1 -1 634 0
Chain
	Aln	145	+85542c7e-3934-41cb-8cf8-dc365c766990 5 1780 11850 -edge_73_0_+disjointig_134_9136_11200 288 2063 2064 -1 -1 1692 0.00521785
Chain
	Aln	577	+85542c7e-3934-41cb-8cf8-dc365c766990 1792 5271 11850 -edge_289_0_+disjointig_134_5634_9136 11 3501 3502 -1 -1 3277 0.00481848
	Aln	137	+85542c7e-3934-41cb-8cf8-dc365c766990 5281 10905 11850 -edge_69_0_+disjointig_134_0_5634 9 5633 5634 -1 -1 5265 0.00614226
Chain
	Aln	136	-85542c7e-3934-41cb-8cf8-dc365c766990 944 6568 11850 +edge_69_0_+disjointig_134_0_5634 0 5624 5634 -1 -1 5265 0.00614226
	Aln	576	-85542c7e-3934-41cb-8cf8-dc365c766990 6578 10057 11850 +edge_289_0_+disjointig_134_5634_9136 0 3490 3502 -1 -1 3277 0.00481848
Chain
	Aln	144	-85542c7e-3934-41cb-8cf8-dc365c766990 10069 11844 11850 +edge_73_0_+disjointig_134_9136_11200 0 1775 2064 -1 -1 1692 0.00521785
Chain
	Aln	157	+8dfba7f1-15ef-41e7-b251-54d85259c7f6 275 1481 2989 -edge_79_0_+disjointig_136_3907_5127 12 1219 1220 -1 -1 1198 0.00345556
Chain
	Aln	581	+8dfba7f1-15ef-41e7-b251-54d85259c7f6 1785 2985 2989 -edge_291_0_+disjointig_149_0_8169 298 1497 8169 -1 -1 1144 0.00544337
Chain
	Aln	580	-8dfba7f1-15ef-41e7-b251-54d85259c7f6 3 1203 2989 +edge_291_0_+disjointig_149_0_8169 6671 7870 8169 -1 -1 1144 0.00544337
Chain
	Aln	156	-8dfba7f1-15ef-41e7-b251-54d85259c7f6 1507 2713 2989 +edge_79_0_+disjointig_136_3907_5127 0 1207 1220 -1 -1 1198 0.00345556
Chain
	Aln	16	+7b69ff97-0db1-4777-a012-ece8c9ed2bd3 14 1263 5492 +edge_9_1_+disjointig_115_7461_8724 9 1259 1263 -1 -1 1241 0.00032506
Chain
	Aln	11	+7b69ff97-0db1-4777-a012-ece8c9ed2bd3 1282 3607 5492 -edge_6_0_-disjointig_115_13212_15549 14 2336 2337 -1 -1 2306 0.00447389
Chain
	Aln	566	+7b69ff97-0db1-4777-a012-ece8c9ed2bd3 3610 5486 5492 +edge_284_3_-disjointig_27_13072_16662 3 1883 3590 -1 -1 1841 0.00361374
Chain
	Aln	567	-7b69ff97-0db1-4777-a012-ece8c9ed2bd3 5 1881 5492 -edge_284_3_-disjointig_27_13072_16662 1706 3586 3590 -1 -1 1841 0.00361374
Chain
	Aln	10	-7b69ff97-0db1-4777-a012-ece8c9ed2bd3 1884 4209 5492 +edge_6_0_-disjointig_115_13212_15549 0 2322 2337 -1 -1 2306 0.00447389
Chain
	Aln	17	-7b69ff97-0db1-4777-a012-ece8c9ed2bd3 4228 5477 5492 -edge_9_1_+disjointig_115_7461_8724 3 1253 1263 -1 -1 1241 0.00032506
Chain
	Aln	13	+2bdae1e9-d802-4d3b-a326-1d5eb20ef2dd 1375 1520 6355 -edge_7_0_+disjointig_27_24377_25065 356 501 688 -1 -1 137 0.0190013
Chain
	Aln	566	+2bdae1e9-d802-4d3b-a326-1d5eb20ef2dd 2128 5750 6355 +edge_284_3_-disjointig_27_13072_16662 11 3587 3590 -1 -1 3513 0.0030923
	Aln	16	+2bdae1e9-d802-4d3b-a326-1d5eb20ef2dd 5762 6350 6355 +edge_9_1_+disjointig_115_7461_8724 9 597 1263 -1 -1 588 0.000236198
Chain
	Aln	17	-2bdae1e9-d802-4d3b-a326-1d5eb20ef2dd 4 592 6355 -edge_9_1_+disjointig_115_7461_8724 665 1253 1263 -1 -1 588 0.000236198
	Aln	567	-2bdae1e9-d802-4d3b-a326-1d5eb20ef2dd 604 4226 6355 -edge_284_3_-disjointig_27_13072_16662 2 3578 3590 -1 -1 3513 0.0030923
Chain
	Aln	12	-2bdae1e9-d802-4d3b-a326-1d5eb20ef2dd 4834 4979 6355 +edge_7_0_+disjointig_27_24377_25065 186 331 688 -1 -1 137 0.0190013
Chain
	Aln	583	+554e10b3-b631-4c39-b530-dc249cf53ff3 12 5499 7311 -edge_292_0_+disjointig_136_5127_10621 11 5493 5494 -1 -1 5360 0.00187353
Chain
	Aln	157	+554e10b3-b631-4c39-b530-dc249cf53ff3 5512 6717 7311 -edge_79_0_+disjointig_136_3907_5127 12 1219 1220 -1 -1 1180 0.00578551
Chain
	Aln	156	-554e10b3-b631-4c39-b530-dc249cf53ff3 593 1798 7311 +edge_79_0_+disjointig_136_3907_5127 0 1207 1220 -1 -1 1180 0.00578551
Chain
	Aln	582	-554e10b3-b631-4c39-b530-dc249cf53ff3 1811 7298 7311 +edge_292_0_+disjointig_136_5127_10621 0 5482 5494 -1 -1 5360 0.00187353
Chain
	Aln	17	+590ca90d-25d3-45d3-8663-e07ee19f9c89 8 913 8876 -edge_9_5_-disjointig_27_7778_8691 7 912 913 -1 -1 905 0
	Aln	567	+590ca90d-25d3-45d3-8663-e07ee19f9c89 922 4624 8876 -edge_284_4_-disjointig_27_4139_7778 8 3638 3639 -1 -1 3416 0.00605712
Chain
	Aln	12	+590ca90d-25d3-45d3-8663-e07ee19f9c89 4625 5428 8876 +edge_7_0_+disjointig_27_24377_25065 1 686 688 -1 -1 424 0.0202561
Chain
	Aln	17	+590ca90d-25d3-45d3-8663-e07ee19f9c89 5434 6689 8876 -edge_9_6_-disjointig_27_2190_3451 3 1260 1261 -1 -1 1231 0.00170871
	Aln	567	+590ca90d-25d3-45d3-8663-e07ee19f9c89 6692 8872 8876 -edge_284_3_-disjointig_27_13072_16662 2 2184 3590 -1 -1 2076 0.00643693
Chain
	Aln	566	-590ca90d-25d3-45d3-8663-e07ee19f9c89 3 2183 8876 +edge_284_3_-disjointig_27_13072_16662 1405 3587 3590 -1 -1 2076 0.00643693
	Aln	16	-590ca90d-25d3-45d3-8663-e07ee19f9c89 2186 3441 8876 +edge_9_6_-disjointig_27_2190_3451 0 1257 1261 -1 -1 1231 0.00170871
Chain
	Aln	13	-590ca90d-25d3-45d3-8663-e07ee19f9c89 3447 4250 8876 -edge_7_0_+disjointig_27_24377_25065 1 686 688 -1 -1 424 0.0202561
Chain
	Aln	566	-590ca90d-25d3-45d3-8663-e07ee19f9c89 4251 7953 8876 +edge_284_4_-disjointig_27_4139_7778 0 3630 3639 -1 -1 3416 0.00605712
	Aln	16	-590ca90d-25d3-45d3-8663-e07ee19f9c89 7962 8867 8876 +edge_9_5_-disjointig_27_7778_8691 0 905 913 -1 -1 905 0
Chain
	Aln	580	+e954724a-ffa7-48be-98dd-4d7ce5882c43 9 7886 12347 +edge_291_0_+disjointig_149_0_8169 281 8158 8169 -1 -1 7859 0.000902903
Chain
	Aln	158	+e954724a-ffa7-48be-98dd-4d7ce5882c43 7898 9157 12347 +edge_80_0_+disjointig_149_8169_9436 1 1260 1267 -1 -1 1259 0.00048621
Chain
	Aln	582	+e954724a-ffa7-48be-98dd-4d7ce5882c43 9211 12345 12347 +edge_292_0_+disjointig_136_5127_10621 46 3185 5494 -1 -1 2720 0.00991771
Chain
	Aln	583	-e954724a-ffa7-48be-98dd-4d7ce5882c43 1 3135 12347 -edge_292_0_+disjointig_136_5127_10621 2308 5447 5494 -1 -1 2720 0.00991771
Chain
	Aln	159	-e954724a-ffa7-48be-98dd-4d7ce5882c43 3189 4448 12347 -edge_80_0_+disjointig_149_8169_9436 6 1265 1267 -1 -1 1259 0.00048621
Chain
	Aln	581	-e954724a-ffa7-48be-98dd-4d7ce5882c43 4460 12337 12347 -edge_291_0_+disjointig_149_0_8169 10 7887 8169 -1 -1 7859 0.000902903
Chain
	Aln	580	+084a23f6-be76-46d8-a5ef-f3bb44519e0a 4 3594 8276 +edge_291_0_+disjointig_149_0_8169 4270 7872 8169 -1 -1 3467 0.00449399
Chain
	Aln	156	+084a23f6-be76-46d8-a5ef-f3bb44519e0a 3898 5105 8276 +edge_79_0_+disjointig_136_3907_5127 2 1211 1220 -1 -1 1147 0.00924516
Chain
	Aln	582	+084a23f6-be76-46d8-a5ef-f3bb44519e0a 5115 8271 8276 +edge_292_0_+disjointig_136_5127_10621 1 3160 5494 -1 -1 2975 0.00446243
Chain
	Aln	583	-084a23f6-be76-46d8-a5ef-f3bb44519e0a 4 3160 8276 -edge_292_0_+disjointig_136_5127_10621 2333 5492 5494 -1 -1 2975 0.00446243
Chain
	Aln	157	-084a23f6-be76-46d8-a5ef-f3bb44519e0a 3170 4377 8276 -edge_79_0_+disjointig_136_3907_5127 8 1217 1220 -1 -1 1147 0.00924516
Chain
	Aln	581	-084a23f6-be76-46d8-a5ef-f3bb44519e0a 4681 8271 8276 -edge_291_0_+disjointig_149_0_8169 296 3898 8169 -1 -1 3467 0.00449399
Chain
	Aln	583	+921c0fc8-8779-41e7-a767-5fd394435715 1 4799 5606 -edge_292_0_+disjointig_136_5127_10621 656 5493 5494 -1 -1 4564 0.00385137
Chain
	Aln	157	+921c0fc8-8779-41e7-a767-5fd394435715 4812 5574 5606 -edge_79_0_+disjointig_136_3907_5127 12 775 1220 -1 -1 756 0.00221391
Chain
	Aln	156	-921c0fc8-8779-41e7-a767-5fd394435715 31 793 5606 +edge_79_0_+disjointig_136_3907_5127 444 1207 1220 -1 -1 756 0.00221391
Chain
	Aln	582	-921c0fc8-8779-41e7-a767-5fd394435715 806 5604 5606 +edge_292_0_+disjointig_136_5127_10621 0 4837 5494 -1 -1 4564 0.00385137
Chain
	Aln	575	+e3c144f6-b76e-4cf3-83f5-05f1d4463751 20 2187 31325 -edge_288_0_+disjointig_62_14430_17706 1077 3243 3276 -1 -1 2142 0.000334105
Chain
	Aln	83	+e3c144f6-b76e-4cf3-83f5-05f1d4463751 2233 7492 31325 -edge_42_0_+disjointig_118_19552_24818 8 5265 5266 -1 -1 5249 0.000737872
Chain
	Aln	573	+e3c144f6-b76e-4cf3-83f5-05f1d4463751 7504 27881 31325 -edge_287_0_+disjointig_118_0_19552 11 19551 19552 -1 -1 16616 0.0114731
Chain
	Aln	572	-e3c144f6-b76e-4cf3-83f5-05f1d4463751 3443 23820 31325 +edge_287_0_+disjointig_118_0_19552 0 19540 19552 -1 -1 16616 0.0114731
Chain
	Aln	82	-e3c144f6-b76e-4cf3-83f5-05f1d4463751 23832 29091 31325 +edge_42_0_+disjointig_118_19552_24818 0 5257 5266 -1 -1 5249 0.000737872
Chain
	Aln	574	-e3c144f6-b76e-4cf3-83f5-05f1d4463751 29137 31304 31325 +edge_288_0_+disjointig_62_14430_17706 32 2198 3276 -1 -1 2142 0.000334105
Chain
	Aln	567	+5371e17b-4336-411c-b37e-9855b396dc28 12 1519 11556 -edge_284_3_-disjointig_27_13072_16662 2083 3589 3590 -1 -1 1505 0.0021441
Chain
	Aln	10	+5371e17b-4336-411c-b37e-9855b396dc28 1521 3844 11556 +edge_6_0_-disjointig_115_13212_15549 2 2329 2337 -1 -1 2279 0.0048269
Chain
	Aln	17	+5371e17b-4336-411c-b37e-9855b396dc28 3856 5115 11556 -edge_9_3_-disjointig_27_16662_17955 34 1292 1293 -1 -1 1253 0.00048621
	Aln	567	+5371e17b-4336-411c-b37e-9855b396dc28 5118 8704 11556 -edge_284_3_-disjointig_27_13072_16662 2 3589 3590 -1 -1 3551 0.0019564
Chain
	Aln	566	-5371e17b-4336-411c-b37e-9855b396dc28 2851 6437 11556 +edge_284_3_-disjointig_27_13072_16662 0 3587 3590 -1 -1 3551 0.0019564
	Aln	16	-5371e17b-4336-411c-b37e-9855b396dc28 6440 7699 11556 +edge_9_3_-disjointig_27_16662_17955 0 1258 1293 -1 -1 1253 0.00048621
Chain
	Aln	11	-5371e17b-4336-411c-b37e-9855b396dc28 7711 10034 11556 -edge_6_0_-disjointig_115_13212_15549 7 2334 2337 -1 -1 2279 0.0048269
Chain
	Aln	566	-5371e17b-4336-411c-b37e-9855b396dc28 10036 11543 11556 +edge_284_3_-disjointig_27_13072_16662 0 1506 3590 -1 -1 1505 0.0021441
Chain
	Aln	567	+b09c8020-e56c-440a-88ec-1f535f92e1a4 4359 5384 21774 -edge_284_2_+disjointig_115_11061_14645 2325 3583 3584 -1 -1 -290 0.13
Chain
	Aln	10	+b09c8020-e56c-440a-88ec-1f535f92e1a4 5670 7407 21774 +edge_6_0_-disjointig_115_13212_15549 409 2329 2337 -1 -1 1068 0.0270076
Chain
	Aln	17	+b09c8020-e56c-440a-88ec-1f535f92e1a4 7419 8649 21774 -edge_9_1_+disjointig_115_7461_8724 3 1262 1263 -1 -1 725 0.0225494
	Aln	567	+b09c8020-e56c-440a-88ec-1f535f92e1a4 8652 12228 21774 -edge_284_1_+disjointig_115_3875_7461 2 3585 3586 -1 -1 3522 0.00293025
Chain
	Aln	566	-b09c8020-e56c-440a-88ec-1f535f92e1a4 9545 13121 21774 +edge_284_1_+disjointig_115_3875_7461 0 3583 3586 -1 -1 3522 0.00293025
	Aln	16	-b09c8020-e56c-440a-88ec-1f535f92e1a4 13124 14354 21774 +edge_9_1_+disjointig_115_7461_8724 0 1259 1263 -1 -1 725 0.0225494
Chain
	Aln	11	-b09c8020-e56c-440a-88ec-1f535f92e1a4 14366 16103 21774 -edge_6_0_-disjointig_115_13212_15549 7 1927 2337 -1 -1 1068 0.0270076
Chain
	Aln	566	-b09c8020-e56c-440a-88ec-1f535f92e1a4 16389 17414 21774 +edge_284_2_+disjointig_115_11061_14645 0 1258 3584 -1 -1 -290 0.13
Chain
	Aln	579	+93c1aba0-f50c-4e86-b429-3e3d163f7679 889 4734 26569 -edge_290_0_+disjointig_29_21894_25753 13 3858 3859 -1 -1 3473 0.00184854
Chain
	Aln	147	+93c1aba0-f50c-4e86-b429-3e3d163f7679 4745 6500 26569 -edge_74_0_+disjointig_29_20133_21894 10 1760 1761 -1 -1 1621 0.00097678
Chain
	Aln	577	+93c1aba0-f50c-4e86-b429-3e3d163f7679 6509 9949 26569 -edge_289_1_+disjointig_29_16690_20133 8 3442 3443 -1 -1 3405 0
Chain
	Aln	576	-93c1aba0-f50c-4e86-b429-3e3d163f7679 16619 20059 26569 +edge_289_1_+disjointig_29_16690_20133 0 3434 3443 -1 -1 3405 0
Chain
	Aln	146	-93c1aba0-f50c-4e86-b429-3e3d163f7679 20068 21823 26569 +edge_74_0_+disjointig_29_20133_21894 0 1750 1761 -1 -1 1621 0.00097678
Chain
	Aln	578	-93c1aba0-f50c-4e86-b429-3e3d163f7679 21834 25679 26569 +edge_290_0_+disjointig_29_21894_25753 0 3845 3859 -1 -1 3473 0.00184854
Chain
	Aln	17	+8ccc114b-dabd-4587-a81c-0c8a6e2a407b 89 1367 9619 -edge_9_3_-disjointig_27_16662_17955 14 1292 1293 -1 -1 1272 0.000591596
	Aln	567	+8ccc114b-dabd-4587-a81c-0c8a6e2a407b 1376 4998 9619 -edge_284_4_-disjointig_27_4139_7778 8 3638 3639 -1 -1 3485 0.00446454
Chain
	Aln	12	+8ccc114b-dabd-4587-a81c-0c8a6e2a407b 5390 5805 9619 +edge_7_0_+disjointig_27_24377_25065 270 672 688 -1 -1 337 0.0227753
Chain
	Aln	13	-8ccc114b-dabd-4587-a81c-0c8a6e2a407b 3813 4228 9619 -edge_7_0_+disjointig_27_24377_25065 15 417 688 -1 -1 337 0.0227753
Chain
	Aln	566	-8ccc114b-dabd-4587-a81c-0c8a6e2a407b 4620 8242 9619 +edge_284_4_-disjointig_27_4139_7778 0 3630 3639 -1 -1 3485 0.00446454
	Aln	16	-8ccc114b-dabd-4587-a81c-0c8a6e2a407b 8251 9529 9619 +edge_9_3_-disjointig_27_16662_17955 0 1278 1293 -1 -1 1272 0.000591596
Chain
	Aln	566	+6f96fb7b-62d4-4c73-93d9-55396346e82b 3 2459 18375 +edge_284_1_+disjointig_115_3875_7461 1128 3583 3586 -1 -1 2416 0.00209176
	Aln	16	+6f96fb7b-62d4-4c73-93d9-55396346e82b 2471 3721 18375 +edge_9_1_+disjointig_115_7461_8724 9 1259 1263 -1 -1 1250 0
Chain
	Aln	11	+6f96fb7b-62d4-4c73-93d9-55396346e82b 3740 6061 18375 -edge_6_0_-disjointig_115_13212_15549 14 2336 2337 -1 -1 2293 0.00500438
Chain
	Aln	566	+6f96fb7b-62d4-4c73-93d9-55396346e82b 6061 9638 18375 +edge_284_3_-disjointig_27_13072_16662 0 3587 3590 -1 -1 3496 0.00386025
	Aln	16	+6f96fb7b-62d4-4c73-93d9-55396346e82b 9641 10927 18375 +edge_9_2_+disjointig_115_14645_15938 0 1286 1293 -1 -1 1270 0.00147467
Chain
	Aln	17	-6f96fb7b-62d4-4c73-93d9-55396346e82b 7447 8733 18375 -edge_9_2_+disjointig_115_14645_15938 6 1292 1293 -1 -1 1270 0.00147467
	Aln	567	-6f96fb7b-62d4-4c73-93d9-55396346e82b 8736 12313 18375 -edge_284_3_-disjointig_27_13072_16662 2 3589 3590 -1 -1 3496 0.00386025
Chain
	Aln	10	-6f96fb7b-62d4-4c73-93d9-55396346e82b 12313 14634 18375 +edge_6_0_-disjointig_115_13212_15549 0 2322 2337 -1 -1 2293 0.00500438
Chain
	Aln	17	-6f96fb7b-62d4-4c73-93d9-55396346e82b 14653 15903 18375 -edge_9_1_+disjointig_115_7461_8724 3 1253 1263 -1 -1 1250 0
	Aln	567	-6f96fb7b-62d4-4c73-93d9-55396346e82b 15915 18371 18375 -edge_284_1_+disjointig_115_3875_7461 2 2457 3586 -1 -1 2416 0.00209176
