[2026-02-20 17:22:49] root: INFO: Starting Flye 2.9.6-b1802
[2026-02-20 17:22:49] root: DEBUG: Cmd: /data/softs/Miniforge3-25.11.0-0/envs/flye-2.9.6/bin/flye --meta --nano-hq /scratch/ky/characterization/FASTQ/SQK-RBK114-96_barcode28.fastq -o /scratch/ky/characterization/results/barcode28/assembly/ -t 16
[2026-02-20 17:22:49] root: DEBUG: Python version: 3.12.12 | packaged by conda-forge | (main, Jan 26 2026, 23:51:32) [GCC 14.3.0]
[2026-02-20 17:22:49] root: INFO: >>>STAGE: configure
[2026-02-20 17:22:49] root: INFO: Configuring run
[2026-02-20 17:22:49] root: INFO: Total read length: 66079284
[2026-02-20 17:22:49] root: INFO: Reads N50/N90: 5461 / 809
[2026-02-20 17:22:49] root: INFO: Minimum overlap set to 1000
[2026-02-20 17:22:49] root: INFO: >>>STAGE: assembly
[2026-02-20 17:22:49] root: INFO: Assembling disjointigs
[2026-02-20 17:22:49] root: DEBUG: -----Begin assembly log------
[2026-02-20 17:22:49] root: DEBUG: Running: flye-modules assemble --reads /scratch/ky/characterization/FASTQ/SQK-RBK114-96_barcode28.fastq --out-asm /scratch/ky/characterization/results/barcode28/assembly/00-assembly/draft_assembly.fasta --config /data/softs/Miniforge3-25.11.0-0/envs/flye-2.9.6/lib/python3.12/site-packages/flye/config/bin_cfg/asm_nano_hq.cfg --log /scratch/ky/characterization/results/barcode28/assembly/flye.log --threads 16 --meta --min-ovlp 1000
[2026-02-20 17:22:49] DEBUG: Build date: May  4 2025 23:17:52
[2026-02-20 17:22:49] DEBUG: Total RAM: 251 Gb
[2026-02-20 17:22:49] DEBUG: Available RAM: 247 Gb
[2026-02-20 17:22:49] DEBUG: Total CPUs: 32
[2026-02-20 17:22:49] DEBUG: Loading /data/softs/Miniforge3-25.11.0-0/envs/flye-2.9.6/lib/python3.12/site-packages/flye/config/bin_cfg/asm_nano_hq.cfg
[2026-02-20 17:22:49] DEBUG: Loading /data/softs/Miniforge3-25.11.0-0/envs/flye-2.9.6/lib/python3.12/site-packages/flye/config/bin_cfg/asm_defaults.cfg
[2026-02-20 17:22:49] DEBUG: 	big_genome_threshold=29000000
[2026-02-20 17:22:49] DEBUG: 	meta_read_filter_kmer_freq=100
[2026-02-20 17:22:49] DEBUG: 	chain_large_gap_penalty=2
[2026-02-20 17:22:49] DEBUG: 	chain_small_gap_penalty=0.5
[2026-02-20 17:22:49] DEBUG: 	chain_gap_jump_threshold=100
[2026-02-20 17:22:49] DEBUG: 	max_jump_gap=500
[2026-02-20 17:22:49] DEBUG: 	max_coverage_drop_rate=5
[2026-02-20 17:22:49] DEBUG: 	max_extensions_drop_rate=5
[2026-02-20 17:22:49] DEBUG: 	chimera_window=100
[2026-02-20 17:22:49] DEBUG: 	chimera_overhang=1000
[2026-02-20 17:22:49] DEBUG: 	min_reads_in_disjointig=4
[2026-02-20 17:22:49] DEBUG: 	max_inner_reads=10
[2026-02-20 17:22:49] DEBUG: 	max_inner_fraction=0.25
[2026-02-20 17:22:49] DEBUG: 	aggressive_dup_filter=1
[2026-02-20 17:22:49] DEBUG: 	max_separation=500
[2026-02-20 17:22:49] DEBUG: 	unique_edge_length=50000
[2026-02-20 17:22:49] DEBUG: 	min_repeat_res_support=0.51
[2026-02-20 17:22:49] DEBUG: 	out_paths_ratio=5
[2026-02-20 17:22:49] DEBUG: 	graph_cov_drop_rate=5
[2026-02-20 17:22:49] DEBUG: 	coverage_estimate_window=100
[2026-02-20 17:22:49] DEBUG: 	max_bubble_length=50000
[2026-02-20 17:22:49] DEBUG: 	loop_coverage_rate=1.5
[2026-02-20 17:22:49] DEBUG: 	repeat_edge_cov_mult=1.75
[2026-02-20 17:22:49] DEBUG: 	weak_detach_rate=5
[2026-02-20 17:22:49] DEBUG: 	tip_coverage_rate=2
[2026-02-20 17:22:49] DEBUG: 	tip_length_rate=2
[2026-02-20 17:22:49] DEBUG: 	output_gfa_before_rr=1
[2026-02-20 17:22:49] DEBUG: 	remove_alt_edges=0
[2026-02-20 17:22:49] DEBUG: 	low_cutoff_warning=0
[2026-02-20 17:22:49] DEBUG: 	kmer_size=17
[2026-02-20 17:22:49] DEBUG: 	use_minimizers=1
[2026-02-20 17:22:49] DEBUG: 	minimizer_window=10
[2026-02-20 17:22:49] DEBUG: 	reads_base_alignment=1
[2026-02-20 17:22:49] DEBUG: 	meta_read_top_kmer_rate=0.75
[2026-02-20 17:22:49] DEBUG: 	maximum_jump=1500
[2026-02-20 17:22:49] DEBUG: 	maximum_overhang=1500
[2026-02-20 17:22:49] DEBUG: 	repeat_kmer_rate=100
[2026-02-20 17:22:49] DEBUG: 	assemble_ovlp_divergence=0.03
[2026-02-20 17:22:49] DEBUG: 	assemble_divergence_relative=1
[2026-02-20 17:22:49] DEBUG: 	repeat_graph_ovlp_divergence=0.03
[2026-02-20 17:22:49] DEBUG: 	read_align_ovlp_divergence=0.10
[2026-02-20 17:22:49] DEBUG: 	hpc_scoring_on=1
[2026-02-20 17:22:49] DEBUG: 	add_unassembled_reads=0
[2026-02-20 17:22:49] DEBUG: 	extend_contigs_with_repeats=0
[2026-02-20 17:22:49] DEBUG: 	min_read_cov_cutoff=3
[2026-02-20 17:22:49] DEBUG: 	short_tip_length=20000
[2026-02-20 17:22:49] DEBUG: 	long_tip_length=100000
[2026-02-20 17:22:49] DEBUG: Running with k-mer size: 17
[2026-02-20 17:22:49] DEBUG: Running with minimum overlap 1000
[2026-02-20 17:22:49] DEBUG: Metagenome mode: Y
[2026-02-20 17:22:49] DEBUG: Short mode: N
[2026-02-20 17:22:49] INFO: Reading sequences
[2026-02-20 17:22:50] DEBUG: Building positional index
[2026-02-20 17:22:50] DEBUG: Total sequence: 57689895 bp
[2026-02-20 17:22:50] INFO: Building minimizer index
[2026-02-20 17:22:50] INFO: Pre-calculating index storage
[2026-02-20 17:22:50] DEBUG: Mean k-mer frequency: 4.86151
[2026-02-20 17:22:50] DEBUG: Repetitive k-mer frequency: 486
[2026-02-20 17:22:50] DEBUG: Filtered 855596 repetitive k-mers (0.081858)
[2026-02-20 17:22:50] INFO: Filling index
[2026-02-20 17:22:50] DEBUG: Sorting k-mer index
[2026-02-20 17:22:50] DEBUG: Selected k-mers: 2148964
[2026-02-20 17:22:50] DEBUG: K-mer index size: 9596601
[2026-02-20 17:22:50] DEBUG: Mean k-mer frequency: 4.46569
[2026-02-20 17:22:50] DEBUG: Minimizer rate: 6.01149
[2026-02-20 17:22:50] DEBUG: Peak RAM usage: 0 Gb
[2026-02-20 17:22:50] DEBUG: Estimating k-mer identity bias
[2026-02-20 17:22:51] DEBUG: Initial divergence estimate : 0.0111132
[2026-02-20 17:22:51] DEBUG: Relative threshold: Y
[2026-02-20 17:22:51] DEBUG: Max divergence threshold set to 0.0411132
[2026-02-20 17:22:51] INFO: Extending reads
[2026-02-20 17:22:51] DEBUG: Estimating overlap coverage
[2026-02-20 17:22:56] INFO: Overlap-based coverage: 9
[2026-02-20 17:22:56] INFO: Median overlap divergence: 0.0118644
[2026-02-20 17:22:56] DEBUG: Sequence divergence distribution: 

    | *      |                                                                                           
    | *      |                                                                                           
    | *      |                                                                                           
    | *      |                                                                                           
    | **     |                                                                                           
    | **     |                                                                                           
    | **     |                                                                                           
    | **     |                                                                                           
    | **     |                                                                                           
    | **     |                                                                                           
    |***     |                                                                                           
    |***     |                                                                                           
    |****    |                                                                                           
    |****    |                                                                                           
    |*****   |                                                                                           
    |*****   |                                                                                           
    |******  |                                                                                           
    |******* |                                                                                           
    |***********                                                                                         
    |*********************** *                                                                           
    ----------------------------------------------------------------------------------------------------
    0%        5%        10%       15%       20%       25%       30%       35%       40%       45%       

    Q25 = 0.0072, Q50 = 0.012, Q75 = 0.021

[2026-02-20 17:22:56] DEBUG: Assembled disjointig 1
	With 2 reads
	Start read: +8b0b8394-0cd9-4d8a-b6c4-ee5f079b4475
	At position: 1
	leftTip: 1 rightTip: 1
	Suspicious: 1
	Short ext: 0
	Mean extensions: 0
	Avg overlap len: 2040
	Min overlap len: 2040
	Inner reads: 0
	Length: 13907
[2026-02-20 17:22:56] DEBUG: Inner: 12 covered: 56 total: 27858
[2026-02-20 17:22:56] DEBUG: Assembled disjointig 2
	With 8 reads
	Start read: +247f7889-d616-4690-84dc-75524b3418dc
	At position: 6
	leftTip: 0 rightTip: 0
	Suspicious: 0
	Short ext: 0
	Mean extensions: 9
	Avg overlap len: 3470
	Min overlap len: 3117
	Inner reads: 0
	Length: 18943
[2026-02-20 17:22:56] DEBUG: Inner: 116 covered: 244 total: 27858
[2026-02-20 17:22:56] DEBUG: Discarded disjointig with 8 reads and 4 inner overlaps
[2026-02-20 17:22:56] DEBUG: Assembled disjointig 3
	With 10 reads
	Start read: +0d1d0dc4-df98-442e-b3bf-b819cad299cc
	At position: 3
	leftTip: 1 rightTip: 1
	Suspicious: 1
	Short ext: 0
	Mean extensions: 3
	Avg overlap len: 3636
	Min overlap len: 2034
	Inner reads: 0
	Length: 57744
[2026-02-20 17:22:56] DEBUG: Inner: 320 covered: 456 total: 27858
[2026-02-20 17:22:56] DEBUG: Discarded disjointig with 9 reads and 3 inner overlaps
[2026-02-20 17:22:56] DEBUG: Assembled disjointig 4
	With 18 reads
	Start read: +be43f6a5-aa9a-4757-9d1a-0e5395e4c5dd
	At position: 16
	leftTip: 1 rightTip: 1
	Suspicious: 2
	Short ext: 0
	Mean extensions: 3
	Avg overlap len: 6759
	Min overlap len: 1133
	Inner reads: 0
	Length: 116865
[2026-02-20 17:22:56] DEBUG: Inner: 944 covered: 1110 total: 27858
[2026-02-20 17:22:57] DEBUG: Assembled disjointig 5
	With 51 reads
	Start read: +99dcbb46-e09c-4934-88bb-36a486a57803
	At position: 14
	leftTip: 1 rightTip: 1
	Suspicious: 2
	Short ext: 0
	Mean extensions: 4
	Avg overlap len: 6518
	Min overlap len: 2114
	Inner reads: 0
	Length: 392651
[2026-02-20 17:22:57] DEBUG: Inner: 2468 covered: 2646 total: 27858
[2026-02-20 17:22:57] DEBUG: Discarded disjointig with 53 reads and 50 inner overlaps
[2026-02-20 17:22:57] DEBUG: Assembled disjointig 6
	With 24 reads
	Start read: +86f324c3-3679-498f-a393-550d8142dbd4
	At position: 2
	leftTip: 1 rightTip: 1
	Suspicious: 2
	Short ext: 0
	Mean extensions: 3
	Avg overlap len: 6366
	Min overlap len: 2034
	Inner reads: 0
	Length: 150789
[2026-02-20 17:22:57] DEBUG: Inner: 3052 covered: 3242 total: 27858
[2026-02-20 17:22:57] DEBUG: Assembled disjointig 7
	With 5 reads
	Start read: +a2e1d19d-58fd-445f-97c1-8f146c2b2934
	At position: 3
	leftTip: 0 rightTip: 0
	Suspicious: 0
	Short ext: 0
	Mean extensions: 3
	Avg overlap len: 3162
	Min overlap len: 1343
	Inner reads: 0
	Length: 12629
[2026-02-20 17:22:57] DEBUG: Inner: 3070 covered: 3266 total: 27858
[2026-02-20 17:22:57] DEBUG: Assembled disjointig 8
	With 23 reads
	Start read: +eb3a818a-1eb5-4e59-9917-66bf695c8cae
	At position: 19
	leftTip: 1 rightTip: 0
	Suspicious: 0
	Short ext: 0
	Mean extensions: 8
	Avg overlap len: 7547
	Min overlap len: 3781
	Inner reads: 2
	Length: 141567
[2026-02-20 17:22:57] DEBUG: Inner: 3886 covered: 4166 total: 27858
[2026-02-20 17:22:57] DEBUG: Assembled disjointig 9
	With 81 reads
	Start read: +140e7f0c-91e7-477a-94f4-91d8b0063680
	At position: 2
	leftTip: 1 rightTip: 0
	Suspicious: 3
	Short ext: 0
	Mean extensions: 5
	Avg overlap len: 8102
	Min overlap len: 1317
	Inner reads: 5
	Length: 616936
[2026-02-20 17:22:57] DEBUG: Inner: 6628 covered: 6890 total: 27858
[2026-02-20 17:22:57] DEBUG: Discarded disjointig with 69 reads and 66 inner overlaps
[2026-02-20 17:22:57] DEBUG: Discarded disjointig with 62 reads and 59 inner overlaps
[2026-02-20 17:22:57] DEBUG: Discarded disjointig with 64 reads and 17 inner overlaps
[2026-02-20 17:22:57] DEBUG: Assembled disjointig 10
	With 56 reads
	Start read: +d7dc5b43-26fb-4183-ac7f-07042f5f8ba1
	At position: 20
	leftTip: 1 rightTip: 0
	Suspicious: 1
	Short ext: 0
	Mean extensions: 6
	Avg overlap len: 9811
	Min overlap len: 2347
	Inner reads: 0
	Length: 437791
[2026-02-20 17:22:57] DEBUG: Inner: 8928 covered: 9168 total: 27858
[2026-02-20 17:22:57] DEBUG: Discarded disjointig with 53 reads and 51 inner overlaps
[2026-02-20 17:22:57] DEBUG: Discarded disjointig with 40 reads and 38 inner overlaps
[2026-02-20 17:22:57] DEBUG: Discarded disjointig with 24 reads and 22 inner overlaps
[2026-02-20 17:22:57] DEBUG: Discarded disjointig with 188 reads and 52 inner overlaps
[2026-02-20 17:22:57] DEBUG: Discarded disjointig with 188 reads and 52 inner overlaps
[2026-02-20 17:22:57] DEBUG: Discarded disjointig with 195 reads and 52 inner overlaps
[2026-02-20 17:22:57] DEBUG: Assembled disjointig 11
	With 136 reads
	Start read: +d11c6ac9-8a8a-48d8-8b7c-a364ad3cc9ed
	At position: 126
	leftTip: 1 rightTip: 0
	Suspicious: 2
	Short ext: 0
	Mean extensions: 4
	Avg overlap len: 7478
	Min overlap len: 1077
	Inner reads: 0
	Length: 978098
[2026-02-20 17:22:57] DEBUG: Inner: 13544 covered: 13760 total: 27858
[2026-02-20 17:22:57] DEBUG: Discarded disjointig with 136 reads and 133 inner overlaps
[2026-02-20 17:22:57] DEBUG: Discarded disjointig with 68 reads and 66 inner overlaps
[2026-02-20 17:22:57] DEBUG: Discarded disjointig with 65 reads and 63 inner overlaps
[2026-02-20 17:22:57] DEBUG: Assembled disjointig 12
	With 1 reads
	Start read: +c376be13-91b2-4f8f-a1af-453fc6db6594
	At position: 1
	leftTip: 1 rightTip: 1
	Suspicious: 0
	Short ext: 0
	Mean extensions: 0
	Avg overlap len: 0
	Min overlap len: 0
	Inner reads: 0
	Length: 3474
[2026-02-20 17:22:57] DEBUG: Inner: 13550 covered: 13788 total: 27858
[2026-02-20 17:22:57] DEBUG: Discarded disjointig with 62 reads and 60 inner overlaps
[2026-02-20 17:22:57] DEBUG: Discarded disjointig with 120 reads and 118 inner overlaps
[2026-02-20 17:22:57] DEBUG: Assembled disjointig 13
	With 39 reads
	Start read: +ad25b485-b256-4203-b5ea-db535f2d065d
	At position: 10
	leftTip: 1 rightTip: 1
	Suspicious: 2
	Short ext: 0
	Mean extensions: 4
	Avg overlap len: 6631
	Min overlap len: 1440
	Inner reads: 0
	Length: 299180
[2026-02-20 17:22:57] DEBUG: Inner: 14644 covered: 14892 total: 27858
[2026-02-20 17:22:57] DEBUG: Discarded disjointig with 39 reads and 37 inner overlaps
[2026-02-20 17:22:57] DEBUG: Discarded disjointig with 10 reads and 8 inner overlaps
[2026-02-20 17:22:57] DEBUG: Assembled disjointig 14
	With 2 reads
	Start read: +2f59768b-c746-41f5-8cfe-9066efc7ad56
	At position: 1
	leftTip: 1 rightTip: 1
	Suspicious: 1
	Short ext: 0
	Mean extensions: 1
	Avg overlap len: 5708
	Min overlap len: 5708
	Inner reads: 0
	Length: 8302
[2026-02-20 17:22:57] DEBUG: Inner: 14656 covered: 14910 total: 27858
[2026-02-20 17:22:57] DEBUG: Assembled disjointig 15
	With 49 reads
	Start read: +7b49c01d-a511-41e4-902d-75b4877615de
	At position: 41
	leftTip: 1 rightTip: 0
	Suspicious: 3
	Short ext: 0
	Mean extensions: 4
	Avg overlap len: 6090
	Min overlap len: 1835
	Inner reads: 0
	Length: 286531
[2026-02-20 17:22:57] DEBUG: Inner: 15728 covered: 15976 total: 27858
[2026-02-20 17:22:57] DEBUG: Assembled disjointig 16
	With 4 reads
	Start read: +9e428957-cb7c-4246-9a99-c2bfd8c59ecf
	At position: 2
	leftTip: 0 rightTip: 0
	Suspicious: 0
	Short ext: 0
	Mean extensions: 4
	Avg overlap len: 2085
	Min overlap len: 1584
	Inner reads: 0
	Length: 9931
[2026-02-20 17:22:57] DEBUG: Inner: 15738 covered: 16004 total: 27858
[2026-02-20 17:22:57] DEBUG: Discarded disjointig with 23 reads and 21 inner overlaps
[2026-02-20 17:22:57] DEBUG: Assembled disjointig 17
	With 2 reads
	Start read: +81c1b07d-2fd4-4f98-9436-9ced636b7730
	At position: 2
	leftTip: 1 rightTip: 1
	Suspicious: 1
	Short ext: 0
	Mean extensions: 0
	Avg overlap len: 13959
	Min overlap len: 13959
	Inner reads: 0
	Length: 17339
[2026-02-20 17:22:57] DEBUG: Inner: 15756 covered: 16032 total: 27858
[2026-02-20 17:22:57] DEBUG: Discarded disjointig with 38 reads and 36 inner overlaps
[2026-02-20 17:22:57] DEBUG: Assembled disjointig 18
	With 1 reads
	Start read: +0ed028f4-a51b-41a5-ba75-52c20f1a73e5
	At position: 1
	leftTip: 1 rightTip: 1
	Suspicious: 0
	Short ext: 0
	Mean extensions: 0
	Avg overlap len: 0
	Min overlap len: 0
	Inner reads: 0
	Length: 5946
[2026-02-20 17:22:57] DEBUG: Inner: 15766 covered: 16066 total: 27858
[2026-02-20 17:22:57] DEBUG: Assembled disjointig 19
	With 2 reads
	Start read: +330b2b9e-1d09-4087-a981-5db1f4e5d51a
	At position: 2
	leftTip: 1 rightTip: 1
	Suspicious: 1
	Short ext: 0
	Mean extensions: 0
	Avg overlap len: 1638
	Min overlap len: 1638
	Inner reads: 0
	Length: 5576
[2026-02-20 17:22:57] DEBUG: Inner: 15802 covered: 16106 total: 27858
[2026-02-20 17:22:57] DEBUG: Discarded disjointig with 24 reads and 22 inner overlaps
[2026-02-20 17:22:57] DEBUG: Assembled disjointig 20
	With 14 reads
	Start read: +801695b0-07f8-4a96-a25b-0a29cffc0170
	At position: 11
	leftTip: 1 rightTip: 0
	Suspicious: 1
	Short ext: 0
	Mean extensions: 3
	Avg overlap len: 6566
	Min overlap len: 1817
	Inner reads: 0
	Length: 102461
[2026-02-20 17:22:57] DEBUG: Inner: 16172 covered: 16482 total: 27858
[2026-02-20 17:22:57] DEBUG: Discarded disjointig with 7 reads and 5 inner overlaps
[2026-02-20 17:22:57] DEBUG: Discarded disjointig with 3 reads and 1 inner overlaps
[2026-02-20 17:22:57] DEBUG: Assembled disjointig 21
	With 2 reads
	Start read: +a97e1716-709b-4345-bcd0-cb325c4f8e95
	At position: 1
	leftTip: 1 rightTip: 1
	Suspicious: 1
	Short ext: 0
	Mean extensions: 0
	Avg overlap len: 1833
	Min overlap len: 1833
	Inner reads: 0
	Length: 10537
[2026-02-20 17:22:57] DEBUG: Inner: 16184 covered: 16508 total: 27858
[2026-02-20 17:22:57] DEBUG: Assembled disjointig 22
	With 3 reads
	Start read: +56ab479f-762a-48c5-8298-cc937aa9cea2
	At position: 2
	leftTip: 1 rightTip: 1
	Suspicious: 2
	Short ext: 0
	Mean extensions: 1
	Avg overlap len: 4439
	Min overlap len: 1657
	Inner reads: 0
	Length: 29999
[2026-02-20 17:22:57] DEBUG: Inner: 16206 covered: 16562 total: 27858
[2026-02-20 17:22:57] DEBUG: Assembled disjointig 23
	With 1 reads
	Start read: +eebe4e28-019c-4063-a6fb-cc48cf6cb7b1
	At position: 1
	leftTip: 1 rightTip: 1
	Suspicious: 0
	Short ext: 0
	Mean extensions: 0
	Avg overlap len: 0
	Min overlap len: 0
	Inner reads: 0
	Length: 2267
[2026-02-20 17:22:57] DEBUG: Inner: 16210 covered: 16574 total: 27858
[2026-02-20 17:22:57] DEBUG: Assembled disjointig 24
	With 1 reads
	Start read: +a386c112-d0f6-42ef-9a7c-08033b7982dd
	At position: 1
	leftTip: 1 rightTip: 1
	Suspicious: 0
	Short ext: 0
	Mean extensions: 0
	Avg overlap len: 0
	Min overlap len: 0
	Inner reads: 0
	Length: 2259
[2026-02-20 17:22:57] DEBUG: Inner: 16214 covered: 16586 total: 27858
[2026-02-20 17:22:57] DEBUG: Assembled disjointig 25
	With 89 reads
	Start read: +c1931b06-795f-40e2-8f46-6b0f2baba3b7
	At position: 35
	leftTip: 1 rightTip: 1
	Suspicious: 4
	Short ext: 0
	Mean extensions: 4
	Avg overlap len: 8277
	Min overlap len: 1229
	Inner reads: 0
	Length: 688313
[2026-02-20 17:22:57] DEBUG: Inner: 18954 covered: 19318 total: 27858
[2026-02-20 17:22:57] DEBUG: Discarded disjointig with 90 reads and 88 inner overlaps
[2026-02-20 17:22:57] DEBUG: Assembled disjointig 26
	With 17 reads
	Start read: +5cb77970-2575-450a-8fda-c718980252b6
	At position: 4
	leftTip: 0 rightTip: 0
	Suspicious: 0
	Short ext: 0
	Mean extensions: 5
	Avg overlap len: 9612
	Min overlap len: 1291
	Inner reads: 0
	Length: 120532
[2026-02-20 17:22:57] DEBUG: Inner: 19444 covered: 19798 total: 27858
[2026-02-20 17:22:57] DEBUG: Discarded disjointig with 89 reads and 87 inner overlaps
[2026-02-20 17:22:57] DEBUG: Discarded disjointig with 14 reads and 12 inner overlaps
[2026-02-20 17:22:57] DEBUG: Discarded disjointig with 93 reads and 91 inner overlaps
[2026-02-20 17:22:57] DEBUG: Discarded disjointig with 43 reads and 41 inner overlaps
[2026-02-20 17:22:57] DEBUG: Discarded disjointig with 90 reads and 88 inner overlaps
[2026-02-20 17:22:57] DEBUG: Discarded disjointig with 8 reads and 6 inner overlaps
[2026-02-20 17:22:57] DEBUG: Discarded disjointig with 30 reads and 28 inner overlaps
[2026-02-20 17:22:57] DEBUG: Assembled disjointig 27
	With 2 reads
	Start read: +c95ae154-a758-4b7e-a95e-7ffeed9c75ba
	At position: 1
	leftTip: 1 rightTip: 1
	Suspicious: 1
	Short ext: 0
	Mean extensions: 1
	Avg overlap len: 2346
	Min overlap len: 2346
	Inner reads: 0
	Length: 5519
[2026-02-20 17:22:57] DEBUG: Inner: 19464 covered: 19844 total: 27858
[2026-02-20 17:22:57] DEBUG: Discarded disjointig with 62 reads and 60 inner overlaps
[2026-02-20 17:22:57] DEBUG: Assembled disjointig 28
	With 1 reads
	Start read: +5f19503a-d49b-4018-b34e-775438b1843a
	At position: 1
	leftTip: 1 rightTip: 1
	Suspicious: 0
	Short ext: 0
	Mean extensions: 0
	Avg overlap len: 0
	Min overlap len: 0
	Inner reads: 0
	Length: 2247
[2026-02-20 17:22:57] DEBUG: Inner: 19468 covered: 19862 total: 27858
[2026-02-20 17:22:57] DEBUG: Discarded disjointig with 79 reads and 77 inner overlaps
[2026-02-20 17:22:57] DEBUG: Assembled disjointig 29
	With 2 reads
	Start read: +b42661ef-928b-45ce-9a11-1ac3b1f5e349
	At position: 1
	leftTip: 1 rightTip: 1
	Suspicious: 1
	Short ext: 0
	Mean extensions: 0
	Avg overlap len: 3478
	Min overlap len: 3478
	Inner reads: 0
	Length: 6334
[2026-02-20 17:22:57] DEBUG: Inner: 19480 covered: 19879 total: 27858
[2026-02-20 17:22:57] DEBUG: Discarded disjointig with 27 reads and 25 inner overlaps
[2026-02-20 17:22:57] DEBUG: Assembled disjointig 30
	With 1 reads
	Start read: +61c1d4fa-c5da-49e4-9c65-9479e9ebc3dd
	At position: 1
	leftTip: 1 rightTip: 1
	Suspicious: 0
	Short ext: 0
	Mean extensions: 0
	Avg overlap len: 0
	Min overlap len: 0
	Inner reads: 0
	Length: 2216
[2026-02-20 17:22:57] DEBUG: Inner: 19486 covered: 19892 total: 27858
[2026-02-20 17:22:57] DEBUG: Discarded disjointig with 8 reads and 6 inner overlaps
[2026-02-20 17:22:57] DEBUG: Assembled disjointig 31
	With 1 reads
	Start read: +48cb4b73-f132-4576-81ab-63a0b9d602d9
	At position: 1
	leftTip: 1 rightTip: 1
	Suspicious: 0
	Short ext: 0
	Mean extensions: 0
	Avg overlap len: 0
	Min overlap len: 0
	Inner reads: 0
	Length: 2343
[2026-02-20 17:22:57] DEBUG: Inner: 19490 covered: 19904 total: 27858
[2026-02-20 17:22:57] DEBUG: Discarded disjointig with 12 reads and 10 inner overlaps
[2026-02-20 17:22:57] DEBUG: Assembled disjointig 32
	With 3 reads
	Start read: +07038123-61c8-4e63-9447-4be918669deb
	At position: 3
	leftTip: 1 rightTip: 1
	Suspicious: 1
	Short ext: 0
	Mean extensions: 1
	Avg overlap len: 3577
	Min overlap len: 1493
	Inner reads: 0
	Length: 10201
[2026-02-20 17:22:57] DEBUG: Inner: 19504 covered: 19948 total: 27858
[2026-02-20 17:22:57] DEBUG: Discarded disjointig with 11 reads and 9 inner overlaps
[2026-02-20 17:22:57] DEBUG: Assembled disjointig 33
	With 2 reads
	Start read: +88c876c4-c26f-403a-a2ad-cc6a260d1e72
	At position: 1
	leftTip: 1 rightTip: 1
	Suspicious: 1
	Short ext: 0
	Mean extensions: 0
	Avg overlap len: 1132
	Min overlap len: 1132
	Inner reads: 0
	Length: 4854
[2026-02-20 17:22:57] DEBUG: Inner: 19514 covered: 19977 total: 27858
[2026-02-20 17:22:57] DEBUG: Assembled disjointig 34
	With 3 reads
	Start read: +9adc0458-2dc8-4cc2-b264-c5a74a139bea
	At position: 2
	leftTip: 1 rightTip: 1
	Suspicious: 2
	Short ext: 0
	Mean extensions: 1
	Avg overlap len: 2285
	Min overlap len: 2090
	Inner reads: 0
	Length: 7744
[2026-02-20 17:22:57] DEBUG: Inner: 19524 covered: 20014 total: 27858
[2026-02-20 17:22:57] DEBUG: Assembled disjointig 35
	With 4 reads
	Start read: +f5f19493-b663-4c85-a434-95e710df05b5
	At position: 2
	leftTip: 1 rightTip: 1
	Suspicious: 2
	Short ext: 0
	Mean extensions: 1
	Avg overlap len: 2417
	Min overlap len: 1081
	Inner reads: 0
	Length: 18326
[2026-02-20 17:22:57] DEBUG: Inner: 19548 covered: 20052 total: 27858
[2026-02-20 17:22:57] DEBUG: Discarded disjointig with 3 reads and 1 inner overlaps
[2026-02-20 17:22:57] DEBUG: Assembled disjointig 36
	With 1 reads
	Start read: +b44ca081-e7b0-4ffc-92da-b39a2cefb6f7
	At position: 1
	leftTip: 1 rightTip: 1
	Suspicious: 0
	Short ext: 0
	Mean extensions: 0
	Avg overlap len: 0
	Min overlap len: 0
	Inner reads: 0
	Length: 2677
[2026-02-20 17:22:57] DEBUG: Inner: 19554 covered: 20086 total: 27858
[2026-02-20 17:22:57] DEBUG: Assembled disjointig 37
	With 6 reads
	Start read: +811f4b8f-943e-42f6-b8a6-8aef2d933580
	At position: 5
	leftTip: 1 rightTip: 1
	Suspicious: 3
	Short ext: 0
	Mean extensions: 1
	Avg overlap len: 4066
	Min overlap len: 1204
	Inner reads: 0
	Length: 33677
[2026-02-20 17:22:57] DEBUG: Inner: 19574 covered: 20112 total: 27858
[2026-02-20 17:22:57] DEBUG: Assembled disjointig 38
	With 2 reads
	Start read: +da520966-912b-4155-a622-5e43ebb47efa
	At position: 1
	leftTip: 1 rightTip: 1
	Suspicious: 1
	Short ext: 0
	Mean extensions: 1
	Avg overlap len: 3222
	Min overlap len: 3222
	Inner reads: 0
	Length: 7744
[2026-02-20 17:22:57] DEBUG: Inner: 19588 covered: 20128 total: 27858
[2026-02-20 17:22:57] DEBUG: Assembled disjointig 39
	With 2 reads
	Start read: +8673c4d1-6e0d-4778-b1cc-a9ace2583459
	At position: 1
	leftTip: 1 rightTip: 1
	Suspicious: 1
	Short ext: 0
	Mean extensions: 0
	Avg overlap len: 2208
	Min overlap len: 2208
	Inner reads: 0
	Length: 3819
[2026-02-20 17:22:57] DEBUG: Inner: 19592 covered: 20159 total: 27858
[2026-02-20 17:22:57] DEBUG: Assembled disjointig 40
	With 2 reads
	Start read: +523d2152-3a86-4a1c-ab66-e9447069cd7f
	At position: 2
	leftTip: 1 rightTip: 1
	Suspicious: 1
	Short ext: 0
	Mean extensions: 0
	Avg overlap len: 1933
	Min overlap len: 1933
	Inner reads: 0
	Length: 6939
[2026-02-20 17:22:57] DEBUG: Inner: 19610 covered: 20206 total: 27858
[2026-02-20 17:22:57] DEBUG: Assembled disjointig 41
	With 6 reads
	Start read: +4169c218-6788-4ff8-9d94-d48fa1b85853
	At position: 4
	leftTip: 1 rightTip: 0
	Suspicious: 0
	Short ext: 0
	Mean extensions: 6
	Avg overlap len: 2472
	Min overlap len: 2354
	Inner reads: 0
	Length: 11390
[2026-02-20 17:22:57] DEBUG: Inner: 19766 covered: 20354 total: 27858
[2026-02-20 17:22:57] DEBUG: Assembled disjointig 42
	With 2 reads
	Start read: +d0ac9cfe-54e7-4347-a7ca-350f5ed1f39b
	At position: 1
	leftTip: 1 rightTip: 1
	Suspicious: 1
	Short ext: 0
	Mean extensions: 0
	Avg overlap len: 1806
	Min overlap len: 1806
	Inner reads: 0
	Length: 5288
[2026-02-20 17:22:57] DEBUG: Inner: 19780 covered: 20372 total: 27858
[2026-02-20 17:22:57] DEBUG: Assembled disjointig 43
	With 2 reads
	Start read: +1c532d62-8deb-4ea4-a17d-04a02c44928d
	At position: 2
	leftTip: 1 rightTip: 1
	Suspicious: 1
	Short ext: 0
	Mean extensions: 0
	Avg overlap len: 2651
	Min overlap len: 2651
	Inner reads: 0
	Length: 19211
[2026-02-20 17:22:57] DEBUG: Inner: 19800 covered: 20402 total: 27858
[2026-02-20 17:22:57] DEBUG: Assembled disjointig 44
	With 1 reads
	Start read: +8c601142-aae6-4b1c-b46c-e1f6a1651844
	At position: 1
	leftTip: 1 rightTip: 1
	Suspicious: 0
	Short ext: 0
	Mean extensions: 0
	Avg overlap len: 0
	Min overlap len: 0
	Inner reads: 0
	Length: 2518
[2026-02-20 17:22:57] DEBUG: Inner: 19804 covered: 20414 total: 27858
[2026-02-20 17:22:57] DEBUG: Assembled disjointig 45
	With 2 reads
	Start read: +a95568b0-d862-4ddd-bcc4-35f229fb5a0b
	At position: 1
	leftTip: 1 rightTip: 1
	Suspicious: 1
	Short ext: 0
	Mean extensions: 1
	Avg overlap len: 3131
	Min overlap len: 3131
	Inner reads: 0
	Length: 6908
[2026-02-20 17:22:57] DEBUG: Inner: 19810 covered: 20442 total: 27858
[2026-02-20 17:22:57] DEBUG: Assembled disjointig 46
	With 2 reads
	Start read: +c5d9cf9a-9d68-411b-a6da-40b639e05d1c
	At position: 2
	leftTip: 1 rightTip: 1
	Suspicious: 1
	Short ext: 0
	Mean extensions: 0
	Avg overlap len: 1298
	Min overlap len: 1298
	Inner reads: 0
	Length: 6223
[2026-02-20 17:22:57] DEBUG: Inner: 19820 covered: 20464 total: 27858
[2026-02-20 17:22:57] DEBUG: Assembled disjointig 47
	With 2 reads
	Start read: +fa5e4534-80bc-4d0e-9394-e4e5ae7b3ee9
	At position: 2
	leftTip: 1 rightTip: 1
	Suspicious: 1
	Short ext: 0
	Mean extensions: 0
	Avg overlap len: 1650
	Min overlap len: 1650
	Inner reads: 0
	Length: 5170
[2026-02-20 17:22:57] DEBUG: Inner: 19826 covered: 20476 total: 27858
[2026-02-20 17:22:57] DEBUG: Assembled disjointig 48
	With 3 reads
	Start read: +c3455641-b1e2-484f-9990-ee842602a834
	At position: 1
	leftTip: 1 rightTip: 1
	Suspicious: 1
	Short ext: 0
	Mean extensions: 2
	Avg overlap len: 1599
	Min overlap len: 1301
	Inner reads: 0
	Length: 7711
[2026-02-20 17:22:57] DEBUG: Inner: 19834 covered: 20495 total: 27858
[2026-02-20 17:22:57] DEBUG: Assembled disjointig 49
	With 3 reads
	Start read: +91d899b0-fd20-4e28-8541-a19f5657025e
	At position: 3
	leftTip: 1 rightTip: 1
	Suspicious: 1
	Short ext: 0
	Mean extensions: 1
	Avg overlap len: 6018
	Min overlap len: 2736
	Inner reads: 0
	Length: 8629
[2026-02-20 17:22:57] DEBUG: Inner: 19846 covered: 20512 total: 27858
[2026-02-20 17:22:57] DEBUG: Assembled disjointig 50
	With 3 reads
	Start read: +2f025a2e-e4c8-44ab-bc04-9c8f292b4ddd
	At position: 1
	leftTip: 1 rightTip: 0
	Suspicious: 2
	Short ext: 0
	Mean extensions: 1
	Avg overlap len: 3409
	Min overlap len: 1262
	Inner reads: 0
	Length: 8817
[2026-02-20 17:22:57] DEBUG: Inner: 19858 covered: 20528 total: 27858
[2026-02-20 17:22:57] DEBUG: Discarded disjointig with 4 reads and 2 inner overlaps
[2026-02-20 17:22:57] DEBUG: Assembled disjointig 51
	With 4 reads
	Start read: +e7b3e587-41ef-4d8e-b968-88e6839f20f5
	At position: 4
	leftTip: 1 rightTip: 1
	Suspicious: 2
	Short ext: 0
	Mean extensions: 1
	Avg overlap len: 3082
	Min overlap len: 2691
	Inner reads: 0
	Length: 15054
[2026-02-20 17:22:57] DEBUG: Inner: 19872 covered: 20568 total: 27858
[2026-02-20 17:22:57] DEBUG: Assembled disjointig 52
	With 2 reads
	Start read: +c7101286-744e-4b86-a11d-867edd1633ed
	At position: 2
	leftTip: 1 rightTip: 1
	Suspicious: 1
	Short ext: 0
	Mean extensions: 0
	Avg overlap len: 2041
	Min overlap len: 2041
	Inner reads: 0
	Length: 5072
[2026-02-20 17:22:57] DEBUG: Inner: 19878 covered: 20584 total: 27858
[2026-02-20 17:22:57] DEBUG: Assembled disjointig 53
	With 1 reads
	Start read: +17e19d30-78f2-43e9-a4fc-422373047692
	At position: 1
	leftTip: 1 rightTip: 1
	Suspicious: 0
	Short ext: 0
	Mean extensions: 0
	Avg overlap len: 0
	Min overlap len: 0
	Inner reads: 0
	Length: 2682
[2026-02-20 17:22:57] DEBUG: Inner: 19882 covered: 20592 total: 27858
[2026-02-20 17:22:57] DEBUG: Assembled disjointig 54
	With 2 reads
	Start read: +7791ec1b-60af-4a22-b29f-e860dd4cfbcf
	At position: 2
	leftTip: 1 rightTip: 1
	Suspicious: 1
	Short ext: 0
	Mean extensions: 0
	Avg overlap len: 3756
	Min overlap len: 3756
	Inner reads: 0
	Length: 6673
[2026-02-20 17:22:57] DEBUG: Inner: 19888 covered: 20598 total: 27858
[2026-02-20 17:22:57] DEBUG: Assembled disjointig 55
	With 2 reads
	Start read: +a86fd45d-beaa-487c-b9bd-e7e0817df479
	At position: 1
	leftTip: 1 rightTip: 1
	Suspicious: 1
	Short ext: 0
	Mean extensions: 1
	Avg overlap len: 5231
	Min overlap len: 5231
	Inner reads: 0
	Length: 9969
[2026-02-20 17:22:57] DEBUG: Inner: 19894 covered: 20621 total: 27858
[2026-02-20 17:22:57] DEBUG: Assembled disjointig 56
	With 1 reads
	Start read: +2bf4241b-deac-4e76-8165-0e97679f710f
	At position: 1
	leftTip: 1 rightTip: 1
	Suspicious: 0
	Short ext: 0
	Mean extensions: 0
	Avg overlap len: 0
	Min overlap len: 0
	Inner reads: 0
	Length: 16248
[2026-02-20 17:22:57] DEBUG: Inner: 19912 covered: 20667 total: 27858
[2026-02-20 17:22:57] DEBUG: Assembled disjointig 57
	With 2 reads
	Start read: +c79e303f-a379-4e47-b79e-30bdd034d7be
	At position: 1
	leftTip: 1 rightTip: 1
	Suspicious: 1
	Short ext: 0
	Mean extensions: 0
	Avg overlap len: 1918
	Min overlap len: 1918
	Inner reads: 0
	Length: 8690
[2026-02-20 17:22:57] DEBUG: Inner: 19924 covered: 20714 total: 27858
[2026-02-20 17:22:57] DEBUG: Assembled disjointig 58
	With 13 reads
	Start read: +3f2f03cb-a24e-4ad5-95a3-b0889b69c147
	At position: 9
	leftTip: 1 rightTip: 1
	Suspicious: 2
	Short ext: 0
	Mean extensions: 2
	Avg overlap len: 6560
	Min overlap len: 1263
	Inner reads: 0
	Length: 84105
[2026-02-20 17:22:57] DEBUG: Inner: 20300 covered: 21110 total: 27858
[2026-02-20 17:22:57] DEBUG: Discarded disjointig with 6 reads and 4 inner overlaps
[2026-02-20 17:22:57] DEBUG: Assembled disjointig 59
	With 2 reads
	Start read: +cc41b84c-014b-453d-90a7-fa11bb60c61e
	At position: 1
	leftTip: 1 rightTip: 1
	Suspicious: 1
	Short ext: 0
	Mean extensions: 1
	Avg overlap len: 7233
	Min overlap len: 7233
	Inner reads: 0
	Length: 9300
[2026-02-20 17:22:57] DEBUG: Inner: 20316 covered: 21126 total: 27858
[2026-02-20 17:22:57] DEBUG: Discarded disjointig with 13 reads and 11 inner overlaps
[2026-02-20 17:22:57] DEBUG: Assembled disjointig 60
	With 1 reads
	Start read: +652e3e5a-6408-4ef4-8add-03099820cd45
	At position: 1
	leftTip: 1 rightTip: 1
	Suspicious: 0
	Short ext: 0
	Mean extensions: 0
	Avg overlap len: 0
	Min overlap len: 0
	Inner reads: 0
	Length: 2479
[2026-02-20 17:22:57] DEBUG: Inner: 20320 covered: 21136 total: 27858
[2026-02-20 17:22:57] DEBUG: Discarded disjointig with 7 reads and 5 inner overlaps
[2026-02-20 17:22:57] DEBUG: Discarded disjointig with 14 reads and 12 inner overlaps
[2026-02-20 17:22:57] DEBUG: Discarded disjointig with 7 reads and 3 inner overlaps
[2026-02-20 17:22:57] DEBUG: Assembled disjointig 61
	With 3 reads
	Start read: +964a9ef5-7c78-4548-9f96-c90b7c4cd60d
	At position: 2
	leftTip: 1 rightTip: 1
	Suspicious: 2
	Short ext: 0
	Mean extensions: 1
	Avg overlap len: 1688
	Min overlap len: 1129
	Inner reads: 0
	Length: 6748
[2026-02-20 17:22:57] DEBUG: Inner: 20340 covered: 21170 total: 27858
[2026-02-20 17:22:57] DEBUG: Discarded disjointig with 4 reads and 2 inner overlaps
[2026-02-20 17:22:57] DEBUG: Assembled disjointig 62
	With 3 reads
	Start read: +97571e56-24a0-4d03-97dc-acd0a4751db9
	At position: 2
	leftTip: 1 rightTip: 1
	Suspicious: 2
	Short ext: 0
	Mean extensions: 1
	Avg overlap len: 4477
	Min overlap len: 1517
	Inner reads: 0
	Length: 37532
[2026-02-20 17:22:57] DEBUG: Inner: 20362 covered: 21246 total: 27858
[2026-02-20 17:22:57] DEBUG: Discarded disjointig with 4 reads and 2 inner overlaps
[2026-02-20 17:22:57] DEBUG: Assembled disjointig 63
	With 4 reads
	Start read: +754f1f7a-d551-4dc5-8234-cf5687db0768
	At position: 2
	leftTip: 1 rightTip: 1
	Suspicious: 3
	Short ext: 0
	Mean extensions: 1
	Avg overlap len: 2470
	Min overlap len: 1315
	Inner reads: 0
	Length: 16898
[2026-02-20 17:22:57] DEBUG: Inner: 20378 covered: 21308 total: 27858
[2026-02-20 17:22:57] DEBUG: Assembled disjointig 64
	With 3 reads
	Start read: +938acaf4-698b-49a3-b28d-bd32a8db6f34
	At position: 1
	leftTip: 1 rightTip: 1
	Suspicious: 1
	Short ext: 0
	Mean extensions: 1
	Avg overlap len: 5623
	Min overlap len: 3836
	Inner reads: 0
	Length: 9160
[2026-02-20 17:22:57] DEBUG: Inner: 20392 covered: 21344 total: 27858
[2026-02-20 17:22:57] DEBUG: Assembled disjointig 65
	With 4 reads
	Start read: +37ffeb2f-ff8f-46c0-b217-8d255003c11d
	At position: 3
	leftTip: 1 rightTip: 1
	Suspicious: 1
	Short ext: 0
	Mean extensions: 2
	Avg overlap len: 2379
	Min overlap len: 1233
	Inner reads: 0
	Length: 12555
[2026-02-20 17:22:57] DEBUG: Inner: 20412 covered: 21382 total: 27858
[2026-02-20 17:22:57] DEBUG: Assembled disjointig 66
	With 1 reads
	Start read: +3abe675f-b8cb-4722-a2c3-7e813e447969
	At position: 1
	leftTip: 1 rightTip: 1
	Suspicious: 0
	Short ext: 0
	Mean extensions: 0
	Avg overlap len: 0
	Min overlap len: 0
	Inner reads: 0
	Length: 2510
[2026-02-20 17:22:57] DEBUG: Inner: 20418 covered: 21402 total: 27858
[2026-02-20 17:22:57] DEBUG: Assembled disjointig 67
	With 2 reads
	Start read: +34e9b7b9-ca70-49c9-81ea-ea2e77bf23cf
	At position: 2
	leftTip: 1 rightTip: 1
	Suspicious: 1
	Short ext: 0
	Mean extensions: 0
	Avg overlap len: 1220
	Min overlap len: 1220
	Inner reads: 0
	Length: 15064
[2026-02-20 17:22:57] DEBUG: Inner: 20434 covered: 21450 total: 27858
[2026-02-20 17:22:57] DEBUG: Assembled disjointig 68
	With 3 reads
	Start read: +fb25ea88-a859-48db-9ce3-095c9b6722d3
	At position: 1
	leftTip: 1 rightTip: 1
	Suspicious: 2
	Short ext: 0
	Mean extensions: 1
	Avg overlap len: 2440
	Min overlap len: 1368
	Inner reads: 0
	Length: 12986
[2026-02-20 17:22:57] DEBUG: Inner: 20448 covered: 21468 total: 27858
[2026-02-20 17:22:57] DEBUG: Assembled disjointig 69
	With 4 reads
	Start read: +c863add3-c693-453f-8231-4e262ffaba75
	At position: 3
	leftTip: 0 rightTip: 1
	Suspicious: 1
	Short ext: 0
	Mean extensions: 3
	Avg overlap len: 2403
	Min overlap len: 1416
	Inner reads: 0
	Length: 13362
[2026-02-20 17:22:57] DEBUG: Inner: 20460 covered: 21486 total: 27858
[2026-02-20 17:22:57] DEBUG: Assembled disjointig 70
	With 2 reads
	Start read: +93722a78-5d38-4458-b339-e7a56953849b
	At position: 1
	leftTip: 1 rightTip: 1
	Suspicious: 1
	Short ext: 0
	Mean extensions: 1
	Avg overlap len: 3658
	Min overlap len: 3658
	Inner reads: 0
	Length: 22866
[2026-02-20 17:22:57] DEBUG: Inner: 20490 covered: 21552 total: 27858
[2026-02-20 17:22:57] DEBUG: Assembled disjointig 71
	With 1 reads
	Start read: +8b8bd2e1-b040-4887-8b19-456ba0634704
	At position: 1
	leftTip: 1 rightTip: 1
	Suspicious: 0
	Short ext: 0
	Mean extensions: 0
	Avg overlap len: 0
	Min overlap len: 0
	Inner reads: 0
	Length: 2491
[2026-02-20 17:22:57] DEBUG: Inner: 20496 covered: 21569 total: 27858
[2026-02-20 17:22:57] DEBUG: Assembled disjointig 72
	With 1 reads
	Start read: +6c080ff2-4f87-44d4-bb8f-80edda10431d
	At position: 1
	leftTip: 1 rightTip: 1
	Suspicious: 0
	Short ext: 0
	Mean extensions: 0
	Avg overlap len: 0
	Min overlap len: 0
	Inner reads: 0
	Length: 2441
[2026-02-20 17:22:57] DEBUG: Inner: 20502 covered: 21584 total: 27858
[2026-02-20 17:22:57] DEBUG: Assembled disjointig 73
	With 1 reads
	Start read: +7355b0ca-0261-4f63-871f-fc05fb90ecf6
	At position: 1
	leftTip: 1 rightTip: 1
	Suspicious: 0
	Short ext: 0
	Mean extensions: 0
	Avg overlap len: 0
	Min overlap len: 0
	Inner reads: 0
	Length: 2433
[2026-02-20 17:22:57] DEBUG: Inner: 20506 covered: 21624 total: 27858
[2026-02-20 17:22:57] DEBUG: Assembled disjointig 74
	With 2 reads
	Start read: +9f9dd9b0-a33f-4c11-9537-f83c6a172dd5
	At position: 1
	leftTip: 1 rightTip: 1
	Suspicious: 1
	Short ext: 0
	Mean extensions: 0
	Avg overlap len: 2367
	Min overlap len: 2367
	Inner reads: 0
	Length: 5755
[2026-02-20 17:22:57] DEBUG: Inner: 20514 covered: 21650 total: 27858
[2026-02-20 17:22:57] DEBUG: Assembled disjointig 75
	With 2 reads
	Start read: +1ee27a7a-c572-4bdc-ba3b-5fee05edb89d
	At position: 1
	leftTip: 1 rightTip: 0
	Suspicious: 0
	Short ext: 0
	Mean extensions: 2
	Avg overlap len: 1986
	Min overlap len: 1986
	Inner reads: 0
	Length: 5925
[2026-02-20 17:22:57] DEBUG: Inner: 20516 covered: 21670 total: 27858
[2026-02-20 17:22:57] DEBUG: Assembled disjointig 76
	With 1 reads
	Start read: +7c34cec1-9972-49fe-9181-70d2f8430045
	At position: 1
	leftTip: 1 rightTip: 1
	Suspicious: 0
	Short ext: 0
	Mean extensions: 0
	Avg overlap len: 0
	Min overlap len: 0
	Inner reads: 0
	Length: 2334
[2026-02-20 17:22:57] DEBUG: Inner: 20520 covered: 21698 total: 27858
[2026-02-20 17:22:57] DEBUG: Assembled disjointig 77
	With 2 reads
	Start read: +7e7afa14-b585-4a93-990f-f195102d52ce
	At position: 1
	leftTip: 1 rightTip: 1
	Suspicious: 1
	Short ext: 0
	Mean extensions: 0
	Avg overlap len: 1392
	Min overlap len: 1392
	Inner reads: 0
	Length: 5962
[2026-02-20 17:22:57] DEBUG: Inner: 20532 covered: 21712 total: 27858
[2026-02-20 17:22:57] DEBUG: Assembled disjointig 78
	With 3 reads
	Start read: +f62d003a-a154-4d42-9864-29c39b702bb3
	At position: 1
	leftTip: 1 rightTip: 1
	Suspicious: 2
	Short ext: 0
	Mean extensions: 1
	Avg overlap len: 2341
	Min overlap len: 1609
	Inner reads: 0
	Length: 10238
[2026-02-20 17:22:57] DEBUG: Inner: 20556 covered: 21735 total: 27858
[2026-02-20 17:22:57] DEBUG: Assembled disjointig 79
	With 2 reads
	Start read: +9595e437-5c80-4563-b461-c4ba592b3353
	At position: 2
	leftTip: 1 rightTip: 1
	Suspicious: 1
	Short ext: 0
	Mean extensions: 0
	Avg overlap len: 1666
	Min overlap len: 1666
	Inner reads: 0
	Length: 5923
[2026-02-20 17:22:57] DEBUG: Inner: 20560 covered: 21762 total: 27858
[2026-02-20 17:22:57] DEBUG: Assembled disjointig 80
	With 1 reads
	Start read: +1923feba-e089-4f87-9245-07bec650f269
	At position: 1
	leftTip: 1 rightTip: 1
	Suspicious: 0
	Short ext: 0
	Mean extensions: 0
	Avg overlap len: 0
	Min overlap len: 0
	Inner reads: 0
	Length: 6228
[2026-02-20 17:22:57] DEBUG: Inner: 20564 covered: 21774 total: 27858
[2026-02-20 17:22:57] DEBUG: Assembled disjointig 81
	With 1 reads
	Start read: +b8f509c3-0d03-4a59-b6de-de47e7b999c4
	At position: 1
	leftTip: 1 rightTip: 1
	Suspicious: 0
	Short ext: 0
	Mean extensions: 0
	Avg overlap len: 0
	Min overlap len: 0
	Inner reads: 0
	Length: 4090
[2026-02-20 17:22:57] DEBUG: Inner: 20572 covered: 21794 total: 27858
[2026-02-20 17:22:57] DEBUG: Assembled disjointig 82
	With 3 reads
	Start read: +0cd8319f-b967-4343-a171-8333e2fa0c58
	At position: 2
	leftTip: 1 rightTip: 1
	Suspicious: 2
	Short ext: 0
	Mean extensions: 1
	Avg overlap len: 3449
	Min overlap len: 1084
	Inner reads: 0
	Length: 19198
[2026-02-20 17:22:57] DEBUG: Inner: 20588 covered: 21826 total: 27858
[2026-02-20 17:22:57] DEBUG: Assembled disjointig 83
	With 4 reads
	Start read: +4a0d78e6-79eb-4d7a-946b-d0d9648e4c64
	At position: 3
	leftTip: 0 rightTip: 0
	Suspicious: 0
	Short ext: 0
	Mean extensions: 9
	Avg overlap len: 2237
	Min overlap len: 2170
	Inner reads: 0
	Length: 10008
[2026-02-20 17:22:57] DEBUG: Inner: 20596 covered: 21866 total: 27858
[2026-02-20 17:22:57] DEBUG: Assembled disjointig 84
	With 3 reads
	Start read: +07a3d99f-b40c-43c5-827e-b8e9c43d1dad
	At position: 2
	leftTip: 1 rightTip: 1
	Suspicious: 2
	Short ext: 0
	Mean extensions: 1
	Avg overlap len: 3224
	Min overlap len: 2786
	Inner reads: 0
	Length: 25752
[2026-02-20 17:22:57] DEBUG: Inner: 20624 covered: 21904 total: 27858
[2026-02-20 17:22:57] DEBUG: Assembled disjointig 85
	With 2 reads
	Start read: +7e85f8b3-1151-460f-b0d0-9f283ae1d852
	At position: 1
	leftTip: 1 rightTip: 1
	Suspicious: 1
	Short ext: 0
	Mean extensions: 1
	Avg overlap len: 2644
	Min overlap len: 2644
	Inner reads: 0
	Length: 11108
[2026-02-20 17:22:57] DEBUG: Inner: 20656 covered: 21936 total: 27858
[2026-02-20 17:22:57] DEBUG: Assembled disjointig 86
	With 1 reads
	Start read: +4406095a-18e8-4a70-a727-7d63bb3e79df
	At position: 1
	leftTip: 1 rightTip: 1
	Suspicious: 0
	Short ext: 0
	Mean extensions: 0
	Avg overlap len: 0
	Min overlap len: 0
	Inner reads: 0
	Length: 3147
[2026-02-20 17:22:57] DEBUG: Inner: 20664 covered: 21952 total: 27858
[2026-02-20 17:22:57] DEBUG: Assembled disjointig 87
	With 1 reads
	Start read: +1ef0de9a-4fb7-4655-b7e7-60955cec20dd
	At position: 1
	leftTip: 1 rightTip: 1
	Suspicious: 0
	Short ext: 0
	Mean extensions: 0
	Avg overlap len: 0
	Min overlap len: 0
	Inner reads: 0
	Length: 3152
[2026-02-20 17:22:57] DEBUG: Inner: 20668 covered: 21960 total: 27858
[2026-02-20 17:22:57] DEBUG: Assembled disjointig 88
	With 1 reads
	Start read: +ac8ebcf3-b078-4fda-803e-b7063b18fdd3
	At position: 1
	leftTip: 1 rightTip: 1
	Suspicious: 0
	Short ext: 0
	Mean extensions: 0
	Avg overlap len: 0
	Min overlap len: 0
	Inner reads: 0
	Length: 3633
[2026-02-20 17:22:57] DEBUG: Inner: 20676 covered: 21985 total: 27858
[2026-02-20 17:22:57] DEBUG: Assembled disjointig 89
	With 1 reads
	Start read: +eb012b18-6456-4ef9-ab2a-a9a9d7b9e4d0
	At position: 1
	leftTip: 1 rightTip: 1
	Suspicious: 0
	Short ext: 0
	Mean extensions: 0
	Avg overlap len: 0
	Min overlap len: 0
	Inner reads: 0
	Length: 3127
[2026-02-20 17:22:57] DEBUG: Inner: 20680 covered: 22002 total: 27858
[2026-02-20 17:22:57] DEBUG: Assembled disjointig 90
	With 1 reads
	Start read: +5eff6127-a283-4ca1-be5d-e0b8c5433280
	At position: 1
	leftTip: 1 rightTip: 1
	Suspicious: 0
	Short ext: 0
	Mean extensions: 0
	Avg overlap len: 0
	Min overlap len: 0
	Inner reads: 0
	Length: 5471
[2026-02-20 17:22:57] DEBUG: Inner: 20688 covered: 22012 total: 27858
[2026-02-20 17:22:57] DEBUG: Assembled disjointig 91
	With 2 reads
	Start read: +9da7c3ff-e9a0-4b68-9b63-0f2a0b92c2ff
	At position: 1
	leftTip: 1 rightTip: 1
	Suspicious: 1
	Short ext: 0
	Mean extensions: 0
	Avg overlap len: 1170
	Min overlap len: 1170
	Inner reads: 0
	Length: 4492
[2026-02-20 17:22:57] DEBUG: Inner: 20696 covered: 22028 total: 27858
[2026-02-20 17:22:57] DEBUG: Assembled disjointig 92
	With 1 reads
	Start read: +47cf5018-d9b5-41b6-a082-5b7365e4b14c
	At position: 1
	leftTip: 1 rightTip: 1
	Suspicious: 0
	Short ext: 0
	Mean extensions: 0
	Avg overlap len: 0
	Min overlap len: 0
	Inner reads: 0
	Length: 2842
[2026-02-20 17:22:57] DEBUG: Inner: 20700 covered: 22036 total: 27858
[2026-02-20 17:22:57] DEBUG: Assembled disjointig 93
	With 3 reads
	Start read: +eac79985-a25b-4189-9bfb-81d405b1a7bf
	At position: 1
	leftTip: 1 rightTip: 1
	Suspicious: 2
	Short ext: 0
	Mean extensions: 1
	Avg overlap len: 5982
	Min overlap len: 2323
	Inner reads: 0
	Length: 12339
[2026-02-20 17:22:57] DEBUG: Inner: 20722 covered: 22074 total: 27858
[2026-02-20 17:22:57] DEBUG: Assembled disjointig 94
	With 2 reads
	Start read: +e34fac65-f772-4b4f-a0d7-5fc15afbd9f9
	At position: 1
	leftTip: 1 rightTip: 1
	Suspicious: 1
	Short ext: 0
	Mean extensions: 1
	Avg overlap len: 2467
	Min overlap len: 2467
	Inner reads: 0
	Length: 5313
[2026-02-20 17:22:57] DEBUG: Inner: 20730 covered: 22082 total: 27858
[2026-02-20 17:22:57] DEBUG: Assembled disjointig 95
	With 4 reads
	Start read: +5e77fe0b-07d8-4926-a718-5787f806bde6
	At position: 1
	leftTip: 1 rightTip: 0
	Suspicious: 0
	Short ext: 0
	Mean extensions: 6
	Avg overlap len: 11513
	Min overlap len: 2340
	Inner reads: 0
	Length: 27218
[2026-02-20 17:22:57] DEBUG: Inner: 20744 covered: 22137 total: 27858
[2026-02-20 17:22:57] DEBUG: Assembled disjointig 96
	With 1 reads
	Start read: +c8faaeaf-b44b-4796-8b62-8fd80f294f4b
	At position: 1
	leftTip: 1 rightTip: 1
	Suspicious: 0
	Short ext: 0
	Mean extensions: 0
	Avg overlap len: 0
	Min overlap len: 0
	Inner reads: 0
	Length: 3417
[2026-02-20 17:22:57] DEBUG: Inner: 20752 covered: 22161 total: 27858
[2026-02-20 17:22:57] DEBUG: Assembled disjointig 97
	With 1 reads
	Start read: +a0db30ba-6907-4ba7-aae3-8a92f8f89484
	At position: 1
	leftTip: 1 rightTip: 1
	Suspicious: 0
	Short ext: 0
	Mean extensions: 0
	Avg overlap len: 0
	Min overlap len: 0
	Inner reads: 0
	Length: 2229
[2026-02-20 17:22:57] DEBUG: Inner: 20758 covered: 22216 total: 27858
[2026-02-20 17:22:57] DEBUG: Assembled disjointig 98
	With 1 reads
	Start read: +183a970f-120f-4b25-a7e4-71a258896e55
	At position: 1
	leftTip: 1 rightTip: 1
	Suspicious: 0
	Short ext: 0
	Mean extensions: 0
	Avg overlap len: 0
	Min overlap len: 0
	Inner reads: 0
	Length: 3341
[2026-02-20 17:22:57] DEBUG: Inner: 20766 covered: 22224 total: 27858
[2026-02-20 17:22:57] DEBUG: Assembled disjointig 99
	With 2 reads
	Start read: +39ad3965-01bb-480a-b22a-481c49514633
	At position: 1
	leftTip: 1 rightTip: 1
	Suspicious: 1
	Short ext: 0
	Mean extensions: 0
	Avg overlap len: 2573
	Min overlap len: 2573
	Inner reads: 0
	Length: 4510
[2026-02-20 17:22:57] DEBUG: Inner: 20772 covered: 22240 total: 27858
[2026-02-20 17:22:57] DEBUG: Assembled disjointig 100
	With 3 reads
	Start read: +7537f111-cfba-4a37-9b98-385b3a4205c0
	At position: 2
	leftTip: 1 rightTip: 1
	Suspicious: 2
	Short ext: 0
	Mean extensions: 1
	Avg overlap len: 2421
	Min overlap len: 1373
	Inner reads: 0
	Length: 13739
[2026-02-20 17:22:57] DEBUG: Inner: 20782 covered: 22286 total: 27858
[2026-02-20 17:22:57] DEBUG: Assembled disjointig 101
	With 1 reads
	Start read: +15d9ba0d-0a48-4e62-bbf5-3bd235f51b06
	At position: 1
	leftTip: 1 rightTip: 1
	Suspicious: 0
	Short ext: 0
	Mean extensions: 0
	Avg overlap len: 0
	Min overlap len: 0
	Inner reads: 0
	Length: 3936
[2026-02-20 17:22:57] DEBUG: Inner: 20786 covered: 22306 total: 27858
[2026-02-20 17:22:57] DEBUG: Assembled disjointig 102
	With 1 reads
	Start read: +a557dd94-2c88-4f89-a295-fb664d6bb2e3
	At position: 1
	leftTip: 1 rightTip: 1
	Suspicious: 0
	Short ext: 0
	Mean extensions: 0
	Avg overlap len: 0
	Min overlap len: 0
	Inner reads: 0
	Length: 2295
[2026-02-20 17:22:57] DEBUG: Inner: 20792 covered: 22365 total: 27858
[2026-02-20 17:22:57] DEBUG: Assembled disjointig 103
	With 2 reads
	Start read: +a0532ebd-a0a9-40e0-803f-60fc6e3b26e5
	At position: 1
	leftTip: 1 rightTip: 1
	Suspicious: 1
	Short ext: 0
	Mean extensions: 1
	Avg overlap len: 2446
	Min overlap len: 2446
	Inner reads: 0
	Length: 4411
[2026-02-20 17:22:57] DEBUG: Inner: 20802 covered: 22402 total: 27858
[2026-02-20 17:22:57] DEBUG: Assembled disjointig 104
	With 2 reads
	Start read: +be7ed791-1a42-431c-bca7-c052af8e283a
	At position: 1
	leftTip: 1 rightTip: 1
	Suspicious: 1
	Short ext: 0
	Mean extensions: 0
	Avg overlap len: 2229
	Min overlap len: 2229
	Inner reads: 0
	Length: 4759
[2026-02-20 17:22:57] DEBUG: Inner: 20810 covered: 22423 total: 27858
[2026-02-20 17:22:57] DEBUG: Assembled disjointig 105
	With 1 reads
	Start read: +416717c2-3bc1-44a5-a61d-ca3150e32910
	At position: 1
	leftTip: 1 rightTip: 1
	Suspicious: 0
	Short ext: 0
	Mean extensions: 0
	Avg overlap len: 0
	Min overlap len: 0
	Inner reads: 0
	Length: 2251
[2026-02-20 17:22:57] DEBUG: Inner: 20814 covered: 22428 total: 27858
[2026-02-20 17:22:57] DEBUG: Assembled disjointig 106
	With 3 reads
	Start read: +2e35def1-9edc-49f1-b914-ca8479d8d29f
	At position: 2
	leftTip: 0 rightTip: 0
	Suspicious: 0
	Short ext: 0
	Mean extensions: 2
	Avg overlap len: 2052
	Min overlap len: 1860
	Inner reads: 0
	Length: 6541
[2026-02-20 17:22:57] DEBUG: Inner: 20818 covered: 22510 total: 27858
[2026-02-20 17:22:57] DEBUG: Assembled disjointig 107
	With 1 reads
	Start read: +c72aaf97-27af-457c-b158-0ed0462c377b
	At position: 1
	leftTip: 1 rightTip: 1
	Suspicious: 0
	Short ext: 0
	Mean extensions: 0
	Avg overlap len: 0
	Min overlap len: 0
	Inner reads: 0
	Length: 8965
[2026-02-20 17:22:57] DEBUG: Inner: 20826 covered: 22523 total: 27858
[2026-02-20 17:22:57] DEBUG: Assembled disjointig 108
	With 2 reads
	Start read: +490d36a7-3222-4247-9e41-723092280610
	At position: 2
	leftTip: 1 rightTip: 1
	Suspicious: 1
	Short ext: 0
	Mean extensions: 0
	Avg overlap len: 1943
	Min overlap len: 1943
	Inner reads: 0
	Length: 4467
[2026-02-20 17:22:57] DEBUG: Inner: 20832 covered: 22568 total: 27858
[2026-02-20 17:22:57] DEBUG: Assembled disjointig 109
	With 2 reads
	Start read: +b041a966-180f-40a1-936d-de8a1bc71a64
	At position: 1
	leftTip: 1 rightTip: 1
	Suspicious: 1
	Short ext: 0
	Mean extensions: 0
	Avg overlap len: 4595
	Min overlap len: 4595
	Inner reads: 0
	Length: 7054
[2026-02-20 17:22:57] DEBUG: Inner: 20838 covered: 22572 total: 27858
[2026-02-20 17:22:57] DEBUG: Assembled disjointig 110
	With 2 reads
	Start read: +b9384629-22cc-4401-a3d2-e5c24e0d9de0
	At position: 1
	leftTip: 1 rightTip: 1
	Suspicious: 1
	Short ext: 0
	Mean extensions: 1
	Avg overlap len: 3034
	Min overlap len: 3034
	Inner reads: 0
	Length: 7693
[2026-02-20 17:22:57] DEBUG: Inner: 20844 covered: 22580 total: 27858
[2026-02-20 17:22:57] DEBUG: Assembled disjointig 111
	With 1 reads
	Start read: +30ad4cec-f93d-4b7d-9536-3d613c7d312f
	At position: 1
	leftTip: 1 rightTip: 1
	Suspicious: 0
	Short ext: 0
	Mean extensions: 0
	Avg overlap len: 0
	Min overlap len: 0
	Inner reads: 0
	Length: 2356
[2026-02-20 17:22:57] DEBUG: Inner: 20848 covered: 22588 total: 27858
[2026-02-20 17:22:57] DEBUG: Assembled disjointig 112
	With 2 reads
	Start read: +69ca5d24-e097-4f18-9b83-ab40b531e4ee
	At position: 1
	leftTip: 1 rightTip: 1
	Suspicious: 1
	Short ext: 0
	Mean extensions: 0
	Avg overlap len: 2223
	Min overlap len: 2223
	Inner reads: 0
	Length: 4889
[2026-02-20 17:22:57] DEBUG: Inner: 20856 covered: 22630 total: 27858
[2026-02-20 17:22:57] DEBUG: Assembled disjointig 113
	With 1 reads
	Start read: +17961980-eb05-4ee5-a3ec-f077e0cd3944
	At position: 1
	leftTip: 1 rightTip: 1
	Suspicious: 0
	Short ext: 0
	Mean extensions: 0
	Avg overlap len: 0
	Min overlap len: 0
	Inner reads: 0
	Length: 2347
[2026-02-20 17:22:57] DEBUG: Inner: 20862 covered: 22646 total: 27858
[2026-02-20 17:22:57] DEBUG: Assembled disjointig 114
	With 2 reads
	Start read: +8b480b4f-602b-4a30-a4c7-8e1124eaf0a1
	At position: 1
	leftTip: 1 rightTip: 1
	Suspicious: 1
	Short ext: 0
	Mean extensions: 0
	Avg overlap len: 2935
	Min overlap len: 2935
	Inner reads: 0
	Length: 9576
[2026-02-20 17:22:57] DEBUG: Inner: 20870 covered: 22654 total: 27858
[2026-02-20 17:22:57] DEBUG: Assembled disjointig 115
	With 2 reads
	Start read: +75539c15-7cb7-4073-9b9c-4bcd71f1ddcc
	At position: 1
	leftTip: 1 rightTip: 1
	Suspicious: 1
	Short ext: 0
	Mean extensions: 1
	Avg overlap len: 2282
	Min overlap len: 2282
	Inner reads: 0
	Length: 16942
[2026-02-20 17:22:57] DEBUG: Inner: 20892 covered: 22676 total: 27858
[2026-02-20 17:22:57] DEBUG: Assembled disjointig 116
	With 1 reads
	Start read: +814c3f01-3d40-4f3a-b0ae-6c26c1a22358
	At position: 1
	leftTip: 1 rightTip: 1
	Suspicious: 0
	Short ext: 0
	Mean extensions: 0
	Avg overlap len: 0
	Min overlap len: 0
	Inner reads: 0
	Length: 2967
[2026-02-20 17:22:57] DEBUG: Inner: 20896 covered: 22681 total: 27858
[2026-02-20 17:22:57] DEBUG: Assembled disjointig 117
	With 1 reads
	Start read: +3e35cf9c-fa9d-4bcd-9efc-22ae7d93d9c7
	At position: 1
	leftTip: 1 rightTip: 1
	Suspicious: 0
	Short ext: 0
	Mean extensions: 0
	Avg overlap len: 0
	Min overlap len: 0
	Inner reads: 0
	Length: 2402
[2026-02-20 17:22:57] DEBUG: Inner: 20902 covered: 22688 total: 27858
[2026-02-20 17:22:57] DEBUG: Assembled disjointig 118
	With 3 reads
	Start read: +2b99f202-b56b-4359-b9e8-63170242a66b
	At position: 2
	leftTip: 1 rightTip: 1
	Suspicious: 1
	Short ext: 0
	Mean extensions: 1
	Avg overlap len: 2406
	Min overlap len: 2406
	Inner reads: 0
	Length: 10629
[2026-02-20 17:22:57] DEBUG: Inner: 20916 covered: 22718 total: 27858
[2026-02-20 17:22:57] DEBUG: Assembled disjointig 119
	With 1 reads
	Start read: +850fd83f-f9cd-40bf-83b5-3abf02c2fdf4
	At position: 1
	leftTip: 1 rightTip: 1
	Suspicious: 0
	Short ext: 0
	Mean extensions: 0
	Avg overlap len: 0
	Min overlap len: 0
	Inner reads: 0
	Length: 2641
[2026-02-20 17:22:57] DEBUG: Inner: 20920 covered: 22728 total: 27858
[2026-02-20 17:22:57] DEBUG: Assembled disjointig 120
	With 2 reads
	Start read: +3c1d0938-a73f-43fe-ba98-c23b2cc3ead0
	At position: 1
	leftTip: 1 rightTip: 0
	Suspicious: 1
	Short ext: 0
	Mean extensions: 1
	Avg overlap len: 1086
	Min overlap len: 1086
	Inner reads: 0
	Length: 24466
[2026-02-20 17:22:57] DEBUG: Inner: 20924 covered: 22752 total: 27858
[2026-02-20 17:22:57] DEBUG: Assembled disjointig 121
	With 1 reads
	Start read: +2399e37b-0fed-40dc-8c83-826d7b623cd2
	At position: 1
	leftTip: 1 rightTip: 1
	Suspicious: 0
	Short ext: 0
	Mean extensions: 0
	Avg overlap len: 0
	Min overlap len: 0
	Inner reads: 0
	Length: 2626
[2026-02-20 17:22:57] DEBUG: Inner: 20930 covered: 22780 total: 27858
[2026-02-20 17:22:57] DEBUG: Assembled disjointig 122
	With 3 reads
	Start read: +bb650e38-315e-4840-8a81-5207d60711d9
	At position: 1
	leftTip: 1 rightTip: 1
	Suspicious: 1
	Short ext: 0
	Mean extensions: 1
	Avg overlap len: 4533
	Min overlap len: 2077
	Inner reads: 0
	Length: 11632
[2026-02-20 17:22:57] DEBUG: Inner: 20946 covered: 22802 total: 27858
[2026-02-20 17:22:57] DEBUG: Assembled disjointig 123
	With 3 reads
	Start read: +54c3d984-d89b-4398-b78d-9f1a87b718c0
	At position: 2
	leftTip: 0 rightTip: 1
	Suspicious: 2
	Short ext: 0
	Mean extensions: 1
	Avg overlap len: 3174
	Min overlap len: 1410
	Inner reads: 0
	Length: 32088
[2026-02-20 17:22:57] DEBUG: Inner: 20950 covered: 22822 total: 27858
[2026-02-20 17:22:57] DEBUG: Assembled disjointig 124
	With 2 reads
	Start read: +05d65341-7940-4a34-8c6d-80e1f6bdc48c
	At position: 1
	leftTip: 1 rightTip: 1
	Suspicious: 1
	Short ext: 0
	Mean extensions: 1
	Avg overlap len: 2910
	Min overlap len: 2910
	Inner reads: 0
	Length: 9908
[2026-02-20 17:22:57] DEBUG: Inner: 20958 covered: 22872 total: 27858
[2026-02-20 17:22:58] DEBUG: Assembled disjointig 125
	With 1 reads
	Start read: +2bf528a1-2fee-4cd0-ab32-786266977dfc
	At position: 1
	leftTip: 1 rightTip: 1
	Suspicious: 0
	Short ext: 0
	Mean extensions: 0
	Avg overlap len: 0
	Min overlap len: 0
	Inner reads: 0
	Length: 2603
[2026-02-20 17:22:58] DEBUG: Inner: 20962 covered: 22912 total: 27858
[2026-02-20 17:22:58] DEBUG: Assembled disjointig 126
	With 4 reads
	Start read: +91147093-abe5-4d2d-9178-dc6170eb972b
	At position: 2
	leftTip: 1 rightTip: 1
	Suspicious: 3
	Short ext: 0
	Mean extensions: 1
	Avg overlap len: 2277
	Min overlap len: 1528
	Inner reads: 0
	Length: 26108
[2026-02-20 17:22:58] DEBUG: Inner: 20984 covered: 22930 total: 27858
[2026-02-20 17:22:58] DEBUG: Assembled disjointig 127
	With 2 reads
	Start read: +e8b72120-c689-4b8f-8d5b-1804a81265e1
	At position: 1
	leftTip: 1 rightTip: 1
	Suspicious: 1
	Short ext: 0
	Mean extensions: 1
	Avg overlap len: 2884
	Min overlap len: 2884
	Inner reads: 0
	Length: 8534
[2026-02-20 17:22:58] DEBUG: Inner: 20996 covered: 23041 total: 27858
[2026-02-20 17:22:58] DEBUG: Assembled disjointig 128
	With 2 reads
	Start read: +b750a5d4-f537-4f9e-bced-0a122ad36480
	At position: 1
	leftTip: 1 rightTip: 1
	Suspicious: 1
	Short ext: 0
	Mean extensions: 0
	Avg overlap len: 3053
	Min overlap len: 3053
	Inner reads: 0
	Length: 9277
[2026-02-20 17:22:58] DEBUG: Inner: 21008 covered: 23077 total: 27858
[2026-02-20 17:22:58] DEBUG: Assembled disjointig 129
	With 3 reads
	Start read: +a6065f4b-8d79-4f67-b71a-bb925c4bfcdb
	At position: 3
	leftTip: 1 rightTip: 1
	Suspicious: 1
	Short ext: 0
	Mean extensions: 1
	Avg overlap len: 6597
	Min overlap len: 1993
	Inner reads: 0
	Length: 18937
[2026-02-20 17:22:58] DEBUG: Inner: 21026 covered: 23096 total: 27858
[2026-02-20 17:22:58] DEBUG: Assembled disjointig 130
	With 2 reads
	Start read: +1f30e27a-af6f-46d8-8d09-9a6c4d881282
	At position: 2
	leftTip: 1 rightTip: 1
	Suspicious: 1
	Short ext: 0
	Mean extensions: 0
	Avg overlap len: 4335
	Min overlap len: 4335
	Inner reads: 0
	Length: 14560
[2026-02-20 17:22:58] DEBUG: Inner: 21044 covered: 23128 total: 27858
[2026-02-20 17:22:58] DEBUG: Assembled disjointig 131
	With 2 reads
	Start read: +d060bd5e-ea3c-4f7b-9f40-6329dba73ea3
	At position: 1
	leftTip: 1 rightTip: 1
	Suspicious: 1
	Short ext: 0
	Mean extensions: 1
	Avg overlap len: 3537
	Min overlap len: 3537
	Inner reads: 0
	Length: 5159
[2026-02-20 17:22:58] DEBUG: Inner: 21056 covered: 23218 total: 27858
[2026-02-20 17:22:58] DEBUG: Assembled disjointig 132
	With 1 reads
	Start read: +714ce032-93a4-467c-ac6b-b0104951d378
	At position: 1
	leftTip: 1 rightTip: 1
	Suspicious: 0
	Short ext: 0
	Mean extensions: 0
	Avg overlap len: 0
	Min overlap len: 0
	Inner reads: 0
	Length: 2254
[2026-02-20 17:22:58] DEBUG: Inner: 21062 covered: 23226 total: 27858
[2026-02-20 17:22:58] DEBUG: Assembled disjointig 133
	With 5 reads
	Start read: +f4882bc5-f664-4b69-86d8-395414ba61da
	At position: 3
	leftTip: 0 rightTip: 0
	Suspicious: 0
	Short ext: 0
	Mean extensions: 34
	Avg overlap len: 3441
	Min overlap len: 3127
	Inner reads: 0
	Length: 17396
[2026-02-20 17:22:58] DEBUG: Inner: 21130 covered: 23362 total: 27858
[2026-02-20 17:22:58] DEBUG: Assembled disjointig 134
	With 1 reads
	Start read: +7941810d-fba3-4b32-a7fd-d2be6d5dbe38
	At position: 1
	leftTip: 1 rightTip: 1
	Suspicious: 0
	Short ext: 0
	Mean extensions: 0
	Avg overlap len: 0
	Min overlap len: 0
	Inner reads: 0
	Length: 3621
[2026-02-20 17:22:58] DEBUG: Inner: 21136 covered: 23376 total: 27858
[2026-02-20 17:22:58] DEBUG: Assembled disjointig 135
	With 5 reads
	Start read: +eb141269-c492-4e5f-afea-4b0896625f8e
	At position: 3
	leftTip: 0 rightTip: 0
	Suspicious: 0
	Short ext: 0
	Mean extensions: 19
	Avg overlap len: 3052
	Min overlap len: 2776
	Inner reads: 0
	Length: 18879
[2026-02-20 17:22:58] DEBUG: Inner: 21162 covered: 23430 total: 27858
[2026-02-20 17:22:58] DEBUG: Assembled disjointig 136
	With 3 reads
	Start read: +a75d2de9-7771-4d2f-94f1-0dc8cb955a1d
	At position: 1
	leftTip: 1 rightTip: 1
	Suspicious: 2
	Short ext: 0
	Mean extensions: 1
	Avg overlap len: 2465
	Min overlap len: 1232
	Inner reads: 0
	Length: 18777
[2026-02-20 17:22:58] DEBUG: Inner: 21180 covered: 23450 total: 27858
[2026-02-20 17:22:58] DEBUG: Assembled disjointig 137
	With 2 reads
	Start read: +4bf1103d-6280-4231-a68d-fb7c170f676b
	At position: 2
	leftTip: 1 rightTip: 1
	Suspicious: 1
	Short ext: 0
	Mean extensions: 0
	Avg overlap len: 4965
	Min overlap len: 4965
	Inner reads: 0
	Length: 8007
[2026-02-20 17:22:58] DEBUG: Inner: 21184 covered: 23490 total: 27858
[2026-02-20 17:22:58] DEBUG: Assembled disjointig 138
	With 1 reads
	Start read: +f2728f26-859d-45f2-b4f1-bb0bd9187d90
	At position: 1
	leftTip: 1 rightTip: 1
	Suspicious: 0
	Short ext: 0
	Mean extensions: 0
	Avg overlap len: 0
	Min overlap len: 0
	Inner reads: 0
	Length: 3642
[2026-02-20 17:22:58] DEBUG: Inner: 21192 covered: 23572 total: 27858
[2026-02-20 17:22:58] DEBUG: Assembled disjointig 139
	With 1 reads
	Start read: +6c09fdd2-5381-4e9f-b571-5f6f8fddf6e9
	At position: 1
	leftTip: 1 rightTip: 1
	Suspicious: 0
	Short ext: 0
	Mean extensions: 0
	Avg overlap len: 0
	Min overlap len: 0
	Inner reads: 0
	Length: 3029
[2026-02-20 17:22:58] DEBUG: Inner: 21196 covered: 23623 total: 27858
[2026-02-20 17:22:58] DEBUG: Assembled disjointig 140
	With 2 reads
	Start read: +625a244a-b60b-4fed-a84b-b3a47114cf45
	At position: 1
	leftTip: 1 rightTip: 1
	Suspicious: 1
	Short ext: 0
	Mean extensions: 0
	Avg overlap len: 2665
	Min overlap len: 2665
	Inner reads: 0
	Length: 5928
[2026-02-20 17:22:58] DEBUG: Inner: 21200 covered: 23644 total: 27858
[2026-02-20 17:22:58] DEBUG: Assembled disjointig 141
	With 1 reads
	Start read: +e355f41c-4607-4cb3-9d68-fe0fc22a43dd
	At position: 1
	leftTip: 1 rightTip: 1
	Suspicious: 0
	Short ext: 0
	Mean extensions: 0
	Avg overlap len: 0
	Min overlap len: 0
	Inner reads: 0
	Length: 2682
[2026-02-20 17:22:58] DEBUG: Inner: 21204 covered: 23752 total: 27858
[2026-02-20 17:22:58] DEBUG: Assembled disjointig 142
	With 2 reads
	Start read: +a79decba-56a0-49ee-ae0f-30c2434518ba
	At position: 2
	leftTip: 1 rightTip: 1
	Suspicious: 1
	Short ext: 0
	Mean extensions: 0
	Avg overlap len: 5839
	Min overlap len: 5839
	Inner reads: 0
	Length: 12190
[2026-02-20 17:22:58] DEBUG: Inner: 21218 covered: 23768 total: 27858
[2026-02-20 17:22:58] DEBUG: Assembled disjointig 143
	With 1 reads
	Start read: +61e85cf4-2cbd-4787-9b07-607609dd37ca
	At position: 1
	leftTip: 1 rightTip: 1
	Suspicious: 0
	Short ext: 0
	Mean extensions: 0
	Avg overlap len: 0
	Min overlap len: 0
	Inner reads: 0
	Length: 2843
[2026-02-20 17:22:58] DEBUG: Inner: 21226 covered: 23828 total: 27858
[2026-02-20 17:22:58] DEBUG: Assembled disjointig 144
	With 1 reads
	Start read: +19b6d16e-4b6c-415d-9e0c-868f132f0d58
	At position: 1
	leftTip: 1 rightTip: 1
	Suspicious: 0
	Short ext: 0
	Mean extensions: 0
	Avg overlap len: 0
	Min overlap len: 0
	Inner reads: 0
	Length: 2376
[2026-02-20 17:22:58] DEBUG: Inner: 21232 covered: 23848 total: 27858
[2026-02-20 17:22:58] DEBUG: Assembled disjointig 145
	With 1 reads
	Start read: +295f4f54-9a4a-4c75-a043-dc0f07a0b0c8
	At position: 1
	leftTip: 1 rightTip: 1
	Suspicious: 0
	Short ext: 0
	Mean extensions: 0
	Avg overlap len: 0
	Min overlap len: 0
	Inner reads: 0
	Length: 5523
[2026-02-20 17:22:58] DEBUG: Inner: 21240 covered: 23873 total: 27858
[2026-02-20 17:22:58] DEBUG: Assembled disjointig 146
	With 1 reads
	Start read: +9a9a34d8-abeb-422d-87ad-1e64301a9652
	At position: 1
	leftTip: 1 rightTip: 1
	Suspicious: 0
	Short ext: 0
	Mean extensions: 0
	Avg overlap len: 0
	Min overlap len: 0
	Inner reads: 0
	Length: 2426
[2026-02-20 17:22:58] DEBUG: Inner: 21244 covered: 23884 total: 27858
[2026-02-20 17:22:58] DEBUG: Assembled disjointig 147
	With 3 reads
	Start read: +300950bf-5922-4f98-8a76-e994d9802028
	At position: 2
	leftTip: 1 rightTip: 1
	Suspicious: 2
	Short ext: 0
	Mean extensions: 1
	Avg overlap len: 2199
	Min overlap len: 2168
	Inner reads: 0
	Length: 15722
[2026-02-20 17:22:58] DEBUG: Inner: 21254 covered: 23896 total: 27858
[2026-02-20 17:22:58] DEBUG: Assembled disjointig 148
	With 2 reads
	Start read: +a2508ee4-b9cf-45d1-a176-30950781524a
	At position: 1
	leftTip: 1 rightTip: 1
	Suspicious: 1
	Short ext: 0
	Mean extensions: 0
	Avg overlap len: 1995
	Min overlap len: 1995
	Inner reads: 0
	Length: 12143
[2026-02-20 17:22:58] DEBUG: Inner: 21264 covered: 23970 total: 27858
[2026-02-20 17:22:58] DEBUG: Assembled disjointig 149
	With 1 reads
	Start read: +836441a5-4090-4fe4-b09b-726c8d1fb749
	At position: 1
	leftTip: 1 rightTip: 1
	Suspicious: 0
	Short ext: 0
	Mean extensions: 0
	Avg overlap len: 0
	Min overlap len: 0
	Inner reads: 0
	Length: 2261
[2026-02-20 17:22:58] DEBUG: Inner: 21270 covered: 23972 total: 27858
[2026-02-20 17:22:58] DEBUG: Assembled disjointig 150
	With 2 reads
	Start read: +af6c0a34-074c-4bee-9cc7-df92c2c63b72
	At position: 2
	leftTip: 0 rightTip: 1
	Suspicious: 1
	Short ext: 0
	Mean extensions: 1
	Avg overlap len: 1982
	Min overlap len: 1982
	Inner reads: 0
	Length: 12148
[2026-02-20 17:22:58] DEBUG: Inner: 21270 covered: 23976 total: 27858
[2026-02-20 17:22:58] DEBUG: Assembled disjointig 151
	With 3 reads
	Start read: +cb846297-f6f3-40e9-a503-6df2831427af
	At position: 2
	leftTip: 1 rightTip: 1
	Suspicious: 2
	Short ext: 0
	Mean extensions: 1
	Avg overlap len: 6105
	Min overlap len: 1378
	Inner reads: 0
	Length: 21249
[2026-02-20 17:22:58] DEBUG: Inner: 21298 covered: 24002 total: 27858
[2026-02-20 17:22:58] DEBUG: Assembled disjointig 152
	With 2 reads
	Start read: +72f04d7f-dd34-4b9f-bc94-1c8856015b7a
	At position: 1
	leftTip: 1 rightTip: 1
	Suspicious: 1
	Short ext: 0
	Mean extensions: 0
	Avg overlap len: 1780
	Min overlap len: 1780
	Inner reads: 0
	Length: 4419
[2026-02-20 17:22:58] DEBUG: Inner: 21302 covered: 24006 total: 27858
[2026-02-20 17:22:58] DEBUG: Assembled disjointig 153
	With 3 reads
	Start read: +988a6a80-a611-4db1-9800-5aa5bd892c2e
	At position: 1
	leftTip: 1 rightTip: 1
	Suspicious: 1
	Short ext: 0
	Mean extensions: 1
	Avg overlap len: 3858
	Min overlap len: 1467
	Inner reads: 0
	Length: 10850
[2026-02-20 17:22:58] DEBUG: Inner: 21326 covered: 24038 total: 27858
[2026-02-20 17:22:58] DEBUG: Assembled disjointig 154
	With 1 reads
	Start read: +25782d07-e49b-4ac6-baca-17719c7fc227
	At position: 1
	leftTip: 1 rightTip: 1
	Suspicious: 0
	Short ext: 0
	Mean extensions: 0
	Avg overlap len: 0
	Min overlap len: 0
	Inner reads: 0
	Length: 2828
[2026-02-20 17:22:58] DEBUG: Inner: 21330 covered: 24042 total: 27858
[2026-02-20 17:22:58] DEBUG: Assembled disjointig 155
	With 2 reads
	Start read: +66f1b87c-a902-47ff-9d9d-e5d990016b45
	At position: 1
	leftTip: 1 rightTip: 1
	Suspicious: 1
	Short ext: 0
	Mean extensions: 1
	Avg overlap len: 2979
	Min overlap len: 2979
	Inner reads: 0
	Length: 7853
[2026-02-20 17:22:58] DEBUG: Inner: 21346 covered: 24066 total: 27858
[2026-02-20 17:22:58] DEBUG: Assembled disjointig 156
	With 2 reads
	Start read: +b2a43274-c433-43b0-bd2c-6bfee8448225
	At position: 1
	leftTip: 1 rightTip: 1
	Suspicious: 1
	Short ext: 0
	Mean extensions: 1
	Avg overlap len: 6317
	Min overlap len: 6317
	Inner reads: 0
	Length: 11697
[2026-02-20 17:22:58] DEBUG: Inner: 21358 covered: 24106 total: 27858
[2026-02-20 17:22:58] DEBUG: Assembled disjointig 157
	With 2 reads
	Start read: +27f0a6d8-a1de-40cc-b834-b5d965e212b7
	At position: 1
	leftTip: 1 rightTip: 1
	Suspicious: 1
	Short ext: 0
	Mean extensions: 0
	Avg overlap len: 3459
	Min overlap len: 3459
	Inner reads: 0
	Length: 12186
[2026-02-20 17:22:58] DEBUG: Inner: 21368 covered: 24136 total: 27858
[2026-02-20 17:22:58] DEBUG: Assembled disjointig 158
	With 1 reads
	Start read: +6ec0fe95-e9cc-4e15-b8ea-f907262825e5
	At position: 1
	leftTip: 1 rightTip: 1
	Suspicious: 0
	Short ext: 0
	Mean extensions: 0
	Avg overlap len: 0
	Min overlap len: 0
	Inner reads: 0
	Length: 2296
[2026-02-20 17:22:58] DEBUG: Inner: 21372 covered: 24170 total: 27858
[2026-02-20 17:22:58] DEBUG: Assembled disjointig 159
	With 2 reads
	Start read: +9b83394f-f40a-48da-9e66-3703b9c559a3
	At position: 2
	leftTip: 1 rightTip: 1
	Suspicious: 1
	Short ext: 0
	Mean extensions: 0
	Avg overlap len: 3709
	Min overlap len: 3709
	Inner reads: 0
	Length: 7310
[2026-02-20 17:22:58] DEBUG: Inner: 21386 covered: 24210 total: 27858
[2026-02-20 17:22:58] DEBUG: Assembled disjointig 160
	With 1 reads
	Start read: +0857ab13-fb60-48cf-ba1d-a17f0be186b4
	At position: 1
	leftTip: 1 rightTip: 1
	Suspicious: 0
	Short ext: 0
	Mean extensions: 0
	Avg overlap len: 0
	Min overlap len: 0
	Inner reads: 0
	Length: 2279
[2026-02-20 17:22:58] DEBUG: Inner: 21390 covered: 24220 total: 27858
[2026-02-20 17:22:58] DEBUG: Assembled disjointig 161
	With 1 reads
	Start read: +e44b9e22-8b50-4b73-8054-1873f7b0d1fc
	At position: 1
	leftTip: 1 rightTip: 1
	Suspicious: 0
	Short ext: 0
	Mean extensions: 0
	Avg overlap len: 0
	Min overlap len: 0
	Inner reads: 0
	Length: 3300
[2026-02-20 17:22:58] DEBUG: Inner: 21396 covered: 24252 total: 27858
[2026-02-20 17:22:58] DEBUG: Assembled disjointig 162
	With 2 reads
	Start read: +c4f78d2a-66fc-4208-8dab-81f53c994829
	At position: 2
	leftTip: 1 rightTip: 1
	Suspicious: 1
	Short ext: 0
	Mean extensions: 0
	Avg overlap len: 2311
	Min overlap len: 2311
	Inner reads: 0
	Length: 5331
[2026-02-20 17:22:58] DEBUG: Inner: 21402 covered: 24282 total: 27858
[2026-02-20 17:22:58] DEBUG: Assembled disjointig 163
	With 2 reads
	Start read: +2ba0a87d-5126-4711-b9ef-c0d6e1f4860c
	At position: 1
	leftTip: 1 rightTip: 1
	Suspicious: 1
	Short ext: 0
	Mean extensions: 0
	Avg overlap len: 1643
	Min overlap len: 1643
	Inner reads: 0
	Length: 9182
[2026-02-20 17:22:58] DEBUG: Inner: 21406 covered: 24286 total: 27858
[2026-02-20 17:22:58] DEBUG: Assembled disjointig 164
	With 2 reads
	Start read: +b7befc31-ca44-41e7-b36a-82003d5580a9
	At position: 1
	leftTip: 1 rightTip: 0
	Suspicious: 0
	Short ext: 0
	Mean extensions: 4
	Avg overlap len: 2257
	Min overlap len: 2257
	Inner reads: 0
	Length: 6465
[2026-02-20 17:22:58] DEBUG: Inner: 21426 covered: 24312 total: 27858
[2026-02-20 17:22:58] DEBUG: Assembled disjointig 165
	With 4 reads
	Start read: +dcc4eca2-fe43-4e44-ac68-2fe40e5df3b9
	At position: 3
	leftTip: 0 rightTip: 0
	Suspicious: 0
	Short ext: 0
	Mean extensions: 9
	Avg overlap len: 2716
	Min overlap len: 2651
	Inner reads: 0
	Length: 12364
[2026-02-20 17:22:58] DEBUG: Inner: 21430 covered: 24320 total: 27858
[2026-02-20 17:22:58] DEBUG: Assembled disjointig 166
	With 2 reads
	Start read: +3f6b1cec-8698-4b5b-b22f-66cc412808d8
	At position: 1
	leftTip: 1 rightTip: 1
	Suspicious: 1
	Short ext: 0
	Mean extensions: 0
	Avg overlap len: 1685
	Min overlap len: 1685
	Inner reads: 0
	Length: 6228
[2026-02-20 17:22:58] DEBUG: Inner: 21436 covered: 24332 total: 27858
[2026-02-20 17:22:58] DEBUG: Assembled disjointig 167
	With 4 reads
	Start read: +0cd6817c-d328-4501-b78f-c540d890d79d
	At position: 1
	leftTip: 1 rightTip: 1
	Suspicious: 3
	Short ext: 0
	Mean extensions: 1
	Avg overlap len: 2804
	Min overlap len: 2079
	Inner reads: 0
	Length: 15682
[2026-02-20 17:22:58] DEBUG: Inner: 21446 covered: 24386 total: 27858
[2026-02-20 17:22:58] DEBUG: Assembled disjointig 168
	With 1 reads
	Start read: +49ee5b30-ebf3-46c2-b2c2-18cf061fc5a2
	At position: 1
	leftTip: 1 rightTip: 1
	Suspicious: 0
	Short ext: 0
	Mean extensions: 0
	Avg overlap len: 0
	Min overlap len: 0
	Inner reads: 0
	Length: 2946
[2026-02-20 17:22:58] DEBUG: Inner: 21450 covered: 24490 total: 27858
[2026-02-20 17:22:58] DEBUG: Assembled disjointig 169
	With 2 reads
	Start read: +a84c95ab-fc5f-4d51-8f39-5cfd9c70cb97
	At position: 2
	leftTip: 1 rightTip: 1
	Suspicious: 1
	Short ext: 0
	Mean extensions: 0
	Avg overlap len: 2075
	Min overlap len: 2075
	Inner reads: 0
	Length: 11087
[2026-02-20 17:22:58] DEBUG: Inner: 21470 covered: 24603 total: 27858
[2026-02-20 17:22:58] DEBUG: Assembled disjointig 170
	With 1 reads
	Start read: +32069bc0-91dd-4e80-bf7d-ad73822ecf74
	At position: 1
	leftTip: 1 rightTip: 1
	Suspicious: 0
	Short ext: 0
	Mean extensions: 0
	Avg overlap len: 0
	Min overlap len: 0
	Inner reads: 0
	Length: 2495
[2026-02-20 17:22:58] DEBUG: Inner: 21474 covered: 24613 total: 27858
[2026-02-20 17:22:58] DEBUG: Assembled disjointig 171
	With 1 reads
	Start read: +699e0853-93a7-4f44-9f54-0d7759ff528c
	At position: 1
	leftTip: 1 rightTip: 1
	Suspicious: 0
	Short ext: 0
	Mean extensions: 0
	Avg overlap len: 0
	Min overlap len: 0
	Inner reads: 0
	Length: 2939
[2026-02-20 17:22:58] DEBUG: Inner: 21478 covered: 24642 total: 27858
[2026-02-20 17:22:58] DEBUG: Assembled disjointig 172
	With 1 reads
	Start read: +a02b4453-d206-4e88-b801-33ce52c486db
	At position: 1
	leftTip: 1 rightTip: 1
	Suspicious: 0
	Short ext: 0
	Mean extensions: 0
	Avg overlap len: 0
	Min overlap len: 0
	Inner reads: 0
	Length: 2784
[2026-02-20 17:22:58] DEBUG: Inner: 21484 covered: 24650 total: 27858
[2026-02-20 17:22:58] DEBUG: Assembled disjointig 173
	With 1 reads
	Start read: +fbefe9b6-e6c8-4cef-8b8a-c7cd898f1ab6
	At position: 1
	leftTip: 1 rightTip: 1
	Suspicious: 0
	Short ext: 0
	Mean extensions: 0
	Avg overlap len: 0
	Min overlap len: 0
	Inner reads: 0
	Length: 3760
[2026-02-20 17:22:58] DEBUG: Inner: 21488 covered: 24668 total: 27858
[2026-02-20 17:22:58] DEBUG: Assembled disjointig 174
	With 2 reads
	Start read: +5591044b-b35c-4afa-adfc-09912f1880cb
	At position: 1
	leftTip: 1 rightTip: 1
	Suspicious: 1
	Short ext: 0
	Mean extensions: 0
	Avg overlap len: 2364
	Min overlap len: 2364
	Inner reads: 0
	Length: 6551
[2026-02-20 17:22:58] DEBUG: Inner: 21496 covered: 24714 total: 27858
[2026-02-20 17:22:58] DEBUG: Assembled disjointig 175
	With 1 reads
	Start read: +980e8c07-8fcc-4ba3-872e-f6b685f28d38
	At position: 1
	leftTip: 1 rightTip: 1
	Suspicious: 0
	Short ext: 0
	Mean extensions: 0
	Avg overlap len: 0
	Min overlap len: 0
	Inner reads: 0
	Length: 2590
[2026-02-20 17:22:58] DEBUG: Inner: 21500 covered: 24768 total: 27858
[2026-02-20 17:22:58] DEBUG: Assembled disjointig 176
	With 1 reads
	Start read: +79e1a6df-ccd8-4a36-b711-ded07827cbe7
	At position: 1
	leftTip: 1 rightTip: 1
	Suspicious: 0
	Short ext: 0
	Mean extensions: 0
	Avg overlap len: 0
	Min overlap len: 0
	Inner reads: 0
	Length: 3244
[2026-02-20 17:22:58] DEBUG: Inner: 21504 covered: 24777 total: 27858
[2026-02-20 17:22:58] DEBUG: Assembled disjointig 177
	With 2 reads
	Start read: +23de9a27-42e8-44ca-8ed5-74cc3b2d15ce
	At position: 1
	leftTip: 1 rightTip: 1
	Suspicious: 1
	Short ext: 0
	Mean extensions: 0
	Avg overlap len: 1064
	Min overlap len: 1064
	Inner reads: 0
	Length: 4654
[2026-02-20 17:22:58] DEBUG: Inner: 21512 covered: 24824 total: 27858
[2026-02-20 17:22:58] DEBUG: Assembled disjointig 178
	With 1 reads
	Start read: +b442353c-0723-4b35-ba02-e26036f93f1c
	At position: 1
	leftTip: 1 rightTip: 1
	Suspicious: 0
	Short ext: 0
	Mean extensions: 0
	Avg overlap len: 0
	Min overlap len: 0
	Inner reads: 0
	Length: 6407
[2026-02-20 17:22:58] DEBUG: Inner: 21518 covered: 24838 total: 27858
[2026-02-20 17:22:58] DEBUG: Assembled disjointig 179
	With 1 reads
	Start read: +549817b5-509e-4383-b704-e30dce39d58b
	At position: 1
	leftTip: 1 rightTip: 1
	Suspicious: 0
	Short ext: 0
	Mean extensions: 0
	Avg overlap len: 0
	Min overlap len: 0
	Inner reads: 0
	Length: 2414
[2026-02-20 17:22:58] DEBUG: Inner: 21524 covered: 24854 total: 27858
[2026-02-20 17:22:58] DEBUG: Assembled disjointig 180
	With 3 reads
	Start read: +e39bf6f9-758f-4adc-831e-91d6494db4ea
	At position: 1
	leftTip: 1 rightTip: 1
	Suspicious: 1
	Short ext: 0
	Mean extensions: 2
	Avg overlap len: 13525
	Min overlap len: 2322
	Inner reads: 0
	Length: 7504
[2026-02-20 17:22:58] DEBUG: Inner: 21538 covered: 24872 total: 27858
[2026-02-20 17:22:58] DEBUG: Assembled disjointig 181
	With 3 reads
	Start read: +5d1ba303-84c7-48da-87bd-d82a826b17c6
	At position: 2
	leftTip: 1 rightTip: 1
	Suspicious: 2
	Short ext: 0
	Mean extensions: 1
	Avg overlap len: 2511
	Min overlap len: 2511
	Inner reads: 0
	Length: 7510
[2026-02-20 17:22:58] DEBUG: Inner: 21548 covered: 24892 total: 27858
[2026-02-20 17:22:58] DEBUG: Assembled disjointig 182
	With 1 reads
	Start read: +4c5f19d9-2343-4485-bf8c-a35d8d67f3b1
	At position: 1
	leftTip: 1 rightTip: 1
	Suspicious: 0
	Short ext: 0
	Mean extensions: 0
	Avg overlap len: 0
	Min overlap len: 0
	Inner reads: 0
	Length: 2920
[2026-02-20 17:22:58] DEBUG: Inner: 21556 covered: 24909 total: 27858
[2026-02-20 17:22:58] DEBUG: Assembled disjointig 183
	With 3 reads
	Start read: +e3cf3f31-1076-4d26-acdb-11dfb7571a69
	At position: 3
	leftTip: 1 rightTip: 1
	Suspicious: 1
	Short ext: 0
	Mean extensions: 1
	Avg overlap len: 3431
	Min overlap len: 2577
	Inner reads: 0
	Length: 12265
[2026-02-20 17:22:58] DEBUG: Inner: 21564 covered: 24922 total: 27858
[2026-02-20 17:22:58] DEBUG: Assembled disjointig 184
	With 4 reads
	Start read: +ce974686-bb01-484a-95be-82616fdcfa6b
	At position: 3
	leftTip: 1 rightTip: 1
	Suspicious: 3
	Short ext: 0
	Mean extensions: 1
	Avg overlap len: 4122
	Min overlap len: 1800
	Inner reads: 0
	Length: 14577
[2026-02-20 17:22:58] DEBUG: Inner: 21584 covered: 24948 total: 27858
[2026-02-20 17:22:58] DEBUG: Assembled disjointig 185
	With 2 reads
	Start read: +534a01ff-1734-411c-8f33-136adb5e9515
	At position: 2
	leftTip: 1 rightTip: 1
	Suspicious: 1
	Short ext: 0
	Mean extensions: 0
	Avg overlap len: 2350
	Min overlap len: 2350
	Inner reads: 0
	Length: 4833
[2026-02-20 17:22:58] DEBUG: Inner: 21588 covered: 25004 total: 27858
[2026-02-20 17:22:58] DEBUG: Assembled disjointig 186
	With 2 reads
	Start read: +b088786e-4a38-485a-8416-0ac837e9ba31
	At position: 2
	leftTip: 1 rightTip: 1
	Suspicious: 1
	Short ext: 0
	Mean extensions: 0
	Avg overlap len: 2255
	Min overlap len: 2255
	Inner reads: 0
	Length: 7281
[2026-02-20 17:22:58] DEBUG: Inner: 21592 covered: 25012 total: 27858
[2026-02-20 17:22:58] DEBUG: Assembled disjointig 187
	With 2 reads
	Start read: +2731b454-ccfb-4676-ab1c-2208e2cd57fc
	At position: 1
	leftTip: 1 rightTip: 1
	Suspicious: 1
	Short ext: 0
	Mean extensions: 0
	Avg overlap len: 2184
	Min overlap len: 2184
	Inner reads: 0
	Length: 6415
[2026-02-20 17:22:58] DEBUG: Inner: 21602 covered: 25104 total: 27858
[2026-02-20 17:22:58] DEBUG: Assembled disjointig 188
	With 2 reads
	Start read: +09726c7f-9d58-452b-8e2a-7359b645c64d
	At position: 1
	leftTip: 1 rightTip: 1
	Suspicious: 1
	Short ext: 0
	Mean extensions: 0
	Avg overlap len: 4892
	Min overlap len: 4892
	Inner reads: 0
	Length: 7459
[2026-02-20 17:22:58] DEBUG: Inner: 21612 covered: 25136 total: 27858
[2026-02-20 17:22:58] DEBUG: Assembled disjointig 189
	With 3 reads
	Start read: +5d914def-badc-481e-b1bd-5ebe730f9f9e
	At position: 2
	leftTip: 1 rightTip: 1
	Suspicious: 2
	Short ext: 0
	Mean extensions: 1
	Avg overlap len: 3087
	Min overlap len: 1625
	Inner reads: 0
	Length: 9915
[2026-02-20 17:22:58] DEBUG: Inner: 21618 covered: 25156 total: 27858
[2026-02-20 17:22:58] DEBUG: Assembled disjointig 190
	With 3 reads
	Start read: +3c54a1d8-3d5f-4b53-9b26-b762c03f6020
	At position: 1
	leftTip: 1 rightTip: 1
	Suspicious: 2
	Short ext: 0
	Mean extensions: 1
	Avg overlap len: 1867
	Min overlap len: 1716
	Inner reads: 0
	Length: 15084
[2026-02-20 17:22:58] DEBUG: Inner: 21630 covered: 25198 total: 27858
[2026-02-20 17:22:58] DEBUG: Assembled disjointig 191
	With 1 reads
	Start read: +25e2770b-7efe-45c3-a208-ea871b14b243
	At position: 1
	leftTip: 1 rightTip: 1
	Suspicious: 0
	Short ext: 0
	Mean extensions: 0
	Avg overlap len: 0
	Min overlap len: 0
	Inner reads: 0
	Length: 8679
[2026-02-20 17:22:58] DEBUG: Inner: 21640 covered: 25210 total: 27858
[2026-02-20 17:22:58] DEBUG: Assembled disjointig 192
	With 2 reads
	Start read: +fe1451b3-51f3-47f1-ba9f-4f038ca530d4
	At position: 2
	leftTip: 1 rightTip: 1
	Suspicious: 1
	Short ext: 0
	Mean extensions: 0
	Avg overlap len: 3189
	Min overlap len: 3189
	Inner reads: 0
	Length: 6067
[2026-02-20 17:22:58] DEBUG: Inner: 21646 covered: 25222 total: 27858
[2026-02-20 17:22:58] DEBUG: Assembled disjointig 193
	With 1 reads
	Start read: +cf12b8d4-8f03-4e2f-833d-3771bcb30a4d
	At position: 1
	leftTip: 1 rightTip: 1
	Suspicious: 0
	Short ext: 0
	Mean extensions: 0
	Avg overlap len: 0
	Min overlap len: 0
	Inner reads: 0
	Length: 5358
[2026-02-20 17:22:58] DEBUG: Inner: 21652 covered: 25240 total: 27858
[2026-02-20 17:22:58] DEBUG: Assembled disjointig 194
	With 2 reads
	Start read: +0ea92dd8-01fe-49bd-a499-b74611398ba4
	At position: 1
	leftTip: 1 rightTip: 1
	Suspicious: 1
	Short ext: 0
	Mean extensions: 0
	Avg overlap len: 2663
	Min overlap len: 2663
	Inner reads: 0
	Length: 7925
[2026-02-20 17:22:58] DEBUG: Inner: 21658 covered: 25246 total: 27858
[2026-02-20 17:22:58] DEBUG: Assembled disjointig 195
	With 2 reads
	Start read: +ea5f62c8-ba39-4f6d-b078-55f97c762d1d
	At position: 2
	leftTip: 1 rightTip: 1
	Suspicious: 1
	Short ext: 0
	Mean extensions: 0
	Avg overlap len: 1169
	Min overlap len: 1169
	Inner reads: 0
	Length: 5659
[2026-02-20 17:22:58] DEBUG: Inner: 21670 covered: 25262 total: 27858
[2026-02-20 17:22:58] DEBUG: Assembled disjointig 196
	With 1 reads
	Start read: +76bf8869-17b4-4ecd-a4f9-aeef75a1f286
	At position: 1
	leftTip: 1 rightTip: 1
	Suspicious: 0
	Short ext: 0
	Mean extensions: 0
	Avg overlap len: 0
	Min overlap len: 0
	Inner reads: 0
	Length: 2786
[2026-02-20 17:22:58] DEBUG: Inner: 21674 covered: 25336 total: 27858
[2026-02-20 17:22:58] DEBUG: Assembled disjointig 197
	With 3 reads
	Start read: +7a382c3f-f82e-487e-81ff-090067c88e45
	At position: 1
	leftTip: 1 rightTip: 1
	Suspicious: 2
	Short ext: 0
	Mean extensions: 1
	Avg overlap len: 2618
	Min overlap len: 1150
	Inner reads: 0
	Length: 8829
[2026-02-20 17:22:58] DEBUG: Inner: 21684 covered: 25348 total: 27858
[2026-02-20 17:22:58] DEBUG: Assembled disjointig 198
	With 2 reads
	Start read: +894296ab-44f0-4e6e-aefd-2c2a3c97eaaa
	At position: 2
	leftTip: 1 rightTip: 1
	Suspicious: 1
	Short ext: 0
	Mean extensions: 0
	Avg overlap len: 2347
	Min overlap len: 2347
	Inner reads: 0
	Length: 4497
[2026-02-20 17:22:58] DEBUG: Inner: 21688 covered: 25364 total: 27858
[2026-02-20 17:22:58] DEBUG: Assembled disjointig 199
	With 4 reads
	Start read: +d507c62f-23cb-4f09-820d-8311f488dca6
	At position: 3
	leftTip: 0 rightTip: 0
	Suspicious: 0
	Short ext: 0
	Mean extensions: 3
	Avg overlap len: 1900
	Min overlap len: 1608
	Inner reads: 0
	Length: 10559
[2026-02-20 17:22:58] DEBUG: Inner: 21696 covered: 25377 total: 27858
[2026-02-20 17:22:58] DEBUG: Assembled disjointig 200
	With 3 reads
	Start read: +5ce78361-22c8-42f6-875b-615470665942
	At position: 2
	leftTip: 1 rightTip: 1
	Suspicious: 2
	Short ext: 0
	Mean extensions: 1
	Avg overlap len: 3958
	Min overlap len: 1099
	Inner reads: 0
	Length: 12947
[2026-02-20 17:22:58] DEBUG: Inner: 21712 covered: 25406 total: 27858
[2026-02-20 17:22:58] DEBUG: Assembled disjointig 201
	With 1 reads
	Start read: +df137e9b-86bd-47ce-992c-f27392ab4e15
	At position: 1
	leftTip: 1 rightTip: 1
	Suspicious: 0
	Short ext: 0
	Mean extensions: 0
	Avg overlap len: 0
	Min overlap len: 0
	Inner reads: 0
	Length: 3777
[2026-02-20 17:22:58] DEBUG: Inner: 21718 covered: 25408 total: 27858
[2026-02-20 17:22:58] DEBUG: Assembled disjointig 202
	With 1 reads
	Start read: +bc39b895-362d-4ed3-bcc7-5372d2687ba7
	At position: 1
	leftTip: 1 rightTip: 1
	Suspicious: 0
	Short ext: 0
	Mean extensions: 0
	Avg overlap len: 0
	Min overlap len: 0
	Inner reads: 0
	Length: 4006
[2026-02-20 17:22:58] DEBUG: Inner: 21726 covered: 25454 total: 27858
[2026-02-20 17:22:58] DEBUG: Assembled disjointig 203
	With 1 reads
	Start read: +c39a08d4-1687-48d8-8455-89177a34c3db
	At position: 1
	leftTip: 1 rightTip: 1
	Suspicious: 0
	Short ext: 0
	Mean extensions: 0
	Avg overlap len: 0
	Min overlap len: 0
	Inner reads: 0
	Length: 2240
[2026-02-20 17:22:58] DEBUG: Inner: 21730 covered: 25546 total: 27858
[2026-02-20 17:22:58] DEBUG: Assembled disjointig 204
	With 1 reads
	Start read: +9af9357a-6916-4aa2-8f00-99fb49c1b85d
	At position: 1
	leftTip: 1 rightTip: 1
	Suspicious: 0
	Short ext: 0
	Mean extensions: 0
	Avg overlap len: 0
	Min overlap len: 0
	Inner reads: 0
	Length: 2504
[2026-02-20 17:22:58] DEBUG: Inner: 21734 covered: 25551 total: 27858
[2026-02-20 17:22:58] DEBUG: Assembled disjointig 205
	With 2 reads
	Start read: +702089c1-93ed-42d3-8d88-fa55149c1679
	At position: 2
	leftTip: 1 rightTip: 1
	Suspicious: 1
	Short ext: 0
	Mean extensions: 0
	Avg overlap len: 3245
	Min overlap len: 3245
	Inner reads: 0
	Length: 6469
[2026-02-20 17:22:58] DEBUG: Inner: 21742 covered: 25596 total: 27858
[2026-02-20 17:22:58] DEBUG: Assembled disjointig 206
	With 1 reads
	Start read: +b0180237-24b6-4c6d-9f8f-4143947953cd
	At position: 1
	leftTip: 1 rightTip: 1
	Suspicious: 0
	Short ext: 0
	Mean extensions: 0
	Avg overlap len: 0
	Min overlap len: 0
	Inner reads: 0
	Length: 2468
[2026-02-20 17:22:58] DEBUG: Inner: 21746 covered: 25616 total: 27858
[2026-02-20 17:22:58] DEBUG: Assembled disjointig 207
	With 2 reads
	Start read: +2f21850a-d10d-4823-a7d8-8482f0b2d108
	At position: 1
	leftTip: 1 rightTip: 1
	Suspicious: 1
	Short ext: 0
	Mean extensions: 0
	Avg overlap len: 2566
	Min overlap len: 2566
	Inner reads: 0
	Length: 5756
[2026-02-20 17:22:58] DEBUG: Inner: 21760 covered: 25632 total: 27858
[2026-02-20 17:22:58] DEBUG: Assembled disjointig 208
	With 1 reads
	Start read: +5c0fb415-9de8-43ea-8770-03fcd7cab8a9
	At position: 1
	leftTip: 1 rightTip: 1
	Suspicious: 0
	Short ext: 0
	Mean extensions: 0
	Avg overlap len: 0
	Min overlap len: 0
	Inner reads: 0
	Length: 2583
[2026-02-20 17:22:58] DEBUG: Inner: 21764 covered: 25672 total: 27858
[2026-02-20 17:22:58] DEBUG: Assembled disjointig 209
	With 3 reads
	Start read: +c5ae5f24-208c-4e86-8563-e5c9f2d6fd5a
	At position: 2
	leftTip: 1 rightTip: 1
	Suspicious: 2
	Short ext: 0
	Mean extensions: 1
	Avg overlap len: 4523
	Min overlap len: 3851
	Inner reads: 0
	Length: 10429
[2026-02-20 17:22:58] DEBUG: Inner: 21776 covered: 25708 total: 27858
[2026-02-20 17:22:58] DEBUG: Assembled disjointig 210
	With 3 reads
	Start read: +efcfd28b-f427-4b9a-bb01-321e65542c34
	At position: 1
	leftTip: 1 rightTip: 1
	Suspicious: 2
	Short ext: 0
	Mean extensions: 1
	Avg overlap len: 3496
	Min overlap len: 1407
	Inner reads: 0
	Length: 11149
[2026-02-20 17:22:58] DEBUG: Inner: 21786 covered: 25778 total: 27858
[2026-02-20 17:22:58] DEBUG: Assembled disjointig 211
	With 2 reads
	Start read: +c88acc49-1aed-4a6f-a6ec-775597b19fd3
	At position: 2
	leftTip: 1 rightTip: 1
	Suspicious: 1
	Short ext: 0
	Mean extensions: 0
	Avg overlap len: 1487
	Min overlap len: 1487
	Inner reads: 0
	Length: 5834
[2026-02-20 17:22:58] DEBUG: Inner: 21794 covered: 25840 total: 27858
[2026-02-20 17:22:58] DEBUG: Assembled disjointig 212
	With 1 reads
	Start read: +f2557026-23f7-4fc8-a8e1-d83579061de8
	At position: 1
	leftTip: 1 rightTip: 1
	Suspicious: 0
	Short ext: 0
	Mean extensions: 0
	Avg overlap len: 0
	Min overlap len: 0
	Inner reads: 0
	Length: 3450
[2026-02-20 17:22:58] DEBUG: Inner: 21798 covered: 25886 total: 27858
[2026-02-20 17:22:58] DEBUG: Assembled disjointig 213
	With 1 reads
	Start read: +7fe2e789-3cbb-45c5-b670-ffefac169331
	At position: 1
	leftTip: 1 rightTip: 1
	Suspicious: 0
	Short ext: 0
	Mean extensions: 0
	Avg overlap len: 0
	Min overlap len: 0
	Inner reads: 0
	Length: 3850
[2026-02-20 17:22:58] DEBUG: Inner: 21806 covered: 25904 total: 27858
[2026-02-20 17:22:58] DEBUG: Assembled disjointig 214
	With 1 reads
	Start read: +e042cbe1-a03c-4d20-9ed0-b329cc7c7011
	At position: 1
	leftTip: 1 rightTip: 1
	Suspicious: 0
	Short ext: 0
	Mean extensions: 0
	Avg overlap len: 0
	Min overlap len: 0
	Inner reads: 0
	Length: 2509
[2026-02-20 17:22:58] DEBUG: Inner: 21810 covered: 25922 total: 27858
[2026-02-20 17:22:58] DEBUG: Assembled disjointig 215
	With 2 reads
	Start read: +fe27348a-2b59-4d77-90bf-b4258b80b5e4
	At position: 1
	leftTip: 1 rightTip: 1
	Suspicious: 1
	Short ext: 0
	Mean extensions: 0
	Avg overlap len: 3385
	Min overlap len: 3385
	Inner reads: 0
	Length: 6897
[2026-02-20 17:22:58] DEBUG: Inner: 21820 covered: 25944 total: 27858
[2026-02-20 17:22:58] DEBUG: Assembled disjointig 216
	With 2 reads
	Start read: +2d97842d-4120-4ddf-ba11-f3b9a6c6c947
	At position: 1
	leftTip: 1 rightTip: 1
	Suspicious: 1
	Short ext: 0
	Mean extensions: 0
	Avg overlap len: 1859
	Min overlap len: 1859
	Inner reads: 0
	Length: 4204
[2026-02-20 17:22:58] DEBUG: Inner: 21824 covered: 25968 total: 27858
[2026-02-20 17:22:58] DEBUG: Assembled disjointig 217
	With 3 reads
	Start read: +5e48e859-f976-4371-b79d-ae351299e1f5
	At position: 2
	leftTip: 1 rightTip: 1
	Suspicious: 2
	Short ext: 0
	Mean extensions: 1
	Avg overlap len: 4403
	Min overlap len: 2355
	Inner reads: 0
	Length: 14209
[2026-02-20 17:22:58] DEBUG: Inner: 21836 covered: 25996 total: 27858
[2026-02-20 17:22:58] DEBUG: Assembled disjointig 218
	With 1 reads
	Start read: +020b7e75-96ff-4691-a6c8-531278dd7185
	At position: 1
	leftTip: 1 rightTip: 1
	Suspicious: 0
	Short ext: 0
	Mean extensions: 0
	Avg overlap len: 0
	Min overlap len: 0
	Inner reads: 0
	Length: 2205
[2026-02-20 17:22:58] DEBUG: Inner: 21844 covered: 26004 total: 27858
[2026-02-20 17:22:58] DEBUG: Assembled disjointig 219
	With 3 reads
	Start read: +3cc4fc31-a11c-4d00-9db1-b0480bd1a239
	At position: 2
	leftTip: 0 rightTip: 0
	Suspicious: 0
	Short ext: 0
	Mean extensions: 5
	Avg overlap len: 4353
	Min overlap len: 3960
	Inner reads: 0
	Length: 15146
[2026-02-20 17:22:58] DEBUG: Inner: 21858 covered: 26018 total: 27858
[2026-02-20 17:22:58] DEBUG: Assembled disjointig 220
	With 2 reads
	Start read: +2d2125f6-4975-4623-bd2c-fce2d5e57e31
	At position: 1
	leftTip: 1 rightTip: 1
	Suspicious: 1
	Short ext: 0
	Mean extensions: 0
	Avg overlap len: 2185
	Min overlap len: 2185
	Inner reads: 0
	Length: 4010
[2026-02-20 17:22:58] DEBUG: Inner: 21862 covered: 26070 total: 27858
[2026-02-20 17:22:58] DEBUG: Assembled disjointig 221
	With 1 reads
	Start read: +69073497-4fd9-44e9-8874-38a0876f6138
	At position: 1
	leftTip: 1 rightTip: 1
	Suspicious: 0
	Short ext: 0
	Mean extensions: 0
	Avg overlap len: 0
	Min overlap len: 0
	Inner reads: 0
	Length: 2960
[2026-02-20 17:22:58] DEBUG: Inner: 21866 covered: 26088 total: 27858
[2026-02-20 17:22:58] DEBUG: Assembled disjointig 222
	With 3 reads
	Start read: +cd729925-4789-4966-b5a6-8c0cf816d055
	At position: 3
	leftTip: 1 rightTip: 1
	Suspicious: 2
	Short ext: 0
	Mean extensions: 1
	Avg overlap len: 2338
	Min overlap len: 1439
	Inner reads: 0
	Length: 12686
[2026-02-20 17:22:58] DEBUG: Inner: 21874 covered: 26126 total: 27858
[2026-02-20 17:22:58] DEBUG: Assembled disjointig 223
	With 1 reads
	Start read: +8443e90f-c292-49bd-94fe-1d831b3ce6b5
	At position: 1
	leftTip: 1 rightTip: 1
	Suspicious: 0
	Short ext: 0
	Mean extensions: 0
	Avg overlap len: 0
	Min overlap len: 0
	Inner reads: 0
	Length: 2692
[2026-02-20 17:22:58] DEBUG: Inner: 21878 covered: 26148 total: 27858
[2026-02-20 17:22:58] DEBUG: Assembled disjointig 224
	With 2 reads
	Start read: +a14eadbc-663c-4c9b-8dad-030ff45513d4
	At position: 1
	leftTip: 1 rightTip: 1
	Suspicious: 1
	Short ext: 0
	Mean extensions: 0
	Avg overlap len: 4321
	Min overlap len: 4321
	Inner reads: 0
	Length: 8697
[2026-02-20 17:22:58] DEBUG: Inner: 21884 covered: 26201 total: 27858
[2026-02-20 17:22:58] DEBUG: Assembled disjointig 225
	With 1 reads
	Start read: +6bf18107-dbe9-476f-8e57-cb6d2010bcf0
	At position: 1
	leftTip: 1 rightTip: 1
	Suspicious: 0
	Short ext: 0
	Mean extensions: 0
	Avg overlap len: 0
	Min overlap len: 0
	Inner reads: 0
	Length: 2337
[2026-02-20 17:22:58] DEBUG: Inner: 21890 covered: 26320 total: 27858
[2026-02-20 17:22:58] DEBUG: Assembled disjointig 226
	With 3 reads
	Start read: +975b046d-d5db-4b7b-a7a0-b17336667b5a
	At position: 2
	leftTip: 0 rightTip: 0
	Suspicious: 0
	Short ext: 0
	Mean extensions: 5
	Avg overlap len: 1688
	Min overlap len: 1474
	Inner reads: 0
	Length: 10877
[2026-02-20 17:22:58] DEBUG: Inner: 21892 covered: 26428 total: 27858
[2026-02-20 17:22:58] DEBUG: Assembled disjointig 227
	With 2 reads
	Start read: +28adde5c-9f99-4f42-838d-69474aeb2f71
	At position: 1
	leftTip: 1 rightTip: 1
	Suspicious: 1
	Short ext: 0
	Mean extensions: 0
	Avg overlap len: 1532
	Min overlap len: 1532
	Inner reads: 0
	Length: 7238
[2026-02-20 17:22:58] DEBUG: Inner: 21900 covered: 26454 total: 27858
[2026-02-20 17:22:58] DEBUG: Assembled disjointig 228
	With 1 reads
	Start read: +16f3dca2-2df5-4821-ba66-bd738c75aeb7
	At position: 1
	leftTip: 1 rightTip: 1
	Suspicious: 0
	Short ext: 0
	Mean extensions: 0
	Avg overlap len: 0
	Min overlap len: 0
	Inner reads: 0
	Length: 3327
[2026-02-20 17:22:58] DEBUG: Inner: 21908 covered: 26494 total: 27858
[2026-02-20 17:22:58] DEBUG: Assembled disjointig 229
	With 1 reads
	Start read: +eb1e59c0-e25f-49d9-9cfc-d06468d448aa
	At position: 1
	leftTip: 1 rightTip: 1
	Suspicious: 0
	Short ext: 0
	Mean extensions: 0
	Avg overlap len: 0
	Min overlap len: 0
	Inner reads: 0
	Length: 2327
[2026-02-20 17:22:58] DEBUG: Inner: 21914 covered: 26547 total: 27858
[2026-02-20 17:22:58] DEBUG: Assembled disjointig 230
	With 1 reads
	Start read: +fd35ab77-0705-4285-b329-d73f13560dc9
	At position: 1
	leftTip: 1 rightTip: 1
	Suspicious: 0
	Short ext: 0
	Mean extensions: 0
	Avg overlap len: 0
	Min overlap len: 0
	Inner reads: 0
	Length: 2244
[2026-02-20 17:22:58] DEBUG: Inner: 21918 covered: 26602 total: 27858
[2026-02-20 17:22:58] DEBUG: Assembled disjointig 231
	With 2 reads
	Start read: +4b7025cc-437c-48f3-af43-7cb03cb4f90c
	At position: 1
	leftTip: 1 rightTip: 1
	Suspicious: 1
	Short ext: 0
	Mean extensions: 1
	Avg overlap len: 6480
	Min overlap len: 6480
	Inner reads: 0
	Length: 16579
[2026-02-20 17:22:58] DEBUG: Inner: 21932 covered: 26634 total: 27858
[2026-02-20 17:22:58] DEBUG: Assembled disjointig 232
	With 2 reads
	Start read: +0cccdc89-418d-44ba-b73e-633c294f7758
	At position: 1
	leftTip: 1 rightTip: 1
	Suspicious: 1
	Short ext: 0
	Mean extensions: 0
	Avg overlap len: 3101
	Min overlap len: 3101
	Inner reads: 0
	Length: 6670
[2026-02-20 17:22:58] DEBUG: Inner: 21948 covered: 26648 total: 27858
[2026-02-20 17:22:58] DEBUG: Assembled disjointig 233
	With 2 reads
	Start read: +6713c892-b067-4e34-981e-3ab665b83bb7
	At position: 1
	leftTip: 1 rightTip: 1
	Suspicious: 1
	Short ext: 0
	Mean extensions: 0
	Avg overlap len: 2315
	Min overlap len: 2315
	Inner reads: 0
	Length: 8711
[2026-02-20 17:22:58] DEBUG: Inner: 21954 covered: 26714 total: 27858
[2026-02-20 17:22:58] DEBUG: Assembled disjointig 234
	With 3 reads
	Start read: +d7d1a870-93ce-4990-9c84-d06f2843cee1
	At position: 1
	leftTip: 1 rightTip: 1
	Suspicious: 1
	Short ext: 0
	Mean extensions: 1
	Avg overlap len: 3634
	Min overlap len: 3395
	Inner reads: 0
	Length: 11928
[2026-02-20 17:22:58] DEBUG: Inner: 21966 covered: 26812 total: 27858
[2026-02-20 17:22:58] DEBUG: Assembled disjointig 235
	With 2 reads
	Start read: +389291ae-e7bb-4a00-9be7-f8d0570d0c58
	At position: 1
	leftTip: 1 rightTip: 1
	Suspicious: 1
	Short ext: 0
	Mean extensions: 0
	Avg overlap len: 1510
	Min overlap len: 1510
	Inner reads: 0
	Length: 9339
[2026-02-20 17:22:58] DEBUG: Inner: 21976 covered: 26894 total: 27858
[2026-02-20 17:22:58] DEBUG: Assembled disjointig 236
	With 1 reads
	Start read: +e234f44f-ac75-4625-acf7-8631cfee62fc
	At position: 1
	leftTip: 1 rightTip: 1
	Suspicious: 0
	Short ext: 0
	Mean extensions: 0
	Avg overlap len: 0
	Min overlap len: 0
	Inner reads: 0
	Length: 3863
[2026-02-20 17:22:58] DEBUG: Inner: 21984 covered: 26964 total: 27858
[2026-02-20 17:22:58] DEBUG: Assembled disjointig 237
	With 2 reads
	Start read: +7edb2fd6-a758-4c79-a82e-0316c5f98459
	At position: 2
	leftTip: 1 rightTip: 1
	Suspicious: 1
	Short ext: 0
	Mean extensions: 0
	Avg overlap len: 1428
	Min overlap len: 1428
	Inner reads: 0
	Length: 5633
[2026-02-20 17:22:58] DEBUG: Inner: 21992 covered: 27130 total: 27858
[2026-02-20 17:22:58] DEBUG: Assembled disjointig 238
	With 1 reads
	Start read: +d3471d89-d04b-4931-ba80-19d2f89e83c2
	At position: 1
	leftTip: 1 rightTip: 1
	Suspicious: 0
	Short ext: 0
	Mean extensions: 0
	Avg overlap len: 0
	Min overlap len: 0
	Inner reads: 0
	Length: 2362
[2026-02-20 17:22:58] DEBUG: Inner: 22000 covered: 27162 total: 27858
[2026-02-20 17:22:58] DEBUG: Assembled disjointig 239
	With 3 reads
	Start read: +f88db35a-d9e9-4295-95e6-a673251c1458
	At position: 2
	leftTip: 1 rightTip: 1
	Suspicious: 2
	Short ext: 0
	Mean extensions: 1
	Avg overlap len: 2085
	Min overlap len: 1791
	Inner reads: 0
	Length: 8134
[2026-02-20 17:22:58] DEBUG: Inner: 22008 covered: 27176 total: 27858
[2026-02-20 17:22:58] DEBUG: Assembled disjointig 240
	With 1 reads
	Start read: +4480d2b4-1055-4f59-a0ec-2eb4d643e732
	At position: 1
	leftTip: 1 rightTip: 1
	Suspicious: 0
	Short ext: 0
	Mean extensions: 0
	Avg overlap len: 0
	Min overlap len: 0
	Inner reads: 0
	Length: 3027
[2026-02-20 17:22:58] DEBUG: Inner: 22012 covered: 27217 total: 27858
[2026-02-20 17:22:58] DEBUG: Assembled disjointig 241
	With 2 reads
	Start read: +47560374-d0c2-4344-bc2d-186f14aa1332
	At position: 1
	leftTip: 1 rightTip: 1
	Suspicious: 1
	Short ext: 0
	Mean extensions: 0
	Avg overlap len: 2236
	Min overlap len: 2236
	Inner reads: 0
	Length: 5421
[2026-02-20 17:22:58] DEBUG: Inner: 22018 covered: 27262 total: 27858
[2026-02-20 17:22:58] DEBUG: Assembled disjointig 242
	With 3 reads
	Start read: +9e9b77ca-dc4a-4586-a55d-1681f9065968
	At position: 2
	leftTip: 1 rightTip: 1
	Suspicious: 2
	Short ext: 0
	Mean extensions: 1
	Avg overlap len: 2742
	Min overlap len: 2742
	Inner reads: 0
	Length: 7109
[2026-02-20 17:22:58] DEBUG: Inner: 22028 covered: 27402 total: 27858
[2026-02-20 17:22:58] DEBUG: Assembled disjointig 243
	With 2 reads
	Start read: +0111998e-fcf9-4737-827f-a934bbf8c0b9
	At position: 1
	leftTip: 1 rightTip: 1
	Suspicious: 1
	Short ext: 0
	Mean extensions: 0
	Avg overlap len: 6354
	Min overlap len: 6354
	Inner reads: 0
	Length: 10927
[2026-02-20 17:22:58] DEBUG: Inner: 22040 covered: 27410 total: 27858
[2026-02-20 17:22:58] DEBUG: Assembled disjointig 244
	With 2 reads
	Start read: +9ca523e3-1fe9-4aff-990e-66023e6c6698
	At position: 1
	leftTip: 1 rightTip: 0
	Suspicious: 1
	Short ext: 0
	Mean extensions: 1
	Avg overlap len: 1016
	Min overlap len: 1016
	Inner reads: 0
	Length: 5749
[2026-02-20 17:22:58] DEBUG: Inner: 22046 covered: 27424 total: 27858
[2026-02-20 17:22:58] DEBUG: Assembled disjointig 245
	With 1 reads
	Start read: +3bffaa3d-f70f-4b02-a65d-906a6b21aef0
	At position: 1
	leftTip: 1 rightTip: 1
	Suspicious: 0
	Short ext: 0
	Mean extensions: 0
	Avg overlap len: 0
	Min overlap len: 0
	Inner reads: 0
	Length: 2219
[2026-02-20 17:22:58] DEBUG: Inner: 22050 covered: 27428 total: 27858
[2026-02-20 17:22:58] DEBUG: Assembled disjointig 246
	With 2 reads
	Start read: +0bc22bc1-88a6-4b6d-8532-bc122f947fd1
	At position: 2
	leftTip: 1 rightTip: 1
	Suspicious: 1
	Short ext: 0
	Mean extensions: 0
	Avg overlap len: 3009
	Min overlap len: 3009
	Inner reads: 0
	Length: 11477
[2026-02-20 17:22:58] DEBUG: Inner: 22060 covered: 27472 total: 27858
[2026-02-20 17:22:58] DEBUG: Assembled disjointig 247
	With 1 reads
	Start read: +a93febb7-5873-4404-8226-1645e03b4b50
	At position: 1
	leftTip: 1 rightTip: 1
	Suspicious: 0
	Short ext: 0
	Mean extensions: 0
	Avg overlap len: 0
	Min overlap len: 0
	Inner reads: 0
	Length: 2779
[2026-02-20 17:22:58] DEBUG: Inner: 22064 covered: 27490 total: 27858
[2026-02-20 17:22:58] DEBUG: Assembled disjointig 248
	With 2 reads
	Start read: +6768d0d9-18dd-4945-a793-d2c080338da6
	At position: 2
	leftTip: 1 rightTip: 1
	Suspicious: 1
	Short ext: 0
	Mean extensions: 0
	Avg overlap len: 4166
	Min overlap len: 4166
	Inner reads: 0
	Length: 11763
[2026-02-20 17:22:58] DEBUG: Inner: 22074 covered: 27534 total: 27858
[2026-02-20 17:22:58] DEBUG: Assembled disjointig 249
	With 2 reads
	Start read: +1c44cfb1-cf80-4d92-bc7d-993243109d5c
	At position: 2
	leftTip: 1 rightTip: 1
	Suspicious: 1
	Short ext: 0
	Mean extensions: 0
	Avg overlap len: 1962
	Min overlap len: 1962
	Inner reads: 0
	Length: 7360
[2026-02-20 17:22:58] DEBUG: Inner: 22086 covered: 27598 total: 27858
[2026-02-20 17:22:58] DEBUG: Assembled disjointig 250
	With 2 reads
	Start read: +3b0d07a9-dc51-4e22-9869-bcd632b8ad66
	At position: 2
	leftTip: 1 rightTip: 1
	Suspicious: 1
	Short ext: 0
	Mean extensions: 0
	Avg overlap len: 3282
	Min overlap len: 3282
	Inner reads: 0
	Length: 6389
[2026-02-20 17:22:58] DEBUG: Inner: 22094 covered: 27630 total: 27858
[2026-02-20 17:22:58] DEBUG: Assembled disjointig 251
	With 2 reads
	Start read: +1bca32ad-2c28-4efb-9589-1a6395933f72
	At position: 2
	leftTip: 1 rightTip: 1
	Suspicious: 1
	Short ext: 0
	Mean extensions: 0
	Avg overlap len: 1783
	Min overlap len: 1783
	Inner reads: 0
	Length: 4218
[2026-02-20 17:22:58] DEBUG: Inner: 22100 covered: 27664 total: 27858
[2026-02-20 17:22:58] DEBUG: Assembled disjointig 252
	With 1 reads
	Start read: +a7298daf-3cc5-4ccb-a79a-bd713313568f
	At position: 1
	leftTip: 1 rightTip: 1
	Suspicious: 0
	Short ext: 0
	Mean extensions: 0
	Avg overlap len: 0
	Min overlap len: 0
	Inner reads: 0
	Length: 3014
[2026-02-20 17:22:58] DEBUG: Inner: 22106 covered: 27684 total: 27858
[2026-02-20 17:22:58] DEBUG: Assembled disjointig 253
	With 1 reads
	Start read: +b58fad67-7c2e-4529-8bce-96efe893fce2
	At position: 1
	leftTip: 1 rightTip: 1
	Suspicious: 0
	Short ext: 0
	Mean extensions: 0
	Avg overlap len: 0
	Min overlap len: 0
	Inner reads: 0
	Length: 3286
[2026-02-20 17:22:58] DEBUG: Inner: 22112 covered: 27710 total: 27858
[2026-02-20 17:22:58] DEBUG: Assembled disjointig 254
	With 2 reads
	Start read: +7e5d510e-8ddb-4be5-bdf1-8651472af215
	At position: 1
	leftTip: 1 rightTip: 0
	Suspicious: 1
	Short ext: 0
	Mean extensions: 2
	Avg overlap len: 1616
	Min overlap len: 1616
	Inner reads: 0
	Length: 7314
[2026-02-20 17:22:58] DEBUG: Inner: 22116 covered: 27756 total: 27858
[2026-02-20 17:22:58] DEBUG: Assembled disjointig 255
	With 1 reads
	Start read: +6e69c589-7ce8-4655-a4e9-3e3c073f0379
	At position: 1
	leftTip: 1 rightTip: 1
	Suspicious: 0
	Short ext: 0
	Mean extensions: 0
	Avg overlap len: 0
	Min overlap len: 0
	Inner reads: 0
	Length: 3417
[2026-02-20 17:22:58] DEBUG: Inner: 22118 covered: 27770 total: 27858
[2026-02-20 17:22:59] INFO: Assembled 255 disjointigs
[2026-02-20 17:22:59] INFO: Generating sequence
[2026-02-20 17:22:59] DEBUG: Building positional index
[2026-02-20 17:22:59] DEBUG: Total sequence: 6380212 bp
[2026-02-20 17:22:59] DEBUG: Mean k-mer frequency: 1.07646
[2026-02-20 17:22:59] DEBUG: Repetitive k-mer frequency: 107
[2026-02-20 17:22:59] DEBUG: Filtered 400 repetitive k-mers (0.000345055)
[2026-02-20 17:22:59] DEBUG: Sorting k-mer index
[2026-02-20 17:22:59] DEBUG: Selected k-mers: 1076897
[2026-02-20 17:22:59] DEBUG: K-mer index size: 1158835
[2026-02-20 17:22:59] DEBUG: Mean k-mer frequency: 1.07609
[2026-02-20 17:22:59] DEBUG: Minimizer rate: 5.50571
[2026-02-20 17:22:59] INFO: Filtering contained disjointigs
[2026-02-20 17:23:00] DEBUG: Computing transitive closure for overlaps
[2026-02-20 17:23:00] DEBUG: Found 716 overlaps
[2026-02-20 17:23:00] DEBUG: Left 312 overlaps after filtering
[2026-02-20 17:23:00] INFO: Contained seqs: 17
[2026-02-20 17:23:00] DEBUG: Writing FASTA
[2026-02-20 17:23:00] DEBUG: Peak RAM usage: 0 Gb
-----------End assembly log------------
[2026-02-20 17:23:00] root: DEBUG: Disjointigs length: 6204098, N50: 392811
[2026-02-20 17:23:00] root: INFO: >>>STAGE: consensus
[2026-02-20 17:23:00] root: INFO: Running Minimap2
[2026-02-20 17:23:03] root: INFO: Computing consensus
[2026-02-20 17:23:10] root: INFO: Alignment error rate: 0.016972
[2026-02-20 17:23:10] root: INFO: >>>STAGE: repeat
[2026-02-20 17:23:10] root: INFO: Building and resolving repeat graph
[2026-02-20 17:23:10] root: DEBUG: -----Begin repeat analyser log------
[2026-02-20 17:23:10] root: DEBUG: Running: flye-modules repeat --disjointigs /scratch/ky/characterization/results/barcode28/assembly/10-consensus/consensus.fasta --reads /scratch/ky/characterization/FASTQ/SQK-RBK114-96_barcode28.fastq --out-dir /scratch/ky/characterization/results/barcode28/assembly/20-repeat --config /data/softs/Miniforge3-25.11.0-0/envs/flye-2.9.6/lib/python3.12/site-packages/flye/config/bin_cfg/asm_nano_hq.cfg --log /scratch/ky/characterization/results/barcode28/assembly/flye.log --threads 16 --meta --min-ovlp 1000
[2026-02-20 17:23:10] DEBUG: Build date: May  4 2025 23:18:08
[2026-02-20 17:23:10] DEBUG: Total RAM: 251 Gb
[2026-02-20 17:23:10] DEBUG: Available RAM: 247 Gb
[2026-02-20 17:23:10] DEBUG: Total CPUs: 32
[2026-02-20 17:23:10] DEBUG: Loading /data/softs/Miniforge3-25.11.0-0/envs/flye-2.9.6/lib/python3.12/site-packages/flye/config/bin_cfg/asm_nano_hq.cfg
[2026-02-20 17:23:10] DEBUG: Loading /data/softs/Miniforge3-25.11.0-0/envs/flye-2.9.6/lib/python3.12/site-packages/flye/config/bin_cfg/asm_defaults.cfg
[2026-02-20 17:23:10] DEBUG: 	big_genome_threshold=29000000
[2026-02-20 17:23:10] DEBUG: 	meta_read_filter_kmer_freq=100
[2026-02-20 17:23:10] DEBUG: 	chain_large_gap_penalty=2
[2026-02-20 17:23:10] DEBUG: 	chain_small_gap_penalty=0.5
[2026-02-20 17:23:10] DEBUG: 	chain_gap_jump_threshold=100
[2026-02-20 17:23:10] DEBUG: 	max_jump_gap=500
[2026-02-20 17:23:10] DEBUG: 	max_coverage_drop_rate=5
[2026-02-20 17:23:10] DEBUG: 	max_extensions_drop_rate=5
[2026-02-20 17:23:10] DEBUG: 	chimera_window=100
[2026-02-20 17:23:10] DEBUG: 	chimera_overhang=1000
[2026-02-20 17:23:10] DEBUG: 	min_reads_in_disjointig=4
[2026-02-20 17:23:10] DEBUG: 	max_inner_reads=10
[2026-02-20 17:23:10] DEBUG: 	max_inner_fraction=0.25
[2026-02-20 17:23:10] DEBUG: 	aggressive_dup_filter=1
[2026-02-20 17:23:10] DEBUG: 	max_separation=500
[2026-02-20 17:23:10] DEBUG: 	unique_edge_length=50000
[2026-02-20 17:23:10] DEBUG: 	min_repeat_res_support=0.51
[2026-02-20 17:23:10] DEBUG: 	out_paths_ratio=5
[2026-02-20 17:23:10] DEBUG: 	graph_cov_drop_rate=5
[2026-02-20 17:23:10] DEBUG: 	coverage_estimate_window=100
[2026-02-20 17:23:10] DEBUG: 	max_bubble_length=50000
[2026-02-20 17:23:10] DEBUG: 	loop_coverage_rate=1.5
[2026-02-20 17:23:10] DEBUG: 	repeat_edge_cov_mult=1.75
[2026-02-20 17:23:10] DEBUG: 	weak_detach_rate=5
[2026-02-20 17:23:10] DEBUG: 	tip_coverage_rate=2
[2026-02-20 17:23:10] DEBUG: 	tip_length_rate=2
[2026-02-20 17:23:10] DEBUG: 	output_gfa_before_rr=1
[2026-02-20 17:23:10] DEBUG: 	remove_alt_edges=0
[2026-02-20 17:23:10] DEBUG: 	low_cutoff_warning=0
[2026-02-20 17:23:10] DEBUG: 	kmer_size=17
[2026-02-20 17:23:10] DEBUG: 	use_minimizers=1
[2026-02-20 17:23:10] DEBUG: 	minimizer_window=10
[2026-02-20 17:23:10] DEBUG: 	reads_base_alignment=1
[2026-02-20 17:23:10] DEBUG: 	meta_read_top_kmer_rate=0.75
[2026-02-20 17:23:10] DEBUG: 	maximum_jump=1500
[2026-02-20 17:23:10] DEBUG: 	maximum_overhang=1500
[2026-02-20 17:23:10] DEBUG: 	repeat_kmer_rate=100
[2026-02-20 17:23:10] DEBUG: 	assemble_ovlp_divergence=0.03
[2026-02-20 17:23:10] DEBUG: 	assemble_divergence_relative=1
[2026-02-20 17:23:10] DEBUG: 	repeat_graph_ovlp_divergence=0.03
[2026-02-20 17:23:10] DEBUG: 	read_align_ovlp_divergence=0.10
[2026-02-20 17:23:10] DEBUG: 	hpc_scoring_on=1
[2026-02-20 17:23:10] DEBUG: 	add_unassembled_reads=0
[2026-02-20 17:23:10] DEBUG: 	extend_contigs_with_repeats=0
[2026-02-20 17:23:10] DEBUG: 	min_read_cov_cutoff=3
[2026-02-20 17:23:10] DEBUG: 	short_tip_length=20000
[2026-02-20 17:23:10] DEBUG: 	long_tip_length=100000
[2026-02-20 17:23:10] DEBUG: Running with k-mer size: 17
[2026-02-20 17:23:10] DEBUG: Selected minimum overlap 1000
[2026-02-20 17:23:10] DEBUG: Metagenome mode: Y
[2026-02-20 17:23:10] INFO: Parsing disjointigs
[2026-02-20 17:23:10] DEBUG: Building positional index
[2026-02-20 17:23:10] DEBUG: Total sequence: 6200413 bp
[2026-02-20 17:23:10] INFO: Building repeat graph
[2026-02-20 17:23:10] DEBUG: Mean k-mer frequency: 1.05141
[2026-02-20 17:23:10] DEBUG: Repetitive k-mer frequency: 105
[2026-02-20 17:23:10] DEBUG: Filtered 256 repetitive k-mers (0.000227196)
[2026-02-20 17:23:11] DEBUG: Sorting k-mer index
[2026-02-20 17:23:11] DEBUG: Selected k-mers: 1071685
[2026-02-20 17:23:11] DEBUG: K-mer index size: 1126526
[2026-02-20 17:23:11] DEBUG: Mean k-mer frequency: 1.05117
[2026-02-20 17:23:11] DEBUG: Minimizer rate: 5.50401
[2026-02-20 17:23:11] DEBUG: Computing transitive closure for overlaps
[2026-02-20 17:23:11] DEBUG: Found 1102 overlaps
[2026-02-20 17:23:11] DEBUG: Left 460 overlaps after filtering
[2026-02-20 17:23:11] INFO: Median overlap divergence: 0.0795892
[2026-02-20 17:23:11] DEBUG: Sequence divergence distribution: 

    |*     |                                                                                             
    |*     |                                                                                             
    |*     |                                                                                             
    |*     |                                                                                             
    |*     |                                                                                             
    |*     |                                                                                             
    |*     |                                                                                             
    |*     |                                                                                             
    |**    |                                                                                             
    |**    |                                                                                             
    |**    |                                                                                             
    |**    |                                                                                             
    |**    |                                                                                             
    |**    |                                                                                             
    |**    |                                                                                             
    |***   |  *                  *                                                                       
    |*** * |* * *   *            *                        *   *          *                               
    |******|* ***   **  * *  *   ***                     **  **  *    *  *     *                         
    |******** ***   **  ***  **  ***  *     *      ** ** *** *** *    *  **    **   *                    
    |******** ***   **  ***  **  ***  *     *      ** ** *** *** *    *  **    **   *                    
    ----------------------------------------------------------------------------------------------------
    0%        5%        10%       15%       20%       25%       30%       35%       40%       45%       

    Q25 = 0.011, Q50 = 0.08, Q75 = 0.25

[2026-02-20 17:23:11] DEBUG: Computing gluepoints
[2026-02-20 17:23:11] DEBUG: Added 1 gluepoint projections
[2026-02-20 17:23:11] DEBUG: Added 0 gluepoint projections
[2026-02-20 17:23:11] DEBUG: Created 1184 gluepoints
[2026-02-20 17:23:11] DEBUG: Artificial loops removed: 2 left, 2 right, 2 both
[2026-02-20 17:23:11] DEBUG: Initializing edges
[2026-02-20 17:23:11] DEBUG: Edges length checksum: 16816684111
[2026-02-20 17:23:11] DEBUG: Filtered 0 singleton segments
[2026-02-20 17:23:11] DEBUG: Removed 0 simple and 0 double chimeric junctions
[2026-02-20 17:23:11] DEBUG: Collapsed 16 edges
[2026-02-20 17:23:11] DEBUG: *	1	+disjointig_1	0	13903	13903	
[2026-02-20 17:23:11] DEBUG: *	287	+disjointig_10	2337	335073	332736	
[2026-02-20 17:23:11] DEBUG:  	288	+disjointig_10	335073	340155	5082	
[2026-02-20 17:23:11] DEBUG: *	5	+disjointig_10	340155	356810	16655	
[2026-02-20 17:23:11] DEBUG:  	288	+disjointig_10	356810	361894	5084	
[2026-02-20 17:23:11] DEBUG: *	6	+disjointig_10	361894	416838	54944	
[2026-02-20 17:23:11] DEBUG:  	288	+disjointig_10	416838	421736	4898	
[2026-02-20 17:23:11] DEBUG:  	7	+disjointig_10	421736	422662	926	
[2026-02-20 17:23:11] DEBUG:  	288	+disjointig_10	422662	427565	4903	
[2026-02-20 17:23:11] DEBUG: *	21	+disjointig_100	0	14907	14907	
[2026-02-20 17:23:11] DEBUG: *	22	+disjointig_101	0	3936	3936	
[2026-02-20 17:23:11] DEBUG: *	23	+disjointig_102	0	2298	2298	
[2026-02-20 17:23:11] DEBUG: *	24	+disjointig_103	0	4406	4406	
[2026-02-20 17:23:11] DEBUG: *	25	+disjointig_104	0	4762	4762	
[2026-02-20 17:23:11] DEBUG: *	26	+disjointig_105	0	2234	2234	
[2026-02-20 17:23:11] DEBUG: *	27	+disjointig_107	0	8977	8977	
[2026-02-20 17:23:11] DEBUG: *	28	+disjointig_108	0	4477	4477	
[2026-02-20 17:23:11] DEBUG: *	29	+disjointig_109	0	7052	7052	
[2026-02-20 17:23:11] DEBUG: *	30	+disjointig_11	0	139993	139993	
[2026-02-20 17:23:11] DEBUG:  	31	+disjointig_11	139993	141274	1281	
[2026-02-20 17:23:11] DEBUG: *	-11	+disjointig_11	141274	203978	62704	
[2026-02-20 17:23:11] DEBUG:  	-7	+disjointig_11	203978	204839	861	
[2026-02-20 17:23:11] DEBUG:  	-288	+disjointig_11	204839	209797	4958	
[2026-02-20 17:23:11] DEBUG: *	17	+disjointig_11	209797	690581	480784	
[2026-02-20 17:23:11] DEBUG:  	36	+disjointig_11	690581	691890	1309	
[2026-02-20 17:23:11] DEBUG: *	-37	+disjointig_11	691890	693664	1774	
[2026-02-20 17:23:11] DEBUG:  	36	+disjointig_11	693664	694968	1304	
[2026-02-20 17:23:11] DEBUG: *	286	+disjointig_11	694968	979134	284166	
[2026-02-20 17:23:11] DEBUG: *	38	+disjointig_110	0	7693	7693	
[2026-02-20 17:23:11] DEBUG: *	39	+disjointig_111	0	2351	2351	
[2026-02-20 17:23:11] DEBUG: *	40	+disjointig_112	0	4883	4883	
[2026-02-20 17:23:11] DEBUG: *	41	+disjointig_113	0	2349	2349	
[2026-02-20 17:23:11] DEBUG: *	42	+disjointig_114	0	9575	9575	
[2026-02-20 17:23:11] DEBUG: *	43	+disjointig_115	0	16909	16909	
[2026-02-20 17:23:11] DEBUG: *	44	+disjointig_116	0	2962	2962	
[2026-02-20 17:23:11] DEBUG: *	45	+disjointig_117	0	2430	2430	
[2026-02-20 17:23:11] DEBUG: *	46	+disjointig_119	0	2637	2637	
[2026-02-20 17:23:11] DEBUG: *	47	+disjointig_12	0	3481	3481	
[2026-02-20 17:23:11] DEBUG: *	48	+disjointig_120	0	24457	24457	
[2026-02-20 17:23:11] DEBUG: *	49	+disjointig_121	0	2627	2627	
[2026-02-20 17:23:11] DEBUG: *	50	+disjointig_122	0	11633	11633	
[2026-02-20 17:23:11] DEBUG: *	51	+disjointig_123	0	32078	32078	
[2026-02-20 17:23:11] DEBUG: *	52	+disjointig_124	0	9899	9899	
[2026-02-20 17:23:11] DEBUG: *	53	+disjointig_125	0	2604	2604	
[2026-02-20 17:23:11] DEBUG: *	54	+disjointig_126	0	26101	26101	
[2026-02-20 17:23:11] DEBUG: *	55	+disjointig_127	0	8571	8571	
[2026-02-20 17:23:11] DEBUG: *	56	+disjointig_128	0	9282	9282	
[2026-02-20 17:23:11] DEBUG: *	57	+disjointig_129	0	18946	18946	
[2026-02-20 17:23:11] DEBUG: *	58	+disjointig_13	0	278422	278422	
[2026-02-20 17:23:11] DEBUG:  	59	+disjointig_13	278422	279686	1264	
[2026-02-20 17:23:11] DEBUG: *	-60	+disjointig_13	279686	289151	9465	
[2026-02-20 17:23:11] DEBUG:  	59	+disjointig_13	289151	290414	1263	
[2026-02-20 17:23:11] DEBUG:  	62	+disjointig_13	290414	291889	1475	
[2026-02-20 17:23:11] DEBUG: *	63	+disjointig_13	291889	299590	7701	
[2026-02-20 17:23:11] DEBUG: *	65	+disjointig_130	0	14577	14577	
[2026-02-20 17:23:11] DEBUG: *	66	+disjointig_131	0	5167	5167	
[2026-02-20 17:23:11] DEBUG: *	67	+disjointig_132	0	2256	2256	
[2026-02-20 17:23:11] DEBUG: *	68	+disjointig_134	0	3622	3622	
[2026-02-20 17:23:11] DEBUG:  	294	+disjointig_135	146	4143	3997	
[2026-02-20 17:23:11] DEBUG:  	-71	+disjointig_135	4143	5450	1307	
[2026-02-20 17:23:11] DEBUG:  	294	+disjointig_135	5450	9774	4324	
[2026-02-20 17:23:11] DEBUG:  	-71	+disjointig_135	9774	11074	1300	
[2026-02-20 17:23:11] DEBUG:  	294	+disjointig_135	11074	15419	4345	
[2026-02-20 17:23:11] DEBUG:  	-71	+disjointig_135	15419	16560	1141	
[2026-02-20 17:23:11] DEBUG: *	74	+disjointig_136	0	18782	18782	
[2026-02-20 17:23:11] DEBUG: *	75	+disjointig_137	0	8002	8002	
[2026-02-20 17:23:11] DEBUG: *	76	+disjointig_138	0	3630	3630	
[2026-02-20 17:23:11] DEBUG: *	77	+disjointig_139	0	3033	3033	
[2026-02-20 17:23:11] DEBUG: *	78	+disjointig_14	0	8300	8300	
[2026-02-20 17:23:11] DEBUG: *	79	+disjointig_140	0	5928	5928	
[2026-02-20 17:23:11] DEBUG: *	80	+disjointig_141	0	2682	2682	
[2026-02-20 17:23:11] DEBUG: *	81	+disjointig_142	0	12194	12194	
[2026-02-20 17:23:11] DEBUG: *	82	+disjointig_144	0	2370	2370	
[2026-02-20 17:23:11] DEBUG: *	83	+disjointig_145	0	5535	5535	
[2026-02-20 17:23:11] DEBUG: *	84	+disjointig_146	0	2421	2421	
[2026-02-20 17:23:11] DEBUG: *	85	+disjointig_147	0	15705	15705	
[2026-02-20 17:23:11] DEBUG: *	86	+disjointig_149	0	2259	2259	
[2026-02-20 17:23:11] DEBUG: *	295	+disjointig_15	0	286534	286534	
[2026-02-20 17:23:11] DEBUG: *	90	+disjointig_150	0	12159	12159	
[2026-02-20 17:23:11] DEBUG: *	91	+disjointig_151	0	21229	21229	
[2026-02-20 17:23:11] DEBUG: *	92	+disjointig_152	0	4420	4420	
[2026-02-20 17:23:11] DEBUG: *	297	+disjointig_153	0	9162	9162	
[2026-02-20 17:23:11] DEBUG: *	95	+disjointig_153	9162	10983	1821	
[2026-02-20 17:23:11] DEBUG: *	96	+disjointig_154	0	2828	2828	
[2026-02-20 17:23:11] DEBUG: *	97	+disjointig_155	0	7852	7852	
[2026-02-20 17:23:11] DEBUG: *	98	+disjointig_156	0	11702	11702	
[2026-02-20 17:23:11] DEBUG: *	99	+disjointig_157	0	12203	12203	
[2026-02-20 17:23:11] DEBUG: *	100	+disjointig_158	0	2292	2292	
[2026-02-20 17:23:11] DEBUG: *	101	+disjointig_159	0	7316	7316	
[2026-02-20 17:23:11] DEBUG: *	102	+disjointig_160	0	2278	2278	
[2026-02-20 17:23:11] DEBUG: *	103	+disjointig_161	0	3295	3295	
[2026-02-20 17:23:11] DEBUG: *	104	+disjointig_162	0	5338	5338	
[2026-02-20 17:23:11] DEBUG: *	105	+disjointig_163	0	9175	9175	
[2026-02-20 17:23:11] DEBUG: *	106	+disjointig_166	0	6218	6218	
[2026-02-20 17:23:11] DEBUG: *	107	+disjointig_167	0	15667	15667	
[2026-02-20 17:23:11] DEBUG: *	108	+disjointig_168	0	2948	2948	
[2026-02-20 17:23:11] DEBUG: *	109	+disjointig_169	0	11079	11079	
[2026-02-20 17:23:11] DEBUG: *	110	+disjointig_17	0	17336	17336	
[2026-02-20 17:23:11] DEBUG: *	111	+disjointig_170	0	2501	2501	
[2026-02-20 17:23:11] DEBUG: *	112	+disjointig_171	0	2936	2936	
[2026-02-20 17:23:11] DEBUG: *	113	+disjointig_172	0	2783	2783	
[2026-02-20 17:23:11] DEBUG: *	114	+disjointig_173	0	3764	3764	
[2026-02-20 17:23:11] DEBUG: *	115	+disjointig_174	0	6545	6545	
[2026-02-20 17:23:11] DEBUG: *	116	+disjointig_175	0	2587	2587	
[2026-02-20 17:23:11] DEBUG: *	117	+disjointig_176	0	3239	3239	
[2026-02-20 17:23:11] DEBUG: *	118	+disjointig_177	0	4653	4653	
[2026-02-20 17:23:11] DEBUG: *	119	+disjointig_178	0	6418	6418	
[2026-02-20 17:23:11] DEBUG: *	120	+disjointig_179	0	2413	2413	
[2026-02-20 17:23:11] DEBUG: *	121	+disjointig_18	0	5948	5948	
[2026-02-20 17:23:11] DEBUG: *	122	+disjointig_180	0	7499	7499	
[2026-02-20 17:23:11] DEBUG: *	123	+disjointig_181	0	7503	7503	
[2026-02-20 17:23:11] DEBUG: *	124	+disjointig_182	0	2918	2918	
[2026-02-20 17:23:11] DEBUG: *	125	+disjointig_183	0	12250	12250	
[2026-02-20 17:23:11] DEBUG: *	126	+disjointig_184	0	14584	14584	
[2026-02-20 17:23:11] DEBUG: *	127	+disjointig_185	0	4831	4831	
[2026-02-20 17:23:11] DEBUG: *	128	+disjointig_186	0	7281	7281	
[2026-02-20 17:23:11] DEBUG: *	129	+disjointig_187	0	6418	6418	
[2026-02-20 17:23:11] DEBUG: *	130	+disjointig_188	0	7465	7465	
[2026-02-20 17:23:11] DEBUG: *	131	+disjointig_189	0	9920	9920	
[2026-02-20 17:23:11] DEBUG: *	132	+disjointig_19	0	5578	5578	
[2026-02-20 17:23:11] DEBUG: *	133	+disjointig_190	0	15088	15088	
[2026-02-20 17:23:11] DEBUG: *	134	+disjointig_191	0	8678	8678	
[2026-02-20 17:23:11] DEBUG: *	135	+disjointig_192	0	6072	6072	
[2026-02-20 17:23:11] DEBUG: *	136	+disjointig_193	0	5355	5355	
[2026-02-20 17:23:11] DEBUG: *	137	+disjointig_194	0	7927	7927	
[2026-02-20 17:23:11] DEBUG: *	138	+disjointig_195	0	5656	5656	
[2026-02-20 17:23:11] DEBUG: *	139	+disjointig_196	0	2783	2783	
[2026-02-20 17:23:11] DEBUG: *	140	+disjointig_197	0	8813	8813	
[2026-02-20 17:23:11] DEBUG: *	141	+disjointig_198	0	4612	4612	
[2026-02-20 17:23:11] DEBUG: *	-72	+disjointig_2	2910	4217	1307	
[2026-02-20 17:23:11] DEBUG:  	294	+disjointig_2	4217	8247	4030	
[2026-02-20 17:23:11] DEBUG:  	-71	+disjointig_2	8247	9559	1312	
[2026-02-20 17:23:11] DEBUG: *	142	+disjointig_20	0	91557	91557	
[2026-02-20 17:23:11] DEBUG: *	146	+disjointig_200	0	12947	12947	
[2026-02-20 17:23:11] DEBUG: *	147	+disjointig_201	0	3772	3772	
[2026-02-20 17:23:11] DEBUG: *	148	+disjointig_202	0	4008	4008	
[2026-02-20 17:23:11] DEBUG: *	149	+disjointig_203	0	2240	2240	
[2026-02-20 17:23:11] DEBUG: *	150	+disjointig_204	0	2430	2430	
[2026-02-20 17:23:11] DEBUG: *	151	+disjointig_205	0	6467	6467	
[2026-02-20 17:23:11] DEBUG: *	152	+disjointig_206	0	2466	2466	
[2026-02-20 17:23:11] DEBUG: *	153	+disjointig_207	0	5909	5909	
[2026-02-20 17:23:11] DEBUG: *	154	+disjointig_208	0	2584	2584	
[2026-02-20 17:23:11] DEBUG: *	155	+disjointig_209	0	10430	10430	
[2026-02-20 17:23:11] DEBUG: *	156	+disjointig_21	0	10546	10546	
[2026-02-20 17:23:11] DEBUG: *	157	+disjointig_210	0	11166	11166	
[2026-02-20 17:23:11] DEBUG: *	158	+disjointig_211	0	5965	5965	
[2026-02-20 17:23:11] DEBUG: *	159	+disjointig_212	0	3455	3455	
[2026-02-20 17:23:11] DEBUG: *	160	+disjointig_213	0	3849	3849	
[2026-02-20 17:23:11] DEBUG: *	161	+disjointig_214	0	2505	2505	
[2026-02-20 17:23:11] DEBUG: *	162	+disjointig_215	0	6906	6906	
[2026-02-20 17:23:11] DEBUG: *	163	+disjointig_216	0	4208	4208	
[2026-02-20 17:23:11] DEBUG: *	164	+disjointig_217	0	14470	14470	
[2026-02-20 17:23:11] DEBUG: *	165	+disjointig_218	0	2193	2193	
[2026-02-20 17:23:11] DEBUG: *	166	+disjointig_22	0	29992	29992	
[2026-02-20 17:23:11] DEBUG: *	167	+disjointig_220	0	4009	4009	
[2026-02-20 17:23:11] DEBUG: *	168	+disjointig_221	0	2977	2977	
[2026-02-20 17:23:11] DEBUG: *	169	+disjointig_222	0	12690	12690	
[2026-02-20 17:23:11] DEBUG: *	170	+disjointig_223	0	2685	2685	
[2026-02-20 17:23:11] DEBUG: *	171	+disjointig_224	0	8699	8699	
[2026-02-20 17:23:11] DEBUG: *	172	+disjointig_225	0	2345	2345	
[2026-02-20 17:23:11] DEBUG: *	173	+disjointig_227	0	7234	7234	
[2026-02-20 17:23:11] DEBUG: *	174	+disjointig_228	0	3339	3339	
[2026-02-20 17:23:11] DEBUG: *	175	+disjointig_229	0	2327	2327	
[2026-02-20 17:23:11] DEBUG: *	176	+disjointig_23	0	2271	2271	
[2026-02-20 17:23:11] DEBUG: *	177	+disjointig_230	0	2246	2246	
[2026-02-20 17:23:11] DEBUG: *	178	+disjointig_231	0	16619	16619	
[2026-02-20 17:23:11] DEBUG: *	179	+disjointig_232	0	6668	6668	
[2026-02-20 17:23:11] DEBUG: *	180	+disjointig_233	0	8715	8715	
[2026-02-20 17:23:11] DEBUG: *	181	+disjointig_234	0	11935	11935	
[2026-02-20 17:23:11] DEBUG: *	182	+disjointig_235	0	9321	9321	
[2026-02-20 17:23:11] DEBUG: *	183	+disjointig_236	0	3866	3866	
[2026-02-20 17:23:11] DEBUG: *	184	+disjointig_237	0	5627	5627	
[2026-02-20 17:23:11] DEBUG: *	185	+disjointig_238	0	2364	2364	
[2026-02-20 17:23:11] DEBUG: *	186	+disjointig_239	0	8100	8100	
[2026-02-20 17:23:11] DEBUG: *	187	+disjointig_24	0	2246	2246	
[2026-02-20 17:23:11] DEBUG: *	188	+disjointig_240	0	3024	3024	
[2026-02-20 17:23:11] DEBUG: *	189	+disjointig_241	0	5419	5419	
[2026-02-20 17:23:11] DEBUG: *	190	+disjointig_242	0	7102	7102	
[2026-02-20 17:23:11] DEBUG: *	191	+disjointig_243	0	10925	10925	
[2026-02-20 17:23:11] DEBUG: *	192	+disjointig_244	0	5752	5752	
[2026-02-20 17:23:11] DEBUG: *	193	+disjointig_245	0	2210	2210	
[2026-02-20 17:23:11] DEBUG: *	194	+disjointig_246	0	11455	11455	
[2026-02-20 17:23:11] DEBUG: *	195	+disjointig_247	0	2778	2778	
[2026-02-20 17:23:11] DEBUG: *	196	+disjointig_248	0	11754	11754	
[2026-02-20 17:23:11] DEBUG: *	197	+disjointig_249	0	7368	7368	
[2026-02-20 17:23:11] DEBUG: *	-34	+disjointig_25	0	111758	111758	
[2026-02-20 17:23:11] DEBUG:  	-31	+disjointig_25	111758	113028	1270	
[2026-02-20 17:23:11] DEBUG: *	32	+disjointig_25	113028	342049	229021	
[2026-02-20 17:23:11] DEBUG:  	-31	+disjointig_25	342049	343330	1281	
[2026-02-20 17:23:11] DEBUG: *	33	+disjointig_25	343330	688813	345483	
[2026-02-20 17:23:11] DEBUG: *	198	+disjointig_250	0	6381	6381	
[2026-02-20 17:23:11] DEBUG: *	199	+disjointig_251	0	4183	4183	
[2026-02-20 17:23:11] DEBUG: *	200	+disjointig_252	0	3009	3009	
[2026-02-20 17:23:11] DEBUG: *	201	+disjointig_253	0	3287	3287	
[2026-02-20 17:23:11] DEBUG: *	202	+disjointig_255	0	3404	3404	
[2026-02-20 17:23:11] DEBUG: *	292	+disjointig_26	3312	120516	117204	
[2026-02-20 17:23:11] DEBUG: *	207	+disjointig_27	0	5517	5517	
[2026-02-20 17:23:11] DEBUG: *	208	+disjointig_28	0	2246	2246	
[2026-02-20 17:23:11] DEBUG: *	209	+disjointig_29	0	6330	6330	
[2026-02-20 17:23:11] DEBUG: *	300	+disjointig_3	10255	57759	47504	
[2026-02-20 17:23:11] DEBUG: *	213	+disjointig_30	0	2215	2215	
[2026-02-20 17:23:11] DEBUG: *	214	+disjointig_31	0	2333	2333	
[2026-02-20 17:23:11] DEBUG: *	215	+disjointig_32	0	10194	10194	
[2026-02-20 17:23:11] DEBUG: *	216	+disjointig_33	0	4861	4861	
[2026-02-20 17:23:11] DEBUG: *	217	+disjointig_34	0	7759	7759	
[2026-02-20 17:23:11] DEBUG: *	218	+disjointig_35	0	18334	18334	
[2026-02-20 17:23:11] DEBUG: *	219	+disjointig_36	0	2669	2669	
[2026-02-20 17:23:11] DEBUG: *	220	+disjointig_37	0	33675	33675	
[2026-02-20 17:23:11] DEBUG: *	221	+disjointig_38	0	7741	7741	
[2026-02-20 17:23:11] DEBUG: *	222	+disjointig_39	0	3825	3825	
[2026-02-20 17:23:11] DEBUG: *	-291	+disjointig_4	0	65959	65959	
[2026-02-20 17:23:11] DEBUG:  	288	+disjointig_4	65959	70962	5003	
[2026-02-20 17:23:11] DEBUG: *	12	+disjointig_4	70962	115395	44433	
[2026-02-20 17:23:11] DEBUG: *	223	+disjointig_40	0	6939	6939	
[2026-02-20 17:23:11] DEBUG:  	301	+disjointig_41	3210	11370	8160	
[2026-02-20 17:23:11] DEBUG: *	226	+disjointig_42	0	5269	5269	
[2026-02-20 17:23:11] DEBUG: *	227	+disjointig_43	0	19205	19205	
[2026-02-20 17:23:11] DEBUG: *	228	+disjointig_45	0	6902	6902	
[2026-02-20 17:23:11] DEBUG: *	229	+disjointig_46	0	6228	6228	
[2026-02-20 17:23:11] DEBUG: *	230	+disjointig_47	0	5165	5165	
[2026-02-20 17:23:11] DEBUG: *	231	+disjointig_48	0	7717	7717	
[2026-02-20 17:23:11] DEBUG: *	232	+disjointig_49	0	8632	8632	
[2026-02-20 17:23:11] DEBUG: *	-64	+disjointig_5	0	387326	387326	
[2026-02-20 17:23:11] DEBUG:  	-62	+disjointig_5	387326	388840	1514	
[2026-02-20 17:23:11] DEBUG:  	-59	+disjointig_5	388840	390126	1286	
[2026-02-20 17:23:11] DEBUG: *	61	+disjointig_5	390126	392992	2866	
[2026-02-20 17:23:11] DEBUG: *	233	+disjointig_50	0	8811	8811	
[2026-02-20 17:23:11] DEBUG: *	234	+disjointig_51	0	15040	15040	
[2026-02-20 17:23:11] DEBUG: *	235	+disjointig_52	0	5072	5072	
[2026-02-20 17:23:11] DEBUG: *	236	+disjointig_53	0	2677	2677	
[2026-02-20 17:23:11] DEBUG: *	237	+disjointig_54	0	6673	6673	
[2026-02-20 17:23:11] DEBUG: *	238	+disjointig_55	0	9997	9997	
[2026-02-20 17:23:11] DEBUG: *	239	+disjointig_56	0	16370	16370	
[2026-02-20 17:23:11] DEBUG: *	240	+disjointig_57	0	8845	8845	
[2026-02-20 17:23:11] DEBUG: *	241	+disjointig_58	0	84225	84225	
[2026-02-20 17:23:11] DEBUG: *	242	+disjointig_59	0	9302	9302	
[2026-02-20 17:23:11] DEBUG: *	296	+disjointig_6	9602	54542	44940	
[2026-02-20 17:23:11] DEBUG:  	243	+disjointig_6	54542	55678	1136	
[2026-02-20 17:23:11] DEBUG: *	-244	+disjointig_6	55678	79207	23529	
[2026-02-20 17:23:11] DEBUG:  	243	+disjointig_6	79207	80344	1137	
[2026-02-20 17:23:11] DEBUG: *	-298	+disjointig_6	80344	148802	68458	
[2026-02-20 17:23:11] DEBUG: *	144	+disjointig_6	148802	150856	2054	
[2026-02-20 17:23:11] DEBUG: *	245	+disjointig_60	0	2476	2476	
[2026-02-20 17:23:11] DEBUG: *	246	+disjointig_61	0	6756	6756	
[2026-02-20 17:23:11] DEBUG: *	247	+disjointig_62	0	37341	37341	
[2026-02-20 17:23:11] DEBUG: *	248	+disjointig_63	0	16904	16904	
[2026-02-20 17:23:11] DEBUG: *	249	+disjointig_64	0	9152	9152	
[2026-02-20 17:23:11] DEBUG: *	250	+disjointig_65	0	12561	12561	
[2026-02-20 17:23:11] DEBUG: *	251	+disjointig_66	0	2507	2507	
[2026-02-20 17:23:11] DEBUG: *	252	+disjointig_67	0	15088	15088	
[2026-02-20 17:23:11] DEBUG: *	253	+disjointig_68	0	12971	12971	
[2026-02-20 17:23:11] DEBUG: *	-299	+disjointig_69	0	13360	13360	
[2026-02-20 17:23:11] DEBUG: *	254	+disjointig_71	0	2489	2489	
[2026-02-20 17:23:11] DEBUG: *	255	+disjointig_72	0	2440	2440	
[2026-02-20 17:23:11] DEBUG: *	256	+disjointig_73	0	2433	2433	
[2026-02-20 17:23:11] DEBUG: *	257	+disjointig_74	0	5768	5768	
[2026-02-20 17:23:11] DEBUG: *	258	+disjointig_76	0	2338	2338	
[2026-02-20 17:23:11] DEBUG: *	259	+disjointig_77	0	5954	5954	
[2026-02-20 17:23:11] DEBUG: *	260	+disjointig_78	0	10242	10242	
[2026-02-20 17:23:11] DEBUG: *	261	+disjointig_79	0	5921	5921	
[2026-02-20 17:23:11] DEBUG: *	289	+disjointig_8	37	60180	60143	
[2026-02-20 17:23:11] DEBUG:  	288	+disjointig_8	60180	65083	4903	
[2026-02-20 17:23:11] DEBUG:  	8	+disjointig_8	65083	118454	53371	
[2026-02-20 17:23:11] DEBUG:  	288	+disjointig_8	118454	123341	4887	
[2026-02-20 17:23:11] DEBUG:  	7	+disjointig_8	123341	124287	946	
[2026-02-20 17:23:11] DEBUG:  	288	+disjointig_8	124287	129187	4900	
[2026-02-20 17:23:11] DEBUG: *	263	+disjointig_80	0	6201	6201	
[2026-02-20 17:23:11] DEBUG: *	264	+disjointig_81	0	4092	4092	
[2026-02-20 17:23:11] DEBUG: *	265	+disjointig_82	0	19211	19211	
[2026-02-20 17:23:11] DEBUG: *	266	+disjointig_84	0	25764	25764	
[2026-02-20 17:23:11] DEBUG: *	267	+disjointig_85	0	11110	11110	
[2026-02-20 17:23:11] DEBUG: *	268	+disjointig_86	0	3147	3147	
[2026-02-20 17:23:11] DEBUG: *	269	+disjointig_87	0	3155	3155	
[2026-02-20 17:23:11] DEBUG: *	270	+disjointig_88	0	3631	3631	
[2026-02-20 17:23:11] DEBUG: *	271	+disjointig_89	0	3142	3142	
[2026-02-20 17:23:11] DEBUG: *	293	+disjointig_9	14927	82091	67164	
[2026-02-20 17:23:11] DEBUG: *	-290	+disjointig_9	82091	108390	26299	
[2026-02-20 17:23:11] DEBUG:  	-288	+disjointig_9	108390	113294	4904	
[2026-02-20 17:23:11] DEBUG: *	16	+disjointig_9	113294	339237	225943	
[2026-02-20 17:23:11] DEBUG:  	31	+disjointig_9	339237	340518	1281	
[2026-02-20 17:23:11] DEBUG: *	35	+disjointig_9	340518	355512	14994	
[2026-02-20 17:23:11] DEBUG:  	275	+disjointig_9	355512	357395	1883	
[2026-02-20 17:23:11] DEBUG: *	-276	+disjointig_9	357395	366279	8884	
[2026-02-20 17:23:11] DEBUG:  	275	+disjointig_9	366279	368162	1883	
[2026-02-20 17:23:11] DEBUG: *	-14	+disjointig_9	368162	535767	167605	
[2026-02-20 17:23:11] DEBUG:  	-288	+disjointig_9	535767	540676	4909	
[2026-02-20 17:23:11] DEBUG:  	-8	+disjointig_9	540676	593743	53067	
[2026-02-20 17:23:11] DEBUG:  	-288	+disjointig_9	593743	598647	4904	
[2026-02-20 17:23:11] DEBUG: *	277	+disjointig_90	0	5471	5471	
[2026-02-20 17:23:11] DEBUG: *	278	+disjointig_91	0	4496	4496	
[2026-02-20 17:23:11] DEBUG: *	279	+disjointig_92	0	2840	2840	
[2026-02-20 17:23:11] DEBUG: *	280	+disjointig_93	0	12348	12348	
[2026-02-20 17:23:11] DEBUG: *	281	+disjointig_94	0	5312	5312	
[2026-02-20 17:23:11] DEBUG: *	-273	+disjointig_95	0	2000	2000	
[2026-02-20 17:23:11] DEBUG: *	282	+disjointig_96	0	3428	3428	
[2026-02-20 17:23:11] DEBUG: *	283	+disjointig_97	0	2229	2229	
[2026-02-20 17:23:11] DEBUG: *	284	+disjointig_98	0	3343	3343	
[2026-02-20 17:23:11] DEBUG: *	285	+disjointig_99	0	4519	4519	
[2026-02-20 17:23:11] DEBUG: Total edges: 301
[2026-02-20 17:23:11] INFO: Parsing reads
[2026-02-20 17:23:11] DEBUG: Building positional index
[2026-02-20 17:23:11] DEBUG: Total sequence: 66079284 bp
[2026-02-20 17:23:11] DEBUG: Building positional index
[2026-02-20 17:23:11] DEBUG: Total sequence: 6071267 bp
[2026-02-20 17:23:11] INFO: Aligning reads to the graph
[2026-02-20 17:23:11] DEBUG: Mean k-mer frequency: 1.03082
[2026-02-20 17:23:11] DEBUG: Repetitive k-mer frequency: 103
[2026-02-20 17:23:11] DEBUG: Filtered 256 repetitive k-mers (0.000232074)
[2026-02-20 17:23:12] DEBUG: Sorting k-mer index
[2026-02-20 17:23:12] DEBUG: Selected k-mers: 1070112
[2026-02-20 17:23:12] DEBUG: K-mer index size: 1102842
[2026-02-20 17:23:12] DEBUG: Mean k-mer frequency: 1.03059
[2026-02-20 17:23:12] DEBUG: Minimizer rate: 5.50511
[2026-02-20 17:23:14] DEBUG: Total reads : 13929
[2026-02-20 17:23:14] DEBUG: Read with aligned parts : 12487
[2026-02-20 17:23:14] DEBUG: Aligned in one piece : 12456
[2026-02-20 17:23:14] INFO: Aligned read sequence: 53772379 / 57689895 (0.932094)
[2026-02-20 17:23:14] INFO: Median overlap divergence: 0.00478953
[2026-02-20 17:23:14] DEBUG: Sequence divergence distribution: 

    |*                   |                                                                               
    |*                   |                                                                               
    |*                   |                                                                               
    |*                   |                                                                               
    |*                   |                                                                               
    |*                   |                                                                               
    |*                   |                                                                               
    |*                   |                                                                               
    |*                   |                                                                               
    |*                   |                                                                               
    |**                  |                                                                               
    |**                  |                                                                               
    |**                  |                                                                               
    |**                  |                                                                               
    |**                  |                                                                               
    |**                  |                                                                               
    |***                 |                                                                               
    |***                 |                                                                               
    |****                |                                                                               
    |***************************                                    *       *    *     *                 
    ----------------------------------------------------------------------------------------------------
    0%        5%        10%       15%       20%       25%       30%       35%       40%       45%       

    Q25 = 0.0025, Q50 = 0.0048, Q75 = 0.0091

[2026-02-20 17:23:14] INFO: Mean edge coverage: 8
[2026-02-20 17:23:14] DEBUG: 1	len:13903	cov:2	mult:0.25
[2026-02-20 17:23:14] DEBUG: -1	len:13903	cov:2	mult:0.25
[2026-02-20 17:23:14] DEBUG: 5	len:16655	cov:15	mult:1.875
[2026-02-20 17:23:14] DEBUG: -5	len:16655	cov:15	mult:1.875
[2026-02-20 17:23:14] DEBUG: 6	len:54944	cov:12	mult:1.5
[2026-02-20 17:23:14] DEBUG: -6	len:54944	cov:12	mult:1.5
[2026-02-20 17:23:14] DEBUG: 7	len:911	cov:29	mult:3.625
[2026-02-20 17:23:14] DEBUG: -7	len:911	cov:29	mult:3.625
[2026-02-20 17:23:14] DEBUG: 8	len:53219	cov:16	mult:2
[2026-02-20 17:23:14] DEBUG: -8	len:53219	cov:16	mult:2
[2026-02-20 17:23:14] DEBUG: 11	len:62704	cov:11	mult:1.375
[2026-02-20 17:23:14] DEBUG: -11	len:62704	cov:11	mult:1.375
[2026-02-20 17:23:14] DEBUG: 12	len:44433	cov:9	mult:1.125
[2026-02-20 17:23:14] DEBUG: -12	len:44433	cov:9	mult:1.125
[2026-02-20 17:23:14] DEBUG: 14	len:167605	cov:12	mult:1.5
[2026-02-20 17:23:14] DEBUG: -14	len:167605	cov:12	mult:1.5
[2026-02-20 17:23:14] DEBUG: 16	len:225943	cov:12	mult:1.5
[2026-02-20 17:23:14] DEBUG: -16	len:225943	cov:12	mult:1.5
[2026-02-20 17:23:14] DEBUG: 17	len:480784	cov:10	mult:1.25
[2026-02-20 17:23:14] DEBUG: -17	len:480784	cov:10	mult:1.25
[2026-02-20 17:23:14] DEBUG: 21	len:14907	cov:2	mult:0.25
[2026-02-20 17:23:14] DEBUG: -21	len:14907	cov:2	mult:0.25
[2026-02-20 17:23:14] DEBUG: 22	len:3936	cov:2	mult:0.25
[2026-02-20 17:23:14] DEBUG: -22	len:3936	cov:2	mult:0.25
[2026-02-20 17:23:14] DEBUG: 23	len:2298	cov:2	mult:0.25
[2026-02-20 17:23:14] DEBUG: -23	len:2298	cov:2	mult:0.25
[2026-02-20 17:23:14] DEBUG: 24	len:4406	cov:2	mult:0.25
[2026-02-20 17:23:14] DEBUG: -24	len:4406	cov:2	mult:0.25
[2026-02-20 17:23:14] DEBUG: 25	len:4762	cov:2	mult:0.25
[2026-02-20 17:23:14] DEBUG: -25	len:4762	cov:2	mult:0.25
[2026-02-20 17:23:14] DEBUG: 26	len:2234	cov:2	mult:0.25
[2026-02-20 17:23:14] DEBUG: -26	len:2234	cov:2	mult:0.25
[2026-02-20 17:23:14] DEBUG: 27	len:8977	cov:2	mult:0.25
[2026-02-20 17:23:14] DEBUG: -27	len:8977	cov:2	mult:0.25
[2026-02-20 17:23:14] DEBUG: 28	len:4477	cov:2	mult:0.25
[2026-02-20 17:23:14] DEBUG: -28	len:4477	cov:2	mult:0.25
[2026-02-20 17:23:14] DEBUG: 29	len:7052	cov:2	mult:0.25
[2026-02-20 17:23:14] DEBUG: -29	len:7052	cov:2	mult:0.25
[2026-02-20 17:23:14] DEBUG: 30	len:139993	cov:9	mult:1.125
[2026-02-20 17:23:14] DEBUG: -30	len:139993	cov:9	mult:1.125
[2026-02-20 17:23:14] DEBUG: 31	len:1278	cov:37	mult:4.625
[2026-02-20 17:23:14] DEBUG: -31	len:1278	cov:37	mult:4.625
[2026-02-20 17:23:14] DEBUG: 32	len:229021	cov:10	mult:1.25
[2026-02-20 17:23:14] DEBUG: -32	len:229021	cov:10	mult:1.25
[2026-02-20 17:23:14] DEBUG: 33	len:345483	cov:9	mult:1.125
[2026-02-20 17:23:14] DEBUG: -33	len:345483	cov:9	mult:1.125
[2026-02-20 17:23:14] DEBUG: 34	len:111758	cov:6	mult:0.75
[2026-02-20 17:23:14] DEBUG: -34	len:111758	cov:6	mult:0.75
[2026-02-20 17:23:14] DEBUG: 35	len:14994	cov:12	mult:1.5
[2026-02-20 17:23:14] DEBUG: -35	len:14994	cov:12	mult:1.5
[2026-02-20 17:23:14] DEBUG: 36	len:1306	cov:14	mult:1.75
[2026-02-20 17:23:14] DEBUG: -36	len:1306	cov:14	mult:1.75
[2026-02-20 17:23:14] DEBUG: 37	len:1774	cov:9	mult:1.125
[2026-02-20 17:23:14] DEBUG: -37	len:1774	cov:9	mult:1.125
[2026-02-20 17:23:14] DEBUG: 38	len:7693	cov:1	mult:0.125
[2026-02-20 17:23:14] DEBUG: -38	len:7693	cov:1	mult:0.125
[2026-02-20 17:23:14] DEBUG: 39	len:2351	cov:2	mult:0.25
[2026-02-20 17:23:14] DEBUG: -39	len:2351	cov:2	mult:0.25
[2026-02-20 17:23:14] DEBUG: 40	len:4883	cov:2	mult:0.25
[2026-02-20 17:23:14] DEBUG: -40	len:4883	cov:2	mult:0.25
[2026-02-20 17:23:14] DEBUG: 41	len:2349	cov:2	mult:0.25
[2026-02-20 17:23:14] DEBUG: -41	len:2349	cov:2	mult:0.25
[2026-02-20 17:23:14] DEBUG: 42	len:9575	cov:2	mult:0.25
[2026-02-20 17:23:14] DEBUG: -42	len:9575	cov:2	mult:0.25
[2026-02-20 17:23:14] DEBUG: 43	len:16909	cov:3	mult:0.375
[2026-02-20 17:23:14] DEBUG: -43	len:16909	cov:3	mult:0.375
[2026-02-20 17:23:14] DEBUG: 44	len:2962	cov:2	mult:0.25
[2026-02-20 17:23:14] DEBUG: -44	len:2962	cov:2	mult:0.25
[2026-02-20 17:23:14] DEBUG: 45	len:2430	cov:3	mult:0.375
[2026-02-20 17:23:14] DEBUG: -45	len:2430	cov:3	mult:0.375
[2026-02-20 17:23:14] DEBUG: 46	len:2637	cov:2	mult:0.25
[2026-02-20 17:23:14] DEBUG: -46	len:2637	cov:2	mult:0.25
[2026-02-20 17:23:14] DEBUG: 47	len:3481	cov:2	mult:0.25
[2026-02-20 17:23:14] DEBUG: -47	len:3481	cov:2	mult:0.25
[2026-02-20 17:23:14] DEBUG: 48	len:24457	cov:2	mult:0.25
[2026-02-20 17:23:14] DEBUG: -48	len:24457	cov:2	mult:0.25
[2026-02-20 17:23:14] DEBUG: 49	len:2627	cov:3	mult:0.375
[2026-02-20 17:23:14] DEBUG: -49	len:2627	cov:3	mult:0.375
[2026-02-20 17:23:14] DEBUG: 50	len:11633	cov:2	mult:0.25
[2026-02-20 17:23:14] DEBUG: -50	len:11633	cov:2	mult:0.25
[2026-02-20 17:23:14] DEBUG: 51	len:32078	cov:2	mult:0.25
[2026-02-20 17:23:14] DEBUG: -51	len:32078	cov:2	mult:0.25
[2026-02-20 17:23:14] DEBUG: 52	len:9899	cov:2	mult:0.25
[2026-02-20 17:23:14] DEBUG: -52	len:9899	cov:2	mult:0.25
[2026-02-20 17:23:14] DEBUG: 53	len:2604	cov:2	mult:0.25
[2026-02-20 17:23:14] DEBUG: -53	len:2604	cov:2	mult:0.25
[2026-02-20 17:23:14] DEBUG: 54	len:26101	cov:2	mult:0.25
[2026-02-20 17:23:14] DEBUG: -54	len:26101	cov:2	mult:0.25
[2026-02-20 17:23:14] DEBUG: 55	len:8571	cov:2	mult:0.25
[2026-02-20 17:23:14] DEBUG: -55	len:8571	cov:2	mult:0.25
[2026-02-20 17:23:14] DEBUG: 56	len:9282	cov:3	mult:0.375
[2026-02-20 17:23:14] DEBUG: -56	len:9282	cov:3	mult:0.375
[2026-02-20 17:23:14] DEBUG: 57	len:18946	cov:2	mult:0.25
[2026-02-20 17:23:14] DEBUG: -57	len:18946	cov:2	mult:0.25
[2026-02-20 17:23:14] DEBUG: 58	len:278422	cov:9	mult:1.125
[2026-02-20 17:23:14] DEBUG: -58	len:278422	cov:9	mult:1.125
[2026-02-20 17:23:14] DEBUG: 59	len:1271	cov:11	mult:1.375
[2026-02-20 17:23:14] DEBUG: -59	len:1271	cov:11	mult:1.375
[2026-02-20 17:23:14] DEBUG: 60	len:9465	cov:3	mult:0.375
[2026-02-20 17:23:14] DEBUG: -60	len:9465	cov:3	mult:0.375
[2026-02-20 17:23:14] DEBUG: 61	len:2866	cov:1	mult:0.125
[2026-02-20 17:23:14] DEBUG: -61	len:2866	cov:1	mult:0.125
[2026-02-20 17:23:14] DEBUG: 62	len:1494	cov:11	mult:1.375
[2026-02-20 17:23:14] DEBUG: -62	len:1494	cov:11	mult:1.375
[2026-02-20 17:23:14] DEBUG: 63	len:7701	cov:7	mult:0.875
[2026-02-20 17:23:14] DEBUG: -63	len:7701	cov:7	mult:0.875
[2026-02-20 17:23:14] DEBUG: 64	len:387326	cov:9	mult:1.125
[2026-02-20 17:23:14] DEBUG: -64	len:387326	cov:9	mult:1.125
[2026-02-20 17:23:14] DEBUG: 65	len:14577	cov:2	mult:0.25
[2026-02-20 17:23:14] DEBUG: -65	len:14577	cov:2	mult:0.25
[2026-02-20 17:23:14] DEBUG: 66	len:5167	cov:3	mult:0.375
[2026-02-20 17:23:14] DEBUG: -66	len:5167	cov:3	mult:0.375
[2026-02-20 17:23:14] DEBUG: 67	len:2256	cov:3	mult:0.375
[2026-02-20 17:23:14] DEBUG: -67	len:2256	cov:3	mult:0.375
[2026-02-20 17:23:14] DEBUG: 68	len:3622	cov:2	mult:0.25
[2026-02-20 17:23:14] DEBUG: -68	len:3622	cov:2	mult:0.25
[2026-02-20 17:23:14] DEBUG: 71	len:1265	cov:853	mult:106.625
[2026-02-20 17:23:14] DEBUG: -71	len:1265	cov:853	mult:106.625
[2026-02-20 17:23:14] DEBUG: 72	len:1307	cov:0	mult:0
[2026-02-20 17:23:14] DEBUG: -72	len:1307	cov:0	mult:0
[2026-02-20 17:23:14] DEBUG: 74	len:18782	cov:1	mult:0.125
[2026-02-20 17:23:14] DEBUG: -74	len:18782	cov:1	mult:0.125
[2026-02-20 17:23:14] DEBUG: 75	len:8002	cov:2	mult:0.25
[2026-02-20 17:23:14] DEBUG: -75	len:8002	cov:2	mult:0.25
[2026-02-20 17:23:14] DEBUG: 76	len:3630	cov:2	mult:0.25
[2026-02-20 17:23:14] DEBUG: -76	len:3630	cov:2	mult:0.25
[2026-02-20 17:23:14] DEBUG: 77	len:3033	cov:2	mult:0.25
[2026-02-20 17:23:14] DEBUG: -77	len:3033	cov:2	mult:0.25
[2026-02-20 17:23:14] DEBUG: 78	len:8300	cov:2	mult:0.25
[2026-02-20 17:23:14] DEBUG: -78	len:8300	cov:2	mult:0.25
[2026-02-20 17:23:14] DEBUG: 79	len:5928	cov:1	mult:0.125
[2026-02-20 17:23:14] DEBUG: -79	len:5928	cov:1	mult:0.125
[2026-02-20 17:23:14] DEBUG: 80	len:2682	cov:1	mult:0.125
[2026-02-20 17:23:14] DEBUG: -80	len:2682	cov:1	mult:0.125
[2026-02-20 17:23:14] DEBUG: 81	len:12194	cov:2	mult:0.25
[2026-02-20 17:23:14] DEBUG: -81	len:12194	cov:2	mult:0.25
[2026-02-20 17:23:14] DEBUG: 82	len:2370	cov:3	mult:0.375
[2026-02-20 17:23:14] DEBUG: -82	len:2370	cov:3	mult:0.375
[2026-02-20 17:23:14] DEBUG: 83	len:5535	cov:2	mult:0.25
[2026-02-20 17:23:14] DEBUG: -83	len:5535	cov:2	mult:0.25
[2026-02-20 17:23:14] DEBUG: 84	len:2421	cov:2	mult:0.25
[2026-02-20 17:23:14] DEBUG: -84	len:2421	cov:2	mult:0.25
[2026-02-20 17:23:14] DEBUG: 85	len:15705	cov:1	mult:0.125
[2026-02-20 17:23:14] DEBUG: -85	len:15705	cov:1	mult:0.125
[2026-02-20 17:23:14] DEBUG: 86	len:2259	cov:2	mult:0.25
[2026-02-20 17:23:14] DEBUG: -86	len:2259	cov:2	mult:0.25
[2026-02-20 17:23:14] DEBUG: 90	len:12159	cov:2	mult:0.25
[2026-02-20 17:23:14] DEBUG: -90	len:12159	cov:2	mult:0.25
[2026-02-20 17:23:14] DEBUG: 91	len:21229	cov:2	mult:0.25
[2026-02-20 17:23:14] DEBUG: -91	len:21229	cov:2	mult:0.25
[2026-02-20 17:23:14] DEBUG: 92	len:4420	cov:1	mult:0.125
[2026-02-20 17:23:14] DEBUG: -92	len:4420	cov:1	mult:0.125
[2026-02-20 17:23:14] DEBUG: 95	len:1821	cov:1	mult:0.125
[2026-02-20 17:23:14] DEBUG: -95	len:1821	cov:1	mult:0.125
[2026-02-20 17:23:14] DEBUG: 96	len:2828	cov:2	mult:0.25
[2026-02-20 17:23:14] DEBUG: -96	len:2828	cov:2	mult:0.25
[2026-02-20 17:23:14] DEBUG: 97	len:7852	cov:2	mult:0.25
[2026-02-20 17:23:14] DEBUG: -97	len:7852	cov:2	mult:0.25
[2026-02-20 17:23:14] DEBUG: 98	len:11702	cov:2	mult:0.25
[2026-02-20 17:23:14] DEBUG: -98	len:11702	cov:2	mult:0.25
[2026-02-20 17:23:14] DEBUG: 99	len:12203	cov:2	mult:0.25
[2026-02-20 17:23:14] DEBUG: -99	len:12203	cov:2	mult:0.25
[2026-02-20 17:23:14] DEBUG: 100	len:2292	cov:1	mult:0.125
[2026-02-20 17:23:14] DEBUG: -100	len:2292	cov:1	mult:0.125
[2026-02-20 17:23:14] DEBUG: 101	len:7316	cov:3	mult:0.375
[2026-02-20 17:23:14] DEBUG: -101	len:7316	cov:3	mult:0.375
[2026-02-20 17:23:14] DEBUG: 102	len:2278	cov:2	mult:0.25
[2026-02-20 17:23:14] DEBUG: -102	len:2278	cov:2	mult:0.25
[2026-02-20 17:23:14] DEBUG: 103	len:3295	cov:3	mult:0.375
[2026-02-20 17:23:14] DEBUG: -103	len:3295	cov:3	mult:0.375
[2026-02-20 17:23:14] DEBUG: 104	len:5338	cov:2	mult:0.25
[2026-02-20 17:23:14] DEBUG: -104	len:5338	cov:2	mult:0.25
[2026-02-20 17:23:14] DEBUG: 105	len:9175	cov:1	mult:0.125
[2026-02-20 17:23:14] DEBUG: -105	len:9175	cov:1	mult:0.125
[2026-02-20 17:23:14] DEBUG: 106	len:6218	cov:1	mult:0.125
[2026-02-20 17:23:14] DEBUG: -106	len:6218	cov:1	mult:0.125
[2026-02-20 17:23:14] DEBUG: 107	len:15667	cov:2	mult:0.25
[2026-02-20 17:23:14] DEBUG: -107	len:15667	cov:2	mult:0.25
[2026-02-20 17:23:14] DEBUG: 108	len:2948	cov:1	mult:0.125
[2026-02-20 17:23:14] DEBUG: -108	len:2948	cov:1	mult:0.125
[2026-02-20 17:23:14] DEBUG: 109	len:11079	cov:2	mult:0.25
[2026-02-20 17:23:14] DEBUG: -109	len:11079	cov:2	mult:0.25
[2026-02-20 17:23:14] DEBUG: 110	len:17336	cov:3	mult:0.375
[2026-02-20 17:23:14] DEBUG: -110	len:17336	cov:3	mult:0.375
[2026-02-20 17:23:14] DEBUG: 111	len:2501	cov:2	mult:0.25
[2026-02-20 17:23:14] DEBUG: -111	len:2501	cov:2	mult:0.25
[2026-02-20 17:23:14] DEBUG: 112	len:2936	cov:2	mult:0.25
[2026-02-20 17:23:14] DEBUG: -112	len:2936	cov:2	mult:0.25
[2026-02-20 17:23:14] DEBUG: 113	len:2783	cov:2	mult:0.25
[2026-02-20 17:23:14] DEBUG: -113	len:2783	cov:2	mult:0.25
[2026-02-20 17:23:14] DEBUG: 114	len:3764	cov:2	mult:0.25
[2026-02-20 17:23:14] DEBUG: -114	len:3764	cov:2	mult:0.25
[2026-02-20 17:23:14] DEBUG: 115	len:6545	cov:2	mult:0.25
[2026-02-20 17:23:14] DEBUG: -115	len:6545	cov:2	mult:0.25
[2026-02-20 17:23:14] DEBUG: 116	len:2587	cov:2	mult:0.25
[2026-02-20 17:23:14] DEBUG: -116	len:2587	cov:2	mult:0.25
[2026-02-20 17:23:14] DEBUG: 117	len:3239	cov:2	mult:0.25
[2026-02-20 17:23:14] DEBUG: -117	len:3239	cov:2	mult:0.25
[2026-02-20 17:23:14] DEBUG: 118	len:4653	cov:1	mult:0.125
[2026-02-20 17:23:14] DEBUG: -118	len:4653	cov:1	mult:0.125
[2026-02-20 17:23:14] DEBUG: 119	len:6418	cov:3	mult:0.375
[2026-02-20 17:23:14] DEBUG: -119	len:6418	cov:3	mult:0.375
[2026-02-20 17:23:14] DEBUG: 120	len:2413	cov:2	mult:0.25
[2026-02-20 17:23:14] DEBUG: -120	len:2413	cov:2	mult:0.25
[2026-02-20 17:23:14] DEBUG: 121	len:5948	cov:3	mult:0.375
[2026-02-20 17:23:14] DEBUG: -121	len:5948	cov:3	mult:0.375
[2026-02-20 17:23:14] DEBUG: 122	len:7499	cov:3	mult:0.375
[2026-02-20 17:23:14] DEBUG: -122	len:7499	cov:3	mult:0.375
[2026-02-20 17:23:14] DEBUG: 123	len:7503	cov:3	mult:0.375
[2026-02-20 17:23:14] DEBUG: -123	len:7503	cov:3	mult:0.375
[2026-02-20 17:23:14] DEBUG: 124	len:2918	cov:2	mult:0.25
[2026-02-20 17:23:14] DEBUG: -124	len:2918	cov:2	mult:0.25
[2026-02-20 17:23:14] DEBUG: 125	len:12250	cov:1	mult:0.125
[2026-02-20 17:23:14] DEBUG: -125	len:12250	cov:1	mult:0.125
[2026-02-20 17:23:14] DEBUG: 126	len:14584	cov:2	mult:0.25
[2026-02-20 17:23:14] DEBUG: -126	len:14584	cov:2	mult:0.25
[2026-02-20 17:23:14] DEBUG: 127	len:4831	cov:1	mult:0.125
[2026-02-20 17:23:14] DEBUG: -127	len:4831	cov:1	mult:0.125
[2026-02-20 17:23:14] DEBUG: 128	len:7281	cov:1	mult:0.125
[2026-02-20 17:23:14] DEBUG: -128	len:7281	cov:1	mult:0.125
[2026-02-20 17:23:14] DEBUG: 129	len:6418	cov:2	mult:0.25
[2026-02-20 17:23:14] DEBUG: -129	len:6418	cov:2	mult:0.25
[2026-02-20 17:23:14] DEBUG: 130	len:7465	cov:2	mult:0.25
[2026-02-20 17:23:14] DEBUG: -130	len:7465	cov:2	mult:0.25
[2026-02-20 17:23:14] DEBUG: 131	len:9920	cov:1	mult:0.125
[2026-02-20 17:23:14] DEBUG: -131	len:9920	cov:1	mult:0.125
[2026-02-20 17:23:14] DEBUG: 132	len:5578	cov:8	mult:1
[2026-02-20 17:23:14] DEBUG: -132	len:5578	cov:8	mult:1
[2026-02-20 17:23:14] DEBUG: 133	len:15088	cov:1	mult:0.125
[2026-02-20 17:23:14] DEBUG: -133	len:15088	cov:1	mult:0.125
[2026-02-20 17:23:14] DEBUG: 134	len:8678	cov:3	mult:0.375
[2026-02-20 17:23:14] DEBUG: -134	len:8678	cov:3	mult:0.375
[2026-02-20 17:23:14] DEBUG: 135	len:6072	cov:2	mult:0.25
[2026-02-20 17:23:14] DEBUG: -135	len:6072	cov:2	mult:0.25
[2026-02-20 17:23:14] DEBUG: 136	len:5355	cov:2	mult:0.25
[2026-02-20 17:23:14] DEBUG: -136	len:5355	cov:2	mult:0.25
[2026-02-20 17:23:14] DEBUG: 137	len:7927	cov:1	mult:0.125
[2026-02-20 17:23:14] DEBUG: -137	len:7927	cov:1	mult:0.125
[2026-02-20 17:23:14] DEBUG: 138	len:5656	cov:3	mult:0.375
[2026-02-20 17:23:14] DEBUG: -138	len:5656	cov:3	mult:0.375
[2026-02-20 17:23:14] DEBUG: 139	len:2783	cov:2	mult:0.25
[2026-02-20 17:23:14] DEBUG: -139	len:2783	cov:2	mult:0.25
[2026-02-20 17:23:14] DEBUG: 140	len:8813	cov:2	mult:0.25
[2026-02-20 17:23:14] DEBUG: -140	len:8813	cov:2	mult:0.25
[2026-02-20 17:23:14] DEBUG: 141	len:4612	cov:2	mult:0.25
[2026-02-20 17:23:14] DEBUG: -141	len:4612	cov:2	mult:0.25
[2026-02-20 17:23:14] DEBUG: 142	len:91557	cov:9	mult:1.125
[2026-02-20 17:23:14] DEBUG: -142	len:91557	cov:9	mult:1.125
[2026-02-20 17:23:14] DEBUG: 144	len:2054	cov:1	mult:0.125
[2026-02-20 17:23:14] DEBUG: -144	len:2054	cov:1	mult:0.125
[2026-02-20 17:23:14] DEBUG: 146	len:12947	cov:2	mult:0.25
[2026-02-20 17:23:14] DEBUG: -146	len:12947	cov:2	mult:0.25
[2026-02-20 17:23:14] DEBUG: 147	len:3772	cov:2	mult:0.25
[2026-02-20 17:23:14] DEBUG: -147	len:3772	cov:2	mult:0.25
[2026-02-20 17:23:14] DEBUG: 148	len:4008	cov:4	mult:0.5
[2026-02-20 17:23:14] DEBUG: -148	len:4008	cov:4	mult:0.5
[2026-02-20 17:23:14] DEBUG: 149	len:2240	cov:2	mult:0.25
[2026-02-20 17:23:14] DEBUG: -149	len:2240	cov:2	mult:0.25
[2026-02-20 17:23:14] DEBUG: 150	len:2430	cov:3	mult:0.375
[2026-02-20 17:23:14] DEBUG: -150	len:2430	cov:3	mult:0.375
[2026-02-20 17:23:14] DEBUG: 151	len:6467	cov:2	mult:0.25
[2026-02-20 17:23:14] DEBUG: -151	len:6467	cov:2	mult:0.25
[2026-02-20 17:23:14] DEBUG: 152	len:2466	cov:2	mult:0.25
[2026-02-20 17:23:14] DEBUG: -152	len:2466	cov:2	mult:0.25
[2026-02-20 17:23:14] DEBUG: 153	len:5909	cov:4	mult:0.5
[2026-02-20 17:23:14] DEBUG: -153	len:5909	cov:4	mult:0.5
[2026-02-20 17:23:14] DEBUG: 154	len:2584	cov:2	mult:0.25
[2026-02-20 17:23:14] DEBUG: -154	len:2584	cov:2	mult:0.25
[2026-02-20 17:23:14] DEBUG: 155	len:10430	cov:3	mult:0.375
[2026-02-20 17:23:14] DEBUG: -155	len:10430	cov:3	mult:0.375
[2026-02-20 17:23:14] DEBUG: 156	len:10546	cov:2	mult:0.25
[2026-02-20 17:23:14] DEBUG: -156	len:10546	cov:2	mult:0.25
[2026-02-20 17:23:14] DEBUG: 157	len:11166	cov:1	mult:0.125
[2026-02-20 17:23:14] DEBUG: -157	len:11166	cov:1	mult:0.125
[2026-02-20 17:23:14] DEBUG: 158	len:5965	cov:2	mult:0.25
[2026-02-20 17:23:14] DEBUG: -158	len:5965	cov:2	mult:0.25
[2026-02-20 17:23:14] DEBUG: 159	len:3455	cov:2	mult:0.25
[2026-02-20 17:23:14] DEBUG: -159	len:3455	cov:2	mult:0.25
[2026-02-20 17:23:14] DEBUG: 160	len:3849	cov:3	mult:0.375
[2026-02-20 17:23:14] DEBUG: -160	len:3849	cov:3	mult:0.375
[2026-02-20 17:23:14] DEBUG: 161	len:2505	cov:1	mult:0.125
[2026-02-20 17:23:14] DEBUG: -161	len:2505	cov:1	mult:0.125
[2026-02-20 17:23:14] DEBUG: 162	len:6906	cov:2	mult:0.25
[2026-02-20 17:23:14] DEBUG: -162	len:6906	cov:2	mult:0.25
[2026-02-20 17:23:14] DEBUG: 163	len:4208	cov:1	mult:0.125
[2026-02-20 17:23:14] DEBUG: -163	len:4208	cov:1	mult:0.125
[2026-02-20 17:23:14] DEBUG: 164	len:14470	cov:2	mult:0.25
[2026-02-20 17:23:14] DEBUG: -164	len:14470	cov:2	mult:0.25
[2026-02-20 17:23:14] DEBUG: 165	len:2193	cov:3	mult:0.375
[2026-02-20 17:23:14] DEBUG: -165	len:2193	cov:3	mult:0.375
[2026-02-20 17:23:14] DEBUG: 166	len:29992	cov:2	mult:0.25
[2026-02-20 17:23:14] DEBUG: -166	len:29992	cov:2	mult:0.25
[2026-02-20 17:23:14] DEBUG: 167	len:4009	cov:2	mult:0.25
[2026-02-20 17:23:14] DEBUG: -167	len:4009	cov:2	mult:0.25
[2026-02-20 17:23:14] DEBUG: 168	len:2977	cov:1	mult:0.125
[2026-02-20 17:23:14] DEBUG: -168	len:2977	cov:1	mult:0.125
[2026-02-20 17:23:14] DEBUG: 169	len:12690	cov:1	mult:0.125
[2026-02-20 17:23:14] DEBUG: -169	len:12690	cov:1	mult:0.125
[2026-02-20 17:23:14] DEBUG: 170	len:2685	cov:2	mult:0.25
[2026-02-20 17:23:14] DEBUG: -170	len:2685	cov:2	mult:0.25
[2026-02-20 17:23:14] DEBUG: 171	len:8699	cov:2	mult:0.25
[2026-02-20 17:23:14] DEBUG: -171	len:8699	cov:2	mult:0.25
[2026-02-20 17:23:14] DEBUG: 172	len:2345	cov:3	mult:0.375
[2026-02-20 17:23:14] DEBUG: -172	len:2345	cov:3	mult:0.375
[2026-02-20 17:23:14] DEBUG: 173	len:7234	cov:2	mult:0.25
[2026-02-20 17:23:14] DEBUG: -173	len:7234	cov:2	mult:0.25
[2026-02-20 17:23:14] DEBUG: 174	len:3339	cov:3	mult:0.375
[2026-02-20 17:23:14] DEBUG: -174	len:3339	cov:3	mult:0.375
[2026-02-20 17:23:14] DEBUG: 175	len:2327	cov:2	mult:0.25
[2026-02-20 17:23:14] DEBUG: -175	len:2327	cov:2	mult:0.25
[2026-02-20 17:23:14] DEBUG: 176	len:2271	cov:2	mult:0.25
[2026-02-20 17:23:14] DEBUG: -176	len:2271	cov:2	mult:0.25
[2026-02-20 17:23:14] DEBUG: 177	len:2246	cov:2	mult:0.25
[2026-02-20 17:23:14] DEBUG: -177	len:2246	cov:2	mult:0.25
[2026-02-20 17:23:14] DEBUG: 178	len:16619	cov:2	mult:0.25
[2026-02-20 17:23:14] DEBUG: -178	len:16619	cov:2	mult:0.25
[2026-02-20 17:23:14] DEBUG: 179	len:6668	cov:2	mult:0.25
[2026-02-20 17:23:14] DEBUG: -179	len:6668	cov:2	mult:0.25
[2026-02-20 17:23:14] DEBUG: 180	len:8715	cov:1	mult:0.125
[2026-02-20 17:23:14] DEBUG: -180	len:8715	cov:1	mult:0.125
[2026-02-20 17:23:14] DEBUG: 181	len:11935	cov:2	mult:0.25
[2026-02-20 17:23:14] DEBUG: -181	len:11935	cov:2	mult:0.25
[2026-02-20 17:23:14] DEBUG: 182	len:9321	cov:2	mult:0.25
[2026-02-20 17:23:14] DEBUG: -182	len:9321	cov:2	mult:0.25
[2026-02-20 17:23:14] DEBUG: 183	len:3866	cov:3	mult:0.375
[2026-02-20 17:23:14] DEBUG: -183	len:3866	cov:3	mult:0.375
[2026-02-20 17:23:14] DEBUG: 184	len:5627	cov:2	mult:0.25
[2026-02-20 17:23:14] DEBUG: -184	len:5627	cov:2	mult:0.25
[2026-02-20 17:23:14] DEBUG: 185	len:2364	cov:3	mult:0.375
[2026-02-20 17:23:14] DEBUG: -185	len:2364	cov:3	mult:0.375
[2026-02-20 17:23:14] DEBUG: 186	len:8100	cov:1	mult:0.125
[2026-02-20 17:23:14] DEBUG: -186	len:8100	cov:1	mult:0.125
[2026-02-20 17:23:14] DEBUG: 187	len:2246	cov:1	mult:0.125
[2026-02-20 17:23:14] DEBUG: -187	len:2246	cov:1	mult:0.125
[2026-02-20 17:23:14] DEBUG: 188	len:3024	cov:2	mult:0.25
[2026-02-20 17:23:14] DEBUG: -188	len:3024	cov:2	mult:0.25
[2026-02-20 17:23:14] DEBUG: 189	len:5419	cov:1	mult:0.125
[2026-02-20 17:23:14] DEBUG: -189	len:5419	cov:1	mult:0.125
[2026-02-20 17:23:14] DEBUG: 190	len:7102	cov:1	mult:0.125
[2026-02-20 17:23:14] DEBUG: -190	len:7102	cov:1	mult:0.125
[2026-02-20 17:23:14] DEBUG: 191	len:10925	cov:2	mult:0.25
[2026-02-20 17:23:14] DEBUG: -191	len:10925	cov:2	mult:0.25
[2026-02-20 17:23:14] DEBUG: 192	len:5752	cov:3	mult:0.375
[2026-02-20 17:23:14] DEBUG: -192	len:5752	cov:3	mult:0.375
[2026-02-20 17:23:14] DEBUG: 193	len:2210	cov:2	mult:0.25
[2026-02-20 17:23:14] DEBUG: -193	len:2210	cov:2	mult:0.25
[2026-02-20 17:23:14] DEBUG: 194	len:11455	cov:2	mult:0.25
[2026-02-20 17:23:14] DEBUG: -194	len:11455	cov:2	mult:0.25
[2026-02-20 17:23:14] DEBUG: 195	len:2778	cov:2	mult:0.25
[2026-02-20 17:23:14] DEBUG: -195	len:2778	cov:2	mult:0.25
[2026-02-20 17:23:14] DEBUG: 196	len:11754	cov:1	mult:0.125
[2026-02-20 17:23:14] DEBUG: -196	len:11754	cov:1	mult:0.125
[2026-02-20 17:23:14] DEBUG: 197	len:7368	cov:3	mult:0.375
[2026-02-20 17:23:14] DEBUG: -197	len:7368	cov:3	mult:0.375
[2026-02-20 17:23:14] DEBUG: 198	len:6381	cov:2	mult:0.25
[2026-02-20 17:23:14] DEBUG: -198	len:6381	cov:2	mult:0.25
[2026-02-20 17:23:14] DEBUG: 199	len:4183	cov:2	mult:0.25
[2026-02-20 17:23:14] DEBUG: -199	len:4183	cov:2	mult:0.25
[2026-02-20 17:23:14] DEBUG: 200	len:3009	cov:2	mult:0.25
[2026-02-20 17:23:14] DEBUG: -200	len:3009	cov:2	mult:0.25
[2026-02-20 17:23:14] DEBUG: 201	len:3287	cov:2	mult:0.25
[2026-02-20 17:23:14] DEBUG: -201	len:3287	cov:2	mult:0.25
[2026-02-20 17:23:14] DEBUG: 202	len:3404	cov:2	mult:0.25
[2026-02-20 17:23:14] DEBUG: -202	len:3404	cov:2	mult:0.25
[2026-02-20 17:23:14] DEBUG: 207	len:5517	cov:3	mult:0.375
[2026-02-20 17:23:14] DEBUG: -207	len:5517	cov:3	mult:0.375
[2026-02-20 17:23:14] DEBUG: 208	len:2246	cov:2	mult:0.25
[2026-02-20 17:23:14] DEBUG: -208	len:2246	cov:2	mult:0.25
[2026-02-20 17:23:14] DEBUG: 209	len:6330	cov:3	mult:0.375
[2026-02-20 17:23:14] DEBUG: -209	len:6330	cov:3	mult:0.375
[2026-02-20 17:23:14] DEBUG: 213	len:2215	cov:2	mult:0.25
[2026-02-20 17:23:14] DEBUG: -213	len:2215	cov:2	mult:0.25
[2026-02-20 17:23:14] DEBUG: 214	len:2333	cov:2	mult:0.25
[2026-02-20 17:23:14] DEBUG: -214	len:2333	cov:2	mult:0.25
[2026-02-20 17:23:14] DEBUG: 215	len:10194	cov:3	mult:0.375
[2026-02-20 17:23:14] DEBUG: -215	len:10194	cov:3	mult:0.375
[2026-02-20 17:23:14] DEBUG: 216	len:4861	cov:3	mult:0.375
[2026-02-20 17:23:14] DEBUG: -216	len:4861	cov:3	mult:0.375
[2026-02-20 17:23:14] DEBUG: 217	len:7759	cov:1	mult:0.125
[2026-02-20 17:23:14] DEBUG: -217	len:7759	cov:1	mult:0.125
[2026-02-20 17:23:14] DEBUG: 218	len:18334	cov:4	mult:0.5
[2026-02-20 17:23:14] DEBUG: -218	len:18334	cov:4	mult:0.5
[2026-02-20 17:23:14] DEBUG: 219	len:2669	cov:2	mult:0.25
[2026-02-20 17:23:14] DEBUG: -219	len:2669	cov:2	mult:0.25
[2026-02-20 17:23:14] DEBUG: 220	len:33675	cov:2	mult:0.25
[2026-02-20 17:23:14] DEBUG: -220	len:33675	cov:2	mult:0.25
[2026-02-20 17:23:14] DEBUG: 221	len:7741	cov:2	mult:0.25
[2026-02-20 17:23:14] DEBUG: -221	len:7741	cov:2	mult:0.25
[2026-02-20 17:23:14] DEBUG: 222	len:3825	cov:2	mult:0.25
[2026-02-20 17:23:14] DEBUG: -222	len:3825	cov:2	mult:0.25
[2026-02-20 17:23:14] DEBUG: 223	len:6939	cov:3	mult:0.375
[2026-02-20 17:23:14] DEBUG: -223	len:6939	cov:3	mult:0.375
[2026-02-20 17:23:14] DEBUG: 226	len:5269	cov:3	mult:0.375
[2026-02-20 17:23:14] DEBUG: -226	len:5269	cov:3	mult:0.375
[2026-02-20 17:23:14] DEBUG: 227	len:19205	cov:2	mult:0.25
[2026-02-20 17:23:14] DEBUG: -227	len:19205	cov:2	mult:0.25
[2026-02-20 17:23:14] DEBUG: 228	len:6902	cov:2	mult:0.25
[2026-02-20 17:23:14] DEBUG: -228	len:6902	cov:2	mult:0.25
[2026-02-20 17:23:14] DEBUG: 229	len:6228	cov:2	mult:0.25
[2026-02-20 17:23:14] DEBUG: -229	len:6228	cov:2	mult:0.25
[2026-02-20 17:23:14] DEBUG: 230	len:5165	cov:1	mult:0.125
[2026-02-20 17:23:14] DEBUG: -230	len:5165	cov:1	mult:0.125
[2026-02-20 17:23:14] DEBUG: 231	len:7717	cov:3	mult:0.375
[2026-02-20 17:23:14] DEBUG: -231	len:7717	cov:3	mult:0.375
[2026-02-20 17:23:14] DEBUG: 232	len:8632	cov:3	mult:0.375
[2026-02-20 17:23:14] DEBUG: -232	len:8632	cov:3	mult:0.375
[2026-02-20 17:23:14] DEBUG: 233	len:8811	cov:2	mult:0.25
[2026-02-20 17:23:14] DEBUG: -233	len:8811	cov:2	mult:0.25
[2026-02-20 17:23:14] DEBUG: 234	len:15040	cov:2	mult:0.25
[2026-02-20 17:23:14] DEBUG: -234	len:15040	cov:2	mult:0.25
[2026-02-20 17:23:14] DEBUG: 235	len:5072	cov:2	mult:0.25
[2026-02-20 17:23:14] DEBUG: -235	len:5072	cov:2	mult:0.25
[2026-02-20 17:23:14] DEBUG: 236	len:2677	cov:2	mult:0.25
[2026-02-20 17:23:14] DEBUG: -236	len:2677	cov:2	mult:0.25
[2026-02-20 17:23:14] DEBUG: 237	len:6673	cov:2	mult:0.25
[2026-02-20 17:23:14] DEBUG: -237	len:6673	cov:2	mult:0.25
[2026-02-20 17:23:14] DEBUG: 238	len:9997	cov:3	mult:0.375
[2026-02-20 17:23:14] DEBUG: -238	len:9997	cov:3	mult:0.375
[2026-02-20 17:23:14] DEBUG: 239	len:16370	cov:3	mult:0.375
[2026-02-20 17:23:14] DEBUG: -239	len:16370	cov:3	mult:0.375
[2026-02-20 17:23:14] DEBUG: 240	len:8845	cov:2	mult:0.25
[2026-02-20 17:23:14] DEBUG: -240	len:8845	cov:2	mult:0.25
[2026-02-20 17:23:14] DEBUG: 241	len:84225	cov:11	mult:1.375
[2026-02-20 17:23:14] DEBUG: -241	len:84225	cov:11	mult:1.375
[2026-02-20 17:23:14] DEBUG: 242	len:9302	cov:3	mult:0.375
[2026-02-20 17:23:14] DEBUG: -242	len:9302	cov:3	mult:0.375
[2026-02-20 17:23:14] DEBUG: 243	len:1136	cov:10	mult:1.25
[2026-02-20 17:23:14] DEBUG: -243	len:1136	cov:10	mult:1.25
[2026-02-20 17:23:14] DEBUG: 244	len:23529	cov:8	mult:1
[2026-02-20 17:23:14] DEBUG: -244	len:23529	cov:8	mult:1
[2026-02-20 17:23:14] DEBUG: 245	len:2476	cov:2	mult:0.25
[2026-02-20 17:23:14] DEBUG: -245	len:2476	cov:2	mult:0.25
[2026-02-20 17:23:14] DEBUG: 246	len:6756	cov:3	mult:0.375
[2026-02-20 17:23:14] DEBUG: -246	len:6756	cov:3	mult:0.375
[2026-02-20 17:23:14] DEBUG: 247	len:37341	cov:1	mult:0.125
[2026-02-20 17:23:14] DEBUG: -247	len:37341	cov:1	mult:0.125
[2026-02-20 17:23:14] DEBUG: 248	len:16904	cov:2	mult:0.25
[2026-02-20 17:23:14] DEBUG: -248	len:16904	cov:2	mult:0.25
[2026-02-20 17:23:14] DEBUG: 249	len:9152	cov:3	mult:0.375
[2026-02-20 17:23:14] DEBUG: -249	len:9152	cov:3	mult:0.375
[2026-02-20 17:23:14] DEBUG: 250	len:12561	cov:3	mult:0.375
[2026-02-20 17:23:14] DEBUG: -250	len:12561	cov:3	mult:0.375
[2026-02-20 17:23:14] DEBUG: 251	len:2507	cov:2	mult:0.25
[2026-02-20 17:23:14] DEBUG: -251	len:2507	cov:2	mult:0.25
[2026-02-20 17:23:14] DEBUG: 252	len:15088	cov:3	mult:0.375
[2026-02-20 17:23:14] DEBUG: -252	len:15088	cov:3	mult:0.375
[2026-02-20 17:23:14] DEBUG: 253	len:12971	cov:2	mult:0.25
[2026-02-20 17:23:14] DEBUG: -253	len:12971	cov:2	mult:0.25
[2026-02-20 17:23:14] DEBUG: 254	len:2489	cov:3	mult:0.375
[2026-02-20 17:23:14] DEBUG: -254	len:2489	cov:3	mult:0.375
[2026-02-20 17:23:14] DEBUG: 255	len:2440	cov:2	mult:0.25
[2026-02-20 17:23:14] DEBUG: -255	len:2440	cov:2	mult:0.25
[2026-02-20 17:23:14] DEBUG: 256	len:2433	cov:2	mult:0.25
[2026-02-20 17:23:14] DEBUG: -256	len:2433	cov:2	mult:0.25
[2026-02-20 17:23:14] DEBUG: 257	len:5768	cov:3	mult:0.375
[2026-02-20 17:23:14] DEBUG: -257	len:5768	cov:3	mult:0.375
[2026-02-20 17:23:14] DEBUG: 258	len:2338	cov:2	mult:0.25
[2026-02-20 17:23:14] DEBUG: -258	len:2338	cov:2	mult:0.25
[2026-02-20 17:23:14] DEBUG: 259	len:5954	cov:3	mult:0.375
[2026-02-20 17:23:14] DEBUG: -259	len:5954	cov:3	mult:0.375
[2026-02-20 17:23:14] DEBUG: 260	len:10242	cov:3	mult:0.375
[2026-02-20 17:23:14] DEBUG: -260	len:10242	cov:3	mult:0.375
[2026-02-20 17:23:14] DEBUG: 261	len:5921	cov:1	mult:0.125
[2026-02-20 17:23:14] DEBUG: -261	len:5921	cov:1	mult:0.125
[2026-02-20 17:23:14] DEBUG: 263	len:6201	cov:2	mult:0.25
[2026-02-20 17:23:14] DEBUG: -263	len:6201	cov:2	mult:0.25
[2026-02-20 17:23:14] DEBUG: 264	len:4092	cov:3	mult:0.375
[2026-02-20 17:23:14] DEBUG: -264	len:4092	cov:3	mult:0.375
[2026-02-20 17:23:14] DEBUG: 265	len:19211	cov:2	mult:0.25
[2026-02-20 17:23:14] DEBUG: -265	len:19211	cov:2	mult:0.25
[2026-02-20 17:23:14] DEBUG: 266	len:25764	cov:2	mult:0.25
[2026-02-20 17:23:14] DEBUG: -266	len:25764	cov:2	mult:0.25
[2026-02-20 17:23:14] DEBUG: 267	len:11110	cov:2	mult:0.25
[2026-02-20 17:23:14] DEBUG: -267	len:11110	cov:2	mult:0.25
[2026-02-20 17:23:14] DEBUG: 268	len:3147	cov:2	mult:0.25
[2026-02-20 17:23:14] DEBUG: -268	len:3147	cov:2	mult:0.25
[2026-02-20 17:23:14] DEBUG: 269	len:3155	cov:1	mult:0.125
[2026-02-20 17:23:14] DEBUG: -269	len:3155	cov:1	mult:0.125
[2026-02-20 17:23:14] DEBUG: 270	len:3631	cov:2	mult:0.25
[2026-02-20 17:23:14] DEBUG: -270	len:3631	cov:2	mult:0.25
[2026-02-20 17:23:14] DEBUG: 271	len:3142	cov:2	mult:0.25
[2026-02-20 17:23:14] DEBUG: -271	len:3142	cov:2	mult:0.25
[2026-02-20 17:23:14] DEBUG: 273	len:2000	cov:7	mult:0.875
[2026-02-20 17:23:14] DEBUG: -273	len:2000	cov:7	mult:0.875
[2026-02-20 17:23:14] DEBUG: 275	len:1883	cov:16	mult:2
[2026-02-20 17:23:14] DEBUG: -275	len:1883	cov:16	mult:2
[2026-02-20 17:23:14] DEBUG: 276	len:8884	cov:8	mult:1
[2026-02-20 17:23:14] DEBUG: -276	len:8884	cov:8	mult:1
[2026-02-20 17:23:14] DEBUG: 277	len:5471	cov:2	mult:0.25
[2026-02-20 17:23:14] DEBUG: -277	len:5471	cov:2	mult:0.25
[2026-02-20 17:23:14] DEBUG: 278	len:4496	cov:2	mult:0.25
[2026-02-20 17:23:14] DEBUG: -278	len:4496	cov:2	mult:0.25
[2026-02-20 17:23:14] DEBUG: 279	len:2840	cov:2	mult:0.25
[2026-02-20 17:23:14] DEBUG: -279	len:2840	cov:2	mult:0.25
[2026-02-20 17:23:14] DEBUG: 280	len:12348	cov:2	mult:0.25
[2026-02-20 17:23:14] DEBUG: -280	len:12348	cov:2	mult:0.25
[2026-02-20 17:23:14] DEBUG: 281	len:5312	cov:1	mult:0.125
[2026-02-20 17:23:14] DEBUG: -281	len:5312	cov:1	mult:0.125
[2026-02-20 17:23:14] DEBUG: 282	len:3428	cov:3	mult:0.375
[2026-02-20 17:23:14] DEBUG: -282	len:3428	cov:3	mult:0.375
[2026-02-20 17:23:14] DEBUG: 283	len:2229	cov:3	mult:0.375
[2026-02-20 17:23:14] DEBUG: -283	len:2229	cov:3	mult:0.375
[2026-02-20 17:23:14] DEBUG: 284	len:3343	cov:2	mult:0.25
[2026-02-20 17:23:14] DEBUG: -284	len:3343	cov:2	mult:0.25
[2026-02-20 17:23:14] DEBUG: 285	len:4519	cov:2	mult:0.25
[2026-02-20 17:23:14] DEBUG: -285	len:4519	cov:2	mult:0.25
[2026-02-20 17:23:14] DEBUG: 286	len:284166	cov:12	mult:1.5
[2026-02-20 17:23:14] DEBUG: -286	len:284166	cov:12	mult:1.5
[2026-02-20 17:23:14] DEBUG: 287	len:332736	cov:13	mult:1.625
[2026-02-20 17:23:14] DEBUG: -287	len:332736	cov:13	mult:1.625
[2026-02-20 17:23:14] DEBUG: 288	len:4944	cov:127	mult:15.875
[2026-02-20 17:23:14] DEBUG: -288	len:4944	cov:127	mult:15.875
[2026-02-20 17:23:14] DEBUG: 289	len:60143	cov:15	mult:1.875
[2026-02-20 17:23:14] DEBUG: -289	len:60143	cov:15	mult:1.875
[2026-02-20 17:23:14] DEBUG: 290	len:26299	cov:12	mult:1.5
[2026-02-20 17:23:14] DEBUG: -290	len:26299	cov:12	mult:1.5
[2026-02-20 17:23:14] DEBUG: 291	len:65959	cov:8	mult:1
[2026-02-20 17:23:14] DEBUG: -291	len:65959	cov:8	mult:1
[2026-02-20 17:23:14] DEBUG: 292	len:117204	cov:12	mult:1.5
[2026-02-20 17:23:14] DEBUG: -292	len:117204	cov:12	mult:1.5
[2026-02-20 17:23:14] DEBUG: 293	len:67164	cov:10	mult:1.25
[2026-02-20 17:23:14] DEBUG: -293	len:67164	cov:10	mult:1.25
[2026-02-20 17:23:14] DEBUG: 294	len:4174	cov:875	mult:109.375
[2026-02-20 17:23:14] DEBUG: -294	len:4174	cov:875	mult:109.375
[2026-02-20 17:23:14] DEBUG: 295	len:286534	cov:8	mult:1
[2026-02-20 17:23:14] DEBUG: -295	len:286534	cov:8	mult:1
[2026-02-20 17:23:14] DEBUG: 296	len:44940	cov:8	mult:1
[2026-02-20 17:23:14] DEBUG: -296	len:44940	cov:8	mult:1
[2026-02-20 17:23:14] DEBUG: 297	len:9162	cov:4	mult:0.5
[2026-02-20 17:23:14] DEBUG: -297	len:9162	cov:4	mult:0.5
[2026-02-20 17:23:14] DEBUG: 298	len:68458	cov:7	mult:0.875
[2026-02-20 17:23:14] DEBUG: -298	len:68458	cov:7	mult:0.875
[2026-02-20 17:23:14] DEBUG: 299	len:13360	cov:8	mult:1
[2026-02-20 17:23:14] DEBUG: -299	len:13360	cov:8	mult:1
[2026-02-20 17:23:14] DEBUG: 300	len:47504	cov:8	mult:1
[2026-02-20 17:23:14] DEBUG: -300	len:47504	cov:8	mult:1
[2026-02-20 17:23:14] DEBUG: 301	len:4080	cov:61	mult:7.625
[2026-02-20 17:23:14] DEBUG: -301	len:4080	cov:61	mult:7.625
[2026-02-20 17:23:14] DEBUG: Unique coverage threshold 17
[2026-02-20 17:23:14] INFO: Simplifying the graph
[2026-02-20 17:23:14] DEBUG: Read coverage cutoff: 3
[2026-02-20 17:23:14] DEBUG: [SIMPL] Removed 169 paths with low coverage
[2026-02-20 17:23:14] DEBUG: [SIMPL] Masked 0 heterozygous loops
[2026-02-20 17:23:14] DEBUG: Regular bubble: {-294,4174,875} {-294,4174,875}
[2026-02-20 17:23:14] DEBUG: 	Internal: {72,1307,0} {71,1265,853}
[2026-02-20 17:23:14] DEBUG: [SIMPL] Masked 1 simple bubbles
[2026-02-20 17:23:14] DEBUG: [SIMPL] Masked 0 roundabouts
[2026-02-20 17:23:14] DEBUG: [SIMPL] Masked 0 superbubbles
[2026-02-20 17:23:14] DEBUG: Finding repeats
[2026-02-20 17:23:14] DEBUG: Read coverage cutoff: 3
[2026-02-20 17:23:14] DEBUG: Low-coverage: 72 0
[2026-02-20 17:23:14] DEBUG: Short-loop: 7
[2026-02-20 17:23:14] DEBUG: Haplo-edge: 71
[2026-02-20 17:23:14] DEBUG: Haplo-edge: 72
[2026-02-20 17:23:14] DEBUG: Short-loop: 288
[2026-02-20 17:23:14] DEBUG: Short-loop: 301
[2026-02-20 17:23:14] DEBUG: Repeat detection iteration 1
[2026-02-20 17:23:14] DEBUG: Starting 243 aln:13
[2026-02-20 17:23:14] DEBUG: 	      -244	num:4	flank:14272	span:16
[2026-02-20 17:23:14] DEBUG: 	      -298	num:3	flank:5129	span:23
[2026-02-20 17:23:14] DEBUG: Starting -243 aln:13
[2026-02-20 17:23:14] DEBUG: 	      -296	num:5	flank:15398	span:4
[2026-02-20 17:23:14] DEBUG: 	      244	num:6	flank:4768	span:2
[2026-02-20 17:23:14] DEBUG: Mult: 243	1136	10	 (1,1)
[2026-02-20 17:23:14] DEBUG: Starting -59 aln:9
[2026-02-20 17:23:14] DEBUG: 	      60	num:3	flank:10413	span:0
[2026-02-20 17:23:14] DEBUG: 	    T -58	num:3	flank:1250	span:7
[2026-02-20 17:23:14] DEBUG: Mult: 59	1271	11	 (1,0)
[2026-02-20 17:23:14] DEBUG: Starting 31 aln:39
[2026-02-20 17:23:14] DEBUG: 	      -32	num:7	flank:7368	span:14
[2026-02-20 17:23:14] DEBUG: 	    T 34	num:7	flank:10977	span:17
[2026-02-20 17:23:14] DEBUG: 	      -11	num:8	flank:3699	span:18
[2026-02-20 17:23:14] DEBUG: 	      35	num:10	flank:10222	span:12
[2026-02-20 17:23:14] DEBUG: Starting -31 aln:39
[2026-02-20 17:23:14] DEBUG: 	    T 33	num:6	flank:6097	span:1
[2026-02-20 17:23:14] DEBUG: 	      32	num:6	flank:9713	span:1
[2026-02-20 17:23:14] DEBUG: 	      -16	num:10	flank:8939	span:16
[2026-02-20 17:23:14] DEBUG: 	    T -30	num:7	flank:2989	span:10
[2026-02-20 17:23:14] DEBUG: Mult: 31	1278	37	 (1,1)
[2026-02-20 17:23:14] DEBUG: Starting -36 aln:11
[2026-02-20 17:23:14] DEBUG: 	      37	num:3	flank:11453	span:0
[2026-02-20 17:23:14] DEBUG: 	      -17	num:7	flank:3058	span:7
[2026-02-20 17:23:14] DEBUG: Mult: 36	1306	14	 (1,0)
[2026-02-20 17:23:14] DEBUG: Starting 62 aln:8
[2026-02-20 17:23:14] DEBUG: 	    T 63	num:3	flank:7682	span:7
[2026-02-20 17:23:14] DEBUG: 	    T 64	num:2	flank:1500	span:7
[2026-02-20 17:23:14] DEBUG: Mult: 62	1494	11	 (0,1)
[2026-02-20 17:23:14] DEBUG: Starting 275 aln:15
[2026-02-20 17:23:14] DEBUG: 	      -276	num:5	flank:5391	span:21
[2026-02-20 17:23:14] DEBUG: 	      -14	num:7	flank:6336	span:22
[2026-02-20 17:23:14] DEBUG: Starting -275 aln:15
[2026-02-20 17:23:14] DEBUG: 	      276	num:8	flank:4506	span:0
[2026-02-20 17:23:14] DEBUG: 	      -35	num:3	flank:7282	span:4
[2026-02-20 17:23:14] DEBUG: Mult: 275	1883	16	 (1,1)
[2026-02-20 17:23:14] DEBUG: Repeat detection iteration 2
[2026-02-20 17:23:14] DEBUG: Writing Dot
[2026-02-20 17:23:14] DEBUG: Writing FASTA
[2026-02-20 17:23:14] DEBUG: Writing Gfa
[2026-02-20 17:23:14] DEBUG: 	Connection 16	35	7
[2026-02-20 17:23:14] DEBUG: 	Connection 30	-11	6
[2026-02-20 17:23:14] DEBUG: 	Connection -32	34	5
[2026-02-20 17:23:14] DEBUG: 	Connection -33	-32	4
[2026-02-20 17:23:14] DEBUG: 	Connection 17	-37	7
[2026-02-20 17:23:14] DEBUG: 	Connection -37	286	3
[2026-02-20 17:23:14] DEBUG: 	Connection 58	-60	1
[2026-02-20 17:23:14] DEBUG: 	Connection -60	62	2
[2026-02-20 17:23:14] DEBUG: 	Connection -244	-298	3
[2026-02-20 17:23:14] DEBUG: 	Connection 296	-244	2
[2026-02-20 17:23:14] DEBUG: 	Connection 35	-276	4
[2026-02-20 17:23:14] DEBUG: 	Connection -276	-14	6
[2026-02-20 17:23:14] DEBUG: 	Connection -71	-71	33
[2026-02-20 17:23:14] DEBUG: [SIMPL] Resolved 13 simple repeats
[2026-02-20 17:23:14] DEBUG: [SIMPL] == Iteration 1 ==
[2026-02-20 17:23:14] DEBUG: Splitting nodes
[2026-02-20 17:23:14] DEBUG: [SIMPL] Split 1 nodes
[2026-02-20 17:23:14] DEBUG: [SIMPL] Disconnected 0 minor paths
[2026-02-20 17:23:14] DEBUG: Tip 63 len:7701 cov:7
[2026-02-20 17:23:14] DEBUG: Tip 273 len:2000 cov:7
[2026-02-20 17:23:14] DEBUG: [SIMPL] Clipped 2 short and 0 long tips
[2026-02-20 17:23:14] DEBUG: [SIMPL] Masked 0 heterozygous loops
[2026-02-20 17:23:14] DEBUG: [SIMPL] Masked 0 simple bubbles
[2026-02-20 17:23:14] DEBUG: [SIMPL] Masked 0 roundabouts
[2026-02-20 17:23:14] DEBUG: [SIMPL] Masked 0 superbubbles
[2026-02-20 17:23:14] DEBUG: Finding repeats
[2026-02-20 17:23:14] DEBUG: Read coverage cutoff: 3
[2026-02-20 17:23:14] DEBUG: Short-loop: 301
[2026-02-20 17:23:14] DEBUG: Repeat detection iteration 1
[2026-02-20 17:23:14] DEBUG: Starting 7 aln:38
[2026-02-20 17:23:14] DEBUG: 	      288	num:20	flank:4896	span:5
[2026-02-20 17:23:14] DEBUG: 	      11	num:12	flank:16094	span:6
[2026-02-20 17:23:14] DEBUG: Mult: 7	911	29	 (0,1)
[2026-02-20 17:23:14] DEBUG: Starting 288 aln:144
[2026-02-20 17:23:14] DEBUG: 	      5	num:14	flank:15470	span:9
[2026-02-20 17:23:14] DEBUG: 	      14	num:12	flank:4705	span:5
[2026-02-20 17:23:14] DEBUG: 	      8	num:12	flank:6488	span:2
[2026-02-20 17:23:14] DEBUG: 	      6	num:4	flank:9348	span:10
[2026-02-20 17:23:14] DEBUG: 	      11	num:11	flank:15231	span:856
[2026-02-20 17:23:14] DEBUG: 	      12	num:9	flank:7048	span:10
[2026-02-20 17:23:14] DEBUG: 	      290	num:11	flank:14173	span:3
[2026-02-20 17:23:14] DEBUG: Starting -288 aln:144
[2026-02-20 17:23:14] DEBUG: 	      16	num:10	flank:13442	span:2
[2026-02-20 17:23:14] DEBUG: 	    T -289	num:9	flank:10774	span:9
[2026-02-20 17:23:14] DEBUG: 	      -5	num:5	flank:11667	span:7
[2026-02-20 17:23:14] DEBUG: 	      -287	num:16	flank:15931	span:8
[2026-02-20 17:23:14] DEBUG: 	      291	num:9	flank:3752	span:3
[2026-02-20 17:23:14] DEBUG: 	      -6	num:8	flank:5822	span:2
[2026-02-20 17:23:14] DEBUG: 	      -8	num:13	flank:8461	span:5
[2026-02-20 17:23:14] DEBUG: 	      17	num:10	flank:10302	span:2
[2026-02-20 17:23:14] DEBUG: Mult: 288	4944	127	 (1,1)
[2026-02-20 17:23:14] DEBUG: Repeat detection iteration 2
[2026-02-20 17:23:14] DEBUG: Total unique edges: 110
[2026-02-20 17:23:14] DEBUG: 	Connection 5	6	2	1
[2026-02-20 17:23:14] DEBUG: 	Connection -17	11	4	1
[2026-02-20 17:23:14] DEBUG: 	Connection -14	-8	5	1
[2026-02-20 17:23:14] DEBUG: 	Connection -5	-287	6	1
[2026-02-20 17:23:14] DEBUG: 	Connection 289	8	5	1
[2026-02-20 17:23:14] DEBUG: 	Connection -291	12	4	1
[2026-02-20 17:23:14] DEBUG: 	Connection -16	290	6	1
[2026-02-20 17:23:14] DEBUG: [SIMPL] Resolved repeats: 7
[2026-02-20 17:23:14] DEBUG: RR links: 64
[2026-02-20 17:23:14] DEBUG: Unresolved: 0
[2026-02-20 17:23:14] DEBUG: Removed 0 simple and 0 double chimeric junctions
[2026-02-20 17:23:14] DEBUG: [SIMPL] == Iteration 2 ==
[2026-02-20 17:23:14] DEBUG: Splitting nodes
[2026-02-20 17:23:14] DEBUG: [SIMPL] Split 0 nodes
[2026-02-20 17:23:14] DEBUG: [SIMPL] Disconnected 0 minor paths
[2026-02-20 17:23:14] DEBUG: [SIMPL] Clipped 0 short and 0 long tips
[2026-02-20 17:23:14] DEBUG: [SIMPL] Masked 0 heterozygous loops
[2026-02-20 17:23:14] DEBUG: [SIMPL] Masked 0 simple bubbles
[2026-02-20 17:23:14] DEBUG: [SIMPL] Masked 0 roundabouts
[2026-02-20 17:23:14] DEBUG: [SIMPL] Masked 0 superbubbles
[2026-02-20 17:23:14] DEBUG: Finding repeats
[2026-02-20 17:23:14] DEBUG: Read coverage cutoff: 3
[2026-02-20 17:23:14] DEBUG: Short-loop: 301
[2026-02-20 17:23:14] DEBUG: Repeat detection iteration 1
[2026-02-20 17:23:14] DEBUG: Starting -288 aln:44
[2026-02-20 17:23:14] DEBUG: 	      -7	num:20	flank:4896	span:5
[2026-02-20 17:23:14] DEBUG: 	      -6	num:8	flank:5822	span:2
[2026-02-20 17:23:14] DEBUG: Mult: 288 -> 7	5855	111	 (1,0)
[2026-02-20 17:23:14] DEBUG: Repeat detection iteration 2
[2026-02-20 17:23:14] DEBUG: Total unique edges: 112
[2026-02-20 17:23:14] DEBUG: [SIMPL] Resolved repeats: 0
[2026-02-20 17:23:14] DEBUG: RR links: 0
[2026-02-20 17:23:14] DEBUG: Unresolved: 0
[2026-02-20 17:23:14] DEBUG: Removed 0 simple and 0 double chimeric junctions
[2026-02-20 17:23:14] DEBUG: [SIMPL] Simplified 0 forks
[2026-02-20 17:23:14] DEBUG: [SIMPL] Collapsed 0 haplotypes
[2026-02-20 17:23:14] DEBUG: [SIMPL] Resolved 0 simple repeats
[2026-02-20 17:23:14] DEBUG: Read coverage cutoff: 3
[2026-02-20 17:23:14] DEBUG: [SIMPL] Removed 0 paths with low coverage
[2026-02-20 17:23:14] DEBUG: Finding repeats
[2026-02-20 17:23:14] DEBUG: Read coverage cutoff: 3
[2026-02-20 17:23:14] DEBUG: Short-loop: 301
[2026-02-20 17:23:14] DEBUG: Repeat detection iteration 1
[2026-02-20 17:23:14] DEBUG: Starting -288 aln:44
[2026-02-20 17:23:14] DEBUG: 	      -7	num:20	flank:4896	span:5
[2026-02-20 17:23:14] DEBUG: 	      -6	num:8	flank:5822	span:2
[2026-02-20 17:23:14] DEBUG: Mult: 288 -> 7	5855	111	 (1,0)
[2026-02-20 17:23:14] DEBUG: Repeat detection iteration 2
[2026-02-20 17:23:14] DEBUG: Writing Dot
[2026-02-20 17:23:14] DEBUG: Writing FASTA
[2026-02-20 17:23:14] DEBUG: Peak RAM usage: 0 Gb
-----------End assembly log------------
[2026-02-20 17:23:14] root: INFO: >>>STAGE: contigger
[2026-02-20 17:23:14] root: INFO: Generating contigs
[2026-02-20 17:23:14] root: DEBUG: -----Begin contigger analyser log------
[2026-02-20 17:23:14] root: DEBUG: Running: flye-modules contigger --graph-edges /scratch/ky/characterization/results/barcode28/assembly/20-repeat/repeat_graph_edges.fasta --reads /scratch/ky/characterization/FASTQ/SQK-RBK114-96_barcode28.fastq --out-dir /scratch/ky/characterization/results/barcode28/assembly/30-contigger --config /data/softs/Miniforge3-25.11.0-0/envs/flye-2.9.6/lib/python3.12/site-packages/flye/config/bin_cfg/asm_nano_hq.cfg --repeat-graph /scratch/ky/characterization/results/barcode28/assembly/20-repeat/repeat_graph_dump --graph-aln /scratch/ky/characterization/results/barcode28/assembly/20-repeat/read_alignment_dump --log /scratch/ky/characterization/results/barcode28/assembly/flye.log --threads 16 --min-ovlp 1000
[2026-02-20 17:23:14] DEBUG: Build date: May  4 2025 23:18:25
[2026-02-20 17:23:14] DEBUG: Total RAM: 251 Gb
[2026-02-20 17:23:14] DEBUG: Available RAM: 247 Gb
[2026-02-20 17:23:14] DEBUG: Total CPUs: 32
[2026-02-20 17:23:14] DEBUG: Loading /data/softs/Miniforge3-25.11.0-0/envs/flye-2.9.6/lib/python3.12/site-packages/flye/config/bin_cfg/asm_nano_hq.cfg
[2026-02-20 17:23:14] DEBUG: Loading /data/softs/Miniforge3-25.11.0-0/envs/flye-2.9.6/lib/python3.12/site-packages/flye/config/bin_cfg/asm_defaults.cfg
[2026-02-20 17:23:14] DEBUG: 	big_genome_threshold=29000000
[2026-02-20 17:23:14] DEBUG: 	meta_read_filter_kmer_freq=100
[2026-02-20 17:23:14] DEBUG: 	chain_large_gap_penalty=2
[2026-02-20 17:23:14] DEBUG: 	chain_small_gap_penalty=0.5
[2026-02-20 17:23:14] DEBUG: 	chain_gap_jump_threshold=100
[2026-02-20 17:23:14] DEBUG: 	max_jump_gap=500
[2026-02-20 17:23:14] DEBUG: 	max_coverage_drop_rate=5
[2026-02-20 17:23:14] DEBUG: 	max_extensions_drop_rate=5
[2026-02-20 17:23:14] DEBUG: 	chimera_window=100
[2026-02-20 17:23:14] DEBUG: 	chimera_overhang=1000
[2026-02-20 17:23:14] DEBUG: 	min_reads_in_disjointig=4
[2026-02-20 17:23:14] DEBUG: 	max_inner_reads=10
[2026-02-20 17:23:14] DEBUG: 	max_inner_fraction=0.25
[2026-02-20 17:23:14] DEBUG: 	aggressive_dup_filter=1
[2026-02-20 17:23:14] DEBUG: 	max_separation=500
[2026-02-20 17:23:14] DEBUG: 	unique_edge_length=50000
[2026-02-20 17:23:14] DEBUG: 	min_repeat_res_support=0.51
[2026-02-20 17:23:14] DEBUG: 	out_paths_ratio=5
[2026-02-20 17:23:14] DEBUG: 	graph_cov_drop_rate=5
[2026-02-20 17:23:14] DEBUG: 	coverage_estimate_window=100
[2026-02-20 17:23:14] DEBUG: 	max_bubble_length=50000
[2026-02-20 17:23:14] DEBUG: 	loop_coverage_rate=1.5
[2026-02-20 17:23:14] DEBUG: 	repeat_edge_cov_mult=1.75
[2026-02-20 17:23:14] DEBUG: 	weak_detach_rate=5
[2026-02-20 17:23:14] DEBUG: 	tip_coverage_rate=2
[2026-02-20 17:23:14] DEBUG: 	tip_length_rate=2
[2026-02-20 17:23:14] DEBUG: 	output_gfa_before_rr=1
[2026-02-20 17:23:14] DEBUG: 	remove_alt_edges=0
[2026-02-20 17:23:14] DEBUG: 	low_cutoff_warning=0
[2026-02-20 17:23:14] DEBUG: 	kmer_size=17
[2026-02-20 17:23:14] DEBUG: 	use_minimizers=1
[2026-02-20 17:23:14] DEBUG: 	minimizer_window=10
[2026-02-20 17:23:14] DEBUG: 	reads_base_alignment=1
[2026-02-20 17:23:14] DEBUG: 	meta_read_top_kmer_rate=0.75
[2026-02-20 17:23:14] DEBUG: 	maximum_jump=1500
[2026-02-20 17:23:14] DEBUG: 	maximum_overhang=1500
[2026-02-20 17:23:14] DEBUG: 	repeat_kmer_rate=100
[2026-02-20 17:23:14] DEBUG: 	assemble_ovlp_divergence=0.03
[2026-02-20 17:23:14] DEBUG: 	assemble_divergence_relative=1
[2026-02-20 17:23:14] DEBUG: 	repeat_graph_ovlp_divergence=0.03
[2026-02-20 17:23:14] DEBUG: 	read_align_ovlp_divergence=0.10
[2026-02-20 17:23:14] DEBUG: 	hpc_scoring_on=1
[2026-02-20 17:23:14] DEBUG: 	add_unassembled_reads=0
[2026-02-20 17:23:14] DEBUG: 	extend_contigs_with_repeats=0
[2026-02-20 17:23:14] DEBUG: 	min_read_cov_cutoff=3
[2026-02-20 17:23:14] DEBUG: 	short_tip_length=20000
[2026-02-20 17:23:14] DEBUG: 	long_tip_length=100000
[2026-02-20 17:23:14] DEBUG: Running with k-mer size: 17
[2026-02-20 17:23:14] DEBUG: Selected minimum overlap 1000
[2026-02-20 17:23:14] INFO: Reading sequences
[2026-02-20 17:23:14] DEBUG: Building positional index
[2026-02-20 17:23:14] DEBUG: Total sequence: 66079284 bp
[2026-02-20 17:23:15] DEBUG: Flipped 0
[2026-02-20 17:23:15] DEBUG: UPath 1: 30 -> 303 -> -11 -> -316 -> 17 -> 306 -> -37 -> 307 -> 286 -> 287 -> -318 -> 5 -> -315 -> 6
[2026-02-20 17:23:15] DEBUG: UPath 2: 288 -> 7
[2026-02-20 17:23:15] DEBUG: UPath 3: 289 -> -319 -> 8 -> 317 -> 14 -> -313 -> 276 -> -312 -> -35 -> -302 -> -16 -> -321 -> 290 -> -293 -> -292 -> -291 -> 320 -> 12 -> -297
[2026-02-20 17:23:15] DEBUG: UPath 4: -34 -> -304 -> 32 -> -305 -> 33
[2026-02-20 17:23:15] DEBUG: UPath 5: 43
[2026-02-20 17:23:15] DEBUG: UPath 6: 45
[2026-02-20 17:23:15] DEBUG: UPath 7: 49
[2026-02-20 17:23:15] DEBUG: UPath 8: 56
[2026-02-20 17:23:15] DEBUG: UPath 9: 58 -> 308 -> -60 -> 309 -> 62 -> 64
[2026-02-20 17:23:15] DEBUG: UPath 10: 63
[2026-02-20 17:23:15] DEBUG: UPath 11: 66
[2026-02-20 17:23:15] DEBUG: UPath 12: 67
[2026-02-20 17:23:15] DEBUG: UPath 13: -314 -> 71
[2026-02-20 17:23:15] DEBUG: UPath 14: -294 -> 72
[2026-02-20 17:23:15] DEBUG: UPath 15: 82
[2026-02-20 17:23:15] DEBUG: UPath 16: 101
[2026-02-20 17:23:15] DEBUG: UPath 17: 103
[2026-02-20 17:23:15] DEBUG: UPath 18: 110
[2026-02-20 17:23:15] DEBUG: UPath 19: 119
[2026-02-20 17:23:15] DEBUG: UPath 20: 121
[2026-02-20 17:23:15] DEBUG: UPath 21: 122
[2026-02-20 17:23:15] DEBUG: UPath 22: 123
[2026-02-20 17:23:15] DEBUG: UPath 23: 132
[2026-02-20 17:23:15] DEBUG: UPath 24: 134
[2026-02-20 17:23:15] DEBUG: UPath 25: 138
[2026-02-20 17:23:15] DEBUG: UPath 26: 142 -> 298 -> -310 -> 244 -> -311 -> -296 -> -295
[2026-02-20 17:23:15] DEBUG: UPath 27: 148
[2026-02-20 17:23:15] DEBUG: UPath 28: 150
[2026-02-20 17:23:15] DEBUG: UPath 29: 153
[2026-02-20 17:23:15] DEBUG: UPath 30: 155
[2026-02-20 17:23:15] DEBUG: UPath 31: 160
[2026-02-20 17:23:15] DEBUG: UPath 32: 165
[2026-02-20 17:23:15] DEBUG: UPath 33: 172
[2026-02-20 17:23:15] DEBUG: UPath 34: 174
[2026-02-20 17:23:15] DEBUG: UPath 35: 183
[2026-02-20 17:23:15] DEBUG: UPath 36: 185
[2026-02-20 17:23:15] DEBUG: UPath 37: 192
[2026-02-20 17:23:15] DEBUG: UPath 38: 197
[2026-02-20 17:23:15] DEBUG: UPath 39: 207
[2026-02-20 17:23:15] DEBUG: UPath 40: 209
[2026-02-20 17:23:15] DEBUG: UPath 41: 215
[2026-02-20 17:23:15] DEBUG: UPath 42: 216
[2026-02-20 17:23:15] DEBUG: UPath 43: 218
[2026-02-20 17:23:15] DEBUG: UPath 44: 223
[2026-02-20 17:23:15] DEBUG: UPath 45: 226
[2026-02-20 17:23:15] DEBUG: UPath 46: 231
[2026-02-20 17:23:15] DEBUG: UPath 47: 232
[2026-02-20 17:23:15] DEBUG: UPath 48: 238
[2026-02-20 17:23:15] DEBUG: UPath 49: 239
[2026-02-20 17:23:15] DEBUG: UPath 50: 241
[2026-02-20 17:23:15] DEBUG: UPath 51: 242
[2026-02-20 17:23:15] DEBUG: UPath 52: 246
[2026-02-20 17:23:15] DEBUG: UPath 53: 249
[2026-02-20 17:23:15] DEBUG: UPath 54: 250
[2026-02-20 17:23:15] DEBUG: UPath 55: 252
[2026-02-20 17:23:15] DEBUG: UPath 56: 254
[2026-02-20 17:23:15] DEBUG: UPath 57: 257
[2026-02-20 17:23:15] DEBUG: UPath 58: 259
[2026-02-20 17:23:15] DEBUG: UPath 59: 260
[2026-02-20 17:23:15] DEBUG: UPath 60: 264
[2026-02-20 17:23:15] DEBUG: UPath 61: 273
[2026-02-20 17:23:15] DEBUG: UPath 62: 282
[2026-02-20 17:23:15] DEBUG: UPath 63: 283
[2026-02-20 17:23:15] DEBUG: UPath 64: 299 -> 300
[2026-02-20 17:23:15] DEBUG: UPath 65: 301
[2026-02-20 17:23:15] DEBUG: Final graph contains 65 egdes
[2026-02-20 17:23:15] DEBUG: Extending contigs into repeats
[2026-02-20 17:23:15] DEBUG: Covered 1 repetitive contigs
[2026-02-20 17:23:15] INFO: Generated 64 contigs
[2026-02-20 17:23:15] DEBUG: Writing FASTA
[2026-02-20 17:23:15] DEBUG: Generating scaffold connections
[2026-02-20 17:23:15] INFO: Added 0 scaffold connections
[2026-02-20 17:23:15] DEBUG: Writing Dot
[2026-02-20 17:23:15] DEBUG: Writing FASTA
[2026-02-20 17:23:15] DEBUG: Writing Gfa
[2026-02-20 17:23:15] DEBUG: Peak RAM usage: 0 Gb
-----------End assembly log------------
[2026-02-20 17:23:15] root: INFO: >>>STAGE: polishing
[2026-02-20 17:23:15] root: INFO: Polishing genome (1/1)
[2026-02-20 17:23:15] root: INFO: Running minimap2
[2026-02-20 17:23:17] root: INFO: Separating alignment into bubbles
[2026-02-20 17:23:29] root: DEBUG: Generated 310829 bubbles
[2026-02-20 17:23:29] root: DEBUG: Split 6 long bubbles
[2026-02-20 17:23:29] root: DEBUG: Skipped 4 empty bubbles
[2026-02-20 17:23:29] root: DEBUG: Skipped 1 bubbles with long branches
[2026-02-20 17:23:29] root: INFO: Alignment error rate: 0.011225
[2026-02-20 17:23:29] root: INFO: Correcting bubbles
[2026-02-20 17:23:54] root: DEBUG: Mean contig coverage: 12, selected threshold: 3
[2026-02-20 17:23:54] root: DEBUG: Filtered 0 contigs of total length 0
[2026-02-20 17:23:54] root: DEBUG: Generating polished GFA
[2026-02-20 17:23:55] root: DEBUG: 1 sequences remained unpolished
[2026-02-20 17:23:55] root: INFO: >>>STAGE: finalize
[2026-02-20 17:23:55] root: DEBUG: ---Output dir contents:----
[2026-02-20 17:23:55] root: DEBUG: assembly/
[2026-02-20 17:23:55] root: DEBUG:     180.0 K     flye.log
[2026-02-20 17:23:55] root: DEBUG:     92.0 B      params.json
[2026-02-20 17:23:55] root: DEBUG:     18.0 K      assembly_graph.gv
[2026-02-20 17:23:55] root: DEBUG:     4.0 M       assembly_graph.gfa
[2026-02-20 17:23:55] root: DEBUG:     4.0 M       assembly.fasta
[2026-02-20 17:23:55] root: DEBUG:     00-assembly/
[2026-02-20 17:23:55] root: DEBUG:         5.0 M       draft_assembly.fasta
[2026-02-20 17:23:55] root: DEBUG:         7.0 K       draft_assembly.fasta.fai
[2026-02-20 17:23:55] root: DEBUG:     10-consensus/
[2026-02-20 17:23:55] root: DEBUG:         972.0 B     minimap.stderr
[2026-02-20 17:23:55] root: DEBUG:         9.0 K       minimap.bam.csi
[2026-02-20 17:23:55] root: DEBUG:         6.0 M       consensus.fasta
[2026-02-20 17:23:55] root: DEBUG:     20-repeat/
[2026-02-20 17:23:55] root: DEBUG:         22.0 K      graph_before_rr.gv
[2026-02-20 17:23:55] root: DEBUG:         4.0 M       graph_before_rr.fasta
[2026-02-20 17:23:55] root: DEBUG:         4.0 M       graph_before_rr.gfa
[2026-02-20 17:23:55] root: DEBUG:         24.0 K      graph_after_rr.gv
[2026-02-20 17:23:55] root: DEBUG:         25.0 K      repeat_graph_dump
[2026-02-20 17:23:55] root: DEBUG:         3.0 M       read_alignment_dump
[2026-02-20 17:23:55] root: DEBUG:         5.0 M       repeat_graph_edges.fasta
[2026-02-20 17:23:55] root: DEBUG:     30-contigger/
[2026-02-20 17:23:55] root: DEBUG:         4.0 M       contigs.fasta
[2026-02-20 17:23:55] root: DEBUG:         2.0 K       contigs_stats.txt
[2026-02-20 17:23:55] root: DEBUG:         0.0 B       scaffolds_links.txt
[2026-02-20 17:23:55] root: DEBUG:         18.0 K      graph_final.gv
[2026-02-20 17:23:55] root: DEBUG:         4.0 M       graph_final.fasta
[2026-02-20 17:23:55] root: DEBUG:         4.0 M       graph_final.gfa
[2026-02-20 17:23:55] root: DEBUG:         1.0 K       contigs.fasta.fai
[2026-02-20 17:23:55] root: DEBUG:     40-polishing/
[2026-02-20 17:23:55] root: DEBUG:         926.0 B     minimap.stderr
[2026-02-20 17:23:55] root: DEBUG:         6.0 K       minimap_1.bam.csi
[2026-02-20 17:23:55] root: DEBUG:         1.0 K       contigs_stats.txt
[2026-02-20 17:23:55] root: DEBUG:         1.0 M       base_coverage.bed.gz
[2026-02-20 17:23:55] root: DEBUG:         4.0 M       filtered_contigs.fasta
[2026-02-20 17:23:55] root: DEBUG:         1.0 K       filtered_stats.txt
[2026-02-20 17:23:55] root: DEBUG:         1.0 K       filtered_contigs.fasta.fai
[2026-02-20 17:23:55] root: DEBUG:         866.0 B     edges_aln.bam.csi
[2026-02-20 17:23:55] root: DEBUG:         4.0 M       polished_edges.gfa
[2026-02-20 17:23:55] root: DEBUG: --------------------------
[2026-02-20 17:23:55] root: INFO: Assembly statistics:

	Total length:	4703667
	Fragments:	64
	Fragments N50:	688906
	Largest frg:	1403935
	Scaffolds:	0
	Mean coverage:	12

[2026-02-20 17:23:55] root: INFO: Final assembly: /scratch/ky/characterization/results/barcode28/assembly/assembly.fasta
