Chain
	Aln	314	+2801c3eb-b340-4517-86bf-fb67ea1d9824 49 2445 2448 +edge_158_0_+disjointig_96_0_23051 14949 17359 23051 -1 -1 1470 0.0432284
Chain
	Aln	315	-2801c3eb-b340-4517-86bf-fb67ea1d9824 2 2398 2448 -edge_158_0_+disjointig_96_0_23051 5691 8101 23051 -1 -1 1470 0.0432284
Chain
	Aln	55	+ba567b1e-fe7f-40a5-9c15-04c2893a30ff 18 2635 2638 -edge_28_0_+disjointig_111_0_4269 1648 4266 4269 -1 -1 2617 0.00233551
Chain
	Aln	54	-ba567b1e-fe7f-40a5-9c15-04c2893a30ff 2 2619 2638 +edge_28_0_+disjointig_111_0_4269 2 2620 4269 -1 -1 2617 0.00233551
Chain
	Aln	141	+0dc84e44-288c-486d-9ee7-5ccef9b966dd 11 3433 3440 -edge_71_0_+disjointig_19_0_10405 10 3434 10405 -1 -1 3409 0.00234344
Chain
	Aln	140	-0dc84e44-288c-486d-9ee7-5ccef9b966dd 6 3428 3440 +edge_71_0_+disjointig_19_0_10405 6970 10394 10405 -1 -1 3409 0.00234344
Chain
	Aln	335	+678ca036-7d8e-44e9-b394-0ae23476a056 0 685 3687 -edge_168_1_+disjointig_23_12768_20169 6715 7400 7401 -1 -1 685 0
	Aln	335	+678ca036-7d8e-44e9-b394-0ae23476a056 691 3678 3687 -edge_168_0_+disjointig_23_5372_12768 5 2993 7396 -1 -1 2960 0.00113633
Chain
	Aln	334	-678ca036-7d8e-44e9-b394-0ae23476a056 8 2995 3687 +edge_168_0_+disjointig_23_5372_12768 4402 7390 7396 -1 -1 2960 0.00113633
	Aln	334	-678ca036-7d8e-44e9-b394-0ae23476a056 3001 3686 3687 +edge_168_1_+disjointig_23_12768_20169 0 685 7401 -1 -1 685 0
Chain
	Aln	53	+7c50b812-06c4-4c0e-9d2f-d0b0c6a68f88 17 2215 2219 -edge_27_0_+disjointig_110_0_4361 16 2206 4361 -1 -1 2145 0.000666392
Chain
	Aln	52	-7c50b812-06c4-4c0e-9d2f-d0b0c6a68f88 3 2201 2219 +edge_27_0_+disjointig_110_0_4361 2154 4344 4361 -1 -1 2145 0.000666392
Chain
	Aln	76	+01fe0f09-584a-43a5-b618-8745f263f477 5 1401 1405 +edge_39_0_+disjointig_12_0_55869 40916 42310 55869 -1 -1 1390 0.00224352
Chain
	Aln	77	-01fe0f09-584a-43a5-b618-8745f263f477 3 1399 1405 -edge_39_0_+disjointig_12_0_55869 13558 14952 55869 -1 -1 1390 0.00224352
Chain
	Aln	77	+a733645a-fdd0-4c35-a52a-aa5397627a68 11 5696 5713 -edge_39_0_+disjointig_12_0_55869 6648 12332 55869 -1 -1 5572 0.00257621
Chain
	Aln	76	-a733645a-fdd0-4c35-a52a-aa5397627a68 16 5701 5713 +edge_39_0_+disjointig_12_0_55869 43536 49220 55869 -1 -1 5572 0.00257621
Chain
	Aln	162	+e1d10d94-91e3-4aa0-90bd-adf790d4a323 5 1582 1590 +edge_82_0_+disjointig_28_0_10331 4726 6310 10331 -1 -1 1511 0.00524701
Chain
	Aln	163	-e1d10d94-91e3-4aa0-90bd-adf790d4a323 7 1584 1590 -edge_82_0_+disjointig_28_0_10331 4020 5604 10331 -1 -1 1511 0.00524701
Chain
	Aln	296	+56034179-31ec-405b-ba30-a33be70c3948 10 5320 5326 +edge_149_0_+disjointig_85_0_8407 3088 8402 8407 -1 -1 5263 0.000551186
Chain
	Aln	297	-56034179-31ec-405b-ba30-a33be70c3948 5 5315 5326 -edge_149_0_+disjointig_85_0_8407 4 5318 8407 -1 -1 5263 0.000551186
Chain
	Aln	141	+9f6169be-8206-4710-8479-3d42bc7b54bf 7 1860 1863 -edge_71_0_+disjointig_19_0_10405 4737 6590 10405 -1 -1 1847 0.00534184
Chain
	Aln	140	-9f6169be-8206-4710-8479-3d42bc7b54bf 2 1855 1863 +edge_71_0_+disjointig_19_0_10405 3814 5667 10405 -1 -1 1847 0.00534184
Chain
	Aln	195	+169f6448-20b7-4759-8d67-1fbe8c80c3fb 4 8905 8910 -edge_98_0_+disjointig_38_0_21216 3 8903 21216 -1 -1 8687 0.00210648
Chain
	Aln	194	-169f6448-20b7-4759-8d67-1fbe8c80c3fb 4 8905 8910 +edge_98_0_+disjointig_38_0_21216 12312 21212 21216 -1 -1 8687 0.00210648
Chain
	Aln	125	+b15b1e28-41f9-49c4-b3fa-53f0b1905f01 7 2259 2261 -edge_63_0_+disjointig_135_0_6899 4645 6897 6899 -1 -1 2209 0.00315128
Chain
	Aln	124	-b15b1e28-41f9-49c4-b3fa-53f0b1905f01 1 2253 2261 +edge_63_0_+disjointig_135_0_6899 1 2253 6899 -1 -1 2209 0.00315128
Chain
	Aln	51	+549067c4-0020-49ff-8936-2178f1c59466 19 2621 2623 -edge_26_0_+disjointig_11_0_37022 18 2629 37022 -1 -1 2561 0.00335322
Chain
	Aln	50	-549067c4-0020-49ff-8936-2178f1c59466 1 2603 2623 +edge_26_0_+disjointig_11_0_37022 34392 37003 37022 -1 -1 2561 0.00335322
Chain
	Aln	50	+5d7119a3-493f-45ac-9d30-b00a1db2e975 6 11549 12500 +edge_26_0_+disjointig_11_0_37022 25475 37011 37022 -1 -1 11118 0.00355424
Chain
	Aln	51	-5d7119a3-493f-45ac-9d30-b00a1db2e975 950 12493 12500 -edge_26_0_+disjointig_11_0_37022 10 11546 37022 -1 -1 11118 0.00355424
Chain
	Aln	325	+1cce5b2e-b081-4ab6-b9b2-657c2f2e8482 11 5700 5702 -edge_163_0_+disjointig_115_0_36592 30901 36590 36592 -1 -1 5642 0.00038871
Chain
	Aln	324	-1cce5b2e-b081-4ab6-b9b2-657c2f2e8482 1 5690 5702 +edge_163_0_+disjointig_115_0_36592 1 5690 36592 -1 -1 5642 0.00038871
Chain
	Aln	258	+de5f0365-ee48-473d-99fb-44b5a2112274 3360 11253 11256 +edge_130_0_+disjointig_67_0_7895 1 7893 7895 -1 -1 7778 0.00168637
Chain
	Aln	259	-de5f0365-ee48-473d-99fb-44b5a2112274 2 7895 11256 -edge_130_0_+disjointig_67_0_7895 1 7893 7895 -1 -1 7778 0.00168637
Chain
	Aln	220	+f16c4f9e-9a34-4146-8348-f8e53b36407e 15 6589 6592 +edge_111_0_+disjointig_5_0_37791 22519 29093 37791 -1 -1 6572 0.000338211
Chain
	Aln	221	-f16c4f9e-9a34-4146-8348-f8e53b36407e 2 6576 6592 -edge_111_0_+disjointig_5_0_37791 8697 15271 37791 -1 -1 6572 0.000338211
Chain
	Aln	336	+09433a05-6008-4b3e-ad94-71b7113c6590 19 2014 2018 +edge_169_0_+disjointig_54_0_10168 4295 6292 10168 -1 -1 1983 0.000676506
Chain
	Aln	337	-09433a05-6008-4b3e-ad94-71b7113c6590 3 1998 2018 -edge_169_0_+disjointig_54_0_10168 3875 5872 10168 -1 -1 1983 0.000676506
Chain
	Aln	136	+d2567df2-15f0-4b65-81a3-587ef82a29b6 1394 11297 11306 +edge_69_0_+disjointig_15_0_9924 3 9916 9924 -1 -1 9851 0.000119138
Chain
	Aln	137	-d2567df2-15f0-4b65-81a3-587ef82a29b6 8 9911 11306 -edge_69_0_+disjointig_15_0_9924 7 9920 9924 -1 -1 9851 0.000119138
Chain
	Aln	335	+49e17cfb-fdf9-47b1-a699-8e5635ade988 1 3671 3680 -edge_168_0_+disjointig_23_5372_12768 3678 7350 7396 -1 -1 3614 0.00189306
Chain
	Aln	334	-49e17cfb-fdf9-47b1-a699-8e5635ade988 8 3678 3680 +edge_168_0_+disjointig_23_5372_12768 45 3717 7396 -1 -1 3614 0.00189306
Chain
	Aln	142	+fa59e1cc-3997-4eca-a47e-ad613bc9026b 28 3355 3357 +edge_72_0_+disjointig_2_0_3358 9 3336 3358 -1 -1 3320 0
Chain
	Aln	143	-fa59e1cc-3997-4eca-a47e-ad613bc9026b 1 3328 3357 -edge_72_0_+disjointig_2_0_3358 21 3348 3358 -1 -1 3320 0
Chain
	Aln	143	+9d3d6822-38bf-4592-95e8-815f37e7c1b1 11 3349 3359 -edge_72_0_+disjointig_2_0_3358 10 3348 3358 -1 -1 3338 0
Chain
	Aln	142	-9d3d6822-38bf-4592-95e8-815f37e7c1b1 9 3347 3359 +edge_72_0_+disjointig_2_0_3358 9 3347 3358 -1 -1 3338 0
Chain
	Aln	164	+f7260781-28fe-4d4c-8526-a143331e089d 1100 5472 5476 +edge_83_0_+disjointig_29_0_8745 9 4375 8745 -1 -1 4315 0.000644485
Chain
	Aln	164	+f7260781-28fe-4d4c-8526-a143331e089d 17 1072 5476 +edge_83_0_+disjointig_29_0_8745 7688 8743 8745 -1 -1 1055 0.00407927
Chain
	Aln	165	-f7260781-28fe-4d4c-8526-a143331e089d 3 4375 5476 -edge_83_0_+disjointig_29_0_8745 4369 8735 8745 -1 -1 4315 0.000644485
Chain
	Aln	165	-f7260781-28fe-4d4c-8526-a143331e089d 4403 5458 5476 -edge_83_0_+disjointig_29_0_8745 1 1056 8745 -1 -1 1055 0.00407927
Chain
	Aln	236	+d4ac3531-61fd-461f-b603-7b523f93c864 535 13242 13248 +edge_119_0_+disjointig_55_0_23236 1 12725 23236 -1 -1 12603 0.000178123
Chain
	Aln	237	-d4ac3531-61fd-461f-b603-7b523f93c864 5 12712 13248 -edge_119_0_+disjointig_55_0_23236 10510 23234 23236 -1 -1 12603 0.000178123
Chain
	Aln	281	+4e57cf15-b87f-45f8-ac32-e9865f9c5827 12 1138 1943 -edge_141_0_+disjointig_77_0_8415 7288 8414 8415 -1 -1 1114 0
Chain
	Aln	280	-4e57cf15-b87f-45f8-ac32-e9865f9c5827 804 1930 1943 +edge_141_0_+disjointig_77_0_8415 0 1126 8415 -1 -1 1114 0
Chain
	Aln	237	+7485094b-8f96-447f-b453-1b95cc085f5b 7 12736 13252 -edge_119_0_+disjointig_55_0_23236 10491 23235 23236 -1 -1 12572 0.000682218
Chain
	Aln	236	-7485094b-8f96-447f-b453-1b95cc085f5b 515 13244 13252 +edge_119_0_+disjointig_55_0_23236 0 12744 23236 -1 -1 12572 0.000682218
Chain
	Aln	319	+8e0b31a4-01a7-42a4-8910-22fe8181c0a5 12 3657 3662 -edge_160_0_+disjointig_98_0_6542 11 3650 6542 -1 -1 3117 0.017204
Chain
	Aln	318	-8e0b31a4-01a7-42a4-8910-22fe8181c0a5 4 3649 3662 +edge_160_0_+disjointig_98_0_6542 2891 6530 6542 -1 -1 3117 0.017204
Chain
	Aln	135	+78d1e4a5-d605-43fb-8622-7c734431c870 31 14805 14808 -edge_68_0_+disjointig_14_0_14786 10 14783 14786 -1 -1 14618 0.000768355
Chain
	Aln	134	-78d1e4a5-d605-43fb-8622-7c734431c870 2 14776 14808 +edge_68_0_+disjointig_14_0_14786 2 14775 14786 -1 -1 14618 0.000768355
Chain
	Aln	15	+9cccddbc-98eb-4d09-ba8f-23011a2083cd 27 2387 2392 -edge_8_0_-disjointig_16_16711_37977 13016 15373 21266 -1 -1 2314 0.00410588
Chain
	Aln	14	-9cccddbc-98eb-4d09-ba8f-23011a2083cd 4 2364 2392 +edge_8_0_-disjointig_16_16711_37977 5892 8249 21266 -1 -1 2314 0.00410588
Chain
	Aln	173	+c3d73f64-3864-4976-96a1-be8cdb4a07e7 1226 2779 2782 -edge_87_0_+disjointig_31_0_3626 13 1566 3626 -1 -1 1534 0.00253338
Chain
	Aln	172	-c3d73f64-3864-4976-96a1-be8cdb4a07e7 2 1555 2782 +edge_87_0_+disjointig_31_0_3626 2059 3612 3626 -1 -1 1534 0.00253338
Chain
	Aln	276	+c570481a-bede-4e88-aa2d-d427d896fc84 2 4010 4898 +edge_139_0_+disjointig_75_0_4019 2 4010 4019 -1 -1 3999 0.00104734
Chain
	Aln	277	-c570481a-bede-4e88-aa2d-d427d896fc84 887 4895 4898 -edge_139_0_+disjointig_75_0_4019 8 4016 4019 -1 -1 3999 0.00104734
Chain
	Aln	189	+41ad71dd-ca2f-4610-8f81-a3e8020bbad6 3 8254 8260 -edge_95_0_+disjointig_35_0_19429 1142 9322 19429 -1 -1 6663 0.016611
Chain
	Aln	188	-41ad71dd-ca2f-4610-8f81-a3e8020bbad6 5 8256 8260 +edge_95_0_+disjointig_35_0_19429 10106 18286 19429 -1 -1 6663 0.016611
Chain
	Aln	95	+01ea57eb-2250-4934-807f-2ec7edbe972b 3 1245 1265 -edge_48_0_+disjointig_124_0_14585 6928 8167 14585 -1 -1 1221 0.0014848
Chain
	Aln	94	-01ea57eb-2250-4934-807f-2ec7edbe972b 19 1261 1265 +edge_48_0_+disjointig_124_0_14585 6417 7656 14585 -1 -1 1221 0.0014848
Chain
	Aln	58	+31569d23-34b9-4cd4-b6e1-4cbaf3e8fc4e 15 1048 1051 +edge_30_0_+disjointig_113_0_16942 9613 10645 16942 -1 -1 1031 0.0018565
Chain
	Aln	59	-31569d23-34b9-4cd4-b6e1-4cbaf3e8fc4e 2 1035 1051 -edge_30_0_+disjointig_113_0_16942 6296 7328 16942 -1 -1 1031 0.0018565
Chain
	Aln	14	+13915680-a8dc-4dd2-a7ea-3a5b6d803ce4 7 7508 7546 +edge_8_0_-disjointig_16_16711_37977 706 8216 21266 -1 -1 7335 0.00234515
Chain
	Aln	15	-13915680-a8dc-4dd2-a7ea-3a5b6d803ce4 37 7538 7546 -edge_8_0_-disjointig_16_16711_37977 13049 20559 21266 -1 -1 7335 0.00234515
Chain
	Aln	209	+26669c84-8cdd-4085-a1e8-69f1d79c8388 5 4712 4717 -edge_105_0_+disjointig_44_0_4860 152 4859 4860 -1 -1 4707 0
Chain
	Aln	208	-26669c84-8cdd-4085-a1e8-69f1d79c8388 4 4711 4717 +edge_105_0_+disjointig_44_0_4860 0 4707 4860 -1 -1 4707 0
Chain
	Aln	264	+04973b64-e6df-4ce4-8291-bdd27a16f441 7 6099 6110 +edge_133_0_+disjointig_7_0_18901 12793 18891 18901 -1 -1 6022 0.000414207
Chain
	Aln	265	-04973b64-e6df-4ce4-8291-bdd27a16f441 10 6102 6110 -edge_133_0_+disjointig_7_0_18901 9 6107 18901 -1 -1 6022 0.000414207
Chain
	Aln	260	+2787489f-92f5-4b17-a774-87d88310206c 3265 31224 31229 +edge_131_0_+disjointig_68_0_27978 1 27974 27978 -1 -1 27781 0.000555257
Chain
	Aln	261	-2787489f-92f5-4b17-a774-87d88310206c 4 27963 31229 -edge_131_0_+disjointig_68_0_27978 3 27976 27978 -1 -1 27781 0.000555257
Chain
	Aln	60	+5bb3e973-fbb1-424b-832d-8acf8a0ee2e3 31 16555 16563 +edge_31_0_+disjointig_114_0_16562 10 16534 16562 -1 -1 16372 0.00109548
Chain
	Aln	61	-5bb3e973-fbb1-424b-832d-8acf8a0ee2e3 7 16531 16563 -edge_31_0_+disjointig_114_0_16562 27 16551 16562 -1 -1 16372 0.00109548
Chain
	Aln	12	+d14460a0-3fbe-42db-8711-333b7ca51c5c 6 10175 10187 +edge_7_0_+disjointig_10_4743_23518 8604 18764 18775 -1 -1 10141 2.94654e-05
Chain
	Aln	13	-d14460a0-3fbe-42db-8711-333b7ca51c5c 11 10180 10187 -edge_7_0_+disjointig_10_4743_23518 10 10170 18775 -1 -1 10141 2.94654e-05
Chain
	Aln	61	+ba442b45-a121-4cf8-9950-6dec90b952ba 11 16566 16577 -edge_31_0_+disjointig_114_0_16562 10 16551 16562 -1 -1 16252 0.00223758
Chain
	Aln	60	-ba442b45-a121-4cf8-9950-6dec90b952ba 10 16565 16577 +edge_31_0_+disjointig_114_0_16562 10 16551 16562 -1 -1 16252 0.00223758
Chain
	Aln	334	+36880033-d366-4e86-b80a-fa45f1a90969 2 3677 3680 +edge_168_1_+disjointig_23_12768_20169 3576 7252 7401 -1 -1 3649 0.00122976
Chain
	Aln	335	-36880033-d366-4e86-b80a-fa45f1a90969 2 3677 3680 -edge_168_1_+disjointig_23_12768_20169 148 3824 7401 -1 -1 3649 0.00122976
Chain
	Aln	158	+7a5eda1e-3797-4fc4-a248-f0702f691309 5 11307 11317 +edge_80_0_+disjointig_26_0_24515 13207 24506 24515 -1 -1 11166 0.000398768
Chain
	Aln	159	-7a5eda1e-3797-4fc4-a248-f0702f691309 9 11311 11317 -edge_80_0_+disjointig_26_0_24515 8 11307 24515 -1 -1 11166 0.000398768
Chain
	Aln	53	+e241ef1f-a8ac-461f-930d-4fd72cb518f8 968 5311 5313 -edge_27_0_+disjointig_110_0_4361 16 4359 4361 -1 -1 4319 2.77622e-05
Chain
	Aln	52	-e241ef1f-a8ac-461f-930d-4fd72cb518f8 1 4344 5313 +edge_27_0_+disjointig_110_0_4361 1 4344 4361 -1 -1 4319 2.77622e-05
Chain
	Aln	334	+cf7ce446-ccbf-49c6-bd88-6b619b506857 10 3661 3669 +edge_168_0_+disjointig_23_5372_12768 1089 4751 7396 -1 -1 3439 0.00709265
Chain
	Aln	335	-cf7ce446-ccbf-49c6-bd88-6b619b506857 7 3658 3669 -edge_168_0_+disjointig_23_5372_12768 2644 6306 7396 -1 -1 3439 0.00709265
Chain
	Aln	236	+4cd16369-a92d-4e61-b2b4-268f3621ad8f 9 2282 2284 +edge_119_0_+disjointig_55_0_23236 7698 9971 23236 -1 -1 2273 0
Chain
	Aln	237	-4cd16369-a92d-4e61-b2b4-268f3621ad8f 1 2274 2284 -edge_119_0_+disjointig_55_0_23236 13264 15537 23236 -1 -1 2273 0
Chain
	Aln	335	+0a388a1a-da62-4e18-b619-b204dd7a3564 2 2527 3676 -edge_168_0_+disjointig_23_5372_12768 4871 7395 7396 -1 -1 2464 0.00285209
	Aln	335	+0a388a1a-da62-4e18-b619-b204dd7a3564 2533 3673 3676 -edge_168_1_+disjointig_23_12768_20169 5 1150 7401 -1 -1 1121 0.00233472
Chain
	Aln	334	-0a388a1a-da62-4e18-b619-b204dd7a3564 2 1142 3676 +edge_168_1_+disjointig_23_12768_20169 6250 7395 7401 -1 -1 1121 0.00233472
	Aln	334	-0a388a1a-da62-4e18-b619-b204dd7a3564 1148 3673 3676 +edge_168_0_+disjointig_23_5372_12768 0 2524 7396 -1 -1 2464 0.00285209
Chain
	Aln	266	+aa017891-edde-470b-bbaf-aed17425c13c 9 20196 20206 +edge_134_0_+disjointig_70_0_26333 6151 26324 26333 -1 -1 17556 0.0109595
Chain
	Aln	267	-aa017891-edde-470b-bbaf-aed17425c13c 9 20196 20206 -edge_134_0_+disjointig_70_0_26333 8 20181 26333 -1 -1 17556 0.0109595
Chain
	Aln	313	+f5d5eb62-a983-4932-8768-9c8f4a5d6278 9 3293 3301 -edge_157_0_+disjointig_95_0_18715 15427 18707 18715 -1 -1 3251 0.000884746
Chain
	Aln	312	-f5d5eb62-a983-4932-8768-9c8f4a5d6278 7 3291 3301 +edge_157_0_+disjointig_95_0_18715 7 3287 18715 -1 -1 3251 0.000884746
Chain
	Aln	257	+fdeffbe0-ccc5-4802-a30a-60a8bcae7f8e 36 6253 6256 -edge_129_0_+disjointig_66_0_27601 34 6252 27601 -1 -1 6062 0.00204601
Chain
	Aln	256	-fdeffbe0-ccc5-4802-a30a-60a8bcae7f8e 2 6219 6256 +edge_129_0_+disjointig_66_0_27601 21348 27566 27601 -1 -1 6062 0.00204601
Chain
	Aln	50	+b8b7db81-e025-4079-beb8-25fdc6e7f5f7 24 1823 1831 +edge_26_0_+disjointig_11_0_37022 13729 15529 37022 -1 -1 1791 0
Chain
	Aln	51	-b8b7db81-e025-4079-beb8-25fdc6e7f5f7 7 1806 1831 -edge_26_0_+disjointig_11_0_37022 21492 23292 37022 -1 -1 1791 0
Chain
	Aln	271	+03521809-5442-4e7e-9a09-0ff04530015a 10 1414 1421 -edge_136_0_+disjointig_72_0_22270 62 1466 22270 -1 -1 1404 0.00185789
Chain
	Aln	270	-03521809-5442-4e7e-9a09-0ff04530015a 6 1410 1421 +edge_136_0_+disjointig_72_0_22270 20803 22207 22270 -1 -1 1404 0.00185789
Chain
	Aln	303	+d181396f-8a51-46a2-a8e5-c0abb2c7ff44 6 7578 7602 -edge_152_0_+disjointig_89_0_41706 9174 16746 41706 -1 -1 7445 0.00237975
Chain
	Aln	302	-d181396f-8a51-46a2-a8e5-c0abb2c7ff44 23 7595 7602 +edge_152_0_+disjointig_89_0_41706 24959 32531 41706 -1 -1 7445 0.00237975
Chain
	Aln	337	+e9126bda-d0c2-4396-bb25-ed3bb12fd73e 10 3533 3535 -edge_169_0_+disjointig_54_0_10168 6646 10166 10168 -1 -1 3455 0.00197978
Chain
	Aln	336	-e9126bda-d0c2-4396-bb25-ed3bb12fd73e 1 3524 3535 +edge_169_0_+disjointig_54_0_10168 1 3521 10168 -1 -1 3455 0.00197978
Chain
	Aln	111	+9e291e9d-36eb-4042-acca-6e2ba1d5e2cc 12 1138 1150 -edge_56_0_+disjointig_129_0_22409 10851 11978 22409 -1 -1 1111 0
Chain
	Aln	110	-9e291e9d-36eb-4042-acca-6e2ba1d5e2cc 11 1137 1150 +edge_56_0_+disjointig_129_0_22409 10430 11557 22409 -1 -1 1111 0
Chain
	Aln	76	+c56d960c-94ba-4e19-8d25-64898e1568e6 22 2841 2844 +edge_39_0_+disjointig_12_0_55869 19828 22645 55869 -1 -1 2779 0
Chain
	Aln	77	-c56d960c-94ba-4e19-8d25-64898e1568e6 2 2821 2844 -edge_39_0_+disjointig_12_0_55869 33223 36040 55869 -1 -1 2779 0
Chain
	Aln	169	+9c393504-3437-41ed-bace-48a532fbbfc7 8 1087 1211 -edge_85_0_+disjointig_30_0_17401 16321 17400 17401 -1 -1 1066 0
Chain
	Aln	168	-9c393504-3437-41ed-bace-48a532fbbfc7 123 1202 1211 +edge_85_0_+disjointig_30_0_17401 0 1079 17401 -1 -1 1066 0
Chain
	Aln	76	+b1a15a6e-3c52-41f6-98b4-e3b54fa710b5 11 3207 3214 +edge_39_0_+disjointig_12_0_55869 38107 41314 55869 -1 -1 3004 0.00675785
Chain
	Aln	77	-b1a15a6e-3c52-41f6-98b4-e3b54fa710b5 6 3202 3214 -edge_39_0_+disjointig_12_0_55869 14554 17761 55869 -1 -1 3004 0.00675785
Chain
	Aln	225	+2f34fdd0-19a0-4439-b30a-4d5cfca7404d 6 11687 11689 -edge_113_0_+disjointig_52_0_20893 4101 15637 20893 -1 -1 10710 0.00458694
Chain
	Aln	224	-2f34fdd0-19a0-4439-b30a-4d5cfca7404d 1 11682 11689 +edge_113_0_+disjointig_52_0_20893 5255 16791 20893 -1 -1 10710 0.00458694
Chain
	Aln	270	+c4e6ebd3-45bb-48e1-959b-4683a3a21ddb 23 22092 22102 +edge_136_0_+disjointig_72_0_22270 190 22261 22270 -1 -1 21980 0.00055129
Chain
	Aln	271	-c4e6ebd3-45bb-48e1-959b-4683a3a21ddb 9 22078 22102 -edge_136_0_+disjointig_72_0_22270 8 22079 22270 -1 -1 21980 0.00055129
Chain
	Aln	266	+025510db-a9de-48c4-bc0b-13dc88eeada2 8 5737 5745 +edge_134_0_+disjointig_70_0_26333 15057 20783 26333 -1 -1 5710 0
Chain
	Aln	267	-025510db-a9de-48c4-bc0b-13dc88eeada2 7 5736 5745 -edge_134_0_+disjointig_70_0_26333 5549 11275 26333 -1 -1 5710 0
Chain
	Aln	177	+9426cbfe-9183-44e9-9861-7b9e9942ddc6 23 3470 3472 -edge_89_0_+disjointig_33_0_31937 20833 24275 31937 -1 -1 3391 0.00165968
Chain
	Aln	176	-9426cbfe-9183-44e9-9861-7b9e9942ddc6 1 3448 3472 +edge_89_0_+disjointig_33_0_31937 7661 11103 31937 -1 -1 3391 0.00165968
Chain
	Aln	223	+25aea5b3-871b-4ec2-bb03-6dce93cfdc1d 11 29501 36742 -edge_112_0_+disjointig_50_0_32884 3432 32883 32884 -1 -1 28500 0.00346259
Chain
	Aln	222	-25aea5b3-871b-4ec2-bb03-6dce93cfdc1d 7240 36730 36742 +edge_112_0_+disjointig_50_0_32884 0 29451 32884 -1 -1 28500 0.00346259
Chain
	Aln	14	+42e0c8bd-1041-4ca1-91a1-2524f1fcfd5f 8 8216 9582 +edge_8_0_-disjointig_16_16711_37977 7663 15877 21266 -1 -1 7825 0.00514444
Chain
	Aln	15	-42e0c8bd-1041-4ca1-91a1-2524f1fcfd5f 1365 9573 9582 -edge_8_0_-disjointig_16_16711_37977 5388 13602 21266 -1 -1 7825 0.00514444
Chain
	Aln	43	+c3ef18f5-f3ee-4f0d-bfe1-2a2c180c4cbd 13 1143 1146 -edge_22_0_+disjointig_106_0_6201 2628 3758 6201 -1 -1 1130 9.92946e-05
Chain
	Aln	42	-c3ef18f5-f3ee-4f0d-bfe1-2a2c180c4cbd 2 1132 1146 +edge_22_0_+disjointig_106_0_6201 2442 3572 6201 -1 -1 1130 9.92946e-05
Chain
	Aln	59	+41b4f1e8-b54f-4c97-b7be-f4516535a7c4 22 8628 8634 -edge_30_0_+disjointig_113_0_16942 8254 16936 16942 -1 -1 8440 0.00252699
Chain
	Aln	58	-41b4f1e8-b54f-4c97-b7be-f4516535a7c4 5 8611 8634 +edge_30_0_+disjointig_113_0_16942 5 8687 16942 -1 -1 8440 0.00252699
Chain
	Aln	177	+3518008b-9bc0-4325-9b00-64b1fa349f39 5 6785 6792 -edge_89_0_+disjointig_33_0_31937 14011 20787 31937 -1 -1 6636 0.00245255
Chain
	Aln	176	-3518008b-9bc0-4325-9b00-64b1fa349f39 6 6786 6792 +edge_89_0_+disjointig_33_0_31937 11149 17925 31937 -1 -1 6636 0.00245255
Chain
	Aln	123	+438a3fb8-2efa-4c52-ad1d-0b8c90389d65 13 3222 3229 -edge_62_0_+disjointig_134_0_29007 2120 5329 29007 -1 -1 3151 0.00304794
Chain
	Aln	122	-438a3fb8-2efa-4c52-ad1d-0b8c90389d65 6 3215 3229 +edge_62_0_+disjointig_134_0_29007 23677 26886 29007 -1 -1 3151 0.00304794
Chain
	Aln	159	+85cd639e-b164-45b0-841f-c9f2d985a805 12 1683 1688 -edge_80_0_+disjointig_26_0_24515 4921 6592 24515 -1 -1 1662 0
Chain
	Aln	158	-85cd639e-b164-45b0-841f-c9f2d985a805 4 1675 1688 +edge_80_0_+disjointig_26_0_24515 17922 19593 24515 -1 -1 1662 0
Chain
	Aln	14	+aff8ed38-7aba-4e5b-b547-25d8fcb6ca4e 4 13141 13143 +edge_8_0_-disjointig_16_16711_37977 6480 19621 21266 -1 -1 13031 0.000356678
Chain
	Aln	15	-aff8ed38-7aba-4e5b-b547-25d8fcb6ca4e 1 13138 13143 -edge_8_0_-disjointig_16_16711_37977 1644 14785 21266 -1 -1 13031 0.000356678
Chain
	Aln	141	+e5ef51b8-8677-4f79-b6d9-2c457e740c19 9 3644 3648 -edge_71_0_+disjointig_19_0_10405 6768 10401 10405 -1 -1 3525 0.00353495
Chain
	Aln	140	-e5ef51b8-8677-4f79-b6d9-2c457e740c19 3 3638 3648 +edge_71_0_+disjointig_19_0_10405 3 3636 10405 -1 -1 3525 0.00353495
Chain
	Aln	47	+e90b2400-d93d-4db4-9bc3-2533d5639fe8 17 7772 9442 -edge_24_0_+disjointig_108_0_7793 16 7774 7793 -1 -1 7718 0.000291096
Chain
	Aln	46	-e90b2400-d93d-4db4-9bc3-2533d5639fe8 1669 9424 9442 +edge_24_0_+disjointig_108_0_7793 18 7776 7793 -1 -1 7718 0.000291096
Chain
	Aln	14	+276d9fe7-14aa-4d80-b326-799d08a77e39 30 6775 7078 +edge_8_0_-disjointig_16_16711_37977 11651 18396 21266 -1 -1 6723 0.000277404
Chain
	Aln	15	-276d9fe7-14aa-4d80-b326-799d08a77e39 302 7047 7078 -edge_8_0_-disjointig_16_16711_37977 2869 9614 21266 -1 -1 6723 0.000277404
Chain
	Aln	223	+b7c75b1c-bd06-4efa-b168-41d02a18e249 2 1226 1234 -edge_112_0_+disjointig_50_0_32884 12143 13366 32884 -1 -1 1217 0.00337531
Chain
	Aln	222	-b7c75b1c-bd06-4efa-b168-41d02a18e249 7 1231 1234 +edge_112_0_+disjointig_50_0_32884 19517 20740 32884 -1 -1 1217 0.00337531
Chain
	Aln	112	+7de6ed22-0471-4dd7-9265-d2ee8a01d3e1 2 4088 4090 +edge_57_0_+disjointig_13_0_18651 2147 6233 18651 -1 -1 4082 0.000712487
Chain
	Aln	113	-7de6ed22-0471-4dd7-9265-d2ee8a01d3e1 1 4087 4090 -edge_57_0_+disjointig_13_0_18651 12417 16503 18651 -1 -1 4082 0.000712487
Chain
	Aln	256	+37e2583d-c296-470a-a140-961bec62dc72 11 13710 13713 +edge_129_0_+disjointig_66_0_27601 11766 25466 27601 -1 -1 13594 0.00027256
Chain
	Aln	257	-37e2583d-c296-470a-a140-961bec62dc72 2 13701 13713 -edge_129_0_+disjointig_66_0_27601 2134 15834 27601 -1 -1 13594 0.00027256
Chain
	Aln	20	+52ed75e1-d0ed-4c58-86b8-b13b15433af6 3491 14586 14589 +edge_11_0_+disjointig_100_0_13557 2 11114 13557 -1 -1 10713 0.003917
Chain
	Aln	21	-52ed75e1-d0ed-4c58-86b8-b13b15433af6 2 11097 14589 -edge_11_0_+disjointig_100_0_13557 2442 13554 13557 -1 -1 10713 0.003917
Chain
	Aln	161	+8aedbce2-330d-47ad-ac31-220f1b10c06d 16 2448 2455 -edge_81_0_+disjointig_27_0_27758 25319 27751 27758 -1 -1 2409 0.000106169
Chain
	Aln	160	-8aedbce2-330d-47ad-ac31-220f1b10c06d 6 2438 2455 +edge_81_0_+disjointig_27_0_27758 6 2438 27758 -1 -1 2409 0.000106169
Chain
	Aln	123	+c08a5598-0eff-4681-9546-eacf1ac62873 10 20566 20571 -edge_62_0_+disjointig_134_0_29007 2212 22767 29007 -1 -1 20454 0.000115065
Chain
	Aln	122	-c08a5598-0eff-4681-9546-eacf1ac62873 4 20560 20571 +edge_62_0_+disjointig_134_0_29007 6239 26794 29007 -1 -1 20454 0.000115065
Chain
	Aln	76	+dd1d4253-446c-47f4-a536-746a2f64961b 8 1541 1545 +edge_39_0_+disjointig_12_0_55869 32509 34042 55869 -1 -1 1521 0
Chain
	Aln	77	-dd1d4253-446c-47f4-a536-746a2f64961b 3 1536 1545 -edge_39_0_+disjointig_12_0_55869 21826 23359 55869 -1 -1 1521 0
Chain
	Aln	159	+430f27a2-c39b-4164-9aed-b574cfdc6c38 14 6495 6497 -edge_80_0_+disjointig_26_0_24515 18032 24513 24515 -1 -1 6367 0.00394369
Chain
	Aln	158	-430f27a2-c39b-4164-9aed-b574cfdc6c38 1 6482 6497 +edge_80_0_+disjointig_26_0_24515 1 6482 24515 -1 -1 6367 0.00394369
Chain
	Aln	236	+3a1ded9a-5ef4-4546-9d82-7b8b83ac44ba 1 3274 3278 +edge_119_0_+disjointig_55_0_23236 16975 20250 23236 -1 -1 3266 0
Chain
	Aln	237	-3a1ded9a-5ef4-4546-9d82-7b8b83ac44ba 3 3276 3278 -edge_119_0_+disjointig_55_0_23236 2985 6260 23236 -1 -1 3266 0
Chain
	Aln	281	+6b671855-929d-4ee8-aeff-2a49c7bcbdca 10 8542 13480 -edge_141_0_+disjointig_77_0_8415 9 8414 8415 -1 -1 7719 0.00829348
Chain
	Aln	280	-6b671855-929d-4ee8-aeff-2a49c7bcbdca 4937 13469 13480 +edge_141_0_+disjointig_77_0_8415 0 8405 8415 -1 -1 7719 0.00829348
Chain
	Aln	217	+bea4ffa9-1aed-478f-9925-8108c606b28a 0 2925 2927 -edge_109_0_+disjointig_48_0_5083 2156 5081 5083 -1 -1 2925 0.00100329
Chain
	Aln	216	-bea4ffa9-1aed-478f-9925-8108c606b28a 1 2926 2927 +edge_109_0_+disjointig_48_0_5083 1 2926 5083 -1 -1 2925 0.00100329
Chain
	Aln	3	+bd5a6b64-aa8f-493a-82b0-6419d4a5299d 19 3462 3464 -edge_2_0_+disjointig_10_0_3566 121 3564 3566 -1 -1 3432 0
Chain
	Aln	2	-bd5a6b64-aa8f-493a-82b0-6419d4a5299d 1 3444 3464 +edge_2_0_+disjointig_10_0_3566 1 3444 3566 -1 -1 3432 0
Chain
	Aln	289	+3e8d5681-95c8-48bf-81f3-cfd1c510a8b1 16 3378 3400 -edge_145_0_+disjointig_81_0_5757 15 3383 5757 -1 -1 3288 0.00107757
Chain
	Aln	288	-3e8d5681-95c8-48bf-81f3-cfd1c510a8b1 21 3383 3400 +edge_145_0_+disjointig_81_0_5757 2373 5741 5757 -1 -1 3288 0.00107757
Chain
	Aln	165	+451ef1d9-8278-4927-aba3-2ff546b67401 548 6291 6293 -edge_83_0_+disjointig_29_0_8745 4 5744 8745 -1 -1 5611 0.00216573
Chain
	Aln	164	-451ef1d9-8278-4927-aba3-2ff546b67401 1 5744 6293 +edge_83_0_+disjointig_29_0_8745 3000 8740 8745 -1 -1 5611 0.00216573
Chain
	Aln	237	+ac642a5f-b588-4421-bb14-947f715b4052 5 3491 3497 -edge_119_0_+disjointig_55_0_23236 5854 9339 23236 -1 -1 3434 0.002031
Chain
	Aln	236	-ac642a5f-b588-4421-bb14-947f715b4052 5 3491 3497 +edge_119_0_+disjointig_55_0_23236 13896 17381 23236 -1 -1 3434 0.002031
Chain
	Aln	12	+62560991-8f53-44bb-bc8e-2bf57957a29e 23 2681 2687 +edge_7_0_+disjointig_10_4743_23518 6255 8918 18775 -1 -1 2622 0.000807579
Chain
	Aln	13	-62560991-8f53-44bb-bc8e-2bf57957a29e 5 2663 2687 -edge_7_0_+disjointig_10_4743_23518 9856 12519 18775 -1 -1 2622 0.000807579
Chain
	Aln	13	+b1218b69-bcb6-43ac-a42e-049dd6775cfd 4 4409 4411 -edge_7_0_+disjointig_10_4743_23518 8114 12520 18775 -1 -1 4382 0
Chain
	Aln	12	-b1218b69-bcb6-43ac-a42e-049dd6775cfd 1 4406 4411 +edge_7_0_+disjointig_10_4743_23518 6254 10660 18775 -1 -1 4382 0
Chain
	Aln	334	+449f26b6-707e-43f6-9f8c-ae1203eae8f8 5 3673 3677 +edge_168_0_+disjointig_23_5372_12768 1223 4895 7396 -1 -1 3642 0.000985277
Chain
	Aln	335	-449f26b6-707e-43f6-9f8c-ae1203eae8f8 3 3671 3677 -edge_168_0_+disjointig_23_5372_12768 2500 6172 7396 -1 -1 3642 0.000985277
Chain
	Aln	335	+b75ee4a9-c71c-41f1-b542-11170bcef171 0 3666 3668 -edge_168_0_+disjointig_23_5372_12768 2477 6154 7396 -1 -1 3577 0.00280228
Chain
	Aln	334	-b75ee4a9-c71c-41f1-b542-11170bcef171 1 3667 3668 +edge_168_0_+disjointig_23_5372_12768 1241 4918 7396 -1 -1 3577 0.00280228
Chain
	Aln	15	+e62b12c5-b155-4751-92da-17583da744ee 11 8233 8241 -edge_8_0_-disjointig_16_16711_37977 10059 18285 21266 -1 -1 8052 0.00223899
Chain
	Aln	14	-e62b12c5-b155-4751-92da-17583da744ee 7 8229 8241 +edge_8_0_-disjointig_16_16711_37977 2980 11206 21266 -1 -1 8052 0.00223899
Chain
	Aln	111	+71ff7fef-0c75-4f26-a66a-4f001bd6692c 12 9085 9090 -edge_56_0_+disjointig_129_0_22409 13332 22404 22409 -1 -1 9063 0.000169635
Chain
	Aln	110	-71ff7fef-0c75-4f26-a66a-4f001bd6692c 4 9077 9090 +edge_56_0_+disjointig_129_0_22409 4 9076 22409 -1 -1 9063 0.000169635
Chain
	Aln	291	+5eab0320-80b1-4dc4-9a8c-0da4d51bca69 16 8201 20748 -edge_146_0_+disjointig_82_0_20533 12327 20532 20533 -1 -1 7903 0.00266655
Chain
	Aln	290	-5eab0320-80b1-4dc4-9a8c-0da4d51bca69 12546 20731 20748 +edge_146_0_+disjointig_82_0_20533 0 8205 20533 -1 -1 7903 0.00266655
Chain
	Aln	295	+b967a393-3384-4073-97a0-71bab28386fe 12 16268 17313 -edge_148_0_+disjointig_84_0_21889 5629 21888 21889 -1 -1 15182 0.00687266
Chain
	Aln	294	-b967a393-3384-4073-97a0-71bab28386fe 1044 17300 17313 +edge_148_0_+disjointig_84_0_21889 0 16259 21889 -1 -1 15182 0.00687266
Chain
	Aln	273	+b315c6ed-d808-4aaa-b728-a3aee838dba2 6 2715 2717 -edge_137_0_+disjointig_73_0_6886 4175 6884 6886 -1 -1 2670 0
Chain
	Aln	272	-b315c6ed-d808-4aaa-b728-a3aee838dba2 1 2710 2717 +edge_137_0_+disjointig_73_0_6886 1 2710 6886 -1 -1 2670 0
Chain
	Aln	335	+fe66a909-6041-41bf-a799-43c4d8507472 17 3680 3685 -edge_168_0_+disjointig_23_5372_12768 2743 6405 7396 -1 -1 3654 0.000302901
Chain
	Aln	334	-fe66a909-6041-41bf-a799-43c4d8507472 4 3667 3685 +edge_168_0_+disjointig_23_5372_12768 990 4652 7396 -1 -1 3654 0.000302901
Chain
	Aln	297	+61e17500-a33f-4fcc-8b0a-ebcfece75fd5 8 2491 2500 -edge_149_0_+disjointig_85_0_8407 2588 5072 8407 -1 -1 2476 0.000420091
Chain
	Aln	296	-61e17500-a33f-4fcc-8b0a-ebcfece75fd5 8 2491 2500 +edge_149_0_+disjointig_85_0_8407 3334 5818 8407 -1 -1 2476 0.000420091
Chain
	Aln	195	+5fe4d30b-b3d3-40f4-99cd-2d1ee3a76a97 23 2392 2398 -edge_98_0_+disjointig_38_0_21216 15159 17533 21216 -1 -1 2354 0
Chain
	Aln	194	-5fe4d30b-b3d3-40f4-99cd-2d1ee3a76a97 5 2374 2398 +edge_98_0_+disjointig_38_0_21216 3682 6056 21216 -1 -1 2354 0
Chain
	Aln	141	+f32afcb7-96d3-489d-88a8-5fd5de909d14 10 6625 7948 -edge_71_0_+disjointig_19_0_10405 3790 10404 10405 -1 -1 6556 0.00319446
Chain
	Aln	140	-f32afcb7-96d3-489d-88a8-5fd5de909d14 1322 7937 7948 +edge_71_0_+disjointig_19_0_10405 0 6614 10405 -1 -1 6556 0.00319446
Chain
	Aln	113	+52662960-35ca-497d-ac89-a3e95cdae1d6 4 2371 2373 -edge_57_0_+disjointig_13_0_18651 302 2669 18651 -1 -1 2367 0
Chain
	Aln	112	-52662960-35ca-497d-ac89-a3e95cdae1d6 1 2368 2373 +edge_57_0_+disjointig_13_0_18651 15981 18348 18651 -1 -1 2367 0
Chain
	Aln	99	+6db9abe2-2eac-4c6b-a477-a4197318a77e 7 2828 2831 -edge_50_0_+disjointig_126_0_7585 4762 7582 7585 -1 -1 2776 0.00321559
Chain
	Aln	98	-6db9abe2-2eac-4c6b-a477-a4197318a77e 2 2823 2831 +edge_50_0_+disjointig_126_0_7585 2 2822 7585 -1 -1 2776 0.00321559
Chain
	Aln	158	+7daf9544-92e9-4247-b741-c06e0f426060 138 14872 14880 +edge_80_0_+disjointig_26_0_24515 1 14708 24515 -1 -1 14387 0.00255926
Chain
	Aln	159	-7daf9544-92e9-4247-b741-c06e0f426060 7 14741 14880 -edge_80_0_+disjointig_26_0_24515 9806 24513 24515 -1 -1 14387 0.00255926
Chain
	Aln	14	+91556edc-dbeb-4615-bf9a-239ff6dae937 17 5523 5530 +edge_8_0_-disjointig_16_16711_37977 15754 21260 21266 -1 -1 5482 0.000634538
Chain
	Aln	15	-91556edc-dbeb-4615-bf9a-239ff6dae937 6 5512 5530 -edge_8_0_-disjointig_16_16711_37977 5 5511 21266 -1 -1 5482 0.000634538
Chain
	Aln	77	+cfc03219-2f0b-4934-958a-329757ec1821 14 8180 8186 -edge_39_0_+disjointig_12_0_55869 13 8181 55869 -1 -1 8042 0.000322194
Chain
	Aln	76	-cfc03219-2f0b-4934-958a-329757ec1821 5 8171 8186 +edge_39_0_+disjointig_12_0_55869 47687 55855 55869 -1 -1 8042 0.000322194
Chain
	Aln	119	+6c333c64-b6bf-43df-9603-ee99b44a945a 7 2748 2752 -edge_60_0_+disjointig_132_0_12235 9489 12231 12235 -1 -1 2720 0.0016667
Chain
	Aln	118	-6c333c64-b6bf-43df-9603-ee99b44a945a 3 2744 2752 +edge_60_0_+disjointig_132_0_12235 3 2745 12235 -1 -1 2720 0.0016667
Chain
	Aln	269	+eb1ea230-fd82-4f4c-b758-f59930729e4f 12 2975 2979 -edge_135_0_+disjointig_71_0_2960 11 2956 2960 -1 -1 2646 0.0132158
Chain
	Aln	268	-eb1ea230-fd82-4f4c-b758-f59930729e4f 3 2966 2979 +edge_135_0_+disjointig_71_0_2960 3 2948 2960 -1 -1 2646 0.0132158
Chain
	Aln	268	+a2f8d43c-886f-4047-8c56-984e150addcd 21 2949 2957 +edge_135_0_+disjointig_71_0_2960 3 2931 2960 -1 -1 2840 0.00504125
Chain
	Aln	269	-a2f8d43c-886f-4047-8c56-984e150addcd 7 2935 2957 -edge_135_0_+disjointig_71_0_2960 28 2956 2960 -1 -1 2840 0.00504125
Chain
	Aln	49	+99cabcf1-95b7-4380-9e0c-d0cd76057e08 6 8238 8244 -edge_25_0_+disjointig_109_0_11930 3676 11924 11930 -1 -1 8006 0.00215015
Chain
	Aln	48	-99cabcf1-95b7-4380-9e0c-d0cd76057e08 5 8237 8244 +edge_25_0_+disjointig_109_0_11930 5 8253 11930 -1 -1 8006 0.00215015
Chain
	Aln	329	+a36ff778-6acd-4409-99dd-de8c7cf9922c 3 12551 12555 -edge_165_0_+disjointig_121_0_43555 14931 27480 43555 -1 -1 12492 8.05659e-06
Chain
	Aln	328	-a36ff778-6acd-4409-99dd-de8c7cf9922c 3 12551 12555 +edge_165_0_+disjointig_121_0_43555 16074 28623 43555 -1 -1 12492 8.05659e-06
Chain
	Aln	76	+18afae22-00cb-48b4-be15-fd30d48fb55b 3 3827 3833 +edge_39_0_+disjointig_12_0_55869 5817 9638 55869 -1 -1 3671 0.00310156
Chain
	Aln	77	-18afae22-00cb-48b4-be15-fd30d48fb55b 5 3829 3833 -edge_39_0_+disjointig_12_0_55869 46230 50051 55869 -1 -1 3671 0.00310156
Chain
	Aln	281	+2753e05e-7661-43cd-9546-0e1c9f415e8b 7 2209 2211 -edge_141_0_+disjointig_77_0_8415 6211 8413 8415 -1 -1 2199 0
Chain
	Aln	280	-2753e05e-7661-43cd-9546-0e1c9f415e8b 1 2203 2211 +edge_141_0_+disjointig_77_0_8415 1 2203 8415 -1 -1 2199 0
Chain
	Aln	335	+f0ef4784-947a-4041-ab9e-94f551647f84 1 2004 3679 -edge_168_0_+disjointig_23_5372_12768 5393 7395 7396 -1 -1 1993 0.000688435
	Aln	335	+f0ef4784-947a-4041-ab9e-94f551647f84 2009 3673 3679 -edge_168_1_+disjointig_23_12768_20169 5 1669 7401 -1 -1 1664 0.000178368
Chain
	Aln	334	-f0ef4784-947a-4041-ab9e-94f551647f84 5 1669 3679 +edge_168_1_+disjointig_23_12768_20169 5731 7395 7401 -1 -1 1664 0.000178368
	Aln	334	-f0ef4784-947a-4041-ab9e-94f551647f84 1674 3677 3679 +edge_168_0_+disjointig_23_5372_12768 0 2002 7396 -1 -1 1993 0.000688435
Chain
	Aln	215	+58c43054-1c03-42cc-8124-0b7afa5cfdbf 228 1903 1908 -edge_108_0_+disjointig_47_0_3265 11 1686 3265 -1 -1 1662 0
Chain
	Aln	214	-58c43054-1c03-42cc-8124-0b7afa5cfdbf 4 1679 1908 +edge_108_0_+disjointig_47_0_3265 1578 3253 3265 -1 -1 1662 0
Chain
	Aln	219	+9a1c4fe7-8f73-4690-88c7-20c99db7f286 622 21557 21566 -edge_110_0_+disjointig_49_0_21770 819 21761 21770 -1 -1 20589 0.00138407
Chain
	Aln	218	-9a1c4fe7-8f73-4690-88c7-20c99db7f286 8 20943 21566 +edge_110_0_+disjointig_49_0_21770 8 20950 21770 -1 -1 20589 0.00138407
Chain
	Aln	272	+95b521c7-c232-4089-a17f-475234e6c93b 4 6588 6594 +edge_137_0_+disjointig_73_0_6886 300 6881 6886 -1 -1 6484 0.000627025
Chain
	Aln	273	-95b521c7-c232-4089-a17f-475234e6c93b 5 6589 6594 -edge_137_0_+disjointig_73_0_6886 4 6585 6886 -1 -1 6484 0.000627025
Chain
	Aln	145	+20b73a68-183b-436c-b41f-7a635f2e3b70 9 11869 11871 -edge_73_0_+disjointig_20_0_15019 3157 15017 15019 -1 -1 11687 0.00174574
Chain
	Aln	144	-20b73a68-183b-436c-b41f-7a635f2e3b70 1 11861 11871 +edge_73_0_+disjointig_20_0_15019 1 11861 15019 -1 -1 11687 0.00174574
Chain
	Aln	223	+c3da5cd8-b1bb-4667-b45c-0cd685ac9951 8 1047 1049 -edge_112_0_+disjointig_50_0_32884 23574 24615 32884 -1 -1 980 0.00775451
Chain
	Aln	222	-c3da5cd8-b1bb-4667-b45c-0cd685ac9951 1 1040 1049 +edge_112_0_+disjointig_50_0_32884 8268 9309 32884 -1 -1 980 0.00775451
Chain
	Aln	335	+a0fb5d40-fde7-45bd-8e41-2572ef70b471 12 3681 3687 -edge_168_0_+disjointig_23_5372_12768 2506 6172 7396 -1 -1 3616 0.00129864
Chain
	Aln	334	-a0fb5d40-fde7-45bd-8e41-2572ef70b471 5 3674 3687 +edge_168_0_+disjointig_23_5372_12768 1223 4889 7396 -1 -1 3616 0.00129864
Chain
	Aln	76	+0f094892-fe5e-472f-b4e7-8177b6f13a71 3 15490 15496 +edge_39_0_+disjointig_12_0_55869 8171 23668 55869 -1 -1 14609 0.00452323
Chain
	Aln	77	-0f094892-fe5e-472f-b4e7-8177b6f13a71 5 15492 15496 -edge_39_0_+disjointig_12_0_55869 32200 47697 55869 -1 -1 14609 0.00452323
Chain
	Aln	300	+44c3dc54-75f7-4860-b4c9-7032de9de13a 31 11612 12072 +edge_151_0_+disjointig_87_0_15644 30 11629 15644 -1 -1 9520 0.0197229
Chain
	Aln	301	-44c3dc54-75f7-4860-b4c9-7032de9de13a 459 12040 12072 -edge_151_0_+disjointig_87_0_15644 4014 15613 15644 -1 -1 9520 0.0197229
Chain
	Aln	234	+30776089-ba89-4f31-bcf8-1560d06b380b 73 2902 2912 +edge_118_0_-disjointig_91_3193_28350 22319 25148 25157 -1 -1 2773 0
Chain
	Aln	235	-30776089-ba89-4f31-bcf8-1560d06b380b 9 2838 2912 -edge_118_0_-disjointig_91_3193_28350 8 2837 25157 -1 -1 2773 0
Chain
	Aln	215	+a8c4cdbf-36a9-4be5-89ae-50b365c2c597 6 2247 3371 -edge_108_0_+disjointig_47_0_3265 1020 3264 3265 -1 -1 2205 0
Chain
	Aln	214	-a8c4cdbf-36a9-4be5-89ae-50b365c2c597 1123 3364 3371 +edge_108_0_+disjointig_47_0_3265 0 2244 3265 -1 -1 2205 0
Chain
	Aln	191	+cb5cf786-68eb-4ff6-9a53-c9428c7eb5c7 8 2206 2208 -edge_96_0_+disjointig_36_0_6049 3851 6047 6049 -1 -1 2163 0.00202916
Chain
	Aln	190	-cb5cf786-68eb-4ff6-9a53-c9428c7eb5c7 1 2199 2208 +edge_96_0_+disjointig_36_0_6049 1 2197 6049 -1 -1 2163 0.00202916
Chain
	Aln	328	+1f87f0c8-0516-44fc-98de-b36a70f5f850 21 2160 2166 +edge_165_0_+disjointig_121_0_43555 16395 18533 43555 -1 -1 2109 0.00119957
Chain
	Aln	329	-1f87f0c8-0516-44fc-98de-b36a70f5f850 5 2144 2166 -edge_165_0_+disjointig_121_0_43555 25021 27159 43555 -1 -1 2109 0.00119957
Chain
	Aln	237	+45d57244-2894-467c-ac52-59db2691fc63 8 13349 13352 -edge_119_0_+disjointig_55_0_23236 7 13343 23236 -1 -1 13262 0.000135056
Chain
	Aln	236	-45d57244-2894-467c-ac52-59db2691fc63 2 13343 13352 +edge_119_0_+disjointig_55_0_23236 9892 23228 23236 -1 -1 13262 0.000135056
Chain
	Aln	14	+b0554c72-f89b-4875-a964-cdb2fd6f8d0b 17 3006 3014 +edge_8_0_-disjointig_16_16711_37977 8669 11667 21266 -1 -1 2859 0.00655217
Chain
	Aln	15	-b0554c72-f89b-4875-a964-cdb2fd6f8d0b 7 2996 3014 -edge_8_0_-disjointig_16_16711_37977 9598 12596 21266 -1 -1 2859 0.00655217
Chain
	Aln	77	+22cb8af5-06e9-48a0-ab82-709cf56192d5 6586 7983 11898 -edge_39_0_+disjointig_12_0_55869 13 1411 55869 -1 -1 1390 0
Chain
	Aln	76	-22cb8af5-06e9-48a0-ab82-709cf56192d5 3914 5311 11898 +edge_39_0_+disjointig_12_0_55869 54457 55855 55869 -1 -1 1390 0
Chain
	Aln	149	+1cafbf01-f97d-4e9a-b1ab-5881fa944c3a 12 7057 11650 -edge_75_0_+disjointig_22_0_7060 11 7055 7060 -1 -1 6988 0
Chain
	Aln	148	-1cafbf01-f97d-4e9a-b1ab-5881fa944c3a 4592 11637 11650 +edge_75_0_+disjointig_22_0_7060 4 7048 7060 -1 -1 6988 0
Chain
	Aln	157	+e13f1a16-6e69-4c2a-be53-394a9701b65f 5 6251 6253 -edge_79_0_+disjointig_25_0_11740 5491 11738 11740 -1 -1 6176 0.000664111
Chain
	Aln	156	-e13f1a16-6e69-4c2a-be53-394a9701b65f 1 6247 6253 +edge_79_0_+disjointig_25_0_11740 1 6248 11740 -1 -1 6176 0.000664111
Chain
	Aln	278	+e8a6e16a-8b14-48f8-be3e-85d2733de908 2 13174 13181 +edge_140_0_+disjointig_76_0_13962 2 13170 13962 -1 -1 13155 0
Chain
	Aln	279	-e8a6e16a-8b14-48f8-be3e-85d2733de908 6 13178 13181 -edge_140_0_+disjointig_76_0_13962 791 13959 13962 -1 -1 13155 0
Chain
	Aln	260	+66235fd3-3268-45a7-ae69-d7e6e3f91029 15 1595 1600 +edge_131_0_+disjointig_68_0_27978 21928 23508 27978 -1 -1 1574 0.000771068
Chain
	Aln	261	-66235fd3-3268-45a7-ae69-d7e6e3f91029 4 1584 1600 -edge_131_0_+disjointig_68_0_27978 4469 6049 27978 -1 -1 1574 0.000771068
Chain
	Aln	332	+557048cf-7616-4ebb-a9b7-5bc1dc02adda 9 4568 4577 +edge_167_0_-disjointig_78_1608_17660 11487 16044 16052 -1 -1 4507 0.00273326
Chain
	Aln	333	-557048cf-7616-4ebb-a9b7-5bc1dc02adda 8 4567 4577 -edge_167_0_-disjointig_78_1608_17660 7 4564 16052 -1 -1 4507 0.00273326
Chain
	Aln	87	+77e4edf6-dde2-4407-a4a2-e91a779df428 12 6867 6870 -edge_44_0_+disjointig_122_0_7877 1019 7874 7877 -1 -1 6838 0
Chain
	Aln	86	-77e4edf6-dde2-4407-a4a2-e91a779df428 2 6857 6870 +edge_44_0_+disjointig_122_0_7877 2 6857 7877 -1 -1 6838 0
Chain
	Aln	237	+bd30b7cd-f0d5-43d4-a020-8c8b0a156054 12 3495 3666 -edge_119_0_+disjointig_55_0_23236 4073 7553 23236 -1 -1 3423 0.00149938
Chain
	Aln	236	-bd30b7cd-f0d5-43d4-a020-8c8b0a156054 170 3653 3666 +edge_119_0_+disjointig_55_0_23236 15682 19162 23236 -1 -1 3423 0.00149938
Chain
	Aln	302	+c7647208-9b4c-407c-8bf0-c25cb1444c57 2 21505 21508 +edge_152_0_+disjointig_89_0_41706 2 21507 41706 -1 -1 21431 0.000104118
Chain
	Aln	303	-c7647208-9b4c-407c-8bf0-c25cb1444c57 2 21505 21508 -edge_152_0_+disjointig_89_0_41706 20198 41703 41706 -1 -1 21431 0.000104118
Chain
	Aln	35	+fe6c4d90-9b41-4784-9f6e-9df81e1160ef 10 19969 19971 -edge_18_0_+disjointig_102_0_34118 2646 22597 34118 -1 -1 19843 0.00140697
Chain
	Aln	34	-fe6c4d90-9b41-4784-9f6e-9df81e1160ef 1 19960 19971 +edge_18_0_+disjointig_102_0_34118 11520 31471 34118 -1 -1 19843 0.00140697
Chain
	Aln	257	+14b42d01-4fd7-47bf-996a-f11f03eadb2e 13 6598 6602 -edge_129_0_+disjointig_66_0_27601 3543 10129 27601 -1 -1 6557 0
Chain
	Aln	256	-14b42d01-4fd7-47bf-996a-f11f03eadb2e 3 6588 6602 +edge_129_0_+disjointig_66_0_27601 17471 24057 27601 -1 -1 6557 0
Chain
	Aln	182	+636227ec-4c0a-4e63-8b2c-9cab6bc15d47 309 1325 1327 +edge_92_0_-disjointig_88_9604_25254 13069 14085 15650 -1 -1 1007 0.00388054
Chain
	Aln	183	-636227ec-4c0a-4e63-8b2c-9cab6bc15d47 1 1017 1327 -edge_92_0_-disjointig_88_9604_25254 1564 2580 15650 -1 -1 1007 0.00388054
Chain
	Aln	76	+cb71765f-2cc5-4ce4-b123-8b4cc1426a18 35 8969 8973 +edge_39_0_+disjointig_12_0_55869 18308 27242 55869 -1 -1 8829 0.000754441
Chain
	Aln	77	-cb71765f-2cc5-4ce4-b123-8b4cc1426a18 3 8937 8973 -edge_39_0_+disjointig_12_0_55869 28626 37560 55869 -1 -1 8829 0.000754441
Chain
	Aln	138	+d23ab21e-8386-45a9-a679-d7c49ff3a142 1375 5516 5519 +edge_70_0_+disjointig_17_0_4145 4 4143 4145 -1 -1 4108 0.00109748
Chain
	Aln	139	-d23ab21e-8386-45a9-a679-d7c49ff3a142 2 4143 5519 -edge_70_0_+disjointig_17_0_4145 1 4140 4145 -1 -1 4108 0.00109748
Chain
	Aln	133	+c166bec8-db2e-48d9-8b0d-eda4540cf30c 13 2990 2994 -edge_67_0_+disjointig_139_0_38953 12 2985 38953 -1 -1 2945 0.000257188
Chain
	Aln	132	-c166bec8-db2e-48d9-8b0d-eda4540cf30c 3 2980 2994 +edge_67_0_+disjointig_139_0_38953 35967 38940 38953 -1 -1 2945 0.000257188
Chain
	Aln	219	+24e13552-3be4-4480-966f-013f17118047 7 2713 3445 -edge_110_0_+disjointig_49_0_21770 6 2711 21770 -1 -1 2565 0.00733155
Chain
	Aln	218	-24e13552-3be4-4480-966f-013f17118047 731 3437 3445 +edge_110_0_+disjointig_49_0_21770 19058 21763 21770 -1 -1 2565 0.00733155
Chain
	Aln	311	+39fab427-dde6-4224-9b93-3f64e5edbc1c 12 3804 3814 -edge_156_0_+disjointig_94_0_8422 11 3797 8422 -1 -1 3761 0.00118974
Chain
	Aln	310	-39fab427-dde6-4224-9b93-3f64e5edbc1c 9 3801 3814 +edge_156_0_+disjointig_94_0_8422 4624 8410 8422 -1 -1 3761 0.00118974
Chain
	Aln	89	+b921693b-0564-4160-8115-88f84b73bc2f 389 2127 2130 -edge_45_0_+disjointig_122_7877_10021 11 1748 2144 -1 -1 1670 0.00493522
Chain
	Aln	88	-b921693b-0564-4160-8115-88f84b73bc2f 2 1740 2130 +edge_45_0_+disjointig_122_7877_10021 395 2132 2144 -1 -1 1670 0.00493522
Chain
	Aln	301	+463439ec-c87f-49fa-8daa-7b6e5905ffc8 12 2093 2566 -edge_151_0_+disjointig_87_0_15644 13549 15629 15644 -1 -1 1979 0.00293565
Chain
	Aln	300	-463439ec-c87f-49fa-8daa-7b6e5905ffc8 472 2553 2566 +edge_151_0_+disjointig_87_0_15644 14 2094 15644 -1 -1 1979 0.00293565
Chain
	Aln	4	+a9ffb81e-46b7-407f-8ba5-bab061fc3831 20035 21205 24473 +edge_3_2_+disjointig_16_26729_27906 0 1170 1177 -1 -1 1162 0.00301701
Chain
	Aln	4	+a9ffb81e-46b7-407f-8ba5-bab061fc3831 15722 16872 24473 +edge_3_2_+disjointig_16_26729_27906 21 1170 1177 -1 -1 1129 0.00500464
Chain
	Aln	5	-a9ffb81e-46b7-407f-8ba5-bab061fc3831 3267 4437 24473 -edge_3_2_+disjointig_16_26729_27906 6 1176 1177 -1 -1 1162 0.00301701
Chain
	Aln	5	-a9ffb81e-46b7-407f-8ba5-bab061fc3831 7600 8750 24473 -edge_3_2_+disjointig_16_26729_27906 6 1155 1177 -1 -1 1129 0.00500464
Chain
	Aln	13	+88dac8c8-7cc1-44e5-8b6c-7511aef2324e 4 5580 5585 -edge_7_0_+disjointig_10_4743_23518 12743 18320 18775 -1 -1 5516 0.00247311
Chain
	Aln	12	-88dac8c8-7cc1-44e5-8b6c-7511aef2324e 4 5580 5585 +edge_7_0_+disjointig_10_4743_23518 454 6031 18775 -1 -1 5516 0.00247311
Chain
	Aln	290	+52156131-cb68-4ace-8374-e2381e1eafb3 93 16440 16450 +edge_146_0_+disjointig_82_0_20533 4186 20524 20533 -1 -1 16184 0.00092508
Chain
	Aln	291	-52156131-cb68-4ace-8374-e2381e1eafb3 9 16356 16450 -edge_146_0_+disjointig_82_0_20533 8 16346 20533 -1 -1 16184 0.00092508
Chain
	Aln	12	+ca60e32f-9a87-4a6d-89ad-cd2292140506 11 5573 5585 +edge_7_0_+disjointig_10_4743_23518 439 6005 18775 -1 -1 5482 0.00241783
Chain
	Aln	13	-ca60e32f-9a87-4a6d-89ad-cd2292140506 11 5573 5585 -edge_7_0_+disjointig_10_4743_23518 12769 18335 18775 -1 -1 5482 0.00241783
Chain
	Aln	227	+50b822bf-9317-407e-ae40-20e8a05fbc7b 29 7330 7338 -edge_114_0_+disjointig_53_0_7430 27 7329 7430 -1 -1 7251 0
Chain
	Aln	226	-50b822bf-9317-407e-ae40-20e8a05fbc7b 7 7308 7338 +edge_114_0_+disjointig_53_0_7430 100 7402 7430 -1 -1 7251 0
Chain
	Aln	337	+5b9dc712-57ef-423c-9667-0f916e342af1 23 5717 18352 -edge_169_0_+disjointig_54_0_10168 4473 10167 10168 -1 -1 5625 3.88564e-05
Chain
	Aln	336	-5b9dc712-57ef-423c-9667-0f916e342af1 12634 18328 18352 +edge_169_0_+disjointig_54_0_10168 0 5694 10168 -1 -1 5625 3.88564e-05
Chain
	Aln	98	+d57e456e-09dc-4bca-a67b-23e85c48f8e4 18127 25573 25581 +edge_50_0_+disjointig_126_0_7585 2 7515 7585 -1 -1 6685 0.0125282
Chain
	Aln	99	+d57e456e-09dc-4bca-a67b-23e85c48f8e4 7 7693 25581 -edge_50_0_+disjointig_126_0_7585 6 7584 7585 -1 -1 6397 0.0181443
Chain
	Aln	99	-d57e456e-09dc-4bca-a67b-23e85c48f8e4 7 7453 25581 -edge_50_0_+disjointig_126_0_7585 69 7582 7585 -1 -1 6685 0.0125282
Chain
	Aln	98	-d57e456e-09dc-4bca-a67b-23e85c48f8e4 17887 25573 25581 +edge_50_0_+disjointig_126_0_7585 0 7578 7585 -1 -1 6397 0.0181443
Chain
	Aln	57	+614083e1-5459-4885-b58f-62a37d1bee58 20 2924 2926 -edge_29_0_+disjointig_112_0_10273 7369 10271 10273 -1 -1 2856 0.000806133
Chain
	Aln	56	-614083e1-5459-4885-b58f-62a37d1bee58 1 2905 2926 +edge_29_0_+disjointig_112_0_10273 1 2903 10273 -1 -1 2856 0.000806133
Chain
	Aln	75	+4a8152b4-b141-4e8e-a3fc-a33d6923e03c 4 2447 2449 -edge_38_0_+disjointig_119_0_3992 1547 3990 3992 -1 -1 2428 0
Chain
	Aln	74	-4a8152b4-b141-4e8e-a3fc-a33d6923e03c 1 2444 2449 +edge_38_0_+disjointig_119_0_3992 1 2444 3992 -1 -1 2428 0
Chain
	Aln	295	+f72a1235-eb76-4e33-835c-7b5cb9f8e052 13 8657 8659 -edge_148_0_+disjointig_84_0_21889 12 8660 21889 -1 -1 8579 0.00056198
Chain
	Aln	294	-f72a1235-eb76-4e33-835c-7b5cb9f8e052 1 8645 8659 +edge_148_0_+disjointig_84_0_21889 13228 21876 21889 -1 -1 8579 0.00056198
Chain
	Aln	271	+06d49c2f-e2e9-4a31-9bd6-df5c08b17dba 11 2756 2758 -edge_136_0_+disjointig_72_0_22270 19524 22268 22270 -1 -1 2714 0.00185319
Chain
	Aln	270	-06d49c2f-e2e9-4a31-9bd6-df5c08b17dba 1 2746 2758 +edge_136_0_+disjointig_72_0_22270 1 2745 22270 -1 -1 2714 0.00185319
Chain
	Aln	54	+91583ffb-dbfe-4386-b69d-ef0f36dd8cec 19 2142 3420 +edge_28_0_+disjointig_111_0_4269 2145 4267 4269 -1 -1 2097 0.00201285
Chain
	Aln	55	-91583ffb-dbfe-4386-b69d-ef0f36dd8cec 1277 3400 3420 -edge_28_0_+disjointig_111_0_4269 1 2123 4269 -1 -1 2097 0.00201285
Chain
	Aln	117	+eb3d25d8-67f1-4a7e-8de1-adf8ada11b97 10 6199 6201 -edge_59_0_+disjointig_131_0_20080 4036 10214 20080 -1 -1 6120 0.00198808
Chain
	Aln	116	-eb3d25d8-67f1-4a7e-8de1-adf8ada11b97 1 6190 6201 +edge_59_0_+disjointig_131_0_20080 9865 16043 20080 -1 -1 6120 0.00198808
Chain
	Aln	237	+e97acea1-8289-47f1-a84f-1a50a4de4ad5 12 7767 7771 -edge_119_0_+disjointig_55_0_23236 12854 20615 23236 -1 -1 7653 0.00129107
Chain
	Aln	236	-e97acea1-8289-47f1-a84f-1a50a4de4ad5 3 7758 7771 +edge_119_0_+disjointig_55_0_23236 2620 10381 23236 -1 -1 7653 0.00129107
Chain
	Aln	160	+0aa95fa5-5320-441d-a739-f06aa0ebbe5e 595 2070 2080 +edge_81_0_+disjointig_27_0_27758 6 1481 27758 -1 -1 1475 0
Chain
	Aln	161	-0aa95fa5-5320-441d-a739-f06aa0ebbe5e 9 1484 2080 -edge_81_0_+disjointig_27_0_27758 26276 27751 27758 -1 -1 1475 0
Chain
	Aln	270	+b2ebbf6f-1d7b-435c-9335-835ca4ee58dc 17005 22237 22245 +edge_136_0_+disjointig_72_0_22270 1 5233 22270 -1 -1 5228 0.000382593
Chain
	Aln	271	-b2ebbf6f-1d7b-435c-9335-835ca4ee58dc 7 5239 22245 -edge_136_0_+disjointig_72_0_22270 17036 22268 22270 -1 -1 5228 0.000382593
Chain
	Aln	207	+fd135556-0c9b-496d-b6c7-eca46f90307e 17 4813 4815 -edge_104_0_+disjointig_43_0_8984 16 4813 8984 -1 -1 4674 0.0031671
Chain
	Aln	206	-fd135556-0c9b-496d-b6c7-eca46f90307e 1 4797 4815 +edge_104_0_+disjointig_43_0_8984 4170 8967 8984 -1 -1 4674 0.0031671
Chain
	Aln	116	+d13996b8-4746-4420-bb5c-b0911dff8d37 5 5755 5761 +edge_59_0_+disjointig_131_0_20080 12757 18502 20080 -1 -1 5710 0.00165265
Chain
	Aln	117	-d13996b8-4746-4420-bb5c-b0911dff8d37 5 5755 5761 -edge_59_0_+disjointig_131_0_20080 1577 7322 20080 -1 -1 5710 0.00165265
Chain
	Aln	250	+7cc55a2b-11b9-475f-bdd0-2da6bf3e20b1 22349 30415 30419 +edge_126_0_+disjointig_63_0_8068 1 8065 8068 -1 -1 7951 0.00157858
Chain
	Aln	251	-7cc55a2b-11b9-475f-bdd0-2da6bf3e20b1 3 8069 30419 -edge_126_0_+disjointig_63_0_8068 2 8066 8068 -1 -1 7951 0.00157858
Chain
	Aln	120	+bb520ff7-64aa-4c50-8573-28458b1b0fb9 22 1342 1345 +edge_61_0_+disjointig_133_0_2552 228 1548 2552 -1 -1 1320 0.00142257
Chain
	Aln	121	-bb520ff7-64aa-4c50-8573-28458b1b0fb9 2 1322 1345 -edge_61_0_+disjointig_133_0_2552 1003 2323 2552 -1 -1 1320 0.00142257
Chain
	Aln	315	+fe8b820c-0a9d-40bc-bd92-9638fac644f8 11 20185 40104 -edge_158_0_+disjointig_96_0_23051 2874 23050 23051 -1 -1 20019 0.00111565
Chain
	Aln	314	-fe8b820c-0a9d-40bc-bd92-9638fac644f8 19918 40092 40104 +edge_158_0_+disjointig_96_0_23051 0 20176 23051 -1 -1 20019 0.00111565
Chain
	Aln	295	+c3590082-f00a-45cb-aa43-f4581982531d 6 3364 3369 -edge_148_0_+disjointig_84_0_21889 5338 8706 21889 -1 -1 3306 0.000587778
Chain
	Aln	294	-c3590082-f00a-45cb-aa43-f4581982531d 4 3362 3369 +edge_148_0_+disjointig_84_0_21889 13182 16550 21889 -1 -1 3306 0.000587778
Chain
	Aln	281	+4a48a53b-36a7-475a-8071-c495f44ae123 19 4820 4828 -edge_141_0_+disjointig_77_0_8415 3229 8057 8415 -1 -1 4083 0.0142708
Chain
	Aln	280	-4a48a53b-36a7-475a-8071-c495f44ae123 7 4808 4828 +edge_141_0_+disjointig_77_0_8415 357 5185 8415 -1 -1 4083 0.0142708
Chain
	Aln	294	+b7c13ac1-814f-42bf-a7ec-7b2a9eff6325 12 3371 3376 +edge_148_0_+disjointig_84_0_21889 13169 16532 21889 -1 -1 3297 0.00128603
Chain
	Aln	295	-b7c13ac1-814f-42bf-a7ec-7b2a9eff6325 4 3363 3376 -edge_148_0_+disjointig_84_0_21889 5356 8719 21889 -1 -1 3297 0.00128603
Chain
	Aln	260	+937c40a7-b212-4500-8d0c-fa23cebc132f 6 2505 2507 +edge_131_0_+disjointig_68_0_27978 20002 22500 27978 -1 -1 2471 0.00319752
Chain
	Aln	261	-937c40a7-b212-4500-8d0c-fa23cebc132f 1 2500 2507 -edge_131_0_+disjointig_68_0_27978 5477 7975 27978 -1 -1 2471 0.00319752
Chain
	Aln	334	+492d0650-0480-40e2-bc6c-2d3a21de6b07 10 3680 3682 +edge_168_0_+disjointig_23_5372_12768 1169 4839 7396 -1 -1 3664 0.000236952
Chain
	Aln	335	-492d0650-0480-40e2-bc6c-2d3a21de6b07 1 3671 3682 -edge_168_0_+disjointig_23_5372_12768 2556 6226 7396 -1 -1 3664 0.000236952
Chain
	Aln	329	+289ef361-c00e-4a08-a507-13e1bc430b0a 20 3934 3948 -edge_165_0_+disjointig_121_0_43555 30118 34033 43555 -1 -1 3823 0.00333068
Chain
	Aln	328	-289ef361-c00e-4a08-a507-13e1bc430b0a 13 3927 3948 +edge_165_0_+disjointig_121_0_43555 9521 13436 43555 -1 -1 3823 0.00333068
Chain
	Aln	136	+e4e0d9ff-94f9-4a75-9597-f7a24a0b0539 10 1483 1487 +edge_69_0_+disjointig_15_0_9924 4697 6169 9924 -1 -1 1459 8.20709e-05
Chain
	Aln	137	-e4e0d9ff-94f9-4a75-9597-f7a24a0b0539 3 1476 1487 -edge_69_0_+disjointig_15_0_9924 3754 5226 9924 -1 -1 1459 8.20709e-05
Chain
	Aln	27	+e38c4db6-d84e-42ba-b01f-b08a822ef73d 6 15724 15731 -edge_14_0_-disjointig_58_12216_33197 3232 18952 20981 -1 -1 15531 0.00207953
Chain
	Aln	26	-e38c4db6-d84e-42ba-b01f-b08a822ef73d 6 15724 15731 +edge_14_0_-disjointig_58_12216_33197 2028 17748 20981 -1 -1 15531 0.00207953
Chain
	Aln	26	+8c991f25-084f-4664-a1a7-83ffebd93d52 5 15734 15737 +edge_14_0_-disjointig_58_12216_33197 2006 17732 20981 -1 -1 15634 0.00111419
Chain
	Aln	27	-8c991f25-084f-4664-a1a7-83ffebd93d52 2 15731 15737 -edge_14_0_-disjointig_58_12216_33197 3248 18974 20981 -1 -1 15634 0.00111419
Chain
	Aln	310	+d650ce94-c798-41e2-8b9c-19f9e9b97dba 16 1836 1849 +edge_156_0_+disjointig_94_0_8422 1033 2853 8422 -1 -1 1804 0.00128678
Chain
	Aln	311	-d650ce94-c798-41e2-8b9c-19f9e9b97dba 12 1832 1849 -edge_156_0_+disjointig_94_0_8422 5568 7388 8422 -1 -1 1804 0.00128678
Chain
	Aln	182	+682aba6a-f0cb-48e9-a120-902b250944b2 2 7639 7643 +edge_92_0_-disjointig_88_9604_25254 2342 9977 15650 -1 -1 7536 0.000429385
Chain
	Aln	183	-682aba6a-f0cb-48e9-a120-902b250944b2 3 7640 7643 -edge_92_0_-disjointig_88_9604_25254 5672 13307 15650 -1 -1 7536 0.000429385
Chain
	Aln	1	+d1fc2ce6-1206-414e-ac33-98113a0f2dc3 13 6474 10157 -edge_1_0_+disjointig_1_0_6477 12 6476 6477 -1 -1 6438 0.000298855
Chain
	Aln	0	-d1fc2ce6-1206-414e-ac33-98113a0f2dc3 3682 10143 10157 +edge_1_0_+disjointig_1_0_6477 0 6464 6477 -1 -1 6438 0.000298855
Chain
	Aln	199	+b7841afb-ee54-4388-be22-5473c64f5b88 1213 13333 13343 -edge_100_0_+disjointig_4_0_12133 7 12123 12133 -1 -1 12062 0
Chain
	Aln	198	-b7841afb-ee54-4388-be22-5473c64f5b88 9 12129 13343 +edge_100_0_+disjointig_4_0_12133 9 12125 12133 -1 -1 12062 0
Chain
	Aln	122	+61d04b3c-243e-42d9-9e48-e93658510031 1 11456 11488 +edge_62_0_+disjointig_134_0_29007 1 11456 29007 -1 -1 11394 0.000527013
Chain
	Aln	123	-61d04b3c-243e-42d9-9e48-e93658510031 31 11486 11488 -edge_62_0_+disjointig_134_0_29007 17550 29005 29007 -1 -1 11394 0.000527013
Chain
	Aln	27	+a39c64b4-cdfd-4b44-8e5e-88e83997d4ea 16 12086 12088 -edge_14_0_-disjointig_58_12216_33197 15 12087 20981 -1 -1 11950 0.0016408
Chain
	Aln	26	-a39c64b4-cdfd-4b44-8e5e-88e83997d4ea 1 12071 12088 +edge_14_0_-disjointig_58_12216_33197 8893 20965 20981 -1 -1 11950 0.0016408
Chain
	Aln	113	+b375f094-1f31-40a6-8cc2-f4d4dd37bf12 19 16968 16972 -edge_57_0_+disjointig_13_0_18651 18 16962 18651 -1 -1 16855 0.000249808
Chain
	Aln	112	-b375f094-1f31-40a6-8cc2-f4d4dd37bf12 3 16952 16972 +edge_57_0_+disjointig_13_0_18651 1688 18632 18651 -1 -1 16855 0.000249808
Chain
	Aln	116	+6103da40-9d20-4e77-a683-1966b85ef2ab 1 13395 13403 +edge_59_0_+disjointig_131_0_20080 1 13401 20080 -1 -1 13326 0
Chain
	Aln	117	-6103da40-9d20-4e77-a683-1966b85ef2ab 7 13401 13403 -edge_59_0_+disjointig_131_0_20080 6678 20078 20080 -1 -1 13326 0
Chain
	Aln	328	+b17a10d7-aa39-4dba-94c7-3573d79ecfab 13 4099 4106 +edge_165_0_+disjointig_121_0_43555 33416 37502 43555 -1 -1 4071 0.000631965
Chain
	Aln	329	-b17a10d7-aa39-4dba-94c7-3573d79ecfab 6 4092 4106 -edge_165_0_+disjointig_121_0_43555 6052 10138 43555 -1 -1 4071 0.000631965
Chain
	Aln	222	+74ff7bab-d271-42ca-92d9-c3826ffbd22a 13 2033 2044 +edge_112_0_+disjointig_50_0_32884 8408 10429 32884 -1 -1 2016 7.56142e-05
Chain
	Aln	223	-74ff7bab-d271-42ca-92d9-c3826ffbd22a 10 2030 2044 -edge_112_0_+disjointig_50_0_32884 22454 24475 32884 -1 -1 2016 7.56142e-05
Chain
	Aln	97	+658eba42-d2d0-463e-873f-4ab569e4f56c 928 22669 22671 -edge_49_0_+disjointig_125_0_21759 15 21757 21759 -1 -1 21356 0.00168052
Chain
	Aln	96	-658eba42-d2d0-463e-873f-4ab569e4f56c 1 21742 22671 +edge_49_0_+disjointig_125_0_21759 1 21743 21759 -1 -1 21356 0.00168052
Chain
	Aln	194	+bfe02f0c-5ba7-49ff-89b6-27e1cf87a50e 5 4941 4943 +edge_98_0_+disjointig_38_0_21216 5 4944 21216 -1 -1 4906 0.000273879
Chain
	Aln	195	-bfe02f0c-5ba7-49ff-89b6-27e1cf87a50e 1 4937 4943 -edge_98_0_+disjointig_38_0_21216 16271 21210 21216 -1 -1 4906 0.000273879
Chain
	Aln	122	+0f4d6b4e-1ea2-4920-94c7-4ab0c128775d 26 4379 4391 +edge_62_0_+disjointig_134_0_29007 24643 28996 29007 -1 -1 4351 0.000538923
Chain
	Aln	123	-0f4d6b4e-1ea2-4920-94c7-4ab0c128775d 11 4364 4391 -edge_62_0_+disjointig_134_0_29007 10 4363 29007 -1 -1 4351 0.000538923
Chain
	Aln	267	+44a42dec-b613-4257-a454-5b81f971df7c 4 5570 5574 -edge_134_0_+disjointig_70_0_26333 14688 20257 26333 -1 -1 5428 0.00160314
Chain
	Aln	266	-44a42dec-b613-4257-a454-5b81f971df7c 3 5569 5574 +edge_134_0_+disjointig_70_0_26333 6075 11644 26333 -1 -1 5428 0.00160314
Chain
	Aln	172	+fe844377-d74e-4cd9-886a-2c2169b49f22 20 2407 2409 +edge_87_0_+disjointig_31_0_3626 863 3249 3626 -1 -1 2371 0.000914027
Chain
	Aln	173	-fe844377-d74e-4cd9-886a-2c2169b49f22 1 2388 2409 -edge_87_0_+disjointig_31_0_3626 376 2762 3626 -1 -1 2371 0.000914027
Chain
	Aln	265	+df1a10e2-92ce-4eb7-9873-46cbcc46d764 6 1012 1015 -edge_133_0_+disjointig_7_0_18901 1840 2846 18901 -1 -1 999 0
Chain
	Aln	264	-df1a10e2-92ce-4eb7-9873-46cbcc46d764 2 1008 1015 +edge_133_0_+disjointig_7_0_18901 16054 17060 18901 -1 -1 999 0
Chain
	Aln	77	+4eb0c95b-c767-4389-bcfd-b77c59b2b09b 25 2292 3474 -edge_39_0_+disjointig_12_0_55869 51641 53906 55869 -1 -1 2205 0.00174092
Chain
	Aln	76	-4eb0c95b-c767-4389-bcfd-b77c59b2b09b 1181 3448 3474 +edge_39_0_+disjointig_12_0_55869 1962 4227 55869 -1 -1 2205 0.00174092
Chain
	Aln	333	+dd43b367-e640-4b58-b179-29626beb103c 10 1431 1441 -edge_167_0_-disjointig_78_1608_17660 2847 4265 16052 -1 -1 1352 0.00940468
Chain
	Aln	332	-dd43b367-e640-4b58-b179-29626beb103c 9 1430 1441 +edge_167_0_-disjointig_78_1608_17660 11786 13204 16052 -1 -1 1352 0.00940468
Chain
	Aln	332	+dd5e90ba-205c-49e7-a7d9-d7660e34311f 11 1633 1642 +edge_167_0_-disjointig_78_1608_17660 11562 13186 16052 -1 -1 1602 0.00604428
Chain
	Aln	333	-dd5e90ba-205c-49e7-a7d9-d7660e34311f 8 1630 1642 -edge_167_0_-disjointig_78_1608_17660 2865 4489 16052 -1 -1 1602 0.00604428
Chain
	Aln	237	+9d955f23-6ff7-4cbf-91b0-47812d6ed078 9 5847 5853 -edge_119_0_+disjointig_55_0_23236 2582 8422 23236 -1 -1 5825 0
Chain
	Aln	236	-9d955f23-6ff7-4cbf-91b0-47812d6ed078 5 5843 5853 +edge_119_0_+disjointig_55_0_23236 14813 20653 23236 -1 -1 5825 0
Chain
	Aln	4	+615cda5d-6255-4319-a058-82dfa2794517 24 1169 11889 +edge_3_2_+disjointig_16_26729_27906 24 1170 1177 -1 -1 1144 0.00327961
Chain
	Aln	5	-615cda5d-6255-4319-a058-82dfa2794517 10719 11864 11889 -edge_3_2_+disjointig_16_26729_27906 6 1152 1177 -1 -1 1144 0.00327961
Chain
	Aln	93	+da4e58a8-c24e-4484-b644-3058e82f757a 12 11710 12216 -edge_47_0_+disjointig_123_0_11707 11 11706 11707 -1 -1 11636 0
Chain
	Aln	92	-da4e58a8-c24e-4484-b644-3058e82f757a 505 12203 12216 +edge_47_0_+disjointig_123_0_11707 0 11695 11707 -1 -1 11636 0
Chain
	Aln	115	+12fb8c4e-dc3b-407e-93cd-98113f4ed918 14 2739 2741 -edge_58_0_+disjointig_130_0_6579 13 2737 6579 -1 -1 2701 0.00105729
Chain
	Aln	114	-12fb8c4e-dc3b-407e-93cd-98113f4ed918 1 2726 2741 +edge_58_0_+disjointig_130_0_6579 3841 6565 6579 -1 -1 2701 0.00105729
Chain
	Aln	192	+22fb1b38-e8c6-408c-8f86-135d09b0404f 9 6644 6654 +edge_97_0_+disjointig_37_0_12765 6120 12756 12765 -1 -1 6504 0.00144037
Chain
	Aln	193	-22fb1b38-e8c6-408c-8f86-135d09b0404f 9 6644 6654 -edge_97_0_+disjointig_37_0_12765 8 6644 12765 -1 -1 6504 0.00144037
Chain
	Aln	249	+f3ebee21-5ced-4ba1-9e68-82f477a4f895 6 2625 2648 -edge_125_0_+disjointig_62_0_8797 6153 8774 8797 -1 -1 2591 0.00243182
Chain
	Aln	248	-f3ebee21-5ced-4ba1-9e68-82f477a4f895 22 2641 2648 +edge_125_0_+disjointig_62_0_8797 22 2643 8797 -1 -1 2591 0.00243182
Chain
	Aln	0	+682aa8a9-517a-4b58-a098-04fd9885d0ef 1308 3530 3532 +edge_1_0_+disjointig_1_0_6477 1 2220 6477 -1 -1 2182 0.00266797
Chain
	Aln	1	-682aa8a9-517a-4b58-a098-04fd9885d0ef 1 2223 3532 -edge_1_0_+disjointig_1_0_6477 4256 6475 6477 -1 -1 2182 0.00266797
Chain
	Aln	330	+aa02f9e9-2af5-4eaa-9b15-d4c7ad6f479f 13 1046 1052 +edge_166_0_+disjointig_57_14566_19653 1316 2349 5087 -1 -1 1022 0.00121009
Chain
	Aln	331	-aa02f9e9-2af5-4eaa-9b15-d4c7ad6f479f 5 1038 1052 -edge_166_0_+disjointig_57_14566_19653 2737 3770 5087 -1 -1 1022 0.00121009
Chain
	Aln	1	+33461785-ebd8-4f63-8563-06fc905bf98b 13 2189 2223 -edge_1_0_+disjointig_1_0_6477 4246 6444 6477 -1 -1 1973 0.0123875
Chain
	Aln	0	-33461785-ebd8-4f63-8563-06fc905bf98b 33 2209 2223 +edge_1_0_+disjointig_1_0_6477 32 2230 6477 -1 -1 1973 0.0123875
Chain
	Aln	111	+12acca39-137b-4ff5-acee-0eb5650966d0 10 7516 7518 -edge_56_0_+disjointig_129_0_22409 7664 15172 22409 -1 -1 7461 0.000117808
Chain
	Aln	110	-12acca39-137b-4ff5-acee-0eb5650966d0 1 7507 7518 +edge_56_0_+disjointig_129_0_22409 7236 14744 22409 -1 -1 7461 0.000117808
Chain
	Aln	50	+e27689fc-b157-426c-b83a-7709dfcaed55 4 2832 2838 +edge_26_0_+disjointig_11_0_37022 1196 4024 37022 -1 -1 2794 0.00109177
Chain
	Aln	51	-e27689fc-b157-426c-b83a-7709dfcaed55 5 2833 2838 -edge_26_0_+disjointig_11_0_37022 32997 35825 37022 -1 -1 2794 0.00109177
Chain
	Aln	115	+b2af84e9-7c2f-4743-aeaa-2d0f9f211203 39 5635 5637 -edge_58_0_+disjointig_130_0_6579 981 6577 6579 -1 -1 5596 0.000172201
Chain
	Aln	114	-b2af84e9-7c2f-4743-aeaa-2d0f9f211203 1 5597 5637 +edge_58_0_+disjointig_130_0_6579 1 5597 6579 -1 -1 5596 0.000172201
Chain
	Aln	37	+c69a320a-9d2d-4c86-b0be-615117176d6c 24 3258 3275 -edge_19_0_+disjointig_103_0_12232 8976 12215 12232 -1 -1 3125 0.00434739
Chain
	Aln	36	-c69a320a-9d2d-4c86-b0be-615117176d6c 16 3250 3275 +edge_19_0_+disjointig_103_0_12232 16 3255 12232 -1 -1 3125 0.00434739
Chain
	Aln	50	+585e443e-dad7-4792-b73a-57bc2fd8568d 12 10796 10803 +edge_26_0_+disjointig_11_0_37022 8981 19783 37022 -1 -1 10572 0.0016921
Chain
	Aln	51	-585e443e-dad7-4792-b73a-57bc2fd8568d 6 10790 10803 -edge_26_0_+disjointig_11_0_37022 17238 28040 37022 -1 -1 10572 0.0016921
Chain
	Aln	186	+a4230578-e9bf-453f-b82c-a02c06063f3b 11 1789 1794 +edge_94_0_+disjointig_88_16832_25254 1159 2937 8422 -1 -1 1747 0.00446977
Chain
	Aln	187	-a4230578-e9bf-453f-b82c-a02c06063f3b 4 1782 1794 -edge_94_0_+disjointig_88_16832_25254 5484 7262 8422 -1 -1 1747 0.00446977
Chain
	Aln	155	+38325a77-4ec2-418b-a85a-e25902ddbdad 9 4256 4259 -edge_78_0_+disjointig_24_0_4271 8 4268 4271 -1 -1 4095 0.00438688
Chain
	Aln	154	-38325a77-4ec2-418b-a85a-e25902ddbdad 2 4249 4259 +edge_78_0_+disjointig_24_0_4271 2 4262 4271 -1 -1 4095 0.00438688
Chain
	Aln	246	+588a5eda-bc6f-4673-bf93-083ab4c8cb9d 11 1309 1856 +edge_124_0_+disjointig_61_0_27418 26112 27410 27418 -1 -1 1298 0.000941016
Chain
	Aln	247	-588a5eda-bc6f-4673-bf93-083ab4c8cb9d 546 1844 1856 -edge_124_0_+disjointig_61_0_27418 7 1305 27418 -1 -1 1298 0.000941016
Chain
	Aln	110	+695f23b6-e930-4c1f-9d1d-89061616e976 12 1381 1384 +edge_56_0_+disjointig_129_0_22409 12694 14059 22409 -1 -1 1351 0
Chain
	Aln	111	-695f23b6-e930-4c1f-9d1d-89061616e976 2 1371 1384 -edge_56_0_+disjointig_129_0_22409 8349 9714 22409 -1 -1 1351 0
Chain
	Aln	165	+fc7f6908-5169-4ccb-a16c-ed5dbb19a237 5 8721 8731 -edge_83_0_+disjointig_29_0_8745 4 8735 8745 -1 -1 8456 0.00364552
Chain
	Aln	164	-fc7f6908-5169-4ccb-a16c-ed5dbb19a237 9 8725 8731 +edge_83_0_+disjointig_29_0_8745 9 8740 8745 -1 -1 8456 0.00364552
Chain
	Aln	259	+daca7473-daad-4838-b8cc-ea9af9d08a07 12 2408 2410 -edge_130_0_+disjointig_67_0_7895 153 2552 7895 -1 -1 2235 0.00596355
Chain
	Aln	258	-daca7473-daad-4838-b8cc-ea9af9d08a07 1 2397 2410 +edge_130_0_+disjointig_67_0_7895 5342 7741 7895 -1 -1 2235 0.00596355
Chain
	Aln	77	+b381b8da-0b49-41c5-9b16-9bafa582ad95 12 15218 15224 -edge_39_0_+disjointig_12_0_55869 40667 55863 55869 -1 -1 13331 0.00581241
Chain
	Aln	76	-b381b8da-0b49-41c5-9b16-9bafa582ad95 5 15211 15224 +edge_39_0_+disjointig_12_0_55869 5 15201 55869 -1 -1 13331 0.00581241
Chain
	Aln	304	+e9b68ccd-5e85-4b7d-b852-1faabed430f1 34 3009 3017 +edge_153_0_+disjointig_90_0_8896 14 2989 8896 -1 -1 2957 0
Chain
	Aln	305	-e9b68ccd-5e85-4b7d-b852-1faabed430f1 7 2982 3017 -edge_153_0_+disjointig_90_0_8896 5906 8881 8896 -1 -1 2957 0
Chain
	Aln	305	+d02f9570-f457-4f73-983c-7b07d659de82 12 3020 3022 -edge_153_0_+disjointig_90_0_8896 5890 8894 8896 -1 -1 2931 0.00163984
Chain
	Aln	304	-d02f9570-f457-4f73-983c-7b07d659de82 1 3009 3022 +edge_153_0_+disjointig_90_0_8896 1 3005 8896 -1 -1 2931 0.00163984
Chain
	Aln	168	+1e8943f6-711e-4cbe-8f11-83a57786f5cc 14 3483 6750 +edge_85_0_+disjointig_30_0_17401 13926 17387 17401 -1 -1 3072 0.0125262
	Aln	31	+1e8943f6-711e-4cbe-8f11-83a57786f5cc 3511 6742 6750 -edge_16_1_+disjointig_58_27578_30852 13 3266 3274 -1 -1 3077 0.00602388
Chain
	Aln	30	-1e8943f6-711e-4cbe-8f11-83a57786f5cc 7 3238 6750 +edge_16_1_+disjointig_58_27578_30852 7 3260 3274 -1 -1 3077 0.00602388
	Aln	169	-1e8943f6-711e-4cbe-8f11-83a57786f5cc 3266 6735 6750 -edge_85_0_+disjointig_30_0_17401 13 3474 17401 -1 -1 3072 0.0125262
Chain
	Aln	322	+a8b6fedf-fc3c-4354-ac36-c73d3359e50e 14 1776 2868 +edge_162_0_+disjointig_16_27906_31669 1392 3143 3763 -1 -1 1702 0.00315369
Chain
	Aln	77	+a8b6fedf-fc3c-4354-ac36-c73d3359e50e 1278 2866 2868 -edge_39_0_+disjointig_12_0_55869 13 1604 55869 -1 -1 1563 0
Chain
	Aln	323	-a8b6fedf-fc3c-4354-ac36-c73d3359e50e 1091 2853 2868 -edge_162_0_+disjointig_16_27906_31669 619 2370 3763 -1 -1 1702 0.00315369
Chain
	Aln	76	-a8b6fedf-fc3c-4354-ac36-c73d3359e50e 1 1589 2868 +edge_39_0_+disjointig_12_0_55869 54264 55855 55869 -1 -1 1563 0
Chain
	Aln	22	+7027f0a9-5c9c-4274-8690-1335f768c592 14 3803 12217 +edge_12_1_-disjointig_30_6868_12437 1778 5562 5569 -1 -1 3735 0.00265043
Chain
	Aln	23	-7027f0a9-5c9c-4274-8690-1335f768c592 8413 12202 12217 -edge_12_1_-disjointig_30_6868_12437 6 3790 5569 -1 -1 3735 0.00265043
Chain
	Aln	97	+e68d9f34-4331-4013-9be6-0f2057e50c60 19 9667 9670 -edge_49_0_+disjointig_125_0_21759 17 9680 21759 -1 -1 9101 0.00603617
Chain
	Aln	96	-e68d9f34-4331-4013-9be6-0f2057e50c60 2 9650 9670 +edge_49_0_+disjointig_125_0_21759 12078 21741 21759 -1 -1 9101 0.00603617
Chain
	Aln	334	+8157c912-33a7-46f8-8d79-d972816a0a9d 4 615 3681 +edge_168_0_+disjointig_23_5372_12768 6779 7390 7396 -1 -1 602 0.00244076
	Aln	334	+8157c912-33a7-46f8-8d79-d972816a0a9d 626 3679 3681 +edge_168_0_+disjointig_23_5372_12768 5 3058 7396 -1 -1 3014 0.00207021
Chain
	Aln	335	-8157c912-33a7-46f8-8d79-d972816a0a9d 1 3054 3681 -edge_168_0_+disjointig_23_5372_12768 4337 7390 7396 -1 -1 3014 0.00207021
	Aln	335	-8157c912-33a7-46f8-8d79-d972816a0a9d 3065 3676 3681 -edge_168_0_+disjointig_23_5372_12768 5 616 7396 -1 -1 602 0.00244076
Chain
	Aln	335	+cc87eee0-7499-4dd3-b28f-bf9a25def3b0 4 3072 3666 -edge_168_0_+disjointig_23_5372_12768 4320 7395 7396 -1 -1 2935 0.00508733
	Aln	335	+cc87eee0-7499-4dd3-b28f-bf9a25def3b0 3084 3654 3666 -edge_168_0_+disjointig_23_5372_12768 11 581 7396 -1 -1 570 0
Chain
	Aln	334	-cc87eee0-7499-4dd3-b28f-bf9a25def3b0 11 581 3666 +edge_168_0_+disjointig_23_5372_12768 6814 7384 7396 -1 -1 570 0
	Aln	334	-cc87eee0-7499-4dd3-b28f-bf9a25def3b0 593 3661 3666 +edge_168_0_+disjointig_23_5372_12768 0 3075 7396 -1 -1 2935 0.00508733
Chain
	Aln	329	+f5c008a4-d447-420b-8aa2-755c9eba5fdb 15 13051 13057 -edge_165_0_+disjointig_121_0_43555 30518 43549 43555 -1 -1 12898 0.00058625
Chain
	Aln	328	-f5c008a4-d447-420b-8aa2-755c9eba5fdb 5 13041 13057 +edge_165_0_+disjointig_121_0_43555 5 13036 43555 -1 -1 12898 0.00058625
Chain
	Aln	324	+45ebd1d9-ad17-4271-a973-87655f61c40d 11 19701 19706 +edge_163_0_+disjointig_115_0_36592 2028 21714 36592 -1 -1 19559 0
Chain
	Aln	325	-45ebd1d9-ad17-4271-a973-87655f61c40d 4 19694 19706 -edge_163_0_+disjointig_115_0_36592 14877 34563 36592 -1 -1 19559 0
Chain
	Aln	131	+0ee709a6-5a7b-4550-b9aa-48d0c1da66da 1 5206 5208 -edge_66_0_+disjointig_138_0_20222 14995 20220 20222 -1 -1 5031 0.00405019
Chain
	Aln	130	-0ee709a6-5a7b-4550-b9aa-48d0c1da66da 1 5206 5208 +edge_66_0_+disjointig_138_0_20222 1 5226 20222 -1 -1 5031 0.00405019
Chain
	Aln	100	+3b80b588-c817-491c-be36-580a2455c910 4 1031 1037 +edge_51_0_+disjointig_127_0_11351 8786 9813 11351 -1 -1 1011 0.00485699
Chain
	Aln	101	-3b80b588-c817-491c-be36-580a2455c910 5 1032 1037 -edge_51_0_+disjointig_127_0_11351 1537 2564 11351 -1 -1 1011 0.00485699
Chain
	Aln	333	+3342e22d-0ffd-45b5-b89e-bf90323361f8 4 1967 1973 -edge_167_0_-disjointig_78_1608_17660 10626 12589 16052 -1 -1 1764 0.0118931
Chain
	Aln	332	-3342e22d-0ffd-45b5-b89e-bf90323361f8 5 1968 1973 +edge_167_0_-disjointig_78_1608_17660 3462 5425 16052 -1 -1 1764 0.0118931
Chain
	Aln	328	+b300f67a-676a-4c6a-abb6-26758f66a145 9 13503 13506 +edge_165_0_+disjointig_121_0_43555 7070 20579 43555 -1 -1 13379 0.00116518
Chain
	Aln	329	-b300f67a-676a-4c6a-abb6-26758f66a145 2 13496 13506 -edge_165_0_+disjointig_121_0_43555 22975 36484 43555 -1 -1 13379 0.00116518
Chain
	Aln	76	+eb56a5e2-7df2-4889-8b12-1aea2fd57a0c 7 3326 3328 +edge_39_0_+disjointig_12_0_55869 33485 36804 55869 -1 -1 3319 0.00090811
Chain
	Aln	77	-eb56a5e2-7df2-4889-8b12-1aea2fd57a0c 1 3320 3328 -edge_39_0_+disjointig_12_0_55869 19064 22383 55869 -1 -1 3319 0.00090811
Chain
	Aln	248	+944b9829-e765-4e83-888a-9b5009b5bb1e 1397 10146 10155 +edge_125_0_+disjointig_62_0_8797 46 8789 8797 -1 -1 8702 0.000602938
Chain
	Aln	249	-944b9829-e765-4e83-888a-9b5009b5bb1e 8 8757 10155 -edge_125_0_+disjointig_62_0_8797 7 8750 8797 -1 -1 8702 0.000602938
Chain
	Aln	262	+fe4ab2e9-1c30-4382-92f0-c73a715dfbaf 24 2890 2892 +edge_132_0_+disjointig_69_0_2893 4 2870 2893 -1 -1 2847 0.000946882
Chain
	Aln	263	-fe4ab2e9-1c30-4382-92f0-c73a715dfbaf 1 2867 2892 -edge_132_0_+disjointig_69_0_2893 22 2888 2893 -1 -1 2847 0.000946882
Chain
	Aln	263	+0428a4d6-f986-480d-90c7-83656f8c4e30 5 2891 2896 -edge_132_0_+disjointig_69_0_2893 4 2888 2893 -1 -1 2800 0.00382937
Chain
	Aln	262	-0428a4d6-f986-480d-90c7-83656f8c4e30 4 2890 2896 +edge_132_0_+disjointig_69_0_2893 4 2888 2893 -1 -1 2800 0.00382937
Chain
	Aln	222	+bd01a5eb-974a-41bc-8e30-a7f3d88ae37a 6852 14144 28209 +edge_112_0_+disjointig_50_0_32884 2 7257 32884 -1 -1 6539 0.00939524
Chain
	Aln	223	+bd01a5eb-974a-41bc-8e30-a7f3d88ae37a 14145 21409 28209 -edge_112_0_+disjointig_50_0_32884 25600 32883 32884 -1 -1 5935 0.0198384
Chain
	Aln	223	-bd01a5eb-974a-41bc-8e30-a7f3d88ae37a 14064 21356 28209 -edge_112_0_+disjointig_50_0_32884 25626 32881 32884 -1 -1 6539 0.00939524
Chain
	Aln	222	-bd01a5eb-974a-41bc-8e30-a7f3d88ae37a 6799 14063 28209 +edge_112_0_+disjointig_50_0_32884 0 7283 32884 -1 -1 5935 0.0198384
Chain
	Aln	73	+8a39bbf6-0252-4cfd-9f93-3323f7c9e62e 12 3015 3017 -edge_37_0_+disjointig_118_0_3021 11 3019 3021 -1 -1 2890 0.00531034
Chain
	Aln	72	-8a39bbf6-0252-4cfd-9f93-3323f7c9e62e 1 3004 3017 +edge_37_0_+disjointig_118_0_3021 1 3009 3021 -1 -1 2890 0.00531034
Chain
	Aln	76	+62a38bb9-6a3d-495d-8e23-5219b3e2fb03 10 3798 3805 +edge_39_0_+disjointig_12_0_55869 44894 48681 55869 -1 -1 3775 0.00112765
Chain
	Aln	77	-62a38bb9-6a3d-495d-8e23-5219b3e2fb03 6 3794 3805 -edge_39_0_+disjointig_12_0_55869 7187 10974 55869 -1 -1 3775 0.00112765
Chain
	Aln	328	+34ab9b1f-3bc5-4b57-886f-02ad9cd1b800 15 3687 3697 +edge_165_0_+disjointig_121_0_43555 33625 37297 43555 -1 -1 3666 0.000715653
Chain
	Aln	329	-34ab9b1f-3bc5-4b57-886f-02ad9cd1b800 9 3681 3697 -edge_165_0_+disjointig_121_0_43555 6257 9929 43555 -1 -1 3666 0.000715653
Chain
	Aln	14	+8511d6fb-b724-4a88-8861-8d772ae07a7e 17 3572 4420 +edge_8_0_-disjointig_16_16711_37977 6367 9922 21266 -1 -1 3539 0
Chain
	Aln	15	-8511d6fb-b724-4a88-8861-8d772ae07a7e 847 4402 4420 -edge_8_0_-disjointig_16_16711_37977 11343 14898 21266 -1 -1 3539 0
Chain
	Aln	205	+9ce7e34f-2239-4cd6-8764-d47201f66b19 13 3769 3771 -edge_103_0_+disjointig_42_0_3772 12 3770 3772 -1 -1 3654 0.0012759
Chain
	Aln	204	-9ce7e34f-2239-4cd6-8764-d47201f66b19 1 3757 3771 +edge_103_0_+disjointig_42_0_3772 1 3759 3772 -1 -1 3654 0.0012759
Chain
	Aln	204	+e99c8f25-b88a-4c10-80d0-3b3f5797d554 43 3762 3770 +edge_103_0_+disjointig_42_0_3772 22 3744 3772 -1 -1 3694 0
Chain
	Aln	205	-e99c8f25-b88a-4c10-80d0-3b3f5797d554 7 3726 3770 -edge_103_0_+disjointig_42_0_3772 27 3749 3772 -1 -1 3694 0
Chain
	Aln	76	+755c944d-1b9c-48c5-bb08-44733078492b 2 1327 1342 +edge_39_0_+disjointig_12_0_55869 37240 38562 55869 -1 -1 1308 0.00292101
Chain
	Aln	77	-755c944d-1b9c-48c5-bb08-44733078492b 14 1339 1342 -edge_39_0_+disjointig_12_0_55869 17306 18628 55869 -1 -1 1308 0.00292101
Chain
	Aln	189	+4eaa765d-e1f6-4399-b1ad-369c568615c3 33 4835 4839 -edge_95_0_+disjointig_35_0_19429 5193 9996 19429 -1 -1 4790 0.00168698
Chain
	Aln	188	-4eaa765d-e1f6-4399-b1ad-369c568615c3 3 4805 4839 +edge_95_0_+disjointig_35_0_19429 9432 14235 19429 -1 -1 4790 0.00168698
Chain
	Aln	256	+fe677cc9-b285-4d7c-9475-97cb1e3574bf 10 14121 14124 +edge_129_0_+disjointig_66_0_27601 10 14121 27601 -1 -1 14095 0
Chain
	Aln	257	-fe677cc9-b285-4d7c-9475-97cb1e3574bf 2 14113 14124 -edge_129_0_+disjointig_66_0_27601 13479 27590 27601 -1 -1 14095 0
Chain
	Aln	213	+cc781885-af37-40c0-ba3e-d55a5d986dcf 10 5746 5748 -edge_107_0_+disjointig_46_0_10330 4592 10328 10330 -1 -1 5682 0.00197657
Chain
	Aln	212	-cc781885-af37-40c0-ba3e-d55a5d986dcf 1 5737 5748 +edge_107_0_+disjointig_46_0_10330 1 5737 10330 -1 -1 5682 0.00197657
Chain
	Aln	141	+6a4d18ff-2e59-4da4-948a-e4e70605172e 4 4543 4548 -edge_71_0_+disjointig_19_0_10405 2325 6855 10405 -1 -1 4214 0.0103828
Chain
	Aln	140	-6a4d18ff-2e59-4da4-948a-e4e70605172e 4 4543 4548 +edge_71_0_+disjointig_19_0_10405 3549 8079 10405 -1 -1 4214 0.0103828
Chain
	Aln	283	+8d662991-500f-4e70-ba6f-a5107db57b83 5 4915 4919 -edge_142_0_+disjointig_79_0_7739 4 4910 7739 -1 -1 4829 0.00347296
Chain
	Aln	282	-8d662991-500f-4e70-ba6f-a5107db57b83 3 4913 4919 +edge_142_0_+disjointig_79_0_7739 2828 7734 7739 -1 -1 4829 0.00347296
Chain
	Aln	325	+0cf8f3ac-6129-44b6-8a25-36f4e0e0ad60 9 8328 8332 -edge_163_0_+disjointig_115_0_36592 4694 13005 36592 -1 -1 8013 0.00499091
Chain
	Aln	324	-0cf8f3ac-6129-44b6-8a25-36f4e0e0ad60 3 8322 8332 +edge_163_0_+disjointig_115_0_36592 23586 31897 36592 -1 -1 8013 0.00499091
Chain
	Aln	59	+a5108ba9-ad83-4f50-a2e4-27a5eb9f4990 8 1513 1518 -edge_30_0_+disjointig_113_0_16942 11596 13102 16942 -1 -1 1485 0.0027274
Chain
	Aln	58	-a5108ba9-ad83-4f50-a2e4-27a5eb9f4990 4 1509 1518 +edge_30_0_+disjointig_113_0_16942 3839 5345 16942 -1 -1 1485 0.0027274
Chain
	Aln	14	+34fca847-2572-4095-854e-b4bb7c9c14a4 8820 13064 23531 +edge_8_0_-disjointig_16_16711_37977 9926 14172 21266 -1 -1 4218 0
Chain
	Aln	15	+34fca847-2572-4095-854e-b4bb7c9c14a4 19979 23522 23531 -edge_8_0_-disjointig_16_16711_37977 11343 14886 21266 -1 -1 3509 0.00136552
Chain
	Aln	15	-34fca847-2572-4095-854e-b4bb7c9c14a4 10466 14710 23531 -edge_8_0_-disjointig_16_16711_37977 7093 11339 21266 -1 -1 4218 0
Chain
	Aln	14	-34fca847-2572-4095-854e-b4bb7c9c14a4 8 3551 23531 +edge_8_0_-disjointig_16_16711_37977 6379 9922 21266 -1 -1 3509 0.00136552
Chain
	Aln	282	+8806a91c-b50b-432b-a6ca-2f833ba9c7dd 1 7710 7721 +edge_142_0_+disjointig_79_0_7739 1 7710 7739 -1 -1 7663 0.00202022
Chain
	Aln	283	-8806a91c-b50b-432b-a6ca-2f833ba9c7dd 10 7719 7721 -edge_142_0_+disjointig_79_0_7739 28 7737 7739 -1 -1 7663 0.00202022
Chain
	Aln	137	+a38ee3c4-7a0b-407c-8c26-43ca408e3ac1 11 2297 2301 -edge_69_0_+disjointig_15_0_9924 7633 9920 9924 -1 -1 2281 0.00051024
Chain
	Aln	136	-a38ee3c4-7a0b-407c-8c26-43ca408e3ac1 3 2289 2301 +edge_69_0_+disjointig_15_0_9924 3 2290 9924 -1 -1 2281 0.00051024
Chain
	Aln	49	+362d55eb-04f9-404a-848e-d2ff3164019b 4 10257 10266 -edge_25_0_+disjointig_109_0_11930 3 10256 11930 -1 -1 10118 0.00064153
Chain
	Aln	48	-362d55eb-04f9-404a-848e-d2ff3164019b 8 10261 10266 +edge_25_0_+disjointig_109_0_11930 1673 11926 11930 -1 -1 10118 0.00064153
Chain
	Aln	317	+3f2120c5-30fd-485d-807c-e97070591b16 14 2449 2456 -edge_159_0_+disjointig_97_0_2457 13 2450 2457 -1 -1 2382 0.00255017
Chain
	Aln	316	-3f2120c5-30fd-485d-807c-e97070591b16 6 2441 2456 +edge_159_0_+disjointig_97_0_2457 6 2443 2457 -1 -1 2382 0.00255017
Chain
	Aln	49	+ad3f6488-2293-4527-9498-23722156db43 10 1746 1753 -edge_25_0_+disjointig_109_0_11930 2980 4717 11930 -1 -1 1703 0
Chain
	Aln	48	-ad3f6488-2293-4527-9498-23722156db43 6 1742 1753 +edge_25_0_+disjointig_109_0_11930 7212 8949 11930 -1 -1 1703 0
Chain
	Aln	264	+144b2298-08b4-4978-9e3c-eabede99ca15 1130 5134 5137 +edge_133_0_+disjointig_7_0_18901 2 4007 18901 -1 -1 3919 0.0026793
Chain
	Aln	265	-144b2298-08b4-4978-9e3c-eabede99ca15 2 4006 5137 -edge_133_0_+disjointig_7_0_18901 14893 18898 18901 -1 -1 3919 0.0026793
Chain
	Aln	329	+678053c5-8a2d-41d7-acb9-effcc9975e3f 18 4132 4137 -edge_165_0_+disjointig_121_0_43555 22704 26829 43555 -1 -1 4037 0.00216441
Chain
	Aln	328	-678053c5-8a2d-41d7-acb9-effcc9975e3f 4 4118 4137 +edge_165_0_+disjointig_121_0_43555 16725 20850 43555 -1 -1 4037 0.00216441
Chain
	Aln	147	+70763046-544d-4536-829c-daa12db6848a 7 3249 3251 -edge_74_0_+disjointig_21_0_20260 17016 20258 20260 -1 -1 3242 0.000835702
Chain
	Aln	146	-70763046-544d-4536-829c-daa12db6848a 1 3243 3251 +edge_74_0_+disjointig_21_0_20260 1 3243 20260 -1 -1 3242 0.000835702
Chain
	Aln	122	+83e34af3-eb38-44f2-b835-c41169ed9f76 13 1157 1165 +edge_62_0_+disjointig_134_0_29007 17985 19129 29007 -1 -1 1144 0.000249711
Chain
	Aln	123	-83e34af3-eb38-44f2-b835-c41169ed9f76 7 1151 1165 -edge_62_0_+disjointig_134_0_29007 9877 11021 29007 -1 -1 1144 0.000249711
Chain
	Aln	241	+1d46a457-7b7c-4dd1-b06a-6cd3f1e92a7a 7 4983 6510 -edge_121_0_+disjointig_59_0_4984 6 4983 4984 -1 -1 4934 0.000526561
Chain
	Aln	240	-1d46a457-7b7c-4dd1-b06a-6cd3f1e92a7a 1526 6502 6510 +edge_121_0_+disjointig_59_0_4984 0 4977 4984 -1 -1 4934 0.000526561
Chain
	Aln	225	+e79aa04b-fca5-4c27-b944-da7f95da3fce 3080 4285 11240 -edge_113_0_+disjointig_52_0_20893 6812 8018 20893 -1 -1 1099 0.0122794
Chain
	Aln	224	-e79aa04b-fca5-4c27-b944-da7f95da3fce 6954 8159 11240 +edge_113_0_+disjointig_52_0_20893 12874 14080 20893 -1 -1 1099 0.0122794
Chain
	Aln	21	+6f11218e-6f25-451e-a9c1-df7a0928514a 16 3477 4888 -edge_11_0_+disjointig_100_0_13557 10095 13556 13557 -1 -1 3426 0.00103092
Chain
	Aln	20	-6f11218e-6f25-451e-a9c1-df7a0928514a 1410 4871 4888 +edge_11_0_+disjointig_100_0_13557 0 3461 13557 -1 -1 3426 0.00103092
Chain
	Aln	51	+7fff0bdf-4f65-49ef-a499-83ce1dccc84c 1 7559 7566 -edge_26_0_+disjointig_11_0_37022 3820 11380 37022 -1 -1 7377 0.00192967
Chain
	Aln	50	-7fff0bdf-4f65-49ef-a499-83ce1dccc84c 6 7564 7566 +edge_26_0_+disjointig_11_0_37022 25641 33201 37022 -1 -1 7377 0.00192967
Chain
	Aln	334	+22c54917-1201-4a67-b205-7d6fac826f65 4 3677 3680 +edge_168_0_+disjointig_23_5372_12768 1038 4712 7396 -1 -1 3666 0.000390089
Chain
	Aln	335	-22c54917-1201-4a67-b205-7d6fac826f65 2 3675 3680 -edge_168_0_+disjointig_23_5372_12768 2683 6357 7396 -1 -1 3666 0.000390089
Chain
	Aln	110	+37175d9a-5c79-4f25-975d-ff9d2e1b308d 13 13900 13911 +edge_56_0_+disjointig_129_0_22409 8511 22399 22409 -1 -1 13834 3.39718e-05
Chain
	Aln	111	-37175d9a-5c79-4f25-975d-ff9d2e1b308d 10 13897 13911 -edge_56_0_+disjointig_129_0_22409 9 13897 22409 -1 -1 13834 3.39718e-05
Chain
	Aln	77	+38053707-03a8-43a6-9cab-81c3f531a5e7 106 13439 13441 -edge_39_0_+disjointig_12_0_55869 19098 32425 55869 -1 -1 12108 0.00857577
Chain
	Aln	76	-38053707-03a8-43a6-9cab-81c3f531a5e7 1 13334 13441 +edge_39_0_+disjointig_12_0_55869 23443 36770 55869 -1 -1 12108 0.00857577
Chain
	Aln	247	+10fea5b2-a02a-4b84-b4c0-08373dd43867 10 26411 26414 -edge_124_0_+disjointig_61_0_27418 1015 27415 27418 -1 -1 25873 0.0019956
Chain
	Aln	246	-10fea5b2-a02a-4b84-b4c0-08373dd43867 2 26403 26414 +edge_124_0_+disjointig_61_0_27418 2 26402 27418 -1 -1 25873 0.0019956
Chain
	Aln	251	+cdd1791f-7717-40df-8a75-b7bf53813d83 3 3401 3403 -edge_126_0_+disjointig_63_0_8068 4667 8066 8068 -1 -1 3343 0.00311085
Chain
	Aln	250	-cdd1791f-7717-40df-8a75-b7bf53813d83 1 3399 3403 +edge_126_0_+disjointig_63_0_8068 1 3400 8068 -1 -1 3343 0.00311085
Chain
	Aln	50	+72f113b4-b5e0-41e8-b191-7dc5924eec15 12 1190 1193 +edge_26_0_+disjointig_11_0_37022 34188 35366 37022 -1 -1 1178 0
Chain
	Aln	51	-72f113b4-b5e0-41e8-b191-7dc5924eec15 2 1180 1193 -edge_26_0_+disjointig_11_0_37022 1655 2833 37022 -1 -1 1178 0
Chain
	Aln	320	+19a1fe60-80de-4fb5-9269-37e21d5b7b8a 28 1144 1147 +edge_161_0_+disjointig_99_0_7728 3164 4284 7728 -1 -1 1084 0.000447892
Chain
	Aln	321	-19a1fe60-80de-4fb5-9269-37e21d5b7b8a 2 1118 1147 -edge_161_0_+disjointig_99_0_7728 3443 4563 7728 -1 -1 1084 0.000447892
Chain
	Aln	175	+4c058960-3d32-41a4-aadf-cbcf2175ad8e 10 5398 9038 -edge_88_0_+disjointig_32_0_6605 1217 6604 6605 -1 -1 5362 0.00161236
Chain
	Aln	174	-4c058960-3d32-41a4-aadf-cbcf2175ad8e 3639 9027 9038 +edge_88_0_+disjointig_32_0_6605 0 5387 6605 -1 -1 5362 0.00161236
Chain
	Aln	253	+14a0303f-e433-4271-8b8e-ce177d86f230 12 2552 2557 -edge_127_0_+disjointig_64_0_8161 11 2560 8161 -1 -1 2426 0.00561298
Chain
	Aln	252	-14a0303f-e433-4271-8b8e-ce177d86f230 4 2544 2557 +edge_127_0_+disjointig_64_0_8161 5600 8149 8161 -1 -1 2426 0.00561298
Chain
	Aln	291	+aad2647c-5a2e-44ca-814c-b69609a5d0b8 4 7040 9286 -edge_146_0_+disjointig_82_0_20533 13491 20532 20533 -1 -1 7010 0
Chain
	Aln	290	-aad2647c-5a2e-44ca-814c-b69609a5d0b8 2245 9281 9286 +edge_146_0_+disjointig_82_0_20533 0 7041 20533 -1 -1 7010 0
Chain
	Aln	76	+85e8ade0-7b6e-4719-8a8e-2776fe0be3d4 15 1586 1588 +edge_39_0_+disjointig_12_0_55869 52979 54549 55869 -1 -1 1550 0
Chain
	Aln	77	-85e8ade0-7b6e-4719-8a8e-2776fe0be3d4 1 1572 1588 -edge_39_0_+disjointig_12_0_55869 1319 2889 55869 -1 -1 1550 0
Chain
	Aln	334	+89ad976b-4b8d-49a7-abdd-99a906df3d22 0 3507 3512 +edge_168_1_+disjointig_23_12768_20169 2282 5796 7401 -1 -1 3367 0.00377087
Chain
	Aln	335	-89ad976b-4b8d-49a7-abdd-99a906df3d22 4 3511 3512 -edge_168_1_+disjointig_23_12768_20169 1604 5118 7401 -1 -1 3367 0.00377087
Chain
	Aln	43	+a108a544-9c61-4069-8612-85deee941ae4 14 6202 7346 -edge_22_0_+disjointig_106_0_6201 13 6193 6201 -1 -1 5991 0.00346507
Chain
	Aln	42	-a108a544-9c61-4069-8612-85deee941ae4 1143 7331 7346 +edge_22_0_+disjointig_106_0_6201 7 6187 6201 -1 -1 5991 0.00346507
Chain
	Aln	77	+0aef737e-0a90-4d7d-adad-db679ce189c7 19 2513 2517 -edge_39_0_+disjointig_12_0_55869 4871 7360 55869 -1 -1 2355 0.00765082
Chain
	Aln	76	-0aef737e-0a90-4d7d-adad-db679ce189c7 3 2497 2517 +edge_39_0_+disjointig_12_0_55869 48508 50997 55869 -1 -1 2355 0.00765082
Chain
	Aln	14	+44de57f1-f986-44e7-b786-2dc9c2a48472 9 1203 1205 +edge_8_0_-disjointig_16_16711_37977 7550 8756 21266 -1 -1 1166 0.00194361
Chain
	Aln	15	-44de57f1-f986-44e7-b786-2dc9c2a48472 1 1195 1205 -edge_8_0_-disjointig_16_16711_37977 12509 13715 21266 -1 -1 1166 0.00194361
Chain
	Aln	15	+cbea4784-b047-4845-b43d-5497602576e6 19 1215 1222 -edge_8_0_-disjointig_16_16711_37977 12503 13698 21266 -1 -1 1194 0
Chain
	Aln	14	-cbea4784-b047-4845-b43d-5497602576e6 6 1202 1222 +edge_8_0_-disjointig_16_16711_37977 7567 8762 21266 -1 -1 1194 0
Chain
	Aln	121	+ab7d006a-1efd-47c8-b417-ee5996a97210 14 2550 2552 -edge_61_0_+disjointig_133_0_2552 13 2550 2552 -1 -1 2516 0.000100205
Chain
	Aln	120	-ab7d006a-1efd-47c8-b417-ee5996a97210 1 2537 2552 +edge_61_0_+disjointig_133_0_2552 1 2538 2552 -1 -1 2516 0.000100205
Chain
	Aln	58	+78a522b4-d626-4fb5-8da5-f6afbe855b4b 7 3010 3014 +edge_30_0_+disjointig_113_0_16942 7525 10528 16942 -1 -1 3003 0.00143089
Chain
	Aln	59	-78a522b4-d626-4fb5-8da5-f6afbe855b4b 3 3006 3014 -edge_30_0_+disjointig_113_0_16942 6413 9416 16942 -1 -1 3003 0.00143089
Chain
	Aln	201	+18159dbb-b057-45b3-b0cc-ab9f45f491dd 646 12992 12994 -edge_101_0_+disjointig_40_0_12361 17 12359 12361 -1 -1 12250 0.000865284
Chain
	Aln	200	-18159dbb-b057-45b3-b0cc-ab9f45f491dd 1 12347 12994 +edge_101_0_+disjointig_40_0_12361 1 12343 12361 -1 -1 12250 0.000865284
Chain
	Aln	79	+c36442df-0a36-49a9-bb41-6e66d45cc881 16 3663 3671 -edge_40_0_+disjointig_120_0_10460 15 3663 10460 -1 -1 3617 0.00196654
Chain
	Aln	78	-c36442df-0a36-49a9-bb41-6e66d45cc881 7 3654 3671 +edge_40_0_+disjointig_120_0_10460 6796 10444 10460 -1 -1 3617 0.00196654
Chain
	Aln	57	+9e69b7e1-345f-4e77-8ae3-d850b42db230 15 1101 1105 -edge_29_0_+disjointig_112_0_10273 1417 2503 10273 -1 -1 1086 0
Chain
	Aln	56	-9e69b7e1-345f-4e77-8ae3-d850b42db230 3 1089 1105 +edge_29_0_+disjointig_112_0_10273 7769 8855 10273 -1 -1 1086 0
Chain
	Aln	132	+66a6b3c9-53a6-4686-966d-941ab6b5870a 12 14737 14746 +edge_67_0_+disjointig_139_0_38953 24158 38885 38953 -1 -1 14651 0
Chain
	Aln	133	-66a6b3c9-53a6-4686-966d-941ab6b5870a 8 14733 14746 -edge_67_0_+disjointig_139_0_38953 67 14794 38953 -1 -1 14651 0
Chain
	Aln	22	+7d004fe4-d6f5-4a99-871d-4f064ab78744 3 957 5443 +edge_12_2_+disjointig_58_20981_26441 4499 5453 5460 -1 -1 949 0.00443088
	Aln	28	+7d004fe4-d6f5-4a99-871d-4f064ab78744 973 2090 5443 +edge_15_0_+disjointig_58_26441_27578 9 1128 1137 -1 -1 1108 0.00309002
	Aln	30	+7d004fe4-d6f5-4a99-871d-4f064ab78744 2106 5362 5443 +edge_16_1_+disjointig_58_27578_30852 7 3268 3274 -1 -1 3210 0.00179325
Chain
	Aln	31	-7d004fe4-d6f5-4a99-871d-4f064ab78744 80 3336 5443 -edge_16_1_+disjointig_58_27578_30852 5 3266 3274 -1 -1 3210 0.00179325
	Aln	29	-7d004fe4-d6f5-4a99-871d-4f064ab78744 3352 4469 5443 -edge_15_0_+disjointig_58_26441_27578 8 1127 1137 -1 -1 1108 0.00309002
	Aln	23	-7d004fe4-d6f5-4a99-871d-4f064ab78744 4485 5439 5443 -edge_12_2_+disjointig_58_20981_26441 6 960 5460 -1 -1 949 0.00443088
Chain
	Aln	136	+b2d8b96e-5f0d-4623-ab99-10996f08e0e6 17354 23224 23233 +edge_69_0_+disjointig_15_0_9924 3 5924 9924 -1 -1 5461 0.00828889
Chain
	Aln	137	+b2d8b96e-5f0d-4623-ab99-10996f08e0e6 12 5297 23233 -edge_69_0_+disjointig_15_0_9924 4636 9923 9924 -1 -1 5236 0.0015005
Chain
	Aln	137	-b2d8b96e-5f0d-4623-ab99-10996f08e0e6 8 5878 23233 -edge_69_0_+disjointig_15_0_9924 3999 9920 9924 -1 -1 5461 0.00828889
Chain
	Aln	136	-b2d8b96e-5f0d-4623-ab99-10996f08e0e6 17935 23220 23233 +edge_69_0_+disjointig_15_0_9924 0 5287 9924 -1 -1 5236 0.0015005
Chain
	Aln	176	+00fa7263-63d9-46cb-bba8-2d11515da0f6 7 11220 11734 +edge_89_0_+disjointig_33_0_31937 7 11222 31937 -1 -1 10460 0.00754289
Chain
	Aln	177	-00fa7263-63d9-46cb-bba8-2d11515da0f6 513 11726 11734 -edge_89_0_+disjointig_33_0_31937 20714 31929 31937 -1 -1 10460 0.00754289
Chain
	Aln	76	+d5c8f5f4-3610-4013-b147-4bc61bfa784e 19 5965 5967 +edge_39_0_+disjointig_12_0_55869 30617 36571 55869 -1 -1 5902 0.00119751
Chain
	Aln	77	-d5c8f5f4-3610-4013-b147-4bc61bfa784e 1 5947 5967 -edge_39_0_+disjointig_12_0_55869 19297 25251 55869 -1 -1 5902 0.00119751
Chain
	Aln	132	+86f20080-144d-4207-b3b6-cfb48863cf09 1 26870 26874 +edge_67_0_+disjointig_139_0_38953 1 26877 38953 -1 -1 24415 0.00603358
Chain
	Aln	133	-86f20080-144d-4207-b3b6-cfb48863cf09 3 26872 26874 -edge_67_0_+disjointig_139_0_38953 12075 38951 38953 -1 -1 24415 0.00603358
Chain
	Aln	77	+2bb02035-0e29-490f-89db-009e915de293 11 5962 5964 -edge_39_0_+disjointig_12_0_55869 19289 25251 55869 -1 -1 5918 0.00133228
Chain
	Aln	76	-2bb02035-0e29-490f-89db-009e915de293 1 5952 5964 +edge_39_0_+disjointig_12_0_55869 30617 36579 55869 -1 -1 5918 0.00133228
Chain
	Aln	141	+3cc23d4e-0ee4-451f-9ba9-405650eff555 12 8750 11132 -edge_71_0_+disjointig_19_0_10405 1663 10404 10405 -1 -1 8685 0.00276914
Chain
	Aln	140	-3cc23d4e-0ee4-451f-9ba9-405650eff555 2381 11119 11132 +edge_71_0_+disjointig_19_0_10405 0 8741 10405 -1 -1 8685 0.00276914
Chain
	Aln	101	+2d1e3c49-0fcb-47e4-91cc-a4e833123373 16 10480 10485 -edge_51_0_+disjointig_127_0_11351 15 10476 11351 -1 -1 10191 0.00336692
Chain
	Aln	100	-2d1e3c49-0fcb-47e4-91cc-a4e833123373 4 10468 10485 +edge_51_0_+disjointig_127_0_11351 874 11335 11351 -1 -1 10191 0.00336692
Chain
	Aln	237	+e63a1c2a-e23a-4240-8cce-930ce65085b1 10 5026 5037 -edge_119_0_+disjointig_55_0_23236 5491 10509 23236 -1 -1 4987 0.00087741
Chain
	Aln	236	-e63a1c2a-e23a-4240-8cce-930ce65085b1 10 5026 5037 +edge_119_0_+disjointig_55_0_23236 12726 17744 23236 -1 -1 4987 0.00087741
Chain
	Aln	242	+a99ddbbe-75d0-4cb4-8b1f-7267a1686285 12 3317 3327 +edge_122_0_+disjointig_6_0_4796 729 4034 4796 -1 -1 3244 0.00278768
Chain
	Aln	243	-a99ddbbe-75d0-4cb4-8b1f-7267a1686285 9 3314 3327 -edge_122_0_+disjointig_6_0_4796 761 4066 4796 -1 -1 3244 0.00278768
Chain
	Aln	293	+559ba5f5-314c-49ef-b8bf-0e4f6f5235a0 2 1069 1076 -edge_147_0_+disjointig_83_0_13301 8792 9859 13301 -1 -1 1067 0.0018431
Chain
	Aln	292	-559ba5f5-314c-49ef-b8bf-0e4f6f5235a0 6 1073 1076 +edge_147_0_+disjointig_83_0_13301 3441 4508 13301 -1 -1 1067 0.0018431
Chain
	Aln	334	+62c9521e-ea02-4561-84ec-4b01a92eccc5 8 3660 3664 +edge_168_1_+disjointig_23_12768_20169 3502 7166 7401 -1 -1 3513 0.00390744
Chain
	Aln	335	-62c9521e-ea02-4561-84ec-4b01a92eccc5 3 3655 3664 -edge_168_1_+disjointig_23_12768_20169 234 3898 7401 -1 -1 3513 0.00390744
Chain
	Aln	335	+82f6293d-f713-45ed-922a-0416d8dfd471 9 3110 3680 -edge_168_0_+disjointig_23_5372_12768 4293 7395 7396 -1 -1 3051 0.001267
	Aln	335	+82f6293d-f713-45ed-922a-0416d8dfd471 3116 3677 3680 -edge_168_1_+disjointig_23_12768_20169 5 566 7401 -1 -1 561 0
Chain
	Aln	334	-82f6293d-f713-45ed-922a-0416d8dfd471 2 563 3680 +edge_168_1_+disjointig_23_12768_20169 6834 7395 7401 -1 -1 561 0
	Aln	334	-82f6293d-f713-45ed-922a-0416d8dfd471 569 3670 3680 +edge_168_0_+disjointig_23_5372_12768 0 3102 7396 -1 -1 3051 0.001267
Chain
	Aln	200	+3e575058-9ef1-4dd7-9c0b-2973e2d6a8f0 26 5887 5891 +edge_101_0_+disjointig_40_0_12361 4650 10515 12361 -1 -1 5784 0.00143742
Chain
	Aln	201	-3e575058-9ef1-4dd7-9c0b-2973e2d6a8f0 3 5864 5891 -edge_101_0_+disjointig_40_0_12361 1845 7710 12361 -1 -1 5784 0.00143742
Chain
	Aln	199	+246ea890-bb57-4719-b49b-51b87ad18a49 8 4023 4028 -edge_100_0_+disjointig_4_0_12133 7 4022 12133 -1 -1 4002 0.000820442
Chain
	Aln	198	-246ea890-bb57-4719-b49b-51b87ad18a49 4 4019 4028 +edge_100_0_+disjointig_4_0_12133 8110 12125 12133 -1 -1 4002 0.000820442
Chain
	Aln	189	+b9e5536a-b7f7-4a39-97e8-67651b6516d9 2028 6408 6742 -edge_95_0_+disjointig_35_0_19429 2 4379 19429 -1 -1 3674 0.0153635
Chain
	Aln	188	-b9e5536a-b7f7-4a39-97e8-67651b6516d9 333 4713 6742 +edge_95_0_+disjointig_35_0_19429 15049 19426 19429 -1 -1 3674 0.0153635
Chain
	Aln	77	+f0c21296-0202-46a8-bf4c-73581f432998 28 2747 2750 -edge_39_0_+disjointig_12_0_55869 14707 17424 55869 -1 -1 2678 0.00340999
Chain
	Aln	76	-f0c21296-0202-46a8-bf4c-73581f432998 2 2721 2750 +edge_39_0_+disjointig_12_0_55869 38444 41161 55869 -1 -1 2678 0.00340999
Chain
	Aln	334	+cb842e9f-016e-4ee9-afa4-bc6804e47004 16 3490 3493 +edge_168_0_+disjointig_23_5372_12768 1404 4876 7396 -1 -1 3441 0.000585702
Chain
	Aln	335	-cb842e9f-016e-4ee9-afa4-bc6804e47004 2 3476 3493 -edge_168_0_+disjointig_23_5372_12768 2519 5991 7396 -1 -1 3441 0.000585702
Chain
	Aln	329	+de4deba8-e6c7-43c7-8b78-66611f4ba3a1 9 4504 4509 -edge_165_0_+disjointig_121_0_43555 10068 14534 43555 -1 -1 4187 0.0046559
Chain
	Aln	328	-de4deba8-e6c7-43c7-8b78-66611f4ba3a1 4 4499 4509 +edge_165_0_+disjointig_121_0_43555 29020 33486 43555 -1 -1 4187 0.0046559
Chain
	Aln	177	+1d841310-fc7c-4df7-8437-0c1ad0d63a75 18 31897 31899 -edge_89_0_+disjointig_33_0_31937 17 31921 31937 -1 -1 30756 0.00397941
Chain
	Aln	176	-1d841310-fc7c-4df7-8437-0c1ad0d63a75 1 31880 31899 +edge_89_0_+disjointig_33_0_31937 15 31919 31937 -1 -1 30756 0.00397941
Chain
	Aln	203	+8c393d39-8649-42de-8bb4-09ab1812b542 7 7145 7152 -edge_102_0_+disjointig_41_0_15410 1704 8846 15410 -1 -1 7111 0.000481585
Chain
	Aln	202	-8c393d39-8649-42de-8bb4-09ab1812b542 6 7144 7152 +edge_102_0_+disjointig_41_0_15410 6563 13705 15410 -1 -1 7111 0.000481585
Chain
	Aln	312	+3b417ce8-2527-48db-8517-89fd4c942012 4 2754 7753 +edge_157_0_+disjointig_95_0_18715 14141 16891 18715 -1 -1 2706 0.000869755
Chain
	Aln	313	-3b417ce8-2527-48db-8517-89fd4c942012 4998 7748 7753 -edge_157_0_+disjointig_95_0_18715 1823 4573 18715 -1 -1 2706 0.000869755
Chain
	Aln	238	+2edbf02d-31fd-4195-8237-d3f4d61db02a 5 1349 1352 +edge_120_0_+disjointig_56_0_8045 105 1451 8045 -1 -1 1329 0.000828747
Chain
	Aln	239	-2edbf02d-31fd-4195-8237-d3f4d61db02a 2 1346 1352 -edge_120_0_+disjointig_56_0_8045 6593 7939 8045 -1 -1 1329 0.000828747
Chain
	Aln	334	+15986970-945d-42c0-9b69-f6d63c99c7bb 8 1305 3400 +edge_168_0_+disjointig_23_5372_12768 6093 7390 7396 -1 -1 1295 0.00089568
	Aln	334	+15986970-945d-42c0-9b69-f6d63c99c7bb 1316 3395 3400 +edge_168_0_+disjointig_23_5372_12768 5 2091 7396 -1 -1 2048 0.00177679
Chain
	Aln	335	-15986970-945d-42c0-9b69-f6d63c99c7bb 4 2083 3400 -edge_168_0_+disjointig_23_5372_12768 5304 7390 7396 -1 -1 2048 0.00177679
	Aln	335	-15986970-945d-42c0-9b69-f6d63c99c7bb 2094 3391 3400 -edge_168_0_+disjointig_23_5372_12768 5 1302 7396 -1 -1 1295 0.00089568
Chain
	Aln	207	+b7929b42-fae1-4fbe-8767-7ccac25c6006 311 9281 9284 -edge_104_0_+disjointig_43_0_8984 16 8983 8984 -1 -1 8871 0.00226828
Chain
	Aln	206	-b7929b42-fae1-4fbe-8767-7ccac25c6006 2 8972 9284 +edge_104_0_+disjointig_43_0_8984 0 8967 8984 -1 -1 8871 0.00226828
Chain
	Aln	14	+50284300-b307-4855-94ff-abf359f289c5 4 15977 17598 +edge_8_0_-disjointig_16_16711_37977 811 16786 21266 -1 -1 15884 0.000426182
Chain
	Aln	15	-50284300-b307-4855-94ff-abf359f289c5 1620 17593 17598 -edge_8_0_-disjointig_16_16711_37977 4479 20454 21266 -1 -1 15884 0.000426182
Chain
	Aln	76	+4f792e13-f310-491d-975e-dec575694e44 9 1365 1369 +edge_39_0_+disjointig_12_0_55869 37947 39300 55869 -1 -1 1345 0.00479968
Chain
	Aln	77	-4f792e13-f310-491d-975e-dec575694e44 3 1359 1369 -edge_39_0_+disjointig_12_0_55869 16568 17921 55869 -1 -1 1345 0.00479968
Chain
	Aln	71	+c9feb21e-a846-46b7-8a75-ad402e787075 13 4388 4393 -edge_36_0_+disjointig_117_0_6405 2025 6400 6405 -1 -1 4347 0.00053458
Chain
	Aln	70	-c9feb21e-a846-46b7-8a75-ad402e787075 4 4379 4393 +edge_36_0_+disjointig_117_0_6405 4 4379 6405 -1 -1 4347 0.00053458
Chain
	Aln	77	+123c32b7-98b3-4850-97ca-00d75741c8d2 6 7792 7794 -edge_39_0_+disjointig_12_0_55869 13863 21669 55869 -1 -1 7578 0.00466419
Chain
	Aln	76	-123c32b7-98b3-4850-97ca-00d75741c8d2 1 7787 7794 +edge_39_0_+disjointig_12_0_55869 34199 42005 55869 -1 -1 7578 0.00466419
Chain
	Aln	157	+831da35b-9d8e-4a5f-8796-9c9991646552 18 6910 6916 -edge_79_0_+disjointig_25_0_11740 17 6912 11740 -1 -1 6793 0.00108867
Chain
	Aln	156	-831da35b-9d8e-4a5f-8796-9c9991646552 5 6897 6916 +edge_79_0_+disjointig_25_0_11740 4827 11722 11740 -1 -1 6793 0.00108867
Chain
	Aln	79	+8d0604c5-e4d2-4aa5-b9c2-e2c981d4bbed 3 2439 2442 -edge_40_0_+disjointig_120_0_10460 2181 4622 10460 -1 -1 2412 0.00264664
Chain
	Aln	78	-8d0604c5-e4d2-4aa5-b9c2-e2c981d4bbed 2 2438 2442 +edge_40_0_+disjointig_120_0_10460 5837 8278 10460 -1 -1 2412 0.00264664
Chain
	Aln	234	+a37297c3-c268-4fc6-9f07-c6231f6ac984 23 6661 6671 +edge_118_0_-disjointig_91_3193_28350 9990 16632 25157 -1 -1 6544 0.00286573
Chain
	Aln	235	-a37297c3-c268-4fc6-9f07-c6231f6ac984 9 6647 6671 -edge_118_0_-disjointig_91_3193_28350 8524 15166 25157 -1 -1 6544 0.00286573
Chain
	Aln	15	+8c0f2054-1f32-4a5d-ae1f-b6fdfbc802f4 11 2159 2161 -edge_8_0_-disjointig_16_16711_37977 16245 18402 21266 -1 -1 2102 0.00471792
Chain
	Aln	14	-8c0f2054-1f32-4a5d-ae1f-b6fdfbc802f4 1 2149 2161 +edge_8_0_-disjointig_16_16711_37977 2863 5020 21266 -1 -1 2102 0.00471792
Chain
	Aln	23	+5735927e-951a-413d-88c7-f5b0b0a42ae2 3358 8912 13226 -edge_12_1_-disjointig_30_6868_12437 13 5568 5569 -1 -1 5510 0.00151512
	Aln	26	+5735927e-951a-413d-88c7-f5b0b0a42ae2 8918 13224 13226 +edge_14_0_-disjointig_58_12216_33197 9 4317 20981 -1 -1 4298 0.00153308
Chain
	Aln	27	-5735927e-951a-413d-88c7-f5b0b0a42ae2 1 4307 13226 -edge_14_0_-disjointig_58_12216_33197 16663 20971 20981 -1 -1 4298 0.00153308
	Aln	22	-5735927e-951a-413d-88c7-f5b0b0a42ae2 4313 9867 13226 +edge_12_1_-disjointig_30_6868_12437 0 5555 5569 -1 -1 5510 0.00151512
Chain
	Aln	76	+54f9fa75-bf81-4bfe-acba-c7fce65c82a7 29 12722 12730 +edge_39_0_+disjointig_12_0_55869 24717 37414 55869 -1 -1 12631 0
Chain
	Aln	77	-54f9fa75-bf81-4bfe-acba-c7fce65c82a7 7 12700 12730 -edge_39_0_+disjointig_12_0_55869 18454 31151 55869 -1 -1 12631 0
Chain
	Aln	58	+a511b96e-073b-4c0d-a921-6352d43cb0ff 15820 32750 32756 +edge_30_0_+disjointig_113_0_16942 12 16937 16942 -1 -1 16776 8.2463e-05
Chain
	Aln	59	-a511b96e-073b-4c0d-a921-6352d43cb0ff 5 16935 32756 -edge_30_0_+disjointig_113_0_16942 4 16929 16942 -1 -1 16776 8.2463e-05
Chain
	Aln	264	+5cb42d50-68cf-40de-b166-14c4b75ddc1d 10 2366 2368 +edge_133_0_+disjointig_7_0_18901 4694 7047 18901 -1 -1 2319 0.00283544
Chain
	Aln	265	-5cb42d50-68cf-40de-b166-14c4b75ddc1d 1 2357 2368 -edge_133_0_+disjointig_7_0_18901 11853 14206 18901 -1 -1 2319 0.00283544
Chain
	Aln	289	+ee6084c0-147a-4562-9016-1705447b9a9c 8 5404 5406 -edge_145_0_+disjointig_81_0_5757 360 5755 5757 -1 -1 5354 0
Chain
	Aln	288	-ee6084c0-147a-4562-9016-1705447b9a9c 1 5397 5406 +edge_145_0_+disjointig_81_0_5757 1 5396 5757 -1 -1 5354 0
Chain
	Aln	95	+b316b7b0-040a-4dcb-8c99-88584434c7f4 12 13642 13646 -edge_48_0_+disjointig_124_0_14585 11 13640 14585 -1 -1 13587 0
Chain
	Aln	94	-b316b7b0-040a-4dcb-8c99-88584434c7f4 3 13633 13646 +edge_48_0_+disjointig_124_0_14585 944 14573 14585 -1 -1 13587 0
Chain
	Aln	76	+58605d36-a32a-4b22-a618-81cefe73c6b3 10 1067 1070 +edge_39_0_+disjointig_12_0_55869 33339 34396 55869 -1 -1 1057 0.000353004
Chain
	Aln	77	-58605d36-a32a-4b22-a618-81cefe73c6b3 2 1059 1070 -edge_39_0_+disjointig_12_0_55869 21472 22529 55869 -1 -1 1057 0.000353004
Chain
	Aln	102	+3abd449a-a768-4a60-88b5-ec15f6417d75 1 7753 7761 +edge_52_0_+disjointig_128_0_9397 1 7749 9397 -1 -1 7602 0.00274176
Chain
	Aln	103	-3abd449a-a768-4a60-88b5-ec15f6417d75 7 7759 7761 -edge_52_0_+disjointig_128_0_9397 1647 9395 9397 -1 -1 7602 0.00274176
Chain
	Aln	169	+bb5a9e95-e5a5-4acb-8871-96c03ab0b73b 13 9196 9213 -edge_85_0_+disjointig_30_0_17401 4469 13686 17401 -1 -1 8848 0.00461489
Chain
	Aln	168	-bb5a9e95-e5a5-4acb-8871-96c03ab0b73b 16 9199 9213 +edge_85_0_+disjointig_30_0_17401 3714 12931 17401 -1 -1 8848 0.00461489
Chain
	Aln	293	+73088f1b-666e-472a-9c1d-acd7f3d4aa1e 11 8814 8816 -edge_147_0_+disjointig_83_0_13301 4498 13299 13301 -1 -1 8602 0.00287367
Chain
	Aln	292	-73088f1b-666e-472a-9c1d-acd7f3d4aa1e 1 8804 8816 +edge_147_0_+disjointig_83_0_13301 1 8802 13301 -1 -1 8602 0.00287367
Chain
	Aln	287	+a63d065a-58a5-4350-a152-6353fceb1f3b 14 3111 3114 -edge_144_0_+disjointig_80_0_4958 13 3118 4958 -1 -1 2930 0.00623798
Chain
	Aln	286	-a63d065a-58a5-4350-a152-6353fceb1f3b 2 3099 3114 +edge_144_0_+disjointig_80_0_4958 1839 4944 4958 -1 -1 2930 0.00623798
Chain
	Aln	295	+7ee62e5c-bbee-41a3-8416-56f910c07314 9 11499 11516 -edge_148_0_+disjointig_84_0_21889 10390 21873 21889 -1 -1 11044 0.0044017
Chain
	Aln	294	-7ee62e5c-bbee-41a3-8416-56f910c07314 16 11506 11516 +edge_148_0_+disjointig_84_0_21889 15 11498 21889 -1 -1 11044 0.0044017
Chain
	Aln	35	+4b42345d-fd39-414e-895b-a2814e15d17f 12 2493 2498 -edge_18_0_+disjointig_102_0_34118 31632 34113 34118 -1 -1 2481 0
Chain
	Aln	34	-4b42345d-fd39-414e-895b-a2814e15d17f 4 2485 2498 +edge_18_0_+disjointig_102_0_34118 4 2485 34118 -1 -1 2481 0
Chain
	Aln	188	+6e1f32d9-f3a4-48c3-8615-675ea1f4b55e 2 13069 13071 +edge_95_0_+disjointig_35_0_19429 2 13036 19429 -1 -1 12929 0.00158917
Chain
	Aln	189	-6e1f32d9-f3a4-48c3-8615-675ea1f4b55e 1 13068 13071 -edge_95_0_+disjointig_35_0_19429 6392 19426 19429 -1 -1 12929 0.00158917
Chain
	Aln	113	+b54e20a2-5d01-4f1f-88ee-4a0350ead9f4 1 2224 2226 -edge_57_0_+disjointig_13_0_18651 12749 14972 18651 -1 -1 2213 0.00269444
Chain
	Aln	112	-b54e20a2-5d01-4f1f-88ee-4a0350ead9f4 1 2224 2226 +edge_57_0_+disjointig_13_0_18651 3678 5901 18651 -1 -1 2213 0.00269444
Chain
	Aln	113	+404efba2-3374-4676-a4ee-a0ea21890b6b 897 4734 4736 -edge_57_0_+disjointig_13_0_18651 14812 18649 18651 -1 -1 3682 0.00466186
Chain
	Aln	112	-404efba2-3374-4676-a4ee-a0ea21890b6b 1 3838 4736 +edge_57_0_+disjointig_13_0_18651 1 3838 18651 -1 -1 3682 0.00466186
Chain
	Aln	222	+e6d5db50-3cb5-43b9-ad36-d316831fc070 8 16834 16845 +edge_112_0_+disjointig_50_0_32884 16046 32874 32884 -1 -1 16227 0.00391844
Chain
	Aln	223	-e6d5db50-3cb5-43b9-ad36-d316831fc070 10 16836 16845 -edge_112_0_+disjointig_50_0_32884 9 16837 32884 -1 -1 16227 0.00391844
Chain
	Aln	304	+f96125ca-eed2-461c-932b-9148cd5e53bb 11 6248 6252 +edge_153_0_+disjointig_90_0_8896 623 6857 8896 -1 -1 6191 0.00168631
Chain
	Aln	305	-f96125ca-eed2-461c-932b-9148cd5e53bb 3 6240 6252 -edge_153_0_+disjointig_90_0_8896 2038 8272 8896 -1 -1 6191 0.00168631
Chain
	Aln	227	+6b0db269-64ae-4f05-9ab2-d90fe9b5bb2f 6 4055 4057 -edge_114_0_+disjointig_53_0_7430 3379 7428 7430 -1 -1 4049 0
Chain
	Aln	226	-6b0db269-64ae-4f05-9ab2-d90fe9b5bb2f 1 4050 4057 +edge_114_0_+disjointig_53_0_7430 1 4050 7430 -1 -1 4049 0
Chain
	Aln	21	+b1538b23-7422-40c0-b0c3-3c9dfcaec63e 3 2088 2092 -edge_11_0_+disjointig_100_0_13557 6359 8442 13557 -1 -1 2070 0
Chain
	Aln	20	-b1538b23-7422-40c0-b0c3-3c9dfcaec63e 3 2088 2092 +edge_11_0_+disjointig_100_0_13557 5114 7197 13557 -1 -1 2070 0
Chain
	Aln	261	+4baa7787-c38a-440d-acac-2410db73a7e4 4 10755 10757 -edge_131_0_+disjointig_68_0_27978 17228 27976 27978 -1 -1 10656 0.00058282
Chain
	Aln	260	-4baa7787-c38a-440d-acac-2410db73a7e4 1 10752 10757 +edge_131_0_+disjointig_68_0_27978 1 10749 27978 -1 -1 10656 0.00058282
Chain
	Aln	308	+9e7f7589-f836-4bed-84b4-adc7ef456f43 11137 26349 26352 +edge_155_0_+disjointig_93_0_15213 3 15211 15213 -1 -1 15150 0.000642363
Chain
	Aln	309	-9e7f7589-f836-4bed-84b4-adc7ef456f43 2 15214 26352 -edge_155_0_+disjointig_93_0_15213 1 15209 15213 -1 -1 15150 0.000642363
Chain
	Aln	127	+b8a9bf14-aeea-4d7b-a32b-0fd6b61f5e35 15 8780 8783 -edge_64_0_+disjointig_136_0_13413 14 8776 13413 -1 -1 8610 0.00223245
Chain
	Aln	126	-b8a9bf14-aeea-4d7b-a32b-0fd6b61f5e35 2 8767 8783 +edge_64_0_+disjointig_136_0_13413 4636 13398 13413 -1 -1 8610 0.00223245
Chain
	Aln	335	+7ea82815-5a02-4959-825c-f8feb73c35c5 9 721 3830 -edge_168_0_+disjointig_23_5372_12768 6656 7360 7396 -1 -1 559 0.0265408
	Aln	335	+7ea82815-5a02-4959-825c-f8feb73c35c5 755 3658 3830 -edge_168_1_+disjointig_23_12768_20169 5 2911 7401 -1 -1 2202 0.0273691
Chain
	Aln	334	-7ea82815-5a02-4959-825c-f8feb73c35c5 171 3074 3830 +edge_168_1_+disjointig_23_12768_20169 4489 7395 7401 -1 -1 2202 0.0273691
	Aln	334	-7ea82815-5a02-4959-825c-f8feb73c35c5 3108 3820 3830 +edge_168_0_+disjointig_23_5372_12768 35 739 7396 -1 -1 559 0.0265408
Chain
	Aln	130	+017076c5-0252-4c61-b60d-8976d1eba074 6 18626 18634 +edge_66_0_+disjointig_138_0_20222 1577 20195 20222 -1 -1 18413 0.00174043
Chain
	Aln	131	-017076c5-0252-4c61-b60d-8976d1eba074 7 18627 18634 -edge_66_0_+disjointig_138_0_20222 26 18644 20222 -1 -1 18413 0.00174043
Chain
	Aln	131	+38c55f01-639d-4c36-b886-d145a284a3f8 8 18610 18612 -edge_66_0_+disjointig_138_0_20222 7 18628 20222 -1 -1 18227 0.00268681
Chain
	Aln	130	-38c55f01-639d-4c36-b886-d145a284a3f8 1 18603 18612 +edge_66_0_+disjointig_138_0_20222 1593 20214 20222 -1 -1 18227 0.00268681
Chain
	Aln	183	+df5482ee-c8e2-48a2-9528-5cca4ae47f62 1 6148 6430 -edge_92_0_-disjointig_88_9604_25254 4574 10721 15650 -1 -1 5795 0.00563818
Chain
	Aln	182	-df5482ee-c8e2-48a2-9528-5cca4ae47f62 281 6428 6430 +edge_92_0_-disjointig_88_9604_25254 4928 11075 15650 -1 -1 5795 0.00563818
Chain
	Aln	197	+daa96247-7d61-469f-8e59-e290731d1edb 13 2250 2253 -edge_99_0_+disjointig_39_0_2252 12 2249 2252 -1 -1 2216 0.00200109
Chain
	Aln	196	-daa96247-7d61-469f-8e59-e290731d1edb 2 2239 2253 +edge_99_0_+disjointig_39_0_2252 2 2239 2252 -1 -1 2216 0.00200109
Chain
	Aln	265	+f6a8b8ee-58b1-4eac-955a-83a764495132 1 10310 10318 -edge_133_0_+disjointig_7_0_18901 6803 17100 18901 -1 -1 10144 0.00196473
Chain
	Aln	264	-f6a8b8ee-58b1-4eac-955a-83a764495132 7 10316 10318 +edge_133_0_+disjointig_7_0_18901 1800 12097 18901 -1 -1 10144 0.00196473
Chain
	Aln	196	+ce31246d-66af-45b3-ad08-fbf26e5a7967 22 2241 2246 +edge_99_0_+disjointig_39_0_2252 2 2227 2252 -1 -1 2175 0.00305451
Chain
	Aln	197	-ce31246d-66af-45b3-ad08-fbf26e5a7967 4 2223 2246 -edge_99_0_+disjointig_39_0_2252 24 2249 2252 -1 -1 2175 0.00305451
Chain
	Aln	168	+dcd0d5e1-f662-4348-9e63-0f471820f588 9 9880 11242 +edge_85_0_+disjointig_30_0_17401 7534 17394 17401 -1 -1 8592 0.0152237
	Aln	31	+dcd0d5e1-f662-4348-9e63-0f471820f588 9918 11226 11242 -edge_16_0_-disjointig_30_12437_15686 13 1315 3249 -1 -1 1223 0.0087041
Chain
	Aln	30	-dcd0d5e1-f662-4348-9e63-0f471820f588 15 1323 11242 +edge_16_0_-disjointig_30_12437_15686 1933 3235 3249 -1 -1 1223 0.0087041
	Aln	169	-dcd0d5e1-f662-4348-9e63-0f471820f588 1361 11232 11242 -edge_85_0_+disjointig_30_0_17401 6 9866 17401 -1 -1 8592 0.0152237
Chain
	Aln	21	+1a1bf21c-3150-4c12-8a0f-55aa98ff267d 10 1080 1082 -edge_11_0_+disjointig_100_0_13557 4057 5134 13557 -1 -1 1018 0.00431016
Chain
	Aln	20	-1a1bf21c-3150-4c12-8a0f-55aa98ff267d 1 1071 1082 +edge_11_0_+disjointig_100_0_13557 8422 9499 13557 -1 -1 1018 0.00431016
Chain
	Aln	45	+2cb7296b-038f-41f6-a3ac-1394bdd2c5b7 15 2245 2262 -edge_23_0_+disjointig_107_0_6634 14 2252 6634 -1 -1 2173 0.0059141
Chain
	Aln	44	-2cb7296b-038f-41f6-a3ac-1394bdd2c5b7 16 2246 2262 +edge_23_0_+disjointig_107_0_6634 4381 6619 6634 -1 -1 2173 0.0059141
Chain
	Aln	332	+44b0b281-c515-4575-9645-addb9e24a42c 7 3185 3191 +edge_167_0_-disjointig_78_1608_17660 9478 12656 16052 -1 -1 3178 0.00120958
Chain
	Aln	333	-44b0b281-c515-4575-9645-addb9e24a42c 5 3183 3191 -edge_167_0_-disjointig_78_1608_17660 3395 6573 16052 -1 -1 3178 0.00120958
Chain
	Aln	285	+30f480cf-4cfb-400a-9975-f2bb963dbb36 36 2268 2270 -edge_143_0_+disjointig_8_0_3918 1679 3916 3918 -1 -1 2124 0.00768284
Chain
	Aln	284	-30f480cf-4cfb-400a-9975-f2bb963dbb36 1 2233 2270 +edge_143_0_+disjointig_8_0_3918 1 2238 3918 -1 -1 2124 0.00768284
Chain
	Aln	44	+4237d296-5d76-4b03-994c-30b6e0788695 9 6610 6614 +edge_23_0_+disjointig_107_0_6634 9 6610 6634 -1 -1 6596 0.000579314
Chain
	Aln	45	-4237d296-5d76-4b03-994c-30b6e0788695 3 6604 6614 -edge_23_0_+disjointig_107_0_6634 23 6624 6634 -1 -1 6596 0.000579314
Chain
	Aln	116	+2901fefc-6d3c-4a64-a237-11aca4552bf6 29 4394 4402 +edge_59_0_+disjointig_131_0_20080 15710 20073 20080 -1 -1 4346 0.00168952
Chain
	Aln	117	-2901fefc-6d3c-4a64-a237-11aca4552bf6 7 4372 4402 -edge_59_0_+disjointig_131_0_20080 6 4369 20080 -1 -1 4346 0.00168952
Chain
	Aln	35	+17918edb-8232-4085-81cf-87c4f2c318e6 7 6324 6328 -edge_18_0_+disjointig_102_0_34118 6 6319 34118 -1 -1 6260 0.000899796
Chain
	Aln	34	-17918edb-8232-4085-81cf-87c4f2c318e6 3 6320 6328 +edge_18_0_+disjointig_102_0_34118 27798 34111 34118 -1 -1 6260 0.000899796
Chain
	Aln	139	+62e02fde-46da-4758-ae72-091db9830a8c 10 2294 2299 -edge_70_0_+disjointig_17_0_4145 1854 4140 4145 -1 -1 2220 0.00418533
Chain
	Aln	138	-62e02fde-46da-4758-ae72-091db9830a8c 4 2288 2299 +edge_70_0_+disjointig_17_0_4145 4 2290 4145 -1 -1 2220 0.00418533
Chain
	Aln	193	+d53baad3-be1c-494e-8dcc-21f558cfefa2 15 1513 1519 -edge_97_0_+disjointig_37_0_12765 6400 7900 12765 -1 -1 1464 0.00456485
Chain
	Aln	192	-d53baad3-be1c-494e-8dcc-21f558cfefa2 5 1503 1519 +edge_97_0_+disjointig_37_0_12765 4864 6364 12765 -1 -1 1464 0.00456485
Chain
	Aln	189	+8a6567f0-1cc5-4c87-b698-920d8165bca1 11 4301 4303 -edge_95_0_+disjointig_35_0_19429 4506 8795 19429 -1 -1 4280 0.00136434
Chain
	Aln	188	-8a6567f0-1cc5-4c87-b698-920d8165bca1 1 4291 4303 +edge_95_0_+disjointig_35_0_19429 10633 14922 19429 -1 -1 4280 0.00136434
Chain
	Aln	241	+f7c80487-135b-4c18-84eb-208dbc723d91 6 3159 3165 -edge_121_0_+disjointig_59_0_4984 1825 4978 4984 -1 -1 3153 0
Chain
	Aln	240	-f7c80487-135b-4c18-84eb-208dbc723d91 5 3158 3165 +edge_121_0_+disjointig_59_0_4984 5 3158 4984 -1 -1 3153 0
Chain
	Aln	334	+932b93f3-1af8-424c-a673-fe4447013ec8 26 3672 3689 +edge_168_1_+disjointig_23_12768_20169 575 4223 7401 -1 -1 3541 0.00252235
Chain
	Aln	335	-932b93f3-1af8-424c-a673-fe4447013ec8 16 3662 3689 -edge_168_1_+disjointig_23_12768_20169 3177 6825 7401 -1 -1 3541 0.00252235
Chain
	Aln	97	+5c5d4c05-80cf-4e26-8d3f-71649752445b 31 1040 1386 -edge_49_0_+disjointig_125_0_21759 20749 21758 21759 -1 -1 999 0.00279381
Chain
	Aln	96	-5c5d4c05-80cf-4e26-8d3f-71649752445b 345 1354 1386 +edge_49_0_+disjointig_125_0_21759 0 1009 21759 -1 -1 999 0.00279381
Chain
	Aln	70	+05e7bb1c-19c7-4c2e-b250-186f240f9559 4423 10813 10824 +edge_36_0_+disjointig_117_0_6405 4 6395 6405 -1 -1 6325 0.00205735
Chain
	Aln	71	-05e7bb1c-19c7-4c2e-b250-186f240f9559 10 6400 10824 -edge_36_0_+disjointig_117_0_6405 9 6400 6405 -1 -1 6325 0.00205735
Chain
	Aln	247	+c1462111-7f2a-4d98-b460-09284899a4a7 8 2278 2284 -edge_124_0_+disjointig_61_0_27418 7 2278 27418 -1 -1 2249 0.00140289
Chain
	Aln	246	-c1462111-7f2a-4d98-b460-09284899a4a7 5 2275 2284 +edge_124_0_+disjointig_61_0_27418 25139 27410 27418 -1 -1 2249 0.00140289
Chain
	Aln	211	+cc3fb32d-6ac8-4333-a0e1-8a5e57f873a6 13 5093 5102 -edge_106_0_+disjointig_45_0_5113 12 5104 5113 -1 -1 4891 0.00333928
Chain
	Aln	210	-cc3fb32d-6ac8-4333-a0e1-8a5e57f873a6 8 5088 5102 +edge_106_0_+disjointig_45_0_5113 8 5100 5113 -1 -1 4891 0.00333928
Chain
	Aln	308	+5f1b6d93-93f9-4692-ba27-b82c9f20bd58 18 1102 1107 +edge_155_0_+disjointig_93_0_15213 3841 4924 15213 -1 -1 1082 0
Chain
	Aln	309	-5f1b6d93-93f9-4692-ba27-b82c9f20bd58 4 1088 1107 -edge_155_0_+disjointig_93_0_15213 10288 11371 15213 -1 -1 1082 0
Chain
	Aln	312	+f4455e00-d3b0-4504-a982-103f52de84f4 9 15887 16490 +edge_157_0_+disjointig_95_0_18715 2235 18113 18715 -1 -1 13957 0.0055216
Chain
	Aln	313	-f4455e00-d3b0-4504-a982-103f52de84f4 602 16480 16490 -edge_157_0_+disjointig_95_0_18715 601 16479 18715 -1 -1 13957 0.0055216
Chain
	Aln	34	+2ef8a3e9-65ad-4a7f-bbad-6957f04fb586 17 14288 14292 +edge_18_0_+disjointig_102_0_34118 645 14916 34118 -1 -1 14215 0.000796538
Chain
	Aln	35	-2ef8a3e9-65ad-4a7f-bbad-6957f04fb586 3 14274 14292 -edge_18_0_+disjointig_102_0_34118 19201 33472 34118 -1 -1 14215 0.000796538
Chain
	Aln	244	+c5ad7069-eec9-46e0-8597-32133fb331cd 2904 15846 15851 +edge_123_0_+disjointig_60_0_12963 1 12959 12963 -1 -1 12582 0.00228482
Chain
	Aln	245	-c5ad7069-eec9-46e0-8597-32133fb331cd 4 12946 15851 -edge_123_0_+disjointig_60_0_12963 3 12961 12963 -1 -1 12582 0.00228482
Chain
	Aln	320	+9ae31210-dd8a-410f-93a7-d46a8519a677 6353 14072 14080 +edge_161_0_+disjointig_99_0_7728 4 7721 7728 -1 -1 7570 0.000502475
Chain
	Aln	23	+9ae31210-dd8a-410f-93a7-d46a8519a677 8 2320 14080 -edge_12_1_-disjointig_30_6868_12437 3246 5558 5569 -1 -1 2295 0.000578661
Chain
	Aln	321	-9ae31210-dd8a-410f-93a7-d46a8519a677 7 7726 14080 -edge_161_0_+disjointig_99_0_7728 6 7723 7728 -1 -1 7570 0.000502475
Chain
	Aln	22	-9ae31210-dd8a-410f-93a7-d46a8519a677 11759 14071 14080 +edge_12_1_-disjointig_30_6868_12437 10 2322 5569 -1 -1 2295 0.000578661
Chain
	Aln	76	+ac00086b-b2cd-4d68-82bb-35281d0ad591 10 8610 8613 +edge_39_0_+disjointig_12_0_55869 45316 53923 55869 -1 -1 8410 0.00260624
Chain
	Aln	77	-ac00086b-b2cd-4d68-82bb-35281d0ad591 2 8602 8613 -edge_39_0_+disjointig_12_0_55869 1945 10552 55869 -1 -1 8410 0.00260624
Chain
	Aln	255	+4616ef16-7676-4b4f-8504-5b43e621928c 17 8856 10594 -edge_128_0_+disjointig_65_0_8859 16 8858 8859 -1 -1 8721 0.00217156
Chain
	Aln	254	-4616ef16-7676-4b4f-8504-5b43e621928c 1737 10576 10594 +edge_128_0_+disjointig_65_0_8859 0 8842 8859 -1 -1 8721 0.00217156
Chain
	Aln	93	+925b6f4e-3c37-40e6-8b67-96c92500a006 1 4020 4022 -edge_47_0_+disjointig_123_0_11707 7690 11705 11707 -1 -1 3964 0.00153997
Chain
	Aln	92	-925b6f4e-3c37-40e6-8b67-96c92500a006 1 4020 4022 +edge_47_0_+disjointig_123_0_11707 1 4016 11707 -1 -1 3964 0.00153997
Chain
	Aln	77	+be30dbed-63f6-4254-a7f5-d1f15e4e173f 6 4615 4621 -edge_39_0_+disjointig_12_0_55869 17653 22260 55869 -1 -1 4597 0.00153535
Chain
	Aln	76	-be30dbed-63f6-4254-a7f5-d1f15e4e173f 5 4614 4621 +edge_39_0_+disjointig_12_0_55869 33608 38215 55869 -1 -1 4597 0.00153535
Chain
	Aln	27	+23405805-d0e1-447b-b8cd-d9f76fb2b7d7 4 1852 1870 -edge_14_0_-disjointig_58_12216_33197 18958 20804 20981 -1 -1 1835 0.00200248
Chain
	Aln	26	-23405805-d0e1-447b-b8cd-d9f76fb2b7d7 17 1865 1870 +edge_14_0_-disjointig_58_12216_33197 176 2022 20981 -1 -1 1835 0.00200248
Chain
	Aln	174	+19bd528a-d260-4485-9ae3-d083d0b7421e 10 1356 1363 +edge_88_0_+disjointig_32_0_6605 2346 3692 6605 -1 -1 1333 0.00231803
Chain
	Aln	175	-19bd528a-d260-4485-9ae3-d083d0b7421e 6 1352 1363 -edge_88_0_+disjointig_32_0_6605 2912 4258 6605 -1 -1 1333 0.00231803
Chain
	Aln	27	+c01c85b4-1614-4949-b337-bf0f189ff161 6 9743 15275 -edge_14_0_-disjointig_58_12216_33197 11246 20980 20981 -1 -1 9643 0.00196334
	Aln	22	+c01c85b4-1614-4949-b337-bf0f189ff161 9743 15270 15275 +edge_12_1_-disjointig_30_6868_12437 3 5534 5569 -1 -1 5423 0.00284377
Chain
	Aln	23	-c01c85b4-1614-4949-b337-bf0f189ff161 4 5531 15275 -edge_12_1_-disjointig_30_6868_12437 34 5565 5569 -1 -1 5423 0.00284377
	Aln	26	-c01c85b4-1614-4949-b337-bf0f189ff161 5531 15268 15275 +edge_14_0_-disjointig_58_12216_33197 0 9734 20981 -1 -1 9643 0.00196334
Chain
	Aln	335	+149a2eb4-3df3-45fc-bdd5-e8389b9ee92a 1 1624 1633 -edge_168_0_+disjointig_23_5372_12768 5007 6631 7396 -1 -1 1592 0.00365187
Chain
	Aln	334	-149a2eb4-3df3-45fc-bdd5-e8389b9ee92a 8 1631 1633 +edge_168_0_+disjointig_23_5372_12768 764 2388 7396 -1 -1 1592 0.00365187
Chain
	Aln	73	+3adfad51-69af-4673-9006-e285d63a5657 10 3002 4341 -edge_37_0_+disjointig_118_0_3021 28 3020 3021 -1 -1 2910 0.00452508
Chain
	Aln	72	-3adfad51-69af-4673-9006-e285d63a5657 1338 4330 4341 +edge_37_0_+disjointig_118_0_3021 0 2992 3021 -1 -1 2910 0.00452508
Chain
	Aln	137	+17768c79-1624-4a2f-9b82-463ce8edc28a 9 5266 5275 -edge_69_0_+disjointig_15_0_9924 2495 7753 9924 -1 -1 5116 0.00187536
Chain
	Aln	136	-17768c79-1624-4a2f-9b82-463ce8edc28a 8 5265 5275 +edge_69_0_+disjointig_15_0_9924 2170 7428 9924 -1 -1 5116 0.00187536
Chain
	Aln	334	+c9c2f8ca-639b-4d24-b226-a4119887be36 1 3655 3676 +edge_168_0_+disjointig_23_5372_12768 1724 5388 7396 -1 -1 3599 0.00176477
Chain
	Aln	335	-c9c2f8ca-639b-4d24-b226-a4119887be36 20 3674 3676 -edge_168_0_+disjointig_23_5372_12768 2007 5671 7396 -1 -1 3599 0.00176477
Chain
	Aln	267	+48797436-fc1e-4842-9a18-bde2cc963531 3 2994 3003 -edge_134_0_+disjointig_70_0_26333 13440 16430 26333 -1 -1 2976 0
Chain
	Aln	266	-48797436-fc1e-4842-9a18-bde2cc963531 8 2999 3003 +edge_134_0_+disjointig_70_0_26333 9902 12892 26333 -1 -1 2976 0
Chain
	Aln	215	+8d0cd7df-acf9-43d1-93ae-85507e687903 12 3260 3262 -edge_108_0_+disjointig_47_0_3265 11 3263 3265 -1 -1 3167 0.000611183
Chain
	Aln	214	-8d0cd7df-acf9-43d1-93ae-85507e687903 1 3249 3262 +edge_108_0_+disjointig_47_0_3265 1 3253 3265 -1 -1 3167 0.000611183
Chain
	Aln	224	+7b05faf7-25e7-49df-997a-e794214b68b5 1943 22829 22834 +edge_113_0_+disjointig_52_0_20893 2 20889 20893 -1 -1 20644 0.00122939
Chain
	Aln	225	-7b05faf7-25e7-49df-997a-e794214b68b5 4 20890 22834 -edge_113_0_+disjointig_52_0_20893 3 20890 20893 -1 -1 20644 0.00122939
Chain
	Aln	155	+e936fba0-11b5-4b9d-a63d-096dd9abde40 110 4372 5123 -edge_78_0_+disjointig_24_0_4271 8 4270 4271 -1 -1 4226 0.000515357
Chain
	Aln	154	-e936fba0-11b5-4b9d-a63d-096dd9abde40 750 5012 5123 +edge_78_0_+disjointig_24_0_4271 0 4262 4271 -1 -1 4226 0.000515357
Chain
	Aln	21	+0d3e60f8-93bb-475f-8feb-875f96f145c5 22 6017 6020 -edge_11_0_+disjointig_100_0_13557 7550 13554 13557 -1 -1 5941 0.00063947
Chain
	Aln	20	-0d3e60f8-93bb-475f-8feb-875f96f145c5 2 5997 6020 +edge_11_0_+disjointig_100_0_13557 2 6006 13557 -1 -1 5941 0.00063947
Chain
	Aln	26	+5b90ad68-373e-4719-9f32-1b5d058fa3d4 2 2085 2089 +edge_14_0_-disjointig_58_12216_33197 8323 10417 20981 -1 -1 2015 0.00412932
Chain
	Aln	27	-5b90ad68-373e-4719-9f32-1b5d058fa3d4 3 2086 2089 -edge_14_0_-disjointig_58_12216_33197 10563 12657 20981 -1 -1 2015 0.00412932
Chain
	Aln	266	+6d1f0437-ec4d-474d-a51f-050da5c80ebe 1 9066 9068 +edge_134_0_+disjointig_70_0_26333 1 9058 26333 -1 -1 9007 0
Chain
	Aln	267	-6d1f0437-ec4d-474d-a51f-050da5c80ebe 1 9066 9068 -edge_134_0_+disjointig_70_0_26333 17274 26331 26333 -1 -1 9007 0
Chain
	Aln	223	+7f630574-49ef-4582-859d-74e6298d5aa2 14 4452 4455 -edge_112_0_+disjointig_50_0_32884 28477 32881 32884 -1 -1 4011 0.00940213
Chain
	Aln	222	-7f630574-49ef-4582-859d-74e6298d5aa2 2 4440 4455 +edge_112_0_+disjointig_50_0_32884 2 4406 32884 -1 -1 4011 0.00940213
Chain
	Aln	74	+8531dd1b-c75e-46da-974f-4bfdd61652c9 9 2057 2065 +edge_38_0_+disjointig_119_0_3992 1516 3564 3992 -1 -1 2038 0.000215143
Chain
	Aln	75	-8531dd1b-c75e-46da-974f-4bfdd61652c9 7 2055 2065 -edge_38_0_+disjointig_119_0_3992 427 2475 3992 -1 -1 2038 0.000215143
Chain
	Aln	292	+b3b6ea5a-af66-4378-9859-44f390bde331 8 1068 1074 +edge_147_0_+disjointig_83_0_13301 3002 4062 13301 -1 -1 1060 0.00177133
Chain
	Aln	293	-b3b6ea5a-af66-4378-9859-44f390bde331 5 1065 1074 -edge_147_0_+disjointig_83_0_13301 9238 10298 13301 -1 -1 1060 0.00177133
Chain
	Aln	317	+1cb55926-7f8b-4393-a7c5-bcd3198e4b2e 9 1460 1502 -edge_159_0_+disjointig_97_0_2457 209 1661 2457 -1 -1 1430 0.00172169
Chain
	Aln	316	-1cb55926-7f8b-4393-a7c5-bcd3198e4b2e 41 1492 1502 +edge_159_0_+disjointig_97_0_2457 795 2247 2457 -1 -1 1430 0.00172169
Chain
	Aln	184	+7d8f5597-e1b4-49e4-b41a-44defe6b2a08 43 1320 1330 +edge_93_0_+disjointig_34_30615_32970 542 1819 2355 -1 -1 1268 0.00100906
Chain
	Aln	185	-7d8f5597-e1b4-49e4-b41a-44defe6b2a08 9 1286 1330 -edge_93_0_+disjointig_34_30615_32970 535 1812 2355 -1 -1 1268 0.00100906
Chain
	Aln	235	+4d92a64e-1284-4884-b6ee-dca5a79b1162 97 4490 4503 -edge_118_0_-disjointig_91_3193_28350 13165 17572 25157 -1 -1 3668 0.0183881
Chain
	Aln	234	-4d92a64e-1284-4884-b6ee-dca5a79b1162 12 4405 4503 +edge_118_0_-disjointig_91_3193_28350 7584 11991 25157 -1 -1 3668 0.0183881
Chain
	Aln	103	+ac6fae03-211c-4be1-986c-aa6006345696 11 2256 2265 -edge_52_0_+disjointig_128_0_9397 2729 4972 9397 -1 -1 2220 0.00161236
Chain
	Aln	102	-ac6fae03-211c-4be1-986c-aa6006345696 8 2253 2265 +edge_52_0_+disjointig_128_0_9397 4424 6667 9397 -1 -1 2220 0.00161236
Chain
	Aln	14	+ceabd5fc-9464-4025-a29b-3b09dbb13a84 20 5703 5707 +edge_8_0_-disjointig_16_16711_37977 9494 15179 21266 -1 -1 5639 0.00115871
Chain
	Aln	15	-ceabd5fc-9464-4025-a29b-3b09dbb13a84 3 5686 5707 -edge_8_0_-disjointig_16_16711_37977 6086 11771 21266 -1 -1 5639 0.00115871
Chain
	Aln	175	+345873ed-afc4-4e56-9e88-c84df8582266 9 3259 3268 -edge_88_0_+disjointig_32_0_6605 3347 6596 6605 -1 -1 3232 0.00108254
Chain
	Aln	174	-345873ed-afc4-4e56-9e88-c84df8582266 8 3258 3268 +edge_88_0_+disjointig_32_0_6605 8 3257 6605 -1 -1 3232 0.00108254
Chain
	Aln	163	+c990b8a8-d77b-4c57-b074-24a289023d4c 10 7134 7142 -edge_82_0_+disjointig_28_0_10331 3199 10323 10331 -1 -1 7109 0.00107249
Chain
	Aln	162	-c990b8a8-d77b-4c57-b074-24a289023d4c 7 7131 7142 +edge_82_0_+disjointig_28_0_10331 7 7131 10331 -1 -1 7109 0.00107249
Chain
	Aln	193	+153d264d-86d2-4a13-90b7-491dff84fde2 11 5564 5568 -edge_97_0_+disjointig_37_0_12765 7210 12761 12765 -1 -1 5506 0.00167448
Chain
	Aln	192	-153d264d-86d2-4a13-90b7-491dff84fde2 3 5556 5568 +edge_97_0_+disjointig_37_0_12765 3 5554 12765 -1 -1 5506 0.00167448
Chain
	Aln	334	+8d8c8867-bb88-47ee-be18-62ecb579cb94 21 3672 3679 +edge_168_0_+disjointig_23_5372_12768 764 4418 7396 -1 -1 3400 0.0074672
Chain
	Aln	335	-8d8c8867-bb88-47ee-be18-62ecb579cb94 6 3657 3679 -edge_168_0_+disjointig_23_5372_12768 2977 6631 7396 -1 -1 3400 0.0074672
Chain
	Aln	37	+a5bdd1e4-7b1a-4cfe-8da8-c908747677da 6 12245 20885 -edge_19_0_+disjointig_103_0_12232 5 12215 12232 -1 -1 11945 0.0023106
Chain
	Aln	36	-a5bdd1e4-7b1a-4cfe-8da8-c908747677da 8639 20878 20885 +edge_19_0_+disjointig_103_0_12232 16 12226 12232 -1 -1 11945 0.0023106
Chain
	Aln	101	+121a4d0f-ade9-40c7-8b78-364202adec15 11 4965 4970 -edge_51_0_+disjointig_127_0_11351 6384 11346 11351 -1 -1 4817 0.0055153
Chain
	Aln	100	-121a4d0f-ade9-40c7-8b78-364202adec15 4 4958 4970 +edge_51_0_+disjointig_127_0_11351 4 4966 11351 -1 -1 4817 0.0055153
Chain
	Aln	15	+b1a735c9-54e6-4970-8e2b-081f6e26be85 11 3350 3361 -edge_8_0_-disjointig_16_16711_37977 17678 21022 21266 -1 -1 3316 0.000167111
Chain
	Aln	14	-b1a735c9-54e6-4970-8e2b-081f6e26be85 10 3349 3361 +edge_8_0_-disjointig_16_16711_37977 243 3587 21266 -1 -1 3316 0.000167111
Chain
	Aln	301	+7c6c86f1-5f6d-44e3-a18a-b2163bd04d31 3 3733 3735 -edge_151_0_+disjointig_87_0_15644 2311 6038 15644 -1 -1 3611 0.00336641
Chain
	Aln	300	-7c6c86f1-5f6d-44e3-a18a-b2163bd04d31 1 3731 3735 +edge_151_0_+disjointig_87_0_15644 9605 13332 15644 -1 -1 3611 0.00336641
Chain
	Aln	324	+440301fa-d2b6-4215-bdac-01970266e625 5 2201 2204 +edge_163_0_+disjointig_115_0_36592 10117 12312 36592 -1 -1 2177 0.00121462
Chain
	Aln	325	-440301fa-d2b6-4215-bdac-01970266e625 2 2198 2204 -edge_163_0_+disjointig_115_0_36592 24279 26474 36592 -1 -1 2177 0.00121462
Chain
	Aln	325	+09d21d1b-0da7-41ae-adf0-436d3c4f49f8 3 2168 2198 -edge_163_0_+disjointig_115_0_36592 24260 26431 36592 -1 -1 2149 0.0013021
Chain
	Aln	324	-09d21d1b-0da7-41ae-adf0-436d3c4f49f8 29 2194 2198 +edge_163_0_+disjointig_115_0_36592 10160 12331 36592 -1 -1 2149 0.0013021
Chain
	Aln	77	+8dd7828a-e410-40c5-a341-6494f6a566cc 5 4305 4324 -edge_39_0_+disjointig_12_0_55869 32615 36915 55869 -1 -1 4252 0.00027256
Chain
	Aln	76	-8dd7828a-e410-40c5-a341-6494f6a566cc 18 4318 4324 +edge_39_0_+disjointig_12_0_55869 18953 23253 55869 -1 -1 4252 0.00027256
Chain
	Aln	194	+f80217fe-6f00-46fa-a0b7-bbc3b8f266f5 20 17884 17887 +edge_98_0_+disjointig_38_0_21216 1193 19057 21216 -1 -1 17786 0.00055716
Chain
	Aln	195	-f80217fe-6f00-46fa-a0b7-bbc3b8f266f5 2 17866 17887 -edge_98_0_+disjointig_38_0_21216 2158 20022 21216 -1 -1 17786 0.00055716
Chain
	Aln	292	+1b077462-f25c-4837-9c87-334c8ca5f0a8 6 4566 4569 +edge_147_0_+disjointig_83_0_13301 7561 12124 13301 -1 -1 4493 0.0010178
Chain
	Aln	293	-1b077462-f25c-4837-9c87-334c8ca5f0a8 2 4562 4569 -edge_147_0_+disjointig_83_0_13301 1176 5739 13301 -1 -1 4493 0.0010178
Chain
	Aln	335	+534895cf-fbe9-4a02-9e65-058de3fd9507 6 3138 3680 -edge_168_0_+disjointig_23_5372_12768 4260 7395 7396 -1 -1 3072 0.00188948
	Aln	335	+534895cf-fbe9-4a02-9e65-058de3fd9507 3150 3671 3680 -edge_168_0_+disjointig_23_5372_12768 11 531 7396 -1 -1 509 0.00401461
Chain
	Aln	334	-534895cf-fbe9-4a02-9e65-058de3fd9507 8 529 3680 +edge_168_0_+disjointig_23_5372_12768 6864 7384 7396 -1 -1 509 0.00401461
	Aln	334	-534895cf-fbe9-4a02-9e65-058de3fd9507 541 3673 3680 +edge_168_0_+disjointig_23_5372_12768 0 3135 7396 -1 -1 3072 0.00188948
Chain
	Aln	267	+1d40462b-b0d4-4282-8fed-f724ca2faedb 46 3389 3392 -edge_134_0_+disjointig_70_0_26333 8727 12069 26333 -1 -1 3322 0.00183172
Chain
	Aln	266	-1d40462b-b0d4-4282-8fed-f724ca2faedb 2 3345 3392 +edge_134_0_+disjointig_70_0_26333 14263 17605 26333 -1 -1 3322 0.00183172
Chain
	Aln	224	+171fd1c9-b44c-4969-8b48-d29664040ef0 24 12675 12683 +edge_113_0_+disjointig_52_0_20893 20 12681 20893 -1 -1 12530 0.000999232
Chain
	Aln	225	-171fd1c9-b44c-4969-8b48-d29664040ef0 7 12658 12683 -edge_113_0_+disjointig_52_0_20893 8211 20872 20893 -1 -1 12530 0.000999232
Chain
	Aln	297	+f200e5bf-3b88-4e24-a468-21631fa0fc42 21 5320 5324 -edge_149_0_+disjointig_85_0_8407 3083 8383 8407 -1 -1 5285 0
Chain
	Aln	296	-f200e5bf-3b88-4e24-a468-21631fa0fc42 3 5302 5324 +edge_149_0_+disjointig_85_0_8407 23 5323 8407 -1 -1 5285 0
Chain
	Aln	124	+36662c5c-67e2-4af3-956f-5932bbc17ec8 8 6399 6409 +edge_63_0_+disjointig_135_0_6899 489 6890 6899 -1 -1 6230 0.00424176
Chain
	Aln	125	-36662c5c-67e2-4af3-956f-5932bbc17ec8 9 6400 6409 -edge_63_0_+disjointig_135_0_6899 8 6409 6899 -1 -1 6230 0.00424176
Chain
	Aln	296	+54982555-4f04-4417-bedf-adbbb31a5119 9 5311 5317 +edge_149_0_+disjointig_85_0_8407 9 5317 8407 -1 -1 5250 0.000422973
Chain
	Aln	297	-54982555-4f04-4417-bedf-adbbb31a5119 5 5307 5317 -edge_149_0_+disjointig_85_0_8407 3089 8397 8407 -1 -1 5250 0.000422973
Chain
	Aln	177	+afb55a28-6461-4b8e-9b99-ac3c2b593bd3 1 5311 5313 -edge_89_0_+disjointig_33_0_31937 19807 25114 31937 -1 -1 5243 0.00137837
Chain
	Aln	176	-afb55a28-6461-4b8e-9b99-ac3c2b593bd3 1 5311 5313 +edge_89_0_+disjointig_33_0_31937 6822 12129 31937 -1 -1 5243 0.00137837
Chain
	Aln	267	+0163d1fe-5507-448f-8157-6fa59b960b6e 4845 10113 10125 -edge_134_0_+disjointig_70_0_26333 15 5283 26333 -1 -1 4253 0.0243248
Chain
	Aln	266	-0163d1fe-5507-448f-8157-6fa59b960b6e 11 5279 10125 +edge_134_0_+disjointig_70_0_26333 21049 26317 26333 -1 -1 4253 0.0243248
Chain
	Aln	211	+933e8920-300a-43e7-81be-e8764cde6b72 1070 2935 2941 -edge_106_0_+disjointig_45_0_5113 12 1879 5113 -1 -1 1826 0.00260417
Chain
	Aln	210	-933e8920-300a-43e7-81be-e8764cde6b72 5 1870 2941 +edge_106_0_+disjointig_45_0_5113 3233 5100 5113 -1 -1 1826 0.00260417
Chain
	Aln	329	+159361f1-e145-4e69-8a81-dc057de48b9b 5 1381 1383 -edge_165_0_+disjointig_121_0_43555 29468 30846 43555 -1 -1 1364 0.00148012
Chain
	Aln	328	-159361f1-e145-4e69-8a81-dc057de48b9b 1 1377 1383 +edge_165_0_+disjointig_121_0_43555 12708 14086 43555 -1 -1 1364 0.00148012
Chain
	Aln	94	+e3711253-2460-4e7c-9224-576b2c5f5883 1 7719 7725 +edge_48_0_+disjointig_124_0_14585 1 7723 14585 -1 -1 7691 0.000823602
Chain
	Aln	95	-e3711253-2460-4e7c-9224-576b2c5f5883 5 7723 7725 -edge_48_0_+disjointig_124_0_14585 6861 14583 14585 -1 -1 7691 0.000823602
Chain
	Aln	202	+8d9d3f49-8f07-4918-ac24-5f41ce2290e1 17 6481 6484 +edge_102_0_+disjointig_41_0_15410 8953 15408 15410 -1 -1 6387 0.00204418
Chain
	Aln	203	-8d9d3f49-8f07-4918-ac24-5f41ce2290e1 2 6466 6484 -edge_102_0_+disjointig_41_0_15410 1 6456 15410 -1 -1 6387 0.00204418
Chain
	Aln	135	+c31280ea-0580-45d9-a2b3-638f92649d63 15 1511 1513 -edge_68_0_+disjointig_14_0_14786 7204 8700 14786 -1 -1 1475 0.00188475
Chain
	Aln	134	-c31280ea-0580-45d9-a2b3-638f92649d63 1 1497 1513 +edge_68_0_+disjointig_14_0_14786 6085 7581 14786 -1 -1 1475 0.00188475
Chain
	Aln	51	+86b145b5-a4e7-4bfd-8fcd-47171d89f6c8 8 20161 20164 -edge_26_0_+disjointig_11_0_37022 16882 37019 37022 -1 -1 19929 0.000639207
Chain
	Aln	50	-86b145b5-a4e7-4bfd-8fcd-47171d89f6c8 2 20155 20164 +edge_26_0_+disjointig_11_0_37022 2 20139 37022 -1 -1 19929 0.000639207
Chain
	Aln	182	+8b58f39e-a5ea-4520-a6dd-85dceddcd0d5 20 1196 1205 +edge_92_0_-disjointig_88_9604_25254 8684 9859 15650 -1 -1 1133 0.00479968
Chain
	Aln	183	-8b58f39e-a5ea-4520-a6dd-85dceddcd0d5 8 1184 1205 -edge_92_0_-disjointig_88_9604_25254 5790 6965 15650 -1 -1 1133 0.00479968
Chain
	Aln	291	+0e2cfae7-469a-434a-b73e-0cf4f096faa2 15 4877 4879 -edge_146_0_+disjointig_82_0_20533 15660 20531 20533 -1 -1 4821 0.00175225
Chain
	Aln	290	-0e2cfae7-469a-434a-b73e-0cf4f096faa2 1 4863 4879 +edge_146_0_+disjointig_82_0_20533 1 4872 20533 -1 -1 4821 0.00175225
Chain
	Aln	212	+5c624f79-f9f9-4525-ae2f-f2320014b1b6 11 10145 10151 +edge_107_0_+disjointig_46_0_10330 194 10325 10330 -1 -1 10028 0.00154781
Chain
	Aln	213	-5c624f79-f9f9-4525-ae2f-f2320014b1b6 5 10139 10151 -edge_107_0_+disjointig_46_0_10330 4 10135 10330 -1 -1 10028 0.00154781
Chain
	Aln	167	+2058c1f6-9885-4573-b0cc-96c2d6fbc2df 11 6888 7176 -edge_84_0_+disjointig_3_0_6886 10 6885 6886 -1 -1 6812 0
Chain
	Aln	166	-2058c1f6-9885-4573-b0cc-96c2d6fbc2df 287 7164 7176 +edge_84_0_+disjointig_3_0_6886 0 6875 6886 -1 -1 6812 0
Chain
	Aln	56	+7401b4f2-b802-4fd5-90bf-b6b180c0f883 4244 14526 14529 +edge_29_0_+disjointig_112_0_10273 1 10271 10273 -1 -1 10156 0.00129076
Chain
	Aln	57	-7401b4f2-b802-4fd5-90bf-b6b180c0f883 2 10284 14529 -edge_29_0_+disjointig_112_0_10273 1 10271 10273 -1 -1 10156 0.00129076
Chain
	Aln	335	+e388212a-e4cf-41e7-aefd-de74454acb13 4 2807 3684 -edge_168_0_+disjointig_23_5372_12768 4595 7395 7396 -1 -1 2766 0.00223325
	Aln	335	+e388212a-e4cf-41e7-aefd-de74454acb13 2813 3681 3684 -edge_168_1_+disjointig_23_12768_20169 5 873 7401 -1 -1 852 0.00189095
Chain
	Aln	334	-e388212a-e4cf-41e7-aefd-de74454acb13 2 870 3684 +edge_168_1_+disjointig_23_12768_20169 6527 7395 7401 -1 -1 852 0.00189095
	Aln	334	-e388212a-e4cf-41e7-aefd-de74454acb13 876 3679 3684 +edge_168_0_+disjointig_23_5372_12768 0 2800 7396 -1 -1 2766 0.00223325
Chain
	Aln	245	+05d44af6-a227-4f05-bcfa-62de96cf22af 4 2418 2420 -edge_123_0_+disjointig_60_0_12963 10534 12961 12963 -1 -1 2295 0.00458195
Chain
	Aln	244	-05d44af6-a227-4f05-bcfa-62de96cf22af 1 2415 2420 +edge_123_0_+disjointig_60_0_12963 1 2428 12963 -1 -1 2295 0.00458195
Chain
	Aln	265	+58f99804-346f-4e64-bc48-114e7634ae7f 7 7749 7752 -edge_133_0_+disjointig_7_0_18901 11148 18898 18901 -1 -1 7582 0.00299096
Chain
	Aln	264	-58f99804-346f-4e64-bc48-114e7634ae7f 2 7744 7752 +edge_133_0_+disjointig_7_0_18901 2 7752 18901 -1 -1 7582 0.00299096
Chain
	Aln	156	+e858d37b-1b98-4e76-ad08-33327b5aff8d 3207 14117 14122 +edge_79_0_+disjointig_25_0_11740 1 10911 11740 -1 -1 10873 0
Chain
	Aln	157	-e858d37b-1b98-4e76-ad08-33327b5aff8d 4 10914 14122 -edge_79_0_+disjointig_25_0_11740 828 11738 11740 -1 -1 10873 0
Chain
	Aln	77	+1235d3c7-4954-4ce2-9e5a-2e9858c3ace5 15 5820 5825 -edge_39_0_+disjointig_12_0_55869 43 5851 55869 -1 -1 5646 0.00177939
Chain
	Aln	76	-1235d3c7-4954-4ce2-9e5a-2e9858c3ace5 4 5809 5825 +edge_39_0_+disjointig_12_0_55869 50017 55825 55869 -1 -1 5646 0.00177939
Chain
	Aln	33	+2ea7937f-3f7e-4a9d-9513-c0306a86a0d0 16 3162 3164 -edge_17_0_+disjointig_101_0_6615 3467 6613 6615 -1 -1 3113 0.00145612
Chain
	Aln	32	-2ea7937f-3f7e-4a9d-9513-c0306a86a0d0 1 3147 3164 +edge_17_0_+disjointig_101_0_6615 1 3147 6615 -1 -1 3113 0.00145612
Chain
	Aln	117	+85652b07-a0f2-4fa7-867e-7f46ff0ff58b 6 1380 1385 -edge_59_0_+disjointig_131_0_20080 16568 17945 20080 -1 -1 1315 0.00755446
Chain
	Aln	116	-85652b07-a0f2-4fa7-867e-7f46ff0ff58b 4 1378 1385 +edge_59_0_+disjointig_131_0_20080 2134 3511 20080 -1 -1 1315 0.00755446
Chain
	Aln	301	+15d5a8a4-cbd0-4b55-b005-6f50ced20a9b 17 14527 14549 -edge_151_0_+disjointig_87_0_15644 16 14518 15644 -1 -1 13120 0.0101788
Chain
	Aln	300	-15d5a8a4-cbd0-4b55-b005-6f50ced20a9b 21 14531 14549 +edge_151_0_+disjointig_87_0_15644 1125 15627 15644 -1 -1 13120 0.0101788
Chain
	Aln	76	+f45b4650-0c34-40db-aa81-33a68a1691e2 9 23558 23562 +edge_39_0_+disjointig_12_0_55869 21103 44688 55869 -1 -1 22647 0.00374422
Chain
	Aln	77	-f45b4650-0c34-40db-aa81-33a68a1691e2 3 23552 23562 -edge_39_0_+disjointig_12_0_55869 11180 34765 55869 -1 -1 22647 0.00374422
Chain
	Aln	245	+81c0ccf4-47f5-4490-bbde-facdc2a5f963 10 6424 6428 -edge_123_0_+disjointig_60_0_12963 308 6719 12963 -1 -1 6390 0
Chain
	Aln	244	-81c0ccf4-47f5-4490-bbde-facdc2a5f963 3 6417 6428 +edge_123_0_+disjointig_60_0_12963 6243 12654 12963 -1 -1 6390 0
Chain
	Aln	189	+dec5b41e-37ac-4db7-9786-a7e7ed77b1c5 6 5400 5403 -edge_95_0_+disjointig_35_0_19429 13605 18999 19429 -1 -1 5385 0.000999211
Chain
	Aln	188	-dec5b41e-37ac-4db7-9786-a7e7ed77b1c5 2 5396 5403 +edge_95_0_+disjointig_35_0_19429 429 5823 19429 -1 -1 5385 0.000999211
Chain
	Aln	176	+6df0d4e0-cc9b-4af8-a16d-e6254b698df5 8 1337 1340 +edge_89_0_+disjointig_33_0_31937 5631 6961 31937 -1 -1 1313 0.00366084
Chain
	Aln	177	-6df0d4e0-cc9b-4af8-a16d-e6254b698df5 2 1331 1340 -edge_89_0_+disjointig_33_0_31937 24975 26305 31937 -1 -1 1313 0.00366084
Chain
	Aln	253	+16c96c4e-51e9-4712-b4fe-8a2a214cd0ee 11 7153 7155 -edge_127_0_+disjointig_64_0_8161 1017 8159 8161 -1 -1 7090 0.000298192
Chain
	Aln	252	-16c96c4e-51e9-4712-b4fe-8a2a214cd0ee 1 7143 7155 +edge_127_0_+disjointig_64_0_8161 1 7143 8161 -1 -1 7090 0.000298192
Chain
	Aln	299	+b26bb82f-435e-4249-9708-5b8267a1a650 8 8734 18106 -edge_150_0_+disjointig_86_0_8731 7 8730 8731 -1 -1 8353 0.000556604
Chain
	Aln	298	-b26bb82f-435e-4249-9708-5b8267a1a650 9371 18097 18106 +edge_150_0_+disjointig_86_0_8731 0 8723 8731 -1 -1 8353 0.000556604
Chain
	Aln	23	+948e7a10-6d27-49cf-b118-4de5977926e7 9 3074 3081 -edge_12_1_-disjointig_30_6868_12437 2395 5455 5569 -1 -1 2933 0.00501117
Chain
	Aln	22	-948e7a10-6d27-49cf-b118-4de5977926e7 6 3071 3081 +edge_12_1_-disjointig_30_6868_12437 113 3173 5569 -1 -1 2933 0.00501117
Chain
	Aln	334	+5054e1d2-3f05-4e96-a400-00bde8dbc939 4 2634 2638 +edge_168_0_+disjointig_23_5372_12768 1874 4504 7396 -1 -1 2612 0.00170643
Chain
	Aln	335	-5054e1d2-3f05-4e96-a400-00bde8dbc939 3 2633 2638 -edge_168_0_+disjointig_23_5372_12768 2891 5521 7396 -1 -1 2612 0.00170643
Chain
	Aln	77	+93cb5e4b-efa2-40ec-9437-481a5c7aa195 8 1379 1385 -edge_39_0_+disjointig_12_0_55869 7358 8730 55869 -1 -1 1341 0.00219979
Chain
	Aln	76	-93cb5e4b-efa2-40ec-9437-481a5c7aa195 5 1376 1385 +edge_39_0_+disjointig_12_0_55869 47138 48510 55869 -1 -1 1341 0.00219979
Chain
	Aln	318	+1b675c63-dd0b-412c-bf9a-e2dcff77f294 1 6465 6469 +edge_160_0_+disjointig_98_0_6542 1 6465 6542 -1 -1 6261 0.00293666
Chain
	Aln	319	-1b675c63-dd0b-412c-bf9a-e2dcff77f294 3 6467 6469 -edge_160_0_+disjointig_98_0_6542 76 6540 6542 -1 -1 6261 0.00293666
Chain
	Aln	41	+9da40948-aad1-4eba-8063-d967b7b32ce3 12 4952 4955 -edge_21_0_+disjointig_105_0_7397 2454 7394 7397 -1 -1 4911 0.00108522
Chain
	Aln	40	-9da40948-aad1-4eba-8063-d967b7b32ce3 2 4942 4955 +edge_21_0_+disjointig_105_0_7397 2 4942 7397 -1 -1 4911 0.00108522
Chain
	Aln	210	+a7109929-24d6-40c7-ad8e-371ade682cae 902 4621 4625 +edge_106_0_+disjointig_45_0_5113 8 3727 5113 -1 -1 3681 0.000928213
Chain
	Aln	211	-a7109929-24d6-40c7-ad8e-371ade682cae 3 3722 4625 -edge_106_0_+disjointig_45_0_5113 1385 5104 5113 -1 -1 3681 0.000928213
Chain
	Aln	76	+688c604c-2996-483f-a0f2-b9dd8029aaa4 12 6604 6611 +edge_39_0_+disjointig_12_0_55869 22754 29346 55869 -1 -1 6477 0.000998832
Chain
	Aln	77	-688c604c-2996-483f-a0f2-b9dd8029aaa4 6 6598 6611 -edge_39_0_+disjointig_12_0_55869 26522 33114 55869 -1 -1 6477 0.000998832
Chain
	Aln	43	+ed4e4e38-209b-4ced-8fb5-3c0eb1250a5e 15 2725 2727 -edge_22_0_+disjointig_106_0_6201 3491 6199 6201 -1 -1 2638 0.00321497
Chain
	Aln	42	-ed4e4e38-209b-4ced-8fb5-3c0eb1250a5e 1 2711 2727 +edge_22_0_+disjointig_106_0_6201 1 2709 6201 -1 -1 2638 0.00321497
Chain
	Aln	334	+08e574a2-4d0f-42a6-81c0-3d8ede9c6546 0 1813 1819 +edge_168_1_+disjointig_23_12768_20169 3969 5796 7401 -1 -1 1631 0.0110081
Chain
	Aln	335	-08e574a2-4d0f-42a6-81c0-3d8ede9c6546 5 1818 1819 -edge_168_1_+disjointig_23_12768_20169 1604 3431 7401 -1 -1 1631 0.0110081
Chain
	Aln	220	+4b0d61a9-d322-41a6-b120-33a7ed1967ba 10 17828 17835 +edge_111_0_+disjointig_5_0_37791 19969 37785 37791 -1 -1 17734 0.00127587
Chain
	Aln	221	-4b0d61a9-d322-41a6-b120-33a7ed1967ba 6 17824 17835 -edge_111_0_+disjointig_5_0_37791 5 17821 37791 -1 -1 17734 0.00127587
Chain
	Aln	32	+82a2016c-635d-494d-9f80-6aaef684e5e1 6660 13261 13269 +edge_17_0_+disjointig_101_0_6615 1 6608 6615 -1 -1 6502 0.00234962
Chain
	Aln	33	-82a2016c-635d-494d-9f80-6aaef684e5e1 7 6608 13269 -edge_17_0_+disjointig_101_0_6615 6 6613 6615 -1 -1 6502 0.00234962
Chain
	Aln	173	+45d98361-c36a-43f0-baa4-b8c60539a064 14 3621 3624 -edge_87_0_+disjointig_31_0_3626 13 3623 3626 -1 -1 3593 0.000799963
Chain
	Aln	172	-45d98361-c36a-43f0-baa4-b8c60539a064 2 3609 3624 +edge_87_0_+disjointig_31_0_3626 2 3612 3626 -1 -1 3593 0.000799963
Chain
	Aln	11	+28cc3d7c-f51f-461c-a5a3-c40db0584223 7 2589 2594 -edge_6_0_-disjointig_16_11248_15118 803 3386 3870 -1 -1 2564 0
Chain
	Aln	10	-28cc3d7c-f51f-461c-a5a3-c40db0584223 4 2586 2594 +edge_6_0_-disjointig_16_11248_15118 483 3066 3870 -1 -1 2564 0
Chain
	Aln	175	+11709f7f-545b-46ce-966b-0870d96daf97 14 6600 13412 -edge_88_0_+disjointig_32_0_6605 13 6604 6605 -1 -1 6393 0.00439942
Chain
	Aln	174	-11709f7f-545b-46ce-966b-0870d96daf97 6811 13397 13412 +edge_88_0_+disjointig_32_0_6605 0 6591 6605 -1 -1 6393 0.00439942
Chain
	Aln	335	+6d6bdb9c-3805-4a45-8d9d-e1b490892e7f 3 3005 3681 -edge_168_0_+disjointig_23_5372_12768 4395 7395 7396 -1 -1 2981 0.00118974
	Aln	335	+6d6bdb9c-3805-4a45-8d9d-e1b490892e7f 3017 3670 3681 -edge_168_0_+disjointig_23_5372_12768 11 665 7396 -1 -1 635 0.00320256
Chain
	Aln	334	-6d6bdb9c-3805-4a45-8d9d-e1b490892e7f 10 663 3681 +edge_168_0_+disjointig_23_5372_12768 6730 7384 7396 -1 -1 635 0.00320256
	Aln	334	-6d6bdb9c-3805-4a45-8d9d-e1b490892e7f 675 3677 3681 +edge_168_0_+disjointig_23_5372_12768 0 3000 7396 -1 -1 2981 0.00118974
Chain
	Aln	220	+20692369-0992-4a77-94cf-d077db7c12f8 5 6785 6790 +edge_111_0_+disjointig_5_0_37791 13556 20338 37791 -1 -1 6665 0.00257002
Chain
	Aln	221	-20692369-0992-4a77-94cf-d077db7c12f8 4 6784 6790 -edge_111_0_+disjointig_5_0_37791 17452 24234 37791 -1 -1 6665 0.00257002
Chain
	Aln	306	+3b18ddb3-92f3-4f2a-9c7d-0ef784eda8eb 1232 12474 12484 +edge_154_0_+disjointig_92_0_11255 2 11246 11255 -1 -1 11179 0
Chain
	Aln	307	-3b18ddb3-92f3-4f2a-9c7d-0ef784eda8eb 9 11251 12484 -edge_154_0_+disjointig_92_0_11255 8 11252 11255 -1 -1 11179 0
Chain
	Aln	77	+b10c8a00-894f-427b-aca7-7bfc29dc9b0c 10 12031 12035 -edge_39_0_+disjointig_12_0_55869 12504 24522 55869 -1 -1 11808 0.00279373
Chain
	Aln	76	-b10c8a00-894f-427b-aca7-7bfc29dc9b0c 3 12024 12035 +edge_39_0_+disjointig_12_0_55869 31346 43364 55869 -1 -1 11808 0.00279373
Chain
	Aln	308	+6df1d899-4254-4bac-9d47-b6985902604a 10 1617 1620 +edge_155_0_+disjointig_93_0_15213 1093 2701 15213 -1 -1 1604 0
Chain
	Aln	309	-6df1d899-4254-4bac-9d47-b6985902604a 2 1609 1620 -edge_155_0_+disjointig_93_0_15213 12511 14119 15213 -1 -1 1604 0
Chain
	Aln	304	+8aeb30df-795f-40ac-a324-1227a972ff8c 6402 11328 11334 +edge_153_0_+disjointig_90_0_8896 14 4933 8896 -1 -1 4803 0.00261948
Chain
	Aln	305	-8aeb30df-795f-40ac-a324-1227a972ff8c 5 4931 11334 -edge_153_0_+disjointig_90_0_8896 3962 8881 8896 -1 -1 4803 0.00261948
Chain
	Aln	220	+bf7d139c-1f4e-421c-b813-c8a953b0320b 3 13926 13934 +edge_111_0_+disjointig_5_0_37791 3 13928 37791 -1 -1 13836 0.000425305
Chain
	Aln	221	-bf7d139c-1f4e-421c-b813-c8a953b0320b 7 13930 13934 -edge_111_0_+disjointig_5_0_37791 23862 37787 37791 -1 -1 13836 0.000425305
Chain
	Aln	309	+47c5c0ba-e126-4ff9-a2fa-7d4ce771c7c6 14 4296 4300 -edge_155_0_+disjointig_93_0_15213 10924 15209 15213 -1 -1 4265 0.000908994
Chain
	Aln	308	-47c5c0ba-e126-4ff9-a2fa-7d4ce771c7c6 3 4285 4300 +edge_155_0_+disjointig_93_0_15213 3 4288 15213 -1 -1 4265 0.000908994
Chain
	Aln	310	+73c26648-7e55-47fc-914e-1c1f2b36b19d 1 8416 8568 +edge_156_0_+disjointig_94_0_8422 1 8417 8422 -1 -1 8411 0
Chain
	Aln	311	-73c26648-7e55-47fc-914e-1c1f2b36b19d 151 8566 8568 -edge_156_0_+disjointig_94_0_8422 4 8420 8422 -1 -1 8411 0
Chain
	Aln	126	+9ae7ab51-f74b-4e6b-888d-da48f1f35d13 16 1910 1919 +edge_64_0_+disjointig_136_0_13413 8929 10820 13413 -1 -1 1888 0.00112765
Chain
	Aln	127	-9ae7ab51-f74b-4e6b-888d-da48f1f35d13 8 1902 1919 -edge_64_0_+disjointig_136_0_13413 2592 4483 13413 -1 -1 1888 0.00112765
Chain
	Aln	49	+b77f7263-7e3e-4f1f-a050-edd6af580735 6 2777 2784 -edge_25_0_+disjointig_109_0_11930 3010 5788 11930 -1 -1 2706 0
Chain
	Aln	48	-b77f7263-7e3e-4f1f-a050-edd6af580735 6 2777 2784 +edge_25_0_+disjointig_109_0_11930 6141 8919 11930 -1 -1 2706 0
Chain
	Aln	50	+9a0d1523-28dd-465a-b49e-cb15b12a41be 10 8847 8850 +edge_26_0_+disjointig_11_0_37022 18216 27053 37022 -1 -1 8758 7.54181e-05
Chain
	Aln	51	-9a0d1523-28dd-465a-b49e-cb15b12a41be 2 8839 8850 -edge_26_0_+disjointig_11_0_37022 9968 18805 37022 -1 -1 8758 7.54181e-05
Chain
	Aln	307	+2d5134ce-bf29-4aa2-8da0-8a045fbaf066 9 3125 3128 -edge_154_0_+disjointig_92_0_11255 8132 11252 11255 -1 -1 3089 0.00139344
Chain
	Aln	306	-2d5134ce-bf29-4aa2-8da0-8a045fbaf066 2 3118 3128 +edge_154_0_+disjointig_92_0_11255 2 3122 11255 -1 -1 3089 0.00139344
Chain
	Aln	15	+491c2640-cad9-4789-98e8-5349794bb032 2 1097 1101 -edge_8_0_-disjointig_16_16711_37977 2256 3352 21266 -1 -1 1061 0.00342053
Chain
	Aln	14	-491c2640-cad9-4789-98e8-5349794bb032 3 1098 1101 +edge_8_0_-disjointig_16_16711_37977 17913 19009 21266 -1 -1 1061 0.00342053
Chain
	Aln	335	+546c7888-82b0-47c3-8dd0-292558ff6e64 5 2493 3685 -edge_168_0_+disjointig_23_5372_12768 4907 7395 7396 -1 -1 2467 0.00117792
	Aln	335	+546c7888-82b0-47c3-8dd0-292558ff6e64 2499 3681 3685 -edge_168_0_+disjointig_23_5372_12768 5 1187 7396 -1 -1 1174 0.00132141
Chain
	Aln	334	-546c7888-82b0-47c3-8dd0-292558ff6e64 3 1185 3685 +edge_168_0_+disjointig_23_5372_12768 6208 7390 7396 -1 -1 1174 0.00132141
	Aln	334	-546c7888-82b0-47c3-8dd0-292558ff6e64 1191 3679 3685 +edge_168_0_+disjointig_23_5372_12768 0 2488 7396 -1 -1 2467 0.00117792
Chain
	Aln	162	+725f4339-087d-49aa-9ea8-e57cde784dcd 3041 13365 13374 +edge_82_0_+disjointig_28_0_10331 7 10323 10331 -1 -1 10250 0.00111165
Chain
	Aln	163	-725f4339-087d-49aa-9ea8-e57cde784dcd 8 10332 13374 -edge_82_0_+disjointig_28_0_10331 7 10323 10331 -1 -1 10250 0.00111165
Chain
	Aln	266	+f4e7bac0-95e0-4c6b-875b-3c5db2aa6efe 5 3379 3382 +edge_134_0_+disjointig_70_0_26333 11582 14956 26333 -1 -1 3374 0.000400551
Chain
	Aln	267	-f4e7bac0-95e0-4c6b-875b-3c5db2aa6efe 2 3376 3382 -edge_134_0_+disjointig_70_0_26333 11376 14750 26333 -1 -1 3374 0.000400551
Chain
	Aln	77	+180d5a5d-8605-4c25-a365-8b426ecdd9b7 7 1578 1585 -edge_39_0_+disjointig_12_0_55869 34877 36448 55869 -1 -1 1571 0.000644
Chain
	Aln	76	-180d5a5d-8605-4c25-a365-8b426ecdd9b7 6 1577 1585 +edge_39_0_+disjointig_12_0_55869 19420 20991 55869 -1 -1 1571 0.000644
Chain
	Aln	188	+0ed2e8f9-0ece-461f-b2ed-576f0c5c1083 11 1351 1357 +edge_95_0_+disjointig_35_0_19429 12237 13578 19429 -1 -1 1313 0.00572814
Chain
	Aln	189	-0ed2e8f9-0ece-461f-b2ed-576f0c5c1083 5 1345 1357 -edge_95_0_+disjointig_35_0_19429 5850 7191 19429 -1 -1 1313 0.00572814
Chain
	Aln	51	+53925937-1240-4fa3-bb62-884e0d49eb1a 13 4719 5188 -edge_26_0_+disjointig_11_0_37022 14677 19385 37022 -1 -1 4674 0.00030311
Chain
	Aln	50	-53925937-1240-4fa3-bb62-884e0d49eb1a 468 5174 5188 +edge_26_0_+disjointig_11_0_37022 17636 22344 37022 -1 -1 4674 0.00030311
Chain
	Aln	201	+26c5b859-8252-4c07-8472-a2df496e10f1 27 4640 4644 -edge_101_0_+disjointig_40_0_12361 27 4639 12361 -1 -1 4575 0.00187687
Chain
	Aln	200	-26c5b859-8252-4c07-8472-a2df496e10f1 3 4616 4644 +edge_101_0_+disjointig_40_0_12361 7721 12333 12361 -1 -1 4575 0.00187687
Chain
	Aln	314	+031585ab-1172-4ded-9cc0-c420e24077f7 14 9348 9358 +edge_158_0_+disjointig_96_0_23051 13700 23042 23051 -1 -1 9217 0.00232136
Chain
	Aln	315	-031585ab-1172-4ded-9cc0-c420e24077f7 9 9343 9358 -edge_158_0_+disjointig_96_0_23051 8 9350 23051 -1 -1 9217 0.00232136
Chain
	Aln	251	+6a492ad6-f3ef-41fc-8951-186892b5e53d 1492 6179 6181 -edge_126_0_+disjointig_63_0_8068 3 4690 8068 -1 -1 4665 0
Chain
	Aln	250	-6a492ad6-f3ef-41fc-8951-186892b5e53d 1 4688 6181 +edge_126_0_+disjointig_63_0_8068 3377 8064 8068 -1 -1 4665 0
Chain
	Aln	119	+156bd906-5a54-4201-8ee8-d5ef6104c16e 10 5442 9734 -edge_60_0_+disjointig_132_0_12235 6818 12234 12235 -1 -1 5277 0.0023395
Chain
	Aln	118	-156bd906-5a54-4201-8ee8-d5ef6104c16e 4291 9723 9734 +edge_60_0_+disjointig_132_0_12235 0 5416 12235 -1 -1 5277 0.0023395
Chain
	Aln	199	+c30c6746-ca9c-434d-ad5e-a14cbde41452 2 1267 1271 -edge_100_0_+disjointig_4_0_12133 10626 11891 12133 -1 -1 1265 0
Chain
	Aln	198	-c30c6746-ca9c-434d-ad5e-a14cbde41452 3 1268 1271 +edge_100_0_+disjointig_4_0_12133 241 1506 12133 -1 -1 1265 0
Chain
	Aln	304	+74e1edba-a9b3-457b-abb4-8e85b0ee25eb 481 9368 9376 +edge_153_0_+disjointig_90_0_8896 14 8889 8896 -1 -1 8690 0.00247018
Chain
	Aln	305	-74e1edba-a9b3-457b-abb4-8e85b0ee25eb 7 8894 9376 -edge_153_0_+disjointig_90_0_8896 6 8881 8896 -1 -1 8690 0.00247018
Chain
	Aln	26	+09f20bc4-3508-411e-a033-98ac5a3a6c51 4 13991 13994 +edge_14_0_-disjointig_58_12216_33197 6326 20309 20981 -1 -1 13770 0.00213973
Chain
	Aln	27	-09f20bc4-3508-411e-a033-98ac5a3a6c51 2 13989 13994 -edge_14_0_-disjointig_58_12216_33197 671 14654 20981 -1 -1 13770 0.00213973
Chain
	Aln	285	+396bacc9-8cf0-434f-886e-cc5905fb63cf 1 3090 3098 -edge_143_0_+disjointig_8_0_3918 706 3797 3918 -1 -1 3056 0.00346379
Chain
	Aln	284	-396bacc9-8cf0-434f-886e-cc5905fb63cf 7 3096 3098 +edge_143_0_+disjointig_8_0_3918 120 3211 3918 -1 -1 3056 0.00346379
Chain
	Aln	277	+f94cd4e1-ee27-4cca-b91a-89ff64f1306d 18 2316 2320 -edge_139_0_+disjointig_75_0_4019 17 2317 4019 -1 -1 2250 0.00378546
Chain
	Aln	276	-f94cd4e1-ee27-4cca-b91a-89ff64f1306d 3 2301 2320 +edge_139_0_+disjointig_75_0_4019 1701 4001 4019 -1 -1 2250 0.00378546
Chain
	Aln	285	+e1856a68-4461-4a5f-9784-59d5602f8a03 5 3901 4999 -edge_143_0_+disjointig_8_0_3918 4 3917 3918 -1 -1 3773 0.00391936
Chain
	Aln	284	-e1856a68-4461-4a5f-9784-59d5602f8a03 1097 4993 4999 +edge_143_0_+disjointig_8_0_3918 0 3913 3918 -1 -1 3773 0.00391936
Chain
	Aln	292	+bafb41bd-2cae-47af-b9f5-721a1eace0af 16221 29506 29512 +edge_147_0_+disjointig_83_0_13301 1 13296 13301 -1 -1 12676 0.00511466
Chain
	Aln	293	-bafb41bd-2cae-47af-b9f5-721a1eace0af 5 13290 29512 -edge_147_0_+disjointig_83_0_13301 4 13299 13301 -1 -1 12676 0.00511466
Chain
	Aln	77	+48f40b6f-ed8c-488d-8062-1eeab00b9194 18 1910 4450 -edge_39_0_+disjointig_12_0_55869 410 2303 55869 -1 -1 1880 0
Chain
	Aln	15	+48f40b6f-ed8c-488d-8062-1eeab00b9194 2735 4445 4450 -edge_8_0_-disjointig_16_16711_37977 4479 6188 21266 -1 -1 1707 0.00139157
Chain
	Aln	76	-48f40b6f-ed8c-488d-8062-1eeab00b9194 2539 4431 4450 +edge_39_0_+disjointig_12_0_55869 53565 55458 55869 -1 -1 1880 0
Chain
	Aln	14	-48f40b6f-ed8c-488d-8062-1eeab00b9194 4 1714 4450 +edge_8_0_-disjointig_16_16711_37977 15077 16786 21266 -1 -1 1707 0.00139157
Chain
	Aln	129	+75d4c87d-0964-4c67-ad73-d20213ebd90c 9 2050 2056 -edge_65_0_+disjointig_137_0_19597 7350 9389 19597 -1 -1 2032 0.00312336
Chain
	Aln	128	-75d4c87d-0964-4c67-ad73-d20213ebd90c 5 2046 2056 +edge_65_0_+disjointig_137_0_19597 10207 12246 19597 -1 -1 2032 0.00312336
Chain
	Aln	141	+96d346c5-b5eb-40a0-84bc-d20fce3254e7 6 1571 1580 -edge_71_0_+disjointig_19_0_10405 1855 3423 10405 -1 -1 1555 0.00375853
Chain
	Aln	140	-96d346c5-b5eb-40a0-84bc-d20fce3254e7 8 1573 1580 +edge_71_0_+disjointig_19_0_10405 6981 8549 10405 -1 -1 1555 0.00375853
Chain
	Aln	169	+dc16e6ba-4902-4845-877c-d92a9512d1ec 7 4846 4849 -edge_85_0_+disjointig_30_0_17401 5262 10102 17401 -1 -1 4808 0.000965324
Chain
	Aln	168	-dc16e6ba-4902-4845-877c-d92a9512d1ec 2 4841 4849 +edge_85_0_+disjointig_30_0_17401 7298 12138 17401 -1 -1 4808 0.000965324
Chain
	Aln	315	+98b82c98-0295-49b9-911a-3beb40b7aba7 23 2904 2906 -edge_158_0_+disjointig_96_0_23051 20168 23049 23051 -1 -1 2845 0.00183349
Chain
	Aln	314	-98b82c98-0295-49b9-911a-3beb40b7aba7 1 2882 2906 +edge_158_0_+disjointig_96_0_23051 1 2882 23051 -1 -1 2845 0.00183349
Chain
	Aln	38	+436ce13f-4594-4ffa-a4ae-214915d1d3fa 34 4404 4414 +edge_20_0_+disjointig_104_0_4411 11 4382 4411 -1 -1 4333 0.0010841
Chain
	Aln	39	-436ce13f-4594-4ffa-a4ae-214915d1d3fa 9 4379 4414 -edge_20_0_+disjointig_104_0_4411 28 4399 4411 -1 -1 4333 0.0010841
Chain
	Aln	39	+f7880dff-7adb-4f1c-ae9d-009d21fc6187 19 4404 4415 -edge_20_0_+disjointig_104_0_4411 18 4400 4411 -1 -1 4188 0.00470585
Chain
	Aln	38	-f7880dff-7adb-4f1c-ae9d-009d21fc6187 10 4395 4415 +edge_20_0_+disjointig_104_0_4411 10 4392 4411 -1 -1 4188 0.00470585
Chain
	Aln	54	+e6c078f7-9ecb-4b23-9ff9-d4f3c4ea6097 133 4401 4404 +edge_28_0_+disjointig_111_0_4269 2 4267 4269 -1 -1 4172 0.00343733
Chain
	Aln	55	-e6c078f7-9ecb-4b23-9ff9-d4f3c4ea6097 2 4270 4404 -edge_28_0_+disjointig_111_0_4269 1 4266 4269 -1 -1 4172 0.00343733
Chain
	Aln	244	+0797ff18-5e15-485d-a32d-5f811ec823fd 15 3520 3522 +edge_123_0_+disjointig_60_0_12963 8177 11678 12963 -1 -1 3468 0.000637313
Chain
	Aln	245	-0797ff18-5e15-485d-a32d-5f811ec823fd 1 3506 3522 -edge_123_0_+disjointig_60_0_12963 1284 4785 12963 -1 -1 3468 0.000637313
Chain
	Aln	129	+c2073885-74e8-41bd-9570-865a997afa27 23 11265 11267 -edge_65_0_+disjointig_137_0_19597 8348 19595 19597 -1 -1 10959 0.00391205
Chain
	Aln	128	-c2073885-74e8-41bd-9570-865a997afa27 1 11243 11267 +edge_65_0_+disjointig_137_0_19597 1 11248 19597 -1 -1 10959 0.00391205
Chain
	Aln	209	+5a094bbd-7e28-420e-9d58-0c56aafc383f 12 4856 4860 -edge_105_0_+disjointig_44_0_4860 11 4856 4860 -1 -1 4805 0
Chain
	Aln	208	-5a094bbd-7e28-420e-9d58-0c56aafc383f 3 4847 4860 +edge_105_0_+disjointig_44_0_4860 3 4848 4860 -1 -1 4805 0
Chain
	Aln	76	+25fbca67-de0e-45e5-8077-bb206095286e 12 5077 5087 +edge_39_0_+disjointig_12_0_55869 16893 21970 55869 -1 -1 4786 0.00636119
Chain
	Aln	77	-25fbca67-de0e-45e5-8077-bb206095286e 9 5074 5087 -edge_39_0_+disjointig_12_0_55869 33898 38975 55869 -1 -1 4786 0.00636119
Chain
	Aln	98	+4d6e86fa-1e31-4882-85c2-a6b565bfbc3c 89 1375 1384 +edge_50_0_+disjointig_126_0_7585 2 1288 7585 -1 -1 1274 0.00220476
Chain
	Aln	99	-4d6e86fa-1e31-4882-85c2-a6b565bfbc3c 8 1294 1384 -edge_50_0_+disjointig_126_0_7585 6296 7582 7585 -1 -1 1274 0.00220476
Chain
	Aln	99	+85284e6a-ae3e-4ac1-9c81-6fd5d2c01e40 74 1386 1454 -edge_50_0_+disjointig_126_0_7585 6274 7584 7585 -1 -1 1288 0.0028593
Chain
	Aln	98	-85284e6a-ae3e-4ac1-9c81-6fd5d2c01e40 67 1379 1454 +edge_50_0_+disjointig_126_0_7585 0 1310 7585 -1 -1 1288 0.0028593
Chain
	Aln	94	+a691865c-349d-4653-8aea-b9a098f4d430 8 1706 1709 +edge_48_0_+disjointig_124_0_14585 1628 3322 14585 -1 -1 1652 0.0031599
Chain
	Aln	95	-a691865c-349d-4653-8aea-b9a098f4d430 2 1700 1709 -edge_48_0_+disjointig_124_0_14585 11262 12956 14585 -1 -1 1652 0.0031599
Chain
	Aln	221	+12e4d6d9-be99-40ac-93f4-f11f4c159686 10 7269 7271 -edge_111_0_+disjointig_5_0_37791 15837 23097 37791 -1 -1 7226 0.00251128
Chain
	Aln	220	-12e4d6d9-be99-40ac-93f4-f11f4c159686 1 7260 7271 +edge_111_0_+disjointig_5_0_37791 14693 21953 37791 -1 -1 7226 0.00251128
Chain
	Aln	244	+33958a2b-f6aa-4e8c-a233-9fc44f5654ab 11056 20504 20510 +edge_123_0_+disjointig_60_0_12963 1 9452 12963 -1 -1 9176 0.00185592
Chain
	Aln	245	-33958a2b-f6aa-4e8c-a233-9fc44f5654ab 5 9453 20510 -edge_123_0_+disjointig_60_0_12963 3510 12961 12963 -1 -1 9176 0.00185592
Chain
	Aln	195	+73fc64e1-ac20-4465-b5db-a9abedbd8e37 947 2383 2385 -edge_98_0_+disjointig_38_0_21216 3 1439 21216 -1 -1 1430 0
Chain
	Aln	194	-73fc64e1-ac20-4465-b5db-a9abedbd8e37 1 1437 2385 +edge_98_0_+disjointig_38_0_21216 19776 21212 21216 -1 -1 1430 0
Chain
	Aln	23	+70e50b1d-343d-493f-bcb0-4617177a2786 7 1119 12241 -edge_12_1_-disjointig_30_6868_12437 4455 5568 5569 -1 -1 1087 0.00464134
	Aln	26	+70e50b1d-343d-493f-bcb0-4617177a2786 1125 12239 12241 +edge_14_0_-disjointig_58_12216_33197 9 11134 20981 -1 -1 10963 0.00244176
Chain
	Aln	27	-70e50b1d-343d-493f-bcb0-4617177a2786 1 11115 12241 -edge_14_0_-disjointig_58_12216_33197 9846 20971 20981 -1 -1 10963 0.00244176
	Aln	22	-70e50b1d-343d-493f-bcb0-4617177a2786 11121 12233 12241 +edge_12_1_-disjointig_30_6868_12437 0 1113 5569 -1 -1 1087 0.00464134
Chain
	Aln	95	+0d369782-e3cc-496d-980f-68b4c59d0747 11 10058 10061 -edge_48_0_+disjointig_124_0_14585 2882 12941 14585 -1 -1 9978 0.000782223
Chain
	Aln	94	-0d369782-e3cc-496d-980f-68b4c59d0747 2 10049 10061 +edge_48_0_+disjointig_124_0_14585 1643 11702 14585 -1 -1 9978 0.000782223
Chain
	Aln	187	+fd39982c-d977-4f55-8889-7cf4ef805f4c 12 3910 3915 -edge_94_0_+disjointig_88_16832_25254 11 3910 8422 -1 -1 3766 0.00433384
Chain
	Aln	186	-fd39982c-d977-4f55-8889-7cf4ef805f4c 4 3902 3915 +edge_94_0_+disjointig_88_16832_25254 4511 8410 8422 -1 -1 3766 0.00433384
Chain
	Aln	246	+7886c380-36b1-4be0-a752-ec2817c6e49f 9 7036 7039 +edge_124_0_+disjointig_61_0_27418 4738 11765 27418 -1 -1 6792 0.00249322
Chain
	Aln	247	-7886c380-36b1-4be0-a752-ec2817c6e49f 2 7029 7039 -edge_124_0_+disjointig_61_0_27418 15652 22679 27418 -1 -1 6792 0.00249322
Chain
	Aln	161	+c569c7f3-b010-4fd3-ab03-464a6414971d 21 27766 34593 -edge_81_0_+disjointig_27_0_27758 20 27757 27758 -1 -1 27433 0.000829964
Chain
	Aln	160	-c569c7f3-b010-4fd3-ab03-464a6414971d 6826 34571 34593 +edge_81_0_+disjointig_27_0_27758 0 27737 27758 -1 -1 27433 0.000829964
Chain
	Aln	335	+179dbdf5-561e-4f31-9f10-4b96e3986893 20 2716 3684 -edge_168_0_+disjointig_23_5372_12768 4696 7395 7396 -1 -1 2654 0.00172144
	Aln	335	+179dbdf5-561e-4f31-9f10-4b96e3986893 2728 3678 3684 -edge_168_0_+disjointig_23_5372_12768 11 957 7396 -1 -1 923 0.00309099
Chain
	Aln	334	-179dbdf5-561e-4f31-9f10-4b96e3986893 5 955 3684 +edge_168_0_+disjointig_23_5372_12768 6438 7384 7396 -1 -1 923 0.00309099
	Aln	334	-179dbdf5-561e-4f31-9f10-4b96e3986893 967 3663 3684 +edge_168_0_+disjointig_23_5372_12768 0 2699 7396 -1 -1 2654 0.00172144
Chain
	Aln	168	+fac1180e-b6ab-4aa1-9b6a-65a5e78c3c6c 10 5111 5118 +edge_85_0_+disjointig_30_0_17401 8903 14004 17401 -1 -1 5004 0.0021062
Chain
	Aln	169	-fac1180e-b6ab-4aa1-9b6a-65a5e78c3c6c 6 5107 5118 -edge_85_0_+disjointig_30_0_17401 3396 8497 17401 -1 -1 5004 0.0021062
Chain
	Aln	23	+95d3f9da-cbb2-4642-9aa0-82ea810baa11 612 4292 4295 -edge_12_0_+disjointig_100_13557_19129 13 3694 5572 -1 -1 3447 0.00902268
Chain
	Aln	22	-95d3f9da-cbb2-4642-9aa0-82ea810baa11 2 3682 4295 +edge_12_0_+disjointig_100_13557_19129 1877 5558 5572 -1 -1 3447 0.00902268
Chain
	Aln	158	+19877f6b-9198-4e50-a08a-1c2fd1916f65 5 3249 4021 +edge_80_0_+disjointig_26_0_24515 21262 24506 24515 -1 -1 3203 0.00179512
Chain
	Aln	159	-19877f6b-9198-4e50-a08a-1c2fd1916f65 771 4015 4021 -edge_80_0_+disjointig_26_0_24515 8 3252 24515 -1 -1 3203 0.00179512
Chain
	Aln	324	+a44a01a9-777f-45bf-9b70-be6136759c31 11 7206 7219 +edge_163_0_+disjointig_115_0_36592 26588 33780 36592 -1 -1 6538 0.0107933
Chain
	Aln	325	-a44a01a9-777f-45bf-9b70-be6136759c31 12 7207 7219 -edge_163_0_+disjointig_115_0_36592 2811 10003 36592 -1 -1 6538 0.0107933
Chain
	Aln	168	+db40f321-d7ee-4dd7-aed6-6990f65269b6 1 8874 8879 +edge_85_0_+disjointig_30_0_17401 1 8871 17401 -1 -1 8765 0.00143079
Chain
	Aln	169	-db40f321-d7ee-4dd7-aed6-6990f65269b6 4 8877 8879 -edge_85_0_+disjointig_30_0_17401 8529 17399 17401 -1 -1 8765 0.00143079
Chain
	Aln	193	+2ceaa995-60d4-48b0-af63-669a72e72d92 27 9014 13661 -edge_97_0_+disjointig_37_0_12765 3776 12764 12765 -1 -1 8841 0.00110892
Chain
	Aln	192	-2ceaa995-60d4-48b0-af63-669a72e72d92 4646 13633 13661 +edge_97_0_+disjointig_37_0_12765 0 8988 12765 -1 -1 8841 0.00110892
Chain
	Aln	325	+69a52879-a6bb-4ed4-9d07-604f324dae53 6 7187 7191 -edge_163_0_+disjointig_115_0_36592 2784 9965 36592 -1 -1 7020 0.00309616
Chain
	Aln	324	-69a52879-a6bb-4ed4-9d07-604f324dae53 3 7184 7191 +edge_163_0_+disjointig_115_0_36592 26626 33807 36592 -1 -1 7020 0.00309616
Chain
	Aln	77	+2be6e7a5-87bf-483d-b4ac-2e6c10268e52 6 7139 7143 -edge_39_0_+disjointig_12_0_55869 18986 26114 55869 -1 -1 6903 0.00410286
Chain
	Aln	76	-2be6e7a5-87bf-483d-b4ac-2e6c10268e52 3 7136 7143 +edge_39_0_+disjointig_12_0_55869 29754 36882 55869 -1 -1 6903 0.00410286
Chain
	Aln	40	+2b74ea8e-d213-40a1-8a5b-df4c4a2ece39 2238 9631 9635 +edge_21_0_+disjointig_105_0_7397 2 7394 7397 -1 -1 7325 0.00128644
Chain
	Aln	41	-2b74ea8e-d213-40a1-8a5b-df4c4a2ece39 3 7396 9635 -edge_21_0_+disjointig_105_0_7397 2 7394 7397 -1 -1 7325 0.00128644
Chain
	Aln	144	+7a891b24-b7e2-4345-90de-99664c5175ef 9 11162 12098 +edge_73_0_+disjointig_20_0_15019 3852 15016 15019 -1 -1 10646 0.00542473
Chain
	Aln	145	-7a891b24-b7e2-4345-90de-99664c5175ef 935 12088 12098 -edge_73_0_+disjointig_20_0_15019 2 11166 15019 -1 -1 10646 0.00542473
Chain
	Aln	79	+5f8bd4b6-f067-4636-84c1-b3d920d36350 5 7285 7287 -edge_40_0_+disjointig_120_0_10460 3175 10458 10460 -1 -1 7231 0.000629918
Chain
	Aln	78	-5f8bd4b6-f067-4636-84c1-b3d920d36350 1 7281 7287 +edge_40_0_+disjointig_120_0_10460 1 7284 10460 -1 -1 7231 0.000629918
Chain
	Aln	275	+175a659f-d3d8-430a-ade8-bb3b9df34fc3 6 2388 2390 -edge_138_0_+disjointig_74_0_2388 5 2386 2388 -1 -1 2357 0.000929256
Chain
	Aln	274	-175a659f-d3d8-430a-ade8-bb3b9df34fc3 1 2383 2390 +edge_138_0_+disjointig_74_0_2388 1 2382 2388 -1 -1 2357 0.000929256
Chain
	Aln	274	+b8fb571c-9040-44b2-b58c-550d2bf72cef 21 2374 2386 +edge_138_0_+disjointig_74_0_2388 1 2354 2388 -1 -1 2353 0
Chain
	Aln	275	-b8fb571c-9040-44b2-b58c-550d2bf72cef 11 2364 2386 -edge_138_0_+disjointig_74_0_2388 33 2386 2388 -1 -1 2353 0
Chain
	Aln	237	+2e24be3f-c5a3-4af6-91e6-aaf874a2a48f 15 11320 11322 -edge_119_0_+disjointig_55_0_23236 11953 23234 23236 -1 -1 11134 0.000530404
Chain
	Aln	236	-2e24be3f-c5a3-4af6-91e6-aaf874a2a48f 1 11306 11322 +edge_119_0_+disjointig_55_0_23236 1 11282 23236 -1 -1 11134 0.000530404
Chain
	Aln	321	+e9d2f73f-616d-4492-b010-37ec9abbda0e 13 4134 4139 -edge_161_0_+disjointig_99_0_7728 3602 7723 7728 -1 -1 4102 0
Chain
	Aln	320	-e9d2f73f-616d-4492-b010-37ec9abbda0e 4 4125 4139 +edge_161_0_+disjointig_99_0_7728 4 4125 7728 -1 -1 4102 0
Chain
	Aln	178	+5f387322-4998-4dbe-94e2-4ca08ac05e39 2 2102 2106 +edge_90_0_+disjointig_34_0_29431 24511 26611 29431 -1 -1 2090 0
Chain
	Aln	179	-5f387322-4998-4dbe-94e2-4ca08ac05e39 3 2103 2106 -edge_90_0_+disjointig_34_0_29431 2819 4919 29431 -1 -1 2090 0
Chain
	Aln	128	+6310ccae-c19e-47be-95fb-75131bdcbcab 1156 20729 20736 +edge_65_0_+disjointig_137_0_19597 13 19591 19597 -1 -1 19158 0.00258834
Chain
	Aln	129	-6310ccae-c19e-47be-95fb-75131bdcbcab 6 19579 20736 -edge_65_0_+disjointig_137_0_19597 5 19583 19597 -1 -1 19158 0.00258834
Chain
	Aln	239	+81e4a67e-939e-4b01-9dd5-d8214a74e17f 19 8044 9650 -edge_120_0_+disjointig_56_0_8045 18 8044 8045 -1 -1 7946 0.000750066
Chain
	Aln	238	-81e4a67e-939e-4b01-9dd5-d8214a74e17f 1605 9630 9650 +edge_120_0_+disjointig_56_0_8045 0 8026 8045 -1 -1 7946 0.000750066
Chain
	Aln	146	+f19d158a-6a06-4316-861c-524c2a81c435 3323 23563 23568 +edge_74_0_+disjointig_21_0_20260 4 20256 20260 -1 -1 20202 0.000181619
Chain
	Aln	147	-f19d158a-6a06-4316-861c-524c2a81c435 4 20244 23568 -edge_74_0_+disjointig_21_0_20260 3 20255 20260 -1 -1 20202 0.000181619
Chain
	Aln	75	+8b88b710-6b15-4bd6-ad6e-a58b22467442 7 3984 20867 -edge_38_0_+disjointig_119_0_3992 6 3991 3992 -1 -1 3925 0.00112336
Chain
	Aln	74	-8b88b710-6b15-4bd6-ad6e-a58b22467442 16882 20859 20867 +edge_38_0_+disjointig_119_0_3992 0 3985 3992 -1 -1 3925 0.00112336
Chain
	Aln	302	+64b1fc10-52cd-429e-b89c-e95b1963b3de 11 29741 29751 +edge_152_0_+disjointig_89_0_41706 11951 41697 41706 -1 -1 29379 0.00130639
Chain
	Aln	303	-64b1fc10-52cd-429e-b89c-e95b1963b3de 9 29739 29751 -edge_152_0_+disjointig_89_0_41706 8 29754 41706 -1 -1 29379 0.00130639
Chain
	Aln	221	+b81aa55b-a0a8-4cf1-8612-16fd16ce50e7 10 7614 7617 -edge_111_0_+disjointig_5_0_37791 18275 25872 37791 -1 -1 7492 0.00151999
Chain
	Aln	220	-b81aa55b-a0a8-4cf1-8612-16fd16ce50e7 2 7606 7617 +edge_111_0_+disjointig_5_0_37791 11918 19515 37791 -1 -1 7492 0.00151999
Chain
	Aln	220	+80279050-7888-462b-8426-b9e4ae5e0a80 6 7601 7603 +edge_111_0_+disjointig_5_0_37791 11902 19504 37791 -1 -1 7234 0.00401566
Chain
	Aln	221	-80279050-7888-462b-8426-b9e4ae5e0a80 1 7596 7603 -edge_111_0_+disjointig_5_0_37791 18286 25888 37791 -1 -1 7234 0.00401566
Chain
	Aln	167	+e67f963b-3a11-4e1e-85c7-e7b5774f3d16 25 2930 2943 -edge_84_0_+disjointig_3_0_6886 3972 6876 6886 -1 -1 2857 0.00116805
Chain
	Aln	166	-e67f963b-3a11-4e1e-85c7-e7b5774f3d16 12 2917 2943 +edge_84_0_+disjointig_3_0_6886 9 2913 6886 -1 -1 2857 0.00116805
Chain
	Aln	239	+82e00137-3b60-4884-8716-1278ad410846 9 4534 4536 -edge_120_0_+disjointig_56_0_8045 3510 8043 8045 -1 -1 4493 0.0010666
Chain
	Aln	238	-82e00137-3b60-4884-8716-1278ad410846 1 4526 4536 +edge_120_0_+disjointig_56_0_8045 1 4534 8045 -1 -1 4493 0.0010666
Chain
	Aln	238	+49bdd869-4eea-46f3-92db-875e8787ecce 30 4534 4539 +edge_120_0_+disjointig_56_0_8045 16 4520 8045 -1 -1 4314 0.00461712
Chain
	Aln	239	-49bdd869-4eea-46f3-92db-875e8787ecce 4 4508 4539 -edge_120_0_+disjointig_56_0_8045 3524 8028 8045 -1 -1 4314 0.00461712
Chain
	Aln	328	+fea71a17-114e-48d1-b69f-00c4f1646e29 32 20634 20737 +edge_165_0_+disjointig_121_0_43555 22938 43544 43555 -1 -1 20502 0.000321427
Chain
	Aln	329	-fea71a17-114e-48d1-b69f-00c4f1646e29 102 20704 20737 -edge_165_0_+disjointig_121_0_43555 10 20616 43555 -1 -1 20502 0.000321427
Chain
	Aln	299	+621d8ee3-d208-4570-994d-9c7dcd04c8bb 114 3744 3746 -edge_150_0_+disjointig_86_0_8731 5099 8729 8731 -1 -1 3615 0.00048902
Chain
	Aln	298	-621d8ee3-d208-4570-994d-9c7dcd04c8bb 1 3631 3746 +edge_150_0_+disjointig_86_0_8731 1 3631 8731 -1 -1 3615 0.00048902
Chain
	Aln	257	+ba28ddef-8f84-4751-b0f7-8c36ff12352e 461 2532 2542 -edge_129_0_+disjointig_66_0_27601 20 2091 27601 -1 -1 2041 0.00167459
Chain
	Aln	256	-ba28ddef-8f84-4751-b0f7-8c36ff12352e 9 2080 2542 +edge_129_0_+disjointig_66_0_27601 25509 27580 27601 -1 -1 2041 0.00167459
Chain
	Aln	145	+0a47a549-cc4b-4f4c-b2c5-9a0626e49612 9 5119 5123 -edge_73_0_+disjointig_20_0_15019 8 5123 15019 -1 -1 5022 0.00299899
Chain
	Aln	144	-0a47a549-cc4b-4f4c-b2c5-9a0626e49612 3 5113 5123 +edge_73_0_+disjointig_20_0_15019 9895 15010 15019 -1 -1 5022 0.00299899
Chain
	Aln	5	+a1b931f4-af6e-4037-89e7-7b86ff02c7d1 9 1152 12527 -edge_3_2_+disjointig_16_26729_27906 33 1176 1177 -1 -1 1130 0.00372874
Chain
	Aln	5	+a1b931f4-af6e-4037-89e7-7b86ff02c7d1 4315 5467 12527 -edge_3_2_+disjointig_16_26729_27906 6 1158 1177 -1 -1 1120 0.00635185
Chain
	Aln	4	-a1b931f4-af6e-4037-89e7-7b86ff02c7d1 11374 12517 12527 +edge_3_2_+disjointig_16_26729_27906 0 1143 1177 -1 -1 1130 0.00372874
Chain
	Aln	4	-a1b931f4-af6e-4037-89e7-7b86ff02c7d1 7059 8211 12527 +edge_3_2_+disjointig_16_26729_27906 18 1170 1177 -1 -1 1120 0.00635185
Chain
	Aln	36	+234c59f3-c669-4690-b98c-8dfefbed9f38 10 5557 5559 +edge_19_0_+disjointig_103_0_12232 4676 10223 12232 -1 -1 5541 0
Chain
	Aln	37	-234c59f3-c669-4690-b98c-8dfefbed9f38 1 5548 5559 -edge_19_0_+disjointig_103_0_12232 2008 7555 12232 -1 -1 5541 0
Chain
	Aln	126	+f952108f-39c6-4479-a7be-db5a58fa263e 7 13107 13112 +edge_64_0_+disjointig_136_0_13413 7 13107 13413 -1 -1 12988 0.000823955
Chain
	Aln	127	-f952108f-39c6-4479-a7be-db5a58fa263e 4 13104 13112 -edge_64_0_+disjointig_136_0_13413 305 13405 13413 -1 -1 12988 0.000823955
Chain
	Aln	4	+25e10f90-cab9-45d0-8771-2d00617bb228 1196 2345 2677 +edge_3_2_+disjointig_16_26729_27906 21 1170 1177 -1 -1 1129 0.00495347
Chain
	Aln	5	-25e10f90-cab9-45d0-8771-2d00617bb228 331 1480 2677 -edge_3_2_+disjointig_16_26729_27906 6 1155 1177 -1 -1 1129 0.00495347
Chain
	Aln	77	+dd64093f-1e9d-4a9a-99f0-48a16458b3e1 11 1220 1225 -edge_39_0_+disjointig_12_0_55869 3426 4633 55869 -1 -1 1198 0
Chain
	Aln	76	-dd64093f-1e9d-4a9a-99f0-48a16458b3e1 4 1213 1225 +edge_39_0_+disjointig_12_0_55869 51235 52442 55869 -1 -1 1198 0
Chain
	Aln	325	+47b0d09f-ddcd-4277-9b92-dd263ac442b9 9 12733 23036 -edge_163_0_+disjointig_115_0_36592 23845 36591 36592 -1 -1 12562 0.000536721
Chain
	Aln	324	-47b0d09f-ddcd-4277-9b92-dd263ac442b9 10302 23026 23036 +edge_163_0_+disjointig_115_0_36592 0 12746 36592 -1 -1 12562 0.000536721
Chain
	Aln	334	+dd5039f4-d724-4d4a-842f-2d28ad6eb8d6 2 3678 3682 +edge_168_0_+disjointig_23_5372_12768 1436 5110 7396 -1 -1 3658 0.000511297
Chain
	Aln	335	-dd5039f4-d724-4d4a-842f-2d28ad6eb8d6 3 3679 3682 -edge_168_0_+disjointig_23_5372_12768 2285 5959 7396 -1 -1 3658 0.000511297
Chain
	Aln	76	+d2b2d337-87e0-4201-9c24-4151a7eb2253 21 5926 5929 +edge_39_0_+disjointig_12_0_55869 46524 52431 55869 -1 -1 5832 0.000675591
Chain
	Aln	77	-d2b2d337-87e0-4201-9c24-4151a7eb2253 2 5907 5929 -edge_39_0_+disjointig_12_0_55869 3437 9344 55869 -1 -1 5832 0.000675591
Chain
	Aln	302	+daf4156b-4f7d-4a73-8872-7ac06f34fd12 5 1702 1706 +edge_152_0_+disjointig_89_0_41706 28765 30462 41706 -1 -1 1697 0
Chain
	Aln	303	-daf4156b-4f7d-4a73-8872-7ac06f34fd12 3 1700 1706 -edge_152_0_+disjointig_89_0_41706 11243 12940 41706 -1 -1 1697 0
Chain
	Aln	202	+96d00acc-6f69-435f-9500-e0ae288759f5 6 9213 9220 +edge_102_0_+disjointig_41_0_15410 6 9213 15410 -1 -1 9207 0
Chain
	Aln	203	-96d00acc-6f69-435f-9500-e0ae288759f5 6 9213 9220 -edge_102_0_+disjointig_41_0_15410 6196 15403 15410 -1 -1 9207 0
Chain
	Aln	135	+fa258c0b-22ff-4fa4-97c8-6b7c6f9f98e0 11 6927 6929 -edge_68_0_+disjointig_14_0_14786 10 6938 14786 -1 -1 6843 0.00161032
Chain
	Aln	134	-fa258c0b-22ff-4fa4-97c8-6b7c6f9f98e0 1 6917 6929 +edge_68_0_+disjointig_14_0_14786 7847 14775 14786 -1 -1 6843 0.00161032
Chain
	Aln	68	+8a5442b7-b765-481a-a94c-2acfb5c2f85d 20 2344 2346 +edge_35_0_+disjointig_116_0_2346 1 2325 2346 -1 -1 2324 0.000883192
Chain
	Aln	69	-8a5442b7-b765-481a-a94c-2acfb5c2f85d 1 2325 2346 -edge_35_0_+disjointig_116_0_2346 20 2344 2346 -1 -1 2324 0.000883192
Chain
	Aln	176	+695bddd3-c7fe-4527-ae5d-f39f3ba838f8 11 9732 9740 +edge_89_0_+disjointig_33_0_31937 4672 14390 31937 -1 -1 9503 0.00245675
Chain
	Aln	177	-695bddd3-c7fe-4527-ae5d-f39f3ba838f8 7 9728 9740 -edge_89_0_+disjointig_33_0_31937 17546 27264 31937 -1 -1 9503 0.00245675
Chain
	Aln	69	+e94457fb-62bf-465d-8889-4a10d5fa41cd 19 2338 2348 -edge_35_0_+disjointig_116_0_2346 18 2338 2346 -1 -1 2254 0.00369451
Chain
	Aln	68	-e94457fb-62bf-465d-8889-4a10d5fa41cd 9 2328 2348 +edge_35_0_+disjointig_116_0_2346 7 2327 2346 -1 -1 2254 0.00369451
Chain
	Aln	47	+63dda390-ed88-4daa-8c83-895909233d4b 12 2316 2318 -edge_24_0_+disjointig_108_0_7793 5488 7791 7793 -1 -1 2278 0.00108953
Chain
	Aln	46	-63dda390-ed88-4daa-8c83-895909233d4b 1 2305 2318 +edge_24_0_+disjointig_108_0_7793 1 2304 7793 -1 -1 2278 0.00108953
Chain
	Aln	335	+2560af52-c43a-4e75-9909-c0ed29c111b9 2 1605 3686 -edge_168_0_+disjointig_23_5372_12768 5794 7395 7396 -1 -1 1585 0
	Aln	335	+2560af52-c43a-4e75-9909-c0ed29c111b9 1611 3679 3686 -edge_168_1_+disjointig_23_12768_20169 5 2071 7401 -1 -1 2056 0.00273156
Chain
	Aln	334	-2560af52-c43a-4e75-9909-c0ed29c111b9 6 2074 3686 +edge_168_1_+disjointig_23_12768_20169 5329 7395 7401 -1 -1 2056 0.00273156
	Aln	334	-2560af52-c43a-4e75-9909-c0ed29c111b9 2080 3683 3686 +edge_168_0_+disjointig_23_5372_12768 0 1601 7396 -1 -1 1585 0
Chain
	Aln	13	+a6bdf28b-f1fc-44f7-8a31-2b6a7a559309 9 2051 2056 -edge_7_0_+disjointig_10_4743_23518 13744 15785 18775 -1 -1 2035 0.00149506
Chain
	Aln	12	-a6bdf28b-f1fc-44f7-8a31-2b6a7a559309 4 2046 2056 +edge_7_0_+disjointig_10_4743_23518 2989 5030 18775 -1 -1 2035 0.00149506
Chain
	Aln	148	+268226ad-9266-48c6-aed0-2f3932a37e54 22 4177 4182 +edge_75_0_+disjointig_22_0_7060 2 4130 7060 -1 -1 4012 0.00111685
Chain
	Aln	149	-268226ad-9266-48c6-aed0-2f3932a37e54 4 4159 4182 -edge_75_0_+disjointig_22_0_7060 2929 7057 7060 -1 -1 4012 0.00111685
Chain
	Aln	149	+dad72c8a-dbcf-488e-9877-86f55b41b94b 12 4143 4146 -edge_75_0_+disjointig_22_0_7060 2918 7057 7060 -1 -1 4077 0.000590818
Chain
	Aln	148	-dad72c8a-dbcf-488e-9877-86f55b41b94b 2 4133 4146 +edge_75_0_+disjointig_22_0_7060 2 4141 7060 -1 -1 4077 0.000590818
Chain
	Aln	312	+baac0b96-3327-43a0-9d5c-efaa3112ed8e 12419 19674 19677 +edge_157_0_+disjointig_95_0_18715 0 7262 18715 -1 -1 6986 0.00550045
Chain
	Aln	313	-baac0b96-3327-43a0-9d5c-efaa3112ed8e 2 7257 19677 -edge_157_0_+disjointig_95_0_18715 11452 18714 18715 -1 -1 6986 0.00550045
Chain
	Aln	129	+6a7e7d25-c38f-4dec-80db-8fe0c691894d 15 1347 1355 -edge_65_0_+disjointig_137_0_19597 8203 9543 19597 -1 -1 1181 0.0171625
Chain
	Aln	128	-6a7e7d25-c38f-4dec-80db-8fe0c691894d 7 1339 1355 +edge_65_0_+disjointig_137_0_19597 10053 11393 19597 -1 -1 1181 0.0171625
Chain
	Aln	324	+01ca8d4e-a5e3-4923-b791-f9f19ae887fd 12 19833 19851 +edge_163_0_+disjointig_115_0_36592 16775 36588 36592 -1 -1 19396 0.00276097
Chain
	Aln	325	-01ca8d4e-a5e3-4923-b791-f9f19ae887fd 17 19838 19851 -edge_163_0_+disjointig_115_0_36592 3 19816 36592 -1 -1 19396 0.00276097
Chain
	Aln	119	+05272046-ab27-4b9f-b867-69ccabd38007 16 12237 12509 -edge_60_0_+disjointig_132_0_12235 15 12234 12235 -1 -1 12052 0.00150966
Chain
	Aln	118	-05272046-ab27-4b9f-b867-69ccabd38007 271 12492 12509 +edge_60_0_+disjointig_132_0_12235 0 12219 12235 -1 -1 12052 0.00150966
Chain
	Aln	257	+cb84ba13-6a59-4c6c-a1f6-99e829767e85 11 9268 9275 -edge_129_0_+disjointig_66_0_27601 11291 20550 27601 -1 -1 9208 0.000862105
Chain
	Aln	256	-cb84ba13-6a59-4c6c-a1f6-99e829767e85 6 9263 9275 +edge_129_0_+disjointig_66_0_27601 7050 16309 27601 -1 -1 9208 0.000862105
Chain
	Aln	265	+3c492b48-4ccb-4158-bc5e-8da21deb3feb 41 6043 6054 -edge_133_0_+disjointig_7_0_18901 2978 8980 18901 -1 -1 5937 0.000674669
Chain
	Aln	264	-3c492b48-4ccb-4158-bc5e-8da21deb3feb 10 6012 6054 +edge_133_0_+disjointig_7_0_18901 9920 15922 18901 -1 -1 5937 0.000674669
Chain
	Aln	287	+b2570982-2aaa-4b51-82f0-5d649b9fcb34 715 5654 5661 -edge_144_0_+disjointig_80_0_4958 13 4951 4958 -1 -1 4830 0.00284359
Chain
	Aln	286	-b2570982-2aaa-4b51-82f0-5d649b9fcb34 6 4945 5661 +edge_144_0_+disjointig_80_0_4958 6 4944 4958 -1 -1 4830 0.00284359
Chain
	Aln	259	+512ab9e5-7b2e-4727-a252-eb449e0b3526 6 4463 4465 -edge_130_0_+disjointig_67_0_7895 3435 7893 7895 -1 -1 4446 0
Chain
	Aln	258	-512ab9e5-7b2e-4727-a252-eb449e0b3526 1 4458 4465 +edge_130_0_+disjointig_67_0_7895 1 4459 7895 -1 -1 4446 0
Chain
	Aln	303	+1f056f94-584d-487f-9baf-ef323e71e663 18 5584 5592 -edge_152_0_+disjointig_89_0_41706 16575 22139 41706 -1 -1 5556 0.000559778
Chain
	Aln	302	-1f056f94-584d-487f-9baf-ef323e71e663 7 5573 5592 +edge_152_0_+disjointig_89_0_41706 19566 25130 41706 -1 -1 5556 0.000559778
Chain
	Aln	302	+34cdd937-b068-4be8-a9b6-da2109585561 9 5544 5580 +edge_152_0_+disjointig_89_0_41706 19549 25096 41706 -1 -1 5385 0.00357185
Chain
	Aln	303	-34cdd937-b068-4be8-a9b6-da2109585561 35 5570 5580 -edge_152_0_+disjointig_89_0_41706 16609 22156 41706 -1 -1 5385 0.00357185
Chain
	Aln	335	+4364b662-e57e-4d3d-bead-c59836379295 0 2348 3674 -edge_168_0_+disjointig_23_5372_12768 5041 7395 7396 -1 -1 2286 0.00469981
	Aln	335	+4364b662-e57e-4d3d-bead-c59836379295 2354 3671 3674 -edge_168_0_+disjointig_23_5372_12768 5 1323 7396 -1 -1 1279 0.00391377
Chain
	Aln	334	-4364b662-e57e-4d3d-bead-c59836379295 2 1319 3674 +edge_168_0_+disjointig_23_5372_12768 6072 7390 7396 -1 -1 1279 0.00391377
	Aln	334	-4364b662-e57e-4d3d-bead-c59836379295 1325 3673 3674 +edge_168_0_+disjointig_23_5372_12768 0 2354 7396 -1 -1 2286 0.00469981
Chain
	Aln	243	+c2d76dda-c407-49ca-9668-5de19f487efd 4 4783 4785 -edge_122_0_+disjointig_6_0_4796 3 4794 4796 -1 -1 4670 0.00174928
Chain
	Aln	242	-c2d76dda-c407-49ca-9668-5de19f487efd 1 4780 4785 +edge_122_0_+disjointig_6_0_4796 1 4792 4796 -1 -1 4670 0.00174928
Chain
	Aln	5	+9731856b-ee3a-41b9-a523-b29c6ff5942e 10 1171 1274 -edge_3_4_+disjointig_16_34985_36165 17 1179 1180 -1 -1 1110 0.00686026
Chain
	Aln	4	-9731856b-ee3a-41b9-a523-b29c6ff5942e 102 1263 1274 +edge_3_4_+disjointig_16_34985_36165 0 1162 1180 -1 -1 1110 0.00686026
Chain
	Aln	302	+ec1e7b3d-fb09-476b-a425-e9e7e9015323 4 14402 14409 +edge_152_0_+disjointig_89_0_41706 8599 23008 41706 -1 -1 14105 0.00220031
Chain
	Aln	303	-ec1e7b3d-fb09-476b-a425-e9e7e9015323 6 14404 14409 -edge_152_0_+disjointig_89_0_41706 18697 33106 41706 -1 -1 14105 0.00220031
Chain
	Aln	216	+0bf9119f-eaec-4111-a008-b40f1909c45d 4652 9729 9733 +edge_109_0_+disjointig_48_0_5083 1 5080 5083 -1 -1 5036 0.00139111
Chain
	Aln	217	-0bf9119f-eaec-4111-a008-b40f1909c45d 3 5080 9733 -edge_109_0_+disjointig_48_0_5083 2 5081 5083 -1 -1 5036 0.00139111
Chain
	Aln	255	+dc864bed-7687-49b4-814f-274593b4bc05 1 6139 6141 -edge_128_0_+disjointig_65_0_8859 2717 8857 8859 -1 -1 6052 0.00195705
Chain
	Aln	254	-dc864bed-7687-49b4-814f-274593b4bc05 1 6139 6141 +edge_128_0_+disjointig_65_0_8859 1 6141 8859 -1 -1 6052 0.00195705
Chain
	Aln	77	+80a04e3f-2062-4219-af94-853633d7d7e7 1231 12074 12113 -edge_39_0_+disjointig_12_0_55869 41792 52621 55869 -1 -1 7710 0.0291299
Chain
	Aln	76	-80a04e3f-2062-4219-af94-853633d7d7e7 38 10881 12113 +edge_39_0_+disjointig_12_0_55869 3247 14076 55869 -1 -1 7710 0.0291299
Chain
	Aln	191	+068ddb0b-57ff-4b69-b5ac-ff0714d0db24 28 6116 10814 -edge_96_0_+disjointig_36_0_6049 27 6048 6049 -1 -1 5434 0.00911137
Chain
	Aln	190	-068ddb0b-57ff-4b69-b5ac-ff0714d0db24 4697 10785 10814 +edge_96_0_+disjointig_36_0_6049 0 6021 6049 -1 -1 5434 0.00911137
Chain
	Aln	279	+c2124821-77eb-4155-b722-ba8f702915df 13 3261 3844 -edge_140_0_+disjointig_76_0_13962 12 3259 13962 -1 -1 3243 0
Chain
	Aln	278	-c2124821-77eb-4155-b722-ba8f702915df 582 3830 3844 +edge_140_0_+disjointig_76_0_13962 10702 13949 13962 -1 -1 3243 0
Chain
	Aln	22	+5550a6c3-9a5e-41b1-8532-176e248c31a3 72 794 6078 +edge_12_2_+disjointig_58_20981_26441 4717 5453 5460 -1 -1 602 0.022365
	Aln	28	+5550a6c3-9a5e-41b1-8532-176e248c31a3 827 1913 6078 +edge_15_0_+disjointig_58_26441_27578 29 1128 1137 -1 -1 1027 0.00815879
	Aln	30	+5550a6c3-9a5e-41b1-8532-176e248c31a3 1929 5064 6078 +edge_16_1_+disjointig_58_27578_30852 7 3252 3274 -1 -1 2804 0.0125587
Chain
	Aln	31	-5550a6c3-9a5e-41b1-8532-176e248c31a3 1013 4148 6078 -edge_16_1_+disjointig_58_27578_30852 21 3266 3274 -1 -1 2804 0.0125587
	Aln	29	-5550a6c3-9a5e-41b1-8532-176e248c31a3 4164 5250 6078 -edge_15_0_+disjointig_58_26441_27578 8 1107 1137 -1 -1 1027 0.00815879
	Aln	23	-5550a6c3-9a5e-41b1-8532-176e248c31a3 5283 6005 6078 -edge_12_2_+disjointig_58_20981_26441 6 742 5460 -1 -1 602 0.022365
Chain
	Aln	102	+69862513-dd16-4b89-a981-5664e97ef1f5 19 5832 7510 +edge_52_0_+disjointig_128_0_9397 3581 9386 9397 -1 -1 5370 0.00848486
Chain
	Aln	103	-69862513-dd16-4b89-a981-5664e97ef1f5 1677 7490 7510 -edge_52_0_+disjointig_128_0_9397 10 5815 9397 -1 -1 5370 0.00848486
Chain
	Aln	23	+2f2e432a-8ced-4e2b-9919-299169e94ea3 5 1148 2155 -edge_12_1_-disjointig_30_6868_12437 4426 5568 5569 -1 -1 1133 0.00193702
Chain
	Aln	22	-2f2e432a-8ced-4e2b-9919-299169e94ea3 1006 2149 2155 +edge_12_1_-disjointig_30_6868_12437 0 1142 5569 -1 -1 1133 0.00193702
Chain
	Aln	180	+251a8279-d57f-418c-8c5f-d5693400153a 3703 4869 6006 +edge_91_1_+disjointig_88_15650_16832 9 1175 1182 -1 -1 1159 0.00370014
Chain
	Aln	181	-251a8279-d57f-418c-8c5f-d5693400153a 1136 2302 6006 -edge_91_1_+disjointig_88_15650_16832 6 1172 1182 -1 -1 1159 0.00370014
Chain
	Aln	23	+24667461-7cd4-42df-887f-994b3da4812e 3693 9245 11232 -edge_12_1_-disjointig_30_6868_12437 13 5568 5569 -1 -1 5506 0.00169566
Chain
	Aln	22	-24667461-7cd4-42df-887f-994b3da4812e 1986 7538 11232 +edge_12_1_-disjointig_30_6868_12437 0 5555 5569 -1 -1 5506 0.00169566
Chain
	Aln	337	+e4f52498-8032-4a24-bef7-d4720cbc66a9 3578 6758 6764 -edge_169_0_+disjointig_54_0_10168 6 3190 10168 -1 -1 2720 0.0178611
Chain
	Aln	336	-e4f52498-8032-4a24-bef7-d4720cbc66a9 5 3185 6764 +edge_169_0_+disjointig_54_0_10168 6977 10161 10168 -1 -1 2720 0.0178611
Chain
	Aln	336	+acfacf93-945d-4c04-bfd9-7629c974d84d 9 9587 13027 +edge_169_0_+disjointig_54_0_10168 583 10163 10168 -1 -1 9510 0.000422848
Chain
	Aln	337	-acfacf93-945d-4c04-bfd9-7629c974d84d 3439 13017 13027 -edge_169_0_+disjointig_54_0_10168 4 9584 10168 -1 -1 9510 0.000422848
Chain
	Aln	31	+e1ba2c1d-0e60-4810-a217-c2cb402e0345 2362 5624 8765 -edge_16_1_+disjointig_58_27578_30852 13 3273 3274 -1 -1 3255 0.000589992
	Aln	29	+e1ba2c1d-0e60-4810-a217-c2cb402e0345 5636 6761 8765 -edge_15_0_+disjointig_58_26441_27578 11 1136 1137 -1 -1 1114 0.00371176
	Aln	23	+e1ba2c1d-0e60-4810-a217-c2cb402e0345 6773 8758 8765 -edge_12_2_+disjointig_58_20981_26441 11 1995 5460 -1 -1 1983 0.00250398
Chain
	Aln	22	-e1ba2c1d-0e60-4810-a217-c2cb402e0345 6 1991 8765 +edge_12_2_+disjointig_58_20981_26441 3464 5448 5460 -1 -1 1983 0.00250398
	Aln	28	-e1ba2c1d-0e60-4810-a217-c2cb402e0345 2003 3128 8765 +edge_15_0_+disjointig_58_26441_27578 0 1125 1137 -1 -1 1114 0.00371176
	Aln	30	-e1ba2c1d-0e60-4810-a217-c2cb402e0345 3140 6402 8765 +edge_16_1_+disjointig_58_27578_30852 0 3260 3274 -1 -1 3255 0.000589992
Chain
	Aln	22	+8b88b710-6b15-4bd6-ad6e-a58b22467442 8837 14383 20867 +edge_12_1_-disjointig_30_6868_12437 14 5562 5569 -1 -1 5455 0.00216643
	Aln	28	+8b88b710-6b15-4bd6-ad6e-a58b22467442 14392 15511 20867 +edge_15_0_+disjointig_58_26441_27578 9 1128 1137 -1 -1 1119 0.00217801
	Aln	30	+8b88b710-6b15-4bd6-ad6e-a58b22467442 15527 18780 20867 +edge_16_1_+disjointig_58_27578_30852 7 3260 3274 -1 -1 3230 0.00113681
Chain
	Aln	31	-8b88b710-6b15-4bd6-ad6e-a58b22467442 2086 5339 20867 -edge_16_1_+disjointig_58_27578_30852 13 3266 3274 -1 -1 3230 0.00113681
	Aln	29	-8b88b710-6b15-4bd6-ad6e-a58b22467442 5355 6474 20867 -edge_15_0_+disjointig_58_26441_27578 8 1127 1137 -1 -1 1119 0.00217801
	Aln	23	-8b88b710-6b15-4bd6-ad6e-a58b22467442 6483 12029 20867 -edge_12_1_-disjointig_30_6868_12437 6 5554 5569 -1 -1 5455 0.00216643
Chain
	Aln	336	+fab360b7-6bd9-4041-b966-48d484055c55 19 990 26026 +edge_169_0_+disjointig_54_0_10168 9192 10163 10168 -1 -1 826 0.0209398
Chain
	Aln	337	-fab360b7-6bd9-4041-b966-48d484055c55 25035 26006 26026 -edge_169_0_+disjointig_54_0_10168 4 975 10168 -1 -1 826 0.0209398
Chain
	Aln	23	+54a63125-8de7-418b-9c67-d68c1bd91f97 1386 6943 13814 -edge_12_1_-disjointig_30_6868_12437 13 5568 5569 -1 -1 5478 0.00201896
Chain
	Aln	22	-54a63125-8de7-418b-9c67-d68c1bd91f97 6870 12427 13814 +edge_12_1_-disjointig_30_6868_12437 0 5555 5569 -1 -1 5478 0.00201896
Chain
	Aln	180	+d71fbb9f-03b2-4cd6-ba39-e5785b3695fb 15707 16873 25867 +edge_91_1_+disjointig_88_15650_16832 9 1175 1182 -1 -1 1161 0.00310894
Chain
	Aln	181	-d71fbb9f-03b2-4cd6-ba39-e5785b3695fb 8993 10159 25867 -edge_91_1_+disjointig_88_15650_16832 6 1172 1182 -1 -1 1161 0.00310894
Chain
	Aln	4	+6b93b8b2-6d86-489f-bd1c-1c634857ea29 26 1196 3188 +edge_3_4_+disjointig_16_34985_36165 3 1173 1180 -1 -1 1163 0.00301701
Chain
	Aln	12	+6b93b8b2-6d86-489f-bd1c-1c634857ea29 1208 3184 3188 +edge_7_0_+disjointig_10_4743_23518 5 1981 18775 -1 -1 1976 0.00105169
Chain
	Aln	13	-6b93b8b2-6d86-489f-bd1c-1c634857ea29 3 1979 3188 -edge_7_0_+disjointig_10_4743_23518 16793 18769 18775 -1 -1 1976 0.00105169
Chain
	Aln	5	-6b93b8b2-6d86-489f-bd1c-1c634857ea29 1991 3161 3188 -edge_3_4_+disjointig_16_34985_36165 6 1176 1180 -1 -1 1163 0.00301701
Chain
	Aln	7	+35f1fc4e-cc94-48d2-a1a5-22e5f3e636c4 3 694 6144 -edge_4_0_+disjointig_16_22162_22859 6 696 697 -1 -1 681 0
Chain
	Aln	4	+35f1fc4e-cc94-48d2-a1a5-22e5f3e636c4 702 1865 6144 +edge_3_2_+disjointig_16_26729_27906 8 1170 1177 -1 -1 1162 0.00266402
Chain
	Aln	5	-35f1fc4e-cc94-48d2-a1a5-22e5f3e636c4 4278 5441 6144 -edge_3_2_+disjointig_16_26729_27906 6 1168 1177 -1 -1 1162 0.00266402
Chain
	Aln	6	-35f1fc4e-cc94-48d2-a1a5-22e5f3e636c4 5449 6140 6144 +edge_4_0_+disjointig_16_22162_22859 0 690 697 -1 -1 681 0
Chain
	Aln	10	+2e961d9a-6d79-44cf-b82c-20a1cd2b17bd 8 3538 5084 +edge_6_0_-disjointig_16_11248_15118 335 3868 3870 -1 -1 3419 0.00330374
	Aln	7	+2e961d9a-6d79-44cf-b82c-20a1cd2b17bd 3547 4239 5084 -edge_4_0_+disjointig_16_22162_22859 6 696 697 -1 -1 657 0.000537617
Chain
	Aln	4	+2e961d9a-6d79-44cf-b82c-20a1cd2b17bd 4247 5077 5084 +edge_3_1_-disjointig_16_15815_16711 8 838 896 -1 -1 823 0.00326081
Chain
	Aln	5	-2e961d9a-6d79-44cf-b82c-20a1cd2b17bd 6 836 5084 -edge_3_1_-disjointig_16_15815_16711 57 887 896 -1 -1 823 0.00326081
Chain
	Aln	6	-2e961d9a-6d79-44cf-b82c-20a1cd2b17bd 844 1536 5084 +edge_4_0_+disjointig_16_22162_22859 0 690 697 -1 -1 657 0.000537617
	Aln	11	-2e961d9a-6d79-44cf-b82c-20a1cd2b17bd 1545 5075 5084 -edge_6_0_-disjointig_16_11248_15118 1 3534 3870 -1 -1 3419 0.00330374
Chain
	Aln	13	+cf340947-c033-4b7c-81e5-b6f7c3852cac 6 11738 14927 -edge_7_0_+disjointig_10_4743_23518 7008 18774 18775 -1 -1 11335 0.00331864
Chain
	Aln	5	+cf340947-c033-4b7c-81e5-b6f7c3852cac 11750 12916 14927 -edge_3_4_+disjointig_16_34985_36165 11 1179 1180 -1 -1 1101 0.00811456
Chain
	Aln	3	+cf340947-c033-4b7c-81e5-b6f7c3852cac 12940 14912 14927 -edge_2_0_+disjointig_10_0_3566 27 2002 3566 -1 -1 1905 0.00447296
Chain
	Aln	2	-cf340947-c033-4b7c-81e5-b6f7c3852cac 14 1986 14927 +edge_2_0_+disjointig_10_0_3566 1563 3538 3566 -1 -1 1905 0.00447296
Chain
	Aln	4	-cf340947-c033-4b7c-81e5-b6f7c3852cac 2010 3176 14927 +edge_3_4_+disjointig_16_34985_36165 0 1168 1180 -1 -1 1101 0.00811456
Chain
	Aln	12	-cf340947-c033-4b7c-81e5-b6f7c3852cac 3188 14920 14927 +edge_7_0_+disjointig_10_4743_23518 0 11766 18775 -1 -1 11335 0.00331864
Chain
	Aln	11	+22cb8af5-06e9-48a0-ab82-709cf56192d5 1 2749 11898 -edge_6_0_-disjointig_16_11248_15118 1122 3869 3870 -1 -1 2723 0
Chain
	Aln	4	+22cb8af5-06e9-48a0-ab82-709cf56192d5 2749 3919 11898 +edge_3_4_+disjointig_16_34985_36165 3 1173 1180 -1 -1 1164 0.00331039
Chain
	Aln	322	+22cb8af5-06e9-48a0-ab82-709cf56192d5 3934 7084 11898 +edge_162_0_+disjointig_16_27906_31669 8 3143 3763 -1 -1 3080 0.00260041
Chain
	Aln	5	+22cb8af5-06e9-48a0-ab82-709cf56192d5 8934 10097 11898 -edge_3_2_+disjointig_16_26729_27906 11 1176 1177 -1 -1 1129 0.00576694
Chain
	Aln	6	+22cb8af5-06e9-48a0-ab82-709cf56192d5 10098 10788 11898 +edge_4_0_+disjointig_16_22162_22859 1 691 697 -1 -1 690 0
	Aln	11	+22cb8af5-06e9-48a0-ab82-709cf56192d5 10796 11891 11898 -edge_6_0_-disjointig_16_11248_15118 1 1099 3870 -1 -1 1030 0.00676065
Chain
	Aln	323	-22cb8af5-06e9-48a0-ab82-709cf56192d5 4813 7963 11898 -edge_162_0_+disjointig_16_27906_31669 619 3754 3763 -1 -1 3080 0.00260041
Chain
	Aln	5	-22cb8af5-06e9-48a0-ab82-709cf56192d5 7978 9148 11898 -edge_3_4_+disjointig_16_34985_36165 6 1176 1180 -1 -1 1164 0.00331039
Chain
	Aln	10	-22cb8af5-06e9-48a0-ab82-709cf56192d5 9148 11896 11898 +edge_6_0_-disjointig_16_11248_15118 0 2747 3870 -1 -1 2723 0
Chain
	Aln	10	-22cb8af5-06e9-48a0-ab82-709cf56192d5 6 1101 11898 +edge_6_0_-disjointig_16_11248_15118 2770 3868 3870 -1 -1 1030 0.00676065
	Aln	7	-22cb8af5-06e9-48a0-ab82-709cf56192d5 1109 1799 11898 -edge_4_0_+disjointig_16_22162_22859 5 695 697 -1 -1 690 0
Chain
	Aln	4	-22cb8af5-06e9-48a0-ab82-709cf56192d5 1800 2963 11898 +edge_3_2_+disjointig_16_26729_27906 0 1165 1177 -1 -1 1129 0.00576694
Chain
	Aln	15	+c7e319f7-19af-459a-8d7b-42439a804ca7 7 11820 20421 -edge_8_0_-disjointig_16_16711_37977 9448 21265 21266 -1 -1 11704 0.000913765
Chain
	Aln	5	+c7e319f7-19af-459a-8d7b-42439a804ca7 11827 12716 20421 -edge_3_3_-disjointig_16_5236_6308 183 1071 1072 -1 -1 888 0.00252822
Chain
	Aln	6	+c7e319f7-19af-459a-8d7b-42439a804ca7 12717 13407 20421 +edge_4_0_+disjointig_16_22162_22859 1 691 697 -1 -1 690 0
	Aln	11	+c7e319f7-19af-459a-8d7b-42439a804ca7 13419 17281 20421 -edge_6_0_-disjointig_16_11248_15118 5 3869 3870 -1 -1 3835 0
Chain
	Aln	4	+c7e319f7-19af-459a-8d7b-42439a804ca7 17281 18451 20421 +edge_3_4_+disjointig_16_34985_36165 3 1173 1180 -1 -1 1163 0.00331039
Chain
	Aln	322	+c7e319f7-19af-459a-8d7b-42439a804ca7 18458 20413 20421 +edge_162_0_+disjointig_16_27906_31669 0 1953 3763 -1 -1 1943 0.000928124
Chain
	Aln	323	-c7e319f7-19af-459a-8d7b-42439a804ca7 7 1962 20421 -edge_162_0_+disjointig_16_27906_31669 1809 3762 3763 -1 -1 1943 0.000928124
Chain
	Aln	5	-c7e319f7-19af-459a-8d7b-42439a804ca7 1969 3139 20421 -edge_3_4_+disjointig_16_34985_36165 6 1176 1180 -1 -1 1163 0.00331039
Chain
	Aln	10	-c7e319f7-19af-459a-8d7b-42439a804ca7 3139 7001 20421 +edge_6_0_-disjointig_16_11248_15118 0 3864 3870 -1 -1 3835 0
	Aln	7	-c7e319f7-19af-459a-8d7b-42439a804ca7 7013 7703 20421 -edge_4_0_+disjointig_16_22162_22859 5 695 697 -1 -1 690 0
Chain
	Aln	4	-c7e319f7-19af-459a-8d7b-42439a804ca7 7704 8593 20421 +edge_3_3_-disjointig_16_5236_6308 0 888 1072 -1 -1 888 0.00252822
Chain
	Aln	14	-c7e319f7-19af-459a-8d7b-42439a804ca7 8600 20413 20421 +edge_8_0_-disjointig_16_16711_37977 0 11817 21266 -1 -1 11704 0.000913765
Chain
	Aln	323	+615cda5d-6255-4319-a058-82dfa2794517 3012 6155 11889 -edge_162_0_+disjointig_16_27906_31669 619 3749 3763 -1 -1 3066 0.00279425
Chain
	Aln	5	+615cda5d-6255-4319-a058-82dfa2794517 6180 7349 11889 -edge_3_4_+disjointig_16_34985_36165 11 1179 1180 -1 -1 1162 0.00355495
Chain
	Aln	10	+615cda5d-6255-4319-a058-82dfa2794517 7347 11208 11889 +edge_6_0_-disjointig_16_11248_15118 1 3868 3870 -1 -1 3827 0
	Aln	7	+615cda5d-6255-4319-a058-82dfa2794517 11217 11882 11889 -edge_4_0_+disjointig_16_22162_22859 6 674 697 -1 -1 642 0.00187937
Chain
	Aln	6	-615cda5d-6255-4319-a058-82dfa2794517 6 671 11889 +edge_4_0_+disjointig_16_22162_22859 22 690 697 -1 -1 642 0.00187937
	Aln	11	-615cda5d-6255-4319-a058-82dfa2794517 680 4541 11889 -edge_6_0_-disjointig_16_11248_15118 1 3868 3870 -1 -1 3827 0
Chain
	Aln	4	-615cda5d-6255-4319-a058-82dfa2794517 4539 5708 11889 +edge_3_4_+disjointig_16_34985_36165 0 1168 1180 -1 -1 1162 0.00355495
Chain
	Aln	322	-615cda5d-6255-4319-a058-82dfa2794517 5733 8876 11889 +edge_162_0_+disjointig_16_27906_31669 13 3143 3763 -1 -1 3066 0.00279425
Chain
	Aln	323	+c0199056-e753-4f16-b328-fe66e0dfbb92 7 965 7160 -edge_162_0_+disjointig_16_27906_31669 2808 3762 3763 -1 -1 940 0.00541693
Chain
	Aln	5	+c0199056-e753-4f16-b328-fe66e0dfbb92 977 2146 7160 -edge_3_4_+disjointig_16_34985_36165 11 1179 1180 -1 -1 1159 0.00355495
Chain
	Aln	10	+c0199056-e753-4f16-b328-fe66e0dfbb92 2170 6015 7160 +edge_6_0_-disjointig_16_11248_15118 23 3868 3870 -1 -1 3792 0.00070763
	Aln	7	+c0199056-e753-4f16-b328-fe66e0dfbb92 6024 6714 7160 -edge_4_0_+disjointig_16_22162_22859 6 696 697 -1 -1 690 0
Chain
	Aln	4	+c0199056-e753-4f16-b328-fe66e0dfbb92 6722 7155 7160 +edge_3_1_-disjointig_16_15815_16711 8 441 896 -1 -1 433 0.00332398
Chain
	Aln	5	-c0199056-e753-4f16-b328-fe66e0dfbb92 4 437 7160 -edge_3_1_-disjointig_16_15815_16711 454 887 896 -1 -1 433 0.00332398
Chain
	Aln	6	-c0199056-e753-4f16-b328-fe66e0dfbb92 445 1135 7160 +edge_4_0_+disjointig_16_22162_22859 0 690 697 -1 -1 690 0
	Aln	11	-c0199056-e753-4f16-b328-fe66e0dfbb92 1144 4989 7160 -edge_6_0_-disjointig_16_11248_15118 1 3846 3870 -1 -1 3792 0.00070763
Chain
	Aln	4	-c0199056-e753-4f16-b328-fe66e0dfbb92 5013 6182 7160 +edge_3_4_+disjointig_16_34985_36165 0 1168 1180 -1 -1 1159 0.00355495
Chain
	Aln	322	-c0199056-e753-4f16-b328-fe66e0dfbb92 6194 7152 7160 +edge_162_0_+disjointig_16_27906_31669 0 954 3763 -1 -1 940 0.00541693
Chain
	Aln	5	+34fca847-2572-4095-854e-b4bb7c9c14a4 12 630 23531 -edge_3_4_+disjointig_16_34985_36165 561 1179 1180 -1 -1 618 0.00311085
Chain
	Aln	10	+34fca847-2572-4095-854e-b4bb7c9c14a4 628 4495 23531 +edge_6_0_-disjointig_16_11248_15118 1 3868 3870 -1 -1 3839 0.000193173
	Aln	7	+34fca847-2572-4095-854e-b4bb7c9c14a4 4504 5194 23531 -edge_4_1_+disjointig_16_32741_33438 6 696 697 -1 -1 690 0
Chain
	Aln	4	+34fca847-2572-4095-854e-b4bb7c9c14a4 5202 6363 23531 +edge_3_2_+disjointig_16_26729_27906 8 1170 1177 -1 -1 1154 0.00320165
Chain
	Aln	5	-34fca847-2572-4095-854e-b4bb7c9c14a4 17167 18328 23531 -edge_3_2_+disjointig_16_26729_27906 6 1168 1177 -1 -1 1154 0.00320165
Chain
	Aln	6	-34fca847-2572-4095-854e-b4bb7c9c14a4 18336 19026 23531 +edge_4_1_+disjointig_16_32741_33438 0 690 697 -1 -1 690 0
	Aln	11	-34fca847-2572-4095-854e-b4bb7c9c14a4 19035 22902 23531 -edge_6_0_-disjointig_16_11248_15118 1 3868 3870 -1 -1 3839 0.000193173
Chain
	Aln	4	-34fca847-2572-4095-854e-b4bb7c9c14a4 22900 23518 23531 +edge_3_4_+disjointig_16_34985_36165 0 618 1180 -1 -1 618 0.00311085
Chain
	Aln	323	+e6a0d376-6b87-48cc-aa44-9a9858f64004 9 1528 3208 -edge_162_0_+disjointig_16_27906_31669 2248 3762 3763 -1 -1 1503 0.00211252
Chain
	Aln	5	+e6a0d376-6b87-48cc-aa44-9a9858f64004 1540 2698 3208 -edge_3_2_+disjointig_16_26729_27906 11 1168 1177 -1 -1 1137 0.00479968
Chain
	Aln	4	-e6a0d376-6b87-48cc-aa44-9a9858f64004 509 1667 3208 +edge_3_2_+disjointig_16_26729_27906 8 1165 1177 -1 -1 1137 0.00479968
Chain
	Aln	322	-e6a0d376-6b87-48cc-aa44-9a9858f64004 1679 3198 3208 +edge_162_0_+disjointig_16_27906_31669 0 1514 3763 -1 -1 1503 0.00211252
Chain
	Aln	7	+0ece0584-4095-4f76-8935-6b0f182638c0 11 142 14758 -edge_4_0_+disjointig_16_22162_22859 565 696 697 -1 -1 131 0.00173754
Chain
	Aln	4	+0ece0584-4095-4f76-8935-6b0f182638c0 150 1036 14758 +edge_3_3_-disjointig_16_5236_6308 8 895 1072 -1 -1 840 0.00758354
Chain
	Aln	14	+0ece0584-4095-4f76-8935-6b0f182638c0 1037 14740 14758 +edge_8_0_-disjointig_16_16711_37977 1 13705 21266 -1 -1 13485 0.00120324
Chain
	Aln	15	-0ece0584-4095-4f76-8935-6b0f182638c0 17 13720 14758 -edge_8_0_-disjointig_16_16711_37977 7560 21264 21266 -1 -1 13485 0.00120324
Chain
	Aln	5	-0ece0584-4095-4f76-8935-6b0f182638c0 13721 14607 14758 -edge_3_3_-disjointig_16_5236_6308 176 1063 1072 -1 -1 840 0.00758354
Chain
	Aln	6	-0ece0584-4095-4f76-8935-6b0f182638c0 14615 14746 14758 +edge_4_0_+disjointig_16_22162_22859 0 131 697 -1 -1 131 0.00173754
Chain
	Aln	4	+a6a44849-3cc4-4de4-bdb8-ab301ef17446 10 810 3966 +edge_3_2_+disjointig_16_26729_27906 369 1170 1177 -1 -1 752 0.0115631
Chain
	Aln	322	+a6a44849-3cc4-4de4-bdb8-ab301ef17446 825 3951 3966 +edge_162_0_+disjointig_16_27906_31669 8 3133 3763 -1 -1 3051 0.00269268
Chain
	Aln	323	-a6a44849-3cc4-4de4-bdb8-ab301ef17446 14 3140 3966 -edge_162_0_+disjointig_16_27906_31669 629 3754 3763 -1 -1 3051 0.00269268
Chain
	Aln	5	-a6a44849-3cc4-4de4-bdb8-ab301ef17446 3155 3955 3966 -edge_3_2_+disjointig_16_26729_27906 6 807 1177 -1 -1 752 0.0115631
Chain
	Aln	5	+c35135f9-2c06-48ee-8425-b915c2f0adaa 4 938 3843 -edge_3_4_+disjointig_16_34985_36165 247 1179 1180 -1 -1 883 0.0058161
Chain
	Aln	10	+c35135f9-2c06-48ee-8425-b915c2f0adaa 936 3841 3843 +edge_6_0_-disjointig_16_11248_15118 1 2908 3870 -1 -1 2878 0.000301792
Chain
	Aln	11	-c35135f9-2c06-48ee-8425-b915c2f0adaa 1 2906 3843 -edge_6_0_-disjointig_16_11248_15118 961 3868 3870 -1 -1 2878 0.000301792
Chain
	Aln	4	-c35135f9-2c06-48ee-8425-b915c2f0adaa 2904 3838 3843 +edge_3_4_+disjointig_16_34985_36165 0 932 1180 -1 -1 883 0.0058161
Chain
	Aln	23	+e0122eb1-aa04-4603-8804-86cd734d3b9a 4 3884 13663 -edge_12_1_-disjointig_30_6868_12437 1691 5568 5569 -1 -1 3834 0.00210319
Chain
	Aln	21	+e0122eb1-aa04-4603-8804-86cd734d3b9a 3892 13651 13663 -edge_11_0_+disjointig_100_0_13557 10 9767 13557 -1 -1 9409 0.00452906
Chain
	Aln	20	-e0122eb1-aa04-4603-8804-86cd734d3b9a 11 9770 13663 +edge_11_0_+disjointig_100_0_13557 3789 13546 13557 -1 -1 9409 0.00452906
Chain
	Aln	22	-e0122eb1-aa04-4603-8804-86cd734d3b9a 9778 13658 13663 +edge_12_1_-disjointig_30_6868_12437 0 3877 5569 -1 -1 3834 0.00210319
Chain
	Aln	23	+5472ac99-d2cd-4d08-94a4-f6bc596b3aa7 17 2109 3647 -edge_12_0_+disjointig_100_13557_19129 3479 5571 5572 -1 -1 2092 4.80428e-05
Chain
	Aln	21	+5472ac99-d2cd-4d08-94a4-f6bc596b3aa7 2120 3634 3647 -edge_11_0_+disjointig_100_0_13557 10 1521 13557 -1 -1 1475 0.00629494
Chain
	Aln	20	-5472ac99-d2cd-4d08-94a4-f6bc596b3aa7 12 1526 3647 +edge_11_0_+disjointig_100_0_13557 12035 13546 13557 -1 -1 1475 0.00629494
Chain
	Aln	22	-5472ac99-d2cd-4d08-94a4-f6bc596b3aa7 1537 3629 3647 +edge_12_0_+disjointig_100_13557_19129 0 2092 5572 -1 -1 2092 4.80428e-05
Chain
	Aln	89	+8af5adde-b2c9-446a-abab-902d65b26d0f 4237 6362 22839 -edge_45_1_+disjointig_122_10021_12161 11 2139 2140 -1 -1 2092 0.00262882
	Aln	89	+8af5adde-b2c9-446a-abab-902d65b26d0f 6364 8503 22839 -edge_45_0_+disjointig_122_7877_10021 1 2143 2144 -1 -1 2070 0.00596454
Chain
	Aln	87	+8af5adde-b2c9-446a-abab-902d65b26d0f 8515 16377 22839 -edge_44_0_+disjointig_122_0_7877 11 7876 7877 -1 -1 7831 0.000343238
Chain
	Aln	86	-8af5adde-b2c9-446a-abab-902d65b26d0f 6461 14323 22839 +edge_44_0_+disjointig_122_0_7877 0 7865 7877 -1 -1 7831 0.000343238
Chain
	Aln	88	-8af5adde-b2c9-446a-abab-902d65b26d0f 14335 16474 22839 +edge_45_0_+disjointig_122_7877_10021 0 2142 2144 -1 -1 2070 0.00596454
	Aln	88	-8af5adde-b2c9-446a-abab-902d65b26d0f 16476 18601 22839 +edge_45_1_+disjointig_122_10021_12161 0 2128 2140 -1 -1 2092 0.00262882
