[2026-02-20 17:30:10] root: INFO: Starting Flye 2.9.6-b1802
[2026-02-20 17:30:10] root: DEBUG: Cmd: /data/softs/Miniforge3-25.11.0-0/envs/flye-2.9.6/bin/flye --meta --nano-hq /scratch/ky/characterization/FASTQ/SQK-RBK114-96_barcode30.fastq -o /scratch/ky/characterization/results/barcode30/assembly/ -t 16
[2026-02-20 17:30:10] root: DEBUG: Python version: 3.12.12 | packaged by conda-forge | (main, Jan 26 2026, 23:51:32) [GCC 14.3.0]
[2026-02-20 17:30:10] root: INFO: >>>STAGE: configure
[2026-02-20 17:30:10] root: INFO: Configuring run
[2026-02-20 17:30:13] root: INFO: Total read length: 1090220540
[2026-02-20 17:30:13] root: INFO: Reads N50/N90: 9355 / 2308
[2026-02-20 17:30:13] root: INFO: Minimum overlap set to 2000
[2026-02-20 17:30:14] root: INFO: >>>STAGE: assembly
[2026-02-20 17:30:14] root: INFO: Assembling disjointigs
[2026-02-20 17:30:14] root: DEBUG: -----Begin assembly log------
[2026-02-20 17:30:14] root: DEBUG: Running: flye-modules assemble --reads /scratch/ky/characterization/FASTQ/SQK-RBK114-96_barcode30.fastq --out-asm /scratch/ky/characterization/results/barcode30/assembly/00-assembly/draft_assembly.fasta --config /data/softs/Miniforge3-25.11.0-0/envs/flye-2.9.6/lib/python3.12/site-packages/flye/config/bin_cfg/asm_nano_hq.cfg --log /scratch/ky/characterization/results/barcode30/assembly/flye.log --threads 16 --meta --min-ovlp 2000
[2026-02-20 17:30:14] DEBUG: Build date: May  4 2025 23:17:52
[2026-02-20 17:30:14] DEBUG: Total RAM: 251 Gb
[2026-02-20 17:30:14] DEBUG: Available RAM: 245 Gb
[2026-02-20 17:30:14] DEBUG: Total CPUs: 32
[2026-02-20 17:30:14] DEBUG: Loading /data/softs/Miniforge3-25.11.0-0/envs/flye-2.9.6/lib/python3.12/site-packages/flye/config/bin_cfg/asm_nano_hq.cfg
[2026-02-20 17:30:14] DEBUG: Loading /data/softs/Miniforge3-25.11.0-0/envs/flye-2.9.6/lib/python3.12/site-packages/flye/config/bin_cfg/asm_defaults.cfg
[2026-02-20 17:30:14] DEBUG: 	big_genome_threshold=29000000
[2026-02-20 17:30:14] DEBUG: 	meta_read_filter_kmer_freq=100
[2026-02-20 17:30:14] DEBUG: 	chain_large_gap_penalty=2
[2026-02-20 17:30:14] DEBUG: 	chain_small_gap_penalty=0.5
[2026-02-20 17:30:14] DEBUG: 	chain_gap_jump_threshold=100
[2026-02-20 17:30:14] DEBUG: 	max_jump_gap=500
[2026-02-20 17:30:14] DEBUG: 	max_coverage_drop_rate=5
[2026-02-20 17:30:14] DEBUG: 	max_extensions_drop_rate=5
[2026-02-20 17:30:14] DEBUG: 	chimera_window=100
[2026-02-20 17:30:14] DEBUG: 	chimera_overhang=1000
[2026-02-20 17:30:14] DEBUG: 	min_reads_in_disjointig=4
[2026-02-20 17:30:14] DEBUG: 	max_inner_reads=10
[2026-02-20 17:30:14] DEBUG: 	max_inner_fraction=0.25
[2026-02-20 17:30:14] DEBUG: 	aggressive_dup_filter=1
[2026-02-20 17:30:14] DEBUG: 	max_separation=500
[2026-02-20 17:30:14] DEBUG: 	unique_edge_length=50000
[2026-02-20 17:30:14] DEBUG: 	min_repeat_res_support=0.51
[2026-02-20 17:30:14] DEBUG: 	out_paths_ratio=5
[2026-02-20 17:30:14] DEBUG: 	graph_cov_drop_rate=5
[2026-02-20 17:30:14] DEBUG: 	coverage_estimate_window=100
[2026-02-20 17:30:14] DEBUG: 	max_bubble_length=50000
[2026-02-20 17:30:14] DEBUG: 	loop_coverage_rate=1.5
[2026-02-20 17:30:14] DEBUG: 	repeat_edge_cov_mult=1.75
[2026-02-20 17:30:14] DEBUG: 	weak_detach_rate=5
[2026-02-20 17:30:14] DEBUG: 	tip_coverage_rate=2
[2026-02-20 17:30:14] DEBUG: 	tip_length_rate=2
[2026-02-20 17:30:14] DEBUG: 	output_gfa_before_rr=1
[2026-02-20 17:30:14] DEBUG: 	remove_alt_edges=0
[2026-02-20 17:30:14] DEBUG: 	low_cutoff_warning=0
[2026-02-20 17:30:14] DEBUG: 	kmer_size=17
[2026-02-20 17:30:14] DEBUG: 	use_minimizers=1
[2026-02-20 17:30:14] DEBUG: 	minimizer_window=10
[2026-02-20 17:30:14] DEBUG: 	reads_base_alignment=1
[2026-02-20 17:30:14] DEBUG: 	meta_read_top_kmer_rate=0.75
[2026-02-20 17:30:14] DEBUG: 	maximum_jump=1500
[2026-02-20 17:30:14] DEBUG: 	maximum_overhang=1500
[2026-02-20 17:30:14] DEBUG: 	repeat_kmer_rate=100
[2026-02-20 17:30:14] DEBUG: 	assemble_ovlp_divergence=0.03
[2026-02-20 17:30:14] DEBUG: 	assemble_divergence_relative=1
[2026-02-20 17:30:14] DEBUG: 	repeat_graph_ovlp_divergence=0.03
[2026-02-20 17:30:14] DEBUG: 	read_align_ovlp_divergence=0.10
[2026-02-20 17:30:14] DEBUG: 	hpc_scoring_on=1
[2026-02-20 17:30:14] DEBUG: 	add_unassembled_reads=0
[2026-02-20 17:30:14] DEBUG: 	extend_contigs_with_repeats=0
[2026-02-20 17:30:14] DEBUG: 	min_read_cov_cutoff=3
[2026-02-20 17:30:14] DEBUG: 	short_tip_length=20000
[2026-02-20 17:30:14] DEBUG: 	long_tip_length=100000
[2026-02-20 17:30:14] DEBUG: Running with k-mer size: 17
[2026-02-20 17:30:14] DEBUG: Running with minimum overlap 2000
[2026-02-20 17:30:14] DEBUG: Metagenome mode: Y
[2026-02-20 17:30:14] DEBUG: Short mode: N
[2026-02-20 17:30:14] INFO: Reading sequences
[2026-02-20 17:30:16] DEBUG: Building positional index
[2026-02-20 17:30:16] DEBUG: Total sequence: 1000741965 bp
[2026-02-20 17:30:16] INFO: Building minimizer index
[2026-02-20 17:30:16] INFO: Pre-calculating index storage
[2026-02-20 17:30:22] DEBUG: Mean k-mer frequency: 19.6545
[2026-02-20 17:30:22] DEBUG: Repetitive k-mer frequency: 1965
[2026-02-20 17:30:22] DEBUG: Filtered 331218 repetitive k-mers (0.00182553)
[2026-02-20 17:30:22] INFO: Filling index
[2026-02-20 17:30:28] DEBUG: Sorting k-mer index
[2026-02-20 17:30:29] DEBUG: Selected k-mers: 9231274
[2026-02-20 17:30:29] DEBUG: K-mer index size: 181105328
[2026-02-20 17:30:29] DEBUG: Mean k-mer frequency: 19.6187
[2026-02-20 17:30:29] DEBUG: Minimizer rate: 5.52575
[2026-02-20 17:30:29] DEBUG: Peak RAM usage: 1 Gb
[2026-02-20 17:30:29] DEBUG: Estimating k-mer identity bias
[2026-02-20 17:30:37] DEBUG: Initial divergence estimate : 0.00783841
[2026-02-20 17:30:37] DEBUG: Relative threshold: Y
[2026-02-20 17:30:37] DEBUG: Max divergence threshold set to 0.0378384
[2026-02-20 17:30:37] INFO: Extending reads
[2026-02-20 17:30:37] DEBUG: Estimating overlap coverage
[2026-02-20 17:32:24] INFO: Overlap-based coverage: 196
[2026-02-20 17:32:24] INFO: Median overlap divergence: 0.00762446
[2026-02-20 17:32:24] DEBUG: Sequence divergence distribution: 

    | *     |                                                                                            
    | *     |                                                                                            
    | *     |                                                                                            
    |**     |                                                                                            
    |**     |                                                                                            
    |**     |                                                                                            
    |**     |                                                                                            
    |**     |                                                                                            
    |**     |                                                                                            
    |**     |                                                                                            
    |***    |                                                                                            
    |***    |                                                                                            
    |***    |                                                                                            
    |***    |                                                                                            
    |***    |                                                                                            
    |****   |                                                                                            
    |****   |                                                                                            
    |*****  |                                                                                            
    |****** |*                                                                                           
    |*********************** *                 *                                                         
    ----------------------------------------------------------------------------------------------------
    0%        5%        10%       15%       20%       25%       30%       35%       40%       45%       

    Q25 = 0.0047, Q50 = 0.0076, Q75 = 0.014

[2026-02-20 17:33:35] DEBUG: Assembled disjointig 1
	With 624 reads
	Start read: +94085e3a-9b22-451d-94db-9fb0d9d5fe0e
	At position: 78
	leftTip: 0 rightTip: 0
	Suspicious: 0
	Short ext: 0
	Mean extensions: 135
	Avg overlap len: 30806
	Min overlap len: 3274
	Inner reads: 0
	Length: 4783299
[2026-02-20 17:33:35] DEBUG: Inner: 254104 covered: 254624 total: 263530
[2026-02-20 17:33:35] DEBUG: Discarded disjointig with 167 reads and 165 inner overlaps
[2026-02-20 17:33:35] DEBUG: Discarded disjointig with 356 reads and 354 inner overlaps
[2026-02-20 17:33:35] DEBUG: Discarded disjointig with 616 reads and 614 inner overlaps
[2026-02-20 17:33:35] DEBUG: Discarded disjointig with 438 reads and 436 inner overlaps
[2026-02-20 17:33:35] DEBUG: Discarded disjointig with 251 reads and 249 inner overlaps
[2026-02-20 17:33:35] DEBUG: Discarded disjointig with 247 reads and 245 inner overlaps
[2026-02-20 17:33:35] DEBUG: Discarded disjointig with 172 reads and 170 inner overlaps
[2026-02-20 17:33:35] DEBUG: Discarded disjointig with 265 reads and 263 inner overlaps
[2026-02-20 17:33:35] DEBUG: Discarded disjointig with 612 reads and 610 inner overlaps
[2026-02-20 17:33:35] DEBUG: Discarded disjointig with 383 reads and 381 inner overlaps
[2026-02-20 17:33:35] DEBUG: Discarded disjointig with 329 reads and 327 inner overlaps
[2026-02-20 17:33:36] DEBUG: Assembled disjointig 2
	With 13 reads
	Start read: +863cfcd4-a2c9-4ea7-b721-bd97cb33a3d0
	At position: 9
	leftTip: 1 rightTip: 0
	Suspicious: 0
	Short ext: 0
	Mean extensions: 7
	Avg overlap len: 11647
	Min overlap len: 2763
	Inner reads: 0
	Length: 106407
[2026-02-20 17:33:36] DEBUG: Inner: 254330 covered: 254934 total: 263530
[2026-02-20 17:33:36] DEBUG: Discarded disjointig with 611 reads and 609 inner overlaps
[2026-02-20 17:33:36] DEBUG: Discarded disjointig with 8 reads and 6 inner overlaps
[2026-02-20 17:33:36] DEBUG: Discarded disjointig with 10 reads and 8 inner overlaps
[2026-02-20 17:33:36] DEBUG: Discarded disjointig with 290 reads and 288 inner overlaps
[2026-02-20 17:33:36] DEBUG: Assembled disjointig 3
	With 6 reads
	Start read: +7e56fc2b-354a-47f2-afcf-5d21f9ba8a04
	At position: 3
	leftTip: 0 rightTip: 1
	Suspicious: 1
	Short ext: 0
	Mean extensions: 1
	Avg overlap len: 3919
	Min overlap len: 3686
	Inner reads: 0
	Length: 59388
[2026-02-20 17:33:36] DEBUG: Inner: 254396 covered: 255022 total: 263530
[2026-02-20 17:33:36] DEBUG: Discarded disjointig with 611 reads and 609 inner overlaps
[2026-02-20 17:33:36] DEBUG: Discarded disjointig with 619 reads and 617 inner overlaps
[2026-02-20 17:33:36] DEBUG: Assembled disjointig 4
	With 5 reads
	Start read: +a8526fa5-846b-4de1-bf62-df59d618b22e
	At position: 1
	leftTip: 1 rightTip: 0
	Suspicious: 0
	Short ext: 0
	Mean extensions: 2
	Avg overlap len: 7388
	Min overlap len: 5255
	Inner reads: 0
	Length: 31191
[2026-02-20 17:33:36] DEBUG: Inner: 254422 covered: 255080 total: 263530
[2026-02-20 17:33:36] DEBUG: Assembled disjointig 5
	With 15 reads
	Start read: +950852a7-c4a6-424f-8de6-dd306812dd37
	At position: 13
	leftTip: 0 rightTip: 0
	Suspicious: 1
	Short ext: 1
	Mean extensions: 7
	Avg overlap len: 12678
	Min overlap len: 1718
	Inner reads: 0
	Length: 116628
[2026-02-20 17:33:36] DEBUG: Inner: 254596 covered: 255224 total: 263530
[2026-02-20 17:33:36] DEBUG: Discarded disjointig with 3 reads and 1 inner overlaps
[2026-02-20 17:33:36] DEBUG: Assembled disjointig 6
	With 1 reads
	Start read: +92e896cf-73f6-4dae-9496-aa5678a8db2d
	At position: 1
	leftTip: 1 rightTip: 1
	Suspicious: 0
	Short ext: 0
	Mean extensions: 2
	Avg overlap len: 0
	Min overlap len: 0
	Inner reads: 0
	Length: 3561
[2026-02-20 17:33:36] DEBUG: Inner: 254598 covered: 255266 total: 263530
[2026-02-20 17:33:36] DEBUG: Assembled disjointig 7
	With 3 reads
	Start read: +134c68df-05da-4ee3-b7e4-8c09f43ebf73
	At position: 3
	leftTip: 1 rightTip: 1
	Suspicious: 2
	Short ext: 0
	Mean extensions: 1
	Avg overlap len: 9623
	Min overlap len: 5428
	Inner reads: 0
	Length: 34975
[2026-02-20 17:33:36] DEBUG: Inner: 254612 covered: 255308 total: 263530
[2026-02-20 17:33:36] DEBUG: Assembled disjointig 8
	With 6 reads
	Start read: +8655b403-628e-4128-8d84-0e994226f881
	At position: 3
	leftTip: 0 rightTip: 0
	Suspicious: 0
	Short ext: 0
	Mean extensions: 24
	Avg overlap len: 5295
	Min overlap len: 2216
	Inner reads: 0
	Length: 31771
[2026-02-20 17:33:36] DEBUG: Inner: 254638 covered: 255344 total: 263530
[2026-02-20 17:33:36] DEBUG: Assembled disjointig 9
	With 5 reads
	Start read: +67f8ad4b-b25b-44d5-9b9b-3c499b0a9eea
	At position: 5
	leftTip: 0 rightTip: 1
	Suspicious: 1
	Short ext: 0
	Mean extensions: 2
	Avg overlap len: 3553
	Min overlap len: 2099
	Inner reads: 0
	Length: 37237
[2026-02-20 17:33:36] DEBUG: Inner: 254666 covered: 255384 total: 263530
[2026-02-20 17:33:36] DEBUG: Assembled disjointig 10
	With 2 reads
	Start read: +3366bec8-9fee-4574-8771-311421147337
	At position: 2
	leftTip: 1 rightTip: 1
	Suspicious: 1
	Short ext: 0
	Mean extensions: 1
	Avg overlap len: 2940
	Min overlap len: 2940
	Inner reads: 0
	Length: 7278
[2026-02-20 17:33:36] DEBUG: Inner: 254670 covered: 255392 total: 263530
[2026-02-20 17:33:36] DEBUG: Assembled disjointig 11
	With 4 reads
	Start read: +00d776dc-f330-4f26-bf4b-a00bf54615ee
	At position: 2
	leftTip: 1 rightTip: 1
	Suspicious: 2
	Short ext: 1
	Mean extensions: 1
	Avg overlap len: 5586
	Min overlap len: 1899
	Inner reads: 0
	Length: 34752
[2026-02-20 17:33:36] DEBUG: Inner: 254700 covered: 255444 total: 263530
[2026-02-20 17:33:37] DEBUG: Assembled disjointig 12
	With 4 reads
	Start read: +424f48ab-c0a2-479c-8ec8-e41a70afc7f1
	At position: 2
	leftTip: 1 rightTip: 1
	Suspicious: 2
	Short ext: 1
	Mean extensions: 1
	Avg overlap len: 4675
	Min overlap len: 1127
	Inner reads: 0
	Length: 35253
[2026-02-20 17:33:37] DEBUG: Inner: 254722 covered: 255488 total: 263530
[2026-02-20 17:33:37] DEBUG: Assembled disjointig 13
	With 9 reads
	Start read: +6cb826e4-3f3f-4cbf-919a-66c8eb44db4f
	At position: 5
	leftTip: 0 rightTip: 1
	Suspicious: 3
	Short ext: 0
	Mean extensions: 2
	Avg overlap len: 4529
	Min overlap len: 2645
	Inner reads: 0
	Length: 53922
[2026-02-20 17:33:37] DEBUG: Inner: 254760 covered: 255584 total: 263530
[2026-02-20 17:33:37] DEBUG: Assembled disjointig 14
	With 3 reads
	Start read: +a4e88005-55b0-4e69-8aaa-da6dd5b48037
	At position: 1
	leftTip: 1 rightTip: 1
	Suspicious: 0
	Short ext: 0
	Mean extensions: 3
	Avg overlap len: 2851
	Min overlap len: 2447
	Inner reads: 0
	Length: 15072
[2026-02-20 17:33:37] DEBUG: Inner: 254772 covered: 255674 total: 263530
[2026-02-20 17:33:38] DEBUG: Assembled disjointig 15
	With 8 reads
	Start read: +48a069a7-2c11-4624-93a8-fe3a8e4dc1c5
	At position: 5
	leftTip: 0 rightTip: 0
	Suspicious: 1
	Short ext: 0
	Mean extensions: 2
	Avg overlap len: 2793
	Min overlap len: 2620
	Inner reads: 0
	Length: 49010
[2026-02-20 17:33:38] DEBUG: Inner: 254802 covered: 255742 total: 263530
[2026-02-20 17:33:38] DEBUG: Assembled disjointig 16
	With 7 reads
	Start read: +8cfceb52-76c3-4097-9392-e43e73087550
	At position: 3
	leftTip: 1 rightTip: 1
	Suspicious: 1
	Short ext: 0
	Mean extensions: 2
	Avg overlap len: 4086
	Min overlap len: 2141
	Inner reads: 0
	Length: 35234
[2026-02-20 17:33:38] DEBUG: Inner: 254846 covered: 255804 total: 263530
[2026-02-20 17:33:38] DEBUG: Assembled disjointig 17
	With 7 reads
	Start read: +5d1740e9-7e6c-4e5e-acb3-79091287e2c5
	At position: 3
	leftTip: 0 rightTip: 0
	Suspicious: 0
	Short ext: 0
	Mean extensions: 52
	Avg overlap len: 12291
	Min overlap len: 5209
	Inner reads: 0
	Length: 55237
[2026-02-20 17:33:38] DEBUG: Inner: 254886 covered: 255884 total: 263530
[2026-02-20 17:33:38] DEBUG: Assembled disjointig 18
	With 1 reads
	Start read: +955deed9-4ba3-4d8c-9cd0-c05384d6292a
	At position: 1
	leftTip: 1 rightTip: 1
	Suspicious: 0
	Short ext: 0
	Mean extensions: 1
	Avg overlap len: 0
	Min overlap len: 0
	Inner reads: 0
	Length: 2433
[2026-02-20 17:33:38] DEBUG: Inner: 254888 covered: 255904 total: 263530
[2026-02-20 17:33:38] DEBUG: Assembled disjointig 19
	With 3 reads
	Start read: +b5eaa92e-adab-4b53-9bc0-334e51d88a77
	At position: 1
	leftTip: 1 rightTip: 0
	Suspicious: 2
	Short ext: 2
	Mean extensions: 2
	Avg overlap len: 1764
	Min overlap len: 1730
	Inner reads: 0
	Length: 9833
[2026-02-20 17:33:38] DEBUG: Inner: 254894 covered: 255950 total: 263530
[2026-02-20 17:33:39] DEBUG: Assembled disjointig 20
	With 5 reads
	Start read: +fedfc69a-a1e7-4e01-b1b5-f7578b0fe241
	At position: 1
	leftTip: 1 rightTip: 1
	Suspicious: 1
	Short ext: 0
	Mean extensions: 2
	Avg overlap len: 9380
	Min overlap len: 5340
	Inner reads: 0
	Length: 37174
[2026-02-20 17:33:39] DEBUG: Inner: 254952 covered: 256008 total: 263530
[2026-02-20 17:33:39] DEBUG: Discarded disjointig with 8 reads and 6 inner overlaps
[2026-02-20 17:33:39] DEBUG: Assembled disjointig 21
	With 1 reads
	Start read: +919c96f4-8b77-404a-9b6d-b76fc902b341
	At position: 1
	leftTip: 1 rightTip: 1
	Suspicious: 0
	Short ext: 0
	Mean extensions: 2
	Avg overlap len: 0
	Min overlap len: 0
	Inner reads: 0
	Length: 3225
[2026-02-20 17:33:39] DEBUG: Inner: 254954 covered: 256020 total: 263530
[2026-02-20 17:33:39] DEBUG: Assembled disjointig 22
	With 3 reads
	Start read: +d0635f1a-1bb8-4555-a18a-8ab6daf7e47d
	At position: 1
	leftTip: 1 rightTip: 1
	Suspicious: 2
	Short ext: 1
	Mean extensions: 1
	Avg overlap len: 2267
	Min overlap len: 1425
	Inner reads: 0
	Length: 9628
[2026-02-20 17:33:39] DEBUG: Inner: 254964 covered: 256042 total: 263530
[2026-02-20 17:33:39] DEBUG: Assembled disjointig 23
	With 4 reads
	Start read: +d6aeccdb-69e7-42e6-aa71-74d178266d6b
	At position: 2
	leftTip: 0 rightTip: 1
	Suspicious: 2
	Short ext: 2
	Mean extensions: 2
	Avg overlap len: 1307
	Min overlap len: 1095
	Inner reads: 0
	Length: 18039
[2026-02-20 17:33:39] DEBUG: Inner: 254974 covered: 256070 total: 263530
[2026-02-20 17:33:39] DEBUG: Assembled disjointig 24
	With 5 reads
	Start read: +7c4d353b-1ea3-4316-87df-df3a0cd30b6e
	At position: 1
	leftTip: 1 rightTip: 0
	Suspicious: 1
	Short ext: 0
	Mean extensions: 3
	Avg overlap len: 11825
	Min overlap len: 2518
	Inner reads: 0
	Length: 64304
[2026-02-20 17:33:39] DEBUG: Inner: 255002 covered: 256108 total: 263530
[2026-02-20 17:33:39] DEBUG: Assembled disjointig 25
	With 3 reads
	Start read: +f80391f1-fd87-4d19-b645-bbb360800cfa
	At position: 2
	leftTip: 0 rightTip: 1
	Suspicious: 1
	Short ext: 1
	Mean extensions: 1
	Avg overlap len: 9283
	Min overlap len: 1516
	Inner reads: 0
	Length: 17617
[2026-02-20 17:33:39] DEBUG: Inner: 255012 covered: 256146 total: 263530
[2026-02-20 17:33:39] DEBUG: Discarded disjointig with 10 reads and 7 inner overlaps
[2026-02-20 17:33:40] DEBUG: Assembled disjointig 26
	With 7 reads
	Start read: +fe3bb0be-3850-4588-9407-4fca884694f8
	At position: 4
	leftTip: 0 rightTip: 0
	Suspicious: 1
	Short ext: 0
	Mean extensions: 3
	Avg overlap len: 6668
	Min overlap len: 2498
	Inner reads: 0
	Length: 49014
[2026-02-20 17:33:40] DEBUG: Inner: 255042 covered: 256334 total: 263530
[2026-02-20 17:33:40] DEBUG: Assembled disjointig 27
	With 6 reads
	Start read: +8a4605de-a878-4f93-98f4-81ef455c0628
	At position: 1
	leftTip: 1 rightTip: 1
	Suspicious: 2
	Short ext: 1
	Mean extensions: 1
	Avg overlap len: 7554
	Min overlap len: 1864
	Inner reads: 0
	Length: 26068
[2026-02-20 17:33:40] DEBUG: Inner: 255072 covered: 256368 total: 263530
[2026-02-20 17:33:40] DEBUG: Assembled disjointig 28
	With 3 reads
	Start read: +1f9fc835-47ff-47e7-9769-3195479d7db3
	At position: 1
	leftTip: 1 rightTip: 0
	Suspicious: 0
	Short ext: 0
	Mean extensions: 2
	Avg overlap len: 2638
	Min overlap len: 2597
	Inner reads: 0
	Length: 11857
[2026-02-20 17:33:40] DEBUG: Inner: 255078 covered: 256384 total: 263530
[2026-02-20 17:33:40] DEBUG: Assembled disjointig 29
	With 5 reads
	Start read: +6b996668-f668-4112-8334-11ae4df30130
	At position: 1
	leftTip: 1 rightTip: 0
	Suspicious: 0
	Short ext: 0
	Mean extensions: 2
	Avg overlap len: 3305
	Min overlap len: 2244
	Inner reads: 0
	Length: 15504
[2026-02-20 17:33:40] DEBUG: Inner: 255092 covered: 256410 total: 263530
[2026-02-20 17:33:41] DEBUG: Assembled disjointig 30
	With 5 reads
	Start read: +adbb1e0a-aab8-4f2e-8a9a-d45ea7ecc640
	At position: 2
	leftTip: 1 rightTip: 0
	Suspicious: 0
	Short ext: 0
	Mean extensions: 3
	Avg overlap len: 4003
	Min overlap len: 3234
	Inner reads: 0
	Length: 30885
[2026-02-20 17:33:41] DEBUG: Inner: 255110 covered: 256462 total: 263530
[2026-02-20 17:33:41] DEBUG: Assembled disjointig 31
	With 2 reads
	Start read: +807682cb-5b85-43d1-9e44-ec264521e9d6
	At position: 1
	leftTip: 1 rightTip: 1
	Suspicious: 1
	Short ext: 0
	Mean extensions: 1
	Avg overlap len: 2668
	Min overlap len: 2668
	Inner reads: 0
	Length: 6021
[2026-02-20 17:33:41] DEBUG: Inner: 255120 covered: 256494 total: 263530
[2026-02-20 17:33:41] DEBUG: Assembled disjointig 32
	With 3 reads
	Start read: +441130cc-c37a-4df5-97df-4cd1abfe5387
	At position: 3
	leftTip: 0 rightTip: 1
	Suspicious: 0
	Short ext: 0
	Mean extensions: 1
	Avg overlap len: 2685
	Min overlap len: 2353
	Inner reads: 0
	Length: 15249
[2026-02-20 17:33:41] DEBUG: Inner: 255128 covered: 256558 total: 263530
[2026-02-20 17:33:41] DEBUG: Assembled disjointig 33
	With 5 reads
	Start read: +7fda2ad2-d154-4196-818f-a26d659d0d70
	At position: 4
	leftTip: 0 rightTip: 1
	Suspicious: 2
	Short ext: 2
	Mean extensions: 1
	Avg overlap len: 2167
	Min overlap len: 1339
	Inner reads: 0
	Length: 27877
[2026-02-20 17:33:41] DEBUG: Inner: 255142 covered: 256636 total: 263530
[2026-02-20 17:33:41] DEBUG: Assembled disjointig 34
	With 3 reads
	Start read: +5cf00d85-8055-40ad-a789-1a7b49d4ff35
	At position: 1
	leftTip: 1 rightTip: 0
	Suspicious: 2
	Short ext: 0
	Mean extensions: 1
	Avg overlap len: 6157
	Min overlap len: 2299
	Inner reads: 0
	Length: 31970
[2026-02-20 17:33:41] DEBUG: Inner: 255146 covered: 256636 total: 263530
[2026-02-20 17:33:41] DEBUG: Assembled disjointig 35
	With 3 reads
	Start read: +932b03b2-55dd-427e-b80f-3f4576e884a3
	At position: 3
	leftTip: 1 rightTip: 1
	Suspicious: 1
	Short ext: 0
	Mean extensions: 1
	Avg overlap len: 8003
	Min overlap len: 2808
	Inner reads: 0
	Length: 12322
[2026-02-20 17:33:41] DEBUG: Inner: 255152 covered: 256642 total: 263530
[2026-02-20 17:33:42] DEBUG: Assembled disjointig 36
	With 4 reads
	Start read: +c893c35b-5aea-411c-b639-feac03809bfc
	At position: 1
	leftTip: 1 rightTip: 0
	Suspicious: 2
	Short ext: 2
	Mean extensions: 4
	Avg overlap len: 1503
	Min overlap len: 1449
	Inner reads: 0
	Length: 32310
[2026-02-20 17:33:42] DEBUG: Inner: 255184 covered: 256710 total: 263530
[2026-02-20 17:33:42] DEBUG: Discarded disjointig with 3 reads and 1 inner overlaps
[2026-02-20 17:33:42] DEBUG: Assembled disjointig 37
	With 4 reads
	Start read: +6b5a6d2a-d25e-4236-b231-2073c14a43a2
	At position: 4
	leftTip: 1 rightTip: 1
	Suspicious: 2
	Short ext: 0
	Mean extensions: 1
	Avg overlap len: 7845
	Min overlap len: 5322
	Inner reads: 0
	Length: 18880
[2026-02-20 17:33:42] DEBUG: Inner: 255198 covered: 256840 total: 263530
[2026-02-20 17:33:43] DEBUG: Assembled disjointig 38
	With 5 reads
	Start read: +17724bdc-6d2e-4f4f-878f-d56c77ee8a6a
	At position: 1
	leftTip: 1 rightTip: 1
	Suspicious: 3
	Short ext: 0
	Mean extensions: 1
	Avg overlap len: 7282
	Min overlap len: 5729
	Inner reads: 0
	Length: 45115
[2026-02-20 17:33:43] DEBUG: Inner: 255222 covered: 256952 total: 263530
[2026-02-20 17:33:43] DEBUG: Assembled disjointig 39
	With 1 reads
	Start read: +c9443d6b-9c4d-4c2d-9926-ad5042c644b1
	At position: 1
	leftTip: 1 rightTip: 1
	Suspicious: 0
	Short ext: 0
	Mean extensions: 2
	Avg overlap len: 0
	Min overlap len: 0
	Inner reads: 0
	Length: 3027
[2026-02-20 17:33:43] DEBUG: Inner: 255224 covered: 256980 total: 263530
[2026-02-20 17:33:43] DEBUG: Assembled disjointig 40
	With 1 reads
	Start read: +d286d81d-e095-4a50-83c6-af656f7a60a5
	At position: 1
	leftTip: 1 rightTip: 1
	Suspicious: 0
	Short ext: 0
	Mean extensions: 1
	Avg overlap len: 0
	Min overlap len: 0
	Inner reads: 0
	Length: 6588
[2026-02-20 17:33:43] DEBUG: Inner: 255228 covered: 257036 total: 263530
[2026-02-20 17:33:43] DEBUG: Assembled disjointig 41
	With 3 reads
	Start read: +e6b3fc75-ff26-4c2b-836e-7e54eb3f0806
	At position: 1
	leftTip: 1 rightTip: 0
	Suspicious: 1
	Short ext: 1
	Mean extensions: 2
	Avg overlap len: 4465
	Min overlap len: 1115
	Inner reads: 0
	Length: 24251
[2026-02-20 17:33:43] DEBUG: Inner: 255242 covered: 257092 total: 263530
[2026-02-20 17:33:43] DEBUG: Assembled disjointig 42
	With 4 reads
	Start read: +28f36659-2c74-461f-9371-16490bf0c6f6
	At position: 3
	leftTip: 1 rightTip: 1
	Suspicious: 1
	Short ext: 0
	Mean extensions: 2
	Avg overlap len: 2787
	Min overlap len: 2515
	Inner reads: 0
	Length: 18331
[2026-02-20 17:33:43] DEBUG: Inner: 255252 covered: 257108 total: 263530
[2026-02-20 17:33:43] DEBUG: Assembled disjointig 43
	With 1 reads
	Start read: +6be3d99b-e0ee-46db-ba5f-6a6afa241b77
	At position: 1
	leftTip: 1 rightTip: 1
	Suspicious: 0
	Short ext: 0
	Mean extensions: 1
	Avg overlap len: 0
	Min overlap len: 0
	Inner reads: 0
	Length: 3707
[2026-02-20 17:33:43] DEBUG: Inner: 255260 covered: 257126 total: 263530
[2026-02-20 17:33:44] DEBUG: Assembled disjointig 44
	With 1 reads
	Start read: +81514773-1c67-486f-b08d-5624f4c3d28d
	At position: 1
	leftTip: 1 rightTip: 1
	Suspicious: 0
	Short ext: 0
	Mean extensions: 1
	Avg overlap len: 0
	Min overlap len: 0
	Inner reads: 0
	Length: 3134
[2026-02-20 17:33:44] DEBUG: Inner: 255262 covered: 257186 total: 263530
[2026-02-20 17:33:44] DEBUG: Assembled disjointig 45
	With 4 reads
	Start read: +33e2d4f5-7ba3-4bfc-8a4d-c999ed7ab257
	At position: 1
	leftTip: 1 rightTip: 0
	Suspicious: 1
	Short ext: 0
	Mean extensions: 27
	Avg overlap len: 3753
	Min overlap len: 3002
	Inner reads: 0
	Length: 13065
[2026-02-20 17:33:44] DEBUG: Inner: 255270 covered: 257218 total: 263530
[2026-02-20 17:33:44] DEBUG: Assembled disjointig 46
	With 7 reads
	Start read: +d67fa259-40f0-4dc4-b9a8-b2490a84b1ac
	At position: 4
	leftTip: 0 rightTip: 0
	Suspicious: 2
	Short ext: 1
	Mean extensions: 21
	Avg overlap len: 5425
	Min overlap len: 1826
	Inner reads: 0
	Length: 37931
[2026-02-20 17:33:44] DEBUG: Inner: 255294 covered: 257248 total: 263530
[2026-02-20 17:33:44] DEBUG: Assembled disjointig 47
	With 1 reads
	Start read: +2525ba83-7a7d-4399-96fa-e0bd4a7ed28b
	At position: 1
	leftTip: 1 rightTip: 1
	Suspicious: 0
	Short ext: 0
	Mean extensions: 1
	Avg overlap len: 0
	Min overlap len: 0
	Inner reads: 0
	Length: 2419
[2026-02-20 17:33:44] DEBUG: Inner: 255296 covered: 257250 total: 263530
[2026-02-20 17:33:45] DEBUG: Assembled disjointig 48
	With 3 reads
	Start read: +d793fffb-31cd-4c09-a15b-294be038442c
	At position: 1
	leftTip: 1 rightTip: 0
	Suspicious: 1
	Short ext: 0
	Mean extensions: 2
	Avg overlap len: 15038
	Min overlap len: 2495
	Inner reads: 0
	Length: 19285
[2026-02-20 17:33:45] DEBUG: Inner: 255302 covered: 257360 total: 263530
[2026-02-20 17:33:46] DEBUG: Assembled disjointig 49
	With 5 reads
	Start read: +70cc2bd9-bdfb-472e-848f-92e3d7918fcb
	At position: 3
	leftTip: 0 rightTip: 0
	Suspicious: 2
	Short ext: 1
	Mean extensions: 4
	Avg overlap len: 3473
	Min overlap len: 1674
	Inner reads: 0
	Length: 30127
[2026-02-20 17:33:46] DEBUG: Inner: 255308 covered: 257562 total: 263530
[2026-02-20 17:33:46] DEBUG: Assembled disjointig 50
	With 3 reads
	Start read: +c950cd70-c770-4a07-8d19-a1c0c8be4aaa
	At position: 1
	leftTip: 1 rightTip: 1
	Suspicious: 1
	Short ext: 0
	Mean extensions: 2
	Avg overlap len: 4656
	Min overlap len: 2299
	Inner reads: 0
	Length: 21893
[2026-02-20 17:33:46] DEBUG: Inner: 255318 covered: 257594 total: 263530
[2026-02-20 17:33:46] DEBUG: Assembled disjointig 51
	With 4 reads
	Start read: +3fbfbddf-a3bd-4133-a9bd-972333bbf86a
	At position: 1
	leftTip: 1 rightTip: 1
	Suspicious: 1
	Short ext: 0
	Mean extensions: 2
	Avg overlap len: 5190
	Min overlap len: 2459
	Inner reads: 0
	Length: 30766
[2026-02-20 17:33:46] DEBUG: Inner: 255328 covered: 257642 total: 263530
[2026-02-20 17:33:46] DEBUG: Assembled disjointig 52
	With 2 reads
	Start read: +99d5022d-1d92-449b-8691-4a73823427ba
	At position: 2
	leftTip: 1 rightTip: 1
	Suspicious: 1
	Short ext: 1
	Mean extensions: 2
	Avg overlap len: 1764
	Min overlap len: 1764
	Inner reads: 0
	Length: 6817
[2026-02-20 17:33:46] DEBUG: Inner: 255334 covered: 257716 total: 263530
[2026-02-20 17:33:47] DEBUG: Assembled disjointig 53
	With 3 reads
	Start read: +727b0ad6-209c-47eb-9918-b602adc1193c
	At position: 1
	leftTip: 1 rightTip: 0
	Suspicious: 1
	Short ext: 1
	Mean extensions: 1
	Avg overlap len: 3287
	Min overlap len: 1696
	Inner reads: 0
	Length: 12630
[2026-02-20 17:33:47] DEBUG: Inner: 255348 covered: 257900 total: 263530
[2026-02-20 17:33:47] DEBUG: Assembled disjointig 54
	With 3 reads
	Start read: +d8f0fd14-88c1-4384-87ba-9e5facf48663
	At position: 1
	leftTip: 1 rightTip: 0
	Suspicious: 1
	Short ext: 1
	Mean extensions: 2
	Avg overlap len: 3316
	Min overlap len: 1714
	Inner reads: 0
	Length: 11980
[2026-02-20 17:33:47] DEBUG: Inner: 255354 covered: 257910 total: 263530
[2026-02-20 17:33:47] DEBUG: Assembled disjointig 55
	With 1 reads
	Start read: +d664f67b-1831-4d0d-bdab-fc79ed01d8be
	At position: 1
	leftTip: 1 rightTip: 1
	Suspicious: 0
	Short ext: 0
	Mean extensions: 0
	Avg overlap len: 0
	Min overlap len: 0
	Inner reads: 0
	Length: 2452
[2026-02-20 17:33:47] DEBUG: Inner: 255358 covered: 257914 total: 263530
[2026-02-20 17:33:47] DEBUG: Assembled disjointig 56
	With 4 reads
	Start read: +799b01c1-0dec-49a8-90b6-0129ce71642d
	At position: 1
	leftTip: 1 rightTip: 1
	Suspicious: 1
	Short ext: 1
	Mean extensions: 2
	Avg overlap len: 7750
	Min overlap len: 1448
	Inner reads: 0
	Length: 29955
[2026-02-20 17:33:47] DEBUG: Inner: 255386 covered: 257962 total: 263530
[2026-02-20 17:33:48] DEBUG: Assembled disjointig 57
	With 5 reads
	Start read: +5c773dd2-f167-40f5-9d8a-4cb47a352a11
	At position: 3
	leftTip: 0 rightTip: 0
	Suspicious: 1
	Short ext: 1
	Mean extensions: 11
	Avg overlap len: 4595
	Min overlap len: 1956
	Inner reads: 0
	Length: 19970
[2026-02-20 17:33:48] DEBUG: Inner: 255396 covered: 258010 total: 263530
[2026-02-20 17:33:48] DEBUG: Discarded disjointig with 3 reads and 1 inner overlaps
[2026-02-20 17:33:48] DEBUG: Assembled disjointig 58
	With 1 reads
	Start read: +18584330-2ae7-4024-a456-862097b242d7
	At position: 1
	leftTip: 1 rightTip: 1
	Suspicious: 0
	Short ext: 0
	Mean extensions: 1
	Avg overlap len: 0
	Min overlap len: 0
	Inner reads: 0
	Length: 3914
[2026-02-20 17:33:48] DEBUG: Inner: 255400 covered: 258120 total: 263530
[2026-02-20 17:33:48] DEBUG: Assembled disjointig 59
	With 3 reads
	Start read: +cccc78c0-f301-4e07-a4bf-1b67d0296afd
	At position: 1
	leftTip: 1 rightTip: 0
	Suspicious: 2
	Short ext: 1
	Mean extensions: 3
	Avg overlap len: 2386
	Min overlap len: 1631
	Inner reads: 0
	Length: 10317
[2026-02-20 17:33:48] DEBUG: Inner: 255406 covered: 258132 total: 263530
[2026-02-20 17:33:49] DEBUG: Assembled disjointig 60
	With 5 reads
	Start read: +73e56a78-8ab7-477d-9fa5-28e1092f0f72
	At position: 3
	leftTip: 0 rightTip: 0
	Suspicious: 0
	Short ext: 0
	Mean extensions: 32
	Avg overlap len: 3249
	Min overlap len: 2534
	Inner reads: 0
	Length: 21936
[2026-02-20 17:33:49] DEBUG: Inner: 255420 covered: 258354 total: 263530
[2026-02-20 17:33:50] DEBUG: Assembled disjointig 61
	With 2 reads
	Start read: +8a7519a3-9bc6-424d-b545-261f185203cd
	At position: 2
	leftTip: 0 rightTip: 1
	Suspicious: 0
	Short ext: 0
	Mean extensions: 1
	Avg overlap len: 2491
	Min overlap len: 2491
	Inner reads: 0
	Length: 4174
[2026-02-20 17:33:50] DEBUG: Inner: 255424 covered: 258426 total: 263530
[2026-02-20 17:33:50] DEBUG: Assembled disjointig 62
	With 3 reads
	Start read: +645d9563-7c1c-4491-942b-c255e3c27ae4
	At position: 1
	leftTip: 1 rightTip: 0
	Suspicious: 0
	Short ext: 0
	Mean extensions: 3
	Avg overlap len: 4610
	Min overlap len: 2206
	Inner reads: 0
	Length: 13515
[2026-02-20 17:33:50] DEBUG: Inner: 255434 covered: 258472 total: 263530
[2026-02-20 17:33:50] DEBUG: Assembled disjointig 63
	With 1 reads
	Start read: +da0f22b5-e69b-45b8-ab97-cbd0467acaa6
	At position: 1
	leftTip: 1 rightTip: 1
	Suspicious: 0
	Short ext: 0
	Mean extensions: 1
	Avg overlap len: 0
	Min overlap len: 0
	Inner reads: 0
	Length: 2710
[2026-02-20 17:33:50] DEBUG: Inner: 255436 covered: 258518 total: 263530
[2026-02-20 17:33:51] DEBUG: Assembled disjointig 64
	With 4 reads
	Start read: +f8919743-f83d-4442-8c24-9fd966e87c2a
	At position: 2
	leftTip: 1 rightTip: 0
	Suspicious: 3
	Short ext: 2
	Mean extensions: 1
	Avg overlap len: 1288
	Min overlap len: 1171
	Inner reads: 0
	Length: 17165
[2026-02-20 17:33:51] DEBUG: Inner: 255444 covered: 258644 total: 263530
[2026-02-20 17:33:51] DEBUG: Assembled disjointig 65
	With 3 reads
	Start read: +7510c042-846e-455c-9a34-2e7f16a51dfc
	At position: 1
	leftTip: 1 rightTip: 0
	Suspicious: 0
	Short ext: 0
	Mean extensions: 1
	Avg overlap len: 5891
	Min overlap len: 3418
	Inner reads: 0
	Length: 15879
[2026-02-20 17:33:51] DEBUG: Inner: 255454 covered: 258684 total: 263530
[2026-02-20 17:33:51] DEBUG: Assembled disjointig 66
	With 1 reads
	Start read: +8b81b331-24f2-44cf-9d42-00ad20af0603
	At position: 1
	leftTip: 1 rightTip: 1
	Suspicious: 0
	Short ext: 0
	Mean extensions: 1
	Avg overlap len: 0
	Min overlap len: 0
	Inner reads: 0
	Length: 2881
[2026-02-20 17:33:51] DEBUG: Inner: 255456 covered: 258716 total: 263530
[2026-02-20 17:33:52] DEBUG: Assembled disjointig 67
	With 3 reads
	Start read: +4457d2de-405a-47fd-b388-1242b92561b3
	At position: 1
	leftTip: 1 rightTip: 0
	Suspicious: 0
	Short ext: 0
	Mean extensions: 3
	Avg overlap len: 9091
	Min overlap len: 8304
	Inner reads: 0
	Length: 27631
[2026-02-20 17:33:52] DEBUG: Inner: 255466 covered: 258852 total: 263530
[2026-02-20 17:33:52] DEBUG: Assembled disjointig 68
	With 1 reads
	Start read: +84dc0078-9aef-4f08-b1d3-28551d0833b3
	At position: 1
	leftTip: 1 rightTip: 1
	Suspicious: 0
	Short ext: 0
	Mean extensions: 1
	Avg overlap len: 0
	Min overlap len: 0
	Inner reads: 0
	Length: 4993
[2026-02-20 17:33:52] DEBUG: Inner: 255470 covered: 258928 total: 263530
[2026-02-20 17:33:53] DEBUG: Assembled disjointig 69
	With 3 reads
	Start read: +8279f4b4-0fef-402e-be17-9dcd7e9fcd3e
	At position: 3
	leftTip: 0 rightTip: 1
	Suspicious: 1
	Short ext: 0
	Mean extensions: 3
	Avg overlap len: 3330
	Min overlap len: 2146
	Inner reads: 0
	Length: 15001
[2026-02-20 17:33:53] DEBUG: Inner: 255476 covered: 259028 total: 263530
[2026-02-20 17:33:53] DEBUG: Assembled disjointig 70
	With 2 reads
	Start read: +77360100-8e09-4e98-8d00-929b901a1172
	At position: 1
	leftTip: 1 rightTip: 1
	Suspicious: 1
	Short ext: 0
	Mean extensions: 1
	Avg overlap len: 2974
	Min overlap len: 2974
	Inner reads: 0
	Length: 5427
[2026-02-20 17:33:53] DEBUG: Inner: 255480 covered: 259080 total: 263530
[2026-02-20 17:33:54] DEBUG: Assembled disjointig 71
	With 8 reads
	Start read: +94d4dd1b-90c3-4215-b736-f9a2c292c20f
	At position: 4
	leftTip: 0 rightTip: 0
	Suspicious: 2
	Short ext: 0
	Mean extensions: 2
	Avg overlap len: 4196
	Min overlap len: 2259
	Inner reads: 0
	Length: 45382
[2026-02-20 17:33:54] DEBUG: Inner: 255498 covered: 259280 total: 263530
[2026-02-20 17:33:54] DEBUG: Assembled disjointig 72
	With 3 reads
	Start read: +92ec6470-6ba2-459d-be2a-c43092d5e053
	At position: 1
	leftTip: 1 rightTip: 0
	Suspicious: 1
	Short ext: 0
	Mean extensions: 3
	Avg overlap len: 4828
	Min overlap len: 2476
	Inner reads: 0
	Length: 30584
[2026-02-20 17:33:54] DEBUG: Inner: 255506 covered: 259310 total: 263530
[2026-02-20 17:33:54] DEBUG: Assembled disjointig 73
	With 5 reads
	Start read: +9d8ab79b-f071-4287-aaaa-1f68d3c0cd78
	At position: 3
	leftTip: 1 rightTip: 0
	Suspicious: 1
	Short ext: 0
	Mean extensions: 2
	Avg overlap len: 3101
	Min overlap len: 2489
	Inner reads: 0
	Length: 29949
[2026-02-20 17:33:54] DEBUG: Inner: 255524 covered: 259362 total: 263530
[2026-02-20 17:33:55] DEBUG: Assembled disjointig 74
	With 1 reads
	Start read: +049e8331-6b7c-44fb-a72c-280028bb8625
	At position: 1
	leftTip: 1 rightTip: 1
	Suspicious: 0
	Short ext: 0
	Mean extensions: 2
	Avg overlap len: 0
	Min overlap len: 0
	Inner reads: 0
	Length: 2256
[2026-02-20 17:33:55] DEBUG: Inner: 255526 covered: 259480 total: 263530
[2026-02-20 17:33:55] DEBUG: Assembled disjointig 75
	With 3 reads
	Start read: +9e277899-6eb7-4105-9e78-af1927b88c8e
	At position: 2
	leftTip: 0 rightTip: 1
	Suspicious: 0
	Short ext: 0
	Mean extensions: 3
	Avg overlap len: 2789
	Min overlap len: 2618
	Inner reads: 0
	Length: 18319
[2026-02-20 17:33:55] DEBUG: Inner: 255534 covered: 259514 total: 263530
[2026-02-20 17:33:57] DEBUG: Assembled disjointig 76
	With 3 reads
	Start read: +ee78cff6-9dc6-4fa0-afc2-bb5a6b7d9fe7
	At position: 1
	leftTip: 1 rightTip: 0
	Suspicious: 2
	Short ext: 1
	Mean extensions: 1
	Avg overlap len: 3578
	Min overlap len: 1828
	Inner reads: 0
	Length: 11735
[2026-02-20 17:33:57] DEBUG: Inner: 255538 covered: 259738 total: 263530
[2026-02-20 17:33:57] DEBUG: Assembled disjointig 77
	With 6 reads
	Start read: +13683a4e-ee61-42b1-a916-d78ca9e7a72f
	At position: 3
	leftTip: 1 rightTip: 0
	Suspicious: 3
	Short ext: 2
	Mean extensions: 3
	Avg overlap len: 4309
	Min overlap len: 1239
	Inner reads: 0
	Length: 32080
[2026-02-20 17:33:57] DEBUG: Inner: 255556 covered: 259822 total: 263530
[2026-02-20 17:33:57] DEBUG: Assembled disjointig 78
	With 1 reads
	Start read: +96c36ac8-8590-4c33-92c0-849975e64018
	At position: 1
	leftTip: 1 rightTip: 1
	Suspicious: 0
	Short ext: 0
	Mean extensions: 1
	Avg overlap len: 0
	Min overlap len: 0
	Inner reads: 0
	Length: 4119
[2026-02-20 17:33:57] DEBUG: Inner: 255560 covered: 259848 total: 263530
[2026-02-20 17:33:58] DEBUG: Assembled disjointig 79
	With 3 reads
	Start read: +b6faff23-fa8c-4ce7-a06f-19898028adb4
	At position: 1
	leftTip: 1 rightTip: 0
	Suspicious: 0
	Short ext: 0
	Mean extensions: 2
	Avg overlap len: 2711
	Min overlap len: 2408
	Inner reads: 0
	Length: 22959
[2026-02-20 17:33:58] DEBUG: Inner: 255570 covered: 259922 total: 263530
[2026-02-20 17:33:58] DEBUG: Assembled disjointig 80
	With 3 reads
	Start read: +2bb86a23-f0fb-4843-9ce3-8630594e79d9
	At position: 1
	leftTip: 1 rightTip: 0
	Suspicious: 1
	Short ext: 1
	Mean extensions: 2
	Avg overlap len: 11535
	Min overlap len: 1065
	Inner reads: 0
	Length: 28903
[2026-02-20 17:33:58] DEBUG: Inner: 255582 covered: 260006 total: 263530
[2026-02-20 17:33:59] DEBUG: Assembled disjointig 81
	With 1 reads
	Start read: +d99d747a-5a0e-447d-86ea-10a8379f8e43
	At position: 1
	leftTip: 1 rightTip: 1
	Suspicious: 0
	Short ext: 0
	Mean extensions: 1
	Avg overlap len: 0
	Min overlap len: 0
	Inner reads: 0
	Length: 3041
[2026-02-20 17:33:59] DEBUG: Inner: 255584 covered: 260102 total: 263530
[2026-02-20 17:33:59] DEBUG: Assembled disjointig 82
	With 3 reads
	Start read: +a4015967-8c0b-45bb-926a-6c6a5b9af08b
	At position: 1
	leftTip: 1 rightTip: 0
	Suspicious: 0
	Short ext: 0
	Mean extensions: 3
	Avg overlap len: 3994
	Min overlap len: 2803
	Inner reads: 0
	Length: 12904
[2026-02-20 17:33:59] DEBUG: Inner: 255592 covered: 260224 total: 263530
[2026-02-20 17:34:00] DEBUG: Assembled disjointig 83
	With 2 reads
	Start read: +6d351d8b-cb86-4a5a-aae9-47140255d499
	At position: 2
	leftTip: 0 rightTip: 1
	Suspicious: 1
	Short ext: 1
	Mean extensions: 1
	Avg overlap len: 1169
	Min overlap len: 1169
	Inner reads: 0
	Length: 6815
[2026-02-20 17:34:00] DEBUG: Inner: 255596 covered: 260294 total: 263530
[2026-02-20 17:34:00] DEBUG: Assembled disjointig 84
	With 6 reads
	Start read: +f8ade238-fd5c-4584-999f-011cad76a25e
	At position: 3
	leftTip: 0 rightTip: 0
	Suspicious: 1
	Short ext: 1
	Mean extensions: 18
	Avg overlap len: 4224
	Min overlap len: 1445
	Inner reads: 0
	Length: 27244
[2026-02-20 17:34:00] DEBUG: Inner: 255608 covered: 260364 total: 263530
[2026-02-20 17:34:00] DEBUG: Assembled disjointig 85
	With 5 reads
	Start read: +3feb67a7-d95a-4f57-804e-d600f94c93d2
	At position: 3
	leftTip: 0 rightTip: 0
	Suspicious: 2
	Short ext: 0
	Mean extensions: 57
	Avg overlap len: 6128
	Min overlap len: 2881
	Inner reads: 0
	Length: 24443
[2026-02-20 17:34:00] DEBUG: Inner: 255616 covered: 260388 total: 263530
[2026-02-20 17:34:01] DEBUG: Assembled disjointig 86
	With 3 reads
	Start read: +1c8c56be-9551-452c-b20e-1391215aa5e3
	At position: 3
	leftTip: 0 rightTip: 1
	Suspicious: 0
	Short ext: 0
	Mean extensions: 3
	Avg overlap len: 4172
	Min overlap len: 2904
	Inner reads: 0
	Length: 12366
[2026-02-20 17:34:01] DEBUG: Inner: 255622 covered: 260458 total: 263530
[2026-02-20 17:34:01] DEBUG: Assembled disjointig 87
	With 2 reads
	Start read: +52ad108e-46f7-4ae8-8c4d-f6ea9fe64f3e
	At position: 2
	leftTip: 1 rightTip: 1
	Suspicious: 0
	Short ext: 0
	Mean extensions: 2
	Avg overlap len: 10210
	Min overlap len: 10210
	Inner reads: 0
	Length: 27812
[2026-02-20 17:34:01] DEBUG: Inner: 255630 covered: 260592 total: 263530
[2026-02-20 17:34:01] DEBUG: Assembled disjointig 88
	With 1 reads
	Start read: +965a6364-5ae0-4960-8a5d-77c744fdeed2
	At position: 1
	leftTip: 1 rightTip: 1
	Suspicious: 0
	Short ext: 0
	Mean extensions: 2
	Avg overlap len: 0
	Min overlap len: 0
	Inner reads: 0
	Length: 3196
[2026-02-20 17:34:01] DEBUG: Inner: 255632 covered: 260616 total: 263530
[2026-02-20 17:34:02] DEBUG: Assembled disjointig 89
	With 1 reads
	Start read: +5dd7861e-ab2e-4788-910d-bbc2830bb77b
	At position: 1
	leftTip: 1 rightTip: 1
	Suspicious: 0
	Short ext: 0
	Mean extensions: 0
	Avg overlap len: 0
	Min overlap len: 0
	Inner reads: 0
	Length: 2995
[2026-02-20 17:34:02] DEBUG: Inner: 255636 covered: 260676 total: 263530
[2026-02-20 17:34:03] DEBUG: Assembled disjointig 90
	With 4 reads
	Start read: +922b41ba-3240-43bf-b334-0a6fd6935c0c
	At position: 3
	leftTip: 0 rightTip: 1
	Suspicious: 0
	Short ext: 0
	Mean extensions: 3
	Avg overlap len: 5103
	Min overlap len: 5103
	Inner reads: 0
	Length: 29578
[2026-02-20 17:34:03] DEBUG: Inner: 255650 covered: 260938 total: 263530
[2026-02-20 17:34:03] DEBUG: Assembled disjointig 91
	With 2 reads
	Start read: +6037e31b-d12f-4e40-a01a-1a7718537e9a
	At position: 2
	leftTip: 1 rightTip: 1
	Suspicious: 1
	Short ext: 0
	Mean extensions: 0
	Avg overlap len: 3534
	Min overlap len: 3534
	Inner reads: 0
	Length: 6010
[2026-02-20 17:34:03] DEBUG: Inner: 255654 covered: 261040 total: 263530
[2026-02-20 17:34:05] DEBUG: Assembled disjointig 92
	With 3 reads
	Start read: +3bcd1e11-5e9e-46cc-9052-47978bcfcb7b
	At position: 1
	leftTip: 1 rightTip: 0
	Suspicious: 1
	Short ext: 0
	Mean extensions: 3
	Avg overlap len: 6481
	Min overlap len: 3312
	Inner reads: 0
	Length: 12684
[2026-02-20 17:34:05] DEBUG: Inner: 255662 covered: 261252 total: 263530
[2026-02-20 17:34:05] DEBUG: Assembled disjointig 93
	With 3 reads
	Start read: +455b35b3-a20f-47e9-ad22-175164d5e86a
	At position: 3
	leftTip: 1 rightTip: 1
	Suspicious: 2
	Short ext: 0
	Mean extensions: 1
	Avg overlap len: 3029
	Min overlap len: 2796
	Inner reads: 0
	Length: 19166
[2026-02-20 17:34:05] DEBUG: Inner: 255670 covered: 261329 total: 263530
[2026-02-20 17:34:06] DEBUG: Assembled disjointig 94
	With 2 reads
	Start read: +d9d08c7d-1389-47a2-b066-f167f95f2393
	At position: 1
	leftTip: 1 rightTip: 0
	Suspicious: 0
	Short ext: 0
	Mean extensions: 5
	Avg overlap len: 2736
	Min overlap len: 2736
	Inner reads: 0
	Length: 4306
[2026-02-20 17:34:06] DEBUG: Inner: 255672 covered: 261558 total: 263530
[2026-02-20 17:34:06] DEBUG: Assembled disjointig 95
	With 1 reads
	Start read: +171b2eae-d05f-4282-bb95-0b088290970e
	At position: 1
	leftTip: 1 rightTip: 1
	Suspicious: 0
	Short ext: 0
	Mean extensions: 0
	Avg overlap len: 0
	Min overlap len: 0
	Inner reads: 0
	Length: 4401
[2026-02-20 17:34:06] DEBUG: Inner: 255676 covered: 261634 total: 263530
[2026-02-20 17:34:10] DEBUG: Assembled disjointig 96
	With 5 reads
	Start read: +eed930b2-033d-4056-a9f4-9ba767d3acc1
	At position: 3
	leftTip: 0 rightTip: 1
	Suspicious: 3
	Short ext: 1
	Mean extensions: 1
	Avg overlap len: 5445
	Min overlap len: 1344
	Inner reads: 0
	Length: 27080
[2026-02-20 17:34:10] DEBUG: Inner: 255692 covered: 262144 total: 263530
[2026-02-20 17:35:54] INFO: Assembled 96 disjointigs
[2026-02-20 17:35:54] INFO: Generating sequence
[2026-02-20 17:35:55] DEBUG: Building positional index
[2026-02-20 17:35:55] DEBUG: Total sequence: 6870898 bp
[2026-02-20 17:35:55] DEBUG: Mean k-mer frequency: 1.19756
[2026-02-20 17:35:55] DEBUG: Repetitive k-mer frequency: 119
[2026-02-20 17:35:55] DEBUG: Filtered 0 repetitive k-mers (0)
[2026-02-20 17:35:55] DEBUG: Sorting k-mer index
[2026-02-20 17:35:55] DEBUG: Selected k-mers: 1042717
[2026-02-20 17:35:55] DEBUG: K-mer index size: 1248714
[2026-02-20 17:35:55] DEBUG: Mean k-mer frequency: 1.19756
[2026-02-20 17:35:55] DEBUG: Minimizer rate: 5.50238
[2026-02-20 17:35:55] INFO: Filtering contained disjointigs
[2026-02-20 17:35:57] DEBUG: Computing transitive closure for overlaps
[2026-02-20 17:35:57] DEBUG: Found 128 overlaps
[2026-02-20 17:35:57] DEBUG: Left 56 overlaps after filtering
[2026-02-20 17:35:57] INFO: Contained seqs: 9
[2026-02-20 17:35:57] DEBUG: Writing FASTA
[2026-02-20 17:35:57] DEBUG: Peak RAM usage: 2 Gb
-----------End assembly log------------
[2026-02-20 17:35:57] root: DEBUG: Disjointigs length: 6657110, N50: 4784452
[2026-02-20 17:35:57] root: INFO: >>>STAGE: consensus
[2026-02-20 17:35:57] root: INFO: Running Minimap2
[2026-02-20 17:36:36] root: INFO: Computing consensus
[2026-02-20 17:39:02] root: INFO: Alignment error rate: 0.012667
[2026-02-20 17:39:02] root: INFO: >>>STAGE: repeat
[2026-02-20 17:39:02] root: INFO: Building and resolving repeat graph
[2026-02-20 17:39:02] root: DEBUG: -----Begin repeat analyser log------
[2026-02-20 17:39:02] root: DEBUG: Running: flye-modules repeat --disjointigs /scratch/ky/characterization/results/barcode30/assembly/10-consensus/consensus.fasta --reads /scratch/ky/characterization/FASTQ/SQK-RBK114-96_barcode30.fastq --out-dir /scratch/ky/characterization/results/barcode30/assembly/20-repeat --config /data/softs/Miniforge3-25.11.0-0/envs/flye-2.9.6/lib/python3.12/site-packages/flye/config/bin_cfg/asm_nano_hq.cfg --log /scratch/ky/characterization/results/barcode30/assembly/flye.log --threads 16 --meta --min-ovlp 2000
[2026-02-20 17:39:02] DEBUG: Build date: May  4 2025 23:18:08
[2026-02-20 17:39:02] DEBUG: Total RAM: 251 Gb
[2026-02-20 17:39:02] DEBUG: Available RAM: 247 Gb
[2026-02-20 17:39:02] DEBUG: Total CPUs: 32
[2026-02-20 17:39:02] DEBUG: Loading /data/softs/Miniforge3-25.11.0-0/envs/flye-2.9.6/lib/python3.12/site-packages/flye/config/bin_cfg/asm_nano_hq.cfg
[2026-02-20 17:39:02] DEBUG: Loading /data/softs/Miniforge3-25.11.0-0/envs/flye-2.9.6/lib/python3.12/site-packages/flye/config/bin_cfg/asm_defaults.cfg
[2026-02-20 17:39:02] DEBUG: 	big_genome_threshold=29000000
[2026-02-20 17:39:02] DEBUG: 	meta_read_filter_kmer_freq=100
[2026-02-20 17:39:02] DEBUG: 	chain_large_gap_penalty=2
[2026-02-20 17:39:02] DEBUG: 	chain_small_gap_penalty=0.5
[2026-02-20 17:39:02] DEBUG: 	chain_gap_jump_threshold=100
[2026-02-20 17:39:02] DEBUG: 	max_jump_gap=500
[2026-02-20 17:39:02] DEBUG: 	max_coverage_drop_rate=5
[2026-02-20 17:39:02] DEBUG: 	max_extensions_drop_rate=5
[2026-02-20 17:39:02] DEBUG: 	chimera_window=100
[2026-02-20 17:39:02] DEBUG: 	chimera_overhang=1000
[2026-02-20 17:39:02] DEBUG: 	min_reads_in_disjointig=4
[2026-02-20 17:39:02] DEBUG: 	max_inner_reads=10
[2026-02-20 17:39:02] DEBUG: 	max_inner_fraction=0.25
[2026-02-20 17:39:02] DEBUG: 	aggressive_dup_filter=1
[2026-02-20 17:39:02] DEBUG: 	max_separation=500
[2026-02-20 17:39:02] DEBUG: 	unique_edge_length=50000
[2026-02-20 17:39:02] DEBUG: 	min_repeat_res_support=0.51
[2026-02-20 17:39:02] DEBUG: 	out_paths_ratio=5
[2026-02-20 17:39:02] DEBUG: 	graph_cov_drop_rate=5
[2026-02-20 17:39:02] DEBUG: 	coverage_estimate_window=100
[2026-02-20 17:39:02] DEBUG: 	max_bubble_length=50000
[2026-02-20 17:39:02] DEBUG: 	loop_coverage_rate=1.5
[2026-02-20 17:39:02] DEBUG: 	repeat_edge_cov_mult=1.75
[2026-02-20 17:39:02] DEBUG: 	weak_detach_rate=5
[2026-02-20 17:39:02] DEBUG: 	tip_coverage_rate=2
[2026-02-20 17:39:02] DEBUG: 	tip_length_rate=2
[2026-02-20 17:39:02] DEBUG: 	output_gfa_before_rr=1
[2026-02-20 17:39:02] DEBUG: 	remove_alt_edges=0
[2026-02-20 17:39:02] DEBUG: 	low_cutoff_warning=0
[2026-02-20 17:39:02] DEBUG: 	kmer_size=17
[2026-02-20 17:39:02] DEBUG: 	use_minimizers=1
[2026-02-20 17:39:02] DEBUG: 	minimizer_window=10
[2026-02-20 17:39:02] DEBUG: 	reads_base_alignment=1
[2026-02-20 17:39:02] DEBUG: 	meta_read_top_kmer_rate=0.75
[2026-02-20 17:39:02] DEBUG: 	maximum_jump=1500
[2026-02-20 17:39:02] DEBUG: 	maximum_overhang=1500
[2026-02-20 17:39:02] DEBUG: 	repeat_kmer_rate=100
[2026-02-20 17:39:02] DEBUG: 	assemble_ovlp_divergence=0.03
[2026-02-20 17:39:02] DEBUG: 	assemble_divergence_relative=1
[2026-02-20 17:39:02] DEBUG: 	repeat_graph_ovlp_divergence=0.03
[2026-02-20 17:39:02] DEBUG: 	read_align_ovlp_divergence=0.10
[2026-02-20 17:39:02] DEBUG: 	hpc_scoring_on=1
[2026-02-20 17:39:02] DEBUG: 	add_unassembled_reads=0
[2026-02-20 17:39:02] DEBUG: 	extend_contigs_with_repeats=0
[2026-02-20 17:39:02] DEBUG: 	min_read_cov_cutoff=3
[2026-02-20 17:39:02] DEBUG: 	short_tip_length=20000
[2026-02-20 17:39:02] DEBUG: 	long_tip_length=100000
[2026-02-20 17:39:02] DEBUG: Running with k-mer size: 17
[2026-02-20 17:39:02] DEBUG: Selected minimum overlap 2000
[2026-02-20 17:39:02] DEBUG: Metagenome mode: Y
[2026-02-20 17:39:02] INFO: Parsing disjointigs
[2026-02-20 17:39:02] DEBUG: Building positional index
[2026-02-20 17:39:02] DEBUG: Total sequence: 6643841 bp
[2026-02-20 17:39:02] INFO: Building repeat graph
[2026-02-20 17:39:02] DEBUG: Mean k-mer frequency: 1.17344
[2026-02-20 17:39:02] DEBUG: Repetitive k-mer frequency: 117
[2026-02-20 17:39:02] DEBUG: Filtered 0 repetitive k-mers (0)
[2026-02-20 17:39:03] DEBUG: Sorting k-mer index
[2026-02-20 17:39:03] DEBUG: Selected k-mers: 1028966
[2026-02-20 17:39:03] DEBUG: K-mer index size: 1207432
[2026-02-20 17:39:03] DEBUG: Mean k-mer frequency: 1.17344
[2026-02-20 17:39:03] DEBUG: Minimizer rate: 5.50246
[2026-02-20 17:39:05] DEBUG: Computing transitive closure for overlaps
[2026-02-20 17:39:05] DEBUG: Found 1322 overlaps
[2026-02-20 17:39:05] DEBUG: Left 540 overlaps after filtering
[2026-02-20 17:39:05] INFO: Median overlap divergence: 0.0437074
[2026-02-20 17:39:05] DEBUG: Sequence divergence distribution: 

    |*     |                                                                                             
    |*     |                                                                                             
    |*     |                                                                                             
    |*     |                                                                                             
    |*     |                                                                                             
    |*     |                                                                                             
    |*     |                                                                                             
    |*     | *  *                                                                                        
    |*     | *  *                                                                                        
    |**    |**  *                                                                                        
    |**    |**  *                                                                                        
    |**    |**  *                                                                                        
    |** * *|** **                                                                                        
    |** * *|*****                                                                                        
    |** * *|***** * * *                                                                                  
    |** * ********* * *         *                                                                        
    |** * ********* * *         *                                                                        
    |**************** *         *     *                                                                  
    |**************** ****    * *     *                  **                                              
    |********************* *  * *    ***               * **              *                               
    ----------------------------------------------------------------------------------------------------
    0%        5%        10%       15%       20%       25%       30%       35%       40%       45%       

    Q25 = 0.019, Q50 = 0.044, Q75 = 0.067

[2026-02-20 17:39:05] DEBUG: Computing gluepoints
[2026-02-20 17:39:05] DEBUG: Added 1 gluepoint projections
[2026-02-20 17:39:05] DEBUG: Added 0 gluepoint projections
[2026-02-20 17:39:05] DEBUG: Created 1044 gluepoints
[2026-02-20 17:39:05] DEBUG: Artificial loops removed: 5 left, 5 right, 8 both
[2026-02-20 17:39:05] DEBUG: Initializing edges
[2026-02-20 17:39:05] DEBUG: Edges length checksum: 38209029757
[2026-02-20 17:39:05] DEBUG: Filtered 0 singleton segments
[2026-02-20 17:39:05] DEBUG: Removed 0 simple and 0 double chimeric junctions
[2026-02-20 17:39:05] DEBUG: Collapsed 67 edges
[2026-02-20 17:39:05] DEBUG:  	2	+disjointig_1	3902	6133	2231	
[2026-02-20 17:39:05] DEBUG:  	5	+disjointig_1	6133	8581	2448	
[2026-02-20 17:39:05] DEBUG:  	7	+disjointig_1	8581	26898	18317	
[2026-02-20 17:39:05] DEBUG:  	8	+disjointig_1	26898	33603	6705	
[2026-02-20 17:39:05] DEBUG:  	10	+disjointig_1	33603	35935	2332	
[2026-02-20 17:39:05] DEBUG:  	12	+disjointig_1	35935	43793	7858	
[2026-02-20 17:39:05] DEBUG: *	282	+disjointig_1	43793	49081	5288	
[2026-02-20 17:39:05] DEBUG:  	2	+disjointig_1	49081	51312	2231	
[2026-02-20 17:39:05] DEBUG:  	5	+disjointig_1	51312	53760	2448	
[2026-02-20 17:39:05] DEBUG:  	7	+disjointig_1	53760	72077	18317	
[2026-02-20 17:39:05] DEBUG:  	8	+disjointig_1	72077	78782	6705	
[2026-02-20 17:39:05] DEBUG:  	10	+disjointig_1	78782	81114	2332	
[2026-02-20 17:39:05] DEBUG:  	12	+disjointig_1	81114	88972	7858	
[2026-02-20 17:39:05] DEBUG: *	285	+disjointig_1	88972	133204	44232	
[2026-02-20 17:39:05] DEBUG:  	17	+disjointig_1	133204	136491	3287	
[2026-02-20 17:39:05] DEBUG: *	19	+disjointig_1	136491	139323	2832	
[2026-02-20 17:39:05] DEBUG: *	287	+disjointig_1	139323	353215	213892	
[2026-02-20 17:39:05] DEBUG: *	24	+disjointig_1	353215	367896	14681	
[2026-02-20 17:39:05] DEBUG: *	288	+disjointig_1	367896	422341	54445	
[2026-02-20 17:39:05] DEBUG:  	289	+disjointig_1	422341	427751	5410	
[2026-02-20 17:39:05] DEBUG: *	294	+disjointig_1	427751	485696	57945	
[2026-02-20 17:39:05] DEBUG: *	44	+disjointig_1	485696	486457	761	
[2026-02-20 17:39:05] DEBUG:  	46	+disjointig_1	486457	490249	3792	
[2026-02-20 17:39:05] DEBUG: *	47	+disjointig_1	490249	572556	82307	
[2026-02-20 17:39:05] DEBUG: *	296	+disjointig_1	572556	694671	122115	
[2026-02-20 17:39:05] DEBUG: *	53	+disjointig_1	694671	962756	268085	
[2026-02-20 17:39:05] DEBUG: *	297	+disjointig_1	962756	1009114	46358	
[2026-02-20 17:39:05] DEBUG: *	298	+disjointig_1	1009114	1035719	26605	
[2026-02-20 17:39:05] DEBUG: *	299	+disjointig_1	1035719	1055896	20177	
[2026-02-20 17:39:05] DEBUG: *	300	+disjointig_1	1055896	1118248	62352	
[2026-02-20 17:39:05] DEBUG: *	67	+disjointig_1	1118248	1120360	2112	
[2026-02-20 17:39:05] DEBUG:  	-31	+disjointig_1	1120360	1127486	7126	
[2026-02-20 17:39:05] DEBUG:  	289	+disjointig_1	1127486	1132809	5323	
[2026-02-20 17:39:05] DEBUG: *	-290	+disjointig_1	1132809	1167951	35142	
[2026-02-20 17:39:05] DEBUG:  	289	+disjointig_1	1167951	1173294	5343	
[2026-02-20 17:39:05] DEBUG: *	-30	+disjointig_1	1173294	1298351	125057	
[2026-02-20 17:39:05] DEBUG:  	289	+disjointig_1	1298351	1303786	5435	
[2026-02-20 17:39:05] DEBUG: *	39	+disjointig_1	1303786	1355462	51676	
[2026-02-20 17:39:05] DEBUG: *	-291	+disjointig_1	1355462	1392898	37436	
[2026-02-20 17:39:05] DEBUG:  	289	+disjointig_1	1392898	1398226	5328	
[2026-02-20 17:39:05] DEBUG: *	40	+disjointig_1	1398226	1428097	29871	
[2026-02-20 17:39:05] DEBUG: *	301	+disjointig_1	1428097	1497112	69015	
[2026-02-20 17:39:05] DEBUG: *	75	+disjointig_1	1497112	1498951	1839	
[2026-02-20 17:39:05] DEBUG: *	302	+disjointig_1	1498951	1565329	66378	
[2026-02-20 17:39:05] DEBUG: *	303	+disjointig_1	1565329	1683629	118300	
[2026-02-20 17:39:05] DEBUG: *	83	+disjointig_1	1683629	1690401	6772	
[2026-02-20 17:39:05] DEBUG: *	304	+disjointig_1	1690401	1708990	18589	
[2026-02-20 17:39:05] DEBUG:  	87	+disjointig_1	1708990	1712822	3832	
[2026-02-20 17:39:05] DEBUG: *	89	+disjointig_1	1712822	1717705	4883	
[2026-02-20 17:39:05] DEBUG:  	91	+disjointig_1	1717705	1720166	2461	
[2026-02-20 17:39:05] DEBUG: *	92	+disjointig_1	1720166	1777256	57090	
[2026-02-20 17:39:05] DEBUG: *	-295	+disjointig_1	1777256	1912508	135252	
[2026-02-20 17:39:05] DEBUG:  	-289	+disjointig_1	1912508	1917754	5246	
[2026-02-20 17:39:05] DEBUG: *	292	+disjointig_1	1917754	2168049	250295	
[2026-02-20 17:39:05] DEBUG: *	305	+disjointig_1	2168049	2459356	291307	
[2026-02-20 17:39:05] DEBUG: *	306	+disjointig_1	2459356	2485811	26455	
[2026-02-20 17:39:05] DEBUG:  	109	+disjointig_1	2485811	2497033	11222	
[2026-02-20 17:39:05] DEBUG: *	307	+disjointig_1	2497033	2565254	68221	
[2026-02-20 17:39:05] DEBUG:  	308	+disjointig_1	2565254	2578379	13125	
[2026-02-20 17:39:05] DEBUG: *	-42	+disjointig_1	2578379	2613030	34651	
[2026-02-20 17:39:05] DEBUG:  	-289	+disjointig_1	2613030	2618445	5415	
[2026-02-20 17:39:05] DEBUG: *	293	+disjointig_1	2618445	2707695	89250	
[2026-02-20 17:39:05] DEBUG: *	120	+disjointig_1	2707695	2709184	1489	
[2026-02-20 17:39:05] DEBUG: *	310	+disjointig_1	2709184	2867419	158235	
[2026-02-20 17:39:05] DEBUG:  	125	+disjointig_1	2867419	2869856	2437	
[2026-02-20 17:39:05] DEBUG: *	127	+disjointig_1	2869856	2871153	1297	
[2026-02-20 17:39:05] DEBUG:  	129	+disjointig_1	2871153	2874560	3407	
[2026-02-20 17:39:05] DEBUG: *	130	+disjointig_1	2874560	2880966	6406	
[2026-02-20 17:39:05] DEBUG: *	311	+disjointig_1	2880966	2971507	90541	
[2026-02-20 17:39:05] DEBUG: *	135	+disjointig_1	2971507	2985741	14234	
[2026-02-20 17:39:05] DEBUG: *	312	+disjointig_1	2985741	3213935	228194	
[2026-02-20 17:39:05] DEBUG: *	141	+disjointig_1	3213935	3221372	7437	
[2026-02-20 17:39:05] DEBUG: *	313	+disjointig_1	3221372	3515452	294080	
[2026-02-20 17:39:05] DEBUG:  	145	+disjointig_1	3515452	3520581	5129	
[2026-02-20 17:39:05] DEBUG: *	147	+disjointig_1	3520581	3522823	2242	
[2026-02-20 17:39:05] DEBUG: *	314	+disjointig_1	3522823	3733645	210822	
[2026-02-20 17:39:05] DEBUG: *	153	+disjointig_1	3733645	3734576	931	
[2026-02-20 17:39:05] DEBUG:  	155	+disjointig_1	3734576	3736871	2295	
[2026-02-20 17:39:05] DEBUG: *	156	+disjointig_1	3736871	3746151	9280	
[2026-02-20 17:39:05] DEBUG: *	315	+disjointig_1	3746151	3794023	47872	
[2026-02-20 17:39:05] DEBUG: *	161	+disjointig_1	3794023	4095978	301955	
[2026-02-20 17:39:05] DEBUG:  	163	+disjointig_1	4095978	4099697	3719	
[2026-02-20 17:39:05] DEBUG: *	316	+disjointig_1	4099697	4282042	182345	
[2026-02-20 17:39:05] DEBUG: *	317	+disjointig_1	4282042	4335833	53791	
[2026-02-20 17:39:05] DEBUG: *	171	+disjointig_1	4335833	4338149	2316	
[2026-02-20 17:39:05] DEBUG: *	-283	+disjointig_1	4338149	4488770	150621	
[2026-02-20 17:39:05] DEBUG:  	2	+disjointig_1	4488770	4491000	2230	
[2026-02-20 17:39:05] DEBUG: *	6	+disjointig_1	4491000	4493516	2516	
[2026-02-20 17:39:05] DEBUG:  	7	+disjointig_1	4493516	4511847	18331	
[2026-02-20 17:39:05] DEBUG: *	284	+disjointig_1	4511847	4573456	61609	
[2026-02-20 17:39:05] DEBUG: *	318	+disjointig_1	4573456	4601492	28036	
[2026-02-20 17:39:05] DEBUG: *	319	+disjointig_1	4601492	4707044	105552	
[2026-02-20 17:39:05] DEBUG:  	186	+disjointig_1	4707044	4709716	2672	
[2026-02-20 17:39:05] DEBUG: *	188	+disjointig_1	4709716	4720247	10531	
[2026-02-20 17:39:05] DEBUG:  	321	+disjointig_1	4720247	4734787	14540	
[2026-02-20 17:39:05] DEBUG: *	-286	+disjointig_1	4734787	4742082	7295	
[2026-02-20 17:39:05] DEBUG: *	195	+disjointig_10	0	7275	7275	
[2026-02-20 17:39:05] DEBUG: *	196	+disjointig_11	0	34773	34773	
[2026-02-20 17:39:05] DEBUG: *	197	+disjointig_12	0	35264	35264	
[2026-02-20 17:39:05] DEBUG:  	323	+disjointig_13	1664	5441	3777	
[2026-02-20 17:39:05] DEBUG: *	203	+disjointig_13	5441	14555	9114	
[2026-02-20 17:39:05] DEBUG:  	206	+disjointig_13	14555	18387	3832	
[2026-02-20 17:39:05] DEBUG: *	208	+disjointig_13	18387	22202	3815	
[2026-02-20 17:39:05] DEBUG:  	211	+disjointig_13	22202	24290	2088	
[2026-02-20 17:39:05] DEBUG: *	213	+disjointig_13	24290	25173	883	
[2026-02-20 17:39:05] DEBUG:  	216	+disjointig_13	25173	27944	2771	
[2026-02-20 17:39:05] DEBUG: *	217	+disjointig_13	27944	32861	4917	
[2026-02-20 17:39:05] DEBUG:  	219	+disjointig_13	32861	34894	2033	
[2026-02-20 17:39:05] DEBUG:  	220	+disjointig_13	34894	35774	880	
[2026-02-20 17:39:05] DEBUG: *	221	+disjointig_13	35774	37834	2060	
[2026-02-20 17:39:05] DEBUG:  	223	+disjointig_13	37834	38923	1089	
[2026-02-20 17:39:05] DEBUG:  	225	+disjointig_13	38923	42702	3779	
[2026-02-20 17:39:05] DEBUG: *	227	+disjointig_13	42702	53620	10918	
[2026-02-20 17:39:05] DEBUG: *	-146	+disjointig_14	0	2717	2717	
[2026-02-20 17:39:05] DEBUG:  	145	+disjointig_14	2717	7842	5125	
[2026-02-20 17:39:05] DEBUG: *	148	+disjointig_14	7842	10077	2235	
[2026-02-20 17:39:05] DEBUG: *	84	+disjointig_15	15876	33836	17960	
[2026-02-20 17:39:05] DEBUG: *	229	+disjointig_16	0	35194	35194	
[2026-02-20 17:39:05] DEBUG: *	172	+disjointig_17	8400	41501	33101	
[2026-02-20 17:39:05] DEBUG: *	230	+disjointig_18	0	2432	2432	
[2026-02-20 17:39:05] DEBUG:  	-204	+disjointig_2	17	5815	5798	
[2026-02-20 17:39:05] DEBUG:  	-323	+disjointig_2	5815	10039	4224	
[2026-02-20 17:39:05] DEBUG:  	200	+disjointig_2	10039	12061	2022	
[2026-02-20 17:39:05] DEBUG:  	231	+disjointig_2	12061	14289	2228	
[2026-02-20 17:39:05] DEBUG: *	324	+disjointig_2	14289	37159	22870	
[2026-02-20 17:39:05] DEBUG:  	-228	+disjointig_2	37159	38504	1345	
[2026-02-20 17:39:05] DEBUG:  	-225	+disjointig_2	38504	42563	4059	
[2026-02-20 17:39:05] DEBUG: *	226	+disjointig_2	42563	44589	2026	
[2026-02-20 17:39:05] DEBUG:  	-222	+disjointig_2	44589	46220	1631	
[2026-02-20 17:39:05] DEBUG:  	-220	+disjointig_2	46220	47104	884	
[2026-02-20 17:39:05] DEBUG: *	-215	+disjointig_2	47104	59063	11959	
[2026-02-20 17:39:05] DEBUG:  	-211	+disjointig_2	59063	61943	2880	
[2026-02-20 17:39:05] DEBUG:  	212	+disjointig_2	61943	64274	2331	
[2026-02-20 17:39:05] DEBUG: *	-209	+disjointig_2	64274	66133	1859	
[2026-02-20 17:39:05] DEBUG:  	-206	+disjointig_2	66133	69966	3833	
[2026-02-20 17:39:05] DEBUG:  	207	+disjointig_2	69966	74690	4724	
[2026-02-20 17:39:05] DEBUG:  	-204	+disjointig_2	74690	80206	5516	
[2026-02-20 17:39:05] DEBUG:  	-323	+disjointig_2	80206	84430	4224	
[2026-02-20 17:39:05] DEBUG:  	200	+disjointig_2	84430	86448	2018	
[2026-02-20 17:39:05] DEBUG:  	231	+disjointig_2	86448	88679	2231	
[2026-02-20 17:39:05] DEBUG: *	237	+disjointig_20	0	37161	37161	
[2026-02-20 17:39:05] DEBUG: *	238	+disjointig_21	0	3224	3224	
[2026-02-20 17:39:05] DEBUG: *	309	+disjointig_22	4369	9612	5243	
[2026-02-20 17:39:05] DEBUG: *	162	+disjointig_23	7202	18040	10838	
[2026-02-20 17:39:05] DEBUG: *	-126	+disjointig_24	0	13584	13584	
[2026-02-20 17:39:05] DEBUG:  	125	+disjointig_24	13584	16013	2429	
[2026-02-20 17:39:05] DEBUG: *	128	+disjointig_24	16013	17503	1490	
[2026-02-20 17:39:05] DEBUG:  	129	+disjointig_24	17503	20911	3408	
[2026-02-20 17:39:05] DEBUG: *	131	+disjointig_24	20911	27299	6388	
[2026-02-20 17:39:05] DEBUG:  	-308	+disjointig_25	1184	14300	13116	
[2026-02-20 17:39:05] DEBUG: *	116	+disjointig_25	14300	17660	3360	
[2026-02-20 17:39:05] DEBUG: *	-142	+disjointig_26	17154	27642	10488	
[2026-02-20 17:39:05] DEBUG: *	240	+disjointig_27	0	8465	8465	
[2026-02-20 17:39:05] DEBUG:  	241	+disjointig_27	8465	12431	3966	
[2026-02-20 17:39:05] DEBUG: *	243	+disjointig_27	12431	26064	13633	
[2026-02-20 17:39:05] DEBUG: *	-80	+disjointig_29	0	7448	7448	
[2026-02-20 17:39:05] DEBUG: *	56	+disjointig_3	6204	43557	37353	
[2026-02-20 17:39:05] DEBUG:  	245	+disjointig_3	43557	45693	2136	
[2026-02-20 17:39:05] DEBUG: *	247	+disjointig_3	45693	48518	2825	
[2026-02-20 17:39:05] DEBUG: *	325	+disjointig_3	48518	54960	6442	
[2026-02-20 17:39:05] DEBUG: *	-48	+disjointig_30	0	10956	10956	
[2026-02-20 17:39:05] DEBUG:  	-46	+disjointig_30	10956	14747	3791	
[2026-02-20 17:39:05] DEBUG: *	-45	+disjointig_30	14747	15414	667	
[2026-02-20 17:39:05] DEBUG: *	251	+disjointig_31	0	6019	6019	
[2026-02-20 17:39:05] DEBUG: *	59	+disjointig_32	12823	15252	2429	
[2026-02-20 17:39:05] DEBUG: *	-248	+disjointig_33	2693	9982	7289	
[2026-02-20 17:39:05] DEBUG:  	-245	+disjointig_33	9982	12114	2132	
[2026-02-20 17:39:05] DEBUG: *	246	+disjointig_33	12114	27913	15799	
[2026-02-20 17:39:05] DEBUG: *	-88	+disjointig_34	0	3867	3867	
[2026-02-20 17:39:05] DEBUG:  	87	+disjointig_34	3867	7699	3832	
[2026-02-20 17:39:05] DEBUG: *	90	+disjointig_34	7699	17660	9961	
[2026-02-20 17:39:05] DEBUG:  	91	+disjointig_34	17660	20121	2461	
[2026-02-20 17:39:05] DEBUG: *	93	+disjointig_34	20121	31977	11856	
[2026-02-20 17:39:05] DEBUG: *	252	+disjointig_35	0	12304	12304	
[2026-02-20 17:39:05] DEBUG: *	253	+disjointig_36	0	32322	32322	
[2026-02-20 17:39:05] DEBUG: *	254	+disjointig_37	0	18882	18882	
[2026-02-20 17:39:05] DEBUG: *	255	+disjointig_38	0	12550	12550	
[2026-02-20 17:39:05] DEBUG:  	256	+disjointig_38	12550	16793	4243	
[2026-02-20 17:39:05] DEBUG: *	257	+disjointig_38	16793	45117	28324	
[2026-02-20 17:39:05] DEBUG: *	258	+disjointig_39	0	3026	3026	
[2026-02-20 17:39:05] DEBUG: *	259	+disjointig_40	0	6582	6582	
[2026-02-20 17:39:05] DEBUG:  	321	+disjointig_41	4592	19130	14538	
[2026-02-20 17:39:05] DEBUG: *	260	+disjointig_42	0	18337	18337	
[2026-02-20 17:39:05] DEBUG: *	261	+disjointig_43	0	3717	3717	
[2026-02-20 17:39:05] DEBUG: *	262	+disjointig_44	0	3135	3135	
[2026-02-20 17:39:05] DEBUG: *	-25	+disjointig_45	0	4969	4969	
[2026-02-20 17:39:05] DEBUG: *	263	+disjointig_47	0	2412	2412	
[2026-02-20 17:39:05] DEBUG:  	231	+disjointig_5	2267	4494	2227	
[2026-02-20 17:39:05] DEBUG:  	234	+disjointig_5	4494	7186	2692	
[2026-02-20 17:39:05] DEBUG:  	-256	+disjointig_5	7186	11432	4246	
[2026-02-20 17:39:05] DEBUG:  	-236	+disjointig_5	11432	19508	8076	
[2026-02-20 17:39:05] DEBUG:  	-228	+disjointig_5	19508	20853	1345	
[2026-02-20 17:39:05] DEBUG:  	-225	+disjointig_5	20853	24912	4059	
[2026-02-20 17:39:05] DEBUG:  	-223	+disjointig_5	24912	25721	809	
[2026-02-20 17:39:05] DEBUG:  	224	+disjointig_5	25721	26920	1199	
[2026-02-20 17:39:05] DEBUG:  	-222	+disjointig_5	26920	28551	1631	
[2026-02-20 17:39:05] DEBUG:  	-220	+disjointig_5	28551	29435	884	
[2026-02-20 17:39:05] DEBUG:  	-219	+disjointig_5	29435	31468	2033	
[2026-02-20 17:39:05] DEBUG:  	-218	+disjointig_5	31468	36096	4628	
[2026-02-20 17:39:05] DEBUG:  	-216	+disjointig_5	36096	38866	2770	
[2026-02-20 17:39:05] DEBUG:  	-214	+disjointig_5	38866	40576	1710	
[2026-02-20 17:39:05] DEBUG:  	-211	+disjointig_5	40576	43458	2882	
[2026-02-20 17:39:05] DEBUG:  	212	+disjointig_5	43458	45787	2329	
[2026-02-20 17:39:05] DEBUG: *	-210	+disjointig_5	45787	48187	2400	
[2026-02-20 17:39:05] DEBUG:  	-206	+disjointig_5	48187	51884	3697	
[2026-02-20 17:39:05] DEBUG:  	207	+disjointig_5	51884	56423	4539	
[2026-02-20 17:39:05] DEBUG: *	-205	+disjointig_5	56423	63939	7516	
[2026-02-20 17:39:05] DEBUG:  	-323	+disjointig_5	63939	68160	4221	
[2026-02-20 17:39:05] DEBUG: *	-322	+disjointig_5	68160	71517	3357	
[2026-02-20 17:39:05] DEBUG:  	231	+disjointig_5	71517	73754	2237	
[2026-02-20 17:39:05] DEBUG:  	234	+disjointig_5	73754	76453	2699	
[2026-02-20 17:39:05] DEBUG:  	-256	+disjointig_5	76453	80697	4244	
[2026-02-20 17:39:05] DEBUG:  	-236	+disjointig_5	80697	88786	8089	
[2026-02-20 17:39:05] DEBUG:  	-228	+disjointig_5	88786	90131	1345	
[2026-02-20 17:39:05] DEBUG:  	-225	+disjointig_5	90131	94188	4057	
[2026-02-20 17:39:05] DEBUG:  	-223	+disjointig_5	94188	94997	809	
[2026-02-20 17:39:05] DEBUG:  	224	+disjointig_5	94997	96196	1199	
[2026-02-20 17:39:05] DEBUG:  	-222	+disjointig_5	96196	97827	1631	
[2026-02-20 17:39:05] DEBUG:  	-220	+disjointig_5	97827	98711	884	
[2026-02-20 17:39:05] DEBUG:  	-219	+disjointig_5	98711	100744	2033	
[2026-02-20 17:39:05] DEBUG:  	-218	+disjointig_5	100744	105373	4629	
[2026-02-20 17:39:05] DEBUG:  	-216	+disjointig_5	105373	108143	2770	
[2026-02-20 17:39:05] DEBUG:  	-214	+disjointig_5	108143	109851	1708	
[2026-02-20 17:39:05] DEBUG:  	-211	+disjointig_5	109851	112442	2591	
[2026-02-20 17:39:05] DEBUG:  	212	+disjointig_5	112442	115019	2577	
[2026-02-20 17:39:05] DEBUG: *	-244	+disjointig_51	0	20460	20460	
[2026-02-20 17:39:05] DEBUG:  	-241	+disjointig_51	20460	24427	3967	
[2026-02-20 17:39:05] DEBUG: *	242	+disjointig_51	24427	30777	6350	
[2026-02-20 17:39:05] DEBUG: *	264	+disjointig_52	0	6815	6815	
[2026-02-20 17:39:05] DEBUG: *	-184	+disjointig_53	0	5352	5352	
[2026-02-20 17:39:05] DEBUG: *	-194	+disjointig_54	0	6867	6867	
[2026-02-20 17:39:05] DEBUG: *	265	+disjointig_55	0	2444	2444	
[2026-02-20 17:39:05] DEBUG: *	-164	+disjointig_56	0	6149	6149	
[2026-02-20 17:39:05] DEBUG:  	163	+disjointig_56	6149	9877	3728	
[2026-02-20 17:39:05] DEBUG: *	166	+disjointig_56	9877	29934	20057	
[2026-02-20 17:39:05] DEBUG: *	68	+disjointig_57	3695	6417	2722	
[2026-02-20 17:39:05] DEBUG:  	-31	+disjointig_57	6417	13405	6988	
[2026-02-20 17:39:05] DEBUG:  	289	+disjointig_57	13405	18727	5322	
[2026-02-20 17:39:05] DEBUG: *	266	+disjointig_58	0	3909	3909	
[2026-02-20 17:39:05] DEBUG: *	-72	+disjointig_59	0	5444	5444	
[2026-02-20 17:39:05] DEBUG: *	267	+disjointig_6	0	3559	3559	
[2026-02-20 17:39:05] DEBUG: *	-99	+disjointig_62	0	6562	6562	
[2026-02-20 17:39:05] DEBUG: *	268	+disjointig_63	0	2710	2710	
[2026-02-20 17:39:05] DEBUG: *	-27	+disjointig_64	0	10056	10056	
[2026-02-20 17:39:05] DEBUG: *	-95	+disjointig_65	0	4907	4907	
[2026-02-20 17:39:05] DEBUG: *	269	+disjointig_66	0	2879	2879	
[2026-02-20 17:39:05] DEBUG: *	-110	+disjointig_67	0	2346	2346	
[2026-02-20 17:39:05] DEBUG:  	109	+disjointig_67	2346	13564	11218	
[2026-02-20 17:39:05] DEBUG: *	270	+disjointig_68	0	4993	4993	
[2026-02-20 17:39:05] DEBUG: *	136	+disjointig_69	5307	14963	9656	
[2026-02-20 17:39:05] DEBUG: *	271	+disjointig_7	0	36517	36517	
[2026-02-20 17:39:05] DEBUG: *	272	+disjointig_70	0	5432	5432	
[2026-02-20 17:39:05] DEBUG: *	-157	+disjointig_71	12324	29355	17031	
[2026-02-20 17:39:05] DEBUG:  	-155	+disjointig_71	29355	31650	2295	
[2026-02-20 17:39:05] DEBUG: *	-154	+disjointig_71	31650	32581	931	
[2026-02-20 17:39:05] DEBUG: *	-138	+disjointig_73	0	8472	8472	
[2026-02-20 17:39:05] DEBUG: *	273	+disjointig_74	0	2251	2251	
[2026-02-20 17:39:05] DEBUG: *	169	+disjointig_75	13601	18369	4768	
[2026-02-20 17:39:05] DEBUG: *	-50	+disjointig_76	0	7645	7645	
[2026-02-20 17:39:05] DEBUG: *	-11	+disjointig_77	0	13391	13391	
[2026-02-20 17:39:05] DEBUG:  	10	+disjointig_77	13391	15722	2331	
[2026-02-20 17:39:05] DEBUG: *	13	+disjointig_77	15722	21807	6085	
[2026-02-20 17:39:05] DEBUG: *	274	+disjointig_78	0	4112	4112	
[2026-02-20 17:39:05] DEBUG: *	-107	+disjointig_79	0	4676	4676	
[2026-02-20 17:39:05] DEBUG: *	-76	+disjointig_8	5868	26240	20372	
[2026-02-20 17:39:05] DEBUG: *	275	+disjointig_81	0	3040	3040	
[2026-02-20 17:39:05] DEBUG: *	62	+disjointig_83	3464	6798	3334	
[2026-02-20 17:39:05] DEBUG: *	121	+disjointig_84	4809	17926	13117	
[2026-02-20 17:39:05] DEBUG: *	54	+disjointig_86	8650	12360	3710	
[2026-02-20 17:39:05] DEBUG: *	179	+disjointig_87	13922	27823	13901	
[2026-02-20 17:39:05] DEBUG: *	276	+disjointig_88	0	3195	3195	
[2026-02-20 17:39:05] DEBUG: *	277	+disjointig_89	0	3002	3002	
[2026-02-20 17:39:05] DEBUG: *	-20	+disjointig_9	4238	6411	2173	
[2026-02-20 17:39:05] DEBUG:  	-17	+disjointig_9	6411	9675	3264	
[2026-02-20 17:39:05] DEBUG: *	18	+disjointig_9	9675	37159	27484	
[2026-02-20 17:39:05] DEBUG: *	-111	+disjointig_90	0	11324	11324	
[2026-02-20 17:39:05] DEBUG:  	109	+disjointig_90	11324	22542	11218	
[2026-02-20 17:39:05] DEBUG: *	113	+disjointig_90	22542	29603	7061	
[2026-02-20 17:39:05] DEBUG: *	278	+disjointig_91	0	6013	6013	
[2026-02-20 17:39:05] DEBUG: *	-70	+disjointig_92	0	2991	2991	
[2026-02-20 17:39:05] DEBUG: *	279	+disjointig_93	0	19166	19166	
[2026-02-20 17:39:05] DEBUG: *	280	+disjointig_94	0	2756	2756	
[2026-02-20 17:39:05] DEBUG: *	281	+disjointig_95	0	4377	4377	
[2026-02-20 17:39:05] DEBUG: *	-320	+disjointig_96	1077	11878	10801	
[2026-02-20 17:39:05] DEBUG:  	-186	+disjointig_96	11878	14550	2672	
[2026-02-20 17:39:05] DEBUG: *	187	+disjointig_96	14550	27071	12521	
[2026-02-20 17:39:05] DEBUG: Total edges: 325
[2026-02-20 17:39:05] INFO: Parsing reads
[2026-02-20 17:39:07] DEBUG: Building positional index
[2026-02-20 17:39:07] DEBUG: Total sequence: 1090220540 bp
[2026-02-20 17:39:07] DEBUG: Building positional index
[2026-02-20 17:39:07] DEBUG: Total sequence: 6075912 bp
[2026-02-20 17:39:07] INFO: Aligning reads to the graph
[2026-02-20 17:39:08] DEBUG: Mean k-mer frequency: 1.0893
[2026-02-20 17:39:08] DEBUG: Repetitive k-mer frequency: 108
[2026-02-20 17:39:08] DEBUG: Filtered 0 repetitive k-mers (0)
[2026-02-20 17:39:08] DEBUG: Sorting k-mer index
[2026-02-20 17:39:08] DEBUG: Selected k-mers: 1013221
[2026-02-20 17:39:08] DEBUG: K-mer index size: 1103698
[2026-02-20 17:39:08] DEBUG: Mean k-mer frequency: 1.0893
[2026-02-20 17:39:08] DEBUG: Minimizer rate: 5.50505
[2026-02-20 17:39:39] DEBUG: Total reads : 131765
[2026-02-20 17:39:39] DEBUG: Read with aligned parts : 130473
[2026-02-20 17:39:39] DEBUG: Aligned in one piece : 130064
[2026-02-20 17:39:39] INFO: Aligned read sequence: 988910338 / 1000741965 (0.988177)
[2026-02-20 17:39:39] INFO: Median overlap divergence: 0.00316769
[2026-02-20 17:39:39] DEBUG: Sequence divergence distribution: 

    |*                   |                                                                               
    |*                   |                                                                               
    |*                   |                                                                               
    |*                   |                                                                               
    |*                   |                                                                               
    |*                   |                                                                               
    |*                   |                                                                               
    |*                   |                                                                               
    |*                   |                                                                               
    |*                   |                                                                               
    |*                   |                                                                               
    |*                   |                                                                               
    |*                   |                                                                               
    |*                   |                                                                               
    |**                  |                                                                               
    |**                  |                                                                               
    |**                  |                                                                               
    |**                  |                                                                               
    |***                 |                                                                               
    |************************************ *    ***  ** * *     *                                         
    ----------------------------------------------------------------------------------------------------
    0%        5%        10%       15%       20%       25%       30%       35%       40%       45%       

    Q25 = 0.0018, Q50 = 0.0032, Q75 = 0.0061

[2026-02-20 17:39:39] INFO: Mean edge coverage: 169
[2026-02-20 17:39:39] DEBUG: 2	len:2230	cov:440	mult:2.60355
[2026-02-20 17:39:39] DEBUG: -2	len:2230	cov:440	mult:2.60355
[2026-02-20 17:39:39] DEBUG: 5	len:2448	cov:222	mult:1.31361
[2026-02-20 17:39:39] DEBUG: -5	len:2448	cov:222	mult:1.31361
[2026-02-20 17:39:39] DEBUG: 6	len:2516	cov:192	mult:1.13609
[2026-02-20 17:39:39] DEBUG: -6	len:2516	cov:192	mult:1.13609
[2026-02-20 17:39:39] DEBUG: 7	len:18321	cov:400	mult:2.36686
[2026-02-20 17:39:39] DEBUG: -7	len:18321	cov:400	mult:2.36686
[2026-02-20 17:39:39] DEBUG: 8	len:6705	cov:234	mult:1.38462
[2026-02-20 17:39:39] DEBUG: -8	len:6705	cov:234	mult:1.38462
[2026-02-20 17:39:39] DEBUG: 10	len:2331	cov:259	mult:1.53254
[2026-02-20 17:39:39] DEBUG: -10	len:2331	cov:259	mult:1.53254
[2026-02-20 17:39:39] DEBUG: 11	len:13391	cov:2	mult:0.0118343
[2026-02-20 17:39:39] DEBUG: -11	len:13391	cov:2	mult:0.0118343
[2026-02-20 17:39:39] DEBUG: 12	len:7858	cov:258	mult:1.52663
[2026-02-20 17:39:39] DEBUG: -12	len:7858	cov:258	mult:1.52663
[2026-02-20 17:39:39] DEBUG: 13	len:6085	cov:5	mult:0.0295858
[2026-02-20 17:39:39] DEBUG: -13	len:6085	cov:5	mult:0.0295858
[2026-02-20 17:39:39] DEBUG: 17	len:3275	cov:198	mult:1.1716
[2026-02-20 17:39:39] DEBUG: -17	len:3275	cov:198	mult:1.1716
[2026-02-20 17:39:39] DEBUG: 18	len:27484	cov:3	mult:0.0177515
[2026-02-20 17:39:39] DEBUG: -18	len:27484	cov:3	mult:0.0177515
[2026-02-20 17:39:39] DEBUG: 19	len:2832	cov:191	mult:1.13018
[2026-02-20 17:39:39] DEBUG: -19	len:2832	cov:191	mult:1.13018
[2026-02-20 17:39:39] DEBUG: 20	len:2173	cov:1	mult:0.00591716
[2026-02-20 17:39:39] DEBUG: -20	len:2173	cov:1	mult:0.00591716
[2026-02-20 17:39:39] DEBUG: 24	len:14681	cov:197	mult:1.16568
[2026-02-20 17:39:39] DEBUG: -24	len:14681	cov:197	mult:1.16568
[2026-02-20 17:39:39] DEBUG: 25	len:4969	cov:6	mult:0.035503
[2026-02-20 17:39:39] DEBUG: -25	len:4969	cov:6	mult:0.035503
[2026-02-20 17:39:39] DEBUG: 27	len:10056	cov:2	mult:0.0118343
[2026-02-20 17:39:39] DEBUG: -27	len:10056	cov:2	mult:0.0118343
[2026-02-20 17:39:39] DEBUG: 30	len:125057	cov:207	mult:1.22485
[2026-02-20 17:39:39] DEBUG: -30	len:125057	cov:207	mult:1.22485
[2026-02-20 17:39:39] DEBUG: 31	len:7057	cov:211	mult:1.24852
[2026-02-20 17:39:39] DEBUG: -31	len:7057	cov:211	mult:1.24852
[2026-02-20 17:39:39] DEBUG: 39	len:51676	cov:193	mult:1.14201
[2026-02-20 17:39:39] DEBUG: -39	len:51676	cov:193	mult:1.14201
[2026-02-20 17:39:39] DEBUG: 40	len:29871	cov:194	mult:1.14793
[2026-02-20 17:39:39] DEBUG: -40	len:29871	cov:194	mult:1.14793
[2026-02-20 17:39:39] DEBUG: 42	len:34651	cov:205	mult:1.21302
[2026-02-20 17:39:39] DEBUG: -42	len:34651	cov:205	mult:1.21302
[2026-02-20 17:39:39] DEBUG: 44	len:761	cov:200	mult:1.18343
[2026-02-20 17:39:39] DEBUG: -44	len:761	cov:200	mult:1.18343
[2026-02-20 17:39:39] DEBUG: 45	len:667	cov:6	mult:0.035503
[2026-02-20 17:39:39] DEBUG: -45	len:667	cov:6	mult:0.035503
[2026-02-20 17:39:39] DEBUG: 46	len:3791	cov:210	mult:1.2426
[2026-02-20 17:39:39] DEBUG: -46	len:3791	cov:210	mult:1.2426
[2026-02-20 17:39:39] DEBUG: 47	len:82307	cov:197	mult:1.16568
[2026-02-20 17:39:39] DEBUG: -47	len:82307	cov:197	mult:1.16568
[2026-02-20 17:39:39] DEBUG: 48	len:10956	cov:5	mult:0.0295858
[2026-02-20 17:39:39] DEBUG: -48	len:10956	cov:5	mult:0.0295858
[2026-02-20 17:39:39] DEBUG: 50	len:7645	cov:1	mult:0.00591716
[2026-02-20 17:39:39] DEBUG: -50	len:7645	cov:1	mult:0.00591716
[2026-02-20 17:39:39] DEBUG: 53	len:268085	cov:213	mult:1.26035
[2026-02-20 17:39:39] DEBUG: -53	len:268085	cov:213	mult:1.26035
[2026-02-20 17:39:39] DEBUG: 54	len:3710	cov:5	mult:0.0295858
[2026-02-20 17:39:39] DEBUG: -54	len:3710	cov:5	mult:0.0295858
[2026-02-20 17:39:39] DEBUG: 56	len:37353	cov:4	mult:0.0236686
[2026-02-20 17:39:39] DEBUG: -56	len:37353	cov:4	mult:0.0236686
[2026-02-20 17:39:39] DEBUG: 59	len:2429	cov:1	mult:0.00591716
[2026-02-20 17:39:39] DEBUG: -59	len:2429	cov:1	mult:0.00591716
[2026-02-20 17:39:39] DEBUG: 62	len:3334	cov:2	mult:0.0118343
[2026-02-20 17:39:39] DEBUG: -62	len:3334	cov:2	mult:0.0118343
[2026-02-20 17:39:39] DEBUG: 67	len:2112	cov:205	mult:1.21302
[2026-02-20 17:39:39] DEBUG: -67	len:2112	cov:205	mult:1.21302
[2026-02-20 17:39:39] DEBUG: 68	len:2722	cov:5	mult:0.0295858
[2026-02-20 17:39:39] DEBUG: -68	len:2722	cov:5	mult:0.0295858
[2026-02-20 17:39:39] DEBUG: 70	len:2991	cov:3	mult:0.0177515
[2026-02-20 17:39:39] DEBUG: -70	len:2991	cov:3	mult:0.0177515
[2026-02-20 17:39:39] DEBUG: 72	len:5444	cov:4	mult:0.0236686
[2026-02-20 17:39:39] DEBUG: -72	len:5444	cov:4	mult:0.0236686
[2026-02-20 17:39:39] DEBUG: 75	len:1839	cov:202	mult:1.19527
[2026-02-20 17:39:39] DEBUG: -75	len:1839	cov:202	mult:1.19527
[2026-02-20 17:39:39] DEBUG: 76	len:20372	cov:6	mult:0.035503
[2026-02-20 17:39:39] DEBUG: -76	len:20372	cov:6	mult:0.035503
[2026-02-20 17:39:39] DEBUG: 80	len:7448	cov:3	mult:0.0177515
[2026-02-20 17:39:39] DEBUG: -80	len:7448	cov:3	mult:0.0177515
[2026-02-20 17:39:39] DEBUG: 83	len:6772	cov:226	mult:1.33728
[2026-02-20 17:39:39] DEBUG: -83	len:6772	cov:226	mult:1.33728
[2026-02-20 17:39:39] DEBUG: 84	len:17960	cov:5	mult:0.0295858
[2026-02-20 17:39:39] DEBUG: -84	len:17960	cov:5	mult:0.0295858
[2026-02-20 17:39:39] DEBUG: 87	len:3832	cov:222	mult:1.31361
[2026-02-20 17:39:39] DEBUG: -87	len:3832	cov:222	mult:1.31361
[2026-02-20 17:39:39] DEBUG: 88	len:3867	cov:3	mult:0.0177515
[2026-02-20 17:39:39] DEBUG: -88	len:3867	cov:3	mult:0.0177515
[2026-02-20 17:39:39] DEBUG: 89	len:4883	cov:209	mult:1.23669
[2026-02-20 17:39:39] DEBUG: -89	len:4883	cov:209	mult:1.23669
[2026-02-20 17:39:39] DEBUG: 90	len:9961	cov:5	mult:0.0295858
[2026-02-20 17:39:39] DEBUG: -90	len:9961	cov:5	mult:0.0295858
[2026-02-20 17:39:39] DEBUG: 91	len:2461	cov:207	mult:1.22485
[2026-02-20 17:39:39] DEBUG: -91	len:2461	cov:207	mult:1.22485
[2026-02-20 17:39:39] DEBUG: 92	len:57090	cov:200	mult:1.18343
[2026-02-20 17:39:39] DEBUG: -92	len:57090	cov:200	mult:1.18343
[2026-02-20 17:39:39] DEBUG: 93	len:11856	cov:4	mult:0.0236686
[2026-02-20 17:39:39] DEBUG: -93	len:11856	cov:4	mult:0.0236686
[2026-02-20 17:39:39] DEBUG: 95	len:4907	cov:2	mult:0.0118343
[2026-02-20 17:39:39] DEBUG: -95	len:4907	cov:2	mult:0.0118343
[2026-02-20 17:39:39] DEBUG: 99	len:6562	cov:4	mult:0.0236686
[2026-02-20 17:39:39] DEBUG: -99	len:6562	cov:4	mult:0.0236686
[2026-02-20 17:39:39] DEBUG: 107	len:4676	cov:3	mult:0.0177515
[2026-02-20 17:39:39] DEBUG: -107	len:4676	cov:3	mult:0.0177515
[2026-02-20 17:39:39] DEBUG: 109	len:11219	cov:197	mult:1.16568
[2026-02-20 17:39:39] DEBUG: -109	len:11219	cov:197	mult:1.16568
[2026-02-20 17:39:39] DEBUG: 110	len:2346	cov:0	mult:0
[2026-02-20 17:39:39] DEBUG: -110	len:2346	cov:0	mult:0
[2026-02-20 17:39:39] DEBUG: 111	len:11324	cov:3	mult:0.0177515
[2026-02-20 17:39:39] DEBUG: -111	len:11324	cov:3	mult:0.0177515
[2026-02-20 17:39:39] DEBUG: 113	len:7061	cov:6	mult:0.035503
[2026-02-20 17:39:39] DEBUG: -113	len:7061	cov:6	mult:0.035503
[2026-02-20 17:39:39] DEBUG: 116	len:3360	cov:3	mult:0.0177515
[2026-02-20 17:39:39] DEBUG: -116	len:3360	cov:3	mult:0.0177515
[2026-02-20 17:39:39] DEBUG: 120	len:1489	cov:193	mult:1.14201
[2026-02-20 17:39:39] DEBUG: -120	len:1489	cov:193	mult:1.14201
[2026-02-20 17:39:39] DEBUG: 121	len:13117	cov:3	mult:0.0177515
[2026-02-20 17:39:39] DEBUG: -121	len:13117	cov:3	mult:0.0177515
[2026-02-20 17:39:39] DEBUG: 125	len:2433	cov:185	mult:1.09467
[2026-02-20 17:39:39] DEBUG: -125	len:2433	cov:185	mult:1.09467
[2026-02-20 17:39:39] DEBUG: 126	len:13584	cov:2	mult:0.0118343
[2026-02-20 17:39:39] DEBUG: -126	len:13584	cov:2	mult:0.0118343
[2026-02-20 17:39:39] DEBUG: 127	len:1297	cov:184	mult:1.08876
[2026-02-20 17:39:39] DEBUG: -127	len:1297	cov:184	mult:1.08876
[2026-02-20 17:39:39] DEBUG: 128	len:1490	cov:4	mult:0.0236686
[2026-02-20 17:39:39] DEBUG: -128	len:1490	cov:4	mult:0.0236686
[2026-02-20 17:39:39] DEBUG: 129	len:3407	cov:189	mult:1.11834
[2026-02-20 17:39:39] DEBUG: -129	len:3407	cov:189	mult:1.11834
[2026-02-20 17:39:39] DEBUG: 130	len:6406	cov:187	mult:1.10651
[2026-02-20 17:39:39] DEBUG: -130	len:6406	cov:187	mult:1.10651
[2026-02-20 17:39:39] DEBUG: 131	len:6388	cov:3	mult:0.0177515
[2026-02-20 17:39:39] DEBUG: -131	len:6388	cov:3	mult:0.0177515
[2026-02-20 17:39:39] DEBUG: 135	len:14234	cov:196	mult:1.15976
[2026-02-20 17:39:39] DEBUG: -135	len:14234	cov:196	mult:1.15976
[2026-02-20 17:39:39] DEBUG: 136	len:9656	cov:1	mult:0.00591716
[2026-02-20 17:39:39] DEBUG: -136	len:9656	cov:1	mult:0.00591716
[2026-02-20 17:39:39] DEBUG: 138	len:8472	cov:2	mult:0.0118343
[2026-02-20 17:39:39] DEBUG: -138	len:8472	cov:2	mult:0.0118343
[2026-02-20 17:39:39] DEBUG: 141	len:7437	cov:129	mult:0.763314
[2026-02-20 17:39:39] DEBUG: -141	len:7437	cov:129	mult:0.763314
[2026-02-20 17:39:39] DEBUG: 142	len:10488	cov:4	mult:0.0236686
[2026-02-20 17:39:39] DEBUG: -142	len:10488	cov:4	mult:0.0236686
[2026-02-20 17:39:39] DEBUG: 145	len:5127	cov:208	mult:1.23077
[2026-02-20 17:39:39] DEBUG: -145	len:5127	cov:208	mult:1.23077
[2026-02-20 17:39:39] DEBUG: 146	len:2717	cov:5	mult:0.0295858
[2026-02-20 17:39:39] DEBUG: -146	len:2717	cov:5	mult:0.0295858
[2026-02-20 17:39:39] DEBUG: 147	len:2242	cov:194	mult:1.14793
[2026-02-20 17:39:39] DEBUG: -147	len:2242	cov:194	mult:1.14793
[2026-02-20 17:39:39] DEBUG: 148	len:2235	cov:2	mult:0.0118343
[2026-02-20 17:39:39] DEBUG: -148	len:2235	cov:2	mult:0.0118343
[2026-02-20 17:39:39] DEBUG: 153	len:931	cov:178	mult:1.05325
[2026-02-20 17:39:39] DEBUG: -153	len:931	cov:178	mult:1.05325
[2026-02-20 17:39:39] DEBUG: 154	len:931	cov:4	mult:0.0236686
[2026-02-20 17:39:39] DEBUG: -154	len:931	cov:4	mult:0.0236686
[2026-02-20 17:39:39] DEBUG: 155	len:2295	cov:199	mult:1.17751
[2026-02-20 17:39:39] DEBUG: -155	len:2295	cov:199	mult:1.17751
[2026-02-20 17:39:39] DEBUG: 156	len:9280	cov:211	mult:1.24852
[2026-02-20 17:39:39] DEBUG: -156	len:9280	cov:211	mult:1.24852
[2026-02-20 17:39:39] DEBUG: 157	len:17031	cov:2	mult:0.0118343
[2026-02-20 17:39:39] DEBUG: -157	len:17031	cov:2	mult:0.0118343
[2026-02-20 17:39:39] DEBUG: 161	len:301955	cov:204	mult:1.2071
[2026-02-20 17:39:39] DEBUG: -161	len:301955	cov:204	mult:1.2071
[2026-02-20 17:39:39] DEBUG: 162	len:10838	cov:2	mult:0.0118343
[2026-02-20 17:39:39] DEBUG: -162	len:10838	cov:2	mult:0.0118343
[2026-02-20 17:39:39] DEBUG: 163	len:3723	cov:225	mult:1.33136
[2026-02-20 17:39:39] DEBUG: -163	len:3723	cov:225	mult:1.33136
[2026-02-20 17:39:39] DEBUG: 164	len:6149	cov:3	mult:0.0177515
[2026-02-20 17:39:39] DEBUG: -164	len:6149	cov:3	mult:0.0177515
[2026-02-20 17:39:39] DEBUG: 166	len:20057	cov:4	mult:0.0236686
[2026-02-20 17:39:39] DEBUG: -166	len:20057	cov:4	mult:0.0236686
[2026-02-20 17:39:39] DEBUG: 169	len:4768	cov:3	mult:0.0177515
[2026-02-20 17:39:39] DEBUG: -169	len:4768	cov:3	mult:0.0177515
[2026-02-20 17:39:39] DEBUG: 171	len:2316	cov:206	mult:1.21893
[2026-02-20 17:39:39] DEBUG: -171	len:2316	cov:206	mult:1.21893
[2026-02-20 17:39:39] DEBUG: 172	len:33101	cov:6	mult:0.035503
[2026-02-20 17:39:39] DEBUG: -172	len:33101	cov:6	mult:0.035503
[2026-02-20 17:39:39] DEBUG: 179	len:13901	cov:3	mult:0.0177515
[2026-02-20 17:39:39] DEBUG: -179	len:13901	cov:3	mult:0.0177515
[2026-02-20 17:39:39] DEBUG: 184	len:5352	cov:2	mult:0.0118343
[2026-02-20 17:39:39] DEBUG: -184	len:5352	cov:2	mult:0.0118343
[2026-02-20 17:39:39] DEBUG: 186	len:2672	cov:197	mult:1.16568
[2026-02-20 17:39:39] DEBUG: -186	len:2672	cov:197	mult:1.16568
[2026-02-20 17:39:39] DEBUG: 187	len:12521	cov:2	mult:0.0118343
[2026-02-20 17:39:39] DEBUG: -187	len:12521	cov:2	mult:0.0118343
[2026-02-20 17:39:39] DEBUG: 188	len:10531	cov:203	mult:1.20118
[2026-02-20 17:39:39] DEBUG: -188	len:10531	cov:203	mult:1.20118
[2026-02-20 17:39:39] DEBUG: 194	len:6867	cov:2	mult:0.0118343
[2026-02-20 17:39:39] DEBUG: -194	len:6867	cov:2	mult:0.0118343
[2026-02-20 17:39:39] DEBUG: 195	len:7275	cov:1	mult:0.00591716
[2026-02-20 17:39:39] DEBUG: -195	len:7275	cov:1	mult:0.00591716
[2026-02-20 17:39:39] DEBUG: 196	len:34773	cov:3	mult:0.0177515
[2026-02-20 17:39:39] DEBUG: -196	len:34773	cov:3	mult:0.0177515
[2026-02-20 17:39:39] DEBUG: 197	len:35264	cov:4	mult:0.0236686
[2026-02-20 17:39:39] DEBUG: -197	len:35264	cov:4	mult:0.0236686
[2026-02-20 17:39:39] DEBUG: 200	len:2020	cov:12	mult:0.0710059
[2026-02-20 17:39:39] DEBUG: -200	len:2020	cov:12	mult:0.0710059
[2026-02-20 17:39:39] DEBUG: 203	len:9114	cov:3	mult:0.0177515
[2026-02-20 17:39:39] DEBUG: -203	len:9114	cov:3	mult:0.0177515
[2026-02-20 17:39:39] DEBUG: 204	len:5657	cov:11	mult:0.0650888
[2026-02-20 17:39:39] DEBUG: -204	len:5657	cov:11	mult:0.0650888
[2026-02-20 17:39:39] DEBUG: 205	len:7516	cov:17	mult:0.100592
[2026-02-20 17:39:39] DEBUG: -205	len:7516	cov:17	mult:0.100592
[2026-02-20 17:39:39] DEBUG: 206	len:3787	cov:36	mult:0.213018
[2026-02-20 17:39:39] DEBUG: -206	len:3787	cov:36	mult:0.213018
[2026-02-20 17:39:39] DEBUG: 207	len:4631	cov:32	mult:0.189349
[2026-02-20 17:39:39] DEBUG: -207	len:4631	cov:32	mult:0.189349
[2026-02-20 17:39:39] DEBUG: 208	len:3815	cov:6	mult:0.035503
[2026-02-20 17:39:39] DEBUG: -208	len:3815	cov:6	mult:0.035503
[2026-02-20 17:39:39] DEBUG: 209	len:1859	cov:12	mult:0.0710059
[2026-02-20 17:39:39] DEBUG: -209	len:1859	cov:12	mult:0.0710059
[2026-02-20 17:39:39] DEBUG: 210	len:2400	cov:10	mult:0.0591716
[2026-02-20 17:39:39] DEBUG: -210	len:2400	cov:10	mult:0.0591716
[2026-02-20 17:39:39] DEBUG: 211	len:2610	cov:18	mult:0.106509
[2026-02-20 17:39:39] DEBUG: -211	len:2610	cov:18	mult:0.106509
[2026-02-20 17:39:39] DEBUG: 212	len:2412	cov:19	mult:0.112426
[2026-02-20 17:39:39] DEBUG: -212	len:2412	cov:19	mult:0.112426
[2026-02-20 17:39:39] DEBUG: 213	len:883	cov:3	mult:0.0177515
[2026-02-20 17:39:39] DEBUG: -213	len:883	cov:3	mult:0.0177515
[2026-02-20 17:39:39] DEBUG: 214	len:1709	cov:10	mult:0.0591716
[2026-02-20 17:39:39] DEBUG: -214	len:1709	cov:10	mult:0.0591716
[2026-02-20 17:39:39] DEBUG: 215	len:11959	cov:8	mult:0.0473373
[2026-02-20 17:39:39] DEBUG: -215	len:11959	cov:8	mult:0.0473373
[2026-02-20 17:39:39] DEBUG: 216	len:2770	cov:14	mult:0.0828402
[2026-02-20 17:39:39] DEBUG: -216	len:2770	cov:14	mult:0.0828402
[2026-02-20 17:39:39] DEBUG: 217	len:4917	cov:2	mult:0.0118343
[2026-02-20 17:39:39] DEBUG: -217	len:4917	cov:2	mult:0.0118343
[2026-02-20 17:39:39] DEBUG: 218	len:4628	cov:7	mult:0.0414201
[2026-02-20 17:39:39] DEBUG: -218	len:4628	cov:7	mult:0.0414201
[2026-02-20 17:39:39] DEBUG: 219	len:2033	cov:9	mult:0.0532544
[2026-02-20 17:39:39] DEBUG: -219	len:2033	cov:9	mult:0.0532544
[2026-02-20 17:39:39] DEBUG: 220	len:883	cov:20	mult:0.118343
[2026-02-20 17:39:39] DEBUG: -220	len:883	cov:20	mult:0.118343
[2026-02-20 17:39:39] DEBUG: 221	len:2060	cov:1	mult:0.00591716
[2026-02-20 17:39:39] DEBUG: -221	len:2060	cov:1	mult:0.00591716
[2026-02-20 17:39:39] DEBUG: 222	len:1631	cov:18	mult:0.106509
[2026-02-20 17:39:39] DEBUG: -222	len:1631	cov:18	mult:0.106509
[2026-02-20 17:39:39] DEBUG: 223	len:902	cov:14	mult:0.0828402
[2026-02-20 17:39:39] DEBUG: -223	len:902	cov:14	mult:0.0828402
[2026-02-20 17:39:39] DEBUG: 224	len:1199	cov:9	mult:0.0532544
[2026-02-20 17:39:39] DEBUG: -224	len:1199	cov:9	mult:0.0532544
[2026-02-20 17:39:39] DEBUG: 225	len:3988	cov:21	mult:0.12426
[2026-02-20 17:39:39] DEBUG: -225	len:3988	cov:21	mult:0.12426
[2026-02-20 17:39:39] DEBUG: 226	len:2026	cov:7	mult:0.0414201
[2026-02-20 17:39:39] DEBUG: -226	len:2026	cov:7	mult:0.0414201
[2026-02-20 17:39:39] DEBUG: 227	len:10918	cov:3	mult:0.0177515
[2026-02-20 17:39:39] DEBUG: -227	len:10918	cov:3	mult:0.0177515
[2026-02-20 17:39:39] DEBUG: 228	len:1345	cov:19	mult:0.112426
[2026-02-20 17:39:39] DEBUG: -228	len:1345	cov:19	mult:0.112426
[2026-02-20 17:39:39] DEBUG: 229	len:35194	cov:5	mult:0.0295858
[2026-02-20 17:39:39] DEBUG: -229	len:35194	cov:5	mult:0.0295858
[2026-02-20 17:39:39] DEBUG: 230	len:2432	cov:1	mult:0.00591716
[2026-02-20 17:39:39] DEBUG: -230	len:2432	cov:1	mult:0.00591716
[2026-02-20 17:39:39] DEBUG: 231	len:2230	cov:22	mult:0.130178
[2026-02-20 17:39:39] DEBUG: -231	len:2230	cov:22	mult:0.130178
[2026-02-20 17:39:39] DEBUG: 234	len:2695	cov:12	mult:0.0710059
[2026-02-20 17:39:39] DEBUG: -234	len:2695	cov:12	mult:0.0710059
[2026-02-20 17:39:39] DEBUG: 236	len:8082	cov:10	mult:0.0591716
[2026-02-20 17:39:39] DEBUG: -236	len:8082	cov:10	mult:0.0591716
[2026-02-20 17:39:39] DEBUG: 237	len:37161	cov:4	mult:0.0236686
[2026-02-20 17:39:39] DEBUG: -237	len:37161	cov:4	mult:0.0236686
[2026-02-20 17:39:39] DEBUG: 238	len:3224	cov:1	mult:0.00591716
[2026-02-20 17:39:39] DEBUG: -238	len:3224	cov:1	mult:0.00591716
[2026-02-20 17:39:39] DEBUG: 240	len:8465	cov:2	mult:0.0118343
[2026-02-20 17:39:39] DEBUG: -240	len:8465	cov:2	mult:0.0118343
[2026-02-20 17:39:39] DEBUG: 241	len:3966	cov:7	mult:0.0414201
[2026-02-20 17:39:39] DEBUG: -241	len:3966	cov:7	mult:0.0414201
[2026-02-20 17:39:39] DEBUG: 242	len:6350	cov:2	mult:0.0118343
[2026-02-20 17:39:39] DEBUG: -242	len:6350	cov:2	mult:0.0118343
[2026-02-20 17:39:39] DEBUG: 243	len:13633	cov:4	mult:0.0236686
[2026-02-20 17:39:39] DEBUG: -243	len:13633	cov:4	mult:0.0236686
[2026-02-20 17:39:39] DEBUG: 244	len:20460	cov:3	mult:0.0177515
[2026-02-20 17:39:39] DEBUG: -244	len:20460	cov:3	mult:0.0177515
[2026-02-20 17:39:39] DEBUG: 245	len:2134	cov:6	mult:0.035503
[2026-02-20 17:39:39] DEBUG: -245	len:2134	cov:6	mult:0.035503
[2026-02-20 17:39:39] DEBUG: 246	len:15799	cov:3	mult:0.0177515
[2026-02-20 17:39:39] DEBUG: -246	len:15799	cov:3	mult:0.0177515
[2026-02-20 17:39:39] DEBUG: 247	len:2825	cov:6	mult:0.035503
[2026-02-20 17:39:39] DEBUG: -247	len:2825	cov:6	mult:0.035503
[2026-02-20 17:39:39] DEBUG: 248	len:7289	cov:5	mult:0.0295858
[2026-02-20 17:39:39] DEBUG: -248	len:7289	cov:5	mult:0.0295858
[2026-02-20 17:39:39] DEBUG: 251	len:6019	cov:2	mult:0.0118343
[2026-02-20 17:39:39] DEBUG: -251	len:6019	cov:2	mult:0.0118343
[2026-02-20 17:39:39] DEBUG: 252	len:12304	cov:2	mult:0.0118343
[2026-02-20 17:39:39] DEBUG: -252	len:12304	cov:2	mult:0.0118343
[2026-02-20 17:39:39] DEBUG: 253	len:32322	cov:3	mult:0.0177515
[2026-02-20 17:39:39] DEBUG: -253	len:32322	cov:3	mult:0.0177515
[2026-02-20 17:39:39] DEBUG: 254	len:18882	cov:2	mult:0.0118343
[2026-02-20 17:39:39] DEBUG: -254	len:18882	cov:2	mult:0.0118343
[2026-02-20 17:39:39] DEBUG: 255	len:12550	cov:3	mult:0.0177515
[2026-02-20 17:39:39] DEBUG: -255	len:12550	cov:3	mult:0.0177515
[2026-02-20 17:39:39] DEBUG: 256	len:4244	cov:16	mult:0.0946746
[2026-02-20 17:39:39] DEBUG: -256	len:4244	cov:16	mult:0.0946746
[2026-02-20 17:39:39] DEBUG: 257	len:28324	cov:2	mult:0.0118343
[2026-02-20 17:39:39] DEBUG: -257	len:28324	cov:2	mult:0.0118343
[2026-02-20 17:39:39] DEBUG: 258	len:3026	cov:1	mult:0.00591716
[2026-02-20 17:39:39] DEBUG: -258	len:3026	cov:1	mult:0.00591716
[2026-02-20 17:39:39] DEBUG: 259	len:6582	cov:2	mult:0.0118343
[2026-02-20 17:39:39] DEBUG: -259	len:6582	cov:2	mult:0.0118343
[2026-02-20 17:39:39] DEBUG: 260	len:18337	cov:4	mult:0.0236686
[2026-02-20 17:39:39] DEBUG: -260	len:18337	cov:4	mult:0.0236686
[2026-02-20 17:39:39] DEBUG: 261	len:3717	cov:4	mult:0.0236686
[2026-02-20 17:39:39] DEBUG: -261	len:3717	cov:4	mult:0.0236686
[2026-02-20 17:39:39] DEBUG: 262	len:3135	cov:2	mult:0.0118343
[2026-02-20 17:39:39] DEBUG: -262	len:3135	cov:2	mult:0.0118343
[2026-02-20 17:39:39] DEBUG: 263	len:2412	cov:2	mult:0.0118343
[2026-02-20 17:39:39] DEBUG: -263	len:2412	cov:2	mult:0.0118343
[2026-02-20 17:39:39] DEBUG: 264	len:6815	cov:1	mult:0.00591716
[2026-02-20 17:39:39] DEBUG: -264	len:6815	cov:1	mult:0.00591716
[2026-02-20 17:39:39] DEBUG: 265	len:2444	cov:1	mult:0.00591716
[2026-02-20 17:39:39] DEBUG: -265	len:2444	cov:1	mult:0.00591716
[2026-02-20 17:39:39] DEBUG: 266	len:3909	cov:2	mult:0.0118343
[2026-02-20 17:39:39] DEBUG: -266	len:3909	cov:2	mult:0.0118343
[2026-02-20 17:39:39] DEBUG: 267	len:3559	cov:1	mult:0.00591716
[2026-02-20 17:39:39] DEBUG: -267	len:3559	cov:1	mult:0.00591716
[2026-02-20 17:39:39] DEBUG: 268	len:2710	cov:1	mult:0.00591716
[2026-02-20 17:39:39] DEBUG: -268	len:2710	cov:1	mult:0.00591716
[2026-02-20 17:39:39] DEBUG: 269	len:2879	cov:2	mult:0.0118343
[2026-02-20 17:39:39] DEBUG: -269	len:2879	cov:2	mult:0.0118343
[2026-02-20 17:39:39] DEBUG: 270	len:4993	cov:2	mult:0.0118343
[2026-02-20 17:39:39] DEBUG: -270	len:4993	cov:2	mult:0.0118343
[2026-02-20 17:39:39] DEBUG: 271	len:36517	cov:3	mult:0.0177515
[2026-02-20 17:39:39] DEBUG: -271	len:36517	cov:3	mult:0.0177515
[2026-02-20 17:39:39] DEBUG: 272	len:5432	cov:2	mult:0.0118343
[2026-02-20 17:39:39] DEBUG: -272	len:5432	cov:2	mult:0.0118343
[2026-02-20 17:39:39] DEBUG: 273	len:2251	cov:2	mult:0.0118343
[2026-02-20 17:39:39] DEBUG: -273	len:2251	cov:2	mult:0.0118343
[2026-02-20 17:39:39] DEBUG: 274	len:4112	cov:3	mult:0.0177515
[2026-02-20 17:39:39] DEBUG: -274	len:4112	cov:3	mult:0.0177515
[2026-02-20 17:39:39] DEBUG: 275	len:3040	cov:1	mult:0.00591716
[2026-02-20 17:39:39] DEBUG: -275	len:3040	cov:1	mult:0.00591716
[2026-02-20 17:39:39] DEBUG: 276	len:3195	cov:1	mult:0.00591716
[2026-02-20 17:39:39] DEBUG: -276	len:3195	cov:1	mult:0.00591716
[2026-02-20 17:39:39] DEBUG: 277	len:3002	cov:2	mult:0.0118343
[2026-02-20 17:39:39] DEBUG: -277	len:3002	cov:2	mult:0.0118343
[2026-02-20 17:39:39] DEBUG: 278	len:6013	cov:2	mult:0.0118343
[2026-02-20 17:39:39] DEBUG: -278	len:6013	cov:2	mult:0.0118343
[2026-02-20 17:39:39] DEBUG: 279	len:19166	cov:2	mult:0.0118343
[2026-02-20 17:39:39] DEBUG: -279	len:19166	cov:2	mult:0.0118343
[2026-02-20 17:39:39] DEBUG: 280	len:2756	cov:1	mult:0.00591716
[2026-02-20 17:39:39] DEBUG: -280	len:2756	cov:1	mult:0.00591716
[2026-02-20 17:39:39] DEBUG: 281	len:4377	cov:2	mult:0.0118343
[2026-02-20 17:39:39] DEBUG: -281	len:4377	cov:2	mult:0.0118343
[2026-02-20 17:39:39] DEBUG: 282	len:5288	cov:254	mult:1.50296
[2026-02-20 17:39:39] DEBUG: -282	len:5288	cov:254	mult:1.50296
[2026-02-20 17:39:39] DEBUG: 283	len:150621	cov:207	mult:1.22485
[2026-02-20 17:39:39] DEBUG: -283	len:150621	cov:207	mult:1.22485
[2026-02-20 17:39:39] DEBUG: 284	len:61609	cov:217	mult:1.28402
[2026-02-20 17:39:39] DEBUG: -284	len:61609	cov:217	mult:1.28402
[2026-02-20 17:39:39] DEBUG: 285	len:44232	cov:222	mult:1.31361
[2026-02-20 17:39:39] DEBUG: -285	len:44232	cov:222	mult:1.31361
[2026-02-20 17:39:39] DEBUG: 286	len:7295	cov:225	mult:1.33136
[2026-02-20 17:39:39] DEBUG: -286	len:7295	cov:225	mult:1.33136
[2026-02-20 17:39:39] DEBUG: 287	len:213892	cov:202	mult:1.19527
[2026-02-20 17:39:39] DEBUG: -287	len:213892	cov:202	mult:1.19527
[2026-02-20 17:39:39] DEBUG: 288	len:54445	cov:200	mult:1.18343
[2026-02-20 17:39:39] DEBUG: -288	len:54445	cov:200	mult:1.18343
[2026-02-20 17:39:39] DEBUG: 289	len:5352	cov:1325	mult:7.84024
[2026-02-20 17:39:39] DEBUG: -289	len:5352	cov:1325	mult:7.84024
[2026-02-20 17:39:39] DEBUG: 290	len:35142	cov:193	mult:1.14201
[2026-02-20 17:39:39] DEBUG: -290	len:35142	cov:193	mult:1.14201
[2026-02-20 17:39:39] DEBUG: 291	len:37436	cov:197	mult:1.16568
[2026-02-20 17:39:39] DEBUG: -291	len:37436	cov:197	mult:1.16568
[2026-02-20 17:39:39] DEBUG: 292	len:250295	cov:205	mult:1.21302
[2026-02-20 17:39:39] DEBUG: -292	len:250295	cov:205	mult:1.21302
[2026-02-20 17:39:39] DEBUG: 293	len:89250	cov:198	mult:1.1716
[2026-02-20 17:39:39] DEBUG: -293	len:89250	cov:198	mult:1.1716
[2026-02-20 17:39:39] DEBUG: 294	len:57945	cov:191	mult:1.13018
[2026-02-20 17:39:39] DEBUG: -294	len:57945	cov:191	mult:1.13018
[2026-02-20 17:39:39] DEBUG: 295	len:135252	cov:211	mult:1.24852
[2026-02-20 17:39:39] DEBUG: -295	len:135252	cov:211	mult:1.24852
[2026-02-20 17:39:39] DEBUG: 296	len:122115	cov:206	mult:1.21893
[2026-02-20 17:39:39] DEBUG: -296	len:122115	cov:206	mult:1.21893
[2026-02-20 17:39:39] DEBUG: 297	len:46358	cov:214	mult:1.26627
[2026-02-20 17:39:39] DEBUG: -297	len:46358	cov:214	mult:1.26627
[2026-02-20 17:39:39] DEBUG: 298	len:26605	cov:180	mult:1.06509
[2026-02-20 17:39:39] DEBUG: -298	len:26605	cov:180	mult:1.06509
[2026-02-20 17:39:39] DEBUG: 299	len:20177	cov:214	mult:1.26627
[2026-02-20 17:39:39] DEBUG: -299	len:20177	cov:214	mult:1.26627
[2026-02-20 17:39:39] DEBUG: 300	len:62352	cov:215	mult:1.27219
[2026-02-20 17:39:39] DEBUG: -300	len:62352	cov:215	mult:1.27219
[2026-02-20 17:39:39] DEBUG: 301	len:69015	cov:206	mult:1.21893
[2026-02-20 17:39:39] DEBUG: -301	len:69015	cov:206	mult:1.21893
[2026-02-20 17:39:39] DEBUG: 302	len:66378	cov:198	mult:1.1716
[2026-02-20 17:39:39] DEBUG: -302	len:66378	cov:198	mult:1.1716
[2026-02-20 17:39:39] DEBUG: 303	len:118300	cov:206	mult:1.21893
[2026-02-20 17:39:39] DEBUG: -303	len:118300	cov:206	mult:1.21893
[2026-02-20 17:39:39] DEBUG: 304	len:18589	cov:223	mult:1.31953
[2026-02-20 17:39:39] DEBUG: -304	len:18589	cov:223	mult:1.31953
[2026-02-20 17:39:39] DEBUG: 305	len:291307	cov:213	mult:1.26035
[2026-02-20 17:39:39] DEBUG: -305	len:291307	cov:213	mult:1.26035
[2026-02-20 17:39:39] DEBUG: 306	len:26455	cov:214	mult:1.26627
[2026-02-20 17:39:39] DEBUG: -306	len:26455	cov:214	mult:1.26627
[2026-02-20 17:39:39] DEBUG: 307	len:68221	cov:193	mult:1.14201
[2026-02-20 17:39:39] DEBUG: -307	len:68221	cov:193	mult:1.14201
[2026-02-20 17:39:39] DEBUG: 308	len:13120	cov:226	mult:1.33728
[2026-02-20 17:39:39] DEBUG: -308	len:13120	cov:226	mult:1.33728
[2026-02-20 17:39:39] DEBUG: 309	len:5243	cov:3	mult:0.0177515
[2026-02-20 17:39:39] DEBUG: -309	len:5243	cov:3	mult:0.0177515
[2026-02-20 17:39:39] DEBUG: 310	len:158235	cov:201	mult:1.18935
[2026-02-20 17:39:39] DEBUG: -310	len:158235	cov:201	mult:1.18935
[2026-02-20 17:39:39] DEBUG: 311	len:90541	cov:202	mult:1.19527
[2026-02-20 17:39:39] DEBUG: -311	len:90541	cov:202	mult:1.19527
[2026-02-20 17:39:39] DEBUG: 312	len:228194	cov:203	mult:1.20118
[2026-02-20 17:39:39] DEBUG: -312	len:228194	cov:203	mult:1.20118
[2026-02-20 17:39:39] DEBUG: 313	len:294080	cov:216	mult:1.27811
[2026-02-20 17:39:39] DEBUG: -313	len:294080	cov:216	mult:1.27811
[2026-02-20 17:39:39] DEBUG: 314	len:210822	cov:207	mult:1.22485
[2026-02-20 17:39:39] DEBUG: -314	len:210822	cov:207	mult:1.22485
[2026-02-20 17:39:39] DEBUG: 315	len:47872	cov:229	mult:1.35503
[2026-02-20 17:39:39] DEBUG: -315	len:47872	cov:229	mult:1.35503
[2026-02-20 17:39:39] DEBUG: 316	len:182345	cov:206	mult:1.21893
[2026-02-20 17:39:39] DEBUG: -316	len:182345	cov:206	mult:1.21893
[2026-02-20 17:39:39] DEBUG: 317	len:53791	cov:199	mult:1.17751
[2026-02-20 17:39:39] DEBUG: -317	len:53791	cov:199	mult:1.17751
[2026-02-20 17:39:39] DEBUG: 318	len:28036	cov:209	mult:1.23669
[2026-02-20 17:39:39] DEBUG: -318	len:28036	cov:209	mult:1.23669
[2026-02-20 17:39:39] DEBUG: 319	len:105552	cov:210	mult:1.2426
[2026-02-20 17:39:39] DEBUG: -319	len:105552	cov:210	mult:1.2426
[2026-02-20 17:39:39] DEBUG: 320	len:10801	cov:4	mult:0.0236686
[2026-02-20 17:39:39] DEBUG: -320	len:10801	cov:4	mult:0.0236686
[2026-02-20 17:39:39] DEBUG: 321	len:14539	cov:195	mult:1.15385
[2026-02-20 17:39:39] DEBUG: -321	len:14539	cov:195	mult:1.15385
[2026-02-20 17:39:39] DEBUG: 322	len:3357	cov:10	mult:0.0591716
[2026-02-20 17:39:39] DEBUG: -322	len:3357	cov:10	mult:0.0591716
[2026-02-20 17:39:39] DEBUG: 323	len:4111	cov:22	mult:0.130178
[2026-02-20 17:39:39] DEBUG: -323	len:4111	cov:22	mult:0.130178
[2026-02-20 17:39:39] DEBUG: 324	len:22870	cov:11	mult:0.0650888
[2026-02-20 17:39:39] DEBUG: -324	len:22870	cov:11	mult:0.0650888
[2026-02-20 17:39:39] DEBUG: 325	len:6442	cov:4	mult:0.0236686
[2026-02-20 17:39:39] DEBUG: -325	len:6442	cov:4	mult:0.0236686
[2026-02-20 17:39:39] DEBUG: Unique coverage threshold 369
[2026-02-20 17:39:39] INFO: Simplifying the graph
[2026-02-20 17:39:39] DEBUG: Read coverage cutoff: 3
[2026-02-20 17:39:39] DEBUG: [SIMPL] Removed 42 paths with low coverage
[2026-02-20 17:39:39] DEBUG: [SIMPL] Masked 0 heterozygous loops
[2026-02-20 17:39:39] DEBUG: Regular bubble: {2,2230,440} {7,18321,400}
[2026-02-20 17:39:39] DEBUG: 	Internal: {6,2516,192} {5,2448,222}
[2026-02-20 17:39:39] DEBUG: Regular bubble: {17,3275,198} {287,213892,202}
[2026-02-20 17:39:39] DEBUG: 	Internal: {20,2173,1} {19,2832,191}
[2026-02-20 17:39:39] DEBUG: Regular bubble: {294,57945,191} {46,3791,210}
[2026-02-20 17:39:39] DEBUG: 	Internal: {45,667,6} {44,761,200}
[2026-02-20 17:39:39] DEBUG: Regular bubble: {300,62352,215} {-31,7057,211}
[2026-02-20 17:39:39] DEBUG: 	Internal: {68,2722,5} {67,2112,205}
[2026-02-20 17:39:39] DEBUG: Regular bubble: {301,69015,206} {302,66378,198}
[2026-02-20 17:39:39] DEBUG: 	Internal: {76,20372,6} {75,1839,202}
[2026-02-20 17:39:39] DEBUG: Regular bubble: {303,118300,206} {304,18589,223}
[2026-02-20 17:39:39] DEBUG: 	Internal: {84,17960,5} {83,6772,226}
[2026-02-20 17:39:39] DEBUG: Regular bubble: {87,3832,222} {91,2461,207}
[2026-02-20 17:39:39] DEBUG: 	Internal: {90,9961,5} {89,4883,209}
[2026-02-20 17:39:39] DEBUG: Regular bubble: {293,89250,198} {310,158235,201}
[2026-02-20 17:39:39] DEBUG: 	Internal: {121,13117,3} {120,1489,193}
[2026-02-20 17:39:39] DEBUG: Regular bubble: {125,2433,185} {129,3407,189}
[2026-02-20 17:39:39] DEBUG: 	Internal: {128,1490,4} {127,1297,184}
[2026-02-20 17:39:39] DEBUG: Regular bubble: {129,3407,189} {311,90541,202}
[2026-02-20 17:39:39] DEBUG: 	Internal: {131,6388,3} {130,6406,187}
[2026-02-20 17:39:39] DEBUG: Regular bubble: {312,228194,203} {313,294080,216}
[2026-02-20 17:39:39] DEBUG: 	Internal: {142,10488,4} {141,7437,129}
[2026-02-20 17:39:39] DEBUG: Regular bubble: {145,5127,208} {314,210822,207}
[2026-02-20 17:39:39] DEBUG: 	Internal: {148,2235,2} {147,2242,194}
[2026-02-20 17:39:39] DEBUG: Regular bubble: {314,210822,207} {155,2295,199}
[2026-02-20 17:39:39] DEBUG: 	Internal: {154,931,4} {153,931,178}
[2026-02-20 17:39:39] DEBUG: Regular bubble: {155,2295,199} {315,47872,229}
[2026-02-20 17:39:39] DEBUG: 	Internal: {157,17031,2} {156,9280,211}
[2026-02-20 17:39:39] DEBUG: Regular bubble: {317,53791,199} {-283,150621,207}
[2026-02-20 17:39:39] DEBUG: 	Internal: {172,33101,6} {171,2316,206}
[2026-02-20 17:39:39] DEBUG: Regular bubble: {186,2672,197} {321,14539,195}
[2026-02-20 17:39:39] DEBUG: 	Internal: {320,10801,4} {188,10531,203}
[2026-02-20 17:39:39] DEBUG: Regular bubble: {-323,4111,22} {231,2230,22}
[2026-02-20 17:39:39] DEBUG: 	Internal: {-322,3357,10} {200,2020,12}
[2026-02-20 17:39:39] DEBUG: Regular bubble: {216,2770,14} {219,2033,9}
[2026-02-20 17:39:39] DEBUG: 	Internal: {217,4917,2} {218,4628,7}
[2026-02-20 17:39:39] DEBUG: Regular bubble: {245,2134,6} {325,6442,4}
[2026-02-20 17:39:39] DEBUG: 	Internal: {248,7289,5} {247,2825,6}
[2026-02-20 17:39:39] DEBUG: [SIMPL] Masked 19 simple bubbles
[2026-02-20 17:39:40] DEBUG: Roundabout: {-206,3787,36} : {-323,4111,22}
[2026-02-20 17:39:40] DEBUG: 	Internal: {207,4631,32} {-205,7516,17} {207,4631,32} {-204,5657,11} {-203,9114,3} 
[2026-02-20 17:39:40] DEBUG: Roundabout: {206,3787,36} : {-212,2412,19}
[2026-02-20 17:39:40] DEBUG: 	Internal: {209,1859,12} {210,2400,10} 
[2026-02-20 17:39:40] DEBUG: Roundabout: {-225,3988,21} : {-220,883,20}
[2026-02-20 17:39:40] DEBUG: 	Internal: {226,2026,7} {-222,1631,18} {-223,902,14} {224,1199,9} {-222,1631,18} {-223,902,14} {-221,2060,1} 
[2026-02-20 17:39:40] DEBUG: Roundabout: {228,1345,19} : {-231,2230,22}
[2026-02-20 17:39:40] DEBUG: 	Internal: {-324,22870,11} {236,8082,10} {256,4244,16} {-234,2695,12} 
[2026-02-20 17:39:40] DEBUG: [SIMPL] Masked 4 roundabouts
[2026-02-20 17:39:40] DEBUG: Superbubble: {211,2610,18} {220,883,20}
[2026-02-20 17:39:40] DEBUG: 	Internal: {215,11959,8} {216,2770,14} {214,1709,10} {218,4628,7} {213,883,3} {217,4917,2} {219,2033,9} 
[2026-02-20 17:39:40] DEBUG: [SIMPL] Masked 0 superbubbles
[2026-02-20 17:39:40] DEBUG: Finding repeats
[2026-02-20 17:39:40] DEBUG: Read coverage cutoff: 3
[2026-02-20 17:39:40] DEBUG: Low-coverage: 20 1
[2026-02-20 17:39:40] DEBUG: Low-coverage: 148 2
[2026-02-20 17:39:40] DEBUG: Low-coverage: 157 2
[2026-02-20 17:39:40] DEBUG: Low-coverage: 217 2
[2026-02-20 17:39:40] DEBUG: Low-coverage: 221 1
[2026-02-20 17:39:40] DEBUG: Haplo-edge: 5
[2026-02-20 17:39:40] DEBUG: Haplo-edge: 6
[2026-02-20 17:39:40] DEBUG: Haplo-edge: 19
[2026-02-20 17:39:40] DEBUG: Haplo-edge: 20
[2026-02-20 17:39:40] DEBUG: Haplo-edge: 44
[2026-02-20 17:39:40] DEBUG: Haplo-edge: 45
[2026-02-20 17:39:40] DEBUG: Haplo-edge: 67
[2026-02-20 17:39:40] DEBUG: Haplo-edge: 68
[2026-02-20 17:39:40] DEBUG: Haplo-edge: 75
[2026-02-20 17:39:40] DEBUG: Haplo-edge: 76
[2026-02-20 17:39:40] DEBUG: Haplo-edge: 83
[2026-02-20 17:39:40] DEBUG: Haplo-edge: 84
[2026-02-20 17:39:40] DEBUG: Haplo-edge: 89
[2026-02-20 17:39:40] DEBUG: Haplo-edge: 90
[2026-02-20 17:39:40] DEBUG: Haplo-edge: 120
[2026-02-20 17:39:40] DEBUG: Haplo-edge: 121
[2026-02-20 17:39:40] DEBUG: Haplo-edge: 127
[2026-02-20 17:39:40] DEBUG: Haplo-edge: 128
[2026-02-20 17:39:40] DEBUG: Haplo-edge: 130
[2026-02-20 17:39:40] DEBUG: Haplo-edge: 131
[2026-02-20 17:39:40] DEBUG: Haplo-edge: 141
[2026-02-20 17:39:40] DEBUG: Haplo-edge: 142
[2026-02-20 17:39:40] DEBUG: Haplo-edge: 147
[2026-02-20 17:39:40] DEBUG: Haplo-edge: 148
[2026-02-20 17:39:40] DEBUG: Haplo-edge: 153
[2026-02-20 17:39:40] DEBUG: Haplo-edge: 154
[2026-02-20 17:39:40] DEBUG: Haplo-edge: 156
[2026-02-20 17:39:40] DEBUG: Haplo-edge: 157
[2026-02-20 17:39:40] DEBUG: Haplo-edge: 171
[2026-02-20 17:39:40] DEBUG: Haplo-edge: 172
[2026-02-20 17:39:40] DEBUG: Haplo-edge: 188
[2026-02-20 17:39:40] DEBUG: Haplo-edge: 200
[2026-02-20 17:39:40] DEBUG: Haplo-edge: 203
[2026-02-20 17:39:40] DEBUG: Haplo-edge: 204
[2026-02-20 17:39:40] DEBUG: Haplo-edge: 205
[2026-02-20 17:39:40] DEBUG: Haplo-edge: 207
[2026-02-20 17:39:40] DEBUG: Haplo-edge: 208
[2026-02-20 17:39:40] DEBUG: Haplo-edge: 209
[2026-02-20 17:39:40] DEBUG: Haplo-edge: 210
[2026-02-20 17:39:40] DEBUG: Haplo-edge: 212
[2026-02-20 17:39:40] DEBUG: Haplo-edge: 213
[2026-02-20 17:39:40] DEBUG: Haplo-edge: 214
[2026-02-20 17:39:40] DEBUG: Haplo-edge: 215
[2026-02-20 17:39:40] DEBUG: Haplo-edge: 216
[2026-02-20 17:39:40] DEBUG: Haplo-edge: 217
[2026-02-20 17:39:40] DEBUG: Haplo-edge: 218
[2026-02-20 17:39:40] DEBUG: Haplo-edge: 219
[2026-02-20 17:39:40] DEBUG: Haplo-edge: 221
[2026-02-20 17:39:40] DEBUG: Haplo-edge: 222
[2026-02-20 17:39:40] DEBUG: Haplo-edge: 223
[2026-02-20 17:39:40] DEBUG: Haplo-edge: 224
[2026-02-20 17:39:40] DEBUG: Haplo-edge: 226
[2026-02-20 17:39:40] DEBUG: Haplo-edge: 234 -> -256
[2026-02-20 17:39:40] DEBUG: Haplo-edge: 236
[2026-02-20 17:39:40] DEBUG: Haplo-edge: 247
[2026-02-20 17:39:40] DEBUG: Haplo-edge: 248
[2026-02-20 17:39:40] DEBUG: Haplo-edge: 320
[2026-02-20 17:39:40] DEBUG: Haplo-edge: 322
[2026-02-20 17:39:40] DEBUG: Haplo-edge: 324
[2026-02-20 17:39:40] DEBUG: Repeat detection iteration 1
[2026-02-20 17:39:40] DEBUG: Starting -2 aln:523
[2026-02-20 17:39:40] DEBUG: 	      283	num:178	flank:23463	span:1
[2026-02-20 17:39:40] DEBUG: 	      -282	num:207	flank:16351	span:7
[2026-02-20 17:39:40] DEBUG: Mult: 2	2230	440	 (1,0)
[2026-02-20 17:39:40] DEBUG: Starting 225 aln:28
[2026-02-20 17:39:40] DEBUG: 	    T 227	num:6	flank:7225	span:17
[2026-02-20 17:39:40] DEBUG: 	      228	num:14	flank:16982	span:15
[2026-02-20 17:39:40] DEBUG: Mult: 225	3988	21	 (0,1)
[2026-02-20 17:39:40] DEBUG: Starting -282 aln:335
[2026-02-20 17:39:40] DEBUG: 	      286	num:161	flank:16628	span:39
[2026-02-20 17:39:40] DEBUG: 	      -12	num:49	flank:13686	span:5
[2026-02-20 17:39:40] DEBUG: Mult: 282	5288	254	 (1,0)
[2026-02-20 17:39:40] DEBUG: Starting 289 aln:1882
[2026-02-20 17:39:40] DEBUG: 	      40	num:180	flank:19512	span:-5
[2026-02-20 17:39:40] DEBUG: 	      295	num:156	flank:17533	span:-49
[2026-02-20 17:39:40] DEBUG: 	      294	num:155	flank:19426	span:4
[2026-02-20 17:39:40] DEBUG: 	      -290	num:158	flank:20680	span:10
[2026-02-20 17:39:40] DEBUG: 	      -30	num:185	flank:21526	span:22
[2026-02-20 17:39:40] DEBUG: 	      42	num:163	flank:21520	span:13
[2026-02-20 17:39:40] DEBUG: 	      39	num:178	flank:22050	span:7
[2026-02-20 17:39:40] DEBUG: Starting -289 aln:1882
[2026-02-20 17:39:40] DEBUG: 	      -288	num:150	flank:18245	span:8
[2026-02-20 17:39:40] DEBUG: 	      31	num:168	flank:17502	span:1
[2026-02-20 17:39:40] DEBUG: 	      290	num:190	flank:16178	span:1
[2026-02-20 17:39:40] DEBUG: 	      293	num:172	flank:18507	span:3
[2026-02-20 17:39:40] DEBUG: 	      30	num:187	flank:27475	span:1
[2026-02-20 17:39:40] DEBUG: 	      292	num:159	flank:14999	span:0
[2026-02-20 17:39:40] DEBUG: 	      291	num:187	flank:14187	span:5
[2026-02-20 17:39:40] DEBUG: Mult: 289	5352	1325	 (1,1)
[2026-02-20 17:39:40] DEBUG: Starting 241 aln:8
[2026-02-20 17:39:40] DEBUG: 	    T 244	num:3	flank:3947	span:7
[2026-02-20 17:39:40] DEBUG: 	    T 243	num:5	flank:5784	span:11
[2026-02-20 17:39:40] DEBUG: Mult: 240 -> 241	12431	3	 (0,1)
[2026-02-20 17:39:40] DEBUG: Starting 7 aln:678
[2026-02-20 17:39:40] DEBUG: 	      284	num:156	flank:19952	span:8
[2026-02-20 17:39:40] DEBUG: 	      8	num:197	flank:26848	span:11
[2026-02-20 17:39:40] DEBUG: Starting -7 aln:678
[2026-02-20 17:39:40] DEBUG: 	      283	num:83	flank:21379	span:4668
[2026-02-20 17:39:40] DEBUG: 	      286	num:34	flank:10934	span:9800
[2026-02-20 17:39:40] DEBUG: 	      -12	num:9	flank:11066	span:9956
[2026-02-20 17:39:40] DEBUG: Mult: 7	18321	400	 (1,1)
[2026-02-20 17:39:40] DEBUG: SuspiciousOverhangs: -286
[2026-02-20 17:39:40] DEBUG: 	Spanning: 22 median: 41 max: 49
[2026-02-20 17:39:40] DEBUG: 	Hanging: 160
[2026-02-20 17:39:40] DEBUG: 	Inconsistent: 160
[2026-02-20 17:39:40] DEBUG: Mult: 286 -> -321	21834	205	 (1,0)
[2026-02-20 17:39:40] DEBUG: Repeat detection iteration 2
[2026-02-20 17:39:40] DEBUG: Writing Dot
[2026-02-20 17:39:40] DEBUG: Writing FASTA
[2026-02-20 17:39:40] DEBUG: Writing Gfa
[2026-02-20 17:39:40] DEBUG: 	Connection 282	5	145
[2026-02-20 17:39:40] DEBUG: 	Connection -283	6	130
[2026-02-20 17:39:40] DEBUG: 	Connection 5	8	18
[2026-02-20 17:39:40] DEBUG: 	Connection 6	284	13
[2026-02-20 17:39:40] DEBUG: 	Connection -18	20	1
[2026-02-20 17:39:40] DEBUG: 	Connection 285	19	111
[2026-02-20 17:39:40] DEBUG: 	Connection 44	47	104
[2026-02-20 17:39:40] DEBUG: 	Connection 45	48	3
[2026-02-20 17:39:40] DEBUG: 	Connection -88	90	3
[2026-02-20 17:39:40] DEBUG: 	Connection 304	89	120
[2026-02-20 17:39:40] DEBUG: 	Connection 89	92	130
[2026-02-20 17:39:40] DEBUG: 	Connection 90	93	3
[2026-02-20 17:39:40] DEBUG: 	Connection -111	113	1
[2026-02-20 17:39:40] DEBUG: 	Connection 306	307	25
[2026-02-20 17:39:40] DEBUG: 	Connection 127	130	89
[2026-02-20 17:39:40] DEBUG: 	Connection 128	131	3
[2026-02-20 17:39:40] DEBUG: 	Connection -146	148	2
[2026-02-20 17:39:40] DEBUG: 	Connection 313	147	78
[2026-02-20 17:39:40] DEBUG: 	Connection 153	156	122
[2026-02-20 17:39:40] DEBUG: 	Connection 154	157	2
[2026-02-20 17:39:40] DEBUG: 	Connection 161	316	84
[2026-02-20 17:39:40] DEBUG: 	Connection -164	166	2
[2026-02-20 17:39:40] DEBUG: 	Connection 213	217	2
[2026-02-20 17:39:40] DEBUG: 	Connection 214	218	6
[2026-02-20 17:39:40] DEBUG: 	Connection 200	324	7
[2026-02-20 17:39:40] DEBUG: 	Connection -322	234	8
[2026-02-20 17:39:40] DEBUG: 	Connection 56	248	1
[2026-02-20 17:39:40] DEBUG: 	Connection 307	-42	31
[2026-02-20 17:39:40] DEBUG: [SIMPL] Resolved 28 simple repeats
[2026-02-20 17:39:40] DEBUG: [SIMPL] == Iteration 1 ==
[2026-02-20 17:39:40] DEBUG: Splitting nodes
[2026-02-20 17:39:40] DEBUG: [SIMPL] Split 0 nodes
[2026-02-20 17:39:40] DEBUG: Fragile path: 13
[2026-02-20 17:39:40] DEBUG: Fragile path: 68
[2026-02-20 17:39:40] DEBUG: Fragile path: 76
[2026-02-20 17:39:40] DEBUG: Fragile path: 84
[2026-02-20 17:39:40] DEBUG: Fragile path: 121
[2026-02-20 17:39:40] DEBUG: Fragile path: 128 -> 341 -> 131
[2026-02-20 17:39:40] DEBUG: Fragile path: 142
[2026-02-20 17:39:40] DEBUG: Fragile path: 154 -> 345 -> 157
[2026-02-20 17:39:40] DEBUG: Fragile path: 172
[2026-02-20 17:39:40] DEBUG: Fragile path: 203
[2026-02-20 17:39:40] DEBUG: Fragile path: 221
[2026-02-20 17:39:40] DEBUG: Fragile path: 320
[2026-02-20 17:39:40] DEBUG: [SIMPL] Disconnected 12 minor paths
[2026-02-20 17:39:40] DEBUG: Tip -20 -> -330 -> 18 len:32992 cov:2
[2026-02-20 17:39:40] DEBUG: Tip 25 len:4969 cov:6
[2026-02-20 17:39:40] DEBUG: Tip 45 -> 333 -> 48 len:15424 cov:5
[2026-02-20 17:39:40] DEBUG: Tip 54 len:3710 cov:5
[2026-02-20 17:39:40] DEBUG: Tip 70 len:2991 cov:3
[2026-02-20 17:39:40] DEBUG: Tip 72 len:5444 cov:4
[2026-02-20 17:39:40] DEBUG: Tip 80 len:7448 cov:3
[2026-02-20 17:39:40] DEBUG: Tip 99 len:6562 cov:4
[2026-02-20 17:39:40] DEBUG: Tip 107 len:4676 cov:3
[2026-02-20 17:39:40] DEBUG: Tip -148 -> -342 -> 146 len:10094 cov:3
[2026-02-20 17:39:40] DEBUG: Tip 169 len:4768 cov:3
[2026-02-20 17:39:40] DEBUG: Tip 179 len:13901 cov:3
[2026-02-20 17:39:40] DEBUG: Tip 227 len:10918 cov:3
[2026-02-20 17:39:40] DEBUG: Tip 243 len:13633 cov:4
[2026-02-20 17:39:40] DEBUG: Tip -255 len:12550 cov:3
[2026-02-20 17:39:40] DEBUG: [SIMPL] Clipped 14 short and 1 long tips
[2026-02-20 17:39:40] DEBUG: Bubble-loop: {-286,7295,225} {285,44232,222}
[2026-02-20 17:39:40] DEBUG: 	Internal: {282,5288,254} -> {326,2242,238} -> {5,2448,222} -> {328,18301,228} -> {8,6705,234} -> {10,2331,259} -> {12,7858,258}
[2026-02-20 17:39:40] DEBUG: [SIMPL] Masked 1 heterozygous loops
[2026-02-20 17:39:40] DEBUG: Regular bubble: {-323,4111,22} {-228,1345,19}
[2026-02-20 17:39:40] DEBUG: 	Internal: {200,2020,12} -> {350,2242,11} -> {324,22870,11} {-322,3357,10} -> {351,2238,11} -> {234,2695,12} -> {-256,4244,16} -> {-236,8082,10}
[2026-02-20 17:39:40] DEBUG: Regular bubble: {323,4111,22} {-207,4631,32}
[2026-02-20 17:39:40] DEBUG: 	Internal: {204,5657,11} {205,7516,17}
[2026-02-20 17:39:40] DEBUG: Regular bubble: {222,1631,18} {225,3988,21}
[2026-02-20 17:39:40] DEBUG: 	Internal: {-226,2026,7} {-224,1199,9} -> {223,902,14}
[2026-02-20 17:39:40] DEBUG: [SIMPL] Masked 3 simple bubbles
[2026-02-20 17:39:40] DEBUG: [SIMPL] Masked 0 roundabouts
[2026-02-20 17:39:40] DEBUG: Superbubble: {206,3787,36} {211,2610,18}
[2026-02-20 17:39:40] DEBUG: 	Internal: {208,3815,6} {209,1859,12} {210,2400,10} {-212,2412,19} 
[2026-02-20 17:39:40] DEBUG: Superbubble: {211,2610,18} {220,883,20}
[2026-02-20 17:39:40] DEBUG: 	Internal: {214,1709,10} {349,2776,8} {218,4628,7} {215,11959,8} {348,2775,2} {213,883,3} {219,2033,9} {217,4917,2} 
[2026-02-20 17:39:40] DEBUG: [SIMPL] Masked 2 superbubbles
[2026-02-20 17:39:40] DEBUG: Finding repeats
[2026-02-20 17:39:40] DEBUG: Read coverage cutoff: 3
[2026-02-20 17:39:40] DEBUG: Low-coverage: -20 -> -330 -> 18 2
[2026-02-20 17:39:40] DEBUG: Low-coverage: 154 -> 345 -> 157 2
[2026-02-20 17:39:40] DEBUG: Low-coverage: 213 -> 348 -> 217 2
[2026-02-20 17:39:40] DEBUG: Low-coverage: 221 1
[2026-02-20 17:39:40] DEBUG: Haplo-edge: 282 -> 326 -> 5 -> 328 -> 8 -> 10 -> 12
[2026-02-20 17:39:40] DEBUG: Haplo-edge: 200 -> 350 -> 324
[2026-02-20 17:39:40] DEBUG: Haplo-edge: 204
[2026-02-20 17:39:40] DEBUG: Haplo-edge: 205
[2026-02-20 17:39:40] DEBUG: Haplo-edge: 208
[2026-02-20 17:39:40] DEBUG: Haplo-edge: 209
[2026-02-20 17:39:40] DEBUG: Haplo-edge: 210
[2026-02-20 17:39:40] DEBUG: Haplo-edge: 212
[2026-02-20 17:39:40] DEBUG: Haplo-edge: 213 -> 348 -> 217
[2026-02-20 17:39:40] DEBUG: Haplo-edge: 214 -> 349 -> 218
[2026-02-20 17:39:40] DEBUG: Haplo-edge: 215
[2026-02-20 17:39:40] DEBUG: Haplo-edge: 219
[2026-02-20 17:39:40] DEBUG: Haplo-edge: -224 -> 223
[2026-02-20 17:39:40] DEBUG: Haplo-edge: 226
[2026-02-20 17:39:40] DEBUG: Haplo-edge: -322 -> 351 -> 234 -> -256 -> -236
[2026-02-20 17:39:40] DEBUG: Repeat detection iteration 1
[2026-02-20 17:39:40] DEBUG: Starting 289 aln:1882
[2026-02-20 17:39:40] DEBUG: 	      40	num:180	flank:19512	span:-5
[2026-02-20 17:39:40] DEBUG: 	      295	num:156	flank:17533	span:-49
[2026-02-20 17:39:40] DEBUG: 	      294	num:155	flank:19426	span:4
[2026-02-20 17:39:40] DEBUG: 	      -290	num:158	flank:20680	span:10
[2026-02-20 17:39:40] DEBUG: 	      -30	num:185	flank:21526	span:22
[2026-02-20 17:39:40] DEBUG: 	      42	num:163	flank:21520	span:13
[2026-02-20 17:39:40] DEBUG: 	      39	num:178	flank:22050	span:7
[2026-02-20 17:39:40] DEBUG: Starting -289 aln:1882
[2026-02-20 17:39:40] DEBUG: 	      -288	num:150	flank:18245	span:8
[2026-02-20 17:39:40] DEBUG: 	      31	num:168	flank:17502	span:1
[2026-02-20 17:39:40] DEBUG: 	      290	num:190	flank:16178	span:1
[2026-02-20 17:39:40] DEBUG: 	      293	num:172	flank:18507	span:3
[2026-02-20 17:39:40] DEBUG: 	      30	num:187	flank:27475	span:1
[2026-02-20 17:39:40] DEBUG: 	      292	num:159	flank:14999	span:0
[2026-02-20 17:39:40] DEBUG: 	      291	num:187	flank:14187	span:5
[2026-02-20 17:39:40] DEBUG: Mult: 289	5352	1325	 (1,1)
[2026-02-20 17:39:40] DEBUG: Starting -325 aln:10
[2026-02-20 17:39:40] DEBUG: 	      -248	num:5	flank:4812	span:14
[2026-02-20 17:39:40] DEBUG: 	      -247	num:5	flank:790	span:13
[2026-02-20 17:39:40] DEBUG: Mult: 325	6442	4	 (1,0)
[2026-02-20 17:39:40] DEBUG: Repeat detection iteration 2
[2026-02-20 17:39:40] DEBUG: Total unique edges: 159
[2026-02-20 17:39:40] DEBUG: 	Connection -40	291	88	1
[2026-02-20 17:39:40] DEBUG: 	Connection -294	-288	61	1
[2026-02-20 17:39:40] DEBUG: 	Connection -30	39	78	1
[2026-02-20 17:39:40] DEBUG: 	Connection -42	293	69	1
[2026-02-20 17:39:40] DEBUG: 	Connection -290	-30	86	1
[2026-02-20 17:39:40] DEBUG: 	Connection -31	-290	57	1
[2026-02-20 17:39:40] DEBUG: 	Connection -297	-53	205	0.990338
[2026-02-20 17:39:40] DEBUG: 	Connection -292	295	67	1
[2026-02-20 17:39:40] DEBUG: [SIMPL] Resolved repeats: 8
[2026-02-20 17:39:40] DEBUG: RR links: 1430
[2026-02-20 17:39:40] DEBUG: Unresolved: 0
[2026-02-20 17:39:40] DEBUG: Removed 0 simple and 0 double chimeric junctions
[2026-02-20 17:39:40] DEBUG: [SIMPL] == Iteration 2 ==
[2026-02-20 17:39:40] DEBUG: Splitting nodes
[2026-02-20 17:39:40] DEBUG: [SIMPL] Split 0 nodes
[2026-02-20 17:39:40] DEBUG: [SIMPL] Disconnected 0 minor paths
[2026-02-20 17:39:40] DEBUG: [SIMPL] Clipped 0 short and 0 long tips
[2026-02-20 17:39:40] DEBUG: [SIMPL] Masked 0 heterozygous loops
[2026-02-20 17:39:40] DEBUG: Regular bubble: {-323,4111,22} {-228,1345,19}
[2026-02-20 17:39:40] DEBUG: 	Internal: {200,2020,12} -> {350,2242,11} -> {324,22870,11} {-322,3357,10} -> {351,2238,11} -> {234,2695,12} -> {-256,4244,16} -> {-236,8082,10}
[2026-02-20 17:39:40] DEBUG: Regular bubble: {323,4111,22} {-207,4631,32}
[2026-02-20 17:39:40] DEBUG: 	Internal: {204,5657,11} {205,7516,17}
[2026-02-20 17:39:40] DEBUG: Regular bubble: {222,1631,18} {225,3988,21}
[2026-02-20 17:39:40] DEBUG: 	Internal: {-226,2026,7} {-224,1199,9} -> {223,902,14}
[2026-02-20 17:39:40] DEBUG: [SIMPL] Masked 3 simple bubbles
[2026-02-20 17:39:40] DEBUG: [SIMPL] Masked 0 roundabouts
[2026-02-20 17:39:40] DEBUG: Superbubble: {206,3787,36} {211,2610,18}
[2026-02-20 17:39:40] DEBUG: 	Internal: {208,3815,6} {209,1859,12} {210,2400,10} {-212,2412,19} 
[2026-02-20 17:39:40] DEBUG: Superbubble: {211,2610,18} {220,883,20}
[2026-02-20 17:39:40] DEBUG: 	Internal: {214,1709,10} {349,2776,8} {218,4628,7} {215,11959,8} {348,2775,2} {213,883,3} {219,2033,9} {217,4917,2} 
[2026-02-20 17:39:40] DEBUG: [SIMPL] Masked 2 superbubbles
[2026-02-20 17:39:40] DEBUG: Finding repeats
[2026-02-20 17:39:40] DEBUG: Read coverage cutoff: 3
[2026-02-20 17:39:40] DEBUG: Low-coverage: -20 -> -330 -> 18 2
[2026-02-20 17:39:40] DEBUG: Low-coverage: 154 -> 345 -> 157 2
[2026-02-20 17:39:40] DEBUG: Low-coverage: 213 -> 348 -> 217 2
[2026-02-20 17:39:40] DEBUG: Low-coverage: 221 1
[2026-02-20 17:39:40] DEBUG: Haplo-edge: 200 -> 350 -> 324
[2026-02-20 17:39:40] DEBUG: Haplo-edge: 204
[2026-02-20 17:39:40] DEBUG: Haplo-edge: 205
[2026-02-20 17:39:40] DEBUG: Haplo-edge: 208
[2026-02-20 17:39:40] DEBUG: Haplo-edge: 209
[2026-02-20 17:39:40] DEBUG: Haplo-edge: 210
[2026-02-20 17:39:40] DEBUG: Haplo-edge: 212
[2026-02-20 17:39:40] DEBUG: Haplo-edge: 213 -> 348 -> 217
[2026-02-20 17:39:40] DEBUG: Haplo-edge: 214 -> 349 -> 218
[2026-02-20 17:39:40] DEBUG: Haplo-edge: 215
[2026-02-20 17:39:40] DEBUG: Haplo-edge: 219
[2026-02-20 17:39:40] DEBUG: Haplo-edge: -224 -> 223
[2026-02-20 17:39:40] DEBUG: Haplo-edge: 226
[2026-02-20 17:39:40] DEBUG: Haplo-edge: -322 -> 351 -> 234 -> -256 -> -236
[2026-02-20 17:39:40] DEBUG: Repeat detection iteration 1
[2026-02-20 17:39:40] DEBUG: Starting -325 aln:10
[2026-02-20 17:39:40] DEBUG: 	      -248	num:5	flank:4812	span:14
[2026-02-20 17:39:40] DEBUG: 	      -247	num:5	flank:790	span:13
[2026-02-20 17:39:40] DEBUG: Mult: 325	6442	4	 (1,0)
[2026-02-20 17:39:40] DEBUG: Starting 12 aln:391
[2026-02-20 17:39:40] DEBUG: 	      282	num:49	flank:5283	span:5
[2026-02-20 17:39:40] DEBUG: 	      285	num:192	flank:16880	span:4
[2026-02-20 17:39:40] DEBUG: Starting -282 aln:210
[2026-02-20 17:39:40] DEBUG: 	      -12	num:49	flank:5283	span:5
[2026-02-20 17:39:40] DEBUG: 	      286	num:161	flank:5320	span:39
[2026-02-20 17:39:40] DEBUG: Mult: 282 -> 326 -> 5 -> 328 -> 8 -> 10 -> 12	45173	238	 (1,1)
[2026-02-20 17:39:40] DEBUG: SuspiciousOverhangs: -286
[2026-02-20 17:39:40] DEBUG: 	Spanning: 22 median: 41 max: 49
[2026-02-20 17:39:40] DEBUG: 	Hanging: 161
[2026-02-20 17:39:40] DEBUG: 	Inconsistent: 161
[2026-02-20 17:39:40] DEBUG: SuspiciousOverhangs: -285
[2026-02-20 17:39:40] DEBUG: 	Spanning: 22 median: 41 max: 49
[2026-02-20 17:39:40] DEBUG: 	Hanging: 192
[2026-02-20 17:39:40] DEBUG: 	Inconsistent: 192
[2026-02-20 17:39:40] DEBUG: Mult: 285 -> 331 -> 19 -> 287 -> 24 -> 288 -> 355 -> 294 -> 44 -> 332 -> 47 -> 296 -> 53 -> 297 -> 298 -> 299 -> 300 -> 67 -> -31 -> -359 -> -290 -> -358 -> -30 -> 356 -> 39 -> -291 -> -354 -> 40 -> 301 -> 75 -> 302 -> 303 -> 83 -> 304 -> 335 -> 89 -> 336 -> 92 -> -295 -> -361 -> 292 -> 305 -> 306 -> 339 -> 307 -> 353 -> -42 -> -357 -> 293 -> 120 -> 310 -> 125 -> 127 -> 340 -> 130 -> 311 -> 135 -> 312 -> 141 -> 313 -> 343 -> 147 -> 314 -> 153 -> 344 -> 156 -> 315 -> 161 -> 346 -> 316 -> 317 -> 171 -> -283 -> 327 -> 6 -> 329 -> 284 -> 318 -> 319 -> 186 -> 188 -> 321 -> -286	4653062	206	 (1,1)
[2026-02-20 17:39:40] DEBUG: Repeat detection iteration 2
[2026-02-20 17:39:40] DEBUG: Total unique edges: 70
[2026-02-20 17:39:40] DEBUG: [SIMPL] Resolved repeats: 0
[2026-02-20 17:39:40] DEBUG: RR links: 0
[2026-02-20 17:39:40] DEBUG: Unresolved: 0
[2026-02-20 17:39:40] DEBUG: Removed 0 simple and 0 double chimeric junctions
[2026-02-20 17:39:40] DEBUG: [SIMPL] Simplified 0 forks
[2026-02-20 17:39:40] DEBUG: [SIMPL] Collapsed 5 haplotypes
[2026-02-20 17:39:40] DEBUG: [SIMPL] Resolved 0 simple repeats
[2026-02-20 17:39:40] DEBUG: Read coverage cutoff: 3
[2026-02-20 17:39:40] DEBUG: [SIMPL] Removed 3 paths with low coverage
[2026-02-20 17:39:40] DEBUG: Finding repeats
[2026-02-20 17:39:40] DEBUG: Read coverage cutoff: 3
[2026-02-20 17:39:40] DEBUG: Low-coverage: 213 -> 348 -> 217 2
[2026-02-20 17:39:40] DEBUG: Haplo-edge: 200 -> 350 -> 324
[2026-02-20 17:39:40] DEBUG: Haplo-edge: 204
[2026-02-20 17:39:40] DEBUG: Haplo-edge: 205
[2026-02-20 17:39:40] DEBUG: Haplo-edge: 208
[2026-02-20 17:39:40] DEBUG: Haplo-edge: 209
[2026-02-20 17:39:40] DEBUG: Haplo-edge: 210
[2026-02-20 17:39:40] DEBUG: Haplo-edge: 212
[2026-02-20 17:39:40] DEBUG: Haplo-edge: 213 -> 348 -> 217
[2026-02-20 17:39:40] DEBUG: Haplo-edge: 214 -> 349 -> 218
[2026-02-20 17:39:40] DEBUG: Haplo-edge: 215
[2026-02-20 17:39:40] DEBUG: Haplo-edge: 219
[2026-02-20 17:39:40] DEBUG: Haplo-edge: -224 -> 223
[2026-02-20 17:39:40] DEBUG: Haplo-edge: 226
[2026-02-20 17:39:40] DEBUG: Haplo-edge: -322 -> 351 -> 234 -> -256 -> -236
[2026-02-20 17:39:40] DEBUG: Repeat detection iteration 1
[2026-02-20 17:39:40] DEBUG: Starting -325 aln:10
[2026-02-20 17:39:40] DEBUG: 	      -248	num:5	flank:4812	span:14
[2026-02-20 17:39:40] DEBUG: 	      -247	num:5	flank:790	span:13
[2026-02-20 17:39:40] DEBUG: Mult: 325	6442	4	 (1,0)
[2026-02-20 17:39:40] DEBUG: Starting 12 aln:391
[2026-02-20 17:39:40] DEBUG: 	      282	num:49	flank:5283	span:5
[2026-02-20 17:39:40] DEBUG: 	      285	num:192	flank:16880	span:4
[2026-02-20 17:39:40] DEBUG: Starting -282 aln:210
[2026-02-20 17:39:40] DEBUG: 	      -12	num:49	flank:5283	span:5
[2026-02-20 17:39:40] DEBUG: 	      286	num:161	flank:5320	span:39
[2026-02-20 17:39:40] DEBUG: Mult: 282 -> 326 -> 5 -> 328 -> 8 -> 10 -> 12	45173	238	 (1,1)
[2026-02-20 17:39:40] DEBUG: SuspiciousOverhangs: -286
[2026-02-20 17:39:40] DEBUG: 	Spanning: 22 median: 41 max: 49
[2026-02-20 17:39:40] DEBUG: 	Hanging: 161
[2026-02-20 17:39:40] DEBUG: 	Inconsistent: 161
[2026-02-20 17:39:40] DEBUG: SuspiciousOverhangs: -285
[2026-02-20 17:39:40] DEBUG: 	Spanning: 22 median: 41 max: 49
[2026-02-20 17:39:40] DEBUG: 	Hanging: 192
[2026-02-20 17:39:40] DEBUG: 	Inconsistent: 192
[2026-02-20 17:39:40] DEBUG: Mult: 285 -> 331 -> 19 -> 287 -> 24 -> 288 -> 355 -> 294 -> 44 -> 332 -> 47 -> 296 -> 53 -> 297 -> 298 -> 299 -> 300 -> 67 -> -31 -> -359 -> -290 -> -358 -> -30 -> 356 -> 39 -> -291 -> -354 -> 40 -> 301 -> 75 -> 302 -> 303 -> 83 -> 304 -> 335 -> 89 -> 336 -> 92 -> -295 -> -361 -> 292 -> 305 -> 306 -> 339 -> 307 -> 353 -> -42 -> -357 -> 293 -> 120 -> 310 -> 125 -> 127 -> 340 -> 130 -> 311 -> 135 -> 312 -> 141 -> 313 -> 343 -> 147 -> 314 -> 153 -> 344 -> 156 -> 315 -> 161 -> 346 -> 316 -> 317 -> 171 -> -283 -> 327 -> 6 -> 329 -> 284 -> 318 -> 319 -> 186 -> 188 -> 321 -> -286	4653062	206	 (1,1)
[2026-02-20 17:39:40] DEBUG: Repeat detection iteration 2
[2026-02-20 17:39:40] DEBUG: Fixed: 285 -> 331 -> 19 -> 287 -> 24 -> 288 -> 355 -> 294 -> 44 -> 332 -> 47 -> 296 -> 53 -> 297 -> 298 -> 299 -> 300 -> 67 -> -31 -> -359 -> -290 -> -358 -> -30 -> 356 -> 39 -> -291 -> -354 -> 40 -> 301 -> 75 -> 302 -> 303 -> 83 -> 304 -> 335 -> 89 -> 336 -> 92 -> -295 -> -361 -> 292 -> 305 -> 306 -> 339 -> 307 -> 353 -> -42 -> -357 -> 293 -> 120 -> 310 -> 125 -> 127 -> 340 -> 130 -> 311 -> 135 -> 312 -> 141 -> 313 -> 343 -> 147 -> 314 -> 153 -> 344 -> 156 -> 315 -> 161 -> 346 -> 316 -> 317 -> 171 -> -283 -> 327 -> 6 -> 329 -> 284 -> 318 -> 319 -> 186 -> 188 -> 321 -> -286	4653062	206
[2026-02-20 17:39:40] DEBUG: Writing Dot
[2026-02-20 17:39:40] DEBUG: Writing FASTA
[2026-02-20 17:39:40] DEBUG: Peak RAM usage: 1 Gb
-----------End assembly log------------
[2026-02-20 17:39:40] root: INFO: >>>STAGE: contigger
[2026-02-20 17:39:40] root: INFO: Generating contigs
[2026-02-20 17:39:40] root: DEBUG: -----Begin contigger analyser log------
[2026-02-20 17:39:40] root: DEBUG: Running: flye-modules contigger --graph-edges /scratch/ky/characterization/results/barcode30/assembly/20-repeat/repeat_graph_edges.fasta --reads /scratch/ky/characterization/FASTQ/SQK-RBK114-96_barcode30.fastq --out-dir /scratch/ky/characterization/results/barcode30/assembly/30-contigger --config /data/softs/Miniforge3-25.11.0-0/envs/flye-2.9.6/lib/python3.12/site-packages/flye/config/bin_cfg/asm_nano_hq.cfg --repeat-graph /scratch/ky/characterization/results/barcode30/assembly/20-repeat/repeat_graph_dump --graph-aln /scratch/ky/characterization/results/barcode30/assembly/20-repeat/read_alignment_dump --log /scratch/ky/characterization/results/barcode30/assembly/flye.log --threads 16 --min-ovlp 2000
[2026-02-20 17:39:40] DEBUG: Build date: May  4 2025 23:18:25
[2026-02-20 17:39:40] DEBUG: Total RAM: 251 Gb
[2026-02-20 17:39:40] DEBUG: Available RAM: 247 Gb
[2026-02-20 17:39:40] DEBUG: Total CPUs: 32
[2026-02-20 17:39:40] DEBUG: Loading /data/softs/Miniforge3-25.11.0-0/envs/flye-2.9.6/lib/python3.12/site-packages/flye/config/bin_cfg/asm_nano_hq.cfg
[2026-02-20 17:39:40] DEBUG: Loading /data/softs/Miniforge3-25.11.0-0/envs/flye-2.9.6/lib/python3.12/site-packages/flye/config/bin_cfg/asm_defaults.cfg
[2026-02-20 17:39:40] DEBUG: 	big_genome_threshold=29000000
[2026-02-20 17:39:40] DEBUG: 	meta_read_filter_kmer_freq=100
[2026-02-20 17:39:40] DEBUG: 	chain_large_gap_penalty=2
[2026-02-20 17:39:40] DEBUG: 	chain_small_gap_penalty=0.5
[2026-02-20 17:39:40] DEBUG: 	chain_gap_jump_threshold=100
[2026-02-20 17:39:40] DEBUG: 	max_jump_gap=500
[2026-02-20 17:39:40] DEBUG: 	max_coverage_drop_rate=5
[2026-02-20 17:39:40] DEBUG: 	max_extensions_drop_rate=5
[2026-02-20 17:39:40] DEBUG: 	chimera_window=100
[2026-02-20 17:39:40] DEBUG: 	chimera_overhang=1000
[2026-02-20 17:39:40] DEBUG: 	min_reads_in_disjointig=4
[2026-02-20 17:39:40] DEBUG: 	max_inner_reads=10
[2026-02-20 17:39:40] DEBUG: 	max_inner_fraction=0.25
[2026-02-20 17:39:40] DEBUG: 	aggressive_dup_filter=1
[2026-02-20 17:39:40] DEBUG: 	max_separation=500
[2026-02-20 17:39:40] DEBUG: 	unique_edge_length=50000
[2026-02-20 17:39:40] DEBUG: 	min_repeat_res_support=0.51
[2026-02-20 17:39:40] DEBUG: 	out_paths_ratio=5
[2026-02-20 17:39:40] DEBUG: 	graph_cov_drop_rate=5
[2026-02-20 17:39:40] DEBUG: 	coverage_estimate_window=100
[2026-02-20 17:39:40] DEBUG: 	max_bubble_length=50000
[2026-02-20 17:39:40] DEBUG: 	loop_coverage_rate=1.5
[2026-02-20 17:39:40] DEBUG: 	repeat_edge_cov_mult=1.75
[2026-02-20 17:39:40] DEBUG: 	weak_detach_rate=5
[2026-02-20 17:39:40] DEBUG: 	tip_coverage_rate=2
[2026-02-20 17:39:40] DEBUG: 	tip_length_rate=2
[2026-02-20 17:39:40] DEBUG: 	output_gfa_before_rr=1
[2026-02-20 17:39:40] DEBUG: 	remove_alt_edges=0
[2026-02-20 17:39:40] DEBUG: 	low_cutoff_warning=0
[2026-02-20 17:39:40] DEBUG: 	kmer_size=17
[2026-02-20 17:39:40] DEBUG: 	use_minimizers=1
[2026-02-20 17:39:40] DEBUG: 	minimizer_window=10
[2026-02-20 17:39:40] DEBUG: 	reads_base_alignment=1
[2026-02-20 17:39:40] DEBUG: 	meta_read_top_kmer_rate=0.75
[2026-02-20 17:39:40] DEBUG: 	maximum_jump=1500
[2026-02-20 17:39:40] DEBUG: 	maximum_overhang=1500
[2026-02-20 17:39:40] DEBUG: 	repeat_kmer_rate=100
[2026-02-20 17:39:40] DEBUG: 	assemble_ovlp_divergence=0.03
[2026-02-20 17:39:40] DEBUG: 	assemble_divergence_relative=1
[2026-02-20 17:39:40] DEBUG: 	repeat_graph_ovlp_divergence=0.03
[2026-02-20 17:39:40] DEBUG: 	read_align_ovlp_divergence=0.10
[2026-02-20 17:39:40] DEBUG: 	hpc_scoring_on=1
[2026-02-20 17:39:40] DEBUG: 	add_unassembled_reads=0
[2026-02-20 17:39:40] DEBUG: 	extend_contigs_with_repeats=0
[2026-02-20 17:39:40] DEBUG: 	min_read_cov_cutoff=3
[2026-02-20 17:39:40] DEBUG: 	short_tip_length=20000
[2026-02-20 17:39:40] DEBUG: 	long_tip_length=100000
[2026-02-20 17:39:40] DEBUG: Running with k-mer size: 17
[2026-02-20 17:39:40] DEBUG: Selected minimum overlap 2000
[2026-02-20 17:39:40] INFO: Reading sequences
[2026-02-20 17:39:43] DEBUG: Building positional index
[2026-02-20 17:39:43] DEBUG: Total sequence: 1090220540 bp
[2026-02-20 17:39:44] DEBUG: Flipped 6
[2026-02-20 17:39:44] DEBUG: UPath 1: 282 -> 326 -> 5 -> 328 -> 8 -> 10 -> 12
[2026-02-20 17:39:44] DEBUG: UPath 2: 285 -> 331 -> 19 -> 287 -> 24 -> 288 -> 355 -> 294 -> 44 -> 332 -> 47 -> 296 -> 53 -> 297 -> 298 -> 299 -> 300 -> 67 -> -31 -> -359 -> -290 -> -358 -> -30 -> 356 -> 39 -> -291 -> -354 -> 40 -> 301 -> 75 -> 302 -> 303 -> 83 -> 304 -> 335 -> 89 -> 336 -> 92 -> -295 -> -361 -> 292 -> 305 -> 306 -> 339 -> 307 -> 353 -> -42 -> -357 -> 293 -> 120 -> 310 -> 125 -> 127 -> 340 -> 130 -> 311 -> 135 -> 312 -> 141 -> 313 -> 343 -> 147 -> 314 -> 153 -> 344 -> 156 -> 315 -> 161 -> 346 -> 316 -> 317 -> 171 -> -283 -> 327 -> 6 -> 329 -> 284 -> 318 -> 319 -> 186 -> 188 -> 321 -> -286
[2026-02-20 17:39:44] DEBUG: UPath 3: 13
[2026-02-20 17:39:44] DEBUG: UPath 4: 25
[2026-02-20 17:39:44] DEBUG: UPath 5: 45 -> 333 -> 48
[2026-02-20 17:39:44] DEBUG: UPath 6: 54
[2026-02-20 17:39:44] DEBUG: UPath 7: 56 -> 352 -> 248
[2026-02-20 17:39:44] DEBUG: UPath 8: 68
[2026-02-20 17:39:44] DEBUG: UPath 9: 70
[2026-02-20 17:39:44] DEBUG: UPath 10: 72
[2026-02-20 17:39:44] DEBUG: UPath 11: 76
[2026-02-20 17:39:44] DEBUG: UPath 12: 80
[2026-02-20 17:39:44] DEBUG: UPath 13: 84
[2026-02-20 17:39:44] DEBUG: UPath 14: -93 -> -337 -> -90 -> -334 -> 88
[2026-02-20 17:39:44] DEBUG: UPath 15: 99
[2026-02-20 17:39:44] DEBUG: UPath 16: 107
[2026-02-20 17:39:44] DEBUG: UPath 17: -113 -> -338 -> 111
[2026-02-20 17:39:44] DEBUG: UPath 18: -309 -> -308 -> 116
[2026-02-20 17:39:44] DEBUG: UPath 19: 121
[2026-02-20 17:39:44] DEBUG: UPath 20: 128 -> 341 -> 131
[2026-02-20 17:39:44] DEBUG: UPath 21: 142
[2026-02-20 17:39:44] DEBUG: UPath 22: -148 -> -342 -> 146
[2026-02-20 17:39:44] DEBUG: UPath 23: -166 -> -347 -> 164
[2026-02-20 17:39:44] DEBUG: UPath 24: 169
[2026-02-20 17:39:44] DEBUG: UPath 25: 172
[2026-02-20 17:39:44] DEBUG: UPath 26: 179
[2026-02-20 17:39:44] DEBUG: UPath 27: 196
[2026-02-20 17:39:44] DEBUG: UPath 28: 197
[2026-02-20 17:39:44] DEBUG: UPath 29: -324 -> -350 -> -200
[2026-02-20 17:39:44] DEBUG: UPath 30: 203
[2026-02-20 17:39:44] DEBUG: UPath 31: -204
[2026-02-20 17:39:44] DEBUG: UPath 32: -205
[2026-02-20 17:39:44] DEBUG: UPath 33: 362 -> 211 -> 364 -> 220 -> 222 -> 365 -> 225 -> 228 -> 366 -> 323 -> -363 -> -207 -> 206
[2026-02-20 17:39:44] DEBUG: UPath 34: 208
[2026-02-20 17:39:44] DEBUG: UPath 35: 209
[2026-02-20 17:39:44] DEBUG: UPath 36: 210
[2026-02-20 17:39:44] DEBUG: UPath 37: -212
[2026-02-20 17:39:44] DEBUG: UPath 38: 213 -> 348 -> 217
[2026-02-20 17:39:44] DEBUG: UPath 39: 214 -> 349 -> 218
[2026-02-20 17:39:44] DEBUG: UPath 40: 215
[2026-02-20 17:39:44] DEBUG: UPath 41: 219
[2026-02-20 17:39:44] DEBUG: UPath 42: -224 -> 223
[2026-02-20 17:39:44] DEBUG: UPath 43: -226
[2026-02-20 17:39:44] DEBUG: UPath 44: 227
[2026-02-20 17:39:44] DEBUG: UPath 45: 229
[2026-02-20 17:39:44] DEBUG: UPath 46: 236 -> 256 -> -234 -> -351 -> 322
[2026-02-20 17:39:44] DEBUG: UPath 47: 237
[2026-02-20 17:39:44] DEBUG: UPath 48: 240 -> 241 -> 244
[2026-02-20 17:39:44] DEBUG: UPath 49: 243
[2026-02-20 17:39:44] DEBUG: UPath 50: -246 -> 245 -> 247
[2026-02-20 17:39:44] DEBUG: UPath 51: 253
[2026-02-20 17:39:44] DEBUG: UPath 52: 255
[2026-02-20 17:39:44] DEBUG: UPath 53: 260
[2026-02-20 17:39:44] DEBUG: UPath 54: 261
[2026-02-20 17:39:44] DEBUG: UPath 55: 271
[2026-02-20 17:39:44] DEBUG: UPath 56: 274
[2026-02-20 17:39:44] DEBUG: UPath 57: 320
[2026-02-20 17:39:44] DEBUG: UPath 58: 325
[2026-02-20 17:39:44] DEBUG: Final graph contains 58 egdes
[2026-02-20 17:39:44] DEBUG: Extending contigs into repeats
[2026-02-20 17:39:44] DEBUG: Covered 0 repetitive contigs
[2026-02-20 17:39:44] INFO: Generated 58 contigs
[2026-02-20 17:39:44] DEBUG: Writing FASTA
[2026-02-20 17:39:44] DEBUG: Generating scaffold connections
[2026-02-20 17:39:44] INFO: Added 0 scaffold connections
[2026-02-20 17:39:44] DEBUG: Writing Dot
[2026-02-20 17:39:44] DEBUG: Writing FASTA
[2026-02-20 17:39:44] DEBUG: Writing Gfa
[2026-02-20 17:39:44] DEBUG: Peak RAM usage: 0 Gb
-----------End assembly log------------
[2026-02-20 17:39:44] root: INFO: >>>STAGE: polishing
[2026-02-20 17:39:44] root: INFO: Polishing genome (1/1)
[2026-02-20 17:39:44] root: INFO: Running minimap2
[2026-02-20 17:40:18] root: INFO: Separating alignment into bubbles
[2026-02-20 17:43:20] root: DEBUG: Generated 385171 bubbles
[2026-02-20 17:43:20] root: DEBUG: Split 67 long bubbles
[2026-02-20 17:43:20] root: DEBUG: Skipped 70 empty bubbles
[2026-02-20 17:43:20] root: DEBUG: Skipped 0 bubbles with long branches
[2026-02-20 17:43:20] root: INFO: Alignment error rate: 0.007939
[2026-02-20 17:43:20] root: INFO: Correcting bubbles
[2026-02-20 17:43:46] root: DEBUG: Mean contig coverage: 196, selected threshold: 3
[2026-02-20 17:43:46] root: DEBUG: Filtered 16 contigs of total length 73159
[2026-02-20 17:43:46] root: DEBUG: Generating polished GFA
[2026-02-20 17:43:49] root: DEBUG: 4 sequences remained unpolished
[2026-02-20 17:43:49] root: INFO: >>>STAGE: finalize
[2026-02-20 17:43:49] root: DEBUG: ---Output dir contents:----
[2026-02-20 17:43:49] root: DEBUG: assembly/
[2026-02-20 17:43:49] root: DEBUG:     136.0 K     flye.log
[2026-02-20 17:43:49] root: DEBUG:     92.0 B      params.json
[2026-02-20 17:43:49] root: DEBUG:     15.0 K      assembly_graph.gv
[2026-02-20 17:43:49] root: DEBUG:     5.0 M       assembly_graph.gfa
[2026-02-20 17:43:49] root: DEBUG:     5.0 M       assembly.fasta
[2026-02-20 17:43:49] root: DEBUG:     00-assembly/
[2026-02-20 17:43:49] root: DEBUG:         6.0 M       draft_assembly.fasta
[2026-02-20 17:43:49] root: DEBUG:         2.0 K       draft_assembly.fasta.fai
[2026-02-20 17:43:49] root: DEBUG:     10-consensus/
[2026-02-20 17:43:49] root: DEBUG:         1.0 K       minimap.stderr
[2026-02-20 17:43:49] root: DEBUG:         202.0 K     minimap.bam.csi
[2026-02-20 17:43:49] root: DEBUG:         6.0 M       consensus.fasta
[2026-02-20 17:43:49] root: DEBUG:     20-repeat/
[2026-02-20 17:43:49] root: DEBUG:         27.0 K      graph_before_rr.gv
[2026-02-20 17:43:49] root: DEBUG:         5.0 M       graph_before_rr.fasta
[2026-02-20 17:43:49] root: DEBUG:         5.0 M       graph_before_rr.gfa
[2026-02-20 17:43:49] root: DEBUG:         32.0 K      graph_after_rr.gv
[2026-02-20 17:43:49] root: DEBUG:         46.0 K      repeat_graph_dump
[2026-02-20 17:43:49] root: DEBUG:         40.0 M      read_alignment_dump
[2026-02-20 17:43:49] root: DEBUG:         6.0 M       repeat_graph_edges.fasta
[2026-02-20 17:43:49] root: DEBUG:     30-contigger/
[2026-02-20 17:43:49] root: DEBUG:         5.0 M       contigs.fasta
[2026-02-20 17:43:49] root: DEBUG:         2.0 K       contigs_stats.txt
[2026-02-20 17:43:49] root: DEBUG:         0.0 B       scaffolds_links.txt
[2026-02-20 17:43:49] root: DEBUG:         15.0 K      graph_final.gv
[2026-02-20 17:43:49] root: DEBUG:         5.0 M       graph_final.fasta
[2026-02-20 17:43:49] root: DEBUG:         5.0 M       graph_final.gfa
[2026-02-20 17:43:49] root: DEBUG:         1.0 K       contigs.fasta.fai
[2026-02-20 17:43:49] root: DEBUG:     40-polishing/
[2026-02-20 17:43:49] root: DEBUG:         926.0 B     minimap.stderr
[2026-02-20 17:43:49] root: DEBUG:         199.0 K     minimap_1.bam.csi
[2026-02-20 17:43:49] root: DEBUG:         1023.0 B    contigs_stats.txt
[2026-02-20 17:43:49] root: DEBUG:         1.0 M       base_coverage.bed.gz
[2026-02-20 17:43:49] root: DEBUG:         5.0 M       filtered_contigs.fasta
[2026-02-20 17:43:49] root: DEBUG:         753.0 B     filtered_stats.txt
[2026-02-20 17:43:49] root: DEBUG:         1.0 K       filtered_contigs.fasta.fai
[2026-02-20 17:43:49] root: DEBUG:         688.0 B     edges_aln.bam.csi
[2026-02-20 17:43:49] root: DEBUG:         5.0 M       polished_edges.gfa
[2026-02-20 17:43:49] root: DEBUG: --------------------------
[2026-02-20 17:43:49] root: INFO: Assembly statistics:

	Total length:	5514887
	Fragments:	41
	Fragments N50:	4675327
	Largest frg:	4675327
	Scaffolds:	0
	Mean coverage:	199

[2026-02-20 17:43:49] root: INFO: Final assembly: /scratch/ky/characterization/results/barcode30/assembly/assembly.fasta
