[2026-02-20 16:43:47] root: INFO: Starting Flye 2.9.6-b1802
[2026-02-20 16:43:47] root: DEBUG: Cmd: /data/softs/Miniforge3-25.11.0-0/envs/flye-2.9.6/bin/flye --meta --nano-hq /scratch/ky/characterization/FASTQ/SQK-RBK114-96_barcode16.fastq -o /scratch/ky/characterization/results/barcode16/assembly/ -t 16
[2026-02-20 16:43:47] root: DEBUG: Python version: 3.12.12 | packaged by conda-forge | (main, Jan 26 2026, 23:51:32) [GCC 14.3.0]
[2026-02-20 16:43:47] root: INFO: >>>STAGE: configure
[2026-02-20 16:43:47] root: INFO: Configuring run
[2026-02-20 16:43:47] root: INFO: Total read length: 15312307
[2026-02-20 16:43:47] root: INFO: Reads N50/N90: 3880 / 760
[2026-02-20 16:43:47] root: INFO: Minimum overlap set to 1000
[2026-02-20 16:43:47] root: INFO: >>>STAGE: assembly
[2026-02-20 16:43:47] root: INFO: Assembling disjointigs
[2026-02-20 16:43:47] root: DEBUG: -----Begin assembly log------
[2026-02-20 16:43:47] root: DEBUG: Running: flye-modules assemble --reads /scratch/ky/characterization/FASTQ/SQK-RBK114-96_barcode16.fastq --out-asm /scratch/ky/characterization/results/barcode16/assembly/00-assembly/draft_assembly.fasta --config /data/softs/Miniforge3-25.11.0-0/envs/flye-2.9.6/lib/python3.12/site-packages/flye/config/bin_cfg/asm_nano_hq.cfg --log /scratch/ky/characterization/results/barcode16/assembly/flye.log --threads 16 --meta --min-ovlp 1000
[2026-02-20 16:43:47] DEBUG: Build date: May  4 2025 23:17:52
[2026-02-20 16:43:47] DEBUG: Total RAM: 251 Gb
[2026-02-20 16:43:47] DEBUG: Available RAM: 246 Gb
[2026-02-20 16:43:47] DEBUG: Total CPUs: 32
[2026-02-20 16:43:47] DEBUG: Loading /data/softs/Miniforge3-25.11.0-0/envs/flye-2.9.6/lib/python3.12/site-packages/flye/config/bin_cfg/asm_nano_hq.cfg
[2026-02-20 16:43:47] DEBUG: Loading /data/softs/Miniforge3-25.11.0-0/envs/flye-2.9.6/lib/python3.12/site-packages/flye/config/bin_cfg/asm_defaults.cfg
[2026-02-20 16:43:47] DEBUG: 	big_genome_threshold=29000000
[2026-02-20 16:43:47] DEBUG: 	meta_read_filter_kmer_freq=100
[2026-02-20 16:43:47] DEBUG: 	chain_large_gap_penalty=2
[2026-02-20 16:43:47] DEBUG: 	chain_small_gap_penalty=0.5
[2026-02-20 16:43:47] DEBUG: 	chain_gap_jump_threshold=100
[2026-02-20 16:43:47] DEBUG: 	max_jump_gap=500
[2026-02-20 16:43:47] DEBUG: 	max_coverage_drop_rate=5
[2026-02-20 16:43:47] DEBUG: 	max_extensions_drop_rate=5
[2026-02-20 16:43:47] DEBUG: 	chimera_window=100
[2026-02-20 16:43:47] DEBUG: 	chimera_overhang=1000
[2026-02-20 16:43:47] DEBUG: 	min_reads_in_disjointig=4
[2026-02-20 16:43:47] DEBUG: 	max_inner_reads=10
[2026-02-20 16:43:47] DEBUG: 	max_inner_fraction=0.25
[2026-02-20 16:43:47] DEBUG: 	aggressive_dup_filter=1
[2026-02-20 16:43:47] DEBUG: 	max_separation=500
[2026-02-20 16:43:47] DEBUG: 	unique_edge_length=50000
[2026-02-20 16:43:47] DEBUG: 	min_repeat_res_support=0.51
[2026-02-20 16:43:47] DEBUG: 	out_paths_ratio=5
[2026-02-20 16:43:47] DEBUG: 	graph_cov_drop_rate=5
[2026-02-20 16:43:47] DEBUG: 	coverage_estimate_window=100
[2026-02-20 16:43:47] DEBUG: 	max_bubble_length=50000
[2026-02-20 16:43:47] DEBUG: 	loop_coverage_rate=1.5
[2026-02-20 16:43:47] DEBUG: 	repeat_edge_cov_mult=1.75
[2026-02-20 16:43:47] DEBUG: 	weak_detach_rate=5
[2026-02-20 16:43:47] DEBUG: 	tip_coverage_rate=2
[2026-02-20 16:43:47] DEBUG: 	tip_length_rate=2
[2026-02-20 16:43:47] DEBUG: 	output_gfa_before_rr=1
[2026-02-20 16:43:47] DEBUG: 	remove_alt_edges=0
[2026-02-20 16:43:47] DEBUG: 	low_cutoff_warning=0
[2026-02-20 16:43:47] DEBUG: 	kmer_size=17
[2026-02-20 16:43:47] DEBUG: 	use_minimizers=1
[2026-02-20 16:43:47] DEBUG: 	minimizer_window=10
[2026-02-20 16:43:47] DEBUG: 	reads_base_alignment=1
[2026-02-20 16:43:47] DEBUG: 	meta_read_top_kmer_rate=0.75
[2026-02-20 16:43:47] DEBUG: 	maximum_jump=1500
[2026-02-20 16:43:47] DEBUG: 	maximum_overhang=1500
[2026-02-20 16:43:47] DEBUG: 	repeat_kmer_rate=100
[2026-02-20 16:43:47] DEBUG: 	assemble_ovlp_divergence=0.03
[2026-02-20 16:43:47] DEBUG: 	assemble_divergence_relative=1
[2026-02-20 16:43:47] DEBUG: 	repeat_graph_ovlp_divergence=0.03
[2026-02-20 16:43:47] DEBUG: 	read_align_ovlp_divergence=0.10
[2026-02-20 16:43:47] DEBUG: 	hpc_scoring_on=1
[2026-02-20 16:43:47] DEBUG: 	add_unassembled_reads=0
[2026-02-20 16:43:47] DEBUG: 	extend_contigs_with_repeats=0
[2026-02-20 16:43:47] DEBUG: 	min_read_cov_cutoff=3
[2026-02-20 16:43:47] DEBUG: 	short_tip_length=20000
[2026-02-20 16:43:47] DEBUG: 	long_tip_length=100000
[2026-02-20 16:43:47] DEBUG: Running with k-mer size: 17
[2026-02-20 16:43:47] DEBUG: Running with minimum overlap 1000
[2026-02-20 16:43:47] DEBUG: Metagenome mode: Y
[2026-02-20 16:43:47] DEBUG: Short mode: N
[2026-02-20 16:43:47] INFO: Reading sequences
[2026-02-20 16:43:47] DEBUG: Building positional index
[2026-02-20 16:43:47] DEBUG: Total sequence: 13166843 bp
[2026-02-20 16:43:47] INFO: Building minimizer index
[2026-02-20 16:43:47] INFO: Pre-calculating index storage
[2026-02-20 16:43:47] DEBUG: Mean k-mer frequency: 2.39792
[2026-02-20 16:43:47] DEBUG: Repetitive k-mer frequency: 239
[2026-02-20 16:43:47] DEBUG: Filtered 26708 repetitive k-mers (0.0112937)
[2026-02-20 16:43:48] INFO: Filling index
[2026-02-20 16:43:48] DEBUG: Sorting k-mer index
[2026-02-20 16:43:48] DEBUG: Selected k-mers: 986212
[2026-02-20 16:43:48] DEBUG: K-mer index size: 2338160
[2026-02-20 16:43:48] DEBUG: Mean k-mer frequency: 2.37085
[2026-02-20 16:43:48] DEBUG: Minimizer rate: 5.63128
[2026-02-20 16:43:48] DEBUG: Peak RAM usage: 0 Gb
[2026-02-20 16:43:48] DEBUG: Estimating k-mer identity bias
[2026-02-20 16:43:48] DEBUG: Initial divergence estimate : 0.00763683
[2026-02-20 16:43:48] DEBUG: Relative threshold: Y
[2026-02-20 16:43:48] DEBUG: Max divergence threshold set to 0.0376368
[2026-02-20 16:43:48] INFO: Extending reads
[2026-02-20 16:43:48] DEBUG: Estimating overlap coverage
[2026-02-20 16:43:49] INFO: Overlap-based coverage: 2
[2026-02-20 16:43:49] INFO: Median overlap divergence: 0.00746714
[2026-02-20 16:43:49] DEBUG: Sequence divergence distribution: 

    |*      |                                                                                            
    |*      |                                                                                            
    |*      |                                                                                            
    |**     |                                                                                            
    |**     |                                                                                            
    |**     |                                                                                            
    |**     |                                                                                            
    |**     |                                                                                            
    |**     |                                                                                            
    |**     |                                                                                            
    |**     |                                                                                            
    |***    |                                                                                            
    |***    |                                                                                            
    |***    |                                                                                            
    |***    |                                                                                            
    |****   |                                                                                            
    |****   |                                                                                            
    |*****  |                                                                                            
    |*******|                                                                                            
    |**************** ***** **    * ** *             *       *                                           
    ----------------------------------------------------------------------------------------------------
    0%        5%        10%       15%       20%       25%       30%       35%       40%       45%       

    Q25 = 0.0038, Q50 = 0.0075, Q75 = 0.014

[2026-02-20 16:43:49] DEBUG: Assembled disjointig 1
	With 1 reads
	Start read: +8318e1e9-7d1f-4baa-9f47-08aca349d87a
	At position: 1
	leftTip: 1 rightTip: 1
	Suspicious: 0
	Short ext: 0
	Mean extensions: 0
	Avg overlap len: 0
	Min overlap len: 0
	Inner reads: 0
	Length: 2326
[2026-02-20 16:43:49] DEBUG: Inner: 4 covered: 43 total: 7608
[2026-02-20 16:43:49] DEBUG: Assembled disjointig 2
	With 4 reads
	Start read: +619069d7-af30-4474-98fd-ffe31d492b36
	At position: 4
	leftTip: 1 rightTip: 1
	Suspicious: 2
	Short ext: 0
	Mean extensions: 1
	Avg overlap len: 1335
	Min overlap len: 1220
	Inner reads: 0
	Length: 8346
[2026-02-20 16:43:49] DEBUG: Inner: 20 covered: 87 total: 7608
[2026-02-20 16:43:49] DEBUG: Assembled disjointig 3
	With 2 reads
	Start read: +7d1ead3d-be3f-4511-86ee-e48651ac12ab
	At position: 1
	leftTip: 1 rightTip: 1
	Suspicious: 1
	Short ext: 0
	Mean extensions: 1
	Avg overlap len: 2227
	Min overlap len: 2227
	Inner reads: 0
	Length: 5384
[2026-02-20 16:43:49] DEBUG: Inner: 30 covered: 99 total: 7608
[2026-02-20 16:43:49] DEBUG: Assembled disjointig 4
	With 2 reads
	Start read: +049984e5-34a7-4c37-a313-ebb889af9a6f
	At position: 1
	leftTip: 1 rightTip: 1
	Suspicious: 1
	Short ext: 0
	Mean extensions: 1
	Avg overlap len: 2238
	Min overlap len: 2238
	Inner reads: 0
	Length: 4679
[2026-02-20 16:43:49] DEBUG: Inner: 42 covered: 112 total: 7608
[2026-02-20 16:43:49] DEBUG: Assembled disjointig 5
	With 1 reads
	Start read: +1e369209-1a9d-414b-bb4f-d67e5b0fb469
	At position: 1
	leftTip: 1 rightTip: 1
	Suspicious: 0
	Short ext: 0
	Mean extensions: 0
	Avg overlap len: 0
	Min overlap len: 0
	Inner reads: 0
	Length: 2224
[2026-02-20 16:43:49] DEBUG: Inner: 46 covered: 118 total: 7608
[2026-02-20 16:43:49] DEBUG: Assembled disjointig 6
	With 1 reads
	Start read: +bf5105c2-ebf8-4276-a1fc-4d46936e8b02
	At position: 1
	leftTip: 1 rightTip: 1
	Suspicious: 0
	Short ext: 0
	Mean extensions: 0
	Avg overlap len: 0
	Min overlap len: 0
	Inner reads: 0
	Length: 4125
[2026-02-20 16:43:49] DEBUG: Inner: 54 covered: 128 total: 7608
[2026-02-20 16:43:49] DEBUG: Assembled disjointig 7
	With 2 reads
	Start read: +3bb4a506-ea0d-4e7c-8d4d-bd83a30e2052
	At position: 2
	leftTip: 1 rightTip: 1
	Suspicious: 1
	Short ext: 0
	Mean extensions: 1
	Avg overlap len: 1338
	Min overlap len: 1338
	Inner reads: 0
	Length: 6209
[2026-02-20 16:43:49] DEBUG: Inner: 84 covered: 182 total: 7608
[2026-02-20 16:43:49] DEBUG: Assembled disjointig 8
	With 5 reads
	Start read: +fc469ac5-0c2c-4a98-85ab-4e11a0186369
	At position: 3
	leftTip: 1 rightTip: 1
	Suspicious: 3
	Short ext: 0
	Mean extensions: 1
	Avg overlap len: 2204
	Min overlap len: 1127
	Inner reads: 0
	Length: 18552
[2026-02-20 16:43:49] DEBUG: Inner: 118 covered: 216 total: 7608
[2026-02-20 16:43:49] DEBUG: Assembled disjointig 9
	With 3 reads
	Start read: +ad42b59e-d5b9-4226-872b-a92f5bf03215
	At position: 1
	leftTip: 1 rightTip: 1
	Suspicious: 1
	Short ext: 0
	Mean extensions: 2
	Avg overlap len: 3955
	Min overlap len: 2377
	Inner reads: 0
	Length: 7006
[2026-02-20 16:43:49] DEBUG: Inner: 146 covered: 246 total: 7608
[2026-02-20 16:43:49] DEBUG: Assembled disjointig 10
	With 4 reads
	Start read: +704bfa54-eaa8-4032-bae5-d5f6db622a47
	At position: 3
	leftTip: 1 rightTip: 1
	Suspicious: 1
	Short ext: 0
	Mean extensions: 1
	Avg overlap len: 2219
	Min overlap len: 2219
	Inner reads: 0
	Length: 20148
[2026-02-20 16:43:49] DEBUG: Inner: 186 covered: 288 total: 7608
[2026-02-20 16:43:49] DEBUG: Assembled disjointig 11
	With 3 reads
	Start read: +752b39b0-916d-4b83-b7bc-12d83770bafe
	At position: 2
	leftTip: 1 rightTip: 1
	Suspicious: 2
	Short ext: 0
	Mean extensions: 2
	Avg overlap len: 2869
	Min overlap len: 1672
	Inner reads: 0
	Length: 10177
[2026-02-20 16:43:49] DEBUG: Inner: 198 covered: 302 total: 7608
[2026-02-20 16:43:49] DEBUG: Assembled disjointig 12
	With 3 reads
	Start read: +0f3de2da-b071-472c-a5de-323ec15bbaef
	At position: 3
	leftTip: 1 rightTip: 1
	Suspicious: 1
	Short ext: 0
	Mean extensions: 1
	Avg overlap len: 3662
	Min overlap len: 1265
	Inner reads: 0
	Length: 11616
[2026-02-20 16:43:49] DEBUG: Inner: 224 covered: 337 total: 7608
[2026-02-20 16:43:49] DEBUG: Assembled disjointig 13
	With 1 reads
	Start read: +12138f2c-661c-47f9-94ca-4b2dc6c1d916
	At position: 1
	leftTip: 1 rightTip: 1
	Suspicious: 0
	Short ext: 0
	Mean extensions: 0
	Avg overlap len: 0
	Min overlap len: 0
	Inner reads: 0
	Length: 5761
[2026-02-20 16:43:49] DEBUG: Inner: 236 covered: 350 total: 7608
[2026-02-20 16:43:49] DEBUG: Assembled disjointig 14
	With 4 reads
	Start read: +2d04561b-042b-45bc-8ed6-c827713c8ca3
	At position: 1
	leftTip: 1 rightTip: 1
	Suspicious: 3
	Short ext: 0
	Mean extensions: 1
	Avg overlap len: 4804
	Min overlap len: 2202
	Inner reads: 0
	Length: 35825
[2026-02-20 16:43:49] DEBUG: Inner: 286 covered: 400 total: 7608
[2026-02-20 16:43:49] DEBUG: Assembled disjointig 15
	With 4 reads
	Start read: +b226c1fb-ad67-430a-bf05-e9898c7f259c
	At position: 4
	leftTip: 1 rightTip: 1
	Suspicious: 2
	Short ext: 0
	Mean extensions: 1
	Avg overlap len: 3060
	Min overlap len: 2272
	Inner reads: 0
	Length: 11898
[2026-02-20 16:43:49] DEBUG: Inner: 304 covered: 426 total: 7608
[2026-02-20 16:43:49] DEBUG: Assembled disjointig 16
	With 4 reads
	Start read: +88f9c7f7-8b62-483f-98dc-0d7ce67b6457
	At position: 4
	leftTip: 1 rightTip: 1
	Suspicious: 1
	Short ext: 0
	Mean extensions: 1
	Avg overlap len: 2211
	Min overlap len: 2015
	Inner reads: 0
	Length: 20758
[2026-02-20 16:43:49] DEBUG: Inner: 328 covered: 452 total: 7608
[2026-02-20 16:43:49] DEBUG: Assembled disjointig 17
	With 4 reads
	Start read: +48e15edb-5654-4352-b357-b5efdefa3260
	At position: 1
	leftTip: 1 rightTip: 1
	Suspicious: 2
	Short ext: 0
	Mean extensions: 1
	Avg overlap len: 2127
	Min overlap len: 1029
	Inner reads: 0
	Length: 17972
[2026-02-20 16:43:49] DEBUG: Inner: 348 covered: 478 total: 7608
[2026-02-20 16:43:49] DEBUG: Assembled disjointig 18
	With 1 reads
	Start read: +74f67fe4-2099-4555-98c0-73ec98554c4c
	At position: 1
	leftTip: 1 rightTip: 1
	Suspicious: 0
	Short ext: 0
	Mean extensions: 0
	Avg overlap len: 0
	Min overlap len: 0
	Inner reads: 0
	Length: 2569
[2026-02-20 16:43:49] DEBUG: Inner: 352 covered: 485 total: 7608
[2026-02-20 16:43:49] DEBUG: Assembled disjointig 19
	With 4 reads
	Start read: +1a67326b-606e-4d05-8c8e-878f13ae0d90
	At position: 4
	leftTip: 1 rightTip: 1
	Suspicious: 2
	Short ext: 0
	Mean extensions: 1
	Avg overlap len: 2687
	Min overlap len: 1056
	Inner reads: 0
	Length: 15519
[2026-02-20 16:43:49] DEBUG: Inner: 374 covered: 508 total: 7608
[2026-02-20 16:43:49] DEBUG: Assembled disjointig 20
	With 5 reads
	Start read: +65946286-5b73-4bf8-9f87-68510649c769
	At position: 2
	leftTip: 1 rightTip: 1
	Suspicious: 2
	Short ext: 0
	Mean extensions: 2
	Avg overlap len: 3245
	Min overlap len: 2415
	Inner reads: 0
	Length: 27809
[2026-02-20 16:43:49] DEBUG: Inner: 398 covered: 542 total: 7608
[2026-02-20 16:43:49] DEBUG: Assembled disjointig 21
	With 6 reads
	Start read: +b4730c6a-f2ed-4b4a-8863-703d9e897851
	At position: 6
	leftTip: 1 rightTip: 1
	Suspicious: 1
	Short ext: 0
	Mean extensions: 2
	Avg overlap len: 3854
	Min overlap len: 2600
	Inner reads: 0
	Length: 26600
[2026-02-20 16:43:49] DEBUG: Inner: 454 covered: 596 total: 7608
[2026-02-20 16:43:49] DEBUG: Assembled disjointig 22
	With 2 reads
	Start read: +5b88574e-1d73-4d2d-9b0a-d879d31b5151
	At position: 1
	leftTip: 1 rightTip: 1
	Suspicious: 1
	Short ext: 0
	Mean extensions: 0
	Avg overlap len: 1614
	Min overlap len: 1614
	Inner reads: 0
	Length: 7553
[2026-02-20 16:43:49] DEBUG: Inner: 464 covered: 606 total: 7608
[2026-02-20 16:43:49] DEBUG: Assembled disjointig 23
	With 2 reads
	Start read: +91e047bf-6f2d-458c-8519-b69ea905f43b
	At position: 1
	leftTip: 1 rightTip: 1
	Suspicious: 1
	Short ext: 0
	Mean extensions: 0
	Avg overlap len: 2585
	Min overlap len: 2585
	Inner reads: 0
	Length: 5869
[2026-02-20 16:43:49] DEBUG: Inner: 470 covered: 612 total: 7608
[2026-02-20 16:43:49] DEBUG: Assembled disjointig 24
	With 4 reads
	Start read: +3bea6f64-0b08-4972-8be9-746945d40d13
	At position: 1
	leftTip: 1 rightTip: 1
	Suspicious: 1
	Short ext: 0
	Mean extensions: 1
	Avg overlap len: 1699
	Min overlap len: 1281
	Inner reads: 0
	Length: 14503
[2026-02-20 16:43:49] DEBUG: Inner: 490 covered: 634 total: 7608
[2026-02-20 16:43:49] DEBUG: Discarded disjointig with 6 reads and 4 inner overlaps
[2026-02-20 16:43:49] DEBUG: Assembled disjointig 25
	With 1 reads
	Start read: +615b7331-b315-403f-b2d3-38854bea49f5
	At position: 1
	leftTip: 1 rightTip: 1
	Suspicious: 0
	Short ext: 0
	Mean extensions: 0
	Avg overlap len: 0
	Min overlap len: 0
	Inner reads: 0
	Length: 3573
[2026-02-20 16:43:49] DEBUG: Inner: 498 covered: 646 total: 7608
[2026-02-20 16:43:49] DEBUG: Assembled disjointig 26
	With 3 reads
	Start read: +a5c45a02-4a11-4410-ba96-85002a6cd401
	At position: 1
	leftTip: 1 rightTip: 1
	Suspicious: 2
	Short ext: 0
	Mean extensions: 1
	Avg overlap len: 2613
	Min overlap len: 2533
	Inner reads: 0
	Length: 12158
[2026-02-20 16:43:49] DEBUG: Inner: 522 covered: 674 total: 7608
[2026-02-20 16:43:49] DEBUG: Assembled disjointig 27
	With 3 reads
	Start read: +536d13c3-9522-4c95-a982-6590af5eefaf
	At position: 3
	leftTip: 1 rightTip: 1
	Suspicious: 2
	Short ext: 0
	Mean extensions: 1
	Avg overlap len: 1462
	Min overlap len: 1413
	Inner reads: 0
	Length: 9620
[2026-02-20 16:43:49] DEBUG: Inner: 534 covered: 688 total: 7608
[2026-02-20 16:43:49] DEBUG: Assembled disjointig 28
	With 6 reads
	Start read: +451a1639-3fc4-4440-a884-61e668c395eb
	At position: 6
	leftTip: 1 rightTip: 1
	Suspicious: 2
	Short ext: 0
	Mean extensions: 1
	Avg overlap len: 2514
	Min overlap len: 1376
	Inner reads: 0
	Length: 41278
[2026-02-20 16:43:49] DEBUG: Inner: 702 covered: 882 total: 7608
[2026-02-20 16:43:49] DEBUG: Assembled disjointig 29
	With 1 reads
	Start read: +15d8b2bb-7aae-4884-8c78-73948463bfb7
	At position: 1
	leftTip: 1 rightTip: 1
	Suspicious: 0
	Short ext: 0
	Mean extensions: 0
	Avg overlap len: 0
	Min overlap len: 0
	Inner reads: 0
	Length: 4949
[2026-02-20 16:43:49] DEBUG: Inner: 710 covered: 892 total: 7608
[2026-02-20 16:43:49] DEBUG: Assembled disjointig 30
	With 7 reads
	Start read: +4c9acdda-e530-4744-ae0e-7884479f0d1d
	At position: 6
	leftTip: 1 rightTip: 0
	Suspicious: 5
	Short ext: 0
	Mean extensions: 1
	Avg overlap len: 4510
	Min overlap len: 1117
	Inner reads: 0
	Length: 31580
[2026-02-20 16:43:49] DEBUG: Inner: 752 covered: 936 total: 7608
[2026-02-20 16:43:49] DEBUG: Assembled disjointig 31
	With 3 reads
	Start read: +4f8481f4-7af3-4037-89c7-62001ad833da
	At position: 1
	leftTip: 1 rightTip: 1
	Suspicious: 2
	Short ext: 0
	Mean extensions: 1
	Avg overlap len: 3762
	Min overlap len: 1936
	Inner reads: 0
	Length: 9855
[2026-02-20 16:43:49] DEBUG: Inner: 768 covered: 952 total: 7608
[2026-02-20 16:43:49] DEBUG: Assembled disjointig 32
	With 3 reads
	Start read: +e0f914f3-17c4-49fb-a082-8ebe1674a461
	At position: 3
	leftTip: 1 rightTip: 1
	Suspicious: 1
	Short ext: 0
	Mean extensions: 2
	Avg overlap len: 5119
	Min overlap len: 2786
	Inner reads: 0
	Length: 10890
[2026-02-20 16:43:49] DEBUG: Inner: 782 covered: 972 total: 7608
[2026-02-20 16:43:49] DEBUG: Assembled disjointig 33
	With 2 reads
	Start read: +4e9c5a32-310a-4866-8fbf-d48d301d5c47
	At position: 2
	leftTip: 1 rightTip: 1
	Suspicious: 1
	Short ext: 0
	Mean extensions: 0
	Avg overlap len: 2779
	Min overlap len: 2779
	Inner reads: 0
	Length: 4636
[2026-02-20 16:43:49] DEBUG: Inner: 786 covered: 984 total: 7608
[2026-02-20 16:43:49] DEBUG: Assembled disjointig 34
	With 5 reads
	Start read: +50155c07-8fde-4219-b8a7-d8e3ef90c597
	At position: 3
	leftTip: 1 rightTip: 1
	Suspicious: 2
	Short ext: 0
	Mean extensions: 1
	Avg overlap len: 4177
	Min overlap len: 1579
	Inner reads: 0
	Length: 21734
[2026-02-20 16:43:49] DEBUG: Inner: 836 covered: 1038 total: 7608
[2026-02-20 16:43:49] DEBUG: Assembled disjointig 35
	With 4 reads
	Start read: +ec84bad3-1250-4fc5-ad44-f7920ad46639
	At position: 1
	leftTip: 1 rightTip: 1
	Suspicious: 1
	Short ext: 0
	Mean extensions: 1
	Avg overlap len: 2257
	Min overlap len: 1966
	Inner reads: 0
	Length: 17444
[2026-02-20 16:43:49] DEBUG: Inner: 880 covered: 1090 total: 7608
[2026-02-20 16:43:49] DEBUG: Assembled disjointig 36
	With 2 reads
	Start read: +f2532528-7aa3-4693-a396-c667cbd425de
	At position: 2
	leftTip: 1 rightTip: 1
	Suspicious: 1
	Short ext: 0
	Mean extensions: 0
	Avg overlap len: 2980
	Min overlap len: 2980
	Inner reads: 0
	Length: 7382
[2026-02-20 16:43:49] DEBUG: Inner: 886 covered: 1102 total: 7608
[2026-02-20 16:43:49] DEBUG: Assembled disjointig 37
	With 7 reads
	Start read: +1ce3e329-19dc-4dec-a8c8-231102180588
	At position: 5
	leftTip: 0 rightTip: 0
	Suspicious: 0
	Short ext: 0
	Mean extensions: 4
	Avg overlap len: 2700
	Min overlap len: 2329
	Inner reads: 0
	Length: 18960
[2026-02-20 16:43:49] DEBUG: Inner: 968 covered: 1190 total: 7608
[2026-02-20 16:43:49] DEBUG: Assembled disjointig 38
	With 1 reads
	Start read: +cb5b6796-be4a-48f9-8f63-bebc42d02184
	At position: 1
	leftTip: 1 rightTip: 1
	Suspicious: 0
	Short ext: 0
	Mean extensions: 0
	Avg overlap len: 0
	Min overlap len: 0
	Inner reads: 0
	Length: 2439
[2026-02-20 16:43:49] DEBUG: Inner: 972 covered: 1194 total: 7608
[2026-02-20 16:43:49] DEBUG: Assembled disjointig 39
	With 8 reads
	Start read: +59f03633-50f0-4906-a933-df5e1c798b50
	At position: 1
	leftTip: 1 rightTip: 1
	Suspicious: 2
	Short ext: 0
	Mean extensions: 1
	Avg overlap len: 4498
	Min overlap len: 2885
	Inner reads: 0
	Length: 32721
[2026-02-20 16:43:49] DEBUG: Inner: 1056 covered: 1290 total: 7608
[2026-02-20 16:43:49] DEBUG: Assembled disjointig 40
	With 3 reads
	Start read: +a3534d9c-ce9c-419d-8e36-52c38635961b
	At position: 3
	leftTip: 1 rightTip: 1
	Suspicious: 2
	Short ext: 0
	Mean extensions: 1
	Avg overlap len: 1707
	Min overlap len: 1523
	Inner reads: 0
	Length: 16964
[2026-02-20 16:43:49] DEBUG: Inner: 1094 covered: 1328 total: 7608
[2026-02-20 16:43:49] DEBUG: Assembled disjointig 41
	With 4 reads
	Start read: +fd8b609d-c505-463f-8dcd-7ac5cf1c4995
	At position: 4
	leftTip: 1 rightTip: 1
	Suspicious: 1
	Short ext: 0
	Mean extensions: 1
	Avg overlap len: 4051
	Min overlap len: 1205
	Inner reads: 0
	Length: 31067
[2026-02-20 16:43:49] DEBUG: Inner: 1146 covered: 1382 total: 7608
[2026-02-20 16:43:49] DEBUG: Assembled disjointig 42
	With 1 reads
	Start read: +bc31170c-740b-4573-9dc3-f1ae19c5f843
	At position: 1
	leftTip: 1 rightTip: 1
	Suspicious: 0
	Short ext: 0
	Mean extensions: 0
	Avg overlap len: 0
	Min overlap len: 0
	Inner reads: 0
	Length: 2352
[2026-02-20 16:43:49] DEBUG: Inner: 1150 covered: 1386 total: 7608
[2026-02-20 16:43:49] DEBUG: Assembled disjointig 43
	With 5 reads
	Start read: +eac1d9d9-1104-4ce1-ac97-bb2ac3acd251
	At position: 1
	leftTip: 1 rightTip: 1
	Suspicious: 1
	Short ext: 0
	Mean extensions: 4
	Avg overlap len: 4292
	Min overlap len: 2482
	Inner reads: 0
	Length: 17704
[2026-02-20 16:43:49] DEBUG: Inner: 1196 covered: 1438 total: 7608
[2026-02-20 16:43:49] DEBUG: Discarded disjointig with 5 reads and 3 inner overlaps
[2026-02-20 16:43:49] DEBUG: Assembled disjointig 44
	With 3 reads
	Start read: +d13df877-04b0-49fb-90b0-4aa585f7ba0a
	At position: 3
	leftTip: 1 rightTip: 1
	Suspicious: 1
	Short ext: 0
	Mean extensions: 2
	Avg overlap len: 2030
	Min overlap len: 1512
	Inner reads: 0
	Length: 7506
[2026-02-20 16:43:49] DEBUG: Inner: 1216 covered: 1482 total: 7608
[2026-02-20 16:43:49] DEBUG: Assembled disjointig 45
	With 7 reads
	Start read: +c023994d-be4d-4df1-b194-ecd3671ed612
	At position: 1
	leftTip: 1 rightTip: 1
	Suspicious: 0
	Short ext: 0
	Mean extensions: 2
	Avg overlap len: 4351
	Min overlap len: 2019
	Inner reads: 0
	Length: 30738
[2026-02-20 16:43:49] DEBUG: Inner: 1332 covered: 1598 total: 7608
[2026-02-20 16:43:49] DEBUG: Discarded disjointig with 8 reads and 6 inner overlaps
[2026-02-20 16:43:49] DEBUG: Assembled disjointig 46
	With 3 reads
	Start read: +6da61fb9-b743-4803-adaa-84150735deff
	At position: 1
	leftTip: 1 rightTip: 1
	Suspicious: 1
	Short ext: 0
	Mean extensions: 1
	Avg overlap len: 7967
	Min overlap len: 3685
	Inner reads: 0
	Length: 10820
[2026-02-20 16:43:49] DEBUG: Inner: 1346 covered: 1616 total: 7608
[2026-02-20 16:43:49] DEBUG: Assembled disjointig 47
	With 2 reads
	Start read: +8850a2a6-dd2c-4ea2-a9ca-26443db1ad60
	At position: 2
	leftTip: 1 rightTip: 1
	Suspicious: 1
	Short ext: 0
	Mean extensions: 0
	Avg overlap len: 1910
	Min overlap len: 1910
	Inner reads: 0
	Length: 6320
[2026-02-20 16:43:49] DEBUG: Inner: 1358 covered: 1632 total: 7608
[2026-02-20 16:43:49] DEBUG: Assembled disjointig 48
	With 5 reads
	Start read: +bb577bc7-0795-4c1b-8f61-4c1a504350ed
	At position: 1
	leftTip: 1 rightTip: 1
	Suspicious: 1
	Short ext: 0
	Mean extensions: 1
	Avg overlap len: 2765
	Min overlap len: 1159
	Inner reads: 0
	Length: 21796
[2026-02-20 16:43:49] DEBUG: Inner: 1414 covered: 1686 total: 7608
[2026-02-20 16:43:49] DEBUG: Assembled disjointig 49
	With 4 reads
	Start read: +cf70d80d-c4c6-4367-aceb-3b84e5120b29
	At position: 4
	leftTip: 0 rightTip: 1
	Suspicious: 1
	Short ext: 0
	Mean extensions: 2
	Avg overlap len: 1116
	Min overlap len: 1039
	Inner reads: 0
	Length: 22554
[2026-02-20 16:43:49] DEBUG: Inner: 1452 covered: 1732 total: 7608
[2026-02-20 16:43:49] DEBUG: Assembled disjointig 50
	With 3 reads
	Start read: +c32c2488-b756-4117-93e3-6b105e184a5b
	At position: 3
	leftTip: 1 rightTip: 1
	Suspicious: 2
	Short ext: 0
	Mean extensions: 1
	Avg overlap len: 2725
	Min overlap len: 2081
	Inner reads: 0
	Length: 16821
[2026-02-20 16:43:49] DEBUG: Inner: 1464 covered: 1746 total: 7608
[2026-02-20 16:43:49] DEBUG: Assembled disjointig 51
	With 6 reads
	Start read: +be64338c-8e2a-4160-9932-1e52cd8b1303
	At position: 1
	leftTip: 1 rightTip: 1
	Suspicious: 3
	Short ext: 0
	Mean extensions: 1
	Avg overlap len: 2262
	Min overlap len: 1084
	Inner reads: 0
	Length: 24427
[2026-02-20 16:43:49] DEBUG: Inner: 1512 covered: 1799 total: 7608
[2026-02-20 16:43:49] DEBUG: Assembled disjointig 52
	With 4 reads
	Start read: +24aa8f69-a217-4668-aa94-b0128d78bb64
	At position: 2
	leftTip: 1 rightTip: 1
	Suspicious: 3
	Short ext: 0
	Mean extensions: 1
	Avg overlap len: 3283
	Min overlap len: 1651
	Inner reads: 0
	Length: 21328
[2026-02-20 16:43:49] DEBUG: Inner: 1548 covered: 1838 total: 7608
[2026-02-20 16:43:49] DEBUG: Assembled disjointig 53
	With 2 reads
	Start read: +2f3a52c7-9847-4a2d-bc4b-59f7d119ba54
	At position: 2
	leftTip: 1 rightTip: 1
	Suspicious: 1
	Short ext: 0
	Mean extensions: 0
	Avg overlap len: 1295
	Min overlap len: 1295
	Inner reads: 0
	Length: 4189
[2026-02-20 16:43:49] DEBUG: Inner: 1556 covered: 1852 total: 7608
[2026-02-20 16:43:49] DEBUG: Assembled disjointig 54
	With 3 reads
	Start read: +193f7a93-ab0b-49c8-9090-219c4b226893
	At position: 2
	leftTip: 1 rightTip: 1
	Suspicious: 2
	Short ext: 0
	Mean extensions: 1
	Avg overlap len: 4688
	Min overlap len: 3252
	Inner reads: 0
	Length: 13414
[2026-02-20 16:43:49] DEBUG: Inner: 1578 covered: 1874 total: 7608
[2026-02-20 16:43:49] DEBUG: Assembled disjointig 55
	With 5 reads
	Start read: +6978b2e7-966a-4345-b355-593b3b0afd26
	At position: 2
	leftTip: 1 rightTip: 1
	Suspicious: 2
	Short ext: 0
	Mean extensions: 2
	Avg overlap len: 4560
	Min overlap len: 2211
	Inner reads: 0
	Length: 20276
[2026-02-20 16:43:49] DEBUG: Inner: 1628 covered: 1930 total: 7608
[2026-02-20 16:43:49] DEBUG: Assembled disjointig 56
	With 4 reads
	Start read: +4c1e3d1d-c51b-402c-b734-aa712c614aae
	At position: 3
	leftTip: 1 rightTip: 1
	Suspicious: 2
	Short ext: 0
	Mean extensions: 1
	Avg overlap len: 2778
	Min overlap len: 2724
	Inner reads: 0
	Length: 14878
[2026-02-20 16:43:49] DEBUG: Inner: 1664 covered: 1968 total: 7608
[2026-02-20 16:43:49] DEBUG: Assembled disjointig 57
	With 7 reads
	Start read: +6f25f7e1-e008-42b7-988c-341c490bd916
	At position: 5
	leftTip: 1 rightTip: 0
	Suspicious: 4
	Short ext: 0
	Mean extensions: 1
	Avg overlap len: 2455
	Min overlap len: 1518
	Inner reads: 0
	Length: 51703
[2026-02-20 16:43:49] DEBUG: Inner: 1756 covered: 2076 total: 7608
[2026-02-20 16:43:49] DEBUG: Assembled disjointig 58
	With 10 reads
	Start read: +13ba41e7-7813-446a-9f28-06d53f25b37d
	At position: 1
	leftTip: 1 rightTip: 1
	Suspicious: 2
	Short ext: 0
	Mean extensions: 2
	Avg overlap len: 3249
	Min overlap len: 1219
	Inner reads: 0
	Length: 35011
[2026-02-20 16:43:49] DEBUG: Inner: 1828 covered: 2148 total: 7608
[2026-02-20 16:43:49] DEBUG: Assembled disjointig 59
	With 1 reads
	Start read: +aa23ffb4-5ad7-4764-a736-7c300b43be36
	At position: 1
	leftTip: 1 rightTip: 1
	Suspicious: 0
	Short ext: 0
	Mean extensions: 0
	Avg overlap len: 0
	Min overlap len: 0
	Inner reads: 0
	Length: 3007
[2026-02-20 16:43:49] DEBUG: Inner: 1836 covered: 2158 total: 7608
[2026-02-20 16:43:49] DEBUG: Assembled disjointig 60
	With 3 reads
	Start read: +4117f049-ca82-4abe-a9f0-73726de542cf
	At position: 2
	leftTip: 1 rightTip: 0
	Suspicious: 2
	Short ext: 0
	Mean extensions: 1
	Avg overlap len: 1746
	Min overlap len: 1354
	Inner reads: 0
	Length: 13851
[2026-02-20 16:43:49] DEBUG: Inner: 1860 covered: 2184 total: 7608
[2026-02-20 16:43:49] DEBUG: Discarded disjointig with 3 reads and 1 inner overlaps
[2026-02-20 16:43:49] DEBUG: Assembled disjointig 61
	With 2 reads
	Start read: +a69b47d4-853f-400d-b69f-43de5603b0d7
	At position: 2
	leftTip: 1 rightTip: 1
	Suspicious: 1
	Short ext: 0
	Mean extensions: 0
	Avg overlap len: 1166
	Min overlap len: 1166
	Inner reads: 0
	Length: 5128
[2026-02-20 16:43:49] DEBUG: Inner: 1874 covered: 2222 total: 7608
[2026-02-20 16:43:49] DEBUG: Assembled disjointig 62
	With 3 reads
	Start read: +a689dbf4-5f4f-4aa8-9047-fbac3ee358a4
	At position: 1
	leftTip: 1 rightTip: 1
	Suspicious: 1
	Short ext: 0
	Mean extensions: 1
	Avg overlap len: 6464
	Min overlap len: 2362
	Inner reads: 0
	Length: 13152
[2026-02-20 16:43:49] DEBUG: Inner: 1888 covered: 2252 total: 7608
[2026-02-20 16:43:49] DEBUG: Assembled disjointig 63
	With 5 reads
	Start read: +17f310a1-10f0-4b1b-886c-935812cd7efb
	At position: 5
	leftTip: 1 rightTip: 1
	Suspicious: 1
	Short ext: 0
	Mean extensions: 2
	Avg overlap len: 3407
	Min overlap len: 1159
	Inner reads: 0
	Length: 33712
[2026-02-20 16:43:49] DEBUG: Inner: 1922 covered: 2287 total: 7608
[2026-02-20 16:43:49] DEBUG: Assembled disjointig 64
	With 4 reads
	Start read: +4c031d68-837d-4a9b-b6ce-c03d4d8ae7c1
	At position: 1
	leftTip: 1 rightTip: 1
	Suspicious: 1
	Short ext: 0
	Mean extensions: 1
	Avg overlap len: 3860
	Min overlap len: 3565
	Inner reads: 0
	Length: 14806
[2026-02-20 16:43:49] DEBUG: Inner: 1950 covered: 2316 total: 7608
[2026-02-20 16:43:49] DEBUG: Assembled disjointig 65
	With 3 reads
	Start read: +6411131e-e0d3-40dd-9e80-7148ce57fe53
	At position: 1
	leftTip: 1 rightTip: 1
	Suspicious: 1
	Short ext: 0
	Mean extensions: 1
	Avg overlap len: 2769
	Min overlap len: 2090
	Inner reads: 0
	Length: 11930
[2026-02-20 16:43:49] DEBUG: Inner: 1970 covered: 2342 total: 7608
[2026-02-20 16:43:49] DEBUG: Assembled disjointig 66
	With 7 reads
	Start read: +00299227-5043-4eff-90f4-4deec026985b
	At position: 1
	leftTip: 1 rightTip: 1
	Suspicious: 1
	Short ext: 0
	Mean extensions: 2
	Avg overlap len: 5794
	Min overlap len: 1097
	Inner reads: 0
	Length: 23725
[2026-02-20 16:43:49] DEBUG: Inner: 2080 covered: 2450 total: 7608
[2026-02-20 16:43:49] DEBUG: Assembled disjointig 67
	With 5 reads
	Start read: +d69b0d4d-b175-46e8-a583-c99834ade2ac
	At position: 3
	leftTip: 1 rightTip: 0
	Suspicious: 3
	Short ext: 0
	Mean extensions: 1
	Avg overlap len: 2386
	Min overlap len: 1058
	Inner reads: 0
	Length: 40815
[2026-02-20 16:43:49] DEBUG: Inner: 2124 covered: 2494 total: 7608
[2026-02-20 16:43:49] DEBUG: Assembled disjointig 68
	With 3 reads
	Start read: +75905d4a-5214-4621-abcd-c332b60728f4
	At position: 2
	leftTip: 1 rightTip: 1
	Suspicious: 2
	Short ext: 0
	Mean extensions: 1
	Avg overlap len: 3778
	Min overlap len: 1851
	Inner reads: 0
	Length: 9928
[2026-02-20 16:43:49] DEBUG: Inner: 2136 covered: 2508 total: 7608
[2026-02-20 16:43:49] DEBUG: Assembled disjointig 69
	With 4 reads
	Start read: +a8e6690e-07f8-4f52-b3e1-fbde1a07e783
	At position: 2
	leftTip: 1 rightTip: 1
	Suspicious: 3
	Short ext: 0
	Mean extensions: 1
	Avg overlap len: 2196
	Min overlap len: 1769
	Inner reads: 0
	Length: 21015
[2026-02-20 16:43:49] DEBUG: Inner: 2160 covered: 2538 total: 7608
[2026-02-20 16:43:49] DEBUG: Assembled disjointig 70
	With 2 reads
	Start read: +4290ae7e-6d13-453d-b4a3-a81531b648dd
	At position: 1
	leftTip: 1 rightTip: 1
	Suspicious: 1
	Short ext: 0
	Mean extensions: 1
	Avg overlap len: 2208
	Min overlap len: 2208
	Inner reads: 0
	Length: 4472
[2026-02-20 16:43:49] DEBUG: Inner: 2174 covered: 2550 total: 7608
[2026-02-20 16:43:49] DEBUG: Discarded disjointig with 6 reads and 4 inner overlaps
[2026-02-20 16:43:49] DEBUG: Assembled disjointig 71
	With 3 reads
	Start read: +fa309f41-451f-47fe-b27a-05120ea7ee5f
	At position: 2
	leftTip: 1 rightTip: 1
	Suspicious: 2
	Short ext: 0
	Mean extensions: 2
	Avg overlap len: 2640
	Min overlap len: 2632
	Inner reads: 0
	Length: 8103
[2026-02-20 16:43:49] DEBUG: Inner: 2188 covered: 2574 total: 7608
[2026-02-20 16:43:49] DEBUG: Assembled disjointig 72
	With 4 reads
	Start read: +232b3efb-04be-4c1c-af8f-102377cd01ee
	At position: 1
	leftTip: 1 rightTip: 1
	Suspicious: 2
	Short ext: 0
	Mean extensions: 1
	Avg overlap len: 1291
	Min overlap len: 1036
	Inner reads: 0
	Length: 10374
[2026-02-20 16:43:49] DEBUG: Inner: 2210 covered: 2604 total: 7608
[2026-02-20 16:43:49] DEBUG: Assembled disjointig 73
	With 2 reads
	Start read: +cd3979db-ec38-4b82-af84-94c6008d1d07
	At position: 1
	leftTip: 1 rightTip: 1
	Suspicious: 1
	Short ext: 0
	Mean extensions: 0
	Avg overlap len: 1911
	Min overlap len: 1911
	Inner reads: 0
	Length: 7774
[2026-02-20 16:43:49] DEBUG: Inner: 2228 covered: 2624 total: 7608
[2026-02-20 16:43:49] DEBUG: Assembled disjointig 74
	With 1 reads
	Start read: +60c4914a-f457-4a7d-9e80-bf8ec287a019
	At position: 1
	leftTip: 1 rightTip: 1
	Suspicious: 0
	Short ext: 0
	Mean extensions: 0
	Avg overlap len: 0
	Min overlap len: 0
	Inner reads: 0
	Length: 6549
[2026-02-20 16:43:49] DEBUG: Inner: 2246 covered: 2652 total: 7608
[2026-02-20 16:43:49] DEBUG: Assembled disjointig 75
	With 2 reads
	Start read: +fbdefdfb-0381-42bf-84f2-b9c4e6aec663
	At position: 1
	leftTip: 1 rightTip: 1
	Suspicious: 1
	Short ext: 0
	Mean extensions: 0
	Avg overlap len: 3748
	Min overlap len: 3748
	Inner reads: 0
	Length: 6790
[2026-02-20 16:43:49] DEBUG: Inner: 2254 covered: 2664 total: 7608
[2026-02-20 16:43:49] DEBUG: Assembled disjointig 76
	With 4 reads
	Start read: +ece9fdea-1bea-428d-b04c-afffef1a0cd6
	At position: 2
	leftTip: 1 rightTip: 1
	Suspicious: 1
	Short ext: 0
	Mean extensions: 1
	Avg overlap len: 3059
	Min overlap len: 1809
	Inner reads: 0
	Length: 13462
[2026-02-20 16:43:49] DEBUG: Inner: 2294 covered: 2708 total: 7608
[2026-02-20 16:43:49] DEBUG: Assembled disjointig 77
	With 2 reads
	Start read: +da308619-db3e-4408-a074-f7b181db837c
	At position: 1
	leftTip: 1 rightTip: 1
	Suspicious: 1
	Short ext: 0
	Mean extensions: 0
	Avg overlap len: 2725
	Min overlap len: 2725
	Inner reads: 0
	Length: 4625
[2026-02-20 16:43:49] DEBUG: Inner: 2302 covered: 2722 total: 7608
[2026-02-20 16:43:49] DEBUG: Assembled disjointig 78
	With 2 reads
	Start read: +88ee5c57-0766-4809-ab38-acc054db6f88
	At position: 2
	leftTip: 1 rightTip: 1
	Suspicious: 1
	Short ext: 0
	Mean extensions: 0
	Avg overlap len: 5568
	Min overlap len: 5568
	Inner reads: 0
	Length: 23020
[2026-02-20 16:43:49] DEBUG: Inner: 2338 covered: 2758 total: 7608
[2026-02-20 16:43:49] DEBUG: Assembled disjointig 79
	With 2 reads
	Start read: +fac763f0-764d-4d88-8b46-e5984ba78942
	At position: 2
	leftTip: 1 rightTip: 1
	Suspicious: 1
	Short ext: 0
	Mean extensions: 0
	Avg overlap len: 1612
	Min overlap len: 1612
	Inner reads: 0
	Length: 7288
[2026-02-20 16:43:49] DEBUG: Inner: 2354 covered: 2776 total: 7608
[2026-02-20 16:43:49] DEBUG: Assembled disjointig 80
	With 5 reads
	Start read: +f16d09f8-b2c6-4929-b7f5-4cbc34a1f6f7
	At position: 2
	leftTip: 1 rightTip: 1
	Suspicious: 1
	Short ext: 0
	Mean extensions: 2
	Avg overlap len: 1944
	Min overlap len: 1037
	Inner reads: 0
	Length: 12637
[2026-02-20 16:43:49] DEBUG: Inner: 2376 covered: 2807 total: 7608
[2026-02-20 16:43:49] DEBUG: Assembled disjointig 81
	With 3 reads
	Start read: +dc07d49f-ed06-4ab4-9072-2c7d741a9277
	At position: 1
	leftTip: 1 rightTip: 1
	Suspicious: 1
	Short ext: 0
	Mean extensions: 1
	Avg overlap len: 5404
	Min overlap len: 2389
	Inner reads: 0
	Length: 7852
[2026-02-20 16:43:49] DEBUG: Inner: 2388 covered: 2823 total: 7608
[2026-02-20 16:43:49] DEBUG: Assembled disjointig 82
	With 3 reads
	Start read: +d38aba43-d283-4716-b20f-f7ea9b52a098
	At position: 2
	leftTip: 1 rightTip: 1
	Suspicious: 2
	Short ext: 0
	Mean extensions: 1
	Avg overlap len: 2633
	Min overlap len: 1184
	Inner reads: 0
	Length: 9731
[2026-02-20 16:43:49] DEBUG: Inner: 2414 covered: 2852 total: 7608
[2026-02-20 16:43:49] DEBUG: Assembled disjointig 83
	With 2 reads
	Start read: +7e329d2d-f314-4e32-9a08-eac86798785c
	At position: 2
	leftTip: 1 rightTip: 1
	Suspicious: 1
	Short ext: 0
	Mean extensions: 0
	Avg overlap len: 1436
	Min overlap len: 1436
	Inner reads: 0
	Length: 8867
[2026-02-20 16:43:49] DEBUG: Inner: 2426 covered: 2867 total: 7608
[2026-02-20 16:43:49] DEBUG: Discarded disjointig with 3 reads and 1 inner overlaps
[2026-02-20 16:43:49] DEBUG: Assembled disjointig 84
	With 1 reads
	Start read: +3b5cbd49-46f0-4ff6-97fb-f68c533eee00
	At position: 1
	leftTip: 1 rightTip: 1
	Suspicious: 0
	Short ext: 0
	Mean extensions: 1
	Avg overlap len: 0
	Min overlap len: 0
	Inner reads: 0
	Length: 2306
[2026-02-20 16:43:49] DEBUG: Inner: 2430 covered: 2906 total: 7608
[2026-02-20 16:43:49] DEBUG: Assembled disjointig 85
	With 4 reads
	Start read: +5f00614e-63c1-4ca4-81ca-8fb9f41a7f8f
	At position: 2
	leftTip: 1 rightTip: 1
	Suspicious: 2
	Short ext: 0
	Mean extensions: 1
	Avg overlap len: 3270
	Min overlap len: 1109
	Inner reads: 0
	Length: 17148
[2026-02-20 16:43:49] DEBUG: Inner: 2470 covered: 2954 total: 7608
[2026-02-20 16:43:49] DEBUG: Assembled disjointig 86
	With 1 reads
	Start read: +4339fbc5-9d05-4ea2-acce-0086058e5772
	At position: 1
	leftTip: 1 rightTip: 1
	Suspicious: 0
	Short ext: 0
	Mean extensions: 0
	Avg overlap len: 0
	Min overlap len: 0
	Inner reads: 0
	Length: 7064
[2026-02-20 16:43:49] DEBUG: Inner: 2480 covered: 2960 total: 7608
[2026-02-20 16:43:49] DEBUG: Assembled disjointig 87
	With 3 reads
	Start read: +dc88d438-e46a-45e3-aa72-55f3ad3d0caf
	At position: 2
	leftTip: 1 rightTip: 1
	Suspicious: 0
	Short ext: 0
	Mean extensions: 3
	Avg overlap len: 4973
	Min overlap len: 2820
	Inner reads: 0
	Length: 9199
[2026-02-20 16:43:49] DEBUG: Inner: 2512 covered: 2998 total: 7608
[2026-02-20 16:43:49] DEBUG: Discarded disjointig with 4 reads and 2 inner overlaps
[2026-02-20 16:43:49] DEBUG: Assembled disjointig 88
	With 3 reads
	Start read: +bb6845f1-84ee-4da2-8d0d-262a7539a14d
	At position: 2
	leftTip: 1 rightTip: 1
	Suspicious: 2
	Short ext: 0
	Mean extensions: 1
	Avg overlap len: 3972
	Min overlap len: 1337
	Inner reads: 0
	Length: 9519
[2026-02-20 16:43:49] DEBUG: Inner: 2526 covered: 3014 total: 7608
[2026-02-20 16:43:49] DEBUG: Assembled disjointig 89
	With 4 reads
	Start read: +1f02b5de-2afb-43a6-bc2d-3cb196eef4df
	At position: 2
	leftTip: 1 rightTip: 1
	Suspicious: 2
	Short ext: 0
	Mean extensions: 1
	Avg overlap len: 4127
	Min overlap len: 1458
	Inner reads: 0
	Length: 13563
[2026-02-20 16:43:49] DEBUG: Inner: 2550 covered: 3038 total: 7608
[2026-02-20 16:43:49] DEBUG: Assembled disjointig 90
	With 1 reads
	Start read: +b59464d7-e6f1-4df1-8868-6058017d232d
	At position: 1
	leftTip: 1 rightTip: 1
	Suspicious: 0
	Short ext: 0
	Mean extensions: 0
	Avg overlap len: 0
	Min overlap len: 0
	Inner reads: 0
	Length: 7322
[2026-02-20 16:43:49] DEBUG: Inner: 2558 covered: 3050 total: 7608
[2026-02-20 16:43:49] DEBUG: Assembled disjointig 91
	With 1 reads
	Start read: +3df019be-c0f2-4836-9286-a9d897ff7863
	At position: 1
	leftTip: 1 rightTip: 1
	Suspicious: 0
	Short ext: 0
	Mean extensions: 0
	Avg overlap len: 0
	Min overlap len: 0
	Inner reads: 0
	Length: 2729
[2026-02-20 16:43:49] DEBUG: Inner: 2562 covered: 3056 total: 7608
[2026-02-20 16:43:49] DEBUG: Assembled disjointig 92
	With 3 reads
	Start read: +aa8832ce-c694-4c79-8a68-1dc71eff2ff9
	At position: 1
	leftTip: 1 rightTip: 1
	Suspicious: 1
	Short ext: 0
	Mean extensions: 1
	Avg overlap len: 5428
	Min overlap len: 3106
	Inner reads: 0
	Length: 14298
[2026-02-20 16:43:49] DEBUG: Inner: 2586 covered: 3082 total: 7608
[2026-02-20 16:43:49] DEBUG: Assembled disjointig 93
	With 3 reads
	Start read: +4a821565-70a6-41dc-851e-3543ece58834
	At position: 1
	leftTip: 1 rightTip: 1
	Suspicious: 2
	Short ext: 0
	Mean extensions: 1
	Avg overlap len: 2987
	Min overlap len: 2243
	Inner reads: 0
	Length: 25615
[2026-02-20 16:43:49] DEBUG: Inner: 2604 covered: 3102 total: 7608
[2026-02-20 16:43:49] DEBUG: Assembled disjointig 94
	With 1 reads
	Start read: +6e835a72-6d31-459f-a60c-d100c7263b24
	At position: 1
	leftTip: 1 rightTip: 1
	Suspicious: 0
	Short ext: 0
	Mean extensions: 0
	Avg overlap len: 0
	Min overlap len: 0
	Inner reads: 0
	Length: 2478
[2026-02-20 16:43:49] DEBUG: Inner: 2608 covered: 3110 total: 7608
[2026-02-20 16:43:49] DEBUG: Assembled disjointig 95
	With 5 reads
	Start read: +dd18d704-17e9-4530-9364-8bc74709a493
	At position: 4
	leftTip: 1 rightTip: 1
	Suspicious: 3
	Short ext: 0
	Mean extensions: 1
	Avg overlap len: 3236
	Min overlap len: 1141
	Inner reads: 0
	Length: 21020
[2026-02-20 16:43:49] DEBUG: Inner: 2636 covered: 3144 total: 7608
[2026-02-20 16:43:49] DEBUG: Assembled disjointig 96
	With 5 reads
	Start read: +4dc5e819-5311-4f72-b6c9-ddeb5ffcf43c
	At position: 2
	leftTip: 1 rightTip: 1
	Suspicious: 3
	Short ext: 0
	Mean extensions: 1
	Avg overlap len: 2498
	Min overlap len: 1515
	Inner reads: 0
	Length: 23511
[2026-02-20 16:43:49] DEBUG: Inner: 2670 covered: 3184 total: 7608
[2026-02-20 16:43:49] DEBUG: Assembled disjointig 97
	With 1 reads
	Start read: +1d8e9c6a-5611-43a5-adbb-b6a7e16e20a2
	At position: 1
	leftTip: 1 rightTip: 1
	Suspicious: 0
	Short ext: 0
	Mean extensions: 0
	Avg overlap len: 0
	Min overlap len: 0
	Inner reads: 0
	Length: 4112
[2026-02-20 16:43:49] DEBUG: Inner: 2676 covered: 3190 total: 7608
[2026-02-20 16:43:49] DEBUG: Assembled disjointig 98
	With 4 reads
	Start read: +bd7b96bb-d64c-4a9a-95ec-408188d46da9
	At position: 2
	leftTip: 1 rightTip: 1
	Suspicious: 2
	Short ext: 0
	Mean extensions: 1
	Avg overlap len: 5173
	Min overlap len: 3889
	Inner reads: 0
	Length: 24379
[2026-02-20 16:43:49] DEBUG: Inner: 2712 covered: 3224 total: 7608
[2026-02-20 16:43:49] DEBUG: Assembled disjointig 99
	With 1 reads
	Start read: +5992c174-18a2-4e11-9a3a-114c50e1b3c3
	At position: 1
	leftTip: 1 rightTip: 1
	Suspicious: 0
	Short ext: 0
	Mean extensions: 0
	Avg overlap len: 0
	Min overlap len: 0
	Inner reads: 0
	Length: 3720
[2026-02-20 16:43:49] DEBUG: Inner: 2716 covered: 3232 total: 7608
[2026-02-20 16:43:49] DEBUG: Assembled disjointig 100
	With 1 reads
	Start read: +8550663c-25a3-4767-9377-064a208fd7c8
	At position: 1
	leftTip: 1 rightTip: 1
	Suspicious: 0
	Short ext: 0
	Mean extensions: 0
	Avg overlap len: 0
	Min overlap len: 0
	Inner reads: 0
	Length: 2520
[2026-02-20 16:43:49] DEBUG: Inner: 2720 covered: 3242 total: 7608
[2026-02-20 16:43:49] DEBUG: Assembled disjointig 101
	With 3 reads
	Start read: +adf58ec4-52eb-4fc7-9d00-059df55acf8a
	At position: 3
	leftTip: 1 rightTip: 1
	Suspicious: 2
	Short ext: 0
	Mean extensions: 1
	Avg overlap len: 2746
	Min overlap len: 1773
	Inner reads: 0
	Length: 9853
[2026-02-20 16:43:49] DEBUG: Inner: 2738 covered: 3262 total: 7608
[2026-02-20 16:43:49] DEBUG: Assembled disjointig 102
	With 2 reads
	Start read: +efb7b968-2938-435c-8472-8ac28728b1ef
	At position: 1
	leftTip: 1 rightTip: 1
	Suspicious: 1
	Short ext: 0
	Mean extensions: 0
	Avg overlap len: 2321
	Min overlap len: 2321
	Inner reads: 0
	Length: 4938
[2026-02-20 16:43:49] DEBUG: Inner: 2750 covered: 3272 total: 7608
[2026-02-20 16:43:49] DEBUG: Assembled disjointig 103
	With 3 reads
	Start read: +a0a76ebc-7845-482e-81dd-b3d18c456178
	At position: 1
	leftTip: 1 rightTip: 1
	Suspicious: 2
	Short ext: 0
	Mean extensions: 1
	Avg overlap len: 3772
	Min overlap len: 2374
	Inner reads: 0
	Length: 10685
[2026-02-20 16:43:49] DEBUG: Inner: 2780 covered: 3302 total: 7608
[2026-02-20 16:43:49] DEBUG: Discarded disjointig with 3 reads and 1 inner overlaps
[2026-02-20 16:43:49] DEBUG: Assembled disjointig 104
	With 4 reads
	Start read: +1b784fcc-e4ac-4382-bb09-fdb002dcecf5
	At position: 3
	leftTip: 1 rightTip: 1
	Suspicious: 2
	Short ext: 0
	Mean extensions: 1
	Avg overlap len: 2001
	Min overlap len: 1938
	Inner reads: 0
	Length: 19964
[2026-02-20 16:43:49] DEBUG: Inner: 2810 covered: 3342 total: 7608
[2026-02-20 16:43:49] DEBUG: Assembled disjointig 105
	With 6 reads
	Start read: +47d93cd4-368f-4442-8dcf-bf1161964dc4
	At position: 6
	leftTip: 1 rightTip: 1
	Suspicious: 4
	Short ext: 0
	Mean extensions: 1
	Avg overlap len: 1955
	Min overlap len: 1325
	Inner reads: 0
	Length: 37290
[2026-02-20 16:43:49] DEBUG: Inner: 2880 covered: 3433 total: 7608
[2026-02-20 16:43:49] DEBUG: Assembled disjointig 106
	With 2 reads
	Start read: +fa95d6e4-4bf5-45c7-958f-37389e6cee03
	At position: 1
	leftTip: 1 rightTip: 1
	Suspicious: 1
	Short ext: 0
	Mean extensions: 0
	Avg overlap len: 1941
	Min overlap len: 1941
	Inner reads: 0
	Length: 7368
[2026-02-20 16:43:49] DEBUG: Inner: 2890 covered: 3444 total: 7608
[2026-02-20 16:43:49] DEBUG: Assembled disjointig 107
	With 8 reads
	Start read: +a26a7f51-1843-42b1-84a3-cfd1801ed64d
	At position: 5
	leftTip: 1 rightTip: 1
	Suspicious: 3
	Short ext: 0
	Mean extensions: 1
	Avg overlap len: 2575
	Min overlap len: 1303
	Inner reads: 0
	Length: 25712
[2026-02-20 16:43:49] DEBUG: Inner: 2942 covered: 3496 total: 7608
[2026-02-20 16:43:49] DEBUG: Discarded disjointig with 5 reads and 3 inner overlaps
[2026-02-20 16:43:49] DEBUG: Assembled disjointig 108
	With 4 reads
	Start read: +92b9d555-24e0-4970-839d-42f66e0fd76b
	At position: 4
	leftTip: 1 rightTip: 1
	Suspicious: 2
	Short ext: 0
	Mean extensions: 1
	Avg overlap len: 2916
	Min overlap len: 2696
	Inner reads: 0
	Length: 13535
[2026-02-20 16:43:49] DEBUG: Inner: 2956 covered: 3512 total: 7608
[2026-02-20 16:43:49] DEBUG: Assembled disjointig 109
	With 3 reads
	Start read: +8365dfc4-a06d-442e-a6ad-822e5bc50e36
	At position: 1
	leftTip: 1 rightTip: 1
	Suspicious: 1
	Short ext: 0
	Mean extensions: 2
	Avg overlap len: 5899
	Min overlap len: 2736
	Inner reads: 0
	Length: 11479
[2026-02-20 16:43:49] DEBUG: Inner: 2980 covered: 3542 total: 7608
[2026-02-20 16:43:49] DEBUG: Assembled disjointig 110
	With 1 reads
	Start read: +fd4b30d6-fb94-49e9-b3ec-87d3f5183002
	At position: 1
	leftTip: 1 rightTip: 1
	Suspicious: 0
	Short ext: 0
	Mean extensions: 0
	Avg overlap len: 0
	Min overlap len: 0
	Inner reads: 0
	Length: 5846
[2026-02-20 16:43:49] DEBUG: Inner: 2988 covered: 3552 total: 7608
[2026-02-20 16:43:49] DEBUG: Assembled disjointig 111
	With 2 reads
	Start read: +5e214df1-6b97-47e8-901d-42265e9be4de
	At position: 2
	leftTip: 1 rightTip: 1
	Suspicious: 1
	Short ext: 0
	Mean extensions: 0
	Avg overlap len: 3050
	Min overlap len: 3050
	Inner reads: 0
	Length: 6535
[2026-02-20 16:43:49] DEBUG: Inner: 2998 covered: 3563 total: 7608
[2026-02-20 16:43:49] DEBUG: Discarded disjointig with 8 reads and 6 inner overlaps
[2026-02-20 16:43:49] DEBUG: Assembled disjointig 112
	With 5 reads
	Start read: +953e2605-26b1-4acb-bc63-6587b3e9dbce
	At position: 2
	leftTip: 1 rightTip: 1
	Suspicious: 2
	Short ext: 0
	Mean extensions: 1
	Avg overlap len: 2771
	Min overlap len: 1160
	Inner reads: 0
	Length: 16702
[2026-02-20 16:43:49] DEBUG: Inner: 3022 covered: 3592 total: 7608
[2026-02-20 16:43:49] DEBUG: Assembled disjointig 113
	With 3 reads
	Start read: +63dd9a7c-b379-408c-8e7d-a820e9a5510e
	At position: 2
	leftTip: 1 rightTip: 1
	Suspicious: 2
	Short ext: 0
	Mean extensions: 2
	Avg overlap len: 2335
	Min overlap len: 1979
	Inner reads: 0
	Length: 8434
[2026-02-20 16:43:49] DEBUG: Inner: 3046 covered: 3620 total: 7608
[2026-02-20 16:43:49] DEBUG: Assembled disjointig 114
	With 2 reads
	Start read: +c1e6fbfe-388d-4513-bb5e-3a1dcc100934
	At position: 1
	leftTip: 1 rightTip: 1
	Suspicious: 1
	Short ext: 0
	Mean extensions: 0
	Avg overlap len: 3438
	Min overlap len: 3438
	Inner reads: 0
	Length: 9720
[2026-02-20 16:43:49] DEBUG: Inner: 3054 covered: 3632 total: 7608
[2026-02-20 16:43:49] DEBUG: Assembled disjointig 115
	With 5 reads
	Start read: +78113c80-3e1d-4fa5-b9ec-a7c82099d2fb
	At position: 1
	leftTip: 1 rightTip: 1
	Suspicious: 3
	Short ext: 0
	Mean extensions: 1
	Avg overlap len: 1702
	Min overlap len: 1563
	Inner reads: 0
	Length: 26169
[2026-02-20 16:43:49] DEBUG: Inner: 3084 covered: 3664 total: 7608
[2026-02-20 16:43:49] DEBUG: Discarded disjointig with 6 reads and 4 inner overlaps
[2026-02-20 16:43:49] DEBUG: Assembled disjointig 116
	With 3 reads
	Start read: +8db4e5f2-b6ac-4ddd-8dac-9a53a096c5ae
	At position: 2
	leftTip: 1 rightTip: 1
	Suspicious: 2
	Short ext: 0
	Mean extensions: 1
	Avg overlap len: 2328
	Min overlap len: 1489
	Inner reads: 0
	Length: 8519
[2026-02-20 16:43:49] DEBUG: Inner: 3102 covered: 3686 total: 7608
[2026-02-20 16:43:49] DEBUG: Assembled disjointig 117
	With 5 reads
	Start read: +22b44ee9-90f8-416e-9729-fb4c534e26da
	At position: 3
	leftTip: 1 rightTip: 1
	Suspicious: 1
	Short ext: 0
	Mean extensions: 3
	Avg overlap len: 4318
	Min overlap len: 2557
	Inner reads: 0
	Length: 18078
[2026-02-20 16:43:49] DEBUG: Inner: 3124 covered: 3714 total: 7608
[2026-02-20 16:43:49] DEBUG: Assembled disjointig 118
	With 3 reads
	Start read: +bf248d45-9034-4dcd-85bf-5f4c632bb894
	At position: 2
	leftTip: 0 rightTip: 0
	Suspicious: 0
	Short ext: 0
	Mean extensions: 1
	Avg overlap len: 9585
	Min overlap len: 1796
	Inner reads: 0
	Length: 29788
[2026-02-20 16:43:49] DEBUG: Inner: 3132 covered: 3722 total: 7608
[2026-02-20 16:43:49] DEBUG: Assembled disjointig 119
	With 2 reads
	Start read: +22d75894-8238-452a-9c65-1ad529c88389
	At position: 2
	leftTip: 1 rightTip: 1
	Suspicious: 1
	Short ext: 0
	Mean extensions: 0
	Avg overlap len: 1336
	Min overlap len: 1336
	Inner reads: 0
	Length: 7448
[2026-02-20 16:43:49] DEBUG: Inner: 3144 covered: 3734 total: 7608
[2026-02-20 16:43:49] DEBUG: Assembled disjointig 120
	With 2 reads
	Start read: +5c7dab5d-da7d-45af-bb90-927c064e87e7
	At position: 2
	leftTip: 1 rightTip: 1
	Suspicious: 1
	Short ext: 0
	Mean extensions: 0
	Avg overlap len: 3276
	Min overlap len: 3276
	Inner reads: 0
	Length: 5724
[2026-02-20 16:43:49] DEBUG: Inner: 3156 covered: 3746 total: 7608
[2026-02-20 16:43:49] DEBUG: Assembled disjointig 121
	With 1 reads
	Start read: +d05a2157-4e8e-421a-bf70-6363579ad283
	At position: 1
	leftTip: 1 rightTip: 1
	Suspicious: 0
	Short ext: 0
	Mean extensions: 0
	Avg overlap len: 0
	Min overlap len: 0
	Inner reads: 0
	Length: 2433
[2026-02-20 16:43:49] DEBUG: Inner: 3160 covered: 3760 total: 7608
[2026-02-20 16:43:49] DEBUG: Assembled disjointig 122
	With 1 reads
	Start read: +7f8689f2-8220-458b-b159-45390f67aeb5
	At position: 1
	leftTip: 1 rightTip: 1
	Suspicious: 0
	Short ext: 0
	Mean extensions: 0
	Avg overlap len: 0
	Min overlap len: 0
	Inner reads: 0
	Length: 5189
[2026-02-20 16:43:49] DEBUG: Inner: 3164 covered: 3784 total: 7608
[2026-02-20 16:43:49] DEBUG: Assembled disjointig 123
	With 3 reads
	Start read: +8ed42630-e59b-44c8-88e7-90b12af979d6
	At position: 2
	leftTip: 1 rightTip: 1
	Suspicious: 2
	Short ext: 0
	Mean extensions: 1
	Avg overlap len: 9112
	Min overlap len: 2940
	Inner reads: 0
	Length: 17594
[2026-02-20 16:43:49] DEBUG: Inner: 3194 covered: 3814 total: 7608
[2026-02-20 16:43:49] DEBUG: Assembled disjointig 124
	With 2 reads
	Start read: +47aa77ae-d522-4900-bf49-62f21290fc93
	At position: 2
	leftTip: 1 rightTip: 1
	Suspicious: 1
	Short ext: 0
	Mean extensions: 0
	Avg overlap len: 2742
	Min overlap len: 2742
	Inner reads: 0
	Length: 5858
[2026-02-20 16:43:49] DEBUG: Inner: 3204 covered: 3822 total: 7608
[2026-02-20 16:43:49] DEBUG: Assembled disjointig 125
	With 3 reads
	Start read: +8dda8159-9aa0-4750-9862-9c3b02cbf3d9
	At position: 2
	leftTip: 1 rightTip: 1
	Suspicious: 2
	Short ext: 0
	Mean extensions: 1
	Avg overlap len: 6774
	Min overlap len: 2956
	Inner reads: 0
	Length: 13248
[2026-02-20 16:43:49] DEBUG: Inner: 3240 covered: 3858 total: 7608
[2026-02-20 16:43:49] DEBUG: Assembled disjointig 126
	With 2 reads
	Start read: +b4448a31-9066-4ee5-94be-97a190b53760
	At position: 2
	leftTip: 1 rightTip: 1
	Suspicious: 1
	Short ext: 0
	Mean extensions: 0
	Avg overlap len: 2808
	Min overlap len: 2808
	Inner reads: 0
	Length: 5447
[2026-02-20 16:43:49] DEBUG: Inner: 3246 covered: 3866 total: 7608
[2026-02-20 16:43:49] DEBUG: Assembled disjointig 127
	With 4 reads
	Start read: +4f3e9221-3733-406b-9ddf-834d5ada1b42
	At position: 3
	leftTip: 1 rightTip: 1
	Suspicious: 2
	Short ext: 0
	Mean extensions: 1
	Avg overlap len: 2238
	Min overlap len: 2174
	Inner reads: 0
	Length: 7256
[2026-02-20 16:43:49] DEBUG: Inner: 3266 covered: 3889 total: 7608
[2026-02-20 16:43:49] DEBUG: Assembled disjointig 128
	With 2 reads
	Start read: +689d38c0-4252-4dac-9a2e-716fc5f7defd
	At position: 2
	leftTip: 0 rightTip: 1
	Suspicious: 0
	Short ext: 0
	Mean extensions: 3
	Avg overlap len: 2434
	Min overlap len: 2434
	Inner reads: 0
	Length: 11633
[2026-02-20 16:43:49] DEBUG: Inner: 3266 covered: 3895 total: 7608
[2026-02-20 16:43:49] DEBUG: Assembled disjointig 129
	With 1 reads
	Start read: +d1ee4e8d-4543-4c7f-8b77-cf652b522f7c
	At position: 1
	leftTip: 1 rightTip: 1
	Suspicious: 0
	Short ext: 0
	Mean extensions: 0
	Avg overlap len: 0
	Min overlap len: 0
	Inner reads: 0
	Length: 4230
[2026-02-20 16:43:49] DEBUG: Inner: 3282 covered: 3912 total: 7608
[2026-02-20 16:43:49] DEBUG: Assembled disjointig 130
	With 2 reads
	Start read: +71d6546a-62f2-4b91-9409-be533b3b9e51
	At position: 1
	leftTip: 1 rightTip: 1
	Suspicious: 1
	Short ext: 0
	Mean extensions: 1
	Avg overlap len: 2309
	Min overlap len: 2309
	Inner reads: 0
	Length: 4747
[2026-02-20 16:43:49] DEBUG: Inner: 3288 covered: 3928 total: 7608
[2026-02-20 16:43:49] DEBUG: Assembled disjointig 131
	With 4 reads
	Start read: +c1accc32-a4c9-44cf-9630-b9557f48ab96
	At position: 3
	leftTip: 1 rightTip: 1
	Suspicious: 2
	Short ext: 0
	Mean extensions: 1
	Avg overlap len: 2802
	Min overlap len: 1802
	Inner reads: 0
	Length: 25928
[2026-02-20 16:43:49] DEBUG: Inner: 3330 covered: 3976 total: 7608
[2026-02-20 16:43:49] DEBUG: Assembled disjointig 132
	With 1 reads
	Start read: +ba6ec23e-6490-4291-91d4-ca73737f2dae
	At position: 1
	leftTip: 1 rightTip: 1
	Suspicious: 0
	Short ext: 0
	Mean extensions: 0
	Avg overlap len: 0
	Min overlap len: 0
	Inner reads: 0
	Length: 2956
[2026-02-20 16:43:49] DEBUG: Inner: 3340 covered: 3992 total: 7608
[2026-02-20 16:43:49] DEBUG: Assembled disjointig 133
	With 2 reads
	Start read: +1abd72b8-ddd5-410d-b86d-a6a6f64d387f
	At position: 1
	leftTip: 1 rightTip: 1
	Suspicious: 1
	Short ext: 0
	Mean extensions: 0
	Avg overlap len: 2892
	Min overlap len: 2892
	Inner reads: 0
	Length: 7529
[2026-02-20 16:43:49] DEBUG: Inner: 3348 covered: 4011 total: 7608
[2026-02-20 16:43:49] DEBUG: Assembled disjointig 134
	With 1 reads
	Start read: +a91436ea-be9e-4d61-9d43-26aca67271ec
	At position: 1
	leftTip: 1 rightTip: 1
	Suspicious: 0
	Short ext: 0
	Mean extensions: 0
	Avg overlap len: 0
	Min overlap len: 0
	Inner reads: 0
	Length: 7353
[2026-02-20 16:43:49] DEBUG: Inner: 3364 covered: 4032 total: 7608
[2026-02-20 16:43:49] DEBUG: Assembled disjointig 135
	With 2 reads
	Start read: +c5f5fc96-869d-4f1d-8933-662e6c7f5996
	At position: 1
	leftTip: 1 rightTip: 1
	Suspicious: 1
	Short ext: 0
	Mean extensions: 1
	Avg overlap len: 2757
	Min overlap len: 2757
	Inner reads: 0
	Length: 4820
[2026-02-20 16:43:49] DEBUG: Inner: 3368 covered: 4034 total: 7608
[2026-02-20 16:43:49] DEBUG: Assembled disjointig 136
	With 1 reads
	Start read: +cee2b86f-a92a-48d3-922d-c97bb0e708cc
	At position: 1
	leftTip: 1 rightTip: 1
	Suspicious: 0
	Short ext: 0
	Mean extensions: 0
	Avg overlap len: 0
	Min overlap len: 0
	Inner reads: 0
	Length: 3725
[2026-02-20 16:43:49] DEBUG: Inner: 3374 covered: 4044 total: 7608
[2026-02-20 16:43:49] DEBUG: Assembled disjointig 137
	With 3 reads
	Start read: +08b536eb-6d95-48b1-94ee-752b7b795337
	At position: 2
	leftTip: 1 rightTip: 1
	Suspicious: 2
	Short ext: 0
	Mean extensions: 1
	Avg overlap len: 2509
	Min overlap len: 2161
	Inner reads: 0
	Length: 9179
[2026-02-20 16:43:49] DEBUG: Inner: 3390 covered: 4066 total: 7608
[2026-02-20 16:43:49] DEBUG: Assembled disjointig 138
	With 7 reads
	Start read: +76f1dbbb-f558-426b-ad03-0b5802d848f1
	At position: 2
	leftTip: 1 rightTip: 1
	Suspicious: 4
	Short ext: 0
	Mean extensions: 1
	Avg overlap len: 2765
	Min overlap len: 1523
	Inner reads: 0
	Length: 38214
[2026-02-20 16:43:49] DEBUG: Inner: 3448 covered: 4128 total: 7608
[2026-02-20 16:43:49] DEBUG: Assembled disjointig 139
	With 2 reads
	Start read: +49ba2b8b-8730-4007-9eaa-196d34622e4e
	At position: 2
	leftTip: 0 rightTip: 1
	Suspicious: 1
	Short ext: 0
	Mean extensions: 2
	Avg overlap len: 1176
	Min overlap len: 1176
	Inner reads: 0
	Length: 8248
[2026-02-20 16:43:49] DEBUG: Inner: 3448 covered: 4132 total: 7608
[2026-02-20 16:43:49] DEBUG: Assembled disjointig 140
	With 3 reads
	Start read: +f180333d-1386-4f1f-b286-40a97195fa71
	At position: 1
	leftTip: 1 rightTip: 1
	Suspicious: 2
	Short ext: 0
	Mean extensions: 1
	Avg overlap len: 1264
	Min overlap len: 1014
	Inner reads: 0
	Length: 13623
[2026-02-20 16:43:49] DEBUG: Inner: 3472 covered: 4160 total: 7608
[2026-02-20 16:43:49] DEBUG: Assembled disjointig 141
	With 1 reads
	Start read: +5f00faf7-0e04-4507-85aa-044ca1ea4df5
	At position: 1
	leftTip: 1 rightTip: 1
	Suspicious: 0
	Short ext: 0
	Mean extensions: 0
	Avg overlap len: 0
	Min overlap len: 0
	Inner reads: 0
	Length: 3595
[2026-02-20 16:43:49] DEBUG: Inner: 3484 covered: 4194 total: 7608
[2026-02-20 16:43:49] DEBUG: Assembled disjointig 142
	With 2 reads
	Start read: +301dda77-9ccc-46c6-9e23-fe1cdb7a14ad
	At position: 2
	leftTip: 1 rightTip: 1
	Suspicious: 1
	Short ext: 0
	Mean extensions: 0
	Avg overlap len: 3432
	Min overlap len: 3432
	Inner reads: 0
	Length: 7075
[2026-02-20 16:43:49] DEBUG: Inner: 3502 covered: 4216 total: 7608
[2026-02-20 16:43:49] DEBUG: Assembled disjointig 143
	With 3 reads
	Start read: +ceccb0af-74b0-4591-9319-e672ad32ac7a
	At position: 2
	leftTip: 1 rightTip: 1
	Suspicious: 2
	Short ext: 0
	Mean extensions: 1
	Avg overlap len: 2995
	Min overlap len: 1227
	Inner reads: 0
	Length: 14654
[2026-02-20 16:43:49] DEBUG: Inner: 3530 covered: 4244 total: 7608
[2026-02-20 16:43:49] DEBUG: Assembled disjointig 144
	With 1 reads
	Start read: +93f6b750-b727-45bd-bbd9-92525819e4a4
	At position: 1
	leftTip: 1 rightTip: 1
	Suspicious: 0
	Short ext: 0
	Mean extensions: 0
	Avg overlap len: 0
	Min overlap len: 0
	Inner reads: 0
	Length: 5052
[2026-02-20 16:43:49] DEBUG: Inner: 3538 covered: 4266 total: 7608
[2026-02-20 16:43:49] DEBUG: Assembled disjointig 145
	With 2 reads
	Start read: +27f97c4e-f7c8-4f4a-bfc4-bac7be3d7ca2
	At position: 1
	leftTip: 1 rightTip: 1
	Suspicious: 1
	Short ext: 0
	Mean extensions: 0
	Avg overlap len: 2782
	Min overlap len: 2782
	Inner reads: 0
	Length: 5205
[2026-02-20 16:43:49] DEBUG: Inner: 3546 covered: 4282 total: 7608
[2026-02-20 16:43:49] DEBUG: Assembled disjointig 146
	With 4 reads
	Start read: +194a94df-51c7-46a9-bcff-df1d36ad5784
	At position: 3
	leftTip: 1 rightTip: 1
	Suspicious: 2
	Short ext: 0
	Mean extensions: 1
	Avg overlap len: 2236
	Min overlap len: 1084
	Inner reads: 0
	Length: 22250
[2026-02-20 16:43:49] DEBUG: Inner: 3582 covered: 4316 total: 7608
[2026-02-20 16:43:49] DEBUG: Assembled disjointig 147
	With 5 reads
	Start read: +e8430b0c-482d-4667-9ef9-734399b76847
	At position: 2
	leftTip: 1 rightTip: 1
	Suspicious: 2
	Short ext: 0
	Mean extensions: 1
	Avg overlap len: 2519
	Min overlap len: 2093
	Inner reads: 0
	Length: 20028
[2026-02-20 16:43:49] DEBUG: Inner: 3618 covered: 4353 total: 7608
[2026-02-20 16:43:49] DEBUG: Assembled disjointig 148
	With 2 reads
	Start read: +b5993532-91bf-44c2-9301-074dbb5b1e58
	At position: 2
	leftTip: 1 rightTip: 1
	Suspicious: 1
	Short ext: 0
	Mean extensions: 0
	Avg overlap len: 2309
	Min overlap len: 2309
	Inner reads: 0
	Length: 6469
[2026-02-20 16:43:49] DEBUG: Inner: 3628 covered: 4366 total: 7608
[2026-02-20 16:43:49] DEBUG: Assembled disjointig 149
	With 4 reads
	Start read: +f33ce932-2a01-4e05-8491-98b9a71dffe7
	At position: 3
	leftTip: 1 rightTip: 1
	Suspicious: 2
	Short ext: 0
	Mean extensions: 1
	Avg overlap len: 2700
	Min overlap len: 1155
	Inner reads: 0
	Length: 13495
[2026-02-20 16:43:49] DEBUG: Inner: 3654 covered: 4390 total: 7608
[2026-02-20 16:43:49] DEBUG: Assembled disjointig 150
	With 2 reads
	Start read: +3a8375c4-815f-4e05-be4c-70bc294f4701
	At position: 1
	leftTip: 1 rightTip: 1
	Suspicious: 1
	Short ext: 0
	Mean extensions: 1
	Avg overlap len: 4375
	Min overlap len: 4375
	Inner reads: 0
	Length: 6165
[2026-02-20 16:43:49] DEBUG: Inner: 3668 covered: 4406 total: 7608
[2026-02-20 16:43:49] DEBUG: Assembled disjointig 151
	With 1 reads
	Start read: +bfc246c7-88b8-4980-8fa1-aa2477266c4a
	At position: 1
	leftTip: 1 rightTip: 1
	Suspicious: 0
	Short ext: 0
	Mean extensions: 0
	Avg overlap len: 0
	Min overlap len: 0
	Inner reads: 0
	Length: 3777
[2026-02-20 16:43:49] DEBUG: Inner: 3676 covered: 4418 total: 7608
[2026-02-20 16:43:49] DEBUG: Assembled disjointig 152
	With 2 reads
	Start read: +5dc709e2-143d-4e92-9c8e-b3377088ea50
	At position: 1
	leftTip: 1 rightTip: 1
	Suspicious: 1
	Short ext: 0
	Mean extensions: 0
	Avg overlap len: 1015
	Min overlap len: 1015
	Inner reads: 0
	Length: 6010
[2026-02-20 16:43:49] DEBUG: Inner: 3682 covered: 4438 total: 7608
[2026-02-20 16:43:49] DEBUG: Assembled disjointig 153
	With 5 reads
	Start read: +0976eec4-6f6e-4f8e-bf03-7604b2d09e8a
	At position: 1
	leftTip: 1 rightTip: 1
	Suspicious: 1
	Short ext: 0
	Mean extensions: 2
	Avg overlap len: 3090
	Min overlap len: 1075
	Inner reads: 0
	Length: 21536
[2026-02-20 16:43:49] DEBUG: Inner: 3714 covered: 4482 total: 7608
[2026-02-20 16:43:49] DEBUG: Assembled disjointig 154
	With 1 reads
	Start read: +371e03e7-85dc-47a3-b3f2-4c121c957807
	At position: 1
	leftTip: 1 rightTip: 1
	Suspicious: 0
	Short ext: 0
	Mean extensions: 0
	Avg overlap len: 0
	Min overlap len: 0
	Inner reads: 0
	Length: 3358
[2026-02-20 16:43:49] DEBUG: Inner: 3718 covered: 4486 total: 7608
[2026-02-20 16:43:49] DEBUG: Assembled disjointig 155
	With 3 reads
	Start read: +58081eca-d71d-4a6f-9f7b-e5338cdd1e88
	At position: 1
	leftTip: 1 rightTip: 1
	Suspicious: 1
	Short ext: 0
	Mean extensions: 1
	Avg overlap len: 1402
	Min overlap len: 1169
	Inner reads: 0
	Length: 11841
[2026-02-20 16:43:49] DEBUG: Inner: 3734 covered: 4504 total: 7608
[2026-02-20 16:43:49] DEBUG: Assembled disjointig 156
	With 5 reads
	Start read: +94a0f169-a76b-4d46-819f-b313b7443c8a
	At position: 1
	leftTip: 1 rightTip: 1
	Suspicious: 1
	Short ext: 0
	Mean extensions: 1
	Avg overlap len: 2875
	Min overlap len: 1291
	Inner reads: 0
	Length: 15089
[2026-02-20 16:43:49] DEBUG: Inner: 3752 covered: 4524 total: 7608
[2026-02-20 16:43:49] DEBUG: Assembled disjointig 157
	With 1 reads
	Start read: +019324f0-011a-4d9b-8d71-d911a92f41db
	At position: 1
	leftTip: 1 rightTip: 1
	Suspicious: 0
	Short ext: 0
	Mean extensions: 0
	Avg overlap len: 0
	Min overlap len: 0
	Inner reads: 0
	Length: 3040
[2026-02-20 16:43:49] DEBUG: Inner: 3760 covered: 4535 total: 7608
[2026-02-20 16:43:49] DEBUG: Assembled disjointig 158
	With 1 reads
	Start read: +38c13c82-d90e-4c96-b407-0d05c2fbe87b
	At position: 1
	leftTip: 1 rightTip: 1
	Suspicious: 0
	Short ext: 0
	Mean extensions: 0
	Avg overlap len: 0
	Min overlap len: 0
	Inner reads: 0
	Length: 3298
[2026-02-20 16:43:49] DEBUG: Inner: 3768 covered: 4546 total: 7608
[2026-02-20 16:43:49] DEBUG: Discarded disjointig with 5 reads and 3 inner overlaps
[2026-02-20 16:43:49] DEBUG: Assembled disjointig 159
	With 3 reads
	Start read: +1c26122c-85c0-4286-b5f3-3a01ab03bd97
	At position: 1
	leftTip: 1 rightTip: 1
	Suspicious: 2
	Short ext: 0
	Mean extensions: 1
	Avg overlap len: 2575
	Min overlap len: 1774
	Inner reads: 0
	Length: 7406
[2026-02-20 16:43:49] DEBUG: Inner: 3784 covered: 4565 total: 7608
[2026-02-20 16:43:49] DEBUG: Assembled disjointig 160
	With 2 reads
	Start read: +e91ca8ae-f3fc-44c4-9fe7-25ce8083e39a
	At position: 1
	leftTip: 1 rightTip: 0
	Suspicious: 0
	Short ext: 0
	Mean extensions: 2
	Avg overlap len: 3109
	Min overlap len: 3109
	Inner reads: 0
	Length: 5815
[2026-02-20 16:43:49] DEBUG: Inner: 3784 covered: 4570 total: 7608
[2026-02-20 16:43:49] DEBUG: Assembled disjointig 161
	With 5 reads
	Start read: +0b56dfea-6960-4860-bb19-8ffe243d8c58
	At position: 4
	leftTip: 1 rightTip: 1
	Suspicious: 2
	Short ext: 0
	Mean extensions: 1
	Avg overlap len: 2342
	Min overlap len: 1662
	Inner reads: 0
	Length: 18477
[2026-02-20 16:43:49] DEBUG: Inner: 3820 covered: 4604 total: 7608
[2026-02-20 16:43:49] DEBUG: Discarded disjointig with 4 reads and 2 inner overlaps
[2026-02-20 16:43:49] DEBUG: Assembled disjointig 162
	With 2 reads
	Start read: +e1342939-8bba-4c4f-9eba-204ccb8486de
	At position: 1
	leftTip: 1 rightTip: 1
	Suspicious: 1
	Short ext: 0
	Mean extensions: 0
	Avg overlap len: 4375
	Min overlap len: 4375
	Inner reads: 0
	Length: 7354
[2026-02-20 16:43:49] DEBUG: Inner: 3830 covered: 4630 total: 7608
[2026-02-20 16:43:49] DEBUG: Assembled disjointig 163
	With 3 reads
	Start read: +f19284f7-f379-4cef-b04f-c6b24d1efaa9
	At position: 2
	leftTip: 1 rightTip: 0
	Suspicious: 1
	Short ext: 0
	Mean extensions: 1
	Avg overlap len: 1638
	Min overlap len: 1335
	Inner reads: 0
	Length: 7229
[2026-02-20 16:43:49] DEBUG: Inner: 3838 covered: 4644 total: 7608
[2026-02-20 16:43:49] DEBUG: Assembled disjointig 164
	With 2 reads
	Start read: +94027c38-18ca-4b46-b352-59470e456b7d
	At position: 2
	leftTip: 1 rightTip: 1
	Suspicious: 1
	Short ext: 0
	Mean extensions: 0
	Avg overlap len: 1524
	Min overlap len: 1524
	Inner reads: 0
	Length: 4078
[2026-02-20 16:43:49] DEBUG: Inner: 3842 covered: 4652 total: 7608
[2026-02-20 16:43:49] DEBUG: Assembled disjointig 165
	With 5 reads
	Start read: +aa271fb6-bbfb-4974-9c7b-9a473eb4e9dc
	At position: 1
	leftTip: 1 rightTip: 1
	Suspicious: 1
	Short ext: 0
	Mean extensions: 1
	Avg overlap len: 4324
	Min overlap len: 3248
	Inner reads: 0
	Length: 15552
[2026-02-20 16:43:49] DEBUG: Inner: 3864 covered: 4678 total: 7608
[2026-02-20 16:43:49] DEBUG: Assembled disjointig 166
	With 5 reads
	Start read: +a37887ab-2520-4aca-a4a3-b247db2ae1a8
	At position: 3
	leftTip: 1 rightTip: 1
	Suspicious: 3
	Short ext: 0
	Mean extensions: 1
	Avg overlap len: 2923
	Min overlap len: 1102
	Inner reads: 0
	Length: 14207
[2026-02-20 16:43:49] DEBUG: Inner: 3890 covered: 4704 total: 7608
[2026-02-20 16:43:49] DEBUG: Assembled disjointig 167
	With 3 reads
	Start read: +db78849c-fdf6-4337-9cb6-39ff843dced0
	At position: 3
	leftTip: 1 rightTip: 1
	Suspicious: 2
	Short ext: 0
	Mean extensions: 1
	Avg overlap len: 1118
	Min overlap len: 1077
	Inner reads: 0
	Length: 8883
[2026-02-20 16:43:49] DEBUG: Inner: 3908 covered: 4722 total: 7608
[2026-02-20 16:43:49] DEBUG: Assembled disjointig 168
	With 1 reads
	Start read: +0edc2618-03c8-44a2-93e0-dac7739721a3
	At position: 1
	leftTip: 1 rightTip: 1
	Suspicious: 0
	Short ext: 0
	Mean extensions: 0
	Avg overlap len: 0
	Min overlap len: 0
	Inner reads: 0
	Length: 2763
[2026-02-20 16:43:49] DEBUG: Inner: 3916 covered: 4728 total: 7608
[2026-02-20 16:43:49] DEBUG: Assembled disjointig 169
	With 2 reads
	Start read: +c18b2ed2-1bbd-444e-9fd4-f41371c583f0
	At position: 2
	leftTip: 1 rightTip: 1
	Suspicious: 1
	Short ext: 0
	Mean extensions: 0
	Avg overlap len: 5441
	Min overlap len: 5441
	Inner reads: 0
	Length: 8802
[2026-02-20 16:43:49] DEBUG: Inner: 3928 covered: 4742 total: 7608
[2026-02-20 16:43:49] DEBUG: Assembled disjointig 170
	With 1 reads
	Start read: +b09721f9-091a-47d6-b3dd-aec8b0389656
	At position: 1
	leftTip: 1 rightTip: 1
	Suspicious: 0
	Short ext: 0
	Mean extensions: 0
	Avg overlap len: 0
	Min overlap len: 0
	Inner reads: 0
	Length: 3060
[2026-02-20 16:43:49] DEBUG: Inner: 3936 covered: 4768 total: 7608
[2026-02-20 16:43:49] DEBUG: Assembled disjointig 171
	With 3 reads
	Start read: +aecb3fa1-6058-43c8-88f9-f743d972807a
	At position: 1
	leftTip: 1 rightTip: 1
	Suspicious: 2
	Short ext: 0
	Mean extensions: 1
	Avg overlap len: 1426
	Min overlap len: 1072
	Inner reads: 0
	Length: 8867
[2026-02-20 16:43:49] DEBUG: Inner: 3952 covered: 4801 total: 7608
[2026-02-20 16:43:49] DEBUG: Assembled disjointig 172
	With 3 reads
	Start read: +012f41cf-90ac-41ff-9542-8e4019efef79
	At position: 1
	leftTip: 1 rightTip: 1
	Suspicious: 2
	Short ext: 0
	Mean extensions: 1
	Avg overlap len: 2885
	Min overlap len: 2586
	Inner reads: 0
	Length: 11611
[2026-02-20 16:43:49] DEBUG: Inner: 3976 covered: 4838 total: 7608
[2026-02-20 16:43:49] DEBUG: Assembled disjointig 173
	With 2 reads
	Start read: +9881ef8f-0b60-490e-a0e2-49a42d63c7e9
	At position: 1
	leftTip: 1 rightTip: 1
	Suspicious: 1
	Short ext: 0
	Mean extensions: 2
	Avg overlap len: 2685
	Min overlap len: 2685
	Inner reads: 0
	Length: 6317
[2026-02-20 16:43:49] DEBUG: Inner: 3984 covered: 4850 total: 7608
[2026-02-20 16:43:49] DEBUG: Assembled disjointig 174
	With 2 reads
	Start read: +d83f6a6e-4911-4ee5-ba88-a7dc9478603d
	At position: 2
	leftTip: 1 rightTip: 1
	Suspicious: 1
	Short ext: 0
	Mean extensions: 0
	Avg overlap len: 2716
	Min overlap len: 2716
	Inner reads: 0
	Length: 19191
[2026-02-20 16:43:49] DEBUG: Inner: 3996 covered: 4866 total: 7608
[2026-02-20 16:43:49] DEBUG: Assembled disjointig 175
	With 2 reads
	Start read: +8bf53e48-8dbf-4716-a169-f862576e4b9d
	At position: 1
	leftTip: 1 rightTip: 1
	Suspicious: 1
	Short ext: 0
	Mean extensions: 1
	Avg overlap len: 3072
	Min overlap len: 3072
	Inner reads: 0
	Length: 5601
[2026-02-20 16:43:49] DEBUG: Inner: 4012 covered: 4880 total: 7608
[2026-02-20 16:43:49] DEBUG: Assembled disjointig 176
	With 4 reads
	Start read: +9e897e52-ff51-4365-816b-f83f0a15a79f
	At position: 2
	leftTip: 1 rightTip: 1
	Suspicious: 3
	Short ext: 0
	Mean extensions: 1
	Avg overlap len: 2424
	Min overlap len: 1109
	Inner reads: 0
	Length: 18519
[2026-02-20 16:43:49] DEBUG: Inner: 4032 covered: 4914 total: 7608
[2026-02-20 16:43:49] DEBUG: Assembled disjointig 177
	With 3 reads
	Start read: +6286a12a-f8a4-4993-83f7-58918ea88739
	At position: 2
	leftTip: 1 rightTip: 1
	Suspicious: 2
	Short ext: 0
	Mean extensions: 1
	Avg overlap len: 2739
	Min overlap len: 2124
	Inner reads: 0
	Length: 16870
[2026-02-20 16:43:49] DEBUG: Inner: 4038 covered: 4924 total: 7608
[2026-02-20 16:43:49] DEBUG: Assembled disjointig 178
	With 3 reads
	Start read: +b4b404b7-9b21-4dfc-ae87-178a656eaf6a
	At position: 2
	leftTip: 1 rightTip: 1
	Suspicious: 1
	Short ext: 0
	Mean extensions: 1
	Avg overlap len: 3802
	Min overlap len: 1207
	Inner reads: 0
	Length: 9858
[2026-02-20 16:43:49] DEBUG: Inner: 4048 covered: 4962 total: 7608
[2026-02-20 16:43:49] DEBUG: Assembled disjointig 179
	With 4 reads
	Start read: +e9fa8301-720a-4e14-aae3-dcac933d10dd
	At position: 3
	leftTip: 0 rightTip: 0
	Suspicious: 2
	Short ext: 0
	Mean extensions: 1
	Avg overlap len: 1439
	Min overlap len: 1018
	Inner reads: 0
	Length: 13637
[2026-02-20 16:43:49] DEBUG: Inner: 4058 covered: 4972 total: 7608
[2026-02-20 16:43:49] DEBUG: Assembled disjointig 180
	With 2 reads
	Start read: +cbfdf0af-8add-421d-b84f-afe8ea1012db
	At position: 1
	leftTip: 1 rightTip: 1
	Suspicious: 1
	Short ext: 0
	Mean extensions: 0
	Avg overlap len: 1684
	Min overlap len: 1684
	Inner reads: 0
	Length: 7115
[2026-02-20 16:43:49] DEBUG: Inner: 4068 covered: 4984 total: 7608
[2026-02-20 16:43:49] DEBUG: Assembled disjointig 181
	With 2 reads
	Start read: +da6ddf5e-b754-4ee8-8872-4337af3db82e
	At position: 2
	leftTip: 1 rightTip: 1
	Suspicious: 1
	Short ext: 0
	Mean extensions: 1
	Avg overlap len: 1084
	Min overlap len: 1084
	Inner reads: 0
	Length: 5177
[2026-02-20 16:43:49] DEBUG: Inner: 4078 covered: 5000 total: 7608
[2026-02-20 16:43:49] DEBUG: Assembled disjointig 182
	With 3 reads
	Start read: +2b57ae5f-7ff8-4e5d-b010-bb0a288051c5
	At position: 3
	leftTip: 1 rightTip: 1
	Suspicious: 2
	Short ext: 0
	Mean extensions: 1
	Avg overlap len: 2626
	Min overlap len: 2167
	Inner reads: 0
	Length: 13429
[2026-02-20 16:43:49] DEBUG: Inner: 4100 covered: 5028 total: 7608
[2026-02-20 16:43:49] DEBUG: Assembled disjointig 183
	With 3 reads
	Start read: +0de5ac1f-ef29-4fc6-a50a-a8ed7d7b8389
	At position: 2
	leftTip: 1 rightTip: 1
	Suspicious: 2
	Short ext: 0
	Mean extensions: 1
	Avg overlap len: 7157
	Min overlap len: 4106
	Inner reads: 0
	Length: 12170
[2026-02-20 16:43:49] DEBUG: Inner: 4108 covered: 5032 total: 7608
[2026-02-20 16:43:49] DEBUG: Assembled disjointig 184
	With 3 reads
	Start read: +bab2b03e-f976-44f7-b2d1-6d68ae86a369
	At position: 2
	leftTip: 1 rightTip: 1
	Suspicious: 1
	Short ext: 0
	Mean extensions: 1
	Avg overlap len: 3527
	Min overlap len: 3510
	Inner reads: 0
	Length: 7012
[2026-02-20 16:43:49] DEBUG: Inner: 4122 covered: 5056 total: 7608
[2026-02-20 16:43:49] DEBUG: Discarded disjointig with 3 reads and 1 inner overlaps
[2026-02-20 16:43:49] DEBUG: Assembled disjointig 185
	With 4 reads
	Start read: +68bfe163-89bd-47a4-a941-cc04c80009f1
	At position: 1
	leftTip: 1 rightTip: 1
	Suspicious: 2
	Short ext: 0
	Mean extensions: 1
	Avg overlap len: 1911
	Min overlap len: 1312
	Inner reads: 0
	Length: 14471
[2026-02-20 16:43:49] DEBUG: Inner: 4146 covered: 5082 total: 7608
[2026-02-20 16:43:49] DEBUG: Assembled disjointig 186
	With 6 reads
	Start read: +c8664216-fa4f-40aa-a6ba-e82578ad17d9
	At position: 2
	leftTip: 1 rightTip: 1
	Suspicious: 2
	Short ext: 0
	Mean extensions: 1
	Avg overlap len: 2811
	Min overlap len: 2147
	Inner reads: 0
	Length: 20481
[2026-02-20 16:43:49] DEBUG: Inner: 4172 covered: 5120 total: 7608
[2026-02-20 16:43:49] DEBUG: Assembled disjointig 187
	With 4 reads
	Start read: +962d89d6-8c20-4760-9e6b-9349ad68a6d4
	At position: 3
	leftTip: 0 rightTip: 1
	Suspicious: 3
	Short ext: 0
	Mean extensions: 1
	Avg overlap len: 3301
	Min overlap len: 1223
	Inner reads: 0
	Length: 18618
[2026-02-20 16:43:49] DEBUG: Inner: 4186 covered: 5146 total: 7608
[2026-02-20 16:43:49] DEBUG: Assembled disjointig 188
	With 2 reads
	Start read: +147d54a9-9c68-41da-84fd-3fe9c9e9a090
	At position: 1
	leftTip: 1 rightTip: 1
	Suspicious: 1
	Short ext: 0
	Mean extensions: 0
	Avg overlap len: 1949
	Min overlap len: 1949
	Inner reads: 0
	Length: 7176
[2026-02-20 16:43:49] DEBUG: Inner: 4200 covered: 5166 total: 7608
[2026-02-20 16:43:49] DEBUG: Assembled disjointig 189
	With 3 reads
	Start read: +7af2697e-94e0-4eb0-9bea-9b557021885e
	At position: 2
	leftTip: 1 rightTip: 1
	Suspicious: 2
	Short ext: 0
	Mean extensions: 1
	Avg overlap len: 2526
	Min overlap len: 1064
	Inner reads: 0
	Length: 12467
[2026-02-20 16:43:49] DEBUG: Inner: 4210 covered: 5212 total: 7608
[2026-02-20 16:43:49] DEBUG: Assembled disjointig 190
	With 2 reads
	Start read: +cfd48aa3-e082-45bf-8483-775314faa9c1
	At position: 1
	leftTip: 1 rightTip: 1
	Suspicious: 1
	Short ext: 0
	Mean extensions: 1
	Avg overlap len: 4296
	Min overlap len: 4296
	Inner reads: 0
	Length: 7369
[2026-02-20 16:43:49] DEBUG: Inner: 4222 covered: 5227 total: 7608
[2026-02-20 16:43:49] DEBUG: Assembled disjointig 191
	With 2 reads
	Start read: +d1b18e3a-ee7e-466f-a110-bb56abfc6fa1
	At position: 1
	leftTip: 1 rightTip: 1
	Suspicious: 1
	Short ext: 0
	Mean extensions: 0
	Avg overlap len: 2457
	Min overlap len: 2457
	Inner reads: 0
	Length: 4929
[2026-02-20 16:43:49] DEBUG: Inner: 4228 covered: 5236 total: 7608
[2026-02-20 16:43:49] DEBUG: Assembled disjointig 192
	With 2 reads
	Start read: +2057a0c8-1d1e-4c88-adff-7137dbb64e1d
	At position: 1
	leftTip: 1 rightTip: 1
	Suspicious: 1
	Short ext: 0
	Mean extensions: 1
	Avg overlap len: 3449
	Min overlap len: 3449
	Inner reads: 0
	Length: 7006
[2026-02-20 16:43:49] DEBUG: Inner: 4240 covered: 5248 total: 7608
[2026-02-20 16:43:49] DEBUG: Assembled disjointig 193
	With 1 reads
	Start read: +c29a2b04-dabd-4f23-8518-b47b6dde0da4
	At position: 1
	leftTip: 1 rightTip: 1
	Suspicious: 0
	Short ext: 0
	Mean extensions: 0
	Avg overlap len: 0
	Min overlap len: 0
	Inner reads: 0
	Length: 2557
[2026-02-20 16:43:49] DEBUG: Inner: 4246 covered: 5278 total: 7608
[2026-02-20 16:43:49] DEBUG: Assembled disjointig 194
	With 3 reads
	Start read: +0dd59245-eab4-486a-a9a2-81da38a9aa8b
	At position: 2
	leftTip: 1 rightTip: 1
	Suspicious: 2
	Short ext: 0
	Mean extensions: 1
	Avg overlap len: 5221
	Min overlap len: 2463
	Inner reads: 0
	Length: 21061
[2026-02-20 16:43:49] DEBUG: Inner: 4262 covered: 5310 total: 7608
[2026-02-20 16:43:49] DEBUG: Assembled disjointig 195
	With 4 reads
	Start read: +6dd2d688-1590-401d-98e2-efd9cd9a394c
	At position: 1
	leftTip: 1 rightTip: 1
	Suspicious: 1
	Short ext: 0
	Mean extensions: 1
	Avg overlap len: 4406
	Min overlap len: 3886
	Inner reads: 0
	Length: 18634
[2026-02-20 16:43:49] DEBUG: Inner: 4280 covered: 5324 total: 7608
[2026-02-20 16:43:49] DEBUG: Discarded disjointig with 3 reads and 1 inner overlaps
[2026-02-20 16:43:49] DEBUG: Assembled disjointig 196
	With 2 reads
	Start read: +163cc062-f161-4c8d-93b8-e7caccf2e746
	At position: 1
	leftTip: 1 rightTip: 1
	Suspicious: 1
	Short ext: 0
	Mean extensions: 0
	Avg overlap len: 1371
	Min overlap len: 1371
	Inner reads: 0
	Length: 9618
[2026-02-20 16:43:49] DEBUG: Inner: 4290 covered: 5336 total: 7608
[2026-02-20 16:43:49] DEBUG: Assembled disjointig 197
	With 1 reads
	Start read: +1ac646ce-d031-4e56-8559-a09763b628d3
	At position: 1
	leftTip: 1 rightTip: 1
	Suspicious: 0
	Short ext: 0
	Mean extensions: 0
	Avg overlap len: 0
	Min overlap len: 0
	Inner reads: 0
	Length: 5262
[2026-02-20 16:43:49] DEBUG: Inner: 4298 covered: 5348 total: 7608
[2026-02-20 16:43:49] DEBUG: Assembled disjointig 198
	With 2 reads
	Start read: +1ab1121e-fa5a-4ff3-9f9c-616821d9a1b2
	At position: 1
	leftTip: 1 rightTip: 1
	Suspicious: 1
	Short ext: 0
	Mean extensions: 0
	Avg overlap len: 3502
	Min overlap len: 3502
	Inner reads: 0
	Length: 10386
[2026-02-20 16:43:49] DEBUG: Inner: 4316 covered: 5364 total: 7608
[2026-02-20 16:43:49] DEBUG: Assembled disjointig 199
	With 2 reads
	Start read: +0e2bd748-96ac-467e-83fc-c73b8bb4f458
	At position: 2
	leftTip: 1 rightTip: 1
	Suspicious: 1
	Short ext: 0
	Mean extensions: 0
	Avg overlap len: 2133
	Min overlap len: 2133
	Inner reads: 0
	Length: 7133
[2026-02-20 16:43:49] DEBUG: Inner: 4324 covered: 5373 total: 7608
[2026-02-20 16:43:49] DEBUG: Assembled disjointig 200
	With 1 reads
	Start read: +bb4a9496-10d9-493b-bb02-447bc271957f
	At position: 1
	leftTip: 1 rightTip: 1
	Suspicious: 0
	Short ext: 0
	Mean extensions: 0
	Avg overlap len: 0
	Min overlap len: 0
	Inner reads: 0
	Length: 2346
[2026-02-20 16:43:49] DEBUG: Inner: 4334 covered: 5386 total: 7608
[2026-02-20 16:43:49] DEBUG: Assembled disjointig 201
	With 1 reads
	Start read: +cf3ddbcd-7a01-4a8c-8323-d3057651c5f8
	At position: 1
	leftTip: 1 rightTip: 1
	Suspicious: 0
	Short ext: 0
	Mean extensions: 0
	Avg overlap len: 0
	Min overlap len: 0
	Inner reads: 0
	Length: 2249
[2026-02-20 16:43:49] DEBUG: Inner: 4340 covered: 5392 total: 7608
[2026-02-20 16:43:49] DEBUG: Assembled disjointig 202
	With 2 reads
	Start read: +06ab6bd0-42c8-41c9-82bb-9dc70f7c43cf
	At position: 1
	leftTip: 1 rightTip: 1
	Suspicious: 1
	Short ext: 0
	Mean extensions: 0
	Avg overlap len: 1426
	Min overlap len: 1426
	Inner reads: 0
	Length: 6546
[2026-02-20 16:43:49] DEBUG: Inner: 4346 covered: 5398 total: 7608
[2026-02-20 16:43:49] DEBUG: Assembled disjointig 203
	With 2 reads
	Start read: +0b4f4153-f7da-4227-ac32-59e7cbcc0d61
	At position: 2
	leftTip: 1 rightTip: 1
	Suspicious: 1
	Short ext: 0
	Mean extensions: 0
	Avg overlap len: 1412
	Min overlap len: 1412
	Inner reads: 0
	Length: 4325
[2026-02-20 16:43:49] DEBUG: Inner: 4354 covered: 5408 total: 7608
[2026-02-20 16:43:49] DEBUG: Assembled disjointig 204
	With 1 reads
	Start read: +85617eed-96d0-4cab-a219-9250d987ef9c
	At position: 1
	leftTip: 1 rightTip: 1
	Suspicious: 0
	Short ext: 0
	Mean extensions: 0
	Avg overlap len: 0
	Min overlap len: 0
	Inner reads: 0
	Length: 4318
[2026-02-20 16:43:49] DEBUG: Inner: 4370 covered: 5426 total: 7608
[2026-02-20 16:43:49] DEBUG: Assembled disjointig 205
	With 2 reads
	Start read: +465ea7fe-58c1-4e00-9fce-1f88b914deae
	At position: 1
	leftTip: 1 rightTip: 1
	Suspicious: 1
	Short ext: 0
	Mean extensions: 0
	Avg overlap len: 2830
	Min overlap len: 2830
	Inner reads: 0
	Length: 5130
[2026-02-20 16:43:49] DEBUG: Inner: 4384 covered: 5446 total: 7608
[2026-02-20 16:43:49] DEBUG: Assembled disjointig 206
	With 6 reads
	Start read: +3bececb5-b2b0-48e1-bd92-3ceda55f8602
	At position: 5
	leftTip: 1 rightTip: 1
	Suspicious: 2
	Short ext: 0
	Mean extensions: 1
	Avg overlap len: 2504
	Min overlap len: 2156
	Inner reads: 0
	Length: 18218
[2026-02-20 16:43:49] DEBUG: Inner: 4406 covered: 5469 total: 7608
[2026-02-20 16:43:49] DEBUG: Assembled disjointig 207
	With 1 reads
	Start read: +cbe14fb9-7152-4af0-b18c-52b3335b68a3
	At position: 1
	leftTip: 1 rightTip: 1
	Suspicious: 0
	Short ext: 0
	Mean extensions: 0
	Avg overlap len: 0
	Min overlap len: 0
	Inner reads: 0
	Length: 5858
[2026-02-20 16:43:49] DEBUG: Inner: 4416 covered: 5484 total: 7608
[2026-02-20 16:43:49] DEBUG: Assembled disjointig 208
	With 3 reads
	Start read: +eaa3c31f-b3c7-4e69-99d3-b713e6836171
	At position: 2
	leftTip: 1 rightTip: 1
	Suspicious: 2
	Short ext: 0
	Mean extensions: 1
	Avg overlap len: 4170
	Min overlap len: 2183
	Inner reads: 0
	Length: 19309
[2026-02-20 16:43:49] DEBUG: Inner: 4440 covered: 5504 total: 7608
[2026-02-20 16:43:49] DEBUG: Assembled disjointig 209
	With 2 reads
	Start read: +c0c13abe-04d4-4362-8a7d-3f0e8cc41999
	At position: 1
	leftTip: 1 rightTip: 1
	Suspicious: 1
	Short ext: 0
	Mean extensions: 0
	Avg overlap len: 2191
	Min overlap len: 2191
	Inner reads: 0
	Length: 4478
[2026-02-20 16:43:49] DEBUG: Inner: 4444 covered: 5509 total: 7608
[2026-02-20 16:43:49] DEBUG: Assembled disjointig 210
	With 2 reads
	Start read: +902147d6-90c5-4f4f-b53d-74a714266bee
	At position: 2
	leftTip: 1 rightTip: 1
	Suspicious: 1
	Short ext: 0
	Mean extensions: 0
	Avg overlap len: 2273
	Min overlap len: 2273
	Inner reads: 0
	Length: 3897
[2026-02-20 16:43:49] DEBUG: Inner: 4450 covered: 5521 total: 7608
[2026-02-20 16:43:49] DEBUG: Assembled disjointig 211
	With 1 reads
	Start read: +e983695f-e1e5-4d88-9f3f-f4d5632de610
	At position: 1
	leftTip: 1 rightTip: 1
	Suspicious: 0
	Short ext: 0
	Mean extensions: 0
	Avg overlap len: 0
	Min overlap len: 0
	Inner reads: 0
	Length: 2924
[2026-02-20 16:43:49] DEBUG: Inner: 4454 covered: 5532 total: 7608
[2026-02-20 16:43:49] DEBUG: Assembled disjointig 212
	With 3 reads
	Start read: +07e1ba11-bc58-466a-8ed1-66ecb60f2596
	At position: 3
	leftTip: 1 rightTip: 1
	Suspicious: 1
	Short ext: 0
	Mean extensions: 1
	Avg overlap len: 5286
	Min overlap len: 2315
	Inner reads: 0
	Length: 10844
[2026-02-20 16:43:49] DEBUG: Inner: 4466 covered: 5566 total: 7608
[2026-02-20 16:43:49] DEBUG: Assembled disjointig 213
	With 1 reads
	Start read: +7b181207-c7b6-49bc-932b-5730c6145c69
	At position: 1
	leftTip: 1 rightTip: 1
	Suspicious: 0
	Short ext: 0
	Mean extensions: 0
	Avg overlap len: 0
	Min overlap len: 0
	Inner reads: 0
	Length: 3242
[2026-02-20 16:43:49] DEBUG: Inner: 4470 covered: 5575 total: 7608
[2026-02-20 16:43:49] DEBUG: Assembled disjointig 214
	With 2 reads
	Start read: +4a086edb-371c-49d5-8a62-61f7ccc9fe0a
	At position: 1
	leftTip: 1 rightTip: 1
	Suspicious: 1
	Short ext: 0
	Mean extensions: 0
	Avg overlap len: 1411
	Min overlap len: 1411
	Inner reads: 0
	Length: 8695
[2026-02-20 16:43:49] DEBUG: Inner: 4480 covered: 5586 total: 7608
[2026-02-20 16:43:49] DEBUG: Assembled disjointig 215
	With 2 reads
	Start read: +29b2c29f-596b-413d-a8e4-e5e120e42996
	At position: 1
	leftTip: 1 rightTip: 1
	Suspicious: 1
	Short ext: 0
	Mean extensions: 0
	Avg overlap len: 3473
	Min overlap len: 3473
	Inner reads: 0
	Length: 5861
[2026-02-20 16:43:49] DEBUG: Inner: 4492 covered: 5606 total: 7608
[2026-02-20 16:43:49] DEBUG: Assembled disjointig 216
	With 3 reads
	Start read: +9f319b3f-ba06-4c5d-94c1-c689dc755444
	At position: 3
	leftTip: 1 rightTip: 1
	Suspicious: 2
	Short ext: 0
	Mean extensions: 1
	Avg overlap len: 2973
	Min overlap len: 2769
	Inner reads: 0
	Length: 13005
[2026-02-20 16:43:49] DEBUG: Inner: 4508 covered: 5624 total: 7608
[2026-02-20 16:43:49] DEBUG: Assembled disjointig 217
	With 7 reads
	Start read: +c485ff57-41e8-4106-8194-bdf776f21662
	At position: 1
	leftTip: 1 rightTip: 1
	Suspicious: 2
	Short ext: 0
	Mean extensions: 2
	Avg overlap len: 2046
	Min overlap len: 1265
	Inner reads: 0
	Length: 25865
[2026-02-20 16:43:49] DEBUG: Inner: 4544 covered: 5658 total: 7608
[2026-02-20 16:43:49] DEBUG: Discarded disjointig with 6 reads and 4 inner overlaps
[2026-02-20 16:43:49] DEBUG: Discarded disjointig with 7 reads and 5 inner overlaps
[2026-02-20 16:43:49] DEBUG: Assembled disjointig 218
	With 3 reads
	Start read: +e963068c-04c7-41df-9978-7644df1d0772
	At position: 1
	leftTip: 1 rightTip: 1
	Suspicious: 2
	Short ext: 0
	Mean extensions: 1
	Avg overlap len: 3789
	Min overlap len: 2013
	Inner reads: 0
	Length: 16802
[2026-02-20 16:43:49] DEBUG: Inner: 4566 covered: 5726 total: 7608
[2026-02-20 16:43:49] DEBUG: Discarded disjointig with 3 reads and 1 inner overlaps
[2026-02-20 16:43:49] DEBUG: Assembled disjointig 219
	With 3 reads
	Start read: +b0c2a090-3db2-4849-aeda-2b913447c8a8
	At position: 3
	leftTip: 1 rightTip: 1
	Suspicious: 2
	Short ext: 0
	Mean extensions: 1
	Avg overlap len: 2310
	Min overlap len: 2111
	Inner reads: 0
	Length: 12357
[2026-02-20 16:43:49] DEBUG: Inner: 4580 covered: 5742 total: 7608
[2026-02-20 16:43:49] DEBUG: Assembled disjointig 220
	With 2 reads
	Start read: +fd90fb0b-ade1-4c79-86ee-5a27e3e8e1c3
	At position: 2
	leftTip: 1 rightTip: 1
	Suspicious: 1
	Short ext: 0
	Mean extensions: 0
	Avg overlap len: 1676
	Min overlap len: 1676
	Inner reads: 0
	Length: 6398
[2026-02-20 16:43:49] DEBUG: Inner: 4590 covered: 5756 total: 7608
[2026-02-20 16:43:49] DEBUG: Assembled disjointig 221
	With 3 reads
	Start read: +51c3eca4-d30c-40ce-a17f-7ed0c93deb1f
	At position: 2
	leftTip: 1 rightTip: 1
	Suspicious: 2
	Short ext: 0
	Mean extensions: 1
	Avg overlap len: 6936
	Min overlap len: 4649
	Inner reads: 0
	Length: 14607
[2026-02-20 16:43:49] DEBUG: Inner: 4614 covered: 5800 total: 7608
[2026-02-20 16:43:49] DEBUG: Assembled disjointig 222
	With 2 reads
	Start read: +b7150339-335c-44fb-a599-387300736f56
	At position: 1
	leftTip: 1 rightTip: 1
	Suspicious: 1
	Short ext: 0
	Mean extensions: 0
	Avg overlap len: 1576
	Min overlap len: 1576
	Inner reads: 0
	Length: 4059
[2026-02-20 16:43:49] DEBUG: Inner: 4618 covered: 5807 total: 7608
[2026-02-20 16:43:49] DEBUG: Assembled disjointig 223
	With 3 reads
	Start read: +bd197fce-4a42-4a2c-b71b-d256348e64d9
	At position: 1
	leftTip: 1 rightTip: 1
	Suspicious: 1
	Short ext: 0
	Mean extensions: 1
	Avg overlap len: 5236
	Min overlap len: 1950
	Inner reads: 0
	Length: 8658
[2026-02-20 16:43:49] DEBUG: Inner: 4634 covered: 5818 total: 7608
[2026-02-20 16:43:49] DEBUG: Assembled disjointig 224
	With 3 reads
	Start read: +9d8e5f08-c90e-4986-962c-5d433508208b
	At position: 2
	leftTip: 1 rightTip: 1
	Suspicious: 2
	Short ext: 0
	Mean extensions: 1
	Avg overlap len: 4164
	Min overlap len: 3452
	Inner reads: 0
	Length: 11832
[2026-02-20 16:43:49] DEBUG: Inner: 4654 covered: 5834 total: 7608
[2026-02-20 16:43:49] DEBUG: Assembled disjointig 225
	With 2 reads
	Start read: +32ae158e-ea8c-40f3-84d2-c1a043fe4dbc
	At position: 1
	leftTip: 1 rightTip: 1
	Suspicious: 1
	Short ext: 0
	Mean extensions: 0
	Avg overlap len: 1501
	Min overlap len: 1501
	Inner reads: 0
	Length: 5445
[2026-02-20 16:43:49] DEBUG: Inner: 4660 covered: 5846 total: 7608
[2026-02-20 16:43:49] DEBUG: Assembled disjointig 226
	With 1 reads
	Start read: +d1eb6f5a-f427-46bc-b70c-b4e3dc2860a4
	At position: 1
	leftTip: 1 rightTip: 1
	Suspicious: 0
	Short ext: 0
	Mean extensions: 0
	Avg overlap len: 0
	Min overlap len: 0
	Inner reads: 0
	Length: 4026
[2026-02-20 16:43:49] DEBUG: Inner: 4668 covered: 5865 total: 7608
[2026-02-20 16:43:49] DEBUG: Assembled disjointig 227
	With 2 reads
	Start read: +08e72c3f-2a1a-43b7-b081-09ad8d096f3d
	At position: 1
	leftTip: 1 rightTip: 1
	Suspicious: 1
	Short ext: 0
	Mean extensions: 0
	Avg overlap len: 1092
	Min overlap len: 1092
	Inner reads: 0
	Length: 6073
[2026-02-20 16:43:49] DEBUG: Inner: 4680 covered: 5880 total: 7608
[2026-02-20 16:43:49] DEBUG: Assembled disjointig 228
	With 2 reads
	Start read: +e27758af-fb1f-4139-9cde-437d4c4b4d0f
	At position: 1
	leftTip: 1 rightTip: 1
	Suspicious: 1
	Short ext: 0
	Mean extensions: 0
	Avg overlap len: 5508
	Min overlap len: 5508
	Inner reads: 0
	Length: 9723
[2026-02-20 16:43:49] DEBUG: Inner: 4692 covered: 5904 total: 7608
[2026-02-20 16:43:49] DEBUG: Assembled disjointig 229
	With 2 reads
	Start read: +72024c71-439c-401d-804d-27078ea116a2
	At position: 1
	leftTip: 1 rightTip: 1
	Suspicious: 1
	Short ext: 0
	Mean extensions: 1
	Avg overlap len: 3493
	Min overlap len: 3493
	Inner reads: 0
	Length: 5438
[2026-02-20 16:43:49] DEBUG: Inner: 4702 covered: 5914 total: 7608
[2026-02-20 16:43:49] DEBUG: Assembled disjointig 230
	With 3 reads
	Start read: +b23bf9fc-6fa4-406c-86a7-10f8c3749d69
	At position: 2
	leftTip: 1 rightTip: 1
	Suspicious: 2
	Short ext: 0
	Mean extensions: 1
	Avg overlap len: 2447
	Min overlap len: 1385
	Inner reads: 0
	Length: 11381
[2026-02-20 16:43:49] DEBUG: Inner: 4718 covered: 5932 total: 7608
[2026-02-20 16:43:49] DEBUG: Assembled disjointig 231
	With 2 reads
	Start read: +40be6291-f6de-45bb-96b0-d7bd5fbe9313
	At position: 2
	leftTip: 1 rightTip: 1
	Suspicious: 1
	Short ext: 0
	Mean extensions: 0
	Avg overlap len: 1893
	Min overlap len: 1893
	Inner reads: 0
	Length: 5224
[2026-02-20 16:43:49] DEBUG: Inner: 4724 covered: 5948 total: 7608
[2026-02-20 16:43:49] DEBUG: Assembled disjointig 232
	With 2 reads
	Start read: +d20ecbff-b674-4c9a-b27e-1590123cc70f
	At position: 1
	leftTip: 1 rightTip: 1
	Suspicious: 1
	Short ext: 0
	Mean extensions: 0
	Avg overlap len: 1501
	Min overlap len: 1501
	Inner reads: 0
	Length: 10471
[2026-02-20 16:43:49] DEBUG: Inner: 4730 covered: 5969 total: 7608
[2026-02-20 16:43:49] DEBUG: Assembled disjointig 233
	With 1 reads
	Start read: +c6c3bfdd-e919-4789-afd2-9cd6adcd7fb6
	At position: 1
	leftTip: 1 rightTip: 1
	Suspicious: 0
	Short ext: 0
	Mean extensions: 0
	Avg overlap len: 0
	Min overlap len: 0
	Inner reads: 0
	Length: 2328
[2026-02-20 16:43:49] DEBUG: Inner: 4734 covered: 5978 total: 7608
[2026-02-20 16:43:49] DEBUG: Assembled disjointig 234
	With 1 reads
	Start read: +b88392c2-34f1-4cfe-8102-bbb674cea343
	At position: 1
	leftTip: 1 rightTip: 1
	Suspicious: 0
	Short ext: 0
	Mean extensions: 0
	Avg overlap len: 0
	Min overlap len: 0
	Inner reads: 0
	Length: 5446
[2026-02-20 16:43:49] DEBUG: Inner: 4740 covered: 5999 total: 7608
[2026-02-20 16:43:49] DEBUG: Assembled disjointig 235
	With 3 reads
	Start read: +1d8f6ff5-d67f-4454-9077-9b21e324c6cc
	At position: 1
	leftTip: 1 rightTip: 1
	Suspicious: 2
	Short ext: 0
	Mean extensions: 1
	Avg overlap len: 2810
	Min overlap len: 1690
	Inner reads: 0
	Length: 12590
[2026-02-20 16:43:49] DEBUG: Inner: 4752 covered: 6028 total: 7608
[2026-02-20 16:43:49] DEBUG: Assembled disjointig 236
	With 4 reads
	Start read: +47f1ee5b-4446-4d3a-b614-d6bf93bf9ce2
	At position: 3
	leftTip: 0 rightTip: 1
	Suspicious: 1
	Short ext: 0
	Mean extensions: 1
	Avg overlap len: 1412
	Min overlap len: 1292
	Inner reads: 0
	Length: 12210
[2026-02-20 16:43:49] DEBUG: Inner: 4768 covered: 6043 total: 7608
[2026-02-20 16:43:49] DEBUG: Assembled disjointig 237
	With 2 reads
	Start read: +ba101fdc-8a2f-428f-b05a-de33cd4ec2b7
	At position: 1
	leftTip: 1 rightTip: 1
	Suspicious: 1
	Short ext: 0
	Mean extensions: 1
	Avg overlap len: 4015
	Min overlap len: 4015
	Inner reads: 0
	Length: 7610
[2026-02-20 16:43:49] DEBUG: Inner: 4776 covered: 6058 total: 7608
[2026-02-20 16:43:49] DEBUG: Assembled disjointig 238
	With 2 reads
	Start read: +a04e78fa-eda6-4001-942e-b09a4b5b56dd
	At position: 2
	leftTip: 1 rightTip: 1
	Suspicious: 1
	Short ext: 0
	Mean extensions: 0
	Avg overlap len: 1231
	Min overlap len: 1231
	Inner reads: 0
	Length: 4153
[2026-02-20 16:43:49] DEBUG: Inner: 4784 covered: 6068 total: 7608
[2026-02-20 16:43:49] DEBUG: Assembled disjointig 239
	With 1 reads
	Start read: +7a36d665-1a7c-43d4-9fd3-ad911ac2846a
	At position: 1
	leftTip: 1 rightTip: 1
	Suspicious: 0
	Short ext: 0
	Mean extensions: 0
	Avg overlap len: 0
	Min overlap len: 0
	Inner reads: 0
	Length: 2850
[2026-02-20 16:43:49] DEBUG: Inner: 4788 covered: 6074 total: 7608
[2026-02-20 16:43:49] DEBUG: Assembled disjointig 240
	With 4 reads
	Start read: +df475bd7-995f-4568-89d7-9789ca2e63b6
	At position: 1
	leftTip: 1 rightTip: 1
	Suspicious: 2
	Short ext: 0
	Mean extensions: 1
	Avg overlap len: 3113
	Min overlap len: 1754
	Inner reads: 0
	Length: 21815
[2026-02-20 16:43:49] DEBUG: Inner: 4810 covered: 6093 total: 7608
[2026-02-20 16:43:49] DEBUG: Assembled disjointig 241
	With 1 reads
	Start read: +6b9508a2-0aa9-49d6-9f78-b76dd9d1a061
	At position: 1
	leftTip: 1 rightTip: 1
	Suspicious: 0
	Short ext: 0
	Mean extensions: 0
	Avg overlap len: 0
	Min overlap len: 0
	Inner reads: 0
	Length: 6181
[2026-02-20 16:43:49] DEBUG: Inner: 4816 covered: 6102 total: 7608
[2026-02-20 16:43:49] DEBUG: Assembled disjointig 242
	With 2 reads
	Start read: +d8e6ba7b-653b-4156-8d70-7c481c766a54
	At position: 2
	leftTip: 1 rightTip: 1
	Suspicious: 1
	Short ext: 0
	Mean extensions: 0
	Avg overlap len: 2062
	Min overlap len: 2062
	Inner reads: 0
	Length: 5278
[2026-02-20 16:43:49] DEBUG: Inner: 4820 covered: 6110 total: 7608
[2026-02-20 16:43:49] DEBUG: Assembled disjointig 243
	With 1 reads
	Start read: +ae1bd843-6e77-4430-926b-808bbd006103
	At position: 1
	leftTip: 1 rightTip: 1
	Suspicious: 0
	Short ext: 0
	Mean extensions: 0
	Avg overlap len: 0
	Min overlap len: 0
	Inner reads: 0
	Length: 2553
[2026-02-20 16:43:49] DEBUG: Inner: 4826 covered: 6116 total: 7608
[2026-02-20 16:43:49] DEBUG: Assembled disjointig 244
	With 2 reads
	Start read: +08feb33a-df38-4b1a-8ddd-9ff543b486e1
	At position: 1
	leftTip: 1 rightTip: 1
	Suspicious: 1
	Short ext: 0
	Mean extensions: 0
	Avg overlap len: 4355
	Min overlap len: 4355
	Inner reads: 0
	Length: 6239
[2026-02-20 16:43:49] DEBUG: Inner: 4838 covered: 6130 total: 7608
[2026-02-20 16:43:49] DEBUG: Assembled disjointig 245
	With 3 reads
	Start read: +f7130c46-2cba-4c18-b067-6798eddeb103
	At position: 1
	leftTip: 1 rightTip: 0
	Suspicious: 1
	Short ext: 0
	Mean extensions: 1
	Avg overlap len: 1740
	Min overlap len: 1724
	Inner reads: 0
	Length: 6236
[2026-02-20 16:43:49] DEBUG: Inner: 4848 covered: 6146 total: 7608
[2026-02-20 16:43:49] DEBUG: Assembled disjointig 246
	With 2 reads
	Start read: +5d417320-2849-4c1d-abd6-5820b21301f7
	At position: 1
	leftTip: 1 rightTip: 1
	Suspicious: 1
	Short ext: 0
	Mean extensions: 0
	Avg overlap len: 2711
	Min overlap len: 2711
	Inner reads: 0
	Length: 5518
[2026-02-20 16:43:49] DEBUG: Inner: 4854 covered: 6156 total: 7608
[2026-02-20 16:43:49] DEBUG: Assembled disjointig 247
	With 3 reads
	Start read: +7ac453dd-b77b-4e7e-aa8f-05e7c665ec5c
	At position: 1
	leftTip: 1 rightTip: 1
	Suspicious: 2
	Short ext: 0
	Mean extensions: 1
	Avg overlap len: 2271
	Min overlap len: 1380
	Inner reads: 0
	Length: 8818
[2026-02-20 16:43:49] DEBUG: Inner: 4860 covered: 6164 total: 7608
[2026-02-20 16:43:49] DEBUG: Assembled disjointig 248
	With 1 reads
	Start read: +ca5f39e4-3d59-42bd-ab2e-108f946bbd79
	At position: 1
	leftTip: 1 rightTip: 1
	Suspicious: 0
	Short ext: 0
	Mean extensions: 1
	Avg overlap len: 0
	Min overlap len: 0
	Inner reads: 0
	Length: 3002
[2026-02-20 16:43:49] DEBUG: Inner: 4862 covered: 6176 total: 7608
[2026-02-20 16:43:49] DEBUG: Assembled disjointig 249
	With 2 reads
	Start read: +a57e6fb6-269e-49cd-ad9f-106fd7ad6cba
	At position: 2
	leftTip: 1 rightTip: 1
	Suspicious: 1
	Short ext: 0
	Mean extensions: 0
	Avg overlap len: 2451
	Min overlap len: 2451
	Inner reads: 0
	Length: 4737
[2026-02-20 16:43:49] DEBUG: Inner: 4868 covered: 6191 total: 7608
[2026-02-20 16:43:49] DEBUG: Assembled disjointig 250
	With 2 reads
	Start read: +de27632a-8ba6-4d7e-b6a7-82efef5e901f
	At position: 1
	leftTip: 1 rightTip: 1
	Suspicious: 1
	Short ext: 0
	Mean extensions: 1
	Avg overlap len: 3654
	Min overlap len: 3654
	Inner reads: 0
	Length: 5938
[2026-02-20 16:43:49] DEBUG: Inner: 4876 covered: 6207 total: 7608
[2026-02-20 16:43:49] DEBUG: Assembled disjointig 251
	With 1 reads
	Start read: +e68439ad-e25d-403c-bbca-9b7a3f360dcc
	At position: 1
	leftTip: 1 rightTip: 1
	Suspicious: 0
	Short ext: 0
	Mean extensions: 0
	Avg overlap len: 0
	Min overlap len: 0
	Inner reads: 0
	Length: 2713
[2026-02-20 16:43:49] DEBUG: Inner: 4880 covered: 6226 total: 7608
[2026-02-20 16:43:49] DEBUG: Assembled disjointig 252
	With 2 reads
	Start read: +24c6ace8-7245-4446-a32e-0701d600fcc5
	At position: 2
	leftTip: 1 rightTip: 1
	Suspicious: 1
	Short ext: 0
	Mean extensions: 0
	Avg overlap len: 2051
	Min overlap len: 2051
	Inner reads: 0
	Length: 6836
[2026-02-20 16:43:49] DEBUG: Inner: 4886 covered: 6256 total: 7608
[2026-02-20 16:43:49] DEBUG: Assembled disjointig 253
	With 2 reads
	Start read: +dbbd14ab-c858-41a5-ad1e-4b86821a881e
	At position: 1
	leftTip: 1 rightTip: 1
	Suspicious: 1
	Short ext: 0
	Mean extensions: 0
	Avg overlap len: 2095
	Min overlap len: 2095
	Inner reads: 0
	Length: 5314
[2026-02-20 16:43:49] DEBUG: Inner: 4892 covered: 6265 total: 7608
[2026-02-20 16:43:49] DEBUG: Assembled disjointig 254
	With 2 reads
	Start read: +abfac93f-fde9-4d81-baf2-65311384bcb3
	At position: 1
	leftTip: 1 rightTip: 1
	Suspicious: 1
	Short ext: 0
	Mean extensions: 0
	Avg overlap len: 1208
	Min overlap len: 1208
	Inner reads: 0
	Length: 5137
[2026-02-20 16:43:49] DEBUG: Inner: 4902 covered: 6317 total: 7608
[2026-02-20 16:43:49] DEBUG: Assembled disjointig 255
	With 3 reads
	Start read: +ce53fcab-994f-4e78-a419-529c8d4e7d98
	At position: 2
	leftTip: 1 rightTip: 1
	Suspicious: 1
	Short ext: 0
	Mean extensions: 2
	Avg overlap len: 3154
	Min overlap len: 3154
	Inner reads: 0
	Length: 9101
[2026-02-20 16:43:49] DEBUG: Inner: 4914 covered: 6370 total: 7608
[2026-02-20 16:43:49] DEBUG: Assembled disjointig 256
	With 2 reads
	Start read: +d87e1747-6b2b-4004-9b6b-b57cf9d9a9a7
	At position: 2
	leftTip: 1 rightTip: 1
	Suspicious: 1
	Short ext: 0
	Mean extensions: 0
	Avg overlap len: 2712
	Min overlap len: 2712
	Inner reads: 0
	Length: 5336
[2026-02-20 16:43:49] DEBUG: Inner: 4920 covered: 6402 total: 7608
[2026-02-20 16:43:49] DEBUG: Assembled disjointig 257
	With 2 reads
	Start read: +f4315a59-ff8b-4521-9148-730b06384a9f
	At position: 2
	leftTip: 1 rightTip: 1
	Suspicious: 1
	Short ext: 0
	Mean extensions: 0
	Avg overlap len: 1416
	Min overlap len: 1416
	Inner reads: 0
	Length: 6354
[2026-02-20 16:43:49] DEBUG: Inner: 4926 covered: 6442 total: 7608
[2026-02-20 16:43:49] DEBUG: Assembled disjointig 258
	With 1 reads
	Start read: +f9835db3-043a-4246-8b56-463302f70456
	At position: 1
	leftTip: 1 rightTip: 1
	Suspicious: 0
	Short ext: 0
	Mean extensions: 0
	Avg overlap len: 0
	Min overlap len: 0
	Inner reads: 0
	Length: 4049
[2026-02-20 16:43:49] DEBUG: Inner: 4936 covered: 6462 total: 7608
[2026-02-20 16:43:49] DEBUG: Assembled disjointig 259
	With 3 reads
	Start read: +71e1ac31-d0a9-4398-a5a2-aa2960da8f93
	At position: 1
	leftTip: 1 rightTip: 1
	Suspicious: 1
	Short ext: 0
	Mean extensions: 1
	Avg overlap len: 3379
	Min overlap len: 1269
	Inner reads: 0
	Length: 8156
[2026-02-20 16:43:49] DEBUG: Inner: 4954 covered: 6482 total: 7608
[2026-02-20 16:43:49] DEBUG: Assembled disjointig 260
	With 1 reads
	Start read: +7df2994d-f03f-4215-81f7-7818bfa56ca9
	At position: 1
	leftTip: 1 rightTip: 1
	Suspicious: 0
	Short ext: 0
	Mean extensions: 0
	Avg overlap len: 0
	Min overlap len: 0
	Inner reads: 0
	Length: 3756
[2026-02-20 16:43:49] DEBUG: Inner: 4958 covered: 6490 total: 7608
[2026-02-20 16:43:49] DEBUG: Assembled disjointig 261
	With 3 reads
	Start read: +3fb68451-49e5-4b7b-92eb-fc4139d16c8a
	At position: 3
	leftTip: 0 rightTip: 1
	Suspicious: 2
	Short ext: 0
	Mean extensions: 1
	Avg overlap len: 6342
	Min overlap len: 2488
	Inner reads: 0
	Length: 30390
[2026-02-20 16:43:49] DEBUG: Inner: 4968 covered: 6532 total: 7608
[2026-02-20 16:43:49] DEBUG: Assembled disjointig 262
	With 2 reads
	Start read: +6dbfdc00-89ad-46e5-9d30-fd582113efea
	At position: 2
	leftTip: 0 rightTip: 1
	Suspicious: 0
	Short ext: 0
	Mean extensions: 1
	Avg overlap len: 1277
	Min overlap len: 1277
	Inner reads: 0
	Length: 4546
[2026-02-20 16:43:49] DEBUG: Inner: 4974 covered: 6540 total: 7608
[2026-02-20 16:43:49] DEBUG: Assembled disjointig 263
	With 2 reads
	Start read: +c88b1a0a-af17-4bfa-91cb-62c28ea275b9
	At position: 1
	leftTip: 1 rightTip: 1
	Suspicious: 1
	Short ext: 0
	Mean extensions: 0
	Avg overlap len: 1204
	Min overlap len: 1204
	Inner reads: 0
	Length: 14319
[2026-02-20 16:43:49] DEBUG: Inner: 4984 covered: 6572 total: 7608
[2026-02-20 16:43:49] DEBUG: Assembled disjointig 264
	With 1 reads
	Start read: +92ba97d5-84be-4a2a-9d41-78a5e834810b
	At position: 1
	leftTip: 1 rightTip: 1
	Suspicious: 0
	Short ext: 0
	Mean extensions: 0
	Avg overlap len: 0
	Min overlap len: 0
	Inner reads: 0
	Length: 2495
[2026-02-20 16:43:49] DEBUG: Inner: 4990 covered: 6583 total: 7608
[2026-02-20 16:43:49] DEBUG: Assembled disjointig 265
	With 1 reads
	Start read: +8b4f3248-210c-4db5-94a9-6b4634776fd6
	At position: 1
	leftTip: 1 rightTip: 1
	Suspicious: 0
	Short ext: 0
	Mean extensions: 0
	Avg overlap len: 0
	Min overlap len: 0
	Inner reads: 0
	Length: 3895
[2026-02-20 16:43:49] DEBUG: Inner: 4998 covered: 6596 total: 7608
[2026-02-20 16:43:49] DEBUG: Assembled disjointig 266
	With 2 reads
	Start read: +2fb040be-a6f1-496f-b17a-5db1bbb02d3e
	At position: 2
	leftTip: 1 rightTip: 1
	Suspicious: 1
	Short ext: 0
	Mean extensions: 0
	Avg overlap len: 3346
	Min overlap len: 3346
	Inner reads: 0
	Length: 6012
[2026-02-20 16:43:49] DEBUG: Inner: 5006 covered: 6630 total: 7608
[2026-02-20 16:43:49] DEBUG: Assembled disjointig 267
	With 5 reads
	Start read: +4bf27829-4c02-4f40-b683-c0a3306028ec
	At position: 2
	leftTip: 1 rightTip: 1
	Suspicious: 3
	Short ext: 0
	Mean extensions: 1
	Avg overlap len: 4116
	Min overlap len: 1421
	Inner reads: 0
	Length: 20748
[2026-02-20 16:43:49] DEBUG: Inner: 5024 covered: 6675 total: 7608
[2026-02-20 16:43:49] DEBUG: Assembled disjointig 268
	With 2 reads
	Start read: +8f09967d-eaca-49f6-9c7f-70b985398283
	At position: 2
	leftTip: 1 rightTip: 1
	Suspicious: 1
	Short ext: 0
	Mean extensions: 0
	Avg overlap len: 2402
	Min overlap len: 2402
	Inner reads: 0
	Length: 5415
[2026-02-20 16:43:49] DEBUG: Inner: 5028 covered: 6681 total: 7608
[2026-02-20 16:43:49] DEBUG: Discarded disjointig with 4 reads and 2 inner overlaps
[2026-02-20 16:43:49] DEBUG: Assembled disjointig 269
	With 2 reads
	Start read: +c08aa074-a622-4395-89ef-287443525d89
	At position: 1
	leftTip: 1 rightTip: 1
	Suspicious: 1
	Short ext: 0
	Mean extensions: 0
	Avg overlap len: 2175
	Min overlap len: 2175
	Inner reads: 0
	Length: 6538
[2026-02-20 16:43:49] DEBUG: Inner: 5038 covered: 6693 total: 7608
[2026-02-20 16:43:49] DEBUG: Assembled disjointig 270
	With 2 reads
	Start read: +8231ce6d-e524-4798-a244-718b2a7639bf
	At position: 1
	leftTip: 1 rightTip: 1
	Suspicious: 1
	Short ext: 0
	Mean extensions: 0
	Avg overlap len: 2460
	Min overlap len: 2460
	Inner reads: 0
	Length: 6190
[2026-02-20 16:43:49] DEBUG: Inner: 5052 covered: 6712 total: 7608
[2026-02-20 16:43:49] DEBUG: Assembled disjointig 271
	With 2 reads
	Start read: +1c0e83b9-bf3e-4860-a88f-2ff21ddcd8b8
	At position: 2
	leftTip: 1 rightTip: 1
	Suspicious: 1
	Short ext: 0
	Mean extensions: 0
	Avg overlap len: 1552
	Min overlap len: 1552
	Inner reads: 0
	Length: 5095
[2026-02-20 16:43:49] DEBUG: Inner: 5060 covered: 6726 total: 7608
[2026-02-20 16:43:49] DEBUG: Assembled disjointig 272
	With 3 reads
	Start read: +1139317d-a3ec-4385-b43f-2cd788c69732
	At position: 2
	leftTip: 1 rightTip: 1
	Suspicious: 2
	Short ext: 0
	Mean extensions: 1
	Avg overlap len: 4547
	Min overlap len: 2293
	Inner reads: 0
	Length: 10209
[2026-02-20 16:43:49] DEBUG: Inner: 5068 covered: 6745 total: 7608
[2026-02-20 16:43:49] DEBUG: Assembled disjointig 273
	With 1 reads
	Start read: +390320e9-5d2e-4772-b523-8dfa8e2e48c2
	At position: 1
	leftTip: 1 rightTip: 1
	Suspicious: 0
	Short ext: 0
	Mean extensions: 0
	Avg overlap len: 0
	Min overlap len: 0
	Inner reads: 0
	Length: 2516
[2026-02-20 16:43:49] DEBUG: Inner: 5072 covered: 6756 total: 7608
[2026-02-20 16:43:49] DEBUG: Assembled disjointig 274
	With 3 reads
	Start read: +49f0f6fa-9405-4731-a88a-1e95ff7b0093
	At position: 2
	leftTip: 1 rightTip: 1
	Suspicious: 2
	Short ext: 0
	Mean extensions: 1
	Avg overlap len: 6557
	Min overlap len: 1154
	Inner reads: 0
	Length: 14002
[2026-02-20 16:43:49] DEBUG: Inner: 5082 covered: 6762 total: 7608
[2026-02-20 16:43:49] DEBUG: Assembled disjointig 275
	With 1 reads
	Start read: +99513dd7-9e2a-455c-9786-cdd9da9d04f3
	At position: 1
	leftTip: 1 rightTip: 1
	Suspicious: 0
	Short ext: 0
	Mean extensions: 0
	Avg overlap len: 0
	Min overlap len: 0
	Inner reads: 0
	Length: 2665
[2026-02-20 16:43:49] DEBUG: Inner: 5086 covered: 6778 total: 7608
[2026-02-20 16:43:49] DEBUG: Assembled disjointig 276
	With 1 reads
	Start read: +8d4042ab-2270-47a5-a52c-6141022c9aa5
	At position: 1
	leftTip: 1 rightTip: 1
	Suspicious: 0
	Short ext: 0
	Mean extensions: 0
	Avg overlap len: 0
	Min overlap len: 0
	Inner reads: 0
	Length: 6063
[2026-02-20 16:43:49] DEBUG: Inner: 5096 covered: 6808 total: 7608
[2026-02-20 16:43:49] DEBUG: Assembled disjointig 277
	With 1 reads
	Start read: +0bad5b02-6f39-4603-95ad-ee2f4e2676a1
	At position: 1
	leftTip: 1 rightTip: 1
	Suspicious: 0
	Short ext: 0
	Mean extensions: 0
	Avg overlap len: 0
	Min overlap len: 0
	Inner reads: 0
	Length: 2348
[2026-02-20 16:43:49] DEBUG: Inner: 5102 covered: 6816 total: 7608
[2026-02-20 16:43:49] DEBUG: Assembled disjointig 278
	With 1 reads
	Start read: +a15062d7-fd66-4a7f-b1e3-a97730ccd765
	At position: 1
	leftTip: 1 rightTip: 1
	Suspicious: 0
	Short ext: 0
	Mean extensions: 0
	Avg overlap len: 0
	Min overlap len: 0
	Inner reads: 0
	Length: 2370
[2026-02-20 16:43:49] DEBUG: Inner: 5110 covered: 6822 total: 7608
[2026-02-20 16:43:49] DEBUG: Assembled disjointig 279
	With 1 reads
	Start read: +6bd6a90a-3534-4648-8336-90581f37858a
	At position: 1
	leftTip: 1 rightTip: 1
	Suspicious: 0
	Short ext: 0
	Mean extensions: 0
	Avg overlap len: 0
	Min overlap len: 0
	Inner reads: 0
	Length: 2353
[2026-02-20 16:43:49] DEBUG: Inner: 5114 covered: 6834 total: 7608
[2026-02-20 16:43:49] DEBUG: Assembled disjointig 280
	With 1 reads
	Start read: +7a15d06f-0cd9-4da5-ae4d-60fe955d8c5e
	At position: 1
	leftTip: 1 rightTip: 1
	Suspicious: 0
	Short ext: 0
	Mean extensions: 0
	Avg overlap len: 0
	Min overlap len: 0
	Inner reads: 0
	Length: 2479
[2026-02-20 16:43:49] DEBUG: Inner: 5118 covered: 6858 total: 7608
[2026-02-20 16:43:49] DEBUG: Assembled disjointig 281
	With 2 reads
	Start read: +e524b891-6b10-44f1-9e78-61486de0b1d3
	At position: 1
	leftTip: 1 rightTip: 1
	Suspicious: 1
	Short ext: 0
	Mean extensions: 0
	Avg overlap len: 1442
	Min overlap len: 1442
	Inner reads: 0
	Length: 9253
[2026-02-20 16:43:49] DEBUG: Inner: 5124 covered: 6866 total: 7608
[2026-02-20 16:43:49] DEBUG: Assembled disjointig 282
	With 2 reads
	Start read: +1ee7a2b7-f3ef-4c89-9ad7-60756535d859
	At position: 2
	leftTip: 1 rightTip: 1
	Suspicious: 1
	Short ext: 0
	Mean extensions: 0
	Avg overlap len: 2683
	Min overlap len: 2683
	Inner reads: 0
	Length: 7493
[2026-02-20 16:43:49] DEBUG: Inner: 5140 covered: 6898 total: 7608
[2026-02-20 16:43:49] DEBUG: Assembled disjointig 283
	With 1 reads
	Start read: +6da87496-3541-4d2f-8d62-223cb332550a
	At position: 1
	leftTip: 1 rightTip: 1
	Suspicious: 0
	Short ext: 0
	Mean extensions: 0
	Avg overlap len: 0
	Min overlap len: 0
	Inner reads: 0
	Length: 2372
[2026-02-20 16:43:49] DEBUG: Inner: 5144 covered: 6902 total: 7608
[2026-02-20 16:43:49] DEBUG: Assembled disjointig 284
	With 2 reads
	Start read: +ee572f55-8a79-44f2-ad72-d9aba04b4751
	At position: 1
	leftTip: 1 rightTip: 1
	Suspicious: 1
	Short ext: 0
	Mean extensions: 0
	Avg overlap len: 1798
	Min overlap len: 1798
	Inner reads: 0
	Length: 4572
[2026-02-20 16:43:49] DEBUG: Inner: 5150 covered: 6914 total: 7608
[2026-02-20 16:43:49] DEBUG: Assembled disjointig 285
	With 2 reads
	Start read: +562dc24b-421c-4c67-a612-2bdc151cae4c
	At position: 1
	leftTip: 1 rightTip: 1
	Suspicious: 1
	Short ext: 0
	Mean extensions: 0
	Avg overlap len: 1656
	Min overlap len: 1656
	Inner reads: 0
	Length: 4614
[2026-02-20 16:43:49] DEBUG: Inner: 5156 covered: 6924 total: 7608
[2026-02-20 16:43:49] DEBUG: Assembled disjointig 286
	With 1 reads
	Start read: +1b026c9c-07e5-487f-9410-1aae20c6a45d
	At position: 1
	leftTip: 1 rightTip: 1
	Suspicious: 0
	Short ext: 0
	Mean extensions: 0
	Avg overlap len: 0
	Min overlap len: 0
	Inner reads: 0
	Length: 2795
[2026-02-20 16:43:49] DEBUG: Inner: 5160 covered: 6944 total: 7608
[2026-02-20 16:43:50] DEBUG: Assembled disjointig 287
	With 1 reads
	Start read: +864f0d48-cf33-41a4-9def-6eb0828f4c93
	At position: 1
	leftTip: 1 rightTip: 1
	Suspicious: 0
	Short ext: 0
	Mean extensions: 1
	Avg overlap len: 0
	Min overlap len: 0
	Inner reads: 0
	Length: 2784
[2026-02-20 16:43:50] DEBUG: Inner: 5162 covered: 6952 total: 7608
[2026-02-20 16:43:50] DEBUG: Assembled disjointig 288
	With 1 reads
	Start read: +a9f5bddb-2d4e-40ca-ab70-8e03b869907f
	At position: 1
	leftTip: 1 rightTip: 1
	Suspicious: 0
	Short ext: 0
	Mean extensions: 0
	Avg overlap len: 0
	Min overlap len: 0
	Inner reads: 0
	Length: 2232
[2026-02-20 16:43:50] DEBUG: Inner: 5172 covered: 6968 total: 7608
[2026-02-20 16:43:50] DEBUG: Assembled disjointig 289
	With 1 reads
	Start read: +6031e102-4f1e-4d61-96da-65f0004e7ff6
	At position: 1
	leftTip: 1 rightTip: 1
	Suspicious: 0
	Short ext: 0
	Mean extensions: 0
	Avg overlap len: 0
	Min overlap len: 0
	Inner reads: 0
	Length: 2496
[2026-02-20 16:43:50] DEBUG: Inner: 5176 covered: 6973 total: 7608
[2026-02-20 16:43:50] DEBUG: Assembled disjointig 290
	With 1 reads
	Start read: +7f6b9257-edf7-422d-ae06-0acc01df5899
	At position: 1
	leftTip: 1 rightTip: 1
	Suspicious: 0
	Short ext: 0
	Mean extensions: 0
	Avg overlap len: 0
	Min overlap len: 0
	Inner reads: 0
	Length: 2443
[2026-02-20 16:43:50] DEBUG: Inner: 5184 covered: 6988 total: 7608
[2026-02-20 16:43:50] DEBUG: Assembled disjointig 291
	With 2 reads
	Start read: +09839081-92d2-4992-bd48-d3be4d6f730a
	At position: 1
	leftTip: 1 rightTip: 1
	Suspicious: 1
	Short ext: 0
	Mean extensions: 1
	Avg overlap len: 2717
	Min overlap len: 2717
	Inner reads: 0
	Length: 5113
[2026-02-20 16:43:50] DEBUG: Inner: 5192 covered: 7012 total: 7608
[2026-02-20 16:43:50] DEBUG: Assembled disjointig 292
	With 4 reads
	Start read: +8090b03a-dd68-4849-97bc-8eea3b610691
	At position: 4
	leftTip: 0 rightTip: 1
	Suspicious: 1
	Short ext: 0
	Mean extensions: 2
	Avg overlap len: 1500
	Min overlap len: 1350
	Inner reads: 0
	Length: 11880
[2026-02-20 16:43:50] DEBUG: Inner: 5208 covered: 7044 total: 7608
[2026-02-20 16:43:50] DEBUG: Assembled disjointig 293
	With 2 reads
	Start read: +28310a51-e149-4037-a786-1b8df5de7327
	At position: 1
	leftTip: 1 rightTip: 1
	Suspicious: 1
	Short ext: 0
	Mean extensions: 1
	Avg overlap len: 2254
	Min overlap len: 2254
	Inner reads: 0
	Length: 9776
[2026-02-20 16:43:50] DEBUG: Inner: 5218 covered: 7050 total: 7608
[2026-02-20 16:43:50] DEBUG: Assembled disjointig 294
	With 2 reads
	Start read: +1de22355-63d6-40e1-9a16-32b353b12d8d
	At position: 1
	leftTip: 1 rightTip: 1
	Suspicious: 1
	Short ext: 0
	Mean extensions: 1
	Avg overlap len: 2195
	Min overlap len: 2195
	Inner reads: 0
	Length: 4043
[2026-02-20 16:43:50] DEBUG: Inner: 5228 covered: 7058 total: 7608
[2026-02-20 16:43:50] DEBUG: Assembled disjointig 295
	With 1 reads
	Start read: +57fb579d-feab-474d-b22c-f2ef370fab8f
	At position: 1
	leftTip: 1 rightTip: 1
	Suspicious: 0
	Short ext: 0
	Mean extensions: 0
	Avg overlap len: 0
	Min overlap len: 0
	Inner reads: 0
	Length: 2609
[2026-02-20 16:43:50] DEBUG: Inner: 5232 covered: 7093 total: 7608
[2026-02-20 16:43:50] DEBUG: Assembled disjointig 296
	With 1 reads
	Start read: +64d5e907-1315-42b8-a9dc-955637146629
	At position: 1
	leftTip: 1 rightTip: 1
	Suspicious: 0
	Short ext: 0
	Mean extensions: 0
	Avg overlap len: 0
	Min overlap len: 0
	Inner reads: 0
	Length: 3201
[2026-02-20 16:43:50] DEBUG: Inner: 5240 covered: 7134 total: 7608
[2026-02-20 16:43:50] DEBUG: Assembled disjointig 297
	With 1 reads
	Start read: +bb0aeff5-ebbf-4213-b29b-c71568fc3d4a
	At position: 1
	leftTip: 1 rightTip: 1
	Suspicious: 0
	Short ext: 0
	Mean extensions: 0
	Avg overlap len: 0
	Min overlap len: 0
	Inner reads: 0
	Length: 2532
[2026-02-20 16:43:50] DEBUG: Inner: 5246 covered: 7176 total: 7608
[2026-02-20 16:43:50] DEBUG: Assembled disjointig 298
	With 1 reads
	Start read: +db3ae1c8-21d2-4d90-b02b-4c41e7eec433
	At position: 1
	leftTip: 1 rightTip: 1
	Suspicious: 0
	Short ext: 0
	Mean extensions: 0
	Avg overlap len: 0
	Min overlap len: 0
	Inner reads: 0
	Length: 3323
[2026-02-20 16:43:50] DEBUG: Inner: 5252 covered: 7194 total: 7608
[2026-02-20 16:43:50] DEBUG: Assembled disjointig 299
	With 1 reads
	Start read: +0c6048fd-0f63-48a2-a549-9e471c020f0d
	At position: 1
	leftTip: 1 rightTip: 1
	Suspicious: 0
	Short ext: 0
	Mean extensions: 0
	Avg overlap len: 0
	Min overlap len: 0
	Inner reads: 0
	Length: 2364
[2026-02-20 16:43:50] DEBUG: Inner: 5256 covered: 7202 total: 7608
[2026-02-20 16:43:50] DEBUG: Assembled disjointig 300
	With 3 reads
	Start read: +459f7593-c1c5-42f1-ab91-da91a6fa43ec
	At position: 2
	leftTip: 1 rightTip: 1
	Suspicious: 2
	Short ext: 0
	Mean extensions: 1
	Avg overlap len: 2543
	Min overlap len: 1882
	Inner reads: 0
	Length: 10628
[2026-02-20 16:43:50] DEBUG: Inner: 5262 covered: 7223 total: 7608
[2026-02-20 16:43:50] DEBUG: Discarded disjointig with 3 reads and 1 inner overlaps
[2026-02-20 16:43:50] DEBUG: Assembled disjointig 301
	With 4 reads
	Start read: +72896d11-8dc3-4be8-8a43-8ff6b7e019eb
	At position: 1
	leftTip: 1 rightTip: 0
	Suspicious: 2
	Short ext: 0
	Mean extensions: 2
	Avg overlap len: 2039
	Min overlap len: 1103
	Inner reads: 0
	Length: 16432
[2026-02-20 16:43:50] DEBUG: Inner: 5272 covered: 7302 total: 7608
[2026-02-20 16:43:50] DEBUG: Assembled disjointig 302
	With 1 reads
	Start read: +9002dda7-eb57-4b2c-ac4f-3792ed4a132d
	At position: 1
	leftTip: 1 rightTip: 1
	Suspicious: 0
	Short ext: 0
	Mean extensions: 0
	Avg overlap len: 0
	Min overlap len: 0
	Inner reads: 0
	Length: 3098
[2026-02-20 16:43:50] DEBUG: Inner: 5276 covered: 7316 total: 7608
[2026-02-20 16:43:50] DEBUG: Assembled disjointig 303
	With 2 reads
	Start read: +cf78a376-c69f-496e-a704-8820a1f637d9
	At position: 1
	leftTip: 1 rightTip: 1
	Suspicious: 1
	Short ext: 0
	Mean extensions: 0
	Avg overlap len: 2846
	Min overlap len: 2846
	Inner reads: 0
	Length: 5226
[2026-02-20 16:43:50] DEBUG: Inner: 5282 covered: 7322 total: 7608
[2026-02-20 16:43:50] DEBUG: Assembled disjointig 304
	With 1 reads
	Start read: +24f27f6f-15ee-4004-8400-5227a51088eb
	At position: 1
	leftTip: 1 rightTip: 1
	Suspicious: 0
	Short ext: 0
	Mean extensions: 0
	Avg overlap len: 0
	Min overlap len: 0
	Inner reads: 0
	Length: 3065
[2026-02-20 16:43:50] DEBUG: Inner: 5282 covered: 7331 total: 7608
[2026-02-20 16:43:50] DEBUG: Assembled disjointig 305
	With 1 reads
	Start read: +41edc5e7-7782-4278-bb37-1aba254fef0b
	At position: 1
	leftTip: 1 rightTip: 1
	Suspicious: 0
	Short ext: 0
	Mean extensions: 0
	Avg overlap len: 0
	Min overlap len: 0
	Inner reads: 0
	Length: 2368
[2026-02-20 16:43:50] DEBUG: Inner: 5286 covered: 7338 total: 7608
[2026-02-20 16:43:50] DEBUG: Assembled disjointig 306
	With 2 reads
	Start read: +f771af32-ed41-443b-a960-e01139a75b05
	At position: 1
	leftTip: 1 rightTip: 1
	Suspicious: 1
	Short ext: 0
	Mean extensions: 1
	Avg overlap len: 2219
	Min overlap len: 2219
	Inner reads: 0
	Length: 7526
[2026-02-20 16:43:50] DEBUG: Inner: 5292 covered: 7350 total: 7608
[2026-02-20 16:43:50] DEBUG: Assembled disjointig 307
	With 2 reads
	Start read: +bf82d9b5-99ef-4f55-8c26-37dc992c78bb
	At position: 2
	leftTip: 0 rightTip: 1
	Suspicious: 1
	Short ext: 0
	Mean extensions: 1
	Avg overlap len: 2131
	Min overlap len: 2131
	Inner reads: 0
	Length: 4757
[2026-02-20 16:43:50] DEBUG: Inner: 5296 covered: 7378 total: 7608
[2026-02-20 16:43:50] DEBUG: Assembled disjointig 308
	With 2 reads
	Start read: +43c70a0f-4bc3-43ba-9829-cd1f02c79e14
	At position: 1
	leftTip: 1 rightTip: 1
	Suspicious: 1
	Short ext: 0
	Mean extensions: 0
	Avg overlap len: 2052
	Min overlap len: 2052
	Inner reads: 0
	Length: 6627
[2026-02-20 16:43:50] DEBUG: Inner: 5304 covered: 7408 total: 7608
[2026-02-20 16:43:50] DEBUG: Assembled disjointig 309
	With 4 reads
	Start read: +96cc115a-e845-44a9-902c-0d85972ff3ba
	At position: 2
	leftTip: 1 rightTip: 0
	Suspicious: 1
	Short ext: 0
	Mean extensions: 1
	Avg overlap len: 2939
	Min overlap len: 1821
	Inner reads: 0
	Length: 10754
[2026-02-20 16:43:50] DEBUG: Inner: 5310 covered: 7420 total: 7608
[2026-02-20 16:43:50] DEBUG: Assembled disjointig 310
	With 3 reads
	Start read: +9a959755-0ead-4c8e-9f53-4e48d615898f
	At position: 2
	leftTip: 1 rightTip: 1
	Suspicious: 2
	Short ext: 0
	Mean extensions: 1
	Avg overlap len: 2718
	Min overlap len: 1566
	Inner reads: 0
	Length: 9223
[2026-02-20 16:43:50] DEBUG: Inner: 5322 covered: 7434 total: 7608
[2026-02-20 16:43:50] DEBUG: Assembled disjointig 311
	With 2 reads
	Start read: +307409fa-bee0-4ae4-b4da-a61f12882605
	At position: 1
	leftTip: 1 rightTip: 1
	Suspicious: 1
	Short ext: 0
	Mean extensions: 0
	Avg overlap len: 2643
	Min overlap len: 2643
	Inner reads: 0
	Length: 7067
[2026-02-20 16:43:50] DEBUG: Inner: 5326 covered: 7448 total: 7608
[2026-02-20 16:43:50] DEBUG: Assembled disjointig 312
	With 2 reads
	Start read: +ce5d3e91-3233-4c72-a3ec-01aac5e0310e
	At position: 1
	leftTip: 1 rightTip: 1
	Suspicious: 1
	Short ext: 0
	Mean extensions: 0
	Avg overlap len: 1935
	Min overlap len: 1935
	Inner reads: 0
	Length: 5423
[2026-02-20 16:43:50] DEBUG: Inner: 5332 covered: 7458 total: 7608
[2026-02-20 16:43:50] DEBUG: Assembled disjointig 313
	With 2 reads
	Start read: +77ebd9ce-070e-492b-ba51-d97c890e2662
	At position: 2
	leftTip: 1 rightTip: 1
	Suspicious: 1
	Short ext: 0
	Mean extensions: 0
	Avg overlap len: 3365
	Min overlap len: 3365
	Inner reads: 0
	Length: 5234
[2026-02-20 16:43:50] DEBUG: Inner: 5336 covered: 7470 total: 7608
[2026-02-20 16:43:50] DEBUG: Assembled disjointig 314
	With 4 reads
	Start read: +2c274bcb-10e3-4d0d-a153-3f34a92d6b27
	At position: 4
	leftTip: 1 rightTip: 1
	Suspicious: 3
	Short ext: 0
	Mean extensions: 1
	Avg overlap len: 1337
	Min overlap len: 1028
	Inner reads: 0
	Length: 9163
[2026-02-20 16:43:50] DEBUG: Inner: 5352 covered: 7478 total: 7608
[2026-02-20 16:43:50] DEBUG: Assembled disjointig 315
	With 2 reads
	Start read: +7b102cae-5856-408f-b453-152b915ab098
	At position: 1
	leftTip: 1 rightTip: 1
	Suspicious: 1
	Short ext: 0
	Mean extensions: 0
	Avg overlap len: 2549
	Min overlap len: 2549
	Inner reads: 0
	Length: 7956
[2026-02-20 16:43:50] DEBUG: Inner: 5360 covered: 7491 total: 7608
[2026-02-20 16:43:50] DEBUG: Assembled disjointig 316
	With 3 reads
	Start read: +d49dc482-5cc5-4401-93ad-1fe7cdd8ff6b
	At position: 3
	leftTip: 1 rightTip: 1
	Suspicious: 2
	Short ext: 0
	Mean extensions: 1
	Avg overlap len: 4198
	Min overlap len: 2398
	Inner reads: 0
	Length: 10883
[2026-02-20 16:43:50] DEBUG: Inner: 5370 covered: 7504 total: 7608
[2026-02-20 16:43:50] DEBUG: Assembled disjointig 317
	With 2 reads
	Start read: +939978d5-1b75-4bf3-84be-ca096f4b903f
	At position: 2
	leftTip: 1 rightTip: 1
	Suspicious: 1
	Short ext: 0
	Mean extensions: 0
	Avg overlap len: 1148
	Min overlap len: 1148
	Inner reads: 0
	Length: 5805
[2026-02-20 16:43:50] DEBUG: Inner: 5378 covered: 7510 total: 7608
[2026-02-20 16:43:50] DEBUG: Assembled disjointig 318
	With 2 reads
	Start read: +3d64dc6d-98c5-43d5-9969-f64cc3152e40
	At position: 1
	leftTip: 1 rightTip: 1
	Suspicious: 1
	Short ext: 0
	Mean extensions: 1
	Avg overlap len: 3851
	Min overlap len: 3851
	Inner reads: 0
	Length: 5817
[2026-02-20 16:43:50] DEBUG: Inner: 5384 covered: 7554 total: 7608
[2026-02-20 16:43:50] DEBUG: Assembled disjointig 319
	With 1 reads
	Start read: +f92c3670-8490-4443-8824-b6bc00d0598d
	At position: 1
	leftTip: 1 rightTip: 1
	Suspicious: 0
	Short ext: 0
	Mean extensions: 0
	Avg overlap len: 0
	Min overlap len: 0
	Inner reads: 0
	Length: 2224
[2026-02-20 16:43:50] DEBUG: Inner: 5388 covered: 7562 total: 7608
[2026-02-20 16:43:50] DEBUG: Assembled disjointig 320
	With 3 reads
	Start read: +db4114b7-93cb-4f88-898b-c1c13fae052c
	At position: 3
	leftTip: 0 rightTip: 1
	Suspicious: 0
	Short ext: 0
	Mean extensions: 1
	Avg overlap len: 2372
	Min overlap len: 2291
	Inner reads: 0
	Length: 16445
[2026-02-20 16:43:50] DEBUG: Inner: 5396 covered: 7578 total: 7608
[2026-02-20 16:43:50] DEBUG: Assembled disjointig 321
	With 2 reads
	Start read: +84c242fa-0d62-4b26-bf68-a8e8304574c6
	At position: 1
	leftTip: 1 rightTip: 1
	Suspicious: 1
	Short ext: 0
	Mean extensions: 0
	Avg overlap len: 2827
	Min overlap len: 2827
	Inner reads: 0
	Length: 5405
[2026-02-20 16:43:50] DEBUG: Inner: 5402 covered: 7584 total: 7608
[2026-02-20 16:43:50] DEBUG: Assembled disjointig 322
	With 2 reads
	Start read: +36951b24-e1fe-49ae-bf29-ae3ad147c9e6
	At position: 1
	leftTip: 1 rightTip: 1
	Suspicious: 1
	Short ext: 0
	Mean extensions: 1
	Avg overlap len: 2441
	Min overlap len: 2441
	Inner reads: 0
	Length: 7838
[2026-02-20 16:43:50] DEBUG: Inner: 5408 covered: 7588 total: 7608
[2026-02-20 16:43:50] DEBUG: Assembled disjointig 323
	With 3 reads
	Start read: +a7333725-911b-47d0-a543-74fa9158bb75
	At position: 1
	leftTip: 1 rightTip: 1
	Suspicious: 2
	Short ext: 0
	Mean extensions: 1
	Avg overlap len: 3275
	Min overlap len: 2557
	Inner reads: 0
	Length: 10112
[2026-02-20 16:43:50] DEBUG: Inner: 5416 covered: 7596 total: 7608
[2026-02-20 16:43:50] DEBUG: Assembled disjointig 324
	With 3 reads
	Start read: +bc2364c7-311e-4863-aa53-37726e2d123c
	At position: 1
	leftTip: 1 rightTip: 0
	Suspicious: 1
	Short ext: 0
	Mean extensions: 1
	Avg overlap len: 2160
	Min overlap len: 1633
	Inner reads: 0
	Length: 12969
[2026-02-20 16:43:50] DEBUG: Inner: 5420 covered: 7602 total: 7608
[2026-02-20 16:43:50] DEBUG: Assembled disjointig 325
	With 2 reads
	Start read: +6f8522f1-b913-4fc7-ba8e-ffc03667e38b
	At position: 2
	leftTip: 1 rightTip: 1
	Suspicious: 1
	Short ext: 0
	Mean extensions: 0
	Avg overlap len: 1900
	Min overlap len: 1900
	Inner reads: 0
	Length: 7000
[2026-02-20 16:43:50] DEBUG: Inner: 5426 covered: 7608 total: 7608
[2026-02-20 16:43:50] DEBUG: Assembled disjointig 326
	With 2 reads
	Start read: +009cfa1c-a632-4c3c-94a4-212d8d653d3f
	At position: 1
	leftTip: 1 rightTip: 1
	Suspicious: 1
	Short ext: 0
	Mean extensions: 1
	Avg overlap len: 2302
	Min overlap len: 2302
	Inner reads: 0
	Length: 5574
[2026-02-20 16:43:50] DEBUG: Inner: 5444 covered: 7608 total: 7608
[2026-02-20 16:43:50] DEBUG: Assembled disjointig 327
	With 4 reads
	Start read: +62cd7fc7-1ef2-4705-882c-5bd3c07e1878
	At position: 3
	leftTip: 1 rightTip: 1
	Suspicious: 3
	Short ext: 0
	Mean extensions: 1
	Avg overlap len: 2375
	Min overlap len: 1035
	Inner reads: 0
	Length: 16962
[2026-02-20 16:43:50] DEBUG: Inner: 5454 covered: 7608 total: 7608
[2026-02-20 16:43:50] DEBUG: Assembled disjointig 328
	With 2 reads
	Start read: +aa95b08e-453a-4699-9b55-40db86aabb57
	At position: 1
	leftTip: 1 rightTip: 1
	Suspicious: 1
	Short ext: 0
	Mean extensions: 1
	Avg overlap len: 2642
	Min overlap len: 2642
	Inner reads: 0
	Length: 10324
[2026-02-20 16:43:50] DEBUG: Inner: 5472 covered: 7608 total: 7608
[2026-02-20 16:43:50] DEBUG: Assembled disjointig 329
	With 2 reads
	Start read: +3fbe27c7-d02e-4ad4-9f9b-4d2df09be315
	At position: 1
	leftTip: 1 rightTip: 1
	Suspicious: 1
	Short ext: 0
	Mean extensions: 1
	Avg overlap len: 2632
	Min overlap len: 2632
	Inner reads: 0
	Length: 4387
[2026-02-20 16:43:50] DEBUG: Inner: 5480 covered: 7608 total: 7608
[2026-02-20 16:43:53] INFO: Assembled 329 disjointigs
[2026-02-20 16:43:53] INFO: Generating sequence
[2026-02-20 16:43:53] DEBUG: Building positional index
[2026-02-20 16:43:53] DEBUG: Total sequence: 3419426 bp
[2026-02-20 16:43:53] DEBUG: Mean k-mer frequency: 1.08408
[2026-02-20 16:43:53] DEBUG: Repetitive k-mer frequency: 108
[2026-02-20 16:43:53] DEBUG: Filtered 659 repetitive k-mers (0.00106179)
[2026-02-20 16:43:53] DEBUG: Sorting k-mer index
[2026-02-20 16:43:53] DEBUG: Selected k-mers: 572512
[2026-02-20 16:43:53] DEBUG: K-mer index size: 619991
[2026-02-20 16:43:53] DEBUG: Mean k-mer frequency: 1.08293
[2026-02-20 16:43:53] DEBUG: Minimizer rate: 5.51528
[2026-02-20 16:43:53] INFO: Filtering contained disjointigs
[2026-02-20 16:43:53] DEBUG: Computing transitive closure for overlaps
[2026-02-20 16:43:53] DEBUG: Found 200 overlaps
[2026-02-20 16:43:53] DEBUG: Left 88 overlaps after filtering
[2026-02-20 16:43:53] INFO: Contained seqs: 13
[2026-02-20 16:43:53] DEBUG: Writing FASTA
[2026-02-20 16:43:53] DEBUG: Peak RAM usage: 0 Gb
-----------End assembly log------------
[2026-02-20 16:43:54] root: DEBUG: Disjointigs length: 3327268, N50: 14500
[2026-02-20 16:43:54] root: INFO: >>>STAGE: consensus
[2026-02-20 16:43:54] root: INFO: Running Minimap2
[2026-02-20 16:43:55] root: INFO: Computing consensus
[2026-02-20 16:43:56] root: INFO: Alignment error rate: 0.016472
[2026-02-20 16:43:56] root: INFO: >>>STAGE: repeat
[2026-02-20 16:43:56] root: INFO: Building and resolving repeat graph
[2026-02-20 16:43:56] root: DEBUG: -----Begin repeat analyser log------
[2026-02-20 16:43:56] root: DEBUG: Running: flye-modules repeat --disjointigs /scratch/ky/characterization/results/barcode16/assembly/10-consensus/consensus.fasta --reads /scratch/ky/characterization/FASTQ/SQK-RBK114-96_barcode16.fastq --out-dir /scratch/ky/characterization/results/barcode16/assembly/20-repeat --config /data/softs/Miniforge3-25.11.0-0/envs/flye-2.9.6/lib/python3.12/site-packages/flye/config/bin_cfg/asm_nano_hq.cfg --log /scratch/ky/characterization/results/barcode16/assembly/flye.log --threads 16 --meta --min-ovlp 1000
[2026-02-20 16:43:56] DEBUG: Build date: May  4 2025 23:18:08
[2026-02-20 16:43:56] DEBUG: Total RAM: 251 Gb
[2026-02-20 16:43:56] DEBUG: Available RAM: 247 Gb
[2026-02-20 16:43:56] DEBUG: Total CPUs: 32
[2026-02-20 16:43:56] DEBUG: Loading /data/softs/Miniforge3-25.11.0-0/envs/flye-2.9.6/lib/python3.12/site-packages/flye/config/bin_cfg/asm_nano_hq.cfg
[2026-02-20 16:43:56] DEBUG: Loading /data/softs/Miniforge3-25.11.0-0/envs/flye-2.9.6/lib/python3.12/site-packages/flye/config/bin_cfg/asm_defaults.cfg
[2026-02-20 16:43:56] DEBUG: 	big_genome_threshold=29000000
[2026-02-20 16:43:56] DEBUG: 	meta_read_filter_kmer_freq=100
[2026-02-20 16:43:56] DEBUG: 	chain_large_gap_penalty=2
[2026-02-20 16:43:56] DEBUG: 	chain_small_gap_penalty=0.5
[2026-02-20 16:43:56] DEBUG: 	chain_gap_jump_threshold=100
[2026-02-20 16:43:56] DEBUG: 	max_jump_gap=500
[2026-02-20 16:43:56] DEBUG: 	max_coverage_drop_rate=5
[2026-02-20 16:43:56] DEBUG: 	max_extensions_drop_rate=5
[2026-02-20 16:43:56] DEBUG: 	chimera_window=100
[2026-02-20 16:43:56] DEBUG: 	chimera_overhang=1000
[2026-02-20 16:43:56] DEBUG: 	min_reads_in_disjointig=4
[2026-02-20 16:43:56] DEBUG: 	max_inner_reads=10
[2026-02-20 16:43:56] DEBUG: 	max_inner_fraction=0.25
[2026-02-20 16:43:56] DEBUG: 	aggressive_dup_filter=1
[2026-02-20 16:43:56] DEBUG: 	max_separation=500
[2026-02-20 16:43:56] DEBUG: 	unique_edge_length=50000
[2026-02-20 16:43:56] DEBUG: 	min_repeat_res_support=0.51
[2026-02-20 16:43:56] DEBUG: 	out_paths_ratio=5
[2026-02-20 16:43:56] DEBUG: 	graph_cov_drop_rate=5
[2026-02-20 16:43:56] DEBUG: 	coverage_estimate_window=100
[2026-02-20 16:43:56] DEBUG: 	max_bubble_length=50000
[2026-02-20 16:43:56] DEBUG: 	loop_coverage_rate=1.5
[2026-02-20 16:43:56] DEBUG: 	repeat_edge_cov_mult=1.75
[2026-02-20 16:43:56] DEBUG: 	weak_detach_rate=5
[2026-02-20 16:43:56] DEBUG: 	tip_coverage_rate=2
[2026-02-20 16:43:56] DEBUG: 	tip_length_rate=2
[2026-02-20 16:43:56] DEBUG: 	output_gfa_before_rr=1
[2026-02-20 16:43:56] DEBUG: 	remove_alt_edges=0
[2026-02-20 16:43:56] DEBUG: 	low_cutoff_warning=0
[2026-02-20 16:43:56] DEBUG: 	kmer_size=17
[2026-02-20 16:43:56] DEBUG: 	use_minimizers=1
[2026-02-20 16:43:56] DEBUG: 	minimizer_window=10
[2026-02-20 16:43:56] DEBUG: 	reads_base_alignment=1
[2026-02-20 16:43:56] DEBUG: 	meta_read_top_kmer_rate=0.75
[2026-02-20 16:43:56] DEBUG: 	maximum_jump=1500
[2026-02-20 16:43:56] DEBUG: 	maximum_overhang=1500
[2026-02-20 16:43:56] DEBUG: 	repeat_kmer_rate=100
[2026-02-20 16:43:56] DEBUG: 	assemble_ovlp_divergence=0.03
[2026-02-20 16:43:56] DEBUG: 	assemble_divergence_relative=1
[2026-02-20 16:43:56] DEBUG: 	repeat_graph_ovlp_divergence=0.03
[2026-02-20 16:43:56] DEBUG: 	read_align_ovlp_divergence=0.10
[2026-02-20 16:43:56] DEBUG: 	hpc_scoring_on=1
[2026-02-20 16:43:56] DEBUG: 	add_unassembled_reads=0
[2026-02-20 16:43:56] DEBUG: 	extend_contigs_with_repeats=0
[2026-02-20 16:43:56] DEBUG: 	min_read_cov_cutoff=3
[2026-02-20 16:43:56] DEBUG: 	short_tip_length=20000
[2026-02-20 16:43:56] DEBUG: 	long_tip_length=100000
[2026-02-20 16:43:56] DEBUG: Running with k-mer size: 17
[2026-02-20 16:43:56] DEBUG: Selected minimum overlap 1000
[2026-02-20 16:43:56] DEBUG: Metagenome mode: Y
[2026-02-20 16:43:56] INFO: Parsing disjointigs
[2026-02-20 16:43:56] DEBUG: Building positional index
[2026-02-20 16:43:56] DEBUG: Total sequence: 3319032 bp
[2026-02-20 16:43:56] INFO: Building repeat graph
[2026-02-20 16:43:56] DEBUG: Mean k-mer frequency: 1.0551
[2026-02-20 16:43:56] DEBUG: Repetitive k-mer frequency: 105
[2026-02-20 16:43:56] DEBUG: Filtered 480 repetitive k-mers (0.000796542)
[2026-02-20 16:43:56] DEBUG: Sorting k-mer index
[2026-02-20 16:43:56] DEBUG: Selected k-mers: 571131
[2026-02-20 16:43:56] DEBUG: K-mer index size: 602125
[2026-02-20 16:43:56] DEBUG: Mean k-mer frequency: 1.05427
[2026-02-20 16:43:56] DEBUG: Minimizer rate: 5.5122
[2026-02-20 16:43:56] DEBUG: Computing transitive closure for overlaps
[2026-02-20 16:43:56] DEBUG: Found 624 overlaps
[2026-02-20 16:43:56] DEBUG: Left 252 overlaps after filtering
[2026-02-20 16:43:56] INFO: Median overlap divergence: 0.0254731
[2026-02-20 16:43:56] DEBUG: Sequence divergence distribution: 

    |*     |                                                                                             
    |*     |                                                                                             
    |*     |                                                                                             
    |*     |                                                                                             
    |*     |                                                                                             
    |*     |                                                                                             
    |*     |                                                                                             
    |*     |                                                                                             
    |**    |                                                                                             
    |**    |                                                                                             
    |***   |                                                                                             
    |*** **|                                                                                             
    |*** **|                                                                                             
    |*** **|  *                                                                                          
    |*** **|  *                                                                                          
    |******|  *   *               *                                                                      
    |******|* **  *        *      *    *                                                                 
    |******|* **  *        *      *    *                                                                 
    |******|* **  * *   *  ****   *    **              *     * *  *       *                              
    |******|* **  * *   *  ****   *    **              *     * *  *       *                              
    ----------------------------------------------------------------------------------------------------
    0%        5%        10%       15%       20%       25%       30%       35%       40%       45%       

    Q25 = 0.0099, Q50 = 0.025, Q75 = 0.099

[2026-02-20 16:43:56] DEBUG: Computing gluepoints
[2026-02-20 16:43:56] DEBUG: Added 0 gluepoint projections
[2026-02-20 16:43:56] DEBUG: Created 1436 gluepoints
[2026-02-20 16:43:56] DEBUG: Artificial loops removed: 0 left, 0 right, 0 both
[2026-02-20 16:43:56] DEBUG: Initializing edges
[2026-02-20 16:43:56] DEBUG: Edges length checksum: 47000041351
[2026-02-20 16:43:56] DEBUG: Filtered 0 singleton segments
[2026-02-20 16:43:56] DEBUG: Removed 0 simple and 0 double chimeric junctions
[2026-02-20 16:43:56] DEBUG: Collapsed 18 edges
[2026-02-20 16:43:56] DEBUG: *	4	+disjointig_10	0	20168	20168	
[2026-02-20 16:43:56] DEBUG: *	5	+disjointig_100	0	2523	2523	
[2026-02-20 16:43:56] DEBUG: *	6	+disjointig_101	0	9851	9851	
[2026-02-20 16:43:56] DEBUG: *	7	+disjointig_102	0	4943	4943	
[2026-02-20 16:43:56] DEBUG: *	8	+disjointig_103	0	7543	7543	
[2026-02-20 16:43:56] DEBUG:  	9	+disjointig_103	7543	9000	1457	
[2026-02-20 16:43:56] DEBUG: *	14	+disjointig_103	9000	10679	1679	
[2026-02-20 16:43:56] DEBUG: *	19	+disjointig_104	0	20017	20017	
[2026-02-20 16:43:56] DEBUG: *	20	+disjointig_105	0	37299	37299	
[2026-02-20 16:43:56] DEBUG: *	21	+disjointig_106	0	7444	7444	
[2026-02-20 16:43:56] DEBUG: *	22	+disjointig_107	0	25761	25761	
[2026-02-20 16:43:56] DEBUG: *	23	+disjointig_108	0	13573	13573	
[2026-02-20 16:43:56] DEBUG: *	24	+disjointig_109	0	11803	11803	
[2026-02-20 16:43:56] DEBUG: *	25	+disjointig_11	0	10209	10209	
[2026-02-20 16:43:56] DEBUG: *	26	+disjointig_110	0	5900	5900	
[2026-02-20 16:43:56] DEBUG: *	27	+disjointig_111	0	6531	6531	
[2026-02-20 16:43:56] DEBUG: *	28	+disjointig_112	0	2949	2949	
[2026-02-20 16:43:56] DEBUG:  	29	+disjointig_112	2949	4217	1268	
[2026-02-20 16:43:56] DEBUG: *	34	+disjointig_112	4217	16689	12472	
[2026-02-20 16:43:56] DEBUG: *	40	+disjointig_113	0	8453	8453	
[2026-02-20 16:43:56] DEBUG: *	41	+disjointig_114	0	9707	9707	
[2026-02-20 16:43:56] DEBUG: *	42	+disjointig_115	0	26307	26307	
[2026-02-20 16:43:56] DEBUG: *	43	+disjointig_116	0	8537	8537	
[2026-02-20 16:43:56] DEBUG: *	364	+disjointig_117	15439	18081	2642	
[2026-02-20 16:43:56] DEBUG: *	-363	+disjointig_118	0	20419	20419	
[2026-02-20 16:43:56] DEBUG: *	48	+disjointig_119	0	7447	7447	
[2026-02-20 16:43:56] DEBUG: *	-35	+disjointig_12	0	5647	5647	
[2026-02-20 16:43:56] DEBUG:  	-29	+disjointig_12	5647	6913	1266	
[2026-02-20 16:43:56] DEBUG: *	30	+disjointig_12	6913	11622	4709	
[2026-02-20 16:43:56] DEBUG: *	49	+disjointig_120	0	5718	5718	
[2026-02-20 16:43:56] DEBUG: *	50	+disjointig_121	0	2432	2432	
[2026-02-20 16:43:56] DEBUG: *	51	+disjointig_122	0	5283	5283	
[2026-02-20 16:43:56] DEBUG: *	52	+disjointig_123	0	17590	17590	
[2026-02-20 16:43:56] DEBUG: *	53	+disjointig_124	0	5857	5857	
[2026-02-20 16:43:56] DEBUG: *	54	+disjointig_125	0	13260	13260	
[2026-02-20 16:43:56] DEBUG: *	55	+disjointig_126	0	5447	5447	
[2026-02-20 16:43:56] DEBUG: *	56	+disjointig_127	0	7260	7260	
[2026-02-20 16:43:56] DEBUG: *	57	+disjointig_129	0	4247	4247	
[2026-02-20 16:43:56] DEBUG: *	58	+disjointig_13	0	5764	5764	
[2026-02-20 16:43:56] DEBUG: *	59	+disjointig_130	0	4745	4745	
[2026-02-20 16:43:56] DEBUG: *	60	+disjointig_131	0	25925	25925	
[2026-02-20 16:43:56] DEBUG: *	61	+disjointig_132	0	2950	2950	
[2026-02-20 16:43:56] DEBUG: *	62	+disjointig_133	0	7544	7544	
[2026-02-20 16:43:56] DEBUG: *	63	+disjointig_135	0	4819	4819	
[2026-02-20 16:43:56] DEBUG: *	64	+disjointig_136	0	3726	3726	
[2026-02-20 16:43:56] DEBUG: *	65	+disjointig_137	0	9196	9196	
[2026-02-20 16:43:56] DEBUG: *	66	+disjointig_138	0	38214	38214	
[2026-02-20 16:43:56] DEBUG: *	67	+disjointig_139	0	8253	8253	
[2026-02-20 16:43:56] DEBUG: *	68	+disjointig_14	0	1709	1709	
[2026-02-20 16:43:56] DEBUG: *	-365	+disjointig_14	1709	13902	12193	
[2026-02-20 16:43:56] DEBUG:  	29	+disjointig_14	13902	15170	1268	
[2026-02-20 16:43:56] DEBUG: *	36	+disjointig_14	15170	31787	16617	
[2026-02-20 16:43:56] DEBUG: *	71	+disjointig_140	0	13641	13641	
[2026-02-20 16:43:56] DEBUG: *	72	+disjointig_142	0	7073	7073	
[2026-02-20 16:43:56] DEBUG: *	73	+disjointig_143	0	14652	14652	
[2026-02-20 16:43:56] DEBUG: *	74	+disjointig_144	0	5043	5043	
[2026-02-20 16:43:56] DEBUG: *	75	+disjointig_145	0	5207	5207	
[2026-02-20 16:43:56] DEBUG: *	76	+disjointig_146	0	22270	22270	
[2026-02-20 16:43:56] DEBUG: *	77	+disjointig_147	0	20037	20037	
[2026-02-20 16:43:56] DEBUG: *	78	+disjointig_148	0	6477	6477	
[2026-02-20 16:43:56] DEBUG: *	79	+disjointig_149	0	13469	13469	
[2026-02-20 16:43:56] DEBUG: *	80	+disjointig_15	0	11911	11911	
[2026-02-20 16:43:56] DEBUG: *	81	+disjointig_150	0	6161	6161	
[2026-02-20 16:43:56] DEBUG: *	82	+disjointig_152	0	6005	6005	
[2026-02-20 16:43:56] DEBUG: *	83	+disjointig_154	0	3355	3355	
[2026-02-20 16:43:56] DEBUG: *	84	+disjointig_155	0	11844	11844	
[2026-02-20 16:43:56] DEBUG: *	85	+disjointig_156	0	15099	15099	
[2026-02-20 16:43:56] DEBUG: *	86	+disjointig_157	0	3044	3044	
[2026-02-20 16:43:56] DEBUG: *	89	+disjointig_159	0	7388	7388	
[2026-02-20 16:43:56] DEBUG: *	90	+disjointig_16	0	20838	20838	
[2026-02-20 16:43:56] DEBUG: *	91	+disjointig_161	0	18481	18481	
[2026-02-20 16:43:56] DEBUG: *	92	+disjointig_162	0	7370	7370	
[2026-02-20 16:43:56] DEBUG: *	369	+disjointig_163	0	7206	7206	
[2026-02-20 16:43:56] DEBUG: *	96	+disjointig_164	0	4076	4076	
[2026-02-20 16:43:56] DEBUG: *	97	+disjointig_165	0	15540	15540	
[2026-02-20 16:43:56] DEBUG: *	98	+disjointig_166	0	14218	14218	
[2026-02-20 16:43:56] DEBUG: *	99	+disjointig_167	0	8875	8875	
[2026-02-20 16:43:56] DEBUG: *	102	+disjointig_169	0	8808	8808	
[2026-02-20 16:43:56] DEBUG: *	103	+disjointig_17	0	17973	17973	
[2026-02-20 16:43:56] DEBUG: *	104	+disjointig_170	0	3058	3058	
[2026-02-20 16:43:56] DEBUG: *	105	+disjointig_171	0	8870	8870	
[2026-02-20 16:43:56] DEBUG: *	106	+disjointig_172	0	11649	11649	
[2026-02-20 16:43:56] DEBUG: *	107	+disjointig_173	0	6336	6336	
[2026-02-20 16:43:56] DEBUG: *	108	+disjointig_174	0	19402	19402	
[2026-02-20 16:43:56] DEBUG: *	109	+disjointig_175	0	5602	5602	
[2026-02-20 16:43:56] DEBUG: *	110	+disjointig_176	0	18510	18510	
[2026-02-20 16:43:56] DEBUG: *	-32	+disjointig_177	0	2493	2493	
[2026-02-20 16:43:56] DEBUG:  	29	+disjointig_177	2493	3758	1265	
[2026-02-20 16:43:56] DEBUG: *	37	+disjointig_177	3758	16924	13166	
[2026-02-20 16:43:56] DEBUG: *	111	+disjointig_178	0	9957	9957	
[2026-02-20 16:43:56] DEBUG: *	112	+disjointig_179	0	13636	13636	
[2026-02-20 16:43:56] DEBUG: *	113	+disjointig_18	0	2571	2571	
[2026-02-20 16:43:56] DEBUG: *	114	+disjointig_180	0	7115	7115	
[2026-02-20 16:43:56] DEBUG: *	115	+disjointig_181	0	5172	5172	
[2026-02-20 16:43:56] DEBUG: *	116	+disjointig_182	0	13686	13686	
[2026-02-20 16:43:56] DEBUG: *	117	+disjointig_183	0	12115	12115	
[2026-02-20 16:43:56] DEBUG: *	118	+disjointig_184	0	7014	7014	
[2026-02-20 16:43:56] DEBUG: *	119	+disjointig_185	0	14469	14469	
[2026-02-20 16:43:56] DEBUG: *	120	+disjointig_186	0	20482	20482	
[2026-02-20 16:43:56] DEBUG: *	121	+disjointig_187	0	18602	18602	
[2026-02-20 16:43:56] DEBUG: *	122	+disjointig_188	0	7167	7167	
[2026-02-20 16:43:56] DEBUG: *	123	+disjointig_189	0	12456	12456	
[2026-02-20 16:43:56] DEBUG: *	124	+disjointig_19	0	15579	15579	
[2026-02-20 16:43:56] DEBUG: *	125	+disjointig_191	0	4937	4937	
[2026-02-20 16:43:56] DEBUG: *	126	+disjointig_192	0	7005	7005	
[2026-02-20 16:43:56] DEBUG: *	127	+disjointig_193	0	2561	2561	
[2026-02-20 16:43:56] DEBUG: *	128	+disjointig_194	0	20836	20836	
[2026-02-20 16:43:56] DEBUG: *	129	+disjointig_195	0	9643	9643	
[2026-02-20 16:43:56] DEBUG:  	130	+disjointig_195	9643	10845	1202	
[2026-02-20 16:43:56] DEBUG: *	132	+disjointig_195	10845	18642	7797	
[2026-02-20 16:43:56] DEBUG: *	134	+disjointig_196	0	9620	9620	
[2026-02-20 16:43:56] DEBUG: *	135	+disjointig_197	0	5262	5262	
[2026-02-20 16:43:56] DEBUG: *	136	+disjointig_198	0	10386	10386	
[2026-02-20 16:43:56] DEBUG: *	-131	+disjointig_199	0	1029	1029	
[2026-02-20 16:43:56] DEBUG:  	130	+disjointig_199	1029	2235	1206	
[2026-02-20 16:43:56] DEBUG: *	133	+disjointig_199	2235	7131	4896	
[2026-02-20 16:43:56] DEBUG: *	137	+disjointig_2	0	8356	8356	
[2026-02-20 16:43:56] DEBUG: *	-362	+disjointig_20	1	20473	20472	
[2026-02-20 16:43:56] DEBUG:  	-9	+disjointig_20	20473	21928	1455	
[2026-02-20 16:43:56] DEBUG: *	10	+disjointig_20	21928	27801	5873	
[2026-02-20 16:43:56] DEBUG: *	138	+disjointig_200	0	2348	2348	
[2026-02-20 16:43:56] DEBUG: *	139	+disjointig_201	0	2250	2250	
[2026-02-20 16:43:56] DEBUG: *	140	+disjointig_202	0	6544	6544	
[2026-02-20 16:43:56] DEBUG: *	141	+disjointig_203	0	4314	4314	
[2026-02-20 16:43:56] DEBUG: *	142	+disjointig_204	0	4315	4315	
[2026-02-20 16:43:56] DEBUG: *	143	+disjointig_205	0	5128	5128	
[2026-02-20 16:43:56] DEBUG: *	144	+disjointig_206	0	18223	18223	
[2026-02-20 16:43:56] DEBUG: *	145	+disjointig_207	0	5860	5860	
[2026-02-20 16:43:56] DEBUG: *	146	+disjointig_208	0	19308	19308	
[2026-02-20 16:43:56] DEBUG: *	148	+disjointig_209	1431	4455	3024	
[2026-02-20 16:43:56] DEBUG: *	151	+disjointig_21	0	26556	26556	
[2026-02-20 16:43:56] DEBUG: *	152	+disjointig_210	0	3898	3898	
[2026-02-20 16:43:56] DEBUG: *	153	+disjointig_211	0	2930	2930	
[2026-02-20 16:43:56] DEBUG: *	154	+disjointig_212	0	10841	10841	
[2026-02-20 16:43:56] DEBUG: *	155	+disjointig_213	0	3243	3243	
[2026-02-20 16:43:56] DEBUG: *	156	+disjointig_214	0	8698	8698	
[2026-02-20 16:43:56] DEBUG: *	157	+disjointig_215	0	5860	5860	
[2026-02-20 16:43:56] DEBUG: *	158	+disjointig_216	0	12995	12995	
[2026-02-20 16:43:56] DEBUG: *	159	+disjointig_217	0	11253	11253	
[2026-02-20 16:43:56] DEBUG:  	160	+disjointig_217	11253	13921	2668	
[2026-02-20 16:43:56] DEBUG: *	162	+disjointig_217	13921	25831	11910	
[2026-02-20 16:43:56] DEBUG: *	164	+disjointig_218	0	16787	16787	
[2026-02-20 16:43:56] DEBUG: *	165	+disjointig_219	0	12373	12373	
[2026-02-20 16:43:56] DEBUG: *	166	+disjointig_22	0	7556	7556	
[2026-02-20 16:43:56] DEBUG: *	167	+disjointig_220	0	6397	6397	
[2026-02-20 16:43:56] DEBUG: *	168	+disjointig_221	0	14628	14628	
[2026-02-20 16:43:56] DEBUG: *	169	+disjointig_222	0	4052	4052	
[2026-02-20 16:43:56] DEBUG: *	170	+disjointig_223	0	8663	8663	
[2026-02-20 16:43:56] DEBUG: *	171	+disjointig_224	0	11833	11833	
[2026-02-20 16:43:56] DEBUG: *	172	+disjointig_225	0	5442	5442	
[2026-02-20 16:43:56] DEBUG: *	173	+disjointig_226	0	4019	4019	
[2026-02-20 16:43:56] DEBUG: *	174	+disjointig_227	0	6081	6081	
[2026-02-20 16:43:56] DEBUG: *	175	+disjointig_228	0	9714	9714	
[2026-02-20 16:43:56] DEBUG: *	176	+disjointig_229	0	5436	5436	
[2026-02-20 16:43:56] DEBUG: *	177	+disjointig_23	0	5869	5869	
[2026-02-20 16:43:56] DEBUG: *	178	+disjointig_230	0	11358	11358	
[2026-02-20 16:43:56] DEBUG: *	179	+disjointig_231	0	5235	5235	
[2026-02-20 16:43:56] DEBUG: *	-368	+disjointig_232	69	10535	10466	
[2026-02-20 16:43:56] DEBUG: *	180	+disjointig_233	0	2331	2331	
[2026-02-20 16:43:56] DEBUG: *	181	+disjointig_234	0	5445	5445	
[2026-02-20 16:43:56] DEBUG: *	-163	+disjointig_235	0	8395	8395	
[2026-02-20 16:43:56] DEBUG:  	-160	+disjointig_235	8395	11064	2669	
[2026-02-20 16:43:56] DEBUG: *	161	+disjointig_235	11064	12603	1539	
[2026-02-20 16:43:56] DEBUG: *	374	+disjointig_236	4011	12218	8207	
[2026-02-20 16:43:56] DEBUG: *	185	+disjointig_237	0	7611	7611	
[2026-02-20 16:43:56] DEBUG: *	186	+disjointig_238	0	4153	4153	
[2026-02-20 16:43:56] DEBUG: *	187	+disjointig_239	0	2850	2850	
[2026-02-20 16:43:56] DEBUG: *	188	+disjointig_24	0	14501	14501	
[2026-02-20 16:43:56] DEBUG: *	189	+disjointig_240	0	21824	21824	
[2026-02-20 16:43:56] DEBUG: *	190	+disjointig_241	0	6183	6183	
[2026-02-20 16:43:56] DEBUG: *	191	+disjointig_242	0	5275	5275	
[2026-02-20 16:43:56] DEBUG: *	192	+disjointig_243	0	2553	2553	
[2026-02-20 16:43:56] DEBUG: *	193	+disjointig_244	0	6238	6238	
[2026-02-20 16:43:56] DEBUG: *	194	+disjointig_245	0	6235	6235	
[2026-02-20 16:43:56] DEBUG: *	195	+disjointig_246	0	5529	5529	
[2026-02-20 16:43:56] DEBUG: *	196	+disjointig_247	0	8843	8843	
[2026-02-20 16:43:56] DEBUG: *	197	+disjointig_248	0	3002	3002	
[2026-02-20 16:43:56] DEBUG: *	198	+disjointig_249	0	4747	4747	
[2026-02-20 16:43:56] DEBUG: *	199	+disjointig_25	0	3572	3572	
[2026-02-20 16:43:56] DEBUG: *	200	+disjointig_250	0	5936	5936	
[2026-02-20 16:43:56] DEBUG: *	201	+disjointig_251	0	2705	2705	
[2026-02-20 16:43:56] DEBUG: *	202	+disjointig_252	0	6873	6873	
[2026-02-20 16:43:56] DEBUG: *	203	+disjointig_253	0	5330	5330	
[2026-02-20 16:43:56] DEBUG: *	204	+disjointig_254	0	5133	5133	
[2026-02-20 16:43:56] DEBUG: *	205	+disjointig_255	0	9104	9104	
[2026-02-20 16:43:56] DEBUG: *	206	+disjointig_256	0	5336	5336	
[2026-02-20 16:43:56] DEBUG: *	207	+disjointig_257	0	6336	6336	
[2026-02-20 16:43:56] DEBUG: *	208	+disjointig_258	0	4050	4050	
[2026-02-20 16:43:56] DEBUG: *	209	+disjointig_259	0	8151	8151	
[2026-02-20 16:43:56] DEBUG: *	210	+disjointig_26	0	12157	12157	
[2026-02-20 16:43:56] DEBUG: *	211	+disjointig_260	0	3767	3767	
[2026-02-20 16:43:56] DEBUG: *	212	+disjointig_261	0	30460	30460	
[2026-02-20 16:43:56] DEBUG: *	376	+disjointig_262	2656	4545	1889	
[2026-02-20 16:43:56] DEBUG: *	216	+disjointig_263	0	14317	14317	
[2026-02-20 16:43:56] DEBUG: *	217	+disjointig_264	0	2492	2492	
[2026-02-20 16:43:56] DEBUG: *	218	+disjointig_265	0	3893	3893	
[2026-02-20 16:43:56] DEBUG: *	219	+disjointig_266	0	6018	6018	
[2026-02-20 16:43:56] DEBUG: *	220	+disjointig_267	0	20749	20749	
[2026-02-20 16:43:56] DEBUG: *	221	+disjointig_268	0	5413	5413	
[2026-02-20 16:43:56] DEBUG: *	222	+disjointig_269	0	6543	6543	
[2026-02-20 16:43:56] DEBUG: *	223	+disjointig_27	0	9653	9653	
[2026-02-20 16:43:56] DEBUG: *	224	+disjointig_270	0	6187	6187	
[2026-02-20 16:43:56] DEBUG: *	225	+disjointig_271	0	5095	5095	
[2026-02-20 16:43:56] DEBUG: *	226	+disjointig_272	0	10088	10088	
[2026-02-20 16:43:56] DEBUG: *	227	+disjointig_273	0	2515	2515	
[2026-02-20 16:43:56] DEBUG: *	228	+disjointig_274	0	14029	14029	
[2026-02-20 16:43:56] DEBUG: *	229	+disjointig_275	0	2664	2664	
[2026-02-20 16:43:56] DEBUG: *	230	+disjointig_276	0	6059	6059	
[2026-02-20 16:43:56] DEBUG: *	231	+disjointig_277	0	2346	2346	
[2026-02-20 16:43:56] DEBUG: *	232	+disjointig_278	0	2367	2367	
[2026-02-20 16:43:56] DEBUG: *	233	+disjointig_279	0	2354	2354	
[2026-02-20 16:43:56] DEBUG: *	234	+disjointig_28	0	27669	27669	
[2026-02-20 16:43:56] DEBUG:  	377	+disjointig_28	27669	32566	4897	
[2026-02-20 16:43:56] DEBUG:  	-237	+disjointig_28	32566	33393	827	
[2026-02-20 16:43:56] DEBUG:  	377	+disjointig_28	33393	38243	4850	
[2026-02-20 16:43:56] DEBUG: *	242	+disjointig_28	38243	39813	1570	
[2026-02-20 16:43:56] DEBUG: *	244	+disjointig_280	0	2481	2481	
[2026-02-20 16:43:56] DEBUG: *	245	+disjointig_281	0	9258	9258	
[2026-02-20 16:43:56] DEBUG: *	246	+disjointig_282	0	7495	7495	
[2026-02-20 16:43:56] DEBUG: *	247	+disjointig_283	0	2370	2370	
[2026-02-20 16:43:56] DEBUG: *	248	+disjointig_284	0	4568	4568	
[2026-02-20 16:43:56] DEBUG: *	249	+disjointig_285	0	4613	4613	
[2026-02-20 16:43:56] DEBUG: *	250	+disjointig_286	0	2792	2792	
[2026-02-20 16:43:56] DEBUG: *	251	+disjointig_287	0	2790	2790	
[2026-02-20 16:43:56] DEBUG: *	252	+disjointig_288	0	2229	2229	
[2026-02-20 16:43:56] DEBUG: *	253	+disjointig_289	0	2495	2495	
[2026-02-20 16:43:56] DEBUG: *	254	+disjointig_29	0	4954	4954	
[2026-02-20 16:43:56] DEBUG: *	255	+disjointig_290	0	2447	2447	
[2026-02-20 16:43:56] DEBUG: *	256	+disjointig_291	0	5255	5255	
[2026-02-20 16:43:56] DEBUG:  	-377	+disjointig_292	129	4977	4848	
[2026-02-20 16:43:56] DEBUG: *	238	+disjointig_292	4977	11877	6900	
[2026-02-20 16:43:56] DEBUG: *	257	+disjointig_293	0	9778	9778	
[2026-02-20 16:43:56] DEBUG: *	258	+disjointig_294	0	4039	4039	
[2026-02-20 16:43:56] DEBUG: *	259	+disjointig_295	0	2612	2612	
[2026-02-20 16:43:56] DEBUG: *	260	+disjointig_297	0	2565	2565	
[2026-02-20 16:43:56] DEBUG: *	261	+disjointig_298	0	3329	3329	
[2026-02-20 16:43:56] DEBUG: *	262	+disjointig_299	0	2366	2366	
[2026-02-20 16:43:56] DEBUG: *	263	+disjointig_3	0	5381	5381	
[2026-02-20 16:43:56] DEBUG: *	379	+disjointig_30	0	8705	8705	
[2026-02-20 16:43:56] DEBUG: *	266	+disjointig_30	8705	10233	1528	
[2026-02-20 16:43:56] DEBUG:  	267	+disjointig_30	10233	13453	3220	
[2026-02-20 16:43:56] DEBUG: *	268	+disjointig_30	13453	22851	9398	
[2026-02-20 16:43:56] DEBUG:  	-267	+disjointig_30	22851	26093	3242	
[2026-02-20 16:43:56] DEBUG: *	371	+disjointig_300	12	10635	10623	
[2026-02-20 16:43:56] DEBUG: *	-39	+disjointig_301	0	3374	3374	
[2026-02-20 16:43:56] DEBUG:  	-29	+disjointig_301	3374	4650	1276	
[2026-02-20 16:43:56] DEBUG: *	366	+disjointig_301	4650	16421	11771	
[2026-02-20 16:43:56] DEBUG: *	271	+disjointig_302	0	3066	3066	
[2026-02-20 16:43:56] DEBUG: *	272	+disjointig_303	0	5214	5214	
[2026-02-20 16:43:56] DEBUG: *	273	+disjointig_305	0	2359	2359	
[2026-02-20 16:43:56] DEBUG: *	-361	+disjointig_306	0	7714	7714	
[2026-02-20 16:43:56] DEBUG: *	274	+disjointig_307	0	4759	4759	
[2026-02-20 16:43:56] DEBUG: *	275	+disjointig_308	0	6668	6668	
[2026-02-20 16:43:56] DEBUG: *	276	+disjointig_31	0	9855	9855	
[2026-02-20 16:43:56] DEBUG: *	277	+disjointig_310	0	9201	9201	
[2026-02-20 16:43:56] DEBUG: *	278	+disjointig_311	0	4418	4418	
[2026-02-20 16:43:56] DEBUG: *	282	+disjointig_312	0	5422	5422	
[2026-02-20 16:43:56] DEBUG: *	283	+disjointig_313	0	5224	5224	
[2026-02-20 16:43:56] DEBUG: *	284	+disjointig_314	0	9221	9221	
[2026-02-20 16:43:56] DEBUG: *	285	+disjointig_315	0	7954	7954	
[2026-02-20 16:43:56] DEBUG: *	286	+disjointig_316	0	10940	10940	
[2026-02-20 16:43:56] DEBUG: *	287	+disjointig_317	0	5793	5793	
[2026-02-20 16:43:56] DEBUG: *	288	+disjointig_318	0	5839	5839	
[2026-02-20 16:43:56] DEBUG: *	289	+disjointig_319	0	2226	2226	
[2026-02-20 16:43:56] DEBUG: *	290	+disjointig_32	0	11267	11267	
[2026-02-20 16:43:56] DEBUG: *	382	+disjointig_320	7809	16454	8645	
[2026-02-20 16:43:56] DEBUG: *	294	+disjointig_321	0	5410	5410	
[2026-02-20 16:43:56] DEBUG: *	295	+disjointig_322	0	7836	7836	
[2026-02-20 16:43:56] DEBUG: *	296	+disjointig_323	0	10102	10102	
[2026-02-20 16:43:56] DEBUG: *	297	+disjointig_324	0	12963	12963	
[2026-02-20 16:43:56] DEBUG: *	298	+disjointig_325	0	7000	7000	
[2026-02-20 16:43:56] DEBUG: *	299	+disjointig_326	0	5557	5557	
[2026-02-20 16:43:56] DEBUG: *	300	+disjointig_327	0	17944	17944	
[2026-02-20 16:43:56] DEBUG: *	301	+disjointig_328	0	10322	10322	
[2026-02-20 16:43:56] DEBUG: *	302	+disjointig_329	0	4365	4365	
[2026-02-20 16:43:56] DEBUG: *	303	+disjointig_33	0	4659	4659	
[2026-02-20 16:43:56] DEBUG: *	304	+disjointig_34	0	21728	21728	
[2026-02-20 16:43:56] DEBUG: *	305	+disjointig_35	0	17453	17453	
[2026-02-20 16:43:56] DEBUG: *	306	+disjointig_36	0	7391	7391	
[2026-02-20 16:43:56] DEBUG:  	383	+disjointig_37	1412	18955	17543	
[2026-02-20 16:43:56] DEBUG: *	309	+disjointig_38	0	2436	2436	
[2026-02-20 16:43:56] DEBUG: *	310	+disjointig_39	0	32732	32732	
[2026-02-20 16:43:56] DEBUG: *	311	+disjointig_4	0	4681	4681	
[2026-02-20 16:43:56] DEBUG: *	312	+disjointig_40	0	16996	16996	
[2026-02-20 16:43:56] DEBUG: *	-378	+disjointig_41	0	4258	4258	
[2026-02-20 16:43:56] DEBUG:  	237	+disjointig_41	4258	4942	684	
[2026-02-20 16:43:56] DEBUG:  	-377	+disjointig_41	4942	9827	4885	
[2026-02-20 16:43:56] DEBUG: *	239	+disjointig_41	9827	31060	21233	
[2026-02-20 16:43:56] DEBUG: *	314	+disjointig_42	0	2347	2347	
[2026-02-20 16:43:56] DEBUG: *	315	+disjointig_43	0	17713	17713	
[2026-02-20 16:43:56] DEBUG: *	316	+disjointig_44	0	7510	7510	
[2026-02-20 16:43:56] DEBUG: *	-381	+disjointig_45	0	30722	30722	
[2026-02-20 16:43:56] DEBUG: *	375	+disjointig_46	0	10791	10791	
[2026-02-20 16:43:56] DEBUG: *	317	+disjointig_47	0	6304	6304	
[2026-02-20 16:43:56] DEBUG: *	372	+disjointig_48	0	14826	14826	
[2026-02-20 16:43:56] DEBUG: *	149	+disjointig_48	14826	21803	6977	
[2026-02-20 16:43:56] DEBUG:  	29	+disjointig_49	8	1273	1265	
[2026-02-20 16:43:56] DEBUG: *	38	+disjointig_49	1273	2346	1073	
[2026-02-20 16:43:56] DEBUG:  	377	+disjointig_49	2346	7193	4847	
[2026-02-20 16:43:56] DEBUG: *	243	+disjointig_49	7193	20010	12817	
[2026-02-20 16:43:56] DEBUG: *	318	+disjointig_5	0	2223	2223	
[2026-02-20 16:43:56] DEBUG: *	319	+disjointig_50	0	16847	16847	
[2026-02-20 16:43:56] DEBUG: *	320	+disjointig_51	0	24344	24344	
[2026-02-20 16:43:56] DEBUG: *	321	+disjointig_52	0	21384	21384	
[2026-02-20 16:43:56] DEBUG: *	322	+disjointig_53	0	4197	4197	
[2026-02-20 16:43:56] DEBUG: *	323	+disjointig_54	0	13403	13403	
[2026-02-20 16:43:56] DEBUG: *	324	+disjointig_55	0	20283	20283	
[2026-02-20 16:43:56] DEBUG: *	325	+disjointig_56	0	14906	14906	
[2026-02-20 16:43:56] DEBUG: *	-240	+disjointig_57	0	43737	43737	
[2026-02-20 16:43:56] DEBUG:  	377	+disjointig_57	43737	48788	5051	
[2026-02-20 16:43:56] DEBUG:  	-237	+disjointig_57	48788	49471	683	
[2026-02-20 16:43:56] DEBUG: *	326	+disjointig_58	0	35073	35073	
[2026-02-20 16:43:56] DEBUG: *	327	+disjointig_6	0	4117	4117	
[2026-02-20 16:43:56] DEBUG: *	328	+disjointig_60	0	13874	13874	
[2026-02-20 16:43:56] DEBUG: *	329	+disjointig_61	0	5124	5124	
[2026-02-20 16:43:56] DEBUG: *	330	+disjointig_62	0	13179	13179	
[2026-02-20 16:43:56] DEBUG: *	331	+disjointig_63	0	33738	33738	
[2026-02-20 16:43:56] DEBUG: *	332	+disjointig_64	0	14859	14859	
[2026-02-20 16:43:56] DEBUG: *	333	+disjointig_65	0	11933	11933	
[2026-02-20 16:43:56] DEBUG: *	-370	+disjointig_66	0	20298	20298	
[2026-02-20 16:43:56] DEBUG: *	-70	+disjointig_67	0	30597	30597	
[2026-02-20 16:43:56] DEBUG: *	334	+disjointig_68	0	9918	9918	
[2026-02-20 16:43:56] DEBUG: *	335	+disjointig_69	0	21020	21020	
[2026-02-20 16:43:56] DEBUG: *	-11	+disjointig_7	0	2707	2707	
[2026-02-20 16:43:56] DEBUG:  	9	+disjointig_7	2707	4165	1458	
[2026-02-20 16:43:56] DEBUG: *	16	+disjointig_7	4165	6213	2048	
[2026-02-20 16:43:56] DEBUG: *	336	+disjointig_70	0	4477	4477	
[2026-02-20 16:43:56] DEBUG: *	337	+disjointig_71	0	8102	8102	
[2026-02-20 16:43:56] DEBUG: *	-12	+disjointig_72	0	3626	3626	
[2026-02-20 16:43:56] DEBUG:  	9	+disjointig_72	3626	5086	1460	
[2026-02-20 16:43:56] DEBUG: *	17	+disjointig_72	5086	10406	5320	
[2026-02-20 16:43:56] DEBUG: *	338	+disjointig_73	0	7795	7795	
[2026-02-20 16:43:56] DEBUG: *	339	+disjointig_74	0	6552	6552	
[2026-02-20 16:43:56] DEBUG: *	340	+disjointig_75	0	6794	6794	
[2026-02-20 16:43:56] DEBUG: *	341	+disjointig_76	0	13454	13454	
[2026-02-20 16:43:56] DEBUG: *	342	+disjointig_77	0	4616	4616	
[2026-02-20 16:43:56] DEBUG: *	-367	+disjointig_78	0	18655	18655	
[2026-02-20 16:43:56] DEBUG: *	343	+disjointig_79	0	7287	7287	
[2026-02-20 16:43:56] DEBUG: *	-18	+disjointig_8	0	12535	12535	
[2026-02-20 16:43:56] DEBUG:  	-9	+disjointig_8	12535	13992	1457	
[2026-02-20 16:43:56] DEBUG: *	13	+disjointig_8	13992	18521	4529	
[2026-02-20 16:43:56] DEBUG: *	344	+disjointig_80	0	12633	12633	
[2026-02-20 16:43:56] DEBUG: *	345	+disjointig_81	0	7847	7847	
[2026-02-20 16:43:56] DEBUG: *	346	+disjointig_82	0	9722	9722	
[2026-02-20 16:43:56] DEBUG: *	347	+disjointig_83	0	8894	8894	
[2026-02-20 16:43:56] DEBUG: *	348	+disjointig_84	0	2307	2307	
[2026-02-20 16:43:56] DEBUG: *	349	+disjointig_85	0	17144	17144	
[2026-02-20 16:43:56] DEBUG: *	350	+disjointig_86	0	7057	7057	
[2026-02-20 16:43:56] DEBUG: *	351	+disjointig_87	0	9199	9199	
[2026-02-20 16:43:56] DEBUG: *	352	+disjointig_88	0	9532	9532	
[2026-02-20 16:43:56] DEBUG: *	353	+disjointig_89	0	13592	13592	
[2026-02-20 16:43:56] DEBUG: *	354	+disjointig_90	0	7377	7377	
[2026-02-20 16:43:56] DEBUG: *	355	+disjointig_91	0	2720	2720	
[2026-02-20 16:43:56] DEBUG: *	373	+disjointig_92	0	14318	14318	
[2026-02-20 16:43:56] DEBUG: *	356	+disjointig_93	0	25924	25924	
[2026-02-20 16:43:56] DEBUG: *	357	+disjointig_94	0	2484	2484	
[2026-02-20 16:43:56] DEBUG: *	358	+disjointig_95	0	21066	21066	
[2026-02-20 16:43:56] DEBUG: *	359	+disjointig_96	0	23495	23495	
[2026-02-20 16:43:56] DEBUG: *	-280	+disjointig_98	0	1472	1472	
[2026-02-20 16:43:56] DEBUG: *	380	+disjointig_98	1472	24422	22950	
[2026-02-20 16:43:56] DEBUG: *	360	+disjointig_99	0	3700	3700	
[2026-02-20 16:43:56] DEBUG: Total edges: 383
[2026-02-20 16:43:56] INFO: Parsing reads
[2026-02-20 16:43:56] DEBUG: Building positional index
[2026-02-20 16:43:56] DEBUG: Total sequence: 15312307 bp
[2026-02-20 16:43:56] DEBUG: Building positional index
[2026-02-20 16:43:56] DEBUG: Total sequence: 3244059 bp
[2026-02-20 16:43:56] INFO: Aligning reads to the graph
[2026-02-20 16:43:56] DEBUG: Mean k-mer frequency: 1.03394
[2026-02-20 16:43:56] DEBUG: Repetitive k-mer frequency: 103
[2026-02-20 16:43:56] DEBUG: Filtered 480 repetitive k-mers (0.00081508)
[2026-02-20 16:43:56] DEBUG: Sorting k-mer index
[2026-02-20 16:43:56] DEBUG: Selected k-mers: 569565
[2026-02-20 16:43:56] DEBUG: K-mer index size: 588419
[2026-02-20 16:43:56] DEBUG: Mean k-mer frequency: 1.0331
[2026-02-20 16:43:56] DEBUG: Minimizer rate: 5.51318
[2026-02-20 16:46:57] DEBUG: Total reads : 3804
[2026-02-20 16:46:57] DEBUG: Read with aligned parts : 2857
[2026-02-20 16:46:57] DEBUG: Aligned in one piece : 2841
[2026-02-20 16:46:57] INFO: Aligned read sequence: 10138302 / 13166843 (0.769987)
[2026-02-20 16:46:57] INFO: Median overlap divergence: 0.00344682
[2026-02-20 16:46:57] DEBUG: Sequence divergence distribution: 

    |*                   |                                                                               
    |*                   |                                                                               
    |*                   |                                                                               
    |*                   |                                                                               
    |*                   |                                                                               
    |*                   |                                                                               
    |*                   |                                                                               
    |*                   |                                                                               
    |*                   |                                                                               
    |*                   |                                                                               
    |*                   |                                                                               
    |*                   |                                                                               
    |*                   |                                                                               
    |*                   |                                                                               
    |**                  |                                                                               
    |**                  |                                                                               
    |**                  |                                                                               
    |***                 |                                                                               
    |****                |                                                                               
    |************************* * *  ***       *   *     *                                         *      
    ----------------------------------------------------------------------------------------------------
    0%        5%        10%       15%       20%       25%       30%       35%       40%       45%       

    Q25 = 0.0014, Q50 = 0.0034, Q75 = 0.0075

[2026-02-20 16:46:57] INFO: Mean edge coverage: 3
[2026-02-20 16:46:57] DEBUG: 4	len:20168	cov:5	mult:1.66667
[2026-02-20 16:46:57] DEBUG: -4	len:20168	cov:5	mult:1.66667
[2026-02-20 16:46:57] DEBUG: 5	len:2523	cov:2	mult:0.666667
[2026-02-20 16:46:57] DEBUG: -5	len:2523	cov:2	mult:0.666667
[2026-02-20 16:46:57] DEBUG: 6	len:9851	cov:2	mult:0.666667
[2026-02-20 16:46:57] DEBUG: -6	len:9851	cov:2	mult:0.666667
[2026-02-20 16:46:57] DEBUG: 7	len:4943	cov:3	mult:1
[2026-02-20 16:46:57] DEBUG: -7	len:4943	cov:3	mult:1
[2026-02-20 16:46:57] DEBUG: 8	len:7543	cov:3	mult:1
[2026-02-20 16:46:57] DEBUG: -8	len:7543	cov:3	mult:1
[2026-02-20 16:46:57] DEBUG: 9	len:1457	cov:31	mult:10.3333
[2026-02-20 16:46:57] DEBUG: -9	len:1457	cov:31	mult:10.3333
[2026-02-20 16:46:57] DEBUG: 10	len:5873	cov:1	mult:0.333333
[2026-02-20 16:46:57] DEBUG: -10	len:5873	cov:1	mult:0.333333
[2026-02-20 16:46:57] DEBUG: 11	len:2707	cov:4	mult:1.33333
[2026-02-20 16:46:57] DEBUG: -11	len:2707	cov:4	mult:1.33333
[2026-02-20 16:46:57] DEBUG: 12	len:3626	cov:3	mult:1
[2026-02-20 16:46:57] DEBUG: -12	len:3626	cov:3	mult:1
[2026-02-20 16:46:57] DEBUG: 13	len:4529	cov:3	mult:1
[2026-02-20 16:46:57] DEBUG: -13	len:4529	cov:3	mult:1
[2026-02-20 16:46:57] DEBUG: 14	len:1679	cov:5	mult:1.66667
[2026-02-20 16:46:57] DEBUG: -14	len:1679	cov:5	mult:1.66667
[2026-02-20 16:46:57] DEBUG: 16	len:2048	cov:2	mult:0.666667
[2026-02-20 16:46:57] DEBUG: -16	len:2048	cov:2	mult:0.666667
[2026-02-20 16:46:57] DEBUG: 17	len:5320	cov:4	mult:1.33333
[2026-02-20 16:46:57] DEBUG: -17	len:5320	cov:4	mult:1.33333
[2026-02-20 16:46:57] DEBUG: 18	len:12535	cov:4	mult:1.33333
[2026-02-20 16:46:57] DEBUG: -18	len:12535	cov:4	mult:1.33333
[2026-02-20 16:46:57] DEBUG: 19	len:20017	cov:3	mult:1
[2026-02-20 16:46:57] DEBUG: -19	len:20017	cov:3	mult:1
[2026-02-20 16:46:57] DEBUG: 20	len:37299	cov:4	mult:1.33333
[2026-02-20 16:46:57] DEBUG: -20	len:37299	cov:4	mult:1.33333
[2026-02-20 16:46:57] DEBUG: 21	len:7444	cov:2	mult:0.666667
[2026-02-20 16:46:57] DEBUG: -21	len:7444	cov:2	mult:0.666667
[2026-02-20 16:46:57] DEBUG: 22	len:25761	cov:3	mult:1
[2026-02-20 16:46:57] DEBUG: -22	len:25761	cov:3	mult:1
[2026-02-20 16:46:57] DEBUG: 23	len:13573	cov:2	mult:0.666667
[2026-02-20 16:46:57] DEBUG: -23	len:13573	cov:2	mult:0.666667
[2026-02-20 16:46:57] DEBUG: 24	len:11803	cov:4	mult:1.33333
[2026-02-20 16:46:57] DEBUG: -24	len:11803	cov:4	mult:1.33333
[2026-02-20 16:46:57] DEBUG: 25	len:10209	cov:3	mult:1
[2026-02-20 16:46:57] DEBUG: -25	len:10209	cov:3	mult:1
[2026-02-20 16:46:57] DEBUG: 26	len:5900	cov:4	mult:1.33333
[2026-02-20 16:46:57] DEBUG: -26	len:5900	cov:4	mult:1.33333
[2026-02-20 16:46:57] DEBUG: 27	len:6531	cov:2	mult:0.666667
[2026-02-20 16:46:57] DEBUG: -27	len:6531	cov:2	mult:0.666667
[2026-02-20 16:46:57] DEBUG: 28	len:2949	cov:2	mult:0.666667
[2026-02-20 16:46:57] DEBUG: -28	len:2949	cov:2	mult:0.666667
[2026-02-20 16:46:57] DEBUG: 29	len:1268	cov:17	mult:5.66667
[2026-02-20 16:46:57] DEBUG: -29	len:1268	cov:17	mult:5.66667
[2026-02-20 16:46:57] DEBUG: 30	len:4709	cov:3	mult:1
[2026-02-20 16:46:57] DEBUG: -30	len:4709	cov:3	mult:1
[2026-02-20 16:46:57] DEBUG: 32	len:2493	cov:2	mult:0.666667
[2026-02-20 16:46:57] DEBUG: -32	len:2493	cov:2	mult:0.666667
[2026-02-20 16:46:57] DEBUG: 34	len:12472	cov:3	mult:1
[2026-02-20 16:46:57] DEBUG: -34	len:12472	cov:3	mult:1
[2026-02-20 16:46:57] DEBUG: 35	len:5647	cov:3	mult:1
[2026-02-20 16:46:57] DEBUG: -35	len:5647	cov:3	mult:1
[2026-02-20 16:46:57] DEBUG: 36	len:16617	cov:3	mult:1
[2026-02-20 16:46:57] DEBUG: -36	len:16617	cov:3	mult:1
[2026-02-20 16:46:57] DEBUG: 37	len:13166	cov:2	mult:0.666667
[2026-02-20 16:46:57] DEBUG: -37	len:13166	cov:2	mult:0.666667
[2026-02-20 16:46:57] DEBUG: 38	len:1073	cov:2	mult:0.666667
[2026-02-20 16:46:57] DEBUG: -38	len:1073	cov:2	mult:0.666667
[2026-02-20 16:46:57] DEBUG: 39	len:3374	cov:3	mult:1
[2026-02-20 16:46:57] DEBUG: -39	len:3374	cov:3	mult:1
[2026-02-20 16:46:57] DEBUG: 40	len:8453	cov:3	mult:1
[2026-02-20 16:46:57] DEBUG: -40	len:8453	cov:3	mult:1
[2026-02-20 16:46:57] DEBUG: 41	len:9707	cov:2	mult:0.666667
[2026-02-20 16:46:57] DEBUG: -41	len:9707	cov:2	mult:0.666667
[2026-02-20 16:46:57] DEBUG: 42	len:26307	cov:2	mult:0.666667
[2026-02-20 16:46:57] DEBUG: -42	len:26307	cov:2	mult:0.666667
[2026-02-20 16:46:57] DEBUG: 43	len:8537	cov:3	mult:1
[2026-02-20 16:46:57] DEBUG: -43	len:8537	cov:3	mult:1
[2026-02-20 16:46:57] DEBUG: 48	len:7447	cov:2	mult:0.666667
[2026-02-20 16:46:57] DEBUG: -48	len:7447	cov:2	mult:0.666667
[2026-02-20 16:46:57] DEBUG: 49	len:5718	cov:3	mult:1
[2026-02-20 16:46:57] DEBUG: -49	len:5718	cov:3	mult:1
[2026-02-20 16:46:57] DEBUG: 50	len:2432	cov:1	mult:0.333333
[2026-02-20 16:46:57] DEBUG: -50	len:2432	cov:1	mult:0.333333
[2026-02-20 16:46:57] DEBUG: 51	len:5283	cov:2	mult:0.666667
[2026-02-20 16:46:57] DEBUG: -51	len:5283	cov:2	mult:0.666667
[2026-02-20 16:46:57] DEBUG: 52	len:17590	cov:4	mult:1.33333
[2026-02-20 16:46:57] DEBUG: -52	len:17590	cov:4	mult:1.33333
[2026-02-20 16:46:57] DEBUG: 53	len:5857	cov:2	mult:0.666667
[2026-02-20 16:46:57] DEBUG: -53	len:5857	cov:2	mult:0.666667
[2026-02-20 16:46:57] DEBUG: 54	len:13260	cov:5	mult:1.66667
[2026-02-20 16:46:57] DEBUG: -54	len:13260	cov:5	mult:1.66667
[2026-02-20 16:46:57] DEBUG: 55	len:5447	cov:2	mult:0.666667
[2026-02-20 16:46:57] DEBUG: -55	len:5447	cov:2	mult:0.666667
[2026-02-20 16:46:57] DEBUG: 56	len:7260	cov:6	mult:2
[2026-02-20 16:46:57] DEBUG: -56	len:7260	cov:6	mult:2
[2026-02-20 16:46:57] DEBUG: 57	len:4247	cov:4	mult:1.33333
[2026-02-20 16:46:57] DEBUG: -57	len:4247	cov:4	mult:1.33333
[2026-02-20 16:46:57] DEBUG: 58	len:5764	cov:2	mult:0.666667
[2026-02-20 16:46:57] DEBUG: -58	len:5764	cov:2	mult:0.666667
[2026-02-20 16:46:57] DEBUG: 59	len:4745	cov:1	mult:0.333333
[2026-02-20 16:46:57] DEBUG: -59	len:4745	cov:1	mult:0.333333
[2026-02-20 16:46:57] DEBUG: 60	len:25925	cov:3	mult:1
[2026-02-20 16:46:57] DEBUG: -60	len:25925	cov:3	mult:1
[2026-02-20 16:46:57] DEBUG: 61	len:2950	cov:2	mult:0.666667
[2026-02-20 16:46:57] DEBUG: -61	len:2950	cov:2	mult:0.666667
[2026-02-20 16:46:57] DEBUG: 62	len:7544	cov:2	mult:0.666667
[2026-02-20 16:46:57] DEBUG: -62	len:7544	cov:2	mult:0.666667
[2026-02-20 16:46:57] DEBUG: 63	len:4819	cov:2	mult:0.666667
[2026-02-20 16:46:57] DEBUG: -63	len:4819	cov:2	mult:0.666667
[2026-02-20 16:46:57] DEBUG: 64	len:3726	cov:2	mult:0.666667
[2026-02-20 16:46:57] DEBUG: -64	len:3726	cov:2	mult:0.666667
[2026-02-20 16:46:57] DEBUG: 65	len:9196	cov:3	mult:1
[2026-02-20 16:46:57] DEBUG: -65	len:9196	cov:3	mult:1
[2026-02-20 16:46:57] DEBUG: 66	len:38214	cov:3	mult:1
[2026-02-20 16:46:57] DEBUG: -66	len:38214	cov:3	mult:1
[2026-02-20 16:46:57] DEBUG: 67	len:8253	cov:3	mult:1
[2026-02-20 16:46:57] DEBUG: -67	len:8253	cov:3	mult:1
[2026-02-20 16:46:57] DEBUG: 68	len:1709	cov:0	mult:0
[2026-02-20 16:46:57] DEBUG: -68	len:1709	cov:0	mult:0
[2026-02-20 16:46:57] DEBUG: 70	len:30597	cov:3	mult:1
[2026-02-20 16:46:57] DEBUG: -70	len:30597	cov:3	mult:1
[2026-02-20 16:46:57] DEBUG: 71	len:13641	cov:3	mult:1
[2026-02-20 16:46:57] DEBUG: -71	len:13641	cov:3	mult:1
[2026-02-20 16:46:57] DEBUG: 72	len:7073	cov:2	mult:0.666667
[2026-02-20 16:46:57] DEBUG: -72	len:7073	cov:2	mult:0.666667
[2026-02-20 16:46:57] DEBUG: 73	len:14652	cov:2	mult:0.666667
[2026-02-20 16:46:57] DEBUG: -73	len:14652	cov:2	mult:0.666667
[2026-02-20 16:46:57] DEBUG: 74	len:5043	cov:3	mult:1
[2026-02-20 16:46:57] DEBUG: -74	len:5043	cov:3	mult:1
[2026-02-20 16:46:57] DEBUG: 75	len:5207	cov:2	mult:0.666667
[2026-02-20 16:46:57] DEBUG: -75	len:5207	cov:2	mult:0.666667
[2026-02-20 16:46:57] DEBUG: 76	len:22270	cov:2	mult:0.666667
[2026-02-20 16:46:57] DEBUG: -76	len:22270	cov:2	mult:0.666667
[2026-02-20 16:46:57] DEBUG: 77	len:20037	cov:3	mult:1
[2026-02-20 16:46:57] DEBUG: -77	len:20037	cov:3	mult:1
[2026-02-20 16:46:57] DEBUG: 78	len:6477	cov:3	mult:1
[2026-02-20 16:46:57] DEBUG: -78	len:6477	cov:3	mult:1
[2026-02-20 16:46:57] DEBUG: 79	len:13469	cov:3	mult:1
[2026-02-20 16:46:57] DEBUG: -79	len:13469	cov:3	mult:1
[2026-02-20 16:46:57] DEBUG: 80	len:11911	cov:3	mult:1
[2026-02-20 16:46:57] DEBUG: -80	len:11911	cov:3	mult:1
[2026-02-20 16:46:57] DEBUG: 81	len:6161	cov:4	mult:1.33333
[2026-02-20 16:46:57] DEBUG: -81	len:6161	cov:4	mult:1.33333
[2026-02-20 16:46:57] DEBUG: 82	len:6005	cov:1	mult:0.333333
[2026-02-20 16:46:57] DEBUG: -82	len:6005	cov:1	mult:0.333333
[2026-02-20 16:46:57] DEBUG: 83	len:3355	cov:2	mult:0.666667
[2026-02-20 16:46:57] DEBUG: -83	len:3355	cov:2	mult:0.666667
[2026-02-20 16:46:57] DEBUG: 84	len:11844	cov:3	mult:1
[2026-02-20 16:46:57] DEBUG: -84	len:11844	cov:3	mult:1
[2026-02-20 16:46:57] DEBUG: 85	len:15099	cov:3	mult:1
[2026-02-20 16:46:57] DEBUG: -85	len:15099	cov:3	mult:1
[2026-02-20 16:46:57] DEBUG: 86	len:3044	cov:3	mult:1
[2026-02-20 16:46:57] DEBUG: -86	len:3044	cov:3	mult:1
[2026-02-20 16:46:57] DEBUG: 89	len:7388	cov:3	mult:1
[2026-02-20 16:46:57] DEBUG: -89	len:7388	cov:3	mult:1
[2026-02-20 16:46:57] DEBUG: 90	len:20838	cov:3	mult:1
[2026-02-20 16:46:57] DEBUG: -90	len:20838	cov:3	mult:1
[2026-02-20 16:46:57] DEBUG: 91	len:18481	cov:4	mult:1.33333
[2026-02-20 16:46:57] DEBUG: -91	len:18481	cov:4	mult:1.33333
[2026-02-20 16:46:57] DEBUG: 92	len:7370	cov:2	mult:0.666667
[2026-02-20 16:46:57] DEBUG: -92	len:7370	cov:2	mult:0.666667
[2026-02-20 16:46:57] DEBUG: 96	len:4076	cov:1	mult:0.333333
[2026-02-20 16:46:57] DEBUG: -96	len:4076	cov:1	mult:0.333333
[2026-02-20 16:46:57] DEBUG: 97	len:15540	cov:3	mult:1
[2026-02-20 16:46:57] DEBUG: -97	len:15540	cov:3	mult:1
[2026-02-20 16:46:57] DEBUG: 98	len:14218	cov:2	mult:0.666667
[2026-02-20 16:46:57] DEBUG: -98	len:14218	cov:2	mult:0.666667
[2026-02-20 16:46:57] DEBUG: 99	len:8875	cov:2	mult:0.666667
[2026-02-20 16:46:57] DEBUG: -99	len:8875	cov:2	mult:0.666667
[2026-02-20 16:46:57] DEBUG: 102	len:8808	cov:2	mult:0.666667
[2026-02-20 16:46:57] DEBUG: -102	len:8808	cov:2	mult:0.666667
[2026-02-20 16:46:57] DEBUG: 103	len:17973	cov:2	mult:0.666667
[2026-02-20 16:46:57] DEBUG: -103	len:17973	cov:2	mult:0.666667
[2026-02-20 16:46:57] DEBUG: 104	len:3058	cov:3	mult:1
[2026-02-20 16:46:57] DEBUG: -104	len:3058	cov:3	mult:1
[2026-02-20 16:46:57] DEBUG: 105	len:8870	cov:2	mult:0.666667
[2026-02-20 16:46:57] DEBUG: -105	len:8870	cov:2	mult:0.666667
[2026-02-20 16:46:57] DEBUG: 106	len:11649	cov:3	mult:1
[2026-02-20 16:46:57] DEBUG: -106	len:11649	cov:3	mult:1
[2026-02-20 16:46:57] DEBUG: 107	len:6336	cov:2	mult:0.666667
[2026-02-20 16:46:57] DEBUG: -107	len:6336	cov:2	mult:0.666667
[2026-02-20 16:46:57] DEBUG: 108	len:19402	cov:2	mult:0.666667
[2026-02-20 16:46:57] DEBUG: -108	len:19402	cov:2	mult:0.666667
[2026-02-20 16:46:57] DEBUG: 109	len:5602	cov:3	mult:1
[2026-02-20 16:46:57] DEBUG: -109	len:5602	cov:3	mult:1
[2026-02-20 16:46:57] DEBUG: 110	len:18510	cov:2	mult:0.666667
[2026-02-20 16:46:57] DEBUG: -110	len:18510	cov:2	mult:0.666667
[2026-02-20 16:46:57] DEBUG: 111	len:9957	cov:2	mult:0.666667
[2026-02-20 16:46:57] DEBUG: -111	len:9957	cov:2	mult:0.666667
[2026-02-20 16:46:57] DEBUG: 112	len:13636	cov:3	mult:1
[2026-02-20 16:46:57] DEBUG: -112	len:13636	cov:3	mult:1
[2026-02-20 16:46:57] DEBUG: 113	len:2571	cov:3	mult:1
[2026-02-20 16:46:57] DEBUG: -113	len:2571	cov:3	mult:1
[2026-02-20 16:46:57] DEBUG: 114	len:7115	cov:2	mult:0.666667
[2026-02-20 16:46:57] DEBUG: -114	len:7115	cov:2	mult:0.666667
[2026-02-20 16:46:57] DEBUG: 115	len:5172	cov:3	mult:1
[2026-02-20 16:46:57] DEBUG: -115	len:5172	cov:3	mult:1
[2026-02-20 16:46:57] DEBUG: 116	len:13686	cov:3	mult:1
[2026-02-20 16:46:57] DEBUG: -116	len:13686	cov:3	mult:1
[2026-02-20 16:46:57] DEBUG: 117	len:12115	cov:3	mult:1
[2026-02-20 16:46:57] DEBUG: -117	len:12115	cov:3	mult:1
[2026-02-20 16:46:57] DEBUG: 118	len:7014	cov:3	mult:1
[2026-02-20 16:46:57] DEBUG: -118	len:7014	cov:3	mult:1
[2026-02-20 16:46:57] DEBUG: 119	len:14469	cov:2	mult:0.666667
[2026-02-20 16:46:57] DEBUG: -119	len:14469	cov:2	mult:0.666667
[2026-02-20 16:46:57] DEBUG: 120	len:20482	cov:3	mult:1
[2026-02-20 16:46:57] DEBUG: -120	len:20482	cov:3	mult:1
[2026-02-20 16:46:57] DEBUG: 121	len:18602	cov:3	mult:1
[2026-02-20 16:46:57] DEBUG: -121	len:18602	cov:3	mult:1
[2026-02-20 16:46:57] DEBUG: 122	len:7167	cov:3	mult:1
[2026-02-20 16:46:57] DEBUG: -122	len:7167	cov:3	mult:1
[2026-02-20 16:46:57] DEBUG: 123	len:12456	cov:2	mult:0.666667
[2026-02-20 16:46:57] DEBUG: -123	len:12456	cov:2	mult:0.666667
[2026-02-20 16:46:57] DEBUG: 124	len:15579	cov:3	mult:1
[2026-02-20 16:46:57] DEBUG: -124	len:15579	cov:3	mult:1
[2026-02-20 16:46:57] DEBUG: 125	len:4937	cov:2	mult:0.666667
[2026-02-20 16:46:57] DEBUG: -125	len:4937	cov:2	mult:0.666667
[2026-02-20 16:46:57] DEBUG: 126	len:7005	cov:2	mult:0.666667
[2026-02-20 16:46:57] DEBUG: -126	len:7005	cov:2	mult:0.666667
[2026-02-20 16:46:57] DEBUG: 127	len:2561	cov:3	mult:1
[2026-02-20 16:46:57] DEBUG: -127	len:2561	cov:3	mult:1
[2026-02-20 16:46:57] DEBUG: 128	len:20836	cov:2	mult:0.666667
[2026-02-20 16:46:57] DEBUG: -128	len:20836	cov:2	mult:0.666667
[2026-02-20 16:46:57] DEBUG: 129	len:9643	cov:4	mult:1.33333
[2026-02-20 16:46:57] DEBUG: -129	len:9643	cov:4	mult:1.33333
[2026-02-20 16:46:57] DEBUG: 130	len:1204	cov:6	mult:2
[2026-02-20 16:46:57] DEBUG: -130	len:1204	cov:6	mult:2
[2026-02-20 16:46:57] DEBUG: 131	len:1029	cov:2	mult:0.666667
[2026-02-20 16:46:57] DEBUG: -131	len:1029	cov:2	mult:0.666667
[2026-02-20 16:46:57] DEBUG: 132	len:7797	cov:1	mult:0.333333
[2026-02-20 16:46:57] DEBUG: -132	len:7797	cov:1	mult:0.333333
[2026-02-20 16:46:57] DEBUG: 133	len:4896	cov:1	mult:0.333333
[2026-02-20 16:46:57] DEBUG: -133	len:4896	cov:1	mult:0.333333
[2026-02-20 16:46:57] DEBUG: 134	len:9620	cov:2	mult:0.666667
[2026-02-20 16:46:57] DEBUG: -134	len:9620	cov:2	mult:0.666667
[2026-02-20 16:46:57] DEBUG: 135	len:5262	cov:2	mult:0.666667
[2026-02-20 16:46:57] DEBUG: -135	len:5262	cov:2	mult:0.666667
[2026-02-20 16:46:57] DEBUG: 136	len:10386	cov:1	mult:0.333333
[2026-02-20 16:46:57] DEBUG: -136	len:10386	cov:1	mult:0.333333
[2026-02-20 16:46:57] DEBUG: 137	len:8356	cov:2	mult:0.666667
[2026-02-20 16:46:57] DEBUG: -137	len:8356	cov:2	mult:0.666667
[2026-02-20 16:46:57] DEBUG: 138	len:2348	cov:4	mult:1.33333
[2026-02-20 16:46:57] DEBUG: -138	len:2348	cov:4	mult:1.33333
[2026-02-20 16:46:57] DEBUG: 139	len:2250	cov:2	mult:0.666667
[2026-02-20 16:46:57] DEBUG: -139	len:2250	cov:2	mult:0.666667
[2026-02-20 16:46:57] DEBUG: 140	len:6544	cov:1	mult:0.333333
[2026-02-20 16:46:57] DEBUG: -140	len:6544	cov:1	mult:0.333333
[2026-02-20 16:46:57] DEBUG: 141	len:4314	cov:2	mult:0.666667
[2026-02-20 16:46:57] DEBUG: -141	len:4314	cov:2	mult:0.666667
[2026-02-20 16:46:57] DEBUG: 142	len:4315	cov:4	mult:1.33333
[2026-02-20 16:46:57] DEBUG: -142	len:4315	cov:4	mult:1.33333
[2026-02-20 16:46:57] DEBUG: 143	len:5128	cov:3	mult:1
[2026-02-20 16:46:57] DEBUG: -143	len:5128	cov:3	mult:1
[2026-02-20 16:46:57] DEBUG: 144	len:18223	cov:3	mult:1
[2026-02-20 16:46:57] DEBUG: -144	len:18223	cov:3	mult:1
[2026-02-20 16:46:57] DEBUG: 145	len:5860	cov:5	mult:1.66667
[2026-02-20 16:46:57] DEBUG: -145	len:5860	cov:5	mult:1.66667
[2026-02-20 16:46:57] DEBUG: 146	len:19308	cov:2	mult:0.666667
[2026-02-20 16:46:57] DEBUG: -146	len:19308	cov:2	mult:0.666667
[2026-02-20 16:46:57] DEBUG: 148	len:3024	cov:2	mult:0.666667
[2026-02-20 16:46:57] DEBUG: -148	len:3024	cov:2	mult:0.666667
[2026-02-20 16:46:57] DEBUG: 149	len:6977	cov:5	mult:1.66667
[2026-02-20 16:46:57] DEBUG: -149	len:6977	cov:5	mult:1.66667
[2026-02-20 16:46:57] DEBUG: 151	len:26556	cov:4	mult:1.33333
[2026-02-20 16:46:57] DEBUG: -151	len:26556	cov:4	mult:1.33333
[2026-02-20 16:46:57] DEBUG: 152	len:3898	cov:3	mult:1
[2026-02-20 16:46:57] DEBUG: -152	len:3898	cov:3	mult:1
[2026-02-20 16:46:57] DEBUG: 153	len:2930	cov:2	mult:0.666667
[2026-02-20 16:46:57] DEBUG: -153	len:2930	cov:2	mult:0.666667
[2026-02-20 16:46:57] DEBUG: 154	len:10841	cov:4	mult:1.33333
[2026-02-20 16:46:57] DEBUG: -154	len:10841	cov:4	mult:1.33333
[2026-02-20 16:46:57] DEBUG: 155	len:3243	cov:1	mult:0.333333
[2026-02-20 16:46:57] DEBUG: -155	len:3243	cov:1	mult:0.333333
[2026-02-20 16:46:57] DEBUG: 156	len:8698	cov:2	mult:0.666667
[2026-02-20 16:46:57] DEBUG: -156	len:8698	cov:2	mult:0.666667
[2026-02-20 16:46:57] DEBUG: 157	len:5860	cov:2	mult:0.666667
[2026-02-20 16:46:57] DEBUG: -157	len:5860	cov:2	mult:0.666667
[2026-02-20 16:46:57] DEBUG: 158	len:12995	cov:3	mult:1
[2026-02-20 16:46:57] DEBUG: -158	len:12995	cov:3	mult:1
[2026-02-20 16:46:57] DEBUG: 159	len:11253	cov:2	mult:0.666667
[2026-02-20 16:46:57] DEBUG: -159	len:11253	cov:2	mult:0.666667
[2026-02-20 16:46:57] DEBUG: 160	len:2668	cov:8	mult:2.66667
[2026-02-20 16:46:57] DEBUG: -160	len:2668	cov:8	mult:2.66667
[2026-02-20 16:46:57] DEBUG: 161	len:1539	cov:1	mult:0.333333
[2026-02-20 16:46:57] DEBUG: -161	len:1539	cov:1	mult:0.333333
[2026-02-20 16:46:57] DEBUG: 162	len:11910	cov:3	mult:1
[2026-02-20 16:46:57] DEBUG: -162	len:11910	cov:3	mult:1
[2026-02-20 16:46:57] DEBUG: 163	len:8395	cov:2	mult:0.666667
[2026-02-20 16:46:57] DEBUG: -163	len:8395	cov:2	mult:0.666667
[2026-02-20 16:46:57] DEBUG: 164	len:16787	cov:2	mult:0.666667
[2026-02-20 16:46:57] DEBUG: -164	len:16787	cov:2	mult:0.666667
[2026-02-20 16:46:57] DEBUG: 165	len:12373	cov:2	mult:0.666667
[2026-02-20 16:46:57] DEBUG: -165	len:12373	cov:2	mult:0.666667
[2026-02-20 16:46:57] DEBUG: 166	len:7556	cov:1	mult:0.333333
[2026-02-20 16:46:57] DEBUG: -166	len:7556	cov:1	mult:0.333333
[2026-02-20 16:46:57] DEBUG: 167	len:6397	cov:2	mult:0.666667
[2026-02-20 16:46:57] DEBUG: -167	len:6397	cov:2	mult:0.666667
[2026-02-20 16:46:57] DEBUG: 168	len:14628	cov:3	mult:1
[2026-02-20 16:46:57] DEBUG: -168	len:14628	cov:3	mult:1
[2026-02-20 16:46:57] DEBUG: 169	len:4052	cov:3	mult:1
[2026-02-20 16:46:57] DEBUG: -169	len:4052	cov:3	mult:1
[2026-02-20 16:46:57] DEBUG: 170	len:8663	cov:3	mult:1
[2026-02-20 16:46:57] DEBUG: -170	len:8663	cov:3	mult:1
[2026-02-20 16:46:57] DEBUG: 171	len:11833	cov:4	mult:1.33333
[2026-02-20 16:46:57] DEBUG: -171	len:11833	cov:4	mult:1.33333
[2026-02-20 16:46:57] DEBUG: 172	len:5442	cov:2	mult:0.666667
[2026-02-20 16:46:57] DEBUG: -172	len:5442	cov:2	mult:0.666667
[2026-02-20 16:46:57] DEBUG: 173	len:4019	cov:2	mult:0.666667
[2026-02-20 16:46:57] DEBUG: -173	len:4019	cov:2	mult:0.666667
[2026-02-20 16:46:57] DEBUG: 174	len:6081	cov:3	mult:1
[2026-02-20 16:46:57] DEBUG: -174	len:6081	cov:3	mult:1
[2026-02-20 16:46:57] DEBUG: 175	len:9714	cov:2	mult:0.666667
[2026-02-20 16:46:57] DEBUG: -175	len:9714	cov:2	mult:0.666667
[2026-02-20 16:46:57] DEBUG: 176	len:5436	cov:2	mult:0.666667
[2026-02-20 16:46:57] DEBUG: -176	len:5436	cov:2	mult:0.666667
[2026-02-20 16:46:57] DEBUG: 177	len:5869	cov:1	mult:0.333333
[2026-02-20 16:46:57] DEBUG: -177	len:5869	cov:1	mult:0.333333
[2026-02-20 16:46:57] DEBUG: 178	len:11358	cov:2	mult:0.666667
[2026-02-20 16:46:57] DEBUG: -178	len:11358	cov:2	mult:0.666667
[2026-02-20 16:46:57] DEBUG: 179	len:5235	cov:1	mult:0.333333
[2026-02-20 16:46:57] DEBUG: -179	len:5235	cov:1	mult:0.333333
[2026-02-20 16:46:57] DEBUG: 180	len:2331	cov:2	mult:0.666667
[2026-02-20 16:46:57] DEBUG: -180	len:2331	cov:2	mult:0.666667
[2026-02-20 16:46:57] DEBUG: 181	len:5445	cov:2	mult:0.666667
[2026-02-20 16:46:57] DEBUG: -181	len:5445	cov:2	mult:0.666667
[2026-02-20 16:46:57] DEBUG: 185	len:7611	cov:2	mult:0.666667
[2026-02-20 16:46:57] DEBUG: -185	len:7611	cov:2	mult:0.666667
[2026-02-20 16:46:57] DEBUG: 186	len:4153	cov:2	mult:0.666667
[2026-02-20 16:46:57] DEBUG: -186	len:4153	cov:2	mult:0.666667
[2026-02-20 16:46:57] DEBUG: 187	len:2850	cov:2	mult:0.666667
[2026-02-20 16:46:57] DEBUG: -187	len:2850	cov:2	mult:0.666667
[2026-02-20 16:46:57] DEBUG: 188	len:14501	cov:4	mult:1.33333
[2026-02-20 16:46:57] DEBUG: -188	len:14501	cov:4	mult:1.33333
[2026-02-20 16:46:57] DEBUG: 189	len:21824	cov:2	mult:0.666667
[2026-02-20 16:46:57] DEBUG: -189	len:21824	cov:2	mult:0.666667
[2026-02-20 16:46:57] DEBUG: 190	len:6183	cov:2	mult:0.666667
[2026-02-20 16:46:57] DEBUG: -190	len:6183	cov:2	mult:0.666667
[2026-02-20 16:46:57] DEBUG: 191	len:5275	cov:2	mult:0.666667
[2026-02-20 16:46:57] DEBUG: -191	len:5275	cov:2	mult:0.666667
[2026-02-20 16:46:57] DEBUG: 192	len:2553	cov:3	mult:1
[2026-02-20 16:46:57] DEBUG: -192	len:2553	cov:3	mult:1
[2026-02-20 16:46:57] DEBUG: 193	len:6238	cov:2	mult:0.666667
[2026-02-20 16:46:57] DEBUG: -193	len:6238	cov:2	mult:0.666667
[2026-02-20 16:46:57] DEBUG: 194	len:6235	cov:3	mult:1
[2026-02-20 16:46:57] DEBUG: -194	len:6235	cov:3	mult:1
[2026-02-20 16:46:57] DEBUG: 195	len:5529	cov:2	mult:0.666667
[2026-02-20 16:46:57] DEBUG: -195	len:5529	cov:2	mult:0.666667
[2026-02-20 16:46:57] DEBUG: 196	len:8843	cov:2	mult:0.666667
[2026-02-20 16:46:57] DEBUG: -196	len:8843	cov:2	mult:0.666667
[2026-02-20 16:46:57] DEBUG: 197	len:3002	cov:2	mult:0.666667
[2026-02-20 16:46:57] DEBUG: -197	len:3002	cov:2	mult:0.666667
[2026-02-20 16:46:57] DEBUG: 198	len:4747	cov:2	mult:0.666667
[2026-02-20 16:46:57] DEBUG: -198	len:4747	cov:2	mult:0.666667
[2026-02-20 16:46:57] DEBUG: 199	len:3572	cov:3	mult:1
[2026-02-20 16:46:57] DEBUG: -199	len:3572	cov:3	mult:1
[2026-02-20 16:46:57] DEBUG: 200	len:5936	cov:2	mult:0.666667
[2026-02-20 16:46:57] DEBUG: -200	len:5936	cov:2	mult:0.666667
[2026-02-20 16:46:57] DEBUG: 201	len:2705	cov:2	mult:0.666667
[2026-02-20 16:46:57] DEBUG: -201	len:2705	cov:2	mult:0.666667
[2026-02-20 16:46:57] DEBUG: 202	len:6873	cov:2	mult:0.666667
[2026-02-20 16:46:57] DEBUG: -202	len:6873	cov:2	mult:0.666667
[2026-02-20 16:46:57] DEBUG: 203	len:5330	cov:2	mult:0.666667
[2026-02-20 16:46:57] DEBUG: -203	len:5330	cov:2	mult:0.666667
[2026-02-20 16:46:57] DEBUG: 204	len:5133	cov:2	mult:0.666667
[2026-02-20 16:46:57] DEBUG: -204	len:5133	cov:2	mult:0.666667
[2026-02-20 16:46:57] DEBUG: 205	len:9104	cov:3	mult:1
[2026-02-20 16:46:57] DEBUG: -205	len:9104	cov:3	mult:1
[2026-02-20 16:46:57] DEBUG: 206	len:5336	cov:2	mult:0.666667
[2026-02-20 16:46:57] DEBUG: -206	len:5336	cov:2	mult:0.666667
[2026-02-20 16:46:57] DEBUG: 207	len:6336	cov:2	mult:0.666667
[2026-02-20 16:46:57] DEBUG: -207	len:6336	cov:2	mult:0.666667
[2026-02-20 16:46:57] DEBUG: 208	len:4050	cov:3	mult:1
[2026-02-20 16:46:57] DEBUG: -208	len:4050	cov:3	mult:1
[2026-02-20 16:46:57] DEBUG: 209	len:8151	cov:3	mult:1
[2026-02-20 16:46:57] DEBUG: -209	len:8151	cov:3	mult:1
[2026-02-20 16:46:57] DEBUG: 210	len:12157	cov:3	mult:1
[2026-02-20 16:46:57] DEBUG: -210	len:12157	cov:3	mult:1
[2026-02-20 16:46:57] DEBUG: 211	len:3767	cov:2	mult:0.666667
[2026-02-20 16:46:57] DEBUG: -211	len:3767	cov:2	mult:0.666667
[2026-02-20 16:46:57] DEBUG: 212	len:30460	cov:3	mult:1
[2026-02-20 16:46:57] DEBUG: -212	len:30460	cov:3	mult:1
[2026-02-20 16:46:57] DEBUG: 216	len:14317	cov:1	mult:0.333333
[2026-02-20 16:46:57] DEBUG: -216	len:14317	cov:1	mult:0.333333
[2026-02-20 16:46:57] DEBUG: 217	len:2492	cov:2	mult:0.666667
[2026-02-20 16:46:57] DEBUG: -217	len:2492	cov:2	mult:0.666667
[2026-02-20 16:46:57] DEBUG: 218	len:3893	cov:3	mult:1
[2026-02-20 16:46:57] DEBUG: -218	len:3893	cov:3	mult:1
[2026-02-20 16:46:57] DEBUG: 219	len:6018	cov:2	mult:0.666667
[2026-02-20 16:46:57] DEBUG: -219	len:6018	cov:2	mult:0.666667
[2026-02-20 16:46:57] DEBUG: 220	len:20749	cov:3	mult:1
[2026-02-20 16:46:57] DEBUG: -220	len:20749	cov:3	mult:1
[2026-02-20 16:46:57] DEBUG: 221	len:5413	cov:2	mult:0.666667
[2026-02-20 16:46:57] DEBUG: -221	len:5413	cov:2	mult:0.666667
[2026-02-20 16:46:57] DEBUG: 222	len:6543	cov:2	mult:0.666667
[2026-02-20 16:46:57] DEBUG: -222	len:6543	cov:2	mult:0.666667
[2026-02-20 16:46:57] DEBUG: 223	len:9653	cov:2	mult:0.666667
[2026-02-20 16:46:57] DEBUG: -223	len:9653	cov:2	mult:0.666667
[2026-02-20 16:46:57] DEBUG: 224	len:6187	cov:3	mult:1
[2026-02-20 16:46:57] DEBUG: -224	len:6187	cov:3	mult:1
[2026-02-20 16:46:57] DEBUG: 225	len:5095	cov:2	mult:0.666667
[2026-02-20 16:46:57] DEBUG: -225	len:5095	cov:2	mult:0.666667
[2026-02-20 16:46:57] DEBUG: 226	len:10088	cov:2	mult:0.666667
[2026-02-20 16:46:57] DEBUG: -226	len:10088	cov:2	mult:0.666667
[2026-02-20 16:46:57] DEBUG: 227	len:2515	cov:1	mult:0.333333
[2026-02-20 16:46:57] DEBUG: -227	len:2515	cov:1	mult:0.333333
[2026-02-20 16:46:57] DEBUG: 228	len:14029	cov:2	mult:0.666667
[2026-02-20 16:46:57] DEBUG: -228	len:14029	cov:2	mult:0.666667
[2026-02-20 16:46:57] DEBUG: 229	len:2664	cov:2	mult:0.666667
[2026-02-20 16:46:57] DEBUG: -229	len:2664	cov:2	mult:0.666667
[2026-02-20 16:46:57] DEBUG: 230	len:6059	cov:2	mult:0.666667
[2026-02-20 16:46:57] DEBUG: -230	len:6059	cov:2	mult:0.666667
[2026-02-20 16:46:57] DEBUG: 231	len:2346	cov:2	mult:0.666667
[2026-02-20 16:46:57] DEBUG: -231	len:2346	cov:2	mult:0.666667
[2026-02-20 16:46:57] DEBUG: 232	len:2367	cov:3	mult:1
[2026-02-20 16:46:57] DEBUG: -232	len:2367	cov:3	mult:1
[2026-02-20 16:46:57] DEBUG: 233	len:2354	cov:1	mult:0.333333
[2026-02-20 16:46:57] DEBUG: -233	len:2354	cov:1	mult:0.333333
[2026-02-20 16:46:57] DEBUG: 234	len:27669	cov:3	mult:1
[2026-02-20 16:46:57] DEBUG: -234	len:27669	cov:3	mult:1
[2026-02-20 16:46:57] DEBUG: 237	len:731	cov:10	mult:3.33333
[2026-02-20 16:46:57] DEBUG: -237	len:731	cov:10	mult:3.33333
[2026-02-20 16:46:57] DEBUG: 238	len:6900	cov:3	mult:1
[2026-02-20 16:46:57] DEBUG: -238	len:6900	cov:3	mult:1
[2026-02-20 16:46:57] DEBUG: 239	len:21233	cov:3	mult:1
[2026-02-20 16:46:57] DEBUG: -239	len:21233	cov:3	mult:1
[2026-02-20 16:46:57] DEBUG: 240	len:43737	cov:4	mult:1.33333
[2026-02-20 16:46:57] DEBUG: -240	len:43737	cov:4	mult:1.33333
[2026-02-20 16:46:57] DEBUG: 242	len:1570	cov:1	mult:0.333333
[2026-02-20 16:46:57] DEBUG: -242	len:1570	cov:1	mult:0.333333
[2026-02-20 16:46:57] DEBUG: 243	len:12817	cov:6	mult:2
[2026-02-20 16:46:57] DEBUG: -243	len:12817	cov:6	mult:2
[2026-02-20 16:46:57] DEBUG: 244	len:2481	cov:2	mult:0.666667
[2026-02-20 16:46:57] DEBUG: -244	len:2481	cov:2	mult:0.666667
[2026-02-20 16:46:57] DEBUG: 245	len:9258	cov:1	mult:0.333333
[2026-02-20 16:46:57] DEBUG: -245	len:9258	cov:1	mult:0.333333
[2026-02-20 16:46:57] DEBUG: 246	len:7495	cov:2	mult:0.666667
[2026-02-20 16:46:57] DEBUG: -246	len:7495	cov:2	mult:0.666667
[2026-02-20 16:46:57] DEBUG: 247	len:2370	cov:2	mult:0.666667
[2026-02-20 16:46:57] DEBUG: -247	len:2370	cov:2	mult:0.666667
[2026-02-20 16:46:57] DEBUG: 248	len:4568	cov:2	mult:0.666667
[2026-02-20 16:46:57] DEBUG: -248	len:4568	cov:2	mult:0.666667
[2026-02-20 16:46:57] DEBUG: 249	len:4613	cov:2	mult:0.666667
[2026-02-20 16:46:57] DEBUG: -249	len:4613	cov:2	mult:0.666667
[2026-02-20 16:46:57] DEBUG: 250	len:2792	cov:2	mult:0.666667
[2026-02-20 16:46:57] DEBUG: -250	len:2792	cov:2	mult:0.666667
[2026-02-20 16:46:57] DEBUG: 251	len:2790	cov:1	mult:0.333333
[2026-02-20 16:46:57] DEBUG: -251	len:2790	cov:1	mult:0.333333
[2026-02-20 16:46:57] DEBUG: 252	len:2229	cov:3	mult:1
[2026-02-20 16:46:57] DEBUG: -252	len:2229	cov:3	mult:1
[2026-02-20 16:46:57] DEBUG: 253	len:2495	cov:1	mult:0.333333
[2026-02-20 16:46:57] DEBUG: -253	len:2495	cov:1	mult:0.333333
[2026-02-20 16:46:57] DEBUG: 254	len:4954	cov:2	mult:0.666667
[2026-02-20 16:46:57] DEBUG: -254	len:4954	cov:2	mult:0.666667
[2026-02-20 16:46:57] DEBUG: 255	len:2447	cov:3	mult:1
[2026-02-20 16:46:57] DEBUG: -255	len:2447	cov:3	mult:1
[2026-02-20 16:46:57] DEBUG: 256	len:5255	cov:2	mult:0.666667
[2026-02-20 16:46:57] DEBUG: -256	len:5255	cov:2	mult:0.666667
[2026-02-20 16:46:57] DEBUG: 257	len:9778	cov:1	mult:0.333333
[2026-02-20 16:46:57] DEBUG: -257	len:9778	cov:1	mult:0.333333
[2026-02-20 16:46:57] DEBUG: 258	len:4039	cov:2	mult:0.666667
[2026-02-20 16:46:57] DEBUG: -258	len:4039	cov:2	mult:0.666667
[2026-02-20 16:46:57] DEBUG: 259	len:2612	cov:2	mult:0.666667
[2026-02-20 16:46:57] DEBUG: -259	len:2612	cov:2	mult:0.666667
[2026-02-20 16:46:57] DEBUG: 260	len:2565	cov:3	mult:1
[2026-02-20 16:46:57] DEBUG: -260	len:2565	cov:3	mult:1
[2026-02-20 16:46:57] DEBUG: 261	len:3329	cov:2	mult:0.666667
[2026-02-20 16:46:57] DEBUG: -261	len:3329	cov:2	mult:0.666667
[2026-02-20 16:46:57] DEBUG: 262	len:2366	cov:2	mult:0.666667
[2026-02-20 16:46:57] DEBUG: -262	len:2366	cov:2	mult:0.666667
[2026-02-20 16:46:57] DEBUG: 263	len:5381	cov:1	mult:0.333333
[2026-02-20 16:46:57] DEBUG: -263	len:5381	cov:1	mult:0.333333
[2026-02-20 16:46:57] DEBUG: 266	len:1528	cov:2	mult:0.666667
[2026-02-20 16:46:57] DEBUG: -266	len:1528	cov:2	mult:0.666667
[2026-02-20 16:46:57] DEBUG: 267	len:3231	cov:3	mult:1
[2026-02-20 16:46:57] DEBUG: -267	len:3231	cov:3	mult:1
[2026-02-20 16:46:57] DEBUG: 268	len:9398	cov:2	mult:0.666667
[2026-02-20 16:46:57] DEBUG: -268	len:9398	cov:2	mult:0.666667
[2026-02-20 16:46:57] DEBUG: 271	len:3066	cov:2	mult:0.666667
[2026-02-20 16:46:57] DEBUG: -271	len:3066	cov:2	mult:0.666667
[2026-02-20 16:46:57] DEBUG: 272	len:5214	cov:2	mult:0.666667
[2026-02-20 16:46:57] DEBUG: -272	len:5214	cov:2	mult:0.666667
[2026-02-20 16:46:57] DEBUG: 273	len:2359	cov:2	mult:0.666667
[2026-02-20 16:46:57] DEBUG: -273	len:2359	cov:2	mult:0.666667
[2026-02-20 16:46:57] DEBUG: 274	len:4759	cov:3	mult:1
[2026-02-20 16:46:57] DEBUG: -274	len:4759	cov:3	mult:1
[2026-02-20 16:46:57] DEBUG: 275	len:6668	cov:2	mult:0.666667
[2026-02-20 16:46:57] DEBUG: -275	len:6668	cov:2	mult:0.666667
[2026-02-20 16:46:57] DEBUG: 276	len:9855	cov:3	mult:1
[2026-02-20 16:46:57] DEBUG: -276	len:9855	cov:3	mult:1
[2026-02-20 16:46:57] DEBUG: 277	len:9201	cov:2	mult:0.666667
[2026-02-20 16:46:57] DEBUG: -277	len:9201	cov:2	mult:0.666667
[2026-02-20 16:46:57] DEBUG: 278	len:4418	cov:2	mult:0.666667
[2026-02-20 16:46:57] DEBUG: -278	len:4418	cov:2	mult:0.666667
[2026-02-20 16:46:57] DEBUG: 280	len:1472	cov:1	mult:0.333333
[2026-02-20 16:46:57] DEBUG: -280	len:1472	cov:1	mult:0.333333
[2026-02-20 16:46:57] DEBUG: 282	len:5422	cov:1	mult:0.333333
[2026-02-20 16:46:57] DEBUG: -282	len:5422	cov:1	mult:0.333333
[2026-02-20 16:46:57] DEBUG: 283	len:5224	cov:2	mult:0.666667
[2026-02-20 16:46:57] DEBUG: -283	len:5224	cov:2	mult:0.666667
[2026-02-20 16:46:57] DEBUG: 284	len:9221	cov:2	mult:0.666667
[2026-02-20 16:46:57] DEBUG: -284	len:9221	cov:2	mult:0.666667
[2026-02-20 16:46:57] DEBUG: 285	len:7954	cov:2	mult:0.666667
[2026-02-20 16:46:57] DEBUG: -285	len:7954	cov:2	mult:0.666667
[2026-02-20 16:46:57] DEBUG: 286	len:10940	cov:2	mult:0.666667
[2026-02-20 16:46:57] DEBUG: -286	len:10940	cov:2	mult:0.666667
[2026-02-20 16:46:57] DEBUG: 287	len:5793	cov:1	mult:0.333333
[2026-02-20 16:46:57] DEBUG: -287	len:5793	cov:1	mult:0.333333
[2026-02-20 16:46:57] DEBUG: 288	len:5839	cov:2	mult:0.666667
[2026-02-20 16:46:57] DEBUG: -288	len:5839	cov:2	mult:0.666667
[2026-02-20 16:46:57] DEBUG: 289	len:2226	cov:2	mult:0.666667
[2026-02-20 16:46:57] DEBUG: -289	len:2226	cov:2	mult:0.666667
[2026-02-20 16:46:57] DEBUG: 290	len:11267	cov:2	mult:0.666667
[2026-02-20 16:46:57] DEBUG: -290	len:11267	cov:2	mult:0.666667
[2026-02-20 16:46:57] DEBUG: 294	len:5410	cov:2	mult:0.666667
[2026-02-20 16:46:57] DEBUG: -294	len:5410	cov:2	mult:0.666667
[2026-02-20 16:46:57] DEBUG: 295	len:7836	cov:2	mult:0.666667
[2026-02-20 16:46:57] DEBUG: -295	len:7836	cov:2	mult:0.666667
[2026-02-20 16:46:57] DEBUG: 296	len:10102	cov:2	mult:0.666667
[2026-02-20 16:46:57] DEBUG: -296	len:10102	cov:2	mult:0.666667
[2026-02-20 16:46:57] DEBUG: 297	len:12963	cov:2	mult:0.666667
[2026-02-20 16:46:57] DEBUG: -297	len:12963	cov:2	mult:0.666667
[2026-02-20 16:46:57] DEBUG: 298	len:7000	cov:1	mult:0.333333
[2026-02-20 16:46:57] DEBUG: -298	len:7000	cov:1	mult:0.333333
[2026-02-20 16:46:57] DEBUG: 299	len:5557	cov:2	mult:0.666667
[2026-02-20 16:46:57] DEBUG: -299	len:5557	cov:2	mult:0.666667
[2026-02-20 16:46:57] DEBUG: 300	len:17944	cov:1	mult:0.333333
[2026-02-20 16:46:57] DEBUG: -300	len:17944	cov:1	mult:0.333333
[2026-02-20 16:46:57] DEBUG: 301	len:10322	cov:2	mult:0.666667
[2026-02-20 16:46:57] DEBUG: -301	len:10322	cov:2	mult:0.666667
[2026-02-20 16:46:57] DEBUG: 302	len:4365	cov:3	mult:1
[2026-02-20 16:46:57] DEBUG: -302	len:4365	cov:3	mult:1
[2026-02-20 16:46:57] DEBUG: 303	len:4659	cov:2	mult:0.666667
[2026-02-20 16:46:57] DEBUG: -303	len:4659	cov:2	mult:0.666667
[2026-02-20 16:46:57] DEBUG: 304	len:21728	cov:3	mult:1
[2026-02-20 16:46:57] DEBUG: -304	len:21728	cov:3	mult:1
[2026-02-20 16:46:57] DEBUG: 305	len:17453	cov:5	mult:1.66667
[2026-02-20 16:46:57] DEBUG: -305	len:17453	cov:5	mult:1.66667
[2026-02-20 16:46:57] DEBUG: 306	len:7391	cov:2	mult:0.666667
[2026-02-20 16:46:57] DEBUG: -306	len:7391	cov:2	mult:0.666667
[2026-02-20 16:46:57] DEBUG: 309	len:2436	cov:2	mult:0.666667
[2026-02-20 16:46:57] DEBUG: -309	len:2436	cov:2	mult:0.666667
[2026-02-20 16:46:57] DEBUG: 310	len:32732	cov:5	mult:1.66667
[2026-02-20 16:46:57] DEBUG: -310	len:32732	cov:5	mult:1.66667
[2026-02-20 16:46:57] DEBUG: 311	len:4681	cov:2	mult:0.666667
[2026-02-20 16:46:57] DEBUG: -311	len:4681	cov:2	mult:0.666667
[2026-02-20 16:46:57] DEBUG: 312	len:16996	cov:4	mult:1.33333
[2026-02-20 16:46:57] DEBUG: -312	len:16996	cov:4	mult:1.33333
[2026-02-20 16:46:57] DEBUG: 314	len:2347	cov:2	mult:0.666667
[2026-02-20 16:46:57] DEBUG: -314	len:2347	cov:2	mult:0.666667
[2026-02-20 16:46:57] DEBUG: 315	len:17713	cov:6	mult:2
[2026-02-20 16:46:57] DEBUG: -315	len:17713	cov:6	mult:2
[2026-02-20 16:46:57] DEBUG: 316	len:7510	cov:3	mult:1
[2026-02-20 16:46:57] DEBUG: -316	len:7510	cov:3	mult:1
[2026-02-20 16:46:57] DEBUG: 317	len:6304	cov:3	mult:1
[2026-02-20 16:46:57] DEBUG: -317	len:6304	cov:3	mult:1
[2026-02-20 16:46:57] DEBUG: 318	len:2223	cov:2	mult:0.666667
[2026-02-20 16:46:57] DEBUG: -318	len:2223	cov:2	mult:0.666667
[2026-02-20 16:46:57] DEBUG: 319	len:16847	cov:1	mult:0.333333
[2026-02-20 16:46:57] DEBUG: -319	len:16847	cov:1	mult:0.333333
[2026-02-20 16:46:57] DEBUG: 320	len:24344	cov:3	mult:1
[2026-02-20 16:46:57] DEBUG: -320	len:24344	cov:3	mult:1
[2026-02-20 16:46:57] DEBUG: 321	len:21384	cov:3	mult:1
[2026-02-20 16:46:57] DEBUG: -321	len:21384	cov:3	mult:1
[2026-02-20 16:46:57] DEBUG: 322	len:4197	cov:2	mult:0.666667
[2026-02-20 16:46:57] DEBUG: -322	len:4197	cov:2	mult:0.666667
[2026-02-20 16:46:57] DEBUG: 323	len:13403	cov:2	mult:0.666667
[2026-02-20 16:46:57] DEBUG: -323	len:13403	cov:2	mult:0.666667
[2026-02-20 16:46:57] DEBUG: 324	len:20283	cov:4	mult:1.33333
[2026-02-20 16:46:57] DEBUG: -324	len:20283	cov:4	mult:1.33333
[2026-02-20 16:46:57] DEBUG: 325	len:14906	cov:5	mult:1.66667
[2026-02-20 16:46:57] DEBUG: -325	len:14906	cov:5	mult:1.66667
[2026-02-20 16:46:57] DEBUG: 326	len:35073	cov:4	mult:1.33333
[2026-02-20 16:46:57] DEBUG: -326	len:35073	cov:4	mult:1.33333
[2026-02-20 16:46:57] DEBUG: 327	len:4117	cov:3	mult:1
[2026-02-20 16:46:57] DEBUG: -327	len:4117	cov:3	mult:1
[2026-02-20 16:46:57] DEBUG: 328	len:13874	cov:5	mult:1.66667
[2026-02-20 16:46:57] DEBUG: -328	len:13874	cov:5	mult:1.66667
[2026-02-20 16:46:57] DEBUG: 329	len:5124	cov:3	mult:1
[2026-02-20 16:46:57] DEBUG: -329	len:5124	cov:3	mult:1
[2026-02-20 16:46:57] DEBUG: 330	len:13179	cov:2	mult:0.666667
[2026-02-20 16:46:57] DEBUG: -330	len:13179	cov:2	mult:0.666667
[2026-02-20 16:46:57] DEBUG: 331	len:33738	cov:3	mult:1
[2026-02-20 16:46:57] DEBUG: -331	len:33738	cov:3	mult:1
[2026-02-20 16:46:57] DEBUG: 332	len:14859	cov:4	mult:1.33333
[2026-02-20 16:46:57] DEBUG: -332	len:14859	cov:4	mult:1.33333
[2026-02-20 16:46:57] DEBUG: 333	len:11933	cov:2	mult:0.666667
[2026-02-20 16:46:57] DEBUG: -333	len:11933	cov:2	mult:0.666667
[2026-02-20 16:46:57] DEBUG: 334	len:9918	cov:2	mult:0.666667
[2026-02-20 16:46:57] DEBUG: -334	len:9918	cov:2	mult:0.666667
[2026-02-20 16:46:57] DEBUG: 335	len:21020	cov:3	mult:1
[2026-02-20 16:46:57] DEBUG: -335	len:21020	cov:3	mult:1
[2026-02-20 16:46:57] DEBUG: 336	len:4477	cov:2	mult:0.666667
[2026-02-20 16:46:57] DEBUG: -336	len:4477	cov:2	mult:0.666667
[2026-02-20 16:46:57] DEBUG: 337	len:8102	cov:3	mult:1
[2026-02-20 16:46:57] DEBUG: -337	len:8102	cov:3	mult:1
[2026-02-20 16:46:57] DEBUG: 338	len:7795	cov:4	mult:1.33333
[2026-02-20 16:46:57] DEBUG: -338	len:7795	cov:4	mult:1.33333
[2026-02-20 16:46:57] DEBUG: 339	len:6552	cov:5	mult:1.66667
[2026-02-20 16:46:57] DEBUG: -339	len:6552	cov:5	mult:1.66667
[2026-02-20 16:46:57] DEBUG: 340	len:6794	cov:3	mult:1
[2026-02-20 16:46:57] DEBUG: -340	len:6794	cov:3	mult:1
[2026-02-20 16:46:57] DEBUG: 341	len:13454	cov:7	mult:2.33333
[2026-02-20 16:46:57] DEBUG: -341	len:13454	cov:7	mult:2.33333
[2026-02-20 16:46:57] DEBUG: 342	len:4616	cov:3	mult:1
[2026-02-20 16:46:57] DEBUG: -342	len:4616	cov:3	mult:1
[2026-02-20 16:46:57] DEBUG: 343	len:7287	cov:3	mult:1
[2026-02-20 16:46:57] DEBUG: -343	len:7287	cov:3	mult:1
[2026-02-20 16:46:57] DEBUG: 344	len:12633	cov:3	mult:1
[2026-02-20 16:46:57] DEBUG: -344	len:12633	cov:3	mult:1
[2026-02-20 16:46:57] DEBUG: 345	len:7847	cov:3	mult:1
[2026-02-20 16:46:57] DEBUG: -345	len:7847	cov:3	mult:1
[2026-02-20 16:46:57] DEBUG: 346	len:9722	cov:4	mult:1.33333
[2026-02-20 16:46:57] DEBUG: -346	len:9722	cov:4	mult:1.33333
[2026-02-20 16:46:57] DEBUG: 347	len:8894	cov:3	mult:1
[2026-02-20 16:46:57] DEBUG: -347	len:8894	cov:3	mult:1
[2026-02-20 16:46:57] DEBUG: 348	len:2307	cov:3	mult:1
[2026-02-20 16:46:57] DEBUG: -348	len:2307	cov:3	mult:1
[2026-02-20 16:46:57] DEBUG: 349	len:17144	cov:4	mult:1.33333
[2026-02-20 16:46:57] DEBUG: -349	len:17144	cov:4	mult:1.33333
[2026-02-20 16:46:57] DEBUG: 350	len:7057	cov:3	mult:1
[2026-02-20 16:46:57] DEBUG: -350	len:7057	cov:3	mult:1
[2026-02-20 16:46:57] DEBUG: 351	len:9199	cov:4	mult:1.33333
[2026-02-20 16:46:57] DEBUG: -351	len:9199	cov:4	mult:1.33333
[2026-02-20 16:46:57] DEBUG: 352	len:9532	cov:2	mult:0.666667
[2026-02-20 16:46:57] DEBUG: -352	len:9532	cov:2	mult:0.666667
[2026-02-20 16:46:57] DEBUG: 353	len:13592	cov:5	mult:1.66667
[2026-02-20 16:46:57] DEBUG: -353	len:13592	cov:5	mult:1.66667
[2026-02-20 16:46:57] DEBUG: 354	len:7377	cov:3	mult:1
[2026-02-20 16:46:57] DEBUG: -354	len:7377	cov:3	mult:1
[2026-02-20 16:46:57] DEBUG: 355	len:2720	cov:2	mult:0.666667
[2026-02-20 16:46:57] DEBUG: -355	len:2720	cov:2	mult:0.666667
[2026-02-20 16:46:57] DEBUG: 356	len:25924	cov:1	mult:0.333333
[2026-02-20 16:46:57] DEBUG: -356	len:25924	cov:1	mult:0.333333
[2026-02-20 16:46:57] DEBUG: 357	len:2484	cov:2	mult:0.666667
[2026-02-20 16:46:57] DEBUG: -357	len:2484	cov:2	mult:0.666667
[2026-02-20 16:46:57] DEBUG: 358	len:21066	cov:3	mult:1
[2026-02-20 16:46:57] DEBUG: -358	len:21066	cov:3	mult:1
[2026-02-20 16:46:57] DEBUG: 359	len:23495	cov:2	mult:0.666667
[2026-02-20 16:46:57] DEBUG: -359	len:23495	cov:2	mult:0.666667
[2026-02-20 16:46:57] DEBUG: 360	len:3700	cov:2	mult:0.666667
[2026-02-20 16:46:57] DEBUG: -360	len:3700	cov:2	mult:0.666667
[2026-02-20 16:46:57] DEBUG: 361	len:7714	cov:2	mult:0.666667
[2026-02-20 16:46:57] DEBUG: -361	len:7714	cov:2	mult:0.666667
[2026-02-20 16:46:57] DEBUG: 362	len:20472	cov:3	mult:1
[2026-02-20 16:46:57] DEBUG: -362	len:20472	cov:3	mult:1
[2026-02-20 16:46:57] DEBUG: 363	len:20419	cov:4	mult:1.33333
[2026-02-20 16:46:57] DEBUG: -363	len:20419	cov:4	mult:1.33333
[2026-02-20 16:46:57] DEBUG: 364	len:2642	cov:1	mult:0.333333
[2026-02-20 16:46:57] DEBUG: -364	len:2642	cov:1	mult:0.333333
[2026-02-20 16:46:57] DEBUG: 365	len:12193	cov:4	mult:1.33333
[2026-02-20 16:46:57] DEBUG: -365	len:12193	cov:4	mult:1.33333
[2026-02-20 16:46:57] DEBUG: 366	len:11771	cov:2	mult:0.666667
[2026-02-20 16:46:57] DEBUG: -366	len:11771	cov:2	mult:0.666667
[2026-02-20 16:46:57] DEBUG: 367	len:18655	cov:2	mult:0.666667
[2026-02-20 16:46:57] DEBUG: -367	len:18655	cov:2	mult:0.666667
[2026-02-20 16:46:57] DEBUG: 368	len:10466	cov:2	mult:0.666667
[2026-02-20 16:46:57] DEBUG: -368	len:10466	cov:2	mult:0.666667
[2026-02-20 16:46:57] DEBUG: 369	len:7206	cov:3	mult:1
[2026-02-20 16:46:57] DEBUG: -369	len:7206	cov:3	mult:1
[2026-02-20 16:46:57] DEBUG: 370	len:20298	cov:8	mult:2.66667
[2026-02-20 16:46:57] DEBUG: -370	len:20298	cov:8	mult:2.66667
[2026-02-20 16:46:57] DEBUG: 371	len:10623	cov:2	mult:0.666667
[2026-02-20 16:46:57] DEBUG: -371	len:10623	cov:2	mult:0.666667
[2026-02-20 16:46:57] DEBUG: 372	len:14826	cov:4	mult:1.33333
[2026-02-20 16:46:57] DEBUG: -372	len:14826	cov:4	mult:1.33333
[2026-02-20 16:46:57] DEBUG: 373	len:14318	cov:3	mult:1
[2026-02-20 16:46:57] DEBUG: -373	len:14318	cov:3	mult:1
[2026-02-20 16:46:57] DEBUG: 374	len:8207	cov:4	mult:1.33333
[2026-02-20 16:46:57] DEBUG: -374	len:8207	cov:4	mult:1.33333
[2026-02-20 16:46:57] DEBUG: 375	len:10791	cov:3	mult:1
[2026-02-20 16:46:57] DEBUG: -375	len:10791	cov:3	mult:1
[2026-02-20 16:46:57] DEBUG: 376	len:1889	cov:3	mult:1
[2026-02-20 16:46:57] DEBUG: -376	len:1889	cov:3	mult:1
[2026-02-20 16:46:57] DEBUG: 377	len:4896	cov:45	mult:15
[2026-02-20 16:46:57] DEBUG: -377	len:4896	cov:45	mult:15
[2026-02-20 16:46:57] DEBUG: 378	len:4258	cov:2	mult:0.666667
[2026-02-20 16:46:57] DEBUG: -378	len:4258	cov:2	mult:0.666667
[2026-02-20 16:46:57] DEBUG: 379	len:8705	cov:4	mult:1.33333
[2026-02-20 16:46:57] DEBUG: -379	len:8705	cov:4	mult:1.33333
[2026-02-20 16:46:57] DEBUG: 380	len:22950	cov:4	mult:1.33333
[2026-02-20 16:46:57] DEBUG: -380	len:22950	cov:4	mult:1.33333
[2026-02-20 16:46:57] DEBUG: 381	len:30722	cov:6	mult:2
[2026-02-20 16:46:57] DEBUG: -381	len:30722	cov:6	mult:2
[2026-02-20 16:46:57] DEBUG: 382	len:8645	cov:3	mult:1
[2026-02-20 16:46:57] DEBUG: -382	len:8645	cov:3	mult:1
[2026-02-20 16:46:57] DEBUG: 383	len:8771	cov:14	mult:4.66667
[2026-02-20 16:46:57] DEBUG: -383	len:8771	cov:14	mult:4.66667
[2026-02-20 16:46:57] DEBUG: Unique coverage threshold 5
[2026-02-20 16:46:57] INFO: Simplifying the graph
[2026-02-20 16:46:57] DEBUG: Read coverage cutoff: 3
[2026-02-20 16:46:57] DEBUG: [SIMPL] Removed 174 paths with low coverage
[2026-02-20 16:46:57] DEBUG: Bubble-loop: {379,8705,4} {267,3231,3}
[2026-02-20 16:46:57] DEBUG: 	Internal: {266,1528,2}
[2026-02-20 16:46:57] DEBUG: [SIMPL] Masked 1 heterozygous loops
[2026-02-20 16:46:57] DEBUG: [SIMPL] Masked 0 simple bubbles
[2026-02-20 16:46:57] DEBUG: [SIMPL] Masked 0 roundabouts
[2026-02-20 16:46:57] DEBUG: [SIMPL] Masked 0 superbubbles
[2026-02-20 16:46:57] DEBUG: Finding repeats
[2026-02-20 16:46:57] DEBUG: Read coverage cutoff: 3
[2026-02-20 16:46:57] DEBUG: Low-coverage: 28 2
[2026-02-20 16:46:57] DEBUG: Low-coverage: 38 2
[2026-02-20 16:46:57] DEBUG: Low-coverage: 68 0
[2026-02-20 16:46:57] DEBUG: Low-coverage: 266 2
[2026-02-20 16:46:57] DEBUG: Low-coverage: 268 2
[2026-02-20 16:46:57] DEBUG: Short-loop: 266
[2026-02-20 16:46:57] DEBUG: Haplo-edge: 266
[2026-02-20 16:46:57] DEBUG: Repeat detection iteration 1
[2026-02-20 16:46:57] DEBUG: Starting 29 aln:14
[2026-02-20 16:46:57] DEBUG: 	    T 35	num:2	flank:2102	span:9
[2026-02-20 16:46:57] DEBUG: 	    T 39	num:2	flank:1236	span:12
[2026-02-20 16:46:57] DEBUG: 	      377	num:2	flank:1253	span:1087
[2026-02-20 16:46:57] DEBUG: 	    T 36	num:4	flank:5748	span:10
[2026-02-20 16:46:57] DEBUG: 	    T 34	num:2	flank:2798	span:14
[2026-02-20 16:46:57] DEBUG: Starting -29 aln:14
[2026-02-20 16:46:57] DEBUG: 	    T 30	num:3	flank:2517	span:8
[2026-02-20 16:46:57] DEBUG: 	      365	num:2	flank:6484	span:1
[2026-02-20 16:46:57] DEBUG: Mult: 29	1268	17	 (1,1)
[2026-02-20 16:46:57] DEBUG: Starting 9 aln:13
[2026-02-20 16:46:57] DEBUG: 	    T 18	num:1	flank:3859	span:8
[2026-02-20 16:46:57] DEBUG: 	      362	num:3	flank:1448	span:1
[2026-02-20 16:46:57] DEBUG: 	    T 17	num:3	flank:2403	span:10
[2026-02-20 16:46:57] DEBUG: 	    T 14	num:2	flank:1665	span:10
[2026-02-20 16:46:57] DEBUG: Starting -9 aln:13
[2026-02-20 16:46:57] DEBUG: 	    T -8	num:1	flank:3125	span:14
[2026-02-20 16:46:57] DEBUG: 	    T 13	num:1	flank:2406	span:6
[2026-02-20 16:46:57] DEBUG: 	    T 12	num:3	flank:3208	span:5
[2026-02-20 16:46:57] DEBUG: 	    T 11	num:4	flank:1443	span:-5
[2026-02-20 16:46:57] DEBUG: Mult: 9	1457	31	 (1,1)
[2026-02-20 16:46:57] DEBUG: Starting 377 aln:28
[2026-02-20 16:46:57] DEBUG: 	    T 243	num:3	flank:1231	span:10
[2026-02-20 16:46:57] DEBUG: 	      -237	num:11	flank:4087	span:14
[2026-02-20 16:46:57] DEBUG: Starting -377 aln:28
[2026-02-20 16:46:57] DEBUG: 	    T 239	num:1	flank:5577	span:32
[2026-02-20 16:46:57] DEBUG: 	    T -234	num:3	flank:4693	span:4
[2026-02-20 16:46:57] DEBUG: 	      237	num:3	flank:4741	span:71
[2026-02-20 16:46:57] DEBUG: 	    T 238	num:4	flank:2584	span:1
[2026-02-20 16:46:57] DEBUG: 	    T 240	num:4	flank:4621	span:3
[2026-02-20 16:46:57] DEBUG: Mult: 377	4896	45	 (1,1)
[2026-02-20 16:46:57] DEBUG: Repeat detection iteration 2
[2026-02-20 16:46:57] DEBUG: Writing Dot
[2026-02-20 16:46:57] DEBUG: Writing FASTA
[2026-02-20 16:46:57] DEBUG: Writing Gfa
[2026-02-20 16:46:57] DEBUG: 	Connection 8	14	1
[2026-02-20 16:46:57] DEBUG: 	Connection -13	18	1
[2026-02-20 16:46:57] DEBUG: 	Connection -12	17	3
[2026-02-20 16:46:57] DEBUG: [SIMPL] Resolved 3 simple repeats
[2026-02-20 16:46:57] DEBUG: [SIMPL] == Iteration 1 ==
[2026-02-20 16:46:57] DEBUG: Splitting nodes
[2026-02-20 16:46:57] DEBUG: [SIMPL] Split 1 nodes
[2026-02-20 16:46:57] DEBUG: [SIMPL] Disconnected 0 minor paths
[2026-02-20 16:46:57] DEBUG: Tip -28 len:2949 cov:2
[2026-02-20 16:46:57] DEBUG: Tip 30 len:4709 cov:3
[2026-02-20 16:46:57] DEBUG: Tip 34 len:12472 cov:3
[2026-02-20 16:46:57] DEBUG: Tip 35 len:5647 cov:3
[2026-02-20 16:46:57] DEBUG: Tip 36 len:16617 cov:3
[2026-02-20 16:46:57] DEBUG: Tip 39 len:3374 cov:3
[2026-02-20 16:46:57] DEBUG: Tip -68 len:1709 cov:0
[2026-02-20 16:46:57] DEBUG: Tip 238 len:6900 cov:3
[2026-02-20 16:46:57] DEBUG: Tip 243 len:12817 cov:6
[2026-02-20 16:46:57] DEBUG: Tip -38 -> -29 -> 365 -> 70 len:45131 cov:3
[2026-02-20 16:46:57] DEBUG: Tip -234 len:27669 cov:3
[2026-02-20 16:46:57] DEBUG: Tip 240 len:43737 cov:4
[2026-02-20 16:46:57] DEBUG: Tip 239 len:21233 cov:3
[2026-02-20 16:46:57] DEBUG: [SIMPL] Clipped 9 short and 4 long tips
[2026-02-20 16:46:57] DEBUG: [SIMPL] Masked 0 heterozygous loops
[2026-02-20 16:46:57] DEBUG: [SIMPL] Masked 0 simple bubbles
[2026-02-20 16:46:57] DEBUG: [SIMPL] Masked 0 roundabouts
[2026-02-20 16:46:57] DEBUG: [SIMPL] Masked 0 superbubbles
[2026-02-20 16:46:57] DEBUG: Finding repeats
[2026-02-20 16:46:57] DEBUG: Read coverage cutoff: 3
[2026-02-20 16:46:57] DEBUG: Low-coverage: 28 2
[2026-02-20 16:46:57] DEBUG: Low-coverage: 68 0
[2026-02-20 16:46:57] DEBUG: Low-coverage: 268 2
[2026-02-20 16:46:57] DEBUG: Repeat detection iteration 1
[2026-02-20 16:46:57] DEBUG: Repeat detection iteration 2
[2026-02-20 16:46:57] DEBUG: Total unique edges: 167
[2026-02-20 16:46:57] DEBUG: [SIMPL] Resolved repeats: 0
[2026-02-20 16:46:57] DEBUG: RR links: 0
[2026-02-20 16:46:57] DEBUG: Unresolved: 0
[2026-02-20 16:46:57] DEBUG: Removed 0 simple and 0 double chimeric junctions
[2026-02-20 16:46:57] DEBUG: [SIMPL] == Iteration 2 ==
[2026-02-20 16:46:57] DEBUG: Splitting nodes
[2026-02-20 16:46:57] DEBUG: [SIMPL] Split 0 nodes
[2026-02-20 16:46:57] DEBUG: [SIMPL] Disconnected 0 minor paths
[2026-02-20 16:46:57] DEBUG: [SIMPL] Clipped 0 short and 0 long tips
[2026-02-20 16:46:57] DEBUG: [SIMPL] Masked 0 heterozygous loops
[2026-02-20 16:46:57] DEBUG: [SIMPL] Masked 0 simple bubbles
[2026-02-20 16:46:57] DEBUG: [SIMPL] Masked 0 roundabouts
[2026-02-20 16:46:57] DEBUG: [SIMPL] Masked 0 superbubbles
[2026-02-20 16:46:57] DEBUG: Finding repeats
[2026-02-20 16:46:57] DEBUG: Read coverage cutoff: 3
[2026-02-20 16:46:57] DEBUG: Low-coverage: 28 2
[2026-02-20 16:46:57] DEBUG: Low-coverage: 68 0
[2026-02-20 16:46:57] DEBUG: Low-coverage: 268 2
[2026-02-20 16:46:57] DEBUG: Repeat detection iteration 1
[2026-02-20 16:46:57] DEBUG: Repeat detection iteration 2
[2026-02-20 16:46:57] DEBUG: Total unique edges: 167
[2026-02-20 16:46:57] DEBUG: [SIMPL] Resolved repeats: 0
[2026-02-20 16:46:57] DEBUG: RR links: 0
[2026-02-20 16:46:57] DEBUG: Unresolved: 0
[2026-02-20 16:46:57] DEBUG: Removed 0 simple and 0 double chimeric junctions
[2026-02-20 16:46:57] DEBUG: [SIMPL] Simplified 0 forks
[2026-02-20 16:46:57] DEBUG: [SIMPL] Collapsed 0 haplotypes
[2026-02-20 16:46:57] DEBUG: [SIMPL] Resolved 0 simple repeats
[2026-02-20 16:46:57] DEBUG: Read coverage cutoff: 3
[2026-02-20 16:46:57] DEBUG: [SIMPL] Removed 2 paths with low coverage
[2026-02-20 16:46:57] DEBUG: Finding repeats
[2026-02-20 16:46:57] DEBUG: Read coverage cutoff: 3
[2026-02-20 16:46:57] DEBUG: Low-coverage: 268 2
[2026-02-20 16:46:57] DEBUG: Repeat detection iteration 1
[2026-02-20 16:46:57] DEBUG: Repeat detection iteration 2
[2026-02-20 16:46:57] DEBUG: Writing Dot
[2026-02-20 16:46:57] DEBUG: Writing FASTA
[2026-02-20 16:46:57] DEBUG: Peak RAM usage: 0 Gb
-----------End assembly log------------
[2026-02-20 16:46:57] root: INFO: >>>STAGE: contigger
[2026-02-20 16:46:57] root: INFO: Generating contigs
[2026-02-20 16:46:57] root: DEBUG: -----Begin contigger analyser log------
[2026-02-20 16:46:57] root: DEBUG: Running: flye-modules contigger --graph-edges /scratch/ky/characterization/results/barcode16/assembly/20-repeat/repeat_graph_edges.fasta --reads /scratch/ky/characterization/FASTQ/SQK-RBK114-96_barcode16.fastq --out-dir /scratch/ky/characterization/results/barcode16/assembly/30-contigger --config /data/softs/Miniforge3-25.11.0-0/envs/flye-2.9.6/lib/python3.12/site-packages/flye/config/bin_cfg/asm_nano_hq.cfg --repeat-graph /scratch/ky/characterization/results/barcode16/assembly/20-repeat/repeat_graph_dump --graph-aln /scratch/ky/characterization/results/barcode16/assembly/20-repeat/read_alignment_dump --log /scratch/ky/characterization/results/barcode16/assembly/flye.log --threads 16 --min-ovlp 1000
[2026-02-20 16:46:57] DEBUG: Build date: May  4 2025 23:18:25
[2026-02-20 16:46:57] DEBUG: Total RAM: 251 Gb
[2026-02-20 16:46:57] DEBUG: Available RAM: 247 Gb
[2026-02-20 16:46:57] DEBUG: Total CPUs: 32
[2026-02-20 16:46:57] DEBUG: Loading /data/softs/Miniforge3-25.11.0-0/envs/flye-2.9.6/lib/python3.12/site-packages/flye/config/bin_cfg/asm_nano_hq.cfg
[2026-02-20 16:46:57] DEBUG: Loading /data/softs/Miniforge3-25.11.0-0/envs/flye-2.9.6/lib/python3.12/site-packages/flye/config/bin_cfg/asm_defaults.cfg
[2026-02-20 16:46:57] DEBUG: 	big_genome_threshold=29000000
[2026-02-20 16:46:57] DEBUG: 	meta_read_filter_kmer_freq=100
[2026-02-20 16:46:57] DEBUG: 	chain_large_gap_penalty=2
[2026-02-20 16:46:57] DEBUG: 	chain_small_gap_penalty=0.5
[2026-02-20 16:46:57] DEBUG: 	chain_gap_jump_threshold=100
[2026-02-20 16:46:57] DEBUG: 	max_jump_gap=500
[2026-02-20 16:46:57] DEBUG: 	max_coverage_drop_rate=5
[2026-02-20 16:46:57] DEBUG: 	max_extensions_drop_rate=5
[2026-02-20 16:46:57] DEBUG: 	chimera_window=100
[2026-02-20 16:46:57] DEBUG: 	chimera_overhang=1000
[2026-02-20 16:46:57] DEBUG: 	min_reads_in_disjointig=4
[2026-02-20 16:46:57] DEBUG: 	max_inner_reads=10
[2026-02-20 16:46:57] DEBUG: 	max_inner_fraction=0.25
[2026-02-20 16:46:57] DEBUG: 	aggressive_dup_filter=1
[2026-02-20 16:46:57] DEBUG: 	max_separation=500
[2026-02-20 16:46:57] DEBUG: 	unique_edge_length=50000
[2026-02-20 16:46:57] DEBUG: 	min_repeat_res_support=0.51
[2026-02-20 16:46:57] DEBUG: 	out_paths_ratio=5
[2026-02-20 16:46:57] DEBUG: 	graph_cov_drop_rate=5
[2026-02-20 16:46:57] DEBUG: 	coverage_estimate_window=100
[2026-02-20 16:46:57] DEBUG: 	max_bubble_length=50000
[2026-02-20 16:46:57] DEBUG: 	loop_coverage_rate=1.5
[2026-02-20 16:46:57] DEBUG: 	repeat_edge_cov_mult=1.75
[2026-02-20 16:46:57] DEBUG: 	weak_detach_rate=5
[2026-02-20 16:46:57] DEBUG: 	tip_coverage_rate=2
[2026-02-20 16:46:57] DEBUG: 	tip_length_rate=2
[2026-02-20 16:46:57] DEBUG: 	output_gfa_before_rr=1
[2026-02-20 16:46:57] DEBUG: 	remove_alt_edges=0
[2026-02-20 16:46:57] DEBUG: 	low_cutoff_warning=0
[2026-02-20 16:46:57] DEBUG: 	kmer_size=17
[2026-02-20 16:46:57] DEBUG: 	use_minimizers=1
[2026-02-20 16:46:57] DEBUG: 	minimizer_window=10
[2026-02-20 16:46:57] DEBUG: 	reads_base_alignment=1
[2026-02-20 16:46:57] DEBUG: 	meta_read_top_kmer_rate=0.75
[2026-02-20 16:46:57] DEBUG: 	maximum_jump=1500
[2026-02-20 16:46:57] DEBUG: 	maximum_overhang=1500
[2026-02-20 16:46:57] DEBUG: 	repeat_kmer_rate=100
[2026-02-20 16:46:57] DEBUG: 	assemble_ovlp_divergence=0.03
[2026-02-20 16:46:57] DEBUG: 	assemble_divergence_relative=1
[2026-02-20 16:46:57] DEBUG: 	repeat_graph_ovlp_divergence=0.03
[2026-02-20 16:46:57] DEBUG: 	read_align_ovlp_divergence=0.10
[2026-02-20 16:46:57] DEBUG: 	hpc_scoring_on=1
[2026-02-20 16:46:57] DEBUG: 	add_unassembled_reads=0
[2026-02-20 16:46:57] DEBUG: 	extend_contigs_with_repeats=0
[2026-02-20 16:46:57] DEBUG: 	min_read_cov_cutoff=3
[2026-02-20 16:46:57] DEBUG: 	short_tip_length=20000
[2026-02-20 16:46:57] DEBUG: 	long_tip_length=100000
[2026-02-20 16:46:57] DEBUG: Running with k-mer size: 17
[2026-02-20 16:46:57] DEBUG: Selected minimum overlap 1000
[2026-02-20 16:46:57] INFO: Reading sequences
[2026-02-20 16:46:57] DEBUG: Building positional index
[2026-02-20 16:46:57] DEBUG: Total sequence: 15312307 bp
[2026-02-20 16:46:57] DEBUG: Flipped 0
[2026-02-20 16:46:57] DEBUG: UPath 1: 4
[2026-02-20 16:46:57] DEBUG: UPath 2: 7
[2026-02-20 16:46:57] DEBUG: UPath 3: 8 -> 384 -> 14
[2026-02-20 16:46:57] DEBUG: UPath 4: -11 -> 9 -> 362 -> 363 -> 364
[2026-02-20 16:46:57] DEBUG: UPath 5: -17 -> -386 -> 12
[2026-02-20 16:46:57] DEBUG: UPath 6: -18 -> -385 -> 13
[2026-02-20 16:46:57] DEBUG: UPath 7: 19
[2026-02-20 16:46:57] DEBUG: UPath 8: 20
[2026-02-20 16:46:57] DEBUG: UPath 9: 22
[2026-02-20 16:46:57] DEBUG: UPath 10: 24
[2026-02-20 16:46:57] DEBUG: UPath 11: 25
[2026-02-20 16:46:57] DEBUG: UPath 12: 26
[2026-02-20 16:46:57] DEBUG: UPath 13: -70 -> -365 -> 29 -> 38
[2026-02-20 16:46:57] DEBUG: UPath 14: 30
[2026-02-20 16:46:57] DEBUG: UPath 15: 34
[2026-02-20 16:46:57] DEBUG: UPath 16: 35
[2026-02-20 16:46:57] DEBUG: UPath 17: 36
[2026-02-20 16:46:57] DEBUG: UPath 18: 39
[2026-02-20 16:46:57] DEBUG: UPath 19: 40
[2026-02-20 16:46:57] DEBUG: UPath 20: 43
[2026-02-20 16:46:57] DEBUG: UPath 21: 49
[2026-02-20 16:46:57] DEBUG: UPath 22: 52
[2026-02-20 16:46:57] DEBUG: UPath 23: 54
[2026-02-20 16:46:57] DEBUG: UPath 24: 56
[2026-02-20 16:46:57] DEBUG: UPath 25: 57
[2026-02-20 16:46:57] DEBUG: UPath 26: 60
[2026-02-20 16:46:57] DEBUG: UPath 27: 65
[2026-02-20 16:46:57] DEBUG: UPath 28: 66
[2026-02-20 16:46:57] DEBUG: UPath 29: 67
[2026-02-20 16:46:57] DEBUG: UPath 30: 71
[2026-02-20 16:46:57] DEBUG: UPath 31: 74
[2026-02-20 16:46:57] DEBUG: UPath 32: 77
[2026-02-20 16:46:57] DEBUG: UPath 33: 78
[2026-02-20 16:46:57] DEBUG: UPath 34: 79
[2026-02-20 16:46:57] DEBUG: UPath 35: 80
[2026-02-20 16:46:57] DEBUG: UPath 36: 81
[2026-02-20 16:46:57] DEBUG: UPath 37: 84
[2026-02-20 16:46:57] DEBUG: UPath 38: 85
[2026-02-20 16:46:57] DEBUG: UPath 39: 86
[2026-02-20 16:46:57] DEBUG: UPath 40: 89
[2026-02-20 16:46:57] DEBUG: UPath 41: 90
[2026-02-20 16:46:57] DEBUG: UPath 42: 91
[2026-02-20 16:46:57] DEBUG: UPath 43: 97
[2026-02-20 16:46:57] DEBUG: UPath 44: 104
[2026-02-20 16:46:57] DEBUG: UPath 45: 106
[2026-02-20 16:46:57] DEBUG: UPath 46: 109
[2026-02-20 16:46:57] DEBUG: UPath 47: 112
[2026-02-20 16:46:57] DEBUG: UPath 48: 113
[2026-02-20 16:46:57] DEBUG: UPath 49: 115
[2026-02-20 16:46:57] DEBUG: UPath 50: 116
[2026-02-20 16:46:57] DEBUG: UPath 51: 117
[2026-02-20 16:46:57] DEBUG: UPath 52: 118
[2026-02-20 16:46:57] DEBUG: UPath 53: 120
[2026-02-20 16:46:57] DEBUG: UPath 54: 121
[2026-02-20 16:46:57] DEBUG: UPath 55: 122
[2026-02-20 16:46:57] DEBUG: UPath 56: 124
[2026-02-20 16:46:57] DEBUG: UPath 57: 127
[2026-02-20 16:46:57] DEBUG: UPath 58: 129 -> 130
[2026-02-20 16:46:57] DEBUG: UPath 59: 138
[2026-02-20 16:46:57] DEBUG: UPath 60: 142
[2026-02-20 16:46:57] DEBUG: UPath 61: 143
[2026-02-20 16:46:57] DEBUG: UPath 62: 144
[2026-02-20 16:46:57] DEBUG: UPath 63: 145
[2026-02-20 16:46:57] DEBUG: UPath 64: 372 -> 149
[2026-02-20 16:46:57] DEBUG: UPath 65: 151
[2026-02-20 16:46:57] DEBUG: UPath 66: 152
[2026-02-20 16:46:57] DEBUG: UPath 67: 154
[2026-02-20 16:46:57] DEBUG: UPath 68: 158
[2026-02-20 16:46:57] DEBUG: UPath 69: 159 -> 160 -> 162
[2026-02-20 16:46:57] DEBUG: UPath 70: 168
[2026-02-20 16:46:57] DEBUG: UPath 71: 169
[2026-02-20 16:46:57] DEBUG: UPath 72: 170
[2026-02-20 16:46:57] DEBUG: UPath 73: 171
[2026-02-20 16:46:57] DEBUG: UPath 74: 174
[2026-02-20 16:46:57] DEBUG: UPath 75: 188
[2026-02-20 16:46:57] DEBUG: UPath 76: 192
[2026-02-20 16:46:57] DEBUG: UPath 77: 194
[2026-02-20 16:46:57] DEBUG: UPath 78: 199
[2026-02-20 16:46:57] DEBUG: UPath 79: 205
[2026-02-20 16:46:57] DEBUG: UPath 80: 208
[2026-02-20 16:46:57] DEBUG: UPath 81: 209
[2026-02-20 16:46:57] DEBUG: UPath 82: 210
[2026-02-20 16:46:57] DEBUG: UPath 83: 212
[2026-02-20 16:46:57] DEBUG: UPath 84: 218
[2026-02-20 16:46:57] DEBUG: UPath 85: 220
[2026-02-20 16:46:57] DEBUG: UPath 86: 224
[2026-02-20 16:46:57] DEBUG: UPath 87: 232
[2026-02-20 16:46:57] DEBUG: UPath 88: 234
[2026-02-20 16:46:57] DEBUG: UPath 89: -377 -> 237
[2026-02-20 16:46:57] DEBUG: UPath 90: 238
[2026-02-20 16:46:57] DEBUG: UPath 91: 239
[2026-02-20 16:46:57] DEBUG: UPath 92: 240
[2026-02-20 16:46:57] DEBUG: UPath 93: 243
[2026-02-20 16:46:57] DEBUG: UPath 94: 252
[2026-02-20 16:46:57] DEBUG: UPath 95: 255
[2026-02-20 16:46:57] DEBUG: UPath 96: 260
[2026-02-20 16:46:57] DEBUG: UPath 97: 379 -> 266 -> 267
[2026-02-20 16:46:57] DEBUG: UPath 98: 268
[2026-02-20 16:46:57] DEBUG: UPath 99: 274
[2026-02-20 16:46:57] DEBUG: UPath 100: 276
[2026-02-20 16:46:57] DEBUG: UPath 101: 278 -> 380
[2026-02-20 16:46:57] DEBUG: UPath 102: 302
[2026-02-20 16:46:57] DEBUG: UPath 103: 304
[2026-02-20 16:46:57] DEBUG: UPath 104: 305
[2026-02-20 16:46:57] DEBUG: UPath 105: 310
[2026-02-20 16:46:57] DEBUG: UPath 106: 312
[2026-02-20 16:46:57] DEBUG: UPath 107: 315
[2026-02-20 16:46:57] DEBUG: UPath 108: 316
[2026-02-20 16:46:57] DEBUG: UPath 109: 317
[2026-02-20 16:46:57] DEBUG: UPath 110: 320
[2026-02-20 16:46:57] DEBUG: UPath 111: 321
[2026-02-20 16:46:57] DEBUG: UPath 112: 324
[2026-02-20 16:46:57] DEBUG: UPath 113: 325
[2026-02-20 16:46:57] DEBUG: UPath 114: 326
[2026-02-20 16:46:57] DEBUG: UPath 115: 327
[2026-02-20 16:46:57] DEBUG: UPath 116: 328
[2026-02-20 16:46:57] DEBUG: UPath 117: 329
[2026-02-20 16:46:57] DEBUG: UPath 118: 331
[2026-02-20 16:46:57] DEBUG: UPath 119: 332
[2026-02-20 16:46:57] DEBUG: UPath 120: 335
[2026-02-20 16:46:57] DEBUG: UPath 121: 337
[2026-02-20 16:46:57] DEBUG: UPath 122: 338
[2026-02-20 16:46:57] DEBUG: UPath 123: 339
[2026-02-20 16:46:57] DEBUG: UPath 124: 340
[2026-02-20 16:46:57] DEBUG: UPath 125: 341
[2026-02-20 16:46:57] DEBUG: UPath 126: 342
[2026-02-20 16:46:57] DEBUG: UPath 127: 343
[2026-02-20 16:46:57] DEBUG: UPath 128: 344
[2026-02-20 16:46:57] DEBUG: UPath 129: 345
[2026-02-20 16:46:57] DEBUG: UPath 130: 346
[2026-02-20 16:46:57] DEBUG: UPath 131: 347
[2026-02-20 16:46:57] DEBUG: UPath 132: 348
[2026-02-20 16:46:57] DEBUG: UPath 133: 349
[2026-02-20 16:46:57] DEBUG: UPath 134: 350
[2026-02-20 16:46:57] DEBUG: UPath 135: 351
[2026-02-20 16:46:57] DEBUG: UPath 136: 353
[2026-02-20 16:46:57] DEBUG: UPath 137: 354
[2026-02-20 16:46:57] DEBUG: UPath 138: 358
[2026-02-20 16:46:57] DEBUG: UPath 139: 369 -> 370
[2026-02-20 16:46:57] DEBUG: UPath 140: 373 -> 374
[2026-02-20 16:46:57] DEBUG: UPath 141: 375 -> 376
[2026-02-20 16:46:57] DEBUG: UPath 142: 381 -> 382
[2026-02-20 16:46:57] DEBUG: UPath 143: 383
[2026-02-20 16:46:57] DEBUG: Final graph contains 143 egdes
[2026-02-20 16:46:57] DEBUG: Extending contigs into repeats
[2026-02-20 16:46:57] DEBUG: Covered 0 repetitive contigs
[2026-02-20 16:46:57] INFO: Generated 143 contigs
[2026-02-20 16:46:57] DEBUG: Writing FASTA
[2026-02-20 16:46:57] DEBUG: Generating scaffold connections
[2026-02-20 16:46:57] INFO: Added 0 scaffold connections
[2026-02-20 16:46:57] DEBUG: Writing Dot
[2026-02-20 16:46:57] DEBUG: Writing FASTA
[2026-02-20 16:46:57] DEBUG: Writing Gfa
[2026-02-20 16:46:57] DEBUG: Peak RAM usage: 0 Gb
-----------End assembly log------------
[2026-02-20 16:46:57] root: INFO: >>>STAGE: polishing
[2026-02-20 16:46:57] root: INFO: Polishing genome (1/1)
[2026-02-20 16:46:57] root: INFO: Running minimap2
[2026-02-20 16:46:58] root: INFO: Separating alignment into bubbles
[2026-02-20 16:46:59] root: DEBUG: Generated 118199 bubbles
[2026-02-20 16:46:59] root: DEBUG: Split 8 long bubbles
[2026-02-20 16:46:59] root: DEBUG: Skipped 4 empty bubbles
[2026-02-20 16:46:59] root: DEBUG: Skipped 0 bubbles with long branches
[2026-02-20 16:46:59] root: INFO: Alignment error rate: 0.011550
[2026-02-20 16:46:59] root: INFO: Correcting bubbles
[2026-02-20 16:47:01] root: DEBUG: Mean contig coverage: 4, selected threshold: 3
[2026-02-20 16:47:01] root: DEBUG: Filtered 1 contigs of total length 8118
[2026-02-20 16:47:01] root: DEBUG: Generating polished GFA
[2026-02-20 16:47:01] root: DEBUG: 1 sequences remained unpolished
[2026-02-20 16:47:01] root: INFO: >>>STAGE: finalize
[2026-02-20 16:47:01] root: DEBUG: ---Output dir contents:----
[2026-02-20 16:47:01] root: DEBUG: assembly/
[2026-02-20 16:47:01] root: DEBUG:     216.0 K     flye.log
[2026-02-20 16:47:01] root: DEBUG:     92.0 B      params.json
[2026-02-20 16:47:01] root: DEBUG:     41.0 K      assembly_graph.gv
[2026-02-20 16:47:01] root: DEBUG:     1.0 M       assembly_graph.gfa
[2026-02-20 16:47:01] root: DEBUG:     1.0 M       assembly.fasta
[2026-02-20 16:47:01] root: DEBUG:     00-assembly/
[2026-02-20 16:47:01] root: DEBUG:         3.0 M       draft_assembly.fasta
[2026-02-20 16:47:01] root: DEBUG:         10.0 K      draft_assembly.fasta.fai
[2026-02-20 16:47:01] root: DEBUG:     10-consensus/
[2026-02-20 16:47:01] root: DEBUG:         969.0 B     minimap.stderr
[2026-02-20 16:47:01] root: DEBUG:         3.0 K       minimap.bam.csi
[2026-02-20 16:47:01] root: DEBUG:         3.0 M       consensus.fasta
[2026-02-20 16:47:01] root: DEBUG:     20-repeat/
[2026-02-20 16:47:01] root: DEBUG:         44.0 K      graph_before_rr.gv
[2026-02-20 16:47:01] root: DEBUG:         1.0 M       graph_before_rr.fasta
[2026-02-20 16:47:01] root: DEBUG:         1.0 M       graph_before_rr.gfa
[2026-02-20 16:47:01] root: DEBUG:         45.0 K      graph_after_rr.gv
[2026-02-20 16:47:01] root: DEBUG:         34.0 K      repeat_graph_dump
[2026-02-20 16:47:01] root: DEBUG:         802.0 K     read_alignment_dump
[2026-02-20 16:47:01] root: DEBUG:         3.0 M       repeat_graph_edges.fasta
[2026-02-20 16:47:01] root: DEBUG:     30-contigger/
[2026-02-20 16:47:01] root: DEBUG:         1.0 M       contigs.fasta
[2026-02-20 16:47:01] root: DEBUG:         4.0 K       contigs_stats.txt
[2026-02-20 16:47:01] root: DEBUG:         0.0 B       scaffolds_links.txt
[2026-02-20 16:47:01] root: DEBUG:         41.0 K      graph_final.gv
[2026-02-20 16:47:01] root: DEBUG:         1.0 M       graph_final.fasta
[2026-02-20 16:47:01] root: DEBUG:         1.0 M       graph_final.gfa
[2026-02-20 16:47:01] root: DEBUG:         4.0 K       contigs.fasta.fai
[2026-02-20 16:47:01] root: DEBUG:     40-polishing/
[2026-02-20 16:47:01] root: DEBUG:         929.0 B     minimap.stderr
[2026-02-20 16:47:01] root: DEBUG:         1.0 K       minimap_1.bam.csi
[2026-02-20 16:47:01] root: DEBUG:         2.0 K       contigs_stats.txt
[2026-02-20 16:47:01] root: DEBUG:         566.0 K     base_coverage.bed.gz
[2026-02-20 16:47:01] root: DEBUG:         1.0 M       filtered_contigs.fasta
[2026-02-20 16:47:01] root: DEBUG:         2.0 K       filtered_stats.txt
[2026-02-20 16:47:01] root: DEBUG:         4.0 K       filtered_contigs.fasta.fai
[2026-02-20 16:47:01] root: DEBUG:         1.0 K       edges_aln.bam.csi
[2026-02-20 16:47:01] root: DEBUG:         1.0 M       polished_edges.gfa
[2026-02-20 16:47:01] root: DEBUG: --------------------------
[2026-02-20 16:47:01] root: INFO: Assembly statistics:

	Total length:	1888568
	Fragments:	142
	Fragments N50:	18547
	Largest frg:	47689
	Scaffolds:	0
	Mean coverage:	4

[2026-02-20 16:47:01] root: INFO: Final assembly: /scratch/ky/characterization/results/barcode16/assembly/assembly.fasta
