Chain
	Aln	113	+7896cd5c-7c00-4c1a-9a0d-2a4b82f1431d 5 1216 1218 -edge_57_0_+disjointig_28_8606_19876 5260 6471 11270 -1 -1 1211 0
Chain
	Aln	112	-7896cd5c-7c00-4c1a-9a0d-2a4b82f1431d 1 1212 1218 +edge_57_0_+disjointig_28_8606_19876 4798 6009 11270 -1 -1 1211 0
Chain
	Aln	326	+a916107e-bd79-4e1b-af89-4b7e3bc4987a 75 1920 1928 +edge_164_0_+disjointig_75_0_32040 24261 26106 32040 -1 -1 1845 0.00285267
Chain
	Aln	327	-a916107e-bd79-4e1b-af89-4b7e3bc4987a 7 1852 1928 -edge_164_0_+disjointig_75_0_32040 5933 7778 32040 -1 -1 1845 0.00285267
Chain
	Aln	163	+a9979ce1-2cd3-473f-a3de-c2e0707e2d0b 13 2528 2531 -edge_82_0_+disjointig_147_0_2535 12 2532 2535 -1 -1 2496 0.000508489
Chain
	Aln	162	-a9979ce1-2cd3-473f-a3de-c2e0707e2d0b 2 2517 2531 +edge_82_0_+disjointig_147_0_2535 2 2522 2535 -1 -1 2496 0.000508489
Chain
	Aln	338	+cde72ac1-2fba-4bbc-afb8-5085347f66d4 10 2817 2820 +edge_170_0_+disjointig_80_0_26396 15567 18381 26396 -1 -1 2778 0.000477419
Chain
	Aln	339	-cde72ac1-2fba-4bbc-afb8-5085347f66d4 2 2809 2820 -edge_170_0_+disjointig_80_0_26396 8014 10828 26396 -1 -1 2778 0.000477419
Chain
	Aln	393	+742f2441-6418-475f-9868-75353334d35f 2 4255 4263 -edge_197_0_+disjointig_34_4542_22930 8264 12512 18388 -1 -1 4200 0.00174276
Chain
	Aln	392	-742f2441-6418-475f-9868-75353334d35f 7 4260 4263 +edge_197_0_+disjointig_34_4542_22930 5875 10123 18388 -1 -1 4200 0.00174276
Chain
	Aln	372	+2f674414-4d34-4783-a4ae-f7bf4bb38bd8 27 5188 5192 +edge_187_0_+disjointig_98_0_17892 12727 17889 17892 -1 -1 5151 0
Chain
	Aln	373	-2f674414-4d34-4783-a4ae-f7bf4bb38bd8 3 5164 5192 -edge_187_0_+disjointig_98_0_17892 2 5164 17892 -1 -1 5151 0
Chain
	Aln	163	+5d05e298-3834-49ab-b493-98792fcd0250 23 1472 1474 -edge_82_0_+disjointig_147_0_2535 489 1938 2535 -1 -1 1449 0
Chain
	Aln	162	-5d05e298-3834-49ab-b493-98792fcd0250 1 1450 1474 +edge_82_0_+disjointig_147_0_2535 596 2045 2535 -1 -1 1449 0
Chain
	Aln	46	+9bdde2c7-e494-4160-a809-0af448a3260f 1228 6350 6361 +edge_24_0_+disjointig_118_0_5205 79 5195 5205 -1 -1 4970 0.00230989
Chain
	Aln	47	-9bdde2c7-e494-4160-a809-0af448a3260f 10 5132 6361 -edge_24_0_+disjointig_118_0_5205 9 5125 5205 -1 -1 4970 0.00230989
Chain
	Aln	164	+3356f8be-a0b1-4703-9227-5b9edcaab103 1 6633 6735 +edge_83_0_+disjointig_148_0_6633 1 6630 6633 -1 -1 6620 0
Chain
	Aln	165	-3356f8be-a0b1-4703-9227-5b9edcaab103 101 6733 6735 -edge_83_0_+disjointig_148_0_6633 2 6631 6633 -1 -1 6620 0
Chain
	Aln	392	+41a5b2f0-8501-4fd6-906b-8706f3e61a64 19 5014 5018 +edge_197_0_+disjointig_34_4542_22930 9543 14545 18388 -1 -1 4898 0.0014459
Chain
	Aln	393	-41a5b2f0-8501-4fd6-906b-8706f3e61a64 3 4998 5018 -edge_197_0_+disjointig_34_4542_22930 3842 8844 18388 -1 -1 4898 0.0014459
Chain
	Aln	167	+650b9bdf-70eb-4e25-bcba-392597a21188 9 1498 2108 -edge_84_0_+disjointig_149_0_5145 3655 5144 5145 -1 -1 1489 0
Chain
	Aln	166	-650b9bdf-70eb-4e25-bcba-392597a21188 609 2098 2108 +edge_84_0_+disjointig_149_0_5145 0 1489 5145 -1 -1 1489 0
Chain
	Aln	119	+dd1a4045-ece0-43be-a611-4e9af1dfe334 3 1547 1550 -edge_60_0_-disjointig_17_10739_35048 17662 19204 24309 -1 -1 1525 0
Chain
	Aln	118	-dd1a4045-ece0-43be-a611-4e9af1dfe334 2 1546 1550 +edge_60_0_-disjointig_17_10739_35048 5104 6646 24309 -1 -1 1525 0
Chain
	Aln	117	+6e2cd392-2b61-4b11-9206-f4210b81ed92 1 1066 1074 -edge_59_0_+disjointig_132_8623_16330 578 1644 7707 -1 -1 1045 0.000879814
Chain
	Aln	116	-6e2cd392-2b61-4b11-9206-f4210b81ed92 7 1072 1074 +edge_59_0_+disjointig_132_8623_16330 6062 7128 7707 -1 -1 1045 0.000879814
Chain
	Aln	392	+5c8a6876-8030-4d2a-89b3-9a558847f24a 17 1252 1263 +edge_197_0_+disjointig_34_4542_22930 7349 8579 18388 -1 -1 1182 0.00651889
Chain
	Aln	393	-5c8a6876-8030-4d2a-89b3-9a558847f24a 10 1245 1263 -edge_197_0_+disjointig_34_4542_22930 9808 11038 18388 -1 -1 1182 0.00651889
Chain
	Aln	261	+608d26a9-d54a-452d-a3b5-ac487c755681 13 1214 1216 -edge_131_0_+disjointig_36_0_2465 153 1354 2465 -1 -1 1201 0
Chain
	Aln	260	-608d26a9-d54a-452d-a3b5-ac487c755681 1 1202 1216 +edge_131_0_+disjointig_36_0_2465 1110 2311 2465 -1 -1 1201 0
Chain
	Aln	119	+203cf1ad-56b4-449b-b63c-3be53c1520e2 101 1466 1515 -edge_60_0_-disjointig_17_10739_35048 1463 2842 24309 -1 -1 709 0.0640358
Chain
	Aln	118	-203cf1ad-56b4-449b-b63c-3be53c1520e2 48 1413 1515 +edge_60_0_-disjointig_17_10739_35048 21466 22845 24309 -1 -1 709 0.0640358
Chain
	Aln	123	+6b5271b2-4ace-4d06-bd9b-cfdc3b9dc93e 10 2961 11006 -edge_62_0_+disjointig_133_0_14255 11303 14254 14255 -1 -1 2892 0.00155193
Chain
	Aln	24	+6b5271b2-4ace-4d06-bd9b-cfdc3b9dc93e 6242 8708 11006 +edge_13_0_+disjointig_107_0_2474 1 2467 2474 -1 -1 2466 0
Chain
	Aln	15	+6b5271b2-4ace-4d06-bd9b-cfdc3b9dc93e 4468 6180 11006 -edge_8_1_+disjointig_67_8547_10272 14 1724 1725 -1 -1 1708 0.00110013
Chain
	Aln	122	-6b5271b2-4ace-4d06-bd9b-cfdc3b9dc93e 8044 10995 11006 +edge_62_0_+disjointig_133_0_14255 0 2951 14255 -1 -1 2892 0.00155193
Chain
	Aln	25	-6b5271b2-4ace-4d06-bd9b-cfdc3b9dc93e 2297 4763 11006 -edge_13_0_+disjointig_107_0_2474 6 2472 2474 -1 -1 2466 0
Chain
	Aln	14	-6b5271b2-4ace-4d06-bd9b-cfdc3b9dc93e 4825 6537 11006 +edge_8_1_+disjointig_67_8547_10272 0 1710 1725 -1 -1 1708 0.00110013
Chain
	Aln	276	+53fb8a98-7fbe-4a76-af1f-d2d667035f06 8 4958 4963 +edge_139_0_+disjointig_46_0_19209 557 5509 19209 -1 -1 4881 0.000456583
Chain
	Aln	277	-53fb8a98-7fbe-4a76-af1f-d2d667035f06 4 4954 4963 -edge_139_0_+disjointig_46_0_19209 13699 18651 19209 -1 -1 4881 0.000456583
Chain
	Aln	290	+e725cf78-b015-47d8-87bc-fd99c8d98351 12 1821 1830 +edge_146_0_+disjointig_55_0_10096 7743 9550 10096 -1 -1 1795 0.00225113
Chain
	Aln	291	-e725cf78-b015-47d8-87bc-fd99c8d98351 8 1817 1830 -edge_146_0_+disjointig_55_0_10096 545 2352 10096 -1 -1 1795 0.00225113
Chain
	Aln	178	+9c2ea68d-d373-47cf-b5da-c90ca059cb51 10 6955 6970 +edge_90_0_+disjointig_154_0_8307 1325 8293 8307 -1 -1 5920 0.0147645
Chain
	Aln	179	-9c2ea68d-d373-47cf-b5da-c90ca059cb51 14 6959 6970 -edge_90_0_+disjointig_154_0_8307 13 6981 8307 -1 -1 5920 0.0147645
Chain
	Aln	191	+d1d0fe28-215a-4d50-bf25-2e723932f928 10 4170 4172 -edge_96_0_+disjointig_16_0_8927 4762 8925 8927 -1 -1 4086 0.00216197
Chain
	Aln	190	-d1d0fe28-215a-4d50-bf25-2e723932f928 1 4161 4172 +edge_96_0_+disjointig_16_0_8927 1 4164 8927 -1 -1 4086 0.00216197
Chain
	Aln	77	+d9cf530e-e3e4-468b-a741-ca2b619b8e7b 792 9248 9255 -edge_39_0_+disjointig_122_8837_18196 12 8467 9359 -1 -1 8310 0.00238863
Chain
	Aln	76	-d9cf530e-e3e4-468b-a741-ca2b619b8e7b 6 8462 9255 +edge_39_0_+disjointig_122_8837_18196 891 9346 9359 -1 -1 8310 0.00238863
Chain
	Aln	337	+423ce334-1110-483c-9ad0-57e81405c7c8 17 6982 6984 -edge_169_0_+disjointig_8_0_30726 7264 14229 30726 -1 -1 6923 0.000380447
Chain
	Aln	336	-423ce334-1110-483c-9ad0-57e81405c7c8 1 6966 6984 +edge_169_0_+disjointig_8_0_30726 16496 23461 30726 -1 -1 6923 0.000380447
Chain
	Aln	195	+d2cef71e-54fa-4350-90a6-78c836748808 6 1185 1917 -edge_98_0_+disjointig_161_0_2486 763 1942 2486 -1 -1 1123 0.00438042
Chain
	Aln	194	-d2cef71e-54fa-4350-90a6-78c836748808 731 1910 1917 +edge_98_0_+disjointig_161_0_2486 543 1722 2486 -1 -1 1123 0.00438042
Chain
	Aln	118	+6638c103-d669-4e4d-a99b-c0784152c510 23 6911 6919 +edge_60_0_-disjointig_17_10739_35048 12457 19350 24309 -1 -1 6515 0.00528179
Chain
	Aln	119	-6638c103-d669-4e4d-a99b-c0784152c510 7 6895 6919 -edge_60_0_-disjointig_17_10739_35048 4958 11851 24309 -1 -1 6515 0.00528179
Chain
	Aln	1	+0d66ef13-2b17-44b4-b564-d98099d3c103 12 2293 2295 -edge_1_0_+disjointig_1_0_2292 11 2290 2292 -1 -1 2195 0.00287482
Chain
	Aln	0	-0d66ef13-2b17-44b4-b564-d98099d3c103 1 2282 2295 +edge_1_0_+disjointig_1_0_2292 1 2280 2292 -1 -1 2195 0.00287482
Chain
	Aln	240	+8fd67514-91a2-473c-8890-032f3e1ef8e4 1285 3952 3957 +edge_121_0_+disjointig_3_0_4723 10 2677 4723 -1 -1 2667 0
Chain
	Aln	241	-8fd67514-91a2-473c-8890-032f3e1ef8e4 4 2671 3957 -edge_121_0_+disjointig_3_0_4723 2045 4712 4723 -1 -1 2667 0
Chain
	Aln	237	+4fa4b217-da99-4699-b5a3-76105ec1f53c 9 3609 3615 -edge_119_0_+disjointig_26_0_22265 15585 19186 22265 -1 -1 3525 0.000407815
Chain
	Aln	236	-4fa4b217-da99-4699-b5a3-76105ec1f53c 5 3605 3615 +edge_119_0_+disjointig_26_0_22265 3078 6679 22265 -1 -1 3525 0.000407815
Chain
	Aln	241	+c1019cb2-a99f-41ae-98ca-b794dce74190 8 2689 3944 -edge_121_0_+disjointig_3_0_4723 2029 4722 4723 -1 -1 2668 0.00063408
Chain
	Aln	240	-c1019cb2-a99f-41ae-98ca-b794dce74190 1254 3935 3944 +edge_121_0_+disjointig_3_0_4723 0 2693 4723 -1 -1 2668 0.00063408
Chain
	Aln	289	+1825b9ff-01e0-4b8e-bc62-c2a83a28efa3 16 11312 14235 -edge_145_0_+disjointig_54_0_11616 15 11289 11616 -1 -1 11011 0.00225008
Chain
	Aln	288	-1825b9ff-01e0-4b8e-bc62-c2a83a28efa3 2922 14218 14235 +edge_145_0_+disjointig_54_0_11616 326 11600 11616 -1 -1 11011 0.00225008
Chain
	Aln	227	+2f92d0ef-c9fb-4a4d-b421-50dd712eadbb 87 2418 2814 -edge_114_0_-disjointig_9_13919_16265 14 2345 2346 -1 -1 2315 0.000663459
Chain
	Aln	226	-2f92d0ef-c9fb-4a4d-b421-50dd712eadbb 395 2726 2814 +edge_114_0_-disjointig_9_13919_16265 0 2331 2346 -1 -1 2315 0.000663459
Chain
	Aln	41	+2b9e9a8e-d06a-4030-bbb7-43af17bf62b5 13 1945 1952 -edge_21_0_+disjointig_115_0_3353 779 2711 3353 -1 -1 1914 0
Chain
	Aln	40	-2b9e9a8e-d06a-4030-bbb7-43af17bf62b5 6 1938 1952 +edge_21_0_+disjointig_115_0_3353 641 2573 3353 -1 -1 1914 0
Chain
	Aln	333	+30ebb678-5bbf-4175-baa7-5b334c9357b9 12 2678 2685 -edge_167_0_+disjointig_78_0_11904 7573 10239 11904 -1 -1 2631 0.00278943
Chain
	Aln	332	-30ebb678-5bbf-4175-baa7-5b334c9357b9 6 2672 2685 +edge_167_0_+disjointig_78_0_11904 1664 4330 11904 -1 -1 2631 0.00278943
Chain
	Aln	20	+a03ae945-3656-408e-a6ab-44897b0688fd 11 1039 1349 +edge_11_0_+disjointig_67_10272_11566 109 1137 1294 -1 -1 1028 0.00159916
Chain
	Aln	21	-a03ae945-3656-408e-a6ab-44897b0688fd 309 1337 1349 -edge_11_0_+disjointig_67_10272_11566 156 1184 1294 -1 -1 1028 0.00159916
Chain
	Aln	32	+547d209e-cf5f-43a5-b6a7-c339271ea593 3 1169 1205 +edge_17_0_+disjointig_111_0_12680 9936 11101 12680 -1 -1 1159 0.00168451
Chain
	Aln	33	-547d209e-cf5f-43a5-b6a7-c339271ea593 35 1201 1205 -edge_17_0_+disjointig_111_0_12680 1578 2743 12680 -1 -1 1159 0.00168451
Chain
	Aln	363	+71a9ef03-01ec-4528-9f3d-518c387b16d6 3 1301 1311 -edge_182_0_+disjointig_93_0_5258 2587 3889 5258 -1 -1 1266 0.00348775
Chain
	Aln	362	-71a9ef03-01ec-4528-9f3d-518c387b16d6 9 1307 1311 +edge_182_0_+disjointig_93_0_5258 1368 2670 5258 -1 -1 1266 0.00348775
Chain
	Aln	357	+c3f51295-9185-44bc-9285-66a885a72faa 12 1222 1224 -edge_179_0_+disjointig_89_0_10579 8480 9690 10579 -1 -1 1210 0
Chain
	Aln	356	-c3f51295-9185-44bc-9285-66a885a72faa 1 1211 1224 +edge_179_0_+disjointig_89_0_10579 888 2098 10579 -1 -1 1210 0
Chain
	Aln	90	+a4e4333f-6e2c-4670-a136-1d61f22cd420 114 1308 1318 +edge_46_0_+disjointig_125_0_8382 5438 6632 8382 -1 -1 1170 0.000552978
Chain
	Aln	91	-a4e4333f-6e2c-4670-a136-1d61f22cd420 9 1203 1318 -edge_46_0_+disjointig_125_0_8382 1749 2943 8382 -1 -1 1170 0.000552978
Chain
	Aln	392	+d7f57fb3-1cb6-4fd1-b00d-ebd2ddf00e27 9 1292 1296 +edge_197_0_+disjointig_34_4542_22930 5952 7236 18388 -1 -1 1231 0.00320119
Chain
	Aln	393	-d7f57fb3-1cb6-4fd1-b00d-ebd2ddf00e27 3 1286 1296 -edge_197_0_+disjointig_34_4542_22930 11151 12435 18388 -1 -1 1231 0.00320119
Chain
	Aln	39	+0a3aa1cd-b111-4f90-9b37-329d8b98f51d 9 1281 1285 -edge_20_0_+disjointig_114_0_4134 1215 2486 4134 -1 -1 1265 0
Chain
	Aln	38	-0a3aa1cd-b111-4f90-9b37-329d8b98f51d 3 1275 1285 +edge_20_0_+disjointig_114_0_4134 1647 2918 4134 -1 -1 1265 0
Chain
	Aln	309	+43c7bdb1-7d37-4c86-b49f-c8a32e41ad12 7 4680 4686 -edge_155_0_+disjointig_63_0_11607 2862 7539 11607 -1 -1 4591 0.00330075
Chain
	Aln	308	-43c7bdb1-7d37-4c86-b49f-c8a32e41ad12 5 4678 4686 +edge_155_0_+disjointig_63_0_11607 4067 8744 11607 -1 -1 4591 0.00330075
Chain
	Aln	323	+da4405e6-e4a6-4482-a90e-b20a1d8b0ef1 25 2386 2388 -edge_162_0_+disjointig_73_0_2376 20 2374 2376 -1 -1 2339 0
Chain
	Aln	322	-da4405e6-e4a6-4482-a90e-b20a1d8b0ef1 1 2362 2388 +edge_162_0_+disjointig_73_0_2376 1 2355 2376 -1 -1 2339 0
Chain
	Aln	361	+2adfd0ea-f3af-4392-ade1-7fa655d5fb48 2 1473 1475 -edge_181_0_+disjointig_92_0_9560 4225 5697 9560 -1 -1 1468 0.00255447
Chain
	Aln	360	-2adfd0ea-f3af-4392-ade1-7fa655d5fb48 1 1472 1475 +edge_181_0_+disjointig_92_0_9560 3862 5334 9560 -1 -1 1468 0.00255447
Chain
	Aln	231	+3dae5842-893d-468c-aff7-2b258ad96420 909 5470 5482 -edge_116_0_+disjointig_23_0_7388 15 4656 7388 -1 -1 3814 0.0157888
Chain
	Aln	230	-3dae5842-893d-468c-aff7-2b258ad96420 11 4572 5482 +edge_116_0_+disjointig_23_0_7388 2731 7372 7388 -1 -1 3814 0.0157888
Chain
	Aln	196	+e8439101-7e50-4995-8fa0-27bb1f8101f2 408 1680 1687 +edge_99_0_+disjointig_163_0_2323 3 1268 2323 -1 -1 1240 0.00482775
Chain
	Aln	197	-e8439101-7e50-4995-8fa0-27bb1f8101f2 6 1278 1687 -edge_99_0_+disjointig_163_0_2323 1054 2319 2323 -1 -1 1240 0.00482775
Chain
	Aln	148	+2b69f019-e21b-4610-ac25-701597d05fa5 6 1094 1096 +edge_75_0_+disjointig_142_0_5582 659 1747 5582 -1 -1 1075 0.00239186
Chain
	Aln	149	-2b69f019-e21b-4610-ac25-701597d05fa5 1 1089 1096 -edge_75_0_+disjointig_142_0_5582 3834 4922 5582 -1 -1 1075 0.00239186
Chain
	Aln	233	+dda44d49-3979-4e4b-a4d1-5b5695f947eb 5 1679 1681 -edge_117_0_+disjointig_24_0_24953 11370 13042 24953 -1 -1 1642 0.00296018
Chain
	Aln	232	-dda44d49-3979-4e4b-a4d1-5b5695f947eb 1 1675 1681 +edge_117_0_+disjointig_24_0_24953 11910 13582 24953 -1 -1 1642 0.00296018
Chain
	Aln	183	+b0fcae45-b593-44cf-b109-8c7e92e03e8f 30 4828 4830 -edge_92_0_+disjointig_156_0_7859 3058 7857 7859 -1 -1 4439 0.00466433
Chain
	Aln	182	-b0fcae45-b593-44cf-b109-8c7e92e03e8f 1 4799 4830 +edge_92_0_+disjointig_156_0_7859 1 4800 7859 -1 -1 4439 0.00466433
Chain
	Aln	172	+83703221-73e2-41ff-8c88-f3df87ebc3c6 1 3396 3399 +edge_87_0_+disjointig_151_0_16632 1 3388 16632 -1 -1 3275 0.00347464
Chain
	Aln	173	-83703221-73e2-41ff-8c88-f3df87ebc3c6 2 3397 3399 -edge_87_0_+disjointig_151_0_16632 13243 16630 16632 -1 -1 3275 0.00347464
Chain
	Aln	29	+5e963a6c-3081-4022-8ecf-5a12c9490255 880 3421 3430 -edge_15_0_+disjointig_109_0_5385 13 2552 5385 -1 -1 2520 0.000478379
Chain
	Aln	28	-5e963a6c-3081-4022-8ecf-5a12c9490255 8 2549 3430 +edge_15_0_+disjointig_109_0_5385 2832 5371 5385 -1 -1 2520 0.000478379
Chain
	Aln	11	+717e30d9-12b1-465e-9f3d-41f9ef221d3b 31 2755 2757 -edge_6_0_+disjointig_104_0_4910 2184 4908 4910 -1 -1 2708 0.000459206
Chain
	Aln	10	-717e30d9-12b1-465e-9f3d-41f9ef221d3b 1 2725 2757 +edge_6_0_+disjointig_104_0_4910 1 2725 4910 -1 -1 2708 0.000459206
Chain
	Aln	290	+7cfd6c30-e340-4806-a8e3-882d6167e8cb 13 1197 1210 +edge_146_0_+disjointig_55_0_10096 5904 7088 10096 -1 -1 1149 0.00552745
Chain
	Aln	291	-7cfd6c30-e340-4806-a8e3-882d6167e8cb 12 1196 1210 -edge_146_0_+disjointig_55_0_10096 3007 4191 10096 -1 -1 1149 0.00552745
Chain
	Aln	15	+571c0773-ded4-4321-a552-6c2ed627d3c5 1386 3098 6891 -edge_8_1_+disjointig_67_8547_10272 14 1724 1725 -1 -1 1539 0.0098462
Chain
	Aln	14	-571c0773-ded4-4321-a552-6c2ed627d3c5 3792 5504 6891 +edge_8_1_+disjointig_67_8547_10272 0 1710 1725 -1 -1 1539 0.0098462
Chain
	Aln	345	+d85568e9-e518-4b7e-b49d-bff7dcd8252f 0 4793 5883 -edge_173_0_+disjointig_83_0_15263 10442 15233 15263 -1 -1 4688 0.00570564
Chain
	Aln	344	-d85568e9-e518-4b7e-b49d-bff7dcd8252f 1089 5882 5883 +edge_173_0_+disjointig_83_0_15263 29 4820 15263 -1 -1 4688 0.00570564
Chain
	Aln	333	+b9e958ff-c13c-4eb3-be26-f8250f49356c 6 1459 1462 -edge_167_0_+disjointig_78_0_11904 4583 6034 11904 -1 -1 1399 0.0034276
Chain
	Aln	332	-b9e958ff-c13c-4eb3-be26-f8250f49356c 2 1455 1462 +edge_167_0_+disjointig_78_0_11904 5869 7320 11904 -1 -1 1399 0.0034276
Chain
	Aln	281	+5104c7cd-958e-402b-a879-a9db176903b2 14 2519 2522 -edge_141_0_+disjointig_5_0_2527 13 2524 2527 -1 -1 2479 0.000168034
Chain
	Aln	280	-5104c7cd-958e-402b-a879-a9db176903b2 2 2507 2522 +edge_141_0_+disjointig_5_0_2527 2 2513 2527 -1 -1 2479 0.000168034
Chain
	Aln	285	+42b97b48-bfbb-42bc-b086-d6f6965d51ee 14 3492 3522 -edge_143_0_+disjointig_52_0_9589 13 3498 9589 -1 -1 3343 0.00233268
Chain
	Aln	284	-42b97b48-bfbb-42bc-b086-d6f6965d51ee 29 3507 3522 +edge_143_0_+disjointig_52_0_9589 6090 9575 9589 -1 -1 3343 0.00233268
Chain
	Aln	325	+f6193378-dc85-4d9a-a742-abbc98bcb94a 14 13335 13337 -edge_163_0_+disjointig_74_0_17682 2486 15805 17682 -1 -1 13255 0
Chain
	Aln	324	-f6193378-dc85-4d9a-a742-abbc98bcb94a 1 13322 13337 +edge_163_0_+disjointig_74_0_17682 1876 15195 17682 -1 -1 13255 0
Chain
	Aln	361	+2b81fe64-32c1-4166-aae5-e23e96ccc57d 14 4465 4468 -edge_181_0_+disjointig_92_0_9560 5069 9557 9560 -1 -1 4301 0.00373695
Chain
	Aln	360	-2b81fe64-32c1-4166-aae5-e23e96ccc57d 2 4453 4468 +edge_181_0_+disjointig_92_0_9560 2 4490 9560 -1 -1 4301 0.00373695
Chain
	Aln	392	+ffdfc225-7a1d-4fae-8cfa-fcfa3fb2ff14 11 2341 2343 +edge_197_0_+disjointig_34_4542_22930 13764 16097 18388 -1 -1 2308 0.00156643
Chain
	Aln	393	-ffdfc225-7a1d-4fae-8cfa-fcfa3fb2ff14 1 2331 2343 -edge_197_0_+disjointig_34_4542_22930 2290 4623 18388 -1 -1 2308 0.00156643
Chain
	Aln	118	+8cc17aa6-e782-4aeb-abd2-2c71f598dd4e 15 1592 1595 +edge_60_0_-disjointig_17_10739_35048 6896 8482 24309 -1 -1 1529 0.00694231
Chain
	Aln	119	-8cc17aa6-e782-4aeb-abd2-2c71f598dd4e 2 1579 1595 -edge_60_0_-disjointig_17_10739_35048 15826 17412 24309 -1 -1 1529 0.00694231
Chain
	Aln	77	+828ddf93-7b93-43a3-8532-d2ea073f4f86 7 1368 1491 -edge_39_0_+disjointig_122_8837_18196 1052 2412 9359 -1 -1 1336 0.00375704
Chain
	Aln	76	-828ddf93-7b93-43a3-8532-d2ea073f4f86 122 1483 1491 +edge_39_0_+disjointig_122_8837_18196 6946 8306 9359 -1 -1 1336 0.00375704
Chain
	Aln	63	+cd64dce5-9be3-4d2f-b36a-1c781c8e1811 355 2909 2948 -edge_32_0_+disjointig_122_0_7638 31 2592 7638 -1 -1 1905 0.0304744
Chain
	Aln	62	-cd64dce5-9be3-4d2f-b36a-1c781c8e1811 38 2592 2948 +edge_32_0_+disjointig_122_0_7638 5045 7606 7638 -1 -1 1905 0.0304744
Chain
	Aln	50	+f14ce4d4-f412-4407-adc0-7439182aa23a 10 2179 2187 +edge_26_0_+disjointig_12_0_77894 16559 18731 77894 -1 -1 2157 0.00228363
Chain
	Aln	51	-f14ce4d4-f412-4407-adc0-7439182aa23a 7 2176 2187 -edge_26_0_+disjointig_12_0_77894 59162 61334 77894 -1 -1 2157 0.00228363
Chain
	Aln	390	+6940fd42-2ee2-4371-bd0b-a1aad5fa63e5 12 3660 3665 +edge_196_0_+disjointig_49_0_33326 4024 7672 33326 -1 -1 3640 0.00227186
Chain
	Aln	391	-6940fd42-2ee2-4371-bd0b-a1aad5fa63e5 4 3652 3665 -edge_196_0_+disjointig_49_0_33326 25653 29301 33326 -1 -1 3640 0.00227186
Chain
	Aln	262	+45956ab3-fab0-4b2e-a3fb-9f5c19f53fbd 20 1103 1111 +edge_132_0_+disjointig_37_0_12277 9586 10669 12277 -1 -1 1064 0.00306211
Chain
	Aln	263	-45956ab3-fab0-4b2e-a3fb-9f5c19f53fbd 7 1090 1111 -edge_132_0_+disjointig_37_0_12277 1607 2690 12277 -1 -1 1064 0.00306211
Chain
	Aln	244	+d14b9b64-0b05-4b7a-9266-ac1255c78f22 2 2674 2680 +edge_123_0_+disjointig_31_0_7100 3866 6536 7100 -1 -1 2619 0.00128232
Chain
	Aln	245	-d14b9b64-0b05-4b7a-9266-ac1255c78f22 5 2677 2680 -edge_123_0_+disjointig_31_0_7100 563 3233 7100 -1 -1 2619 0.00128232
Chain
	Aln	245	+63e511d9-1703-4b4d-95ea-6994b6cadb4e 11 3191 3211 -edge_123_0_+disjointig_31_0_7100 10 3186 7100 -1 -1 3059 0.00383725
Chain
	Aln	244	-63e511d9-1703-4b4d-95ea-6994b6cadb4e 19 3199 3211 +edge_123_0_+disjointig_31_0_7100 3913 7089 7100 -1 -1 3059 0.00383725
Chain
	Aln	80	+20123de6-747c-4662-af51-984cbd9e6255 180 4903 4914 +edge_41_0_-disjointig_20_8275_13075 1 4722 4800 -1 -1 4623 0.00343694
Chain
	Aln	81	-20123de6-747c-4662-af51-984cbd9e6255 10 4733 4914 -edge_41_0_-disjointig_20_8275_13075 77 4798 4800 -1 -1 4623 0.00343694
Chain
	Aln	8	+9bba651e-219e-43dc-a797-99372ecfc91a 15 1679 1685 +edge_5_0_+disjointig_103_0_3895 85 1748 3895 -1 -1 1653 0.00260773
Chain
	Aln	9	-9bba651e-219e-43dc-a797-99372ecfc91a 5 1669 1685 -edge_5_0_+disjointig_103_0_3895 2146 3809 3895 -1 -1 1653 0.00260773
Chain
	Aln	327	+8a90f0c7-ecde-412a-bdac-a86dff59be9e 8 1535 1538 -edge_164_0_+disjointig_75_0_32040 18197 19727 32040 -1 -1 1505 0.00278742
Chain
	Aln	326	-8a90f0c7-ecde-412a-bdac-a86dff59be9e 2 1529 1538 +edge_164_0_+disjointig_75_0_32040 12312 13842 32040 -1 -1 1505 0.00278742
Chain
	Aln	358	+4e1f02ec-b7e3-4277-87ba-a4ce4ea0841d 7 1718 1721 +edge_180_0_+disjointig_90_0_36546 34256 35961 36546 -1 -1 1670 0.00303329
Chain
	Aln	359	-4e1f02ec-b7e3-4277-87ba-a4ce4ea0841d 2 1713 1721 -edge_180_0_+disjointig_90_0_36546 584 2289 36546 -1 -1 1670 0.00303329
Chain
	Aln	345	+a5e2f694-0446-4021-b70c-aab12236985b 1351 4137 4151 -edge_173_0_+disjointig_83_0_15263 4 2776 15263 -1 -1 1925 0.0309165
Chain
	Aln	344	-a5e2f694-0446-4021-b70c-aab12236985b 13 2799 4151 +edge_173_0_+disjointig_83_0_15263 12486 15258 15263 -1 -1 1925 0.0309165
Chain
	Aln	9	+c1d06c7e-0403-4ece-ba9e-d4b6e932093e 9 1911 2039 -edge_5_0_+disjointig_103_0_3895 1991 3894 3895 -1 -1 1845 0.00485867
Chain
	Aln	8	-c1d06c7e-0403-4ece-ba9e-d4b6e932093e 127 2029 2039 +edge_5_0_+disjointig_103_0_3895 0 1903 3895 -1 -1 1845 0.00485867
Chain
	Aln	390	+250d4fa8-c04f-4433-86ad-e92e448f24d9 15 4543 4579 +edge_196_0_+disjointig_49_0_33326 21564 26101 33326 -1 -1 4406 0.00210425
Chain
	Aln	391	-250d4fa8-c04f-4433-86ad-e92e448f24d9 35 4563 4579 -edge_196_0_+disjointig_49_0_33326 7224 11761 33326 -1 -1 4406 0.00210425
Chain
	Aln	393	+f5d1ff51-bd37-4a0e-b982-7faed72c2c95 22 4687 5461 -edge_197_0_+disjointig_34_4542_22930 13712 18375 18388 -1 -1 4589 0.0017689
	Aln	391	+f5d1ff51-bd37-4a0e-b982-7faed72c2c95 4712 5459 5461 -edge_196_0_+disjointig_49_0_33326 13 762 33326 -1 -1 733 0.00522175
Chain
	Aln	390	-f5d1ff51-bd37-4a0e-b982-7faed72c2c95 1 748 5461 +edge_196_0_+disjointig_49_0_33326 32563 33312 33326 -1 -1 733 0.00522175
	Aln	392	-f5d1ff51-bd37-4a0e-b982-7faed72c2c95 773 5438 5461 +edge_197_0_+disjointig_34_4542_22930 12 4675 18388 -1 -1 4589 0.0017689
Chain
	Aln	393	+4f5708a7-b045-4618-ba5f-7efdeac6e519 20 4724 4729 -edge_197_0_+disjointig_34_4542_22930 9997 14702 18388 -1 -1 4632 0.00292112
Chain
	Aln	392	-4f5708a7-b045-4618-ba5f-7efdeac6e519 4 4708 4729 +edge_197_0_+disjointig_34_4542_22930 3685 8390 18388 -1 -1 4632 0.00292112
Chain
	Aln	241	+f3931ad8-9259-4b9a-a3f2-859ca0b50afd 13 4712 4723 -edge_121_0_+disjointig_3_0_4723 12 4712 4723 -1 -1 4660 0.000789378
Chain
	Aln	240	-f3931ad8-9259-4b9a-a3f2-859ca0b50afd 10 4709 4723 +edge_121_0_+disjointig_3_0_4723 10 4710 4723 -1 -1 4660 0.000789378
Chain
	Aln	358	+149c0505-b713-47ff-8d3c-35a7d5da0e61 15 1979 1994 +edge_180_0_+disjointig_90_0_36546 34102 36069 36546 -1 -1 1953 0
Chain
	Aln	359	-149c0505-b713-47ff-8d3c-35a7d5da0e61 14 1978 1994 -edge_180_0_+disjointig_90_0_36546 476 2443 36546 -1 -1 1953 0
Chain
	Aln	149	+3a3bf81d-c973-4556-a5e8-fb9179047af8 16 3205 3207 -edge_75_0_+disjointig_142_0_5582 2387 5580 5582 -1 -1 3150 0.00278198
Chain
	Aln	148	-3a3bf81d-c973-4556-a5e8-fb9179047af8 1 3190 3207 +edge_75_0_+disjointig_142_0_5582 1 3194 5582 -1 -1 3150 0.00278198
Chain
	Aln	346	+d8561232-b896-46ca-94b4-46adada547e0 5 1903 1905 +edge_174_0_+disjointig_84_0_10565 6689 8587 10565 -1 -1 1889 0.00269733
Chain
	Aln	347	-d8561232-b896-46ca-94b4-46adada547e0 1 1899 1905 -edge_174_0_+disjointig_84_0_10565 1977 3875 10565 -1 -1 1889 0.00269733
Chain
	Aln	372	+8786fef6-9e40-4bcb-98b9-37761f6b0235 9 1618 1623 +edge_187_0_+disjointig_98_0_17892 2425 4028 17892 -1 -1 1493 0.0057489
Chain
	Aln	373	-8786fef6-9e40-4bcb-98b9-37761f6b0235 4 1613 1623 -edge_187_0_+disjointig_98_0_17892 13863 15466 17892 -1 -1 1493 0.0057489
Chain
	Aln	391	+c8e31187-b1c1-4c3a-9e5f-93ad5fbdc29e 16 6650 10659 -edge_196_0_+disjointig_49_0_33326 5059 11700 33326 -1 -1 6507 0.00166364
Chain
	Aln	390	-c8e31187-b1c1-4c3a-9e5f-93ad5fbdc29e 4008 10642 10659 +edge_196_0_+disjointig_49_0_33326 21625 28266 33326 -1 -1 6507 0.00166364
Chain
	Aln	64	+f35b3015-e814-4fba-bab7-3c61f795f797 13363 14796 18626 +edge_33_5_+disjointig_68_4224_5685 6 1455 1461 -1 -1 1388 0.00470609
Chain
	Aln	65	-f35b3015-e814-4fba-bab7-3c61f795f797 3829 5262 18626 -edge_33_5_+disjointig_68_4224_5685 5 1454 1461 -1 -1 1388 0.00470609
Chain
	Aln	278	+a442c551-9af8-4b2e-949b-425fb333a52b 1 3271 3694 +edge_140_0_+disjointig_48_0_17810 11588 14858 17810 -1 -1 3214 0.00291635
Chain
	Aln	279	-a442c551-9af8-4b2e-949b-425fb333a52b 422 3692 3694 -edge_140_0_+disjointig_48_0_17810 2951 6221 17810 -1 -1 3214 0.00291635
Chain
	Aln	391	+88ba5104-df72-4ff3-955f-8e2b6bdd7e7f 9 9531 9537 -edge_196_0_+disjointig_49_0_33326 19205 28726 33326 -1 -1 9448 0.000471103
Chain
	Aln	390	-88ba5104-df72-4ff3-955f-8e2b6bdd7e7f 5 9527 9537 +edge_196_0_+disjointig_49_0_33326 4599 14120 33326 -1 -1 9448 0.000471103
Chain
	Aln	221	+631da793-1b40-4dba-916f-0710bcf37ef8 7 1148 1151 -edge_111_0_+disjointig_20_0_20492 13498 14637 20492 -1 -1 1101 0.00365379
Chain
	Aln	220	-631da793-1b40-4dba-916f-0710bcf37ef8 2 1143 1151 +edge_111_0_+disjointig_20_0_20492 5854 6993 20492 -1 -1 1101 0.00365379
Chain
	Aln	235	+b7e85363-ddaa-4085-af03-398547b16ec2 7 3404 3407 -edge_118_0_+disjointig_25_0_12363 8963 12360 12363 -1 -1 3358 0.000731259
Chain
	Aln	234	-b7e85363-ddaa-4085-af03-398547b16ec2 2 3399 3407 +edge_118_0_+disjointig_25_0_12363 2 3399 12363 -1 -1 3358 0.000731259
Chain
	Aln	328	+fb37ea95-bb49-466d-8cdd-5f63b1c98074 10 1456 1464 +edge_165_0_+disjointig_76_0_14078 7944 9390 14078 -1 -1 1439 0.00150618
Chain
	Aln	329	-fb37ea95-bb49-466d-8cdd-5f63b1c98074 7 1453 1464 -edge_165_0_+disjointig_76_0_14078 4687 6133 14078 -1 -1 1439 0.00150618
Chain
	Aln	10	+648a6225-5911-4b36-8bae-7bab15aa15ed 21 2338 3639 +edge_6_0_+disjointig_104_0_4910 2581 4902 4910 -1 -1 2283 0.00155003
Chain
	Aln	11	-648a6225-5911-4b36-8bae-7bab15aa15ed 1300 3617 3639 -edge_6_0_+disjointig_104_0_4910 7 2328 4910 -1 -1 2283 0.00155003
Chain
	Aln	178	+a5dfc650-a25b-4fd1-82d3-422fd4604a75 5 1398 1400 +edge_90_0_+disjointig_154_0_8307 1015 2408 8307 -1 -1 1333 0.00641131
Chain
	Aln	179	-a5dfc650-a25b-4fd1-82d3-422fd4604a75 1 1394 1400 -edge_90_0_+disjointig_154_0_8307 5898 7291 8307 -1 -1 1333 0.00641131
Chain
	Aln	179	+1c539783-4d31-4c68-8cbb-2382d90289ad 9 1374 1406 -edge_90_0_+disjointig_154_0_8307 5884 7249 8307 -1 -1 1292 0.00573976
Chain
	Aln	178	-1c539783-4d31-4c68-8cbb-2382d90289ad 31 1396 1406 +edge_90_0_+disjointig_154_0_8307 1057 2422 8307 -1 -1 1292 0.00573976
Chain
	Aln	393	+31897a12-f58d-4fe0-bb84-999e9fb47def 23 6919 6930 -edge_197_0_+disjointig_34_4542_22930 4639 11529 18388 -1 -1 6851 0.000694333
Chain
	Aln	392	-31897a12-f58d-4fe0-bb84-999e9fb47def 10 6906 6930 +edge_197_0_+disjointig_34_4542_22930 6858 13748 18388 -1 -1 6851 0.000694333
Chain
	Aln	348	+2ade64df-4bf6-43ae-b6f1-2aa4776b840b 33 3785 3794 +edge_175_0_+disjointig_85_0_10783 1610 5362 10783 -1 -1 3643 0.00420396
Chain
	Aln	349	-2ade64df-4bf6-43ae-b6f1-2aa4776b840b 8 3760 3794 -edge_175_0_+disjointig_85_0_10783 5420 9172 10783 -1 -1 3643 0.00420396
Chain
	Aln	369	+077995c1-4629-43e9-8e99-6b3b47a356cf 0 5308 5310 -edge_185_0_+disjointig_96_0_18283 12978 18281 18283 -1 -1 5220 0.00125899
Chain
	Aln	368	-077995c1-4629-43e9-8e99-6b3b47a356cf 1 5309 5310 +edge_185_0_+disjointig_96_0_18283 1 5304 18283 -1 -1 5220 0.00125899
Chain
	Aln	373	+6315b4fd-79c7-4aae-b6ac-f343dac12560 8 3877 3881 -edge_187_0_+disjointig_98_0_17892 6205 10076 17892 -1 -1 3848 0.00216869
Chain
	Aln	372	-6315b4fd-79c7-4aae-b6ac-f343dac12560 3 3872 3881 +edge_187_0_+disjointig_98_0_17892 7815 11686 17892 -1 -1 3848 0.00216869
Chain
	Aln	51	+ba2eee68-cb40-48b4-b4e1-ec98d178e78b 10 1167 1171 -edge_26_0_+disjointig_12_0_77894 46378 47535 77894 -1 -1 1133 0.00268121
Chain
	Aln	50	-ba2eee68-cb40-48b4-b4e1-ec98d178e78b 3 1160 1171 +edge_26_0_+disjointig_12_0_77894 30358 31515 77894 -1 -1 1133 0.00268121
Chain
	Aln	313	+a38b6de4-0c3e-4580-823c-783db5dd76e7 13 3470 3472 -edge_157_0_+disjointig_65_0_6428 2971 6426 6428 -1 -1 3408 0.00127862
Chain
	Aln	312	-a38b6de4-0c3e-4580-823c-783db5dd76e7 1 3458 3472 +edge_157_0_+disjointig_65_0_6428 1 3456 6428 -1 -1 3408 0.00127862
Chain
	Aln	312	+7791692d-8ef6-4dcc-94f3-9f99ccf29aaa 21 3459 3463 +edge_157_0_+disjointig_65_0_6428 1 3446 6428 -1 -1 3314 0.00362774
Chain
	Aln	313	-7791692d-8ef6-4dcc-94f3-9f99ccf29aaa 3 3441 3463 -edge_157_0_+disjointig_65_0_6428 2981 6426 6428 -1 -1 3314 0.00362774
Chain
	Aln	242	+b9728d86-2ed3-454d-9d59-8143995ad16a 368 2416 2425 +edge_122_0_+disjointig_30_0_10881 7517 9565 10881 -1 -1 2048 0
Chain
	Aln	243	-b9728d86-2ed3-454d-9d59-8143995ad16a 8 2056 2425 -edge_122_0_+disjointig_30_0_10881 1315 3363 10881 -1 -1 2048 0
Chain
	Aln	87	+865ae5f5-03dd-4027-b0a5-a8c920e1c3d1 17 4562 8269 -edge_44_0_+disjointig_123_0_4561 16 4560 4561 -1 -1 4481 0.000523955
Chain
	Aln	86	-865ae5f5-03dd-4027-b0a5-a8c920e1c3d1 3706 8251 8269 +edge_44_0_+disjointig_123_0_4561 0 4544 4561 -1 -1 4481 0.000523955
Chain
	Aln	157	+2c500b93-d7ee-4764-98e9-3103bd00526f 10 3106 3108 -edge_79_0_+disjointig_144_0_5655 9 3100 5655 -1 -1 3022 0.00358694
Chain
	Aln	156	-2c500b93-d7ee-4764-98e9-3103bd00526f 1 3097 3108 +edge_79_0_+disjointig_144_0_5655 2554 5645 5655 -1 -1 3022 0.00358694
Chain
	Aln	283	+90202bed-7bc8-40d2-9cb9-10ce815f6b8c 16 7516 7726 -edge_142_0_+disjointig_50_0_7518 15 7517 7518 -1 -1 7467 0
Chain
	Aln	282	-90202bed-7bc8-40d2-9cb9-10ce815f6b8c 209 7709 7726 +edge_142_0_+disjointig_50_0_7518 0 7502 7518 -1 -1 7467 0
Chain
	Aln	171	+0eac60c0-6189-469f-b298-58f10cfd6063 6 1943 1950 -edge_86_0_+disjointig_150_0_18227 12871 14809 18227 -1 -1 1922 0.00198377
Chain
	Aln	170	-0eac60c0-6189-469f-b298-58f10cfd6063 6 1943 1950 +edge_86_0_+disjointig_150_0_18227 3417 5355 18227 -1 -1 1922 0.00198377
Chain
	Aln	123	+593bcc05-d149-491f-9b3f-8b2f481f9fc5 11637 14535 14886 -edge_62_0_+disjointig_133_0_14255 13 3029 14255 -1 -1 2434 0.0108178
Chain
	Aln	14	+593bcc05-d149-491f-9b3f-8b2f481f9fc5 9699 11322 14886 +edge_8_1_+disjointig_67_8547_10272 6 1719 1725 -1 -1 1441 0.0119367
Chain
	Aln	122	-593bcc05-d149-491f-9b3f-8b2f481f9fc5 350 3248 14886 +edge_62_0_+disjointig_133_0_14255 11225 14241 14255 -1 -1 2434 0.0108178
Chain
	Aln	15	-593bcc05-d149-491f-9b3f-8b2f481f9fc5 3563 5186 14886 -edge_8_1_+disjointig_67_8547_10272 5 1718 1725 -1 -1 1441 0.0119367
Chain
	Aln	390	+c2fd7e75-bd20-4133-bbeb-e4360adcbc65 6 8944 8948 +edge_196_0_+disjointig_49_0_33326 6 8952 33326 -1 -1 8777 0.00323204
Chain
	Aln	391	-c2fd7e75-bd20-4133-bbeb-e4360adcbc65 3 8941 8948 -edge_196_0_+disjointig_49_0_33326 24373 33319 33326 -1 -1 8777 0.00323204
Chain
	Aln	393	+bce48763-43a5-4453-877d-916a31d5395c 5 1666 1674 -edge_197_0_+disjointig_34_4542_22930 6723 8384 18388 -1 -1 1618 0.00148911
Chain
	Aln	392	-bce48763-43a5-4453-877d-916a31d5395c 7 1668 1674 +edge_197_0_+disjointig_34_4542_22930 10003 11664 18388 -1 -1 1618 0.00148911
Chain
	Aln	392	+d7dc4991-3fd8-4079-b2e0-05493d998ca3 22 4590 4610 +edge_197_0_+disjointig_34_4542_22930 5030 9605 18388 -1 -1 4414 0.00603582
Chain
	Aln	393	-d7dc4991-3fd8-4079-b2e0-05493d998ca3 19 4587 4610 -edge_197_0_+disjointig_34_4542_22930 8782 13357 18388 -1 -1 4414 0.00603582
Chain
	Aln	194	+72065da4-913b-479e-8498-8e6fc436c183 804 1916 1920 +edge_98_0_+disjointig_161_0_2486 549 1659 2486 -1 -1 1009 0.00786728
Chain
	Aln	195	-72065da4-913b-479e-8498-8e6fc436c183 3 1115 1920 -edge_98_0_+disjointig_161_0_2486 826 1936 2486 -1 -1 1009 0.00786728
Chain
	Aln	336	+30bd6e49-9f32-4667-b091-9f3cdf43cc08 265 5607 5609 +edge_169_0_+disjointig_8_0_30726 3 5346 30726 -1 -1 5272 0.000407153
Chain
	Aln	337	-30bd6e49-9f32-4667-b091-9f3cdf43cc08 1 5343 5609 -edge_169_0_+disjointig_8_0_30726 25379 30722 30726 -1 -1 5272 0.000407153
Chain
	Aln	367	+9884698d-b6fe-463f-abf0-875c14b4ba74 8 1717 1724 -edge_184_0_+disjointig_95_0_8884 3940 5646 8884 -1 -1 1697 0.00138524
Chain
	Aln	366	-9884698d-b6fe-463f-abf0-875c14b4ba74 6 1715 1724 +edge_184_0_+disjointig_95_0_8884 3237 4943 8884 -1 -1 1697 0.00138524
Chain
	Aln	388	+2b752f43-1268-42e4-93bd-ab6286973336 3 1973 2580 +edge_195_0_+disjointig_19_1229_9924 6682 8684 8695 -1 -1 1731 0.0132816
	Aln	388	+2b752f43-1268-42e4-93bd-ab6286973336 2047 2559 2580 +edge_195_0_+disjointig_19_1229_9924 1 527 8695 -1 -1 414 0.0233371
Chain
	Aln	389	-2b752f43-1268-42e4-93bd-ab6286973336 20 532 2580 -edge_195_0_+disjointig_19_1229_9924 8167 8693 8695 -1 -1 414 0.0233371
	Aln	389	-2b752f43-1268-42e4-93bd-ab6286973336 606 2576 2580 -edge_195_0_+disjointig_19_1229_9924 10 2012 8695 -1 -1 1731 0.0132816
Chain
	Aln	371	+213486e8-43a2-4eea-a395-7203fc0a24d4 15 1567 1875 -edge_186_0_+disjointig_97_0_2249 696 2248 2249 -1 -1 1548 0.00016602
Chain
	Aln	370	-213486e8-43a2-4eea-a395-7203fc0a24d4 307 1859 1875 +edge_186_0_+disjointig_97_0_2249 0 1552 2249 -1 -1 1548 0.00016602
Chain
	Aln	269	+4d495c5b-d45e-44c9-8939-6c9333b7ab6c 19 2480 2487 -edge_135_0_+disjointig_41_0_2486 18 2479 2486 -1 -1 2377 0.00191337
Chain
	Aln	268	-4d495c5b-d45e-44c9-8939-6c9333b7ab6c 6 2467 2487 +edge_135_0_+disjointig_41_0_2486 6 2467 2486 -1 -1 2377 0.00191337
Chain
	Aln	147	+124f2ba0-a942-4062-95df-5982dca183f2 14 4020 4035 -edge_74_0_+disjointig_141_0_9137 13 4022 9137 -1 -1 3935 0.0015879
Chain
	Aln	146	-124f2ba0-a942-4062-95df-5982dca183f2 14 4020 4035 +edge_74_0_+disjointig_141_0_9137 5114 9123 9137 -1 -1 3935 0.0015879
Chain
	Aln	244	+5b0aa82a-a36e-4940-9a00-1ad2e77777e8 301 1741 1746 +edge_123_0_+disjointig_31_0_7100 1 1441 7100 -1 -1 1425 0
Chain
	Aln	245	-5b0aa82a-a36e-4940-9a00-1ad2e77777e8 4 1444 1746 -edge_123_0_+disjointig_31_0_7100 5658 7098 7100 -1 -1 1425 0
Chain
	Aln	378	+c48e7b39-331d-4cc5-8b6e-4ee2c1eaabce 10 1401 1485 +edge_190_0_+disjointig_130_19960_30443 9086 10475 10483 -1 -1 1376 0
Chain
	Aln	379	-c48e7b39-331d-4cc5-8b6e-4ee2c1eaabce 83 1474 1485 -edge_190_0_+disjointig_130_19960_30443 7 1396 10483 -1 -1 1376 0
Chain
	Aln	393	+39c08fcf-61f3-4d43-a2f1-e772b93a0fb0 6 1674 1677 -edge_197_0_+disjointig_34_4542_22930 4670 6346 18388 -1 -1 1522 0.00950106
Chain
	Aln	392	-39c08fcf-61f3-4d43-a2f1-e772b93a0fb0 2 1670 1677 +edge_197_0_+disjointig_34_4542_22930 12041 13717 18388 -1 -1 1522 0.00950106
Chain
	Aln	274	+9512b6df-c726-41ea-89b7-55e6692876af 9 1078 1096 +edge_138_0_+disjointig_45_0_8767 6897 7967 8767 -1 -1 1065 0.00203633
Chain
	Aln	275	-9512b6df-c726-41ea-89b7-55e6692876af 17 1086 1096 -edge_138_0_+disjointig_45_0_8767 799 1869 8767 -1 -1 1065 0.00203633
Chain
	Aln	368	+a3968199-27d0-48ff-a439-d2b1e31487c2 1 12901 12904 +edge_185_0_+disjointig_96_0_18283 3276 16172 18283 -1 -1 12833 0
Chain
	Aln	369	-a3968199-27d0-48ff-a439-d2b1e31487c2 2 12902 12904 -edge_185_0_+disjointig_96_0_18283 2110 15006 18283 -1 -1 12833 0
Chain
	Aln	303	+75781c25-8c5c-471b-a98e-a63eb202189b 4 2331 2333 -edge_152_0_+disjointig_60_0_7918 5591 7916 7918 -1 -1 2277 0.00242545
Chain
	Aln	302	-75781c25-8c5c-471b-a98e-a63eb202189b 1 2328 2333 +edge_152_0_+disjointig_60_0_7918 1 2326 7918 -1 -1 2277 0.00242545
Chain
	Aln	195	+2bcfa435-689b-462b-be32-021a1dcd759c 4 1089 1092 -edge_98_0_+disjointig_161_0_2486 788 1870 2486 -1 -1 1018 0.0074327
Chain
	Aln	194	-2bcfa435-689b-462b-be32-021a1dcd759c 2 1087 1092 +edge_98_0_+disjointig_161_0_2486 615 1697 2486 -1 -1 1018 0.0074327
Chain
	Aln	194	+f15314cc-d103-4299-be1c-c6e6f37f0c2d 10 1086 1088 +edge_98_0_+disjointig_161_0_2486 604 1680 2486 -1 -1 1007 0.00694274
Chain
	Aln	195	-f15314cc-d103-4299-be1c-c6e6f37f0c2d 1 1077 1088 -edge_98_0_+disjointig_161_0_2486 805 1881 2486 -1 -1 1007 0.00694274
Chain
	Aln	324	+4e5f8135-d0fb-4959-a66f-ef9db50db14e 8 1710 1713 +edge_163_0_+disjointig_74_0_17682 12803 14511 17682 -1 -1 1670 0.00313047
Chain
	Aln	325	-4e5f8135-d0fb-4959-a66f-ef9db50db14e 2 1704 1713 -edge_163_0_+disjointig_74_0_17682 3170 4878 17682 -1 -1 1670 0.00313047
Chain
	Aln	51	+15343bad-3080-447a-81aa-0f24c60df9d3 7 5856 5861 -edge_26_0_+disjointig_12_0_77894 54261 60103 77894 -1 -1 5747 0.00216355
Chain
	Aln	50	-15343bad-3080-447a-81aa-0f24c60df9d3 4 5853 5861 +edge_26_0_+disjointig_12_0_77894 17790 23632 77894 -1 -1 5747 0.00216355
Chain
	Aln	374	+f2d4f7ab-b9e7-4a47-aaf7-b84f036eb1c6 12 3586 3594 +edge_188_0_+disjointig_99_0_9366 3343 6921 9366 -1 -1 3556 0.00187794
Chain
	Aln	375	-f2d4f7ab-b9e7-4a47-aaf7-b84f036eb1c6 7 3581 3594 -edge_188_0_+disjointig_99_0_9366 2444 6022 9366 -1 -1 3556 0.00187794
Chain
	Aln	294	+c5c43943-4629-421a-833e-326e78eac1ef 11 1050 1053 +edge_148_0_+disjointig_57_0_7425 5646 6687 7425 -1 -1 1030 0.00533852
Chain
	Aln	295	-c5c43943-4629-421a-833e-326e78eac1ef 2 1041 1053 -edge_148_0_+disjointig_57_0_7425 737 1778 7425 -1 -1 1030 0.00533852
Chain
	Aln	233	+ed9dd8b1-1cdf-412e-bc98-1b9347139c2d 18 2185 2194 -edge_117_0_+disjointig_24_0_24953 13733 15900 24953 -1 -1 2151 0.00230389
Chain
	Aln	232	-ed9dd8b1-1cdf-412e-bc98-1b9347139c2d 8 2175 2194 +edge_117_0_+disjointig_24_0_24953 9052 11219 24953 -1 -1 2151 0.00230389
Chain
	Aln	393	+b8f457b2-758b-4a95-a871-cc952df39752 9 2185 2194 -edge_197_0_+disjointig_34_4542_22930 10227 12403 18388 -1 -1 2168 0.000402842
Chain
	Aln	392	-b8f457b2-758b-4a95-a871-cc952df39752 8 2184 2194 +edge_197_0_+disjointig_34_4542_22930 5984 8160 18388 -1 -1 2168 0.000402842
Chain
	Aln	230	+c3d63612-a6c6-4fa3-8a22-b33de8e2b8a0 3 1241 1244 +edge_116_0_+disjointig_23_0_7388 3619 4860 7388 -1 -1 1222 0.00146549
Chain
	Aln	231	-c3d63612-a6c6-4fa3-8a22-b33de8e2b8a0 2 1240 1244 -edge_116_0_+disjointig_23_0_7388 2527 3768 7388 -1 -1 1222 0.00146549
Chain
	Aln	171	+7f7a228e-a28c-43ac-9aa3-33d5692f2c2e 13 1224 1227 -edge_86_0_+disjointig_150_0_18227 1251 2460 18227 -1 -1 1200 0.000837389
Chain
	Aln	170	-7f7a228e-a28c-43ac-9aa3-33d5692f2c2e 2 1213 1227 +edge_86_0_+disjointig_150_0_18227 15766 16975 18227 -1 -1 1200 0.000837389
Chain
	Aln	260	+b31bd4fe-c7d9-4b30-a15c-66bf1b6c7150 31 1860 3338 +edge_131_0_+disjointig_36_0_2465 630 2459 2465 -1 -1 1772 0.00271146
Chain
	Aln	261	-b31bd4fe-c7d9-4b30-a15c-66bf1b6c7150 1477 3306 3338 -edge_131_0_+disjointig_36_0_2465 5 1834 2465 -1 -1 1772 0.00271146
Chain
	Aln	304	+8cf4b53f-5018-4033-9b7d-fc21b716ee5f 2457 15260 15270 +edge_153_0_+disjointig_61_0_12819 1 12810 12819 -1 -1 12624 0.00137219
Chain
	Aln	305	-8cf4b53f-5018-4033-9b7d-fc21b716ee5f 9 12812 15270 -edge_153_0_+disjointig_61_0_12819 8 12817 12819 -1 -1 12624 0.00137219
Chain
	Aln	390	+e3c94d3a-7120-413d-b769-c16f41c39ec9 11 1189 1191 +edge_196_0_+disjointig_49_0_33326 24375 25554 33326 -1 -1 1161 0.00205047
Chain
	Aln	391	-e3c94d3a-7120-413d-b769-c16f41c39ec9 1 1179 1191 -edge_196_0_+disjointig_49_0_33326 7771 8950 33326 -1 -1 1161 0.00205047
Chain
	Aln	359	+94dc16e1-d42d-460c-8236-d57c7a851473 8 1454 1458 -edge_180_0_+disjointig_90_0_36546 33854 35300 36546 -1 -1 1438 0
Chain
	Aln	358	-94dc16e1-d42d-460c-8236-d57c7a851473 3 1449 1458 +edge_180_0_+disjointig_90_0_36546 1245 2691 36546 -1 -1 1438 0
Chain
	Aln	327	+fe59fce9-11b6-4c12-bcdf-1d408ba8d7f5 8 1628 1634 -edge_164_0_+disjointig_75_0_32040 9126 10745 32040 -1 -1 1618 0.00396268
Chain
	Aln	326	-fe59fce9-11b6-4c12-bcdf-1d408ba8d7f5 5 1625 1634 +edge_164_0_+disjointig_75_0_32040 21294 22913 32040 -1 -1 1618 0.00396268
Chain
	Aln	14	+8817ef70-b0c8-424a-884d-6544569cae1d 583 2298 2597 +edge_8_1_+disjointig_67_8547_10272 6 1719 1725 -1 -1 1704 0.00178649
Chain
	Aln	15	-8817ef70-b0c8-424a-884d-6544569cae1d 298 2013 2597 -edge_8_1_+disjointig_67_8547_10272 5 1718 1725 -1 -1 1704 0.00178649
Chain
	Aln	287	+3e1f45f1-ea68-4c2f-85f9-0778a7cbf787 63 3485 3490 -edge_144_0_+disjointig_53_0_13603 5128 8572 13603 -1 -1 2833 0.0229233
Chain
	Aln	286	-3e1f45f1-ea68-4c2f-85f9-0778a7cbf787 4 3426 3490 +edge_144_0_+disjointig_53_0_13603 5030 8474 13603 -1 -1 2833 0.0229233
Chain
	Aln	330	+bfbfc38c-23a6-456a-bcd6-5fb539069f41 1162 2367 2375 +edge_166_0_+disjointig_77_0_10890 15 1219 10890 -1 -1 1190 0.00361984
Chain
	Aln	331	-bfbfc38c-23a6-456a-bcd6-5fb539069f41 7 1212 2375 -edge_166_0_+disjointig_77_0_10890 9670 10874 10890 -1 -1 1190 0.00361984
Chain
	Aln	310	+46638971-4202-425f-95e2-e2caa2ae537f 73 8311 8314 +edge_156_0_+disjointig_64_0_16038 6874 15103 16038 -1 -1 8105 0.000892296
Chain
	Aln	311	-46638971-4202-425f-95e2-e2caa2ae537f 2 8240 8314 -edge_156_0_+disjointig_64_0_16038 934 9163 16038 -1 -1 8105 0.000892296
Chain
	Aln	390	+a2af73e3-0991-4027-8ce3-c3e969935ea1 32 2288 2312 +edge_196_0_+disjointig_49_0_33326 1395 3651 33326 -1 -1 2241 0.00207706
Chain
	Aln	391	-a2af73e3-0991-4027-8ce3-c3e969935ea1 23 2279 2312 -edge_196_0_+disjointig_49_0_33326 29674 31930 33326 -1 -1 2241 0.00207706
Chain
	Aln	371	+956bde83-b971-41d3-82d5-b317983fda6a 9 1312 2780 -edge_186_0_+disjointig_97_0_2249 945 2248 2249 -1 -1 1303 0
Chain
	Aln	370	-956bde83-b971-41d3-82d5-b317983fda6a 1467 2770 2780 +edge_186_0_+disjointig_97_0_2249 0 1303 2249 -1 -1 1303 0
Chain
	Aln	327	+06fb24c1-fa3f-45f6-9b7d-ab386eab3b18 11 8246 8252 -edge_164_0_+disjointig_75_0_32040 20705 28950 32040 -1 -1 8172 0.00118317
Chain
	Aln	326	-06fb24c1-fa3f-45f6-9b7d-ab386eab3b18 5 8240 8252 +edge_164_0_+disjointig_75_0_32040 3089 11334 32040 -1 -1 8172 0.00118317
Chain
	Aln	118	+1da23332-a7f7-4907-abc2-c6a8d9f38b4f 14 1304 1307 +edge_60_0_-disjointig_17_10739_35048 5070 6360 24309 -1 -1 1290 0
Chain
	Aln	119	-1da23332-a7f7-4907-abc2-c6a8d9f38b4f 2 1292 1307 -edge_60_0_-disjointig_17_10739_35048 17948 19238 24309 -1 -1 1290 0
Chain
	Aln	392	+b7c8b036-9adc-4eb7-925e-9da51a9d4899 13 2966 2968 +edge_197_0_+disjointig_34_4542_22930 751 3704 18388 -1 -1 2929 0.0012534
Chain
	Aln	393	-b7c8b036-9adc-4eb7-925e-9da51a9d4899 1 2954 2968 -edge_197_0_+disjointig_34_4542_22930 14683 17636 18388 -1 -1 2929 0.0012534
Chain
	Aln	28	+b67aa05f-ec32-4d13-8c4c-a79e81e1309e 5 4309 6973 +edge_15_0_+disjointig_109_0_5385 982 5375 5385 -1 -1 3946 0.00840228
Chain
	Aln	29	-b67aa05f-ec32-4d13-8c4c-a79e81e1309e 2663 6967 6973 -edge_15_0_+disjointig_109_0_5385 9 4402 5385 -1 -1 3946 0.00840228
Chain
	Aln	336	+e7c10793-f16b-4f06-8f3f-a4dbb8b0023b 10 5704 5707 +edge_169_0_+disjointig_8_0_30726 11327 17019 30726 -1 -1 5655 0
Chain
	Aln	337	-e7c10793-f16b-4f06-8f3f-a4dbb8b0023b 2 5696 5707 -edge_169_0_+disjointig_8_0_30726 13706 19398 30726 -1 -1 5655 0
Chain
	Aln	331	+ac5c7aa4-9957-4dab-a87a-a88ead8ac9a1 1 3448 3451 -edge_166_0_+disjointig_77_0_10890 7440 10887 10890 -1 -1 3317 0.00447047
Chain
	Aln	330	-ac5c7aa4-9957-4dab-a87a-a88ead8ac9a1 2 3449 3451 +edge_166_0_+disjointig_77_0_10890 2 3449 10890 -1 -1 3317 0.00447047
Chain
	Aln	182	+0447fe12-bd1a-4728-9fbe-d3d1f5b34b7f 4 4118 4121 +edge_92_0_+disjointig_156_0_7859 3723 7857 7859 -1 -1 3930 0.00499875
Chain
	Aln	183	-0447fe12-bd1a-4728-9fbe-d3d1f5b34b7f 2 4116 4121 -edge_92_0_+disjointig_156_0_7859 1 4135 7859 -1 -1 3930 0.00499875
Chain
	Aln	394	+855840cd-7820-45c7-84ae-ce764a80e4a1 70 1147 1157 +edge_198_0_+disjointig_35_1521_5895 775 1852 4374 -1 -1 1071 0.00369181
Chain
	Aln	395	-855840cd-7820-45c7-84ae-ce764a80e4a1 9 1086 1157 -edge_198_0_+disjointig_35_1521_5895 2521 3598 4374 -1 -1 1071 0.00369181
Chain
	Aln	156	+7f285f37-6e67-4449-a872-c5e4b4d68894 1 5446 5451 +edge_79_0_+disjointig_144_0_5655 1 5446 5655 -1 -1 5411 0.00139711
Chain
	Aln	157	-7f285f37-6e67-4449-a872-c5e4b4d68894 4 5449 5451 -edge_79_0_+disjointig_144_0_5655 208 5653 5655 -1 -1 5411 0.00139711
Chain
	Aln	51	+10eb5896-1f9a-472a-a776-e9144c951f23 8 1564 1566 -edge_26_0_+disjointig_12_0_77894 720 2273 77894 -1 -1 1516 0.00333469
Chain
	Aln	50	-10eb5896-1f9a-472a-a776-e9144c951f23 1 1557 1566 +edge_26_0_+disjointig_12_0_77894 75620 77173 77894 -1 -1 1516 0.00333469
Chain
	Aln	208	+7ba8c0bc-a1ef-403c-8ea1-56bf15cd8c42 13 1038 1048 +edge_105_0_+disjointig_169_0_10209 5470 6495 10209 -1 -1 1025 0
Chain
	Aln	209	-7ba8c0bc-a1ef-403c-8ea1-56bf15cd8c42 9 1034 1048 -edge_105_0_+disjointig_169_0_10209 3713 4738 10209 -1 -1 1025 0
Chain
	Aln	393	+d401dea0-ac6c-4d3b-89dc-d87b065079e0 11 2161 2171 -edge_197_0_+disjointig_34_4542_22930 15399 17550 18388 -1 -1 2138 0.00124712
Chain
	Aln	392	-d401dea0-ac6c-4d3b-89dc-d87b065079e0 9 2159 2171 +edge_197_0_+disjointig_34_4542_22930 837 2988 18388 -1 -1 2138 0.00124712
Chain
	Aln	327	+d4a0285d-0415-4be7-969c-e4dcb03d8b6c 2 1218 1220 -edge_164_0_+disjointig_75_0_32040 19262 20477 32040 -1 -1 1210 0.00135272
Chain
	Aln	326	-d4a0285d-0415-4be7-969c-e4dcb03d8b6c 1 1217 1220 +edge_164_0_+disjointig_75_0_32040 11562 12777 32040 -1 -1 1210 0.00135272
Chain
	Aln	195	+e570ca09-2d66-4b86-8462-09a33321d481 187 1914 1918 -edge_98_0_+disjointig_161_0_2486 30 1795 2486 -1 -1 1260 0.0257848
Chain
	Aln	194	-e570ca09-2d66-4b86-8462-09a33321d481 3 1730 1918 +edge_98_0_+disjointig_161_0_2486 690 2455 2486 -1 -1 1260 0.0257848
Chain
	Aln	240	+7b85d403-ad45-47c9-9173-79557675fb55 7 2547 2553 +edge_121_0_+disjointig_3_0_4723 153 2696 4723 -1 -1 2494 0.000267227
Chain
	Aln	241	-7b85d403-ad45-47c9-9173-79557675fb55 5 2545 2553 -edge_121_0_+disjointig_3_0_4723 2026 4569 4723 -1 -1 2494 0.000267227
Chain
	Aln	392	+5d8b662f-19d5-4315-8c94-ce6574d3429f 10 3194 3201 +edge_197_0_+disjointig_34_4542_22930 9827 13012 18388 -1 -1 3123 0.000743495
Chain
	Aln	393	-5d8b662f-19d5-4315-8c94-ce6574d3429f 6 3190 3201 -edge_197_0_+disjointig_34_4542_22930 5375 8560 18388 -1 -1 3123 0.000743495
Chain
	Aln	393	+248f8426-d53c-4886-ae96-7bf7574a36b7 8 3143 3183 -edge_197_0_+disjointig_34_4542_22930 5357 8502 18388 -1 -1 3048 0.00146549
Chain
	Aln	392	-248f8426-d53c-4886-ae96-7bf7574a36b7 39 3174 3183 +edge_197_0_+disjointig_34_4542_22930 9885 13030 18388 -1 -1 3048 0.00146549
Chain
	Aln	119	+f68c54f4-1da8-4f42-a87a-f99456d9d185 19 4794 4850 -edge_60_0_-disjointig_17_10739_35048 6320 11097 24309 -1 -1 4738 0
Chain
	Aln	118	-f68c54f4-1da8-4f42-a87a-f99456d9d185 55 4830 4850 +edge_60_0_-disjointig_17_10739_35048 13211 17988 24309 -1 -1 4738 0
Chain
	Aln	118	+adb7aa14-cfc4-494b-853a-edd3eaf57414 6 4777 4789 +edge_60_0_-disjointig_17_10739_35048 13198 17973 24309 -1 -1 4756 0
Chain
	Aln	119	-adb7aa14-cfc4-494b-853a-edd3eaf57414 11 4782 4789 -edge_60_0_-disjointig_17_10739_35048 6335 11110 24309 -1 -1 4756 0
Chain
	Aln	112	+683b415a-abc9-4822-8baf-552e9253cc5e 26 3850 3858 +edge_57_0_+disjointig_28_8606_19876 3806 7632 11270 -1 -1 3639 0.00507426
Chain
	Aln	113	-683b415a-abc9-4822-8baf-552e9253cc5e 7 3831 3858 -edge_57_0_+disjointig_28_8606_19876 3637 7463 11270 -1 -1 3639 0.00507426
Chain
	Aln	194	+2c26850c-921a-4ed8-9d94-681915c9c985 231 1313 1315 +edge_98_0_+disjointig_161_0_2486 549 1631 2486 -1 -1 1026 0.00461068
Chain
	Aln	195	-2c26850c-921a-4ed8-9d94-681915c9c985 1 1083 1315 -edge_98_0_+disjointig_161_0_2486 854 1936 2486 -1 -1 1026 0.00461068
Chain
	Aln	178	+bdba99ec-90e2-4ea0-98cf-433911c5ff88 1972 8464 8469 +edge_90_0_+disjointig_154_0_8307 1 6496 8307 -1 -1 6176 0.00409869
Chain
	Aln	179	-bdba99ec-90e2-4ea0-98cf-433911c5ff88 4 6496 8469 -edge_90_0_+disjointig_154_0_8307 1810 8305 8307 -1 -1 6176 0.00409869
Chain
	Aln	125	+0ae9e9f3-2546-4675-b20e-945ca7e94e51 8 3024 3036 -edge_63_0_+disjointig_134_0_4732 1703 4720 4732 -1 -1 2804 0.00756144
Chain
	Aln	124	-0ae9e9f3-2546-4675-b20e-945ca7e94e51 11 3027 3036 +edge_63_0_+disjointig_134_0_4732 11 3028 4732 -1 -1 2804 0.00756144
Chain
	Aln	386	+cf6a57e7-fba4-48cc-b432-02c81fb15bf7 7 3604 3615 +edge_194_0_-disjointig_7_3848_7917 456 4059 4069 -1 -1 3546 0.00228752
Chain
	Aln	387	-cf6a57e7-fba4-48cc-b432-02c81fb15bf7 10 3607 3615 -edge_194_0_-disjointig_7_3848_7917 9 3612 4069 -1 -1 3546 0.00228752
Chain
	Aln	390	+6fb39149-4eb8-49b0-8c74-45e8136d389b 409 2801 2858 +edge_196_0_+disjointig_49_0_33326 25153 27622 33326 -1 -1 1514 0.0395609
Chain
	Aln	391	-6fb39149-4eb8-49b0-8c74-45e8136d389b 56 2448 2858 -edge_196_0_+disjointig_49_0_33326 5703 8172 33326 -1 -1 1514 0.0395609
Chain
	Aln	353	+432f654f-cd7f-47dc-b635-01279b4bc787 10 2200 2208 -edge_177_0_+disjointig_87_0_7618 9 2198 7618 -1 -1 2137 0.00596683
Chain
	Aln	352	-432f654f-cd7f-47dc-b635-01279b4bc787 7 2197 2208 +edge_177_0_+disjointig_87_0_7618 5419 7608 7618 -1 -1 2137 0.00596683
Chain
	Aln	147	+3c83c8aa-ebb1-4d6f-afb7-705bc4a7bccd 16 9139 9141 -edge_74_0_+disjointig_141_0_9137 13 9135 9137 -1 -1 9017 0.000990276
Chain
	Aln	146	-3c83c8aa-ebb1-4d6f-afb7-705bc4a7bccd 1 9124 9141 +edge_74_0_+disjointig_141_0_9137 1 9123 9137 -1 -1 9017 0.000990276
Chain
	Aln	342	+5b76d4f1-66c2-4797-a9b8-70d31ac47e99 9 3827 3835 +edge_172_0_+disjointig_82_0_20311 16491 20304 20311 -1 -1 3785 0.00232425
Chain
	Aln	343	-5b76d4f1-66c2-4797-a9b8-70d31ac47e99 7 3825 3835 -edge_172_0_+disjointig_82_0_20311 6 3819 20311 -1 -1 3785 0.00232425
Chain
	Aln	393	+b6ff9ae3-59e6-455b-8502-f007fd78e8ff 5 1392 1400 -edge_197_0_+disjointig_34_4542_22930 8739 10128 18388 -1 -1 1366 0.00344656
Chain
	Aln	392	-b6ff9ae3-59e6-455b-8502-f007fd78e8ff 7 1394 1400 +edge_197_0_+disjointig_34_4542_22930 8259 9648 18388 -1 -1 1366 0.00344656
Chain
	Aln	287	+66a814aa-1486-4fb4-ba6a-b9c128b947eb 38 5311 5313 -edge_144_0_+disjointig_53_0_13603 41 5329 13603 -1 -1 5118 0.00249413
Chain
	Aln	286	-66a814aa-1486-4fb4-ba6a-b9c128b947eb 1 5274 5313 +edge_144_0_+disjointig_53_0_13603 8273 13561 13603 -1 -1 5118 0.00249413
Chain
	Aln	393	+5d7ef5b0-ef0a-4358-abfb-a9bc337dee50 11 6598 7010 -edge_197_0_+disjointig_34_4542_22930 11792 18387 18388 -1 -1 6555 0.00090329
Chain
	Aln	392	-5d7ef5b0-ef0a-4358-abfb-a9bc337dee50 411 6998 7010 +edge_197_0_+disjointig_34_4542_22930 0 6595 18388 -1 -1 6555 0.00090329
Chain
	Aln	309	+4f96a559-2308-4ee2-82fc-d812b9c7a7f1 15 2583 2586 -edge_155_0_+disjointig_63_0_11607 7463 10029 11607 -1 -1 2502 0.00174868
Chain
	Aln	308	-4f96a559-2308-4ee2-82fc-d812b9c7a7f1 2 2570 2586 +edge_155_0_+disjointig_63_0_11607 1577 4143 11607 -1 -1 2502 0.00174868
Chain
	Aln	331	+53d0ee41-fec1-4e47-93fd-c815a3a02473 5 1200 1203 -edge_166_0_+disjointig_77_0_10890 7161 8357 10890 -1 -1 1192 0.000651428
Chain
	Aln	330	-53d0ee41-fec1-4e47-93fd-c815a3a02473 2 1197 1203 +edge_166_0_+disjointig_77_0_10890 2532 3728 10890 -1 -1 1192 0.000651428
Chain
	Aln	380	+65cf3ae3-8e1f-4826-a1c6-2d44921bcd5c 1 4420 6242 +edge_191_2_-disjointig_28_11270_16365 671 5086 5095 -1 -1 4351 0.00228765
Chain
	Aln	381	-65cf3ae3-8e1f-4826-a1c6-2d44921bcd5c 1821 6240 6242 -edge_191_2_-disjointig_28_11270_16365 8 4423 5095 -1 -1 4351 0.00228765
Chain
	Aln	175	+c28dc669-94e4-4894-a3ea-c0acf6443477 24 4038 4040 -edge_88_0_+disjointig_152_0_8531 4514 8529 8531 -1 -1 3957 0.00310963
Chain
	Aln	174	-c28dc669-94e4-4894-a3ea-c0acf6443477 1 4015 4040 +edge_88_0_+disjointig_152_0_8531 1 4016 8531 -1 -1 3957 0.00310963
Chain
	Aln	193	+09a21369-6504-41a3-9ec4-3850f9474f6d 14 2425 2429 -edge_97_0_+disjointig_160_0_4546 2142 4542 4546 -1 -1 2355 0.00480336
Chain
	Aln	192	-09a21369-6504-41a3-9ec4-3850f9474f6d 3 2414 2429 +edge_97_0_+disjointig_160_0_4546 3 2403 4546 -1 -1 2355 0.00480336
Chain
	Aln	380	+ca1d1bf5-a054-412d-b1f6-1a9417cc1972 59 2753 2756 +edge_191_2_-disjointig_28_11270_16365 37 2733 5095 -1 -1 2652 0.00243343
Chain
	Aln	381	-ca1d1bf5-a054-412d-b1f6-1a9417cc1972 2 2696 2756 -edge_191_2_-disjointig_28_11270_16365 2361 5057 5095 -1 -1 2652 0.00243343
Chain
	Aln	392	+61137bc0-1f6c-46c5-bca5-81383f470aca 11 4380 4413 +edge_197_0_+disjointig_34_4542_22930 5216 9596 18388 -1 -1 4093 0.00865638
Chain
	Aln	393	-61137bc0-1f6c-46c5-bca5-81383f470aca 32 4401 4413 -edge_197_0_+disjointig_34_4542_22930 8791 13171 18388 -1 -1 4093 0.00865638
Chain
	Aln	171	+358d9e67-b54d-4493-9e35-c7a5b62da746 25 18198 19586 -edge_86_0_+disjointig_150_0_18227 26 18202 18227 -1 -1 17600 0.00333863
Chain
	Aln	170	-358d9e67-b54d-4493-9e35-c7a5b62da746 1387 19560 19586 +edge_86_0_+disjointig_150_0_18227 24 18200 18227 -1 -1 17600 0.00333863
Chain
	Aln	35	+f4702f92-8da5-4d23-85c1-06b007d43e85 45 1945 1947 -edge_18_0_+disjointig_112_0_3569 1434 3342 3569 -1 -1 1860 0.00229342
Chain
	Aln	34	-f4702f92-8da5-4d23-85c1-06b007d43e85 1 1901 1947 +edge_18_0_+disjointig_112_0_3569 226 2134 3569 -1 -1 1860 0.00229342
Chain
	Aln	391	+976cf1cc-92a6-4ff6-bdaf-dad327ce8fbe 19 3282 3286 -edge_196_0_+disjointig_49_0_33326 19376 22639 33326 -1 -1 3190 0.00144746
Chain
	Aln	390	-976cf1cc-92a6-4ff6-bdaf-dad327ce8fbe 3 3266 3286 +edge_196_0_+disjointig_49_0_33326 10686 13949 33326 -1 -1 3190 0.00144746
Chain
	Aln	381	+3020b9e8-1b71-434c-b744-d922929a2929 3 1248 1748 -edge_191_2_-disjointig_28_11270_16365 1426 2674 5095 -1 -1 1213 0.00539609
Chain
	Aln	380	-3020b9e8-1b71-434c-b744-d922929a2929 499 1744 1748 +edge_191_2_-disjointig_28_11270_16365 2420 3668 5095 -1 -1 1213 0.00539609
Chain
	Aln	297	+24b44c9d-667e-4a87-ab13-0072376d13b6 24 1830 1838 -edge_149_0_+disjointig_58_0_12320 7379 9185 12320 -1 -1 1800 0.00561471
Chain
	Aln	296	-24b44c9d-667e-4a87-ab13-0072376d13b6 7 1813 1838 +edge_149_0_+disjointig_58_0_12320 3134 4940 12320 -1 -1 1800 0.00561471
Chain
	Aln	168	+16f3ca3a-c5fe-40b8-91a7-60919ed6a3c8 1066 4895 4897 +edge_85_0_+disjointig_15_0_5639 1 3830 5639 -1 -1 3818 0.0014399
Chain
	Aln	169	-16f3ca3a-c5fe-40b8-91a7-60919ed6a3c8 1 3830 4897 -edge_85_0_+disjointig_15_0_5639 1808 5637 5639 -1 -1 3818 0.0014399
Chain
	Aln	390	+fb8c96f7-3e7f-44ed-839c-c4ffa6f3b9ae 3 7058 7075 +edge_196_0_+disjointig_49_0_33326 21717 28770 33326 -1 -1 6962 0.000761011
Chain
	Aln	391	-fb8c96f7-3e7f-44ed-839c-c4ffa6f3b9ae 16 7071 7075 -edge_196_0_+disjointig_49_0_33326 4555 11608 33326 -1 -1 6962 0.000761011
Chain
	Aln	209	+f901f852-23dc-44dc-9a86-661fc4e15be1 14 9825 9827 -edge_105_0_+disjointig_169_0_10209 397 10207 10209 -1 -1 9797 6.72587e-05
Chain
	Aln	208	-f901f852-23dc-44dc-9a86-661fc4e15be1 1 9812 9827 +edge_105_0_+disjointig_169_0_10209 1 9811 10209 -1 -1 9797 6.72587e-05
Chain
	Aln	37	+58351b54-aa71-44fe-8d1f-f058dc854853 9 1104 1387 -edge_19_0_+disjointig_113_0_8194 7099 8193 8194 -1 -1 1083 0.00123316
Chain
	Aln	36	-58351b54-aa71-44fe-8d1f-f058dc854853 282 1377 1387 +edge_19_0_+disjointig_113_0_8194 0 1094 8194 -1 -1 1083 0.00123316
Chain
	Aln	201	+7387fad7-443d-42f9-9b88-7c7f2ae08436 15 3435 3437 -edge_101_0_+disjointig_165_0_3364 14 3362 3364 -1 -1 3102 0.00628633
Chain
	Aln	200	-7387fad7-443d-42f9-9b88-7c7f2ae08436 1 3421 3437 +edge_101_0_+disjointig_165_0_3364 1 3349 3364 -1 -1 3102 0.00628633
Chain
	Aln	380	+eae75a0c-af07-4a5e-bff4-b513abc32c82 4 3669 15525 +edge_191_1_-disjointig_17_5860_10739 1205 4870 4879 -1 -1 3588 0.00338503
	Aln	118	+eae75a0c-af07-4a5e-bff4-b513abc32c82 3682 15522 15525 +edge_60_0_-disjointig_17_10739_35048 4 11847 24309 -1 -1 11456 0.00343864
Chain
	Aln	119	-eae75a0c-af07-4a5e-bff4-b513abc32c82 2 11842 15525 -edge_60_0_-disjointig_17_10739_35048 12461 24304 24309 -1 -1 11456 0.00343864
	Aln	381	-eae75a0c-af07-4a5e-bff4-b513abc32c82 11855 15520 15525 -edge_191_1_-disjointig_17_5860_10739 8 3673 4879 -1 -1 3588 0.00338503
Chain
	Aln	127	+dd500aed-8f17-41ce-be81-f70dabc32813 13 4439 4864 -edge_64_0_+disjointig_135_0_4439 12 4438 4439 -1 -1 4406 0
Chain
	Aln	126	-dd500aed-8f17-41ce-be81-f70dabc32813 424 4850 4864 +edge_64_0_+disjointig_135_0_4439 0 4426 4439 -1 -1 4406 0
Chain
	Aln	391	+92ab0dcd-c074-49af-9b85-a05dc4969d24 27 1225 1233 -edge_196_0_+disjointig_49_0_33326 10808 11980 33326 -1 -1 1116 0.0029324
Chain
	Aln	390	-92ab0dcd-c074-49af-9b85-a05dc4969d24 7 1205 1233 +edge_196_0_+disjointig_49_0_33326 21345 22517 33326 -1 -1 1116 0.0029324
Chain
	Aln	391	+2c1f8dbd-93b7-4453-82bb-5f3d05e14202 17 1875 1877 -edge_196_0_+disjointig_49_0_33326 4305 6166 33326 -1 -1 1828 0.00448108
Chain
	Aln	390	-2c1f8dbd-93b7-4453-82bb-5f3d05e14202 1 1859 1877 +edge_196_0_+disjointig_49_0_33326 27159 29020 33326 -1 -1 1828 0.00448108
Chain
	Aln	393	+b02fce17-d5d7-4081-8c56-9dc85bb16e09 14 2522 2525 -edge_197_0_+disjointig_34_4542_22930 12946 15455 18388 -1 -1 2473 0.00291331
Chain
	Aln	392	-b02fce17-d5d7-4081-8c56-9dc85bb16e09 2 2510 2525 +edge_197_0_+disjointig_34_4542_22930 2932 5441 18388 -1 -1 2473 0.00291331
Chain
	Aln	359	+a5249426-224d-4f79-96d3-2a80553d532c 15 2314 2317 -edge_180_0_+disjointig_90_0_36546 20267 22573 36546 -1 -1 2276 0.000170398
Chain
	Aln	358	-a5249426-224d-4f79-96d3-2a80553d532c 2 2301 2317 +edge_180_0_+disjointig_90_0_36546 13972 16278 36546 -1 -1 2276 0.000170398
Chain
	Aln	297	+c7c7362f-a9ed-41cd-ae7f-92ee7fbe7878 9 1358 1380 -edge_149_0_+disjointig_58_0_12320 1259 2615 12320 -1 -1 1334 0.00328644
Chain
	Aln	296	-c7c7362f-a9ed-41cd-ae7f-92ee7fbe7878 21 1370 1380 +edge_149_0_+disjointig_58_0_12320 9704 11060 12320 -1 -1 1334 0.00328644
Chain
	Aln	15	+6d14164a-7406-490b-bc05-1dbb4e78dc37 20 1411 2293 -edge_8_1_+disjointig_67_8547_10272 312 1705 1725 -1 -1 1302 0.00962066
Chain
	Aln	14	-6d14164a-7406-490b-bc05-1dbb4e78dc37 881 2272 2293 +edge_8_1_+disjointig_67_8547_10272 19 1412 1725 -1 -1 1302 0.00962066
Chain
	Aln	187	+c43733c0-adeb-400e-9abd-35677c25a40e 34 2528 2530 -edge_94_0_+disjointig_158_0_9352 32 2515 9352 -1 -1 2364 0.00812622
Chain
	Aln	186	-c43733c0-adeb-400e-9abd-35677c25a40e 1 2495 2530 +edge_94_0_+disjointig_158_0_9352 6836 9319 9352 -1 -1 2364 0.00812622
Chain
	Aln	302	+c2f1eecc-fa86-4f85-935c-dd532c2b6480 2994 10906 10915 +edge_152_0_+disjointig_60_0_7918 1 7910 7918 -1 -1 7712 0.00219613
Chain
	Aln	303	-c2f1eecc-fa86-4f85-935c-dd532c2b6480 8 7920 10915 -edge_152_0_+disjointig_60_0_7918 7 7916 7918 -1 -1 7712 0.00219613
Chain
	Aln	177	+a443a161-d44e-4f28-9bcb-69b175bda6c6 21 2319 2327 -edge_89_0_+disjointig_153_0_2326 20 2318 2326 -1 -1 2240 0.0021262
Chain
	Aln	176	-a443a161-d44e-4f28-9bcb-69b175bda6c6 7 2305 2327 +edge_89_0_+disjointig_153_0_2326 7 2305 2326 -1 -1 2240 0.0021262
Chain
	Aln	247	+09ba4a78-9173-41bf-985f-266ed8a89c19 8 2059 9895 -edge_124_0_+disjointig_32_0_12014 9950 12003 12014 -1 -1 2010 0.000706349
Chain
	Aln	246	-09ba4a78-9173-41bf-985f-266ed8a89c19 7835 9886 9895 +edge_124_0_+disjointig_32_0_12014 10 2063 12014 -1 -1 2010 0.000706349
Chain
	Aln	118	+f8803605-2f1d-4850-9368-2afe5d10cc28 11 4242 4247 +edge_60_0_-disjointig_17_10739_35048 6053 10287 24309 -1 -1 4137 0.00291417
Chain
	Aln	119	-f8803605-2f1d-4850-9368-2afe5d10cc28 4 4235 4247 -edge_60_0_-disjointig_17_10739_35048 14021 18255 24309 -1 -1 4137 0.00291417
Chain
	Aln	307	+39e2f442-a5fb-4cfd-adc6-8349fc569ddb 12 3066 3070 -edge_154_0_+disjointig_62_0_18991 11351 14404 18991 -1 -1 2794 0.0106542
Chain
	Aln	306	-39e2f442-a5fb-4cfd-adc6-8349fc569ddb 3 3057 3070 +edge_154_0_+disjointig_62_0_18991 4586 7639 18991 -1 -1 2794 0.0106542
Chain
	Aln	194	+d48e3aa9-ada4-4fff-b7db-b4a9855d6bc6 17 1069 1921 +edge_98_0_+disjointig_161_0_2486 1388 2479 2486 -1 -1 691 0.0365719
Chain
	Aln	195	-d48e3aa9-ada4-4fff-b7db-b4a9855d6bc6 851 1903 1921 -edge_98_0_+disjointig_161_0_2486 6 1097 2486 -1 -1 691 0.0365719
Chain
	Aln	392	+5978e9c1-ea7b-48f1-bc91-4ae8f0b41372 6 1081 1091 +edge_197_0_+disjointig_34_4542_22930 4377 5446 18388 -1 -1 1027 0.0062119
Chain
	Aln	393	-5978e9c1-ea7b-48f1-bc91-4ae8f0b41372 9 1084 1091 -edge_197_0_+disjointig_34_4542_22930 12941 14010 18388 -1 -1 1027 0.0062119
Chain
	Aln	51	+1939355b-bb4f-4620-b0c5-195a1a049c85 9 10948 10950 -edge_26_0_+disjointig_12_0_77894 5004 15941 77894 -1 -1 10699 0.00264778
Chain
	Aln	50	-1939355b-bb4f-4620-b0c5-195a1a049c85 1 10940 10950 +edge_26_0_+disjointig_12_0_77894 61952 72889 77894 -1 -1 10699 0.00264778
Chain
	Aln	207	+798c76e6-4a8f-4366-a0a1-828881b4c6ba 18 2502 2504 -edge_104_0_+disjointig_168_0_2517 17 2515 2517 -1 -1 2267 0.00762481
Chain
	Aln	206	-798c76e6-4a8f-4366-a0a1-828881b4c6ba 1 2485 2504 +edge_104_0_+disjointig_168_0_2517 1 2499 2517 -1 -1 2267 0.00762481
Chain
	Aln	117	+4afddbbc-2d8d-442b-bfe0-0ab299e700aa 8 1170 1173 -edge_59_0_+disjointig_132_8623_16330 1499 2662 7707 -1 -1 1147 0.00240016
Chain
	Aln	116	-4afddbbc-2d8d-442b-bfe0-0ab299e700aa 2 1164 1173 +edge_59_0_+disjointig_132_8623_16330 5044 6207 7707 -1 -1 1147 0.00240016
Chain
	Aln	64	+dff471bb-d3a4-4978-86a5-d57851e8ac67 1764 3208 10196 +edge_33_5_+disjointig_68_4224_5685 6 1455 1461 -1 -1 1378 0.00446352
Chain
	Aln	65	-dff471bb-d3a4-4978-86a5-d57851e8ac67 6987 8431 10196 -edge_33_5_+disjointig_68_4224_5685 5 1454 1461 -1 -1 1378 0.00446352
Chain
	Aln	235	+7ffcb275-6fcb-4eb0-9135-3432d9af0ac9 8 1225 1229 -edge_118_0_+disjointig_25_0_12363 5858 7077 12363 -1 -1 1184 0.0031626
Chain
	Aln	234	-7ffcb275-6fcb-4eb0-9135-3432d9af0ac9 3 1220 1229 +edge_118_0_+disjointig_25_0_12363 5285 6504 12363 -1 -1 1184 0.0031626
Chain
	Aln	365	+e7747d9a-f0f5-42f0-beea-5f6f1a2093d7 13 2305 2676 -edge_183_0_+disjointig_94_0_16253 3368 5657 16253 -1 -1 2285 0.000523482
Chain
	Aln	364	-e7747d9a-f0f5-42f0-beea-5f6f1a2093d7 370 2662 2676 +edge_183_0_+disjointig_94_0_16253 10595 12884 16253 -1 -1 2285 0.000523482
Chain
	Aln	32	+910dcef5-696a-4519-85aa-d8aacb832aa3 4976 17683 17692 +edge_17_0_+disjointig_111_0_12680 1 12672 12680 -1 -1 12432 0.00121451
Chain
	Aln	33	-910dcef5-696a-4519-85aa-d8aacb832aa3 8 12715 17692 -edge_17_0_+disjointig_111_0_12680 7 12678 12680 -1 -1 12432 0.00121451
Chain
	Aln	347	+6c420b3d-5582-4f13-96b7-015441665aa3 34 6610 6612 -edge_174_0_+disjointig_84_0_10565 3985 10563 10565 -1 -1 6396 0.00145656
Chain
	Aln	346	-6c420b3d-5582-4f13-96b7-015441665aa3 1 6577 6612 +edge_174_0_+disjointig_84_0_10565 1 6579 10565 -1 -1 6396 0.00145656
Chain
	Aln	269	+e9310054-1542-483b-8fc5-c780e1c363b4 1335 3095 3099 -edge_135_0_+disjointig_41_0_2486 99 1859 2486 -1 -1 1736 7.82334e-05
Chain
	Aln	268	-e9310054-1542-483b-8fc5-c780e1c363b4 3 1763 3099 +edge_135_0_+disjointig_41_0_2486 626 2386 2486 -1 -1 1736 7.82334e-05
Chain
	Aln	171	+90a81c8b-41c0-411f-81a7-f1dd3aafcda6 15 2357 2359 -edge_86_0_+disjointig_150_0_18227 15882 18225 18227 -1 -1 2206 0.00643109
Chain
	Aln	170	-90a81c8b-41c0-411f-81a7-f1dd3aafcda6 1 2343 2359 +edge_86_0_+disjointig_150_0_18227 1 2344 18227 -1 -1 2206 0.00643109
Chain
	Aln	326	+cd39ae49-9f79-42a1-84f6-2158a0a7ebe1 10 8799 8806 +edge_164_0_+disjointig_75_0_32040 8117 16911 32040 -1 -1 8752 0.000446486
Chain
	Aln	327	-cd39ae49-9f79-42a1-84f6-2158a0a7ebe1 6 8795 8806 -edge_164_0_+disjointig_75_0_32040 15128 23922 32040 -1 -1 8752 0.000446486
Chain
	Aln	363	+b65d0168-9ef2-4183-b1bc-1cdbcaa62fa6 6 1179 1185 -edge_182_0_+disjointig_93_0_5258 76 1249 5258 -1 -1 1173 0.00290379
Chain
	Aln	362	-b65d0168-9ef2-4183-b1bc-1cdbcaa62fa6 5 1178 1185 +edge_182_0_+disjointig_93_0_5258 4008 5181 5258 -1 -1 1173 0.00290379
Chain
	Aln	391	+81ffd64c-9460-404e-8532-da8f5de2fbd1 14 2456 2478 -edge_196_0_+disjointig_49_0_33326 21456 23903 33326 -1 -1 2361 0
Chain
	Aln	390	-81ffd64c-9460-404e-8532-da8f5de2fbd1 21 2463 2478 +edge_196_0_+disjointig_49_0_33326 9422 11869 33326 -1 -1 2361 0
Chain
	Aln	118	+ec1dd312-441e-460a-b99a-e57c7f15f293 26 5380 5386 +edge_60_0_-disjointig_17_10739_35048 7298 12657 24309 -1 -1 5156 0.00347144
Chain
	Aln	119	-ec1dd312-441e-460a-b99a-e57c7f15f293 5 5359 5386 -edge_60_0_-disjointig_17_10739_35048 11651 17010 24309 -1 -1 5156 0.00347144
Chain
	Aln	391	+637a0179-bdbe-4c99-a67f-fbd62640577a 5 1712 1714 -edge_196_0_+disjointig_49_0_33326 21393 23099 33326 -1 -1 1689 0
Chain
	Aln	390	-637a0179-bdbe-4c99-a67f-fbd62640577a 1 1708 1714 +edge_196_0_+disjointig_49_0_33326 10226 11932 33326 -1 -1 1689 0
Chain
	Aln	296	+aa9fd4c1-6770-4844-8077-2b08ff233032 11 1018 1021 +edge_149_0_+disjointig_58_0_12320 8963 9979 12320 -1 -1 971 0.00671027
Chain
	Aln	297	-aa9fd4c1-6770-4844-8077-2b08ff233032 2 1009 1021 -edge_149_0_+disjointig_58_0_12320 2340 3356 12320 -1 -1 971 0.00671027
Chain
	Aln	391	+4412b93f-558d-4e47-b027-9c695b96fc5c 9 7144 7153 -edge_196_0_+disjointig_49_0_33326 157 7289 33326 -1 -1 7036 0.00208154
Chain
	Aln	390	-4412b93f-558d-4e47-b027-9c695b96fc5c 8 7143 7153 +edge_196_0_+disjointig_49_0_33326 26036 33168 33326 -1 -1 7036 0.00208154
Chain
	Aln	276	+a72eea76-ea90-4427-a40d-52e04db55c20 12 1933 1940 +edge_139_0_+disjointig_46_0_19209 17001 18922 19209 -1 -1 1894 0.00304828
Chain
	Aln	277	-a72eea76-ea90-4427-a40d-52e04db55c20 6 1927 1940 -edge_139_0_+disjointig_46_0_19209 286 2207 19209 -1 -1 1894 0.00304828
Chain
	Aln	392	+5d28b1bd-6c27-452e-96d4-5a08eae9799b 9 2115 2119 +edge_197_0_+disjointig_34_4542_22930 6558 8669 18388 -1 -1 1972 0.0115198
Chain
	Aln	393	-5d28b1bd-6c27-452e-96d4-5a08eae9799b 3 2109 2119 -edge_197_0_+disjointig_34_4542_22930 9718 11829 18388 -1 -1 1972 0.0115198
Chain
	Aln	270	+915ca813-e322-4454-87d7-757aed114a91 26 5290 5298 +edge_136_0_+disjointig_42_0_5811 533 5804 5811 -1 -1 4652 0.00945808
Chain
	Aln	271	-915ca813-e322-4454-87d7-757aed114a91 7 5271 5298 -edge_136_0_+disjointig_42_0_5811 6 5277 5811 -1 -1 4652 0.00945808
Chain
	Aln	385	+d18f61c5-ed3a-49d4-9b5c-26852116bcb0 10 3846 3874 -edge_193_0_+disjointig_143_0_9336 2850 6691 9336 -1 -1 3762 0.00429416
Chain
	Aln	384	-d18f61c5-ed3a-49d4-9b5c-26852116bcb0 27 3863 3874 +edge_193_0_+disjointig_143_0_9336 2644 6485 9336 -1 -1 3762 0.00429416
Chain
	Aln	240	+1e9a7406-1aa5-4bbd-8569-15d8897cb986 1218 2909 2920 +edge_121_0_+disjointig_3_0_4723 10 1702 4723 -1 -1 1664 0.000408894
Chain
	Aln	241	-1e9a7406-1aa5-4bbd-8569-15d8897cb986 10 1701 2920 -edge_121_0_+disjointig_3_0_4723 3020 4712 4723 -1 -1 1664 0.000408894
Chain
	Aln	381	+b065a7bc-483c-47a0-9dde-b51071a29e31 3 2298 2307 -edge_191_1_-disjointig_17_5860_10739 772 3069 4879 -1 -1 2177 0.00763378
Chain
	Aln	380	-b065a7bc-483c-47a0-9dde-b51071a29e31 8 2303 2307 +edge_191_1_-disjointig_17_5860_10739 1809 4106 4879 -1 -1 2177 0.00763378
Chain
	Aln	343	+4f0b4555-7d6b-4a35-85f0-965543ef7f34 33 2615 2627 -edge_172_0_+disjointig_82_0_20311 15167 17746 20311 -1 -1 2572 0
Chain
	Aln	342	-4f0b4555-7d6b-4a35-85f0-965543ef7f34 11 2593 2627 +edge_172_0_+disjointig_82_0_20311 2564 5143 20311 -1 -1 2572 0
Chain
	Aln	118	+c72c5c7f-0c5f-493f-976d-78f1d734c416 18 4403 4410 +edge_60_0_-disjointig_17_10739_35048 16612 20999 24309 -1 -1 4285 0.00301887
Chain
	Aln	119	-c72c5c7f-0c5f-493f-976d-78f1d734c416 6 4391 4410 -edge_60_0_-disjointig_17_10739_35048 3309 7696 24309 -1 -1 4285 0.00301887
Chain
	Aln	354	+6a358519-774c-4ea4-ba11-59c8d31c3691 1123 7889 7897 +edge_178_0_+disjointig_88_0_6775 1 6768 6775 -1 -1 6573 0.00172103
Chain
	Aln	355	-6a358519-774c-4ea4-ba11-59c8d31c3691 7 6773 7897 -edge_178_0_+disjointig_88_0_6775 6 6773 6775 -1 -1 6573 0.00172103
Chain
	Aln	50	+c3e37497-9d5f-49c1-8447-107665681efc 8 1103 1106 +edge_26_0_+disjointig_12_0_77894 41900 42995 77894 -1 -1 1094 0
Chain
	Aln	51	-c3e37497-9d5f-49c1-8447-107665681efc 2 1097 1106 -edge_26_0_+disjointig_12_0_77894 34898 35993 77894 -1 -1 1094 0
Chain
	Aln	17	+aa3ce24d-7ddb-4e17-84a9-0194d0452a14 2 6063 6105 -edge_9_0_-disjointig_67_3019_11566 2484 8540 8547 -1 -1 5966 0.00193972
Chain
	Aln	16	-aa3ce24d-7ddb-4e17-84a9-0194d0452a14 41 6102 6105 +edge_9_0_-disjointig_67_3019_11566 6 6062 8547 -1 -1 5966 0.00193972
Chain
	Aln	43	+fd759ed9-2048-426a-9105-d0c759eb09f0 1304 2745 2749 -edge_22_0_+disjointig_116_0_9142 6 1447 9142 -1 -1 1428 0.00246729
Chain
	Aln	42	-fd759ed9-2048-426a-9105-d0c759eb09f0 3 1444 2749 +edge_22_0_+disjointig_116_0_9142 7694 9135 9142 -1 -1 1428 0.00246729
Chain
	Aln	273	+9aee9f1e-3130-4519-ad60-9ef59f13dd72 6 4528 4531 -edge_137_0_+disjointig_43_0_8171 3651 8168 8171 -1 -1 4482 0.00243166
Chain
	Aln	272	-9aee9f1e-3130-4519-ad60-9ef59f13dd72 2 4524 4531 +edge_137_0_+disjointig_43_0_8171 2 4519 8171 -1 -1 4482 0.00243166
Chain
	Aln	271	+6c8649dc-f00b-4a2c-8ee2-3803a4333976 21 2738 2741 -edge_136_0_+disjointig_42_0_5811 3093 5808 5811 -1 -1 2692 0.00137892
Chain
	Aln	270	-6c8649dc-f00b-4a2c-8ee2-3803a4333976 2 2719 2741 +edge_136_0_+disjointig_42_0_5811 2 2717 5811 -1 -1 2692 0.00137892
Chain
	Aln	341	+570cb827-b3a3-4b1d-93f5-22fd7cebab46 9 4603 4610 -edge_171_0_+disjointig_81_0_4813 8 4598 4813 -1 -1 4445 0.00396343
Chain
	Aln	340	-570cb827-b3a3-4b1d-93f5-22fd7cebab46 6 4600 4610 +edge_171_0_+disjointig_81_0_4813 214 4804 4813 -1 -1 4445 0.00396343
Chain
	Aln	319	+b7a3ca11-9017-459e-ab5d-5754f15977d0 14 7179 7322 -edge_160_0_+disjointig_70_0_7182 13 7181 7182 -1 -1 7144 0.000265992
Chain
	Aln	318	-b7a3ca11-9017-459e-ab5d-5754f15977d0 142 7307 7322 +edge_160_0_+disjointig_70_0_7182 0 7168 7182 -1 -1 7144 0.000265992
Chain
	Aln	111	+cffb1b86-4eb2-4f01-b3d3-6d5dc7c0c961 10 1114 1324 -edge_56_0_+disjointig_17_29188_35048 4719 5859 5860 -1 -1 1056 0.00703586
Chain
	Aln	110	-cffb1b86-4eb2-4f01-b3d3-6d5dc7c0c961 209 1313 1324 +edge_56_0_+disjointig_17_29188_35048 0 1140 5860 -1 -1 1056 0.00703586
Chain
	Aln	321	+c26e88df-c137-471c-ba4b-8cc051ef113e 10 3281 3284 -edge_161_0_+disjointig_72_0_7830 9 3285 7830 -1 -1 3139 0.00624525
Chain
	Aln	320	-c26e88df-c137-471c-ba4b-8cc051ef113e 2 3273 3284 +edge_161_0_+disjointig_72_0_7830 4544 7820 7830 -1 -1 3139 0.00624525
Chain
	Aln	377	+efde74ad-b7d0-4df8-9814-de6351fec1d6 6 3941 3971 -edge_189_0_+disjointig_121_1900_16114 3462 7459 14214 -1 -1 3539 0.010299
Chain
	Aln	376	-efde74ad-b7d0-4df8-9814-de6351fec1d6 29 3964 3971 +edge_189_0_+disjointig_121_1900_16114 6754 10751 14214 -1 -1 3539 0.010299
Chain
	Aln	318	+4cff68aa-8a09-464f-9061-7604f479a6d1 2369 8516 8522 +edge_160_0_+disjointig_70_0_7182 8 6152 7182 -1 -1 6060 0.00129031
Chain
	Aln	319	-4cff68aa-8a09-464f-9061-7604f479a6d1 5 6152 8522 -edge_160_0_+disjointig_70_0_7182 1029 7173 7182 -1 -1 6060 0.00129031
Chain
	Aln	23	+89c25a26-59e8-4a2b-be06-9b6aa9dc4242 5 1946 1948 -edge_12_0_+disjointig_106_0_2816 559 2499 2816 -1 -1 1934 0.00104273
Chain
	Aln	22	-89c25a26-59e8-4a2b-be06-9b6aa9dc4242 1 1942 1948 +edge_12_0_+disjointig_106_0_2816 316 2256 2816 -1 -1 1934 0.00104273
Chain
	Aln	388	+daa2a861-08c9-4c26-9137-e5aba5c59e6d 3 4639 4643 +edge_195_0_+disjointig_19_1229_9924 31 4688 8695 -1 -1 4442 0.00334352
Chain
	Aln	389	-daa2a861-08c9-4c26-9137-e5aba5c59e6d 3 4639 4643 -edge_195_0_+disjointig_19_1229_9924 4006 8663 8695 -1 -1 4442 0.00334352
Chain
	Aln	352	+a300fe7c-4181-4946-baeb-8ccb3d774866 11 3283 3287 +edge_177_0_+disjointig_87_0_7618 691 3964 7618 -1 -1 3186 0.00338971
Chain
	Aln	353	-a300fe7c-4181-4946-baeb-8ccb3d774866 3 3275 3287 -edge_177_0_+disjointig_87_0_7618 3653 6926 7618 -1 -1 3186 0.00338971
Chain
	Aln	392	+7272ac90-47ce-45cb-b608-e212a4ffd88b 3 2144 2148 +edge_197_0_+disjointig_34_4542_22930 6617 8763 18388 -1 -1 2108 0.0051025
Chain
	Aln	393	-7272ac90-47ce-45cb-b608-e212a4ffd88b 3 2144 2148 -edge_197_0_+disjointig_34_4542_22930 9624 11770 18388 -1 -1 2108 0.0051025
Chain
	Aln	14	+018808d9-20c7-4f47-8496-5285ceb837d0 1333 3046 7661 +edge_8_1_+disjointig_67_8547_10272 6 1719 1725 -1 -1 1713 0.00074875
Chain
	Aln	15	-018808d9-20c7-4f47-8496-5285ceb837d0 4614 6327 7661 -edge_8_1_+disjointig_67_8547_10272 5 1718 1725 -1 -1 1713 0.00074875
Chain
	Aln	234	+41147073-e2af-4452-893c-64f9f7270b48 18 1452 1466 +edge_118_0_+disjointig_25_0_12363 4799 6236 12363 -1 -1 1377 0.00421691
Chain
	Aln	235	-41147073-e2af-4452-893c-64f9f7270b48 13 1447 1466 -edge_118_0_+disjointig_25_0_12363 6126 7563 12363 -1 -1 1377 0.00421691
Chain
	Aln	14	+f9984fc9-04ec-4a58-ad76-ef7739ccaff8 6 1466 1470 +edge_8_1_+disjointig_67_8547_10272 75 1538 1725 -1 -1 1459 0.000825663
Chain
	Aln	15	-f9984fc9-04ec-4a58-ad76-ef7739ccaff8 3 1463 1470 -edge_8_1_+disjointig_67_8547_10272 186 1649 1725 -1 -1 1459 0.000825663
Chain
	Aln	379	+c4b50204-ca49-4274-81ca-9c305b34bb1b 926 10489 10503 -edge_190_0_+disjointig_130_19960_30443 13 9580 10483 -1 -1 9497 9.80765e-05
Chain
	Aln	378	-c4b50204-ca49-4274-81ca-9c305b34bb1b 13 9576 10503 +edge_190_0_+disjointig_130_19960_30443 902 10469 10483 -1 -1 9497 9.80765e-05
Chain
	Aln	267	+aad6a80e-9458-430d-af77-b851aa788bcd 6 1151 1560 -edge_134_0_+disjointig_39_0_5128 3084 4228 5128 -1 -1 1125 0.00295697
Chain
	Aln	266	-aad6a80e-9458-430d-af77-b851aa788bcd 408 1553 1560 +edge_134_0_+disjointig_39_0_5128 899 2043 5128 -1 -1 1125 0.00295697
Chain
	Aln	221	+395f00f9-c064-4236-838b-6fec571b4e51 17 2299 2308 -edge_111_0_+disjointig_20_0_20492 15849 18133 20492 -1 -1 2271 0
Chain
	Aln	220	-395f00f9-c064-4236-838b-6fec571b4e51 8 2290 2308 +edge_111_0_+disjointig_20_0_20492 2358 4642 20492 -1 -1 2271 0
Chain
	Aln	371	+e7e574e9-c93d-44e4-9e9a-a41491022238 24 2272 2274 -edge_186_0_+disjointig_97_0_2249 22 2247 2249 -1 -1 2097 0.00540626
Chain
	Aln	370	-e7e574e9-c93d-44e4-9e9a-a41491022238 1 2249 2274 +edge_186_0_+disjointig_97_0_2249 1 2226 2249 -1 -1 2097 0.00540626
Chain
	Aln	37	+b3265264-29b4-4744-9b16-af63702286e7 13 7974 11953 -edge_19_0_+disjointig_113_0_8194 12 8193 8194 -1 -1 6940 0.0134799
Chain
	Aln	36	-b3265264-29b4-4744-9b16-af63702286e7 3978 11939 11953 +edge_19_0_+disjointig_113_0_8194 0 8181 8194 -1 -1 6940 0.0134799
Chain
	Aln	311	+4bb6c14e-ebd8-473d-b737-7d34e11ee96b 21 1331 1341 -edge_156_0_+disjointig_64_0_16038 7014 8322 16038 -1 -1 1246 0.00438042
Chain
	Aln	310	-4bb6c14e-ebd8-473d-b737-7d34e11ee96b 9 1319 1341 +edge_156_0_+disjointig_64_0_16038 7715 9023 16038 -1 -1 1246 0.00438042
Chain
	Aln	27	+577197f1-e2f9-4b5f-be17-40f572579263 12 9653 9655 -edge_14_0_+disjointig_108_0_10056 376 10054 10056 -1 -1 8968 0.00381499
Chain
	Aln	26	-577197f1-e2f9-4b5f-be17-40f572579263 1 9642 9655 +edge_14_0_+disjointig_108_0_10056 1 9679 10056 -1 -1 8968 0.00381499
Chain
	Aln	359	+067eac71-e9ad-487f-8e8d-facfd3a381cd 11 9188 9190 -edge_180_0_+disjointig_90_0_36546 27362 36544 36546 -1 -1 9096 0.000220956
Chain
	Aln	358	-067eac71-e9ad-487f-8e8d-facfd3a381cd 1 9178 9190 +edge_180_0_+disjointig_90_0_36546 1 9183 36546 -1 -1 9096 0.000220956
Chain
	Aln	25	+6c3bbbec-f6af-4783-99d5-f57f8af522df 8 2483 2485 -edge_13_0_+disjointig_107_0_2474 7 2472 2474 -1 -1 2415 0.00211072
Chain
	Aln	24	-6c3bbbec-f6af-4783-99d5-f57f8af522df 1 2476 2485 +edge_13_0_+disjointig_107_0_2474 1 2466 2474 -1 -1 2415 0.00211072
Chain
	Aln	170	+2b0a068a-c77a-4d19-9031-f7bde4d0e29f 3 2361 3601 +edge_86_0_+disjointig_150_0_18227 15845 18207 18227 -1 -1 2308 0.00215017
Chain
	Aln	171	-2b0a068a-c77a-4d19-9031-f7bde4d0e29f 1239 3597 3601 -edge_86_0_+disjointig_150_0_18227 19 2381 18227 -1 -1 2308 0.00215017
Chain
	Aln	380	+ef8a7b84-422c-41c8-b86b-7da4d8aefc9d 6 1370 1378 +edge_191_1_-disjointig_17_5860_10739 1880 3243 4879 -1 -1 1338 0.0021305
Chain
	Aln	381	-ef8a7b84-422c-41c8-b86b-7da4d8aefc9d 7 1371 1378 -edge_191_1_-disjointig_17_5860_10739 1635 2998 4879 -1 -1 1338 0.0021305
Chain
	Aln	333	+2ec54367-7cda-4d4a-98e1-d0b71d76af36 10 3346 3351 -edge_167_0_+disjointig_78_0_11904 5633 8969 11904 -1 -1 3289 0.000151915
Chain
	Aln	332	-2ec54367-7cda-4d4a-98e1-d0b71d76af36 4 3340 3351 +edge_167_0_+disjointig_78_0_11904 2934 6270 11904 -1 -1 3289 0.000151915
Chain
	Aln	119	+cf135699-d107-4143-991c-b71074afdf32 13 6599 6601 -edge_60_0_-disjointig_17_10739_35048 12 6592 24309 -1 -1 6522 0.0014774
Chain
	Aln	118	-cf135699-d107-4143-991c-b71074afdf32 1 6587 6601 +edge_60_0_-disjointig_17_10739_35048 17716 24296 24309 -1 -1 6522 0.0014774
Chain
	Aln	337	+438e7b13-58bb-4feb-8b86-f21ce26adc66 20 1794 1800 -edge_169_0_+disjointig_8_0_30726 3661 5435 30726 -1 -1 1757 0.000544301
Chain
	Aln	336	-438e7b13-58bb-4feb-8b86-f21ce26adc66 5 1779 1800 +edge_169_0_+disjointig_8_0_30726 25290 27064 30726 -1 -1 1757 0.000544301
Chain
	Aln	384	+9ae900f4-58ca-4ef5-aab5-fac3a6c48da6 8 1785 1788 +edge_193_0_+disjointig_143_0_9336 2002 3782 9336 -1 -1 1735 0.00496009
Chain
	Aln	385	-9ae900f4-58ca-4ef5-aab5-fac3a6c48da6 2 1779 1788 -edge_193_0_+disjointig_143_0_9336 5553 7333 9336 -1 -1 1735 0.00496009
Chain
	Aln	159	+bbf2ccfb-2bc2-4be1-b96d-5ebba4cf336e 4 1681 1971 -edge_80_0_+disjointig_145_0_4601 2922 4600 4601 -1 -1 1671 0.000113966
Chain
	Aln	158	-bbf2ccfb-2bc2-4be1-b96d-5ebba4cf336e 289 1966 1971 +edge_80_0_+disjointig_145_0_4601 0 1678 4601 -1 -1 1671 0.000113966
Chain
	Aln	392	+f145acd8-1110-4777-b7ed-b7ccd8868e1a 25 5082 5084 +edge_197_0_+disjointig_34_4542_22930 11069 16132 18388 -1 -1 4960 0.00162837
Chain
	Aln	393	-f145acd8-1110-4777-b7ed-b7ccd8868e1a 1 5058 5084 -edge_197_0_+disjointig_34_4542_22930 2255 7318 18388 -1 -1 4960 0.00162837
Chain
	Aln	364	+f0cf0d92-0e1a-4b85-9cd0-512f5e334b9f 3 7513 7543 +edge_183_0_+disjointig_94_0_16253 8701 16223 16253 -1 -1 7345 0.00269294
Chain
	Aln	365	-f0cf0d92-0e1a-4b85-9cd0-512f5e334b9f 29 7539 7543 -edge_183_0_+disjointig_94_0_16253 29 7551 16253 -1 -1 7345 0.00269294
Chain
	Aln	169	+8efbef21-b937-4669-81e7-9b74eac0f775 10 2632 2634 -edge_85_0_+disjointig_15_0_5639 1563 4192 5639 -1 -1 2586 0.00222365
Chain
	Aln	168	-8efbef21-b937-4669-81e7-9b74eac0f775 1 2623 2634 +edge_85_0_+disjointig_15_0_5639 1446 4075 5639 -1 -1 2586 0.00222365
Chain
	Aln	98	+350a989b-9c28-4fde-8f0d-d67a0990cbb6 10 4143 4151 +edge_50_0_+disjointig_129_0_16028 11878 16021 16028 -1 -1 3996 0.00419227
Chain
	Aln	99	-350a989b-9c28-4fde-8f0d-d67a0990cbb6 7 4140 4151 -edge_50_0_+disjointig_129_0_16028 6 4149 16028 -1 -1 3996 0.00419227
Chain
	Aln	277	+edccf55b-b50b-4a7a-b441-3270961ff729 10 9797 9800 -edge_139_0_+disjointig_46_0_19209 7953 17737 19209 -1 -1 9644 0.00136741
Chain
	Aln	276	-edccf55b-b50b-4a7a-b441-3270961ff729 2 9789 9800 +edge_139_0_+disjointig_46_0_19209 1471 11255 19209 -1 -1 9644 0.00136741
Chain
	Aln	381	+8d8b22d5-05d9-4302-b82e-3e87ec7d9f93 5 3148 3154 -edge_191_1_-disjointig_17_5860_10739 220 3359 4879 -1 -1 3103 0.00164043
Chain
	Aln	380	-8d8b22d5-05d9-4302-b82e-3e87ec7d9f93 5 3148 3154 +edge_191_1_-disjointig_17_5860_10739 1519 4658 4879 -1 -1 3103 0.00164043
Chain
	Aln	290	+abb97565-39e5-409a-904f-081188c0ca24 5 8680 8685 +edge_146_0_+disjointig_55_0_10096 5 8678 10096 -1 -1 7682 0.00778258
Chain
	Aln	291	-abb97565-39e5-409a-904f-081188c0ca24 4 8679 8685 -edge_146_0_+disjointig_55_0_10096 1417 10090 10096 -1 -1 7682 0.00778258
Chain
	Aln	10	+b636f8ef-b49a-4fd0-9dd6-636ddf154468 1 2360 2593 +edge_6_0_+disjointig_104_0_4910 2543 4902 4910 -1 -1 2336 0.00179055
Chain
	Aln	11	-b636f8ef-b49a-4fd0-9dd6-636ddf154468 232 2591 2593 -edge_6_0_+disjointig_104_0_4910 7 2366 4910 -1 -1 2336 0.00179055
Chain
	Aln	355	+67727616-33fa-4dad-a835-c8ce8ee872bc 15 5220 5222 -edge_178_0_+disjointig_88_0_6775 1580 6773 6775 -1 -1 5119 0.000925514
Chain
	Aln	354	-67727616-33fa-4dad-a835-c8ce8ee872bc 1 5206 5222 +edge_178_0_+disjointig_88_0_6775 1 5194 6775 -1 -1 5119 0.000925514
Chain
	Aln	129	+6dc94314-c6d7-480b-93e5-5b9c21c39a4a 13 2267 2269 -edge_65_0_+disjointig_136_0_2270 12 2268 2270 -1 -1 2216 0.00297974
Chain
	Aln	128	-6dc94314-c6d7-480b-93e5-5b9c21c39a4a 1 2255 2269 +edge_65_0_+disjointig_136_0_2270 1 2257 2270 -1 -1 2216 0.00297974
Chain
	Aln	36	+086306ca-0e3a-439f-85eb-aa6368ff7f41 6 1323 1330 +edge_19_0_+disjointig_113_0_8194 6136 7449 8194 -1 -1 1247 0.00604623
Chain
	Aln	37	-086306ca-0e3a-439f-85eb-aa6368ff7f41 6 1323 1330 -edge_19_0_+disjointig_113_0_8194 744 2057 8194 -1 -1 1247 0.00604623
Chain
	Aln	51	+6943cb8e-574b-46c7-b6f8-cabc56b75e2c 4 1437 1439 -edge_26_0_+disjointig_12_0_77894 54028 55461 77894 -1 -1 1417 0
Chain
	Aln	50	-6943cb8e-574b-46c7-b6f8-cabc56b75e2c 1 1434 1439 +edge_26_0_+disjointig_12_0_77894 22432 23865 77894 -1 -1 1417 0
Chain
	Aln	338	+47062953-aa1a-416e-b321-a2db93a8e9ca 15 7370 8034 +edge_170_0_+disjointig_80_0_26396 17957 25287 26396 -1 -1 7177 0.00330409
Chain
	Aln	339	-47062953-aa1a-416e-b321-a2db93a8e9ca 663 8018 8034 -edge_170_0_+disjointig_80_0_26396 1108 8438 26396 -1 -1 7177 0.00330409
Chain
	Aln	49	+56777d6e-4cbe-4d1c-9df5-ffeeee28d8c4 30 3858 3861 -edge_25_0_+disjointig_119_0_4104 286 4101 4104 -1 -1 3681 0.00283354
Chain
	Aln	48	-56777d6e-4cbe-4d1c-9df5-ffeeee28d8c4 2 3830 3861 +edge_25_0_+disjointig_119_0_4104 2 3817 4104 -1 -1 3681 0.00283354
Chain
	Aln	249	+073895a1-6d6f-4890-b07f-7f98371f4a73 187 1329 1333 -edge_125_0_+disjointig_33_0_3774 16 1158 3774 -1 -1 1121 0.0025048
Chain
	Aln	248	-073895a1-6d6f-4890-b07f-7f98371f4a73 3 1145 1333 +edge_125_0_+disjointig_33_0_3774 2615 3757 3774 -1 -1 1121 0.0025048
Chain
	Aln	69	+afa3dfef-c284-41b6-816d-69a27239843c 16 1494 1500 -edge_35_0_+disjointig_20_28022_34841 1393 2882 6819 -1 -1 1410 0.00534358
Chain
	Aln	68	-afa3dfef-c284-41b6-816d-69a27239843c 5 1483 1500 +edge_35_0_+disjointig_20_28022_34841 3936 5425 6819 -1 -1 1410 0.00534358
Chain
	Aln	392	+9be09a99-d42a-4b67-afa7-f288907fcd9d 29 3212 3218 +edge_197_0_+disjointig_34_4542_22930 1319 4508 18388 -1 -1 3124 0.00324447
Chain
	Aln	393	-9be09a99-d42a-4b67-afa7-f288907fcd9d 5 3188 3218 -edge_197_0_+disjointig_34_4542_22930 13879 17068 18388 -1 -1 3124 0.00324447
Chain
	Aln	83	+20cbd65d-84e7-4dd6-be56-03375226c646 29 1119 1142 -edge_42_0_+disjointig_51_3495_8730 114 1205 5235 -1 -1 1085 0.00317963
Chain
	Aln	82	-20cbd65d-84e7-4dd6-be56-03375226c646 22 1112 1142 +edge_42_0_+disjointig_51_3495_8730 4029 5120 5235 -1 -1 1085 0.00317963
Chain
	Aln	332	+8d6c20e1-f3a8-4dc9-a488-8d8e78dee14a 10 1936 1942 +edge_167_0_+disjointig_78_0_11904 5003 6929 11904 -1 -1 1917 0
Chain
	Aln	333	-8d6c20e1-f3a8-4dc9-a488-8d8e78dee14a 5 1931 1942 -edge_167_0_+disjointig_78_0_11904 4974 6900 11904 -1 -1 1917 0
Chain
	Aln	297	+c5dfcc1d-9924-4f6f-a12b-f8c671e4d863 129 1209 1214 -edge_149_0_+disjointig_58_0_12320 16 1097 12320 -1 -1 1059 0.00263797
Chain
	Aln	296	-c5dfcc1d-9924-4f6f-a12b-f8c671e4d863 4 1084 1214 +edge_149_0_+disjointig_58_0_12320 11222 12303 12320 -1 -1 1059 0.00263797
Chain
	Aln	359	+f85186ba-beca-4836-99dd-8be11335a203 4 5557 5797 -edge_180_0_+disjointig_90_0_36546 20084 25635 36546 -1 -1 5486 0.00074605
Chain
	Aln	358	-f85186ba-beca-4836-99dd-8be11335a203 239 5792 5797 +edge_180_0_+disjointig_90_0_36546 10910 16461 36546 -1 -1 5486 0.00074605
Chain
	Aln	112	+620b9de3-436d-4751-a27f-039749c25ecc 187 5949 5970 +edge_57_0_+disjointig_28_8606_19876 2 5766 11270 -1 -1 5700 0.000103663
Chain
	Aln	113	-620b9de3-436d-4751-a27f-039749c25ecc 20 5782 5970 -edge_57_0_+disjointig_28_8606_19876 5503 11267 11270 -1 -1 5700 0.000103663
Chain
	Aln	301	+4c3ad13e-215c-4803-9a70-b730cda9e5f0 9 2296 2298 -edge_151_0_+disjointig_6_0_2295 8 2293 2295 -1 -1 2284 0.000538319
Chain
	Aln	300	-4c3ad13e-215c-4803-9a70-b730cda9e5f0 1 2288 2298 +edge_151_0_+disjointig_6_0_2295 1 2286 2295 -1 -1 2284 0.000538319
Chain
	Aln	393	+501ddb41-5e79-413c-8810-b89352c8304a 4 1616 1618 -edge_197_0_+disjointig_34_4542_22930 14498 16113 18388 -1 -1 1589 0.00356656
Chain
	Aln	392	-501ddb41-5e79-413c-8810-b89352c8304a 1 1613 1618 +edge_197_0_+disjointig_34_4542_22930 2274 3889 18388 -1 -1 1589 0.00356656
Chain
	Aln	51	+af9c5eb9-d3b2-4a89-9b0f-75d2fec2aec6 14 1903 1909 -edge_26_0_+disjointig_12_0_77894 17662 19550 77894 -1 -1 1873 0.00170472
Chain
	Aln	50	-af9c5eb9-d3b2-4a89-9b0f-75d2fec2aec6 5 1894 1909 +edge_26_0_+disjointig_12_0_77894 58343 60231 77894 -1 -1 1873 0.00170472
Chain
	Aln	316	+59539478-00cb-40cc-af4d-99ff60763b25 8 2668 2670 +edge_159_0_+disjointig_69_0_7090 1606 4266 7090 -1 -1 2635 0
Chain
	Aln	317	-59539478-00cb-40cc-af4d-99ff60763b25 1 2661 2670 -edge_159_0_+disjointig_69_0_7090 2823 5483 7090 -1 -1 2635 0
Chain
	Aln	205	+be93a3b0-0403-4765-911a-8270c63cee18 15 4790 4792 -edge_103_0_+disjointig_167_0_4791 10 4789 4791 -1 -1 4765 0
Chain
	Aln	204	-be93a3b0-0403-4765-911a-8270c63cee18 1 4776 4792 +edge_103_0_+disjointig_167_0_4791 1 4780 4791 -1 -1 4765 0
Chain
	Aln	67	+15176fc6-d897-454e-afe4-3ed8eb703f90 8 1016 1021 -edge_34_0_-disjointig_130_11944_30443 3239 4247 18499 -1 -1 993 0.00276356
Chain
	Aln	66	-15176fc6-d897-454e-afe4-3ed8eb703f90 4 1012 1021 +edge_34_0_-disjointig_130_11944_30443 14251 15259 18499 -1 -1 993 0.00276356
Chain
	Aln	199	+3eb13a8d-d76e-458f-a18b-b7e4070de707 4 3875 3880 -edge_100_0_+disjointig_164_0_8678 4802 8673 8678 -1 -1 3842 0.00164813
Chain
	Aln	198	-3eb13a8d-d76e-458f-a18b-b7e4070de707 4 3875 3880 +edge_100_0_+disjointig_164_0_8678 4 3875 8678 -1 -1 3842 0.00164813
Chain
	Aln	347	+49a22f68-396a-411d-8bf4-fdac87fb6968 13 10545 12775 -edge_174_0_+disjointig_84_0_10565 12 10564 10565 -1 -1 10008 0.00545545
Chain
	Aln	346	-49a22f68-396a-411d-8bf4-fdac87fb6968 2229 12761 12775 +edge_174_0_+disjointig_84_0_10565 0 10552 10565 -1 -1 10008 0.00545545
Chain
	Aln	67	+16b70742-f63b-4716-abe7-3ef607f3b1a2 26 1467 1474 -edge_34_0_-disjointig_130_11944_30443 6273 7714 18499 -1 -1 1429 0.00246729
Chain
	Aln	66	-16b70742-f63b-4716-abe7-3ef607f3b1a2 6 1447 1474 +edge_34_0_-disjointig_130_11944_30443 10784 12225 18499 -1 -1 1429 0.00246729
Chain
	Aln	333	+67776917-5387-43c5-8f6b-4c49feeee5dc 4 1084 1086 -edge_167_0_+disjointig_78_0_11904 6071 7150 11904 -1 -1 1054 0.00103136
Chain
	Aln	332	-67776917-5387-43c5-8f6b-4c49feeee5dc 1 1081 1086 +edge_167_0_+disjointig_78_0_11904 4753 5832 11904 -1 -1 1054 0.00103136
Chain
	Aln	391	+b45768f0-1506-4b18-9580-95fe6f85b0b0 9 10798 10819 -edge_196_0_+disjointig_49_0_33326 7783 18563 33326 -1 -1 10489 0.00171136
Chain
	Aln	390	-b45768f0-1506-4b18-9580-95fe6f85b0b0 20 10809 10819 +edge_196_0_+disjointig_49_0_33326 14762 25542 33326 -1 -1 10489 0.00171136
Chain
	Aln	149	+811b974e-5fbc-4439-9703-edf4b0edefd1 9 1009 1013 -edge_75_0_+disjointig_142_0_5582 589 1588 5582 -1 -1 995 0.00229484
Chain
	Aln	148	-811b974e-5fbc-4439-9703-edf4b0edefd1 3 1003 1013 +edge_75_0_+disjointig_142_0_5582 3993 4992 5582 -1 -1 995 0.00229484
Chain
	Aln	316	+f07c5262-2304-4a7c-bfc5-9c5035b36d2c 4 5426 5429 +edge_159_0_+disjointig_69_0_7090 4 5444 7090 -1 -1 5273 0.00239186
Chain
	Aln	317	-f07c5262-2304-4a7c-bfc5-9c5035b36d2c 2 5424 5429 -edge_159_0_+disjointig_69_0_7090 1645 7085 7090 -1 -1 5273 0.00239186
Chain
	Aln	393	+fd072098-a22b-4dbd-9ae1-f64b90c72fcc 346 2022 2029 -edge_197_0_+disjointig_34_4542_22930 17 1693 18388 -1 -1 1676 0.00221905
Chain
	Aln	392	-fd072098-a22b-4dbd-9ae1-f64b90c72fcc 6 1682 2029 +edge_197_0_+disjointig_34_4542_22930 16694 18370 18388 -1 -1 1676 0.00221905
Chain
	Aln	331	+5f777f67-c04f-4ade-a6e6-45ce8e293997 18 1934 1937 -edge_166_0_+disjointig_77_0_10890 194 2110 10890 -1 -1 1865 0.00361234
Chain
	Aln	330	-5f777f67-c04f-4ade-a6e6-45ce8e293997 2 1918 1937 +edge_166_0_+disjointig_77_0_10890 8779 10695 10890 -1 -1 1865 0.00361234
Chain
	Aln	390	+a7c44edc-4643-4db0-b19b-e85674b1771f 14 2265 2271 +edge_196_0_+disjointig_49_0_33326 3676 5927 33326 -1 -1 2222 0.00422976
Chain
	Aln	391	-a7c44edc-4643-4db0-b19b-e85674b1771f 5 2256 2271 -edge_196_0_+disjointig_49_0_33326 27398 29649 33326 -1 -1 2222 0.00422976
Chain
	Aln	307	+302726d2-393a-4fdc-8dc3-f237d9698cb8 9 8880 8887 -edge_154_0_+disjointig_62_0_18991 8 8876 18991 -1 -1 8825 0
Chain
	Aln	306	-302726d2-393a-4fdc-8dc3-f237d9698cb8 6 8877 8887 +edge_154_0_+disjointig_62_0_18991 10114 18982 18991 -1 -1 8825 0
Chain
	Aln	391	+0381a44a-0fdd-47e3-a661-fb7f584ca9aa 12 2266 2274 -edge_196_0_+disjointig_49_0_33326 27383 29636 33326 -1 -1 2246 0.00307937
Chain
	Aln	390	-0381a44a-0fdd-47e3-a661-fb7f584ca9aa 7 2261 2274 +edge_196_0_+disjointig_49_0_33326 3689 5942 33326 -1 -1 2246 0.00307937
Chain
	Aln	312	+52a7e188-469c-41c0-9aef-c97e8bdc1321 5243 11598 11680 +edge_157_0_+disjointig_65_0_6428 1 6351 6428 -1 -1 6213 0.00222944
Chain
	Aln	313	-52a7e188-469c-41c0-9aef-c97e8bdc1321 81 6436 11680 -edge_157_0_+disjointig_65_0_6428 76 6426 6428 -1 -1 6213 0.00222944
Chain
	Aln	372	+c8331c94-a554-42b9-b4b9-3596551dfdd6 916 2052 2055 +edge_187_0_+disjointig_98_0_17892 1 1136 17892 -1 -1 1117 0.00219494
Chain
	Aln	373	-c8331c94-a554-42b9-b4b9-3596551dfdd6 2 1138 2055 -edge_187_0_+disjointig_98_0_17892 16755 17890 17892 -1 -1 1117 0.00219494
Chain
	Aln	171	+68a36910-8aff-452f-b6ad-8efb46839023 7 1281 1287 -edge_86_0_+disjointig_150_0_18227 16665 17938 18227 -1 -1 1222 0.00354893
Chain
	Aln	170	-68a36910-8aff-452f-b6ad-8efb46839023 5 1279 1287 +edge_86_0_+disjointig_150_0_18227 288 1561 18227 -1 -1 1222 0.00354893
Chain
	Aln	344	+4808477e-dade-4fef-974a-cba09ae5c811 14 4390 4393 +edge_173_0_+disjointig_83_0_15263 3708 8084 15263 -1 -1 4294 0.0028712
Chain
	Aln	345	-4808477e-dade-4fef-974a-cba09ae5c811 2 4378 4393 -edge_173_0_+disjointig_83_0_15263 7178 11554 15263 -1 -1 4294 0.0028712
Chain
	Aln	35	+d4dc13cb-c35f-42c5-8eff-95b68929df0f 11 2864 2866 -edge_18_0_+disjointig_112_0_3569 486 3336 3569 -1 -1 2849 0.00163756
Chain
	Aln	34	-d4dc13cb-c35f-42c5-8eff-95b68929df0f 1 2854 2866 +edge_18_0_+disjointig_112_0_3569 232 3082 3569 -1 -1 2849 0.00163756
Chain
	Aln	390	+ad95187f-67e9-4b68-96b3-fb1bb134fec4 7 1308 1316 +edge_196_0_+disjointig_49_0_33326 9482 10784 33326 -1 -1 1293 0
Chain
	Aln	391	-ad95187f-67e9-4b68-96b3-fb1bb134fec4 7 1308 1316 -edge_196_0_+disjointig_49_0_33326 22541 23843 33326 -1 -1 1293 0
Chain
	Aln	210	+e915ca14-5fd7-47e5-8f10-1c30f27762ac 23819 31009 31018 +edge_106_0_+disjointig_18_0_7193 1 7185 7193 -1 -1 7099 0.000995585
Chain
	Aln	211	-e915ca14-5fd7-47e5-8f10-1c30f27762ac 8 7198 31018 -edge_106_0_+disjointig_18_0_7193 7 7191 7193 -1 -1 7099 0.000995585
Chain
	Aln	37	+1c4a0019-3714-474a-85e0-2e75b3762aeb 26 1163 1173 -edge_19_0_+disjointig_113_0_8194 4327 5464 8194 -1 -1 1121 0.0016555
Chain
	Aln	36	-1c4a0019-3714-474a-85e0-2e75b3762aeb 9 1146 1173 +edge_19_0_+disjointig_113_0_8194 2729 3866 8194 -1 -1 1121 0.0016555
Chain
	Aln	91	+c3c6180e-9921-46db-a18f-811851c20e8e 4 3416 3419 -edge_46_0_+disjointig_125_0_8382 4967 8379 8382 -1 -1 3371 0.00177086
Chain
	Aln	90	-c3c6180e-9921-46db-a18f-811851c20e8e 2 3414 3419 +edge_46_0_+disjointig_125_0_8382 2 3414 8382 -1 -1 3371 0.00177086
Chain
	Aln	51	+46533930-3daf-4919-a799-dae94203ed04 7 1386 1392 -edge_26_0_+disjointig_12_0_77894 48540 49919 77894 -1 -1 1362 0.00252721
Chain
	Aln	50	-46533930-3daf-4919-a799-dae94203ed04 5 1384 1392 +edge_26_0_+disjointig_12_0_77894 27974 29353 77894 -1 -1 1362 0.00252721
Chain
	Aln	51	+ac4bc156-2ff4-4e87-9345-0f26f6ef4c92 12 39958 39977 -edge_26_0_+disjointig_12_0_77894 16565 56406 77894 -1 -1 38919 0.00227457
Chain
	Aln	50	-ac4bc156-2ff4-4e87-9345-0f26f6ef4c92 18 39964 39977 +edge_26_0_+disjointig_12_0_77894 21487 61328 77894 -1 -1 38919 0.00227457
Chain
	Aln	149	+b08a1183-e6f8-4d43-9a21-13709dc99454 8 3210 3214 -edge_75_0_+disjointig_142_0_5582 727 3926 5582 -1 -1 3192 0.00188955
Chain
	Aln	148	-b08a1183-e6f8-4d43-9a21-13709dc99454 3 3205 3214 +edge_75_0_+disjointig_142_0_5582 1655 4854 5582 -1 -1 3192 0.00188955
Chain
	Aln	117	+d6e3a00a-2e36-4a67-a8b5-68dca039b55f 8 1219 1228 -edge_59_0_+disjointig_132_8623_16330 2345 3556 7707 -1 -1 1211 0.000837389
Chain
	Aln	116	-d6e3a00a-2e36-4a67-a8b5-68dca039b55f 8 1219 1228 +edge_59_0_+disjointig_132_8623_16330 4150 5361 7707 -1 -1 1211 0.000837389
Chain
	Aln	225	+6d79c386-18f2-4d78-994b-8fb58755f722 13 5039 5048 -edge_113_0_+disjointig_9_3615_16265 4109 9141 12650 -1 -1 4459 0.0101239
Chain
	Aln	224	-6d79c386-18f2-4d78-994b-8fb58755f722 8 5034 5048 +edge_113_0_+disjointig_9_3615_16265 3508 8540 12650 -1 -1 4459 0.0101239
Chain
	Aln	388	+826f0dd9-3553-4f58-a198-77850b63a9a4 17 1311 1321 +edge_195_0_+disjointig_19_1229_9924 1695 2992 8695 -1 -1 1190 0.00737662
Chain
	Aln	389	-826f0dd9-3553-4f58-a198-77850b63a9a4 9 1303 1321 -edge_195_0_+disjointig_19_1229_9924 5702 6999 8695 -1 -1 1190 0.00737662
Chain
	Aln	99	+dc710fa5-9d07-4651-b111-1d74c031b0aa 24 1454 1469 -edge_50_0_+disjointig_129_0_16028 5762 7193 16028 -1 -1 1427 0
Chain
	Aln	98	-dc710fa5-9d07-4651-b111-1d74c031b0aa 14 1444 1469 +edge_50_0_+disjointig_129_0_16028 8834 10265 16028 -1 -1 1427 0
Chain
	Aln	50	+14085959-c53f-40be-b70e-fad0e408e4ad 6 1322 1326 +edge_26_0_+disjointig_12_0_77894 18315 19631 77894 -1 -1 1316 0.00203442
Chain
	Aln	51	-14085959-c53f-40be-b70e-fad0e408e4ad 3 1319 1326 -edge_26_0_+disjointig_12_0_77894 58262 59578 77894 -1 -1 1316 0.00203442
Chain
	Aln	50	+75fbc4c7-0f89-4cbe-8134-0bde53f3e34a 8 1690 1891 +edge_26_0_+disjointig_12_0_77894 22203 23892 77894 -1 -1 1576 0.00267355
Chain
	Aln	51	-75fbc4c7-0f89-4cbe-8134-0bde53f3e34a 200 1882 1891 -edge_26_0_+disjointig_12_0_77894 54001 55690 77894 -1 -1 1576 0.00267355
Chain
	Aln	99	+5bcc215b-6ca0-45f4-a2e0-543a7c00354b 11 6107 6109 -edge_50_0_+disjointig_129_0_16028 9930 16026 16028 -1 -1 5997 0.00189161
Chain
	Aln	98	-5bcc215b-6ca0-45f4-a2e0-543a7c00354b 1 6097 6109 +edge_50_0_+disjointig_129_0_16028 1 6097 16028 -1 -1 5997 0.00189161
Chain
	Aln	183	+e3f5639a-816c-4c85-a627-9d418bed57ad 7 3448 3452 -edge_92_0_+disjointig_156_0_7859 2067 5508 7859 -1 -1 3386 0.00226871
Chain
	Aln	182	-e3f5639a-816c-4c85-a627-9d418bed57ad 3 3444 3452 +edge_92_0_+disjointig_156_0_7859 2350 5791 7859 -1 -1 3386 0.00226871
Chain
	Aln	278	+7e3426f6-9c19-4b5c-b949-9a19cc10b719 31 2016 2019 +edge_140_0_+disjointig_48_0_17810 9030 11018 17810 -1 -1 1956 0.000769345
Chain
	Aln	279	-7e3426f6-9c19-4b5c-b949-9a19cc10b719 2 1987 2019 -edge_140_0_+disjointig_48_0_17810 6791 8779 17810 -1 -1 1956 0.000769345
Chain
	Aln	35	+64a3a996-c77e-431d-b252-1dc5d910d4f5 12 1029 1033 -edge_18_0_+disjointig_112_0_3569 1555 2572 3569 -1 -1 1006 0
Chain
	Aln	34	-64a3a996-c77e-431d-b252-1dc5d910d4f5 3 1020 1033 +edge_18_0_+disjointig_112_0_3569 996 2013 3569 -1 -1 1006 0
Chain
	Aln	372	+ed82f90b-9d72-45d7-a4e3-e0a205716231 7 3508 3510 +edge_187_0_+disjointig_98_0_17892 1363 4862 17892 -1 -1 3461 0.000410879
Chain
	Aln	373	-ed82f90b-9d72-45d7-a4e3-e0a205716231 1 3502 3510 -edge_187_0_+disjointig_98_0_17892 13029 16528 17892 -1 -1 3461 0.000410879
Chain
	Aln	148	+0d103a1d-4de5-438d-8abb-09a0c5dda0b2 12 4164 4172 +edge_75_0_+disjointig_142_0_5582 1420 5575 5582 -1 -1 4116 0.00253699
Chain
	Aln	149	-0d103a1d-4de5-438d-8abb-09a0c5dda0b2 7 4159 4172 -edge_75_0_+disjointig_142_0_5582 6 4161 5582 -1 -1 4116 0.00253699
Chain
	Aln	232	+13cd8114-dbde-4f21-a125-a680eaf98f7e 5 3256 3258 +edge_117_0_+disjointig_24_0_24953 4907 8158 24953 -1 -1 3236 0
Chain
	Aln	233	-13cd8114-dbde-4f21-a125-a680eaf98f7e 1 3252 3258 -edge_117_0_+disjointig_24_0_24953 16794 20045 24953 -1 -1 3236 0
Chain
	Aln	149	+66a7b33e-1af4-4b85-9e39-013b256e7021 10 4364 4371 -edge_75_0_+disjointig_142_0_5582 582 4932 5582 -1 -1 4293 0.00328108
Chain
	Aln	148	-66a7b33e-1af4-4b85-9e39-013b256e7021 6 4360 4371 +edge_75_0_+disjointig_142_0_5582 649 4999 5582 -1 -1 4293 0.00328108
Chain
	Aln	339	+74a67c26-dd2f-4160-be57-d702355bde15 109 2425 2439 -edge_170_0_+disjointig_80_0_26396 23991 26306 26396 -1 -1 2315 0
Chain
	Aln	338	-74a67c26-dd2f-4160-be57-d702355bde15 13 2329 2439 +edge_170_0_+disjointig_80_0_26396 89 2404 26396 -1 -1 2315 0
Chain
	Aln	372	+159ccbc2-c027-43b9-a99f-fddd1e5563ea 239 2018 2025 +edge_187_0_+disjointig_98_0_17892 1 1779 17892 -1 -1 1757 0.00126744
Chain
	Aln	373	-159ccbc2-c027-43b9-a99f-fddd1e5563ea 6 1785 2025 -edge_187_0_+disjointig_98_0_17892 16112 17890 17892 -1 -1 1757 0.00126744
Chain
	Aln	293	+fff2d5f8-2c3f-4264-8e55-8417aa238577 17 2354 2359 -edge_147_0_+disjointig_56_0_7488 3652 5976 7488 -1 -1 2054 0.014401
Chain
	Aln	292	-fff2d5f8-2c3f-4264-8e55-8417aa238577 4 2341 2359 +edge_147_0_+disjointig_56_0_7488 1511 3835 7488 -1 -1 2054 0.014401
Chain
	Aln	184	+12856371-dc5d-4d5c-965c-a8e367396705 7 5200 5203 +edge_93_0_+disjointig_157_0_5884 691 5882 5884 -1 -1 5134 0.00213764
Chain
	Aln	185	-12856371-dc5d-4d5c-965c-a8e367396705 2 5195 5203 -edge_93_0_+disjointig_157_0_5884 1 5192 5884 -1 -1 5134 0.00213764
Chain
	Aln	51	+5e7a50a4-3356-4bdd-8da2-a12241704255 6 6178 6183 -edge_26_0_+disjointig_12_0_77894 67491 73729 77894 -1 -1 4889 0.0210565
Chain
	Aln	50	-5e7a50a4-3356-4bdd-8da2-a12241704255 4 6176 6183 +edge_26_0_+disjointig_12_0_77894 4164 10402 77894 -1 -1 4889 0.0210565
Chain
	Aln	160	+f2059e18-7c7b-4733-aab8-2171ffefbb5a 5119 16788 16793 +edge_81_0_+disjointig_146_0_15414 0 11675 15414 -1 -1 11578 0.000146886
Chain
	Aln	161	-f2059e18-7c7b-4733-aab8-2171ffefbb5a 4 11673 16793 -edge_81_0_+disjointig_146_0_15414 3738 15413 15414 -1 -1 11578 0.000146886
Chain
	Aln	50	+413c387a-ae9f-4f4c-9920-be4aa0e0179e 5 5135 5141 +edge_26_0_+disjointig_12_0_77894 15971 21097 77894 -1 -1 5061 0.00319932
Chain
	Aln	51	-413c387a-ae9f-4f4c-9920-be4aa0e0179e 5 5135 5141 -edge_26_0_+disjointig_12_0_77894 56796 61922 77894 -1 -1 5061 0.00319932
Chain
	Aln	394	+5d366759-b648-4498-85d3-d201d662de10 7 4348 4355 +edge_198_0_+disjointig_35_1521_5895 26 4371 4374 -1 -1 4253 0.00284438
Chain
	Aln	395	-5d366759-b648-4498-85d3-d201d662de10 6 4347 4355 -edge_198_0_+disjointig_35_1521_5895 2 4347 4374 -1 -1 4253 0.00284438
Chain
	Aln	367	+2cdc6d1c-8039-495a-b394-14abd69a4326 79 2401 2409 -edge_184_0_+disjointig_95_0_8884 6561 8876 8884 -1 -1 2127 0.00668062
Chain
	Aln	366	-2cdc6d1c-8039-495a-b394-14abd69a4326 7 2329 2409 +edge_184_0_+disjointig_95_0_8884 7 2322 8884 -1 -1 2127 0.00668062
Chain
	Aln	392	+9cbc69e1-2dff-40d0-a156-024b1388b5f2 2 1483 1487 +edge_197_0_+disjointig_34_4542_22930 6807 8289 18388 -1 -1 1437 0.00554658
Chain
	Aln	393	-9cbc69e1-2dff-40d0-a156-024b1388b5f2 3 1484 1487 -edge_197_0_+disjointig_34_4542_22930 10098 11580 18388 -1 -1 1437 0.00554658
Chain
	Aln	279	+b8e312c7-a432-4974-a8ab-b7c5d7935e29 6 11099 11101 -edge_140_0_+disjointig_48_0_17810 6825 17808 17810 -1 -1 9704 0.00347985
Chain
	Aln	278	-b8e312c7-a432-4974-a8ab-b7c5d7935e29 1 11094 11101 +edge_140_0_+disjointig_48_0_17810 1 10984 17810 -1 -1 9704 0.00347985
Chain
	Aln	327	+89faeab4-865e-40cd-86f7-0ae257516484 82 10878 10881 -edge_164_0_+disjointig_75_0_32040 1818 12605 32040 -1 -1 10684 0.00190484
Chain
	Aln	326	-89faeab4-865e-40cd-86f7-0ae257516484 2 10798 10881 +edge_164_0_+disjointig_75_0_32040 19434 30221 32040 -1 -1 10684 0.00190484
Chain
	Aln	117	+2379ff25-ea16-453f-a004-1b71cf60a4a6 5 1724 1727 -edge_59_0_+disjointig_132_8623_16330 3022 4746 7707 -1 -1 1659 0.00307973
Chain
	Aln	116	-2379ff25-ea16-453f-a004-1b71cf60a4a6 2 1721 1727 +edge_59_0_+disjointig_132_8623_16330 2960 4684 7707 -1 -1 1659 0.00307973
Chain
	Aln	392	+1f118c9e-a36a-4778-93a5-7b8bf0da541b 10 7598 7608 +edge_197_0_+disjointig_34_4542_22930 10780 18379 18388 -1 -1 7345 0.00425003
Chain
	Aln	393	-1f118c9e-a36a-4778-93a5-7b8bf0da541b 9 7597 7608 -edge_197_0_+disjointig_34_4542_22930 8 7607 18388 -1 -1 7345 0.00425003
Chain
	Aln	266	+d5c45a5c-6dc3-434d-9018-ed6bc328033a 3 1926 2832 +edge_134_0_+disjointig_39_0_5128 3201 5124 5128 -1 -1 1918 0.000665435
Chain
	Aln	267	-d5c45a5c-6dc3-434d-9018-ed6bc328033a 905 2828 2832 -edge_134_0_+disjointig_39_0_5128 3 1926 5128 -1 -1 1918 0.000665435
Chain
	Aln	319	+a0313e80-ce4c-4318-a697-9441ed270b75 4 2722 2731 -edge_160_0_+disjointig_70_0_7182 4455 7173 7182 -1 -1 2718 0
Chain
	Aln	318	-a0313e80-ce4c-4318-a697-9441ed270b75 8 2726 2731 +edge_160_0_+disjointig_70_0_7182 8 2726 7182 -1 -1 2718 0
Chain
	Aln	89	+94d2a13d-d9be-4a29-bd8f-3e2073b034f5 35 2806 2815 -edge_45_0_+disjointig_124_0_6829 37 2810 6829 -1 -1 2749 0.00321662
Chain
	Aln	88	-94d2a13d-d9be-4a29-bd8f-3e2073b034f5 8 2779 2815 +edge_45_0_+disjointig_124_0_6829 4018 6791 6829 -1 -1 2749 0.00321662
Chain
	Aln	285	+2b9c9c92-8e8a-47ba-9cee-b6975da3d665 10 2918 2923 -edge_143_0_+disjointig_52_0_9589 3617 6526 9589 -1 -1 2880 0.00104906
Chain
	Aln	284	-2b9c9c92-8e8a-47ba-9cee-b6975da3d665 4 2912 2923 +edge_143_0_+disjointig_52_0_9589 3062 5971 9589 -1 -1 2880 0.00104906
Chain
	Aln	6	+972fcff1-9b70-466c-9536-5c669a1d5de0 11 1107 1118 +edge_4_0_+disjointig_102_0_7527 5099 6193 7527 -1 -1 1078 0.00536693
Chain
	Aln	7	-972fcff1-9b70-466c-9536-5c669a1d5de0 10 1106 1118 -edge_4_0_+disjointig_102_0_7527 1333 2427 7527 -1 -1 1078 0.00536693
Chain
	Aln	129	+108a6971-c1a5-4299-ad55-374f260143b8 1038 2710 2715 -edge_65_0_+disjointig_136_0_2270 17 1689 2270 -1 -1 1666 0.00147722
Chain
	Aln	128	-108a6971-c1a5-4299-ad55-374f260143b8 4 1676 2715 +edge_65_0_+disjointig_136_0_2270 580 2252 2270 -1 -1 1666 0.00147722
Chain
	Aln	311	+1fa2b651-909b-4dec-8e66-c54a6432d1e8 18 4378 4383 -edge_156_0_+disjointig_64_0_16038 17 4378 16038 -1 -1 4353 0.00075046
Chain
	Aln	310	-1fa2b651-909b-4dec-8e66-c54a6432d1e8 4 4364 4383 +edge_156_0_+disjointig_64_0_16038 11659 16020 16038 -1 -1 4353 0.00075046
Chain
	Aln	239	+e64ebd91-6dcb-460f-88b1-8617c3fdf55f 9 2691 2694 -edge_120_0_+disjointig_27_0_12072 9269 12069 12072 -1 -1 2472 0.0069975
Chain
	Aln	238	-e64ebd91-6dcb-460f-88b1-8617c3fdf55f 2 2684 2694 +edge_120_0_+disjointig_27_0_12072 2 2802 12072 -1 -1 2472 0.0069975
Chain
	Aln	74	+b10a9692-61df-4d7f-9cf8-79e82191305b 30 3548 3579 +edge_38_0_-disjointig_68_7023_11247 678 4197 4224 -1 -1 3495 0.000246792
Chain
	Aln	75	-b10a9692-61df-4d7f-9cf8-79e82191305b 30 3548 3579 -edge_38_0_-disjointig_68_7023_11247 26 3545 4224 -1 -1 3495 0.000246792
Chain
	Aln	99	+d73c43e2-2d6c-4b42-ad8b-adaae2385a2c 11 14058 15218 -edge_50_0_+disjointig_129_0_16028 1886 16027 16028 -1 -1 13551 0.00358879
Chain
	Aln	98	-d73c43e2-2d6c-4b42-ad8b-adaae2385a2c 1159 15206 15218 +edge_50_0_+disjointig_129_0_16028 0 14141 16028 -1 -1 13551 0.00358879
Chain
	Aln	211	+adae917c-27f9-4dc8-9020-d529974be5cc 22 3069 3071 -edge_106_0_+disjointig_18_0_7193 4141 7191 7193 -1 -1 2967 0.00451997
Chain
	Aln	210	-adae917c-27f9-4dc8-9020-d529974be5cc 1 3048 3071 +edge_106_0_+disjointig_18_0_7193 1 3051 7193 -1 -1 2967 0.00451997
Chain
	Aln	66	+f422670c-64e8-4247-9a17-f5609637e981 9 1347 1349 +edge_34_0_-disjointig_130_11944_30443 16434 17772 18499 -1 -1 1338 0
Chain
	Aln	67	-f422670c-64e8-4247-9a17-f5609637e981 1 1339 1349 -edge_34_0_-disjointig_130_11944_30443 726 2064 18499 -1 -1 1338 0
Chain
	Aln	327	+48ea1d82-4f0d-46e4-8a3f-9474546d0256 25 6953 6961 -edge_164_0_+disjointig_75_0_32040 11556 18480 32040 -1 -1 6886 0.00106216
Chain
	Aln	326	-48ea1d82-4f0d-46e4-8a3f-9474546d0256 7 6935 6961 +edge_164_0_+disjointig_75_0_32040 13559 20483 32040 -1 -1 6886 0.00106216
Chain
	Aln	118	+7a2239ba-af57-42d0-955a-99123b2ff1a0 14 2590 2599 +edge_60_0_-disjointig_17_10739_35048 12205 14784 24309 -1 -1 2554 0.0012227
Chain
	Aln	119	-7a2239ba-af57-42d0-955a-99123b2ff1a0 8 2584 2599 -edge_60_0_-disjointig_17_10739_35048 9524 12103 24309 -1 -1 2554 0.0012227
Chain
	Aln	393	+21aae978-218e-41f7-ad1b-f72d8c7a1e1b 7 1012 1015 -edge_197_0_+disjointig_34_4542_22930 15112 16122 18388 -1 -1 958 0.00529553
Chain
	Aln	392	-21aae978-218e-41f7-ad1b-f72d8c7a1e1b 2 1007 1015 +edge_197_0_+disjointig_34_4542_22930 2265 3275 18388 -1 -1 958 0.00529553
Chain
	Aln	31	+bd4e04e1-01bb-4ca6-aadc-437602f0ffc6 16 2100 2105 -edge_16_0_+disjointig_110_0_7797 5578 7664 7797 -1 -1 2071 0.00343442
Chain
	Aln	30	-bd4e04e1-01bb-4ca6-aadc-437602f0ffc6 4 2088 2105 +edge_16_0_+disjointig_110_0_7797 132 2218 7797 -1 -1 2071 0.00343442
Chain
	Aln	29	+c6c26ec8-0b2d-48a8-96e1-eb4b87dd4136 22 4332 4336 -edge_15_0_+disjointig_109_0_5385 1068 5381 5385 -1 -1 4192 0.00312065
Chain
	Aln	28	-c6c26ec8-0b2d-48a8-96e1-eb4b87dd4136 3 4313 4336 +edge_15_0_+disjointig_109_0_5385 3 4316 5385 -1 -1 4192 0.00312065
Chain
	Aln	181	+08bf5587-4ba2-42b4-b151-9a1e349b66af 14 3238 3244 -edge_91_0_+disjointig_155_0_6598 13 3237 6598 -1 -1 3064 0.00541452
Chain
	Aln	180	-08bf5587-4ba2-42b4-b151-9a1e349b66af 5 3229 3244 +edge_91_0_+disjointig_155_0_6598 3360 6584 6598 -1 -1 3064 0.00541452
Chain
	Aln	285	+497dccbd-34be-436b-b682-6415c34557e8 14 1271 1273 -edge_143_0_+disjointig_52_0_9589 4384 5641 9589 -1 -1 1257 0
Chain
	Aln	284	-497dccbd-34be-436b-b682-6415c34557e8 1 1258 1273 +edge_143_0_+disjointig_52_0_9589 3947 5204 9589 -1 -1 1257 0
Chain
	Aln	199	+5f8c8fbc-b5ac-42ff-9cc2-387f0b52d40c 12 8729 13427 -edge_100_0_+disjointig_164_0_8678 11 8677 8678 -1 -1 8106 0.00543142
Chain
	Aln	198	-5f8c8fbc-b5ac-42ff-9cc2-387f0b52d40c 4697 13414 13427 +edge_100_0_+disjointig_164_0_8678 0 8666 8678 -1 -1 8106 0.00543142
Chain
	Aln	236	+9f3a9cc3-36c3-4537-a3c2-9065137d9a5b 13 5116 5121 +edge_119_0_+disjointig_26_0_22265 2008 7125 22265 -1 -1 4954 0.00153067
Chain
	Aln	237	-9f3a9cc3-36c3-4537-a3c2-9065137d9a5b 4 5107 5121 -edge_119_0_+disjointig_26_0_22265 15139 20256 22265 -1 -1 4954 0.00153067
Chain
	Aln	381	+ae8135f0-c8b7-4668-9f5a-37cba3699682 1315 4983 4985 -edge_191_1_-disjointig_17_5860_10739 13 3683 4879 -1 -1 3655 8.73086e-05
Chain
	Aln	380	-ae8135f0-c8b7-4668-9f5a-37cba3699682 1 3669 4985 +edge_191_1_-disjointig_17_5860_10739 1195 4865 4879 -1 -1 3655 8.73086e-05
Chain
	Aln	390	+c7e4a3c0-b575-45e7-b3be-de6984e5b1d6 25 2142 2144 +edge_196_0_+disjointig_49_0_33326 28155 30275 33326 -1 -1 2085 0.00259541
Chain
	Aln	391	-c7e4a3c0-b575-45e7-b3be-de6984e5b1d6 1 2118 2144 -edge_196_0_+disjointig_49_0_33326 3050 5170 33326 -1 -1 2085 0.00259541
Chain
	Aln	222	+f661e58c-6c76-4014-a0ef-56ab18db56ca 279 1516 2387 +edge_112_1_-disjointig_9_12650_13919 7 1242 1269 -1 -1 1192 0.00487532
Chain
	Aln	223	-f661e58c-6c76-4014-a0ef-56ab18db56ca 870 2107 2387 -edge_112_1_-disjointig_9_12650_13919 26 1261 1269 -1 -1 1192 0.00487532
Chain
	Aln	299	+c72bdd28-b7ff-4544-b6ea-bc1c8d121aad 15 4408 4411 -edge_150_0_+disjointig_59_0_6343 1061 5459 6343 -1 -1 4317 0.00132299
Chain
	Aln	298	-c72bdd28-b7ff-4544-b6ea-bc1c8d121aad 2 4395 4411 +edge_150_0_+disjointig_59_0_6343 883 5281 6343 -1 -1 4317 0.00132299
Chain
	Aln	50	+de9e5279-a0d2-4374-9d84-b9b834cb775c 28 1581 1586 +edge_26_0_+disjointig_12_0_77894 15916 17472 77894 -1 -1 1536 0.00535941
Chain
	Aln	51	-de9e5279-a0d2-4374-9d84-b9b834cb775c 4 1557 1586 -edge_26_0_+disjointig_12_0_77894 60421 61977 77894 -1 -1 1536 0.00535941
Chain
	Aln	3	+c004ec56-a536-4779-a647-6b73a538e5c1 5 3599 3601 -edge_2_0_+disjointig_10_0_3583 4 3581 3583 -1 -1 3367 0.00601815
Chain
	Aln	2	-c004ec56-a536-4779-a647-6b73a538e5c1 1 3595 3601 +edge_2_0_+disjointig_10_0_3583 1 3578 3583 -1 -1 3367 0.00601815
Chain
	Aln	51	+49bbcf3b-0211-47de-a973-bd83f496e58f 7 2574 2580 -edge_26_0_+disjointig_12_0_77894 65862 68433 77894 -1 -1 2531 0.0020788
Chain
	Aln	50	-49bbcf3b-0211-47de-a973-bd83f496e58f 5 2572 2580 +edge_26_0_+disjointig_12_0_77894 9460 12031 77894 -1 -1 2531 0.0020788
Chain
	Aln	376	+cd71ade8-1084-4b3f-9756-de20f060d0d2 10 1118 1122 +edge_189_0_+disjointig_121_1900_16114 6529 7638 14214 -1 -1 1093 0.000779954
Chain
	Aln	377	-cd71ade8-1084-4b3f-9756-de20f060d0d2 3 1111 1122 -edge_189_0_+disjointig_121_1900_16114 6575 7684 14214 -1 -1 1093 0.000779954
Chain
	Aln	31	+45953ebe-7bfa-41b6-baed-9d1297083c41 15 7578 7583 -edge_16_0_+disjointig_110_0_7797 238 7792 7797 -1 -1 7353 0.00360391
Chain
	Aln	30	-45953ebe-7bfa-41b6-baed-9d1297083c41 4 7567 7583 +edge_16_0_+disjointig_110_0_7797 4 7558 7797 -1 -1 7353 0.00360391
Chain
	Aln	236	+e6f7aad4-7583-4a37-98f7-7b707d7243a6 15 1277 1287 +edge_119_0_+disjointig_26_0_22265 7820 9082 22265 -1 -1 1262 0.0019178
Chain
	Aln	237	-e6f7aad4-7583-4a37-98f7-7b707d7243a6 9 1271 1287 -edge_119_0_+disjointig_26_0_22265 13182 14444 22265 -1 -1 1262 0.0019178
Chain
	Aln	362	+a951c014-cda8-4126-a874-1f39bd9b40b2 17 1716 1770 +edge_182_0_+disjointig_93_0_5258 3548 5247 5258 -1 -1 1699 0.00403677
Chain
	Aln	363	-a951c014-cda8-4126-a874-1f39bd9b40b2 53 1752 1770 -edge_182_0_+disjointig_93_0_5258 10 1709 5258 -1 -1 1699 0.00403677
Chain
	Aln	266	+540bfcf0-ec66-4e9e-afee-dbb9fb423acc 1009 2543 2556 +edge_134_0_+disjointig_39_0_5128 902 2437 5128 -1 -1 1534 0.000364539
Chain
	Aln	267	-540bfcf0-ec66-4e9e-afee-dbb9fb423acc 12 1546 2556 -edge_134_0_+disjointig_39_0_5128 2690 4225 5128 -1 -1 1534 0.000364539
Chain
	Aln	391	+9c31281f-fd4f-4ace-87f8-414ff393c1a3 21 4664 4672 -edge_196_0_+disjointig_49_0_33326 50 4695 33326 -1 -1 4586 0.00173204
Chain
	Aln	390	-9c31281f-fd4f-4ace-87f8-414ff393c1a3 7 4650 4672 +edge_196_0_+disjointig_49_0_33326 28630 33275 33326 -1 -1 4586 0.00173204
Chain
	Aln	281	+0c418304-4826-44ff-94fe-4a77c5d40e9f 575 1833 1836 -edge_141_0_+disjointig_5_0_2527 13 1270 2527 -1 -1 1225 0.000937925
Chain
	Aln	280	-0c418304-4826-44ff-94fe-4a77c5d40e9f 2 1260 1836 +edge_141_0_+disjointig_5_0_2527 1256 2513 2527 -1 -1 1225 0.000937925
Chain
	Aln	5	+6fc72f51-813a-486c-8f16-55277517f594 4 1601 1604 -edge_3_0_+disjointig_100_0_3291 947 2544 3291 -1 -1 1577 0.00163763
Chain
	Aln	4	-6fc72f51-813a-486c-8f16-55277517f594 2 1599 1604 +edge_3_0_+disjointig_100_0_3291 746 2343 3291 -1 -1 1577 0.00163763
Chain
	Aln	148	+eafd76cb-88bc-4eb5-8f2e-adf018ffbb19 9 4285 4295 +edge_75_0_+disjointig_142_0_5582 457 4730 5582 -1 -1 4196 0.00325324
Chain
	Aln	149	-eafd76cb-88bc-4eb5-8f2e-adf018ffbb19 9 4285 4295 -edge_75_0_+disjointig_142_0_5582 851 5124 5582 -1 -1 4196 0.00325324
Chain
	Aln	297	+eb995cf1-5d09-4f8c-9765-050ec9bac88a 17 4352 4356 -edge_149_0_+disjointig_58_0_12320 16 4359 12320 -1 -1 4267 0.0035284
Chain
	Aln	296	-eb995cf1-5d09-4f8c-9765-050ec9bac88a 3 4338 4356 +edge_149_0_+disjointig_58_0_12320 7960 12303 12320 -1 -1 4267 0.0035284
Chain
	Aln	267	+7beab499-6fc9-4207-83d9-a40500d80ed3 19 1430 1438 -edge_134_0_+disjointig_39_0_5128 629 2044 5128 -1 -1 1364 0.00579176
Chain
	Aln	266	-7beab499-6fc9-4207-83d9-a40500d80ed3 7 1418 1438 +edge_134_0_+disjointig_39_0_5128 3083 4498 5128 -1 -1 1364 0.00579176
Chain
	Aln	364	+549a8600-6d04-4371-8674-11534d17a826 5 3632 3637 +edge_183_0_+disjointig_94_0_16253 6983 10602 16253 -1 -1 3495 0.00333847
Chain
	Aln	365	-549a8600-6d04-4371-8674-11534d17a826 4 3631 3637 -edge_183_0_+disjointig_94_0_16253 5650 9269 16253 -1 -1 3495 0.00333847
Chain
	Aln	367	+1789b702-a44c-4b09-a59c-0996ad8b746f 9 8474 11551 -edge_184_0_+disjointig_95_0_8884 8 8876 8884 -1 -1 7105 0.00610152
Chain
	Aln	366	-1789b702-a44c-4b09-a59c-0996ad8b746f 3076 11541 11551 +edge_184_0_+disjointig_95_0_8884 7 8875 8884 -1 -1 7105 0.00610152
Chain
	Aln	69	+27632bc4-dbcf-4f81-bf34-c5b3c72e1dcc 9 2678 2682 -edge_35_0_+disjointig_20_28022_34841 1207 3879 6819 -1 -1 2582 0.00702576
Chain
	Aln	68	-27632bc4-dbcf-4f81-bf34-c5b3c72e1dcc 3 2672 2682 +edge_35_0_+disjointig_20_28022_34841 2939 5611 6819 -1 -1 2582 0.00702576
Chain
	Aln	393	+2a4c48c4-a044-44d8-b6d8-b7b5cb975d10 15 1194 1203 -edge_197_0_+disjointig_34_4542_22930 6370 7552 18388 -1 -1 1142 0.00078926
Chain
	Aln	392	-2a4c48c4-a044-44d8-b6d8-b7b5cb975d10 8 1187 1203 +edge_197_0_+disjointig_34_4542_22930 10835 12017 18388 -1 -1 1142 0.00078926
Chain
	Aln	388	+a36e6684-44f1-4407-97af-6c72302773f0 15 6840 8759 +edge_195_0_+disjointig_19_1229_9924 1875 8684 8695 -1 -1 6622 0.00357423
	Aln	388	+a36e6684-44f1-4407-97af-6c72302773f0 6913 8756 8759 +edge_195_0_+disjointig_19_1229_9924 0 1843 8695 -1 -1 1763 0.00316
Chain
	Aln	389	-a36e6684-44f1-4407-97af-6c72302773f0 2 1845 8759 -edge_195_0_+disjointig_19_1229_9924 6851 8694 8695 -1 -1 1763 0.00316
	Aln	389	-a36e6684-44f1-4407-97af-6c72302773f0 1918 8743 8759 -edge_195_0_+disjointig_19_1229_9924 10 6819 8695 -1 -1 6622 0.00357423
Chain
	Aln	229	+9e85164a-ba6e-4757-a16c-ba2e8c1c0481 6 2508 2514 -edge_115_0_+disjointig_22_0_2445 5 2439 2445 -1 -1 2313 0.00492263
Chain
	Aln	228	-9e85164a-ba6e-4757-a16c-ba2e8c1c0481 5 2507 2514 +edge_115_0_+disjointig_22_0_2445 5 2439 2445 -1 -1 2313 0.00492263
Chain
	Aln	247	+3d7620d0-2902-4b5c-ad2a-7ab036249127 5 2434 2436 -edge_124_0_+disjointig_32_0_12014 9576 12012 12014 -1 -1 2023 0.0175568
Chain
	Aln	246	-3d7620d0-2902-4b5c-ad2a-7ab036249127 1 2430 2436 +edge_124_0_+disjointig_32_0_12014 1 2437 12014 -1 -1 2023 0.0175568
Chain
	Aln	119	+0d792670-eb90-472c-af06-5497ec1ae569 2 4008 4011 -edge_60_0_-disjointig_17_10739_35048 6124 10132 24309 -1 -1 3936 0.000828083
Chain
	Aln	118	-0d792670-eb90-472c-af06-5497ec1ae569 2 4008 4011 +edge_60_0_-disjointig_17_10739_35048 14176 18184 24309 -1 -1 3936 0.000828083
Chain
	Aln	337	+2ccf3fa6-ecf5-4ea2-9a22-77d42df23fb1 7 6727 6734 -edge_169_0_+disjointig_8_0_30726 15310 22042 30726 -1 -1 5836 0.0123092
Chain
	Aln	336	-2ccf3fa6-ecf5-4ea2-9a22-77d42df23fb1 6 6726 6734 +edge_169_0_+disjointig_8_0_30726 8683 15415 30726 -1 -1 5836 0.0123092
Chain
	Aln	393	+44e84350-9849-40fd-966a-a44fa9f31761 20 2882 2884 -edge_197_0_+disjointig_34_4542_22930 12461 15321 18388 -1 -1 2808 0.00445895
Chain
	Aln	392	-44e84350-9849-40fd-966a-a44fa9f31761 1 2863 2884 +edge_197_0_+disjointig_34_4542_22930 3066 5926 18388 -1 -1 2808 0.00445895
Chain
	Aln	327	+a2e429a2-ed77-497a-b653-e9f1df5b7ef7 9 4839 4841 -edge_164_0_+disjointig_75_0_32040 27208 32038 32040 -1 -1 4824 0
Chain
	Aln	326	-a2e429a2-ed77-497a-b653-e9f1df5b7ef7 1 4831 4841 +edge_164_0_+disjointig_75_0_32040 1 4831 32040 -1 -1 4824 0
Chain
	Aln	393	+6fce2962-61dd-42d2-8d62-257246a52618 23 1927 1932 -edge_197_0_+disjointig_34_4542_22930 9330 11249 18388 -1 -1 1698 0.0141412
Chain
	Aln	392	-6fce2962-61dd-42d2-8d62-257246a52618 4 1908 1932 +edge_197_0_+disjointig_34_4542_22930 7138 9057 18388 -1 -1 1698 0.0141412
Chain
	Aln	391	+0f814d0f-cbe0-4a9f-b689-c313e05644b2 56 2604 2608 -edge_196_0_+disjointig_49_0_33326 2002 4541 33326 -1 -1 2512 0.00128876
Chain
	Aln	390	-0f814d0f-cbe0-4a9f-b689-c313e05644b2 3 2551 2608 +edge_196_0_+disjointig_49_0_33326 28784 31323 33326 -1 -1 2512 0.00128876
Chain
	Aln	375	+e9eb293c-273f-4f81-9d27-d983288ce6c7 9 1067 1074 -edge_188_0_+disjointig_99_0_9366 6769 7828 9366 -1 -1 1054 0
Chain
	Aln	374	-e9eb293c-273f-4f81-9d27-d983288ce6c7 6 1064 1074 +edge_188_0_+disjointig_99_0_9366 1537 2596 9366 -1 -1 1054 0
Chain
	Aln	179	+5da18968-2a8b-47d2-a137-45a946c50639 25 4443 4445 -edge_90_0_+disjointig_154_0_8307 3886 8305 8307 -1 -1 4359 0.000257754
Chain
	Aln	178	-5da18968-2a8b-47d2-a137-45a946c50639 1 4419 4445 +edge_90_0_+disjointig_154_0_8307 1 4420 8307 -1 -1 4359 0.000257754
Chain
	Aln	329	+ddf0adc8-5573-4d01-afe0-b324565b9c6f 5 3941 3945 -edge_165_0_+disjointig_76_0_14078 9167 13112 14078 -1 -1 3830 0.00407217
Chain
	Aln	328	-ddf0adc8-5573-4d01-afe0-b324565b9c6f 3 3939 3945 +edge_165_0_+disjointig_76_0_14078 965 4910 14078 -1 -1 3830 0.00407217
Chain
	Aln	51	+9ddf56e4-6a08-43f9-b86d-b067b42a94b8 10 5917 5923 -edge_26_0_+disjointig_12_0_77894 61860 67755 77894 -1 -1 5833 0.00245634
Chain
	Aln	50	-9ddf56e4-6a08-43f9-b86d-b067b42a94b8 5 5912 5923 +edge_26_0_+disjointig_12_0_77894 10138 16033 77894 -1 -1 5833 0.00245634
Chain
	Aln	82	+d2ce7972-1a1e-42b5-b215-2d89fe7ffadb 10 1080 1084 +edge_42_0_+disjointig_51_3495_8730 1431 2504 5235 -1 -1 1060 0.00188729
Chain
	Aln	83	-d2ce7972-1a1e-42b5-b215-2d89fe7ffadb 3 1073 1084 -edge_42_0_+disjointig_51_3495_8730 2730 3803 5235 -1 -1 1060 0.00188729
Chain
	Aln	287	+85a8a839-c322-470f-9e3b-65c55cc79489 1 3979 3983 -edge_144_0_+disjointig_53_0_13603 6739 10708 13603 -1 -1 3826 0.00256503
Chain
	Aln	286	-85a8a839-c322-470f-9e3b-65c55cc79489 3 3981 3983 +edge_144_0_+disjointig_53_0_13603 2894 6863 13603 -1 -1 3826 0.00256503
Chain
	Aln	381	+c448648a-322f-4fd1-95ed-446cf9923f30 14 1409 1429 -edge_191_2_-disjointig_28_11270_16365 1851 3242 5095 -1 -1 1323 0.006236
Chain
	Aln	380	-c448648a-322f-4fd1-95ed-446cf9923f30 19 1414 1429 +edge_191_2_-disjointig_28_11270_16365 1852 3243 5095 -1 -1 1323 0.006236
Chain
	Aln	66	+cbaee4e2-ee1c-42fd-adb5-9dc9da65d523 12 1310 1319 +edge_34_0_-disjointig_130_11944_30443 7455 8754 18499 -1 -1 1291 0.00308768
Chain
	Aln	67	-cbaee4e2-ee1c-42fd-adb5-9dc9da65d523 8 1306 1319 -edge_34_0_-disjointig_130_11944_30443 9744 11043 18499 -1 -1 1291 0.00308768
Chain
	Aln	344	+4599e66d-219b-4d94-b3a4-2151cc0119ae 13 1354 1358 +edge_173_0_+disjointig_83_0_15263 9619 10961 15263 -1 -1 1333 0.001174
Chain
	Aln	345	-4599e66d-219b-4d94-b3a4-2151cc0119ae 3 1344 1358 -edge_173_0_+disjointig_83_0_15263 4301 5643 15263 -1 -1 1333 0.001174
Chain
	Aln	309	+d660597e-4971-4200-8a5f-50943c3aa7d7 25 1676 1680 -edge_155_0_+disjointig_63_0_11607 3451 5102 11607 -1 -1 1651 0.00153679
Chain
	Aln	308	-d660597e-4971-4200-8a5f-50943c3aa7d7 3 1654 1680 +edge_155_0_+disjointig_63_0_11607 6504 8155 11607 -1 -1 1651 0.00153679
Chain
	Aln	7	+ff20505b-8a94-4eed-ab5c-1805cc479acc 91 2386 2390 -edge_4_0_+disjointig_102_0_7527 5228 7523 7527 -1 -1 2292 0.000314871
Chain
	Aln	6	-ff20505b-8a94-4eed-ab5c-1805cc479acc 3 2298 2390 +edge_4_0_+disjointig_102_0_7527 3 2298 7527 -1 -1 2292 0.000314871
Chain
	Aln	345	+0221294f-79c7-46d9-85c4-1d851dc9f32c 17 2791 2803 -edge_173_0_+disjointig_83_0_15263 5857 8630 15263 -1 -1 2522 0.00936675
Chain
	Aln	344	-0221294f-79c7-46d9-85c4-1d851dc9f32c 11 2785 2803 +edge_173_0_+disjointig_83_0_15263 6632 9405 15263 -1 -1 2522 0.00936675
Chain
	Aln	51	+b511a63d-7cc1-4e93-aca5-9d3eb6fe3884 11 6212 6220 -edge_26_0_+disjointig_12_0_77894 70889 77094 77894 -1 -1 6091 0.00254982
Chain
	Aln	50	-b511a63d-7cc1-4e93-aca5-9d3eb6fe3884 7 6208 6220 +edge_26_0_+disjointig_12_0_77894 799 7004 77894 -1 -1 6091 0.00254982
Chain
	Aln	50	+bc38821a-cf4f-4d0a-93d9-f26424dbea83 10 3039 3088 +edge_26_0_+disjointig_12_0_77894 13236 16267 77894 -1 -1 2981 0.00178333
Chain
	Aln	51	-bc38821a-cf4f-4d0a-93d9-f26424dbea83 48 3077 3088 -edge_26_0_+disjointig_12_0_77894 61626 64657 77894 -1 -1 2981 0.00178333
Chain
	Aln	169	+3cefbec4-b341-4d35-b0cb-42e58a2f1104 10 3026 3028 -edge_85_0_+disjointig_15_0_5639 1564 4580 5639 -1 -1 3011 0.00138103
Chain
	Aln	168	-3cefbec4-b341-4d35-b0cb-42e58a2f1104 1 3017 3028 +edge_85_0_+disjointig_15_0_5639 1058 4074 5639 -1 -1 3011 0.00138103
Chain
	Aln	390	+18b8cab6-c9d7-43ba-b8aa-557a25557458 441 1751 1760 +edge_196_0_+disjointig_49_0_33326 6 1321 33326 -1 -1 1278 0.0038078
Chain
	Aln	391	-18b8cab6-c9d7-43ba-b8aa-557a25557458 8 1318 1760 -edge_196_0_+disjointig_49_0_33326 32004 33319 33326 -1 -1 1278 0.0038078
Chain
	Aln	116	+529142ca-5d2c-4be3-afed-42f111cd6e92 101 1494 1730 +edge_59_0_+disjointig_132_8623_16330 6234 7620 7707 -1 -1 774 0.0560811
Chain
	Aln	117	-529142ca-5d2c-4be3-afed-42f111cd6e92 235 1628 1730 -edge_59_0_+disjointig_132_8623_16330 86 1472 7707 -1 -1 774 0.0560811
Chain
	Aln	380	+4ce50ddb-dc2d-4db3-b491-6c3a237ab1d0 20 3733 6261 +edge_191_1_-disjointig_17_5860_10739 1010 4748 4879 -1 -1 3479 0.00792954
Chain
	Aln	381	-4ce50ddb-dc2d-4db3-b491-6c3a237ab1d0 2527 6240 6261 -edge_191_1_-disjointig_17_5860_10739 130 3868 4879 -1 -1 3479 0.00792954
Chain
	Aln	277	+f87f915c-d77a-4130-83d8-99bcea92ed9d 14 8995 8998 -edge_139_0_+disjointig_46_0_19209 3302 12280 19209 -1 -1 8765 0.00350014
Chain
	Aln	276	-f87f915c-d77a-4130-83d8-99bcea92ed9d 2 8983 8998 +edge_139_0_+disjointig_46_0_19209 6928 15906 19209 -1 -1 8765 0.00350014
Chain
	Aln	187	+8b1e920f-7400-4f1b-a5b5-9f17df9d8bdd 22 1915 1923 -edge_94_0_+disjointig_158_0_9352 1405 3306 9352 -1 -1 1086 0.0480334
Chain
	Aln	186	-8b1e920f-7400-4f1b-a5b5-9f17df9d8bdd 7 1900 1923 +edge_94_0_+disjointig_158_0_9352 6045 7946 9352 -1 -1 1086 0.0480334
Chain
	Aln	14	+3fc5f9c6-5ba2-42b7-b1dc-fb35a6cc486f 9219 10932 20395 +edge_8_1_+disjointig_67_8547_10272 6 1719 1725 -1 -1 1713 0.00074875
Chain
	Aln	15	-3fc5f9c6-5ba2-42b7-b1dc-fb35a6cc486f 9462 11175 20395 -edge_8_1_+disjointig_67_8547_10272 5 1718 1725 -1 -1 1713 0.00074875
Chain
	Aln	392	+9f59c4a9-6915-4986-926a-6add1302bcd9 6 5008 6545 +edge_197_0_+disjointig_34_4542_22930 11273 16270 18388 -1 -1 4924 0.000915353
Chain
	Aln	393	-9f59c4a9-6915-4986-926a-6add1302bcd9 1536 6538 6545 -edge_197_0_+disjointig_34_4542_22930 2117 7114 18388 -1 -1 4924 0.000915353
Chain
	Aln	373	+82619669-3921-48d3-b0a7-912db0bb9616 8 4619 4623 -edge_187_0_+disjointig_98_0_17892 2400 7011 17892 -1 -1 4549 0.00209823
Chain
	Aln	372	-82619669-3921-48d3-b0a7-912db0bb9616 3 4614 4623 +edge_187_0_+disjointig_98_0_17892 10880 15491 17892 -1 -1 4549 0.00209823
Chain
	Aln	391	+4cd918f0-d176-4132-b198-bebbbfca4dc1 10 7867 7871 -edge_196_0_+disjointig_49_0_33326 12741 20586 33326 -1 -1 7648 0.00182847
Chain
	Aln	390	-4cd918f0-d176-4132-b198-bebbbfca4dc1 3 7860 7871 +edge_196_0_+disjointig_49_0_33326 12739 20584 33326 -1 -1 7648 0.00182847
Chain
	Aln	200	+3cb71fd2-7bfd-4fee-9954-e5cf8005ab99 9 1053 1055 +edge_101_0_+disjointig_165_0_3364 1260 2301 3364 -1 -1 1029 0.0034908
Chain
	Aln	201	-3cb71fd2-7bfd-4fee-9954-e5cf8005ab99 1 1045 1055 -edge_101_0_+disjointig_165_0_3364 1062 2103 3364 -1 -1 1029 0.0034908
Chain
	Aln	377	+72815d0e-b649-4ea6-afac-bb0c75b62f21 4 3467 3471 -edge_189_0_+disjointig_121_1900_16114 1322 4798 14214 -1 -1 3359 0.00237503
Chain
	Aln	376	-72815d0e-b649-4ea6-afac-bb0c75b62f21 3 3466 3471 +edge_189_0_+disjointig_121_1900_16114 9415 12891 14214 -1 -1 3359 0.00237503
Chain
	Aln	16	+3e61e457-444f-4405-9cdf-328f7461fc01 12 2077 2081 +edge_9_0_-disjointig_67_3019_11566 3513 5576 8547 -1 -1 2056 0.00283924
Chain
	Aln	17	-3e61e457-444f-4405-9cdf-328f7461fc01 3 2068 2081 -edge_9_0_-disjointig_67_3019_11566 2970 5033 8547 -1 -1 2056 0.00283924
Chain
	Aln	348	+7b0c2560-9948-406e-a0c7-f5950368f3f7 3757 14505 14512 +edge_175_0_+disjointig_85_0_10783 8 10777 10783 -1 -1 10495 0.00333382
Chain
	Aln	174	+7b0c2560-9948-406e-a0c7-f5950368f3f7 26 3503 14512 +edge_88_0_+disjointig_152_0_8531 5043 8521 8531 -1 -1 3437 0.000681463
Chain
	Aln	349	-7b0c2560-9948-406e-a0c7-f5950368f3f7 6 10754 14512 -edge_175_0_+disjointig_85_0_10783 5 10774 10783 -1 -1 10495 0.00333382
Chain
	Aln	175	-7b0c2560-9948-406e-a0c7-f5950368f3f7 11008 14485 14512 -edge_88_0_+disjointig_152_0_8531 9 3487 8531 -1 -1 3437 0.000681463
Chain
	Aln	124	+f9089506-421b-4416-a4f0-0aa5c733c41a 1020 2840 2848 +edge_63_0_+disjointig_134_0_4732 2 1820 4732 -1 -1 1817 0.00022885
Chain
	Aln	125	-f9089506-421b-4416-a4f0-0aa5c733c41a 7 1827 2848 -edge_63_0_+disjointig_134_0_4732 2911 4729 4732 -1 -1 1817 0.00022885
Chain
	Aln	390	+e75e46e4-b7a4-408c-a72b-927f486413e2 22 3538 3545 +edge_196_0_+disjointig_49_0_33326 28155 31672 33326 -1 -1 3501 0.00200316
Chain
	Aln	391	-e75e46e4-b7a4-408c-a72b-927f486413e2 6 3522 3545 -edge_196_0_+disjointig_49_0_33326 1653 5170 33326 -1 -1 3501 0.00200316
Chain
	Aln	278	+bf369455-e41d-4bfc-abf7-1793ed50e634 23 2703 2706 +edge_140_0_+disjointig_48_0_17810 6313 8995 17810 -1 -1 2555 0.0069719
Chain
	Aln	279	-bf369455-e41d-4bfc-abf7-1793ed50e634 2 2682 2706 -edge_140_0_+disjointig_48_0_17810 8814 11496 17810 -1 -1 2555 0.0069719
Chain
	Aln	391	+64a8baad-7b27-4d09-96c8-eecb5adeed74 13 2182 2187 -edge_196_0_+disjointig_49_0_33326 20281 22454 33326 -1 -1 2074 0.00404791
Chain
	Aln	390	-64a8baad-7b27-4d09-96c8-eecb5adeed74 4 2173 2187 +edge_196_0_+disjointig_49_0_33326 10871 13044 33326 -1 -1 2074 0.00404791
Chain
	Aln	11	+c171bd71-1560-4540-bb10-ca9ad7548153 16 4574 4600 -edge_6_0_+disjointig_104_0_4910 15 4572 4910 -1 -1 4464 0.00230166
Chain
	Aln	10	-c171bd71-1560-4540-bb10-ca9ad7548153 25 4583 4600 +edge_6_0_+disjointig_104_0_4910 337 4894 4910 -1 -1 4464 0.00230166
Chain
	Aln	372	+85c4e548-270c-4462-a928-785fa37c42b1 20 2209 2224 +edge_187_0_+disjointig_98_0_17892 403 2593 17892 -1 -1 2130 0.000930733
Chain
	Aln	373	-85c4e548-270c-4462-a928-785fa37c42b1 14 2203 2224 -edge_187_0_+disjointig_98_0_17892 15298 17488 17892 -1 -1 2130 0.000930733
Chain
	Aln	315	+8ef1852f-d353-43ab-8dbf-c1930647ab8f 12 1621 1624 -edge_158_0_+disjointig_66_0_10929 7219 8830 10929 -1 -1 1578 0.00363498
Chain
	Aln	314	-8ef1852f-d353-43ab-8dbf-c1930647ab8f 2 1611 1624 +edge_158_0_+disjointig_66_0_10929 2098 3709 10929 -1 -1 1578 0.00363498
Chain
	Aln	51	+d7467ffa-0843-4de0-94dc-b60d6778475c 5 6105 6108 -edge_26_0_+disjointig_12_0_77894 59113 65217 77894 -1 -1 6034 0.00252214
Chain
	Aln	50	-d7467ffa-0843-4de0-94dc-b60d6778475c 2 6102 6108 +edge_26_0_+disjointig_12_0_77894 12676 18780 77894 -1 -1 6034 0.00252214
Chain
	Aln	391	+744f4e08-72e7-416b-be48-facb3d5dc576 7 18343 25414 -edge_196_0_+disjointig_49_0_33326 14976 33325 33326 -1 -1 17956 0.00236353
Chain
	Aln	393	+744f4e08-72e7-416b-be48-facb3d5dc576 19181 24231 25414 -edge_197_0_+disjointig_34_4542_22930 17 5078 18388 -1 -1 4834 0.0052828
Chain
	Aln	390	-744f4e08-72e7-416b-be48-facb3d5dc576 7070 25406 25414 +edge_196_0_+disjointig_49_0_33326 0 18349 33326 -1 -1 17956 0.00236353
Chain
	Aln	392	-744f4e08-72e7-416b-be48-facb3d5dc576 1182 6232 25414 +edge_197_0_+disjointig_34_4542_22930 13309 18370 18388 -1 -1 4834 0.0052828
Chain
	Aln	42	+b56958d6-3e58-414b-866d-946bbabe763a 8 6676 6682 +edge_22_0_+disjointig_116_0_9142 2456 9137 9142 -1 -1 6482 0.00262436
Chain
	Aln	43	-b56958d6-3e58-414b-866d-946bbabe763a 5 6673 6682 -edge_22_0_+disjointig_116_0_9142 4 6685 9142 -1 -1 6482 0.00262436
Chain
	Aln	373	+831a7085-7350-4c52-81c0-7ae746a27d32 14 2219 2226 -edge_187_0_+disjointig_98_0_17892 15278 17481 17892 -1 -1 2170 0
Chain
	Aln	372	-831a7085-7350-4c52-81c0-7ae746a27d32 6 2211 2226 +edge_187_0_+disjointig_98_0_17892 410 2613 17892 -1 -1 2170 0
Chain
	Aln	391	+5f9d8078-d884-457a-a7b8-6c30f8079e31 3 1396 1407 -edge_196_0_+disjointig_49_0_33326 3839 5233 33326 -1 -1 1385 0.00365793
Chain
	Aln	390	-5f9d8078-d884-457a-a7b8-6c30f8079e31 10 1403 1407 +edge_196_0_+disjointig_49_0_33326 28092 29486 33326 -1 -1 1385 0.00365793
Chain
	Aln	142	+7d7348ac-e070-4473-827f-4c69d7007c90 6 5424 5429 +edge_72_0_+disjointig_14_0_5447 29 5443 5447 -1 -1 5382 1.42192e-05
Chain
	Aln	143	-7d7348ac-e070-4473-827f-4c69d7007c90 4 5422 5429 -edge_72_0_+disjointig_14_0_5447 3 5417 5447 -1 -1 5382 1.42192e-05
Chain
	Aln	7	+ca5fbf9e-1d45-4770-9853-4a69b981f75d 975 3824 3829 -edge_4_0_+disjointig_102_0_7527 15 2863 7527 -1 -1 2848 0.00143797
Chain
	Aln	6	-ca5fbf9e-1d45-4770-9853-4a69b981f75d 4 2853 3829 +edge_4_0_+disjointig_102_0_7527 4663 7511 7527 -1 -1 2848 0.00143797
Chain
	Aln	274	+67873fb3-946c-4e33-b2bc-184f93ef08bc 9 1443 1448 +edge_138_0_+disjointig_45_0_8767 6867 8303 8767 -1 -1 1424 0.00179412
Chain
	Aln	275	-67873fb3-946c-4e33-b2bc-184f93ef08bc 4 1438 1448 -edge_138_0_+disjointig_45_0_8767 463 1899 8767 -1 -1 1424 0.00179412
Chain
	Aln	33	+939381f6-91e3-4afd-8800-8df4a50c326a 18 3230 3232 -edge_17_0_+disjointig_111_0_12680 9460 12678 12680 -1 -1 3116 0.000937759
Chain
	Aln	32	-939381f6-91e3-4afd-8800-8df4a50c326a 1 3213 3232 +edge_17_0_+disjointig_111_0_12680 1 3219 12680 -1 -1 3116 0.000937759
Chain
	Aln	351	+05a2ae93-b534-4bc1-a004-1c79d258effb 28 2996 2999 -edge_176_0_+disjointig_86_0_3000 27 2997 3000 -1 -1 2913 0.00284147
Chain
	Aln	350	-05a2ae93-b534-4bc1-a004-1c79d258effb 2 2970 2999 +edge_176_0_+disjointig_86_0_3000 2 2972 3000 -1 -1 2913 0.00284147
Chain
	Aln	359	+607b37a8-146b-4a72-952c-ef1869182e9a 7 1428 1436 -edge_180_0_+disjointig_90_0_36546 29088 30510 36546 -1 -1 1403 0
Chain
	Aln	358	-607b37a8-146b-4a72-952c-ef1869182e9a 7 1428 1436 +edge_180_0_+disjointig_90_0_36546 6035 7457 36546 -1 -1 1403 0
Chain
	Aln	391	+69f4c7fb-bf9b-4cf7-819e-c51cf00857dc 8 2351 2353 -edge_196_0_+disjointig_49_0_33326 22962 25308 33326 -1 -1 2284 0
Chain
	Aln	390	-69f4c7fb-bf9b-4cf7-819e-c51cf00857dc 1 2344 2353 +edge_196_0_+disjointig_49_0_33326 8017 10363 33326 -1 -1 2284 0
Chain
	Aln	366	+28b17d5d-6999-40cc-862c-ec54a5ed7ed1 47 2017 2022 +edge_184_0_+disjointig_95_0_8884 3405 5373 8884 -1 -1 1918 0.00294712
Chain
	Aln	367	-28b17d5d-6999-40cc-862c-ec54a5ed7ed1 4 1974 2022 -edge_184_0_+disjointig_95_0_8884 3510 5478 8884 -1 -1 1918 0.00294712
Chain
	Aln	358	+315b00d4-026d-4d1b-9d97-2b40ae774d31 2 1436 1443 +edge_180_0_+disjointig_90_0_36546 6010 7445 36546 -1 -1 1419 0
Chain
	Aln	359	-315b00d4-026d-4d1b-9d97-2b40ae774d31 6 1440 1443 -edge_180_0_+disjointig_90_0_36546 29100 30535 36546 -1 -1 1419 0
Chain
	Aln	194	+08ae53c9-df4e-4cee-a7f1-8a64d246541d 1 1579 1917 +edge_98_0_+disjointig_161_0_2486 860 2479 2486 -1 -1 1167 0.0254619
Chain
	Aln	195	-08ae53c9-df4e-4cee-a7f1-8a64d246541d 337 1915 1917 -edge_98_0_+disjointig_161_0_2486 6 1625 2486 -1 -1 1167 0.0254619
Chain
	Aln	277	+9ab4b203-6a7e-4718-8917-33608dbeea7c 2 2400 2402 -edge_139_0_+disjointig_46_0_19209 16806 19207 19209 -1 -1 2383 0.000189126
Chain
	Aln	276	-9ab4b203-6a7e-4718-8917-33608dbeea7c 1 2399 2402 +edge_139_0_+disjointig_46_0_19209 1 2402 19209 -1 -1 2383 0.000189126
Chain
	Aln	313	+0dc0557c-4a42-49ba-81da-7b7c47764bd5 8 2167 2219 -edge_157_0_+disjointig_65_0_6428 2319 4478 6428 -1 -1 2143 0
Chain
	Aln	312	-0dc0557c-4a42-49ba-81da-7b7c47764bd5 51 2210 2219 +edge_157_0_+disjointig_65_0_6428 1949 4108 6428 -1 -1 2143 0
Chain
	Aln	195	+c84907c1-d957-4f44-b654-81a631b4dd28 7 1824 1919 -edge_98_0_+disjointig_161_0_2486 92 1942 2486 -1 -1 1373 0.0228414
Chain
	Aln	194	-c84907c1-d957-4f44-b654-81a631b4dd28 94 1911 1919 +edge_98_0_+disjointig_161_0_2486 543 2393 2486 -1 -1 1373 0.0228414
Chain
	Aln	381	+3d121b88-f0b0-494a-b546-c3bfc0977a91 16 2481 2484 -edge_191_2_-disjointig_28_11270_16365 1570 4032 5095 -1 -1 2408 0.00366991
Chain
	Aln	380	-3d121b88-f0b0-494a-b546-c3bfc0977a91 2 2467 2484 +edge_191_2_-disjointig_28_11270_16365 1062 3524 5095 -1 -1 2408 0.00366991
Chain
	Aln	15	+0641a761-f3a7-4f4b-a1e7-728b704263be 1299 3006 4268 -edge_8_1_+disjointig_67_8547_10272 14 1724 1725 -1 -1 1690 0.0020069
Chain
	Aln	100	+0641a761-f3a7-4f4b-a1e7-728b704263be 34 1283 4268 +edge_51_0_+disjointig_13_0_2282 1 1250 2282 -1 -1 1246 0
Chain
	Aln	14	-0641a761-f3a7-4f4b-a1e7-728b704263be 1261 2968 4268 +edge_8_1_+disjointig_67_8547_10272 0 1710 1725 -1 -1 1690 0.0020069
Chain
	Aln	101	-0641a761-f3a7-4f4b-a1e7-728b704263be 2984 4233 4268 -edge_51_0_+disjointig_13_0_2282 1031 2280 2282 -1 -1 1246 0
Chain
	Aln	236	+3585bf1e-5b59-4990-b1cd-5291b0ab2e19 11 2577 2581 +edge_119_0_+disjointig_26_0_22265 12932 15491 22265 -1 -1 2499 0.00396302
Chain
	Aln	237	-3585bf1e-5b59-4990-b1cd-5291b0ab2e19 3 2569 2581 -edge_119_0_+disjointig_26_0_22265 6773 9332 22265 -1 -1 2499 0.00396302
Chain
	Aln	161	+fc2c2cd7-bd2f-44cd-b9e1-033efc3db3f7 11 3518 3520 -edge_81_0_+disjointig_146_0_15414 11918 15412 15414 -1 -1 3384 0.00299479
Chain
	Aln	160	-fc2c2cd7-bd2f-44cd-b9e1-033efc3db3f7 1 3508 3520 +edge_81_0_+disjointig_146_0_15414 1 3495 15414 -1 -1 3384 0.00299479
Chain
	Aln	321	+dd4cf1e3-33fc-40fe-9648-1e102be67aef 10 1221 1247 -edge_161_0_+disjointig_72_0_7830 2433 3644 7830 -1 -1 1197 0.00138459
Chain
	Aln	320	-dd4cf1e3-33fc-40fe-9648-1e102be67aef 25 1236 1247 +edge_161_0_+disjointig_72_0_7830 4185 5396 7830 -1 -1 1197 0.00138459
Chain
	Aln	28	+5c1d835f-ce76-4f8e-b2b8-458d33dfcc11 2 3682 4853 +edge_15_0_+disjointig_109_0_5385 1695 5375 5385 -1 -1 3663 0.00069267
Chain
	Aln	29	-5c1d835f-ce76-4f8e-b2b8-458d33dfcc11 1170 4850 4853 -edge_15_0_+disjointig_109_0_5385 9 3689 5385 -1 -1 3663 0.00069267
Chain
	Aln	388	+6d599757-4dbf-476f-b946-353f10def5f0 8 1848 1852 +edge_195_0_+disjointig_19_1229_9924 3997 5837 8695 -1 -1 1809 0.00325062
Chain
	Aln	389	-6d599757-4dbf-476f-b946-353f10def5f0 3 1843 1852 -edge_195_0_+disjointig_19_1229_9924 2857 4697 8695 -1 -1 1809 0.00325062
Chain
	Aln	262	+4834a245-3bf1-4b5f-a6d7-e891c43ce43b 27 1887 2143 +edge_132_0_+disjointig_37_0_12277 9400 11260 12277 -1 -1 1837 0.00186745
Chain
	Aln	263	-4834a245-3bf1-4b5f-a6d7-e891c43ce43b 255 2115 2143 -edge_132_0_+disjointig_37_0_12277 1016 2876 12277 -1 -1 1837 0.00186745
Chain
	Aln	390	+cacb656f-d4ed-46da-afb4-958105682bba 6 1400 1402 +edge_196_0_+disjointig_49_0_33326 31725 33113 33326 -1 -1 1357 0.00491221
Chain
	Aln	391	-cacb656f-d4ed-46da-afb4-958105682bba 1 1395 1402 -edge_196_0_+disjointig_49_0_33326 212 1600 33326 -1 -1 1357 0.00491221
Chain
	Aln	393	+f95e2e97-3f0f-4eff-a629-028c63116eb4 28 2294 2297 -edge_197_0_+disjointig_34_4542_22930 9487 11761 18388 -1 -1 2206 0.00498316
Chain
	Aln	392	-f95e2e97-3f0f-4eff-a629-028c63116eb4 2 2268 2297 +edge_197_0_+disjointig_34_4542_22930 6626 8900 18388 -1 -1 2206 0.00498316
Chain
	Aln	357	+8326e91e-6d36-4075-bcfe-20a96646ddda 2 2207 2213 -edge_179_0_+disjointig_89_0_10579 5802 8015 10579 -1 -1 2119 0.00576552
Chain
	Aln	356	-8326e91e-6d36-4075-bcfe-20a96646ddda 5 2210 2213 +edge_179_0_+disjointig_89_0_10579 2563 4776 10579 -1 -1 2119 0.00576552
Chain
	Aln	389	+65669502-8843-4805-8997-1bd0d296db23 3 3735 5960 -edge_195_0_+disjointig_19_1229_9924 4966 8694 8695 -1 -1 3530 0.0049224
	Aln	389	+65669502-8843-4805-8997-1bd0d296db23 3817 5953 5960 -edge_195_0_+disjointig_19_1229_9924 18 2160 8695 -1 -1 2012 0.00700976
Chain
	Aln	388	-65669502-8843-4805-8997-1bd0d296db23 6 2142 5960 +edge_195_0_+disjointig_19_1229_9924 6534 8676 8695 -1 -1 2012 0.00700976
	Aln	388	-65669502-8843-4805-8997-1bd0d296db23 2224 5956 5960 +edge_195_0_+disjointig_19_1229_9924 0 3728 8695 -1 -1 3530 0.0049224
Chain
	Aln	7	+e4b3dbd5-25da-4564-a1db-ae4e737c3abd 16 6762 6770 -edge_4_0_+disjointig_102_0_7527 15 6761 7527 -1 -1 6672 0.00273771
Chain
	Aln	6	-e4b3dbd5-25da-4564-a1db-ae4e737c3abd 7 6753 6770 +edge_4_0_+disjointig_102_0_7527 765 7511 7527 -1 -1 6672 0.00273771
Chain
	Aln	355	+66a80f36-1d5b-4ec8-be6f-23e6451cbeab 12 1473 1661 -edge_178_0_+disjointig_88_0_6775 5311 6774 6775 -1 -1 1180 0.0207535
Chain
	Aln	354	-66a80f36-1d5b-4ec8-be6f-23e6451cbeab 187 1648 1661 +edge_178_0_+disjointig_88_0_6775 0 1463 6775 -1 -1 1180 0.0207535
Chain
	Aln	333	+f044b27f-a2eb-400a-ae5c-e44d862d4e08 18 2632 2637 -edge_167_0_+disjointig_78_0_11904 7161 9778 11904 -1 -1 2596 0.00182623
Chain
	Aln	332	-f044b27f-a2eb-400a-ae5c-e44d862d4e08 4 2618 2637 +edge_167_0_+disjointig_78_0_11904 2125 4742 11904 -1 -1 2596 0.00182623
Chain
	Aln	279	+bcdaaff6-bb00-44f1-9306-6636e2f2631c 8 4342 4348 -edge_140_0_+disjointig_48_0_17810 11 4345 17810 -1 -1 4285 0.00114515
Chain
	Aln	278	-bcdaaff6-bb00-44f1-9306-6636e2f2631c 5 4339 4348 +edge_140_0_+disjointig_48_0_17810 13464 17798 17810 -1 -1 4285 0.00114515
Chain
	Aln	35	+8c88c3d2-5593-49b9-9916-1ef6e7768ca7 1485 3952 3955 -edge_18_0_+disjointig_112_0_3569 11 2477 3569 -1 -1 2462 0.00233021
Chain
	Aln	34	-8c88c3d2-5593-49b9-9916-1ef6e7768ca7 2 2469 3955 +edge_18_0_+disjointig_112_0_3569 1091 3557 3569 -1 -1 2462 0.00233021
Chain
	Aln	230	+cf2ea1a8-4ec8-4ca3-ac2a-38d50148667a 1 3015 3019 +edge_116_0_+disjointig_23_0_7388 212 3228 7388 -1 -1 3013 0.00238278
Chain
	Aln	231	-cf2ea1a8-4ec8-4ca3-ac2a-38d50148667a 3 3017 3019 -edge_116_0_+disjointig_23_0_7388 4159 7175 7388 -1 -1 3013 0.00238278
Chain
	Aln	139	+36a74949-3136-4919-af25-67eabe57d9cd 27 2455 2457 -edge_70_0_+disjointig_138_0_2457 31 2455 2457 -1 -1 2348 0.00477932
Chain
	Aln	138	-36a74949-3136-4919-af25-67eabe57d9cd 1 2429 2457 +edge_70_0_+disjointig_138_0_2457 1 2425 2457 -1 -1 2348 0.00477932
Chain
	Aln	273	+96f9f3de-3d68-44e5-8744-8ec86b4c4bb9 9 1803 1811 -edge_137_0_+disjointig_43_0_8171 5887 7677 8171 -1 -1 1770 0.00346649
Chain
	Aln	272	-96f9f3de-3d68-44e5-8744-8ec86b4c4bb9 7 1801 1811 +edge_137_0_+disjointig_43_0_8171 493 2283 8171 -1 -1 1770 0.00346649
Chain
	Aln	188	+30b96722-d0c4-4551-a7bb-7ad5de495ac3 158 2018 2020 +edge_95_0_+disjointig_159_0_2636 5 1873 2636 -1 -1 1827 0.0030291
Chain
	Aln	189	-30b96722-d0c4-4551-a7bb-7ad5de495ac3 1 1861 2020 -edge_95_0_+disjointig_159_0_2636 762 2630 2636 -1 -1 1827 0.0030291
Chain
	Aln	327	+decbae35-f034-4e91-aa75-3abfb33047a3 6 3043 3050 -edge_164_0_+disjointig_75_0_32040 21898 24935 32040 -1 -1 3014 0
Chain
	Aln	326	-decbae35-f034-4e91-aa75-3abfb33047a3 6 3043 3050 +edge_164_0_+disjointig_75_0_32040 7104 10141 32040 -1 -1 3014 0
Chain
	Aln	239	+19566e5e-9b87-45e9-b9f2-adc6a1fb226e 8 1782 1788 -edge_120_0_+disjointig_27_0_12072 6974 8748 12072 -1 -1 1774 0.000544301
Chain
	Aln	238	-19566e5e-9b87-45e9-b9f2-adc6a1fb226e 5 1779 1788 +edge_120_0_+disjointig_27_0_12072 3323 5097 12072 -1 -1 1774 0.000544301
Chain
	Aln	391	+022f1655-a6e8-4d55-8a5a-31759bcca80a 10 1985 1989 -edge_196_0_+disjointig_49_0_33326 6074 8055 33326 -1 -1 1884 0.00557482
Chain
	Aln	390	-022f1655-a6e8-4d55-8a5a-31759bcca80a 3 1978 1989 +edge_196_0_+disjointig_49_0_33326 25270 27251 33326 -1 -1 1884 0.00557482
Chain
	Aln	97	+8eb64c49-d4dc-486b-9366-9ae48f3a389a 13 2438 2751 -edge_49_0_+disjointig_128_0_2464 38 2463 2464 -1 -1 2392 0.00104653
Chain
	Aln	96	-8eb64c49-d4dc-486b-9366-9ae48f3a389a 312 2737 2751 +edge_49_0_+disjointig_128_0_2464 0 2425 2464 -1 -1 2392 0.00104653
Chain
	Aln	332	+a2b8eaf4-808b-4848-aa96-6689d1aa7972 384 1445 1536 +edge_167_0_+disjointig_78_0_11904 2 1068 11904 -1 -1 966 0.00989592
Chain
	Aln	333	-a2b8eaf4-808b-4848-aa96-6689d1aa7972 90 1151 1536 -edge_167_0_+disjointig_78_0_11904 10835 11901 11904 -1 -1 966 0.00989592
Chain
	Aln	172	+ea32bdcb-f555-4351-8594-9748912d744c 8 1056 1060 +edge_87_0_+disjointig_151_0_16632 7618 8666 16632 -1 -1 1017 0.00371574
Chain
	Aln	173	-ea32bdcb-f555-4351-8594-9748912d744c 3 1051 1060 -edge_87_0_+disjointig_151_0_16632 7965 9013 16632 -1 -1 1017 0.00371574
Chain
	Aln	175	+2eb9a17f-5563-4af7-8126-662571b912aa 4 2058 2061 -edge_88_0_+disjointig_152_0_8531 142 2191 8531 -1 -1 1970 0.00645378
Chain
	Aln	174	-2eb9a17f-5563-4af7-8126-662571b912aa 2 2056 2061 +edge_88_0_+disjointig_152_0_8531 6339 8388 8531 -1 -1 1970 0.00645378
Chain
	Aln	359	+a76e07e6-14af-4bf8-b26f-f33f9d14d3ae 368 4475 4479 -edge_180_0_+disjointig_90_0_36546 13 4130 36546 -1 -1 4045 0.00110464
Chain
	Aln	358	-a76e07e6-14af-4bf8-b26f-f33f9d14d3ae 3 4110 4479 +edge_180_0_+disjointig_90_0_36546 32415 36532 36546 -1 -1 4045 0.00110464
Chain
	Aln	314	+1c80281e-eb10-4683-8db0-3a9f0d3b43da 18 5951 5958 +edge_158_0_+disjointig_66_0_10929 1410 7340 10929 -1 -1 5815 0.00254277
Chain
	Aln	315	-1c80281e-eb10-4683-8db0-3a9f0d3b43da 6 5939 5958 -edge_158_0_+disjointig_66_0_10929 3588 9518 10929 -1 -1 5815 0.00254277
Chain
	Aln	373	+197427d5-482a-430c-943d-6d512e746025 9 1927 1932 -edge_187_0_+disjointig_98_0_17892 13357 15278 17892 -1 -1 1898 0.000604222
Chain
	Aln	372	-197427d5-482a-430c-943d-6d512e746025 4 1922 1932 +edge_187_0_+disjointig_98_0_17892 2613 4534 17892 -1 -1 1898 0.000604222
Chain
	Aln	305	+e09d0080-e8ac-41a8-a7c3-1563beef8483 29 3036 3038 -edge_153_0_+disjointig_61_0_12819 9810 12817 12819 -1 -1 2976 0.00209484
Chain
	Aln	304	-e09d0080-e8ac-41a8-a7c3-1563beef8483 1 3008 3038 +edge_153_0_+disjointig_61_0_12819 1 3008 12819 -1 -1 2976 0.00209484
Chain
	Aln	71	+52c4607e-e057-4eff-9b8d-ac170377a081 30 1094 1098 -edge_36_0_+disjointig_47_9413_11053 548 1639 1640 -1 -1 876 0.0177386
Chain
	Aln	70	-52c4607e-e057-4eff-9b8d-ac170377a081 3 1067 1098 +edge_36_0_+disjointig_47_9413_11053 0 1091 1640 -1 -1 876 0.0177386
Chain
	Aln	337	+d35093a4-d18e-4599-8b06-df7ef611665b 8 25673 25680 -edge_169_0_+disjointig_8_0_30726 7 25684 30726 -1 -1 24886 0.00292755
Chain
	Aln	336	-d35093a4-d18e-4599-8b06-df7ef611665b 6 25671 25680 +edge_169_0_+disjointig_8_0_30726 5041 30718 30726 -1 -1 24886 0.00292755
Chain
	Aln	262	+41df0576-52ab-42ff-bb0e-6f25eff48164 7 1383 1388 +edge_132_0_+disjointig_37_0_12277 3193 4569 12277 -1 -1 1352 0.0019089
Chain
	Aln	263	-41df0576-52ab-42ff-bb0e-6f25eff48164 4 1380 1388 -edge_132_0_+disjointig_37_0_12277 7707 9083 12277 -1 -1 1352 0.0019089
Chain
	Aln	266	+e238fb1c-887a-4276-981f-f2e4c6cb0d09 2169 6388 6393 +edge_134_0_+disjointig_39_0_5128 902 5124 5128 -1 -1 4027 0.00496725
Chain
	Aln	267	-e238fb1c-887a-4276-981f-f2e4c6cb0d09 4 4223 6393 -edge_134_0_+disjointig_39_0_5128 3 4225 5128 -1 -1 4027 0.00496725
Chain
	Aln	118	+abb90e33-6835-45c8-9854-a65a92b93a9a 25 6380 6384 +edge_60_0_-disjointig_17_10739_35048 10986 17356 24309 -1 -1 5238 0.0196637
Chain
	Aln	119	-abb90e33-6835-45c8-9854-a65a92b93a9a 3 6358 6384 -edge_60_0_-disjointig_17_10739_35048 6952 13322 24309 -1 -1 5238 0.0196637
Chain
	Aln	51	+2ee24a17-9398-4bbe-bdfd-df450757c4b1 11 10349 10410 -edge_26_0_+disjointig_12_0_77894 10 10146 77894 -1 -1 9173 0.00737152
Chain
	Aln	50	-2ee24a17-9398-4bbe-bdfd-df450757c4b1 60 10398 10410 +edge_26_0_+disjointig_12_0_77894 67747 77883 77894 -1 -1 9173 0.00737152
Chain
	Aln	160	+1c30af73-d6ef-496a-86d2-f93bbbffc299 4 1290 1610 +edge_81_0_+disjointig_146_0_15414 14102 15388 15414 -1 -1 1280 0
Chain
	Aln	161	-1c30af73-d6ef-496a-86d2-f93bbbffc299 319 1605 1610 -edge_81_0_+disjointig_146_0_15414 25 1311 15414 -1 -1 1280 0
Chain
	Aln	326	+161b10be-004e-464e-9613-3d05e3b1c3f5 6 4681 4687 +edge_164_0_+disjointig_75_0_32040 14449 19128 32040 -1 -1 4593 0.00259516
Chain
	Aln	327	-161b10be-004e-464e-9613-3d05e3b1c3f5 5 4680 4687 -edge_164_0_+disjointig_75_0_32040 12911 17590 32040 -1 -1 4593 0.00259516
Chain
	Aln	315	+6afec64b-a15e-4ddf-85ea-2a89f93150cc 66 2967 2974 -edge_158_0_+disjointig_66_0_10929 8021 10922 10929 -1 -1 2799 0.00380261
Chain
	Aln	314	-6afec64b-a15e-4ddf-85ea-2a89f93150cc 6 2907 2974 +edge_158_0_+disjointig_66_0_10929 6 2907 10929 -1 -1 2799 0.00380261
Chain
	Aln	39	+3549f0a5-82aa-49a3-a9fb-25c8d691f6c5 11 4135 8779 -edge_20_0_+disjointig_114_0_4134 10 4133 4134 -1 -1 4116 0.000246771
Chain
	Aln	38	-3549f0a5-82aa-49a3-a9fb-25c8d691f6c5 4643 8767 8779 +edge_20_0_+disjointig_114_0_4134 0 4123 4134 -1 -1 4116 0.000246771
Chain
	Aln	95	+876997ce-3615-43d1-b8a3-7057642b5cd6 5 13120 13379 -edge_48_0_+disjointig_127_0_14729 4 13121 14729 -1 -1 13016 0.000551804
Chain
	Aln	94	-876997ce-3615-43d1-b8a3-7057642b5cd6 258 13373 13379 +edge_48_0_+disjointig_127_0_14729 1607 14724 14729 -1 -1 13016 0.000551804
Chain
	Aln	358	+781a28d2-6ccd-47ca-86ad-bdced8684c74 2 5429 5436 +edge_180_0_+disjointig_90_0_36546 4463 9904 36546 -1 -1 5260 0.00378831
Chain
	Aln	359	-781a28d2-6ccd-47ca-86ad-bdced8684c74 6 5433 5436 -edge_180_0_+disjointig_90_0_36546 26641 32082 36546 -1 -1 5260 0.00378831
Chain
	Aln	143	+cce109db-5eaa-461d-8647-9989a5c35457 4 2316 2318 -edge_72_0_+disjointig_14_0_5447 3129 5445 5447 -1 -1 2272 0
Chain
	Aln	142	-cce109db-5eaa-461d-8647-9989a5c35457 1 2313 2318 +edge_72_0_+disjointig_14_0_5447 1 2317 5447 -1 -1 2272 0
Chain
	Aln	394	+aeebcffa-fa8a-44ca-bf61-335e3866e416 24 2165 3124 +edge_198_0_+disjointig_35_1521_5895 2230 4371 4374 -1 -1 2086 0.00749754
	Aln	394	+aeebcffa-fa8a-44ca-bf61-335e3866e416 2173 3121 3124 +edge_198_0_+disjointig_35_1521_5895 5 948 4374 -1 -1 909 0.0019223
Chain
	Aln	395	-aeebcffa-fa8a-44ca-bf61-335e3866e416 2 950 3124 -edge_198_0_+disjointig_35_1521_5895 3425 4368 4374 -1 -1 909 0.0019223
	Aln	395	-aeebcffa-fa8a-44ca-bf61-335e3866e416 958 3099 3124 -edge_198_0_+disjointig_35_1521_5895 2 2143 4374 -1 -1 2086 0.00749754
Chain
	Aln	47	+a63a2307-a520-4144-91eb-61b974605595 14 3017 3025 -edge_24_0_+disjointig_118_0_5205 2191 5197 5205 -1 -1 2956 0.00218742
Chain
	Aln	46	-a63a2307-a520-4144-91eb-61b974605595 7 3010 3025 +edge_24_0_+disjointig_118_0_5205 7 3013 5205 -1 -1 2956 0.00218742
Chain
	Aln	141	+cd6e110c-a2b7-4b94-9e16-c073661774bb 4 5019 5021 -edge_71_0_+disjointig_139_0_11611 6594 11609 11611 -1 -1 4898 0.00349409
Chain
	Aln	140	-cd6e110c-a2b7-4b94-9e16-c073661774bb 1 5016 5021 +edge_71_0_+disjointig_139_0_11611 1 5016 11611 -1 -1 4898 0.00349409
Chain
	Aln	338	+f27eb473-d998-4677-96b6-366c4cc5fb2c 11 22134 22139 +edge_170_0_+disjointig_80_0_26396 554 22751 26396 -1 -1 21650 0.00185902
Chain
	Aln	339	-f27eb473-d998-4677-96b6-366c4cc5fb2c 4 22127 22139 -edge_170_0_+disjointig_80_0_26396 3644 25841 26396 -1 -1 21650 0.00185902
Chain
	Aln	361	+9807f9d1-20b6-44d8-ae8a-001b52002d77 8 9181 9202 -edge_181_0_+disjointig_92_0_9560 7 9182 9560 -1 -1 8730 0.00647259
Chain
	Aln	360	-9807f9d1-20b6-44d8-ae8a-001b52002d77 20 9193 9202 +edge_181_0_+disjointig_92_0_9560 377 9552 9560 -1 -1 8730 0.00647259
Chain
	Aln	64	+0874113d-43e2-49b3-bcfa-ee7e03898fbf 9 1026 1034 +edge_33_3_-disjointig_47_1640_3095 116 1133 1455 -1 -1 982 0.00430948
Chain
	Aln	65	-0874113d-43e2-49b3-bcfa-ee7e03898fbf 7 1024 1034 -edge_33_3_-disjointig_47_1640_3095 321 1338 1455 -1 -1 982 0.00430948
Chain
	Aln	328	+6c7edfeb-6245-4ed0-b9e4-1f9e1aaafc62 2 1393 1399 +edge_165_0_+disjointig_76_0_14078 5479 6870 14078 -1 -1 1349 0.000625741
Chain
	Aln	329	-6c7edfeb-6245-4ed0-b9e4-1f9e1aaafc62 5 1396 1399 -edge_165_0_+disjointig_76_0_14078 7207 8598 14078 -1 -1 1349 0.000625741
Chain
	Aln	327	+292479b2-bc04-4387-aeb0-54b92cfee08a 14 3131 3138 -edge_164_0_+disjointig_75_0_32040 23553 26671 32040 -1 -1 3086 0.00138379
Chain
	Aln	326	-292479b2-bc04-4387-aeb0-54b92cfee08a 6 3123 3138 +edge_164_0_+disjointig_75_0_32040 5368 8486 32040 -1 -1 3086 0.00138379
Chain
	Aln	261	+c5dd5588-170e-4969-b253-2dc602c9258d 11 2456 2458 -edge_131_0_+disjointig_36_0_2465 10 2463 2465 -1 -1 2361 0.00380553
Chain
	Aln	260	-c5dd5588-170e-4969-b253-2dc602c9258d 1 2446 2458 +edge_131_0_+disjointig_36_0_2465 1 2454 2465 -1 -1 2361 0.00380553
Chain
	Aln	393	+7d2158fb-955d-4fcb-b67b-961296f1e446 6 3700 3707 -edge_197_0_+disjointig_34_4542_22930 2314 6012 18388 -1 -1 3625 0.00251942
Chain
	Aln	392	-7d2158fb-955d-4fcb-b67b-961296f1e446 6 3700 3707 +edge_197_0_+disjointig_34_4542_22930 12375 16073 18388 -1 -1 3625 0.00251942
Chain
	Aln	388	+76eafe85-3687-4645-9de5-d54a048fcabf 145 1458 1463 +edge_195_0_+disjointig_19_1229_9924 1 1322 8695 -1 -1 1168 0.0128801
Chain
	Aln	389	-76eafe85-3687-4645-9de5-d54a048fcabf 4 1317 1463 -edge_195_0_+disjointig_19_1229_9924 7372 8693 8695 -1 -1 1168 0.0128801
Chain
	Aln	178	+906d8b28-e458-4924-88d0-e13d1a7f8246 13 1600 1609 +edge_90_0_+disjointig_154_0_8307 2090 3677 8307 -1 -1 1587 2.5344e-05
Chain
	Aln	179	-906d8b28-e458-4924-88d0-e13d1a7f8246 8 1595 1609 -edge_90_0_+disjointig_154_0_8307 4629 6216 8307 -1 -1 1587 2.5344e-05
Chain
	Aln	229	+aa1eeb07-1533-4dfa-a9a6-3d8b213d9471 1268 3426 3433 -edge_115_0_+disjointig_22_0_2445 5 2163 2445 -1 -1 2131 0.00128405
Chain
	Aln	228	-aa1eeb07-1533-4dfa-a9a6-3d8b213d9471 6 2164 3433 +edge_115_0_+disjointig_22_0_2445 281 2439 2445 -1 -1 2131 0.00128405
Chain
	Aln	266	+e62d9c8d-5558-47f1-9157-244b49e2d15a 2250 3785 3799 +edge_134_0_+disjointig_39_0_5128 902 2437 5128 -1 -1 1535 0
Chain
	Aln	267	-e62d9c8d-5558-47f1-9157-244b49e2d15a 13 1548 3799 -edge_134_0_+disjointig_39_0_5128 2690 4225 5128 -1 -1 1535 0
Chain
	Aln	175	+add3f58d-c6fd-4df4-8e2f-7a246a92ff9a 9 6121 8792 -edge_88_0_+disjointig_152_0_8531 2415 8530 8531 -1 -1 6067 0.00119995
Chain
	Aln	174	-add3f58d-c6fd-4df4-8e2f-7a246a92ff9a 2670 8782 8792 +edge_88_0_+disjointig_152_0_8531 0 6115 8531 -1 -1 6067 0.00119995
Chain
	Aln	6	+3783c0ea-2960-46a3-90b0-0d40e59acf38 81 1133 1395 +edge_4_0_+disjointig_102_0_7527 6465 7516 7527 -1 -1 1041 0.00135377
Chain
	Aln	7	-3783c0ea-2960-46a3-90b0-0d40e59acf38 261 1313 1395 -edge_4_0_+disjointig_102_0_7527 10 1061 7527 -1 -1 1041 0.00135377
Chain
	Aln	392	+5f7c93c4-134e-4b07-a2e2-c04513695eca 41 1202 1244 +edge_197_0_+disjointig_34_4542_22930 12304 13465 18388 -1 -1 1155 0
Chain
	Aln	393	-5f7c93c4-134e-4b07-a2e2-c04513695eca 41 1202 1244 -edge_197_0_+disjointig_34_4542_22930 4922 6083 18388 -1 -1 1155 0
Chain
	Aln	350	+d22c6d6d-2c74-49ca-ac9d-b238ba19b39f 229 3221 4447 +edge_176_0_+disjointig_86_0_3000 5 2995 3000 -1 -1 2954 0.00213776
Chain
	Aln	351	-d22c6d6d-2c74-49ca-ac9d-b238ba19b39f 1225 4217 4447 -edge_176_0_+disjointig_86_0_3000 4 2994 3000 -1 -1 2954 0.00213776
Chain
	Aln	14	+db2c1be4-402f-4c5f-9311-b47ae54c9031 5951 7015 7024 +edge_8_1_+disjointig_67_8547_10272 6 1071 1725 -1 -1 1053 0
Chain
	Aln	15	-db2c1be4-402f-4c5f-9311-b47ae54c9031 8 1072 7024 -edge_8_1_+disjointig_67_8547_10272 653 1718 1725 -1 -1 1053 0
Chain
	Aln	285	+5fe0b6f9-93e7-4226-bf37-ad2241e0ce8b 14 5341 5346 -edge_143_0_+disjointig_52_0_9589 1753 7080 9589 -1 -1 5296 0
Chain
	Aln	284	-5fe0b6f9-93e7-4226-bf37-ad2241e0ce8b 4 5331 5346 +edge_143_0_+disjointig_52_0_9589 2508 7835 9589 -1 -1 5296 0
Chain
	Aln	391	+9f16121b-798b-41b2-867b-56c9b7711ebc 8 1249 1494 -edge_196_0_+disjointig_49_0_33326 12592 13841 33326 -1 -1 1076 0.0160539
Chain
	Aln	390	-9f16121b-798b-41b2-867b-56c9b7711ebc 244 1485 1494 +edge_196_0_+disjointig_49_0_33326 19484 20733 33326 -1 -1 1076 0.0160539
Chain
	Aln	50	+57621bfc-4a74-4d6b-b74c-06062dd84f03 27 1253 1282 +edge_26_0_+disjointig_12_0_77894 62346 63600 77894 -1 -1 982 0.0216565
Chain
	Aln	51	-57621bfc-4a74-4d6b-b74c-06062dd84f03 28 1254 1282 -edge_26_0_+disjointig_12_0_77894 14293 15547 77894 -1 -1 982 0.0216565
Chain
	Aln	184	+4dfbee44-d3d1-45c1-8be1-8c1af88f9fd7 9 1734 1741 +edge_93_0_+disjointig_157_0_5884 26 1751 5884 -1 -1 1725 0
Chain
	Aln	185	-4dfbee44-d3d1-45c1-8be1-8c1af88f9fd7 6 1731 1741 -edge_93_0_+disjointig_157_0_5884 4132 5857 5884 -1 -1 1725 0
Chain
	Aln	225	+1de2cfea-184b-4409-a5f2-2834a4175554 18 3730 3734 -edge_113_0_+disjointig_9_3615_16265 17 3734 12650 -1 -1 3695 0.00163983
Chain
	Aln	224	-1de2cfea-184b-4409-a5f2-2834a4175554 3 3715 3734 +edge_113_0_+disjointig_9_3615_16265 8915 12632 12650 -1 -1 3695 0.00163983
Chain
	Aln	195	+abc2a25c-33d1-4477-9b74-03608c5aa3cd 117 1912 1914 -edge_98_0_+disjointig_161_0_2486 11 1848 2486 -1 -1 1390 0.021399
Chain
	Aln	194	-abc2a25c-33d1-4477-9b74-03608c5aa3cd 1 1796 1914 +edge_98_0_+disjointig_161_0_2486 637 2474 2486 -1 -1 1390 0.021399
Chain
	Aln	101	+5f88cd98-3057-463b-a6a8-e4272b56601f 15 2278 2280 -edge_51_0_+disjointig_13_0_2282 14 2280 2282 -1 -1 2221 0
Chain
	Aln	100	-5f88cd98-3057-463b-a6a8-e4272b56601f 1 2264 2280 +edge_51_0_+disjointig_13_0_2282 1 2267 2282 -1 -1 2221 0
Chain
	Aln	391	+9835005f-80e6-4b65-b1d6-3a8345b8c73a 11 2939 2942 -edge_196_0_+disjointig_49_0_33326 4672 7602 33326 -1 -1 2870 0.00262112
Chain
	Aln	390	-9835005f-80e6-4b65-b1d6-3a8345b8c73a 2 2930 2942 +edge_196_0_+disjointig_49_0_33326 25723 28653 33326 -1 -1 2870 0.00262112
Chain
	Aln	391	+42f352c9-d886-4c32-8e65-8c4347333017 13 1748 1757 -edge_196_0_+disjointig_49_0_33326 8867 10601 33326 -1 -1 1718 0
Chain
	Aln	390	-42f352c9-d886-4c32-8e65-8c4347333017 8 1743 1757 +edge_196_0_+disjointig_49_0_33326 22724 24458 33326 -1 -1 1718 0
Chain
	Aln	295	+85d4f914-a92a-4ecf-9060-9cb68283e223 17 3848 3853 -edge_148_0_+disjointig_57_0_7425 16 3855 7425 -1 -1 3736 0.0040817
Chain
	Aln	294	-85d4f914-a92a-4ecf-9060-9cb68283e223 4 3835 3853 +edge_148_0_+disjointig_57_0_7425 3569 7408 7425 -1 -1 3736 0.0040817
Chain
	Aln	294	+56fed53d-daa1-489b-9d93-6e3db83d446a 9 3852 3859 +edge_148_0_+disjointig_57_0_7425 3554 7399 7425 -1 -1 3745 0.00472076
Chain
	Aln	295	-56fed53d-daa1-489b-9d93-6e3db83d446a 6 3849 3859 -edge_148_0_+disjointig_57_0_7425 25 3870 7425 -1 -1 3745 0.00472076
Chain
	Aln	316	+5e889522-43df-43c1-8f9a-c710686eaf42 10 4040 4043 +edge_159_0_+disjointig_69_0_7090 3219 7088 7090 -1 -1 3366 0.0124536
Chain
	Aln	317	-5e889522-43df-43c1-8f9a-c710686eaf42 2 4032 4043 -edge_159_0_+disjointig_69_0_7090 1 3870 7090 -1 -1 3366 0.0124536
Chain
	Aln	302	+ead64e55-f692-45e7-ab18-e82a5bd47e15 24 2708 2710 +edge_152_0_+disjointig_60_0_7918 255 2940 7918 -1 -1 2469 0.00703766
Chain
	Aln	303	-ead64e55-f692-45e7-ab18-e82a5bd47e15 1 2685 2710 -edge_152_0_+disjointig_60_0_7918 4977 7662 7918 -1 -1 2469 0.00703766
Chain
	Aln	0	+f700524f-8590-48b0-b74e-9c4460791003 896 2985 2987 +edge_1_0_+disjointig_1_0_2292 1 2093 2292 -1 -1 2025 0.00229613
Chain
	Aln	1	-f700524f-8590-48b0-b74e-9c4460791003 1 2090 2987 -edge_1_0_+disjointig_1_0_2292 198 2290 2292 -1 -1 2025 0.00229613
Chain
	Aln	291	+79f068d1-5fa3-4f0d-ab84-2f2782b69057 2 2340 2342 -edge_146_0_+disjointig_55_0_10096 2508 4848 10096 -1 -1 2317 0.000189014
Chain
	Aln	290	-79f068d1-5fa3-4f0d-ab84-2f2782b69057 1 2339 2342 +edge_146_0_+disjointig_55_0_10096 5247 7587 10096 -1 -1 2317 0.000189014
Chain
	Aln	225	+009f2d96-0ff4-4445-9e13-783c52b7f06d 13 2766 3067 -edge_113_0_+disjointig_9_3615_16265 9880 12634 12650 -1 -1 2673 0.0040638
Chain
	Aln	224	-009f2d96-0ff4-4445-9e13-783c52b7f06d 300 3053 3067 +edge_113_0_+disjointig_9_3615_16265 15 2769 12650 -1 -1 2673 0.0040638
Chain
	Aln	195	+24318516-429e-4587-b539-a3aae988c232 287 1913 1921 -edge_98_0_+disjointig_161_0_2486 30 1697 2486 -1 -1 1205 0.0241633
Chain
	Aln	194	-24318516-429e-4587-b539-a3aae988c232 7 1633 1921 +edge_98_0_+disjointig_161_0_2486 788 2455 2486 -1 -1 1205 0.0241633
Chain
	Aln	308	+2975579d-ce64-4204-81f5-37127df10169 18 7904 7913 +edge_155_0_+disjointig_63_0_11607 3703 11599 11607 -1 -1 7757 0.00272041
Chain
	Aln	309	-2975579d-ce64-4204-81f5-37127df10169 8 7894 7913 -edge_155_0_+disjointig_63_0_11607 7 7903 11607 -1 -1 7757 0.00272041
Chain
	Aln	334	+4e9154c4-9d27-4658-9c03-9ff800e648a5 1236 9262 9267 +edge_168_0_+disjointig_79_0_8031 1 8027 8031 -1 -1 7869 0.00148015
Chain
	Aln	335	-4e9154c4-9d27-4658-9c03-9ff800e648a5 4 8030 9267 -edge_168_0_+disjointig_79_0_8031 3 8029 8031 -1 -1 7869 0.00148015
Chain
	Aln	349	+4b1932e9-e2c4-43d7-bc21-b7a9d8570e4f 11 3262 3270 -edge_175_0_+disjointig_85_0_10783 2543 5805 10783 -1 -1 3210 0.00382647
Chain
	Aln	348	-4b1932e9-e2c4-43d7-bc21-b7a9d8570e4f 7 3258 3270 +edge_175_0_+disjointig_85_0_10783 4977 8239 10783 -1 -1 3210 0.00382647
Chain
	Aln	196	+566683cc-31b1-40b0-bfd8-cc419743952c 1025 2041 2048 +edge_99_0_+disjointig_163_0_2323 3 1018 2323 -1 -1 926 0.00927619
Chain
	Aln	197	-566683cc-31b1-40b0-bfd8-cc419743952c 6 1022 2048 -edge_99_0_+disjointig_163_0_2323 1304 2319 2323 -1 -1 926 0.00927619
Chain
	Aln	373	+43f66648-903f-4c54-a19d-e9c26b5cb3fd 10 1767 1774 -edge_187_0_+disjointig_98_0_17892 12949 14700 17892 -1 -1 1711 0.00243316
Chain
	Aln	372	-43f66648-903f-4c54-a19d-e9c26b5cb3fd 6 1763 1774 +edge_187_0_+disjointig_98_0_17892 3191 4942 17892 -1 -1 1711 0.00243316
Chain
	Aln	393	+3465223d-c9ee-4ebe-9eeb-a6e0086b6905 3 1039 1064 -edge_197_0_+disjointig_34_4542_22930 10791 11829 18388 -1 -1 1005 0.00585676
Chain
	Aln	392	-3465223d-c9ee-4ebe-9eeb-a6e0086b6905 24 1060 1064 +edge_197_0_+disjointig_34_4542_22930 6558 7596 18388 -1 -1 1005 0.00585676
Chain
	Aln	341	+891dd949-cd3a-428b-9e08-deba76cb259a 3 3026 3028 -edge_171_0_+disjointig_81_0_4813 1788 4811 4813 -1 -1 2949 0.00319659
Chain
	Aln	340	-891dd949-cd3a-428b-9e08-deba76cb259a 1 3024 3028 +edge_171_0_+disjointig_81_0_4813 1 3024 4813 -1 -1 2949 0.00319659
Chain
	Aln	118	+b112a93f-a8f2-4727-b76d-daf25b93a892 84 5999 6007 +edge_60_0_-disjointig_17_10739_35048 153 6077 24309 -1 -1 5778 0.00285539
Chain
	Aln	119	-b112a93f-a8f2-4727-b76d-daf25b93a892 7 5922 6007 -edge_60_0_-disjointig_17_10739_35048 18231 24155 24309 -1 -1 5778 0.00285539
Chain
	Aln	302	+3e40291f-1067-49c6-b08c-cafd40d09c9b 13 1497 1499 +edge_152_0_+disjointig_60_0_7918 5842 7326 7918 -1 -1 1474 0.00121498
Chain
	Aln	303	-3e40291f-1067-49c6-b08c-cafd40d09c9b 1 1485 1499 -edge_152_0_+disjointig_60_0_7918 591 2075 7918 -1 -1 1474 0.00121498
Chain
	Aln	76	+c6d88abc-540c-4565-b59e-ffd949006268 7 1985 1987 +edge_39_0_+disjointig_122_8837_18196 6938 8908 9359 -1 -1 1821 0.0105712
Chain
	Aln	77	-c6d88abc-540c-4565-b59e-ffd949006268 1 1979 1987 -edge_39_0_+disjointig_122_8837_18196 450 2420 9359 -1 -1 1821 0.0105712
Chain
	Aln	13	+6f425a27-0326-4c15-a17c-7ae2607dc7d5 10 1395 1397 -edge_7_0_+disjointig_105_0_3500 1193 2578 3500 -1 -1 1385 0.00156468
Chain
	Aln	12	-6f425a27-0326-4c15-a17c-7ae2607dc7d5 1 1386 1397 +edge_7_0_+disjointig_105_0_3500 921 2306 3500 -1 -1 1385 0.00156468
Chain
	Aln	380	+14d13d07-a118-4673-876b-4e39a53018f9 76 2228 2739 +edge_191_0_+disjointig_132_3728_8623 2712 4867 4895 -1 -1 2101 0.00388005
Chain
	Aln	381	-14d13d07-a118-4673-876b-4e39a53018f9 510 2662 2739 -edge_191_0_+disjointig_132_3728_8623 27 2182 4895 -1 -1 2101 0.00388005
Chain
	Aln	119	+ed53c9b1-8bb5-4923-b6a4-10fade0163c3 7 4116 4118 -edge_60_0_-disjointig_17_10739_35048 12316 16424 24309 -1 -1 4071 0.000429614
Chain
	Aln	118	-ed53c9b1-8bb5-4923-b6a4-10fade0163c3 1 4110 4118 +edge_60_0_-disjointig_17_10739_35048 7884 11992 24309 -1 -1 4071 0.000429614
Chain
	Aln	348	+09c8c9ae-9359-4508-9191-3418762ea465 12 6910 8043 +edge_175_0_+disjointig_85_0_10783 3875 10777 10783 -1 -1 6832 0.00156216
Chain
	Aln	349	-09c8c9ae-9359-4508-9191-3418762ea465 1132 8030 8043 -edge_175_0_+disjointig_85_0_10783 5 6907 10783 -1 -1 6832 0.00156216
Chain
	Aln	90	+07e92a0e-c42f-4dd2-a0cc-90ba341afeb3 969 9359 9363 +edge_46_0_+disjointig_125_0_8382 2 8379 8382 -1 -1 8233 0.00301893
Chain
	Aln	91	-07e92a0e-c42f-4dd2-a0cc-90ba341afeb3 3 8393 9363 -edge_46_0_+disjointig_125_0_8382 2 8379 8382 -1 -1 8233 0.00301893
Chain
	Aln	317	+3e5c001f-0d54-4cae-b746-57ad4c9696e6 3 1205 1208 -edge_159_0_+disjointig_69_0_7090 4751 5953 7090 -1 -1 1202 0.000398587
Chain
	Aln	316	-3e5c001f-0d54-4cae-b746-57ad4c9696e6 2 1204 1208 +edge_159_0_+disjointig_69_0_7090 1136 2338 7090 -1 -1 1202 0.000398587
Chain
	Aln	149	+49e61dfb-b2a3-4831-b4d8-3304e5b950ae 1118 2608 2614 -edge_75_0_+disjointig_142_0_5582 16 1505 5582 -1 -1 1463 0.00419946
Chain
	Aln	148	-49e61dfb-b2a3-4831-b4d8-3304e5b950ae 5 1495 2614 +edge_75_0_+disjointig_142_0_5582 4076 5565 5582 -1 -1 1463 0.00419946
Chain
	Aln	41	+4cfdb084-b721-4f9e-b432-a9c9a8ab77f9 11 3349 3351 -edge_21_0_+disjointig_115_0_3353 10 3351 3353 -1 -1 3275 0.000337814
Chain
	Aln	40	-4cfdb084-b721-4f9e-b432-a9c9a8ab77f9 1 3339 3351 +edge_21_0_+disjointig_115_0_3353 1 3342 3353 -1 -1 3275 0.000337814
Chain
	Aln	237	+42ab02ea-a172-4644-85e2-421ede99b2fb 12 10104 10108 -edge_119_0_+disjointig_26_0_22265 11 10121 22265 -1 -1 9820 0.00193281
Chain
	Aln	236	-42ab02ea-a172-4644-85e2-421ede99b2fb 3 10095 10108 +edge_119_0_+disjointig_26_0_22265 12143 22253 22265 -1 -1 9820 0.00193281
Chain
	Aln	192	+a24c68ba-14b6-4ef5-9bb8-80fc48738dc1 8 3802 3809 +edge_97_0_+disjointig_160_0_4546 751 4540 4546 -1 -1 3775 0
Chain
	Aln	193	-a24c68ba-14b6-4ef5-9bb8-80fc48738dc1 6 3800 3809 -edge_97_0_+disjointig_160_0_4546 5 3794 4546 -1 -1 3775 0
Chain
	Aln	249	+cf9e8875-a7de-4acd-83c1-6196da299987 17 3777 3779 -edge_125_0_+disjointig_33_0_3774 16 3772 3774 -1 -1 3711 0
Chain
	Aln	248	-cf9e8875-a7de-4acd-83c1-6196da299987 1 3761 3779 +edge_125_0_+disjointig_33_0_3774 1 3757 3774 -1 -1 3711 0
Chain
	Aln	390	+e36b6f97-7598-4f31-9468-7b12c252f428 5 10632 10642 +edge_196_0_+disjointig_49_0_33326 8885 19593 33326 -1 -1 9590 0.00760822
Chain
	Aln	391	-e36b6f97-7598-4f31-9468-7b12c252f428 9 10636 10642 -edge_196_0_+disjointig_49_0_33326 13732 24440 33326 -1 -1 9590 0.00760822
Chain
	Aln	178	+227f1813-f6fd-4c3e-9eb7-f1a892087586 47 1496 1498 +edge_90_0_+disjointig_154_0_8307 6440 7889 8307 -1 -1 1386 0.00302873
Chain
	Aln	179	-227f1813-f6fd-4c3e-9eb7-f1a892087586 1 1450 1498 -edge_90_0_+disjointig_154_0_8307 417 1866 8307 -1 -1 1386 0.00302873
Chain
	Aln	286	+863c97b6-5d75-4733-a7ce-3263b8666772 9 5295 5326 +edge_144_0_+disjointig_53_0_13603 4800 10100 13603 -1 -1 4595 0.014453
Chain
	Aln	287	-863c97b6-5d75-4733-a7ce-3263b8666772 30 5316 5326 -edge_144_0_+disjointig_53_0_13603 3502 8802 13603 -1 -1 4595 0.014453
Chain
	Aln	369	+b3bb4ec4-c72b-469c-96a1-b80360e480f3 5 5193 5196 -edge_185_0_+disjointig_96_0_18283 4 5194 18283 -1 -1 5122 0.00075575
Chain
	Aln	368	-b3bb4ec4-c72b-469c-96a1-b80360e480f3 2 5190 5196 +edge_185_0_+disjointig_96_0_18283 13088 18278 18283 -1 -1 5122 0.00075575
Chain
	Aln	368	+7945a8f6-ef53-42ad-a363-1f06e503ef64 4 5130 5149 +edge_185_0_+disjointig_96_0_18283 13071 18247 18283 -1 -1 4784 0.00731149
Chain
	Aln	369	-7945a8f6-ef53-42ad-a363-1f06e503ef64 18 5144 5149 -edge_185_0_+disjointig_96_0_18283 35 5211 18283 -1 -1 4784 0.00731149
Chain
	Aln	45	+afa17887-a610-4c8a-808b-91410f38058b 1370 4064 4067 -edge_23_0_+disjointig_117_0_3714 11 2704 3714 -1 -1 2639 0.00264171
Chain
	Aln	44	-afa17887-a610-4c8a-808b-91410f38058b 2 2696 4067 +edge_23_0_+disjointig_117_0_3714 1009 3702 3714 -1 -1 2639 0.00264171
Chain
	Aln	174	+e7c4f635-ac97-46be-ad48-f6a760c7aef7 14 1113 1121 +edge_88_0_+disjointig_152_0_8531 2400 3500 8531 -1 -1 1037 0.00858137
Chain
	Aln	175	-e7c4f635-ac97-46be-ad48-f6a760c7aef7 7 1106 1121 -edge_88_0_+disjointig_152_0_8531 5030 6130 8531 -1 -1 1037 0.00858137
Chain
	Aln	50	+2e53ce1c-c686-42bf-abf9-1139f77e3765 7 11244 11249 +edge_26_0_+disjointig_12_0_77894 7 11213 77894 -1 -1 10853 0.0038569
Chain
	Aln	51	-2e53ce1c-c686-42bf-abf9-1139f77e3765 4 11241 11249 -edge_26_0_+disjointig_12_0_77894 66680 77886 77894 -1 -1 10853 0.0038569
Chain
	Aln	383	+4a1ec93c-9710-47a4-98e0-f0a8a63182e6 10 2804 2807 -edge_192_0_+disjointig_137_0_6085 3293 6082 6085 -1 -1 2726 0.00292204
Chain
	Aln	382	-4a1ec93c-9710-47a4-98e0-f0a8a63182e6 2 2796 2807 +edge_192_0_+disjointig_137_0_6085 2 2791 6085 -1 -1 2726 0.00292204
Chain
	Aln	5	+2f15142b-bab5-4194-823b-b8628769499f 24 3284 3286 -edge_3_0_+disjointig_100_0_3291 23 3289 3291 -1 -1 3170 0.00358031
Chain
	Aln	4	-2f15142b-bab5-4194-823b-b8628769499f 1 3261 3286 +edge_3_0_+disjointig_100_0_3291 1 3267 3291 -1 -1 3170 0.00358031
Chain
	Aln	127	+8bb06934-e554-4223-8097-4b896c63768e 2 2645 2652 -edge_64_0_+disjointig_135_0_4439 1789 4432 4439 -1 -1 2643 0
Chain
	Aln	126	-8bb06934-e554-4223-8097-4b896c63768e 6 2649 2652 +edge_64_0_+disjointig_135_0_4439 6 2649 4439 -1 -1 2643 0
Chain
	Aln	45	+084fb34d-3c6c-484b-ab96-c3c019664263 10 2190 2196 -edge_23_0_+disjointig_117_0_3714 863 3046 3714 -1 -1 2061 0.00627352
Chain
	Aln	44	-084fb34d-3c6c-484b-ab96-c3c019664263 5 2185 2196 +edge_23_0_+disjointig_117_0_3714 667 2850 3714 -1 -1 2061 0.00627352
Chain
	Aln	306	+f13ca02c-3afa-481a-9774-d13f71ed45fd 16 6181 6186 +edge_154_0_+disjointig_62_0_18991 5910 12086 18991 -1 -1 6067 0.0014052
Chain
	Aln	307	-f13ca02c-3afa-481a-9774-d13f71ed45fd 4 6169 6186 -edge_154_0_+disjointig_62_0_18991 6904 13080 18991 -1 -1 6067 0.0014052
Chain
	Aln	53	+caeba8c3-a633-46c0-ae2e-1608e6a4e9d8 12 6224 6226 -edge_27_0_+disjointig_120_0_9610 3380 9608 9610 -1 -1 5994 0.00276746
Chain
	Aln	52	-caeba8c3-a633-46c0-ae2e-1608e6a4e9d8 1 6213 6226 +edge_27_0_+disjointig_120_0_9610 1 6229 9610 -1 -1 5994 0.00276746
Chain
	Aln	246	+b2abd5fe-3f3a-494d-ba20-ecb92144f52c 17 2731 2736 +edge_124_0_+disjointig_32_0_12014 8414 11130 12014 -1 -1 2612 0.000890762
Chain
	Aln	247	-b2abd5fe-3f3a-494d-ba20-ecb92144f52c 4 2718 2736 -edge_124_0_+disjointig_32_0_12014 883 3599 12014 -1 -1 2612 0.000890762
Chain
	Aln	362	+7f12f5a4-5a47-495d-ab4b-92c457dc47f5 3 1691 1694 +edge_182_0_+disjointig_93_0_5258 2510 4198 5258 -1 -1 1667 0.00284051
Chain
	Aln	363	-7f12f5a4-5a47-495d-ab4b-92c457dc47f5 2 1690 1694 -edge_182_0_+disjointig_93_0_5258 1059 2747 5258 -1 -1 1667 0.00284051
Chain
	Aln	238	+7e7c3699-3c91-453a-96f0-746788b39224 11 1055 1062 +edge_120_0_+disjointig_27_0_12072 2306 3348 12072 -1 -1 988 0.00449065
Chain
	Aln	239	-7e7c3699-3c91-453a-96f0-746788b39224 6 1050 1062 -edge_120_0_+disjointig_27_0_12072 8723 9765 12072 -1 -1 988 0.00449065
Chain
	Aln	29	+4599f40b-02d6-4168-b3ec-13fbe2a9b8fa 14 3488 3493 -edge_15_0_+disjointig_109_0_5385 13 3496 5385 -1 -1 3305 0.00631574
Chain
	Aln	28	-4599f40b-02d6-4168-b3ec-13fbe2a9b8fa 4 3478 3493 +edge_15_0_+disjointig_109_0_5385 1888 5371 5385 -1 -1 3305 0.00631574
Chain
	Aln	337	+0d271961-53a2-495a-b0af-f550dbc2a792 5 1191 1197 -edge_169_0_+disjointig_8_0_30726 13302 14488 30726 -1 -1 1171 0.0044323
Chain
	Aln	336	-0d271961-53a2-495a-b0af-f550dbc2a792 5 1191 1197 +edge_169_0_+disjointig_8_0_30726 16237 17423 30726 -1 -1 1171 0.0044323
Chain
	Aln	233	+922af5f1-eb5c-4361-9417-9763ac847a52 5 4797 4802 -edge_117_0_+disjointig_24_0_24953 2012 6803 24953 -1 -1 4773 0.000681033
Chain
	Aln	232	-922af5f1-eb5c-4361-9417-9763ac847a52 4 4796 4802 +edge_117_0_+disjointig_24_0_24953 18149 22940 24953 -1 -1 4773 0.000681033
Chain
	Aln	390	+2b85f943-e594-4c2c-b77e-7c9912cec1b6 13 7489 7498 +edge_196_0_+disjointig_49_0_33326 25834 33320 33326 -1 -1 7252 0.00336873
Chain
	Aln	391	-2b85f943-e594-4c2c-b77e-7c9912cec1b6 8 7484 7498 -edge_196_0_+disjointig_49_0_33326 5 7491 33326 -1 -1 7252 0.00336873
Chain
	Aln	365	+56d40715-37b0-41fa-beee-3ee0e13acade 58 9083 9085 -edge_183_0_+disjointig_94_0_16253 1333 10360 16253 -1 -1 8995 0.000585868
Chain
	Aln	364	-56d40715-37b0-41fa-beee-3ee0e13acade 1 9026 9085 +edge_183_0_+disjointig_94_0_16253 5892 14919 16253 -1 -1 8995 0.000585868
Chain
	Aln	51	+cdedc173-f7e8-4adc-8f62-8abbb191233a 11 3286 3293 -edge_26_0_+disjointig_12_0_77894 52855 56132 77894 -1 -1 3207 0.00159727
Chain
	Aln	50	-cdedc173-f7e8-4adc-8f62-8abbb191233a 6 3281 3293 +edge_26_0_+disjointig_12_0_77894 21761 25038 77894 -1 -1 3207 0.00159727
Chain
	Aln	39	+7e3b8b7b-1724-4f5b-8345-e8d272cb9d31 10 2544 2546 -edge_20_0_+disjointig_114_0_4134 1598 4132 4134 -1 -1 2534 0.000574676
Chain
	Aln	38	-7e3b8b7b-1724-4f5b-8345-e8d272cb9d31 1 2535 2546 +edge_20_0_+disjointig_114_0_4134 1 2535 4134 -1 -1 2534 0.000574676
Chain
	Aln	390	+f3d29063-fa68-4dd0-a956-5ecb3f2b41f9 10 1232 1240 +edge_196_0_+disjointig_49_0_33326 7491 8713 33326 -1 -1 1219 0.0019165
Chain
	Aln	391	-f3d29063-fa68-4dd0-a956-5ecb3f2b41f9 7 1229 1240 -edge_196_0_+disjointig_49_0_33326 24612 25834 33326 -1 -1 1219 0.0019165
Chain
	Aln	337	+542bb71d-e46e-4a3c-b8c3-a48e2efee940 2 6902 6906 -edge_169_0_+disjointig_8_0_30726 23827 30722 30726 -1 -1 6769 0.00125558
Chain
	Aln	336	-542bb71d-e46e-4a3c-b8c3-a48e2efee940 3 6903 6906 +edge_169_0_+disjointig_8_0_30726 3 6898 30726 -1 -1 6769 0.00125558
Chain
	Aln	123	+c5b50d33-149b-4f77-ae90-1effdb6be6f3 5 2765 2767 -edge_62_0_+disjointig_133_0_14255 11493 14253 14255 -1 -1 2749 0.00027695
Chain
	Aln	122	-c5b50d33-149b-4f77-ae90-1effdb6be6f3 1 2761 2767 +edge_62_0_+disjointig_133_0_14255 1 2761 14255 -1 -1 2749 0.00027695
Chain
	Aln	393	+a7ad90d3-4c7b-4480-8b84-b448ca3596df 11 13085 14785 -edge_197_0_+disjointig_34_4542_22930 5303 18387 18388 -1 -1 12824 0.00187302
	Aln	391	+a7ad90d3-4c7b-4480-8b84-b448ca3596df 13099 14781 14785 -edge_196_0_+disjointig_49_0_33326 13 1697 33326 -1 -1 1634 0.00392649
Chain
	Aln	390	-a7ad90d3-4c7b-4480-8b84-b448ca3596df 3 1685 14785 +edge_196_0_+disjointig_49_0_33326 31628 33312 33326 -1 -1 1634 0.00392649
	Aln	392	-a7ad90d3-4c7b-4480-8b84-b448ca3596df 1699 14773 14785 +edge_197_0_+disjointig_34_4542_22930 0 13084 18388 -1 -1 12824 0.00187302
Chain
	Aln	231	+bbc9d283-91b6-408d-ab35-97b4f7b977de 16 6280 6282 -edge_116_0_+disjointig_23_0_7388 15 6273 7388 -1 -1 6006 0.00360105
Chain
	Aln	230	-bbc9d283-91b6-408d-ab35-97b4f7b977de 1 6265 6282 +edge_116_0_+disjointig_23_0_7388 1114 7372 7388 -1 -1 6006 0.00360105
Chain
	Aln	359	+bf3ed1bb-9ee4-41ed-81d0-2b85d103ede2 11 7135 7176 -edge_180_0_+disjointig_90_0_36546 22864 30036 36546 -1 -1 6446 0.0105788
Chain
	Aln	358	-bf3ed1bb-9ee4-41ed-81d0-2b85d103ede2 40 7164 7176 +edge_180_0_+disjointig_90_0_36546 6509 13681 36546 -1 -1 6446 0.0105788
Chain
	Aln	309	+97e15879-47c0-49e0-9732-3397c9da38c5 11 2569 2572 -edge_155_0_+disjointig_63_0_11607 6477 9039 11607 -1 -1 2539 0.000193586
Chain
	Aln	308	-97e15879-47c0-49e0-9732-3397c9da38c5 2 2560 2572 +edge_155_0_+disjointig_63_0_11607 2567 5129 11607 -1 -1 2539 0.000193586
Chain
	Aln	391	+960175b2-70c7-4421-92eb-04dcd6c03863 6 1508 1515 -edge_196_0_+disjointig_49_0_33326 3479 4981 33326 -1 -1 1446 0.00609452
Chain
	Aln	390	-960175b2-70c7-4421-92eb-04dcd6c03863 6 1508 1515 +edge_196_0_+disjointig_49_0_33326 28344 29846 33326 -1 -1 1446 0.00609452
Chain
	Aln	390	+7c6b07cb-8ebf-4f87-9d0c-a856b3d68d3d 14 1499 1503 +edge_196_0_+disjointig_49_0_33326 28336 29831 33326 -1 -1 1382 0.0100499
Chain
	Aln	391	-7c6b07cb-8ebf-4f87-9d0c-a856b3d68d3d 3 1488 1503 -edge_196_0_+disjointig_49_0_33326 3494 4989 33326 -1 -1 1382 0.0100499
Chain
	Aln	96	+759b495f-9e80-480f-bb29-76cde0fd693c 10 1936 1941 +edge_49_0_+disjointig_128_0_2464 387 2316 2464 -1 -1 1852 0.00382995
Chain
	Aln	97	-759b495f-9e80-480f-bb29-76cde0fd693c 4 1930 1941 -edge_49_0_+disjointig_128_0_2464 147 2076 2464 -1 -1 1852 0.00382995
Chain
	Aln	234	+de7c8929-ad87-49ff-8f58-cd59fa92cc9d 7340 19678 19690 +edge_118_0_+disjointig_25_0_12363 8 12352 12363 -1 -1 12143 0.0013132
Chain
	Aln	235	-de7c8929-ad87-49ff-8f58-cd59fa92cc9d 11 12349 19690 -edge_118_0_+disjointig_25_0_12363 10 12354 12363 -1 -1 12143 0.0013132
Chain
	Aln	305	+29fc544f-0c1c-40c5-9986-34938d060423 30 3586 3590 -edge_153_0_+disjointig_61_0_12819 3376 6926 12819 -1 -1 3446 0.00274759
Chain
	Aln	304	-29fc544f-0c1c-40c5-9986-34938d060423 3 3559 3590 +edge_153_0_+disjointig_61_0_12819 5892 9442 12819 -1 -1 3446 0.00274759
Chain
	Aln	11	+18215099-1a20-4f6d-b54d-af4c56ac391f 11 2966 2983 -edge_6_0_+disjointig_104_0_4910 1037 3992 4910 -1 -1 2945 0.00174484
Chain
	Aln	10	-18215099-1a20-4f6d-b54d-af4c56ac391f 16 2971 2983 +edge_6_0_+disjointig_104_0_4910 917 3872 4910 -1 -1 2945 0.00174484
Chain
	Aln	309	+6f31b296-3f3c-4375-9f0d-b2acbb2f05d5 5 4550 4553 -edge_155_0_+disjointig_63_0_11607 4458 9017 11607 -1 -1 4382 0.00481485
Chain
	Aln	308	-6f31b296-3f3c-4375-9f0d-b2acbb2f05d5 2 4547 4553 +edge_155_0_+disjointig_63_0_11607 2589 7148 11607 -1 -1 4382 0.00481485
Chain
	Aln	272	+66acdb60-3e9e-4550-9403-07ab20b1c9b3 9 1239 2096 +edge_137_0_+disjointig_43_0_8171 6937 8167 8171 -1 -1 1224 0.00257586
Chain
	Aln	273	-66acdb60-3e9e-4550-9403-07ab20b1c9b3 856 2086 2096 -edge_137_0_+disjointig_43_0_8171 3 1233 8171 -1 -1 1224 0.00257586
Chain
	Aln	48	+9649ee5f-5e97-4229-ae54-9dfeac703281 329 1635 1644 +edge_25_0_+disjointig_119_0_4104 2 1305 4104 -1 -1 1288 0.00235804
Chain
	Aln	49	-9649ee5f-5e97-4229-ae54-9dfeac703281 8 1314 1644 -edge_25_0_+disjointig_119_0_4104 2798 4101 4104 -1 -1 1288 0.00235804
Chain
	Aln	339	+300b080f-27a8-49e3-ae73-2b22f07898ce 9 13334 13341 -edge_170_0_+disjointig_80_0_26396 13057 26389 26396 -1 -1 13106 0.000688214
Chain
	Aln	338	-300b080f-27a8-49e3-ae73-2b22f07898ce 6 13331 13341 +edge_170_0_+disjointig_80_0_26396 6 13338 26396 -1 -1 13106 0.000688214
Chain
	Aln	372	+c127c43a-11bc-4d4a-bb45-5fe71c4dcd1a 17 3797 3801 +edge_187_0_+disjointig_98_0_17892 10171 13959 17892 -1 -1 3744 0.0030233
Chain
	Aln	373	-c127c43a-11bc-4d4a-bb45-5fe71c4dcd1a 3 3783 3801 -edge_187_0_+disjointig_98_0_17892 3932 7720 17892 -1 -1 3744 0.0030233
Chain
	Aln	138	+eb28ffa8-1f53-4fcd-a462-7594444c1e19 1277 3604 3613 +edge_70_0_+disjointig_138_0_2457 1 2328 2457 -1 -1 2300 0.00271737
Chain
	Aln	139	-eb28ffa8-1f53-4fcd-a462-7594444c1e19 8 2335 3613 -edge_70_0_+disjointig_138_0_2457 128 2455 2457 -1 -1 2300 0.00271737
Chain
	Aln	117	+968ffd20-e278-40b2-a884-bec2df3a36be 6 7404 7408 -edge_59_0_+disjointig_132_8623_16330 5 7423 7707 -1 -1 7173 0.00297009
Chain
	Aln	116	-968ffd20-e278-40b2-a884-bec2df3a36be 3 7401 7408 +edge_59_0_+disjointig_132_8623_16330 283 7701 7707 -1 -1 7173 0.00297009
Chain
	Aln	392	+e9a69192-b35f-4ac3-9589-9bc74ea3b1a3 6 3487 3496 +edge_197_0_+disjointig_34_4542_22930 13014 16496 18388 -1 -1 3262 0.0075594
Chain
	Aln	393	-e9a69192-b35f-4ac3-9589-9bc74ea3b1a3 8 3489 3496 -edge_197_0_+disjointig_34_4542_22930 1891 5373 18388 -1 -1 3262 0.0075594
Chain
	Aln	322	+746812d5-7233-4d28-9d00-cb5d99b9eec5 5 1084 1088 +edge_162_0_+disjointig_73_0_2376 609 1688 2376 -1 -1 1071 0
Chain
	Aln	323	-746812d5-7233-4d28-9d00-cb5d99b9eec5 3 1082 1088 -edge_162_0_+disjointig_73_0_2376 687 1766 2376 -1 -1 1071 0
Chain
	Aln	276	+ad157d55-aa82-4d28-82e2-286a1e4552d1 6 1755 1759 +edge_139_0_+disjointig_46_0_19209 13312 15060 19209 -1 -1 1739 8.05583e-05
Chain
	Aln	277	-ad157d55-aa82-4d28-82e2-286a1e4552d1 3 1752 1759 -edge_139_0_+disjointig_46_0_19209 4148 5896 19209 -1 -1 1739 8.05583e-05
Chain
	Aln	393	+16a6c6b0-6abe-4c6e-958e-467dc13fcda9 20 5478 5481 -edge_197_0_+disjointig_34_4542_22930 9450 14903 18388 -1 -1 5283 0.00416331
Chain
	Aln	392	-16a6c6b0-6abe-4c6e-958e-467dc13fcda9 2 5460 5481 +edge_197_0_+disjointig_34_4542_22930 3484 8937 18388 -1 -1 5283 0.00416331
Chain
	Aln	50	+96e7a172-dbb1-473a-8e8b-18c230c34b1e 13 4096 4105 +edge_26_0_+disjointig_12_0_77894 60509 64593 77894 -1 -1 4027 0.00071176
Chain
	Aln	51	-96e7a172-dbb1-473a-8e8b-18c230c34b1e 8 4091 4105 -edge_26_0_+disjointig_12_0_77894 13300 17384 77894 -1 -1 4027 0.00071176
Chain
	Aln	123	+d059113f-933e-4d05-97f6-7facb0e72d3d 46 8603 10510 -edge_62_0_+disjointig_133_0_14255 13 8576 14255 -1 -1 8346 0.0035833
Chain
	Aln	122	-d059113f-933e-4d05-97f6-7facb0e72d3d 1906 10463 10510 +edge_62_0_+disjointig_133_0_14255 5678 14241 14255 -1 -1 8346 0.0035833
Chain
	Aln	392	+9e039e50-48db-4a92-9488-c1858eb22ce0 3 1606 1640 +edge_197_0_+disjointig_34_4542_22930 10204 11813 18388 -1 -1 1414 0.00871927
Chain
	Aln	393	-9e039e50-48db-4a92-9488-c1858eb22ce0 33 1636 1640 -edge_197_0_+disjointig_34_4542_22930 6574 8183 18388 -1 -1 1414 0.00871927
Chain
	Aln	317	+07fc1860-e64c-4ff9-a227-1a49cd815930 5 2313 2320 -edge_159_0_+disjointig_69_0_7090 2072 4378 7090 -1 -1 2269 0.00150798
Chain
	Aln	316	-07fc1860-e64c-4ff9-a227-1a49cd815930 6 2314 2320 +edge_159_0_+disjointig_69_0_7090 2711 5017 7090 -1 -1 2269 0.00150798
Chain
	Aln	392	+622c22a9-c778-4b1c-82e8-069002082c6f 12 3766 3967 +edge_197_0_+disjointig_34_4542_22930 14570 18320 18388 -1 -1 3450 0.00928596
Chain
	Aln	393	-622c22a9-c778-4b1c-82e8-069002082c6f 200 3954 3967 -edge_197_0_+disjointig_34_4542_22930 67 3817 18388 -1 -1 3450 0.00928596
Chain
	Aln	374	+40973284-4bae-44a7-aaa8-8afc7dd90930 7617 16316 16326 +edge_188_0_+disjointig_99_0_9366 658 9357 9366 -1 -1 8588 0.00177737
Chain
	Aln	375	-40973284-4bae-44a7-aaa8-8afc7dd90930 9 8708 16326 -edge_188_0_+disjointig_99_0_9366 8 8707 9366 -1 -1 8588 0.00177737
Chain
	Aln	336	+80edf9af-e5d0-42c2-a7ed-eb75078ec000 4 1889 1896 +edge_169_0_+disjointig_8_0_30726 28626 30511 30726 -1 -1 1881 0
Chain
	Aln	337	-80edf9af-e5d0-42c2-a7ed-eb75078ec000 6 1891 1896 -edge_169_0_+disjointig_8_0_30726 214 2099 30726 -1 -1 1881 0
Chain
	Aln	283	+8c3d462e-8d37-4e92-a110-1682a7a39d1d 3 1660 2017 -edge_142_0_+disjointig_50_0_7518 5863 7517 7518 -1 -1 1625 0.000351931
Chain
	Aln	282	-8c3d462e-8d37-4e92-a110-1682a7a39d1d 356 2013 2017 +edge_142_0_+disjointig_50_0_7518 0 1654 7518 -1 -1 1625 0.000351931
Chain
	Aln	172	+fb996c98-5bb1-4d98-823c-db5a212d52c5 12 2154 2164 +edge_87_0_+disjointig_151_0_16632 203 2302 16632 -1 -1 1767 0.016229
Chain
	Aln	173	-fb996c98-5bb1-4d98-823c-db5a212d52c5 9 2151 2164 -edge_87_0_+disjointig_151_0_16632 14329 16428 16632 -1 -1 1767 0.016229
Chain
	Aln	225	+3f1d2df1-faff-4710-bd66-b1763bb99d4c 720 3034 3040 -edge_113_0_+disjointig_9_3615_16265 17 2331 12650 -1 -1 2303 0.000799859
Chain
	Aln	224	-3f1d2df1-faff-4710-bd66-b1763bb99d4c 5 2319 3040 +edge_113_0_+disjointig_9_3615_16265 10318 12632 12650 -1 -1 2303 0.000799859
Chain
	Aln	390	+944c79de-73f1-4e71-beec-e5983612f7b8 1 1114 1116 +edge_196_0_+disjointig_49_0_33326 11600 12713 33326 -1 -1 1113 0
Chain
	Aln	391	-944c79de-73f1-4e71-beec-e5983612f7b8 1 1114 1116 -edge_196_0_+disjointig_49_0_33326 20612 21725 33326 -1 -1 1113 0
Chain
	Aln	311	+41ebece3-388b-4228-9ea2-33db6da43342 10 2119 2122 -edge_156_0_+disjointig_64_0_16038 9213 11322 16038 -1 -1 2086 0.00133547
Chain
	Aln	310	-41ebece3-388b-4228-9ea2-33db6da43342 2 2111 2122 +edge_156_0_+disjointig_64_0_16038 4715 6824 16038 -1 -1 2086 0.00133547
Chain
	Aln	390	+4872c586-1608-4096-9545-ba5274facb41 30 1123 1128 +edge_196_0_+disjointig_49_0_33326 30385 31478 33326 -1 -1 1093 0.000823194
Chain
	Aln	391	-4872c586-1608-4096-9545-ba5274facb41 4 1097 1128 -edge_196_0_+disjointig_49_0_33326 1847 2940 33326 -1 -1 1093 0.000823194
Chain
	Aln	332	+1bb9d929-a9a9-4aad-b092-e6b61de0a3d2 4 1961 1968 +edge_167_0_+disjointig_78_0_11904 4551 6505 11904 -1 -1 1905 0.00186764
Chain
	Aln	333	-1bb9d929-a9a9-4aad-b092-e6b61de0a3d2 6 1963 1968 -edge_167_0_+disjointig_78_0_11904 5398 7352 11904 -1 -1 1905 0.00186764
Chain
	Aln	197	+ec830be6-c7a5-4ba7-998f-18c0c0c5029c 16 2314 2318 -edge_99_0_+disjointig_163_0_2323 15 2319 2323 -1 -1 2265 0.00528912
Chain
	Aln	196	-ec830be6-c7a5-4ba7-998f-18c0c0c5029c 3 2301 2318 +edge_99_0_+disjointig_163_0_2323 3 2307 2323 -1 -1 2265 0.00528912
Chain
	Aln	393	+1d607664-ae12-48f2-8d4f-117460b5966c 12 1702 1706 -edge_197_0_+disjointig_34_4542_22930 1927 3616 18388 -1 -1 1667 0.00111845
Chain
	Aln	392	-1d607664-ae12-48f2-8d4f-117460b5966c 3 1693 1706 +edge_197_0_+disjointig_34_4542_22930 14771 16460 18388 -1 -1 1667 0.00111845
Chain
	Aln	388	+dfc4774c-9269-4a92-85ff-dd804534a130 14 1017 1042 +edge_195_0_+disjointig_19_1229_9924 2233 3236 8695 -1 -1 951 0.00667451
Chain
	Aln	389	-dfc4774c-9269-4a92-85ff-dd804534a130 24 1027 1042 -edge_195_0_+disjointig_19_1229_9924 5458 6461 8695 -1 -1 951 0.00667451
Chain
	Aln	393	+22135137-eaab-465d-bcb0-54779cb21b9d 2 2310 2321 -edge_197_0_+disjointig_34_4542_22930 1754 4064 18388 -1 -1 2264 0.00199413
Chain
	Aln	392	-22135137-eaab-465d-bcb0-54779cb21b9d 10 2318 2321 +edge_197_0_+disjointig_34_4542_22930 14323 16633 18388 -1 -1 2264 0.00199413
Chain
	Aln	50	+dda7a5dd-c0b1-4aad-b843-c2723d617699 11 1466 1468 +edge_26_0_+disjointig_12_0_77894 73550 75005 77894 -1 -1 1414 0.00164094
Chain
	Aln	51	-dda7a5dd-c0b1-4aad-b843-c2723d617699 1 1456 1468 -edge_26_0_+disjointig_12_0_77894 2888 4343 77894 -1 -1 1414 0.00164094
Chain
	Aln	209	+8937a6fe-a079-45be-9109-ce84e385585c 29 2059 2064 -edge_105_0_+disjointig_169_0_10209 1153 3182 10209 -1 -1 2002 0.000688262
Chain
	Aln	208	-8937a6fe-a079-45be-9109-ce84e385585c 4 2034 2064 +edge_105_0_+disjointig_169_0_10209 7026 9055 10209 -1 -1 2002 0.000688262
Chain
	Aln	321	+d3e22f83-f07f-4ab1-8e29-b3085b0e6b4c 13 6899 6901 -edge_161_0_+disjointig_72_0_7830 936 7828 7830 -1 -1 6768 0.002207
Chain
	Aln	320	-d3e22f83-f07f-4ab1-8e29-b3085b0e6b4c 1 6887 6901 +edge_161_0_+disjointig_72_0_7830 1 6893 7830 -1 -1 6768 0.002207
Chain
	Aln	299	+07638638-0fa3-451a-a31a-77b15f5e0feb 15 6335 6337 -edge_150_0_+disjointig_59_0_6343 14 6341 6343 -1 -1 6107 0.00320474
Chain
	Aln	298	-07638638-0fa3-451a-a31a-77b15f5e0feb 1 6321 6337 +edge_150_0_+disjointig_59_0_6343 1 6328 6343 -1 -1 6107 0.00320474
Chain
	Aln	119	+2a055f9b-8557-4687-a064-fe35114aeb00 10 2704 2714 -edge_60_0_-disjointig_17_10739_35048 1024 3718 24309 -1 -1 2683 0
Chain
	Aln	118	-2a055f9b-8557-4687-a064-fe35114aeb00 9 2703 2714 +edge_60_0_-disjointig_17_10739_35048 20590 23284 24309 -1 -1 2683 0
Chain
	Aln	239	+c9e061c3-0a8b-426b-a927-45fcda8d0d26 17 7462 8255 -edge_120_0_+disjointig_27_0_12072 4732 12071 12072 -1 -1 6411 0.00935076
Chain
	Aln	238	-c9e061c3-0a8b-426b-a927-45fcda8d0d26 792 8237 8255 +edge_120_0_+disjointig_27_0_12072 0 7339 12072 -1 -1 6411 0.00935076
Chain
	Aln	275	+4bf23a67-b3da-4dac-8e1f-f0a3278dab6b 13 8767 8769 -edge_138_0_+disjointig_45_0_8767 7 8765 8767 -1 -1 8401 0.00361787
Chain
	Aln	274	-4bf23a67-b3da-4dac-8e1f-f0a3278dab6b 1 8755 8769 +edge_138_0_+disjointig_45_0_8767 1 8759 8767 -1 -1 8401 0.00361787
Chain
	Aln	381	+8404d843-7876-446c-86bd-162ec65d8bf8 10 1910 1917 -edge_191_1_-disjointig_17_5860_10739 1235 3136 4879 -1 -1 1807 0.00649105
Chain
	Aln	380	-8404d843-7876-446c-86bd-162ec65d8bf8 6 1906 1917 +edge_191_1_-disjointig_17_5860_10739 1742 3643 4879 -1 -1 1807 0.00649105
Chain
	Aln	72	+b3b0acb8-ba0a-4cb2-8851-d9d5982a677a 182 2183 3520 +edge_37_0_-disjointig_51_6696_8730 2 2025 2034 -1 -1 1893 0.00555922
Chain
	Aln	73	-b3b0acb8-ba0a-4cb2-8851-d9d5982a677a 1336 3337 3520 -edge_37_0_-disjointig_51_6696_8730 8 2031 2034 -1 -1 1893 0.00555922
Chain
	Aln	392	+0820b717-da92-41e9-a234-fa8eedd54bd2 17 2709 2712 +edge_197_0_+disjointig_34_4542_22930 12049 14740 18388 -1 -1 2654 0.00285102
Chain
	Aln	393	-0820b717-da92-41e9-a234-fa8eedd54bd2 2 2694 2712 -edge_197_0_+disjointig_34_4542_22930 3647 6338 18388 -1 -1 2654 0.00285102
Chain
	Aln	173	+d3da333b-ec5d-4509-b377-891d686d81d5 5 1346 1351 -edge_87_0_+disjointig_151_0_16632 12686 14027 16632 -1 -1 1265 0.00575621
Chain
	Aln	172	-d3da333b-ec5d-4509-b377-891d686d81d5 4 1345 1351 +edge_87_0_+disjointig_151_0_16632 2604 3945 16632 -1 -1 1265 0.00575621
Chain
	Aln	161	+ef1aaabf-4cbd-48e1-9002-6d704f92b5ea 22 1624 1629 -edge_81_0_+disjointig_146_0_15414 9901 11503 15414 -1 -1 1593 0.00119683
Chain
	Aln	160	-ef1aaabf-4cbd-48e1-9002-6d704f92b5ea 4 1606 1629 +edge_81_0_+disjointig_146_0_15414 3910 5512 15414 -1 -1 1593 0.00119683
Chain
	Aln	42	+b002531d-e676-44aa-990c-9ee32ca8440b 776 2747 2749 +edge_22_0_+disjointig_116_0_9142 3 1974 9142 -1 -1 1958 0.00194495
Chain
	Aln	43	-b002531d-e676-44aa-990c-9ee32ca8440b 1 1972 2749 -edge_22_0_+disjointig_116_0_9142 7167 9138 9142 -1 -1 1958 0.00194495
Chain
	Aln	89	+b60e5582-d8a8-4c61-a0df-0aece4682e8b 1022 7837 7839 -edge_45_0_+disjointig_124_0_6829 11 6827 6829 -1 -1 6794 5.56584e-05
Chain
	Aln	88	-b60e5582-d8a8-4c61-a0df-0aece4682e8b 1 6816 7839 +edge_45_0_+disjointig_124_0_6829 1 6817 6829 -1 -1 6794 5.56584e-05
Chain
	Aln	242	+2a25e3d4-6375-4b76-94d7-c5db77a0371a 1350 4695 5571 +edge_122_0_+disjointig_30_0_10881 7517 10862 10881 -1 -1 3331 0.000506153
Chain
	Aln	15	+2a25e3d4-6375-4b76-94d7-c5db77a0371a 12 1335 5571 -edge_8_1_+disjointig_67_8547_10272 402 1724 1725 -1 -1 1305 0.00083163
Chain
	Aln	243	-2a25e3d4-6375-4b76-94d7-c5db77a0371a 875 4220 5571 -edge_122_0_+disjointig_30_0_10881 18 3363 10881 -1 -1 3331 0.000506153
Chain
	Aln	14	-2a25e3d4-6375-4b76-94d7-c5db77a0371a 4235 5558 5571 +edge_8_1_+disjointig_67_8547_10272 0 1322 1725 -1 -1 1305 0.00083163
Chain
	Aln	87	+cf876879-3208-45df-a7a6-1a206234e574 47 2611 2613 -edge_44_0_+disjointig_123_0_4561 1994 4559 4561 -1 -1 2549 0.000773933
Chain
	Aln	86	-cf876879-3208-45df-a7a6-1a206234e574 1 2565 2613 +edge_44_0_+disjointig_123_0_4561 1 2566 4561 -1 -1 2549 0.000773933
Chain
	Aln	325	+9fb558e6-0ddf-4c31-8a16-c84749b079e1 14 6429 6439 -edge_163_0_+disjointig_74_0_17682 2128 8543 17682 -1 -1 6385 0
Chain
	Aln	324	-9fb558e6-0ddf-4c31-8a16-c84749b079e1 9 6424 6439 +edge_163_0_+disjointig_74_0_17682 9138 15553 17682 -1 -1 6385 0
Chain
	Aln	291	+2634523e-edee-4420-9e5f-457f0014a368 32 2699 2707 -edge_146_0_+disjointig_55_0_10096 3974 6648 10096 -1 -1 2589 0.00309369
Chain
	Aln	290	-2634523e-edee-4420-9e5f-457f0014a368 7 2674 2707 +edge_146_0_+disjointig_55_0_10096 3447 6121 10096 -1 -1 2589 0.00309369
Chain
	Aln	300	+92d234b0-462e-4763-acd9-15222ad6617e 7 1973 1986 +edge_151_0_+disjointig_6_0_2295 323 2289 2295 -1 -1 1966 0.000280691
Chain
	Aln	301	-92d234b0-462e-4763-acd9-15222ad6617e 12 1978 1986 -edge_151_0_+disjointig_6_0_2295 5 1971 2295 -1 -1 1966 0.000280691
Chain
	Aln	366	+3f4bfa9c-f99d-4463-b218-40e55003aa80 7 1026 1031 +edge_184_0_+disjointig_95_0_8884 4912 5936 8884 -1 -1 982 0.000723411
Chain
	Aln	367	-3f4bfa9c-f99d-4463-b218-40e55003aa80 4 1023 1031 -edge_184_0_+disjointig_95_0_8884 2947 3971 8884 -1 -1 982 0.000723411
Chain
	Aln	236	+8dc7e20e-8d8c-448e-b872-dd0d0510824f 3 3632 3641 +edge_119_0_+disjointig_26_0_22265 3 3631 22265 -1 -1 3614 0.000140555
Chain
	Aln	237	-8dc7e20e-8d8c-448e-b872-dd0d0510824f 8 3637 3641 -edge_119_0_+disjointig_26_0_22265 18633 22261 22265 -1 -1 3614 0.000140555
Chain
	Aln	169	+52472997-5b53-4899-a039-78fdf968151f 11 1655 1659 -edge_85_0_+disjointig_15_0_5639 742 2387 5639 -1 -1 1638 0.00172831
Chain
	Aln	168	-52472997-5b53-4899-a039-78fdf968151f 3 1647 1659 +edge_85_0_+disjointig_15_0_5639 3251 4896 5639 -1 -1 1638 0.00172831
Chain
	Aln	124	+61d225c5-4f46-40da-80dd-3f4cef4c2181 2307 7036 7042 +edge_63_0_+disjointig_134_0_4732 2 4727 4732 -1 -1 4710 0.00101116
Chain
	Aln	125	-61d225c5-4f46-40da-80dd-3f4cef4c2181 5 4734 7042 -edge_63_0_+disjointig_134_0_4732 4 4729 4732 -1 -1 4710 0.00101116
Chain
	Aln	45	+b51c4078-7012-491a-ace0-1bc5879fb213 12 3702 3705 -edge_23_0_+disjointig_117_0_3714 11 3711 3714 -1 -1 3594 0.00255123
Chain
	Aln	44	-b51c4078-7012-491a-ace0-1bc5879fb213 2 3692 3705 +edge_23_0_+disjointig_117_0_3714 2 3702 3714 -1 -1 3594 0.00255123
Chain
	Aln	392	+33adb2da-d209-41dd-bda8-2acd9c74b5b0 5 3391 3393 +edge_197_0_+disjointig_34_4542_22930 4127 7509 18388 -1 -1 3293 0.00413692
Chain
	Aln	393	-33adb2da-d209-41dd-bda8-2acd9c74b5b0 1 3387 3393 -edge_197_0_+disjointig_34_4542_22930 10878 14260 18388 -1 -1 3293 0.00413692
Chain
	Aln	260	+ea9e439e-3295-4109-b9ae-8d85248ba9c3 7 1892 1895 +edge_131_0_+disjointig_36_0_2465 131 2017 2465 -1 -1 1847 0.00433082
Chain
	Aln	261	-ea9e439e-3295-4109-b9ae-8d85248ba9c3 2 1887 1895 -edge_131_0_+disjointig_36_0_2465 447 2333 2465 -1 -1 1847 0.00433082
Chain
	Aln	390	+9a3b2b9b-72ad-4f04-8383-2f777ebbe6ea 8 3393 4751 +edge_196_0_+disjointig_49_0_33326 29929 33320 33326 -1 -1 3360 0.00170305
	Aln	392	+9a3b2b9b-72ad-4f04-8383-2f777ebbe6ea 3401 4744 4751 +edge_197_0_+disjointig_34_4542_22930 2 1356 18388 -1 -1 1274 0.00319962
Chain
	Aln	393	-9a3b2b9b-72ad-4f04-8383-2f777ebbe6ea 6 1349 4751 -edge_197_0_+disjointig_34_4542_22930 17031 18385 18388 -1 -1 1274 0.00319962
	Aln	391	-9a3b2b9b-72ad-4f04-8383-2f777ebbe6ea 1357 4742 4751 -edge_196_0_+disjointig_49_0_33326 5 3396 33326 -1 -1 3360 0.00170305
Chain
	Aln	231	+96081197-a6d3-467d-8e52-e88e02e37601 24 2745 2747 -edge_116_0_+disjointig_23_0_7388 4665 7386 7388 -1 -1 2699 0.00235128
Chain
	Aln	230	-96081197-a6d3-467d-8e52-e88e02e37601 1 2722 2747 +edge_116_0_+disjointig_23_0_7388 1 2722 7388 -1 -1 2699 0.00235128
Chain
	Aln	391	+94aba875-a3c2-47b8-8c5f-ea7d5a105da6 9 4696 4700 -edge_196_0_+disjointig_49_0_33326 4938 9628 33326 -1 -1 4582 0.00201152
Chain
	Aln	390	-94aba875-a3c2-47b8-8c5f-ea7d5a105da6 3 4690 4700 +edge_196_0_+disjointig_49_0_33326 23697 28387 33326 -1 -1 4582 0.00201152
Chain
	Aln	195	+db880048-f9ef-420d-8818-59c7d97b545f 2 1112 1919 -edge_98_0_+disjointig_161_0_2486 835 1942 2486 -1 -1 1006 0.00911371
Chain
	Aln	194	-db880048-f9ef-420d-8818-59c7d97b545f 806 1916 1919 +edge_98_0_+disjointig_161_0_2486 543 1650 2486 -1 -1 1006 0.00911371
Chain
	Aln	288	+e0e9c3b7-13b2-408a-8f74-8a25599be1d0 12 1229 1233 +edge_145_0_+disjointig_54_0_11616 8660 9877 11616 -1 -1 1217 0
Chain
	Aln	289	-e0e9c3b7-13b2-408a-8f74-8a25599be1d0 3 1220 1233 -edge_145_0_+disjointig_54_0_11616 1738 2955 11616 -1 -1 1217 0
Chain
	Aln	338	+b5a52b22-363b-463e-8622-3a8d3b248b13 15 6069 6090 +edge_170_0_+disjointig_80_0_26396 3587 9644 26396 -1 -1 6016 0.000747982
Chain
	Aln	339	-b5a52b22-363b-463e-8622-3a8d3b248b13 20 6074 6090 -edge_170_0_+disjointig_80_0_26396 16751 22808 26396 -1 -1 6016 0.000747982
Chain
	Aln	171	+6cb7c01e-e9b3-4831-99cd-a43fe92b363f 13 1082 1090 -edge_86_0_+disjointig_150_0_18227 11698 12767 18227 -1 -1 1050 0.0016676
Chain
	Aln	170	-6cb7c01e-e9b3-4831-99cd-a43fe92b363f 7 1076 1090 +edge_86_0_+disjointig_150_0_18227 5459 6528 18227 -1 -1 1050 0.0016676
Chain
	Aln	14	+b4e9efc5-d358-4302-9d7c-34eca33306ce 223 1830 1835 +edge_8_1_+disjointig_67_8547_10272 6 1614 1725 -1 -1 1604 0.00141674
Chain
	Aln	15	-b4e9efc5-d358-4302-9d7c-34eca33306ce 4 1611 1835 -edge_8_1_+disjointig_67_8547_10272 110 1718 1725 -1 -1 1604 0.00141674
Chain
	Aln	83	+3f1a54f0-0094-4d33-8263-b75e5b151a7b 7 1921 2121 -edge_42_0_+disjointig_51_3495_8730 224 2138 5235 -1 -1 1866 0.00501244
Chain
	Aln	82	-3f1a54f0-0094-4d33-8263-b75e5b151a7b 199 2113 2121 +edge_42_0_+disjointig_51_3495_8730 3096 5010 5235 -1 -1 1866 0.00501244
Chain
	Aln	391	+63ad3e0a-09bd-4853-9859-7fa86496e399 7 1444 1449 -edge_196_0_+disjointig_49_0_33326 5490 6928 33326 -1 -1 1400 0.00450141
Chain
	Aln	390	-63ad3e0a-09bd-4853-9859-7fa86496e399 4 1441 1449 +edge_196_0_+disjointig_49_0_33326 26397 27835 33326 -1 -1 1400 0.00450141
Chain
	Aln	204	+ad1dfbb0-6976-4ce7-b02a-220f89bd38f1 1 1742 1749 +edge_103_0_+disjointig_167_0_4791 1267 3007 4791 -1 -1 1718 0
Chain
	Aln	205	-ad1dfbb0-6976-4ce7-b02a-220f89bd38f1 6 1747 1749 -edge_103_0_+disjointig_167_0_4791 1783 3523 4791 -1 -1 1718 0
Chain
	Aln	221	+42100398-9101-4c14-804c-61fec14ac44b 13 3476 3814 -edge_111_0_+disjointig_20_0_20492 15592 19060 20492 -1 -1 3440 0.000229059
Chain
	Aln	220	-42100398-9101-4c14-804c-61fec14ac44b 337 3800 3814 +edge_111_0_+disjointig_20_0_20492 1431 4899 20492 -1 -1 3440 0.000229059
Chain
	Aln	372	+8f2edbf0-a97f-459a-bce5-144e4a32fba1 15 7791 7793 +edge_187_0_+disjointig_98_0_17892 14 7788 17892 -1 -1 7742 0.000329217
Chain
	Aln	373	-8f2edbf0-a97f-459a-bce5-144e4a32fba1 1 7777 7793 -edge_187_0_+disjointig_98_0_17892 10103 17877 17892 -1 -1 7742 0.000329217
Chain
	Aln	392	+0732b9a3-2b36-41f0-8e97-12e03326c72a 14 3322 3328 +edge_197_0_+disjointig_34_4542_22930 3980 7309 18388 -1 -1 3003 0.010597
Chain
	Aln	393	-0732b9a3-2b36-41f0-8e97-12e03326c72a 5 3313 3328 -edge_197_0_+disjointig_34_4542_22930 11078 14407 18388 -1 -1 3003 0.010597
Chain
	Aln	392	+c1a6347f-629e-49cb-b3a5-0d10babff719 40 7782 7810 +edge_197_0_+disjointig_34_4542_22930 9071 16824 18388 -1 -1 7482 0.00313019
Chain
	Aln	393	-c1a6347f-629e-49cb-b3a5-0d10babff719 27 7769 7810 -edge_197_0_+disjointig_34_4542_22930 1563 9316 18388 -1 -1 7482 0.00313019
Chain
	Aln	393	+70e9c98c-44ac-4425-b1c7-672bf945dddd 10 3344 3352 -edge_197_0_+disjointig_34_4542_22930 11061 14397 18388 -1 -1 3113 0.00786728
Chain
	Aln	392	-70e9c98c-44ac-4425-b1c7-672bf945dddd 7 3341 3352 +edge_197_0_+disjointig_34_4542_22930 3990 7326 18388 -1 -1 3113 0.00786728
Chain
	Aln	325	+c0e06357-5a15-40e3-91c6-80a4e92ebdc1 5 1490 1492 -edge_163_0_+disjointig_74_0_17682 14099 15589 17682 -1 -1 1457 0.00235387
Chain
	Aln	324	-c0e06357-5a15-40e3-91c6-80a4e92ebdc1 1 1486 1492 +edge_163_0_+disjointig_74_0_17682 2092 3582 17682 -1 -1 1457 0.00235387
Chain
	Aln	51	+98f789ec-8707-45a5-a65a-dba6a76ed0e9 27 2590 2596 -edge_26_0_+disjointig_12_0_77894 27031 29594 77894 -1 -1 2514 0.00128638
Chain
	Aln	50	-98f789ec-8707-45a5-a65a-dba6a76ed0e9 5 2568 2596 +edge_26_0_+disjointig_12_0_77894 48299 50862 77894 -1 -1 2514 0.00128638
Chain
	Aln	330	+0a4f1d6d-e045-4751-b5b9-8f9f1926c2ed 8 8955 9032 +edge_166_0_+disjointig_77_0_10890 1938 10886 10890 -1 -1 8896 0
Chain
	Aln	331	-0a4f1d6d-e045-4751-b5b9-8f9f1926c2ed 76 9023 9032 -edge_166_0_+disjointig_77_0_10890 3 8951 10890 -1 -1 8896 0
Chain
	Aln	120	+f225619c-7b56-49a4-820d-fa4a6f95164f 11 2916 2925 +edge_61_0_-disjointig_28_16365_19876 600 3503 3511 -1 -1 2859 6.48702e-05
Chain
	Aln	121	-f225619c-7b56-49a4-820d-fa4a6f95164f 8 2913 2925 -edge_61_0_-disjointig_28_16365_19876 7 2910 3511 -1 -1 2859 6.48702e-05
Chain
	Aln	393	+4a9e9fee-e27b-4920-a766-8000fa30fc19 10 4947 7445 -edge_197_0_+disjointig_34_4542_22930 13454 18387 18388 -1 -1 4808 0.00277876
	Aln	391	+4a9e9fee-e27b-4920-a766-8000fa30fc19 4961 7441 7445 -edge_196_0_+disjointig_49_0_33326 13 2488 33326 -1 -1 2331 0.0074965
Chain
	Aln	390	-4a9e9fee-e27b-4920-a766-8000fa30fc19 3 2483 7445 +edge_196_0_+disjointig_49_0_33326 30837 33312 33326 -1 -1 2331 0.0074965
	Aln	392	-4a9e9fee-e27b-4920-a766-8000fa30fc19 2497 7434 7445 +edge_197_0_+disjointig_34_4542_22930 0 4933 18388 -1 -1 4808 0.00277876
Chain
	Aln	276	+a7eb4d1f-1838-4b02-8089-80ff9aee04fa 10 5300 5312 +edge_139_0_+disjointig_46_0_19209 13911 19198 19209 -1 -1 5207 0.00200542
Chain
	Aln	277	-a7eb4d1f-1838-4b02-8089-80ff9aee04fa 11 5301 5312 -edge_139_0_+disjointig_46_0_19209 10 5297 19209 -1 -1 5207 0.00200542
Chain
	Aln	221	+ff675202-8b3f-4de7-8c82-a2f0b90ffb31 12 3904 3913 -edge_111_0_+disjointig_20_0_20492 10407 14298 20492 -1 -1 3839 0.00110888
Chain
	Aln	220	-ff675202-8b3f-4de7-8c82-a2f0b90ffb31 8 3900 3913 +edge_111_0_+disjointig_20_0_20492 6193 10084 20492 -1 -1 3839 0.00110888
Chain
	Aln	50	+bcd5213d-6f20-4ea7-881f-d163db110be6 15 1231 1236 +edge_26_0_+disjointig_12_0_77894 50385 51601 77894 -1 -1 1204 0.00190248
Chain
	Aln	51	-bcd5213d-6f20-4ea7-881f-d163db110be6 4 1220 1236 -edge_26_0_+disjointig_12_0_77894 26292 27508 77894 -1 -1 1204 0.00190248
Chain
	Aln	391	+5c829ddd-e739-465c-9fe6-2d42d36a122b 15 1707 1714 -edge_196_0_+disjointig_49_0_33326 4386 6079 33326 -1 -1 1662 0.00342018
Chain
	Aln	390	-5c829ddd-e739-465c-9fe6-2d42d36a122b 6 1698 1714 +edge_196_0_+disjointig_49_0_33326 27246 28939 33326 -1 -1 1662 0.00342018
Chain
	Aln	209	+720e1e78-2591-4dd2-b3b0-0b7262298498 12 2216 2223 -edge_105_0_+disjointig_169_0_10209 11 2213 10209 -1 -1 2134 0.00237097
Chain
	Aln	208	-720e1e78-2591-4dd2-b3b0-0b7262298498 6 2210 2223 +edge_105_0_+disjointig_169_0_10209 7995 10197 10209 -1 -1 2134 0.00237097
Chain
	Aln	393	+2c9391c2-17cf-4060-a89a-ec4ea9f29c60 13 5256 7117 -edge_197_0_+disjointig_34_4542_22930 13131 18387 18388 -1 -1 5081 0.00382902
	Aln	391	+2c9391c2-17cf-4060-a89a-ec4ea9f29c60 5270 7113 7117 -edge_196_0_+disjointig_49_0_33326 13 1863 33326 -1 -1 1773 0.0060486
Chain
	Aln	390	-2c9391c2-17cf-4060-a89a-ec4ea9f29c60 3 1846 7117 +edge_196_0_+disjointig_49_0_33326 31462 33312 33326 -1 -1 1773 0.0060486
	Aln	392	-2c9391c2-17cf-4060-a89a-ec4ea9f29c60 1860 7103 7117 +edge_197_0_+disjointig_34_4542_22930 0 5256 18388 -1 -1 5081 0.00382902
Chain
	Aln	172	+00df510b-7f4c-4f8c-9844-44f296abcf39 11 8369 9360 +edge_87_0_+disjointig_151_0_16632 8268 16622 16632 -1 -1 8089 0.00190347
Chain
	Aln	173	-00df510b-7f4c-4f8c-9844-44f296abcf39 990 9348 9360 -edge_87_0_+disjointig_151_0_16632 9 8363 16632 -1 -1 8089 0.00190347
Chain
	Aln	195	+f49b52b0-406e-4914-bd3f-fa1408112480 12 2441 2443 -edge_98_0_+disjointig_161_0_2486 11 2484 2486 -1 -1 1930 0.0146796
Chain
	Aln	194	-f49b52b0-406e-4914-bd3f-fa1408112480 1 2430 2443 +edge_98_0_+disjointig_161_0_2486 1 2474 2486 -1 -1 1930 0.0146796
Chain
	Aln	233	+cb4e723e-0aff-4f3b-b5f1-ad6fbe189c86 12 1173 1182 -edge_117_0_+disjointig_24_0_24953 4532 5698 24953 -1 -1 1146 0
Chain
	Aln	232	-cb4e723e-0aff-4f3b-b5f1-ad6fbe189c86 8 1169 1182 +edge_117_0_+disjointig_24_0_24953 19254 20420 24953 -1 -1 1146 0
Chain
	Aln	345	+36f719ed-2444-45f6-83c5-a0cadfff21ba 14 2938 2941 -edge_173_0_+disjointig_83_0_15263 12337 15260 15263 -1 -1 2871 0.00523149
Chain
	Aln	344	-36f719ed-2444-45f6-83c5-a0cadfff21ba 2 2926 2941 +edge_173_0_+disjointig_83_0_15263 2 2925 15263 -1 -1 2871 0.00523149
Chain
	Aln	324	+de564eb4-740b-4a47-a802-d9da9a80c01a 1 3500 3502 +edge_163_0_+disjointig_74_0_17682 1 3501 17682 -1 -1 3475 0.00133678
Chain
	Aln	325	-de564eb4-740b-4a47-a802-d9da9a80c01a 1 3500 3502 -edge_163_0_+disjointig_74_0_17682 14180 17680 17682 -1 -1 3475 0.00133678
Chain
	Aln	373	+e81bb787-6559-4307-bd19-3949b8ac20d8 7 7758 7763 -edge_187_0_+disjointig_98_0_17892 3821 11571 17892 -1 -1 7722 0.00223703
Chain
	Aln	372	-e81bb787-6559-4307-bd19-3949b8ac20d8 4 7755 7763 +edge_187_0_+disjointig_98_0_17892 6320 14070 17892 -1 -1 7722 0.00223703
Chain
	Aln	42	+2641be0e-8316-42d4-b3d5-e0a5cd7b8459 3 4609 4612 +edge_22_0_+disjointig_116_0_9142 3 4611 9142 -1 -1 4522 0.00220628
Chain
	Aln	43	-2641be0e-8316-42d4-b3d5-e0a5cd7b8459 2 4608 4612 -edge_22_0_+disjointig_116_0_9142 4530 9138 9142 -1 -1 4522 0.00220628
Chain
	Aln	201	+72503850-569e-4dc8-8e6f-b2faa1241752 14 1295 1302 -edge_101_0_+disjointig_165_0_3364 1801 3083 3364 -1 -1 1263 0
Chain
	Aln	200	-72503850-569e-4dc8-8e6f-b2faa1241752 6 1287 1302 +edge_101_0_+disjointig_165_0_3364 280 1562 3364 -1 -1 1263 0
Chain
	Aln	390	+5d7998bd-31b0-414e-99e9-da84fc12a7b7 5 858 14051 +edge_196_0_+disjointig_49_0_33326 32463 33320 33326 -1 -1 819 0.00858297
	Aln	392	+5d7998bd-31b0-414e-99e9-da84fc12a7b7 866 14049 14051 +edge_197_0_+disjointig_34_4542_22930 2 13204 18388 -1 -1 12774 0.00322785
Chain
	Aln	393	-5d7998bd-31b0-414e-99e9-da84fc12a7b7 1 13184 14051 -edge_197_0_+disjointig_34_4542_22930 5183 18385 18388 -1 -1 12774 0.00322785
	Aln	391	-5d7998bd-31b0-414e-99e9-da84fc12a7b7 13192 14045 14051 -edge_196_0_+disjointig_49_0_33326 5 862 33326 -1 -1 819 0.00858297
Chain
	Aln	53	+3d1a8940-b670-4345-a4b6-1429188d41b6 8 1792 1800 -edge_27_0_+disjointig_120_0_9610 1776 3559 9610 -1 -1 1765 0.00371723
Chain
	Aln	52	-3d1a8940-b670-4345-a4b6-1429188d41b6 7 1791 1800 +edge_27_0_+disjointig_120_0_9610 6050 7833 9610 -1 -1 1765 0.00371723
Chain
	Aln	167	+87e06bec-0e08-4328-ac2f-b5a46d0d997f 5 2945 2947 -edge_84_0_+disjointig_149_0_5145 4 2954 5145 -1 -1 2811 0.00575223
Chain
	Aln	166	-87e06bec-0e08-4328-ac2f-b5a46d0d997f 1 2941 2947 +edge_84_0_+disjointig_149_0_5145 2190 5140 5145 -1 -1 2811 0.00575223
Chain
	Aln	391	+493a6cc2-6ad0-405f-a874-c0cb7743615b 14 2607 2609 -edge_196_0_+disjointig_49_0_33326 4230 6820 33326 -1 -1 2517 0.0051234
Chain
	Aln	390	-493a6cc2-6ad0-405f-a874-c0cb7743615b 1 2594 2609 +edge_196_0_+disjointig_49_0_33326 26505 29095 33326 -1 -1 2517 0.0051234
Chain
	Aln	191	+97d18b11-64e5-4e99-8b9c-9d2feddde1b3 11 8934 10376 -edge_96_0_+disjointig_16_0_8927 10 8926 8927 -1 -1 8848 0
Chain
	Aln	190	-97d18b11-64e5-4e99-8b9c-9d2feddde1b3 1441 10364 10376 +edge_96_0_+disjointig_16_0_8927 0 8916 8927 -1 -1 8848 0
Chain
	Aln	126	+fd517e17-8985-4cd6-9f54-fd5083cbd5b3 26 1453 1463 +edge_64_0_+disjointig_135_0_4439 56 1484 4439 -1 -1 1421 0
Chain
	Aln	127	-fd517e17-8985-4cd6-9f54-fd5083cbd5b3 9 1436 1463 -edge_64_0_+disjointig_135_0_4439 2954 4382 4439 -1 -1 1421 0
Chain
	Aln	87	+3449b588-df55-4f6f-a431-48e3eb3af499 347 2311 2315 -edge_44_0_+disjointig_123_0_4561 16 1978 4561 -1 -1 1949 0
Chain
	Aln	86	-3449b588-df55-4f6f-a431-48e3eb3af499 3 1967 2315 +edge_44_0_+disjointig_123_0_4561 2582 4544 4561 -1 -1 1949 0
Chain
	Aln	223	+8773ad45-1750-472e-be9f-3362d4a11a0c 287 1410 1422 -edge_112_1_-disjointig_9_12650_13919 17 1131 1269 -1 -1 1006 0.0151662
Chain
	Aln	222	-8773ad45-1750-472e-be9f-3362d4a11a0c 11 1134 1422 +edge_112_1_-disjointig_9_12650_13919 137 1251 1269 -1 -1 1006 0.0151662
Chain
	Aln	357	+d8aeab3f-d52a-48f9-9f09-36c2ef82a28b 16 3722 3729 -edge_179_0_+disjointig_89_0_10579 15 3728 10579 -1 -1 3638 6.69785e-05
Chain
	Aln	356	-d8aeab3f-d52a-48f9-9f09-36c2ef82a28b 6 3712 3729 +edge_179_0_+disjointig_89_0_10579 6850 10563 10579 -1 -1 3638 6.69785e-05
Chain
	Aln	50	+f9b48174-d0da-4749-abad-508662e537b9 8 1492 1565 +edge_26_0_+disjointig_12_0_77894 40800 42284 77894 -1 -1 1484 0.00234406
Chain
	Aln	51	-f9b48174-d0da-4749-abad-508662e537b9 72 1556 1565 -edge_26_0_+disjointig_12_0_77894 35609 37093 77894 -1 -1 1484 0.00234406
Chain
	Aln	342	+db07d761-0b18-4265-913c-7e58b80b8096 6 1544 1551 +edge_172_0_+disjointig_82_0_20311 17484 19021 20311 -1 -1 1536 0.00112228
Chain
	Aln	343	-db07d761-0b18-4265-913c-7e58b80b8096 6 1544 1551 -edge_172_0_+disjointig_82_0_20311 1289 2826 20311 -1 -1 1536 0.00112228
Chain
	Aln	43	+ae31426a-5e6e-45d1-9772-fd94045ee069 7 3731 3735 -edge_22_0_+disjointig_116_0_9142 2000 5725 9142 -1 -1 3700 0.000696752
Chain
	Aln	42	-ae31426a-5e6e-45d1-9772-fd94045ee069 3 3727 3735 +edge_22_0_+disjointig_116_0_9142 3416 7141 9142 -1 -1 3700 0.000696752
Chain
	Aln	50	+9c239ff3-ea97-4c33-a687-142fb2f6fb83 7 1460 1466 +edge_26_0_+disjointig_12_0_77894 24120 25573 77894 -1 -1 1436 0.00295512
Chain
	Aln	51	-9c239ff3-ea97-4c33-a687-142fb2f6fb83 5 1458 1466 -edge_26_0_+disjointig_12_0_77894 52320 53773 77894 -1 -1 1436 0.00295512
Chain
	Aln	390	+53e84d1c-9e6b-4c33-8ebb-4abd0d14c6f2 10 2413 2419 +edge_196_0_+disjointig_49_0_33326 13716 16120 33326 -1 -1 2392 0
Chain
	Aln	391	-53e84d1c-9e6b-4c33-8ebb-4abd0d14c6f2 5 2408 2419 -edge_196_0_+disjointig_49_0_33326 17205 19609 33326 -1 -1 2392 0
Chain
	Aln	194	+275906f1-0d7a-485c-8eaf-63370a1c4ed4 752 1904 1911 +edge_98_0_+disjointig_161_0_2486 549 1707 2486 -1 -1 1056 0.00731801
Chain
	Aln	195	-275906f1-0d7a-485c-8eaf-63370a1c4ed4 6 1158 1911 -edge_98_0_+disjointig_161_0_2486 778 1936 2486 -1 -1 1056 0.00731801
Chain
	Aln	393	+4b4fbe42-5724-47d8-8aa3-a26eb3c2baee 7 2442 2448 -edge_197_0_+disjointig_34_4542_22930 737 3179 18388 -1 -1 2336 0.00570138
Chain
	Aln	392	-4b4fbe42-5724-47d8-8aa3-a26eb3c2baee 5 2440 2448 +edge_197_0_+disjointig_34_4542_22930 15208 17650 18388 -1 -1 2336 0.00570138
Chain
	Aln	390	+00e7551f-b660-4453-b7ff-1cb08e0d9dd7 10 1523 1530 +edge_196_0_+disjointig_49_0_33326 9720 11236 33326 -1 -1 1497 0
Chain
	Aln	391	-00e7551f-b660-4453-b7ff-1cb08e0d9dd7 6 1519 1530 -edge_196_0_+disjointig_49_0_33326 22089 23605 33326 -1 -1 1497 0
Chain
	Aln	365	+810309a9-2901-4d6a-8465-817210f2e31a 9 6345 6348 -edge_183_0_+disjointig_94_0_16253 9918 16250 16253 -1 -1 6243 0.00168252
Chain
	Aln	364	-810309a9-2901-4d6a-8465-817210f2e31a 2 6338 6348 +edge_183_0_+disjointig_94_0_16253 2 6334 16253 -1 -1 6243 0.00168252
Chain
	Aln	286	+3843e0a4-1fb6-43a8-8807-11d595d7ec41 874 2840 2842 +edge_144_0_+disjointig_53_0_13603 9 1976 13603 -1 -1 1919 0.00320554
Chain
	Aln	287	-3843e0a4-1fb6-43a8-8807-11d595d7ec41 1 1967 2842 -edge_144_0_+disjointig_53_0_13603 11626 13593 13603 -1 -1 1919 0.00320554
Chain
	Aln	358	+f5c354f1-a4ca-40b4-9664-23aba7167746 18 5764 5767 +edge_180_0_+disjointig_90_0_36546 16236 22073 36546 -1 -1 5523 0.00268265
Chain
	Aln	359	-f5c354f1-a4ca-40b4-9664-23aba7167746 2 5748 5767 -edge_180_0_+disjointig_90_0_36546 14472 20309 36546 -1 -1 5523 0.00268265
Chain
	Aln	49	+862f5162-bb37-4c8e-a3e3-526551a881ed 13 2224 2233 -edge_25_0_+disjointig_119_0_4104 12 2224 4104 -1 -1 2193 0
Chain
	Aln	48	-862f5162-bb37-4c8e-a3e3-526551a881ed 8 2219 2233 +edge_25_0_+disjointig_119_0_4104 1879 4091 4104 -1 -1 2193 0
Chain
	Aln	275	+5b5b1a03-cbaf-4c48-b348-425b2bd71e0b 5 3443 3446 -edge_138_0_+disjointig_45_0_8767 2298 5744 8767 -1 -1 3330 0.0028472
Chain
	Aln	274	-5b5b1a03-cbaf-4c48-b348-425b2bd71e0b 2 3440 3446 +edge_138_0_+disjointig_45_0_8767 3022 6468 8767 -1 -1 3330 0.0028472
Chain
	Aln	357	+a1d84a0f-9526-4104-8b4a-3bce85a1de6e 13 2194 2200 -edge_179_0_+disjointig_89_0_10579 602 2783 10579 -1 -1 2155 0.00129492
Chain
	Aln	356	-a1d84a0f-9526-4104-8b4a-3bce85a1de6e 5 2186 2200 +edge_179_0_+disjointig_89_0_10579 7795 9976 10579 -1 -1 2155 0.00129492
Chain
	Aln	297	+09ecb128-5e97-4fd5-afd6-a0ed941ca837 807 13085 13089 -edge_149_0_+disjointig_58_0_12320 16 12316 12320 -1 -1 11625 0.00415009
Chain
	Aln	296	-09ecb128-5e97-4fd5-afd6-a0ed941ca837 3 12281 13089 +edge_149_0_+disjointig_58_0_12320 3 12303 12320 -1 -1 11625 0.00415009
Chain
	Aln	391	+6008586e-3294-4d4a-92a5-7d8660ccf0dc 33 1111 1115 -edge_196_0_+disjointig_49_0_33326 6531 7607 33326 -1 -1 1069 0.000312758
Chain
	Aln	390	-6008586e-3294-4d4a-92a5-7d8660ccf0dc 3 1081 1115 +edge_196_0_+disjointig_49_0_33326 25718 26794 33326 -1 -1 1069 0.000312758
Chain
	Aln	390	+bdca63f5-a5ea-4f38-a8db-7210531faf02 25 1080 1101 +edge_196_0_+disjointig_49_0_33326 25719 26784 33326 -1 -1 980 0.00876791
Chain
	Aln	391	-bdca63f5-a5ea-4f38-a8db-7210531faf02 20 1075 1101 -edge_196_0_+disjointig_49_0_33326 6541 7606 33326 -1 -1 980 0.00876791
Chain
	Aln	349	+811ed145-d881-4e05-9faa-c764bc3459db 1 1495 1503 -edge_175_0_+disjointig_85_0_10783 7231 8741 10783 -1 -1 1352 0.0124714
Chain
	Aln	348	-811ed145-d881-4e05-9faa-c764bc3459db 7 1501 1503 +edge_175_0_+disjointig_85_0_10783 2041 3551 10783 -1 -1 1352 0.0124714
Chain
	Aln	392	+6342ceea-057f-4853-97d8-ba5380b912e6 6 2219 2230 +edge_197_0_+disjointig_34_4542_22930 1461 3672 18388 -1 -1 2135 0.00416695
Chain
	Aln	393	-6342ceea-057f-4853-97d8-ba5380b912e6 10 2223 2230 -edge_197_0_+disjointig_34_4542_22930 14715 16926 18388 -1 -1 2135 0.00416695
Chain
	Aln	77	+da85fe7c-a0a5-415c-b0c8-100ab9fed13b 13 8392 8396 -edge_39_0_+disjointig_122_8837_18196 12 8390 9359 -1 -1 8290 0.00209128
Chain
	Aln	76	-da85fe7c-a0a5-415c-b0c8-100ab9fed13b 3 8382 8396 +edge_39_0_+disjointig_122_8837_18196 968 9346 9359 -1 -1 8290 0.00209128
Chain
	Aln	381	+501d1348-2b9a-4275-90bc-bd4a9982bcb4 11 1316 1320 -edge_191_2_-disjointig_28_11270_16365 1032 2335 5095 -1 -1 1277 0.00469268
Chain
	Aln	380	-501d1348-2b9a-4275-90bc-bd4a9982bcb4 3 1308 1320 +edge_191_2_-disjointig_28_11270_16365 2759 4062 5095 -1 -1 1277 0.00469268
Chain
	Aln	391	+71ced5f8-8c5d-40c4-bfb6-f588e4804007 11 1789 1791 -edge_196_0_+disjointig_49_0_33326 702 2480 33326 -1 -1 1698 0.00630176
Chain
	Aln	390	-71ced5f8-8c5d-40c4-bfb6-f588e4804007 1 1779 1791 +edge_196_0_+disjointig_49_0_33326 30845 32623 33326 -1 -1 1698 0.00630176
Chain
	Aln	342	+4e094dc8-165e-4396-bf67-97734a9b5970 6 1909 1919 +edge_172_0_+disjointig_82_0_20311 1848 3746 20311 -1 -1 1763 0.00790523
Chain
	Aln	343	-4e094dc8-165e-4396-bf67-97734a9b5970 9 1912 1919 -edge_172_0_+disjointig_82_0_20311 16564 18462 20311 -1 -1 1763 0.00790523
Chain
	Aln	51	+ce850c0e-3af0-4903-9810-7cfdfd0fd5ae 17 6004 6008 -edge_26_0_+disjointig_12_0_77894 13497 19483 77894 -1 -1 5977 0
Chain
	Aln	50	-ce850c0e-3af0-4903-9810-7cfdfd0fd5ae 3 5990 6008 +edge_26_0_+disjointig_12_0_77894 58410 64396 77894 -1 -1 5977 0
Chain
	Aln	38	+cf9dd852-99ab-4849-abd6-d301f9a0e11a 1109 3275 3353 +edge_20_0_+disjointig_114_0_4134 1 2204 4134 -1 -1 1670 0.0283857
Chain
	Aln	39	-cf9dd852-99ab-4849-abd6-d301f9a0e11a 77 2243 3353 -edge_20_0_+disjointig_114_0_4134 1929 4132 4134 -1 -1 1670 0.0283857
Chain
	Aln	263	+781c42ce-98aa-4826-af7e-c4c414bdd218 9 2651 2653 -edge_132_0_+disjointig_37_0_12277 9633 12275 12277 -1 -1 2633 0.00036994
Chain
	Aln	262	-781c42ce-98aa-4826-af7e-c4c414bdd218 1 2643 2653 +edge_132_0_+disjointig_37_0_12277 1 2643 12277 -1 -1 2633 0.00036994
Chain
	Aln	175	+4b6a0e51-94da-4f4e-a3c4-27a19f67126d 16 3995 3997 -edge_88_0_+disjointig_152_0_8531 15 3998 8531 -1 -1 3889 0.00145565
Chain
	Aln	174	-4b6a0e51-94da-4f4e-a3c4-27a19f67126d 1 3980 3997 +edge_88_0_+disjointig_152_0_8531 4532 8515 8531 -1 -1 3889 0.00145565
Chain
	Aln	32	+d5c8a425-7f21-4e32-99fe-cbbdfcb7e523 6 2341 2343 +edge_17_0_+disjointig_111_0_12680 6093 8428 12680 -1 -1 2317 0.00133129
Chain
	Aln	33	-d5c8a425-7f21-4e32-99fe-cbbdfcb7e523 1 2336 2343 -edge_17_0_+disjointig_111_0_12680 4251 6586 12680 -1 -1 2317 0.00133129
Chain
	Aln	248	+140c6430-1cd5-4a18-a4dd-1e6a379f8a41 9 2231 2235 +edge_125_0_+disjointig_33_0_3774 513 2735 3774 -1 -1 2211 0
Chain
	Aln	249	-140c6430-1cd5-4a18-a4dd-1e6a379f8a41 3 2225 2235 -edge_125_0_+disjointig_33_0_3774 1038 3260 3774 -1 -1 2211 0
Chain
	Aln	311	+125144ea-b9ff-4014-a70a-2b5f1ad86697 1 1276 1285 -edge_156_0_+disjointig_64_0_16038 185 1460 16038 -1 -1 1275 0.00120463
Chain
	Aln	310	-125144ea-b9ff-4014-a70a-2b5f1ad86697 8 1283 1285 +edge_156_0_+disjointig_64_0_16038 14577 15852 16038 -1 -1 1275 0.00120463
Chain
	Aln	352	+dadde952-09cc-4eee-92a9-5d08e957c00f 2 7547 7549 +edge_177_0_+disjointig_87_0_7618 2 7530 7618 -1 -1 7076 0.00555732
Chain
	Aln	353	-dadde952-09cc-4eee-92a9-5d08e957c00f 1 7546 7549 -edge_177_0_+disjointig_87_0_7618 87 7615 7618 -1 -1 7076 0.00555732
Chain
	Aln	309	+a6a08d0e-7f81-45c8-9ddf-1f66a5c11dd8 11 4251 4255 -edge_155_0_+disjointig_63_0_11607 7371 11603 11607 -1 -1 4209 0
Chain
	Aln	308	-a6a08d0e-7f81-45c8-9ddf-1f66a5c11dd8 3 4243 4255 +edge_155_0_+disjointig_63_0_11607 3 4235 11607 -1 -1 4209 0
Chain
	Aln	243	+37e1623e-d60b-416a-979d-79c39985b999 8 1121 1124 -edge_122_0_+disjointig_30_0_10881 9136 10249 10881 -1 -1 1113 0.00128958
Chain
	Aln	242	-37e1623e-d60b-416a-979d-79c39985b999 2 1115 1124 +edge_122_0_+disjointig_30_0_10881 631 1744 10881 -1 -1 1113 0.00128958
Chain
	Aln	194	+339e0806-410d-4941-b9ce-dc193e2b6bb2 809 1911 1915 +edge_98_0_+disjointig_161_0_2486 549 1650 2486 -1 -1 1045 0.00536398
Chain
	Aln	195	-339e0806-410d-4941-b9ce-dc193e2b6bb2 3 1105 1915 -edge_98_0_+disjointig_161_0_2486 835 1936 2486 -1 -1 1045 0.00536398
Chain
	Aln	387	+c41d2303-4def-4a97-ba30-5264939abb0b 8 1203 1208 -edge_194_0_-disjointig_7_3848_7917 2371 3562 4069 -1 -1 1127 0.0085356
Chain
	Aln	386	-c41d2303-4def-4a97-ba30-5264939abb0b 4 1199 1208 +edge_194_0_-disjointig_7_3848_7917 506 1697 4069 -1 -1 1127 0.0085356
Chain
	Aln	205	+1ae5f25f-ead2-41ae-ba58-abd7a1f1e240 11 2668 2674 -edge_103_0_+disjointig_167_0_4791 10 2669 4791 -1 -1 2572 0.00276279
Chain
	Aln	204	-1ae5f25f-ead2-41ae-ba58-abd7a1f1e240 5 2662 2674 +edge_103_0_+disjointig_167_0_4791 2121 4780 4791 -1 -1 2572 0.00276279
Chain
	Aln	381	+f8300815-e027-410e-8b2a-46bb4f9a4603 27 1142 1145 -edge_191_1_-disjointig_17_5860_10739 2450 3565 4879 -1 -1 1105 0.000212768
Chain
	Aln	380	-f8300815-e027-410e-8b2a-46bb4f9a4603 2 1117 1145 +edge_191_1_-disjointig_17_5860_10739 1313 2428 4879 -1 -1 1105 0.000212768
Chain
	Aln	206	+9103965e-f041-4bb6-bfbb-868d76ff9461 21 1549 1552 +edge_104_0_+disjointig_168_0_2517 190 1718 2517 -1 -1 1502 0.000954423
Chain
	Aln	207	-9103965e-f041-4bb6-bfbb-868d76ff9461 2 1530 1552 -edge_104_0_+disjointig_168_0_2517 798 2326 2517 -1 -1 1502 0.000954423
Chain
	Aln	393	+9abe952c-adba-4a01-8548-25a19fde1d0e 6 3239 3243 -edge_197_0_+disjointig_34_4542_22930 5990 9225 18388 -1 -1 3178 0.000634941
Chain
	Aln	392	-9abe952c-adba-4a01-8548-25a19fde1d0e 3 3236 3243 +edge_197_0_+disjointig_34_4542_22930 9162 12397 18388 -1 -1 3178 0.000634941
Chain
	Aln	297	+810e9474-e4c2-458f-831d-a442c94e2730 21 2571 2574 -edge_149_0_+disjointig_58_0_12320 5809 8350 12320 -1 -1 2189 0.0137802
Chain
	Aln	296	-810e9474-e4c2-458f-831d-a442c94e2730 2 2552 2574 +edge_149_0_+disjointig_58_0_12320 3969 6510 12320 -1 -1 2189 0.0137802
Chain
	Aln	239	+e9d5448f-35fc-49ec-97c9-bae0da77b919 3 1233 1235 -edge_120_0_+disjointig_27_0_12072 3551 4781 12072 -1 -1 1217 0
Chain
	Aln	238	-e9d5448f-35fc-49ec-97c9-bae0da77b919 1 1231 1235 +edge_120_0_+disjointig_27_0_12072 7290 8520 12072 -1 -1 1217 0
Chain
	Aln	392	+adb96dea-6461-41b8-aff3-65f5974f2950 86 2806 2838 +edge_197_0_+disjointig_34_4542_22930 3668 6394 18388 -1 -1 2166 0.0258148
Chain
	Aln	393	-adb96dea-6461-41b8-aff3-65f5974f2950 31 2751 2838 -edge_197_0_+disjointig_34_4542_22930 11993 14719 18388 -1 -1 2166 0.0258148
Chain
	Aln	377	+1bf679fb-946f-46e9-8d61-74d21db00fc7 10 1038 1051 -edge_189_0_+disjointig_121_1900_16114 7117 8143 14214 -1 -1 1000 0.00159916
Chain
	Aln	376	-1bf679fb-946f-46e9-8d61-74d21db00fc7 12 1040 1051 +edge_189_0_+disjointig_121_1900_16114 6070 7096 14214 -1 -1 1000 0.00159916
Chain
	Aln	365	+10a018f9-05e6-44ec-80c3-f8a236ab2adc 18 8590 8600 -edge_183_0_+disjointig_94_0_16253 2711 11292 16253 -1 -1 8516 0.000628302
Chain
	Aln	364	-10a018f9-05e6-44ec-80c3-f8a236ab2adc 9 8581 8600 +edge_183_0_+disjointig_94_0_16253 4960 13541 16253 -1 -1 8516 0.000628302
Chain
	Aln	122	+58eada2f-1af6-4d2f-8af8-e329f9388d06 1263 15625 15631 +edge_62_0_+disjointig_133_0_14255 1 14250 14255 -1 -1 13512 0.00486873
Chain
	Aln	123	-58eada2f-1af6-4d2f-8af8-e329f9388d06 5 14367 15631 -edge_62_0_+disjointig_133_0_14255 4 14253 14255 -1 -1 13512 0.00486873
Chain
	Aln	158	+75e128bd-a4e6-40ce-be6c-46f9a29e7fae 32 1938 1978 +edge_80_0_+disjointig_145_0_4601 1823 3729 4601 -1 -1 1499 0.0261713
Chain
	Aln	159	-75e128bd-a4e6-40ce-be6c-46f9a29e7fae 39 1945 1978 -edge_80_0_+disjointig_145_0_4601 871 2777 4601 -1 -1 1499 0.0261713
Chain
	Aln	315	+ebc47deb-144a-419a-aa57-a9ae5559e768 14 10935 15441 -edge_158_0_+disjointig_66_0_10929 13 10928 10929 -1 -1 10688 0.00174805
Chain
	Aln	314	-ebc47deb-144a-419a-aa57-a9ae5559e768 4505 15426 15441 +edge_158_0_+disjointig_66_0_10929 0 10915 10929 -1 -1 10688 0.00174805
Chain
	Aln	159	+91652ece-780d-46b2-b2aa-47906c9552ef 20 2730 2776 -edge_80_0_+disjointig_145_0_4601 19 2728 4601 -1 -1 2223 0.0203348
Chain
	Aln	158	-91652ece-780d-46b2-b2aa-47906c9552ef 45 2755 2776 +edge_80_0_+disjointig_145_0_4601 1872 4581 4601 -1 -1 2223 0.0203348
Chain
	Aln	51	+0aa7663d-2c46-4c49-9692-3a99930cc455 3 1115 1121 -edge_26_0_+disjointig_12_0_77894 66939 68051 77894 -1 -1 1112 0.00093887
Chain
	Aln	50	-0aa7663d-2c46-4c49-9692-3a99930cc455 5 1117 1121 +edge_26_0_+disjointig_12_0_77894 9842 10954 77894 -1 -1 1112 0.00093887
Chain
	Aln	158	+cbeb5c34-6258-4d7d-97b3-567211378b63 7 1420 1427 +edge_80_0_+disjointig_145_0_4601 436 1850 4601 -1 -1 1412 0.000420933
Chain
	Aln	159	-cbeb5c34-6258-4d7d-97b3-567211378b63 6 1419 1427 -edge_80_0_+disjointig_145_0_4601 2750 4164 4601 -1 -1 1412 0.000420933
Chain
	Aln	238	+f93d3e92-23c4-45f3-8445-28b6fe76cfff 28319 40510 40521 +edge_120_0_+disjointig_27_0_12072 2 12062 12072 -1 -1 11544 0.00246797
Chain
	Aln	239	-f93d3e92-23c4-45f3-8445-28b6fe76cfff 10 12201 40521 -edge_120_0_+disjointig_27_0_12072 9 12069 12072 -1 -1 11544 0.00246797
Chain
	Aln	276	+21902680-b04e-42e4-97ae-ee68c21049de 72 1212 1217 +edge_139_0_+disjointig_46_0_19209 7485 8624 19209 -1 -1 1080 0.00833589
Chain
	Aln	277	-21902680-b04e-42e4-97ae-ee68c21049de 4 1144 1217 -edge_139_0_+disjointig_46_0_19209 10584 11723 19209 -1 -1 1080 0.00833589
Chain
	Aln	344	+099ee08c-3cc8-4d54-8aa5-a4325174e3c5 43 9235 9239 +edge_173_0_+disjointig_83_0_15263 5914 15260 15263 -1 -1 7150 0.0172604
Chain
	Aln	345	-099ee08c-3cc8-4d54-8aa5-a4325174e3c5 3 9195 9239 -edge_173_0_+disjointig_83_0_15263 2 9348 15263 -1 -1 7150 0.0172604
Chain
	Aln	93	+e162c152-600c-466f-b725-93f5d912c8e2 8 2252 2256 -edge_47_0_+disjointig_126_0_2256 7 2252 2256 -1 -1 2177 0.00104775
Chain
	Aln	92	-e162c152-600c-466f-b725-93f5d912c8e2 3 2247 2256 +edge_47_0_+disjointig_126_0_2256 3 2248 2256 -1 -1 2177 0.00104775
Chain
	Aln	43	+7830a09d-6190-4163-a9ef-1353ae52c5f4 3 1643 1648 -edge_22_0_+disjointig_116_0_9142 4405 6047 9142 -1 -1 1607 0.00285505
Chain
	Aln	42	-7830a09d-6190-4163-a9ef-1353ae52c5f4 4 1644 1648 +edge_22_0_+disjointig_116_0_9142 3094 4736 9142 -1 -1 1607 0.00285505
Chain
	Aln	161	+3b74ccbc-8efb-4ed0-aff9-e578f7bba42c 25 4890 4894 -edge_81_0_+disjointig_146_0_15414 25 4870 15414 -1 -1 4733 0.00366645
Chain
	Aln	160	-3b74ccbc-8efb-4ed0-aff9-e578f7bba42c 3 4868 4894 +edge_81_0_+disjointig_146_0_15414 10543 15388 15414 -1 -1 4733 0.00366645
Chain
	Aln	118	+0a434b19-b68d-4a0d-a1c4-b521edbaf9d9 79 1684 1697 +edge_60_0_-disjointig_17_10739_35048 11108 12707 24309 -1 -1 1184 0.0304647
Chain
	Aln	119	-0a434b19-b68d-4a0d-a1c4-b521edbaf9d9 12 1617 1697 -edge_60_0_-disjointig_17_10739_35048 11601 13200 24309 -1 -1 1184 0.0304647
Chain
	Aln	195	+94cccbd2-336c-4938-b92c-8dc563b5d3d2 584 1914 1916 -edge_98_0_+disjointig_161_0_2486 11 1384 2486 -1 -1 939 0.0316666
Chain
	Aln	194	-94cccbd2-336c-4938-b92c-8dc563b5d3d2 1 1331 1916 +edge_98_0_+disjointig_161_0_2486 1101 2474 2486 -1 -1 939 0.0316666
Chain
	Aln	145	+9b527958-6993-4c97-b1e5-c2eeaafc60ec 35 2002 2011 -edge_73_0_+disjointig_140_0_2361 8 1975 2361 -1 -1 1915 0.00426228
Chain
	Aln	144	-9b527958-6993-4c97-b1e5-c2eeaafc60ec 8 1975 2011 +edge_73_0_+disjointig_140_0_2361 385 2352 2361 -1 -1 1915 0.00426228
Chain
	Aln	165	+ead59ce6-ace9-457a-b8d6-aa5723bec2c7 13 4364 4366 -edge_83_0_+disjointig_148_0_6633 12 4369 6633 -1 -1 4269 0.00245941
Chain
	Aln	164	-ead59ce6-ace9-457a-b8d6-aa5723bec2c7 1 4352 4366 +edge_83_0_+disjointig_148_0_6633 2263 6620 6633 -1 -1 4269 0.00245941
Chain
	Aln	169	+37634d60-4e28-4682-ba4a-ccaf2fd4676e 12 5621 5623 -edge_85_0_+disjointig_15_0_5639 11 5637 5639 -1 -1 5549 0.00205042
Chain
	Aln	168	-37634d60-4e28-4682-ba4a-ccaf2fd4676e 1 5610 5623 +edge_85_0_+disjointig_15_0_5639 1 5627 5639 -1 -1 5549 0.00205042
Chain
	Aln	367	+d957bef9-e746-4d31-b049-372257fa4eaf 65 2169 2173 -edge_184_0_+disjointig_95_0_8884 8 2112 8884 -1 -1 2100 0
Chain
	Aln	366	-d957bef9-e746-4d31-b049-372257fa4eaf 3 2107 2173 +edge_184_0_+disjointig_95_0_8884 6771 8875 8884 -1 -1 2100 0
Chain
	Aln	113	+ec721180-1015-42a1-8aa5-de1ecb1bb96f 438 2789 2797 -edge_57_0_+disjointig_28_8606_19876 11 2364 11270 -1 -1 2289 0.0024995
Chain
	Aln	112	-ec721180-1015-42a1-8aa5-de1ecb1bb96f 7 2358 2797 +edge_57_0_+disjointig_28_8606_19876 8905 11258 11270 -1 -1 2289 0.0024995
Chain
	Aln	392	+e9dd251d-94fc-46f5-8178-9358778c47e5 13 3565 3573 +edge_197_0_+disjointig_34_4542_22930 3222 6765 18388 -1 -1 3429 0.00453041
Chain
	Aln	393	-e9dd251d-94fc-46f5-8178-9358778c47e5 7 3559 3573 -edge_197_0_+disjointig_34_4542_22930 11622 15165 18388 -1 -1 3429 0.00453041
Chain
	Aln	194	+f8f59bb7-ad4e-4efb-9331-f1ee4cd5ebcb 711 1913 1919 +edge_98_0_+disjointig_161_0_2486 549 1750 2486 -1 -1 1114 0.00763418
Chain
	Aln	195	-f8f59bb7-ad4e-4efb-9331-f1ee4cd5ebcb 5 1207 1919 -edge_98_0_+disjointig_161_0_2486 735 1936 2486 -1 -1 1114 0.00763418
Chain
	Aln	304	+fd776d41-ebef-4693-98f0-d0f595cf61ad 15 1361 1364 +edge_153_0_+disjointig_61_0_12819 6872 8217 12819 -1 -1 1336 0.000612231
Chain
	Aln	305	-fd776d41-ebef-4693-98f0-d0f595cf61ad 2 1348 1364 -edge_153_0_+disjointig_61_0_12819 4601 5946 12819 -1 -1 1336 0.000612231
Chain
	Aln	337	+9b4e86ad-4cb1-44c0-be80-5a8fd1b2cbf3 12 1107 1116 -edge_169_0_+disjointig_8_0_30726 25205 26301 30726 -1 -1 994 0.01299
Chain
	Aln	336	-9b4e86ad-4cb1-44c0-be80-5a8fd1b2cbf3 8 1103 1116 +edge_169_0_+disjointig_8_0_30726 4424 5520 30726 -1 -1 994 0.01299
Chain
	Aln	356	+2f883430-8c97-4176-b954-348ea96c4683 14 1301 1310 +edge_179_0_+disjointig_89_0_10579 1900 3191 10579 -1 -1 1285 0.000396901
Chain
	Aln	357	-2f883430-8c97-4176-b954-348ea96c4683 8 1295 1310 -edge_179_0_+disjointig_89_0_10579 7387 8678 10579 -1 -1 1285 0.000396901
Chain
	Aln	350	+0a0e413d-9709-4b43-82fb-89c2cd6bde25 6 1509 1512 +edge_176_0_+disjointig_86_0_3000 1482 2982 3000 -1 -1 1490 0.00401155
Chain
	Aln	351	-0a0e413d-9709-4b43-82fb-89c2cd6bde25 2 1505 1512 -edge_176_0_+disjointig_86_0_3000 17 1517 3000 -1 -1 1490 0.00401155
Chain
	Aln	118	+b50819f2-acc2-4a86-8821-39ad5c89c8d7 10 9449 9451 +edge_60_0_-disjointig_17_10739_35048 14657 24090 24309 -1 -1 9331 0.00110308
Chain
	Aln	119	-b50819f2-acc2-4a86-8821-39ad5c89c8d7 1 9440 9451 -edge_60_0_-disjointig_17_10739_35048 218 9651 24309 -1 -1 9331 0.00110308
Chain
	Aln	393	+f51b6330-f022-4b04-a0ad-43014965ad5a 31 2010 4718 -edge_197_0_+disjointig_34_4542_22930 16403 18375 18388 -1 -1 1378 0.0342554
	Aln	391	+f51b6330-f022-4b04-a0ad-43014965ad5a 2036 4716 4718 -edge_196_0_+disjointig_49_0_33326 13 2703 33326 -1 -1 1801 0.040134
Chain
	Aln	390	-f51b6330-f022-4b04-a0ad-43014965ad5a 1 2681 4718 +edge_196_0_+disjointig_49_0_33326 30622 33312 33326 -1 -1 1801 0.040134
	Aln	392	-f51b6330-f022-4b04-a0ad-43014965ad5a 2707 4686 4718 +edge_197_0_+disjointig_34_4542_22930 12 1984 18388 -1 -1 1378 0.0342554
Chain
	Aln	390	+d2cc5edb-0124-4054-9a67-59fe8add946f 4 2745 15999 +edge_196_0_+disjointig_49_0_33326 30578 33320 33326 -1 -1 2710 0.00193936
	Aln	392	+d2cc5edb-0124-4054-9a67-59fe8add946f 2753 15997 15999 +edge_197_0_+disjointig_34_4542_22930 2 13260 18388 -1 -1 12938 0.00239416
Chain
	Aln	393	-d2cc5edb-0124-4054-9a67-59fe8add946f 1 13245 15999 -edge_197_0_+disjointig_34_4542_22930 5127 18385 18388 -1 -1 12938 0.00239416
	Aln	391	-d2cc5edb-0124-4054-9a67-59fe8add946f 13253 15994 15999 -edge_196_0_+disjointig_49_0_33326 5 2747 33326 -1 -1 2710 0.00193936
Chain
	Aln	380	+d15c4c05-c89d-47df-92f7-45ed2425a132 7 1027 1033 +edge_191_0_+disjointig_132_3728_8623 3373 4394 4895 -1 -1 1015 0.00185084
Chain
	Aln	381	-d15c4c05-c89d-47df-92f7-45ed2425a132 5 1025 1033 -edge_191_0_+disjointig_132_3728_8623 500 1521 4895 -1 -1 1015 0.00185084
Chain
	Aln	7	+2f72d1af-9a27-4df1-a9a7-37572141e47a 2 1371 1376 -edge_4_0_+disjointig_102_0_7527 974 2351 7527 -1 -1 1244 0.012921
Chain
	Aln	6	-2f72d1af-9a27-4df1-a9a7-37572141e47a 4 1373 1376 +edge_4_0_+disjointig_102_0_7527 5175 6552 7527 -1 -1 1244 0.012921
Chain
	Aln	393	+1410568f-203c-4994-8009-8f57ecbd8dab 11 1856 1860 -edge_197_0_+disjointig_34_4542_22930 3736 5581 18388 -1 -1 1835 0.00211737
Chain
	Aln	392	-1410568f-203c-4994-8009-8f57ecbd8dab 3 1848 1860 +edge_197_0_+disjointig_34_4542_22930 12806 14651 18388 -1 -1 1835 0.00211737
Chain
	Aln	53	+8f705b6a-9ec0-4c81-b3c0-e46d15bc4ccd 15 2683 2690 -edge_27_0_+disjointig_120_0_9610 5006 7676 9610 -1 -1 2654 0.000251694
Chain
	Aln	52	-8f705b6a-9ec0-4c81-b3c0-e46d15bc4ccd 6 2674 2690 +edge_27_0_+disjointig_120_0_9610 1933 4603 9610 -1 -1 2654 0.000251694
Chain
	Aln	392	+6c09e9cb-7574-4b7c-b8bd-ec1567c5917b 15 4262 4265 +edge_197_0_+disjointig_34_4542_22930 12262 16510 18388 -1 -1 4078 0.00424902
Chain
	Aln	393	-6c09e9cb-7574-4b7c-b8bd-ec1567c5917b 2 4249 4265 -edge_197_0_+disjointig_34_4542_22930 1877 6125 18388 -1 -1 4078 0.00424902
Chain
	Aln	283	+bfabfd55-57fe-4479-99e3-8b2afe51f595 17 3078 3088 -edge_142_0_+disjointig_50_0_7518 4446 7508 7518 -1 -1 3048 0
Chain
	Aln	282	-bfabfd55-57fe-4479-99e3-8b2afe51f595 9 3070 3088 +edge_142_0_+disjointig_50_0_7518 9 3071 7518 -1 -1 3048 0
Chain
	Aln	29	+d2f72fd2-882f-4ad4-ae2d-89cfa8afbdc5 21 1415 1421 -edge_15_0_+disjointig_109_0_5385 625 2024 5385 -1 -1 1353 0.00337422
Chain
	Aln	28	-d2f72fd2-882f-4ad4-ae2d-89cfa8afbdc5 5 1399 1421 +edge_15_0_+disjointig_109_0_5385 3360 4759 5385 -1 -1 1353 0.00337422
Chain
	Aln	282	+9048198a-d573-4feb-ad07-a146462b183d 30 3061 3082 +edge_142_0_+disjointig_50_0_7518 9 3045 7518 -1 -1 3002 0.000893477
Chain
	Aln	283	-9048198a-d573-4feb-ad07-a146462b183d 20 3051 3082 -edge_142_0_+disjointig_50_0_7518 4472 7508 7518 -1 -1 3002 0.000893477
Chain
	Aln	278	+bdf0b6e3-ec02-4e0a-94b5-218b4edfb457 17 4548 4550 +edge_140_0_+disjointig_48_0_17810 8759 13289 17810 -1 -1 4432 0.00195218
Chain
	Aln	279	-bdf0b6e3-ec02-4e0a-94b5-218b4edfb457 1 4532 4550 -edge_140_0_+disjointig_48_0_17810 4520 9050 17810 -1 -1 4432 0.00195218
Chain
	Aln	50	+a1ef26dc-55bf-498c-aebb-370c97bbacf1 28 3167 3203 +edge_26_0_+disjointig_12_0_77894 60849 64020 77894 -1 -1 2942 0.0041087
Chain
	Aln	51	-a1ef26dc-55bf-498c-aebb-370c97bbacf1 35 3174 3203 -edge_26_0_+disjointig_12_0_77894 13873 17044 77894 -1 -1 2942 0.0041087
Chain
	Aln	277	+7045ce8c-fd82-4607-b5f5-7876ee46bd46 12 2575 2577 -edge_139_0_+disjointig_46_0_19209 1619 4184 19209 -1 -1 2440 0.00448475
Chain
	Aln	276	-7045ce8c-fd82-4607-b5f5-7876ee46bd46 1 2564 2577 +edge_139_0_+disjointig_46_0_19209 15024 17589 19209 -1 -1 2440 0.00448475
Chain
	Aln	395	+03a3720f-7822-4fa0-8691-0b4f5b0bfa1e 0 2161 2184 -edge_198_0_+disjointig_35_1521_5895 2214 4373 4374 -1 -1 2131 0.00136577
Chain
	Aln	394	-03a3720f-7822-4fa0-8691-0b4f5b0bfa1e 22 2183 2184 +edge_198_0_+disjointig_35_1521_5895 0 2159 4374 -1 -1 2131 0.00136577
Chain
	Aln	240	+3e39c9f7-5167-4f94-8fd9-33e46400f07a 3 3266 4301 +edge_121_0_+disjointig_3_0_4723 1453 4713 4723 -1 -1 3195 0.00185739
Chain
	Aln	241	-3e39c9f7-5167-4f94-8fd9-33e46400f07a 1034 4297 4301 -edge_121_0_+disjointig_3_0_4723 9 3269 4723 -1 -1 3195 0.00185739
Chain
	Aln	175	+fb54dbbf-a04f-4a19-9d9f-750ca3307eae 9 1421 1425 -edge_88_0_+disjointig_152_0_8531 5445 6864 8531 -1 -1 1398 0.0042092
Chain
	Aln	174	-fb54dbbf-a04f-4a19-9d9f-750ca3307eae 3 1415 1425 +edge_88_0_+disjointig_152_0_8531 1666 3085 8531 -1 -1 1398 0.0042092
Chain
	Aln	237	+73c7e982-fed0-46bc-bec2-480cff9ea3d2 6 7998 8003 -edge_119_0_+disjointig_26_0_22265 9045 17037 22265 -1 -1 7985 0.000487386
Chain
	Aln	236	-73c7e982-fed0-46bc-bec2-480cff9ea3d2 4 7996 8003 +edge_119_0_+disjointig_26_0_22265 5227 13219 22265 -1 -1 7985 0.000487386
Chain
	Aln	391	+7e829789-2e17-4be9-8bbc-73045849b27f 10 2917 2928 -edge_196_0_+disjointig_49_0_33326 19424 22337 33326 -1 -1 2895 2.97314e-06
Chain
	Aln	390	-7e829789-2e17-4be9-8bbc-73045849b27f 10 2917 2928 +edge_196_0_+disjointig_49_0_33326 10988 13901 33326 -1 -1 2895 2.97314e-06
Chain
	Aln	307	+77611280-eadd-4097-ae22-c72b546cdeb5 5 4467 4474 -edge_154_0_+disjointig_62_0_18991 12903 17354 18991 -1 -1 4295 0.00432891
Chain
	Aln	306	-77611280-eadd-4097-ae22-c72b546cdeb5 6 4468 4474 +edge_154_0_+disjointig_62_0_18991 1636 6087 18991 -1 -1 4295 0.00432891
Chain
	Aln	388	+f12d982a-b065-429f-b62c-100e276d7b9f 13 1570 1579 +edge_195_0_+disjointig_19_1229_9924 1885 3448 8695 -1 -1 1415 0.00964916
Chain
	Aln	389	-f12d982a-b065-429f-b62c-100e276d7b9f 8 1565 1579 -edge_195_0_+disjointig_19_1229_9924 5246 6809 8695 -1 -1 1415 0.00964916
Chain
	Aln	381	+be9bdd21-4c30-4ac6-97c6-622256555d63 13 4262 4270 -edge_191_1_-disjointig_17_5860_10739 185 4441 4879 -1 -1 3895 0.00809578
Chain
	Aln	380	-be9bdd21-4c30-4ac6-97c6-622256555d63 7 4256 4270 +edge_191_1_-disjointig_17_5860_10739 437 4693 4879 -1 -1 3895 0.00809578
Chain
	Aln	31	+22ab2458-1ce9-4357-919f-5b21414bce55 11 1139 1146 -edge_16_0_+disjointig_110_0_7797 4985 6112 7797 -1 -1 1084 0.00837435
Chain
	Aln	30	-22ab2458-1ce9-4357-919f-5b21414bce55 6 1134 1146 +edge_16_0_+disjointig_110_0_7797 1684 2811 7797 -1 -1 1084 0.00837435
Chain
	Aln	35	+cd94cb61-773f-42b5-a8c6-195c87e8ca65 12 3572 3574 -edge_18_0_+disjointig_112_0_3569 11 3567 3569 -1 -1 3517 0.00271799
Chain
	Aln	34	-cd94cb61-773f-42b5-a8c6-195c87e8ca65 1 3561 3574 +edge_18_0_+disjointig_112_0_3569 1 3557 3569 -1 -1 3517 0.00271799
Chain
	Aln	317	+54d9505b-a5ea-47c1-903e-5c5a60da3fe8 2278 4134 4138 -edge_159_0_+disjointig_69_0_7090 12 1949 7090 -1 -1 1310 0.0301236
Chain
	Aln	316	-54d9505b-a5ea-47c1-903e-5c5a60da3fe8 3 1859 4138 +edge_159_0_+disjointig_69_0_7090 5140 7077 7090 -1 -1 1310 0.0301236
Chain
	Aln	377	+ee1a00bc-fd2c-45fc-a9e3-2fb286928d14 14 11900 11908 -edge_189_0_+disjointig_121_1900_16114 13 11908 14214 -1 -1 11803 0.000661642
Chain
	Aln	376	-ee1a00bc-fd2c-45fc-a9e3-2fb286928d14 7 11893 11908 +edge_189_0_+disjointig_121_1900_16114 2305 14200 14214 -1 -1 11803 0.000661642
Chain
	Aln	94	+ca400f5d-ff38-4b03-99f5-fc24f4bf6c04 22 3155 3640 +edge_48_0_+disjointig_127_0_14729 1 3134 14729 -1 -1 3010 0.00339952
Chain
	Aln	95	-ca400f5d-ff38-4b03-99f5-fc24f4bf6c04 484 3617 3640 -edge_48_0_+disjointig_127_0_14729 11594 14727 14729 -1 -1 3010 0.00339952
Chain
	Aln	95	+758867c8-8555-4da4-8e08-cbe8bd7ae545 509 3649 3651 -edge_48_0_+disjointig_127_0_14729 11599 14727 14729 -1 -1 2971 0.00600086
Chain
	Aln	94	-758867c8-8555-4da4-8e08-cbe8bd7ae545 1 3141 3651 +edge_48_0_+disjointig_127_0_14729 1 3129 14729 -1 -1 2971 0.00600086
Chain
	Aln	224	+d7724171-fbdc-487c-bdcf-d76dbde9e8df 3 1173 1213 +edge_113_0_+disjointig_9_3615_16265 2626 3794 12650 -1 -1 1123 0.00824327
Chain
	Aln	225	-d7724171-fbdc-487c-bdcf-d76dbde9e8df 39 1209 1213 -edge_113_0_+disjointig_9_3615_16265 8855 10023 12650 -1 -1 1123 0.00824327
Chain
	Aln	199	+66659327-e89d-42c6-bef2-f48c1db7d424 19 1355 1365 -edge_100_0_+disjointig_164_0_8678 6150 7486 8678 -1 -1 1327 0.00115809
Chain
	Aln	198	-66659327-e89d-42c6-bef2-f48c1db7d424 9 1345 1365 +edge_100_0_+disjointig_164_0_8678 1191 2527 8678 -1 -1 1327 0.00115809
Chain
	Aln	395	+a9ab5ade-8453-4532-80ac-fb54f8f3d232 19 2840 4359 -edge_198_0_+disjointig_35_1521_5895 1553 4373 4374 -1 -1 2578 0.00980785
	Aln	395	+a9ab5ade-8453-4532-80ac-fb54f8f3d232 2852 4355 4359 -edge_198_0_+disjointig_35_1521_5895 11 1518 4374 -1 -1 1433 0.00750292
Chain
	Aln	394	-a9ab5ade-8453-4532-80ac-fb54f8f3d232 3 1506 4359 +edge_198_0_+disjointig_35_1521_5895 2855 4362 4374 -1 -1 1433 0.00750292
	Aln	394	-a9ab5ade-8453-4532-80ac-fb54f8f3d232 1518 4339 4359 +edge_198_0_+disjointig_35_1521_5895 0 2820 4374 -1 -1 2578 0.00980785
Chain
	Aln	393	+09ee6205-2c2f-4a2a-8d72-c43be54b166d 5 2201 2208 -edge_197_0_+disjointig_34_4542_22930 9522 11713 18388 -1 -1 2114 0.0053119
Chain
	Aln	392	-09ee6205-2c2f-4a2a-8d72-c43be54b166d 6 2202 2208 +edge_197_0_+disjointig_34_4542_22930 6674 8865 18388 -1 -1 2114 0.0053119
Chain
	Aln	187	+e54aed2b-2008-4c4f-8b26-5d57c02af3e1 560 9899 9901 -edge_94_0_+disjointig_158_0_9352 20 9350 9352 -1 -1 8799 0.00462026
Chain
	Aln	186	-e54aed2b-2008-4c4f-8b26-5d57c02af3e1 1 9340 9901 +edge_94_0_+disjointig_158_0_9352 1 9331 9352 -1 -1 8799 0.00462026
Chain
	Aln	291	+ed4ed054-aa20-413b-b4bc-4c03d43a421d 10 1917 2035 -edge_146_0_+disjointig_55_0_10096 8193 10095 10096 -1 -1 1882 0.000689205
Chain
	Aln	290	-ed4ed054-aa20-413b-b4bc-4c03d43a421d 117 2024 2035 +edge_146_0_+disjointig_55_0_10096 0 1902 10096 -1 -1 1882 0.000689205
Chain
	Aln	119	+0ed5e3ab-44c8-481b-8520-0faa1ba90cb4 30 1119 1129 -edge_60_0_-disjointig_17_10739_35048 22973 24063 24309 -1 -1 1085 0
Chain
	Aln	118	-0ed5e3ab-44c8-481b-8520-0faa1ba90cb4 9 1098 1129 +edge_60_0_-disjointig_17_10739_35048 245 1335 24309 -1 -1 1085 0
Chain
	Aln	225	+7148e683-cc00-4ff5-9750-7e227dcfbb76 11 1429 1448 -edge_113_0_+disjointig_9_3615_16265 856 2275 12650 -1 -1 1374 0.00445585
Chain
	Aln	224	-7148e683-cc00-4ff5-9750-7e227dcfbb76 18 1436 1448 +edge_113_0_+disjointig_9_3615_16265 10374 11793 12650 -1 -1 1374 0.00445585
Chain
	Aln	385	+7d02f756-6e91-49de-bd2c-3f4561198459 31 2910 2914 -edge_193_0_+disjointig_143_0_9336 5600 8482 9336 -1 -1 2839 0.00401694
Chain
	Aln	384	-7d02f756-6e91-49de-bd2c-3f4561198459 3 2882 2914 +edge_193_0_+disjointig_143_0_9336 853 3735 9336 -1 -1 2839 0.00401694
Chain
	Aln	392	+f99880fc-6d32-4845-8957-432ddc11ec7f 8 1028 1031 +edge_197_0_+disjointig_34_4542_22930 10232 11252 18388 -1 -1 1020 0.000493178
Chain
	Aln	393	-f99880fc-6d32-4845-8957-432ddc11ec7f 2 1022 1031 -edge_197_0_+disjointig_34_4542_22930 7135 8155 18388 -1 -1 1020 0.000493178
Chain
	Aln	390	+8dc397ed-16d4-4bcc-963b-1ecd2679c905 15 6271 6274 +edge_196_0_+disjointig_49_0_33326 6449 12713 33326 -1 -1 6101 0.000957459
Chain
	Aln	391	-8dc397ed-16d4-4bcc-963b-1ecd2679c905 2 6258 6274 -edge_196_0_+disjointig_49_0_33326 20612 26876 33326 -1 -1 6101 0.000957459
Chain
	Aln	32	+48ead701-7b20-4300-8df6-191fcea4f4c4 3 1576 1582 +edge_17_0_+disjointig_111_0_12680 1779 3352 12680 -1 -1 1567 0
Chain
	Aln	33	-48ead701-7b20-4300-8df6-191fcea4f4c4 5 1578 1582 -edge_17_0_+disjointig_111_0_12680 9327 10900 12680 -1 -1 1567 0
Chain
	Aln	326	+d42f6b6a-a9d2-4cad-987b-92862a53572f 6 1497 1502 +edge_164_0_+disjointig_75_0_32040 20247 21737 32040 -1 -1 1473 0.000383979
Chain
	Aln	327	-d42f6b6a-a9d2-4cad-987b-92862a53572f 4 1495 1502 -edge_164_0_+disjointig_75_0_32040 10302 11792 32040 -1 -1 1473 0.000383979
Chain
	Aln	384	+d8fcedaa-a370-41e5-b807-b6ff89ac241c 6 4974 4986 +edge_193_0_+disjointig_143_0_9336 4365 9327 9336 -1 -1 4911 5.38159e-05
Chain
	Aln	385	-d8fcedaa-a370-41e5-b807-b6ff89ac241c 11 4979 4986 -edge_193_0_+disjointig_143_0_9336 8 4970 9336 -1 -1 4911 5.38159e-05
Chain
	Aln	53	+1eaf9110-d702-4613-8505-47d5a48bad58 16 1196 1198 -edge_27_0_+disjointig_120_0_9610 5998 7180 9610 -1 -1 1142 0.00482775
Chain
	Aln	52	-1eaf9110-d702-4613-8505-47d5a48bad58 1 1181 1198 +edge_27_0_+disjointig_120_0_9610 2429 3611 9610 -1 -1 1142 0.00482775
Chain
	Aln	66	+49674de9-6ae6-42ca-ab27-a497eeca5d95 11 2643 2647 +edge_34_0_-disjointig_130_11944_30443 15866 18496 18499 -1 -1 2607 0.000894637
Chain
	Aln	67	-49674de9-6ae6-42ca-ab27-a497eeca5d95 3 2635 2647 -edge_34_0_-disjointig_130_11944_30443 2 2632 18499 -1 -1 2607 0.000894637
Chain
	Aln	210	+29b236d4-e53c-49a1-8d8b-131e62ff706d 6 2936 2939 +edge_106_0_+disjointig_18_0_7193 328 3258 7193 -1 -1 2925 0.00135851
Chain
	Aln	211	-29b236d4-e53c-49a1-8d8b-131e62ff706d 2 2932 2939 -edge_106_0_+disjointig_18_0_7193 3934 6864 7193 -1 -1 2925 0.00135851
Chain
	Aln	289	+e2fa9240-5b87-4118-bdc7-a78f9603b927 67 2288 2291 -edge_145_0_+disjointig_54_0_11616 9392 11613 11616 -1 -1 2208 0.000268267
Chain
	Aln	288	-e2fa9240-5b87-4118-bdc7-a78f9603b927 2 2223 2291 +edge_145_0_+disjointig_54_0_11616 2 2223 11616 -1 -1 2208 0.000268267
Chain
	Aln	384	+97d343ff-f513-47d6-812b-5cef96de2239 13 1855 1858 +edge_193_0_+disjointig_143_0_9336 5041 6883 9336 -1 -1 1809 0.00111525
Chain
	Aln	385	-97d343ff-f513-47d6-812b-5cef96de2239 2 1844 1858 -edge_193_0_+disjointig_143_0_9336 2452 4294 9336 -1 -1 1809 0.00111525
Chain
	Aln	338	+51b1e6ba-97f5-45ef-b213-ebb54ec69f3b 90 1840 1850 +edge_170_0_+disjointig_80_0_26396 10227 11978 26396 -1 -1 1735 0.00108599
Chain
	Aln	339	-51b1e6ba-97f5-45ef-b213-ebb54ec69f3b 9 1759 1850 -edge_170_0_+disjointig_80_0_26396 14417 16168 26396 -1 -1 1735 0.00108599
Chain
	Aln	189	+21c9f80f-ae56-479c-b51f-6cad1e396297 14 2628 2634 -edge_95_0_+disjointig_159_0_2636 13 2630 2636 -1 -1 2599 0.000183366
Chain
	Aln	188	-21c9f80f-ae56-479c-b51f-6cad1e396297 5 2619 2634 +edge_95_0_+disjointig_159_0_2636 5 2622 2636 -1 -1 2599 0.000183366
Chain
	Aln	389	+6b8ead70-02cc-4770-9cd2-2307ccb00b8d 56 1225 1231 -edge_195_0_+disjointig_19_1229_9924 219 1390 8695 -1 -1 1128 0.000799492
Chain
	Aln	388	-6b8ead70-02cc-4770-9cd2-2307ccb00b8d 5 1174 1231 +edge_195_0_+disjointig_19_1229_9924 7304 8475 8695 -1 -1 1128 0.000799492
Chain
	Aln	373	+a68fa66e-9fb0-42fa-b088-fe092399c827 13 1252 1257 -edge_187_0_+disjointig_98_0_17892 6275 7515 17892 -1 -1 1231 0.00416733
Chain
	Aln	372	-a68fa66e-9fb0-42fa-b088-fe092399c827 4 1243 1257 +edge_187_0_+disjointig_98_0_17892 10376 11616 17892 -1 -1 1231 0.00416733
Chain
	Aln	181	+688236b8-9a94-4dec-a057-4c7648e585e9 15 1187 1192 -edge_91_0_+disjointig_155_0_6598 1865 3036 6598 -1 -1 1166 0.00170018
Chain
	Aln	180	-688236b8-9a94-4dec-a057-4c7648e585e9 4 1176 1192 +edge_91_0_+disjointig_155_0_6598 3561 4732 6598 -1 -1 1166 0.00170018
Chain
	Aln	180	+0712a556-e9ff-48f7-85d8-ca7d0dd1c17f 8 1470 1476 +edge_91_0_+disjointig_155_0_6598 3261 4721 6598 -1 -1 1448 0.00169393
Chain
	Aln	181	-0712a556-e9ff-48f7-85d8-ca7d0dd1c17f 5 1467 1476 -edge_91_0_+disjointig_155_0_6598 1876 3336 6598 -1 -1 1448 0.00169393
Chain
	Aln	279	+d9c90e68-55ea-46a4-b305-79ec6b509dcf 12 2557 2563 -edge_140_0_+disjointig_48_0_17810 11 2555 17810 -1 -1 2466 0.00280581
Chain
	Aln	278	-d9c90e68-55ea-46a4-b305-79ec6b509dcf 5 2550 2563 +edge_140_0_+disjointig_48_0_17810 15254 17798 17810 -1 -1 2466 0.00280581
Chain
	Aln	337	+c5a7318a-fc4d-4c05-8448-7259166d8b33 84 1526 1535 -edge_169_0_+disjointig_8_0_30726 28779 30220 30726 -1 -1 1433 0.000883682
Chain
	Aln	336	-c5a7318a-fc4d-4c05-8448-7259166d8b33 8 1450 1535 +edge_169_0_+disjointig_8_0_30726 505 1946 30726 -1 -1 1433 0.000883682
Chain
	Aln	220	+805000ef-c6c9-4bff-9467-a2456c48a165 13 2063 2067 +edge_111_0_+disjointig_20_0_20492 5277 7327 20492 -1 -1 2022 0.00191676
Chain
	Aln	221	-805000ef-c6c9-4bff-9467-a2456c48a165 3 2053 2067 -edge_111_0_+disjointig_20_0_20492 13164 15214 20492 -1 -1 2022 0.00191676
Chain
	Aln	31	+dfa694f7-709d-494d-9f9d-4e585e96120c 12 2378 2388 -edge_16_0_+disjointig_110_0_7797 11 2377 7797 -1 -1 2343 0.00196484
Chain
	Aln	30	-dfa694f7-709d-494d-9f9d-4e585e96120c 9 2375 2388 +edge_16_0_+disjointig_110_0_7797 5419 7785 7797 -1 -1 2343 0.00196484
Chain
	Aln	9	+e3b1389d-e0bf-440b-9705-a1c9104db286 9 1113 1115 -edge_5_0_+disjointig_103_0_3895 1941 3045 3895 -1 -1 1076 0.00482775
Chain
	Aln	8	-e3b1389d-e0bf-440b-9705-a1c9104db286 1 1105 1115 +edge_5_0_+disjointig_103_0_3895 849 1953 3895 -1 -1 1076 0.00482775
Chain
	Aln	119	+ec116cf8-b276-4757-8c06-6ce800ca8544 8 1783 1792 -edge_60_0_-disjointig_17_10739_35048 19285 21063 24309 -1 -1 1760 0.00255629
Chain
	Aln	118	-ec116cf8-b276-4757-8c06-6ce800ca8544 8 1783 1792 +edge_60_0_-disjointig_17_10739_35048 3245 5023 24309 -1 -1 1760 0.00255629
Chain
	Aln	329	+c0bdf4a8-9fc1-482f-b581-9de29f6a02d8 8 2207 2214 -edge_165_0_+disjointig_76_0_14078 11872 14071 14078 -1 -1 2151 0.00301035
Chain
	Aln	328	-c0bdf4a8-9fc1-482f-b581-9de29f6a02d8 6 2205 2214 +edge_165_0_+disjointig_76_0_14078 6 2205 14078 -1 -1 2151 0.00301035
Chain
	Aln	140	+43f6e38e-4b45-447b-8fad-6bf7f1e30c03 22 11613 11616 +edge_71_0_+disjointig_139_0_11611 1 11609 11611 -1 -1 11341 0.003495
Chain
	Aln	141	-43f6e38e-4b45-447b-8fad-6bf7f1e30c03 2 11593 11616 -edge_71_0_+disjointig_139_0_11611 1 11609 11611 -1 -1 11341 0.003495
Chain
	Aln	247	+852f316d-d891-4d39-b26a-ea19d6a7ab64 10 3693 3995 -edge_124_0_+disjointig_32_0_12014 8317 12003 12014 -1 -1 3674 0
Chain
	Aln	246	-852f316d-d891-4d39-b26a-ea19d6a7ab64 301 3984 3995 +edge_124_0_+disjointig_32_0_12014 10 3696 12014 -1 -1 3674 0
Chain
	Aln	369	+a3795e66-5281-4ee5-9f7e-a1b8d1df78c2 6 1048 1052 -edge_185_0_+disjointig_96_0_18283 13796 14837 18283 -1 -1 1017 0.000791931
Chain
	Aln	368	-a3795e66-5281-4ee5-9f7e-a1b8d1df78c2 3 1045 1052 +edge_185_0_+disjointig_96_0_18283 3445 4486 18283 -1 -1 1017 0.000791931
Chain
	Aln	368	+aab64c6e-b21a-46e0-adf4-d2339cf118a7 2 1351 1353 +edge_185_0_+disjointig_96_0_18283 3115 4468 18283 -1 -1 1316 0.000189629
Chain
	Aln	369	-aab64c6e-b21a-46e0-adf4-d2339cf118a7 1 1350 1353 -edge_185_0_+disjointig_96_0_18283 13814 15167 18283 -1 -1 1316 0.000189629
Chain
	Aln	275	+9f42d742-1f5c-455d-9695-28a23cab0a01 8 7111 7135 -edge_138_0_+disjointig_45_0_8767 7 7095 8767 -1 -1 6876 0.00305757
Chain
	Aln	274	-9f42d742-1f5c-455d-9695-28a23cab0a01 23 7126 7135 +edge_138_0_+disjointig_45_0_8767 1671 8759 8767 -1 -1 6876 0.00305757
Chain
	Aln	285	+51093653-2e35-480d-933a-380b9be1519a 717 10281 10283 -edge_143_0_+disjointig_52_0_9589 13 9587 9589 -1 -1 9320 0.00197354
Chain
	Aln	284	-51093653-2e35-480d-933a-380b9be1519a 1 9565 10283 +edge_143_0_+disjointig_52_0_9589 1 9575 9589 -1 -1 9320 0.00197354
Chain
	Aln	202	+01ec0e7e-a5ce-4392-80dc-327be19d3ef4 12 2188 2195 +edge_102_0_+disjointig_166_0_2603 400 2577 2603 -1 -1 2160 0.000882943
Chain
	Aln	203	-01ec0e7e-a5ce-4392-80dc-327be19d3ef4 6 2182 2195 -edge_102_0_+disjointig_166_0_2603 25 2202 2603 -1 -1 2160 0.000882943
Chain
	Aln	53	+c8887b80-3849-438e-8d29-776a668fc8bd 10 1241 1250 -edge_27_0_+disjointig_120_0_9610 8227 9458 9610 -1 -1 1231 0.00152924
Chain
	Aln	52	-c8887b80-3849-438e-8d29-776a668fc8bd 8 1239 1250 +edge_27_0_+disjointig_120_0_9610 151 1382 9610 -1 -1 1231 0.00152924
Chain
	Aln	373	+f4dd89d0-1361-4c13-931a-a8a590d2ea0c 20 7178 7186 -edge_187_0_+disjointig_98_0_17892 4333 11490 17892 -1 -1 7059 0.00327071
Chain
	Aln	372	-f4dd89d0-1361-4c13-931a-a8a590d2ea0c 7 7165 7186 +edge_187_0_+disjointig_98_0_17892 6401 13558 17892 -1 -1 7059 0.00327071
Chain
	Aln	203	+fbb87788-9b91-4840-bdf9-903b40f6839b 13 2603 2606 -edge_102_0_+disjointig_166_0_2603 12 2600 2603 -1 -1 2525 0.00330328
Chain
	Aln	202	-fbb87788-9b91-4840-bdf9-903b40f6839b 2 2592 2606 +edge_102_0_+disjointig_166_0_2603 2 2590 2603 -1 -1 2525 0.00330328
Chain
	Aln	232	+afadccef-674a-422f-9303-0e54ebf205a5 20 4432 4444 +edge_117_0_+disjointig_24_0_24953 20527 24942 24953 -1 -1 4388 0.00354936
Chain
	Aln	233	-afadccef-674a-422f-9303-0e54ebf205a5 11 4423 4444 -edge_117_0_+disjointig_24_0_24953 10 4425 24953 -1 -1 4388 0.00354936
Chain
	Aln	262	+e0ff9375-d261-4a5f-8b0b-086ce874316e 13 11988 11992 +edge_132_0_+disjointig_37_0_12277 291 12274 12277 -1 -1 10975 0.0031123
Chain
	Aln	263	-e0ff9375-d261-4a5f-8b0b-086ce874316e 3 11978 11992 -edge_132_0_+disjointig_37_0_12277 2 11985 12277 -1 -1 10975 0.0031123
Chain
	Aln	286	+77fc29ac-1a47-496a-803c-f83c27311b59 59 1499 1699 +edge_144_0_+disjointig_53_0_13603 9532 10989 13603 -1 -1 1325 0.00931451
Chain
	Aln	287	-77fc29ac-1a47-496a-803c-f83c27311b59 199 1639 1699 -edge_144_0_+disjointig_53_0_13603 2613 4070 13603 -1 -1 1325 0.00931451
Chain
	Aln	390	+be09ba6e-924b-4771-9799-02f6d8bb118b 21 2412 2415 +edge_196_0_+disjointig_49_0_33326 29049 31440 33326 -1 -1 2332 0.00201752
Chain
	Aln	391	-be09ba6e-924b-4771-9799-02f6d8bb118b 2 2393 2415 -edge_196_0_+disjointig_49_0_33326 1885 4276 33326 -1 -1 2332 0.00201752
Chain
	Aln	350	+11b4af96-c87c-42a6-ab5a-f2fa002bf990 72 2826 2834 +edge_176_0_+disjointig_86_0_3000 5 2758 3000 -1 -1 2711 0.00256502
Chain
	Aln	351	-11b4af96-c87c-42a6-ab5a-f2fa002bf990 7 2761 2834 -edge_176_0_+disjointig_86_0_3000 241 2994 3000 -1 -1 2711 0.00256502
Chain
	Aln	119	+11ce7a55-8635-4251-a666-a046364435ff 22 2847 2851 -edge_60_0_-disjointig_17_10739_35048 1607 4437 24309 -1 -1 2798 0.00175025
Chain
	Aln	118	-11ce7a55-8635-4251-a666-a046364435ff 3 2828 2851 +edge_60_0_-disjointig_17_10739_35048 19871 22701 24309 -1 -1 2798 0.00175025
Chain
	Aln	294	+ccdfc5ec-b08e-4d37-860d-25585258bf49 2 7414 8138 +edge_148_0_+disjointig_57_0_7425 2 7417 7425 -1 -1 7332 0.00253286
Chain
	Aln	295	-ccdfc5ec-b08e-4d37-860d-25585258bf49 723 8135 8138 -edge_148_0_+disjointig_57_0_7425 7 7422 7425 -1 -1 7332 0.00253286
Chain
	Aln	9	+3e1b4b01-e2a4-48fb-8ffb-5e8a0815a9a4 9 1679 1681 -edge_5_0_+disjointig_103_0_3895 367 2036 3895 -1 -1 1649 0.00220988
Chain
	Aln	8	-3e1b4b01-e2a4-48fb-8ffb-5e8a0815a9a4 1 1671 1681 +edge_5_0_+disjointig_103_0_3895 1858 3527 3895 -1 -1 1649 0.00220988
Chain
	Aln	51	+6b9d77ea-099a-4144-b080-099cf62e9960 18 1737 1739 -edge_26_0_+disjointig_12_0_77894 15989 17708 77894 -1 -1 1704 0.000190468
Chain
	Aln	50	-6b9d77ea-099a-4144-b080-099cf62e9960 1 1720 1739 +edge_26_0_+disjointig_12_0_77894 60185 61904 77894 -1 -1 1704 0.000190468
Chain
	Aln	195	+65fefb30-9a66-4905-a222-f91dfe5b4184 718 1918 1922 -edge_98_0_+disjointig_161_0_2486 11 1251 2486 -1 -1 812 0.0344038
Chain
	Aln	194	-65fefb30-9a66-4905-a222-f91dfe5b4184 3 1203 1922 +edge_98_0_+disjointig_161_0_2486 1234 2474 2486 -1 -1 812 0.0344038
Chain
	Aln	287	+4ec5d75e-5f0d-45e4-8a08-466310e3486e 14 3080 3084 -edge_144_0_+disjointig_53_0_13603 1027 4103 13603 -1 -1 2958 0.00331744
Chain
	Aln	286	-4ec5d75e-5f0d-45e4-8a08-466310e3486e 3 3069 3084 +edge_144_0_+disjointig_53_0_13603 9499 12575 13603 -1 -1 2958 0.00331744
Chain
	Aln	116	+2a68856d-8f73-4c84-9158-7f4d479a2423 12 1841 2279 +edge_59_0_+disjointig_132_8623_16330 5872 7703 7707 -1 -1 1825 0
Chain
	Aln	117	-2a68856d-8f73-4c84-9158-7f4d479a2423 437 2266 2279 -edge_59_0_+disjointig_132_8623_16330 3 1834 7707 -1 -1 1825 0
Chain
	Aln	13	+92e4fcb3-0d47-4ce3-ba6e-6ec9aeeff51c 3 2280 2282 -edge_7_0_+disjointig_105_0_3500 1220 3498 3500 -1 -1 2211 0.00235007
Chain
	Aln	12	-92e4fcb3-0d47-4ce3-ba6e-6ec9aeeff51c 1 2278 2282 +edge_7_0_+disjointig_105_0_3500 1 2279 3500 -1 -1 2211 0.00235007
Chain
	Aln	385	+d80460dc-3b9e-40be-af64-26622cf0b38e 11 4113 4116 -edge_193_0_+disjointig_143_0_9336 5231 9333 9336 -1 -1 4000 0.00437064
Chain
	Aln	384	-d80460dc-3b9e-40be-af64-26622cf0b38e 2 4104 4116 +edge_193_0_+disjointig_143_0_9336 2 4104 9336 -1 -1 4000 0.00437064
Chain
	Aln	392	+46c70f27-644e-44b8-95ea-4287114aec39 615 4184 4228 +edge_197_0_+disjointig_34_4542_22930 1373 4970 18388 -1 -1 3402 0.00586715
Chain
	Aln	393	-46c70f27-644e-44b8-95ea-4287114aec39 43 3612 4228 -edge_197_0_+disjointig_34_4542_22930 13417 17014 18388 -1 -1 3402 0.00586715
Chain
	Aln	6	+158308d6-4fb6-4330-8582-a61f35ec9d1a 7 2180 2184 +edge_4_0_+disjointig_102_0_7527 2226 4399 7527 -1 -1 2169 0.0021553
Chain
	Aln	7	-158308d6-4fb6-4330-8582-a61f35ec9d1a 3 2176 2184 -edge_4_0_+disjointig_102_0_7527 3127 5300 7527 -1 -1 2169 0.0021553
Chain
	Aln	327	+62e6a0b8-0816-4375-8ee6-0467d077ccba 11 3247 3249 -edge_164_0_+disjointig_75_0_32040 11 3247 32040 -1 -1 3215 0
Chain
	Aln	326	-62e6a0b8-0816-4375-8ee6-0467d077ccba 1 3237 3249 +edge_164_0_+disjointig_75_0_32040 28792 32028 32040 -1 -1 3215 0
Chain
	Aln	343	+e3c11dd0-55ac-42ba-bcca-a784d8b02ef4 9 7427 8632 -edge_172_0_+disjointig_82_0_20311 12884 20310 20311 -1 -1 7071 0.00429155
Chain
	Aln	342	-e3c11dd0-55ac-42ba-bcca-a784d8b02ef4 1204 8622 8632 +edge_172_0_+disjointig_82_0_20311 0 7426 20311 -1 -1 7071 0.00429155
Chain
	Aln	343	+ecefc907-2299-44bc-a34c-f76229d2df51 14 3319 3321 -edge_172_0_+disjointig_82_0_20311 17005 20309 20311 -1 -1 3003 0.0091282
Chain
	Aln	342	-ecefc907-2299-44bc-a34c-f76229d2df51 1 3306 3321 +edge_172_0_+disjointig_82_0_20311 1 3305 20311 -1 -1 3003 0.0091282
Chain
	Aln	97	+b865ac86-d62d-4b7c-9908-01b4480ee7a5 10 2460 2463 -edge_49_0_+disjointig_128_0_2464 9 2461 2464 -1 -1 2400 0.00224633
Chain
	Aln	96	-b865ac86-d62d-4b7c-9908-01b4480ee7a5 2 2452 2463 +edge_49_0_+disjointig_128_0_2464 2 2454 2464 -1 -1 2400 0.00224633
Chain
	Aln	365	+d246f175-7cc2-461e-bc5f-14222449caa2 9 2184 2188 -edge_183_0_+disjointig_94_0_16253 3907 6083 16253 -1 -1 2168 0.000102725
Chain
	Aln	364	-d246f175-7cc2-461e-bc5f-14222449caa2 3 2178 2188 +edge_183_0_+disjointig_94_0_16253 10169 12345 16253 -1 -1 2168 0.000102725
Chain
	Aln	357	+59132195-9a7c-47d6-9bb5-536339b5c856 3 8315 8326 -edge_179_0_+disjointig_89_0_10579 2104 10568 10579 -1 -1 7525 0.00913788
Chain
	Aln	356	-59132195-9a7c-47d6-9bb5-536339b5c856 10 8322 8326 +edge_179_0_+disjointig_89_0_10579 10 8474 10579 -1 -1 7525 0.00913788
Chain
	Aln	333	+8322f67c-65b4-499c-8ade-eddd71a2b3d7 13 11906 12128 -edge_167_0_+disjointig_78_0_11904 12 11903 11904 -1 -1 11823 0.000873306
Chain
	Aln	332	-8322f67c-65b4-499c-8ade-eddd71a2b3d7 221 12114 12128 +edge_167_0_+disjointig_78_0_11904 0 11891 11904 -1 -1 11823 0.000873306
Chain
	Aln	172	+486810e0-28dc-4be1-b0d7-c05caab39777 11 1281 1284 +edge_87_0_+disjointig_151_0_16632 11376 12645 16632 -1 -1 1258 0.00255629
Chain
	Aln	173	-486810e0-28dc-4be1-b0d7-c05caab39777 2 1272 1284 -edge_87_0_+disjointig_151_0_16632 3986 5255 16632 -1 -1 1258 0.00255629
Chain
	Aln	319	+5dfbc41a-e9ba-4177-9129-acd62304ba2c 29 2626 2632 -edge_160_0_+disjointig_70_0_7182 3002 5602 7182 -1 -1 2581 0.000552554
Chain
	Aln	318	-5dfbc41a-e9ba-4177-9129-acd62304ba2c 5 2602 2632 +edge_160_0_+disjointig_70_0_7182 1579 4179 7182 -1 -1 2581 0.000552554
Chain
	Aln	243	+1b610574-52ba-4e5b-a231-6ee860cf5e94 1 6433 6442 -edge_122_0_+disjointig_30_0_10881 2444 8877 10881 -1 -1 6352 0.00168536
Chain
	Aln	242	-1b610574-52ba-4e5b-a231-6ee860cf5e94 8 6440 6442 +edge_122_0_+disjointig_30_0_10881 2003 8436 10881 -1 -1 6352 0.00168536
Chain
	Aln	195	+e619ce53-c25f-4789-8888-811e225762a1 310 1409 4052 -edge_98_0_+disjointig_161_0_2486 843 1942 2486 -1 -1 1033 0.00651087
Chain
	Aln	194	-e619ce53-c25f-4789-8888-811e225762a1 2642 3741 4052 +edge_98_0_+disjointig_161_0_2486 543 1642 2486 -1 -1 1033 0.00651087
Chain
	Aln	200	+d834b4c6-ce3c-47e4-9eaa-f10420832645 60 1448 1471 +edge_101_0_+disjointig_165_0_3364 19 1408 3364 -1 -1 1353 0
Chain
	Aln	201	-d834b4c6-ce3c-47e4-9eaa-f10420832645 22 1410 1471 -edge_101_0_+disjointig_165_0_3364 1955 3344 3364 -1 -1 1353 0
Chain
	Aln	125	+19eb9757-7bad-4778-a9e4-ba32cd15607c 184 3862 3864 -edge_63_0_+disjointig_134_0_4732 87 3777 4732 -1 -1 2905 0.0197752
Chain
	Aln	124	-19eb9757-7bad-4778-a9e4-ba32cd15607c 1 3679 3864 +edge_63_0_+disjointig_134_0_4732 954 4644 4732 -1 -1 2905 0.0197752
Chain
	Aln	380	+d3b717fc-5ab4-4263-8d9b-716e1ada4944 4383 8406 8412 +edge_191_1_-disjointig_17_5860_10739 0 4024 4879 -1 -1 3897 0.00349802
Chain
	Aln	380	+d3b717fc-5ab4-4263-8d9b-716e1ada4944 11 3542 8412 +edge_191_1_-disjointig_17_5860_10739 1333 4870 4879 -1 -1 3402 0.00447954
Chain
	Aln	381	-d3b717fc-5ab4-4263-8d9b-716e1ada4944 5 4028 8412 -edge_191_1_-disjointig_17_5860_10739 854 4878 4879 -1 -1 3897 0.00349802
Chain
	Aln	381	-d3b717fc-5ab4-4263-8d9b-716e1ada4944 4869 8400 8412 -edge_191_1_-disjointig_17_5860_10739 8 3545 4879 -1 -1 3402 0.00447954
Chain
	Aln	275	+4cc9fb45-1c79-4a7a-ba05-5a33a54bbc75 8 3027 3030 -edge_138_0_+disjointig_45_0_8767 947 3965 8767 -1 -1 3009 0.00110936
Chain
	Aln	274	-4cc9fb45-1c79-4a7a-ba05-5a33a54bbc75 2 3021 3030 +edge_138_0_+disjointig_45_0_8767 4801 7819 8767 -1 -1 3009 0.00110936
Chain
	Aln	93	+94370ea0-35e1-4605-82e5-d4da3290cae7 5 1872 1878 -edge_47_0_+disjointig_126_0_2256 177 2044 2256 -1 -1 1835 0.00172863
Chain
	Aln	92	-94370ea0-35e1-4605-82e5-d4da3290cae7 5 1872 1878 +edge_47_0_+disjointig_126_0_2256 211 2078 2256 -1 -1 1835 0.00172863
Chain
	Aln	89	+5e4d3bdc-98df-4752-80a4-455dd0e26d38 93 3097 3105 -edge_45_0_+disjointig_124_0_6829 11 3016 6829 -1 -1 2998 0.00228022
Chain
	Aln	88	-5e4d3bdc-98df-4752-80a4-455dd0e26d38 7 3011 3105 +edge_45_0_+disjointig_124_0_6829 3812 6817 6829 -1 -1 2998 0.00228022
Chain
	Aln	306	+5aed3e39-cdb8-4bbd-870d-01db2dceaaf8 1 7671 7673 +edge_154_0_+disjointig_62_0_18991 1 7674 18991 -1 -1 7433 0.00300859
Chain
	Aln	307	-5aed3e39-cdb8-4bbd-870d-01db2dceaaf8 1 7671 7673 -edge_154_0_+disjointig_62_0_18991 11316 18989 18991 -1 -1 7433 0.00300859
Chain
	Aln	272	+4aeaef29-35d7-4487-bc54-f82c5062d7a4 5423 13579 13584 +edge_137_0_+disjointig_43_0_8171 2 8167 8171 -1 -1 8043 0.00261493
Chain
	Aln	273	-4aeaef29-35d7-4487-bc54-f82c5062d7a4 4 8160 13584 -edge_137_0_+disjointig_43_0_8171 3 8168 8171 -1 -1 8043 0.00261493
Chain
	Aln	390	+4ebe43a3-33e2-48f4-990e-4d5a46546107 20 8428 8430 +edge_196_0_+disjointig_49_0_33326 9715 18117 33326 -1 -1 6924 0.0152527
Chain
	Aln	391	-4ebe43a3-33e2-48f4-990e-4d5a46546107 1 8409 8430 -edge_196_0_+disjointig_49_0_33326 15208 23610 33326 -1 -1 6924 0.0152527
Chain
	Aln	64	+a01705dc-949e-474f-af55-7b9cd3c3cf19 1209 2656 3319 +edge_33_5_+disjointig_68_4224_5685 6 1455 1461 -1 -1 1427 0.00139787
Chain
	Aln	65	-a01705dc-949e-474f-af55-7b9cd3c3cf19 662 2109 3319 -edge_33_5_+disjointig_68_4224_5685 5 1454 1461 -1 -1 1427 0.00139787
Chain
	Aln	233	+640a0fb2-97d2-402d-a979-8506d7353e23 2 21536 21538 -edge_117_0_+disjointig_24_0_24953 3412 24951 24953 -1 -1 21373 0
Chain
	Aln	232	-640a0fb2-97d2-402d-a979-8506d7353e23 1 21535 21538 +edge_117_0_+disjointig_24_0_24953 1 21540 24953 -1 -1 21373 0
Chain
	Aln	51	+a0b2243e-b612-4c60-8882-f83674a8f7c8 9 3332 3339 -edge_26_0_+disjointig_12_0_77894 44230 47554 77894 -1 -1 3267 0.0026392
Chain
	Aln	50	-a0b2243e-b612-4c60-8882-f83674a8f7c8 6 3329 3339 +edge_26_0_+disjointig_12_0_77894 30339 33663 77894 -1 -1 3267 0.0026392
Chain
	Aln	158	+5f303e1c-3cfb-4fb2-bdc7-69642195e7f1 3 4588 5695 +edge_80_0_+disjointig_145_0_4601 3 4590 4601 -1 -1 4529 0.00171824
Chain
	Aln	159	-5f303e1c-3cfb-4fb2-bdc7-69642195e7f1 1106 5691 5695 -edge_80_0_+disjointig_145_0_4601 10 4597 4601 -1 -1 4529 0.00171824
Chain
	Aln	119	+ed07796b-dc32-424b-820b-690b61c6939e 8 3673 3680 -edge_60_0_-disjointig_17_10739_35048 4799 8475 24309 -1 -1 3451 0.00422279
Chain
	Aln	118	-ed07796b-dc32-424b-820b-690b61c6939e 6 3671 3680 +edge_60_0_-disjointig_17_10739_35048 15833 19509 24309 -1 -1 3451 0.00422279
Chain
	Aln	223	+81670237-b848-4857-bcdb-2d8f3bb7d8d8 1335 2568 3409 -edge_112_1_-disjointig_9_12650_13919 34 1268 1269 -1 -1 1166 0.00647124
Chain
	Aln	222	-81670237-b848-4857-bcdb-2d8f3bb7d8d8 840 2073 3409 +edge_112_1_-disjointig_9_12650_13919 0 1234 1269 -1 -1 1166 0.00647124
Chain
	Aln	381	+9bb1b681-d1d6-44eb-af6d-1b08e90a97cc 1 1681 1686 -edge_191_1_-disjointig_17_5860_10739 205 1882 4879 -1 -1 1648 0.00337524
Chain
	Aln	380	-9bb1b681-d1d6-44eb-af6d-1b08e90a97cc 4 1684 1686 +edge_191_1_-disjointig_17_5860_10739 2996 4673 4879 -1 -1 1648 0.00337524
Chain
	Aln	167	+31b174f9-a436-493c-a57d-ac5bce4ad75c 7 4204 4206 -edge_84_0_+disjointig_149_0_5145 948 5143 5145 -1 -1 4093 0.00255948
Chain
	Aln	166	-31b174f9-a436-493c-a57d-ac5bce4ad75c 1 4198 4206 +edge_84_0_+disjointig_149_0_5145 1 4196 5145 -1 -1 4093 0.00255948
Chain
	Aln	176	+9a6f9257-1c79-46b5-b009-8649cab94a54 9 1563 1569 +edge_89_0_+disjointig_153_0_2326 73 1627 2326 -1 -1 1536 0.00194693
Chain
	Aln	177	-9a6f9257-1c79-46b5-b009-8649cab94a54 5 1559 1569 -edge_89_0_+disjointig_153_0_2326 698 2252 2326 -1 -1 1536 0.00194693
Chain
	Aln	338	+2fdd2a55-6f90-4d8e-a161-31f7ca72ba49 12 8420 8432 +edge_170_0_+disjointig_80_0_26396 17957 26385 26396 -1 -1 8253 0.00283633
Chain
	Aln	339	-2fdd2a55-6f90-4d8e-a161-31f7ca72ba49 11 8419 8432 -edge_170_0_+disjointig_80_0_26396 10 8438 26396 -1 -1 8253 0.00283633
Chain
	Aln	391	+2b867c9e-e9c1-41dc-9e21-c5f194a0e703 4 2415 2424 -edge_196_0_+disjointig_49_0_33326 16730 19152 33326 -1 -1 2322 0.00334089
Chain
	Aln	390	-2b867c9e-e9c1-41dc-9e21-c5f194a0e703 8 2419 2424 +edge_196_0_+disjointig_49_0_33326 14173 16595 33326 -1 -1 2322 0.00334089
Chain
	Aln	243	+cb1814ad-1c66-47ee-b03b-42382a4d3d49 16 3507 3509 -edge_122_0_+disjointig_30_0_10881 7389 10879 10881 -1 -1 3460 0.00195052
Chain
	Aln	242	-cb1814ad-1c66-47ee-b03b-42382a4d3d49 1 3492 3509 +edge_122_0_+disjointig_30_0_10881 1 3491 10881 -1 -1 3460 0.00195052
Chain
	Aln	367	+6fdabf84-5c27-4048-a9a4-2ec84aed2e08 24 2798 2804 -edge_184_0_+disjointig_95_0_8884 5006 7772 8884 -1 -1 2437 0.00978051
Chain
	Aln	366	-6fdabf84-5c27-4048-a9a4-2ec84aed2e08 5 2779 2804 +edge_184_0_+disjointig_95_0_8884 1111 3877 8884 -1 -1 2437 0.00978051
Chain
	Aln	200	+9db71062-370b-44f6-a457-9e3465979d06 835 2685 2692 +edge_101_0_+disjointig_165_0_3364 19 1870 3364 -1 -1 1830 0
Chain
	Aln	201	-9db71062-370b-44f6-a457-9e3465979d06 6 1856 2692 -edge_101_0_+disjointig_165_0_3364 1493 3344 3364 -1 -1 1830 0
Chain
	Aln	243	+1ceadc52-a62a-481a-9b3a-f00e65281495 7 7326 7332 -edge_122_0_+disjointig_30_0_10881 6 7353 10881 -1 -1 7224 0.00153492
Chain
	Aln	242	-1ceadc52-a62a-481a-9b3a-f00e65281495 5 7324 7332 +edge_122_0_+disjointig_30_0_10881 3527 10874 10881 -1 -1 7224 0.00153492
Chain
	Aln	236	+05bfc944-5ff4-4826-b6af-9504a5af6a57 8 5260 5263 +edge_119_0_+disjointig_26_0_22265 10746 15997 22265 -1 -1 5232 0.000385317
Chain
	Aln	237	-05bfc944-5ff4-4826-b6af-9504a5af6a57 2 5254 5263 -edge_119_0_+disjointig_26_0_22265 6267 11518 22265 -1 -1 5232 0.000385317
Chain
	Aln	342	+51d8c3de-03ef-4907-b4a6-26e41d09bdd2 8 14951 14955 +edge_172_0_+disjointig_82_0_20311 3010 17941 20311 -1 -1 14648 0.00204835
Chain
	Aln	343	-51d8c3de-03ef-4907-b4a6-26e41d09bdd2 3 14946 14955 -edge_172_0_+disjointig_82_0_20311 2369 17300 20311 -1 -1 14648 0.00204835
Chain
	Aln	181	+7939a195-6a5a-4b88-958f-952e20199694 4 5762 5770 -edge_91_0_+disjointig_155_0_6598 829 6590 6598 -1 -1 5595 0.00237787
Chain
	Aln	180	-7939a195-6a5a-4b88-958f-952e20199694 7 5765 5770 +edge_91_0_+disjointig_155_0_6598 7 5768 6598 -1 -1 5595 0.00237787
Chain
	Aln	326	+2ce67f5b-c5be-42f4-8b47-d0f7d2ae0796 30 2094 2105 +edge_164_0_+disjointig_75_0_32040 7893 9957 32040 -1 -1 2064 0
Chain
	Aln	327	-2ce67f5b-c5be-42f4-8b47-d0f7d2ae0796 10 2074 2105 -edge_164_0_+disjointig_75_0_32040 22082 24146 32040 -1 -1 2064 0
Chain
	Aln	335	+4453aa8c-3a66-454b-8656-9529b734f7a6 2 3248 3250 -edge_168_0_+disjointig_79_0_8031 4782 8029 8031 -1 -1 3151 0.00177428
Chain
	Aln	334	-4453aa8c-3a66-454b-8656-9529b734f7a6 1 3247 3250 +edge_168_0_+disjointig_79_0_8031 1 3248 8031 -1 -1 3151 0.00177428
Chain
	Aln	34	+4223e14a-7aa7-40bc-a40c-e06deb145613 8 3310 4801 +edge_18_0_+disjointig_112_0_3569 253 3561 3569 -1 -1 3295 0.00235537
Chain
	Aln	35	-4223e14a-7aa7-40bc-a40c-e06deb145613 1490 4792 4801 -edge_18_0_+disjointig_112_0_3569 7 3315 3569 -1 -1 3295 0.00235537
Chain
	Aln	309	+d346ded8-4d02-4dba-810a-64311bdf0dbc 18 2687 2690 -edge_155_0_+disjointig_63_0_11607 3305 5980 11607 -1 -1 2460 0.00990011
Chain
	Aln	308	-d346ded8-4d02-4dba-810a-64311bdf0dbc 2 2671 2690 +edge_155_0_+disjointig_63_0_11607 5626 8301 11607 -1 -1 2460 0.00990011
Chain
	Aln	363	+1bb2094c-ee7a-420e-9ea6-f6db7b8ee11f 26 2836 2838 -edge_182_0_+disjointig_93_0_5258 2446 5256 5258 -1 -1 2796 0.000861525
Chain
	Aln	362	-1bb2094c-ee7a-420e-9ea6-f6db7b8ee11f 1 2811 2838 +edge_182_0_+disjointig_93_0_5258 1 2811 5258 -1 -1 2796 0.000861525
Chain
	Aln	392	+33e15ef6-6a58-45a1-8ae7-11ef001d5f9d 20 1618 1628 +edge_197_0_+disjointig_34_4542_22930 15703 17302 18388 -1 -1 1593 0.00171125
Chain
	Aln	393	-33e15ef6-6a58-45a1-8ae7-11ef001d5f9d 9 1607 1628 -edge_197_0_+disjointig_34_4542_22930 1085 2684 18388 -1 -1 1593 0.00171125
Chain
	Aln	311	+480a4edb-cb78-4b7c-8247-51da35d348e3 8 11771 11773 -edge_156_0_+disjointig_64_0_16038 4216 16036 16038 -1 -1 10929 0.00410131
Chain
	Aln	310	-480a4edb-cb78-4b7c-8247-51da35d348e3 1 11764 11773 +edge_156_0_+disjointig_64_0_16038 1 11821 16038 -1 -1 10929 0.00410131
Chain
	Aln	395	+122a868b-2782-40f1-b170-cbe7046a73f4 3 598 4331 -edge_198_0_+disjointig_35_1521_5895 3773 4373 4374 -1 -1 561 0.00482775
	Aln	395	+122a868b-2782-40f1-b170-cbe7046a73f4 610 4297 4331 -edge_198_0_+disjointig_35_1521_5895 11 3723 4374 -1 -1 3591 0.00508185
Chain
	Aln	394	-122a868b-2782-40f1-b170-cbe7046a73f4 33 3720 4331 +edge_198_0_+disjointig_35_1521_5895 650 4362 4374 -1 -1 3591 0.00508185
	Aln	394	-122a868b-2782-40f1-b170-cbe7046a73f4 3732 4327 4331 +edge_198_0_+disjointig_35_1521_5895 0 600 4374 -1 -1 561 0.00482775
Chain
	Aln	194	+9b65baa8-4d2f-42e0-90f0-b926e6b8bfb2 208 1905 1923 +edge_98_0_+disjointig_161_0_2486 549 2289 2486 -1 -1 1355 0.019756
Chain
	Aln	195	-9b65baa8-4d2f-42e0-90f0-b926e6b8bfb2 17 1714 1923 -edge_98_0_+disjointig_161_0_2486 196 1936 2486 -1 -1 1355 0.019756
Chain
	Aln	291	+730da125-ad6d-4f09-a5a1-a2c85e1590f9 27 3685 3692 -edge_146_0_+disjointig_55_0_10096 29 3690 10096 -1 -1 3635 0.000927019
Chain
	Aln	290	-730da125-ad6d-4f09-a5a1-a2c85e1590f9 6 3664 3692 +edge_146_0_+disjointig_55_0_10096 6405 10066 10096 -1 -1 3635 0.000927019
Chain
	Aln	346	+bbc45486-4124-4648-8f49-4444add5698b 10 1388 1390 +edge_174_0_+disjointig_84_0_10565 8600 9978 10565 -1 -1 1368 0.000310121
Chain
	Aln	347	-bbc45486-4124-4648-8f49-4444add5698b 1 1379 1390 -edge_174_0_+disjointig_84_0_10565 586 1964 10565 -1 -1 1368 0.000310121
Chain
	Aln	37	+9ddbae00-089c-4673-8151-066c68670881 7 2943 2945 -edge_19_0_+disjointig_113_0_8194 5256 8192 8194 -1 -1 2895 0.00227918
Chain
	Aln	36	-9ddbae00-089c-4673-8151-066c68670881 1 2937 2945 +edge_19_0_+disjointig_113_0_8194 1 2937 8194 -1 -1 2895 0.00227918
Chain
	Aln	380	+ae35363c-8df2-4e53-b977-d96b3bad6643 6 3188 4050 +edge_191_1_-disjointig_17_5860_10739 1689 4870 4879 -1 -1 3109 0.00236585
Chain
	Aln	381	-ae35363c-8df2-4e53-b977-d96b3bad6643 861 4043 4050 -edge_191_1_-disjointig_17_5860_10739 8 3189 4879 -1 -1 3109 0.00236585
Chain
	Aln	391	+5ea680af-ebf5-4855-b3ce-82e7835d67ae 27 2165 2269 -edge_196_0_+disjointig_49_0_33326 21293 23434 33326 -1 -1 2044 0.00285553
Chain
	Aln	390	-5ea680af-ebf5-4855-b3ce-82e7835d67ae 103 2241 2269 +edge_196_0_+disjointig_49_0_33326 9891 12032 33326 -1 -1 2044 0.00285553
Chain
	Aln	392	+b76a0745-18d3-4b36-8960-190a5a819ec4 4 4457 5120 +edge_197_0_+disjointig_34_4542_22930 340 4801 18388 -1 -1 4394 0.00208408
Chain
	Aln	393	-b76a0745-18d3-4b36-8960-190a5a819ec4 662 5115 5120 -edge_197_0_+disjointig_34_4542_22930 13586 18047 18388 -1 -1 4394 0.00208408
Chain
	Aln	36	+7cc61350-a51d-4ec0-89c4-6bde56596491 8 2803 2811 +edge_19_0_+disjointig_113_0_8194 3866 6658 8194 -1 -1 2693 0.00233476
Chain
	Aln	37	-7cc61350-a51d-4ec0-89c4-6bde56596491 7 2802 2811 -edge_19_0_+disjointig_113_0_8194 1535 4327 8194 -1 -1 2693 0.00233476
Chain
	Aln	195	+3e9046a1-a8f6-4108-a4d0-5287c93cdfb7 1 1337 1929 -edge_98_0_+disjointig_161_0_2486 606 1942 2486 -1 -1 1242 0.00771537
Chain
	Aln	194	-3e9046a1-a8f6-4108-a4d0-5287c93cdfb7 591 1927 1929 +edge_98_0_+disjointig_161_0_2486 543 1879 2486 -1 -1 1242 0.00771537
Chain
	Aln	391	+742067a1-22dd-4bfb-ac89-2285f1af5e75 15 1111 1119 -edge_196_0_+disjointig_49_0_33326 21821 22919 33326 -1 -1 1039 0.00547416
Chain
	Aln	390	-742067a1-22dd-4bfb-ac89-2285f1af5e75 7 1103 1119 +edge_196_0_+disjointig_49_0_33326 10406 11504 33326 -1 -1 1039 0.00547416
Chain
	Aln	243	+024572fb-e381-4244-8861-5c5d3ed902ed 10 1373 1377 -edge_122_0_+disjointig_30_0_10881 5524 6888 10881 -1 -1 1362 0
Chain
	Aln	242	-024572fb-e381-4244-8861-5c5d3ed902ed 3 1366 1377 +edge_122_0_+disjointig_30_0_10881 3992 5356 10881 -1 -1 1362 0
Chain
	Aln	349	+9440907d-5b29-4c0b-acdb-9c0d3cc3fc50 1 4276 4285 -edge_175_0_+disjointig_85_0_10783 6492 10774 10783 -1 -1 4225 0.00198522
Chain
	Aln	348	-9440907d-5b29-4c0b-acdb-9c0d3cc3fc50 8 4283 4285 +edge_175_0_+disjointig_85_0_10783 8 4290 10783 -1 -1 4225 0.00198522
Chain
	Aln	219	+df89d196-516d-4978-b637-e284b347fd8b 18 2270 2272 -edge_110_0_+disjointig_2_0_2269 17 2267 2269 -1 -1 2231 0.00363832
Chain
	Aln	218	-df89d196-516d-4978-b637-e284b347fd8b 1 2253 2272 +edge_110_0_+disjointig_2_0_2269 1 2251 2269 -1 -1 2231 0.00363832
Chain
	Aln	364	+3ca12553-c53c-45cc-a853-47daf8650865 7 1586 1591 +edge_183_0_+disjointig_94_0_16253 8282 9861 16253 -1 -1 1579 0.000553673
Chain
	Aln	365	-3ca12553-c53c-45cc-a853-47daf8650865 4 1583 1591 -edge_183_0_+disjointig_94_0_16253 6391 7970 16253 -1 -1 1579 0.000553673
Chain
	Aln	237	+70dfba6c-47d1-452b-8097-700182624619 21 1608 1611 -edge_119_0_+disjointig_26_0_22265 675 2262 22265 -1 -1 1546 0.003183
Chain
	Aln	236	-70dfba6c-47d1-452b-8097-700182624619 2 1589 1611 +edge_119_0_+disjointig_26_0_22265 20002 21589 22265 -1 -1 1546 0.003183
Chain
	Aln	237	+271409f3-2530-40bc-8fe1-79d783b6bdeb 8 2212 2219 -edge_119_0_+disjointig_26_0_22265 15184 17384 22265 -1 -1 2185 0
Chain
	Aln	236	-271409f3-2530-40bc-8fe1-79d783b6bdeb 6 2210 2219 +edge_119_0_+disjointig_26_0_22265 4880 7080 22265 -1 -1 2185 0
Chain
	Aln	195	+787ecb20-7a5c-4030-84ac-4116306a3fce 613 1910 1917 -edge_98_0_+disjointig_161_0_2486 11 1347 2486 -1 -1 891 0.035585
Chain
	Aln	194	-787ecb20-7a5c-4030-84ac-4116306a3fce 6 1303 1917 +edge_98_0_+disjointig_161_0_2486 1138 2474 2486 -1 -1 891 0.035585
Chain
	Aln	293	+7b90b0f2-8ee5-44d2-8d8b-a4f9764696b3 11 3614 3625 -edge_147_0_+disjointig_56_0_7488 3866 7478 7488 -1 -1 3529 0.00463265
Chain
	Aln	292	-7b90b0f2-8ee5-44d2-8d8b-a4f9764696b3 10 3613 3625 +edge_147_0_+disjointig_56_0_7488 9 3621 7488 -1 -1 3529 0.00463265
Chain
	Aln	332	+c26818c8-55f4-4381-8530-bb9f42964e20 2 4871 4873 +edge_167_0_+disjointig_78_0_11904 2 4871 11904 -1 -1 4852 0.0014816
Chain
	Aln	333	-c26818c8-55f4-4381-8530-bb9f42964e20 1 4870 4873 -edge_167_0_+disjointig_78_0_11904 7032 11901 11904 -1 -1 4852 0.0014816
Chain
	Aln	381	+c7869855-e3d6-4fc4-b6f2-6631f824cb31 5 3889 5380 -edge_191_1_-disjointig_17_5860_10739 937 4878 4879 -1 -1 3745 0.00481283
Chain
	Aln	380	-c7869855-e3d6-4fc4-b6f2-6631f824cb31 1490 5374 5380 +edge_191_1_-disjointig_17_5860_10739 0 3941 4879 -1 -1 3745 0.00481283
Chain
	Aln	71	+bfc1fceb-552d-44c6-9223-43361ebd4b0a 105 1714 1950 -edge_36_0_+disjointig_47_9413_11053 24 1632 1640 -1 -1 1598 0
Chain
	Aln	70	-bfc1fceb-552d-44c6-9223-43361ebd4b0a 235 1844 1950 +edge_36_0_+disjointig_47_9413_11053 7 1615 1640 -1 -1 1598 0
Chain
	Aln	358	+2081b50d-ff4e-44eb-aea0-db62feea6d1e 5 29444 29451 +edge_180_0_+disjointig_90_0_36546 7096 36540 36546 -1 -1 29018 0.00146549
Chain
	Aln	359	-2081b50d-ff4e-44eb-aea0-db62feea6d1e 6 29445 29451 -edge_180_0_+disjointig_90_0_36546 5 29449 36546 -1 -1 29018 0.00146549
Chain
	Aln	16	+766e52a4-822a-418a-b3cd-c467a0b96a65 5 4520 4529 +edge_9_0_-disjointig_67_3019_11566 4029 8539 8547 -1 -1 4415 0.00339909
Chain
	Aln	17	-766e52a4-822a-418a-b3cd-c467a0b96a65 8 4523 4529 -edge_9_0_-disjointig_67_3019_11566 7 4517 8547 -1 -1 4415 0.00339909
Chain
	Aln	3	+53ee3e3b-af46-43e9-9c41-af5c04f6fb0d 12 1610 1616 -edge_2_0_+disjointig_10_0_3583 1095 2680 3583 -1 -1 1381 0.0126931
Chain
	Aln	2	-53ee3e3b-af46-43e9-9c41-af5c04f6fb0d 5 1603 1616 +edge_2_0_+disjointig_10_0_3583 902 2487 3583 -1 -1 1381 0.0126931
Chain
	Aln	376	+72254621-f3d9-4579-adb7-106529ccffb6 6 2406 2409 +edge_189_0_+disjointig_121_1900_16114 1485 3889 14214 -1 -1 2357 0.00404991
Chain
	Aln	377	-72254621-f3d9-4579-adb7-106529ccffb6 2 2402 2409 -edge_189_0_+disjointig_121_1900_16114 10324 12728 14214 -1 -1 2357 0.00404991
Chain
	Aln	392	+441953af-a224-4165-a6ca-5a4b2c64ccb7 20 2208 2215 +edge_197_0_+disjointig_34_4542_22930 14114 16304 18388 -1 -1 2152 0.0026137
Chain
	Aln	393	-441953af-a224-4165-a6ca-5a4b2c64ccb7 6 2194 2215 -edge_197_0_+disjointig_34_4542_22930 2083 4273 18388 -1 -1 2152 0.0026137
Chain
	Aln	338	+3cdf4871-f14c-4d6f-81cb-49c26558848d 2 1152 1159 +edge_170_0_+disjointig_80_0_26396 15725 16879 26396 -1 -1 1114 0.00554574
Chain
	Aln	339	-3cdf4871-f14c-4d6f-81cb-49c26558848d 6 1156 1159 -edge_170_0_+disjointig_80_0_26396 9516 10670 26396 -1 -1 1114 0.00554574
Chain
	Aln	339	+513a2b66-5f0f-4e7a-a458-f5e1b672585c 6 1233 1238 -edge_170_0_+disjointig_80_0_26396 9418 10647 26396 -1 -1 1201 0.00449366
Chain
	Aln	338	-513a2b66-5f0f-4e7a-a458-f5e1b672585c 4 1231 1238 +edge_170_0_+disjointig_80_0_26396 15748 16977 26396 -1 -1 1201 0.00449366
Chain
	Aln	34	+ecf4cf38-014d-4a98-8dee-6987a23b105f 8 1675 2066 +edge_18_0_+disjointig_112_0_3569 1894 3561 3569 -1 -1 1629 0.00716733
Chain
	Aln	35	-ecf4cf38-014d-4a98-8dee-6987a23b105f 390 2057 2066 -edge_18_0_+disjointig_112_0_3569 7 1674 3569 -1 -1 1629 0.00716733
Chain
	Aln	393	+36ea2a00-e1b9-40b5-8b77-393b8439acc7 7 1356 1359 -edge_197_0_+disjointig_34_4542_22930 8963 10309 18388 -1 -1 1316 0.00478416
Chain
	Aln	392	-36ea2a00-e1b9-40b5-8b77-393b8439acc7 2 1351 1359 +edge_197_0_+disjointig_34_4542_22930 8078 9424 18388 -1 -1 1316 0.00478416
Chain
	Aln	173	+a98b8953-dc44-4c68-84b7-6888cb5685ab 10 4585 4592 -edge_87_0_+disjointig_151_0_16632 9 4585 16632 -1 -1 4485 0.00143123
Chain
	Aln	172	-a98b8953-dc44-4c68-84b7-6888cb5685ab 6 4581 4592 +edge_87_0_+disjointig_151_0_16632 12046 16622 16632 -1 -1 4485 0.00143123
Chain
	Aln	357	+d9c6dbc9-1d29-49ec-a9bf-a1c485cc9fd5 23 2072 2077 -edge_179_0_+disjointig_89_0_10579 7075 9122 10579 -1 -1 1996 0.00354986
Chain
	Aln	356	-d9c6dbc9-1d29-49ec-a9bf-a1c485cc9fd5 4 2053 2077 +edge_179_0_+disjointig_89_0_10579 1456 3503 10579 -1 -1 1996 0.00354986
Chain
	Aln	118	+77dc3144-3027-40b6-a44c-7a18ca441756 14 4386 4586 +edge_60_0_-disjointig_17_10739_35048 9063 13430 24309 -1 -1 4311 0.00204237
Chain
	Aln	119	-77dc3144-3027-40b6-a44c-7a18ca441756 199 4571 4586 -edge_60_0_-disjointig_17_10739_35048 10878 15245 24309 -1 -1 4311 0.00204237
Chain
	Aln	391	+8ae942e0-b82e-45de-9ac9-2f44cfe0046c 18 4761 4769 -edge_196_0_+disjointig_49_0_33326 21663 26407 33326 -1 -1 4721 0
Chain
	Aln	390	-8ae942e0-b82e-45de-9ac9-2f44cfe0046c 7 4750 4769 +edge_196_0_+disjointig_49_0_33326 6918 11662 33326 -1 -1 4721 0
Chain
	Aln	246	+ec761a7b-b54e-43a2-afd4-65ca30b13c22 560 12558 12569 +edge_124_0_+disjointig_32_0_12014 11 12004 12014 -1 -1 11886 7.33661e-05
Chain
	Aln	247	-ec761a7b-b54e-43a2-afd4-65ca30b13c22 10 12008 12569 -edge_124_0_+disjointig_32_0_12014 9 12002 12014 -1 -1 11886 7.33661e-05
Chain
	Aln	145	+dfacd122-1bd5-4fa3-862b-c8bf4917c8ca 22 2341 2381 -edge_73_0_+disjointig_140_0_2361 18 2324 2361 -1 -1 2165 0.00771298
Chain
	Aln	144	-dfacd122-1bd5-4fa3-862b-c8bf4917c8ca 39 2358 2381 +edge_73_0_+disjointig_140_0_2361 36 2342 2361 -1 -1 2165 0.00771298
Chain
	Aln	362	+3f4a0493-aa5e-463d-a857-61a030c9ef7a 38 4554 4566 +edge_182_0_+disjointig_93_0_5258 733 5247 5258 -1 -1 4481 0.00257879
Chain
	Aln	363	-3f4a0493-aa5e-463d-a857-61a030c9ef7a 11 4527 4566 -edge_182_0_+disjointig_93_0_5258 10 4524 5258 -1 -1 4481 0.00257879
Chain
	Aln	282	+7e1b00f3-1362-454a-9fdd-80c987240f49 3 1047 1050 +edge_142_0_+disjointig_50_0_7518 4834 5878 7518 -1 -1 1028 0.000904733
Chain
	Aln	283	-7e1b00f3-1362-454a-9fdd-80c987240f49 2 1046 1050 -edge_142_0_+disjointig_50_0_7518 1639 2683 7518 -1 -1 1028 0.000904733
Chain
	Aln	390	+d3e5d1c9-7480-4645-b50a-990a3e279a97 18 2532 2540 +edge_196_0_+disjointig_49_0_33326 24730 27241 33326 -1 -1 2465 0.00168428
Chain
	Aln	391	-d3e5d1c9-7480-4645-b50a-990a3e279a97 7 2521 2540 -edge_196_0_+disjointig_49_0_33326 6084 8595 33326 -1 -1 2465 0.00168428
Chain
	Aln	393	+d3c01fb9-165f-4c72-9197-7e9ebd14f280 49 6200 6206 -edge_197_0_+disjointig_34_4542_22930 1947 8129 18388 -1 -1 4281 0.0320163
Chain
	Aln	392	-d3c01fb9-165f-4c72-9197-7e9ebd14f280 5 6156 6206 +edge_197_0_+disjointig_34_4542_22930 10258 16440 18388 -1 -1 4281 0.0320163
Chain
	Aln	104	+b0dc943f-fe62-4251-800c-51d5a7706328 160 2001 2007 +edge_53_0_+disjointig_131_0_2725 2 1840 2725 -1 -1 1788 0.00498773
Chain
	Aln	105	-b0dc943f-fe62-4251-800c-51d5a7706328 5 1846 2007 -edge_53_0_+disjointig_131_0_2725 884 2722 2725 -1 -1 1788 0.00498773
Chain
	Aln	40	+07e2ace1-8c65-44c1-a178-357c74677486 20 1661 2262 +edge_21_0_+disjointig_115_0_3353 1705 3346 3353 -1 -1 1616 0.00138191
Chain
	Aln	41	-07e2ace1-8c65-44c1-a178-357c74677486 600 2241 2262 -edge_21_0_+disjointig_115_0_3353 6 1647 3353 -1 -1 1616 0.00138191
Chain
	Aln	364	+e8512fa6-6f83-4d46-9b35-e42d219d58c2 78 1118 1121 +edge_183_0_+disjointig_94_0_16253 7471 8511 16253 -1 -1 1020 0.00293544
Chain
	Aln	365	-e8512fa6-6f83-4d46-9b35-e42d219d58c2 2 1042 1121 -edge_183_0_+disjointig_94_0_16253 7741 8781 16253 -1 -1 1020 0.00293544
Chain
	Aln	118	+df33115e-1797-46bf-b363-af409d30915f 14 3833 3838 +edge_60_0_-disjointig_17_10739_35048 9291 13111 24309 -1 -1 3800 0.000695477
Chain
	Aln	119	-df33115e-1797-46bf-b363-af409d30915f 4 3823 3838 -edge_60_0_-disjointig_17_10739_35048 11197 15017 24309 -1 -1 3800 0.000695477
Chain
	Aln	331	+c68c4817-7907-49a0-92e2-cd3480d27275 5 9061 9066 -edge_166_0_+disjointig_77_0_10890 4 9073 10890 -1 -1 8970 0
Chain
	Aln	330	-c68c4817-7907-49a0-92e2-cd3480d27275 4 9060 9066 +edge_166_0_+disjointig_77_0_10890 1816 10885 10890 -1 -1 8970 0
Chain
	Aln	23	+1ea122de-e089-4c50-83d8-aff0ccf5f5a3 10 2802 2810 -edge_12_0_+disjointig_106_0_2816 9 2808 2816 -1 -1 2781 0.00133953
Chain
	Aln	22	-1ea122de-e089-4c50-83d8-aff0ccf5f5a3 7 2799 2810 +edge_12_0_+disjointig_106_0_2816 7 2806 2816 -1 -1 2781 0.00133953
Chain
	Aln	382	+7218be9f-5ecc-46a1-873a-67da883fec37 1133 2472 2481 +edge_192_0_+disjointig_137_0_6085 2 1341 6085 -1 -1 1318 0.000305517
Chain
	Aln	383	-7218be9f-5ecc-46a1-873a-67da883fec37 8 1347 2481 -edge_192_0_+disjointig_137_0_6085 4743 6082 6085 -1 -1 1318 0.000305517
Chain
	Aln	395	+6b70b685-7f14-450f-aa15-d4f832b47f75 74 2392 4428 -edge_198_0_+disjointig_35_1521_5895 2057 4373 4374 -1 -1 2296 0.0017623
	Aln	395	+6b70b685-7f14-450f-aa15-d4f832b47f75 2395 4419 4428 -edge_198_0_+disjointig_35_1521_5895 2 2029 4374 -1 -1 2020 0.00308365
Chain
	Aln	394	-6b70b685-7f14-450f-aa15-d4f832b47f75 8 2032 4428 +edge_198_0_+disjointig_35_1521_5895 2344 4371 4374 -1 -1 2020 0.00308365
	Aln	394	-6b70b685-7f14-450f-aa15-d4f832b47f75 2035 4353 4428 +edge_198_0_+disjointig_35_1521_5895 0 2316 4374 -1 -1 2296 0.0017623
Chain
	Aln	119	+8cf1f8e9-6851-40a1-af5f-4b921972460b 7 1665 1670 -edge_60_0_-disjointig_17_10739_35048 12484 14144 24309 -1 -1 1625 0.00065606
Chain
	Aln	118	-8cf1f8e9-6851-40a1-af5f-4b921972460b 4 1662 1670 +edge_60_0_-disjointig_17_10739_35048 10164 11824 24309 -1 -1 1625 0.00065606
Chain
	Aln	392	+e74418bb-b4dc-4b13-b0e9-adbfb546ab62 9 1050 1052 +edge_197_0_+disjointig_34_4542_22930 6391 7430 18388 -1 -1 1023 0.00365292
Chain
	Aln	393	-e74418bb-b4dc-4b13-b0e9-adbfb546ab62 1 1042 1052 -edge_197_0_+disjointig_34_4542_22930 10957 11996 18388 -1 -1 1023 0.00365292
Chain
	Aln	393	+217b7223-b6c1-4cd9-b9cb-43a43851ce64 8 2861 6987 -edge_197_0_+disjointig_34_4542_22930 15534 18387 18388 -1 -1 2828 0.000477294
	Aln	391	+217b7223-b6c1-4cd9-b9cb-43a43851ce64 2875 6984 6987 -edge_196_0_+disjointig_49_0_33326 13 4132 33326 -1 -1 4071 0.00145597
Chain
	Aln	390	-217b7223-b6c1-4cd9-b9cb-43a43851ce64 2 4111 6987 +edge_196_0_+disjointig_49_0_33326 29193 33312 33326 -1 -1 4071 0.00145597
	Aln	392	-217b7223-b6c1-4cd9-b9cb-43a43851ce64 4125 6978 6987 +edge_197_0_+disjointig_34_4542_22930 0 2853 18388 -1 -1 2828 0.000477294
Chain
	Aln	393	+b03eb89e-668c-4ccd-b5e8-4d9337706240 6 1028 1047 -edge_197_0_+disjointig_34_4542_22930 10942 11965 18388 -1 -1 1001 0.00711416
Chain
	Aln	392	-b03eb89e-668c-4ccd-b5e8-4d9337706240 18 1040 1047 +edge_197_0_+disjointig_34_4542_22930 6422 7445 18388 -1 -1 1001 0.00711416
Chain
	Aln	377	+dd5cfef1-1398-462d-beac-6aafd78a620f 6 1144 1149 -edge_189_0_+disjointig_121_1900_16114 1161 2299 14214 -1 -1 1128 0
Chain
	Aln	376	-dd5cfef1-1398-462d-beac-6aafd78a620f 4 1142 1149 +edge_189_0_+disjointig_121_1900_16114 11914 13052 14214 -1 -1 1128 0
Chain
	Aln	367	+a8369429-b442-48cb-baa2-8c4fe52a95c4 9 1309 1394 -edge_184_0_+disjointig_95_0_8884 1868 3167 8884 -1 -1 1289 0.00157116
Chain
	Aln	366	-a8369429-b442-48cb-baa2-8c4fe52a95c4 84 1384 1394 +edge_184_0_+disjointig_95_0_8884 5716 7015 8884 -1 -1 1289 0.00157116
Chain
	Aln	65	+ef4f51b1-2b45-4023-a818-612926b01b80 4011 5465 6009 -edge_33_5_+disjointig_68_4224_5685 6 1460 1461 -1 -1 1442 0.000688491
Chain
	Aln	64	-ef4f51b1-2b45-4023-a818-612926b01b80 543 1997 6009 +edge_33_5_+disjointig_68_4224_5685 0 1454 1461 -1 -1 1442 0.000688491
Chain
	Aln	9	+f4ffef93-1730-4d66-b7c0-2d68c34b7187 14 3887 3890 -edge_5_0_+disjointig_103_0_3895 13 3892 3895 -1 -1 3755 0.00432943
Chain
	Aln	8	-f4ffef93-1730-4d66-b7c0-2d68c34b7187 2 3875 3890 +edge_5_0_+disjointig_103_0_3895 2 3881 3895 -1 -1 3755 0.00432943
Chain
	Aln	262	+b4aa0110-6279-49e4-b8a3-27a3951ab237 1491 2691 2695 +edge_132_0_+disjointig_37_0_12277 1 1201 12277 -1 -1 1200 0
Chain
	Aln	263	-b4aa0110-6279-49e4-b8a3-27a3951ab237 3 1203 2695 -edge_132_0_+disjointig_37_0_12277 11075 12275 12277 -1 -1 1200 0
Chain
	Aln	263	+f12fcbce-9825-4413-925c-b8ed494214fd 8 1222 2699 -edge_132_0_+disjointig_37_0_12277 11060 12276 12277 -1 -1 1206 0
Chain
	Aln	262	-f12fcbce-9825-4413-925c-b8ed494214fd 1476 2690 2699 +edge_132_0_+disjointig_37_0_12277 0 1216 12277 -1 -1 1206 0
Chain
	Aln	245	+10773583-c5bd-4c9a-b391-36811d8cbcfd 14 6235 6237 -edge_123_0_+disjointig_31_0_7100 865 7098 7100 -1 -1 6074 0.00232424
Chain
	Aln	244	-10773583-c5bd-4c9a-b391-36811d8cbcfd 1 6222 6237 +edge_123_0_+disjointig_31_0_7100 1 6234 7100 -1 -1 6074 0.00232424
Chain
	Aln	391	+d4eff2c7-ff18-489e-a7ce-b81bea942d2f 16 1330 1332 -edge_196_0_+disjointig_49_0_33326 20645 21956 33326 -1 -1 1290 0.000181374
Chain
	Aln	390	-d4eff2c7-ff18-489e-a7ce-b81bea942d2f 1 1315 1332 +edge_196_0_+disjointig_49_0_33326 11369 12680 33326 -1 -1 1290 0.000181374
Chain
	Aln	318	+77738cf4-cb00-4ee8-8b10-4a51de9ca338 11 1709 1713 +edge_160_0_+disjointig_70_0_7182 2150 3847 7182 -1 -1 1683 0.00198745
Chain
	Aln	319	-77738cf4-cb00-4ee8-8b10-4a51de9ca338 3 1701 1713 -edge_160_0_+disjointig_70_0_7182 3334 5031 7182 -1 -1 1683 0.00198745
Chain
	Aln	290	+8727bd28-87af-49ae-98d0-c3ebd2401d08 7 1490 1562 +edge_146_0_+disjointig_55_0_10096 8604 10087 10096 -1 -1 1424 0.00462976
Chain
	Aln	291	-8727bd28-87af-49ae-98d0-c3ebd2401d08 71 1554 1562 -edge_146_0_+disjointig_55_0_10096 8 1491 10096 -1 -1 1424 0.00462976
Chain
	Aln	224	+534a2082-740c-4d86-a3f6-f837a21abdad 11 3109 3117 +edge_113_0_+disjointig_9_3615_16265 7135 10233 12650 -1 -1 3080 0.000898608
Chain
	Aln	225	-534a2082-740c-4d86-a3f6-f837a21abdad 7 3105 3117 -edge_113_0_+disjointig_9_3615_16265 2416 5514 12650 -1 -1 3080 0.000898608
Chain
	Aln	287	+a9a31b4e-3a95-4c9f-af1e-f89772b73a0c 20 3984 3994 -edge_144_0_+disjointig_53_0_13603 9628 13593 13603 -1 -1 3903 0.000689288
Chain
	Aln	286	-a9a31b4e-3a95-4c9f-af1e-f89772b73a0c 9 3973 3994 +edge_144_0_+disjointig_53_0_13603 9 3974 13603 -1 -1 3903 0.000689288
Chain
	Aln	185	+f75c08b2-5e0d-466d-ba45-ff163ac81322 5 3393 3395 -edge_93_0_+disjointig_157_0_5884 2499 5882 5884 -1 -1 3299 0.00437805
Chain
	Aln	184	-f75c08b2-5e0d-466d-ba45-ff163ac81322 1 3389 3395 +edge_93_0_+disjointig_157_0_5884 1 3384 5884 -1 -1 3299 0.00437805
Chain
	Aln	327	+0f0d8745-e6d6-41d5-9114-dbfa691250bc 24 5905 5914 -edge_164_0_+disjointig_75_0_32040 20218 26109 32040 -1 -1 5280 0.0118736
Chain
	Aln	326	-0f0d8745-e6d6-41d5-9114-dbfa691250bc 8 5889 5914 +edge_164_0_+disjointig_75_0_32040 5930 11821 32040 -1 -1 5280 0.0118736
Chain
	Aln	392	+f7639484-e51a-46f3-a026-12f20d5e2963 43 1664 1667 +edge_197_0_+disjointig_34_4542_22930 957 2581 18388 -1 -1 1506 0.00997241
Chain
	Aln	393	-f7639484-e51a-46f3-a026-12f20d5e2963 2 1623 1667 -edge_197_0_+disjointig_34_4542_22930 15806 17430 18388 -1 -1 1506 0.00997241
Chain
	Aln	158	+1aa90003-49bd-4d93-af1a-fd8ab99bce46 17 1703 1708 +edge_80_0_+disjointig_145_0_4601 1897 3581 4601 -1 -1 1660 0.00157026
Chain
	Aln	159	-1aa90003-49bd-4d93-af1a-fd8ab99bce46 4 1690 1708 -edge_80_0_+disjointig_145_0_4601 1019 2703 4601 -1 -1 1660 0.00157026
Chain
	Aln	159	+c86cb992-3b95-49fc-9d68-afe954d16a4e 1009 3386 3403 -edge_80_0_+disjointig_145_0_4601 19 2444 4601 -1 -1 2192 0.00996378
Chain
	Aln	158	-c86cb992-3b95-49fc-9d68-afe954d16a4e 16 2393 3403 +edge_80_0_+disjointig_145_0_4601 2156 4581 4601 -1 -1 2192 0.00996378
Chain
	Aln	329	+ef6a5b96-9238-4a8e-9a99-976af2d6154e 31 1128 1225 -edge_165_0_+disjointig_76_0_14078 945 2042 14078 -1 -1 1078 0.00542057
Chain
	Aln	328	-ef6a5b96-9238-4a8e-9a99-976af2d6154e 96 1193 1225 +edge_165_0_+disjointig_76_0_14078 12035 13132 14078 -1 -1 1078 0.00542057
Chain
	Aln	178	+504b729f-77b7-4350-ba10-dfa9f8a762d6 76 1399 1406 +edge_90_0_+disjointig_154_0_8307 1 1324 8307 -1 -1 1318 0.00033522
Chain
	Aln	179	-504b729f-77b7-4350-ba10-dfa9f8a762d6 6 1329 1406 -edge_90_0_+disjointig_154_0_8307 6982 8305 8307 -1 -1 1318 0.00033522
Chain
	Aln	27	+3e74d57b-693e-4fd0-a660-955d9f9c7dd4 13 2700 2704 -edge_14_0_+disjointig_108_0_10056 12 2698 10056 -1 -1 2622 0.00454384
Chain
	Aln	26	-3e74d57b-693e-4fd0-a660-955d9f9c7dd4 3 2690 2704 +edge_14_0_+disjointig_108_0_10056 7357 10043 10056 -1 -1 2622 0.00454384
Chain
	Aln	53	+42005d30-5eb7-428e-ae4a-a6093c86e3da 17 9609 10327 -edge_27_0_+disjointig_120_0_9610 16 9609 9610 -1 -1 9505 0.000942521
Chain
	Aln	52	-42005d30-5eb7-428e-ae4a-a6093c86e3da 717 10309 10327 +edge_27_0_+disjointig_120_0_9610 0 9593 9610 -1 -1 9505 0.000942521
Chain
	Aln	304	+aa98ce47-9703-4093-91ad-d8f5d5447a98 6 1233 1235 +edge_153_0_+disjointig_61_0_12819 11035 12262 12819 -1 -1 1227 0
Chain
	Aln	305	-aa98ce47-9703-4093-91ad-d8f5d5447a98 1 1228 1235 -edge_153_0_+disjointig_61_0_12819 556 1783 12819 -1 -1 1227 0
Chain
	Aln	390	+8a7122b2-6ba4-45e8-90d3-e24e61c8bb03 23 1663 1673 +edge_196_0_+disjointig_49_0_33326 27842 29476 33326 -1 -1 1543 0.0100766
Chain
	Aln	391	-8a7122b2-6ba4-45e8-90d3-e24e61c8bb03 9 1649 1673 -edge_196_0_+disjointig_49_0_33326 3849 5483 33326 -1 -1 1543 0.0100766
Chain
	Aln	339	+5611abd9-84dd-4c64-af6f-2b7912f0ddc3 13 2315 2317 -edge_170_0_+disjointig_80_0_26396 6749 9050 26396 -1 -1 2273 0.00106652
Chain
	Aln	338	-5611abd9-84dd-4c64-af6f-2b7912f0ddc3 1 2303 2317 +edge_170_0_+disjointig_80_0_26396 17345 19646 26396 -1 -1 2273 0.00106652
Chain
	Aln	395	+c446f029-726e-4400-85b0-05a4edb3f742 2 3974 4357 -edge_198_0_+disjointig_35_1521_5895 400 4373 4374 -1 -1 3878 0.00274773
Chain
	Aln	394	-c446f029-726e-4400-85b0-05a4edb3f742 382 4354 4357 +edge_198_0_+disjointig_35_1521_5895 0 3973 4374 -1 -1 3878 0.00274773
Chain
	Aln	297	+4f84c5ec-12c5-4413-89f3-fa0e8dbd42a4 2 1223 1581 -edge_149_0_+disjointig_58_0_12320 10573 11793 12320 -1 -1 1199 0.0046834
Chain
	Aln	296	-4f84c5ec-12c5-4413-89f3-fa0e8dbd42a4 357 1578 1581 +edge_149_0_+disjointig_58_0_12320 526 1746 12320 -1 -1 1199 0.0046834
Chain
	Aln	194	+665f8221-296e-4947-9e09-1f4ab6213ee0 42 1425 1442 +edge_98_0_+disjointig_161_0_2486 549 1936 2486 -1 -1 1251 0.00881955
Chain
	Aln	195	-665f8221-296e-4947-9e09-1f4ab6213ee0 16 1399 1442 -edge_98_0_+disjointig_161_0_2486 549 1936 2486 -1 -1 1251 0.00881955
Chain
	Aln	219	+ea27587c-f6ce-4571-b5d1-cdbe7f5c8ebe 6 1564 3056 -edge_110_0_+disjointig_2_0_2269 708 2268 2269 -1 -1 1547 0.0041529
Chain
	Aln	218	-ea27587c-f6ce-4571-b5d1-cdbe7f5c8ebe 1491 3049 3056 +edge_110_0_+disjointig_2_0_2269 0 1560 2269 -1 -1 1547 0.0041529
Chain
	Aln	195	+7159528e-d61a-4c01-97d4-5e8c4cd48649 34 1406 1440 -edge_98_0_+disjointig_161_0_2486 549 1918 2486 -1 -1 1280 0.00656822
Chain
	Aln	194	-7159528e-d61a-4c01-97d4-5e8c4cd48649 33 1405 1440 +edge_98_0_+disjointig_161_0_2486 567 1936 2486 -1 -1 1280 0.00656822
Chain
	Aln	393	+2edb5047-458c-40f1-9052-7d3c9b05fa26 34 4414 7751 -edge_197_0_+disjointig_34_4542_22930 14006 18387 18388 -1 -1 4353 0.00132245
	Aln	391	+2edb5047-458c-40f1-9052-7d3c9b05fa26 4428 7728 7751 -edge_196_0_+disjointig_49_0_33326 13 3319 33326 -1 -1 3220 0.00356041
Chain
	Aln	390	-2edb5047-458c-40f1-9052-7d3c9b05fa26 22 3322 7751 +edge_196_0_+disjointig_49_0_33326 30006 33312 33326 -1 -1 3220 0.00356041
	Aln	392	-2edb5047-458c-40f1-9052-7d3c9b05fa26 3336 7716 7751 +edge_197_0_+disjointig_34_4542_22930 0 4381 18388 -1 -1 4353 0.00132245
Chain
	Aln	293	+fe8e4b32-880f-400d-a7a6-d78bfe53793c 5 1307 1310 -edge_147_0_+disjointig_56_0_7488 1160 2462 7488 -1 -1 1222 0.00731947
Chain
	Aln	292	-fe8e4b32-880f-400d-a7a6-d78bfe53793c 2 1304 1310 +edge_147_0_+disjointig_56_0_7488 5025 6327 7488 -1 -1 1222 0.00731947
Chain
	Aln	105	+89778236-fe69-4784-9ada-a85c774ec351 7 2723 2726 -edge_53_0_+disjointig_131_0_2725 6 2722 2725 -1 -1 2694 0.00199488
Chain
	Aln	104	-89778236-fe69-4784-9ada-a85c774ec351 2 2718 2726 +edge_53_0_+disjointig_131_0_2725 2 2718 2725 -1 -1 2694 0.00199488
Chain
	Aln	104	+8bec5615-8af1-43fb-b56e-84a3f701ce3b 22 2718 2722 +edge_53_0_+disjointig_131_0_2725 2 2702 2725 -1 -1 2662 0.00289894
Chain
	Aln	105	-8bec5615-8af1-43fb-b56e-84a3f701ce3b 3 2699 2722 -edge_53_0_+disjointig_131_0_2725 22 2722 2725 -1 -1 2662 0.00289894
Chain
	Aln	380	+4933dc79-602f-4f7b-a1be-740a8c0d3bf7 41 1224 1243 +edge_191_1_-disjointig_17_5860_10739 939 2124 4879 -1 -1 1141 0.00321203
Chain
	Aln	381	-4933dc79-602f-4f7b-a1be-740a8c0d3bf7 18 1201 1243 -edge_191_1_-disjointig_17_5860_10739 2754 3939 4879 -1 -1 1141 0.00321203
Chain
	Aln	391	+7745dcc2-6584-4faf-9500-757673f1d910 17 1282 1306 -edge_196_0_+disjointig_49_0_33326 3229 4494 33326 -1 -1 1265 0.00100231
Chain
	Aln	390	-7745dcc2-6584-4faf-9500-757673f1d910 23 1288 1306 +edge_196_0_+disjointig_49_0_33326 28831 30096 33326 -1 -1 1265 0.00100231
Chain
	Aln	352	+c9377d2d-6d57-47a0-9654-9cb87a2d8e22 28 1348 1358 +edge_177_0_+disjointig_87_0_7618 3084 4392 7618 -1 -1 997 0.0246737
Chain
	Aln	353	-c9377d2d-6d57-47a0-9654-9cb87a2d8e22 9 1329 1358 -edge_177_0_+disjointig_87_0_7618 3225 4533 7618 -1 -1 997 0.0246737
Chain
	Aln	149	+3dd0bb79-b722-4b1b-b0f2-854c9ec3ce92 14 1195 1200 -edge_75_0_+disjointig_142_0_5582 1396 2579 5582 -1 -1 1169 0.0028236
Chain
	Aln	148	-3dd0bb79-b722-4b1b-b0f2-854c9ec3ce92 4 1185 1200 +edge_75_0_+disjointig_142_0_5582 3002 4185 5582 -1 -1 1169 0.0028236
Chain
	Aln	88	+fb1c858e-7964-4010-9207-290c60a3e936 7 1066 1075 +edge_45_0_+disjointig_124_0_6829 5608 6665 6829 -1 -1 1034 0.0036727
Chain
	Aln	89	-fb1c858e-7964-4010-9207-290c60a3e936 8 1067 1075 -edge_45_0_+disjointig_124_0_6829 163 1220 6829 -1 -1 1034 0.0036727
Chain
	Aln	89	+9a6e211d-56ed-4add-be46-845505c4225a 5 1064 1069 -edge_45_0_+disjointig_124_0_6829 140 1202 6829 -1 -1 1047 0.00191029
Chain
	Aln	88	-9a6e211d-56ed-4add-be46-845505c4225a 4 1063 1069 +edge_45_0_+disjointig_124_0_6829 5626 6688 6829 -1 -1 1047 0.00191029
Chain
	Aln	14	+1792a9f9-600e-4fb7-8ab7-f70cd1d28ce5 1863 3574 4453 +edge_8_1_+disjointig_67_8547_10272 6 1719 1725 -1 -1 1690 0.00191361
Chain
	Aln	15	-1792a9f9-600e-4fb7-8ab7-f70cd1d28ce5 878 2589 4453 -edge_8_1_+disjointig_67_8547_10272 5 1718 1725 -1 -1 1690 0.00191361
Chain
	Aln	326	+110bda4b-3a2a-4d16-85c4-7b97c1a5a8f7 27 5069 5077 +edge_164_0_+disjointig_75_0_32040 25669 30706 32040 -1 -1 5000 0.000858083
Chain
	Aln	327	-110bda4b-3a2a-4d16-85c4-7b97c1a5a8f7 7 5049 5077 -edge_164_0_+disjointig_75_0_32040 1333 6370 32040 -1 -1 5000 0.000858083
Chain
	Aln	324	+f8aad781-89c9-49ef-9aa7-764d0ef616d1 12 4215 4227 +edge_163_0_+disjointig_74_0_17682 13469 17671 17682 -1 -1 4064 0.00222892
Chain
	Aln	325	-f8aad781-89c9-49ef-9aa7-764d0ef616d1 11 4214 4227 -edge_163_0_+disjointig_74_0_17682 10 4212 17682 -1 -1 4064 0.00222892
Chain
	Aln	50	+57039d73-cc95-4636-bf42-d3b0aad37a0a 12 7199 7202 +edge_26_0_+disjointig_12_0_77894 56113 63300 77894 -1 -1 7169 0
Chain
	Aln	51	-57039d73-cc95-4636-bf42-d3b0aad37a0a 2 7189 7202 -edge_26_0_+disjointig_12_0_77894 14593 21780 77894 -1 -1 7169 0
Chain
	Aln	391	+2f8cca09-3525-4a18-b30a-414234f34e9e 10 5404 5411 -edge_196_0_+disjointig_49_0_33326 13338 18731 33326 -1 -1 5162 0.00251813
Chain
	Aln	390	-2f8cca09-3525-4a18-b30a-414234f34e9e 6 5400 5411 +edge_196_0_+disjointig_49_0_33326 14594 19987 33326 -1 -1 5162 0.00251813
Chain
	Aln	281	+b1437701-d789-4e0d-8b09-050340483f75 244 2086 2089 -edge_141_0_+disjointig_5_0_2527 13 1855 2527 -1 -1 1836 0
Chain
	Aln	280	-b1437701-d789-4e0d-8b09-050340483f75 2 1844 2089 +edge_141_0_+disjointig_5_0_2527 671 2513 2527 -1 -1 1836 0
Chain
	Aln	118	+56e9d8bd-c2f1-4293-a665-ea1c427f6e47 49 15151 15153 +edge_60_0_-disjointig_17_10739_35048 4376 19480 24309 -1 -1 14726 0.00272382
Chain
	Aln	119	-56e9d8bd-c2f1-4293-a665-ea1c427f6e47 1 15103 15153 -edge_60_0_-disjointig_17_10739_35048 4828 19932 24309 -1 -1 14726 0.00272382
Chain
	Aln	265	+43448a0a-3e5e-4e29-abc3-27783132b326 9 2636 2641 -edge_133_0_+disjointig_38_0_2630 8 2625 2630 -1 -1 2524 0.00256545
Chain
	Aln	264	-43448a0a-3e5e-4e29-abc3-27783132b326 4 2631 2641 +edge_133_0_+disjointig_38_0_2630 4 2621 2630 -1 -1 2524 0.00256545
Chain
	Aln	264	+68ac62d1-6f39-4366-ba0a-e67ea30f4c4d 655 3258 3261 +edge_133_0_+disjointig_38_0_2630 4 2607 2630 -1 -1 2567 0.000242909
Chain
	Aln	306	+68ac62d1-6f39-4366-ba0a-e67ea30f4c4d 9 1010 3261 +edge_154_0_+disjointig_62_0_18991 17988 18989 18991 -1 -1 991 0
Chain
	Aln	265	-68ac62d1-6f39-4366-ba0a-e67ea30f4c4d 2 2605 3261 -edge_133_0_+disjointig_38_0_2630 22 2625 2630 -1 -1 2567 0.000242909
Chain
	Aln	307	-68ac62d1-6f39-4366-ba0a-e67ea30f4c4d 2250 3251 3261 -edge_154_0_+disjointig_62_0_18991 1 1002 18991 -1 -1 991 0
Chain
	Aln	292	+122bf02a-a44d-468a-987b-b63ef31cc2ed 786 8216 8223 +edge_147_0_+disjointig_56_0_7488 1 7482 7488 -1 -1 7059 0.00668898
Chain
	Aln	293	-122bf02a-a44d-468a-987b-b63ef31cc2ed 6 7436 8223 -edge_147_0_+disjointig_56_0_7488 5 7486 7488 -1 -1 7059 0.00668898
Chain
	Aln	171	+f1d58a02-ba13-4c91-9063-2df66cb19b3e 78 6989 6996 -edge_86_0_+disjointig_150_0_18227 1632 8543 18227 -1 -1 6865 0.00115705
Chain
	Aln	170	-f1d58a02-ba13-4c91-9063-2df66cb19b3e 6 6917 6996 +edge_86_0_+disjointig_150_0_18227 9683 16594 18227 -1 -1 6865 0.00115705
Chain
	Aln	173	+1a40cb4a-1d41-4aa2-82df-ccea70a5c07f 22 8333 8335 -edge_87_0_+disjointig_151_0_16632 6482 14805 16632 -1 -1 7678 0.00668735
Chain
	Aln	172	-1a40cb4a-1d41-4aa2-82df-ccea70a5c07f 1 8312 8335 +edge_87_0_+disjointig_151_0_16632 1826 10149 16632 -1 -1 7678 0.00668735
Chain
	Aln	328	+20e28027-fabb-4484-b059-bbc5465ea3d1 7800 21880 21890 +edge_165_0_+disjointig_76_0_14078 6 14069 14078 -1 -1 13513 0.00394865
Chain
	Aln	329	-20e28027-fabb-4484-b059-bbc5465ea3d1 9 14089 21890 -edge_165_0_+disjointig_76_0_14078 8 14071 14078 -1 -1 13513 0.00394865
Chain
	Aln	391	+9300f4b5-fe75-441d-981d-2cc3f2a8a627 9 4621 5163 -edge_196_0_+disjointig_49_0_33326 3646 8259 33326 -1 -1 4533 0.00330469
Chain
	Aln	390	-9300f4b5-fe75-441d-981d-2cc3f2a8a627 541 5153 5163 +edge_196_0_+disjointig_49_0_33326 25066 29679 33326 -1 -1 4533 0.00330469
Chain
	Aln	375	+b45e8966-746d-44bd-b8bf-987d20c83e8d 9 2563 2565 -edge_188_0_+disjointig_99_0_9366 6811 9365 9366 -1 -1 2549 0.00409531
Chain
	Aln	374	-b45e8966-746d-44bd-b8bf-987d20c83e8d 1 2555 2565 +edge_188_0_+disjointig_99_0_9366 0 2554 9366 -1 -1 2549 0.00409531
Chain
	Aln	267	+4e82f894-d553-48c3-ac84-08680ccb4dd7 16 2890 2892 -edge_134_0_+disjointig_39_0_5128 2252 5127 5128 -1 -1 2861 0.00917917
Chain
	Aln	266	-4e82f894-d553-48c3-ac84-08680ccb4dd7 1 2875 2892 +edge_134_0_+disjointig_39_0_5128 0 2875 5128 -1 -1 2861 0.00917917
Chain
	Aln	65	+2a786b03-4d76-4f7a-9fd0-045d16201eae 2943 4397 6431 -edge_33_5_+disjointig_68_4224_5685 6 1460 1461 -1 -1 1444 0.000915173
Chain
	Aln	64	-2a786b03-4d76-4f7a-9fd0-045d16201eae 2033 3487 6431 +edge_33_5_+disjointig_68_4224_5685 0 1454 1461 -1 -1 1444 0.000915173
Chain
	Aln	382	+049dae94-861d-4f73-b87c-30e638d29a82 5 1707 3106 +edge_192_0_+disjointig_137_0_6085 4383 6077 6085 -1 -1 1628 0.00838959
Chain
	Aln	383	-049dae94-861d-4f73-b87c-30e638d29a82 1398 3100 3106 -edge_192_0_+disjointig_137_0_6085 7 1701 6085 -1 -1 1628 0.00838959
Chain
	Aln	383	+bdc59db3-0e3f-4c61-b14a-11647aad504b 4113 5722 5736 -edge_192_0_+disjointig_137_0_6085 14 1629 6085 -1 -1 1550 0.00754862
Chain
	Aln	382	-bdc59db3-0e3f-4c61-b14a-11647aad504b 13 1622 5736 +edge_192_0_+disjointig_137_0_6085 4455 6070 6085 -1 -1 1550 0.00754862
Chain
	Aln	222	+af00cc02-656f-4622-9e35-07d141acc559 613 1870 2204 +edge_112_1_-disjointig_9_12650_13919 7 1260 1269 -1 -1 1208 0.00553392
Chain
	Aln	223	-af00cc02-656f-4622-9e35-07d141acc559 333 1590 2204 -edge_112_1_-disjointig_9_12650_13919 8 1261 1269 -1 -1 1208 0.00553392
Chain
	Aln	223	+e9c31639-74c9-4f94-b801-046694fef78f 367 1608 2199 -edge_112_1_-disjointig_9_12650_13919 17 1268 1269 -1 -1 1218 0.0016696
Chain
	Aln	222	-e9c31639-74c9-4f94-b801-046694fef78f 590 1831 2199 +edge_112_1_-disjointig_9_12650_13919 0 1251 1269 -1 -1 1218 0.0016696
Chain
	Aln	380	+0d9cd81b-c546-438f-bdf6-5489a66088eb 12 1313 4953 +edge_191_0_+disjointig_132_3728_8623 3585 4887 4895 -1 -1 1281 0.00191903
Chain
	Aln	381	-0d9cd81b-c546-438f-bdf6-5489a66088eb 3639 4940 4953 -edge_191_0_+disjointig_132_3728_8623 7 1309 4895 -1 -1 1281 0.00191903
Chain
	Aln	383	+856936e9-760c-431b-a055-a8ea634430dc 2793 5083 5087 -edge_192_0_+disjointig_137_0_6085 14 2298 6085 -1 -1 2245 0.00524019
Chain
	Aln	382	-856936e9-760c-431b-a055-a8ea634430dc 3 2293 5087 +edge_192_0_+disjointig_137_0_6085 3786 6070 6085 -1 -1 2245 0.00524019
Chain
	Aln	380	+152a6011-5e0b-4256-bd1e-452db23a77cf 8 2123 3048 +edge_191_2_-disjointig_28_11270_16365 2972 5086 5095 -1 -1 2105 0.00134509
Chain
	Aln	381	-152a6011-5e0b-4256-bd1e-452db23a77cf 924 3039 3048 -edge_191_2_-disjointig_28_11270_16365 8 2122 5095 -1 -1 2105 0.00134509
Chain
	Aln	223	+b6729d72-a691-42c4-8bd0-ace5914c03dd 11 1074 11319 -edge_112_1_-disjointig_9_12650_13919 173 1236 1269 -1 -1 1060 0
Chain
	Aln	222	-b6729d72-a691-42c4-8bd0-ace5914c03dd 10244 11307 11319 +edge_112_1_-disjointig_9_12650_13919 32 1095 1269 -1 -1 1060 0
Chain
	Aln	382	+35928d7c-46ac-4677-87d0-14a432f6e074 5 4916 5933 +edge_192_0_+disjointig_137_0_6085 1168 6077 6085 -1 -1 4906 0.00164543
Chain
	Aln	383	-35928d7c-46ac-4677-87d0-14a432f6e074 1016 5927 5933 -edge_192_0_+disjointig_137_0_6085 7 4916 6085 -1 -1 4906 0.00164543
Chain
	Aln	222	+136865e2-3fdb-41e2-abd7-6a10ba59460c 13 707 3061 +edge_112_1_-disjointig_9_12650_13919 563 1260 1269 -1 -1 669 0.00390666
Chain
	Aln	223	-136865e2-3fdb-41e2-abd7-6a10ba59460c 2353 3047 3061 -edge_112_1_-disjointig_9_12650_13919 8 705 1269 -1 -1 669 0.00390666
Chain
	Aln	65	+e8452d44-e4d2-49d0-a419-e57c74b66d33 5569 7023 22609 -edge_33_5_+disjointig_68_4224_5685 6 1460 1461 -1 -1 1451 0
Chain
	Aln	64	-e8452d44-e4d2-49d0-a419-e57c74b66d33 15585 17039 22609 +edge_33_5_+disjointig_68_4224_5685 0 1454 1461 -1 -1 1451 0
Chain
	Aln	377	+6713057e-51dc-4134-adf7-73558939c342 23 6161 13012 -edge_189_0_+disjointig_121_1900_16114 7885 14155 14214 -1 -1 5539 0.00969585
Chain
	Aln	376	-6713057e-51dc-4134-adf7-73558939c342 6850 12988 13012 +edge_189_0_+disjointig_121_1900_16114 58 6328 14214 -1 -1 5539 0.00969585
Chain
	Aln	380	+29c83598-426c-451b-be83-e3b08e1393ad 671 2477 2480 +edge_191_1_-disjointig_17_5860_10739 7 1813 4879 -1 -1 1797 0.00141123
Chain
	Aln	381	-29c83598-426c-451b-be83-e3b08e1393ad 2 1808 2480 -edge_191_1_-disjointig_17_5860_10739 3065 4871 4879 -1 -1 1797 0.00141123
Chain
	Aln	65	+e2b1b95f-1f37-448d-a155-87081c8552ae 34 698 2744 -edge_33_1_+disjointig_130_18499_19960 793 1460 1461 -1 -1 647 0.00334729
Chain
	Aln	64	-e2b1b95f-1f37-448d-a155-87081c8552ae 2045 2709 2744 +edge_33_1_+disjointig_130_18499_19960 0 667 1461 -1 -1 647 0.00334729
Chain
	Aln	65	+a7e4405a-c2d0-4123-8769-3b34b37f76a2 5244 6698 7171 -edge_33_4_+disjointig_51_2034_3495 6 1460 1461 -1 -1 1445 1.36374e-05
Chain
	Aln	64	-a7e4405a-c2d0-4123-8769-3b34b37f76a2 472 1926 7171 +edge_33_4_+disjointig_51_2034_3495 0 1454 1461 -1 -1 1445 1.36374e-05
Chain
	Aln	380	+ffaa4cd6-05a8-47bf-9c7c-40a38ff417a7 6 3070 3778 +edge_191_2_-disjointig_28_11270_16365 2022 5086 5095 -1 -1 3011 0.00297578
Chain
	Aln	381	-ffaa4cd6-05a8-47bf-9c7c-40a38ff417a7 707 3771 3778 -edge_191_2_-disjointig_28_11270_16365 8 3072 5095 -1 -1 3011 0.00297578
Chain
	Aln	381	+ba6316f8-f218-40b3-9f9d-6e2dc4e7f45a 25 2139 7905 -edge_191_1_-disjointig_17_5860_10739 2767 4878 4879 -1 -1 2053 0.00405375
Chain
	Aln	380	-ba6316f8-f218-40b3-9f9d-6e2dc4e7f45a 5765 7879 7905 +edge_191_1_-disjointig_17_5860_10739 0 2111 4879 -1 -1 2053 0.00405375
Chain
	Aln	381	+7660732f-9b6c-4b3c-a798-6f1d1d191e7f 1307 6184 8021 -edge_191_1_-disjointig_17_5860_10739 13 4878 4879 -1 -1 4601 0.00680242
Chain
	Aln	380	-7660732f-9b6c-4b3c-a798-6f1d1d191e7f 1836 6713 8021 +edge_191_1_-disjointig_17_5860_10739 0 4865 4879 -1 -1 4601 0.00680242
Chain
	Aln	64	+43389368-4a7d-415b-bae9-af06314713d8 112 1565 9526 +edge_33_3_-disjointig_47_1640_3095 1 1449 1455 -1 -1 1398 0.00390391
Chain
	Aln	378	+43389368-4a7d-415b-bae9-af06314713d8 1582 9524 9526 +edge_190_0_+disjointig_130_19960_30443 2 7942 10483 -1 -1 7867 0.00102766
Chain
	Aln	379	-43389368-4a7d-415b-bae9-af06314713d8 1 7943 9526 -edge_190_0_+disjointig_130_19960_30443 2540 10480 10483 -1 -1 7867 0.00102766
Chain
	Aln	65	-43389368-4a7d-415b-bae9-af06314713d8 7960 9413 9526 -edge_33_3_-disjointig_47_1640_3095 5 1453 1455 -1 -1 1398 0.00390391
Chain
	Aln	15	+54cb06f8-8ac1-4a82-83c3-5da6445e4f1c 11 1131 6200 -edge_8_1_+disjointig_67_8547_10272 604 1724 1725 -1 -1 1106 0
Chain
	Aln	16	+54cb06f8-8ac1-4a82-83c3-5da6445e4f1c 1145 6198 6200 +edge_9_0_-disjointig_67_3019_11566 13 5064 8547 -1 -1 5025 0.000594991
Chain
	Aln	17	-54cb06f8-8ac1-4a82-83c3-5da6445e4f1c 1 5054 6200 -edge_9_0_-disjointig_67_3019_11566 3482 8533 8547 -1 -1 5025 0.000594991
Chain
	Aln	14	-54cb06f8-8ac1-4a82-83c3-5da6445e4f1c 5068 6188 6200 +edge_8_1_+disjointig_67_8547_10272 0 1120 1725 -1 -1 1106 0
Chain
	Aln	381	+c8b8cd00-2734-4966-b228-66f7f9678839 417 5498 8029 -edge_191_2_-disjointig_28_11270_16365 13 5094 5095 -1 -1 5048 0.00150796
Chain
	Aln	112	+c8b8cd00-2734-4966-b228-66f7f9678839 5500 7998 8029 +edge_57_0_+disjointig_28_8606_19876 2 2500 11270 -1 -1 2468 0.00157549
Chain
	Aln	113	-c8b8cd00-2734-4966-b228-66f7f9678839 30 2528 8029 -edge_57_0_+disjointig_28_8606_19876 8769 11267 11270 -1 -1 2468 0.00157549
Chain
	Aln	380	-c8b8cd00-2734-4966-b228-66f7f9678839 2530 7611 8029 +edge_191_2_-disjointig_28_11270_16365 0 5081 5095 -1 -1 5048 0.00150796
Chain
	Aln	381	+e95e05a8-b706-455b-b5dc-8af196cbed9c 6 867 4601 -edge_191_0_+disjointig_132_3728_8623 4033 4894 4895 -1 -1 861 0.000673775
Chain
	Aln	107	+e95e05a8-b706-455b-b5dc-8af196cbed9c 884 4598 4601 -edge_54_0_+disjointig_132_0_3728 16 3725 3728 -1 -1 3658 0.00123366
Chain
	Aln	106	-e95e05a8-b706-455b-b5dc-8af196cbed9c 2 3716 4601 +edge_54_0_+disjointig_132_0_3728 2 3711 3728 -1 -1 3658 0.00123366
Chain
	Aln	380	-e95e05a8-b706-455b-b5dc-8af196cbed9c 3733 4594 4601 +edge_191_0_+disjointig_132_3728_8623 0 861 4895 -1 -1 861 0.000673775
Chain
	Aln	65	+59152c15-e387-4052-8c70-903e3dbf7e6a 1030 2482 4449 -edge_33_5_+disjointig_68_4224_5685 6 1460 1461 -1 -1 1435 0.000915173
Chain
	Aln	70	+59152c15-e387-4052-8c70-903e3dbf7e6a 2484 4102 4449 +edge_36_0_+disjointig_47_9413_11053 1 1619 1640 -1 -1 1618 0
Chain
	Aln	71	-59152c15-e387-4052-8c70-903e3dbf7e6a 346 1964 4449 -edge_36_0_+disjointig_47_9413_11053 20 1638 1640 -1 -1 1618 0
Chain
	Aln	64	-59152c15-e387-4052-8c70-903e3dbf7e6a 1966 3418 4449 +edge_33_5_+disjointig_68_4224_5685 0 1454 1461 -1 -1 1435 0.000915173
Chain
	Aln	381	+2de4f074-765c-4050-a40a-b8cb967c1670 4 1814 13087 -edge_191_2_-disjointig_28_11270_16365 3280 5094 5095 -1 -1 1763 0.00489264
Chain
	Aln	112	+2de4f074-765c-4050-a40a-b8cb967c1670 1816 13081 13087 +edge_57_0_+disjointig_28_8606_19876 2 11265 11270 -1 -1 10974 0.00199878
Chain
	Aln	113	-2de4f074-765c-4050-a40a-b8cb967c1670 5 11270 13087 -edge_57_0_+disjointig_28_8606_19876 4 11267 11270 -1 -1 10974 0.00199878
Chain
	Aln	380	-2de4f074-765c-4050-a40a-b8cb967c1670 11272 13082 13087 +edge_191_2_-disjointig_28_11270_16365 0 1814 5095 -1 -1 1763 0.00489264
Chain
	Aln	113	+69dec1aa-bca4-4fa7-a581-ff997f135bea 6 1631 6557 -edge_57_0_+disjointig_28_8606_19876 9641 11269 11270 -1 -1 1616 0.0019371
Chain
	Aln	380	+69dec1aa-bca4-4fa7-a581-ff997f135bea 1633 6552 6557 +edge_191_2_-disjointig_28_11270_16365 2 4928 5095 -1 -1 4845 0.00257855
Chain
	Aln	381	-69dec1aa-bca4-4fa7-a581-ff997f135bea 4 4923 6557 -edge_191_2_-disjointig_28_11270_16365 166 5092 5095 -1 -1 4845 0.00257855
Chain
	Aln	112	-69dec1aa-bca4-4fa7-a581-ff997f135bea 4925 6550 6557 +edge_57_0_+disjointig_28_8606_19876 0 1628 11270 -1 -1 1616 0.0019371
Chain
	Aln	64	+3b771c6b-53e5-47a6-b213-e064c11b8872 350 1796 8323 +edge_33_3_-disjointig_47_1640_3095 1 1449 1455 -1 -1 1446 0.000899485
Chain
	Aln	378	+3b771c6b-53e5-47a6-b213-e064c11b8872 1813 8315 8323 +edge_190_0_+disjointig_130_19960_30443 2 6498 10483 -1 -1 6272 0.00226095
Chain
	Aln	379	-3b771c6b-53e5-47a6-b213-e064c11b8872 7 6509 8323 -edge_190_0_+disjointig_130_19960_30443 3984 10480 10483 -1 -1 6272 0.00226095
Chain
	Aln	65	-3b771c6b-53e5-47a6-b213-e064c11b8872 6526 7972 8323 -edge_33_3_-disjointig_47_1640_3095 5 1453 1455 -1 -1 1446 0.000899485
Chain
	Aln	77	+4c2b1844-e76b-4068-b2b6-b0e832bfe8e9 10 4623 13505 -edge_39_0_+disjointig_122_8837_18196 4747 9358 9359 -1 -1 4596 0.000966055
Chain
	Aln	65	+4c2b1844-e76b-4068-b2b6-b0e832bfe8e9 4630 5793 13505 -edge_33_0_+disjointig_122_7638_8837 6 1161 1199 -1 -1 1021 0.0105051
Chain
	Aln	63	+4c2b1844-e76b-4068-b2b6-b0e832bfe8e9 5962 13443 13505 -edge_32_0_+disjointig_122_0_7638 132 7576 7638 -1 -1 5878 0.0159763
Chain
	Aln	62	-4c2b1844-e76b-4068-b2b6-b0e832bfe8e9 61 7542 13505 +edge_32_0_+disjointig_122_0_7638 61 7505 7638 -1 -1 5878 0.0159763
Chain
	Aln	64	-4c2b1844-e76b-4068-b2b6-b0e832bfe8e9 7711 8874 13505 +edge_33_0_+disjointig_122_7638_8837 37 1192 1199 -1 -1 1021 0.0105051
Chain
	Aln	76	-4c2b1844-e76b-4068-b2b6-b0e832bfe8e9 8881 13494 13505 +edge_39_0_+disjointig_122_8837_18196 0 4611 9359 -1 -1 4596 0.000966055
Chain
	Aln	381	+90f5a358-d046-416a-97b3-e7fa12659da3 8 4031 5351 -edge_191_2_-disjointig_28_11270_16365 1070 5094 5095 -1 -1 3972 0.00256227
Chain
	Aln	112	+90f5a358-d046-416a-97b3-e7fa12659da3 4052 5349 5351 +edge_57_0_+disjointig_28_8606_19876 22 1314 11270 -1 -1 1290 0.00117895
Chain
	Aln	113	-90f5a358-d046-416a-97b3-e7fa12659da3 1 1298 5351 -edge_57_0_+disjointig_28_8606_19876 9955 11247 11270 -1 -1 1290 0.00117895
Chain
	Aln	380	-90f5a358-d046-416a-97b3-e7fa12659da3 1319 5342 5351 +edge_191_2_-disjointig_28_11270_16365 0 4024 5095 -1 -1 3972 0.00256227
Chain
	Aln	12	+ba6baba0-12f7-4d24-aea5-f1b1b263a25c 5 1193 1738 +edge_7_0_+disjointig_105_0_3500 2310 3498 3500 -1 -1 1188 0
Chain
	Aln	14	+ba6baba0-12f7-4d24-aea5-f1b1b263a25c 1201 1735 1738 +edge_8_1_+disjointig_67_8547_10272 6 540 1725 -1 -1 501 0.00287763
Chain
	Aln	15	-ba6baba0-12f7-4d24-aea5-f1b1b263a25c 2 536 1738 -edge_8_1_+disjointig_67_8547_10272 1184 1718 1725 -1 -1 501 0.00287763
Chain
	Aln	13	-ba6baba0-12f7-4d24-aea5-f1b1b263a25c 544 1732 1738 -edge_7_0_+disjointig_105_0_3500 1 1189 3500 -1 -1 1188 0
Chain
	Aln	106	+8a31febc-29bf-41e0-8751-2d2e7c714f17 4 2834 8892 +edge_54_0_+disjointig_132_0_3728 891 3718 3728 -1 -1 2782 0.00175025
Chain
	Aln	380	+8a31febc-29bf-41e0-8751-2d2e7c714f17 2845 7722 8892 +edge_191_0_+disjointig_132_3728_8623 1 4867 4895 -1 -1 4763 0.00359837
Chain
	Aln	381	-8a31febc-29bf-41e0-8751-2d2e7c714f17 1169 6046 8892 -edge_191_0_+disjointig_132_3728_8623 27 4893 4895 -1 -1 4763 0.00359837
Chain
	Aln	107	-8a31febc-29bf-41e0-8751-2d2e7c714f17 6057 8887 8892 -edge_54_0_+disjointig_132_0_3728 9 2836 3728 -1 -1 2782 0.00175025
Chain
	Aln	71	+9540ce41-2dda-4f91-ab9d-74ec9ac66b73 12 1636 3558 -edge_36_0_+disjointig_47_9413_11053 11 1639 1640 -1 -1 1600 0.00235135
Chain
	Aln	64	+9540ce41-2dda-4f91-ab9d-74ec9ac66b73 1637 3080 3558 +edge_33_3_-disjointig_47_1640_3095 1 1449 1455 -1 -1 1375 0.00394075
Chain
	Aln	65	-9540ce41-2dda-4f91-ab9d-74ec9ac66b73 477 1920 3558 -edge_33_3_-disjointig_47_1640_3095 5 1453 1455 -1 -1 1375 0.00394075
Chain
	Aln	70	-9540ce41-2dda-4f91-ab9d-74ec9ac66b73 1921 3545 3558 +edge_36_0_+disjointig_47_9413_11053 0 1628 1640 -1 -1 1600 0.00235135
Chain
	Aln	12	+9a055be6-02f7-41fb-bfee-c81dba03eeed 12 2587 7135 +edge_7_0_+disjointig_105_0_3500 927 3498 3500 -1 -1 2547 0.000491308
Chain
	Aln	14	+9a055be6-02f7-41fb-bfee-c81dba03eeed 2595 4304 7135 +edge_8_0_+disjointig_105_3500_5225 6 1719 1725 -1 -1 1694 0.00250481
Chain
	Aln	15	-9a055be6-02f7-41fb-bfee-c81dba03eeed 2830 4539 7135 -edge_8_0_+disjointig_105_3500_5225 5 1718 1725 -1 -1 1694 0.00250481
Chain
	Aln	13	-9a055be6-02f7-41fb-bfee-c81dba03eeed 4547 7122 7135 -edge_7_0_+disjointig_105_0_3500 1 2572 3500 -1 -1 2547 0.000491308
Chain
	Aln	64	+093c2f2f-92fd-4776-b5af-568067ab9f59 28935 30382 40873 +edge_33_5_+disjointig_68_4224_5685 6 1455 1461 -1 -1 1415 0.00302873
Chain
	Aln	378	+093c2f2f-92fd-4776-b5af-568067ab9f59 30393 40864 40873 +edge_190_0_+disjointig_130_19960_30443 2 10475 10483 -1 -1 10205 0.00233689
Chain
	Aln	379	-093c2f2f-92fd-4776-b5af-568067ab9f59 8 10479 40873 -edge_190_0_+disjointig_130_19960_30443 7 10480 10483 -1 -1 10205 0.00233689
Chain
	Aln	65	-093c2f2f-92fd-4776-b5af-568067ab9f59 10490 11937 40873 -edge_33_5_+disjointig_68_4224_5685 5 1454 1461 -1 -1 1415 0.00302873
Chain
	Aln	113	+e182cade-d80b-45e2-8328-941a4b0383d9 5 4862 15324 -edge_57_0_+disjointig_28_8606_19876 6402 11269 11270 -1 -1 4760 0.00111603
Chain
	Aln	380	+e182cade-d80b-45e2-8328-941a4b0383d9 4864 9950 15324 +edge_191_2_-disjointig_28_11270_16365 2 5086 5095 -1 -1 5020 0.00255892
Chain
	Aln	381	-e182cade-d80b-45e2-8328-941a4b0383d9 5373 10459 15324 -edge_191_2_-disjointig_28_11270_16365 8 5092 5095 -1 -1 5020 0.00255892
Chain
	Aln	112	-e182cade-d80b-45e2-8328-941a4b0383d9 10461 15318 15324 +edge_57_0_+disjointig_28_8606_19876 0 4867 11270 -1 -1 4760 0.00111603
Chain
	Aln	379	+abbdcd4d-c7be-4f11-bec5-7d0528df30f6 7 7899 15919 -edge_190_0_+disjointig_130_19960_30443 2587 10482 10483 -1 -1 7675 0.00198436
Chain
	Aln	65	+abbdcd4d-c7be-4f11-bec5-7d0528df30f6 7909 9357 15919 -edge_33_5_+disjointig_68_4224_5685 6 1460 1461 -1 -1 1404 0.00370574
Chain
	Aln	64	-abbdcd4d-c7be-4f11-bec5-7d0528df30f6 6561 8009 15919 +edge_33_5_+disjointig_68_4224_5685 0 1454 1461 -1 -1 1404 0.00370574
Chain
	Aln	378	-abbdcd4d-c7be-4f11-bec5-7d0528df30f6 8019 15911 15919 +edge_190_0_+disjointig_130_19960_30443 0 7895 10483 -1 -1 7675 0.00198436
Chain
	Aln	379	+03df84ed-d563-4f79-9a63-50934b05aec9 12 6978 20861 -edge_190_0_+disjointig_130_19960_30443 3525 10482 10483 -1 -1 6692 0.00367382
Chain
	Aln	65	+03df84ed-d563-4f79-9a63-50934b05aec9 6988 8201 20861 -edge_33_5_+disjointig_68_4224_5685 6 1219 1461 -1 -1 1158 0.00635061
Chain
	Aln	64	-03df84ed-d563-4f79-9a63-50934b05aec9 12659 13872 20861 +edge_33_5_+disjointig_68_4224_5685 241 1454 1461 -1 -1 1158 0.00635061
Chain
	Aln	378	-03df84ed-d563-4f79-9a63-50934b05aec9 13882 20848 20861 +edge_190_0_+disjointig_130_19960_30443 0 6957 10483 -1 -1 6692 0.00367382
Chain
	Aln	17	+6f154dd4-b295-4f2c-bde0-4d51c210b067 8 4721 7739 -edge_9_0_-disjointig_67_3019_11566 3819 8540 8547 -1 -1 4687 0.000285402
Chain
	Aln	14	+6f154dd4-b295-4f2c-bde0-4d51c210b067 4734 6444 7739 +edge_8_1_+disjointig_67_8547_10272 6 1719 1725 -1 -1 1702 0.00191361
Chain
	Aln	15	-6f154dd4-b295-4f2c-bde0-4d51c210b067 1294 3004 7739 -edge_8_1_+disjointig_67_8547_10272 5 1718 1725 -1 -1 1702 0.00191361
Chain
	Aln	16	-6f154dd4-b295-4f2c-bde0-4d51c210b067 3017 7730 7739 +edge_9_0_-disjointig_67_3019_11566 6 4727 8547 -1 -1 4687 0.000285402
