Chain
	Aln	285	+6b3d38c4-6a25-47f4-8fbe-e8d66d10c91b 8 2174 2177 -edge_143_0_+disjointig_96_0_6528 350 2517 6528 -1 -1 2164 0
Chain
	Aln	284	-6b3d38c4-6a25-47f4-8fbe-e8d66d10c91b 2 2168 2177 +edge_143_0_+disjointig_96_0_6528 4010 6177 6528 -1 -1 2164 0
Chain
	Aln	36	+ac1ffe81-48c2-404e-aa3d-9077dd7b4083 10 2730 2734 +edge_19_0_+disjointig_14_0_104795 21737 24457 104795 -1 -1 2709 0
Chain
	Aln	37	-ac1ffe81-48c2-404e-aa3d-9077dd7b4083 3 2723 2734 -edge_19_0_+disjointig_14_0_104795 80337 83057 104795 -1 -1 2709 0
Chain
	Aln	215	+b242670c-2210-4e19-8298-3d2df7eae90b 6 3206 3210 -edge_108_0_+disjointig_57_0_28352 13969 17169 28352 -1 -1 3200 0.00173696
Chain
	Aln	214	-b242670c-2210-4e19-8298-3d2df7eae90b 3 3203 3210 +edge_108_0_+disjointig_57_0_28352 11182 14382 28352 -1 -1 3200 0.00173696
Chain
	Aln	90	+9eb3512b-5092-438b-8e3a-98c7b485123c 7 3898 3901 +edge_46_0_+disjointig_29_0_13427 8071 11962 13427 -1 -1 3877 0.000446472
Chain
	Aln	91	-9eb3512b-5092-438b-8e3a-98c7b485123c 2 3893 3901 -edge_46_0_+disjointig_29_0_13427 1464 5355 13427 -1 -1 3877 0.000446472
Chain
	Aln	100	+0ef3eb71-58cd-4748-b8dd-933d5e922362 5 5223 5234 +edge_51_0_+disjointig_34_0_132203 22744 27964 132203 -1 -1 5194 0.00186658
Chain
	Aln	101	-0ef3eb71-58cd-4748-b8dd-933d5e922362 10 5228 5234 -edge_51_0_+disjointig_34_0_132203 104238 109458 132203 -1 -1 5194 0.00186658
Chain
	Aln	349	+56e4aaf2-3e97-4fd2-b182-f67dbaf08929 7 4390 4395 -edge_175_0_+disjointig_49_27612_70378 27553 31933 42766 -1 -1 4323 0.00215755
Chain
	Aln	348	-56e4aaf2-3e97-4fd2-b182-f67dbaf08929 4 4387 4395 +edge_175_0_+disjointig_49_27612_70378 10832 15212 42766 -1 -1 4323 0.00215755
Chain
	Aln	346	+36201495-4e10-4f76-a4fb-6685b2c94120 9 5734 5749 +edge_174_0_-disjointig_82_8444_31160 6996 12718 22716 -1 -1 5645 0.00297597
Chain
	Aln	347	-36201495-4e10-4f76-a4fb-6685b2c94120 14 5739 5749 -edge_174_0_-disjointig_82_8444_31160 9997 15719 22716 -1 -1 5645 0.00297597
Chain
	Aln	272	+06aea733-d44d-4bde-89b9-c7e56efe8843 72 5987 5994 +edge_137_0_+disjointig_89_0_8595 2672 8589 8595 -1 -1 5848 0.00292615
Chain
	Aln	273	-06aea733-d44d-4bde-89b9-c7e56efe8843 6 5921 5994 -edge_137_0_+disjointig_89_0_8595 5 5922 8595 -1 -1 5848 0.00292615
Chain
	Aln	102	+ad425051-a575-4445-99b1-d1f42ae6352a 7 3046 3113 +edge_52_0_+disjointig_35_0_49615 7547 10591 49615 -1 -1 2692 0.0122107
Chain
	Aln	103	-ad425051-a575-4445-99b1-d1f42ae6352a 66 3105 3113 -edge_52_0_+disjointig_35_0_49615 39023 42067 49615 -1 -1 2692 0.0122107
Chain
	Aln	97	+0506df11-2d99-4864-8c02-8398d365a905 6 3921 5013 -edge_49_0_+disjointig_32_0_79547 17293 21206 79547 -1 -1 3884 0
Chain
	Aln	96	-0506df11-2d99-4864-8c02-8398d365a905 1091 5006 5013 +edge_49_0_+disjointig_32_0_79547 58340 62253 79547 -1 -1 3884 0
Chain
	Aln	265	+40041481-55df-4442-85d7-908f64143934 4 5912 5928 -edge_133_0_+disjointig_8_0_56180 17160 23105 56180 -1 -1 5660 0.0047197
Chain
	Aln	264	-40041481-55df-4442-85d7-908f64143934 15 5923 5928 +edge_133_0_+disjointig_8_0_56180 33074 39019 56180 -1 -1 5660 0.0047197
Chain
	Aln	220	+393e8420-adfe-48e7-be2d-d1f2dd90ba5f 3 7245 10433 +edge_111_0_+disjointig_6_0_62673 22697 29941 62673 -1 -1 7160 0.00108429
Chain
	Aln	221	-393e8420-adfe-48e7-be2d-d1f2dd90ba5f 3187 10429 10433 -edge_111_0_+disjointig_6_0_62673 32731 39975 62673 -1 -1 7160 0.00108429
Chain
	Aln	304	+dbb1c1f2-4cb2-4e90-b947-98c2fdca9c30 10 4182 4191 +edge_153_0_+disjointig_12_8982_46009 15890 20059 37027 -1 -1 4163 0.000652253
Chain
	Aln	305	-dbb1c1f2-4cb2-4e90-b947-98c2fdca9c30 8 4180 4191 -edge_153_0_+disjointig_12_8982_46009 16967 21136 37027 -1 -1 4163 0.000652253
Chain
	Aln	55	+6536bd25-ead3-4f58-a4e9-280b20cff8ad 6 2594 2597 -edge_28_0_+disjointig_22_0_197748 66623 69232 197748 -1 -1 2286 0.0109758
Chain
	Aln	54	-6536bd25-ead3-4f58-a4e9-280b20cff8ad 2 2590 2597 +edge_28_0_+disjointig_22_0_197748 128515 131124 197748 -1 -1 2286 0.0109758
Chain
	Aln	186	+a4b60f7a-4fc1-4c16-bc5d-cf70f83ca3b8 12 3120 3126 +edge_94_0_+disjointig_47_0_105696 994 4107 105696 -1 -1 3018 0.0032207
Chain
	Aln	187	-a4b60f7a-4fc1-4c16-bc5d-cf70f83ca3b8 5 3113 3126 -edge_94_0_+disjointig_47_0_105696 101588 104701 105696 -1 -1 3018 0.0032207
Chain
	Aln	156	+289f900e-34b9-40c6-8d62-3ff473592b11 16 11231 11236 +edge_79_0_+disjointig_44_99890_232551 21697 32920 132661 -1 -1 11123 0.00088239
Chain
	Aln	157	-289f900e-34b9-40c6-8d62-3ff473592b11 4 11219 11236 -edge_79_0_+disjointig_44_99890_232551 99740 110963 132661 -1 -1 11123 0.00088239
Chain
	Aln	297	+5466e8d9-b106-46b0-9e68-9dc1c834d564 11 5638 5647 -edge_149_0_-disjointig_16_0_79715 37486 43118 79715 -1 -1 5552 0.00118489
Chain
	Aln	296	-5466e8d9-b106-46b0-9e68-9dc1c834d564 8 5635 5647 +edge_149_0_-disjointig_16_0_79715 36596 42228 79715 -1 -1 5552 0.00118489
Chain
	Aln	330	+82e3d655-d584-43ac-86f2-e26199029e9b 10 3541 3543 +edge_166_0_+disjointig_40_6968_25794 3633 7160 18826 -1 -1 3454 0.00457756
Chain
	Aln	331	-82e3d655-d584-43ac-86f2-e26199029e9b 1 3532 3543 -edge_166_0_+disjointig_40_6968_25794 11665 15192 18826 -1 -1 3454 0.00457756
Chain
	Aln	327	+3b80b245-3418-4bfc-ba4b-673ef64aad08 11 8373 8377 -edge_164_0_+disjointig_39_11307_40702 2996 11356 29395 -1 -1 8283 0.00269473
Chain
	Aln	326	-3b80b245-3418-4bfc-ba4b-673ef64aad08 3 8365 8377 +edge_164_0_+disjointig_39_11307_40702 18038 26398 29395 -1 -1 8283 0.00269473
Chain
	Aln	103	+416f0c0c-7bca-43c2-80f1-576b7e9f9c69 7 2455 2457 -edge_52_0_+disjointig_35_0_49615 19163 21611 49615 -1 -1 2435 0
Chain
	Aln	102	-416f0c0c-7bca-43c2-80f1-576b7e9f9c69 1 2449 2457 +edge_52_0_+disjointig_35_0_49615 28003 30451 49615 -1 -1 2435 0
Chain
	Aln	357	+69dc62c9-c652-4d25-b422-6dca580ff75f 5 2480 2482 -edge_179_0_+disjointig_67_0_82889 62169 64639 82889 -1 -1 2453 0
Chain
	Aln	356	-69dc62c9-c652-4d25-b422-6dca580ff75f 1 2476 2482 +edge_179_0_+disjointig_67_0_82889 18249 20719 82889 -1 -1 2453 0
Chain
	Aln	217	+181b5a92-6c90-47f5-8682-eb715109dc1b 72 6039 6041 -edge_109_0_+disjointig_58_0_33005 3757 9720 33005 -1 -1 5943 0.000776307
Chain
	Aln	216	-181b5a92-6c90-47f5-8682-eb715109dc1b 1 5968 6041 +edge_109_0_+disjointig_58_0_33005 23284 29247 33005 -1 -1 5943 0.000776307
Chain
	Aln	55	+a991df1e-cdb7-45dd-8534-e99d2a772597 8 16261 16269 -edge_28_0_+disjointig_22_0_197748 154956 171214 197748 -1 -1 16153 0.00156216
Chain
	Aln	54	-a991df1e-cdb7-45dd-8534-e99d2a772597 7 16260 16269 +edge_28_0_+disjointig_22_0_197748 26533 42791 197748 -1 -1 16153 0.00156216
Chain
	Aln	54	+822e98e5-8e65-48df-8543-9656e347c9fa 11 4416 5395 +edge_28_0_+disjointig_22_0_197748 170661 175078 197748 -1 -1 4197 0.00448214
Chain
	Aln	55	-822e98e5-8e65-48df-8543-9656e347c9fa 978 5383 5395 -edge_28_0_+disjointig_22_0_197748 22669 27086 197748 -1 -1 4197 0.00448214
Chain
	Aln	349	+744d3284-7aff-4792-8a8f-2f1c40c80fde 13 3872 3880 -edge_175_0_+disjointig_49_27612_70378 24948 28805 42766 -1 -1 3718 0.00550009
Chain
	Aln	348	-744d3284-7aff-4792-8a8f-2f1c40c80fde 7 3866 3880 +edge_175_0_+disjointig_49_27612_70378 13960 17817 42766 -1 -1 3718 0.00550009
Chain
	Aln	157	+a8acde4b-4d2b-47e9-b218-8099c49a3cdb 15 6394 6397 -edge_79_0_+disjointig_44_99890_232551 124748 131191 132661 -1 -1 6234 0.00119959
Chain
	Aln	156	-a8acde4b-4d2b-47e9-b218-8099c49a3cdb 2 6381 6397 +edge_79_0_+disjointig_44_99890_232551 1469 7912 132661 -1 -1 6234 0.00119959
Chain
	Aln	55	+a625ff3a-56e6-48c1-83de-bcfc7163c831 17 4548 4551 -edge_28_0_+disjointig_22_0_197748 107872 112395 197748 -1 -1 4479 0.000540368
Chain
	Aln	54	-a625ff3a-56e6-48c1-83de-bcfc7163c831 2 4533 4551 +edge_28_0_+disjointig_22_0_197748 85352 89875 197748 -1 -1 4479 0.000540368
Chain
	Aln	258	+e08a36d0-7caf-4573-80dc-d01436d67b90 8 5022 5339 +edge_130_0_+disjointig_76_0_18842 1047 6066 18842 -1 -1 4796 0.00346432
Chain
	Aln	259	-e08a36d0-7caf-4573-80dc-d01436d67b90 316 5330 5339 -edge_130_0_+disjointig_76_0_18842 12775 17794 18842 -1 -1 4796 0.00346432
Chain
	Aln	38	+b05fb50c-2c0b-49ae-b67e-4837f2b4274d 10 2350 2353 +edge_20_0_+disjointig_15_0_99894 70723 73062 99894 -1 -1 2328 0.000526457
Chain
	Aln	39	-b05fb50c-2c0b-49ae-b67e-4837f2b4274d 2 2342 2353 -edge_20_0_+disjointig_15_0_99894 26831 29170 99894 -1 -1 2328 0.000526457
Chain
	Aln	50	+8454854c-c89b-4e7e-b460-6077c0cee52d 11 5532 5534 +edge_26_0_+disjointig_20_0_104137 88643 94163 104137 -1 -1 5376 0.00192322
Chain
	Aln	51	-8454854c-c89b-4e7e-b460-6077c0cee52d 1 5522 5534 -edge_26_0_+disjointig_20_0_104137 9973 15493 104137 -1 -1 5376 0.00192322
Chain
	Aln	39	+2c018239-55c6-4597-8b17-c8701cce5df5 9 2338 2349 -edge_20_0_+disjointig_15_0_99894 26818 29149 99894 -1 -1 2308 0.000720454
Chain
	Aln	38	-2c018239-55c6-4597-8b17-c8701cce5df5 10 2339 2349 +edge_20_0_+disjointig_15_0_99894 70744 73075 99894 -1 -1 2308 0.000720454
Chain
	Aln	51	+0013e09b-efa7-4866-ba98-60c771693d16 8 5531 5535 -edge_26_0_+disjointig_20_0_104137 9960 15482 104137 -1 -1 5428 0.00122127
Chain
	Aln	50	-0013e09b-efa7-4866-ba98-60c771693d16 3 5526 5535 +edge_26_0_+disjointig_20_0_104137 88654 94176 104137 -1 -1 5428 0.00122127
Chain
	Aln	306	+3aca18fd-dcab-42fb-93cd-16fdbb6042eb 0 12561 14292 +edge_154_0_+disjointig_18_11964_26268 1735 14293 14304 -1 -1 12327 0.00315895
	Aln	306	+3aca18fd-dcab-42fb-93cd-16fdbb6042eb 12573 14289 14292 +edge_154_0_+disjointig_18_11964_26268 1 1718 14304 -1 -1 1649 0.00363751
Chain
	Aln	307	-3aca18fd-dcab-42fb-93cd-16fdbb6042eb 2 1718 14292 -edge_154_0_+disjointig_18_11964_26268 12585 14302 14304 -1 -1 1649 0.00363751
	Aln	307	-3aca18fd-dcab-42fb-93cd-16fdbb6042eb 1730 14291 14292 -edge_154_0_+disjointig_18_11964_26268 10 12568 14304 -1 -1 12327 0.00315895
Chain
	Aln	38	+2f0a8b45-e892-4678-a565-826e0536f781 9 2377 2379 +edge_20_0_+disjointig_15_0_99894 13662 16031 99894 -1 -1 2284 0.00382136
Chain
	Aln	39	-2f0a8b45-e892-4678-a565-826e0536f781 1 2369 2379 -edge_20_0_+disjointig_15_0_99894 83862 86231 99894 -1 -1 2284 0.00382136
Chain
	Aln	327	+65c5278d-885f-4ff7-a3fe-ec31c38400c4 8 2340 2342 -edge_164_0_+disjointig_39_11307_40702 16038 18370 29395 -1 -1 2325 0.00173911
Chain
	Aln	326	-65c5278d-885f-4ff7-a3fe-ec31c38400c4 1 2333 2342 +edge_164_0_+disjointig_39_11307_40702 11024 13356 29395 -1 -1 2325 0.00173911
Chain
	Aln	329	+8a0e9d2e-6923-42fb-854f-5cc475d69933 8 5517 5521 -edge_165_0_+disjointig_54_0_66147 11741 17250 66147 -1 -1 5264 0.00522887
Chain
	Aln	328	-8a0e9d2e-6923-42fb-854f-5cc475d69933 3 5512 5521 +edge_165_0_+disjointig_54_0_66147 48896 54405 66147 -1 -1 5264 0.00522887
Chain
	Aln	54	+cdda7e88-d2fb-4294-82bb-547b0ccbbb59 22 21838 21842 +edge_28_0_+disjointig_22_0_197748 150899 172697 197748 -1 -1 21588 0.00141763
Chain
	Aln	55	-cdda7e88-d2fb-4294-82bb-547b0ccbbb59 3 21819 21842 -edge_28_0_+disjointig_22_0_197748 25050 46848 197748 -1 -1 21588 0.00141763
Chain
	Aln	346	+a82e5fd8-695f-4533-9423-51ba5f462acc 4 2156 2158 +edge_174_0_-disjointig_82_8444_31160 17724 19876 22716 -1 -1 2152 0.00162695
Chain
	Aln	347	-a82e5fd8-695f-4533-9423-51ba5f462acc 1 2153 2158 -edge_174_0_-disjointig_82_8444_31160 2839 4991 22716 -1 -1 2152 0.00162695
Chain
	Aln	337	+57a61f2b-5f13-4dda-8b26-4cdc82b07866 16 2840 2850 -edge_169_0_+disjointig_66_0_52611 1710 4535 52611 -1 -1 2728 0.00438366
Chain
	Aln	336	-57a61f2b-5f13-4dda-8b26-4cdc82b07866 9 2833 2850 +edge_169_0_+disjointig_66_0_52611 48075 50900 52611 -1 -1 2728 0.00438366
Chain
	Aln	206	+2a4c6dd1-2684-4262-b2a4-a3421cdf42b0 6 4324 4331 +edge_104_0_+disjointig_56_0_67458 46504 50819 67458 -1 -1 4279 0.00220625
Chain
	Aln	207	-2a4c6dd1-2684-4262-b2a4-a3421cdf42b0 6 4324 4331 -edge_104_0_+disjointig_56_0_67458 16638 20953 67458 -1 -1 4279 0.00220625
Chain
	Aln	297	+d71ca369-b342-4ffb-b448-47c10a296286 5 2043 2046 -edge_149_0_-disjointig_16_0_79715 52643 54684 79715 -1 -1 1927 0.00788989
Chain
	Aln	296	-d71ca369-b342-4ffb-b448-47c10a296286 2 2040 2046 +edge_149_0_-disjointig_16_0_79715 25030 27071 79715 -1 -1 1927 0.00788989
Chain
	Aln	55	+2416886a-6fd4-47b1-ba75-417d14f048b0 10 5044 5052 -edge_28_0_+disjointig_22_0_197748 185106 190141 197748 -1 -1 4890 0.00310625
Chain
	Aln	54	-2416886a-6fd4-47b1-ba75-417d14f048b0 7 5041 5052 +edge_28_0_+disjointig_22_0_197748 7606 12641 197748 -1 -1 4890 0.00310625
Chain
	Aln	277	+6b9da3e0-271f-44b3-aa1e-6dfe8c18c3cc 4 24614 24622 -edge_139_0_+disjointig_90_0_45227 16768 41368 45227 -1 -1 24222 0.00174391
Chain
	Aln	276	-6b9da3e0-271f-44b3-aa1e-6dfe8c18c3cc 7 24617 24622 +edge_139_0_+disjointig_90_0_45227 3858 28458 45227 -1 -1 24222 0.00174391
Chain
	Aln	34	+8f875332-94c7-4a62-9762-09ebcdeecba2 27 2197 2200 +edge_18_0_+disjointig_13_0_57208 38262 40434 57208 -1 -1 2115 0.00124957
Chain
	Aln	35	-8f875332-94c7-4a62-9762-09ebcdeecba2 2 2172 2200 -edge_18_0_+disjointig_13_0_57208 16773 18945 57208 -1 -1 2115 0.00124957
Chain
	Aln	361	+ad39af3e-f210-49f2-bd88-46d067f408d3 31 2416 2421 -edge_181_0_+disjointig_74_2530_48718 35426 37827 46188 -1 -1 2333 0.00345434
Chain
	Aln	360	-ad39af3e-f210-49f2-bd88-46d067f408d3 4 2389 2421 +edge_181_0_+disjointig_74_2530_48718 8360 10761 46188 -1 -1 2333 0.00345434
Chain
	Aln	344	+594b4428-ff26-4c17-87f5-948d3f1c4882 15 8087 8098 +edge_173_0_-disjointig_53_5113_59202 36932 45008 54089 -1 -1 8015 0.00117738
Chain
	Aln	345	-594b4428-ff26-4c17-87f5-948d3f1c4882 10 8082 8098 -edge_173_0_-disjointig_53_5113_59202 9080 17156 54089 -1 -1 8015 0.00117738
Chain
	Aln	247	+17342c09-25b0-45a0-89e7-89a8a04f8f18 6 7188 7190 -edge_124_0_+disjointig_70_0_27545 8950 16140 27545 -1 -1 7059 0.00296765
Chain
	Aln	246	-17342c09-25b0-45a0-89e7-89a8a04f8f18 1 7183 7190 +edge_124_0_+disjointig_70_0_27545 11404 18594 27545 -1 -1 7059 0.00296765
Chain
	Aln	93	+61fa4060-d955-409c-9ab4-5f54d671d70c 3 4539 4549 -edge_47_0_+disjointig_30_0_164630 157645 162186 164630 -1 -1 4511 0.00191002
Chain
	Aln	92	-61fa4060-d955-409c-9ab4-5f54d671d70c 9 4545 4549 +edge_47_0_+disjointig_30_0_164630 2443 6984 164630 -1 -1 4511 0.00191002
Chain
	Aln	232	+0d316d10-f798-4d12-8536-aa63643a6e24 30 10218 10220 +edge_117_0_+disjointig_69_0_75545 1709 11893 75545 -1 -1 10107 0.00100882
Chain
	Aln	233	-0d316d10-f798-4d12-8536-aa63643a6e24 1 10189 10220 -edge_117_0_+disjointig_69_0_75545 63651 73835 75545 -1 -1 10107 0.00100882
Chain
	Aln	100	+b3771c62-3702-400a-bbe5-4ddf3fce6a63 7 7329 7336 +edge_51_0_+disjointig_34_0_132203 93859 101187 132203 -1 -1 7210 0.00180805
Chain
	Aln	101	-b3771c62-3702-400a-bbe5-4ddf3fce6a63 6 7328 7336 -edge_51_0_+disjointig_34_0_132203 31015 38343 132203 -1 -1 7210 0.00180805
Chain
	Aln	265	+9b286efb-c840-4831-a43c-e995c5e5d900 21 3760 3764 -edge_133_0_+disjointig_8_0_56180 36051 39803 56180 -1 -1 3308 0.0164443
Chain
	Aln	264	-9b286efb-c840-4831-a43c-e995c5e5d900 3 3742 3764 +edge_133_0_+disjointig_8_0_56180 16376 20128 56180 -1 -1 3308 0.0164443
Chain
	Aln	50	+f4aab4ea-5e1f-4009-bdf5-caeece48a983 2 27663 27666 +edge_26_0_+disjointig_20_0_104137 32191 59860 104137 -1 -1 27345 0.000930263
Chain
	Aln	51	-f4aab4ea-5e1f-4009-bdf5-caeece48a983 2 27663 27666 -edge_26_0_+disjointig_20_0_104137 44276 71945 104137 -1 -1 27345 0.000930263
Chain
	Aln	341	+58ff144d-9a45-4f48-9951-0448abde3f39 18 2076 2085 -edge_171_0_+disjointig_44_0_83253 66651 68709 83253 -1 -1 2058 0
Chain
	Aln	340	-58ff144d-9a45-4f48-9951-0448abde3f39 8 2066 2085 +edge_171_0_+disjointig_44_0_83253 14543 16601 83253 -1 -1 2058 0
Chain
	Aln	318	+28195499-82ea-4461-9a93-ecac261be35c 5 9243 9246 +edge_160_0_-disjointig_48_0_101253 16171 25425 101253 -1 -1 8794 0.00549792
Chain
	Aln	319	-28195499-82ea-4461-9a93-ecac261be35c 2 9240 9246 -edge_160_0_-disjointig_48_0_101253 75827 85081 101253 -1 -1 8794 0.00549792
Chain
	Aln	318	+c0f2a874-d73a-4e35-879e-e70480878957 7 10522 10526 +edge_160_0_-disjointig_48_0_101253 64315 74969 101253 -1 -1 9993 0.00574782
Chain
	Aln	319	-c0f2a874-d73a-4e35-879e-e70480878957 3 10518 10526 -edge_160_0_-disjointig_48_0_101253 26283 36937 101253 -1 -1 9993 0.00574782
Chain
	Aln	93	+d8d0194e-41c9-49d7-8e92-23f02ec58142 6 11202 11210 -edge_47_0_+disjointig_30_0_164630 22000 33198 164630 -1 -1 11125 0.000868566
Chain
	Aln	92	-d8d0194e-41c9-49d7-8e92-23f02ec58142 7 11203 11210 +edge_47_0_+disjointig_30_0_164630 131431 142629 164630 -1 -1 11125 0.000868566
Chain
	Aln	164	+9704914a-e55d-44b8-b17a-ca175ce9856f 7 4069 4078 +edge_83_0_-disjointig_71_8379_80660 53582 57642 72281 -1 -1 4035 3.05447e-05
Chain
	Aln	165	-9704914a-e55d-44b8-b17a-ca175ce9856f 8 4070 4078 -edge_83_0_-disjointig_71_8379_80660 14638 18698 72281 -1 -1 4035 3.05447e-05
Chain
	Aln	302	+288c8366-596f-442e-9bce-737b65082767 11 4185 4198 +edge_152_0_-disjointig_60_6186_67457 35580 39760 61271 -1 -1 4140 0.00139661
Chain
	Aln	303	-288c8366-596f-442e-9bce-737b65082767 12 4186 4198 -edge_152_0_-disjointig_60_6186_67457 21510 25690 61271 -1 -1 4140 0.00139661
Chain
	Aln	312	+c2fbe4f9-b846-4d9e-a77f-3b0d31865aec 30 6755 6758 +edge_157_0_+disjointig_26_0_75776 37605 44346 75776 -1 -1 6568 0.0021893
Chain
	Aln	313	-c2fbe4f9-b846-4d9e-a77f-3b0d31865aec 2 6727 6758 -edge_157_0_+disjointig_26_0_75776 31429 38170 75776 -1 -1 6568 0.0021893
Chain
	Aln	101	+2f1fdc24-8aca-471a-b473-1adee11daf67 9 2635 2637 -edge_51_0_+disjointig_34_0_132203 119378 122004 132203 -1 -1 2603 0.000334481
Chain
	Aln	100	-2f1fdc24-8aca-471a-b473-1adee11daf67 1 2627 2637 +edge_51_0_+disjointig_34_0_132203 10198 12824 132203 -1 -1 2603 0.000334481
Chain
	Aln	307	+ba5256d2-c89b-4077-9566-71ba8f6a2294 0 3753 7980 -edge_154_0_+disjointig_18_11964_26268 10549 14303 14304 -1 -1 3639 0.00323549
	Aln	307	+ba5256d2-c89b-4077-9566-71ba8f6a2294 3766 7974 7980 -edge_154_0_+disjointig_18_11964_26268 12 4221 14304 -1 -1 4135 0.00406915
Chain
	Aln	306	-ba5256d2-c89b-4077-9566-71ba8f6a2294 5 4213 7980 +edge_154_0_+disjointig_18_11964_26268 10082 14291 14304 -1 -1 4135 0.00406915
	Aln	306	-ba5256d2-c89b-4077-9566-71ba8f6a2294 4226 7979 7980 +edge_154_0_+disjointig_18_11964_26268 0 3754 14304 -1 -1 3639 0.00323549
Chain
	Aln	36	+78e4f1e1-1d59-4620-9367-1bc0c73ff507 20 8413 8431 +edge_19_0_+disjointig_14_0_104795 55157 63547 104795 -1 -1 8339 0.000488394
Chain
	Aln	37	-78e4f1e1-1d59-4620-9367-1bc0c73ff507 17 8410 8431 -edge_19_0_+disjointig_14_0_104795 41247 49637 104795 -1 -1 8339 0.000488394
Chain
	Aln	95	+90d9751f-ad3f-4e49-96ee-018ae526250e 23 2149 2325 -edge_48_0_+disjointig_31_0_16188 14063 16187 16188 -1 -1 2111 0.000757328
Chain
	Aln	94	-90d9751f-ad3f-4e49-96ee-018ae526250e 175 2301 2325 +edge_48_0_+disjointig_31_0_16188 0 2124 16188 -1 -1 2111 0.000757328
Chain
	Aln	92	+8b13210b-88e1-4c6e-88a2-39af473ce473 7 26671 26686 +edge_47_0_+disjointig_30_0_164630 91275 117949 164630 -1 -1 26304 0.00145352
Chain
	Aln	93	-8b13210b-88e1-4c6e-88a2-39af473ce473 14 26678 26686 -edge_47_0_+disjointig_30_0_164630 46680 73354 164630 -1 -1 26304 0.00145352
Chain
	Aln	302	+a9d3b18d-15eb-4423-8724-e57a8356a82a 4 3501 3504 +edge_152_0_-disjointig_60_6186_67457 40452 43953 61271 -1 -1 3482 0.00079611
Chain
	Aln	303	-a9d3b18d-15eb-4423-8724-e57a8356a82a 2 3499 3504 -edge_152_0_-disjointig_60_6186_67457 17317 20818 61271 -1 -1 3482 0.00079611
Chain
	Aln	318	+0e5a11e5-7b87-4f80-a1b0-38d324329934 9 5860 5862 +edge_160_0_-disjointig_48_0_101253 76115 81964 101253 -1 -1 5496 0.00857923
Chain
	Aln	319	-0e5a11e5-7b87-4f80-a1b0-38d324329934 1 5852 5862 -edge_160_0_-disjointig_48_0_101253 19288 25137 101253 -1 -1 5496 0.00857923
Chain
	Aln	157	+9e58016d-91ef-49ef-8b5a-1167b9367f47 8 5935 5943 -edge_79_0_+disjointig_44_99890_232551 122387 128310 132661 -1 -1 5789 0.00250974
Chain
	Aln	156	-9e58016d-91ef-49ef-8b5a-1167b9367f47 7 5934 5943 +edge_79_0_+disjointig_44_99890_232551 4350 10273 132661 -1 -1 5789 0.00250974
Chain
	Aln	239	+a6bf6dbd-2f9c-4685-85e3-2839575d1615 13 2532 2535 -edge_120_0_-disjointig_87_6236_62149 29118 31638 55913 -1 -1 2491 0.00175683
Chain
	Aln	238	-a6bf6dbd-2f9c-4685-85e3-2839575d1615 2 2521 2535 +edge_120_0_-disjointig_87_6236_62149 24274 26794 55913 -1 -1 2491 0.00175683
Chain
	Aln	35	+11482489-fe58-4654-ac23-a376c8fc466e 4 23597 23600 -edge_18_0_+disjointig_13_0_57208 32042 55640 57208 -1 -1 23342 0.0018523
Chain
	Aln	34	-11482489-fe58-4654-ac23-a376c8fc466e 2 23595 23600 +edge_18_0_+disjointig_13_0_57208 1567 25165 57208 -1 -1 23342 0.0018523
Chain
	Aln	354	+d3cfc000-9b36-4d35-9e0e-370e7017e2f7 3 4855 4860 +edge_178_0_+disjointig_56_67458_85258 101 4941 17800 -1 -1 4732 0.00278946
Chain
	Aln	355	-d3cfc000-9b36-4d35-9e0e-370e7017e2f7 4 4856 4860 -edge_178_0_+disjointig_56_67458_85258 12858 17698 17800 -1 -1 4732 0.00278946
Chain
	Aln	92	+3a5c5406-e8f4-4e59-bcec-527bc1f02d1e 13 2476 2479 +edge_47_0_+disjointig_30_0_164630 89567 92030 164630 -1 -1 2410 0.00229569
Chain
	Aln	93	-3a5c5406-e8f4-4e59-bcec-527bc1f02d1e 2 2465 2479 -edge_47_0_+disjointig_30_0_164630 72599 75062 164630 -1 -1 2410 0.00229569
Chain
	Aln	214	+13a9dcf6-c8b8-452c-adba-2944655cb74e 62 4884 4894 +edge_108_0_+disjointig_57_0_28352 1496 6236 28352 -1 -1 4304 0.00818129
Chain
	Aln	215	-13a9dcf6-c8b8-452c-adba-2944655cb74e 9 4831 4894 -edge_108_0_+disjointig_57_0_28352 22115 26855 28352 -1 -1 4304 0.00818129
Chain
	Aln	178	+8f5eb14f-7d81-4ca1-b6aa-57691a57097a 21 3141 3154 +edge_90_0_-disjointig_61_33235_113950 58075 61237 80715 -1 -1 2737 0.0163112
Chain
	Aln	179	-8f5eb14f-7d81-4ca1-b6aa-57691a57097a 12 3132 3154 -edge_90_0_-disjointig_61_33235_113950 19477 22639 80715 -1 -1 2737 0.0163112
Chain
	Aln	332	+f10382bd-24cd-4b6d-b3c7-481a21c1ec0d 6 5808 5819 +edge_167_0_-disjointig_64_0_49685 14549 20355 49685 -1 -1 5706 0.00303346
Chain
	Aln	333	-f10382bd-24cd-4b6d-b3c7-481a21c1ec0d 10 5812 5819 -edge_167_0_-disjointig_64_0_49685 29329 35135 49685 -1 -1 5706 0.00303346
Chain
	Aln	179	+cd52343a-f3dc-4e32-9331-63ec8a58aa75 21 3191 3200 -edge_90_0_-disjointig_61_33235_113950 19462 22629 80715 -1 -1 3132 0.00181202
Chain
	Aln	178	-cd52343a-f3dc-4e32-9331-63ec8a58aa75 8 3178 3200 +edge_90_0_-disjointig_61_33235_113950 58085 61252 80715 -1 -1 3132 0.00181202
Chain
	Aln	305	+1532f428-841d-4cf1-9af3-7014fcf6c9e3 1279 3286 3289 -edge_153_0_+disjointig_12_8982_46009 28 2034 37027 -1 -1 1978 0.00337831
Chain
	Aln	304	-1532f428-841d-4cf1-9af3-7014fcf6c9e3 2 2009 3289 +edge_153_0_+disjointig_12_8982_46009 34992 36998 37027 -1 -1 1978 0.00337831
Chain
	Aln	278	+59a82559-b9b4-42fe-bcbd-7b4865493844 7 3980 3992 +edge_140_0_+disjointig_93_0_5785 887 4863 5785 -1 -1 3094 0.0152817
Chain
	Aln	279	-59a82559-b9b4-42fe-bcbd-7b4865493844 11 3984 3992 -edge_140_0_+disjointig_93_0_5785 921 4897 5785 -1 -1 3094 0.0152817
Chain
	Aln	283	+41263e36-5f67-4c7f-8786-91aa61f2ffe9 31 2904 2912 -edge_142_0_+disjointig_95_0_2904 24 2896 2904 -1 -1 2860 0.000400781
Chain
	Aln	282	-41263e36-5f67-4c7f-8786-91aa61f2ffe9 7 2880 2912 +edge_142_0_+disjointig_95_0_2904 7 2879 2904 -1 -1 2860 0.000400781
Chain
	Aln	313	+a0160fcf-ac8a-44ae-96e1-32d88aded816 14 8459 8461 -edge_157_0_+disjointig_26_0_75776 6673 15127 75776 -1 -1 8216 0.00253258
Chain
	Aln	312	-a0160fcf-ac8a-44ae-96e1-32d88aded816 1 8446 8461 +edge_157_0_+disjointig_26_0_75776 60648 69102 75776 -1 -1 8216 0.00253258
Chain
	Aln	187	+787d24b1-d3e8-44f2-8e76-ad8c76bcb371 13 3686 3688 -edge_94_0_+disjointig_47_0_105696 53802 57476 105696 -1 -1 3665 0.000794574
Chain
	Aln	186	-787d24b1-d3e8-44f2-8e76-ad8c76bcb371 1 3674 3688 +edge_94_0_+disjointig_47_0_105696 48219 51893 105696 -1 -1 3665 0.000794574
Chain
	Aln	1	+c6a63a0b-bc32-4ffa-9580-431fb6862915 8 5445 5450 -edge_1_0_+disjointig_1_0_20132 1742 7176 20132 -1 -1 5406 0.000900203
Chain
	Aln	0	-c6a63a0b-bc32-4ffa-9580-431fb6862915 4 5441 5450 +edge_1_0_+disjointig_1_0_20132 12955 18389 20132 -1 -1 5406 0.000900203
Chain
	Aln	35	+3574a607-2650-469d-a842-d8573fc782ce 9 12823 12827 -edge_18_0_+disjointig_13_0_57208 17508 30330 57208 -1 -1 12711 0.00152591
Chain
	Aln	34	-3574a607-2650-469d-a842-d8573fc782ce 3 12817 12827 +edge_18_0_+disjointig_13_0_57208 26877 39699 57208 -1 -1 12711 0.00152591
Chain
	Aln	0	+24290d86-8393-4c6a-87b0-26969e51ae26 7 5360 5397 +edge_1_0_+disjointig_1_0_20132 12937 18346 20132 -1 -1 4924 0.0100284
Chain
	Aln	1	-24290d86-8393-4c6a-87b0-26969e51ae26 36 5389 5397 -edge_1_0_+disjointig_1_0_20132 1785 7194 20132 -1 -1 4924 0.0100284
Chain
	Aln	172	+58bdff6f-8db9-4f3c-aed6-124fe8840c66 1 9904 9914 +edge_87_0_+disjointig_50_31455_62704 3532 13434 31249 -1 -1 9784 0.00181802
Chain
	Aln	173	-58bdff6f-8db9-4f3c-aed6-124fe8840c66 9 9912 9914 -edge_87_0_+disjointig_50_31455_62704 17814 27716 31249 -1 -1 9784 0.00181802
Chain
	Aln	101	+b9c16bee-b362-459a-9d2f-f2db69bd6331 13 5029 5031 -edge_51_0_+disjointig_34_0_132203 103911 108925 132203 -1 -1 4974 0.00227638
Chain
	Aln	100	-b9c16bee-b362-459a-9d2f-f2db69bd6331 1 5017 5031 +edge_51_0_+disjointig_34_0_132203 23277 28291 132203 -1 -1 4974 0.00227638
Chain
	Aln	294	+1177affc-8918-4f4a-a313-0552c711f1a2 18 2722 2728 +edge_148_0_+disjointig_100_9263_14776 1453 4152 5513 -1 -1 2482 0.0103024
Chain
	Aln	295	-1177affc-8918-4f4a-a313-0552c711f1a2 5 2709 2728 -edge_148_0_+disjointig_100_9263_14776 1360 4059 5513 -1 -1 2482 0.0103024
Chain
	Aln	34	+52b472ad-bbe1-49bc-a93e-b34f1a9179cc 12 12641 12661 +edge_18_0_+disjointig_13_0_57208 26865 39667 57208 -1 -1 10692 0.0181839
Chain
	Aln	35	-52b472ad-bbe1-49bc-a93e-b34f1a9179cc 19 12648 12661 -edge_18_0_+disjointig_13_0_57208 17540 30342 57208 -1 -1 10692 0.0181839
Chain
	Aln	225	+3a798dd3-09a1-48c3-bf24-568d3cd5c2ef 9 6569 6572 -edge_113_0_+disjointig_63_0_39436 32876 39433 39436 -1 -1 6413 0.000638173
Chain
	Aln	224	-3a798dd3-09a1-48c3-bf24-568d3cd5c2ef 2 6562 6572 +edge_113_0_+disjointig_63_0_39436 2 6559 39436 -1 -1 6413 0.000638173
Chain
	Aln	194	+4a6a23c7-b913-4c67-a2d6-278d98a46b2c 4 2068 2077 +edge_98_0_+disjointig_51_0_39741 27350 29414 39741 -1 -1 2007 0.00350644
Chain
	Aln	195	-4a6a23c7-b913-4c67-a2d6-278d98a46b2c 8 2072 2077 -edge_98_0_+disjointig_51_0_39741 10326 12390 39741 -1 -1 2007 0.00350644
Chain
	Aln	246	+993fce2a-6f1f-4948-b776-f3e1a90d23d5 34 8920 8923 +edge_124_0_+disjointig_70_0_27545 37 8938 27545 -1 -1 8724 0.00282692
Chain
	Aln	247	-993fce2a-6f1f-4948-b776-f3e1a90d23d5 2 8888 8923 -edge_124_0_+disjointig_70_0_27545 18606 27507 27545 -1 -1 8724 0.00282692
Chain
	Aln	233	+d120cc7e-d2f0-4fb1-aafc-602592b9cb87 1 7008 7016 -edge_117_0_+disjointig_69_0_75545 53963 60983 75545 -1 -1 6900 0.00227546
Chain
	Aln	232	-d120cc7e-d2f0-4fb1-aafc-602592b9cb87 7 7014 7016 +edge_117_0_+disjointig_69_0_75545 14561 21581 75545 -1 -1 6900 0.00227546
Chain
	Aln	307	+3c6dec79-7609-40cf-ae8a-bdb39a95ad53 8 10029 10052 -edge_154_0_+disjointig_18_11964_26268 2325 12338 14304 -1 -1 9839 0.00281932
Chain
	Aln	306	-3c6dec79-7609-40cf-ae8a-bdb39a95ad53 22 10043 10052 +edge_154_0_+disjointig_18_11964_26268 1965 11978 14304 -1 -1 9839 0.00281932
Chain
	Aln	96	+b60938de-df7d-44e7-a4d9-7a1d1621aaea 7 26627 26632 +edge_49_0_+disjointig_32_0_79547 7 26646 79547 -1 -1 23225 0.0135176
Chain
	Aln	97	-b60938de-df7d-44e7-a4d9-7a1d1621aaea 4 26624 26632 -edge_49_0_+disjointig_32_0_79547 52900 79539 79547 -1 -1 23225 0.0135176
Chain
	Aln	356	+5d61978c-515b-4803-a293-32aa72445330 15 16345 16349 +edge_179_0_+disjointig_67_0_82889 7229 24220 82889 -1 -1 12999 0.014616
Chain
	Aln	357	-5d61978c-515b-4803-a293-32aa72445330 3 16333 16349 -edge_179_0_+disjointig_67_0_82889 58668 75659 82889 -1 -1 12999 0.014616
Chain
	Aln	306	+d8e85db0-2f80-415b-9807-a0565d89894c 8 2889 2897 +edge_154_0_+disjointig_18_11964_26268 8113 10991 14304 -1 -1 2754 0.00541486
Chain
	Aln	307	-d8e85db0-2f80-415b-9807-a0565d89894c 7 2888 2897 -edge_154_0_+disjointig_18_11964_26268 3312 6190 14304 -1 -1 2754 0.00541486
Chain
	Aln	54	+7ddcf462-2026-4e3d-9186-b0696e5757f0 8 2592 2600 +edge_28_0_+disjointig_22_0_197748 54941 57524 197748 -1 -1 2483 0.00552861
Chain
	Aln	55	-7ddcf462-2026-4e3d-9186-b0696e5757f0 7 2591 2600 -edge_28_0_+disjointig_22_0_197748 140223 142806 197748 -1 -1 2483 0.00552861
Chain
	Aln	50	+e6ec02ef-f7c4-4bdb-b1e4-66e75526d5b0 57 18390 18406 +edge_26_0_+disjointig_20_0_104137 52127 70530 104137 -1 -1 16297 0.0116178
Chain
	Aln	51	-e6ec02ef-f7c4-4bdb-b1e4-66e75526d5b0 15 18348 18406 -edge_26_0_+disjointig_20_0_104137 33606 52009 104137 -1 -1 16297 0.0116178
Chain
	Aln	187	+59711cb0-4ed5-4122-b05c-6c6c7219d03a 8 4574 4576 -edge_94_0_+disjointig_47_0_105696 63976 68557 105696 -1 -1 4355 0.00638961
Chain
	Aln	186	-59711cb0-4ed5-4122-b05c-6c6c7219d03a 1 4567 4576 +edge_94_0_+disjointig_47_0_105696 37138 41719 105696 -1 -1 4355 0.00638961
Chain
	Aln	187	+e3d9c69f-b5c9-480d-b6b4-05fe6446208b 4 22460 22464 -edge_94_0_+disjointig_47_0_105696 70585 93046 105696 -1 -1 22102 0.00207599
Chain
	Aln	186	-e3d9c69f-b5c9-480d-b6b4-05fe6446208b 3 22459 22464 +edge_94_0_+disjointig_47_0_105696 12649 35110 105696 -1 -1 22102 0.00207599
Chain
	Aln	355	+c4c2a2d4-e5bd-4de9-8279-05a20278ebad 7 7602 11404 -edge_178_0_+disjointig_56_67458_85258 10203 17799 17800 -1 -1 7404 0.00256862
	Aln	207	+c4c2a2d4-e5bd-4de9-8279-05a20278ebad 7620 11400 11404 -edge_104_0_+disjointig_56_0_67458 17 3794 67458 -1 -1 3685 0.00264676
Chain
	Aln	206	-c4c2a2d4-e5bd-4de9-8279-05a20278ebad 3 3783 11404 +edge_104_0_+disjointig_56_0_67458 63663 67440 67458 -1 -1 3685 0.00264676
	Aln	354	-c4c2a2d4-e5bd-4de9-8279-05a20278ebad 3801 11396 11404 +edge_178_0_+disjointig_56_67458_85258 0 7596 17800 -1 -1 7404 0.00256862
Chain
	Aln	337	+c4ecab56-9046-4493-be55-ad8e1280abae 4 6304 6308 -edge_169_0_+disjointig_66_0_52611 46307 52607 52611 -1 -1 6096 0.0036415
Chain
	Aln	336	-c4ecab56-9046-4493-be55-ad8e1280abae 3 6303 6308 +edge_169_0_+disjointig_66_0_52611 3 6303 52611 -1 -1 6096 0.0036415
Chain
	Aln	93	+df879011-39a4-4132-8f8a-02c74be56901 5 4677 4679 -edge_47_0_+disjointig_30_0_164630 145765 150451 164630 -1 -1 4216 0.0109645
Chain
	Aln	92	-df879011-39a4-4132-8f8a-02c74be56901 1 4673 4679 +edge_47_0_+disjointig_30_0_164630 14178 18864 164630 -1 -1 4216 0.0109645
Chain
	Aln	36	+42b67081-aef7-4705-ab5c-b0d180d42858 25 2417 2420 +edge_19_0_+disjointig_14_0_104795 75822 78216 104795 -1 -1 2362 0.000351283
Chain
	Aln	37	-42b67081-aef7-4705-ab5c-b0d180d42858 2 2394 2420 -edge_19_0_+disjointig_14_0_104795 26578 28972 104795 -1 -1 2362 0.000351283
Chain
	Aln	18	+a9eec63c-1150-43a4-ac85-3853cca9cb93 9 4626 5070 +edge_10_0_+disjointig_105_0_4633 9 4623 4633 -1 -1 4577 0.00179093
Chain
	Aln	19	-a9eec63c-1150-43a4-ac85-3853cca9cb93 443 5060 5070 -edge_10_0_+disjointig_105_0_4633 9 4623 4633 -1 -1 4577 0.00179093
Chain
	Aln	217	+17dac715-47d8-492f-a90e-a7718c1e5bee 23 6301 6307 -edge_109_0_+disjointig_58_0_33005 7241 13515 33005 -1 -1 6190 0.000866134
Chain
	Aln	216	-17dac715-47d8-492f-a90e-a7718c1e5bee 5 6283 6307 +edge_109_0_+disjointig_58_0_33005 19489 25763 33005 -1 -1 6190 0.000866134
Chain
	Aln	232	+8ad72554-75a6-457f-a680-0abc2a9e1583 8 2684 2688 +edge_117_0_+disjointig_69_0_75545 15035 17710 75545 -1 -1 2595 0.00502564
Chain
	Aln	233	-8ad72554-75a6-457f-a680-0abc2a9e1583 3 2679 2688 -edge_117_0_+disjointig_69_0_75545 57834 60509 75545 -1 -1 2595 0.00502564
Chain
	Aln	239	+0864c522-3ea2-474a-8a22-2c860c8039c2 13 10505 10510 -edge_120_0_-disjointig_87_6236_62149 28487 39041 55913 -1 -1 10034 0.00472544
Chain
	Aln	238	-0864c522-3ea2-474a-8a22-2c860c8039c2 4 10496 10510 +edge_120_0_-disjointig_87_6236_62149 16871 27425 55913 -1 -1 10034 0.00472544
Chain
	Aln	1	+0d40fee1-b0b5-4645-8a74-2bfdd70d2bee 4 7720 8577 -edge_1_0_+disjointig_1_0_20132 11429 19145 20132 -1 -1 7650 0.000620628
Chain
	Aln	0	-0d40fee1-b0b5-4645-8a74-2bfdd70d2bee 856 8572 8577 +edge_1_0_+disjointig_1_0_20132 986 8702 20132 -1 -1 7650 0.000620628
Chain
	Aln	305	+a8a68a3f-9c67-4441-a459-8b07e0c21e8e 31 17612 17614 -edge_153_0_+disjointig_12_8982_46009 31 17616 37027 -1 -1 17019 0.00279431
Chain
	Aln	304	-a8a68a3f-9c67-4441-a459-8b07e0c21e8e 1 17582 17614 +edge_153_0_+disjointig_12_8982_46009 19410 36995 37027 -1 -1 17019 0.00279431
Chain
	Aln	341	+adefa1f1-a52e-4822-9cc1-07930167eca1 17 10709 10726 -edge_171_0_+disjointig_44_0_83253 60172 70960 83253 -1 -1 9803 0.00578095
Chain
	Aln	340	-adefa1f1-a52e-4822-9cc1-07930167eca1 16 10708 10726 +edge_171_0_+disjointig_44_0_83253 12292 23080 83253 -1 -1 9803 0.00578095
Chain
	Aln	287	+d67d2737-7faf-4860-866b-435347dd3531 9 3049 3051 -edge_144_0_+disjointig_97_0_3050 8 3048 3050 -1 -1 2949 0.00226631
Chain
	Aln	286	-d67d2737-7faf-4860-866b-435347dd3531 1 3041 3051 +edge_144_0_+disjointig_97_0_3050 1 3041 3050 -1 -1 2949 0.00226631
Chain
	Aln	39	+5276ba0a-8593-496a-8eed-026eb09dccdc 1 6008 6231 -edge_20_0_+disjointig_15_0_99894 69991 75993 99894 -1 -1 5930 0.000949614
Chain
	Aln	38	-5276ba0a-8593-496a-8eed-026eb09dccdc 222 6229 6231 +edge_20_0_+disjointig_15_0_99894 23900 29902 99894 -1 -1 5930 0.000949614
Chain
	Aln	238	+6fa2a792-7f4b-46dd-a83b-49001048b9d4 21 8093 8095 +edge_120_0_-disjointig_87_6236_62149 12638 20712 55913 -1 -1 7971 0.00104014
Chain
	Aln	239	-6fa2a792-7f4b-46dd-a83b-49001048b9d4 1 8073 8095 -edge_120_0_-disjointig_87_6236_62149 35200 43274 55913 -1 -1 7971 0.00104014
Chain
	Aln	341	+5cdedadc-0b87-4966-b195-3088052c9657 10 13126 13132 -edge_171_0_+disjointig_44_0_83253 1179 14300 83253 -1 -1 12525 0.00580639
Chain
	Aln	340	-5cdedadc-0b87-4966-b195-3088052c9657 5 13121 13132 +edge_171_0_+disjointig_44_0_83253 68952 82073 83253 -1 -1 12525 0.00580639
Chain
	Aln	348	+88b18498-328c-4b39-93e6-8fbb523f02db 24 12571 12576 +edge_175_1_+disjointig_49_70378_113247 17757 30314 42869 -1 -1 11848 0.0058417
Chain
	Aln	349	-88b18498-328c-4b39-93e6-8fbb523f02db 4 12551 12576 -edge_175_1_+disjointig_49_70378_113247 12554 25111 42869 -1 -1 11848 0.0058417
Chain
	Aln	302	+83f2e5c6-2dda-47f0-9267-4423b4d25cd3 4 2050 2055 +edge_152_0_-disjointig_60_6186_67457 29932 31978 61271 -1 -1 2026 0
Chain
	Aln	303	-83f2e5c6-2dda-47f0-9267-4423b4d25cd3 4 2050 2055 -edge_152_0_-disjointig_60_6186_67457 29292 31338 61271 -1 -1 2026 0
Chain
	Aln	349	+67e5fce8-6d11-4f5e-9584-275efeceac9b 8 15766 15768 -edge_175_1_+disjointig_49_70378_113247 5660 21407 42869 -1 -1 15589 0.00191402
Chain
	Aln	348	-67e5fce8-6d11-4f5e-9584-275efeceac9b 1 15759 15768 +edge_175_1_+disjointig_49_70378_113247 21461 37208 42869 -1 -1 15589 0.00191402
Chain
	Aln	165	+0098e88c-5d35-4153-804d-a1d3405bc394 19 615 8899 -edge_83_0_-disjointig_71_8379_80660 71679 72280 72281 -1 -1 583 0.0051236
	Aln	151	+0098e88c-5d35-4153-804d-a1d3405bc394 621 2371 8899 -edge_76_5_-disjointig_71_6613_8379 5 1750 1766 -1 -1 1689 0.00556593
	Aln	145	+0098e88c-5d35-4153-804d-a1d3405bc394 2400 3380 8899 -edge_73_9_-disjointig_72_5518_6510 13 991 992 -1 -1 940 0.00336853
	Aln	148	+0098e88c-5d35-4153-804d-a1d3405bc394 3381 6013 8899 +edge_75_9_+disjointig_72_10660_13298 1 2633 2638 -1 -1 2632 0
	Aln	147	+0098e88c-5d35-4153-804d-a1d3405bc394 6024 6771 8899 -edge_74_1_-disjointig_72_2127_2880 5 752 753 -1 -1 747 0.00293701
	Aln	341	+0098e88c-5d35-4153-804d-a1d3405bc394 6781 8894 8899 -edge_171_0_+disjointig_44_0_83253 16 2132 83253 -1 -1 2008 0.00547213
Chain
	Aln	340	-0098e88c-5d35-4153-804d-a1d3405bc394 4 2117 8899 +edge_171_0_+disjointig_44_0_83253 81120 83236 83253 -1 -1 2008 0.00547213
	Aln	146	-0098e88c-5d35-4153-804d-a1d3405bc394 2127 2874 8899 +edge_74_1_-disjointig_72_2127_2880 0 747 753 -1 -1 747 0.00293701
	Aln	149	-0098e88c-5d35-4153-804d-a1d3405bc394 2885 5517 8899 -edge_75_9_+disjointig_72_10660_13298 4 2636 2638 -1 -1 2632 0
	Aln	144	-0098e88c-5d35-4153-804d-a1d3405bc394 5518 6498 8899 +edge_73_9_-disjointig_72_5518_6510 0 978 992 -1 -1 940 0.00336853
	Aln	150	-0098e88c-5d35-4153-804d-a1d3405bc394 6527 8277 8899 +edge_76_5_-disjointig_71_6613_8379 15 1760 1766 -1 -1 1689 0.00556593
	Aln	164	-0098e88c-5d35-4153-804d-a1d3405bc394 8283 8879 8899 +edge_83_0_-disjointig_71_8379_80660 0 601 72281 -1 -1 583 0.0051236
Chain
	Aln	314	+fca1725f-8eb9-48aa-95ce-8177144cbb5b 8 3741 3746 +edge_158_0_+disjointig_25_34644_66531 1373 5107 31887 -1 -1 3709 0.00103659
Chain
	Aln	315	-fca1725f-8eb9-48aa-95ce-8177144cbb5b 4 3737 3746 -edge_158_0_+disjointig_25_34644_66531 26779 30513 31887 -1 -1 3709 0.00103659
Chain
	Aln	354	+21b44b17-67c3-4eac-88c9-5857262ff3bb 16 3515 3517 +edge_178_0_+disjointig_56_67458_85258 1306 4800 17800 -1 -1 3308 0.00565098
Chain
	Aln	355	-21b44b17-67c3-4eac-88c9-5857262ff3bb 1 3500 3517 -edge_178_0_+disjointig_56_67458_85258 12999 16493 17800 -1 -1 3308 0.00565098
Chain
	Aln	102	+78c770ab-f5f6-4521-ac5f-e3f7cdc65a4d 12 2974 2976 +edge_52_0_+disjointig_35_0_49615 23019 25976 49615 -1 -1 2936 0.000186016
Chain
	Aln	103	-78c770ab-f5f6-4521-ac5f-e3f7cdc65a4d 1 2963 2976 -edge_52_0_+disjointig_35_0_49615 23638 26595 49615 -1 -1 2936 0.000186016
Chain
	Aln	100	+77c1e06b-003c-40e3-adee-9f2f92f60858 14 6307 6311 +edge_51_0_+disjointig_34_0_132203 67136 73429 132203 -1 -1 6203 0.00142706
Chain
	Aln	101	-77c1e06b-003c-40e3-adee-9f2f92f60858 3 6296 6311 -edge_51_0_+disjointig_34_0_132203 58773 65066 132203 -1 -1 6203 0.00142706
Chain
	Aln	55	+018d5d5d-28a2-4566-bed0-429b5cfe9089 3 3429 3437 -edge_28_0_+disjointig_22_0_197748 6048 9472 197748 -1 -1 3388 0.000468
Chain
	Aln	54	-018d5d5d-28a2-4566-bed0-429b5cfe9089 7 3433 3437 +edge_28_0_+disjointig_22_0_197748 188275 191699 197748 -1 -1 3388 0.000468
Chain
	Aln	258	+78e37624-ed46-4037-8ba1-edb5c5037f7c 18 2421 2429 +edge_130_0_+disjointig_76_0_18842 8706 11108 18842 -1 -1 2398 0
Chain
	Aln	259	-78e37624-ed46-4037-8ba1-edb5c5037f7c 7 2410 2429 -edge_130_0_+disjointig_76_0_18842 7733 10135 18842 -1 -1 2398 0
Chain
	Aln	357	+3f483e1f-80ae-4df0-8095-d5a2b0ec9712 12 2868 2873 -edge_179_0_+disjointig_67_0_82889 5413 8269 82889 -1 -1 2811 0.00119837
Chain
	Aln	356	-3f483e1f-80ae-4df0-8095-d5a2b0ec9712 4 2860 2873 +edge_179_0_+disjointig_67_0_82889 74619 77475 82889 -1 -1 2811 0.00119837
Chain
	Aln	53	+65fc610a-9eaa-47b3-ad87-b6d53fbef733 11 10321 10413 -edge_27_0_+disjointig_21_0_54132 10399 20714 54132 -1 -1 10214 0.000299266
Chain
	Aln	52	-65fc610a-9eaa-47b3-ad87-b6d53fbef733 91 10401 10413 +edge_27_0_+disjointig_21_0_54132 33417 43732 54132 -1 -1 10214 0.000299266
Chain
	Aln	264	+1dbb77e7-d915-4e5b-a1bb-478072a5b0d5 4 13618 16218 +edge_133_0_+disjointig_8_0_56180 26541 40157 56180 -1 -1 13475 0.00134169
Chain
	Aln	265	-1dbb77e7-d915-4e5b-a1bb-478072a5b0d5 2599 16213 16218 -edge_133_0_+disjointig_8_0_56180 16022 29638 56180 -1 -1 13475 0.00134169
Chain
	Aln	187	+680aa6a4-d4a0-43a5-995e-73de7b9550a8 13 5165 5249 -edge_94_0_+disjointig_47_0_105696 32463 37614 105696 -1 -1 5131 0.000394589
Chain
	Aln	186	-680aa6a4-d4a0-43a5-995e-73de7b9550a8 83 5235 5249 +edge_94_0_+disjointig_47_0_105696 68081 73232 105696 -1 -1 5131 0.000394589
Chain
	Aln	348	+5244934f-ece7-48c3-a201-d5e2487c58e2 230 6402 6413 +edge_175_0_+disjointig_49_27612_70378 7 6197 42766 -1 -1 5941 0.00376583
Chain
	Aln	349	-5244934f-ece7-48c3-a201-d5e2487c58e2 10 6182 6413 -edge_175_0_+disjointig_49_27612_70378 36568 42758 42766 -1 -1 5941 0.00376583
Chain
	Aln	263	+3aff7fdf-a288-460e-83d6-e240d89839fc 3 4362 4372 -edge_132_0_+disjointig_79_0_16383 6576 10936 16383 -1 -1 4339 0.000333854
Chain
	Aln	262	-3aff7fdf-a288-460e-83d6-e240d89839fc 9 4368 4372 +edge_132_0_+disjointig_79_0_16383 5446 9806 16383 -1 -1 4339 0.000333854
Chain
	Aln	349	+114e8dd1-cf69-467e-93e6-078929a3ef7d 9 5996 6003 -edge_175_0_+disjointig_49_27612_70378 36427 42414 42766 -1 -1 5917 0.00186022
Chain
	Aln	348	-114e8dd1-cf69-467e-93e6-078929a3ef7d 6 5993 6003 +edge_175_0_+disjointig_49_27612_70378 351 6338 42766 -1 -1 5917 0.00186022
Chain
	Aln	326	+73b2e6a5-ab4d-49f5-ba94-49e8ff420965 9 13546 13550 +edge_164_0_+disjointig_39_11307_40702 9438 22983 29395 -1 -1 12984 0.00532606
Chain
	Aln	327	-73b2e6a5-ab4d-49f5-ba94-49e8ff420965 3 13540 13550 -edge_164_0_+disjointig_39_11307_40702 6411 19956 29395 -1 -1 12984 0.00532606
Chain
	Aln	350	+824c89f1-4bfc-4f80-a084-514333cb78b9 9 3836 9968 +edge_176_0_+disjointig_68_0_26846 23019 26843 26846 -1 -1 3740 0.00373343
	Aln	352	+824c89f1-4bfc-4f80-a084-514333cb78b9 3840 9965 9968 +edge_177_0_+disjointig_55_6850_12977 1 6125 6127 -1 -1 6115 0
Chain
	Aln	353	-824c89f1-4bfc-4f80-a084-514333cb78b9 2 6127 9968 -edge_177_0_+disjointig_55_6850_12977 1 6125 6127 -1 -1 6115 0
	Aln	351	-824c89f1-4bfc-4f80-a084-514333cb78b9 6131 9958 9968 -edge_176_0_+disjointig_68_0_26846 2 3826 26846 -1 -1 3740 0.00373343
Chain
	Aln	157	+0cacb0b6-4ddd-4344-bbdf-95cddd5561b9 9 3443 3449 -edge_79_0_+disjointig_44_99890_232551 101698 105135 132661 -1 -1 3426 0.00142426
Chain
	Aln	156	-0cacb0b6-4ddd-4344-bbdf-95cddd5561b9 5 3439 3449 +edge_79_0_+disjointig_44_99890_232551 27525 30962 132661 -1 -1 3426 0.00142426
Chain
	Aln	277	+72429728-b47f-4e2f-b467-4bb224482fad 3 2521 2523 -edge_139_0_+disjointig_90_0_45227 29107 31625 45227 -1 -1 2518 0.00171012
Chain
	Aln	276	-72429728-b47f-4e2f-b467-4bb224482fad 1 2519 2523 +edge_139_0_+disjointig_90_0_45227 13601 16119 45227 -1 -1 2518 0.00171012
Chain
	Aln	148	+d5ab5855-bf64-44e4-bdf8-0b83fc176a78 334 2576 10776 +edge_75_2_-disjointig_44_2323_4575 1 2248 2252 -1 -1 2165 0.00401344
	Aln	157	+d5ab5855-bf64-44e4-bdf8-0b83fc176a78 2593 10773 10776 -edge_79_0_+disjointig_44_99890_232551 12 8192 132661 -1 -1 8103 0.00217619
Chain
	Aln	156	-d5ab5855-bf64-44e4-bdf8-0b83fc176a78 2 8182 10776 +edge_79_0_+disjointig_44_99890_232551 124468 132648 132661 -1 -1 8103 0.00217619
	Aln	149	-d5ab5855-bf64-44e4-bdf8-0b83fc176a78 8199 10441 10776 -edge_75_2_-disjointig_44_2323_4575 3 2250 2252 -1 -1 2165 0.00401344
Chain
	Aln	305	+9f26b02b-530b-42c0-b102-8e9b4d445cef 2 7197 7234 -edge_153_0_+disjointig_12_8982_46009 12518 19717 37027 -1 -1 7130 0.00182157
Chain
	Aln	304	-9f26b02b-530b-42c0-b102-8e9b4d445cef 36 7231 7234 +edge_153_0_+disjointig_12_8982_46009 17309 24508 37027 -1 -1 7130 0.00182157
Chain
	Aln	348	+df22b2e0-976a-4ade-8fd6-04c63297c523 15 7983 25691 +edge_175_1_+disjointig_49_70378_113247 34871 42859 42869 -1 -1 7324 0.00953922
	Aln	348	+df22b2e0-976a-4ade-8fd6-04c63297c523 8000 25687 25691 +edge_175_0_+disjointig_49_27612_70378 7 17715 42766 -1 -1 17071 0.00453606
Chain
	Aln	349	-df22b2e0-976a-4ade-8fd6-04c63297c523 3 17690 25691 -edge_175_0_+disjointig_49_27612_70378 25050 42758 42766 -1 -1 17071 0.00453606
	Aln	349	-df22b2e0-976a-4ade-8fd6-04c63297c523 17707 25675 25691 -edge_175_1_+disjointig_49_70378_113247 9 7997 42869 -1 -1 7324 0.00953922
Chain
	Aln	337	+48120ee0-0259-4e6b-9c58-38f9711f08ab 8 5432 5436 -edge_169_0_+disjointig_66_0_52611 42873 48299 52611 -1 -1 5377 0.00102364
Chain
	Aln	336	-48120ee0-0259-4e6b-9c58-38f9711f08ab 3 5427 5436 +edge_169_0_+disjointig_66_0_52611 4311 9737 52611 -1 -1 5377 0.00102364
Chain
	Aln	336	+3e3f46dd-395f-4c25-917d-07121fe5795d 11 5478 5482 +edge_169_0_+disjointig_66_0_52611 12724 18192 52611 -1 -1 5369 0.00153801
Chain
	Aln	337	-3e3f46dd-395f-4c25-917d-07121fe5795d 3 5470 5482 -edge_169_0_+disjointig_66_0_52611 34418 39886 52611 -1 -1 5369 0.00153801
Chain
	Aln	336	+eb68af12-d4b4-4a21-bf06-f3505d10fe3e 3 2276 2283 +edge_169_0_+disjointig_66_0_52611 46474 48745 52611 -1 -1 2238 0.00346782
Chain
	Aln	337	-eb68af12-d4b4-4a21-bf06-f3505d10fe3e 6 2279 2283 -edge_169_0_+disjointig_66_0_52611 3865 6136 52611 -1 -1 2238 0.00346782
Chain
	Aln	98	+8d1f1297-1c90-49a2-b5f1-339d5d8439f5 7 4127 4138 +edge_50_0_+disjointig_33_0_54467 7041 11165 54467 -1 -1 4085 0.00245799
Chain
	Aln	99	-8d1f1297-1c90-49a2-b5f1-339d5d8439f5 10 4130 4138 -edge_50_0_+disjointig_33_0_54467 43301 47425 54467 -1 -1 4085 0.00245799
Chain
	Aln	54	+9b7966b0-8a13-4173-828b-02ce9237b5c9 8 6120 6124 +edge_28_0_+disjointig_22_0_197748 78457 84589 197748 -1 -1 5766 0.00612953
Chain
	Aln	55	-9b7966b0-8a13-4173-828b-02ce9237b5c9 3 6115 6124 -edge_28_0_+disjointig_22_0_197748 113158 119290 197748 -1 -1 5766 0.00612953
Chain
	Aln	349	+70bf42fd-4e8e-4891-84b0-8fcf7e47ffef 13 9517 9521 -edge_175_1_+disjointig_49_70378_113247 3859 13366 42869 -1 -1 9442 0.0013733
Chain
	Aln	348	-70bf42fd-4e8e-4891-84b0-8fcf7e47ffef 3 9507 9521 +edge_175_1_+disjointig_49_70378_113247 29502 39009 42869 -1 -1 9442 0.0013733
Chain
	Aln	350	+6de0c920-c338-4ad2-b701-02b20dbae04c 31 20115 20125 +edge_176_0_+disjointig_68_0_26846 6760 26843 26846 -1 -1 19965 0.00156778
Chain
	Aln	351	-6de0c920-c338-4ad2-b701-02b20dbae04c 9 20093 20125 -edge_176_0_+disjointig_68_0_26846 2 20085 26846 -1 -1 19965 0.00156778
Chain
	Aln	101	+847afae4-db2e-46c8-bf2b-e558554e2d1f 8 2842 2845 -edge_51_0_+disjointig_34_0_132203 25744 28578 132203 -1 -1 2816 0.00334778
Chain
	Aln	100	-847afae4-db2e-46c8-bf2b-e558554e2d1f 2 2836 2845 +edge_51_0_+disjointig_34_0_132203 103624 106458 132203 -1 -1 2816 0.00334778
Chain
	Aln	49	+2b9365bb-e976-40e5-9f31-ab9575735e29 38 7102 7104 -edge_25_0_+disjointig_2_0_55897 3799 10866 55897 -1 -1 6967 0.00171612
Chain
	Aln	48	-2b9365bb-e976-40e5-9f31-ab9575735e29 1 7065 7104 +edge_25_0_+disjointig_2_0_55897 45030 52097 55897 -1 -1 6967 0.00171612
Chain
	Aln	186	+c508b02c-6448-4126-a7e3-9361c54af04b 13 2139 2147 +edge_94_0_+disjointig_47_0_105696 38435 40561 105696 -1 -1 2107 0.000142982
Chain
	Aln	187	-c508b02c-6448-4126-a7e3-9361c54af04b 7 2133 2147 -edge_94_0_+disjointig_47_0_105696 65134 67260 105696 -1 -1 2107 0.000142982
Chain
	Aln	341	+4309cb17-bd1a-426c-9b6d-cb19e753e97a 8 18646 18650 -edge_171_0_+disjointig_44_0_83253 14673 33335 83253 -1 -1 18160 0.00249614
Chain
	Aln	340	-4309cb17-bd1a-426c-9b6d-cb19e753e97a 3 18641 18650 +edge_171_0_+disjointig_44_0_83253 49917 68579 83253 -1 -1 18160 0.00249614
Chain
	Aln	349	+bf851c9e-69d9-48d8-b459-0b52461208b9 9 24301 24308 -edge_175_1_+disjointig_49_70378_113247 6357 30656 42869 -1 -1 24002 0.00165047
Chain
	Aln	348	-bf851c9e-69d9-48d8-b459-0b52461208b9 6 24298 24308 +edge_175_1_+disjointig_49_70378_113247 12212 36511 42869 -1 -1 24002 0.00165047
Chain
	Aln	312	+9cc24508-2825-464c-af8c-1e26166619e6 17 5007 5010 +edge_157_0_+disjointig_26_0_75776 16281 21280 75776 -1 -1 4836 0.00302438
Chain
	Aln	313	-9cc24508-2825-464c-af8c-1e26166619e6 2 4992 5010 -edge_157_0_+disjointig_26_0_75776 54495 59494 75776 -1 -1 4836 0.00302438
Chain
	Aln	52	+706f7c5a-5205-4525-8512-f2c0333c5547 2 3167 3174 +edge_27_0_+disjointig_21_0_54132 45660 48832 54132 -1 -1 3122 0.000391475
Chain
	Aln	53	-706f7c5a-5205-4525-8512-f2c0333c5547 6 3171 3174 -edge_27_0_+disjointig_21_0_54132 5299 8471 54132 -1 -1 3122 0.000391475
Chain
	Aln	322	+b14c14d6-3e69-40a5-93e1-5782d2b6d502 2 3382 3386 +edge_162_1_+disjointig_38_14800_26877 405 3788 12077 -1 -1 3344 0.00020367
Chain
	Aln	323	-b14c14d6-3e69-40a5-93e1-5782d2b6d502 3 3383 3386 -edge_162_1_+disjointig_38_14800_26877 8288 11671 12077 -1 -1 3344 0.00020367
Chain
	Aln	348	+26e276aa-d87b-4af1-83be-348f562c9e24 13 3296 3299 +edge_175_1_+disjointig_49_70378_113247 22857 26149 42869 -1 -1 3151 0.00717286
Chain
	Aln	349	-26e276aa-d87b-4af1-83be-348f562c9e24 2 3285 3299 -edge_175_1_+disjointig_49_70378_113247 16719 20011 42869 -1 -1 3151 0.00717286
Chain
	Aln	2	+ddb0f1fd-5114-41f0-bffd-3065d0c1dfce 23 8177 8184 +edge_2_0_+disjointig_10_0_56359 24504 32652 56359 -1 -1 8051 0.00129422
Chain
	Aln	3	-ddb0f1fd-5114-41f0-bffd-3065d0c1dfce 6 8160 8184 -edge_2_0_+disjointig_10_0_56359 23706 31854 56359 -1 -1 8051 0.00129422
Chain
	Aln	265	+66f3aaf7-38c7-46f6-b53b-174c6aa25f04 4 3572 3575 -edge_133_0_+disjointig_8_0_56180 17470 21037 56180 -1 -1 3553 0.00209913
Chain
	Aln	264	-66f3aaf7-38c7-46f6-b53b-174c6aa25f04 2 3570 3575 +edge_133_0_+disjointig_8_0_56180 35142 38709 56180 -1 -1 3553 0.00209913
Chain
	Aln	54	+1429f644-c8ef-4097-9ba1-36063798d50d 3 4647 4651 +edge_28_0_+disjointig_22_0_197748 182107 186753 197748 -1 -1 4610 0.00158325
Chain
	Aln	55	-1429f644-c8ef-4097-9ba1-36063798d50d 3 4647 4651 -edge_28_0_+disjointig_22_0_197748 10994 15640 197748 -1 -1 4610 0.00158325
Chain
	Aln	49	+fa3f5bbc-74da-4ee9-a704-0f4085f7e97f 15 2489 2505 -edge_25_0_+disjointig_2_0_55897 44229 46702 55897 -1 -1 2450 0.00133933
Chain
	Aln	48	-fa3f5bbc-74da-4ee9-a704-0f4085f7e97f 15 2489 2505 +edge_25_0_+disjointig_2_0_55897 9194 11667 55897 -1 -1 2450 0.00133933
Chain
	Aln	105	+4fa67655-9f01-437d-9f04-43997de1ee04 14 13798 16641 -edge_53_0_+disjointig_36_0_22667 8873 22666 22667 -1 -1 13232 0.00340621
Chain
	Aln	104	-4fa67655-9f01-437d-9f04-43997de1ee04 2842 16626 16641 +edge_53_0_+disjointig_36_0_22667 0 13793 22667 -1 -1 13232 0.00340621
Chain
	Aln	183	+ca6001d6-e7f6-47fb-94d5-b6ee209730b0 2 5386 5436 -edge_92_0_+disjointig_45_0_7802 2246 7748 7802 -1 -1 5203 0.00331866
Chain
	Aln	182	-ca6001d6-e7f6-47fb-94d5-b6ee209730b0 49 5433 5436 +edge_92_0_+disjointig_45_0_7802 53 5555 7802 -1 -1 5203 0.00331866
Chain
	Aln	178	+6e45fb6c-5a92-4959-a6c2-a16fa1a2e016 12 24577 24582 +edge_90_0_-disjointig_61_33235_113950 28858 53451 80715 -1 -1 24300 0.00213889
Chain
	Aln	179	-6e45fb6c-5a92-4959-a6c2-a16fa1a2e016 4 24569 24582 -edge_90_0_-disjointig_61_33235_113950 27263 51856 80715 -1 -1 24300 0.00213889
Chain
	Aln	224	+f7d33ec4-1248-4a34-b8d2-f6f95501b7f6 7 2684 2688 +edge_113_0_+disjointig_63_0_39436 16277 18956 39436 -1 -1 2537 0.00225924
Chain
	Aln	225	-f7d33ec4-1248-4a34-b8d2-f6f95501b7f6 3 2680 2688 -edge_113_0_+disjointig_63_0_39436 20479 23158 39436 -1 -1 2537 0.00225924
Chain
	Aln	349	+593cd8c7-cf64-4cfd-a5ed-de7d8a671dca 4 11842 11851 -edge_175_1_+disjointig_49_70378_113247 17593 29445 42869 -1 -1 11118 0.00691179
Chain
	Aln	348	-593cd8c7-cf64-4cfd-a5ed-de7d8a671dca 8 11846 11851 +edge_175_1_+disjointig_49_70378_113247 13423 25275 42869 -1 -1 11118 0.00691179
Chain
	Aln	222	+8976584b-4ca4-4722-bde4-2caaea465bee 9 9150 9153 +edge_112_0_+disjointig_62_0_57746 48617 57744 57746 -1 -1 8983 0.00218046
Chain
	Aln	223	-8976584b-4ca4-4722-bde4-2caaea465bee 2 9143 9153 -edge_112_0_+disjointig_62_0_57746 1 9128 57746 -1 -1 8983 0.00218046
Chain
	Aln	157	+1675d00a-f5c0-4845-933e-276c3f602bb8 7 8967 8975 -edge_79_0_+disjointig_44_99890_232551 30661 39633 132661 -1 -1 8792 0.00276193
Chain
	Aln	156	-1675d00a-f5c0-4845-933e-276c3f602bb8 7 8967 8975 +edge_79_0_+disjointig_44_99890_232551 93027 101999 132661 -1 -1 8792 0.00276193
Chain
	Aln	302	+b66b720f-3921-43ee-856e-a3047c1ff9ae 4 7768 7772 +edge_152_0_-disjointig_60_6186_67457 33785 41549 61271 -1 -1 7737 0.000226398
Chain
	Aln	303	-b66b720f-3921-43ee-856e-a3047c1ff9ae 3 7767 7772 -edge_152_0_-disjointig_60_6186_67457 19721 27485 61271 -1 -1 7737 0.000226398
Chain
	Aln	225	+2ee2e6a2-abee-4c69-a76d-e80116b84fae 12 3768 3770 -edge_113_0_+disjointig_63_0_39436 20198 23953 39436 -1 -1 3733 0
Chain
	Aln	224	-2ee2e6a2-abee-4c69-a76d-e80116b84fae 1 3757 3770 +edge_113_0_+disjointig_63_0_39436 15482 19237 39436 -1 -1 3733 0
Chain
	Aln	303	+f1bf35a3-d821-4e67-a0a2-5bdf79fe511e 14 6932 6945 -edge_152_0_-disjointig_60_6186_67457 24730 31643 61271 -1 -1 6582 0.00538385
Chain
	Aln	302	-f1bf35a3-d821-4e67-a0a2-5bdf79fe511e 12 6930 6945 +edge_152_0_-disjointig_60_6186_67457 29627 36540 61271 -1 -1 6582 0.00538385
Chain
	Aln	50	+602672fe-9660-41bb-904f-16577c35eb69 42 3799 3804 +edge_26_0_+disjointig_20_0_104137 16574 20331 104137 -1 -1 3735 0
Chain
	Aln	51	-602672fe-9660-41bb-904f-16577c35eb69 4 3761 3804 -edge_26_0_+disjointig_20_0_104137 83805 87562 104137 -1 -1 3735 0
Chain
	Aln	313	+a6a13e68-e042-4eda-9cea-5866497b8ed8 8 21889 21937 -edge_157_0_+disjointig_26_0_75776 12683 34594 75776 -1 -1 18237 0.0171429
Chain
	Aln	312	-a6a13e68-e042-4eda-9cea-5866497b8ed8 47 21928 21937 +edge_157_0_+disjointig_26_0_75776 41181 63092 75776 -1 -1 18237 0.0171429
Chain
	Aln	225	+31a7ba59-29c8-4294-abc2-a637d9fda1f8 10 6698 6700 -edge_113_0_+disjointig_63_0_39436 16450 23144 39436 -1 -1 6638 0
Chain
	Aln	224	-31a7ba59-29c8-4294-abc2-a637d9fda1f8 1 6689 6700 +edge_113_0_+disjointig_63_0_39436 16291 22985 39436 -1 -1 6638 0
Chain
	Aln	225	+9c626e04-1337-4272-beb3-4ef241c5a77d 12 4357 4366 -edge_113_0_+disjointig_63_0_39436 24595 28926 39436 -1 -1 4043 0.00727483
Chain
	Aln	224	-9c626e04-1337-4272-beb3-4ef241c5a77d 8 4353 4366 +edge_113_0_+disjointig_63_0_39436 10509 14840 39436 -1 -1 4043 0.00727483
Chain
	Aln	179	+faf11608-200f-4a89-b6be-f952748b6ac4 11 10825 10830 -edge_90_0_-disjointig_61_33235_113950 34753 45592 80715 -1 -1 10068 0.0084617
Chain
	Aln	178	-faf11608-200f-4a89-b6be-f952748b6ac4 4 10818 10830 +edge_90_0_-disjointig_61_33235_113950 35122 45961 80715 -1 -1 10068 0.0084617
Chain
	Aln	323	+cbcdb434-6643-46e0-91a1-6ee9e439da03 4 7166 12087 -edge_162_1_+disjointig_38_14800_26877 4902 12076 12077 -1 -1 6947 0.00393704
	Aln	323	+cbcdb434-6643-46e0-91a1-6ee9e439da03 7177 12053 12087 -edge_162_0_+disjointig_38_2796_14800 10 4884 12004 -1 -1 4752 0.00363055
Chain
	Aln	322	-cbcdb434-6643-46e0-91a1-6ee9e439da03 33 4909 12087 +edge_162_0_+disjointig_38_2796_14800 7119 11993 12004 -1 -1 4752 0.00363055
	Aln	322	-cbcdb434-6643-46e0-91a1-6ee9e439da03 4920 12082 12087 +edge_162_1_+disjointig_38_14800_26877 0 7174 12077 -1 -1 6947 0.00393704
Chain
	Aln	246	+24ee1e3d-4591-4f55-81e6-f0c1fcd45e1a 4 13880 13884 +edge_124_0_+disjointig_70_0_27545 10535 24407 27545 -1 -1 13766 0.00108266
Chain
	Aln	247	-24ee1e3d-4591-4f55-81e6-f0c1fcd45e1a 3 13879 13884 -edge_124_0_+disjointig_70_0_27545 3137 17009 27545 -1 -1 13766 0.00108266
Chain
	Aln	318	+83e7d5f0-a787-48b0-a25a-8092cc81b828 13 5520 5525 +edge_160_0_-disjointig_48_0_101253 2386 7893 101253 -1 -1 5465 0.000692296
Chain
	Aln	319	-83e7d5f0-a787-48b0-a25a-8092cc81b828 4 5511 5525 -edge_160_0_-disjointig_48_0_101253 93359 98866 101253 -1 -1 5465 0.000692296
Chain
	Aln	49	+9c253c5d-d313-44da-b682-a6879d0f5e2e 19 12418 12422 -edge_25_0_+disjointig_2_0_55897 39796 52144 55897 -1 -1 12002 0.00215089
Chain
	Aln	48	-9c253c5d-d313-44da-b682-a6879d0f5e2e 3 12402 12422 +edge_25_0_+disjointig_2_0_55897 3752 16100 55897 -1 -1 12002 0.00215089
Chain
	Aln	332	+d4ac6184-e97d-40ab-83d3-81596c68871b 17 6253 6255 +edge_167_0_-disjointig_64_0_49685 2800 9035 49685 -1 -1 6146 0.00195653
Chain
	Aln	333	-d4ac6184-e97d-40ab-83d3-81596c68871b 1 6237 6255 -edge_167_0_-disjointig_64_0_49685 40649 46884 49685 -1 -1 6146 0.00195653
Chain
	Aln	312	+30bbf149-6502-457e-b930-7e6daaca089e 30 21700 21704 +edge_157_0_+disjointig_26_0_75776 41158 63079 75776 -1 -1 14112 0.0422305
Chain
	Aln	313	-30bbf149-6502-457e-b930-7e6daaca089e 3 21673 21704 -edge_157_0_+disjointig_26_0_75776 12696 34617 75776 -1 -1 14112 0.0422305
Chain
	Aln	322	+b5029b21-969f-4c3b-ac6b-911f2944d1d7 9 4531 4533 +edge_162_1_+disjointig_38_14800_26877 4311 8840 12077 -1 -1 4461 0.0034747
Chain
	Aln	323	-b5029b21-969f-4c3b-ac6b-911f2944d1d7 1 4523 4533 -edge_162_1_+disjointig_38_14800_26877 3236 7765 12077 -1 -1 4461 0.0034747
Chain
	Aln	217	+020a32c7-f2b6-4a15-b67c-fb226dc1a83f 14 5761 5763 -edge_109_0_+disjointig_58_0_33005 1527 7269 33005 -1 -1 5698 0.00138428
Chain
	Aln	216	-020a32c7-f2b6-4a15-b67c-fb226dc1a83f 1 5748 5763 +edge_109_0_+disjointig_58_0_33005 25735 31477 33005 -1 -1 5698 0.00138428
Chain
	Aln	323	+1ad8938c-6629-4171-b551-bcd2d4e46d8b 7 3572 8679 -edge_162_1_+disjointig_38_14800_26877 8507 12076 12077 -1 -1 1953 0.050838
	Aln	323	+1ad8938c-6629-4171-b551-bcd2d4e46d8b 3583 8645 8679 -edge_162_0_+disjointig_38_2796_14800 11 5056 12004 -1 -1 2783 0.0541506
Chain
	Aln	322	-1ad8938c-6629-4171-b551-bcd2d4e46d8b 33 5095 8679 +edge_162_0_+disjointig_38_2796_14800 6947 11992 12004 -1 -1 2783 0.0541506
	Aln	322	-1ad8938c-6629-4171-b551-bcd2d4e46d8b 5106 8671 8679 +edge_162_1_+disjointig_38_14800_26877 0 3569 12077 -1 -1 1953 0.050838
Chain
	Aln	349	+543bb6f2-a06b-449b-80db-e7a7259090a1 9 2830 2832 -edge_175_0_+disjointig_49_27612_70378 27752 30578 42766 -1 -1 2798 0.0028195
Chain
	Aln	348	-543bb6f2-a06b-449b-80db-e7a7259090a1 1 2822 2832 +edge_175_0_+disjointig_49_27612_70378 12187 15013 42766 -1 -1 2798 0.0028195
Chain
	Aln	351	+49a5520f-2e64-4259-a5a2-db617cb2116a 12 2993 3063 -edge_176_0_+disjointig_68_0_26846 3802 6808 26846 -1 -1 2886 0.00490835
Chain
	Aln	350	-49a5520f-2e64-4259-a5a2-db617cb2116a 69 3050 3063 +edge_176_0_+disjointig_68_0_26846 20037 23043 26846 -1 -1 2886 0.00490835
Chain
	Aln	307	+d7238242-f68b-4467-8ea1-89cb50b1615f 18 8878 9172 -edge_154_0_+disjointig_18_11964_26268 579 9443 14304 -1 -1 8039 0.0106773
Chain
	Aln	306	-d7238242-f68b-4467-8ea1-89cb50b1615f 293 9153 9172 +edge_154_0_+disjointig_18_11964_26268 4860 13724 14304 -1 -1 8039 0.0106773
Chain
	Aln	238	+bb7b0c39-d7c6-4164-90f6-89ed84eb99d8 4 3207 3211 +edge_120_0_-disjointig_87_6236_62149 44941 48148 55913 -1 -1 3107 0.00377345
Chain
	Aln	239	-bb7b0c39-d7c6-4164-90f6-89ed84eb99d8 3 3206 3211 -edge_120_0_-disjointig_87_6236_62149 7764 10971 55913 -1 -1 3107 0.00377345
Chain
	Aln	341	+db93e0d1-4c58-42a6-b4f4-69d3bf1ca759 23 2344 2349 -edge_171_0_+disjointig_44_0_83253 50002 52324 83253 -1 -1 2268 0.00191726
Chain
	Aln	340	-db93e0d1-4c58-42a6-b4f4-69d3bf1ca759 4 2325 2349 +edge_171_0_+disjointig_44_0_83253 30928 33250 83253 -1 -1 2268 0.00191726
Chain
	Aln	299	+be0b4df3-9747-4acc-9932-296cc9b884a6 10 2366 2371 -edge_150_0_+disjointig_11_11851_75629 49318 51674 63778 -1 -1 2320 0.0029167
Chain
	Aln	298	-be0b4df3-9747-4acc-9932-296cc9b884a6 4 2360 2371 +edge_150_0_+disjointig_11_11851_75629 12103 14459 63778 -1 -1 2320 0.0029167
Chain
	Aln	265	+0ac1f17d-b967-459c-b7f9-a7c08455b1db 720 4362 4364 -edge_133_0_+disjointig_8_0_56180 12 3654 56180 -1 -1 3612 0.000999549
Chain
	Aln	264	-0ac1f17d-b967-459c-b7f9-a7c08455b1db 1 3643 4364 +edge_133_0_+disjointig_8_0_56180 52525 56167 56180 -1 -1 3612 0.000999549
Chain
	Aln	20	+3cdbe46e-a795-448b-93e7-198fd4b3bfe2 37 3595 3601 +edge_11_0_+disjointig_106_0_11126 7492 11050 11126 -1 -1 3428 0.00288283
Chain
	Aln	21	-3cdbe46e-a795-448b-93e7-198fd4b3bfe2 5 3563 3601 -edge_11_0_+disjointig_106_0_11126 75 3633 11126 -1 -1 3428 0.00288283
Chain
	Aln	211	+50c175e5-3cf3-4ac9-b0b8-fc36d184eaa0 13 6067 6070 -edge_106_0_+disjointig_77_4957_29687 6545 12589 24730 -1 -1 5933 0.00162776
Chain
	Aln	210	-50c175e5-3cf3-4ac9-b0b8-fc36d184eaa0 2 6056 6070 +edge_106_0_+disjointig_77_4957_29687 12140 18184 24730 -1 -1 5933 0.00162776
Chain
	Aln	193	+84569b37-f91d-4201-95f4-f1fedddd563a 8 8956 9728 -edge_97_0_+disjointig_5_0_31051 16209 25184 31051 -1 -1 8775 0.00221652
Chain
	Aln	192	-84569b37-f91d-4201-95f4-f1fedddd563a 771 9719 9728 +edge_97_0_+disjointig_5_0_31051 5866 14841 31051 -1 -1 8775 0.00221652
Chain
	Aln	348	+f24addf7-2258-4953-9227-ea901368d5b1 4 3593 3595 +edge_175_1_+disjointig_49_70378_113247 15892 19537 42869 -1 -1 3053 0.0125013
Chain
	Aln	349	-f24addf7-2258-4953-9227-ea901368d5b1 1 3590 3595 -edge_175_1_+disjointig_49_70378_113247 23331 26976 42869 -1 -1 3053 0.0125013
Chain
	Aln	35	+9c32f2bf-5d6d-4072-9595-dab1ba05fcde 13 5254 5261 -edge_18_0_+disjointig_13_0_57208 15019 20262 57208 -1 -1 5078 0.00315948
Chain
	Aln	34	-9c32f2bf-5d6d-4072-9595-dab1ba05fcde 6 5247 5261 +edge_18_0_+disjointig_13_0_57208 36945 42188 57208 -1 -1 5078 0.00315948
Chain
	Aln	254	+09778b80-c5dc-45c5-a4d6-d3e1ed08604c 20 4088 4110 +edge_128_0_-disjointig_81_3396_22876 11365 15454 19480 -1 -1 3681 0.0129113
Chain
	Aln	255	-09778b80-c5dc-45c5-a4d6-d3e1ed08604c 21 4089 4110 -edge_128_0_-disjointig_81_3396_22876 4025 8114 19480 -1 -1 3681 0.0129113
Chain
	Aln	336	+caccde29-3baa-41ca-97a7-07f8ff976590 7 2241 2243 +edge_169_0_+disjointig_66_0_52611 11818 14053 52611 -1 -1 2216 0.00172483
Chain
	Aln	337	-caccde29-3baa-41ca-97a7-07f8ff976590 1 2235 2243 -edge_169_0_+disjointig_66_0_52611 38557 40792 52611 -1 -1 2216 0.00172483
Chain
	Aln	304	+ebaa79f2-afac-4f78-a046-bec948bc525f 21 4400 4403 +edge_153_0_+disjointig_12_8982_46009 8422 12807 37027 -1 -1 4329 0.00127119
Chain
	Aln	305	-ebaa79f2-afac-4f78-a046-bec948bc525f 2 4381 4403 -edge_153_0_+disjointig_12_8982_46009 24219 28604 37027 -1 -1 4329 0.00127119
Chain
	Aln	186	+d6f3d94b-0981-4fcf-9df0-870b4f3aca23 12 2078 2080 +edge_94_0_+disjointig_47_0_105696 71857 73926 105696 -1 -1 2048 0.00104121
Chain
	Aln	187	-d6f3d94b-0981-4fcf-9df0-870b4f3aca23 1 2067 2080 -edge_94_0_+disjointig_47_0_105696 31769 33838 105696 -1 -1 2048 0.00104121
Chain
	Aln	357	+607c465c-2653-45a0-a490-71837d339812 35 14017 14063 -edge_179_0_+disjointig_67_0_82889 32887 46979 82889 -1 -1 12743 0.00708149
Chain
	Aln	356	-607c465c-2653-45a0-a490-71837d339812 45 14027 14063 +edge_179_0_+disjointig_67_0_82889 35909 50001 82889 -1 -1 12743 0.00708149
Chain
	Aln	50	+10cc80b1-8ecf-4768-a8a7-491c095509ce 8 5689 5699 +edge_26_0_+disjointig_20_0_104137 16768 22445 104137 -1 -1 5557 0.00175319
Chain
	Aln	51	-10cc80b1-8ecf-4768-a8a7-491c095509ce 9 5690 5699 -edge_26_0_+disjointig_20_0_104137 81691 87368 104137 -1 -1 5557 0.00175319
Chain
	Aln	305	+ce80a246-d595-4a47-8b60-29946393b8dc 8 6793 11130 -edge_153_0_+disjointig_12_8982_46009 30228 37026 37027 -1 -1 6347 0.00740963
	Aln	303	+ce80a246-d595-4a47-8b60-29946393b8dc 6808 11121 11130 -edge_152_0_-disjointig_60_6186_67457 14 4335 61271 -1 -1 4029 0.00848808
Chain
	Aln	302	-ce80a246-d595-4a47-8b60-29946393b8dc 8 4321 11130 +edge_152_0_-disjointig_60_6186_67457 56935 61256 61271 -1 -1 4029 0.00848808
	Aln	304	-ce80a246-d595-4a47-8b60-29946393b8dc 4336 11121 11130 +edge_153_0_+disjointig_12_8982_46009 0 6798 37027 -1 -1 6347 0.00740963
Chain
	Aln	217	+a2f7492d-ac50-4667-bf42-5d603829baf9 8 19174 19181 -edge_109_0_+disjointig_58_0_33005 7 19181 33005 -1 -1 18908 0.00134518
Chain
	Aln	216	-a2f7492d-ac50-4667-bf42-5d603829baf9 6 19172 19181 +edge_109_0_+disjointig_58_0_33005 13823 32997 33005 -1 -1 18908 0.00134518
Chain
	Aln	349	+35734b8f-1084-4316-993c-133c5bef266c 3 2523 2531 -edge_175_1_+disjointig_49_70378_113247 1081 3602 42869 -1 -1 2505 0.00284971
Chain
	Aln	348	-35734b8f-1084-4316-993c-133c5bef266c 7 2527 2531 +edge_175_1_+disjointig_49_70378_113247 39266 41787 42869 -1 -1 2505 0.00284971
Chain
	Aln	264	+1ea9ff21-1538-4275-930f-db0bfef42b3a 1 5079 5082 +edge_133_0_+disjointig_8_0_56180 1 5082 56180 -1 -1 5037 0
Chain
	Aln	265	-1ea9ff21-1538-4275-930f-db0bfef42b3a 2 5080 5082 -edge_133_0_+disjointig_8_0_56180 51097 56178 56180 -1 -1 5037 0
Chain
	Aln	179	+f5e1af32-820b-451b-8c4e-91b297aa18f5 11 3912 3914 -edge_90_0_-disjointig_61_33235_113950 42254 46154 80715 -1 -1 3868 0.00101853
Chain
	Aln	178	-f5e1af32-820b-451b-8c4e-91b297aa18f5 1 3902 3914 +edge_90_0_-disjointig_61_33235_113950 34560 38460 80715 -1 -1 3868 0.00101853
Chain
	Aln	195	+17549fef-31cc-4185-92a3-229551705ec2 11 16887 16891 -edge_98_0_+disjointig_51_0_39741 5036 21916 39741 -1 -1 16787 0.00134481
Chain
	Aln	194	-17549fef-31cc-4185-92a3-229551705ec2 3 16879 16891 +edge_98_0_+disjointig_51_0_39741 17824 34704 39741 -1 -1 16787 0.00134481
Chain
	Aln	35	+b8ccaa37-3cbc-47a5-8531-5f958f0fc59f 9 17311 17327 -edge_18_0_+disjointig_13_0_57208 2626 19931 57208 -1 -1 17012 0.0024941
Chain
	Aln	34	-b8ccaa37-3cbc-47a5-8531-5f958f0fc59f 15 17317 17327 +edge_18_0_+disjointig_13_0_57208 37276 54581 57208 -1 -1 17012 0.0024941
Chain
	Aln	104	+d5ca2a33-7df0-4c33-a2e2-b34198969499 6 2213 2705 +edge_53_0_+disjointig_36_0_22667 20452 22659 22667 -1 -1 2202 0
Chain
	Aln	105	-d5ca2a33-7df0-4c33-a2e2-b34198969499 491 2698 2705 -edge_53_0_+disjointig_36_0_22667 7 2214 22667 -1 -1 2202 0
Chain
	Aln	178	+2bb0d977-c5f7-482d-b810-384587120930 11 19938 19943 +edge_90_0_-disjointig_61_33235_113950 49647 69472 80715 -1 -1 18806 0.00522376
Chain
	Aln	179	-2bb0d977-c5f7-482d-b810-384587120930 4 19931 19943 -edge_90_0_-disjointig_61_33235_113950 11242 31067 80715 -1 -1 18806 0.00522376
Chain
	Aln	239	+4a3e8ec7-b20e-483f-9e8e-a8b28da7448c 13 11618 11657 -edge_120_0_-disjointig_87_6236_62149 4322 15920 55913 -1 -1 11083 0.00460643
Chain
	Aln	238	-4a3e8ec7-b20e-483f-9e8e-a8b28da7448c 38 11643 11657 +edge_120_0_-disjointig_87_6236_62149 39992 51590 55913 -1 -1 11083 0.00460643
Chain
	Aln	312	+1de7f093-35f0-44d2-beed-8837a699eb8f 38 2688 2694 +edge_157_0_+disjointig_26_0_75776 51048 53713 75776 -1 -1 1967 0.0256137
Chain
	Aln	313	-1de7f093-35f0-44d2-beed-8837a699eb8f 5 2655 2694 -edge_157_0_+disjointig_26_0_75776 22062 24727 75776 -1 -1 1967 0.0256137
Chain
	Aln	38	+36248f45-8489-4b2a-adda-a323d1b7e16b 5 3338 3345 +edge_20_0_+disjointig_15_0_99894 58589 61922 99894 -1 -1 3323 0
Chain
	Aln	39	-36248f45-8489-4b2a-adda-a323d1b7e16b 6 3339 3345 -edge_20_0_+disjointig_15_0_99894 37971 41304 99894 -1 -1 3323 0
Chain
	Aln	276	+f56c5e3b-1aee-479d-b3df-90ed5c0950a2 7 2333 2335 +edge_139_0_+disjointig_90_0_45227 22572 24897 45227 -1 -1 2316 0.00087627
Chain
	Aln	277	-f56c5e3b-1aee-479d-b3df-90ed5c0950a2 1 2327 2335 -edge_139_0_+disjointig_90_0_45227 20329 22654 45227 -1 -1 2316 0.00087627
Chain
	Aln	319	+8f183324-b78e-4544-8847-a59ba21d02d6 11 8743 8750 -edge_160_0_-disjointig_48_0_101253 88142 96887 101253 -1 -1 8691 0.000651941
Chain
	Aln	318	-8f183324-b78e-4544-8847-a59ba21d02d6 6 8738 8750 +edge_160_0_-disjointig_48_0_101253 4365 13110 101253 -1 -1 8691 0.000651941
Chain
	Aln	232	+757fc2ee-7bd7-4a26-ad5f-56040e04d94d 3 15934 15938 +edge_117_0_+disjointig_69_0_75545 5515 21452 75545 -1 -1 15786 0.000841143
Chain
	Aln	233	-757fc2ee-7bd7-4a26-ad5f-56040e04d94d 3 15934 15938 -edge_117_0_+disjointig_69_0_75545 54092 70029 75545 -1 -1 15786 0.000841143
Chain
	Aln	318	+fc77e9f9-2b15-4b82-b803-ee180014f5d2 9 8756 8764 +edge_160_0_-disjointig_48_0_101253 4347 13096 101253 -1 -1 8581 0.00215852
Chain
	Aln	319	-fc77e9f9-2b15-4b82-b803-ee180014f5d2 7 8754 8764 -edge_160_0_-disjointig_48_0_101253 88156 96905 101253 -1 -1 8581 0.00215852
Chain
	Aln	99	+edc89999-0534-49c2-affc-b4723cc3f157 12 24777 24780 -edge_50_0_+disjointig_33_0_54467 11539 36305 54467 -1 -1 24678 0
Chain
	Aln	98	-edc89999-0534-49c2-affc-b4723cc3f157 2 24767 24780 +edge_50_0_+disjointig_33_0_54467 18161 42927 54467 -1 -1 24678 0
Chain
	Aln	307	+f2ba1407-1599-43a9-8aa2-e198bf613cb3 19 2303 2309 -edge_154_0_+disjointig_18_11964_26268 1765 4057 14304 -1 -1 2221 0.00658604
Chain
	Aln	306	-f2ba1407-1599-43a9-8aa2-e198bf613cb3 5 2289 2309 +edge_154_0_+disjointig_18_11964_26268 10246 12538 14304 -1 -1 2221 0.00658604
Chain
	Aln	172	+56f96cc1-94d5-4d4f-8e58-bb3b4336cdc8 9 12692 12700 +edge_87_0_+disjointig_50_31455_62704 4568 17245 31249 -1 -1 12595 0.00127508
Chain
	Aln	173	-56f96cc1-94d5-4d4f-8e58-bb3b4336cdc8 7 12690 12700 -edge_87_0_+disjointig_50_31455_62704 14003 26680 31249 -1 -1 12595 0.00127508
Chain
	Aln	360	+1eabc7eb-a381-4ff7-9152-d0c2c3f228ac 9 4900 4906 +edge_181_0_+disjointig_74_2530_48718 30461 35351 46188 -1 -1 4826 0.00180788
Chain
	Aln	361	-1eabc7eb-a381-4ff7-9152-d0c2c3f228ac 5 4896 4906 -edge_181_0_+disjointig_74_2530_48718 10836 15726 46188 -1 -1 4826 0.00180788
Chain
	Aln	313	+d8ff2caa-4fcc-4618-be8e-cdc75ed04120 13 2477 2483 -edge_157_0_+disjointig_26_0_75776 47557 50020 75776 -1 -1 2432 3.87793e-05
Chain
	Aln	312	-d8ff2caa-4fcc-4618-be8e-cdc75ed04120 5 2469 2483 +edge_157_0_+disjointig_26_0_75776 25755 28218 75776 -1 -1 2432 3.87793e-05
Chain
	Aln	93	+72ae33d0-9b59-454a-9f75-5bc3c9102e42 7 6513 6524 -edge_47_0_+disjointig_30_0_164630 104242 110748 164630 -1 -1 6423 0.00105772
Chain
	Aln	92	-72ae33d0-9b59-454a-9f75-5bc3c9102e42 10 6516 6524 +edge_47_0_+disjointig_30_0_164630 53881 60387 164630 -1 -1 6423 0.00105772
Chain
	Aln	312	+e7a5046d-947b-466e-b161-8a6e2bd92057 14 2050 2059 +edge_157_0_+disjointig_26_0_75776 14660 16699 75776 -1 -1 1998 0.00396779
Chain
	Aln	313	-e7a5046d-947b-466e-b161-8a6e2bd92057 8 2044 2059 -edge_157_0_+disjointig_26_0_75776 59076 61115 75776 -1 -1 1998 0.00396779
Chain
	Aln	195	+2f7467c5-d9dd-4630-a23f-b348c3bdc2dc 7 8249 8251 -edge_98_0_+disjointig_51_0_39741 5922 14282 39741 -1 -1 7635 0.00788014
Chain
	Aln	194	-2f7467c5-d9dd-4630-a23f-b348c3bdc2dc 1 8243 8251 +edge_98_0_+disjointig_51_0_39741 25458 33818 39741 -1 -1 7635 0.00788014
Chain
	Aln	103	+14741bb3-427d-4c44-87da-a878e5f7f13c 6 2081 2088 -edge_52_0_+disjointig_35_0_49615 30337 32412 49615 -1 -1 2075 0.00121155
Chain
	Aln	102	-14741bb3-427d-4c44-87da-a878e5f7f13c 6 2081 2088 +edge_52_0_+disjointig_35_0_49615 17202 19277 49615 -1 -1 2075 0.00121155
Chain
	Aln	328	+df8060be-3cd4-4609-a483-1d18434e7c70 7 4505 4514 +edge_165_0_+disjointig_54_0_66147 17769 22261 66147 -1 -1 4198 0.00531406
Chain
	Aln	329	-df8060be-3cd4-4609-a483-1d18434e7c70 8 4506 4514 -edge_165_0_+disjointig_54_0_66147 43885 48377 66147 -1 -1 4198 0.00531406
Chain
	Aln	98	+c89db9dc-295f-4895-92b2-11da0d56958b 15 2682 2688 +edge_50_0_+disjointig_33_0_54467 20405 23071 54467 -1 -1 2649 0.000998129
Chain
	Aln	99	-c89db9dc-295f-4895-92b2-11da0d56958b 5 2672 2688 -edge_50_0_+disjointig_33_0_54467 31395 34061 54467 -1 -1 2649 0.000998129
Chain
	Aln	233	+290fc5c9-9fbe-4678-8c73-1287d5c83c84 9 21473 21475 -edge_117_0_+disjointig_69_0_75545 54077 75543 75545 -1 -1 21170 0.00161864
Chain
	Aln	232	-290fc5c9-9fbe-4678-8c73-1287d5c83c84 1 21465 21475 +edge_117_0_+disjointig_69_0_75545 1 21467 75545 -1 -1 21170 0.00161864
Chain
	Aln	96	+baf1d167-0fdd-4d8f-8b13-058f9eb629d6 9 8006 8011 +edge_49_0_+disjointig_32_0_79547 403 8405 79547 -1 -1 7833 0.00314475
Chain
	Aln	97	-baf1d167-0fdd-4d8f-8b13-058f9eb629d6 4 8001 8011 -edge_49_0_+disjointig_32_0_79547 71141 79143 79547 -1 -1 7833 0.00314475
Chain
	Aln	319	+d5dddf7f-9ef5-4f3e-b038-6959e03fab2e 11 6725 6730 -edge_160_0_-disjointig_48_0_101253 65460 72173 101253 -1 -1 6690 0.000183961
Chain
	Aln	318	-d5dddf7f-9ef5-4f3e-b038-6959e03fab2e 4 6718 6730 +edge_160_0_-disjointig_48_0_101253 29079 35792 101253 -1 -1 6690 0.000183961
Chain
	Aln	97	+57e316e2-0d47-4fe7-9968-8a1cb926ab0c 21 14888 14896 -edge_49_0_+disjointig_32_0_79547 23208 38073 79547 -1 -1 14610 0.000985442
Chain
	Aln	96	-57e316e2-0d47-4fe7-9968-8a1cb926ab0c 7 14874 14896 +edge_49_0_+disjointig_32_0_79547 41473 56338 79547 -1 -1 14610 0.000985442
Chain
	Aln	220	+5a550483-6696-4911-a114-0991610fdea2 2 4696 4698 +edge_111_0_+disjointig_6_0_62673 34126 38825 62673 -1 -1 4625 0.00362782
Chain
	Aln	221	-5a550483-6696-4911-a114-0991610fdea2 1 4695 4698 -edge_111_0_+disjointig_6_0_62673 23847 28546 62673 -1 -1 4625 0.00362782
Chain
	Aln	101	+9ff6dc21-891b-4475-9aaa-68dd80701887 9 7530 7534 -edge_51_0_+disjointig_34_0_132203 93458 100979 132203 -1 -1 7440 0.00194039
Chain
	Aln	100	-9ff6dc21-891b-4475-9aaa-68dd80701887 3 7524 7534 +edge_51_0_+disjointig_34_0_132203 31223 38744 132203 -1 -1 7440 0.00194039
Chain
	Aln	156	+1c77b84b-a605-4808-b908-fecb064cb4c4 10 7059 7075 +edge_79_0_+disjointig_44_99890_232551 75494 82546 132661 -1 -1 6918 0.00154394
Chain
	Aln	157	-1c77b84b-a605-4808-b908-fecb064cb4c4 15 7064 7075 -edge_79_0_+disjointig_44_99890_232551 50114 57166 132661 -1 -1 6918 0.00154394
Chain
	Aln	50	+7ed9bf75-d293-4feb-b889-296a85e8e98b 8 8914 8921 +edge_26_0_+disjointig_20_0_104137 38253 47168 104137 -1 -1 8620 0.00219806
Chain
	Aln	51	-7ed9bf75-d293-4feb-b889-296a85e8e98b 6 8912 8921 -edge_26_0_+disjointig_20_0_104137 56968 65883 104137 -1 -1 8620 0.00219806
Chain
	Aln	39	+d5eede64-d952-4601-a992-6ed97d2f6781 10 2763 2770 -edge_20_0_+disjointig_15_0_99894 13913 16667 99894 -1 -1 2744 0
Chain
	Aln	38	-d5eede64-d952-4601-a992-6ed97d2f6781 6 2759 2770 +edge_20_0_+disjointig_15_0_99894 83226 85980 99894 -1 -1 2744 0
Chain
	Aln	156	+5a5cc8ea-6cc9-4fdd-9209-f8b6549cb35a 34 19838 19842 +edge_79_0_+disjointig_44_99890_232551 108543 128349 132661 -1 -1 19356 0.00273637
Chain
	Aln	157	-5a5cc8ea-6cc9-4fdd-9209-f8b6549cb35a 3 19807 19842 -edge_79_0_+disjointig_44_99890_232551 4311 24117 132661 -1 -1 19356 0.00273637
Chain
	Aln	349	+49487fb7-33dc-41ac-b6f3-f258c35bd9d4 3 5040 5043 -edge_175_0_+disjointig_49_27612_70378 27710 32747 42766 -1 -1 4916 0.00292642
Chain
	Aln	348	-49487fb7-33dc-41ac-b6f3-f258c35bd9d4 2 5039 5043 +edge_175_0_+disjointig_49_27612_70378 10018 15055 42766 -1 -1 4916 0.00292642
Chain
	Aln	328	+b90bdf1b-d666-4610-a3fb-fc30ef2942f5 10807 48713 48715 +edge_165_0_+disjointig_54_0_66147 8 37895 66147 -1 -1 36869 0.00224926
Chain
	Aln	329	-b90bdf1b-d666-4610-a3fb-fc30ef2942f5 1 37907 48715 -edge_165_0_+disjointig_54_0_66147 28251 66138 66147 -1 -1 36869 0.00224926
Chain
	Aln	311	+4e5a8c71-6d2b-45ef-9169-285881057141 22 2442 2446 -edge_156_0_+disjointig_23_18615_58974 19949 22371 40359 -1 -1 2397 0.00144521
Chain
	Aln	310	-4e5a8c71-6d2b-45ef-9169-285881057141 3 2423 2446 +edge_156_0_+disjointig_23_18615_58974 17987 20409 40359 -1 -1 2397 0.00144521
Chain
	Aln	304	+6d148bab-e8c7-4ba8-ad7d-7ab098d8e7df 12 2087 2091 +edge_153_0_+disjointig_12_8982_46009 17858 19933 37027 -1 -1 2071 0.000735241
Chain
	Aln	305	-6d148bab-e8c7-4ba8-ad7d-7ab098d8e7df 3 2078 2091 -edge_153_0_+disjointig_12_8982_46009 17093 19168 37027 -1 -1 2071 0.000735241
Chain
	Aln	223	+c4ccef29-6923-4a09-a191-d339605d253e 5 16920 16928 -edge_112_0_+disjointig_62_0_57746 7328 24291 57746 -1 -1 16229 0.00527934
Chain
	Aln	222	-c4ccef29-6923-4a09-a191-d339605d253e 7 16922 16928 +edge_112_0_+disjointig_62_0_57746 33454 50417 57746 -1 -1 16229 0.00527934
Chain
	Aln	247	+a4ebede3-3cbd-46d9-a5d1-8f6373b4114f 10 8606 8613 -edge_124_0_+disjointig_70_0_27545 14975 23572 27545 -1 -1 8534 0.00105077
Chain
	Aln	246	-a4ebede3-3cbd-46d9-a5d1-8f6373b4114f 6 8602 8613 +edge_124_0_+disjointig_70_0_27545 3972 12569 27545 -1 -1 8534 0.00105077
Chain
	Aln	148	+51af1738-bf5f-4661-9d5b-694e4d5dbd83 9 2051 3227 +edge_75_1_-disjointig_44_140004_143003 286 2253 2999 -1 -1 1827 0.00560462
Chain
	Aln	149	-51af1738-bf5f-4661-9d5b-694e4d5dbd83 1175 3217 3227 -edge_75_1_-disjointig_44_140004_143003 745 2712 2999 -1 -1 1827 0.00560462
Chain
	Aln	336	+c788998e-f563-4cea-8d09-0b9861166507 13 7943 7951 +edge_169_0_+disjointig_66_0_52611 4720 12646 52611 -1 -1 7864 0.000680125
Chain
	Aln	337	-c788998e-f563-4cea-8d09-0b9861166507 7 7937 7951 -edge_169_0_+disjointig_66_0_52611 39964 47890 52611 -1 -1 7864 0.000680125
Chain
	Aln	54	+a7594dc6-f3d7-460a-ae5c-03e326656d37 7 12522 12525 +edge_28_0_+disjointig_22_0_197748 140587 153101 197748 -1 -1 12340 0.00154443
Chain
	Aln	55	-a7594dc6-f3d7-460a-ae5c-03e326656d37 2 12517 12525 -edge_28_0_+disjointig_22_0_197748 44646 57160 197748 -1 -1 12340 0.00154443
Chain
	Aln	97	+571496f6-cb3b-49fd-a93d-108bb4e22307 14 30491 30497 -edge_49_0_+disjointig_32_0_79547 44833 75347 79547 -1 -1 29748 0.00287549
Chain
	Aln	96	-571496f6-cb3b-49fd-a93d-108bb4e22307 5 30482 30497 +edge_49_0_+disjointig_32_0_79547 4199 34713 79547 -1 -1 29748 0.00287549
Chain
	Aln	297	+f63c9141-900f-416a-87fd-6627d643c72e 24 2674 2679 -edge_149_0_-disjointig_16_0_79715 9246 11896 79715 -1 -1 2617 0.00225084
Chain
	Aln	296	-f63c9141-900f-416a-87fd-6627d643c72e 4 2654 2679 +edge_149_0_-disjointig_16_0_79715 67818 70468 79715 -1 -1 2617 0.00225084
Chain
	Aln	206	+b35a63bd-1798-4cc7-9c5c-cf4d117f2bba 34 4795 4798 +edge_104_0_+disjointig_56_0_67458 30405 35232 67458 -1 -1 3393 0.0296864
Chain
	Aln	207	-b35a63bd-1798-4cc7-9c5c-cf4d117f2bba 2 4763 4798 -edge_104_0_+disjointig_56_0_67458 32225 37052 67458 -1 -1 3393 0.0296864
Chain
	Aln	52	+e322940b-7f65-4186-9236-25ad2b3bfcfe 5 4175 4182 +edge_27_0_+disjointig_21_0_54132 13228 17397 54132 -1 -1 4138 0
Chain
	Aln	53	-e322940b-7f65-4186-9236-25ad2b3bfcfe 6 4176 4182 -edge_27_0_+disjointig_21_0_54132 36734 40903 54132 -1 -1 4138 0
Chain
	Aln	344	+cd943163-bcd0-464e-84d1-b134563b6109 17 4537 4547 +edge_173_0_-disjointig_53_5113_59202 41126 45646 54089 -1 -1 4497 0.00163736
Chain
	Aln	345	-cd943163-bcd0-464e-84d1-b134563b6109 9 4529 4547 -edge_173_0_-disjointig_53_5113_59202 8442 12962 54089 -1 -1 4497 0.00163736
Chain
	Aln	300	+ab46a4d3-92c8-45dc-9b9c-5585bf9d44ea 16 2300 2316 +edge_151_0_+disjointig_19_0_25278 9537 11816 25278 -1 -1 2256 0.00225875
Chain
	Aln	301	-ab46a4d3-92c8-45dc-9b9c-5585bf9d44ea 15 2299 2316 -edge_151_0_+disjointig_19_0_25278 13461 15740 25278 -1 -1 2256 0.00225875
Chain
	Aln	335	+dfae232b-3eb3-4cf1-957f-3c3933e3b6b6 9 3640 4505 -edge_168_0_+disjointig_41_22847_84173 23924 27554 61326 -1 -1 3614 0.00164179
Chain
	Aln	334	-dfae232b-3eb3-4cf1-957f-3c3933e3b6b6 864 4495 4505 +edge_168_0_+disjointig_41_22847_84173 33771 37401 61326 -1 -1 3614 0.00164179
Chain
	Aln	163	+61327c5c-3319-407d-bc59-3bba457afc6c 8 2874 2878 -edge_82_0_+disjointig_61_85560_113950 22579 25446 28390 -1 -1 2852 0.00119337
Chain
	Aln	162	-61327c5c-3319-407d-bc59-3bba457afc6c 3 2869 2878 +edge_82_0_+disjointig_61_85560_113950 2943 5810 28390 -1 -1 2852 0.00119337
Chain
	Aln	288	+46de3c40-782f-4976-864e-c70d1594ccc5 10 3571 3574 +edge_145_0_+disjointig_98_0_3808 228 3791 3808 -1 -1 3502 0.00306116
Chain
	Aln	289	-46de3c40-782f-4976-864e-c70d1594ccc5 2 3563 3574 -edge_145_0_+disjointig_98_0_3808 16 3579 3808 -1 -1 3502 0.00306116
Chain
	Aln	258	+31f4ba4f-1786-4cd1-bf94-2a886944c08d 10 6028 6049 +edge_130_0_+disjointig_76_0_18842 10 6015 18842 -1 -1 5452 0.0104272
Chain
	Aln	259	-31f4ba4f-1786-4cd1-bf94-2a886944c08d 20 6038 6049 -edge_130_0_+disjointig_76_0_18842 12826 18831 18842 -1 -1 5452 0.0104272
Chain
	Aln	187	+e6daf3df-2aae-4a73-b439-ee66e14532c2 11 12523 12527 -edge_94_0_+disjointig_47_0_105696 75281 87789 105696 -1 -1 12381 0.000922125
Chain
	Aln	186	-e6daf3df-2aae-4a73-b439-ee66e14532c2 3 12515 12527 +edge_94_0_+disjointig_47_0_105696 17906 30414 105696 -1 -1 12381 0.000922125
Chain
	Aln	357	+ee80fbb3-7fc6-4497-b6fe-74c655bcc21f 9 2713 2719 -edge_179_0_+disjointig_67_0_82889 6368 9094 82889 -1 -1 2653 0.00315673
Chain
	Aln	356	-ee80fbb3-7fc6-4497-b6fe-74c655bcc21f 5 2709 2719 +edge_179_0_+disjointig_67_0_82889 73794 76520 82889 -1 -1 2653 0.00315673
Chain
	Aln	49	+b0b8883a-9dd7-4276-a7c2-1dcdef3806b9 12 2892 2895 -edge_25_0_+disjointig_2_0_55897 37351 40233 55897 -1 -1 2819 0.00409417
Chain
	Aln	48	-b0b8883a-9dd7-4276-a7c2-1dcdef3806b9 2 2882 2895 +edge_25_0_+disjointig_2_0_55897 15663 18545 55897 -1 -1 2819 0.00409417
Chain
	Aln	92	+752f706c-783e-4543-b406-38048cfb14b3 16 2490 2499 +edge_47_0_+disjointig_30_0_164630 44279 46749 164630 -1 -1 2434 0.00214884
Chain
	Aln	93	-752f706c-783e-4543-b406-38048cfb14b3 8 2482 2499 -edge_47_0_+disjointig_30_0_164630 117880 120350 164630 -1 -1 2434 0.00214884
Chain
	Aln	159	+783526e0-b607-4450-a69b-57e784b988bf 7 7932 7952 -edge_80_0_-disjointig_50_37077_62704 9451 17396 25627 -1 -1 7646 0.00319603
Chain
	Aln	158	-783526e0-b607-4450-a69b-57e784b988bf 19 7944 7952 +edge_80_0_-disjointig_50_37077_62704 8230 16175 25627 -1 -1 7646 0.00319603
Chain
	Aln	328	+10459f64-fb20-40ae-a3bf-e5660548c0b3 15 5412 6066 +edge_165_0_+disjointig_54_0_66147 12554 18036 66147 -1 -1 4809 0.00817746
Chain
	Aln	329	-10459f64-fb20-40ae-a3bf-e5660548c0b3 653 6050 6066 -edge_165_0_+disjointig_54_0_66147 48110 53592 66147 -1 -1 4809 0.00817746
Chain
	Aln	103	+17aada9f-77d3-4b8c-82e9-1de017020525 31 4329 4331 -edge_52_0_+disjointig_35_0_49615 41896 46192 49615 -1 -1 4275 0.00162234
Chain
	Aln	102	-17aada9f-77d3-4b8c-82e9-1de017020525 1 4299 4331 +edge_52_0_+disjointig_35_0_49615 3422 7718 49615 -1 -1 4275 0.00162234
Chain
	Aln	335	+acbe47b8-ebd9-4db7-b4ce-f3eb7e3f8f37 9 2391 2394 -edge_168_0_+disjointig_41_22847_84173 6679 9065 61326 -1 -1 2339 0.000290705
Chain
	Aln	334	-acbe47b8-ebd9-4db7-b4ce-f3eb7e3f8f37 2 2384 2394 +edge_168_0_+disjointig_41_22847_84173 52260 54646 61326 -1 -1 2339 0.000290705
Chain
	Aln	165	+08373a20-9443-4c15-8f66-4cfdc58283b0 16 3252 3255 -edge_83_0_-disjointig_71_8379_80660 35231 38466 72281 -1 -1 3159 0.000446034
Chain
	Aln	164	-08373a20-9443-4c15-8f66-4cfdc58283b0 2 3238 3255 +edge_83_0_-disjointig_71_8379_80660 33814 37049 72281 -1 -1 3159 0.000446034
Chain
	Aln	335	+c1fb60d7-336f-42de-beae-341ee85e0a6d 12 11005 11013 -edge_168_0_+disjointig_41_22847_84173 23161 34157 61326 -1 -1 10885 0.0022566
Chain
	Aln	334	-c1fb60d7-336f-42de-beae-341ee85e0a6d 7 11000 11013 +edge_168_0_+disjointig_41_22847_84173 27168 38164 61326 -1 -1 10885 0.0022566
Chain
	Aln	157	+6fd36e6e-dac0-4d03-a839-a5bea7545e16 16 5835 5841 -edge_79_0_+disjointig_44_99890_232551 5480 11294 132661 -1 -1 5786 0.000297808
Chain
	Aln	156	-6fd36e6e-dac0-4d03-a839-a5bea7545e16 5 5824 5841 +edge_79_0_+disjointig_44_99890_232551 121366 127180 132661 -1 -1 5786 0.000297808
Chain
	Aln	219	+27d88fdb-b7e1-4e13-8be1-9efdb6dd3d3f 29 8650 8654 -edge_110_0_+disjointig_59_0_17897 7740 16360 17897 -1 -1 8484 3.71115e-05
Chain
	Aln	218	-27d88fdb-b7e1-4e13-8be1-9efdb6dd3d3f 3 8624 8654 +edge_110_0_+disjointig_59_0_17897 1536 10156 17897 -1 -1 8484 3.71115e-05
Chain
	Aln	96	+8d93b869-1590-46fb-9f34-5f3b1e2d33b9 15 4839 4889 +edge_49_0_+disjointig_32_0_79547 43290 48125 79547 -1 -1 4772 0
Chain
	Aln	97	-8d93b869-1590-46fb-9f34-5f3b1e2d33b9 49 4873 4889 -edge_49_0_+disjointig_32_0_79547 31421 36256 79547 -1 -1 4772 0
Chain
	Aln	348	+b229538e-b2e3-49bf-a9b1-e0eb80b4a4ef 18 7682 7699 +edge_175_1_+disjointig_49_70378_113247 23382 31070 42869 -1 -1 7002 0.00977231
Chain
	Aln	349	-b229538e-b2e3-49bf-a9b1-e0eb80b4a4ef 16 7680 7699 -edge_175_1_+disjointig_49_70378_113247 11798 19486 42869 -1 -1 7002 0.00977231
Chain
	Aln	165	+89cb4366-5d25-47b7-a6d6-9a268adb25c1 8 839 8667 -edge_83_0_-disjointig_71_8379_80660 71448 72280 72281 -1 -1 826 0
	Aln	151	+89cb4366-5d25-47b7-a6d6-9a268adb25c1 845 2592 8667 -edge_76_5_-disjointig_71_6613_8379 5 1750 1766 -1 -1 1731 0.00287675
	Aln	145	+89cb4366-5d25-47b7-a6d6-9a268adb25c1 2621 3601 8667 -edge_73_7_+disjointig_61_82797_83792 13 994 995 -1 -1 970 0.00136433
	Aln	148	+89cb4366-5d25-47b7-a6d6-9a268adb25c1 3602 6230 8667 +edge_75_9_+disjointig_72_10660_13298 1 2626 2638 -1 -1 2498 0.00449088
	Aln	147	+89cb4366-5d25-47b7-a6d6-9a268adb25c1 6246 6995 8667 -edge_74_1_-disjointig_72_2127_2880 5 752 753 -1 -1 696 0.0119344
	Aln	341	+89cb4366-5d25-47b7-a6d6-9a268adb25c1 7005 8621 8667 -edge_171_0_+disjointig_44_0_83253 16 1637 83253 -1 -1 1576 0.00376907
Chain
	Aln	340	-89cb4366-5d25-47b7-a6d6-9a268adb25c1 45 1661 8667 +edge_171_0_+disjointig_44_0_83253 81615 83236 83253 -1 -1 1576 0.00376907
	Aln	146	-89cb4366-5d25-47b7-a6d6-9a268adb25c1 1671 2420 8667 +edge_74_1_-disjointig_72_2127_2880 0 747 753 -1 -1 696 0.0119344
	Aln	149	-89cb4366-5d25-47b7-a6d6-9a268adb25c1 2436 5064 8667 -edge_75_9_+disjointig_72_10660_13298 11 2636 2638 -1 -1 2498 0.00449088
	Aln	144	-89cb4366-5d25-47b7-a6d6-9a268adb25c1 5065 6045 8667 +edge_73_7_+disjointig_61_82797_83792 0 981 995 -1 -1 970 0.00136433
	Aln	150	-89cb4366-5d25-47b7-a6d6-9a268adb25c1 6074 7821 8667 +edge_76_5_-disjointig_71_6613_8379 15 1760 1766 -1 -1 1731 0.00287675
	Aln	164	-89cb4366-5d25-47b7-a6d6-9a268adb25c1 7827 8658 8667 +edge_83_0_-disjointig_71_8379_80660 0 832 72281 -1 -1 826 0
Chain
	Aln	336	+95c52400-84bc-4402-b294-25c458e4fa45 6 9056 9717 +edge_169_0_+disjointig_66_0_52611 29819 39029 52611 -1 -1 6644 0.0293575
Chain
	Aln	337	-95c52400-84bc-4402-b294-25c458e4fa45 660 9710 9717 -edge_169_0_+disjointig_66_0_52611 13581 22791 52611 -1 -1 6644 0.0293575
Chain
	Aln	53	+34d5b5ef-7c48-41ee-ba41-0448d24f94f6 48 4852 4886 -edge_27_0_+disjointig_21_0_54132 45611 50480 54132 -1 -1 3977 0.0197312
Chain
	Aln	52	-34d5b5ef-7c48-41ee-ba41-0448d24f94f6 33 4837 4886 +edge_27_0_+disjointig_21_0_54132 3651 8520 54132 -1 -1 3977 0.0197312
Chain
	Aln	319	+f4d550ce-8c17-4f76-af5e-27207b9cba8e 32 2372 2375 -edge_160_0_-disjointig_48_0_101253 10307 12654 101253 -1 -1 2284 0.00341868
Chain
	Aln	318	-f4d550ce-8c17-4f76-af5e-27207b9cba8e 2 2342 2375 +edge_160_0_-disjointig_48_0_101253 88598 90945 101253 -1 -1 2284 0.00341868
Chain
	Aln	37	+ab54fdb6-b5ff-414c-be52-3fc4eab0f700 13 8541 8550 -edge_19_0_+disjointig_14_0_104795 94817 103347 104795 -1 -1 8430 9.382e-05
Chain
	Aln	36	-ab54fdb6-b5ff-414c-be52-3fc4eab0f700 8 8536 8550 +edge_19_0_+disjointig_14_0_104795 1447 9977 104795 -1 -1 8430 9.382e-05
Chain
	Aln	341	+c3baebcb-ae41-43a5-9d9d-8bed36b8531a 7886 14880 14883 -edge_171_0_+disjointig_44_0_83253 11233 18293 83253 -1 -1 6482 0.00399473
Chain
	Aln	341	+c3baebcb-ae41-43a5-9d9d-8bed36b8531a 6 6098 14883 -edge_171_0_+disjointig_44_0_83253 2904 9019 83253 -1 -1 5978 0.00317793
Chain
	Aln	340	-c3baebcb-ae41-43a5-9d9d-8bed36b8531a 2 6996 14883 +edge_171_0_+disjointig_44_0_83253 64959 72019 83253 -1 -1 6482 0.00399473
Chain
	Aln	340	-c3baebcb-ae41-43a5-9d9d-8bed36b8531a 8784 14876 14883 +edge_171_0_+disjointig_44_0_83253 74233 80348 83253 -1 -1 5978 0.00317793
Chain
	Aln	100	+15f8a614-c8e6-4cd7-9d99-d766e9367221 3 2460 2466 +edge_51_0_+disjointig_34_0_132203 124497 126953 132203 -1 -1 2424 0.00256405
Chain
	Aln	101	-15f8a614-c8e6-4cd7-9d99-d766e9367221 5 2462 2466 -edge_51_0_+disjointig_34_0_132203 5249 7705 132203 -1 -1 2424 0.00256405
Chain
	Aln	173	+7de7e0d3-c8a7-4cb9-86e7-81ddfc2e81a7 10 17446 17456 -edge_87_0_+disjointig_50_31455_62704 2066 19510 31249 -1 -1 16635 0.00412878
Chain
	Aln	172	-7de7e0d3-c8a7-4cb9-86e7-81ddfc2e81a7 9 17445 17456 +edge_87_0_+disjointig_50_31455_62704 11738 29182 31249 -1 -1 16635 0.00412878
Chain
	Aln	55	+e174789a-4320-4ca8-9709-3712ec987627 8 13240 13242 -edge_28_0_+disjointig_22_0_197748 184500 197746 197748 -1 -1 13019 0.00266664
Chain
	Aln	54	-e174789a-4320-4ca8-9709-3712ec987627 1 13233 13242 +edge_28_0_+disjointig_22_0_197748 1 13247 197748 -1 -1 13019 0.00266664
Chain
	Aln	98	+00fc701f-9d3c-4402-9d53-5bb5057e020c 0 11210 11437 +edge_50_0_+disjointig_33_0_54467 36867 48080 54467 -1 -1 11057 0.00159697
Chain
	Aln	99	-00fc701f-9d3c-4402-9d53-5bb5057e020c 226 11436 11437 -edge_50_0_+disjointig_33_0_54467 6386 17599 54467 -1 -1 11057 0.00159697
Chain
	Aln	2	+36a95b55-1f2d-4e42-b43a-84c6666dcc54 13 3481 3492 +edge_2_0_+disjointig_10_0_56359 40100 43572 56359 -1 -1 3378 0
Chain
	Aln	3	-36a95b55-1f2d-4e42-b43a-84c6666dcc54 10 3478 3492 -edge_2_0_+disjointig_10_0_56359 12786 16258 56359 -1 -1 3378 0
Chain
	Aln	299	+096e83b0-76ce-48c9-a169-ec25399d77aa 16 14149 17571 -edge_150_0_+disjointig_11_11851_75629 49638 63777 63778 -1 -1 13864 0.00237774
	Aln	297	+096e83b0-76ce-48c9-a169-ec25399d77aa 14157 17552 17571 -edge_149_0_-disjointig_16_0_79715 7 3403 79715 -1 -1 3332 0.000911838
Chain
	Aln	296	-096e83b0-76ce-48c9-a169-ec25399d77aa 18 3413 17571 +edge_149_0_-disjointig_16_0_79715 76311 79707 79715 -1 -1 3332 0.000911838
	Aln	298	-096e83b0-76ce-48c9-a169-ec25399d77aa 3421 17554 17571 +edge_150_0_+disjointig_11_11851_75629 0 14139 63778 -1 -1 13864 0.00237774
Chain
	Aln	2	+1dd42f48-2dc3-4cd1-8a9d-ec42dd8c8446 6 4642 4644 +edge_2_0_+disjointig_10_0_56359 8428 13064 56359 -1 -1 4597 0.00109934
Chain
	Aln	3	-1dd42f48-2dc3-4cd1-8a9d-ec42dd8c8446 1 4637 4644 -edge_2_0_+disjointig_10_0_56359 43294 47930 56359 -1 -1 4597 0.00109934
Chain
	Aln	332	+7ffb5459-d24c-4bd1-a14d-57532b2cc70c 11 5471 5478 +edge_167_0_-disjointig_64_0_49685 21119 26578 49685 -1 -1 5455 0
Chain
	Aln	333	-7ffb5459-d24c-4bd1-a14d-57532b2cc70c 6 5466 5478 -edge_167_0_-disjointig_64_0_49685 23106 28565 49685 -1 -1 5455 0
Chain
	Aln	54	+c6ac266e-4718-491b-be51-035593cb3f4d 5 3131 3133 +edge_28_0_+disjointig_22_0_197748 96525 99653 197748 -1 -1 3070 0.00198395
Chain
	Aln	55	-c6ac266e-4718-491b-be51-035593cb3f4d 1 3127 3133 -edge_28_0_+disjointig_22_0_197748 98094 101222 197748 -1 -1 3070 0.00198395
Chain
	Aln	277	+326ea8a1-9e34-4ad3-b78c-61ef9b7e1f6d 19 4700 4710 -edge_139_0_+disjointig_90_0_45227 40500 45218 45227 -1 -1 4216 0.0117829
Chain
	Aln	276	-326ea8a1-9e34-4ad3-b78c-61ef9b7e1f6d 9 4690 4710 +edge_139_0_+disjointig_90_0_45227 8 4726 45227 -1 -1 4216 0.0117829
Chain
	Aln	157	+e7f6003f-0038-424d-8ef7-d109db1539ff 19 5911 7090 -edge_79_0_+disjointig_44_99890_232551 81509 87407 132661 -1 -1 5846 0
Chain
	Aln	156	-e7f6003f-0038-424d-8ef7-d109db1539ff 1178 7070 7090 +edge_79_0_+disjointig_44_99890_232551 45253 51151 132661 -1 -1 5846 0
Chain
	Aln	52	+6731dd1b-3aa5-445d-aaf9-9dd578023f25 21 3285 3289 +edge_27_0_+disjointig_21_0_54132 12942 16213 54132 -1 -1 3236 0.00117983
Chain
	Aln	53	-6731dd1b-3aa5-445d-aaf9-9dd578023f25 3 3267 3289 -edge_27_0_+disjointig_21_0_54132 37918 41189 54132 -1 -1 3236 0.00117983
Chain
	Aln	38	+e77f00d7-2db3-4c9d-8213-8947a0264bbf 10 18750 18761 +edge_20_0_+disjointig_15_0_99894 81064 99884 99894 -1 -1 16890 0.00697074
Chain
	Aln	39	-e77f00d7-2db3-4c9d-8213-8947a0264bbf 10 18750 18761 -edge_20_0_+disjointig_15_0_99894 9 18829 99894 -1 -1 16890 0.00697074
Chain
	Aln	37	+448dbc47-3dd5-47ce-92f3-5a83eaa65303 34 19554 19557 -edge_19_0_+disjointig_14_0_104795 59540 79055 104795 -1 -1 19310 0.0019322
Chain
	Aln	36	-448dbc47-3dd5-47ce-92f3-5a83eaa65303 2 19522 19557 +edge_19_0_+disjointig_14_0_104795 25739 45254 104795 -1 -1 19310 0.0019322
Chain
	Aln	351	+1bda63e4-5c7c-4e75-9294-1623924a63af 5 4977 5033 -edge_176_0_+disjointig_68_0_26846 20830 25883 26846 -1 -1 4655 0.00475594
Chain
	Aln	350	-1bda63e4-5c7c-4e75-9294-1623924a63af 55 5027 5033 +edge_176_0_+disjointig_68_0_26846 962 6015 26846 -1 -1 4655 0.00475594
Chain
	Aln	261	+fbfd3b68-f66c-4293-b35d-db9b518c8420 2 2704 2706 -edge_131_0_+disjointig_78_0_34465 8321 11021 34465 -1 -1 2682 0.00102823
Chain
	Aln	260	-fbfd3b68-f66c-4293-b35d-db9b518c8420 1 2703 2706 +edge_131_0_+disjointig_78_0_34465 23443 26143 34465 -1 -1 2682 0.00102823
Chain
	Aln	158	+7a141ccf-fdb8-4045-86f5-30c1346d7e13 16 2674 2704 +edge_80_0_-disjointig_50_37077_62704 18509 21169 25627 -1 -1 2640 0
Chain
	Aln	159	-7a141ccf-fdb8-4045-86f5-30c1346d7e13 29 2687 2704 -edge_80_0_-disjointig_50_37077_62704 4457 7117 25627 -1 -1 2640 0
Chain
	Aln	14	+ece971da-d742-4ce9-8113-c27a8e9912bb 886 18809 18813 +edge_8_0_+disjointig_103_0_17954 17 17951 17954 -1 -1 17775 0.00103156
Chain
	Aln	15	-ece971da-d742-4ce9-8113-c27a8e9912bb 3 17926 18813 -edge_8_0_+disjointig_103_0_17954 2 17936 17954 -1 -1 17775 0.00103156
Chain
	Aln	91	+44903d0a-68d5-45de-acb7-aa9859e8dbe5 623 12850 14505 -edge_46_0_+disjointig_29_0_13427 1190 13426 13427 -1 -1 12019 0.00188976
Chain
	Aln	90	-44903d0a-68d5-45de-acb7-aa9859e8dbe5 1654 13881 14505 +edge_46_0_+disjointig_29_0_13427 0 12236 13427 -1 -1 12019 0.00188976
Chain
	Aln	157	+d9055e9b-863e-4b7c-8ef6-38dfd4d099f2 1 4392 4395 -edge_79_0_+disjointig_44_99890_232551 111395 115787 132661 -1 -1 4336 0.00166785
Chain
	Aln	156	-d9055e9b-863e-4b7c-8ef6-38dfd4d099f2 2 4393 4395 +edge_79_0_+disjointig_44_99890_232551 16873 21265 132661 -1 -1 4336 0.00166785
Chain
	Aln	156	+90d4652a-18fc-41f2-be62-45ecebb2f263 3 5519 5522 +edge_79_0_+disjointig_44_99890_232551 84527 90064 132661 -1 -1 5371 0.00239744
Chain
	Aln	157	-90d4652a-18fc-41f2-be62-45ecebb2f263 2 5518 5522 -edge_79_0_+disjointig_44_99890_232551 42596 48133 132661 -1 -1 5371 0.00239744
Chain
	Aln	238	+1e42c07b-a9f9-46c4-a363-580548bf3ce2 4 11644 11651 +edge_120_0_-disjointig_87_6236_62149 33155 44798 55913 -1 -1 11601 0.000828968
Chain
	Aln	239	-1e42c07b-a9f9-46c4-a363-580548bf3ce2 6 11646 11651 -edge_120_0_-disjointig_87_6236_62149 11114 22757 55913 -1 -1 11601 0.000828968
Chain
	Aln	223	+d99fe2ad-5a37-43e0-aa6e-ef86faa4485d 15 5738 5741 -edge_112_0_+disjointig_62_0_57746 23242 28969 57746 -1 -1 5652 0.00152659
Chain
	Aln	222	-d99fe2ad-5a37-43e0-aa6e-ef86faa4485d 2 5725 5741 +edge_112_0_+disjointig_62_0_57746 28776 34503 57746 -1 -1 5652 0.00152659
Chain
	Aln	157	+d26cb6e0-e4a3-49e3-8c2a-7cf5399554c1 8 17876 17887 -edge_79_0_+disjointig_44_99890_232551 70288 88239 132661 -1 -1 15843 0.0118967
Chain
	Aln	156	-d26cb6e0-e4a3-49e3-8c2a-7cf5399554c1 10 17878 17887 +edge_79_0_+disjointig_44_99890_232551 44421 62372 132661 -1 -1 15843 0.0118967
Chain
	Aln	55	+7200b712-edba-494f-ab29-9e0fb01c7a85 22 12050 12057 -edge_28_0_+disjointig_22_0_197748 54379 66401 197748 -1 -1 11805 0.00262983
Chain
	Aln	54	-7200b712-edba-494f-ab29-9e0fb01c7a85 6 12034 12057 +edge_28_0_+disjointig_22_0_197748 131346 143368 197748 -1 -1 11805 0.00262983
Chain
	Aln	39	+ec83c520-bc63-4687-9d11-b7dc1865cea2 8 4145 4147 -edge_20_0_+disjointig_15_0_99894 13482 17617 99894 -1 -1 4113 0
Chain
	Aln	38	-ec83c520-bc63-4687-9d11-b7dc1865cea2 1 4138 4147 +edge_20_0_+disjointig_15_0_99894 82276 86411 99894 -1 -1 4113 0
Chain
	Aln	97	+99973904-8117-4cd5-aee2-8a5631b47397 28 2822 2827 -edge_49_0_+disjointig_32_0_79547 41517 44306 79547 -1 -1 2662 0.00769599
Chain
	Aln	96	-99973904-8117-4cd5-aee2-8a5631b47397 4 2798 2827 +edge_49_0_+disjointig_32_0_79547 35240 38029 79547 -1 -1 2662 0.00769599
Chain
	Aln	96	+97a5bb3a-2b89-4e7d-a2a6-a9d106a8b14a 10 2824 2828 +edge_49_0_+disjointig_32_0_79547 35226 38035 79547 -1 -1 2686 0.00655031
Chain
	Aln	97	-97a5bb3a-2b89-4e7d-a2a6-a9d106a8b14a 3 2817 2828 -edge_49_0_+disjointig_32_0_79547 41511 44320 79547 -1 -1 2686 0.00655031
Chain
	Aln	37	+7a4a22d9-d796-490c-bf65-4fb837a752a8 9 2122 2128 -edge_19_0_+disjointig_14_0_104795 5664 7784 104795 -1 -1 2080 0.00425381
Chain
	Aln	36	-7a4a22d9-d796-490c-bf65-4fb837a752a8 5 2118 2128 +edge_19_0_+disjointig_14_0_104795 97010 99130 104795 -1 -1 2080 0.00425381
Chain
	Aln	158	+adc45211-9fd5-47fb-ada3-bf28fc99d718 12 2885 2890 +edge_80_0_-disjointig_50_37077_62704 22749 25623 25627 -1 -1 2859 0.00191636
Chain
	Aln	159	-adc45211-9fd5-47fb-ada3-bf28fc99d718 4 2877 2890 -edge_80_0_-disjointig_50_37077_62704 3 2877 25627 -1 -1 2859 0.00191636
Chain
	Aln	48	+4fd9cb85-5f13-4161-874f-7a4c06a39fc2 10 3049 3057 +edge_25_0_+disjointig_2_0_55897 20168 23203 55897 -1 -1 2986 0.00404667
Chain
	Aln	49	-4fd9cb85-5f13-4161-874f-7a4c06a39fc2 7 3046 3057 -edge_25_0_+disjointig_2_0_55897 32693 35728 55897 -1 -1 2986 0.00404667
Chain
	Aln	297	+56e231ac-5108-401d-929e-599b5f2a862f 20 7650 7655 -edge_149_0_-disjointig_16_0_79715 45861 53500 79715 -1 -1 7551 0
Chain
	Aln	296	-56e231ac-5108-401d-929e-599b5f2a862f 4 7634 7655 +edge_149_0_-disjointig_16_0_79715 26214 33853 79715 -1 -1 7551 0
Chain
	Aln	299	+41d5bff3-328d-4a58-a264-4f63c38803d0 21 15030 15079 -edge_150_0_+disjointig_11_11851_75629 37555 52568 63778 -1 -1 14834 0.00111867
Chain
	Aln	298	-41d5bff3-328d-4a58-a264-4f63c38803d0 48 15057 15079 +edge_150_0_+disjointig_11_11851_75629 11209 26222 63778 -1 -1 14834 0.00111867
Chain
	Aln	100	+ca387e2d-cec7-47ab-a7f1-071b8a247d78 22 11156 11162 +edge_51_0_+disjointig_34_0_132203 2363 13497 132203 -1 -1 10955 0.00103279
Chain
	Aln	101	-ca387e2d-cec7-47ab-a7f1-071b8a247d78 5 11139 11162 -edge_51_0_+disjointig_34_0_132203 118705 129839 132203 -1 -1 10955 0.00103279
Chain
	Aln	340	+d8208232-a8c6-43b8-9ba1-bb4d72b76439 17 8075 8081 +edge_171_0_+disjointig_44_0_83253 29805 37868 83253 -1 -1 7985 0.00128765
Chain
	Aln	341	-d8208232-a8c6-43b8-9ba1-bb4d72b76439 5 8063 8081 -edge_171_0_+disjointig_44_0_83253 45384 53447 83253 -1 -1 7985 0.00128765
Chain
	Aln	349	+8230c472-9fc7-4a04-882e-028e93acc4ff 9 2263 2265 -edge_175_0_+disjointig_49_27612_70378 34874 37134 42766 -1 -1 2121 0.00785142
Chain
	Aln	348	-8230c472-9fc7-4a04-882e-028e93acc4ff 1 2255 2265 +edge_175_0_+disjointig_49_27612_70378 5631 7891 42766 -1 -1 2121 0.00785142
Chain
	Aln	3	+643713ad-d809-4e1c-8291-56fdbce99ee5 10 6504 6511 -edge_2_0_+disjointig_10_0_56359 39797 46297 56359 -1 -1 6336 0.00338362
Chain
	Aln	2	-643713ad-d809-4e1c-8291-56fdbce99ee5 6 6500 6511 +edge_2_0_+disjointig_10_0_56359 10061 16561 56359 -1 -1 6336 0.00338362
Chain
	Aln	264	+37b4bb2f-a067-449c-97fd-6c2efa016cc1 19 3692 3698 +edge_133_0_+disjointig_8_0_56180 10431 14107 56180 -1 -1 3659 0.00163672
Chain
	Aln	265	-37b4bb2f-a067-449c-97fd-6c2efa016cc1 5 3678 3698 -edge_133_0_+disjointig_8_0_56180 42072 45748 56180 -1 -1 3659 0.00163672
Chain
	Aln	232	+cedbbe4a-e7e8-48b5-ae70-d9f317adf85d 23 3986 3989 +edge_117_0_+disjointig_69_0_75545 18054 22015 75545 -1 -1 3927 0.00102367
Chain
	Aln	233	-cedbbe4a-e7e8-48b5-ae70-d9f317adf85d 2 3965 3989 -edge_117_0_+disjointig_69_0_75545 53529 57490 75545 -1 -1 3927 0.00102367
Chain
	Aln	55	+4bbdab7c-2b9b-466b-a582-e184a42518c3 6 4165 4172 -edge_28_0_+disjointig_22_0_197748 54122 58287 197748 -1 -1 3972 0.00428183
Chain
	Aln	54	-4bbdab7c-2b9b-466b-a582-e184a42518c3 6 4165 4172 +edge_28_0_+disjointig_22_0_197748 139460 143625 197748 -1 -1 3972 0.00428183
Chain
	Aln	93	+5715b40b-06fc-4a3e-b124-84ea542c7d7e 18 5194 5202 -edge_47_0_+disjointig_30_0_164630 22437 27613 164630 -1 -1 5083 0.00233775
Chain
	Aln	92	-5715b40b-06fc-4a3e-b124-84ea542c7d7e 7 5183 5202 +edge_47_0_+disjointig_30_0_164630 137016 142192 164630 -1 -1 5083 0.00233775
Chain
	Aln	296	+30cdbe90-26ae-4cef-bded-d12c193dbe38 10 3116 3121 +edge_149_0_-disjointig_16_0_79715 5952 9058 79715 -1 -1 3106 0
Chain
	Aln	297	-30cdbe90-26ae-4cef-bded-d12c193dbe38 4 3110 3121 -edge_149_0_-disjointig_16_0_79715 70656 73762 79715 -1 -1 3106 0
Chain
	Aln	336	+b540c586-ab73-4d15-9866-4796d92f1ced 3 1394 3664 +edge_169_0_+disjointig_66_0_52611 51215 52605 52611 -1 -1 1284 0.0078407
	Aln	338	+b540c586-ab73-4d15-9866-4796d92f1ced 1402 3659 3664 +edge_170_0_+disjointig_42_29456_35877 2 2257 6421 -1 -1 2199 0.00412045
Chain
	Aln	339	-b540c586-ab73-4d15-9866-4796d92f1ced 4 2261 3664 -edge_170_0_+disjointig_42_29456_35877 4163 6418 6421 -1 -1 2199 0.00412045
	Aln	337	-b540c586-ab73-4d15-9866-4796d92f1ced 2269 3660 3664 -edge_169_0_+disjointig_66_0_52611 5 1395 52611 -1 -1 1284 0.0078407
Chain
	Aln	261	+6e93d841-a306-45e4-88f7-96d6ef34226b 15 23190 24809 -edge_131_0_+disjointig_78_0_34465 11476 34464 34465 -1 -1 22478 0.00136069
Chain
	Aln	260	-6e93d841-a306-45e4-88f7-96d6ef34226b 1618 24793 24809 +edge_131_0_+disjointig_78_0_34465 0 22988 34465 -1 -1 22478 0.00136069
Chain
	Aln	259	+265f9841-5738-4ebf-a5fa-95bf5dcc8ae6 41 2262 2276 -edge_130_0_+disjointig_76_0_18842 15431 17640 18842 -1 -1 1135 0.0573829
Chain
	Aln	258	-265f9841-5738-4ebf-a5fa-95bf5dcc8ae6 13 2234 2276 +edge_130_0_+disjointig_76_0_18842 1201 3410 18842 -1 -1 1135 0.0573829
Chain
	Aln	323	+ae660a5e-7a25-46a6-805c-77eb72afc31b 7 2713 2733 -edge_162_1_+disjointig_38_14800_26877 5465 8195 12077 -1 -1 2659 0.00451078
Chain
	Aln	322	-ae660a5e-7a25-46a6-805c-77eb72afc31b 19 2725 2733 +edge_162_1_+disjointig_38_14800_26877 3881 6611 12077 -1 -1 2659 0.00451078
Chain
	Aln	54	+cbe11e92-fff9-4a94-8ee5-a41a1c0cdb29 7 10962 10970 +edge_28_0_+disjointig_22_0_197748 117567 128515 197748 -1 -1 10529 0.00450709
Chain
	Aln	55	-cbe11e92-fff9-4a94-8ee5-a41a1c0cdb29 7 10962 10970 -edge_28_0_+disjointig_22_0_197748 69232 80180 197748 -1 -1 10529 0.00450709
Chain
	Aln	187	+8e100435-499f-45bc-8667-2a7fc663c572 65 3147 3150 -edge_94_0_+disjointig_47_0_105696 51844 54925 105696 -1 -1 3067 0.000261489
Chain
	Aln	186	-8e100435-499f-45bc-8667-2a7fc663c572 2 3084 3150 +edge_94_0_+disjointig_47_0_105696 50770 53851 105696 -1 -1 3067 0.000261489
Chain
	Aln	207	+63476763-42b8-45dd-b71e-cf69ee53dd38 11 12823 12831 -edge_104_0_+disjointig_56_0_67458 44823 57644 67458 -1 -1 12536 0.00199004
Chain
	Aln	206	-63476763-42b8-45dd-b71e-cf69ee53dd38 7 12819 12831 +edge_104_0_+disjointig_56_0_67458 9813 22634 67458 -1 -1 12536 0.00199004
Chain
	Aln	232	+bd4ca4f7-4dec-4b67-8692-a9a8b8829328 24 7383 7390 +edge_117_0_+disjointig_69_0_75545 17882 25249 75545 -1 -1 7208 0.00230297
Chain
	Aln	233	-bd4ca4f7-4dec-4b67-8692-a9a8b8829328 6 7365 7390 -edge_117_0_+disjointig_69_0_75545 50295 57662 75545 -1 -1 7208 0.00230297
Chain
	Aln	179	+8de9cb19-845e-42d4-910c-fac3fd78ca94 15 5233 5235 -edge_90_0_-disjointig_61_33235_113950 69950 75175 80715 -1 -1 5164 0.00243776
Chain
	Aln	178	-8de9cb19-845e-42d4-910c-fac3fd78ca94 1 5219 5235 +edge_90_0_-disjointig_61_33235_113950 5539 10764 80715 -1 -1 5164 0.00243776
Chain
	Aln	264	+fb0edd96-c850-4914-8efc-52f6480435f4 11 5575 5583 +edge_133_0_+disjointig_8_0_56180 41767 47323 56180 -1 -1 5439 0.00454133
Chain
	Aln	265	-fb0edd96-c850-4914-8efc-52f6480435f4 7 5571 5583 -edge_133_0_+disjointig_8_0_56180 8856 14412 56180 -1 -1 5439 0.00454133
Chain
	Aln	277	+cf88700b-2985-4d07-a35d-8d7889526432 13 10755 20302 -edge_139_0_+disjointig_90_0_45227 34476 45218 45227 -1 -1 10658 0.000242316
Chain
	Aln	276	-cf88700b-2985-4d07-a35d-8d7889526432 9546 20288 20302 +edge_139_0_+disjointig_90_0_45227 8 10750 45227 -1 -1 10658 0.000242316
Chain
	Aln	38	+a14ef0dd-eb0b-4cc1-b947-9eb568019dd0 49 2160 2165 +edge_20_0_+disjointig_15_0_99894 63586 65700 99894 -1 -1 2036 0.00491444
Chain
	Aln	39	-a14ef0dd-eb0b-4cc1-b947-9eb568019dd0 4 2115 2165 -edge_20_0_+disjointig_15_0_99894 34193 36307 99894 -1 -1 2036 0.00491444
Chain
	Aln	332	+b8064b78-2820-43a3-a8b6-9348267d37f6 2 4522 4524 +edge_167_0_-disjointig_64_0_49685 2 4521 49685 -1 -1 4454 0.00320608
Chain
	Aln	333	-b8064b78-2820-43a3-a8b6-9348267d37f6 1 4521 4524 -edge_167_0_-disjointig_64_0_49685 45163 49682 49685 -1 -1 4454 0.00320608
Chain
	Aln	95	+d4f2cbf0-c3e7-4870-8469-8aa8e4fe569a 15 9918 9932 -edge_48_0_+disjointig_31_0_16188 14 9928 16188 -1 -1 9684 0.00201848
Chain
	Aln	94	-d4f2cbf0-c3e7-4870-8469-8aa8e4fe569a 13 9916 9932 +edge_48_0_+disjointig_31_0_16188 6259 16173 16188 -1 -1 9684 0.00201848
Chain
	Aln	333	+64dfd75f-2fec-491b-90e9-7ec319b2ae8c 10 4513 4519 -edge_167_0_-disjointig_64_0_49685 45151 49658 49685 -1 -1 4448 0.00258416
Chain
	Aln	332	-64dfd75f-2fec-491b-90e9-7ec319b2ae8c 5 4508 4519 +edge_167_0_-disjointig_64_0_49685 26 4533 49685 -1 -1 4448 0.00258416
Chain
	Aln	329	+6e588dd5-1322-494c-8e51-c3275b6c5498 59 16419 24692 -edge_165_0_+disjointig_54_0_66147 49792 66146 66147 -1 -1 16134 0.00115739
Chain
	Aln	328	-6e588dd5-1322-494c-8e51-c3275b6c5498 8272 24632 24692 +edge_165_0_+disjointig_54_0_66147 0 16354 66147 -1 -1 16134 0.00115739
Chain
	Aln	328	+f72bb73d-59b1-4a7f-83e3-aca4533f6305 3 2366 2372 +edge_165_0_+disjointig_54_0_66147 8776 11138 66147 -1 -1 2337 0.000269391
Chain
	Aln	329	-f72bb73d-59b1-4a7f-83e3-aca4533f6305 5 2368 2372 -edge_165_0_+disjointig_54_0_66147 55008 57370 66147 -1 -1 2337 0.000269391
Chain
	Aln	307	+fa05f3f2-0f2c-47b7-b9c3-9955d65ca4f5 10 2035 2048 -edge_154_0_+disjointig_18_11964_26268 10610 12635 14304 -1 -1 2025 0.00188651
Chain
	Aln	306	-fa05f3f2-0f2c-47b7-b9c3-9955d65ca4f5 12 2037 2048 +edge_154_0_+disjointig_18_11964_26268 1668 3693 14304 -1 -1 2025 0.00188651
Chain
	Aln	349	+05765c36-2195-4228-ad37-6f8e7cb9dbe5 6 2774 2776 -edge_175_0_+disjointig_49_27612_70378 36437 39204 42766 -1 -1 2763 0.000645102
Chain
	Aln	348	-05765c36-2195-4228-ad37-6f8e7cb9dbe5 1 2769 2776 +edge_175_0_+disjointig_49_27612_70378 3561 6328 42766 -1 -1 2763 0.000645102
Chain
	Aln	348	+6deb740f-6504-4c38-8483-14296bf20d96 9 12689 12698 +edge_175_1_+disjointig_49_70378_113247 7277 19942 42869 -1 -1 12548 0.000870819
Chain
	Aln	349	-6deb740f-6504-4c38-8483-14296bf20d96 8 12688 12698 -edge_175_1_+disjointig_49_70378_113247 22926 35591 42869 -1 -1 12548 0.000870819
Chain
	Aln	51	+4c7a997d-b7a2-4817-91f3-8f61a55cbc2a 10 2789 2800 -edge_26_0_+disjointig_20_0_104137 32150 34932 104137 -1 -1 2715 0.00165634
Chain
	Aln	50	-4c7a997d-b7a2-4817-91f3-8f61a55cbc2a 10 2789 2800 +edge_26_0_+disjointig_20_0_104137 69204 71986 104137 -1 -1 2715 0.00165634
Chain
	Aln	156	+7b3b1a57-c0db-46c8-85db-8b286dc32e12 2 12325 12339 +edge_79_0_+disjointig_44_99890_232551 33591 45917 132661 -1 -1 12147 0.00212973
Chain
	Aln	157	-7b3b1a57-c0db-46c8-85db-8b286dc32e12 13 12336 12339 -edge_79_0_+disjointig_44_99890_232551 86743 99069 132661 -1 -1 12147 0.00212973
Chain
	Aln	51	+1e03bbcc-1334-4d82-a04f-353b1e6055c7 8 4650 4693 -edge_26_0_+disjointig_20_0_104137 22790 27430 104137 -1 -1 4604 0.00210858
Chain
	Aln	50	-1e03bbcc-1334-4d82-a04f-353b1e6055c7 42 4684 4693 +edge_26_0_+disjointig_20_0_104137 76706 81346 104137 -1 -1 4604 0.00210858
Chain
	Aln	186	+4b0203e9-c437-48f8-8183-3f7795ec16c8 9 2137 2139 +edge_94_0_+disjointig_47_0_105696 91931 94059 105696 -1 -1 2128 0.000658459
Chain
	Aln	187	-4b0203e9-c437-48f8-8183-3f7795ec16c8 1 2129 2139 -edge_94_0_+disjointig_47_0_105696 11636 13764 105696 -1 -1 2128 0.000658459
Chain
	Aln	265	+4cd32362-5a2f-4b04-922f-e0df34ae53e0 1 8058 8061 -edge_133_0_+disjointig_8_0_56180 14438 22496 56180 -1 -1 8015 0.000638201
Chain
	Aln	264	-4cd32362-5a2f-4b04-922f-e0df34ae53e0 2 8059 8061 +edge_133_0_+disjointig_8_0_56180 33683 41741 56180 -1 -1 8015 0.000638201
Chain
	Aln	48	+52d6cda1-c9d4-4a7d-a5e6-5ff5126386b2 4 4744 4749 +edge_25_0_+disjointig_2_0_55897 35980 40730 55897 -1 -1 4431 0.00773736
Chain
	Aln	49	-52d6cda1-c9d4-4a7d-a5e6-5ff5126386b2 4 4744 4749 -edge_25_0_+disjointig_2_0_55897 15166 19916 55897 -1 -1 4431 0.00773736
Chain
	Aln	300	+02b230c5-dd5a-475a-bbd2-aac0bea95224 8 10279 10285 +edge_151_0_+disjointig_19_0_25278 7056 17368 25278 -1 -1 9212 0.0118657
Chain
	Aln	301	-02b230c5-dd5a-475a-bbd2-aac0bea95224 5 10276 10285 -edge_151_0_+disjointig_19_0_25278 7909 18221 25278 -1 -1 9212 0.0118657
Chain
	Aln	265	+f0ea9901-e2dc-4a3a-9fc4-7ff2fafa795b 8 11279 11281 -edge_133_0_+disjointig_8_0_56180 22530 33840 56180 -1 -1 10790 0.00505685
Chain
	Aln	264	-f0ea9901-e2dc-4a3a-9fc4-7ff2fafa795b 1 11272 11281 +edge_133_0_+disjointig_8_0_56180 22339 33649 56180 -1 -1 10790 0.00505685
Chain
	Aln	187	+4ade60e9-6a62-4f8d-bbe9-b6f7380d2ef2 10 17695 17733 -edge_94_0_+disjointig_47_0_105696 690 18380 105696 -1 -1 17591 0.00124589
Chain
	Aln	186	-4ade60e9-6a62-4f8d-bbe9-b6f7380d2ef2 37 17722 17733 +edge_94_0_+disjointig_47_0_105696 87315 105005 105696 -1 -1 17591 0.00124589
Chain
	Aln	20	+4ae81a9a-8700-49fd-85b7-fdc6eba97444 9 6848 6857 +edge_11_0_+disjointig_106_0_11126 4274 11118 11126 -1 -1 6635 0.00353206
Chain
	Aln	21	-4ae81a9a-8700-49fd-85b7-fdc6eba97444 8 6847 6857 -edge_11_0_+disjointig_106_0_11126 7 6851 11126 -1 -1 6635 0.00353206
Chain
	Aln	187	+43a9ed76-5c41-446d-8951-38d644efcb90 11 2640 2674 -edge_94_0_+disjointig_47_0_105696 57737 60366 105696 -1 -1 2615 0.000153964
Chain
	Aln	186	-43a9ed76-5c41-446d-8951-38d644efcb90 33 2662 2674 +edge_94_0_+disjointig_47_0_105696 45329 47958 105696 -1 -1 2615 0.000153964
Chain
	Aln	308	+cd870138-93ab-4b00-8619-4c2698849b2a 8 2596 2600 +edge_155_0_+disjointig_92_0_28863 14295 16881 28863 -1 -1 2536 0.00201294
Chain
	Aln	309	-cd870138-93ab-4b00-8619-4c2698849b2a 3 2591 2600 -edge_155_0_+disjointig_92_0_28863 11981 14567 28863 -1 -1 2536 0.00201294
Chain
	Aln	331	+413693f3-3fbc-482f-b0cf-dea824172ee7 11 2885 2888 -edge_166_0_+disjointig_40_6968_25794 14883 17765 18826 -1 -1 2819 0.00301919
Chain
	Aln	330	-413693f3-3fbc-482f-b0cf-dea824172ee7 2 2876 2888 +edge_166_0_+disjointig_40_6968_25794 1060 3942 18826 -1 -1 2819 0.00301919
Chain
	Aln	339	+9afdc093-5321-4639-9c42-4df597d33d3e 4649 11024 17596 -edge_170_0_+disjointig_42_29456_35877 14 6399 6421 -1 -1 4800 0.0299175
	Aln	337	+9afdc093-5321-4639-9c42-4df597d33d3e 11083 17590 17596 -edge_169_0_+disjointig_66_0_52611 36 6569 52611 -1 -1 5161 0.0241217
Chain
	Aln	336	-9afdc093-5321-4639-9c42-4df597d33d3e 5 6512 17596 +edge_169_0_+disjointig_66_0_52611 46041 52574 52611 -1 -1 5161 0.0241217
	Aln	338	-9afdc093-5321-4639-9c42-4df597d33d3e 6571 12946 17596 +edge_170_0_+disjointig_42_29456_35877 21 6406 6421 -1 -1 4800 0.0299175
Chain
	Aln	102	+b0c9f26f-7eb0-4313-83c8-97bb13f5715d 3 6715 6988 +edge_52_0_+disjointig_35_0_49615 16431 23148 49615 -1 -1 6307 0.00796137
Chain
	Aln	103	-b0c9f26f-7eb0-4313-83c8-97bb13f5715d 272 6984 6988 -edge_52_0_+disjointig_35_0_49615 26466 33183 49615 -1 -1 6307 0.00796137
Chain
	Aln	181	+48afd430-7030-4d79-9ef0-e7179ee9aba1 2 9366 9378 -edge_91_0_-disjointig_91_10827_22811 253 9611 11984 -1 -1 9306 0.00139596
Chain
	Aln	180	-48afd430-7030-4d79-9ef0-e7179ee9aba1 11 9375 9378 +edge_91_0_-disjointig_91_10827_22811 2372 11730 11984 -1 -1 9306 0.00139596
Chain
	Aln	313	+0a71222c-2589-4fc9-bb54-2cc0a6433ee5 8 3457 3459 -edge_157_0_+disjointig_26_0_75776 28303 31752 75776 -1 -1 3399 9.74631e-06
Chain
	Aln	312	-0a71222c-2589-4fc9-bb54-2cc0a6433ee5 1 3450 3459 +edge_157_0_+disjointig_26_0_75776 44023 47472 75776 -1 -1 3399 9.74631e-06
Chain
	Aln	178	+a4432eb8-b3d9-4f9b-8b3b-9612ecc9fa70 15 5185 5193 +edge_90_0_-disjointig_61_33235_113950 8591 13769 80715 -1 -1 5091 0.00223033
Chain
	Aln	179	-a4432eb8-b3d9-4f9b-8b3b-9612ecc9fa70 7 5177 5193 -edge_90_0_-disjointig_61_33235_113950 66945 72123 80715 -1 -1 5091 0.00223033
Chain
	Aln	50	+d952e46e-7ba5-47e9-8970-911db855a942 9 7417 7422 +edge_26_0_+disjointig_20_0_104137 15264 22674 104137 -1 -1 7327 0.00066635
Chain
	Aln	51	-d952e46e-7ba5-47e9-8970-911db855a942 4 7412 7422 -edge_26_0_+disjointig_20_0_104137 81462 88872 104137 -1 -1 7327 0.00066635
Chain
	Aln	38	+e295fc53-e3e5-4526-bc4d-f4d1bdd07537 52 2356 2411 +edge_20_0_+disjointig_15_0_99894 52291 54597 99894 -1 -1 2219 0.00477111
Chain
	Aln	39	-e295fc53-e3e5-4526-bc4d-f4d1bdd07537 54 2358 2411 -edge_20_0_+disjointig_15_0_99894 45296 47602 99894 -1 -1 2219 0.00477111
Chain
	Aln	325	+acc982b0-5419-49a2-8f28-15a96fbd2d0d 14 11883 11890 -edge_163_0_+disjointig_88_0_21860 7 11877 21860 -1 -1 11788 0.00112405
Chain
	Aln	324	-acc982b0-5419-49a2-8f28-15a96fbd2d0d 6 11875 11890 +edge_163_0_+disjointig_88_0_21860 9982 21852 21860 -1 -1 11788 0.00112405
Chain
	Aln	331	+64d1069f-bde1-4d6e-b33c-ed23789ab74e 9 6436 10906 -edge_166_0_+disjointig_40_6968_25794 12405 18825 18826 -1 -1 6329 0.00298386
	Aln	329	+64d1069f-bde1-4d6e-b33c-ed23789ab74e 6448 10898 10906 -edge_165_0_+disjointig_54_0_66147 11 4459 66147 -1 -1 4317 0.00320353
Chain
	Aln	328	-64d1069f-bde1-4d6e-b33c-ed23789ab74e 7 4457 10906 +edge_165_0_+disjointig_54_0_66147 61687 66135 66147 -1 -1 4317 0.00320353
	Aln	330	-64d1069f-bde1-4d6e-b33c-ed23789ab74e 4469 10896 10906 +edge_166_0_+disjointig_40_6968_25794 0 6420 18826 -1 -1 6329 0.00298386
Chain
	Aln	39	+aff063c8-de4f-4ca9-a1d5-0fed3b2ea1f2 19 17669 17671 -edge_20_0_+disjointig_15_0_99894 68835 86493 99894 -1 -1 17386 0.00143951
Chain
	Aln	38	-aff063c8-de4f-4ca9-a1d5-0fed3b2ea1f2 1 17651 17671 +edge_20_0_+disjointig_15_0_99894 13400 31058 99894 -1 -1 17386 0.00143951
Chain
	Aln	156	+df4fc292-4a10-411b-a99c-8c834a465b45 1 2650 2652 +edge_79_0_+disjointig_44_99890_232551 1024 3673 132661 -1 -1 2616 0.000230198
Chain
	Aln	157	-df4fc292-4a10-411b-a99c-8c834a465b45 1 2650 2652 -edge_79_0_+disjointig_44_99890_232551 128987 131636 132661 -1 -1 2616 0.000230198
Chain
	Aln	54	+0dba36e9-884b-4a47-b263-32e196366b0c 162 27241 27276 +edge_28_0_+disjointig_22_0_197748 155263 182447 197748 -1 -1 20829 0.0225572
Chain
	Aln	55	-0dba36e9-884b-4a47-b263-32e196366b0c 34 27113 27276 -edge_28_0_+disjointig_22_0_197748 15300 42484 197748 -1 -1 20829 0.0225572
Chain
	Aln	303	+10cc25f4-33f0-45c1-b55a-669f44069dcd 6 6149 6154 -edge_152_0_-disjointig_60_6186_67457 45306 51455 61271 -1 -1 6106 0.0014533
Chain
	Aln	302	-10cc25f4-33f0-45c1-b55a-669f44069dcd 4 6147 6154 +edge_152_0_-disjointig_60_6186_67457 9815 15964 61271 -1 -1 6106 0.0014533
Chain
	Aln	93	+3e0091a5-3851-408a-86ae-a710a9a234b3 8 10015 10024 -edge_47_0_+disjointig_30_0_164630 18903 28902 164630 -1 -1 9937 0.000933155
Chain
	Aln	92	-3e0091a5-3851-408a-86ae-a710a9a234b3 8 10015 10024 +edge_47_0_+disjointig_30_0_164630 135727 145726 164630 -1 -1 9937 0.000933155
Chain
	Aln	297	+b874347b-78f2-4846-b173-bedb575e8501 9 10263 10266 -edge_149_0_-disjointig_16_0_79715 43927 54202 79715 -1 -1 9067 0.00991178
Chain
	Aln	296	-b874347b-78f2-4846-b173-bedb575e8501 2 10256 10266 +edge_149_0_-disjointig_16_0_79715 25512 35787 79715 -1 -1 9067 0.00991178
Chain
	Aln	349	+2449deda-5a0e-43c4-8e9a-e5919d0c290a 8 2027 2030 -edge_175_0_+disjointig_49_27612_70378 36515 38533 42766 -1 -1 1986 0.00271182
Chain
	Aln	348	-2449deda-5a0e-43c4-8e9a-e5919d0c290a 2 2021 2030 +edge_175_0_+disjointig_49_27612_70378 4232 6250 42766 -1 -1 1986 0.00271182
Chain
	Aln	96	+d8864898-0c3f-44ed-8e06-d703b2977769 9 6495 6497 +edge_49_0_+disjointig_32_0_79547 6907 13393 79547 -1 -1 6375 0.00118167
Chain
	Aln	97	-d8864898-0c3f-44ed-8e06-d703b2977769 1 6487 6497 -edge_49_0_+disjointig_32_0_79547 66153 72639 79547 -1 -1 6375 0.00118167
Chain
	Aln	97	+abf8b83c-764f-4ce7-9053-f66d0e8c9bcc 12 13016 13026 -edge_49_0_+disjointig_32_0_79547 19520 32533 79547 -1 -1 12741 0.00231795
Chain
	Aln	96	-abf8b83c-764f-4ce7-9053-f66d0e8c9bcc 9 13013 13026 +edge_49_0_+disjointig_32_0_79547 47013 60026 79547 -1 -1 12741 0.00231795
Chain
	Aln	332	+4d7d1698-fc34-436f-b830-a684e02c3aca 15 12056 12060 +edge_167_0_-disjointig_64_0_49685 14238 26291 49685 -1 -1 11997 0.000839511
Chain
	Aln	333	-4d7d1698-fc34-436f-b830-a684e02c3aca 3 12044 12060 -edge_167_0_-disjointig_64_0_49685 23393 35446 49685 -1 -1 11997 0.000839511
Chain
	Aln	224	+742d968f-47ee-41ef-a15c-c018ac5fbcd2 18 2494 2499 +edge_113_0_+disjointig_63_0_39436 12065 14538 39436 -1 -1 2417 0.00469397
Chain
	Aln	225	-742d968f-47ee-41ef-a15c-c018ac5fbcd2 4 2480 2499 -edge_113_0_+disjointig_63_0_39436 24897 27370 39436 -1 -1 2417 0.00469397
Chain
	Aln	187	+13239e44-d85a-4030-b75d-1426b4c1a3c1 8 6652 6695 -edge_94_0_+disjointig_47_0_105696 72531 79187 105696 -1 -1 6534 0.00362834
Chain
	Aln	186	-13239e44-d85a-4030-b75d-1426b4c1a3c1 42 6686 6695 +edge_94_0_+disjointig_47_0_105696 26508 33164 105696 -1 -1 6534 0.00362834
Chain
	Aln	349	+86a0f309-7f62-48c0-9a31-855c6957a1b8 3 1478 23156 -edge_175_0_+disjointig_49_27612_70378 41290 42765 42766 -1 -1 1475 0.000167125
	Aln	349	+86a0f309-7f62-48c0-9a31-855c6957a1b8 1491 18243 23156 -edge_175_1_+disjointig_49_70378_113247 12 16756 42869 -1 -1 16313 0.00313898
Chain
	Aln	349	+86a0f309-7f62-48c0-9a31-855c6957a1b8 19725 23154 23156 -edge_175_1_+disjointig_49_70378_113247 18394 21832 42869 -1 -1 2992 0.0103965
Chain
	Aln	348	-86a0f309-7f62-48c0-9a31-855c6957a1b8 4912 21664 23156 +edge_175_1_+disjointig_49_70378_113247 26112 42856 42869 -1 -1 16313 0.00313898
	Aln	348	-86a0f309-7f62-48c0-9a31-855c6957a1b8 21677 23152 23156 +edge_175_0_+disjointig_49_27612_70378 0 1475 42766 -1 -1 1475 0.000167125
Chain
	Aln	348	-86a0f309-7f62-48c0-9a31-855c6957a1b8 1 3430 23156 +edge_175_1_+disjointig_49_70378_113247 21036 24474 42869 -1 -1 2992 0.0103965
Chain
	Aln	54	+d1547459-e6a5-4e99-a76e-0546003a36dd 3 2553 2563 +edge_28_0_+disjointig_22_0_197748 4129 6684 197748 -1 -1 2521 0.00323438
Chain
	Aln	55	-d1547459-e6a5-4e99-a76e-0546003a36dd 9 2559 2563 -edge_28_0_+disjointig_22_0_197748 191063 193618 197748 -1 -1 2521 0.00323438
Chain
	Aln	101	+8f07efc8-3c29-4213-9dba-43feb6cd390f 5 6622 6624 -edge_51_0_+disjointig_34_0_132203 125587 132201 132203 -1 -1 6579 0.000897938
Chain
	Aln	100	-8f07efc8-3c29-4213-9dba-43feb6cd390f 1 6618 6624 +edge_51_0_+disjointig_34_0_132203 1 6615 132203 -1 -1 6579 0.000897938
Chain
	Aln	38	+e42c3091-6e8d-4dd7-9351-0afef957d413 10 8476 8486 +edge_20_0_+disjointig_15_0_99894 32255 40729 99894 -1 -1 8302 0.00219333
Chain
	Aln	39	-e42c3091-6e8d-4dd7-9351-0afef957d413 9 8475 8486 -edge_20_0_+disjointig_15_0_99894 59164 67638 99894 -1 -1 8302 0.00219333
Chain
	Aln	93	+86bd8b7a-a48a-41cc-ad84-e9d9f6adbb15 7 6072 6075 -edge_47_0_+disjointig_30_0_164630 68555 74616 164630 -1 -1 5990 0.000428521
Chain
	Aln	92	-86bd8b7a-a48a-41cc-ad84-e9d9f6adbb15 2 6067 6075 +edge_47_0_+disjointig_30_0_164630 90013 96074 164630 -1 -1 5990 0.000428521
Chain
	Aln	221	+71c1a530-0cc4-43ca-8918-f9c430b19697 4 5187 5193 -edge_111_0_+disjointig_6_0_62673 35027 40206 62673 -1 -1 5168 0.00112862
Chain
	Aln	220	-71c1a530-0cc4-43ca-8918-f9c430b19697 5 5188 5193 +edge_111_0_+disjointig_6_0_62673 22466 27645 62673 -1 -1 5168 0.00112862
Chain
	Aln	239	+b845ccd4-72b8-46d3-80df-02835cf31564 14 13532 13534 -edge_120_0_-disjointig_87_6236_62149 23575 37108 55913 -1 -1 13351 0.00066635
Chain
	Aln	238	-b845ccd4-72b8-46d3-80df-02835cf31564 1 13519 13534 +edge_120_0_-disjointig_87_6236_62149 18804 32337 55913 -1 -1 13351 0.00066635
Chain
	Aln	186	+9f4b6485-aaa6-40b5-8363-68b60eec1833 16 22410 22413 +edge_94_0_+disjointig_47_0_105696 77194 99615 105696 -1 -1 21364 0.00543371
Chain
	Aln	187	-9f4b6485-aaa6-40b5-8363-68b60eec1833 2 22396 22413 -edge_94_0_+disjointig_47_0_105696 6080 28501 105696 -1 -1 21364 0.00543371
Chain
	Aln	55	+5971f85b-958d-4d76-b337-ad4571603c12 11 6254 6257 -edge_28_0_+disjointig_22_0_197748 166974 173218 197748 -1 -1 6229 2.52039e-05
Chain
	Aln	54	-5971f85b-958d-4d76-b337-ad4571603c12 2 6245 6257 +edge_28_0_+disjointig_22_0_197748 24529 30773 197748 -1 -1 6229 2.52039e-05
Chain
	Aln	312	+b01b60bc-53ee-40be-8438-da4ecbaa40e0 11 5497 5499 +edge_157_0_+disjointig_26_0_75776 24635 30132 75776 -1 -1 5329 0.00184916
Chain
	Aln	313	-b01b60bc-53ee-40be-8438-da4ecbaa40e0 1 5487 5499 -edge_157_0_+disjointig_26_0_75776 45643 51140 75776 -1 -1 5329 0.00184916
Chain
	Aln	323	+db595d38-e511-4eb7-a3bd-1cb903d43856 2 729 2112 -edge_162_0_+disjointig_38_2796_14800 11275 12003 12004 -1 -1 721 0.00234061
	Aln	323	+db595d38-e511-4eb7-a3bd-1cb903d43856 741 2110 2112 -edge_162_0_+disjointig_38_2796_14800 11 1383 12004 -1 -1 1347 0.00571566
Chain
	Aln	322	-db595d38-e511-4eb7-a3bd-1cb903d43856 1 1370 2112 +edge_162_0_+disjointig_38_2796_14800 10620 11992 12004 -1 -1 1347 0.00571566
	Aln	322	-db595d38-e511-4eb7-a3bd-1cb903d43856 1382 2109 2112 +edge_162_0_+disjointig_38_2796_14800 0 728 12004 -1 -1 721 0.00234061
Chain
	Aln	97	+1737d5eb-4fa4-4c11-b9b3-7b52b52b8589 4 3015 3019 -edge_49_0_+disjointig_32_0_79547 32335 35346 79547 -1 -1 3006 0
Chain
	Aln	96	-1737d5eb-4fa4-4c11-b9b3-7b52b52b8589 3 3014 3019 +edge_49_0_+disjointig_32_0_79547 44200 47211 79547 -1 -1 3006 0
Chain
	Aln	157	+288df1b1-9ae5-4feb-8afa-931102959bf7 1 2375 2384 -edge_79_0_+disjointig_44_99890_232551 112312 114684 132661 -1 -1 2301 0.00350911
Chain
	Aln	156	-288df1b1-9ae5-4feb-8afa-931102959bf7 8 2382 2384 +edge_79_0_+disjointig_44_99890_232551 17976 20348 132661 -1 -1 2301 0.00350911
Chain
	Aln	302	+b220dac3-d339-4c47-9de5-4b6727b84c16 25 11493 11499 +edge_152_0_-disjointig_60_6186_67457 23916 35383 61271 -1 -1 11423 0.0007338
Chain
	Aln	303	-b220dac3-d339-4c47-9de5-4b6727b84c16 5 11473 11499 -edge_152_0_-disjointig_60_6186_67457 25887 37354 61271 -1 -1 11423 0.0007338
Chain
	Aln	215	+3d27734f-bec3-4f4c-ade7-5933162d1cf8 24 4021 4031 -edge_108_0_+disjointig_57_0_28352 6323 10316 28352 -1 -1 3946 0.000782099
Chain
	Aln	214	-3d27734f-bec3-4f4c-ade7-5933162d1cf8 9 4006 4031 +edge_108_0_+disjointig_57_0_28352 18035 22028 28352 -1 -1 3946 0.000782099
Chain
	Aln	232	+f9126fe9-3c0a-4cc8-8e75-ebb92fc1fab6 5 24202 24209 +edge_117_0_+disjointig_69_0_75545 39657 63845 75545 -1 -1 24058 0.000437236
Chain
	Aln	233	-f9126fe9-3c0a-4cc8-8e75-ebb92fc1fab6 6 24203 24209 -edge_117_0_+disjointig_69_0_75545 11699 35887 75545 -1 -1 24058 0.000437236
Chain
	Aln	37	+31dbd06d-b913-4851-b330-a25f23d67e05 32 3051 3080 -edge_19_0_+disjointig_14_0_104795 89751 92774 104795 -1 -1 2841 0.00666329
Chain
	Aln	36	-31dbd06d-b913-4851-b330-a25f23d67e05 28 3047 3080 +edge_19_0_+disjointig_14_0_104795 12020 15043 104795 -1 -1 2841 0.00666329
Chain
	Aln	328	+d8160181-3d8f-40bc-aef3-67503965fd41 11 6656 6659 +edge_165_0_+disjointig_54_0_66147 35183 41827 66147 -1 -1 6562 0.000749872
Chain
	Aln	329	-d8160181-3d8f-40bc-aef3-67503965fd41 2 6647 6659 -edge_165_0_+disjointig_54_0_66147 24319 30963 66147 -1 -1 6562 0.000749872
Chain
	Aln	179	+a8294457-8492-4f1f-9b0c-c5a2adc85d6f 27 5789 5925 -edge_90_0_-disjointig_61_33235_113950 42537 48301 80715 -1 -1 5471 0.00624237
Chain
	Aln	178	-a8294457-8492-4f1f-9b0c-c5a2adc85d6f 135 5897 5925 +edge_90_0_-disjointig_61_33235_113950 32413 38177 80715 -1 -1 5471 0.00624237
Chain
	Aln	54	+d093e8b4-3474-48ce-bd6e-bff6ac396780 24 4169 4175 +edge_28_0_+disjointig_22_0_197748 192797 196941 197748 -1 -1 4104 0.00130026
Chain
	Aln	55	-d093e8b4-3474-48ce-bd6e-bff6ac396780 5 4150 4175 -edge_28_0_+disjointig_22_0_197748 806 4950 197748 -1 -1 4104 0.00130026
Chain
	Aln	166	+bc409513-6084-42e9-99e1-2e6dcda145f5 26 5253 10062 +edge_84_0_-disjointig_72_8278_16178 2670 7896 7900 -1 -1 5193 0.000677602
Chain
	Aln	167	-bc409513-6084-42e9-99e1-2e6dcda145f5 4808 10035 10062 -edge_84_0_-disjointig_72_8278_16178 3 5229 7900 -1 -1 5193 0.000677602
Chain
	Aln	224	+e43bad19-3b47-48f8-ad3d-f20f58688dac 9 2297 2540 +edge_113_0_+disjointig_63_0_39436 37119 39426 39436 -1 -1 2172 0.00776576
Chain
	Aln	225	-e43bad19-3b47-48f8-ad3d-f20f58688dac 242 2530 2540 -edge_113_0_+disjointig_63_0_39436 9 2316 39436 -1 -1 2172 0.00776576
Chain
	Aln	55	+651d97a4-6143-496a-8f30-18d2727f5d92 10 2842 2844 -edge_28_0_+disjointig_22_0_197748 119242 122073 197748 -1 -1 2829 0.000934011
Chain
	Aln	54	-651d97a4-6143-496a-8f30-18d2727f5d92 1 2833 2844 +edge_28_0_+disjointig_22_0_197748 75674 78505 197748 -1 -1 2829 0.000934011
Chain
	Aln	299	+db9f1527-3d54-4262-8a3b-1e254b748a14 6 5817 5819 -edge_150_0_+disjointig_11_11851_75629 45550 51377 63778 -1 -1 5454 0.00738405
Chain
	Aln	298	-db9f1527-3d54-4262-8a3b-1e254b748a14 1 5812 5819 +edge_150_0_+disjointig_11_11851_75629 12400 18227 63778 -1 -1 5454 0.00738405
Chain
	Aln	225	+5d47aff8-8816-4c01-bf7a-551c65b8e3ed 6 9713 15237 -edge_113_0_+disjointig_63_0_39436 29728 39435 39436 -1 -1 9672 0
Chain
	Aln	224	-5d47aff8-8816-4c01-bf7a-551c65b8e3ed 5523 15230 15237 +edge_113_0_+disjointig_63_0_39436 0 9707 39436 -1 -1 9672 0
Chain
	Aln	345	+c16a8d1a-4e3e-4e04-ba23-ab0f679e956c 24 4713 4715 -edge_173_0_-disjointig_53_5113_59202 15658 20344 54089 -1 -1 4638 0.00155476
Chain
	Aln	344	-c16a8d1a-4e3e-4e04-ba23-ab0f679e956c 1 4690 4715 +edge_173_0_-disjointig_53_5113_59202 33744 38430 54089 -1 -1 4638 0.00155476
Chain
	Aln	100	+7e769a71-c134-45f9-a557-c85486247d40 14 11260 11269 +edge_51_0_+disjointig_34_0_132203 84901 96150 132203 -1 -1 11032 0.00304608
Chain
	Aln	101	-7e769a71-c134-45f9-a557-c85486247d40 8 11254 11269 -edge_51_0_+disjointig_34_0_132203 36052 47301 132203 -1 -1 11032 0.00304608
Chain
	Aln	179	+a9b57382-767d-48e1-bf3c-2b02e3b9b4b1 13 2996 3002 -edge_90_0_-disjointig_61_33235_113950 12740 15724 80715 -1 -1 2936 0.00354621
Chain
	Aln	178	-a9b57382-767d-48e1-bf3c-2b02e3b9b4b1 5 2988 3002 +edge_90_0_-disjointig_61_33235_113950 64990 67974 80715 -1 -1 2936 0.00354621
Chain
	Aln	239	+e6644179-d968-4fd2-8f74-33f0d9c63f54 12226 18691 18714 -edge_120_0_-disjointig_87_6236_62149 16 6484 55913 -1 -1 6417 0.000409667
Chain
	Aln	238	-e6644179-d968-4fd2-8f74-33f0d9c63f54 22 6487 18714 +edge_120_0_-disjointig_87_6236_62149 49428 55896 55913 -1 -1 6417 0.000409667
Chain
	Aln	322	+44386fb7-4e61-444e-8f38-b732108f0879 3 5025 5027 +edge_162_0_+disjointig_38_2796_14800 1116 6244 12004 -1 -1 3873 0.0211279
Chain
	Aln	323	-44386fb7-4e61-444e-8f38-b732108f0879 1 5023 5027 -edge_162_0_+disjointig_38_2796_14800 5759 10887 12004 -1 -1 3873 0.0211279
Chain
	Aln	163	+a072f9be-fd6a-4fbe-ad8d-5bb36341e640 5 8441 8443 -edge_82_0_+disjointig_61_85560_113950 2370 10661 28390 -1 -1 7295 0.00617894
Chain
	Aln	162	-a072f9be-fd6a-4fbe-ad8d-5bb36341e640 1 8437 8443 +edge_82_0_+disjointig_61_85560_113950 17728 26019 28390 -1 -1 7295 0.00617894
Chain
	Aln	349	+4ccaa8d2-efb6-479b-a161-a2634723e920 0 637 4635 -edge_175_0_+disjointig_49_27612_70378 42128 42765 42766 -1 -1 629 0.00240682
	Aln	349	+4ccaa8d2-efb6-479b-a161-a2634723e920 650 4600 4635 -edge_175_0_+disjointig_49_27612_70378 12 3964 42766 -1 -1 3929 0.00289169
Chain
	Aln	348	-4ccaa8d2-efb6-479b-a161-a2634723e920 34 3984 4635 +edge_175_0_+disjointig_49_27612_70378 38801 42753 42766 -1 -1 3929 0.00289169
	Aln	348	-4ccaa8d2-efb6-479b-a161-a2634723e920 3997 4634 4635 +edge_175_0_+disjointig_49_27612_70378 0 637 42766 -1 -1 629 0.00240682
Chain
	Aln	329	+df1dc202-a6ed-48e7-a51a-0f053b6027ad 8 2447 2451 -edge_165_0_+disjointig_54_0_66147 15881 18320 66147 -1 -1 2374 0.00352551
Chain
	Aln	328	-df1dc202-a6ed-48e7-a51a-0f053b6027ad 3 2442 2451 +edge_165_0_+disjointig_54_0_66147 47826 50265 66147 -1 -1 2374 0.00352551
Chain
	Aln	156	+5976087a-2df8-44b8-a862-0887d621cbe3 10 13902 13909 +edge_79_0_+disjointig_44_99890_232551 47131 61001 132661 -1 -1 13438 0.0026684
Chain
	Aln	157	-5976087a-2df8-44b8-a862-0887d621cbe3 6 13898 13909 -edge_79_0_+disjointig_44_99890_232551 71659 85529 132661 -1 -1 13438 0.0026684
Chain
	Aln	349	+38f7648f-3201-4b94-80d7-a6cf7d10f27c 21 5287 5298 -edge_175_0_+disjointig_49_27612_70378 36101 41364 42766 -1 -1 5137 0.00374394
Chain
	Aln	348	-38f7648f-3201-4b94-80d7-a6cf7d10f27c 10 5276 5298 +edge_175_0_+disjointig_49_27612_70378 1401 6664 42766 -1 -1 5137 0.00374394
Chain
	Aln	311	+281ad018-9e2c-466a-858e-7106065a6fc4 9 6703 6705 -edge_156_0_+disjointig_23_18615_58974 27961 34664 40359 -1 -1 6657 0.00028148
Chain
	Aln	310	-281ad018-9e2c-466a-858e-7106065a6fc4 1 6695 6705 +edge_156_0_+disjointig_23_18615_58974 5694 12397 40359 -1 -1 6657 0.00028148
Chain
	Aln	292	+57d76e98-d67b-4074-a579-b94e3c18e110 11 4844 4846 +edge_147_0_-disjointig_17_0_25571 20455 25287 25571 -1 -1 4809 0.000969676
Chain
	Aln	293	-57d76e98-d67b-4074-a579-b94e3c18e110 1 4834 4846 -edge_147_0_-disjointig_17_0_25571 283 5115 25571 -1 -1 4809 0.000969676
Chain
	Aln	223	+e2701c8f-5d94-4e84-9e12-73251f6731d4 18 9700 9712 -edge_112_0_+disjointig_62_0_57746 42618 52302 57746 -1 -1 9382 0.00273817
Chain
	Aln	222	-e2701c8f-5d94-4e84-9e12-73251f6731d4 11 9693 9712 +edge_112_0_+disjointig_62_0_57746 5443 15127 57746 -1 -1 9382 0.00273817
Chain
	Aln	93	+e5b9e126-8e3b-4997-b497-8dadbdef189d 13 17148 17150 -edge_47_0_+disjointig_30_0_164630 26563 43704 164630 -1 -1 16799 0.00211005
Chain
	Aln	92	-e5b9e126-8e3b-4997-b497-8dadbdef189d 1 17136 17150 +edge_47_0_+disjointig_30_0_164630 120925 138066 164630 -1 -1 16799 0.00211005
Chain
	Aln	332	+d2603e10-e941-4443-a195-93824ab32fb7 24 6304 11391 +edge_167_0_-disjointig_64_0_49685 43278 49645 49685 -1 -1 5411 0.0159707
	Aln	334	+d2603e10-e941-4443-a195-93824ab32fb7 6351 11379 11391 +edge_168_0_+disjointig_41_22847_84173 17 5099 61326 -1 -1 4407 0.0128904
Chain
	Aln	335	-d2603e10-e941-4443-a195-93824ab32fb7 11 5039 11391 -edge_168_0_+disjointig_41_22847_84173 56226 61308 61326 -1 -1 4407 0.0128904
	Aln	333	-d2603e10-e941-4443-a195-93824ab32fb7 5086 11366 11391 -edge_167_0_-disjointig_64_0_49685 39 6406 49685 -1 -1 5411 0.0159707
Chain
	Aln	157	+1b90b9ae-0717-40f5-9443-1ea82d6a622c 13 12648 12651 -edge_79_0_+disjointig_44_99890_232551 36818 49463 132661 -1 -1 11028 0.0141399
Chain
	Aln	156	-1b90b9ae-0717-40f5-9443-1ea82d6a622c 2 12637 12651 +edge_79_0_+disjointig_44_99890_232551 83197 95842 132661 -1 -1 11028 0.0141399
Chain
	Aln	356	+0acb191d-d289-4fb8-8b14-b516b15152c8 9 2492 2495 +edge_179_0_+disjointig_67_0_82889 54014 56497 82889 -1 -1 2471 0.00222675
Chain
	Aln	357	-0acb191d-d289-4fb8-8b14-b516b15152c8 2 2485 2495 -edge_179_0_+disjointig_67_0_82889 26391 28874 82889 -1 -1 2471 0.00222675
Chain
	Aln	239	+9ca2b5f5-a427-4753-9975-8b58ddd650cf 8 3835 3844 -edge_120_0_-disjointig_87_6236_62149 23846 27677 55913 -1 -1 3749 0
Chain
	Aln	238	-9ca2b5f5-a427-4753-9975-8b58ddd650cf 8 3835 3844 +edge_120_0_-disjointig_87_6236_62149 28235 32066 55913 -1 -1 3749 0
Chain
	Aln	50	+45c05ac8-7a9f-4379-b760-76ead4a1255c 34 25262 25266 +edge_26_0_+disjointig_20_0_104137 66318 91548 104137 -1 -1 25017 0.000620406
Chain
	Aln	51	-45c05ac8-7a9f-4379-b760-76ead4a1255c 3 25231 25266 -edge_26_0_+disjointig_20_0_104137 12588 37818 104137 -1 -1 25017 0.000620406
Chain
	Aln	297	+83a5c442-85dc-4d47-b5ab-f798e434935c 30 2317 2334 -edge_149_0_-disjointig_16_0_79715 48453 50742 79715 -1 -1 2172 0.00572362
Chain
	Aln	296	-83a5c442-85dc-4d47-b5ab-f798e434935c 16 2303 2334 +edge_149_0_-disjointig_16_0_79715 28972 31261 79715 -1 -1 2172 0.00572362
Chain
	Aln	50	+12764bd6-0601-45ec-8311-59fcf587a1e5 22 5520 5524 +edge_26_0_+disjointig_20_0_104137 76934 82428 104137 -1 -1 5481 0
Chain
	Aln	51	-12764bd6-0601-45ec-8311-59fcf587a1e5 3 5501 5524 -edge_26_0_+disjointig_20_0_104137 21708 27202 104137 -1 -1 5481 0
Chain
	Aln	107	+88e4a9ca-4d4f-4882-9967-70ef404b132a 16 4376 4380 -edge_54_0_+disjointig_37_0_6770 767 5126 6770 -1 -1 3954 0.0111334
Chain
	Aln	106	-88e4a9ca-4d4f-4882-9967-70ef404b132a 3 4363 4380 +edge_54_0_+disjointig_37_0_6770 1643 6002 6770 -1 -1 3954 0.0111334
Chain
	Aln	97	+26cee6b1-a7c4-41da-b313-9841b9844bcd 27 5292 5303 -edge_49_0_+disjointig_32_0_79547 72607 77882 79547 -1 -1 4960 0.0061174
Chain
	Aln	96	-26cee6b1-a7c4-41da-b313-9841b9844bcd 10 5275 5303 +edge_49_0_+disjointig_32_0_79547 1664 6939 79547 -1 -1 4960 0.0061174
Chain
	Aln	348	+01b78379-c433-4a25-be70-eedd60e25749 8 11120 11122 +edge_175_0_+disjointig_49_27612_70378 7295 18410 42766 -1 -1 10988 0.000607408
Chain
	Aln	349	-01b78379-c433-4a25-be70-eedd60e25749 1 11113 11122 -edge_175_0_+disjointig_49_27612_70378 24355 35470 42766 -1 -1 10988 0.000607408
Chain
	Aln	52	+816706bf-5379-4c3e-b2b0-a25e003ed5f4 10 4405 4409 +edge_27_0_+disjointig_21_0_54132 1897 6298 54132 -1 -1 4363 0.00163666
Chain
	Aln	53	-816706bf-5379-4c3e-b2b0-a25e003ed5f4 3 4398 4409 -edge_27_0_+disjointig_21_0_54132 47833 52234 54132 -1 -1 4363 0.00163666
Chain
	Aln	299	+deb8e32a-220d-4323-941f-5e52ab51eedd 13 7639 7682 -edge_150_0_+disjointig_11_11851_75629 45365 52996 63778 -1 -1 7576 0.000652038
Chain
	Aln	298	-deb8e32a-220d-4323-941f-5e52ab51eedd 42 7668 7682 +edge_150_0_+disjointig_11_11851_75629 10781 18412 63778 -1 -1 7576 0.000652038
Chain
	Aln	217	+fee3ff2b-f664-4e4f-b8c1-bee3e09aa95c 13 8485 8488 -edge_109_0_+disjointig_58_0_33005 24522 33002 33005 -1 -1 8433 0.00109501
Chain
	Aln	216	-fee3ff2b-f664-4e4f-b8c1-bee3e09aa95c 2 8474 8488 +edge_109_0_+disjointig_58_0_33005 2 8482 33005 -1 -1 8433 0.00109501
Chain
	Aln	92	+025d5b60-d0c7-4fa7-8af3-337c37970084 15 14870 14887 +edge_47_0_+disjointig_30_0_164630 108409 123236 164630 -1 -1 14347 0.00292145
Chain
	Aln	93	-025d5b60-d0c7-4fa7-8af3-337c37970084 16 14871 14887 -edge_47_0_+disjointig_30_0_164630 41393 56220 164630 -1 -1 14347 0.00292145
Chain
	Aln	311	+3b68ff00-93a3-48b1-af98-851446fbc6c6 19 5186 5188 -edge_156_0_+disjointig_23_18615_58974 23288 28458 40359 -1 -1 5012 0.00365367
Chain
	Aln	310	-3b68ff00-93a3-48b1-af98-851446fbc6c6 1 5168 5188 +edge_156_0_+disjointig_23_18615_58974 11900 17070 40359 -1 -1 5012 0.00365367
Chain
	Aln	2	+71f57e34-7016-4b4d-a5f7-6ac85dbd3faf 14 2809 2815 +edge_2_0_+disjointig_10_0_56359 5591 8388 56359 -1 -1 2784 8.63633e-05
Chain
	Aln	3	-71f57e34-7016-4b4d-a5f7-6ac85dbd3faf 5 2800 2815 -edge_2_0_+disjointig_10_0_56359 47970 50767 56359 -1 -1 2784 8.63633e-05
Chain
	Aln	293	+cddac20d-bb48-4913-8f0e-ade55f24866f 10 17074 17088 -edge_147_0_-disjointig_17_0_25571 5132 22192 25571 -1 -1 16893 0.00137681
Chain
	Aln	292	-cddac20d-bb48-4913-8f0e-ade55f24866f 13 17077 17088 +edge_147_0_-disjointig_17_0_25571 3378 20438 25571 -1 -1 16893 0.00137681
Chain
	Aln	217	+64ffcdb9-347e-498f-93a6-b0b47aea2cf7 3 5684 5690 -edge_109_0_+disjointig_58_0_33005 2722 8408 33005 -1 -1 5559 0.00257388
Chain
	Aln	216	-64ffcdb9-347e-498f-93a6-b0b47aea2cf7 5 5686 5690 +edge_109_0_+disjointig_58_0_33005 24596 30282 33005 -1 -1 5559 0.00257388
Chain
	Aln	50	+30750b68-5590-43a7-acaa-86744ac0d15b 17 11638 11643 +edge_26_0_+disjointig_20_0_104137 15721 27346 104137 -1 -1 11558 0.000766188
Chain
	Aln	51	-30750b68-5590-43a7-acaa-86744ac0d15b 4 11625 11643 -edge_26_0_+disjointig_20_0_104137 76790 88415 104137 -1 -1 11558 0.000766188
Chain
	Aln	1	+a0644468-0132-44dc-85cf-593601b38580 6 7011 7017 -edge_1_0_+disjointig_1_0_20132 13127 20126 20132 -1 -1 6911 0.00186246
Chain
	Aln	0	-a0644468-0132-44dc-85cf-593601b38580 5 7010 7017 +edge_1_0_+disjointig_1_0_20132 5 7004 20132 -1 -1 6911 0.00186246
Chain
	Aln	357	+fb52acb1-4da9-452c-a420-5fd07854493c 14 16628 16638 -edge_179_0_+disjointig_67_0_82889 8651 25282 82889 -1 -1 16172 0.00250887
Chain
	Aln	356	-fb52acb1-4da9-452c-a420-5fd07854493c 9 16623 16638 +edge_179_0_+disjointig_67_0_82889 57606 74237 82889 -1 -1 16172 0.00250887
Chain
	Aln	186	+577c371a-e4c0-4d1c-bff4-4cde54bf4f33 13 8528 8532 +edge_94_0_+disjointig_47_0_105696 79138 87678 105696 -1 -1 8230 0.00332836
Chain
	Aln	187	-577c371a-e4c0-4d1c-bff4-4cde54bf4f33 3 8518 8532 -edge_94_0_+disjointig_47_0_105696 18017 26557 105696 -1 -1 8230 0.00332836
Chain
	Aln	187	+93540a01-e89e-4611-b1ff-86c3e154b6e4 20 2836 2839 -edge_94_0_+disjointig_47_0_105696 18921 21737 105696 -1 -1 2719 0.00394932
Chain
	Aln	186	-93540a01-e89e-4611-b1ff-86c3e154b6e4 2 2818 2839 +edge_94_0_+disjointig_47_0_105696 83958 86774 105696 -1 -1 2719 0.00394932
Chain
	Aln	62	+128b0998-363c-4fd7-a688-3514edb2d94c 26 7736 7763 +edge_32_0_+disjointig_24_0_17277 9543 17250 17277 -1 -1 7470 0.00393713
Chain
	Aln	63	-128b0998-363c-4fd7-a688-3514edb2d94c 26 7736 7763 -edge_32_0_+disjointig_24_0_17277 26 7733 17277 -1 -1 7470 0.00393713
Chain
	Aln	206	+e427e6e3-084b-4b70-aaa8-0829e9b21f1d 12 11150 11155 +edge_104_0_+disjointig_56_0_67458 47847 58986 67458 -1 -1 11019 0.00171446
Chain
	Aln	207	-e427e6e3-084b-4b70-aaa8-0829e9b21f1d 4 11142 11155 -edge_104_0_+disjointig_56_0_67458 8471 19610 67458 -1 -1 11019 0.00171446
Chain
	Aln	207	+6b562889-ee2b-4ceb-b0fe-ecfbe74aaeb4 10 4529 4556 -edge_104_0_+disjointig_56_0_67458 20712 25232 67458 -1 -1 4431 0.00320608
Chain
	Aln	206	-6b562889-ee2b-4ceb-b0fe-ecfbe74aaeb4 26 4545 4556 +edge_104_0_+disjointig_56_0_67458 42225 46745 67458 -1 -1 4431 0.00320608
Chain
	Aln	63	+bbc14d36-2084-4c73-b877-bf9d0ba0d020 10 9541 9544 -edge_32_0_+disjointig_24_0_17277 7761 17274 17277 -1 -1 9143 0.00438115
Chain
	Aln	62	-bbc14d36-2084-4c73-b877-bf9d0ba0d020 2 9533 9544 +edge_32_0_+disjointig_24_0_17277 2 9515 17277 -1 -1 9143 0.00438115
Chain
	Aln	265	+e1a4722f-a42f-48aa-ab0d-7f62a662db7f 15 4603 4631 -edge_133_0_+disjointig_8_0_56180 3902 8490 56180 -1 -1 4513 0.0041602
Chain
	Aln	264	-e1a4722f-a42f-48aa-ab0d-7f62a662db7f 27 4615 4631 +edge_133_0_+disjointig_8_0_56180 47689 52277 56180 -1 -1 4513 0.0041602
Chain
	Aln	320	+d008bb45-6f02-4bf1-97d5-7cd0e19eed5c 13 6245 6247 +edge_161_0_+disjointig_28_6173_22910 4746 10979 16737 -1 -1 6110 0.00378367
Chain
	Aln	321	-d008bb45-6f02-4bf1-97d5-7cd0e19eed5c 1 6233 6247 -edge_161_0_+disjointig_28_6173_22910 5757 11990 16737 -1 -1 6110 0.00378367
Chain
	Aln	103	+45cf0806-7011-4229-8a4f-7e69ae827843 6 24710 24784 -edge_52_0_+disjointig_35_0_49615 17077 41772 49615 -1 -1 24353 0.00126707
Chain
	Aln	102	-45cf0806-7011-4229-8a4f-7e69ae827843 73 24777 24784 +edge_52_0_+disjointig_35_0_49615 7842 32537 49615 -1 -1 24353 0.00126707
Chain
	Aln	206	+aafe3c2d-e7ad-44bc-a690-05ffcbf22380 2 9010 9014 +edge_104_0_+disjointig_56_0_67458 37725 46733 67458 -1 -1 8976 0.00102474
Chain
	Aln	207	-aafe3c2d-e7ad-44bc-a690-05ffcbf22380 3 9011 9014 -edge_104_0_+disjointig_56_0_67458 20724 29732 67458 -1 -1 8976 0.00102474
Chain
	Aln	274	+2643b093-f941-4df4-a7a6-ee51abba2785 1083 3502 4511 +edge_138_0_+disjointig_9_0_4134 1 2420 4134 -1 -1 2385 0.000285458
Chain
	Aln	275	-2643b093-f941-4df4-a7a6-ee51abba2785 1008 3427 4511 -edge_138_0_+disjointig_9_0_4134 1713 4132 4134 -1 -1 2385 0.000285458
Chain
	Aln	298	+41595ed5-9fc8-4f09-9c93-491b12af89b7 30 32846 32850 +edge_150_0_+disjointig_11_11851_75629 15377 48551 63778 -1 -1 28700 0.0112893
Chain
	Aln	299	-41595ed5-9fc8-4f09-9c93-491b12af89b7 3 32819 32850 -edge_150_0_+disjointig_11_11851_75629 15226 48400 63778 -1 -1 28700 0.0112893
Chain
	Aln	101	+90963de7-e272-4b73-9b9e-18ec6f658abd 26 7260 7266 -edge_51_0_+disjointig_34_0_132203 83332 90590 132203 -1 -1 7023 0.00267429
Chain
	Aln	100	-90963de7-e272-4b73-9b9e-18ec6f658abd 5 7239 7266 +edge_51_0_+disjointig_34_0_132203 41612 48870 132203 -1 -1 7023 0.00267429
Chain
	Aln	299	+8a105eec-9875-488d-bcf2-9788ed5feb62 13 7032 7040 -edge_150_0_+disjointig_11_11851_75629 45628 52655 63778 -1 -1 6916 0.00180866
Chain
	Aln	298	-8a105eec-9875-488d-bcf2-9788ed5feb62 7 7026 7040 +edge_150_0_+disjointig_11_11851_75629 11122 18149 63778 -1 -1 6916 0.00180866
Chain
	Aln	48	+f2316609-2398-4ced-8ebe-3490a856ab9a 1 9761 9765 +edge_25_0_+disjointig_2_0_55897 1 9779 55897 -1 -1 9286 0.00465383
Chain
	Aln	49	-f2316609-2398-4ced-8ebe-3490a856ab9a 3 9763 9765 -edge_25_0_+disjointig_2_0_55897 46117 55895 55897 -1 -1 9286 0.00465383
Chain
	Aln	96	+7f2792e2-2edc-4440-a37c-6d43de6a67b5 6 13390 13394 +edge_49_0_+disjointig_32_0_79547 23505 36897 79547 -1 -1 13276 0.00162094
Chain
	Aln	97	-7f2792e2-2edc-4440-a37c-6d43de6a67b5 3 13387 13394 -edge_49_0_+disjointig_32_0_79547 42649 56041 79547 -1 -1 13276 0.00162094
Chain
	Aln	100	+b35f7a53-b093-4280-8fa4-a2fc35c5675b 9 33596 33604 +edge_51_0_+disjointig_34_0_132203 7379 41006 132203 -1 -1 32774 0.002877
Chain
	Aln	101	-b35f7a53-b093-4280-8fa4-a2fc35c5675b 7 33594 33604 -edge_51_0_+disjointig_34_0_132203 91196 124823 132203 -1 -1 32774 0.002877
Chain
	Aln	51	+7b7fddf7-8182-4cbb-a195-6910d341f484 17 11271 11277 -edge_26_0_+disjointig_20_0_104137 56160 67433 104137 -1 -1 11041 0.000997515
Chain
	Aln	50	-7b7fddf7-8182-4cbb-a195-6910d341f484 5 11259 11277 +edge_26_0_+disjointig_20_0_104137 36703 47976 104137 -1 -1 11041 0.000997515
Chain
	Aln	53	+2b4d7252-b6f6-49f1-8b6e-39e4278c88d1 11 5019 5029 -edge_27_0_+disjointig_21_0_54132 27394 32401 54132 -1 -1 4966 0.00131595
Chain
	Aln	52	-2b4d7252-b6f6-49f1-8b6e-39e4278c88d1 9 5017 5029 +edge_27_0_+disjointig_21_0_54132 21730 26737 54132 -1 -1 4966 0.00131595
Chain
	Aln	155	+d20bc013-f13f-47e5-b22f-7d902b925645 5 2291 4208 -edge_78_0_+disjointig_44_86360_88990 349 2629 2630 -1 -1 2238 0.00143225
	Aln	151	+d20bc013-f13f-47e5-b22f-7d902b925645 2301 4035 4208 -edge_76_0_+disjointig_44_84592_86360 9 1752 1768 -1 -1 1691 0.00392235
Chain
	Aln	150	-d20bc013-f13f-47e5-b22f-7d902b925645 172 1906 4208 +edge_76_0_+disjointig_44_84592_86360 15 1758 1768 -1 -1 1691 0.00392235
	Aln	154	-d20bc013-f13f-47e5-b22f-7d902b925645 1916 4202 4208 +edge_78_0_+disjointig_44_86360_88990 0 2280 2630 -1 -1 2238 0.00143225
Chain
	Aln	38	+0557d7e0-7bbb-45a5-940a-48155eeb4809 2 21055 21058 +edge_20_0_+disjointig_15_0_99894 30535 51582 99894 -1 -1 20867 0.00102148
Chain
	Aln	39	-0557d7e0-7bbb-45a5-940a-48155eeb4809 2 21055 21058 -edge_20_0_+disjointig_15_0_99894 48311 69358 99894 -1 -1 20867 0.00102148
Chain
	Aln	187	+4d280221-063f-4c4f-a7fe-d47491d243ae 14 2802 2807 -edge_94_0_+disjointig_47_0_105696 32596 35386 105696 -1 -1 2689 0.00365032
Chain
	Aln	186	-4d280221-063f-4c4f-a7fe-d47491d243ae 4 2792 2807 +edge_94_0_+disjointig_47_0_105696 70309 73099 105696 -1 -1 2689 0.00365032
Chain
	Aln	296	+a23bbb52-2a57-4700-aeb9-199ca51b0339 9 11885 11891 +edge_149_0_-disjointig_16_0_79715 5306 17182 79715 -1 -1 11794 0
Chain
	Aln	297	-a23bbb52-2a57-4700-aeb9-199ca51b0339 5 11881 11891 -edge_149_0_-disjointig_16_0_79715 62532 74408 79715 -1 -1 11794 0
Chain
	Aln	157	+99af8c58-505a-4c73-87ba-867f1bd7df1b 13 31167 31175 -edge_79_0_+disjointig_44_99890_232551 80830 111971 132661 -1 -1 27774 0.0117557
Chain
	Aln	156	-99af8c58-505a-4c73-87ba-867f1bd7df1b 7 31161 31175 +edge_79_0_+disjointig_44_99890_232551 20689 51830 132661 -1 -1 27774 0.0117557
Chain
	Aln	307	+ffbbecfe-835d-48c1-99ee-ea30399fe8f1 1 3176 3671 -edge_154_0_+disjointig_18_11964_26268 11123 14303 14304 -1 -1 3155 0.000436895
Chain
	Aln	306	-ffbbecfe-835d-48c1-99ee-ea30399fe8f1 494 3669 3671 +edge_154_0_+disjointig_18_11964_26268 0 3180 14304 -1 -1 3155 0.000436895
Chain
	Aln	100	+e91abf15-8428-4d8a-84e2-7c64b40e3209 7481 18434 18458 +edge_51_0_+disjointig_34_0_132203 48585 59540 132203 -1 -1 10717 0.00206748
Chain
	Aln	100	+e91abf15-8428-4d8a-84e2-7c64b40e3209 18 6564 18458 +edge_51_0_+disjointig_34_0_132203 40235 46786 132203 -1 -1 6442 0.000707416
Chain
	Aln	101	-e91abf15-8428-4d8a-84e2-7c64b40e3209 23 10976 18458 -edge_51_0_+disjointig_34_0_132203 72662 83617 132203 -1 -1 10717 0.00206748
Chain
	Aln	101	-e91abf15-8428-4d8a-84e2-7c64b40e3209 11893 18439 18458 -edge_51_0_+disjointig_34_0_132203 85416 91967 132203 -1 -1 6442 0.000707416
Chain
	Aln	348	+6bd5409c-62d4-42e6-9108-6db2aa5aa84d 12 3716 3724 +edge_175_1_+disjointig_49_70378_113247 37919 41722 42869 -1 -1 3398 0.0114765
Chain
	Aln	349	-6bd5409c-62d4-42e6-9108-6db2aa5aa84d 7 3711 3724 -edge_175_1_+disjointig_49_70378_113247 1146 4949 42869 -1 -1 3398 0.0114765
Chain
	Aln	239	+f1d368bc-ffb6-4b0f-aceb-6d8bcbbf08f0 11828 32963 32970 -edge_120_0_-disjointig_87_6236_62149 16 21146 55913 -1 -1 20908 0.00118753
Chain
	Aln	238	-f1d368bc-ffb6-4b0f-aceb-6d8bcbbf08f0 6 21141 32970 +edge_120_0_-disjointig_87_6236_62149 34766 55896 55913 -1 -1 20908 0.00118753
Chain
	Aln	11	+9446adcb-201c-4e2e-8abe-4e338dadf67e 9 2679 2681 -edge_6_0_+disjointig_101_0_3768 184 2854 3768 -1 -1 2604 0.0034604
Chain
	Aln	10	-9446adcb-201c-4e2e-8abe-4e338dadf67e 1 2671 2681 +edge_6_0_+disjointig_101_0_3768 913 3583 3768 -1 -1 2604 0.0034604
Chain
	Aln	304	+834a65ee-6418-4740-9398-fc3e22485b23 8 2888 2893 +edge_153_0_+disjointig_12_8982_46009 4457 7336 37027 -1 -1 2854 0.000204236
Chain
	Aln	305	-834a65ee-6418-4740-9398-fc3e22485b23 4 2884 2893 -edge_153_0_+disjointig_12_8982_46009 29690 32569 37027 -1 -1 2854 0.000204236
Chain
	Aln	101	+55dada86-84e2-42d6-9638-6c03c6bb00d5 23 2072 2077 -edge_51_0_+disjointig_34_0_132203 45388 47414 132203 -1 -1 1949 0.00442584
Chain
	Aln	100	-55dada86-84e2-42d6-9638-6c03c6bb00d5 4 2053 2077 +edge_51_0_+disjointig_34_0_132203 84788 86814 132203 -1 -1 1949 0.00442584
Chain
	Aln	92	+4510f620-d5f9-4230-8597-5528b90b5760 32 2889 2892 +edge_47_0_+disjointig_30_0_164630 121307 124162 164630 -1 -1 2815 0.00180081
Chain
	Aln	93	-4510f620-d5f9-4230-8597-5528b90b5760 2 2859 2892 -edge_47_0_+disjointig_30_0_164630 40467 43322 164630 -1 -1 2815 0.00180081
Chain
	Aln	100	+a59c357c-d3d3-4dc1-bb4c-6633ee1f81b6 16 15867 15872 +edge_51_0_+disjointig_34_0_132203 3601 19456 132203 -1 -1 15812 0.000372929
Chain
	Aln	101	-a59c357c-d3d3-4dc1-bb4c-6633ee1f81b6 4 15855 15872 -edge_51_0_+disjointig_34_0_132203 112746 128601 132203 -1 -1 15812 0.000372929
Chain
	Aln	52	+15e5eeef-40e4-49f6-aa34-f67ff849a3ae 9 4902 4910 +edge_27_0_+disjointig_21_0_54132 3706 8673 54132 -1 -1 4816 0.00203564
Chain
	Aln	53	-15e5eeef-40e4-49f6-aa34-f67ff849a3ae 7 4900 4910 -edge_27_0_+disjointig_21_0_54132 45458 50425 54132 -1 -1 4816 0.00203564
Chain
	Aln	51	+d7c8b32f-20ff-47fb-8ec3-5e53dcce4c94 12 4053 4055 -edge_26_0_+disjointig_20_0_104137 94557 98603 104137 -1 -1 4011 0.00158106
Chain
	Aln	50	-d7c8b32f-20ff-47fb-8ec3-5e53dcce4c94 1 4042 4055 +edge_26_0_+disjointig_20_0_104137 5533 9579 104137 -1 -1 4011 0.00158106
Chain
	Aln	103	+8c929a65-7618-4259-8643-68b5ef5ffd8a 21 2938 2941 -edge_52_0_+disjointig_35_0_49615 28139 31051 49615 -1 -1 2902 0.00337526
Chain
	Aln	102	-8c929a65-7618-4259-8643-68b5ef5ffd8a 2 2919 2941 +edge_52_0_+disjointig_35_0_49615 18563 21475 49615 -1 -1 2902 0.00337526
Chain
	Aln	96	+2b173bdf-c7c9-41ae-86c2-1da9f92d0fd3 7 2337 2339 +edge_49_0_+disjointig_32_0_79547 18050 20387 79547 -1 -1 2243 0.00287558
Chain
	Aln	97	-2b173bdf-c7c9-41ae-86c2-1da9f92d0fd3 1 2331 2339 -edge_49_0_+disjointig_32_0_79547 59159 61496 79547 -1 -1 2243 0.00287558
Chain
	Aln	264	+074112ae-a29d-4a1d-abd6-ec11d0631bbd 27 20551 20559 +edge_133_0_+disjointig_8_0_56180 2268 22793 56180 -1 -1 20478 0.00117912
Chain
	Aln	265	-074112ae-a29d-4a1d-abd6-ec11d0631bbd 7 20531 20559 -edge_133_0_+disjointig_8_0_56180 33386 53911 56180 -1 -1 20478 0.00117912
Chain
	Aln	156	+fd639f05-c2c4-43d1-b7cb-d8fc09041a03 20 9738 9740 +edge_79_0_+disjointig_44_99890_232551 11212 20935 132661 -1 -1 9507 0.00241636
Chain
	Aln	157	-fd639f05-c2c4-43d1-b7cb-d8fc09041a03 1 9719 9740 -edge_79_0_+disjointig_44_99890_232551 111725 121448 132661 -1 -1 9507 0.00241636
Chain
	Aln	37	+f7dc5e78-43e7-40ed-9f1f-097ae00fff0e 3 16782 16784 -edge_19_0_+disjointig_14_0_104795 49107 66400 104795 -1 -1 13784 0.0133757
Chain
	Aln	36	-f7dc5e78-43e7-40ed-9f1f-097ae00fff0e 1 16780 16784 +edge_19_0_+disjointig_14_0_104795 38394 55687 104795 -1 -1 13784 0.0133757
Chain
	Aln	312	+cefb7271-49f6-483a-81ae-31e1557a4db8 7 8733 8741 +edge_157_0_+disjointig_26_0_75776 16502 25214 75776 -1 -1 8583 0.00219609
Chain
	Aln	313	-cefb7271-49f6-483a-81ae-31e1557a4db8 7 8733 8741 -edge_157_0_+disjointig_26_0_75776 50561 59273 75776 -1 -1 8583 0.00219609
Chain
	Aln	162	+8d092436-d020-471b-b25b-e577ae5b9dd8 109 4571 4573 +edge_82_0_+disjointig_61_85560_113950 9 4478 28390 -1 -1 4383 0.00186116
Chain
	Aln	163	-8d092436-d020-471b-b25b-e577ae5b9dd8 1 4463 4573 -edge_82_0_+disjointig_61_85560_113950 23911 28380 28390 -1 -1 4383 0.00186116
Chain
	Aln	180	+5bbccb9d-eeb9-4c5f-bd92-aeee9bc31d25 7 3200 3319 +edge_91_0_-disjointig_91_10827_22811 4369 7562 11984 -1 -1 3011 0.00661279
Chain
	Aln	181	-5bbccb9d-eeb9-4c5f-bd92-aeee9bc31d25 118 3311 3319 -edge_91_0_-disjointig_91_10827_22811 4421 7614 11984 -1 -1 3011 0.00661279
Chain
	Aln	309	+7284f908-536a-4a05-90cb-c759b19e2211 25 7706 7722 -edge_155_0_+disjointig_92_0_28863 6682 14359 28863 -1 -1 7105 0.00732938
Chain
	Aln	308	-7284f908-536a-4a05-90cb-c759b19e2211 15 7696 7722 +edge_155_0_+disjointig_92_0_28863 14503 22180 28863 -1 -1 7105 0.00732938
Chain
	Aln	239	+8d7a781c-1e98-44e5-a22b-0ad5821cc6c5 9 3054 3060 -edge_120_0_-disjointig_87_6236_62149 5602 8649 55913 -1 -1 3005 0.00262358
Chain
	Aln	238	-8d7a781c-1e98-44e5-a22b-0ad5821cc6c5 5 3050 3060 +edge_120_0_-disjointig_87_6236_62149 47263 50310 55913 -1 -1 3005 0.00262358
Chain
	Aln	156	+73be02e4-ef90-4ca9-befe-989cca6bb226 8 9005 9010 +edge_79_0_+disjointig_44_99890_232551 27514 36505 132661 -1 -1 8885 0.00132005
Chain
	Aln	157	-73be02e4-ef90-4ca9-befe-989cca6bb226 4 9001 9010 -edge_79_0_+disjointig_44_99890_232551 96155 105146 132661 -1 -1 8885 0.00132005
Chain
	Aln	92	+845216f0-811a-432c-8367-32621ad6092f 13 3807 3810 +edge_47_0_+disjointig_30_0_164630 117286 121085 164630 -1 -1 3676 0.00421067
Chain
	Aln	93	-845216f0-811a-432c-8367-32621ad6092f 2 3796 3810 -edge_47_0_+disjointig_30_0_164630 43544 47343 164630 -1 -1 3676 0.00421067
Chain
	Aln	308	+e7b8b6a0-d3a0-41a5-897f-42c117e490f5 11 10460 10463 +edge_155_0_+disjointig_92_0_28863 16494 26952 28863 -1 -1 10244 0.00190387
Chain
	Aln	309	-e7b8b6a0-d3a0-41a5-897f-42c117e490f5 2 10451 10463 -edge_155_0_+disjointig_92_0_28863 1910 12368 28863 -1 -1 10244 0.00190387
Chain
	Aln	53	+b077fc16-cda6-4888-b861-b995e1b7816d 1 5544 5549 -edge_27_0_+disjointig_21_0_54132 40243 45791 54132 -1 -1 5356 0.00418348
Chain
	Aln	52	-b077fc16-cda6-4888-b861-b995e1b7816d 4 5547 5549 +edge_27_0_+disjointig_21_0_54132 8340 13888 54132 -1 -1 5356 0.00418348
Chain
	Aln	164	+31924972-322e-4289-8ea7-071301d8b560 16 6485 6487 +edge_83_0_-disjointig_71_8379_80660 54887 61367 72281 -1 -1 6406 0.00026699
Chain
	Aln	165	-31924972-322e-4289-8ea7-071301d8b560 1 6470 6487 -edge_83_0_-disjointig_71_8379_80660 10913 17393 72281 -1 -1 6406 0.00026699
Chain
	Aln	239	+bf818bf1-dcf1-4811-8702-b4e560fc85f7 23 9763 9769 -edge_120_0_-disjointig_87_6236_62149 11002 20740 55913 -1 -1 9419 0.00353485
Chain
	Aln	238	-bf818bf1-dcf1-4811-8702-b4e560fc85f7 5 9745 9769 +edge_120_0_-disjointig_87_6236_62149 35172 44910 55913 -1 -1 9419 0.00353485
Chain
	Aln	306	+661580c6-73f6-4459-9952-d74e3d7b6f32 9 2471 2511 +edge_154_0_+disjointig_18_11964_26268 7298 9769 14304 -1 -1 2269 0.0083809
Chain
	Aln	307	-661580c6-73f6-4459-9952-d74e3d7b6f32 39 2501 2511 -edge_154_0_+disjointig_18_11964_26268 4534 7005 14304 -1 -1 2269 0.0083809
Chain
	Aln	221	+2fc7305e-18cc-4c86-b4a3-44e1ba9912b7 10 10565 10658 -edge_111_0_+disjointig_6_0_62673 10303 20865 62673 -1 -1 9877 0.0082302
Chain
	Aln	220	-2fc7305e-18cc-4c86-b4a3-44e1ba9912b7 92 10647 10658 +edge_111_0_+disjointig_6_0_62673 41807 52369 62673 -1 -1 9877 0.0082302
Chain
	Aln	178	+22fd530a-0269-4305-b99c-a888d3a62058 8 2994 2996 +edge_90_0_-disjointig_61_33235_113950 50112 53138 80715 -1 -1 2301 0.021522
Chain
	Aln	179	-22fd530a-0269-4305-b99c-a888d3a62058 1 2987 2996 -edge_90_0_-disjointig_61_33235_113950 27576 30602 80715 -1 -1 2301 0.021522
Chain
	Aln	279	+f984b687-f77b-4b29-a0e3-9a481855dba5 13 2378 2402 -edge_140_0_+disjointig_93_0_5785 12 2378 5785 -1 -1 2314 0.005525
Chain
	Aln	278	-f984b687-f77b-4b29-a0e3-9a481855dba5 23 2388 2402 +edge_140_0_+disjointig_93_0_5785 3406 5772 5785 -1 -1 2314 0.005525
Chain
	Aln	306	+859ffe20-aeee-4422-8b61-a96ab9991976 13 3247 4018 +edge_154_0_+disjointig_18_11964_26268 9970 13204 14304 -1 -1 3211 0.00246306
Chain
	Aln	307	-859ffe20-aeee-4422-8b61-a96ab9991976 770 4004 4018 -edge_154_0_+disjointig_18_11964_26268 1099 4333 14304 -1 -1 3211 0.00246306
Chain
	Aln	196	+0557c87b-f4e9-454d-bb66-00eabcdf3982 15 3510 4495 +edge_99_0_+disjointig_52_0_12099 1993 5491 12099 -1 -1 3430 0.00226624
Chain
	Aln	197	-0557c87b-f4e9-454d-bb66-00eabcdf3982 984 4479 4495 -edge_99_0_+disjointig_52_0_12099 6607 10105 12099 -1 -1 3430 0.00226624
Chain
	Aln	261	+20f5cdee-d784-4320-ac25-65b064c06785 5 4008 4010 -edge_131_0_+disjointig_78_0_34465 30457 34463 34465 -1 -1 3930 0.00165849
Chain
	Aln	260	-20f5cdee-d784-4320-ac25-65b064c06785 1 4004 4010 +edge_131_0_+disjointig_78_0_34465 1 4007 34465 -1 -1 3930 0.00165849
Chain
	Aln	324	+1e853504-c7ff-4f05-bda6-6bb3c530ea69 22 10603 34743 +edge_163_0_+disjointig_88_0_21860 11270 21857 21860 -1 -1 10360 0.00288161
	Aln	326	+1e853504-c7ff-4f05-bda6-6bb3c530ea69 10607 34738 34743 +edge_164_0_+disjointig_39_11307_40702 1 24139 29395 -1 -1 23324 0.00418364
Chain
	Aln	327	-1e853504-c7ff-4f05-bda6-6bb3c530ea69 4 24135 34743 -edge_164_0_+disjointig_39_11307_40702 5255 29393 29395 -1 -1 23324 0.00418364
	Aln	325	-1e853504-c7ff-4f05-bda6-6bb3c530ea69 24139 34720 34743 -edge_163_0_+disjointig_88_0_21860 2 10589 21860 -1 -1 10360 0.00288161
Chain
	Aln	348	+d84879c3-466e-45d3-b29e-06f26e57d1e6 18 12635 12641 +edge_175_1_+disjointig_49_70378_113247 23089 35839 42869 -1 -1 9566 0.0273869
Chain
	Aln	349	-d84879c3-466e-45d3-b29e-06f26e57d1e6 5 12622 12641 -edge_175_1_+disjointig_49_70378_113247 7029 19779 42869 -1 -1 9566 0.0273869
Chain
	Aln	302	+bf295510-882a-4048-82ed-3bfcb7ae140a 22 8679 8681 +edge_152_0_-disjointig_60_6186_67457 11497 20165 61271 -1 -1 8361 0.00360426
Chain
	Aln	303	-bf295510-882a-4048-82ed-3bfcb7ae140a 1 8658 8681 -edge_152_0_-disjointig_60_6186_67457 41105 49773 61271 -1 -1 8361 0.00360426
Chain
	Aln	221	+21fb03a6-d959-4ca1-a875-ff6c0914d43f 5 3968 3970 -edge_111_0_+disjointig_6_0_62673 17148 21105 62673 -1 -1 3922 3.36284e-05
Chain
	Aln	220	-21fb03a6-d959-4ca1-a875-ff6c0914d43f 1 3964 3970 +edge_111_0_+disjointig_6_0_62673 41567 45524 62673 -1 -1 3922 3.36284e-05
Chain
	Aln	156	+7ab29fe3-531a-42c5-826d-394cf96d8979 6 4054 4056 +edge_79_0_+disjointig_44_99890_232551 99431 103480 132661 -1 -1 4020 0.000162118
Chain
	Aln	157	-7ab29fe3-531a-42c5-826d-394cf96d8979 1 4049 4056 -edge_79_0_+disjointig_44_99890_232551 29180 33229 132661 -1 -1 4020 0.000162118
Chain
	Aln	223	+abfab38e-4bd3-4bc9-aa49-43ef45a016e2 35 3603 3610 -edge_112_0_+disjointig_62_0_57746 20103 23717 57746 -1 -1 2412 0.0388381
Chain
	Aln	222	-abfab38e-4bd3-4bc9-aa49-43ef45a016e2 6 3574 3610 +edge_112_0_+disjointig_62_0_57746 34028 37642 57746 -1 -1 2412 0.0388381
Chain
	Aln	247	+ff5bdae3-4bbf-4ae4-8f11-1570e41507c1 10 3030 3033 -edge_124_0_+disjointig_70_0_27545 13749 16771 27545 -1 -1 2964 0.00191698
Chain
	Aln	246	-ff5bdae3-4bbf-4ae4-8f11-1570e41507c1 2 3022 3033 +edge_124_0_+disjointig_70_0_27545 10773 13795 27545 -1 -1 2964 0.00191698
Chain
	Aln	39	+9623573f-d08c-4946-900f-8a2f485729d2 10 11370 11375 -edge_20_0_+disjointig_15_0_99894 41172 52514 99894 -1 -1 10503 0.00865656
Chain
	Aln	38	-9623573f-d08c-4946-900f-8a2f485729d2 4 11364 11375 +edge_20_0_+disjointig_15_0_99894 47379 58721 99894 -1 -1 10503 0.00865656
Chain
	Aln	298	+a10b7770-6581-4e98-b0f3-2c780a9cde6a 11 4287 4290 +edge_150_0_+disjointig_11_11851_75629 38885 43161 63778 -1 -1 4197 0.00194377
Chain
	Aln	299	-a10b7770-6581-4e98-b0f3-2c780a9cde6a 2 4278 4290 -edge_150_0_+disjointig_11_11851_75629 20616 24892 63778 -1 -1 4197 0.00194377
Chain
	Aln	349	+a202dfb0-c33d-4766-86d5-a1c0ceae9b41 9 14900 14918 -edge_175_1_+disjointig_49_70378_113247 5048 19934 42869 -1 -1 14290 0.00485603
Chain
	Aln	348	-a202dfb0-c33d-4766-86d5-a1c0ceae9b41 17 14908 14918 +edge_175_1_+disjointig_49_70378_113247 22934 37820 42869 -1 -1 14290 0.00485603
Chain
	Aln	332	+ff45ae20-4e62-4be7-87ca-517cfe8c2b2a 38 3181 3189 +edge_167_0_-disjointig_64_0_49685 7460 10600 49685 -1 -1 3113 0.00378487
Chain
	Aln	333	-ff45ae20-4e62-4be7-87ca-517cfe8c2b2a 7 3150 3189 -edge_167_0_-disjointig_64_0_49685 39084 42224 49685 -1 -1 3113 0.00378487
Chain
	Aln	306	+53b68f28-b9b5-40ed-bec5-d1bd24f18896 2 2598 2606 +edge_154_0_+disjointig_18_11964_26268 11205 13801 14304 -1 -1 2596 0.00129444
Chain
	Aln	307	-53b68f28-b9b5-40ed-bec5-d1bd24f18896 7 2603 2606 -edge_154_0_+disjointig_18_11964_26268 502 3098 14304 -1 -1 2596 0.00129444
Chain
	Aln	184	+ed666e87-b7b5-46c9-81bd-e1181ffdd8bd 13 5512 6456 +edge_93_0_+disjointig_46_0_10658 5149 10649 10658 -1 -1 5357 0.00182046
Chain
	Aln	185	-ed666e87-b7b5-46c9-81bd-e1181ffdd8bd 943 6442 6456 -edge_93_0_+disjointig_46_0_10658 8 5508 10658 -1 -1 5357 0.00182046
Chain
	Aln	39	+778beb84-991c-445e-b54f-ecdb09b6f677 5 13260 13283 -edge_20_0_+disjointig_15_0_99894 61086 74370 99894 -1 -1 12943 0.00275841
Chain
	Aln	38	-778beb84-991c-445e-b54f-ecdb09b6f677 22 13277 13283 +edge_20_0_+disjointig_15_0_99894 25523 38807 99894 -1 -1 12943 0.00275841
Chain
	Aln	296	+6ab2e2c6-2940-4958-8627-7528fba7dda8 16 7510 7515 +edge_149_0_-disjointig_16_0_79715 56540 64033 79715 -1 -1 7364 0.00362945
Chain
	Aln	297	-6ab2e2c6-2940-4958-8627-7528fba7dda8 4 7498 7515 -edge_149_0_-disjointig_16_0_79715 15681 23174 79715 -1 -1 7364 0.00362945
Chain
	Aln	54	+cde71e9c-4fcd-4e09-857a-ffa7c8329059 15 9035 9038 +edge_28_0_+disjointig_22_0_197748 36831 45853 197748 -1 -1 8960 0.00100637
Chain
	Aln	55	-cde71e9c-4fcd-4e09-857a-ffa7c8329059 2 9022 9038 -edge_28_0_+disjointig_22_0_197748 151894 160916 197748 -1 -1 8960 0.00100637
Chain
	Aln	163	+093dd423-3a2f-4eda-aa9a-41db5990f4e0 19 3216 3223 -edge_82_0_+disjointig_61_85560_113950 22073 25271 28390 -1 -1 3172 0.00170018
Chain
	Aln	162	-093dd423-3a2f-4eda-aa9a-41db5990f4e0 6 3203 3223 +edge_82_0_+disjointig_61_85560_113950 3118 6316 28390 -1 -1 3172 0.00170018
Chain
	Aln	156	+02605b52-92ab-4667-8d7f-23f420c8a8d7 15 7646 7650 +edge_79_0_+disjointig_44_99890_232551 93328 100973 132661 -1 -1 7498 0.0028578
Chain
	Aln	157	-02605b52-92ab-4667-8d7f-23f420c8a8d7 3 7634 7650 -edge_79_0_+disjointig_44_99890_232551 31687 39332 132661 -1 -1 7498 0.0028578
Chain
	Aln	211	+e9e646fa-8368-4a40-afd9-c3bab8ff115b 10 2450 2454 -edge_106_0_+disjointig_77_4957_29687 7181 9621 24730 -1 -1 2433 0
Chain
	Aln	210	-e9e646fa-8368-4a40-afd9-c3bab8ff115b 3 2443 2454 +edge_106_0_+disjointig_77_4957_29687 15108 17548 24730 -1 -1 2433 0
Chain
	Aln	260	+f653dbe6-c55b-4ea5-8823-f1806f1a12d2 23 13807 13809 +edge_131_0_+disjointig_78_0_34465 1 13795 34465 -1 -1 13570 0.00205702
Chain
	Aln	261	-f653dbe6-c55b-4ea5-8823-f1806f1a12d2 1 13785 13809 -edge_131_0_+disjointig_78_0_34465 20669 34463 34465 -1 -1 13570 0.00205702
Chain
	Aln	312	+ccc65061-3844-497f-adaf-3bec660f2f44 18 2272 2275 +edge_157_0_+disjointig_26_0_75776 47551 49814 75776 -1 -1 2118 0.00809354
Chain
	Aln	313	-ccc65061-3844-497f-adaf-3bec660f2f44 2 2256 2275 -edge_157_0_+disjointig_26_0_75776 25961 28224 75776 -1 -1 2118 0.00809354
Chain
	Aln	92	+ed2385c9-33cf-41fd-9b0e-f8fd4028cf4e 9 7047 7054 +edge_47_0_+disjointig_30_0_164630 157588 164624 164630 -1 -1 7004 0.000398315
Chain
	Aln	93	-ed2385c9-33cf-41fd-9b0e-f8fd4028cf4e 6 7044 7054 -edge_47_0_+disjointig_30_0_164630 5 7041 164630 -1 -1 7004 0.000398315
Chain
	Aln	187	+1b5be733-7ab5-42d4-be15-91e58119f65f 2 5536 5546 -edge_94_0_+disjointig_47_0_105696 67472 73012 105696 -1 -1 5383 0.00485599
Chain
	Aln	186	-1b5be733-7ab5-42d4-be15-91e58119f65f 9 5543 5546 +edge_94_0_+disjointig_47_0_105696 32683 38223 105696 -1 -1 5383 0.00485599
Chain
	Aln	179	+2bf67e58-ba44-4350-b6c8-763b385b59cf 18 3929 3931 -edge_90_0_-disjointig_61_33235_113950 27568 31479 80715 -1 -1 3900 0.00116913
Chain
	Aln	178	-2bf67e58-ba44-4350-b6c8-763b385b59cf 1 3912 3931 +edge_90_0_-disjointig_61_33235_113950 49235 53146 80715 -1 -1 3900 0.00116913
Chain
	Aln	340	+446430a9-2da9-4aec-911e-85e9e58cd71f 842 7569 7573 +edge_171_0_+disjointig_44_0_83253 21 6752 83253 -1 -1 6653 0.00111248
Chain
	Aln	341	-446430a9-2da9-4aec-911e-85e9e58cd71f 3 6730 7573 -edge_171_0_+disjointig_44_0_83253 76500 83231 83253 -1 -1 6653 0.00111248
Chain
	Aln	313	+c0da96de-2f13-46bf-98fa-1f026d4a73c6 5 11629 11636 -edge_157_0_+disjointig_26_0_75776 48236 59819 75776 -1 -1 11204 0.00171958
Chain
	Aln	312	-c0da96de-2f13-46bf-98fa-1f026d4a73c6 6 11630 11636 +edge_157_0_+disjointig_26_0_75776 15956 27539 75776 -1 -1 11204 0.00171958
Chain
	Aln	296	+827d683d-2acd-4ed5-bdfb-347499099b18 9 16852 16873 +edge_149_0_-disjointig_16_0_79715 18897 35748 79715 -1 -1 16538 0.00201467
Chain
	Aln	297	-827d683d-2acd-4ed5-bdfb-347499099b18 20 16863 16873 -edge_149_0_-disjointig_16_0_79715 43966 60817 79715 -1 -1 16538 0.00201467
Chain
	Aln	55	+0ffd995a-bb4c-4af0-a83d-52c360e79c42 6 16372 16375 -edge_28_0_+disjointig_22_0_197748 73761 90128 197748 -1 -1 16286 0.000519694
Chain
	Aln	54	-0ffd995a-bb4c-4af0-a83d-52c360e79c42 2 16368 16375 +edge_28_0_+disjointig_22_0_197748 107619 123986 197748 -1 -1 16286 0.000519694
Chain
	Aln	349	+641a5653-30f3-4861-8bc7-40656af8a41d 9 10319 10327 -edge_175_1_+disjointig_49_70378_113247 936 11251 42869 -1 -1 10145 0.00304627
Chain
	Aln	348	-641a5653-30f3-4861-8bc7-40656af8a41d 7 10317 10327 +edge_175_1_+disjointig_49_70378_113247 31617 41932 42869 -1 -1 10145 0.00304627
Chain
	Aln	337	+8fe79e77-a930-4c5c-a42d-0df9f2e7c960 18 15718 15752 -edge_169_0_+disjointig_66_0_52611 35087 50790 52611 -1 -1 15475 0.00117965
Chain
	Aln	336	-8fe79e77-a930-4c5c-a42d-0df9f2e7c960 33 15733 15752 +edge_169_0_+disjointig_66_0_52611 1820 17523 52611 -1 -1 15475 0.00117965
Chain
	Aln	273	+293a12d8-b06c-436b-ba86-dc971691fd1d 13 4307 5322 -edge_137_0_+disjointig_89_0_8595 4308 8594 8595 -1 -1 4129 0.00532779
Chain
	Aln	272	-293a12d8-b06c-436b-ba86-dc971691fd1d 1014 5308 5322 +edge_137_0_+disjointig_89_0_8595 0 4286 8595 -1 -1 4129 0.00532779
Chain
	Aln	268	+fb7c2553-c95a-417c-af34-e6db58637553 9 2016 2025 +edge_135_0_+disjointig_83_0_2921 603 2608 2921 -1 -1 1951 0.00546693
Chain
	Aln	269	-fb7c2553-c95a-417c-af34-e6db58637553 8 2015 2025 -edge_135_0_+disjointig_83_0_2921 312 2317 2921 -1 -1 1951 0.00546693
Chain
	Aln	157	+d4592c9e-9955-43ea-a3fc-eb055b3ebe81 21 19180 19186 -edge_79_0_+disjointig_44_99890_232551 67379 86538 132661 -1 -1 18201 0.00508401
Chain
	Aln	156	-d4592c9e-9955-43ea-a3fc-eb055b3ebe81 5 19164 19186 +edge_79_0_+disjointig_44_99890_232551 46122 65281 132661 -1 -1 18201 0.00508401
Chain
	Aln	224	+d1ff4652-a032-433e-9f54-6393d0ac3c99 13 13963 13974 +edge_113_0_+disjointig_63_0_39436 25482 39426 39436 -1 -1 13640 0.00298676
Chain
	Aln	225	-d1ff4652-a032-433e-9f54-6393d0ac3c99 10 13960 13974 -edge_113_0_+disjointig_63_0_39436 9 13953 39436 -1 -1 13640 0.00298676
Chain
	Aln	95	+bf3796f6-a639-4b92-b542-49b14ff77f90 5 5915 5921 -edge_48_0_+disjointig_31_0_16188 6599 12512 16188 -1 -1 5779 0.00180282
Chain
	Aln	94	-bf3796f6-a639-4b92-b542-49b14ff77f90 5 5915 5921 +edge_48_0_+disjointig_31_0_16188 3675 9588 16188 -1 -1 5779 0.00180282
Chain
	Aln	303	+2bb6e1d8-a380-4739-99f5-25b06d4c401a 6 3476 3481 -edge_152_0_-disjointig_60_6186_67457 24806 28272 61271 -1 -1 3384 0.00227684
Chain
	Aln	302	-2bb6e1d8-a380-4739-99f5-25b06d4c401a 4 3474 3481 +edge_152_0_-disjointig_60_6186_67457 32998 36464 61271 -1 -1 3384 0.00227684
Chain
	Aln	302	+bc2a78fa-3fcd-4398-9063-50d61acae4d1 16 3325 3365 +edge_152_0_-disjointig_60_6186_67457 32988 36413 61271 -1 -1 2645 0.0234969
Chain
	Aln	303	-bc2a78fa-3fcd-4398-9063-50d61acae4d1 39 3348 3365 -edge_152_0_-disjointig_60_6186_67457 24857 28282 61271 -1 -1 2645 0.0234969
Chain
	Aln	211	+2b33fa6f-58da-4b98-839e-f18bd8a8c17d 3 10679 10721 -edge_106_0_+disjointig_77_4957_29687 5220 15896 24730 -1 -1 10289 0.00447722
Chain
	Aln	210	-2b33fa6f-58da-4b98-839e-f18bd8a8c17d 41 10717 10721 +edge_106_0_+disjointig_77_4957_29687 8833 19509 24730 -1 -1 10289 0.00447722
Chain
	Aln	55	+7ef36021-0e42-4a6e-b77e-98e39b1ad6a3 4 10597 10601 -edge_28_0_+disjointig_22_0_197748 185125 195725 197748 -1 -1 10391 0.00279329
Chain
	Aln	54	-7ef36021-0e42-4a6e-b77e-98e39b1ad6a3 3 10596 10601 +edge_28_0_+disjointig_22_0_197748 2022 12622 197748 -1 -1 10391 0.00279329
Chain
	Aln	348	+4fb3a2da-954f-49cf-9275-ba0ea5586bff 7 12181 12190 +edge_175_1_+disjointig_49_70378_113247 13871 26052 42869 -1 -1 11931 0.00245095
Chain
	Aln	349	-4fb3a2da-954f-49cf-9275-ba0ea5586bff 8 12182 12190 -edge_175_1_+disjointig_49_70378_113247 16816 28997 42869 -1 -1 11931 0.00245095
Chain
	Aln	55	+9ca84aad-5e0e-47d4-9293-93054b1d5688 13 6906 6920 -edge_28_0_+disjointig_22_0_197748 69207 76111 197748 -1 -1 6118 0.0136942
Chain
	Aln	54	-9ca84aad-5e0e-47d4-9293-93054b1d5688 13 6906 6920 +edge_28_0_+disjointig_22_0_197748 121636 128540 197748 -1 -1 6118 0.0136942
Chain
	Aln	186	+2bcddaee-b06b-4b86-b532-e1840e00b06b 9 6036 6045 +edge_94_0_+disjointig_47_0_105696 55032 61058 105696 -1 -1 6002 0
Chain
	Aln	187	-2bcddaee-b06b-4b86-b532-e1840e00b06b 8 6035 6045 -edge_94_0_+disjointig_47_0_105696 44637 50663 105696 -1 -1 6002 0
Chain
	Aln	38	+e87fdf75-8a98-4f71-ba27-672c02926e82 14 2263 2266 +edge_20_0_+disjointig_15_0_99894 39865 42113 99894 -1 -1 2227 0.00149796
Chain
	Aln	39	-e87fdf75-8a98-4f71-ba27-672c02926e82 2 2251 2266 -edge_20_0_+disjointig_15_0_99894 57780 60028 99894 -1 -1 2227 0.00149796
Chain
	Aln	165	+b4da2a7f-5501-4093-a7c1-1c6cd06293f0 8 2686 2690 -edge_83_0_-disjointig_71_8379_80660 61484 64162 72281 -1 -1 2660 0.000381492
Chain
	Aln	164	-b4da2a7f-5501-4093-a7c1-1c6cd06293f0 3 2681 2690 +edge_83_0_-disjointig_71_8379_80660 8118 10796 72281 -1 -1 2660 0.000381492
Chain
	Aln	264	+e488b57b-b9bc-41b9-8bdf-e1b1fc9bf498 5 6177 6181 +edge_133_0_+disjointig_8_0_56180 17579 23756 56180 -1 -1 6122 0.00220872
Chain
	Aln	265	-e488b57b-b9bc-41b9-8bdf-e1b1fc9bf498 3 6175 6181 -edge_133_0_+disjointig_8_0_56180 32423 38600 56180 -1 -1 6122 0.00220872
Chain
	Aln	337	+cd257248-d7f8-47b8-bbc4-7928dd79b414 8 24912 24923 -edge_169_0_+disjointig_66_0_52611 4413 29282 52611 -1 -1 24224 0.0030286
Chain
	Aln	336	-cd257248-d7f8-47b8-bbc4-7928dd79b414 10 24914 24923 +edge_169_0_+disjointig_66_0_52611 23328 48197 52611 -1 -1 24224 0.0030286
Chain
	Aln	38	+7e43f21c-7a35-40ae-8eb5-2c0ef9336ec1 30 3321 3324 +edge_20_0_+disjointig_15_0_99894 85375 88667 99894 -1 -1 3282 0
Chain
	Aln	39	-7e43f21c-7a35-40ae-8eb5-2c0ef9336ec1 2 3293 3324 -edge_20_0_+disjointig_15_0_99894 11226 14518 99894 -1 -1 3282 0
Chain
	Aln	345	+4643a020-f99c-489a-9ddd-0874c2962e35 7 6451 6456 -edge_173_0_-disjointig_53_5113_59202 39283 45752 54089 -1 -1 6174 0.00481687
Chain
	Aln	344	-4643a020-f99c-489a-9ddd-0874c2962e35 4 6448 6456 +edge_173_0_-disjointig_53_5113_59202 8336 14805 54089 -1 -1 6174 0.00481687
Chain
	Aln	156	+5c004c0a-895d-4591-a4c3-fb70b2977141 11 6872 7280 +edge_79_0_+disjointig_44_99890_232551 40317 47175 132661 -1 -1 6610 0.00332711
Chain
	Aln	157	-5c004c0a-895d-4591-a4c3-fb70b2977141 407 7268 7280 -edge_79_0_+disjointig_44_99890_232551 85485 92343 132661 -1 -1 6610 0.00332711
Chain
	Aln	101	+82b2c303-25a8-4293-b2c2-8ed3f189adcf 15 16360 16363 -edge_51_0_+disjointig_34_0_132203 50510 66862 132203 -1 -1 16315 2.79585e-05
Chain
	Aln	100	-82b2c303-25a8-4293-b2c2-8ed3f189adcf 2 16347 16363 +edge_51_0_+disjointig_34_0_132203 65340 81692 132203 -1 -1 16315 2.79585e-05
Chain
	Aln	179	+15f7bf01-678d-4843-b8b9-5886f8ddd501 8 5164 5168 -edge_90_0_-disjointig_61_33235_113950 37036 42192 80715 -1 -1 5112 0.00336093
Chain
	Aln	178	-15f7bf01-678d-4843-b8b9-5886f8ddd501 3 5159 5168 +edge_90_0_-disjointig_61_33235_113950 38522 43678 80715 -1 -1 5112 0.00336093
Chain
	Aln	54	+ed555f2b-9dcd-498a-aafc-28d20d0ab4e0 0 6124 6128 +edge_28_0_+disjointig_22_0_197748 184027 190156 197748 -1 -1 5996 0.00213233
Chain
	Aln	55	-ed555f2b-9dcd-498a-aafc-28d20d0ab4e0 3 6127 6128 -edge_28_0_+disjointig_22_0_197748 7591 13720 197748 -1 -1 5996 0.00213233
Chain
	Aln	36	+3d1c14c6-fdee-48d9-b306-41568589c160 11 8591 8594 +edge_19_0_+disjointig_14_0_104795 10527 19112 104795 -1 -1 8369 0.00162457
Chain
	Aln	37	-3d1c14c6-fdee-48d9-b306-41568589c160 2 8582 8594 -edge_19_0_+disjointig_14_0_104795 85682 94267 104795 -1 -1 8369 0.00162457
Chain
	Aln	93	+697a1f33-16b4-4a9b-b816-3e49dd4d99a0 15 8183 8186 -edge_47_0_+disjointig_30_0_164630 7193 15357 164630 -1 -1 8124 0
Chain
	Aln	92	-697a1f33-16b4-4a9b-b816-3e49dd4d99a0 2 8170 8186 +edge_47_0_+disjointig_30_0_164630 149272 157436 164630 -1 -1 8124 0
Chain
	Aln	313	+1016509e-c73e-4662-843b-63470a5e4cd9 8 2760 2764 -edge_157_0_+disjointig_26_0_75776 23951 26703 75776 -1 -1 2751 0
Chain
	Aln	312	-1016509e-c73e-4662-843b-63470a5e4cd9 3 2755 2764 +edge_157_0_+disjointig_26_0_75776 49072 51824 75776 -1 -1 2751 0
Chain
	Aln	319	+af00583c-9e43-4576-9def-5336325c0d92 12 2590 2623 -edge_160_0_-disjointig_48_0_101253 73219 75800 101253 -1 -1 2538 0.00159505
Chain
	Aln	318	-af00583c-9e43-4576-9def-5336325c0d92 32 2610 2623 +edge_160_0_-disjointig_48_0_101253 25452 28033 101253 -1 -1 2538 0.00159505
Chain
	Aln	332	+920d6d51-1a03-435c-9534-855fb934b817 17 22800 32338 +edge_167_0_-disjointig_64_0_49685 26900 49674 49685 -1 -1 22336 0.00215601
	Aln	334	+920d6d51-1a03-435c-9534-855fb934b817 22814 32335 32338 +edge_168_0_+disjointig_41_22847_84173 3 9525 61326 -1 -1 9282 0.00167574
Chain
	Aln	335	-920d6d51-1a03-435c-9534-855fb934b817 2 9523 32338 -edge_168_0_+disjointig_41_22847_84173 51800 61322 61326 -1 -1 9282 0.00167574
	Aln	333	-920d6d51-1a03-435c-9534-855fb934b817 9537 32320 32338 -edge_167_0_-disjointig_64_0_49685 10 22784 49685 -1 -1 22336 0.00215601
Chain
	Aln	54	+8d4ce670-3567-401b-8070-414012c60f90 10 14248 14253 +edge_28_0_+disjointig_22_0_197748 13542 27785 197748 -1 -1 14074 0.00132433
Chain
	Aln	55	-8d4ce670-3567-401b-8070-414012c60f90 4 14242 14253 -edge_28_0_+disjointig_22_0_197748 169962 184205 197748 -1 -1 14074 0.00132433
Chain
	Aln	233	+0413e54a-abc4-4153-822f-e95f86ea16ad 15 4798 4819 -edge_117_0_+disjointig_69_0_75545 54245 59027 75545 -1 -1 4687 0.00279333
Chain
	Aln	232	-0413e54a-abc4-4153-822f-e95f86ea16ad 20 4803 4819 +edge_117_0_+disjointig_69_0_75545 16517 21299 75545 -1 -1 4687 0.00279333
Chain
	Aln	98	+c3b34e7b-c465-49af-beda-1ff79da622bb 9 6116 6120 +edge_50_0_+disjointig_33_0_54467 9185 15289 54467 -1 -1 5968 0.00252695
Chain
	Aln	99	-c3b34e7b-c465-49af-beda-1ff79da622bb 3 6110 6120 -edge_50_0_+disjointig_33_0_54467 39177 45281 54467 -1 -1 5968 0.00252695
Chain
	Aln	195	+3023aa1e-a5e0-4d94-9bf5-dc971cdcaf61 14 7198 7202 -edge_98_0_+disjointig_51_0_39741 192 7385 39741 -1 -1 7091 0.00195853
Chain
	Aln	194	-3023aa1e-a5e0-4d94-9bf5-dc971cdcaf61 3 7187 7202 +edge_98_0_+disjointig_51_0_39741 32355 39548 39741 -1 -1 7091 0.00195853
Chain
	Aln	195	+58a151b2-3ad8-49e7-aaed-71f23e13b095 26 13577 13588 -edge_98_0_+disjointig_51_0_39741 25 13585 39741 -1 -1 13467 0.00124553
Chain
	Aln	194	-58a151b2-3ad8-49e7-aaed-71f23e13b095 10 13561 13588 +edge_98_0_+disjointig_51_0_39741 26155 39715 39741 -1 -1 13467 0.00124553
Chain
	Aln	164	+87dfa9dc-443a-46b4-b57b-97cedc1bf686 5 2091 2094 +edge_83_0_-disjointig_71_8379_80660 69834 71920 72281 -1 -1 2086 0.000730843
Chain
	Aln	165	-87dfa9dc-443a-46b4-b57b-97cedc1bf686 2 2088 2094 -edge_83_0_-disjointig_71_8379_80660 360 2446 72281 -1 -1 2086 0.000730843
Chain
	Aln	329	+c4e59cba-3adb-45b4-b4bc-7fa4b8722dd4 15 2752 2761 -edge_165_0_+disjointig_54_0_66147 63402 66138 66147 -1 -1 2608 0.00491829
Chain
	Aln	328	-c4e59cba-3adb-45b4-b4bc-7fa4b8722dd4 8 2745 2761 +edge_165_0_+disjointig_54_0_66147 8 2744 66147 -1 -1 2608 0.00491829
Chain
	Aln	165	+f20a760b-418b-414b-ad10-bedc95d72f97 7 2080 2087 -edge_83_0_-disjointig_71_8379_80660 343 2424 72281 -1 -1 2032 0.00186159
Chain
	Aln	164	-f20a760b-418b-414b-ad10-bedc95d72f97 6 2079 2087 +edge_83_0_-disjointig_71_8379_80660 69856 71937 72281 -1 -1 2032 0.00186159
Chain
	Aln	349	+2723b695-6d44-4f9c-baf1-55c8aa90e6c3 13 2324 2329 -edge_175_0_+disjointig_49_27612_70378 37489 39805 42766 -1 -1 2299 5.99177e-05
Chain
	Aln	348	-2723b695-6d44-4f9c-baf1-55c8aa90e6c3 4 2315 2329 +edge_175_0_+disjointig_49_27612_70378 2960 5276 42766 -1 -1 2299 5.99177e-05
Chain
	Aln	55	+9dcb3b70-7ce7-435c-96c5-559c68de8815 4 7752 8003 -edge_28_0_+disjointig_22_0_197748 111220 118967 197748 -1 -1 7515 0.00280563
Chain
	Aln	54	-9dcb3b70-7ce7-435c-96c5-559c68de8815 250 7998 8003 +edge_28_0_+disjointig_22_0_197748 78780 86527 197748 -1 -1 7515 0.00280563
Chain
	Aln	296	+e48ea53b-9e86-4f3b-a4bf-a5e3c281b0e6 6 2815 5573 +edge_149_0_-disjointig_16_0_79715 76891 79699 79715 -1 -1 2519 0.0114121
	Aln	298	+e48ea53b-9e86-4f3b-a4bf-a5e3c281b0e6 2835 5566 5573 +edge_150_0_+disjointig_11_11851_75629 3 2733 63778 -1 -1 2482 0.00850839
Chain
	Aln	299	-e48ea53b-9e86-4f3b-a4bf-a5e3c281b0e6 6 2737 5573 -edge_150_0_+disjointig_11_11851_75629 61044 63774 63778 -1 -1 2482 0.00850839
	Aln	297	-e48ea53b-9e86-4f3b-a4bf-a5e3c281b0e6 2757 5566 5573 -edge_149_0_-disjointig_16_0_79715 15 2823 79715 -1 -1 2519 0.0114121
Chain
	Aln	35	+ba278392-092d-4607-bfc4-17d37ee63239 4 28295 28298 -edge_18_0_+disjointig_13_0_57208 4853 33232 57208 -1 -1 27375 0.00471348
Chain
	Aln	34	-ba278392-092d-4607-bfc4-17d37ee63239 2 28293 28298 +edge_18_0_+disjointig_13_0_57208 23975 52354 57208 -1 -1 27375 0.00471348
Chain
	Aln	348	+eb56b426-8b83-442d-b9fb-98a1da61bef7 34 2924 3467 +edge_175_1_+disjointig_49_70378_113247 37113 40002 42869 -1 -1 2872 0.00318225
Chain
	Aln	349	-eb56b426-8b83-442d-b9fb-98a1da61bef7 542 3432 3467 -edge_175_1_+disjointig_49_70378_113247 2866 5755 42869 -1 -1 2872 0.00318225
Chain
	Aln	298	+7651f701-5f59-42ce-acc1-520988c3848a 11 5855 5858 +edge_150_0_+disjointig_11_11851_75629 54169 60010 63778 -1 -1 5806 0.0007743
Chain
	Aln	299	-7651f701-5f59-42ce-acc1-520988c3848a 2 5846 5858 -edge_150_0_+disjointig_11_11851_75629 3767 9608 63778 -1 -1 5806 0.0007743
Chain
	Aln	104	+41b49a32-7fd4-4f85-89c5-7c768a0a2851 23 4132 4141 +edge_53_0_+disjointig_36_0_22667 18558 22659 22667 -1 -1 4047 0.000547851
Chain
	Aln	105	-41b49a32-7fd4-4f85-89c5-7c768a0a2851 8 4117 4141 -edge_53_0_+disjointig_36_0_22667 7 4108 22667 -1 -1 4047 0.000547851
Chain
	Aln	207	+80bdc0be-fa47-4f9f-abb4-82d595600955 12 4121 4125 -edge_104_0_+disjointig_56_0_67458 32618 36725 67458 -1 -1 4068 0.000867115
Chain
	Aln	206	-80bdc0be-fa47-4f9f-abb4-82d595600955 3 4112 4125 +edge_104_0_+disjointig_56_0_67458 30732 34839 67458 -1 -1 4068 0.000867115
Chain
	Aln	165	+1bffa52d-6ce3-4f18-9605-685f8ed0a2c8 12 6859 8286 -edge_83_0_-disjointig_71_8379_80660 65430 72280 72281 -1 -1 6776 0.000641822
	Aln	151	+1bffa52d-6ce3-4f18-9605-685f8ed0a2c8 6865 8284 8286 -edge_76_5_-disjointig_71_6613_8379 5 1423 1766 -1 -1 1400 0.00223267
Chain
	Aln	150	-1bffa52d-6ce3-4f18-9605-685f8ed0a2c8 1 1420 8286 +edge_76_5_-disjointig_71_6613_8379 342 1760 1766 -1 -1 1400 0.00223267
	Aln	164	-1bffa52d-6ce3-4f18-9605-685f8ed0a2c8 1426 8273 8286 +edge_83_0_-disjointig_71_8379_80660 0 6850 72281 -1 -1 6776 0.000641822
Chain
	Aln	48	+6959ea10-f3aa-4411-8949-986771d129d5 8 12887 12933 +edge_25_0_+disjointig_2_0_55897 32393 45297 55897 -1 -1 12259 0.00648408
Chain
	Aln	49	-6959ea10-f3aa-4411-8949-986771d129d5 45 12924 12933 -edge_25_0_+disjointig_2_0_55897 10599 23503 55897 -1 -1 12259 0.00648408
Chain
	Aln	341	+1612089b-9b78-4946-9fcd-fb2bad630b36 11 18745 18754 -edge_171_0_+disjointig_44_0_83253 19 18771 83253 -1 -1 18053 0.00443263
Chain
	Aln	340	-1612089b-9b78-4946-9fcd-fb2bad630b36 8 18742 18754 +edge_171_0_+disjointig_44_0_83253 64481 83233 83253 -1 -1 18053 0.00443263
Chain
	Aln	55	+165bfa16-644f-4502-88ad-461fa4f978bb 9 3911 3913 -edge_28_0_+disjointig_22_0_197748 128550 132458 197748 -1 -1 3787 0.0024056
Chain
	Aln	54	-165bfa16-644f-4502-88ad-461fa4f978bb 1 3903 3913 +edge_28_0_+disjointig_22_0_197748 65289 69197 197748 -1 -1 3787 0.0024056
Chain
	Aln	105	+fc696c53-0242-421f-bd1c-e5668a1a9e9b 13 7325 7445 -edge_53_0_+disjointig_36_0_22667 14380 21704 22667 -1 -1 6888 0.00367587
Chain
	Aln	104	-fc696c53-0242-421f-bd1c-e5668a1a9e9b 119 7431 7445 +edge_53_0_+disjointig_36_0_22667 962 8286 22667 -1 -1 6888 0.00367587
Chain
	Aln	38	+9047c8f1-0730-4299-b140-3666a31fa787 5 3227 3234 +edge_20_0_+disjointig_15_0_99894 52929 56157 99894 -1 -1 3135 0.00224943
Chain
	Aln	39	-9047c8f1-0730-4299-b140-3666a31fa787 6 3228 3234 -edge_20_0_+disjointig_15_0_99894 43736 46964 99894 -1 -1 3135 0.00224943
Chain
	Aln	50	+a28b5f53-3d33-4c6a-a9cf-a4e029483b94 1 2812 2817 +edge_26_0_+disjointig_20_0_104137 61561 64373 104137 -1 -1 2796 0.00133657
Chain
	Aln	51	-a28b5f53-3d33-4c6a-a9cf-a4e029483b94 4 2815 2817 -edge_26_0_+disjointig_20_0_104137 39763 42575 104137 -1 -1 2796 0.00133657
Chain
	Aln	39	+94bffa6a-c4d5-4004-861d-abb6f486718b 6 6153 6155 -edge_20_0_+disjointig_15_0_99894 19177 25323 99894 -1 -1 6039 0.00291098
Chain
	Aln	38	-94bffa6a-c4d5-4004-861d-abb6f486718b 1 6148 6155 +edge_20_0_+disjointig_15_0_99894 74570 80716 99894 -1 -1 6039 0.00291098
Chain
	Aln	103	+0e3f4c63-a4c0-4943-a1aa-29bc7497e91c 43 5282 5292 -edge_52_0_+disjointig_35_0_49615 44369 49605 49615 -1 -1 5142 0.00344156
Chain
	Aln	102	-0e3f4c63-a4c0-4943-a1aa-29bc7497e91c 9 5248 5292 +edge_52_0_+disjointig_35_0_49615 9 5245 49615 -1 -1 5142 0.00344156
Chain
	Aln	55	+edf34046-6ef5-49d9-9626-3582ed617e37 4 11510 11516 -edge_28_0_+disjointig_22_0_197748 177550 188867 197748 -1 -1 10742 0.00254786
Chain
	Aln	54	-edf34046-6ef5-49d9-9626-3582ed617e37 5 11511 11516 +edge_28_0_+disjointig_22_0_197748 8880 20197 197748 -1 -1 10742 0.00254786
Chain
	Aln	103	+2cf25cf2-a2ff-4404-bd0e-3864ff6d49a6 12 6305 6313 -edge_52_0_+disjointig_35_0_49615 31198 37506 49615 -1 -1 6059 0.00432117
Chain
	Aln	102	-2cf25cf2-a2ff-4404-bd0e-3864ff6d49a6 7 6300 6313 +edge_52_0_+disjointig_35_0_49615 12108 18416 49615 -1 -1 6059 0.00432117
Chain
	Aln	220	+a9e140ad-9633-43c7-a44b-6314be2e2361 7 4898 4905 +edge_111_0_+disjointig_6_0_62673 17712 22604 62673 -1 -1 4819 0.00181991
Chain
	Aln	221	-a9e140ad-9633-43c7-a44b-6314be2e2361 6 4897 4905 -edge_111_0_+disjointig_6_0_62673 40068 44960 62673 -1 -1 4819 0.00181991
Chain
	Aln	296	+7b6438ab-c94d-46cd-9ad7-ca5f9fcc12f9 7 25723 25733 +edge_149_0_-disjointig_16_0_79715 41085 66817 79715 -1 -1 25358 0.00183126
Chain
	Aln	297	-7b6438ab-c94d-46cd-9ad7-ca5f9fcc12f9 9 25725 25733 -edge_149_0_-disjointig_16_0_79715 12897 38629 79715 -1 -1 25358 0.00183126
Chain
	Aln	319	+a4975afe-b31b-4ad9-a1b5-fe2ca244d146 11 4198 4205 -edge_160_0_-disjointig_48_0_101253 28698 32890 101253 -1 -1 3687 0.0152697
Chain
	Aln	318	-a4975afe-b31b-4ad9-a1b5-fe2ca244d146 6 4193 4205 +edge_160_0_-disjointig_48_0_101253 68362 72554 101253 -1 -1 3687 0.0152697
Chain
	Aln	349	+c571e72f-a35f-4a1a-9958-486882b23d82 16 17286 28647 -edge_175_0_+disjointig_49_27612_70378 25462 42765 42766 -1 -1 14559 0.0167426
	Aln	349	+c571e72f-a35f-4a1a-9958-486882b23d82 17299 28586 28647 -edge_175_0_+disjointig_49_27612_70378 12 11322 42766 -1 -1 9476 0.0199338
Chain
	Aln	348	-c571e72f-a35f-4a1a-9958-486882b23d82 60 11347 28647 +edge_175_0_+disjointig_49_27612_70378 31443 42753 42766 -1 -1 9476 0.0199338
	Aln	348	-c571e72f-a35f-4a1a-9958-486882b23d82 11360 28630 28647 +edge_175_0_+disjointig_49_27612_70378 0 17303 42766 -1 -1 14559 0.0167426
Chain
	Aln	224	+b3dc04e7-ed68-43c2-be68-a5287269b587 11 11622 11626 +edge_113_0_+disjointig_63_0_39436 20653 32264 39436 -1 -1 11527 0.00117736
Chain
	Aln	225	-b3dc04e7-ed68-43c2-be68-a5287269b587 3 11614 11626 -edge_113_0_+disjointig_63_0_39436 7171 18782 39436 -1 -1 11527 0.00117736
Chain
	Aln	93	+8e8b5044-eec3-4c32-b905-4e3212a16432 10 24225 24229 -edge_47_0_+disjointig_30_0_164630 8813 33030 164630 -1 -1 23924 0.000973552
Chain
	Aln	92	-8e8b5044-eec3-4c32-b905-4e3212a16432 3 24218 24229 +edge_47_0_+disjointig_30_0_164630 131599 155816 164630 -1 -1 23924 0.000973552
Chain
	Aln	51	+8668ba74-4cbc-4308-bf0f-4376c45d0d4f 12 12049 12057 -edge_26_0_+disjointig_20_0_104137 12758 24808 104137 -1 -1 11925 0.000852147
Chain
	Aln	50	-8668ba74-4cbc-4308-bf0f-4376c45d0d4f 7 12044 12057 +edge_26_0_+disjointig_20_0_104137 79328 91378 104137 -1 -1 11925 0.000852147
Chain
	Aln	297	+36537be6-9cd1-4d8f-973b-9d1b326a0311 2 7849 7856 -edge_149_0_-disjointig_16_0_79715 71859 79708 79715 -1 -1 7826 0
Chain
	Aln	296	-36537be6-9cd1-4d8f-973b-9d1b326a0311 6 7853 7856 +edge_149_0_-disjointig_16_0_79715 6 7855 79715 -1 -1 7826 0
Chain
	Aln	296	+4eec744a-f054-4d5f-8f5c-30d12b2df53b 9 2522 16586 +edge_149_0_-disjointig_16_0_79715 77200 79712 79715 -1 -1 2451 0.0030689
	Aln	298	+4eec744a-f054-4d5f-8f5c-30d12b2df53b 2528 16584 16586 +edge_150_0_+disjointig_11_11851_75629 3 14055 63778 -1 -1 13920 0.00110802
Chain
	Aln	299	-4eec744a-f054-4d5f-8f5c-30d12b2df53b 1 14057 16586 -edge_150_0_+disjointig_11_11851_75629 49722 63774 63778 -1 -1 13920 0.00110802
	Aln	297	-4eec744a-f054-4d5f-8f5c-30d12b2df53b 14063 16576 16586 -edge_149_0_-disjointig_16_0_79715 2 2514 79715 -1 -1 2451 0.0030689
Chain
	Aln	206	+4f3cd5d5-9b9b-4007-9bb3-490835f3c6f2 9 23465 23472 +edge_104_0_+disjointig_56_0_67458 16653 40119 67458 -1 -1 23286 0.00145153
Chain
	Aln	207	-4f3cd5d5-9b9b-4007-9bb3-490835f3c6f2 6 23462 23472 -edge_104_0_+disjointig_56_0_67458 27338 50804 67458 -1 -1 23286 0.00145153
Chain
	Aln	178	+48cc7de9-3a1e-4ce4-a5bd-7dabc42567e7 8 3505 3507 +edge_90_0_-disjointig_61_33235_113950 40461 43957 80715 -1 -1 3385 0.0058216
Chain
	Aln	179	-48cc7de9-3a1e-4ce4-a5bd-7dabc42567e7 1 3498 3507 -edge_90_0_-disjointig_61_33235_113950 36757 40253 80715 -1 -1 3385 0.0058216
Chain
	Aln	296	+70f973ef-4ef3-4e22-aef2-c45dff235733 25 3238 3244 +edge_149_0_-disjointig_16_0_79715 8415 11627 79715 -1 -1 2754 0.0175235
Chain
	Aln	297	-70f973ef-4ef3-4e22-aef2-c45dff235733 5 3218 3244 -edge_149_0_-disjointig_16_0_79715 68087 71299 79715 -1 -1 2754 0.0175235
Chain
	Aln	211	+1ba27f80-1ef3-4e28-adda-8915622f507a 2 4893 4895 -edge_106_0_+disjointig_77_4957_29687 3683 8577 24730 -1 -1 4845 0.00198075
Chain
	Aln	210	-1ba27f80-1ef3-4e28-adda-8915622f507a 1 4892 4895 +edge_106_0_+disjointig_77_4957_29687 16152 21046 24730 -1 -1 4845 0.00198075
Chain
	Aln	210	+730d63f4-a574-4b5a-9498-a63c0d3e2830 5 4885 4894 +edge_106_0_+disjointig_77_4957_29687 16135 21020 24730 -1 -1 4717 0.00396358
Chain
	Aln	211	-730d63f4-a574-4b5a-9498-a63c0d3e2830 8 4888 4894 -edge_106_0_+disjointig_77_4957_29687 3709 8594 24730 -1 -1 4717 0.00396358
Chain
	Aln	336	+82a8247b-072e-42ec-8c45-2570948a9e61 7 4046 4052 +edge_169_0_+disjointig_66_0_52611 21336 25372 52611 -1 -1 4021 0.000338539
Chain
	Aln	337	-82a8247b-072e-42ec-8c45-2570948a9e61 5 4044 4052 -edge_169_0_+disjointig_66_0_52611 27238 31274 52611 -1 -1 4021 0.000338539
Chain
	Aln	55	+e70060f6-94ce-4292-b1f3-5d25f04284f0 11 18257 18260 -edge_28_0_+disjointig_22_0_197748 6481 24731 197748 -1 -1 17846 0.00187542
Chain
	Aln	54	-e70060f6-94ce-4292-b1f3-5d25f04284f0 2 18248 18260 +edge_28_0_+disjointig_22_0_197748 173016 191266 197748 -1 -1 17846 0.00187542
Chain
	Aln	156	+c6854b5e-e0aa-46ca-97dd-2d1ba0573c57 9 4277 4280 +edge_79_0_+disjointig_44_99890_232551 38709 42975 132661 -1 -1 4239 0.00113286
Chain
	Aln	157	-c6854b5e-e0aa-46ca-97dd-2d1ba0573c57 2 4270 4280 -edge_79_0_+disjointig_44_99890_232551 89685 93951 132661 -1 -1 4239 0.00113286
Chain
	Aln	322	+2447cb08-b4eb-4e56-98a7-0295110f94bd 2 4103 4483 +edge_162_0_+disjointig_38_2796_14800 7884 11993 12004 -1 -1 3891 0.00578931
Chain
	Aln	323	-2447cb08-b4eb-4e56-98a7-0295110f94bd 379 4480 4483 -edge_162_0_+disjointig_38_2796_14800 10 4119 12004 -1 -1 3891 0.00578931
Chain
	Aln	102	+2e2524c1-c792-406d-9a35-8f2558425df5 13 9030 9032 +edge_52_0_+disjointig_35_0_49615 1539 10666 49615 -1 -1 8401 0.00748013
Chain
	Aln	103	-2e2524c1-c792-406d-9a35-8f2558425df5 1 9018 9032 -edge_52_0_+disjointig_35_0_49615 38948 48075 49615 -1 -1 8401 0.00748013
Chain
	Aln	55	+8096bcba-9a1e-47f7-973f-16cc587a87ac 26 9762 9770 -edge_28_0_+disjointig_22_0_197748 38841 48571 197748 -1 -1 9578 0.00246024
Chain
	Aln	54	-8096bcba-9a1e-47f7-973f-16cc587a87ac 7 9743 9770 +edge_28_0_+disjointig_22_0_197748 149176 158906 197748 -1 -1 9578 0.00246024
Chain
	Aln	156	+b55ca74e-dcee-4a69-ad11-44150633cbc5 10 3257 3260 +edge_79_0_+disjointig_44_99890_232551 69639 72917 132661 -1 -1 2910 0.00884356
Chain
	Aln	157	-b55ca74e-dcee-4a69-ad11-44150633cbc5 2 3249 3260 -edge_79_0_+disjointig_44_99890_232551 59743 63021 132661 -1 -1 2910 0.00884356
Chain
	Aln	50	+c1016567-8b76-46e6-8c64-265df160f0f3 6 7018 7088 +edge_26_0_+disjointig_20_0_104137 43131 50143 104137 -1 -1 6948 0
Chain
	Aln	51	-c1016567-8b76-46e6-8c64-265df160f0f3 69 7081 7088 -edge_26_0_+disjointig_20_0_104137 53993 61005 104137 -1 -1 6948 0
Chain
	Aln	249	+6e6b30b6-df22-45b8-b464-69f117d6402f 11 2275 2277 -edge_125_0_+disjointig_73_0_2268 10 2266 2268 -1 -1 2091 0.00779182
Chain
	Aln	248	-6e6b30b6-df22-45b8-b464-69f117d6402f 1 2265 2277 +edge_125_0_+disjointig_73_0_2268 1 2257 2268 -1 -1 2091 0.00779182
Chain
	Aln	157	+439a2301-04c3-49db-9298-7b9efca34974 10 2331 2336 -edge_79_0_+disjointig_44_99890_232551 14296 16622 132661 -1 -1 2251 0.00620062
Chain
	Aln	156	-439a2301-04c3-49db-9298-7b9efca34974 4 2325 2336 +edge_79_0_+disjointig_44_99890_232551 116038 118364 132661 -1 -1 2251 0.00620062
Chain
	Aln	156	+95341e7f-8ce2-4800-b243-18c6e6ba8a0b 2 2339 2341 +edge_79_0_+disjointig_44_99890_232551 116016 118348 132661 -1 -1 2251 0.00678857
Chain
	Aln	157	-95341e7f-8ce2-4800-b243-18c6e6ba8a0b 1 2338 2341 -edge_79_0_+disjointig_44_99890_232551 14312 16644 132661 -1 -1 2251 0.00678857
Chain
	Aln	218	+9f13941d-cd8c-4cae-9a44-8cff93d4bd5e 10 3961 3963 +edge_110_0_+disjointig_59_0_17897 3617 7558 17897 -1 -1 3856 0.000913654
Chain
	Aln	219	-9f13941d-cd8c-4cae-9a44-8cff93d4bd5e 1 3952 3963 -edge_110_0_+disjointig_59_0_17897 10338 14279 17897 -1 -1 3856 0.000913654
Chain
	Aln	157	+46065516-ffc2-49c8-b162-9b60e772f2f5 9 3705 3708 -edge_79_0_+disjointig_44_99890_232551 3679 7374 132661 -1 -1 3591 0.00370371
Chain
	Aln	156	-46065516-ffc2-49c8-b162-9b60e772f2f5 2 3698 3708 +edge_79_0_+disjointig_44_99890_232551 125286 128981 132661 -1 -1 3591 0.00370371
Chain
	Aln	93	+8c08a94c-eb89-4f2f-81d0-d7575e346ecb 78 5798 5835 -edge_47_0_+disjointig_30_0_164630 137994 143759 164630 -1 -1 5277 0.00802947
Chain
	Aln	92	-8c08a94c-eb89-4f2f-81d0-d7575e346ecb 36 5756 5835 +edge_47_0_+disjointig_30_0_164630 20870 26635 164630 -1 -1 5277 0.00802947
Chain
	Aln	194	+8372d328-be41-41d2-96bf-9aba18bfa98c 13 2093 2101 +edge_98_0_+disjointig_51_0_39741 6339 8419 39741 -1 -1 2080 0.000247679
Chain
	Aln	195	-8372d328-be41-41d2-96bf-9aba18bfa98c 7 2087 2101 -edge_98_0_+disjointig_51_0_39741 31321 33401 39741 -1 -1 2080 0.000247679
Chain
	Aln	157	+ec779323-4799-444a-857b-5288c201985b 15 8443 8445 -edge_79_0_+disjointig_44_99890_232551 81217 89644 132661 -1 -1 8350 0
Chain
	Aln	156	-ec779323-4799-444a-857b-5288c201985b 1 8429 8445 +edge_79_0_+disjointig_44_99890_232551 43016 51443 132661 -1 -1 8350 0
Chain
	Aln	156	+2ded1bda-88e5-40c8-9201-c587ca6d917e 25 6828 6833 +edge_79_0_+disjointig_44_99890_232551 122160 128966 132661 -1 -1 6709 0.00156839
Chain
	Aln	157	-2ded1bda-88e5-40c8-9201-c587ca6d917e 4 6807 6833 -edge_79_0_+disjointig_44_99890_232551 3694 10500 132661 -1 -1 6709 0.00156839
Chain
	Aln	233	+1dfe4bf0-c43e-4a42-836f-0aca40279a24 14 3823 3831 -edge_117_0_+disjointig_69_0_75545 44937 48745 75545 -1 -1 3808 0.000209246
Chain
	Aln	232	-1dfe4bf0-c43e-4a42-836f-0aca40279a24 7 3816 3831 +edge_117_0_+disjointig_69_0_75545 26799 30607 75545 -1 -1 3808 0.000209246
Chain
	Aln	93	+7d3080ff-f616-4f09-8ecb-5a9915fe003e 5 11476 11482 -edge_47_0_+disjointig_30_0_164630 105034 116812 164630 -1 -1 10594 0.00473391
Chain
	Aln	92	-7d3080ff-f616-4f09-8ecb-5a9915fe003e 5 11476 11482 +edge_47_0_+disjointig_30_0_164630 47817 59595 164630 -1 -1 10594 0.00473391
Chain
	Aln	51	+97ede209-4471-42dd-89f4-4b90636d0bdb 3 8034 8038 -edge_26_0_+disjointig_20_0_104137 12260 20293 104137 -1 -1 7966 0.000781538
Chain
	Aln	50	-97ede209-4471-42dd-89f4-4b90636d0bdb 3 8034 8038 +edge_26_0_+disjointig_20_0_104137 83843 91876 104137 -1 -1 7966 0.000781538
Chain
	Aln	50	+69c3fcfd-34d5-436b-af4c-8c0bcefc479e 7 8027 8029 +edge_26_0_+disjointig_20_0_104137 83825 91859 104137 -1 -1 7967 0.00103464
Chain
	Aln	51	-69c3fcfd-34d5-436b-af4c-8c0bcefc479e 1 8021 8029 -edge_26_0_+disjointig_20_0_104137 12277 20311 104137 -1 -1 7967 0.00103464
Chain
	Aln	232	+a5720c04-a3cb-4416-b2a5-e40a4e7fed4b 11 11506 11515 +edge_117_0_+disjointig_69_0_75545 47501 58997 75545 -1 -1 11417 0.00107787
Chain
	Aln	233	-a5720c04-a3cb-4416-b2a5-e40a4e7fed4b 8 11503 11515 -edge_117_0_+disjointig_69_0_75545 16547 28043 75545 -1 -1 11417 0.00107787
Chain
	Aln	39	+8e2848aa-8447-45b2-9d50-81ab57c6afe9 10 4842 4848 -edge_20_0_+disjointig_15_0_99894 72341 77170 99894 -1 -1 4781 0.000482295
Chain
	Aln	38	-8e2848aa-8447-45b2-9d50-81ab57c6afe9 5 4837 4848 +edge_20_0_+disjointig_15_0_99894 22723 27552 99894 -1 -1 4781 0.000482295
Chain
	Aln	348	+c1078932-e202-4a5a-a8bd-0c02f9d6ffb9 5 2301 2303 +edge_175_0_+disjointig_49_27612_70378 1904 4206 42766 -1 -1 2274 0.00286812
Chain
	Aln	349	-c1078932-e202-4a5a-a8bd-0c02f9d6ffb9 1 2297 2303 -edge_175_0_+disjointig_49_27612_70378 38559 40861 42766 -1 -1 2274 0.00286812
Chain
	Aln	239	+9cc45161-579c-44bb-868d-53bf6dd7350f 14 5344 5349 -edge_120_0_-disjointig_87_6236_62149 21663 26993 55913 -1 -1 5156 0.00201392
Chain
	Aln	238	-9cc45161-579c-44bb-868d-53bf6dd7350f 4 5334 5349 +edge_120_0_-disjointig_87_6236_62149 28919 34249 55913 -1 -1 5156 0.00201392
Chain
	Aln	99	+f5b8b033-c999-4d00-a389-ef30a49e0cf4 11 6638 6647 -edge_50_0_+disjointig_33_0_54467 47834 54458 54467 -1 -1 5976 0.000994289
Chain
	Aln	98	-f5b8b033-c999-4d00-a389-ef30a49e0cf4 8 6635 6647 +edge_50_0_+disjointig_33_0_54467 8 6632 54467 -1 -1 5976 0.000994289
Chain
	Aln	292	+f11007f4-e866-4f70-8d15-9d034dbe922a 6 3099 3107 +edge_147_0_-disjointig_17_0_25571 11377 14535 25571 -1 -1 2592 0.0148998
Chain
	Aln	293	-f11007f4-e866-4f70-8d15-9d034dbe922a 7 3100 3107 -edge_147_0_-disjointig_17_0_25571 11035 14193 25571 -1 -1 2592 0.0148998
Chain
	Aln	53	+c2b19093-8c2b-47b0-afc9-d75fdea08cf4 11 4148 4202 -edge_27_0_+disjointig_21_0_54132 38315 42453 54132 -1 -1 3962 0.00331643
Chain
	Aln	52	-c2b19093-8c2b-47b0-afc9-d75fdea08cf4 53 4190 4202 +edge_27_0_+disjointig_21_0_54132 11678 15816 54132 -1 -1 3962 0.00331643
Chain
	Aln	216	+9d94cbf1-b1c3-4a25-8e31-7e40ae5792d3 9 2216 2220 +edge_109_0_+disjointig_58_0_33005 24825 27042 33005 -1 -1 2169 0.000802965
Chain
	Aln	217	-9d94cbf1-b1c3-4a25-8e31-7e40ae5792d3 3 2210 2220 -edge_109_0_+disjointig_58_0_33005 5962 8179 33005 -1 -1 2169 0.000802965
Chain
	Aln	360	+84cc899e-7917-45b5-841d-fd510f2e2210 7 2036 2038 +edge_181_0_+disjointig_74_2530_48718 31623 33656 46188 -1 -1 1980 0.00482345
Chain
	Aln	361	-84cc899e-7917-45b5-841d-fd510f2e2210 1 2030 2038 -edge_181_0_+disjointig_74_2530_48718 12531 14564 46188 -1 -1 1980 0.00482345
Chain
	Aln	178	+b973bf90-36f9-4645-89df-79df70764f30 11 7295 7299 +edge_90_0_-disjointig_61_33235_113950 2176 9452 80715 -1 -1 7176 0.00181972
Chain
	Aln	179	-b973bf90-36f9-4645-89df-79df70764f30 3 7287 7299 -edge_90_0_-disjointig_61_33235_113950 71262 78538 80715 -1 -1 7176 0.00181972
Chain
	Aln	348	+5c376b8b-60b1-4893-a30e-f7b26798512c 15 4781 4791 +edge_175_0_+disjointig_49_27612_70378 6488 11263 42766 -1 -1 4701 0.000601273
Chain
	Aln	349	-5c376b8b-60b1-4893-a30e-f7b26798512c 9 4775 4791 -edge_175_0_+disjointig_49_27612_70378 31502 36277 42766 -1 -1 4701 0.000601273
Chain
	Aln	338	+d8472884-28d0-4d85-b867-3873d5f29d75 16 3996 4007 +edge_170_0_+disjointig_42_29456_35877 2430 6411 6421 -1 -1 3954 0.00375397
Chain
	Aln	339	-d8472884-28d0-4d85-b867-3873d5f29d75 10 3990 4007 -edge_170_0_+disjointig_42_29456_35877 9 3990 6421 -1 -1 3954 0.00375397
Chain
	Aln	179	+f421449d-bccd-44d7-93de-b4d3498c8e49 8 7248 7280 -edge_90_0_-disjointig_61_33235_113950 71247 78495 80715 -1 -1 7163 0.00180423
Chain
	Aln	178	-f421449d-bccd-44d7-93de-b4d3498c8e49 31 7271 7280 +edge_90_0_-disjointig_61_33235_113950 2219 9467 80715 -1 -1 7163 0.00180423
Chain
	Aln	49	+b1dd5298-6e06-4ef9-b528-a1b2369ec56a 13 4623 4630 -edge_25_0_+disjointig_2_0_55897 26849 31460 55897 -1 -1 4597 0.00164213
Chain
	Aln	48	-b1dd5298-6e06-4ef9-b528-a1b2369ec56a 6 4616 4630 +edge_25_0_+disjointig_2_0_55897 24436 29047 55897 -1 -1 4597 0.00164213
Chain
	Aln	53	+e891a016-1618-42f1-906b-e65c4f68140f 10 20350 20373 -edge_27_0_+disjointig_21_0_54132 12528 32890 54132 -1 -1 19962 0.00165183
Chain
	Aln	52	-e891a016-1618-42f1-906b-e65c4f68140f 22 20362 20373 +edge_27_0_+disjointig_21_0_54132 21241 41603 54132 -1 -1 19962 0.00165183
Chain
	Aln	332	+84a04155-d5d9-4468-8df8-897642fca57e 29 5768 5771 +edge_167_0_-disjointig_64_0_49685 15503 21236 49685 -1 -1 5604 0.00258623
Chain
	Aln	333	-84a04155-d5d9-4468-8df8-897642fca57e 2 5741 5771 -edge_167_0_-disjointig_64_0_49685 28448 34181 49685 -1 -1 5604 0.00258623
Chain
	Aln	179	+a66b9e8d-04f0-41fb-a595-b6c59beb6fc3 10 40713 40716 -edge_90_0_-disjointig_61_33235_113950 25751 67075 80715 -1 -1 28814 0.0232034
Chain
	Aln	178	-a66b9e8d-04f0-41fb-a595-b6c59beb6fc3 2 40705 40716 +edge_90_0_-disjointig_61_33235_113950 13639 54963 80715 -1 -1 28814 0.0232034
Chain
	Aln	273	+4f68437b-06c9-4d4a-b543-9d52d3e7d71f 9 5788 5799 -edge_137_0_+disjointig_89_0_8595 2796 8584 8595 -1 -1 5637 0.00439888
Chain
	Aln	272	-4f68437b-06c9-4d4a-b543-9d52d3e7d71f 10 5789 5799 +edge_137_0_+disjointig_89_0_8595 10 5798 8595 -1 -1 5637 0.00439888
Chain
	Aln	101	+6d646f09-9313-4f21-bf43-3a0841d26a87 7 4105 4111 -edge_51_0_+disjointig_34_0_132203 1682 5782 132203 -1 -1 4065 0.00219664
Chain
	Aln	100	-6d646f09-9313-4f21-bf43-3a0841d26a87 5 4103 4111 +edge_51_0_+disjointig_34_0_132203 126420 130520 132203 -1 -1 4065 0.00219664
Chain
	Aln	296	+8027f41f-2305-4792-93a6-6c71740091c3 15 5881 5900 +edge_149_0_-disjointig_16_0_79715 53319 59184 79715 -1 -1 5840 0.00105154
Chain
	Aln	297	-8027f41f-2305-4792-93a6-6c71740091c3 18 5884 5900 -edge_149_0_-disjointig_16_0_79715 20530 26395 79715 -1 -1 5840 0.00105154
Chain
	Aln	167	+f690ecad-20b3-4c17-8848-a6957fc9430c 11 2134 2145 -edge_84_0_-disjointig_72_8278_16178 4075 6195 7900 -1 -1 2099 0.000828864
Chain
	Aln	166	-f690ecad-20b3-4c17-8848-a6957fc9430c 10 2133 2145 +edge_84_0_-disjointig_72_8278_16178 1704 3824 7900 -1 -1 2099 0.000828864
Chain
	Aln	77	+be63fe63-36bf-40e6-93a1-3d929132c6a5 74 5717 5723 -edge_39_0_+disjointig_27_0_18658 74 5716 18658 -1 -1 5409 0.00375724
Chain
	Aln	76	-be63fe63-36bf-40e6-93a1-3d929132c6a5 5 5648 5723 +edge_39_0_+disjointig_27_0_18658 12941 18583 18658 -1 -1 5409 0.00375724
Chain
	Aln	349	+662bdc95-c54c-48bb-bd6a-f04b236cb257 12 2436 2438 -edge_175_1_+disjointig_49_70378_113247 2672 5092 42869 -1 -1 2316 0.00893862
Chain
	Aln	348	-662bdc95-c54c-48bb-bd6a-f04b236cb257 1 2425 2438 +edge_175_1_+disjointig_49_70378_113247 37776 40196 42869 -1 -1 2316 0.00893862
Chain
	Aln	276	+ebcd5daf-42d2-4a2f-8603-e629f9845225 34 10409 10412 +edge_139_0_+disjointig_90_0_45227 21649 32015 45227 -1 -1 9985 0.00503132
Chain
	Aln	277	-ebcd5daf-42d2-4a2f-8603-e629f9845225 2 10377 10412 -edge_139_0_+disjointig_90_0_45227 13211 23577 45227 -1 -1 9985 0.00503132
Chain
	Aln	261	+635283a7-3500-46a5-9434-15e28e8e68b7 11 11678 11696 -edge_131_0_+disjointig_78_0_34465 8037 19727 34465 -1 -1 11519 0.00171877
Chain
	Aln	260	-635283a7-3500-46a5-9434-15e28e8e68b7 17 11684 11696 +edge_131_0_+disjointig_78_0_34465 14737 26427 34465 -1 -1 11519 0.00171877
Chain
	Aln	264	+92600573-f344-479b-a844-e8d61f6f8757 3 2282 2288 +edge_133_0_+disjointig_8_0_56180 3670 5949 56180 -1 -1 2279 0.0016892
Chain
	Aln	265	-92600573-f344-479b-a844-e8d61f6f8757 5 2284 2288 -edge_133_0_+disjointig_8_0_56180 50230 52509 56180 -1 -1 2279 0.0016892
Chain
	Aln	180	+3106624d-6f13-4930-acf5-3e72e5fd87e9 24 4542 4549 +edge_91_0_-disjointig_91_10827_22811 1432 5958 11984 -1 -1 4234 0.00679352
Chain
	Aln	181	-3106624d-6f13-4930-acf5-3e72e5fd87e9 6 4524 4549 -edge_91_0_-disjointig_91_10827_22811 6025 10551 11984 -1 -1 4234 0.00679352
Chain
	Aln	345	+cb655f56-8e9b-44e6-83b2-5753636685e0 11 2612 2615 -edge_173_0_-disjointig_53_5113_59202 40454 43056 54089 -1 -1 2571 0
Chain
	Aln	344	-cb655f56-8e9b-44e6-83b2-5753636685e0 2 2603 2615 +edge_173_0_-disjointig_53_5113_59202 11032 13634 54089 -1 -1 2571 0
Chain
	Aln	246	+ef3d22c4-342d-4371-ad3e-7215967e4b21 5 8236 8239 +edge_124_0_+disjointig_70_0_27545 10472 18702 27545 -1 -1 8030 0.00362039
Chain
	Aln	247	-ef3d22c4-342d-4371-ad3e-7215967e4b21 2 8233 8239 -edge_124_0_+disjointig_70_0_27545 8842 17072 27545 -1 -1 8030 0.00362039
Chain
	Aln	216	+a29a540b-66f1-4899-9971-82870a4e5940 24 2328 2341 +edge_109_0_+disjointig_58_0_33005 24557 26862 33005 -1 -1 2302 0
Chain
	Aln	217	-a29a540b-66f1-4899-9971-82870a4e5940 12 2316 2341 -edge_109_0_+disjointig_58_0_33005 6142 8447 33005 -1 -1 2302 0
Chain
	Aln	211	+6ad26cc6-34d9-4fd7-a01e-d7c43b92be6b 25 4815 4824 -edge_106_0_+disjointig_77_4957_29687 4136 8925 24730 -1 -1 4789 0.000512166
Chain
	Aln	210	-6ad26cc6-34d9-4fd7-a01e-d7c43b92be6b 8 4798 4824 +edge_106_0_+disjointig_77_4957_29687 15804 20593 24730 -1 -1 4789 0.000512166
Chain
	Aln	348	+73f1085d-2f65-4fcb-a15c-15104396f79b 12 11465 11476 +edge_175_1_+disjointig_49_70378_113247 29257 40809 42869 -1 -1 10783 0.00788445
Chain
	Aln	349	-73f1085d-2f65-4fcb-a15c-15104396f79b 10 11463 11476 -edge_175_1_+disjointig_49_70378_113247 2059 13611 42869 -1 -1 10783 0.00788445
Chain
	Aln	325	+cdd3cb79-584a-4fc8-b9b6-7c8ee24a2bb3 7 3007 3024 -edge_163_0_+disjointig_88_0_21860 16467 19465 21860 -1 -1 2988 0.000498525
Chain
	Aln	324	-cdd3cb79-584a-4fc8-b9b6-7c8ee24a2bb3 16 3016 3024 +edge_163_0_+disjointig_88_0_21860 2394 5392 21860 -1 -1 2988 0.000498525
Chain
	Aln	101	+4f459c6d-58bd-4aa1-a3e3-01769f0ef617 25 4339 4346 -edge_51_0_+disjointig_34_0_132203 106700 111024 132203 -1 -1 4270 0.00221008
Chain
	Aln	100	-4f459c6d-58bd-4aa1-a3e3-01769f0ef617 6 4320 4346 +edge_51_0_+disjointig_34_0_132203 21178 25502 132203 -1 -1 4270 0.00221008
Chain
	Aln	334	+3ad5ca2c-5a47-4489-89b4-c7da332ad104 4 14833 14842 +edge_168_0_+disjointig_41_22847_84173 43807 58633 61326 -1 -1 14525 0.0030481
Chain
	Aln	335	-3ad5ca2c-5a47-4489-89b4-c7da332ad104 8 14837 14842 -edge_168_0_+disjointig_41_22847_84173 2692 17518 61326 -1 -1 14525 0.0030481
Chain
	Aln	207	+677ff7df-1d25-4862-a75c-becb92371f7f 11 28209 28215 -edge_104_0_+disjointig_56_0_67458 35384 63594 67458 -1 -1 27718 0.00196233
Chain
	Aln	206	-677ff7df-1d25-4862-a75c-becb92371f7f 5 28203 28215 +edge_104_0_+disjointig_56_0_67458 3863 32073 67458 -1 -1 27718 0.00196233
Chain
	Aln	327	+279683b5-bb55-4218-b83f-f5de758697aa 10 15968 15972 -edge_164_0_+disjointig_39_11307_40702 9 15984 29395 -1 -1 15745 0.00227411
Chain
	Aln	326	-279683b5-bb55-4218-b83f-f5de758697aa 3 15961 15972 +edge_164_0_+disjointig_39_11307_40702 13410 29385 29395 -1 -1 15745 0.00227411
Chain
	Aln	305	+041bd40f-9f4d-4afa-b6b6-0d041dbd0dc3 7 3172 3175 -edge_153_0_+disjointig_12_8982_46009 20008 23169 37027 -1 -1 3134 0.00321386
Chain
	Aln	304	-041bd40f-9f4d-4afa-b6b6-0d041dbd0dc3 2 3167 3175 +edge_153_0_+disjointig_12_8982_46009 13857 17018 37027 -1 -1 3134 0.00321386
Chain
	Aln	55	+acfdd81a-cd60-4e2a-aac1-ea4cd65bb58a 10 5768 9481 -edge_28_0_+disjointig_22_0_197748 12276 18032 197748 -1 -1 5626 0.00184414
Chain
	Aln	54	-acfdd81a-cd60-4e2a-aac1-ea4cd65bb58a 3712 9470 9481 +edge_28_0_+disjointig_22_0_197748 179715 185471 197748 -1 -1 5626 0.00184414
Chain
	Aln	322	+cc21bb64-86b8-4cc3-92ac-f80c5d2f8582 2 880 5214 +edge_162_0_+disjointig_38_2796_14800 11115 11993 12004 -1 -1 875 0.00475826
	Aln	322	+cc21bb64-86b8-4cc3-92ac-f80c5d2f8582 894 5209 5214 +edge_162_1_+disjointig_38_14800_26877 3 4390 12077 -1 -1 3886 0.00733923
Chain
	Aln	323	-cc21bb64-86b8-4cc3-92ac-f80c5d2f8582 4 4319 5214 -edge_162_1_+disjointig_38_14800_26877 7686 12073 12077 -1 -1 3886 0.00733923
	Aln	323	-cc21bb64-86b8-4cc3-92ac-f80c5d2f8582 4333 5211 5214 -edge_162_0_+disjointig_38_2796_14800 10 888 12004 -1 -1 875 0.00475826
Chain
	Aln	36	+f043c4f1-a6b5-41b8-ab14-4bc0e1346017 5 5822 5824 +edge_19_0_+disjointig_14_0_104795 92044 97864 104795 -1 -1 5757 0.00189631
Chain
	Aln	37	-f043c4f1-a6b5-41b8-ab14-4bc0e1346017 1 5818 5824 -edge_19_0_+disjointig_14_0_104795 6930 12750 104795 -1 -1 5757 0.00189631
Chain
	Aln	323	+950b0220-9801-4f63-ac8e-3109a7dd6df7 10 5150 5156 -edge_162_1_+disjointig_38_14800_26877 6039 10961 12077 -1 -1 3911 0.0114291
Chain
	Aln	322	-950b0220-9801-4f63-ac8e-3109a7dd6df7 5 5145 5156 +edge_162_1_+disjointig_38_14800_26877 1115 6037 12077 -1 -1 3911 0.0114291
Chain
	Aln	92	+4f64f459-9054-4401-9385-24250c2f10e3 29 6599 6608 +edge_47_0_+disjointig_30_0_164630 121574 128146 164630 -1 -1 6520 0.00114652
Chain
	Aln	93	-4f64f459-9054-4401-9385-24250c2f10e3 8 6578 6608 -edge_47_0_+disjointig_30_0_164630 36483 43055 164630 -1 -1 6520 0.00114652
Chain
	Aln	315	+a9630713-2c4c-4f97-a270-342c48a24451 9 2200 3109 -edge_158_0_+disjointig_25_34644_66531 29695 31886 31887 -1 -1 2191 0
	Aln	313	+a9630713-2c4c-4f97-a270-342c48a24451 2216 3102 3109 -edge_157_0_+disjointig_26_0_75776 15 901 75776 -1 -1 871 0.00179632
Chain
	Aln	312	-a9630713-2c4c-4f97-a270-342c48a24451 6 892 3109 +edge_157_0_+disjointig_26_0_75776 74874 75760 75776 -1 -1 871 0.00179632
	Aln	314	-a9630713-2c4c-4f97-a270-342c48a24451 908 3099 3109 +edge_158_0_+disjointig_25_34644_66531 0 2191 31887 -1 -1 2191 0
Chain
	Aln	271	+f787fb7f-8d87-4ba0-ab6e-3b18313c4e12 13 2521 2528 -edge_136_0_+disjointig_86_0_11674 8918 11423 11674 -1 -1 2487 0.00121167
Chain
	Aln	270	-f787fb7f-8d87-4ba0-ab6e-3b18313c4e12 6 2514 2528 +edge_136_0_+disjointig_86_0_11674 250 2755 11674 -1 -1 2487 0.00121167
Chain
	Aln	297	+ae84fecd-8608-404b-8290-e17c17828484 12 13750 13756 -edge_149_0_-disjointig_16_0_79715 54463 68199 79715 -1 -1 13626 0.000447161
Chain
	Aln	296	-ae84fecd-8608-404b-8290-e17c17828484 5 13743 13756 +edge_149_0_-disjointig_16_0_79715 11515 25251 79715 -1 -1 13626 0.000447161
Chain
	Aln	313	+5a3ff8a4-92f2-4376-a0f3-6e41893233dd 25 25250 25275 -edge_157_0_+disjointig_26_0_75776 15 25236 75776 -1 -1 24841 0.00151123
Chain
	Aln	312	-5a3ff8a4-92f2-4376-a0f3-6e41893233dd 24 25249 25275 +edge_157_0_+disjointig_26_0_75776 50539 75760 75776 -1 -1 24841 0.00151123
Chain
	Aln	349	+aebea542-5fa5-4270-9b80-99674c4cb30c 1 3381 5280 -edge_175_0_+disjointig_49_27612_70378 39385 42765 42766 -1 -1 3353 0.00210593
	Aln	349	+aebea542-5fa5-4270-9b80-99674c4cb30c 3394 5273 5280 -edge_175_0_+disjointig_49_27612_70378 12 1891 42766 -1 -1 1868 0.0033894
Chain
	Aln	348	-aebea542-5fa5-4270-9b80-99674c4cb30c 6 1885 5280 +edge_175_0_+disjointig_49_27612_70378 40874 42753 42766 -1 -1 1868 0.0033894
	Aln	348	-aebea542-5fa5-4270-9b80-99674c4cb30c 1898 5278 5280 +edge_175_0_+disjointig_49_27612_70378 0 3380 42766 -1 -1 3353 0.00210593
Chain
	Aln	238	+4131e90a-3363-42e9-8dde-b4d2aaa40b39 7 5762 5767 +edge_120_0_-disjointig_87_6236_62149 37186 42935 55913 -1 -1 5705 0.0010061
Chain
	Aln	239	-4131e90a-3363-42e9-8dde-b4d2aaa40b39 4 5759 5767 -edge_120_0_-disjointig_87_6236_62149 12977 18726 55913 -1 -1 5705 0.0010061
Chain
	Aln	193	+3547bf05-c740-4995-9a7b-c2374584987d 14 6217 9254 -edge_97_0_+disjointig_5_0_31051 22744 28896 31051 -1 -1 5943 0.00386359
Chain
	Aln	192	-3547bf05-c740-4995-9a7b-c2374584987d 3036 9239 9254 +edge_97_0_+disjointig_5_0_31051 2154 8306 31051 -1 -1 5943 0.00386359
Chain
	Aln	165	+a2c7599f-6a5f-438d-adeb-db5914ee1f79 28 8155 8160 -edge_83_0_-disjointig_71_8379_80660 36868 44996 72281 -1 -1 7993 0.001147
Chain
	Aln	164	-a2c7599f-6a5f-438d-adeb-db5914ee1f79 4 8131 8160 +edge_83_0_-disjointig_71_8379_80660 27284 35412 72281 -1 -1 7993 0.001147
Chain
	Aln	39	+6aae2d81-1a27-46a5-89f2-f448b124e440 4 2747 2750 -edge_20_0_+disjointig_15_0_99894 60571 63313 99894 -1 -1 2685 0.00203627
Chain
	Aln	38	-6aae2d81-1a27-46a5-89f2-f448b124e440 2 2745 2750 +edge_20_0_+disjointig_15_0_99894 36580 39322 99894 -1 -1 2685 0.00203627
Chain
	Aln	187	+62c5b7a2-9904-4477-b464-014ab960a385 25 19879 19882 -edge_94_0_+disjointig_47_0_105696 55948 75799 105696 -1 -1 19786 0.000873693
Chain
	Aln	186	-62c5b7a2-9904-4477-b464-014ab960a385 2 19856 19882 +edge_94_0_+disjointig_47_0_105696 29896 49747 105696 -1 -1 19786 0.000873693
Chain
	Aln	220	+65ab5999-f405-4bc8-8707-1876608abf0f 9 9197 9204 +edge_111_0_+disjointig_6_0_62673 17558 26738 62673 -1 -1 9113 0.0016058
Chain
	Aln	221	-65ab5999-f405-4bc8-8707-1876608abf0f 6 9194 9204 -edge_111_0_+disjointig_6_0_62673 35934 45114 62673 -1 -1 9113 0.0016058
Chain
	Aln	247	+a0d007ae-7388-4438-90f2-21c056fa1a4f 13 4169 4174 -edge_124_0_+disjointig_70_0_27545 17934 22098 27545 -1 -1 4110 0.00164926
Chain
	Aln	246	-a0d007ae-7388-4438-90f2-21c056fa1a4f 4 4160 4174 +edge_124_0_+disjointig_70_0_27545 5446 9610 27545 -1 -1 4110 0.00164926
Chain
	Aln	314	+9769f21b-2eb8-48b0-a519-341c33feb149 21 18865 18871 +edge_158_0_+disjointig_25_34644_66531 1831 20601 31887 -1 -1 18075 0.00303081
Chain
	Aln	315	-9769f21b-2eb8-48b0-a519-341c33feb149 5 18849 18871 -edge_158_0_+disjointig_25_34644_66531 11285 30055 31887 -1 -1 18075 0.00303081
Chain
	Aln	180	+9aa54bb7-56bf-43e4-8401-19d9281410ac 21 2805 2811 +edge_91_0_-disjointig_91_10827_22811 9187 11979 11984 -1 -1 2292 0.0178785
Chain
	Aln	181	-9aa54bb7-56bf-43e4-8401-19d9281410ac 5 2789 2811 -edge_91_0_-disjointig_91_10827_22811 4 2796 11984 -1 -1 2292 0.0178785
Chain
	Aln	100	+3b2dce23-4b7b-465e-b584-5e4fc429ad43 3 16730 16738 +edge_51_0_+disjointig_34_0_132203 8707 25502 132203 -1 -1 16358 0.00268084
Chain
	Aln	101	-3b2dce23-4b7b-465e-b584-5e4fc429ad43 7 16734 16738 -edge_51_0_+disjointig_34_0_132203 106700 123495 132203 -1 -1 16358 0.00268084
Chain
	Aln	163	+d3cbdd58-4593-41ee-9fb2-7d7a9572ca0f 5 5370 5390 -edge_82_0_+disjointig_61_85560_113950 3146 8511 28390 -1 -1 5353 0.00109237
Chain
	Aln	162	-d3cbdd58-4593-41ee-9fb2-7d7a9572ca0f 19 5384 5390 +edge_82_0_+disjointig_61_85560_113950 19878 25243 28390 -1 -1 5353 0.00109237
Chain
	Aln	52	+43bb7b8c-8425-43a6-b5de-cbe234dc194c 5 3608 3611 +edge_27_0_+disjointig_21_0_54132 12362 15963 54132 -1 -1 3560 0
Chain
	Aln	53	-43bb7b8c-8425-43a6-b5de-cbe234dc194c 2 3605 3611 -edge_27_0_+disjointig_21_0_54132 38168 41769 54132 -1 -1 3560 0
Chain
	Aln	195	+05b5bb1a-3c26-4ed0-8f00-a277b1d9dfd8 4 3095 3101 -edge_98_0_+disjointig_51_0_39741 15685 18776 39741 -1 -1 3091 0.00236534
Chain
	Aln	194	-05b5bb1a-3c26-4ed0-8f00-a277b1d9dfd8 5 3096 3101 +edge_98_0_+disjointig_51_0_39741 20964 24055 39741 -1 -1 3091 0.00236534
Chain
	Aln	164	+7f72fcc6-dd44-4a0c-9bda-7ebbd97400e5 16 9237 9244 +edge_83_0_-disjointig_71_8379_80660 13935 23155 72281 -1 -1 9171 0.000207919
Chain
	Aln	165	-7f72fcc6-dd44-4a0c-9bda-7ebbd97400e5 6 9227 9244 -edge_83_0_-disjointig_71_8379_80660 49125 58345 72281 -1 -1 9171 0.000207919
Chain
	Aln	157	+3eef2673-7e98-4b17-9a67-f69e5575577d 4 9957 9966 -edge_79_0_+disjointig_44_99890_232551 115425 125377 132661 -1 -1 9779 0.00164369
Chain
	Aln	156	-3eef2673-7e98-4b17-9a67-f69e5575577d 8 9961 9966 +edge_79_0_+disjointig_44_99890_232551 7283 17235 132661 -1 -1 9779 0.00164369
Chain
	Aln	313	+22c5f8b4-ba96-474c-aeca-e11c393575d8 8 11589 11591 -edge_157_0_+disjointig_26_0_75776 34721 46395 75776 -1 -1 10882 0.00409549
Chain
	Aln	312	-22c5f8b4-ba96-474c-aeca-e11c393575d8 1 11582 11591 +edge_157_0_+disjointig_26_0_75776 29380 41054 75776 -1 -1 10882 0.00409549
Chain
	Aln	333	+d26bcf1e-9906-441a-9dcf-7c5530076ebc 12 2012 2022 -edge_167_0_-disjointig_64_0_49685 43703 45703 49685 -1 -1 1987 0.00215563
Chain
	Aln	332	-d26bcf1e-9906-441a-9dcf-7c5530076ebc 9 2009 2022 +edge_167_0_-disjointig_64_0_49685 3981 5981 49685 -1 -1 1987 0.00215563
Chain
	Aln	92	+dd3cbaf3-bcdc-4fd7-b3b1-428768b11e9a 14 20091 20096 +edge_47_0_+disjointig_30_0_164630 133297 153383 164630 -1 -1 19727 0.00193932
Chain
	Aln	93	-dd3cbaf3-bcdc-4fd7-b3b1-428768b11e9a 4 20081 20096 -edge_47_0_+disjointig_30_0_164630 11246 31332 164630 -1 -1 19727 0.00193932
Chain
	Aln	172	+c99eea3e-c2a3-46b4-b6bd-bbad31644e5b 12 5792 5795 +edge_87_0_+disjointig_50_31455_62704 13798 19576 31249 -1 -1 5720 0.00126108
Chain
	Aln	173	-c99eea3e-c2a3-46b4-b6bd-bbad31644e5b 2 5782 5795 -edge_87_0_+disjointig_50_31455_62704 11672 17450 31249 -1 -1 5720 0.00126108
Chain
	Aln	173	+f46ab63e-bc47-487b-aac8-fbe36182a3a8 16 8541 8560 -edge_87_0_+disjointig_50_31455_62704 7190 15734 31249 -1 -1 8226 0.00343627
Chain
	Aln	172	-f46ab63e-bc47-487b-aac8-fbe36182a3a8 18 8543 8560 +edge_87_0_+disjointig_50_31455_62704 15514 24058 31249 -1 -1 8226 0.00343627
Chain
	Aln	315	+30fafda0-b86a-42f6-b4d7-31ab23938ecb 10 15889 15933 -edge_158_0_+disjointig_25_34644_66531 8472 24389 31887 -1 -1 15500 0.00288822
Chain
	Aln	314	-30fafda0-b86a-42f6-b4d7-31ab23938ecb 43 15922 15933 +edge_158_0_+disjointig_25_34644_66531 7497 23414 31887 -1 -1 15500 0.00288822
Chain
	Aln	307	+112385c3-7ac6-485d-82b8-350af6b0178f 27 5416 5418 -edge_154_0_+disjointig_18_11964_26268 5128 10560 14304 -1 -1 4980 0.0054386
Chain
	Aln	306	-112385c3-7ac6-485d-82b8-350af6b0178f 1 5390 5418 +edge_154_0_+disjointig_18_11964_26268 3743 9175 14304 -1 -1 4980 0.0054386
Chain
	Aln	51	+0db8ec48-0567-4a3a-830b-25f2e5d2d0d9 13 3629 3635 -edge_26_0_+disjointig_20_0_104137 6155 9770 104137 -1 -1 3574 0.00316824
Chain
	Aln	50	-0db8ec48-0567-4a3a-830b-25f2e5d2d0d9 5 3621 3635 +edge_26_0_+disjointig_20_0_104137 94366 97981 104137 -1 -1 3574 0.00316824
Chain
	Aln	186	+a887d9ff-6dd5-4ae8-8774-ff0e3004994b 4 7624 7627 +edge_94_0_+disjointig_47_0_105696 2968 10594 105696 -1 -1 7402 0.00461058
Chain
	Aln	187	-a887d9ff-6dd5-4ae8-8774-ff0e3004994b 2 7622 7627 -edge_94_0_+disjointig_47_0_105696 95101 102727 105696 -1 -1 7402 0.00461058
Chain
	Aln	316	+e1a459d9-ad98-42c1-ac21-1a6199caaf89 12 3229 3236 +edge_159_0_-disjointig_7_3314_15112 4017 7238 11798 -1 -1 3168 0.000679397
Chain
	Aln	317	-e1a459d9-ad98-42c1-ac21-1a6199caaf89 6 3223 3236 -edge_159_0_-disjointig_7_3314_15112 4559 7780 11798 -1 -1 3168 0.000679397
Chain
	Aln	356	+05e4eb3a-b11e-4620-94d0-03265f82cb8c 23 2503 2516 +edge_179_0_+disjointig_67_0_82889 34511 36994 82889 -1 -1 2407 0.00702557
Chain
	Aln	357	-05e4eb3a-b11e-4620-94d0-03265f82cb8c 12 2492 2516 -edge_179_0_+disjointig_67_0_82889 45894 48377 82889 -1 -1 2407 0.00702557
Chain
	Aln	164	+aa024d75-96d4-42c7-8984-72a175325347 13 2793 2800 +edge_83_0_-disjointig_71_8379_80660 58549 61335 72281 -1 -1 2752 0.00102639
Chain
	Aln	165	-aa024d75-96d4-42c7-8984-72a175325347 6 2786 2800 -edge_83_0_-disjointig_71_8379_80660 10945 13731 72281 -1 -1 2752 0.00102639
Chain
	Aln	349	+52431bb4-b89c-4fc2-b591-ca1bc8b8deb8 9 8064 8096 -edge_175_0_+disjointig_49_27612_70378 26113 34100 42766 -1 -1 6853 0.0116263
Chain
	Aln	348	-52431bb4-b89c-4fc2-b591-ca1bc8b8deb8 31 8086 8096 +edge_175_0_+disjointig_49_27612_70378 8665 16652 42766 -1 -1 6853 0.0116263
Chain
	Aln	206	+318622bf-e09d-49d2-b4df-df158d1a7f93 4 2477 2484 +edge_104_0_+disjointig_56_0_67458 49037 51507 67458 -1 -1 2438 0.00308379
Chain
	Aln	207	-318622bf-e09d-49d2-b4df-df158d1a7f93 6 2479 2484 -edge_104_0_+disjointig_56_0_67458 15950 18420 67458 -1 -1 2438 0.00308379
Chain
	Aln	35	+2b8d9dae-73be-4daa-a273-da19623e85b2 3 4597 4599 -edge_18_0_+disjointig_13_0_57208 52615 57206 57208 -1 -1 4510 0.000849555
Chain
	Aln	34	-2b8d9dae-73be-4daa-a273-da19623e85b2 1 4595 4599 +edge_18_0_+disjointig_13_0_57208 1 4592 57208 -1 -1 4510 0.000849555
Chain
	Aln	350	+f2619ff1-d2f7-4d90-9bc7-fd76c724f30e 14 5211 5248 +edge_176_0_+disjointig_68_0_26846 5184 10382 26846 -1 -1 5118 0.00278299
Chain
	Aln	351	-f2619ff1-d2f7-4d90-9bc7-fd76c724f30e 36 5233 5248 -edge_176_0_+disjointig_68_0_26846 16463 21661 26846 -1 -1 5118 0.00278299
Chain
	Aln	263	+1eb857a5-c277-4fec-9865-5bd7997e8902 19 3050 3052 -edge_132_0_+disjointig_79_0_16383 13350 16381 16383 -1 -1 3012 0.00132151
Chain
	Aln	262	-1eb857a5-c277-4fec-9865-5bd7997e8902 1 3032 3052 +edge_132_0_+disjointig_79_0_16383 1 3032 16383 -1 -1 3012 0.00132151
Chain
	Aln	220	+88c2965f-6d78-443c-91c0-188756cf6ef9 9 6392 6396 +edge_111_0_+disjointig_6_0_62673 52789 59172 62673 -1 -1 6318 0
Chain
	Aln	221	-88c2965f-6d78-443c-91c0-188756cf6ef9 3 6386 6396 -edge_111_0_+disjointig_6_0_62673 3500 9883 62673 -1 -1 6318 0
Chain
	Aln	261	+8719bb71-f0c8-4132-a659-d364ce13b968 4 12134 12746 -edge_131_0_+disjointig_78_0_34465 22333 34464 34465 -1 -1 11953 0.0016844
Chain
	Aln	260	-8719bb71-f0c8-4132-a659-d364ce13b968 611 12741 12746 +edge_131_0_+disjointig_78_0_34465 0 12131 34465 -1 -1 11953 0.0016844
Chain
	Aln	334	+3df8e4b2-81da-4541-a06d-dbe26a7bdaf2 17 2040 2044 +edge_168_0_+disjointig_41_22847_84173 54783 56808 61326 -1 -1 1783 0.0151781
Chain
	Aln	335	-3df8e4b2-81da-4541-a06d-dbe26a7bdaf2 3 2026 2044 -edge_168_0_+disjointig_41_22847_84173 4517 6542 61326 -1 -1 1783 0.0151781
Chain
	Aln	192	+47b7d961-0468-418f-930b-1cbdf81fe123 11 2597 2621 +edge_97_0_+disjointig_5_0_31051 19123 21712 31051 -1 -1 2559 0.00190624
Chain
	Aln	193	-47b7d961-0468-418f-930b-1cbdf81fe123 23 2609 2621 -edge_97_0_+disjointig_5_0_31051 9338 11927 31051 -1 -1 2559 0.00190624
Chain
	Aln	3	+11e3f452-5f47-462f-94ce-a3fee82a49c6 9 8393 9151 -edge_2_0_+disjointig_10_0_56359 31510 39895 56359 -1 -1 8342 0.000783725
Chain
	Aln	2	-11e3f452-5f47-462f-94ce-a3fee82a49c6 757 9141 9151 +edge_2_0_+disjointig_10_0_56359 16463 24848 56359 -1 -1 8342 0.000783725
Chain
	Aln	329	+d9fda592-bbbd-4ef6-b41f-b926bfb33ce6 35 11332 16319 -edge_165_0_+disjointig_54_0_66147 54853 66146 66147 -1 -1 11136 0.00115186
Chain
	Aln	328	-d9fda592-bbbd-4ef6-b41f-b926bfb33ce6 4986 16283 16319 +edge_165_0_+disjointig_54_0_66147 0 11293 66147 -1 -1 11136 0.00115186
Chain
	Aln	186	+f538c151-5a80-4262-b4dd-7af55ca7aeb2 4 5404 5407 +edge_94_0_+disjointig_47_0_105696 61216 66624 105696 -1 -1 5344 0.000949835
Chain
	Aln	187	-f538c151-5a80-4262-b4dd-7af55ca7aeb2 2 5402 5407 -edge_94_0_+disjointig_47_0_105696 39071 44479 105696 -1 -1 5344 0.000949835
Chain
	Aln	312	+0b544855-5986-4f58-9e18-7150f98a96be 4 5553 5560 +edge_157_0_+disjointig_26_0_75776 8625 14175 75776 -1 -1 5536 0
Chain
	Aln	313	-0b544855-5986-4f58-9e18-7150f98a96be 6 5555 5560 -edge_157_0_+disjointig_26_0_75776 61600 67150 75776 -1 -1 5536 0
Chain
	Aln	37	+c31d7ce7-6843-4cdf-b8ab-ca6c25c2398c 14 5057 5059 -edge_19_0_+disjointig_14_0_104795 13418 18465 104795 -1 -1 4987 0.0024377
Chain
	Aln	36	-c31d7ce7-6843-4cdf-b8ab-ca6c25c2398c 1 5044 5059 +edge_19_0_+disjointig_14_0_104795 86329 91376 104795 -1 -1 4987 0.0024377
Chain
	Aln	313	+865d63a5-3573-4ecb-a067-12bed25c9af1 8 6130 6173 -edge_157_0_+disjointig_26_0_75776 43306 49426 75776 -1 -1 6054 0.000443034
Chain
	Aln	312	-865d63a5-3573-4ecb-a067-12bed25c9af1 42 6164 6173 +edge_157_0_+disjointig_26_0_75776 26349 32469 75776 -1 -1 6054 0.000443034
Chain
	Aln	348	+bce0c94f-b16d-4737-b940-cedea7b17516 0 1003 7943 +edge_175_0_+disjointig_49_27612_70378 41753 42756 42766 -1 -1 1003 0.00508432
	Aln	348	+bce0c94f-b16d-4737-b940-cedea7b17516 1020 7940 7943 +edge_175_0_+disjointig_49_27612_70378 7 6916 42766 -1 -1 6859 0.00220423
Chain
	Aln	349	-bce0c94f-b16d-4737-b940-cedea7b17516 2 6922 7943 -edge_175_0_+disjointig_49_27612_70378 35849 42758 42766 -1 -1 6859 0.00220423
	Aln	349	-bce0c94f-b16d-4737-b940-cedea7b17516 6939 7942 7943 -edge_175_0_+disjointig_49_27612_70378 9 1012 42766 -1 -1 1003 0.00508432
Chain
	Aln	3	+f23b268f-795e-44c4-866f-ac594ec957a1 7 3334 3343 -edge_2_0_+disjointig_10_0_56359 1955 5284 56359 -1 -1 3326 0.0010132
Chain
	Aln	2	-f23b268f-795e-44c4-866f-ac594ec957a1 8 3335 3343 +edge_2_0_+disjointig_10_0_56359 51074 54403 56359 -1 -1 3326 0.0010132
Chain
	Aln	179	+685a8b36-696b-4d7c-8ae9-c349893abd4d 15 6030 6037 -edge_90_0_-disjointig_61_33235_113950 42754 48771 80715 -1 -1 5946 0.00148767
Chain
	Aln	178	-685a8b36-696b-4d7c-8ae9-c349893abd4d 6 6021 6037 +edge_90_0_-disjointig_61_33235_113950 31943 37960 80715 -1 -1 5946 0.00148767
Chain
	Aln	165	+07907566-6491-47c5-a823-f70f7521e917 22 12040 12048 -edge_83_0_-disjointig_71_8379_80660 14670 26723 72281 -1 -1 11429 0.0043801
Chain
	Aln	164	-07907566-6491-47c5-a823-f70f7521e917 7 12025 12048 +edge_83_0_-disjointig_71_8379_80660 45557 57610 72281 -1 -1 11429 0.0043801
Chain
	Aln	322	+4a4f50ed-2901-434a-b4cc-a4abe5f24ff9 2 1037 10964 +edge_162_0_+disjointig_38_2796_14800 10958 11993 12004 -1 -1 1035 0.00485538
	Aln	322	+4a4f50ed-2901-434a-b4cc-a4abe5f24ff9 1051 9942 10964 +edge_162_0_+disjointig_38_2796_14800 3 8965 12004 -1 -1 7814 0.0130589
Chain
	Aln	323	-4a4f50ed-2901-434a-b4cc-a4abe5f24ff9 1021 9912 10964 -edge_162_0_+disjointig_38_2796_14800 3038 12000 12004 -1 -1 7814 0.0130589
	Aln	323	-4a4f50ed-2901-434a-b4cc-a4abe5f24ff9 9926 10961 10964 -edge_162_0_+disjointig_38_2796_14800 10 1045 12004 -1 -1 1035 0.00485538
Chain
	Aln	206	+e523a9ff-cf53-4892-a39d-94f768d3b00e 10 5968 5984 +edge_104_0_+disjointig_56_0_67458 655 6616 67458 -1 -1 5817 0.00160421
Chain
	Aln	207	-e523a9ff-cf53-4892-a39d-94f768d3b00e 15 5973 5984 -edge_104_0_+disjointig_56_0_67458 60841 66802 67458 -1 -1 5817 0.00160421
Chain
	Aln	323	+2207fbdb-9657-42d6-9ec0-32ca5984bf43 12 3028 3082 -edge_162_0_+disjointig_38_2796_14800 3236 6250 12004 -1 -1 2987 0.00202205
Chain
	Aln	322	-2207fbdb-9657-42d6-9ec0-32ca5984bf43 53 3069 3082 +edge_162_0_+disjointig_38_2796_14800 5753 8767 12004 -1 -1 2987 0.00202205
Chain
	Aln	172	+eabc8975-f1c7-4089-a974-9d0560bf492e 11 2756 2759 +edge_87_0_+disjointig_50_31455_62704 26532 29274 31249 -1 -1 2726 0.000154286
Chain
	Aln	173	-eabc8975-f1c7-4089-a974-9d0560bf492e 2 2747 2759 -edge_87_0_+disjointig_50_31455_62704 1974 4716 31249 -1 -1 2726 0.000154286
Chain
	Aln	187	+81b0298f-349b-4f6d-8175-eaa4c620ba79 26 4870 4876 -edge_94_0_+disjointig_47_0_105696 27085 31929 105696 -1 -1 4699 0.00360988
Chain
	Aln	186	-81b0298f-349b-4f6d-8175-eaa4c620ba79 5 4849 4876 +edge_94_0_+disjointig_47_0_105696 73766 78610 105696 -1 -1 4699 0.00360988
Chain
	Aln	50	+50401688-1501-4843-89c8-c5508382f969 2 2120 2130 +edge_26_0_+disjointig_20_0_104137 33993 36111 104137 -1 -1 2092 0.00273777
Chain
	Aln	51	-50401688-1501-4843-89c8-c5508382f969 9 2127 2130 -edge_26_0_+disjointig_20_0_104137 68025 70143 104137 -1 -1 2092 0.00273777
Chain
	Aln	3	+34a8a459-1692-4edd-a6e2-55b1eb31936d 10 2347 2355 -edge_2_0_+disjointig_10_0_56359 12292 14629 56359 -1 -1 2317 0
Chain
	Aln	2	-34a8a459-1692-4edd-a6e2-55b1eb31936d 7 2344 2355 +edge_2_0_+disjointig_10_0_56359 41729 44066 56359 -1 -1 2317 0
Chain
	Aln	307	+25ab249f-481a-4544-ae6a-18c5010674cd 13 4521 4550 -edge_154_0_+disjointig_18_11964_26268 9455 13962 14304 -1 -1 4360 0.004351
Chain
	Aln	306	-25ab249f-481a-4544-ae6a-18c5010674cd 28 4536 4550 +edge_154_0_+disjointig_18_11964_26268 341 4848 14304 -1 -1 4360 0.004351
Chain
	Aln	306	+c153fb02-16d8-4c12-b33e-3431425cfbf9 17 14274 14293 +edge_154_0_+disjointig_18_11964_26268 40 14293 14304 -1 -1 14211 0.00119626
Chain
	Aln	307	-c153fb02-16d8-4c12-b33e-3431425cfbf9 18 14275 14293 -edge_154_0_+disjointig_18_11964_26268 10 14263 14304 -1 -1 14211 0.00119626
Chain
	Aln	264	+d0815dfe-ea6c-4a9c-8a39-3b7962616523 9 2326 2329 +edge_133_0_+disjointig_8_0_56180 26240 28555 56180 -1 -1 2287 0.00310257
Chain
	Aln	265	-d0815dfe-ea6c-4a9c-8a39-3b7962616523 2 2319 2329 -edge_133_0_+disjointig_8_0_56180 27624 29939 56180 -1 -1 2287 0.00310257
Chain
	Aln	306	+cd9da679-2931-4130-9430-a1c6dad2bad2 8 4692 4708 +edge_154_0_+disjointig_18_11964_26268 5668 10340 14304 -1 -1 4564 0.00343974
Chain
	Aln	307	-cd9da679-2931-4130-9430-a1c6dad2bad2 15 4699 4708 -edge_154_0_+disjointig_18_11964_26268 3963 8635 14304 -1 -1 4564 0.00343974
Chain
	Aln	101	+7d2a6153-ea9a-44b4-9da2-617679c01917 8 17673 17683 -edge_51_0_+disjointig_34_0_132203 27269 44953 132203 -1 -1 17440 0.00188445
Chain
	Aln	100	-7d2a6153-ea9a-44b4-9da2-617679c01917 9 17674 17683 +edge_51_0_+disjointig_34_0_132203 87249 104933 132203 -1 -1 17440 0.00188445
Chain
	Aln	318	+c350bc7d-1c92-42c8-8cb3-a4001a11683a 5 8448 8452 +edge_160_0_-disjointig_48_0_101253 36520 44964 101253 -1 -1 8347 0.00151032
Chain
	Aln	319	-c350bc7d-1c92-42c8-8cb3-a4001a11683a 3 8446 8452 -edge_160_0_-disjointig_48_0_101253 56288 64732 101253 -1 -1 8347 0.00151032
Chain
	Aln	39	+0d598631-0972-44a2-ac2a-d80e509a4e1d 51 2902 2909 -edge_20_0_+disjointig_15_0_99894 16624 19493 99894 -1 -1 2517 0.0135017
Chain
	Aln	38	-0d598631-0972-44a2-ac2a-d80e509a4e1d 6 2857 2909 +edge_20_0_+disjointig_15_0_99894 80400 83269 99894 -1 -1 2517 0.0135017
Chain
	Aln	336	+a1686948-6626-4fbb-b5d5-e02f0145d305 7 2440 2443 +edge_169_0_+disjointig_66_0_52611 6104 8537 52611 -1 -1 2425 0
Chain
	Aln	337	-a1686948-6626-4fbb-b5d5-e02f0145d305 2 2435 2443 -edge_169_0_+disjointig_66_0_52611 44073 46506 52611 -1 -1 2425 0
Chain
	Aln	77	+610a0438-c8c5-4541-89cb-9d71b100a0f8 13 3902 3906 -edge_39_0_+disjointig_27_0_18658 9650 13537 18658 -1 -1 3885 0
Chain
	Aln	76	-610a0438-c8c5-4541-89cb-9d71b100a0f8 3 3892 3906 +edge_39_0_+disjointig_27_0_18658 5120 9007 18658 -1 -1 3885 0
Chain
	Aln	187	+683c4a52-299a-4b9c-b56f-c743755d6378 2 32450 32470 -edge_94_0_+disjointig_47_0_105696 11657 44117 105696 -1 -1 32013 0.00184064
Chain
	Aln	186	-683c4a52-299a-4b9c-b56f-c743755d6378 19 32467 32470 +edge_94_0_+disjointig_47_0_105696 61578 94038 105696 -1 -1 32013 0.00184064
Chain
	Aln	360	+38375092-320a-4866-91c2-ed44d3321296 11 11555 11561 +edge_181_0_+disjointig_74_2530_48718 21263 32876 46188 -1 -1 11173 0.0035698
Chain
	Aln	361	-38375092-320a-4866-91c2-ed44d3321296 5 11549 11561 -edge_181_0_+disjointig_74_2530_48718 13311 24924 46188 -1 -1 11173 0.0035698
Chain
	Aln	335	+92f0ed3b-f37a-4935-ba68-ad761b7b669d 14 3381 3388 -edge_168_0_+disjointig_41_22847_84173 766 4133 61326 -1 -1 3305 0.00318538
Chain
	Aln	334	-92f0ed3b-f37a-4935-ba68-ad761b7b669d 6 3373 3388 +edge_168_0_+disjointig_41_22847_84173 57192 60559 61326 -1 -1 3305 0.00318538
Chain
	Aln	332	+7142b472-b41f-401d-9b4c-8f7590e13ab6 13 5955 5964 +edge_167_0_-disjointig_64_0_49685 14761 20705 49685 -1 -1 5908 0.00222353
Chain
	Aln	333	-7142b472-b41f-401d-9b4c-8f7590e13ab6 8 5950 5964 -edge_167_0_-disjointig_64_0_49685 28979 34923 49685 -1 -1 5908 0.00222353
Chain
	Aln	156	+18adf6c0-d602-4b54-b3e8-a7b4f3299c18 12 2964 2970 +edge_79_0_+disjointig_44_99890_232551 101311 104264 132661 -1 -1 2943 0.000558313
Chain
	Aln	157	-18adf6c0-d602-4b54-b3e8-a7b4f3299c18 5 2957 2970 -edge_79_0_+disjointig_44_99890_232551 28396 31349 132661 -1 -1 2943 0.000558313
Chain
	Aln	92	+5859120e-2750-43f9-b6f0-fcebdecc0a1a 6 2436 2438 +edge_47_0_+disjointig_30_0_164630 133458 135887 164630 -1 -1 2397 0.0023288
Chain
	Aln	93	-5859120e-2750-43f9-b6f0-fcebdecc0a1a 1 2431 2438 -edge_47_0_+disjointig_30_0_164630 28742 31171 164630 -1 -1 2397 0.0023288
Chain
	Aln	217	+9874c218-3c2d-4e0a-837c-dcc857c1dd64 22 12775 12779 -edge_109_0_+disjointig_58_0_33005 9651 22437 33005 -1 -1 12007 0.00572278
Chain
	Aln	216	-9874c218-3c2d-4e0a-837c-dcc857c1dd64 3 12756 12779 +edge_109_0_+disjointig_58_0_33005 10567 23353 33005 -1 -1 12007 0.00572278
Chain
	Aln	11	+831050fc-8b9a-4ca7-ab25-df4526f0a549 14 3768 3770 -edge_6_0_+disjointig_101_0_3768 13 3766 3768 -1 -1 3670 0.00224075
Chain
	Aln	10	-831050fc-8b9a-4ca7-ab25-df4526f0a549 1 3755 3770 +edge_6_0_+disjointig_101_0_3768 1 3754 3768 -1 -1 3670 0.00224075
Chain
	Aln	290	+4026ec1c-0faf-4600-8a26-1638a4ead910 783 9205 9211 +edge_146_0_+disjointig_99_0_11190 3 8421 11190 -1 -1 8233 0.00191069
Chain
	Aln	291	-4026ec1c-0faf-4600-8a26-1638a4ead910 5 8427 9211 -edge_146_0_+disjointig_99_0_11190 2768 11186 11190 -1 -1 8233 0.00191069
Chain
	Aln	49	+0e773c08-25cc-4e3e-9837-1cabc05edde0 5 15647 15653 -edge_25_0_+disjointig_2_0_55897 28311 43949 55897 -1 -1 15594 0.00105605
Chain
	Aln	48	-0e773c08-25cc-4e3e-9837-1cabc05edde0 5 15647 15653 +edge_25_0_+disjointig_2_0_55897 11947 27585 55897 -1 -1 15594 0.00105605
Chain
	Aln	349	+55fb2d89-3cbe-418b-a6fb-72fda8167da4 14 6078 6080 -edge_175_0_+disjointig_49_27612_70378 29796 35862 42766 -1 -1 5989 0.00016974
Chain
	Aln	348	-55fb2d89-3cbe-418b-a6fb-72fda8167da4 1 6065 6080 +edge_175_0_+disjointig_49_27612_70378 6903 12969 42766 -1 -1 5989 0.00016974
Chain
	Aln	104	+74bc22a1-9deb-426f-903c-17f7d6664ec5 8 7310 7316 +edge_53_0_+disjointig_36_0_22667 952 8256 22667 -1 -1 7172 0.00093504
Chain
	Aln	105	-74bc22a1-9deb-426f-903c-17f7d6664ec5 5 7307 7316 -edge_53_0_+disjointig_36_0_22667 14410 21714 22667 -1 -1 7172 0.00093504
Chain
	Aln	101	+144fe9c5-908c-44d2-8453-b206c2e0e043 37 12771 12774 -edge_51_0_+disjointig_34_0_132203 9284 22013 132203 -1 -1 12576 0.00140679
Chain
	Aln	100	-144fe9c5-908c-44d2-8453-b206c2e0e043 2 12736 12774 +edge_51_0_+disjointig_34_0_132203 110189 122918 132203 -1 -1 12576 0.00140679
Chain
	Aln	206	+1b8a8869-5db0-4223-9a21-b8c1d2f657cc 5 9742 9747 +edge_104_0_+disjointig_56_0_67458 41750 51478 67458 -1 -1 9622 0.00222385
Chain
	Aln	207	-1b8a8869-5db0-4223-9a21-b8c1d2f657cc 4 9741 9747 -edge_104_0_+disjointig_56_0_67458 15979 25707 67458 -1 -1 9622 0.00222385
Chain
	Aln	165	+a6c92029-7902-415e-a871-0fa95b2496e9 4 2329 2333 -edge_83_0_-disjointig_71_8379_80660 54754 57079 72281 -1 -1 2325 0
Chain
	Aln	164	-a6c92029-7902-415e-a871-0fa95b2496e9 3 2328 2333 +edge_83_0_-disjointig_71_8379_80660 15201 17526 72281 -1 -1 2325 0
Chain
	Aln	312	+d4bcdc7e-96df-4f90-9d88-797cadeeeb63 33 7923 17640 +edge_157_0_+disjointig_26_0_75776 67870 75768 75776 -1 -1 7660 0.00459525
	Aln	314	+d4bcdc7e-96df-4f90-9d88-797cadeeeb63 7932 17638 17640 +edge_158_0_+disjointig_25_34644_66531 1 9684 31887 -1 -1 9374 0.00269663
Chain
	Aln	315	-d4bcdc7e-96df-4f90-9d88-797cadeeeb63 1 9707 17640 -edge_158_0_+disjointig_25_34644_66531 22202 31885 31887 -1 -1 9374 0.00269663
	Aln	313	-d4bcdc7e-96df-4f90-9d88-797cadeeeb63 9716 17606 17640 -edge_157_0_+disjointig_26_0_75776 7 7905 75776 -1 -1 7660 0.00459525
Chain
	Aln	97	+c6374369-6871-4c6f-8838-f84a6020b634 14 3951 3958 -edge_49_0_+disjointig_32_0_79547 33706 37642 79547 -1 -1 3900 0.000221927
Chain
	Aln	96	-c6374369-6871-4c6f-8838-f84a6020b634 6 3943 3958 +edge_49_0_+disjointig_32_0_79547 41904 45840 79547 -1 -1 3900 0.000221927
Chain
	Aln	258	+d3ceb9e5-0907-4940-b98c-a4ee34888596 11 4029 4031 +edge_130_0_+disjointig_76_0_18842 1256 5290 18842 -1 -1 3942 0.0024857
Chain
	Aln	259	-d3ceb9e5-0907-4940-b98c-a4ee34888596 1 4019 4031 -edge_130_0_+disjointig_76_0_18842 13551 17585 18842 -1 -1 3942 0.0024857
Chain
	Aln	264	+7ea5d2fe-de69-4d6d-a8fa-aa047fee7a33 10 4567 4573 +edge_133_0_+disjointig_8_0_56180 39029 43587 56180 -1 -1 4526 0.00147012
Chain
	Aln	265	-7ea5d2fe-de69-4d6d-a8fa-aa047fee7a33 5 4562 4573 -edge_133_0_+disjointig_8_0_56180 12592 17150 56180 -1 -1 4526 0.00147012
Chain
	Aln	299	+0725d643-93e5-4083-85dd-41d8e4a423f8 6 3395 3397 -edge_150_0_+disjointig_11_11851_75629 39127 42518 63778 -1 -1 3320 0.00121408
Chain
	Aln	298	-0725d643-93e5-4083-85dd-41d8e4a423f8 1 3390 3397 +edge_150_0_+disjointig_11_11851_75629 21259 24650 63778 -1 -1 3320 0.00121408
Chain
	Aln	319	+0370259d-ba93-41a7-a1c6-9831d28352e9 25 15630 15634 -edge_160_0_-disjointig_48_0_101253 79006 94623 101253 -1 -1 15249 0.00241395
Chain
	Aln	318	-0370259d-ba93-41a7-a1c6-9831d28352e9 3 15608 15634 +edge_160_0_-disjointig_48_0_101253 6629 22246 101253 -1 -1 15249 0.00241395
Chain
	Aln	2	+8f5fee2f-bd01-4f50-a287-79559265bad0 10 5839 5843 +edge_2_0_+disjointig_10_0_56359 47888 53737 56359 -1 -1 5320 0.0106462
Chain
	Aln	3	-8f5fee2f-bd01-4f50-a287-79559265bad0 3 5832 5843 -edge_2_0_+disjointig_10_0_56359 2621 8470 56359 -1 -1 5320 0.0106462
Chain
	Aln	298	+ea14ea1e-0705-486c-b7c3-895b6810ccb0 2 5250 5254 +edge_150_0_+disjointig_11_11851_75629 40151 45401 63778 -1 -1 5229 0.00025006
Chain
	Aln	299	-ea14ea1e-0705-486c-b7c3-895b6810ccb0 3 5251 5254 -edge_150_0_+disjointig_11_11851_75629 18376 23626 63778 -1 -1 5229 0.00025006
Chain
	Aln	3	+61f57a59-7dcb-4265-a27a-0d03611865d0 8 5857 5862 -edge_2_0_+disjointig_10_0_56359 2607 8457 56359 -1 -1 5793 0.00219875
Chain
	Aln	2	-61f57a59-7dcb-4265-a27a-0d03611865d0 4 5853 5862 +edge_2_0_+disjointig_10_0_56359 47901 53751 56359 -1 -1 5793 0.00219875
Chain
	Aln	304	+73122ee9-ae0f-470a-87ca-6695ed76cb96 10 2383 2391 +edge_153_0_+disjointig_12_8982_46009 8097 10469 37027 -1 -1 2359 0
Chain
	Aln	305	-73122ee9-ae0f-470a-87ca-6695ed76cb96 7 2380 2391 -edge_153_0_+disjointig_12_8982_46009 26557 28929 37027 -1 -1 2359 0
Chain
	Aln	53	+44741c77-ccc1-41ec-8f90-39e432a37139 5 5351 5357 -edge_27_0_+disjointig_21_0_54132 31815 37162 54132 -1 -1 5321 0
Chain
	Aln	52	-44741c77-ccc1-41ec-8f90-39e432a37139 5 5351 5357 +edge_27_0_+disjointig_21_0_54132 16969 22316 54132 -1 -1 5321 0
Chain
	Aln	97	+a5f825c1-704a-45b5-9b69-b2ffd6c78e75 16 10260 10307 -edge_49_0_+disjointig_32_0_79547 24116 34367 79547 -1 -1 9592 0.00615539
Chain
	Aln	96	-a5f825c1-704a-45b5-9b69-b2ffd6c78e75 46 10290 10307 +edge_49_0_+disjointig_32_0_79547 45179 55430 79547 -1 -1 9592 0.00615539
Chain
	Aln	341	+f5e628c0-4222-451e-ac84-345cb208d498 14 6677 7097 -edge_171_0_+disjointig_44_0_83253 32302 38973 83253 -1 -1 6368 0.00528192
Chain
	Aln	340	-f5e628c0-4222-451e-ac84-345cb208d498 419 7082 7097 +edge_171_0_+disjointig_44_0_83253 44279 50950 83253 -1 -1 6368 0.00528192
Chain
	Aln	151	+75445561-3971-4813-bf77-60a31ce2c35c 100 1864 2833 -edge_76_3_-disjointig_53_3340_5113 9 1772 1773 -1 -1 1710 0.0048259
	Aln	145	+75445561-3971-4813-bf77-60a31ce2c35c 1878 2830 2833 -edge_73_7_+disjointig_61_82797_83792 13 967 995 -1 -1 884 0.00652441
Chain
	Aln	144	-75445561-3971-4813-bf77-60a31ce2c35c 2 954 2833 +edge_73_7_+disjointig_61_82797_83792 27 981 995 -1 -1 884 0.00652441
	Aln	150	-75445561-3971-4813-bf77-60a31ce2c35c 968 2732 2833 +edge_76_3_-disjointig_53_3340_5113 0 1763 1773 -1 -1 1710 0.0048259
Chain
	Aln	101	+20c1cc53-6d31-4e7f-a4f4-68409d19070f 10 30778 30782 -edge_51_0_+disjointig_34_0_132203 63862 94626 132203 -1 -1 30626 0.000628676
Chain
	Aln	100	-20c1cc53-6d31-4e7f-a4f4-68409d19070f 3 30771 30782 +edge_51_0_+disjointig_34_0_132203 37576 68340 132203 -1 -1 30626 0.000628676
Chain
	Aln	195	+aec7390f-0b1d-45c3-a74c-96a20cc2befd 10 4624 4626 -edge_98_0_+disjointig_51_0_39741 5760 10372 39741 -1 -1 4602 0.00139204
Chain
	Aln	194	-aec7390f-0b1d-45c3-a74c-96a20cc2befd 1 4615 4626 +edge_98_0_+disjointig_51_0_39741 29368 33980 39741 -1 -1 4602 0.00139204
Chain
	Aln	139	+40cd5f7e-4327-4272-9084-b55f9d1567e2 10 2651 2654 -edge_70_0_+disjointig_43_0_8017 5373 8014 8017 -1 -1 2641 0
Chain
	Aln	138	-40cd5f7e-4327-4272-9084-b55f9d1567e2 2 2643 2654 +edge_70_0_+disjointig_43_0_8017 2 2643 8017 -1 -1 2641 0
Chain
	Aln	101	+060a81d9-0ef2-4a45-835c-a7636a968d93 28 4528 4532 -edge_51_0_+disjointig_34_0_132203 33693 38196 132203 -1 -1 4485 0.000610392
Chain
	Aln	100	-060a81d9-0ef2-4a45-835c-a7636a968d93 3 4503 4532 +edge_51_0_+disjointig_34_0_132203 94006 98509 132203 -1 -1 4485 0.000610392
Chain
	Aln	101	+7a3249b9-917a-4fbb-8693-6ec3201315d9 8 13694 13704 -edge_51_0_+disjointig_34_0_132203 17030 30722 132203 -1 -1 13539 0.00196201
Chain
	Aln	100	-7a3249b9-917a-4fbb-8693-6ec3201315d9 9 13695 13704 +edge_51_0_+disjointig_34_0_132203 101480 115172 132203 -1 -1 13539 0.00196201
Chain
	Aln	76	+2123e986-9f87-435d-83e0-d3d7bf9074ca 8 3885 3905 +edge_39_0_+disjointig_27_0_18658 5105 8987 18658 -1 -1 3851 0
Chain
	Aln	77	-2123e986-9f87-435d-83e0-d3d7bf9074ca 19 3896 3905 -edge_39_0_+disjointig_27_0_18658 9670 13552 18658 -1 -1 3851 0
Chain
	Aln	38	+29a73b44-ab1c-433e-aede-883809c63b8b 21 5528 5534 +edge_20_0_+disjointig_15_0_99894 33779 39285 99894 -1 -1 5467 0
Chain
	Aln	39	-29a73b44-ab1c-433e-aede-883809c63b8b 5 5512 5534 -edge_20_0_+disjointig_15_0_99894 60608 66114 99894 -1 -1 5467 0
Chain
	Aln	100	+af27f18d-ab78-44a4-89a3-8aa4cce18765 8 13667 13672 +edge_51_0_+disjointig_34_0_132203 101460 115156 132203 -1 -1 12971 0.00535297
Chain
	Aln	101	-af27f18d-ab78-44a4-89a3-8aa4cce18765 4 13663 13672 -edge_51_0_+disjointig_34_0_132203 17046 30742 132203 -1 -1 12971 0.00535297
Chain
	Aln	348	+1ccac373-23fd-4fca-bcaf-cf4af4c464e2 18 4773 4783 +edge_175_0_+disjointig_49_27612_70378 11847 16613 42766 -1 -1 4725 0.00222973
Chain
	Aln	349	-1ccac373-23fd-4fca-bcaf-cf4af4c464e2 9 4764 4783 -edge_175_0_+disjointig_49_27612_70378 26152 30918 42766 -1 -1 4725 0.00222973
Chain
	Aln	2	+c97b6011-8330-4b58-bbb0-e72f50136910 4 5098 5100 +edge_2_0_+disjointig_10_0_56359 35128 40223 56359 -1 -1 5000 0.00147511
Chain
	Aln	3	-c97b6011-8330-4b58-bbb0-e72f50136910 1 5095 5100 -edge_2_0_+disjointig_10_0_56359 16135 21230 56359 -1 -1 5000 0.00147511
Chain
	Aln	239	+621d5461-5d37-4450-9fab-2d46dc4b9018 33 2925 2930 -edge_120_0_-disjointig_87_6236_62149 39504 42397 55913 -1 -1 2755 0.00407767
Chain
	Aln	238	-621d5461-5d37-4450-9fab-2d46dc4b9018 4 2896 2930 +edge_120_0_-disjointig_87_6236_62149 13515 16408 55913 -1 -1 2755 0.00407767
Chain
	Aln	19	+660606c6-9e04-452d-842c-e8bfba13bc23 19 2930 2936 -edge_10_0_+disjointig_105_0_4633 18 2927 4633 -1 -1 2860 0.00243632
Chain
	Aln	18	-660606c6-9e04-452d-842c-e8bfba13bc23 5 2916 2936 +edge_10_0_+disjointig_105_0_4633 1705 4614 4633 -1 -1 2860 0.00243632
Chain
	Aln	93	+902ec461-863a-4659-a854-a34b334fb462 17 7551 7554 -edge_47_0_+disjointig_30_0_164630 118506 126039 164630 -1 -1 7487 0.00151003
Chain
	Aln	92	-902ec461-863a-4659-a854-a34b334fb462 2 7536 7554 +edge_47_0_+disjointig_30_0_164630 38590 46123 164630 -1 -1 7487 0.00151003
Chain
	Aln	36	+72fb5cc6-0b8c-4d9c-88df-255606edbdd2 0 12359 12361 +edge_19_0_+disjointig_14_0_104795 82836 95195 104795 -1 -1 12077 0.00256022
Chain
	Aln	37	-72fb5cc6-0b8c-4d9c-88df-255606edbdd2 1 12360 12361 -edge_19_0_+disjointig_14_0_104795 9599 21958 104795 -1 -1 12077 0.00256022
Chain
	Aln	98	+69116d58-a86b-47af-abc8-ca516bdc3323 13 7669 7672 +edge_50_0_+disjointig_33_0_54467 34436 42100 54467 -1 -1 7454 0.00256053
Chain
	Aln	99	-69116d58-a86b-47af-abc8-ca516bdc3323 2 7658 7672 -edge_50_0_+disjointig_33_0_54467 12366 20030 54467 -1 -1 7454 0.00256053
Chain
	Aln	320	+4f2555ff-ce40-42e6-894c-bcca2a2739c5 6 7087 7093 +edge_161_0_+disjointig_28_6173_22910 6981 14054 16737 -1 -1 6765 0.00518369
Chain
	Aln	321	-4f2555ff-ce40-42e6-894c-bcca2a2739c5 5 7086 7093 -edge_161_0_+disjointig_28_6173_22910 2682 9755 16737 -1 -1 6765 0.00518369
Chain
	Aln	321	+c54d1926-57e3-4fa3-9f3f-59e8eb2b52b4 5 7067 7078 -edge_161_0_+disjointig_28_6173_22910 2663 9731 16737 -1 -1 6707 0.00413361
Chain
	Aln	320	-c54d1926-57e3-4fa3-9f3f-59e8eb2b52b4 10 7072 7078 +edge_161_0_+disjointig_28_6173_22910 7005 14073 16737 -1 -1 6707 0.00413361
Chain
	Aln	356	+1e524737-2d0f-4377-a227-42e2432650b6 10 4141 4152 +edge_179_0_+disjointig_67_0_82889 7269 11407 82889 -1 -1 4080 0.0013609
Chain
	Aln	357	-1e524737-2d0f-4377-a227-42e2432650b6 10 4141 4152 -edge_179_0_+disjointig_67_0_82889 71481 75619 82889 -1 -1 4080 0.0013609
Chain
	Aln	173	+efc643c4-a7d5-4b8a-8248-a2ba61c912ec 4 2118 2125 -edge_87_0_+disjointig_50_31455_62704 25330 27445 31249 -1 -1 2084 0.00362404
Chain
	Aln	172	-efc643c4-a7d5-4b8a-8248-a2ba61c912ec 6 2120 2125 +edge_87_0_+disjointig_50_31455_62704 3803 5918 31249 -1 -1 2084 0.00362404
Chain
	Aln	219	+ea9bad61-ca1c-4d22-8e72-8ad9ef7657b0 7 3445 3448 -edge_110_0_+disjointig_59_0_17897 8534 11980 17897 -1 -1 3071 0.00919877
Chain
	Aln	218	-ea9bad61-ca1c-4d22-8e72-8ad9ef7657b0 2 3440 3448 +edge_110_0_+disjointig_59_0_17897 5916 9362 17897 -1 -1 3071 0.00919877
Chain
	Aln	218	+1cc30ca7-e6df-4f34-8819-b62e6b120840 11 3445 3450 +edge_110_0_+disjointig_59_0_17897 5903 9346 17897 -1 -1 3254 0.00399259
Chain
	Aln	219	-1cc30ca7-e6df-4f34-8819-b62e6b120840 4 3438 3450 -edge_110_0_+disjointig_59_0_17897 8550 11993 17897 -1 -1 3254 0.00399259
Chain
	Aln	311	+9a99d721-0a45-4d82-995f-004e36873467 2 9637 9642 -edge_156_0_+disjointig_23_18615_58974 27440 37077 40359 -1 -1 9587 0.000622765
Chain
	Aln	310	-9a99d721-0a45-4d82-995f-004e36873467 4 9639 9642 +edge_156_0_+disjointig_23_18615_58974 3281 12918 40359 -1 -1 9587 0.000622765
Chain
	Aln	193	+b5485b8d-f7db-4673-9a4b-05fa9b718830 4943 8684 8687 -edge_97_0_+disjointig_5_0_31051 3983 7865 31051 -1 -1 3347 0.00706062
Chain
	Aln	193	+b5485b8d-f7db-4673-9a4b-05fa9b718830 1590 4053 8687 -edge_97_0_+disjointig_5_0_31051 26 2530 31051 -1 -1 2357 0.0042323
Chain
	Aln	192	-b5485b8d-f7db-4673-9a4b-05fa9b718830 2 3743 8687 +edge_97_0_+disjointig_5_0_31051 23185 27067 31051 -1 -1 3347 0.00706062
Chain
	Aln	192	-b5485b8d-f7db-4673-9a4b-05fa9b718830 4633 7096 8687 +edge_97_0_+disjointig_5_0_31051 28520 31024 31051 -1 -1 2357 0.0042323
Chain
	Aln	312	+773a574d-0c17-4643-96e3-0ef9d25ed449 11 2338 2344 +edge_157_0_+disjointig_26_0_75776 36712 39049 75776 -1 -1 2151 0.00949541
Chain
	Aln	313	-773a574d-0c17-4643-96e3-0ef9d25ed449 5 2332 2344 -edge_157_0_+disjointig_26_0_75776 36726 39063 75776 -1 -1 2151 0.00949541
Chain
	Aln	349	+2605f78c-efbb-424e-b03c-bf19c22b58c1 4 5588 5595 -edge_175_1_+disjointig_49_70378_113247 14410 20064 42869 -1 -1 5261 0.00586389
Chain
	Aln	348	-2605f78c-efbb-424e-b03c-bf19c22b58c1 6 5590 5595 +edge_175_1_+disjointig_49_70378_113247 22804 28458 42869 -1 -1 5261 0.00586389
Chain
	Aln	173	+b30f79c4-3845-41b0-81b4-f19f0ab94b24 16 10090 10092 -edge_87_0_+disjointig_50_31455_62704 18 10090 31249 -1 -1 9835 0.00258933
Chain
	Aln	172	-b30f79c4-3845-41b0-81b4-f19f0ab94b24 1 10075 10092 +edge_87_0_+disjointig_50_31455_62704 21158 31230 31249 -1 -1 9835 0.00258933
Chain
	Aln	194	+49ddc6f8-3e63-4f79-ad47-70cbbdae9fe6 7 3872 3876 +edge_98_0_+disjointig_51_0_39741 12364 16230 39741 -1 -1 3838 0.00308014
Chain
	Aln	195	-49ddc6f8-3e63-4f79-ad47-70cbbdae9fe6 3 3868 3876 -edge_98_0_+disjointig_51_0_39741 23510 27376 39741 -1 -1 3838 0.00308014
Chain
	Aln	297	+7a05f847-ba29-44b5-9bd7-4cfb9ac24dd4 20 6697 6702 -edge_149_0_-disjointig_16_0_79715 30742 37433 79715 -1 -1 6502 0.00250456
Chain
	Aln	296	-7a05f847-ba29-44b5-9bd7-4cfb9ac24dd4 4 6681 6702 +edge_149_0_-disjointig_16_0_79715 42281 48972 79715 -1 -1 6502 0.00250456
Chain
	Aln	313	+d25617d9-09d7-4789-b416-fdf7a6a4284b 24 6916 6934 -edge_157_0_+disjointig_26_0_75776 42058 48966 75776 -1 -1 6734 0.00128144
Chain
	Aln	312	-d25617d9-09d7-4789-b416-fdf7a6a4284b 17 6909 6934 +edge_157_0_+disjointig_26_0_75776 26809 33717 75776 -1 -1 6734 0.00128144
Chain
	Aln	217	+81460c20-85c8-4208-94ac-9ab26443f118 32 8022 8030 -edge_109_0_+disjointig_58_0_33005 2085 10076 33005 -1 -1 7969 0.000147054
Chain
	Aln	216	-81460c20-85c8-4208-94ac-9ab26443f118 7 7997 8030 +edge_109_0_+disjointig_58_0_33005 22928 30919 33005 -1 -1 7969 0.000147054
Chain
	Aln	313	+9928a4fd-0b4c-4c94-a087-59deafcc1132 8 7421 7429 -edge_157_0_+disjointig_26_0_75776 31636 39046 75776 -1 -1 6996 0.00567193
Chain
	Aln	312	-9928a4fd-0b4c-4c94-a087-59deafcc1132 7 7420 7429 +edge_157_0_+disjointig_26_0_75776 36729 44139 75776 -1 -1 6996 0.00567193
Chain
	Aln	218	+a435eae6-345c-464a-96dd-438595927ecd 10 6259 6263 +edge_110_0_+disjointig_59_0_17897 8283 14526 17897 -1 -1 6168 0.00101432
Chain
	Aln	219	-a435eae6-345c-464a-96dd-438595927ecd 3 6252 6263 -edge_110_0_+disjointig_59_0_17897 3370 9613 17897 -1 -1 6168 0.00101432
Chain
	Aln	321	+cabb3c36-d65f-4db5-86bb-e3ef248516ed 9 2806 2810 -edge_161_0_+disjointig_28_6173_22910 6885 9682 16737 -1 -1 2797 0
Chain
	Aln	320	-cabb3c36-d65f-4db5-86bb-e3ef248516ed 3 2800 2810 +edge_161_0_+disjointig_28_6173_22910 7054 9851 16737 -1 -1 2797 0
Chain
	Aln	340	+056c308b-4808-4e03-a979-7b156e65156e 1 18244 21390 +edge_171_0_+disjointig_44_0_83253 4279 22525 83253 -1 -1 18045 0.00124256
Chain
	Aln	341	-056c308b-4808-4e03-a979-7b156e65156e 3145 21388 21390 -edge_171_0_+disjointig_44_0_83253 60727 78973 83253 -1 -1 18045 0.00124256
Chain
	Aln	340	+acb9cedc-a9ab-4944-a11b-7765601c8c10 3 2791 2793 +edge_171_0_+disjointig_44_0_83253 2216 4997 83253 -1 -1 2709 0.00190299
Chain
	Aln	341	-acb9cedc-a9ab-4944-a11b-7765601c8c10 1 2789 2793 -edge_171_0_+disjointig_44_0_83253 78255 81036 83253 -1 -1 2709 0.00190299
Chain
	Aln	50	+cf212450-d689-485a-8454-6adb66144c8f 3 3035 3042 +edge_26_0_+disjointig_20_0_104137 74594 77651 104137 -1 -1 2730 0.0119396
Chain
	Aln	51	-cf212450-d689-485a-8454-6adb66144c8f 6 3038 3042 -edge_26_0_+disjointig_20_0_104137 26485 29542 104137 -1 -1 2730 0.0119396
Chain
	Aln	361	+8566515d-dd48-4be1-9d57-021dc2985111 9 5032 5142 -edge_181_0_+disjointig_74_2530_48718 9961 14988 46188 -1 -1 4969 0.00101172
Chain
	Aln	360	-8566515d-dd48-4be1-9d57-021dc2985111 109 5132 5142 +edge_181_0_+disjointig_74_2530_48718 31199 36226 46188 -1 -1 4969 0.00101172
Chain
	Aln	312	+1a14cf29-ac35-484f-923f-38f91eef0f28 5 14307 14332 +edge_157_0_+disjointig_26_0_75776 8926 23234 75776 -1 -1 14088 0.00135994
Chain
	Aln	313	-1a14cf29-ac35-484f-923f-38f91eef0f28 24 14326 14332 -edge_157_0_+disjointig_26_0_75776 52541 66849 75776 -1 -1 14088 0.00135994
Chain
	Aln	52	+de3a3936-83b0-4c6b-822c-93282d5d0d4e 3 8823 8846 +edge_27_0_+disjointig_21_0_54132 14338 23152 54132 -1 -1 8773 0
Chain
	Aln	53	-de3a3936-83b0-4c6b-822c-93282d5d0d4e 22 8842 8846 -edge_27_0_+disjointig_21_0_54132 30979 39793 54132 -1 -1 8773 0
Chain
	Aln	349	+079a076b-b2f3-4e0a-9296-50a0c1b935dc 16 32441 32454 -edge_175_1_+disjointig_49_70378_113247 12 32413 42869 -1 -1 31691 0.00220397
Chain
	Aln	348	-079a076b-b2f3-4e0a-9296-50a0c1b935dc 12 32437 32454 +edge_175_1_+disjointig_49_70378_113247 10455 42856 42869 -1 -1 31691 0.00220397
Chain
	Aln	157	+e14a821e-88e2-4932-9a80-690f99c0b567 9 15034 21963 -edge_79_0_+disjointig_44_99890_232551 117647 132660 132661 -1 -1 14915 0
	Aln	151	+e14a821e-88e2-4932-9a80-690f99c0b567 15044 16804 21963 -edge_76_1_+disjointig_44_98117_99890 9 1772 1773 -1 -1 1741 0.00263903
	Aln	145	+e14a821e-88e2-4932-9a80-690f99c0b567 16815 17812 21963 -edge_73_3_+disjointig_44_234803_235801 14 997 998 -1 -1 912 0.0068837
	Aln	148	+e14a821e-88e2-4932-9a80-690f99c0b567 17813 21032 21963 +edge_75_8_+disjointig_71_75040_78213 1 3162 3173 -1 -1 3013 0.00475217
	Aln	147	+e14a821e-88e2-4932-9a80-690f99c0b567 21078 21257 21963 -edge_74_0_-disjointig_71_1669_2447 34 213 778 -1 -1 155 0.0154227
Chain
	Aln	146	-e14a821e-88e2-4932-9a80-690f99c0b567 705 884 21963 +edge_74_0_-disjointig_71_1669_2447 564 743 778 -1 -1 155 0.0154227
	Aln	149	-e14a821e-88e2-4932-9a80-690f99c0b567 930 4149 21963 -edge_75_8_+disjointig_71_75040_78213 10 3171 3173 -1 -1 3013 0.00475217
	Aln	144	-e14a821e-88e2-4932-9a80-690f99c0b567 4150 5147 21963 +edge_73_3_+disjointig_44_234803_235801 0 983 998 -1 -1 912 0.0068837
	Aln	150	-e14a821e-88e2-4932-9a80-690f99c0b567 5158 6918 21963 +edge_76_1_+disjointig_44_98117_99890 0 1763 1773 -1 -1 1741 0.00263903
	Aln	156	-e14a821e-88e2-4932-9a80-690f99c0b567 6928 21953 21963 +edge_79_0_+disjointig_44_99890_232551 0 15013 132661 -1 -1 14915 0
Chain
	Aln	315	+a4594867-1cbd-4298-bd8c-3551fabfcc3e 4 10076 10078 -edge_158_0_+disjointig_25_34644_66531 10285 20364 31887 -1 -1 10026 0.000440835
Chain
	Aln	314	-a4594867-1cbd-4298-bd8c-3551fabfcc3e 1 10073 10078 +edge_158_0_+disjointig_25_34644_66531 11522 21601 31887 -1 -1 10026 0.000440835
Chain
	Aln	323	+66cf63d3-26f7-409e-90c0-29f09a7959d8 6 4266 12050 -edge_162_1_+disjointig_38_14800_26877 7814 12076 12077 -1 -1 4196 0.00136053
	Aln	323	+66cf63d3-26f7-409e-90c0-29f09a7959d8 4277 12039 12050 -edge_162_0_+disjointig_38_2796_14800 10 7780 12004 -1 -1 7642 0.00310416
Chain
	Aln	322	-66cf63d3-26f7-409e-90c0-29f09a7959d8 10 7772 12050 +edge_162_0_+disjointig_38_2796_14800 4223 11993 12004 -1 -1 7642 0.00310416
	Aln	322	-66cf63d3-26f7-409e-90c0-29f09a7959d8 7783 12043 12050 +edge_162_1_+disjointig_38_14800_26877 0 4262 12077 -1 -1 4196 0.00136053
Chain
	Aln	238	+92c5eed9-7551-48d6-be4d-cd400f9ecb7a 16 2831 2836 +edge_120_0_-disjointig_87_6236_62149 47819 50635 55913 -1 -1 2763 0.00358129
Chain
	Aln	239	-92c5eed9-7551-48d6-be4d-cd400f9ecb7a 4 2819 2836 -edge_120_0_-disjointig_87_6236_62149 5277 8093 55913 -1 -1 2763 0.00358129
Chain
	Aln	357	+0c4cd0b7-bd20-4646-a89b-0354450e3c70 3 22568 22575 -edge_179_0_+disjointig_67_0_82889 16824 39393 82889 -1 -1 21907 0.00368825
Chain
	Aln	356	-0c4cd0b7-bd20-4646-a89b-0354450e3c70 6 22571 22575 +edge_179_0_+disjointig_67_0_82889 43495 66064 82889 -1 -1 21907 0.00368825
Chain
	Aln	221	+d9e015f2-f3b1-4779-8b7b-23fe70fe6193 15 2396 2403 -edge_111_0_+disjointig_6_0_62673 22591 24972 62673 -1 -1 2381 0
Chain
	Aln	220	-d9e015f2-f3b1-4779-8b7b-23fe70fe6193 6 2387 2403 +edge_111_0_+disjointig_6_0_62673 37700 40081 62673 -1 -1 2381 0
Chain
	Aln	303	+164d358d-6d4e-4ec2-bbbd-4a0acc1eb5fa 11 7179 7187 -edge_152_0_-disjointig_60_6186_67457 1930 9108 61271 -1 -1 6952 0.00220951
Chain
	Aln	302	-164d358d-6d4e-4ec2-bbbd-4a0acc1eb5fa 7 7175 7187 +edge_152_0_-disjointig_60_6186_67457 52162 59340 61271 -1 -1 6952 0.00220951
Chain
	Aln	239	+fe359628-e248-453c-baf7-a0ac248897f5 12 5713 6221 -edge_120_0_-disjointig_87_6236_62149 40204 45908 55913 -1 -1 5622 0.00123184
Chain
	Aln	238	-fe359628-e248-453c-baf7-a0ac248897f5 507 6208 6221 +edge_120_0_-disjointig_87_6236_62149 10004 15708 55913 -1 -1 5622 0.00123184
Chain
	Aln	248	+ffc104fa-0fbb-4ab9-a875-b3cbda918e2f 631 2891 3731 +edge_125_0_+disjointig_73_0_2268 1 2264 2268 -1 -1 2093 0.00942294
Chain
	Aln	249	-ffc104fa-0fbb-4ab9-a875-b3cbda918e2f 839 3099 3731 -edge_125_0_+disjointig_73_0_2268 3 2266 2268 -1 -1 2093 0.00942294
Chain
	Aln	157	+4e9b3d6b-29bd-4cdf-8362-e81d2978409f 6 2710 2714 -edge_79_0_+disjointig_44_99890_232551 88333 91050 132661 -1 -1 2648 0
Chain
	Aln	156	-4e9b3d6b-29bd-4cdf-8362-e81d2978409f 3 2707 2714 +edge_79_0_+disjointig_44_99890_232551 41610 44327 132661 -1 -1 2648 0
Chain
	Aln	156	+7eb64621-ca2c-4a10-8097-ee80c00d8752 5 2678 2697 +edge_79_0_+disjointig_44_99890_232551 41591 44299 132661 -1 -1 2536 0.00239195
Chain
	Aln	157	-7eb64621-ca2c-4a10-8097-ee80c00d8752 18 2691 2697 -edge_79_0_+disjointig_44_99890_232551 88361 91069 132661 -1 -1 2536 0.00239195
Chain
	Aln	156	+c0997699-5bd8-463a-a155-a3b0e478cab3 8 3667 4021 +edge_79_0_+disjointig_44_99890_232551 128994 132653 132661 -1 -1 3619 0.00348655
Chain
	Aln	157	-c0997699-5bd8-463a-a155-a3b0e478cab3 353 4012 4021 -edge_79_0_+disjointig_44_99890_232551 7 3666 132661 -1 -1 3619 0.00348655
Chain
	Aln	330	+f0a0f143-62e1-47ce-90f1-29193f32e47a 8 4818 4834 +edge_166_0_+disjointig_40_6968_25794 10457 15269 18826 -1 -1 4744 0.00251297
Chain
	Aln	331	-f0a0f143-62e1-47ce-90f1-29193f32e47a 15 4825 4834 -edge_166_0_+disjointig_40_6968_25794 3556 8368 18826 -1 -1 4744 0.00251297
Chain
	Aln	105	+7b0db375-3bd3-452d-9fdb-03de6ceb95b9 12 2143 2154 -edge_53_0_+disjointig_36_0_22667 2680 4814 22667 -1 -1 2107 0.00175534
Chain
	Aln	104	-7b0db375-3bd3-452d-9fdb-03de6ceb95b9 10 2141 2154 +edge_53_0_+disjointig_36_0_22667 17852 19986 22667 -1 -1 2107 0.00175534
Chain
	Aln	52	+47049d9a-05e3-4ed3-8f84-90dc0dfe76b4 7 2543 2552 +edge_27_0_+disjointig_21_0_54132 13177 15711 54132 -1 -1 2526 0.00094869
Chain
	Aln	53	-47049d9a-05e3-4ed3-8f84-90dc0dfe76b4 8 2544 2552 -edge_27_0_+disjointig_21_0_54132 38420 40954 54132 -1 -1 2526 0.00094869
Chain
	Aln	107	+c233a1ee-e6db-4cd3-90e5-fdcb5fb18444 10 3972 3978 -edge_54_0_+disjointig_37_0_6770 9 3971 6770 -1 -1 3917 0.00193123
Chain
	Aln	106	-c233a1ee-e6db-4cd3-90e5-fdcb5fb18444 5 3967 3978 +edge_54_0_+disjointig_37_0_6770 2798 6760 6770 -1 -1 3917 0.00193123
Chain
	Aln	350	+8e7fd58c-2acb-414d-b174-251e1ee04dc9 6 11579 11583 +edge_176_0_+disjointig_68_0_26846 1690 13278 26846 -1 -1 11364 0.00250183
Chain
	Aln	351	-8e7fd58c-2acb-414d-b174-251e1ee04dc9 3 11576 11583 -edge_176_0_+disjointig_68_0_26846 13567 25155 26846 -1 -1 11364 0.00250183
Chain
	Aln	297	+2131459a-ff84-4cec-bf15-b6caa2663a3f 11 3532 3536 -edge_149_0_-disjointig_16_0_79715 27711 31240 79715 -1 -1 3476 0.000333916
Chain
	Aln	296	-2131459a-ff84-4cec-bf15-b6caa2663a3f 3 3524 3536 +edge_149_0_-disjointig_16_0_79715 48474 52003 79715 -1 -1 3476 0.000333916
Chain
	Aln	157	+32935751-4f5a-4a8a-b592-b8b93de1033a 16 2452 2462 -edge_79_0_+disjointig_44_99890_232551 90033 92467 132661 -1 -1 2395 0.00233529
Chain
	Aln	156	-32935751-4f5a-4a8a-b592-b8b93de1033a 9 2445 2462 +edge_79_0_+disjointig_44_99890_232551 40193 42627 132661 -1 -1 2395 0.00233529
Chain
	Aln	307	+8ca29f65-35bd-40ac-bea2-d6ee6a903cd5 10 5139 13416 -edge_154_0_+disjointig_18_11964_26268 9105 14303 14304 -1 -1 4278 0.0143769
	Aln	307	+8ca29f65-35bd-40ac-bea2-d6ee6a903cd5 5152 13407 13416 -edge_154_0_+disjointig_18_11964_26268 12 8365 14304 -1 -1 6725 0.0156376
Chain
	Aln	306	-8ca29f65-35bd-40ac-bea2-d6ee6a903cd5 8 8263 13416 +edge_154_0_+disjointig_18_11964_26268 5938 14291 14304 -1 -1 6725 0.0156376
	Aln	306	-8ca29f65-35bd-40ac-bea2-d6ee6a903cd5 8276 13405 13416 +edge_154_0_+disjointig_18_11964_26268 0 5198 14304 -1 -1 4278 0.0143769
Chain
	Aln	302	+c40243f9-5a51-4ffa-b152-a9951e1f2f2e 13 26788 26790 +edge_152_0_-disjointig_60_6186_67457 32002 58764 61271 -1 -1 26461 0.0013282
Chain
	Aln	303	-c40243f9-5a51-4ffa-b152-a9951e1f2f2e 1 26776 26790 -edge_152_0_-disjointig_60_6186_67457 2506 29268 61271 -1 -1 26461 0.0013282
Chain
	Aln	39	+6a866433-7b2a-4f6b-88a7-faa6c62e2e25 10 2987 2992 -edge_20_0_+disjointig_15_0_99894 86750 89728 99894 -1 -1 2969 0.00228558
Chain
	Aln	38	-6a866433-7b2a-4f6b-88a7-faa6c62e2e25 4 2981 2992 +edge_20_0_+disjointig_15_0_99894 10165 13143 99894 -1 -1 2969 0.00228558
Chain
	Aln	261	+50b42038-32f2-4918-802a-34c8b8260d03 11 3804 3808 -edge_131_0_+disjointig_78_0_34465 342 4134 34465 -1 -1 3670 0.00560227
Chain
	Aln	260	-50b42038-32f2-4918-802a-34c8b8260d03 3 3796 3808 +edge_131_0_+disjointig_78_0_34465 30330 34122 34465 -1 -1 3670 0.00560227
Chain
	Aln	38	+160f5098-7c18-44af-b358-712545864297 4 6037 6044 +edge_20_0_+disjointig_15_0_99894 28028 34072 99894 -1 -1 5990 0.00169583
Chain
	Aln	39	-160f5098-7c18-44af-b358-712545864297 6 6039 6044 -edge_20_0_+disjointig_15_0_99894 65821 71865 99894 -1 -1 5990 0.00169583
Chain
	Aln	178	+f2bbb455-fed3-47ef-ac5b-1b2ed28efb6f 4 2239 2247 +edge_90_0_-disjointig_61_33235_113950 74343 76578 80715 -1 -1 2231 0.00247609
Chain
	Aln	179	-f2bbb455-fed3-47ef-ac5b-1b2ed28efb6f 7 2242 2247 -edge_90_0_-disjointig_61_33235_113950 4136 6371 80715 -1 -1 2231 0.00247609
Chain
	Aln	36	+87c2d36f-084b-4484-9334-84a39e807489 6 4277 4283 +edge_19_0_+disjointig_14_0_104795 3704 7980 104795 -1 -1 4229 0
Chain
	Aln	37	-87c2d36f-084b-4484-9334-84a39e807489 5 4276 4283 -edge_19_0_+disjointig_14_0_104795 96814 101090 104795 -1 -1 4229 0
Chain
	Aln	187	+fb23f02a-4e55-4e51-8864-35a8a1e50173 4 4451 4462 -edge_94_0_+disjointig_47_0_105696 62250 66701 105696 -1 -1 4420 0.00237694
Chain
	Aln	186	-fb23f02a-4e55-4e51-8864-35a8a1e50173 10 4457 4462 +edge_94_0_+disjointig_47_0_105696 38994 43445 105696 -1 -1 4420 0.00237694
Chain
	Aln	92	+e3a189be-d601-4145-ad90-3d02e0fcb707 9 2242 2246 +edge_47_0_+disjointig_30_0_164630 41059 43292 164630 -1 -1 2233 0.000930374
Chain
	Aln	93	-e3a189be-d601-4145-ad90-3d02e0fcb707 3 2236 2246 -edge_47_0_+disjointig_30_0_164630 121337 123570 164630 -1 -1 2233 0.000930374
Chain
	Aln	311	+8f5755c6-7eff-4622-b4a6-2157fa7be989 17 2101 2105 -edge_156_0_+disjointig_23_18615_58974 138 2221 40359 -1 -1 2062 0.000831907
Chain
	Aln	310	-8f5755c6-7eff-4622-b4a6-2157fa7be989 3 2087 2105 +edge_156_0_+disjointig_23_18615_58974 38137 40220 40359 -1 -1 2062 0.000831907
Chain
	Aln	38	+14a423cf-8e72-4e01-9ed1-4d785c316fcc 46 2216 2218 +edge_20_0_+disjointig_15_0_99894 75584 77753 99894 -1 -1 2155 0.000891384
Chain
	Aln	39	-14a423cf-8e72-4e01-9ed1-4d785c316fcc 1 2171 2218 -edge_20_0_+disjointig_15_0_99894 22140 24309 99894 -1 -1 2155 0.000891384
Chain
	Aln	307	+39733baa-8eb7-4270-8d81-b405367d1f54 75 1235 6584 -edge_154_0_+disjointig_18_11964_26268 13140 14303 14304 -1 -1 1120 0.00437176
	Aln	307	+39733baa-8eb7-4270-8d81-b405367d1f54 1248 6581 6584 -edge_154_0_+disjointig_18_11964_26268 12 5401 14304 -1 -1 4516 0.013248
Chain
	Aln	306	-39733baa-8eb7-4270-8d81-b405367d1f54 2 5335 6584 +edge_154_0_+disjointig_18_11964_26268 8902 14291 14304 -1 -1 4516 0.013248
	Aln	306	-39733baa-8eb7-4270-8d81-b405367d1f54 5348 6508 6584 +edge_154_0_+disjointig_18_11964_26268 0 1163 14304 -1 -1 1120 0.00437176
Chain
	Aln	222	+586c3a42-bb10-4173-9910-0a631a651bfb 30 9206 9208 +edge_112_0_+disjointig_62_0_57746 8461 17640 57746 -1 -1 9137 0
Chain
	Aln	223	-586c3a42-bb10-4173-9910-0a631a651bfb 1 9177 9208 -edge_112_0_+disjointig_62_0_57746 40105 49284 57746 -1 -1 9137 0
Chain
	Aln	156	+7baa5f73-4579-4013-90f4-336ad46d9f74 1 5614 5640 +edge_79_0_+disjointig_44_99890_232551 3408 9022 132661 -1 -1 5487 0.00182427
Chain
	Aln	157	-7baa5f73-4579-4013-90f4-336ad46d9f74 25 5638 5640 -edge_79_0_+disjointig_44_99890_232551 123638 129252 132661 -1 -1 5487 0.00182427
Chain
	Aln	332	+21bc48c2-de82-48a6-b84e-a3728d373614 11 6643 6650 +edge_167_0_-disjointig_64_0_49685 9592 16224 49685 -1 -1 6579 0.00367533
Chain
	Aln	333	-21bc48c2-de82-48a6-b84e-a3728d373614 6 6638 6650 -edge_167_0_-disjointig_64_0_49685 33460 40092 49685 -1 -1 6579 0.00367533
Chain
	Aln	37	+6cae2c55-bc9c-4ada-a548-8c20338c93b7 12 2395 2397 -edge_19_0_+disjointig_14_0_104795 99797 102181 104795 -1 -1 2378 0
Chain
	Aln	36	-6cae2c55-bc9c-4ada-a548-8c20338c93b7 1 2384 2397 +edge_19_0_+disjointig_14_0_104795 2613 4997 104795 -1 -1 2378 0
Chain
	Aln	97	+37ec70d3-43dc-4397-b632-fb52141358ad 18 3469 3474 -edge_49_0_+disjointig_32_0_79547 52788 56245 79547 -1 -1 3413 0.000428612
Chain
	Aln	96	-37ec70d3-43dc-4397-b632-fb52141358ad 4 3455 3474 +edge_49_0_+disjointig_32_0_79547 23301 26758 79547 -1 -1 3413 0.000428612
Chain
	Aln	318	+cb9b3623-77fe-463a-a808-c6a44ae62412 7 2750 2755 +edge_160_0_-disjointig_48_0_101253 29276 32016 101253 -1 -1 2710 0.000348599
Chain
	Aln	319	-cb9b3623-77fe-463a-a808-c6a44ae62412 4 2747 2755 -edge_160_0_-disjointig_48_0_101253 69236 71976 101253 -1 -1 2710 0.000348599
Chain
	Aln	35	+9a9751e0-1c38-4ed6-a7bc-0294fc8d58a1 13 2673 2677 -edge_18_0_+disjointig_13_0_57208 49872 52534 57208 -1 -1 2641 0.00226306
Chain
	Aln	34	-9a9751e0-1c38-4ed6-a7bc-0294fc8d58a1 3 2663 2677 +edge_18_0_+disjointig_13_0_57208 4673 7335 57208 -1 -1 2641 0.00226306
Chain
	Aln	307	+d7aa5acd-26a8-402c-9775-649d8800a5ce 38 2201 2249 -edge_154_0_+disjointig_18_11964_26268 982 3140 14304 -1 -1 2118 0.00429592
Chain
	Aln	306	-d7aa5acd-26a8-402c-9775-649d8800a5ce 47 2210 2249 +edge_154_0_+disjointig_18_11964_26268 11163 13321 14304 -1 -1 2118 0.00429592
Chain
	Aln	99	+da16ffb1-7253-47ac-b39d-705c299cfebb 7 2526 2530 -edge_50_0_+disjointig_33_0_54467 14268 16787 54467 -1 -1 2496 0.000683036
Chain
	Aln	98	-da16ffb1-7253-47ac-b39d-705c299cfebb 3 2522 2530 +edge_50_0_+disjointig_33_0_54467 37679 40198 54467 -1 -1 2496 0.000683036
Chain
	Aln	318	+7ab90b4b-5072-4c55-9131-a3049b84d9ac 3 15587 15591 +edge_160_0_-disjointig_48_0_101253 13173 28752 101253 -1 -1 15226 0.00272348
Chain
	Aln	319	-7ab90b4b-5072-4c55-9131-a3049b84d9ac 3 15587 15591 -edge_160_0_-disjointig_48_0_101253 72500 88079 101253 -1 -1 15226 0.00272348
Chain
	Aln	323	+a74cd2eb-fdbd-43c5-a8cf-6f3032eec6c7 5 4519 4530 -edge_162_1_+disjointig_38_14800_26877 4306 8830 12077 -1 -1 4398 0.00318246
Chain
	Aln	322	-a74cd2eb-fdbd-43c5-a8cf-6f3032eec6c7 10 4524 4530 +edge_162_1_+disjointig_38_14800_26877 3246 7770 12077 -1 -1 4398 0.00318246
Chain
	Aln	349	+be295016-3461-4661-a72d-b141152a3135 11 16552 16556 -edge_175_1_+disjointig_49_70378_113247 13531 30087 42869 -1 -1 16020 0.00387165
Chain
	Aln	348	-be295016-3461-4661-a72d-b141152a3135 3 16544 16556 +edge_175_1_+disjointig_49_70378_113247 12781 29337 42869 -1 -1 16020 0.00387165
Chain
	Aln	322	+31b95fd5-ed35-4cbc-ad5a-b2e7710fd1e4 314 8055 8062 +edge_162_1_+disjointig_38_14800_26877 3 7748 12077 -1 -1 7671 0.00152431
Chain
	Aln	323	-31b95fd5-ed35-4cbc-ad5a-b2e7710fd1e4 6 7747 8062 -edge_162_1_+disjointig_38_14800_26877 4328 12073 12077 -1 -1 7671 0.00152431
Chain
	Aln	337	+42086df4-ce49-4041-9d12-69c14a7a4eca 5 4381 4384 -edge_169_0_+disjointig_66_0_52611 24970 29479 52611 -1 -1 3939 0.0106112
Chain
	Aln	336	-42086df4-ce49-4041-9d12-69c14a7a4eca 2 4378 4384 +edge_169_0_+disjointig_66_0_52611 23131 27640 52611 -1 -1 3939 0.0106112
Chain
	Aln	344	+ec621519-0234-4ec1-8976-3634070181db 7 9857 9866 +edge_173_0_-disjointig_53_5113_59202 18820 28659 54089 -1 -1 9497 0.0035979
Chain
	Aln	345	-ec621519-0234-4ec1-8976-3634070181db 8 9858 9866 -edge_173_0_-disjointig_53_5113_59202 25429 35268 54089 -1 -1 9497 0.0035979
Chain
	Aln	51	+64083478-1330-440d-864b-d5a13c5f63c4 5 8872 8881 -edge_26_0_+disjointig_20_0_104137 79295 88166 104137 -1 -1 8766 0.000971214
Chain
	Aln	50	-64083478-1330-440d-864b-d5a13c5f63c4 8 8875 8881 +edge_26_0_+disjointig_20_0_104137 15970 24841 104137 -1 -1 8766 0.000971214
Chain
	Aln	101	+c70017e8-1a63-4a30-8678-154a3d4f48fb 10 11333 11344 -edge_51_0_+disjointig_34_0_132203 109080 120402 132203 -1 -1 10936 0.00394978
Chain
	Aln	100	-c70017e8-1a63-4a30-8678-154a3d4f48fb 10 11333 11344 +edge_51_0_+disjointig_34_0_132203 11800 23122 132203 -1 -1 10936 0.00394978
Chain
	Aln	93	+c16b986f-5ce9-45e5-b221-86bba7678ae9 6 8198 8234 -edge_47_0_+disjointig_30_0_164630 121506 129700 164630 -1 -1 8061 0.00264791
Chain
	Aln	92	-c16b986f-5ce9-45e5-b221-86bba7678ae9 35 8227 8234 +edge_47_0_+disjointig_30_0_164630 34929 43123 164630 -1 -1 8061 0.00264791
Chain
	Aln	92	+a799208a-10a8-44c6-9036-8c50ab794672 11 8299 8301 +edge_47_0_+disjointig_30_0_164630 43136 51430 164630 -1 -1 8173 0.00225501
Chain
	Aln	93	-a799208a-10a8-44c6-9036-8c50ab794672 1 8289 8301 -edge_47_0_+disjointig_30_0_164630 113199 121493 164630 -1 -1 8173 0.00225501
Chain
	Aln	313	+6af10438-59ba-4fcd-9c7f-2b63f9fb69e9 9 7642 7649 -edge_157_0_+disjointig_26_0_75776 57318 64951 75776 -1 -1 7621 0
Chain
	Aln	312	-6af10438-59ba-4fcd-9c7f-2b63f9fb69e9 6 7639 7649 +edge_157_0_+disjointig_26_0_75776 10824 18457 75776 -1 -1 7621 0
Chain
	Aln	54	+951dfa38-82b7-4702-83e3-68781e37d694 7 13542 13547 +edge_28_0_+disjointig_22_0_197748 68122 81659 197748 -1 -1 13431 0.00151294
Chain
	Aln	55	-951dfa38-82b7-4702-83e3-68781e37d694 4 13539 13547 -edge_28_0_+disjointig_22_0_197748 116088 129625 197748 -1 -1 13431 0.00151294
Chain
	Aln	54	+91f581e9-5ceb-4786-ab78-aeac2c204d84 25 3139 3145 +edge_28_0_+disjointig_22_0_197748 32787 35902 197748 -1 -1 3114 0.00131193
Chain
	Aln	55	-91f581e9-5ceb-4786-ab78-aeac2c204d84 5 3119 3145 -edge_28_0_+disjointig_22_0_197748 161845 164960 197748 -1 -1 3114 0.00131193
Chain
	Aln	54	+5bbc8b3e-e61b-4db7-a28e-36eab0ab9bb5 16 8478 8500 +edge_28_0_+disjointig_22_0_197748 135775 144237 197748 -1 -1 8297 0.00155689
Chain
	Aln	55	-5bbc8b3e-e61b-4db7-a28e-36eab0ab9bb5 21 8483 8500 -edge_28_0_+disjointig_22_0_197748 53510 61972 197748 -1 -1 8297 0.00155689
Chain
	Aln	356	+e5f23338-ee4a-4358-a8f3-9238291b67a6 11 3059 3063 +edge_179_0_+disjointig_67_0_82889 76801 79847 82889 -1 -1 2897 0.00549065
Chain
	Aln	357	-e5f23338-ee4a-4358-a8f3-9238291b67a6 3 3051 3063 -edge_179_0_+disjointig_67_0_82889 3041 6087 82889 -1 -1 2897 0.00549065
Chain
	Aln	55	+768efbef-a7e7-4f0d-9854-4e84f984bbba 4 7356 7358 -edge_28_0_+disjointig_22_0_197748 61988 69342 197748 -1 -1 7314 0.000664069
Chain
	Aln	54	-768efbef-a7e7-4f0d-9854-4e84f984bbba 1 7353 7358 +edge_28_0_+disjointig_22_0_197748 128405 135759 197748 -1 -1 7314 0.000664069
Chain
	Aln	348	+4a50e95b-205b-4ccc-9cf0-1059185fb604 9 14488 14628 +edge_175_0_+disjointig_49_27612_70378 2558 16627 42766 -1 -1 13000 0.00593675
Chain
	Aln	349	-4a50e95b-205b-4ccc-9cf0-1059185fb604 139 14618 14628 -edge_175_0_+disjointig_49_27612_70378 26138 40207 42766 -1 -1 13000 0.00593675
Chain
	Aln	328	+acae9212-69af-4126-8fb6-69f3d0f90a42 20 6491 6496 +edge_165_0_+disjointig_54_0_66147 52709 59188 66147 -1 -1 6363 0.00152736
Chain
	Aln	329	-acae9212-69af-4126-8fb6-69f3d0f90a42 4 6475 6496 -edge_165_0_+disjointig_54_0_66147 6958 13437 66147 -1 -1 6363 0.00152736
Chain
	Aln	100	+d87659bc-d80d-4cba-9105-98b1a24350ee 14 5232 5235 +edge_51_0_+disjointig_34_0_132203 58939 64159 132203 -1 -1 5198 0
Chain
	Aln	101	-d87659bc-d80d-4cba-9105-98b1a24350ee 2 5220 5235 -edge_51_0_+disjointig_34_0_132203 68043 73263 132203 -1 -1 5198 0
Chain
	Aln	265	+97009ca7-6f2d-4311-9d98-ea52cc3893e6 7 5812 5814 -edge_133_0_+disjointig_8_0_56180 23144 28949 56180 -1 -1 5698 0.00308212
Chain
	Aln	264	-97009ca7-6f2d-4311-9d98-ea52cc3893e6 1 5806 5814 +edge_133_0_+disjointig_8_0_56180 27230 33035 56180 -1 -1 5698 0.00308212
Chain
	Aln	101	+02acc4a0-ca7e-4080-8a63-42251a2e2cbe 8 5218 5225 -edge_51_0_+disjointig_34_0_132203 68029 73251 132203 -1 -1 5144 0.00125179
Chain
	Aln	100	-02acc4a0-ca7e-4080-8a63-42251a2e2cbe 6 5216 5225 +edge_51_0_+disjointig_34_0_132203 58951 64173 132203 -1 -1 5144 0.00125179
Chain
	Aln	298	+facc12f5-45db-4f43-933f-b82c8b62776d 12 2178 2185 +edge_150_0_+disjointig_11_11851_75629 53485 55650 63778 -1 -1 2129 0.00139243
Chain
	Aln	299	-facc12f5-45db-4f43-933f-b82c8b62776d 6 2172 2185 -edge_150_0_+disjointig_11_11851_75629 8127 10292 63778 -1 -1 2129 0.00139243
Chain
	Aln	145	+8da53bad-5902-4974-929b-866ad1a702f9 145 1110 3270 -edge_73_3_+disjointig_44_234803_235801 14 978 998 -1 -1 904 0.00719879
	Aln	148	+8da53bad-5902-4974-929b-866ad1a702f9 1130 3263 3270 +edge_75_3_+disjointig_50_28386_31455 1 2125 3069 -1 -1 2070 0.0020415
Chain
	Aln	149	-8da53bad-5902-4974-929b-866ad1a702f9 6 2139 3270 -edge_75_3_+disjointig_50_28386_31455 943 3067 3069 -1 -1 2070 0.0020415
	Aln	144	-8da53bad-5902-4974-929b-866ad1a702f9 2159 3124 3270 +edge_73_3_+disjointig_44_234803_235801 19 983 998 -1 -1 904 0.00719879
Chain
	Aln	173	+cd09ed2f-d0ea-4ea1-91ea-b63dd1e16c43 4 4080 4090 -edge_87_0_+disjointig_50_31455_62704 23037 27116 31249 -1 -1 4043 0.00347438
Chain
	Aln	172	-cd09ed2f-d0ea-4ea1-91ea-b63dd1e16c43 9 4085 4090 +edge_87_0_+disjointig_50_31455_62704 4132 8211 31249 -1 -1 4043 0.00347438
Chain
	Aln	309	+b71605e9-c346-4126-a5bd-0cda03b8abfa 28 8432 8437 -edge_155_0_+disjointig_92_0_28863 10115 18695 28863 -1 -1 7711 0.00554913
Chain
	Aln	308	-b71605e9-c346-4126-a5bd-0cda03b8abfa 4 8408 8437 +edge_155_0_+disjointig_92_0_28863 10167 18747 28863 -1 -1 7711 0.00554913
Chain
	Aln	238	+f24755b6-c3b1-4698-9dc1-f25f8cd56b45 6 29630 35627 +edge_120_0_-disjointig_87_6236_62149 26279 55904 55913 -1 -1 29232 0.00134851
Chain
	Aln	239	-f24755b6-c3b1-4698-9dc1-f25f8cd56b45 5996 35620 35627 -edge_120_0_-disjointig_87_6236_62149 8 29633 55913 -1 -1 29232 0.00134851
Chain
	Aln	319	+b62fcde8-bdad-42bc-a5de-a5125a302c51 5 6862 6866 -edge_160_0_-disjointig_48_0_101253 92116 98976 101253 -1 -1 6822 0.000632062
Chain
	Aln	318	-b62fcde8-bdad-42bc-a5de-a5125a302c51 3 6860 6866 +edge_160_0_-disjointig_48_0_101253 2276 9136 101253 -1 -1 6822 0.000632062
Chain
	Aln	186	+758ab1f2-cdca-4762-9d52-adc9595bd93e 9 3131 3139 +edge_94_0_+disjointig_47_0_105696 83894 87016 105696 -1 -1 3003 0.00517656
Chain
	Aln	187	-758ab1f2-cdca-4762-9d52-adc9595bd93e 7 3129 3139 -edge_94_0_+disjointig_47_0_105696 18679 21801 105696 -1 -1 3003 0.00517656
Chain
	Aln	55	+faad7fb7-15d9-4e73-bd6f-311b790c3ba7 12 2595 2597 -edge_28_0_+disjointig_22_0_197748 2192 4797 197748 -1 -1 2524 0.00370823
Chain
	Aln	54	-faad7fb7-15d9-4e73-bd6f-311b790c3ba7 1 2584 2597 +edge_28_0_+disjointig_22_0_197748 192950 195555 197748 -1 -1 2524 0.00370823
Chain
	Aln	232	+7a3b906b-ad45-4b81-ae2f-5bfbaae5db89 5 3667 3672 +edge_117_0_+disjointig_69_0_75545 22927 26587 75545 -1 -1 3610 0.00344086
Chain
	Aln	233	-7a3b906b-ad45-4b81-ae2f-5bfbaae5db89 4 3666 3672 -edge_117_0_+disjointig_69_0_75545 48957 52617 75545 -1 -1 3610 0.00344086
Chain
	Aln	337	+9cf63c14-86a7-471d-a761-cde0d1e98c09 14 18221 18223 -edge_169_0_+disjointig_66_0_52611 6763 24949 52611 -1 -1 17283 0.00571787
Chain
	Aln	336	-9cf63c14-86a7-471d-a761-cde0d1e98c09 1 18208 18223 +edge_169_0_+disjointig_66_0_52611 27661 45847 52611 -1 -1 17283 0.00571787
Chain
	Aln	299	+7d591558-ffbd-421c-9dc2-8ad8a36fa5f8 13 8862 8896 -edge_150_0_+disjointig_11_11851_75629 48853 57719 63778 -1 -1 8702 0.00282479
Chain
	Aln	298	-7d591558-ffbd-421c-9dc2-8ad8a36fa5f8 33 8882 8896 +edge_150_0_+disjointig_11_11851_75629 6058 14924 63778 -1 -1 8702 0.00282479
Chain
	Aln	157	+6c644cda-e11a-4900-9e09-d347b4b4b559 25 5309 5313 -edge_79_0_+disjointig_44_99890_232551 99871 105146 132661 -1 -1 5204 0.00125292
Chain
	Aln	156	-6c644cda-e11a-4900-9e09-d347b4b4b559 3 5287 5313 +edge_79_0_+disjointig_44_99890_232551 27514 32789 132661 -1 -1 5204 0.00125292
Chain
	Aln	52	+21287794-4ab2-4ebd-8265-d693aa785766 8 3357 3368 +edge_27_0_+disjointig_21_0_54132 31037 34389 54132 -1 -1 3305 0.00151732
Chain
	Aln	53	-21287794-4ab2-4ebd-8265-d693aa785766 10 3359 3368 -edge_27_0_+disjointig_21_0_54132 19742 23094 54132 -1 -1 3305 0.00151732
Chain
	Aln	348	+e7ba40c8-4d5e-4f65-b5c7-086765a30631 5 9222 20431 +edge_175_1_+disjointig_49_70378_113247 33651 42859 42869 -1 -1 8975 0.00351338
	Aln	348	+e7ba40c8-4d5e-4f65-b5c7-086765a30631 9239 18549 20431 +edge_175_0_+disjointig_49_27612_70378 7 9321 42766 -1 -1 9257 0.000692524
Chain
	Aln	349	-e7ba40c8-4d5e-4f65-b5c7-086765a30631 1881 11191 20431 -edge_175_0_+disjointig_49_27612_70378 33444 42758 42766 -1 -1 9257 0.000692524
	Aln	349	-e7ba40c8-4d5e-4f65-b5c7-086765a30631 11208 20425 20431 -edge_175_1_+disjointig_49_70378_113247 9 9217 42869 -1 -1 8975 0.00351338
Chain
	Aln	328	+9ec6eee6-f4d4-4698-9b73-7de8db7a5fae 5 7283 7309 +edge_165_0_+disjointig_54_0_66147 35234 42504 66147 -1 -1 7020 0.00335237
Chain
	Aln	329	-9ec6eee6-f4d4-4698-9b73-7de8db7a5fae 25 7303 7309 -edge_165_0_+disjointig_54_0_66147 23642 30912 66147 -1 -1 7020 0.00335237
Chain
	Aln	186	+2dd5149b-0e22-4ffb-94c8-736d0a4e6b64 13 7843 7852 +edge_94_0_+disjointig_47_0_105696 97857 105688 105696 -1 -1 7740 0.00208807
Chain
	Aln	187	-2dd5149b-0e22-4ffb-94c8-736d0a4e6b64 8 7838 7852 -edge_94_0_+disjointig_47_0_105696 7 7838 105696 -1 -1 7740 0.00208807
Chain
	Aln	348	+c91c5afd-519f-41d5-a629-567d38dc44ed 5 5697 5701 +edge_175_1_+disjointig_49_70378_113247 25162 30997 42869 -1 -1 4908 0.00718551
Chain
	Aln	349	-c91c5afd-519f-41d5-a629-567d38dc44ed 3 5695 5701 -edge_175_1_+disjointig_49_70378_113247 11871 17706 42869 -1 -1 4908 0.00718551
Chain
	Aln	197	+ea1a2c71-e548-49f5-b286-fdfefd782fa3 11 12093 15999 -edge_99_0_+disjointig_52_0_12099 10 12098 12099 -1 -1 11904 0.0018063
Chain
	Aln	196	-ea1a2c71-e548-49f5-b286-fdfefd782fa3 3905 15987 15999 +edge_99_0_+disjointig_52_0_12099 0 12088 12099 -1 -1 11904 0.0018063
Chain
	Aln	306	+5967d7ee-306a-4af9-b8c7-5db41ab6bfbe 1 2050 2181 +edge_154_0_+disjointig_18_11964_26268 4617 6666 14304 -1 -1 2028 0.00159643
Chain
	Aln	307	-5967d7ee-306a-4af9-b8c7-5db41ab6bfbe 130 2179 2181 -edge_154_0_+disjointig_18_11964_26268 7637 9686 14304 -1 -1 2028 0.00159643
Chain
	Aln	307	+433557a4-389b-4d7d-84bd-080c457a13dd 14 6551 14282 -edge_154_0_+disjointig_18_11964_26268 7769 14303 14304 -1 -1 6335 0.00440799
	Aln	307	+433557a4-389b-4d7d-84bd-080c457a13dd 6564 14242 14282 -edge_154_0_+disjointig_18_11964_26268 12 7699 14304 -1 -1 6991 0.0102644
Chain
	Aln	306	-433557a4-389b-4d7d-84bd-080c457a13dd 39 7717 14282 +edge_154_0_+disjointig_18_11964_26268 6604 14291 14304 -1 -1 6991 0.0102644
	Aln	306	-433557a4-389b-4d7d-84bd-080c457a13dd 7730 14267 14282 +edge_154_0_+disjointig_18_11964_26268 0 6534 14304 -1 -1 6335 0.00440799
Chain
	Aln	232	+27146a0b-f101-49a3-8898-c716529571a5 11 3542 3546 +edge_117_0_+disjointig_69_0_75545 6793 10324 75545 -1 -1 3483 0.000552228
Chain
	Aln	233	-27146a0b-f101-49a3-8898-c716529571a5 3 3534 3546 -edge_117_0_+disjointig_69_0_75545 65220 68751 75545 -1 -1 3483 0.000552228
Chain
	Aln	223	+bf6197f4-7837-4663-9e32-f63d04d47229 8 2983 2986 -edge_112_0_+disjointig_62_0_57746 14251 17222 57746 -1 -1 2906 0.00166339
Chain
	Aln	222	-bf6197f4-7837-4663-9e32-f63d04d47229 2 2977 2986 +edge_112_0_+disjointig_62_0_57746 40523 43494 57746 -1 -1 2906 0.00166339
Chain
	Aln	233	+c249b206-b4c9-45a6-846f-42597a61ec4a 17 3545 3551 -edge_117_0_+disjointig_69_0_75545 65213 68738 75545 -1 -1 3503 0
Chain
	Aln	232	-c249b206-b4c9-45a6-846f-42597a61ec4a 5 3533 3551 +edge_117_0_+disjointig_69_0_75545 6806 10331 75545 -1 -1 3503 0
Chain
	Aln	349	+4e3d4148-6b7f-40c7-b881-e4418ae69d54 6 12308 12331 -edge_175_1_+disjointig_49_70378_113247 1825 14265 42869 -1 -1 9795 0.021346
Chain
	Aln	348	-4e3d4148-6b7f-40c7-b881-e4418ae69d54 22 12324 12331 +edge_175_1_+disjointig_49_70378_113247 28603 41043 42869 -1 -1 9795 0.021346
Chain
	Aln	254	+9078df52-a80b-4604-872d-ee6552698628 10 3021 3563 +edge_128_0_-disjointig_81_3396_22876 9544 12559 19480 -1 -1 2895 0.00579151
Chain
	Aln	255	-9078df52-a80b-4604-872d-ee6552698628 541 3552 3563 -edge_128_0_-disjointig_81_3396_22876 6920 9935 19480 -1 -1 2895 0.00579151
Chain
	Aln	178	+e764f81a-3aa5-4465-9506-01f41e639d1e 21 5135 5143 +edge_90_0_-disjointig_61_33235_113950 29972 35109 80715 -1 -1 4750 0.00835894
Chain
	Aln	179	-e764f81a-3aa5-4465-9506-01f41e639d1e 7 5121 5143 -edge_90_0_-disjointig_61_33235_113950 45605 50742 80715 -1 -1 4750 0.00835894
Chain
	Aln	54	+52bbe1cc-6c4f-4588-8c1f-485129917fe0 1 2406 3270 +edge_28_0_+disjointig_22_0_197748 155732 158138 197748 -1 -1 2342 0.00216262
Chain
	Aln	55	-52bbe1cc-6c4f-4588-8c1f-485129917fe0 863 3268 3270 -edge_28_0_+disjointig_22_0_197748 39609 42015 197748 -1 -1 2342 0.00216262
Chain
	Aln	340	+faafe575-d2c7-41c1-9865-b29c3c35e6d0 18 2503 2511 +edge_171_0_+disjointig_44_0_83253 9872 12357 83253 -1 -1 2485 0.000144521
Chain
	Aln	341	-faafe575-d2c7-41c1-9865-b29c3c35e6d0 7 2492 2511 -edge_171_0_+disjointig_44_0_83253 70895 73380 83253 -1 -1 2485 0.000144521
Chain
	Aln	238	+56d4d949-bb52-413c-9d89-3a715379bb47 16 9354 9360 +edge_120_0_-disjointig_87_6236_62149 24675 34013 55913 -1 -1 9203 0.00042298
Chain
	Aln	239	-56d4d949-bb52-413c-9d89-3a715379bb47 5 9343 9360 -edge_120_0_-disjointig_87_6236_62149 21899 31237 55913 -1 -1 9203 0.00042298
Chain
	Aln	313	+5da79d81-9671-42d5-aadc-f048dbce1a78 14 3898 3901 -edge_157_0_+disjointig_26_0_75776 7932 11813 75776 -1 -1 3752 0.00379668
Chain
	Aln	312	-5da79d81-9671-42d5-aadc-f048dbce1a78 2 3886 3901 +edge_157_0_+disjointig_26_0_75776 63962 67843 75776 -1 -1 3752 0.00379668
Chain
	Aln	101	+29006e93-052a-42e1-a815-9e943e4ea221 5 6461 8762 -edge_51_0_+disjointig_34_0_132203 34666 41127 132203 -1 -1 6297 0.00308244
Chain
	Aln	100	-29006e93-052a-42e1-a815-9e943e4ea221 2300 8756 8762 +edge_51_0_+disjointig_34_0_132203 91075 97536 132203 -1 -1 6297 0.00308244
Chain
	Aln	326	+414a7011-ae6e-435a-adf1-77f679ddadc3 7 16156 16164 +edge_164_0_+disjointig_39_11307_40702 4406 20576 29395 -1 -1 15392 0.0054858
Chain
	Aln	327	-414a7011-ae6e-435a-adf1-77f679ddadc3 7 16156 16164 -edge_164_0_+disjointig_39_11307_40702 8818 24988 29395 -1 -1 15392 0.0054858
Chain
	Aln	178	+9148ffd3-86e5-4389-878a-cec9099d790d 18 6811 19761 +edge_90_0_-disjointig_61_33235_113950 4240 11045 80715 -1 -1 6745 0.000927489
Chain
	Aln	179	-9148ffd3-86e5-4389-878a-cec9099d790d 12949 19742 19761 -edge_90_0_-disjointig_61_33235_113950 69669 76474 80715 -1 -1 6745 0.000927489
Chain
	Aln	36	+95050237-4f40-421b-9eca-e0b98e865eef 13 15798 15803 +edge_19_0_+disjointig_14_0_104795 56308 72111 104795 -1 -1 15462 0.00223066
Chain
	Aln	37	-95050237-4f40-421b-9eca-e0b98e865eef 4 15789 15803 -edge_19_0_+disjointig_14_0_104795 32683 48486 104795 -1 -1 15462 0.00223066
Chain
	Aln	350	+d430327b-21bb-4d0b-9213-b23cb432f0ce 29 6562 6565 +edge_176_0_+disjointig_68_0_26846 12545 19085 26846 -1 -1 6506 0.00151666
Chain
	Aln	351	-d430327b-21bb-4d0b-9213-b23cb432f0ce 2 6535 6565 -edge_176_0_+disjointig_68_0_26846 7760 14300 26846 -1 -1 6506 0.00151666
Chain
	Aln	357	+166379e6-e0b6-4bdb-b40b-e3b057eb3a78 13 3837 3840 -edge_179_0_+disjointig_67_0_82889 54544 58365 82889 -1 -1 3758 0.00341727
Chain
	Aln	356	-166379e6-e0b6-4bdb-b40b-e3b057eb3a78 2 3826 3840 +edge_179_0_+disjointig_67_0_82889 24523 28344 82889 -1 -1 3758 0.00341727
Chain
	Aln	323	+68722305-8854-4ba7-b599-53c54211b167 12 4518 11902 -edge_162_1_+disjointig_38_14800_26877 7570 12076 12077 -1 -1 4485 0.000504324
	Aln	323	+68722305-8854-4ba7-b599-53c54211b167 4530 11616 11902 -edge_162_0_+disjointig_38_2796_14800 11 7108 12004 -1 -1 6835 0.00388468
Chain
	Aln	322	-68722305-8854-4ba7-b599-53c54211b167 285 7371 11902 +edge_162_0_+disjointig_38_2796_14800 4895 11992 12004 -1 -1 6835 0.00388468
	Aln	322	-68722305-8854-4ba7-b599-53c54211b167 7383 11889 11902 +edge_162_1_+disjointig_38_14800_26877 0 4506 12077 -1 -1 4485 0.000504324
Chain
	Aln	53	+b67bf911-b6dd-4b5a-bf71-0523543d7901 26 4412 4416 -edge_27_0_+disjointig_21_0_54132 17108 21492 54132 -1 -1 4304 0.00173943
Chain
	Aln	52	-b67bf911-b6dd-4b5a-bf71-0523543d7901 3 4389 4416 +edge_27_0_+disjointig_21_0_54132 32639 37023 54132 -1 -1 4304 0.00173943
Chain
	Aln	55	+c50a88ec-d90c-4294-9701-3193c20f69d0 47 10390 10392 -edge_28_0_+disjointig_22_0_197748 48 10430 197748 -1 -1 9659 0.0073604
Chain
	Aln	54	-c50a88ec-d90c-4294-9701-3193c20f69d0 1 10344 10392 +edge_28_0_+disjointig_22_0_197748 187317 197699 197748 -1 -1 9659 0.0073604
Chain
	Aln	328	+bb461c3f-ab61-43a0-a6db-c438803a1fc4 10 15850 15857 +edge_165_0_+disjointig_54_0_66147 30118 45958 66147 -1 -1 15659 0.00081296
Chain
	Aln	329	-bb461c3f-ab61-43a0-a6db-c438803a1fc4 6 15846 15857 -edge_165_0_+disjointig_54_0_66147 20188 36028 66147 -1 -1 15659 0.00081296
Chain
	Aln	318	+070b8e36-c295-4297-88cc-12c81e52a18e 6 9274 9277 +edge_160_0_-disjointig_48_0_101253 66716 75988 101253 -1 -1 9202 0.00199634
Chain
	Aln	319	-070b8e36-c295-4297-88cc-12c81e52a18e 2 9270 9277 -edge_160_0_-disjointig_48_0_101253 25264 34536 101253 -1 -1 9202 0.00199634
Chain
	Aln	349	+5e6145ed-4f08-413d-ad48-5fb0c92b98cb 3 20722 20724 -edge_175_1_+disjointig_49_70378_113247 1897 22623 42869 -1 -1 18372 0.0125997
Chain
	Aln	348	-5e6145ed-4f08-413d-ad48-5fb0c92b98cb 1 20720 20724 +edge_175_1_+disjointig_49_70378_113247 20245 40971 42869 -1 -1 18372 0.0125997
Chain
	Aln	313	+9c22f8ab-8a57-437f-a066-8891785aa441 40 2676 2683 -edge_157_0_+disjointig_26_0_75776 17829 20470 75776 -1 -1 2617 0.00192382
Chain
	Aln	312	-9c22f8ab-8a57-437f-a066-8891785aa441 6 2642 2683 +edge_157_0_+disjointig_26_0_75776 55305 57946 75776 -1 -1 2617 0.00192382
Chain
	Aln	101	+0d519a8f-1d4b-414d-b78f-c536c665c403 30 10067 10080 -edge_51_0_+disjointig_34_0_132203 17192 27231 132203 -1 -1 9971 0.00131868
Chain
	Aln	100	-0d519a8f-1d4b-414d-b78f-c536c665c403 12 10049 10080 +edge_51_0_+disjointig_34_0_132203 104971 115010 132203 -1 -1 9971 0.00131868
Chain
	Aln	156	+27078596-54d3-4a82-9aa7-f7588b57dd2e 8 6073 6079 +edge_79_0_+disjointig_44_99890_232551 120323 126386 132661 -1 -1 6053 0.000752316
Chain
	Aln	157	-27078596-54d3-4a82-9aa7-f7588b57dd2e 5 6070 6079 -edge_79_0_+disjointig_44_99890_232551 6274 12337 132661 -1 -1 6053 0.000752316
Chain
	Aln	211	+0faaff27-e5ae-44c0-b89c-3433f9386090 24 5165 5169 -edge_106_0_+disjointig_77_4957_29687 12662 17808 24730 -1 -1 5101 0.00225697
Chain
	Aln	210	-0faaff27-e5ae-44c0-b89c-3433f9386090 3 5144 5169 +edge_106_0_+disjointig_77_4957_29687 6921 12067 24730 -1 -1 5101 0.00225697
Chain
	Aln	157	+4cf1acad-a288-4193-83c2-e8060064919e 12 14197 14205 -edge_79_0_+disjointig_44_99890_232551 53034 67217 132661 -1 -1 14035 0.000459373
Chain
	Aln	156	-4cf1acad-a288-4193-83c2-e8060064919e 7 14192 14205 +edge_79_0_+disjointig_44_99890_232551 65443 79626 132661 -1 -1 14035 0.000459373
Chain
	Aln	101	+13b6f586-665e-4eaa-9f88-76a52b115d54 16 3663 3668 -edge_51_0_+disjointig_34_0_132203 127667 131317 132203 -1 -1 3629 0.000857752
Chain
	Aln	100	-13b6f586-665e-4eaa-9f88-76a52b115d54 4 3651 3668 +edge_51_0_+disjointig_34_0_132203 885 4535 132203 -1 -1 3629 0.000857752
Chain
	Aln	49	+5a149ea4-b768-43a9-ace7-0730b05a97fa 9 3499 3503 -edge_25_0_+disjointig_2_0_55897 45093 48580 55897 -1 -1 3462 0.000610996
Chain
	Aln	48	-5a149ea4-b768-43a9-ace7-0730b05a97fa 3 3493 3503 +edge_25_0_+disjointig_2_0_55897 7316 10803 55897 -1 -1 3462 0.000610996
Chain
	Aln	289	+6e9d4bec-c963-4aba-9874-c9ecfb71ce32 6 3820 3822 -edge_145_0_+disjointig_98_0_3808 5 3806 3808 -1 -1 3704 0.00281591
Chain
	Aln	288	-6e9d4bec-c963-4aba-9874-c9ecfb71ce32 1 3815 3822 +edge_145_0_+disjointig_98_0_3808 1 3802 3808 -1 -1 3704 0.00281591
Chain
	Aln	100	+6859f07f-f6c6-4773-8fc1-548b99d58a8b 9 15185 15187 +edge_51_0_+disjointig_34_0_132203 23631 38809 132203 -1 -1 14903 0.00293927
Chain
	Aln	101	-6859f07f-f6c6-4773-8fc1-548b99d58a8b 1 15177 15187 -edge_51_0_+disjointig_34_0_132203 93393 108571 132203 -1 -1 14903 0.00293927
Chain
	Aln	223	+e5379733-0bba-4e0a-98ef-84715ecce39f 39 2807 2812 -edge_112_0_+disjointig_62_0_57746 559 3335 57746 -1 -1 2647 0.00771369
Chain
	Aln	222	-e5379733-0bba-4e0a-98ef-84715ecce39f 4 2772 2812 +edge_112_0_+disjointig_62_0_57746 54410 57186 57746 -1 -1 2647 0.00771369
Chain
	Aln	193	+83c155a2-7dc5-47af-8b1b-18e9e0a70bff 17 5024 5032 -edge_97_0_+disjointig_5_0_31051 13264 18267 31051 -1 -1 4723 0.00548562
Chain
	Aln	192	-83c155a2-7dc5-47af-8b1b-18e9e0a70bff 7 5014 5032 +edge_97_0_+disjointig_5_0_31051 12783 17786 31051 -1 -1 4723 0.00548562
Chain
	Aln	220	+12bd4143-2cc0-4c13-8d66-998f78b3fc42 4 7512 7515 +edge_111_0_+disjointig_6_0_62673 23913 31439 62673 -1 -1 7367 0.0026963
Chain
	Aln	221	-12bd4143-2cc0-4c13-8d66-998f78b3fc42 2 7510 7515 -edge_111_0_+disjointig_6_0_62673 31233 38759 62673 -1 -1 7367 0.0026963
Chain
	Aln	276	+76f398ad-d9be-4678-8328-a1f3302a00cc 16 3642 3645 +edge_139_0_+disjointig_90_0_45227 3635 7262 45227 -1 -1 3625 0
Chain
	Aln	277	-76f398ad-d9be-4678-8328-a1f3302a00cc 2 3628 3645 -edge_139_0_+disjointig_90_0_45227 37964 41591 45227 -1 -1 3625 0
Chain
	Aln	337	+3984ebc2-f21f-480d-b4df-a5c2a8f637d3 9 10590 10593 -edge_169_0_+disjointig_66_0_52611 39682 50268 52611 -1 -1 10324 0.00204619
Chain
	Aln	336	-3984ebc2-f21f-480d-b4df-a5c2a8f637d3 2 10583 10593 +edge_169_0_+disjointig_66_0_52611 2342 12928 52611 -1 -1 10324 0.00204619
Chain
	Aln	55	+56570c07-1dea-4405-9273-a22d8ea3a7e7 9 2414 2417 -edge_28_0_+disjointig_22_0_197748 4229 6638 197748 -1 -1 2393 0
Chain
	Aln	54	-56570c07-1dea-4405-9273-a22d8ea3a7e7 2 2407 2417 +edge_28_0_+disjointig_22_0_197748 191109 193518 197748 -1 -1 2393 0
Chain
	Aln	54	+8008badf-8e11-429c-9ba7-5a33899dc2f6 28 10860 10863 +edge_28_0_+disjointig_22_0_197748 90684 101657 197748 -1 -1 9996 0.00776058
Chain
	Aln	55	-8008badf-8e11-429c-9ba7-5a33899dc2f6 2 10834 10863 -edge_28_0_+disjointig_22_0_197748 96090 107063 197748 -1 -1 9996 0.00776058
Chain
	Aln	206	+5245db70-fb90-449d-bfef-6df1e815ee3d 9 15340 15344 +edge_104_0_+disjointig_56_0_67458 27677 43015 67458 -1 -1 15106 0.00163527
Chain
	Aln	207	-5245db70-fb90-449d-bfef-6df1e815ee3d 3 15334 15344 -edge_104_0_+disjointig_56_0_67458 24442 39780 67458 -1 -1 15106 0.00163527
Chain
	Aln	327	+ba93005c-a76e-4a7a-a1f0-ba93088621a9 18 5606 5614 -edge_164_0_+disjointig_39_11307_40702 12762 18355 29395 -1 -1 5536 0.00172302
Chain
	Aln	326	-ba93005c-a76e-4a7a-a1f0-ba93088621a9 7 5595 5614 +edge_164_0_+disjointig_39_11307_40702 11039 16632 29395 -1 -1 5536 0.00172302
Chain
	Aln	36	+8f638bdc-959d-4cf7-99e9-fd1ded8517a6 12 5064 5070 +edge_19_0_+disjointig_14_0_104795 73266 78316 104795 -1 -1 5008 0.000521814
Chain
	Aln	37	-8f638bdc-959d-4cf7-99e9-fd1ded8517a6 5 5057 5070 -edge_19_0_+disjointig_14_0_104795 26478 31528 104795 -1 -1 5008 0.000521814
Chain
	Aln	55	+a522ff7a-a927-4b8d-963a-4fb0988dac81 5 2489 2495 -edge_28_0_+disjointig_22_0_197748 44958 47443 197748 -1 -1 2419 0.00476583
Chain
	Aln	54	-a522ff7a-a927-4b8d-963a-4fb0988dac81 5 2489 2495 +edge_28_0_+disjointig_22_0_197748 150304 152789 197748 -1 -1 2419 0.00476583
Chain
	Aln	157	+6884ea60-8170-4d75-8026-26d8f630255e 5 7307 7314 -edge_79_0_+disjointig_44_99890_232551 119566 126874 132661 -1 -1 7243 0.000294961
Chain
	Aln	156	-6884ea60-8170-4d75-8026-26d8f630255e 6 7308 7314 +edge_79_0_+disjointig_44_99890_232551 5786 13094 132661 -1 -1 7243 0.000294961
Chain
	Aln	103	+48909017-daa9-4351-a594-af28249650ff 18 10393 10400 -edge_52_0_+disjointig_35_0_49615 7 10382 49615 -1 -1 9803 0.00533831
Chain
	Aln	102	-48909017-daa9-4351-a594-af28249650ff 6 10381 10400 +edge_52_0_+disjointig_35_0_49615 39232 49607 49615 -1 -1 9803 0.00533831
Chain
	Aln	156	+5dffb96a-c780-4e93-aee8-b499c6462491 11 7311 7313 +edge_79_0_+disjointig_44_99890_232551 5770 13077 132661 -1 -1 7221 0.000824121
Chain
	Aln	157	-5dffb96a-c780-4e93-aee8-b499c6462491 1 7301 7313 -edge_79_0_+disjointig_44_99890_232551 119583 126890 132661 -1 -1 7221 0.000824121
Chain
	Aln	99	+45eb3a48-5ae4-4584-bc05-6502fde5c532 15 9168 9171 -edge_50_0_+disjointig_33_0_54467 14 9169 54467 -1 -1 8889 0.00372299
Chain
	Aln	98	-45eb3a48-5ae4-4584-bc05-6502fde5c532 2 9155 9171 +edge_50_0_+disjointig_33_0_54467 45297 54452 54467 -1 -1 8889 0.00372299
Chain
	Aln	345	+655631dd-3dd6-4d70-ba7c-6f4751b1b2cd 6 5245 5269 -edge_173_0_-disjointig_53_5113_59202 15431 20770 54089 -1 -1 3950 0.0193932
Chain
	Aln	344	-655631dd-3dd6-4d70-ba7c-6f4751b1b2cd 23 5262 5269 +edge_173_0_-disjointig_53_5113_59202 33318 38657 54089 -1 -1 3950 0.0193932
Chain
	Aln	341	+f5780f77-1792-4de7-8ac2-837b7bc3e09b 10 4916 4921 -edge_171_0_+disjointig_44_0_83253 61971 66877 83253 -1 -1 4906 0
Chain
	Aln	340	-f5780f77-1792-4de7-8ac2-837b7bc3e09b 4 4910 4921 +edge_171_0_+disjointig_44_0_83253 16375 21281 83253 -1 -1 4906 0
Chain
	Aln	55	+6e19042f-9af5-4c82-aef4-dbdcf5afc8c6 2 5892 5894 -edge_28_0_+disjointig_22_0_197748 47465 53355 197748 -1 -1 5881 0
Chain
	Aln	54	-6e19042f-9af5-4c82-aef4-dbdcf5afc8c6 1 5891 5894 +edge_28_0_+disjointig_22_0_197748 144392 150282 197748 -1 -1 5881 0
Chain
	Aln	157	+6b6d0724-2bbd-431b-af88-6a55e56832ee 24 17754 17763 -edge_79_0_+disjointig_44_99890_232551 50766 68508 132661 -1 -1 17371 0.00238057
Chain
	Aln	156	-6b6d0724-2bbd-431b-af88-6a55e56832ee 8 17738 17763 +edge_79_0_+disjointig_44_99890_232551 64152 81894 132661 -1 -1 17371 0.00238057
Chain
	Aln	340	+4af1557a-ee66-4430-9f84-1d422c1d5bff 8 4910 4912 +edge_171_0_+disjointig_44_0_83253 16358 21273 83253 -1 -1 4796 0.00161952
Chain
	Aln	341	-4af1557a-ee66-4430-9f84-1d422c1d5bff 1 4903 4912 -edge_171_0_+disjointig_44_0_83253 61979 66894 83253 -1 -1 4796 0.00161952
Chain
	Aln	332	+45628434-e1be-4d9e-9f0e-34d62c523625 13 2685 2687 +edge_167_0_-disjointig_64_0_49685 10274 12954 49685 -1 -1 2608 0.00485031
Chain
	Aln	333	-45628434-e1be-4d9e-9f0e-34d62c523625 1 2673 2687 -edge_167_0_-disjointig_64_0_49685 36730 39410 49685 -1 -1 2608 0.00485031
Chain
	Aln	55	+25e86bcf-2213-4d11-9db5-60a7798313e4 8 23056 23062 -edge_28_0_+disjointig_22_0_197748 171159 194212 197748 -1 -1 22774 0.00159368
Chain
	Aln	54	-25e86bcf-2213-4d11-9db5-60a7798313e4 5 23053 23062 +edge_28_0_+disjointig_22_0_197748 3535 26588 197748 -1 -1 22774 0.00159368
Chain
	Aln	97	+0aaf6f22-5036-4598-8013-fac45ae8edc2 5 7054 7067 -edge_49_0_+disjointig_32_0_79547 56656 63710 79547 -1 -1 6958 0.00165505
Chain
	Aln	96	-0aaf6f22-5036-4598-8013-fac45ae8edc2 12 7061 7067 +edge_49_0_+disjointig_32_0_79547 15836 22890 79547 -1 -1 6958 0.00165505
Chain
	Aln	326	+4f45cbc5-5f4a-4e45-af65-268885f1963e 102 3867 3874 +edge_164_0_+disjointig_39_11307_40702 18616 22381 29395 -1 -1 1778 0.0725809
Chain
	Aln	327	-4f45cbc5-5f4a-4e45-af65-268885f1963e 6 3771 3874 -edge_164_0_+disjointig_39_11307_40702 7013 10778 29395 -1 -1 1778 0.0725809
Chain
	Aln	77	+47f75cd0-08be-43b7-a6fd-77879d2b5f49 7 4178 4184 -edge_39_0_+disjointig_27_0_18658 13794 17966 18658 -1 -1 4147 0.00232507
Chain
	Aln	76	-47f75cd0-08be-43b7-a6fd-77879d2b5f49 5 4176 4184 +edge_39_0_+disjointig_27_0_18658 691 4863 18658 -1 -1 4147 0.00232507
Chain
	Aln	300	+0ae68c00-c449-43a7-92fb-c764aba2a8a3 8 593 16120 +edge_151_0_+disjointig_19_0_25278 24684 25270 25278 -1 -1 583 0.00727656
	Aln	302	+0ae68c00-c449-43a7-92fb-c764aba2a8a3 602 16117 16120 +edge_152_0_-disjointig_60_6186_67457 1 15515 61271 -1 -1 15406 0.000386996
Chain
	Aln	303	-0ae68c00-c449-43a7-92fb-c764aba2a8a3 2 15517 16120 -edge_152_0_-disjointig_60_6186_67457 45755 61269 61271 -1 -1 15406 0.000386996
	Aln	301	-0ae68c00-c449-43a7-92fb-c764aba2a8a3 15526 16111 16120 -edge_151_0_+disjointig_19_0_25278 7 593 25278 -1 -1 583 0.00727656
Chain
	Aln	221	+c7895160-077c-43e5-b258-d94d36bfebda 9 6169 6171 -edge_111_0_+disjointig_6_0_62673 36106 42264 62673 -1 -1 6110 0.00150444
Chain
	Aln	220	-c7895160-077c-43e5-b258-d94d36bfebda 1 6161 6171 +edge_111_0_+disjointig_6_0_62673 20408 26566 62673 -1 -1 6110 0.00150444
Chain
	Aln	157	+0c3aa7ad-dda3-4be6-8494-88299364239c 10 7431 7433 -edge_79_0_+disjointig_44_99890_232551 77823 85268 132661 -1 -1 7334 0.00120951
Chain
	Aln	156	-0c3aa7ad-dda3-4be6-8494-88299364239c 1 7422 7433 +edge_79_0_+disjointig_44_99890_232551 47392 54837 132661 -1 -1 7334 0.00120951
Chain
	Aln	344	+eb5568e4-6aea-41d5-a233-acda9e46ec9d 14 4023 4028 +edge_173_0_-disjointig_53_5113_59202 23147 27159 54089 -1 -1 3955 0.000674732
Chain
	Aln	345	-eb5568e4-6aea-41d5-a233-acda9e46ec9d 4 4013 4028 -edge_173_0_-disjointig_53_5113_59202 26929 30941 54089 -1 -1 3955 0.000674732
Chain
	Aln	303	+3b7d793d-0511-4b53-83eb-a239ebf382bf 10 4066 4071 -edge_152_0_-disjointig_60_6186_67457 10514 14601 61271 -1 -1 3812 0.00961901
Chain
	Aln	302	-3b7d793d-0511-4b53-83eb-a239ebf382bf 4 4060 4071 +edge_152_0_-disjointig_60_6186_67457 46669 50756 61271 -1 -1 3812 0.00961901
Chain
	Aln	225	+e85a4dde-797e-4e8c-8fd4-2f1154c653b5 8 4051 4054 -edge_113_0_+disjointig_63_0_39436 12875 16917 39436 -1 -1 4037 0.000477509
Chain
	Aln	224	-e85a4dde-797e-4e8c-8fd4-2f1154c653b5 2 4045 4054 +edge_113_0_+disjointig_63_0_39436 22518 26560 39436 -1 -1 4037 0.000477509
Chain
	Aln	349	+001db46f-e514-43da-8c6c-e394bbe78807 0 3929 6314 -edge_175_0_+disjointig_49_27612_70378 38836 42765 42766 -1 -1 3876 0.00263453
	Aln	349	+001db46f-e514-43da-8c6c-e394bbe78807 3942 6310 6314 -edge_175_0_+disjointig_49_27612_70378 12 2380 42766 -1 -1 2358 0.00178772
Chain
	Aln	348	-001db46f-e514-43da-8c6c-e394bbe78807 3 2371 6314 +edge_175_0_+disjointig_49_27612_70378 40385 42753 42766 -1 -1 2358 0.00178772
	Aln	348	-001db46f-e514-43da-8c6c-e394bbe78807 2384 6313 6314 +edge_175_0_+disjointig_49_27612_70378 0 3929 42766 -1 -1 3876 0.00263453
Chain
	Aln	186	+93a051b6-74c7-4911-9f3e-17f5d2c0d037 13 5929 6166 +edge_94_0_+disjointig_47_0_105696 51737 57658 105696 -1 -1 5836 0.000707527
Chain
	Aln	187	-93a051b6-74c7-4911-9f3e-17f5d2c0d037 236 6152 6166 -edge_94_0_+disjointig_47_0_105696 48037 53958 105696 -1 -1 5836 0.000707527
Chain
	Aln	306	+bfd856a5-1812-4a54-9472-0b6aefb0426b 13 9183 9185 +edge_154_0_+disjointig_18_11964_26268 1613 10780 14304 -1 -1 9088 0.00174469
Chain
	Aln	307	-bfd856a5-1812-4a54-9472-0b6aefb0426b 1 9171 9185 -edge_154_0_+disjointig_18_11964_26268 3523 12690 14304 -1 -1 9088 0.00174469
Chain
	Aln	93	+5a936edb-ff48-41ff-aa51-9a13362ae183 9 6975 6977 -edge_47_0_+disjointig_30_0_164630 28413 35388 164630 -1 -1 6813 0.00281593
Chain
	Aln	92	-5a936edb-ff48-41ff-aa51-9a13362ae183 1 6967 6977 +edge_47_0_+disjointig_30_0_164630 129241 136216 164630 -1 -1 6813 0.00281593
Chain
	Aln	35	+cbaebbf8-9e67-4e83-b1b4-166996e43de5 12 21909 21911 -edge_18_0_+disjointig_13_0_57208 11 21914 57208 -1 -1 21644 0.00149979
Chain
	Aln	34	-cbaebbf8-9e67-4e83-b1b4-166996e43de5 1 21898 21911 +edge_18_0_+disjointig_13_0_57208 35293 57196 57208 -1 -1 21644 0.00149979
Chain
	Aln	349	+bcf68485-3998-4072-ae39-e404adc227ad 18 10068 10075 -edge_175_1_+disjointig_49_70378_113247 25105 35153 42869 -1 -1 9969 1.2775e-05
Chain
	Aln	348	-bcf68485-3998-4072-ae39-e404adc227ad 6 10056 10075 +edge_175_1_+disjointig_49_70378_113247 7715 17763 42869 -1 -1 9969 1.2775e-05
Chain
	Aln	91	+81aad221-11b7-44b4-8987-02a16201c4cb 7 2268 2275 -edge_46_0_+disjointig_29_0_13427 9908 12168 13427 -1 -1 2247 0.00107662
Chain
	Aln	90	-81aad221-11b7-44b4-8987-02a16201c4cb 6 2267 2275 +edge_46_0_+disjointig_29_0_13427 1258 3518 13427 -1 -1 2247 0.00107662
Chain
	Aln	36	+e6da0fa8-6309-4bc4-89fc-dbbef2c67222 21 3852 3858 +edge_19_0_+disjointig_14_0_104795 44985 48814 104795 -1 -1 3485 0.00839061
Chain
	Aln	37	-e6da0fa8-6309-4bc4-89fc-dbbef2c67222 5 3836 3858 -edge_19_0_+disjointig_14_0_104795 55980 59809 104795 -1 -1 3485 0.00839061
Chain
	Aln	360	+5bedebe0-ade4-4fc0-97b8-20c235d70ab2 9 12815 12818 +edge_181_0_+disjointig_74_2530_48718 22930 35755 46188 -1 -1 11867 0.00902511
Chain
	Aln	361	-5bedebe0-ade4-4fc0-97b8-20c235d70ab2 2 12808 12818 -edge_181_0_+disjointig_74_2530_48718 10432 23257 46188 -1 -1 11867 0.00902511
Chain
	Aln	341	+caabbf5c-aeab-493c-a0eb-9932434a86e6 1 18931 18949 -edge_171_0_+disjointig_44_0_83253 15921 34824 83253 -1 -1 17008 0.00798895
Chain
	Aln	340	-caabbf5c-aeab-493c-a0eb-9932434a86e6 17 18947 18949 +edge_171_0_+disjointig_44_0_83253 48428 67331 83253 -1 -1 17008 0.00798895
Chain
	Aln	178	+dfaff403-aa1a-4064-bb5c-42de6c2f53b5 6 12738 12746 +edge_90_0_-disjointig_61_33235_113950 44931 57659 80715 -1 -1 11825 0.00766188
Chain
	Aln	179	-dfaff403-aa1a-4064-bb5c-42de6c2f53b5 7 12739 12746 -edge_90_0_-disjointig_61_33235_113950 23055 35783 80715 -1 -1 11825 0.00766188
Chain
	Aln	311	+5da0880d-d47d-44d4-8b43-2232440c01d3 11 2665 2668 -edge_156_0_+disjointig_23_18615_58974 31177 33830 40359 -1 -1 2648 0.00058725
Chain
	Aln	310	-5da0880d-d47d-44d4-8b43-2232440c01d3 2 2656 2668 +edge_156_0_+disjointig_23_18615_58974 6528 9181 40359 -1 -1 2648 0.00058725
Chain
	Aln	36	+064a931d-dfe8-4e0e-88a4-3ae11680fe34 12 4968 4974 +edge_19_0_+disjointig_14_0_104795 57148 62100 104795 -1 -1 4914 0.000109451
Chain
	Aln	37	-064a931d-dfe8-4e0e-88a4-3ae11680fe34 5 4961 4974 -edge_19_0_+disjointig_14_0_104795 42694 47646 104795 -1 -1 4914 0.000109451
Chain
	Aln	323	+60d39c3c-cd3d-4278-b16d-74c58d07f923 7 2084 4820 -edge_162_1_+disjointig_38_14800_26877 9995 12076 12077 -1 -1 2045 0.00122219
	Aln	323	+60d39c3c-cd3d-4278-b16d-74c58d07f923 2096 3434 4820 -edge_162_0_+disjointig_38_2796_14800 11 1348 12004 -1 -1 1319 0.00582236
Chain
	Aln	322	-60d39c3c-cd3d-4278-b16d-74c58d07f923 1385 2723 4820 +edge_162_0_+disjointig_38_2796_14800 10655 11992 12004 -1 -1 1319 0.00582236
	Aln	322	-60d39c3c-cd3d-4278-b16d-74c58d07f923 2735 4812 4820 +edge_162_1_+disjointig_38_14800_26877 0 2081 12077 -1 -1 2045 0.00122219
Chain
	Aln	276	+36d0a867-abbf-4456-98f3-4b9ec6b2c722 4 6453 6461 +edge_139_0_+disjointig_90_0_45227 10853 17306 45227 -1 -1 6375 0.00201386
Chain
	Aln	277	-36d0a867-abbf-4456-98f3-4b9ec6b2c722 7 6456 6461 -edge_139_0_+disjointig_90_0_45227 27920 34373 45227 -1 -1 6375 0.00201386
Chain
	Aln	275	+cd00c3bc-cb3e-470c-881f-d920ea22c386 8 3491 3493 -edge_138_0_+disjointig_9_0_4134 669 4132 4134 -1 -1 3372 0.00259396
Chain
	Aln	274	-cd00c3bc-cb3e-470c-881f-d920ea22c386 1 3484 3493 +edge_138_0_+disjointig_9_0_4134 1 3464 4134 -1 -1 3372 0.00259396
Chain
	Aln	348	+cf595ce3-5810-4af3-9388-0a56af4972fa 7 12749 12755 +edge_175_0_+disjointig_49_27612_70378 773 13513 42766 -1 -1 12577 0.00128757
Chain
	Aln	349	-cf595ce3-5810-4af3-9388-0a56af4972fa 5 12747 12755 -edge_175_0_+disjointig_49_27612_70378 29252 41992 42766 -1 -1 12577 0.00128757
Chain
	Aln	296	+01eadfbf-056f-4e38-820c-1b1a87a30751 5 2365 2394 +edge_149_0_-disjointig_16_0_79715 15086 17449 79715 -1 -1 2300 0.0020881
Chain
	Aln	297	-01eadfbf-056f-4e38-820c-1b1a87a30751 28 2388 2394 -edge_149_0_-disjointig_16_0_79715 62265 64628 79715 -1 -1 2300 0.0020881
Chain
	Aln	347	+a4a9f5b8-b965-4a00-9b5a-46eb864b3bc5 5 3945 3950 -edge_174_0_-disjointig_82_8444_31160 17279 21223 22716 -1 -1 3889 0
Chain
	Aln	346	-a4a9f5b8-b965-4a00-9b5a-46eb864b3bc5 4 3944 3950 +edge_174_0_-disjointig_82_8444_31160 1492 5436 22716 -1 -1 3889 0
Chain
	Aln	187	+c00f85e6-dc02-4b37-85db-ea2fb4447437 7 5946 5954 -edge_94_0_+disjointig_47_0_105696 61472 67420 105696 -1 -1 5912 0.00064375
Chain
	Aln	186	-c00f85e6-dc02-4b37-85db-ea2fb4447437 7 5946 5954 +edge_94_0_+disjointig_47_0_105696 38275 44223 105696 -1 -1 5912 0.00064375
Chain
	Aln	187	+63c3a4c6-3c16-409f-a9ec-7ff40e316ad5 11 6664 6673 -edge_94_0_+disjointig_47_0_105696 73558 80206 105696 -1 -1 6570 0.00206854
Chain
	Aln	186	-63c3a4c6-3c16-409f-a9ec-7ff40e316ad5 8 6661 6673 +edge_94_0_+disjointig_47_0_105696 25489 32137 105696 -1 -1 6570 0.00206854
Chain
	Aln	211	+051b3bdb-c6a1-47f9-a20e-883cca9c3ea9 10 2364 2366 -edge_106_0_+disjointig_77_4957_29687 7558 9916 24730 -1 -1 2335 0
Chain
	Aln	210	-051b3bdb-c6a1-47f9-a20e-883cca9c3ea9 1 2355 2366 +edge_106_0_+disjointig_77_4957_29687 14813 17171 24730 -1 -1 2335 0
Chain
	Aln	39	+a5dc61aa-e756-4581-8c1e-344ef59cfb02 8 3893 3898 -edge_20_0_+disjointig_15_0_99894 71929 75809 99894 -1 -1 3791 0.00179982
Chain
	Aln	38	-a5dc61aa-e756-4581-8c1e-344ef59cfb02 4 3889 3898 +edge_20_0_+disjointig_15_0_99894 24084 27964 99894 -1 -1 3791 0.00179982
Chain
	Aln	322	+093c6442-156d-4ac3-a742-9fe121d1903c 6 800 3416 +edge_162_0_+disjointig_38_2796_14800 11200 11993 12004 -1 -1 786 0.005174
	Aln	322	+093c6442-156d-4ac3-a742-9fe121d1903c 814 3386 3416 +edge_162_1_+disjointig_38_14800_26877 3 2578 12077 -1 -1 2523 0.00158729
Chain
	Aln	323	-093c6442-156d-4ac3-a742-9fe121d1903c 29 2601 3416 -edge_162_1_+disjointig_38_14800_26877 9498 12073 12077 -1 -1 2523 0.00158729
	Aln	323	-093c6442-156d-4ac3-a742-9fe121d1903c 2615 3409 3416 -edge_162_0_+disjointig_38_2796_14800 10 803 12004 -1 -1 786 0.005174
Chain
	Aln	336	+b1e7fac9-73de-4902-aa18-d7c552f58ee9 13 47939 47952 +edge_169_0_+disjointig_66_0_52611 4724 52605 52611 -1 -1 46511 0.00303929
Chain
	Aln	337	-b1e7fac9-73de-4902-aa18-d7c552f58ee9 12 47938 47952 -edge_169_0_+disjointig_66_0_52611 5 47886 52611 -1 -1 46511 0.00303929
Chain
	Aln	159	+cf91cfe1-52d6-4e2f-9fac-ddefa1f27ec1 1 13411 13414 -edge_80_0_-disjointig_50_37077_62704 3219 16846 25627 -1 -1 12781 0.00479731
Chain
	Aln	158	-cf91cfe1-52d6-4e2f-9fac-ddefa1f27ec1 2 13412 13414 +edge_80_0_-disjointig_50_37077_62704 8780 22407 25627 -1 -1 12781 0.00479731
Chain
	Aln	297	+0c5394fa-f4c3-4abd-907e-55352a2e1d48 31 3523 3536 -edge_149_0_-disjointig_16_0_79715 52002 55494 79715 -1 -1 3478 0.00149517
Chain
	Aln	296	-0c5394fa-f4c3-4abd-907e-55352a2e1d48 12 3504 3536 +edge_149_0_-disjointig_16_0_79715 24220 27712 79715 -1 -1 3478 0.00149517
Chain
	Aln	92	+9ab0d25f-a5e1-4a87-a331-ad1c91d7b7fc 12 7755 7757 +edge_47_0_+disjointig_30_0_164630 13773 21520 164630 -1 -1 7650 0.00236101
Chain
	Aln	93	-9ab0d25f-a5e1-4a87-a331-ad1c91d7b7fc 1 7744 7757 -edge_47_0_+disjointig_30_0_164630 143109 150856 164630 -1 -1 7650 0.00236101
Chain
	Aln	195	+2c75614c-c5fa-4412-b27c-78a7001e3401 8 9638 9646 -edge_98_0_+disjointig_51_0_39741 12485 22120 39741 -1 -1 9531 0.0011568
Chain
	Aln	194	-2c75614c-c5fa-4412-b27c-78a7001e3401 7 9637 9646 +edge_98_0_+disjointig_51_0_39741 17620 27255 39741 -1 -1 9531 0.0011568
Chain
	Aln	265	+64e05419-e918-4473-a3be-f86038bac054 9 7409 7411 -edge_133_0_+disjointig_8_0_56180 37440 44836 56180 -1 -1 7383 0.00174823
Chain
	Aln	264	-64e05419-e918-4473-a3be-f86038bac054 1 7401 7411 +edge_133_0_+disjointig_8_0_56180 11343 18739 56180 -1 -1 7383 0.00174823
Chain
	Aln	162	+20e18ebb-48f1-4d7c-8089-5b626da2812f 28 2463 2465 +edge_82_0_+disjointig_61_85560_113950 2807 5243 28390 -1 -1 2391 0.00219705
Chain
	Aln	163	-20e18ebb-48f1-4d7c-8089-5b626da2812f 1 2436 2465 -edge_82_0_+disjointig_61_85560_113950 23146 25582 28390 -1 -1 2391 0.00219705
Chain
	Aln	186	+f3981e73-868e-44da-9fa0-eec3b8e8a4b2 12 8594 8600 +edge_94_0_+disjointig_47_0_105696 44227 52818 105696 -1 -1 8543 0
Chain
	Aln	187	-f3981e73-868e-44da-9fa0-eec3b8e8a4b2 5 8587 8600 -edge_94_0_+disjointig_47_0_105696 52877 61468 105696 -1 -1 8543 0
Chain
	Aln	322	+6bdaac00-5e10-45ff-ace2-cf78004d3edd 6 2129 3582 +edge_162_0_+disjointig_38_2796_14800 9871 11993 12004 -1 -1 2114 0.00208048
	Aln	322	+6bdaac00-5e10-45ff-ace2-cf78004d3edd 2143 3579 3582 +edge_162_0_+disjointig_38_2796_14800 3 1438 12004 -1 -1 1423 0.00129586
Chain
	Aln	323	-6bdaac00-5e10-45ff-ace2-cf78004d3edd 2 1438 3582 -edge_162_0_+disjointig_38_2796_14800 10565 12000 12004 -1 -1 1423 0.00129586
	Aln	323	-6bdaac00-5e10-45ff-ace2-cf78004d3edd 1452 3575 3582 -edge_162_0_+disjointig_38_2796_14800 10 2132 12004 -1 -1 2114 0.00208048
Chain
	Aln	187	+a287c185-63f7-4793-bf45-735769b963d1 13 8590 8596 -edge_94_0_+disjointig_47_0_105696 52865 61455 105696 -1 -1 8449 0.00111809
Chain
	Aln	186	-a287c185-63f7-4793-bf45-735769b963d1 5 8582 8596 +edge_94_0_+disjointig_47_0_105696 44240 52830 105696 -1 -1 8449 0.00111809
Chain
	Aln	349	+159777ee-daf4-4721-877b-b8a7d77fc45c 7 15030 15043 -edge_175_1_+disjointig_49_70378_113247 8678 23966 42869 -1 -1 13329 0.00706923
Chain
	Aln	348	-159777ee-daf4-4721-877b-b8a7d77fc45c 12 15035 15043 +edge_175_1_+disjointig_49_70378_113247 18902 34190 42869 -1 -1 13329 0.00706923
Chain
	Aln	259	+92baef00-fbff-409b-afa7-ff351796cf62 10 5292 5294 -edge_130_0_+disjointig_76_0_18842 13311 18596 18842 -1 -1 5243 0.000827163
Chain
	Aln	258	-92baef00-fbff-409b-afa7-ff351796cf62 1 5283 5294 +edge_130_0_+disjointig_76_0_18842 245 5530 18842 -1 -1 5243 0.000827163
Chain
	Aln	195	+c944cb4e-16ae-4250-a630-15960734996f 21 11139 13150 -edge_98_0_+disjointig_51_0_39741 22164 33288 39741 -1 -1 11081 0.000156391
Chain
	Aln	194	-c944cb4e-16ae-4250-a630-15960734996f 2010 13128 13150 +edge_98_0_+disjointig_51_0_39741 6452 17576 39741 -1 -1 11081 0.000156391
Chain
	Aln	336	+34bcc0c9-20d5-4a20-ae19-9f2c4fd18f53 13 8292 8299 +edge_169_0_+disjointig_66_0_52611 14792 23137 52611 -1 -1 7757 0.00368069
Chain
	Aln	337	-34bcc0c9-20d5-4a20-ae19-9f2c4fd18f53 6 8285 8299 -edge_169_0_+disjointig_66_0_52611 29473 37818 52611 -1 -1 7757 0.00368069
Chain
	Aln	39	+3319a7c3-c99e-4de1-9348-123b26ca5deb 16 6546 6548 -edge_20_0_+disjointig_15_0_99894 21774 28304 99894 -1 -1 6281 0.00413165
Chain
	Aln	38	-3319a7c3-c99e-4de1-9348-123b26ca5deb 1 6531 6548 +edge_20_0_+disjointig_15_0_99894 71589 78119 99894 -1 -1 6281 0.00413165
Chain
	Aln	50	+56df740f-fbdb-41d4-89dc-345c51821b86 4 5650 5657 +edge_26_0_+disjointig_20_0_104137 78620 84272 104137 -1 -1 5608 0.000519339
Chain
	Aln	51	-56df740f-fbdb-41d4-89dc-345c51821b86 6 5652 5657 -edge_26_0_+disjointig_20_0_104137 19864 25516 104137 -1 -1 5608 0.000519339
Chain
	Aln	260	+81112375-4da3-4da6-b76a-ed88d739807c 54 2800 2802 +edge_131_0_+disjointig_78_0_34465 24316 27064 34465 -1 -1 2672 0.00177766
Chain
	Aln	261	-81112375-4da3-4da6-b76a-ed88d739807c 1 2747 2802 -edge_131_0_+disjointig_78_0_34465 7400 10148 34465 -1 -1 2672 0.00177766
Chain
	Aln	308	+1714398b-93a7-45e3-a102-96fb06cfb62f 9 4988 4990 +edge_155_0_+disjointig_92_0_28863 16696 21674 28863 -1 -1 4831 0.00258419
Chain
	Aln	309	-1714398b-93a7-45e3-a102-96fb06cfb62f 1 4980 4990 -edge_155_0_+disjointig_92_0_28863 7188 12166 28863 -1 -1 4831 0.00258419
Chain
	Aln	349	+f8f8deb3-df4a-47a5-b5db-9b96fef5c493 4 3491 3496 -edge_175_1_+disjointig_49_70378_113247 20680 24168 42869 -1 -1 3475 0.000110053
Chain
	Aln	348	-f8f8deb3-df4a-47a5-b5db-9b96fef5c493 4 3491 3496 +edge_175_1_+disjointig_49_70378_113247 18700 22188 42869 -1 -1 3475 0.000110053
Chain
	Aln	261	+c29241cb-ea72-400c-a99b-c458f52ab75e 6 2776 2785 -edge_131_0_+disjointig_78_0_34465 7385 10180 34465 -1 -1 2529 0.010422
Chain
	Aln	260	-c29241cb-ea72-400c-a99b-c458f52ab75e 8 2778 2785 +edge_131_0_+disjointig_78_0_34465 24284 27079 34465 -1 -1 2529 0.010422
Chain
	Aln	262	+4ac3a8e6-d5fd-4a90-872c-b28fdd88e3f8 13 14649 15258 +edge_132_0_+disjointig_79_0_16383 1695 16377 16383 -1 -1 13589 0.00683198
Chain
	Aln	263	-4ac3a8e6-d5fd-4a90-872c-b28fdd88e3f8 608 15244 15258 -edge_132_0_+disjointig_79_0_16383 5 14687 16383 -1 -1 13589 0.00683198
Chain
	Aln	149	+9e75723a-296e-49e0-bfe6-07484f17ed88 24 1298 2731 -edge_75_8_+disjointig_71_75040_78213 1889 3161 3173 -1 -1 1253 0.00267239
	Aln	144	+9e75723a-296e-49e0-bfe6-07484f17ed88 1320 2296 2731 +edge_73_10_-disjointig_80_3_998 10 984 995 -1 -1 967 0.000391475
Chain
	Aln	145	-9e75723a-296e-49e0-bfe6-07484f17ed88 434 1410 2731 -edge_73_10_-disjointig_80_3_998 10 984 995 -1 -1 967 0.000391475
	Aln	148	-9e75723a-296e-49e0-bfe6-07484f17ed88 1432 2706 2731 +edge_75_8_+disjointig_71_75040_78213 11 1283 3173 -1 -1 1253 0.00267239
Chain
	Aln	37	+6c8349f9-fdc3-4f4e-91ee-0720439e0885 11 3337 3339 -edge_19_0_+disjointig_14_0_104795 16976 20303 104795 -1 -1 3324 0
Chain
	Aln	36	-6c8349f9-fdc3-4f4e-91ee-0720439e0885 1 3327 3339 +edge_19_0_+disjointig_14_0_104795 84491 87818 104795 -1 -1 3324 0
Chain
	Aln	306	+f7e3316e-bc68-44bc-9701-6119cb212560 7 3492 3590 +edge_154_0_+disjointig_18_11964_26268 4265 7752 14304 -1 -1 3421 0.00208098
Chain
	Aln	307	-f7e3316e-bc68-44bc-9701-6119cb212560 97 3582 3590 -edge_154_0_+disjointig_18_11964_26268 6551 10038 14304 -1 -1 3421 0.00208098
Chain
	Aln	1	+98cee6d8-7911-4931-b4cf-09908736eb72 12 11274 11277 -edge_1_0_+disjointig_1_0_20132 6033 17292 20132 -1 -1 11129 0.00123318
Chain
	Aln	0	-98cee6d8-7911-4931-b4cf-09908736eb72 2 11264 11277 +edge_1_0_+disjointig_1_0_20132 2839 14098 20132 -1 -1 11129 0.00123318
Chain
	Aln	348	+bf3d5bd3-604a-4a22-ab03-b04810195e1d 8 6418 29708 +edge_175_1_+disjointig_49_70378_113247 36448 42859 42869 -1 -1 6327 0.00315635
	Aln	348	+bf3d5bd3-604a-4a22-ab03-b04810195e1d 6435 16609 29708 +edge_175_0_+disjointig_49_27612_70378 7 10185 42766 -1 -1 9780 0.00380166
Chain
	Aln	348	+bf3d5bd3-604a-4a22-ab03-b04810195e1d 19014 29706 29708 +edge_175_1_+disjointig_49_70378_113247 12981 23675 42869 -1 -1 10457 0.00277018
Chain
	Aln	349	-bf3d5bd3-604a-4a22-ab03-b04810195e1d 13098 23272 29708 -edge_175_0_+disjointig_49_27612_70378 32580 42758 42766 -1 -1 9780 0.00380166
	Aln	349	-bf3d5bd3-604a-4a22-ab03-b04810195e1d 23289 29699 29708 -edge_175_1_+disjointig_49_70378_113247 9 6420 42869 -1 -1 6327 0.00315635
Chain
	Aln	349	-bf3d5bd3-604a-4a22-ab03-b04810195e1d 1 10693 29708 -edge_175_1_+disjointig_49_70378_113247 19193 29887 42869 -1 -1 10457 0.00277018
Chain
	Aln	96	+6848dedb-e89a-4918-bc99-4cd337b5bbe5 1 10203 24628 +edge_49_0_+disjointig_32_0_79547 48970 59185 79547 -1 -1 9955 0.00267205
Chain
	Aln	105	+6848dedb-e89a-4918-bc99-4cd337b5bbe5 19125 24623 24628 -edge_53_0_+disjointig_36_0_22667 14 5798 22667 -1 -1 4559 0.010791
Chain
	Aln	97	-6848dedb-e89a-4918-bc99-4cd337b5bbe5 14424 24626 24628 -edge_49_0_+disjointig_32_0_79547 20361 30576 79547 -1 -1 9955 0.00267205
Chain
	Aln	104	-6848dedb-e89a-4918-bc99-4cd337b5bbe5 4 5502 24628 +edge_53_0_+disjointig_36_0_22667 16868 22652 22667 -1 -1 4559 0.010791
Chain
	Aln	313	+66a28780-c316-40c8-93c1-69f48887d3e6 8 11940 11944 -edge_157_0_+disjointig_26_0_75776 51816 63752 75776 -1 -1 11892 0
Chain
	Aln	312	-66a28780-c316-40c8-93c1-69f48887d3e6 3 11935 11944 +edge_157_0_+disjointig_26_0_75776 12023 23959 75776 -1 -1 11892 0
Chain
	Aln	306	+fa9c5bce-a16f-4ada-880d-c4ae4463853b 4438 6829 12054 +edge_154_0_+disjointig_18_11964_26268 11895 14293 14304 -1 -1 2212 0.00799386
	Aln	306	+fa9c5bce-a16f-4ada-880d-c4ae4463853b 6841 12052 12054 +edge_154_0_+disjointig_18_11964_26268 1 5214 14304 -1 -1 5012 0.00521778
Chain
	Aln	307	-fa9c5bce-a16f-4ada-880d-c4ae4463853b 1 5212 12054 -edge_154_0_+disjointig_18_11964_26268 9089 14302 14304 -1 -1 5012 0.00521778
	Aln	307	-fa9c5bce-a16f-4ada-880d-c4ae4463853b 5224 7615 12054 -edge_154_0_+disjointig_18_11964_26268 10 2408 14304 -1 -1 2212 0.00799386
Chain
	Aln	299	+b9c154d7-e58c-464c-8b1d-7b12a7af48c2 10 20114 20145 -edge_150_0_+disjointig_11_11851_75629 9 20122 63778 -1 -1 19772 0.00235275
Chain
	Aln	298	-b9c154d7-e58c-464c-8b1d-7b12a7af48c2 30 20134 20145 +edge_150_0_+disjointig_11_11851_75629 43655 63768 63778 -1 -1 19772 0.00235275
Chain
	Aln	337	+74926662-9893-4e57-ba7a-767289269458 7 3006 3011 -edge_169_0_+disjointig_66_0_52611 28036 31039 52611 -1 -1 2927 0.00323158
Chain
	Aln	336	-74926662-9893-4e57-ba7a-767289269458 4 3003 3011 +edge_169_0_+disjointig_66_0_52611 21571 24574 52611 -1 -1 2927 0.00323158
Chain
	Aln	37	+8cb9824b-0519-48ba-bb27-2166b05667a7 5 3125 3128 -edge_19_0_+disjointig_14_0_104795 67129 70254 104795 -1 -1 3103 0.00224983
Chain
	Aln	36	-8cb9824b-0519-48ba-bb27-2166b05667a7 2 3122 3128 +edge_19_0_+disjointig_14_0_104795 34540 37665 104795 -1 -1 3103 0.00224983
Chain
	Aln	349	+a8dfdbff-8fda-4bcf-8adc-aec226ef5199 6 2892 2896 -edge_175_1_+disjointig_49_70378_113247 20902 23793 42869 -1 -1 2865 0.000315687
Chain
	Aln	348	-a8dfdbff-8fda-4bcf-8adc-aec226ef5199 3 2889 2896 +edge_175_1_+disjointig_49_70378_113247 19075 21966 42869 -1 -1 2865 0.000315687
Chain
	Aln	94	+ea809f4a-7340-4f33-8132-5c6b1d625944 10 7413 7418 +edge_48_0_+disjointig_31_0_16188 654 8056 16188 -1 -1 7327 0.00150204
Chain
	Aln	95	-ea809f4a-7340-4f33-8132-5c6b1d625944 4 7407 7418 -edge_48_0_+disjointig_31_0_16188 8131 15533 16188 -1 -1 7327 0.00150204
Chain
	Aln	34	+ad0a50f8-f8f8-42c1-9f17-881b8201603e 4 10025 10029 +edge_18_0_+disjointig_13_0_57208 8659 18678 57208 -1 -1 9702 0.00461034
Chain
	Aln	35	-ad0a50f8-f8f8-42c1-9f17-881b8201603e 3 10024 10029 -edge_18_0_+disjointig_13_0_57208 38529 48548 57208 -1 -1 9702 0.00461034
Chain
	Aln	301	+cb8911aa-cf62-4f23-aef3-d56b73c5dd2a 23 3366 3374 -edge_151_0_+disjointig_19_0_25278 15458 18798 25278 -1 -1 3295 0.00358301
Chain
	Aln	300	-cb8911aa-cf62-4f23-aef3-d56b73c5dd2a 7 3350 3374 +edge_151_0_+disjointig_19_0_25278 6479 9819 25278 -1 -1 3295 0.00358301
Chain
	Aln	349	+6fd17d4f-8c79-421a-b790-2e5eac81ecd2 24 2639 9453 -edge_175_0_+disjointig_49_27612_70378 40144 42765 42766 -1 -1 2360 0.0109472
	Aln	349	+6fd17d4f-8c79-421a-b790-2e5eac81ecd2 2674 9433 9453 -edge_175_1_+disjointig_49_70378_113247 37 6792 42869 -1 -1 6255 0.0102937
Chain
	Aln	348	-6fd17d4f-8c79-421a-b790-2e5eac81ecd2 19 6778 9453 +edge_175_1_+disjointig_49_70378_113247 36076 42831 42869 -1 -1 6255 0.0102937
	Aln	348	-6fd17d4f-8c79-421a-b790-2e5eac81ecd2 6813 9428 9453 +edge_175_0_+disjointig_49_27612_70378 0 2621 42766 -1 -1 2360 0.0109472
Chain
	Aln	150	+80ef723a-b30b-45a3-ac8f-733974f5299a 5 1515 2037 +edge_76_1_+disjointig_44_98117_99890 250 1768 1773 -1 -1 1446 0.0054925
	Aln	156	+80ef723a-b30b-45a3-ac8f-733974f5299a 1521 2030 2037 +edge_79_0_+disjointig_44_99890_232551 1 505 132661 -1 -1 494 0.0107247
Chain
	Aln	157	-80ef723a-b30b-45a3-ac8f-733974f5299a 6 515 2037 -edge_79_0_+disjointig_44_99890_232551 132155 132659 132661 -1 -1 494 0.0107247
	Aln	151	-80ef723a-b30b-45a3-ac8f-733974f5299a 521 2031 2037 -edge_76_1_+disjointig_44_98117_99890 4 1522 1773 -1 -1 1446 0.0054925
Chain
	Aln	311	+d277f675-83be-4f66-8065-02337a9034be 8 16610 16612 -edge_156_0_+disjointig_23_18615_58974 7220 23893 40359 -1 -1 16258 0.00209065
Chain
	Aln	310	-d277f675-83be-4f66-8065-02337a9034be 1 16603 16612 +edge_156_0_+disjointig_23_18615_58974 16465 33138 40359 -1 -1 16258 0.00209065
Chain
	Aln	336	+bfb63d89-20b8-4063-8a45-c9d2cc9943a6 10 7400 7406 +edge_169_0_+disjointig_66_0_52611 24587 31973 52611 -1 -1 7257 0.00148853
Chain
	Aln	337	-bfb63d89-20b8-4063-8a45-c9d2cc9943a6 5 7395 7406 -edge_169_0_+disjointig_66_0_52611 20637 28023 52611 -1 -1 7257 0.00148853
Chain
	Aln	49	+55db994d-283c-4c30-a00b-04d711c35479 31 3996 4007 -edge_25_0_+disjointig_2_0_55897 41594 45584 55897 -1 -1 3437 0.0097193
Chain
	Aln	48	-55db994d-283c-4c30-a00b-04d711c35479 10 3975 4007 +edge_25_0_+disjointig_2_0_55897 10312 14302 55897 -1 -1 3437 0.0097193
Chain
	Aln	162	+0260f994-4a01-43f8-8703-3739ef547b46 10 10638 10657 +edge_82_0_+disjointig_61_85560_113950 936 11604 28390 -1 -1 10205 0.00374931
Chain
	Aln	163	-0260f994-4a01-43f8-8703-3739ef547b46 18 10646 10657 -edge_82_0_+disjointig_61_85560_113950 16785 27453 28390 -1 -1 10205 0.00374931
Chain
	Aln	35	+c5b4f505-8e34-46c0-928d-afa61c1019b9 15 6595 6603 -edge_18_0_+disjointig_13_0_57208 40755 47340 57208 -1 -1 6526 0.00197088
Chain
	Aln	34	-c5b4f505-8e34-46c0-928d-afa61c1019b9 7 6587 6603 +edge_18_0_+disjointig_13_0_57208 9867 16452 57208 -1 -1 6526 0.00197088
Chain
	Aln	157	+ffcd75fe-d113-4d74-822e-724b105f522c 7 2014 2017 -edge_79_0_+disjointig_44_99890_232551 130107 132113 132661 -1 -1 1999 0
Chain
	Aln	156	-ffcd75fe-d113-4d74-822e-724b105f522c 2 2009 2017 +edge_79_0_+disjointig_44_99890_232551 547 2553 132661 -1 -1 1999 0
Chain
	Aln	360	+0390b9c5-85f5-42ab-8d54-bac71594ed7c 4 11247 12885 +edge_181_0_+disjointig_74_2530_48718 23759 35392 46188 -1 -1 9757 0.00692477
Chain
	Aln	361	-0390b9c5-85f5-42ab-8d54-bac71594ed7c 1637 12880 12885 -edge_181_0_+disjointig_74_2530_48718 10795 22428 46188 -1 -1 9757 0.00692477
Chain
	Aln	181	+d10abd54-aebb-4646-94bd-4beeeae6814a 449 4917 4928 -edge_91_0_-disjointig_91_10827_22811 12 4480 11984 -1 -1 4440 0.000662592
Chain
	Aln	180	-d10abd54-aebb-4646-94bd-4beeeae6814a 10 4478 4928 +edge_91_0_-disjointig_91_10827_22811 7503 11971 11984 -1 -1 4440 0.000662592
Chain
	Aln	331	+8173f370-133c-448f-a2e3-9311ab25ae0c 9 10124 15728 -edge_166_0_+disjointig_40_6968_25794 8715 18825 18826 -1 -1 9961 0.00196072
	Aln	329	+8173f370-133c-448f-a2e3-9311ab25ae0c 10136 15719 15728 -edge_165_0_+disjointig_54_0_66147 11 5589 66147 -1 -1 5379 0.00405385
Chain
	Aln	328	-8173f370-133c-448f-a2e3-9311ab25ae0c 8 5591 15728 +edge_165_0_+disjointig_54_0_66147 60557 66135 66147 -1 -1 5379 0.00405385
	Aln	330	-8173f370-133c-448f-a2e3-9311ab25ae0c 5603 15718 15728 +edge_166_0_+disjointig_40_6968_25794 0 10110 18826 -1 -1 9961 0.00196072
Chain
	Aln	92	+956a2830-6186-4531-9c85-df2914a0019c 15 5213 5220 +edge_47_0_+disjointig_30_0_164630 37204 42402 164630 -1 -1 5125 0.0020684
Chain
	Aln	93	-956a2830-6186-4531-9c85-df2914a0019c 6 5204 5220 -edge_47_0_+disjointig_30_0_164630 122227 127425 164630 -1 -1 5125 0.0020684
Chain
	Aln	247	+0f6cb136-be9f-49c3-8e15-dfda81f50915 8 3491 3494 -edge_124_0_+disjointig_70_0_27545 1893 5368 27545 -1 -1 3407 0.00327853
Chain
	Aln	246	-0f6cb136-be9f-49c3-8e15-dfda81f50915 2 3485 3494 +edge_124_0_+disjointig_70_0_27545 22176 25651 27545 -1 -1 3407 0.00327853
Chain
	Aln	349	+39cab310-b0b1-4cd4-bf99-eccbad288f1e 1 5500 8432 -edge_175_0_+disjointig_49_27612_70378 37265 42765 42766 -1 -1 5490 0.000915926
	Aln	349	+39cab310-b0b1-4cd4-bf99-eccbad288f1e 5513 8426 8432 -edge_175_0_+disjointig_49_27612_70378 12 2924 42766 -1 -1 2901 0.00201445
Chain
	Aln	348	-39cab310-b0b1-4cd4-bf99-eccbad288f1e 5 2918 8432 +edge_175_0_+disjointig_49_27612_70378 39841 42753 42766 -1 -1 2901 0.00201445
	Aln	348	-39cab310-b0b1-4cd4-bf99-eccbad288f1e 2931 8430 8432 +edge_175_0_+disjointig_49_27612_70378 0 5500 42766 -1 -1 5490 0.000915926
Chain
	Aln	102	+999b2aa1-887c-4422-a723-47d7b804a1c8 11 2522 2528 +edge_52_0_+disjointig_35_0_49615 34443 36954 49615 -1 -1 2417 0.0043965
Chain
	Aln	103	-999b2aa1-887c-4422-a723-47d7b804a1c8 5 2516 2528 -edge_52_0_+disjointig_35_0_49615 12660 15171 49615 -1 -1 2417 0.0043965
Chain
	Aln	315	+3afada86-bc35-43c4-a16d-4c04b33a5608 7 4624 4880 -edge_158_0_+disjointig_25_34644_66531 7303 11928 31887 -1 -1 4563 0.00298821
Chain
	Aln	314	-3afada86-bc35-43c4-a16d-4c04b33a5608 255 4872 4880 +edge_158_0_+disjointig_25_34644_66531 19958 24583 31887 -1 -1 4563 0.00298821
Chain
	Aln	98	+a782f7c2-820a-46ae-9b15-cf627764eeea 27 10450 10454 +edge_50_0_+disjointig_33_0_54467 33178 43601 54467 -1 -1 10345 0.000127843
Chain
	Aln	99	-a782f7c2-820a-46ae-9b15-cf627764eeea 3 10426 10454 -edge_50_0_+disjointig_33_0_54467 10865 21288 54467 -1 -1 10345 0.000127843
Chain
	Aln	320	+db4e593f-6a65-42bd-b7b9-c81293fb3ff7 10 2893 2898 +edge_161_0_+disjointig_28_6173_22910 12971 15855 16737 -1 -1 2877 0.00282376
Chain
	Aln	321	-db4e593f-6a65-42bd-b7b9-c81293fb3ff7 4 2887 2898 -edge_161_0_+disjointig_28_6173_22910 881 3765 16737 -1 -1 2877 0.00282376
Chain
	Aln	193	+cbc54695-cd72-4859-ac47-bd65049c921e 9 4982 8200 -edge_97_0_+disjointig_5_0_31051 26041 31045 31051 -1 -1 4216 0.0123788
Chain
	Aln	192	-cbc54695-cd72-4859-ac47-bd65049c921e 3217 8190 8200 +edge_97_0_+disjointig_5_0_31051 5 5009 31051 -1 -1 4216 0.0123788
Chain
	Aln	48	+bf275241-7377-4daa-b02f-12f63edfa62d 2 6847 6853 +edge_25_0_+disjointig_2_0_55897 49045 55892 55897 -1 -1 6717 0.00167771
Chain
	Aln	49	-bf275241-7377-4daa-b02f-12f63edfa62d 5 6850 6853 -edge_25_0_+disjointig_2_0_55897 4 6851 55897 -1 -1 6717 0.00167771
Chain
	Aln	157	+a24cf3af-e98a-4fa5-aa22-cc72f667d23a 5 3186 3193 -edge_79_0_+disjointig_44_99890_232551 45349 48527 132661 -1 -1 3154 0.00191047
Chain
	Aln	156	-a24cf3af-e98a-4fa5-aa22-cc72f667d23a 6 3187 3193 +edge_79_0_+disjointig_44_99890_232551 84133 87311 132661 -1 -1 3154 0.00191047
Chain
	Aln	54	+4ca681d5-a079-47c5-b5ec-48d5f95cec22 8 4857 4867 +edge_28_0_+disjointig_22_0_197748 118335 123183 197748 -1 -1 4743 0.00171192
Chain
	Aln	55	-4ca681d5-a079-47c5-b5ec-48d5f95cec22 9 4858 4867 -edge_28_0_+disjointig_22_0_197748 74564 79412 197748 -1 -1 4743 0.00171192
Chain
	Aln	264	+8571d9b0-bce2-4e5e-872b-ab37bfbef0b5 4 11843 11849 +edge_133_0_+disjointig_8_0_56180 22261 34099 56180 -1 -1 11763 0.000970221
Chain
	Aln	265	-8571d9b0-bce2-4e5e-872b-ab37bfbef0b5 5 11844 11849 -edge_133_0_+disjointig_8_0_56180 22080 33918 56180 -1 -1 11763 0.000970221
Chain
	Aln	356	+16096f08-da3e-4169-b793-cc0aec39cd0f 10 14240 14244 +edge_179_0_+disjointig_67_0_82889 58461 72704 82889 -1 -1 13969 0.00252317
Chain
	Aln	357	-16096f08-da3e-4169-b793-cc0aec39cd0f 3 14233 14244 -edge_179_0_+disjointig_67_0_82889 10184 24427 82889 -1 -1 13969 0.00252317
Chain
	Aln	206	+4f82f83b-49e6-43ab-bbf8-d3d86dbae59a 5 2047 2067 +edge_104_0_+disjointig_56_0_67458 28164 30210 67458 -1 -1 1993 0.00183614
Chain
	Aln	207	-4f82f83b-49e6-43ab-bbf8-d3d86dbae59a 19 2061 2067 -edge_104_0_+disjointig_56_0_67458 37247 39293 67458 -1 -1 1993 0.00183614
Chain
	Aln	50	+e0807e29-4712-4a23-9b7d-f50b4a29110c 4 10400 10407 +edge_26_0_+disjointig_20_0_104137 2301 12710 104137 -1 -1 10289 0.00204513
Chain
	Aln	51	-e0807e29-4712-4a23-9b7d-f50b4a29110c 6 10402 10407 -edge_26_0_+disjointig_20_0_104137 91426 101835 104137 -1 -1 10289 0.00204513
Chain
	Aln	37	+51e1bcf4-011a-4c59-bc1d-218d55aba9c3 3 5814 5822 -edge_19_0_+disjointig_14_0_104795 39566 45474 104795 -1 -1 5216 0.00985863
Chain
	Aln	36	-51e1bcf4-011a-4c59-bc1d-218d55aba9c3 7 5818 5822 +edge_19_0_+disjointig_14_0_104795 59320 65228 104795 -1 -1 5216 0.00985863
Chain
	Aln	273	+4878f7ae-0784-4cd5-9d2c-0830a310b515 3 2469 2471 -edge_137_0_+disjointig_89_0_8595 1982 4449 8595 -1 -1 2447 0.00239115
Chain
	Aln	272	-4878f7ae-0784-4cd5-9d2c-0830a310b515 1 2467 2471 +edge_137_0_+disjointig_89_0_8595 4145 6612 8595 -1 -1 2447 0.00239115
Chain
	Aln	220	+1d860b4f-454b-433e-a7dd-faa6c050f827 13 4264 4269 +edge_111_0_+disjointig_6_0_62673 51542 55795 62673 -1 -1 4204 0.0003098
Chain
	Aln	221	-1d860b4f-454b-433e-a7dd-faa6c050f827 4 4255 4269 -edge_111_0_+disjointig_6_0_62673 6877 11130 62673 -1 -1 4204 0.0003098
Chain
	Aln	97	+a8c06dc4-8d65-4aac-827d-c16063725699 8 8362 8513 -edge_49_0_+disjointig_32_0_79547 64741 73110 79547 -1 -1 8154 0.0017783
Chain
	Aln	96	-a8c06dc4-8d65-4aac-827d-c16063725699 150 8504 8513 +edge_49_0_+disjointig_32_0_79547 6436 14805 79547 -1 -1 8154 0.0017783
Chain
	Aln	194	+60b4ce9e-f2f1-49c4-b636-47a1c0cd9387 9 7723 7726 +edge_98_0_+disjointig_51_0_39741 18573 26289 39741 -1 -1 7626 0.00225591
Chain
	Aln	195	-60b4ce9e-f2f1-49c4-b636-47a1c0cd9387 2 7716 7726 -edge_98_0_+disjointig_51_0_39741 13451 21167 39741 -1 -1 7626 0.00225591
Chain
	Aln	349	+70e9f9f9-2ee7-4e36-825d-ab94a5f6ac1d 9 4358 4419 -edge_175_0_+disjointig_49_27612_70378 34895 39242 42766 -1 -1 3982 0.010716
Chain
	Aln	348	-70e9f9f9-2ee7-4e36-825d-ab94a5f6ac1d 60 4409 4419 +edge_175_0_+disjointig_49_27612_70378 3523 7870 42766 -1 -1 3982 0.010716
Chain
	Aln	2	+f5ce4f82-a6f8-4a84-ac7b-cff398fd8ebd 19 8481 9050 +edge_2_0_+disjointig_10_0_56359 22131 30691 56359 -1 -1 8120 0.00411194
Chain
	Aln	3	-f5ce4f82-a6f8-4a84-ac7b-cff398fd8ebd 568 9030 9050 -edge_2_0_+disjointig_10_0_56359 25667 34227 56359 -1 -1 8120 0.00411194
Chain
	Aln	302	+d0908c13-92a8-4635-a0fb-5ea43b67572d 5 13848 13851 +edge_152_0_-disjointig_60_6186_67457 15896 29743 61271 -1 -1 13787 0.000935813
Chain
	Aln	303	-d0908c13-92a8-4635-a0fb-5ea43b67572d 2 13845 13851 -edge_152_0_-disjointig_60_6186_67457 31527 45374 61271 -1 -1 13787 0.000935813
Chain
	Aln	172	+d81c02b1-6a50-4fb3-998a-4962d91a9805 20 3175 3185 +edge_87_0_+disjointig_50_31455_62704 8725 11882 31249 -1 -1 3108 0.000941154
Chain
	Aln	173	-d81c02b1-6a50-4fb3-998a-4962d91a9805 9 3164 3185 -edge_87_0_+disjointig_50_31455_62704 19366 22523 31249 -1 -1 3108 0.000941154
Chain
	Aln	77	+4c946718-21f2-4b6d-be7e-102a287351ed 15 9656 9659 -edge_39_0_+disjointig_27_0_18658 9006 18655 18658 -1 -1 9484 0.00238513
Chain
	Aln	76	-4c946718-21f2-4b6d-be7e-102a287351ed 2 9643 9659 +edge_39_0_+disjointig_27_0_18658 2 9651 18658 -1 -1 9484 0.00238513
Chain
	Aln	345	+34561cf3-65c3-432e-b56d-fd2992eab344 6 6514 6517 -edge_173_0_-disjointig_53_5113_59202 40641 47142 54089 -1 -1 6338 0.00225385
Chain
	Aln	344	-34561cf3-65c3-432e-b56d-fd2992eab344 2 6510 6517 +edge_173_0_-disjointig_53_5113_59202 6946 13447 54089 -1 -1 6338 0.00225385
Chain
	Aln	304	+d676204a-d0b2-4e41-8598-28037645a99f 1 3922 3928 +edge_153_0_+disjointig_12_8982_46009 7655 11584 37027 -1 -1 3854 0.00051683
Chain
	Aln	305	-d676204a-d0b2-4e41-8598-28037645a99f 5 3926 3928 -edge_153_0_+disjointig_12_8982_46009 25442 29371 37027 -1 -1 3854 0.00051683
Chain
	Aln	93	+413967eb-4ebd-4196-9e94-fe457be6155c 9 8170 8173 -edge_47_0_+disjointig_30_0_164630 54947 63107 164630 -1 -1 8075 0.00220405
Chain
	Aln	92	-413967eb-4ebd-4196-9e94-fe457be6155c 2 8163 8173 +edge_47_0_+disjointig_30_0_164630 101522 109682 164630 -1 -1 8075 0.00220405
Chain
	Aln	157	+04a2a442-d834-4818-be0e-01c517ce4ffe 0 27671 27673 -edge_79_0_+disjointig_44_99890_232551 100343 128026 132661 -1 -1 27415 0.000663313
Chain
	Aln	156	-04a2a442-d834-4818-be0e-01c517ce4ffe 1 27672 27673 +edge_79_0_+disjointig_44_99890_232551 4634 32317 132661 -1 -1 27415 0.000663313
Chain
	Aln	323	+b9742fd8-dea4-450c-89b2-7cc1aa7f2372 5 3434 4567 -edge_162_1_+disjointig_38_14800_26877 8646 12076 12077 -1 -1 3315 0.00377006
	Aln	323	+b9742fd8-dea4-450c-89b2-7cc1aa7f2372 3446 4565 4567 -edge_162_0_+disjointig_38_2796_14800 11 1130 12004 -1 -1 1103 0.00581949
Chain
	Aln	322	-b9742fd8-dea4-450c-89b2-7cc1aa7f2372 1 1120 4567 +edge_162_0_+disjointig_38_2796_14800 10873 11992 12004 -1 -1 1103 0.00581949
	Aln	322	-b9742fd8-dea4-450c-89b2-7cc1aa7f2372 1132 4561 4567 +edge_162_1_+disjointig_38_14800_26877 0 3430 12077 -1 -1 3315 0.00377006
Chain
	Aln	99	+13c15681-ca5b-41a7-8eed-5462dd8d93bb 10 7088 7096 -edge_50_0_+disjointig_33_0_54467 20045 27130 54467 -1 -1 7031 0
Chain
	Aln	98	-13c15681-ca5b-41a7-8eed-5462dd8d93bb 7 7085 7096 +edge_50_0_+disjointig_33_0_54467 27336 34421 54467 -1 -1 7031 0
Chain
	Aln	306	+1e038da0-9084-40d4-98fd-8b2d9c319fc1 7 4138 6667 +edge_154_0_+disjointig_18_11964_26268 10156 14293 14304 -1 -1 3990 0.00430491
	Aln	306	+1e038da0-9084-40d4-98fd-8b2d9c319fc1 4150 6663 6667 +edge_154_0_+disjointig_18_11964_26268 1 2514 14304 -1 -1 2431 0.00402763
Chain
	Aln	307	-1e038da0-9084-40d4-98fd-8b2d9c319fc1 3 2516 6667 -edge_154_0_+disjointig_18_11964_26268 11789 14302 14304 -1 -1 2431 0.00402763
	Aln	307	-1e038da0-9084-40d4-98fd-8b2d9c319fc1 2528 6659 6667 -edge_154_0_+disjointig_18_11964_26268 10 4147 14304 -1 -1 3990 0.00430491
Chain
	Aln	260	+f43fb20d-bfd5-40b5-867b-37d34b7b5028 8 13697 13704 +edge_131_0_+disjointig_78_0_34465 10046 23769 34465 -1 -1 13230 0.00421257
Chain
	Aln	261	-f43fb20d-bfd5-40b5-867b-37d34b7b5028 6 13695 13704 -edge_131_0_+disjointig_78_0_34465 10695 24418 34465 -1 -1 13230 0.00421257
Chain
	Aln	348	+4708fadd-bea2-4674-8e69-cecef629b5e2 30 3631 3637 +edge_175_0_+disjointig_49_27612_70378 3222 6838 42766 -1 -1 2283 0.0454746
Chain
	Aln	349	-4708fadd-bea2-4674-8e69-cecef629b5e2 5 3606 3637 -edge_175_0_+disjointig_49_27612_70378 35927 39543 42766 -1 -1 2283 0.0454746
Chain
	Aln	157	+b45dd72a-9b76-403a-aa91-f940e3ecfc78 20 11196 18193 -edge_79_0_+disjointig_44_99890_232551 121464 132649 132661 -1 -1 11085 0
	Aln	151	+b45dd72a-9b76-403a-aa91-f940e3ecfc78 11217 12980 18193 -edge_76_1_+disjointig_44_98117_99890 9 1772 1773 -1 -1 1754 0.00187508
	Aln	145	+b45dd72a-9b76-403a-aa91-f940e3ecfc78 12991 13978 18193 -edge_73_1_+disjointig_44_91197_92196 14 998 999 -1 -1 980 0.000717454
	Aln	148	+b45dd72a-9b76-403a-aa91-f940e3ecfc78 13979 17196 18193 +edge_75_8_+disjointig_71_75040_78213 1 3162 3173 -1 -1 3002 0.00428069
	Aln	147	+b45dd72a-9b76-403a-aa91-f940e3ecfc78 17242 17429 18193 -edge_74_0_-disjointig_71_1669_2447 34 221 778 -1 -1 163 0.0156876
Chain
	Aln	146	-b45dd72a-9b76-403a-aa91-f940e3ecfc78 763 950 18193 +edge_74_0_-disjointig_71_1669_2447 556 743 778 -1 -1 163 0.0156876
	Aln	149	-b45dd72a-9b76-403a-aa91-f940e3ecfc78 996 4213 18193 -edge_75_8_+disjointig_71_75040_78213 10 3171 3173 -1 -1 3002 0.00428069
	Aln	144	-b45dd72a-9b76-403a-aa91-f940e3ecfc78 4214 5201 18193 +edge_73_1_+disjointig_44_91197_92196 0 984 999 -1 -1 980 0.000717454
	Aln	150	-b45dd72a-9b76-403a-aa91-f940e3ecfc78 5212 6975 18193 +edge_76_1_+disjointig_44_98117_99890 0 1763 1773 -1 -1 1754 0.00187508
	Aln	156	-b45dd72a-9b76-403a-aa91-f940e3ecfc78 6996 18172 18193 +edge_79_0_+disjointig_44_99890_232551 11 11196 132661 -1 -1 11085 0
Chain
	Aln	186	+7a551872-53e0-42c4-b84f-9b135d50b659 20 6842 6849 +edge_94_0_+disjointig_47_0_105696 85265 92126 105696 -1 -1 6554 0.00640489
Chain
	Aln	187	-7a551872-53e0-42c4-b84f-9b135d50b659 6 6828 6849 -edge_94_0_+disjointig_47_0_105696 13569 20430 105696 -1 -1 6554 0.00640489
Chain
	Aln	179	+feded0d2-b588-4118-91af-55c89b6e2481 5 5537 5545 -edge_90_0_-disjointig_61_33235_113950 15299 20829 80715 -1 -1 5515 0.000131054
Chain
	Aln	178	-feded0d2-b588-4118-91af-55c89b6e2481 7 5539 5545 +edge_90_0_-disjointig_61_33235_113950 59885 65415 80715 -1 -1 5515 0.000131054
Chain
	Aln	233	+9b5bfaca-f606-4139-82b6-dfe3b26affc6 17 10409 10421 -edge_117_0_+disjointig_69_0_75545 44585 54968 75545 -1 -1 10273 0.00230461
Chain
	Aln	232	-9b5bfaca-f606-4139-82b6-dfe3b26affc6 11 10403 10421 +edge_117_0_+disjointig_69_0_75545 20576 30959 75545 -1 -1 10273 0.00230461
Chain
	Aln	179	+630dd3e0-fca4-4170-afbf-d8eeddce2c7e 5 4506 4508 -edge_90_0_-disjointig_61_33235_113950 8359 12861 80715 -1 -1 4387 0.00373333
Chain
	Aln	178	-630dd3e0-fca4-4170-afbf-d8eeddce2c7e 1 4502 4508 +edge_90_0_-disjointig_61_33235_113950 67853 72355 80715 -1 -1 4387 0.00373333
Chain
	Aln	335	+d8054cd6-2b3f-4422-ac0f-5420d474de22 17 19826 19844 -edge_168_0_+disjointig_41_22847_84173 4960 24807 61326 -1 -1 18538 0.00786424
Chain
	Aln	334	-d8054cd6-2b3f-4422-ac0f-5420d474de22 17 19826 19844 +edge_168_0_+disjointig_41_22847_84173 36518 56365 61326 -1 -1 18538 0.00786424
Chain
	Aln	349	+25e5f35a-ef22-4cf6-a90f-06fcf6ded4ca 56 2917 2920 -edge_175_1_+disjointig_49_70378_113247 9734 12603 42869 -1 -1 2796 0.0032286
Chain
	Aln	348	-25e5f35a-ef22-4cf6-a90f-06fcf6ded4ca 2 2863 2920 +edge_175_1_+disjointig_49_70378_113247 30265 33134 42869 -1 -1 2796 0.0032286
Chain
	Aln	306	+5221ef7b-1bb8-4eed-a081-d1ac2e900474 1 2460 3767 +edge_154_0_+disjointig_18_11964_26268 11835 14293 14304 -1 -1 2436 0.00220008
	Aln	306	+5221ef7b-1bb8-4eed-a081-d1ac2e900474 2472 3763 3767 +edge_154_0_+disjointig_18_11964_26268 1 1293 14304 -1 -1 1286 0
Chain
	Aln	307	-5221ef7b-1bb8-4eed-a081-d1ac2e900474 3 1294 3767 -edge_154_0_+disjointig_18_11964_26268 13010 14302 14304 -1 -1 1286 0
	Aln	307	-5221ef7b-1bb8-4eed-a081-d1ac2e900474 1306 3765 3767 -edge_154_0_+disjointig_18_11964_26268 10 2468 14304 -1 -1 2436 0.00220008
Chain
	Aln	323	+7da382ab-e139-42e0-9d46-917be26958cb 5 1094 4779 -edge_162_0_+disjointig_38_2796_14800 10915 12003 12004 -1 -1 1041 0.00818807
	Aln	323	+7da382ab-e139-42e0-9d46-917be26958cb 1106 4504 4779 -edge_162_0_+disjointig_38_2796_14800 11 3471 12004 -1 -1 2949 0.0161873
Chain
	Aln	322	-7da382ab-e139-42e0-9d46-917be26958cb 274 3672 4779 +edge_162_0_+disjointig_38_2796_14800 8532 11992 12004 -1 -1 2949 0.0161873
	Aln	322	-7da382ab-e139-42e0-9d46-917be26958cb 3684 4773 4779 +edge_162_0_+disjointig_38_2796_14800 0 1088 12004 -1 -1 1041 0.00818807
Chain
	Aln	357	+b32c3e12-f5d0-45c5-a30a-76118f8e2a59 41 19183 19186 -edge_179_0_+disjointig_67_0_82889 8693 27345 82889 -1 -1 13068 0.0244259
Chain
	Aln	356	-b32c3e12-f5d0-45c5-a30a-76118f8e2a59 2 19144 19186 +edge_179_0_+disjointig_67_0_82889 55543 74195 82889 -1 -1 13068 0.0244259
Chain
	Aln	99	+fd361438-1540-421c-9959-570dcf4330cc 33 2485 2491 -edge_50_0_+disjointig_33_0_54467 33356 35814 54467 -1 -1 2378 0.00122627
Chain
	Aln	98	-fd361438-1540-421c-9959-570dcf4330cc 5 2457 2491 +edge_50_0_+disjointig_33_0_54467 18652 21110 54467 -1 -1 2378 0.00122627
Chain
	Aln	348	+4db30ed8-f50a-4380-bfb3-1439f0bbfa31 68 13183 13187 +edge_175_0_+disjointig_49_27612_70378 7 13129 42766 -1 -1 12975 0.00107313
Chain
	Aln	349	-4db30ed8-f50a-4380-bfb3-1439f0bbfa31 3 13118 13187 -edge_175_0_+disjointig_49_27612_70378 29636 42758 42766 -1 -1 12975 0.00107313
Chain
	Aln	101	+4eb2a5c1-3159-42ae-b37c-800e87139cfb 7 2402 2415 -edge_51_0_+disjointig_34_0_132203 125777 128174 132203 -1 -1 2251 0.00539491
Chain
	Aln	100	-4eb2a5c1-3159-42ae-b37c-800e87139cfb 12 2407 2415 +edge_51_0_+disjointig_34_0_132203 4028 6425 132203 -1 -1 2251 0.00539491
Chain
	Aln	54	+251beb70-c08f-47b7-b06a-878abc3d9560 11 3995 4470 +edge_28_0_+disjointig_22_0_197748 32719 36705 197748 -1 -1 3959 0.0027106
Chain
	Aln	55	-251beb70-c08f-47b7-b06a-878abc3d9560 474 4458 4470 -edge_28_0_+disjointig_22_0_197748 161042 165028 197748 -1 -1 3959 0.0027106
Chain
	Aln	323	+9c2837b9-378c-4053-bdf8-1caff1ea5187 5 2413 2419 -edge_162_1_+disjointig_38_14800_26877 5454 7867 12077 -1 -1 2382 0.00446761
Chain
	Aln	322	-9c2837b9-378c-4053-bdf8-1caff1ea5187 5 2413 2419 +edge_162_1_+disjointig_38_14800_26877 4209 6622 12077 -1 -1 2382 0.00446761
Chain
	Aln	319	+ee368977-c53e-4673-bf53-f2e7910bd395 14 8825 8832 -edge_160_0_-disjointig_48_0_101253 51184 59991 101253 -1 -1 8715 0.0011317
Chain
	Aln	318	-ee368977-c53e-4673-bf53-f2e7910bd395 6 8817 8832 +edge_160_0_-disjointig_48_0_101253 41261 50068 101253 -1 -1 8715 0.0011317
Chain
	Aln	156	+b0ed4940-16a9-47bc-bd73-a2fc440cb60e 6 5878 5899 +edge_79_0_+disjointig_44_99890_232551 28355 34241 132661 -1 -1 5362 0.00925132
Chain
	Aln	157	-b0ed4940-16a9-47bc-bd73-a2fc440cb60e 20 5892 5899 -edge_79_0_+disjointig_44_99890_232551 98419 104305 132661 -1 -1 5362 0.00925132
Chain
	Aln	92	+4eda08eb-72ed-4b86-98e9-77ab01408e6c 12 3026 3296 +edge_47_0_+disjointig_30_0_164630 29763 32776 164630 -1 -1 2999 0.000338267
Chain
	Aln	93	-4eda08eb-72ed-4b86-98e9-77ab01408e6c 269 3283 3296 -edge_47_0_+disjointig_30_0_164630 131853 134866 164630 -1 -1 2999 0.000338267
Chain
	Aln	92	+bf6d5705-72ed-455c-ab8c-8c2dc913e569 19 2227 2229 +edge_47_0_+disjointig_30_0_164630 43671 45878 164630 -1 -1 2177 0.00221656
Chain
	Aln	93	-bf6d5705-72ed-455c-ab8c-8c2dc913e569 1 2209 2229 -edge_47_0_+disjointig_30_0_164630 118751 120958 164630 -1 -1 2177 0.00221656
Chain
	Aln	103	+56e57bec-27ad-4ac3-9ba5-4b01c868af43 14 3463 3845 -edge_52_0_+disjointig_35_0_49615 33294 36739 49615 -1 -1 3418 0.00134022
Chain
	Aln	102	-56e57bec-27ad-4ac3-9ba5-4b01c868af43 381 3830 3845 +edge_52_0_+disjointig_35_0_49615 12875 16320 49615 -1 -1 3418 0.00134022
Chain
	Aln	356	+25bfb3b4-b597-46cb-a8bc-3c06828ad763 12 12311 12868 +edge_179_0_+disjointig_67_0_82889 12 12310 82889 -1 -1 12007 0.00224658
Chain
	Aln	357	-25bfb3b4-b597-46cb-a8bc-3c06828ad763 556 12855 12868 -edge_179_0_+disjointig_67_0_82889 70578 82876 82889 -1 -1 12007 0.00224658
Chain
	Aln	335	+7b960fcf-14e0-4987-83d4-35abb7a6881f 23 6204 6211 -edge_168_0_+disjointig_41_22847_84173 4739 10921 61326 -1 -1 6165 0.00101674
Chain
	Aln	334	-7b960fcf-14e0-4987-83d4-35abb7a6881f 6 6187 6211 +edge_168_0_+disjointig_41_22847_84173 50404 56586 61326 -1 -1 6165 0.00101674
Chain
	Aln	187	+8bf6e423-1644-455c-bf8f-b33a98017045 14 8449 8458 -edge_94_0_+disjointig_47_0_105696 43864 52296 105696 -1 -1 8313 0.00140823
Chain
	Aln	186	-8bf6e423-1644-455c-bf8f-b33a98017045 8 8443 8458 +edge_94_0_+disjointig_47_0_105696 53399 61831 105696 -1 -1 8313 0.00140823
Chain
	Aln	93	+f2087b2d-a7e3-4eaa-93b8-c6c561214ec2 6 6511 6514 -edge_47_0_+disjointig_30_0_164630 99318 105822 164630 -1 -1 6411 0.00248598
Chain
	Aln	92	-f2087b2d-a7e3-4eaa-93b8-c6c561214ec2 2 6507 6514 +edge_47_0_+disjointig_30_0_164630 58807 65311 164630 -1 -1 6411 0.00248598
Chain
	Aln	328	+009d020a-dcd2-44fc-ad6f-0e3493b0a123 6 13832 13851 +edge_165_0_+disjointig_54_0_66147 13194 26589 66147 -1 -1 10798 0.00966778
Chain
	Aln	329	-009d020a-dcd2-44fc-ad6f-0e3493b0a123 18 13844 13851 -edge_165_0_+disjointig_54_0_66147 39557 52952 66147 -1 -1 10798 0.00966778
Chain
	Aln	264	+3fec0afd-38fd-44a2-91fe-b626d02bd6cd 18 2188 2199 +edge_133_0_+disjointig_8_0_56180 47491 49663 56180 -1 -1 2151 0.00389903
Chain
	Aln	265	-3fec0afd-38fd-44a2-91fe-b626d02bd6cd 10 2180 2199 -edge_133_0_+disjointig_8_0_56180 6516 8688 56180 -1 -1 2151 0.00389903
Chain
	Aln	348	+1342d170-8f29-4b1f-ba95-bc171a8eb576 9 2566 2572 +edge_175_0_+disjointig_49_27612_70378 8866 11421 42766 -1 -1 2534 0
Chain
	Aln	349	-1342d170-8f29-4b1f-ba95-bc171a8eb576 5 2562 2572 -edge_175_0_+disjointig_49_27612_70378 31344 33899 42766 -1 -1 2534 0
Chain
	Aln	50	+f9475ba9-0a98-49c5-b866-5be7a6ca285d 1 22896 22898 +edge_26_0_+disjointig_20_0_104137 13403 36318 104137 -1 -1 22589 0.00135614
Chain
	Aln	51	-f9475ba9-0a98-49c5-b866-5be7a6ca285d 1 22896 22898 -edge_26_0_+disjointig_20_0_104137 67818 90733 104137 -1 -1 22589 0.00135614
Chain
	Aln	270	+db264123-1949-4f5a-a986-2f205e055232 1 2741 2748 +edge_136_0_+disjointig_86_0_11674 1 2745 11674 -1 -1 2628 0.00366942
Chain
	Aln	271	-db264123-1949-4f5a-a986-2f205e055232 6 2746 2748 -edge_136_0_+disjointig_86_0_11674 8928 11672 11674 -1 -1 2628 0.00366942
Chain
	Aln	303	+7fc58efc-8543-4287-82d3-50c19b1bc6c6 8 2812 2815 -edge_152_0_-disjointig_60_6186_67457 30042 32842 61271 -1 -1 2758 0.00272177
Chain
	Aln	302	-7fc58efc-8543-4287-82d3-50c19b1bc6c6 2 2806 2815 +edge_152_0_-disjointig_60_6186_67457 28428 31228 61271 -1 -1 2758 0.00272177
Chain
	Aln	13	+a81f746b-2ecd-4f0c-8d2c-103fa242d2ea 6 10547 22105 -edge_7_0_+disjointig_102_0_10563 5 10562 10563 -1 -1 10353 0.00332862
Chain
	Aln	12	-a81f746b-2ecd-4f0c-8d2c-103fa242d2ea 11557 22098 22105 +edge_7_0_+disjointig_102_0_10563 0 10557 10563 -1 -1 10353 0.00332862
Chain
	Aln	277	+e24d4de3-96fa-45d3-9414-6fd7bc576676 26 17867 17871 -edge_139_0_+disjointig_90_0_45227 4342 22087 45227 -1 -1 15648 0.0129893
Chain
	Aln	276	-e24d4de3-96fa-45d3-9414-6fd7bc576676 3 17844 17871 +edge_139_0_+disjointig_90_0_45227 23139 40884 45227 -1 -1 15648 0.0129893
Chain
	Aln	349	+3cc28eb3-6cfe-40af-b6c5-6f79431a2fe2 4 9774 9815 -edge_175_0_+disjointig_49_27612_70378 30320 40259 42766 -1 -1 6143 0.0338965
Chain
	Aln	348	-3cc28eb3-6cfe-40af-b6c5-6f79431a2fe2 40 9810 9815 +edge_175_0_+disjointig_49_27612_70378 2506 12445 42766 -1 -1 6143 0.0338965
Chain
	Aln	340	+93ffcb5f-124c-4b73-9135-704ae2f3768d 4 52139 52144 +edge_171_0_+disjointig_44_0_83253 4 52163 83253 -1 -1 51702 0.00111335
Chain
	Aln	341	-93ffcb5f-124c-4b73-9135-704ae2f3768d 4 52139 52144 -edge_171_0_+disjointig_44_0_83253 31089 83248 83253 -1 -1 51702 0.00111335
Chain
	Aln	225	+41cc350e-8ced-48e5-a943-4cee31146d24 21 11128 11131 -edge_113_0_+disjointig_63_0_39436 16439 27554 39436 -1 -1 10582 0.00526428
Chain
	Aln	224	-41cc350e-8ced-48e5-a943-4cee31146d24 2 11109 11131 +edge_113_0_+disjointig_63_0_39436 11881 22996 39436 -1 -1 10582 0.00526428
Chain
	Aln	305	+25c647fa-d94c-480f-98ed-2f7ef9a282d8 2 8293 8478 -edge_153_0_+disjointig_12_8982_46009 8399 16687 37027 -1 -1 8243 0.00170833
Chain
	Aln	304	-25c647fa-d94c-480f-98ed-2f7ef9a282d8 184 8475 8478 +edge_153_0_+disjointig_12_8982_46009 20339 28627 37027 -1 -1 8243 0.00170833
Chain
	Aln	255	+2801956f-39b2-4ac3-bc82-4ce2fc85f1aa 9 6923 6933 -edge_128_0_-disjointig_81_3396_22876 4012 10994 19480 -1 -1 5652 0.015673
Chain
	Aln	254	-2801956f-39b2-4ac3-bc82-4ce2fc85f1aa 9 6923 6933 +edge_128_0_-disjointig_81_3396_22876 8485 15467 19480 -1 -1 5652 0.015673
Chain
	Aln	312	+214f2845-1594-48bc-ad8a-a0dddd4b0704 18 6046 6057 +edge_157_0_+disjointig_26_0_75776 32703 38726 75776 -1 -1 5951 0.000990662
Chain
	Aln	313	-214f2845-1594-48bc-ad8a-a0dddd4b0704 10 6038 6057 -edge_157_0_+disjointig_26_0_75776 37049 43072 75776 -1 -1 5951 0.000990662
Chain
	Aln	2	+9fc6910d-1297-41bd-80de-b27e9982c76a 26 2502 2505 +edge_2_0_+disjointig_10_0_56359 37791 40271 56359 -1 -1 2451 0.000551255
Chain
	Aln	3	-9fc6910d-1297-41bd-80de-b27e9982c76a 2 2478 2505 -edge_2_0_+disjointig_10_0_56359 16087 18567 56359 -1 -1 2451 0.000551255
Chain
	Aln	3	+2aa1d326-f155-46d2-8e9c-028b74eda60f 38 2534 2539 -edge_2_0_+disjointig_10_0_56359 35541 38038 56359 -1 -1 2478 0.00121748
Chain
	Aln	2	-2aa1d326-f155-46d2-8e9c-028b74eda60f 4 2500 2539 +edge_2_0_+disjointig_10_0_56359 18320 20817 56359 -1 -1 2478 0.00121748
Chain
	Aln	55	+06e3ea41-409e-487c-b701-7fd6b1a83a7a 19 4317 4320 -edge_28_0_+disjointig_22_0_197748 135913 140291 197748 -1 -1 3178 0.0276138
Chain
	Aln	54	-06e3ea41-409e-487c-b701-7fd6b1a83a7a 2 4300 4320 +edge_28_0_+disjointig_22_0_197748 57456 61834 197748 -1 -1 3178 0.0276138
Chain
	Aln	38	+8887b54d-98c4-4490-9787-c134e03d702f 5 4281 4290 +edge_20_0_+disjointig_15_0_99894 8564 12848 99894 -1 -1 4193 0.00308089
Chain
	Aln	39	-8887b54d-98c4-4490-9787-c134e03d702f 8 4284 4290 -edge_20_0_+disjointig_15_0_99894 87045 91329 99894 -1 -1 4193 0.00308089
Chain
	Aln	319	+f7a49a58-29ca-4c36-8fad-e35e7061950b 4 13497 13499 -edge_160_0_-disjointig_48_0_101253 40019 53458 101253 -1 -1 13098 0.00171572
Chain
	Aln	318	-f7a49a58-29ca-4c36-8fad-e35e7061950b 1 13494 13499 +edge_160_0_-disjointig_48_0_101253 47794 61233 101253 -1 -1 13098 0.00171572
Chain
	Aln	186	+9349d728-0b8d-468d-857c-1efcf1126b11 9 8252 8255 +edge_94_0_+disjointig_47_0_105696 35227 43475 105696 -1 -1 8117 0.00204976
Chain
	Aln	187	-9349d728-0b8d-468d-857c-1efcf1126b11 2 8245 8255 -edge_94_0_+disjointig_47_0_105696 62220 70468 105696 -1 -1 8117 0.00204976
Chain
	Aln	183	+ec00e97a-2471-44fb-a861-ff73ee44dc14 6 4697 5417 -edge_92_0_+disjointig_45_0_7802 3114 7801 7802 -1 -1 4651 0.000108304
Chain
	Aln	182	-ec00e97a-2471-44fb-a861-ff73ee44dc14 719 5410 5417 +edge_92_0_+disjointig_45_0_7802 0 4687 7802 -1 -1 4651 0.000108304
Chain
	Aln	93	+50e308c5-fb73-4839-9729-edb3798c1db4 1 6071 6076 -edge_47_0_+disjointig_30_0_164630 81276 87344 164630 -1 -1 5938 0.00161818
Chain
	Aln	92	-50e308c5-fb73-4839-9729-edb3798c1db4 4 6074 6076 +edge_47_0_+disjointig_30_0_164630 77285 83353 164630 -1 -1 5938 0.00161818
Chain
	Aln	55	+5a8934b2-9cf2-49ad-bbb9-80a85fd8612a 4 2972 2977 -edge_28_0_+disjointig_22_0_197748 178817 181785 197748 -1 -1 2935 0.00141287
Chain
	Aln	54	-5a8934b2-9cf2-49ad-bbb9-80a85fd8612a 4 2972 2977 +edge_28_0_+disjointig_22_0_197748 15962 18930 197748 -1 -1 2935 0.00141287
Chain
	Aln	360	+5566c0b3-15bc-4d18-9d5c-6f48ed6df148 13 6072 6077 +edge_181_0_+disjointig_74_2530_48718 34041 40099 46188 -1 -1 5958 0.00234038
Chain
	Aln	361	-5566c0b3-15bc-4d18-9d5c-6f48ed6df148 4 6063 6077 -edge_181_0_+disjointig_74_2530_48718 6088 12146 46188 -1 -1 5958 0.00234038
Chain
	Aln	55	+f585d8ed-f577-4fc1-b950-2dd802424fda 5 20344 20350 -edge_28_0_+disjointig_22_0_197748 52684 72998 197748 -1 -1 19881 0.00269316
Chain
	Aln	54	-f585d8ed-f577-4fc1-b950-2dd802424fda 5 20344 20350 +edge_28_0_+disjointig_22_0_197748 124749 145063 197748 -1 -1 19881 0.00269316
Chain
	Aln	186	+2078cef2-cf66-4627-a9c8-00c68430817a 9 2243 2551 +edge_94_0_+disjointig_47_0_105696 14968 17206 105696 -1 -1 2151 0.00285822
Chain
	Aln	187	-2078cef2-cf66-4627-a9c8-00c68430817a 307 2541 2551 -edge_94_0_+disjointig_47_0_105696 88489 90727 105696 -1 -1 2151 0.00285822
Chain
	Aln	55	+984157ef-0b83-43d1-a795-67fc01320736 2 7961 8886 -edge_28_0_+disjointig_22_0_197748 187674 195639 197748 -1 -1 7858 0.0020239
Chain
	Aln	54	-984157ef-0b83-43d1-a795-67fc01320736 924 8883 8886 +edge_28_0_+disjointig_22_0_197748 2108 10073 197748 -1 -1 7858 0.0020239
Chain
	Aln	95	+4960b95c-669d-49d3-a3ec-58725edfe0a0 9 3244 3247 -edge_48_0_+disjointig_31_0_16188 12841 16076 16188 -1 -1 3178 0.00290066
Chain
	Aln	94	-4960b95c-669d-49d3-a3ec-58725edfe0a0 2 3237 3247 +edge_48_0_+disjointig_31_0_16188 111 3346 16188 -1 -1 3178 0.00290066
Chain
	Aln	99	+6c86f206-4c7f-4815-a408-323dd312e390 11 29023 31170 -edge_50_0_+disjointig_33_0_54467 4694 33717 54467 -1 -1 28649 0.000601529
Chain
	Aln	98	-6c86f206-4c7f-4815-a408-323dd312e390 2146 31158 31170 +edge_50_0_+disjointig_33_0_54467 20749 49772 54467 -1 -1 28649 0.000601529
Chain
	Aln	165	+d7583e3a-966c-418a-a502-01d0816ff8d9 4 2531 2533 -edge_83_0_-disjointig_71_8379_80660 52566 55092 72281 -1 -1 2480 0.000999839
Chain
	Aln	164	-d7583e3a-966c-418a-a502-01d0816ff8d9 1 2528 2533 +edge_83_0_-disjointig_71_8379_80660 17188 19714 72281 -1 -1 2480 0.000999839
Chain
	Aln	156	+3097cdd5-09c4-4099-b80a-9966c57d4458 8 13761 13769 +edge_79_0_+disjointig_44_99890_232551 65710 79472 132661 -1 -1 13576 0.00112303
Chain
	Aln	157	-3097cdd5-09c4-4099-b80a-9966c57d4458 7 13760 13769 -edge_79_0_+disjointig_44_99890_232551 53188 66950 132661 -1 -1 13576 0.00112303
Chain
	Aln	39	+35dc64ef-7669-40bd-8dc8-732870e1b9bf 6 29517 29521 -edge_20_0_+disjointig_15_0_99894 42764 72294 99894 -1 -1 28662 0.0031978
Chain
	Aln	38	-35dc64ef-7669-40bd-8dc8-732870e1b9bf 3 29514 29521 +edge_20_0_+disjointig_15_0_99894 27599 57129 99894 -1 -1 28662 0.0031978
Chain
	Aln	348	+bb6f60ba-053c-49aa-beb1-b0778db8bc04 13 5165 5213 +edge_175_1_+disjointig_49_70378_113247 35403 40559 42869 -1 -1 5080 0.00302915
Chain
	Aln	349	-bb6f60ba-053c-49aa-beb1-b0778db8bc04 47 5199 5213 -edge_175_1_+disjointig_49_70378_113247 2309 7465 42869 -1 -1 5080 0.00302915
Chain
	Aln	195	+b2935b79-0db4-42d2-b0cc-367e759e7bbb 6 9941 9944 -edge_98_0_+disjointig_51_0_39741 3003 12964 39741 -1 -1 9553 0.00517346
Chain
	Aln	194	-b2935b79-0db4-42d2-b0cc-367e759e7bbb 2 9937 9944 +edge_98_0_+disjointig_51_0_39741 26776 36737 39741 -1 -1 9553 0.00517346
Chain
	Aln	93	+f8f461d1-4b6a-459e-a953-02eb034ee55a 12 4235 4238 -edge_47_0_+disjointig_30_0_164630 138063 142294 164630 -1 -1 4082 0.00445837
Chain
	Aln	92	-f8f461d1-4b6a-459e-a953-02eb034ee55a 2 4225 4238 +edge_47_0_+disjointig_30_0_164630 22335 26566 164630 -1 -1 4082 0.00445837
Chain
	Aln	96	+5418120a-7afa-43b7-8241-41b67e817f5e 3 2441 2456 +edge_49_0_+disjointig_32_0_79547 34160 36599 79547 -1 -1 2430 0.00310383
Chain
	Aln	97	-5418120a-7afa-43b7-8241-41b67e817f5e 14 2452 2456 -edge_49_0_+disjointig_32_0_79547 42947 45386 79547 -1 -1 2430 0.00310383
Chain
	Aln	50	+9837f1fe-7d47-4022-b9b3-90395f37e762 9 5980 5985 +edge_26_0_+disjointig_20_0_104137 77883 83859 104137 -1 -1 5902 0.00103027
Chain
	Aln	51	-9837f1fe-7d47-4022-b9b3-90395f37e762 4 5975 5985 -edge_26_0_+disjointig_20_0_104137 20277 26253 104137 -1 -1 5902 0.00103027
Chain
	Aln	319	+f838e70c-8399-4b09-8e0b-7b76a5673eb0 9 4630 4638 -edge_160_0_-disjointig_48_0_101253 60027 64642 101253 -1 -1 4575 0.00126587
Chain
	Aln	318	-f838e70c-8399-4b09-8e0b-7b76a5673eb0 7 4628 4638 +edge_160_0_-disjointig_48_0_101253 36610 41225 101253 -1 -1 4575 0.00126587
Chain
	Aln	101	+5630ace3-f228-452d-b0e1-98e3af8994b0 12 6867 6870 -edge_51_0_+disjointig_34_0_132203 71297 78159 132203 -1 -1 6754 0.000888428
Chain
	Aln	100	-5630ace3-f228-452d-b0e1-98e3af8994b0 2 6857 6870 +edge_51_0_+disjointig_34_0_132203 54043 60905 132203 -1 -1 6754 0.000888428
Chain
	Aln	50	+73dbf94f-74ab-40e8-b722-145ebdeade58 22 9651 9656 +edge_26_0_+disjointig_20_0_104137 94547 104133 104137 -1 -1 9178 0.00403821
Chain
	Aln	51	-73dbf94f-74ab-40e8-b722-145ebdeade58 4 9633 9656 -edge_26_0_+disjointig_20_0_104137 3 9589 104137 -1 -1 9178 0.00403821
Chain
	Aln	63	+b4fad447-4d6a-4ae0-91c7-501ac62ab774 15 3981 3985 -edge_32_0_+disjointig_24_0_17277 3781 7742 17277 -1 -1 3831 0.00475927
Chain
	Aln	62	-b4fad447-4d6a-4ae0-91c7-501ac62ab774 3 3969 3985 +edge_32_0_+disjointig_24_0_17277 9534 13495 17277 -1 -1 3831 0.00475927
Chain
	Aln	51	+fb3aa214-46c6-492f-9d8b-fa2ef715321d 4 5477 5487 -edge_26_0_+disjointig_20_0_104137 72405 77876 104137 -1 -1 5443 0.00171356
Chain
	Aln	50	-fb3aa214-46c6-492f-9d8b-fa2ef715321d 9 5482 5487 +edge_26_0_+disjointig_20_0_104137 26260 31731 104137 -1 -1 5443 0.00171356
Chain
	Aln	221	+23fd36f0-0831-40c0-a0da-c7378b4ab79b 10 11482 11518 -edge_111_0_+disjointig_6_0_62673 51162 62635 62673 -1 -1 11067 0.0028445
Chain
	Aln	220	-23fd36f0-0831-40c0-a0da-c7378b4ab79b 35 11507 11518 +edge_111_0_+disjointig_6_0_62673 37 11510 62673 -1 -1 11067 0.0028445
Chain
	Aln	96	+aba91fa9-60ae-46c6-8006-dc562742be94 14 4238 4244 +edge_49_0_+disjointig_32_0_79547 58564 62801 79547 -1 -1 4057 0.00323448
Chain
	Aln	97	-aba91fa9-60ae-46c6-8006-dc562742be94 5 4229 4244 -edge_49_0_+disjointig_32_0_79547 16745 20982 79547 -1 -1 4057 0.00323448
Chain
	Aln	206	+f4627b90-49fa-4ba9-bd98-e82800956a01 9 24899 24903 +edge_104_0_+disjointig_56_0_67458 35101 60617 67458 -1 -1 22407 0.00535426
Chain
	Aln	207	-f4627b90-49fa-4ba9-bd98-e82800956a01 3 24893 24903 -edge_104_0_+disjointig_56_0_67458 6840 32356 67458 -1 -1 22407 0.00535426
Chain
	Aln	246	+21efcaa8-db96-4d01-a97f-4acf85681f17 11 21141 21143 +edge_124_0_+disjointig_70_0_27545 3322 24464 27545 -1 -1 20988 0.00112884
Chain
	Aln	247	-21efcaa8-db96-4d01-a97f-4acf85681f17 1 21131 21143 -edge_124_0_+disjointig_70_0_27545 3080 24222 27545 -1 -1 20988 0.00112884
Chain
	Aln	106	+073995cd-6d1c-4d95-ba16-160e627451df 4 3079 3090 +edge_54_0_+disjointig_37_0_6770 1577 4659 6770 -1 -1 2804 0.0112615
Chain
	Aln	107	-073995cd-6d1c-4d95-ba16-160e627451df 10 3085 3090 -edge_54_0_+disjointig_37_0_6770 2110 5192 6770 -1 -1 2804 0.0112615
Chain
	Aln	157	+9d9366ce-1b11-4a96-89cb-8c2b53382b50 11 5353 5357 -edge_79_0_+disjointig_44_99890_232551 122865 128206 132661 -1 -1 5292 0.000288458
Chain
	Aln	156	-9d9366ce-1b11-4a96-89cb-8c2b53382b50 3 5345 5357 +edge_79_0_+disjointig_44_99890_232551 4454 9795 132661 -1 -1 5292 0.000288458
Chain
	Aln	311	+9415c168-3532-477b-9501-92b3819a5421 23 10854 10856 -edge_156_0_+disjointig_23_18615_58974 11619 22458 40359 -1 -1 10499 0.0030564
Chain
	Aln	310	-9415c168-3532-477b-9501-92b3819a5421 1 10832 10856 +edge_156_0_+disjointig_23_18615_58974 17900 28739 40359 -1 -1 10499 0.0030564
Chain
	Aln	296	+dd534538-575c-4353-a0fc-ae7fc8387e89 1 24291 24304 +edge_149_0_-disjointig_16_0_79715 55427 79712 79715 -1 -1 23511 0.00348166
Chain
	Aln	297	-dd534538-575c-4353-a0fc-ae7fc8387e89 12 24302 24304 -edge_149_0_-disjointig_16_0_79715 2 24287 79715 -1 -1 23511 0.00348166
Chain
	Aln	306	+bb837543-898d-41ee-b0c1-48b3b1c246ec 7 2530 2571 +edge_154_0_+disjointig_18_11964_26268 3516 6039 14304 -1 -1 2503 0.00235916
Chain
	Aln	307	-bb837543-898d-41ee-b0c1-48b3b1c246ec 40 2563 2571 -edge_154_0_+disjointig_18_11964_26268 8264 10787 14304 -1 -1 2503 0.00235916
Chain
	Aln	223	+417d1a78-42da-4c6c-8301-3ca28624b435 24 4378 4382 -edge_112_0_+disjointig_62_0_57746 26540 30968 57746 -1 -1 3527 0.0147076
Chain
	Aln	222	-417d1a78-42da-4c6c-8301-3ca28624b435 3 4357 4382 +edge_112_0_+disjointig_62_0_57746 26777 31205 57746 -1 -1 3527 0.0147076
Chain
	Aln	296	+54d01bf6-13bb-43b7-914b-8c0fe4f9b326 10 2689 2699 +edge_149_0_-disjointig_16_0_79715 9997 12677 79715 -1 -1 2665 0.000425403
Chain
	Aln	297	-54d01bf6-13bb-43b7-914b-8c0fe4f9b326 9 2688 2699 -edge_149_0_-disjointig_16_0_79715 67037 69717 79715 -1 -1 2665 0.000425403
Chain
	Aln	337	+4cf813cd-5748-4d2b-9d7e-8bfc35fbf89d 3 7876 7885 -edge_169_0_+disjointig_66_0_52611 21815 29704 52611 -1 -1 7731 0.00124977
Chain
	Aln	336	-4cf813cd-5748-4d2b-9d7e-8bfc35fbf89d 8 7881 7885 +edge_169_0_+disjointig_66_0_52611 22906 30795 52611 -1 -1 7731 0.00124977
Chain
	Aln	322	+31db6b49-781a-47de-b11f-427ba5a2b60a 8 2681 2874 +edge_162_0_+disjointig_38_2796_14800 5313 7983 12004 -1 -1 2619 0.00275918
Chain
	Aln	323	-31db6b49-781a-47de-b11f-427ba5a2b60a 192 2865 2874 -edge_162_0_+disjointig_38_2796_14800 4020 6690 12004 -1 -1 2619 0.00275918
Chain
	Aln	356	+dac36f8d-aa61-44c4-9d67-8d722fafc849 13 5827 5832 +edge_179_0_+disjointig_67_0_82889 2447 8264 82889 -1 -1 5743 0.00140776
Chain
	Aln	357	-dac36f8d-aa61-44c4-9d67-8d722fafc849 4 5818 5832 -edge_179_0_+disjointig_67_0_82889 74624 80441 82889 -1 -1 5743 0.00140776
Chain
	Aln	173	+ce36d59d-c2f2-4c36-87e3-ed623a9e3c28 16 14829 14839 -edge_87_0_+disjointig_50_31455_62704 15063 29903 31249 -1 -1 14558 0.002269
Chain
	Aln	172	-ce36d59d-c2f2-4c36-87e3-ed623a9e3c28 9 14822 14839 +edge_87_0_+disjointig_50_31455_62704 1345 16185 31249 -1 -1 14558 0.002269
Chain
	Aln	318	+4b7ee7e0-e4e4-40e4-bb34-43380e4947b8 2 5018 5087 +edge_160_0_-disjointig_48_0_101253 89539 94553 101253 -1 -1 4973 0.00194159
Chain
	Aln	319	-4b7ee7e0-e4e4-40e4-bb34-43380e4947b8 68 5084 5087 -edge_160_0_-disjointig_48_0_101253 6699 11713 101253 -1 -1 4973 0.00194159
Chain
	Aln	163	+400472e2-ee15-4d88-8314-04c9f80e1220 4 7166 8095 -edge_82_0_+disjointig_61_85560_113950 5279 12450 28390 -1 -1 7114 0.00149955
Chain
	Aln	162	-400472e2-ee15-4d88-8314-04c9f80e1220 928 8090 8095 +edge_82_0_+disjointig_61_85560_113950 15939 23110 28390 -1 -1 7114 0.00149955
Chain
	Aln	39	+53314321-571b-4bfb-904e-3d3bad34c022 5 3410 3417 -edge_20_0_+disjointig_15_0_99894 31638 35042 99894 -1 -1 3384 0.00116451
Chain
	Aln	38	-53314321-571b-4bfb-904e-3d3bad34c022 6 3411 3417 +edge_20_0_+disjointig_15_0_99894 64851 68255 99894 -1 -1 3384 0.00116451
Chain
	Aln	327	+0ec4a04a-5718-4086-9398-01069ff443ed 17 1986 4703 -edge_164_0_+disjointig_39_11307_40702 27425 29394 29395 -1 -1 1936 0.00276912
	Aln	325	+0ec4a04a-5718-4086-9398-01069ff443ed 1994 4701 4703 -edge_163_0_+disjointig_88_0_21860 7 2715 21860 -1 -1 2669 0.00177209
Chain
	Aln	324	-0ec4a04a-5718-4086-9398-01069ff443ed 1 2708 4703 +edge_163_0_+disjointig_88_0_21860 19144 21852 21860 -1 -1 2669 0.00177209
	Aln	326	-0ec4a04a-5718-4086-9398-01069ff443ed 2716 4685 4703 +edge_164_0_+disjointig_39_11307_40702 0 1969 29395 -1 -1 1936 0.00276912
Chain
	Aln	51	+36fc10b0-fa8c-4854-bfdc-0c4724bb126a 22 10763 10772 -edge_26_0_+disjointig_20_0_104137 84990 95729 104137 -1 -1 10678 0.000115806
Chain
	Aln	50	-36fc10b0-fa8c-4854-bfdc-0c4724bb126a 8 10749 10772 +edge_26_0_+disjointig_20_0_104137 8407 19146 104137 -1 -1 10678 0.000115806
Chain
	Aln	97	+bf02238f-9cad-4d0e-95f9-137e55f6d8ad 7 9210 9213 -edge_49_0_+disjointig_32_0_79547 34357 43558 79547 -1 -1 9139 0.00026958
Chain
	Aln	96	-bf02238f-9cad-4d0e-95f9-137e55f6d8ad 2 9205 9213 +edge_49_0_+disjointig_32_0_79547 35988 45189 79547 -1 -1 9139 0.00026958
Chain
	Aln	317	+46e8b330-c4d8-4b97-9563-b82ae590d825 26 5965 5968 -edge_159_0_-disjointig_7_3314_15112 4880 10822 11798 -1 -1 5860 0.00119338
Chain
	Aln	316	-46e8b330-c4d8-4b97-9563-b82ae590d825 2 5941 5968 +edge_159_0_-disjointig_7_3314_15112 975 6917 11798 -1 -1 5860 0.00119338
Chain
	Aln	259	+f4bf9051-ca37-4e9b-9872-68ae26b5a51c 12 10870 10879 -edge_130_0_+disjointig_76_0_18842 11 10867 18842 -1 -1 10709 0.000361438
Chain
	Aln	258	-f4bf9051-ca37-4e9b-9872-68ae26b5a51c 8 10866 10879 +edge_130_0_+disjointig_76_0_18842 7974 18830 18842 -1 -1 10709 0.000361438
Chain
	Aln	216	+0ab26608-eac1-4ada-bc85-fc5631bb24a4 11 4189 4231 +edge_109_0_+disjointig_58_0_33005 6316 10492 33005 -1 -1 4146 0.000579925
Chain
	Aln	217	-0ab26608-eac1-4ada-bc85-fc5631bb24a4 41 4219 4231 -edge_109_0_+disjointig_58_0_33005 22512 26688 33005 -1 -1 4146 0.000579925
Chain
	Aln	39	+6a743abe-101d-42a9-93a0-de18ccf1f31b 7 5583 5586 -edge_20_0_+disjointig_15_0_99894 42361 47940 99894 -1 -1 5507 0.00110024
Chain
	Aln	38	-6a743abe-101d-42a9-93a0-de18ccf1f31b 2 5578 5586 +edge_20_0_+disjointig_15_0_99894 51953 57532 99894 -1 -1 5507 0.00110024
Chain
	Aln	138	+202b95ed-641e-414b-b816-9c79b45bc422 4 7452 7464 +edge_70_0_+disjointig_43_0_8017 555 8006 8017 -1 -1 7317 0.00301565
Chain
	Aln	139	-202b95ed-641e-414b-b816-9c79b45bc422 11 7459 7464 -edge_70_0_+disjointig_43_0_8017 10 7461 8017 -1 -1 7317 0.00301565
Chain
	Aln	54	+e35a6f3f-b139-4e1e-b2ea-be38f13cd738 4 5858 5906 +edge_28_0_+disjointig_22_0_197748 19727 25551 197748 -1 -1 5483 0.00524713
Chain
	Aln	55	-e35a6f3f-b139-4e1e-b2ea-be38f13cd738 47 5901 5906 -edge_28_0_+disjointig_22_0_197748 172196 178020 197748 -1 -1 5483 0.00524713
Chain
	Aln	51	+d389be70-bde9-4ad2-8ff9-c3af8cfba3a9 8 4409 4414 -edge_26_0_+disjointig_20_0_104137 68469 72881 104137 -1 -1 4300 0.00246883
Chain
	Aln	50	-d389be70-bde9-4ad2-8ff9-c3af8cfba3a9 4 4405 4414 +edge_26_0_+disjointig_20_0_104137 31255 35667 104137 -1 -1 4300 0.00246883
Chain
	Aln	348	+5e5bb83d-f514-42b5-a697-419ff65d9971 8 2348 2351 +edge_175_0_+disjointig_49_27612_70378 4498 6838 42766 -1 -1 2333 0.00094713
Chain
	Aln	349	-5e5bb83d-f514-42b5-a697-419ff65d9971 2 2342 2351 -edge_175_0_+disjointig_49_27612_70378 35927 38267 42766 -1 -1 2333 0.00094713
Chain
	Aln	55	+873dafc6-46f8-4187-9d80-6855a70e5e70 5 3615 3618 -edge_28_0_+disjointig_22_0_197748 128181 131789 197748 -1 -1 3591 0.000570988
Chain
	Aln	54	-873dafc6-46f8-4187-9d80-6855a70e5e70 2 3612 3618 +edge_28_0_+disjointig_22_0_197748 65958 69566 197748 -1 -1 3591 0.000570988
Chain
	Aln	356	+3c812f9c-ef22-4ea4-9ad4-1532a8def6a3 6 5491 7557 +edge_179_0_+disjointig_67_0_82889 77391 82882 82889 -1 -1 5314 0.0042065
	Aln	358	+3c812f9c-ef22-4ea4-9ad4-1532a8def6a3 5504 7548 7557 +edge_180_0_+disjointig_65_8266_10325 6 2051 2059 -1 -1 2021 0.00551669
Chain
	Aln	359	-3c812f9c-ef22-4ea4-9ad4-1532a8def6a3 8 2052 7557 -edge_180_0_+disjointig_65_8266_10325 7 2052 2059 -1 -1 2021 0.00551669
	Aln	357	-3c812f9c-ef22-4ea4-9ad4-1532a8def6a3 2065 7550 7557 -edge_179_0_+disjointig_67_0_82889 6 5497 82889 -1 -1 5314 0.0042065
Chain
	Aln	334	+d39f63bd-60e7-49e0-8422-39ce9d63b05c 28 7084 7086 +edge_168_0_+disjointig_41_22847_84173 35141 42197 61326 -1 -1 6987 0.00138892
Chain
	Aln	335	-d39f63bd-60e7-49e0-8422-39ce9d63b05c 1 7057 7086 -edge_168_0_+disjointig_41_22847_84173 19128 26184 61326 -1 -1 6987 0.00138892
Chain
	Aln	157	+144d2b63-45fb-4c8a-bceb-7e2366e3886f 10 2521 2523 -edge_79_0_+disjointig_44_99890_232551 111046 113556 132661 -1 -1 2469 0.000495918
Chain
	Aln	156	-144d2b63-45fb-4c8a-bceb-7e2366e3886f 1 2512 2523 +edge_79_0_+disjointig_44_99890_232551 19104 21614 132661 -1 -1 2469 0.000495918
Chain
	Aln	339	+0bfc0fa9-d6b6-4ee6-b0ab-ed6d14f6ba3f 7 3452 13277 -edge_170_0_+disjointig_42_29456_35877 2980 6420 6421 -1 -1 3413 0.00332586
	Aln	337	+0bfc0fa9-d6b6-4ee6-b0ab-ed6d14f6ba3f 3466 13266 13277 -edge_169_0_+disjointig_66_0_52611 13 9807 52611 -1 -1 9460 0.00435719
Chain
	Aln	336	-0bfc0fa9-d6b6-4ee6-b0ab-ed6d14f6ba3f 10 9810 13277 +edge_169_0_+disjointig_66_0_52611 42803 52597 52611 -1 -1 9460 0.00435719
	Aln	338	-0bfc0fa9-d6b6-4ee6-b0ab-ed6d14f6ba3f 9824 13269 13277 +edge_170_0_+disjointig_42_29456_35877 0 3440 6421 -1 -1 3413 0.00332586
Chain
	Aln	100	+8248e8b4-75ae-475b-86ff-cf48f857ec21 22 2343 2357 +edge_51_0_+disjointig_34_0_132203 63963 66284 132203 -1 -1 2321 0
Chain
	Aln	101	-8248e8b4-75ae-475b-86ff-cf48f857ec21 13 2334 2357 -edge_51_0_+disjointig_34_0_132203 65918 68239 132203 -1 -1 2321 0
Chain
	Aln	357	+2c7bfa0d-5c80-46cb-a01a-408e9c6cba7b 13 10105 10107 -edge_179_0_+disjointig_67_0_82889 68190 78283 82889 -1 -1 9975 0.00130508
Chain
	Aln	356	-2c7bfa0d-5c80-46cb-a01a-408e9c6cba7b 1 10093 10107 +edge_179_0_+disjointig_67_0_82889 4605 14698 82889 -1 -1 9975 0.00130508
Chain
	Aln	246	+14764dba-7d1a-42d5-98a2-01f2b4a6ef11 9 2203 2209 +edge_124_0_+disjointig_70_0_27545 19303 21502 27545 -1 -1 2157 0.00136986
Chain
	Aln	247	-14764dba-7d1a-42d5-98a2-01f2b4a6ef11 5 2199 2209 -edge_124_0_+disjointig_70_0_27545 6042 8241 27545 -1 -1 2157 0.00136986
Chain
	Aln	323	+0b0430bc-7aef-4112-a9c0-997fc73c6abc 4 10023 11997 -edge_162_1_+disjointig_38_14800_26877 2050 12076 12077 -1 -1 9888 0.0016067
	Aln	323	+0b0430bc-7aef-4112-a9c0-997fc73c6abc 10035 11936 11997 -edge_162_0_+disjointig_38_2796_14800 11 1913 12004 -1 -1 1855 0.0061497
Chain
	Aln	322	-0b0430bc-7aef-4112-a9c0-997fc73c6abc 60 1961 11997 +edge_162_0_+disjointig_38_2796_14800 10090 11992 12004 -1 -1 1855 0.0061497
	Aln	322	-0b0430bc-7aef-4112-a9c0-997fc73c6abc 1973 11992 11997 +edge_162_1_+disjointig_38_14800_26877 0 10026 12077 -1 -1 9888 0.0016067
Chain
	Aln	39	+060e522c-3d2a-4cba-ad93-184563671b20 22 3917 3919 -edge_20_0_+disjointig_15_0_99894 61693 65583 99894 -1 -1 3875 5.57452e-06
Chain
	Aln	38	-060e522c-3d2a-4cba-ad93-184563671b20 1 3896 3919 +edge_20_0_+disjointig_15_0_99894 34310 38200 99894 -1 -1 3875 5.57452e-06
Chain
	Aln	260	+9e9343d8-f465-45fc-b2cc-32e68ce98a34 11 7252 7255 +edge_131_0_+disjointig_78_0_34465 17551 24787 34465 -1 -1 7184 0.00202464
Chain
	Aln	261	-9e9343d8-f465-45fc-b2cc-32e68ce98a34 2 7243 7255 -edge_131_0_+disjointig_78_0_34465 9677 16913 34465 -1 -1 7184 0.00202464
Chain
	Aln	232	+b1f21664-aa67-4e97-a1c6-bb80017fffc8 7 5602 5605 +edge_117_0_+disjointig_69_0_75545 60252 65859 75545 -1 -1 5412 0.00449302
Chain
	Aln	233	-b1f21664-aa67-4e97-a1c6-bb80017fffc8 2 5597 5605 -edge_117_0_+disjointig_69_0_75545 9685 15292 75545 -1 -1 5412 0.00449302
Chain
	Aln	233	+46df8613-f7e2-4880-8b7d-702d2272082b 8 4112 4204 -edge_117_0_+disjointig_69_0_75545 13085 17189 75545 -1 -1 4076 0.000875579
Chain
	Aln	232	-46df8613-f7e2-4880-8b7d-702d2272082b 91 4195 4204 +edge_117_0_+disjointig_69_0_75545 58355 62459 75545 -1 -1 4076 0.000875579
Chain
	Aln	178	+6a032117-aa31-4021-a7d2-bd2c916f9a7f 15 11885 11888 +edge_90_0_-disjointig_61_33235_113950 47362 59227 80715 -1 -1 11755 0.00079108
Chain
	Aln	179	-6a032117-aa31-4021-a7d2-bd2c916f9a7f 2 11872 11888 -edge_90_0_-disjointig_61_33235_113950 21487 33352 80715 -1 -1 11755 0.00079108
Chain
	Aln	233	+fa0953b2-ac1c-4078-b8bc-7077dc22548c 6 5553 5590 -edge_117_0_+disjointig_69_0_75545 9670 15243 75545 -1 -1 5310 0.00597263
Chain
	Aln	232	-fa0953b2-ac1c-4078-b8bc-7077dc22548c 36 5583 5590 +edge_117_0_+disjointig_69_0_75545 60301 65874 75545 -1 -1 5310 0.00597263
Chain
	Aln	265	+3d923447-06f3-4476-9bc2-ddeffbf85e26 5 9602 9611 -edge_133_0_+disjointig_8_0_56180 44571 54179 56180 -1 -1 9436 0.00234485
Chain
	Aln	264	-3d923447-06f3-4476-9bc2-ddeffbf85e26 8 9605 9611 +edge_133_0_+disjointig_8_0_56180 2000 11608 56180 -1 -1 9436 0.00234485
Chain
	Aln	50	+c4de7284-249d-43c7-aba3-e0ef2cce7915 11 9226 9229 +edge_26_0_+disjointig_20_0_104137 18301 27527 104137 -1 -1 8791 0.00609367
Chain
	Aln	51	-c4de7284-249d-43c7-aba3-e0ef2cce7915 2 9217 9229 -edge_26_0_+disjointig_20_0_104137 76609 85835 104137 -1 -1 8791 0.00609367
Chain
	Aln	304	+735228fe-16e5-49a4-a859-2f66219ebf53 12 2226 2231 +edge_153_0_+disjointig_12_8982_46009 29211 31421 37027 -1 -1 2165 0.00314313
Chain
	Aln	305	-735228fe-16e5-49a4-a859-2f66219ebf53 4 2218 2231 -edge_153_0_+disjointig_12_8982_46009 5605 7815 37027 -1 -1 2165 0.00314313
Chain
	Aln	163	+6e610c90-f837-4a6f-a53e-d5a2aca0a496 11 3110 3121 -edge_82_0_+disjointig_61_85560_113950 7232 10330 28390 -1 -1 3077 0.000269084
Chain
	Aln	162	-6e610c90-f837-4a6f-a53e-d5a2aca0a496 10 3109 3121 +edge_82_0_+disjointig_61_85560_113950 18059 21157 28390 -1 -1 3077 0.000269084
Chain
	Aln	146	+dd3cf9f9-9d4a-49ef-8bba-40c1160737ec 1431 1610 4359 +edge_74_0_-disjointig_71_1669_2447 564 743 778 -1 -1 155 0.0154227
	Aln	149	+dd3cf9f9-9d4a-49ef-8bba-40c1160737ec 1656 4354 4359 -edge_75_8_+disjointig_71_75040_78213 10 2659 3173 -1 -1 2542 0.00368918
Chain
	Aln	148	-dd3cf9f9-9d4a-49ef-8bba-40c1160737ec 4 2702 4359 +edge_75_8_+disjointig_71_75040_78213 513 3162 3173 -1 -1 2542 0.00368918
	Aln	147	-dd3cf9f9-9d4a-49ef-8bba-40c1160737ec 2748 2927 4359 -edge_74_0_-disjointig_71_1669_2447 34 213 778 -1 -1 155 0.0154227
Chain
	Aln	232	+b76dfb3f-17db-4418-8926-1e9e08e62f3a 9 10366 10370 +edge_117_0_+disjointig_69_0_75545 14040 24396 75545 -1 -1 10328 0.00120513
Chain
	Aln	233	-b76dfb3f-17db-4418-8926-1e9e08e62f3a 3 10360 10370 -edge_117_0_+disjointig_69_0_75545 51148 61504 75545 -1 -1 10328 0.00120513
Chain
	Aln	102	+78729f60-aa9c-4a27-bd4a-8631f0291291 6 3486 3493 +edge_52_0_+disjointig_35_0_49615 22014 25497 49615 -1 -1 3454 0.000963861
Chain
	Aln	103	-78729f60-aa9c-4a27-bd4a-8631f0291291 6 3486 3493 -edge_52_0_+disjointig_35_0_49615 24117 27600 49615 -1 -1 3454 0.000963861
Chain
	Aln	356	+d3420c4a-62a4-4edd-a351-32f0f2bebd20 4 7834 7843 +edge_179_0_+disjointig_67_0_82889 26483 34313 82889 -1 -1 7773 0.00122925
Chain
	Aln	357	-d3420c4a-62a4-4edd-a351-32f0f2bebd20 8 7838 7843 -edge_179_0_+disjointig_67_0_82889 48575 56405 82889 -1 -1 7773 0.00122925
Chain
	Aln	305	+06491cbb-46cc-49d3-abf6-6fe73c66323a 11 13785 17800 -edge_153_0_+disjointig_12_8982_46009 23245 37018 37027 -1 -1 13683 0.000553596
	Aln	303	+06491cbb-46cc-49d3-abf6-6fe73c66323a 13810 17786 17800 -edge_152_0_-disjointig_60_6186_67457 14 3985 61271 -1 -1 3886 0.00247777
Chain
	Aln	302	-06491cbb-46cc-49d3-abf6-6fe73c66323a 13 3989 17800 +edge_152_0_-disjointig_60_6186_67457 57285 61256 61271 -1 -1 3886 0.00247777
	Aln	304	-06491cbb-46cc-49d3-abf6-6fe73c66323a 4014 17788 17800 +edge_153_0_+disjointig_12_8982_46009 8 13781 37027 -1 -1 13683 0.000553596
Chain
	Aln	225	+94530e89-2b01-4ec1-a875-c87fbc0567ad 6 3638 3641 -edge_113_0_+disjointig_63_0_39436 326 3974 39436 -1 -1 3411 0.00709329
Chain
	Aln	224	-94530e89-2b01-4ec1-a875-c87fbc0567ad 2 3634 3641 +edge_113_0_+disjointig_63_0_39436 35461 39109 39436 -1 -1 3411 0.00709329
Chain
	Aln	233	+7aa911ec-b88a-4d9e-bb0c-6ab1c3c95570 10 10358 10361 -edge_117_0_+disjointig_69_0_75545 51135 61490 75545 -1 -1 10140 0.00294402
Chain
	Aln	232	-7aa911ec-b88a-4d9e-bb0c-6ab1c3c95570 2 10350 10361 +edge_117_0_+disjointig_69_0_75545 14054 24409 75545 -1 -1 10140 0.00294402
Chain
	Aln	54	+604ab87e-7841-41d3-acc7-2e229d32901a 6 17634 17636 +edge_28_0_+disjointig_22_0_197748 42241 59870 197748 -1 -1 17522 0.00123009
Chain
	Aln	55	-604ab87e-7841-41d3-acc7-2e229d32901a 1 17629 17636 -edge_28_0_+disjointig_22_0_197748 137877 155506 197748 -1 -1 17522 0.00123009
Chain
	Aln	53	+e60444af-d546-4e23-b2c3-f59c0bd1263f 16 6106 6117 -edge_27_0_+disjointig_21_0_54132 10312 16412 54132 -1 -1 6005 0.000444976
Chain
	Aln	52	-e60444af-d546-4e23-b2c3-f59c0bd1263f 10 6100 6117 +edge_27_0_+disjointig_21_0_54132 37719 43819 54132 -1 -1 6005 0.000444976
Chain
	Aln	197	+bb3a390b-04c9-488a-9e48-fd24edf853b0 13 2098 2105 -edge_99_0_+disjointig_52_0_12099 8240 10324 12099 -1 -1 1953 0.00630912
Chain
	Aln	196	-bb3a390b-04c9-488a-9e48-fd24edf853b0 6 2091 2105 +edge_99_0_+disjointig_52_0_12099 1774 3858 12099 -1 -1 1953 0.00630912
Chain
	Aln	167	+a7a7f83a-ea0a-4014-96e1-30741065e6b2 5 4285 4287 -edge_84_0_-disjointig_72_8278_16178 3454 7745 7900 -1 -1 4172 0.00121726
Chain
	Aln	166	-a7a7f83a-ea0a-4014-96e1-30741065e6b2 1 4281 4287 +edge_84_0_-disjointig_72_8278_16178 154 4445 7900 -1 -1 4172 0.00121726
Chain
	Aln	156	+54dd8bd0-3cd6-4f0c-94e1-51ad7893661d 5 3318 3327 +edge_79_0_+disjointig_44_99890_232551 79364 82677 132661 -1 -1 3283 0.00357011
Chain
	Aln	157	-54dd8bd0-3cd6-4f0c-94e1-51ad7893661d 8 3321 3327 -edge_79_0_+disjointig_44_99890_232551 49983 53296 132661 -1 -1 3283 0.00357011
Chain
	Aln	93	+d2da7d63-8b15-4b96-8efc-ede4e1f7933a 5 2138 2144 -edge_47_0_+disjointig_30_0_164630 90432 92563 164630 -1 -1 2118 0.0020415
Chain
	Aln	92	-d2da7d63-8b15-4b96-8efc-ede4e1f7933a 5 2138 2144 +edge_47_0_+disjointig_30_0_164630 72066 74197 164630 -1 -1 2118 0.0020415
Chain
	Aln	328	+bb914108-2273-4813-b4ec-c9e4ff327de2 24 5116 5122 +edge_165_0_+disjointig_54_0_66147 29413 34506 66147 -1 -1 4961 0.00270433
Chain
	Aln	329	-bb914108-2273-4813-b4ec-c9e4ff327de2 5 5097 5122 -edge_165_0_+disjointig_54_0_66147 31640 36733 66147 -1 -1 4961 0.00270433
Chain
	Aln	92	+766ea8a9-e50d-42e9-90d4-1a7e6759f14e 5 52011 52014 +edge_47_0_+disjointig_30_0_164630 8450 60522 164630 -1 -1 51039 0.00254812
Chain
	Aln	93	-766ea8a9-e50d-42e9-90d4-1a7e6759f14e 2 52008 52014 -edge_47_0_+disjointig_30_0_164630 104107 156179 164630 -1 -1 51039 0.00254812
Chain
	Aln	261	+37293e22-131d-4692-b82a-cb00bf2ed2b6 11 5183 5191 -edge_131_0_+disjointig_78_0_34465 16931 22105 34465 -1 -1 5110 0.0023802
Chain
	Aln	260	-37293e22-131d-4692-b82a-cb00bf2ed2b6 7 5179 5191 +edge_131_0_+disjointig_78_0_34465 12359 17533 34465 -1 -1 5110 0.0023802
Chain
	Aln	97	+da7df507-8593-4b0f-9e1d-cfda53c32eb4 12 13000 29942 -edge_49_0_+disjointig_32_0_79547 8255 21238 79547 -1 -1 12684 0.00233448
Chain
	Aln	98	+da7df507-8593-4b0f-9e1d-cfda53c32eb4 21040 29938 29942 +edge_50_0_+disjointig_33_0_54467 794 9698 54467 -1 -1 8752 0.00159956
Chain
	Aln	96	-da7df507-8593-4b0f-9e1d-cfda53c32eb4 16941 29929 29942 +edge_49_0_+disjointig_32_0_79547 58308 71291 79547 -1 -1 12684 0.00233448
Chain
	Aln	99	-da7df507-8593-4b0f-9e1d-cfda53c32eb4 3 8901 29942 -edge_50_0_+disjointig_33_0_54467 44768 53672 54467 -1 -1 8752 0.00159956
Chain
	Aln	335	+d07db7b2-a80e-42db-a993-984463b08a79 4 7575 7577 -edge_168_0_+disjointig_41_22847_84173 41282 48845 61326 -1 -1 7460 0.000359695
Chain
	Aln	334	-d07db7b2-a80e-42db-a993-984463b08a79 1 7572 7577 +edge_168_0_+disjointig_41_22847_84173 12480 20043 61326 -1 -1 7460 0.000359695
Chain
	Aln	211	+051448ee-8c70-4364-9f92-4201e9d55607 31 2387 16961 -edge_106_0_+disjointig_77_4957_29687 22373 24729 24730 -1 -1 2356 0
	Aln	354	+051448ee-8c70-4364-9f92-4201e9d55607 2389 3813 16961 +edge_178_0_+disjointig_56_67458_85258 2 1420 17800 -1 -1 1383 0.00103337
Chain
	Aln	355	-051448ee-8c70-4364-9f92-4201e9d55607 13147 14571 16961 -edge_178_0_+disjointig_56_67458_85258 16379 17797 17800 -1 -1 1383 0.00103337
	Aln	210	-051448ee-8c70-4364-9f92-4201e9d55607 14573 16929 16961 +edge_106_0_+disjointig_77_4957_29687 0 2356 24730 -1 -1 2356 0
Chain
	Aln	50	+dee8abc6-0004-4262-9628-59ec2c11d2ed 5 14310 14312 +edge_26_0_+disjointig_20_0_104137 30106 44430 104137 -1 -1 14133 0.00142568
Chain
	Aln	51	-dee8abc6-0004-4262-9628-59ec2c11d2ed 1 14306 14312 -edge_26_0_+disjointig_20_0_104137 59706 74030 104137 -1 -1 14133 0.00142568
Chain
	Aln	341	+0cfb3496-cb47-4083-ae10-4bcae7fed414 15 11689 11697 -edge_171_0_+disjointig_44_0_83253 50029 61708 83253 -1 -1 11563 0.0021506
Chain
	Aln	340	-0cfb3496-cb47-4083-ae10-4bcae7fed414 7 11681 11697 +edge_171_0_+disjointig_44_0_83253 21544 33223 83253 -1 -1 11563 0.0021506
Chain
	Aln	215	+d67659e2-4e42-4bd1-96d6-43aa1e4378ce 6 6735 6737 -edge_108_0_+disjointig_57_0_28352 5395 12140 28352 -1 -1 6620 0.00152982
Chain
	Aln	214	-d67659e2-4e42-4bd1-96d6-43aa1e4378ce 1 6730 6737 +edge_108_0_+disjointig_57_0_28352 16211 22956 28352 -1 -1 6620 0.00152982
Chain
	Aln	304	+1c5119b8-ff37-4962-86a9-fad3180d17bd 4 2157 2162 +edge_153_0_+disjointig_12_8982_46009 19604 21756 37027 -1 -1 2147 0.0013455
Chain
	Aln	305	-1c5119b8-ff37-4962-86a9-fad3180d17bd 4 2157 2162 -edge_153_0_+disjointig_12_8982_46009 15270 17422 37027 -1 -1 2147 0.0013455
Chain
	Aln	348	+7b48278c-2d6b-4e22-b448-708b9c53a5f4 7 5874 5879 +edge_175_0_+disjointig_49_27612_70378 11077 16946 42766 -1 -1 5849 0.00119419
Chain
	Aln	349	-7b48278c-2d6b-4e22-b448-708b9c53a5f4 4 5871 5879 -edge_175_0_+disjointig_49_27612_70378 25819 31688 42766 -1 -1 5849 0.00119419
Chain
	Aln	233	+f18e5a17-19a8-4c9b-90c4-c2958aa06fed 10 2450 2456 -edge_117_0_+disjointig_69_0_75545 67425 69865 75545 -1 -1 2440 0
Chain
	Aln	232	-f18e5a17-19a8-4c9b-90c4-c2958aa06fed 5 2445 2456 +edge_117_0_+disjointig_69_0_75545 5679 8119 75545 -1 -1 2440 0
Chain
	Aln	348	+9ee4d49c-d350-41d6-9d02-facbff41c155 0 730 3480 +edge_175_0_+disjointig_49_27612_70378 42026 42756 42766 -1 -1 656 0.0131342
	Aln	348	+9ee4d49c-d350-41d6-9d02-facbff41c155 747 3475 3480 +edge_175_0_+disjointig_49_27612_70378 7 2733 42766 -1 -1 2704 0.00307458
Chain
	Aln	349	-9ee4d49c-d350-41d6-9d02-facbff41c155 4 2732 3480 -edge_175_0_+disjointig_49_27612_70378 40032 42758 42766 -1 -1 2704 0.00307458
	Aln	349	-9ee4d49c-d350-41d6-9d02-facbff41c155 2749 3479 3480 -edge_175_0_+disjointig_49_27612_70378 9 739 42766 -1 -1 656 0.0131342
Chain
	Aln	92	+2aad53ca-bc92-46d5-b032-e2b8ffce7167 11 7396 7400 +edge_47_0_+disjointig_30_0_164630 135974 143389 164630 -1 -1 6094 0.0126131
Chain
	Aln	93	-2aad53ca-bc92-46d5-b032-e2b8ffce7167 3 7388 7400 -edge_47_0_+disjointig_30_0_164630 21240 28655 164630 -1 -1 6094 0.0126131
Chain
	Aln	218	+20013a98-bb17-4b0c-accb-61c6405e3865 1 8511 8518 +edge_110_0_+disjointig_59_0_17897 1 8505 17897 -1 -1 8428 0
Chain
	Aln	219	-20013a98-bb17-4b0c-accb-61c6405e3865 6 8516 8518 -edge_110_0_+disjointig_59_0_17897 9391 17895 17897 -1 -1 8428 0
Chain
	Aln	334	+38ff2772-eb5b-481d-b12a-511d3f828582 4 4336 4338 +edge_168_0_+disjointig_41_22847_84173 53520 57852 61326 -1 -1 4326 0.00146907
Chain
	Aln	335	-38ff2772-eb5b-481d-b12a-511d3f828582 1 4333 4338 -edge_168_0_+disjointig_41_22847_84173 3473 7805 61326 -1 -1 4326 0.00146907
Chain
	Aln	292	+37e93715-ac21-426c-b425-6bf21e9b383d 1 7488 7492 +edge_147_0_-disjointig_17_0_25571 1 7467 25571 -1 -1 7346 0.00225561
Chain
	Aln	293	-37e93715-ac21-426c-b425-6bf21e9b383d 3 7490 7492 -edge_147_0_-disjointig_17_0_25571 18103 25569 25571 -1 -1 7346 0.00225561
Chain
	Aln	349	+9ee7a11b-b2c2-4e40-82c4-258602ac2eef 3 2365 17025 -edge_175_0_+disjointig_49_27612_70378 40403 42765 42766 -1 -1 2288 0.00335608
	Aln	349	+9ee7a11b-b2c2-4e40-82c4-258602ac2eef 2378 17017 17025 -edge_175_0_+disjointig_49_27612_70378 12 14656 42766 -1 -1 14018 0.00482514
Chain
	Aln	348	-9ee7a11b-b2c2-4e40-82c4-258602ac2eef 7 14646 17025 +edge_175_0_+disjointig_49_27612_70378 28109 42753 42766 -1 -1 14018 0.00482514
	Aln	348	-9ee7a11b-b2c2-4e40-82c4-258602ac2eef 14659 17021 17025 +edge_175_0_+disjointig_49_27612_70378 0 2362 42766 -1 -1 2288 0.00335608
Chain
	Aln	293	+f52b1319-7c1e-46d1-b7be-0164bdcbed23 6 7451 7462 -edge_147_0_-disjointig_17_0_25571 18081 25541 25571 -1 -1 7273 0.00336196
Chain
	Aln	292	-f52b1319-7c1e-46d1-b7be-0164bdcbed23 10 7455 7462 +edge_147_0_-disjointig_17_0_25571 29 7489 25571 -1 -1 7273 0.00336196
Chain
	Aln	306	+5f2dcc0b-8248-4db4-8dff-5cdb033bcc7f 12 4314 4321 +edge_154_0_+disjointig_18_11964_26268 8092 12391 14304 -1 -1 4282 0.00237874
Chain
	Aln	307	-5f2dcc0b-8248-4db4-8dff-5cdb033bcc7f 6 4308 4321 -edge_154_0_+disjointig_18_11964_26268 1912 6211 14304 -1 -1 4282 0.00237874
Chain
	Aln	349	+7b559aee-06f4-420b-9c39-4e4ef44a12ab 7 5081 13707 -edge_175_0_+disjointig_49_27612_70378 37701 42765 42766 -1 -1 5024 0.00162475
	Aln	349	+7b559aee-06f4-420b-9c39-4e4ef44a12ab 5094 13703 13707 -edge_175_1_+disjointig_49_70378_113247 12 8613 42869 -1 -1 8500 0.00245214
Chain
	Aln	348	-7b559aee-06f4-420b-9c39-4e4ef44a12ab 3 8612 13707 +edge_175_1_+disjointig_49_70378_113247 34255 42856 42869 -1 -1 8500 0.00245214
	Aln	348	-7b559aee-06f4-420b-9c39-4e4ef44a12ab 8625 13699 13707 +edge_175_0_+disjointig_49_27612_70378 0 5064 42766 -1 -1 5024 0.00162475
Chain
	Aln	301	+1ebaac0b-8459-4c2d-95ca-65658afa1197 9 2616 2620 -edge_151_0_+disjointig_19_0_25278 22156 24763 25278 -1 -1 2588 0.000156055
Chain
	Aln	300	-1ebaac0b-8459-4c2d-95ca-65658afa1197 3 2610 2620 +edge_151_0_+disjointig_19_0_25278 514 3121 25278 -1 -1 2588 0.000156055
Chain
	Aln	308	+96ae8b63-0700-4ce7-b7b8-ab03e22daefe 16 11772 30069 +edge_155_0_+disjointig_92_0_28863 17181 28852 28863 -1 -1 11392 0.00207848
	Aln	310	+96ae8b63-0700-4ce7-b7b8-ab03e22daefe 11784 30061 30069 +edge_156_0_+disjointig_23_18615_58974 1 18302 40359 -1 -1 17675 0.00216803
Chain
	Aln	311	-96ae8b63-0700-4ce7-b7b8-ab03e22daefe 7 18284 30069 -edge_156_0_+disjointig_23_18615_58974 22056 40357 40359 -1 -1 17675 0.00216803
	Aln	309	-96ae8b63-0700-4ce7-b7b8-ab03e22daefe 18296 30052 30069 -edge_155_0_+disjointig_92_0_28863 10 11681 28863 -1 -1 11392 0.00207848
Chain
	Aln	92	+dc46d397-df4b-49ee-831c-03df91e80e42 7 2769 2772 +edge_47_0_+disjointig_30_0_164630 156270 159033 164630 -1 -1 2695 0.00420115
Chain
	Aln	93	-dc46d397-df4b-49ee-831c-03df91e80e42 2 2764 2772 -edge_47_0_+disjointig_30_0_164630 5596 8359 164630 -1 -1 2695 0.00420115
Chain
	Aln	49	+073b12e3-bcce-4dbf-ae83-df0bbe54c4b3 406 4525 4531 -edge_25_0_+disjointig_2_0_55897 12 4130 55897 -1 -1 4091 0.000294187
Chain
	Aln	48	-073b12e3-bcce-4dbf-ae83-df0bbe54c4b3 5 4124 4531 +edge_25_0_+disjointig_2_0_55897 51766 55884 55897 -1 -1 4091 0.000294187
Chain
	Aln	91	+65faddb5-0e62-497a-b423-0e98ac7a3833 9 3530 3532 -edge_46_0_+disjointig_29_0_13427 8318 11844 13427 -1 -1 3316 0.00661511
Chain
	Aln	90	-65faddb5-0e62-497a-b423-0e98ac7a3833 1 3522 3532 +edge_46_0_+disjointig_29_0_13427 1582 5108 13427 -1 -1 3316 0.00661511
Chain
	Aln	300	+9b7917b5-7a3e-48e3-b362-b171befaee2c 9 4181 4183 +edge_151_0_+disjointig_19_0_25278 2435 6621 25278 -1 -1 4102 0.00341774
Chain
	Aln	301	-9b7917b5-7a3e-48e3-b362-b171befaee2c 1 4173 4183 -edge_151_0_+disjointig_19_0_25278 18656 22842 25278 -1 -1 4102 0.00341774
Chain
	Aln	302	+54c467aa-47d9-4d3e-8523-f0b3c92525f7 8 2552 5099 +edge_152_0_-disjointig_60_6186_67457 56098 58637 61271 -1 -1 2488 0.00365441
Chain
	Aln	302	+54c467aa-47d9-4d3e-8523-f0b3c92525f7 2563 5094 5099 +edge_152_0_-disjointig_60_6186_67457 45817 48420 61271 -1 -1 2378 0.00749477
Chain
	Aln	303	-54c467aa-47d9-4d3e-8523-f0b3c92525f7 2546 5090 5099 -edge_152_0_-disjointig_60_6186_67457 2633 5172 61271 -1 -1 2488 0.00365441
Chain
	Aln	303	-54c467aa-47d9-4d3e-8523-f0b3c92525f7 4 2535 5099 -edge_152_0_-disjointig_60_6186_67457 12850 15453 61271 -1 -1 2378 0.00749477
Chain
	Aln	233	+0bc7ac96-aef9-48a1-a9ee-078998e2860b 711 2996 2998 -edge_117_0_+disjointig_69_0_75545 16 2301 75545 -1 -1 2244 0.00272844
Chain
	Aln	232	-0bc7ac96-aef9-48a1-a9ee-078998e2860b 1 2286 2998 +edge_117_0_+disjointig_69_0_75545 73243 75528 75545 -1 -1 2244 0.00272844
Chain
	Aln	96	+3739d397-819b-4df2-af37-5ae6e1da331b 9 4313 4315 +edge_49_0_+disjointig_32_0_79547 22333 26636 79547 -1 -1 4287 0
Chain
	Aln	97	-3739d397-819b-4df2-af37-5ae6e1da331b 1 4305 4315 -edge_49_0_+disjointig_32_0_79547 52910 57213 79547 -1 -1 4287 0
Chain
	Aln	261	+ff2fec74-ab74-4f83-bff6-ebeacc01b122 10 5959 5962 -edge_131_0_+disjointig_78_0_34465 21038 26986 34465 -1 -1 5903 0.00142984
Chain
	Aln	260	-ff2fec74-ab74-4f83-bff6-ebeacc01b122 2 5951 5962 +edge_131_0_+disjointig_78_0_34465 7478 13426 34465 -1 -1 5903 0.00142984
Chain
	Aln	340	+fac0716e-82c2-44ff-9638-11d09ebcce53 3 3289 3291 +edge_171_0_+disjointig_44_0_83253 38141 41427 83253 -1 -1 3279 0.00124716
Chain
	Aln	341	-fac0716e-82c2-44ff-9638-11d09ebcce53 1 3287 3291 -edge_171_0_+disjointig_44_0_83253 41825 45111 83253 -1 -1 3279 0.00124716
Chain
	Aln	357	+6712e45e-6a18-4942-8a35-f32c757889cd 11 2374 2381 -edge_179_0_+disjointig_67_0_82889 38782 41145 82889 -1 -1 2108 0.00998351
Chain
	Aln	356	-6712e45e-6a18-4942-8a35-f32c757889cd 6 2369 2381 +edge_179_0_+disjointig_67_0_82889 41743 44106 82889 -1 -1 2108 0.00998351
Chain
	Aln	349	+f4d76450-b5cc-456e-b852-62cd375153ed 8 3818 3822 -edge_175_1_+disjointig_49_70378_113247 18246 22065 42869 -1 -1 3642 0.00479505
Chain
	Aln	348	-f4d76450-b5cc-456e-b852-62cd375153ed 3 3813 3822 +edge_175_1_+disjointig_49_70378_113247 20803 24622 42869 -1 -1 3642 0.00479505
Chain
	Aln	350	+c99f0425-37c7-4fdf-9b20-c1cf93fe92ed 7 3478 3481 +edge_176_0_+disjointig_68_0_26846 13098 16567 26846 -1 -1 3436 0.00114035
Chain
	Aln	351	-c99f0425-37c7-4fdf-9b20-c1cf93fe92ed 2 3473 3481 -edge_176_0_+disjointig_68_0_26846 10278 13747 26846 -1 -1 3436 0.00114035
Chain
	Aln	1	+2c86afa6-b639-4b20-a42e-e73118e4985b 7 3009 3015 -edge_1_0_+disjointig_1_0_20132 7729 10726 20132 -1 -1 2962 0.00253193
Chain
	Aln	0	-2c86afa6-b639-4b20-a42e-e73118e4985b 5 3007 3015 +edge_1_0_+disjointig_1_0_20132 9405 12402 20132 -1 -1 2962 0.00253193
Chain
	Aln	348	+06b04135-3d23-41f4-a18f-9486a2d0bf39 42 6008 6010 +edge_175_1_+disjointig_49_70378_113247 34196 39849 42869 -1 -1 4840 0.00733954
Chain
	Aln	349	-06b04135-3d23-41f4-a18f-9486a2d0bf39 1 5967 6010 -edge_175_1_+disjointig_49_70378_113247 3019 8672 42869 -1 -1 4840 0.00733954
Chain
	Aln	348	+86e82811-bcb0-4fca-ab40-65c0d33d2149 9 6855 6859 +edge_175_0_+disjointig_49_27612_70378 5584 12439 42766 -1 -1 6798 0
Chain
	Aln	349	-86e82811-bcb0-4fca-ab40-65c0d33d2149 3 6849 6859 -edge_175_0_+disjointig_49_27612_70378 30326 37181 42766 -1 -1 6798 0
Chain
	Aln	335	+841e3bfe-e757-4e11-b9fc-8dd0e37165fe 22 2317 2321 -edge_168_0_+disjointig_41_22847_84173 13436 15733 61326 -1 -1 2269 0.00318529
Chain
	Aln	334	-841e3bfe-e757-4e11-b9fc-8dd0e37165fe 3 2298 2321 +edge_168_0_+disjointig_41_22847_84173 45592 47889 61326 -1 -1 2269 0.00318529
Chain
	Aln	35	+2cb2c27d-7a02-43fc-a497-493d2e19c494 6 3866 3869 -edge_18_0_+disjointig_13_0_57208 32873 36733 57208 -1 -1 3819 0.000906315
Chain
	Aln	34	-2cb2c27d-7a02-43fc-a497-493d2e19c494 2 3862 3869 +edge_18_0_+disjointig_13_0_57208 20474 24334 57208 -1 -1 3819 0.000906315
Chain
	Aln	1	+0542c054-3434-45d6-b118-ea0100dbaac3 11 2841 2847 -edge_1_0_+disjointig_1_0_20132 132 2961 20132 -1 -1 2722 0.00498409
Chain
	Aln	0	-0542c054-3434-45d6-b118-ea0100dbaac3 5 2835 2847 +edge_1_0_+disjointig_1_0_20132 17170 19999 20132 -1 -1 2722 0.00498409
Chain
	Aln	323	+4d87cf9a-a763-474a-876f-3f86e54f95f5 2 7213 12189 -edge_162_1_+disjointig_38_14800_26877 4752 12073 12077 -1 -1 5780 0.0155659
	Aln	323	+4d87cf9a-a763-474a-876f-3f86e54f95f5 7307 11781 12189 -edge_162_1_+disjointig_38_14800_26877 98 4578 12077 -1 -1 3762 0.0134534
Chain
	Aln	322	-4d87cf9a-a763-474a-876f-3f86e54f95f5 407 4881 12189 +edge_162_1_+disjointig_38_14800_26877 7498 11978 12077 -1 -1 3762 0.0134534
	Aln	322	-4d87cf9a-a763-474a-876f-3f86e54f95f5 4975 12186 12189 +edge_162_1_+disjointig_38_14800_26877 3 7324 12077 -1 -1 5780 0.0155659
Chain
	Aln	356	+899a557c-68f0-4206-b120-8fa691c2998b 4 23662 23673 +edge_179_0_+disjointig_67_0_82889 5806 29521 82889 -1 -1 21308 0.0103737
Chain
	Aln	357	-899a557c-68f0-4206-b120-8fa691c2998b 10 23668 23673 -edge_179_0_+disjointig_67_0_82889 53367 77082 82889 -1 -1 21308 0.0103737
Chain
	Aln	322	+3d01db16-e0af-4324-a1b7-c00094d0be58 10 4092 5528 +edge_162_0_+disjointig_38_2796_14800 7868 11971 12004 -1 -1 3950 0.00544288
	Aln	322	+3d01db16-e0af-4324-a1b7-c00094d0be58 4128 5524 5528 +edge_162_0_+disjointig_38_2796_14800 3 1413 12004 -1 -1 1319 0.00706303
Chain
	Aln	323	-3d01db16-e0af-4324-a1b7-c00094d0be58 3 1399 5528 -edge_162_0_+disjointig_38_2796_14800 10590 12000 12004 -1 -1 1319 0.00706303
	Aln	323	-3d01db16-e0af-4324-a1b7-c00094d0be58 1435 5517 5528 -edge_162_0_+disjointig_38_2796_14800 32 4135 12004 -1 -1 3950 0.00544288
Chain
	Aln	37	+12352abf-ddec-4429-a3ec-b122bc2b5ae4 5 23142 23147 -edge_19_0_+disjointig_14_0_104795 80058 103197 104795 -1 -1 22571 0.00155333
Chain
	Aln	36	-12352abf-ddec-4429-a3ec-b122bc2b5ae4 4 23141 23147 +edge_19_0_+disjointig_14_0_104795 1597 24736 104795 -1 -1 22571 0.00155333
Chain
	Aln	195	+ea468851-86a9-44d8-9338-eeb941401e84 10 2381 2411 -edge_98_0_+disjointig_51_0_39741 31746 34119 39741 -1 -1 2344 0.00362939
Chain
	Aln	194	-ea468851-86a9-44d8-9338-eeb941401e84 29 2400 2411 +edge_98_0_+disjointig_51_0_39741 5621 7994 39741 -1 -1 2344 0.00362939
Chain
	Aln	310	+d671d6d1-678c-4a6b-8380-c2bb47eb1d7d 16 7971 7986 +edge_156_0_+disjointig_23_18615_58974 7866 15825 40359 -1 -1 7815 0.00164368
Chain
	Aln	311	-d671d6d1-678c-4a6b-8380-c2bb47eb1d7d 14 7969 7986 -edge_156_0_+disjointig_23_18615_58974 24533 32492 40359 -1 -1 7815 0.00164368
Chain
	Aln	34	+4b758f4d-afdc-42b6-88a3-dd9c1ba8d480 15 3008 3011 +edge_18_0_+disjointig_13_0_57208 36039 39033 57208 -1 -1 2993 0.00170269
Chain
	Aln	35	-4b758f4d-afdc-42b6-88a3-dd9c1ba8d480 2 2995 3011 -edge_18_0_+disjointig_13_0_57208 18174 21168 57208 -1 -1 2993 0.00170269
Chain
	Aln	103	+2649c6a4-7282-423a-84d3-d47b50ed1385 7 6655 6657 -edge_52_0_+disjointig_35_0_49615 12973 19624 49615 -1 -1 6545 0.000605735
Chain
	Aln	102	-2649c6a4-7282-423a-84d3-d47b50ed1385 1 6649 6657 +edge_52_0_+disjointig_35_0_49615 29990 36641 49615 -1 -1 6545 0.000605735
Chain
	Aln	96	+06ad8381-647b-4f29-b1df-f0552f992bfe 10 6786 6797 +edge_49_0_+disjointig_32_0_79547 14146 20923 79547 -1 -1 6703 0.000155223
Chain
	Aln	97	-06ad8381-647b-4f29-b1df-f0552f992bfe 10 6786 6797 -edge_49_0_+disjointig_32_0_79547 58623 65400 79547 -1 -1 6703 0.000155223
Chain
	Aln	232	+3ef82465-e6ff-4048-a856-b68415ad20a1 2 8995 9003 +edge_117_0_+disjointig_69_0_75545 63294 72286 75545 -1 -1 8636 0.00427819
Chain
	Aln	233	-3ef82465-e6ff-4048-a856-b68415ad20a1 7 9000 9003 -edge_117_0_+disjointig_69_0_75545 3258 12250 75545 -1 -1 8636 0.00427819
Chain
	Aln	309	+a1afed32-ddba-4408-9d7d-7ea11d77aeb4 4 2651 2656 -edge_155_0_+disjointig_92_0_28863 9441 12093 28863 -1 -1 2593 0.0017892
Chain
	Aln	308	-a1afed32-ddba-4408-9d7d-7ea11d77aeb4 4 2651 2656 +edge_155_0_+disjointig_92_0_28863 16769 19421 28863 -1 -1 2593 0.0017892
Chain
	Aln	333	+9f3c206e-89a9-4b8c-9e6e-5b8b957efbaa 42 2696 2702 -edge_167_0_-disjointig_64_0_49685 44645 47291 49685 -1 -1 2577 0.00362398
Chain
	Aln	332	-9f3c206e-89a9-4b8c-9e6e-5b8b957efbaa 5 2659 2702 +edge_167_0_-disjointig_64_0_49685 2393 5039 49685 -1 -1 2577 0.00362398
Chain
	Aln	164	+b525fe28-6ff3-4087-852f-e004b9168b5c 11 19130 19152 +edge_83_0_-disjointig_71_8379_80660 11030 30163 72281 -1 -1 18144 0.00546694
Chain
	Aln	165	-b525fe28-6ff3-4087-852f-e004b9168b5c 21 19140 19152 -edge_83_0_-disjointig_71_8379_80660 42117 61250 72281 -1 -1 18144 0.00546694
Chain
	Aln	100	+05f48138-3f14-46e0-bb61-5bf0d7b6e73f 2 8620 8624 +edge_51_0_+disjointig_34_0_132203 79506 88131 132203 -1 -1 8559 0.000631285
Chain
	Aln	101	-05f48138-3f14-46e0-bb61-5bf0d7b6e73f 3 8621 8624 -edge_51_0_+disjointig_34_0_132203 44071 52696 132203 -1 -1 8559 0.000631285
Chain
	Aln	96	+b4b774e8-5095-4eeb-82ee-c59f83338b35 6 3221 3227 +edge_49_0_+disjointig_32_0_79547 10501 13710 79547 -1 -1 3071 0.0051172
Chain
	Aln	97	-b4b774e8-5095-4eeb-82ee-c59f83338b35 5 3220 3227 -edge_49_0_+disjointig_32_0_79547 65836 69045 79547 -1 -1 3071 0.0051172
Chain
	Aln	311	+674365af-f3ca-4bbc-84a2-538f2e017ef1 28 2417 2419 -edge_156_0_+disjointig_23_18615_58974 33305 35699 40359 -1 -1 2356 0.00214861
Chain
	Aln	310	-674365af-f3ca-4bbc-84a2-538f2e017ef1 1 2390 2419 +edge_156_0_+disjointig_23_18615_58974 4659 7053 40359 -1 -1 2356 0.00214861
Chain
	Aln	53	+65c8898b-1bfa-4024-9889-915c4f00061b 14 11935 11947 -edge_27_0_+disjointig_21_0_54132 41020 52940 54132 -1 -1 11399 0.00528775
Chain
	Aln	52	-65c8898b-1bfa-4024-9889-915c4f00061b 11 11932 11947 +edge_27_0_+disjointig_21_0_54132 1191 13111 54132 -1 -1 11399 0.00528775
Chain
	Aln	211	+0393a22f-a844-47f6-8aa0-bafb75684401 14 9192 9194 -edge_106_0_+disjointig_77_4957_29687 4667 13840 24730 -1 -1 9068 0.0015055
Chain
	Aln	210	-0393a22f-a844-47f6-8aa0-bafb75684401 1 9179 9194 +edge_106_0_+disjointig_77_4957_29687 10889 20062 24730 -1 -1 9068 0.0015055
Chain
	Aln	95	+ba8ff0d9-55c8-4db5-9270-01aa04967678 7 2616 2620 -edge_48_0_+disjointig_31_0_16188 13202 15810 16188 -1 -1 2536 0.00419729
Chain
	Aln	94	-ba8ff0d9-55c8-4db5-9270-01aa04967678 3 2612 2620 +edge_48_0_+disjointig_31_0_16188 377 2985 16188 -1 -1 2536 0.00419729
Chain
	Aln	54	+5efc6a18-4155-4269-a52c-18a1095d4385 6 12391 12393 +edge_28_0_+disjointig_22_0_197748 181726 194114 197748 -1 -1 12180 0.00134452
Chain
	Aln	55	-5efc6a18-4155-4269-a52c-18a1095d4385 1 12386 12393 -edge_28_0_+disjointig_22_0_197748 3633 16021 197748 -1 -1 12180 0.00134452
Chain
	Aln	156	+8e031a7f-2817-419b-85b1-c9ae64db3452 29 11055 11060 +edge_79_0_+disjointig_44_99890_232551 68732 79754 132661 -1 -1 10894 0.000400203
Chain
	Aln	157	-8e031a7f-2817-419b-85b1-c9ae64db3452 4 11030 11060 -edge_79_0_+disjointig_44_99890_232551 52906 63928 132661 -1 -1 10894 0.000400203
Chain
	Aln	359	+6ea19d01-afa5-4d1b-9290-f4530b3663ad 9 1954 4568 -edge_180_0_+disjointig_65_8266_10325 110 2058 2059 -1 -1 1935 0.00442478
	Aln	357	+6ea19d01-afa5-4d1b-9290-f4530b3663ad 1968 4562 4568 -edge_179_0_+disjointig_67_0_82889 13 2608 82889 -1 -1 2537 0.00191326
Chain
	Aln	356	-6ea19d01-afa5-4d1b-9290-f4530b3663ad 5 2599 4568 +edge_179_0_+disjointig_67_0_82889 80280 82875 82889 -1 -1 2537 0.00191326
	Aln	358	-6ea19d01-afa5-4d1b-9290-f4530b3663ad 2613 4558 4568 +edge_180_0_+disjointig_65_8266_10325 0 1948 2059 -1 -1 1935 0.00442478
Chain
	Aln	50	+3eed0231-3f25-46bb-884a-7f44780d23e4 9 12035 12043 +edge_26_0_+disjointig_20_0_104137 50147 62175 104137 -1 -1 11923 0.00121031
Chain
	Aln	51	-3eed0231-3f25-46bb-884a-7f44780d23e4 7 12033 12043 -edge_26_0_+disjointig_20_0_104137 41961 53989 104137 -1 -1 11923 0.00121031
Chain
	Aln	277	+ecd69479-ee55-4b55-a3fa-ac3f59789c07 28 6308 6311 -edge_139_0_+disjointig_90_0_45227 20660 26962 45227 -1 -1 6172 0.00220099
Chain
	Aln	276	-ecd69479-ee55-4b55-a3fa-ac3f59789c07 2 6282 6311 +edge_139_0_+disjointig_90_0_45227 18264 24566 45227 -1 -1 6172 0.00220099
Chain
	Aln	348	+f028db8e-8f3a-4002-9224-a428739ce797 10 5279 5290 +edge_175_1_+disjointig_49_70378_113247 27842 33124 42869 -1 -1 5190 0.00167081
Chain
	Aln	349	-f028db8e-8f3a-4002-9224-a428739ce797 10 5279 5290 -edge_175_1_+disjointig_49_70378_113247 9744 15026 42869 -1 -1 5190 0.00167081
Chain
	Aln	165	+115a9071-ae4f-4a5e-ad4e-f5858bfa9722 8 11286 11291 -edge_83_0_-disjointig_71_8379_80660 39088 50495 72281 -1 -1 10851 0.00374532
Chain
	Aln	164	-115a9071-ae4f-4a5e-ad4e-f5858bfa9722 4 11282 11291 +edge_83_0_-disjointig_71_8379_80660 21785 33192 72281 -1 -1 10851 0.00374532
Chain
	Aln	195	+c8b026ff-a05b-41e9-af9d-66188147caac 18 4504 4507 -edge_98_0_+disjointig_51_0_39741 6514 11003 39741 -1 -1 4368 0.0040252
Chain
	Aln	194	-c8b026ff-a05b-41e9-af9d-66188147caac 2 4488 4507 +edge_98_0_+disjointig_51_0_39741 28737 33226 39741 -1 -1 4368 0.0040252
Chain
	Aln	178	+30e0b832-d504-4737-95e4-764980ff9300 2 8955 8958 +edge_90_0_-disjointig_61_33235_113950 55343 64304 80715 -1 -1 8830 0.00123172
Chain
	Aln	179	-30e0b832-d504-4737-95e4-764980ff9300 2 8955 8958 -edge_90_0_-disjointig_61_33235_113950 16410 25371 80715 -1 -1 8830 0.00123172
Chain
	Aln	187	+d36e92f9-0bff-41d2-95ac-218cd57de079 16 4409 4411 -edge_94_0_+disjointig_47_0_105696 23662 28065 105696 -1 -1 4326 0.00335295
Chain
	Aln	186	-d36e92f9-0bff-41d2-95ac-218cd57de079 1 4394 4411 +edge_94_0_+disjointig_47_0_105696 77630 82033 105696 -1 -1 4326 0.00335295
Chain
	Aln	329	+cd5adb46-0df7-4152-8d5e-0967013eb17d 20 18203 18211 -edge_165_0_+disjointig_54_0_66147 11 18192 66147 -1 -1 17950 0.00164074
Chain
	Aln	328	-cd5adb46-0df7-4152-8d5e-0967013eb17d 7 18190 18211 +edge_165_0_+disjointig_54_0_66147 47954 66135 66147 -1 -1 17950 0.00164074
Chain
	Aln	165	+df450ca5-2925-488d-b0b8-c2962e15f7eb 33 13569 13571 -edge_83_0_-disjointig_71_8379_80660 18004 31596 72281 -1 -1 12461 0.0072034
Chain
	Aln	164	-df450ca5-2925-488d-b0b8-c2962e15f7eb 1 13537 13571 +edge_83_0_-disjointig_71_8379_80660 40684 54276 72281 -1 -1 12461 0.0072034
Chain
	Aln	3	+84a14e32-ae37-4fd1-a2c5-76e11ec4e625 8 2096 2102 -edge_2_0_+disjointig_10_0_56359 42057 44145 56359 -1 -1 2068 0
Chain
	Aln	2	-84a14e32-ae37-4fd1-a2c5-76e11ec4e625 5 2093 2102 +edge_2_0_+disjointig_10_0_56359 12213 14301 56359 -1 -1 2068 0
Chain
	Aln	292	+13b266c7-426a-42b9-b5ff-9cffcb292eac 10 4815 4819 +edge_147_0_-disjointig_17_0_25571 20766 25568 25571 -1 -1 4766 0.000901163
Chain
	Aln	293	-13b266c7-426a-42b9-b5ff-9cffcb292eac 3 4808 4819 -edge_147_0_-disjointig_17_0_25571 2 4804 25571 -1 -1 4766 0.000901163
Chain
	Aln	225	+8dc22db4-cc7f-4ca7-830b-6c881f7abfbc 11 12373 12379 -edge_113_0_+disjointig_63_0_39436 26429 38792 39436 -1 -1 12134 0.000825622
Chain
	Aln	224	-8dc22db4-cc7f-4ca7-830b-6c881f7abfbc 5 12367 12379 +edge_113_0_+disjointig_63_0_39436 643 13006 39436 -1 -1 12134 0.000825622
Chain
	Aln	325	+74d4cec4-298f-4fc3-b48e-dbd9a3dc84a0 11 2058 2062 -edge_163_0_+disjointig_88_0_21860 7378 9424 21860 -1 -1 2023 0.00335416
Chain
	Aln	324	-74d4cec4-298f-4fc3-b48e-dbd9a3dc84a0 3 2050 2062 +edge_163_0_+disjointig_88_0_21860 12435 14481 21860 -1 -1 2023 0.00335416
Chain
	Aln	157	+56777e69-ef3f-4165-8949-7362b6429d98 7 2026 2032 -edge_79_0_+disjointig_44_99890_232551 64140 66159 132661 -1 -1 2001 0
Chain
	Aln	156	-56777e69-ef3f-4165-8949-7362b6429d98 5 2024 2032 +edge_79_0_+disjointig_44_99890_232551 66501 68520 132661 -1 -1 2001 0
Chain
	Aln	325	+d7d71598-919c-4ef4-b238-b5c818ca17e5 8 4374 4378 -edge_163_0_+disjointig_88_0_21860 8 4375 21860 -1 -1 4366 0.00035352
Chain
	Aln	324	-d7d71598-919c-4ef4-b238-b5c818ca17e5 3 4369 4378 +edge_163_0_+disjointig_88_0_21860 17484 21851 21860 -1 -1 4366 0.00035352
Chain
	Aln	96	+8fcf09be-368d-4b0f-8939-90609b1b7605 6043 27248 27255 +edge_49_0_+disjointig_32_0_79547 58315 79541 79547 -1 -1 20856 0.00115932
Chain
	Aln	97	-8fcf09be-368d-4b0f-8939-90609b1b7605 6 21211 27255 -edge_49_0_+disjointig_32_0_79547 5 21231 79547 -1 -1 20856 0.00115932
Chain
	Aln	206	+dbab7912-97e0-4d40-b2b3-39922c09876e 0 2928 20759 +edge_104_0_+disjointig_56_0_67458 64517 67444 67458 -1 -1 2753 0.00514631
	Aln	354	+dbab7912-97e0-4d40-b2b3-39922c09876e 2943 20754 20759 +edge_178_0_+disjointig_56_67458_85258 2 17796 17800 -1 -1 16846 0.00567321
Chain
	Aln	355	-dbab7912-97e0-4d40-b2b3-39922c09876e 4 17815 20759 -edge_178_0_+disjointig_56_67458_85258 3 17797 17800 -1 -1 16846 0.00567321
	Aln	207	-dbab7912-97e0-4d40-b2b3-39922c09876e 17830 20758 20759 -edge_104_0_+disjointig_56_0_67458 13 2940 67458 -1 -1 2753 0.00514631
Chain
	Aln	314	+627246b8-6e6d-427e-9a11-35e820cfdf6e 8 4421 4436 +edge_158_0_+disjointig_25_34644_66531 16669 21080 31887 -1 -1 4385 0.000597837
Chain
	Aln	315	-627246b8-6e6d-427e-9a11-35e820cfdf6e 14 4427 4436 -edge_158_0_+disjointig_25_34644_66531 10806 15217 31887 -1 -1 4385 0.000597837
Chain
	Aln	223	+7b670972-7d67-43cb-bbbc-fc4c83d149e8 7 9705 9707 -edge_112_0_+disjointig_62_0_57746 13857 23568 57746 -1 -1 9544 0.00237845
Chain
	Aln	222	-7b670972-7d67-43cb-bbbc-fc4c83d149e8 1 9699 9707 +edge_112_0_+disjointig_62_0_57746 34177 43888 57746 -1 -1 9544 0.00237845
Chain
	Aln	101	+35cf6cc5-9ecf-4d79-bc85-ebe0dfa18f86 10 2367 3349 -edge_51_0_+disjointig_34_0_132203 129845 132202 132203 -1 -1 2357 0.000812711
Chain
	Aln	100	-35cf6cc5-9ecf-4d79-bc85-ebe0dfa18f86 981 3338 3349 +edge_51_0_+disjointig_34_0_132203 0 2357 132203 -1 -1 2357 0.000812711
Chain
	Aln	50	+fbabe8f6-5664-43d2-9fc4-66615d37b85a 1 2064 2066 +edge_26_0_+disjointig_20_0_104137 7650 9715 104137 -1 -1 2041 0.00336853
Chain
	Aln	51	-fbabe8f6-5664-43d2-9fc4-66615d37b85a 1 2064 2066 -edge_26_0_+disjointig_20_0_104137 94421 96486 104137 -1 -1 2041 0.00336853
Chain
	Aln	91	+388c9894-ff8c-434e-8174-34b97a7cbb8f 11 3364 3367 -edge_46_0_+disjointig_29_0_13427 8783 12140 13427 -1 -1 3213 0.00403524
Chain
	Aln	90	-388c9894-ff8c-434e-8174-34b97a7cbb8f 2 3355 3367 +edge_46_0_+disjointig_29_0_13427 1286 4643 13427 -1 -1 3213 0.00403524
Chain
	Aln	53	+c90410c5-be05-4a00-b798-4f65d36b7e68 13 9320 9327 -edge_27_0_+disjointig_21_0_54132 25521 34829 54132 -1 -1 9252 0.00143422
Chain
	Aln	52	-c90410c5-be05-4a00-b798-4f65d36b7e68 6 9313 9327 +edge_27_0_+disjointig_21_0_54132 19302 28610 54132 -1 -1 9252 0.00143422
Chain
	Aln	224	+e7119653-00e9-4e88-a489-b8319a5b6b91 20 11638 11640 +edge_113_0_+disjointig_63_0_39436 27279 38892 39436 -1 -1 11540 0.000674302
Chain
	Aln	225	-e7119653-00e9-4e88-a489-b8319a5b6b91 1 11619 11640 -edge_113_0_+disjointig_63_0_39436 543 12156 39436 -1 -1 11540 0.000674302
Chain
	Aln	51	+9d3ddb57-5d1d-47ff-b849-e202bb200c90 13 3406 3411 -edge_26_0_+disjointig_20_0_104137 24030 27423 104137 -1 -1 3256 0.00581101
Chain
	Aln	50	-9d3ddb57-5d1d-47ff-b849-e202bb200c90 4 3397 3411 +edge_26_0_+disjointig_20_0_104137 76713 80106 104137 -1 -1 3256 0.00581101
Chain
	Aln	35	+45800dd1-bb02-49b0-8fc6-a9d84f284787 3 4155 4162 -edge_18_0_+disjointig_13_0_57208 44840 49003 57208 -1 -1 4078 0.00268486
Chain
	Aln	34	-45800dd1-bb02-49b0-8fc6-a9d84f284787 6 4158 4162 +edge_18_0_+disjointig_13_0_57208 8204 12367 57208 -1 -1 4078 0.00268486
Chain
	Aln	335	+7c26e0c7-cb8b-4d95-8f97-ff6bf6ad47fd 7 6601 6603 -edge_168_0_+disjointig_41_22847_84173 17271 23865 61326 -1 -1 6573 0.00119247
Chain
	Aln	334	-7c26e0c7-cb8b-4d95-8f97-ff6bf6ad47fd 1 6595 6603 +edge_168_0_+disjointig_41_22847_84173 37460 44054 61326 -1 -1 6573 0.00119247
Chain
	Aln	53	+961d1f40-fa0f-4672-9f89-617f96a41665 15 3737 3747 -edge_27_0_+disjointig_21_0_54132 31231 34954 54132 -1 -1 3700 0.000423077
Chain
	Aln	52	-961d1f40-fa0f-4672-9f89-617f96a41665 9 3731 3747 +edge_27_0_+disjointig_21_0_54132 19177 22900 54132 -1 -1 3700 0.000423077
Chain
	Aln	307	+c45a54c8-dafb-49cf-96cb-117efdb4ae84 0 2638 11035 -edge_154_0_+disjointig_18_11964_26268 11662 14303 14304 -1 -1 2622 0.000298401
	Aln	307	+c45a54c8-dafb-49cf-96cb-117efdb4ae84 2651 11032 11035 -edge_154_0_+disjointig_18_11964_26268 12 8389 14304 -1 -1 8001 0.00535645
Chain
	Aln	306	-c45a54c8-dafb-49cf-96cb-117efdb4ae84 2 8383 11035 +edge_154_0_+disjointig_18_11964_26268 5914 14291 14304 -1 -1 8001 0.00535645
	Aln	306	-c45a54c8-dafb-49cf-96cb-117efdb4ae84 8396 11034 11035 +edge_154_0_+disjointig_18_11964_26268 0 2641 14304 -1 -1 2622 0.000298401
Chain
	Aln	37	+a093db11-c2f2-435f-aae7-1e01ca1f1a30 315 2912 2941 -edge_19_0_+disjointig_14_0_104795 15 2616 104795 -1 -1 2389 0.011397
Chain
	Aln	36	-a093db11-c2f2-435f-aae7-1e01ca1f1a30 28 2625 2941 +edge_19_0_+disjointig_14_0_104795 102178 104779 104795 -1 -1 2389 0.011397
Chain
	Aln	52	+4f21a7d9-a96a-47a6-8748-2413d5fd2fb8 12 3730 3737 +edge_27_0_+disjointig_21_0_54132 19160 22889 54132 -1 -1 3628 0.00302513
Chain
	Aln	53	-4f21a7d9-a96a-47a6-8748-2413d5fd2fb8 6 3724 3737 -edge_27_0_+disjointig_21_0_54132 31242 34971 54132 -1 -1 3628 0.00302513
Chain
	Aln	305	+1a1810fe-0f37-43c0-8288-e1e5df950ce2 10 14958 14961 -edge_153_0_+disjointig_12_8982_46009 9751 24745 37027 -1 -1 14736 0.00228917
Chain
	Aln	304	-1a1810fe-0f37-43c0-8288-e1e5df950ce2 2 14950 14961 +edge_153_0_+disjointig_12_8982_46009 12281 27275 37027 -1 -1 14736 0.00228917
Chain
	Aln	187	+1f98488f-e891-4450-b8d8-ab83037365d4 11 6251 6255 -edge_94_0_+disjointig_47_0_105696 16769 23008 105696 -1 -1 6150 0.00215563
Chain
	Aln	186	-1f98488f-e891-4450-b8d8-ab83037365d4 3 6243 6255 +edge_94_0_+disjointig_47_0_105696 82687 88926 105696 -1 -1 6150 0.00215563
Chain
	Aln	319	+e54d45bd-fded-469c-923e-3799882ace4e 386 3760 3765 -edge_160_0_-disjointig_48_0_101253 6699 10068 101253 -1 -1 3308 0.00340923
Chain
	Aln	318	-e54d45bd-fded-469c-923e-3799882ace4e 4 3378 3765 +edge_160_0_-disjointig_48_0_101253 91184 94553 101253 -1 -1 3308 0.00340923
Chain
	Aln	328	+eb63cb82-ac93-4b88-aad3-c16054244e82 2 2193 2195 +edge_165_0_+disjointig_54_0_66147 28836 31027 66147 -1 -1 2173 0.000555229
Chain
	Aln	329	-eb63cb82-ac93-4b88-aad3-c16054244e82 1 2192 2195 -edge_165_0_+disjointig_54_0_66147 35119 37310 66147 -1 -1 2173 0.000555229
Chain
	Aln	348	+f8411f70-e2ef-464c-ab58-b918d6c789c8 17 7414 7416 +edge_175_1_+disjointig_49_70378_113247 26359 33760 42869 -1 -1 7263 0.0029409
Chain
	Aln	349	-f8411f70-e2ef-464c-ab58-b918d6c789c8 1 7398 7416 -edge_175_1_+disjointig_49_70378_113247 9108 16509 42869 -1 -1 7263 0.0029409
Chain
	Aln	195	+2122d24f-4a39-427f-a051-1fd3c0da0e66 4 11839 13810 -edge_98_0_+disjointig_51_0_39741 27911 39740 39741 -1 -1 11703 0.000534427
Chain
	Aln	194	-2122d24f-4a39-427f-a051-1fd3c0da0e66 1970 13805 13810 +edge_98_0_+disjointig_51_0_39741 0 11829 39741 -1 -1 11703 0.000534427
Chain
	Aln	356	+39438724-e1a8-4f25-83e3-8bfc527edb36 7 14119 14122 +edge_179_0_+disjointig_67_0_82889 55362 69465 82889 -1 -1 13882 0.00193216
Chain
	Aln	357	-39438724-e1a8-4f25-83e3-8bfc527edb36 2 14114 14122 -edge_179_0_+disjointig_67_0_82889 13423 27526 82889 -1 -1 13882 0.00193216
Chain
	Aln	332	+4d394c94-1de5-4b65-84aa-feb3ff8d207d 22 3630 3639 +edge_167_0_-disjointig_64_0_49685 1766 5378 49685 -1 -1 3451 0.00531952
Chain
	Aln	333	-4d394c94-1de5-4b65-84aa-feb3ff8d207d 8 3616 3639 -edge_167_0_-disjointig_64_0_49685 44306 47918 49685 -1 -1 3451 0.00531952
Chain
	Aln	335	+21965180-fb9e-4fd6-b8a4-5e669534c951 4 4907 4910 -edge_168_0_+disjointig_41_22847_84173 24905 29820 61326 -1 -1 4771 0.00418199
Chain
	Aln	334	-21965180-fb9e-4fd6-b8a4-5e669534c951 2 4905 4910 +edge_168_0_+disjointig_41_22847_84173 31505 36420 61326 -1 -1 4771 0.00418199
Chain
	Aln	334	+ab7e903b-ae40-45de-9ef8-731922d8e9e5 13 4907 4913 +edge_168_0_+disjointig_41_22847_84173 31496 36398 61326 -1 -1 4798 0.00367332
Chain
	Aln	335	-ab7e903b-ae40-45de-9ef8-731922d8e9e5 5 4899 4913 -edge_168_0_+disjointig_41_22847_84173 24927 29829 61326 -1 -1 4798 0.00367332
Chain
	Aln	100	+36f0fbde-b8f9-4586-a71e-2c8298b206ad 11 2415 2424 +edge_51_0_+disjointig_34_0_132203 96168 98573 132203 -1 -1 2170 0.0105344
Chain
	Aln	101	-36f0fbde-b8f9-4586-a71e-2c8298b206ad 8 2412 2424 -edge_51_0_+disjointig_34_0_132203 33629 36034 132203 -1 -1 2170 0.0105344
Chain
	Aln	239	+f74ce0be-fc9e-47c1-848c-2519ce3c5f08 4 5003 5006 -edge_120_0_-disjointig_87_6236_62149 37726 42723 55913 -1 -1 4945 0.000683161
Chain
	Aln	238	-f74ce0be-fc9e-47c1-848c-2519ce3c5f08 2 5001 5006 +edge_120_0_-disjointig_87_6236_62149 13189 18186 55913 -1 -1 4945 0.000683161
Chain
	Aln	296	+3bef7811-9012-4fe3-8be4-f7df72c62911 9 16159 16170 +edge_149_0_-disjointig_16_0_79715 21862 38029 79715 -1 -1 15920 0.000783421
Chain
	Aln	297	-3bef7811-9012-4fe3-8be4-f7df72c62911 10 16160 16170 -edge_149_0_-disjointig_16_0_79715 41685 57852 79715 -1 -1 15920 0.000783421
Chain
	Aln	118	+1c307b7d-4c90-414c-8e2a-4daf70433a29 14 3809 4348 +edge_60_0_+disjointig_4_0_11030 6391 10201 11030 -1 -1 3624 0.00511835
Chain
	Aln	119	-1c307b7d-4c90-414c-8e2a-4daf70433a29 538 4333 4348 -edge_60_0_+disjointig_4_0_11030 828 4638 11030 -1 -1 3624 0.00511835
Chain
	Aln	156	+b8edc30b-8836-4c7e-a511-e736ae424234 3 3710 3715 +edge_79_0_+disjointig_44_99890_232551 15478 19184 132661 -1 -1 3664 0.00304413
Chain
	Aln	157	-b8edc30b-8836-4c7e-a511-e736ae424234 4 3711 3715 -edge_79_0_+disjointig_44_99890_232551 113476 117182 132661 -1 -1 3664 0.00304413
Chain
	Aln	96	+68691474-59eb-4d13-becc-bc2515a050b8 20 5822 5826 +edge_49_0_+disjointig_32_0_79547 46054 51855 79547 -1 -1 5617 0.00311057
Chain
	Aln	97	-68691474-59eb-4d13-becc-bc2515a050b8 3 5805 5826 -edge_49_0_+disjointig_32_0_79547 27691 33492 79547 -1 -1 5617 0.00311057
Chain
	Aln	305	+10ad6311-aa3b-4ef7-b9d0-081cfdfd0f68 14 16038 16043 -edge_153_0_+disjointig_12_8982_46009 12588 28616 37027 -1 -1 15833 0.00177727
Chain
	Aln	304	-10ad6311-aa3b-4ef7-b9d0-081cfdfd0f68 4 16028 16043 +edge_153_0_+disjointig_12_8982_46009 8410 24438 37027 -1 -1 15833 0.00177727
Chain
	Aln	310	+f98a4d75-a03e-41d5-8c42-33c5e06c1720 9 5420 5423 +edge_156_0_+disjointig_23_18615_58974 33171 38614 40359 -1 -1 5351 0.00169582
Chain
	Aln	311	-f98a4d75-a03e-41d5-8c42-33c5e06c1720 2 5413 5423 -edge_156_0_+disjointig_23_18615_58974 1744 7187 40359 -1 -1 5351 0.00169582
Chain
	Aln	298	+b4db8041-14ba-4759-95ee-42450805010c 12 8810 8815 +edge_150_0_+disjointig_11_11851_75629 36876 45680 63778 -1 -1 7650 0.0121029
Chain
	Aln	299	-b4db8041-14ba-4759-95ee-42450805010c 4 8802 8815 -edge_150_0_+disjointig_11_11851_75629 18097 26901 63778 -1 -1 7650 0.0121029
Chain
	Aln	361	+8a2c3b7c-9d7f-411c-bb7a-da3d6727c018 10 18534 18536 -edge_181_0_+disjointig_74_2530_48718 24758 43280 46188 -1 -1 17898 0.00260556
Chain
	Aln	360	-8a2c3b7c-9d7f-411c-bb7a-da3d6727c018 1 18525 18536 +edge_181_0_+disjointig_74_2530_48718 2907 21429 46188 -1 -1 17898 0.00260556
Chain
	Aln	97	+e14516ce-37b5-44c8-bfd2-bbb5acdc2ee6 1 5825 5828 -edge_49_0_+disjointig_32_0_79547 27669 33492 79547 -1 -1 5749 0.0014785
Chain
	Aln	96	-e14516ce-37b5-44c8-bfd2-bbb5acdc2ee6 2 5826 5828 +edge_49_0_+disjointig_32_0_79547 46054 51877 79547 -1 -1 5749 0.0014785
Chain
	Aln	52	+1a223294-2ac5-4f16-afc2-c60d5e04414a 22 2601 2603 +edge_27_0_+disjointig_21_0_54132 27759 30339 54132 -1 -1 2549 0.0014434
Chain
	Aln	53	-1a223294-2ac5-4f16-afc2-c60d5e04414a 1 2580 2603 -edge_27_0_+disjointig_21_0_54132 23792 26372 54132 -1 -1 2549 0.0014434
Chain
	Aln	107	+ba906e18-888c-4b2f-9f86-86ba057f1341 5 6398 6401 -edge_54_0_+disjointig_37_0_6770 383 6767 6770 -1 -1 6346 0.000638756
Chain
	Aln	106	-ba906e18-888c-4b2f-9f86-86ba057f1341 2 6395 6401 +edge_54_0_+disjointig_37_0_6770 2 6386 6770 -1 -1 6346 0.000638756
Chain
	Aln	102	+cf43a9b1-bdd7-44ba-a6b6-8a888277fbdf 16 4509 4514 +edge_52_0_+disjointig_35_0_49615 5299 9791 49615 -1 -1 4442 0.00128493
Chain
	Aln	103	-cf43a9b1-bdd7-44ba-a6b6-8a888277fbdf 4 4497 4514 -edge_52_0_+disjointig_35_0_49615 39823 44315 49615 -1 -1 4442 0.00128493
Chain
	Aln	54	+1e2cda03-903c-4dee-9af8-8550ebd866e3 33 2837 2847 +edge_28_0_+disjointig_22_0_197748 91904 94714 197748 -1 -1 2424 0.0173203
Chain
	Aln	55	-1e2cda03-903c-4dee-9af8-8550ebd866e3 9 2813 2847 -edge_28_0_+disjointig_22_0_197748 103033 105843 197748 -1 -1 2424 0.0173203
Chain
	Aln	348	+e8f794b3-95d1-4245-ae93-4b046fd79343 30 3512 3518 +edge_175_0_+disjointig_49_27612_70378 317 3797 42766 -1 -1 3463 0.00170845
Chain
	Aln	349	-e8f794b3-95d1-4245-ae93-4b046fd79343 5 3487 3518 -edge_175_0_+disjointig_49_27612_70378 38968 42448 42766 -1 -1 3463 0.00170845
Chain
	Aln	48	+9bd37030-7253-4310-8b2a-01d12d950cf5 9 3515 3519 +edge_25_0_+disjointig_2_0_55897 12258 15763 55897 -1 -1 3486 0.000226978
Chain
	Aln	49	-9bd37030-7253-4310-8b2a-01d12d950cf5 3 3509 3519 -edge_25_0_+disjointig_2_0_55897 40133 43638 55897 -1 -1 3486 0.000226978
Chain
	Aln	331	+3483ca95-fd4c-4ba1-aa24-f703b108dbf7 18 3922 3948 -edge_166_0_+disjointig_40_6968_25794 14920 18825 18826 -1 -1 3892 0
Chain
	Aln	330	-3483ca95-fd4c-4ba1-aa24-f703b108dbf7 25 3929 3948 +edge_166_0_+disjointig_40_6968_25794 0 3905 18826 -1 -1 3892 0
Chain
	Aln	223	+f84215b3-0a7d-48d0-873b-bce1909018ed 8 5019 5025 -edge_112_0_+disjointig_62_0_57746 8800 13810 57746 -1 -1 4998 0.00194972
Chain
	Aln	222	-f84215b3-0a7d-48d0-873b-bce1909018ed 5 5016 5025 +edge_112_0_+disjointig_62_0_57746 43935 48945 57746 -1 -1 4998 0.00194972
Chain
	Aln	354	+e53754ec-80a6-43dc-90a1-bc8139a9ba7c 1 5946 5950 +edge_178_0_+disjointig_56_67458_85258 7652 13599 17800 -1 -1 5899 0.000468856
Chain
	Aln	355	-e53754ec-80a6-43dc-90a1-bc8139a9ba7c 3 5948 5950 -edge_178_0_+disjointig_56_67458_85258 4200 10147 17800 -1 -1 5899 0.000468856
Chain
	Aln	276	+3187f5ad-b384-42d6-912f-7aed3ec47792 10 6459 6465 +edge_139_0_+disjointig_90_0_45227 37529 43868 45227 -1 -1 5785 0.00438215
Chain
	Aln	277	-3187f5ad-b384-42d6-912f-7aed3ec47792 5 6454 6465 -edge_139_0_+disjointig_90_0_45227 1358 7697 45227 -1 -1 5785 0.00438215
Chain
	Aln	1	+4f628862-c6cd-433e-bc58-77c8a13e2701 11 4681 4687 -edge_1_0_+disjointig_1_0_20132 10 4677 20132 -1 -1 4631 0.00160043
Chain
	Aln	0	-4f628862-c6cd-433e-bc58-77c8a13e2701 5 4675 4687 +edge_1_0_+disjointig_1_0_20132 15454 20121 20132 -1 -1 4631 0.00160043
Chain
	Aln	179	+8196d382-7755-48e3-a3e0-29b72759e0cf 3 4108 4115 -edge_90_0_-disjointig_61_33235_113950 14015 18122 80715 -1 -1 3941 0.00421486
Chain
	Aln	178	-8196d382-7755-48e3-a3e0-29b72759e0cf 6 4111 4115 +edge_90_0_-disjointig_61_33235_113950 62592 66699 80715 -1 -1 3941 0.00421486
Chain
	Aln	275	+9a383409-2fc0-4a93-9772-71e6336c8023 23 2346 2356 -edge_138_0_+disjointig_9_0_4134 23 2322 4134 -1 -1 2223 0.00369864
Chain
	Aln	274	-9a383409-2fc0-4a93-9772-71e6336c8023 9 2332 2356 +edge_138_0_+disjointig_9_0_4134 1811 4110 4134 -1 -1 2223 0.00369864
Chain
	Aln	274	+d368830c-1576-4736-b4f7-d235f4361ea7 8 2354 2356 +edge_138_0_+disjointig_9_0_4134 1789 4111 4134 -1 -1 2236 0.00442693
Chain
	Aln	275	-d368830c-1576-4736-b4f7-d235f4361ea7 1 2347 2356 -edge_138_0_+disjointig_9_0_4134 22 2344 4134 -1 -1 2236 0.00442693
Chain
	Aln	348	+2e9576a1-5295-4b94-93f9-e9bde5f0b1fb 8 3543 11958 +edge_175_0_+disjointig_49_27612_70378 39220 42756 42766 -1 -1 3519 0.00290182
	Aln	348	+2e9576a1-5295-4b94-93f9-e9bde5f0b1fb 3560 11955 11958 +edge_175_0_+disjointig_49_27612_70378 7 8402 42766 -1 -1 8334 0.001881
Chain
	Aln	349	-2e9576a1-5295-4b94-93f9-e9bde5f0b1fb 2 8397 11958 -edge_175_0_+disjointig_49_27612_70378 34363 42758 42766 -1 -1 8334 0.001881
	Aln	349	-2e9576a1-5295-4b94-93f9-e9bde5f0b1fb 8414 11949 11958 -edge_175_0_+disjointig_49_27612_70378 9 3545 42766 -1 -1 3519 0.00290182
Chain
	Aln	178	+6c0ecaab-bc9b-4e1a-97d7-94e0792d008f 6 4082 4099 +edge_90_0_-disjointig_61_33235_113950 62573 66666 80715 -1 -1 3926 0.00418377
Chain
	Aln	179	-6c0ecaab-bc9b-4e1a-97d7-94e0792d008f 16 4092 4099 -edge_90_0_-disjointig_61_33235_113950 14048 18141 80715 -1 -1 3926 0.00418377
Chain
	Aln	254	+0c0498af-6b7d-43ee-8b00-1f0055243ae2 6 7009 7047 +edge_128_0_-disjointig_81_3396_22876 6661 13647 19480 -1 -1 6751 0.00418333
Chain
	Aln	255	-0c0498af-6b7d-43ee-8b00-1f0055243ae2 37 7040 7047 -edge_128_0_-disjointig_81_3396_22876 5832 12818 19480 -1 -1 6751 0.00418333
Chain
	Aln	104	+31d41f63-e4a4-40c7-9f66-e6205f1da226 3 3312 3339 +edge_53_0_+disjointig_36_0_22667 3 3308 22667 -1 -1 3234 0.00125594
Chain
	Aln	105	-31d41f63-e4a4-40c7-9f66-e6205f1da226 26 3335 3339 -edge_53_0_+disjointig_36_0_22667 19358 22663 22667 -1 -1 3234 0.00125594
Chain
	Aln	223	+051d1959-d8c8-4d52-8cf2-7102996fb312 8 2792 2794 -edge_112_0_+disjointig_62_0_57746 36202 38989 57746 -1 -1 2734 0.000811258
Chain
	Aln	222	-051d1959-d8c8-4d52-8cf2-7102996fb312 1 2785 2794 +edge_112_0_+disjointig_62_0_57746 18756 21543 57746 -1 -1 2734 0.000811258
Chain
	Aln	258	+a700dbb9-371f-44ba-af95-1eb34b69c7ab 11988 28118 28125 +edge_130_0_+disjointig_76_0_18842 13 16181 18842 -1 -1 15744 0.00199784
Chain
	Aln	259	-a700dbb9-371f-44ba-af95-1eb34b69c7ab 6 16136 28125 -edge_130_0_+disjointig_76_0_18842 2660 18828 18842 -1 -1 15744 0.00199784
Chain
	Aln	321	+43970656-1276-413b-8829-6eeda791700e 3 3880 3885 -edge_161_0_+disjointig_28_6173_22910 4706 8591 16737 -1 -1 3844 0
Chain
	Aln	320	-43970656-1276-413b-8829-6eeda791700e 4 3881 3885 +edge_161_0_+disjointig_28_6173_22910 8145 12030 16737 -1 -1 3844 0
Chain
	Aln	157	+99699936-14be-4f6f-b9fb-d7870b7b328d 15 3102 3105 -edge_79_0_+disjointig_44_99890_232551 107302 110391 132661 -1 -1 3040 0.000712619
Chain
	Aln	156	-99699936-14be-4f6f-b9fb-d7870b7b328d 2 3089 3105 +edge_79_0_+disjointig_44_99890_232551 22269 25358 132661 -1 -1 3040 0.000712619
Chain
	Aln	224	+b24fca5c-a9f5-4d44-9667-d729f4675557 10 2575 2583 +edge_113_0_+disjointig_63_0_39436 12941 15506 39436 -1 -1 2544 0.0025336
Chain
	Aln	225	-b24fca5c-a9f5-4d44-9667-d729f4675557 7 2572 2583 -edge_113_0_+disjointig_63_0_39436 23929 26494 39436 -1 -1 2544 0.0025336
Chain
	Aln	222	+25dc3ad5-81e7-44a6-951e-5ecf32008f77 12 5065 5075 +edge_112_0_+disjointig_62_0_57746 18753 23807 57746 -1 -1 5017 0
Chain
	Aln	223	-25dc3ad5-81e7-44a6-951e-5ecf32008f77 9 5062 5075 -edge_112_0_+disjointig_62_0_57746 33938 38992 57746 -1 -1 5017 0
Chain
	Aln	51	+24d4cab4-cd03-41fc-962a-8d37bdd425c5 14 4239 4245 -edge_26_0_+disjointig_20_0_104137 78366 82591 104137 -1 -1 3473 0.0227471
Chain
	Aln	50	-24d4cab4-cd03-41fc-962a-8d37bdd425c5 5 4230 4245 +edge_26_0_+disjointig_20_0_104137 21545 25770 104137 -1 -1 3473 0.0227471
Chain
	Aln	215	+4fe05ab4-a98f-4327-9ff5-2a7c3917a20f 9 4961 4964 -edge_108_0_+disjointig_57_0_28352 10520 15541 28352 -1 -1 4357 0.0115483
Chain
	Aln	214	-4fe05ab4-a98f-4327-9ff5-2a7c3917a20f 2 4954 4964 +edge_108_0_+disjointig_57_0_28352 12810 17831 28352 -1 -1 4357 0.0115483
Chain
	Aln	103	+7d1e0fed-5e65-4a64-827f-e58716f183b0 25 3345 3382 -edge_52_0_+disjointig_35_0_49615 7 3492 49615 -1 -1 2965 0.0052116
Chain
	Aln	102	-7d1e0fed-5e65-4a64-827f-e58716f183b0 36 3356 3382 +edge_52_0_+disjointig_35_0_49615 46122 49607 49615 -1 -1 2965 0.0052116
Chain
	Aln	76	+366e6774-b59f-4200-b533-644b0a807c16 7 14947 14949 +edge_39_0_+disjointig_27_0_18658 545 15485 18658 -1 -1 14869 0.000175676
Chain
	Aln	77	-366e6774-b59f-4200-b533-644b0a807c16 1 14941 14949 -edge_39_0_+disjointig_27_0_18658 3172 18112 18658 -1 -1 14869 0.000175676
Chain
	Aln	337	+94756a49-d2dc-44d3-bef7-98b74f87f7d8 7 2063 2078 -edge_169_0_+disjointig_66_0_52611 23178 25235 52611 -1 -1 2002 0.00150156
Chain
	Aln	336	-94756a49-d2dc-44d3-bef7-98b74f87f7d8 14 2070 2078 +edge_169_0_+disjointig_66_0_52611 27375 29432 52611 -1 -1 2002 0.00150156
Chain
	Aln	296	+42844adc-060f-4893-96ac-66771e990869 6 5971 5976 +edge_149_0_-disjointig_16_0_79715 24091 30056 79715 -1 -1 5927 0.00142064
Chain
	Aln	297	-42844adc-060f-4893-96ac-66771e990869 4 5969 5976 -edge_149_0_-disjointig_16_0_79715 49658 55623 79715 -1 -1 5927 0.00142064
Chain
	Aln	93	+3bce04e6-5ff1-4a13-bc7d-f6ef8b821213 10 4060 4071 -edge_47_0_+disjointig_30_0_164630 70276 74326 164630 -1 -1 4002 0
Chain
	Aln	92	-3bce04e6-5ff1-4a13-bc7d-f6ef8b821213 10 4060 4071 +edge_47_0_+disjointig_30_0_164630 90303 94353 164630 -1 -1 4002 0
Chain
	Aln	92	+3cbc6fe4-5e4f-4af9-b968-b7e75bbe0a1c 7 26549 26552 +edge_47_0_+disjointig_30_0_164630 49210 75764 164630 -1 -1 26344 0.000618269
Chain
	Aln	93	-3cbc6fe4-5e4f-4af9-b968-b7e75bbe0a1c 2 26544 26552 -edge_47_0_+disjointig_30_0_164630 88865 115419 164630 -1 -1 26344 0.000618269
Chain
	Aln	92	+b517cf0f-7d8e-43b8-aa87-e24e988dbd8b 5 4055 4064 +edge_47_0_+disjointig_30_0_164630 90278 94335 164630 -1 -1 4004 0.000600106
Chain
	Aln	93	-b517cf0f-7d8e-43b8-aa87-e24e988dbd8b 8 4058 4064 -edge_47_0_+disjointig_30_0_164630 70294 74351 164630 -1 -1 4004 0.000600106
Chain
	Aln	344	+532c0961-4b38-400c-8f95-3bd5b3d37d82 5 4796 4802 +edge_173_0_-disjointig_53_5113_59202 3826 8625 54089 -1 -1 4699 0.00235384
Chain
	Aln	345	-532c0961-4b38-400c-8f95-3bd5b3d37d82 5 4796 4802 -edge_173_0_-disjointig_53_5113_59202 45463 50262 54089 -1 -1 4699 0.00235384
Chain
	Aln	53	+1dcc165f-277b-452d-baa4-17fb6535854b 6 6940 6959 -edge_27_0_+disjointig_21_0_54132 41599 48530 54132 -1 -1 6876 0.00222596
Chain
	Aln	52	-1dcc165f-277b-452d-baa4-17fb6535854b 18 6952 6959 +edge_27_0_+disjointig_21_0_54132 5601 12532 54132 -1 -1 6876 0.00222596
Chain
	Aln	233	+4a0b97e5-5c11-4974-9657-987034cda8c4 10 16424 16429 -edge_117_0_+disjointig_69_0_75545 38838 55141 75545 -1 -1 14888 0.00676182
Chain
	Aln	232	-4a0b97e5-5c11-4974-9657-987034cda8c4 4 16418 16429 +edge_117_0_+disjointig_69_0_75545 20403 36706 75545 -1 -1 14888 0.00676182
Chain
	Aln	21	+8f91b788-cab3-4132-9a70-1e9a5cb53244 3 5445 8472 -edge_11_0_+disjointig_106_0_11126 5672 11125 11126 -1 -1 5270 0.00297968
Chain
	Aln	20	-8f91b788-cab3-4132-9a70-1e9a5cb53244 3026 8468 8472 +edge_11_0_+disjointig_106_0_11126 0 5453 11126 -1 -1 5270 0.00297968
Chain
	Aln	336	+f3325152-71e5-4ecd-a20e-f26c26889a2f 4 18557 18608 +edge_169_0_+disjointig_66_0_52611 20734 39490 52611 -1 -1 16978 0.00647345
Chain
	Aln	337	-f3325152-71e5-4ecd-a20e-f26c26889a2f 50 18603 18608 -edge_169_0_+disjointig_66_0_52611 13120 31876 52611 -1 -1 16978 0.00647345
Chain
	Aln	319	+a4063731-31e6-4017-bdc7-8283a56e5fec 24 12087 12090 -edge_160_0_-disjointig_48_0_101253 59371 71434 101253 -1 -1 11905 0.000643362
Chain
	Aln	318	-a4063731-31e6-4017-bdc7-8283a56e5fec 2 12065 12090 +edge_160_0_-disjointig_48_0_101253 29818 41881 101253 -1 -1 11905 0.000643362
Chain
	Aln	264	+a79126cf-1f9b-4648-827a-2da1109d3adb 20 2043 2048 +edge_133_0_+disjointig_8_0_56180 16126 18153 56180 -1 -1 2011 0.000961433
Chain
	Aln	265	-a79126cf-1f9b-4648-827a-2da1109d3adb 4 2027 2048 -edge_133_0_+disjointig_8_0_56180 38026 40053 56180 -1 -1 2011 0.000961433
Chain
	Aln	265	+08f2d14f-8246-45c8-bf1c-d750116b43e2 12 5657 5666 -edge_133_0_+disjointig_8_0_56180 44707 50357 56180 -1 -1 5583 0.00160788
Chain
	Aln	264	-08f2d14f-8246-45c8-bf1c-d750116b43e2 8 5653 5666 +edge_133_0_+disjointig_8_0_56180 5822 11472 56180 -1 -1 5583 0.00160788
Chain
	Aln	360	+386bfe94-0e91-43e6-b07b-e3b17c6f470b 10 2816 2820 +edge_181_0_+disjointig_74_2530_48718 14753 17560 46188 -1 -1 2793 0.000645394
Chain
	Aln	361	-386bfe94-0e91-43e6-b07b-e3b17c6f470b 3 2809 2820 -edge_181_0_+disjointig_74_2530_48718 28627 31434 46188 -1 -1 2793 0.000645394
Chain
	Aln	62	+94356a5c-4f11-47bf-8d78-27cbb08238b8 8 5041 5931 +edge_32_0_+disjointig_24_0_17277 3167 8209 17277 -1 -1 4646 0.0110137
Chain
	Aln	63	-94356a5c-4f11-47bf-8d78-27cbb08238b8 889 5922 5931 -edge_32_0_+disjointig_24_0_17277 9067 14109 17277 -1 -1 4646 0.0110137
Chain
	Aln	218	+ba27fcb5-0549-41e7-9515-df38b3b870db 20 6992 7001 +edge_110_0_+disjointig_59_0_17897 6306 13283 17897 -1 -1 6647 0.00436333
Chain
	Aln	219	-ba27fcb5-0549-41e7-9515-df38b3b870db 8 6980 7001 -edge_110_0_+disjointig_59_0_17897 4613 11590 17897 -1 -1 6647 0.00436333
Chain
	Aln	101	+7990d92a-5a54-4ce6-83bd-d4793d685236 6 2779 2783 -edge_51_0_+disjointig_34_0_132203 90628 93399 132203 -1 -1 2722 0.00267613
Chain
	Aln	100	-7990d92a-5a54-4ce6-83bd-d4793d685236 3 2776 2783 +edge_51_0_+disjointig_34_0_132203 38803 41574 132203 -1 -1 2722 0.00267613
Chain
	Aln	348	+49a2c1f2-0781-4db0-935b-f7930a64d225 4 3009 3057 +edge_175_0_+disjointig_49_27612_70378 13714 16726 42766 -1 -1 2808 0.00790737
Chain
	Aln	349	-49a2c1f2-0781-4db0-935b-f7930a64d225 47 3052 3057 -edge_175_0_+disjointig_49_27612_70378 26039 29051 42766 -1 -1 2808 0.00790737
Chain
	Aln	220	+56643b50-ba7a-4124-a59a-1a2b5f9c474c 6 7484 7510 +edge_111_0_+disjointig_6_0_62673 14362 21846 62673 -1 -1 7235 0.0035509
Chain
	Aln	221	-56643b50-ba7a-4124-a59a-1a2b5f9c474c 25 7503 7510 -edge_111_0_+disjointig_6_0_62673 40826 48310 62673 -1 -1 7235 0.0035509
Chain
	Aln	323	+9c6a39f8-c919-433e-b8f8-38dddc916f56 28 7167 11954 -edge_162_1_+disjointig_38_14800_26877 4876 12068 12077 -1 -1 5596 0.0272869
	Aln	323	+9c6a39f8-c919-433e-b8f8-38dddc916f56 7185 11933 11954 -edge_162_0_+disjointig_38_2796_14800 11 4821 12004 -1 -1 3431 0.0348301
Chain
	Aln	322	-9c6a39f8-c919-433e-b8f8-38dddc916f56 20 4768 11954 +edge_162_0_+disjointig_38_2796_14800 7182 11992 12004 -1 -1 3431 0.0348301
	Aln	322	-9c6a39f8-c919-433e-b8f8-38dddc916f56 4786 11925 11954 +edge_162_1_+disjointig_38_14800_26877 8 7200 12077 -1 -1 5596 0.0272869
Chain
	Aln	318	+bd2ebe96-878b-40f0-a455-d50929b58686 12 17923 17932 +edge_160_0_-disjointig_48_0_101253 16552 34471 101253 -1 -1 17032 0.00562947
Chain
	Aln	319	-bd2ebe96-878b-40f0-a455-d50929b58686 8 17919 17932 -edge_160_0_-disjointig_48_0_101253 66781 84700 101253 -1 -1 17032 0.00562947
Chain
	Aln	54	+f37a8bf0-4d4c-4cd7-afc9-38cb7a98cc0f 16 18436 18441 +edge_28_0_+disjointig_22_0_197748 98131 116609 197748 -1 -1 17563 0.00397813
Chain
	Aln	55	-f37a8bf0-4d4c-4cd7-afc9-38cb7a98cc0f 4 18424 18441 -edge_28_0_+disjointig_22_0_197748 81138 99616 197748 -1 -1 17563 0.00397813
Chain
	Aln	99	+2d25f5a9-a24d-417a-9610-eb3d56a6aa48 9 3917 3921 -edge_50_0_+disjointig_33_0_54467 9105 13018 54467 -1 -1 3783 0.0032634
Chain
	Aln	98	-2d25f5a9-a24d-417a-9610-eb3d56a6aa48 3 3911 3921 +edge_50_0_+disjointig_33_0_54467 41448 45361 54467 -1 -1 3783 0.0032634
Chain
	Aln	332	+7ca81401-81fd-4141-8c66-24a892b65ec5 9 23150 23162 +edge_167_0_-disjointig_64_0_49685 26395 49674 49685 -1 -1 22490 0.00221088
Chain
	Aln	333	-7ca81401-81fd-4141-8c66-24a892b65ec5 11 23152 23162 -edge_167_0_-disjointig_64_0_49685 10 23289 49685 -1 -1 22490 0.00221088
Chain
	Aln	179	+d6920e1a-3a89-424d-9f57-2776f635b47a 11 2359 2361 -edge_90_0_-disjointig_61_33235_113950 1821 4169 80715 -1 -1 2342 0.000448442
Chain
	Aln	178	-d6920e1a-3a89-424d-9f57-2776f635b47a 1 2349 2361 +edge_90_0_-disjointig_61_33235_113950 76545 78893 80715 -1 -1 2342 0.000448442
Chain
	Aln	239	+2de96dcf-d2f5-498e-ba49-2017d28e12ec 27 5699 5701 -edge_120_0_-disjointig_87_6236_62149 41546 47217 55913 -1 -1 5648 0.000266215
Chain
	Aln	238	-2de96dcf-d2f5-498e-ba49-2017d28e12ec 1 5673 5701 +edge_120_0_-disjointig_87_6236_62149 8695 14366 55913 -1 -1 5648 0.000266215
Chain
	Aln	38	+83401091-1972-46b6-a8c5-e4564d3f0292 9 14360 14405 +edge_20_0_+disjointig_15_0_99894 33940 48297 99894 -1 -1 14148 0.000641191
Chain
	Aln	39	-83401091-1972-46b6-a8c5-e4564d3f0292 44 14395 14405 -edge_20_0_+disjointig_15_0_99894 51596 65953 99894 -1 -1 14148 0.000641191
Chain
	Aln	319	+bf48a79e-e242-42be-a0b9-f0eec8eb4936 297 4986 4995 -edge_160_0_-disjointig_48_0_101253 6699 11387 101253 -1 -1 4681 0.000709376
Chain
	Aln	318	-bf48a79e-e242-42be-a0b9-f0eec8eb4936 8 4697 4995 +edge_160_0_-disjointig_48_0_101253 89865 94553 101253 -1 -1 4681 0.000709376
Chain
	Aln	360	+4cf4cc8e-a2f6-4525-8d06-7704d56c209d 3 4717 4727 +edge_181_0_+disjointig_74_2530_48718 7067 11778 46188 -1 -1 4497 0.00258144
Chain
	Aln	361	-4cf4cc8e-a2f6-4525-8d06-7704d56c209d 9 4723 4727 -edge_181_0_+disjointig_74_2530_48718 34409 39120 46188 -1 -1 4497 0.00258144
Chain
	Aln	179	+b65f6842-a2cd-49fd-a9a3-d73b61bb3181 15 12801 12809 -edge_90_0_-disjointig_61_33235_113950 28934 41699 80715 -1 -1 11689 0.00934885
Chain
	Aln	178	-b65f6842-a2cd-49fd-a9a3-d73b61bb3181 7 12793 12809 +edge_90_0_-disjointig_61_33235_113950 39015 51780 80715 -1 -1 11689 0.00934885
Chain
	Aln	350	+84b46a80-0490-40f6-bc5f-ec59ce2c0a41 6 6204 6213 +edge_176_0_+disjointig_68_0_26846 13174 19379 26846 -1 -1 6118 0.00209472
Chain
	Aln	351	-84b46a80-0490-40f6-bc5f-ec59ce2c0a41 8 6206 6213 -edge_176_0_+disjointig_68_0_26846 7466 13671 26846 -1 -1 6118 0.00209472
Chain
	Aln	323	+4c2ed73b-bc79-4494-8a98-904b71f6bea0 21 4477 4510 -edge_162_1_+disjointig_38_14800_26877 3384 7841 12077 -1 -1 4423 0.00238043
Chain
	Aln	322	-4c2ed73b-bc79-4494-8a98-904b71f6bea0 32 4488 4510 +edge_162_1_+disjointig_38_14800_26877 4235 8692 12077 -1 -1 4423 0.00238043
Chain
	Aln	348	+b400a32b-372d-4522-9e93-5a3d0c9e8d62 7 9790 9795 +edge_175_0_+disjointig_49_27612_70378 6810 16598 42766 -1 -1 9633 0.00129992
Chain
	Aln	349	-b400a32b-372d-4522-9e93-5a3d0c9e8d62 4 9787 9795 -edge_175_0_+disjointig_49_27612_70378 26167 35955 42766 -1 -1 9633 0.00129992
Chain
	Aln	21	+390d5f35-19c2-4361-b1ac-2b1602568f21 11 5030 5038 -edge_11_0_+disjointig_106_0_11126 1553 6569 11126 -1 -1 4997 0.0011151
Chain
	Aln	20	-390d5f35-19c2-4361-b1ac-2b1602568f21 7 5026 5038 +edge_11_0_+disjointig_106_0_11126 4556 9572 11126 -1 -1 4997 0.0011151
Chain
	Aln	233	+256534fb-9906-4d1b-940b-c7d54d9e96a9 11 3326 3328 -edge_117_0_+disjointig_69_0_75545 34446 37758 75545 -1 -1 3196 0.00423251
Chain
	Aln	232	-256534fb-9906-4d1b-940b-c7d54d9e96a9 1 3316 3328 +edge_117_0_+disjointig_69_0_75545 37786 41098 75545 -1 -1 3196 0.00423251
Chain
	Aln	319	+905a3658-67a8-4511-8642-7b9416b79e7d 27 5412 5421 -edge_160_0_-disjointig_48_0_101253 59841 65227 101253 -1 -1 5361 4.40068e-05
Chain
	Aln	318	-905a3658-67a8-4511-8642-7b9416b79e7d 8 5393 5421 +edge_160_0_-disjointig_48_0_101253 36025 41411 101253 -1 -1 5361 4.40068e-05
Chain
	Aln	309	+2d77f78d-9db4-439b-80f1-00e72175994c 7 8663 8666 -edge_155_0_+disjointig_92_0_28863 20203 28860 28863 -1 -1 8580 0.000659562
Chain
	Aln	308	-2d77f78d-9db4-439b-80f1-00e72175994c 2 8658 8666 +edge_155_0_+disjointig_92_0_28863 2 8659 28863 -1 -1 8580 0.000659562
Chain
	Aln	298	+32c29b3d-0ea8-4e77-a0aa-bcaa5a7d9bbe 12 5539 5541 +edge_150_0_+disjointig_11_11851_75629 57811 63338 63778 -1 -1 5510 0.0007272
Chain
	Aln	299	-32c29b3d-0ea8-4e77-a0aa-bcaa5a7d9bbe 1 5528 5541 -edge_150_0_+disjointig_11_11851_75629 439 5966 63778 -1 -1 5510 0.0007272
Chain
	Aln	325	+51c50516-4c91-47da-8451-148b98d52c4e 43 5840 5842 -edge_163_0_+disjointig_88_0_21860 16080 21858 21860 -1 -1 4946 0.0134675
Chain
	Aln	324	-51c50516-4c91-47da-8451-148b98d52c4e 1 5798 5842 +edge_163_0_+disjointig_88_0_21860 1 5779 21860 -1 -1 4946 0.0134675
Chain
	Aln	214	+d874c165-1a5f-449c-87bc-b08131db2e9c 4 3759 3762 +edge_108_0_+disjointig_57_0_28352 24610 28350 28352 -1 -1 3668 0.00306905
Chain
	Aln	215	-d874c165-1a5f-449c-87bc-b08131db2e9c 2 3757 3762 -edge_108_0_+disjointig_57_0_28352 1 3741 28352 -1 -1 3668 0.00306905
Chain
	Aln	357	+469d0a17-05a0-4c6c-b02e-c2edd7f96146 4 4262 4265 -edge_179_0_+disjointig_67_0_82889 3442 7711 82889 -1 -1 4109 0.00432707
Chain
	Aln	356	-469d0a17-05a0-4c6c-b02e-c2edd7f96146 2 4260 4265 +edge_179_0_+disjointig_67_0_82889 75177 79446 82889 -1 -1 4109 0.00432707
Chain
	Aln	187	+29e872a8-4b58-4e59-9451-d699c99bcd37 23 9078 9087 -edge_94_0_+disjointig_47_0_105696 21426 30484 105696 -1 -1 8950 0.00171753
Chain
	Aln	186	-29e872a8-4b58-4e59-9451-d699c99bcd37 8 9063 9087 +edge_94_0_+disjointig_47_0_105696 75211 84269 105696 -1 -1 8950 0.00171753
Chain
	Aln	349	+2e22a372-d409-4bb0-99cc-fac236e135d7 7 13808 13812 -edge_175_1_+disjointig_49_70378_113247 3216 17019 42869 -1 -1 13464 0.00339908
Chain
	Aln	348	-2e22a372-d409-4bb0-99cc-fac236e135d7 3 13804 13812 +edge_175_1_+disjointig_49_70378_113247 25849 39652 42869 -1 -1 13464 0.00339908
Chain
	Aln	312	+41440a17-ecd9-4e07-a872-ed9038e3bf4a 22 8305 8308 +edge_157_0_+disjointig_26_0_75776 8912 17198 75776 -1 -1 8171 0.000953044
Chain
	Aln	313	-41440a17-ecd9-4e07-a872-ed9038e3bf4a 2 8285 8308 -edge_157_0_+disjointig_26_0_75776 58577 66863 75776 -1 -1 8171 0.000953044
Chain
	Aln	356	+16871c00-2050-41a9-835b-3845381a7da7 4 3380 3384 +edge_179_0_+disjointig_67_0_82889 57581 60955 82889 -1 -1 3341 0.0040579
Chain
	Aln	357	-16871c00-2050-41a9-835b-3845381a7da7 3 3379 3384 -edge_179_0_+disjointig_67_0_82889 21933 25307 82889 -1 -1 3341 0.0040579
Chain
	Aln	238	+bd47ada0-dffe-4277-80f2-c2e263d3ebcd 37 15366 15564 +edge_120_0_-disjointig_87_6236_62149 40120 55904 55913 -1 -1 13215 0.0121237
Chain
	Aln	239	-bd47ada0-dffe-4277-80f2-c2e263d3ebcd 197 15526 15564 -edge_120_0_-disjointig_87_6236_62149 8 15792 55913 -1 -1 13215 0.0121237
Chain
	Aln	101	+489c0467-25c3-4d5b-aca9-b681914805e9 8 10197 16626 -edge_51_0_+disjointig_34_0_132203 71774 81947 132203 -1 -1 9511 0.00675389
Chain
	Aln	101	+489c0467-25c3-4d5b-aca9-b681914805e9 11942 16618 16626 -edge_51_0_+disjointig_34_0_132203 82900 87578 132203 -1 -1 4557 0.00417673
Chain
	Aln	100	-489c0467-25c3-4d5b-aca9-b681914805e9 6428 16617 16626 +edge_51_0_+disjointig_34_0_132203 50255 60428 132203 -1 -1 9511 0.00675389
Chain
	Aln	100	-489c0467-25c3-4d5b-aca9-b681914805e9 7 4683 16626 +edge_51_0_+disjointig_34_0_132203 44624 49302 132203 -1 -1 4557 0.00417673
Chain
	Aln	97	+585a13ba-3304-43d9-a3a6-c5d77edaf722 4 3286 3323 -edge_49_0_+disjointig_32_0_79547 50919 54211 79547 -1 -1 3000 0.00806924
Chain
	Aln	96	-585a13ba-3304-43d9-a3a6-c5d77edaf722 36 3318 3323 +edge_49_0_+disjointig_32_0_79547 25335 28627 79547 -1 -1 3000 0.00806924
Chain
	Aln	348	+344ab6be-3d92-4679-a582-def8fba51ecd 6 2298 2308 +edge_175_0_+disjointig_49_27612_70378 511 2807 42766 -1 -1 2275 0.0027146
Chain
	Aln	349	-344ab6be-3d92-4679-a582-def8fba51ecd 9 2301 2308 -edge_175_0_+disjointig_49_27612_70378 39958 42254 42766 -1 -1 2275 0.0027146
Chain
	Aln	97	+3a0ea4a7-62d9-43c4-ba9a-93466e941af2 14 2090 2094 -edge_49_0_+disjointig_32_0_79547 62571 64646 79547 -1 -1 2057 0
Chain
	Aln	96	-3a0ea4a7-62d9-43c4-ba9a-93466e941af2 3 2079 2094 +edge_49_0_+disjointig_32_0_79547 14900 16975 79547 -1 -1 2057 0
Chain
	Aln	223	+dedc84e8-548c-45a7-a116-453179bd5561 11 20758 20762 -edge_112_0_+disjointig_62_0_57746 5203 25952 57746 -1 -1 19374 0.00747728
Chain
	Aln	222	-dedc84e8-548c-45a7-a116-453179bd5561 3 20750 20762 +edge_112_0_+disjointig_62_0_57746 31793 52542 57746 -1 -1 19374 0.00747728
Chain
	Aln	348	+a2aa22f1-e507-4d14-8bd9-f8d24db4e51b 11 2855 2858 +edge_175_0_+disjointig_49_27612_70378 7128 9973 42766 -1 -1 2792 0
Chain
	Aln	349	-a2aa22f1-e507-4d14-8bd9-f8d24db4e51b 2 2846 2858 -edge_175_0_+disjointig_49_27612_70378 32792 35637 42766 -1 -1 2792 0
Chain
	Aln	348	+c5f8fb6c-a820-4daf-8451-b68157aa9c86 21 8184 8190 +edge_175_1_+disjointig_49_70378_113247 9483 17646 42869 -1 -1 7962 0.00304873
Chain
	Aln	349	-c5f8fb6c-a820-4daf-8451-b68157aa9c86 5 8168 8190 -edge_175_1_+disjointig_49_70378_113247 25222 33385 42869 -1 -1 7962 0.00304873
Chain
	Aln	93	+29b3587e-ee9f-4f09-83ef-0dd0a50fbb49 3 13612 13617 -edge_47_0_+disjointig_30_0_164630 24907 38512 164630 -1 -1 13469 0.0012871
Chain
	Aln	92	-29b3587e-ee9f-4f09-83ef-0dd0a50fbb49 4 13613 13617 +edge_47_0_+disjointig_30_0_164630 126117 139722 164630 -1 -1 13469 0.0012871
Chain
	Aln	178	+fdea50c6-b905-4bd5-9a3b-a7288f9612b9 11 11514 11517 +edge_90_0_-disjointig_61_33235_113950 32050 43558 80715 -1 -1 11445 0.00162932
Chain
	Aln	179	-fdea50c6-b905-4bd5-9a3b-a7288f9612b9 2 11505 11517 -edge_90_0_-disjointig_61_33235_113950 37156 48664 80715 -1 -1 11445 0.00162932
Chain
	Aln	51	+156f93af-f0d0-434c-b669-45403fca92e4 4 3901 3915 -edge_26_0_+disjointig_20_0_104137 91697 95593 104137 -1 -1 3863 0.00146749
Chain
	Aln	50	-156f93af-f0d0-434c-b669-45403fca92e4 13 3910 3915 +edge_26_0_+disjointig_20_0_104137 8543 12439 104137 -1 -1 3863 0.00146749
Chain
	Aln	309	+5e9e0a2e-a433-4c3f-bc96-0f7d441755fe 15 23827 23833 -edge_155_0_+disjointig_92_0_28863 4130 27942 28863 -1 -1 23572 0.000391029
Chain
	Aln	308	-5e9e0a2e-a433-4c3f-bc96-0f7d441755fe 5 23817 23833 +edge_155_0_+disjointig_92_0_28863 920 24732 28863 -1 -1 23572 0.000391029
Chain
	Aln	323	+e934d629-a0d3-4bc9-ab85-ced67189cab6 3 6212 12058 -edge_162_1_+disjointig_38_14800_26877 5864 12076 12077 -1 -1 6165 0.0017297
	Aln	323	+e934d629-a0d3-4bc9-ab85-ced67189cab6 6223 12054 12058 -edge_162_0_+disjointig_38_2796_14800 10 5839 12004 -1 -1 5828 0.00041899
Chain
	Aln	322	-e934d629-a0d3-4bc9-ab85-ced67189cab6 3 5834 12058 +edge_162_0_+disjointig_38_2796_14800 6164 11993 12004 -1 -1 5828 0.00041899
	Aln	322	-e934d629-a0d3-4bc9-ab85-ced67189cab6 5845 12054 12058 +edge_162_1_+disjointig_38_14800_26877 0 6212 12077 -1 -1 6165 0.0017297
Chain
	Aln	271	+8e3fb699-fd61-453d-a09c-c576e981e0fc 10 8299 8303 -edge_136_0_+disjointig_86_0_11674 9 8295 11674 -1 -1 8236 0.000578217
Chain
	Aln	270	-8e3fb699-fd61-453d-a09c-c576e981e0fc 3 8292 8303 +edge_136_0_+disjointig_86_0_11674 3378 11664 11674 -1 -1 8236 0.000578217
Chain
	Aln	34	+f7b603b1-0026-4240-b5bd-397f77d6a3bf 10 7994 7998 +edge_18_0_+disjointig_13_0_57208 24234 32218 57208 -1 -1 7946 0.00170269
Chain
	Aln	35	-f7b603b1-0026-4240-b5bd-397f77d6a3bf 3 7987 7998 -edge_18_0_+disjointig_13_0_57208 24989 32973 57208 -1 -1 7946 0.00170269
Chain
	Aln	333	+a89f5523-4f23-4463-83d1-3df1aedcad7b 19 2871 2874 -edge_167_0_-disjointig_64_0_49685 20027 22887 49685 -1 -1 2808 0.00221442
Chain
	Aln	332	-a89f5523-4f23-4463-83d1-3df1aedcad7b 2 2854 2874 +edge_167_0_-disjointig_64_0_49685 26797 29657 49685 -1 -1 2808 0.00221442
Chain
	Aln	330	+b070c786-a3f6-4cd3-991c-f0f8607e8a22 32 2996 2998 +edge_166_0_+disjointig_40_6968_25794 15615 18579 18826 -1 -1 2901 0.00280563
Chain
	Aln	331	-b070c786-a3f6-4cd3-991c-f0f8607e8a22 1 2965 2998 -edge_166_0_+disjointig_40_6968_25794 246 3210 18826 -1 -1 2901 0.00280563
Chain
	Aln	35	+0add412c-4b3e-4d66-a954-18367dc0ea14 12 5136 5162 -edge_18_0_+disjointig_13_0_57208 35105 40225 57208 -1 -1 5083 0.00141899
Chain
	Aln	34	-0add412c-4b3e-4d66-a954-18367dc0ea14 25 5149 5162 +edge_18_0_+disjointig_13_0_57208 16982 22102 57208 -1 -1 5083 0.00141899
Chain
	Aln	49	+dd37ba70-8fa4-47d3-b942-1a2acdee28a5 8 6928 6933 -edge_25_0_+disjointig_2_0_55897 5752 12677 55897 -1 -1 6845 0.00157002
Chain
	Aln	48	-dd37ba70-8fa4-47d3-b942-1a2acdee28a5 4 6924 6933 +edge_25_0_+disjointig_2_0_55897 43219 50144 55897 -1 -1 6845 0.00157002
Chain
	Aln	349	+b0043f40-4cca-4e89-95fa-a48f05911c12 36 33952 42843 -edge_175_1_+disjointig_49_70378_113247 8935 42868 42869 -1 -1 33327 0.00227736
	Aln	349	+b0043f40-4cca-4e89-95fa-a48f05911c12 33962 42841 42843 -edge_175_0_+disjointig_49_27612_70378 9 8884 42766 -1 -1 8575 0.00482063
Chain
	Aln	348	-b0043f40-4cca-4e89-95fa-a48f05911c12 1 8880 42843 +edge_175_0_+disjointig_49_27612_70378 33881 42756 42766 -1 -1 8575 0.00482063
	Aln	348	-b0043f40-4cca-4e89-95fa-a48f05911c12 8890 42806 42843 +edge_175_1_+disjointig_49_70378_113247 0 33933 42869 -1 -1 33327 0.00227736
Chain
	Aln	99	+3a2a66c8-b8cf-4828-9b15-1549f8f19fce 15 5896 5899 -edge_50_0_+disjointig_33_0_54467 31173 37305 54467 -1 -1 4903 0.0130094
Chain
	Aln	98	-3a2a66c8-b8cf-4828-9b15-1549f8f19fce 2 5883 5899 +edge_50_0_+disjointig_33_0_54467 17161 23293 54467 -1 -1 4903 0.0130094
Chain
	Aln	347	+0ce8fdd2-3ea1-4992-a156-4a33bcadcd86 14 6484 6502 -edge_174_0_-disjointig_82_8444_31160 13 6468 22716 -1 -1 6188 0.00380198
Chain
	Aln	346	-0ce8fdd2-3ea1-4992-a156-4a33bcadcd86 17 6487 6502 +edge_174_0_-disjointig_82_8444_31160 16247 22702 22716 -1 -1 6188 0.00380198
Chain
	Aln	101	+20fdf338-92cf-4df0-a708-1e8f1fa71d20 9 2453 3274 -edge_51_0_+disjointig_34_0_132203 10519 12963 132203 -1 -1 2444 0.00129549
Chain
	Aln	100	-20fdf338-92cf-4df0-a708-1e8f1fa71d20 820 3264 3274 +edge_51_0_+disjointig_34_0_132203 119239 121683 132203 -1 -1 2444 0.00129549
Chain
	Aln	92	+89a2c46d-1009-445b-b2bf-fd697360ea74 2 4062 4066 +edge_47_0_+disjointig_30_0_164630 46853 50892 164630 -1 -1 3696 0.00739073
Chain
	Aln	93	-89a2c46d-1009-445b-b2bf-fd697360ea74 3 4063 4066 -edge_47_0_+disjointig_30_0_164630 113737 117776 164630 -1 -1 3696 0.00739073
Chain
	Aln	334	+b30afea1-9a23-460d-afdc-77120983c6fd 5 5033 5038 +edge_168_0_+disjointig_41_22847_84173 27280 32314 61326 -1 -1 5005 0.00289137
Chain
	Aln	335	-b30afea1-9a23-460d-afdc-77120983c6fd 4 5032 5038 -edge_168_0_+disjointig_41_22847_84173 29011 34045 61326 -1 -1 5005 0.00289137
Chain
	Aln	119	+09f1d39e-454b-418b-a54d-f236ec8a8e51 12 3236 4011 -edge_60_0_+disjointig_4_0_11030 11 3231 11030 -1 -1 3204 0.00196827
Chain
	Aln	118	-09f1d39e-454b-418b-a54d-f236ec8a8e51 774 3998 4011 +edge_60_0_+disjointig_4_0_11030 7798 11018 11030 -1 -1 3204 0.00196827
Chain
	Aln	92	+c5a0057e-cccb-4cdd-a266-3b48bab60268 11 12753 12762 +edge_47_0_+disjointig_30_0_164630 123327 136069 164630 -1 -1 12639 0.00118369
Chain
	Aln	93	-c5a0057e-cccb-4cdd-a266-3b48bab60268 8 12750 12762 -edge_47_0_+disjointig_30_0_164630 28560 41302 164630 -1 -1 12639 0.00118369
Chain
	Aln	303	+38d9d620-6cc7-4139-9bf9-6657aa59b8ad 8 3087 3093 -edge_152_0_-disjointig_60_6186_67457 5912 8986 61271 -1 -1 3012 0
Chain
	Aln	302	-38d9d620-6cc7-4139-9bf9-6657aa59b8ad 5 3084 3093 +edge_152_0_-disjointig_60_6186_67457 52284 55358 61271 -1 -1 3012 0
Chain
	Aln	211	+764a9146-6d79-4897-a19a-32f793346fa5 11 13271 14755 -edge_106_0_+disjointig_77_4957_29687 11464 24729 24730 -1 -1 13142 0.00158509
	Aln	354	+764a9146-6d79-4897-a19a-32f793346fa5 13273 14696 14755 +edge_178_0_+disjointig_56_67458_85258 2 1420 17800 -1 -1 1365 0.00311416
Chain
	Aln	355	-764a9146-6d79-4897-a19a-32f793346fa5 58 1481 14755 -edge_178_0_+disjointig_56_67458_85258 16379 17797 17800 -1 -1 1365 0.00311416
	Aln	210	-764a9146-6d79-4897-a19a-32f793346fa5 1483 14743 14755 +edge_106_0_+disjointig_77_4957_29687 0 13265 24730 -1 -1 13142 0.00158509
Chain
	Aln	318	+5054f983-5d77-4802-aea9-4a168fc40c1a 10 2226 2229 +edge_160_0_-disjointig_48_0_101253 16688 18907 101253 -1 -1 2162 0.00389665
Chain
	Aln	319	-5054f983-5d77-4802-aea9-4a168fc40c1a 2 2218 2229 -edge_160_0_-disjointig_48_0_101253 82345 84564 101253 -1 -1 2162 0.00389665
Chain
	Aln	264	+6de1344d-8bb2-4b51-b725-7f11e6a4010b 10 30240 30269 +edge_133_0_+disjointig_8_0_56180 6715 36961 56180 -1 -1 29407 0.00371019
Chain
	Aln	265	-6de1344d-8bb2-4b51-b725-7f11e6a4010b 28 30258 30269 -edge_133_0_+disjointig_8_0_56180 19218 49464 56180 -1 -1 29407 0.00371019
Chain
	Aln	361	+b771918b-323a-4f29-83d4-8efe81e23449 14 12878 12882 -edge_181_0_+disjointig_74_2530_48718 8125 21046 46188 -1 -1 12411 0.00391748
Chain
	Aln	360	-b771918b-323a-4f29-83d4-8efe81e23449 3 12867 12882 +edge_181_0_+disjointig_74_2530_48718 25141 38062 46188 -1 -1 12411 0.00391748
Chain
	Aln	302	+e46fd83b-45bf-495b-bc07-8de08ed45a7c 2 3095 3106 +edge_152_0_-disjointig_60_6186_67457 52261 55351 61271 -1 -1 3068 0
Chain
	Aln	303	-e46fd83b-45bf-495b-bc07-8de08ed45a7c 10 3103 3106 -edge_152_0_-disjointig_60_6186_67457 5919 9009 61271 -1 -1 3068 0
Chain
	Aln	311	+a64e37b7-7767-4f29-87cc-b827662677a8 4 19108 29454 -edge_156_0_+disjointig_23_18615_58974 21245 40358 40359 -1 -1 19028 0.000401825
	Aln	309	+a64e37b7-7767-4f29-87cc-b827662677a8 19121 29446 29454 -edge_155_0_+disjointig_92_0_28863 12 10250 28863 -1 -1 9974 0.0025435
Chain
	Aln	308	-a64e37b7-7767-4f29-87cc-b827662677a8 7 10332 29454 +edge_155_0_+disjointig_92_0_28863 18612 28850 28863 -1 -1 9974 0.0025435
	Aln	310	-a64e37b7-7767-4f29-87cc-b827662677a8 10345 29449 29454 +edge_156_0_+disjointig_23_18615_58974 0 19113 40359 -1 -1 19028 0.000401825
Chain
	Aln	225	+c8480d68-065d-4bb6-a5ef-f39ea3065fc3 29 11742 11746 -edge_113_0_+disjointig_63_0_39436 6185 17893 39436 -1 -1 11603 0.00157807
Chain
	Aln	224	-c8480d68-065d-4bb6-a5ef-f39ea3065fc3 3 11716 11746 +edge_113_0_+disjointig_63_0_39436 21542 33250 39436 -1 -1 11603 0.00157807
Chain
	Aln	345	+332a74cb-f5d6-48d7-ab7e-4f54676059a6 10 4397 4404 -edge_173_0_-disjointig_53_5113_59202 9434 13821 54089 -1 -1 4352 0.0011472
Chain
	Aln	344	-332a74cb-f5d6-48d7-ab7e-4f54676059a6 6 4393 4404 +edge_173_0_-disjointig_53_5113_59202 40267 44654 54089 -1 -1 4352 0.0011472
Chain
	Aln	53	+8fd26ef2-7d36-479b-9668-9d9c770720d6 12 16831 16840 -edge_27_0_+disjointig_21_0_54132 8726 25537 54132 -1 -1 16659 0.000157922
Chain
	Aln	52	-8fd26ef2-7d36-479b-9668-9d9c770720d6 8 16827 16840 +edge_27_0_+disjointig_21_0_54132 28594 45405 54132 -1 -1 16659 0.000157922
Chain
	Aln	93	+55de224b-f6bd-4928-b4b2-0fb84990cbea 5 3739 3745 -edge_47_0_+disjointig_30_0_164630 82601 86335 164630 -1 -1 3734 0
Chain
	Aln	92	-55de224b-f6bd-4928-b4b2-0fb84990cbea 5 3739 3745 +edge_47_0_+disjointig_30_0_164630 78294 82028 164630 -1 -1 3734 0
Chain
	Aln	323	+1b658b2e-5beb-474a-bf96-b4c39f5ca640 12 1254 3667 -edge_162_0_+disjointig_38_2796_14800 10756 12003 12004 -1 -1 1207 0.00330568
	Aln	323	+1b658b2e-5beb-474a-bf96-b4c39f5ca640 1266 3659 3667 -edge_162_0_+disjointig_38_2796_14800 11 2406 12004 -1 -1 2363 0.00273743
Chain
	Aln	322	-1b658b2e-5beb-474a-bf96-b4c39f5ca640 7 2400 3667 +edge_162_0_+disjointig_38_2796_14800 9597 11992 12004 -1 -1 2363 0.00273743
	Aln	322	-1b658b2e-5beb-474a-bf96-b4c39f5ca640 2412 3654 3667 +edge_162_0_+disjointig_38_2796_14800 0 1247 12004 -1 -1 1207 0.00330568
Chain
	Aln	186	+23f45f71-955c-40cd-86ad-7de0a3b3700c 13 2576 2580 +edge_94_0_+disjointig_47_0_105696 97567 100129 105696 -1 -1 2541 0.00118338
Chain
	Aln	187	-23f45f71-955c-40cd-86ad-7de0a3b3700c 3 2566 2580 -edge_94_0_+disjointig_47_0_105696 5566 8128 105696 -1 -1 2541 0.00118338
Chain
	Aln	297	+e4604e3b-ab50-458b-8650-de42eb5f29c1 9 6647 6649 -edge_149_0_-disjointig_16_0_79715 27820 34459 79715 -1 -1 6615 0.000499506
Chain
	Aln	296	-e4604e3b-ab50-458b-8650-de42eb5f29c1 1 6639 6649 +edge_149_0_-disjointig_16_0_79715 45255 51894 79715 -1 -1 6615 0.000499506
Chain
	Aln	335	+fb65f3af-18fe-43e8-bb9a-894e1c8532d2 8 20718 20733 -edge_168_0_+disjointig_41_22847_84173 33181 53896 61326 -1 -1 20342 0.00135185
Chain
	Aln	334	-fb65f3af-18fe-43e8-bb9a-894e1c8532d2 14 20724 20733 +edge_168_0_+disjointig_41_22847_84173 7429 28144 61326 -1 -1 20342 0.00135185
Chain
	Aln	355	+035f96b3-e8e4-4619-9fe3-0c765260e94f 5 2487 2491 -edge_178_0_+disjointig_56_67458_85258 2508 4990 17800 -1 -1 2460 0.00220306
Chain
	Aln	354	-035f96b3-e8e4-4619-9fe3-0c765260e94f 3 2485 2491 +edge_178_0_+disjointig_56_67458_85258 12809 15291 17800 -1 -1 2460 0.00220306
Chain
	Aln	233	+731479f3-bf0f-4c06-ac2f-643a2176468e 18 2500 2558 -edge_117_0_+disjointig_69_0_75545 48957 51433 75545 -1 -1 2394 0.00512052
Chain
	Aln	232	-731479f3-bf0f-4c06-ac2f-643a2176468e 57 2539 2558 +edge_117_0_+disjointig_69_0_75545 24111 26587 75545 -1 -1 2394 0.00512052
Chain
	Aln	222	+a47fb469-5089-4eb1-9481-5aaa678e97e9 10 3340 3343 +edge_112_0_+disjointig_62_0_57746 35109 38440 57746 -1 -1 3286 0.00306323
Chain
	Aln	223	-a47fb469-5089-4eb1-9481-5aaa678e97e9 2 3332 3343 -edge_112_0_+disjointig_62_0_57746 19305 22636 57746 -1 -1 3286 0.00306323
Chain
	Aln	341	+5e7197ef-976f-49d2-ac83-45beea988165 20 4062 4068 -edge_171_0_+disjointig_44_0_83253 72687 76736 83253 -1 -1 3943 0.00414605
Chain
	Aln	340	-5e7197ef-976f-49d2-ac83-45beea988165 5 4047 4068 +edge_171_0_+disjointig_44_0_83253 6516 10565 83253 -1 -1 3943 0.00414605
Chain
	Aln	48	+b95e7ea5-fe42-429a-a713-4139aefba3f0 8 2770 2811 +edge_25_0_+disjointig_2_0_55897 47881 50653 55897 -1 -1 2648 0.00566573
Chain
	Aln	49	-b95e7ea5-fe42-429a-a713-4139aefba3f0 40 2802 2811 -edge_25_0_+disjointig_2_0_55897 5243 8015 55897 -1 -1 2648 0.00566573
Chain
	Aln	186	+27ceaaf6-78f6-40e8-a550-4e795d8367f6 8 7756 7778 +edge_94_0_+disjointig_47_0_105696 5000 12739 105696 -1 -1 7640 0.0020646
Chain
	Aln	187	-27ceaaf6-78f6-40e8-a550-4e795d8367f6 21 7769 7778 -edge_94_0_+disjointig_47_0_105696 92956 100695 105696 -1 -1 7640 0.0020646
Chain
	Aln	49	+a8630578-fd4e-42cf-9131-fc15cf9d35ec 1 2812 2826 -edge_25_0_+disjointig_2_0_55897 5182 7989 55897 -1 -1 2740 0.00238627
Chain
	Aln	48	-a8630578-fd4e-42cf-9131-fc15cf9d35ec 13 2824 2826 +edge_25_0_+disjointig_2_0_55897 47907 50714 55897 -1 -1 2740 0.00238627
Chain
	Aln	215	+1ac74330-8986-4cfa-bc38-a9f8b58e8849 10 2740 2750 -edge_108_0_+disjointig_57_0_28352 2569 5299 28352 -1 -1 2589 0.0058065
Chain
	Aln	214	-1ac74330-8986-4cfa-bc38-a9f8b58e8849 9 2739 2750 +edge_108_0_+disjointig_57_0_28352 23052 25782 28352 -1 -1 2589 0.0058065
Chain
	Aln	101	+10806d8a-cd52-4382-8369-ffe22cea53a7 40 8139 8142 -edge_51_0_+disjointig_34_0_132203 52433 60534 132203 -1 -1 8035 0
Chain
	Aln	100	-10806d8a-cd52-4382-8369-ffe22cea53a7 2 8101 8142 +edge_51_0_+disjointig_34_0_132203 71668 79769 132203 -1 -1 8035 0
Chain
	Aln	318	+302fe01a-de8f-449a-b354-11839d781a76 42 3940 3949 +edge_160_0_-disjointig_48_0_101253 30403 34294 101253 -1 -1 3702 0.00535858
Chain
	Aln	319	-302fe01a-de8f-449a-b354-11839d781a76 8 3906 3949 -edge_160_0_-disjointig_48_0_101253 66958 70849 101253 -1 -1 3702 0.00535858
Chain
	Aln	100	+455cb97b-f3f8-482c-bf5c-adb848c10e09 19 8674 8678 +edge_51_0_+disjointig_34_0_132203 79823 88476 132203 -1 -1 8610 0.00121651
Chain
	Aln	101	-455cb97b-f3f8-482c-bf5c-adb848c10e09 3 8658 8678 -edge_51_0_+disjointig_34_0_132203 43726 52379 132203 -1 -1 8610 0.00121651
Chain
	Aln	312	+71e071f2-e498-4da7-8b0b-b2fff90a1db8 7 4548 4551 +edge_157_0_+disjointig_26_0_75776 58977 63518 75776 -1 -1 4406 0.00347875
Chain
	Aln	313	-71e071f2-e498-4da7-8b0b-b2fff90a1db8 2 4543 4551 -edge_157_0_+disjointig_26_0_75776 12257 16798 75776 -1 -1 4406 0.00347875
Chain
	Aln	296	+2d28ca8b-e316-4763-9bc1-125c38f197dc 8 9017 9023 +edge_149_0_-disjointig_16_0_79715 11971 20983 79715 -1 -1 8993 0
Chain
	Aln	297	-2d28ca8b-e316-4763-9bc1-125c38f197dc 5 9014 9023 -edge_149_0_-disjointig_16_0_79715 58731 67743 79715 -1 -1 8993 0
Chain
	Aln	307	+4aebcdde-58e8-49e2-a142-f839f7cbd43d 18 2409 8804 -edge_154_0_+disjointig_18_11964_26268 11900 14303 14304 -1 -1 2341 0.00350332
	Aln	307	+4aebcdde-58e8-49e2-a142-f839f7cbd43d 2460 8802 8804 -edge_154_0_+disjointig_18_11964_26268 43 6388 14304 -1 -1 6243 0.00335308
Chain
	Aln	306	-4aebcdde-58e8-49e2-a142-f839f7cbd43d 1 6343 8804 +edge_154_0_+disjointig_18_11964_26268 7915 14260 14304 -1 -1 6243 0.00335308
	Aln	306	-4aebcdde-58e8-49e2-a142-f839f7cbd43d 6394 8785 8804 +edge_154_0_+disjointig_18_11964_26268 0 2403 14304 -1 -1 2341 0.00350332
Chain
	Aln	48	+eacbf51e-9b99-4055-9154-bda12c89b43e 6 20661 20669 +edge_25_0_+disjointig_2_0_55897 9354 30002 55897 -1 -1 20447 0.00155052
Chain
	Aln	49	-eacbf51e-9b99-4055-9154-bda12c89b43e 7 20662 20669 -edge_25_0_+disjointig_2_0_55897 25894 46542 55897 -1 -1 20447 0.00155052
Chain
	Aln	38	+f086d666-ba77-45f6-ba6d-7761300eeda9 4 4726 4729 +edge_20_0_+disjointig_15_0_99894 50414 55140 99894 -1 -1 4642 0.00180462
Chain
	Aln	39	-f086d666-ba77-45f6-ba6d-7761300eeda9 2 4724 4729 -edge_20_0_+disjointig_15_0_99894 44753 49479 99894 -1 -1 4642 0.00180462
Chain
	Aln	206	+67941207-3981-4ff2-836d-f1d594e99909 28 8725 8801 +edge_104_0_+disjointig_56_0_67458 43364 52053 67458 -1 -1 8151 0.00766075
Chain
	Aln	207	-67941207-3981-4ff2-836d-f1d594e99909 75 8772 8801 -edge_104_0_+disjointig_56_0_67458 15404 24093 67458 -1 -1 8151 0.00766075
Chain
	Aln	100	+f0f8ad11-b50a-441b-b4a0-7dfc1e1b380c 21 2654 2657 +edge_51_0_+disjointig_34_0_132203 51916 54548 132203 -1 -1 2631 0.000243398
Chain
	Aln	101	-f0f8ad11-b50a-441b-b4a0-7dfc1e1b380c 2 2635 2657 -edge_51_0_+disjointig_34_0_132203 77654 80286 132203 -1 -1 2631 0.000243398
Chain
	Aln	322	+1a0a94de-8400-4b07-88d5-c9b87d63481e 18 2780 4842 +edge_162_0_+disjointig_38_2796_14800 9226 11993 12004 -1 -1 2482 0.0126652
	Aln	322	+1a0a94de-8400-4b07-88d5-c9b87d63481e 2794 4759 4842 +edge_162_0_+disjointig_38_2796_14800 3 1959 12004 -1 -1 1820 0.00620487
Chain
	Aln	323	-1a0a94de-8400-4b07-88d5-c9b87d63481e 82 2047 4842 -edge_162_0_+disjointig_38_2796_14800 10044 12000 12004 -1 -1 1820 0.00620487
	Aln	323	-1a0a94de-8400-4b07-88d5-c9b87d63481e 2061 4823 4842 -edge_162_0_+disjointig_38_2796_14800 10 2777 12004 -1 -1 2482 0.0126652
Chain
	Aln	186	+d311714e-b097-4900-b516-0def59382ec2 16 8117 8303 +edge_94_0_+disjointig_47_0_105696 53681 61771 105696 -1 -1 7848 0.00318849
Chain
	Aln	187	-d311714e-b097-4900-b516-0def59382ec2 185 8286 8303 -edge_94_0_+disjointig_47_0_105696 43924 52014 105696 -1 -1 7848 0.00318849
Chain
	Aln	38	+6d6c37d3-05b4-45f2-a6a1-f124fd8de95a 12 4124 4128 +edge_20_0_+disjointig_15_0_99894 18558 22682 99894 -1 -1 4006 0.00445784
Chain
	Aln	39	-6d6c37d3-05b4-45f2-a6a1-f124fd8de95a 3 4115 4128 -edge_20_0_+disjointig_15_0_99894 77211 81335 99894 -1 -1 4006 0.00445784
Chain
	Aln	207	+16891877-415e-4027-9821-054fca0d5526 12 10821 10824 -edge_104_0_+disjointig_56_0_67458 34880 45694 67458 -1 -1 10594 0.00273193
Chain
	Aln	206	-16891877-415e-4027-9821-054fca0d5526 2 10811 10824 +edge_104_0_+disjointig_56_0_67458 21763 32577 67458 -1 -1 10594 0.00273193
Chain
	Aln	359	+440b8bb2-66d3-4e78-a714-27ad106547cf 6 1599 3251 -edge_180_0_+disjointig_65_8266_10325 466 2058 2059 -1 -1 1591 0.003387
	Aln	357	+440b8bb2-66d3-4e78-a714-27ad106547cf 1613 3227 3251 -edge_179_0_+disjointig_67_0_82889 13 1626 82889 -1 -1 1599 0.00121559
Chain
	Aln	356	-440b8bb2-66d3-4e78-a714-27ad106547cf 23 1637 3251 +edge_179_0_+disjointig_67_0_82889 81262 82875 82889 -1 -1 1599 0.00121559
	Aln	358	-440b8bb2-66d3-4e78-a714-27ad106547cf 1651 3244 3251 +edge_180_0_+disjointig_65_8266_10325 0 1592 2059 -1 -1 1591 0.003387
Chain
	Aln	305	+944a46d7-d01d-4c37-b8f1-5f590d24de2a 228 4958 4960 -edge_153_0_+disjointig_12_8982_46009 31 4758 37027 -1 -1 4687 0.00235139
Chain
	Aln	304	-944a46d7-d01d-4c37-b8f1-5f590d24de2a 1 4731 4960 +edge_153_0_+disjointig_12_8982_46009 32268 36995 37027 -1 -1 4687 0.00235139
Chain
	Aln	307	+ee5ad2c1-2519-4546-8e7d-822c9891d77b 22 2592 2601 -edge_154_0_+disjointig_18_11964_26268 11214 13791 14304 -1 -1 2532 0.00163295
Chain
	Aln	306	-ee5ad2c1-2519-4546-8e7d-822c9891d77b 8 2578 2601 +edge_154_0_+disjointig_18_11964_26268 512 3089 14304 -1 -1 2532 0.00163295
Chain
	Aln	37	+2c45a2c2-aa56-4d32-934d-5286aca7c00a 9 19024 19032 -edge_19_0_+disjointig_14_0_104795 72369 91390 104795 -1 -1 18948 0
Chain
	Aln	36	-2c45a2c2-aa56-4d32-934d-5286aca7c00a 7 19022 19032 +edge_19_0_+disjointig_14_0_104795 13404 32425 104795 -1 -1 18948 0
Chain
	Aln	334	+9476e5d8-d133-4292-96f3-96ec8e505485 4 2662 2664 +edge_168_0_+disjointig_41_22847_84173 4152 6810 61326 -1 -1 2656 0.000922995
Chain
	Aln	335	-9476e5d8-d133-4292-96f3-96ec8e505485 1 2659 2664 -edge_168_0_+disjointig_41_22847_84173 54515 57173 61326 -1 -1 2656 0.000922995
Chain
	Aln	100	+8c6c4749-89b9-4efd-8562-ed00803120d4 13 6483 6491 +edge_51_0_+disjointig_34_0_132203 125723 132196 132203 -1 -1 6412 0.00142155
Chain
	Aln	101	-8c6c4749-89b9-4efd-8562-ed00803120d4 7 6477 6491 -edge_51_0_+disjointig_34_0_132203 6 6479 132203 -1 -1 6412 0.00142155
Chain
	Aln	345	+d4fd8a39-0d4d-4111-97e2-26e947bd3a1f 5 5700 10855 -edge_173_0_-disjointig_53_5113_59202 48395 54088 54089 -1 -1 5666 0.000676687
	Aln	151	+d4fd8a39-0d4d-4111-97e2-26e947bd3a1f 5710 7475 10855 -edge_76_3_-disjointig_53_3340_5113 9 1772 1773 -1 -1 1761 0.000814128
	Aln	145	+d4fd8a39-0d4d-4111-97e2-26e947bd3a1f 7489 8468 10855 -edge_73_6_-disjointig_53_2347_3340 13 992 993 -1 -1 979 0
	Aln	148	+d4fd8a39-0d4d-4111-97e2-26e947bd3a1f 8469 10849 10855 +edge_75_12_-disjointig_91_2599_5685 1 2385 3086 -1 -1 2350 0.000927772
Chain
	Aln	149	-d4fd8a39-0d4d-4111-97e2-26e947bd3a1f 5 2385 10855 -edge_75_12_-disjointig_91_2599_5685 700 3084 3086 -1 -1 2350 0.000927772
	Aln	144	-d4fd8a39-0d4d-4111-97e2-26e947bd3a1f 2386 3365 10855 +edge_73_6_-disjointig_53_2347_3340 0 979 993 -1 -1 979 0
	Aln	150	-d4fd8a39-0d4d-4111-97e2-26e947bd3a1f 3379 5144 10855 +edge_76_3_-disjointig_53_3340_5113 0 1763 1773 -1 -1 1761 0.000814128
	Aln	344	-d4fd8a39-0d4d-4111-97e2-26e947bd3a1f 5154 10849 10855 +edge_173_0_-disjointig_53_5113_59202 0 5693 54089 -1 -1 5666 0.000676687
Chain
	Aln	98	+f954854f-7ed5-4360-8586-d989dc1a4985 6 2377 2380 +edge_50_0_+disjointig_33_0_54467 46127 48503 54467 -1 -1 2335 0.00198611
Chain
	Aln	99	-f954854f-7ed5-4360-8586-d989dc1a4985 2 2373 2380 -edge_50_0_+disjointig_33_0_54467 5963 8339 54467 -1 -1 2335 0.00198611
Chain
	Aln	345	+9ab898b2-78c0-4d9f-9bea-58f423b02703 3 12059 12068 -edge_173_0_-disjointig_53_5113_59202 17934 30015 54089 -1 -1 11557 0.0038542
Chain
	Aln	344	-9ab898b2-78c0-4d9f-9bea-58f423b02703 8 12064 12068 +edge_173_0_-disjointig_53_5113_59202 24073 36154 54089 -1 -1 11557 0.0038542
Chain
	Aln	259	+d1c32ce1-13f3-41bc-9a31-0d62075ea255 5 2479 12862 -edge_130_0_+disjointig_76_0_18842 16368 18841 18842 -1 -1 2453 0.00228485
Chain
	Aln	258	-d1c32ce1-13f3-41bc-9a31-0d62075ea255 10382 12856 12862 +edge_130_0_+disjointig_76_0_18842 0 2473 18842 -1 -1 2453 0.00228485
Chain
	Aln	351	+0504849e-5451-4d8e-bd4b-584165779cbd 25 6826 6828 -edge_176_0_+disjointig_68_0_26846 6074 12874 26846 -1 -1 6787 0.000796234
Chain
	Aln	350	-0504849e-5451-4d8e-bd4b-584165779cbd 1 6802 6828 +edge_176_0_+disjointig_68_0_26846 13971 20771 26846 -1 -1 6787 0.000796234
Chain
	Aln	195	+de889c90-b37f-4c92-b6d6-5b3cc5081be7 14 9748 9751 -edge_98_0_+disjointig_51_0_39741 23647 33382 39741 -1 -1 9671 0.000475033
Chain
	Aln	194	-de889c90-b37f-4c92-b6d6-5b3cc5081be7 2 9736 9751 +edge_98_0_+disjointig_51_0_39741 6358 16093 39741 -1 -1 9671 0.000475033
Chain
	Aln	206	+c88ea4e9-09e3-4ba6-8ce8-ed1685377585 9 3772 3775 +edge_104_0_+disjointig_56_0_67458 31723 35492 67458 -1 -1 3626 0.00365275
Chain
	Aln	207	-c88ea4e9-09e3-4ba6-8ce8-ed1685377585 2 3765 3775 -edge_104_0_+disjointig_56_0_67458 31965 35734 67458 -1 -1 3626 0.00365275
Chain
	Aln	219	+8ba41c87-b8ad-4039-89e8-434adf4be458 15 2058 2096 -edge_110_0_+disjointig_59_0_17897 11348 13391 17897 -1 -1 2020 0.00142394
Chain
	Aln	218	-8ba41c87-b8ad-4039-89e8-434adf4be458 37 2080 2096 +edge_110_0_+disjointig_59_0_17897 4505 6548 17897 -1 -1 2020 0.00142394
Chain
	Aln	220	+dd5db766-9b34-4fb9-9c97-775ce7bd5f2f 25 5321 5325 +edge_111_0_+disjointig_6_0_62673 31391 36850 62673 -1 -1 4750 0.0107119
Chain
	Aln	221	-dd5db766-9b34-4fb9-9c97-775ce7bd5f2f 3 5299 5325 -edge_111_0_+disjointig_6_0_62673 25822 31281 62673 -1 -1 4750 0.0107119
Chain
	Aln	313	+ee238c68-13b6-4f8d-89cc-45ef981d1eda 0 48097 48103 -edge_157_0_+disjointig_26_0_75776 18962 66863 75776 -1 -1 46696 0.00134342
Chain
	Aln	312	-ee238c68-13b6-4f8d-89cc-45ef981d1eda 5 48102 48103 +edge_157_0_+disjointig_26_0_75776 8912 56813 75776 -1 -1 46696 0.00134342
Chain
	Aln	163	+52610677-e66c-447e-844a-98d0db48e10c 33 15003 15018 -edge_82_0_+disjointig_61_85560_113950 6829 21845 28390 -1 -1 12571 0.0178626
Chain
	Aln	162	-52610677-e66c-447e-844a-98d0db48e10c 14 14984 15018 +edge_82_0_+disjointig_61_85560_113950 6544 21560 28390 -1 -1 12571 0.0178626
Chain
	Aln	300	+3a4fdecb-e198-44ed-ac8a-378753b4a0a7 4 3575 3585 +edge_151_0_+disjointig_19_0_25278 4 3580 25278 -1 -1 3547 0.000560702
Chain
	Aln	301	-3a4fdecb-e198-44ed-ac8a-378753b4a0a7 9 3580 3585 -edge_151_0_+disjointig_19_0_25278 21697 25273 25278 -1 -1 3547 0.000560702
Chain
	Aln	162	+fb516bc3-fdcb-447a-af72-11c0153ad08e 9 20237 20252 +edge_82_0_+disjointig_61_85560_113950 8100 28376 28390 -1 -1 18037 0.00750988
Chain
	Aln	163	-fb516bc3-fdcb-447a-af72-11c0153ad08e 14 20242 20252 -edge_82_0_+disjointig_61_85560_113950 13 20289 28390 -1 -1 18037 0.00750988
Chain
	Aln	348	+cf16592a-4794-4691-b203-0d27098f7f01 3 17029 17037 +edge_175_0_+disjointig_49_27612_70378 3279 20753 42766 -1 -1 13510 0.01399
Chain
	Aln	349	-cf16592a-4794-4691-b203-0d27098f7f01 7 17033 17037 -edge_175_0_+disjointig_49_27612_70378 22012 39486 42766 -1 -1 13510 0.01399
Chain
	Aln	36	+876c9c8a-00b8-49d5-90a5-e8974b254e36 20 2723 2730 +edge_19_0_+disjointig_14_0_104795 13745 16466 104795 -1 -1 2010 0.0270252
Chain
	Aln	37	-876c9c8a-00b8-49d5-90a5-e8974b254e36 6 2709 2730 -edge_19_0_+disjointig_14_0_104795 88328 91049 104795 -1 -1 2010 0.0270252
Chain
	Aln	99	+90bdf5a5-62b1-423a-87d2-d1c44090bfbe 39 9432 9438 -edge_50_0_+disjointig_33_0_54467 15874 25270 54467 -1 -1 9219 0.00110262
Chain
	Aln	98	-90bdf5a5-62b1-423a-87d2-d1c44090bfbe 5 9398 9438 +edge_50_0_+disjointig_33_0_54467 29196 38592 54467 -1 -1 9219 0.00110262
Chain
	Aln	216	+0f1158be-e83a-48d5-aad1-37af96ca19c1 18 4687 4693 +edge_109_0_+disjointig_58_0_33005 5347 10018 33005 -1 -1 4650 0.000763579
Chain
	Aln	217	-0f1158be-e83a-48d5-aad1-37af96ca19c1 5 4674 4693 -edge_109_0_+disjointig_58_0_33005 22986 27657 33005 -1 -1 4650 0.000763579
Chain
	Aln	222	+8f7b3053-54e2-4ed0-9961-fd051239156e 9 11497 11505 +edge_112_0_+disjointig_62_0_57746 15837 27325 57746 -1 -1 11414 0
Chain
	Aln	223	-8f7b3053-54e2-4ed0-9961-fd051239156e 7 11495 11505 -edge_112_0_+disjointig_62_0_57746 30420 41908 57746 -1 -1 11414 0
Chain
	Aln	185	+3ab09d4f-1bcb-494c-9d4f-7a2f5fbe2840 15 3667 3671 -edge_93_0_+disjointig_46_0_10658 14 3664 10658 -1 -1 3598 0.000889975
Chain
	Aln	184	-3ab09d4f-1bcb-494c-9d4f-7a2f5fbe2840 3 3655 3671 +edge_93_0_+disjointig_46_0_10658 6993 10643 10658 -1 -1 3598 0.000889975
Chain
	Aln	157	+ac43c1b7-a435-45c0-945f-2f05c3096239 16 2407 2506 -edge_79_0_+disjointig_44_99890_232551 107896 110289 132661 -1 -1 2297 0.00397802
Chain
	Aln	156	-ac43c1b7-a435-45c0-945f-2f05c3096239 98 2489 2506 +edge_79_0_+disjointig_44_99890_232551 22371 24764 132661 -1 -1 2297 0.00397802
Chain
	Aln	340	+2985caab-49be-4b2a-987a-97b733b8e149 14 9795 9797 +edge_171_0_+disjointig_44_0_83253 18718 28538 83253 -1 -1 9416 0.00444152
Chain
	Aln	341	-2985caab-49be-4b2a-987a-97b733b8e149 1 9782 9797 -edge_171_0_+disjointig_44_0_83253 54714 64534 83253 -1 -1 9416 0.00444152
Chain
	Aln	2	+d33d99b1-34fc-4f92-aa65-054b6bd51444 1 4786 4790 +edge_2_0_+disjointig_10_0_56359 1 4788 56359 -1 -1 4770 6.72937e-05
Chain
	Aln	3	-d33d99b1-34fc-4f92-aa65-054b6bd51444 3 4788 4790 -edge_2_0_+disjointig_10_0_56359 51570 56357 56359 -1 -1 4770 6.72937e-05
Chain
	Aln	233	+19440c13-6d48-4816-b0e5-51d37fd3e0b0 17 11157 11163 -edge_117_0_+disjointig_69_0_75545 6188 17326 75545 -1 -1 11068 0.00151045
Chain
	Aln	232	-19440c13-6d48-4816-b0e5-51d37fd3e0b0 5 11145 11163 +edge_117_0_+disjointig_69_0_75545 58218 69356 75545 -1 -1 11068 0.00151045
Chain
	Aln	321	+5985698e-b2d1-4a01-9d64-5010269f10ed 14 3679 3681 -edge_161_0_+disjointig_28_6173_22910 8614 12279 16737 -1 -1 3641 0.00320825
Chain
	Aln	320	-5985698e-b2d1-4a01-9d64-5010269f10ed 1 3666 3681 +edge_161_0_+disjointig_28_6173_22910 4457 8122 16737 -1 -1 3641 0.00320825
Chain
	Aln	293	+5d196705-cb20-46c2-aff5-64e0ace60ff8 7 5459 5461 -edge_147_0_-disjointig_17_0_25571 17427 22874 25571 -1 -1 5360 0.00106227
Chain
	Aln	292	-5d196705-cb20-46c2-aff5-64e0ace60ff8 1 5453 5461 +edge_147_0_-disjointig_17_0_25571 2696 8143 25571 -1 -1 5360 0.00106227
Chain
	Aln	17	+06a3a074-ad00-4fbb-8f7a-f18d574e92e8 9 2704 2707 -edge_9_0_+disjointig_104_0_2707 8 2704 2707 -1 -1 2682 0.0016343
Chain
	Aln	16	-06a3a074-ad00-4fbb-8f7a-f18d574e92e8 2 2697 2707 +edge_9_0_+disjointig_104_0_2707 2 2698 2707 -1 -1 2682 0.0016343
Chain
	Aln	54	+02c653c8-6242-467f-b9b7-d17b01444c94 32 5412 5415 +edge_28_0_+disjointig_22_0_197748 50352 55729 197748 -1 -1 5294 0.00206199
Chain
	Aln	55	-02c653c8-6242-467f-b9b7-d17b01444c94 2 5382 5415 -edge_28_0_+disjointig_22_0_197748 142018 147395 197748 -1 -1 5294 0.00206199
Chain
	Aln	301	+2b81c8c4-4be7-48e9-a67b-b70ec71db3a0 9 8129 8137 -edge_151_0_+disjointig_19_0_25278 13423 21541 25278 -1 -1 8073 0.00203158
Chain
	Aln	300	-2b81c8c4-4be7-48e9-a67b-b70ec71db3a0 7 8127 8137 +edge_151_0_+disjointig_19_0_25278 3736 11854 25278 -1 -1 8073 0.00203158
Chain
	Aln	195	+6d1a5d68-4e3b-46cc-aa4f-8f41b26c340e 2 5475 5479 -edge_98_0_+disjointig_51_0_39741 26984 32460 39741 -1 -1 5442 0
Chain
	Aln	194	-6d1a5d68-4e3b-46cc-aa4f-8f41b26c340e 3 5476 5479 +edge_98_0_+disjointig_51_0_39741 7280 12756 39741 -1 -1 5442 0
Chain
	Aln	52	+2f800a4f-a7e1-4ebb-b6dd-602882d5b528 13 3520 3525 +edge_27_0_+disjointig_21_0_54132 41023 44531 54132 -1 -1 3488 0.000353374
Chain
	Aln	53	-2f800a4f-a7e1-4ebb-b6dd-602882d5b528 4 3511 3525 -edge_27_0_+disjointig_21_0_54132 9600 13108 54132 -1 -1 3488 0.000353374
Chain
	Aln	50	+2e412f2b-aa63-4063-89c7-61c66f986a0e 9 6566 6569 +edge_26_0_+disjointig_20_0_104137 59320 65878 104137 -1 -1 6512 0.001273
Chain
	Aln	51	-2e412f2b-aa63-4063-89c7-61c66f986a0e 2 6559 6569 -edge_26_0_+disjointig_20_0_104137 38258 44816 104137 -1 -1 6512 0.001273
Chain
	Aln	178	+8ea3f6ed-b634-4a4f-84c6-a2b5ef702fa3 4 4781 4787 +edge_90_0_-disjointig_61_33235_113950 59638 64423 80715 -1 -1 4555 0.00550705
Chain
	Aln	179	-8ea3f6ed-b634-4a4f-84c6-a2b5ef702fa3 5 4782 4787 -edge_90_0_-disjointig_61_33235_113950 16291 21076 80715 -1 -1 4555 0.00550705
Chain
	Aln	98	+d87bcfe0-7041-4186-b236-5589ed6b23d2 8 4122 4133 +edge_50_0_+disjointig_33_0_54467 15697 19817 54467 -1 -1 3948 0.00381041
Chain
	Aln	99	-d87bcfe0-7041-4186-b236-5589ed6b23d2 10 4124 4133 -edge_50_0_+disjointig_33_0_54467 34649 38769 54467 -1 -1 3948 0.00381041
Chain
	Aln	300	+795b820d-675c-44e8-b08e-d04a964a4364 6 6177 7201 +edge_151_0_+disjointig_19_0_25278 19094 25270 25278 -1 -1 6065 0.00307717
	Aln	302	+795b820d-675c-44e8-b08e-d04a964a4364 6186 7191 7201 +edge_152_0_-disjointig_60_6186_67457 1 1008 61271 -1 -1 999 0
Chain
	Aln	303	-795b820d-675c-44e8-b08e-d04a964a4364 9 1014 7201 -edge_152_0_-disjointig_60_6186_67457 60262 61269 61271 -1 -1 999 0
	Aln	301	-795b820d-675c-44e8-b08e-d04a964a4364 1023 7194 7201 -edge_151_0_+disjointig_19_0_25278 7 6183 25278 -1 -1 6065 0.00307717
Chain
	Aln	93	+99997090-55bc-4112-88df-c3b14e2fee1b 9 5336 5341 -edge_47_0_+disjointig_30_0_164630 137761 143089 164630 -1 -1 5238 0.00224402
Chain
	Aln	92	-99997090-55bc-4112-88df-c3b14e2fee1b 4 5331 5341 +edge_47_0_+disjointig_30_0_164630 21540 26868 164630 -1 -1 5238 0.00224402
Chain
	Aln	277	+17ba71ef-0a81-439b-b48b-7c178819159b 9 3010 3029 -edge_139_0_+disjointig_90_0_45227 24897 27895 45227 -1 -1 2896 0.00528102
Chain
	Aln	276	-17ba71ef-0a81-439b-b48b-7c178819159b 18 3019 3029 +edge_139_0_+disjointig_90_0_45227 17331 20329 45227 -1 -1 2896 0.00528102
Chain
	Aln	348	+eb080f16-a00b-435c-be93-31cd96f73ae9 11 13063 13070 +edge_175_0_+disjointig_49_27612_70378 2159 15222 42766 -1 -1 12851 0.00146558
Chain
	Aln	349	-eb080f16-a00b-435c-be93-31cd96f73ae9 6 13058 13070 -edge_175_0_+disjointig_49_27612_70378 27543 40606 42766 -1 -1 12851 0.00146558
Chain
	Aln	302	+3d41a585-39b6-4b5f-b13f-0df288afc26e 15 2438 2442 +edge_152_0_-disjointig_60_6186_67457 53020 55448 61271 -1 -1 2376 0
Chain
	Aln	303	-3d41a585-39b6-4b5f-b13f-0df288afc26e 3 2426 2442 -edge_152_0_-disjointig_60_6186_67457 5822 8250 61271 -1 -1 2376 0
Chain
	Aln	35	+dd8bc33d-8040-4247-aa1d-71375c41b4ae 6 3988 3991 -edge_18_0_+disjointig_13_0_57208 23904 27885 57208 -1 -1 3948 0.00189033
Chain
	Aln	34	-dd8bc33d-8040-4247-aa1d-71375c41b4ae 2 3984 3991 +edge_18_0_+disjointig_13_0_57208 29322 33303 57208 -1 -1 3948 0.00189033
Chain
	Aln	156	+83414caf-7dd8-4eda-b2a9-fb0d6d56c450 7 21943 21949 +edge_79_0_+disjointig_44_99890_232551 4048 25870 132661 -1 -1 21308 0.00253689
Chain
	Aln	157	-83414caf-7dd8-4eda-b2a9-fb0d6d56c450 5 21941 21949 -edge_79_0_+disjointig_44_99890_232551 106790 128612 132661 -1 -1 21308 0.00253689
Chain
	Aln	303	+3568f813-77a5-4645-aa41-0d6636a1a3a8 23 15196 15209 -edge_152_0_-disjointig_60_6186_67457 18988 34165 61271 -1 -1 15055 0.000130606
Chain
	Aln	302	-3568f813-77a5-4645-aa41-0d6636a1a3a8 12 15185 15209 +edge_152_0_-disjointig_60_6186_67457 27105 42282 61271 -1 -1 15055 0.000130606
Chain
	Aln	308	+f55c6165-63d1-4fbb-8a96-dc8b861fcec7 16 13747 13765 +edge_155_0_+disjointig_92_0_28863 15122 28852 28863 -1 -1 13640 0.000298464
Chain
	Aln	309	-f55c6165-63d1-4fbb-8a96-dc8b861fcec7 17 13748 13765 -edge_155_0_+disjointig_92_0_28863 10 13740 28863 -1 -1 13640 0.000298464
Chain
	Aln	322	+77b6bf38-6ea5-4270-b11a-dc612249da07 11 5559 12073 +edge_162_0_+disjointig_38_2796_14800 6447 11993 12004 -1 -1 5533 0.000831685
	Aln	322	+77b6bf38-6ea5-4270-b11a-dc612249da07 5573 12039 12073 +edge_162_1_+disjointig_38_14800_26877 3 6465 12077 -1 -1 6415 0.00182128
Chain
	Aln	323	-77b6bf38-6ea5-4270-b11a-dc612249da07 33 6499 12073 -edge_162_1_+disjointig_38_14800_26877 5611 12073 12077 -1 -1 6415 0.00182128
	Aln	323	-77b6bf38-6ea5-4270-b11a-dc612249da07 6513 12061 12073 -edge_162_0_+disjointig_38_2796_14800 10 5556 12004 -1 -1 5533 0.000831685
Chain
	Aln	101	+ad0c6588-402e-409a-999b-fcf983c57178 6 14362 14369 -edge_51_0_+disjointig_34_0_132203 24273 38625 132203 -1 -1 14268 0.00162652
Chain
	Aln	100	-ad0c6588-402e-409a-999b-fcf983c57178 6 14362 14369 +edge_51_0_+disjointig_34_0_132203 93577 107929 132203 -1 -1 14268 0.00162652
Chain
	Aln	100	+35bd76a9-b130-4a07-960e-52f40f363a64 19 2367 2374 +edge_51_0_+disjointig_34_0_132203 123626 125972 132203 -1 -1 2322 0.00388437
Chain
	Aln	101	-35bd76a9-b130-4a07-960e-52f40f363a64 6 2354 2374 -edge_51_0_+disjointig_34_0_132203 6230 8576 132203 -1 -1 2322 0.00388437
Chain
	Aln	312	+c192ffed-3eac-4c62-8a3d-f081116bfb2b 9 2719 9808 +edge_157_0_+disjointig_26_0_75776 73050 75768 75776 -1 -1 2625 0.0054165
	Aln	314	+c192ffed-3eac-4c62-8a3d-f081116bfb2b 2728 9806 9808 +edge_158_0_+disjointig_25_34644_66531 1 7086 31887 -1 -1 7025 0.00042016
Chain
	Aln	315	-c192ffed-3eac-4c62-8a3d-f081116bfb2b 1 7079 9808 -edge_158_0_+disjointig_25_34644_66531 24800 31885 31887 -1 -1 7025 0.00042016
	Aln	313	-c192ffed-3eac-4c62-8a3d-f081116bfb2b 7088 9798 9808 -edge_157_0_+disjointig_26_0_75776 7 2725 75776 -1 -1 2625 0.0054165
Chain
	Aln	54	+3ac4ab34-af70-459d-8393-212f48bf708f 11 15077 15081 +edge_28_0_+disjointig_22_0_197748 55358 70412 197748 -1 -1 14306 0.00533097
Chain
	Aln	55	-3ac4ab34-af70-459d-8393-212f48bf708f 3 15069 15081 -edge_28_0_+disjointig_22_0_197748 127335 142389 197748 -1 -1 14306 0.00533097
Chain
	Aln	221	+2da2bf9a-a86a-465c-b700-fe732367c6a3 4 17572 17574 -edge_111_0_+disjointig_6_0_62673 43387 60802 62673 -1 -1 16525 0.00344001
Chain
	Aln	220	-2da2bf9a-a86a-465c-b700-fe732367c6a3 1 17569 17574 +edge_111_0_+disjointig_6_0_62673 1870 19285 62673 -1 -1 16525 0.00344001
Chain
	Aln	195	+02470030-00ae-4659-87b7-872b9229b466 6 9648 9651 -edge_98_0_+disjointig_51_0_39741 15817 25473 39741 -1 -1 9539 0.00281375
Chain
	Aln	194	-02470030-00ae-4659-87b7-872b9229b466 2 9644 9651 +edge_98_0_+disjointig_51_0_39741 14267 23923 39741 -1 -1 9539 0.00281375
Chain
	Aln	308	+a2e7174f-66d1-4ab7-802c-47d69b604b4e 6 2094 2098 +edge_155_0_+disjointig_92_0_28863 26159 28248 28863 -1 -1 2045 0.00421466
Chain
	Aln	309	-a2e7174f-66d1-4ab7-802c-47d69b604b4e 3 2091 2098 -edge_155_0_+disjointig_92_0_28863 614 2703 28863 -1 -1 2045 0.00421466
Chain
	Aln	157	+f7ef9655-0a37-4e90-9270-b1ac89b74277 23 2405 2414 -edge_79_0_+disjointig_44_99890_232551 80807 83195 132661 -1 -1 2370 0.00186078
Chain
	Aln	156	-f7ef9655-0a37-4e90-9270-b1ac89b74277 8 2390 2414 +edge_79_0_+disjointig_44_99890_232551 49465 51853 132661 -1 -1 2370 0.00186078
Chain
	Aln	164	+12163c5c-9ad5-4d84-a60b-c5ba781ab13f 9 9210 9238 +edge_83_0_-disjointig_71_8379_80660 26837 36037 72281 -1 -1 9059 0.0011119
Chain
	Aln	165	-12163c5c-9ad5-4d84-a60b-c5ba781ab13f 27 9228 9238 -edge_83_0_-disjointig_71_8379_80660 36243 45443 72281 -1 -1 9059 0.0011119
Chain
	Aln	220	+b63ffae4-9e4d-4def-877b-e9d2056a2bd1 3 3991 3996 +edge_111_0_+disjointig_6_0_62673 57789 61795 62673 -1 -1 3928 0.00116139
Chain
	Aln	221	-b63ffae4-9e4d-4def-877b-e9d2056a2bd1 4 3992 3996 -edge_111_0_+disjointig_6_0_62673 877 4883 62673 -1 -1 3928 0.00116139
Chain
	Aln	101	+7283391c-6133-49cb-bbb6-9e840d5974f6 11 2714 2716 -edge_51_0_+disjointig_34_0_132203 52697 55403 132203 -1 -1 2695 0.00075026
Chain
	Aln	100	-7283391c-6133-49cb-bbb6-9e840d5974f6 1 2704 2716 +edge_51_0_+disjointig_34_0_132203 76799 79505 132203 -1 -1 2695 0.00075026
Chain
	Aln	92	+f5638d7c-8500-4ce0-b36f-1774b2e320f6 14 13492 13501 +edge_47_0_+disjointig_30_0_164630 55149 68649 164630 -1 -1 13196 0.0023177
Chain
	Aln	93	-f5638d7c-8500-4ce0-b36f-1774b2e320f6 8 13486 13501 -edge_47_0_+disjointig_30_0_164630 95980 109480 164630 -1 -1 13196 0.0023177
Chain
	Aln	322	+17ad1dc8-343d-40b4-8fd0-d677d8a1e46f 6 8641 10938 +edge_162_1_+disjointig_38_14800_26877 3826 12066 12077 -1 -1 5721 0.0140164
	Aln	322	+17ad1dc8-343d-40b4-8fd0-d677d8a1e46f 8655 10924 10938 +edge_162_1_+disjointig_38_14800_26877 3 2271 12077 -1 -1 2239 0.00041505
Chain
	Aln	323	-17ad1dc8-343d-40b4-8fd0-d677d8a1e46f 13 2282 10938 -edge_162_1_+disjointig_38_14800_26877 9805 12073 12077 -1 -1 2239 0.00041505
	Aln	323	-17ad1dc8-343d-40b4-8fd0-d677d8a1e46f 2296 10931 10938 -edge_162_1_+disjointig_38_14800_26877 10 8250 12077 -1 -1 5721 0.0140164
Chain
	Aln	306	+ee2cdcfe-52f4-4fb0-857c-279016f1ddc9 0 5622 10892 +edge_154_0_+disjointig_18_11964_26268 8646 14270 14304 -1 -1 5511 0.00319273
	Aln	306	+ee2cdcfe-52f4-4fb0-857c-279016f1ddc9 5659 10136 10892 +edge_154_0_+disjointig_18_11964_26268 1 4477 14304 -1 -1 4385 0.00234175
Chain
	Aln	307	-ee2cdcfe-52f4-4fb0-857c-279016f1ddc9 755 5232 10892 -edge_154_0_+disjointig_18_11964_26268 9826 14302 14304 -1 -1 4385 0.00234175
	Aln	307	-ee2cdcfe-52f4-4fb0-857c-279016f1ddc9 5269 10891 10892 -edge_154_0_+disjointig_18_11964_26268 33 5657 14304 -1 -1 5511 0.00319273
Chain
	Aln	187	+fc4f42aa-6243-4009-b86f-e47858a46eb2 11 5361 6247 -edge_94_0_+disjointig_47_0_105696 46885 52225 105696 -1 -1 5261 0.00167071
Chain
	Aln	186	-fc4f42aa-6243-4009-b86f-e47858a46eb2 885 6235 6247 +edge_94_0_+disjointig_47_0_105696 53470 58810 105696 -1 -1 5261 0.00167071
Chain
	Aln	340	+9dbd6ffb-7429-4638-a8ec-16f85906175a 7 3997 5728 +edge_171_0_+disjointig_44_0_83253 20128 24119 83253 -1 -1 3985 0.00135468
Chain
	Aln	341	-9dbd6ffb-7429-4638-a8ec-16f85906175a 1730 5720 5728 -edge_171_0_+disjointig_44_0_83253 59133 63124 83253 -1 -1 3985 0.00135468
Chain
	Aln	307	+c2221fe5-32a2-4680-97af-26c6f4cae56d 14 8245 8247 -edge_154_0_+disjointig_18_11964_26268 1492 9747 14304 -1 -1 8028 0.00416968
Chain
	Aln	306	-c2221fe5-32a2-4680-97af-26c6f4cae56d 1 8232 8247 +edge_154_0_+disjointig_18_11964_26268 4556 12811 14304 -1 -1 8028 0.00416968
Chain
	Aln	206	+75f4f58e-f6a0-4189-ad01-bca1f22c46ad 15 7027 7032 +edge_104_0_+disjointig_56_0_67458 55689 62702 67458 -1 -1 6958 0.00169135
Chain
	Aln	207	-75f4f58e-f6a0-4189-ad01-bca1f22c46ad 4 7016 7032 -edge_104_0_+disjointig_56_0_67458 4755 11768 67458 -1 -1 6958 0.00169135
Chain
	Aln	157	+48b406a0-1905-4c83-b062-93b746f91ea3 3 10160 14818 -edge_79_0_+disjointig_44_99890_232551 122501 132660 132661 -1 -1 9918 0.00145915
	Aln	151	+48b406a0-1905-4c83-b062-93b746f91ea3 10170 11931 14818 -edge_76_1_+disjointig_44_98117_99890 9 1772 1773 -1 -1 1734 0.00321858
	Aln	145	+48b406a0-1905-4c83-b062-93b746f91ea3 11947 12924 14818 -edge_73_2_+disjointig_44_97122_98117 15 994 995 -1 -1 951 0.00365967
	Aln	148	+48b406a0-1905-4c83-b062-93b746f91ea3 12925 14814 14818 +edge_75_2_-disjointig_44_2323_4575 1 1892 2252 -1 -1 1848 0.00232029
Chain
	Aln	149	-48b406a0-1905-4c83-b062-93b746f91ea3 3 1892 14818 -edge_75_2_-disjointig_44_2323_4575 359 2250 2252 -1 -1 1848 0.00232029
	Aln	144	-48b406a0-1905-4c83-b062-93b746f91ea3 1893 2870 14818 +edge_73_2_+disjointig_44_97122_98117 0 979 995 -1 -1 951 0.00365967
	Aln	150	-48b406a0-1905-4c83-b062-93b746f91ea3 2886 4647 14818 +edge_76_1_+disjointig_44_98117_99890 0 1763 1773 -1 -1 1734 0.00321858
	Aln	156	-48b406a0-1905-4c83-b062-93b746f91ea3 4657 14814 14818 +edge_79_0_+disjointig_44_99890_232551 0 10159 132661 -1 -1 9918 0.00145915
Chain
	Aln	99	+208db6c8-d2f4-40f5-91e6-cea4f9e62657 13 8170 8172 -edge_50_0_+disjointig_33_0_54467 41305 49477 54467 -1 -1 8058 0.00109984
Chain
	Aln	98	-208db6c8-d2f4-40f5-91e6-cea4f9e62657 1 8158 8172 +edge_50_0_+disjointig_33_0_54467 4989 13161 54467 -1 -1 8058 0.00109984
Chain
	Aln	39	+7ddad027-38b6-4236-87c5-f36d3edebaea 7 8907 8917 -edge_20_0_+disjointig_15_0_99894 31048 39962 99894 -1 -1 8781 0.00234259
Chain
	Aln	38	-7ddad027-38b6-4236-87c5-f36d3edebaea 9 8909 8917 +edge_20_0_+disjointig_15_0_99894 59931 68845 99894 -1 -1 8781 0.00234259
Chain
	Aln	295	+1b8db72e-3b24-4945-aff8-63ec89e41950 12 4258 4260 -edge_148_0_+disjointig_100_9263_14776 11 4250 5513 -1 -1 4171 0.00239758
Chain
	Aln	294	-1b8db72e-3b24-4945-aff8-63ec89e41950 1 4247 4260 +edge_148_0_+disjointig_100_9263_14776 1262 5501 5513 -1 -1 4171 0.00239758
Chain
	Aln	99	+b705ac19-15a3-428f-a2f5-91cdcf93379b 1 24886 24889 -edge_50_0_+disjointig_33_0_54467 20632 45492 54467 -1 -1 23187 0.00712632
Chain
	Aln	98	-b705ac19-15a3-428f-a2f5-91cdcf93379b 2 24887 24889 +edge_50_0_+disjointig_33_0_54467 8974 33834 54467 -1 -1 23187 0.00712632
Chain
	Aln	340	+3aa8f7b7-7737-4b2c-8577-fbb2d654ec98 24 3770 3776 +edge_171_0_+disjointig_44_0_83253 14962 18709 83253 -1 -1 3646 0.0015954
Chain
	Aln	341	-3aa8f7b7-7737-4b2c-8577-fbb2d654ec98 5 3751 3776 -edge_171_0_+disjointig_44_0_83253 64543 68290 83253 -1 -1 3646 0.0015954
Chain
	Aln	98	+f00f197a-f012-4f87-ad39-936b6f77c210 12 3813 3819 +edge_50_0_+disjointig_33_0_54467 47491 51291 54467 -1 -1 3781 0.00217111
Chain
	Aln	99	-f00f197a-f012-4f87-ad39-936b6f77c210 5 3806 3819 -edge_50_0_+disjointig_33_0_54467 3175 6975 54467 -1 -1 3781 0.00217111
Chain
	Aln	303	+b308bf17-8ccd-4fd0-a9bd-86efc6fea64a 2 3295 3305 -edge_152_0_-disjointig_60_6186_67457 35065 38364 61271 -1 -1 3226 0.00373819
Chain
	Aln	302	-b308bf17-8ccd-4fd0-a9bd-86efc6fea64a 9 3302 3305 +edge_152_0_-disjointig_60_6186_67457 22906 26205 61271 -1 -1 3226 0.00373819
Chain
	Aln	302	+e1cebf75-973b-467d-959c-76276ce5b730 6 5945 5947 +edge_152_0_-disjointig_60_6186_67457 1978 7911 61271 -1 -1 5870 0
Chain
	Aln	303	-e1cebf75-973b-467d-959c-76276ce5b730 1 5940 5947 -edge_152_0_-disjointig_60_6186_67457 53359 59292 61271 -1 -1 5870 0
Chain
	Aln	207	+5ebdd5e7-869b-461a-b452-9abab07cb7a2 25 7223 7226 -edge_104_0_+disjointig_56_0_67458 34815 42001 67458 -1 -1 6181 0.0146847
Chain
	Aln	206	-5ebdd5e7-869b-461a-b452-9abab07cb7a2 2 7200 7226 +edge_104_0_+disjointig_56_0_67458 25456 32642 67458 -1 -1 6181 0.0146847
Chain
	Aln	325	+e29ab339-3735-4801-ae0d-1b3c838e3ac2 5 6033 6041 -edge_163_0_+disjointig_88_0_21860 478 6506 21860 -1 -1 5974 0.0004465
Chain
	Aln	324	-e29ab339-3735-4801-ae0d-1b3c838e3ac2 7 6035 6041 +edge_163_0_+disjointig_88_0_21860 15353 21381 21860 -1 -1 5974 0.0004465
Chain
	Aln	357	+b1ceaadd-0c9d-406c-a05c-7dfe7f0462b1 6 7635 7653 -edge_179_0_+disjointig_67_0_82889 67454 75102 82889 -1 -1 7356 0.0040947
Chain
	Aln	356	-b1ceaadd-0c9d-406c-a05c-7dfe7f0462b1 17 7646 7653 +edge_179_0_+disjointig_67_0_82889 7786 15434 82889 -1 -1 7356 0.0040947
Chain
	Aln	339	+66cec337-e21b-4134-9ba1-c3a2ccd7745a 10 2374 2379 -edge_170_0_+disjointig_42_29456_35877 310 2674 6421 -1 -1 2351 0.0031161
Chain
	Aln	338	-66cec337-e21b-4134-9ba1-c3a2ccd7745a 4 2368 2379 +edge_170_0_+disjointig_42_29456_35877 3746 6110 6421 -1 -1 2351 0.0031161
Chain
	Aln	173	+fd7d18de-ac94-4411-bc27-2d7b1ac5fbf2 12 2489 2494 -edge_87_0_+disjointig_50_31455_62704 6367 8844 31249 -1 -1 2454 0.000612093
Chain
	Aln	172	-fd7d18de-ac94-4411-bc27-2d7b1ac5fbf2 4 2481 2494 +edge_87_0_+disjointig_50_31455_62704 22404 24881 31249 -1 -1 2454 0.000612093
Chain
	Aln	172	+62090a99-41e8-4a91-b13a-7da65b9f4263 12 2488 2490 +edge_87_0_+disjointig_50_31455_62704 22392 24872 31249 -1 -1 2384 0.00202025
Chain
	Aln	173	-62090a99-41e8-4a91-b13a-7da65b9f4263 1 2477 2490 -edge_87_0_+disjointig_50_31455_62704 6376 8856 31249 -1 -1 2384 0.00202025
Chain
	Aln	158	+7f1d7c2b-a563-42cd-a57a-3bfe87506041 2 13240 13242 +edge_80_0_-disjointig_50_37077_62704 6000 19237 25627 -1 -1 13160 0.000741944
Chain
	Aln	159	-7f1d7c2b-a563-42cd-a57a-3bfe87506041 1 13239 13242 -edge_80_0_-disjointig_50_37077_62704 6389 19626 25627 -1 -1 13160 0.000741944
Chain
	Aln	92	+9525354e-9b64-497f-9d35-2c4832974c21 31 2443 2449 +edge_47_0_+disjointig_30_0_164630 31591 33998 164630 -1 -1 2356 0.00230913
Chain
	Aln	93	-9525354e-9b64-497f-9d35-2c4832974c21 5 2417 2449 -edge_47_0_+disjointig_30_0_164630 130631 133038 164630 -1 -1 2356 0.00230913
Chain
	Aln	192	+6aadbc0b-73ef-44fa-bc95-2394096c23ea 33 2978 2985 +edge_97_0_+disjointig_5_0_31051 20890 23838 31051 -1 -1 2833 0.00317928
Chain
	Aln	193	-6aadbc0b-73ef-44fa-bc95-2394096c23ea 6 2951 2985 -edge_97_0_+disjointig_5_0_31051 7212 10160 31051 -1 -1 2833 0.00317928
Chain
	Aln	38	+83678926-0290-4828-b635-7b0523428ad8 5 12739 12741 +edge_20_0_+disjointig_15_0_99894 5 12747 99894 -1 -1 12441 0.00252214
Chain
	Aln	39	-83678926-0290-4828-b635-7b0523428ad8 1 12735 12741 -edge_20_0_+disjointig_15_0_99894 87146 99888 99894 -1 -1 12441 0.00252214
Chain
	Aln	344	+1f009bf6-ebe9-433f-8eef-55350f912a9f 12 4562 4564 +edge_173_0_-disjointig_53_5113_59202 30986 35535 54089 -1 -1 4522 0.00158586
Chain
	Aln	345	-1f009bf6-ebe9-433f-8eef-55350f912a9f 1 4551 4564 -edge_173_0_-disjointig_53_5113_59202 18553 23102 54089 -1 -1 4522 0.00158586
Chain
	Aln	36	+cfe03af7-f784-4c91-a7ed-387ed187988c 7 8959 8969 +edge_19_0_+disjointig_14_0_104795 95930 104786 104795 -1 -1 8286 0.00700191
Chain
	Aln	37	-cfe03af7-f784-4c91-a7ed-387ed187988c 9 8961 8969 -edge_19_0_+disjointig_14_0_104795 8 8864 104795 -1 -1 8286 0.00700191
Chain
	Aln	322	+5c447ed0-0c04-483b-af07-3e0a1bda82d3 69 3943 3947 +edge_162_1_+disjointig_38_14800_26877 6433 10303 12077 -1 -1 3808 0.00180528
Chain
	Aln	323	-5c447ed0-0c04-483b-af07-3e0a1bda82d3 3 3877 3947 -edge_162_1_+disjointig_38_14800_26877 1773 5643 12077 -1 -1 3808 0.00180528
Chain
	Aln	37	+738100c8-8519-441b-8efe-a17e476652b8 5 6719 6724 -edge_19_0_+disjointig_14_0_104795 67007 73725 104795 -1 -1 6666 0.00178902
Chain
	Aln	36	-738100c8-8519-441b-8efe-a17e476652b8 4 6718 6724 +edge_19_0_+disjointig_14_0_104795 31069 37787 104795 -1 -1 6666 0.00178902
Chain
	Aln	357	+e54235e5-9d9b-4637-8081-9b0341e77c7f 5 3263 3271 -edge_179_0_+disjointig_67_0_82889 75403 78656 82889 -1 -1 3200 0.00114807
Chain
	Aln	356	-e54235e5-9d9b-4637-8081-9b0341e77c7f 7 3265 3271 +edge_179_0_+disjointig_67_0_82889 4232 7485 82889 -1 -1 3200 0.00114807
Chain
	Aln	50	+8c621b92-a570-4288-a8c5-2ac4e263e82c 7 31561 31567 +edge_26_0_+disjointig_20_0_104137 545 32264 104137 -1 -1 29784 0.00482015
Chain
	Aln	51	-8c621b92-a570-4288-a8c5-2ac4e263e82c 5 31559 31567 -edge_26_0_+disjointig_20_0_104137 71872 103591 104137 -1 -1 29784 0.00482015
Chain
	Aln	312	+6cdaa9d7-a845-4633-a674-8258c810dd38 12 7883 7887 +edge_157_0_+disjointig_26_0_75776 40420 48293 75776 -1 -1 7477 0.00521273
Chain
	Aln	313	-6cdaa9d7-a845-4633-a674-8258c810dd38 3 7874 7887 -edge_157_0_+disjointig_26_0_75776 27482 35355 75776 -1 -1 7477 0.00521273
Chain
	Aln	15	+0c9ac909-1d07-4cef-b2cc-736a0f67aa54 2 2537 2555 -edge_8_0_+disjointig_103_0_17954 15401 17936 17954 -1 -1 2514 0
Chain
	Aln	14	-0c9ac909-1d07-4cef-b2cc-736a0f67aa54 17 2552 2555 +edge_8_0_+disjointig_103_0_17954 17 2552 17954 -1 -1 2514 0
Chain
	Aln	165	+fa55e5ad-0039-4c14-aa83-a116cd26ddd8 15 9879 9890 -edge_83_0_-disjointig_71_8379_80660 14 9879 72281 -1 -1 9806 0.00045547
Chain
	Aln	164	-fa55e5ad-0039-4c14-aa83-a116cd26ddd8 10 9874 9890 +edge_83_0_-disjointig_71_8379_80660 62401 72266 72281 -1 -1 9806 0.00045547
Chain
	Aln	92	+4d2cb7fb-3efe-4504-b86e-972cc96bf2c8 6 3030 3035 +edge_47_0_+disjointig_30_0_164630 126860 129883 164630 -1 -1 2886 0.00490905
Chain
	Aln	93	-4d2cb7fb-3efe-4504-b86e-972cc96bf2c8 4 3028 3035 -edge_47_0_+disjointig_30_0_164630 34746 37769 164630 -1 -1 2886 0.00490905
Chain
	Aln	238	+aa19eda7-c557-4f4c-802a-c1bb260aaad9 9 2929 2931 +edge_120_0_-disjointig_87_6236_62149 2441 5360 55913 -1 -1 2903 0.00158286
Chain
	Aln	239	-aa19eda7-c557-4f4c-802a-c1bb260aaad9 1 2921 2931 -edge_120_0_-disjointig_87_6236_62149 50552 53471 55913 -1 -1 2903 0.00158286
Chain
	Aln	39	+6aadfaac-e29c-4cea-a723-c7d1c92c09d4 19 3629 3812 -edge_20_0_+disjointig_15_0_99894 2777 6384 99894 -1 -1 3328 0.00548367
Chain
	Aln	38	-6aadfaac-e29c-4cea-a723-c7d1c92c09d4 182 3792 3812 +edge_20_0_+disjointig_15_0_99894 93509 97116 99894 -1 -1 3328 0.00548367
Chain
	Aln	349	+503ebed6-3fe4-444e-bc81-e4c3f5af4c60 19 2718 2725 -edge_175_1_+disjointig_49_70378_113247 16641 19339 42869 -1 -1 2612 0.00539732
Chain
	Aln	348	-503ebed6-3fe4-444e-bc81-e4c3f5af4c60 6 2705 2725 +edge_175_1_+disjointig_49_70378_113247 23529 26227 42869 -1 -1 2612 0.00539732
Chain
	Aln	55	+61b2b874-976c-43fb-b627-98486112f485 19 4452 4458 -edge_28_0_+disjointig_22_0_197748 43919 48416 197748 -1 -1 3496 0.0264172
Chain
	Aln	54	-61b2b874-976c-43fb-b627-98486112f485 5 4438 4458 +edge_28_0_+disjointig_22_0_197748 149331 153828 197748 -1 -1 3496 0.0264172
Chain
	Aln	254	+23175072-9f11-4850-a329-e4a07b18a2a6 9 3702 3712 +edge_128_0_-disjointig_81_3396_22876 15779 19471 19480 -1 -1 3678 0.00047552
Chain
	Aln	255	-23175072-9f11-4850-a329-e4a07b18a2a6 9 3702 3712 -edge_128_0_-disjointig_81_3396_22876 8 3700 19480 -1 -1 3678 0.00047552
Chain
	Aln	192	+d1680702-a51d-439f-91bd-4a411c718697 11 2750 2758 +edge_97_0_+disjointig_5_0_31051 15140 17887 31051 -1 -1 2705 0
Chain
	Aln	193	-d1680702-a51d-439f-91bd-4a411c718697 7 2746 2758 -edge_97_0_+disjointig_5_0_31051 13163 15910 31051 -1 -1 2705 0
Chain
	Aln	50	+5fcb576f-6bc8-4d16-980b-e567918468a7 3 11058 11060 +edge_26_0_+disjointig_20_0_104137 42552 53630 104137 -1 -1 10824 0.00139144
Chain
	Aln	51	-5fcb576f-6bc8-4d16-980b-e567918468a7 1 11056 11060 -edge_26_0_+disjointig_20_0_104137 50506 61584 104137 -1 -1 10824 0.00139144
Chain
	Aln	344	+7b63d0c2-22b4-4c13-9f9d-cd364782ca96 25 11138 11141 +edge_173_0_-disjointig_53_5113_59202 10724 21830 54089 -1 -1 11012 0.000714766
Chain
	Aln	345	-7b63d0c2-22b4-4c13-9f9d-cd364782ca96 2 11115 11141 -edge_173_0_-disjointig_53_5113_59202 32258 43364 54089 -1 -1 11012 0.000714766
Chain
	Aln	97	+40f4d2ab-bd56-46f6-b570-ae4891932a1e 9 23567 23573 -edge_49_0_+disjointig_32_0_79547 25395 48949 79547 -1 -1 23252 0.00163925
Chain
	Aln	96	-40f4d2ab-bd56-46f6-b570-ae4891932a1e 5 23563 23573 +edge_49_0_+disjointig_32_0_79547 30597 54151 79547 -1 -1 23252 0.00163925
Chain
	Aln	341	+ef90abbf-d57e-423f-86f1-b6288663eba2 14 5295 5297 -edge_171_0_+disjointig_44_0_83253 55005 60287 83253 -1 -1 5212 0.00198724
Chain
	Aln	340	-ef90abbf-d57e-423f-86f1-b6288663eba2 1 5282 5297 +edge_171_0_+disjointig_44_0_83253 22965 28247 83253 -1 -1 5212 0.00198724
Chain
	Aln	247	+6f5e3541-2e46-4dc5-a4db-5f8633e0064d 26 3908 3911 -edge_124_0_+disjointig_70_0_27545 8512 12391 27545 -1 -1 3864 0.00149694
Chain
	Aln	246	-6f5e3541-2e46-4dc5-a4db-5f8633e0064d 2 3884 3911 +edge_124_0_+disjointig_70_0_27545 15153 19032 27545 -1 -1 3864 0.00149694
Chain
	Aln	307	+02aedd25-1bf6-4457-bae4-3469c9f0f2af 3 678 2545 -edge_154_0_+disjointig_18_11964_26268 13628 14303 14304 -1 -1 675 0
	Aln	307	+02aedd25-1bf6-4457-bae4-3469c9f0f2af 691 2538 2545 -edge_154_0_+disjointig_18_11964_26268 12 1856 14304 -1 -1 1839 0.00183348
Chain
	Aln	306	-02aedd25-1bf6-4457-bae4-3469c9f0f2af 6 1853 2545 +edge_154_0_+disjointig_18_11964_26268 12447 14291 14304 -1 -1 1839 0.00183348
	Aln	306	-02aedd25-1bf6-4457-bae4-3469c9f0f2af 1866 2541 2545 +edge_154_0_+disjointig_18_11964_26268 0 675 14304 -1 -1 675 0
Chain
	Aln	156	+fa7ccb5c-0fed-48ff-af4a-4f05a04106ce 3 18845 18850 +edge_79_0_+disjointig_44_99890_232551 7729 26569 132661 -1 -1 18660 0.000891114
Chain
	Aln	157	-fa7ccb5c-0fed-48ff-af4a-4f05a04106ce 4 18846 18850 -edge_79_0_+disjointig_44_99890_232551 106091 124931 132661 -1 -1 18660 0.000891114
Chain
	Aln	349	+381ead3b-63e5-46cb-bcab-8394762a85d1 6 2137 2145 -edge_175_0_+disjointig_49_27612_70378 31583 33710 42766 -1 -1 2068 0.00198632
Chain
	Aln	348	-381ead3b-63e5-46cb-bcab-8394762a85d1 7 2138 2145 +edge_175_0_+disjointig_49_27612_70378 9055 11182 42766 -1 -1 2068 0.00198632
Chain
	Aln	2	+8a903d9c-99e0-4ecd-ae35-58b839048de3 11 13664 13668 +edge_2_0_+disjointig_10_0_56359 3548 17220 56359 -1 -1 13565 0.000378176
Chain
	Aln	3	-8a903d9c-99e0-4ecd-ae35-58b839048de3 3 13656 13668 -edge_2_0_+disjointig_10_0_56359 39138 52810 56359 -1 -1 13565 0.000378176
Chain
	Aln	1	+499796b0-0f06-4dc3-bae0-31b21b5f974d 13 4836 4842 -edge_1_0_+disjointig_1_0_20132 5760 10590 20132 -1 -1 4753 0.00280292
Chain
	Aln	0	-499796b0-0f06-4dc3-bae0-31b21b5f974d 5 4828 4842 +edge_1_0_+disjointig_1_0_20132 9541 14371 20132 -1 -1 4753 0.00280292
Chain
	Aln	3	+28206a57-dc10-4999-a56e-85cb72dff5db 10 13663 13666 -edge_2_0_+disjointig_10_0_56359 39127 52796 56359 -1 -1 13472 0.00120614
Chain
	Aln	2	-28206a57-dc10-4999-a56e-85cb72dff5db 2 13655 13666 +edge_2_0_+disjointig_10_0_56359 3562 17231 56359 -1 -1 13472 0.00120614
Chain
	Aln	0	+363a3000-04bf-4502-907f-0a8326bdaff2 8 4834 4841 +edge_1_0_+disjointig_1_0_20132 9523 14357 20132 -1 -1 4686 0.00485553
Chain
	Aln	1	-363a3000-04bf-4502-907f-0a8326bdaff2 6 4832 4841 -edge_1_0_+disjointig_1_0_20132 5774 10608 20132 -1 -1 4686 0.00485553
Chain
	Aln	301	+8aabf8a6-4a92-4fda-a1c5-9283b82bca1d 26 2567 2570 -edge_151_0_+disjointig_19_0_25278 6097 8636 25278 -1 -1 2522 0.00426662
Chain
	Aln	300	-8aabf8a6-4a92-4fda-a1c5-9283b82bca1d 2 2543 2570 +edge_151_0_+disjointig_19_0_25278 16641 19180 25278 -1 -1 2522 0.00426662
Chain
	Aln	314	+db656466-e740-4965-8fd2-c3494bd1473a 7 5044 5053 +edge_158_0_+disjointig_25_34644_66531 1304 6344 31887 -1 -1 5013 0.000123644
Chain
	Aln	315	-db656466-e740-4965-8fd2-c3494bd1473a 8 5045 5053 -edge_158_0_+disjointig_25_34644_66531 25542 30582 31887 -1 -1 5013 0.000123644
Chain
	Aln	222	+0e8fdb17-a697-4c91-8943-861e29f59a8b 4 2343 2349 +edge_112_0_+disjointig_62_0_57746 18237 20579 57746 -1 -1 2329 0
Chain
	Aln	223	-0e8fdb17-a697-4c91-8943-861e29f59a8b 5 2344 2349 -edge_112_0_+disjointig_62_0_57746 37166 39508 57746 -1 -1 2329 0
Chain
	Aln	318	+937e1840-2444-4fd1-943b-76a0efe4c76c 5 3930 3933 +edge_160_0_-disjointig_48_0_101253 62850 66780 101253 -1 -1 3828 0.0031693
Chain
	Aln	319	-937e1840-2444-4fd1-943b-76a0efe4c76c 2 3927 3933 -edge_160_0_-disjointig_48_0_101253 34472 38402 101253 -1 -1 3828 0.0031693
Chain
	Aln	223	+3f4a1d80-19c1-4d0b-a4a7-21fe47f3412f 13 2128 2133 -edge_112_0_+disjointig_62_0_57746 20081 22197 57746 -1 -1 2096 0.0026822
Chain
	Aln	222	-3f4a1d80-19c1-4d0b-a4a7-21fe47f3412f 4 2119 2133 +edge_112_0_+disjointig_62_0_57746 35548 37664 57746 -1 -1 2096 0.0026822
Chain
	Aln	53	+fa5896cd-22b3-43e6-b00d-24d4ca8edf1c 7 4929 4939 -edge_27_0_+disjointig_21_0_54132 3588 8514 54132 -1 -1 4880 0.000278681
Chain
	Aln	52	-fa5896cd-22b3-43e6-b00d-24d4ca8edf1c 9 4931 4939 +edge_27_0_+disjointig_21_0_54132 45617 50543 54132 -1 -1 4880 0.000278681
Chain
	Aln	193	+2e0d94fc-e04f-4eba-af9e-9bf518a0de10 24 4306 4311 -edge_97_0_+disjointig_5_0_31051 21965 26248 31051 -1 -1 4270 0.00164965
Chain
	Aln	192	-2e0d94fc-e04f-4eba-af9e-9bf518a0de10 4 4286 4311 +edge_97_0_+disjointig_5_0_31051 4802 9085 31051 -1 -1 4270 0.00164965
Chain
	Aln	246	+ffcb56b3-3a9c-4df1-954f-eed1bce68698 11 10339 10343 +edge_124_0_+disjointig_70_0_27545 15142 25468 27545 -1 -1 10159 0.00229901
Chain
	Aln	247	-ffcb56b3-3a9c-4df1-954f-eed1bce68698 3 10331 10343 -edge_124_0_+disjointig_70_0_27545 2076 12402 27545 -1 -1 10159 0.00229901
Chain
	Aln	348	+d7433934-f23e-4f82-8559-929bee58be8e 10 3397 3404 +edge_175_1_+disjointig_49_70378_113247 28977 32360 42869 -1 -1 3351 0.00065891
Chain
	Aln	349	-d7433934-f23e-4f82-8559-929bee58be8e 6 3393 3404 -edge_175_1_+disjointig_49_70378_113247 10508 13891 42869 -1 -1 3351 0.00065891
Chain
	Aln	349	+dac16991-7785-4170-b869-cd875ce1a4e2 10 3375 3381 -edge_175_1_+disjointig_49_70378_113247 10491 13875 42869 -1 -1 3239 0.00378721
Chain
	Aln	348	-dac16991-7785-4170-b869-cd875ce1a4e2 5 3370 3381 +edge_175_1_+disjointig_49_70378_113247 28993 32377 42869 -1 -1 3239 0.00378721
Chain
	Aln	291	+3e31690f-5267-4b3e-a3d6-91a03fa66da4 5 3798 3802 -edge_146_0_+disjointig_99_0_11190 7389 11186 11190 -1 -1 3777 0.00166855
Chain
	Aln	290	-3e31690f-5267-4b3e-a3d6-91a03fa66da4 3 3796 3802 +edge_146_0_+disjointig_99_0_11190 3 3800 11190 -1 -1 3777 0.00166855
Chain
	Aln	195	+7e1ee42d-b03a-48fb-a361-d2dadcef1965 11 2559 2563 -edge_98_0_+disjointig_51_0_39741 10425 12972 39741 -1 -1 2544 0.000196612
Chain
	Aln	194	-7e1ee42d-b03a-48fb-a361-d2dadcef1965 3 2551 2563 +edge_98_0_+disjointig_51_0_39741 26768 29315 39741 -1 -1 2544 0.000196612
Chain
	Aln	193	+95e94bcf-c4e5-438e-ac7f-d1acc0ebbb30 11 6759 6766 -edge_97_0_+disjointig_5_0_31051 2883 9639 31051 -1 -1 5571 0.0116007
Chain
	Aln	192	-95e94bcf-c4e5-438e-ac7f-d1acc0ebbb30 6 6754 6766 +edge_97_0_+disjointig_5_0_31051 21411 28167 31051 -1 -1 5571 0.0116007
Chain
	Aln	329	+e2338cd7-875d-45a0-86f3-41ce57b4ce16 3 4043 4045 -edge_165_0_+disjointig_54_0_66147 32093 36135 66147 -1 -1 4012 0
Chain
	Aln	328	-e2338cd7-875d-45a0-86f3-41ce57b4ce16 1 4041 4045 +edge_165_0_+disjointig_54_0_66147 30011 34053 66147 -1 -1 4012 0
Chain
	Aln	186	+3b03a94c-4603-4ea5-81b4-c2459f6a915d 9 10423 10428 +edge_94_0_+disjointig_47_0_105696 7821 18231 105696 -1 -1 10313 0.00133668
Chain
	Aln	187	-3b03a94c-4603-4ea5-81b4-c2459f6a915d 4 10418 10428 -edge_94_0_+disjointig_47_0_105696 87464 97874 105696 -1 -1 10313 0.00133668
Chain
	Aln	290	+c4fd7f0f-0329-42c6-8e25-29e357727bbf 23 5255 5258 +edge_146_0_+disjointig_99_0_11190 3 5237 11190 -1 -1 5188 0.000756324
Chain
	Aln	291	-c4fd7f0f-0329-42c6-8e25-29e357727bbf 2 5234 5258 -edge_146_0_+disjointig_99_0_11190 5952 11186 11190 -1 -1 5188 0.000756324
Chain
	Aln	224	+73433b8e-e858-4f24-be5d-e1b6a210b5fb 1587 14785 14792 +edge_113_0_+disjointig_63_0_39436 2 13198 39436 -1 -1 13011 0.000291884
Chain
	Aln	225	-73433b8e-e858-4f24-be5d-e1b6a210b5fb 6 13204 14792 -edge_113_0_+disjointig_63_0_39436 26237 39433 39436 -1 -1 13011 0.000291884
Chain
	Aln	195	+52315caf-3fe2-4b04-8414-e0d401d6d98b 11 5599 5603 -edge_98_0_+disjointig_51_0_39741 4805 10395 39741 -1 -1 5494 0.00283603
Chain
	Aln	194	-52315caf-3fe2-4b04-8414-e0d401d6d98b 3 5591 5603 +edge_98_0_+disjointig_51_0_39741 29345 34935 39741 -1 -1 5494 0.00283603
Chain
	Aln	315	+8b5bc3dc-e039-46a1-8a8d-0900c6cd219d 7 4753 26789 -edge_158_0_+disjointig_25_34644_66531 27136 31886 31887 -1 -1 4719 0.000843527
	Aln	313	+8b5bc3dc-e039-46a1-8a8d-0900c6cd219d 4769 26786 26789 -edge_157_0_+disjointig_26_0_75776 15 22036 75776 -1 -1 21691 0.00202869
Chain
	Aln	312	-8b5bc3dc-e039-46a1-8a8d-0900c6cd219d 2 22019 26789 +edge_157_0_+disjointig_26_0_75776 53739 75760 75776 -1 -1 21691 0.00202869
	Aln	314	-8b5bc3dc-e039-46a1-8a8d-0900c6cd219d 22035 26781 26789 +edge_158_0_+disjointig_25_34644_66531 0 4750 31887 -1 -1 4719 0.000843527
Chain
	Aln	77	+896c5c0a-04e6-4652-9a93-ee1b8d490aa5 12 3066 3073 -edge_39_0_+disjointig_27_0_18658 7544 10599 18658 -1 -1 2974 0.00255584
Chain
	Aln	76	-896c5c0a-04e6-4652-9a93-ee1b8d490aa5 6 3060 3073 +edge_39_0_+disjointig_27_0_18658 8058 11113 18658 -1 -1 2974 0.00255584
Chain
	Aln	361	+f5bdfaf7-ce15-4dfd-93da-6b32f24f3e1b 34 3723 3729 -edge_181_0_+disjointig_74_2530_48718 36 3725 46188 -1 -1 3638 0.00331275
Chain
	Aln	360	-f5bdfaf7-ce15-4dfd-93da-6b32f24f3e1b 5 3694 3729 +edge_181_0_+disjointig_74_2530_48718 42462 46151 46188 -1 -1 3638 0.00331275
Chain
	Aln	317	+8d918461-5b89-4185-98a3-ec43126d5715 10 2936 2947 -edge_159_0_-disjointig_7_3314_15112 8863 11784 11798 -1 -1 2870 0.00320458
Chain
	Aln	316	-8d918461-5b89-4185-98a3-ec43126d5715 10 2936 2947 +edge_159_0_-disjointig_7_3314_15112 13 2934 11798 -1 -1 2870 0.00320458
Chain
	Aln	215	+eaaeff97-9f6b-425c-9fa8-4fe07318335d 7 13674 13677 -edge_108_0_+disjointig_57_0_28352 14733 28349 28352 -1 -1 12787 0.00585352
Chain
	Aln	214	-eaaeff97-9f6b-425c-9fa8-4fe07318335d 2 13669 13677 +edge_108_0_+disjointig_57_0_28352 2 13618 28352 -1 -1 12787 0.00585352
Chain
	Aln	99	+0d4bb8b3-c7c0-4b36-8ae0-28263c7300b2 8 5849 5856 -edge_50_0_+disjointig_33_0_54467 2153 7996 54467 -1 -1 5818 0.00161307
Chain
	Aln	98	-0d4bb8b3-c7c0-4b36-8ae0-28263c7300b2 6 5847 5856 +edge_50_0_+disjointig_33_0_54467 46470 52313 54467 -1 -1 5818 0.00161307
Chain
	Aln	100	+6b7cfb2f-72d2-4ec3-bd67-04e5b45850e5 12 2346 2352 +edge_51_0_+disjointig_34_0_132203 123969 126303 132203 -1 -1 2327 0.0026546
Chain
	Aln	101	-6b7cfb2f-72d2-4ec3-bd67-04e5b45850e5 5 2339 2352 -edge_51_0_+disjointig_34_0_132203 5899 8233 132203 -1 -1 2327 0.0026546
Chain
	Aln	101	+d189a14e-77ac-4337-b266-94469658ef7d 11 7540 7546 -edge_51_0_+disjointig_34_0_132203 122194 129722 132203 -1 -1 7431 0.000900086
Chain
	Aln	100	-d189a14e-77ac-4337-b266-94469658ef7d 5 7534 7546 +edge_51_0_+disjointig_34_0_132203 2480 10008 132203 -1 -1 7431 0.000900086
Chain
	Aln	93	+c683c24b-4823-4c3c-9d82-88f753f8b9c6 15 2375 2377 -edge_47_0_+disjointig_30_0_164630 57623 59986 164630 -1 -1 2329 0.00381833
Chain
	Aln	92	-c683c24b-4823-4c3c-9d82-88f753f8b9c6 1 2361 2377 +edge_47_0_+disjointig_30_0_164630 104643 107006 164630 -1 -1 2329 0.00381833
Chain
	Aln	194	+cb851ad0-8b99-4f9c-8c58-46faa66920cb 10 14794 14799 +edge_98_0_+disjointig_51_0_39741 13391 27993 39741 -1 -1 11992 0.0107894
Chain
	Aln	195	-cb851ad0-8b99-4f9c-8c58-46faa66920cb 4 14788 14799 -edge_98_0_+disjointig_51_0_39741 11747 26349 39741 -1 -1 11992 0.0107894
Chain
	Aln	329	+48ebcd1b-3e37-48d2-bd81-6d9c8199ec35 8 2157 2161 -edge_165_0_+disjointig_54_0_66147 11720 13865 66147 -1 -1 2139 0.000471159
Chain
	Aln	328	-48ebcd1b-3e37-48d2-bd81-6d9c8199ec35 3 2152 2161 +edge_165_0_+disjointig_54_0_66147 52281 54426 66147 -1 -1 2139 0.000471159
Chain
	Aln	54	+e6763a00-108d-4d88-9a44-5e3301cb596b 0 23338 23343 +edge_28_0_+disjointig_22_0_197748 129383 152721 197748 -1 -1 23232 0.000524295
Chain
	Aln	55	-e6763a00-108d-4d88-9a44-5e3301cb596b 4 23342 23343 -edge_28_0_+disjointig_22_0_197748 45026 68364 197748 -1 -1 23232 0.000524295
Chain
	Aln	36	+d1dbc104-736d-4bce-86da-d2f3151a1ff3 19 6395 6398 +edge_19_0_+disjointig_14_0_104795 20868 27242 104795 -1 -1 6319 0.000379737
Chain
	Aln	37	-d1dbc104-736d-4bce-86da-d2f3151a1ff3 2 6378 6398 -edge_19_0_+disjointig_14_0_104795 77552 83926 104795 -1 -1 6319 0.000379737
Chain
	Aln	332	+e3b0e014-5b01-4844-a83a-c1f54bb98639 13 11864 11874 +edge_167_0_-disjointig_64_0_49685 12973 24817 49685 -1 -1 11663 0.00266626
Chain
	Aln	333	-e3b0e014-5b01-4844-a83a-c1f54bb98639 9 11860 11874 -edge_167_0_-disjointig_64_0_49685 24867 36711 49685 -1 -1 11663 0.00266626
Chain
	Aln	318	+0ab68f26-96c8-484a-82c8-3390ad0becc1 7 5633 5636 +edge_160_0_-disjointig_48_0_101253 60932 66564 101253 -1 -1 5564 0.00213177
Chain
	Aln	319	-0ab68f26-96c8-484a-82c8-3390ad0becc1 2 5628 5636 -edge_160_0_-disjointig_48_0_101253 34688 40320 101253 -1 -1 5564 0.00213177
Chain
	Aln	195	+9a7806ec-2c9b-4c32-91e6-1e21d0af257c 7 7922 7933 -edge_98_0_+disjointig_51_0_39741 31815 39730 39741 -1 -1 7876 0.000568759
Chain
	Aln	194	-9a7806ec-2c9b-4c32-91e6-1e21d0af257c 10 7925 7933 +edge_98_0_+disjointig_51_0_39741 10 7925 39741 -1 -1 7876 0.000568759
Chain
	Aln	329	+dbeecdf1-9ea4-4478-8baa-85293c2376fd 5 5981 5983 -edge_165_0_+disjointig_54_0_66147 6548 12525 66147 -1 -1 5964 0
Chain
	Aln	328	-dbeecdf1-9ea4-4478-8baa-85293c2376fd 1 5977 5983 +edge_165_0_+disjointig_54_0_66147 53621 59598 66147 -1 -1 5964 0
Chain
	Aln	54	+4b7354b5-e638-4693-8ee4-b000933c1cb6 7 8900 8903 +edge_28_0_+disjointig_22_0_197748 65606 74501 197748 -1 -1 8829 0.000870763
Chain
	Aln	55	-4b7354b5-e638-4693-8ee4-b000933c1cb6 2 8895 8903 -edge_28_0_+disjointig_22_0_197748 123246 132141 197748 -1 -1 8829 0.000870763
Chain
	Aln	157	+c83f664b-ec27-4511-be60-8654b3d00ab6 8 10949 18391 -edge_79_0_+disjointig_44_99890_232551 121710 132660 132661 -1 -1 10858 2.29398e-05
	Aln	151	+c83f664b-ec27-4511-be60-8654b3d00ab6 10959 12716 18391 -edge_76_1_+disjointig_44_98117_99890 9 1772 1773 -1 -1 1754 0.00149679
	Aln	145	+c83f664b-ec27-4511-be60-8654b3d00ab6 12727 13703 18391 -edge_73_3_+disjointig_44_234803_235801 14 997 998 -1 -1 964 0.000478581
	Aln	148	+c83f664b-ec27-4511-be60-8654b3d00ab6 13704 16906 18391 +edge_75_8_+disjointig_71_75040_78213 1 3162 3173 -1 -1 2978 0.00422283
	Aln	147	+c83f664b-ec27-4511-be60-8654b3d00ab6 16952 17139 18391 -edge_74_0_-disjointig_71_1669_2447 34 221 778 -1 -1 163 0.0156876
Chain
	Aln	146	-c83f664b-ec27-4511-be60-8654b3d00ab6 1251 1438 18391 +edge_74_0_-disjointig_71_1669_2447 556 743 778 -1 -1 163 0.0156876
	Aln	149	-c83f664b-ec27-4511-be60-8654b3d00ab6 1484 4686 18391 -edge_75_8_+disjointig_71_75040_78213 10 3171 3173 -1 -1 2978 0.00422283
	Aln	144	-c83f664b-ec27-4511-be60-8654b3d00ab6 4687 5663 18391 +edge_73_3_+disjointig_44_234803_235801 0 983 998 -1 -1 964 0.000478581
	Aln	150	-c83f664b-ec27-4511-be60-8654b3d00ab6 5674 7431 18391 +edge_76_1_+disjointig_44_98117_99890 0 1763 1773 -1 -1 1754 0.00149679
	Aln	156	-c83f664b-ec27-4511-be60-8654b3d00ab6 7441 18382 18391 +edge_79_0_+disjointig_44_99890_232551 0 10950 132661 -1 -1 10858 2.29398e-05
Chain
	Aln	310	+548a01cd-9103-4fab-aa1f-6f0ad7e9acc0 5 9239 9242 +edge_156_0_+disjointig_23_18615_58974 11589 20827 40359 -1 -1 9158 0.000954506
Chain
	Aln	311	-548a01cd-9103-4fab-aa1f-6f0ad7e9acc0 2 9236 9242 -edge_156_0_+disjointig_23_18615_58974 19531 28769 40359 -1 -1 9158 0.000954506
Chain
	Aln	55	+deec78e2-392d-40a6-adcd-4fd1e472da31 15 9364 9369 -edge_28_0_+disjointig_22_0_197748 45973 55328 197748 -1 -1 9214 0.000986104
Chain
	Aln	54	-deec78e2-392d-40a6-adcd-4fd1e472da31 4 9353 9369 +edge_28_0_+disjointig_22_0_197748 142419 151774 197748 -1 -1 9214 0.000986104
Chain
	Aln	101	+b72f31fb-2575-4e80-8a7b-e08ed0582b33 13 3354 3359 -edge_51_0_+disjointig_34_0_132203 32310 35649 132203 -1 -1 3315 0.00132397
Chain
	Aln	100	-b72f31fb-2575-4e80-8a7b-e08ed0582b33 4 3345 3359 +edge_51_0_+disjointig_34_0_132203 96553 99892 132203 -1 -1 3315 0.00132397
Chain
	Aln	146	+f9ee9aa3-288b-4bf7-9de6-e6240bab6628 1283 1462 18431 +edge_74_0_-disjointig_71_1669_2447 564 743 778 -1 -1 155 0.0154227
	Aln	149	+f9ee9aa3-288b-4bf7-9de6-e6240bab6628 1508 4726 18431 -edge_75_8_+disjointig_71_75040_78213 10 3172 3173 -1 -1 3052 0.00269605
	Aln	144	+f9ee9aa3-288b-4bf7-9de6-e6240bab6628 4736 5711 18431 +edge_73_3_+disjointig_44_234803_235801 10 984 998 -1 -1 974 0
	Aln	150	+f9ee9aa3-288b-4bf7-9de6-e6240bab6628 5722 7486 18431 +edge_76_1_+disjointig_44_98117_99890 1 1768 1773 -1 -1 1739 0.00238913
	Aln	156	+f9ee9aa3-288b-4bf7-9de6-e6240bab6628 7492 18429 18431 +edge_79_0_+disjointig_44_99890_232551 1 10936 132661 -1 -1 10865 0
Chain
	Aln	157	-f9ee9aa3-288b-4bf7-9de6-e6240bab6628 1 10938 18431 -edge_79_0_+disjointig_44_99890_232551 121724 132659 132661 -1 -1 10865 0
	Aln	151	-f9ee9aa3-288b-4bf7-9de6-e6240bab6628 10944 12708 18431 -edge_76_1_+disjointig_44_98117_99890 4 1771 1773 -1 -1 1739 0.00238913
	Aln	145	-f9ee9aa3-288b-4bf7-9de6-e6240bab6628 12719 13694 18431 -edge_73_3_+disjointig_44_234803_235801 13 987 998 -1 -1 974 0
	Aln	148	-f9ee9aa3-288b-4bf7-9de6-e6240bab6628 13704 16922 18431 +edge_75_8_+disjointig_71_75040_78213 0 3162 3173 -1 -1 3052 0.00269605
	Aln	147	-f9ee9aa3-288b-4bf7-9de6-e6240bab6628 16968 17147 18431 -edge_74_0_-disjointig_71_1669_2447 34 213 778 -1 -1 155 0.0154227
Chain
	Aln	101	+c303e9c1-b5dc-4919-a2d0-89e2ec98cb4d 7 3506 3514 -edge_51_0_+disjointig_34_0_132203 125806 129305 132203 -1 -1 3478 0.000762499
Chain
	Aln	100	-c303e9c1-b5dc-4919-a2d0-89e2ec98cb4d 7 3506 3514 +edge_51_0_+disjointig_34_0_132203 2897 6396 132203 -1 -1 3478 0.000762499
Chain
	Aln	39	+bc663651-5178-4b8f-b1f7-572e42438655 2 5524 5529 -edge_20_0_+disjointig_15_0_99894 71781 77303 99894 -1 -1 5487 0.00073335
Chain
	Aln	38	-bc663651-5178-4b8f-b1f7-572e42438655 4 5526 5529 +edge_20_0_+disjointig_15_0_99894 22590 28112 99894 -1 -1 5487 0.00073335
Chain
	Aln	313	+631ce30c-563a-44fe-a57a-824b5e8b9ccf 7 2601 2606 -edge_157_0_+disjointig_26_0_75776 47610 50210 75776 -1 -1 2558 0.000498525
Chain
	Aln	312	-631ce30c-563a-44fe-a57a-824b5e8b9ccf 4 2598 2606 +edge_157_0_+disjointig_26_0_75776 25565 28165 75776 -1 -1 2558 0.000498525
Chain
	Aln	261	+ba2dd2e5-77f8-46f8-8559-4f8560e82562 32 12757 12797 -edge_131_0_+disjointig_78_0_34465 31 12758 34465 -1 -1 11092 0.014001
Chain
	Aln	260	-ba2dd2e5-77f8-46f8-8559-4f8560e82562 39 12764 12797 +edge_131_0_+disjointig_78_0_34465 21706 34433 34465 -1 -1 11092 0.014001
Chain
	Aln	159	+07d30c32-d9a6-4e0f-9115-08c1c5ac3870 8 3777 3784 -edge_80_0_-disjointig_50_37077_62704 10088 13862 25627 -1 -1 3696 0.00166339
Chain
	Aln	158	-07d30c32-d9a6-4e0f-9115-08c1c5ac3870 6 3775 3784 +edge_80_0_-disjointig_50_37077_62704 11764 15538 25627 -1 -1 3696 0.00166339
Chain
	Aln	105	+8100265a-c89b-465e-a8d1-e1fb922cb11f 11 7840 7848 -edge_53_0_+disjointig_36_0_22667 12571 20399 22667 -1 -1 7732 0.000591263
Chain
	Aln	104	-8100265a-c89b-465e-a8d1-e1fb922cb11f 7 7836 7848 +edge_53_0_+disjointig_36_0_22667 2267 10095 22667 -1 -1 7732 0.000591263
Chain
	Aln	334	+545ff195-6c64-4da6-aa6c-1bdf903a59b3 21 3248 3252 +edge_168_0_+disjointig_41_22847_84173 24245 27475 61326 -1 -1 3181 0.00228586
Chain
	Aln	335	-545ff195-6c64-4da6-aa6c-1bdf903a59b3 3 3230 3252 -edge_168_0_+disjointig_41_22847_84173 33850 37080 61326 -1 -1 3181 0.00228586
Chain
	Aln	307	+899caeb6-7c6c-4853-b244-ea30dc43523f 6 5249 5251 -edge_154_0_+disjointig_18_11964_26268 681 5943 14304 -1 -1 5008 0.00658893
Chain
	Aln	306	-899caeb6-7c6c-4853-b244-ea30dc43523f 1 5244 5251 +edge_154_0_+disjointig_18_11964_26268 8360 13622 14304 -1 -1 5008 0.00658893
Chain
	Aln	157	+2c28b211-7b39-4aa3-8f98-66ce7b3d442a 7 6136 6145 -edge_79_0_+disjointig_44_99890_232551 9899 16028 132661 -1 -1 6127 0.00120767
Chain
	Aln	156	-2c28b211-7b39-4aa3-8f98-66ce7b3d442a 8 6137 6145 +edge_79_0_+disjointig_44_99890_232551 116632 122761 132661 -1 -1 6127 0.00120767
Chain
	Aln	297	+2a36acea-172b-40a0-b967-4311c08a9029 13 7642 7650 -edge_149_0_-disjointig_16_0_79715 44858 52489 79715 -1 -1 7590 0
Chain
	Aln	296	-2a36acea-172b-40a0-b967-4311c08a9029 7 7636 7650 +edge_149_0_-disjointig_16_0_79715 27225 34856 79715 -1 -1 7590 0
Chain
	Aln	151	+d6f08ac0-d44f-40e2-a925-1962577a865a 22 622 2311 -edge_76_7_-disjointig_80_998_2741 1141 1742 1743 -1 -1 591 0.00631199
	Aln	145	+d6f08ac0-d44f-40e2-a925-1962577a865a 636 1616 2311 -edge_73_10_-disjointig_80_3_998 13 994 995 -1 -1 980 2.73767e-05
	Aln	148	+d6f08ac0-d44f-40e2-a925-1962577a865a 1617 2303 2311 +edge_75_1_-disjointig_44_140004_143003 1 687 2999 -1 -1 680 0.00120783
Chain
	Aln	149	-d6f08ac0-d44f-40e2-a925-1962577a865a 7 693 2311 -edge_75_1_-disjointig_44_140004_143003 2311 2997 2999 -1 -1 680 0.00120783
	Aln	144	-d6f08ac0-d44f-40e2-a925-1962577a865a 694 1674 2311 +edge_73_10_-disjointig_80_3_998 0 981 995 -1 -1 980 2.73767e-05
	Aln	150	-d6f08ac0-d44f-40e2-a925-1962577a865a 1688 2288 2311 +edge_76_7_-disjointig_80_998_2741 0 601 1743 -1 -1 591 0.00631199
Chain
	Aln	103	+d6209c3c-b044-4e1d-bb53-55fb931435e8 16 6085 6090 -edge_52_0_+disjointig_35_0_49615 21415 27608 49615 -1 -1 4672 0.0192108
Chain
	Aln	102	-d6209c3c-b044-4e1d-bb53-55fb931435e8 4 6073 6090 +edge_52_0_+disjointig_35_0_49615 22006 28199 49615 -1 -1 4672 0.0192108
Chain
	Aln	214	+6f81c38c-8b4c-411a-9528-6cc3db591014 10 6172 6174 +edge_108_0_+disjointig_57_0_28352 20019 26189 28352 -1 -1 5898 0.00458871
Chain
	Aln	215	-6f81c38c-8b4c-411a-9528-6cc3db591014 1 6163 6174 -edge_108_0_+disjointig_57_0_28352 2162 8332 28352 -1 -1 5898 0.00458871
Chain
	Aln	334	+cdcd273d-e3ce-4ff1-8c9f-4e8f715ba1df 16 4149 4158 +edge_168_0_+disjointig_41_22847_84173 57181 61318 61326 -1 -1 4072 0.00264312
Chain
	Aln	335	-cdcd273d-e3ce-4ff1-8c9f-4e8f715ba1df 8 4141 4158 -edge_168_0_+disjointig_41_22847_84173 7 4144 61326 -1 -1 4072 0.00264312
Chain
	Aln	306	+da1dada5-0727-4116-87d2-0e63b1adeb00 21 11891 14189 +edge_154_0_+disjointig_18_11964_26268 2344 14293 14304 -1 -1 9298 0.025046
	Aln	306	+da1dada5-0727-4116-87d2-0e63b1adeb00 11918 14147 14189 +edge_154_0_+disjointig_18_11964_26268 16 2258 14304 -1 -1 1553 0.032057
Chain
	Aln	307	-da1dada5-0727-4116-87d2-0e63b1adeb00 41 2270 14189 -edge_154_0_+disjointig_18_11964_26268 12045 14287 14304 -1 -1 1553 0.032057
	Aln	307	-da1dada5-0727-4116-87d2-0e63b1adeb00 2297 14167 14189 -edge_154_0_+disjointig_18_11964_26268 10 11959 14304 -1 -1 9298 0.025046
Chain
	Aln	54	+00662e3c-f3c1-4349-bc9a-bf2c374e5e5f 8 9192 9198 +edge_28_0_+disjointig_22_0_197748 158960 168148 197748 -1 -1 9136 0.00117246
Chain
	Aln	55	-00662e3c-f3c1-4349-bc9a-bf2c374e5e5f 5 9189 9198 -edge_28_0_+disjointig_22_0_197748 29599 38787 197748 -1 -1 9136 0.00117246
Chain
	Aln	164	+35e5ba21-0c9f-4a64-9c24-49bffffb9409 3 23304 23306 +edge_83_0_-disjointig_71_8379_80660 23124 46707 72281 -1 -1 20674 0.00771261
Chain
	Aln	165	-35e5ba21-0c9f-4a64-9c24-49bffffb9409 1 23302 23306 -edge_83_0_-disjointig_71_8379_80660 25573 49156 72281 -1 -1 20674 0.00771261
Chain
	Aln	92	+2b37a7da-aa76-4264-972b-d962a4e8fdd8 11 8952 8954 +edge_47_0_+disjointig_30_0_164630 124361 133403 164630 -1 -1 8639 0.00249921
Chain
	Aln	93	-2b37a7da-aa76-4264-972b-d962a4e8fdd8 1 8942 8954 -edge_47_0_+disjointig_30_0_164630 31226 40268 164630 -1 -1 8639 0.00249921
Chain
	Aln	348	+07cc853e-4548-4dab-86f9-e178ab3f2fa8 10 2903 2908 +edge_175_0_+disjointig_49_27612_70378 242 3138 42766 -1 -1 2885 0.00224856
Chain
	Aln	349	-07cc853e-4548-4dab-86f9-e178ab3f2fa8 4 2897 2908 -edge_175_0_+disjointig_49_27612_70378 39627 42523 42766 -1 -1 2885 0.00224856
Chain
	Aln	311	+3ea240eb-a950-492c-ae4a-dca97f514cd0 16 14426 14428 -edge_156_0_+disjointig_23_18615_58974 15 14428 40359 -1 -1 14299 0.000642453
Chain
	Aln	310	-3ea240eb-a950-492c-ae4a-dca97f514cd0 1 14411 14428 +edge_156_0_+disjointig_23_18615_58974 25930 40343 40359 -1 -1 14299 0.000642453
Chain
	Aln	54	+2e37f553-db8f-4196-9a01-34564df3bb05 12 11176 11184 +edge_28_0_+disjointig_22_0_197748 85188 96344 197748 -1 -1 10970 0.0023275
Chain
	Aln	55	-2e37f553-db8f-4196-9a01-34564df3bb05 7 11171 11184 -edge_28_0_+disjointig_22_0_197748 101403 112559 197748 -1 -1 10970 0.0023275
Chain
	Aln	357	+64324035-1fd4-4129-97a0-3d5e4b2ba5f0 15 2781 2783 -edge_179_0_+disjointig_67_0_82889 48009 50775 82889 -1 -1 2766 0
Chain
	Aln	356	-64324035-1fd4-4129-97a0-3d5e4b2ba5f0 1 2767 2783 +edge_179_0_+disjointig_67_0_82889 32113 34879 82889 -1 -1 2766 0
Chain
	Aln	50	+2d75323e-83f8-4312-889b-4ebe4330bd02 11 6722 6729 +edge_26_0_+disjointig_20_0_104137 35454 42156 104137 -1 -1 6505 0.00359687
Chain
	Aln	51	-2d75323e-83f8-4312-889b-4ebe4330bd02 6 6717 6729 -edge_26_0_+disjointig_20_0_104137 61980 68682 104137 -1 -1 6505 0.00359687
Chain
	Aln	349	+8701ea72-832c-4cc7-901d-194283350e6d 11 2806 2808 -edge_175_1_+disjointig_49_70378_113247 8649 11444 42869 -1 -1 2795 0.00277523
Chain
	Aln	348	-8701ea72-832c-4cc7-901d-194283350e6d 1 2796 2808 +edge_175_1_+disjointig_49_70378_113247 31424 34219 42869 -1 -1 2795 0.00277523
Chain
	Aln	344	+144b5e2a-f80c-4adc-ac9d-22e6a29aaf34 10 18570 18591 +edge_173_0_-disjointig_53_5113_59202 8562 27137 54089 -1 -1 18054 0.00263942
Chain
	Aln	345	-144b5e2a-f80c-4adc-ac9d-22e6a29aaf34 20 18580 18591 -edge_173_0_-disjointig_53_5113_59202 26951 45526 54089 -1 -1 18054 0.00263942
Chain
	Aln	302	+8591bace-7d3e-4c3a-b17d-9190ea85710f 23 16537 16541 +edge_152_0_-disjointig_60_6186_67457 27777 44291 61271 -1 -1 16395 0.000429698
Chain
	Aln	303	-8591bace-7d3e-4c3a-b17d-9190ea85710f 3 16517 16541 -edge_152_0_-disjointig_60_6186_67457 16979 33493 61271 -1 -1 16395 0.000429698
Chain
	Aln	304	+4dfd6c49-4590-4f25-bcb9-60e0eba0197d 7 6855 6860 +edge_153_0_+disjointig_12_8982_46009 14792 21642 37027 -1 -1 6760 0.00283426
Chain
	Aln	305	-4dfd6c49-4590-4f25-bcb9-60e0eba0197d 4 6852 6860 -edge_153_0_+disjointig_12_8982_46009 15384 22234 37027 -1 -1 6760 0.00283426
Chain
	Aln	302	+5e77e055-709e-4332-826f-c64de8ae6c4b 12 3105 3107 +edge_152_0_-disjointig_60_6186_67457 459 3555 61271 -1 -1 3075 0.00127202
Chain
	Aln	303	-5e77e055-709e-4332-826f-c64de8ae6c4b 1 3094 3107 -edge_152_0_-disjointig_60_6186_67457 57715 60811 61271 -1 -1 3075 0.00127202
Chain
	Aln	62	+9e3e687a-d319-4cf9-b0d0-b7245d948efb 10 6768 6779 +edge_32_0_+disjointig_24_0_17277 5218 11976 17277 -1 -1 6717 0.000665102
Chain
	Aln	63	-9e3e687a-d319-4cf9-b0d0-b7245d948efb 10 6768 6779 -edge_32_0_+disjointig_24_0_17277 5300 12058 17277 -1 -1 6717 0.000665102
Chain
	Aln	207	+27550a37-584f-41d5-a616-be678a51fa23 14 2987 2991 -edge_104_0_+disjointig_56_0_67458 34282 37253 67458 -1 -1 2956 0.000294424
Chain
	Aln	206	-27550a37-584f-41d5-a616-be678a51fa23 3 2976 2991 +edge_104_0_+disjointig_56_0_67458 30204 33175 67458 -1 -1 2956 0.000294424
Chain
	Aln	215	+246f9272-9d42-49d9-a101-244d71b4f8f3 24 12103 12122 -edge_108_0_+disjointig_57_0_28352 8364 20492 28352 -1 -1 10269 0.0126345
Chain
	Aln	214	-246f9272-9d42-49d9-a101-244d71b4f8f3 18 12097 12122 +edge_108_0_+disjointig_57_0_28352 7859 19987 28352 -1 -1 10269 0.0126345
Chain
	Aln	306	+72064b61-807d-4bb9-8dc1-7c793e023b65 14 4602 7094 +edge_154_0_+disjointig_18_11964_26268 9705 14293 14304 -1 -1 4537 0.00258948
	Aln	306	+72064b61-807d-4bb9-8dc1-7c793e023b65 4614 7087 7094 +edge_154_0_+disjointig_18_11964_26268 1 2474 14304 -1 -1 2458 0.000782002
Chain
	Aln	307	-72064b61-807d-4bb9-8dc1-7c793e023b65 6 2479 7094 -edge_154_0_+disjointig_18_11964_26268 11829 14302 14304 -1 -1 2458 0.000782002
	Aln	307	-72064b61-807d-4bb9-8dc1-7c793e023b65 2491 7079 7094 -edge_154_0_+disjointig_18_11964_26268 10 4598 14304 -1 -1 4537 0.00258948
Chain
	Aln	303	+4883c826-a379-4f95-9878-03356d86b9f2 7 5247 5254 -edge_152_0_-disjointig_60_6186_67457 42451 47698 61271 -1 -1 5213 0.00197813
Chain
	Aln	302	-4883c826-a379-4f95-9878-03356d86b9f2 6 5246 5254 +edge_152_0_-disjointig_60_6186_67457 13572 18819 61271 -1 -1 5213 0.00197813
Chain
	Aln	232	+d81cd28f-58f6-49ce-9680-2c0ef6020a55 11 2996 3005 +edge_117_0_+disjointig_69_0_75545 14176 17164 75545 -1 -1 2858 0.00502564
Chain
	Aln	233	-d81cd28f-58f6-49ce-9680-2c0ef6020a55 8 2993 3005 -edge_117_0_+disjointig_69_0_75545 58380 61368 75545 -1 -1 2858 0.00502564
Chain
	Aln	148	+a3e6bad4-1b26-4633-880f-dc68502b7903 29 1802 2666 +edge_75_0_-disjointig_44_145929_148136 430 2204 2207 -1 -1 1763 0.000373396
	Aln	155	+a3e6bad4-1b26-4633-880f-dc68502b7903 1817 2653 2666 -edge_78_0_+disjointig_44_86360_88990 11 847 2630 -1 -1 808 0.00227638
Chain
	Aln	154	-a3e6bad4-1b26-4633-880f-dc68502b7903 12 848 2666 +edge_78_0_+disjointig_44_86360_88990 1782 2618 2630 -1 -1 808 0.00227638
	Aln	149	-a3e6bad4-1b26-4633-880f-dc68502b7903 863 2636 2666 -edge_75_0_-disjointig_44_145929_148136 2 1776 2207 -1 -1 1763 0.000373396
Chain
	Aln	348	+1876f72a-daca-49c3-9428-904a76d80624 28 8750 8752 +edge_175_0_+disjointig_49_27612_70378 2599 11332 42766 -1 -1 8597 0.0010225
Chain
	Aln	349	-1876f72a-daca-49c3-9428-904a76d80624 1 8723 8752 -edge_175_0_+disjointig_49_27612_70378 31433 40166 42766 -1 -1 8597 0.0010225
Chain
	Aln	149	+4ee1b4b7-944a-43de-8288-510023478465 2 535 3246 -edge_75_4_+disjointig_53_0_3077 2542 3076 3077 -1 -1 517 0.00773066
	Aln	144	+4ee1b4b7-944a-43de-8288-510023478465 538 1505 3246 +edge_73_3_+disjointig_44_234803_235801 10 984 998 -1 -1 911 0.00774486
	Aln	150	+4ee1b4b7-944a-43de-8288-510023478465 1516 3218 3246 +edge_76_5_-disjointig_71_6613_8379 2 1700 1766 -1 -1 1631 0.00902976
Chain
	Aln	151	-4ee1b4b7-944a-43de-8288-510023478465 27 1729 3246 -edge_76_5_-disjointig_71_6613_8379 65 1763 1766 -1 -1 1631 0.00902976
	Aln	145	-4ee1b4b7-944a-43de-8288-510023478465 1740 2707 3246 -edge_73_3_+disjointig_44_234803_235801 13 987 998 -1 -1 911 0.00774486
	Aln	148	-4ee1b4b7-944a-43de-8288-510023478465 2710 3243 3246 +edge_75_4_+disjointig_53_0_3077 0 534 3077 -1 -1 517 0.00773066
Chain
	Aln	278	+6a612e5f-2b29-459d-aef3-cbb4892b9c10 347 3108 3112 +edge_140_0_+disjointig_93_0_5785 2997 5760 5785 -1 -1 2670 0.00586186
Chain
	Aln	279	-6a612e5f-2b29-459d-aef3-cbb4892b9c10 3 2764 3112 -edge_140_0_+disjointig_93_0_5785 24 2787 5785 -1 -1 2670 0.00586186
Chain
	Aln	318	+b3fe876d-0133-4dcb-950e-91cc6af6ff06 9 8500 8503 +edge_160_0_-disjointig_48_0_101253 12849 21377 101253 -1 -1 8077 0.00528834
Chain
	Aln	319	-b3fe876d-0133-4dcb-950e-91cc6af6ff06 2 8493 8503 -edge_160_0_-disjointig_48_0_101253 79875 88403 101253 -1 -1 8077 0.00528834
Chain
	Aln	348	+0129dbe4-fc77-426b-b522-16bb1a790eb0 3 12128 14648 +edge_175_1_+disjointig_49_70378_113247 30737 42859 42869 -1 -1 11910 0.00346969
	Aln	348	+0129dbe4-fc77-426b-b522-16bb1a790eb0 12145 14643 14648 +edge_175_0_+disjointig_49_27612_70378 7 2505 42766 -1 -1 2498 0.000451448
Chain
	Aln	349	-0129dbe4-fc77-426b-b522-16bb1a790eb0 4 2502 14648 -edge_175_0_+disjointig_49_27612_70378 40260 42758 42766 -1 -1 2498 0.000451448
	Aln	349	-0129dbe4-fc77-426b-b522-16bb1a790eb0 2519 14644 14648 -edge_175_1_+disjointig_49_70378_113247 9 12131 42869 -1 -1 11910 0.00346969
Chain
	Aln	3	+9e68923a-7d77-470a-aa4f-78e55d3795f1 10 6384 6389 -edge_2_0_+disjointig_10_0_56359 22478 28850 56359 -1 -1 6360 0.00103003
Chain
	Aln	2	-9e68923a-7d77-470a-aa4f-78e55d3795f1 4 6378 6389 +edge_2_0_+disjointig_10_0_56359 27508 33880 56359 -1 -1 6360 0.00103003
Chain
	Aln	344	+61eb2f4f-1dd9-4c65-aa05-d93b95a07522 12 2802 2804 +edge_173_0_-disjointig_53_5113_59202 28182 30974 54089 -1 -1 2774 0.00115294
Chain
	Aln	345	-61eb2f4f-1dd9-4c65-aa05-d93b95a07522 1 2791 2804 -edge_173_0_-disjointig_53_5113_59202 23114 25906 54089 -1 -1 2774 0.00115294
Chain
	Aln	158	+6472cb32-e5b9-4188-b33c-83e428c57402 14 4112 4119 +edge_80_0_-disjointig_50_37077_62704 20652 24750 25627 -1 -1 4078 0.00208596
Chain
	Aln	159	-6472cb32-e5b9-4188-b33c-83e428c57402 6 4104 4119 -edge_80_0_-disjointig_50_37077_62704 876 4974 25627 -1 -1 4078 0.00208596
Chain
	Aln	277	+c764fc77-f50c-4740-9590-8df01b932eaa 19 5664 5676 -edge_139_0_+disjointig_90_0_45227 8423 14066 45227 -1 -1 5452 0.00329044
Chain
	Aln	276	-c764fc77-f50c-4740-9590-8df01b932eaa 11 5656 5676 +edge_139_0_+disjointig_90_0_45227 31160 36803 45227 -1 -1 5452 0.00329044
Chain
	Aln	104	+2e65f170-1d9a-4a78-9eb0-b236848e87ee 5690 25579 25616 +edge_53_0_+disjointig_36_0_22667 3 19867 22667 -1 -1 17960 0.00969265
Chain
	Aln	105	-2e65f170-1d9a-4a78-9eb0-b236848e87ee 36 19925 25616 -edge_53_0_+disjointig_36_0_22667 2799 22663 22667 -1 -1 17960 0.00969265
Chain
	Aln	299	+07f3c77c-bbd5-449e-abc6-6e315c1b9f6d 12 7411 7436 -edge_150_0_+disjointig_11_11851_75629 16835 24226 63778 -1 -1 7306 0.00124615
Chain
	Aln	298	-07f3c77c-bbd5-449e-abc6-6e315c1b9f6d 24 7423 7436 +edge_150_0_+disjointig_11_11851_75629 39551 46942 63778 -1 -1 7306 0.00124615
Chain
	Aln	97	+5af9ff3d-8cc2-4f84-b6c2-3c2119fe524d 10 2043 2045 -edge_49_0_+disjointig_32_0_79547 65929 67963 79547 -1 -1 2014 0.00264518
Chain
	Aln	96	-5af9ff3d-8cc2-4f84-b6c2-3c2119fe524d 1 2034 2045 +edge_49_0_+disjointig_32_0_79547 11583 13617 79547 -1 -1 2014 0.00264518
Chain
	Aln	2	+8780295a-356e-4c57-b76d-1e7a71f8401a 19 45639 45648 +edge_2_0_+disjointig_10_0_56359 10819 56351 56359 -1 -1 42504 0.00623984
Chain
	Aln	3	-8780295a-356e-4c57-b76d-1e7a71f8401a 8 45628 45648 -edge_2_0_+disjointig_10_0_56359 7 45539 56359 -1 -1 42504 0.00623984
Chain
	Aln	238	+564794b1-da5b-4a9a-aa75-e8e7adab6b9b 15 4201 4204 +edge_120_0_-disjointig_87_6236_62149 37473 41656 55913 -1 -1 4141 0.00219982
Chain
	Aln	239	-564794b1-da5b-4a9a-aa75-e8e7adab6b9b 2 4188 4204 -edge_120_0_-disjointig_87_6236_62149 14256 18439 55913 -1 -1 4141 0.00219982
Chain
	Aln	220	+a173cc7e-3e3b-4176-80bf-ae4625dd498a 18 2185 2191 +edge_111_0_+disjointig_6_0_62673 51181 53343 62673 -1 -1 2126 0.00250178
Chain
	Aln	221	-a173cc7e-3e3b-4176-80bf-ae4625dd498a 5 2172 2191 -edge_111_0_+disjointig_6_0_62673 9329 11491 62673 -1 -1 2126 0.00250178
Chain
	Aln	296	+c5c1f1a5-b436-4476-a522-910cf3169e10 52 4421 4423 +edge_149_0_-disjointig_16_0_79715 56504 60882 79715 -1 -1 3092 0.0368197
Chain
	Aln	297	-c5c1f1a5-b436-4476-a522-910cf3169e10 1 4370 4423 -edge_149_0_-disjointig_16_0_79715 18832 23210 79715 -1 -1 3092 0.0368197
Chain
	Aln	254	+1b11c14e-d5b9-4298-950c-fff550bb7493 14 5542 5546 +edge_128_0_-disjointig_81_3396_22876 8919 14446 19480 -1 -1 5408 0.00378322
Chain
	Aln	255	-1b11c14e-d5b9-4298-950c-fff550bb7493 3 5531 5546 -edge_128_0_-disjointig_81_3396_22876 5033 10560 19480 -1 -1 5408 0.00378322
Chain
	Aln	348	+9c5fde35-9ed4-4f61-ac7e-e02b587eacbe 28 3304 3417 +edge_175_1_+disjointig_49_70378_113247 10583 13871 42869 -1 -1 3133 0.00643791
Chain
	Aln	349	-9c5fde35-9ed4-4f61-ac7e-e02b587eacbe 112 3388 3417 -edge_175_1_+disjointig_49_70378_113247 28997 32285 42869 -1 -1 3133 0.00643791
Chain
	Aln	348	+433284e2-c822-433b-92fc-f447074ab795 11 10215 10221 +edge_175_1_+disjointig_49_70378_113247 9371 19573 42869 -1 -1 9910 0.00384993
Chain
	Aln	349	-433284e2-c822-433b-92fc-f447074ab795 5 10209 10221 -edge_175_1_+disjointig_49_70378_113247 23295 33497 42869 -1 -1 9910 0.00384993
Chain
	Aln	347	+dd06883d-1987-4f6c-a73d-d99fc04d0a9b 38 11936 11938 -edge_174_0_-disjointig_82_8444_31160 2852 14746 22716 -1 -1 11780 0.00170954
Chain
	Aln	346	-dd06883d-1987-4f6c-a73d-d99fc04d0a9b 1 11899 11938 +edge_174_0_-disjointig_82_8444_31160 7969 19863 22716 -1 -1 11780 0.00170954
Chain
	Aln	102	+814adf8d-b255-49f4-94aa-40c1c1b6d185 5 4133 4137 +edge_52_0_+disjointig_35_0_49615 15626 19745 49615 -1 -1 4055 0.002597
Chain
	Aln	103	-814adf8d-b255-49f4-94aa-40c1c1b6d185 3 4131 4137 -edge_52_0_+disjointig_35_0_49615 29869 33988 49615 -1 -1 4055 0.002597
Chain
	Aln	101	+ba8ee86b-2398-4b51-9253-93c63473388c 15 2920 2923 -edge_51_0_+disjointig_34_0_132203 61276 64181 132203 -1 -1 2898 0.000487274
Chain
	Aln	100	-ba8ee86b-2398-4b51-9253-93c63473388c 2 2907 2923 +edge_51_0_+disjointig_34_0_132203 68021 70926 132203 -1 -1 2898 0.000487274
Chain
	Aln	52	+b7b958b3-9c9b-40ed-b151-3f845188b483 10 6405 6408 +edge_27_0_+disjointig_21_0_54132 8671 15065 54132 -1 -1 6301 0.00189995
Chain
	Aln	53	-b7b958b3-9c9b-40ed-b151-3f845188b483 2 6397 6408 -edge_27_0_+disjointig_21_0_54132 39066 45460 54132 -1 -1 6301 0.00189995
Chain
	Aln	100	+dd063a22-07e5-4471-88b8-01a6337d1219 15 6443 6448 +edge_51_0_+disjointig_34_0_132203 73071 79500 132203 -1 -1 6394 0
Chain
	Aln	101	-dd063a22-07e5-4471-88b8-01a6337d1219 4 6432 6448 -edge_51_0_+disjointig_34_0_132203 52702 59131 132203 -1 -1 6394 0
Chain
	Aln	307	+3eda2202-6d27-43c0-b5bb-813c3d8169e9 2 3966 3969 -edge_154_0_+disjointig_18_11964_26268 3059 7026 14304 -1 -1 3946 0.00183663
Chain
	Aln	306	-3eda2202-6d27-43c0-b5bb-813c3d8169e9 2 3966 3969 +edge_154_0_+disjointig_18_11964_26268 7277 11244 14304 -1 -1 3946 0.00183663
Chain
	Aln	38	+e2647006-10f5-4cd0-8354-6cfbd9a8f39f 9 4262 4264 +edge_20_0_+disjointig_15_0_99894 65937 70192 99894 -1 -1 4072 0.00553939
Chain
	Aln	39	-e2647006-10f5-4cd0-8354-6cfbd9a8f39f 1 4254 4264 -edge_20_0_+disjointig_15_0_99894 29701 33956 99894 -1 -1 4072 0.00553939
Chain
	Aln	265	+8c6448ce-6498-441d-ab94-f5ed3a878c51 13 23090 23101 -edge_133_0_+disjointig_8_0_56180 2786 25975 56180 -1 -1 22422 0.00410197
Chain
	Aln	264	-8c6448ce-6498-441d-ab94-f5ed3a878c51 10 23087 23101 +edge_133_0_+disjointig_8_0_56180 30204 53393 56180 -1 -1 22422 0.00410197
Chain
	Aln	50	+57331d2c-23ac-42c3-a8dd-59fa2f8643c8 33 5535 5582 +edge_26_0_+disjointig_20_0_104137 85535 91029 104137 -1 -1 5422 0.00141799
Chain
	Aln	51	-57331d2c-23ac-42c3-a8dd-59fa2f8643c8 46 5548 5582 -edge_26_0_+disjointig_20_0_104137 13107 18601 104137 -1 -1 5422 0.00141799
Chain
	Aln	97	+c7513845-8ee6-4442-a95b-6423107f0519 2 13789 13795 -edge_49_0_+disjointig_32_0_79547 46262 60050 79547 -1 -1 13724 0.000803643
Chain
	Aln	96	-c7513845-8ee6-4442-a95b-6423107f0519 5 13792 13795 +edge_49_0_+disjointig_32_0_79547 19496 33284 79547 -1 -1 13724 0.000803643
Chain
	Aln	361	+bafd154e-1e8d-42ae-a025-5ec88728fa85 30 17604 17609 -edge_181_0_+disjointig_74_2530_48718 7 17576 46188 -1 -1 17190 0.00227914
Chain
	Aln	360	-bafd154e-1e8d-42ae-a025-5ec88728fa85 4 17578 17609 +edge_181_0_+disjointig_74_2530_48718 28611 46180 46188 -1 -1 17190 0.00227914
Chain
	Aln	39	+4a73e96b-79e2-4ff6-8dd6-8e03aeb287c5 11 2389 2393 -edge_20_0_+disjointig_15_0_99894 54770 57152 99894 -1 -1 2357 0.00115522
Chain
	Aln	38	-4a73e96b-79e2-4ff6-8dd6-8e03aeb287c5 3 2381 2393 +edge_20_0_+disjointig_15_0_99894 42741 45123 99894 -1 -1 2357 0.00115522
Chain
	Aln	335	+51e83de6-f688-43d9-9bad-1c908cf7d7c2 6 5234 5243 -edge_168_0_+disjointig_41_22847_84173 11029 16261 61326 -1 -1 5106 0.00482362
Chain
	Aln	334	-51e83de6-f688-43d9-9bad-1c908cf7d7c2 8 5236 5243 +edge_168_0_+disjointig_41_22847_84173 45064 50296 61326 -1 -1 5106 0.00482362
Chain
	Aln	302	+629b5792-5a5f-4a82-9f69-a16ac8616a63 11 4749 4788 +edge_152_0_-disjointig_60_6186_67457 56523 61261 61271 -1 -1 4719 0.00028097
Chain
	Aln	303	-629b5792-5a5f-4a82-9f69-a16ac8616a63 38 4776 4788 -edge_152_0_-disjointig_60_6186_67457 9 4747 61271 -1 -1 4719 0.00028097
Chain
	Aln	348	+344d1c70-3a38-42d2-8d43-0b1c43cc2bc2 6 13241 13249 +edge_175_1_+disjointig_49_70378_113247 28393 41639 42869 -1 -1 13060 0.00213153
Chain
	Aln	349	-344d1c70-3a38-42d2-8d43-0b1c43cc2bc2 7 13242 13249 -edge_175_1_+disjointig_49_70378_113247 1229 14475 42869 -1 -1 13060 0.00213153
Chain
	Aln	36	+b131eb6e-5aa8-4424-82b8-307f9354b9ee 1 5384 5386 +edge_19_0_+disjointig_14_0_104795 1 5383 104795 -1 -1 5364 0
Chain
	Aln	37	-b131eb6e-5aa8-4424-82b8-307f9354b9ee 1 5384 5386 -edge_19_0_+disjointig_14_0_104795 99411 104793 104795 -1 -1 5364 0
Chain
	Aln	272	+83dc01b4-4d74-4570-ac2b-539ce99a66b8 4 3879 3889 +edge_137_0_+disjointig_89_0_8595 144 4024 8595 -1 -1 3803 0.00338117
Chain
	Aln	273	-83dc01b4-4d74-4570-ac2b-539ce99a66b8 9 3884 3889 -edge_137_0_+disjointig_89_0_8595 4570 8450 8595 -1 -1 3803 0.00338117
Chain
	Aln	305	+871060ea-823f-4fcc-bd30-eca593288360 5 3265 3269 -edge_153_0_+disjointig_12_8982_46009 15888 19148 37027 -1 -1 3134 0.00517017
Chain
	Aln	304	-871060ea-823f-4fcc-bd30-eca593288360 3 3263 3269 +edge_153_0_+disjointig_12_8982_46009 17878 21138 37027 -1 -1 3134 0.00517017
Chain
	Aln	50	+03c6573a-8f35-41ee-a931-a727896136aa 9 15783 15826 +edge_26_0_+disjointig_20_0_104137 86816 102591 104137 -1 -1 15570 0.00125957
Chain
	Aln	51	-03c6573a-8f35-41ee-a931-a727896136aa 42 15816 15826 -edge_26_0_+disjointig_20_0_104137 1545 17320 104137 -1 -1 15570 0.00125957
Chain
	Aln	195	+353e7ac7-26f0-4e6c-b58c-afa862269812 7 13932 50884 -edge_98_0_+disjointig_51_0_39741 25807 39740 39741 -1 -1 13716 0.000897199
Chain
	Aln	159	+353e7ac7-26f0-4e6c-b58c-afa862269812 38092 50881 50884 -edge_80_0_-disjointig_50_37077_62704 5 12804 25627 -1 -1 12500 0.00222987
Chain
	Aln	194	-353e7ac7-26f0-4e6c-b58c-afa862269812 36951 50876 50884 +edge_98_0_+disjointig_51_0_39741 0 13933 39741 -1 -1 13716 0.000897199
Chain
	Aln	158	-353e7ac7-26f0-4e6c-b58c-afa862269812 2 12791 50884 +edge_80_0_-disjointig_50_37077_62704 12822 25621 25627 -1 -1 12500 0.00222987
Chain
	Aln	302	+8ca8434c-cf07-488e-a950-a699e585f858 5 8588 8594 +edge_152_0_-disjointig_60_6186_67457 43690 52279 61271 -1 -1 8177 0.00616667
Chain
	Aln	303	-8ca8434c-cf07-488e-a950-a699e585f858 5 8588 8594 -edge_152_0_-disjointig_60_6186_67457 8991 17580 61271 -1 -1 8177 0.00616667
Chain
	Aln	333	+d3792baf-88c3-473a-9eb2-50c095211e39 28 2976 2979 -edge_167_0_-disjointig_64_0_49685 4508 7458 49685 -1 -1 2927 0.00161688
Chain
	Aln	332	-d3792baf-88c3-473a-9eb2-50c095211e39 2 2950 2979 +edge_167_0_-disjointig_64_0_49685 42226 45176 49685 -1 -1 2927 0.00161688
Chain
	Aln	91	+3fb53a40-2c59-47c0-9bf3-d9853be346e7 398 11011 11021 -edge_46_0_+disjointig_29_0_13427 397 11019 13427 -1 -1 9730 0.00421193
Chain
	Aln	90	-3fb53a40-2c59-47c0-9bf3-d9853be346e7 9 10622 11021 +edge_46_0_+disjointig_29_0_13427 2407 13029 13427 -1 -1 9730 0.00421193
Chain
	Aln	238	+e75cb4fb-cb1c-499b-bf10-8e3dd7c7bdeb 11 3630 3640 +edge_120_0_-disjointig_87_6236_62149 52281 55904 55913 -1 -1 3512 0.00375677
Chain
	Aln	239	-e75cb4fb-cb1c-499b-bf10-8e3dd7c7bdeb 9 3628 3640 -edge_120_0_-disjointig_87_6236_62149 8 3631 55913 -1 -1 3512 0.00375677
Chain
	Aln	298	+38abb31f-6d61-458b-87d7-a6b904ab655b 4 2610 2614 +edge_150_0_+disjointig_11_11851_75629 3187 5792 63778 -1 -1 2553 0.00203323
Chain
	Aln	299	-38abb31f-6d61-458b-87d7-a6b904ab655b 3 2609 2614 -edge_150_0_+disjointig_11_11851_75629 57985 60590 63778 -1 -1 2553 0.00203323
Chain
	Aln	157	+060c5706-c3b3-45b5-96b7-f32eaab92e28 12 4509 4512 -edge_79_0_+disjointig_44_99890_232551 75458 79966 132661 -1 -1 4396 0.00404221
Chain
	Aln	156	-060c5706-c3b3-45b5-96b7-f32eaab92e28 2 4499 4512 +edge_79_0_+disjointig_44_99890_232551 52694 57202 132661 -1 -1 4396 0.00404221
Chain
	Aln	334	+d32fa5ef-e231-4b4f-88d5-dc528418f51f 10 10707 10710 +edge_168_0_+disjointig_41_22847_84173 23141 33841 61326 -1 -1 10541 0.00270797
Chain
	Aln	335	-d32fa5ef-e231-4b4f-88d5-dc528418f51f 2 10699 10710 -edge_168_0_+disjointig_41_22847_84173 27484 38184 61326 -1 -1 10541 0.00270797
Chain
	Aln	301	+894e670f-9d5b-4791-a12a-4c50472ea5b6 24 14136 14141 -edge_151_0_+disjointig_19_0_25278 12 14122 25278 -1 -1 13932 0.00200339
Chain
	Aln	300	-894e670f-9d5b-4791-a12a-4c50472ea5b6 4 14116 14141 +edge_151_0_+disjointig_19_0_25278 11155 25265 25278 -1 -1 13932 0.00200339
Chain
	Aln	318	+311eeba5-fe68-4037-885c-a35f8dc36502 12 3090 3092 +edge_160_0_-disjointig_48_0_101253 29367 32445 101253 -1 -1 3078 0
Chain
	Aln	319	-311eeba5-fe68-4037-885c-a35f8dc36502 1 3079 3092 -edge_160_0_-disjointig_48_0_101253 68807 71885 101253 -1 -1 3078 0
Chain
	Aln	324	+3ac28441-1223-4e5b-997b-34644761cbce 14 2010 10423 +edge_163_0_+disjointig_88_0_21860 19861 21857 21860 -1 -1 1996 0.000380754
	Aln	326	+3ac28441-1223-4e5b-997b-34644761cbce 2014 10405 10423 +edge_164_0_+disjointig_39_11307_40702 1 8392 29395 -1 -1 8228 0.00173353
Chain
	Aln	327	-3ac28441-1223-4e5b-997b-34644761cbce 17 8408 10423 -edge_164_0_+disjointig_39_11307_40702 21002 29393 29395 -1 -1 8228 0.00173353
	Aln	325	-3ac28441-1223-4e5b-997b-34644761cbce 8412 10408 10423 -edge_163_0_+disjointig_88_0_21860 2 1998 21860 -1 -1 1996 0.000380754
Chain
	Aln	187	+3948af56-b85e-461c-91d6-59f6f5ba393e 60 2711 2805 -edge_94_0_+disjointig_47_0_105696 100840 103503 105696 -1 -1 1298 0.0676734
Chain
	Aln	186	-3948af56-b85e-461c-91d6-59f6f5ba393e 93 2744 2805 +edge_94_0_+disjointig_47_0_105696 2192 4855 105696 -1 -1 1298 0.0676734
Chain
	Aln	312	+e9254521-684d-42d8-a791-76ffe691213f 15 5277 5286 +edge_157_0_+disjointig_26_0_75776 22425 27686 75776 -1 -1 5214 0.000695102
Chain
	Aln	313	-e9254521-684d-42d8-a791-76ffe691213f 8 5270 5286 -edge_157_0_+disjointig_26_0_75776 48089 53350 75776 -1 -1 5214 0.000695102
Chain
	Aln	93	+8b6c13cc-fb81-41b1-a42b-8c10035603d9 2 3485 3489 -edge_47_0_+disjointig_30_0_164630 72057 75540 164630 -1 -1 3475 0
Chain
	Aln	92	-8b6c13cc-fb81-41b1-a42b-8c10035603d9 3 3486 3489 +edge_47_0_+disjointig_30_0_164630 89089 92572 164630 -1 -1 3475 0
Chain
	Aln	331	+58c3f79e-c88b-4053-89c0-265f32b43735 18 16617 17266 -edge_166_0_+disjointig_40_6968_25794 2220 18825 18826 -1 -1 16226 0.00362889
	Aln	329	+58c3f79e-c88b-4053-89c0-265f32b43735 16629 17257 17266 -edge_165_0_+disjointig_54_0_66147 11 637 66147 -1 -1 598 0.0101099
Chain
	Aln	328	-58c3f79e-c88b-4053-89c0-265f32b43735 8 636 17266 +edge_165_0_+disjointig_54_0_66147 65509 66135 66147 -1 -1 598 0.0101099
	Aln	330	-58c3f79e-c88b-4053-89c0-265f32b43735 648 17247 17266 +edge_166_0_+disjointig_40_6968_25794 0 16605 18826 -1 -1 16226 0.00362889
Chain
	Aln	232	+ffb76b96-6c2b-4816-b6f8-dd16018beef4 2 24943 24952 +edge_117_0_+disjointig_69_0_75545 22607 47542 75545 -1 -1 24588 0.00186893
Chain
	Aln	233	-ffb76b96-6c2b-4816-b6f8-dd16018beef4 8 24949 24952 -edge_117_0_+disjointig_69_0_75545 28002 52937 75545 -1 -1 24588 0.00186893
Chain
	Aln	349	+ec848fae-ddc7-4642-ab7e-c678535416b8 0 3515 31125 -edge_175_0_+disjointig_49_27612_70378 39243 42765 42766 -1 -1 3480 0.00295799
	Aln	349	+ec848fae-ddc7-4642-ab7e-c678535416b8 3528 31119 31125 -edge_175_1_+disjointig_49_70378_113247 12 27608 42869 -1 -1 27141 0.00271002
Chain
	Aln	348	-ec848fae-ddc7-4642-ab7e-c678535416b8 5 27596 31125 +edge_175_1_+disjointig_49_70378_113247 15260 42856 42869 -1 -1 27141 0.00271002
	Aln	348	-ec848fae-ddc7-4642-ab7e-c678535416b8 27609 31124 31125 +edge_175_0_+disjointig_49_27612_70378 0 3522 42766 -1 -1 3480 0.00295799
Chain
	Aln	361	+db289419-566a-4886-a0c4-eff69486d7c3 10 2300 2307 -edge_181_0_+disjointig_74_2530_48718 36468 38755 46188 -1 -1 2225 0.00390613
Chain
	Aln	360	-db289419-566a-4886-a0c4-eff69486d7c3 6 2296 2307 +edge_181_0_+disjointig_74_2530_48718 7432 9719 46188 -1 -1 2225 0.00390613
Chain
	Aln	335	+9780d2b0-b700-45e5-b12d-55e30000efba 9 9260 9271 -edge_168_0_+disjointig_41_22847_84173 21936 31182 61326 -1 -1 8871 0.0047149
Chain
	Aln	334	-9780d2b0-b700-45e5-b12d-55e30000efba 10 9261 9271 +edge_168_0_+disjointig_41_22847_84173 30143 39389 61326 -1 -1 8871 0.0047149
Chain
	Aln	356	+61a56d0f-df21-4565-9e3c-20cbe41925f2 37 28808 28819 +edge_179_0_+disjointig_67_0_82889 13934 42675 82889 -1 -1 28315 0.00190993
Chain
	Aln	357	-61a56d0f-df21-4565-9e3c-20cbe41925f2 10 28781 28819 -edge_179_0_+disjointig_67_0_82889 40213 68954 82889 -1 -1 28315 0.00190993
Chain
	Aln	319	+39983591-1293-4887-8dee-e0d661f840cc 18 7187 7191 -edge_160_0_-disjointig_48_0_101253 17583 24775 101253 -1 -1 6907 0.00418111
Chain
	Aln	318	-39983591-1293-4887-8dee-e0d661f840cc 3 7172 7191 +edge_160_0_-disjointig_48_0_101253 76477 83669 101253 -1 -1 6907 0.00418111
Chain
	Aln	165	+59b9ae08-d3e5-47a9-a081-f79f8496b9aa 10 28840 28846 -edge_83_0_-disjointig_71_8379_80660 7235 36073 72281 -1 -1 28060 0.00191892
Chain
	Aln	164	-59b9ae08-d3e5-47a9-a081-f79f8496b9aa 5 28835 28846 +edge_83_0_-disjointig_71_8379_80660 36207 65045 72281 -1 -1 28060 0.00191892
Chain
	Aln	333	+b4132c22-0101-4b48-b925-f39f9152b341 4 3701 3704 -edge_167_0_-disjointig_64_0_49685 11767 15463 49685 -1 -1 3651 0.00233548
Chain
	Aln	332	-b4132c22-0101-4b48-b925-f39f9152b341 2 3699 3704 +edge_167_0_-disjointig_64_0_49685 34221 37917 49685 -1 -1 3651 0.00233548
Chain
	Aln	206	+7e01b534-d338-4d2c-92cc-86f5c2a6cd95 35 14668 14670 +edge_104_0_+disjointig_56_0_67458 52502 67145 67458 -1 -1 14071 0.00408119
Chain
	Aln	207	-7e01b534-d338-4d2c-92cc-86f5c2a6cd95 1 14634 14670 -edge_104_0_+disjointig_56_0_67458 312 14955 67458 -1 -1 14071 0.00408119
Chain
	Aln	54	+36443227-dfb2-4bc6-a44d-f1f5ce17ceaa 6 6236 6243 +edge_28_0_+disjointig_22_0_197748 106114 112348 197748 -1 -1 6092 0.00368233
Chain
	Aln	55	-36443227-dfb2-4bc6-a44d-f1f5ce17ceaa 6 6236 6243 -edge_28_0_+disjointig_22_0_197748 85399 91633 197748 -1 -1 6092 0.00368233
Chain
	Aln	348	+e2a6237c-de56-4ced-ae74-97e3876142cf 426 17443 17472 +edge_175_0_+disjointig_49_27612_70378 7 17030 42766 -1 -1 16810 0.00131311
Chain
	Aln	349	-e2a6237c-de56-4ced-ae74-97e3876142cf 28 17045 17472 -edge_175_0_+disjointig_49_27612_70378 25735 42758 42766 -1 -1 16810 0.00131311
Chain
	Aln	100	+2eef8163-caba-49f5-a56a-d4c07c33a510 3 4974 4978 +edge_51_0_+disjointig_34_0_132203 67116 72092 132203 -1 -1 4939 0.00153742
Chain
	Aln	101	-2eef8163-caba-49f5-a56a-d4c07c33a510 3 4974 4978 -edge_51_0_+disjointig_34_0_132203 60110 65086 132203 -1 -1 4939 0.00153742
Chain
	Aln	55	+4bfd860f-7543-454b-99d6-5837cd14bad6 18 2152 2160 -edge_28_0_+disjointig_22_0_197748 59296 61431 197748 -1 -1 2086 0.00466855
Chain
	Aln	54	-4bfd860f-7543-454b-99d6-5837cd14bad6 7 2141 2160 +edge_28_0_+disjointig_22_0_197748 136316 138451 197748 -1 -1 2086 0.00466855
Chain
	Aln	348	+9b39ce03-d216-470c-8db3-440b02027ece 13 8451 8453 +edge_175_1_+disjointig_49_70378_113247 28133 36529 42869 -1 -1 7750 0.0092446
Chain
	Aln	349	-9b39ce03-d216-470c-8db3-440b02027ece 1 8439 8453 -edge_175_1_+disjointig_49_70378_113247 6339 14735 42869 -1 -1 7750 0.0092446
Chain
	Aln	322	+61db09fa-7837-413a-960c-36b939d2d43d 9 4340 4345 +edge_162_1_+disjointig_38_14800_26877 3440 7774 12077 -1 -1 4318 0.00141958
Chain
	Aln	323	-61db09fa-7837-413a-960c-36b939d2d43d 4 4335 4345 -edge_162_1_+disjointig_38_14800_26877 4302 8636 12077 -1 -1 4318 0.00141958
Chain
	Aln	349	+73bf4cc0-d377-45ad-80a0-1c10ad8e5811 25 5969 5977 -edge_175_1_+disjointig_49_70378_113247 7807 13760 42869 -1 -1 5774 0.00380326
Chain
	Aln	348	-73bf4cc0-d377-45ad-80a0-1c10ad8e5811 7 5951 5977 +edge_175_1_+disjointig_49_70378_113247 29108 35061 42869 -1 -1 5774 0.00380326
Chain
	Aln	334	+f624fff3-af29-4fb8-b9c9-50373999f213 8 7562 8607 +edge_168_0_+disjointig_41_22847_84173 7431 15010 61326 -1 -1 7068 0.00456949
Chain
	Aln	335	-f624fff3-af29-4fb8-b9c9-50373999f213 1044 8598 8607 -edge_168_0_+disjointig_41_22847_84173 46315 53894 61326 -1 -1 7068 0.00456949
Chain
	Aln	39	+9d7efd38-3b89-48bc-93bf-94726945648f 9 15960 15962 -edge_20_0_+disjointig_15_0_99894 12184 28260 99894 -1 -1 15453 0.00195093
Chain
	Aln	38	-9d7efd38-3b89-48bc-93bf-94726945648f 1 15952 15962 +edge_20_0_+disjointig_15_0_99894 71633 87709 99894 -1 -1 15453 0.00195093
Chain
	Aln	95	+f426f42e-7b07-4138-82a7-44e5634ecec2 31 4002 4007 -edge_48_0_+disjointig_31_0_16188 11993 15973 16188 -1 -1 3875 0.00339317
Chain
	Aln	94	-f426f42e-7b07-4138-82a7-44e5634ecec2 4 3975 4007 +edge_48_0_+disjointig_31_0_16188 214 4194 16188 -1 -1 3875 0.00339317
Chain
	Aln	54	+540c5064-ae51-488a-b724-ef620a84de7f 7 4176 4181 +edge_28_0_+disjointig_22_0_197748 191367 195555 197748 -1 -1 3932 0.00734622
Chain
	Aln	55	-540c5064-ae51-488a-b724-ef620a84de7f 4 4173 4181 -edge_28_0_+disjointig_22_0_197748 2192 6380 197748 -1 -1 3932 0.00734622
Chain
	Aln	325	+602a0f3d-bb30-469d-8579-7ef5d47a3e13 7 18442 23551 -edge_163_0_+disjointig_88_0_21860 2015 20452 21860 -1 -1 17944 0.00265869
Chain
	Aln	324	-602a0f3d-bb30-469d-8579-7ef5d47a3e13 5108 23543 23551 +edge_163_0_+disjointig_88_0_21860 1407 19844 21860 -1 -1 17944 0.00265869
Chain
	Aln	291	+8a0248d0-12ea-4b1b-9e1e-75c3fd540dda 4 10435 13976 -edge_146_0_+disjointig_99_0_11190 755 11189 11190 -1 -1 10182 0.00221849
Chain
	Aln	290	-8a0248d0-12ea-4b1b-9e1e-75c3fd540dda 3540 13971 13976 +edge_146_0_+disjointig_99_0_11190 0 10434 11190 -1 -1 10182 0.00221849
Chain
	Aln	187	+c94aa1ca-09b2-4c21-95d7-ed73fb05a68e 17 23912 23914 -edge_94_0_+disjointig_47_0_105696 81793 105694 105696 -1 -1 23387 0.00208079
Chain
	Aln	186	-c94aa1ca-09b2-4c21-95d7-ed73fb05a68e 1 23896 23914 +edge_94_0_+disjointig_47_0_105696 1 23902 105696 -1 -1 23387 0.00208079
Chain
	Aln	306	+b4ab33e0-fd17-4fe5-8902-5d204edaa721 1 7183 10831 +edge_154_0_+disjointig_18_11964_26268 7108 14293 14304 -1 -1 7007 0.00330716
	Aln	306	+b4ab33e0-fd17-4fe5-8902-5d204edaa721 7195 10475 10831 +edge_154_0_+disjointig_18_11964_26268 1 3288 14304 -1 -1 3150 0.00394401
Chain
	Aln	307	-b4ab33e0-fd17-4fe5-8902-5d204edaa721 355 3635 10831 -edge_154_0_+disjointig_18_11964_26268 11015 14302 14304 -1 -1 3150 0.00394401
	Aln	307	-b4ab33e0-fd17-4fe5-8902-5d204edaa721 3647 10829 10831 -edge_154_0_+disjointig_18_11964_26268 10 7195 14304 -1 -1 7007 0.00330716
Chain
	Aln	315	+f8f2efec-4371-4b95-b439-a19bc0984665 19 2027 2030 -edge_158_0_+disjointig_25_34644_66531 12672 14683 31887 -1 -1 1986 0.00147842
Chain
	Aln	314	-f8f2efec-4371-4b95-b439-a19bc0984665 2 2010 2030 +edge_158_0_+disjointig_25_34644_66531 17203 19214 31887 -1 -1 1986 0.00147842
Chain
	Aln	296	+c8dd3685-24df-49b8-b68d-c542fa9ae5b3 13 10191 10200 +edge_149_0_-disjointig_16_0_79715 69072 79250 79715 -1 -1 10014 0.00173277
Chain
	Aln	297	-c8dd3685-24df-49b8-b68d-c542fa9ae5b3 8 10186 10200 -edge_149_0_-disjointig_16_0_79715 464 10642 79715 -1 -1 10014 0.00173277
Chain
	Aln	165	+a853e66b-3ec4-4f93-b43c-5bc18030bcc4 11 8512 8517 -edge_83_0_-disjointig_71_8379_80660 14696 23197 72281 -1 -1 8344 0.000505443
Chain
	Aln	164	-a853e66b-3ec4-4f93-b43c-5bc18030bcc4 4 8505 8517 +edge_83_0_-disjointig_71_8379_80660 49083 57584 72281 -1 -1 8344 0.000505443
Chain
	Aln	34	+ef151118-128b-4655-8092-e096b43ffc53 5 3804 3806 +edge_18_0_+disjointig_13_0_57208 19820 23630 57208 -1 -1 3711 0.00222184
Chain
	Aln	35	-ef151118-128b-4655-8092-e096b43ffc53 1 3800 3806 -edge_18_0_+disjointig_13_0_57208 33577 37387 57208 -1 -1 3711 0.00222184
Chain
	Aln	90	+21a35b11-85de-4f67-97e4-0b259324d63c 2 5149 5153 +edge_46_0_+disjointig_29_0_13427 1527 6676 13427 -1 -1 5047 0.00328101
Chain
	Aln	91	-21a35b11-85de-4f67-97e4-0b259324d63c 3 5150 5153 -edge_46_0_+disjointig_29_0_13427 6750 11899 13427 -1 -1 5047 0.00328101
Chain
	Aln	222	+3f97b0bb-a8ba-43fe-a080-6775936495e4 17 12533 12536 +edge_112_0_+disjointig_62_0_57746 7328 19853 57746 -1 -1 12357 0.000355193
Chain
	Aln	223	-3f97b0bb-a8ba-43fe-a080-6775936495e4 2 12518 12536 -edge_112_0_+disjointig_62_0_57746 37892 50417 57746 -1 -1 12357 0.000355193
Chain
	Aln	39	+6ad8eb6e-b0b9-4f6f-8e66-39fa27c6fa82 11 5083 5091 -edge_20_0_+disjointig_15_0_99894 60623 65692 99894 -1 -1 5026 0.000495946
Chain
	Aln	38	-6ad8eb6e-b0b9-4f6f-8e66-39fa27c6fa82 7 5079 5091 +edge_20_0_+disjointig_15_0_99894 34201 39270 99894 -1 -1 5026 0.000495946
Chain
	Aln	323	+f79567c1-4868-463a-af40-7770bef930ce 43 4295 4300 -edge_162_1_+disjointig_38_14800_26877 4178 8437 12077 -1 -1 4162 0.00378203
Chain
	Aln	322	-f79567c1-4868-463a-af40-7770bef930ce 4 4256 4300 +edge_162_1_+disjointig_38_14800_26877 3639 7898 12077 -1 -1 4162 0.00378203
Chain
	Aln	100	+40d5a391-6e78-487d-aefd-2e749cb8ff61 10 5441 5446 +edge_51_0_+disjointig_34_0_132203 99687 105122 132203 -1 -1 5384 0.00241131
Chain
	Aln	101	-40d5a391-6e78-487d-aefd-2e749cb8ff61 4 5435 5446 -edge_51_0_+disjointig_34_0_132203 27080 32515 132203 -1 -1 5384 0.00241131
Chain
	Aln	318	+48f0ae61-cc6f-419d-9d4b-5bc5f68fd9df 3 4256 4259 +edge_160_0_-disjointig_48_0_101253 38935 43192 101253 -1 -1 4167 0.00207476
Chain
	Aln	319	-48f0ae61-cc6f-419d-9d4b-5bc5f68fd9df 2 4255 4259 -edge_160_0_-disjointig_48_0_101253 58060 62317 101253 -1 -1 4167 0.00207476
Chain
	Aln	38	+95589619-01ce-4158-bf3d-99c988763054 8 11272 11277 +edge_20_0_+disjointig_15_0_99894 60046 71319 99894 -1 -1 11150 0.0013494
Chain
	Aln	39	-95589619-01ce-4158-bf3d-99c988763054 4 11268 11277 -edge_20_0_+disjointig_15_0_99894 28574 39847 99894 -1 -1 11150 0.0013494
Chain
	Aln	2	+caa9e083-1977-40b4-b1b2-3c4ee96a90de 6 3201 3211 +edge_2_0_+disjointig_10_0_56359 10866 14061 56359 -1 -1 3129 0.00248533
Chain
	Aln	3	-caa9e083-1977-40b4-b1b2-3c4ee96a90de 9 3204 3211 -edge_2_0_+disjointig_10_0_56359 42297 45492 56359 -1 -1 3129 0.00248533
Chain
	Aln	186	+da676086-1e1b-44f0-98cd-862e56172365 24 5286 5292 +edge_94_0_+disjointig_47_0_105696 35706 40952 105696 -1 -1 5187 0.00195476
Chain
	Aln	187	-da676086-1e1b-44f0-98cd-862e56172365 5 5267 5292 -edge_94_0_+disjointig_47_0_105696 64743 69989 105696 -1 -1 5187 0.00195476
Chain
	Aln	299	+15f40c15-0261-4a3f-9c56-5416e552ccbf 2 2783 2785 -edge_150_0_+disjointig_11_11851_75629 52167 54950 63778 -1 -1 2753 0.000844772
Chain
	Aln	298	-15f40c15-0261-4a3f-9c56-5416e552ccbf 1 2782 2785 +edge_150_0_+disjointig_11_11851_75629 8827 11610 63778 -1 -1 2753 0.000844772
Chain
	Aln	103	+73110eee-1ddc-4216-a7e1-675b41630972 8 20953 20957 -edge_52_0_+disjointig_35_0_49615 7 20871 49615 -1 -1 19166 0.00709786
Chain
	Aln	102	-73110eee-1ddc-4216-a7e1-675b41630972 3 20948 20957 +edge_52_0_+disjointig_35_0_49615 28743 49607 49615 -1 -1 19166 0.00709786
Chain
	Aln	156	+6f87a19d-4da4-4857-923a-b922932d4459 7 6749 6756 +edge_79_0_+disjointig_44_99890_232551 101166 107907 132661 -1 -1 6623 0.000768645
Chain
	Aln	157	-6f87a19d-4da4-4857-923a-b922932d4459 6 6748 6756 -edge_79_0_+disjointig_44_99890_232551 24753 31494 132661 -1 -1 6623 0.000768645
Chain
	Aln	93	+890364a0-6c82-47e4-a505-7db26aaf1e1d 11 5379 5387 -edge_47_0_+disjointig_30_0_164630 26180 31550 164630 -1 -1 5306 0.0028324
Chain
	Aln	92	-890364a0-6c82-47e4-a505-7db26aaf1e1d 7 5375 5387 +edge_47_0_+disjointig_30_0_164630 133079 138449 164630 -1 -1 5306 0.0028324
Chain
	Aln	318	+3d7c1eba-5611-4000-a4d0-1082ac281b48 27 4877 4883 +edge_160_0_-disjointig_48_0_101253 28 4868 101253 -1 -1 4644 0.0045425
Chain
	Aln	319	-3d7c1eba-5611-4000-a4d0-1082ac281b48 5 4855 4883 -edge_160_0_-disjointig_48_0_101253 96384 101224 101253 -1 -1 4644 0.0045425
Chain
	Aln	319	+a5f05c0d-4eca-4de7-8776-4622a82c22ba 15 4879 4884 -edge_160_0_-disjointig_48_0_101253 96373 101234 101253 -1 -1 4830 0.00175617
Chain
	Aln	318	-a5f05c0d-4eca-4de7-8776-4622a82c22ba 4 4868 4884 +edge_160_0_-disjointig_48_0_101253 18 4879 101253 -1 -1 4830 0.00175617
Chain
	Aln	320	+3dcdf221-db23-429b-8668-56f94ad6fc3f 11 2951 2958 +edge_161_0_+disjointig_28_6173_22910 12394 15337 16737 -1 -1 2896 0.00250215
Chain
	Aln	321	-3dcdf221-db23-429b-8668-56f94ad6fc3f 6 2946 2958 -edge_161_0_+disjointig_28_6173_22910 1399 4342 16737 -1 -1 2896 0.00250215
Chain
	Aln	51	+5691c6d1-48ed-4f35-baa0-c3e0208688ce 20 2183 2191 -edge_26_0_+disjointig_20_0_104137 81828 84050 104137 -1 -1 1957 0.00987982
Chain
	Aln	50	-5691c6d1-48ed-4f35-baa0-c3e0208688ce 7 2170 2191 +edge_26_0_+disjointig_20_0_104137 20086 22308 104137 -1 -1 1957 0.00987982
Chain
	Aln	333	+5b51ec5f-18e9-433f-a77e-4dc8c3e6a7c0 16 9583 9591 -edge_167_0_-disjointig_64_0_49685 5899 15471 49685 -1 -1 9398 0.00254673
Chain
	Aln	332	-5b51ec5f-18e9-433f-a77e-4dc8c3e6a7c0 7 9574 9591 +edge_167_0_-disjointig_64_0_49685 34213 43785 49685 -1 -1 9398 0.00254673
Chain
	Aln	223	+5a4da850-2cd3-4719-9fc2-758e44a53392 4 2753 2756 -edge_112_0_+disjointig_62_0_57746 18396 21145 57746 -1 -1 2749 0.00216481
Chain
	Aln	222	-5a4da850-2cd3-4719-9fc2-758e44a53392 2 2751 2756 +edge_112_0_+disjointig_62_0_57746 36600 39349 57746 -1 -1 2749 0.00216481
Chain
	Aln	351	+f3389371-189c-46f1-bb2d-27349329f997 7 4692 4705 -edge_176_0_+disjointig_68_0_26846 22157 26832 26846 -1 -1 4612 0.00207497
Chain
	Aln	350	-f3389371-189c-46f1-bb2d-27349329f997 12 4697 4705 +edge_176_0_+disjointig_68_0_26846 13 4688 26846 -1 -1 4612 0.00207497
Chain
	Aln	260	+80f09fa4-e5b5-42ad-a518-91c123cea969 19 2117 2120 +edge_131_0_+disjointig_78_0_34465 24789 26879 34465 -1 -1 2061 0.000287063
Chain
	Aln	261	-80f09fa4-e5b5-42ad-a518-91c123cea969 2 2100 2120 -edge_131_0_+disjointig_78_0_34465 7585 9675 34465 -1 -1 2061 0.000287063
Chain
	Aln	165	+b97a6605-94c0-4cf5-b7de-10d5f4edf32e 3 3399 3407 -edge_83_0_-disjointig_71_8379_80660 48602 51997 72281 -1 -1 3255 0.00318406
Chain
	Aln	164	-b97a6605-94c0-4cf5-b7de-10d5f4edf32e 7 3403 3407 +edge_83_0_-disjointig_71_8379_80660 20283 23678 72281 -1 -1 3255 0.00318406
Chain
	Aln	334	+1e444e16-20ab-474b-8e4c-c782e699cc8c 10 11922 13035 +edge_168_0_+disjointig_41_22847_84173 14826 26765 61326 -1 -1 10625 0.0112184
Chain
	Aln	335	-1e444e16-20ab-474b-8e4c-c782e699cc8c 1112 13024 13035 -edge_168_0_+disjointig_41_22847_84173 34560 46499 61326 -1 -1 10625 0.0112184
Chain
	Aln	49	+0c75d88a-90c1-46b0-b4c1-90590cdc93d6 12 3405 3407 -edge_25_0_+disjointig_2_0_55897 10998 14389 55897 -1 -1 3302 0.00404566
Chain
	Aln	48	-0c75d88a-90c1-46b0-b4c1-90590cdc93d6 1 3394 3407 +edge_25_0_+disjointig_2_0_55897 41507 44898 55897 -1 -1 3302 0.00404566
Chain
	Aln	157	+653d9ce2-7c5a-4878-b11e-26fb13d26d9a 10 2482 3088 -edge_79_0_+disjointig_44_99890_232551 123307 125780 132661 -1 -1 2446 0.000782002
Chain
	Aln	156	-653d9ce2-7c5a-4878-b11e-26fb13d26d9a 605 3077 3088 +edge_79_0_+disjointig_44_99890_232551 6880 9353 132661 -1 -1 2446 0.000782002
Chain
	Aln	349	+1005054f-7efa-40c1-a9e8-8fc2ba002d22 10 7744 7746 -edge_175_1_+disjointig_49_70378_113247 23256 31000 42869 -1 -1 7467 0.00482848
Chain
	Aln	348	-1005054f-7efa-40c1-a9e8-8fc2ba002d22 1 7735 7746 +edge_175_1_+disjointig_49_70378_113247 11868 19612 42869 -1 -1 7467 0.00482848
Chain
	Aln	156	+8904258d-caf2-4909-a443-7440e4911297 11 6068 6081 +edge_79_0_+disjointig_44_99890_232551 61964 68057 132661 -1 -1 4553 0.0262428
Chain
	Aln	157	-8904258d-caf2-4909-a443-7440e4911297 12 6069 6081 -edge_79_0_+disjointig_44_99890_232551 64603 70696 132661 -1 -1 4553 0.0262428
Chain
	Aln	349	+619ff0e2-0925-4a6f-a5e3-4b778506d75d 9 3704 3711 -edge_175_1_+disjointig_49_70378_113247 15700 19392 42869 -1 -1 3648 0.00276142
Chain
	Aln	348	-619ff0e2-0925-4a6f-a5e3-4b778506d75d 6 3701 3711 +edge_175_1_+disjointig_49_70378_113247 23476 27168 42869 -1 -1 3648 0.00276142
Chain
	Aln	333	+a1a02f68-4a20-4c22-9bc3-2eb1d97c8f27 4 2114 2119 -edge_167_0_-disjointig_64_0_49685 3180 5289 49685 -1 -1 2091 4.98554e-06
Chain
	Aln	332	-a1a02f68-4a20-4c22-9bc3-2eb1d97c8f27 4 2114 2119 +edge_167_0_-disjointig_64_0_49685 44395 46504 49685 -1 -1 2091 4.98554e-06
Chain
	Aln	34	+198299c5-ba8e-42c3-b560-d27949a7bd5d 20 4415 4423 +edge_18_0_+disjointig_13_0_57208 14062 18457 57208 -1 -1 4328 0.00332394
Chain
	Aln	35	-198299c5-ba8e-42c3-b560-d27949a7bd5d 7 4402 4423 -edge_18_0_+disjointig_13_0_57208 38750 43145 57208 -1 -1 4328 0.00332394
Chain
	Aln	49	+4518445c-afc8-4f0e-84bf-e79dd066ccde 3 3665 3668 -edge_25_0_+disjointig_2_0_55897 5102 8763 55897 -1 -1 3621 0.0013217
Chain
	Aln	48	-4518445c-afc8-4f0e-84bf-e79dd066ccde 2 3664 3668 +edge_25_0_+disjointig_2_0_55897 47133 50794 55897 -1 -1 3621 0.0013217
Chain
	Aln	221	+911150c8-7599-4c84-a677-b0d429572d8e 3 5790 5794 -edge_111_0_+disjointig_6_0_62673 42578 48370 62673 -1 -1 5746 0.00126863
Chain
	Aln	220	-911150c8-7599-4c84-a677-b0d429572d8e 3 5790 5794 +edge_111_0_+disjointig_6_0_62673 14302 20094 62673 -1 -1 5746 0.00126863
Chain
	Aln	50	+4399287a-574c-4ece-af1d-e42613092095 9 4431 4720 +edge_26_0_+disjointig_20_0_104137 87419 91899 104137 -1 -1 4171 0.0038299
Chain
	Aln	51	-4399287a-574c-4ece-af1d-e42613092095 288 4710 4720 -edge_26_0_+disjointig_20_0_104137 12237 16717 104137 -1 -1 4171 0.0038299
Chain
	Aln	167	+cc00ecc9-0523-4de7-bef6-5b383e0a7b69 6047 13531 13543 -edge_84_0_-disjointig_72_8278_16178 4 7492 7900 -1 -1 7437 0.000491544
Chain
	Aln	166	-cc00ecc9-0523-4de7-bef6-5b383e0a7b69 11 7495 13543 +edge_84_0_-disjointig_72_8278_16178 407 7895 7900 -1 -1 7437 0.000491544
Chain
	Aln	53	+81dd9ad0-cb4d-4bf1-b587-2f904205d5f1 3 7257 7263 -edge_27_0_+disjointig_21_0_54132 22806 30059 54132 -1 -1 7199 0.00143946
Chain
	Aln	52	-81dd9ad0-cb4d-4bf1-b587-2f904205d5f1 5 7259 7263 +edge_27_0_+disjointig_21_0_54132 24072 31325 54132 -1 -1 7199 0.00143946
Chain
	Aln	207	+dc267011-aa4b-4058-9a19-a81885fcf6e0 20 7585 7591 -edge_104_0_+disjointig_56_0_67458 41372 48937 67458 -1 -1 7542 0.000788665
Chain
	Aln	206	-dc267011-aa4b-4058-9a19-a81885fcf6e0 5 7570 7591 +edge_104_0_+disjointig_56_0_67458 18520 26085 67458 -1 -1 7542 0.000788665
Chain
	Aln	93	+9772f2f0-c9b6-425b-ac21-2f8df00c4919 12 4694 4696 -edge_47_0_+disjointig_30_0_164630 137207 141889 164630 -1 -1 4645 0.000691485
Chain
	Aln	92	-9772f2f0-c9b6-425b-ac21-2f8df00c4919 1 4683 4696 +edge_47_0_+disjointig_30_0_164630 22740 27422 164630 -1 -1 4645 0.000691485
Chain
	Aln	181	+7ff1551f-556b-4fdf-8b6c-0d0f05d68c41 10 2852 2858 -edge_91_0_-disjointig_91_10827_22811 2901 5748 11984 -1 -1 2823 0.00182891
Chain
	Aln	180	-7ff1551f-556b-4fdf-8b6c-0d0f05d68c41 5 2847 2858 +edge_91_0_-disjointig_91_10827_22811 6235 9082 11984 -1 -1 2823 0.00182891
Chain
	Aln	156	+bbfc249a-eea1-4cb1-a5b7-d17e104147dc 2 8094 8099 +edge_79_0_+disjointig_44_99890_232551 119360 127449 132661 -1 -1 8061 0.00100796
Chain
	Aln	157	-bbfc249a-eea1-4cb1-a5b7-d17e104147dc 4 8096 8099 -edge_79_0_+disjointig_44_99890_232551 5211 13300 132661 -1 -1 8061 0.00100796
Chain
	Aln	312	+10a3fcd4-9ece-4a1e-b76c-6c4f541eebf3 11558 32852 32861 +edge_157_0_+disjointig_26_0_75776 1 21299 75776 -1 -1 21185 0
Chain
	Aln	313	-10a3fcd4-9ece-4a1e-b76c-6c4f541eebf3 8 21302 32861 -edge_157_0_+disjointig_26_0_75776 54476 75774 75776 -1 -1 21185 0
Chain
	Aln	361	+f549333a-05d7-4042-969b-3cdbff53cdd1 8 3307 3309 -edge_181_0_+disjointig_74_2530_48718 23496 26790 46188 -1 -1 3262 0.0010779
Chain
	Aln	360	-f549333a-05d7-4042-969b-3cdbff53cdd1 1 3300 3309 +edge_181_0_+disjointig_74_2530_48718 19397 22691 46188 -1 -1 3262 0.0010779
Chain
	Aln	314	+7ede2dbc-7cfa-4079-aec6-6676b2d6b1c2 12 2663 2668 +edge_158_0_+disjointig_25_34644_66531 20910 23558 31887 -1 -1 2647 0.00189312
Chain
	Aln	315	-7ede2dbc-7cfa-4079-aec6-6676b2d6b1c2 4 2655 2668 -edge_158_0_+disjointig_25_34644_66531 8328 10976 31887 -1 -1 2647 0.00189312
Chain
	Aln	165	+0a70361a-21b2-4210-a08a-4e1117a38ea0 5 5504 5523 -edge_83_0_-disjointig_71_8379_80660 21303 26809 72281 -1 -1 5007 0.0095314
Chain
	Aln	164	-0a70361a-21b2-4210-a08a-4e1117a38ea0 18 5517 5523 +edge_83_0_-disjointig_71_8379_80660 45471 50977 72281 -1 -1 5007 0.0095314
Chain
	Aln	157	+bd3ff770-c55d-4a88-981b-a2f4f9b29019 11 2794 2801 -edge_79_0_+disjointig_44_99890_232551 24064 26847 132661 -1 -1 2781 0
Chain
	Aln	156	-bd3ff770-c55d-4a88-981b-a2f4f9b29019 6 2789 2801 +edge_79_0_+disjointig_44_99890_232551 105813 108596 132661 -1 -1 2781 0
Chain
	Aln	313	+3d8dec86-a5ce-4fc1-8eab-d5101cbe7bc6 4 7176 7178 -edge_157_0_+disjointig_26_0_75776 68598 75774 75776 -1 -1 7156 0
Chain
	Aln	312	-3d8dec86-a5ce-4fc1-8eab-d5101cbe7bc6 1 7173 7178 +edge_157_0_+disjointig_26_0_75776 1 7177 75776 -1 -1 7156 0
Chain
	Aln	305	+84a397a0-7a21-4960-b190-7cca40f8a36e 9 2809 2814 -edge_153_0_+disjointig_12_8982_46009 33697 36606 37027 -1 -1 2410 0.016931
Chain
	Aln	304	-84a397a0-7a21-4960-b190-7cca40f8a36e 4 2804 2814 +edge_153_0_+disjointig_12_8982_46009 420 3329 37027 -1 -1 2410 0.016931
Chain
	Aln	302	+abd9c5f8-b640-4151-beaf-e459056feae6 69 15557 15560 +edge_152_0_-disjointig_60_6186_67457 27142 42629 61271 -1 -1 15401 5.37318e-05
Chain
	Aln	303	-abd9c5f8-b640-4151-beaf-e459056feae6 2 15490 15560 -edge_152_0_-disjointig_60_6186_67457 18641 34128 61271 -1 -1 15401 5.37318e-05
Chain
	Aln	51	+840744b1-fddb-4362-9373-2ccfc211864a 19 2555 2562 -edge_26_0_+disjointig_20_0_104137 86454 88988 104137 -1 -1 2466 0.0019968
Chain
	Aln	50	-840744b1-fddb-4362-9373-2ccfc211864a 6 2542 2562 +edge_26_0_+disjointig_20_0_104137 15148 17682 104137 -1 -1 2466 0.0019968
Chain
	Aln	276	+f6442cf6-9dee-4b48-bfcf-9a8574f8096d 5 3146 3148 +edge_139_0_+disjointig_90_0_45227 2137 5283 45227 -1 -1 3067 0.0026438
Chain
	Aln	277	-f6442cf6-9dee-4b48-bfcf-9a8574f8096d 1 3142 3148 -edge_139_0_+disjointig_90_0_45227 39943 43089 45227 -1 -1 3067 0.0026438
Chain
	Aln	314	+77ab0193-64be-4c22-bc94-20b3eb96629f 8 7321 7325 +edge_158_0_+disjointig_25_34644_66531 21511 28829 31887 -1 -1 7260 0.00131875
Chain
	Aln	315	-77ab0193-64be-4c22-bc94-20b3eb96629f 3 7316 7325 -edge_158_0_+disjointig_25_34644_66531 3057 10375 31887 -1 -1 7260 0.00131875
Chain
	Aln	320	+0b497bed-1376-4aed-addb-bb4e401ba06c 3 8812 8817 +edge_161_0_+disjointig_28_6173_22910 6017 14832 16737 -1 -1 8508 0.00356906
Chain
	Aln	321	-0b497bed-1376-4aed-addb-bb4e401ba06c 4 8813 8817 -edge_161_0_+disjointig_28_6173_22910 1904 10719 16737 -1 -1 8508 0.00356906
Chain
	Aln	100	+728cdd0e-188a-4270-ba27-b6a57a1faf7b 30 5796 5805 +edge_51_0_+disjointig_34_0_132203 5639 11413 132203 -1 -1 5708 0.000914289
Chain
	Aln	101	-728cdd0e-188a-4270-ba27-b6a57a1faf7b 8 5774 5805 -edge_51_0_+disjointig_34_0_132203 120789 126563 132203 -1 -1 5708 0.000914289
Chain
	Aln	335	+bde2af94-638c-476d-8753-4f28d9288c05 15 6812 6815 -edge_168_0_+disjointig_41_22847_84173 8970 15774 61326 -1 -1 6706 0.00343918
Chain
	Aln	334	-bde2af94-638c-476d-8753-4f28d9288c05 2 6799 6815 +edge_168_0_+disjointig_41_22847_84173 45551 52355 61326 -1 -1 6706 0.00343918
Chain
	Aln	178	+2fb7c085-b2ad-4eea-bd4a-dbe2b10ae887 9 2947 2952 +edge_90_0_-disjointig_61_33235_113950 10231 13168 80715 -1 -1 2937 0
Chain
	Aln	179	-2fb7c085-b2ad-4eea-bd4a-dbe2b10ae887 4 2942 2952 -edge_90_0_-disjointig_61_33235_113950 67546 70483 80715 -1 -1 2937 0
Chain
	Aln	178	+8dff4155-906d-4e6c-b6fc-0e59d5171e55 11 3156 3167 +edge_90_0_-disjointig_61_33235_113950 7046 10196 80715 -1 -1 3039 0.00347756
Chain
	Aln	179	-8dff4155-906d-4e6c-b6fc-0e59d5171e55 10 3155 3167 -edge_90_0_-disjointig_61_33235_113950 70518 73668 80715 -1 -1 3039 0.00347756
Chain
	Aln	341	+faccee05-aac8-407d-8d49-bbbe13cb6fa5 84 18187 18196 -edge_171_0_+disjointig_44_0_83253 34230 52374 83253 -1 -1 15468 0.0137313
Chain
	Aln	340	-faccee05-aac8-407d-8d49-bbbe13cb6fa5 8 18111 18196 +edge_171_0_+disjointig_44_0_83253 30878 49022 83253 -1 -1 15468 0.0137313
Chain
	Aln	179	+d1f67a00-08ee-470e-b58d-3bf53325befe 31 10081 10098 -edge_90_0_-disjointig_61_33235_113950 12737 23133 80715 -1 -1 8759 0.00461888
Chain
	Aln	178	-d1f67a00-08ee-470e-b58d-3bf53325befe 16 10066 10098 +edge_90_0_-disjointig_61_33235_113950 57581 67977 80715 -1 -1 8759 0.00461888
Chain
	Aln	322	+b4ec67a5-634a-4024-86b5-2bcbec9680cd 20 4428 4441 +edge_162_1_+disjointig_38_14800_26877 7662 12066 12077 -1 -1 4376 0.00241547
Chain
	Aln	323	-b4ec67a5-634a-4024-86b5-2bcbec9680cd 12 4420 4441 -edge_162_1_+disjointig_38_14800_26877 10 4414 12077 -1 -1 4376 0.00241547
Chain
	Aln	348	+ec451453-c3aa-44df-985e-0d20ef4c237c 5 2199 2201 +edge_175_0_+disjointig_49_27612_70378 8933 11127 42766 -1 -1 2179 4.15333e-05
Chain
	Aln	349	-ec451453-c3aa-44df-985e-0d20ef4c237c 1 2195 2201 -edge_175_0_+disjointig_49_27612_70378 31638 33832 42766 -1 -1 2179 4.15333e-05
Chain
	Aln	96	+9f647727-e6b3-4c56-8a85-0b2d58a3149a 10 3485 3488 +edge_49_0_+disjointig_32_0_79547 31723 35207 79547 -1 -1 3421 0.00319713
Chain
	Aln	97	-9f647727-e6b3-4c56-8a85-0b2d58a3149a 2 3477 3488 -edge_49_0_+disjointig_32_0_79547 44339 47823 79547 -1 -1 3421 0.00319713
Chain
	Aln	348	+28285a5c-4e03-40cd-a751-8a8a5e4fdf14 2 11411 11634 +edge_175_1_+disjointig_49_70378_113247 31444 42859 42869 -1 -1 11292 0.00279589
Chain
	Aln	349	-28285a5c-4e03-40cd-a751-8a8a5e4fdf14 222 11631 11634 -edge_175_1_+disjointig_49_70378_113247 9 11424 42869 -1 -1 11292 0.00279589
Chain
	Aln	328	+09339364-9dff-4f53-92fd-30b83ace56b6 11 7630 7634 +edge_165_0_+disjointig_54_0_66147 41849 49472 66147 -1 -1 7541 0.00273279
Chain
	Aln	329	-09339364-9dff-4f53-92fd-30b83ace56b6 3 7622 7634 -edge_165_0_+disjointig_54_0_66147 16674 24297 66147 -1 -1 7541 0.00273279
Chain
	Aln	52	+93cc7f83-14b6-45e5-b483-cfd68951c14b 11 10287 10864 +edge_27_0_+disjointig_21_0_54132 43390 53664 54132 -1 -1 10094 0.00119206
Chain
	Aln	53	-93cc7f83-14b6-45e5-b483-cfd68951c14b 576 10852 10864 -edge_27_0_+disjointig_21_0_54132 467 10741 54132 -1 -1 10094 0.00119206
Chain
	Aln	335	+d6c6c1d7-e8d1-40cc-b8a3-f26412c0593a 18 6545 6548 -edge_168_0_+disjointig_41_22847_84173 46688 53218 61326 -1 -1 6178 0.00477396
Chain
	Aln	334	-d6c6c1d7-e8d1-40cc-b8a3-f26412c0593a 2 6529 6548 +edge_168_0_+disjointig_41_22847_84173 8107 14637 61326 -1 -1 6178 0.00477396
Chain
	Aln	103	+56e59103-baec-42df-a6d6-9f274609bf19 21 7730 7739 -edge_52_0_+disjointig_35_0_49615 38650 46365 49615 -1 -1 7342 0.00456237
Chain
	Aln	102	-56e59103-baec-42df-a6d6-9f274609bf19 8 7717 7739 +edge_52_0_+disjointig_35_0_49615 3249 10964 49615 -1 -1 7342 0.00456237
Chain
	Aln	39	+6f823889-5b72-41c2-9d8d-f67c62152107 7 9580 9587 -edge_20_0_+disjointig_15_0_99894 87335 96909 99894 -1 -1 9565 0.000611961
Chain
	Aln	38	-6f823889-5b72-41c2-9d8d-f67c62152107 6 9579 9587 +edge_20_0_+disjointig_15_0_99894 2984 12558 99894 -1 -1 9565 0.000611961
Chain
	Aln	37	+d05536dd-40cc-4380-bc06-5ce9d103c981 17 6987 6990 -edge_19_0_+disjointig_14_0_104795 59165 66149 104795 -1 -1 6710 0.00447236
Chain
	Aln	36	-d05536dd-40cc-4380-bc06-5ce9d103c981 2 6972 6990 +edge_19_0_+disjointig_14_0_104795 38645 45629 104795 -1 -1 6710 0.00447236
Chain
	Aln	100	+71a04cf0-25f4-4b3c-bb1a-297b0b75799d 10 7330 7343 +edge_51_0_+disjointig_34_0_132203 22101 29441 132203 -1 -1 7156 0.00291614
Chain
	Aln	101	-71a04cf0-25f4-4b3c-bb1a-297b0b75799d 12 7332 7343 -edge_51_0_+disjointig_34_0_132203 102761 110101 132203 -1 -1 7156 0.00291614
Chain
	Aln	262	+86678a9a-4b41-44aa-b0b5-403953fe38d5 12187 23463 23480 +edge_132_0_+disjointig_79_0_16383 1 11396 16383 -1 -1 10196 0.00644151
Chain
	Aln	263	-86678a9a-4b41-44aa-b0b5-403953fe38d5 16 11292 23480 -edge_132_0_+disjointig_79_0_16383 4986 16381 16383 -1 -1 10196 0.00644151
Chain
	Aln	338	+53584d7b-7d8f-4e7e-929e-ee1526e5636a 10 3880 3882 +edge_170_0_+disjointig_42_29456_35877 1890 5760 6421 -1 -1 3810 0.0057598
Chain
	Aln	339	-53584d7b-7d8f-4e7e-929e-ee1526e5636a 1 3871 3882 -edge_170_0_+disjointig_42_29456_35877 660 4530 6421 -1 -1 3810 0.0057598
Chain
	Aln	285	+e6c1aba5-c68c-4bba-a07a-7b3713fbbb87 10 6269 6272 -edge_143_0_+disjointig_96_0_6528 268 6525 6528 -1 -1 6217 0
Chain
	Aln	284	-e6c1aba5-c68c-4bba-a07a-7b3713fbbb87 2 6261 6272 +edge_143_0_+disjointig_96_0_6528 2 6259 6528 -1 -1 6217 0
Chain
	Aln	194	+94756b90-5d0f-497f-bbdb-580215500f93 9 16336 16342 +edge_98_0_+disjointig_51_0_39741 1891 18222 39741 -1 -1 16143 0.00103283
Chain
	Aln	195	-94756b90-5d0f-497f-bbdb-580215500f93 5 16332 16342 -edge_98_0_+disjointig_51_0_39741 21518 37849 39741 -1 -1 16143 0.00103283
Chain
	Aln	139	+a20b554d-ff49-430e-8736-5da603399b5d 4 5378 5410 -edge_70_0_+disjointig_43_0_8017 2049 7423 8017 -1 -1 5374 0.000457188
Chain
	Aln	138	-a20b554d-ff49-430e-8736-5da603399b5d 31 5405 5410 +edge_70_0_+disjointig_43_0_8017 593 5967 8017 -1 -1 5374 0.000457188
Chain
	Aln	13	+f0df074c-9eda-4250-9ebe-18d44b3919e0 9 8063 8065 -edge_7_0_+disjointig_102_0_10563 2502 10561 10563 -1 -1 7918 0.00296724
Chain
	Aln	12	-f0df074c-9eda-4250-9ebe-18d44b3919e0 1 8055 8065 +edge_7_0_+disjointig_102_0_10563 1 8060 10563 -1 -1 7918 0.00296724
Chain
	Aln	92	+bcb59179-d609-48f5-9789-19e48822757b 22 16693 16697 +edge_47_0_+disjointig_30_0_164630 72258 88929 164630 -1 -1 16475 0.00104563
Chain
	Aln	93	-bcb59179-d609-48f5-9789-19e48822757b 3 16674 16697 -edge_47_0_+disjointig_30_0_164630 75700 92371 164630 -1 -1 16475 0.00104563
Chain
	Aln	292	+e5d87219-d85d-4f93-a4be-34f7b36a95e3 8 11021 11492 +edge_147_0_-disjointig_17_0_25571 14558 25568 25571 -1 -1 10889 0.00164736
Chain
	Aln	293	-e5d87219-d85d-4f93-a4be-34f7b36a95e3 470 11483 11492 -edge_147_0_-disjointig_17_0_25571 2 11012 25571 -1 -1 10889 0.00164736
Chain
	Aln	355	+bcbf58bf-0aeb-4dab-98fe-5e8a1a0e85a0 20 3210 3212 -edge_178_0_+disjointig_56_67458_85258 13072 16264 17800 -1 -1 3068 0.00580477
Chain
	Aln	354	-bcbf58bf-0aeb-4dab-98fe-5e8a1a0e85a0 1 3191 3212 +edge_178_0_+disjointig_56_67458_85258 1535 4727 17800 -1 -1 3068 0.00580477
Chain
	Aln	349	+f6446b6e-627c-4c6a-98c0-af71ccfa9bad 1 2267 2313 -edge_175_0_+disjointig_49_27612_70378 40499 42765 42766 -1 -1 2266 0.000625575
Chain
	Aln	348	-f6446b6e-627c-4c6a-98c0-af71ccfa9bad 45 2311 2313 +edge_175_0_+disjointig_49_27612_70378 0 2266 42766 -1 -1 2266 0.000625575
Chain
	Aln	323	+60981998-b115-4dd5-a66d-9e8329acb176 13 3028 4349 -edge_162_1_+disjointig_38_14800_26877 9063 12076 12077 -1 -1 2982 0.000141912
	Aln	323	+60981998-b115-4dd5-a66d-9e8329acb176 3040 4343 4349 -edge_162_0_+disjointig_38_2796_14800 11 1340 12004 -1 -1 1243 0.00872474
Chain
	Aln	322	-60981998-b115-4dd5-a66d-9e8329acb176 5 1308 4349 +edge_162_0_+disjointig_38_2796_14800 10663 11992 12004 -1 -1 1243 0.00872474
	Aln	322	-60981998-b115-4dd5-a66d-9e8329acb176 1320 4335 4349 +edge_162_1_+disjointig_38_14800_26877 0 3013 12077 -1 -1 2982 0.000141912
Chain
	Aln	354	+d183bf15-0636-4aa8-ac4a-967813c9c90d 16 4430 4433 +edge_178_0_+disjointig_56_67458_85258 321 4727 17800 -1 -1 4253 0.00436307
Chain
	Aln	355	-d183bf15-0636-4aa8-ac4a-967813c9c90d 2 4416 4433 -edge_178_0_+disjointig_56_67458_85258 13072 17478 17800 -1 -1 4253 0.00436307
Chain
	Aln	216	+535d62e7-9382-406b-b2a5-ba6394d4fc44 7 3202 3208 +edge_109_0_+disjointig_58_0_33005 28104 31296 33005 -1 -1 3176 0.000713713
Chain
	Aln	217	-535d62e7-9382-406b-b2a5-ba6394d4fc44 5 3200 3208 -edge_109_0_+disjointig_58_0_33005 1708 4900 33005 -1 -1 3176 0.000713713
Chain
	Aln	319	+06993f39-5379-4274-bd1d-3a4187c4b9e3 9 4130 4137 -edge_160_0_-disjointig_48_0_101253 43401 47517 101253 -1 -1 4006 0.00152081
Chain
	Aln	318	-06993f39-5379-4274-bd1d-3a4187c4b9e3 6 4127 4137 +edge_160_0_-disjointig_48_0_101253 53735 57851 101253 -1 -1 4006 0.00152081
Chain
	Aln	357	+aa120f1b-ced4-4bfc-90b2-8988311f4629 7 4413 4513 -edge_179_0_+disjointig_67_0_82889 20548 24961 82889 -1 -1 4365 0.00210044
Chain
	Aln	356	-aa120f1b-ced4-4bfc-90b2-8988311f4629 99 4505 4513 +edge_179_0_+disjointig_67_0_82889 57927 62340 82889 -1 -1 4365 0.00210044
Chain
	Aln	97	+ffd00bfc-4800-4035-ac9d-f3889f0fc8e2 5 4650 4943 -edge_49_0_+disjointig_32_0_79547 54344 58994 79547 -1 -1 4570 0.00337908
Chain
	Aln	96	-ffd00bfc-4800-4035-ac9d-f3889f0fc8e2 292 4937 4943 +edge_49_0_+disjointig_32_0_79547 20552 25202 79547 -1 -1 4570 0.00337908
Chain
	Aln	100	+05ef48a2-6b85-4bea-aa76-54107e01c7a5 10 12274 12348 +edge_51_0_+disjointig_34_0_132203 78135 90478 132203 -1 -1 11992 0.00251142
Chain
	Aln	101	-05ef48a2-6b85-4bea-aa76-54107e01c7a5 73 12337 12348 -edge_51_0_+disjointig_34_0_132203 41724 54067 132203 -1 -1 11992 0.00251142
Chain
	Aln	340	+d873a742-1094-48c7-89a3-1ee14ba6a8c2 15 17641 17650 +edge_171_0_+disjointig_44_0_83253 37298 54932 83253 -1 -1 17138 0.00325134
Chain
	Aln	341	-d873a742-1094-48c7-89a3-1ee14ba6a8c2 8 17634 17650 -edge_171_0_+disjointig_44_0_83253 28320 45954 83253 -1 -1 17138 0.00325134
Chain
	Aln	38	+a768a989-f6d5-4eb4-b257-d7faf3066f52 20 8037 8039 +edge_20_0_+disjointig_15_0_99894 43842 51864 99894 -1 -1 7985 0.00111114
Chain
	Aln	39	-a768a989-f6d5-4eb4-b257-d7faf3066f52 1 8018 8039 -edge_20_0_+disjointig_15_0_99894 48029 56051 99894 -1 -1 7985 0.00111114
Chain
	Aln	303	+1540a776-c097-4d36-99f5-47b9b44bc96e 8 6774 6782 -edge_152_0_-disjointig_60_6186_67457 10829 17599 61271 -1 -1 6732 0.00179676
Chain
	Aln	302	-1540a776-c097-4d36-99f5-47b9b44bc96e 7 6773 6782 +edge_152_0_-disjointig_60_6186_67457 43671 50441 61271 -1 -1 6732 0.00179676
Chain
	Aln	218	+1d643d19-02fc-4f32-9796-bb988e3dd0f4 7 6870 6907 +edge_110_0_+disjointig_59_0_17897 8013 14885 17897 -1 -1 6756 0.00160064
Chain
	Aln	219	-1d643d19-02fc-4f32-9796-bb988e3dd0f4 36 6899 6907 -edge_110_0_+disjointig_59_0_17897 3011 9883 17897 -1 -1 6756 0.00160064
Chain
	Aln	307	+64a00c54-f5a0-4c04-a870-f1f222be6437 12 6769 14319 -edge_154_0_+disjointig_18_11964_26268 7567 14303 14304 -1 -1 6394 0.00513892
	Aln	307	+64a00c54-f5a0-4c04-a870-f1f222be6437 6780 14314 14319 -edge_154_0_+disjointig_18_11964_26268 10 7535 14304 -1 -1 7461 0.00190854
Chain
	Aln	306	-64a00c54-f5a0-4c04-a870-f1f222be6437 4 7538 14319 +edge_154_0_+disjointig_18_11964_26268 6768 14293 14304 -1 -1 7461 0.00190854
	Aln	306	-64a00c54-f5a0-4c04-a870-f1f222be6437 7549 14306 14319 +edge_154_0_+disjointig_18_11964_26268 0 6736 14304 -1 -1 6394 0.00513892
Chain
	Aln	95	+63c7b5cb-238d-4f2b-b41c-bc2a1815c8e0 10 6608 6610 -edge_48_0_+disjointig_31_0_16188 9585 16186 16188 -1 -1 6509 0.00135527
Chain
	Aln	94	-63c7b5cb-238d-4f2b-b41c-bc2a1815c8e0 1 6599 6610 +edge_48_0_+disjointig_31_0_16188 1 6602 16188 -1 -1 6509 0.00135527
Chain
	Aln	349	+b5feecbd-37a1-4525-8bef-68e2123c40c1 12 3659 3674 -edge_175_1_+disjointig_49_70378_113247 22025 25716 42869 -1 -1 3438 0.00581179
Chain
	Aln	348	-b5feecbd-37a1-4525-8bef-68e2123c40c1 14 3661 3674 +edge_175_1_+disjointig_49_70378_113247 17152 20843 42869 -1 -1 3438 0.00581179
Chain
	Aln	312	+8bc17c89-97f4-452a-a22a-1581fa69a333 15 6305 6307 +edge_157_0_+disjointig_26_0_75776 66813 73103 75776 -1 -1 6236 0.00150461
Chain
	Aln	313	-8bc17c89-97f4-452a-a22a-1581fa69a333 1 6291 6307 -edge_157_0_+disjointig_26_0_75776 2672 8962 75776 -1 -1 6236 0.00150461
Chain
	Aln	54	+83ca9e14-b5db-42aa-b9b5-842eb770e974 12 8241 8250 +edge_28_0_+disjointig_22_0_197748 113050 121276 197748 -1 -1 7978 0.0032305
Chain
	Aln	55	-83ca9e14-b5db-42aa-b9b5-842eb770e974 8 8237 8250 -edge_28_0_+disjointig_22_0_197748 76471 84697 197748 -1 -1 7978 0.0032305
Chain
	Aln	357	+2e6aa4bc-1de3-46e9-a3d8-fcd7980be269 17 20525 20532 -edge_179_0_+disjointig_67_0_82889 13 20522 82889 -1 -1 20243 0.00132686
Chain
	Aln	356	-2e6aa4bc-1de3-46e9-a3d8-fcd7980be269 6 20514 20532 +edge_179_0_+disjointig_67_0_82889 62366 82875 82889 -1 -1 20243 0.00132686
Chain
	Aln	340	+0fa6a6bc-9223-451b-84ee-14912e70b4de 10 9203 9210 +edge_171_0_+disjointig_44_0_83253 29883 39075 83253 -1 -1 8752 0.00549462
Chain
	Aln	341	-0fa6a6bc-9223-451b-84ee-14912e70b4de 6 9199 9210 -edge_171_0_+disjointig_44_0_83253 44177 53369 83253 -1 -1 8752 0.00549462
Chain
	Aln	54	+9dac85d5-561d-4f87-bafe-3d9fb15f089e 23 9168 9175 +edge_28_0_+disjointig_22_0_197748 176223 185362 197748 -1 -1 8846 0.0022062
Chain
	Aln	55	-9dac85d5-561d-4f87-bafe-3d9fb15f089e 6 9151 9175 -edge_28_0_+disjointig_22_0_197748 12385 21524 197748 -1 -1 8846 0.0022062
Chain
	Aln	100	+c761595e-7295-41e0-9f0c-05e2c3742526 26 11662 11664 +edge_51_0_+disjointig_34_0_132203 93254 104896 132203 -1 -1 11541 0.00153384
Chain
	Aln	101	-c761595e-7295-41e0-9f0c-05e2c3742526 1 11637 11664 -edge_51_0_+disjointig_34_0_132203 27306 38948 132203 -1 -1 11541 0.00153384
Chain
	Aln	52	+5fc3706d-cd8f-4b52-9af3-962024a173b7 5 2302 2311 +edge_27_0_+disjointig_21_0_54132 20846 23152 54132 -1 -1 2265 0.00122288
Chain
	Aln	53	-5fc3706d-cd8f-4b52-9af3-962024a173b7 8 2305 2311 -edge_27_0_+disjointig_21_0_54132 30979 33285 54132 -1 -1 2265 0.00122288
Chain
	Aln	335	+d2e79d97-1f55-4643-ab07-6ffaf80b0522 20 2037 2039 -edge_168_0_+disjointig_41_22847_84173 22172 24195 61326 -1 -1 1921 0.00215978
Chain
	Aln	334	-d2e79d97-1f55-4643-ab07-6ffaf80b0522 1 2018 2039 +edge_168_0_+disjointig_41_22847_84173 37130 39153 61326 -1 -1 1921 0.00215978
Chain
	Aln	93	+5e54abf4-a0d2-458a-a7d6-ec156d1bb7bc 13 4957 4964 -edge_47_0_+disjointig_30_0_164630 73266 78212 164630 -1 -1 4885 0.00138259
Chain
	Aln	92	-5e54abf4-a0d2-458a-a7d6-ec156d1bb7bc 6 4950 4964 +edge_47_0_+disjointig_30_0_164630 86417 91363 164630 -1 -1 4885 0.00138259
Chain
	Aln	51	+db0e1db5-7147-4be5-bb2b-167983da2c71 3 26338 27042 -edge_26_0_+disjointig_20_0_104137 70582 96935 104137 -1 -1 25203 0.00513512
Chain
	Aln	50	-db0e1db5-7147-4be5-bb2b-167983da2c71 703 27038 27042 +edge_26_0_+disjointig_20_0_104137 7201 33554 104137 -1 -1 25203 0.00513512
Chain
	Aln	15	+0a9dc8eb-5698-430c-bfd0-9d5b29f71a4c 10 3651 3656 -edge_8_0_+disjointig_103_0_17954 2936 6577 17954 -1 -1 3632 0
Chain
	Aln	14	-0a9dc8eb-5698-430c-bfd0-9d5b29f71a4c 4 3645 3656 +edge_8_0_+disjointig_103_0_17954 11376 15017 17954 -1 -1 3632 0
Chain
	Aln	349	+669851c6-7651-4a2c-a4a4-812a4b5b7e24 15 3094 22049 -edge_175_0_+disjointig_49_27612_70378 39686 42765 42766 -1 -1 3079 0.00126987
	Aln	349	+669851c6-7651-4a2c-a4a4-812a4b5b7e24 3107 22033 22049 -edge_175_0_+disjointig_49_27612_70378 12 18940 42766 -1 -1 18568 0.00283579
Chain
	Aln	348	-669851c6-7651-4a2c-a4a4-812a4b5b7e24 15 18941 22049 +edge_175_0_+disjointig_49_27612_70378 23825 42753 42766 -1 -1 18568 0.00283579
	Aln	348	-669851c6-7651-4a2c-a4a4-812a4b5b7e24 18954 22033 22049 +edge_175_0_+disjointig_49_27612_70378 0 3079 42766 -1 -1 3079 0.00126987
Chain
	Aln	101	+f2066b17-f029-4335-841b-b6dd8c375d90 4 2178 2184 -edge_51_0_+disjointig_34_0_132203 108805 110979 132203 -1 -1 2042 0.00756916
Chain
	Aln	100	-f2066b17-f029-4335-841b-b6dd8c375d90 5 2179 2184 +edge_51_0_+disjointig_34_0_132203 21223 23397 132203 -1 -1 2042 0.00756916
Chain
	Aln	220	+a5c447cf-484c-4b44-bfde-716f97c9bbda 14 34749 34759 +edge_111_0_+disjointig_6_0_62673 28031 62664 62673 -1 -1 34054 0.00242358
Chain
	Aln	221	-a5c447cf-484c-4b44-bfde-716f97c9bbda 9 34744 34759 -edge_111_0_+disjointig_6_0_62673 8 34641 62673 -1 -1 34054 0.00242358
Chain
	Aln	348	+d61da86c-1e14-4015-b51a-22d2b2a2837a 1 18749 21009 +edge_175_1_+disjointig_49_70378_113247 24097 42859 42869 -1 -1 18622 0.00185809
	Aln	348	+d61da86c-1e14-4015-b51a-22d2b2a2837a 18766 21006 21009 +edge_175_0_+disjointig_49_27612_70378 7 2245 42766 -1 -1 2191 0.0049207
Chain
	Aln	349	-d61da86c-1e14-4015-b51a-22d2b2a2837a 2 2242 21009 -edge_175_0_+disjointig_49_27612_70378 40520 42758 42766 -1 -1 2191 0.0049207
	Aln	349	-d61da86c-1e14-4015-b51a-22d2b2a2837a 2259 21007 21009 -edge_175_1_+disjointig_49_70378_113247 9 18771 42869 -1 -1 18622 0.00185809
Chain
	Aln	312	+bbcc04b4-98eb-46ad-a216-de3ccba38b8c 8 5062 5068 +edge_157_0_+disjointig_26_0_75776 33513 38564 75776 -1 -1 5012 0.000415815
Chain
	Aln	313	-bbcc04b4-98eb-46ad-a216-de3ccba38b8c 5 5059 5068 -edge_157_0_+disjointig_26_0_75776 37211 42262 75776 -1 -1 5012 0.000415815
Chain
	Aln	157	+92611609-feb4-4420-815c-280fb6b67a7a 23 26183 26199 -edge_79_0_+disjointig_44_99890_232551 8037 34246 132661 -1 -1 25094 0.00454506
Chain
	Aln	156	-92611609-feb4-4420-815c-280fb6b67a7a 15 26175 26199 +edge_79_0_+disjointig_44_99890_232551 98414 124623 132661 -1 -1 25094 0.00454506
Chain
	Aln	102	+602e629f-5f6c-47c0-b871-44a673a4559b 16 12823 12833 +edge_52_0_+disjointig_35_0_49615 18914 31726 49615 -1 -1 12600 0.00142817
Chain
	Aln	103	-602e629f-5f6c-47c0-b871-44a673a4559b 9 12816 12833 -edge_52_0_+disjointig_35_0_49615 17888 30700 49615 -1 -1 12600 0.00142817
Chain
	Aln	340	+6eeadc94-2771-4ab0-b65e-87bd65764058 6 4046 4048 +edge_171_0_+disjointig_44_0_83253 17643 21674 83253 -1 -1 3817 0.00602417
Chain
	Aln	341	-6eeadc94-2771-4ab0-b65e-87bd65764058 1 4041 4048 -edge_171_0_+disjointig_44_0_83253 61578 65609 83253 -1 -1 3817 0.00602417
Chain
	Aln	100	+99d7117c-c3ff-4633-b8c7-1b4e5995a546 13 6419 6427 +edge_51_0_+disjointig_34_0_132203 39947 46347 132203 -1 -1 6290 0.000655859
Chain
	Aln	101	-99d7117c-c3ff-4633-b8c7-1b4e5995a546 7 6413 6427 -edge_51_0_+disjointig_34_0_132203 85855 92255 132203 -1 -1 6290 0.000655859
Chain
	Aln	96	+66baf7a2-d295-4d7a-bc72-bdf72d9ac68f 7 2136 2138 +edge_49_0_+disjointig_32_0_79547 27206 29335 79547 -1 -1 2061 0.00433892
Chain
	Aln	97	-66baf7a2-d295-4d7a-bc72-bdf72d9ac68f 1 2130 2138 -edge_49_0_+disjointig_32_0_79547 50211 52340 79547 -1 -1 2061 0.00433892
Chain
	Aln	335	+9819a35b-e663-4043-91fb-91e24f4c913b 12 4946 5792 -edge_168_0_+disjointig_41_22847_84173 56374 61308 61326 -1 -1 4722 0.00512109
	Aln	333	+9819a35b-e663-4043-91fb-91e24f4c913b 4998 5786 5792 -edge_167_0_-disjointig_64_0_49685 39 825 49685 -1 -1 766 0.00340587
Chain
	Aln	332	-9819a35b-e663-4043-91fb-91e24f4c913b 5 793 5792 +edge_167_0_-disjointig_64_0_49685 48859 49645 49685 -1 -1 766 0.00340587
	Aln	334	-9819a35b-e663-4043-91fb-91e24f4c913b 845 5779 5792 +edge_168_0_+disjointig_41_22847_84173 17 4951 61326 -1 -1 4722 0.00512109
Chain
	Aln	313	+31d60e7e-3fe3-4623-bd66-5b477a861657 9 2299 2308 -edge_157_0_+disjointig_26_0_75776 13275 15565 75776 -1 -1 2254 0.000527068
Chain
	Aln	312	-31d60e7e-3fe3-4623-bd66-5b477a861657 8 2298 2308 +edge_157_0_+disjointig_26_0_75776 60210 62500 75776 -1 -1 2254 0.000527068
Chain
	Aln	16	+d1b38be1-b328-4e23-8d71-8c4836c72011 12 2112 2118 +edge_9_0_+disjointig_104_0_2707 355 2455 2707 -1 -1 2083 0.00207566
Chain
	Aln	17	-d1b38be1-b328-4e23-8d71-8c4836c72011 5 2105 2118 -edge_9_0_+disjointig_104_0_2707 251 2351 2707 -1 -1 2083 0.00207566
Chain
	Aln	53	+fedb859b-c5b7-49e1-90d6-04ec473c63fd 6 8312 8328 -edge_27_0_+disjointig_21_0_54132 9729 18036 54132 -1 -1 8077 0.00210407
Chain
	Aln	52	-fedb859b-c5b7-49e1-90d6-04ec473c63fd 15 8321 8328 +edge_27_0_+disjointig_21_0_54132 36095 44402 54132 -1 -1 8077 0.00210407
Chain
	Aln	265	+329f8a1a-dfb5-4ec4-9dc9-245cb757bf13 13 21808 21810 -edge_133_0_+disjointig_8_0_56180 12 22091 56180 -1 -1 19273 0.00940195
Chain
	Aln	264	-329f8a1a-dfb5-4ec4-9dc9-245cb757bf13 1 21796 21810 +edge_133_0_+disjointig_8_0_56180 34088 56167 56180 -1 -1 19273 0.00940195
Chain
	Aln	320	+c2371710-3e31-4b6f-8858-8f07a4a6210c 238 16964 16971 +edge_161_0_+disjointig_28_6173_22910 6 16731 16737 -1 -1 16404 0.00270177
Chain
	Aln	321	-c2371710-3e31-4b6f-8858-8f07a4a6210c 6 16732 16971 -edge_161_0_+disjointig_28_6173_22910 5 16730 16737 -1 -1 16404 0.00270177
Chain
	Aln	206	+6818d7e8-1b32-42ad-8ebe-c0c0edff4dba 1 7077 7081 +edge_104_0_+disjointig_56_0_67458 1 7077 67458 -1 -1 7041 0
Chain
	Aln	207	-6818d7e8-1b32-42ad-8ebe-c0c0edff4dba 3 7079 7081 -edge_104_0_+disjointig_56_0_67458 60380 67456 67458 -1 -1 7041 0
Chain
	Aln	301	+6a21d78d-861d-4096-bc24-1c5b46ca6962 5 4641 4648 -edge_151_0_+disjointig_19_0_25278 16518 21155 25278 -1 -1 4556 0.0029199
Chain
	Aln	300	-6a21d78d-861d-4096-bc24-1c5b46ca6962 6 4642 4648 +edge_151_0_+disjointig_19_0_25278 4122 8759 25278 -1 -1 4556 0.0029199
Chain
	Aln	323	+7203977e-4abb-4581-8f9e-f691d70f21c5 6 6205 12053 -edge_162_1_+disjointig_38_14800_26877 5850 12076 12077 -1 -1 5959 0.00449892
	Aln	323	+7203977e-4abb-4581-8f9e-f691d70f21c5 6216 12045 12053 -edge_162_0_+disjointig_38_2796_14800 11 5816 12004 -1 -1 5402 0.00721539
Chain
	Aln	322	-7203977e-4abb-4581-8f9e-f691d70f21c5 7 5836 12053 +edge_162_0_+disjointig_38_2796_14800 6187 11992 12004 -1 -1 5402 0.00721539
	Aln	322	-7203977e-4abb-4581-8f9e-f691d70f21c5 5847 12046 12053 +edge_162_1_+disjointig_38_14800_26877 0 6226 12077 -1 -1 5959 0.00449892
Chain
	Aln	308	+09c7934d-c30c-4448-ad82-dbe676fc9f0b 41 4900 4911 +edge_155_0_+disjointig_92_0_28863 17087 21935 28863 -1 -1 4706 0.00252516
Chain
	Aln	309	-09c7934d-c30c-4448-ad82-dbe676fc9f0b 10 4869 4911 -edge_155_0_+disjointig_92_0_28863 6927 11775 28863 -1 -1 4706 0.00252516
Chain
	Aln	281	+3d46acc2-c3a9-4b74-815c-76e9b33ba2cb 11 2250 2252 -edge_141_0_+disjointig_94_0_2253 10 2251 2253 -1 -1 2194 0.00128835
Chain
	Aln	280	-3d46acc2-c3a9-4b74-815c-76e9b33ba2cb 1 2240 2252 +edge_141_0_+disjointig_94_0_2253 1 2242 2253 -1 -1 2194 0.00128835
Chain
	Aln	286	+c85e936d-fe31-4f1b-a8bc-f9095e1a3501 876 3920 4979 +edge_144_0_+disjointig_97_0_3050 1 3044 3050 -1 -1 3009 0.000275638
Chain
	Aln	287	-c85e936d-fe31-4f1b-a8bc-f9095e1a3501 1058 4102 4979 -edge_144_0_+disjointig_97_0_3050 5 3048 3050 -1 -1 3009 0.000275638
Chain
	Aln	35	+d34f3a40-cb56-4826-b439-aac735e82adc 10 10648 10651 -edge_18_0_+disjointig_13_0_57208 31995 42634 57208 -1 -1 10569 0.00161548
Chain
	Aln	34	-d34f3a40-cb56-4826-b439-aac735e82adc 2 10640 10651 +edge_18_0_+disjointig_13_0_57208 14573 25212 57208 -1 -1 10569 0.00161548
Chain
	Aln	345	+1c418bc9-d112-443a-ab22-4fc5edfe220a 7 5412 5419 -edge_173_0_-disjointig_53_5113_59202 3893 9298 54089 -1 -1 5401 0.000432051
Chain
	Aln	344	-1c418bc9-d112-443a-ab22-4fc5edfe220a 6 5411 5419 +edge_173_0_-disjointig_53_5113_59202 44790 50195 54089 -1 -1 5401 0.000432051
Chain
	Aln	298	+a3989afd-5b17-4c2c-a22a-685fe2d669c5 11 22506 22589 +edge_150_0_+disjointig_11_11851_75629 14146 36641 63778 -1 -1 21214 0.00562753
Chain
	Aln	299	-a3989afd-5b17-4c2c-a22a-685fe2d669c5 82 22577 22589 -edge_150_0_+disjointig_11_11851_75629 27136 49631 63778 -1 -1 21214 0.00562753
Chain
	Aln	183	+df662861-6b49-4416-948e-f33f14fd2bb1 13 4819 4825 -edge_92_0_+disjointig_45_0_7802 2491 7363 7802 -1 -1 4597 0.00409135
Chain
	Aln	182	-df662861-6b49-4416-948e-f33f14fd2bb1 5 4811 4825 +edge_92_0_+disjointig_45_0_7802 438 5310 7802 -1 -1 4597 0.00409135
Chain
	Aln	307	+2c6180b4-3f9f-475b-81c0-98cc8d6fa843 8 6960 9531 -edge_154_0_+disjointig_18_11964_26268 7229 14295 14304 -1 -1 4059 0.0489628
	Aln	307	+2c6180b4-3f9f-475b-81c0-98cc8d6fa843 7006 9498 9531 -edge_154_0_+disjointig_18_11964_26268 33 2556 14304 -1 -1 1407 0.0542867
Chain
	Aln	306	-2c6180b4-3f9f-475b-81c0-98cc8d6fa843 32 2524 9531 +edge_154_0_+disjointig_18_11964_26268 11747 14270 14304 -1 -1 1407 0.0542867
	Aln	306	-2c6180b4-3f9f-475b-81c0-98cc8d6fa843 2570 9522 9531 +edge_154_0_+disjointig_18_11964_26268 8 7074 14304 -1 -1 4059 0.0489628
Chain
	Aln	165	+4a907a7e-ca28-48b3-8e7e-99074ab2690a 3 3720 6058 -edge_83_0_-disjointig_71_8379_80660 68562 72280 72281 -1 -1 3709 0
	Aln	151	+4a907a7e-ca28-48b3-8e7e-99074ab2690a 3726 5471 6058 -edge_76_5_-disjointig_71_6613_8379 5 1750 1766 -1 -1 1739 0.00242109
	Aln	145	+4a907a7e-ca28-48b3-8e7e-99074ab2690a 5497 6056 6058 -edge_73_3_+disjointig_44_234803_235801 14 573 998 -1 -1 555 0
Chain
	Aln	144	-4a907a7e-ca28-48b3-8e7e-99074ab2690a 1 560 6058 +edge_73_3_+disjointig_44_234803_235801 424 983 998 -1 -1 555 0
	Aln	150	-4a907a7e-ca28-48b3-8e7e-99074ab2690a 586 2331 6058 +edge_76_5_-disjointig_71_6613_8379 15 1760 1766 -1 -1 1739 0.00242109
	Aln	164	-4a907a7e-ca28-48b3-8e7e-99074ab2690a 2337 6054 6058 +edge_83_0_-disjointig_71_8379_80660 0 3718 72281 -1 -1 3709 0
Chain
	Aln	271	+4baa8040-6d60-40db-b305-3e14b6fc3e12 13 4700 4709 -edge_136_0_+disjointig_86_0_11674 5594 10278 11674 -1 -1 4619 0.00152967
Chain
	Aln	270	-4baa8040-6d60-40db-b305-3e14b6fc3e12 8 4695 4709 +edge_136_0_+disjointig_86_0_11674 1395 6079 11674 -1 -1 4619 0.00152967
Chain
	Aln	304	+32fc7b48-de63-4bdc-87db-b963749d58d8 11 9140 9143 +edge_153_0_+disjointig_12_8982_46009 7415 16546 37027 -1 -1 8830 0.00421312
Chain
	Aln	305	-32fc7b48-de63-4bdc-87db-b963749d58d8 2 9131 9143 -edge_153_0_+disjointig_12_8982_46009 20480 29611 37027 -1 -1 8830 0.00421312
Chain
	Aln	211	+937b7fb7-f669-4b34-b425-0f6f058fc8d8 10 2997 3000 -edge_106_0_+disjointig_77_4957_29687 16781 19773 24730 -1 -1 2953 0.00405076
Chain
	Aln	210	-937b7fb7-f669-4b34-b425-0f6f058fc8d8 2 2989 3000 +edge_106_0_+disjointig_77_4957_29687 4956 7948 24730 -1 -1 2953 0.00405076
Chain
	Aln	238	+f2b00bb6-efdb-4892-9a69-976b8c050ea9 25 11170 11174 +edge_120_0_-disjointig_87_6236_62149 36579 47734 55913 -1 -1 11046 0.00114363
Chain
	Aln	239	-f2b00bb6-efdb-4892-9a69-976b8c050ea9 3 11148 11174 -edge_120_0_-disjointig_87_6236_62149 8178 19333 55913 -1 -1 11046 0.00114363
Chain
	Aln	165	+29d9fd42-94f2-4569-8c04-525a8910e0fd 3 4952 6133 -edge_83_0_-disjointig_71_8379_80660 12365 17219 72281 -1 -1 4692 0.00169129
Chain
	Aln	164	-29d9fd42-94f2-4569-8c04-525a8910e0fd 1180 6129 6133 +edge_83_0_-disjointig_71_8379_80660 55061 59915 72281 -1 -1 4692 0.00169129
Chain
	Aln	186	+bdca56a1-25f0-4309-86e9-d83ce0811fad 14 20170 20174 +edge_94_0_+disjointig_47_0_105696 3763 23919 105696 -1 -1 19767 0.00209396
Chain
	Aln	187	-bdca56a1-25f0-4309-86e9-d83ce0811fad 3 20159 20174 -edge_94_0_+disjointig_47_0_105696 81776 101932 105696 -1 -1 19767 0.00209396
Chain
	Aln	321	+fbe93736-15fb-43f8-9566-8cc93de6aca8 7 2790 2796 -edge_161_0_+disjointig_28_6173_22910 2275 5056 16737 -1 -1 2735 0.00203799
Chain
	Aln	320	-fbe93736-15fb-43f8-9566-8cc93de6aca8 5 2788 2796 +edge_161_0_+disjointig_28_6173_22910 11680 14461 16737 -1 -1 2735 0.00203799
Chain
	Aln	222	+b4963e03-36c1-4c08-a651-4d58fa5dd00c 14 2559 2567 +edge_112_0_+disjointig_62_0_57746 26361 28906 57746 -1 -1 2545 0
Chain
	Aln	223	-b4963e03-36c1-4c08-a651-4d58fa5dd00c 7 2552 2567 -edge_112_0_+disjointig_62_0_57746 28839 31384 57746 -1 -1 2545 0
Chain
	Aln	1	+fed59abe-7020-4045-b212-4c93913a2ae1 17 5487 5493 -edge_1_0_+disjointig_1_0_20132 6605 12084 20132 -1 -1 5285 0.00445936
Chain
	Aln	0	-fed59abe-7020-4045-b212-4c93913a2ae1 5 5475 5493 +edge_1_0_+disjointig_1_0_20132 8047 13526 20132 -1 -1 5285 0.00445936
Chain
	Aln	276	+abdb8e4b-d8fb-4c6a-9330-77a99113905f 13 11715 11723 +edge_139_0_+disjointig_90_0_45227 33519 45220 45227 -1 -1 11387 0.00264164
Chain
	Aln	277	-abdb8e4b-d8fb-4c6a-9330-77a99113905f 7 11709 11723 -edge_139_0_+disjointig_90_0_45227 6 11707 45227 -1 -1 11387 0.00264164
Chain
	Aln	97	+5b3037c2-14c3-4085-9e65-590bce9848f1 8 18903 18939 -edge_49_0_+disjointig_32_0_79547 2332 21238 79547 -1 -1 18656 0.000829258
Chain
	Aln	96	-5b3037c2-14c3-4085-9e65-590bce9848f1 35 18930 18939 +edge_49_0_+disjointig_32_0_79547 58308 77214 79547 -1 -1 18656 0.000829258
Chain
	Aln	92	+dbf5d677-a1e0-4612-b2a1-1a0a8df27fbc 2 12951 12960 +edge_47_0_+disjointig_30_0_164630 2 12978 164630 -1 -1 12190 0.00567291
Chain
	Aln	93	-dbf5d677-a1e0-4612-b2a1-1a0a8df27fbc 8 12957 12960 -edge_47_0_+disjointig_30_0_164630 151651 164627 164630 -1 -1 12190 0.00567291
Chain
	Aln	322	+7286d160-9edb-45d7-9048-2cf3ba8176bb 4 2656 2662 +edge_162_0_+disjointig_38_2796_14800 6456 9104 12004 -1 -1 2631 0.000790056
Chain
	Aln	323	-7286d160-9edb-45d7-9048-2cf3ba8176bb 5 2657 2662 -edge_162_0_+disjointig_38_2796_14800 2899 5547 12004 -1 -1 2631 0.000790056
Chain
	Aln	186	+e71d8804-e7e0-46da-9f7c-13ec6f0c01df 6 4871 4877 +edge_94_0_+disjointig_47_0_105696 1250 6110 105696 -1 -1 4829 0.00176827
Chain
	Aln	187	-e71d8804-e7e0-46da-9f7c-13ec6f0c01df 5 4870 4877 -edge_94_0_+disjointig_47_0_105696 99585 104445 105696 -1 -1 4829 0.00176827
Chain
	Aln	52	+f09ad3aa-39c4-4742-baaa-b5b59b913bd8 6 2559 2561 +edge_27_0_+disjointig_21_0_54132 50366 52922 54132 -1 -1 2461 0.00272386
Chain
	Aln	53	-f09ad3aa-39c4-4742-baaa-b5b59b913bd8 1 2554 2561 -edge_27_0_+disjointig_21_0_54132 1209 3765 54132 -1 -1 2461 0.00272386
Chain
	Aln	50	+1a7316b0-8309-4f12-8994-3315ff4f58c5 5 24543 24553 +edge_26_0_+disjointig_20_0_104137 56779 81434 104137 -1 -1 22939 0.00628688
Chain
	Aln	51	-1a7316b0-8309-4f12-8994-3315ff4f58c5 9 24547 24553 -edge_26_0_+disjointig_20_0_104137 22702 47357 104137 -1 -1 22939 0.00628688
Chain
	Aln	319	+fdfeecc9-a274-40e0-9ac8-dea25d51b869 8 5415 5417 -edge_160_0_-disjointig_48_0_101253 9814 15230 101253 -1 -1 5343 0.00226745
Chain
	Aln	318	-fdfeecc9-a274-40e0-9ac8-dea25d51b869 1 5408 5417 +edge_160_0_-disjointig_48_0_101253 86022 91438 101253 -1 -1 5343 0.00226745
Chain
	Aln	265	+17ddf613-83f6-428a-92a3-443ca4c50cba 86 15953 15975 -edge_133_0_+disjointig_8_0_56180 4619 20535 56180 -1 -1 13392 0.018322
Chain
	Aln	264	-17ddf613-83f6-428a-92a3-443ca4c50cba 21 15888 15975 +edge_133_0_+disjointig_8_0_56180 35644 51560 56180 -1 -1 13392 0.018322
Chain
	Aln	233	+f22540c2-313f-41af-a23b-2654eee0cf74 8 10969 10992 -edge_117_0_+disjointig_69_0_75545 56961 67913 75545 -1 -1 10408 0.00489163
Chain
	Aln	232	-f22540c2-313f-41af-a23b-2654eee0cf74 22 10983 10992 +edge_117_0_+disjointig_69_0_75545 7631 18583 75545 -1 -1 10408 0.00489163
Chain
	Aln	38	+c2506156-1346-4c61-b5a5-cdd3b2eefc96 14 11221 11224 +edge_20_0_+disjointig_15_0_99894 68024 79228 99894 -1 -1 11143 0.000244215
Chain
	Aln	39	-c2506156-1346-4c61-b5a5-cdd3b2eefc96 2 11209 11224 -edge_20_0_+disjointig_15_0_99894 20665 31869 99894 -1 -1 11143 0.000244215
Chain
	Aln	164	+1266b0b1-a95e-48a6-a220-c4a4f24a4e3c 40 11027 11585 +edge_83_0_-disjointig_71_8379_80660 30949 41909 72281 -1 -1 10778 0.00117641
Chain
	Aln	165	-1266b0b1-a95e-48a6-a220-c4a4f24a4e3c 557 11544 11585 -edge_83_0_-disjointig_71_8379_80660 30371 41331 72281 -1 -1 10778 0.00117641
Chain
	Aln	323	+7e95c759-25ed-439a-9924-1f818d23aa1a 5 2226 2234 -edge_162_0_+disjointig_38_2796_14800 3004 5226 12004 -1 -1 2159 0.00289393
Chain
	Aln	322	-7e95c759-25ed-439a-9924-1f818d23aa1a 7 2228 2234 +edge_162_0_+disjointig_38_2796_14800 6777 8999 12004 -1 -1 2159 0.00289393
Chain
	Aln	96	+2f7f828f-918c-4d91-abef-f1d7ea369a21 33 2123 2130 +edge_49_0_+disjointig_32_0_79547 36982 39067 79547 -1 -1 2053 0.00179488
Chain
	Aln	97	-2f7f828f-918c-4d91-abef-f1d7ea369a21 6 2096 2130 -edge_49_0_+disjointig_32_0_79547 40479 42564 79547 -1 -1 2053 0.00179488
Chain
	Aln	101	+354e9969-7c92-4f2d-b302-4ff8c1d9ac82 10 5237 5246 -edge_51_0_+disjointig_34_0_132203 78506 83734 132203 -1 -1 5183 0.00125598
Chain
	Aln	100	-354e9969-7c92-4f2d-b302-4ff8c1d9ac82 8 5235 5246 +edge_51_0_+disjointig_34_0_132203 48468 53696 132203 -1 -1 5183 0.00125598
Chain
	Aln	307	+b7a2b5ae-e0e7-4afb-b5ef-d492ec43e742 4 5358 5361 -edge_154_0_+disjointig_18_11964_26268 1133 6491 14304 -1 -1 5090 0.00509155
Chain
	Aln	306	-b7a2b5ae-e0e7-4afb-b5ef-d492ec43e742 2 5356 5361 +edge_154_0_+disjointig_18_11964_26268 7812 13170 14304 -1 -1 5090 0.00509155
Chain
	Aln	265	+1f3c3f08-a785-4bf4-b0c7-750821a78fbf 10 5289 5292 -edge_133_0_+disjointig_8_0_56180 15111 20364 56180 -1 -1 5116 0.00217158
Chain
	Aln	264	-1f3c3f08-a785-4bf4-b0c7-750821a78fbf 2 5281 5292 +edge_133_0_+disjointig_8_0_56180 35815 41068 56180 -1 -1 5116 0.00217158
Chain
	Aln	264	+c2eb0fde-357b-442b-8c28-4e5cfd233694 2 5256 5266 +edge_133_0_+disjointig_8_0_56180 35793 41051 56180 -1 -1 5196 0.00171935
Chain
	Aln	265	-c2eb0fde-357b-442b-8c28-4e5cfd233694 9 5263 5266 -edge_133_0_+disjointig_8_0_56180 15128 20386 56180 -1 -1 5196 0.00171935
Chain
	Aln	291	+9c0ddf3a-ac64-4dac-a09a-ae618624432c 9 5623 5632 -edge_146_0_+disjointig_99_0_11190 8 5631 11190 -1 -1 5476 0.00281841
Chain
	Aln	290	-9c0ddf3a-ac64-4dac-a09a-ae618624432c 8 5622 5632 +edge_146_0_+disjointig_99_0_11190 5558 11181 11190 -1 -1 5476 0.00281841
Chain
	Aln	207	+b27363f6-6a02-4f08-a1ec-cdd0f3fb6bf8 13 3964 3969 -edge_104_0_+disjointig_56_0_67458 41586 45542 67458 -1 -1 3882 0.00355718
Chain
	Aln	206	-b27363f6-6a02-4f08-a1ec-cdd0f3fb6bf8 4 3955 3969 +edge_104_0_+disjointig_56_0_67458 21915 25871 67458 -1 -1 3882 0.00355718
Chain
	Aln	97	+43154a59-08ec-4d5c-9115-cf8d83edb69f 9 6254 6258 -edge_49_0_+disjointig_32_0_79547 72017 78260 79547 -1 -1 6180 0.00263527
Chain
	Aln	96	-43154a59-08ec-4d5c-9115-cf8d83edb69f 3 6248 6258 +edge_49_0_+disjointig_32_0_79547 1286 7529 79547 -1 -1 6180 0.00263527
Chain
	Aln	92	+7b7e8eb1-7282-4f08-9a8d-0117d7ee48dd 8 5326 5329 +edge_47_0_+disjointig_30_0_164630 129673 134997 164630 -1 -1 5236 0.00113542
Chain
	Aln	93	-7b7e8eb1-7282-4f08-9a8d-0117d7ee48dd 2 5320 5329 -edge_47_0_+disjointig_30_0_164630 29632 34956 164630 -1 -1 5236 0.00113542
Chain
	Aln	313	+27ff27cc-6884-40c2-bdd8-1557a1353c77 12 8737 8739 -edge_157_0_+disjointig_26_0_75776 21022 29748 75776 -1 -1 8534 0.00108871
Chain
	Aln	312	-27ff27cc-6884-40c2-bdd8-1557a1353c77 1 8726 8739 +edge_157_0_+disjointig_26_0_75776 46027 54753 75776 -1 -1 8534 0.00108871
Chain
	Aln	178	+85032a0f-cb8a-4cad-a6df-34e48b34c143 7 3338 5554 +edge_90_0_-disjointig_61_33235_113950 65423 68754 80715 -1 -1 3297 0.00214806
Chain
	Aln	179	-85032a0f-cb8a-4cad-a6df-34e48b34c143 2215 5546 5554 -edge_90_0_-disjointig_61_33235_113950 11960 15291 80715 -1 -1 3297 0.00214806
Chain
	Aln	51	+0c428d6c-b8de-4495-949c-535443dc8738 8 2495 2500 -edge_26_0_+disjointig_20_0_104137 75703 78190 104137 -1 -1 2357 0.00952155
Chain
	Aln	50	-0c428d6c-b8de-4495-949c-535443dc8738 4 2491 2500 +edge_26_0_+disjointig_20_0_104137 25946 28433 104137 -1 -1 2357 0.00952155
Chain
	Aln	50	+fb98dca6-b4bc-476a-a0f0-da62637e8f00 4 2306 2309 +edge_26_0_+disjointig_20_0_104137 54749 57047 104137 -1 -1 2215 0.00543592
Chain
	Aln	51	-fb98dca6-b4bc-476a-a0f0-da62637e8f00 2 2304 2309 -edge_26_0_+disjointig_20_0_104137 47089 49387 104137 -1 -1 2215 0.00543592
Chain
	Aln	298	+85a53760-fd82-4445-8c39-e817964e7f22 6 2337 2340 +edge_150_0_+disjointig_11_11851_75629 60382 62719 63778 -1 -1 2285 0.00273016
Chain
	Aln	299	-85a53760-fd82-4445-8c39-e817964e7f22 2 2333 2340 -edge_150_0_+disjointig_11_11851_75629 1058 3395 63778 -1 -1 2285 0.00273016
Chain
	Aln	303	+d6942a76-a742-4f15-a880-e3baba32307f 4 13016 13025 -edge_152_0_-disjointig_60_6186_67457 27241 40225 61271 -1 -1 12596 0.00325336
Chain
	Aln	302	-d6942a76-a742-4f15-a880-e3baba32307f 8 13020 13025 +edge_152_0_-disjointig_60_6186_67457 21045 34029 61271 -1 -1 12596 0.00325336
Chain
	Aln	102	+d1638d6b-a8d6-41e6-8699-d869f168f558 5 3770 3775 +edge_52_0_+disjointig_35_0_49615 45710 49479 49615 -1 -1 3757 0.00149714
Chain
	Aln	103	-d1638d6b-a8d6-41e6-8699-d869f168f558 4 3769 3775 -edge_52_0_+disjointig_35_0_49615 135 3904 49615 -1 -1 3757 0.00149714
Chain
	Aln	101	+a48dfe11-31c5-41f7-9159-be0fb14c2e90 24 5966 5968 -edge_51_0_+disjointig_34_0_132203 2634 8608 132203 -1 -1 5781 0.00548034
Chain
	Aln	100	-a48dfe11-31c5-41f7-9159-be0fb14c2e90 1 5943 5968 +edge_51_0_+disjointig_34_0_132203 123594 129568 132203 -1 -1 5781 0.00548034
Chain
	Aln	96	+25be2d18-4554-45a1-8480-9366623ae364 4660 9589 9625 +edge_49_0_+disjointig_32_0_79547 58315 63271 79547 -1 -1 4345 0.0105467
Chain
	Aln	97	-25be2d18-4554-45a1-8480-9366623ae364 35 4964 9625 -edge_49_0_+disjointig_32_0_79547 16275 21231 79547 -1 -1 4345 0.0105467
Chain
	Aln	98	+ec96edf7-db83-41b9-ac81-4926baacdeee 2 2952 5265 +edge_50_0_+disjointig_33_0_54467 51506 54462 54467 -1 -1 2588 0.0104851
Chain
	Aln	99	-ec96edf7-db83-41b9-ac81-4926baacdeee 2312 5262 5265 -edge_50_0_+disjointig_33_0_54467 4 2960 54467 -1 -1 2588 0.0104851
Chain
	Aln	345	+1bb120b4-00c7-4da0-9ef9-bbf95cf7f8b4 1 39203 39215 -edge_173_0_-disjointig_53_5113_59202 8443 48221 54089 -1 -1 36828 0.00622375
Chain
	Aln	344	-1bb120b4-00c7-4da0-9ef9-bbf95cf7f8b4 11 39213 39215 +edge_173_0_-disjointig_53_5113_59202 5867 45645 54089 -1 -1 36828 0.00622375
Chain
	Aln	310	+e2c27419-77ef-4b3d-8cd3-8c1ddc5745c6 9 6412 6415 +edge_156_0_+disjointig_23_18615_58974 29286 35712 40359 -1 -1 5945 0.00795335
Chain
	Aln	311	-e2c27419-77ef-4b3d-8cd3-8c1ddc5745c6 2 6405 6415 -edge_156_0_+disjointig_23_18615_58974 4646 11072 40359 -1 -1 5945 0.00795335
Chain
	Aln	333	+a452ee27-1022-4be5-9fe8-efd551cced01 3 12017 12024 -edge_167_0_-disjointig_64_0_49685 2635 14652 49685 -1 -1 11917 0.00129415
Chain
	Aln	332	-a452ee27-1022-4be5-9fe8-efd551cced01 6 12020 12024 +edge_167_0_-disjointig_64_0_49685 35032 47049 49685 -1 -1 11917 0.00129415
Chain
	Aln	333	+7da5b907-f44a-4c4e-bb2e-ede1945295e1 5 20985 20998 -edge_167_0_-disjointig_64_0_49685 6477 27529 49685 -1 -1 20282 0.0026382
Chain
	Aln	332	-7da5b907-f44a-4c4e-bb2e-ede1945295e1 12 20992 20998 +edge_167_0_-disjointig_64_0_49685 22155 43207 49685 -1 -1 20282 0.0026382
Chain
	Aln	38	+41819c22-b4ce-4567-9bb4-2a8a5c189bc1 5 17596 17604 +edge_20_0_+disjointig_15_0_99894 9425 27022 99894 -1 -1 17435 0.00127357
Chain
	Aln	39	-41819c22-b4ce-4567-9bb4-2a8a5c189bc1 7 17598 17604 -edge_20_0_+disjointig_15_0_99894 72871 90468 99894 -1 -1 17435 0.00127357
Chain
	Aln	51	+a3653bdd-a9fc-4532-960a-77bfbd521d3a 4 11052 11168 -edge_26_0_+disjointig_20_0_104137 30272 41322 104137 -1 -1 10449 0.0060134
Chain
	Aln	50	-a3653bdd-a9fc-4532-960a-77bfbd521d3a 115 11163 11168 +edge_26_0_+disjointig_20_0_104137 62814 73864 104137 -1 -1 10449 0.0060134
Chain
	Aln	38	+f1e9bc22-4227-4cf0-9177-8c3cfe795c47 9 33379 33382 +edge_20_0_+disjointig_15_0_99894 45936 79320 99894 -1 -1 32451 0.00296874
Chain
	Aln	39	-f1e9bc22-4227-4cf0-9177-8c3cfe795c47 2 33372 33382 -edge_20_0_+disjointig_15_0_99894 20573 53957 99894 -1 -1 32451 0.00296874
Chain
	Aln	308	+9591c3ec-ea70-4c64-bea8-f3f8383ebf83 2 8622 22479 +edge_155_0_+disjointig_92_0_28863 20318 28852 28863 -1 -1 8259 0.00351658
	Aln	310	+9591c3ec-ea70-4c64-bea8-f3f8383ebf83 8634 22473 22479 +edge_156_0_+disjointig_23_18615_58974 1 13850 40359 -1 -1 13704 0.000801824
Chain
	Aln	311	-9591c3ec-ea70-4c64-bea8-f3f8383ebf83 5 13844 22479 -edge_156_0_+disjointig_23_18615_58974 26508 40357 40359 -1 -1 13704 0.000801824
	Aln	309	-9591c3ec-ea70-4c64-bea8-f3f8383ebf83 13856 22476 22479 -edge_155_0_+disjointig_92_0_28863 10 8544 28863 -1 -1 8259 0.00351658
Chain
	Aln	165	+dc2ee90b-2d4d-42ec-8b74-748cea636962 6 10169 10176 -edge_83_0_-disjointig_71_8379_80660 19890 30062 72281 -1 -1 10081 0.000144899
Chain
	Aln	164	-dc2ee90b-2d4d-42ec-8b74-748cea636962 6 10169 10176 +edge_83_0_-disjointig_71_8379_80660 42218 52390 72281 -1 -1 10081 0.000144899
Chain
	Aln	195	+6b7faade-975b-4e22-aa49-4b7fb834fc65 5 14448 17636 -edge_98_0_+disjointig_51_0_39741 24898 39740 39741 -1 -1 12339 0.00635867
Chain
	Aln	194	-6b7faade-975b-4e22-aa49-4b7fb834fc65 3187 17630 17636 +edge_98_0_+disjointig_51_0_39741 0 14842 39741 -1 -1 12339 0.00635867
Chain
	Aln	37	+37c01540-ae47-45ae-bc7c-9b891bc23799 214 3220 3222 -edge_19_0_+disjointig_14_0_104795 55309 58301 104795 -1 -1 2424 0.0208239
Chain
	Aln	36	-37c01540-ae47-45ae-bc7c-9b891bc23799 1 3007 3222 +edge_19_0_+disjointig_14_0_104795 46493 49485 104795 -1 -1 2424 0.0208239
Chain
	Aln	285	+80e78bd3-dcad-4432-9363-f1434eaf2a7a 11 4866 4877 -edge_143_0_+disjointig_96_0_6528 10 4869 6528 -1 -1 4808 0.000271632
Chain
	Aln	284	-80e78bd3-dcad-4432-9363-f1434eaf2a7a 10 4865 4877 +edge_143_0_+disjointig_96_0_6528 1658 6517 6528 -1 -1 4808 0.000271632
Chain
	Aln	52	+d6dcc8da-087b-4afd-b262-fc9b2cc7af94 7 11945 11948 +edge_27_0_+disjointig_21_0_54132 1164 13102 54132 -1 -1 11853 0.00121017
Chain
	Aln	53	-d6dcc8da-087b-4afd-b262-fc9b2cc7af94 2 11940 11948 -edge_27_0_+disjointig_21_0_54132 41029 52967 54132 -1 -1 11853 0.00121017
Chain
	Aln	187	+eac7f34f-ea7b-4d3c-9949-82c27cf68131 13 8554 8559 -edge_94_0_+disjointig_47_0_105696 25573 34108 105696 -1 -1 8430 0.00210351
Chain
	Aln	186	-eac7f34f-ea7b-4d3c-9949-82c27cf68131 4 8545 8559 +edge_94_0_+disjointig_47_0_105696 71587 80122 105696 -1 -1 8430 0.00210351
Chain
	Aln	223	+f476a4aa-04fb-418f-9ae6-2144f80d5a2a 752 6004 6007 -edge_112_0_+disjointig_62_0_57746 10 5259 57746 -1 -1 5202 2.50497e-05
Chain
	Aln	222	-f476a4aa-04fb-418f-9ae6-2144f80d5a2a 2 5254 6007 +edge_112_0_+disjointig_62_0_57746 52486 57735 57746 -1 -1 5202 2.50497e-05
Chain
	Aln	336	+d54425f2-0ead-47ce-adcd-2aa2867618fb 13 2712 2714 +edge_169_0_+disjointig_66_0_52611 22 2721 52611 -1 -1 2612 0.00448329
Chain
	Aln	337	-d54425f2-0ead-47ce-adcd-2aa2867618fb 1 2700 2714 -edge_169_0_+disjointig_66_0_52611 49889 52588 52611 -1 -1 2612 0.00448329
Chain
	Aln	269	+c187c3b0-ef8f-4b06-9eda-08c20ab5e925 17 2929 2931 -edge_135_0_+disjointig_83_0_2921 16 2919 2921 -1 -1 2761 0.00741684
Chain
	Aln	268	-c187c3b0-ef8f-4b06-9eda-08c20ab5e925 1 2913 2931 +edge_135_0_+disjointig_83_0_2921 1 2904 2921 -1 -1 2761 0.00741684
Chain
	Aln	344	+9f7c5839-069a-4f48-91ad-c09f72fbd616 2 14138 14144 +edge_173_0_-disjointig_53_5113_59202 14403 28540 54089 -1 -1 14042 0.000536908
Chain
	Aln	345	-9f7c5839-069a-4f48-91ad-c09f72fbd616 5 14141 14144 -edge_173_0_-disjointig_53_5113_59202 25548 39685 54089 -1 -1 14042 0.000536908
Chain
	Aln	222	+79c9a769-398e-455e-a09b-1799198111c0 14 12911 12914 +edge_112_0_+disjointig_62_0_57746 25993 38891 57746 -1 -1 12787 0.00133139
Chain
	Aln	223	-79c9a769-398e-455e-a09b-1799198111c0 2 12899 12914 -edge_112_0_+disjointig_62_0_57746 18854 31752 57746 -1 -1 12787 0.00133139
Chain
	Aln	223	+fa01ecdd-6c63-4509-bfd6-11a2180e1c17 3 12891 12898 -edge_112_0_+disjointig_62_0_57746 18836 31739 57746 -1 -1 12614 0.00273222
Chain
	Aln	222	-fa01ecdd-6c63-4509-bfd6-11a2180e1c17 6 12894 12898 +edge_112_0_+disjointig_62_0_57746 26006 38909 57746 -1 -1 12614 0.00273222
Chain
	Aln	306	+ce7daff8-5ffc-4440-969c-64125285e3ae 2 4165 7879 +edge_154_0_+disjointig_18_11964_26268 10126 14293 14304 -1 -1 4071 0.00422646
	Aln	306	+ce7daff8-5ffc-4440-969c-64125285e3ae 4405 7877 7879 +edge_154_0_+disjointig_18_11964_26268 391 3978 14304 -1 -1 3127 0.0111196
Chain
	Aln	307	-ce7daff8-5ffc-4440-969c-64125285e3ae 1 3473 7879 -edge_154_0_+disjointig_18_11964_26268 10325 13912 14304 -1 -1 3127 0.0111196
	Aln	307	-ce7daff8-5ffc-4440-969c-64125285e3ae 3713 7876 7879 -edge_154_0_+disjointig_18_11964_26268 10 4177 14304 -1 -1 4071 0.00422646
Chain
	Aln	162	+039586e7-bd01-4778-ac31-bc07db2921be 21 7073 7080 +edge_82_0_+disjointig_61_85560_113950 15332 22387 28390 -1 -1 6933 0.00237641
Chain
	Aln	163	-039586e7-bd01-4778-ac31-bc07db2921be 6 7058 7080 -edge_82_0_+disjointig_61_85560_113950 6002 13057 28390 -1 -1 6933 0.00237641
Chain
	Aln	187	+811f183d-51cd-47eb-be13-e63eaa5f04db 13 11612 11619 -edge_94_0_+disjointig_47_0_105696 73841 85436 105696 -1 -1 11500 0.00103118
Chain
	Aln	186	-811f183d-51cd-47eb-be13-e63eaa5f04db 6 11605 11619 +edge_94_0_+disjointig_47_0_105696 20259 31854 105696 -1 -1 11500 0.00103118
Chain
	Aln	16	+4af1fdee-3410-4cf8-8e42-1359cd2fc22c 673 3375 5968 +edge_9_0_+disjointig_104_0_2707 2 2704 2707 -1 -1 2679 0.00102823
Chain
	Aln	149	+4af1fdee-3410-4cf8-8e42-1359cd2fc22c 3926 5966 5968 -edge_75_10_+disjointig_82_25463_27674 7 2051 2211 -1 -1 2000 0.00293366
Chain
	Aln	17	-4af1fdee-3410-4cf8-8e42-1359cd2fc22c 2592 5294 5968 -edge_9_0_+disjointig_104_0_2707 2 2704 2707 -1 -1 2679 0.00102823
Chain
	Aln	148	-4af1fdee-3410-4cf8-8e42-1359cd2fc22c 1 2041 5968 +edge_75_10_+disjointig_82_25463_27674 159 2203 2211 -1 -1 2000 0.00293366
Chain
	Aln	247	+f054c119-da67-4e9a-9c3d-471acb579465 10 3597 3601 -edge_124_0_+disjointig_70_0_27545 3948 7530 27545 -1 -1 3523 0.00120057
Chain
	Aln	246	-f054c119-da67-4e9a-9c3d-471acb579465 3 3590 3601 +edge_124_0_+disjointig_70_0_27545 20014 23596 27545 -1 -1 3523 0.00120057
Chain
	Aln	246	+c4f146b6-5ea1-45c0-ad17-d129fd7a5697 33 3551 3571 +edge_124_0_+disjointig_70_0_27545 20023 23570 27545 -1 -1 3199 0.00905799
Chain
	Aln	247	-c4f146b6-5ea1-45c0-ad17-d129fd7a5697 19 3537 3571 -edge_124_0_+disjointig_70_0_27545 3974 7521 27545 -1 -1 3199 0.00905799
Chain
	Aln	207	+5e0935d0-4470-4855-8539-e07a1aa41895 13 3089 3095 -edge_104_0_+disjointig_56_0_67458 10630 13705 67458 -1 -1 3048 0.00175269
Chain
	Aln	206	-5e0935d0-4470-4855-8539-e07a1aa41895 5 3081 3095 +edge_104_0_+disjointig_56_0_67458 53752 56827 67458 -1 -1 3048 0.00175269
Chain
	Aln	299	+afcb492a-6da7-4fdf-8a76-fefe372b8c3f 9 2264 2281 -edge_150_0_+disjointig_11_11851_75629 44687 46942 63778 -1 -1 2195 0.00484332
Chain
	Aln	298	-afcb492a-6da7-4fdf-8a76-fefe372b8c3f 16 2271 2281 +edge_150_0_+disjointig_11_11851_75629 16835 19090 63778 -1 -1 2195 0.00484332
Chain
	Aln	185	+fc9cb700-d310-435f-b89d-d751092d1a64 20 7975 7978 -edge_93_0_+disjointig_46_0_10658 2704 10655 10658 -1 -1 7431 0.0059573
Chain
	Aln	184	-fc9cb700-d310-435f-b89d-d751092d1a64 2 7957 7978 +edge_93_0_+disjointig_46_0_10658 2 7953 10658 -1 -1 7431 0.0059573
Chain
	Aln	50	+4cb0be50-63d1-48a5-92b3-0e4ab5132db4 1 4406 4408 +edge_26_0_+disjointig_20_0_104137 1 4404 104137 -1 -1 4355 0.00176585
Chain
	Aln	51	-4cb0be50-63d1-48a5-92b3-0e4ab5132db4 1 4406 4408 -edge_26_0_+disjointig_20_0_104137 99732 104135 104137 -1 -1 4355 0.00176585
Chain
	Aln	77	+480a42a9-93c5-4815-8d22-491c36e1496c 9 3532 3535 -edge_39_0_+disjointig_27_0_18658 13022 16548 18658 -1 -1 3456 0.00263903
Chain
	Aln	76	-480a42a9-93c5-4815-8d22-491c36e1496c 2 3525 3535 +edge_39_0_+disjointig_27_0_18658 2109 5635 18658 -1 -1 3456 0.00263903
Chain
	Aln	222	+66cb36f1-9adc-422f-b6ca-040b5c98adf8 6 8850 8852 +edge_112_0_+disjointig_62_0_57746 6 8848 57746 -1 -1 8801 0
Chain
	Aln	223	-66cb36f1-9adc-422f-b6ca-040b5c98adf8 1 8845 8852 -edge_112_0_+disjointig_62_0_57746 48897 57739 57746 -1 -1 8801 0
Chain
	Aln	51	+7edde09c-6e60-4b6b-87f5-4d3c415bea69 8 4384 4389 -edge_26_0_+disjointig_20_0_104137 99719 104113 104137 -1 -1 4310 0.00299931
Chain
	Aln	50	-7edde09c-6e60-4b6b-87f5-4d3c415bea69 4 4380 4389 +edge_26_0_+disjointig_20_0_104137 23 4417 104137 -1 -1 4310 0.00299931
Chain
	Aln	157	+45ce4f00-5f55-4123-bda8-1e3ba303b4ee 13 4068 4076 -edge_79_0_+disjointig_44_99890_232551 15586 19646 132661 -1 -1 4016 0.00186658
Chain
	Aln	156	-45ce4f00-5f55-4123-bda8-1e3ba303b4ee 7 4062 4076 +edge_79_0_+disjointig_44_99890_232551 113014 117074 132661 -1 -1 4016 0.00186658
Chain
	Aln	355	+b41ed2db-f921-4051-99d0-293677899d1d 14 4862 4864 -edge_178_0_+disjointig_56_67458_85258 9417 14261 17800 -1 -1 4813 0.00108384
Chain
	Aln	354	-b41ed2db-f921-4051-99d0-293677899d1d 1 4849 4864 +edge_178_0_+disjointig_56_67458_85258 3538 8382 17800 -1 -1 4813 0.00108384
Chain
	Aln	21	+60cabad9-b5af-45e7-ae9d-890c01e9b8d1 12 2252 2256 -edge_11_0_+disjointig_106_0_11126 8880 11122 11126 -1 -1 2201 0.000434424
Chain
	Aln	20	-60cabad9-b5af-45e7-ae9d-890c01e9b8d1 3 2243 2256 +edge_11_0_+disjointig_106_0_11126 3 2245 11126 -1 -1 2201 0.000434424
Chain
	Aln	329	+d7c23e3e-6d0d-42a5-afba-bdbd8e4be249 6 4407 4411 -edge_165_0_+disjointig_54_0_66147 2561 6970 66147 -1 -1 3710 0.0165591
Chain
	Aln	328	-d7c23e3e-6d0d-42a5-afba-bdbd8e4be249 3 4404 4411 +edge_165_0_+disjointig_54_0_66147 59176 63585 66147 -1 -1 3710 0.0165591
Chain
	Aln	307	+7a715c8a-e299-448a-99ac-68a5ab66ca4f 12 5562 5569 -edge_154_0_+disjointig_18_11964_26268 6222 11689 14304 -1 -1 5095 0.00602568
Chain
	Aln	306	-7a715c8a-e299-448a-99ac-68a5ab66ca4f 6 5556 5569 +edge_154_0_+disjointig_18_11964_26268 2614 8081 14304 -1 -1 5095 0.00602568
Chain
	Aln	101	+cbeb812e-de97-4cfe-85d4-03d10ae36491 14 3359 3364 -edge_51_0_+disjointig_34_0_132203 48721 52064 132203 -1 -1 3171 0.00403171
Chain
	Aln	100	-cbeb812e-de97-4cfe-85d4-03d10ae36491 4 3349 3364 +edge_51_0_+disjointig_34_0_132203 80138 83481 132203 -1 -1 3171 0.00403171
Chain
	Aln	356	+0db143b4-2290-4ac1-b339-a2e92d9cd014 23 4300 4311 +edge_179_0_+disjointig_67_0_82889 8812 13085 82889 -1 -1 4252 0.000259094
Chain
	Aln	357	-0db143b4-2290-4ac1-b339-a2e92d9cd014 10 4287 4311 -edge_179_0_+disjointig_67_0_82889 69803 74076 82889 -1 -1 4252 0.000259094
Chain
	Aln	102	+1292d1e6-78bf-4d54-a01d-006e2adb7efe 4 3426 3429 +edge_52_0_+disjointig_35_0_49615 26955 30377 49615 -1 -1 3401 0
Chain
	Aln	103	-1292d1e6-78bf-4d54-a01d-006e2adb7efe 2 3424 3429 -edge_52_0_+disjointig_35_0_49615 19237 22659 49615 -1 -1 3401 0
Chain
	Aln	312	+ceb2603b-15fc-4697-9195-8b1bc56eb0ad 10 6433 6441 +edge_157_0_+disjointig_26_0_75776 57483 63906 75776 -1 -1 6366 0.00106806
Chain
	Aln	313	-ceb2603b-15fc-4697-9195-8b1bc56eb0ad 7 6430 6441 -edge_157_0_+disjointig_26_0_75776 11869 18292 75776 -1 -1 6366 0.00106806
Chain
	Aln	302	+f03b6850-576d-4761-9d32-5bd872b262ce 11 3390 3396 +edge_152_0_-disjointig_60_6186_67457 43539 46919 61271 -1 -1 3361 0.000925487
Chain
	Aln	303	-f03b6850-576d-4761-9d32-5bd872b262ce 5 3384 3396 -edge_152_0_-disjointig_60_6186_67457 14351 17731 61271 -1 -1 3361 0.000925487
Chain
	Aln	39	+1eed4704-28e4-4414-ac89-c8d8d501b91f 7 4931 4937 -edge_20_0_+disjointig_15_0_99894 90493 95414 99894 -1 -1 4908 0
Chain
	Aln	38	-1eed4704-28e4-4414-ac89-c8d8d501b91f 5 4929 4937 +edge_20_0_+disjointig_15_0_99894 4479 9400 99894 -1 -1 4908 0
Chain
	Aln	335	+ba72f1f6-7888-4f89-8661-bfca13fa16fa 75 7820 7824 -edge_168_0_+disjointig_41_22847_84173 19562 27308 61326 -1 -1 7725 0.000721707
Chain
	Aln	334	-ba72f1f6-7888-4f89-8661-bfca13fa16fa 3 7748 7824 +edge_168_0_+disjointig_41_22847_84173 34017 41763 61326 -1 -1 7725 0.000721707
Chain
	Aln	239	+3348672b-9817-4e51-a45a-cfb7410541fa 6 2160 2579 -edge_120_0_-disjointig_87_6236_62149 22432 24587 55913 -1 -1 2154 0.000483359
Chain
	Aln	238	-3348672b-9817-4e51-a45a-cfb7410541fa 418 2572 2579 +edge_120_0_-disjointig_87_6236_62149 31325 33480 55913 -1 -1 2154 0.000483359
Chain
	Aln	157	+5f2ff1a2-8613-423b-91d0-dfd9437997db 9 4210 4212 -edge_79_0_+disjointig_44_99890_232551 127224 131429 132661 -1 -1 4153 0
Chain
	Aln	156	-5f2ff1a2-8613-423b-91d0-dfd9437997db 1 4202 4212 +edge_79_0_+disjointig_44_99890_232551 1231 5436 132661 -1 -1 4153 0
Chain
	Aln	224	+3f67e62c-0c44-4d20-bb0a-a9068e82187c 5 25133 25135 +edge_113_0_+disjointig_63_0_39436 2970 28186 39436 -1 -1 23729 0.00550354
Chain
	Aln	225	-3f67e62c-0c44-4d20-bb0a-a9068e82187c 1 25129 25135 -edge_113_0_+disjointig_63_0_39436 11249 36465 39436 -1 -1 23729 0.00550354
Chain
	Aln	318	+32ad1ca4-6b81-41e7-8893-f8e3766b5f54 10 4986 4991 +edge_160_0_-disjointig_48_0_101253 46847 51825 101253 -1 -1 4911 0.00182905
Chain
	Aln	319	-32ad1ca4-6b81-41e7-8893-f8e3766b5f54 4 4980 4991 -edge_160_0_-disjointig_48_0_101253 49427 54405 101253 -1 -1 4911 0.00182905
Chain
	Aln	158	+fca2e8e4-20a9-4100-8805-96ed31ceac95 8 2707 2711 +edge_80_0_-disjointig_50_37077_62704 6168 8877 25627 -1 -1 2675 9.21887e-05
Chain
	Aln	159	-fca2e8e4-20a9-4100-8805-96ed31ceac95 3 2702 2711 -edge_80_0_-disjointig_50_37077_62704 16749 19458 25627 -1 -1 2675 9.21887e-05
Chain
	Aln	239	+e2384030-e95a-4154-8dec-0ba45c3b9d78 6 6268 6271 -edge_120_0_-disjointig_87_6236_62149 21351 27612 55913 -1 -1 6179 0.000350495
Chain
	Aln	238	-e2384030-e95a-4154-8dec-0ba45c3b9d78 2 6264 6271 +edge_120_0_-disjointig_87_6236_62149 28300 34561 55913 -1 -1 6179 0.000350495
Chain
	Aln	361	+cf4158af-94f9-446b-8568-95f7a0a1a86c 37 15417 15421 -edge_181_0_+disjointig_74_2530_48718 15435 30821 46188 -1 -1 15005 0.00307044
Chain
	Aln	360	-cf4158af-94f9-446b-8568-95f7a0a1a86c 3 15383 15421 +edge_181_0_+disjointig_74_2530_48718 15366 30752 46188 -1 -1 15005 0.00307044
Chain
	Aln	50	+bc7f91b7-fb88-4121-9c1c-12e160b66247 14 3997 4002 +edge_26_0_+disjointig_20_0_104137 87021 91029 104137 -1 -1 3676 0.00893956
Chain
	Aln	51	-bc7f91b7-fb88-4121-9c1c-12e160b66247 4 3987 4002 -edge_26_0_+disjointig_20_0_104137 13107 17115 104137 -1 -1 3676 0.00893956
Chain
	Aln	186	+0463fef5-4850-4bbf-a768-09ee7f74f64d 13 3758 3769 +edge_94_0_+disjointig_47_0_105696 7219 10966 105696 -1 -1 3696 0.00276203
Chain
	Aln	187	-0463fef5-4850-4bbf-a768-09ee7f74f64d 10 3755 3769 -edge_94_0_+disjointig_47_0_105696 94729 98476 105696 -1 -1 3696 0.00276203
Chain
	Aln	332	+7728dd04-2a57-499c-a0ff-fa755856fa74 14 2558 2583 +edge_167_0_-disjointig_64_0_49685 34865 37411 49685 -1 -1 2479 0.00275944
Chain
	Aln	333	-7728dd04-2a57-499c-a0ff-fa755856fa74 24 2568 2583 -edge_167_0_-disjointig_64_0_49685 12273 14819 49685 -1 -1 2479 0.00275944
Chain
	Aln	92	+73ca9d25-96cb-4850-881f-4e9336fde8b5 18 3199 3201 +edge_47_0_+disjointig_30_0_164630 90501 93685 164630 -1 -1 3134 0.00217675
Chain
	Aln	93	-73ca9d25-96cb-4850-881f-4e9336fde8b5 1 3182 3201 -edge_47_0_+disjointig_30_0_164630 70944 74128 164630 -1 -1 3134 0.00217675
Chain
	Aln	39	+f9fdc24a-7c07-4e38-933b-278b890f2caa 10 8291 8301 -edge_20_0_+disjointig_15_0_99894 53504 61779 99894 -1 -1 8245 0.000167174
Chain
	Aln	38	-f9fdc24a-7c07-4e38-933b-278b890f2caa 9 8290 8301 +edge_20_0_+disjointig_15_0_99894 38114 46389 99894 -1 -1 8245 0.000167174
Chain
	Aln	51	+56770619-a464-445c-bae2-df1375a2c23a 5 2723 2730 -edge_26_0_+disjointig_20_0_104137 59567 62287 104137 -1 -1 2627 0.00215563
Chain
	Aln	50	-56770619-a464-445c-bae2-df1375a2c23a 6 2724 2730 +edge_26_0_+disjointig_20_0_104137 41849 44569 104137 -1 -1 2627 0.00215563
Chain
	Aln	77	+6ac6c1b8-bc2a-4bef-80ce-b96e9514a0d0 1145 11832 11835 -edge_39_0_+disjointig_27_0_18658 12 10699 18658 -1 -1 10526 0.0011028
Chain
	Aln	76	-6ac6c1b8-bc2a-4bef-80ce-b96e9514a0d0 2 10689 11835 +edge_39_0_+disjointig_27_0_18658 7958 18645 18658 -1 -1 10526 0.0011028
Chain
	Aln	296	+233989ad-ae21-435e-b9f7-d347c0101556 15 7135 7149 +edge_149_0_-disjointig_16_0_79715 7413 14534 79715 -1 -1 7036 0.000949069
Chain
	Aln	297	-233989ad-ae21-435e-b9f7-d347c0101556 13 7133 7149 -edge_149_0_-disjointig_16_0_79715 65180 72301 79715 -1 -1 7036 0.000949069
Chain
	Aln	355	+efd24822-44c2-4019-a264-dd02f092e935 17 2665 2668 -edge_178_0_+disjointig_56_67458_85258 3229 5876 17800 -1 -1 2638 0
Chain
	Aln	354	-efd24822-44c2-4019-a264-dd02f092e935 2 2650 2668 +edge_178_0_+disjointig_56_67458_85258 11923 14570 17800 -1 -1 2638 0
Chain
	Aln	238	+cc9887f3-fa12-46e0-9f73-a12edf932bb8 7 9971 9973 +edge_120_0_-disjointig_87_6236_62149 31061 41030 55913 -1 -1 9926 0.000577905
Chain
	Aln	239	-cc9887f3-fa12-46e0-9f73-a12edf932bb8 1 9965 9973 -edge_120_0_-disjointig_87_6236_62149 14882 24851 55913 -1 -1 9926 0.000577905
Chain
	Aln	297	+f38d81f3-cdca-4e16-95a3-d14533900615 15 10627 10634 -edge_149_0_-disjointig_16_0_79715 1767 12379 79715 -1 -1 10515 0.000595914
Chain
	Aln	296	-f38d81f3-cdca-4e16-95a3-d14533900615 6 10618 10634 +edge_149_0_-disjointig_16_0_79715 67335 77947 79715 -1 -1 10515 0.000595914
Chain
	Aln	50	+a3e49967-6a06-4019-a4fe-878e053fe22b 17 6832 6834 +edge_26_0_+disjointig_20_0_104137 37728 44552 104137 -1 -1 6540 0.00478477
Chain
	Aln	51	-a3e49967-6a06-4019-a4fe-878e053fe22b 1 6816 6834 -edge_26_0_+disjointig_20_0_104137 59584 66408 104137 -1 -1 6540 0.00478477
Chain
	Aln	299	+5ccac695-a2fb-4aa9-a5ea-089991265ee3 20 5880 5889 -edge_150_0_+disjointig_11_11851_75629 50583 56454 63778 -1 -1 5832 0.000709307
Chain
	Aln	298	-5ccac695-a2fb-4aa9-a5ea-089991265ee3 8 5868 5889 +edge_150_0_+disjointig_11_11851_75629 7323 13194 63778 -1 -1 5832 0.000709307
Chain
	Aln	148	+124de3da-63b4-4f35-a1ab-5a815cd2bd5f 4 2207 3365 +edge_75_0_-disjointig_44_145929_148136 1 2204 2207 -1 -1 2203 0
	Aln	155	+124de3da-63b4-4f35-a1ab-5a815cd2bd5f 2222 3359 3365 -edge_78_0_+disjointig_44_86360_88990 11 1149 2630 -1 -1 1134 0
Chain
	Aln	154	-124de3da-63b4-4f35-a1ab-5a815cd2bd5f 5 1142 3365 +edge_78_0_+disjointig_44_86360_88990 1480 2618 2630 -1 -1 1134 0
	Aln	149	-124de3da-63b4-4f35-a1ab-5a815cd2bd5f 1157 3360 3365 -edge_75_0_-disjointig_44_145929_148136 2 2205 2207 -1 -1 2203 0
Chain
	Aln	330	+d20d640b-c800-4275-a38c-3ae84f842d1a 2 13897 13909 +edge_166_0_+disjointig_40_6968_25794 4930 18815 18826 -1 -1 13679 0.00238893
Chain
	Aln	331	-d20d640b-c800-4275-a38c-3ae84f842d1a 11 13906 13909 -edge_166_0_+disjointig_40_6968_25794 10 13895 18826 -1 -1 13679 0.00238893
Chain
	Aln	156	+6c57e637-977e-442d-b7b3-0cb8ca8f0836 11 2347 2352 +edge_79_0_+disjointig_44_99890_232551 60458 62792 132661 -1 -1 2288 0.00255992
Chain
	Aln	157	-6c57e637-977e-442d-b7b3-0cb8ca8f0836 4 2340 2352 -edge_79_0_+disjointig_44_99890_232551 69868 72202 132661 -1 -1 2288 0.00255992
Chain
	Aln	2	+b136f75f-a42c-49ff-9ebc-d6f943fc033b 70 8813 8822 +edge_2_0_+disjointig_10_0_56359 14083 22840 56359 -1 -1 8046 0.00909268
Chain
	Aln	3	-b136f75f-a42c-49ff-9ebc-d6f943fc033b 8 8751 8822 -edge_2_0_+disjointig_10_0_56359 33518 42275 56359 -1 -1 8046 0.00909268
Chain
	Aln	348	+e76d6942-2b9d-45da-a4d1-b161b1f6fe96 11 5068 5075 +edge_175_1_+disjointig_49_70378_113247 34313 39359 42869 -1 -1 4918 0.0034306
Chain
	Aln	349	-e76d6942-2b9d-45da-a4d1-b161b1f6fe96 6 5063 5075 -edge_175_1_+disjointig_49_70378_113247 3509 8555 42869 -1 -1 4918 0.0034306
Chain
	Aln	101	+cf005d2e-b96f-42fa-bd36-d7c170560c9f 3 7611 7619 -edge_51_0_+disjointig_34_0_132203 105601 113210 132203 -1 -1 7556 0.00108641
Chain
	Aln	100	-cf005d2e-b96f-42fa-bd36-d7c170560c9f 7 7615 7619 +edge_51_0_+disjointig_34_0_132203 18992 26601 132203 -1 -1 7556 0.00108641
Chain
	Aln	157	+815b53d3-0c07-4d68-8ee8-d69ad5bd08f5 8 5450 5452 -edge_79_0_+disjointig_44_99890_232551 2403 7845 132661 -1 -1 5442 0.000412118
Chain
	Aln	156	-815b53d3-0c07-4d68-8ee8-d69ad5bd08f5 1 5443 5452 +edge_79_0_+disjointig_44_99890_232551 124815 130257 132661 -1 -1 5442 0.000412118
Chain
	Aln	38	+2cfb8323-c51d-47f8-b858-5df2fcc43711 8 7871 7880 +edge_20_0_+disjointig_15_0_99894 6484 14351 99894 -1 -1 7500 0.00548354
Chain
	Aln	39	-2cfb8323-c51d-47f8-b858-5df2fcc43711 8 7871 7880 -edge_20_0_+disjointig_15_0_99894 85542 93409 99894 -1 -1 7500 0.00548354
Chain
	Aln	93	+55afe598-a3e5-44f3-9f1f-c818b55c2c9e 23 16602 16604 -edge_47_0_+disjointig_30_0_164630 134363 150938 164630 -1 -1 13104 0.0165202
Chain
	Aln	92	-55afe598-a3e5-44f3-9f1f-c818b55c2c9e 1 16580 16604 +edge_47_0_+disjointig_30_0_164630 13691 30266 164630 -1 -1 13104 0.0165202
Chain
	Aln	239	+c8179479-9a0f-46b8-9a56-79397a51625c 25 7162 7169 -edge_120_0_-disjointig_87_6236_62149 44086 51233 55913 -1 -1 7087 0.000840624
Chain
	Aln	238	-c8179479-9a0f-46b8-9a56-79397a51625c 6 7143 7169 +edge_120_0_-disjointig_87_6236_62149 4679 11826 55913 -1 -1 7087 0.000840624
Chain
	Aln	357	+7bce977b-168d-4d20-a3ab-81613a561e4d 4 14218 14222 -edge_179_0_+disjointig_67_0_82889 55684 69897 82889 -1 -1 13948 0.00207174
Chain
	Aln	356	-7bce977b-168d-4d20-a3ab-81613a561e4d 3 14217 14222 +edge_179_0_+disjointig_67_0_82889 12991 27204 82889 -1 -1 13948 0.00207174
Chain
	Aln	348	+87b2181e-bca9-4249-bf26-d269932b1bb2 13 2221 2227 +edge_175_1_+disjointig_49_70378_113247 25588 27797 42869 -1 -1 2206 0.00103651
Chain
	Aln	349	-87b2181e-bca9-4249-bf26-d269932b1bb2 5 2213 2227 -edge_175_1_+disjointig_49_70378_113247 15071 17280 42869 -1 -1 2206 0.00103651
Chain
	Aln	303	+d220f85d-8cbb-4b2f-b3b8-2e4555a2e0ea 5 13651 13658 -edge_152_0_-disjointig_60_6186_67457 21201 34847 61271 -1 -1 13513 0.000986208
Chain
	Aln	302	-d220f85d-8cbb-4b2f-b3b8-2e4555a2e0ea 6 13652 13658 +edge_152_0_-disjointig_60_6186_67457 26423 40069 61271 -1 -1 13513 0.000986208
Chain
	Aln	265	+526031d3-068f-4ce6-8e77-3fb3e2ff25aa 9 4587 4594 -edge_133_0_+disjointig_8_0_56180 17792 22377 56180 -1 -1 4516 0.00233001
Chain
	Aln	264	-526031d3-068f-4ce6-8e77-3fb3e2ff25aa 6 4584 4594 +edge_133_0_+disjointig_8_0_56180 33802 38387 56180 -1 -1 4516 0.00233001
Chain
	Aln	54	+7b09b35c-283b-4c6f-9226-96ca43ad89ed 10 10837 10847 +edge_28_0_+disjointig_22_0_197748 69544 80369 197748 -1 -1 10758 0.00149881
Chain
	Aln	55	-7b09b35c-283b-4c6f-9226-96ca43ad89ed 9 10836 10847 -edge_28_0_+disjointig_22_0_197748 117378 128203 197748 -1 -1 10758 0.00149881
Chain
	Aln	179	+faac19b3-4174-4867-b64b-5fa67628c94f 21 19189 19191 -edge_90_0_-disjointig_61_33235_113950 20 19186 80715 -1 -1 18902 0.00167361
Chain
	Aln	178	-faac19b3-4174-4867-b64b-5fa67628c94f 1 19169 19191 +edge_90_0_-disjointig_61_33235_113950 61528 80694 80715 -1 -1 18902 0.00167361
Chain
	Aln	270	+e046f6a4-924a-4195-9504-5c1a7a687e41 4 9687 9689 +edge_136_0_+disjointig_86_0_11674 1550 11233 11674 -1 -1 9680 0
Chain
	Aln	271	-e046f6a4-924a-4195-9504-5c1a7a687e41 1 9684 9689 -edge_136_0_+disjointig_86_0_11674 440 10123 11674 -1 -1 9680 0
Chain
	Aln	93	+9553951b-d26f-47cf-8d80-301b9d098156 34 7583 8644 -edge_47_0_+disjointig_30_0_164630 157080 164629 164630 -1 -1 7532 0.000838032
Chain
	Aln	92	-9553951b-d26f-47cf-8d80-301b9d098156 1060 8609 8644 +edge_47_0_+disjointig_30_0_164630 0 7549 164630 -1 -1 7532 0.000838032
Chain
	Aln	302	+99b0912f-942f-46f2-9819-a5da16bddad6 7 3266 3271 +edge_152_0_-disjointig_60_6186_67457 21254 24513 61271 -1 -1 3248 0.000661191
Chain
	Aln	303	-99b0912f-942f-46f2-9819-a5da16bddad6 4 3263 3271 -edge_152_0_-disjointig_60_6186_67457 36757 40016 61271 -1 -1 3248 0.000661191
Chain
	Aln	92	+32d826e0-0d74-4e01-8f01-d2065402c4c5 1084 8642 8646 +edge_47_0_+disjointig_30_0_164630 2 7557 164630 -1 -1 7481 0.0018739
Chain
	Aln	93	-32d826e0-0d74-4e01-8f01-d2065402c4c5 3 7561 8646 -edge_47_0_+disjointig_30_0_164630 157072 164627 164630 -1 -1 7481 0.0018739
Chain
	Aln	335	+736bf433-9340-4886-a4c9-3d7ab72bbc77 11 5214 5220 -edge_168_0_+disjointig_41_22847_84173 21215 26418 61326 -1 -1 5200 0
Chain
	Aln	334	-736bf433-9340-4886-a4c9-3d7ab72bbc77 5 5208 5220 +edge_168_0_+disjointig_41_22847_84173 34907 40110 61326 -1 -1 5200 0
Chain
	Aln	321	+1b3b6953-0526-4605-a809-3b589aaae755 18 5879 5881 -edge_161_0_+disjointig_28_6173_22910 6583 12454 16737 -1 -1 5691 0.00351232
Chain
	Aln	320	-1b3b6953-0526-4605-a809-3b589aaae755 1 5862 5881 +edge_161_0_+disjointig_28_6173_22910 4282 10153 16737 -1 -1 5691 0.00351232
Chain
	Aln	37	+3ee9039b-f62c-4ace-afbc-010e1679eaed 8 30260 30264 -edge_19_0_+disjointig_14_0_104795 6104 36348 104795 -1 -1 29559 0.0024017
Chain
	Aln	36	-3ee9039b-f62c-4ace-afbc-010e1679eaed 3 30255 30264 +edge_19_0_+disjointig_14_0_104795 68446 98690 104795 -1 -1 29559 0.0024017
Chain
	Aln	178	+8e2fc488-6541-405e-8fac-2b941dd17e15 15 7434 7445 +edge_90_0_-disjointig_61_33235_113950 47581 55001 80715 -1 -1 7395 0.000392917
Chain
	Aln	179	-8e2fc488-6541-405e-8fac-2b941dd17e15 10 7429 7445 -edge_90_0_-disjointig_61_33235_113950 25713 33133 80715 -1 -1 7395 0.000392917
Chain
	Aln	361	+73ecfcac-8ac2-41c1-bec1-adcfbed7d705 28 4074 4078 -edge_181_0_+disjointig_74_2530_48718 17137 21189 46188 -1 -1 4004 0.00109513
Chain
	Aln	360	-73ecfcac-8ac2-41c1-bec1-adcfbed7d705 3 4049 4078 +edge_181_0_+disjointig_74_2530_48718 24998 29050 46188 -1 -1 4004 0.00109513
Chain
	Aln	48	+2e66157a-ebdd-4588-be30-ce75a0e6cdf6 7 6632 6640 +edge_25_0_+disjointig_2_0_55897 27730 34354 55897 -1 -1 6579 0.00121816
Chain
	Aln	49	-2e66157a-ebdd-4588-be30-ce75a0e6cdf6 7 6632 6640 -edge_25_0_+disjointig_2_0_55897 21542 28166 55897 -1 -1 6579 0.00121816
Chain
	Aln	349	+84ac8718-ea27-425b-8a37-d7b85670568b 5 2442 2445 -edge_175_1_+disjointig_49_70378_113247 18840 21276 42869 -1 -1 2323 0.00607283
Chain
	Aln	348	-84ac8718-ea27-425b-8a37-d7b85670568b 2 2439 2445 +edge_175_1_+disjointig_49_70378_113247 21592 24028 42869 -1 -1 2323 0.00607283
Chain
	Aln	206	+c99114b6-b662-46e5-8469-dfb1fe47dfbc 9 5922 5925 +edge_104_0_+disjointig_56_0_67458 48894 54817 67458 -1 -1 5760 0.00420706
Chain
	Aln	207	-c99114b6-b662-46e5-8469-dfb1fe47dfbc 2 5915 5925 -edge_104_0_+disjointig_56_0_67458 12640 18563 67458 -1 -1 5760 0.00420706
Chain
	Aln	211	+c39ab216-e2fc-4eed-8de1-34489c6ba5bd 10 2475 2477 -edge_106_0_+disjointig_77_4957_29687 12718 15183 24730 -1 -1 2465 0
Chain
	Aln	210	-c39ab216-e2fc-4eed-8de1-34489c6ba5bd 1 2466 2477 +edge_106_0_+disjointig_77_4957_29687 9546 12011 24730 -1 -1 2465 0
Chain
	Aln	319	+8ad45dd2-91e0-419c-9125-9f43d42fefd0 9 22292 22295 -edge_160_0_-disjointig_48_0_101253 20440 42726 101253 -1 -1 22129 0.00146663
Chain
	Aln	318	-8ad45dd2-91e0-419c-9125-9f43d42fefd0 2 22285 22295 +edge_160_0_-disjointig_48_0_101253 58526 80812 101253 -1 -1 22129 0.00146663
Chain
	Aln	99	+802d38e4-271f-4b86-aa29-1798112b38f3 8 4719 4732 -edge_50_0_+disjointig_33_0_54467 34760 39470 54467 -1 -1 4557 0.00319398
Chain
	Aln	98	-802d38e4-271f-4b86-aa29-1798112b38f3 12 4723 4732 +edge_50_0_+disjointig_33_0_54467 14996 19706 54467 -1 -1 4557 0.00319398
Chain
	Aln	97	+26bbf94b-8528-44cc-9a81-5786b6e6e953 11 7358 7396 -edge_49_0_+disjointig_32_0_79547 3132 10515 79547 -1 -1 6631 0.011088
Chain
	Aln	96	-26bbf94b-8528-44cc-9a81-5786b6e6e953 37 7384 7396 +edge_49_0_+disjointig_32_0_79547 69031 76414 79547 -1 -1 6631 0.011088
Chain
	Aln	144	+e2343edc-5273-4661-ac9d-92a4cef27e4b 14 1337 2877 +edge_73_0_+disjointig_44_83253_84592 6 1329 1339 -1 -1 1320 0.000286476
	Aln	150	+e2343edc-5273-4661-ac9d-92a4cef27e4b 1349 2868 2877 +edge_76_1_+disjointig_44_98117_99890 1 1520 1773 -1 -1 1519 0.00123894
Chain
	Aln	151	-e2343edc-5273-4661-ac9d-92a4cef27e4b 8 1527 2877 -edge_76_1_+disjointig_44_98117_99890 252 1771 1773 -1 -1 1519 0.00123894
	Aln	145	-e2343edc-5273-4661-ac9d-92a4cef27e4b 1539 2862 2877 -edge_73_0_+disjointig_44_83253_84592 9 1332 1339 -1 -1 1320 0.000286476
Chain
	Aln	341	+d1527d4f-654e-4c03-8258-d5abf98316bf 23 3071 3076 -edge_171_0_+disjointig_44_0_83253 71191 74241 83253 -1 -1 3033 0.000820843
Chain
	Aln	340	-d1527d4f-654e-4c03-8258-d5abf98316bf 4 3052 3076 +edge_171_0_+disjointig_44_0_83253 9011 12061 83253 -1 -1 3033 0.000820843
Chain
	Aln	238	+9291e9cf-7158-4601-bf59-ac1573de29b3 40 8715 8743 +edge_120_0_-disjointig_87_6236_62149 40837 49526 55913 -1 -1 8515 0.0030355
Chain
	Aln	239	-9291e9cf-7158-4601-bf59-ac1573de29b3 27 8702 8743 -edge_120_0_-disjointig_87_6236_62149 6386 15075 55913 -1 -1 8515 0.0030355
Chain
	Aln	166	+0d914dbe-714a-4d7d-91bd-9cc92b5ea8e7 6 3516 3521 +edge_84_0_-disjointig_72_8278_16178 4385 7896 7900 -1 -1 3478 0.00124602
Chain
	Aln	167	-0d914dbe-714a-4d7d-91bd-9cc92b5ea8e7 4 3514 3521 -edge_84_0_-disjointig_72_8278_16178 3 3514 7900 -1 -1 3478 0.00124602
Chain
	Aln	348	+c9c7ed89-a6da-47c2-a9aa-c0a5e0d77eb5 5 8207 8209 +edge_175_0_+disjointig_49_27612_70378 6866 15084 42766 -1 -1 8119 0.00070727
Chain
	Aln	349	-c9c7ed89-a6da-47c2-a9aa-c0a5e0d77eb5 1 8203 8209 -edge_175_0_+disjointig_49_27612_70378 27681 35899 42766 -1 -1 8119 0.00070727
Chain
	Aln	206	+a039fbe4-6007-4851-b993-cfb4451b26ba 15 11738 11745 +edge_104_0_+disjointig_56_0_67458 34374 46103 67458 -1 -1 11536 0.00211481
Chain
	Aln	207	-a039fbe4-6007-4851-b993-cfb4451b26ba 6 11729 11745 -edge_104_0_+disjointig_56_0_67458 21354 33083 67458 -1 -1 11536 0.00211481
Chain
	Aln	341	+ea98f6c3-9e40-4b6c-9b40-9c8d2a525ab9 12 5908 6119 -edge_171_0_+disjointig_44_0_83253 73871 79787 83253 -1 -1 5513 0.00916507
Chain
	Aln	340	-ea98f6c3-9e40-4b6c-9b40-9c8d2a525ab9 210 6106 6119 +edge_171_0_+disjointig_44_0_83253 3465 9381 83253 -1 -1 5513 0.00916507
Chain
	Aln	49	+e950522d-8ec5-4728-9b4f-ab7ddb2c6cf0 16 6533 6541 -edge_25_0_+disjointig_2_0_55897 16834 23348 55897 -1 -1 6223 0.0054696
Chain
	Aln	48	-e950522d-8ec5-4728-9b4f-ab7ddb2c6cf0 7 6524 6541 +edge_25_0_+disjointig_2_0_55897 32548 39062 55897 -1 -1 6223 0.0054696
Chain
	Aln	302	+3a0a4462-bc9a-4070-a1ba-a9fab02f995d 121 3567 3569 +edge_152_0_-disjointig_60_6186_67457 30908 34365 61271 -1 -1 3370 0.00244561
Chain
	Aln	303	-3a0a4462-bc9a-4070-a1ba-a9fab02f995d 1 3447 3569 -edge_152_0_-disjointig_60_6186_67457 26905 30362 61271 -1 -1 3370 0.00244561
Chain
	Aln	97	+d5b461aa-a218-4bb6-ade5-b0d467795e51 11 16258 16268 -edge_49_0_+disjointig_32_0_79547 28515 44772 79547 -1 -1 16166 0.000483651
Chain
	Aln	96	-d5b461aa-a218-4bb6-ade5-b0d467795e51 9 16256 16268 +edge_49_0_+disjointig_32_0_79547 34774 51031 79547 -1 -1 16166 0.000483651
Chain
	Aln	307	+22d04682-0137-4738-aed6-e39ea4062654 3 4148 4151 -edge_154_0_+disjointig_18_11964_26268 1951 6096 14304 -1 -1 4096 0.00341586
Chain
	Aln	306	-22d04682-0137-4738-aed6-e39ea4062654 2 4147 4151 +edge_154_0_+disjointig_18_11964_26268 8207 12352 14304 -1 -1 4096 0.00341586
Chain
	Aln	38	+4307bcd8-a490-46ea-b60a-028709ad81d9 12 2593 2601 +edge_20_0_+disjointig_15_0_99894 30161 32741 99894 -1 -1 2578 0.00211332
Chain
	Aln	39	-4307bcd8-a490-46ea-b60a-028709ad81d9 7 2588 2601 -edge_20_0_+disjointig_15_0_99894 67152 69732 99894 -1 -1 2578 0.00211332
Chain
	Aln	333	+8de790a3-20c1-4c15-b85a-c2eda7cbaed5 16 2098 2104 -edge_167_0_-disjointig_64_0_49685 2909 4990 49685 -1 -1 2020 0.000617936
Chain
	Aln	332	-8de790a3-20c1-4c15-b85a-c2eda7cbaed5 5 2087 2104 +edge_167_0_-disjointig_64_0_49685 44694 46775 49685 -1 -1 2020 0.000617936
Chain
	Aln	55	+58c5ec29-f67e-4273-8139-e68aa9a66e0e 25 4302 8254 -edge_28_0_+disjointig_22_0_197748 7452 11743 197748 -1 -1 3944 0.00895103
Chain
	Aln	55	+58c5ec29-f67e-4273-8139-e68aa9a66e0e 5377 8248 8254 -edge_28_0_+disjointig_22_0_197748 13349 16237 197748 -1 -1 2405 0.0169521
Chain
	Aln	54	-58c5ec29-f67e-4273-8139-e68aa9a66e0e 3951 8228 8254 +edge_28_0_+disjointig_22_0_197748 186004 190295 197748 -1 -1 3944 0.00895103
Chain
	Aln	54	-58c5ec29-f67e-4273-8139-e68aa9a66e0e 5 2876 8254 +edge_28_0_+disjointig_22_0_197748 181510 184398 197748 -1 -1 2405 0.0169521
Chain
	Aln	349	+15b47596-f716-4c8b-807b-bf873b2f02de 8 16433 16438 -edge_175_1_+disjointig_49_70378_113247 3905 20330 42869 -1 -1 16322 0.00143106
Chain
	Aln	348	-15b47596-f716-4c8b-807b-bf873b2f02de 4 16429 16438 +edge_175_1_+disjointig_49_70378_113247 22538 38963 42869 -1 -1 16322 0.00143106
Chain
	Aln	341	+221e7244-94e9-45c7-80c1-dbf51a227ba3 6 6300 6310 -edge_171_0_+disjointig_44_0_83253 13743 20040 83253 -1 -1 6263 0
Chain
	Aln	340	-221e7244-94e9-45c7-80c1-dbf51a227ba3 9 6303 6310 +edge_171_0_+disjointig_44_0_83253 63212 69509 83253 -1 -1 6263 0
Chain
	Aln	239	+43812805-df6b-44e6-bd5c-58e5d1737041 17 3100 3102 -edge_120_0_-disjointig_87_6236_62149 39399 42485 55913 -1 -1 3081 0
Chain
	Aln	238	-43812805-df6b-44e6-bd5c-58e5d1737041 1 3084 3102 +edge_120_0_-disjointig_87_6236_62149 13427 16513 55913 -1 -1 3081 0
Chain
	Aln	276	+04094e76-5892-428a-999e-fabf38ad6a11 18 3678 3688 +edge_139_0_+disjointig_90_0_45227 3482 7148 45227 -1 -1 3516 0.00397605
Chain
	Aln	277	-04094e76-5892-428a-999e-fabf38ad6a11 9 3669 3688 -edge_139_0_+disjointig_90_0_45227 38078 41744 45227 -1 -1 3516 0.00397605
Chain
	Aln	54	+10037a1e-3b6c-4d42-a448-622cfe6edf3e 4 8868 8874 +edge_28_0_+disjointig_22_0_197748 72780 81648 197748 -1 -1 8800 0.00132386
Chain
	Aln	55	-10037a1e-3b6c-4d42-a448-622cfe6edf3e 5 8869 8874 -edge_28_0_+disjointig_22_0_197748 116099 124967 197748 -1 -1 8800 0.00132386
Chain
	Aln	297	+16e896e7-3817-4659-862a-e2a8bab27c1f 8 3415 3419 -edge_149_0_-disjointig_16_0_79715 69701 73112 79715 -1 -1 3368 0.00195151
Chain
	Aln	296	-16e896e7-3817-4659-862a-e2a8bab27c1f 3 3410 3419 +edge_149_0_-disjointig_16_0_79715 6602 10013 79715 -1 -1 3368 0.00195151
Chain
	Aln	341	+f9e6cb75-19a0-4628-862b-0f6898761686 14 3838 3841 -edge_171_0_+disjointig_44_0_83253 57175 60998 83253 -1 -1 3794 0.00234933
Chain
	Aln	340	-f9e6cb75-19a0-4628-862b-0f6898761686 2 3826 3841 +edge_171_0_+disjointig_44_0_83253 22254 26077 83253 -1 -1 3794 0.00234933
Chain
	Aln	239	+f0a83c1a-cbc9-4f4d-95f3-8fd0425e5e6b 6 7589 7597 -edge_120_0_-disjointig_87_6236_62149 45296 52879 55913 -1 -1 7507 0.00184726
Chain
	Aln	238	-f0a83c1a-cbc9-4f4d-95f3-8fd0425e5e6b 7 7590 7597 +edge_120_0_-disjointig_87_6236_62149 3033 10616 55913 -1 -1 7507 0.00184726
Chain
	Aln	100	+58d76c50-c3e2-4447-a50a-3240a8abe9b4 7 6528 6539 +edge_51_0_+disjointig_34_0_132203 6829 13359 132203 -1 -1 6449 0.00152841
Chain
	Aln	101	-58d76c50-c3e2-4447-a50a-3240a8abe9b4 10 6531 6539 -edge_51_0_+disjointig_34_0_132203 118843 125373 132203 -1 -1 6449 0.00152841
Chain
	Aln	349	+59b723de-b128-4e1a-beeb-36b450a0743f 8 3512 3514 -edge_175_0_+disjointig_49_27612_70378 38703 42198 42766 -1 -1 3420 0.00452416
Chain
	Aln	348	-59b723de-b128-4e1a-beeb-36b450a0743f 1 3505 3514 +edge_175_0_+disjointig_49_27612_70378 567 4062 42766 -1 -1 3420 0.00452416
Chain
	Aln	100	+c4fa2872-9025-4ed0-b056-b607ee0eb824 13 8057 8061 +edge_51_0_+disjointig_34_0_132203 120072 128116 132203 -1 -1 7919 0.00281537
Chain
	Aln	101	-c4fa2872-9025-4ed0-b056-b607ee0eb824 3 8047 8061 -edge_51_0_+disjointig_34_0_132203 4086 12130 132203 -1 -1 7919 0.00281537
Chain
	Aln	98	+db5cc1d2-5b43-41bf-af5e-9cdceccc092c 8 5034 5037 +edge_50_0_+disjointig_33_0_54467 31608 36635 54467 -1 -1 4969 0.000619566
Chain
	Aln	99	-db5cc1d2-5b43-41bf-af5e-9cdceccc092c 2 5028 5037 -edge_50_0_+disjointig_33_0_54467 17831 22858 54467 -1 -1 4969 0.000619566
Chain
	Aln	100	+b8d6be06-98ad-4d74-be0e-809f3f1359aa 13 8785 8790 +edge_51_0_+disjointig_34_0_132203 94894 103676 132203 -1 -1 8675 0.00195885
Chain
	Aln	101	-b8d6be06-98ad-4d74-be0e-809f3f1359aa 4 8776 8790 -edge_51_0_+disjointig_34_0_132203 28526 37308 132203 -1 -1 8675 0.00195885
Chain
	Aln	351	+80b75f8f-37ae-4fec-a092-c8403dfa2a53 19 3208 3211 -edge_176_0_+disjointig_68_0_26846 18880 22065 26846 -1 -1 3151 0.000295966
Chain
	Aln	350	-80b75f8f-37ae-4fec-a092-c8403dfa2a53 2 3191 3211 +edge_176_0_+disjointig_68_0_26846 4780 7965 26846 -1 -1 3151 0.000295966
Chain
	Aln	54	+a9c31957-10f2-4483-b450-b9e573608f1a 6 3113 3119 +edge_28_0_+disjointig_22_0_197748 28126 31234 197748 -1 -1 3101 0.00128607
Chain
	Aln	55	-a9c31957-10f2-4483-b450-b9e573608f1a 5 3112 3119 -edge_28_0_+disjointig_22_0_197748 166513 169621 197748 -1 -1 3101 0.00128607
Chain
	Aln	225	+2a5440be-4e02-4f43-8a97-580abd0a185f 10 6619 6624 -edge_113_0_+disjointig_63_0_39436 24473 31082 39436 -1 -1 6548 0.000976139
Chain
	Aln	224	-2a5440be-4e02-4f43-8a97-580abd0a185f 4 6613 6624 +edge_113_0_+disjointig_63_0_39436 8353 14962 39436 -1 -1 6548 0.000976139
Chain
	Aln	314	+95eba954-aa09-4cc4-87f8-2b2d2c90ecec 15 3305 3319 +edge_158_0_+disjointig_25_34644_66531 28594 31876 31887 -1 -1 3144 0.00538433
Chain
	Aln	315	-95eba954-aa09-4cc4-87f8-2b2d2c90ecec 13 3303 3319 -edge_158_0_+disjointig_25_34644_66531 10 3292 31887 -1 -1 3144 0.00538433
Chain
	Aln	101	+64a812c3-f540-49e7-9e4b-c599a51ed96c 8 2517 2520 -edge_51_0_+disjointig_34_0_132203 62405 64916 132203 -1 -1 2491 0.00154637
Chain
	Aln	100	-64a812c3-f540-49e7-9e4b-c599a51ed96c 2 2511 2520 +edge_51_0_+disjointig_34_0_132203 67286 69797 132203 -1 -1 2491 0.00154637
Chain
	Aln	97	+2aa20d38-eab6-45dc-957f-560b276ec869 4 13932 13940 -edge_49_0_+disjointig_32_0_79547 31905 45837 79547 -1 -1 13777 0.00110589
Chain
	Aln	96	-2aa20d38-eab6-45dc-957f-560b276ec869 7 13935 13940 +edge_49_0_+disjointig_32_0_79547 33709 47641 79547 -1 -1 13777 0.00110589
Chain
	Aln	218	+d9710722-619e-4fba-aca7-ac8082ccb81c 24 14231 14239 +edge_110_0_+disjointig_59_0_17897 3676 17890 17897 -1 -1 13979 0.000143689
Chain
	Aln	219	-d9710722-619e-4fba-aca7-ac8082ccb81c 7 14214 14239 -edge_110_0_+disjointig_59_0_17897 6 14220 17897 -1 -1 13979 0.000143689
Chain
	Aln	92	+a1b7a913-d460-41c0-8785-a551f5467d0d 9 3794 3799 +edge_47_0_+disjointig_30_0_164630 156089 159879 164630 -1 -1 3713 0.00425468
Chain
	Aln	93	-a1b7a913-d460-41c0-8785-a551f5467d0d 4 3789 3799 -edge_47_0_+disjointig_30_0_164630 4750 8540 164630 -1 -1 3713 0.00425468
Chain
	Aln	289	+41929973-214a-4b8d-9148-02ede4ddfe06 10 2597 8152 -edge_145_0_+disjointig_98_0_3808 1113 3807 3808 -1 -1 1812 0.0332257
Chain
	Aln	288	-41929973-214a-4b8d-9148-02ede4ddfe06 5554 8141 8152 +edge_145_0_+disjointig_98_0_3808 0 2694 3808 -1 -1 1812 0.0332257
Chain
	Aln	156	+7f5217ec-6346-4f5e-86b5-39854e6f8445 4 2019 2026 +edge_79_0_+disjointig_44_99890_232551 65992 68008 132661 -1 -1 1995 0.000155866
Chain
	Aln	157	-7f5217ec-6346-4f5e-86b5-39854e6f8445 6 2021 2026 -edge_79_0_+disjointig_44_99890_232551 64652 66668 132661 -1 -1 1995 0.000155866
Chain
	Aln	187	+3f8c9720-d713-47fe-bde9-fe866e1c0bbf 17 3969 3973 -edge_94_0_+disjointig_47_0_105696 48537 52484 105696 -1 -1 3923 0.00102681
Chain
	Aln	186	-3f8c9720-d713-47fe-bde9-fe866e1c0bbf 3 3955 3973 +edge_94_0_+disjointig_47_0_105696 53211 57158 105696 -1 -1 3923 0.00102681
Chain
	Aln	348	+487ca1eb-e897-40d8-954c-ea7dcf8cd72f 3 2384 2395 +edge_175_0_+disjointig_49_27612_70378 14649 17030 42766 -1 -1 2381 0.00126942
Chain
	Aln	349	-487ca1eb-e897-40d8-954c-ea7dcf8cd72f 10 2391 2395 -edge_175_0_+disjointig_49_27612_70378 25735 28116 42766 -1 -1 2381 0.00126942
Chain
	Aln	179	+9da6f88e-a30a-4a7d-8b56-f35588f4fbe3 26 14198 14217 -edge_90_0_-disjointig_61_33235_113950 12241 26376 80715 -1 -1 12005 0.015208
Chain
	Aln	178	-9da6f88e-a30a-4a7d-8b56-f35588f4fbe3 18 14190 14217 +edge_90_0_-disjointig_61_33235_113950 54338 68473 80715 -1 -1 12005 0.015208
Chain
	Aln	307	+53f556c6-68fc-4490-a415-083620f20895 55 1840 2718 -edge_154_0_+disjointig_18_11964_26268 12503 14303 14304 -1 -1 1565 0.0169388
	Aln	307	+53f556c6-68fc-4490-a415-083620f20895 1852 2639 2718 -edge_154_0_+disjointig_18_11964_26268 12 802 14304 -1 -1 520 0.040532
Chain
	Aln	306	-53f556c6-68fc-4490-a415-083620f20895 78 865 2718 +edge_154_0_+disjointig_18_11964_26268 13501 14291 14304 -1 -1 520 0.040532
	Aln	306	-53f556c6-68fc-4490-a415-083620f20895 877 2662 2718 +edge_154_0_+disjointig_18_11964_26268 0 1800 14304 -1 -1 1565 0.0169388
Chain
	Aln	259	+40f1b6fc-23bc-4fbb-baad-89e46857bf88 1 6084 6102 -edge_130_0_+disjointig_76_0_18842 10918 16999 18842 -1 -1 6032 0.00098078
Chain
	Aln	258	-40f1b6fc-23bc-4fbb-baad-89e46857bf88 17 6100 6102 +edge_130_0_+disjointig_76_0_18842 1842 7923 18842 -1 -1 6032 0.00098078
Chain
	Aln	158	+6dd2b7fe-5b82-414d-9120-f6aa526712ac 15 5630 5635 +edge_80_0_-disjointig_50_37077_62704 8061 13671 25627 -1 -1 5490 0.00291631
Chain
	Aln	159	-6dd2b7fe-5b82-414d-9120-f6aa526712ac 4 5619 5635 -edge_80_0_-disjointig_50_37077_62704 11955 17565 25627 -1 -1 5490 0.00291631
Chain
	Aln	187	+db553b52-48b5-4b97-a07e-8e0bdf7390ae 8 4311 4313 -edge_94_0_+disjointig_47_0_105696 77659 81962 105696 -1 -1 4270 0.000920779
Chain
	Aln	186	-db553b52-48b5-4b97-a07e-8e0bdf7390ae 1 4304 4313 +edge_94_0_+disjointig_47_0_105696 23733 28036 105696 -1 -1 4270 0.000920779
Chain
	Aln	309	+6c55c7e2-62dc-4e4d-9521-e47fcb384578 1 6670 6722 -edge_155_0_+disjointig_92_0_28863 8087 14755 28863 -1 -1 6473 0.00292041
Chain
	Aln	308	-6c55c7e2-62dc-4e4d-9521-e47fcb384578 51 6720 6722 +edge_155_0_+disjointig_92_0_28863 14107 20775 28863 -1 -1 6473 0.00292041
Chain
	Aln	318	+524cf69d-6ffc-414a-8601-5434de4c2a6a 2 2427 2429 +edge_160_0_-disjointig_48_0_101253 19351 21776 101253 -1 -1 2425 0.000701013
Chain
	Aln	319	-524cf69d-6ffc-414a-8601-5434de4c2a6a 1 2426 2429 -edge_160_0_-disjointig_48_0_101253 79476 81901 101253 -1 -1 2425 0.000701013
Chain
	Aln	254	+de1b94e1-cb8b-47b9-bc93-4460ba0dc9c9 7 6689 7252 +edge_128_0_-disjointig_81_3396_22876 12788 19471 19480 -1 -1 6632 0.00133277
Chain
	Aln	255	-de1b94e1-cb8b-47b9-bc93-4460ba0dc9c9 562 7244 7252 -edge_128_0_-disjointig_81_3396_22876 8 6691 19480 -1 -1 6632 0.00133277
Chain
	Aln	53	+ffa22929-bbb1-45ea-8cd2-4ea866882dd2 2 9111 9113 -edge_27_0_+disjointig_21_0_54132 22719 31831 54132 -1 -1 9019 0.00188329
Chain
	Aln	52	-ffa22929-bbb1-45ea-8cd2-4ea866882dd2 1 9110 9113 +edge_27_0_+disjointig_21_0_54132 22300 31412 54132 -1 -1 9019 0.00188329
Chain
	Aln	98	+40f96c32-a81c-4721-b142-2a2a68698937 8 3645 3647 +edge_50_0_+disjointig_33_0_54467 4512 8152 54467 -1 -1 3561 0.00289906
Chain
	Aln	99	-40f96c32-a81c-4721-b142-2a2a68698937 1 3638 3647 -edge_50_0_+disjointig_33_0_54467 46314 49954 54467 -1 -1 3561 0.00289906
Chain
	Aln	187	+5d4708f5-027a-47e5-9291-e4987acae07a 7 7441 7443 -edge_94_0_+disjointig_47_0_105696 5017 12476 105696 -1 -1 6984 0.00503353
Chain
	Aln	186	-5d4708f5-027a-47e5-9291-e4987acae07a 1 7435 7443 +edge_94_0_+disjointig_47_0_105696 93219 100678 105696 -1 -1 6984 0.00503353
Chain
	Aln	39	+852f466b-b346-4de6-ac3c-008b378ccad4 4 2362 2369 -edge_20_0_+disjointig_15_0_99894 62632 64991 99894 -1 -1 2298 0.00255955
Chain
	Aln	38	-852f466b-b346-4de6-ac3c-008b378ccad4 6 2364 2369 +edge_20_0_+disjointig_15_0_99894 34902 37261 99894 -1 -1 2298 0.00255955
Chain
	Aln	351	+c31bb698-4c5f-4412-93fa-51317ad8fd56 4 7316 7322 -edge_176_0_+disjointig_68_0_26846 10096 17411 26846 -1 -1 7185 0.00257644
Chain
	Aln	350	-c31bb698-4c5f-4412-93fa-51317ad8fd56 5 7317 7322 +edge_176_0_+disjointig_68_0_26846 9434 16749 26846 -1 -1 7185 0.00257644
Chain
	Aln	299	+e331bf7f-3396-4acd-8725-33743d1d2b61 4 9085 9106 -edge_150_0_+disjointig_11_11851_75629 747 9839 63778 -1 -1 8984 0.000987945
Chain
	Aln	298	-e331bf7f-3396-4acd-8725-33743d1d2b61 20 9101 9106 +edge_150_0_+disjointig_11_11851_75629 53938 63030 63778 -1 -1 8984 0.000987945
Chain
	Aln	299	+07c705a8-845c-457d-a435-0cd613026527 18 2356 2362 -edge_150_0_+disjointig_11_11851_75629 42656 44993 63778 -1 -1 2298 0.0016047
Chain
	Aln	298	-07c705a8-845c-457d-a435-0cd613026527 5 2343 2362 +edge_150_0_+disjointig_11_11851_75629 18784 21121 63778 -1 -1 2298 0.0016047
Chain
	Aln	258	+ee3bee74-5577-48c9-b529-8c89558bb714 7 4456 4464 +edge_130_0_+disjointig_76_0_18842 9832 14285 18842 -1 -1 4405 0.000245144
Chain
	Aln	259	-ee3bee74-5577-48c9-b529-8c89558bb714 7 4456 4464 -edge_130_0_+disjointig_76_0_18842 4556 9009 18842 -1 -1 4405 0.000245144
Chain
	Aln	262	+16a4eb08-a5a4-4cf1-8530-5a5f9f0457a4 11 8014 8020 +edge_132_0_+disjointig_79_0_16383 3176 11171 16383 -1 -1 7788 0.00293889
Chain
	Aln	263	-16a4eb08-a5a4-4cf1-8530-5a5f9f0457a4 5 8008 8020 -edge_132_0_+disjointig_79_0_16383 5211 13206 16383 -1 -1 7788 0.00293889
Chain
	Aln	186	+31749385-1a8d-4421-a53a-2c3e15e1effa 4 14157 14159 +edge_94_0_+disjointig_47_0_105696 51439 65602 105696 -1 -1 13982 0.000668132
Chain
	Aln	187	-31749385-1a8d-4421-a53a-2c3e15e1effa 1 14154 14159 -edge_94_0_+disjointig_47_0_105696 40093 54256 105696 -1 -1 13982 0.000668132
Chain
	Aln	313	+7adac2cc-5f33-4056-8b2d-6ceb5acf4e3e 13 2096 2101 -edge_157_0_+disjointig_26_0_75776 25626 27704 75776 -1 -1 2011 0.00371313
Chain
	Aln	312	-7adac2cc-5f33-4056-8b2d-6ceb5acf4e3e 4 2087 2101 +edge_157_0_+disjointig_26_0_75776 48071 50149 75776 -1 -1 2011 0.00371313
Chain
	Aln	165	+7c95289c-87f7-491d-8864-9bac8d5ace5f 31 2059 2062 -edge_83_0_-disjointig_71_8379_80660 4005 6033 72281 -1 -1 2003 0.00066635
Chain
	Aln	164	-7c95289c-87f7-491d-8864-9bac8d5ace5f 2 2030 2062 +edge_83_0_-disjointig_71_8379_80660 66247 68275 72281 -1 -1 2003 0.00066635
Chain
	Aln	302	+704e8cc1-96ec-44a9-9601-a6ba1ec5402a 8 11669 11680 +edge_152_0_-disjointig_60_6186_67457 13214 24860 61271 -1 -1 11510 0.00234836
Chain
	Aln	303	-704e8cc1-96ec-44a9-9601-a6ba1ec5402a 10 11671 11680 -edge_152_0_-disjointig_60_6186_67457 36410 48056 61271 -1 -1 11510 0.00234836
Chain
	Aln	53	+455a9b23-133b-4bdb-b49f-7639eaa55697 9 9734 9736 -edge_27_0_+disjointig_21_0_54132 44382 54130 54132 -1 -1 8760 0.0112314
Chain
	Aln	52	-455a9b23-133b-4bdb-b49f-7639eaa55697 1 9726 9736 +edge_27_0_+disjointig_21_0_54132 1 9749 54132 -1 -1 8760 0.0112314
Chain
	Aln	325	+fae0d0c4-dfd9-409a-a5a7-85e589571870 13 8604 8613 -edge_163_0_+disjointig_88_0_21860 4801 13390 21860 -1 -1 8539 0.00043693
Chain
	Aln	324	-fae0d0c4-dfd9-409a-a5a7-85e589571870 8 8599 8613 +edge_163_0_+disjointig_88_0_21860 8469 17058 21860 -1 -1 8539 0.00043693
Chain
	Aln	37	+e2d1a2f1-8fad-41e5-a446-5a4930574c88 7 24396 24400 -edge_19_0_+disjointig_14_0_104795 26469 50873 104795 -1 -1 23948 0.00143964
Chain
	Aln	36	-e2d1a2f1-8fad-41e5-a446-5a4930574c88 3 24392 24400 +edge_19_0_+disjointig_14_0_104795 53921 78325 104795 -1 -1 23948 0.00143964
Chain
	Aln	313	+db272d34-b57b-42d0-9b31-1a25f4935080 7 32691 32693 -edge_157_0_+disjointig_26_0_75776 6864 39547 75776 -1 -1 32433 0.000439756
Chain
	Aln	312	-db272d34-b57b-42d0-9b31-1a25f4935080 1 32685 32693 +edge_157_0_+disjointig_26_0_75776 36228 68911 75776 -1 -1 32433 0.000439756
Chain
	Aln	156	+27b01c54-184d-4033-933d-b6b8dfa3fc4d 5 4573 4580 +edge_79_0_+disjointig_44_99890_232551 14848 19417 132661 -1 -1 4505 0.00241923
Chain
	Aln	157	-27b01c54-184d-4033-933d-b6b8dfa3fc4d 6 4574 4580 -edge_79_0_+disjointig_44_99890_232551 113243 117812 132661 -1 -1 4505 0.00241923
Chain
	Aln	145	+f1917842-1caa-4fee-804d-6584b3f1f5fa 9 969 2404 -edge_73_8_-disjointig_71_5620_6613 31 992 993 -1 -1 950 0.00117573
	Aln	148	+f1917842-1caa-4fee-804d-6584b3f1f5fa 970 2401 2404 +edge_75_0_-disjointig_44_145929_148136 1 1442 2207 -1 -1 1319 0.008602
Chain
	Aln	149	-f1917842-1caa-4fee-804d-6584b3f1f5fa 2 1433 2404 -edge_75_0_-disjointig_44_145929_148136 764 2205 2207 -1 -1 1319 0.008602
	Aln	144	-f1917842-1caa-4fee-804d-6584b3f1f5fa 1434 2394 2404 +edge_73_8_-disjointig_71_5620_6613 0 961 993 -1 -1 950 0.00117573
Chain
	Aln	232	+e07fcf7b-4807-4e34-b963-9c4478a03295 13 21216 21227 +edge_117_0_+disjointig_69_0_75545 54334 75535 75545 -1 -1 19604 0.00455587
Chain
	Aln	233	-e07fcf7b-4807-4e34-b963-9c4478a03295 10 21213 21227 -edge_117_0_+disjointig_69_0_75545 9 21210 75545 -1 -1 19604 0.00455587
Chain
	Aln	233	+59160d13-11ad-479a-92b2-b32e6a6e4818 13 18705 18722 -edge_117_0_+disjointig_69_0_75545 16031 34775 75545 -1 -1 17635 0.00628171
Chain
	Aln	232	-59160d13-11ad-479a-92b2-b32e6a6e4818 16 18708 18722 +edge_117_0_+disjointig_69_0_75545 40769 59513 75545 -1 -1 17635 0.00628171
Chain
	Aln	346	+b7216c81-398e-44a9-bee8-4900169e6b44 10 4918 4922 +edge_174_0_-disjointig_82_8444_31160 1630 6536 22716 -1 -1 4858 0
Chain
	Aln	347	-b7216c81-398e-44a9-bee8-4900169e6b44 3 4911 4922 -edge_174_0_-disjointig_82_8444_31160 16179 21085 22716 -1 -1 4858 0
Chain
	Aln	247	+25c2040b-ac63-42d9-8ca0-e6db2841aafd 5 12905 12908 -edge_124_0_+disjointig_70_0_27545 11984 24894 27545 -1 -1 12639 0.00231859
Chain
	Aln	246	-25c2040b-ac63-42d9-8ca0-e6db2841aafd 2 12902 12908 +edge_124_0_+disjointig_70_0_27545 2650 15560 27545 -1 -1 12639 0.00231859
Chain
	Aln	103	+bf7c34e8-d33c-4fee-9ae4-ebbc052a9089 12 7064 8082 -edge_52_0_+disjointig_35_0_49615 42560 49614 49615 -1 -1 6943 0.00289649
Chain
	Aln	102	-bf7c34e8-d33c-4fee-9ae4-ebbc052a9089 1017 8069 8082 +edge_52_0_+disjointig_35_0_49615 0 7054 49615 -1 -1 6943 0.00289649
Chain
	Aln	318	+89d1917f-aa95-4cec-a7f5-c57752a97efd 37 8285 8327 +edge_160_0_-disjointig_48_0_101253 31276 39549 101253 -1 -1 5858 0.0320463
Chain
	Aln	319	-89d1917f-aa95-4cec-a7f5-c57752a97efd 41 8289 8327 -edge_160_0_-disjointig_48_0_101253 61703 69976 101253 -1 -1 5858 0.0320463
Chain
	Aln	306	+b966304d-6a23-420d-8986-8a2c7766f114 18 3169 14236 +edge_154_0_+disjointig_18_11964_26268 11153 14293 14304 -1 -1 3125 0.00273721
	Aln	306	+b966304d-6a23-420d-8986-8a2c7766f114 3181 14234 14236 +edge_154_0_+disjointig_18_11964_26268 1 11118 14304 -1 -1 10308 0.00751696
Chain
	Aln	307	-b966304d-6a23-420d-8986-8a2c7766f114 1 11054 14236 -edge_154_0_+disjointig_18_11964_26268 3185 14302 14304 -1 -1 10308 0.00751696
	Aln	307	-b966304d-6a23-420d-8986-8a2c7766f114 11066 14217 14236 -edge_154_0_+disjointig_18_11964_26268 10 3150 14304 -1 -1 3125 0.00273721
Chain
	Aln	157	+d301d836-4699-4e2e-87a7-dcd5cb6ff82e 6 4059 5100 -edge_79_0_+disjointig_44_99890_232551 128611 132660 132661 -1 -1 4023 0
	Aln	151	+d301d836-4699-4e2e-87a7-dcd5cb6ff82e 4069 5032 5100 -edge_76_1_+disjointig_44_98117_99890 9 971 1773 -1 -1 900 0.00822644
Chain
	Aln	150	-d301d836-4699-4e2e-87a7-dcd5cb6ff82e 67 1030 5100 +edge_76_1_+disjointig_44_98117_99890 801 1763 1773 -1 -1 900 0.00822644
	Aln	156	-d301d836-4699-4e2e-87a7-dcd5cb6ff82e 1040 5093 5100 +edge_79_0_+disjointig_44_99890_232551 0 4049 132661 -1 -1 4023 0
Chain
	Aln	192	+d17878f6-8329-4a3e-8506-4d232f40de65 1 17853 17859 +edge_97_0_+disjointig_5_0_31051 12983 30823 31051 -1 -1 17521 0.00211987
Chain
	Aln	193	-d17878f6-8329-4a3e-8506-4d232f40de65 5 17857 17859 -edge_97_0_+disjointig_5_0_31051 227 18067 31051 -1 -1 17521 0.00211987
Chain
	Aln	92	+62fe6770-5adb-472f-8700-645dd5234d39 4 12011 12017 +edge_47_0_+disjointig_30_0_164630 42058 54078 164630 -1 -1 11823 0.0021137
Chain
	Aln	93	-62fe6770-5adb-472f-8700-645dd5234d39 5 12012 12017 -edge_47_0_+disjointig_30_0_164630 110551 122571 164630 -1 -1 11823 0.0021137
Chain
	Aln	96	+c1ce0861-62da-42a8-91a5-9a03ed33e689 10 18594 19431 +edge_49_0_+disjointig_32_0_79547 60911 79541 79547 -1 -1 17197 0.00446283
Chain
	Aln	97	-c1ce0861-62da-42a8-91a5-9a03ed33e689 836 19420 19431 -edge_49_0_+disjointig_32_0_79547 5 18635 79547 -1 -1 17197 0.00446283
Chain
	Aln	309	+b628efac-ba9c-46c8-af0f-f492c6e0a126 4 6587 6597 -edge_155_0_+disjointig_92_0_28863 6829 13415 28863 -1 -1 6506 0.000771068
Chain
	Aln	308	-b628efac-ba9c-46c8-af0f-f492c6e0a126 9 6592 6597 +edge_155_0_+disjointig_92_0_28863 15447 22033 28863 -1 -1 6506 0.000771068
Chain
	Aln	262	+61e8fa6f-ea24-4eb9-871e-df1ac6ed631b 14425 30757 30817 +edge_132_0_+disjointig_79_0_16383 1 16328 16383 -1 -1 15769 0.00382774
Chain
	Aln	263	-61e8fa6f-ea24-4eb9-871e-df1ac6ed631b 59 16391 30817 -edge_132_0_+disjointig_79_0_16383 54 16381 16383 -1 -1 15769 0.00382774
Chain
	Aln	345	+f0ee1928-4fcd-4532-8ce3-73f8e0647246 8 11315 11321 -edge_173_0_-disjointig_53_5113_59202 18242 29550 54089 -1 -1 11255 0.000713935
Chain
	Aln	344	-f0ee1928-4fcd-4532-8ce3-73f8e0647246 5 11312 11321 +edge_173_0_-disjointig_53_5113_59202 24538 35846 54089 -1 -1 11255 0.000713935
Chain
	Aln	312	+d551cea9-1f4d-4ae2-b82b-d191a25a6d8d 9 4354 4361 +edge_157_0_+disjointig_26_0_75776 13529 17873 75776 -1 -1 4338 0.000430874
Chain
	Aln	313	-d551cea9-1f4d-4ae2-b82b-d191a25a6d8d 6 4351 4361 -edge_157_0_+disjointig_26_0_75776 57902 62246 75776 -1 -1 4338 0.000430874
Chain
	Aln	39	+6a5cb443-9ddc-473a-89ee-f96bf2ebb96b 4 7104 7106 -edge_20_0_+disjointig_15_0_99894 72830 79926 99894 -1 -1 7077 0.000867903
Chain
	Aln	38	-6a5cb443-9ddc-473a-89ee-f96bf2ebb96b 1 7101 7106 +edge_20_0_+disjointig_15_0_99894 19967 27063 99894 -1 -1 7077 0.000867903
Chain
	Aln	356	+58bb73a6-b91e-41c8-9a20-d9a6ba07338d 23 3651 3658 +edge_179_0_+disjointig_67_0_82889 74168 77795 82889 -1 -1 3579 0.00214637
Chain
	Aln	357	-58bb73a6-b91e-41c8-9a20-d9a6ba07338d 6 3634 3658 -edge_179_0_+disjointig_67_0_82889 5093 8720 82889 -1 -1 3579 0.00214637
Chain
	Aln	93	+660c81c2-4a95-4625-9491-26adbbe51d98 10 7783 7791 -edge_47_0_+disjointig_30_0_164630 132089 139858 164630 -1 -1 7661 0.00122358
Chain
	Aln	92	-660c81c2-4a95-4625-9491-26adbbe51d98 7 7780 7791 +edge_47_0_+disjointig_30_0_164630 24771 32540 164630 -1 -1 7661 0.00122358
Chain
	Aln	344	+b8a59304-4f9c-4abf-9914-3d0004403fa7 6 11315 11318 +edge_173_0_-disjointig_53_5113_59202 24519 35832 54089 -1 -1 11220 0.00105986
Chain
	Aln	345	-b8a59304-4f9c-4abf-9914-3d0004403fa7 2 11311 11318 -edge_173_0_-disjointig_53_5113_59202 18256 29569 54089 -1 -1 11220 0.00105986
Chain
	Aln	36	+ea069f61-87d2-4eed-a6c3-da165e9310b6 39 22376 22378 +edge_19_0_+disjointig_14_0_104795 34226 56559 104795 -1 -1 21002 0.00662462
Chain
	Aln	37	-ea069f61-87d2-4eed-a6c3-da165e9310b6 1 22338 22378 -edge_19_0_+disjointig_14_0_104795 48235 70568 104795 -1 -1 21002 0.00662462
Chain
	Aln	216	+80434910-1b83-4a90-a2a0-b440ad14b2fd 17 11004 11278 +edge_109_0_+disjointig_58_0_33005 1796 12783 33005 -1 -1 10871 0.00135722
Chain
	Aln	217	-80434910-1b83-4a90-a2a0-b440ad14b2fd 273 11260 11278 -edge_109_0_+disjointig_58_0_33005 20221 31208 33005 -1 -1 10871 0.00135722
Chain
	Aln	215	+b8ac0f8c-f28e-4083-ad46-efc44bb3fffb 15 2023 2064 -edge_108_0_+disjointig_57_0_28352 8607 10628 28352 -1 -1 1849 0.00859544
Chain
	Aln	214	-b8ac0f8c-f28e-4083-ad46-efc44bb3fffb 40 2048 2064 +edge_108_0_+disjointig_57_0_28352 17723 19744 28352 -1 -1 1849 0.00859544
Chain
	Aln	348	+e348a2c4-693a-4995-9267-7bb7cebc70ac 6 2831 2834 +edge_175_1_+disjointig_49_70378_113247 27097 29922 42869 -1 -1 2825 0
Chain
	Aln	349	-e348a2c4-693a-4995-9267-7bb7cebc70ac 2 2827 2834 -edge_175_1_+disjointig_49_70378_113247 12946 15771 42869 -1 -1 2825 0
Chain
	Aln	344	+f6e47c41-6a70-4034-90bc-519e165f6b0c 15 2326 2328 +edge_173_0_-disjointig_53_5113_59202 24930 27242 54089 -1 -1 2299 0.00052114
Chain
	Aln	345	-f6e47c41-6a70-4034-90bc-519e165f6b0c 1 2312 2328 -edge_173_0_-disjointig_53_5113_59202 26846 29158 54089 -1 -1 2299 0.00052114
Chain
	Aln	36	+3327391b-ba4b-4892-87dc-21f8bfabaa08 25 2928 2946 +edge_19_0_+disjointig_14_0_104795 23797 26700 104795 -1 -1 2901 0.0011255
Chain
	Aln	37	-3327391b-ba4b-4892-87dc-21f8bfabaa08 17 2920 2946 -edge_19_0_+disjointig_14_0_104795 78094 80997 104795 -1 -1 2901 0.0011255
Chain
	Aln	100	+448ba71c-088d-4cd2-a52a-49044677f25a 10 2023 2033 +edge_51_0_+disjointig_34_0_132203 74086 76100 132203 -1 -1 2002 0
Chain
	Aln	101	-448ba71c-088d-4cd2-a52a-49044677f25a 9 2022 2033 -edge_51_0_+disjointig_34_0_132203 56102 58116 132203 -1 -1 2002 0
Chain
	Aln	92	+1372a9ba-6d38-4e1a-a7a2-617ee0bb8522 3 4935 4948 +edge_47_0_+disjointig_30_0_164630 45305 50242 164630 -1 -1 4685 0.00616859
Chain
	Aln	93	-1372a9ba-6d38-4e1a-a7a2-617ee0bb8522 12 4944 4948 -edge_47_0_+disjointig_30_0_164630 114387 119324 164630 -1 -1 4685 0.00616859
Chain
	Aln	172	+d3788034-6818-4bd9-b959-9fe78e6f4ddf 5 12895 12897 +edge_87_0_+disjointig_50_31455_62704 5806 18838 31249 -1 -1 12476 0.0036604
Chain
	Aln	173	-d3788034-6818-4bd9-b959-9fe78e6f4ddf 1 12891 12897 -edge_87_0_+disjointig_50_31455_62704 12410 25442 31249 -1 -1 12476 0.0036604
Chain
	Aln	37	+5f50da4d-b6d2-4522-a944-d5107dda96aa 12 5124 5129 -edge_19_0_+disjointig_14_0_104795 29581 34695 104795 -1 -1 5075 0
Chain
	Aln	36	-5f50da4d-b6d2-4522-a944-d5107dda96aa 4 5116 5129 +edge_19_0_+disjointig_14_0_104795 70099 75213 104795 -1 -1 5075 0
Chain
	Aln	192	+9e0a1d3c-1c1f-4926-a037-3b0d92114a5d 3 29912 29931 +edge_97_0_+disjointig_5_0_31051 1075 31034 31051 -1 -1 28197 0.00480419
Chain
	Aln	193	-9e0a1d3c-1c1f-4926-a037-3b0d92114a5d 18 29927 29931 -edge_97_0_+disjointig_5_0_31051 16 29975 31051 -1 -1 28197 0.00480419
Chain
	Aln	211	+2ba11269-bce5-444c-8e5f-1b5faa357260 14 8895 8903 -edge_106_0_+disjointig_77_4957_29687 13 8898 24730 -1 -1 8735 0.00222661
Chain
	Aln	210	-2ba11269-bce5-444c-8e5f-1b5faa357260 7 8888 8903 +edge_106_0_+disjointig_77_4957_29687 15831 24716 24730 -1 -1 8735 0.00222661
Chain
	Aln	297	+85797655-23a4-4165-a492-205d1528b746 17 6331 6336 -edge_149_0_-disjointig_16_0_79715 65863 72181 79715 -1 -1 6246 0.00113507
Chain
	Aln	296	-85797655-23a4-4165-a492-205d1528b746 4 6318 6336 +edge_149_0_-disjointig_16_0_79715 7533 13851 79715 -1 -1 6246 0.00113507
Chain
	Aln	348	+2dc48178-e12f-40fa-9f5f-6d598145c127 12 15380 15383 +edge_175_1_+disjointig_49_70378_113247 18645 34054 42869 -1 -1 14523 0.0063967
Chain
	Aln	349	-2dc48178-e12f-40fa-9f5f-6d598145c127 2 15370 15383 -edge_175_1_+disjointig_49_70378_113247 8814 24223 42869 -1 -1 14523 0.0063967
Chain
	Aln	296	+3d75f4b2-7190-48a5-a821-2c3bd2ffbcee 9 2685 2690 +edge_149_0_-disjointig_16_0_79715 48262 50955 79715 -1 -1 2529 0.00632872
Chain
	Aln	297	-3d75f4b2-7190-48a5-a821-2c3bd2ffbcee 4 2680 2690 -edge_149_0_-disjointig_16_0_79715 28759 31452 79715 -1 -1 2529 0.00632872
Chain
	Aln	51	+5bd3cf56-bd22-4a79-aabc-f2a029bc8097 4 3507 3514 -edge_26_0_+disjointig_20_0_104137 99380 102971 104137 -1 -1 3431 0.0032349
Chain
	Aln	50	-5bd3cf56-bd22-4a79-aabc-f2a029bc8097 6 3509 3514 +edge_26_0_+disjointig_20_0_104137 1165 4756 104137 -1 -1 3431 0.0032349
Chain
	Aln	348	+865e944a-ca6e-41f8-bb23-6862c731dd6e 3 5652 10317 +edge_175_1_+disjointig_49_70378_113247 37216 42859 42869 -1 -1 5580 0.00272815
	Aln	348	+865e944a-ca6e-41f8-bb23-6862c731dd6e 5669 10315 10317 +edge_175_0_+disjointig_49_27612_70378 7 4650 42766 -1 -1 4578 0.0032547
Chain
	Aln	349	-865e944a-ca6e-41f8-bb23-6862c731dd6e 1 4647 10317 -edge_175_0_+disjointig_49_27612_70378 38115 42758 42766 -1 -1 4578 0.0032547
	Aln	349	-865e944a-ca6e-41f8-bb23-6862c731dd6e 4664 10313 10317 -edge_175_1_+disjointig_49_70378_113247 9 5652 42869 -1 -1 5580 0.00272815
Chain
	Aln	311	+92509d57-f145-4cbb-a6a2-a6571e0bfd61 10 2347 2353 -edge_156_0_+disjointig_23_18615_58974 25423 27763 40359 -1 -1 2323 0
Chain
	Aln	310	-92509d57-f145-4cbb-a6a2-a6571e0bfd61 5 2342 2353 +edge_156_0_+disjointig_23_18615_58974 12595 14935 40359 -1 -1 2323 0
Chain
	Aln	49	+1e5f3375-c2cf-4bd5-a186-795e7f0b6986 12 11068 11072 -edge_25_0_+disjointig_2_0_55897 17679 28731 55897 -1 -1 10940 0.00145448
Chain
	Aln	48	-1e5f3375-c2cf-4bd5-a186-795e7f0b6986 3 11059 11072 +edge_25_0_+disjointig_2_0_55897 27165 38217 55897 -1 -1 10940 0.00145448
Chain
	Aln	305	+115f960c-e323-4401-b708-b25fd9d3a6f1 5 9287 9302 -edge_153_0_+disjointig_12_8982_46009 24158 33446 37027 -1 -1 9178 0.00052809
Chain
	Aln	304	-115f960c-e323-4401-b708-b25fd9d3a6f1 14 9296 9302 +edge_153_0_+disjointig_12_8982_46009 3580 12868 37027 -1 -1 9178 0.00052809
Chain
	Aln	259	+2ea6c518-1b00-4c6f-9f63-4904c12b68cb 4 2198 2200 -edge_130_0_+disjointig_76_0_18842 3490 5684 18842 -1 -1 2167 4.15333e-05
Chain
	Aln	258	-2ea6c518-1b00-4c6f-9f63-4904c12b68cb 1 2195 2200 +edge_130_0_+disjointig_76_0_18842 13157 15351 18842 -1 -1 2167 4.15333e-05
Chain
	Aln	182	+d2f70ab5-96d5-447a-8128-e353da9c4522 27 3831 3842 +edge_92_0_+disjointig_45_0_7802 3978 7792 7802 -1 -1 3730 0.00308389
Chain
	Aln	183	-d2f70ab5-96d5-447a-8128-e353da9c4522 10 3814 3842 -edge_92_0_+disjointig_45_0_7802 9 3823 7802 -1 -1 3730 0.00308389
Chain
	Aln	54	+2c2df1d9-d175-4b17-8b2e-4dcec9073f51 13 5198 5205 +edge_28_0_+disjointig_22_0_197748 174337 179539 197748 -1 -1 4945 0.00482245
Chain
	Aln	55	-2c2df1d9-d175-4b17-8b2e-4dcec9073f51 6 5191 5205 -edge_28_0_+disjointig_22_0_197748 18208 23410 197748 -1 -1 4945 0.00482245
Chain
	Aln	101	+962c05ef-4990-4302-a28e-31f2270eea07 5 8003 8012 -edge_51_0_+disjointig_34_0_132203 122643 130647 132203 -1 -1 7776 0.00328774
Chain
	Aln	100	-962c05ef-4990-4302-a28e-31f2270eea07 8 8006 8012 +edge_51_0_+disjointig_34_0_132203 1555 9559 132203 -1 -1 7776 0.00328774
Chain
	Aln	98	+30324c79-808f-4239-9293-f7a44e56113c 1 6512 6520 +edge_50_0_+disjointig_33_0_54467 32879 39409 54467 -1 -1 6374 0.00117298
Chain
	Aln	99	-30324c79-808f-4239-9293-f7a44e56113c 7 6518 6520 -edge_50_0_+disjointig_33_0_54467 15057 21587 54467 -1 -1 6374 0.00117298
Chain
	Aln	246	+199858bd-a581-4a75-96d5-ce1c18c2357f 14 8137 8141 +edge_124_0_+disjointig_70_0_27545 19422 27542 27545 -1 -1 7954 0.00242626
Chain
	Aln	247	-199858bd-a581-4a75-96d5-ce1c18c2357f 3 8126 8141 -edge_124_0_+disjointig_70_0_27545 2 8122 27545 -1 -1 7954 0.00242626
Chain
	Aln	232	+796baacc-2c60-405c-89fc-d5a76b35243c 10 7538 7540 +edge_117_0_+disjointig_69_0_75545 27702 35234 75545 -1 -1 7481 0.000967241
Chain
	Aln	233	-796baacc-2c60-405c-89fc-d5a76b35243c 1 7529 7540 -edge_117_0_+disjointig_69_0_75545 40310 47842 75545 -1 -1 7481 0.000967241
Chain
	Aln	197	+42dd9aed-c601-47e8-a1c4-4b89310e781f 7 2792 2794 -edge_99_0_+disjointig_52_0_12099 9310 12097 12099 -1 -1 2751 0.00260662
Chain
	Aln	196	-42dd9aed-c601-47e8-a1c4-4b89310e781f 1 2786 2794 +edge_99_0_+disjointig_52_0_12099 1 2788 12099 -1 -1 2751 0.00260662
Chain
	Aln	118	+81bb04dc-4835-463b-83d3-68b027fdb7d0 1 11022 11765 +edge_60_0_+disjointig_4_0_11030 1 11022 11030 -1 -1 10960 0.00117791
Chain
	Aln	119	-81bb04dc-4835-463b-83d3-68b027fdb7d0 742 11763 11765 -edge_60_0_+disjointig_4_0_11030 7 11028 11030 -1 -1 10960 0.00117791
Chain
	Aln	93	+87af8842-2450-4504-b2d1-e9ea70916776 10 6166 6173 -edge_47_0_+disjointig_30_0_164630 7673 13826 164630 -1 -1 6149 0
Chain
	Aln	92	-87af8842-2450-4504-b2d1-e9ea70916776 6 6162 6173 +edge_47_0_+disjointig_30_0_164630 150803 156956 164630 -1 -1 6149 0
Chain
	Aln	326	+1d7beb26-e016-4485-b5c9-80e6de54a094 9 6163 6166 +edge_164_0_+disjointig_39_11307_40702 3602 9754 29395 -1 -1 6032 0.00150111
Chain
	Aln	327	-1d7beb26-e016-4485-b5c9-80e6de54a094 2 6156 6166 -edge_164_0_+disjointig_39_11307_40702 19640 25792 29395 -1 -1 6032 0.00150111
Chain
	Aln	328	+460d32af-6a38-4ba0-964c-24fe631b9eb2 10 6025 13543 +edge_165_0_+disjointig_54_0_66147 60118 66144 66147 -1 -1 5702 0.0058118
	Aln	330	+460d32af-6a38-4ba0-964c-24fe631b9eb2 6029 13539 13543 +edge_166_0_+disjointig_40_6968_25794 1 7515 18826 -1 -1 7309 0.00296415
Chain
	Aln	331	-460d32af-6a38-4ba0-964c-24fe631b9eb2 3 7513 13543 -edge_166_0_+disjointig_40_6968_25794 11310 18824 18826 -1 -1 7309 0.00296415
	Aln	329	-460d32af-6a38-4ba0-964c-24fe631b9eb2 7517 13532 13543 -edge_165_0_+disjointig_54_0_66147 2 6028 66147 -1 -1 5702 0.0058118
Chain
	Aln	156	+6647760f-4ba5-414c-98cb-72249edaa9ae 12 10135 10140 +edge_79_0_+disjointig_44_99890_232551 37772 47933 132661 -1 -1 9747 0.00435218
Chain
	Aln	157	-6647760f-4ba5-414c-98cb-72249edaa9ae 4 10127 10140 -edge_79_0_+disjointig_44_99890_232551 84727 94888 132661 -1 -1 9747 0.00435218
Chain
	Aln	98	+54c33958-1835-47b5-ae51-0f022ab997f1 13 12833 12844 +edge_50_0_+disjointig_33_0_54467 25933 38747 54467 -1 -1 12706 0
Chain
	Aln	99	-54c33958-1835-47b5-ae51-0f022ab997f1 10 12830 12844 -edge_50_0_+disjointig_33_0_54467 15719 28533 54467 -1 -1 12706 0
Chain
	Aln	221	+8367c8ca-6bb8-4c56-a7de-0c76df12c1d7 16 2945 2951 -edge_111_0_+disjointig_6_0_62673 39455 42387 62673 -1 -1 2897 0.000806956
Chain
	Aln	220	-8367c8ca-6bb8-4c56-a7de-0c76df12c1d7 5 2934 2951 +edge_111_0_+disjointig_6_0_62673 20285 23217 62673 -1 -1 2897 0.000806956
Chain
	Aln	55	+40a92c4e-111f-4b2d-a5a7-bf9ae047af18 27 17415 17422 -edge_28_0_+disjointig_22_0_197748 173019 190141 197748 -1 -1 15345 0.00326069
Chain
	Aln	54	-40a92c4e-111f-4b2d-a5a7-bf9ae047af18 6 17394 17422 +edge_28_0_+disjointig_22_0_197748 7606 24728 197748 -1 -1 15345 0.00326069
Chain
	Aln	157	+c27e11b4-e39c-49a4-b3ad-bbd8fb1982c8 23 14239 14348 -edge_79_0_+disjointig_44_99890_232551 80646 94881 132661 -1 -1 13876 0.00246638
Chain
	Aln	156	-c27e11b4-e39c-49a4-b3ad-bbd8fb1982c8 108 14324 14348 +edge_79_0_+disjointig_44_99890_232551 37779 52014 132661 -1 -1 13876 0.00246638
Chain
	Aln	91	+39ce6c0e-5ed4-4ca1-a8c1-d32169601d01 43 7261 7263 -edge_46_0_+disjointig_29_0_13427 6201 13425 13427 -1 -1 6942 0.00449066
Chain
	Aln	90	-39ce6c0e-5ed4-4ca1-a8c1-d32169601d01 1 7219 7263 +edge_46_0_+disjointig_29_0_13427 1 7225 13427 -1 -1 6942 0.00449066
Chain
	Aln	265	+686bbc59-03e7-43e2-879b-2bdf5a87fe1f 11 4048 4051 -edge_133_0_+disjointig_8_0_56180 40577 44614 56180 -1 -1 3960 0.00362896
Chain
	Aln	264	-686bbc59-03e7-43e2-879b-2bdf5a87fe1f 2 4039 4051 +edge_133_0_+disjointig_8_0_56180 11565 15602 56180 -1 -1 3960 0.00362896
Chain
	Aln	351	+d67b4e4f-0a9d-4e65-bca6-f63d294c9521 22 12974 15782 -edge_176_0_+disjointig_68_0_26846 13888 26845 26846 -1 -1 12797 0.00185741
Chain
	Aln	350	-d67b4e4f-0a9d-4e65-bca6-f63d294c9521 2807 15759 15782 +edge_176_0_+disjointig_68_0_26846 0 12957 26846 -1 -1 12797 0.00185741
Chain
	Aln	293	+667d7a65-c9c9-49e9-a44c-a6d847ceccb1 8 9359 9367 -edge_147_0_-disjointig_17_0_25571 10936 20289 25571 -1 -1 9233 0.00136227
Chain
	Aln	292	-667d7a65-c9c9-49e9-a44c-a6d847ceccb1 7 9358 9367 +edge_147_0_-disjointig_17_0_25571 5281 14634 25571 -1 -1 9233 0.00136227
Chain
	Aln	156	+5765f6b8-5205-4631-976e-cc889f949f25 4 7972 7976 +edge_79_0_+disjointig_44_99890_232551 3007 10993 132661 -1 -1 7638 0.00380101
Chain
	Aln	157	-5765f6b8-5205-4631-976e-cc889f949f25 3 7971 7976 -edge_79_0_+disjointig_44_99890_232551 121667 129653 132661 -1 -1 7638 0.00380101
Chain
	Aln	156	+d13d95d8-fbe9-4592-9ed2-f151479a4a3c 9 21407 21414 +edge_79_0_+disjointig_44_99890_232551 73594 95021 132661 -1 -1 20824 0.00300454
Chain
	Aln	157	-d13d95d8-fbe9-4592-9ed2-f151479a4a3c 6 21404 21414 -edge_79_0_+disjointig_44_99890_232551 37639 59066 132661 -1 -1 20824 0.00300454
Chain
	Aln	264	+2579bba4-5b77-41fc-8cb8-4f9e91d0a1b5 9 11683 11687 +edge_133_0_+disjointig_8_0_56180 5690 17390 56180 -1 -1 11463 0.00271854
Chain
	Aln	265	-2579bba4-5b77-41fc-8cb8-4f9e91d0a1b5 3 11677 11687 -edge_133_0_+disjointig_8_0_56180 38789 50489 56180 -1 -1 11463 0.00271854
Chain
	Aln	50	+d86eb9b5-0aa4-4421-8d22-4958310c521b 5 9922 9928 +edge_26_0_+disjointig_20_0_104137 15747 25665 104137 -1 -1 9861 0.000243384
Chain
	Aln	51	-d86eb9b5-0aa4-4421-8d22-4958310c521b 5 9922 9928 -edge_26_0_+disjointig_20_0_104137 78471 88389 104137 -1 -1 9861 0.000243384
Chain
	Aln	333	+244a16a2-9379-4f60-83e4-4e984c636b82 7 10730 10741 -edge_167_0_-disjointig_64_0_49685 36907 47624 49685 -1 -1 10562 0.00273923
Chain
	Aln	332	-244a16a2-9379-4f60-83e4-4e984c636b82 10 10733 10741 +edge_167_0_-disjointig_64_0_49685 2060 12777 49685 -1 -1 10562 0.00273923
Chain
	Aln	165	+79cad384-70d6-4b66-9683-9176054f1910 12 16402 17609 -edge_83_0_-disjointig_71_8379_80660 55897 72280 72281 -1 -1 16232 0.000662245
	Aln	151	+79cad384-70d6-4b66-9683-9176054f1910 16408 17600 17609 -edge_76_5_-disjointig_71_6613_8379 5 1197 1766 -1 -1 1192 0.00120459
Chain
	Aln	150	-79cad384-70d6-4b66-9683-9176054f1910 8 1200 17609 +edge_76_5_-disjointig_71_6613_8379 568 1760 1766 -1 -1 1192 0.00120459
	Aln	164	-79cad384-70d6-4b66-9683-9176054f1910 1206 17596 17609 +edge_83_0_-disjointig_71_8379_80660 0 16383 72281 -1 -1 16232 0.000662245
Chain
	Aln	264	+0374553c-2092-428d-8e1e-9e289bd151cd 1 7407 7409 +edge_133_0_+disjointig_8_0_56180 11542 18949 56180 -1 -1 7069 0.00698782
Chain
	Aln	265	-0374553c-2092-428d-8e1e-9e289bd151cd 1 7407 7409 -edge_133_0_+disjointig_8_0_56180 37230 44637 56180 -1 -1 7069 0.00698782
Chain
	Aln	356	+fa6a6209-7726-42c0-8439-c4e2cdd8acf9 8 8986 8991 +edge_179_0_+disjointig_67_0_82889 55513 64286 82889 -1 -1 8281 0.00228371
Chain
	Aln	357	-fa6a6209-7726-42c0-8439-c4e2cdd8acf9 4 8982 8991 -edge_179_0_+disjointig_67_0_82889 18602 27375 82889 -1 -1 8281 0.00228371
Chain
	Aln	361	+fb98f0a2-497d-4da7-976d-86c694364e43 12 3395 12911 -edge_181_0_+disjointig_74_2530_48718 42814 46187 46188 -1 -1 2979 0.013643
Chain
	Aln	360	-fb98f0a2-497d-4da7-976d-86c694364e43 9515 12898 12911 +edge_181_0_+disjointig_74_2530_48718 0 3373 46188 -1 -1 2979 0.013643
Chain
	Aln	314	+6217c166-ada4-4505-92b7-b1f7af2abc22 5 2763 6813 +edge_158_0_+disjointig_25_34644_66531 29117 31876 31887 -1 -1 2654 0.00682242
Chain
	Aln	315	-6217c166-ada4-4505-92b7-b1f7af2abc22 4049 6807 6813 -edge_158_0_+disjointig_25_34644_66531 10 2769 31887 -1 -1 2654 0.00682242
Chain
	Aln	314	+0e7a7e4b-31a8-4d8b-a0b9-ef0938680bc5 9 4226 7593 +edge_158_0_+disjointig_25_34644_66531 27665 31876 31887 -1 -1 4119 0.00303701
Chain
	Aln	315	-0e7a7e4b-31a8-4d8b-a0b9-ef0938680bc5 3366 7583 7593 -edge_158_0_+disjointig_25_34644_66531 10 4221 31887 -1 -1 4119 0.00303701
Chain
	Aln	316	+53be92e3-5d3e-4bcf-9203-1bb9c1d19b5c 26 2116 10651 +edge_159_0_-disjointig_7_3314_15112 9695 11790 11798 -1 -1 1909 0.0105255
	Aln	243	+53be92e3-5d3e-4bcf-9203-1bb9c1d19b5c 2134 3949 10651 -edge_122_0_+disjointig_87_58000_59823 7 1822 1823 -1 -1 1795 0.00377506
Chain
	Aln	237	+53be92e3-5d3e-4bcf-9203-1bb9c1d19b5c 3954 6036 10651 -edge_119_1_+disjointig_87_55913_58000 4 2086 2087 -1 -1 2067 0.00172935
Chain
	Aln	238	+53be92e3-5d3e-4bcf-9203-1bb9c1d19b5c 6042 10648 10651 +edge_120_0_-disjointig_87_6236_62149 6 4611 55913 -1 -1 4568 0.00194074
Chain
	Aln	239	-53be92e3-5d3e-4bcf-9203-1bb9c1d19b5c 2 4608 10651 -edge_120_0_-disjointig_87_6236_62149 51301 55906 55913 -1 -1 4568 0.00194074
Chain
	Aln	236	-53be92e3-5d3e-4bcf-9203-1bb9c1d19b5c 4614 6696 10651 +edge_119_1_+disjointig_87_55913_58000 0 2082 2087 -1 -1 2067 0.00172935
Chain
	Aln	242	-53be92e3-5d3e-4bcf-9203-1bb9c1d19b5c 6701 8516 10651 +edge_122_0_+disjointig_87_58000_59823 0 1815 1823 -1 -1 1795 0.00377506
	Aln	317	-53be92e3-5d3e-4bcf-9203-1bb9c1d19b5c 8534 10624 10651 -edge_159_0_-disjointig_7_3314_15112 7 2102 11798 -1 -1 1909 0.0105255
Chain
	Aln	316	+a05f4206-5de6-4a77-adcc-dc0f126d0a5e 13 2313 18894 +edge_159_0_-disjointig_7_3314_15112 9484 11790 11798 -1 -1 2035 0.0132827
	Aln	243	+a05f4206-5de6-4a77-adcc-dc0f126d0a5e 2331 4144 18894 -edge_122_0_+disjointig_87_58000_59823 7 1822 1823 -1 -1 1788 0.00415703
Chain
	Aln	237	+a05f4206-5de6-4a77-adcc-dc0f126d0a5e 4149 6228 18894 -edge_119_1_+disjointig_87_55913_58000 4 2086 2087 -1 -1 2059 0.00269899
Chain
	Aln	238	+a05f4206-5de6-4a77-adcc-dc0f126d0a5e 6234 18890 18894 +edge_120_0_-disjointig_87_6236_62149 6 12660 55913 -1 -1 12447 0.00209723
Chain
	Aln	239	-a05f4206-5de6-4a77-adcc-dc0f126d0a5e 3 12659 18894 -edge_120_0_-disjointig_87_6236_62149 43252 55906 55913 -1 -1 12447 0.00209723
Chain
	Aln	236	-a05f4206-5de6-4a77-adcc-dc0f126d0a5e 12665 14744 18894 +edge_119_1_+disjointig_87_55913_58000 0 2082 2087 -1 -1 2059 0.00269899
Chain
	Aln	242	-a05f4206-5de6-4a77-adcc-dc0f126d0a5e 14749 16562 18894 +edge_122_0_+disjointig_87_58000_59823 0 1815 1823 -1 -1 1788 0.00415703
	Aln	317	-a05f4206-5de6-4a77-adcc-dc0f126d0a5e 16580 18880 18894 -edge_159_0_-disjointig_7_3314_15112 7 2313 11798 -1 -1 2035 0.0132827
Chain
	Aln	237	+eec1ef89-1ae3-46ae-8dec-95a028615735 8966 11049 17183 -edge_119_0_+disjointig_7_6133_8221 4 2087 2088 -1 -1 2083 0.00080367
Chain
	Aln	235	+eec1ef89-1ae3-46ae-8dec-95a028615735 11057 17177 17183 -edge_118_0_+disjointig_7_0_6133 7 6127 6133 -1 -1 5979 0
Chain
	Aln	234	-eec1ef89-1ae3-46ae-8dec-95a028615735 5 6125 17183 +edge_118_0_+disjointig_7_0_6133 5 6125 6133 -1 -1 5979 0
Chain
	Aln	236	-eec1ef89-1ae3-46ae-8dec-95a028615735 6133 8216 17183 +edge_119_0_+disjointig_7_6133_8221 0 2083 2088 -1 -1 2083 0.00080367
Chain
	Aln	167	+3ed77012-9a7a-4caa-80c1-d14737d34077 4 6769 9306 -edge_84_0_-disjointig_72_8278_16178 1138 7899 7900 -1 -1 6723 0.000823077
Chain
	Aln	151	+3ed77012-9a7a-4caa-80c1-d14737d34077 6775 8542 9306 -edge_76_6_-disjointig_72_6510_8278 5 1767 1768 -1 -1 1743 0.00238913
	Aln	145	+3ed77012-9a7a-4caa-80c1-d14737d34077 8556 9299 9306 -edge_73_11_-disjointig_82_5697_6692 13 755 995 -1 -1 736 0.000384279
Chain
	Aln	144	-3ed77012-9a7a-4caa-80c1-d14737d34077 6 749 9306 +edge_73_11_-disjointig_82_5697_6692 239 981 995 -1 -1 736 0.000384279
	Aln	150	-3ed77012-9a7a-4caa-80c1-d14737d34077 763 2530 9306 +edge_76_6_-disjointig_72_6510_8278 0 1762 1768 -1 -1 1743 0.00238913
Chain
	Aln	166	-3ed77012-9a7a-4caa-80c1-d14737d34077 2536 9301 9306 +edge_84_0_-disjointig_72_8278_16178 0 6761 7900 -1 -1 6723 0.000823077
Chain
	Aln	181	+dab11328-2f63-4798-a40f-fefe6589f27d 4118 16091 16706 -edge_91_0_-disjointig_91_10827_22811 12 11983 11984 -1 -1 11915 0.00110595
Chain
	Aln	149	+dab11328-2f63-4798-a40f-fefe6589f27d 16096 16665 16706 -edge_75_10_+disjointig_82_25463_27674 7 579 2211 -1 -1 475 0.0146098
Chain
	Aln	148	-dab11328-2f63-4798-a40f-fefe6589f27d 40 609 16706 +edge_75_10_+disjointig_82_25463_27674 1631 2203 2211 -1 -1 475 0.0146098
Chain
	Aln	180	-dab11328-2f63-4798-a40f-fefe6589f27d 614 12587 16706 +edge_91_0_-disjointig_91_10827_22811 0 11971 11984 -1 -1 11915 0.00110595
Chain
	Aln	148	+40d0aef4-9fa3-48be-b0e3-7c70d5b72c8c 10 1748 14045 +edge_75_11_-disjointig_91_8621_10827 464 2202 2206 -1 -1 1721 0.00028081
Chain
	Aln	180	+40d0aef4-9fa3-48be-b0e3-7c70d5b72c8c 1754 13722 14045 +edge_91_0_-disjointig_91_10827_22811 2 11979 11984 -1 -1 11720 0.00257741
Chain
	Aln	181	-40d0aef4-9fa3-48be-b0e3-7c70d5b72c8c 322 12290 14045 -edge_91_0_-disjointig_91_10827_22811 4 11981 11984 -1 -1 11720 0.00257741
Chain
	Aln	149	-40d0aef4-9fa3-48be-b0e3-7c70d5b72c8c 12296 14034 14045 -edge_75_11_-disjointig_91_8621_10827 3 1741 2206 -1 -1 1721 0.00028081
Chain
	Aln	181	+0ad96904-4cd7-40f4-9e12-1e650418bb60 9 5289 7114 -edge_91_0_-disjointig_91_10827_22811 6705 11983 11984 -1 -1 5253 0.00114576
Chain
	Aln	149	+0ad96904-4cd7-40f4-9e12-1e650418bb60 5294 7112 7114 -edge_75_11_-disjointig_91_8621_10827 4 1824 2206 -1 -1 1800 0.00078652
Chain
	Aln	148	-0ad96904-4cd7-40f4-9e12-1e650418bb60 1 1819 7114 +edge_75_11_-disjointig_91_8621_10827 381 2201 2206 -1 -1 1800 0.00078652
Chain
	Aln	180	-0ad96904-4cd7-40f4-9e12-1e650418bb60 1824 7104 7114 +edge_91_0_-disjointig_91_10827_22811 0 5278 11984 -1 -1 5253 0.00114576
Chain
	Aln	144	+d2c1cc74-9594-4cfa-8c4e-eb0eec9c0fd7 10 629 12529 +edge_73_1_+disjointig_44_91197_92196 366 985 999 -1 -1 619 0
	Aln	150	+d2c1cc74-9594-4cfa-8c4e-eb0eec9c0fd7 640 2401 12529 +edge_76_6_-disjointig_72_6510_8278 1 1763 1768 -1 -1 1751 0.00184171
Chain
	Aln	166	+d2c1cc74-9594-4cfa-8c4e-eb0eec9c0fd7 2407 10302 12529 +edge_84_0_-disjointig_72_8278_16178 1 7896 7900 -1 -1 7890 0
Chain
	Aln	167	-d2c1cc74-9594-4cfa-8c4e-eb0eec9c0fd7 2226 10121 12529 -edge_84_0_-disjointig_72_8278_16178 3 7898 7900 -1 -1 7890 0
Chain
	Aln	151	-d2c1cc74-9594-4cfa-8c4e-eb0eec9c0fd7 10127 11888 12529 -edge_76_6_-disjointig_72_6510_8278 4 1766 1768 -1 -1 1751 0.00184171
	Aln	145	-d2c1cc74-9594-4cfa-8c4e-eb0eec9c0fd7 11899 12518 12529 -edge_73_1_+disjointig_44_91197_92196 13 632 999 -1 -1 619 0
Chain
	Aln	181	+f255e4c3-df62-4a40-b414-b109b2aad0c1 5 2313 4749 -edge_91_0_-disjointig_91_10827_22811 9661 11967 11984 -1 -1 2273 0.00113058
Chain
	Aln	149	+f255e4c3-df62-4a40-b414-b109b2aad0c1 2335 4536 4749 -edge_75_11_-disjointig_91_8621_10827 4 2205 2206 -1 -1 2156 0.00187758
Chain
	Aln	148	-f255e4c3-df62-4a40-b414-b109b2aad0c1 212 2413 4749 +edge_75_11_-disjointig_91_8621_10827 0 2201 2206 -1 -1 2156 0.00187758
Chain
	Aln	180	-f255e4c3-df62-4a40-b414-b109b2aad0c1 2435 4743 4749 +edge_91_0_-disjointig_91_10827_22811 16 2322 11984 -1 -1 2273 0.00113058
Chain
	Aln	316	+eec1ef89-1ae3-46ae-8dec-95a028615735 5 7136 17183 +edge_159_0_-disjointig_7_3314_15112 4657 11795 11798 -1 -1 6871 0.00398015
Chain
	Aln	241	+eec1ef89-1ae3-46ae-8dec-95a028615735 7147 8961 17183 -edge_121_0_+disjointig_7_8221_10043 7 1821 1822 -1 -1 1814 0.00205381
Chain
	Aln	240	-eec1ef89-1ae3-46ae-8dec-95a028615735 8221 10035 17183 +edge_121_0_+disjointig_7_8221_10043 0 1814 1822 -1 -1 1814 0.00205381
Chain
	Aln	317	-eec1ef89-1ae3-46ae-8dec-95a028615735 10046 17177 17183 -edge_159_0_-disjointig_7_3314_15112 2 7140 11798 -1 -1 6871 0.00398015
Chain
	Aln	179	+90debca0-0355-472d-a985-b26f28d7c4e9 10 31622 32134 -edge_90_0_-disjointig_61_33235_113950 49166 80714 80715 -1 -1 29297 0.00545894
Chain
	Aln	149	+90debca0-0355-472d-a985-b26f28d7c4e9 31622 32127 32134 -edge_75_0_-disjointig_44_145929_148136 123 629 2207 -1 -1 482 0.00812862
Chain
	Aln	148	-90debca0-0355-472d-a985-b26f28d7c4e9 6 511 32134 +edge_75_0_-disjointig_44_145929_148136 1577 2083 2207 -1 -1 482 0.00812862
Chain
	Aln	178	-90debca0-0355-472d-a985-b26f28d7c4e9 511 32123 32134 +edge_90_0_-disjointig_61_33235_113950 0 31548 80715 -1 -1 29297 0.00545894
Chain
	Aln	145	+410f4f4d-d22d-4bfb-8401-af1b6d7507f1 8 899 7044 -edge_73_11_-disjointig_82_5697_6692 103 994 995 -1 -1 891 0
	Aln	148	+410f4f4d-d22d-4bfb-8401-af1b6d7507f1 900 2976 7044 +edge_75_7_-disjointig_61_31153_33235 1 2079 2082 -1 -1 2056 0.000504818
Chain
	Aln	178	+410f4f4d-d22d-4bfb-8401-af1b6d7507f1 2980 7041 7044 +edge_90_0_-disjointig_61_33235_113950 1 4064 80715 -1 -1 4047 0.000929608
Chain
	Aln	179	-410f4f4d-d22d-4bfb-8401-af1b6d7507f1 2 4063 7044 -edge_90_0_-disjointig_61_33235_113950 76650 80713 80715 -1 -1 4047 0.000929608
Chain
	Aln	149	-410f4f4d-d22d-4bfb-8401-af1b6d7507f1 4067 6143 7044 -edge_75_7_-disjointig_61_31153_33235 2 2080 2082 -1 -1 2056 0.000504818
	Aln	144	-410f4f4d-d22d-4bfb-8401-af1b6d7507f1 6144 7035 7044 +edge_73_11_-disjointig_82_5697_6692 0 891 995 -1 -1 891 0
Chain
	Aln	179	+5feb167d-3c00-41a9-8646-18096f691df1 17 5995 18420 -edge_90_0_-disjointig_61_33235_113950 74723 80702 80715 -1 -1 5850 0.00245577
Chain
	Aln	149	+5feb167d-3c00-41a9-8646-18096f691df1 6008 8083 18420 -edge_75_7_-disjointig_61_31153_33235 6 2081 2082 -1 -1 1986 0.00415334
	Aln	144	+5feb167d-3c00-41a9-8646-18096f691df1 8093 9067 18420 +edge_73_7_+disjointig_61_82797_83792 10 984 995 -1 -1 958 0.00128212
	Aln	150	+5feb167d-3c00-41a9-8646-18096f691df1 9079 10845 18420 +edge_76_4_+disjointig_61_83792_85560 1 1763 1768 -1 -1 1753 0.00216515
Chain
	Aln	162	+5feb167d-3c00-41a9-8646-18096f691df1 10873 18413 18420 +edge_82_0_+disjointig_61_85560_113950 23 7578 28390 -1 -1 7214 0.00592792
Chain
	Aln	163	-5feb167d-3c00-41a9-8646-18096f691df1 6 7546 18420 -edge_82_0_+disjointig_61_85560_113950 20811 28366 28390 -1 -1 7214 0.00592792
Chain
	Aln	151	-5feb167d-3c00-41a9-8646-18096f691df1 7574 9340 18420 -edge_76_4_+disjointig_61_83792_85560 4 1766 1768 -1 -1 1753 0.00216515
	Aln	145	-5feb167d-3c00-41a9-8646-18096f691df1 9352 10326 18420 -edge_73_7_+disjointig_61_82797_83792 10 984 995 -1 -1 958 0.00128212
	Aln	148	-5feb167d-3c00-41a9-8646-18096f691df1 10336 12411 18420 +edge_75_7_-disjointig_61_31153_33235 0 2075 2082 -1 -1 1986 0.00415334
Chain
	Aln	178	-5feb167d-3c00-41a9-8646-18096f691df1 12424 18402 18420 +edge_90_0_-disjointig_61_33235_113950 12 5991 80715 -1 -1 5850 0.00245577
Chain
	Aln	344	+87494bcc-de46-44f1-9501-a12866736f85 17 17440 21384 +edge_173_0_-disjointig_53_5113_59202 36676 54078 54089 -1 -1 17146 0.00179069
Chain
	Aln	345	-87494bcc-de46-44f1-9501-a12866736f85 3943 21366 21384 -edge_173_0_-disjointig_53_5113_59202 10 17412 54089 -1 -1 17146 0.00179069
Chain
	Aln	150	+8a6f60d6-72b0-410f-91bf-a30a9e99b8b8 517 2267 7265 +edge_76_2_-disjointig_50_35311_37077 2 1761 1766 -1 -1 1655 0.00772868
Chain
	Aln	158	+8a6f60d6-72b0-410f-91bf-a30a9e99b8b8 2276 7261 7265 +edge_80_0_-disjointig_50_37077_62704 4 5009 25627 -1 -1 4641 0.0070462
Chain
	Aln	159	-8a6f60d6-72b0-410f-91bf-a30a9e99b8b8 3 4988 7265 -edge_80_0_-disjointig_50_37077_62704 20617 25622 25627 -1 -1 4641 0.0070462
Chain
	Aln	151	-8a6f60d6-72b0-410f-91bf-a30a9e99b8b8 4997 6747 7265 -edge_76_2_-disjointig_50_35311_37077 4 1763 1766 -1 -1 1655 0.00772868
Chain
	Aln	163	+aa11d6b0-3a3c-4791-9ecf-e05618d09141 74 5055 8496 -edge_82_0_+disjointig_61_85560_113950 23407 28389 28390 -1 -1 4918 0.00140812
Chain
	Aln	151	+aa11d6b0-3a3c-4791-9ecf-e05618d09141 5061 6824 8496 -edge_76_4_+disjointig_61_83792_85560 5 1767 1768 -1 -1 1756 0.00149679
	Aln	145	+aa11d6b0-3a3c-4791-9ecf-e05618d09141 6838 7818 8496 -edge_73_7_+disjointig_61_82797_83792 13 994 995 -1 -1 975 2.73767e-05
	Aln	148	+aa11d6b0-3a3c-4791-9ecf-e05618d09141 7819 8486 8496 +edge_75_2_-disjointig_44_2323_4575 1 668 2252 -1 -1 667 3.97674e-05
Chain
	Aln	149	-aa11d6b0-3a3c-4791-9ecf-e05618d09141 9 676 8496 -edge_75_2_-disjointig_44_2323_4575 1583 2250 2252 -1 -1 667 3.97674e-05
	Aln	144	-aa11d6b0-3a3c-4791-9ecf-e05618d09141 677 1657 8496 +edge_73_7_+disjointig_61_82797_83792 0 981 995 -1 -1 975 2.73767e-05
	Aln	150	-aa11d6b0-3a3c-4791-9ecf-e05618d09141 1671 3434 8496 +edge_76_4_+disjointig_61_83792_85560 0 1762 1768 -1 -1 1756 0.00149679
Chain
	Aln	162	-aa11d6b0-3a3c-4791-9ecf-e05618d09141 3440 8421 8496 +edge_82_0_+disjointig_61_85560_113950 0 4982 28390 -1 -1 4918 0.00140812
Chain
	Aln	344	+281a0333-8f42-4f9b-aa64-390e1e1accaf 1 2646 8966 +edge_173_0_-disjointig_53_5113_59202 51435 54078 54089 -1 -1 2525 0.00368444
	Aln	177	+281a0333-8f42-4f9b-aa64-390e1e1accaf 2669 3479 8966 -edge_89_0_+disjointig_82_27674_28504 12 821 830 -1 -1 809 0.00205198
Chain
	Aln	149	+281a0333-8f42-4f9b-aa64-390e1e1accaf 3491 5692 8966 -edge_75_10_+disjointig_82_25463_27674 7 2210 2211 -1 -1 2154 0.000727415
	Aln	144	+281a0333-8f42-4f9b-aa64-390e1e1accaf 5702 6676 8966 +edge_73_11_-disjointig_82_5697_6692 10 984 995 -1 -1 964 0.000270808
	Aln	150	+281a0333-8f42-4f9b-aa64-390e1e1accaf 6711 8451 8966 +edge_76_0_+disjointig_44_84592_86360 24 1763 1768 -1 -1 1697 0.00382102
Chain
	Aln	346	+281a0333-8f42-4f9b-aa64-390e1e1accaf 8452 8964 8966 +edge_174_0_-disjointig_82_8444_31160 1 509 22716 -1 -1 494 0.00189361
Chain
	Aln	347	-281a0333-8f42-4f9b-aa64-390e1e1accaf 1 513 8966 -edge_174_0_-disjointig_82_8444_31160 22206 22714 22716 -1 -1 494 0.00189361
Chain
	Aln	151	-281a0333-8f42-4f9b-aa64-390e1e1accaf 514 2254 8966 -edge_76_0_+disjointig_44_84592_86360 4 1743 1768 -1 -1 1697 0.00382102
	Aln	145	-281a0333-8f42-4f9b-aa64-390e1e1accaf 2289 3263 8966 -edge_73_11_-disjointig_82_5697_6692 10 984 995 -1 -1 964 0.000270808
	Aln	148	-281a0333-8f42-4f9b-aa64-390e1e1accaf 3273 5474 8966 +edge_75_10_+disjointig_82_25463_27674 0 2203 2211 -1 -1 2154 0.000727415
Chain
	Aln	176	-281a0333-8f42-4f9b-aa64-390e1e1accaf 5486 6296 8966 +edge_89_0_+disjointig_82_27674_28504 8 817 830 -1 -1 809 0.00205198
	Aln	345	-281a0333-8f42-4f9b-aa64-390e1e1accaf 6319 8964 8966 -edge_173_0_-disjointig_53_5113_59202 10 2653 54089 -1 -1 2525 0.00368444
Chain
	Aln	173	+ece7d21b-82ed-4229-8586-0ea39d9ce48f 15 10416 24262 -edge_87_0_+disjointig_50_31455_62704 20841 31248 31249 -1 -1 10288 0.00171239
Chain
	Aln	149	+ece7d21b-82ed-4229-8586-0ea39d9ce48f 10426 13486 24262 -edge_75_3_+disjointig_50_28386_31455 9 3068 3069 -1 -1 3051 0.000584022
	Aln	144	+ece7d21b-82ed-4229-8586-0ea39d9ce48f 13496 14468 24262 +edge_73_10_-disjointig_80_3_998 10 984 995 -1 -1 941 0.00300728
	Aln	150	+ece7d21b-82ed-4229-8586-0ea39d9ce48f 14480 16239 24262 +edge_76_2_-disjointig_50_35311_37077 2 1761 1766 -1 -1 1753 0.00174147
Chain
	Aln	158	+ece7d21b-82ed-4229-8586-0ea39d9ce48f 16248 24260 24262 +edge_80_0_-disjointig_50_37077_62704 4 8016 25627 -1 -1 7886 0.00116139
Chain
	Aln	159	-ece7d21b-82ed-4229-8586-0ea39d9ce48f 1 8013 24262 -edge_80_0_-disjointig_50_37077_62704 17610 25622 25627 -1 -1 7886 0.00116139
Chain
	Aln	151	-ece7d21b-82ed-4229-8586-0ea39d9ce48f 8022 9781 24262 -edge_76_2_-disjointig_50_35311_37077 4 1763 1766 -1 -1 1753 0.00174147
	Aln	145	-ece7d21b-82ed-4229-8586-0ea39d9ce48f 9793 10765 24262 -edge_73_10_-disjointig_80_3_998 10 984 995 -1 -1 941 0.00300728
	Aln	148	-ece7d21b-82ed-4229-8586-0ea39d9ce48f 10775 13835 24262 +edge_75_3_+disjointig_50_28386_31455 0 3059 3069 -1 -1 3051 0.000584022
Chain
	Aln	172	-ece7d21b-82ed-4229-8586-0ea39d9ce48f 13845 24246 24262 +edge_87_0_+disjointig_50_31455_62704 0 10407 31249 -1 -1 10288 0.00171239
Chain
	Aln	150	+257a1d66-18a3-46ab-bcfd-1190f2f5cd34 86 666 4730 +edge_76_7_-disjointig_80_998_2741 1159 1736 1743 -1 -1 495 0.0199539
Chain
	Aln	346	+257a1d66-18a3-46ab-bcfd-1190f2f5cd34 680 4726 4730 +edge_174_0_-disjointig_82_8444_31160 1 4063 22716 -1 -1 3452 0.0169264
Chain
	Aln	347	-257a1d66-18a3-46ab-bcfd-1190f2f5cd34 3 4049 4730 -edge_174_0_-disjointig_82_8444_31160 18652 22714 22716 -1 -1 3452 0.0169264
Chain
	Aln	151	-257a1d66-18a3-46ab-bcfd-1190f2f5cd34 4063 4643 4730 -edge_76_7_-disjointig_80_998_2741 6 583 1743 -1 -1 495 0.0199539
Chain
	Aln	144	+2fd5ba4e-e22f-4870-9605-4dd0e5c7b3b2 3 987 5129 +edge_73_0_+disjointig_44_83253_84592 345 1329 1339 -1 -1 984 0
	Aln	150	+2fd5ba4e-e22f-4870-9605-4dd0e5c7b3b2 1022 2761 5129 +edge_76_0_+disjointig_44_84592_86360 24 1763 1768 -1 -1 1739 0.00125887
Chain
	Aln	346	+2fd5ba4e-e22f-4870-9605-4dd0e5c7b3b2 2762 5126 5129 +edge_174_0_-disjointig_82_8444_31160 1 2360 22716 -1 -1 2280 0.0031161
Chain
	Aln	347	-2fd5ba4e-e22f-4870-9605-4dd0e5c7b3b2 2 2366 5129 -edge_174_0_-disjointig_82_8444_31160 20355 22714 22716 -1 -1 2280 0.0031161
Chain
	Aln	151	-2fd5ba4e-e22f-4870-9605-4dd0e5c7b3b2 2367 4106 5129 -edge_76_0_+disjointig_44_84592_86360 4 1743 1768 -1 -1 1739 0.00125887
	Aln	145	-2fd5ba4e-e22f-4870-9605-4dd0e5c7b3b2 4141 5125 5129 -edge_73_0_+disjointig_44_83253_84592 9 993 1339 -1 -1 984 0
Chain
	Aln	163	+e093286d-46c3-4e94-88e1-c5dcf955f063 22 5041 20698 -edge_82_0_+disjointig_61_85560_113950 23310 28380 28390 -1 -1 3531 0.0355401
Chain
	Aln	151	+e093286d-46c3-4e94-88e1-c5dcf955f063 5058 6813 20698 -edge_76_4_+disjointig_61_83792_85560 5 1767 1768 -1 -1 1356 0.0279163
	Aln	145	+e093286d-46c3-4e94-88e1-c5dcf955f063 6827 7782 20698 -edge_73_7_+disjointig_61_82797_83792 13 975 995 -1 -1 745 0.0215824
	Aln	148	+e093286d-46c3-4e94-88e1-c5dcf955f063 7802 9870 20698 +edge_75_7_-disjointig_61_31153_33235 1 2065 2082 -1 -1 1451 0.0327868
Chain
	Aln	178	+e093286d-46c3-4e94-88e1-c5dcf955f063 9896 20695 20698 +edge_90_0_-disjointig_61_33235_113950 12 10890 80715 -1 -1 7657 0.0327833
Chain
	Aln	179	-e093286d-46c3-4e94-88e1-c5dcf955f063 2 10801 20698 -edge_90_0_-disjointig_61_33235_113950 69824 80702 80715 -1 -1 7657 0.0327833
Chain
	Aln	149	-e093286d-46c3-4e94-88e1-c5dcf955f063 10827 12895 20698 -edge_75_7_-disjointig_61_31153_33235 16 2080 2082 -1 -1 1451 0.0327868
	Aln	144	-e093286d-46c3-4e94-88e1-c5dcf955f063 12915 13870 20698 +edge_73_7_+disjointig_61_82797_83792 19 981 995 -1 -1 745 0.0215824
	Aln	150	-e093286d-46c3-4e94-88e1-c5dcf955f063 13884 15639 20698 +edge_76_4_+disjointig_61_83792_85560 0 1762 1768 -1 -1 1356 0.0279163
Chain
	Aln	162	-e093286d-46c3-4e94-88e1-c5dcf955f063 15656 20675 20698 +edge_82_0_+disjointig_61_85560_113950 9 5079 28390 -1 -1 3531 0.0355401
Chain
	Aln	344	+4242a943-fa39-421f-bddd-def3ff0a8cf9 4 870 5224 +edge_173_0_-disjointig_53_5113_59202 53214 54078 54089 -1 -1 843 0.00354994
	Aln	177	+4242a943-fa39-421f-bddd-def3ff0a8cf9 893 1712 5224 -edge_89_0_+disjointig_82_27674_28504 12 829 830 -1 -1 793 0.00395804
Chain
	Aln	149	+4242a943-fa39-421f-bddd-def3ff0a8cf9 1720 3921 5224 -edge_75_10_+disjointig_82_25463_27674 7 2210 2211 -1 -1 2150 0.00223579
	Aln	144	+4242a943-fa39-421f-bddd-def3ff0a8cf9 3931 4907 5224 +edge_73_10_-disjointig_80_3_998 10 984 995 -1 -1 963 0.000391475
Chain
	Aln	145	-4242a943-fa39-421f-bddd-def3ff0a8cf9 316 1292 5224 -edge_73_10_-disjointig_80_3_998 10 984 995 -1 -1 963 0.000391475
	Aln	148	-4242a943-fa39-421f-bddd-def3ff0a8cf9 1302 3503 5224 +edge_75_10_+disjointig_82_25463_27674 0 2203 2211 -1 -1 2150 0.00223579
Chain
	Aln	176	-4242a943-fa39-421f-bddd-def3ff0a8cf9 3511 4330 5224 +edge_89_0_+disjointig_82_27674_28504 0 817 830 -1 -1 793 0.00395804
	Aln	345	-4242a943-fa39-421f-bddd-def3ff0a8cf9 4353 5219 5224 -edge_173_0_-disjointig_53_5113_59202 10 874 54089 -1 -1 843 0.00354994
Chain
	Aln	179	+1a57abeb-25e3-44b7-b634-347e84c8ee6a 46 2997 26539 -edge_90_0_-disjointig_61_33235_113950 77760 80706 80715 -1 -1 2484 0.0220878
Chain
	Aln	149	+1a57abeb-25e3-44b7-b634-347e84c8ee6a 3003 5079 26539 -edge_75_0_-disjointig_44_145929_148136 123 2206 2207 -1 -1 1823 0.0130299
	Aln	144	+1a57abeb-25e3-44b7-b634-347e84c8ee6a 5089 6055 26539 +edge_73_7_+disjointig_61_82797_83792 10 984 995 -1 -1 865 0.012075
	Aln	150	+1a57abeb-25e3-44b7-b634-347e84c8ee6a 6067 7820 26539 +edge_76_4_+disjointig_61_83792_85560 1 1763 1768 -1 -1 1518 0.0173889
Chain
	Aln	162	+1a57abeb-25e3-44b7-b634-347e84c8ee6a 7869 26535 26539 +edge_82_0_+disjointig_61_85560_113950 50 18762 28390 -1 -1 14370 0.0259814
Chain
	Aln	163	-1a57abeb-25e3-44b7-b634-347e84c8ee6a 3 18669 26539 -edge_82_0_+disjointig_61_85560_113950 9627 28339 28390 -1 -1 14370 0.0259814
Chain
	Aln	151	-1a57abeb-25e3-44b7-b634-347e84c8ee6a 18718 20471 26539 -edge_76_4_+disjointig_61_83792_85560 4 1766 1768 -1 -1 1518 0.0173889
	Aln	145	-1a57abeb-25e3-44b7-b634-347e84c8ee6a 20483 21449 26539 -edge_73_7_+disjointig_61_82797_83792 10 984 995 -1 -1 865 0.012075
	Aln	148	-1a57abeb-25e3-44b7-b634-347e84c8ee6a 21459 23535 26539 +edge_75_0_-disjointig_44_145929_148136 0 2083 2207 -1 -1 1823 0.0130299
Chain
	Aln	178	-1a57abeb-25e3-44b7-b634-347e84c8ee6a 23541 26492 26539 +edge_90_0_-disjointig_61_33235_113950 8 2954 80715 -1 -1 2484 0.0220878
Chain
	Aln	173	+8a5445e9-bd34-4d4b-9ff9-86ae0660d025 1 4306 9008 -edge_87_0_+disjointig_50_31455_62704 26939 31248 31249 -1 -1 4024 0.00746449
Chain
	Aln	149	+8a5445e9-bd34-4d4b-9ff9-86ae0660d025 4320 7370 9008 -edge_75_3_+disjointig_50_28386_31455 13 3068 3069 -1 -1 2933 0.0050449
	Aln	144	+8a5445e9-bd34-4d4b-9ff9-86ae0660d025 7380 8357 9008 +edge_73_5_-disjointig_53_62245_63245 10 986 1000 -1 -1 959 0.00214703
	Aln	150	+8a5445e9-bd34-4d4b-9ff9-86ae0660d025 8368 9002 9008 +edge_76_0_+disjointig_44_84592_86360 2 637 1768 -1 -1 586 0.0139083
Chain
	Aln	151	-8a5445e9-bd34-4d4b-9ff9-86ae0660d025 5 639 9008 -edge_76_0_+disjointig_44_84592_86360 1130 1765 1768 -1 -1 586 0.0139083
	Aln	145	-8a5445e9-bd34-4d4b-9ff9-86ae0660d025 650 1627 9008 -edge_73_5_-disjointig_53_62245_63245 13 989 1000 -1 -1 959 0.00214703
	Aln	148	-8a5445e9-bd34-4d4b-9ff9-86ae0660d025 1637 4687 9008 +edge_75_3_+disjointig_50_28386_31455 0 3055 3069 -1 -1 2933 0.0050449
Chain
	Aln	172	-8a5445e9-bd34-4d4b-9ff9-86ae0660d025 4701 9006 9008 +edge_87_0_+disjointig_50_31455_62704 0 4309 31249 -1 -1 4024 0.00746449
Chain
	Aln	173	+1e615ac7-6a77-4c10-bb35-b000c2f6cbc7 5 8995 13578 -edge_87_0_+disjointig_50_31455_62704 22259 31248 31249 -1 -1 8869 0.00276638
Chain
	Aln	149	+1e615ac7-6a77-4c10-bb35-b000c2f6cbc7 9005 12063 13578 -edge_75_3_+disjointig_50_28386_31455 9 3068 3069 -1 -1 3020 0.00186243
	Aln	144	+1e615ac7-6a77-4c10-bb35-b000c2f6cbc7 12073 13052 13578 +edge_73_4_-disjointig_50_34318_35311 10 983 993 -1 -1 946 0.00261233
Chain
	Aln	145	-1e615ac7-6a77-4c10-bb35-b000c2f6cbc7 525 1504 13578 -edge_73_4_-disjointig_50_34318_35311 9 982 993 -1 -1 946 0.00261233
	Aln	148	-1e615ac7-6a77-4c10-bb35-b000c2f6cbc7 1514 4572 13578 +edge_75_3_+disjointig_50_28386_31455 0 3059 3069 -1 -1 3020 0.00186243
Chain
	Aln	172	-1e615ac7-6a77-4c10-bb35-b000c2f6cbc7 4582 13572 13578 +edge_87_0_+disjointig_50_31455_62704 0 8989 31249 -1 -1 8869 0.00276638
Chain
	Aln	344	+557557ec-af77-408b-b256-38af6ac6cf9d 13 990 19833 +edge_173_0_-disjointig_53_5113_59202 53099 54078 54089 -1 -1 916 0.00617849
	Aln	177	+557557ec-af77-408b-b256-38af6ac6cf9d 1013 1830 19833 -edge_89_0_+disjointig_82_27674_28504 12 829 830 -1 -1 817 0.00132834
Chain
	Aln	149	+557557ec-af77-408b-b256-38af6ac6cf9d 1838 4040 19833 -edge_75_0_-disjointig_44_145929_148136 3 2206 2207 -1 -1 2165 0.00102602
	Aln	144	+557557ec-af77-408b-b256-38af6ac6cf9d 4050 5024 19833 +edge_73_11_-disjointig_82_5697_6692 10 984 995 -1 -1 967 0.000605985
	Aln	150	+557557ec-af77-408b-b256-38af6ac6cf9d 5036 6782 19833 +edge_76_8_-disjointig_82_6692_8444 1 1747 1752 -1 -1 1711 0.00323392
Chain
	Aln	346	+557557ec-af77-408b-b256-38af6ac6cf9d 6787 19829 19833 +edge_174_0_-disjointig_82_8444_31160 1 13047 22716 -1 -1 12904 0.00123659
Chain
	Aln	347	-557557ec-af77-408b-b256-38af6ac6cf9d 3 13045 19833 -edge_174_0_-disjointig_82_8444_31160 9668 22714 22716 -1 -1 12904 0.00123659
Chain
	Aln	151	-557557ec-af77-408b-b256-38af6ac6cf9d 13050 14796 19833 -edge_76_8_-disjointig_82_6692_8444 4 1750 1752 -1 -1 1711 0.00323392
	Aln	145	-557557ec-af77-408b-b256-38af6ac6cf9d 14808 15782 19833 -edge_73_11_-disjointig_82_5697_6692 10 984 995 -1 -1 967 0.000605985
	Aln	148	-557557ec-af77-408b-b256-38af6ac6cf9d 15792 17994 19833 +edge_75_0_-disjointig_44_145929_148136 0 2203 2207 -1 -1 2165 0.00102602
Chain
	Aln	176	-557557ec-af77-408b-b256-38af6ac6cf9d 18002 18819 19833 +edge_89_0_+disjointig_82_27674_28504 0 817 830 -1 -1 817 0.00132834
	Aln	345	-557557ec-af77-408b-b256-38af6ac6cf9d 18842 19819 19833 -edge_173_0_-disjointig_53_5113_59202 10 989 54089 -1 -1 916 0.00617849
Chain
	Aln	159	+172dacdf-64d6-4fb1-b059-f256c1658a80 9 2593 30432 -edge_80_0_-disjointig_50_37077_62704 23038 25626 25627 -1 -1 2524 0.00439264
Chain
	Aln	151	+172dacdf-64d6-4fb1-b059-f256c1658a80 2599 4347 30432 -edge_76_2_-disjointig_50_35311_37077 5 1765 1766 -1 -1 1556 0.0125756
	Aln	145	+172dacdf-64d6-4fb1-b059-f256c1658a80 4360 5334 30432 -edge_73_10_-disjointig_80_3_998 13 994 995 -1 -1 937 0.0055678
	Aln	148	+172dacdf-64d6-4fb1-b059-f256c1658a80 5335 8371 30432 +edge_75_3_+disjointig_50_28386_31455 1 3059 3069 -1 -1 2812 0.009542
Chain
	Aln	172	+172dacdf-64d6-4fb1-b059-f256c1658a80 8381 30427 30432 +edge_87_0_+disjointig_50_31455_62704 0 22117 31249 -1 -1 20658 0.00684339
Chain
	Aln	173	-172dacdf-64d6-4fb1-b059-f256c1658a80 4 22050 30432 -edge_87_0_+disjointig_50_31455_62704 9131 31248 31249 -1 -1 20658 0.00684339
Chain
	Aln	149	-172dacdf-64d6-4fb1-b059-f256c1658a80 22060 25096 30432 -edge_75_3_+disjointig_50_28386_31455 9 3067 3069 -1 -1 2812 0.009542
	Aln	144	-172dacdf-64d6-4fb1-b059-f256c1658a80 25097 26071 30432 +edge_73_10_-disjointig_80_3_998 0 981 995 -1 -1 937 0.0055678
	Aln	150	-172dacdf-64d6-4fb1-b059-f256c1658a80 26084 27832 30432 +edge_76_2_-disjointig_50_35311_37077 0 1760 1766 -1 -1 1556 0.0125756
Chain
	Aln	158	-172dacdf-64d6-4fb1-b059-f256c1658a80 27838 30422 30432 +edge_80_0_-disjointig_50_37077_62704 0 2588 25627 -1 -1 2524 0.00439264
Chain
	Aln	175	+87494bcc-de46-44f1-9501-a12866736f85 17461 18288 21384 -edge_88_0_+disjointig_53_8228_9065 9 836 837 -1 -1 827 0.00245105
Chain
	Aln	149	+87494bcc-de46-44f1-9501-a12866736f85 18288 20494 21384 -edge_75_0_-disjointig_44_145929_148136 3 2206 2207 -1 -1 2154 0.00216325
	Aln	144	+87494bcc-de46-44f1-9501-a12866736f85 20504 21374 21384 +edge_73_7_+disjointig_61_82797_83792 10 880 995 -1 -1 868 0.000348466
Chain
	Aln	145	-87494bcc-de46-44f1-9501-a12866736f85 9 879 21384 -edge_73_7_+disjointig_61_82797_83792 114 984 995 -1 -1 868 0.000348466
	Aln	148	-87494bcc-de46-44f1-9501-a12866736f85 889 3095 21384 +edge_75_0_-disjointig_44_145929_148136 0 2203 2207 -1 -1 2154 0.00216325
Chain
	Aln	174	-87494bcc-de46-44f1-9501-a12866736f85 3095 3922 21384 +edge_88_0_+disjointig_53_8228_9065 0 827 837 -1 -1 827 0.00245105
Chain
	Aln	343	+3cdf0aad-4bb7-42a9-85ad-beb46dc3b58e 12 1324 4769 -edge_172_0_+disjointig_44_92196_94123 616 1926 1927 -1 -1 1287 0.00466805
Chain
	Aln	145	+3cdf0aad-4bb7-42a9-85ad-beb46dc3b58e 1342 2323 4769 -edge_73_10_-disjointig_80_3_998 13 994 995 -1 -1 981 0
	Aln	148	+3cdf0aad-4bb7-42a9-85ad-beb46dc3b58e 2324 4525 4769 +edge_75_11_-disjointig_91_8621_10827 1 2202 2206 -1 -1 2166 0.0012727
Chain
	Aln	149	-3cdf0aad-4bb7-42a9-85ad-beb46dc3b58e 243 2444 4769 -edge_75_11_-disjointig_91_8621_10827 3 2204 2206 -1 -1 2166 0.0012727
	Aln	144	-3cdf0aad-4bb7-42a9-85ad-beb46dc3b58e 2445 3426 4769 +edge_73_10_-disjointig_80_3_998 0 981 995 -1 -1 981 0
Chain
	Aln	342	-3cdf0aad-4bb7-42a9-85ad-beb46dc3b58e 3444 4756 4769 +edge_172_0_+disjointig_44_92196_94123 0 1310 1927 -1 -1 1287 0.00466805
Chain
	Aln	149	+be50a60c-0135-432b-b974-3d136e582a09 9 2056 8080 -edge_75_5_+disjointig_53_6022_8228 158 2205 2206 -1 -1 2004 0.00105351
	Aln	144	+be50a60c-0135-432b-b974-3d136e582a09 2066 3053 8080 +edge_73_5_-disjointig_53_62245_63245 10 997 1000 -1 -1 985 0
Chain
	Aln	342	+be50a60c-0135-432b-b974-3d136e582a09 3059 4994 8080 +edge_172_1_-disjointig_53_63245_65190 3 1937 1945 -1 -1 1932 0.0017445
	Aln	149	+be50a60c-0135-432b-b974-3d136e582a09 5012 8071 8080 -edge_75_4_+disjointig_53_0_3077 9 3068 3077 -1 -1 3059 0.00013854
Chain
	Aln	148	-be50a60c-0135-432b-b974-3d136e582a09 8 3067 8080 +edge_75_4_+disjointig_53_0_3077 8 3067 3077 -1 -1 3059 0.00013854
	Aln	343	-be50a60c-0135-432b-b974-3d136e582a09 3085 5020 8080 -edge_172_1_-disjointig_53_63245_65190 7 1941 1945 -1 -1 1932 0.0017445
Chain
	Aln	145	-be50a60c-0135-432b-b974-3d136e582a09 5026 6013 8080 -edge_73_5_-disjointig_53_62245_63245 2 989 1000 -1 -1 985 0
	Aln	148	-be50a60c-0135-432b-b974-3d136e582a09 6023 8070 8080 +edge_75_5_+disjointig_53_6022_8228 0 2047 2206 -1 -1 2004 0.00105351
Chain
	Aln	321	+28b58023-ac5f-4e2f-81ff-4aaa87157f81 5 5985 12160 -edge_161_0_+disjointig_28_6173_22910 10742 16736 16737 -1 -1 5822 0.00391738
Chain
	Aln	320	-28b58023-ac5f-4e2f-81ff-4aaa87157f81 6174 12154 12160 +edge_161_0_+disjointig_28_6173_22910 0 5994 16737 -1 -1 5822 0.00391738
Chain
	Aln	343	+32b17c08-9150-4875-abf8-7f31b2341266 26 644 4359 -edge_172_0_+disjointig_44_92196_94123 1308 1926 1927 -1 -1 618 0.00115792
Chain
	Aln	145	+32b17c08-9150-4875-abf8-7f31b2341266 656 1642 4359 -edge_73_3_+disjointig_44_234803_235801 11 997 998 -1 -1 986 0
	Aln	148	+32b17c08-9150-4875-abf8-7f31b2341266 1643 3838 4359 +edge_75_0_-disjointig_44_145929_148136 1 2204 2207 -1 -1 2169 0.00102602
	Aln	155	+32b17c08-9150-4875-abf8-7f31b2341266 3853 4354 4359 -edge_78_0_+disjointig_44_86360_88990 11 512 2630 -1 -1 501 0.000616055
Chain
	Aln	154	-32b17c08-9150-4875-abf8-7f31b2341266 4 505 4359 +edge_78_0_+disjointig_44_86360_88990 2117 2618 2630 -1 -1 501 0.000616055
	Aln	149	-32b17c08-9150-4875-abf8-7f31b2341266 520 2715 4359 -edge_75_0_-disjointig_44_145929_148136 2 2205 2207 -1 -1 2169 0.00102602
	Aln	144	-32b17c08-9150-4875-abf8-7f31b2341266 2716 3702 4359 +edge_73_3_+disjointig_44_234803_235801 0 986 998 -1 -1 986 0
Chain
	Aln	342	-32b17c08-9150-4875-abf8-7f31b2341266 3714 4332 4359 +edge_172_0_+disjointig_44_92196_94123 0 618 1927 -1 -1 618 0.00115792
Chain
	Aln	149	+c0afa5ac-6367-4206-9f28-8e9907200aac 264 2470 11104 -edge_75_11_-disjointig_91_8621_10827 4 2205 2206 -1 -1 2164 0.00140619
	Aln	144	+c0afa5ac-6367-4206-9f28-8e9907200aac 2480 3467 11104 +edge_73_3_+disjointig_44_234803_235801 10 995 998 -1 -1 964 0.00206205
Chain
	Aln	342	+c0afa5ac-6367-4206-9f28-8e9907200aac 3473 5414 11104 +edge_172_2_+disjointig_91_15185_17126 3 1939 1941 -1 -1 1934 0.00158263
	Aln	149	+c0afa5ac-6367-4206-9f28-8e9907200aac 5426 8502 11104 -edge_75_12_-disjointig_91_2599_5685 9 3085 3086 -1 -1 3076 0
	Aln	144	+c0afa5ac-6367-4206-9f28-8e9907200aac 8502 9489 11104 +edge_73_13_+disjointig_91_20212_21205 0 987 993 -1 -1 987 0
	Aln	150	+c0afa5ac-6367-4206-9f28-8e9907200aac 9495 10901 11104 +edge_76_9_+disjointig_91_21205_22622 0 1406 1417 -1 -1 1406 0.00075008
Chain
	Aln	151	-c0afa5ac-6367-4206-9f28-8e9907200aac 202 1608 11104 -edge_76_9_+disjointig_91_21205_22622 10 1416 1417 -1 -1 1406 0.00075008
	Aln	145	-c0afa5ac-6367-4206-9f28-8e9907200aac 1614 2601 11104 -edge_73_13_+disjointig_91_20212_21205 5 992 993 -1 -1 987 0
	Aln	148	-c0afa5ac-6367-4206-9f28-8e9907200aac 2601 5677 11104 +edge_75_12_-disjointig_91_2599_5685 0 3076 3086 -1 -1 3076 0
	Aln	343	-c0afa5ac-6367-4206-9f28-8e9907200aac 5689 7630 11104 -edge_172_2_+disjointig_91_15185_17126 1 1937 1941 -1 -1 1934 0.00158263
Chain
	Aln	145	-c0afa5ac-6367-4206-9f28-8e9907200aac 7636 8623 11104 -edge_73_3_+disjointig_44_234803_235801 2 987 998 -1 -1 964 0.00206205
	Aln	148	-c0afa5ac-6367-4206-9f28-8e9907200aac 8633 10839 11104 +edge_75_11_-disjointig_91_8621_10827 0 2201 2206 -1 -1 2164 0.00140619
Chain
	Aln	343	+8594cf9d-0701-4017-a870-5cf499b50968 203 2128 10990 -edge_172_0_+disjointig_44_92196_94123 3 1926 1927 -1 -1 1917 0.00126747
Chain
	Aln	145	+8594cf9d-0701-4017-a870-5cf499b50968 2140 3127 10990 -edge_73_1_+disjointig_44_91197_92196 11 998 999 -1 -1 987 0
	Aln	148	+8594cf9d-0701-4017-a870-5cf499b50968 3128 5331 10990 +edge_75_0_-disjointig_44_145929_148136 1 2204 2207 -1 -1 2187 0.000430324
	Aln	155	+8594cf9d-0701-4017-a870-5cf499b50968 5346 7966 10990 -edge_78_0_+disjointig_44_86360_88990 11 2629 2630 -1 -1 2590 0.0010751
	Aln	151	+8594cf9d-0701-4017-a870-5cf499b50968 7971 9719 10990 -edge_76_0_+disjointig_44_84592_86360 4 1752 1768 -1 -1 1742 0.00175319
	Aln	145	+8594cf9d-0701-4017-a870-5cf499b50968 9745 10982 10990 -edge_73_0_+disjointig_44_83253_84592 9 1246 1339 -1 -1 1237 0
Chain
	Aln	144	-8594cf9d-0701-4017-a870-5cf499b50968 7 1244 10990 +edge_73_0_+disjointig_44_83253_84592 92 1329 1339 -1 -1 1237 0
	Aln	150	-8594cf9d-0701-4017-a870-5cf499b50968 1270 3018 10990 +edge_76_0_+disjointig_44_84592_86360 15 1763 1768 -1 -1 1742 0.00175319
	Aln	154	-8594cf9d-0701-4017-a870-5cf499b50968 3023 5643 10990 +edge_78_0_+disjointig_44_86360_88990 0 2618 2630 -1 -1 2590 0.0010751
	Aln	149	-8594cf9d-0701-4017-a870-5cf499b50968 5658 7861 10990 -edge_75_0_-disjointig_44_145929_148136 2 2205 2207 -1 -1 2187 0.000430324
	Aln	144	-8594cf9d-0701-4017-a870-5cf499b50968 7862 8849 10990 +edge_73_1_+disjointig_44_91197_92196 0 987 999 -1 -1 987 0
Chain
	Aln	342	-8594cf9d-0701-4017-a870-5cf499b50968 8861 10786 10990 +edge_172_0_+disjointig_44_92196_94123 0 1923 1927 -1 -1 1917 0.00126747
Chain
	Aln	83	+949563c1-3175-4848-bdb4-5ed461f1bb71 405 1924 20828 -edge_42_0_-disjointig_48_101253_102780 12 1526 1527 -1 -1 1498 0.00345896
Chain
	Aln	319	+949563c1-3175-4848-bdb4-5ed461f1bb71 1935 20826 20828 -edge_160_0_-disjointig_48_0_101253 10 18930 101253 -1 -1 17124 0.00803116
Chain
	Aln	318	-949563c1-3175-4848-bdb4-5ed461f1bb71 1 18892 20828 +edge_160_0_-disjointig_48_0_101253 82322 101242 101253 -1 -1 17124 0.00803116
Chain
	Aln	82	-949563c1-3175-4848-bdb4-5ed461f1bb71 18903 20422 20828 +edge_42_0_-disjointig_48_101253_102780 0 1514 1527 -1 -1 1498 0.00345896
Chain
	Aln	321	+48d117e3-7afd-47c3-89af-bf82434b61bb 10 10041 13297 -edge_161_0_+disjointig_28_6173_22910 6701 16736 16737 -1 -1 9566 0.00614409
Chain
	Aln	83	+48d117e3-7afd-47c3-89af-bf82434b61bb 10054 11568 13297 -edge_42_0_-disjointig_48_101253_102780 12 1526 1527 -1 -1 1480 0.00371926
Chain
	Aln	319	+48d117e3-7afd-47c3-89af-bf82434b61bb 11579 13295 13297 -edge_160_0_-disjointig_48_0_101253 10 1731 101253 -1 -1 1652 0.00317516
Chain
	Aln	318	-48d117e3-7afd-47c3-89af-bf82434b61bb 1 1717 13297 +edge_160_0_-disjointig_48_0_101253 99521 101242 101253 -1 -1 1652 0.00317516
Chain
	Aln	82	-48d117e3-7afd-47c3-89af-bf82434b61bb 1728 3242 13297 +edge_42_0_-disjointig_48_101253_102780 0 1514 1527 -1 -1 1480 0.00371926
Chain
	Aln	320	-48d117e3-7afd-47c3-89af-bf82434b61bb 3255 13286 13297 +edge_161_0_+disjointig_28_6173_22910 0 10035 16737 -1 -1 9566 0.00614409
Chain
	Aln	321	+3c933992-1e53-4d7b-afc4-a599108581cf 8 2450 8813 -edge_161_0_+disjointig_28_6173_22910 14302 16736 16737 -1 -1 2280 0.0090634
Chain
	Aln	83	+3c933992-1e53-4d7b-afc4-a599108581cf 2463 3971 8813 -edge_42_0_-disjointig_48_101253_102780 12 1526 1527 -1 -1 1445 0.00557211
Chain
	Aln	319	+3c933992-1e53-4d7b-afc4-a599108581cf 3982 8762 8813 -edge_160_0_-disjointig_48_0_101253 10 4785 101253 -1 -1 4478 0.00795229
Chain
	Aln	318	-3c933992-1e53-4d7b-afc4-a599108581cf 50 4830 8813 +edge_160_0_-disjointig_48_0_101253 96467 101242 101253 -1 -1 4478 0.00795229
Chain
	Aln	82	-3c933992-1e53-4d7b-afc4-a599108581cf 4841 6349 8813 +edge_42_0_-disjointig_48_101253_102780 0 1514 1527 -1 -1 1445 0.00557211
Chain
	Aln	320	-3c933992-1e53-4d7b-afc4-a599108581cf 6362 8804 8813 +edge_161_0_+disjointig_28_6173_22910 0 2434 16737 -1 -1 2280 0.0090634
Chain
	Aln	321	+e776c512-1f94-43c5-be1c-7398352e2f11 5 1771 3913 -edge_161_0_+disjointig_28_6173_22910 14969 16736 16737 -1 -1 1712 0.00433067
Chain
	Aln	83	+e776c512-1f94-43c5-be1c-7398352e2f11 1784 3297 3913 -edge_42_0_-disjointig_48_101253_102780 12 1526 1527 -1 -1 1493 0.00259017
Chain
	Aln	319	+e776c512-1f94-43c5-be1c-7398352e2f11 3308 3910 3913 -edge_160_0_-disjointig_48_0_101253 10 614 101253 -1 -1 597 0.00198892
Chain
	Aln	318	-e776c512-1f94-43c5-be1c-7398352e2f11 2 604 3913 +edge_160_0_-disjointig_48_0_101253 100638 101242 101253 -1 -1 597 0.00198892
Chain
	Aln	82	-e776c512-1f94-43c5-be1c-7398352e2f11 615 2128 3913 +edge_42_0_-disjointig_48_101253_102780 0 1514 1527 -1 -1 1493 0.00259017
Chain
	Aln	320	-e776c512-1f94-43c5-be1c-7398352e2f11 2141 3907 3913 +edge_161_0_+disjointig_28_6173_22910 0 1767 16737 -1 -1 1712 0.00433067
Chain
	Aln	318	+7ee75b50-5cf1-43eb-b2ca-5e2c6b51c04f 2 1291 3085 +edge_160_0_-disjointig_48_0_101253 99960 101249 101253 -1 -1 1271 0
Chain
	Aln	82	+7ee75b50-5cf1-43eb-b2ca-5e2c6b51c04f 1298 2818 3085 +edge_42_0_-disjointig_48_101253_102780 3 1524 1527 -1 -1 1470 0.00421904
Chain
	Aln	83	-7ee75b50-5cf1-43eb-b2ca-5e2c6b51c04f 266 1786 3085 -edge_42_0_-disjointig_48_101253_102780 2 1523 1527 -1 -1 1470 0.00421904
Chain
	Aln	319	-7ee75b50-5cf1-43eb-b2ca-5e2c6b51c04f 1793 3082 3085 -edge_160_0_-disjointig_48_0_101253 3 1292 101253 -1 -1 1271 0
Chain
	Aln	81	+28b58023-ac5f-4e2f-81ff-4aaa87157f81 5992 6991 12160 -edge_41_0_+disjointig_28_5168_6173 5 1004 1005 -1 -1 722 0.000535567
Chain
	Aln	319	+28b58023-ac5f-4e2f-81ff-4aaa87157f81 7017 11736 12160 -edge_160_0_-disjointig_48_0_101253 27 4785 101253 -1 -1 4142 0.0130396
Chain
	Aln	318	-28b58023-ac5f-4e2f-81ff-4aaa87157f81 423 5142 12160 +edge_160_0_-disjointig_48_0_101253 96467 101225 101253 -1 -1 4142 0.0130396
Chain
	Aln	80	-28b58023-ac5f-4e2f-81ff-4aaa87157f81 5168 6167 12160 +edge_41_0_+disjointig_28_5168_6173 0 999 1005 -1 -1 722 0.000535567
