Chain
	Aln	137	+4972a86d-1388-42f5-81f3-cf1081baf0f9 12 1765 1767 -edge_69_0_+disjointig_34_0_28084 20976 22728 28084 -1 -1 1699 0.00137113
Chain
	Aln	136	-4972a86d-1388-42f5-81f3-cf1081baf0f9 1 1754 1767 +edge_69_0_+disjointig_34_0_28084 5355 7107 28084 -1 -1 1699 0.00137113
Chain
	Aln	267	+465e1b7c-d6a7-40d0-8e1d-bf1927623f11 10 1035 2234 -edge_134_0_+disjointig_97_0_7318 6225 7250 7318 -1 -1 1025 0.00164524
Chain
	Aln	266	-465e1b7c-d6a7-40d0-8e1d-bf1927623f11 1198 2223 2234 +edge_134_0_+disjointig_97_0_7318 67 1092 7318 -1 -1 1025 0.00164524
Chain
	Aln	170	+04a9b7ad-630f-4497-bc63-46a00bfe8dd7 5 2824 2827 +edge_86_0_+disjointig_47_0_14689 7213 10032 14689 -1 -1 2802 0
Chain
	Aln	171	-04a9b7ad-630f-4497-bc63-46a00bfe8dd7 2 2821 2827 -edge_86_0_+disjointig_47_0_14689 4656 7475 14689 -1 -1 2802 0
Chain
	Aln	195	+26f512f6-9d81-4847-a9ee-2b42b3183cc0 983 2149 2151 -edge_98_0_+disjointig_58_0_13468 11 1181 13468 -1 -1 1130 0.00504575
Chain
	Aln	194	-26f512f6-9d81-4847-a9ee-2b42b3183cc0 1 1167 2151 +edge_98_0_+disjointig_58_0_13468 12286 13456 13468 -1 -1 1130 0.00504575
Chain
	Aln	198	+f6dca978-1520-460d-9139-6892503c50c9 8 4606 4631 +edge_100_0_+disjointig_60_0_5492 865 5467 5492 -1 -1 4527 0.00104361
Chain
	Aln	199	-f6dca978-1520-460d-9139-6892503c50c9 24 4622 4631 -edge_100_0_+disjointig_60_0_5492 24 4626 5492 -1 -1 4527 0.00104361
Chain
	Aln	145	+f1120b4c-31ae-42aa-a7a0-968ba3e69cdc 13 1337 1349 -edge_73_0_+disjointig_38_0_17471 1686 3014 17471 -1 -1 1241 0.00870056
Chain
	Aln	144	-f1120b4c-31ae-42aa-a7a0-968ba3e69cdc 11 1335 1349 +edge_73_0_+disjointig_38_0_17471 14456 15784 17471 -1 -1 1241 0.00870056
Chain
	Aln	263	+6f35ea60-3127-4b32-8321-8c1c7b0fcfbd 11 6840 6842 -edge_132_0_+disjointig_95_0_6975 154 6973 6975 -1 -1 6609 0.00302226
Chain
	Aln	262	-6f35ea60-3127-4b32-8321-8c1c7b0fcfbd 1 6830 6842 +edge_132_0_+disjointig_95_0_6975 1 6820 6975 -1 -1 6609 0.00302226
Chain
	Aln	275	+d19cfdb1-d112-4175-b742-0c9358b47d95 24 1275 1287 -edge_138_0_+disjointig_24_5721_14478 3493 4759 8757 -1 -1 1135 0.00908424
Chain
	Aln	274	-d19cfdb1-d112-4175-b742-0c9358b47d95 11 1262 1287 +edge_138_0_+disjointig_24_5721_14478 3997 5263 8757 -1 -1 1135 0.00908424
Chain
	Aln	273	+6cae4cc9-db7b-4bfe-bf1f-789fb5013e9d 3 866 7286 -edge_137_2_+disjointig_31_15085_19645 3695 4559 4560 -1 -1 855 0.00186532
	Aln	10	+6cae4cc9-db7b-4bfe-bf1f-789fb5013e9d 953 1663 7286 +edge_6_0_-disjointig_31_4566_5481 115 874 915 -1 -1 118 0.15432
	Aln	273	+6cae4cc9-db7b-4bfe-bf1f-789fb5013e9d 1693 6570 7286 -edge_137_1_+disjointig_31_9289_14170 2 4880 4881 -1 -1 4794 0.00222055
Chain
	Aln	272	-6cae4cc9-db7b-4bfe-bf1f-789fb5013e9d 715 5592 7286 +edge_137_1_+disjointig_31_9289_14170 0 4878 4881 -1 -1 4794 0.00222055
	Aln	11	-6cae4cc9-db7b-4bfe-bf1f-789fb5013e9d 5622 6332 7286 -edge_6_0_-disjointig_31_4566_5481 40 799 915 -1 -1 118 0.15432
	Aln	272	-6cae4cc9-db7b-4bfe-bf1f-789fb5013e9d 6419 7282 7286 +edge_137_2_+disjointig_31_15085_19645 0 864 4560 -1 -1 855 0.00186532
Chain
	Aln	107	+df4d950b-8de8-463e-8a39-753895af1703 13 5546 5555 -edge_54_0_+disjointig_2_0_9406 3866 9397 9406 -1 -1 5516 0
Chain
	Aln	106	-df4d950b-8de8-463e-8a39-753895af1703 8 5541 5555 +edge_54_0_+disjointig_2_0_9406 8 5539 9406 -1 -1 5516 0
Chain
	Aln	135	+47396c47-45ad-4438-8cfe-d564bb4e01d4 12 1124 1126 -edge_68_0_+disjointig_32_0_16153 7679 8791 16153 -1 -1 1110 0.000860523
Chain
	Aln	134	-47396c47-45ad-4438-8cfe-d564bb4e01d4 1 1113 1126 +edge_68_0_+disjointig_32_0_16153 7361 8473 16153 -1 -1 1110 0.000860523
Chain
	Aln	191	+cbe91d7e-6e4b-46c8-b91d-869912b7b5c2 18 2337 2372 -edge_96_0_+disjointig_56_0_4374 17 2335 4374 -1 -1 1975 0.0110493
Chain
	Aln	190	-cbe91d7e-6e4b-46c8-b91d-869912b7b5c2 34 2353 2372 +edge_96_0_+disjointig_56_0_4374 2038 4356 4374 -1 -1 1975 0.0110493
Chain
	Aln	153	+95af85ff-ad27-4456-ab28-60ff229ddba2 19 3054 3060 -edge_77_0_+disjointig_41_0_4572 18 3053 4572 -1 -1 3018 0.000550943
Chain
	Aln	152	-95af85ff-ad27-4456-ab28-60ff229ddba2 5 3040 3060 +edge_77_0_+disjointig_41_0_4572 1518 4553 4572 -1 -1 3018 0.000550943
Chain
	Aln	42	+cbf3240d-ecba-4b66-a6b4-f608fed4ed41 4 5954 5957 +edge_22_0_+disjointig_105_0_12583 1806 7763 12583 -1 -1 5800 0.00158482
Chain
	Aln	43	-cbf3240d-ecba-4b66-a6b4-f608fed4ed41 2 5952 5957 -edge_22_0_+disjointig_105_0_12583 4819 10776 12583 -1 -1 5800 0.00158482
Chain
	Aln	272	+5ccd9763-18e8-42bf-ac34-29188bcad4bf 4034 8896 11385 +edge_137_1_+disjointig_31_9289_14170 8 4878 4881 -1 -1 4730 0.00351964
	Aln	11	+5ccd9763-18e8-42bf-ac34-29188bcad4bf 8925 9581 11385 -edge_6_0_-disjointig_31_4566_5481 40 736 915 -1 -1 49 0.189996
Chain
	Aln	10	-5ccd9763-18e8-42bf-ac34-29188bcad4bf 1803 2459 11385 +edge_6_0_-disjointig_31_4566_5481 178 874 915 -1 -1 49 0.189996
	Aln	273	-5ccd9763-18e8-42bf-ac34-29188bcad4bf 2488 7350 11385 -edge_137_1_+disjointig_31_9289_14170 2 4872 4881 -1 -1 4730 0.00351964
Chain
	Aln	109	+334659ab-f93a-42ee-86aa-6f96f4e42115 18 7182 15272 -edge_55_0_+disjointig_20_0_7183 17 7182 7183 -1 -1 7062 0.00142409
Chain
	Aln	108	-334659ab-f93a-42ee-86aa-6f96f4e42115 8089 15253 15272 +edge_55_0_+disjointig_20_0_7183 0 7165 7183 -1 -1 7062 0.00142409
Chain
	Aln	146	+99a7b715-f910-4b2c-9724-8056bea39b07 5467 15055 15060 +edge_74_0_+disjointig_39_0_32109 5 9621 32109 -1 -1 9287 0.00308458
Chain
	Aln	147	-99a7b715-f910-4b2c-9724-8056bea39b07 4 9592 15060 -edge_74_0_+disjointig_39_0_32109 22487 32103 32109 -1 -1 9287 0.00308458
Chain
	Aln	139	+9de95d0e-d59a-4d41-b46a-8afaead2a499 14 9438 14417 -edge_70_0_+disjointig_35_0_9440 13 9439 9440 -1 -1 9373 0.00194618
Chain
	Aln	138	-9de95d0e-d59a-4d41-b46a-8afaead2a499 4978 14402 14417 +edge_70_0_+disjointig_35_0_9440 0 9426 9440 -1 -1 9373 0.00194618
Chain
	Aln	257	+30952004-31d6-40a1-ba8d-fd9443706fa0 5 3558 3561 -edge_129_0_+disjointig_92_0_10849 6996 10545 10849 -1 -1 3522 0.000937704
Chain
	Aln	256	-30952004-31d6-40a1-ba8d-fd9443706fa0 2 3555 3561 +edge_129_0_+disjointig_92_0_10849 303 3852 10849 -1 -1 3522 0.000937704
Chain
	Aln	256	+2b198e6c-df51-4be8-a415-df935c51565b 7 1417 1424 +edge_129_0_+disjointig_92_0_10849 7073 8483 10849 -1 -1 1410 0
Chain
	Aln	257	-2b198e6c-df51-4be8-a415-df935c51565b 6 1416 1424 -edge_129_0_+disjointig_92_0_10849 2365 3775 10849 -1 -1 1410 0
Chain
	Aln	256	+b55444d5-d6da-461c-926e-d7150a957345 4106 14906 14913 +edge_129_0_+disjointig_92_0_10849 1 10843 10849 -1 -1 10319 0.00449493
Chain
	Aln	257	-b55444d5-d6da-461c-926e-d7150a957345 6 10806 14913 -edge_129_0_+disjointig_92_0_10849 5 10847 10849 -1 -1 10319 0.00449493
Chain
	Aln	170	+faf2e19a-6a10-445a-b142-ed0b00886557 5 9414 9423 +edge_86_0_+disjointig_47_0_14689 5280 14681 14689 -1 -1 8559 0.00688086
Chain
	Aln	171	-faf2e19a-6a10-445a-b142-ed0b00886557 8 9417 9423 -edge_86_0_+disjointig_47_0_14689 7 9408 14689 -1 -1 8559 0.00688086
Chain
	Aln	2	+b110ca87-c553-4e88-bff5-83f25ac58a05 5221 12586 12593 +edge_2_0_+disjointig_10_0_7373 1 7367 7373 -1 -1 7307 0.000691021
Chain
	Aln	3	-b110ca87-c553-4e88-bff5-83f25ac58a05 6 7371 12593 -edge_2_0_+disjointig_10_0_7373 5 7371 7373 -1 -1 7307 0.000691021
Chain
	Aln	251	+eee25ed1-2c85-4a5f-b076-a7eb1ecbe361 15 10378 10385 -edge_126_0_+disjointig_9_0_32692 14 10365 32692 -1 -1 10106 0.00238777
Chain
	Aln	250	-eee25ed1-2c85-4a5f-b076-a7eb1ecbe361 6 10369 10385 +edge_126_0_+disjointig_9_0_32692 22326 32677 32692 -1 -1 10106 0.00238777
Chain
	Aln	127	+4ff6df84-94ce-408d-99d2-6fcc5eaccc0e 11 3904 3907 -edge_64_0_+disjointig_28_0_6196 2300 6193 6196 -1 -1 3860 0.000496808
Chain
	Aln	126	-4ff6df84-94ce-408d-99d2-6fcc5eaccc0e 2 3895 3907 +edge_64_0_+disjointig_28_0_6196 2 3895 6196 -1 -1 3860 0.000496808
Chain
	Aln	36	+a7a0a463-814b-4375-b431-5c28d279c94a 39 3328 4652 +edge_19_0_+disjointig_102_0_4024 726 4013 4024 -1 -1 3111 0.00614697
Chain
	Aln	37	-a7a0a463-814b-4375-b431-5c28d279c94a 1323 4612 4652 -edge_19_0_+disjointig_102_0_4024 10 3297 4024 -1 -1 3111 0.00614697
Chain
	Aln	185	+172bab65-ef12-40a4-93a3-264acb6393a6 81 1335 1338 -edge_93_0_+disjointig_53_0_13071 6297 7551 13071 -1 -1 1254 0.00176172
Chain
	Aln	184	-172bab65-ef12-40a4-93a3-264acb6393a6 2 1256 1338 +edge_93_0_+disjointig_53_0_13071 5519 6773 13071 -1 -1 1254 0.00176172
Chain
	Aln	82	+5b29aa2b-41a0-4de8-b3a5-a9aa4c252656 2407 8461 8465 +edge_42_0_+disjointig_123_0_6072 5 6069 6072 -1 -1 5952 0.00381702
Chain
	Aln	83	-5b29aa2b-41a0-4de8-b3a5-a9aa4c252656 3 6057 8465 -edge_42_0_+disjointig_123_0_6072 2 6066 6072 -1 -1 5952 0.00381702
Chain
	Aln	262	+78fd06bc-7cc8-46e2-9fff-ff69902a2190 1 1028 1031 +edge_132_0_+disjointig_95_0_6975 226 1253 6975 -1 -1 1027 0.00143581
Chain
	Aln	263	-78fd06bc-7cc8-46e2-9fff-ff69902a2190 2 1029 1031 -edge_132_0_+disjointig_95_0_6975 5721 6748 6975 -1 -1 1027 0.00143581
Chain
	Aln	25	+ef8d3386-b61e-4f08-a4d0-d88d3aff947e 29 3058 3060 -edge_13_0_+disjointig_74_7640_17329 6298 9334 9689 -1 -1 2981 0.00122031
Chain
	Aln	24	-ef8d3386-b61e-4f08-a4d0-d88d3aff947e 1 3030 3060 +edge_13_0_+disjointig_74_7640_17329 354 3390 9689 -1 -1 2981 0.00122031
Chain
	Aln	179	+d71cccd0-7e05-4698-a1af-5a1620122dbb 9 1140 1148 -edge_90_0_+disjointig_50_0_18087 14055 15188 18087 -1 -1 1100 0.0037619
Chain
	Aln	178	-d71cccd0-7e05-4698-a1af-5a1620122dbb 7 1138 1148 +edge_90_0_+disjointig_50_0_18087 2898 4031 18087 -1 -1 1100 0.0037619
Chain
	Aln	144	+27d384d7-9115-4757-affc-36300f6e3279 15 4953 4956 +edge_73_0_+disjointig_38_0_17471 6555 11498 17471 -1 -1 4880 0.000965931
Chain
	Aln	145	-27d384d7-9115-4757-affc-36300f6e3279 2 4940 4956 -edge_73_0_+disjointig_38_0_17471 5972 10915 17471 -1 -1 4880 0.000965931
Chain
	Aln	217	+558692b8-90d9-4777-a5d8-0b0b72cc56f8 3 1624 1632 -edge_109_0_+disjointig_7_0_26833 23704 25324 26833 -1 -1 1602 0.00190162
Chain
	Aln	216	-558692b8-90d9-4777-a5d8-0b0b72cc56f8 7 1628 1632 +edge_109_0_+disjointig_7_0_26833 1508 3128 26833 -1 -1 1602 0.00190162
Chain
	Aln	144	+7a0f9cee-32fc-4962-8ea5-574f4149f527 1 7976 7980 +edge_73_0_+disjointig_38_0_17471 1 7985 17471 -1 -1 7908 0.00201598
Chain
	Aln	145	-7a0f9cee-32fc-4962-8ea5-574f4149f527 3 7978 7980 -edge_73_0_+disjointig_38_0_17471 9485 17469 17471 -1 -1 7908 0.00201598
Chain
	Aln	255	+d82f1927-fe90-4e92-afb4-e03eb2e88f4b 2239 3693 8075 -edge_128_0_+disjointig_91_0_27922 25478 26942 27922 -1 -1 1357 0.00651031
Chain
	Aln	254	-d82f1927-fe90-4e92-afb4-e03eb2e88f4b 4381 5835 8075 +edge_128_0_+disjointig_91_0_27922 979 2443 27922 -1 -1 1357 0.00651031
Chain
	Aln	195	+1c019fa2-06d8-4d3b-b858-a4e048ed19f4 9 5093 5097 -edge_98_0_+disjointig_58_0_13468 3402 8489 13468 -1 -1 4966 0.00455061
Chain
	Aln	194	-1c019fa2-06d8-4d3b-b858-a4e048ed19f4 3 5087 5097 +edge_98_0_+disjointig_58_0_13468 4978 10065 13468 -1 -1 4966 0.00455061
Chain
	Aln	68	+9768d784-e484-47cd-a7f7-58063363bce2 9 1065 1073 +edge_35_0_+disjointig_117_0_11933 3409 4465 11933 -1 -1 1052 0
Chain
	Aln	69	-9768d784-e484-47cd-a7f7-58063363bce2 7 1063 1073 -edge_35_0_+disjointig_117_0_11933 7467 8523 11933 -1 -1 1052 0
Chain
	Aln	212	+4d94992f-b45b-4466-9dd6-45a044b53a2b 16 1287 1293 +edge_107_0_+disjointig_68_0_21130 15558 16829 21130 -1 -1 1261 0.00255382
Chain
	Aln	213	-4d94992f-b45b-4466-9dd6-45a044b53a2b 5 1276 1293 -edge_107_0_+disjointig_68_0_21130 4300 5571 21130 -1 -1 1261 0.00255382
Chain
	Aln	222	+661100e4-fee1-47e0-b58f-b938b87212e8 1417 3628 3639 +edge_112_0_+disjointig_72_0_3175 27 2238 3175 -1 -1 2183 0.00231654
Chain
	Aln	223	-661100e4-fee1-47e0-b58f-b938b87212e8 10 2221 3639 -edge_112_0_+disjointig_72_0_3175 936 3147 3175 -1 -1 2183 0.00231654
Chain
	Aln	259	+52b8353a-6d12-4145-9f75-96251420f7e5 18 2422 2424 -edge_130_0_+disjointig_93_0_2420 17 2418 2420 -1 -1 2363 0.00227369
Chain
	Aln	258	-52b8353a-6d12-4145-9f75-96251420f7e5 1 2405 2424 +edge_130_0_+disjointig_93_0_2420 1 2402 2420 -1 -1 2363 0.00227369
Chain
	Aln	75	+6f3e7004-beb9-4476-b6b7-a4b9257414a2 334 9377 9379 -edge_38_0_+disjointig_12_0_9067 16 9065 9067 -1 -1 8940 0.000656747
Chain
	Aln	74	-6f3e7004-beb9-4476-b6b7-a4b9257414a2 1 9044 9379 +edge_38_0_+disjointig_12_0_9067 1 9050 9067 -1 -1 8940 0.000656747
Chain
	Aln	199	+2f190c91-1355-421e-802e-12237d88bac2 6 2235 2237 -edge_100_0_+disjointig_60_0_5492 3259 5490 5492 -1 -1 2211 0
Chain
	Aln	198	-2f190c91-1355-421e-802e-12237d88bac2 1 2230 2237 +edge_100_0_+disjointig_60_0_5492 1 2232 5492 -1 -1 2211 0
Chain
	Aln	272	+204444ae-a1fb-45f2-a801-a4f17bf5f637 4365 8918 8925 +edge_137_1_+disjointig_31_9289_14170 0 4560 4881 -1 -1 4512 0.00158897
Chain
	Aln	272	+204444ae-a1fb-45f2-a801-a4f17bf5f637 28 2004 8925 +edge_137_0_+disjointig_101_3150_7988 2852 4828 4838 -1 -1 1954 0.00180269
Chain
	Aln	273	-204444ae-a1fb-45f2-a801-a4f17bf5f637 6 4559 8925 -edge_137_1_+disjointig_31_9289_14170 320 4880 4881 -1 -1 4512 0.00158897
Chain
	Aln	273	-204444ae-a1fb-45f2-a801-a4f17bf5f637 6920 8896 8925 -edge_137_0_+disjointig_101_3150_7988 9 1985 4838 -1 -1 1954 0.00180269
Chain
	Aln	185	+4006bf0a-83cf-4066-be5d-fd45fdff297e 9 1021 1025 -edge_93_0_+disjointig_53_0_13071 4894 5906 13071 -1 -1 1012 0.00122031
Chain
	Aln	184	-4006bf0a-83cf-4066-be5d-fd45fdff297e 3 1015 1025 +edge_93_0_+disjointig_53_0_13071 7164 8176 13071 -1 -1 1012 0.00122031
Chain
	Aln	219	+2f3c75ad-bd72-4018-ad9c-b31b5dc7521c 10 2343 2345 -edge_110_0_+disjointig_70_0_4170 9 2342 4170 -1 -1 2320 0.00192773
Chain
	Aln	218	-2f3c75ad-bd72-4018-ad9c-b31b5dc7521c 1 2334 2345 +edge_110_0_+disjointig_70_0_4170 1827 4160 4170 -1 -1 2320 0.00192773
Chain
	Aln	120	+46fbddb9-2337-4892-b87a-0f2aaed26dcf 22863 27973 27981 +edge_61_0_+disjointig_25_0_5117 1 5110 5117 -1 -1 5036 0.00345583
Chain
	Aln	121	-46fbddb9-2337-4892-b87a-0f2aaed26dcf 7 5117 27981 -edge_61_0_+disjointig_25_0_5117 6 5115 5117 -1 -1 5036 0.00345583
Chain
	Aln	275	+54a74300-678d-4e57-80b1-a35692a758a5 11 1238 1246 -edge_138_0_+disjointig_24_5721_14478 6599 7824 8757 -1 -1 1173 0.00376538
Chain
	Aln	274	-54a74300-678d-4e57-80b1-a35692a758a5 7 1234 1246 +edge_138_0_+disjointig_24_5721_14478 932 2157 8757 -1 -1 1173 0.00376538
Chain
	Aln	213	+63c9c56b-74ff-4230-ab41-6724a2ee36ba 10 1483 1490 -edge_107_0_+disjointig_68_0_21130 6182 7656 21130 -1 -1 1452 0.00193678
Chain
	Aln	212	-63c9c56b-74ff-4230-ab41-6724a2ee36ba 6 1479 1490 +edge_107_0_+disjointig_68_0_21130 13473 14947 21130 -1 -1 1452 0.00193678
Chain
	Aln	253	+faa65803-6340-4128-bbc6-1aa4f3fa4f68 19 2270 2272 -edge_127_0_+disjointig_90_0_2269 18 2267 2269 -1 -1 2241 0
Chain
	Aln	252	-faa65803-6340-4128-bbc6-1aa4f3fa4f68 1 2252 2272 +edge_127_0_+disjointig_90_0_2269 1 2250 2269 -1 -1 2241 0
Chain
	Aln	79	+583b108d-fb8b-4cb2-8788-b918de21b6d8 8 1962 1964 -edge_40_0_+disjointig_121_0_2406 102 2058 2406 -1 -1 1944 0.000867177
Chain
	Aln	78	-583b108d-fb8b-4cb2-8788-b918de21b6d8 1 1955 1964 +edge_40_0_+disjointig_121_0_2406 347 2303 2406 -1 -1 1944 0.000867177
Chain
	Aln	213	+38c8b3e4-5281-401e-9338-af5f2beb316d 14 1139 1144 -edge_107_0_+disjointig_68_0_21130 2355 3480 21130 -1 -1 1090 0.00304108
Chain
	Aln	212	-38c8b3e4-5281-401e-9338-af5f2beb316d 4 1129 1144 +edge_107_0_+disjointig_68_0_21130 17649 18774 21130 -1 -1 1090 0.00304108
Chain
	Aln	53	+2c1f4555-d115-4763-9d25-0f1ffff3e081 81 5396 5398 -edge_27_0_+disjointig_11_0_6291 972 6289 6291 -1 -1 5227 0.00163926
Chain
	Aln	52	-2c1f4555-d115-4763-9d25-0f1ffff3e081 1 5316 5398 +edge_27_0_+disjointig_11_0_6291 1 5318 6291 -1 -1 5227 0.00163926
Chain
	Aln	51	+507d4348-020b-4239-bcaa-2a19c512afb5 513 1779 1781 -edge_26_0_+disjointig_109_0_6911 8 1274 6911 -1 -1 1233 0.00339639
Chain
	Aln	50	-507d4348-020b-4239-bcaa-2a19c512afb5 1 1267 1781 +edge_26_0_+disjointig_109_0_6911 5636 6902 6911 -1 -1 1233 0.00339639
Chain
	Aln	114	+f7b71f85-6917-4c45-9578-acba100ea66f 17 2756 3330 +edge_58_0_+disjointig_23_0_11659 8908 11647 11659 -1 -1 2726 0.00172645
Chain
	Aln	115	-f7b71f85-6917-4c45-9578-acba100ea66f 573 3312 3330 -edge_58_0_+disjointig_23_0_11659 11 2750 11659 -1 -1 2726 0.00172645
Chain
	Aln	60	+f5788d6f-d845-412b-be87-dd64aeedffda 8 1319 1324 +edge_31_0_+disjointig_113_0_8706 2096 3406 8706 -1 -1 1241 0.0049113
Chain
	Aln	61	-f5788d6f-d845-412b-be87-dd64aeedffda 4 1315 1324 -edge_31_0_+disjointig_113_0_8706 5299 6609 8706 -1 -1 1241 0.0049113
Chain
	Aln	206	+efc24825-b0b5-4a46-8ace-86101e33a4bf 2 1686 1694 +edge_104_0_+disjointig_64_0_30187 5559 7243 30187 -1 -1 1665 0.00191683
Chain
	Aln	207	-efc24825-b0b5-4a46-8ace-86101e33a4bf 7 1691 1694 -edge_104_0_+disjointig_64_0_30187 22943 24627 30187 -1 -1 1665 0.00191683
Chain
	Aln	0	+0f320008-1e8f-4426-9e41-b8f9a25db434 796 6099 6149 +edge_1_0_+disjointig_1_0_5311 1 5305 5311 -1 -1 5057 0.00288985
Chain
	Aln	1	-0f320008-1e8f-4426-9e41-b8f9a25db434 49 5352 6149 -edge_1_0_+disjointig_1_0_5311 5 5309 5311 -1 -1 5057 0.00288985
Chain
	Aln	104	+1bd1139a-f33f-441d-afdb-2cadf034df55 23 1552 1561 +edge_53_0_-disjointig_33_3514_20029 1790 3320 16515 -1 -1 1350 0.0187514
Chain
	Aln	105	-1bd1139a-f33f-441d-afdb-2cadf034df55 8 1537 1561 -edge_53_0_-disjointig_33_3514_20029 13194 14724 16515 -1 -1 1350 0.0187514
Chain
	Aln	193	+5951e245-34ce-4247-a89e-6f04e842cced 8 5110 5852 -edge_97_0_+disjointig_57_0_5117 7 5116 5117 -1 -1 4998 0.00357892
Chain
	Aln	192	-5951e245-34ce-4247-a89e-6f04e842cced 741 5843 5852 +edge_97_0_+disjointig_57_0_5117 0 5109 5117 -1 -1 4998 0.00357892
Chain
	Aln	136	+57b6274f-fc21-47c0-9c74-beae0aa45665 5 2060 2067 +edge_69_0_+disjointig_34_0_28084 4902 6958 28084 -1 -1 2008 0.00117074
Chain
	Aln	137	-57b6274f-fc21-47c0-9c74-beae0aa45665 6 2061 2067 -edge_69_0_+disjointig_34_0_28084 21125 23181 28084 -1 -1 2008 0.00117074
Chain
	Aln	47	+f9bed107-7fbd-4260-9d9e-2e13c347a0ea 17 2478 2482 -edge_24_0_+disjointig_107_0_2470 16 2466 2470 -1 -1 2394 0.00118367
Chain
	Aln	46	-f9bed107-7fbd-4260-9d9e-2e13c347a0ea 3 2464 2482 +edge_24_0_+disjointig_107_0_2470 3 2453 2470 -1 -1 2394 0.00118367
Chain
	Aln	275	+d66876ef-6726-4f64-9d91-bb3e4c93c09e 14 2028 2031 -edge_138_0_+disjointig_24_5721_14478 723 2740 8757 -1 -1 1932 0.00631336
Chain
	Aln	274	-d66876ef-6726-4f64-9d91-bb3e4c93c09e 2 2016 2031 +edge_138_0_+disjointig_24_5721_14478 6016 8033 8757 -1 -1 1932 0.00631336
Chain
	Aln	77	+ac863074-348a-4fc9-a3d2-ced7ba1c843a 12 5114 11155 -edge_39_0_+disjointig_120_0_5119 11 5118 5119 -1 -1 4792 0.00430178
Chain
	Aln	76	-ac863074-348a-4fc9-a3d2-ced7ba1c843a 6040 11142 11155 +edge_39_0_+disjointig_120_0_5119 0 5107 5119 -1 -1 4792 0.00430178
Chain
	Aln	125	+7a1c4226-acf7-499b-8dae-9d78464c043d 10 3700 3711 -edge_63_0_+disjointig_27_0_8932 5231 8921 8932 -1 -1 3677 0.000447822
Chain
	Aln	124	-7a1c4226-acf7-499b-8dae-9d78464c043d 10 3700 3711 +edge_63_0_+disjointig_27_0_8932 10 3700 8932 -1 -1 3677 0.000447822
Chain
	Aln	179	+ce9b2fd1-c880-49dc-97be-c68563200973 3 3793 3795 -edge_90_0_+disjointig_50_0_18087 14295 18085 18087 -1 -1 3692 0.0030019
Chain
	Aln	178	-ce9b2fd1-c880-49dc-97be-c68563200973 1 3791 3795 +edge_90_0_+disjointig_50_0_18087 1 3791 18087 -1 -1 3692 0.0030019
Chain
	Aln	201	+b5bce7e2-cc3b-4492-aa40-fbebb8b22707 5 2498 2501 -edge_101_0_+disjointig_61_0_6150 3657 6147 6150 -1 -1 2481 0.00302795
Chain
	Aln	200	-b5bce7e2-cc3b-4492-aa40-fbebb8b22707 2 2495 2501 +edge_101_0_+disjointig_61_0_6150 2 2492 6150 -1 -1 2481 0.00302795
Chain
	Aln	103	+9fab7c74-0e1d-45b2-aca5-3cd3dbc8241c 896 4005 4334 -edge_52_0_+disjointig_19_5494_13850 11 3127 8356 -1 -1 3016 0.00210028
Chain
	Aln	102	-9fab7c74-0e1d-45b2-aca5-3cd3dbc8241c 328 3437 4334 +edge_52_0_+disjointig_19_5494_13850 5228 8344 8356 -1 -1 3016 0.00210028
Chain
	Aln	193	+37c1f714-a8d1-43e5-89e9-f7eb9539467d 78 2549 2559 -edge_97_0_+disjointig_57_0_5117 2636 5107 5117 -1 -1 2423 0.00209758
Chain
	Aln	192	-37c1f714-a8d1-43e5-89e9-f7eb9539467d 9 2480 2559 +edge_97_0_+disjointig_57_0_5117 9 2480 5117 -1 -1 2423 0.00209758
Chain
	Aln	274	+02a75fec-e7dd-496a-b992-ef4982b3fc55 5 1415 1418 +edge_138_0_+disjointig_24_5721_14478 988 2398 8757 -1 -1 1410 0
Chain
	Aln	275	-02a75fec-e7dd-496a-b992-ef4982b3fc55 2 1412 1418 -edge_138_0_+disjointig_24_5721_14478 6358 7768 8757 -1 -1 1410 0
Chain
	Aln	106	+41938a96-71a5-4cfb-bb4e-b6d86f5aa919 21 1160 1164 +edge_54_0_+disjointig_2_0_9406 3205 4345 9406 -1 -1 1027 0.0112434
Chain
	Aln	107	-41938a96-71a5-4cfb-bb4e-b6d86f5aa919 3 1142 1164 -edge_54_0_+disjointig_2_0_9406 5060 6200 9406 -1 -1 1027 0.0112434
Chain
	Aln	38	+6984f1a9-2ac9-4a9f-9d92-aa86e8b8995d 65 9666 9669 +edge_20_0_+disjointig_103_0_9590 3 9588 9590 -1 -1 9224 0.00453941
Chain
	Aln	39	-6984f1a9-2ac9-4a9f-9d92-aa86e8b8995d 2 9603 9669 -edge_20_0_+disjointig_103_0_9590 1 9586 9590 -1 -1 9224 0.00453941
Chain
	Aln	46	+e4a3b7d9-5189-4bf2-a5ad-d7d4eef7de04 11 1455 1461 +edge_24_0_+disjointig_107_0_2470 757 2200 2470 -1 -1 1430 0.000727207
Chain
	Aln	47	-e4a3b7d9-5189-4bf2-a5ad-d7d4eef7de04 5 1449 1461 -edge_24_0_+disjointig_107_0_2470 269 1712 2470 -1 -1 1430 0.000727207
Chain
	Aln	247	+aaf63856-f671-4d8e-9c1c-3a0319954860 6 5951 5953 -edge_124_0_+disjointig_88_0_14963 9015 14961 14963 -1 -1 5873 0.000699177
Chain
	Aln	246	-aaf63856-f671-4d8e-9c1c-3a0319954860 1 5946 5953 +edge_124_0_+disjointig_88_0_14963 1 5947 14963 -1 -1 5873 0.000699177
Chain
	Aln	103	+079792a6-adb0-4528-afbf-92ace1123109 12 2972 2984 -edge_52_0_+disjointig_19_5494_13850 11 2964 8356 -1 -1 2836 0.00367085
Chain
	Aln	102	-079792a6-adb0-4528-afbf-92ace1123109 11 2971 2984 +edge_52_0_+disjointig_19_5494_13850 5391 8344 8356 -1 -1 2836 0.00367085
Chain
	Aln	147	+cdaae82e-28f2-4f62-a66f-13376f097ed7 10 1428 1449 -edge_74_0_+disjointig_39_0_32109 6770 8190 32109 -1 -1 1329 0.00801941
Chain
	Aln	146	-cdaae82e-28f2-4f62-a66f-13376f097ed7 20 1438 1449 +edge_74_0_+disjointig_39_0_32109 23918 25338 32109 -1 -1 1329 0.00801941
Chain
	Aln	168	+21c019d0-d589-4b36-9d51-285e25690c73 76 2606 2611 +edge_85_0_+disjointig_46_0_17226 13760 16290 17226 -1 -1 2525 0
Chain
	Aln	169	-21c019d0-d589-4b36-9d51-285e25690c73 4 2534 2611 -edge_85_0_+disjointig_46_0_17226 935 3465 17226 -1 -1 2525 0
Chain
	Aln	147	+83a338d6-180f-4405-9086-5e61e1cb79cf 8 2084 2100 -edge_74_0_+disjointig_39_0_32109 14765 16837 32109 -1 -1 1995 0.00353522
Chain
	Aln	146	-83a338d6-180f-4405-9086-5e61e1cb79cf 15 2091 2100 +edge_74_0_+disjointig_39_0_32109 15271 17343 32109 -1 -1 1995 0.00353522
Chain
	Aln	169	+713e8e38-65f2-42f0-914b-18340368e41f 10 17305 17318 -edge_85_0_+disjointig_46_0_17226 9 17213 17226 -1 -1 16726 0.00232412
Chain
	Aln	168	-713e8e38-65f2-42f0-914b-18340368e41f 12 17307 17318 +edge_85_0_+disjointig_46_0_17226 12 17216 17226 -1 -1 16726 0.00232412
Chain
	Aln	62	+f372cc3d-0a92-442c-ac6b-8896f6900f44 4 11474 11479 +edge_32_0_+disjointig_114_0_19867 3736 15214 19867 -1 -1 11118 0.00434273
Chain
	Aln	63	-f372cc3d-0a92-442c-ac6b-8896f6900f44 4 11474 11479 -edge_32_0_+disjointig_114_0_19867 4652 16130 19867 -1 -1 11118 0.00434273
Chain
	Aln	122	+1cfa392f-8e34-4c6b-ba06-f35db6434dc5 3892 10031 10033 +edge_62_0_+disjointig_26_0_8179 9 6152 8179 -1 -1 5968 0.00423739
Chain
	Aln	123	-1cfa392f-8e34-4c6b-ba06-f35db6434dc5 1 6140 10033 -edge_62_0_+disjointig_26_0_8179 2026 8169 8179 -1 -1 5968 0.00423739
Chain
	Aln	112	+6374beea-bfb7-47bf-adb4-c50cab7663f5 12 1013 1017 +edge_57_0_+disjointig_22_0_5761 4616 5614 5761 -1 -1 970 0.00359468
Chain
	Aln	113	-6374beea-bfb7-47bf-adb4-c50cab7663f5 3 1004 1017 -edge_57_0_+disjointig_22_0_5761 146 1144 5761 -1 -1 970 0.00359468
Chain
	Aln	213	+f6e53c4e-6fa6-4917-a7fe-8df1dd49971e 25 7985 8007 -edge_107_0_+disjointig_68_0_21130 8290 16254 21130 -1 -1 7723 0.00361559
Chain
	Aln	212	-f6e53c4e-6fa6-4917-a7fe-8df1dd49971e 21 7981 8007 +edge_107_0_+disjointig_68_0_21130 4875 12839 21130 -1 -1 7723 0.00361559
Chain
	Aln	125	+a41cfbc6-be33-4f4a-83ea-1c636a052f71 8 2419 2427 -edge_63_0_+disjointig_27_0_8932 1797 4211 8932 -1 -1 2277 0.00642642
Chain
	Aln	124	-a41cfbc6-be33-4f4a-83ea-1c636a052f71 7 2418 2427 +edge_63_0_+disjointig_27_0_8932 4720 7134 8932 -1 -1 2277 0.00642642
Chain
	Aln	197	+14e9f6a9-6c02-4bf4-b24e-e602230e1520 11 2033 2039 -edge_99_0_+disjointig_6_0_3934 1388 3412 3934 -1 -1 2004 0.00237537
Chain
	Aln	196	-14e9f6a9-6c02-4bf4-b24e-e602230e1520 5 2027 2039 +edge_99_0_+disjointig_6_0_3934 521 2545 3934 -1 -1 2004 0.00237537
Chain
	Aln	69	+e3b041cc-0739-4a9e-a8f6-58822d73d446 9 11310 11313 -edge_35_0_+disjointig_117_0_11933 624 11930 11933 -1 -1 11240 0.000405433
Chain
	Aln	68	-e3b041cc-0739-4a9e-a8f6-58822d73d446 2 11303 11313 +edge_35_0_+disjointig_117_0_11933 2 11308 11933 -1 -1 11240 0.000405433
Chain
	Aln	206	+22b7167c-355e-4d0f-9fee-8335a1819db2 7 1137 1147 +edge_104_0_+disjointig_64_0_30187 5073 6202 30187 -1 -1 1102 0.00299951
Chain
	Aln	207	-22b7167c-355e-4d0f-9fee-8335a1819db2 9 1139 1147 -edge_104_0_+disjointig_64_0_30187 23984 25113 30187 -1 -1 1102 0.00299951
Chain
	Aln	158	+277a3f6d-c655-49a6-bc03-635ad48ac223 2217 3935 7199 +edge_80_1_+disjointig_75_3483_5216 6 1725 1733 -1 -1 1686 0.00372609
Chain
	Aln	159	-277a3f6d-c655-49a6-bc03-635ad48ac223 3263 4981 7199 -edge_80_1_+disjointig_75_3483_5216 7 1726 1733 -1 -1 1686 0.00372609
Chain
	Aln	111	+5d3041ad-2dbf-4618-abb1-e3f9bb4f2dcf 8 2286 2289 -edge_56_0_+disjointig_21_0_4435 2154 4432 4435 -1 -1 2274 0.00139156
Chain
	Aln	110	-5d3041ad-2dbf-4618-abb1-e3f9bb4f2dcf 2 2280 2289 +edge_56_0_+disjointig_21_0_4435 2 2280 4435 -1 -1 2274 0.00139156
Chain
	Aln	272	+c6dc82a4-f5c4-4f5d-b442-686856cac7ea 11 1566 1573 +edge_137_1_+disjointig_31_9289_14170 2674 4230 4881 -1 -1 1457 0.00489473
Chain
	Aln	273	-c6dc82a4-f5c4-4f5d-b442-686856cac7ea 6 1561 1573 -edge_137_1_+disjointig_31_9289_14170 650 2206 4881 -1 -1 1457 0.00489473
Chain
	Aln	273	+540d3b65-701d-49b2-acf2-a1464d9f6514 7 1208 1782 -edge_137_1_+disjointig_31_9289_14170 3652 4859 4881 -1 -1 1015 0.0215312
Chain
	Aln	272	-540d3b65-701d-49b2-acf2-a1464d9f6514 573 1774 1782 +edge_137_1_+disjointig_31_9289_14170 21 1228 4881 -1 -1 1015 0.0215312
Chain
	Aln	43	+ba812eb9-a6d5-44cc-b7d7-30642e896b6e 118 1175 1180 -edge_22_0_+disjointig_105_0_12583 20 1076 12583 -1 -1 1051 0.00216779
Chain
	Aln	42	-ba812eb9-a6d5-44cc-b7d7-30642e896b6e 4 1061 1180 +edge_22_0_+disjointig_105_0_12583 11506 12562 12583 -1 -1 1051 0.00216779
Chain
	Aln	220	+8a8d5d0f-b069-4f58-93b2-ee087b1d95ab 17 1305 1308 +edge_111_0_+disjointig_71_0_23292 4967 6261 23292 -1 -1 1107 0.0134355
Chain
	Aln	221	-8a8d5d0f-b069-4f58-93b2-ee087b1d95ab 2 1290 1308 -edge_111_0_+disjointig_71_0_23292 17030 18324 23292 -1 -1 1107 0.0134355
Chain
	Aln	0	+98f6b56f-0184-4a7d-b4b2-a9fd66b23a9e 7 1881 1892 +edge_1_0_+disjointig_1_0_5311 3431 5305 5311 -1 -1 1866 0
Chain
	Aln	1	-98f6b56f-0184-4a7d-b4b2-a9fd66b23a9e 10 1884 1892 -edge_1_0_+disjointig_1_0_5311 5 1879 5311 -1 -1 1866 0
Chain
	Aln	0	+a9b936ae-79c7-428f-8a1a-b54d5719bf66 10 4565 4844 +edge_1_0_+disjointig_1_0_5311 750 5305 5311 -1 -1 4518 0
Chain
	Aln	1	-a9b936ae-79c7-428f-8a1a-b54d5719bf66 278 4833 4844 -edge_1_0_+disjointig_1_0_5311 5 4560 5311 -1 -1 4518 0
Chain
	Aln	95	+6061b10a-80c2-4cd1-bab2-630dee3c7a30 11 1265 1275 -edge_48_0_+disjointig_18_0_17839 7959 9217 17839 -1 -1 1242 0.00168349
Chain
	Aln	94	-6061b10a-80c2-4cd1-bab2-630dee3c7a30 9 1263 1275 +edge_48_0_+disjointig_18_0_17839 8621 9879 17839 -1 -1 1242 0.00168349
Chain
	Aln	144	+12e99008-e871-43f2-b732-799a0a155327 2 2444 2453 +edge_73_0_+disjointig_38_0_17471 14890 17333 17471 -1 -1 2413 0.00115613
Chain
	Aln	145	-12e99008-e871-43f2-b732-799a0a155327 8 2450 2453 -edge_73_0_+disjointig_38_0_17471 137 2580 17471 -1 -1 2413 0.00115613
Chain
	Aln	275	+02d236f0-c7c2-40ab-abe1-06944a7170a8 19 6157 6162 -edge_138_0_+disjointig_24_5721_14478 12 6147 8757 -1 -1 6019 0.00174742
Chain
	Aln	274	-02d236f0-c7c2-40ab-abe1-06944a7170a8 4 6142 6162 +edge_138_0_+disjointig_24_5721_14478 2609 8744 8757 -1 -1 6019 0.00174742
Chain
	Aln	95	+9083c5d1-2b40-48af-8832-3c76d32507bc 7 3840 3843 -edge_48_0_+disjointig_18_0_17839 14005 17836 17839 -1 -1 3802 0.000173495
Chain
	Aln	94	-9083c5d1-2b40-48af-8832-3c76d32507bc 2 3835 3843 +edge_48_0_+disjointig_18_0_17839 2 3833 17839 -1 -1 3802 0.000173495
Chain
	Aln	172	+4efd1f94-bbf0-4898-9ad4-4410d8622fa0 26 2248 2251 +edge_87_0_+disjointig_48_0_2248 5 2226 2248 -1 -1 2217 0.00110394
Chain
	Aln	173	-4efd1f94-bbf0-4898-9ad4-4410d8622fa0 2 2224 2251 -edge_87_0_+disjointig_48_0_2248 21 2242 2248 -1 -1 2217 0.00110394
Chain
	Aln	173	+70ba9d29-49fa-4d59-8c23-4a22fe4f9e87 10 2241 2246 -edge_87_0_+disjointig_48_0_2248 9 2243 2248 -1 -1 2220 0.0017186
Chain
	Aln	172	-70ba9d29-49fa-4d59-8c23-4a22fe4f9e87 4 2235 2246 +edge_87_0_+disjointig_48_0_2248 4 2238 2248 -1 -1 2220 0.0017186
Chain
	Aln	187	+d6d6b768-9aef-4b6e-a7f5-bc39ffa5200d 15 2356 2359 -edge_94_0_+disjointig_54_0_3982 14 2354 3982 -1 -1 2264 0.00659886
Chain
	Aln	186	-d6d6b768-9aef-4b6e-a7f5-bc39ffa5200d 2 2343 2359 +edge_94_0_+disjointig_54_0_3982 1627 3967 3982 -1 -1 2264 0.00659886
Chain
	Aln	83	+4225468e-5595-447b-a4fb-5ba4c56727eb 36 2214 2220 -edge_42_0_+disjointig_123_0_6072 3889 6066 6072 -1 -1 2142 0.0044011
Chain
	Aln	82	-4225468e-5595-447b-a4fb-5ba4c56727eb 5 2183 2220 +edge_42_0_+disjointig_123_0_6072 5 2182 6072 -1 -1 2142 0.0044011
Chain
	Aln	106	+27635062-45e1-42ee-a0e3-abeb6ffc30a4 14 1884 1890 +edge_54_0_+disjointig_2_0_9406 4070 5941 9406 -1 -1 1838 0.00100622
Chain
	Aln	107	-27635062-45e1-42ee-a0e3-abeb6ffc30a4 5 1875 1890 -edge_54_0_+disjointig_2_0_9406 3464 5335 9406 -1 -1 1838 0.00100622
Chain
	Aln	84	+1ef285df-eb89-410f-a5ee-4e94238e59e4 28 2570 2572 +edge_43_0_+disjointig_13_0_20345 16149 18694 20345 -1 -1 2471 0.00249026
Chain
	Aln	85	-1ef285df-eb89-410f-a5ee-4e94238e59e4 1 2543 2572 -edge_43_0_+disjointig_13_0_20345 1650 4195 20345 -1 -1 2471 0.00249026
Chain
	Aln	205	+a93cbd8e-e685-4404-8269-65e67aafc5e9 16 2625 2628 -edge_103_0_+disjointig_63_0_7245 1019 3629 7245 -1 -1 2578 0.00011932
Chain
	Aln	204	-a93cbd8e-e685-4404-8269-65e67aafc5e9 2 2611 2628 +edge_103_0_+disjointig_63_0_7245 3615 6225 7245 -1 -1 2578 0.00011932
Chain
	Aln	145	+4b06c90b-2148-410c-9451-71c44efa1c3e 233 7454 7460 -edge_73_0_+disjointig_38_0_17471 13 7234 17471 -1 -1 7016 0.00371676
Chain
	Aln	144	-4b06c90b-2148-410c-9451-71c44efa1c3e 5 7226 7460 +edge_73_0_+disjointig_38_0_17471 10236 17457 17471 -1 -1 7016 0.00371676
Chain
	Aln	193	+c5da2ee0-9f81-4c9d-b0f9-eca5b11ec080 1329 2916 2928 -edge_97_0_+disjointig_57_0_5117 18 1609 5117 -1 -1 1555 0.0080416
Chain
	Aln	192	-c5da2ee0-9f81-4c9d-b0f9-eca5b11ec080 11 1598 2928 +edge_97_0_+disjointig_57_0_5117 3507 5098 5117 -1 -1 1555 0.0080416
Chain
	Aln	115	+74cb251d-fb78-4f11-80a1-f8aa103f4ce5 41 3912 3932 -edge_58_0_+disjointig_23_0_11659 37 3908 11659 -1 -1 3498 0.0126428
Chain
	Aln	114	-74cb251d-fb78-4f11-80a1-f8aa103f4ce5 19 3890 3932 +edge_58_0_+disjointig_23_0_11659 7750 11621 11659 -1 -1 3498 0.0126428
Chain
	Aln	275	+0dbe9889-76bf-4b57-b934-f04de661f984 21 3593 3597 -edge_138_0_+disjointig_24_5721_14478 3449 7020 8757 -1 -1 3558 0
Chain
	Aln	274	-0dbe9889-76bf-4b57-b934-f04de661f984 3 3575 3597 +edge_138_0_+disjointig_24_5721_14478 1736 5307 8757 -1 -1 3558 0
Chain
	Aln	238	+85fe144c-8dc2-436a-8ae2-985082f312af 3 9981 9983 +edge_120_0_+disjointig_83_0_10316 3 9979 10316 -1 -1 9954 0.000323749
Chain
	Aln	239	-85fe144c-8dc2-436a-8ae2-985082f312af 1 9979 9983 -edge_120_0_+disjointig_83_0_10316 336 10312 10316 -1 -1 9954 0.000323749
Chain
	Aln	251	+3fd2fd30-9126-4145-9a11-ea87a084a926 6 2327 2337 -edge_126_0_+disjointig_9_0_32692 10834 13171 32692 -1 -1 2112 0.0058823
Chain
	Aln	250	-3fd2fd30-9126-4145-9a11-ea87a084a926 9 2330 2337 +edge_126_0_+disjointig_9_0_32692 19520 21857 32692 -1 -1 2112 0.0058823
Chain
	Aln	272	+81b48ffb-6ec9-406b-8a73-a6af2dee526e 3 1082 1091 +edge_137_0_+disjointig_101_3150_7988 3692 4775 4838 -1 -1 1039 0.00653086
Chain
	Aln	273	-81b48ffb-6ec9-406b-8a73-a6af2dee526e 8 1087 1091 -edge_137_0_+disjointig_101_3150_7988 62 1145 4838 -1 -1 1039 0.00653086
Chain
	Aln	171	+6adef100-6dd6-4e0e-919f-fdf98118e6e1 80 7947 7949 -edge_86_0_+disjointig_47_0_14689 6817 14687 14689 -1 -1 7814 0.000709951
Chain
	Aln	170	-6adef100-6dd6-4e0e-919f-fdf98118e6e1 1 7868 7949 +edge_86_0_+disjointig_47_0_14689 1 7871 14689 -1 -1 7814 0.000709951
Chain
	Aln	250	+97e134de-3688-4364-ab18-109a4194314c 15 2345 2347 +edge_126_0_+disjointig_9_0_32692 19506 21839 32692 -1 -1 2315 0
Chain
	Aln	251	-97e134de-3688-4364-ab18-109a4194314c 1 2331 2347 -edge_126_0_+disjointig_9_0_32692 10852 13185 32692 -1 -1 2315 0
Chain
	Aln	92	+77353176-467a-4617-b9f0-a6b1cb11bf1d 14 2457 2462 +edge_47_0_+disjointig_17_0_9224 2315 4758 9224 -1 -1 2436 0.000350321
Chain
	Aln	93	-77353176-467a-4617-b9f0-a6b1cb11bf1d 4 2447 2462 -edge_47_0_+disjointig_17_0_9224 4465 6908 9224 -1 -1 2436 0.000350321
Chain
	Aln	180	+110ab4ec-c348-4458-b26e-f58d1cf4a726 797 3400 3403 +edge_91_0_+disjointig_51_0_5453 2 2610 5453 -1 -1 2516 0.00406161
Chain
	Aln	181	-110ab4ec-c348-4458-b26e-f58d1cf4a726 2 2605 3403 -edge_91_0_+disjointig_51_0_5453 2842 5450 5453 -1 -1 2516 0.00406161
Chain
	Aln	51	+f605d371-8d59-414c-9832-a256e20c3126 8 1559 1563 -edge_26_0_+disjointig_109_0_6911 1733 3286 6911 -1 -1 1539 0.00126831
Chain
	Aln	50	-f605d371-8d59-414c-9832-a256e20c3126 3 1554 1563 +edge_26_0_+disjointig_109_0_6911 3624 5177 6911 -1 -1 1539 0.00126831
Chain
	Aln	261	+811e8c81-e45f-4ba5-901d-a3ef1a6319b3 11 3283 3285 -edge_131_0_+disjointig_94_0_13121 9846 13119 13121 -1 -1 3144 0.00205007
Chain
	Aln	260	-811e8c81-e45f-4ba5-901d-a3ef1a6319b3 1 3273 3285 +edge_131_0_+disjointig_94_0_13121 1 3274 13121 -1 -1 3144 0.00205007
Chain
	Aln	169	+8b896663-3cf8-4274-aa88-8720aa3cd1da 11 4981 4986 -edge_85_0_+disjointig_46_0_17226 7298 12271 17226 -1 -1 4889 0.00145524
Chain
	Aln	168	-8b896663-3cf8-4274-aa88-8720aa3cd1da 4 4974 4986 +edge_85_0_+disjointig_46_0_17226 4954 9927 17226 -1 -1 4889 0.00145524
Chain
	Aln	273	+5729b3ec-9958-4df8-b08c-ef239634a739 4 2116 2118 -edge_137_2_+disjointig_31_15085_19645 1478 3584 4560 -1 -1 2095 0.000388793
Chain
	Aln	272	-5729b3ec-9958-4df8-b08c-ef239634a739 1 2113 2118 +edge_137_2_+disjointig_31_15085_19645 975 3081 4560 -1 -1 2095 0.000388793
Chain
	Aln	179	+5427f7d6-2d11-40fb-8ba6-df16279ee2bb 21 2333 2337 -edge_90_0_+disjointig_50_0_18087 11190 13502 18087 -1 -1 2312 0.000118564
Chain
	Aln	178	-5427f7d6-2d11-40fb-8ba6-df16279ee2bb 3 2315 2337 +edge_90_0_+disjointig_50_0_18087 4584 6896 18087 -1 -1 2312 0.000118564
Chain
	Aln	227	+43e52f11-0084-4057-9480-9a64a5e5b611 6 1091 1288 -edge_114_0_+disjointig_77_0_9075 7989 9074 9075 -1 -1 1085 0.00370575
Chain
	Aln	226	-43e52f11-0084-4057-9480-9a64a5e5b611 196 1281 1288 +edge_114_0_+disjointig_77_0_9075 0 1085 9075 -1 -1 1085 0.00370575
Chain
	Aln	269	+6f608509-7c9f-415c-b64f-cfdc4df14a26 11 3338 3343 -edge_135_0_+disjointig_98_0_5446 2114 5441 5446 -1 -1 3309 0.00159516
Chain
	Aln	268	-6f608509-7c9f-415c-b64f-cfdc4df14a26 4 3331 3343 +edge_135_0_+disjointig_98_0_5446 4 3331 5446 -1 -1 3309 0.00159516
Chain
	Aln	255	+c8c62707-1a07-46ab-938d-1fc6d2f0a040 9 1160 1611 -edge_128_0_+disjointig_91_0_27922 25777 26942 27922 -1 -1 1073 0.0104909
Chain
	Aln	254	-c8c62707-1a07-46ab-938d-1fc6d2f0a040 450 1601 1611 +edge_128_0_+disjointig_91_0_27922 979 2144 27922 -1 -1 1073 0.0104909
Chain
	Aln	195	+44a36ca6-1f4a-46b8-bfe7-ddc8c332a945 14 5359 5363 -edge_98_0_+disjointig_58_0_13468 4745 10094 13468 -1 -1 5233 0.0040967
Chain
	Aln	194	-44a36ca6-1f4a-46b8-bfe7-ddc8c332a945 3 5348 5363 +edge_98_0_+disjointig_58_0_13468 3373 8722 13468 -1 -1 5233 0.0040967
Chain
	Aln	273	+9de6ddff-f390-469d-ac6a-fc7bd39a27e9 11 2984 4958 -edge_137_2_+disjointig_31_15085_19645 1591 4559 4560 -1 -1 2931 0.00142027
	Aln	10	+9de6ddff-f390-469d-ac6a-fc7bd39a27e9 3071 3781 4958 +edge_6_0_-disjointig_31_4566_5481 115 874 915 -1 -1 118 0.15432
	Aln	273	+9de6ddff-f390-469d-ac6a-fc7bd39a27e9 3811 4952 4958 -edge_137_1_+disjointig_31_9289_14170 2 1142 4881 -1 -1 1100 0.00666605
Chain
	Aln	272	-9de6ddff-f390-469d-ac6a-fc7bd39a27e9 5 1146 4958 +edge_137_1_+disjointig_31_9289_14170 3738 4878 4881 -1 -1 1100 0.00666605
	Aln	11	-9de6ddff-f390-469d-ac6a-fc7bd39a27e9 1176 1886 4958 -edge_6_0_-disjointig_31_4566_5481 40 799 915 -1 -1 118 0.15432
	Aln	272	-9de6ddff-f390-469d-ac6a-fc7bd39a27e9 1973 4946 4958 +edge_137_2_+disjointig_31_15085_19645 0 2968 4560 -1 -1 2931 0.00142027
Chain
	Aln	207	+86cbbd39-370c-4741-8d21-3792b29c1494 11 20501 20503 -edge_104_0_+disjointig_64_0_30187 9692 30185 30187 -1 -1 20211 0.00213106
Chain
	Aln	206	-86cbbd39-370c-4741-8d21-3792b29c1494 1 20491 20503 +edge_104_0_+disjointig_64_0_30187 1 20494 30187 -1 -1 20211 0.00213106
Chain
	Aln	134	+b4d30a5f-f334-477d-be07-890d6606f0de 3 1642 1645 +edge_68_0_+disjointig_32_0_16153 2198 3838 16153 -1 -1 1614 0.00176724
Chain
	Aln	135	-b4d30a5f-f334-477d-be07-890d6606f0de 2 1641 1645 -edge_68_0_+disjointig_32_0_16153 12314 13954 16153 -1 -1 1614 0.00176724
Chain
	Aln	231	+7c6026d9-6faa-4ea2-af3c-4b77649985bd 2 2323 2325 -edge_116_0_+disjointig_79_0_8406 6082 8404 8406 -1 -1 2315 0.00150642
Chain
	Aln	230	-7c6026d9-6faa-4ea2-af3c-4b77649985bd 1 2322 2325 +edge_116_0_+disjointig_79_0_8406 1 2323 8406 -1 -1 2315 0.00150642
Chain
	Aln	148	+2014a9aa-be73-4032-abfa-b87245dcf1a8 21 4263 4782 +edge_75_0_+disjointig_4_0_11241 6984 11230 11241 -1 -1 4201 0.00249724
Chain
	Aln	149	-2014a9aa-be73-4032-abfa-b87245dcf1a8 518 4760 4782 -edge_75_0_+disjointig_4_0_11241 10 4256 11241 -1 -1 4201 0.00249724
Chain
	Aln	212	+5a9004d4-032c-4d8f-b005-0d110f5aaa83 2 8666 8673 +edge_107_0_+disjointig_68_0_21130 11261 20010 21130 -1 -1 8288 0.00509283
Chain
	Aln	213	-5a9004d4-032c-4d8f-b005-0d110f5aaa83 6 8670 8673 -edge_107_0_+disjointig_68_0_21130 1119 9868 21130 -1 -1 8288 0.00509283
Chain
	Aln	84	+7caf39e0-bbc4-4013-845c-4b26bd9fd57a 6 2464 2466 +edge_43_0_+disjointig_13_0_20345 8277 10735 20345 -1 -1 2441 0.00111192
Chain
	Aln	85	-7caf39e0-bbc4-4013-845c-4b26bd9fd57a 1 2459 2466 -edge_43_0_+disjointig_13_0_20345 9609 12067 20345 -1 -1 2441 0.00111192
Chain
	Aln	154	+2b96e78b-cc18-45a5-b060-cb893c13596c 350 2013 5681 +edge_78_1_+disjointig_75_344_2017 6 1667 1673 -1 -1 1645 0.00218079
	Aln	156	+2b96e78b-cc18-45a5-b060-cb893c13596c 2037 3481 5681 +edge_79_0_+disjointig_75_2017_3483 19 1460 1466 -1 -1 1421 0.0030434
	Aln	158	+2b96e78b-cc18-45a5-b060-cb893c13596c 3493 5215 5681 +edge_80_1_+disjointig_75_3483_5216 6 1725 1733 -1 -1 1693 0.00322944
Chain
	Aln	159	-2b96e78b-cc18-45a5-b060-cb893c13596c 465 2187 5681 -edge_80_1_+disjointig_75_3483_5216 7 1726 1733 -1 -1 1693 0.00322944
	Aln	157	-2b96e78b-cc18-45a5-b060-cb893c13596c 2199 3643 5681 -edge_79_0_+disjointig_75_2017_3483 5 1446 1466 -1 -1 1421 0.0030434
	Aln	155	-2b96e78b-cc18-45a5-b060-cb893c13596c 3667 5330 5681 -edge_78_1_+disjointig_75_344_2017 5 1666 1673 -1 -1 1645 0.00218079
Chain
	Aln	254	+ed8b296d-6bb6-4133-8f3f-73796fb53ebd 3447 4905 6439 +edge_128_0_+disjointig_91_0_27922 985 2444 27922 -1 -1 1455 0
Chain
	Aln	255	-ed8b296d-6bb6-4133-8f3f-73796fb53ebd 1533 2991 6439 -edge_128_0_+disjointig_91_0_27922 25477 26936 27922 -1 -1 1455 0
Chain
	Aln	105	+659a4c74-e25d-433d-ad54-8639cde6a18d 11257 16048 16052 -edge_53_0_-disjointig_33_3514_20029 18 4801 16515 -1 -1 4674 0.00284074
Chain
	Aln	104	-659a4c74-e25d-433d-ad54-8639cde6a18d 3 4794 16052 +edge_53_0_-disjointig_33_3514_20029 11713 16496 16515 -1 -1 4674 0.00284074
Chain
	Aln	209	+c5a0781c-7e77-4da4-a223-a42efb5a3e02 22 4994 4998 -edge_105_0_+disjointig_66_0_10537 5557 10533 10537 -1 -1 4887 0.00229746
Chain
	Aln	208	-c5a0781c-7e77-4da4-a223-a42efb5a3e02 3 4975 4998 +edge_105_0_+disjointig_66_0_10537 3 4979 10537 -1 -1 4887 0.00229746
Chain
	Aln	149	+570ac121-b51f-4be0-b153-f9a9aa5beedb 14 8430 8435 -edge_75_0_+disjointig_4_0_11241 13 8432 11241 -1 -1 8275 0.00234867
Chain
	Aln	148	-570ac121-b51f-4be0-b153-f9a9aa5beedb 4 8420 8435 +edge_75_0_+disjointig_4_0_11241 2808 11227 11241 -1 -1 8275 0.00234867
Chain
	Aln	256	+2713c273-43cc-4a9b-bdfd-acbea1684f77 12 1555 1557 +edge_129_0_+disjointig_92_0_10849 6830 8378 10849 -1 -1 1514 0.000653896
Chain
	Aln	257	-2713c273-43cc-4a9b-bdfd-acbea1684f77 1 1544 1557 -edge_129_0_+disjointig_92_0_10849 2470 4018 10849 -1 -1 1514 0.000653896
Chain
	Aln	232	+95fee3f0-d649-4bb6-aa93-6a019104132c 1052 2226 2230 +edge_117_0_+disjointig_8_0_4817 5 1178 4817 -1 -1 1150 0.00464626
Chain
	Aln	233	-95fee3f0-d649-4bb6-aa93-6a019104132c 3 1177 2230 -edge_117_0_+disjointig_8_0_4817 3638 4811 4817 -1 -1 1150 0.00464626
Chain
	Aln	235	+ab6cb389-3c6a-4182-a672-0bc9b7611e0c 2 2682 2685 -edge_118_0_+disjointig_80_0_15563 12894 15560 15563 -1 -1 2480 0.00880703
Chain
	Aln	234	-ab6cb389-3c6a-4182-a672-0bc9b7611e0c 2 2682 2685 +edge_118_0_+disjointig_80_0_15563 2 2668 15563 -1 -1 2480 0.00880703
Chain
	Aln	113	+59085877-150e-4dc8-871a-cc29de01a8dd 80 1499 1987 -edge_57_0_+disjointig_22_0_5761 4337 5760 5761 -1 -1 1385 0.00410258
Chain
	Aln	112	-59085877-150e-4dc8-871a-cc29de01a8dd 487 1906 1987 +edge_57_0_+disjointig_22_0_5761 0 1423 5761 -1 -1 1385 0.00410258
Chain
	Aln	180	+ff8f1c9d-cbfd-44df-bdb1-8c14415f5c2a 9 4814 4825 +edge_91_0_+disjointig_51_0_5453 638 5443 5453 -1 -1 4655 0.00336824
Chain
	Aln	181	-ff8f1c9d-cbfd-44df-bdb1-8c14415f5c2a 10 4815 4825 -edge_91_0_+disjointig_51_0_5453 9 4814 5453 -1 -1 4655 0.00336824
Chain
	Aln	242	+86fffd8d-f51d-40ce-9057-d589aa6137c8 24 2109 2111 +edge_122_0_+disjointig_85_0_3155 816 2901 3155 -1 -1 2063 0
Chain
	Aln	243	-86fffd8d-f51d-40ce-9057-d589aa6137c8 1 2086 2111 -edge_122_0_+disjointig_85_0_3155 253 2338 3155 -1 -1 2063 0
Chain
	Aln	215	+8e6bfd21-2117-4a98-a4d6-cd3bab55bd7e 18 1159 1283 -edge_108_0_+disjointig_69_0_9439 8300 9438 9439 -1 -1 1112 0.00603353
Chain
	Aln	214	-8e6bfd21-2117-4a98-a4d6-cd3bab55bd7e 123 1264 1283 +edge_108_0_+disjointig_69_0_9439 0 1138 9439 -1 -1 1112 0.00603353
Chain
	Aln	70	+cd274a39-9f72-4832-8e3a-63ce8c08aed3 1379 11893 11904 +edge_36_0_+disjointig_118_0_10635 2 10625 10635 -1 -1 10064 0.00227153
Chain
	Aln	71	-cd274a39-9f72-4832-8e3a-63ce8c08aed3 10 10524 11904 -edge_36_0_+disjointig_118_0_10635 9 10632 10635 -1 -1 10064 0.00227153
Chain
	Aln	134	+0738bb5d-0506-43bd-9bfb-a674152f3333 7 4171 4180 +edge_68_0_+disjointig_32_0_16153 2524 6699 16153 -1 -1 4072 0.00303745
Chain
	Aln	135	-0738bb5d-0506-43bd-9bfb-a674152f3333 8 4172 4180 -edge_68_0_+disjointig_32_0_16153 9453 13628 16153 -1 -1 4072 0.00303745
Chain
	Aln	217	+08e3426f-6e8e-4826-bf0d-870b637d1623 4 4393 4399 -edge_109_0_+disjointig_7_0_26833 17830 22221 26833 -1 -1 4333 0.000920399
Chain
	Aln	216	-08e3426f-6e8e-4826-bf0d-870b637d1623 5 4394 4399 +edge_109_0_+disjointig_7_0_26833 4611 9002 26833 -1 -1 4333 0.000920399
Chain
	Aln	125	+add35927-fbe6-4ed3-8f1e-7faa537e9c94 10 1193 2198 -edge_63_0_+disjointig_27_0_8932 7748 8931 8932 -1 -1 1183 0.000502058
Chain
	Aln	124	-add35927-fbe6-4ed3-8f1e-7faa537e9c94 1004 2187 2198 +edge_63_0_+disjointig_27_0_8932 0 1183 8932 -1 -1 1183 0.000502058
Chain
	Aln	273	+812c9b4a-6118-4955-9b67-8b81f8cf4cbe 242 2407 2411 -edge_137_0_+disjointig_101_3150_7988 9 2178 4838 -1 -1 2117 0.00320361
Chain
	Aln	272	-812c9b4a-6118-4955-9b67-8b81f8cf4cbe 3 2168 2411 +edge_137_0_+disjointig_101_3150_7988 2659 4828 4838 -1 -1 2117 0.00320361
Chain
	Aln	254	+2e3d0b17-599c-4460-8c08-fd5a58f45bcb 4015 6456 7925 +edge_128_0_+disjointig_91_0_27922 1 2444 27922 -1 -1 2432 0.00048386
Chain
	Aln	255	-2e3d0b17-599c-4460-8c08-fd5a58f45bcb 1468 3909 7925 -edge_128_0_+disjointig_91_0_27922 25477 27920 27922 -1 -1 2432 0.00048386
Chain
	Aln	207	+71113533-dfae-48a9-be1a-6a821f565ed8 11 2324 2329 -edge_104_0_+disjointig_64_0_30187 13120 15433 30187 -1 -1 2300 0.00228847
Chain
	Aln	206	-71113533-dfae-48a9-be1a-6a821f565ed8 4 2317 2329 +edge_104_0_+disjointig_64_0_30187 14753 17066 30187 -1 -1 2300 0.00228847
Chain
	Aln	225	+f3d0f71c-bf94-4199-86f0-0e5bc0951429 13 3488 3523 -edge_113_0_+disjointig_76_0_6105 12 3477 6105 -1 -1 3351 0.00375655
Chain
	Aln	224	-f3d0f71c-bf94-4199-86f0-0e5bc0951429 34 3509 3523 +edge_113_0_+disjointig_76_0_6105 2627 6092 6105 -1 -1 3351 0.00375655
Chain
	Aln	137	+99b3e3c2-f8ea-4f3f-b6b0-8b4e4eb79910 3 1732 1737 -edge_69_0_+disjointig_34_0_28084 16073 17806 28084 -1 -1 1589 0.00750647
Chain
	Aln	136	-99b3e3c2-f8ea-4f3f-b6b0-8b4e4eb79910 4 1733 1737 +edge_69_0_+disjointig_34_0_28084 10277 12010 28084 -1 -1 1589 0.00750647
Chain
	Aln	181	+6f03422d-22ef-4241-b931-98418b0c92a4 13 1022 1026 -edge_91_0_+disjointig_51_0_5453 887 1896 5453 -1 -1 983 0.00475497
Chain
	Aln	180	-6f03422d-22ef-4241-b931-98418b0c92a4 3 1012 1026 +edge_91_0_+disjointig_51_0_5453 3556 4565 5453 -1 -1 983 0.00475497
Chain
	Aln	235	+146d5f2d-8576-4a49-9857-aa3f4a0db514 9 13142 15931 -edge_118_0_+disjointig_80_0_15563 2080 15416 15563 -1 -1 12367 0.00570221
Chain
	Aln	234	-146d5f2d-8576-4a49-9857-aa3f4a0db514 2788 15921 15931 +edge_118_0_+disjointig_80_0_15563 146 13482 15563 -1 -1 12367 0.00570221
Chain
	Aln	226	+f02f10d4-fbcf-4b0a-a522-af918f733858 5 3199 3204 +edge_114_0_+disjointig_77_0_9075 1121 4316 9075 -1 -1 3174 0.0019788
Chain
	Aln	227	-f02f10d4-fbcf-4b0a-a522-af918f733858 4 3198 3204 -edge_114_0_+disjointig_77_0_9075 4758 7953 9075 -1 -1 3174 0.0019788
Chain
	Aln	167	+a20c75bb-a64e-4cbb-b9e2-2101b7a8816b 13 11665 13092 -edge_84_0_+disjointig_44_0_11673 12 11672 11673 -1 -1 11332 0.0016734
Chain
	Aln	166	-a20c75bb-a64e-4cbb-b9e2-2101b7a8816b 1426 13078 13092 +edge_84_0_+disjointig_44_0_11673 0 11660 11673 -1 -1 11332 0.0016734
Chain
	Aln	147	+12c8f4e2-8e9f-4f08-9d57-d5495e0ee9b3 9 1944 1947 -edge_74_0_+disjointig_39_0_32109 18888 20821 32109 -1 -1 1881 0.00387195
Chain
	Aln	146	-12c8f4e2-8e9f-4f08-9d57-d5495e0ee9b3 2 1937 1947 +edge_74_0_+disjointig_39_0_32109 11287 13220 32109 -1 -1 1881 0.00387195
Chain
	Aln	94	+f3f50fae-d75d-4fc1-b44c-b38c6216c6ff 14 2753 2764 +edge_48_0_+disjointig_18_0_17839 15099 17829 17839 -1 -1 2673 0.00511021
Chain
	Aln	95	-f3f50fae-d75d-4fc1-b44c-b38c6216c6ff 10 2749 2764 -edge_48_0_+disjointig_18_0_17839 9 2739 17839 -1 -1 2673 0.00511021
Chain
	Aln	257	+57ec9e27-e2c8-45cd-b258-07100ef38dd9 364 1828 1831 -edge_129_0_+disjointig_92_0_10849 14 1478 10849 -1 -1 1451 0.000189182
Chain
	Aln	256	-57ec9e27-e2c8-45cd-b258-07100ef38dd9 2 1466 1831 +edge_129_0_+disjointig_92_0_10849 9370 10834 10849 -1 -1 1451 0.000189182
Chain
	Aln	254	+06d7f5bd-0df0-4ff8-9a57-4a8575da82e8 710 27632 27638 +edge_128_0_+disjointig_91_0_27922 985 27917 27922 -1 -1 26688 0.000722345
Chain
	Aln	255	-06d7f5bd-0df0-4ff8-9a57-4a8575da82e8 5 26927 27638 -edge_128_0_+disjointig_91_0_27922 4 26936 27922 -1 -1 26688 0.000722345
Chain
	Aln	239	+f54a8ee8-9305-4513-ace4-2916761874e9 7 4923 4926 -edge_120_0_+disjointig_83_0_10316 6 4910 10316 -1 -1 4861 0.00131372
Chain
	Aln	238	-f54a8ee8-9305-4513-ace4-2916761874e9 2 4918 4926 +edge_120_0_+disjointig_83_0_10316 5405 10309 10316 -1 -1 4861 0.00131372
Chain
	Aln	104	+06ab57d1-62da-48c0-bd86-0883a55e3d44 8 4404 4408 +edge_53_0_-disjointig_33_3514_20029 8000 12399 16515 -1 -1 4327 0.00277672
Chain
	Aln	105	-06ab57d1-62da-48c0-bd86-0883a55e3d44 3 4399 4408 -edge_53_0_-disjointig_33_3514_20029 4115 8514 16515 -1 -1 4327 0.00277672
Chain
	Aln	136	+517654f4-65a2-4968-97c9-a36b07d48405 15 26239 26248 +edge_69_0_+disjointig_34_0_28084 1869 28076 28084 -1 -1 25602 0.00237089
Chain
	Aln	137	-517654f4-65a2-4968-97c9-a36b07d48405 8 26232 26248 -edge_69_0_+disjointig_34_0_28084 7 26214 28084 -1 -1 25602 0.00237089
Chain
	Aln	52	+f6eb61aa-380e-40de-874f-2c7688b03df5 9 1421 1592 +edge_27_0_+disjointig_11_0_6291 4873 6285 6291 -1 -1 1363 0.0026778
Chain
	Aln	53	-f6eb61aa-380e-40de-874f-2c7688b03df5 170 1582 1592 -edge_27_0_+disjointig_11_0_6291 5 1417 6291 -1 -1 1363 0.0026778
Chain
	Aln	251	+cf4688ea-4d9d-477d-8969-75ef312b7a9d 8 1474 1481 -edge_126_0_+disjointig_9_0_32692 30186 31655 32692 -1 -1 1439 0.00173691
Chain
	Aln	250	-cf4688ea-4d9d-477d-8969-75ef312b7a9d 6 1472 1481 +edge_126_0_+disjointig_9_0_32692 1036 2505 32692 -1 -1 1439 0.00173691
Chain
	Aln	216	+1ee4257e-f8ce-4e7d-84d7-edb220120ec7 3782 10475 10477 +edge_109_0_+disjointig_7_0_26833 1 6696 26833 -1 -1 6571 0.00190649
Chain
	Aln	217	-1ee4257e-f8ce-4e7d-84d7-edb220120ec7 1 6694 10477 -edge_109_0_+disjointig_7_0_26833 20136 26831 26833 -1 -1 6571 0.00190649
Chain
	Aln	237	+de3f37d0-9f32-4532-81d9-42cb4f64f02d 7 5077 5080 -edge_119_0_+disjointig_82_0_5501 428 5498 5501 -1 -1 5060 0.00101056
Chain
	Aln	236	-de3f37d0-9f32-4532-81d9-42cb4f64f02d 2 5072 5080 +edge_119_0_+disjointig_82_0_5501 2 5072 5501 -1 -1 5060 0.00101056
Chain
	Aln	179	+c96181f0-e7e2-43f1-bfe3-f486c259f38f 8 1567 1574 -edge_90_0_+disjointig_50_0_18087 9994 11553 18087 -1 -1 1545 0.00213802
Chain
	Aln	178	-c96181f0-e7e2-43f1-bfe3-f486c259f38f 6 1565 1574 +edge_90_0_+disjointig_50_0_18087 6533 8092 18087 -1 -1 1545 0.00213802
Chain
	Aln	10	+ab87b43f-14e7-4d8f-99f3-32d6abc23db1 953 1691 5583 +edge_6_0_-disjointig_31_4566_5481 178 874 915 -1 -1 53 0.182718
	Aln	273	+ab87b43f-14e7-4d8f-99f3-32d6abc23db1 1728 5579 5583 -edge_137_1_+disjointig_31_9289_14170 10 3865 4881 -1 -1 3674 0.00490857
Chain
	Aln	272	-ab87b43f-14e7-4d8f-99f3-32d6abc23db1 3 3854 5583 +edge_137_1_+disjointig_31_9289_14170 1015 4870 4881 -1 -1 3674 0.00490857
	Aln	11	-ab87b43f-14e7-4d8f-99f3-32d6abc23db1 3891 4629 5583 -edge_6_0_-disjointig_31_4566_5481 40 736 915 -1 -1 53 0.182718
Chain
	Aln	106	+d185b735-f5fd-407f-99a5-0f02359e9b5b 502 4943 4953 +edge_54_0_+disjointig_2_0_9406 1 4444 9406 -1 -1 4359 0.0016879
Chain
	Aln	107	-d185b735-f5fd-407f-99a5-0f02359e9b5b 9 4450 4953 -edge_54_0_+disjointig_2_0_9406 4961 9404 9406 -1 -1 4359 0.0016879
Chain
	Aln	65	+9a22add8-4e30-4ae2-bec9-e9ead61c0c93 3 2544 2547 -edge_33_0_+disjointig_115_0_4337 1793 4334 4337 -1 -1 2541 0.00293129
Chain
	Aln	64	-9a22add8-4e30-4ae2-bec9-e9ead61c0c93 2 2543 2547 +edge_33_0_+disjointig_115_0_4337 2 2543 4337 -1 -1 2541 0.00293129
Chain
	Aln	274	+42f5e83a-1703-4dfb-8bc8-89deb9b78218 1 3288 8747 +edge_138_0_+disjointig_24_5721_14478 5462 8751 8757 -1 -1 3151 0.00527871
	Aln	274	+42f5e83a-1703-4dfb-8bc8-89deb9b78218 3295 8745 8747 +edge_138_0_+disjointig_24_5721_14478 1 5444 8757 -1 -1 5407 0.00010038
Chain
	Aln	275	-42f5e83a-1703-4dfb-8bc8-89deb9b78218 1 5451 8747 -edge_138_0_+disjointig_24_5721_14478 3312 8755 8757 -1 -1 5407 0.00010038
	Aln	275	-42f5e83a-1703-4dfb-8bc8-89deb9b78218 5458 8745 8747 -edge_138_0_+disjointig_24_5721_14478 5 3294 8757 -1 -1 3151 0.00527871
Chain
	Aln	114	+165f0d01-858e-48d7-8822-93533ff15123 29 7539 11707 +edge_58_0_+disjointig_23_0_11659 4092 11621 11659 -1 -1 6562 0.011785
Chain
	Aln	115	-165f0d01-858e-48d7-8822-93533ff15123 4167 11677 11707 -edge_58_0_+disjointig_23_0_11659 37 7566 11659 -1 -1 6562 0.011785
Chain
	Aln	226	+bdbcd93a-d708-430e-b9ec-8f618fa641cf 1506 10566 10577 +edge_114_0_+disjointig_77_0_9075 1 9065 9075 -1 -1 8983 0.000935454
Chain
	Aln	227	-bdbcd93a-d708-430e-b9ec-8f618fa641cf 10 9070 10577 -edge_114_0_+disjointig_77_0_9075 9 9073 9075 -1 -1 8983 0.000935454
Chain
	Aln	274	+d33dfa6c-c0d5-4aa5-8d97-90caae350bb1 5 1970 1976 +edge_138_0_+disjointig_24_5721_14478 2778 4741 8757 -1 -1 1951 0
Chain
	Aln	275	-d33dfa6c-c0d5-4aa5-8d97-90caae350bb1 5 1970 1976 -edge_138_0_+disjointig_24_5721_14478 4015 5978 8757 -1 -1 1951 0
Chain
	Aln	221	+1e1632ef-7a09-4c7b-96c2-435ac9ba616e 8 9067 9070 -edge_111_0_+disjointig_71_0_23292 14233 23289 23292 -1 -1 9006 0.00134035
Chain
	Aln	220	-1e1632ef-7a09-4c7b-96c2-435ac9ba616e 2 9061 9070 +edge_111_0_+disjointig_71_0_23292 2 9058 23292 -1 -1 9006 0.00134035
Chain
	Aln	150	+855a59a8-ecaf-4a10-b2c7-91b98deed0a3 3396 9405 9412 +edge_76_0_+disjointig_40_0_6015 1 6009 6015 -1 -1 5967 0.00148478
Chain
	Aln	151	-855a59a8-ecaf-4a10-b2c7-91b98deed0a3 6 6015 9412 -edge_76_0_+disjointig_40_0_6015 5 6013 6015 -1 -1 5967 0.00148478
Chain
	Aln	258	+77d4f9cc-b249-4519-a95c-bbc2d9fd0fa9 964 2609 2612 +edge_130_0_+disjointig_93_0_2420 1 1646 2420 -1 -1 1636 0.000737561
Chain
	Aln	259	-77d4f9cc-b249-4519-a95c-bbc2d9fd0fa9 2 1647 2612 -edge_130_0_+disjointig_93_0_2420 773 2418 2420 -1 -1 1636 0.000737561
Chain
	Aln	178	+4629eff8-ce86-403e-bf3b-bf2adb701481 8233 26317 26326 +edge_90_0_+disjointig_50_0_18087 1 18079 18087 -1 -1 17781 0.00217016
Chain
	Aln	179	-4629eff8-ce86-403e-bf3b-bf2adb701481 8 18092 26326 -edge_90_0_+disjointig_50_0_18087 7 18085 18087 -1 -1 17781 0.00217016
Chain
	Aln	200	+34edb4a2-b5a9-43c0-813c-64cd5635eb2f 316 2459 2462 +edge_101_0_+disjointig_61_0_6150 1668 3811 6150 -1 -1 2139 0.00124594
Chain
	Aln	201	-34edb4a2-b5a9-43c0-813c-64cd5635eb2f 2 2145 2462 -edge_101_0_+disjointig_61_0_6150 2338 4481 6150 -1 -1 2139 0.00124594
Chain
	Aln	81	+9369d32a-ee4a-4cd8-98c8-258f081f8349 12 4252 4256 -edge_41_0_+disjointig_122_0_6671 11 4245 6671 -1 -1 4144 0.00241405
Chain
	Aln	80	-9369d32a-ee4a-4cd8-98c8-258f081f8349 3 4243 4256 +edge_41_0_+disjointig_122_0_6671 2425 6659 6671 -1 -1 4144 0.00241405
Chain
	Aln	249	+a1ceb739-fea5-4203-a2da-cf8443af06e9 13 3183 3187 -edge_125_0_+disjointig_89_0_3182 12 3178 3182 -1 -1 3146 0.00183212
Chain
	Aln	248	-a1ceb739-fea5-4203-a2da-cf8443af06e9 3 3173 3187 +edge_125_0_+disjointig_89_0_3182 3 3169 3182 -1 -1 3146 0.00183212
Chain
	Aln	85	+4ead57f1-bb54-4b14-beca-8a3af25a078c 18 20358 20513 -edge_43_0_+disjointig_13_0_20345 17 20344 20345 -1 -1 19946 0.00239927
Chain
	Aln	84	-4ead57f1-bb54-4b14-beca-8a3af25a078c 154 20494 20513 +edge_43_0_+disjointig_13_0_20345 0 20327 20345 -1 -1 19946 0.00239927
Chain
	Aln	79	+e5c8da5b-b7ea-4845-ab27-c75a35dc31e9 16 2396 2407 -edge_40_0_+disjointig_121_0_2406 15 2395 2406 -1 -1 2369 0.000299343
Chain
	Aln	78	-e5c8da5b-b7ea-4845-ab27-c75a35dc31e9 10 2390 2407 +edge_40_0_+disjointig_121_0_2406 10 2390 2406 -1 -1 2369 0.000299343
Chain
	Aln	136	+7aef8662-238b-407f-9eba-3cf13db2ff61 6 1040 1042 +edge_69_0_+disjointig_34_0_28084 11357 12391 28084 -1 -1 1034 0
Chain
	Aln	137	-7aef8662-238b-407f-9eba-3cf13db2ff61 1 1035 1042 -edge_69_0_+disjointig_34_0_28084 15692 16726 28084 -1 -1 1034 0
Chain
	Aln	176	+1853dce2-5ba4-446f-8e04-22d7f7945b20 8 3911 3916 +edge_89_0_+disjointig_5_0_5517 219 4158 5517 -1 -1 3631 0.00545035
Chain
	Aln	177	-1853dce2-5ba4-446f-8e04-22d7f7945b20 4 3907 3916 -edge_89_0_+disjointig_5_0_5517 1358 5297 5517 -1 -1 3631 0.00545035
Chain
	Aln	197	+b61c9d73-d139-4354-87c0-43e4e98f4205 10 3927 5779 -edge_99_0_+disjointig_6_0_3934 9 3933 3934 -1 -1 3898 0.000628662
Chain
	Aln	196	-b61c9d73-d139-4354-87c0-43e4e98f4205 1851 5768 5779 +edge_99_0_+disjointig_6_0_3934 0 3924 3934 -1 -1 3898 0.000628662
Chain
	Aln	250	+1203cbfb-76cf-4510-b7c5-b23b21d14c3b 14 1956 2019 +edge_126_0_+disjointig_9_0_32692 6260 8202 32692 -1 -1 1915 0.00197703
Chain
	Aln	251	-1203cbfb-76cf-4510-b7c5-b23b21d14c3b 62 2004 2019 -edge_126_0_+disjointig_9_0_32692 24489 26431 32692 -1 -1 1915 0.00197703
Chain
	Aln	146	+ba44091c-8930-4c4e-b04f-7dc41652b092 26 5669 5677 +edge_74_0_+disjointig_39_0_32109 26466 32102 32109 -1 -1 5546 0.00208795
Chain
	Aln	147	-ba44091c-8930-4c4e-b04f-7dc41652b092 7 5650 5677 -edge_74_0_+disjointig_39_0_32109 6 5642 32109 -1 -1 5546 0.00208795
Chain
	Aln	85	+1cc94ae8-26be-4109-886b-46b9efe45edd 9 4274 4279 -edge_43_0_+disjointig_13_0_20345 5254 9513 20345 -1 -1 4146 0.00340013
Chain
	Aln	84	-1cc94ae8-26be-4109-886b-46b9efe45edd 4 4269 4279 +edge_43_0_+disjointig_13_0_20345 10831 15090 20345 -1 -1 4146 0.00340013
Chain
	Aln	53	+9091e267-aedd-4901-8d0e-92e88c1de9cd 82 1377 1382 -edge_27_0_+disjointig_11_0_6291 3488 4787 6291 -1 -1 1275 0.00572896
Chain
	Aln	52	-9091e267-aedd-4901-8d0e-92e88c1de9cd 4 1299 1382 +edge_27_0_+disjointig_11_0_6291 1503 2802 6291 -1 -1 1275 0.00572896
Chain
	Aln	260	+5b3d652b-18e4-4f81-8a2c-07d56c513c74 13 9566 9574 +edge_131_0_+disjointig_94_0_13121 3561 13114 13121 -1 -1 9392 0.00220302
Chain
	Aln	261	-5b3d652b-18e4-4f81-8a2c-07d56c513c74 7 9560 9574 -edge_131_0_+disjointig_94_0_13121 6 9559 13121 -1 -1 9392 0.00220302
Chain
	Aln	66	+fb35e9b4-b524-4dbb-8082-1443d58be8ba 1 6926 6935 +edge_34_0_+disjointig_116_0_7572 1 6923 7572 -1 -1 6787 0.00384342
Chain
	Aln	67	-fb35e9b4-b524-4dbb-8082-1443d58be8ba 8 6933 6935 -edge_34_0_+disjointig_116_0_7572 648 7570 7572 -1 -1 6787 0.00384342
Chain
	Aln	94	+be52106d-9c93-4228-a5a4-feb61540e719 33 2078 2083 +edge_48_0_+disjointig_18_0_17839 12742 14787 17839 -1 -1 2024 5.70175e-05
Chain
	Aln	95	-be52106d-9c93-4228-a5a4-feb61540e719 4 2049 2083 -edge_48_0_+disjointig_18_0_17839 3051 5096 17839 -1 -1 2024 5.70175e-05
Chain
	Aln	168	+e64e98e7-97b6-4b03-838d-2f39298f84a1 1 5817 5821 +edge_85_0_+disjointig_46_0_17226 9219 15033 17226 -1 -1 5767 0
Chain
	Aln	169	-e64e98e7-97b6-4b03-838d-2f39298f84a1 3 5819 5821 -edge_85_0_+disjointig_46_0_17226 2192 8006 17226 -1 -1 5767 0
Chain
	Aln	137	+b97550f6-465d-4741-8f05-1c968db71a70 12 1908 1911 -edge_69_0_+disjointig_34_0_28084 22762 24658 28084 -1 -1 1880 0.000222912
Chain
	Aln	136	-b97550f6-465d-4741-8f05-1c968db71a70 2 1898 1911 +edge_69_0_+disjointig_34_0_28084 3425 5321 28084 -1 -1 1880 0.000222912
Chain
	Aln	241	+082f7f7c-f1fb-4bbb-806b-a784ca36793f 23 7699 7702 -edge_121_0_+disjointig_84_0_14665 3011 10690 14665 -1 -1 7556 0.00336183
Chain
	Aln	240	-082f7f7c-f1fb-4bbb-806b-a784ca36793f 2 7678 7702 +edge_121_0_+disjointig_84_0_14665 3974 11653 14665 -1 -1 7556 0.00336183
Chain
	Aln	50	+77581222-269e-4a0d-abb5-0fa0fb111bfc 4431 11343 11347 +edge_26_0_+disjointig_109_0_6911 2 6908 6911 -1 -1 6701 0.00368298
Chain
	Aln	51	-77581222-269e-4a0d-abb5-0fa0fb111bfc 3 6915 11347 -edge_26_0_+disjointig_109_0_6911 2 6908 6911 -1 -1 6701 0.00368298
Chain
	Aln	94	+b0597f2c-e6dd-4721-9e80-b4cdef7f95d0 8 1125 1682 +edge_48_0_+disjointig_18_0_17839 16712 17829 17839 -1 -1 1085 0.00323087
Chain
	Aln	95	-b0597f2c-e6dd-4721-9e80-b4cdef7f95d0 556 1673 1682 -edge_48_0_+disjointig_18_0_17839 9 1126 17839 -1 -1 1085 0.00323087
Chain
	Aln	124	+9f2d2fa3-7af4-4d27-bbe8-9f092db6f56f 14 3081 3086 +edge_63_0_+disjointig_27_0_8932 5860 8928 8932 -1 -1 3067 0
Chain
	Aln	125	-9f2d2fa3-7af4-4d27-bbe8-9f092db6f56f 4 3071 3086 -edge_63_0_+disjointig_27_0_8932 3 3071 8932 -1 -1 3067 0
Chain
	Aln	165	+0a12e4be-400f-436a-9d7b-67980935f450 15 4147 4149 -edge_83_0_+disjointig_43_0_5249 245 4380 5249 -1 -1 4100 0.000780016
Chain
	Aln	164	-0a12e4be-400f-436a-9d7b-67980935f450 1 4133 4149 +edge_83_0_+disjointig_43_0_5249 868 5003 5249 -1 -1 4100 0.000780016
Chain
	Aln	204	+e36ad9bd-9cd0-494c-9cf7-ad12fefd0a1b 22 1346 1348 +edge_103_0_+disjointig_63_0_7245 3729 5053 7245 -1 -1 1324 0.00109407
Chain
	Aln	205	-e36ad9bd-9cd0-494c-9cf7-ad12fefd0a1b 1 1325 1348 -edge_103_0_+disjointig_63_0_7245 2191 3515 7245 -1 -1 1324 0.00109407
Chain
	Aln	167	+27828de9-2ba7-4c54-93cf-353259950072 13 3915 3917 -edge_84_0_+disjointig_44_0_11673 7779 11671 11673 -1 -1 3809 0.00207676
Chain
	Aln	166	-27828de9-2ba7-4c54-93cf-353259950072 1 3903 3917 +edge_84_0_+disjointig_44_0_11673 1 3893 11673 -1 -1 3809 0.00207676
Chain
	Aln	197	+9ba4fb0c-34d7-4852-aeee-01c69ff26e3e 1441 2731 2741 -edge_99_0_+disjointig_6_0_3934 9 1299 3934 -1 -1 1290 0.00133493
Chain
	Aln	196	-9ba4fb0c-34d7-4852-aeee-01c69ff26e3e 9 1299 2741 +edge_99_0_+disjointig_6_0_3934 2634 3924 3934 -1 -1 1290 0.00133493
Chain
	Aln	245	+0affff43-b8cb-4eef-b134-482196b83383 9 2202 2208 -edge_123_0_+disjointig_86_0_4601 2402 4595 4601 -1 -1 2188 0
Chain
	Aln	244	-0affff43-b8cb-4eef-b134-482196b83383 5 2198 2208 +edge_123_0_+disjointig_86_0_4601 5 2198 4601 -1 -1 2188 0
Chain
	Aln	94	+f6d308d3-2ad4-4754-b9a3-7a33364ba30d 6 1515 1525 +edge_48_0_+disjointig_18_0_17839 3955 5466 17839 -1 -1 1497 0.0011667
Chain
	Aln	95	-f6d308d3-2ad4-4754-b9a3-7a33364ba30d 9 1518 1525 -edge_48_0_+disjointig_18_0_17839 12372 13883 17839 -1 -1 1497 0.0011667
Chain
	Aln	247	+078da419-1c56-48ff-b35f-872f51942b79 26 2340 2347 -edge_124_0_+disjointig_88_0_14963 8939 11252 14963 -1 -1 2300 0.000309981
Chain
	Aln	246	-078da419-1c56-48ff-b35f-872f51942b79 6 2320 2347 +edge_124_0_+disjointig_88_0_14963 3710 6023 14963 -1 -1 2300 0.000309981
Chain
	Aln	181	+8fa49641-101a-4141-8197-8d52063333d5 9 2686 2689 -edge_91_0_+disjointig_51_0_5453 2773 5450 5453 -1 -1 2665 0.000379625
Chain
	Aln	180	-8fa49641-101a-4141-8197-8d52063333d5 2 2679 2689 +edge_91_0_+disjointig_51_0_5453 2 2679 5453 -1 -1 2665 0.000379625
Chain
	Aln	274	+6b1bb506-b0c6-4dbf-837d-c42bef3862c2 7 5236 7278 +edge_138_0_+disjointig_24_5721_14478 3524 8751 8757 -1 -1 5076 0.00308755
	Aln	274	+6b1bb506-b0c6-4dbf-837d-c42bef3862c2 5243 7270 7278 +edge_138_0_+disjointig_24_5721_14478 1 2043 8757 -1 -1 1987 0.00206884
Chain
	Aln	275	-6b1bb506-b0c6-4dbf-837d-c42bef3862c2 7 2034 7278 -edge_138_0_+disjointig_24_5721_14478 6713 8755 8757 -1 -1 1987 0.00206884
	Aln	275	-6b1bb506-b0c6-4dbf-837d-c42bef3862c2 2041 7270 7278 -edge_138_0_+disjointig_24_5721_14478 5 5232 8757 -1 -1 5076 0.00308755
Chain
	Aln	204	+2f74da81-d016-4890-b8eb-d92e13269ab6 23 6919 6924 +edge_103_0_+disjointig_63_0_7245 338 7241 7245 -1 -1 6760 0.00207965
Chain
	Aln	205	-2f74da81-d016-4890-b8eb-d92e13269ab6 4 6900 6924 -edge_103_0_+disjointig_63_0_7245 3 6906 7245 -1 -1 6760 0.00207965
Chain
	Aln	209	+6205eb17-1b00-4efc-a855-6597372a679c 5 10533 16478 -edge_105_0_+disjointig_66_0_10537 4 10533 10537 -1 -1 10307 0.00190739
Chain
	Aln	208	-6205eb17-1b00-4efc-a855-6597372a679c 5944 16472 16478 +edge_105_0_+disjointig_66_0_10537 3 10532 10537 -1 -1 10307 0.00190739
Chain
	Aln	272	+0e4b402f-447b-4e88-a063-b74737b012ba 10 1042 1048 +edge_137_2_+disjointig_31_15085_19645 489 1525 4560 -1 -1 963 0.0102674
Chain
	Aln	273	-0e4b402f-447b-4e88-a063-b74737b012ba 5 1037 1048 -edge_137_2_+disjointig_31_15085_19645 3034 4070 4560 -1 -1 963 0.0102674
Chain
	Aln	147	+7c16fd93-d9ec-4ba7-a846-10dd5540eeb5 10 8273 8293 -edge_74_0_+disjointig_39_0_32109 19675 27947 32109 -1 -1 7985 0.00372382
Chain
	Aln	146	-7c16fd93-d9ec-4ba7-a846-10dd5540eeb5 19 8282 8293 +edge_74_0_+disjointig_39_0_32109 4161 12433 32109 -1 -1 7985 0.00372382
Chain
	Aln	146	+302e3879-7506-47dd-8f4d-fb6b383042f1 79 8369 8374 +edge_74_0_+disjointig_39_0_32109 4129 12419 32109 -1 -1 8165 0.00192286
Chain
	Aln	147	-302e3879-7506-47dd-8f4d-fb6b383042f1 4 8294 8374 -edge_74_0_+disjointig_39_0_32109 19689 27979 32109 -1 -1 8165 0.00192286
Chain
	Aln	187	+d984da92-b9a8-4532-a55a-0e2d9fa22aa8 1275 5230 5239 -edge_94_0_+disjointig_54_0_3982 14 3973 3982 -1 -1 3854 0.00432217
Chain
	Aln	186	-d984da92-b9a8-4532-a55a-0e2d9fa22aa8 8 3963 5239 +edge_94_0_+disjointig_54_0_3982 8 3967 3982 -1 -1 3854 0.00432217
Chain
	Aln	81	+ac68c584-063b-446d-9b21-466ac008d4f8 14 6424 6426 -edge_41_0_+disjointig_122_0_6671 258 6669 6671 -1 -1 6319 0.00159791
Chain
	Aln	80	-ac68c584-063b-446d-9b21-466ac008d4f8 1 6411 6426 +edge_41_0_+disjointig_122_0_6671 1 6412 6671 -1 -1 6319 0.00159791
Chain
	Aln	250	+500867f7-dad7-48cf-bcdf-fd741c45f2ed 4 2830 2842 +edge_126_0_+disjointig_9_0_32692 16941 19768 32692 -1 -1 2720 0.00519158
Chain
	Aln	251	-500867f7-dad7-48cf-bcdf-fd741c45f2ed 11 2837 2842 -edge_126_0_+disjointig_9_0_32692 12923 15750 32692 -1 -1 2720 0.00519158
Chain
	Aln	232	+7de3b1e3-aff2-49c8-9b29-0f7573a5dae1 27 1518 1529 +edge_117_0_+disjointig_8_0_4817 1236 2726 4817 -1 -1 1489 0.00283888
Chain
	Aln	233	-7de3b1e3-aff2-49c8-9b29-0f7573a5dae1 10 1501 1529 -edge_117_0_+disjointig_8_0_4817 2090 3580 4817 -1 -1 1489 0.00283888
Chain
	Aln	64	+e95a5da9-b2af-4ed8-b3f5-ba75c5683e85 3 3985 3997 +edge_33_0_+disjointig_115_0_4337 348 4326 4337 -1 -1 3918 0.00207874
Chain
	Aln	65	-e95a5da9-b2af-4ed8-b3f5-ba75c5683e85 11 3993 3997 -edge_33_0_+disjointig_115_0_4337 10 3988 4337 -1 -1 3918 0.00207874
Chain
	Aln	60	+1addd68c-a52f-4ad1-a360-6a5ee075fb5f 24 1178 1183 +edge_31_0_+disjointig_113_0_8706 7309 8463 8706 -1 -1 1154 0.00216118
Chain
	Aln	61	-1addd68c-a52f-4ad1-a360-6a5ee075fb5f 4 1158 1183 -edge_31_0_+disjointig_113_0_8706 242 1396 8706 -1 -1 1154 0.00216118
Chain
	Aln	175	+885134a9-98e2-418f-b02f-619c1ad44e3a 9 3195 3199 -edge_88_0_+disjointig_49_0_3199 8 3195 3199 -1 -1 3086 0.00385809
Chain
	Aln	174	-885134a9-98e2-418f-b02f-619c1ad44e3a 3 3189 3199 +edge_88_0_+disjointig_49_0_3199 3 3190 3199 -1 -1 3086 0.00385809
Chain
	Aln	136	+8c5e23c7-b2e8-4def-8ba5-bc9189622cf4 2485 7177 7184 +edge_69_0_+disjointig_34_0_28084 1 4695 28084 -1 -1 4612 0.00242331
Chain
	Aln	137	-8c5e23c7-b2e8-4def-8ba5-bc9189622cf4 6 4698 7184 -edge_69_0_+disjointig_34_0_28084 23388 28082 28084 -1 -1 4612 0.00242331
Chain
	Aln	273	+9e7a575a-b770-4e10-b7ac-b6fe099abcac 2728 4827 4835 -edge_137_0_+disjointig_101_3150_7988 50 2152 4838 -1 -1 1994 0.00577789
Chain
	Aln	272	-9e7a575a-b770-4e10-b7ac-b6fe099abcac 7 2106 4835 +edge_137_0_+disjointig_101_3150_7988 2685 4787 4838 -1 -1 1994 0.00577789
Chain
	Aln	128	+ea44f30f-fd7d-4862-a027-9e7bdb4710a5 10 1120 1127 +edge_65_0_+disjointig_29_0_13256 1428 2539 13256 -1 -1 1108 0.00384041
Chain
	Aln	129	-ea44f30f-fd7d-4862-a027-9e7bdb4710a5 6 1116 1127 -edge_65_0_+disjointig_29_0_13256 10716 11827 13256 -1 -1 1108 0.00384041
Chain
	Aln	194	+ff00dee2-1acc-414e-a910-1b9d63be4f06 5 6705 6714 +edge_98_0_+disjointig_58_0_13468 5 6706 13468 -1 -1 6636 0.000918915
Chain
	Aln	195	-ff00dee2-1acc-414e-a910-1b9d63be4f06 8 6708 6714 -edge_98_0_+disjointig_58_0_13468 6761 13462 13468 -1 -1 6636 0.000918915
Chain
	Aln	194	+a8866496-1836-45ef-ae71-e6a99ff9f65f 5 6731 6742 +edge_98_0_+disjointig_58_0_13468 6734 13458 13468 -1 -1 6598 0.00177977
Chain
	Aln	195	-a8866496-1836-45ef-ae71-e6a99ff9f65f 10 6736 6742 -edge_98_0_+disjointig_58_0_13468 9 6733 13468 -1 -1 6598 0.00177977
Chain
	Aln	135	+d30b2444-86fe-41b2-9c8e-4be4bf0cc272 76 3505 3543 -edge_68_0_+disjointig_32_0_16153 2860 6300 16153 -1 -1 3337 0.00446721
Chain
	Aln	134	-d30b2444-86fe-41b2-9c8e-4be4bf0cc272 37 3466 3543 +edge_68_0_+disjointig_32_0_16153 9852 13292 16153 -1 -1 3337 0.00446721
Chain
	Aln	155	+b3d2d691-bd3d-4706-929b-ce2c3a43501e 9 1687 1692 -edge_78_0_+disjointig_42_4_1698 15 1693 1694 -1 -1 1678 0
Chain
	Aln	154	-b3d2d691-bd3d-4706-929b-ce2c3a43501e 4 1682 1692 +edge_78_0_+disjointig_42_4_1698 0 1678 1694 -1 -1 1678 0
Chain
	Aln	227	+726ddc13-2d00-4651-836a-afedaa1c510f 11 3220 3222 -edge_114_0_+disjointig_77_0_9075 5862 9073 9075 -1 -1 3056 0.00685012
Chain
	Aln	226	-726ddc13-2d00-4651-836a-afedaa1c510f 1 3210 3222 +edge_114_0_+disjointig_77_0_9075 1 3212 9075 -1 -1 3056 0.00685012
Chain
	Aln	245	+32cc4ade-7945-46d9-9cd5-e1cf590d39a1 11 4600 24918 -edge_123_0_+disjointig_86_0_4601 10 4600 4601 -1 -1 4587 0.000461697
Chain
	Aln	244	-32cc4ade-7945-46d9-9cd5-e1cf590d39a1 20317 24906 24918 +edge_123_0_+disjointig_86_0_4601 0 4590 4601 -1 -1 4587 0.000461697
Chain
	Aln	115	+fd0648d2-ba45-45f2-a830-7ddd6dfd28e4 13 1979 1989 -edge_58_0_+disjointig_23_0_11659 1820 3788 11659 -1 -1 1942 0.00105913
Chain
	Aln	114	-fd0648d2-ba45-45f2-a830-7ddd6dfd28e4 9 1975 1989 +edge_58_0_+disjointig_23_0_11659 7870 9838 11659 -1 -1 1942 0.00105913
Chain
	Aln	169	+d31b3cb5-3bbc-463d-b7dd-510104222403 23 1390 1394 -edge_85_0_+disjointig_46_0_17226 1053 2419 17226 -1 -1 1356 0
Chain
	Aln	168	-d31b3cb5-3bbc-463d-b7dd-510104222403 3 1370 1394 +edge_85_0_+disjointig_46_0_17226 14806 16172 17226 -1 -1 1356 0
Chain
	Aln	146	+8792a53e-d754-4a98-aebe-16a26c10b8f6 5 12482 12487 +edge_74_0_+disjointig_39_0_32109 2085 14577 32109 -1 -1 12248 0.0023401
Chain
	Aln	147	-8792a53e-d754-4a98-aebe-16a26c10b8f6 4 12481 12487 -edge_74_0_+disjointig_39_0_32109 17531 30023 32109 -1 -1 12248 0.0023401
Chain
	Aln	159	+9cf68bb0-cec5-4b0c-92bb-0f7a4f773e95 1128 2843 3014 -edge_80_0_+disjointig_42_1698_3430 13 1731 1732 -1 -1 1607 0.00742137
Chain
	Aln	158	-9cf68bb0-cec5-4b0c-92bb-0f7a4f773e95 170 1885 3014 +edge_80_0_+disjointig_42_1698_3430 0 1718 1732 -1 -1 1607 0.00742137
Chain
	Aln	112	+5b649ad7-6856-4bb6-8af0-9329555db2ec 16 5752 5757 +edge_57_0_+disjointig_22_0_5761 1 5735 5761 -1 -1 5613 0.00316856
Chain
	Aln	113	-5b649ad7-6856-4bb6-8af0-9329555db2ec 4 5740 5757 -edge_57_0_+disjointig_22_0_5761 25 5759 5761 -1 -1 5613 0.00316856
Chain
	Aln	113	+bb427aab-2cbb-4c06-9a4e-b9d40094187c 19 5773 5775 -edge_57_0_+disjointig_22_0_5761 18 5759 5761 -1 -1 5613 0.00305563
Chain
	Aln	112	-bb427aab-2cbb-4c06-9a4e-b9d40094187c 1 5755 5775 +edge_57_0_+disjointig_22_0_5761 1 5742 5761 -1 -1 5613 0.00305563
Chain
	Aln	174	+9b07a3f8-2a4e-4e33-bf31-11f02f58b678 10 1069 1072 +edge_88_0_+disjointig_49_0_3199 126 1185 3199 -1 -1 1052 0
Chain
	Aln	175	-9b07a3f8-2a4e-4e33-bf31-11f02f58b678 2 1061 1072 -edge_88_0_+disjointig_49_0_3199 2013 3072 3199 -1 -1 1052 0
Chain
	Aln	5	+42727843-ae2b-4ab8-9470-befcf7e1a49f 7 1026 1036 -edge_3_0_+disjointig_100_0_4936 3186 4199 4936 -1 -1 918 0.00966762
Chain
	Aln	4	-42727843-ae2b-4ab8-9470-befcf7e1a49f 9 1028 1036 +edge_3_0_+disjointig_100_0_4936 736 1749 4936 -1 -1 918 0.00966762
Chain
	Aln	56	+b9ac4dce-8c08-45b9-b195-24a06622672e 10 1482 1614 +edge_29_0_+disjointig_111_0_5732 4256 5728 5732 -1 -1 1461 0.00346861
Chain
	Aln	57	-b9ac4dce-8c08-45b9-b195-24a06622672e 131 1603 1614 -edge_29_0_+disjointig_111_0_5732 3 1475 5732 -1 -1 1461 0.00346861
Chain
	Aln	221	+fbdf3165-946b-4d0c-91d8-bd8efb356086 12 23293 24053 -edge_111_0_+disjointig_71_0_23292 11 23291 23292 -1 -1 23211 0.00126137
Chain
	Aln	220	-fbdf3165-946b-4d0c-91d8-bd8efb356086 759 24040 24053 +edge_111_0_+disjointig_71_0_23292 0 23280 23292 -1 -1 23211 0.00126137
Chain
	Aln	252	+7c177b2f-44bf-442d-b286-5cf5751bfb40 15 1405 1413 +edge_127_0_+disjointig_90_0_2269 789 2179 2269 -1 -1 1383 0.00151445
Chain
	Aln	253	-7c177b2f-44bf-442d-b286-5cf5751bfb40 7 1397 1413 -edge_127_0_+disjointig_90_0_2269 89 1479 2269 -1 -1 1383 0.00151445
Chain
	Aln	136	+63d21dc8-e8ec-4cad-a8a8-0dcac4cdd389 7 1735 1744 +edge_69_0_+disjointig_34_0_28084 1336 3069 28084 -1 -1 1714 0.00400282
Chain
	Aln	137	-63d21dc8-e8ec-4cad-a8a8-0dcac4cdd389 8 1736 1744 -edge_69_0_+disjointig_34_0_28084 25014 26747 28084 -1 -1 1714 0.00400282
Chain
	Aln	223	+8aa0ba4f-6e51-4e02-bd75-899157626068 17 3166 3168 -edge_112_0_+disjointig_72_0_3175 16 3173 3175 -1 -1 3086 0.00362825
Chain
	Aln	222	-8aa0ba4f-6e51-4e02-bd75-899157626068 1 3150 3168 +edge_112_0_+disjointig_72_0_3175 1 3158 3175 -1 -1 3086 0.00362825
Chain
	Aln	93	+c52b58ad-4cf8-46b3-a7df-15ac2bb3d5a5 6 2223 2243 -edge_47_0_+disjointig_17_0_9224 6981 9205 9224 -1 -1 2130 0.00563053
Chain
	Aln	92	-c52b58ad-4cf8-46b3-a7df-15ac2bb3d5a5 19 2236 2243 +edge_47_0_+disjointig_17_0_9224 18 2242 9224 -1 -1 2130 0.00563053
Chain
	Aln	147	+75db6144-97f7-4350-918f-54643a304b55 7 5033 5410 -edge_74_0_+disjointig_39_0_32109 20824 25853 32109 -1 -1 4575 0.00808209
Chain
	Aln	146	-75db6144-97f7-4350-918f-54643a304b55 376 5402 5410 +edge_74_0_+disjointig_39_0_32109 6255 11284 32109 -1 -1 4575 0.00808209
Chain
	Aln	132	+88a817e0-ec0a-41a6-92c6-d2d8238d1d32 10 1507 1510 +edge_67_0_+disjointig_30_0_12994 7836 9333 12994 -1 -1 1489 0.00127884
Chain
	Aln	133	-88a817e0-ec0a-41a6-92c6-d2d8238d1d32 2 1499 1510 -edge_67_0_+disjointig_30_0_12994 3660 5157 12994 -1 -1 1489 0.00127884
Chain
	Aln	199	+ff78d28e-1c6f-42f5-a304-cd484b1cfa58 10 1637 1646 -edge_100_0_+disjointig_60_0_5492 53 1680 5492 -1 -1 1627 0
Chain
	Aln	198	-ff78d28e-1c6f-42f5-a304-cd484b1cfa58 8 1635 1646 +edge_100_0_+disjointig_60_0_5492 3811 5438 5492 -1 -1 1627 0
Chain
	Aln	144	+9932386e-fc38-4e5e-b73f-d86399a58dd3 6 3198 3202 +edge_73_0_+disjointig_38_0_17471 8046 11240 17471 -1 -1 3133 0.000715404
Chain
	Aln	145	-9932386e-fc38-4e5e-b73f-d86399a58dd3 3 3195 3202 -edge_73_0_+disjointig_38_0_17471 6230 9424 17471 -1 -1 3133 0.000715404
Chain
	Aln	108	+bf5f240a-6159-4026-b007-ee740171a78d 3285 8205 8209 +edge_55_0_+disjointig_20_0_7183 1 4920 7183 -1 -1 4848 0.00142898
Chain
	Aln	109	-bf5f240a-6159-4026-b007-ee740171a78d 3 4923 8209 -edge_55_0_+disjointig_20_0_7183 2262 7181 7183 -1 -1 4848 0.00142898
Chain
	Aln	216	+b5880dd4-e762-408d-ae78-edbce8e5f543 10 2303 2310 +edge_109_0_+disjointig_7_0_26833 11362 13651 26833 -1 -1 2251 0.00134244
Chain
	Aln	217	-b5880dd4-e762-408d-ae78-edbce8e5f543 6 2299 2310 -edge_109_0_+disjointig_7_0_26833 13181 15470 26833 -1 -1 2251 0.00134244
Chain
	Aln	219	+449fcbf3-4dc6-4e3d-a99e-ed2bb217108a 9 3729 3735 -edge_110_0_+disjointig_70_0_4170 444 4164 4170 -1 -1 3712 0
Chain
	Aln	218	-449fcbf3-4dc6-4e3d-a99e-ed2bb217108a 5 3725 3735 +edge_110_0_+disjointig_70_0_4170 5 3725 4170 -1 -1 3712 0
Chain
	Aln	179	+9c42ce3f-5a5a-4c10-b688-f68534b5e632 11 1673 1676 -edge_90_0_+disjointig_50_0_18087 7723 9385 18087 -1 -1 1662 0.000157936
Chain
	Aln	178	-9c42ce3f-5a5a-4c10-b688-f68534b5e632 2 1664 1676 +edge_90_0_+disjointig_50_0_18087 8701 10363 18087 -1 -1 1662 0.000157936
Chain
	Aln	136	+b2e5cb83-5496-40cd-99a6-3f1238eafc26 39 3668 3903 +edge_69_0_+disjointig_34_0_28084 22661 26286 28084 -1 -1 3497 0.00435284
Chain
	Aln	137	-b2e5cb83-5496-40cd-99a6-3f1238eafc26 234 3863 3903 -edge_69_0_+disjointig_34_0_28084 1797 5422 28084 -1 -1 3497 0.00435284
Chain
	Aln	114	+6e43d13c-e074-4ae4-a41c-094908aee29a 1 11653 13017 +edge_58_0_+disjointig_23_0_11659 1 11647 11659 -1 -1 11436 0.00226523
Chain
	Aln	115	-6e43d13c-e074-4ae4-a41c-094908aee29a 1363 13015 13017 -edge_58_0_+disjointig_23_0_11659 11 11657 11659 -1 -1 11436 0.00226523
Chain
	Aln	143	+aae7ea86-3063-42a4-bb49-b7335a09cd9e 29 4721 4724 -edge_72_0_+disjointig_37_0_4763 33 4760 4763 -1 -1 4138 0.0104237
Chain
	Aln	142	-aae7ea86-3063-42a4-bb49-b7335a09cd9e 2 4694 4724 +edge_72_0_+disjointig_37_0_4763 2 4729 4763 -1 -1 4138 0.0104237
Chain
	Aln	123	+874756f5-4e0c-4fd0-9033-1b8954b03d47 7 5472 5477 -edge_62_0_+disjointig_26_0_8179 6 5466 8179 -1 -1 5394 0.002322
Chain
	Aln	122	-874756f5-4e0c-4fd0-9033-1b8954b03d47 4 5469 5477 +edge_62_0_+disjointig_26_0_8179 2712 8172 8179 -1 -1 5394 0.002322
Chain
	Aln	89	+56b29899-9308-4815-a634-e713975e22d5 6 3701 4070 -edge_45_0_+disjointig_15_0_4480 784 4479 4480 -1 -1 3680 0.000615993
Chain
	Aln	88	-56b29899-9308-4815-a634-e713975e22d5 368 4063 4070 +edge_45_0_+disjointig_15_0_4480 0 3695 4480 -1 -1 3680 0.000615993
Chain
	Aln	217	+0cbb7737-4c8f-4470-83ed-76023bb1fff5 11 2201 2203 -edge_109_0_+disjointig_7_0_26833 24646 26831 26833 -1 -1 2150 0.000697971
Chain
	Aln	216	-0cbb7737-4c8f-4470-83ed-76023bb1fff5 1 2191 2203 +edge_109_0_+disjointig_7_0_26833 1 2186 26833 -1 -1 2150 0.000697971
Chain
	Aln	49	+2c683683-a8f2-409d-a59d-fb0d68aea9b7 12 8044 8048 -edge_25_0_+disjointig_108_0_14020 5973 14016 14020 -1 -1 7793 0.00211413
Chain
	Aln	48	-2c683683-a8f2-409d-a59d-fb0d68aea9b7 3 8035 8048 +edge_25_0_+disjointig_108_0_14020 3 8046 14020 -1 -1 7793 0.00211413
Chain
	Aln	41	+f421d9b6-b871-4877-b9e9-9da2fe6dca1d 15 5492 5494 -edge_21_0_+disjointig_104_0_5498 14 5496 5498 -1 -1 5246 0.003751
Chain
	Aln	40	-f421d9b6-b871-4877-b9e9-9da2fe6dca1d 1 5478 5494 +edge_21_0_+disjointig_104_0_5498 1 5483 5498 -1 -1 5246 0.003751
Chain
	Aln	183	+40a64c68-b914-416d-8b9b-f45a96f04659 20 3265 3272 -edge_92_0_+disjointig_52_0_4794 19 3262 4794 -1 -1 2947 0.0112132
Chain
	Aln	182	-40a64c68-b914-416d-8b9b-f45a96f04659 6 3251 3272 +edge_92_0_+disjointig_52_0_4794 1531 4774 4794 -1 -1 2947 0.0112132
Chain
	Aln	256	+2120f226-c1e8-49ef-9286-4eb27077150c 902 9042 9068 +edge_129_0_+disjointig_92_0_10849 1 8171 10849 -1 -1 7912 0.00224778
Chain
	Aln	257	-2120f226-c1e8-49ef-9286-4eb27077150c 25 8165 9068 -edge_129_0_+disjointig_92_0_10849 2677 10847 10849 -1 -1 7912 0.00224778
Chain
	Aln	204	+64b454e5-c62a-4b35-ae90-83f8169284b1 6 2644 4092 +edge_103_0_+disjointig_63_0_7245 4604 7241 7245 -1 -1 2582 0.000996261
Chain
	Aln	205	-64b454e5-c62a-4b35-ae90-83f8169284b1 1447 4085 4092 -edge_103_0_+disjointig_63_0_7245 3 2640 7245 -1 -1 2582 0.000996261
Chain
	Aln	62	+708f738e-383a-4aa6-a50e-14555d375742 8 1160 1163 +edge_32_0_+disjointig_114_0_19867 14534 15687 19867 -1 -1 1099 0.00418478
Chain
	Aln	63	-708f738e-383a-4aa6-a50e-14555d375742 2 1154 1163 -edge_32_0_+disjointig_114_0_19867 4179 5332 19867 -1 -1 1099 0.00418478
Chain
	Aln	251	+d86e812d-2b12-45b4-828e-76d8701da534 18 2697 3539 -edge_126_0_+disjointig_9_0_32692 30012 32691 32692 -1 -1 2663 0.000545468
Chain
	Aln	250	-d86e812d-2b12-45b4-828e-76d8701da534 841 3520 3539 +edge_126_0_+disjointig_9_0_32692 0 2679 32692 -1 -1 2663 0.000545468
Chain
	Aln	91	+0d3fbdd7-f3f6-4762-a6bd-e0370d77df32 20 3319 3321 -edge_46_0_+disjointig_16_0_3319 23 3317 3319 -1 -1 3113 0.00643499
Chain
	Aln	90	-0d3fbdd7-f3f6-4762-a6bd-e0370d77df32 1 3300 3321 +edge_46_0_+disjointig_16_0_3319 1 3295 3319 -1 -1 3113 0.00643499
Chain
	Aln	216	+e524a4bf-07b6-4bf1-9557-1fb9019a53e0 22 1770 1781 +edge_109_0_+disjointig_7_0_26833 17083 18833 26833 -1 -1 1713 0.00518036
Chain
	Aln	217	-e524a4bf-07b6-4bf1-9557-1fb9019a53e0 10 1758 1781 -edge_109_0_+disjointig_7_0_26833 7999 9749 26833 -1 -1 1713 0.00518036
Chain
	Aln	57	+c478462d-0a93-4421-bada-f7f80914d0eb 13 2484 2486 -edge_29_0_+disjointig_111_0_5732 3259 5730 5732 -1 -1 2421 0.00305631
Chain
	Aln	56	-c478462d-0a93-4421-bada-f7f80914d0eb 1 2472 2486 +edge_29_0_+disjointig_111_0_5732 1 2472 5732 -1 -1 2421 0.00305631
Chain
	Aln	204	+b7c09f41-20e5-475e-96a4-0556ceb55b66 3 1821 1831 +edge_103_0_+disjointig_63_0_7245 3818 5633 7245 -1 -1 1798 0.000561786
Chain
	Aln	205	-b7c09f41-20e5-475e-96a4-0556ceb55b66 9 1827 1831 -edge_103_0_+disjointig_63_0_7245 1611 3426 7245 -1 -1 1798 0.000561786
Chain
	Aln	188	+82d900f5-c7ec-41e0-a24b-7d0a1ab4b97c 1 4506 4948 +edge_95_0_+disjointig_55_0_4507 1 4503 4507 -1 -1 4498 0.00124121
Chain
	Aln	189	-82d900f5-c7ec-41e0-a24b-7d0a1ab4b97c 441 4946 4948 -edge_95_0_+disjointig_55_0_4507 3 4505 4507 -1 -1 4498 0.00124121
Chain
	Aln	224	+45aee60f-5379-4d0a-8e75-fa01af5c17cb 6 4796 4802 +edge_113_0_+disjointig_76_0_6105 6 4786 6105 -1 -1 4652 0.00108075
Chain
	Aln	225	-45aee60f-5379-4d0a-8e75-fa01af5c17cb 5 4795 4802 -edge_113_0_+disjointig_76_0_6105 1318 6098 6105 -1 -1 4652 0.00108075
Chain
	Aln	247	+0faffdeb-8505-4644-899f-e4226f42734e 13 4268 4270 -edge_124_0_+disjointig_88_0_14963 12 4280 14963 -1 -1 4107 0.0040075
Chain
	Aln	246	-0faffdeb-8505-4644-899f-e4226f42734e 1 4256 4270 +edge_124_0_+disjointig_88_0_14963 10682 14950 14963 -1 -1 4107 0.0040075
Chain
	Aln	217	+662501d7-82ea-4d58-af18-53cf827f66a9 5 1167 1172 -edge_109_0_+disjointig_7_0_26833 25071 26237 26833 -1 -1 1116 0.00335502
Chain
	Aln	216	-662501d7-82ea-4d58-af18-53cf827f66a9 4 1166 1172 +edge_109_0_+disjointig_7_0_26833 595 1761 26833 -1 -1 1116 0.00335502
Chain
	Aln	37	+947e0893-6d9d-48e6-9e6e-248bf4fd580d 16 4039 4050 -edge_19_0_+disjointig_102_0_4024 15 4013 4024 -1 -1 3677 0.00936793
Chain
	Aln	36	-947e0893-6d9d-48e6-9e6e-248bf4fd580d 10 4033 4050 +edge_19_0_+disjointig_102_0_4024 10 4008 4024 -1 -1 3677 0.00936793
Chain
	Aln	73	+8f467e47-4594-4b1a-b7f0-ebc1fc61d3aa 15 5531 6325 -edge_37_0_+disjointig_119_0_5524 14 5523 5524 -1 -1 5366 0.0029301
Chain
	Aln	72	-8f467e47-4594-4b1a-b7f0-ebc1fc61d3aa 793 6309 6325 +edge_37_0_+disjointig_119_0_5524 0 5509 5524 -1 -1 5366 0.0029301
Chain
	Aln	183	+84927328-b9f1-40fa-b701-ad5eb788e5e9 22 3848 3852 -edge_92_0_+disjointig_52_0_4794 964 4790 4794 -1 -1 3710 0.00346812
Chain
	Aln	182	-84927328-b9f1-40fa-b701-ad5eb788e5e9 3 3829 3852 +edge_92_0_+disjointig_52_0_4794 3 3829 4794 -1 -1 3710 0.00346812
Chain
	Aln	217	+6f71b637-dccf-44c3-aba1-c370d91bac47 12 7551 7555 -edge_109_0_+disjointig_7_0_26833 11 7550 26833 -1 -1 7349 0.00245842
Chain
	Aln	216	-6f71b637-dccf-44c3-aba1-c370d91bac47 3 7542 7555 +edge_109_0_+disjointig_7_0_26833 19282 26821 26833 -1 -1 7349 0.00245842
Chain
	Aln	263	+ed75c514-8e1d-4314-b4d2-c4e32a061e4f 15 2932 2950 -edge_132_0_+disjointig_95_0_6975 14 2926 6975 -1 -1 2855 0.000413413
Chain
	Aln	262	-ed75c514-8e1d-4314-b4d2-c4e32a061e4f 17 2934 2950 +edge_132_0_+disjointig_95_0_6975 4048 6960 6975 -1 -1 2855 0.000413413
Chain
	Aln	13	+1d7a1216-0d64-48f3-8836-a364e64ab28a 797 2007 2011 -edge_7_0_-disjointig_31_10362_19651 12 1222 9289 -1 -1 1154 0.00642295
Chain
	Aln	12	-1d7a1216-0d64-48f3-8836-a364e64ab28a 3 1213 2011 +edge_7_0_-disjointig_31_10362_19651 8066 9276 9289 -1 -1 1154 0.00642295
Chain
	Aln	194	+40802eaf-0557-4ee0-8118-3d9f2a433c5f 6 2015 2017 +edge_98_0_+disjointig_58_0_13468 1482 3491 13468 -1 -1 2009 0
Chain
	Aln	195	-40802eaf-0557-4ee0-8118-3d9f2a433c5f 1 2010 2017 -edge_98_0_+disjointig_58_0_13468 9976 11985 13468 -1 -1 2009 0
Chain
	Aln	25	+48b3ce29-0796-449a-85fe-fb9cbb1a489d 28 1813 1815 -edge_13_0_+disjointig_74_7640_17329 688 2476 9689 -1 -1 1657 0.00977059
Chain
	Aln	24	-48b3ce29-0796-449a-85fe-fb9cbb1a489d 1 1786 1815 +edge_13_0_+disjointig_74_7640_17329 7212 9000 9689 -1 -1 1657 0.00977059
Chain
	Aln	3	+d860216f-8ad0-4066-acfb-5bf10c4f57ae 5 4383 4385 -edge_2_0_+disjointig_10_0_7373 2971 7371 7373 -1 -1 4152 0.00395958
Chain
	Aln	2	-d860216f-8ad0-4066-acfb-5bf10c4f57ae 1 4379 4385 +edge_2_0_+disjointig_10_0_7373 1 4401 7373 -1 -1 4152 0.00395958
Chain
	Aln	262	+d82f88f3-4993-4d35-bb89-fc623aa08bcf 8 5895 5897 +edge_132_0_+disjointig_95_0_6975 1072 6956 6975 -1 -1 5833 0.0002782
Chain
	Aln	263	-d82f88f3-4993-4d35-bb89-fc623aa08bcf 1 5888 5897 -edge_132_0_+disjointig_95_0_6975 18 5902 6975 -1 -1 5833 0.0002782
Chain
	Aln	123	+912b295f-b65c-47e5-a02d-319d24be7aba 9 3128 3138 -edge_62_0_+disjointig_26_0_8179 5049 8169 8179 -1 -1 3080 0.0027169
Chain
	Aln	122	-912b295f-b65c-47e5-a02d-319d24be7aba 9 3128 3138 +edge_62_0_+disjointig_26_0_8179 9 3129 8179 -1 -1 3080 0.0027169
Chain
	Aln	174	+646148b1-2c6c-4a32-b65b-75f7da0e5f2d 4 2282 2341 +edge_88_0_+disjointig_49_0_3199 910 3191 3199 -1 -1 2220 0.00369459
Chain
	Aln	175	-646148b1-2c6c-4a32-b65b-75f7da0e5f2d 58 2336 2341 -edge_88_0_+disjointig_49_0_3199 7 2288 3199 -1 -1 2220 0.00369459
Chain
	Aln	257	+04102728-ce78-44dd-9d11-5f52fa649cb3 8 4698 4702 -edge_129_0_+disjointig_92_0_10849 1283 5978 10849 -1 -1 4642 0.00193461
Chain
	Aln	256	-04102728-ce78-44dd-9d11-5f52fa649cb3 3 4693 4702 +edge_129_0_+disjointig_92_0_10849 4870 9565 10849 -1 -1 4642 0.00193461
Chain
	Aln	146	+9bd24dcc-b298-432e-aec1-2d9ed1de4521 25 1375 1377 +edge_74_0_+disjointig_39_0_32109 9659 11009 32109 -1 -1 1336 0.00299057
Chain
	Aln	147	-9bd24dcc-b298-432e-aec1-2d9ed1de4521 1 1351 1377 -edge_74_0_+disjointig_39_0_32109 21099 22449 32109 -1 -1 1336 0.00299057
Chain
	Aln	216	+ebbde978-2260-4029-92de-c39ba49116bc 2 1871 1875 +edge_109_0_+disjointig_7_0_26833 16973 18843 26833 -1 -1 1863 0.00349358
Chain
	Aln	217	-ebbde978-2260-4029-92de-c39ba49116bc 3 1872 1875 -edge_109_0_+disjointig_7_0_26833 7989 9859 26833 -1 -1 1863 0.00349358
Chain
	Aln	197	+b6536382-fe0d-46fd-b8d8-b56d82a440d5 8 2080 2211 -edge_99_0_+disjointig_6_0_3934 1862 3933 3934 -1 -1 2067 0
Chain
	Aln	196	-b6536382-fe0d-46fd-b8d8-b56d82a440d5 130 2202 2211 +edge_99_0_+disjointig_6_0_3934 0 2071 3934 -1 -1 2067 0
Chain
	Aln	203	+26cf6746-6282-4dc4-b357-5fa8c914638c 18 6926 7381 -edge_102_0_+disjointig_62_0_6937 17 6936 6937 -1 -1 6597 0.00419328
Chain
	Aln	202	-26cf6746-6282-4dc4-b357-5fa8c914638c 454 7362 7381 +edge_102_0_+disjointig_62_0_6937 0 6919 6937 -1 -1 6597 0.00419328
Chain
	Aln	124	+bc7d0553-3633-4276-b504-9241191f4b90 583 7832 7835 +edge_63_0_+disjointig_27_0_8932 10 7250 8932 -1 -1 6941 0.00408794
Chain
	Aln	125	-bc7d0553-3633-4276-b504-9241191f4b90 2 7251 7835 -edge_63_0_+disjointig_27_0_8932 1681 8921 8932 -1 -1 6941 0.00408794
Chain
	Aln	269	+61b5fdc5-fe27-4884-b869-080e6fece482 16 5451 9617 -edge_135_0_+disjointig_98_0_5446 15 5445 5446 -1 -1 5392 0.00205989
Chain
	Aln	268	-61b5fdc5-fe27-4884-b869-080e6fece482 4165 9600 9617 +edge_135_0_+disjointig_98_0_5446 0 5430 5446 -1 -1 5392 0.00205989
Chain
	Aln	272	+f2ca268d-26af-4a2c-a288-d9f5445f7e21 6 4493 7921 +edge_137_1_+disjointig_31_9289_14170 371 4878 4881 -1 -1 4383 0.00320837
Chain
	Aln	273	-f2ca268d-26af-4a2c-a288-d9f5445f7e21 3427 7914 7921 -edge_137_1_+disjointig_31_9289_14170 2 4509 4881 -1 -1 4383 0.00320837
Chain
	Aln	237	+09ed1910-8a48-47b2-aeff-a14ceb5626f2 14 2344 2349 -edge_119_0_+disjointig_82_0_5501 13 2341 5501 -1 -1 2319 0.00374738
Chain
	Aln	236	-09ed1910-8a48-47b2-aeff-a14ceb5626f2 4 2334 2349 +edge_119_0_+disjointig_82_0_5501 3159 5487 5501 -1 -1 2319 0.00374738
Chain
	Aln	230	+eb7262d4-6819-499e-952a-a8bd4fdba45f 339 1716 1725 +edge_116_0_+disjointig_79_0_8406 30 1411 8406 -1 -1 1365 0.000656039
Chain
	Aln	231	-eb7262d4-6819-499e-952a-a8bd4fdba45f 8 1385 1725 -edge_116_0_+disjointig_79_0_8406 6994 8375 8406 -1 -1 1365 0.000656039
Chain
	Aln	230	+0b665bf9-dca2-4ad3-b690-7ade1ec455c0 3 8024 8028 +edge_116_0_+disjointig_79_0_8406 383 8403 8406 -1 -1 8005 0.00104164
Chain
	Aln	231	-0b665bf9-dca2-4ad3-b690-7ade1ec455c0 3 8024 8028 -edge_116_0_+disjointig_79_0_8406 2 8022 8406 -1 -1 8005 0.00104164
Chain
	Aln	213	+5eabc608-2a0a-4d35-922a-37817efa2a1b 25 2280 2295 -edge_107_0_+disjointig_68_0_21130 18859 21116 21130 -1 -1 2236 0.00398676
Chain
	Aln	212	-5eabc608-2a0a-4d35-922a-37817efa2a1b 14 2269 2295 +edge_107_0_+disjointig_68_0_21130 13 2270 21130 -1 -1 2236 0.00398676
Chain
	Aln	84	+7a45d199-bf88-44fd-bf0a-e90995254f94 18 1647 1653 +edge_43_0_+disjointig_13_0_20345 12013 13642 20345 -1 -1 1614 0.00137137
Chain
	Aln	85	-7a45d199-bf88-44fd-bf0a-e90995254f94 5 1634 1653 -edge_43_0_+disjointig_13_0_20345 6702 8331 20345 -1 -1 1614 0.00137137
Chain
	Aln	171	+01341625-e1cd-4dea-8ce9-9d129725964b 7 3768 3771 -edge_86_0_+disjointig_47_0_14689 5197 8958 14689 -1 -1 3712 0.000256798
Chain
	Aln	170	-01341625-e1cd-4dea-8ce9-9d129725964b 2 3763 3771 +edge_86_0_+disjointig_47_0_14689 5730 9491 14689 -1 -1 3712 0.000256798
Chain
	Aln	224	+900e62b3-44fd-4010-aeed-3349c38d189a 7 3344 3535 +edge_113_0_+disjointig_76_0_6105 2757 6094 6105 -1 -1 3325 0
Chain
	Aln	225	-900e62b3-44fd-4010-aeed-3349c38d189a 190 3527 3535 -edge_113_0_+disjointig_76_0_6105 10 3347 6105 -1 -1 3325 0
Chain
	Aln	206	+b8b20b17-e9f6-44d9-8197-7546e13dda10 9 10563 10569 +edge_104_0_+disjointig_64_0_30187 19633 30182 30187 -1 -1 10510 0.000139611
Chain
	Aln	207	-b8b20b17-e9f6-44d9-8197-7546e13dda10 5 10559 10569 -edge_104_0_+disjointig_64_0_30187 4 10553 30187 -1 -1 10510 0.000139611
Chain
	Aln	54	+02be7860-d50e-4e14-955e-6c355f63672a 1449 7756 7763 +edge_28_0_+disjointig_110_0_6328 8 6315 6328 -1 -1 6292 0.00141982
Chain
	Aln	55	-02be7860-d50e-4e14-955e-6c355f63672a 6 6313 7763 -edge_28_0_+disjointig_110_0_6328 12 6319 6328 -1 -1 6292 0.00141982
Chain
	Aln	59	+8dfcdde2-4d7c-4b01-be84-7f3aa6df0619 1154 2620 2628 -edge_30_0_+disjointig_112_0_19243 39 1506 19243 -1 -1 1456 0.00373718
Chain
	Aln	58	-8dfcdde2-4d7c-4b01-be84-7f3aa6df0619 7 1473 2628 +edge_30_0_+disjointig_112_0_19243 17736 19203 19243 -1 -1 1456 0.00373718
Chain
	Aln	57	+b712deb3-0b8e-46cf-bde4-71cda067b166 12 5730 7001 -edge_29_0_+disjointig_111_0_5732 11 5731 5732 -1 -1 5634 0.00264774
Chain
	Aln	56	-b712deb3-0b8e-46cf-bde4-71cda067b166 1270 6988 7001 +edge_29_0_+disjointig_111_0_5732 0 5720 5732 -1 -1 5634 0.00264774
Chain
	Aln	250	+eaa3d7e1-1ad6-49a7-9097-c350266fe893 19 1665 1669 +edge_126_0_+disjointig_9_0_32692 4456 6102 32692 -1 -1 1638 0.00259587
Chain
	Aln	251	-eaa3d7e1-1ad6-49a7-9097-c350266fe893 3 1649 1669 -edge_126_0_+disjointig_9_0_32692 26589 28235 32692 -1 -1 1638 0.00259587
Chain
	Aln	104	+50182679-f572-46e0-ab09-339eb6941be6 26 2999 3010 +edge_53_0_-disjointig_33_3514_20029 13538 16505 16515 -1 -1 2903 0.00142027
Chain
	Aln	105	-50182679-f572-46e0-ab09-339eb6941be6 10 2983 3010 -edge_53_0_-disjointig_33_3514_20029 9 2976 16515 -1 -1 2903 0.00142027
Chain
	Aln	255	+186fffcf-fa98-4654-a4bd-809c572def7a 14 1410 1417 -edge_128_0_+disjointig_91_0_27922 2672 4069 27922 -1 -1 1365 0.00204955
Chain
	Aln	254	-186fffcf-fa98-4654-a4bd-809c572def7a 6 1402 1417 +edge_128_0_+disjointig_91_0_27922 23852 25249 27922 -1 -1 1365 0.00204955
Chain
	Aln	152	+183e39f2-6118-4303-b579-a214138167a9 69 2077 2080 +edge_77_0_+disjointig_41_0_4572 1429 3435 4572 -1 -1 1993 0.000753451
Chain
	Aln	153	-183e39f2-6118-4303-b579-a214138167a9 2 2010 2080 -edge_77_0_+disjointig_41_0_4572 1136 3142 4572 -1 -1 1993 0.000753451
Chain
	Aln	165	+55e05694-ae5f-4968-afee-d18005865066 46 4665 4698 -edge_83_0_+disjointig_43_0_5249 12 4641 5249 -1 -1 4316 0.00733913
Chain
	Aln	164	-55e05694-ae5f-4968-afee-d18005865066 32 4651 4698 +edge_83_0_+disjointig_43_0_5249 607 5236 5249 -1 -1 4316 0.00733913
Chain
	Aln	272	+853d9a6d-fd5e-4434-b425-ed7b8d853b89 5879 7700 7707 +edge_137_2_+disjointig_31_15085_19645 4 1825 4560 -1 -1 1815 0.000300096
Chain
	Aln	273	-853d9a6d-fd5e-4434-b425-ed7b8d853b89 6 1827 7707 -edge_137_2_+disjointig_31_15085_19645 2734 4555 4560 -1 -1 1815 0.000300096
Chain
	Aln	232	+599df724-c180-473b-a94c-d3ec9b276757 1413 3462 3495 +edge_117_0_+disjointig_8_0_4817 5 2057 4817 -1 -1 1617 0.0218537
Chain
	Aln	233	-599df724-c180-473b-a94c-d3ec9b276757 32 2081 3495 -edge_117_0_+disjointig_8_0_4817 2759 4811 4817 -1 -1 1617 0.0218537
Chain
	Aln	216	+66c1a729-e88a-4fd6-9577-2f18e8db8693 21 8616 8622 +edge_109_0_+disjointig_7_0_26833 14382 22977 26833 -1 -1 8361 0.0034457
Chain
	Aln	217	-66c1a729-e88a-4fd6-9577-2f18e8db8693 5 8600 8622 -edge_109_0_+disjointig_7_0_26833 3855 12450 26833 -1 -1 8361 0.0034457
Chain
	Aln	254	+561ed8fd-8796-460b-a588-fbdd2a322053 210 1667 5064 +edge_128_0_+disjointig_91_0_27922 985 2444 27922 -1 -1 1440 0.0017911
Chain
	Aln	255	-561ed8fd-8796-460b-a588-fbdd2a322053 3396 4853 5064 -edge_128_0_+disjointig_91_0_27922 25477 26936 27922 -1 -1 1440 0.0017911
Chain
	Aln	251	+6af0f087-2194-4d97-9301-a252c4c0acde 13 26957 33745 -edge_126_0_+disjointig_9_0_32692 5743 32691 32692 -1 -1 26346 0.00232436
Chain
	Aln	250	-6af0f087-2194-4d97-9301-a252c4c0acde 6787 33731 33745 +edge_126_0_+disjointig_9_0_32692 0 26948 32692 -1 -1 26346 0.00232436
Chain
	Aln	271	+9f422bbc-90aa-47c3-b985-cd24e9e2a2d7 1 6776 6778 -edge_136_0_+disjointig_99_0_14886 8122 14884 14886 -1 -1 6048 0.00788277
Chain
	Aln	270	-9f422bbc-90aa-47c3-b985-cd24e9e2a2d7 1 6776 6778 +edge_136_0_+disjointig_99_0_14886 1 6763 14886 -1 -1 6048 0.00788277
Chain
	Aln	147	+34fdcf0c-6f41-4503-b369-4a08cf8e7376 8 3258 3266 -edge_74_0_+disjointig_39_0_32109 28291 31545 32109 -1 -1 3214 0.00263723
Chain
	Aln	146	-34fdcf0c-6f41-4503-b369-4a08cf8e7376 7 3257 3266 +edge_74_0_+disjointig_39_0_32109 563 3817 32109 -1 -1 3214 0.00263723
Chain
	Aln	79	+fdfdda92-42f2-4612-bf03-4f7a3be0ed32 10 1106 1109 -edge_40_0_+disjointig_121_0_2406 129 1228 2406 -1 -1 1091 0.00076297
Chain
	Aln	78	-fdfdda92-42f2-4612-bf03-4f7a3be0ed32 2 1098 1109 +edge_40_0_+disjointig_121_0_2406 1177 2276 2406 -1 -1 1091 0.00076297
Chain
	Aln	255	+823890ee-d40f-41cf-876b-2979fd56c5f8 6 2363 2365 -edge_128_0_+disjointig_91_0_27922 25544 27920 27922 -1 -1 2185 0.00809428
Chain
	Aln	254	-823890ee-d40f-41cf-876b-2979fd56c5f8 1 2358 2365 +edge_128_0_+disjointig_91_0_27922 1 2377 27922 -1 -1 2185 0.00809428
Chain
	Aln	133	+b2832866-4688-4e96-819c-d0e9b73d0520 24 5845 5848 -edge_67_0_+disjointig_30_0_12994 7175 12991 12994 -1 -1 5691 0.00403385
Chain
	Aln	132	-b2832866-4688-4e96-819c-d0e9b73d0520 2 5823 5848 +edge_67_0_+disjointig_30_0_12994 2 5818 12994 -1 -1 5691 0.00403385
Chain
	Aln	42	+ffff9f0a-95cd-43af-b7b4-4d756aaf4453 9 7763 7775 +edge_22_0_+disjointig_105_0_12583 4808 12572 12583 -1 -1 7600 0.00220605
Chain
	Aln	43	-ffff9f0a-95cd-43af-b7b4-4d756aaf4453 11 7765 7775 -edge_22_0_+disjointig_105_0_12583 10 7774 12583 -1 -1 7600 0.00220605
Chain
	Aln	55	+26020c05-ae2e-4bb8-81a0-fd42f58702d9 15 1246 1248 -edge_28_0_+disjointig_110_0_6328 1478 2709 6328 -1 -1 1121 0.00894736
Chain
	Aln	54	-26020c05-ae2e-4bb8-81a0-fd42f58702d9 1 1232 1248 +edge_28_0_+disjointig_110_0_6328 3618 4849 6328 -1 -1 1121 0.00894736
Chain
	Aln	127	+31f1872b-8556-494a-a89a-88574f369c5a 4 1862 1870 -edge_64_0_+disjointig_28_0_6196 3134 4988 6196 -1 -1 1812 0.000772452
Chain
	Aln	126	-31f1872b-8556-494a-a89a-88574f369c5a 7 1865 1870 +edge_64_0_+disjointig_28_0_6196 1207 3061 6196 -1 -1 1812 0.000772452
Chain
	Aln	61	+e4668b2d-8a8d-4574-b22e-4bbeb53d3156 9 5517 5519 -edge_31_0_+disjointig_113_0_8706 3197 8704 8706 -1 -1 5495 0.000366936
Chain
	Aln	60	-e4668b2d-8a8d-4574-b22e-4bbeb53d3156 1 5509 5519 +edge_31_0_+disjointig_113_0_8706 1 5508 8706 -1 -1 5495 0.000366936
Chain
	Aln	107	+442b317e-712e-47f2-9f4c-0b992a658930 16 6800 6803 -edge_54_0_+disjointig_2_0_9406 15 6795 9406 -1 -1 6700 0.00228484
Chain
	Aln	106	-442b317e-712e-47f2-9f4c-0b992a658930 2 6786 6803 +edge_54_0_+disjointig_2_0_9406 2610 9390 9406 -1 -1 6700 0.00228484
Chain
	Aln	240	+76c5bc98-f70a-4d3b-9c61-28890cd9a166 1 7968 7970 +edge_121_0_+disjointig_84_0_14665 1 7975 14665 -1 -1 7910 0.00177454
Chain
	Aln	241	-76c5bc98-f70a-4d3b-9c61-28890cd9a166 1 7968 7970 -edge_121_0_+disjointig_84_0_14665 6689 14663 14665 -1 -1 7910 0.00177454
Chain
	Aln	75	+a62ea308-121b-4ee3-8299-e8b12bd2cecc 17 6669 6674 -edge_38_0_+disjointig_12_0_9067 16 6676 9067 -1 -1 6421 0.00286107
Chain
	Aln	74	-a62ea308-121b-4ee3-8299-e8b12bd2cecc 4 6656 6674 +edge_38_0_+disjointig_12_0_9067 2390 9050 9067 -1 -1 6421 0.00286107
Chain
	Aln	4	+2046f8df-a540-456e-9f8e-834299607cd5 621 5558 5568 +edge_3_0_+disjointig_100_0_4936 10 4927 4936 -1 -1 4880 0.000429997
Chain
	Aln	5	-2046f8df-a540-456e-9f8e-834299607cd5 9 4946 5568 -edge_3_0_+disjointig_100_0_4936 8 4925 4936 -1 -1 4880 0.000429997
Chain
	Aln	229	+58984378-48e3-4df0-9c22-f90e6605af29 17 2459 2483 -edge_115_0_+disjointig_78_0_2475 16 2453 2475 -1 -1 2370 0.0041849
Chain
	Aln	228	-58984378-48e3-4df0-9c22-f90e6605af29 23 2465 2483 +edge_115_0_+disjointig_78_0_2475 21 2458 2475 -1 -1 2370 0.0041849
Chain
	Aln	177	+80263ae1-caf7-4688-82e9-41861b87d0cf 14 5516 5518 -edge_89_0_+disjointig_5_0_5517 13 5515 5517 -1 -1 5492 0
Chain
	Aln	176	-80263ae1-caf7-4688-82e9-41861b87d0cf 1 5503 5518 +edge_89_0_+disjointig_5_0_5517 1 5503 5517 -1 -1 5492 0
Chain
	Aln	176	+81703008-562d-4182-8e7e-dbd1c3ecb624 21 5515 5524 +edge_89_0_+disjointig_5_0_5517 1 5492 5517 -1 -1 5433 0
Chain
	Aln	177	-81703008-562d-4182-8e7e-dbd1c3ecb624 8 5502 5524 -edge_89_0_+disjointig_5_0_5517 24 5515 5517 -1 -1 5433 0
Chain
	Aln	215	+545bd41f-6669-491d-85fb-022e7bedcaff 17 9441 11494 -edge_108_0_+disjointig_69_0_9439 16 9438 9439 -1 -1 9333 0.000807855
Chain
	Aln	214	-545bd41f-6669-491d-85fb-022e7bedcaff 2052 11476 11494 +edge_108_0_+disjointig_69_0_9439 0 9422 9439 -1 -1 9333 0.000807855
Chain
	Aln	127	+fb6f91ab-2a7c-41fe-b5e2-3a6a1e9d071f 12 6195 21749 -edge_64_0_+disjointig_28_0_6196 11 6195 6196 -1 -1 6141 0.00110922
Chain
	Aln	126	-fb6f91ab-2a7c-41fe-b5e2-3a6a1e9d071f 15553 21736 21749 +edge_64_0_+disjointig_28_0_6196 0 6184 6196 -1 -1 6141 0.00110922
Chain
	Aln	137	+b1748d9e-003d-41a9-ba67-e771a289cf7b 26 2867 2869 -edge_69_0_+disjointig_34_0_28084 25244 28082 28084 -1 -1 2819 0.00184245
Chain
	Aln	136	-b1748d9e-003d-41a9-ba67-e771a289cf7b 1 2842 2869 +edge_69_0_+disjointig_34_0_28084 1 2839 28084 -1 -1 2819 0.00184245
Chain
	Aln	62	+7771525e-7fc3-4749-91f1-743f932b6466 1 7534 7539 +edge_32_0_+disjointig_114_0_19867 1 7531 19867 -1 -1 7472 0.000472661
Chain
	Aln	63	-7771525e-7fc3-4749-91f1-743f932b6466 4 7537 7539 -edge_32_0_+disjointig_114_0_19867 12335 19865 19867 -1 -1 7472 0.000472661
Chain
	Aln	51	+e9ca8345-c050-4956-9a75-fd487424420b 17 4538 4541 -edge_26_0_+disjointig_109_0_6911 2382 6908 6911 -1 -1 4501 0.00129487
Chain
	Aln	50	-e9ca8345-c050-4956-9a75-fd487424420b 2 4523 4541 +edge_26_0_+disjointig_109_0_6911 2 4528 6911 -1 -1 4501 0.00129487
Chain
	Aln	63	+a857130f-cde0-43ab-accc-89363c6fd4f3 14 12029 12036 -edge_32_0_+disjointig_114_0_19867 13 12040 19867 -1 -1 10850 0.0103712
Chain
	Aln	62	-a857130f-cde0-43ab-accc-89363c6fd4f3 6 12021 12036 +edge_32_0_+disjointig_114_0_19867 7826 19853 19867 -1 -1 10850 0.0103712
Chain
	Aln	273	+d835f78c-4224-464f-a12d-c8c867553a7a 8 2427 2431 -edge_137_2_+disjointig_31_15085_19645 1893 4305 4560 -1 -1 2316 0.00684825
Chain
	Aln	272	-d835f78c-4224-464f-a12d-c8c867553a7a 3 2422 2431 +edge_137_2_+disjointig_31_15085_19645 254 2666 4560 -1 -1 2316 0.00684825
Chain
	Aln	58	+dde65179-7e02-4847-975a-5bd466218c52 9 1635 1637 +edge_30_0_+disjointig_112_0_19243 2458 4084 19243 -1 -1 1610 0.000253928
Chain
	Aln	59	-dde65179-7e02-4847-975a-5bd466218c52 1 1627 1637 -edge_30_0_+disjointig_112_0_19243 15158 16784 19243 -1 -1 1610 0.000253928
Chain
	Aln	260	+a3b87921-8a63-47f6-862c-e071f590da8a 12 1860 1862 +edge_131_0_+disjointig_94_0_13121 6569 8417 13121 -1 -1 1836 0.00409849
Chain
	Aln	261	-a3b87921-8a63-47f6-862c-e071f590da8a 1 1849 1862 -edge_131_0_+disjointig_94_0_13121 4703 6551 13121 -1 -1 1836 0.00409849
Chain
	Aln	110	+0c69cb40-b5c6-4dd6-9d55-b9187bc7c795 712 5142 5152 +edge_56_0_+disjointig_21_0_4435 2 4426 4435 -1 -1 4343 0.00357705
Chain
	Aln	111	-0c69cb40-b5c6-4dd6-9d55-b9187bc7c795 9 4439 5152 -edge_56_0_+disjointig_21_0_4435 8 4432 4435 -1 -1 4343 0.00357705
Chain
	Aln	58	+15c56d3f-6ed6-4d02-b32f-fe2832d1e2af 9 14115 14119 +edge_30_0_+disjointig_112_0_19243 5153 19240 19243 -1 -1 13588 0.00317427
Chain
	Aln	59	-15c56d3f-6ed6-4d02-b32f-fe2832d1e2af 3 14109 14119 -edge_30_0_+disjointig_112_0_19243 2 14089 19243 -1 -1 13588 0.00317427
Chain
	Aln	211	+14de31c1-cb5b-48da-8a47-2d0318dcc037 6 4586 4590 -edge_106_0_+disjointig_67_0_5383 798 5379 5383 -1 -1 4402 0.00454708
Chain
	Aln	210	-14de31c1-cb5b-48da-8a47-2d0318dcc037 3 4583 4590 +edge_106_0_+disjointig_67_0_5383 3 4584 5383 -1 -1 4402 0.00454708
Chain
	Aln	94	+6a5a1e96-de7a-4a03-ae8f-4765d207c73a 4 12737 12746 +edge_48_0_+disjointig_18_0_17839 3412 16148 17839 -1 -1 12660 0
Chain
	Aln	95	-6a5a1e96-de7a-4a03-ae8f-4765d207c73a 8 12741 12746 -edge_48_0_+disjointig_18_0_17839 1690 14426 17839 -1 -1 12660 0
Chain
	Aln	69	+eeb725f7-9e79-47e9-9b81-d487564bf2b8 12 8112 8120 -edge_35_0_+disjointig_117_0_11933 11 8092 11933 -1 -1 7925 0.0026131
Chain
	Aln	68	-eeb725f7-9e79-47e9-9b81-d487564bf2b8 7 8107 8120 +edge_35_0_+disjointig_117_0_11933 3840 11921 11933 -1 -1 7925 0.0026131
Chain
	Aln	44	+75f21439-a073-4c19-9154-e274f67aaf15 1 4906 5082 +edge_23_0_+disjointig_106_0_4914 1 4903 4914 -1 -1 4896 4.74752e-05
Chain
	Aln	45	-75f21439-a073-4c19-9154-e274f67aaf15 175 5080 5082 -edge_23_0_+disjointig_106_0_4914 10 4912 4914 -1 -1 4896 4.74752e-05
Chain
	Aln	105	+704c3942-d9c4-43d4-b884-ca0465e0b35d 1005 3673 3891 -edge_53_0_-disjointig_33_3514_20029 12715 15384 16515 -1 -1 2621 0.00281838
Chain
	Aln	104	-704c3942-d9c4-43d4-b884-ca0465e0b35d 217 2885 3891 +edge_53_0_-disjointig_33_3514_20029 1130 3799 16515 -1 -1 2621 0.00281838
Chain
	Aln	147	+dee134db-7159-4a91-b45e-74af5521a192 25 4477 4483 -edge_74_0_+disjointig_39_0_32109 27642 32103 32109 -1 -1 4354 0.00222662
Chain
	Aln	146	-dee134db-7159-4a91-b45e-74af5521a192 5 4457 4483 +edge_74_0_+disjointig_39_0_32109 5 4466 32109 -1 -1 4354 0.00222662
Chain
	Aln	55	+71a70212-862d-4aa6-8ade-e20c507a30ec 13 6316 6325 -edge_28_0_+disjointig_110_0_6328 12 6319 6328 -1 -1 6202 0.0025889
Chain
	Aln	54	-71a70212-862d-4aa6-8ade-e20c507a30ec 8 6311 6325 +edge_28_0_+disjointig_110_0_6328 8 6315 6328 -1 -1 6202 0.0025889
Chain
	Aln	145	+7b3e50d4-0893-4b48-a475-3e7e6a01ee26 26 1765 1776 -edge_73_0_+disjointig_38_0_17471 15544 17282 17471 -1 -1 1737 0
Chain
	Aln	144	-7b3e50d4-0893-4b48-a475-3e7e6a01ee26 10 1749 1776 +edge_73_0_+disjointig_38_0_17471 188 1926 17471 -1 -1 1737 0
Chain
	Aln	87	+1f4e5398-5506-47d7-a410-bddbda76406b 4 2633 2637 -edge_44_0_+disjointig_14_0_4651 2005 4647 4651 -1 -1 2502 0.00549274
Chain
	Aln	86	-1f4e5398-5506-47d7-a410-bddbda76406b 3 2632 2637 +edge_44_0_+disjointig_14_0_4651 3 2645 4651 -1 -1 2502 0.00549274
Chain
	Aln	143	+1e8b432d-1062-492f-9865-83ec606cd9cc 8 4533 5199 -edge_72_0_+disjointig_37_0_4763 235 4762 4763 -1 -1 4338 0.00324155
Chain
	Aln	142	-1e8b432d-1062-492f-9865-83ec606cd9cc 665 5190 5199 +edge_72_0_+disjointig_37_0_4763 0 4527 4763 -1 -1 4338 0.00324155
Chain
	Aln	271	+52e71641-3c57-4463-b182-839df222b1f1 26 3161 3173 -edge_136_0_+disjointig_99_0_14886 6693 9833 14886 -1 -1 3069 0.001484
Chain
	Aln	270	-52e71641-3c57-4463-b182-839df222b1f1 11 3146 3173 +edge_136_0_+disjointig_99_0_14886 5052 8192 14886 -1 -1 3069 0.001484
Chain
	Aln	139	+01ee50cc-dcfa-4b5b-899c-c1c7a54f6488 10 4931 4933 -edge_70_0_+disjointig_35_0_9440 4520 9438 9440 -1 -1 4862 0.00225606
Chain
	Aln	138	-01ee50cc-dcfa-4b5b-899c-c1c7a54f6488 1 4922 4933 +edge_70_0_+disjointig_35_0_9440 1 4919 9440 -1 -1 4862 0.00225606
Chain
	Aln	89	+84a2c2d7-34ba-4628-a17d-7774cb35a24d 32 1750 1792 -edge_45_0_+disjointig_15_0_4480 66 1793 4480 -1 -1 1573 0.0108023
Chain
	Aln	88	-84a2c2d7-34ba-4628-a17d-7774cb35a24d 41 1759 1792 +edge_45_0_+disjointig_15_0_4480 2686 4413 4480 -1 -1 1573 0.0108023
Chain
	Aln	67	+6e5d5cff-3282-4f6e-87de-6c3863700156 4 3912 3916 -edge_34_0_+disjointig_116_0_7572 3 3928 7572 -1 -1 3713 0.00533119
Chain
	Aln	66	-6e5d5cff-3282-4f6e-87de-6c3863700156 3 3911 3916 +edge_34_0_+disjointig_116_0_7572 3643 7568 7572 -1 -1 3713 0.00533119
Chain
	Aln	216	+f6dc9879-316e-43e3-acb7-79de21947fa5 21 13967 13975 +edge_109_0_+disjointig_7_0_26833 4772 18727 26833 -1 -1 13822 0.00124673
Chain
	Aln	217	-f6dc9879-316e-43e3-acb7-79de21947fa5 7 13953 13975 -edge_109_0_+disjointig_7_0_26833 8105 22060 26833 -1 -1 13822 0.00124673
Chain
	Aln	90	+87738356-9885-41f0-bca5-f62e3f21b7f7 24 2638 2915 +edge_46_0_+disjointig_16_0_3319 694 3308 3319 -1 -1 2550 0.00288076
Chain
	Aln	91	-87738356-9885-41f0-bca5-f62e3f21b7f7 276 2890 2915 -edge_46_0_+disjointig_16_0_3319 10 2624 3319 -1 -1 2550 0.00288076
Chain
	Aln	217	+06f3d242-89ae-4e0d-bd58-097e4f6dd03c 11 13921 13941 -edge_109_0_+disjointig_7_0_26833 8090 22045 26833 -1 -1 13728 0.0018904
Chain
	Aln	216	-06f3d242-89ae-4e0d-bd58-097e4f6dd03c 19 13929 13941 +edge_109_0_+disjointig_7_0_26833 4787 18742 26833 -1 -1 13728 0.0018904
Chain
	Aln	109	+3063938b-b2e5-46a7-9839-eadfa97b3cff 17 2469 2471 -edge_55_0_+disjointig_20_0_7183 4728 7181 7183 -1 -1 2423 0.0016675
Chain
	Aln	108	-3063938b-b2e5-46a7-9839-eadfa97b3cff 1 2453 2471 +edge_55_0_+disjointig_20_0_7183 1 2454 7183 -1 -1 2423 0.0016675
Chain
	Aln	255	+76e2aea8-34ea-4a6e-93f4-4571e054e244 17 1913 1949 -edge_128_0_+disjointig_91_0_27922 813 2713 27922 -1 -1 1807 0.00764086
Chain
	Aln	254	-76e2aea8-34ea-4a6e-93f4-4571e054e244 35 1931 1949 +edge_128_0_+disjointig_91_0_27922 25208 27108 27922 -1 -1 1807 0.00764086
Chain
	Aln	130	+688954fb-5c96-4544-b752-820e1163b7ad 25 1132 1134 +edge_66_0_+disjointig_3_0_5827 2002 3096 5827 -1 -1 940 0.0112611
Chain
	Aln	131	-688954fb-5c96-4544-b752-820e1163b7ad 1 1108 1134 -edge_66_0_+disjointig_3_0_5827 2730 3824 5827 -1 -1 940 0.0112611
Chain
	Aln	275	+005e2800-614e-4725-9236-2c59f1c9a018 8 2467 2519 -edge_138_0_+disjointig_24_5721_14478 5593 8073 8757 -1 -1 2377 0.00354698
Chain
	Aln	274	-005e2800-614e-4725-9236-2c59f1c9a018 51 2510 2519 +edge_138_0_+disjointig_24_5721_14478 683 3163 8757 -1 -1 2377 0.00354698
Chain
	Aln	229	+dc89babe-1592-4b85-84a2-a4e1fba0a7c9 80 2048 2055 -edge_115_0_+disjointig_78_0_2475 221 2189 2475 -1 -1 1947 0.000891771
Chain
	Aln	228	-dc89babe-1592-4b85-84a2-a4e1fba0a7c9 6 1974 2055 +edge_115_0_+disjointig_78_0_2475 285 2253 2475 -1 -1 1947 0.000891771
Chain
	Aln	50	+7897952d-822c-4171-a23a-04022206a233 10 1355 1360 +edge_26_0_+disjointig_109_0_6911 389 1735 6911 -1 -1 1338 0.00156707
Chain
	Aln	51	-7897952d-822c-4171-a23a-04022206a233 4 1349 1360 -edge_26_0_+disjointig_109_0_6911 5175 6521 6911 -1 -1 1338 0.00156707
Chain
	Aln	185	+837b223b-6389-4d20-97a4-ecee477da310 19 3906 3916 -edge_93_0_+disjointig_53_0_13071 18 3901 13071 -1 -1 3799 0.00202245
Chain
	Aln	184	-837b223b-6389-4d20-97a4-ecee477da310 9 3896 3916 +edge_93_0_+disjointig_53_0_13071 9169 13052 13071 -1 -1 3799 0.00202245
Chain
	Aln	273	+1771cb90-cfcc-4180-b301-f6ce6e173229 3 3994 4257 -edge_137_2_+disjointig_31_15085_19645 569 4559 4560 -1 -1 3882 0.00297494
Chain
	Aln	272	-1771cb90-cfcc-4180-b301-f6ce6e173229 262 4253 4257 +edge_137_2_+disjointig_31_15085_19645 0 3990 4560 -1 -1 3882 0.00297494
Chain
	Aln	191	+6ecebd99-c1f8-4302-ada4-a7d450347c88 5 1550 2585 -edge_96_0_+disjointig_56_0_4374 1836 3381 4374 -1 -1 1545 0
Chain
	Aln	190	-6ecebd99-c1f8-4302-ada4-a7d450347c88 1034 2579 2585 +edge_96_0_+disjointig_56_0_4374 992 2537 4374 -1 -1 1545 0
Chain
	Aln	43	+13145af0-c936-41ff-a913-2064123e7559 5 3016 3026 -edge_22_0_+disjointig_105_0_12583 9562 12573 12583 -1 -1 2979 0
Chain
	Aln	42	-13145af0-c936-41ff-a913-2064123e7559 9 3020 3026 +edge_22_0_+disjointig_105_0_12583 9 3020 12583 -1 -1 2979 0
Chain
	Aln	0	+84fe5231-c58c-4dff-8202-090971f6540f 2932 8180 11202 +edge_1_0_+disjointig_1_0_5311 32 5305 5311 -1 -1 2924 0.0506168
Chain
	Aln	1	-84fe5231-c58c-4dff-8202-090971f6540f 3021 8269 11202 -edge_1_0_+disjointig_1_0_5311 5 5278 5311 -1 -1 2924 0.0506168
Chain
	Aln	145	+377b97d0-0506-4b00-8a45-1708a2118a3d 14 2344 2352 -edge_73_0_+disjointig_38_0_17471 13 2340 17471 -1 -1 2288 0.00271923
Chain
	Aln	144	-377b97d0-0506-4b00-8a45-1708a2118a3d 7 2337 2352 +edge_73_0_+disjointig_38_0_17471 15130 17457 17471 -1 -1 2288 0.00271923
Chain
	Aln	250	+4338ce29-36fb-4d1a-8e94-d6889acaffd5 6 1774 1779 +edge_126_0_+disjointig_9_0_32692 3555 5325 32692 -1 -1 1741 0.00327796
Chain
	Aln	251	-4338ce29-36fb-4d1a-8e94-d6889acaffd5 4 1772 1779 -edge_126_0_+disjointig_9_0_32692 27366 29136 32692 -1 -1 1741 0.00327796
Chain
	Aln	134	+6eb40e2b-c9c0-4776-ab92-7aa763914a9b 14 7289 7294 +edge_68_0_+disjointig_32_0_16153 8879 16149 16153 -1 -1 7188 0.00153812
Chain
	Aln	135	-6eb40e2b-c9c0-4776-ab92-7aa763914a9b 4 7279 7294 -edge_68_0_+disjointig_32_0_16153 3 7273 16153 -1 -1 7188 0.00153812
Chain
	Aln	232	+a08ebfa0-d45c-48ec-ab06-cd3a607576ff 5 3882 3891 +edge_117_0_+disjointig_8_0_4817 5 3872 4817 -1 -1 3806 0.00460739
Chain
	Aln	233	-a08ebfa0-d45c-48ec-ab06-cd3a607576ff 8 3885 3891 -edge_117_0_+disjointig_8_0_4817 944 4811 4817 -1 -1 3806 0.00460739
Chain
	Aln	42	+7bfd23e7-6c2d-46ff-99fe-ccbe9ec1c3e2 10 8675 8898 +edge_22_0_+disjointig_105_0_12583 3031 11690 12583 -1 -1 8348 0.00316842
Chain
	Aln	43	-7bfd23e7-6c2d-46ff-99fe-ccbe9ec1c3e2 222 8887 8898 -edge_22_0_+disjointig_105_0_12583 892 9551 12583 -1 -1 8348 0.00316842
Chain
	Aln	213	+accb3c8a-5b88-4069-aa1b-cc9aefdd6824 9 1021 1023 -edge_107_0_+disjointig_68_0_21130 1413 2427 21130 -1 -1 1005 4.35724e-05
Chain
	Aln	212	-accb3c8a-5b88-4069-aa1b-cc9aefdd6824 1 1013 1023 +edge_107_0_+disjointig_68_0_21130 18702 19716 21130 -1 -1 1005 4.35724e-05
Chain
	Aln	147	+59db787e-7809-4227-96cb-d3cd41a65831 9 1155 1161 -edge_74_0_+disjointig_39_0_32109 21351 22503 32109 -1 -1 1119 0.00723043
Chain
	Aln	146	-59db787e-7809-4227-96cb-d3cd41a65831 5 1151 1161 +edge_74_0_+disjointig_39_0_32109 9605 10757 32109 -1 -1 1119 0.00723043
Chain
	Aln	273	+16067ef5-6ff7-45c2-a4a5-0928afa05e55 40 1048 1133 -edge_137_0_+disjointig_101_3150_7988 184 1192 4838 -1 -1 910 0.0117121
Chain
	Aln	272	-16067ef5-6ff7-45c2-a4a5-0928afa05e55 84 1092 1133 +edge_137_0_+disjointig_101_3150_7988 3645 4653 4838 -1 -1 910 0.0117121
Chain
	Aln	72	+c72f7666-f5e7-4956-a290-cfb955350411 6 1047 1049 +edge_37_0_+disjointig_119_0_5524 732 1772 5524 -1 -1 1040 0
Chain
	Aln	73	-c72f7666-f5e7-4956-a290-cfb955350411 1 1042 1049 -edge_37_0_+disjointig_119_0_5524 3751 4791 5524 -1 -1 1040 0
Chain
	Aln	264	+0955fa0e-1ba9-4871-b1c0-6046baac3e2d 8536 13668 13678 +edge_133_0_+disjointig_96_0_5149 9 5140 5149 -1 -1 5116 0.000503344
Chain
	Aln	265	-0955fa0e-1ba9-4871-b1c0-6046baac3e2d 9 5141 13678 -edge_133_0_+disjointig_96_0_5149 8 5139 5149 -1 -1 5116 0.000503344
Chain
	Aln	77	+841304ba-099b-4f87-9587-e530abceb643 16 2986 2989 -edge_39_0_+disjointig_120_0_5119 2149 5116 5119 -1 -1 2879 0.00226068
Chain
	Aln	76	-841304ba-099b-4f87-9587-e530abceb643 2 2972 2989 +edge_39_0_+disjointig_120_0_5119 2 2969 5119 -1 -1 2879 0.00226068
Chain
	Aln	225	+54015273-02da-44bd-a961-5ade42ac24ad 10 1038 1057 -edge_113_0_+disjointig_76_0_6105 3571 4599 6105 -1 -1 1028 0
Chain
	Aln	224	-54015273-02da-44bd-a961-5ade42ac24ad 18 1046 1057 +edge_113_0_+disjointig_76_0_6105 1505 2533 6105 -1 -1 1028 0
Chain
	Aln	140	+4f2edb91-87c2-4e11-a84f-c717d94c4eae 3 8461 8484 +edge_71_0_+disjointig_36_0_8793 3 8458 8793 -1 -1 8346 0.00158852
Chain
	Aln	141	-4f2edb91-87c2-4e11-a84f-c717d94c4eae 22 8480 8484 -edge_71_0_+disjointig_36_0_8793 334 8789 8793 -1 -1 8346 0.00158852
Chain
	Aln	206	+db3187ef-a1a0-437f-a587-c0e3f63b5552 7 1868 1875 +edge_104_0_+disjointig_64_0_30187 7665 9525 30187 -1 -1 1817 0.00526742
Chain
	Aln	207	-db3187ef-a1a0-437f-a587-c0e3f63b5552 6 1867 1875 -edge_104_0_+disjointig_64_0_30187 20661 22521 30187 -1 -1 1817 0.00526742
Chain
	Aln	110	+47798940-7cd2-4bd4-a439-9e3ceb38d295 10 1091 2493 +edge_56_0_+disjointig_21_0_4435 3345 4426 4435 -1 -1 1081 0.00130381
Chain
	Aln	111	-47798940-7cd2-4bd4-a439-9e3ceb38d295 1401 2482 2493 -edge_56_0_+disjointig_21_0_4435 8 1089 4435 -1 -1 1081 0.00130381
Chain
	Aln	172	+4b0035ec-4b0b-48c3-b161-5b0565dca5ee 539 2775 3539 +edge_87_0_+disjointig_48_0_2248 4 2240 2248 -1 -1 2236 0.000296894
Chain
	Aln	173	-4b0035ec-4b0b-48c3-b161-5b0565dca5ee 763 2999 3539 -edge_87_0_+disjointig_48_0_2248 7 2243 2248 -1 -1 2236 0.000296894
Chain
	Aln	211	+a21b4ebf-f689-4b45-9a00-bc1e1b42ffac 18 2761 2765 -edge_106_0_+disjointig_67_0_5383 17 2758 5383 -1 -1 2727 0.0025476
Chain
	Aln	210	-a21b4ebf-f689-4b45-9a00-bc1e1b42ffac 3 2746 2765 +edge_106_0_+disjointig_67_0_5383 2624 5365 5383 -1 -1 2727 0.0025476
Chain
	Aln	216	+2584ecb2-1ce0-4dab-9996-9634d4c8af0e 11 2888 3520 +edge_109_0_+disjointig_7_0_26833 23949 26825 26833 -1 -1 2862 0.00118806
Chain
	Aln	217	-2584ecb2-1ce0-4dab-9996-9634d4c8af0e 631 3508 3520 -edge_109_0_+disjointig_7_0_26833 7 2883 26833 -1 -1 2862 0.00118806
Chain
	Aln	233	+c9493e8f-2774-4604-ac91-d2ed7a7d702b 13 2326 2330 -edge_117_0_+disjointig_8_0_4817 12 2322 4817 -1 -1 2270 0.00421244
Chain
	Aln	232	-c9493e8f-2774-4604-ac91-d2ed7a7d702b 3 2316 2330 +edge_117_0_+disjointig_8_0_4817 2494 4804 4817 -1 -1 2270 0.00421244
Chain
	Aln	215	+f7aeda28-9a9e-44ff-b7b0-49f1a858e89a 11 1382 1387 -edge_108_0_+disjointig_69_0_9439 589 1960 9439 -1 -1 1371 0
Chain
	Aln	214	-f7aeda28-9a9e-44ff-b7b0-49f1a858e89a 4 1375 1387 +edge_108_0_+disjointig_69_0_9439 7478 8849 9439 -1 -1 1371 0
Chain
	Aln	273	+2ec5c0d4-d3ec-4e4f-aef9-7be3b0556cb3 25 1942 1944 -edge_137_3_+disjointig_74_2600_7640 2458 4376 5040 -1 -1 1896 0.00228976
Chain
	Aln	272	-2ec5c0d4-d3ec-4e4f-aef9-7be3b0556cb3 1 1918 1944 +edge_137_3_+disjointig_74_2600_7640 663 2581 5040 -1 -1 1896 0.00228976
Chain
	Aln	58	+4bb17dad-6a3f-4364-94c3-f2f73000bf27 1 10606 10753 +edge_30_0_+disjointig_112_0_19243 1 10588 19243 -1 -1 10383 0.00245771
Chain
	Aln	59	-4bb17dad-6a3f-4364-94c3-f2f73000bf27 146 10751 10753 -edge_30_0_+disjointig_112_0_19243 8654 19241 19243 -1 -1 10383 0.00245771
Chain
	Aln	260	+27de8206-d1ab-4d57-8a6f-6dad8a76f6db 6930 14854 14856 +edge_131_0_+disjointig_94_0_13121 1 7911 13121 -1 -1 7643 0.00370996
Chain
	Aln	261	-27de8206-d1ab-4d57-8a6f-6dad8a76f6db 1 7925 14856 -edge_131_0_+disjointig_94_0_13121 5209 13119 13121 -1 -1 7643 0.00370996
Chain
	Aln	205	+a34b198c-fe91-4ab1-8ab7-63252f4e846a 10 2781 2785 -edge_103_0_+disjointig_63_0_7245 4470 7241 7245 -1 -1 2738 0.00156332
Chain
	Aln	204	-a34b198c-fe91-4ab1-8ab7-63252f4e846a 3 2774 2785 +edge_103_0_+disjointig_63_0_7245 3 2774 7245 -1 -1 2738 0.00156332
Chain
	Aln	212	+1cbc5024-d777-4c47-896e-4e4223549f51 4 2537 2543 +edge_107_0_+disjointig_68_0_21130 3399 5933 21130 -1 -1 2502 0.00131324
Chain
	Aln	213	-1cbc5024-d777-4c47-896e-4e4223549f51 5 2538 2543 -edge_107_0_+disjointig_68_0_21130 15196 17730 21130 -1 -1 2502 0.00131324
Chain
	Aln	246	+ac17028a-e091-48d4-b88d-abca211bae85 3 1322 1328 +edge_124_0_+disjointig_88_0_14963 4603 5923 14963 -1 -1 1293 0.00268726
Chain
	Aln	247	-ac17028a-e091-48d4-b88d-abca211bae85 5 1324 1328 -edge_124_0_+disjointig_88_0_14963 9039 10359 14963 -1 -1 1293 0.00268726
Chain
	Aln	29	+d6658fbc-d14d-4eb7-afed-c70d0c4a67ce 13 2138 2368 -edge_15_0_+disjointig_45_4656_6793 12 2136 2137 -1 -1 2048 0.00199805
Chain
	Aln	28	-d6658fbc-d14d-4eb7-afed-c70d0c4a67ce 229 2354 2368 +edge_15_0_+disjointig_45_4656_6793 0 2124 2137 -1 -1 2048 0.00199805
Chain
	Aln	275	+6d1571a8-5028-4c12-9ba0-af117b268e15 7 1807 1810 -edge_138_0_+disjointig_24_5721_14478 4080 5881 8757 -1 -1 1789 0
Chain
	Aln	274	-6d1571a8-5028-4c12-9ba0-af117b268e15 2 1802 1810 +edge_138_0_+disjointig_24_5721_14478 2875 4676 8757 -1 -1 1789 0
Chain
	Aln	220	+ffda2497-1a89-4fb8-8f7d-0dcc2e53a4c3 19 2164 2166 +edge_111_0_+disjointig_71_0_23292 18870 21018 23292 -1 -1 2135 0.00310633
Chain
	Aln	221	-ffda2497-1a89-4fb8-8f7d-0dcc2e53a4c3 1 2146 2166 -edge_111_0_+disjointig_71_0_23292 2273 4421 23292 -1 -1 2135 0.00310633
Chain
	Aln	221	+f27ae8b8-66dd-4c23-b515-d6182c8c80cf 10 2167 2169 -edge_111_0_+disjointig_71_0_23292 2262 4421 23292 -1 -1 2111 0.00436852
Chain
	Aln	220	-f27ae8b8-66dd-4c23-b515-d6182c8c80cf 1 2158 2169 +edge_111_0_+disjointig_71_0_23292 18870 21029 23292 -1 -1 2111 0.00436852
Chain
	Aln	215	+5c4102ae-515b-4884-8f1f-1a60644635e8 14 3167 3171 -edge_108_0_+disjointig_69_0_9439 6265 9435 9439 -1 -1 2953 0.00758638
Chain
	Aln	214	-5c4102ae-515b-4884-8f1f-1a60644635e8 3 3156 3171 +edge_108_0_+disjointig_69_0_9439 3 3173 9439 -1 -1 2953 0.00758638
Chain
	Aln	1	+177cabbb-b30f-487b-a062-a795d99d15d0 13 5305 5307 -edge_1_0_+disjointig_1_0_5311 12 5309 5311 -1 -1 5215 0.000300641
Chain
	Aln	0	-177cabbb-b30f-487b-a062-a795d99d15d0 1 5293 5307 +edge_1_0_+disjointig_1_0_5311 1 5298 5311 -1 -1 5215 0.000300641
Chain
	Aln	210	+5ce4127f-83d9-4b58-b034-b4e27fd1a85b 87 1174 1181 +edge_106_0_+disjointig_67_0_5383 2712 3802 5383 -1 -1 1036 0.00657656
Chain
	Aln	211	-5ce4127f-83d9-4b58-b034-b4e27fd1a85b 6 1093 1181 -edge_106_0_+disjointig_67_0_5383 1580 2670 5383 -1 -1 1036 0.00657656
Chain
	Aln	275	+3e98104f-76cb-4c33-ac09-cfc8a9a784dc 0 2708 4993 -edge_138_0_+disjointig_24_5721_14478 6043 8756 8757 -1 -1 2575 0.00545916
	Aln	275	+3e98104f-76cb-4c33-ac09-cfc8a9a784dc 2721 4986 4993 -edge_138_0_+disjointig_24_5721_14478 12 2267 8757 -1 -1 2118 0.00966332
Chain
	Aln	274	-3e98104f-76cb-4c33-ac09-cfc8a9a784dc 6 2271 4993 +edge_138_0_+disjointig_24_5721_14478 6489 8744 8757 -1 -1 2118 0.00966332
	Aln	274	-3e98104f-76cb-4c33-ac09-cfc8a9a784dc 2284 4992 4993 +edge_138_0_+disjointig_24_5721_14478 0 2713 8757 -1 -1 2575 0.00545916
Chain
	Aln	147	+1bc43853-c6fd-427b-9512-ce1b166e06dc 26 1617 1623 -edge_74_0_+disjointig_39_0_32109 16685 18277 32109 -1 -1 1557 0.00402015
Chain
	Aln	146	-1bc43853-c6fd-427b-9512-ce1b166e06dc 5 1596 1623 +edge_74_0_+disjointig_39_0_32109 13831 15423 32109 -1 -1 1557 0.00402015
Chain
	Aln	2	+3eeae9bd-5908-43f1-b5d5-cb9eb0c2bf7e 11 2310 2314 +edge_2_0_+disjointig_10_0_7373 1182 3481 7373 -1 -1 2292 0
Chain
	Aln	3	-3eeae9bd-5908-43f1-b5d5-cb9eb0c2bf7e 3 2302 2314 -edge_2_0_+disjointig_10_0_7373 3891 6190 7373 -1 -1 2292 0
Chain
	Aln	73	+d0b414a2-65d8-4a26-922f-a2c64f79e844 8 2241 2245 -edge_37_0_+disjointig_119_0_5524 3288 5520 5524 -1 -1 2195 0.00109809
Chain
	Aln	72	-d0b414a2-65d8-4a26-922f-a2c64f79e844 3 2236 2245 +edge_37_0_+disjointig_119_0_5524 3 2235 5524 -1 -1 2195 0.00109809
Chain
	Aln	71	+4fa11cf8-776e-4d58-809d-df3b57a23c13 13 5624 5627 -edge_36_0_+disjointig_118_0_10635 5021 10632 10635 -1 -1 5535 5.33675e-05
Chain
	Aln	70	-4fa11cf8-776e-4d58-809d-df3b57a23c13 2 5613 5627 +edge_36_0_+disjointig_118_0_10635 2 5613 10635 -1 -1 5535 5.33675e-05
Chain
	Aln	275	+4d839640-187e-4589-9f63-55b5f88af517 13 3435 3438 -edge_138_0_+disjointig_24_5721_14478 2356 5780 8757 -1 -1 3369 0
Chain
	Aln	274	-4d839640-187e-4589-9f63-55b5f88af517 2 3424 3438 +edge_138_0_+disjointig_24_5721_14478 2976 6400 8757 -1 -1 3369 0
Chain
	Aln	246	+5cb2ef48-d6bc-4729-b451-e50190ed52a0 11 1931 1940 +edge_124_0_+disjointig_88_0_14963 10387 12305 14963 -1 -1 1860 0.00288022
Chain
	Aln	247	-5cb2ef48-d6bc-4729-b451-e50190ed52a0 8 1928 1940 -edge_124_0_+disjointig_88_0_14963 2657 4575 14963 -1 -1 1860 0.00288022
Chain
	Aln	273	+701e5a24-fd18-4d1d-acc8-908e3f73ccaa 20 1871 1873 -edge_137_1_+disjointig_31_9289_14170 420 2269 4881 -1 -1 1800 0.00216212
Chain
	Aln	272	-701e5a24-fd18-4d1d-acc8-908e3f73ccaa 1 1852 1873 +edge_137_1_+disjointig_31_9289_14170 2611 4460 4881 -1 -1 1800 0.00216212
Chain
	Aln	133	+c13a64ea-c01f-4aa8-b9b9-f19f23b2820b 5 2116 2118 -edge_67_0_+disjointig_30_0_12994 1321 3432 12994 -1 -1 2087 0
Chain
	Aln	132	-c13a64ea-c01f-4aa8-b9b9-f19f23b2820b 1 2112 2118 +edge_67_0_+disjointig_30_0_12994 9561 11672 12994 -1 -1 2087 0
Chain
	Aln	141	+03c646de-98b3-467b-8083-b363fd8dbc3f 13 1394 1399 -edge_71_0_+disjointig_36_0_8793 303 1680 8793 -1 -1 1349 0.00483316
Chain
	Aln	140	-03c646de-98b3-467b-8083-b363fd8dbc3f 4 1385 1399 +edge_71_0_+disjointig_36_0_8793 7112 8489 8793 -1 -1 1349 0.00483316
Chain
	Aln	274	+352cef27-97a6-49c5-b945-cedf0d1e840f 7 1389 1404 +edge_138_0_+disjointig_24_5721_14478 3408 4781 8757 -1 -1 1294 0.00564468
Chain
	Aln	275	-352cef27-97a6-49c5-b945-cedf0d1e840f 14 1396 1404 -edge_138_0_+disjointig_24_5721_14478 3975 5348 8757 -1 -1 1294 0.00564468
Chain
	Aln	272	+ab548e5c-fb2e-4883-bfc6-51850796846f 18 2711 5272 +edge_137_1_+disjointig_31_9289_14170 2188 4878 4881 -1 -1 2598 0.00372819
	Aln	11	+ab548e5c-fb2e-4883-bfc6-51850796846f 2744 3396 5272 -edge_6_0_-disjointig_31_4566_5481 44 736 915 -1 -1 65 0.178932
Chain
	Aln	10	-ab548e5c-fb2e-4883-bfc6-51850796846f 1875 2527 5272 +edge_6_0_-disjointig_31_4566_5481 178 870 915 -1 -1 65 0.178932
	Aln	273	-ab548e5c-fb2e-4883-bfc6-51850796846f 2560 5253 5272 -edge_137_1_+disjointig_31_9289_14170 2 2692 4881 -1 -1 2598 0.00372819
Chain
	Aln	121	+1360bf85-8287-484a-bb6e-614cb14cc88c 15 2727 2729 -edge_61_0_+disjointig_25_0_5117 2403 5115 5117 -1 -1 2701 0.00200248
Chain
	Aln	120	-1360bf85-8287-484a-bb6e-614cb14cc88c 1 2713 2729 +edge_61_0_+disjointig_25_0_5117 1 2713 5117 -1 -1 2701 0.00200248
Chain
	Aln	94	+068343cb-2285-4403-8f3b-1959598a0db2 13 1832 1839 +edge_48_0_+disjointig_18_0_17839 2705 4524 17839 -1 -1 1779 0.00260695
Chain
	Aln	95	-068343cb-2285-4403-8f3b-1959598a0db2 6 1825 1839 -edge_48_0_+disjointig_18_0_17839 13314 15133 17839 -1 -1 1779 0.00260695
Chain
	Aln	135	+8e381088-0852-4c38-aa28-c7b31b7fba41 6 2453 2455 -edge_68_0_+disjointig_32_0_16153 13704 16151 16153 -1 -1 2381 0.00430522
Chain
	Aln	134	-8e381088-0852-4c38-aa28-c7b31b7fba41 1 2448 2455 +edge_68_0_+disjointig_32_0_16153 1 2448 16153 -1 -1 2381 0.00430522
Chain
	Aln	146	+a77af69d-709b-4d28-831e-9c22c8caffd7 38 20724 20734 +edge_74_0_+disjointig_39_0_32109 8800 29507 32109 -1 -1 20255 0.00340142
Chain
	Aln	147	-a77af69d-709b-4d28-831e-9c22c8caffd7 9 20695 20734 -edge_74_0_+disjointig_39_0_32109 2601 23308 32109 -1 -1 20255 0.00340142
Chain
	Aln	194	+a18eeaab-5414-4bf7-89a4-14119edddce5 2533 13035 13044 +edge_98_0_+disjointig_58_0_13468 5 10508 13468 -1 -1 10417 0.000972787
Chain
	Aln	195	-a18eeaab-5414-4bf7-89a4-14119edddce5 8 10510 13044 -edge_98_0_+disjointig_58_0_13468 2959 13462 13468 -1 -1 10417 0.000972787
Chain
	Aln	145	+9f1c16d7-ed9b-4e4b-9456-66284f00b7b3 11 1524 1527 -edge_73_0_+disjointig_38_0_17471 4958 6469 17471 -1 -1 1500 0.00324626
Chain
	Aln	144	-9f1c16d7-ed9b-4e4b-9456-66284f00b7b3 2 1515 1527 +edge_73_0_+disjointig_38_0_17471 11001 12512 17471 -1 -1 1500 0.00324626
Chain
	Aln	270	+96324030-8c12-4165-8d61-dd0c3eb64e75 9 7789 7800 +edge_136_0_+disjointig_99_0_14886 7097 14876 14886 -1 -1 7625 0.00168097
Chain
	Aln	271	-96324030-8c12-4165-8d61-dd0c3eb64e75 10 7790 7800 -edge_136_0_+disjointig_99_0_14886 9 7788 14886 -1 -1 7625 0.00168097
Chain
	Aln	228	+0097ea00-d18b-4915-895f-a5d09a3e1552 7 1416 1418 +edge_115_0_+disjointig_78_0_2475 698 2110 2475 -1 -1 1376 0.000555673
Chain
	Aln	229	-0097ea00-d18b-4915-895f-a5d09a3e1552 1 1410 1418 -edge_115_0_+disjointig_78_0_2475 364 1776 2475 -1 -1 1376 0.000555673
Chain
	Aln	257	+d221974e-d076-4a5f-8bc1-98284dca63c5 20 6116 6118 -edge_129_0_+disjointig_92_0_10849 4738 10847 10849 -1 -1 5988 0.00223492
Chain
	Aln	256	-d221974e-d076-4a5f-8bc1-98284dca63c5 1 6097 6118 +edge_129_0_+disjointig_92_0_10849 1 6110 10849 -1 -1 5988 0.00223492
Chain
	Aln	53	+9a8847f2-5896-4abc-86d3-a4702c8d7692 7 2458 2461 -edge_27_0_+disjointig_11_0_6291 3166 5620 6291 -1 -1 2410 0.00292703
Chain
	Aln	52	-9a8847f2-5896-4abc-86d3-a4702c8d7692 2 2453 2461 +edge_27_0_+disjointig_11_0_6291 670 3124 6291 -1 -1 2410 0.00292703
Chain
	Aln	49	+485f7ffd-03b6-47fa-b0cc-4107940da65d 7 4693 4721 -edge_25_0_+disjointig_108_0_14020 6 4684 14020 -1 -1 4539 0.00253911
Chain
	Aln	48	-485f7ffd-03b6-47fa-b0cc-4107940da65d 27 4713 4721 +edge_25_0_+disjointig_108_0_14020 9335 14013 14020 -1 -1 4539 0.00253911
Chain
	Aln	270	+4f3526b2-e126-4213-acb5-4bb37e258370 13 6873 6877 +edge_136_0_+disjointig_99_0_14886 5093 11959 14886 -1 -1 6800 0.000512917
Chain
	Aln	271	-4f3526b2-e126-4213-acb5-4bb37e258370 3 6863 6877 -edge_136_0_+disjointig_99_0_14886 2926 9792 14886 -1 -1 6800 0.000512917
Chain
	Aln	243	+1d29616b-c3c2-400b-87d2-a229fe87de3d 8 3147 3151 -edge_122_0_+disjointig_85_0_3155 7 3151 3155 -1 -1 3046 0.000927509
Chain
	Aln	242	-1d29616b-c3c2-400b-87d2-a229fe87de3d 3 3142 3151 +edge_122_0_+disjointig_85_0_3155 3 3147 3155 -1 -1 3046 0.000927509
Chain
	Aln	189	+c022417a-62c6-4540-b783-a8cebff3793c 13 2790 2796 -edge_95_0_+disjointig_55_0_4507 12 2784 4507 -1 -1 2722 0.00327225
Chain
	Aln	188	-c022417a-62c6-4540-b783-a8cebff3793c 5 2782 2796 +edge_95_0_+disjointig_55_0_4507 1722 4494 4507 -1 -1 2722 0.00327225
Chain
	Aln	159	+494833a5-80eb-4bd8-99d1-2a2ec6f6ac86 33 632 2917 -edge_80_1_+disjointig_75_3483_5216 1133 1732 1733 -1 -1 583 0.00858735
	Aln	157	+494833a5-80eb-4bd8-99d1-2a2ec6f6ac86 639 2098 2917 -edge_79_0_+disjointig_75_2017_3483 6 1465 1466 -1 -1 1446 0.000657662
	Aln	155	+494833a5-80eb-4bd8-99d1-2a2ec6f6ac86 2110 2914 2917 -edge_78_1_+disjointig_75_344_2017 11 815 1673 -1 -1 788 0.00163473
Chain
	Aln	154	-494833a5-80eb-4bd8-99d1-2a2ec6f6ac86 2 806 2917 +edge_78_1_+disjointig_75_344_2017 857 1661 1673 -1 -1 788 0.00163473
	Aln	156	-494833a5-80eb-4bd8-99d1-2a2ec6f6ac86 818 2277 2917 +edge_79_0_+disjointig_75_2017_3483 0 1459 1466 -1 -1 1446 0.000657662
	Aln	158	-494833a5-80eb-4bd8-99d1-2a2ec6f6ac86 2284 2883 2917 +edge_80_1_+disjointig_75_3483_5216 0 599 1733 -1 -1 583 0.00858735
Chain
	Aln	152	+f1188d12-b62c-41a0-b5d5-729f43b836b5 8 1750 1756 +edge_77_0_+disjointig_41_0_4572 271 2013 4572 -1 -1 1726 0.00331552
Chain
	Aln	153	-f1188d12-b62c-41a0-b5d5-729f43b836b5 5 1747 1756 -edge_77_0_+disjointig_41_0_4572 2558 4300 4572 -1 -1 1726 0.00331552
Chain
	Aln	85	+460316d4-070b-4a1f-ad16-ac931b85ae0b 6 4415 4417 -edge_43_0_+disjointig_13_0_20345 15934 20343 20345 -1 -1 4369 0.00360919
Chain
	Aln	84	-460316d4-070b-4a1f-ad16-ac931b85ae0b 1 4410 4417 +edge_43_0_+disjointig_13_0_20345 1 4410 20345 -1 -1 4369 0.00360919
Chain
	Aln	122	+3f4f8e83-22b8-45bc-a0a5-cb51b4c6bba4 6 2198 2205 +edge_62_0_+disjointig_26_0_8179 1718 3914 8179 -1 -1 2182 0.00346011
Chain
	Aln	123	-3f4f8e83-22b8-45bc-a0a5-cb51b4c6bba4 6 2198 2205 -edge_62_0_+disjointig_26_0_8179 4264 6460 8179 -1 -1 2182 0.00346011
Chain
	Aln	153	+f3c09087-decc-4edd-acf6-dce9df9dfdc0 3 2663 2665 -edge_77_0_+disjointig_41_0_4572 1914 4570 4572 -1 -1 2625 0.00261969
Chain
	Aln	152	-f3c09087-decc-4edd-acf6-dce9df9dfdc0 1 2661 2665 +edge_77_0_+disjointig_41_0_4572 1 2657 4572 -1 -1 2625 0.00261969
Chain
	Aln	151	+e8e61108-fe51-42cb-b472-9cc595e49997 7 3606 3608 -edge_76_0_+disjointig_40_0_6015 2414 6013 6015 -1 -1 3585 0.000957935
Chain
	Aln	150	-e8e61108-fe51-42cb-b472-9cc595e49997 1 3600 3608 +edge_76_0_+disjointig_40_0_6015 1 3600 6015 -1 -1 3585 0.000957935
Chain
	Aln	59	+039f461d-07b7-4e6e-9846-7b527da4cd2d 10 10836 10839 -edge_30_0_+disjointig_112_0_19243 3917 14743 19243 -1 -1 10523 0.00228606
Chain
	Aln	58	-039f461d-07b7-4e6e-9846-7b527da4cd2d 2 10828 10839 +edge_30_0_+disjointig_112_0_19243 4499 15325 19243 -1 -1 10523 0.00228606
Chain
	Aln	86	+636bcf66-960d-485b-bedf-9a04114d95f1 6245 10889 10896 +edge_44_0_+disjointig_14_0_4651 3 4645 4651 -1 -1 4522 0.00384216
Chain
	Aln	87	-636bcf66-960d-485b-bedf-9a04114d95f1 6 4650 10896 -edge_44_0_+disjointig_14_0_4651 5 4647 4651 -1 -1 4522 0.00384216
Chain
	Aln	146	+ceb65a72-5211-4fc0-9f5e-342e4f3220de 22 1300 1302 +edge_74_0_+disjointig_39_0_32109 6913 8191 32109 -1 -1 1278 0
Chain
	Aln	147	-ceb65a72-5211-4fc0-9f5e-342e4f3220de 1 1279 1302 -edge_74_0_+disjointig_39_0_32109 23917 25195 32109 -1 -1 1278 0
Chain
	Aln	131	+efd95f07-e86b-49eb-ad4c-934b84061d0d 7 3037 3043 -edge_66_0_+disjointig_3_0_5827 2792 5821 5827 -1 -1 3002 0.00088648
Chain
	Aln	130	-efd95f07-e86b-49eb-ad4c-934b84061d0d 5 3035 3043 +edge_66_0_+disjointig_3_0_5827 5 3034 5827 -1 -1 3002 0.00088648
Chain
	Aln	133	+1e65f5f0-d5f6-43aa-ba85-7b1cc247b9b8 8 13000 13133 -edge_67_0_+disjointig_30_0_12994 7 12993 12994 -1 -1 12698 0.00320932
Chain
	Aln	132	-1e65f5f0-d5f6-43aa-ba85-7b1cc247b9b8 132 13124 13133 +edge_67_0_+disjointig_30_0_12994 0 12986 12994 -1 -1 12698 0.00320932
Chain
	Aln	207	+4f318d24-f05e-4888-bc3d-9bf61f5929aa 9 2628 2630 -edge_104_0_+disjointig_64_0_30187 8603 11220 30187 -1 -1 2591 0.00119885
Chain
	Aln	206	-4f318d24-f05e-4888-bc3d-9bf61f5929aa 1 2620 2630 +edge_104_0_+disjointig_64_0_30187 18966 21583 30187 -1 -1 2591 0.00119885
Chain
	Aln	141	+3eb76906-6277-4f67-a2dc-3b22893e5aaa 13 2231 2237 -edge_71_0_+disjointig_36_0_8793 12 2233 8793 -1 -1 2195 0.00319473
Chain
	Aln	140	-3eb76906-6277-4f67-a2dc-3b22893e5aaa 5 2223 2237 +edge_71_0_+disjointig_36_0_8793 6559 8780 8793 -1 -1 2195 0.00319473
Chain
	Aln	212	+f56d22a6-0736-46d7-a2af-d9a530593504 9 1218 1239 +edge_107_0_+disjointig_68_0_21130 2454 3667 21130 -1 -1 1182 0.00197518
Chain
	Aln	213	-f56d22a6-0736-46d7-a2af-d9a530593504 20 1229 1239 -edge_107_0_+disjointig_68_0_21130 17462 18675 21130 -1 -1 1182 0.00197518
Chain
	Aln	234	+afc230be-bcf9-4524-88ef-242ebcc12dff 7 5515 5521 +edge_118_0_+disjointig_80_0_15563 10051 15558 15563 -1 -1 5253 0.00365266
Chain
	Aln	235	-afc230be-bcf9-4524-88ef-242ebcc12dff 5 5513 5521 -edge_118_0_+disjointig_80_0_15563 4 5511 15563 -1 -1 5253 0.00365266
Chain
	Aln	163	+d66f24e5-2d4e-47f2-9227-58cf0f06b079 6 5029 5031 -edge_82_0_+disjointig_75_5216_10352 5 5024 5136 -1 -1 4987 0.000788596
Chain
	Aln	162	-d66f24e5-2d4e-47f2-9227-58cf0f06b079 1 5024 5031 +edge_82_0_+disjointig_75_5216_10352 111 5130 5136 -1 -1 4987 0.000788596
Chain
	Aln	60	+72b4a2da-e063-4520-9253-0f9a72d00953 1428 10127 10135 +edge_31_0_+disjointig_113_0_8706 1 8699 8706 -1 -1 8630 0.00104011
Chain
	Aln	61	-72b4a2da-e063-4520-9253-0f9a72d00953 7 8706 10135 -edge_31_0_+disjointig_113_0_8706 6 8704 8706 -1 -1 8630 0.00104011
Chain
	Aln	254	+849cfa65-8713-4cdb-b692-0d67959dcb5f 14 1353 1360 +edge_128_0_+disjointig_91_0_27922 1103 2444 27922 -1 -1 1322 0.0011015
Chain
	Aln	255	-849cfa65-8713-4cdb-b692-0d67959dcb5f 6 1345 1360 -edge_128_0_+disjointig_91_0_27922 25477 26818 27922 -1 -1 1322 0.0011015
Chain
	Aln	185	+6457103d-2fe4-4417-86de-5e585dec2a16 12 11521 16501 -edge_93_0_+disjointig_53_0_13071 1558 13070 13071 -1 -1 11414 0.000409716
Chain
	Aln	184	-6457103d-2fe4-4417-86de-5e585dec2a16 4979 16488 16501 +edge_93_0_+disjointig_53_0_13071 0 11512 13071 -1 -1 11414 0.000409716
Chain
	Aln	112	+633ab146-3cca-4081-a378-a50fa53e46f0 6 1026 1035 +edge_57_0_+disjointig_22_0_5761 891 1911 5761 -1 -1 1007 0.000390611
Chain
	Aln	113	-633ab146-3cca-4081-a378-a50fa53e46f0 8 1028 1035 -edge_57_0_+disjointig_22_0_5761 3849 4869 5761 -1 -1 1007 0.000390611
Chain
	Aln	89	+a12e9cb2-f50c-49be-a69b-688da884a93c 12 4462 4474 -edge_45_0_+disjointig_15_0_4480 11 4468 4480 -1 -1 4367 0.00293288
Chain
	Aln	88	-a12e9cb2-f50c-49be-a69b-688da884a93c 11 4461 4474 +edge_45_0_+disjointig_15_0_4480 11 4468 4480 -1 -1 4367 0.00293288
Chain
	Aln	92	+3e8549fa-6814-4872-8cf0-f6ae4b6a80fc 1413 2575 2582 +edge_47_0_+disjointig_17_0_9224 1 1163 9224 -1 -1 1144 0.00285949
Chain
	Aln	93	-3e8549fa-6814-4872-8cf0-f6ae4b6a80fc 6 1168 2582 -edge_47_0_+disjointig_17_0_9224 8060 9222 9224 -1 -1 1144 0.00285949
Chain
	Aln	42	+76a73ace-c0a0-4249-9113-49f028efd43b 29 1029 1034 +edge_22_0_+disjointig_105_0_12583 7768 8765 12583 -1 -1 971 0.00708054
Chain
	Aln	43	-76a73ace-c0a0-4249-9113-49f028efd43b 4 1004 1034 -edge_22_0_+disjointig_105_0_12583 3817 4814 12583 -1 -1 971 0.00708054
Chain
	Aln	43	+21b521d8-9e14-49cb-86cb-09113a35899d 11 5399 5401 -edge_22_0_+disjointig_105_0_12583 2458 7850 12583 -1 -1 5364 0.000491968
Chain
	Aln	42	-21b521d8-9e14-49cb-86cb-09113a35899d 1 5389 5401 +edge_22_0_+disjointig_105_0_12583 4732 10124 12583 -1 -1 5364 0.000491968
Chain
	Aln	135	+20b617df-1115-436f-b529-facd49effef4 3 3448 3458 -edge_68_0_+disjointig_32_0_16153 11344 14796 16153 -1 -1 3418 0.00131543
Chain
	Aln	134	-20b617df-1115-436f-b529-facd49effef4 9 3454 3458 +edge_68_0_+disjointig_32_0_16153 1356 4808 16153 -1 -1 3418 0.00131543
Chain
	Aln	265	+7845f527-a20a-4c4f-bf0e-aad31731c63b 12 2564 2574 -edge_133_0_+disjointig_96_0_5149 2582 5139 5149 -1 -1 2522 0.00197561
Chain
	Aln	264	-7845f527-a20a-4c4f-bf0e-aad31731c63b 9 2561 2574 +edge_133_0_+disjointig_96_0_5149 9 2566 5149 -1 -1 2522 0.00197561
Chain
	Aln	274	+de3c4590-b710-4af0-baa2-8241c287975f 30 1264 1267 +edge_138_0_+disjointig_24_5721_14478 5614 6850 8757 -1 -1 1217 0.00144601
Chain
	Aln	275	-de3c4590-b710-4af0-baa2-8241c287975f 2 1236 1267 -edge_138_0_+disjointig_24_5721_14478 1906 3142 8757 -1 -1 1217 0.00144601
Chain
	Aln	39	+f5683209-9244-48a9-a2f4-a2576f37ba5b 6 1596 1598 -edge_20_0_+disjointig_103_0_9590 7060 8687 9590 -1 -1 1400 0.00959167
Chain
	Aln	38	-f5683209-9244-48a9-a2f4-a2576f37ba5b 1 1591 1598 +edge_20_0_+disjointig_103_0_9590 902 2529 9590 -1 -1 1400 0.00959167
Chain
	Aln	165	+f1bec0aa-a49c-45c0-b1af-d52f18f81737 4 5246 5248 -edge_83_0_+disjointig_43_0_5249 3 5247 5249 -1 -1 5039 0.00431003
Chain
	Aln	164	-f1bec0aa-a49c-45c0-b1af-d52f18f81737 1 5243 5248 +edge_83_0_+disjointig_43_0_5249 1 5245 5249 -1 -1 5039 0.00431003
Chain
	Aln	26	+eea782d4-8069-480c-a67e-c57a28f0f4f4 3208 4445 5997 +edge_14_0_+disjointig_101_9903_11174 23 1264 1271 -1 -1 1132 0.0103496
Chain
	Aln	27	-eea782d4-8069-480c-a67e-c57a28f0f4f4 1551 2788 5997 -edge_14_0_+disjointig_101_9903_11174 6 1247 1271 -1 -1 1132 0.0103496
Chain
	Aln	251	+1e84b974-56e6-4494-9314-bacba971b12f 5 8281 8285 -edge_126_0_+disjointig_9_0_32692 24394 32688 32692 -1 -1 8170 0.00114927
Chain
	Aln	250	-1e84b974-56e6-4494-9314-bacba971b12f 3 8279 8285 +edge_126_0_+disjointig_9_0_32692 3 8297 32692 -1 -1 8170 0.00114927
Chain
	Aln	53	+8549fd69-a68c-40b9-9c81-6be76f458496 17 3900 3923 -edge_27_0_+disjointig_11_0_6291 17 3891 6291 -1 -1 3734 0.00327009
Chain
	Aln	52	-8549fd69-a68c-40b9-9c81-6be76f458496 22 3905 3923 +edge_27_0_+disjointig_11_0_6291 2399 6273 6291 -1 -1 3734 0.00327009
Chain
	Aln	105	+371d0df8-02a1-4a70-b5c2-525f73770f9f 9 14366 14369 -edge_53_0_-disjointig_33_3514_20029 632 15032 16515 -1 -1 13986 0.00404934
Chain
	Aln	104	-371d0df8-02a1-4a70-b5c2-525f73770f9f 2 14359 14369 +edge_53_0_-disjointig_33_3514_20029 1482 15882 16515 -1 -1 13986 0.00404934
Chain
	Aln	41	+78e3976b-2b2f-4930-84ad-8d476b9da53a 1220 6047 6053 -edge_21_0_+disjointig_104_0_5498 12 4839 5498 -1 -1 4739 0.00146454
Chain
	Aln	40	-78e3976b-2b2f-4930-84ad-8d476b9da53a 5 4832 6053 +edge_21_0_+disjointig_104_0_5498 658 5485 5498 -1 -1 4739 0.00146454
Chain
	Aln	212	+a0d22b13-f803-4aca-a006-8fcb13df4ea6 8 11293 11297 +edge_107_0_+disjointig_68_0_21130 9843 21127 21130 -1 -1 11168 0.00178609
Chain
	Aln	213	-a0d22b13-f803-4aca-a006-8fcb13df4ea6 3 11288 11297 -edge_107_0_+disjointig_68_0_21130 2 11286 21130 -1 -1 11168 0.00178609
Chain
	Aln	186	+9a30ea55-3c8d-4e68-9a50-b4647d90d5a6 4 1538 1544 +edge_94_0_+disjointig_54_0_3982 1987 3522 3982 -1 -1 1517 0.00570085
Chain
	Aln	187	-9a30ea55-3c8d-4e68-9a50-b4647d90d5a6 5 1539 1544 -edge_94_0_+disjointig_54_0_3982 459 1994 3982 -1 -1 1517 0.00570085
Chain
	Aln	107	+b6a3dd6f-6c0e-408b-988b-0a9b4ea9a64e 7 3705 3720 -edge_54_0_+disjointig_2_0_9406 2542 6242 9406 -1 -1 3630 0.00140857
Chain
	Aln	106	-b6a3dd6f-6c0e-408b-988b-0a9b4ea9a64e 14 3712 3720 +edge_54_0_+disjointig_2_0_9406 3163 6863 9406 -1 -1 3630 0.00140857
Chain
	Aln	106	+4c3c2891-0409-4089-a384-b73741487475 5 2524 3895 +edge_54_0_+disjointig_2_0_9406 6871 9390 9406 -1 -1 2519 0.00228593
Chain
	Aln	107	-4c3c2891-0409-4089-a384-b73741487475 1370 3889 3895 -edge_54_0_+disjointig_2_0_9406 15 2534 9406 -1 -1 2519 0.00228593
Chain
	Aln	241	+5f4a0087-9907-43f8-b3a5-4037d1f5c496 12 4010 4013 -edge_121_0_+disjointig_84_0_14665 2418 6417 14665 -1 -1 3907 0.00553318
Chain
	Aln	240	-5f4a0087-9907-43f8-b3a5-4037d1f5c496 2 4000 4013 +edge_121_0_+disjointig_84_0_14665 8247 12246 14665 -1 -1 3907 0.00553318
Chain
	Aln	167	+6c1ed878-1d2d-48ad-8c15-addf004aa3df 28 1663 1670 -edge_84_0_+disjointig_44_0_11673 8966 10599 11673 -1 -1 1599 0.000378886
Chain
	Aln	166	-6c1ed878-1d2d-48ad-8c15-addf004aa3df 6 1641 1670 +edge_84_0_+disjointig_44_0_11673 1073 2706 11673 -1 -1 1599 0.000378886
Chain
	Aln	206	+1faed334-1165-4f78-b9f2-6613368e6374 25 3232 3236 +edge_104_0_+disjointig_64_0_30187 16016 19216 30187 -1 -1 3133 0.0017814
Chain
	Aln	207	-1faed334-1165-4f78-b9f2-6613368e6374 3 3210 3236 -edge_104_0_+disjointig_64_0_30187 10970 14170 30187 -1 -1 3133 0.0017814
Chain
	Aln	134	+69893397-2fb5-4199-942b-782492dc1e85 21 1087 1092 +edge_68_0_+disjointig_32_0_16153 1 1063 16153 -1 -1 1050 0.00266653
Chain
	Aln	135	-69893397-2fb5-4199-942b-782492dc1e85 4 1070 1092 -edge_68_0_+disjointig_32_0_16153 15089 16151 16153 -1 -1 1050 0.00266653
Chain
	Aln	272	+dda5751e-955a-4c4e-b395-b4bdfde90f76 847 2436 2440 +edge_137_2_+disjointig_31_15085_19645 4 1593 4560 -1 -1 1556 0.00198039
Chain
	Aln	273	-dda5751e-955a-4c4e-b395-b4bdfde90f76 3 1592 2440 -edge_137_2_+disjointig_31_15085_19645 2966 4555 4560 -1 -1 1556 0.00198039
Chain
	Aln	274	+1d11e89c-6053-45d9-9bfe-f266be6130a6 8 4569 4573 +edge_138_0_+disjointig_24_5721_14478 2345 6915 8757 -1 -1 4516 0.000418601
Chain
	Aln	275	-1d11e89c-6053-45d9-9bfe-f266be6130a6 3 4564 4573 -edge_138_0_+disjointig_24_5721_14478 1841 6411 8757 -1 -1 4516 0.000418601
Chain
	Aln	213	+6b5af48b-f54d-4f18-bd7c-47880267992b 5 15739 16008 -edge_107_0_+disjointig_68_0_21130 5394 21129 21130 -1 -1 15582 0.00163615
Chain
	Aln	212	-6b5af48b-f54d-4f18-bd7c-47880267992b 268 16002 16008 +edge_107_0_+disjointig_68_0_21130 0 15735 21130 -1 -1 15582 0.00163615
Chain
	Aln	39	+65bbd19d-f2d0-4667-941e-3bb290a73128 24 7408 7419 -edge_20_0_+disjointig_103_0_9590 2183 9578 9590 -1 -1 7155 0.00332901
Chain
	Aln	38	-65bbd19d-f2d0-4667-941e-3bb290a73128 10 7394 7419 +edge_20_0_+disjointig_103_0_9590 11 7406 9590 -1 -1 7155 0.00332901
Chain
	Aln	179	+0e17af64-5dd3-4d60-9bbf-f57b565f1774 14 2106 2109 -edge_90_0_+disjointig_50_0_18087 14871 16963 18087 -1 -1 2092 0.00029411
Chain
	Aln	178	-0e17af64-5dd3-4d60-9bbf-f57b565f1774 2 2094 2109 +edge_90_0_+disjointig_50_0_18087 1123 3215 18087 -1 -1 2092 0.00029411
Chain
	Aln	167	+d2341826-15cb-4215-8b88-7c5997391588 549 1854 1863 -edge_84_0_+disjointig_44_0_11673 12 1317 11673 -1 -1 1265 0.000996357
Chain
	Aln	166	-d2341826-15cb-4215-8b88-7c5997391588 8 1313 1863 +edge_84_0_+disjointig_44_0_11673 10355 11660 11673 -1 -1 1265 0.000996357
Chain
	Aln	128	+a1491f48-afa2-4ada-bf11-e7ec4d6b41b7 8 10238 10249 +edge_65_0_+disjointig_29_0_13256 1889 12118 13256 -1 -1 10105 0.00153036
Chain
	Aln	129	-a1491f48-afa2-4ada-bf11-e7ec4d6b41b7 10 10240 10249 -edge_65_0_+disjointig_29_0_13256 1137 11366 13256 -1 -1 10105 0.00153036
Chain
	Aln	251	+d477e209-00b9-49d0-9dc4-5a994e8253bc 12 3236 3239 -edge_126_0_+disjointig_9_0_32692 9696 12939 32692 -1 -1 3100 0.00202306
Chain
	Aln	250	-d477e209-00b9-49d0-9dc4-5a994e8253bc 2 3226 3239 +edge_126_0_+disjointig_9_0_32692 19752 22995 32692 -1 -1 3100 0.00202306
Chain
	Aln	39	+08ae2051-8e72-4651-bba6-f216474aa92e 14 1664 1666 -edge_20_0_+disjointig_103_0_9590 5322 6973 9590 -1 -1 1593 0.00236436
Chain
	Aln	38	-08ae2051-8e72-4651-bba6-f216474aa92e 1 1651 1666 +edge_20_0_+disjointig_103_0_9590 2616 4267 9590 -1 -1 1593 0.00236436
Chain
	Aln	131	+9fbf4ed1-22b5-44ca-bbd3-eeed51321c40 16 5825 7854 -edge_66_0_+disjointig_3_0_5827 15 5821 5827 -1 -1 5772 0
Chain
	Aln	130	-9fbf4ed1-22b5-44ca-bbd3-eeed51321c40 2028 7837 7854 +edge_66_0_+disjointig_3_0_5827 5 5811 5827 -1 -1 5772 0
Chain
	Aln	169	+a4e85a4e-33e0-4ea9-ae43-3d9327b8b356 8 5218 5221 -edge_85_0_+disjointig_46_0_17226 11961 17171 17226 -1 -1 5191 0.000946709
Chain
	Aln	168	-a4e85a4e-33e0-4ea9-ae43-3d9327b8b356 2 5212 5221 +edge_85_0_+disjointig_46_0_17226 54 5264 17226 -1 -1 5191 0.000946709
Chain
	Aln	217	+7f21a901-e60d-42e4-9769-ef0d7312814e 9 4483 4488 -edge_109_0_+disjointig_7_0_26833 19578 24052 26833 -1 -1 4453 0.00135135
Chain
	Aln	216	-7f21a901-e60d-42e4-9769-ef0d7312814e 4 4478 4488 +edge_109_0_+disjointig_7_0_26833 2780 7254 26833 -1 -1 4453 0.00135135
Chain
	Aln	49	+7cc7ca94-50d1-4109-813f-c0165ac480fc 1069 10385 10394 -edge_25_0_+disjointig_108_0_14020 6 9296 14020 -1 -1 9003 0.00186266
Chain
	Aln	48	-7cc7ca94-50d1-4109-813f-c0165ac480fc 8 9324 10394 +edge_25_0_+disjointig_108_0_14020 4723 14013 14020 -1 -1 9003 0.00186266
Chain
	Aln	146	+91951ec2-7525-40a0-b375-f6a29b8d5b00 16 1431 1439 +edge_74_0_+disjointig_39_0_32109 26275 27693 32109 -1 -1 1410 0.00438573
Chain
	Aln	147	-91951ec2-7525-40a0-b375-f6a29b8d5b00 7 1422 1439 -edge_74_0_+disjointig_39_0_32109 4415 5833 32109 -1 -1 1410 0.00438573
Chain
	Aln	267	+f2cc2020-a817-4da4-b882-9222cd2dd626 5 3066 3068 -edge_134_0_+disjointig_97_0_7318 4 3060 7318 -1 -1 2876 0.00705918
Chain
	Aln	266	-f2cc2020-a817-4da4-b882-9222cd2dd626 1 3062 3068 +edge_134_0_+disjointig_97_0_7318 4257 7313 7318 -1 -1 2876 0.00705918
Chain
	Aln	185	+46bce7c8-9402-48ce-95b3-1c0459f62745 6 3435 3440 -edge_93_0_+disjointig_53_0_13071 9633 13066 13071 -1 -1 3406 0.000417807
Chain
	Aln	184	-46bce7c8-9402-48ce-95b3-1c0459f62745 4 3433 3440 +edge_93_0_+disjointig_53_0_13071 4 3437 13071 -1 -1 3406 0.000417807
Chain
	Aln	25	+c01c8470-8d8e-44db-8518-a83500b52ea1 18 2383 2388 -edge_13_0_+disjointig_74_7640_17329 17 2375 9689 -1 -1 2317 0.00272908
Chain
	Aln	24	-c01c8470-8d8e-44db-8518-a83500b52ea1 4 2369 2388 +edge_13_0_+disjointig_74_7640_17329 7313 9671 9689 -1 -1 2317 0.00272908
Chain
	Aln	105	+deb000b6-9968-4ab0-995c-5be8e863331f 19 1113 1119 -edge_53_0_-disjointig_33_3514_20029 3409 4501 16515 -1 -1 1091 0.00387456
Chain
	Aln	104	-deb000b6-9968-4ab0-995c-5be8e863331f 5 1099 1119 +edge_53_0_-disjointig_33_3514_20029 12013 13105 16515 -1 -1 1091 0.00387456
Chain
	Aln	124	+3081fdad-92ea-4f93-a5c6-9a92235d9e28 7 1036 1611 +edge_63_0_+disjointig_27_0_8932 7899 8928 8932 -1 -1 1021 0.000907371
Chain
	Aln	125	-3081fdad-92ea-4f93-a5c6-9a92235d9e28 574 1603 1611 -edge_63_0_+disjointig_27_0_8932 3 1032 8932 -1 -1 1021 0.000907371
Chain
	Aln	247	+01ebd1e5-44ab-4f87-9816-3663f7e49057 772 14042 14050 -edge_124_0_+disjointig_88_0_14963 12 13327 14963 -1 -1 12449 0.00601232
Chain
	Aln	246	-01ebd1e5-44ab-4f87-9816-3663f7e49057 7 13277 14050 +edge_124_0_+disjointig_88_0_14963 1635 14950 14963 -1 -1 12449 0.00601232
Chain
	Aln	7	+f3d626f2-e3cf-4841-96b5-8d2551efe3c7 24 2462 2464 -edge_4_0_+disjointig_101_0_3150 712 3148 3150 -1 -1 2423 0.00171567
Chain
	Aln	6	-f3d626f2-e3cf-4841-96b5-8d2551efe3c7 1 2439 2464 +edge_4_0_+disjointig_101_0_3150 1 2437 3150 -1 -1 2423 0.00171567
Chain
	Aln	93	+ad2f906b-18ed-4265-83a5-9ea37ae18aba 8 8108 8115 -edge_47_0_+disjointig_17_0_9224 7 8114 9224 -1 -1 7994 0.00220581
Chain
	Aln	92	-ad2f906b-18ed-4265-83a5-9ea37ae18aba 6 8106 8115 +edge_47_0_+disjointig_17_0_9224 1109 9216 9224 -1 -1 7994 0.00220581
Chain
	Aln	250	+8bf9ff71-7378-4b90-ab0e-f60c58798807 7 2360 2369 +edge_126_0_+disjointig_9_0_32692 29762 32115 32692 -1 -1 2309 0.00214361
Chain
	Aln	251	-8bf9ff71-7378-4b90-ab0e-f60c58798807 8 2361 2369 -edge_126_0_+disjointig_9_0_32692 576 2929 32692 -1 -1 2309 0.00214361
Chain
	Aln	201	+05c92e8c-79d6-4b7d-94a7-fc6daf0c6194 16 6151 15787 -edge_101_0_+disjointig_61_0_6150 15 6149 6150 -1 -1 6046 0.00253984
Chain
	Aln	200	-05c92e8c-79d6-4b7d-94a7-fc6daf0c6194 9635 15770 15787 +edge_101_0_+disjointig_61_0_6150 0 6134 6150 -1 -1 6046 0.00253984
Chain
	Aln	94	+ccac582a-6cc0-4cf0-adda-8ff4f03b9b9c 11894 21002 21008 +edge_48_0_+disjointig_18_0_17839 2 9106 17839 -1 -1 9018 0
Chain
	Aln	95	-ccac582a-6cc0-4cf0-adda-8ff4f03b9b9c 5 9113 21008 -edge_48_0_+disjointig_18_0_17839 8732 17836 17839 -1 -1 9018 0
Chain
	Aln	128	+9df83caa-4330-4f6a-910a-9942bab1bf2b 1267 14514 14517 +edge_65_0_+disjointig_29_0_13256 1 13254 13256 -1 -1 13036 0.00256444
Chain
	Aln	129	-9df83caa-4330-4f6a-910a-9942bab1bf2b 2 13249 14517 -edge_65_0_+disjointig_29_0_13256 1 13254 13256 -1 -1 13036 0.00256444
Chain
	Aln	144	+2ae402f9-5a11-4fc3-976c-a5cc576ee7f3 8 1011 1029 +edge_73_0_+disjointig_38_0_17471 9 1012 17471 -1 -1 998 0
Chain
	Aln	145	-2ae402f9-5a11-4fc3-976c-a5cc576ee7f3 17 1020 1029 -edge_73_0_+disjointig_38_0_17471 16458 17461 17471 -1 -1 998 0
Chain
	Aln	249	+23f17f14-ae56-49c7-8634-779eb2c9e096 8 1503 1510 -edge_125_0_+disjointig_89_0_3182 1061 2556 3182 -1 -1 1495 0.000104762
Chain
	Aln	248	-23f17f14-ae56-49c7-8634-779eb2c9e096 6 1501 1510 +edge_125_0_+disjointig_89_0_3182 625 2120 3182 -1 -1 1495 0.000104762
Chain
	Aln	105	+d5be4c6b-6c1c-4c43-8503-aa608fe03f86 10 1239 1242 -edge_53_0_-disjointig_33_3514_20029 8819 10048 16515 -1 -1 1229 0.00165159
Chain
	Aln	104	-d5be4c6b-6c1c-4c43-8503-aa608fe03f86 2 1231 1242 +edge_53_0_-disjointig_33_3514_20029 6466 7695 16515 -1 -1 1229 0.00165159
Chain
	Aln	206	+91d2900c-be5e-43a1-a74c-cc63ba393120 17 1862 1864 +edge_104_0_+disjointig_64_0_30187 16474 18318 30187 -1 -1 1828 0
Chain
	Aln	207	-91d2900c-be5e-43a1-a74c-cc63ba393120 1 1846 1864 -edge_104_0_+disjointig_64_0_30187 11868 13712 30187 -1 -1 1828 0
Chain
	Aln	63	+aeb5d96e-8bbd-40d6-9558-d248c0c67898 13 8190 8193 -edge_32_0_+disjointig_114_0_19867 9869 18051 19867 -1 -1 8035 0.00204647
Chain
	Aln	62	-aeb5d96e-8bbd-40d6-9558-d248c0c67898 2 8179 8193 +edge_32_0_+disjointig_114_0_19867 1815 9997 19867 -1 -1 8035 0.00204647
Chain
	Aln	250	+3416b9ae-81f7-491a-8dab-951a008a394e 9 1419 1421 +edge_126_0_+disjointig_9_0_32692 17174 18585 32692 -1 -1 1390 0.00409462
Chain
	Aln	251	-3416b9ae-81f7-491a-8dab-951a008a394e 1 1411 1421 -edge_126_0_+disjointig_9_0_32692 14106 15517 32692 -1 -1 1390 0.00409462
Chain
	Aln	2	+c277c8fe-abe9-4fbc-9a97-9d65dc622cf7 19 2809 2815 +edge_2_0_+disjointig_10_0_7373 2052 4843 7373 -1 -1 2773 9.62843e-05
Chain
	Aln	3	-c277c8fe-abe9-4fbc-9a97-9d65dc622cf7 5 2795 2815 -edge_2_0_+disjointig_10_0_7373 2529 5320 7373 -1 -1 2773 9.62843e-05
Chain
	Aln	192	+cf79d882-0ef0-45f7-8604-e5b23f8defe7 10 1428 1433 +edge_97_0_+disjointig_57_0_5117 3293 4711 5117 -1 -1 1418 0.00197459
Chain
	Aln	193	-cf79d882-0ef0-45f7-8604-e5b23f8defe7 4 1422 1433 -edge_97_0_+disjointig_57_0_5117 405 1823 5117 -1 -1 1418 0.00197459
Chain
	Aln	129	+f2a5512d-2ef2-42ec-8188-5cd0ef9da104 9 3537 3539 -edge_65_0_+disjointig_29_0_13256 9724 13254 13256 -1 -1 3495 0.00158359
Chain
	Aln	128	-f2a5512d-2ef2-42ec-8188-5cd0ef9da104 1 3529 3539 +edge_65_0_+disjointig_29_0_13256 1 3531 13256 -1 -1 3495 0.00158359
Chain
	Aln	144	+bc0c87e9-e938-4066-82f6-65f5de60a431 3 2714 2719 +edge_73_0_+disjointig_38_0_17471 174 2892 17471 -1 -1 2688 0.00115206
Chain
	Aln	145	-bc0c87e9-e938-4066-82f6-65f5de60a431 4 2715 2719 -edge_73_0_+disjointig_38_0_17471 14578 17296 17471 -1 -1 2688 0.00115206
Chain
	Aln	241	+960b378e-c174-41db-aa20-4f3ebaf62811 16 3711 3713 -edge_121_0_+disjointig_84_0_14665 15 3710 14665 -1 -1 3695 0.00196008
Chain
	Aln	240	-960b378e-c174-41db-aa20-4f3ebaf62811 1 3696 3713 +edge_121_0_+disjointig_84_0_14665 10954 14649 14665 -1 -1 3695 0.00196008
Chain
	Aln	197	+3890ba11-e70a-4a81-976a-c09c4a8c25bb 9 2299 2301 -edge_99_0_+disjointig_6_0_3934 1640 3932 3934 -1 -1 2256 0.00160655
Chain
	Aln	196	-3890ba11-e70a-4a81-976a-c09c4a8c25bb 1 2291 2301 +edge_99_0_+disjointig_6_0_3934 1 2293 3934 -1 -1 2256 0.00160655
Chain
	Aln	31	+b6eda5a4-d109-4a7e-823a-30ab94742aa4 846 2819 3162 -edge_16_0_+disjointig_59_1087_3064 3 1976 1977 -1 -1 1931 0.00188259
Chain
	Aln	30	-b6eda5a4-d109-4a7e-823a-30ab94742aa4 342 2315 3162 +edge_16_0_+disjointig_59_1087_3064 0 1973 1977 -1 -1 1931 0.00188259
Chain
	Aln	274	+aea78806-9609-44b9-bbe0-ba4a91010c50 0 3426 8754 +edge_138_0_+disjointig_24_5721_14478 5333 8751 8757 -1 -1 3306 0.00525215
	Aln	274	+aea78806-9609-44b9-bbe0-ba4a91010c50 3433 8752 8754 +edge_138_0_+disjointig_24_5721_14478 1 5317 8757 -1 -1 5127 0.00241796
Chain
	Aln	275	-aea78806-9609-44b9-bbe0-ba4a91010c50 1 5320 8754 -edge_138_0_+disjointig_24_5721_14478 3439 8755 8757 -1 -1 5127 0.00241796
	Aln	275	-aea78806-9609-44b9-bbe0-ba4a91010c50 5327 8753 8754 -edge_138_0_+disjointig_24_5721_14478 5 3423 8757 -1 -1 3306 0.00525215
Chain
	Aln	135	+558ec10c-2bdc-4987-b9ba-620d9ef21066 10 13533 14501 -edge_68_0_+disjointig_32_0_16153 2619 16152 16153 -1 -1 13211 0.00273163
Chain
	Aln	134	-558ec10c-2bdc-4987-b9ba-620d9ef21066 967 14490 14501 +edge_68_0_+disjointig_32_0_16153 0 13533 16153 -1 -1 13211 0.00273163
Chain
	Aln	165	+c85eab74-cbc6-4b2b-bb06-7e8e3f261a4c 8 1079 1088 -edge_83_0_+disjointig_43_0_5249 1584 2655 5249 -1 -1 1071 0
Chain
	Aln	164	-c85eab74-cbc6-4b2b-bb06-7e8e3f261a4c 8 1079 1088 +edge_83_0_+disjointig_43_0_5249 2593 3664 5249 -1 -1 1071 0
Chain
	Aln	5	+3de3059c-5fec-4a22-9400-abc505af33fc 6 2950 2961 -edge_3_0_+disjointig_100_0_4936 1980 4925 4936 -1 -1 2928 0.000640823
Chain
	Aln	4	-3de3059c-5fec-4a22-9400-abc505af33fc 10 2954 2961 +edge_3_0_+disjointig_100_0_4936 10 2955 4936 -1 -1 2928 0.000640823
Chain
	Aln	148	+ac2fe086-ffcd-48db-b8c3-6266828a762b 4 10179 10182 +edge_75_0_+disjointig_4_0_11241 4 10179 11241 -1 -1 10114 0.000824543
Chain
	Aln	149	-ac2fe086-ffcd-48db-b8c3-6266828a762b 2 10177 10182 -edge_75_0_+disjointig_4_0_11241 1061 11236 11241 -1 -1 10114 0.000824543
Chain
	Aln	203	+0a745796-eb02-4181-b789-edcd742935ed 7 4346 4348 -edge_102_0_+disjointig_62_0_6937 2599 6935 6937 -1 -1 4275 0.000897938
Chain
	Aln	202	-0a745796-eb02-4181-b789-edcd742935ed 1 4340 4348 +edge_102_0_+disjointig_62_0_6937 1 4337 6937 -1 -1 4275 0.000897938
Chain
	Aln	45	+f7b9a25d-80c8-4a6d-b83d-e356de703a9f 19 2328 2331 -edge_23_0_+disjointig_106_0_4914 18 2327 4914 -1 -1 2309 0.00117617
Chain
	Aln	44	-f7b9a25d-80c8-4a6d-b83d-e356de703a9f 2 2311 2331 +edge_23_0_+disjointig_106_0_4914 2586 4895 4914 -1 -1 2309 0.00117617
Chain
	Aln	266	+f5b8f0c5-b56c-4243-ad21-14a1aaf20f44 1 7303 8798 +edge_134_0_+disjointig_97_0_7318 1 7300 7318 -1 -1 7178 0.00244565
Chain
	Aln	267	-f5b8f0c5-b56c-4243-ad21-14a1aaf20f44 1494 8796 8798 -edge_134_0_+disjointig_97_0_7318 17 7316 7318 -1 -1 7178 0.00244565
Chain
	Aln	191	+5507bcbf-591b-42c7-b4fd-20672ff3c36f 437 4790 4792 -edge_96_0_+disjointig_56_0_4374 17 4373 4374 -1 -1 4243 0.00685585
Chain
	Aln	190	-5507bcbf-591b-42c7-b4fd-20672ff3c36f 1 4354 4792 +edge_96_0_+disjointig_56_0_4374 0 4356 4374 -1 -1 4243 0.00685585
Chain
	Aln	273	+00034dc7-4c5d-465d-bb4e-65d2220ee4a1 3 1836 11144 -edge_137_1_+disjointig_31_9289_14170 3054 4880 4881 -1 -1 1772 0.00456634
Chain
	Aln	272	-00034dc7-4c5d-465d-bb4e-65d2220ee4a1 9307 11140 11144 +edge_137_1_+disjointig_31_9289_14170 0 1826 4881 -1 -1 1772 0.00456634
Chain
	Aln	273	+5868a01a-0fc2-4ea8-9160-a1e10f900ec6 147 4961 6465 -edge_137_1_+disjointig_31_9289_14170 10 4880 4881 -1 -1 4688 0.00380278
Chain
	Aln	272	-5868a01a-0fc2-4ea8-9160-a1e10f900ec6 1503 6317 6465 +edge_137_1_+disjointig_31_9289_14170 0 4870 4881 -1 -1 4688 0.00380278
Chain
	Aln	272	+aa0f5c7f-bb16-4dfc-897e-5dcd226cfe1d 9 613 7162 +edge_137_0_+disjointig_101_3150_7988 4230 4836 4838 -1 -1 597 0.00864832
Chain
	Aln	273	-aa0f5c7f-bb16-4dfc-897e-5dcd226cfe1d 6548 7152 7162 -edge_137_0_+disjointig_101_3150_7988 1 607 4838 -1 -1 597 0.00864832
Chain
	Aln	159	+96230a70-194c-47a7-8d5b-aba9540db566 6075 7794 8518 -edge_80_1_+disjointig_75_3483_5216 13 1732 1733 -1 -1 1719 0.000980505
Chain
	Aln	158	-96230a70-194c-47a7-8d5b-aba9540db566 723 2442 8518 +edge_80_1_+disjointig_75_3483_5216 0 1719 1733 -1 -1 1719 0.000980505
Chain
	Aln	273	+fabbe3f8-d9be-41a2-8914-a2b0181f99b0 9693 14753 17370 -edge_137_3_+disjointig_74_2600_7640 9 5039 5040 -1 -1 4905 0.00328217
Chain
	Aln	272	-fabbe3f8-d9be-41a2-8914-a2b0181f99b0 2616 7676 17370 +edge_137_3_+disjointig_74_2600_7640 0 5030 5040 -1 -1 4905 0.00328217
Chain
	Aln	272	+784a99f5-4373-411f-bc29-9b89c09b2fea 2535 7086 7092 +edge_137_3_+disjointig_74_2600_7640 4 4558 5040 -1 -1 4491 0.00187757
Chain
	Aln	273	-784a99f5-4373-411f-bc29-9b89c09b2fea 5 4556 7092 -edge_137_3_+disjointig_74_2600_7640 481 5035 5040 -1 -1 4491 0.00187757
Chain
	Aln	273	+726c1814-12c3-4f20-a057-beda2a9fb3b1 21 3275 4728 -edge_137_1_+disjointig_31_9289_14170 1632 4880 4881 -1 -1 3157 0.0029504
Chain
	Aln	272	-726c1814-12c3-4f20-a057-beda2a9fb3b1 1452 4706 4728 +edge_137_1_+disjointig_31_9289_14170 0 3248 4881 -1 -1 3157 0.0029504
Chain
	Aln	159	+f1bfddfd-e272-4408-89de-0737eb6584fb 7263 8981 9221 -edge_80_1_+disjointig_75_3483_5216 13 1732 1733 -1 -1 1652 0.00473858
Chain
	Aln	158	-f1bfddfd-e272-4408-89de-0737eb6584fb 239 1957 9221 +edge_80_1_+disjointig_75_3483_5216 0 1719 1733 -1 -1 1652 0.00473858
Chain
	Aln	98	+20f5a0f8-28a8-46a1-a2e1-eaf853919644 1890 3515 6568 +edge_50_1_-disjointig_33_1881_3514 9 1625 1633 -1 -1 1562 0.00588427
Chain
	Aln	99	-20f5a0f8-28a8-46a1-a2e1-eaf853919644 3052 4677 6568 -edge_50_1_-disjointig_33_1881_3514 7 1623 1633 -1 -1 1562 0.00588427
Chain
	Aln	26	+88c1c1ee-b21a-4e82-b646-67979e4c786b 1644 2714 6294 +edge_14_1_-disjointig_45_2137_3225 7 1077 1088 -1 -1 1070 0.00100934
Chain
	Aln	27	-88c1c1ee-b21a-4e82-b646-67979e4c786b 3579 4649 6294 -edge_14_1_-disjointig_45_2137_3225 10 1080 1088 -1 -1 1070 0.00100934
Chain
	Aln	26	+5319b406-7350-49c1-92ad-b39c55875fe4 1982 3047 3062 +edge_14_2_-disjointig_59_1977_3053 7 1073 1076 -1 -1 1056 0.00330592
Chain
	Aln	27	-5319b406-7350-49c1-92ad-b39c55875fe4 14 1079 3062 -edge_14_2_-disjointig_59_1977_3053 2 1068 1076 -1 -1 1056 0.00330592
Chain
	Aln	272	+914d88df-d176-46cd-8bfc-88b7ee89c478 1546 3793 3799 +edge_137_3_+disjointig_74_2600_7640 4 2240 5040 -1 -1 2174 0.00449855
Chain
	Aln	273	-914d88df-d176-46cd-8bfc-88b7ee89c478 5 2252 3799 -edge_137_3_+disjointig_74_2600_7640 2799 5035 5040 -1 -1 2174 0.00449855
Chain
	Aln	272	+18e39d03-afaa-4d26-bb88-6c82255099f9 7660 12249 12252 +edge_137_3_+disjointig_74_2600_7640 4 4558 5040 -1 -1 4369 0.00464972
Chain
	Aln	273	-18e39d03-afaa-4d26-bb88-6c82255099f9 2 4591 12252 -edge_137_3_+disjointig_74_2600_7640 481 5035 5040 -1 -1 4369 0.00464972
Chain
	Aln	273	+a03745ab-f509-4111-9dd3-544a6af898d6 3592 8416 10364 -edge_137_1_+disjointig_31_9289_14170 10 4880 4881 -1 -1 4688 0.00415864
Chain
	Aln	7	+a03745ab-f509-4111-9dd3-544a6af898d6 8434 10355 10364 -edge_4_0_+disjointig_101_0_3150 12 1938 3150 -1 -1 1887 0.00324121
Chain
	Aln	6	-a03745ab-f509-4111-9dd3-544a6af898d6 8 1929 10364 +edge_4_0_+disjointig_101_0_3150 1211 3137 3150 -1 -1 1887 0.00324121
Chain
	Aln	272	-a03745ab-f509-4111-9dd3-544a6af898d6 1947 6771 10364 +edge_137_1_+disjointig_31_9289_14170 0 4870 4881 -1 -1 4688 0.00415864
Chain
	Aln	6	+56cb9637-431b-4262-a17c-f4f5cc31390a 5770 8902 18159 +edge_4_0_+disjointig_101_0_3150 1 3142 3150 -1 -1 3100 0.00235527
Chain
	Aln	272	+56cb9637-431b-4262-a17c-f4f5cc31390a 8910 13739 18159 +edge_137_0_+disjointig_101_3150_7988 0 4836 4838 -1 -1 4511 0.00622521
Chain
	Aln	273	-56cb9637-431b-4262-a17c-f4f5cc31390a 4419 9248 18159 -edge_137_0_+disjointig_101_3150_7988 1 4837 4838 -1 -1 4511 0.00622521
Chain
	Aln	7	-56cb9637-431b-4262-a17c-f4f5cc31390a 9256 12388 18159 -edge_4_0_+disjointig_101_0_3150 7 3148 3150 -1 -1 3100 0.00235527
