[2026-02-20 17:57:55] root: INFO: Starting Flye 2.9.6-b1802
[2026-02-20 17:57:55] root: DEBUG: Cmd: /data/softs/Miniforge3-25.11.0-0/envs/flye-2.9.6/bin/flye --meta --nano-hq /scratch/ky/characterization/FASTQ/SQK-RBK114-96_barcode35.fastq -o /scratch/ky/characterization/results/barcode35/assembly/ -t 16
[2026-02-20 17:57:55] root: DEBUG: Python version: 3.12.12 | packaged by conda-forge | (main, Jan 26 2026, 23:51:32) [GCC 14.3.0]
[2026-02-20 17:57:55] root: INFO: >>>STAGE: configure
[2026-02-20 17:57:55] root: INFO: Configuring run
[2026-02-20 17:57:57] root: INFO: Total read length: 631047117
[2026-02-20 17:57:57] root: INFO: Reads N50/N90: 6241 / 1540
[2026-02-20 17:57:57] root: INFO: Minimum overlap set to 2000
[2026-02-20 17:57:57] root: INFO: >>>STAGE: assembly
[2026-02-20 17:57:57] root: INFO: Assembling disjointigs
[2026-02-20 17:57:57] root: DEBUG: -----Begin assembly log------
[2026-02-20 17:57:57] root: DEBUG: Running: flye-modules assemble --reads /scratch/ky/characterization/FASTQ/SQK-RBK114-96_barcode35.fastq --out-asm /scratch/ky/characterization/results/barcode35/assembly/00-assembly/draft_assembly.fasta --config /data/softs/Miniforge3-25.11.0-0/envs/flye-2.9.6/lib/python3.12/site-packages/flye/config/bin_cfg/asm_nano_hq.cfg --log /scratch/ky/characterization/results/barcode35/assembly/flye.log --threads 16 --meta --min-ovlp 2000
[2026-02-20 17:57:57] DEBUG: Build date: May  4 2025 23:17:52
[2026-02-20 17:57:57] DEBUG: Total RAM: 251 Gb
[2026-02-20 17:57:57] DEBUG: Available RAM: 246 Gb
[2026-02-20 17:57:57] DEBUG: Total CPUs: 32
[2026-02-20 17:57:57] DEBUG: Loading /data/softs/Miniforge3-25.11.0-0/envs/flye-2.9.6/lib/python3.12/site-packages/flye/config/bin_cfg/asm_nano_hq.cfg
[2026-02-20 17:57:57] DEBUG: Loading /data/softs/Miniforge3-25.11.0-0/envs/flye-2.9.6/lib/python3.12/site-packages/flye/config/bin_cfg/asm_defaults.cfg
[2026-02-20 17:57:57] DEBUG: 	big_genome_threshold=29000000
[2026-02-20 17:57:57] DEBUG: 	meta_read_filter_kmer_freq=100
[2026-02-20 17:57:57] DEBUG: 	chain_large_gap_penalty=2
[2026-02-20 17:57:57] DEBUG: 	chain_small_gap_penalty=0.5
[2026-02-20 17:57:57] DEBUG: 	chain_gap_jump_threshold=100
[2026-02-20 17:57:57] DEBUG: 	max_jump_gap=500
[2026-02-20 17:57:57] DEBUG: 	max_coverage_drop_rate=5
[2026-02-20 17:57:57] DEBUG: 	max_extensions_drop_rate=5
[2026-02-20 17:57:57] DEBUG: 	chimera_window=100
[2026-02-20 17:57:57] DEBUG: 	chimera_overhang=1000
[2026-02-20 17:57:57] DEBUG: 	min_reads_in_disjointig=4
[2026-02-20 17:57:57] DEBUG: 	max_inner_reads=10
[2026-02-20 17:57:57] DEBUG: 	max_inner_fraction=0.25
[2026-02-20 17:57:57] DEBUG: 	aggressive_dup_filter=1
[2026-02-20 17:57:57] DEBUG: 	max_separation=500
[2026-02-20 17:57:57] DEBUG: 	unique_edge_length=50000
[2026-02-20 17:57:57] DEBUG: 	min_repeat_res_support=0.51
[2026-02-20 17:57:57] DEBUG: 	out_paths_ratio=5
[2026-02-20 17:57:57] DEBUG: 	graph_cov_drop_rate=5
[2026-02-20 17:57:57] DEBUG: 	coverage_estimate_window=100
[2026-02-20 17:57:57] DEBUG: 	max_bubble_length=50000
[2026-02-20 17:57:57] DEBUG: 	loop_coverage_rate=1.5
[2026-02-20 17:57:57] DEBUG: 	repeat_edge_cov_mult=1.75
[2026-02-20 17:57:57] DEBUG: 	weak_detach_rate=5
[2026-02-20 17:57:57] DEBUG: 	tip_coverage_rate=2
[2026-02-20 17:57:57] DEBUG: 	tip_length_rate=2
[2026-02-20 17:57:57] DEBUG: 	output_gfa_before_rr=1
[2026-02-20 17:57:57] DEBUG: 	remove_alt_edges=0
[2026-02-20 17:57:57] DEBUG: 	low_cutoff_warning=0
[2026-02-20 17:57:57] DEBUG: 	kmer_size=17
[2026-02-20 17:57:57] DEBUG: 	use_minimizers=1
[2026-02-20 17:57:57] DEBUG: 	minimizer_window=10
[2026-02-20 17:57:57] DEBUG: 	reads_base_alignment=1
[2026-02-20 17:57:57] DEBUG: 	meta_read_top_kmer_rate=0.75
[2026-02-20 17:57:57] DEBUG: 	maximum_jump=1500
[2026-02-20 17:57:57] DEBUG: 	maximum_overhang=1500
[2026-02-20 17:57:57] DEBUG: 	repeat_kmer_rate=100
[2026-02-20 17:57:57] DEBUG: 	assemble_ovlp_divergence=0.03
[2026-02-20 17:57:57] DEBUG: 	assemble_divergence_relative=1
[2026-02-20 17:57:57] DEBUG: 	repeat_graph_ovlp_divergence=0.03
[2026-02-20 17:57:57] DEBUG: 	read_align_ovlp_divergence=0.10
[2026-02-20 17:57:57] DEBUG: 	hpc_scoring_on=1
[2026-02-20 17:57:57] DEBUG: 	add_unassembled_reads=0
[2026-02-20 17:57:57] DEBUG: 	extend_contigs_with_repeats=0
[2026-02-20 17:57:57] DEBUG: 	min_read_cov_cutoff=3
[2026-02-20 17:57:57] DEBUG: 	short_tip_length=20000
[2026-02-20 17:57:57] DEBUG: 	long_tip_length=100000
[2026-02-20 17:57:57] DEBUG: Running with k-mer size: 17
[2026-02-20 17:57:57] DEBUG: Running with minimum overlap 2000
[2026-02-20 17:57:57] DEBUG: Metagenome mode: Y
[2026-02-20 17:57:57] DEBUG: Short mode: N
[2026-02-20 17:57:57] INFO: Reading sequences
[2026-02-20 17:57:59] DEBUG: Building positional index
[2026-02-20 17:57:59] DEBUG: Total sequence: 551330976 bp
[2026-02-20 17:57:59] INFO: Building minimizer index
[2026-02-20 17:57:59] INFO: Pre-calculating index storage
[2026-02-20 17:58:02] DEBUG: Mean k-mer frequency: 21.2657
[2026-02-20 17:58:02] DEBUG: Repetitive k-mer frequency: 2126
[2026-02-20 17:58:02] DEBUG: Filtered 34786083 repetitive k-mers (0.346873)
[2026-02-20 17:58:02] INFO: Filling index
[2026-02-20 17:58:05] DEBUG: Sorting k-mer index
[2026-02-20 17:58:05] DEBUG: Selected k-mers: 4711931
[2026-02-20 17:58:05] DEBUG: K-mer index size: 65498654
[2026-02-20 17:58:05] DEBUG: Mean k-mer frequency: 13.9006
[2026-02-20 17:58:05] DEBUG: Minimizer rate: 8.41744
[2026-02-20 17:58:05] DEBUG: Peak RAM usage: 0 Gb
[2026-02-20 17:58:05] DEBUG: Estimating k-mer identity bias
[2026-02-20 17:58:10] DEBUG: Initial divergence estimate : 0.0178153
[2026-02-20 17:58:10] DEBUG: Relative threshold: Y
[2026-02-20 17:58:10] DEBUG: Max divergence threshold set to 0.0478153
[2026-02-20 17:58:10] INFO: Extending reads
[2026-02-20 17:58:10] DEBUG: Estimating overlap coverage
[2026-02-20 17:59:12] INFO: Overlap-based coverage: 75
[2026-02-20 17:59:12] INFO: Median overlap divergence: 0.0145033
[2026-02-20 17:59:12] DEBUG: Sequence divergence distribution: 

    | *       |                                                                                          
    |**       |                                                                                          
    |**       |                                                                                          
    |**       |                                                                                          
    |**       |                                                                                          
    |**       |                                                                                          
    |**       |                                                                                          
    |***      |                                                                                          
    |***      |                                                                                          
    |***      |                                                                                          
    |***      |                                                                                          
    |***      |                                                                                          
    |***      |                                                                                          
    |*** **   |                                                                                          
    |******   |                                                                                          
    |******   |                                                                                          
    |*********|                                                                                          
    |*********** *                                                                                       
    |****************  *                                                                                 
    |************************** *  *                                                                     
    ----------------------------------------------------------------------------------------------------
    0%        5%        10%       15%       20%       25%       30%       35%       40%       45%       

    Q25 = 0.006, Q50 = 0.015, Q75 = 0.038

[2026-02-20 17:59:14] DEBUG: Assembled disjointig 1
	With 20 reads
	Start read: +92666fc3-dae1-4934-9cb5-3cad1c7be68f
	At position: 14
	leftTip: 0 rightTip: 0
	Suspicious: 0
	Short ext: 0
	Mean extensions: 148
	Avg overlap len: 9609
	Min overlap len: 5473
	Inner reads: 0
	Length: 53839
[2026-02-20 17:59:14] DEBUG: Inner: 656 covered: 2434 total: 180030
[2026-02-20 17:59:14] DEBUG: Discarded disjointig with 14 reads and 8 inner overlaps
[2026-02-20 17:59:14] DEBUG: Assembled disjointig 2
	With 7 reads
	Start read: +aff3a0b0-ffa3-4bfe-862c-949f94a49539
	At position: 5
	leftTip: 0 rightTip: 0
	Suspicious: 1
	Short ext: 1
	Mean extensions: 39
	Avg overlap len: 2500
	Min overlap len: 1532
	Inner reads: 0
	Length: 18884
[2026-02-20 17:59:14] DEBUG: Inner: 10164 covered: 9816 total: 180030
[2026-02-20 17:59:14] DEBUG: Discarded disjointig with 6 reads and 3 inner overlaps
[2026-02-20 17:59:14] DEBUG: Discarded disjointig with 6 reads and 3 inner overlaps
[2026-02-20 17:59:14] DEBUG: Discarded disjointig with 6 reads and 3 inner overlaps
[2026-02-20 17:59:14] DEBUG: Discarded disjointig with 5 reads and 2 inner overlaps
[2026-02-20 17:59:14] DEBUG: Discarded disjointig with 18 reads and 11 inner overlaps
[2026-02-20 17:59:14] DEBUG: Discarded disjointig with 19 reads and 13 inner overlaps
[2026-02-20 17:59:14] DEBUG: Assembled disjointig 3
	With 3 reads
	Start read: +bcce1f41-18ae-4195-819b-655d3faee709
	At position: 2
	leftTip: 0 rightTip: 0
	Suspicious: 0
	Short ext: 0
	Mean extensions: 42
	Avg overlap len: 2761
	Min overlap len: 2222
	Inner reads: 0
	Length: 9482
[2026-02-20 17:59:14] DEBUG: Inner: 10178 covered: 9844 total: 180030
[2026-02-20 17:59:14] DEBUG: Assembled disjointig 4
	With 5 reads
	Start read: +5f8c4ec7-5eba-44ee-af52-20dd2d77ff4b
	At position: 3
	leftTip: 0 rightTip: 0
	Suspicious: 0
	Short ext: 0
	Mean extensions: 170
	Avg overlap len: 10529
	Min overlap len: 9984
	Inner reads: 0
	Length: 20287
[2026-02-20 17:59:14] DEBUG: Inner: 10228 covered: 9948 total: 180030
[2026-02-20 17:59:14] DEBUG: Assembled disjointig 5
	With 4 reads
	Start read: +b798003f-0eae-4475-9139-f729717246d9
	At position: 2
	leftTip: 0 rightTip: 0
	Suspicious: 0
	Short ext: 0
	Mean extensions: 39
	Avg overlap len: 2664
	Min overlap len: 2117
	Inner reads: 0
	Length: 9486
[2026-02-20 17:59:14] DEBUG: Inner: 10680 covered: 10320 total: 180030
[2026-02-20 17:59:14] DEBUG: Discarded disjointig with 11 reads and 5 inner overlaps
[2026-02-20 17:59:15] DEBUG: Assembled disjointig 6
	With 3 reads
	Start read: +295e2ffc-886b-42d4-b544-02d098c4aad2
	At position: 2
	leftTip: 0 rightTip: 0
	Suspicious: 0
	Short ext: 0
	Mean extensions: 174
	Avg overlap len: 10657
	Min overlap len: 10515
	Inner reads: 0
	Length: 14436
[2026-02-20 17:59:15] DEBUG: Inner: 10710 covered: 10394 total: 180030
[2026-02-20 17:59:16] DEBUG: Assembled disjointig 7
	With 25 reads
	Start read: +f69fbc10-d1c5-4ad2-ad5c-fcc14b077979
	At position: 11
	leftTip: 0 rightTip: 0
	Suspicious: 0
	Short ext: 0
	Mean extensions: 198
	Avg overlap len: 4382
	Min overlap len: 3661
	Inner reads: 0
	Length: 46556
[2026-02-20 17:59:16] DEBUG: Inner: 12344 covered: 13462 total: 180030
[2026-02-20 17:59:17] DEBUG: Discarded disjointig with 26 reads and 22 inner overlaps
[2026-02-20 17:59:17] DEBUG: Discarded disjointig with 16 reads and 12 inner overlaps
[2026-02-20 17:59:30] DEBUG: Assembled disjointig 8
	With 620 reads
	Start read: +8d08c115-f523-4630-9e4f-9b75118ff39e
	At position: 615
	leftTip: 1 rightTip: 0
	Suspicious: 0
	Short ext: 0
	Mean extensions: 46
	Avg overlap len: 24081
	Min overlap len: 10506
	Inner reads: 0
	Length: 4797256
[2026-02-20 17:59:30] DEBUG: Inner: 95134 covered: 96258 total: 180030
[2026-02-20 17:59:30] DEBUG: Discarded disjointig with 623 reads and 621 inner overlaps
[2026-02-20 17:59:30] DEBUG: Discarded disjointig with 242 reads and 240 inner overlaps
[2026-02-20 17:59:31] DEBUG: Discarded disjointig with 285 reads and 283 inner overlaps
[2026-02-20 17:59:31] DEBUG: Discarded disjointig with 164 reads and 162 inner overlaps
[2026-02-20 17:59:31] DEBUG: Discarded disjointig with 595 reads and 593 inner overlaps
[2026-02-20 17:59:31] DEBUG: Discarded disjointig with 622 reads and 620 inner overlaps
[2026-02-20 17:59:31] DEBUG: Discarded disjointig with 516 reads and 514 inner overlaps
[2026-02-20 17:59:31] DEBUG: Discarded disjointig with 621 reads and 619 inner overlaps
[2026-02-20 17:59:31] DEBUG: Discarded disjointig with 617 reads and 615 inner overlaps
[2026-02-20 17:59:31] DEBUG: Discarded disjointig with 620 reads and 618 inner overlaps
[2026-02-20 17:59:31] DEBUG: Discarded disjointig with 618 reads and 616 inner overlaps
[2026-02-20 17:59:31] DEBUG: Discarded disjointig with 621 reads and 619 inner overlaps
[2026-02-20 17:59:31] DEBUG: Discarded disjointig with 618 reads and 616 inner overlaps
[2026-02-20 17:59:31] DEBUG: Discarded disjointig with 620 reads and 618 inner overlaps
[2026-02-20 17:59:31] DEBUG: Assembled disjointig 9
	With 3 reads
	Start read: +e27cf0a2-7c05-462c-9804-21e326505ee0
	At position: 2
	leftTip: 0 rightTip: 0
	Suspicious: 0
	Short ext: 0
	Mean extensions: 188
	Avg overlap len: 10566
	Min overlap len: 10071
	Inner reads: 0
	Length: 16388
[2026-02-20 17:59:31] DEBUG: Inner: 95144 covered: 96384 total: 180030
[2026-02-20 17:59:31] DEBUG: Discarded disjointig with 338 reads and 336 inner overlaps
[2026-02-20 17:59:31] DEBUG: Assembled disjointig 10
	With 3 reads
	Start read: +b0e616a8-654e-4f06-9a83-6102be824e43
	At position: 2
	leftTip: 0 rightTip: 0
	Suspicious: 0
	Short ext: 0
	Mean extensions: 229
	Avg overlap len: 10248
	Min overlap len: 10134
	Inner reads: 0
	Length: 16972
[2026-02-20 17:59:31] DEBUG: Inner: 95162 covered: 96414 total: 180030
[2026-02-20 17:59:31] DEBUG: Assembled disjointig 11
	With 3 reads
	Start read: +ea9bd3d3-823b-428d-8809-6f91ffe4ddfa
	At position: 2
	leftTip: 0 rightTip: 0
	Suspicious: 0
	Short ext: 0
	Mean extensions: 156
	Avg overlap len: 10756
	Min overlap len: 10220
	Inner reads: 0
	Length: 16045
[2026-02-20 17:59:31] DEBUG: Inner: 95204 covered: 96528 total: 180030
[2026-02-20 17:59:31] DEBUG: Assembled disjointig 12
	With 3 reads
	Start read: +62298ad9-6e10-4a9f-a4c9-2679a8bdf192
	At position: 2
	leftTip: 0 rightTip: 0
	Suspicious: 0
	Short ext: 0
	Mean extensions: 180
	Avg overlap len: 10453
	Min overlap len: 9897
	Inner reads: 0
	Length: 15561
[2026-02-20 17:59:31] DEBUG: Inner: 95222 covered: 96584 total: 180030
[2026-02-20 17:59:31] DEBUG: Assembled disjointig 13
	With 3 reads
	Start read: +ea906502-83b2-49f9-88d9-7b79e5cab957
	At position: 2
	leftTip: 0 rightTip: 0
	Suspicious: 0
	Short ext: 0
	Mean extensions: 190
	Avg overlap len: 10321
	Min overlap len: 9711
	Inner reads: 0
	Length: 16590
[2026-02-20 17:59:31] DEBUG: Inner: 95226 covered: 96596 total: 180030
[2026-02-20 17:59:31] DEBUG: Assembled disjointig 14
	With 4 reads
	Start read: +40584ff8-a633-44ac-9820-f5c25991c145
	At position: 2
	leftTip: 0 rightTip: 0
	Suspicious: 0
	Short ext: 0
	Mean extensions: 63
	Avg overlap len: 2977
	Min overlap len: 2610
	Inner reads: 0
	Length: 19679
[2026-02-20 17:59:31] DEBUG: Inner: 95250 covered: 96720 total: 180030
[2026-02-20 17:59:31] DEBUG: Assembled disjointig 15
	With 3 reads
	Start read: +676194a0-6c8f-4b66-bf51-26f36b94c9c4
	At position: 2
	leftTip: 0 rightTip: 0
	Suspicious: 0
	Short ext: 0
	Mean extensions: 287
	Avg overlap len: 10606
	Min overlap len: 10475
	Inner reads: 0
	Length: 15934
[2026-02-20 17:59:31] DEBUG: Inner: 95258 covered: 96786 total: 180030
[2026-02-20 17:59:31] DEBUG: Assembled disjointig 16
	With 3 reads
	Start read: +3b0cb574-ef06-49af-bfc3-85c5d9fe25b1
	At position: 2
	leftTip: 0 rightTip: 0
	Suspicious: 0
	Short ext: 0
	Mean extensions: 182
	Avg overlap len: 10735
	Min overlap len: 10360
	Inner reads: 0
	Length: 16308
[2026-02-20 17:59:31] DEBUG: Inner: 95282 covered: 96840 total: 180030
[2026-02-20 17:59:31] DEBUG: Assembled disjointig 17
	With 4 reads
	Start read: +7747e350-5fe2-41c6-bfa2-a83c18e0aeb9
	At position: 3
	leftTip: 0 rightTip: 0
	Suspicious: 0
	Short ext: 0
	Mean extensions: 75
	Avg overlap len: 3621
	Min overlap len: 3553
	Inner reads: 0
	Length: 21699
[2026-02-20 17:59:31] DEBUG: Inner: 95310 covered: 96916 total: 180030
[2026-02-20 17:59:31] DEBUG: Assembled disjointig 18
	With 3 reads
	Start read: +db2d133e-8235-48e5-9a88-3c1260b7d901
	At position: 2
	leftTip: 0 rightTip: 0
	Suspicious: 0
	Short ext: 0
	Mean extensions: 203
	Avg overlap len: 10770
	Min overlap len: 10053
	Inner reads: 0
	Length: 15750
[2026-02-20 17:59:31] DEBUG: Inner: 95336 covered: 96948 total: 180030
[2026-02-20 17:59:31] DEBUG: Assembled disjointig 19
	With 3 reads
	Start read: +3f901a02-1cd0-403c-a506-062251f4e82f
	At position: 2
	leftTip: 0 rightTip: 0
	Suspicious: 0
	Short ext: 0
	Mean extensions: 238
	Avg overlap len: 10896
	Min overlap len: 9490
	Inner reads: 0
	Length: 17019
[2026-02-20 17:59:31] DEBUG: Inner: 95344 covered: 97010 total: 180030
[2026-02-20 17:59:31] DEBUG: Assembled disjointig 20
	With 3 reads
	Start read: +0a4728f6-dee0-43ff-a177-dbafd44025a5
	At position: 2
	leftTip: 0 rightTip: 0
	Suspicious: 0
	Short ext: 0
	Mean extensions: 269
	Avg overlap len: 10661
	Min overlap len: 10076
	Inner reads: 0
	Length: 16173
[2026-02-20 17:59:31] DEBUG: Inner: 95356 covered: 97078 total: 180030
[2026-02-20 17:59:31] DEBUG: Assembled disjointig 21
	With 3 reads
	Start read: +010bbcb9-7362-442a-a00d-50c60c9ad327
	At position: 2
	leftTip: 0 rightTip: 0
	Suspicious: 0
	Short ext: 0
	Mean extensions: 265
	Avg overlap len: 9673
	Min overlap len: 9434
	Inner reads: 0
	Length: 16651
[2026-02-20 17:59:31] DEBUG: Inner: 95364 covered: 97138 total: 180030
[2026-02-20 17:59:31] DEBUG: Assembled disjointig 22
	With 4 reads
	Start read: +c7892ae2-3572-4987-85ea-72c61d86b918
	At position: 2
	leftTip: 0 rightTip: 0
	Suspicious: 0
	Short ext: 0
	Mean extensions: 173
	Avg overlap len: 4147
	Min overlap len: 3867
	Inner reads: 0
	Length: 19741
[2026-02-20 17:59:31] DEBUG: Inner: 95382 covered: 97208 total: 180030
[2026-02-20 17:59:31] DEBUG: Assembled disjointig 23
	With 6 reads
	Start read: +b212f8e1-3529-4868-8ddf-79cb68704033
	At position: 5
	leftTip: 0 rightTip: 0
	Suspicious: 0
	Short ext: 0
	Mean extensions: 96
	Avg overlap len: 7223
	Min overlap len: 2088
	Inner reads: 0
	Length: 18826
[2026-02-20 17:59:31] DEBUG: Inner: 95406 covered: 97294 total: 180030
[2026-02-20 17:59:31] DEBUG: Assembled disjointig 24
	With 3 reads
	Start read: +cc437e03-ccdf-4415-918d-41f2ade3164d
	At position: 2
	leftTip: 0 rightTip: 0
	Suspicious: 0
	Short ext: 0
	Mean extensions: 97
	Avg overlap len: 2929
	Min overlap len: 2925
	Inner reads: 0
	Length: 15348
[2026-02-20 17:59:31] DEBUG: Inner: 95414 covered: 97329 total: 180030
[2026-02-20 17:59:31] DEBUG: Assembled disjointig 25
	With 4 reads
	Start read: +032c8ad7-7126-4ebc-9c31-b42fbf0ac43b
	At position: 3
	leftTip: 0 rightTip: 0
	Suspicious: 0
	Short ext: 0
	Mean extensions: 179
	Avg overlap len: 5056
	Min overlap len: 4703
	Inner reads: 0
	Length: 16416
[2026-02-20 17:59:31] DEBUG: Inner: 95422 covered: 97388 total: 180030
[2026-02-20 17:59:31] DEBUG: Assembled disjointig 26
	With 3 reads
	Start read: +2cd63be9-1f02-476f-9f48-d8710619429f
	At position: 2
	leftTip: 0 rightTip: 0
	Suspicious: 0
	Short ext: 0
	Mean extensions: 230
	Avg overlap len: 9598
	Min overlap len: 9422
	Inner reads: 0
	Length: 16757
[2026-02-20 17:59:31] DEBUG: Inner: 95430 covered: 97414 total: 180030
[2026-02-20 17:59:31] DEBUG: Assembled disjointig 27
	With 3 reads
	Start read: +e4e38162-60dc-4b09-8c35-c9475e8c1fbb
	At position: 2
	leftTip: 0 rightTip: 0
	Suspicious: 0
	Short ext: 0
	Mean extensions: 250
	Avg overlap len: 10476
	Min overlap len: 10198
	Inner reads: 0
	Length: 16603
[2026-02-20 17:59:31] DEBUG: Inner: 95442 covered: 97468 total: 180030
[2026-02-20 17:59:31] DEBUG: Assembled disjointig 28
	With 4 reads
	Start read: +d0312ef8-fd6f-45a4-8e6f-54d6fddf1046
	At position: 2
	leftTip: 0 rightTip: 0
	Suspicious: 0
	Short ext: 0
	Mean extensions: 144
	Avg overlap len: 6214
	Min overlap len: 6186
	Inner reads: 0
	Length: 17277
[2026-02-20 17:59:31] DEBUG: Inner: 95454 covered: 97518 total: 180030
[2026-02-20 17:59:31] DEBUG: Assembled disjointig 29
	With 3 reads
	Start read: +74744dea-ab4b-4c2f-820d-91d1b69d76c2
	At position: 2
	leftTip: 0 rightTip: 0
	Suspicious: 0
	Short ext: 0
	Mean extensions: 301
	Avg overlap len: 10333
	Min overlap len: 10231
	Inner reads: 0
	Length: 15366
[2026-02-20 17:59:31] DEBUG: Inner: 95456 covered: 97588 total: 180030
[2026-02-20 17:59:31] DEBUG: Assembled disjointig 30
	With 4 reads
	Start read: +b32d8e1c-5fda-4f71-915b-665a662c293e
	At position: 3
	leftTip: 0 rightTip: 0
	Suspicious: 0
	Short ext: 0
	Mean extensions: 213
	Avg overlap len: 6963
	Min overlap len: 6573
	Inner reads: 0
	Length: 19851
[2026-02-20 17:59:31] DEBUG: Inner: 95464 covered: 97662 total: 180030
[2026-02-20 17:59:31] DEBUG: Assembled disjointig 31
	With 3 reads
	Start read: +e9fc034b-3a32-4710-ba07-bd6ed3cc51c7
	At position: 2
	leftTip: 0 rightTip: 0
	Suspicious: 0
	Short ext: 0
	Mean extensions: 182
	Avg overlap len: 10636
	Min overlap len: 10371
	Inner reads: 0
	Length: 14366
[2026-02-20 17:59:31] DEBUG: Inner: 95470 covered: 97680 total: 180030
[2026-02-20 17:59:32] DEBUG: Assembled disjointig 32
	With 4 reads
	Start read: +01106da9-17c6-4e96-ae9d-e990f9a52771
	At position: 3
	leftTip: 0 rightTip: 0
	Suspicious: 0
	Short ext: 0
	Mean extensions: 153
	Avg overlap len: 7327
	Min overlap len: 7322
	Inner reads: 0
	Length: 18647
[2026-02-20 17:59:32] DEBUG: Inner: 95476 covered: 97738 total: 180030
[2026-02-20 17:59:32] DEBUG: Assembled disjointig 33
	With 3 reads
	Start read: +3e1bf413-1d86-46ef-80be-7ba06cb32d9c
	At position: 2
	leftTip: 0 rightTip: 0
	Suspicious: 0
	Short ext: 0
	Mean extensions: 310
	Avg overlap len: 10234
	Min overlap len: 9774
	Inner reads: 0
	Length: 16676
[2026-02-20 17:59:32] DEBUG: Inner: 95486 covered: 97766 total: 180030
[2026-02-20 17:59:32] DEBUG: Assembled disjointig 34
	With 3 reads
	Start read: +c8f140f3-4439-4ef8-b46a-c242be2d9a8d
	At position: 2
	leftTip: 0 rightTip: 0
	Suspicious: 0
	Short ext: 0
	Mean extensions: 262
	Avg overlap len: 10552
	Min overlap len: 10289
	Inner reads: 0
	Length: 16250
[2026-02-20 17:59:32] DEBUG: Inner: 95502 covered: 97804 total: 180030
[2026-02-20 17:59:32] DEBUG: Assembled disjointig 35
	With 5 reads
	Start read: +1bde859f-142b-4296-afda-d786ea44bbd0
	At position: 3
	leftTip: 0 rightTip: 0
	Suspicious: 0
	Short ext: 0
	Mean extensions: 215
	Avg overlap len: 9167
	Min overlap len: 5130
	Inner reads: 0
	Length: 23966
[2026-02-20 17:59:32] DEBUG: Inner: 95518 covered: 97904 total: 180030
[2026-02-20 17:59:32] DEBUG: Assembled disjointig 36
	With 3 reads
	Start read: +772b0219-634e-4a8d-9304-cf8d0738a66a
	At position: 2
	leftTip: 0 rightTip: 0
	Suspicious: 0
	Short ext: 0
	Mean extensions: 196
	Avg overlap len: 8166
	Min overlap len: 8111
	Inner reads: 0
	Length: 14486
[2026-02-20 17:59:32] DEBUG: Inner: 95520 covered: 97914 total: 180030
[2026-02-20 17:59:32] DEBUG: Assembled disjointig 37
	With 3 reads
	Start read: +8f42f65b-9932-4827-8de2-83de6b3a9a4a
	At position: 2
	leftTip: 0 rightTip: 0
	Suspicious: 0
	Short ext: 0
	Mean extensions: 310
	Avg overlap len: 10397
	Min overlap len: 10277
	Inner reads: 0
	Length: 15893
[2026-02-20 17:59:32] DEBUG: Inner: 95526 covered: 97940 total: 180030
[2026-02-20 17:59:32] DEBUG: Assembled disjointig 38
	With 3 reads
	Start read: +33265c21-0ada-4fbe-a967-b1a7ff390a03
	At position: 2
	leftTip: 0 rightTip: 0
	Suspicious: 0
	Short ext: 0
	Mean extensions: 294
	Avg overlap len: 10425
	Min overlap len: 10131
	Inner reads: 0
	Length: 16270
[2026-02-20 17:59:32] DEBUG: Inner: 95530 covered: 98040 total: 180030
[2026-02-20 17:59:32] DEBUG: Assembled disjointig 39
	With 3 reads
	Start read: +e393decd-a5f6-493d-8f07-118fa4d90433
	At position: 2
	leftTip: 0 rightTip: 0
	Suspicious: 0
	Short ext: 0
	Mean extensions: 220
	Avg overlap len: 10154
	Min overlap len: 9912
	Inner reads: 0
	Length: 16131
[2026-02-20 17:59:32] DEBUG: Inner: 95538 covered: 98078 total: 180030
[2026-02-20 17:59:32] DEBUG: Assembled disjointig 40
	With 3 reads
	Start read: +69e93d92-97b8-4c8f-b113-f0e4618bc4bb
	At position: 2
	leftTip: 0 rightTip: 0
	Suspicious: 0
	Short ext: 0
	Mean extensions: 206
	Avg overlap len: 10186
	Min overlap len: 9848
	Inner reads: 0
	Length: 17147
[2026-02-20 17:59:32] DEBUG: Inner: 95542 covered: 98086 total: 180030
[2026-02-20 17:59:32] DEBUG: Assembled disjointig 41
	With 3 reads
	Start read: +ee217c68-37f6-4571-998e-2590046fd686
	At position: 2
	leftTip: 0 rightTip: 0
	Suspicious: 0
	Short ext: 0
	Mean extensions: 281
	Avg overlap len: 10815
	Min overlap len: 9347
	Inner reads: 0
	Length: 16725
[2026-02-20 17:59:32] DEBUG: Inner: 95546 covered: 98132 total: 180030
[2026-02-20 17:59:32] DEBUG: Assembled disjointig 42
	With 3 reads
	Start read: +688fc23f-f318-4a38-b8ae-10984d2ca3f6
	At position: 2
	leftTip: 0 rightTip: 0
	Suspicious: 0
	Short ext: 0
	Mean extensions: 286
	Avg overlap len: 10406
	Min overlap len: 9840
	Inner reads: 0
	Length: 16569
[2026-02-20 17:59:32] DEBUG: Inner: 95548 covered: 98152 total: 180030
[2026-02-20 17:59:32] DEBUG: Assembled disjointig 43
	With 3 reads
	Start read: +f98ad502-4ba5-4e22-b2df-e3e10ce6577c
	At position: 2
	leftTip: 0 rightTip: 0
	Suspicious: 0
	Short ext: 0
	Mean extensions: 271
	Avg overlap len: 10778
	Min overlap len: 9433
	Inner reads: 0
	Length: 16196
[2026-02-20 17:59:32] DEBUG: Inner: 95558 covered: 98168 total: 180030
[2026-02-20 17:59:33] DEBUG: Assembled disjointig 44
	With 3 reads
	Start read: +d57a3469-531a-41bc-8694-c51f19471ca8
	At position: 2
	leftTip: 0 rightTip: 0
	Suspicious: 0
	Short ext: 0
	Mean extensions: 284
	Avg overlap len: 10618
	Min overlap len: 10216
	Inner reads: 0
	Length: 16624
[2026-02-20 17:59:33] DEBUG: Inner: 95560 covered: 98216 total: 180030
[2026-02-20 17:59:33] DEBUG: Assembled disjointig 45
	With 3 reads
	Start read: +dfb558a2-fc93-48ca-b5a2-db429df2a3b8
	At position: 2
	leftTip: 0 rightTip: 0
	Suspicious: 0
	Short ext: 0
	Mean extensions: 302
	Avg overlap len: 10685
	Min overlap len: 9866
	Inner reads: 0
	Length: 15913
[2026-02-20 17:59:33] DEBUG: Inner: 95566 covered: 98238 total: 180030
[2026-02-20 17:59:33] DEBUG: Assembled disjointig 46
	With 3 reads
	Start read: +d5c5410c-645d-4400-ad33-43934d4d8507
	At position: 2
	leftTip: 0 rightTip: 0
	Suspicious: 0
	Short ext: 0
	Mean extensions: 260
	Avg overlap len: 10641
	Min overlap len: 10424
	Inner reads: 0
	Length: 15071
[2026-02-20 17:59:33] DEBUG: Inner: 95572 covered: 98300 total: 180030
[2026-02-20 17:59:33] DEBUG: Assembled disjointig 47
	With 3 reads
	Start read: +79ddf5de-190c-44ad-b890-5ae64d2d4e8b
	At position: 2
	leftTip: 0 rightTip: 0
	Suspicious: 0
	Short ext: 0
	Mean extensions: 364
	Avg overlap len: 10696
	Min overlap len: 10027
	Inner reads: 0
	Length: 16572
[2026-02-20 17:59:33] DEBUG: Inner: 95578 covered: 98322 total: 180030
[2026-02-20 17:59:33] DEBUG: Assembled disjointig 48
	With 4 reads
	Start read: +30dfe138-f0ec-4e38-baca-fc197657b2d6
	At position: 2
	leftTip: 0 rightTip: 0
	Suspicious: 0
	Short ext: 0
	Mean extensions: 185
	Avg overlap len: 6361
	Min overlap len: 6173
	Inner reads: 0
	Length: 18469
[2026-02-20 17:59:33] DEBUG: Inner: 95584 covered: 98382 total: 180030
[2026-02-20 17:59:33] DEBUG: Assembled disjointig 49
	With 3 reads
	Start read: +3f049aba-009d-4629-b698-6cc5e041e82a
	At position: 2
	leftTip: 0 rightTip: 0
	Suspicious: 0
	Short ext: 0
	Mean extensions: 273
	Avg overlap len: 9681
	Min overlap len: 9436
	Inner reads: 0
	Length: 16660
[2026-02-20 17:59:33] DEBUG: Inner: 95586 covered: 98386 total: 180030
[2026-02-20 17:59:33] DEBUG: Assembled disjointig 50
	With 27 reads
	Start read: +e55c5813-1241-4065-b10f-723114d9baf7
	At position: 22
	leftTip: 0 rightTip: 0
	Suspicious: 1
	Short ext: 1
	Mean extensions: 49
	Avg overlap len: 26723
	Min overlap len: 1541
	Inner reads: 0
	Length: 209790
[2026-02-20 17:59:33] DEBUG: Inner: 97980 covered: 100798 total: 180030
[2026-02-20 17:59:33] DEBUG: Discarded disjointig with 21 reads and 19 inner overlaps
[2026-02-20 17:59:33] DEBUG: Discarded disjointig with 26 reads and 24 inner overlaps
[2026-02-20 17:59:33] DEBUG: Discarded disjointig with 19 reads and 17 inner overlaps
[2026-02-20 17:59:33] DEBUG: Discarded disjointig with 21 reads and 19 inner overlaps
[2026-02-20 17:59:33] DEBUG: Discarded disjointig with 10 reads and 8 inner overlaps
[2026-02-20 17:59:33] DEBUG: Discarded disjointig with 16 reads and 14 inner overlaps
[2026-02-20 17:59:33] DEBUG: Assembled disjointig 51
	With 3 reads
	Start read: +1939a702-872a-4431-8e8c-bd183dfcc71d
	At position: 2
	leftTip: 0 rightTip: 0
	Suspicious: 0
	Short ext: 0
	Mean extensions: 234
	Avg overlap len: 8894
	Min overlap len: 8648
	Inner reads: 0
	Length: 14742
[2026-02-20 17:59:33] DEBUG: Inner: 97988 covered: 100840 total: 180030
[2026-02-20 17:59:33] DEBUG: Discarded disjointig with 28 reads and 26 inner overlaps
[2026-02-20 17:59:34] DEBUG: Discarded disjointig with 19 reads and 17 inner overlaps
[2026-02-20 17:59:34] DEBUG: Discarded disjointig with 20 reads and 18 inner overlaps
[2026-02-20 17:59:34] DEBUG: Assembled disjointig 52
	With 3 reads
	Start read: +7868689b-d898-4508-a4da-432cda6489c2
	At position: 2
	leftTip: 0 rightTip: 0
	Suspicious: 0
	Short ext: 0
	Mean extensions: 248
	Avg overlap len: 5203
	Min overlap len: 4961
	Inner reads: 0
	Length: 13338
[2026-02-20 17:59:34] DEBUG: Inner: 97992 covered: 101018 total: 180030
[2026-02-20 17:59:34] DEBUG: Discarded disjointig with 19 reads and 17 inner overlaps
[2026-02-20 17:59:34] DEBUG: Discarded disjointig with 25 reads and 23 inner overlaps
[2026-02-20 17:59:34] DEBUG: Assembled disjointig 53
	With 3 reads
	Start read: +a9e04483-5a81-4608-967d-70074d08a051
	At position: 2
	leftTip: 0 rightTip: 0
	Suspicious: 0
	Short ext: 0
	Mean extensions: 255
	Avg overlap len: 9990
	Min overlap len: 9802
	Inner reads: 0
	Length: 16225
[2026-02-20 17:59:34] DEBUG: Inner: 98000 covered: 101056 total: 180030
[2026-02-20 17:59:34] DEBUG: Assembled disjointig 54
	With 3 reads
	Start read: +b85f1954-35d9-483e-b75c-a253668cb33a
	At position: 2
	leftTip: 0 rightTip: 0
	Suspicious: 0
	Short ext: 0
	Mean extensions: 152
	Avg overlap len: 10027
	Min overlap len: 9107
	Inner reads: 0
	Length: 16457
[2026-02-20 17:59:34] DEBUG: Inner: 98006 covered: 101090 total: 180030
[2026-02-20 17:59:34] DEBUG: Assembled disjointig 55
	With 3 reads
	Start read: +51e883b1-57b3-4bc7-aa17-efe5e66ec67d
	At position: 2
	leftTip: 0 rightTip: 0
	Suspicious: 0
	Short ext: 0
	Mean extensions: 258
	Avg overlap len: 10223
	Min overlap len: 9757
	Inner reads: 0
	Length: 16586
[2026-02-20 17:59:34] DEBUG: Inner: 98010 covered: 101128 total: 180030
[2026-02-20 17:59:34] DEBUG: Assembled disjointig 56
	With 3 reads
	Start read: +f321e1a4-6c55-476b-818c-9c423132bee4
	At position: 2
	leftTip: 0 rightTip: 0
	Suspicious: 0
	Short ext: 0
	Mean extensions: 219
	Avg overlap len: 9312
	Min overlap len: 9049
	Inner reads: 0
	Length: 13455
[2026-02-20 17:59:34] DEBUG: Inner: 98012 covered: 101132 total: 180030
[2026-02-20 17:59:34] DEBUG: Assembled disjointig 57
	With 3 reads
	Start read: +107abb2b-75e5-4795-bae3-a1f4f6a7e068
	At position: 2
	leftTip: 0 rightTip: 0
	Suspicious: 0
	Short ext: 0
	Mean extensions: 332
	Avg overlap len: 10429
	Min overlap len: 10184
	Inner reads: 0
	Length: 16278
[2026-02-20 17:59:34] DEBUG: Inner: 98018 covered: 101152 total: 180030
[2026-02-20 17:59:34] DEBUG: Assembled disjointig 58
	With 3 reads
	Start read: +1cd38248-1ebc-4d2b-a398-9557c973dea6
	At position: 2
	leftTip: 0 rightTip: 0
	Suspicious: 0
	Short ext: 0
	Mean extensions: 165
	Avg overlap len: 6717
	Min overlap len: 6691
	Inner reads: 0
	Length: 15262
[2026-02-20 17:59:34] DEBUG: Inner: 98020 covered: 101156 total: 180030
[2026-02-20 17:59:34] DEBUG: Assembled disjointig 59
	With 3 reads
	Start read: +9e9dd400-f700-4f80-b530-c4aecbc9f3a2
	At position: 2
	leftTip: 0 rightTip: 0
	Suspicious: 0
	Short ext: 0
	Mean extensions: 326
	Avg overlap len: 10694
	Min overlap len: 10023
	Inner reads: 0
	Length: 16568
[2026-02-20 17:59:34] DEBUG: Inner: 98024 covered: 101174 total: 180030
[2026-02-20 17:59:34] DEBUG: Discarded disjointig with 17 reads and 15 inner overlaps
[2026-02-20 17:59:34] DEBUG: Assembled disjointig 60
	With 3 reads
	Start read: +879ab6c6-67c7-4165-a588-7d83b01a51f4
	At position: 2
	leftTip: 0 rightTip: 0
	Suspicious: 0
	Short ext: 0
	Mean extensions: 270
	Avg overlap len: 10616
	Min overlap len: 10578
	Inner reads: 0
	Length: 15952
[2026-02-20 17:59:34] DEBUG: Inner: 98026 covered: 101230 total: 180030
[2026-02-20 17:59:34] DEBUG: Assembled disjointig 61
	With 3 reads
	Start read: +930ce103-5f3f-4e11-aafc-90be0eea14e9
	At position: 2
	leftTip: 0 rightTip: 0
	Suspicious: 0
	Short ext: 0
	Mean extensions: 237
	Avg overlap len: 10280
	Min overlap len: 10204
	Inner reads: 0
	Length: 16505
[2026-02-20 17:59:34] DEBUG: Inner: 98028 covered: 101238 total: 180030
[2026-02-20 17:59:34] DEBUG: Assembled disjointig 62
	With 3 reads
	Start read: +0cea06e2-8902-4619-8858-c908c60de31b
	At position: 2
	leftTip: 0 rightTip: 0
	Suspicious: 0
	Short ext: 0
	Mean extensions: 214
	Avg overlap len: 6540
	Min overlap len: 6403
	Inner reads: 0
	Length: 16056
[2026-02-20 17:59:34] DEBUG: Inner: 98030 covered: 101272 total: 180030
[2026-02-20 17:59:34] DEBUG: Assembled disjointig 63
	With 4 reads
	Start read: +565137ab-8338-41b0-8a61-e5970bdd607a
	At position: 3
	leftTip: 0 rightTip: 0
	Suspicious: 0
	Short ext: 0
	Mean extensions: 33
	Avg overlap len: 2928
	Min overlap len: 2775
	Inner reads: 0
	Length: 20548
[2026-02-20 17:59:34] DEBUG: Inner: 98036 covered: 101296 total: 180030
[2026-02-20 17:59:34] DEBUG: Assembled disjointig 64
	With 3 reads
	Start read: +355f73d8-6ea3-4cd2-aed6-1c826a9d5e0f
	At position: 2
	leftTip: 0 rightTip: 0
	Suspicious: 0
	Short ext: 0
	Mean extensions: 332
	Avg overlap len: 10298
	Min overlap len: 9883
	Inner reads: 0
	Length: 16334
[2026-02-20 17:59:34] DEBUG: Inner: 98040 covered: 101342 total: 180030
[2026-02-20 17:59:34] DEBUG: Assembled disjointig 65
	With 3 reads
	Start read: +ed2194b8-becd-47da-ba52-49adfef2c4f0
	At position: 2
	leftTip: 0 rightTip: 0
	Suspicious: 0
	Short ext: 0
	Mean extensions: 170
	Avg overlap len: 10247
	Min overlap len: 10153
	Inner reads: 0
	Length: 14400
[2026-02-20 17:59:34] DEBUG: Inner: 98044 covered: 101396 total: 180030
[2026-02-20 17:59:34] DEBUG: Assembled disjointig 66
	With 3 reads
	Start read: +da374023-d7dd-4f3f-8e79-440d15b64fda
	At position: 2
	leftTip: 0 rightTip: 0
	Suspicious: 0
	Short ext: 0
	Mean extensions: 366
	Avg overlap len: 10651
	Min overlap len: 9954
	Inner reads: 0
	Length: 16608
[2026-02-20 17:59:34] DEBUG: Inner: 98048 covered: 101510 total: 180030
[2026-02-20 17:59:34] DEBUG: Assembled disjointig 67
	With 3 reads
	Start read: +76124594-052e-4fa3-a30a-9aa80043fc01
	At position: 2
	leftTip: 0 rightTip: 0
	Suspicious: 0
	Short ext: 0
	Mean extensions: 300
	Avg overlap len: 10227
	Min overlap len: 10063
	Inner reads: 0
	Length: 15511
[2026-02-20 17:59:34] DEBUG: Inner: 98050 covered: 101580 total: 180030
[2026-02-20 17:59:34] DEBUG: Assembled disjointig 68
	With 3 reads
	Start read: +c53f343d-9c35-454e-8cd9-f0d1ffb0c096
	At position: 2
	leftTip: 0 rightTip: 0
	Suspicious: 0
	Short ext: 0
	Mean extensions: 267
	Avg overlap len: 7938
	Min overlap len: 7914
	Inner reads: 0
	Length: 14708
[2026-02-20 17:59:34] DEBUG: Inner: 98054 covered: 101626 total: 180030
[2026-02-20 17:59:34] DEBUG: Assembled disjointig 69
	With 3 reads
	Start read: +9f4770c3-28d9-44d9-9474-036a2e839116
	At position: 2
	leftTip: 0 rightTip: 0
	Suspicious: 0
	Short ext: 0
	Mean extensions: 209
	Avg overlap len: 9951
	Min overlap len: 9528
	Inner reads: 0
	Length: 16596
[2026-02-20 17:59:34] DEBUG: Inner: 98060 covered: 101656 total: 180030
[2026-02-20 17:59:34] DEBUG: Assembled disjointig 70
	With 3 reads
	Start read: +a4e3d690-4050-469b-9729-847ee6fef300
	At position: 2
	leftTip: 0 rightTip: 0
	Suspicious: 0
	Short ext: 0
	Mean extensions: 281
	Avg overlap len: 11030
	Min overlap len: 9741
	Inner reads: 0
	Length: 16857
[2026-02-20 17:59:34] DEBUG: Inner: 98062 covered: 101678 total: 180030
[2026-02-20 17:59:34] DEBUG: Assembled disjointig 71
	With 3 reads
	Start read: +096ac549-ad6b-4db2-a75d-e3041c2dc51a
	At position: 2
	leftTip: 0 rightTip: 0
	Suspicious: 0
	Short ext: 0
	Mean extensions: 235
	Avg overlap len: 10197
	Min overlap len: 9872
	Inner reads: 0
	Length: 17022
[2026-02-20 17:59:34] DEBUG: Inner: 98064 covered: 101682 total: 180030
[2026-02-20 17:59:34] DEBUG: Assembled disjointig 72
	With 3 reads
	Start read: +d8a46b7c-cdbe-46d0-adea-22b8d4cd8a3b
	At position: 2
	leftTip: 0 rightTip: 0
	Suspicious: 0
	Short ext: 0
	Mean extensions: 86
	Avg overlap len: 9715
	Min overlap len: 7548
	Inner reads: 0
	Length: 19258
[2026-02-20 17:59:34] DEBUG: Inner: 98068 covered: 101702 total: 180030
[2026-02-20 17:59:34] DEBUG: Assembled disjointig 73
	With 3 reads
	Start read: +613c94ed-47c5-4328-9521-f35609e55419
	At position: 2
	leftTip: 0 rightTip: 0
	Suspicious: 0
	Short ext: 0
	Mean extensions: 163
	Avg overlap len: 10463
	Min overlap len: 10323
	Inner reads: 0
	Length: 15942
[2026-02-20 17:59:34] DEBUG: Inner: 98072 covered: 101706 total: 180030
[2026-02-20 17:59:34] DEBUG: Assembled disjointig 74
	With 1 reads
	Start read: +553617cd-3e3e-45b6-9d01-bcb06b82d54b
	At position: 1
	leftTip: 1 rightTip: 1
	Suspicious: 0
	Short ext: 0
	Mean extensions: 0
	Avg overlap len: 0
	Min overlap len: 0
	Inner reads: 0
	Length: 3022
[2026-02-20 17:59:34] DEBUG: Inner: 98074 covered: 101748 total: 180030
[2026-02-20 17:59:34] DEBUG: Assembled disjointig 75
	With 3 reads
	Start read: +d37db653-f70e-4ee1-a344-9703f99c4bf9
	At position: 2
	leftTip: 0 rightTip: 0
	Suspicious: 0
	Short ext: 0
	Mean extensions: 251
	Avg overlap len: 10591
	Min overlap len: 10462
	Inner reads: 0
	Length: 15916
[2026-02-20 17:59:34] DEBUG: Inner: 98078 covered: 101758 total: 180030
[2026-02-20 17:59:34] DEBUG: Assembled disjointig 76
	With 3 reads
	Start read: +07a39a1f-5592-4376-b68c-cd629d792696
	At position: 2
	leftTip: 0 rightTip: 0
	Suspicious: 0
	Short ext: 0
	Mean extensions: 202
	Avg overlap len: 8700
	Min overlap len: 8683
	Inner reads: 0
	Length: 13911
[2026-02-20 17:59:34] DEBUG: Inner: 98080 covered: 101806 total: 180030
[2026-02-20 17:59:34] DEBUG: Assembled disjointig 77
	With 3 reads
	Start read: +f1c79a4a-6448-41cb-9ba6-a7b0274e623e
	At position: 2
	leftTip: 0 rightTip: 0
	Suspicious: 0
	Short ext: 0
	Mean extensions: 149
	Avg overlap len: 10327
	Min overlap len: 9841
	Inner reads: 0
	Length: 16582
[2026-02-20 17:59:34] DEBUG: Inner: 98082 covered: 101814 total: 180030
[2026-02-20 17:59:34] DEBUG: Assembled disjointig 78
	With 3 reads
	Start read: +c17b054c-16af-481b-b3a0-6ada6172104a
	At position: 2
	leftTip: 0 rightTip: 0
	Suspicious: 0
	Short ext: 0
	Mean extensions: 334
	Avg overlap len: 10226
	Min overlap len: 9722
	Inner reads: 0
	Length: 16660
[2026-02-20 17:59:34] DEBUG: Inner: 98086 covered: 101838 total: 180030
[2026-02-20 17:59:35] DEBUG: Assembled disjointig 79
	With 3 reads
	Start read: +ea4d7c6b-527f-46f7-9b63-69eeb47c599b
	At position: 2
	leftTip: 0 rightTip: 0
	Suspicious: 0
	Short ext: 0
	Mean extensions: 250
	Avg overlap len: 10337
	Min overlap len: 9981
	Inner reads: 0
	Length: 15228
[2026-02-20 17:59:35] DEBUG: Inner: 98088 covered: 102029 total: 180030
[2026-02-20 17:59:35] DEBUG: Assembled disjointig 80
	With 3 reads
	Start read: +c20ee998-903c-4e42-a40c-460245a96084
	At position: 2
	leftTip: 0 rightTip: 0
	Suspicious: 0
	Short ext: 0
	Mean extensions: 193
	Avg overlap len: 10766
	Min overlap len: 9925
	Inner reads: 0
	Length: 16336
[2026-02-20 17:59:35] DEBUG: Inner: 98094 covered: 102079 total: 180030
[2026-02-20 17:59:35] DEBUG: Assembled disjointig 81
	With 4 reads
	Start read: +65636019-a51c-430b-a6e7-4c8763cb6339
	At position: 3
	leftTip: 0 rightTip: 0
	Suspicious: 1
	Short ext: 1
	Mean extensions: 24
	Avg overlap len: 2096
	Min overlap len: 1523
	Inner reads: 0
	Length: 15945
[2026-02-20 17:59:35] DEBUG: Inner: 98098 covered: 102098 total: 180030
[2026-02-20 17:59:35] DEBUG: Assembled disjointig 82
	With 1 reads
	Start read: +6e9e8f1a-a39d-45bd-9ac7-acc7a717afc2
	At position: 1
	leftTip: 1 rightTip: 1
	Suspicious: 0
	Short ext: 0
	Mean extensions: 0
	Avg overlap len: 0
	Min overlap len: 0
	Inner reads: 0
	Length: 3068
[2026-02-20 17:59:35] DEBUG: Inner: 98100 covered: 102120 total: 180030
[2026-02-20 17:59:35] DEBUG: Assembled disjointig 83
	With 3 reads
	Start read: +0df72438-ddd2-4843-aaa9-b5e4c446a10f
	At position: 2
	leftTip: 0 rightTip: 0
	Suspicious: 0
	Short ext: 0
	Mean extensions: 212
	Avg overlap len: 10402
	Min overlap len: 10188
	Inner reads: 0
	Length: 16286
[2026-02-20 17:59:35] DEBUG: Inner: 98102 covered: 102168 total: 180030
[2026-02-20 17:59:35] DEBUG: Assembled disjointig 84
	With 3 reads
	Start read: +421fb8b5-ec01-4a53-8791-83f30066d777
	At position: 2
	leftTip: 0 rightTip: 0
	Suspicious: 0
	Short ext: 0
	Mean extensions: 246
	Avg overlap len: 5382
	Min overlap len: 5250
	Inner reads: 0
	Length: 14325
[2026-02-20 17:59:35] DEBUG: Inner: 98104 covered: 102178 total: 180030
[2026-02-20 17:59:35] DEBUG: Assembled disjointig 85
	With 3 reads
	Start read: +61e43ac6-2a93-4ce6-b233-225cb22da01b
	At position: 2
	leftTip: 0 rightTip: 0
	Suspicious: 0
	Short ext: 0
	Mean extensions: 304
	Avg overlap len: 10608
	Min overlap len: 10211
	Inner reads: 0
	Length: 16614
[2026-02-20 17:59:35] DEBUG: Inner: 98106 covered: 102192 total: 180030
[2026-02-20 17:59:35] DEBUG: Assembled disjointig 86
	With 3 reads
	Start read: +04a87723-8791-4615-a937-c3be9b3ff256
	At position: 2
	leftTip: 0 rightTip: 0
	Suspicious: 0
	Short ext: 0
	Mean extensions: 95
	Avg overlap len: 9728
	Min overlap len: 9126
	Inner reads: 0
	Length: 16815
[2026-02-20 17:59:35] DEBUG: Inner: 98112 covered: 102222 total: 180030
[2026-02-20 17:59:35] DEBUG: Assembled disjointig 87
	With 4 reads
	Start read: +aeef984e-f670-4ae4-a352-161e43cd665a
	At position: 3
	leftTip: 0 rightTip: 0
	Suspicious: 0
	Short ext: 0
	Mean extensions: 176
	Avg overlap len: 10214
	Min overlap len: 9229
	Inner reads: 0
	Length: 19445
[2026-02-20 17:59:35] DEBUG: Inner: 98118 covered: 102250 total: 180030
[2026-02-20 17:59:35] DEBUG: Assembled disjointig 88
	With 3 reads
	Start read: +7d22d769-e607-45f9-9c45-e9a4525c9c4e
	At position: 2
	leftTip: 0 rightTip: 0
	Suspicious: 0
	Short ext: 0
	Mean extensions: 200
	Avg overlap len: 9727
	Min overlap len: 9526
	Inner reads: 0
	Length: 14753
[2026-02-20 17:59:35] DEBUG: Inner: 98120 covered: 102253 total: 180030
[2026-02-20 17:59:35] DEBUG: Assembled disjointig 89
	With 4 reads
	Start read: +31929ea1-408e-4038-a25b-59b407d147b5
	At position: 2
	leftTip: 0 rightTip: 0
	Suspicious: 0
	Short ext: 0
	Mean extensions: 143
	Avg overlap len: 5548
	Min overlap len: 5373
	Inner reads: 0
	Length: 16602
[2026-02-20 17:59:35] DEBUG: Inner: 98128 covered: 102268 total: 180030
[2026-02-20 17:59:35] DEBUG: Assembled disjointig 90
	With 3 reads
	Start read: +78a6935f-a474-4a24-b387-ab136a01f70b
	At position: 2
	leftTip: 0 rightTip: 0
	Suspicious: 0
	Short ext: 0
	Mean extensions: 180
	Avg overlap len: 10662
	Min overlap len: 10554
	Inner reads: 0
	Length: 16088
[2026-02-20 17:59:35] DEBUG: Inner: 98134 covered: 102302 total: 180030
[2026-02-20 17:59:35] DEBUG: Assembled disjointig 91
	With 3 reads
	Start read: +e91507a2-fd73-4b9f-ab39-9ef8c4bf695b
	At position: 2
	leftTip: 0 rightTip: 0
	Suspicious: 0
	Short ext: 0
	Mean extensions: 226
	Avg overlap len: 9733
	Min overlap len: 9429
	Inner reads: 0
	Length: 15516
[2026-02-20 17:59:35] DEBUG: Inner: 98138 covered: 102308 total: 180030
[2026-02-20 17:59:35] DEBUG: Assembled disjointig 92
	With 3 reads
	Start read: +8c7029fa-c4e3-42ff-a4d2-1adc65f6fc16
	At position: 2
	leftTip: 0 rightTip: 0
	Suspicious: 0
	Short ext: 0
	Mean extensions: 250
	Avg overlap len: 10004
	Min overlap len: 9808
	Inner reads: 0
	Length: 15523
[2026-02-20 17:59:35] DEBUG: Inner: 98144 covered: 102324 total: 180030
[2026-02-20 17:59:35] DEBUG: Assembled disjointig 93
	With 3 reads
	Start read: +b7839585-4e26-4d6a-b230-d13dcb4ebd24
	At position: 2
	leftTip: 0 rightTip: 0
	Suspicious: 0
	Short ext: 0
	Mean extensions: 166
	Avg overlap len: 4410
	Min overlap len: 4307
	Inner reads: 0
	Length: 11826
[2026-02-20 17:59:35] DEBUG: Inner: 98146 covered: 102363 total: 180030
[2026-02-20 17:59:35] DEBUG: Assembled disjointig 94
	With 3 reads
	Start read: +de046884-ea45-49af-b690-dbcc45e540cd
	At position: 2
	leftTip: 0 rightTip: 0
	Suspicious: 0
	Short ext: 0
	Mean extensions: 203
	Avg overlap len: 7350
	Min overlap len: 6987
	Inner reads: 0
	Length: 15936
[2026-02-20 17:59:35] DEBUG: Inner: 98154 covered: 102384 total: 180030
[2026-02-20 17:59:35] DEBUG: Assembled disjointig 95
	With 4 reads
	Start read: +16fb5208-6d93-458f-8620-9be47b017941
	At position: 3
	leftTip: 0 rightTip: 0
	Suspicious: 1
	Short ext: 1
	Mean extensions: 50
	Avg overlap len: 2185
	Min overlap len: 1955
	Inner reads: 0
	Length: 16498
[2026-02-20 17:59:35] DEBUG: Inner: 98160 covered: 102404 total: 180030
[2026-02-20 17:59:35] DEBUG: Assembled disjointig 96
	With 3 reads
	Start read: +d304718a-e7ee-4cb2-b469-c9054fa9ac9b
	At position: 2
	leftTip: 0 rightTip: 0
	Suspicious: 0
	Short ext: 0
	Mean extensions: 254
	Avg overlap len: 10603
	Min overlap len: 9894
	Inner reads: 0
	Length: 16597
[2026-02-20 17:59:35] DEBUG: Inner: 98164 covered: 102526 total: 180030
[2026-02-20 17:59:35] DEBUG: Assembled disjointig 97
	With 3 reads
	Start read: +6c8a58b8-6ac7-49cf-bfe5-768d405457c4
	At position: 2
	leftTip: 0 rightTip: 0
	Suspicious: 0
	Short ext: 0
	Mean extensions: 193
	Avg overlap len: 6296
	Min overlap len: 6223
	Inner reads: 0
	Length: 16088
[2026-02-20 17:59:35] DEBUG: Inner: 98168 covered: 102538 total: 180030
[2026-02-20 17:59:35] DEBUG: Assembled disjointig 98
	With 4 reads
	Start read: +aeff7ca5-6696-48cb-9475-4471dcdaa2f4
	At position: 2
	leftTip: 0 rightTip: 0
	Suspicious: 0
	Short ext: 0
	Mean extensions: 142
	Avg overlap len: 8675
	Min overlap len: 8590
	Inner reads: 0
	Length: 17079
[2026-02-20 17:59:35] DEBUG: Inner: 98178 covered: 102554 total: 180030
[2026-02-20 17:59:35] DEBUG: Assembled disjointig 99
	With 4 reads
	Start read: +d4032d98-19a2-4c3a-8d96-bc7312334bea
	At position: 3
	leftTip: 0 rightTip: 0
	Suspicious: 1
	Short ext: 1
	Mean extensions: 66
	Avg overlap len: 3408
	Min overlap len: 1970
	Inner reads: 0
	Length: 13992
[2026-02-20 17:59:35] DEBUG: Inner: 98270 covered: 102772 total: 180030
[2026-02-20 17:59:35] DEBUG: Assembled disjointig 100
	With 3 reads
	Start read: +eac6dac2-66e0-4744-a45f-2c1e354a52ea
	At position: 2
	leftTip: 0 rightTip: 0
	Suspicious: 0
	Short ext: 0
	Mean extensions: 283
	Avg overlap len: 9962
	Min overlap len: 9583
	Inner reads: 0
	Length: 17651
[2026-02-20 17:59:35] DEBUG: Inner: 98272 covered: 102810 total: 180030
[2026-02-20 17:59:35] DEBUG: Assembled disjointig 101
	With 3 reads
	Start read: +56af0668-8f83-4867-81c5-29b5dcee212b
	At position: 2
	leftTip: 0 rightTip: 0
	Suspicious: 0
	Short ext: 0
	Mean extensions: 204
	Avg overlap len: 9284
	Min overlap len: 9115
	Inner reads: 0
	Length: 13503
[2026-02-20 17:59:35] DEBUG: Inner: 98274 covered: 102880 total: 180030
[2026-02-20 17:59:36] DEBUG: Assembled disjointig 102
	With 3 reads
	Start read: +ae51755b-6917-4673-bc01-e7b8f1fcb261
	At position: 2
	leftTip: 0 rightTip: 0
	Suspicious: 0
	Short ext: 0
	Mean extensions: 46
	Avg overlap len: 2210
	Min overlap len: 2141
	Inner reads: 0
	Length: 9175
[2026-02-20 17:59:36] DEBUG: Inner: 98278 covered: 102932 total: 180030
[2026-02-20 17:59:36] DEBUG: Assembled disjointig 103
	With 3 reads
	Start read: +c3ce1404-50fd-4a6f-ae03-2602492c2e33
	At position: 2
	leftTip: 0 rightTip: 0
	Suspicious: 0
	Short ext: 0
	Mean extensions: 297
	Avg overlap len: 10688
	Min overlap len: 10023
	Inner reads: 0
	Length: 16565
[2026-02-20 17:59:36] DEBUG: Inner: 98280 covered: 102968 total: 180030
[2026-02-20 17:59:36] DEBUG: Assembled disjointig 104
	With 3 reads
	Start read: +e607f9d1-c844-4bed-95e7-ee10933d0798
	At position: 2
	leftTip: 0 rightTip: 0
	Suspicious: 0
	Short ext: 0
	Mean extensions: 185
	Avg overlap len: 9924
	Min overlap len: 9823
	Inner reads: 0
	Length: 16568
[2026-02-20 17:59:36] DEBUG: Inner: 98284 covered: 103020 total: 180030
[2026-02-20 17:59:36] DEBUG: Assembled disjointig 105
	With 4 reads
	Start read: +f943326f-4852-4352-8e2f-192c653bcaa7
	At position: 2
	leftTip: 0 rightTip: 0
	Suspicious: 0
	Short ext: 0
	Mean extensions: 276
	Avg overlap len: 10403
	Min overlap len: 10179
	Inner reads: 0
	Length: 17803
[2026-02-20 17:59:36] DEBUG: Inner: 98288 covered: 103034 total: 180030
[2026-02-20 17:59:36] DEBUG: Assembled disjointig 106
	With 3 reads
	Start read: +06d85d94-826c-409f-8623-7f1b8935d32e
	At position: 2
	leftTip: 0 rightTip: 0
	Suspicious: 0
	Short ext: 0
	Mean extensions: 162
	Avg overlap len: 10526
	Min overlap len: 10450
	Inner reads: 0
	Length: 16083
[2026-02-20 17:59:36] DEBUG: Inner: 98290 covered: 103116 total: 180030
[2026-02-20 17:59:36] DEBUG: Assembled disjointig 107
	With 3 reads
	Start read: +26ab0460-7c1b-4db9-9432-fa47d03de9ed
	At position: 2
	leftTip: 0 rightTip: 0
	Suspicious: 0
	Short ext: 0
	Mean extensions: 324
	Avg overlap len: 10272
	Min overlap len: 10029
	Inner reads: 0
	Length: 16059
[2026-02-20 17:59:36] DEBUG: Inner: 98292 covered: 103148 total: 180030
[2026-02-20 17:59:36] DEBUG: Assembled disjointig 108
	With 3 reads
	Start read: +e5668b73-a43c-4648-8f1c-12323278dca3
	At position: 2
	leftTip: 0 rightTip: 0
	Suspicious: 0
	Short ext: 0
	Mean extensions: 257
	Avg overlap len: 9307
	Min overlap len: 9283
	Inner reads: 0
	Length: 15493
[2026-02-20 17:59:36] DEBUG: Inner: 98296 covered: 103178 total: 180030
[2026-02-20 17:59:36] DEBUG: Assembled disjointig 109
	With 4 reads
	Start read: +87f3ade9-0794-4620-8847-6634482dfc3a
	At position: 2
	leftTip: 0 rightTip: 0
	Suspicious: 0
	Short ext: 0
	Mean extensions: 110
	Avg overlap len: 3307
	Min overlap len: 3258
	Inner reads: 0
	Length: 21177
[2026-02-20 17:59:36] DEBUG: Inner: 98300 covered: 103224 total: 180030
[2026-02-20 17:59:36] DEBUG: Assembled disjointig 110
	With 3 reads
	Start read: +bc38c5e8-5c09-4ecf-95f9-3781612ac181
	At position: 2
	leftTip: 0 rightTip: 0
	Suspicious: 0
	Short ext: 0
	Mean extensions: 351
	Avg overlap len: 10400
	Min overlap len: 9951
	Inner reads: 0
	Length: 16368
[2026-02-20 17:59:36] DEBUG: Inner: 98302 covered: 103344 total: 180030
[2026-02-20 17:59:36] DEBUG: Assembled disjointig 111
	With 3 reads
	Start read: +a4daa6c4-8e37-4e99-b19f-473deff0fc14
	At position: 2
	leftTip: 0 rightTip: 0
	Suspicious: 0
	Short ext: 0
	Mean extensions: 213
	Avg overlap len: 10632
	Min overlap len: 10437
	Inner reads: 0
	Length: 16108
[2026-02-20 17:59:36] DEBUG: Inner: 98308 covered: 103422 total: 180030
[2026-02-20 17:59:36] DEBUG: Assembled disjointig 112
	With 3 reads
	Start read: +4c634b2a-d80a-4fcf-9fec-901693188e4d
	At position: 2
	leftTip: 0 rightTip: 0
	Suspicious: 0
	Short ext: 0
	Mean extensions: 292
	Avg overlap len: 10330
	Min overlap len: 9794
	Inner reads: 0
	Length: 16895
[2026-02-20 17:59:36] DEBUG: Inner: 98316 covered: 103460 total: 180030
[2026-02-20 17:59:36] DEBUG: Assembled disjointig 113
	With 3 reads
	Start read: +18b26910-b765-4e54-8e6b-85383661ab67
	At position: 2
	leftTip: 0 rightTip: 0
	Suspicious: 0
	Short ext: 0
	Mean extensions: 203
	Avg overlap len: 10420
	Min overlap len: 10317
	Inner reads: 0
	Length: 15451
[2026-02-20 17:59:36] DEBUG: Inner: 98318 covered: 103478 total: 180030
[2026-02-20 17:59:36] DEBUG: Assembled disjointig 114
	With 3 reads
	Start read: +5afbd707-8a30-40fa-8222-15933dc23760
	At position: 2
	leftTip: 0 rightTip: 0
	Suspicious: 0
	Short ext: 0
	Mean extensions: 300
	Avg overlap len: 10591
	Min overlap len: 10424
	Inner reads: 0
	Length: 16100
[2026-02-20 17:59:36] DEBUG: Inner: 98322 covered: 103582 total: 180030
[2026-02-20 17:59:36] DEBUG: Assembled disjointig 115
	With 3 reads
	Start read: +af8272de-9293-4ea6-8012-9066e105d270
	At position: 2
	leftTip: 0 rightTip: 0
	Suspicious: 0
	Short ext: 0
	Mean extensions: 279
	Avg overlap len: 10665
	Min overlap len: 10215
	Inner reads: 0
	Length: 16620
[2026-02-20 17:59:36] DEBUG: Inner: 98324 covered: 103596 total: 180030
[2026-02-20 17:59:36] DEBUG: Assembled disjointig 116
	With 3 reads
	Start read: +83088224-1381-4ec3-9346-6c69d0ba0d66
	At position: 2
	leftTip: 0 rightTip: 0
	Suspicious: 0
	Short ext: 0
	Mean extensions: 333
	Avg overlap len: 10485
	Min overlap len: 10195
	Inner reads: 0
	Length: 16598
[2026-02-20 17:59:36] DEBUG: Inner: 98326 covered: 103612 total: 180030
[2026-02-20 17:59:36] DEBUG: Assembled disjointig 117
	With 3 reads
	Start read: +79687bb5-c047-45ee-b4e5-c9c594d95a94
	At position: 2
	leftTip: 0 rightTip: 0
	Suspicious: 0
	Short ext: 0
	Mean extensions: 273
	Avg overlap len: 9913
	Min overlap len: 8668
	Inner reads: 0
	Length: 17622
[2026-02-20 17:59:36] DEBUG: Inner: 98328 covered: 103632 total: 180030
[2026-02-20 17:59:36] DEBUG: Assembled disjointig 118
	With 3 reads
	Start read: +e4d06859-d9db-43b7-adb3-3f6be6cac680
	At position: 2
	leftTip: 0 rightTip: 0
	Suspicious: 0
	Short ext: 0
	Mean extensions: 244
	Avg overlap len: 10668
	Min overlap len: 9150
	Inner reads: 0
	Length: 16169
[2026-02-20 17:59:36] DEBUG: Inner: 98330 covered: 103640 total: 180030
[2026-02-20 17:59:36] DEBUG: Assembled disjointig 119
	With 3 reads
	Start read: +c6ae58d4-1b7f-4756-8411-59cb8fecfb4d
	At position: 2
	leftTip: 0 rightTip: 0
	Suspicious: 0
	Short ext: 0
	Mean extensions: 266
	Avg overlap len: 10231
	Min overlap len: 9722
	Inner reads: 0
	Length: 16666
[2026-02-20 17:59:36] DEBUG: Inner: 98332 covered: 103766 total: 180030
[2026-02-20 17:59:36] DEBUG: Assembled disjointig 120
	With 3 reads
	Start read: +cf078757-acbd-4115-ab24-c396173487f4
	At position: 2
	leftTip: 0 rightTip: 0
	Suspicious: 0
	Short ext: 0
	Mean extensions: 301
	Avg overlap len: 10922
	Min overlap len: 10915
	Inner reads: 0
	Length: 15743
[2026-02-20 17:59:36] DEBUG: Inner: 98334 covered: 103826 total: 180030
[2026-02-20 17:59:36] DEBUG: Assembled disjointig 121
	With 3 reads
	Start read: +3135875f-6946-48b7-a33d-ff39f37bd9cc
	At position: 2
	leftTip: 0 rightTip: 0
	Suspicious: 0
	Short ext: 0
	Mean extensions: 321
	Avg overlap len: 10968
	Min overlap len: 10908
	Inner reads: 0
	Length: 15738
[2026-02-20 17:59:36] DEBUG: Inner: 98336 covered: 103838 total: 180030
[2026-02-20 17:59:36] DEBUG: Assembled disjointig 122
	With 3 reads
	Start read: +6e252203-0629-4e51-9c00-fe0f451f79f6
	At position: 2
	leftTip: 0 rightTip: 0
	Suspicious: 0
	Short ext: 0
	Mean extensions: 277
	Avg overlap len: 10299
	Min overlap len: 10210
	Inner reads: 0
	Length: 15463
[2026-02-20 17:59:36] DEBUG: Inner: 98338 covered: 103872 total: 180030
[2026-02-20 17:59:37] DEBUG: Assembled disjointig 123
	With 3 reads
	Start read: +5d8a9f41-24af-45f5-be39-a20dfdef647d
	At position: 2
	leftTip: 0 rightTip: 0
	Suspicious: 0
	Short ext: 0
	Mean extensions: 285
	Avg overlap len: 10974
	Min overlap len: 10325
	Inner reads: 0
	Length: 15944
[2026-02-20 17:59:37] DEBUG: Inner: 98342 covered: 103960 total: 180030
[2026-02-20 17:59:37] DEBUG: Assembled disjointig 124
	With 3 reads
	Start read: +50795b8b-6154-4a0c-9370-0ba9e8fb8143
	At position: 2
	leftTip: 0 rightTip: 0
	Suspicious: 0
	Short ext: 0
	Mean extensions: 239
	Avg overlap len: 9850
	Min overlap len: 9535
	Inner reads: 0
	Length: 15888
[2026-02-20 17:59:37] DEBUG: Inner: 98348 covered: 104014 total: 180030
[2026-02-20 17:59:37] DEBUG: Assembled disjointig 125
	With 3 reads
	Start read: +df9f9915-61d4-497e-b648-9d44540f7c54
	At position: 2
	leftTip: 0 rightTip: 0
	Suspicious: 0
	Short ext: 0
	Mean extensions: 163
	Avg overlap len: 10651
	Min overlap len: 10385
	Inner reads: 0
	Length: 14381
[2026-02-20 17:59:37] DEBUG: Inner: 98352 covered: 104042 total: 180030
[2026-02-20 17:59:37] DEBUG: Assembled disjointig 126
	With 3 reads
	Start read: +6ad68ab3-3478-4387-a62b-5ad77e2c1927
	At position: 2
	leftTip: 0 rightTip: 0
	Suspicious: 0
	Short ext: 0
	Mean extensions: 235
	Avg overlap len: 10545
	Min overlap len: 9551
	Inner reads: 0
	Length: 16405
[2026-02-20 17:59:37] DEBUG: Inner: 98354 covered: 104047 total: 180030
[2026-02-20 17:59:37] DEBUG: Assembled disjointig 127
	With 3 reads
	Start read: +314e319a-1383-4064-a663-12e011e130a9
	At position: 2
	leftTip: 0 rightTip: 0
	Suspicious: 0
	Short ext: 0
	Mean extensions: 272
	Avg overlap len: 10834
	Min overlap len: 9365
	Inner reads: 0
	Length: 16746
[2026-02-20 17:59:37] DEBUG: Inner: 98356 covered: 104098 total: 180030
[2026-02-20 17:59:37] DEBUG: Assembled disjointig 128
	With 3 reads
	Start read: +2c19cc22-ecc2-4cbd-9b3a-e03a0adaa429
	At position: 2
	leftTip: 0 rightTip: 0
	Suspicious: 0
	Short ext: 0
	Mean extensions: 175
	Avg overlap len: 6984
	Min overlap len: 6955
	Inner reads: 0
	Length: 15066
[2026-02-20 17:59:37] DEBUG: Inner: 98358 covered: 104187 total: 180030
[2026-02-20 17:59:37] DEBUG: Assembled disjointig 129
	With 3 reads
	Start read: +dc296767-d34f-4411-be61-cbfa81905211
	At position: 2
	leftTip: 0 rightTip: 0
	Suspicious: 0
	Short ext: 0
	Mean extensions: 273
	Avg overlap len: 10801
	Min overlap len: 9718
	Inner reads: 0
	Length: 16658
[2026-02-20 17:59:37] DEBUG: Inner: 98360 covered: 104196 total: 180030
[2026-02-20 17:59:37] DEBUG: Assembled disjointig 130
	With 3 reads
	Start read: +df77deee-f5eb-4d08-ae1b-f48addabe9a4
	At position: 2
	leftTip: 0 rightTip: 0
	Suspicious: 0
	Short ext: 0
	Mean extensions: 247
	Avg overlap len: 10583
	Min overlap len: 9442
	Inner reads: 0
	Length: 16362
[2026-02-20 17:59:37] DEBUG: Inner: 98364 covered: 104266 total: 180030
[2026-02-20 17:59:37] DEBUG: Assembled disjointig 131
	With 3 reads
	Start read: +91875629-4923-4720-ad3d-f836b8cc7915
	At position: 2
	leftTip: 0 rightTip: 0
	Suspicious: 0
	Short ext: 0
	Mean extensions: 303
	Avg overlap len: 10231
	Min overlap len: 9729
	Inner reads: 0
	Length: 16667
[2026-02-20 17:59:37] DEBUG: Inner: 98366 covered: 104394 total: 180030
[2026-02-20 17:59:37] DEBUG: Assembled disjointig 132
	With 3 reads
	Start read: +692ccf90-687d-4ccf-8f10-175c39e82c08
	At position: 2
	leftTip: 0 rightTip: 0
	Suspicious: 0
	Short ext: 0
	Mean extensions: 311
	Avg overlap len: 10267
	Min overlap len: 10210
	Inner reads: 0
	Length: 16533
[2026-02-20 17:59:37] DEBUG: Inner: 98368 covered: 104426 total: 180030
[2026-02-20 17:59:37] DEBUG: Assembled disjointig 133
	With 3 reads
	Start read: +3e3ce128-427b-4e9a-8598-f8865e48def4
	At position: 2
	leftTip: 0 rightTip: 0
	Suspicious: 0
	Short ext: 0
	Mean extensions: 271
	Avg overlap len: 10279
	Min overlap len: 10015
	Inner reads: 0
	Length: 14356
[2026-02-20 17:59:37] DEBUG: Inner: 98370 covered: 104462 total: 180030
[2026-02-20 17:59:37] DEBUG: Assembled disjointig 134
	With 3 reads
	Start read: +1d0563e2-36bc-40a6-9b8b-19fa9e90e059
	At position: 2
	leftTip: 0 rightTip: 0
	Suspicious: 0
	Short ext: 0
	Mean extensions: 196
	Avg overlap len: 5034
	Min overlap len: 4974
	Inner reads: 0
	Length: 14427
[2026-02-20 17:59:37] DEBUG: Inner: 98372 covered: 104476 total: 180030
[2026-02-20 17:59:37] DEBUG: Assembled disjointig 135
	With 3 reads
	Start read: +7bef1996-0884-4c6a-a923-54f88f4d9216
	At position: 2
	leftTip: 0 rightTip: 0
	Suspicious: 0
	Short ext: 0
	Mean extensions: 282
	Avg overlap len: 11058
	Min overlap len: 9878
	Inner reads: 0
	Length: 15955
[2026-02-20 17:59:37] DEBUG: Inner: 98376 covered: 104489 total: 180030
[2026-02-20 17:59:37] DEBUG: Assembled disjointig 136
	With 3 reads
	Start read: +be7d76f0-0962-471b-bd67-f198410a998c
	At position: 2
	leftTip: 0 rightTip: 0
	Suspicious: 0
	Short ext: 0
	Mean extensions: 249
	Avg overlap len: 10498
	Min overlap len: 10186
	Inner reads: 0
	Length: 16576
[2026-02-20 17:59:37] DEBUG: Inner: 98380 covered: 104508 total: 180030
[2026-02-20 17:59:37] DEBUG: Assembled disjointig 137
	With 3 reads
	Start read: +222403eb-4060-4396-84e3-4feb7585ed36
	At position: 2
	leftTip: 0 rightTip: 0
	Suspicious: 0
	Short ext: 0
	Mean extensions: 274
	Avg overlap len: 10552
	Min overlap len: 9869
	Inner reads: 0
	Length: 16266
[2026-02-20 17:59:37] DEBUG: Inner: 98384 covered: 104559 total: 180030
[2026-02-20 17:59:37] DEBUG: Assembled disjointig 138
	With 4 reads
	Start read: +2bbb457e-7928-4b0a-9076-bcdb51091211
	At position: 3
	leftTip: 0 rightTip: 0
	Suspicious: 0
	Short ext: 0
	Mean extensions: 77
	Avg overlap len: 2601
	Min overlap len: 2437
	Inner reads: 0
	Length: 19402
[2026-02-20 17:59:37] DEBUG: Inner: 98394 covered: 104678 total: 180030
[2026-02-20 17:59:37] DEBUG: Assembled disjointig 139
	With 3 reads
	Start read: +3ed383d5-fbc7-4d8c-af23-0a718bfd060f
	At position: 2
	leftTip: 0 rightTip: 0
	Suspicious: 0
	Short ext: 0
	Mean extensions: 204
	Avg overlap len: 8027
	Min overlap len: 7950
	Inner reads: 0
	Length: 14488
[2026-02-20 17:59:37] DEBUG: Inner: 98396 covered: 104768 total: 180030
[2026-02-20 17:59:37] DEBUG: Assembled disjointig 140
	With 3 reads
	Start read: +77636a85-1533-4ecb-be44-2541177d3e6a
	At position: 2
	leftTip: 0 rightTip: 0
	Suspicious: 0
	Short ext: 0
	Mean extensions: 215
	Avg overlap len: 10763
	Min overlap len: 9695
	Inner reads: 0
	Length: 16625
[2026-02-20 17:59:37] DEBUG: Inner: 98398 covered: 104784 total: 180030
[2026-02-20 17:59:37] DEBUG: Assembled disjointig 141
	With 3 reads
	Start read: +21286c44-5cbd-4cfd-9a51-2ca6c1b60f9c
	At position: 2
	leftTip: 0 rightTip: 0
	Suspicious: 0
	Short ext: 0
	Mean extensions: 110
	Avg overlap len: 3001
	Min overlap len: 2987
	Inner reads: 0
	Length: 15211
[2026-02-20 17:59:37] DEBUG: Inner: 98404 covered: 104842 total: 180030
[2026-02-20 17:59:37] DEBUG: Assembled disjointig 142
	With 3 reads
	Start read: +940d206c-0b0f-41a6-ad5a-85ae12da64fd
	At position: 2
	leftTip: 0 rightTip: 0
	Suspicious: 0
	Short ext: 0
	Mean extensions: 125
	Avg overlap len: 9946
	Min overlap len: 9447
	Inner reads: 0
	Length: 16288
[2026-02-20 17:59:37] DEBUG: Inner: 98406 covered: 104856 total: 180030
[2026-02-20 17:59:38] DEBUG: Assembled disjointig 143
	With 3 reads
	Start read: +4cbc84ee-297d-4402-8076-553cc44e1a07
	At position: 2
	leftTip: 0 rightTip: 0
	Suspicious: 0
	Short ext: 0
	Mean extensions: 259
	Avg overlap len: 9977
	Min overlap len: 9943
	Inner reads: 0
	Length: 15063
[2026-02-20 17:59:38] DEBUG: Inner: 98410 covered: 104891 total: 180030
[2026-02-20 17:59:38] DEBUG: Assembled disjointig 144
	With 3 reads
	Start read: +222641df-13e2-48bb-a087-0d1ae7c5b8de
	At position: 2
	leftTip: 0 rightTip: 0
	Suspicious: 0
	Short ext: 0
	Mean extensions: 97
	Avg overlap len: 2807
	Min overlap len: 2650
	Inner reads: 0
	Length: 13526
[2026-02-20 17:59:38] DEBUG: Inner: 98414 covered: 104920 total: 180030
[2026-02-20 17:59:38] DEBUG: Assembled disjointig 145
	With 3 reads
	Start read: +21ecaf1a-bc95-45f5-902b-4bfd465629ab
	At position: 2
	leftTip: 0 rightTip: 0
	Suspicious: 0
	Short ext: 0
	Mean extensions: 266
	Avg overlap len: 5380
	Min overlap len: 5372
	Inner reads: 0
	Length: 17657
[2026-02-20 17:59:38] DEBUG: Inner: 98416 covered: 104972 total: 180030
[2026-02-20 17:59:38] DEBUG: Assembled disjointig 146
	With 3 reads
	Start read: +f9a5025d-37fa-42df-bff4-bdab8020a3e7
	At position: 2
	leftTip: 0 rightTip: 0
	Suspicious: 0
	Short ext: 0
	Mean extensions: 223
	Avg overlap len: 10565
	Min overlap len: 9841
	Inner reads: 0
	Length: 16279
[2026-02-20 17:59:38] DEBUG: Inner: 98418 covered: 105190 total: 180030
[2026-02-20 17:59:38] DEBUG: Assembled disjointig 147
	With 3 reads
	Start read: +7c054270-75fd-4e14-82a8-010bd87729c3
	At position: 2
	leftTip: 0 rightTip: 0
	Suspicious: 0
	Short ext: 0
	Mean extensions: 242
	Avg overlap len: 10173
	Min overlap len: 9996
	Inner reads: 0
	Length: 16130
[2026-02-20 17:59:38] DEBUG: Inner: 98422 covered: 105252 total: 180030
[2026-02-20 17:59:38] DEBUG: Assembled disjointig 148
	With 3 reads
	Start read: +b300af4a-3a42-477d-a715-375f9aeb1d6a
	At position: 2
	leftTip: 0 rightTip: 0
	Suspicious: 0
	Short ext: 0
	Mean extensions: 281
	Avg overlap len: 10802
	Min overlap len: 9732
	Inner reads: 0
	Length: 16663
[2026-02-20 17:59:38] DEBUG: Inner: 98424 covered: 105424 total: 180030
[2026-02-20 17:59:38] DEBUG: Assembled disjointig 149
	With 3 reads
	Start read: +cab60ca3-2a56-4fdc-a81c-2199aac399bc
	At position: 2
	leftTip: 0 rightTip: 0
	Suspicious: 0
	Short ext: 0
	Mean extensions: 292
	Avg overlap len: 10355
	Min overlap len: 9816
	Inner reads: 0
	Length: 16942
[2026-02-20 17:59:38] DEBUG: Inner: 98426 covered: 105436 total: 180030
[2026-02-20 17:59:38] DEBUG: Assembled disjointig 150
	With 3 reads
	Start read: +985817f1-6a5c-4a73-bf23-1bae59a4377c
	At position: 2
	leftTip: 0 rightTip: 0
	Suspicious: 0
	Short ext: 0
	Mean extensions: 326
	Avg overlap len: 10267
	Min overlap len: 10031
	Inner reads: 0
	Length: 16062
[2026-02-20 17:59:38] DEBUG: Inner: 98428 covered: 105452 total: 180030
[2026-02-20 17:59:38] DEBUG: Assembled disjointig 151
	With 3 reads
	Start read: +20b6f2e9-e6e3-48a9-ab97-c4193a46826b
	At position: 2
	leftTip: 0 rightTip: 0
	Suspicious: 0
	Short ext: 0
	Mean extensions: 133
	Avg overlap len: 3497
	Min overlap len: 3412
	Inner reads: 0
	Length: 7940
[2026-02-20 17:59:38] DEBUG: Inner: 98430 covered: 105596 total: 180030
[2026-02-20 17:59:38] DEBUG: Assembled disjointig 152
	With 3 reads
	Start read: +5737a0e3-4bc1-4b91-b882-262d52c3b9ac
	At position: 2
	leftTip: 0 rightTip: 0
	Suspicious: 0
	Short ext: 0
	Mean extensions: 283
	Avg overlap len: 10611
	Min overlap len: 9718
	Inner reads: 0
	Length: 16666
[2026-02-20 17:59:38] DEBUG: Inner: 98432 covered: 105616 total: 180030
[2026-02-20 17:59:38] DEBUG: Assembled disjointig 153
	With 3 reads
	Start read: +5ad1f68d-854f-460b-8378-f251b5d80841
	At position: 2
	leftTip: 0 rightTip: 0
	Suspicious: 0
	Short ext: 0
	Mean extensions: 242
	Avg overlap len: 10202
	Min overlap len: 9989
	Inner reads: 0
	Length: 16529
[2026-02-20 17:59:38] DEBUG: Inner: 98436 covered: 105628 total: 180030
[2026-02-20 17:59:38] DEBUG: Assembled disjointig 154
	With 3 reads
	Start read: +80c48f77-b5fb-41bd-af22-9c36dadf0868
	At position: 2
	leftTip: 0 rightTip: 0
	Suspicious: 0
	Short ext: 0
	Mean extensions: 253
	Avg overlap len: 10626
	Min overlap len: 10080
	Inner reads: 0
	Length: 15867
[2026-02-20 17:59:38] DEBUG: Inner: 98438 covered: 105672 total: 180030
[2026-02-20 17:59:38] DEBUG: Assembled disjointig 155
	With 3 reads
	Start read: +6b7dbaaa-6308-4f74-87ef-eb4efe1af8ae
	At position: 2
	leftTip: 0 rightTip: 0
	Suspicious: 0
	Short ext: 0
	Mean extensions: 186
	Avg overlap len: 10271
	Min overlap len: 9543
	Inner reads: 0
	Length: 15623
[2026-02-20 17:59:38] DEBUG: Inner: 98440 covered: 105760 total: 180030
[2026-02-20 17:59:38] DEBUG: Assembled disjointig 156
	With 3 reads
	Start read: +6af723dc-6786-49fa-80b8-9f70154fb436
	At position: 2
	leftTip: 0 rightTip: 0
	Suspicious: 0
	Short ext: 0
	Mean extensions: 249
	Avg overlap len: 10448
	Min overlap len: 10093
	Inner reads: 0
	Length: 14721
[2026-02-20 17:59:38] DEBUG: Inner: 98442 covered: 105786 total: 180030
[2026-02-20 17:59:38] DEBUG: Assembled disjointig 157
	With 3 reads
	Start read: +11757c7a-b35d-4015-9064-1397a386fcb1
	At position: 2
	leftTip: 0 rightTip: 0
	Suspicious: 0
	Short ext: 0
	Mean extensions: 144
	Avg overlap len: 9389
	Min overlap len: 9041
	Inner reads: 0
	Length: 13665
[2026-02-20 17:59:38] DEBUG: Inner: 98446 covered: 105860 total: 180030
[2026-02-20 17:59:39] DEBUG: Assembled disjointig 158
	With 3 reads
	Start read: +7eb5a0a3-7f1e-4399-9740-3aaa840ef8fd
	At position: 2
	leftTip: 0 rightTip: 0
	Suspicious: 0
	Short ext: 0
	Mean extensions: 252
	Avg overlap len: 10417
	Min overlap len: 9588
	Inner reads: 0
	Length: 15969
[2026-02-20 17:59:39] DEBUG: Inner: 98448 covered: 105902 total: 180030
[2026-02-20 17:59:39] DEBUG: Assembled disjointig 159
	With 3 reads
	Start read: +bfde795b-46ea-4f6c-ad91-4813d7388359
	At position: 2
	leftTip: 0 rightTip: 0
	Suspicious: 0
	Short ext: 0
	Mean extensions: 181
	Avg overlap len: 10754
	Min overlap len: 10370
	Inner reads: 0
	Length: 16090
[2026-02-20 17:59:39] DEBUG: Inner: 98450 covered: 105921 total: 180030
[2026-02-20 17:59:39] DEBUG: Assembled disjointig 160
	With 1 reads
	Start read: +db8b318d-5ddd-4c9f-a10e-8e2c671f537a
	At position: 1
	leftTip: 1 rightTip: 1
	Suspicious: 0
	Short ext: 0
	Mean extensions: 0
	Avg overlap len: 0
	Min overlap len: 0
	Inner reads: 0
	Length: 2216
[2026-02-20 17:59:39] DEBUG: Inner: 98452 covered: 105936 total: 180030
[2026-02-20 17:59:39] DEBUG: Assembled disjointig 161
	With 3 reads
	Start read: +6c656232-9bcb-4c8b-bf8b-2c2b3e4e8823
	At position: 2
	leftTip: 0 rightTip: 0
	Suspicious: 0
	Short ext: 0
	Mean extensions: 267
	Avg overlap len: 10508
	Min overlap len: 10092
	Inner reads: 0
	Length: 16523
[2026-02-20 17:59:39] DEBUG: Inner: 98454 covered: 105946 total: 180030
[2026-02-20 17:59:39] DEBUG: Assembled disjointig 162
	With 3 reads
	Start read: +f26d6958-1448-423e-97a8-7a22f58477d5
	At position: 2
	leftTip: 0 rightTip: 0
	Suspicious: 0
	Short ext: 0
	Mean extensions: 183
	Avg overlap len: 10774
	Min overlap len: 10336
	Inner reads: 0
	Length: 15783
[2026-02-20 17:59:39] DEBUG: Inner: 98458 covered: 106012 total: 180030
[2026-02-20 17:59:39] DEBUG: Assembled disjointig 163
	With 3 reads
	Start read: +3305be43-87c9-494d-9607-b3f83c369e97
	At position: 2
	leftTip: 0 rightTip: 0
	Suspicious: 0
	Short ext: 0
	Mean extensions: 239
	Avg overlap len: 10342
	Min overlap len: 9817
	Inner reads: 0
	Length: 16252
[2026-02-20 17:59:39] DEBUG: Inner: 98460 covered: 106044 total: 180030
[2026-02-20 17:59:39] DEBUG: Assembled disjointig 164
	With 3 reads
	Start read: +2040088e-3b22-4c24-b0ca-4ca5dcc4707a
	At position: 2
	leftTip: 0 rightTip: 0
	Suspicious: 0
	Short ext: 0
	Mean extensions: 265
	Avg overlap len: 10295
	Min overlap len: 10205
	Inner reads: 0
	Length: 16250
[2026-02-20 17:59:39] DEBUG: Inner: 98468 covered: 106116 total: 180030
[2026-02-20 17:59:39] DEBUG: Assembled disjointig 165
	With 3 reads
	Start read: +fd5f8373-2aaa-4371-a20b-bb1c40f4a33c
	At position: 2
	leftTip: 0 rightTip: 0
	Suspicious: 0
	Short ext: 0
	Mean extensions: 385
	Avg overlap len: 10526
	Min overlap len: 10207
	Inner reads: 0
	Length: 16603
[2026-02-20 17:59:39] DEBUG: Inner: 98472 covered: 106160 total: 180030
[2026-02-20 17:59:39] DEBUG: Assembled disjointig 166
	With 3 reads
	Start read: +58fdf448-b167-4c19-8c0b-7c6dd1813819
	At position: 2
	leftTip: 0 rightTip: 0
	Suspicious: 0
	Short ext: 0
	Mean extensions: 297
	Avg overlap len: 10773
	Min overlap len: 10551
	Inner reads: 0
	Length: 15205
[2026-02-20 17:59:39] DEBUG: Inner: 98476 covered: 106166 total: 180030
[2026-02-20 17:59:39] DEBUG: Assembled disjointig 167
	With 3 reads
	Start read: +2b451614-a86e-4600-9b75-c845b4e636b6
	At position: 2
	leftTip: 0 rightTip: 0
	Suspicious: 0
	Short ext: 0
	Mean extensions: 248
	Avg overlap len: 9425
	Min overlap len: 9148
	Inner reads: 0
	Length: 18054
[2026-02-20 17:59:39] DEBUG: Inner: 98478 covered: 106216 total: 180030
[2026-02-20 17:59:39] DEBUG: Assembled disjointig 168
	With 3 reads
	Start read: +f73c6e35-4597-4b10-8d05-a09439768745
	At position: 2
	leftTip: 0 rightTip: 0
	Suspicious: 0
	Short ext: 0
	Mean extensions: 247
	Avg overlap len: 10529
	Min overlap len: 9661
	Inner reads: 0
	Length: 16625
[2026-02-20 17:59:39] DEBUG: Inner: 98480 covered: 106248 total: 180030
[2026-02-20 17:59:39] DEBUG: Assembled disjointig 169
	With 3 reads
	Start read: +1c1f4ac2-d3ab-4c64-9ff9-8e7d085dbeff
	At position: 2
	leftTip: 0 rightTip: 0
	Suspicious: 0
	Short ext: 0
	Mean extensions: 302
	Avg overlap len: 10214
	Min overlap len: 9880
	Inner reads: 0
	Length: 17039
[2026-02-20 17:59:39] DEBUG: Inner: 98484 covered: 106316 total: 180030
[2026-02-20 17:59:39] DEBUG: Assembled disjointig 170
	With 3 reads
	Start read: +3490fd00-c4ae-4c0e-98eb-806d3d73ff92
	At position: 2
	leftTip: 0 rightTip: 0
	Suspicious: 0
	Short ext: 0
	Mean extensions: 229
	Avg overlap len: 6024
	Min overlap len: 5865
	Inner reads: 0
	Length: 15216
[2026-02-20 17:59:39] DEBUG: Inner: 98488 covered: 106340 total: 180030
[2026-02-20 17:59:39] DEBUG: Assembled disjointig 171
	With 3 reads
	Start read: +dca8b0c6-55b1-44d5-bebf-2363b91524b8
	At position: 2
	leftTip: 0 rightTip: 0
	Suspicious: 0
	Short ext: 0
	Mean extensions: 323
	Avg overlap len: 10319
	Min overlap len: 10049
	Inner reads: 0
	Length: 16078
[2026-02-20 17:59:39] DEBUG: Inner: 98492 covered: 106350 total: 180030
[2026-02-20 17:59:39] DEBUG: Assembled disjointig 172
	With 3 reads
	Start read: +7df473c7-f0f0-4e57-b91d-614ee9b2e250
	At position: 2
	leftTip: 0 rightTip: 0
	Suspicious: 0
	Short ext: 0
	Mean extensions: 174
	Avg overlap len: 9911
	Min overlap len: 9373
	Inner reads: 0
	Length: 14503
[2026-02-20 17:59:39] DEBUG: Inner: 98494 covered: 106444 total: 180030
[2026-02-20 17:59:39] DEBUG: Assembled disjointig 173
	With 3 reads
	Start read: +d105c3a8-b20f-415a-b476-8af8769204df
	At position: 2
	leftTip: 0 rightTip: 0
	Suspicious: 0
	Short ext: 0
	Mean extensions: 195
	Avg overlap len: 9517
	Min overlap len: 9507
	Inner reads: 0
	Length: 15274
[2026-02-20 17:59:39] DEBUG: Inner: 98498 covered: 106484 total: 180030
[2026-02-20 17:59:39] DEBUG: Assembled disjointig 174
	With 3 reads
	Start read: +2193a851-d847-47de-bf27-32cccbc10537
	At position: 2
	leftTip: 0 rightTip: 0
	Suspicious: 0
	Short ext: 0
	Mean extensions: 324
	Avg overlap len: 10740
	Min overlap len: 9574
	Inner reads: 0
	Length: 16546
[2026-02-20 17:59:39] DEBUG: Inner: 98500 covered: 106552 total: 180030
[2026-02-20 17:59:39] DEBUG: Assembled disjointig 175
	With 4 reads
	Start read: +570f1a73-077b-4634-9c82-dd37b4cd2371
	At position: 3
	leftTip: 0 rightTip: 0
	Suspicious: 0
	Short ext: 0
	Mean extensions: 28
	Avg overlap len: 2718
	Min overlap len: 2246
	Inner reads: 0
	Length: 23827
[2026-02-20 17:59:39] DEBUG: Inner: 98504 covered: 106676 total: 180030
[2026-02-20 17:59:39] DEBUG: Assembled disjointig 176
	With 3 reads
	Start read: +4899035b-270c-4ef9-9938-40f098b94cb4
	At position: 2
	leftTip: 0 rightTip: 0
	Suspicious: 0
	Short ext: 0
	Mean extensions: 199
	Avg overlap len: 6178
	Min overlap len: 6135
	Inner reads: 0
	Length: 16323
[2026-02-20 17:59:39] DEBUG: Inner: 98506 covered: 106698 total: 180030
[2026-02-20 17:59:39] DEBUG: Assembled disjointig 177
	With 3 reads
	Start read: +aa3032b9-23df-4ef9-9d5b-37c5f3ddd811
	At position: 2
	leftTip: 0 rightTip: 0
	Suspicious: 0
	Short ext: 0
	Mean extensions: 225
	Avg overlap len: 9621
	Min overlap len: 9447
	Inner reads: 0
	Length: 16783
[2026-02-20 17:59:39] DEBUG: Inner: 98508 covered: 106775 total: 180030
[2026-02-20 17:59:39] DEBUG: Assembled disjointig 178
	With 3 reads
	Start read: +c2adc462-578b-4868-895d-6f8372d12f48
	At position: 2
	leftTip: 0 rightTip: 0
	Suspicious: 0
	Short ext: 0
	Mean extensions: 241
	Avg overlap len: 6238
	Min overlap len: 6081
	Inner reads: 0
	Length: 16543
[2026-02-20 17:59:39] DEBUG: Inner: 98516 covered: 106830 total: 180030
[2026-02-20 17:59:40] DEBUG: Assembled disjointig 179
	With 3 reads
	Start read: +c96c22f0-a618-4e2b-8615-a339822f54ce
	At position: 2
	leftTip: 0 rightTip: 0
	Suspicious: 0
	Short ext: 0
	Mean extensions: 213
	Avg overlap len: 9537
	Min overlap len: 8694
	Inner reads: 0
	Length: 17440
[2026-02-20 17:59:40] DEBUG: Inner: 98520 covered: 106857 total: 180030
[2026-02-20 17:59:40] DEBUG: Assembled disjointig 180
	With 3 reads
	Start read: +8927b418-f2a9-48e0-9d6d-b7608b876411
	At position: 2
	leftTip: 0 rightTip: 0
	Suspicious: 0
	Short ext: 0
	Mean extensions: 272
	Avg overlap len: 10819
	Min overlap len: 9601
	Inner reads: 0
	Length: 17050
[2026-02-20 17:59:40] DEBUG: Inner: 98522 covered: 106892 total: 180030
[2026-02-20 17:59:40] DEBUG: Assembled disjointig 181
	With 3 reads
	Start read: +c270d757-dc45-4abe-894e-1680cb22c348
	At position: 2
	leftTip: 0 rightTip: 0
	Suspicious: 0
	Short ext: 0
	Mean extensions: 299
	Avg overlap len: 10812
	Min overlap len: 9384
	Inner reads: 0
	Length: 16555
[2026-02-20 17:59:40] DEBUG: Inner: 98526 covered: 106948 total: 180030
[2026-02-20 17:59:40] DEBUG: Assembled disjointig 182
	With 3 reads
	Start read: +8607766b-a12d-489d-a9f9-b6707e0c70ab
	At position: 2
	leftTip: 0 rightTip: 0
	Suspicious: 0
	Short ext: 0
	Mean extensions: 210
	Avg overlap len: 8221
	Min overlap len: 8095
	Inner reads: 0
	Length: 13843
[2026-02-20 17:59:40] DEBUG: Inner: 98528 covered: 106970 total: 180030
[2026-02-20 17:59:40] DEBUG: Assembled disjointig 183
	With 3 reads
	Start read: +caa46c77-2dd2-4990-ba85-d725631cbda0
	At position: 2
	leftTip: 0 rightTip: 0
	Suspicious: 0
	Short ext: 0
	Mean extensions: 294
	Avg overlap len: 10416
	Min overlap len: 10292
	Inner reads: 0
	Length: 16440
[2026-02-20 17:59:40] DEBUG: Inner: 98530 covered: 107186 total: 180030
[2026-02-20 17:59:40] DEBUG: Assembled disjointig 184
	With 4 reads
	Start read: +a7b47d7e-a12c-46ab-8d30-a19e6c1a5c35
	At position: 3
	leftTip: 0 rightTip: 0
	Suspicious: 0
	Short ext: 0
	Mean extensions: 18
	Avg overlap len: 3316
	Min overlap len: 2847
	Inner reads: 0
	Length: 11739
[2026-02-20 17:59:40] DEBUG: Inner: 98598 covered: 107330 total: 180030
[2026-02-20 17:59:40] DEBUG: Assembled disjointig 185
	With 3 reads
	Start read: +643877b3-68bc-42ef-897e-ff7636879f35
	At position: 2
	leftTip: 0 rightTip: 0
	Suspicious: 0
	Short ext: 0
	Mean extensions: 293
	Avg overlap len: 10607
	Min overlap len: 10133
	Inner reads: 0
	Length: 16171
[2026-02-20 17:59:40] DEBUG: Inner: 98604 covered: 107366 total: 180030
[2026-02-20 17:59:40] DEBUG: Assembled disjointig 186
	With 3 reads
	Start read: +46003960-ada4-4d49-9839-f7da6d82c4ec
	At position: 2
	leftTip: 0 rightTip: 0
	Suspicious: 0
	Short ext: 0
	Mean extensions: 271
	Avg overlap len: 10821
	Min overlap len: 10374
	Inner reads: 0
	Length: 16173
[2026-02-20 17:59:40] DEBUG: Inner: 98606 covered: 107426 total: 180030
[2026-02-20 17:59:40] DEBUG: Assembled disjointig 187
	With 3 reads
	Start read: +ec2eaf9a-0876-44f0-b483-d971179718d3
	At position: 2
	leftTip: 0 rightTip: 0
	Suspicious: 0
	Short ext: 0
	Mean extensions: 277
	Avg overlap len: 10916
	Min overlap len: 10130
	Inner reads: 0
	Length: 16188
[2026-02-20 17:59:40] DEBUG: Inner: 98610 covered: 107456 total: 180030
[2026-02-20 17:59:40] DEBUG: Assembled disjointig 188
	With 3 reads
	Start read: +42782546-85be-49ed-8f40-b0dcf6f01803
	At position: 2
	leftTip: 0 rightTip: 0
	Suspicious: 0
	Short ext: 0
	Mean extensions: 244
	Avg overlap len: 10182
	Min overlap len: 9178
	Inner reads: 0
	Length: 14401
[2026-02-20 17:59:40] DEBUG: Inner: 98612 covered: 107570 total: 180030
[2026-02-20 17:59:40] DEBUG: Assembled disjointig 189
	With 3 reads
	Start read: +9ffcc1fd-bce1-4996-88b0-3120befa86da
	At position: 2
	leftTip: 0 rightTip: 0
	Suspicious: 0
	Short ext: 0
	Mean extensions: 284
	Avg overlap len: 10197
	Min overlap len: 9904
	Inner reads: 0
	Length: 16577
[2026-02-20 17:59:40] DEBUG: Inner: 98616 covered: 107582 total: 180030
[2026-02-20 17:59:40] DEBUG: Assembled disjointig 190
	With 4 reads
	Start read: +e1fd8af2-8037-4f65-a80b-aa45cecc7cc5
	At position: 3
	leftTip: 0 rightTip: 0
	Suspicious: 0
	Short ext: 0
	Mean extensions: 164
	Avg overlap len: 8881
	Min overlap len: 8704
	Inner reads: 0
	Length: 15381
[2026-02-20 17:59:40] DEBUG: Inner: 98626 covered: 107670 total: 180030
[2026-02-20 17:59:40] DEBUG: Assembled disjointig 191
	With 3 reads
	Start read: +95bffd2e-46e1-4e00-98d0-50d676038718
	At position: 2
	leftTip: 0 rightTip: 0
	Suspicious: 0
	Short ext: 0
	Mean extensions: 268
	Avg overlap len: 10654
	Min overlap len: 10410
	Inner reads: 0
	Length: 15843
[2026-02-20 17:59:40] DEBUG: Inner: 98630 covered: 107673 total: 180030
[2026-02-20 17:59:40] DEBUG: Assembled disjointig 192
	With 3 reads
	Start read: +3fe31f58-3084-4bbb-90a7-391fad4cfeef
	At position: 2
	leftTip: 0 rightTip: 0
	Suspicious: 0
	Short ext: 0
	Mean extensions: 216
	Avg overlap len: 10560
	Min overlap len: 9875
	Inner reads: 0
	Length: 16271
[2026-02-20 17:59:40] DEBUG: Inner: 98632 covered: 107714 total: 180030
[2026-02-20 17:59:40] DEBUG: Assembled disjointig 193
	With 3 reads
	Start read: +67115971-10a7-4271-a17e-74c36f792931
	At position: 2
	leftTip: 0 rightTip: 0
	Suspicious: 0
	Short ext: 0
	Mean extensions: 315
	Avg overlap len: 10391
	Min overlap len: 9794
	Inner reads: 0
	Length: 16555
[2026-02-20 17:59:40] DEBUG: Inner: 98634 covered: 107788 total: 180030
[2026-02-20 17:59:40] DEBUG: Assembled disjointig 194
	With 3 reads
	Start read: +f7860023-ea58-41dd-877c-8fda324e715e
	At position: 2
	leftTip: 0 rightTip: 0
	Suspicious: 0
	Short ext: 0
	Mean extensions: 225
	Avg overlap len: 8732
	Min overlap len: 8688
	Inner reads: 0
	Length: 14581
[2026-02-20 17:59:40] DEBUG: Inner: 98636 covered: 107823 total: 180030
[2026-02-20 17:59:41] DEBUG: Assembled disjointig 195
	With 3 reads
	Start read: +ce530202-8d1f-4f01-be8f-58f77c673006
	At position: 2
	leftTip: 0 rightTip: 0
	Suspicious: 0
	Short ext: 0
	Mean extensions: 298
	Avg overlap len: 10132
	Min overlap len: 9431
	Inner reads: 0
	Length: 17190
[2026-02-20 17:59:41] DEBUG: Inner: 98638 covered: 107966 total: 180030
[2026-02-20 17:59:41] DEBUG: Assembled disjointig 196
	With 3 reads
	Start read: +54c07484-6b79-42ec-adb2-f3f8f91b2a46
	At position: 2
	leftTip: 0 rightTip: 0
	Suspicious: 0
	Short ext: 0
	Mean extensions: 273
	Avg overlap len: 10203
	Min overlap len: 9861
	Inner reads: 0
	Length: 16101
[2026-02-20 17:59:41] DEBUG: Inner: 98640 covered: 108006 total: 180030
[2026-02-20 17:59:41] DEBUG: Assembled disjointig 197
	With 3 reads
	Start read: +8893200b-abb1-449c-bdff-a12ad7d6d217
	At position: 2
	leftTip: 0 rightTip: 0
	Suspicious: 0
	Short ext: 0
	Mean extensions: 289
	Avg overlap len: 10845
	Min overlap len: 9856
	Inner reads: 0
	Length: 16519
[2026-02-20 17:59:41] DEBUG: Inner: 98642 covered: 108042 total: 180030
[2026-02-20 17:59:41] DEBUG: Assembled disjointig 198
	With 3 reads
	Start read: +d120e531-5e76-48f3-81af-a56b37cf6f7f
	At position: 2
	leftTip: 0 rightTip: 0
	Suspicious: 0
	Short ext: 0
	Mean extensions: 208
	Avg overlap len: 10231
	Min overlap len: 9492
	Inner reads: 0
	Length: 14189
[2026-02-20 17:59:41] DEBUG: Inner: 98644 covered: 108140 total: 180030
[2026-02-20 17:59:41] DEBUG: Assembled disjointig 199
	With 5 reads
	Start read: +ec1d9908-a02a-43cb-a78d-888467e5e7af
	At position: 3
	leftTip: 0 rightTip: 0
	Suspicious: 0
	Short ext: 0
	Mean extensions: 185
	Avg overlap len: 10157
	Min overlap len: 6268
	Inner reads: 0
	Length: 18801
[2026-02-20 17:59:41] DEBUG: Inner: 98656 covered: 108272 total: 180030
[2026-02-20 17:59:41] DEBUG: Assembled disjointig 200
	With 3 reads
	Start read: +90e07e17-4767-48a9-8c39-1901f69d9dd1
	At position: 2
	leftTip: 0 rightTip: 0
	Suspicious: 0
	Short ext: 0
	Mean extensions: 237
	Avg overlap len: 10776
	Min overlap len: 9706
	Inner reads: 0
	Length: 16633
[2026-02-20 17:59:41] DEBUG: Inner: 98660 covered: 108466 total: 180030
[2026-02-20 17:59:42] DEBUG: Assembled disjointig 201
	With 3 reads
	Start read: +4a700ea7-d07d-490a-a64c-761796fe42eb
	At position: 2
	leftTip: 0 rightTip: 0
	Suspicious: 0
	Short ext: 0
	Mean extensions: 195
	Avg overlap len: 5318
	Min overlap len: 5140
	Inner reads: 0
	Length: 16583
[2026-02-20 17:59:42] DEBUG: Inner: 98664 covered: 108820 total: 180030
[2026-02-20 17:59:42] DEBUG: Assembled disjointig 202
	With 3 reads
	Start read: +9dde03b1-f7d7-422b-8f56-b435db3721e5
	At position: 2
	leftTip: 0 rightTip: 0
	Suspicious: 0
	Short ext: 0
	Mean extensions: 228
	Avg overlap len: 10192
	Min overlap len: 9907
	Inner reads: 0
	Length: 15403
[2026-02-20 17:59:42] DEBUG: Inner: 98666 covered: 108822 total: 180030
[2026-02-20 17:59:42] DEBUG: Assembled disjointig 203
	With 3 reads
	Start read: +31811f88-8759-4c2d-a0f3-3b045865bb42
	At position: 2
	leftTip: 0 rightTip: 0
	Suspicious: 0
	Short ext: 0
	Mean extensions: 319
	Avg overlap len: 10645
	Min overlap len: 10206
	Inner reads: 0
	Length: 16513
[2026-02-20 17:59:42] DEBUG: Inner: 98668 covered: 108930 total: 180030
[2026-02-20 17:59:42] DEBUG: Assembled disjointig 204
	With 3 reads
	Start read: +8b4b3190-4164-4b5d-b5c1-3b749ca173a4
	At position: 2
	leftTip: 0 rightTip: 0
	Suspicious: 0
	Short ext: 0
	Mean extensions: 141
	Avg overlap len: 8342
	Min overlap len: 8007
	Inner reads: 0
	Length: 16448
[2026-02-20 17:59:42] DEBUG: Inner: 98674 covered: 108986 total: 180030
[2026-02-20 17:59:42] DEBUG: Assembled disjointig 205
	With 3 reads
	Start read: +8ac91469-b2c3-460c-98d8-f0b97cae1777
	At position: 2
	leftTip: 0 rightTip: 0
	Suspicious: 0
	Short ext: 0
	Mean extensions: 268
	Avg overlap len: 10531
	Min overlap len: 9678
	Inner reads: 0
	Length: 16903
[2026-02-20 17:59:42] DEBUG: Inner: 98676 covered: 109020 total: 180030
[2026-02-20 17:59:42] DEBUG: Assembled disjointig 206
	With 3 reads
	Start read: +81ba75be-1879-44ef-8e03-902441610802
	At position: 2
	leftTip: 0 rightTip: 0
	Suspicious: 0
	Short ext: 0
	Mean extensions: 285
	Avg overlap len: 10552
	Min overlap len: 9458
	Inner reads: 0
	Length: 17218
[2026-02-20 17:59:42] DEBUG: Inner: 98680 covered: 109068 total: 180030
[2026-02-20 17:59:42] DEBUG: Assembled disjointig 207
	With 3 reads
	Start read: +9054845f-d664-424e-9a0c-8482ba2427a6
	At position: 2
	leftTip: 0 rightTip: 0
	Suspicious: 0
	Short ext: 0
	Mean extensions: 173
	Avg overlap len: 10669
	Min overlap len: 10545
	Inner reads: 0
	Length: 16100
[2026-02-20 17:59:42] DEBUG: Inner: 98682 covered: 109078 total: 180030
[2026-02-20 17:59:42] DEBUG: Assembled disjointig 208
	With 3 reads
	Start read: +1d3a9f9a-ba9c-4ff9-902e-1b462334d402
	At position: 2
	leftTip: 0 rightTip: 0
	Suspicious: 0
	Short ext: 0
	Mean extensions: 315
	Avg overlap len: 10535
	Min overlap len: 10279
	Inner reads: 0
	Length: 16233
[2026-02-20 17:59:42] DEBUG: Inner: 98686 covered: 109160 total: 180030
[2026-02-20 17:59:42] DEBUG: Assembled disjointig 209
	With 3 reads
	Start read: +1bec9937-0af7-4f7b-811f-6ce7b86a5678
	At position: 2
	leftTip: 0 rightTip: 0
	Suspicious: 0
	Short ext: 0
	Mean extensions: 251
	Avg overlap len: 10407
	Min overlap len: 9839
	Inner reads: 0
	Length: 16906
[2026-02-20 17:59:42] DEBUG: Inner: 98690 covered: 109182 total: 180030
[2026-02-20 17:59:42] DEBUG: Assembled disjointig 210
	With 3 reads
	Start read: +93fe85e3-c6a1-4829-a8f1-f874fbf636cb
	At position: 2
	leftTip: 0 rightTip: 0
	Suspicious: 0
	Short ext: 0
	Mean extensions: 257
	Avg overlap len: 10525
	Min overlap len: 9989
	Inner reads: 0
	Length: 15937
[2026-02-20 17:59:42] DEBUG: Inner: 98692 covered: 109286 total: 180030
[2026-02-20 17:59:42] DEBUG: Assembled disjointig 211
	With 3 reads
	Start read: +dfc3bfb5-a454-47ea-a6c4-f56dbbc0c975
	At position: 2
	leftTip: 0 rightTip: 0
	Suspicious: 0
	Short ext: 0
	Mean extensions: 309
	Avg overlap len: 10673
	Min overlap len: 10006
	Inner reads: 0
	Length: 16543
[2026-02-20 17:59:42] DEBUG: Inner: 98694 covered: 109292 total: 180030
[2026-02-20 17:59:42] DEBUG: Assembled disjointig 212
	With 3 reads
	Start read: +4e32b955-c7e1-45d2-8660-d21b64b49ab7
	At position: 2
	leftTip: 0 rightTip: 0
	Suspicious: 0
	Short ext: 0
	Mean extensions: 265
	Avg overlap len: 10411
	Min overlap len: 9800
	Inner reads: 0
	Length: 16148
[2026-02-20 17:59:42] DEBUG: Inner: 98696 covered: 109482 total: 180030
[2026-02-20 17:59:42] DEBUG: Assembled disjointig 213
	With 3 reads
	Start read: +5d7d1e88-baea-4c15-91de-fa3b837ab666
	At position: 2
	leftTip: 0 rightTip: 0
	Suspicious: 0
	Short ext: 0
	Mean extensions: 346
	Avg overlap len: 10663
	Min overlap len: 10624
	Inner reads: 0
	Length: 15619
[2026-02-20 17:59:42] DEBUG: Inner: 98698 covered: 109500 total: 180030
[2026-02-20 17:59:42] DEBUG: Assembled disjointig 214
	With 3 reads
	Start read: +576c2a46-8741-4a88-954c-d3ddfac75d11
	At position: 2
	leftTip: 0 rightTip: 0
	Suspicious: 0
	Short ext: 0
	Mean extensions: 301
	Avg overlap len: 10220
	Min overlap len: 9752
	Inner reads: 0
	Length: 16579
[2026-02-20 17:59:42] DEBUG: Inner: 98700 covered: 109584 total: 180030
[2026-02-20 17:59:43] DEBUG: Assembled disjointig 215
	With 3 reads
	Start read: +f23b8a3e-2c3f-4e2a-8cc7-69f1465b8567
	At position: 2
	leftTip: 0 rightTip: 0
	Suspicious: 0
	Short ext: 0
	Mean extensions: 283
	Avg overlap len: 10599
	Min overlap len: 10195
	Inner reads: 0
	Length: 16606
[2026-02-20 17:59:43] DEBUG: Inner: 98702 covered: 109698 total: 180030
[2026-02-20 17:59:43] DEBUG: Assembled disjointig 216
	With 3 reads
	Start read: +bac9200e-6eb1-497e-92f7-61317d23343b
	At position: 2
	leftTip: 0 rightTip: 0
	Suspicious: 0
	Short ext: 0
	Mean extensions: 284
	Avg overlap len: 10495
	Min overlap len: 10209
	Inner reads: 0
	Length: 16531
[2026-02-20 17:59:43] DEBUG: Inner: 98704 covered: 109710 total: 180030
[2026-02-20 17:59:43] DEBUG: Assembled disjointig 217
	With 3 reads
	Start read: +0ebf235b-623f-4ae4-afd3-65a59c1695b8
	At position: 2
	leftTip: 0 rightTip: 0
	Suspicious: 0
	Short ext: 0
	Mean extensions: 169
	Avg overlap len: 9760
	Min overlap len: 9727
	Inner reads: 0
	Length: 17725
[2026-02-20 17:59:43] DEBUG: Inner: 98706 covered: 109992 total: 180030
[2026-02-20 17:59:43] DEBUG: Assembled disjointig 218
	With 4 reads
	Start read: +6a657cc4-dc3d-428b-a2a2-46ee126d7929
	At position: 2
	leftTip: 0 rightTip: 0
	Suspicious: 0
	Short ext: 0
	Mean extensions: 181
	Avg overlap len: 6224
	Min overlap len: 6158
	Inner reads: 0
	Length: 18697
[2026-02-20 17:59:43] DEBUG: Inner: 98710 covered: 110280 total: 180030
[2026-02-20 17:59:43] DEBUG: Assembled disjointig 219
	With 3 reads
	Start read: +38ae96c3-1824-469b-81e2-e51411e77d93
	At position: 2
	leftTip: 0 rightTip: 0
	Suspicious: 0
	Short ext: 0
	Mean extensions: 268
	Avg overlap len: 10285
	Min overlap len: 9843
	Inner reads: 0
	Length: 15314
[2026-02-20 17:59:43] DEBUG: Inner: 98712 covered: 110424 total: 180030
[2026-02-20 17:59:43] DEBUG: Assembled disjointig 220
	With 3 reads
	Start read: +34f5d7e7-1da8-4afb-95f7-7618cd119e5f
	At position: 2
	leftTip: 0 rightTip: 0
	Suspicious: 0
	Short ext: 0
	Mean extensions: 231
	Avg overlap len: 5921
	Min overlap len: 5722
	Inner reads: 0
	Length: 16168
[2026-02-20 17:59:43] DEBUG: Inner: 98714 covered: 110446 total: 180030
[2026-02-20 17:59:43] DEBUG: Assembled disjointig 221
	With 1 reads
	Start read: +52f8cda9-21cc-4f88-a157-0a108dcdabb7
	At position: 1
	leftTip: 1 rightTip: 1
	Suspicious: 0
	Short ext: 0
	Mean extensions: 0
	Avg overlap len: 0
	Min overlap len: 0
	Inner reads: 0
	Length: 3089
[2026-02-20 17:59:43] DEBUG: Inner: 98716 covered: 110504 total: 180030
[2026-02-20 17:59:43] DEBUG: Assembled disjointig 222
	With 3 reads
	Start read: +28e80d00-33f4-4eb9-b1b8-094ec9093d0c
	At position: 2
	leftTip: 0 rightTip: 0
	Suspicious: 0
	Short ext: 0
	Mean extensions: 206
	Avg overlap len: 5454
	Min overlap len: 5346
	Inner reads: 0
	Length: 17599
[2026-02-20 17:59:43] DEBUG: Inner: 98718 covered: 110558 total: 180030
[2026-02-20 17:59:44] DEBUG: Assembled disjointig 223
	With 3 reads
	Start read: +c0d1ce86-2372-45d2-90b7-8a3e44cdb668
	At position: 2
	leftTip: 0 rightTip: 0
	Suspicious: 0
	Short ext: 0
	Mean extensions: 104
	Avg overlap len: 2824
	Min overlap len: 2771
	Inner reads: 0
	Length: 16565
[2026-02-20 17:59:44] DEBUG: Inner: 98720 covered: 111118 total: 180030
[2026-02-20 17:59:44] DEBUG: Assembled disjointig 224
	With 3 reads
	Start read: +d4defb00-4207-4186-beb7-7650fd86191b
	At position: 2
	leftTip: 0 rightTip: 0
	Suspicious: 0
	Short ext: 0
	Mean extensions: 259
	Avg overlap len: 10403
	Min overlap len: 9843
	Inner reads: 0
	Length: 16569
[2026-02-20 17:59:44] DEBUG: Inner: 98724 covered: 111169 total: 180030
[2026-02-20 17:59:44] DEBUG: Assembled disjointig 225
	With 3 reads
	Start read: +40c869ff-4187-4449-80f5-d305cd78d9bc
	At position: 2
	leftTip: 0 rightTip: 0
	Suspicious: 0
	Short ext: 0
	Mean extensions: 239
	Avg overlap len: 10041
	Min overlap len: 10030
	Inner reads: 0
	Length: 15690
[2026-02-20 17:59:44] DEBUG: Inner: 98726 covered: 111186 total: 180030
[2026-02-20 17:59:44] DEBUG: Assembled disjointig 226
	With 3 reads
	Start read: +57ba9ad4-bff1-498e-864c-184723be9032
	At position: 2
	leftTip: 0 rightTip: 0
	Suspicious: 0
	Short ext: 0
	Mean extensions: 195
	Avg overlap len: 10476
	Min overlap len: 10321
	Inner reads: 0
	Length: 16131
[2026-02-20 17:59:44] DEBUG: Inner: 98728 covered: 111510 total: 180030
[2026-02-20 17:59:44] DEBUG: Assembled disjointig 227
	With 3 reads
	Start read: +30c9771c-96e7-49ba-b238-3121c744ce4e
	At position: 2
	leftTip: 0 rightTip: 0
	Suspicious: 0
	Short ext: 0
	Mean extensions: 275
	Avg overlap len: 10806
	Min overlap len: 9808
	Inner reads: 0
	Length: 16553
[2026-02-20 17:59:44] DEBUG: Inner: 98734 covered: 111544 total: 180030
[2026-02-20 17:59:45] DEBUG: Assembled disjointig 228
	With 3 reads
	Start read: +d220f82c-87b3-4ef8-acf6-6dcfd3a2dc38
	At position: 2
	leftTip: 0 rightTip: 0
	Suspicious: 0
	Short ext: 0
	Mean extensions: 157
	Avg overlap len: 3250
	Min overlap len: 3225
	Inner reads: 0
	Length: 11338
[2026-02-20 17:59:45] DEBUG: Inner: 98736 covered: 111772 total: 180030
[2026-02-20 17:59:45] DEBUG: Assembled disjointig 229
	With 4 reads
	Start read: +53fd3ba7-320c-43a6-9f67-ac5c0d8e6e0e
	At position: 2
	leftTip: 0 rightTip: 0
	Suspicious: 0
	Short ext: 0
	Mean extensions: 143
	Avg overlap len: 5840
	Min overlap len: 5800
	Inner reads: 0
	Length: 18551
[2026-02-20 17:59:45] DEBUG: Inner: 98740 covered: 111848 total: 180030
[2026-02-20 17:59:45] DEBUG: Assembled disjointig 230
	With 3 reads
	Start read: +2883ec6b-ed9d-487a-ba59-4f12dabddd75
	At position: 2
	leftTip: 0 rightTip: 0
	Suspicious: 0
	Short ext: 0
	Mean extensions: 195
	Avg overlap len: 9069
	Min overlap len: 8998
	Inner reads: 0
	Length: 14378
[2026-02-20 17:59:45] DEBUG: Inner: 98744 covered: 111902 total: 180030
[2026-02-20 17:59:45] DEBUG: Assembled disjointig 231
	With 3 reads
	Start read: +2b95dd88-e87d-4bcd-bca4-4f3918707a42
	At position: 2
	leftTip: 0 rightTip: 0
	Suspicious: 0
	Short ext: 0
	Mean extensions: 140
	Avg overlap len: 4704
	Min overlap len: 4559
	Inner reads: 0
	Length: 15754
[2026-02-20 17:59:45] DEBUG: Inner: 98748 covered: 111925 total: 180030
[2026-02-20 17:59:45] DEBUG: Assembled disjointig 232
	With 3 reads
	Start read: +b307b7af-0088-4f97-8eff-07c2f2bfb19c
	At position: 2
	leftTip: 0 rightTip: 0
	Suspicious: 0
	Short ext: 0
	Mean extensions: 323
	Avg overlap len: 10268
	Min overlap len: 10043
	Inner reads: 0
	Length: 16066
[2026-02-20 17:59:45] DEBUG: Inner: 98752 covered: 111958 total: 180030
[2026-02-20 17:59:45] DEBUG: Assembled disjointig 233
	With 3 reads
	Start read: +9c5697b2-8795-4ba8-9bec-67f96cd74bb6
	At position: 2
	leftTip: 0 rightTip: 0
	Suspicious: 0
	Short ext: 0
	Mean extensions: 244
	Avg overlap len: 10413
	Min overlap len: 9845
	Inner reads: 0
	Length: 16569
[2026-02-20 17:59:45] DEBUG: Inner: 98754 covered: 112016 total: 180030
[2026-02-20 17:59:45] DEBUG: Assembled disjointig 234
	With 4 reads
	Start read: +03edf797-ec5b-42ca-9837-b53b7f90fba0
	At position: 2
	leftTip: 0 rightTip: 0
	Suspicious: 0
	Short ext: 0
	Mean extensions: 58
	Avg overlap len: 2721
	Min overlap len: 2697
	Inner reads: 0
	Length: 19113
[2026-02-20 17:59:45] DEBUG: Inner: 98760 covered: 112066 total: 180030
[2026-02-20 17:59:45] DEBUG: Assembled disjointig 235
	With 3 reads
	Start read: +d8d39682-8183-4986-9fab-fda3a355dddd
	At position: 2
	leftTip: 0 rightTip: 0
	Suspicious: 0
	Short ext: 0
	Mean extensions: 252
	Avg overlap len: 10523
	Min overlap len: 9886
	Inner reads: 0
	Length: 15007
[2026-02-20 17:59:45] DEBUG: Inner: 98762 covered: 112206 total: 180030
[2026-02-20 17:59:45] DEBUG: Assembled disjointig 236
	With 3 reads
	Start read: +87ec3865-4674-4a77-bfb0-b5fa810388b1
	At position: 2
	leftTip: 0 rightTip: 0
	Suspicious: 0
	Short ext: 0
	Mean extensions: 275
	Avg overlap len: 10336
	Min overlap len: 9514
	Inner reads: 0
	Length: 15232
[2026-02-20 17:59:45] DEBUG: Inner: 98764 covered: 112302 total: 180030
[2026-02-20 17:59:45] DEBUG: Assembled disjointig 237
	With 3 reads
	Start read: +9dd88dc2-2377-4a53-b22b-23928bc9d24d
	At position: 2
	leftTip: 0 rightTip: 0
	Suspicious: 0
	Short ext: 0
	Mean extensions: 194
	Avg overlap len: 5699
	Min overlap len: 5451
	Inner reads: 0
	Length: 14857
[2026-02-20 17:59:45] DEBUG: Inner: 98770 covered: 112414 total: 180030
[2026-02-20 17:59:45] DEBUG: Assembled disjointig 238
	With 3 reads
	Start read: +cbeb972d-864e-4e96-b1a1-53dcf3656dd7
	At position: 2
	leftTip: 0 rightTip: 0
	Suspicious: 0
	Short ext: 0
	Mean extensions: 175
	Avg overlap len: 10461
	Min overlap len: 9721
	Inner reads: 0
	Length: 16606
[2026-02-20 17:59:45] DEBUG: Inner: 98772 covered: 112456 total: 180030
[2026-02-20 17:59:46] DEBUG: Assembled disjointig 239
	With 3 reads
	Start read: +99da198e-fbde-4eaa-af1c-c46faafc0041
	At position: 2
	leftTip: 0 rightTip: 0
	Suspicious: 0
	Short ext: 0
	Mean extensions: 250
	Avg overlap len: 10285
	Min overlap len: 9819
	Inner reads: 0
	Length: 16888
[2026-02-20 17:59:46] DEBUG: Inner: 98774 covered: 112502 total: 180030
[2026-02-20 17:59:46] DEBUG: Assembled disjointig 240
	With 3 reads
	Start read: +a5ff7a66-0d2e-4978-b4c9-24c8a18db2ed
	At position: 2
	leftTip: 0 rightTip: 0
	Suspicious: 0
	Short ext: 0
	Mean extensions: 198
	Avg overlap len: 3909
	Min overlap len: 3702
	Inner reads: 0
	Length: 8822
[2026-02-20 17:59:46] DEBUG: Inner: 98776 covered: 113010 total: 180030
[2026-02-20 17:59:46] DEBUG: Assembled disjointig 241
	With 3 reads
	Start read: +f876ba75-f04b-4961-8b7d-214855c99413
	At position: 2
	leftTip: 0 rightTip: 0
	Suspicious: 0
	Short ext: 0
	Mean extensions: 298
	Avg overlap len: 10922
	Min overlap len: 9445
	Inner reads: 0
	Length: 16368
[2026-02-20 17:59:46] DEBUG: Inner: 98780 covered: 113042 total: 180030
[2026-02-20 17:59:46] DEBUG: Assembled disjointig 242
	With 3 reads
	Start read: +3327793e-88af-48b8-bb4a-caf60363fb66
	At position: 2
	leftTip: 0 rightTip: 0
	Suspicious: 0
	Short ext: 0
	Mean extensions: 164
	Avg overlap len: 10469
	Min overlap len: 10400
	Inner reads: 0
	Length: 16181
[2026-02-20 17:59:46] DEBUG: Inner: 98786 covered: 113100 total: 180030
[2026-02-20 17:59:46] DEBUG: Assembled disjointig 243
	With 3 reads
	Start read: +4d205902-a759-4e6a-b19f-ab44fda9f08b
	At position: 2
	leftTip: 0 rightTip: 0
	Suspicious: 0
	Short ext: 0
	Mean extensions: 266
	Avg overlap len: 10415
	Min overlap len: 9839
	Inner reads: 0
	Length: 16914
[2026-02-20 17:59:46] DEBUG: Inner: 98788 covered: 113130 total: 180030
[2026-02-20 17:59:46] DEBUG: Assembled disjointig 244
	With 3 reads
	Start read: +f2c57028-dd35-44a1-96e8-94c2f8624fd7
	At position: 1
	leftTip: 1 rightTip: 0
	Suspicious: 1
	Short ext: 1
	Mean extensions: 3
	Avg overlap len: 2546
	Min overlap len: 1465
	Inner reads: 0
	Length: 8111
[2026-02-20 17:59:46] DEBUG: Inner: 98798 covered: 113350 total: 180030
[2026-02-20 17:59:47] DEBUG: Assembled disjointig 245
	With 3 reads
	Start read: +48990f94-6d12-42b7-9172-2d662edfc3ed
	At position: 2
	leftTip: 0 rightTip: 0
	Suspicious: 0
	Short ext: 0
	Mean extensions: 180
	Avg overlap len: 10962
	Min overlap len: 9417
	Inner reads: 0
	Length: 16476
[2026-02-20 17:59:47] DEBUG: Inner: 98802 covered: 113492 total: 180030
[2026-02-20 17:59:47] DEBUG: Assembled disjointig 246
	With 3 reads
	Start read: +3a2303e0-e7cb-479e-bdc3-8afc229144ba
	At position: 2
	leftTip: 0 rightTip: 0
	Suspicious: 0
	Short ext: 0
	Mean extensions: 264
	Avg overlap len: 9936
	Min overlap len: 9443
	Inner reads: 0
	Length: 17624
[2026-02-20 17:59:47] DEBUG: Inner: 98804 covered: 113516 total: 180030
[2026-02-20 17:59:47] DEBUG: Assembled disjointig 247
	With 3 reads
	Start read: +a9c91466-6808-4b26-a714-c6e5049d41cd
	At position: 2
	leftTip: 0 rightTip: 0
	Suspicious: 0
	Short ext: 0
	Mean extensions: 269
	Avg overlap len: 10393
	Min overlap len: 9790
	Inner reads: 0
	Length: 16225
[2026-02-20 17:59:47] DEBUG: Inner: 98806 covered: 113624 total: 180030
[2026-02-20 17:59:47] DEBUG: Assembled disjointig 248
	With 3 reads
	Start read: +aa7f371a-5dab-4c0b-91b8-adb42225089d
	At position: 2
	leftTip: 0 rightTip: 0
	Suspicious: 0
	Short ext: 0
	Mean extensions: 283
	Avg overlap len: 10603
	Min overlap len: 10202
	Inner reads: 0
	Length: 16608
[2026-02-20 17:59:47] DEBUG: Inner: 98808 covered: 113676 total: 180030
[2026-02-20 17:59:47] DEBUG: Assembled disjointig 249
	With 3 reads
	Start read: +4a77c9a7-fb19-4fdf-8362-b15f85f9472b
	At position: 2
	leftTip: 0 rightTip: 0
	Suspicious: 0
	Short ext: 0
	Mean extensions: 177
	Avg overlap len: 4571
	Min overlap len: 4427
	Inner reads: 0
	Length: 8171
[2026-02-20 17:59:47] DEBUG: Inner: 98810 covered: 113780 total: 180030
[2026-02-20 17:59:47] DEBUG: Assembled disjointig 250
	With 4 reads
	Start read: +353551a8-5737-41f2-87c1-03f2e7b6808f
	At position: 2
	leftTip: 0 rightTip: 0
	Suspicious: 0
	Short ext: 0
	Mean extensions: 97
	Avg overlap len: 4201
	Min overlap len: 3751
	Inner reads: 0
	Length: 11025
[2026-02-20 17:59:47] DEBUG: Inner: 98834 covered: 113922 total: 180030
[2026-02-20 17:59:47] DEBUG: Assembled disjointig 251
	With 3 reads
	Start read: +5821a25b-1ea8-4467-9cbd-52ee3d911dd7
	At position: 2
	leftTip: 0 rightTip: 0
	Suspicious: 0
	Short ext: 0
	Mean extensions: 257
	Avg overlap len: 10499
	Min overlap len: 9956
	Inner reads: 0
	Length: 15427
[2026-02-20 17:59:47] DEBUG: Inner: 98836 covered: 113996 total: 180030
[2026-02-20 17:59:47] DEBUG: Assembled disjointig 252
	With 4 reads
	Start read: +8969276b-6fa7-4ed3-9632-9e8d5eb4b7da
	At position: 3
	leftTip: 0 rightTip: 0
	Suspicious: 0
	Short ext: 0
	Mean extensions: 239
	Avg overlap len: 5537
	Min overlap len: 5465
	Inner reads: 0
	Length: 14475
[2026-02-20 17:59:47] DEBUG: Inner: 98840 covered: 114054 total: 180030
[2026-02-20 17:59:47] DEBUG: Assembled disjointig 253
	With 3 reads
	Start read: +b41f58dc-f1bc-4e14-a46c-7e019d155e73
	At position: 2
	leftTip: 0 rightTip: 0
	Suspicious: 0
	Short ext: 0
	Mean extensions: 300
	Avg overlap len: 10595
	Min overlap len: 8836
	Inner reads: 0
	Length: 15830
[2026-02-20 17:59:47] DEBUG: Inner: 98842 covered: 114074 total: 180030
[2026-02-20 17:59:47] DEBUG: Assembled disjointig 254
	With 3 reads
	Start read: +9f97580f-e82b-46ed-8cdf-8a43ca5a4657
	At position: 2
	leftTip: 0 rightTip: 0
	Suspicious: 0
	Short ext: 0
	Mean extensions: 214
	Avg overlap len: 10545
	Min overlap len: 10286
	Inner reads: 0
	Length: 16240
[2026-02-20 17:59:47] DEBUG: Inner: 98846 covered: 114112 total: 180030
[2026-02-20 17:59:47] DEBUG: Assembled disjointig 255
	With 3 reads
	Start read: +e7bfc486-49ec-47aa-94fa-90d38a514310
	At position: 2
	leftTip: 0 rightTip: 0
	Suspicious: 0
	Short ext: 0
	Mean extensions: 201
	Avg overlap len: 10736
	Min overlap len: 9933
	Inner reads: 0
	Length: 16153
[2026-02-20 17:59:47] DEBUG: Inner: 98848 covered: 114204 total: 180030
[2026-02-20 17:59:47] DEBUG: Assembled disjointig 256
	With 3 reads
	Start read: +aed6fdbd-b53a-48fa-a1f5-e646925956ca
	At position: 2
	leftTip: 0 rightTip: 0
	Suspicious: 0
	Short ext: 0
	Mean extensions: 267
	Avg overlap len: 10617
	Min overlap len: 9164
	Inner reads: 0
	Length: 17053
[2026-02-20 17:59:47] DEBUG: Inner: 98850 covered: 114232 total: 180030
[2026-02-20 17:59:47] DEBUG: Assembled disjointig 257
	With 4 reads
	Start read: +7176423b-ef2d-4e4f-a7cf-643f65992487
	At position: 3
	leftTip: 0 rightTip: 0
	Suspicious: 0
	Short ext: 0
	Mean extensions: 131
	Avg overlap len: 5256
	Min overlap len: 4984
	Inner reads: 0
	Length: 16383
[2026-02-20 17:59:47] DEBUG: Inner: 98854 covered: 114334 total: 180030
[2026-02-20 17:59:48] DEBUG: Assembled disjointig 258
	With 3 reads
	Start read: +7ded1bb2-a880-4cf3-aab6-cc0efebacf64
	At position: 2
	leftTip: 0 rightTip: 0
	Suspicious: 0
	Short ext: 0
	Mean extensions: 295
	Avg overlap len: 10438
	Min overlap len: 9449
	Inner reads: 0
	Length: 16371
[2026-02-20 17:59:48] DEBUG: Inner: 98860 covered: 114394 total: 180030
[2026-02-20 17:59:48] DEBUG: Assembled disjointig 259
	With 3 reads
	Start read: +b309adc1-5c1e-4a1c-879d-8f6076e4aa66
	At position: 2
	leftTip: 0 rightTip: 0
	Suspicious: 0
	Short ext: 0
	Mean extensions: 268
	Avg overlap len: 10542
	Min overlap len: 10050
	Inner reads: 0
	Length: 15667
[2026-02-20 17:59:48] DEBUG: Inner: 98862 covered: 114406 total: 180030
[2026-02-20 17:59:48] DEBUG: Assembled disjointig 260
	With 4 reads
	Start read: +d41a7969-50bc-4157-9aeb-e2cbaf44ac65
	At position: 3
	leftTip: 0 rightTip: 0
	Suspicious: 0
	Short ext: 0
	Mean extensions: 166
	Avg overlap len: 9931
	Min overlap len: 9657
	Inner reads: 0
	Length: 15554
[2026-02-20 17:59:48] DEBUG: Inner: 98868 covered: 114426 total: 180030
[2026-02-20 17:59:48] DEBUG: Assembled disjointig 261
	With 3 reads
	Start read: +d9886c25-a99b-4e34-b667-2ece64a20f1e
	At position: 2
	leftTip: 0 rightTip: 0
	Suspicious: 0
	Short ext: 0
	Mean extensions: 276
	Avg overlap len: 10219
	Min overlap len: 9723
	Inner reads: 0
	Length: 16654
[2026-02-20 17:59:48] DEBUG: Inner: 98870 covered: 114460 total: 180030
[2026-02-20 17:59:48] DEBUG: Assembled disjointig 262
	With 3 reads
	Start read: +a18021ee-d83f-48dd-8f75-e24a329b3b23
	At position: 2
	leftTip: 0 rightTip: 0
	Suspicious: 0
	Short ext: 0
	Mean extensions: 232
	Avg overlap len: 10252
	Min overlap len: 10063
	Inner reads: 0
	Length: 14443
[2026-02-20 17:59:48] DEBUG: Inner: 98872 covered: 114580 total: 180030
[2026-02-20 17:59:48] DEBUG: Assembled disjointig 263
	With 3 reads
	Start read: +e7bf1597-9db4-48e3-8edb-befe6424731a
	At position: 2
	leftTip: 0 rightTip: 0
	Suspicious: 0
	Short ext: 0
	Mean extensions: 299
	Avg overlap len: 10228
	Min overlap len: 9720
	Inner reads: 0
	Length: 16659
[2026-02-20 17:59:48] DEBUG: Inner: 98874 covered: 114616 total: 180030
[2026-02-20 17:59:48] DEBUG: Assembled disjointig 264
	With 3 reads
	Start read: +81462c87-1029-4599-81a6-c4bf61a3d60b
	At position: 2
	leftTip: 0 rightTip: 0
	Suspicious: 0
	Short ext: 0
	Mean extensions: 248
	Avg overlap len: 7048
	Min overlap len: 6944
	Inner reads: 0
	Length: 16456
[2026-02-20 17:59:48] DEBUG: Inner: 98876 covered: 114754 total: 180030
[2026-02-20 17:59:48] DEBUG: Assembled disjointig 265
	With 3 reads
	Start read: +27a9c60e-c582-4bbc-b286-19b116874abf
	At position: 2
	leftTip: 0 rightTip: 0
	Suspicious: 0
	Short ext: 0
	Mean extensions: 212
	Avg overlap len: 6216
	Min overlap len: 6093
	Inner reads: 0
	Length: 16458
[2026-02-20 17:59:48] DEBUG: Inner: 98878 covered: 114808 total: 180030
[2026-02-20 17:59:48] DEBUG: Assembled disjointig 266
	With 3 reads
	Start read: +6fbf4e1c-d496-4f03-831a-46c0802ee23f
	At position: 2
	leftTip: 0 rightTip: 0
	Suspicious: 0
	Short ext: 0
	Mean extensions: 224
	Avg overlap len: 4618
	Min overlap len: 4571
	Inner reads: 0
	Length: 10752
[2026-02-20 17:59:48] DEBUG: Inner: 98880 covered: 114894 total: 180030
[2026-02-20 17:59:48] DEBUG: Assembled disjointig 267
	With 3 reads
	Start read: +18c5cee8-8093-4cfc-926e-c29b56671339
	At position: 2
	leftTip: 0 rightTip: 0
	Suspicious: 0
	Short ext: 0
	Mean extensions: 281
	Avg overlap len: 10234
	Min overlap len: 9809
	Inner reads: 0
	Length: 16230
[2026-02-20 17:59:48] DEBUG: Inner: 98882 covered: 114910 total: 180030
[2026-02-20 17:59:48] DEBUG: Assembled disjointig 268
	With 3 reads
	Start read: +658309fa-8924-4c19-90b9-f6da3c6ff1b8
	At position: 2
	leftTip: 0 rightTip: 0
	Suspicious: 0
	Short ext: 0
	Mean extensions: 276
	Avg overlap len: 9428
	Min overlap len: 9307
	Inner reads: 0
	Length: 17187
[2026-02-20 17:59:48] DEBUG: Inner: 98886 covered: 114920 total: 180030
[2026-02-20 17:59:48] DEBUG: Assembled disjointig 269
	With 3 reads
	Start read: +f4d99e54-a1c3-4427-810e-8438a3013c21
	At position: 2
	leftTip: 0 rightTip: 0
	Suspicious: 0
	Short ext: 0
	Mean extensions: 273
	Avg overlap len: 10221
	Min overlap len: 10127
	Inner reads: 0
	Length: 16168
[2026-02-20 17:59:48] DEBUG: Inner: 98890 covered: 114952 total: 180030
[2026-02-20 17:59:48] DEBUG: Assembled disjointig 270
	With 4 reads
	Start read: +9e170cf4-fd0c-471f-97a1-d7b6b3e5976d
	At position: 3
	leftTip: 0 rightTip: 0
	Suspicious: 1
	Short ext: 1
	Mean extensions: 49
	Avg overlap len: 4386
	Min overlap len: 1251
	Inner reads: 0
	Length: 12736
[2026-02-20 17:59:48] DEBUG: Inner: 98936 covered: 115197 total: 180030
[2026-02-20 17:59:49] DEBUG: Assembled disjointig 271
	With 3 reads
	Start read: +6ea73c24-e07b-4c29-af51-4d24ef0b7c9e
	At position: 2
	leftTip: 0 rightTip: 0
	Suspicious: 0
	Short ext: 0
	Mean extensions: 336
	Avg overlap len: 10206
	Min overlap len: 9997
	Inner reads: 0
	Length: 16532
[2026-02-20 17:59:49] DEBUG: Inner: 98938 covered: 115406 total: 180030
[2026-02-20 17:59:49] DEBUG: Assembled disjointig 272
	With 3 reads
	Start read: +b2b21335-6477-4007-961b-07e3ea0d9c93
	At position: 2
	leftTip: 0 rightTip: 0
	Suspicious: 0
	Short ext: 0
	Mean extensions: 302
	Avg overlap len: 10215
	Min overlap len: 10161
	Inner reads: 0
	Length: 16438
[2026-02-20 17:59:49] DEBUG: Inner: 98940 covered: 115466 total: 180030
[2026-02-20 17:59:49] DEBUG: Assembled disjointig 273
	With 3 reads
	Start read: +1ab9ab49-7ca9-45a5-ba18-e80fa5d5d01e
	At position: 2
	leftTip: 0 rightTip: 0
	Suspicious: 0
	Short ext: 0
	Mean extensions: 184
	Avg overlap len: 3129
	Min overlap len: 3080
	Inner reads: 0
	Length: 16695
[2026-02-20 17:59:49] DEBUG: Inner: 98942 covered: 115494 total: 180030
[2026-02-20 17:59:49] DEBUG: Assembled disjointig 274
	With 3 reads
	Start read: +87d38af9-5812-45bf-b1ce-fb66f845ddcc
	At position: 2
	leftTip: 0 rightTip: 0
	Suspicious: 0
	Short ext: 0
	Mean extensions: 290
	Avg overlap len: 10541
	Min overlap len: 10272
	Inner reads: 0
	Length: 16234
[2026-02-20 17:59:49] DEBUG: Inner: 98944 covered: 115626 total: 180030
[2026-02-20 17:59:49] DEBUG: Assembled disjointig 275
	With 3 reads
	Start read: +f2fc919b-0d75-4d57-bb8d-e06dd4e0237e
	At position: 2
	leftTip: 0 rightTip: 0
	Suspicious: 0
	Short ext: 0
	Mean extensions: 292
	Avg overlap len: 10143
	Min overlap len: 9130
	Inner reads: 0
	Length: 17228
[2026-02-20 17:59:49] DEBUG: Inner: 98950 covered: 115756 total: 180030
[2026-02-20 17:59:49] DEBUG: Assembled disjointig 276
	With 3 reads
	Start read: +439d4378-cb22-41ee-9733-10e1d7d9613b
	At position: 2
	leftTip: 0 rightTip: 0
	Suspicious: 0
	Short ext: 0
	Mean extensions: 324
	Avg overlap len: 10841
	Min overlap len: 9363
	Inner reads: 0
	Length: 16750
[2026-02-20 17:59:49] DEBUG: Inner: 98952 covered: 115842 total: 180030
[2026-02-20 17:59:49] DEBUG: Assembled disjointig 277
	With 3 reads
	Start read: +a67aef02-1806-4eb8-984a-9c20fe636404
	At position: 2
	leftTip: 0 rightTip: 0
	Suspicious: 0
	Short ext: 0
	Mean extensions: 271
	Avg overlap len: 9440
	Min overlap len: 9440
	Inner reads: 0
	Length: 17648
[2026-02-20 17:59:49] DEBUG: Inner: 98956 covered: 115914 total: 180030
[2026-02-20 17:59:49] DEBUG: Assembled disjointig 278
	With 3 reads
	Start read: +d1e9ce6a-8619-47ab-a584-a3a9e1934656
	At position: 2
	leftTip: 0 rightTip: 0
	Suspicious: 0
	Short ext: 0
	Mean extensions: 207
	Avg overlap len: 10620
	Min overlap len: 10107
	Inner reads: 0
	Length: 15582
[2026-02-20 17:59:49] DEBUG: Inner: 98958 covered: 115934 total: 180030
[2026-02-20 17:59:49] DEBUG: Assembled disjointig 279
	With 3 reads
	Start read: +e25fe0bb-9cd2-4533-81e8-444814e76d10
	At position: 2
	leftTip: 0 rightTip: 0
	Suspicious: 0
	Short ext: 0
	Mean extensions: 281
	Avg overlap len: 10887
	Min overlap len: 9928
	Inner reads: 0
	Length: 16608
[2026-02-20 17:59:49] DEBUG: Inner: 98960 covered: 116302 total: 180030
[2026-02-20 17:59:50] DEBUG: Assembled disjointig 280
	With 3 reads
	Start read: +1504511e-5047-434a-b827-2dc6545348a7
	At position: 2
	leftTip: 0 rightTip: 0
	Suspicious: 0
	Short ext: 0
	Mean extensions: 211
	Avg overlap len: 5722
	Min overlap len: 5481
	Inner reads: 0
	Length: 15641
[2026-02-20 17:59:50] DEBUG: Inner: 98964 covered: 116404 total: 180030
[2026-02-20 17:59:50] DEBUG: Assembled disjointig 281
	With 3 reads
	Start read: +eb9a8c55-ffa0-4291-93ea-7230107b8c16
	At position: 2
	leftTip: 0 rightTip: 0
	Suspicious: 0
	Short ext: 0
	Mean extensions: 301
	Avg overlap len: 9448
	Min overlap len: 9293
	Inner reads: 0
	Length: 15807
[2026-02-20 17:59:50] DEBUG: Inner: 98966 covered: 116458 total: 180030
[2026-02-20 17:59:50] DEBUG: Assembled disjointig 282
	With 3 reads
	Start read: +28795d22-909a-4744-8e8c-2bb217a495fe
	At position: 2
	leftTip: 0 rightTip: 0
	Suspicious: 0
	Short ext: 0
	Mean extensions: 277
	Avg overlap len: 10123
	Min overlap len: 9431
	Inner reads: 0
	Length: 17189
[2026-02-20 17:59:50] DEBUG: Inner: 98968 covered: 116466 total: 180030
[2026-02-20 17:59:50] DEBUG: Assembled disjointig 283
	With 3 reads
	Start read: +0446c7dd-6d75-4147-a4bf-59f3e165b449
	At position: 2
	leftTip: 0 rightTip: 0
	Suspicious: 0
	Short ext: 0
	Mean extensions: 322
	Avg overlap len: 10654
	Min overlap len: 10247
	Inner reads: 0
	Length: 15808
[2026-02-20 17:59:50] DEBUG: Inner: 98970 covered: 116938 total: 180030
[2026-02-20 17:59:50] DEBUG: Assembled disjointig 284
	With 3 reads
	Start read: +fbe4a85b-a961-4e4c-bbbb-ac2e885eaada
	At position: 2
	leftTip: 0 rightTip: 0
	Suspicious: 0
	Short ext: 0
	Mean extensions: 342
	Avg overlap len: 10839
	Min overlap len: 10201
	Inner reads: 0
	Length: 15963
[2026-02-20 17:59:50] DEBUG: Inner: 98972 covered: 117158 total: 180030
[2026-02-20 17:59:50] DEBUG: Assembled disjointig 285
	With 3 reads
	Start read: +a5c530c4-e29f-44d7-af3d-d5ba5f61e831
	At position: 2
	leftTip: 0 rightTip: 0
	Suspicious: 0
	Short ext: 0
	Mean extensions: 283
	Avg overlap len: 10913
	Min overlap len: 10816
	Inner reads: 0
	Length: 15745
[2026-02-20 17:59:50] DEBUG: Inner: 98974 covered: 117168 total: 180030
[2026-02-20 17:59:51] DEBUG: Assembled disjointig 286
	With 3 reads
	Start read: +f7b52f64-0363-45cb-9ff8-86c34421a581
	At position: 2
	leftTip: 0 rightTip: 0
	Suspicious: 0
	Short ext: 0
	Mean extensions: 264
	Avg overlap len: 10406
	Min overlap len: 10279
	Inner reads: 0
	Length: 16428
[2026-02-20 17:59:51] DEBUG: Inner: 98976 covered: 117966 total: 180030
[2026-02-20 17:59:51] DEBUG: Assembled disjointig 287
	With 3 reads
	Start read: +68ce663f-1ab7-4da6-abcd-10b66687c883
	At position: 2
	leftTip: 0 rightTip: 0
	Suspicious: 0
	Short ext: 0
	Mean extensions: 279
	Avg overlap len: 10910
	Min overlap len: 10813
	Inner reads: 0
	Length: 15739
[2026-02-20 17:59:51] DEBUG: Inner: 98978 covered: 118238 total: 180030
[2026-02-20 17:59:52] DEBUG: Assembled disjointig 288
	With 3 reads
	Start read: +1bddff78-f8f5-478f-a96f-4d673055c8bf
	At position: 2
	leftTip: 0 rightTip: 0
	Suspicious: 0
	Short ext: 0
	Mean extensions: 256
	Avg overlap len: 7080
	Min overlap len: 6842
	Inner reads: 0
	Length: 15117
[2026-02-20 17:59:52] DEBUG: Inner: 98986 covered: 118358 total: 180030
[2026-02-20 17:59:52] DEBUG: Assembled disjointig 289
	With 3 reads
	Start read: +2f3388be-6d43-4521-9173-b0564928e34b
	At position: 2
	leftTip: 0 rightTip: 0
	Suspicious: 0
	Short ext: 0
	Mean extensions: 222
	Avg overlap len: 7918
	Min overlap len: 7806
	Inner reads: 0
	Length: 14852
[2026-02-20 17:59:52] DEBUG: Inner: 98990 covered: 118406 total: 180030
[2026-02-20 17:59:52] DEBUG: Assembled disjointig 290
	With 3 reads
	Start read: +01aedb14-0c48-4384-b3af-f32cd94ac45d
	At position: 2
	leftTip: 0 rightTip: 0
	Suspicious: 0
	Short ext: 0
	Mean extensions: 241
	Avg overlap len: 9515
	Min overlap len: 8956
	Inner reads: 0
	Length: 17989
[2026-02-20 17:59:52] DEBUG: Inner: 98992 covered: 118562 total: 180030
[2026-02-20 17:59:52] DEBUG: Assembled disjointig 291
	With 3 reads
	Start read: +6eed59a7-43c0-48a3-95b8-6289332fa956
	At position: 2
	leftTip: 0 rightTip: 0
	Suspicious: 0
	Short ext: 0
	Mean extensions: 217
	Avg overlap len: 8131
	Min overlap len: 7891
	Inner reads: 0
	Length: 14397
[2026-02-20 17:59:52] DEBUG: Inner: 98994 covered: 118628 total: 180030
[2026-02-20 17:59:52] DEBUG: Assembled disjointig 292
	With 3 reads
	Start read: +9d4f056a-ca5e-41a5-8e71-03b1e79c9bfa
	At position: 2
	leftTip: 0 rightTip: 0
	Suspicious: 0
	Short ext: 0
	Mean extensions: 216
	Avg overlap len: 10165
	Min overlap len: 9926
	Inner reads: 0
	Length: 16151
[2026-02-20 17:59:52] DEBUG: Inner: 98996 covered: 118650 total: 180030
[2026-02-20 17:59:52] DEBUG: Assembled disjointig 293
	With 3 reads
	Start read: +aa6ffe91-139f-4d14-b54e-e1fd90f64cdf
	At position: 2
	leftTip: 0 rightTip: 0
	Suspicious: 0
	Short ext: 0
	Mean extensions: 220
	Avg overlap len: 10202
	Min overlap len: 10103
	Inner reads: 0
	Length: 15403
[2026-02-20 17:59:52] DEBUG: Inner: 98998 covered: 118670 total: 180030
[2026-02-20 17:59:52] DEBUG: Assembled disjointig 294
	With 3 reads
	Start read: +4b84ded8-14f5-4692-a472-0500122a0d28
	At position: 2
	leftTip: 0 rightTip: 0
	Suspicious: 0
	Short ext: 0
	Mean extensions: 264
	Avg overlap len: 9975
	Min overlap len: 9927
	Inner reads: 0
	Length: 16516
[2026-02-20 17:59:52] DEBUG: Inner: 99000 covered: 118941 total: 180030
[2026-02-20 17:59:52] DEBUG: Assembled disjointig 295
	With 3 reads
	Start read: +2430e1af-2885-4681-bcdb-daf047f5bb1a
	At position: 2
	leftTip: 0 rightTip: 0
	Suspicious: 0
	Short ext: 0
	Mean extensions: 282
	Avg overlap len: 10320
	Min overlap len: 9530
	Inner reads: 0
	Length: 16076
[2026-02-20 17:59:52] DEBUG: Inner: 99002 covered: 119052 total: 180030
[2026-02-20 17:59:52] DEBUG: Assembled disjointig 296
	With 3 reads
	Start read: +0f362007-26ce-4b61-99fb-d662fb5c0eed
	At position: 2
	leftTip: 0 rightTip: 0
	Suspicious: 0
	Short ext: 0
	Mean extensions: 272
	Avg overlap len: 10603
	Min overlap len: 10209
	Inner reads: 0
	Length: 16611
[2026-02-20 17:59:52] DEBUG: Inner: 99004 covered: 119272 total: 180030
[2026-02-20 17:59:53] DEBUG: Assembled disjointig 297
	With 3 reads
	Start read: +4874e59b-ba76-4470-a975-5cf789cd1dd7
	At position: 2
	leftTip: 0 rightTip: 0
	Suspicious: 0
	Short ext: 0
	Mean extensions: 150
	Avg overlap len: 10766
	Min overlap len: 10156
	Inner reads: 0
	Length: 15736
[2026-02-20 17:59:53] DEBUG: Inner: 99006 covered: 119442 total: 180030
[2026-02-20 17:59:53] DEBUG: Assembled disjointig 298
	With 3 reads
	Start read: +91710fd7-84cc-4f6b-8c83-581ea02720de
	At position: 2
	leftTip: 0 rightTip: 0
	Suspicious: 0
	Short ext: 0
	Mean extensions: 195
	Avg overlap len: 9995
	Min overlap len: 9740
	Inner reads: 0
	Length: 13932
[2026-02-20 17:59:53] DEBUG: Inner: 99008 covered: 119556 total: 180030
[2026-02-20 17:59:53] DEBUG: Assembled disjointig 299
	With 3 reads
	Start read: +0e6cbee6-bcdf-4c0f-bcc6-67584834316d
	At position: 2
	leftTip: 0 rightTip: 0
	Suspicious: 0
	Short ext: 0
	Mean extensions: 160
	Avg overlap len: 10830
	Min overlap len: 10554
	Inner reads: 0
	Length: 15829
[2026-02-20 17:59:53] DEBUG: Inner: 99012 covered: 120064 total: 180030
[2026-02-20 17:59:53] DEBUG: Assembled disjointig 300
	With 3 reads
	Start read: +495301f6-c516-461c-b3fa-549c630c15af
	At position: 2
	leftTip: 0 rightTip: 0
	Suspicious: 0
	Short ext: 0
	Mean extensions: 317
	Avg overlap len: 10634
	Min overlap len: 10217
	Inner reads: 0
	Length: 16541
[2026-02-20 17:59:53] DEBUG: Inner: 99014 covered: 120306 total: 180030
[2026-02-20 17:59:54] DEBUG: Assembled disjointig 301
	With 3 reads
	Start read: +66226903-55db-49c2-a614-544446e319c0
	At position: 2
	leftTip: 0 rightTip: 0
	Suspicious: 0
	Short ext: 0
	Mean extensions: 284
	Avg overlap len: 10734
	Min overlap len: 9757
	Inner reads: 0
	Length: 16341
[2026-02-20 17:59:54] DEBUG: Inner: 99016 covered: 120352 total: 180030
[2026-02-20 17:59:54] DEBUG: Assembled disjointig 302
	With 3 reads
	Start read: +4df3c96f-ad8d-4aff-b56a-41eba586e73c
	At position: 2
	leftTip: 0 rightTip: 0
	Suspicious: 0
	Short ext: 0
	Mean extensions: 12
	Avg overlap len: 2459
	Min overlap len: 2321
	Inner reads: 0
	Length: 10303
[2026-02-20 17:59:54] DEBUG: Inner: 99024 covered: 120804 total: 180030
[2026-02-20 17:59:54] DEBUG: Assembled disjointig 303
	With 3 reads
	Start read: +1f512580-6732-4dee-9914-55e703e0c3e9
	At position: 2
	leftTip: 0 rightTip: 0
	Suspicious: 0
	Short ext: 0
	Mean extensions: 362
	Avg overlap len: 10920
	Min overlap len: 9956
	Inner reads: 0
	Length: 16635
[2026-02-20 17:59:54] DEBUG: Inner: 99026 covered: 120878 total: 180030
[2026-02-20 17:59:54] DEBUG: Assembled disjointig 304
	With 5 reads
	Start read: +f3059304-0970-47ac-9242-7b9849412b2f
	At position: 3
	leftTip: 0 rightTip: 0
	Suspicious: 0
	Short ext: 0
	Mean extensions: 160
	Avg overlap len: 9738
	Min overlap len: 3466
	Inner reads: 0
	Length: 23391
[2026-02-20 17:59:54] DEBUG: Inner: 99034 covered: 121040 total: 180030
[2026-02-20 17:59:54] DEBUG: Assembled disjointig 305
	With 3 reads
	Start read: +3e622c69-e830-48c1-affb-1bea6d6f94ef
	At position: 2
	leftTip: 0 rightTip: 0
	Suspicious: 0
	Short ext: 0
	Mean extensions: 215
	Avg overlap len: 10033
	Min overlap len: 8504
	Inner reads: 0
	Length: 18860
[2026-02-20 17:59:54] DEBUG: Inner: 99036 covered: 121066 total: 180030
[2026-02-20 17:59:54] DEBUG: Assembled disjointig 306
	With 3 reads
	Start read: +447f7865-ced8-46f4-a0a7-d9980ab9b566
	At position: 2
	leftTip: 0 rightTip: 0
	Suspicious: 0
	Short ext: 0
	Mean extensions: 230
	Avg overlap len: 6372
	Min overlap len: 6244
	Inner reads: 0
	Length: 16524
[2026-02-20 17:59:54] DEBUG: Inner: 99038 covered: 121258 total: 180030
[2026-02-20 17:59:55] DEBUG: Assembled disjointig 307
	With 4 reads
	Start read: +a78ec7c1-b526-4ece-af9f-4322a1ac38ad
	At position: 2
	leftTip: 0 rightTip: 0
	Suspicious: 0
	Short ext: 0
	Mean extensions: 156
	Avg overlap len: 10565
	Min overlap len: 9554
	Inner reads: 0
	Length: 18004
[2026-02-20 17:59:55] DEBUG: Inner: 99042 covered: 121862 total: 180030
[2026-02-20 17:59:55] DEBUG: Assembled disjointig 308
	With 3 reads
	Start read: +2685c041-804f-45fd-80fc-b42e465b45be
	At position: 2
	leftTip: 0 rightTip: 0
	Suspicious: 0
	Short ext: 0
	Mean extensions: 300
	Avg overlap len: 10570
	Min overlap len: 9729
	Inner reads: 0
	Length: 16680
[2026-02-20 17:59:55] DEBUG: Inner: 99044 covered: 122408 total: 180030
[2026-02-20 17:59:56] DEBUG: Assembled disjointig 309
	With 3 reads
	Start read: +be616601-9596-45e2-a9e9-5a90e9402a7e
	At position: 2
	leftTip: 0 rightTip: 0
	Suspicious: 0
	Short ext: 0
	Mean extensions: 94
	Avg overlap len: 8751
	Min overlap len: 8725
	Inner reads: 0
	Length: 14802
[2026-02-20 17:59:56] DEBUG: Inner: 99048 covered: 122474 total: 180030
[2026-02-20 17:59:56] DEBUG: Assembled disjointig 310
	With 3 reads
	Start read: +8ff99e9c-86f6-4c43-ad8e-a9fb28d8f4ef
	At position: 2
	leftTip: 0 rightTip: 0
	Suspicious: 0
	Short ext: 0
	Mean extensions: 326
	Avg overlap len: 10836
	Min overlap len: 10195
	Inner reads: 0
	Length: 15957
[2026-02-20 17:59:56] DEBUG: Inner: 99050 covered: 122476 total: 180030
[2026-02-20 17:59:56] DEBUG: Assembled disjointig 311
	With 3 reads
	Start read: +40455899-5b97-4cb3-bfcf-2a22ca779f55
	At position: 2
	leftTip: 0 rightTip: 0
	Suspicious: 0
	Short ext: 0
	Mean extensions: 116
	Avg overlap len: 8048
	Min overlap len: 7872
	Inner reads: 0
	Length: 13837
[2026-02-20 17:59:56] DEBUG: Inner: 99052 covered: 122632 total: 180030
[2026-02-20 17:59:56] DEBUG: Assembled disjointig 312
	With 3 reads
	Start read: +ae48362d-660e-4959-9165-a8d1f413db07
	At position: 2
	leftTip: 0 rightTip: 0
	Suspicious: 0
	Short ext: 0
	Mean extensions: 145
	Avg overlap len: 10947
	Min overlap len: 10821
	Inner reads: 0
	Length: 15625
[2026-02-20 17:59:56] DEBUG: Inner: 99056 covered: 122650 total: 180030
[2026-02-20 17:59:56] DEBUG: Assembled disjointig 313
	With 3 reads
	Start read: +feef27e7-cc86-4f26-b023-656a3d86c5f0
	At position: 2
	leftTip: 0 rightTip: 0
	Suspicious: 0
	Short ext: 0
	Mean extensions: 287
	Avg overlap len: 10213
	Min overlap len: 9405
	Inner reads: 0
	Length: 16154
[2026-02-20 17:59:56] DEBUG: Inner: 99058 covered: 122944 total: 180030
[2026-02-20 17:59:56] DEBUG: Assembled disjointig 314
	With 3 reads
	Start read: +0cbf0c3d-622b-4640-8389-540e2aed0d8b
	At position: 2
	leftTip: 0 rightTip: 0
	Suspicious: 0
	Short ext: 0
	Mean extensions: 205
	Avg overlap len: 10117
	Min overlap len: 9483
	Inner reads: 0
	Length: 16582
[2026-02-20 17:59:56] DEBUG: Inner: 99062 covered: 122962 total: 180030
[2026-02-20 17:59:56] DEBUG: Assembled disjointig 315
	With 3 reads
	Start read: +4a5777ef-9119-4cb3-9b88-f895fb0a45a0
	At position: 2
	leftTip: 0 rightTip: 0
	Suspicious: 1
	Short ext: 1
	Mean extensions: 7
	Avg overlap len: 2945
	Min overlap len: 1061
	Inner reads: 0
	Length: 11094
[2026-02-20 17:59:56] DEBUG: Inner: 99090 covered: 123190 total: 180030
[2026-02-20 17:59:57] DEBUG: Assembled disjointig 316
	With 3 reads
	Start read: +ab24fd8c-a235-4dbb-b527-560f1f5aa833
	At position: 2
	leftTip: 0 rightTip: 0
	Suspicious: 0
	Short ext: 0
	Mean extensions: 328
	Avg overlap len: 10778
	Min overlap len: 9628
	Inner reads: 0
	Length: 16626
[2026-02-20 17:59:57] DEBUG: Inner: 99092 covered: 123704 total: 180030
[2026-02-20 17:59:57] DEBUG: Assembled disjointig 317
	With 3 reads
	Start read: +1fc1cb5f-ebb8-4aec-adb8-7b7c73f616f9
	At position: 2
	leftTip: 0 rightTip: 0
	Suspicious: 0
	Short ext: 0
	Mean extensions: 295
	Avg overlap len: 10775
	Min overlap len: 9711
	Inner reads: 0
	Length: 16644
[2026-02-20 17:59:57] DEBUG: Inner: 99094 covered: 123800 total: 180030
[2026-02-20 17:59:57] DEBUG: Assembled disjointig 318
	With 3 reads
	Start read: +76e919c8-653d-4667-b286-2899c6e1a701
	At position: 2
	leftTip: 0 rightTip: 0
	Suspicious: 0
	Short ext: 0
	Mean extensions: 321
	Avg overlap len: 9962
	Min overlap len: 9784
	Inner reads: 0
	Length: 16146
[2026-02-20 17:59:57] DEBUG: Inner: 99096 covered: 124040 total: 180030
[2026-02-20 17:59:58] DEBUG: Assembled disjointig 319
	With 3 reads
	Start read: +69797c78-d828-4fdd-b23d-f0d49afacd8b
	At position: 2
	leftTip: 0 rightTip: 0
	Suspicious: 0
	Short ext: 0
	Mean extensions: 178
	Avg overlap len: 10848
	Min overlap len: 10485
	Inner reads: 0
	Length: 15393
[2026-02-20 17:59:58] DEBUG: Inner: 99098 covered: 124706 total: 180030
[2026-02-20 17:59:58] DEBUG: Assembled disjointig 320
	With 3 reads
	Start read: +0d2d0693-6e87-490b-9b4c-2bf6706d1447
	At position: 2
	leftTip: 0 rightTip: 0
	Suspicious: 0
	Short ext: 0
	Mean extensions: 276
	Avg overlap len: 9945
	Min overlap len: 9420
	Inner reads: 0
	Length: 17626
[2026-02-20 17:59:58] DEBUG: Inner: 99102 covered: 124814 total: 180030
[2026-02-20 17:59:58] DEBUG: Assembled disjointig 321
	With 3 reads
	Start read: +7e9ff50a-a613-4594-b164-b5a76ae747c9
	At position: 2
	leftTip: 0 rightTip: 0
	Suspicious: 0
	Short ext: 0
	Mean extensions: 229
	Avg overlap len: 10622
	Min overlap len: 10026
	Inner reads: 0
	Length: 16080
[2026-02-20 17:59:58] DEBUG: Inner: 99106 covered: 124936 total: 180030
[2026-02-20 17:59:58] DEBUG: Assembled disjointig 322
	With 3 reads
	Start read: +4c371028-67cf-4136-9e9b-dc7f2b11c21e
	At position: 2
	leftTip: 0 rightTip: 0
	Suspicious: 0
	Short ext: 0
	Mean extensions: 145
	Avg overlap len: 10312
	Min overlap len: 9091
	Inner reads: 0
	Length: 14977
[2026-02-20 17:59:58] DEBUG: Inner: 99108 covered: 125640 total: 180030
[2026-02-20 17:59:58] DEBUG: Assembled disjointig 323
	With 4 reads
	Start read: +168dc6ab-bdcf-49bd-9a53-3cea9571fe0a
	At position: 3
	leftTip: 0 rightTip: 0
	Suspicious: 0
	Short ext: 0
	Mean extensions: 164
	Avg overlap len: 3095
	Min overlap len: 2941
	Inner reads: 0
	Length: 16670
[2026-02-20 17:59:58] DEBUG: Inner: 99114 covered: 125694 total: 180030
[2026-02-20 17:59:59] DEBUG: Assembled disjointig 324
	With 3 reads
	Start read: +62e75101-0181-4b0c-ad45-4bf23acf14b6
	At position: 2
	leftTip: 0 rightTip: 0
	Suspicious: 0
	Short ext: 0
	Mean extensions: 19
	Avg overlap len: 2260
	Min overlap len: 2046
	Inner reads: 0
	Length: 11635
[2026-02-20 17:59:59] DEBUG: Inner: 99116 covered: 126374 total: 180030
[2026-02-20 17:59:59] DEBUG: Assembled disjointig 325
	With 3 reads
	Start read: +822a4252-cd3a-48d8-987e-48ff6c0ecb34
	At position: 2
	leftTip: 0 rightTip: 0
	Suspicious: 0
	Short ext: 0
	Mean extensions: 270
	Avg overlap len: 10401
	Min overlap len: 9768
	Inner reads: 0
	Length: 16323
[2026-02-20 17:59:59] DEBUG: Inner: 99118 covered: 126808 total: 180030
[2026-02-20 18:00:00] DEBUG: Assembled disjointig 326
	With 3 reads
	Start read: +0c422c9f-eec3-4129-b951-4dd97010c462
	At position: 2
	leftTip: 0 rightTip: 0
	Suspicious: 0
	Short ext: 0
	Mean extensions: 219
	Avg overlap len: 9647
	Min overlap len: 9406
	Inner reads: 0
	Length: 16623
[2026-02-20 18:00:00] DEBUG: Inner: 99120 covered: 127267 total: 180030
[2026-02-20 18:00:01] DEBUG: Assembled disjointig 327
	With 3 reads
	Start read: +6299bf4a-816c-4a6b-b528-3bd8d7fe16f5
	At position: 2
	leftTip: 0 rightTip: 0
	Suspicious: 0
	Short ext: 0
	Mean extensions: 128
	Avg overlap len: 10957
	Min overlap len: 10169
	Inner reads: 0
	Length: 16065
[2026-02-20 18:00:01] DEBUG: Inner: 99126 covered: 128420 total: 180030
[2026-02-20 18:00:01] DEBUG: Assembled disjointig 328
	With 3 reads
	Start read: +9e5edc8d-3459-4491-af6d-dc5bdc5d931d
	At position: 2
	leftTip: 0 rightTip: 0
	Suspicious: 0
	Short ext: 0
	Mean extensions: 216
	Avg overlap len: 7560
	Min overlap len: 7310
	Inner reads: 0
	Length: 14072
[2026-02-20 18:00:01] DEBUG: Inner: 99128 covered: 128522 total: 180030
[2026-02-20 18:00:01] DEBUG: Assembled disjointig 329
	With 3 reads
	Start read: +00594d27-3c37-4c2e-af58-62e38c78519e
	At position: 2
	leftTip: 0 rightTip: 0
	Suspicious: 0
	Short ext: 0
	Mean extensions: 196
	Avg overlap len: 10327
	Min overlap len: 9860
	Inner reads: 0
	Length: 14676
[2026-02-20 18:00:01] DEBUG: Inner: 99130 covered: 128724 total: 180030
[2026-02-20 18:00:01] DEBUG: Assembled disjointig 330
	With 3 reads
	Start read: +29818de7-ed43-4b37-9304-e1d7794e0ece
	At position: 2
	leftTip: 0 rightTip: 0
	Suspicious: 0
	Short ext: 0
	Mean extensions: 195
	Avg overlap len: 10021
	Min overlap len: 9800
	Inner reads: 0
	Length: 16723
[2026-02-20 18:00:01] DEBUG: Inner: 99132 covered: 128785 total: 180030
[2026-02-20 18:00:02] DEBUG: Assembled disjointig 331
	With 3 reads
	Start read: +cb55a8ff-e46c-4d36-9f93-848393384854
	At position: 2
	leftTip: 0 rightTip: 0
	Suspicious: 0
	Short ext: 0
	Mean extensions: 239
	Avg overlap len: 10227
	Min overlap len: 9947
	Inner reads: 0
	Length: 16624
[2026-02-20 18:00:02] DEBUG: Inner: 99134 covered: 129126 total: 180030
[2026-02-20 18:00:02] DEBUG: Assembled disjointig 332
	With 4 reads
	Start read: +9daf9496-ef73-456a-b820-1da0e2f6995c
	At position: 3
	leftTip: 0 rightTip: 0
	Suspicious: 0
	Short ext: 0
	Mean extensions: 203
	Avg overlap len: 6013
	Min overlap len: 5962
	Inner reads: 0
	Length: 16001
[2026-02-20 18:00:02] DEBUG: Inner: 99140 covered: 129321 total: 180030
[2026-02-20 18:00:02] DEBUG: Assembled disjointig 333
	With 3 reads
	Start read: +408184eb-0fcf-422b-ba49-8cfa184947d2
	At position: 2
	leftTip: 0 rightTip: 0
	Suspicious: 0
	Short ext: 0
	Mean extensions: 276
	Avg overlap len: 4242
	Min overlap len: 4241
	Inner reads: 0
	Length: 16234
[2026-02-20 18:00:02] DEBUG: Inner: 99142 covered: 129456 total: 180030
[2026-02-20 18:00:03] DEBUG: Assembled disjointig 334
	With 3 reads
	Start read: +d84427d8-d89a-44d6-b4ad-3f8e356a498e
	At position: 2
	leftTip: 0 rightTip: 0
	Suspicious: 0
	Short ext: 0
	Mean extensions: 205
	Avg overlap len: 3617
	Min overlap len: 3590
	Inner reads: 0
	Length: 16206
[2026-02-20 18:00:03] DEBUG: Inner: 99144 covered: 130600 total: 180030
[2026-02-20 18:00:03] DEBUG: Assembled disjointig 335
	With 3 reads
	Start read: +f91e73d6-9e91-4ef5-84a0-90b4c5d7170e
	At position: 2
	leftTip: 0 rightTip: 0
	Suspicious: 0
	Short ext: 0
	Mean extensions: 308
	Avg overlap len: 10902
	Min overlap len: 9947
	Inner reads: 0
	Length: 16622
[2026-02-20 18:00:03] DEBUG: Inner: 99146 covered: 130818 total: 180030
[2026-02-20 18:00:03] DEBUG: Assembled disjointig 336
	With 3 reads
	Start read: +f4797f72-697b-4af6-a2db-cdaa35b3741a
	At position: 2
	leftTip: 0 rightTip: 0
	Suspicious: 0
	Short ext: 0
	Mean extensions: 242
	Avg overlap len: 9678
	Min overlap len: 9433
	Inner reads: 0
	Length: 16658
[2026-02-20 18:00:03] DEBUG: Inner: 99148 covered: 130901 total: 180030
[2026-02-20 18:00:03] DEBUG: Assembled disjointig 337
	With 3 reads
	Start read: +3114ed67-18a8-488e-bb4d-63c66026856f
	At position: 2
	leftTip: 0 rightTip: 0
	Suspicious: 0
	Short ext: 0
	Mean extensions: 269
	Avg overlap len: 10607
	Min overlap len: 9721
	Inner reads: 0
	Length: 16670
[2026-02-20 18:00:03] DEBUG: Inner: 99150 covered: 130964 total: 180030
[2026-02-20 18:00:04] DEBUG: Assembled disjointig 338
	With 3 reads
	Start read: +165e20b1-d6a0-48fb-9ba7-870499311c61
	At position: 2
	leftTip: 0 rightTip: 0
	Suspicious: 0
	Short ext: 0
	Mean extensions: 268
	Avg overlap len: 10611
	Min overlap len: 10215
	Inner reads: 0
	Length: 16617
[2026-02-20 18:00:04] DEBUG: Inner: 99152 covered: 131490 total: 180030
[2026-02-20 18:00:04] DEBUG: Assembled disjointig 339
	With 3 reads
	Start read: +71b85468-0356-4c91-9dd6-41e854af64c7
	At position: 2
	leftTip: 0 rightTip: 0
	Suspicious: 0
	Short ext: 0
	Mean extensions: 226
	Avg overlap len: 10333
	Min overlap len: 9844
	Inner reads: 0
	Length: 16907
[2026-02-20 18:00:04] DEBUG: Inner: 99154 covered: 131988 total: 180030
[2026-02-20 18:00:04] DEBUG: Assembled disjointig 340
	With 3 reads
	Start read: +a1e104ac-e115-4b1a-bdc0-c62c70710408
	At position: 2
	leftTip: 0 rightTip: 0
	Suspicious: 0
	Short ext: 0
	Mean extensions: 270
	Avg overlap len: 10657
	Min overlap len: 9845
	Inner reads: 0
	Length: 15725
[2026-02-20 18:00:04] DEBUG: Inner: 99158 covered: 132020 total: 180030
[2026-02-20 18:00:05] DEBUG: Assembled disjointig 341
	With 3 reads
	Start read: +e19a96ae-6771-4dcb-b5b2-a10d9e936de7
	At position: 2
	leftTip: 0 rightTip: 0
	Suspicious: 0
	Short ext: 0
	Mean extensions: 276
	Avg overlap len: 10659
	Min overlap len: 9438
	Inner reads: 0
	Length: 16626
[2026-02-20 18:00:05] DEBUG: Inner: 99160 covered: 132357 total: 180030
[2026-02-20 18:00:05] DEBUG: Assembled disjointig 342
	With 3 reads
	Start read: +4b1518ec-722a-4051-bbef-57f2317b5eb5
	At position: 2
	leftTip: 0 rightTip: 0
	Suspicious: 0
	Short ext: 0
	Mean extensions: 183
	Avg overlap len: 10377
	Min overlap len: 9146
	Inner reads: 0
	Length: 15270
[2026-02-20 18:00:05] DEBUG: Inner: 99162 covered: 132906 total: 180030
[2026-02-20 18:00:05] DEBUG: Assembled disjointig 343
	With 4 reads
	Start read: +991082cb-d135-479a-b2e5-5f3a2fca0299
	At position: 3
	leftTip: 0 rightTip: 0
	Suspicious: 0
	Short ext: 0
	Mean extensions: 153
	Avg overlap len: 4967
	Min overlap len: 4928
	Inner reads: 0
	Length: 18711
[2026-02-20 18:00:05] DEBUG: Inner: 99170 covered: 133074 total: 180030
[2026-02-20 18:00:06] DEBUG: Assembled disjointig 344
	With 4 reads
	Start read: +3a288b36-3094-4c3b-a620-6380b5b7e096
	At position: 3
	leftTip: 0 rightTip: 0
	Suspicious: 0
	Short ext: 0
	Mean extensions: 335
	Avg overlap len: 4429
	Min overlap len: 3697
	Inner reads: 0
	Length: 17826
[2026-02-20 18:00:06] DEBUG: Inner: 99470 covered: 133596 total: 180030
[2026-02-20 18:00:06] DEBUG: Assembled disjointig 345
	With 3 reads
	Start read: +da3439da-aed8-4242-a229-7b5177cc2072
	At position: 2
	leftTip: 0 rightTip: 0
	Suspicious: 0
	Short ext: 0
	Mean extensions: 107
	Avg overlap len: 10411
	Min overlap len: 9702
	Inner reads: 0
	Length: 16097
[2026-02-20 18:00:06] DEBUG: Inner: 99474 covered: 133618 total: 180030
[2026-02-20 18:00:06] DEBUG: Assembled disjointig 346
	With 3 reads
	Start read: +6ae4debe-b609-4a3f-9dd5-83471b0a4c38
	At position: 2
	leftTip: 0 rightTip: 0
	Suspicious: 0
	Short ext: 0
	Mean extensions: 404
	Avg overlap len: 10920
	Min overlap len: 9956
	Inner reads: 0
	Length: 16634
[2026-02-20 18:00:06] DEBUG: Inner: 99476 covered: 133640 total: 180030
[2026-02-20 18:00:06] DEBUG: Assembled disjointig 347
	With 3 reads
	Start read: +78ac4f02-b883-4b2e-ba33-202ec7a7296e
	At position: 2
	leftTip: 0 rightTip: 0
	Suspicious: 0
	Short ext: 0
	Mean extensions: 285
	Avg overlap len: 10483
	Min overlap len: 10199
	Inner reads: 0
	Length: 16605
[2026-02-20 18:00:06] DEBUG: Inner: 99478 covered: 134156 total: 180030
[2026-02-20 18:00:07] DEBUG: Assembled disjointig 348
	With 3 reads
	Start read: +36a971af-86de-4309-b6e0-67d6da003de0
	At position: 2
	leftTip: 0 rightTip: 0
	Suspicious: 0
	Short ext: 0
	Mean extensions: 321
	Avg overlap len: 10606
	Min overlap len: 10226
	Inner reads: 0
	Length: 15251
[2026-02-20 18:00:07] DEBUG: Inner: 99480 covered: 134644 total: 180030
[2026-02-20 18:00:09] DEBUG: Assembled disjointig 349
	With 3 reads
	Start read: +9d2d4ab0-0011-40ba-9427-84257b46d01d
	At position: 2
	leftTip: 0 rightTip: 0
	Suspicious: 0
	Short ext: 0
	Mean extensions: 327
	Avg overlap len: 10483
	Min overlap len: 9747
	Inner reads: 0
	Length: 16302
[2026-02-20 18:00:09] DEBUG: Inner: 99482 covered: 137682 total: 180030
[2026-02-20 18:00:09] DEBUG: Assembled disjointig 350
	With 3 reads
	Start read: +fb27ec1a-506f-4fa6-8baa-8a188b9320c5
	At position: 2
	leftTip: 0 rightTip: 0
	Suspicious: 0
	Short ext: 0
	Mean extensions: 273
	Avg overlap len: 10505
	Min overlap len: 9941
	Inner reads: 0
	Length: 16523
[2026-02-20 18:00:09] DEBUG: Inner: 99484 covered: 137862 total: 180030
[2026-02-20 18:00:10] DEBUG: Assembled disjointig 351
	With 3 reads
	Start read: +c89ad943-9aea-4955-9262-4d6d69508e8b
	At position: 2
	leftTip: 0 rightTip: 0
	Suspicious: 0
	Short ext: 0
	Mean extensions: 245
	Avg overlap len: 7691
	Min overlap len: 7627
	Inner reads: 0
	Length: 12503
[2026-02-20 18:00:10] DEBUG: Inner: 99488 covered: 138192 total: 180030
[2026-02-20 18:00:10] DEBUG: Assembled disjointig 352
	With 4 reads
	Start read: +ac29d90a-93fc-4fd8-900a-5848e6e65cfe
	At position: 3
	leftTip: 0 rightTip: 0
	Suspicious: 0
	Short ext: 0
	Mean extensions: 242
	Avg overlap len: 4303
	Min overlap len: 4291
	Inner reads: 0
	Length: 17478
[2026-02-20 18:00:10] DEBUG: Inner: 99492 covered: 138310 total: 180030
[2026-02-20 18:00:10] DEBUG: Assembled disjointig 353
	With 3 reads
	Start read: +1d790aa5-dae7-4eac-852a-6418e51dc21a
	At position: 2
	leftTip: 0 rightTip: 0
	Suspicious: 0
	Short ext: 0
	Mean extensions: 276
	Avg overlap len: 10495
	Min overlap len: 10203
	Inner reads: 0
	Length: 16531
[2026-02-20 18:00:10] DEBUG: Inner: 99494 covered: 138486 total: 180030
[2026-02-20 18:00:10] DEBUG: Assembled disjointig 354
	With 3 reads
	Start read: +85df3891-74c6-4ff3-bd9a-6441e8e6f042
	At position: 2
	leftTip: 0 rightTip: 0
	Suspicious: 0
	Short ext: 0
	Mean extensions: 276
	Avg overlap len: 10406
	Min overlap len: 9801
	Inner reads: 0
	Length: 16235
[2026-02-20 18:00:10] DEBUG: Inner: 99498 covered: 138811 total: 180030
[2026-02-20 18:00:11] DEBUG: Assembled disjointig 355
	With 4 reads
	Start read: +f8f5c0e4-153b-49eb-a0a6-717f41e90718
	At position: 4
	leftTip: 0 rightTip: 1
	Suspicious: 0
	Short ext: 0
	Mean extensions: 123
	Avg overlap len: 4239
	Min overlap len: 3646
	Inner reads: 0
	Length: 11147
[2026-02-20 18:00:11] DEBUG: Inner: 99528 covered: 139072 total: 180030
[2026-02-20 18:00:11] DEBUG: Assembled disjointig 356
	With 4 reads
	Start read: +bc8abac4-e68b-41f5-99c1-c6133d32dbe6
	At position: 3
	leftTip: 0 rightTip: 0
	Suspicious: 0
	Short ext: 0
	Mean extensions: 198
	Avg overlap len: 4000
	Min overlap len: 3954
	Inner reads: 0
	Length: 17161
[2026-02-20 18:00:11] DEBUG: Inner: 99532 covered: 139096 total: 180030
[2026-02-20 18:00:11] DEBUG: Assembled disjointig 357
	With 3 reads
	Start read: +892ea7a4-d154-4a56-8e8d-42c25a0bcee8
	At position: 2
	leftTip: 0 rightTip: 0
	Suspicious: 0
	Short ext: 0
	Mean extensions: 346
	Avg overlap len: 10796
	Min overlap len: 9884
	Inner reads: 0
	Length: 16335
[2026-02-20 18:00:11] DEBUG: Inner: 99534 covered: 139438 total: 180030
[2026-02-20 18:00:11] DEBUG: Assembled disjointig 358
	With 3 reads
	Start read: +2290ce94-b5c4-4d02-99c0-d520bb486655
	At position: 2
	leftTip: 0 rightTip: 0
	Suspicious: 0
	Short ext: 0
	Mean extensions: 228
	Avg overlap len: 4795
	Min overlap len: 4677
	Inner reads: 0
	Length: 13918
[2026-02-20 18:00:11] DEBUG: Inner: 99536 covered: 139474 total: 180030
[2026-02-20 18:00:11] DEBUG: Assembled disjointig 359
	With 3 reads
	Start read: +07b42ab2-7fc0-4ba6-a712-e54be57c1cb4
	At position: 2
	leftTip: 0 rightTip: 0
	Suspicious: 0
	Short ext: 0
	Mean extensions: 275
	Avg overlap len: 10923
	Min overlap len: 9596
	Inner reads: 0
	Length: 17053
[2026-02-20 18:00:11] DEBUG: Inner: 99538 covered: 139894 total: 180030
[2026-02-20 18:00:11] DEBUG: Assembled disjointig 360
	With 3 reads
	Start read: +725798ff-cc83-4f1e-8f5a-7e169ed3c7cc
	At position: 2
	leftTip: 0 rightTip: 0
	Suspicious: 0
	Short ext: 0
	Mean extensions: 366
	Avg overlap len: 10673
	Min overlap len: 8931
	Inner reads: 0
	Length: 17599
[2026-02-20 18:00:11] DEBUG: Inner: 99540 covered: 139946 total: 180030
[2026-02-20 18:00:13] DEBUG: Assembled disjointig 361
	With 5 reads
	Start read: +77b3e618-0e16-49fe-a238-4d5cd21802f6
	At position: 3
	leftTip: 0 rightTip: 0
	Suspicious: 0
	Short ext: 0
	Mean extensions: 243
	Avg overlap len: 10131
	Min overlap len: 3904
	Inner reads: 0
	Length: 17647
[2026-02-20 18:00:13] DEBUG: Inner: 99550 covered: 141460 total: 180030
[2026-02-20 18:00:13] DEBUG: Assembled disjointig 362
	With 3 reads
	Start read: +ddedd338-acf6-4099-bb3f-31039a26a5fd
	At position: 2
	leftTip: 0 rightTip: 0
	Suspicious: 0
	Short ext: 0
	Mean extensions: 295
	Avg overlap len: 10466
	Min overlap len: 10212
	Inner reads: 0
	Length: 16383
[2026-02-20 18:00:13] DEBUG: Inner: 99552 covered: 141464 total: 180030
[2026-02-20 18:00:15] DEBUG: Assembled disjointig 363
	With 3 reads
	Start read: +67f3635f-6cdc-409e-a591-a0ece8437d9e
	At position: 2
	leftTip: 0 rightTip: 0
	Suspicious: 0
	Short ext: 0
	Mean extensions: 280
	Avg overlap len: 10494
	Min overlap len: 9448
	Inner reads: 0
	Length: 15249
[2026-02-20 18:00:15] DEBUG: Inner: 99554 covered: 143580 total: 180030
[2026-02-20 18:00:15] DEBUG: Assembled disjointig 364
	With 4 reads
	Start read: +32bdae25-9311-496b-b855-0bf686d75e34
	At position: 3
	leftTip: 0 rightTip: 0
	Suspicious: 0
	Short ext: 0
	Mean extensions: 250
	Avg overlap len: 10036
	Min overlap len: 10020
	Inner reads: 0
	Length: 18634
[2026-02-20 18:00:15] DEBUG: Inner: 99558 covered: 143956 total: 180030
[2026-02-20 18:00:15] DEBUG: Assembled disjointig 365
	With 1 reads
	Start read: +539aa1cc-0a38-4541-b8b7-27adbc31e78d
	At position: 1
	leftTip: 1 rightTip: 1
	Suspicious: 0
	Short ext: 0
	Mean extensions: 0
	Avg overlap len: 0
	Min overlap len: 0
	Inner reads: 0
	Length: 3495
[2026-02-20 18:00:15] DEBUG: Inner: 99564 covered: 144212 total: 180030
[2026-02-20 18:00:16] DEBUG: Assembled disjointig 366
	With 3 reads
	Start read: +e88f7776-b4b1-4a52-8d84-4d44b51082d2
	At position: 2
	leftTip: 0 rightTip: 0
	Suspicious: 0
	Short ext: 0
	Mean extensions: 149
	Avg overlap len: 10141
	Min overlap len: 8558
	Inner reads: 0
	Length: 18037
[2026-02-20 18:00:16] DEBUG: Inner: 99568 covered: 144912 total: 180030
[2026-02-20 18:00:19] DEBUG: Assembled disjointig 367
	With 3 reads
	Start read: +85ca0968-6a80-4e82-978c-476cdeb82b36
	At position: 2
	leftTip: 0 rightTip: 0
	Suspicious: 0
	Short ext: 0
	Mean extensions: 271
	Avg overlap len: 9884
	Min overlap len: 9807
	Inner reads: 0
	Length: 14358
[2026-02-20 18:00:19] DEBUG: Inner: 99570 covered: 148228 total: 180030
[2026-02-20 18:00:20] DEBUG: Assembled disjointig 368
	With 3 reads
	Start read: +b8009cfe-6eec-4335-b396-a0009eebdd52
	At position: 2
	leftTip: 0 rightTip: 0
	Suspicious: 0
	Short ext: 0
	Mean extensions: 327
	Avg overlap len: 10519
	Min overlap len: 9881
	Inner reads: 0
	Length: 16331
[2026-02-20 18:00:20] DEBUG: Inner: 99574 covered: 148928 total: 180030
[2026-02-20 18:00:20] DEBUG: Assembled disjointig 369
	With 4 reads
	Start read: +0fd35256-bc18-4ce9-b5bc-678312b3d3dc
	At position: 2
	leftTip: 0 rightTip: 0
	Suspicious: 0
	Short ext: 0
	Mean extensions: 207
	Avg overlap len: 4652
	Min overlap len: 4624
	Inner reads: 0
	Length: 20807
[2026-02-20 18:00:20] DEBUG: Inner: 99578 covered: 148984 total: 180030
[2026-02-20 18:00:20] DEBUG: Assembled disjointig 370
	With 1 reads
	Start read: +99d0048a-6b1a-47d4-87a6-03c5fe032aaf
	At position: 1
	leftTip: 1 rightTip: 1
	Suspicious: 0
	Short ext: 0
	Mean extensions: 0
	Avg overlap len: 0
	Min overlap len: 0
	Inner reads: 0
	Length: 3080
[2026-02-20 18:00:20] DEBUG: Inner: 99580 covered: 149130 total: 180030
[2026-02-20 18:00:20] DEBUG: Assembled disjointig 371
	With 3 reads
	Start read: +00b82174-e835-4d36-afa4-ade81bf7393c
	At position: 2
	leftTip: 0 rightTip: 0
	Suspicious: 0
	Short ext: 0
	Mean extensions: 356
	Avg overlap len: 10744
	Min overlap len: 10103
	Inner reads: 0
	Length: 16166
[2026-02-20 18:00:20] DEBUG: Inner: 99582 covered: 149270 total: 180030
[2026-02-20 18:00:20] DEBUG: Assembled disjointig 372
	With 3 reads
	Start read: +2f5b3a02-b8cd-40d2-8836-7b53612e08a6
	At position: 2
	leftTip: 0 rightTip: 0
	Suspicious: 0
	Short ext: 0
	Mean extensions: 288
	Avg overlap len: 10492
	Min overlap len: 10214
	Inner reads: 0
	Length: 16527
[2026-02-20 18:00:20] DEBUG: Inner: 99584 covered: 149280 total: 180030
[2026-02-20 18:00:21] DEBUG: Assembled disjointig 373
	With 4 reads
	Start read: +e011f2ba-e079-4569-ae47-7eaaab370151
	At position: 2
	leftTip: 0 rightTip: 0
	Suspicious: 0
	Short ext: 0
	Mean extensions: 95
	Avg overlap len: 8804
	Min overlap len: 6345
	Inner reads: 0
	Length: 21127
[2026-02-20 18:00:21] DEBUG: Inner: 99590 covered: 149964 total: 180030
[2026-02-20 18:00:21] DEBUG: Assembled disjointig 374
	With 3 reads
	Start read: +5a0918dd-ecd6-4aae-94bf-7c346b836303
	At position: 2
	leftTip: 0 rightTip: 0
	Suspicious: 0
	Short ext: 0
	Mean extensions: 248
	Avg overlap len: 9785
	Min overlap len: 9737
	Inner reads: 0
	Length: 16426
[2026-02-20 18:00:21] DEBUG: Inner: 99592 covered: 150006 total: 180030
[2026-02-20 18:00:21] DEBUG: Assembled disjointig 375
	With 3 reads
	Start read: +72a03148-a049-4b2f-977a-6b363e8db89e
	At position: 2
	leftTip: 0 rightTip: 0
	Suspicious: 0
	Short ext: 0
	Mean extensions: 292
	Avg overlap len: 10534
	Min overlap len: 10209
	Inner reads: 0
	Length: 16612
[2026-02-20 18:00:21] DEBUG: Inner: 99594 covered: 150620 total: 180030
[2026-02-20 18:00:21] DEBUG: Assembled disjointig 376
	With 3 reads
	Start read: +8bf23a16-e64b-4ce9-9fe9-b000fbd275d7
	At position: 2
	leftTip: 0 rightTip: 0
	Suspicious: 0
	Short ext: 0
	Mean extensions: 282
	Avg overlap len: 10913
	Min overlap len: 10816
	Inner reads: 0
	Length: 15742
[2026-02-20 18:00:21] DEBUG: Inner: 99596 covered: 150704 total: 180030
[2026-02-20 18:00:22] DEBUG: Assembled disjointig 377
	With 4 reads
	Start read: +e6d95efa-2377-4c58-8243-f9631e7d4a3e
	At position: 3
	leftTip: 0 rightTip: 0
	Suspicious: 0
	Short ext: 0
	Mean extensions: 170
	Avg overlap len: 3139
	Min overlap len: 3036
	Inner reads: 0
	Length: 16840
[2026-02-20 18:00:22] DEBUG: Inner: 99600 covered: 151488 total: 180030
[2026-02-20 18:00:23] DEBUG: Assembled disjointig 378
	With 4 reads
	Start read: +ec54f28b-73cd-49cf-9133-54a3f70edf9e
	At position: 2
	leftTip: 0 rightTip: 0
	Suspicious: 0
	Short ext: 0
	Mean extensions: 161
	Avg overlap len: 10030
	Min overlap len: 10015
	Inner reads: 0
	Length: 17097
[2026-02-20 18:00:23] DEBUG: Inner: 99604 covered: 152091 total: 180030
[2026-02-20 18:00:23] DEBUG: Assembled disjointig 379
	With 4 reads
	Start read: +ddf6ddef-aa11-402f-be3c-94eca55ae293
	At position: 2
	leftTip: 0 rightTip: 0
	Suspicious: 0
	Short ext: 0
	Mean extensions: 225
	Avg overlap len: 6287
	Min overlap len: 6228
	Inner reads: 0
	Length: 16128
[2026-02-20 18:00:23] DEBUG: Inner: 99614 covered: 152558 total: 180030
[2026-02-20 18:00:23] DEBUG: Assembled disjointig 380
	With 3 reads
	Start read: +2633ed3c-3d50-41c6-aed1-dfd956f9c087
	At position: 2
	leftTip: 0 rightTip: 0
	Suspicious: 0
	Short ext: 0
	Mean extensions: 359
	Avg overlap len: 10089
	Min overlap len: 9780
	Inner reads: 0
	Length: 17159
[2026-02-20 18:00:23] DEBUG: Inner: 99620 covered: 152824 total: 180030
[2026-02-20 18:00:23] DEBUG: Assembled disjointig 381
	With 3 reads
	Start read: +8aa1b883-e0e4-4236-aec4-765d8f235e1b
	At position: 2
	leftTip: 0 rightTip: 0
	Suspicious: 0
	Short ext: 0
	Mean extensions: 272
	Avg overlap len: 9681
	Min overlap len: 9601
	Inner reads: 0
	Length: 16536
[2026-02-20 18:00:23] DEBUG: Inner: 99622 covered: 152928 total: 180030
[2026-02-20 18:00:24] DEBUG: Assembled disjointig 382
	With 3 reads
	Start read: +5bd70ede-5668-4df7-8030-2e112c7ecd6a
	At position: 2
	leftTip: 0 rightTip: 0
	Suspicious: 0
	Short ext: 0
	Mean extensions: 251
	Avg overlap len: 10653
	Min overlap len: 10400
	Inner reads: 0
	Length: 15836
[2026-02-20 18:00:24] DEBUG: Inner: 99624 covered: 153636 total: 180030
[2026-02-20 18:00:24] DEBUG: Assembled disjointig 383
	With 4 reads
	Start read: +68d9c1c3-e90f-4416-b219-f630e8a6f214
	At position: 3
	leftTip: 0 rightTip: 0
	Suspicious: 0
	Short ext: 0
	Mean extensions: 198
	Avg overlap len: 3846
	Min overlap len: 3792
	Inner reads: 0
	Length: 19944
[2026-02-20 18:00:24] DEBUG: Inner: 99628 covered: 153824 total: 180030
[2026-02-20 18:00:24] DEBUG: Assembled disjointig 384
	With 3 reads
	Start read: +aed319b6-4993-4d64-b403-bdbc51b50416
	At position: 2
	leftTip: 0 rightTip: 0
	Suspicious: 0
	Short ext: 0
	Mean extensions: 265
	Avg overlap len: 10004
	Min overlap len: 9077
	Inner reads: 0
	Length: 16093
[2026-02-20 18:00:24] DEBUG: Inner: 99630 covered: 153882 total: 180030
[2026-02-20 18:00:25] DEBUG: Assembled disjointig 385
	With 3 reads
	Start read: +660e731e-744c-40d7-b93d-1592178e3e29
	At position: 2
	leftTip: 0 rightTip: 0
	Suspicious: 0
	Short ext: 0
	Mean extensions: 148
	Avg overlap len: 7576
	Min overlap len: 7574
	Inner reads: 0
	Length: 15637
[2026-02-20 18:00:25] DEBUG: Inner: 99632 covered: 154754 total: 180030
[2026-02-20 18:00:25] DEBUG: Assembled disjointig 386
	With 3 reads
	Start read: +755e13b5-f4e4-48d4-b493-61bf4f1b7d91
	At position: 2
	leftTip: 0 rightTip: 0
	Suspicious: 0
	Short ext: 0
	Mean extensions: 283
	Avg overlap len: 10918
	Min overlap len: 10911
	Inner reads: 0
	Length: 15742
[2026-02-20 18:00:25] DEBUG: Inner: 99634 covered: 155120 total: 180030
[2026-02-20 18:00:26] DEBUG: Assembled disjointig 387
	With 3 reads
	Start read: +550a8f61-1ef7-49d6-929c-933d31a9cd51
	At position: 2
	leftTip: 0 rightTip: 0
	Suspicious: 0
	Short ext: 0
	Mean extensions: 305
	Avg overlap len: 9929
	Min overlap len: 9851
	Inner reads: 0
	Length: 17486
[2026-02-20 18:00:26] DEBUG: Inner: 99636 covered: 155950 total: 180030
[2026-02-20 18:00:27] DEBUG: Assembled disjointig 388
	With 3 reads
	Start read: +5400e076-1220-4003-8b78-6d87a4444c6a
	At position: 2
	leftTip: 0 rightTip: 0
	Suspicious: 0
	Short ext: 0
	Mean extensions: 196
	Avg overlap len: 4873
	Min overlap len: 4803
	Inner reads: 0
	Length: 13124
[2026-02-20 18:00:27] DEBUG: Inner: 99638 covered: 157142 total: 180030
[2026-02-20 18:00:29] DEBUG: Assembled disjointig 389
	With 3 reads
	Start read: +57e61d59-ae1c-40fd-ab17-6b1fa06ed216
	At position: 2
	leftTip: 0 rightTip: 0
	Suspicious: 0
	Short ext: 0
	Mean extensions: 235
	Avg overlap len: 10776
	Min overlap len: 10194
	Inner reads: 0
	Length: 15709
[2026-02-20 18:00:29] DEBUG: Inner: 99640 covered: 159282 total: 180030
[2026-02-20 18:00:30] DEBUG: Assembled disjointig 390
	With 3 reads
	Start read: +7ea52f3a-f740-4299-a3e0-669255c56ade
	At position: 2
	leftTip: 0 rightTip: 0
	Suspicious: 0
	Short ext: 0
	Mean extensions: 204
	Avg overlap len: 4198
	Min overlap len: 4148
	Inner reads: 0
	Length: 17133
[2026-02-20 18:00:30] DEBUG: Inner: 99642 covered: 160219 total: 180030
[2026-02-20 18:00:31] DEBUG: Assembled disjointig 391
	With 3 reads
	Start read: +73598513-8eeb-46d7-87f9-574852e12240
	At position: 2
	leftTip: 0 rightTip: 0
	Suspicious: 0
	Short ext: 0
	Mean extensions: 321
	Avg overlap len: 10907
	Min overlap len: 10117
	Inner reads: 0
	Length: 16172
[2026-02-20 18:00:31] DEBUG: Inner: 99644 covered: 161532 total: 180030
[2026-02-20 18:00:32] DEBUG: Assembled disjointig 392
	With 3 reads
	Start read: +ee1d797a-2474-4f53-9f8b-b322076fc2f2
	At position: 2
	leftTip: 0 rightTip: 0
	Suspicious: 0
	Short ext: 0
	Mean extensions: 225
	Avg overlap len: 4395
	Min overlap len: 4228
	Inner reads: 0
	Length: 13408
[2026-02-20 18:00:32] DEBUG: Inner: 99648 covered: 162422 total: 180030
[2026-02-20 18:00:33] DEBUG: Assembled disjointig 393
	With 3 reads
	Start read: +3ffdc823-cd11-4876-998d-9beb1aefe58b
	At position: 2
	leftTip: 0 rightTip: 0
	Suspicious: 0
	Short ext: 0
	Mean extensions: 118
	Avg overlap len: 9526
	Min overlap len: 9521
	Inner reads: 0
	Length: 17548
[2026-02-20 18:00:33] DEBUG: Inner: 99650 covered: 163043 total: 180030
[2026-02-20 18:00:34] DEBUG: Assembled disjointig 394
	With 3 reads
	Start read: +c5bbaf53-dc1d-4736-883f-9e93d56701ea
	At position: 2
	leftTip: 0 rightTip: 0
	Suspicious: 0
	Short ext: 0
	Mean extensions: 273
	Avg overlap len: 10242
	Min overlap len: 9551
	Inner reads: 0
	Length: 16217
[2026-02-20 18:00:34] DEBUG: Inner: 99652 covered: 164112 total: 180030
[2026-02-20 18:00:34] DEBUG: Assembled disjointig 395
	With 3 reads
	Start read: +59fe975b-108e-4a64-b0ba-628bf4dac242
	At position: 2
	leftTip: 0 rightTip: 0
	Suspicious: 1
	Short ext: 1
	Mean extensions: 21
	Avg overlap len: 2046
	Min overlap len: 1821
	Inner reads: 0
	Length: 19175
[2026-02-20 18:00:34] DEBUG: Inner: 99654 covered: 164806 total: 180030
[2026-02-20 18:00:35] DEBUG: Assembled disjointig 396
	With 3 reads
	Start read: +f76109be-badf-4f3e-8b78-c37791629af5
	At position: 2
	leftTip: 0 rightTip: 0
	Suspicious: 0
	Short ext: 0
	Mean extensions: 157
	Avg overlap len: 10663
	Min overlap len: 10654
	Inner reads: 0
	Length: 16005
[2026-02-20 18:00:35] DEBUG: Inner: 99656 covered: 164968 total: 180030
[2026-02-20 18:00:36] DEBUG: Assembled disjointig 397
	With 3 reads
	Start read: +6e8ac956-27da-495a-ab2f-81012d607840
	At position: 2
	leftTip: 0 rightTip: 0
	Suspicious: 0
	Short ext: 0
	Mean extensions: 169
	Avg overlap len: 9938
	Min overlap len: 9369
	Inner reads: 0
	Length: 15234
[2026-02-20 18:00:36] DEBUG: Inner: 99658 covered: 165984 total: 180030
[2026-02-20 18:00:36] DEBUG: Assembled disjointig 398
	With 3 reads
	Start read: +8de8bb2f-16ed-4b7a-87b0-99c0ff7cd92e
	At position: 2
	leftTip: 0 rightTip: 0
	Suspicious: 0
	Short ext: 0
	Mean extensions: 205
	Avg overlap len: 9058
	Min overlap len: 8990
	Inner reads: 0
	Length: 13380
[2026-02-20 18:00:36] DEBUG: Inner: 99660 covered: 166464 total: 180030
[2026-02-20 18:00:37] DEBUG: Assembled disjointig 399
	With 3 reads
	Start read: +61585bfb-fe34-4385-bcf3-4f0927c90eb6
	At position: 2
	leftTip: 0 rightTip: 0
	Suspicious: 0
	Short ext: 0
	Mean extensions: 246
	Avg overlap len: 6179
	Min overlap len: 6010
	Inner reads: 0
	Length: 16761
[2026-02-20 18:00:37] DEBUG: Inner: 99662 covered: 167170 total: 180030
[2026-02-20 18:00:37] DEBUG: Assembled disjointig 400
	With 3 reads
	Start read: +123c607e-0afb-4564-af0c-3a5955e90fde
	At position: 2
	leftTip: 0 rightTip: 0
	Suspicious: 0
	Short ext: 0
	Mean extensions: 173
	Avg overlap len: 8401
	Min overlap len: 8372
	Inner reads: 0
	Length: 13437
[2026-02-20 18:00:37] DEBUG: Inner: 99664 covered: 167202 total: 180030
[2026-02-20 18:00:37] DEBUG: Assembled disjointig 401
	With 3 reads
	Start read: +238eafff-ec60-4361-8922-e199f2bfce54
	At position: 2
	leftTip: 0 rightTip: 0
	Suspicious: 0
	Short ext: 0
	Mean extensions: 295
	Avg overlap len: 10602
	Min overlap len: 10205
	Inner reads: 0
	Length: 16608
[2026-02-20 18:00:37] DEBUG: Inner: 99666 covered: 167330 total: 180030
[2026-02-20 18:00:38] DEBUG: Assembled disjointig 402
	With 3 reads
	Start read: +f5c17ad9-6479-4bdb-9edf-7e5804009d12
	At position: 2
	leftTip: 0 rightTip: 0
	Suspicious: 0
	Short ext: 0
	Mean extensions: 224
	Avg overlap len: 9774
	Min overlap len: 9641
	Inner reads: 0
	Length: 16479
[2026-02-20 18:00:38] DEBUG: Inner: 99668 covered: 167976 total: 180030
[2026-02-20 18:00:38] DEBUG: Assembled disjointig 403
	With 4 reads
	Start read: +4719ac0b-1d3a-45f6-b881-c9789f0e1da1
	At position: 2
	leftTip: 0 rightTip: 0
	Suspicious: 0
	Short ext: 0
	Mean extensions: 13
	Avg overlap len: 2766
	Min overlap len: 2269
	Inner reads: 0
	Length: 13269
[2026-02-20 18:00:38] DEBUG: Inner: 99698 covered: 168194 total: 180030
[2026-02-20 18:00:39] DEBUG: Assembled disjointig 404
	With 3 reads
	Start read: +e54b8fd1-912d-4a72-815a-2ec8249a890e
	At position: 2
	leftTip: 0 rightTip: 0
	Suspicious: 0
	Short ext: 0
	Mean extensions: 215
	Avg overlap len: 4954
	Min overlap len: 4928
	Inner reads: 0
	Length: 12956
[2026-02-20 18:00:39] DEBUG: Inner: 99700 covered: 169484 total: 180030
[2026-02-20 18:00:39] DEBUG: Assembled disjointig 405
	With 5 reads
	Start read: +ae1d3489-4a40-40fc-b3e7-e3a253c9e6c9
	At position: 3
	leftTip: 0 rightTip: 0
	Suspicious: 0
	Short ext: 0
	Mean extensions: 156
	Avg overlap len: 9714
	Min overlap len: 2321
	Inner reads: 0
	Length: 22397
[2026-02-20 18:00:39] DEBUG: Inner: 99708 covered: 169716 total: 180030
[2026-02-20 18:00:39] DEBUG: Assembled disjointig 406
	With 3 reads
	Start read: +c5cede81-1882-441d-8335-1c032a7e935c
	At position: 2
	leftTip: 0 rightTip: 0
	Suspicious: 0
	Short ext: 0
	Mean extensions: 226
	Avg overlap len: 5327
	Min overlap len: 5262
	Inner reads: 0
	Length: 15980
[2026-02-20 18:00:39] DEBUG: Inner: 99710 covered: 169982 total: 180030
[2026-02-20 18:00:40] DEBUG: Assembled disjointig 407
	With 3 reads
	Start read: +7681dbfc-a2d8-4a2e-b3ed-8ebb5d2652a0
	At position: 2
	leftTip: 0 rightTip: 0
	Suspicious: 0
	Short ext: 0
	Mean extensions: 136
	Avg overlap len: 10584
	Min overlap len: 10208
	Inner reads: 0
	Length: 16258
[2026-02-20 18:00:40] DEBUG: Inner: 99714 covered: 170558 total: 180030
[2026-02-20 18:00:41] DEBUG: Assembled disjointig 408
	With 3 reads
	Start read: +293745cb-5ffd-450a-9a39-291ba0eca5e8
	At position: 2
	leftTip: 0 rightTip: 0
	Suspicious: 0
	Short ext: 0
	Mean extensions: 285
	Avg overlap len: 10916
	Min overlap len: 9858
	Inner reads: 0
	Length: 16548
[2026-02-20 18:00:41] DEBUG: Inner: 99716 covered: 172212 total: 180030
[2026-02-20 18:00:42] DEBUG: Assembled disjointig 409
	With 3 reads
	Start read: +396fe7da-5c47-407b-9dda-468200165b14
	At position: 2
	leftTip: 0 rightTip: 0
	Suspicious: 0
	Short ext: 0
	Mean extensions: 239
	Avg overlap len: 9725
	Min overlap len: 9549
	Inner reads: 0
	Length: 14471
[2026-02-20 18:00:42] DEBUG: Inner: 99718 covered: 172296 total: 180030
[2026-02-20 18:00:43] DEBUG: Assembled disjointig 410
	With 3 reads
	Start read: +a01e986d-fdd2-406f-aad0-d20e709c89bb
	At position: 2
	leftTip: 0 rightTip: 0
	Suspicious: 0
	Short ext: 0
	Mean extensions: 356
	Avg overlap len: 10827
	Min overlap len: 8856
	Inner reads: 0
	Length: 17371
[2026-02-20 18:00:43] DEBUG: Inner: 99720 covered: 173792 total: 180030
[2026-02-20 18:00:43] DEBUG: Assembled disjointig 411
	With 3 reads
	Start read: +570ae05c-53e3-4bec-8c98-031153bf74f8
	At position: 2
	leftTip: 0 rightTip: 0
	Suspicious: 0
	Short ext: 0
	Mean extensions: 338
	Avg overlap len: 10921
	Min overlap len: 9959
	Inner reads: 0
	Length: 16636
[2026-02-20 18:00:43] DEBUG: Inner: 99722 covered: 173882 total: 180030
[2026-02-20 18:00:44] DEBUG: Assembled disjointig 412
	With 3 reads
	Start read: +206012a2-af2a-46ad-9d30-7ee3993c5654
	At position: 2
	leftTip: 0 rightTip: 0
	Suspicious: 0
	Short ext: 0
	Mean extensions: 284
	Avg overlap len: 10748
	Min overlap len: 10369
	Inner reads: 0
	Length: 16169
[2026-02-20 18:00:44] DEBUG: Inner: 99724 covered: 174764 total: 180030
[2026-02-20 18:00:45] DEBUG: Assembled disjointig 413
	With 3 reads
	Start read: +2791da5d-5e27-4b7c-9fb5-4607d5f31d8f
	At position: 2
	leftTip: 0 rightTip: 0
	Suspicious: 0
	Short ext: 0
	Mean extensions: 371
	Avg overlap len: 10662
	Min overlap len: 10212
	Inner reads: 0
	Length: 16617
[2026-02-20 18:00:45] DEBUG: Inner: 99726 covered: 175788 total: 180030
[2026-02-20 18:00:46] DEBUG: Assembled disjointig 414
	With 3 reads
	Start read: +599ca09e-2742-4e5a-83fa-c6808480c433
	At position: 2
	leftTip: 0 rightTip: 0
	Suspicious: 0
	Short ext: 0
	Mean extensions: 226
	Avg overlap len: 4278
	Min overlap len: 4022
	Inner reads: 0
	Length: 13440
[2026-02-20 18:00:46] DEBUG: Inner: 99728 covered: 177043 total: 180030
[2026-02-20 18:00:46] INFO: Assembled 414 disjointigs
[2026-02-20 18:00:46] INFO: Generating sequence
[2026-02-20 18:00:46] DEBUG: Building positional index
[2026-02-20 18:00:46] DEBUG: Total sequence: 11612423 bp
[2026-02-20 18:00:47] DEBUG: Mean k-mer frequency: 2.33684
[2026-02-20 18:00:47] DEBUG: Repetitive k-mer frequency: 233
[2026-02-20 18:00:47] DEBUG: Filtered 960361 repetitive k-mers (0.450912)
[2026-02-20 18:00:47] DEBUG: Sorting k-mer index
[2026-02-20 18:00:47] DEBUG: Selected k-mers: 909155
[2026-02-20 18:00:47] DEBUG: K-mer index size: 1169460
[2026-02-20 18:00:47] DEBUG: Mean k-mer frequency: 1.28632
[2026-02-20 18:00:47] DEBUG: Minimizer rate: 9.92973
[2026-02-20 18:00:47] INFO: Filtering contained disjointigs
[2026-02-20 18:00:51] DEBUG: Computing transitive closure for overlaps
[2026-02-20 18:00:51] DEBUG: Found 359808 overlaps
[2026-02-20 18:00:51] DEBUG: Left 260292 overlaps after filtering
[2026-02-20 18:00:51] INFO: Contained seqs: 390
[2026-02-20 18:00:51] DEBUG: Writing FASTA
[2026-02-20 18:00:51] DEBUG: Peak RAM usage: 1 Gb
-----------End assembly log------------
[2026-02-20 18:00:52] root: DEBUG: Disjointigs length: 5391934, N50: 4797229
[2026-02-20 18:00:52] root: INFO: >>>STAGE: consensus
[2026-02-20 18:00:52] root: INFO: Running Minimap2
[2026-02-20 18:01:57] root: INFO: Computing consensus
[2026-02-20 18:02:50] root: INFO: Alignment error rate: 0.013554
[2026-02-20 18:02:50] root: INFO: >>>STAGE: repeat
[2026-02-20 18:02:50] root: INFO: Building and resolving repeat graph
[2026-02-20 18:02:50] root: DEBUG: -----Begin repeat analyser log------
[2026-02-20 18:02:50] root: DEBUG: Running: flye-modules repeat --disjointigs /scratch/ky/characterization/results/barcode35/assembly/10-consensus/consensus.fasta --reads /scratch/ky/characterization/FASTQ/SQK-RBK114-96_barcode35.fastq --out-dir /scratch/ky/characterization/results/barcode35/assembly/20-repeat --config /data/softs/Miniforge3-25.11.0-0/envs/flye-2.9.6/lib/python3.12/site-packages/flye/config/bin_cfg/asm_nano_hq.cfg --log /scratch/ky/characterization/results/barcode35/assembly/flye.log --threads 16 --meta --min-ovlp 2000
[2026-02-20 18:02:50] DEBUG: Build date: May  4 2025 23:18:08
[2026-02-20 18:02:50] DEBUG: Total RAM: 251 Gb
[2026-02-20 18:02:50] DEBUG: Available RAM: 247 Gb
[2026-02-20 18:02:50] DEBUG: Total CPUs: 32
[2026-02-20 18:02:50] DEBUG: Loading /data/softs/Miniforge3-25.11.0-0/envs/flye-2.9.6/lib/python3.12/site-packages/flye/config/bin_cfg/asm_nano_hq.cfg
[2026-02-20 18:02:50] DEBUG: Loading /data/softs/Miniforge3-25.11.0-0/envs/flye-2.9.6/lib/python3.12/site-packages/flye/config/bin_cfg/asm_defaults.cfg
[2026-02-20 18:02:50] DEBUG: 	big_genome_threshold=29000000
[2026-02-20 18:02:50] DEBUG: 	meta_read_filter_kmer_freq=100
[2026-02-20 18:02:50] DEBUG: 	chain_large_gap_penalty=2
[2026-02-20 18:02:50] DEBUG: 	chain_small_gap_penalty=0.5
[2026-02-20 18:02:50] DEBUG: 	chain_gap_jump_threshold=100
[2026-02-20 18:02:50] DEBUG: 	max_jump_gap=500
[2026-02-20 18:02:50] DEBUG: 	max_coverage_drop_rate=5
[2026-02-20 18:02:50] DEBUG: 	max_extensions_drop_rate=5
[2026-02-20 18:02:50] DEBUG: 	chimera_window=100
[2026-02-20 18:02:50] DEBUG: 	chimera_overhang=1000
[2026-02-20 18:02:50] DEBUG: 	min_reads_in_disjointig=4
[2026-02-20 18:02:50] DEBUG: 	max_inner_reads=10
[2026-02-20 18:02:50] DEBUG: 	max_inner_fraction=0.25
[2026-02-20 18:02:50] DEBUG: 	aggressive_dup_filter=1
[2026-02-20 18:02:50] DEBUG: 	max_separation=500
[2026-02-20 18:02:50] DEBUG: 	unique_edge_length=50000
[2026-02-20 18:02:50] DEBUG: 	min_repeat_res_support=0.51
[2026-02-20 18:02:50] DEBUG: 	out_paths_ratio=5
[2026-02-20 18:02:50] DEBUG: 	graph_cov_drop_rate=5
[2026-02-20 18:02:50] DEBUG: 	coverage_estimate_window=100
[2026-02-20 18:02:50] DEBUG: 	max_bubble_length=50000
[2026-02-20 18:02:50] DEBUG: 	loop_coverage_rate=1.5
[2026-02-20 18:02:50] DEBUG: 	repeat_edge_cov_mult=1.75
[2026-02-20 18:02:50] DEBUG: 	weak_detach_rate=5
[2026-02-20 18:02:50] DEBUG: 	tip_coverage_rate=2
[2026-02-20 18:02:50] DEBUG: 	tip_length_rate=2
[2026-02-20 18:02:50] DEBUG: 	output_gfa_before_rr=1
[2026-02-20 18:02:50] DEBUG: 	remove_alt_edges=0
[2026-02-20 18:02:50] DEBUG: 	low_cutoff_warning=0
[2026-02-20 18:02:50] DEBUG: 	kmer_size=17
[2026-02-20 18:02:50] DEBUG: 	use_minimizers=1
[2026-02-20 18:02:50] DEBUG: 	minimizer_window=10
[2026-02-20 18:02:50] DEBUG: 	reads_base_alignment=1
[2026-02-20 18:02:50] DEBUG: 	meta_read_top_kmer_rate=0.75
[2026-02-20 18:02:50] DEBUG: 	maximum_jump=1500
[2026-02-20 18:02:50] DEBUG: 	maximum_overhang=1500
[2026-02-20 18:02:50] DEBUG: 	repeat_kmer_rate=100
[2026-02-20 18:02:50] DEBUG: 	assemble_ovlp_divergence=0.03
[2026-02-20 18:02:50] DEBUG: 	assemble_divergence_relative=1
[2026-02-20 18:02:50] DEBUG: 	repeat_graph_ovlp_divergence=0.03
[2026-02-20 18:02:50] DEBUG: 	read_align_ovlp_divergence=0.10
[2026-02-20 18:02:50] DEBUG: 	hpc_scoring_on=1
[2026-02-20 18:02:50] DEBUG: 	add_unassembled_reads=0
[2026-02-20 18:02:50] DEBUG: 	extend_contigs_with_repeats=0
[2026-02-20 18:02:50] DEBUG: 	min_read_cov_cutoff=3
[2026-02-20 18:02:50] DEBUG: 	short_tip_length=20000
[2026-02-20 18:02:50] DEBUG: 	long_tip_length=100000
[2026-02-20 18:02:50] DEBUG: Running with k-mer size: 17
[2026-02-20 18:02:50] DEBUG: Selected minimum overlap 2000
[2026-02-20 18:02:50] DEBUG: Metagenome mode: Y
[2026-02-20 18:02:50] INFO: Parsing disjointigs
[2026-02-20 18:02:50] DEBUG: Building positional index
[2026-02-20 18:02:50] DEBUG: Total sequence: 5379751 bp
[2026-02-20 18:02:50] INFO: Building repeat graph
[2026-02-20 18:02:51] DEBUG: Mean k-mer frequency: 1.11901
[2026-02-20 18:02:51] DEBUG: Repetitive k-mer frequency: 111
[2026-02-20 18:02:51] DEBUG: Filtered 0 repetitive k-mers (0)
[2026-02-20 18:02:51] DEBUG: Sorting k-mer index
[2026-02-20 18:02:51] DEBUG: Selected k-mers: 874470
[2026-02-20 18:02:51] DEBUG: K-mer index size: 978546
[2026-02-20 18:02:51] DEBUG: Mean k-mer frequency: 1.11902
[2026-02-20 18:02:51] DEBUG: Minimizer rate: 5.4977
[2026-02-20 18:02:53] DEBUG: Computing transitive closure for overlaps
[2026-02-20 18:02:53] DEBUG: Found 2936 overlaps
[2026-02-20 18:02:53] DEBUG: Left 1212 overlaps after filtering
[2026-02-20 18:02:53] INFO: Median overlap divergence: 0.0267018
[2026-02-20 18:02:53] DEBUG: Sequence divergence distribution: 

    |*    *|                                                                                             
    |*    *|                                                                                             
    |**   *|                                                                                             
    |**   *|                                                                                             
    |**   **                                                                                             
    |**   **                                                                                             
    |***  **                                                                                             
    |***  **                                                                                             
    |***  **                                                                                             
    |***  **                                                                                             
    |***  **    *                                                                                        
    |***  **    *                                                                                        
    |*******    *                                                                                        
    |*******    *                                                                                        
    |******* *  *                                                                                        
    |******* *  *                                                                                        
    |******* * **              *      *     *            *                                               
    |******* * **              *      *     *            *                                               
    |******* * ***             *      *     *       * ** *                *                              
    |******* * ***             *      *     *       * ** *                *                              
    ----------------------------------------------------------------------------------------------------
    0%        5%        10%       15%       20%       25%       30%       35%       40%       45%       

    Q25 = 0.0094, Q50 = 0.027, Q75 = 0.054

[2026-02-20 18:02:53] DEBUG: Computing gluepoints
[2026-02-20 18:02:53] DEBUG: Added 7 gluepoint projections
[2026-02-20 18:02:53] DEBUG: Added 0 gluepoint projections
[2026-02-20 18:02:53] DEBUG: Created 1322 gluepoints
[2026-02-20 18:02:53] DEBUG: Artificial loops removed: 0 left, 0 right, 2 both
[2026-02-20 18:02:53] DEBUG: Initializing edges
[2026-02-20 18:02:53] DEBUG: Edges length checksum: 2695100335
[2026-02-20 18:02:53] DEBUG: Filtered 0 singleton segments
[2026-02-20 18:02:53] DEBUG: Removed 0 simple and 0 double chimeric junctions
[2026-02-20 18:02:53] DEBUG: Collapsed 10 edges
[2026-02-20 18:02:53] DEBUG:  	1	+disjointig_1	12	51407	51395	
[2026-02-20 18:02:53] DEBUG:  	1	+disjointig_138	0	15823	15823	
[2026-02-20 18:02:53] DEBUG: *	2	+disjointig_160	0	2221	2221	
[2026-02-20 18:02:53] DEBUG:  	-1	+disjointig_17	0	21707	21707	
[2026-02-20 18:02:53] DEBUG:  	-1	+disjointig_181	0	14740	14740	
[2026-02-20 18:02:53] DEBUG:  	45	+disjointig_2	865	13269	12404	
[2026-02-20 18:02:53] DEBUG:  	45	+disjointig_221	4	3001	2997	
[2026-02-20 18:02:53] DEBUG:  	46	+disjointig_244	1901	8103	6202	
[2026-02-20 18:02:53] DEBUG:  	-1	+disjointig_304	25	21695	21670	
[2026-02-20 18:02:53] DEBUG:  	1	+disjointig_305	100	18088	17988	
[2026-02-20 18:02:53] DEBUG:  	1	+disjointig_343	1	18731	18730	
[2026-02-20 18:02:53] DEBUG:  	1	+disjointig_35	1356	22060	20704	
[2026-02-20 18:02:53] DEBUG: *	9	+disjointig_365	0	3494	3494	
[2026-02-20 18:02:53] DEBUG:  	-1	+disjointig_373	14	21131	21117	
[2026-02-20 18:02:53] DEBUG:  	1	+disjointig_383	10	19906	19896	
[2026-02-20 18:02:53] DEBUG: *	47	+disjointig_50	60864	209986	149122	
[2026-02-20 18:02:53] DEBUG:  	-1	+disjointig_63	4	20564	20560	
[2026-02-20 18:02:53] DEBUG:  	49	+disjointig_7	2162	4068	1906	
[2026-02-20 18:02:53] DEBUG:  	48	+disjointig_7	4068	8384	4316	
[2026-02-20 18:02:53] DEBUG:  	49	+disjointig_7	8384	10290	1906	
[2026-02-20 18:02:53] DEBUG:  	48	+disjointig_7	10290	14606	4316	
[2026-02-20 18:02:53] DEBUG:  	49	+disjointig_7	14606	16512	1906	
[2026-02-20 18:02:53] DEBUG:  	48	+disjointig_7	16512	20828	4316	
[2026-02-20 18:02:53] DEBUG:  	49	+disjointig_7	20828	22725	1897	
[2026-02-20 18:02:53] DEBUG:  	48	+disjointig_7	22725	31685	8960	
[2026-02-20 18:02:53] DEBUG:  	49	+disjointig_7	31685	33591	1906	
[2026-02-20 18:02:53] DEBUG:  	48	+disjointig_7	33591	37907	4316	
[2026-02-20 18:02:53] DEBUG:  	49	+disjointig_7	37907	39813	1906	
[2026-02-20 18:02:53] DEBUG:  	48	+disjointig_7	39813	44129	4316	
[2026-02-20 18:02:53] DEBUG:  	1	+disjointig_72	4	19287	19283	
[2026-02-20 18:02:53] DEBUG: *	16	+disjointig_74	0	3019	3019	
[2026-02-20 18:02:53] DEBUG: *	51	+disjointig_8	29747	167533	137786	
[2026-02-20 18:02:53] DEBUG:  	52	+disjointig_8	167533	182768	15235	
[2026-02-20 18:02:53] DEBUG: *	23	+disjointig_8	182768	515983	333215	
[2026-02-20 18:02:53] DEBUG:  	53	+disjointig_8	515983	521230	5247	
[2026-02-20 18:02:53] DEBUG: *	33	+disjointig_8	521230	835590	314360	
[2026-02-20 18:02:53] DEBUG:  	36	+disjointig_8	835590	839274	3684	
[2026-02-20 18:02:53] DEBUG: *	38	+disjointig_8	839274	1032744	193470	
[2026-02-20 18:02:53] DEBUG:  	40	+disjointig_8	1032744	1036033	3289	
[2026-02-20 18:02:53] DEBUG: *	-37	+disjointig_8	1036033	1846664	810631	
[2026-02-20 18:02:53] DEBUG:  	36	+disjointig_8	1846664	1850348	3684	
[2026-02-20 18:02:53] DEBUG: *	39	+disjointig_8	1850348	1994189	143841	
[2026-02-20 18:02:53] DEBUG:  	43	+disjointig_8	1994189	1996643	2454	
[2026-02-20 18:02:53] DEBUG: *	-21	+disjointig_8	1996643	2426903	430260	
[2026-02-20 18:02:53] DEBUG:  	52	+disjointig_8	2426903	2440706	13803	
[2026-02-20 18:02:53] DEBUG: *	24	+disjointig_8	2440706	2441324	618	
[2026-02-20 18:02:53] DEBUG:  	-43	+disjointig_8	2441324	2443778	2454	
[2026-02-20 18:02:53] DEBUG: *	-34	+disjointig_8	2443778	3059053	615275	
[2026-02-20 18:02:53] DEBUG:  	-53	+disjointig_8	3059053	3064393	5340	
[2026-02-20 18:02:53] DEBUG: *	30	+disjointig_8	3064393	3272787	208394	
[2026-02-20 18:02:53] DEBUG:  	43	+disjointig_8	3272787	3275241	2454	
[2026-02-20 18:02:53] DEBUG: *	-35	+disjointig_8	3275241	3798901	523660	
[2026-02-20 18:02:53] DEBUG:  	-53	+disjointig_8	3798901	3804311	5410	
[2026-02-20 18:02:53] DEBUG: *	29	+disjointig_8	3804311	3993708	189397	
[2026-02-20 18:02:53] DEBUG:  	40	+disjointig_8	3993708	3997361	3653	
[2026-02-20 18:02:53] DEBUG: *	-41	+disjointig_8	3997361	4137399	140038	
[2026-02-20 18:02:53] DEBUG:  	40	+disjointig_8	4137399	4141052	3653	
[2026-02-20 18:02:53] DEBUG: *	42	+disjointig_8	4141052	4273331	132279	
[2026-02-20 18:02:53] DEBUG:  	-43	+disjointig_8	4273331	4275781	2450	
[2026-02-20 18:02:53] DEBUG: *	-31	+disjointig_8	4275781	4319589	43808	
[2026-02-20 18:02:53] DEBUG:  	53	+disjointig_8	4319589	4324931	5342	
[2026-02-20 18:02:53] DEBUG: *	-28	+disjointig_8	4324931	4413404	88473	
[2026-02-20 18:02:53] DEBUG:  	53	+disjointig_8	4413404	4418652	5248	
[2026-02-20 18:02:53] DEBUG: *	-27	+disjointig_8	4418652	4548184	129532	
[2026-02-20 18:02:53] DEBUG:  	53	+disjointig_8	4548184	4553526	5342	
[2026-02-20 18:02:53] DEBUG: *	-26	+disjointig_8	4553526	4589607	36081	
[2026-02-20 18:02:53] DEBUG:  	53	+disjointig_8	4589607	4594927	5320	
[2026-02-20 18:02:53] DEBUG: *	50	+disjointig_8	4594927	4798235	203308	
[2026-02-20 18:02:53] DEBUG: *	44	+disjointig_82	0	2992	2992	
[2026-02-20 18:02:53] DEBUG:  	-1	+disjointig_87	13	19275	19262	
[2026-02-20 18:02:53] DEBUG: Total edges: 53
[2026-02-20 18:02:53] INFO: Parsing reads
[2026-02-20 18:02:54] DEBUG: Building positional index
[2026-02-20 18:02:54] DEBUG: Total sequence: 631047117 bp
[2026-02-20 18:02:54] DEBUG: Building positional index
[2026-02-20 18:02:54] DEBUG: Total sequence: 5275781 bp
[2026-02-20 18:02:54] INFO: Aligning reads to the graph
[2026-02-20 18:02:55] DEBUG: Mean k-mer frequency: 1.09622
[2026-02-20 18:02:55] DEBUG: Repetitive k-mer frequency: 109
[2026-02-20 18:02:55] DEBUG: Filtered 0 repetitive k-mers (0)
[2026-02-20 18:02:55] DEBUG: Sorting k-mer index
[2026-02-20 18:02:55] DEBUG: Selected k-mers: 874212
[2026-02-20 18:02:55] DEBUG: K-mer index size: 958330
[2026-02-20 18:02:55] DEBUG: Mean k-mer frequency: 1.09622
[2026-02-20 18:02:55] DEBUG: Minimizer rate: 5.50518
[2026-02-20 18:03:15] DEBUG: Total reads : 90015
[2026-02-20 18:03:15] DEBUG: Read with aligned parts : 89366
[2026-02-20 18:03:15] DEBUG: Aligned in one piece : 89216
[2026-02-20 18:03:15] INFO: Aligned read sequence: 542665412 / 551330976 (0.984282)
[2026-02-20 18:03:15] INFO: Median overlap divergence: 0.00353533
[2026-02-20 18:03:15] DEBUG: Sequence divergence distribution: 

    |*                   |                                                                               
    |*                   |                                                                               
    |*                   |                                                                               
    |*                   |                                                                               
    |*                   |                                                                               
    |*                   |                                                                               
    |*                   |                                                                               
    |*                   |                                                                               
    |*                   |                                                                               
    |*                   |                                                                               
    |*                   |                                                                               
    |*                   |                                                                               
    |*                   |                                                                               
    |**                  |                                                                               
    |**                  |                                                                               
    |**                  |                                                                               
    |**                  |                                                                               
    |***                 |                                                                               
    |***                 |                                                                               
    |********************************   * * * *    *    *            *                                   
    ----------------------------------------------------------------------------------------------------
    0%        5%        10%       15%       20%       25%       30%       35%       40%       45%       

    Q25 = 0.0018, Q50 = 0.0035, Q75 = 0.0069

[2026-02-20 18:03:15] INFO: Mean edge coverage: 108
[2026-02-20 18:03:15] DEBUG: 1	len:542	cov:116659	mult:1080.18
[2026-02-20 18:03:15] DEBUG: -1	len:542	cov:116659	mult:1080.18
[2026-02-20 18:03:15] DEBUG: 2	len:2221	cov:1	mult:0.00925926
[2026-02-20 18:03:15] DEBUG: -2	len:2221	cov:1	mult:0.00925926
[2026-02-20 18:03:15] DEBUG: 9	len:3494	cov:58	mult:0.537037
[2026-02-20 18:03:15] DEBUG: -9	len:3494	cov:58	mult:0.537037
[2026-02-20 18:03:15] DEBUG: 16	len:3019	cov:3	mult:0.0277778
[2026-02-20 18:03:15] DEBUG: -16	len:3019	cov:3	mult:0.0277778
[2026-02-20 18:03:15] DEBUG: 21	len:430260	cov:60	mult:0.555556
[2026-02-20 18:03:15] DEBUG: -21	len:430260	cov:60	mult:0.555556
[2026-02-20 18:03:15] DEBUG: 23	len:333215	cov:73	mult:0.675926
[2026-02-20 18:03:15] DEBUG: -23	len:333215	cov:73	mult:0.675926
[2026-02-20 18:03:15] DEBUG: 24	len:618	cov:51	mult:0.472222
[2026-02-20 18:03:15] DEBUG: -24	len:618	cov:51	mult:0.472222
[2026-02-20 18:03:15] DEBUG: 26	len:36081	cov:75	mult:0.694444
[2026-02-20 18:03:15] DEBUG: -26	len:36081	cov:75	mult:0.694444
[2026-02-20 18:03:15] DEBUG: 27	len:129532	cov:82	mult:0.759259
[2026-02-20 18:03:15] DEBUG: -27	len:129532	cov:82	mult:0.759259
[2026-02-20 18:03:15] DEBUG: 28	len:88473	cov:78	mult:0.722222
[2026-02-20 18:03:15] DEBUG: -28	len:88473	cov:78	mult:0.722222
[2026-02-20 18:03:15] DEBUG: 29	len:189397	cov:73	mult:0.675926
[2026-02-20 18:03:15] DEBUG: -29	len:189397	cov:73	mult:0.675926
[2026-02-20 18:03:15] DEBUG: 30	len:208394	cov:67	mult:0.62037
[2026-02-20 18:03:15] DEBUG: -30	len:208394	cov:67	mult:0.62037
[2026-02-20 18:03:15] DEBUG: 31	len:43808	cov:88	mult:0.814815
[2026-02-20 18:03:15] DEBUG: -31	len:43808	cov:88	mult:0.814815
[2026-02-20 18:03:15] DEBUG: 33	len:314360	cov:69	mult:0.638889
[2026-02-20 18:03:15] DEBUG: -33	len:314360	cov:69	mult:0.638889
[2026-02-20 18:03:15] DEBUG: 34	len:615275	cov:65	mult:0.601852
[2026-02-20 18:03:15] DEBUG: -34	len:615275	cov:65	mult:0.601852
[2026-02-20 18:03:15] DEBUG: 35	len:523660	cov:73	mult:0.675926
[2026-02-20 18:03:15] DEBUG: -35	len:523660	cov:73	mult:0.675926
[2026-02-20 18:03:15] DEBUG: 36	len:3684	cov:129	mult:1.19444
[2026-02-20 18:03:15] DEBUG: -36	len:3684	cov:129	mult:1.19444
[2026-02-20 18:03:15] DEBUG: 37	len:810631	cov:59	mult:0.546296
[2026-02-20 18:03:15] DEBUG: -37	len:810631	cov:59	mult:0.546296
[2026-02-20 18:03:15] DEBUG: 38	len:193470	cov:66	mult:0.611111
[2026-02-20 18:03:15] DEBUG: -38	len:193470	cov:66	mult:0.611111
[2026-02-20 18:03:15] DEBUG: 39	len:143841	cov:62	mult:0.574074
[2026-02-20 18:03:15] DEBUG: -39	len:143841	cov:62	mult:0.574074
[2026-02-20 18:03:15] DEBUG: 40	len:3531	cov:238	mult:2.2037
[2026-02-20 18:03:15] DEBUG: -40	len:3531	cov:238	mult:2.2037
[2026-02-20 18:03:15] DEBUG: 41	len:140038	cov:91	mult:0.842593
[2026-02-20 18:03:15] DEBUG: -41	len:140038	cov:91	mult:0.842593
[2026-02-20 18:03:15] DEBUG: 42	len:132279	cov:95	mult:0.87963
[2026-02-20 18:03:15] DEBUG: -42	len:132279	cov:95	mult:0.87963
[2026-02-20 18:03:15] DEBUG: 43	len:2453	cov:296	mult:2.74074
[2026-02-20 18:03:15] DEBUG: -43	len:2453	cov:296	mult:2.74074
[2026-02-20 18:03:15] DEBUG: 44	len:2992	cov:108	mult:1
[2026-02-20 18:03:15] DEBUG: -44	len:2992	cov:108	mult:1
[2026-02-20 18:03:15] DEBUG: 45	len:3080	cov:30700	mult:284.259
[2026-02-20 18:03:15] DEBUG: -45	len:3080	cov:30700	mult:284.259
[2026-02-20 18:03:15] DEBUG: 46	len:3101	cov:3	mult:0.0277778
[2026-02-20 18:03:15] DEBUG: -46	len:3101	cov:3	mult:0.0277778
[2026-02-20 18:03:15] DEBUG: 47	len:149122	cov:69	mult:0.638889
[2026-02-20 18:03:15] DEBUG: -47	len:149122	cov:69	mult:0.638889
[2026-02-20 18:03:15] DEBUG: 48	len:4362	cov:6573	mult:60.8611
[2026-02-20 18:03:15] DEBUG: -48	len:4362	cov:6573	mult:60.8611
[2026-02-20 18:03:15] DEBUG: 49	len:1904	cov:6485	mult:60.0463
[2026-02-20 18:03:15] DEBUG: -49	len:1904	cov:6485	mult:60.0463
[2026-02-20 18:03:15] DEBUG: 50	len:203308	cov:76	mult:0.703704
[2026-02-20 18:03:15] DEBUG: -50	len:203308	cov:76	mult:0.703704
[2026-02-20 18:03:15] DEBUG: 51	len:137786	cov:77	mult:0.712963
[2026-02-20 18:03:15] DEBUG: -51	len:137786	cov:77	mult:0.712963
[2026-02-20 18:03:15] DEBUG: 52	len:14519	cov:125	mult:1.15741
[2026-02-20 18:03:15] DEBUG: -52	len:14519	cov:125	mult:1.15741
[2026-02-20 18:03:15] DEBUG: 53	len:5321	cov:536	mult:4.96296
[2026-02-20 18:03:15] DEBUG: -53	len:5321	cov:536	mult:4.96296
[2026-02-20 18:03:15] DEBUG: Unique coverage threshold 154
[2026-02-20 18:03:15] INFO: Simplifying the graph
[2026-02-20 18:03:15] DEBUG: Read coverage cutoff: 3
[2026-02-20 18:03:15] DEBUG: [SIMPL] Removed 1 paths with low coverage
[2026-02-20 18:03:15] DEBUG: [SIMPL] Masked 0 heterozygous loops
[2026-02-20 18:03:15] DEBUG: [SIMPL] Masked 0 simple bubbles
[2026-02-20 18:03:15] DEBUG: [SIMPL] Masked 0 roundabouts
[2026-02-20 18:03:15] DEBUG: [SIMPL] Masked 0 superbubbles
[2026-02-20 18:03:15] DEBUG: Finding repeats
[2026-02-20 18:03:15] DEBUG: Read coverage cutoff: 3
[2026-02-20 18:03:15] DEBUG: Short-loop: 1
[2026-02-20 18:03:15] DEBUG: Short-loop: 45
[2026-02-20 18:03:15] DEBUG: Short-loop: 46
[2026-02-20 18:03:15] DEBUG: Short-loop: 48
[2026-02-20 18:03:15] DEBUG: Short-loop: 49
[2026-02-20 18:03:15] DEBUG: Repeat detection iteration 1
[2026-02-20 18:03:15] DEBUG: Starting 43 aln:334
[2026-02-20 18:03:15] DEBUG: 	      -35	num:63	flank:12355	span:16
[2026-02-20 18:03:15] DEBUG: 	      -21	num:56	flank:20747	span:10
[2026-02-20 18:03:15] DEBUG: 	      -42	num:92	flank:12781	span:11
[2026-02-20 18:03:15] DEBUG: 	      -24	num:49	flank:19911	span:16
[2026-02-20 18:03:15] DEBUG: Starting -43 aln:334
[2026-02-20 18:03:15] DEBUG: 	      -39	num:56	flank:23202	span:13
[2026-02-20 18:03:15] DEBUG: 	      -30	num:80	flank:10350	span:12
[2026-02-20 18:03:15] DEBUG: 	      -31	num:92	flank:14693	span:12
[2026-02-20 18:03:15] DEBUG: 	      -34	num:44	flank:17446	span:16
[2026-02-20 18:03:15] DEBUG: Mult: 43	2453	296	 (1,1)
[2026-02-20 18:03:15] DEBUG: Starting 40 aln:290
[2026-02-20 18:03:15] DEBUG: 	      -37	num:40	flank:12886	span:10
[2026-02-20 18:03:15] DEBUG: 	      -41	num:75	flank:20359	span:16
[2026-02-20 18:03:15] DEBUG: 	      42	num:81	flank:15704	span:4
[2026-02-20 18:03:15] DEBUG: Starting -40 aln:290
[2026-02-20 18:03:15] DEBUG: 	      -38	num:43	flank:12426	span:10
[2026-02-20 18:03:15] DEBUG: 	      -29	num:83	flank:18820	span:5
[2026-02-20 18:03:15] DEBUG: 	      41	num:86	flank:19354	span:3
[2026-02-20 18:03:15] DEBUG: Mult: 40	3531	238	 (1,1)
[2026-02-20 18:03:15] DEBUG: Starting 36 aln:155
[2026-02-20 18:03:15] DEBUG: 	      38	num:61	flank:15071	span:6
[2026-02-20 18:03:15] DEBUG: 	      39	num:62	flank:14112	span:7
[2026-02-20 18:03:15] DEBUG: Starting -36 aln:155
[2026-02-20 18:03:15] DEBUG: 	      -33	num:55	flank:11589	span:9
[2026-02-20 18:03:15] DEBUG: 	      37	num:48	flank:17796	span:1
[2026-02-20 18:03:15] DEBUG: Mult: 36	3684	129	 (1,1)
[2026-02-20 18:03:15] DEBUG: Starting 53 aln:737
[2026-02-20 18:03:15] DEBUG: 	      -27	num:93	flank:16703	span:16
[2026-02-20 18:03:15] DEBUG: 	      50	num:64	flank:17653	span:11
[2026-02-20 18:03:15] DEBUG: 	      33	num:65	flank:13737	span:7
[2026-02-20 18:03:15] DEBUG: 	      35	num:66	flank:16880	span:9
[2026-02-20 18:03:15] DEBUG: 	      -26	num:71	flank:13993	span:20
[2026-02-20 18:03:15] DEBUG: 	      34	num:65	flank:16522	span:11
[2026-02-20 18:03:15] DEBUG: 	      -28	num:65	flank:17559	span:15
[2026-02-20 18:03:15] DEBUG: Starting -53 aln:737
[2026-02-20 18:03:15] DEBUG: 	      28	num:90	flank:21957	span:0
[2026-02-20 18:03:15] DEBUG: 	      30	num:53	flank:11321	span:5
[2026-02-20 18:03:15] DEBUG: 	      26	num:70	flank:19833	span:1
[2026-02-20 18:03:15] DEBUG: 	      29	num:64	flank:21933	span:1
[2026-02-20 18:03:15] DEBUG: 	      -23	num:61	flank:17135	span:8
[2026-02-20 18:03:15] DEBUG: 	      27	num:59	flank:13155	span:5
[2026-02-20 18:03:15] DEBUG: 	      31	num:69	flank:14790	span:5
[2026-02-20 18:03:15] DEBUG: Mult: 53	5321	536	 (1,1)
[2026-02-20 18:03:15] DEBUG: Starting 52 aln:195
[2026-02-20 18:03:15] DEBUG: 	      24	num:45	flank:20336	span:10
[2026-02-20 18:03:15] DEBUG: 	      23	num:67	flank:13955	span:9
[2026-02-20 18:03:15] DEBUG: Starting -52 aln:195
[2026-02-20 18:03:15] DEBUG: 	      21	num:38	flank:12744	span:1
[2026-02-20 18:03:15] DEBUG: 	      -51	num:62	flank:17952	span:5
[2026-02-20 18:03:15] DEBUG: Mult: 52	14519	125	 (1,1)
[2026-02-20 18:03:15] DEBUG: Repeat detection iteration 2
[2026-02-20 18:03:15] DEBUG: Writing Dot
[2026-02-20 18:03:15] DEBUG: Writing FASTA
[2026-02-20 18:03:16] DEBUG: Writing Gfa
[2026-02-20 18:03:16] DEBUG: 	Connection 33	38	37
[2026-02-20 18:03:16] DEBUG: 	Connection -37	39	34
[2026-02-20 18:03:16] DEBUG: 	Connection 29	-41	44
[2026-02-20 18:03:16] DEBUG: 	Connection 38	-37	25
[2026-02-20 18:03:16] DEBUG: 	Connection -41	42	49
[2026-02-20 18:03:16] DEBUG: 	Connection 30	-35	50
[2026-02-20 18:03:16] DEBUG: 	Connection 31	-42	68
[2026-02-20 18:03:16] DEBUG: 	Connection 34	-24	34
[2026-02-20 18:03:16] DEBUG: 	Connection 39	-21	46
[2026-02-20 18:03:16] DEBUG: 	Connection -21	24	11
[2026-02-20 18:03:16] DEBUG: 	Connection 51	23	6
[2026-02-20 18:03:16] DEBUG: [SIMPL] Resolved 11 simple repeats
[2026-02-20 18:03:16] DEBUG: [SIMPL] == Iteration 1 ==
[2026-02-20 18:03:16] DEBUG: Splitting nodes
[2026-02-20 18:03:16] DEBUG: [SIMPL] Split 1 nodes
[2026-02-20 18:03:16] DEBUG: [SIMPL] Disconnected 0 minor paths
[2026-02-20 18:03:16] DEBUG: [SIMPL] Clipped 0 short and 0 long tips
[2026-02-20 18:03:16] DEBUG: [SIMPL] Masked 0 heterozygous loops
[2026-02-20 18:03:16] DEBUG: [SIMPL] Masked 0 simple bubbles
[2026-02-20 18:03:16] DEBUG: [SIMPL] Masked 0 roundabouts
[2026-02-20 18:03:16] DEBUG: [SIMPL] Masked 0 superbubbles
[2026-02-20 18:03:16] DEBUG: Finding repeats
[2026-02-20 18:03:16] DEBUG: Read coverage cutoff: 3
[2026-02-20 18:03:16] DEBUG: Short-loop: 1
[2026-02-20 18:03:16] DEBUG: Short-loop: 45
[2026-02-20 18:03:16] DEBUG: Short-loop: 46
[2026-02-20 18:03:16] DEBUG: Repeat detection iteration 1
[2026-02-20 18:03:16] DEBUG: Starting 53 aln:737
[2026-02-20 18:03:16] DEBUG: 	      -27	num:93	flank:16703	span:16
[2026-02-20 18:03:16] DEBUG: 	      50	num:64	flank:17653	span:11
[2026-02-20 18:03:16] DEBUG: 	      33	num:65	flank:13737	span:7
[2026-02-20 18:03:16] DEBUG: 	      35	num:66	flank:16880	span:9
[2026-02-20 18:03:16] DEBUG: 	      -26	num:71	flank:13993	span:20
[2026-02-20 18:03:16] DEBUG: 	      34	num:65	flank:16522	span:11
[2026-02-20 18:03:16] DEBUG: 	      -28	num:65	flank:17559	span:15
[2026-02-20 18:03:16] DEBUG: Starting -53 aln:737
[2026-02-20 18:03:16] DEBUG: 	      28	num:90	flank:21957	span:0
[2026-02-20 18:03:16] DEBUG: 	      30	num:53	flank:11321	span:5
[2026-02-20 18:03:16] DEBUG: 	      26	num:70	flank:19833	span:1
[2026-02-20 18:03:16] DEBUG: 	      29	num:64	flank:21933	span:1
[2026-02-20 18:03:16] DEBUG: 	      -23	num:61	flank:17135	span:8
[2026-02-20 18:03:16] DEBUG: 	      27	num:59	flank:13155	span:5
[2026-02-20 18:03:16] DEBUG: 	      31	num:69	flank:14790	span:5
[2026-02-20 18:03:16] DEBUG: Mult: 53	5321	536	 (1,1)
[2026-02-20 18:03:16] DEBUG: Repeat detection iteration 2
[2026-02-20 18:03:16] DEBUG: Total unique edges: 40
[2026-02-20 18:03:16] DEBUG: 	Connection 27	28	45	1
[2026-02-20 18:03:16] DEBUG: 	Connection 28	31	29	1
[2026-02-20 18:03:16] DEBUG: 	Connection 26	27	29	1
[2026-02-20 18:03:16] DEBUG: 	Connection 23	33	28	1
[2026-02-20 18:03:16] DEBUG: 	Connection -29	35	35	1
[2026-02-20 18:03:16] DEBUG: 	Connection -26	50	28	1
[2026-02-20 18:03:16] DEBUG: 	Connection -34	30	24	1
[2026-02-20 18:03:16] DEBUG: [SIMPL] Resolved repeats: 7
[2026-02-20 18:03:16] DEBUG: RR links: 436
[2026-02-20 18:03:16] DEBUG: Unresolved: 0
[2026-02-20 18:03:16] DEBUG: Removed 0 simple and 0 double chimeric junctions
[2026-02-20 18:03:16] DEBUG: [SIMPL] == Iteration 2 ==
[2026-02-20 18:03:16] DEBUG: Splitting nodes
[2026-02-20 18:03:16] DEBUG: [SIMPL] Split 0 nodes
[2026-02-20 18:03:16] DEBUG: [SIMPL] Disconnected 0 minor paths
[2026-02-20 18:03:16] DEBUG: [SIMPL] Clipped 0 short and 0 long tips
[2026-02-20 18:03:16] DEBUG: [SIMPL] Masked 0 heterozygous loops
[2026-02-20 18:03:16] DEBUG: [SIMPL] Masked 0 simple bubbles
[2026-02-20 18:03:16] DEBUG: [SIMPL] Masked 0 roundabouts
[2026-02-20 18:03:16] DEBUG: [SIMPL] Masked 0 superbubbles
[2026-02-20 18:03:16] DEBUG: Finding repeats
[2026-02-20 18:03:16] DEBUG: Read coverage cutoff: 3
[2026-02-20 18:03:16] DEBUG: Short-loop: 1
[2026-02-20 18:03:16] DEBUG: Short-loop: 45
[2026-02-20 18:03:16] DEBUG: Short-loop: 46
[2026-02-20 18:03:16] DEBUG: Repeat detection iteration 1
[2026-02-20 18:03:16] DEBUG: Repeat detection iteration 2
[2026-02-20 18:03:16] DEBUG: Total unique edges: 43
[2026-02-20 18:03:16] DEBUG: [SIMPL] Resolved repeats: 0
[2026-02-20 18:03:16] DEBUG: RR links: 0
[2026-02-20 18:03:16] DEBUG: Unresolved: 0
[2026-02-20 18:03:16] DEBUG: Removed 0 simple and 0 double chimeric junctions
[2026-02-20 18:03:16] DEBUG: [SIMPL] Simplified 0 forks
[2026-02-20 18:03:16] DEBUG: [SIMPL] Collapsed 0 haplotypes
[2026-02-20 18:03:16] DEBUG: [SIMPL] Resolved 0 simple repeats
[2026-02-20 18:03:16] DEBUG: Read coverage cutoff: 3
[2026-02-20 18:03:16] DEBUG: [SIMPL] Removed 0 paths with low coverage
[2026-02-20 18:03:16] DEBUG: Finding repeats
[2026-02-20 18:03:16] DEBUG: Read coverage cutoff: 3
[2026-02-20 18:03:16] DEBUG: Short-loop: 1
[2026-02-20 18:03:16] DEBUG: Short-loop: 45
[2026-02-20 18:03:16] DEBUG: Short-loop: 46
[2026-02-20 18:03:16] DEBUG: Repeat detection iteration 1
[2026-02-20 18:03:16] DEBUG: Repeat detection iteration 2
[2026-02-20 18:03:16] DEBUG: Writing Dot
[2026-02-20 18:03:17] DEBUG: Writing FASTA
[2026-02-20 18:03:17] DEBUG: Peak RAM usage: 0 Gb
-----------End assembly log------------
[2026-02-20 18:03:17] root: INFO: >>>STAGE: contigger
[2026-02-20 18:03:17] root: INFO: Generating contigs
[2026-02-20 18:03:17] root: DEBUG: -----Begin contigger analyser log------
[2026-02-20 18:03:17] root: DEBUG: Running: flye-modules contigger --graph-edges /scratch/ky/characterization/results/barcode35/assembly/20-repeat/repeat_graph_edges.fasta --reads /scratch/ky/characterization/FASTQ/SQK-RBK114-96_barcode35.fastq --out-dir /scratch/ky/characterization/results/barcode35/assembly/30-contigger --config /data/softs/Miniforge3-25.11.0-0/envs/flye-2.9.6/lib/python3.12/site-packages/flye/config/bin_cfg/asm_nano_hq.cfg --repeat-graph /scratch/ky/characterization/results/barcode35/assembly/20-repeat/repeat_graph_dump --graph-aln /scratch/ky/characterization/results/barcode35/assembly/20-repeat/read_alignment_dump --log /scratch/ky/characterization/results/barcode35/assembly/flye.log --threads 16 --min-ovlp 2000
[2026-02-20 18:03:17] DEBUG: Build date: May  4 2025 23:18:25
[2026-02-20 18:03:17] DEBUG: Total RAM: 251 Gb
[2026-02-20 18:03:17] DEBUG: Available RAM: 248 Gb
[2026-02-20 18:03:17] DEBUG: Total CPUs: 32
[2026-02-20 18:03:17] DEBUG: Loading /data/softs/Miniforge3-25.11.0-0/envs/flye-2.9.6/lib/python3.12/site-packages/flye/config/bin_cfg/asm_nano_hq.cfg
[2026-02-20 18:03:17] DEBUG: Loading /data/softs/Miniforge3-25.11.0-0/envs/flye-2.9.6/lib/python3.12/site-packages/flye/config/bin_cfg/asm_defaults.cfg
[2026-02-20 18:03:17] DEBUG: 	big_genome_threshold=29000000
[2026-02-20 18:03:17] DEBUG: 	meta_read_filter_kmer_freq=100
[2026-02-20 18:03:17] DEBUG: 	chain_large_gap_penalty=2
[2026-02-20 18:03:17] DEBUG: 	chain_small_gap_penalty=0.5
[2026-02-20 18:03:17] DEBUG: 	chain_gap_jump_threshold=100
[2026-02-20 18:03:17] DEBUG: 	max_jump_gap=500
[2026-02-20 18:03:17] DEBUG: 	max_coverage_drop_rate=5
[2026-02-20 18:03:17] DEBUG: 	max_extensions_drop_rate=5
[2026-02-20 18:03:17] DEBUG: 	chimera_window=100
[2026-02-20 18:03:17] DEBUG: 	chimera_overhang=1000
[2026-02-20 18:03:17] DEBUG: 	min_reads_in_disjointig=4
[2026-02-20 18:03:17] DEBUG: 	max_inner_reads=10
[2026-02-20 18:03:17] DEBUG: 	max_inner_fraction=0.25
[2026-02-20 18:03:17] DEBUG: 	aggressive_dup_filter=1
[2026-02-20 18:03:17] DEBUG: 	max_separation=500
[2026-02-20 18:03:17] DEBUG: 	unique_edge_length=50000
[2026-02-20 18:03:17] DEBUG: 	min_repeat_res_support=0.51
[2026-02-20 18:03:17] DEBUG: 	out_paths_ratio=5
[2026-02-20 18:03:17] DEBUG: 	graph_cov_drop_rate=5
[2026-02-20 18:03:17] DEBUG: 	coverage_estimate_window=100
[2026-02-20 18:03:17] DEBUG: 	max_bubble_length=50000
[2026-02-20 18:03:17] DEBUG: 	loop_coverage_rate=1.5
[2026-02-20 18:03:17] DEBUG: 	repeat_edge_cov_mult=1.75
[2026-02-20 18:03:17] DEBUG: 	weak_detach_rate=5
[2026-02-20 18:03:17] DEBUG: 	tip_coverage_rate=2
[2026-02-20 18:03:17] DEBUG: 	tip_length_rate=2
[2026-02-20 18:03:17] DEBUG: 	output_gfa_before_rr=1
[2026-02-20 18:03:17] DEBUG: 	remove_alt_edges=0
[2026-02-20 18:03:17] DEBUG: 	low_cutoff_warning=0
[2026-02-20 18:03:17] DEBUG: 	kmer_size=17
[2026-02-20 18:03:17] DEBUG: 	use_minimizers=1
[2026-02-20 18:03:17] DEBUG: 	minimizer_window=10
[2026-02-20 18:03:17] DEBUG: 	reads_base_alignment=1
[2026-02-20 18:03:17] DEBUG: 	meta_read_top_kmer_rate=0.75
[2026-02-20 18:03:17] DEBUG: 	maximum_jump=1500
[2026-02-20 18:03:17] DEBUG: 	maximum_overhang=1500
[2026-02-20 18:03:17] DEBUG: 	repeat_kmer_rate=100
[2026-02-20 18:03:17] DEBUG: 	assemble_ovlp_divergence=0.03
[2026-02-20 18:03:17] DEBUG: 	assemble_divergence_relative=1
[2026-02-20 18:03:17] DEBUG: 	repeat_graph_ovlp_divergence=0.03
[2026-02-20 18:03:17] DEBUG: 	read_align_ovlp_divergence=0.10
[2026-02-20 18:03:17] DEBUG: 	hpc_scoring_on=1
[2026-02-20 18:03:17] DEBUG: 	add_unassembled_reads=0
[2026-02-20 18:03:17] DEBUG: 	extend_contigs_with_repeats=0
[2026-02-20 18:03:17] DEBUG: 	min_read_cov_cutoff=3
[2026-02-20 18:03:17] DEBUG: 	short_tip_length=20000
[2026-02-20 18:03:17] DEBUG: 	long_tip_length=100000
[2026-02-20 18:03:17] DEBUG: Running with k-mer size: 17
[2026-02-20 18:03:17] DEBUG: Selected minimum overlap 2000
[2026-02-20 18:03:17] INFO: Reading sequences
[2026-02-20 18:03:19] DEBUG: Building positional index
[2026-02-20 18:03:19] DEBUG: Total sequence: 631047117 bp
[2026-02-20 18:03:19] DEBUG: Flipped 0
[2026-02-20 18:03:19] DEBUG: UPath 1: 1
[2026-02-20 18:03:19] DEBUG: UPath 2: 9
[2026-02-20 18:03:19] DEBUG: UPath 3: 16
[2026-02-20 18:03:19] DEBUG: UPath 4: -62 -> -39 -> -55 -> 37 -> -57 -> -38 -> -54 -> -33 -> -68 -> -23 -> -64 -> -51 -> -50 -> 70 -> 26 -> 67 -> 27 -> -65 -> 28 -> 66 -> 31 -> 60 -> -42 -> -58 -> 41 -> -56 -> -29 -> 69 -> 35 -> -59 -> -30 -> 71 -> 34 -> 61 -> -24 -> -63 -> 21
[2026-02-20 18:03:19] DEBUG: UPath 5: 44
[2026-02-20 18:03:19] DEBUG: UPath 6: 45
[2026-02-20 18:03:19] DEBUG: UPath 7: 46
[2026-02-20 18:03:19] DEBUG: UPath 8: 47
[2026-02-20 18:03:19] DEBUG: UPath 9: 49 -> 48
[2026-02-20 18:03:19] DEBUG: Final graph contains 9 egdes
[2026-02-20 18:03:19] DEBUG: Extending contigs into repeats
[2026-02-20 18:03:19] DEBUG: Covered 0 repetitive contigs
[2026-02-20 18:03:19] INFO: Generated 9 contigs
[2026-02-20 18:03:19] DEBUG: Writing FASTA
[2026-02-20 18:03:19] DEBUG: Generating scaffold connections
[2026-02-20 18:03:19] INFO: Added 0 scaffold connections
[2026-02-20 18:03:19] DEBUG: Writing Dot
[2026-02-20 18:03:19] DEBUG: Writing FASTA
[2026-02-20 18:03:20] DEBUG: Writing Gfa
[2026-02-20 18:03:20] DEBUG: Peak RAM usage: 0 Gb
-----------End assembly log------------
[2026-02-20 18:03:20] root: INFO: >>>STAGE: polishing
[2026-02-20 18:03:20] root: INFO: Polishing genome (1/1)
[2026-02-20 18:03:20] root: INFO: Running minimap2
[2026-02-20 18:04:02] root: INFO: Separating alignment into bubbles
[2026-02-20 18:05:08] root: DEBUG: Generated 344166 bubbles
[2026-02-20 18:05:08] root: DEBUG: Split 0 long bubbles
[2026-02-20 18:05:08] root: DEBUG: Skipped 1 empty bubbles
[2026-02-20 18:05:08] root: DEBUG: Skipped 0 bubbles with long branches
[2026-02-20 18:05:08] root: INFO: Alignment error rate: 0.011141
[2026-02-20 18:05:08] root: INFO: Correcting bubbles
[2026-02-20 18:05:21] root: DEBUG: Mean contig coverage: 109, selected threshold: 3
[2026-02-20 18:05:21] root: DEBUG: Filtered 0 contigs of total length 0
[2026-02-20 18:05:21] root: DEBUG: Generating polished GFA
[2026-02-20 18:05:23] root: DEBUG: 2 sequences remained unpolished
[2026-02-20 18:05:23] root: INFO: >>>STAGE: finalize
[2026-02-20 18:05:23] root: DEBUG: ---Output dir contents:----
[2026-02-20 18:05:23] root: DEBUG: assembly/
[2026-02-20 18:05:23] root: DEBUG:     193.0 K     flye.log
[2026-02-20 18:05:23] root: DEBUG:     92.0 B      params.json
[2026-02-20 18:05:23] root: DEBUG:     1.0 K       assembly_graph.gv
[2026-02-20 18:05:23] root: DEBUG:     4.0 M       assembly_graph.gfa
[2026-02-20 18:05:23] root: DEBUG:     4.0 M       assembly.fasta
[2026-02-20 18:05:23] root: DEBUG:     00-assembly/
[2026-02-20 18:05:23] root: DEBUG:         5.0 M       draft_assembly.fasta
[2026-02-20 18:05:23] root: DEBUG:         810.0 B     draft_assembly.fasta.fai
[2026-02-20 18:05:23] root: DEBUG:     10-consensus/
[2026-02-20 18:05:23] root: DEBUG:         973.0 B     minimap.stderr
[2026-02-20 18:05:23] root: DEBUG:         90.0 K      minimap.bam.csi
[2026-02-20 18:05:23] root: DEBUG:         5.0 M       consensus.fasta
[2026-02-20 18:05:23] root: DEBUG:     20-repeat/
[2026-02-20 18:05:23] root: DEBUG:         4.0 K       graph_before_rr.gv
[2026-02-20 18:05:23] root: DEBUG:         4.0 M       graph_before_rr.fasta
[2026-02-20 18:05:23] root: DEBUG:         4.0 M       graph_before_rr.gfa
[2026-02-20 18:05:23] root: DEBUG:         6.0 K       graph_after_rr.gv
[2026-02-20 18:05:23] root: DEBUG:         85.0 K      repeat_graph_dump
[2026-02-20 18:05:23] root: DEBUG:         60.0 M      read_alignment_dump
[2026-02-20 18:05:23] root: DEBUG:         5.0 M       repeat_graph_edges.fasta
[2026-02-20 18:05:23] root: DEBUG:     30-contigger/
[2026-02-20 18:05:23] root: DEBUG:         4.0 M       contigs.fasta
[2026-02-20 18:05:23] root: DEBUG:         383.0 B     contigs_stats.txt
[2026-02-20 18:05:23] root: DEBUG:         0.0 B       scaffolds_links.txt
[2026-02-20 18:05:23] root: DEBUG:         1.0 K       graph_final.gv
[2026-02-20 18:05:23] root: DEBUG:         4.0 M       graph_final.fasta
[2026-02-20 18:05:23] root: DEBUG:         4.0 M       graph_final.gfa
[2026-02-20 18:05:23] root: DEBUG:         245.0 B     contigs.fasta.fai
[2026-02-20 18:05:23] root: DEBUG:     40-polishing/
[2026-02-20 18:05:23] root: DEBUG:         923.0 B     minimap.stderr
[2026-02-20 18:05:23] root: DEBUG:         73.0 K      minimap_1.bam.csi
[2026-02-20 18:05:23] root: DEBUG:         198.0 B     contigs_stats.txt
[2026-02-20 18:05:23] root: DEBUG:         1.0 M       base_coverage.bed.gz
[2026-02-20 18:05:23] root: DEBUG:         4.0 M       filtered_contigs.fasta
[2026-02-20 18:05:23] root: DEBUG:         198.0 B     filtered_stats.txt
[2026-02-20 18:05:23] root: DEBUG:         241.0 B     filtered_contigs.fasta.fai
[2026-02-20 18:05:23] root: DEBUG:         221.0 B     edges_aln.bam.csi
[2026-02-20 18:05:23] root: DEBUG:         4.0 M       polished_edges.gfa
[2026-02-20 18:05:23] root: DEBUG: --------------------------
[2026-02-20 18:05:23] root: INFO: Assembly statistics:

	Total length:	4939938
	Fragments:	9
	Fragments N50:	4768516
	Largest frg:	4768516
	Scaffolds:	0
	Mean coverage:	109

[2026-02-20 18:05:23] root: INFO: Final assembly: /scratch/ky/characterization/results/barcode35/assembly/assembly.fasta
