[2026-02-20 16:41:00] root: INFO: Starting Flye 2.9.6-b1802
[2026-02-20 16:41:00] root: DEBUG: Cmd: /data/softs/Miniforge3-25.11.0-0/envs/flye-2.9.6/bin/flye --meta --nano-hq /scratch/ky/characterization/FASTQ/SQK-RBK114-96_barcode08.fastq -o /scratch/ky/characterization/results/barcode08/assembly/ -t 16
[2026-02-20 16:41:00] root: DEBUG: Python version: 3.12.12 | packaged by conda-forge | (main, Jan 26 2026, 23:51:32) [GCC 14.3.0]
[2026-02-20 16:41:00] root: INFO: >>>STAGE: configure
[2026-02-20 16:41:00] root: INFO: Configuring run
[2026-02-20 16:41:00] root: INFO: Total read length: 5390262
[2026-02-20 16:41:00] root: INFO: Reads N50/N90: 4541 / 711
[2026-02-20 16:41:00] root: INFO: Minimum overlap set to 1000
[2026-02-20 16:41:00] root: INFO: >>>STAGE: assembly
[2026-02-20 16:41:00] root: INFO: Assembling disjointigs
[2026-02-20 16:41:00] root: DEBUG: -----Begin assembly log------
[2026-02-20 16:41:00] root: DEBUG: Running: flye-modules assemble --reads /scratch/ky/characterization/FASTQ/SQK-RBK114-96_barcode08.fastq --out-asm /scratch/ky/characterization/results/barcode08/assembly/00-assembly/draft_assembly.fasta --config /data/softs/Miniforge3-25.11.0-0/envs/flye-2.9.6/lib/python3.12/site-packages/flye/config/bin_cfg/asm_nano_hq.cfg --log /scratch/ky/characterization/results/barcode08/assembly/flye.log --threads 16 --meta --min-ovlp 1000
[2026-02-20 16:41:00] DEBUG: Build date: May  4 2025 23:17:52
[2026-02-20 16:41:00] DEBUG: Total RAM: 251 Gb
[2026-02-20 16:41:00] DEBUG: Available RAM: 247 Gb
[2026-02-20 16:41:00] DEBUG: Total CPUs: 32
[2026-02-20 16:41:00] DEBUG: Loading /data/softs/Miniforge3-25.11.0-0/envs/flye-2.9.6/lib/python3.12/site-packages/flye/config/bin_cfg/asm_nano_hq.cfg
[2026-02-20 16:41:00] DEBUG: Loading /data/softs/Miniforge3-25.11.0-0/envs/flye-2.9.6/lib/python3.12/site-packages/flye/config/bin_cfg/asm_defaults.cfg
[2026-02-20 16:41:00] DEBUG: 	big_genome_threshold=29000000
[2026-02-20 16:41:00] DEBUG: 	meta_read_filter_kmer_freq=100
[2026-02-20 16:41:00] DEBUG: 	chain_large_gap_penalty=2
[2026-02-20 16:41:00] DEBUG: 	chain_small_gap_penalty=0.5
[2026-02-20 16:41:00] DEBUG: 	chain_gap_jump_threshold=100
[2026-02-20 16:41:00] DEBUG: 	max_jump_gap=500
[2026-02-20 16:41:00] DEBUG: 	max_coverage_drop_rate=5
[2026-02-20 16:41:00] DEBUG: 	max_extensions_drop_rate=5
[2026-02-20 16:41:00] DEBUG: 	chimera_window=100
[2026-02-20 16:41:00] DEBUG: 	chimera_overhang=1000
[2026-02-20 16:41:00] DEBUG: 	min_reads_in_disjointig=4
[2026-02-20 16:41:00] DEBUG: 	max_inner_reads=10
[2026-02-20 16:41:00] DEBUG: 	max_inner_fraction=0.25
[2026-02-20 16:41:00] DEBUG: 	aggressive_dup_filter=1
[2026-02-20 16:41:00] DEBUG: 	max_separation=500
[2026-02-20 16:41:00] DEBUG: 	unique_edge_length=50000
[2026-02-20 16:41:00] DEBUG: 	min_repeat_res_support=0.51
[2026-02-20 16:41:00] DEBUG: 	out_paths_ratio=5
[2026-02-20 16:41:00] DEBUG: 	graph_cov_drop_rate=5
[2026-02-20 16:41:00] DEBUG: 	coverage_estimate_window=100
[2026-02-20 16:41:00] DEBUG: 	max_bubble_length=50000
[2026-02-20 16:41:00] DEBUG: 	loop_coverage_rate=1.5
[2026-02-20 16:41:00] DEBUG: 	repeat_edge_cov_mult=1.75
[2026-02-20 16:41:00] DEBUG: 	weak_detach_rate=5
[2026-02-20 16:41:00] DEBUG: 	tip_coverage_rate=2
[2026-02-20 16:41:00] DEBUG: 	tip_length_rate=2
[2026-02-20 16:41:00] DEBUG: 	output_gfa_before_rr=1
[2026-02-20 16:41:00] DEBUG: 	remove_alt_edges=0
[2026-02-20 16:41:00] DEBUG: 	low_cutoff_warning=0
[2026-02-20 16:41:00] DEBUG: 	kmer_size=17
[2026-02-20 16:41:00] DEBUG: 	use_minimizers=1
[2026-02-20 16:41:00] DEBUG: 	minimizer_window=10
[2026-02-20 16:41:00] DEBUG: 	reads_base_alignment=1
[2026-02-20 16:41:00] DEBUG: 	meta_read_top_kmer_rate=0.75
[2026-02-20 16:41:00] DEBUG: 	maximum_jump=1500
[2026-02-20 16:41:00] DEBUG: 	maximum_overhang=1500
[2026-02-20 16:41:00] DEBUG: 	repeat_kmer_rate=100
[2026-02-20 16:41:00] DEBUG: 	assemble_ovlp_divergence=0.03
[2026-02-20 16:41:00] DEBUG: 	assemble_divergence_relative=1
[2026-02-20 16:41:00] DEBUG: 	repeat_graph_ovlp_divergence=0.03
[2026-02-20 16:41:00] DEBUG: 	read_align_ovlp_divergence=0.10
[2026-02-20 16:41:00] DEBUG: 	hpc_scoring_on=1
[2026-02-20 16:41:00] DEBUG: 	add_unassembled_reads=0
[2026-02-20 16:41:00] DEBUG: 	extend_contigs_with_repeats=0
[2026-02-20 16:41:00] DEBUG: 	min_read_cov_cutoff=3
[2026-02-20 16:41:00] DEBUG: 	short_tip_length=20000
[2026-02-20 16:41:00] DEBUG: 	long_tip_length=100000
[2026-02-20 16:41:00] DEBUG: Running with k-mer size: 17
[2026-02-20 16:41:00] DEBUG: Running with minimum overlap 1000
[2026-02-20 16:41:00] DEBUG: Metagenome mode: Y
[2026-02-20 16:41:00] DEBUG: Short mode: N
[2026-02-20 16:41:00] INFO: Reading sequences
[2026-02-20 16:41:00] DEBUG: Building positional index
[2026-02-20 16:41:00] DEBUG: Total sequence: 4624501 bp
[2026-02-20 16:41:00] INFO: Building minimizer index
[2026-02-20 16:41:00] INFO: Pre-calculating index storage
[2026-02-20 16:41:00] DEBUG: Mean k-mer frequency: 1.50732
[2026-02-20 16:41:00] DEBUG: Repetitive k-mer frequency: 150
[2026-02-20 16:41:00] DEBUG: Filtered 4889 repetitive k-mers (0.0058547)
[2026-02-20 16:41:00] INFO: Filling index
[2026-02-20 16:41:00] DEBUG: Sorting k-mer index
[2026-02-20 16:41:00] DEBUG: Selected k-mers: 553995
[2026-02-20 16:41:00] DEBUG: K-mer index size: 830167
[2026-02-20 16:41:00] DEBUG: Mean k-mer frequency: 1.49851
[2026-02-20 16:41:00] DEBUG: Minimizer rate: 5.57057
[2026-02-20 16:41:00] DEBUG: Peak RAM usage: 0 Gb
[2026-02-20 16:41:00] DEBUG: Estimating k-mer identity bias
[2026-02-20 16:41:00] DEBUG: Initial divergence estimate : 0.00839329
[2026-02-20 16:41:00] DEBUG: Relative threshold: Y
[2026-02-20 16:41:00] DEBUG: Max divergence threshold set to 0.0383933
[2026-02-20 16:41:00] INFO: Extending reads
[2026-02-20 16:41:00] DEBUG: Estimating overlap coverage
[2026-02-20 16:41:01] INFO: Overlap-based coverage: 1
[2026-02-20 16:41:01] INFO: Median overlap divergence: 0.0079096
[2026-02-20 16:41:01] DEBUG: Sequence divergence distribution: 

    |**     |                                                                                            
    |**     |                                                                                            
    |**     |                                                                                            
    |**     |                                                                                            
    |**     |                                                                                            
    |**     |                                                                                            
    |**     |                                                                                            
    |**     |                                                                                            
    |**     |                                                                                            
    |**     |                                                                                            
    |**     |                                                                                            
    |***    |                                                                                            
    |***    |                                                                                            
    |***    |                                                                                            
    |****   |                                                                                            
    |****   |                                                                                            
    |*****  |                                                                                            
    |*****  |                                                                                            
    |*******|                                                                                            
    |************** **   ** *  *                                                                         
    ----------------------------------------------------------------------------------------------------
    0%        5%        10%       15%       20%       25%       30%       35%       40%       45%       

    Q25 = 0.004, Q50 = 0.0079, Q75 = 0.015

[2026-02-20 16:41:01] DEBUG: Assembled disjointig 1
	With 1 reads
	Start read: +177cabbb-b30f-487b-a062-a795d99d15d0
	At position: 1
	leftTip: 1 rightTip: 1
	Suspicious: 0
	Short ext: 0
	Mean extensions: 0
	Avg overlap len: 0
	Min overlap len: 0
	Inner reads: 0
	Length: 5307
[2026-02-20 16:41:01] DEBUG: Inner: 8 covered: 88 total: 2478
[2026-02-20 16:41:01] DEBUG: Assembled disjointig 2
	With 2 reads
	Start read: +df4d950b-8de8-463e-8a39-753895af1703
	At position: 1
	leftTip: 1 rightTip: 1
	Suspicious: 1
	Short ext: 0
	Mean extensions: 0
	Avg overlap len: 2929
	Min overlap len: 2929
	Inner reads: 0
	Length: 9413
[2026-02-20 16:41:01] DEBUG: Inner: 22 covered: 119 total: 2478
[2026-02-20 16:41:01] DEBUG: Assembled disjointig 3
	With 2 reads
	Start read: +efd95f07-e86b-49eb-ad4c-934b84061d0d
	At position: 1
	leftTip: 1 rightTip: 1
	Suspicious: 1
	Short ext: 0
	Mean extensions: 1
	Avg overlap len: 3001
	Min overlap len: 3001
	Inner reads: 0
	Length: 5833
[2026-02-20 16:41:01] DEBUG: Inner: 28 covered: 136 total: 2478
[2026-02-20 16:41:01] DEBUG: Assembled disjointig 4
	With 2 reads
	Start read: +570ac121-b51f-4be0-b153-f9a9aa5beedb
	At position: 2
	leftTip: 1 rightTip: 1
	Suspicious: 1
	Short ext: 0
	Mean extensions: 0
	Avg overlap len: 7367
	Min overlap len: 7367
	Inner reads: 0
	Length: 11239
[2026-02-20 16:41:01] DEBUG: Inner: 34 covered: 144 total: 2478
[2026-02-20 16:41:01] DEBUG: Assembled disjointig 5
	With 1 reads
	Start read: +80263ae1-caf7-4688-82e9-41861b87d0cf
	At position: 1
	leftTip: 1 rightTip: 1
	Suspicious: 0
	Short ext: 0
	Mean extensions: 0
	Avg overlap len: 0
	Min overlap len: 0
	Inner reads: 0
	Length: 5518
[2026-02-20 16:41:01] DEBUG: Inner: 40 covered: 163 total: 2478
[2026-02-20 16:41:01] DEBUG: Assembled disjointig 6
	With 2 reads
	Start read: +3890ba11-e70a-4a81-976a-c09c4a8c25bb
	At position: 1
	leftTip: 1 rightTip: 1
	Suspicious: 1
	Short ext: 0
	Mean extensions: 1
	Avg overlap len: 2287
	Min overlap len: 2287
	Inner reads: 0
	Length: 3926
[2026-02-20 16:41:01] DEBUG: Inner: 48 covered: 188 total: 2478
[2026-02-20 16:41:01] DEBUG: Assembled disjointig 7
	With 6 reads
	Start read: +0cbb7737-4c8f-4470-83ed-76023bb1fff5
	At position: 1
	leftTip: 1 rightTip: 1
	Suspicious: 2
	Short ext: 0
	Mean extensions: 1
	Avg overlap len: 3689
	Min overlap len: 2080
	Inner reads: 0
	Length: 26829
[2026-02-20 16:41:01] DEBUG: Inner: 80 covered: 225 total: 2478
[2026-02-20 16:41:01] DEBUG: Assembled disjointig 8
	With 2 reads
	Start read: +c9493e8f-2774-4604-ac91-d2ed7a7d702b
	At position: 2
	leftTip: 1 rightTip: 1
	Suspicious: 1
	Short ext: 0
	Mean extensions: 0
	Avg overlap len: 1376
	Min overlap len: 1376
	Inner reads: 0
	Length: 4831
[2026-02-20 16:41:01] DEBUG: Inner: 88 covered: 236 total: 2478
[2026-02-20 16:41:01] DEBUG: Assembled disjointig 9
	With 3 reads
	Start read: +1e84b974-56e6-4494-9314-bacba971b12f
	At position: 1
	leftTip: 1 rightTip: 1
	Suspicious: 2
	Short ext: 0
	Mean extensions: 1
	Avg overlap len: 8276
	Min overlap len: 4625
	Inner reads: 0
	Length: 32690
[2026-02-20 16:41:01] DEBUG: Inner: 130 covered: 284 total: 2478
[2026-02-20 16:41:01] DEBUG: Assembled disjointig 10
	With 2 reads
	Start read: +d860216f-8ad0-4066-acfb-5bf10c4f57ae
	At position: 1
	leftTip: 1 rightTip: 1
	Suspicious: 1
	Short ext: 0
	Mean extensions: 1
	Avg overlap len: 4378
	Min overlap len: 4378
	Inner reads: 0
	Length: 7352
[2026-02-20 16:41:01] DEBUG: Inner: 138 covered: 300 total: 2478
[2026-02-20 16:41:01] DEBUG: Assembled disjointig 11
	With 2 reads
	Start read: +8549fd69-a68c-40b9-9c81-6be76f458496
	At position: 2
	leftTip: 1 rightTip: 1
	Suspicious: 1
	Short ext: 0
	Mean extensions: 0
	Avg overlap len: 2926
	Min overlap len: 2926
	Inner reads: 0
	Length: 6298
[2026-02-20 16:41:01] DEBUG: Inner: 148 covered: 320 total: 2478
[2026-02-20 16:41:01] DEBUG: Assembled disjointig 12
	With 2 reads
	Start read: +a62ea308-121b-4ee3-8299-e8b12bd2cecc
	At position: 2
	leftTip: 1 rightTip: 1
	Suspicious: 1
	Short ext: 0
	Mean extensions: 0
	Avg overlap len: 6652
	Min overlap len: 6652
	Inner reads: 0
	Length: 9060
[2026-02-20 16:41:01] DEBUG: Inner: 152 covered: 339 total: 2478
[2026-02-20 16:41:01] DEBUG: Assembled disjointig 13
	With 2 reads
	Start read: +460316d4-070b-4a1f-ad16-ac931b85ae0b
	At position: 1
	leftTip: 1 rightTip: 1
	Suspicious: 1
	Short ext: 0
	Mean extensions: 0
	Avg overlap len: 4409
	Min overlap len: 4409
	Inner reads: 0
	Length: 20357
[2026-02-20 16:41:01] DEBUG: Inner: 164 covered: 354 total: 2478
[2026-02-20 16:41:01] DEBUG: Assembled disjointig 14
	With 2 reads
	Start read: +1f4e5398-5506-47d7-a410-bddbda76406b
	At position: 1
	leftTip: 1 rightTip: 1
	Suspicious: 1
	Short ext: 0
	Mean extensions: 1
	Avg overlap len: 2625
	Min overlap len: 2625
	Inner reads: 0
	Length: 4639
[2026-02-20 16:41:01] DEBUG: Inner: 172 covered: 374 total: 2478
[2026-02-20 16:41:01] DEBUG: Assembled disjointig 15
	With 1 reads
	Start read: +a12e9cb2-f50c-49be-a69b-688da884a93c
	At position: 1
	leftTip: 1 rightTip: 1
	Suspicious: 0
	Short ext: 0
	Mean extensions: 0
	Avg overlap len: 0
	Min overlap len: 0
	Inner reads: 0
	Length: 4474
[2026-02-20 16:41:01] DEBUG: Inner: 178 covered: 386 total: 2478
[2026-02-20 16:41:01] DEBUG: Assembled disjointig 16
	With 1 reads
	Start read: +0d3fbdd7-f3f6-4762-a6bd-e0370d77df32
	At position: 1
	leftTip: 1 rightTip: 1
	Suspicious: 0
	Short ext: 0
	Mean extensions: 0
	Avg overlap len: 0
	Min overlap len: 0
	Inner reads: 0
	Length: 3321
[2026-02-20 16:41:01] DEBUG: Inner: 182 covered: 390 total: 2478
[2026-02-20 16:41:01] DEBUG: Assembled disjointig 17
	With 2 reads
	Start read: +c52b58ad-4cf8-46b3-a7df-15ac2bb3d5a5
	At position: 1
	leftTip: 1 rightTip: 1
	Suspicious: 1
	Short ext: 0
	Mean extensions: 0
	Avg overlap len: 1133
	Min overlap len: 1133
	Inner reads: 0
	Length: 9213
[2026-02-20 16:41:01] DEBUG: Inner: 188 covered: 400 total: 2478
[2026-02-20 16:41:01] DEBUG: Assembled disjointig 18
	With 4 reads
	Start read: +9083c5d1-2b40-48af-8832-3c76d32507bc
	At position: 1
	leftTip: 1 rightTip: 1
	Suspicious: 3
	Short ext: 0
	Mean extensions: 1
	Avg overlap len: 3833
	Min overlap len: 1059
	Inner reads: 0
	Length: 17845
[2026-02-20 16:41:01] DEBUG: Inner: 206 covered: 420 total: 2478
[2026-02-20 16:41:01] DEBUG: Assembled disjointig 19
	With 2 reads
	Start read: +079792a6-adb0-4528-afbf-92ace1123109
	At position: 2
	leftTip: 1 rightTip: 1
	Suspicious: 1
	Short ext: 0
	Mean extensions: 0
	Avg overlap len: 1377
	Min overlap len: 1377
	Inner reads: 0
	Length: 13402
[2026-02-20 16:41:01] DEBUG: Inner: 212 covered: 428 total: 2478
[2026-02-20 16:41:01] DEBUG: Assembled disjointig 20
	With 3 reads
	Start read: +3063938b-b2e5-46a7-9839-eadfa97b3cff
	At position: 1
	leftTip: 1 rightTip: 1
	Suspicious: 1
	Short ext: 0
	Mean extensions: 2
	Avg overlap len: 8201
	Min overlap len: 2447
	Inner reads: 0
	Length: 7186
[2026-02-20 16:41:01] DEBUG: Inner: 218 covered: 438 total: 2478
[2026-02-20 16:41:01] DEBUG: Assembled disjointig 21
	With 2 reads
	Start read: +5d3041ad-2dbf-4618-abb1-e3f9bb4f2dcf
	At position: 1
	leftTip: 1 rightTip: 1
	Suspicious: 1
	Short ext: 0
	Mean extensions: 0
	Avg overlap len: 2278
	Min overlap len: 2278
	Inner reads: 0
	Length: 4435
[2026-02-20 16:41:01] DEBUG: Inner: 224 covered: 470 total: 2478
[2026-02-20 16:41:01] DEBUG: Assembled disjointig 22
	With 1 reads
	Start read: +bb427aab-2cbb-4c06-9a4e-b9d40094187c
	At position: 1
	leftTip: 1 rightTip: 1
	Suspicious: 0
	Short ext: 0
	Mean extensions: 0
	Avg overlap len: 0
	Min overlap len: 0
	Inner reads: 0
	Length: 5775
[2026-02-20 16:41:01] DEBUG: Inner: 232 covered: 501 total: 2478
[2026-02-20 16:41:01] DEBUG: Assembled disjointig 23
	With 2 reads
	Start read: +74cb251d-fb78-4f11-80a1-f8aa103f4ce5
	At position: 2
	leftTip: 1 rightTip: 1
	Suspicious: 1
	Short ext: 0
	Mean extensions: 0
	Avg overlap len: 3871
	Min overlap len: 3871
	Inner reads: 0
	Length: 11666
[2026-02-20 16:41:01] DEBUG: Inner: 240 covered: 536 total: 2478
[2026-02-20 16:41:01] DEBUG: Assembled disjointig 24
	With 5 reads
	Start read: +02d236f0-c7c2-40ab-abe1-06944a7170a8
	At position: 1
	leftTip: 1 rightTip: 0
	Suspicious: 0
	Short ext: 0
	Mean extensions: 2
	Avg overlap len: 5238
	Min overlap len: 2978
	Inner reads: 0
	Length: 14908
[2026-02-20 16:41:01] DEBUG: Inner: 274 covered: 589 total: 2478
[2026-02-20 16:41:01] DEBUG: Assembled disjointig 25
	With 2 reads
	Start read: +1360bf85-8287-484a-bb6e-614cb14cc88c
	At position: 1
	leftTip: 1 rightTip: 1
	Suspicious: 1
	Short ext: 0
	Mean extensions: 1
	Avg overlap len: 2710
	Min overlap len: 2710
	Inner reads: 0
	Length: 5118
[2026-02-20 16:41:01] DEBUG: Inner: 290 covered: 607 total: 2478
[2026-02-20 16:41:01] DEBUG: Assembled disjointig 26
	With 3 reads
	Start read: +912b295f-b65c-47e5-a02d-319d24be7aba
	At position: 1
	leftTip: 1 rightTip: 1
	Suspicious: 2
	Short ext: 0
	Mean extensions: 1
	Avg overlap len: 3433
	Min overlap len: 3119
	Inner reads: 0
	Length: 8179
[2026-02-20 16:41:01] DEBUG: Inner: 298 covered: 619 total: 2478
[2026-02-20 16:41:01] DEBUG: Assembled disjointig 27
	With 3 reads
	Start read: +7a1c4226-acf7-499b-8dae-9d78464c043d
	At position: 1
	leftTip: 1 rightTip: 1
	Suspicious: 2
	Short ext: 0
	Mean extensions: 1
	Avg overlap len: 3690
	Min overlap len: 1401
	Inner reads: 0
	Length: 8938
[2026-02-20 16:41:01] DEBUG: Inner: 310 covered: 633 total: 2478
[2026-02-20 16:41:01] DEBUG: Assembled disjointig 28
	With 2 reads
	Start read: +4ff6df84-94ce-408d-99d2-6fcc5eaccc0e
	At position: 1
	leftTip: 1 rightTip: 1
	Suspicious: 1
	Short ext: 0
	Mean extensions: 1
	Avg overlap len: 3890
	Min overlap len: 3890
	Inner reads: 0
	Length: 6197
[2026-02-20 16:41:01] DEBUG: Inner: 316 covered: 652 total: 2478
[2026-02-20 16:41:01] DEBUG: Assembled disjointig 29
	With 2 reads
	Start read: +f2a5512d-2ef2-42ec-8188-5cd0ef9da104
	At position: 1
	leftTip: 1 rightTip: 1
	Suspicious: 1
	Short ext: 0
	Mean extensions: 0
	Avg overlap len: 3523
	Min overlap len: 3523
	Inner reads: 0
	Length: 13255
[2026-02-20 16:41:01] DEBUG: Inner: 324 covered: 662 total: 2478
[2026-02-20 16:41:01] DEBUG: Discarded disjointig with 3 reads and 1 inner overlaps
[2026-02-20 16:41:01] DEBUG: Assembled disjointig 30
	With 2 reads
	Start read: +b2832866-4688-4e96-819c-d0e9b73d0520
	At position: 1
	leftTip: 1 rightTip: 1
	Suspicious: 1
	Short ext: 0
	Mean extensions: 0
	Avg overlap len: 5816
	Min overlap len: 5816
	Inner reads: 0
	Length: 13000
[2026-02-20 16:41:01] DEBUG: Inner: 332 covered: 682 total: 2478
[2026-02-20 16:41:01] DEBUG: Assembled disjointig 31
	With 5 reads
	Start read: +d835f78c-4224-464f-a12d-c8c867553a7a
	At position: 3
	leftTip: 1 rightTip: 0
	Suspicious: 1
	Short ext: 0
	Mean extensions: 5
	Avg overlap len: 2419
	Min overlap len: 1727
	Inner reads: 0
	Length: 21051
[2026-02-20 16:41:01] DEBUG: Inner: 364 covered: 736 total: 2478
[2026-02-20 16:41:01] DEBUG: Assembled disjointig 32
	With 5 reads
	Start read: +8e381088-0852-4c38-aa28-c7b31b7fba41
	At position: 1
	leftTip: 1 rightTip: 1
	Suspicious: 2
	Short ext: 0
	Mean extensions: 1
	Avg overlap len: 4164
	Min overlap len: 1089
	Inner reads: 0
	Length: 16153
[2026-02-20 16:41:01] DEBUG: Inner: 382 covered: 774 total: 2478
[2026-02-20 16:41:01] DEBUG: Discarded disjointig with 6 reads and 3 inner overlaps
[2026-02-20 16:41:01] DEBUG: Assembled disjointig 33
	With 4 reads
	Start read: +50182679-f572-46e0-ab09-339eb6941be6
	At position: 1
	leftTip: 1 rightTip: 1
	Suspicious: 3
	Short ext: 0
	Mean extensions: 1
	Avg overlap len: 2981
	Min overlap len: 1543
	Inner reads: 0
	Length: 20000
[2026-02-20 16:41:01] DEBUG: Inner: 404 covered: 818 total: 2478
[2026-02-20 16:41:01] DEBUG: Assembled disjointig 34
	With 3 reads
	Start read: +b1748d9e-003d-41a9-ba67-e771a289cf7b
	At position: 1
	leftTip: 1 rightTip: 1
	Suspicious: 2
	Short ext: 0
	Mean extensions: 1
	Avg overlap len: 2837
	Min overlap len: 2823
	Inner reads: 0
	Length: 28103
[2026-02-20 16:41:01] DEBUG: Inner: 424 covered: 843 total: 2478
[2026-02-20 16:41:01] DEBUG: Discarded disjointig with 5 reads and 2 inner overlaps
[2026-02-20 16:41:01] DEBUG: Assembled disjointig 35
	With 2 reads
	Start read: +01ee50cc-dcfa-4b5b-899c-c1c7a54f6488
	At position: 1
	leftTip: 1 rightTip: 1
	Suspicious: 1
	Short ext: 0
	Mean extensions: 1
	Avg overlap len: 4921
	Min overlap len: 4921
	Inner reads: 0
	Length: 9444
[2026-02-20 16:41:01] DEBUG: Inner: 428 covered: 892 total: 2478
[2026-02-20 16:41:01] DEBUG: Assembled disjointig 36
	With 2 reads
	Start read: +3eb76906-6277-4f67-a2dc-3b22893e5aaa
	At position: 2
	leftTip: 1 rightTip: 1
	Suspicious: 1
	Short ext: 0
	Mean extensions: 0
	Avg overlap len: 1890
	Min overlap len: 1890
	Inner reads: 0
	Length: 8791
[2026-02-20 16:41:01] DEBUG: Inner: 434 covered: 902 total: 2478
[2026-02-20 16:41:01] DEBUG: Assembled disjointig 37
	With 1 reads
	Start read: +aae7ea86-3063-42a4-bb49-b7335a09cd9e
	At position: 1
	leftTip: 1 rightTip: 1
	Suspicious: 0
	Short ext: 0
	Mean extensions: 0
	Avg overlap len: 0
	Min overlap len: 0
	Inner reads: 0
	Length: 4724
[2026-02-20 16:41:01] DEBUG: Inner: 438 covered: 910 total: 2478
[2026-02-20 16:41:01] DEBUG: Assembled disjointig 38
	With 4 reads
	Start read: +377b97d0-0506-4b00-8a45-1708a2118a3d
	At position: 4
	leftTip: 1 rightTip: 1
	Suspicious: 3
	Short ext: 0
	Mean extensions: 1
	Avg overlap len: 1426
	Min overlap len: 1261
	Inner reads: 0
	Length: 17462
[2026-02-20 16:41:01] DEBUG: Inner: 458 covered: 945 total: 2478
[2026-02-20 16:41:01] DEBUG: Assembled disjointig 39
	With 5 reads
	Start read: +dee134db-7159-4a91-b45e-74af5521a192
	At position: 1
	leftTip: 1 rightTip: 1
	Suspicious: 2
	Short ext: 0
	Mean extensions: 1
	Avg overlap len: 5762
	Min overlap len: 3057
	Inner reads: 0
	Length: 32078
[2026-02-20 16:41:01] DEBUG: Inner: 492 covered: 982 total: 2478
[2026-02-20 16:41:01] DEBUG: Discarded disjointig with 5 reads and 3 inner overlaps
[2026-02-20 16:41:01] DEBUG: Assembled disjointig 40
	With 2 reads
	Start read: +e8e61108-fe51-42cb-b472-9cc595e49997
	At position: 1
	leftTip: 1 rightTip: 1
	Suspicious: 1
	Short ext: 0
	Mean extensions: 1
	Avg overlap len: 3598
	Min overlap len: 3598
	Inner reads: 0
	Length: 6016
[2026-02-20 16:41:01] DEBUG: Inner: 500 covered: 996 total: 2478
[2026-02-20 16:41:01] DEBUG: Assembled disjointig 41
	With 2 reads
	Start read: +f3c09087-decc-4edd-acf6-dce9df9dfdc0
	At position: 1
	leftTip: 1 rightTip: 1
	Suspicious: 1
	Short ext: 0
	Mean extensions: 0
	Avg overlap len: 1138
	Min overlap len: 1138
	Inner reads: 0
	Length: 4577
[2026-02-20 16:41:01] DEBUG: Inner: 508 covered: 1008 total: 2478
[2026-02-20 16:41:01] DEBUG: Assembled disjointig 42
	With 3 reads
	Start read: +9cf68bb0-cec5-4b0c-92bb-0f7a4f773e95
	At position: 2
	leftTip: 1 rightTip: 1
	Suspicious: 2
	Short ext: 0
	Mean extensions: 2
	Avg overlap len: 1727
	Min overlap len: 1721
	Inner reads: 0
	Length: 12466
[2026-02-20 16:41:01] DEBUG: Inner: 518 covered: 1028 total: 2478
[2026-02-20 16:41:01] DEBUG: Assembled disjointig 43
	With 1 reads
	Start read: +f1bec0aa-a49c-45c0-b1af-d52f18f81737
	At position: 1
	leftTip: 1 rightTip: 1
	Suspicious: 0
	Short ext: 0
	Mean extensions: 0
	Avg overlap len: 0
	Min overlap len: 0
	Inner reads: 0
	Length: 5248
[2026-02-20 16:41:01] DEBUG: Inner: 526 covered: 1044 total: 2478
[2026-02-20 16:41:01] DEBUG: Assembled disjointig 44
	With 2 reads
	Start read: +27828de9-2ba7-4c54-93cf-353259950072
	At position: 1
	leftTip: 1 rightTip: 1
	Suspicious: 1
	Short ext: 0
	Mean extensions: 0
	Avg overlap len: 3900
	Min overlap len: 3900
	Inner reads: 0
	Length: 11681
[2026-02-20 16:41:01] DEBUG: Inner: 534 covered: 1054 total: 2478
[2026-02-20 16:41:01] DEBUG: Assembled disjointig 45
	With 2 reads
	Start read: +d6658fbc-d14d-4eb7-afed-c70d0c4a67ce
	At position: 2
	leftTip: 1 rightTip: 1
	Suspicious: 1
	Short ext: 0
	Mean extensions: 0
	Avg overlap len: 1847
	Min overlap len: 1847
	Inner reads: 0
	Length: 6797
[2026-02-20 16:41:01] DEBUG: Inner: 538 covered: 1064 total: 2478
[2026-02-20 16:41:01] DEBUG: Assembled disjointig 46
	With 1 reads
	Start read: +713e8e38-65f2-42f0-914b-18340368e41f
	At position: 1
	leftTip: 1 rightTip: 1
	Suspicious: 0
	Short ext: 0
	Mean extensions: 0
	Avg overlap len: 0
	Min overlap len: 0
	Inner reads: 0
	Length: 17318
[2026-02-20 16:41:01] DEBUG: Inner: 550 covered: 1084 total: 2478
[2026-02-20 16:41:01] DEBUG: Assembled disjointig 47
	With 3 reads
	Start read: +01341625-e1cd-4dea-8ce9-9d129725964b
	At position: 2
	leftTip: 1 rightTip: 1
	Suspicious: 2
	Short ext: 0
	Mean extensions: 1
	Avg overlap len: 3761
	Min overlap len: 2143
	Inner reads: 0
	Length: 14693
[2026-02-20 16:41:01] DEBUG: Inner: 558 covered: 1096 total: 2478
[2026-02-20 16:41:01] DEBUG: Assembled disjointig 48
	With 1 reads
	Start read: +70ba9d29-49fa-4d59-8c23-4a22fe4f9e87
	At position: 1
	leftTip: 1 rightTip: 1
	Suspicious: 0
	Short ext: 0
	Mean extensions: 0
	Avg overlap len: 0
	Min overlap len: 0
	Inner reads: 0
	Length: 2246
[2026-02-20 16:41:01] DEBUG: Inner: 564 covered: 1108 total: 2478
[2026-02-20 16:41:01] DEBUG: Assembled disjointig 49
	With 1 reads
	Start read: +885134a9-98e2-418f-b02f-619c1ad44e3a
	At position: 1
	leftTip: 1 rightTip: 1
	Suspicious: 0
	Short ext: 0
	Mean extensions: 0
	Avg overlap len: 0
	Min overlap len: 0
	Inner reads: 0
	Length: 3199
[2026-02-20 16:41:01] DEBUG: Inner: 570 covered: 1122 total: 2478
[2026-02-20 16:41:01] DEBUG: Assembled disjointig 50
	With 2 reads
	Start read: +ce9b2fd1-c880-49dc-97be-c68563200973
	At position: 1
	leftTip: 1 rightTip: 1
	Suspicious: 1
	Short ext: 0
	Mean extensions: 1
	Avg overlap len: 3790
	Min overlap len: 3790
	Inner reads: 0
	Length: 18094
[2026-02-20 16:41:01] DEBUG: Inner: 584 covered: 1140 total: 2478
[2026-02-20 16:41:01] DEBUG: Assembled disjointig 51
	With 2 reads
	Start read: +8fa49641-101a-4141-8197-8d52063333d5
	At position: 1
	leftTip: 1 rightTip: 1
	Suspicious: 1
	Short ext: 0
	Mean extensions: 0
	Avg overlap len: 2050
	Min overlap len: 2050
	Inner reads: 0
	Length: 5456
[2026-02-20 16:41:01] DEBUG: Inner: 590 covered: 1184 total: 2478
[2026-02-20 16:41:01] DEBUG: Assembled disjointig 52
	With 2 reads
	Start read: +40a64c68-b914-416d-8b9b-f45a96f04659
	At position: 2
	leftTip: 1 rightTip: 1
	Suspicious: 1
	Short ext: 0
	Mean extensions: 0
	Avg overlap len: 2305
	Min overlap len: 2305
	Inner reads: 0
	Length: 4797
[2026-02-20 16:41:01] DEBUG: Inner: 594 covered: 1196 total: 2478
[2026-02-20 16:41:01] DEBUG: Assembled disjointig 53
	With 3 reads
	Start read: +46bce7c8-9402-48ce-95b3-1c0459f62745
	At position: 1
	leftTip: 1 rightTip: 1
	Suspicious: 2
	Short ext: 0
	Mean extensions: 1
	Avg overlap len: 3429
	Min overlap len: 2343
	Inner reads: 0
	Length: 13072
[2026-02-20 16:41:01] DEBUG: Inner: 604 covered: 1210 total: 2478
[2026-02-20 16:41:01] DEBUG: Assembled disjointig 54
	With 2 reads
	Start read: +d6d6b768-9aef-4b6e-a7f5-bc39ffa5200d
	At position: 2
	leftTip: 1 rightTip: 1
	Suspicious: 1
	Short ext: 0
	Mean extensions: 0
	Avg overlap len: 2349
	Min overlap len: 2349
	Inner reads: 0
	Length: 3984
[2026-02-20 16:41:01] DEBUG: Inner: 610 covered: 1222 total: 2478
[2026-02-20 16:41:01] DEBUG: Assembled disjointig 55
	With 2 reads
	Start read: +c022417a-62c6-4540-b783-a8cebff3793c
	At position: 2
	leftTip: 1 rightTip: 1
	Suspicious: 1
	Short ext: 0
	Mean extensions: 0
	Avg overlap len: 2777
	Min overlap len: 2777
	Inner reads: 0
	Length: 4513
[2026-02-20 16:41:01] DEBUG: Inner: 614 covered: 1234 total: 2478
[2026-02-20 16:41:01] DEBUG: Assembled disjointig 56
	With 2 reads
	Start read: +cbe91d7e-6e4b-46c8-b91d-869912b7b5c2
	At position: 2
	leftTip: 1 rightTip: 1
	Suspicious: 1
	Short ext: 0
	Mean extensions: 0
	Avg overlap len: 2330
	Min overlap len: 2330
	Inner reads: 0
	Length: 4375
[2026-02-20 16:41:01] DEBUG: Inner: 620 covered: 1245 total: 2478
[2026-02-20 16:41:01] DEBUG: Assembled disjointig 57
	With 2 reads
	Start read: +37c1f714-a8d1-43e5-89e9-f7eb9539467d
	At position: 1
	leftTip: 1 rightTip: 1
	Suspicious: 1
	Short ext: 0
	Mean extensions: 0
	Avg overlap len: 2439
	Min overlap len: 2439
	Inner reads: 0
	Length: 5110
[2026-02-20 16:41:01] DEBUG: Inner: 628 covered: 1255 total: 2478
[2026-02-20 16:41:01] DEBUG: Assembled disjointig 58
	With 4 reads
	Start read: +44a36ca6-1f4a-46b8-bfe7-ddc8c332a945
	At position: 2
	leftTip: 1 rightTip: 1
	Suspicious: 2
	Short ext: 0
	Mean extensions: 1
	Avg overlap len: 3774
	Min overlap len: 3331
	Inner reads: 0
	Length: 13471
[2026-02-20 16:41:01] DEBUG: Inner: 642 covered: 1280 total: 2478
[2026-02-20 16:41:01] DEBUG: Assembled disjointig 59
	With 1 reads
	Start read: +5319b406-7350-49c1-92ad-b39c55875fe4
	At position: 1
	leftTip: 1 rightTip: 1
	Suspicious: 0
	Short ext: 0
	Mean extensions: 0
	Avg overlap len: 0
	Min overlap len: 0
	Inner reads: 0
	Length: 3062
[2026-02-20 16:41:01] DEBUG: Inner: 646 covered: 1288 total: 2478
[2026-02-20 16:41:01] DEBUG: Assembled disjointig 60
	With 2 reads
	Start read: +2f190c91-1355-421e-802e-12237d88bac2
	At position: 1
	leftTip: 1 rightTip: 1
	Suspicious: 1
	Short ext: 0
	Mean extensions: 0
	Avg overlap len: 1373
	Min overlap len: 1373
	Inner reads: 0
	Length: 5489
[2026-02-20 16:41:01] DEBUG: Inner: 652 covered: 1296 total: 2478
[2026-02-20 16:41:01] DEBUG: Assembled disjointig 61
	With 2 reads
	Start read: +b5bce7e2-cc3b-4492-aa40-fbebb8b22707
	At position: 1
	leftTip: 1 rightTip: 1
	Suspicious: 1
	Short ext: 0
	Mean extensions: 1
	Avg overlap len: 2493
	Min overlap len: 2493
	Inner reads: 0
	Length: 6152
[2026-02-20 16:41:01] DEBUG: Inner: 658 covered: 1316 total: 2478
[2026-02-20 16:41:01] DEBUG: Assembled disjointig 62
	With 2 reads
	Start read: +0a745796-eb02-4181-b789-edcd742935ed
	At position: 1
	leftTip: 1 rightTip: 1
	Suspicious: 1
	Short ext: 0
	Mean extensions: 0
	Avg overlap len: 4335
	Min overlap len: 4335
	Inner reads: 0
	Length: 6939
[2026-02-20 16:41:01] DEBUG: Inner: 662 covered: 1348 total: 2478
[2026-02-20 16:41:01] DEBUG: Assembled disjointig 63
	With 2 reads
	Start read: +a34b198c-fe91-4ab1-8ab7-63252f4e846a
	At position: 1
	leftTip: 1 rightTip: 1
	Suspicious: 1
	Short ext: 0
	Mean extensions: 0
	Avg overlap len: 2447
	Min overlap len: 2447
	Inner reads: 0
	Length: 7250
[2026-02-20 16:41:01] DEBUG: Inner: 674 covered: 1368 total: 2478
[2026-02-20 16:41:01] DEBUG: Assembled disjointig 64
	With 3 reads
	Start read: +4f318d24-f05e-4888-bc3d-9bf61f5929aa
	At position: 2
	leftTip: 1 rightTip: 1
	Suspicious: 2
	Short ext: 0
	Mean extensions: 1
	Avg overlap len: 1959
	Min overlap len: 1530
	Inner reads: 0
	Length: 30192
[2026-02-20 16:41:01] DEBUG: Inner: 692 covered: 1384 total: 2478
[2026-02-20 16:41:01] DEBUG: Assembled disjointig 65
	With 2 reads
	Start read: +71113533-dfae-48a9-be1a-6a821f565ed8
	At position: 1
	leftTip: 1 rightTip: 0
	Suspicious: 1
	Short ext: 0
	Mean extensions: 2
	Avg overlap len: 2313
	Min overlap len: 2313
	Inner reads: 0
	Length: 5757
[2026-02-20 16:41:01] DEBUG: Inner: 692 covered: 1392 total: 2478
[2026-02-20 16:41:01] DEBUG: Assembled disjointig 66
	With 2 reads
	Start read: +c5a0781c-7e77-4da4-a223-a42efb5a3e02
	At position: 1
	leftTip: 1 rightTip: 1
	Suspicious: 1
	Short ext: 0
	Mean extensions: 1
	Avg overlap len: 4972
	Min overlap len: 4972
	Inner reads: 0
	Length: 10534
[2026-02-20 16:41:01] DEBUG: Inner: 698 covered: 1400 total: 2478
[2026-02-20 16:41:01] DEBUG: Assembled disjointig 67
	With 2 reads
	Start read: +a21b4ebf-f689-4b45-9a00-bc1e1b42ffac
	At position: 2
	leftTip: 1 rightTip: 1
	Suspicious: 1
	Short ext: 0
	Mean extensions: 0
	Avg overlap len: 1967
	Min overlap len: 1967
	Inner reads: 0
	Length: 5386
[2026-02-20 16:41:01] DEBUG: Inner: 704 covered: 1422 total: 2478
[2026-02-20 16:41:01] DEBUG: Assembled disjointig 68
	With 3 reads
	Start read: +5eabc608-2a0a-4d35-922a-37817efa2a1b
	At position: 1
	leftTip: 1 rightTip: 1
	Suspicious: 2
	Short ext: 0
	Mean extensions: 1
	Avg overlap len: 5896
	Min overlap len: 2255
	Inner reads: 0
	Length: 21129
[2026-02-20 16:41:01] DEBUG: Inner: 726 covered: 1456 total: 2478
[2026-02-20 16:41:01] DEBUG: Assembled disjointig 69
	With 2 reads
	Start read: +5c4102ae-515b-4884-8f1f-1a60644635e8
	At position: 1
	leftTip: 1 rightTip: 1
	Suspicious: 1
	Short ext: 0
	Mean extensions: 1
	Avg overlap len: 3153
	Min overlap len: 3153
	Inner reads: 0
	Length: 9424
[2026-02-20 16:41:01] DEBUG: Inner: 734 covered: 1466 total: 2478
[2026-02-20 16:41:01] DEBUG: Assembled disjointig 70
	With 2 reads
	Start read: +2f3c75ad-bd72-4018-ad9c-b31b5dc7521c
	At position: 2
	leftTip: 1 rightTip: 1
	Suspicious: 1
	Short ext: 0
	Mean extensions: 0
	Avg overlap len: 1906
	Min overlap len: 1906
	Inner reads: 0
	Length: 4171
[2026-02-20 16:41:01] DEBUG: Inner: 738 covered: 1476 total: 2478
[2026-02-20 16:41:01] DEBUG: Assembled disjointig 71
	With 2 reads
	Start read: +1e1632ef-7a09-4c7b-96c2-435ac9ba616e
	At position: 1
	leftTip: 1 rightTip: 1
	Suspicious: 1
	Short ext: 0
	Mean extensions: 0
	Avg overlap len: 9054
	Min overlap len: 9054
	Inner reads: 0
	Length: 23299
[2026-02-20 16:41:01] DEBUG: Inner: 748 covered: 1484 total: 2478
[2026-02-20 16:41:01] DEBUG: Assembled disjointig 72
	With 1 reads
	Start read: +8aa0ba4f-6e51-4e02-bd75-899157626068
	At position: 1
	leftTip: 1 rightTip: 1
	Suspicious: 0
	Short ext: 0
	Mean extensions: 0
	Avg overlap len: 0
	Min overlap len: 0
	Inner reads: 0
	Length: 3168
[2026-02-20 16:41:01] DEBUG: Inner: 750 covered: 1490 total: 2478
[2026-02-20 16:41:01] DEBUG: Assembled disjointig 73
	With 3 reads
	Start read: +914d88df-d176-46cd-8bfc-88b7ee89c478
	At position: 2
	leftTip: 0 rightTip: 1
	Suspicious: 1
	Short ext: 0
	Mean extensions: 1
	Avg overlap len: 3790
	Min overlap len: 1651
	Inner reads: 0
	Length: 11647
[2026-02-20 16:41:01] DEBUG: Inner: 758 covered: 1504 total: 2478
[2026-02-20 16:41:01] DEBUG: Assembled disjointig 74
	With 2 reads
	Start read: +c01c8470-8d8e-44db-8518-a83500b52ea1
	At position: 2
	leftTip: 1 rightTip: 1
	Suspicious: 1
	Short ext: 0
	Mean extensions: 0
	Avg overlap len: 2381
	Min overlap len: 2381
	Inner reads: 0
	Length: 17379
[2026-02-20 16:41:01] DEBUG: Inner: 770 covered: 1516 total: 2478
[2026-02-20 16:41:01] DEBUG: Assembled disjointig 75
	With 3 reads
	Start read: +d66f24e5-2d4e-47f2-9227-58cf0f06b079
	At position: 3
	leftTip: 0 rightTip: 1
	Suspicious: 2
	Short ext: 0
	Mean extensions: 1
	Avg overlap len: 5023
	Min overlap len: 1719
	Inner reads: 0
	Length: 10361
[2026-02-20 16:41:01] DEBUG: Inner: 774 covered: 1531 total: 2478
[2026-02-20 16:41:01] DEBUG: Assembled disjointig 76
	With 2 reads
	Start read: +f3d0f71c-bf94-4199-86f0-0e5bc0951429
	At position: 2
	leftTip: 1 rightTip: 1
	Suspicious: 1
	Short ext: 0
	Mean extensions: 0
	Avg overlap len: 2163
	Min overlap len: 2163
	Inner reads: 0
	Length: 6127
[2026-02-20 16:41:01] DEBUG: Inner: 782 covered: 1552 total: 2478
[2026-02-20 16:41:01] DEBUG: Assembled disjointig 77
	With 2 reads
	Start read: +726ddc13-2d00-4651-836a-afedaa1c510f
	At position: 1
	leftTip: 1 rightTip: 1
	Suspicious: 1
	Short ext: 0
	Mean extensions: 1
	Avg overlap len: 3209
	Min overlap len: 3209
	Inner reads: 0
	Length: 9072
[2026-02-20 16:41:01] DEBUG: Inner: 790 covered: 1565 total: 2478
[2026-02-20 16:41:01] DEBUG: Assembled disjointig 78
	With 1 reads
	Start read: +58984378-48e3-4df0-9c22-f90e6605af29
	At position: 1
	leftTip: 1 rightTip: 1
	Suspicious: 0
	Short ext: 0
	Mean extensions: 0
	Avg overlap len: 0
	Min overlap len: 0
	Inner reads: 0
	Length: 2483
[2026-02-20 16:41:01] DEBUG: Inner: 796 covered: 1594 total: 2478
[2026-02-20 16:41:01] DEBUG: Assembled disjointig 79
	With 2 reads
	Start read: +7c6026d9-6faa-4ea2-af3c-4b77649985bd
	At position: 1
	leftTip: 1 rightTip: 1
	Suspicious: 1
	Short ext: 0
	Mean extensions: 0
	Avg overlap len: 1942
	Min overlap len: 1942
	Inner reads: 0
	Length: 8406
[2026-02-20 16:41:01] DEBUG: Inner: 802 covered: 1625 total: 2478
[2026-02-20 16:41:01] DEBUG: Assembled disjointig 80
	With 3 reads
	Start read: +ab6cb389-3c6a-4182-a672-0bc9b7611e0c
	At position: 1
	leftTip: 1 rightTip: 1
	Suspicious: 2
	Short ext: 0
	Mean extensions: 1
	Avg overlap len: 2592
	Min overlap len: 2511
	Inner reads: 0
	Length: 15378
[2026-02-20 16:41:01] DEBUG: Inner: 808 covered: 1632 total: 2478
[2026-02-20 16:41:01] DEBUG: Assembled disjointig 81
	With 2 reads
	Start read: +aa0f5c7f-bb16-4dfc-897e-5dcd226cfe1d
	At position: 1
	leftTip: 1 rightTip: 0
	Suspicious: 1
	Short ext: 0
	Mean extensions: 1
	Avg overlap len: 7149
	Min overlap len: 7149
	Inner reads: 0
	Length: 14232
[2026-02-20 16:41:01] DEBUG: Inner: 808 covered: 1649 total: 2478
[2026-02-20 16:41:01] DEBUG: Assembled disjointig 82
	With 2 reads
	Start read: +09ed1910-8a48-47b2-aeff-a14ceb5626f2
	At position: 2
	leftTip: 1 rightTip: 1
	Suspicious: 1
	Short ext: 0
	Mean extensions: 0
	Avg overlap len: 1921
	Min overlap len: 1921
	Inner reads: 0
	Length: 5504
[2026-02-20 16:41:01] DEBUG: Inner: 812 covered: 1699 total: 2478
[2026-02-20 16:41:01] DEBUG: Assembled disjointig 83
	With 2 reads
	Start read: +f54a8ee8-9305-4513-ace4-2916761874e9
	At position: 2
	leftTip: 1 rightTip: 1
	Suspicious: 1
	Short ext: 0
	Mean extensions: 0
	Avg overlap len: 4575
	Min overlap len: 4575
	Inner reads: 0
	Length: 10329
[2026-02-20 16:41:01] DEBUG: Inner: 816 covered: 1708 total: 2478
[2026-02-20 16:41:01] DEBUG: Assembled disjointig 84
	With 4 reads
	Start read: +5f4a0087-9907-43f8-b3a5-4037d1f5c496
	At position: 3
	leftTip: 1 rightTip: 1
	Suspicious: 3
	Short ext: 0
	Mean extensions: 1
	Avg overlap len: 3405
	Min overlap len: 1287
	Inner reads: 0
	Length: 14653
[2026-02-20 16:41:01] DEBUG: Inner: 824 covered: 1719 total: 2478
[2026-02-20 16:41:01] DEBUG: Assembled disjointig 85
	With 1 reads
	Start read: +1d29616b-c3c2-400b-87d2-a229fe87de3d
	At position: 1
	leftTip: 1 rightTip: 1
	Suspicious: 0
	Short ext: 0
	Mean extensions: 0
	Avg overlap len: 0
	Min overlap len: 0
	Inner reads: 0
	Length: 3151
[2026-02-20 16:41:01] DEBUG: Inner: 828 covered: 1727 total: 2478
[2026-02-20 16:41:01] DEBUG: Assembled disjointig 86
	With 2 reads
	Start read: +0affff43-b8cb-4eef-b134-482196b83383
	At position: 1
	leftTip: 1 rightTip: 1
	Suspicious: 1
	Short ext: 0
	Mean extensions: 1
	Avg overlap len: 2193
	Min overlap len: 2193
	Inner reads: 0
	Length: 4602
[2026-02-20 16:41:01] DEBUG: Inner: 832 covered: 1748 total: 2478
[2026-02-20 16:41:01] DEBUG: Assembled disjointig 87
	With 2 reads
	Start read: +078da419-1c56-48ff-b35f-872f51942b79
	At position: 2
	leftTip: 1 rightTip: 1
	Suspicious: 1
	Short ext: 0
	Mean extensions: 0
	Avg overlap len: 2243
	Min overlap len: 2243
	Inner reads: 0
	Length: 6051
[2026-02-20 16:41:01] DEBUG: Inner: 838 covered: 1754 total: 2478
[2026-02-20 16:41:01] DEBUG: Assembled disjointig 88
	With 3 reads
	Start read: +0faffdeb-8505-4644-899f-e4226f42734e
	At position: 3
	leftTip: 1 rightTip: 1
	Suspicious: 2
	Short ext: 0
	Mean extensions: 1
	Avg overlap len: 4255
	Min overlap len: 4246
	Inner reads: 0
	Length: 14911
[2026-02-20 16:41:01] DEBUG: Inner: 844 covered: 1756 total: 2478
[2026-02-20 16:41:01] DEBUG: Assembled disjointig 89
	With 1 reads
	Start read: +a1ceb739-fea5-4203-a2da-cf8443af06e9
	At position: 1
	leftTip: 1 rightTip: 1
	Suspicious: 0
	Short ext: 0
	Mean extensions: 0
	Avg overlap len: 0
	Min overlap len: 0
	Inner reads: 0
	Length: 3187
[2026-02-20 16:41:01] DEBUG: Inner: 848 covered: 1760 total: 2478
[2026-02-20 16:41:01] DEBUG: Assembled disjointig 90
	With 1 reads
	Start read: +faa65803-6340-4128-bbc6-1aa4f3fa4f68
	At position: 1
	leftTip: 1 rightTip: 1
	Suspicious: 0
	Short ext: 0
	Mean extensions: 0
	Avg overlap len: 0
	Min overlap len: 0
	Inner reads: 0
	Length: 2272
[2026-02-20 16:41:01] DEBUG: Inner: 852 covered: 1764 total: 2478
[2026-02-20 16:41:01] DEBUG: Assembled disjointig 91
	With 3 reads
	Start read: +823890ee-d40f-41cf-876b-2979fd56c5f8
	At position: 1
	leftTip: 1 rightTip: 1
	Suspicious: 2
	Short ext: 0
	Mean extensions: 3
	Avg overlap len: 2357
	Min overlap len: 1457
	Inner reads: 0
	Length: 27897
[2026-02-20 16:41:01] DEBUG: Inner: 868 covered: 1782 total: 2478
[2026-02-20 16:41:01] DEBUG: Assembled disjointig 92
	With 3 reads
	Start read: +d221974e-d076-4a5f-8bc1-98284dca63c5
	At position: 1
	leftTip: 1 rightTip: 1
	Suspicious: 1
	Short ext: 0
	Mean extensions: 1
	Avg overlap len: 9037
	Min overlap len: 6096
	Inner reads: 0
	Length: 10825
[2026-02-20 16:41:01] DEBUG: Inner: 884 covered: 1836 total: 2478
[2026-02-20 16:41:01] DEBUG: Assembled disjointig 93
	With 1 reads
	Start read: +52b8353a-6d12-4145-9f75-96251420f7e5
	At position: 1
	leftTip: 1 rightTip: 1
	Suspicious: 0
	Short ext: 0
	Mean extensions: 0
	Avg overlap len: 0
	Min overlap len: 0
	Inner reads: 0
	Length: 2424
[2026-02-20 16:41:01] DEBUG: Inner: 888 covered: 1843 total: 2478
[2026-02-20 16:41:01] DEBUG: Assembled disjointig 94
	With 3 reads
	Start read: +811e8c81-e45f-4ba5-901d-a3ef1a6319b3
	At position: 1
	leftTip: 1 rightTip: 1
	Suspicious: 2
	Short ext: 0
	Mean extensions: 1
	Avg overlap len: 4357
	Min overlap len: 3272
	Inner reads: 0
	Length: 13127
[2026-02-20 16:41:01] DEBUG: Inner: 898 covered: 1851 total: 2478
[2026-02-20 16:41:01] DEBUG: Assembled disjointig 95
	With 2 reads
	Start read: +ed75c514-8e1d-4314-b4d2-c4e32a061e4f
	At position: 2
	leftTip: 1 rightTip: 1
	Suspicious: 1
	Short ext: 0
	Mean extensions: 0
	Avg overlap len: 2785
	Min overlap len: 2785
	Inner reads: 0
	Length: 6997
[2026-02-20 16:41:01] DEBUG: Inner: 906 covered: 1868 total: 2478
[2026-02-20 16:41:01] DEBUG: Assembled disjointig 96
	With 2 reads
	Start read: +7845f527-a20a-4c4f-bf0e-aad31731c63b
	At position: 1
	leftTip: 1 rightTip: 1
	Suspicious: 1
	Short ext: 0
	Mean extensions: 1
	Avg overlap len: 2552
	Min overlap len: 2552
	Inner reads: 0
	Length: 5145
[2026-02-20 16:41:01] DEBUG: Inner: 910 covered: 1880 total: 2478
[2026-02-20 16:41:01] DEBUG: Assembled disjointig 97
	With 2 reads
	Start read: +f2cc2020-a817-4da4-b882-9222cd2dd626
	At position: 2
	leftTip: 1 rightTip: 1
	Suspicious: 1
	Short ext: 0
	Mean extensions: 0
	Avg overlap len: 3042
	Min overlap len: 3042
	Inner reads: 0
	Length: 7326
[2026-02-20 16:41:01] DEBUG: Inner: 916 covered: 1892 total: 2478
[2026-02-20 16:41:01] DEBUG: Assembled disjointig 98
	With 2 reads
	Start read: +6f608509-7c9f-415c-b64f-cfdc4df14a26
	At position: 1
	leftTip: 1 rightTip: 1
	Suspicious: 1
	Short ext: 0
	Mean extensions: 1
	Avg overlap len: 3327
	Min overlap len: 3327
	Inner reads: 0
	Length: 5447
[2026-02-20 16:41:01] DEBUG: Inner: 920 covered: 1902 total: 2478
[2026-02-20 16:41:01] DEBUG: Assembled disjointig 99
	With 4 reads
	Start read: +52e71641-3c57-4463-b182-839df222b1f1
	At position: 2
	leftTip: 1 rightTip: 1
	Suspicious: 2
	Short ext: 0
	Mean extensions: 1
	Avg overlap len: 3099
	Min overlap len: 1709
	Inner reads: 0
	Length: 14892
[2026-02-20 16:41:01] DEBUG: Inner: 928 covered: 1932 total: 2478
[2026-02-20 16:41:01] DEBUG: Assembled disjointig 100
	With 2 reads
	Start read: +3de3059c-5fec-4a22-9400-abc505af33fc
	At position: 1
	leftTip: 1 rightTip: 1
	Suspicious: 1
	Short ext: 0
	Mean extensions: 0
	Avg overlap len: 2944
	Min overlap len: 2944
	Inner reads: 0
	Length: 4956
[2026-02-20 16:41:01] DEBUG: Inner: 934 covered: 1962 total: 2478
[2026-02-20 16:41:01] DEBUG: Assembled disjointig 101
	With 2 reads
	Start read: +f3d626f2-e3cf-4841-96b5-8d2551efe3c7
	At position: 1
	leftTip: 1 rightTip: 1
	Suspicious: 1
	Short ext: 0
	Mean extensions: 1
	Avg overlap len: 2435
	Min overlap len: 2435
	Inner reads: 0
	Length: 12401
[2026-02-20 16:41:01] DEBUG: Inner: 942 covered: 1972 total: 2478
[2026-02-20 16:41:01] DEBUG: Assembled disjointig 102
	With 1 reads
	Start read: +947e0893-6d9d-48e6-9e6e-248bf4fd580d
	At position: 1
	leftTip: 1 rightTip: 1
	Suspicious: 0
	Short ext: 0
	Mean extensions: 0
	Avg overlap len: 0
	Min overlap len: 0
	Inner reads: 0
	Length: 4050
[2026-02-20 16:41:01] DEBUG: Inner: 946 covered: 1978 total: 2478
[2026-02-20 16:41:01] DEBUG: Assembled disjointig 103
	With 2 reads
	Start read: +65bbd19d-f2d0-4667-941e-3bb290a73128
	At position: 1
	leftTip: 1 rightTip: 1
	Suspicious: 1
	Short ext: 0
	Mean extensions: 0
	Avg overlap len: 7359
	Min overlap len: 7359
	Inner reads: 0
	Length: 9579
[2026-02-20 16:41:01] DEBUG: Inner: 952 covered: 2020 total: 2478
[2026-02-20 16:41:01] DEBUG: Assembled disjointig 104
	With 1 reads
	Start read: +f421d9b6-b871-4877-b9e9-9da2fe6dca1d
	At position: 1
	leftTip: 1 rightTip: 1
	Suspicious: 0
	Short ext: 0
	Mean extensions: 0
	Avg overlap len: 0
	Min overlap len: 0
	Inner reads: 0
	Length: 5494
[2026-02-20 16:41:01] DEBUG: Inner: 956 covered: 2050 total: 2478
[2026-02-20 16:41:01] DEBUG: Assembled disjointig 105
	With 4 reads
	Start read: +21b521d8-9e14-49cb-86cb-09113a35899d
	At position: 3
	leftTip: 1 rightTip: 1
	Suspicious: 3
	Short ext: 0
	Mean extensions: 1
	Avg overlap len: 3018
	Min overlap len: 1220
	Inner reads: 0
	Length: 12566
[2026-02-20 16:41:01] DEBUG: Inner: 970 covered: 2068 total: 2478
[2026-02-20 16:41:01] DEBUG: Assembled disjointig 106
	With 2 reads
	Start read: +f7b9a25d-80c8-4a6d-b83d-e356de703a9f
	At position: 2
	leftTip: 1 rightTip: 1
	Suspicious: 1
	Short ext: 0
	Mean extensions: 0
	Avg overlap len: 2324
	Min overlap len: 2324
	Inner reads: 0
	Length: 4915
[2026-02-20 16:41:01] DEBUG: Inner: 974 covered: 2106 total: 2478
[2026-02-20 16:41:01] DEBUG: Assembled disjointig 107
	With 1 reads
	Start read: +f9bed107-7fbd-4260-9d9e-2e13c347a0ea
	At position: 1
	leftTip: 1 rightTip: 1
	Suspicious: 0
	Short ext: 0
	Mean extensions: 0
	Avg overlap len: 0
	Min overlap len: 0
	Inner reads: 0
	Length: 2482
[2026-02-20 16:41:01] DEBUG: Inner: 978 covered: 2118 total: 2478
[2026-02-20 16:41:01] DEBUG: Assembled disjointig 108
	With 3 reads
	Start read: +485f7ffd-03b6-47fa-b0cc-4107940da65d
	At position: 3
	leftTip: 1 rightTip: 1
	Suspicious: 2
	Short ext: 0
	Mean extensions: 1
	Avg overlap len: 4674
	Min overlap len: 3355
	Inner reads: 0
	Length: 14050
[2026-02-20 16:41:01] DEBUG: Inner: 984 covered: 2138 total: 2478
[2026-02-20 16:41:01] DEBUG: Assembled disjointig 109
	With 2 reads
	Start read: +e9ca8345-c050-4956-9a75-fd487424420b
	At position: 1
	leftTip: 1 rightTip: 1
	Suspicious: 1
	Short ext: 0
	Mean extensions: 1
	Avg overlap len: 4520
	Min overlap len: 4520
	Inner reads: 0
	Length: 6915
[2026-02-20 16:41:01] DEBUG: Inner: 998 covered: 2152 total: 2478
[2026-02-20 16:41:01] DEBUG: Assembled disjointig 110
	With 1 reads
	Start read: +71a70212-862d-4aa6-8ade-e20c507a30ec
	At position: 1
	leftTip: 1 rightTip: 1
	Suspicious: 0
	Short ext: 0
	Mean extensions: 0
	Avg overlap len: 0
	Min overlap len: 0
	Inner reads: 0
	Length: 6325
[2026-02-20 16:41:01] DEBUG: Inner: 1002 covered: 2188 total: 2478
[2026-02-20 16:41:01] DEBUG: Assembled disjointig 111
	With 2 reads
	Start read: +c478462d-0a93-4421-bada-f7f80914d0eb
	At position: 1
	leftTip: 1 rightTip: 1
	Suspicious: 1
	Short ext: 0
	Mean extensions: 0
	Avg overlap len: 2466
	Min overlap len: 2466
	Inner reads: 0
	Length: 5731
[2026-02-20 16:41:01] DEBUG: Inner: 1008 covered: 2231 total: 2478
[2026-02-20 16:41:01] DEBUG: Assembled disjointig 112
	With 3 reads
	Start read: +039f461d-07b7-4e6e-9846-7b527da4cd2d
	At position: 2
	leftTip: 1 rightTip: 1
	Suspicious: 2
	Short ext: 0
	Mean extensions: 1
	Avg overlap len: 10170
	Min overlap len: 6084
	Inner reads: 0
	Length: 19252
[2026-02-20 16:41:01] DEBUG: Inner: 1018 covered: 2270 total: 2478
[2026-02-20 16:41:01] DEBUG: Assembled disjointig 113
	With 2 reads
	Start read: +e4668b2d-8a8d-4574-b22e-4bbeb53d3156
	At position: 1
	leftTip: 1 rightTip: 1
	Suspicious: 1
	Short ext: 0
	Mean extensions: 0
	Avg overlap len: 5503
	Min overlap len: 5503
	Inner reads: 0
	Length: 8708
[2026-02-20 16:41:01] DEBUG: Inner: 1026 covered: 2280 total: 2478
[2026-02-20 16:41:01] DEBUG: Assembled disjointig 114
	With 3 reads
	Start read: +aeb5d96e-8bbd-40d6-9558-d248c0c67898
	At position: 2
	leftTip: 1 rightTip: 1
	Suspicious: 2
	Short ext: 0
	Mean extensions: 1
	Avg overlap len: 5707
	Min overlap len: 2168
	Inner reads: 0
	Length: 19867
[2026-02-20 16:41:01] DEBUG: Inner: 1034 covered: 2321 total: 2478
[2026-02-20 16:41:01] DEBUG: Assembled disjointig 115
	With 2 reads
	Start read: +9a22add8-4e30-4ae2-bec9-e9ead61c0c93
	At position: 1
	leftTip: 1 rightTip: 1
	Suspicious: 1
	Short ext: 0
	Mean extensions: 0
	Avg overlap len: 2198
	Min overlap len: 2198
	Inner reads: 0
	Length: 4339
[2026-02-20 16:41:01] DEBUG: Inner: 1038 covered: 2328 total: 2478
[2026-02-20 16:41:01] DEBUG: Assembled disjointig 116
	With 2 reads
	Start read: +6e5d5cff-3282-4f6e-87de-6c3863700156
	At position: 2
	leftTip: 1 rightTip: 1
	Suspicious: 1
	Short ext: 0
	Mean extensions: 0
	Avg overlap len: 3258
	Min overlap len: 3258
	Inner reads: 0
	Length: 7560
[2026-02-20 16:41:01] DEBUG: Inner: 1042 covered: 2366 total: 2478
[2026-02-20 16:41:01] DEBUG: Assembled disjointig 117
	With 2 reads
	Start read: +eeb725f7-9e79-47e9-9b81-d487564bf2b8
	At position: 2
	leftTip: 1 rightTip: 1
	Suspicious: 1
	Short ext: 0
	Mean extensions: 0
	Avg overlap len: 7492
	Min overlap len: 7492
	Inner reads: 0
	Length: 11948
[2026-02-20 16:41:01] DEBUG: Inner: 1048 covered: 2373 total: 2478
[2026-02-20 16:41:01] DEBUG: Assembled disjointig 118
	With 2 reads
	Start read: +4fa11cf8-776e-4d58-809d-df3b57a23c13
	At position: 1
	leftTip: 1 rightTip: 1
	Suspicious: 1
	Short ext: 0
	Mean extensions: 0
	Avg overlap len: 5610
	Min overlap len: 5610
	Inner reads: 0
	Length: 10636
[2026-02-20 16:41:01] DEBUG: Inner: 1052 covered: 2447 total: 2478
[2026-02-20 16:41:01] DEBUG: Assembled disjointig 119
	With 2 reads
	Start read: +d0b414a2-65d8-4a26-922f-a2c64f79e844
	At position: 1
	leftTip: 1 rightTip: 1
	Suspicious: 1
	Short ext: 0
	Mean extensions: 0
	Avg overlap len: 2233
	Min overlap len: 2233
	Inner reads: 0
	Length: 5530
[2026-02-20 16:41:01] DEBUG: Inner: 1058 covered: 2465 total: 2478
[2026-02-20 16:41:01] DEBUG: Assembled disjointig 120
	With 2 reads
	Start read: +841304ba-099b-4f87-9587-e530abceb643
	At position: 1
	leftTip: 1 rightTip: 1
	Suspicious: 1
	Short ext: 0
	Mean extensions: 1
	Avg overlap len: 2966
	Min overlap len: 2966
	Inner reads: 0
	Length: 5121
[2026-02-20 16:41:01] DEBUG: Inner: 1066 covered: 2471 total: 2478
[2026-02-20 16:41:01] DEBUG: Assembled disjointig 121
	With 1 reads
	Start read: +e5c8da5b-b7ea-4845-ab27-c75a35dc31e9
	At position: 1
	leftTip: 1 rightTip: 1
	Suspicious: 0
	Short ext: 0
	Mean extensions: 0
	Avg overlap len: 0
	Min overlap len: 0
	Inner reads: 0
	Length: 2407
[2026-02-20 16:41:01] DEBUG: Inner: 1072 covered: 2478 total: 2478
[2026-02-20 16:41:01] DEBUG: Assembled disjointig 122
	With 2 reads
	Start read: +9369d32a-ee4a-4cd8-98c8-258f081f8349
	At position: 2
	leftTip: 1 rightTip: 1
	Suspicious: 1
	Short ext: 0
	Mean extensions: 0
	Avg overlap len: 3993
	Min overlap len: 3993
	Inner reads: 0
	Length: 6677
[2026-02-20 16:41:01] DEBUG: Inner: 1076 covered: 2478 total: 2478
[2026-02-20 16:41:01] DEBUG: Assembled disjointig 123
	With 2 reads
	Start read: +4225468e-5595-447b-a4fb-5ba4c56727eb
	At position: 1
	leftTip: 1 rightTip: 1
	Suspicious: 1
	Short ext: 0
	Mean extensions: 1
	Avg overlap len: 2160
	Min overlap len: 2160
	Inner reads: 0
	Length: 6075
[2026-02-20 16:41:01] DEBUG: Inner: 1080 covered: 2478 total: 2478
[2026-02-20 16:41:01] INFO: Assembled 123 disjointigs
[2026-02-20 16:41:01] INFO: Generating sequence
[2026-02-20 16:41:01] DEBUG: Building positional index
[2026-02-20 16:41:01] DEBUG: Total sequence: 1208479 bp
[2026-02-20 16:41:01] DEBUG: Mean k-mer frequency: 1.05486
[2026-02-20 16:41:01] DEBUG: Repetitive k-mer frequency: 105
[2026-02-20 16:41:01] DEBUG: Filtered 0 repetitive k-mers (0)
[2026-02-20 16:41:01] DEBUG: Sorting k-mer index
[2026-02-20 16:41:01] DEBUG: Selected k-mers: 207995
[2026-02-20 16:41:01] DEBUG: K-mer index size: 219406
[2026-02-20 16:41:01] DEBUG: Mean k-mer frequency: 1.05486
[2026-02-20 16:41:01] DEBUG: Minimizer rate: 5.50796
[2026-02-20 16:41:01] INFO: Filtering contained disjointigs
[2026-02-20 16:41:01] DEBUG: Computing transitive closure for overlaps
[2026-02-20 16:41:01] DEBUG: Found 34 overlaps
[2026-02-20 16:41:01] DEBUG: Left 16 overlaps after filtering
[2026-02-20 16:41:01] INFO: Contained seqs: 3
[2026-02-20 16:41:01] DEBUG: Writing FASTA
[2026-02-20 16:41:01] DEBUG: Peak RAM usage: 0 Gb
-----------End assembly log------------
[2026-02-20 16:41:01] root: DEBUG: Disjointigs length: 1182437, N50: 13071
[2026-02-20 16:41:01] root: INFO: >>>STAGE: consensus
[2026-02-20 16:41:01] root: INFO: Running Minimap2
[2026-02-20 16:41:02] root: INFO: Computing consensus
[2026-02-20 16:41:02] root: INFO: Alignment error rate: 0.012584
[2026-02-20 16:41:02] root: INFO: >>>STAGE: repeat
[2026-02-20 16:41:02] root: INFO: Building and resolving repeat graph
[2026-02-20 16:41:02] root: DEBUG: -----Begin repeat analyser log------
[2026-02-20 16:41:02] root: DEBUG: Running: flye-modules repeat --disjointigs /scratch/ky/characterization/results/barcode08/assembly/10-consensus/consensus.fasta --reads /scratch/ky/characterization/FASTQ/SQK-RBK114-96_barcode08.fastq --out-dir /scratch/ky/characterization/results/barcode08/assembly/20-repeat --config /data/softs/Miniforge3-25.11.0-0/envs/flye-2.9.6/lib/python3.12/site-packages/flye/config/bin_cfg/asm_nano_hq.cfg --log /scratch/ky/characterization/results/barcode08/assembly/flye.log --threads 16 --meta --min-ovlp 1000
[2026-02-20 16:41:02] DEBUG: Build date: May  4 2025 23:18:08
[2026-02-20 16:41:02] DEBUG: Total RAM: 251 Gb
[2026-02-20 16:41:02] DEBUG: Available RAM: 247 Gb
[2026-02-20 16:41:02] DEBUG: Total CPUs: 32
[2026-02-20 16:41:02] DEBUG: Loading /data/softs/Miniforge3-25.11.0-0/envs/flye-2.9.6/lib/python3.12/site-packages/flye/config/bin_cfg/asm_nano_hq.cfg
[2026-02-20 16:41:02] DEBUG: Loading /data/softs/Miniforge3-25.11.0-0/envs/flye-2.9.6/lib/python3.12/site-packages/flye/config/bin_cfg/asm_defaults.cfg
[2026-02-20 16:41:02] DEBUG: 	big_genome_threshold=29000000
[2026-02-20 16:41:02] DEBUG: 	meta_read_filter_kmer_freq=100
[2026-02-20 16:41:02] DEBUG: 	chain_large_gap_penalty=2
[2026-02-20 16:41:02] DEBUG: 	chain_small_gap_penalty=0.5
[2026-02-20 16:41:02] DEBUG: 	chain_gap_jump_threshold=100
[2026-02-20 16:41:02] DEBUG: 	max_jump_gap=500
[2026-02-20 16:41:02] DEBUG: 	max_coverage_drop_rate=5
[2026-02-20 16:41:02] DEBUG: 	max_extensions_drop_rate=5
[2026-02-20 16:41:02] DEBUG: 	chimera_window=100
[2026-02-20 16:41:02] DEBUG: 	chimera_overhang=1000
[2026-02-20 16:41:02] DEBUG: 	min_reads_in_disjointig=4
[2026-02-20 16:41:02] DEBUG: 	max_inner_reads=10
[2026-02-20 16:41:02] DEBUG: 	max_inner_fraction=0.25
[2026-02-20 16:41:02] DEBUG: 	aggressive_dup_filter=1
[2026-02-20 16:41:02] DEBUG: 	max_separation=500
[2026-02-20 16:41:02] DEBUG: 	unique_edge_length=50000
[2026-02-20 16:41:02] DEBUG: 	min_repeat_res_support=0.51
[2026-02-20 16:41:02] DEBUG: 	out_paths_ratio=5
[2026-02-20 16:41:02] DEBUG: 	graph_cov_drop_rate=5
[2026-02-20 16:41:02] DEBUG: 	coverage_estimate_window=100
[2026-02-20 16:41:02] DEBUG: 	max_bubble_length=50000
[2026-02-20 16:41:02] DEBUG: 	loop_coverage_rate=1.5
[2026-02-20 16:41:02] DEBUG: 	repeat_edge_cov_mult=1.75
[2026-02-20 16:41:02] DEBUG: 	weak_detach_rate=5
[2026-02-20 16:41:02] DEBUG: 	tip_coverage_rate=2
[2026-02-20 16:41:02] DEBUG: 	tip_length_rate=2
[2026-02-20 16:41:02] DEBUG: 	output_gfa_before_rr=1
[2026-02-20 16:41:02] DEBUG: 	remove_alt_edges=0
[2026-02-20 16:41:02] DEBUG: 	low_cutoff_warning=0
[2026-02-20 16:41:02] DEBUG: 	kmer_size=17
[2026-02-20 16:41:02] DEBUG: 	use_minimizers=1
[2026-02-20 16:41:02] DEBUG: 	minimizer_window=10
[2026-02-20 16:41:02] DEBUG: 	reads_base_alignment=1
[2026-02-20 16:41:02] DEBUG: 	meta_read_top_kmer_rate=0.75
[2026-02-20 16:41:02] DEBUG: 	maximum_jump=1500
[2026-02-20 16:41:02] DEBUG: 	maximum_overhang=1500
[2026-02-20 16:41:02] DEBUG: 	repeat_kmer_rate=100
[2026-02-20 16:41:02] DEBUG: 	assemble_ovlp_divergence=0.03
[2026-02-20 16:41:02] DEBUG: 	assemble_divergence_relative=1
[2026-02-20 16:41:02] DEBUG: 	repeat_graph_ovlp_divergence=0.03
[2026-02-20 16:41:02] DEBUG: 	read_align_ovlp_divergence=0.10
[2026-02-20 16:41:02] DEBUG: 	hpc_scoring_on=1
[2026-02-20 16:41:02] DEBUG: 	add_unassembled_reads=0
[2026-02-20 16:41:02] DEBUG: 	extend_contigs_with_repeats=0
[2026-02-20 16:41:02] DEBUG: 	min_read_cov_cutoff=3
[2026-02-20 16:41:02] DEBUG: 	short_tip_length=20000
[2026-02-20 16:41:02] DEBUG: 	long_tip_length=100000
[2026-02-20 16:41:02] DEBUG: Running with k-mer size: 17
[2026-02-20 16:41:02] DEBUG: Selected minimum overlap 1000
[2026-02-20 16:41:02] DEBUG: Metagenome mode: Y
[2026-02-20 16:41:02] INFO: Parsing disjointigs
[2026-02-20 16:41:02] DEBUG: Building positional index
[2026-02-20 16:41:02] DEBUG: Total sequence: 1179658 bp
[2026-02-20 16:41:02] INFO: Building repeat graph
[2026-02-20 16:41:02] DEBUG: Mean k-mer frequency: 1.03163
[2026-02-20 16:41:02] DEBUG: Repetitive k-mer frequency: 103
[2026-02-20 16:41:02] DEBUG: Filtered 0 repetitive k-mers (0)
[2026-02-20 16:41:02] DEBUG: Sorting k-mer index
[2026-02-20 16:41:02] DEBUG: Selected k-mers: 207697
[2026-02-20 16:41:02] DEBUG: K-mer index size: 214268
[2026-02-20 16:41:02] DEBUG: Mean k-mer frequency: 1.03164
[2026-02-20 16:41:02] DEBUG: Minimizer rate: 5.50553
[2026-02-20 16:41:03] DEBUG: Computing transitive closure for overlaps
[2026-02-20 16:41:03] DEBUG: Found 216 overlaps
[2026-02-20 16:41:03] DEBUG: Left 88 overlaps after filtering
[2026-02-20 16:41:03] INFO: Median overlap divergence: 0.0207171
[2026-02-20 16:41:03] DEBUG: Sequence divergence distribution: 

    | *  * |                                                                                             
    | *  * |                                                                                             
    | *  * |                                                                                             
    | *  * |                                                                                             
    | *  * |                                                                                             
    | *  * |                                                                                             
    | **** |           *                                                                                 
    | **** |           *                                                                                 
    | **** |           *                                                                                 
    | **** |           *                                                                                 
    | **** |           *                                                                                 
    | **** |           *                                                                                 
    | **** |           *                                                                                 
    | **** |    *      *          **                    *     *                                          
    | **** |    *      *          **                    *     *                                          
    | **** |    *      *          **                    *     *                                          
    | **** |    *      *          **                    *     *                                          
    | **** |    *      *          **                    *     *                                          
    | **** |    *      *          **                    *     *                                          
    | **** |    *      *          **                    *     *                                          
    ----------------------------------------------------------------------------------------------------
    0%        5%        10%       15%       20%       25%       30%       35%       40%       45%       

    Q25 = 0.014, Q50 = 0.021, Q75 = 0.091

[2026-02-20 16:41:03] DEBUG: Computing gluepoints
[2026-02-20 16:41:03] DEBUG: Added 0 gluepoint projections
[2026-02-20 16:41:03] DEBUG: Created 546 gluepoints
[2026-02-20 16:41:03] DEBUG: Artificial loops removed: 0 left, 0 right, 0 both
[2026-02-20 16:41:03] DEBUG: Initializing edges
[2026-02-20 16:41:03] DEBUG: Edges length checksum: 15806222209
[2026-02-20 16:41:03] DEBUG: Filtered 0 singleton segments
[2026-02-20 16:41:03] DEBUG: Removed 0 simple and 0 double chimeric junctions
[2026-02-20 16:41:03] DEBUG: Collapsed 3 edges
[2026-02-20 16:41:03] DEBUG: *	1	+disjointig_1	0	5311	5311	
[2026-02-20 16:41:03] DEBUG: *	2	+disjointig_10	0	7373	7373	
[2026-02-20 16:41:03] DEBUG: *	3	+disjointig_100	0	4936	4936	
[2026-02-20 16:41:03] DEBUG: *	4	+disjointig_101	0	3150	3150	
[2026-02-20 16:41:03] DEBUG:  	137	+disjointig_101	3150	7988	4838	
[2026-02-20 16:41:03] DEBUG: *	12	+disjointig_101	7988	9903	1915	
[2026-02-20 16:41:03] DEBUG:  	14	+disjointig_101	9903	11174	1271	
[2026-02-20 16:41:03] DEBUG: *	17	+disjointig_101	11174	12411	1237	
[2026-02-20 16:41:03] DEBUG: *	19	+disjointig_102	0	4024	4024	
[2026-02-20 16:41:03] DEBUG: *	20	+disjointig_103	0	9590	9590	
[2026-02-20 16:41:03] DEBUG: *	21	+disjointig_104	0	5498	5498	
[2026-02-20 16:41:03] DEBUG: *	22	+disjointig_105	0	12583	12583	
[2026-02-20 16:41:03] DEBUG: *	23	+disjointig_106	0	4914	4914	
[2026-02-20 16:41:03] DEBUG: *	24	+disjointig_107	0	2470	2470	
[2026-02-20 16:41:03] DEBUG: *	25	+disjointig_108	0	14020	14020	
[2026-02-20 16:41:03] DEBUG: *	26	+disjointig_109	0	6911	6911	
[2026-02-20 16:41:03] DEBUG: *	27	+disjointig_11	0	6291	6291	
[2026-02-20 16:41:03] DEBUG: *	28	+disjointig_110	0	6328	6328	
[2026-02-20 16:41:03] DEBUG: *	29	+disjointig_111	0	5732	5732	
[2026-02-20 16:41:03] DEBUG: *	30	+disjointig_112	0	19243	19243	
[2026-02-20 16:41:03] DEBUG: *	31	+disjointig_113	0	8706	8706	
[2026-02-20 16:41:03] DEBUG: *	32	+disjointig_114	0	19867	19867	
[2026-02-20 16:41:03] DEBUG: *	33	+disjointig_115	0	4337	4337	
[2026-02-20 16:41:03] DEBUG: *	34	+disjointig_116	0	7572	7572	
[2026-02-20 16:41:03] DEBUG: *	35	+disjointig_117	0	11933	11933	
[2026-02-20 16:41:03] DEBUG: *	36	+disjointig_118	0	10635	10635	
[2026-02-20 16:41:03] DEBUG: *	37	+disjointig_119	0	5524	5524	
[2026-02-20 16:41:03] DEBUG: *	38	+disjointig_12	0	9067	9067	
[2026-02-20 16:41:03] DEBUG: *	39	+disjointig_120	0	5119	5119	
[2026-02-20 16:41:03] DEBUG: *	40	+disjointig_121	0	2406	2406	
[2026-02-20 16:41:03] DEBUG: *	41	+disjointig_122	0	6671	6671	
[2026-02-20 16:41:03] DEBUG: *	42	+disjointig_123	0	6072	6072	
[2026-02-20 16:41:03] DEBUG: *	43	+disjointig_13	0	20345	20345	
[2026-02-20 16:41:03] DEBUG: *	44	+disjointig_14	0	4651	4651	
[2026-02-20 16:41:03] DEBUG: *	45	+disjointig_15	0	4480	4480	
[2026-02-20 16:41:03] DEBUG: *	46	+disjointig_16	0	3319	3319	
[2026-02-20 16:41:03] DEBUG: *	47	+disjointig_17	0	9224	9224	
[2026-02-20 16:41:03] DEBUG: *	48	+disjointig_18	0	17839	17839	
[2026-02-20 16:41:03] DEBUG: *	49	+disjointig_19	0	3855	3855	
[2026-02-20 16:41:03] DEBUG:  	50	+disjointig_19	3855	5494	1639	
[2026-02-20 16:41:03] DEBUG: *	52	+disjointig_19	5494	13850	8356	
[2026-02-20 16:41:03] DEBUG: *	54	+disjointig_2	0	9406	9406	
[2026-02-20 16:41:03] DEBUG: *	55	+disjointig_20	0	7183	7183	
[2026-02-20 16:41:03] DEBUG: *	56	+disjointig_21	0	4435	4435	
[2026-02-20 16:41:03] DEBUG: *	57	+disjointig_22	0	5761	5761	
[2026-02-20 16:41:03] DEBUG: *	58	+disjointig_23	0	11659	11659	
[2026-02-20 16:41:03] DEBUG: *	138	+disjointig_24	5721	14478	8757	
[2026-02-20 16:41:03] DEBUG: *	61	+disjointig_25	0	5117	5117	
[2026-02-20 16:41:03] DEBUG: *	62	+disjointig_26	0	8179	8179	
[2026-02-20 16:41:03] DEBUG: *	63	+disjointig_27	0	8932	8932	
[2026-02-20 16:41:03] DEBUG: *	64	+disjointig_28	0	6196	6196	
[2026-02-20 16:41:03] DEBUG: *	65	+disjointig_29	0	13256	13256	
[2026-02-20 16:41:03] DEBUG: *	66	+disjointig_3	0	5827	5827	
[2026-02-20 16:41:03] DEBUG: *	67	+disjointig_30	0	12994	12994	
[2026-02-20 16:41:03] DEBUG: *	-7	+disjointig_31	0	9289	9289	
[2026-02-20 16:41:03] DEBUG:  	137	+disjointig_31	9289	14170	4881	
[2026-02-20 16:41:03] DEBUG: *	-6	+disjointig_31	14170	15085	915	
[2026-02-20 16:41:03] DEBUG:  	137	+disjointig_31	15085	19645	4560	
[2026-02-20 16:41:03] DEBUG: *	68	+disjointig_32	0	16153	16153	
[2026-02-20 16:41:03] DEBUG: *	-53	+disjointig_33	0	16515	16515	
[2026-02-20 16:41:03] DEBUG:  	-50	+disjointig_33	16515	18148	1633	
[2026-02-20 16:41:03] DEBUG: *	51	+disjointig_33	18148	20029	1881	
[2026-02-20 16:41:03] DEBUG: *	69	+disjointig_34	0	28084	28084	
[2026-02-20 16:41:03] DEBUG: *	70	+disjointig_35	0	9440	9440	
[2026-02-20 16:41:03] DEBUG: *	71	+disjointig_36	0	8793	8793	
[2026-02-20 16:41:03] DEBUG: *	72	+disjointig_37	0	4763	4763	
[2026-02-20 16:41:03] DEBUG: *	73	+disjointig_38	0	17471	17471	
[2026-02-20 16:41:03] DEBUG: *	74	+disjointig_39	0	32109	32109	
[2026-02-20 16:41:03] DEBUG: *	75	+disjointig_4	0	11241	11241	
[2026-02-20 16:41:03] DEBUG: *	76	+disjointig_40	0	6015	6015	
[2026-02-20 16:41:03] DEBUG: *	77	+disjointig_41	0	4572	4572	
[2026-02-20 16:41:03] DEBUG:  	78	+disjointig_42	4	1698	1694	
[2026-02-20 16:41:03] DEBUG:  	80	+disjointig_42	1698	3430	1732	
[2026-02-20 16:41:03] DEBUG: *	81	+disjointig_42	3430	10677	7247	
[2026-02-20 16:41:03] DEBUG: *	83	+disjointig_43	0	5249	5249	
[2026-02-20 16:41:03] DEBUG: *	84	+disjointig_44	0	11673	11673	
[2026-02-20 16:41:03] DEBUG: *	-18	+disjointig_45	0	3568	3568	
[2026-02-20 16:41:03] DEBUG:  	-14	+disjointig_45	3568	4656	1088	
[2026-02-20 16:41:03] DEBUG: *	15	+disjointig_45	4656	6793	2137	
[2026-02-20 16:41:03] DEBUG: *	85	+disjointig_46	0	17226	17226	
[2026-02-20 16:41:03] DEBUG: *	86	+disjointig_47	0	14689	14689	
[2026-02-20 16:41:03] DEBUG: *	87	+disjointig_48	0	2248	2248	
[2026-02-20 16:41:03] DEBUG: *	88	+disjointig_49	0	3199	3199	
[2026-02-20 16:41:03] DEBUG: *	89	+disjointig_5	0	5517	5517	
[2026-02-20 16:41:03] DEBUG: *	90	+disjointig_50	0	18087	18087	
[2026-02-20 16:41:03] DEBUG: *	91	+disjointig_51	0	5453	5453	
[2026-02-20 16:41:03] DEBUG: *	92	+disjointig_52	0	4794	4794	
[2026-02-20 16:41:03] DEBUG: *	93	+disjointig_53	0	13071	13071	
[2026-02-20 16:41:03] DEBUG: *	94	+disjointig_54	0	3982	3982	
[2026-02-20 16:41:03] DEBUG: *	95	+disjointig_55	0	4507	4507	
[2026-02-20 16:41:03] DEBUG: *	96	+disjointig_56	0	4374	4374	
[2026-02-20 16:41:03] DEBUG: *	97	+disjointig_57	0	5117	5117	
[2026-02-20 16:41:03] DEBUG: *	98	+disjointig_58	0	13468	13468	
[2026-02-20 16:41:03] DEBUG:  	-14	+disjointig_59	11	1087	1076	
[2026-02-20 16:41:03] DEBUG: *	16	+disjointig_59	1087	3064	1977	
[2026-02-20 16:41:03] DEBUG: *	99	+disjointig_6	0	3934	3934	
[2026-02-20 16:41:03] DEBUG: *	100	+disjointig_60	0	5492	5492	
[2026-02-20 16:41:03] DEBUG: *	101	+disjointig_61	0	6150	6150	
[2026-02-20 16:41:03] DEBUG: *	102	+disjointig_62	0	6937	6937	
[2026-02-20 16:41:03] DEBUG: *	103	+disjointig_63	0	7245	7245	
[2026-02-20 16:41:03] DEBUG: *	104	+disjointig_64	0	30187	30187	
[2026-02-20 16:41:03] DEBUG: *	105	+disjointig_66	0	10537	10537	
[2026-02-20 16:41:03] DEBUG: *	106	+disjointig_67	0	5383	5383	
[2026-02-20 16:41:03] DEBUG: *	107	+disjointig_68	0	21130	21130	
[2026-02-20 16:41:03] DEBUG: *	108	+disjointig_69	0	9439	9439	
[2026-02-20 16:41:03] DEBUG: *	109	+disjointig_7	0	26833	26833	
[2026-02-20 16:41:03] DEBUG: *	110	+disjointig_70	0	4170	4170	
[2026-02-20 16:41:03] DEBUG: *	111	+disjointig_71	0	23292	23292	
[2026-02-20 16:41:03] DEBUG: *	112	+disjointig_72	0	3175	3175	
[2026-02-20 16:41:03] DEBUG: *	8	+disjointig_73	4239	11892	7653	
[2026-02-20 16:41:03] DEBUG: *	-9	+disjointig_74	0	2600	2600	
[2026-02-20 16:41:03] DEBUG:  	137	+disjointig_74	2600	7640	5040	
[2026-02-20 16:41:03] DEBUG: *	13	+disjointig_74	7640	17329	9689	
[2026-02-20 16:41:03] DEBUG:  	78	+disjointig_75	344	2017	1673	
[2026-02-20 16:41:03] DEBUG: *	79	+disjointig_75	2017	3483	1466	
[2026-02-20 16:41:03] DEBUG:  	80	+disjointig_75	3483	5216	1733	
[2026-02-20 16:41:03] DEBUG: *	82	+disjointig_75	5216	10352	5136	
[2026-02-20 16:41:03] DEBUG: *	113	+disjointig_76	0	6105	6105	
[2026-02-20 16:41:03] DEBUG: *	114	+disjointig_77	0	9075	9075	
[2026-02-20 16:41:03] DEBUG: *	115	+disjointig_78	0	2475	2475	
[2026-02-20 16:41:03] DEBUG: *	116	+disjointig_79	0	8406	8406	
[2026-02-20 16:41:03] DEBUG: *	117	+disjointig_8	0	4817	4817	
[2026-02-20 16:41:03] DEBUG: *	118	+disjointig_80	0	15563	15563	
[2026-02-20 16:41:03] DEBUG: *	119	+disjointig_82	0	5501	5501	
[2026-02-20 16:41:03] DEBUG: *	120	+disjointig_83	0	10316	10316	
[2026-02-20 16:41:03] DEBUG: *	121	+disjointig_84	0	14665	14665	
[2026-02-20 16:41:03] DEBUG: *	122	+disjointig_85	0	3155	3155	
[2026-02-20 16:41:03] DEBUG: *	123	+disjointig_86	0	4601	4601	
[2026-02-20 16:41:03] DEBUG: *	124	+disjointig_88	0	14963	14963	
[2026-02-20 16:41:03] DEBUG: *	125	+disjointig_89	0	3182	3182	
[2026-02-20 16:41:03] DEBUG: *	126	+disjointig_9	0	32692	32692	
[2026-02-20 16:41:03] DEBUG: *	127	+disjointig_90	0	2269	2269	
[2026-02-20 16:41:03] DEBUG: *	128	+disjointig_91	0	27922	27922	
[2026-02-20 16:41:03] DEBUG: *	129	+disjointig_92	0	10849	10849	
[2026-02-20 16:41:03] DEBUG: *	130	+disjointig_93	0	2420	2420	
[2026-02-20 16:41:03] DEBUG: *	131	+disjointig_94	0	13121	13121	
[2026-02-20 16:41:03] DEBUG: *	132	+disjointig_95	0	6975	6975	
[2026-02-20 16:41:03] DEBUG: *	133	+disjointig_96	0	5149	5149	
[2026-02-20 16:41:03] DEBUG: *	134	+disjointig_97	0	7318	7318	
[2026-02-20 16:41:03] DEBUG: *	135	+disjointig_98	0	5446	5446	
[2026-02-20 16:41:03] DEBUG: *	136	+disjointig_99	0	14886	14886	
[2026-02-20 16:41:03] DEBUG: Total edges: 138
[2026-02-20 16:41:03] INFO: Parsing reads
[2026-02-20 16:41:03] DEBUG: Building positional index
[2026-02-20 16:41:03] DEBUG: Total sequence: 5390262 bp
[2026-02-20 16:41:03] DEBUG: Building positional index
[2026-02-20 16:41:03] DEBUG: Total sequence: 1169207 bp
[2026-02-20 16:41:03] INFO: Aligning reads to the graph
[2026-02-20 16:41:03] DEBUG: Mean k-mer frequency: 1.02329
[2026-02-20 16:41:03] DEBUG: Repetitive k-mer frequency: 102
[2026-02-20 16:41:03] DEBUG: Filtered 0 repetitive k-mers (0)
[2026-02-20 16:41:03] DEBUG: Sorting k-mer index
[2026-02-20 16:41:03] DEBUG: Selected k-mers: 207488
[2026-02-20 16:41:03] DEBUG: K-mer index size: 212321
[2026-02-20 16:41:03] DEBUG: Mean k-mer frequency: 1.02329
[2026-02-20 16:41:03] DEBUG: Minimizer rate: 5.50679
[2026-02-20 16:41:25] DEBUG: Total reads : 1239
[2026-02-20 16:41:25] DEBUG: Read with aligned parts : 535
[2026-02-20 16:41:25] DEBUG: Aligned in one piece : 533
[2026-02-20 16:41:25] INFO: Aligned read sequence: 2361338 / 4624501 (0.510615)
[2026-02-20 16:41:25] INFO: Median overlap divergence: 0.00352365
[2026-02-20 16:41:25] DEBUG: Sequence divergence distribution: 

    |*                   |                                                                               
    |*                   |                                                                               
    |*                   |                                                                               
    |*                   |                                                                               
    |*                   |                                                                               
    |*                   |                                                                               
    |*                   |                                                                               
    |*                   |                                                                               
    |*                   |                                                                               
    |*                   |                                                                               
    |*                   |                                                                               
    |*                   |                                                                               
    |*                   |                                                                               
    |**                  |                                                                               
    |**                  |                                                                               
    |**                  |                                                                               
    |**                  |                                                                               
    |**                  |                                                                               
    |****                |                                                                               
    |***********   *     |     *                                 *                   *                   
    ----------------------------------------------------------------------------------------------------
    0%        5%        10%       15%       20%       25%       30%       35%       40%       45%       

    Q25 = 0.0014, Q50 = 0.0035, Q75 = 0.0066

[2026-02-20 16:41:25] INFO: Mean edge coverage: 2
[2026-02-20 16:41:25] DEBUG: 1	len:5311	cov:4	mult:2
[2026-02-20 16:41:25] DEBUG: -1	len:5311	cov:4	mult:2
[2026-02-20 16:41:25] DEBUG: 2	len:7373	cov:2	mult:1
[2026-02-20 16:41:25] DEBUG: -2	len:7373	cov:2	mult:1
[2026-02-20 16:41:25] DEBUG: 3	len:4936	cov:2	mult:1
[2026-02-20 16:41:25] DEBUG: -3	len:4936	cov:2	mult:1
[2026-02-20 16:41:25] DEBUG: 4	len:3150	cov:2	mult:1
[2026-02-20 16:41:25] DEBUG: -4	len:3150	cov:2	mult:1
[2026-02-20 16:41:25] DEBUG: 6	len:915	cov:5	mult:2.5
[2026-02-20 16:41:25] DEBUG: -6	len:915	cov:5	mult:2.5
[2026-02-20 16:41:25] DEBUG: 7	len:9289	cov:1	mult:0.5
[2026-02-20 16:41:25] DEBUG: -7	len:9289	cov:1	mult:0.5
[2026-02-20 16:41:25] DEBUG: 8	len:7653	cov:1	mult:0.5
[2026-02-20 16:41:25] DEBUG: -8	len:7653	cov:1	mult:0.5
[2026-02-20 16:41:25] DEBUG: 9	len:2600	cov:2	mult:1
[2026-02-20 16:41:25] DEBUG: -9	len:2600	cov:2	mult:1
[2026-02-20 16:41:25] DEBUG: 12	len:1915	cov:2	mult:1
[2026-02-20 16:41:25] DEBUG: -12	len:1915	cov:2	mult:1
[2026-02-20 16:41:25] DEBUG: 13	len:9689	cov:2	mult:1
[2026-02-20 16:41:25] DEBUG: -13	len:9689	cov:2	mult:1
[2026-02-20 16:41:25] DEBUG: 14	len:1145	cov:5	mult:2.5
[2026-02-20 16:41:25] DEBUG: -14	len:1145	cov:5	mult:2.5
[2026-02-20 16:41:25] DEBUG: 15	len:2137	cov:2	mult:1
[2026-02-20 16:41:25] DEBUG: -15	len:2137	cov:2	mult:1
[2026-02-20 16:41:25] DEBUG: 16	len:1977	cov:2	mult:1
[2026-02-20 16:41:25] DEBUG: -16	len:1977	cov:2	mult:1
[2026-02-20 16:41:25] DEBUG: 17	len:1237	cov:1	mult:0.5
[2026-02-20 16:41:25] DEBUG: -17	len:1237	cov:1	mult:0.5
[2026-02-20 16:41:25] DEBUG: 18	len:3568	cov:1	mult:0.5
[2026-02-20 16:41:25] DEBUG: -18	len:3568	cov:1	mult:0.5
[2026-02-20 16:41:25] DEBUG: 19	len:4024	cov:2	mult:1
[2026-02-20 16:41:25] DEBUG: -19	len:4024	cov:2	mult:1
[2026-02-20 16:41:25] DEBUG: 20	len:9590	cov:2	mult:1
[2026-02-20 16:41:25] DEBUG: -20	len:9590	cov:2	mult:1
[2026-02-20 16:41:25] DEBUG: 21	len:5498	cov:2	mult:1
[2026-02-20 16:41:25] DEBUG: -21	len:5498	cov:2	mult:1
[2026-02-20 16:41:25] DEBUG: 22	len:12583	cov:2	mult:1
[2026-02-20 16:41:25] DEBUG: -22	len:12583	cov:2	mult:1
[2026-02-20 16:41:25] DEBUG: 23	len:4914	cov:1	mult:0.5
[2026-02-20 16:41:25] DEBUG: -23	len:4914	cov:1	mult:0.5
[2026-02-20 16:41:25] DEBUG: 24	len:2470	cov:2	mult:1
[2026-02-20 16:41:25] DEBUG: -24	len:2470	cov:2	mult:1
[2026-02-20 16:41:25] DEBUG: 25	len:14020	cov:2	mult:1
[2026-02-20 16:41:25] DEBUG: -25	len:14020	cov:2	mult:1
[2026-02-20 16:41:25] DEBUG: 26	len:6911	cov:2	mult:1
[2026-02-20 16:41:25] DEBUG: -26	len:6911	cov:2	mult:1
[2026-02-20 16:41:25] DEBUG: 27	len:6291	cov:2	mult:1
[2026-02-20 16:41:25] DEBUG: -27	len:6291	cov:2	mult:1
[2026-02-20 16:41:25] DEBUG: 28	len:6328	cov:2	mult:1
[2026-02-20 16:41:25] DEBUG: -28	len:6328	cov:2	mult:1
[2026-02-20 16:41:25] DEBUG: 29	len:5732	cov:2	mult:1
[2026-02-20 16:41:25] DEBUG: -29	len:5732	cov:2	mult:1
[2026-02-20 16:41:25] DEBUG: 30	len:19243	cov:2	mult:1
[2026-02-20 16:41:25] DEBUG: -30	len:19243	cov:2	mult:1
[2026-02-20 16:41:25] DEBUG: 31	len:8706	cov:2	mult:1
[2026-02-20 16:41:25] DEBUG: -31	len:8706	cov:2	mult:1
[2026-02-20 16:41:25] DEBUG: 32	len:19867	cov:2	mult:1
[2026-02-20 16:41:25] DEBUG: -32	len:19867	cov:2	mult:1
[2026-02-20 16:41:25] DEBUG: 33	len:4337	cov:1	mult:0.5
[2026-02-20 16:41:25] DEBUG: -33	len:4337	cov:1	mult:0.5
[2026-02-20 16:41:25] DEBUG: 34	len:7572	cov:1	mult:0.5
[2026-02-20 16:41:25] DEBUG: -34	len:7572	cov:1	mult:0.5
[2026-02-20 16:41:25] DEBUG: 35	len:11933	cov:2	mult:1
[2026-02-20 16:41:25] DEBUG: -35	len:11933	cov:2	mult:1
[2026-02-20 16:41:25] DEBUG: 36	len:10635	cov:2	mult:1
[2026-02-20 16:41:25] DEBUG: -36	len:10635	cov:2	mult:1
[2026-02-20 16:41:25] DEBUG: 37	len:5524	cov:1	mult:0.5
[2026-02-20 16:41:25] DEBUG: -37	len:5524	cov:1	mult:0.5
[2026-02-20 16:41:25] DEBUG: 38	len:9067	cov:2	mult:1
[2026-02-20 16:41:25] DEBUG: -38	len:9067	cov:2	mult:1
[2026-02-20 16:41:25] DEBUG: 39	len:5119	cov:2	mult:1
[2026-02-20 16:41:25] DEBUG: -39	len:5119	cov:2	mult:1
[2026-02-20 16:41:25] DEBUG: 40	len:2406	cov:2	mult:1
[2026-02-20 16:41:25] DEBUG: -40	len:2406	cov:2	mult:1
[2026-02-20 16:41:25] DEBUG: 41	len:6671	cov:2	mult:1
[2026-02-20 16:41:25] DEBUG: -41	len:6671	cov:2	mult:1
[2026-02-20 16:41:25] DEBUG: 42	len:6072	cov:1	mult:0.5
[2026-02-20 16:41:25] DEBUG: -42	len:6072	cov:1	mult:0.5
[2026-02-20 16:41:25] DEBUG: 43	len:20345	cov:2	mult:1
[2026-02-20 16:41:25] DEBUG: -43	len:20345	cov:2	mult:1
[2026-02-20 16:41:25] DEBUG: 44	len:4651	cov:2	mult:1
[2026-02-20 16:41:25] DEBUG: -44	len:4651	cov:2	mult:1
[2026-02-20 16:41:25] DEBUG: 45	len:4480	cov:2	mult:1
[2026-02-20 16:41:25] DEBUG: -45	len:4480	cov:2	mult:1
[2026-02-20 16:41:25] DEBUG: 46	len:3319	cov:2	mult:1
[2026-02-20 16:41:25] DEBUG: -46	len:3319	cov:2	mult:1
[2026-02-20 16:41:25] DEBUG: 47	len:9224	cov:1	mult:0.5
[2026-02-20 16:41:25] DEBUG: -47	len:9224	cov:1	mult:0.5
[2026-02-20 16:41:25] DEBUG: 48	len:17839	cov:2	mult:1
[2026-02-20 16:41:25] DEBUG: -48	len:17839	cov:2	mult:1
[2026-02-20 16:41:25] DEBUG: 49	len:3855	cov:2	mult:1
[2026-02-20 16:41:25] DEBUG: -49	len:3855	cov:2	mult:1
[2026-02-20 16:41:25] DEBUG: 50	len:1636	cov:3	mult:1.5
[2026-02-20 16:41:25] DEBUG: -50	len:1636	cov:3	mult:1.5
[2026-02-20 16:41:25] DEBUG: 51	len:1881	cov:1	mult:0.5
[2026-02-20 16:41:25] DEBUG: -51	len:1881	cov:1	mult:0.5
[2026-02-20 16:41:25] DEBUG: 52	len:8356	cov:2	mult:1
[2026-02-20 16:41:25] DEBUG: -52	len:8356	cov:2	mult:1
[2026-02-20 16:41:25] DEBUG: 53	len:16515	cov:2	mult:1
[2026-02-20 16:41:25] DEBUG: -53	len:16515	cov:2	mult:1
[2026-02-20 16:41:25] DEBUG: 54	len:9406	cov:2	mult:1
[2026-02-20 16:41:25] DEBUG: -54	len:9406	cov:2	mult:1
[2026-02-20 16:41:25] DEBUG: 55	len:7183	cov:2	mult:1
[2026-02-20 16:41:25] DEBUG: -55	len:7183	cov:2	mult:1
[2026-02-20 16:41:25] DEBUG: 56	len:4435	cov:2	mult:1
[2026-02-20 16:41:25] DEBUG: -56	len:4435	cov:2	mult:1
[2026-02-20 16:41:25] DEBUG: 57	len:5761	cov:2	mult:1
[2026-02-20 16:41:25] DEBUG: -57	len:5761	cov:2	mult:1
[2026-02-20 16:41:25] DEBUG: 58	len:11659	cov:2	mult:1
[2026-02-20 16:41:25] DEBUG: -58	len:11659	cov:2	mult:1
[2026-02-20 16:41:25] DEBUG: 61	len:5117	cov:2	mult:1
[2026-02-20 16:41:25] DEBUG: -61	len:5117	cov:2	mult:1
[2026-02-20 16:41:25] DEBUG: 62	len:8179	cov:2	mult:1
[2026-02-20 16:41:25] DEBUG: -62	len:8179	cov:2	mult:1
[2026-02-20 16:41:25] DEBUG: 63	len:8932	cov:2	mult:1
[2026-02-20 16:41:25] DEBUG: -63	len:8932	cov:2	mult:1
[2026-02-20 16:41:25] DEBUG: 64	len:6196	cov:2	mult:1
[2026-02-20 16:41:25] DEBUG: -64	len:6196	cov:2	mult:1
[2026-02-20 16:41:25] DEBUG: 65	len:13256	cov:2	mult:1
[2026-02-20 16:41:25] DEBUG: -65	len:13256	cov:2	mult:1
[2026-02-20 16:41:25] DEBUG: 66	len:5827	cov:2	mult:1
[2026-02-20 16:41:25] DEBUG: -66	len:5827	cov:2	mult:1
[2026-02-20 16:41:25] DEBUG: 67	len:12994	cov:2	mult:1
[2026-02-20 16:41:25] DEBUG: -67	len:12994	cov:2	mult:1
[2026-02-20 16:41:25] DEBUG: 68	len:16153	cov:2	mult:1
[2026-02-20 16:41:25] DEBUG: -68	len:16153	cov:2	mult:1
[2026-02-20 16:41:25] DEBUG: 69	len:28084	cov:1	mult:0.5
[2026-02-20 16:41:25] DEBUG: -69	len:28084	cov:1	mult:0.5
[2026-02-20 16:41:25] DEBUG: 70	len:9440	cov:2	mult:1
[2026-02-20 16:41:25] DEBUG: -70	len:9440	cov:2	mult:1
[2026-02-20 16:41:25] DEBUG: 71	len:8793	cov:1	mult:0.5
[2026-02-20 16:41:25] DEBUG: -71	len:8793	cov:1	mult:0.5
[2026-02-20 16:41:25] DEBUG: 72	len:4763	cov:2	mult:1
[2026-02-20 16:41:25] DEBUG: -72	len:4763	cov:2	mult:1
[2026-02-20 16:41:25] DEBUG: 73	len:17471	cov:2	mult:1
[2026-02-20 16:41:25] DEBUG: -73	len:17471	cov:2	mult:1
[2026-02-20 16:41:25] DEBUG: 74	len:32109	cov:2	mult:1
[2026-02-20 16:41:25] DEBUG: -74	len:32109	cov:2	mult:1
[2026-02-20 16:41:25] DEBUG: 75	len:11241	cov:2	mult:1
[2026-02-20 16:41:25] DEBUG: -75	len:11241	cov:2	mult:1
[2026-02-20 16:41:25] DEBUG: 76	len:6015	cov:2	mult:1
[2026-02-20 16:41:25] DEBUG: -76	len:6015	cov:2	mult:1
[2026-02-20 16:41:25] DEBUG: 77	len:4572	cov:2	mult:1
[2026-02-20 16:41:25] DEBUG: -77	len:4572	cov:2	mult:1
[2026-02-20 16:41:25] DEBUG: 78	len:1683	cov:2	mult:1
[2026-02-20 16:41:25] DEBUG: -78	len:1683	cov:2	mult:1
[2026-02-20 16:41:25] DEBUG: 79	len:1466	cov:2	mult:1
[2026-02-20 16:41:25] DEBUG: -79	len:1466	cov:2	mult:1
[2026-02-20 16:41:25] DEBUG: 80	len:1732	cov:5	mult:2.5
[2026-02-20 16:41:25] DEBUG: -80	len:1732	cov:5	mult:2.5
[2026-02-20 16:41:25] DEBUG: 81	len:7247	cov:1	mult:0.5
[2026-02-20 16:41:25] DEBUG: -81	len:7247	cov:1	mult:0.5
[2026-02-20 16:41:25] DEBUG: 82	len:5136	cov:2	mult:1
[2026-02-20 16:41:25] DEBUG: -82	len:5136	cov:2	mult:1
[2026-02-20 16:41:25] DEBUG: 83	len:5249	cov:3	mult:1.5
[2026-02-20 16:41:25] DEBUG: -83	len:5249	cov:3	mult:1.5
[2026-02-20 16:41:25] DEBUG: 84	len:11673	cov:1	mult:0.5
[2026-02-20 16:41:25] DEBUG: -84	len:11673	cov:1	mult:0.5
[2026-02-20 16:41:25] DEBUG: 85	len:17226	cov:2	mult:1
[2026-02-20 16:41:25] DEBUG: -85	len:17226	cov:2	mult:1
[2026-02-20 16:41:25] DEBUG: 86	len:14689	cov:1	mult:0.5
[2026-02-20 16:41:25] DEBUG: -86	len:14689	cov:1	mult:0.5
[2026-02-20 16:41:25] DEBUG: 87	len:2248	cov:3	mult:1.5
[2026-02-20 16:41:25] DEBUG: -87	len:2248	cov:3	mult:1.5
[2026-02-20 16:41:25] DEBUG: 88	len:3199	cov:2	mult:1
[2026-02-20 16:41:25] DEBUG: -88	len:3199	cov:2	mult:1
[2026-02-20 16:41:25] DEBUG: 89	len:5517	cov:3	mult:1.5
[2026-02-20 16:41:25] DEBUG: -89	len:5517	cov:3	mult:1.5
[2026-02-20 16:41:25] DEBUG: 90	len:18087	cov:1	mult:0.5
[2026-02-20 16:41:25] DEBUG: -90	len:18087	cov:1	mult:0.5
[2026-02-20 16:41:25] DEBUG: 91	len:5453	cov:2	mult:1
[2026-02-20 16:41:25] DEBUG: -91	len:5453	cov:2	mult:1
[2026-02-20 16:41:25] DEBUG: 92	len:4794	cov:1	mult:0.5
[2026-02-20 16:41:25] DEBUG: -92	len:4794	cov:1	mult:0.5
[2026-02-20 16:41:25] DEBUG: 93	len:13071	cov:2	mult:1
[2026-02-20 16:41:25] DEBUG: -93	len:13071	cov:2	mult:1
[2026-02-20 16:41:25] DEBUG: 94	len:3982	cov:2	mult:1
[2026-02-20 16:41:25] DEBUG: -94	len:3982	cov:2	mult:1
[2026-02-20 16:41:25] DEBUG: 95	len:4507	cov:2	mult:1
[2026-02-20 16:41:25] DEBUG: -95	len:4507	cov:2	mult:1
[2026-02-20 16:41:25] DEBUG: 96	len:4374	cov:2	mult:1
[2026-02-20 16:41:25] DEBUG: -96	len:4374	cov:2	mult:1
[2026-02-20 16:41:25] DEBUG: 97	len:5117	cov:2	mult:1
[2026-02-20 16:41:25] DEBUG: -97	len:5117	cov:2	mult:1
[2026-02-20 16:41:25] DEBUG: 98	len:13468	cov:3	mult:1.5
[2026-02-20 16:41:25] DEBUG: -98	len:13468	cov:3	mult:1.5
[2026-02-20 16:41:25] DEBUG: 99	len:3934	cov:3	mult:1.5
[2026-02-20 16:41:25] DEBUG: -99	len:3934	cov:3	mult:1.5
[2026-02-20 16:41:25] DEBUG: 100	len:5492	cov:2	mult:1
[2026-02-20 16:41:25] DEBUG: -100	len:5492	cov:2	mult:1
[2026-02-20 16:41:25] DEBUG: 101	len:6150	cov:2	mult:1
[2026-02-20 16:41:25] DEBUG: -101	len:6150	cov:2	mult:1
[2026-02-20 16:41:25] DEBUG: 102	len:6937	cov:2	mult:1
[2026-02-20 16:41:25] DEBUG: -102	len:6937	cov:2	mult:1
[2026-02-20 16:41:25] DEBUG: 103	len:7245	cov:2	mult:1
[2026-02-20 16:41:25] DEBUG: -103	len:7245	cov:2	mult:1
[2026-02-20 16:41:25] DEBUG: 104	len:30187	cov:1	mult:0.5
[2026-02-20 16:41:25] DEBUG: -104	len:30187	cov:1	mult:0.5
[2026-02-20 16:41:25] DEBUG: 105	len:10537	cov:1	mult:0.5
[2026-02-20 16:41:25] DEBUG: -105	len:10537	cov:1	mult:0.5
[2026-02-20 16:41:25] DEBUG: 106	len:5383	cov:1	mult:0.5
[2026-02-20 16:41:25] DEBUG: -106	len:5383	cov:1	mult:0.5
[2026-02-20 16:41:25] DEBUG: 107	len:21130	cov:2	mult:1
[2026-02-20 16:41:25] DEBUG: -107	len:21130	cov:2	mult:1
[2026-02-20 16:41:25] DEBUG: 108	len:9439	cov:1	mult:0.5
[2026-02-20 16:41:25] DEBUG: -108	len:9439	cov:1	mult:0.5
[2026-02-20 16:41:25] DEBUG: 109	len:26833	cov:2	mult:1
[2026-02-20 16:41:25] DEBUG: -109	len:26833	cov:2	mult:1
[2026-02-20 16:41:25] DEBUG: 110	len:4170	cov:1	mult:0.5
[2026-02-20 16:41:25] DEBUG: -110	len:4170	cov:1	mult:0.5
[2026-02-20 16:41:25] DEBUG: 111	len:23292	cov:1	mult:0.5
[2026-02-20 16:41:25] DEBUG: -111	len:23292	cov:1	mult:0.5
[2026-02-20 16:41:25] DEBUG: 112	len:3175	cov:2	mult:1
[2026-02-20 16:41:25] DEBUG: -112	len:3175	cov:2	mult:1
[2026-02-20 16:41:25] DEBUG: 113	len:6105	cov:2	mult:1
[2026-02-20 16:41:25] DEBUG: -113	len:6105	cov:2	mult:1
[2026-02-20 16:41:25] DEBUG: 114	len:9075	cov:1	mult:0.5
[2026-02-20 16:41:25] DEBUG: -114	len:9075	cov:1	mult:0.5
[2026-02-20 16:41:25] DEBUG: 115	len:2475	cov:3	mult:1.5
[2026-02-20 16:41:25] DEBUG: -115	len:2475	cov:3	mult:1.5
[2026-02-20 16:41:25] DEBUG: 116	len:8406	cov:1	mult:0.5
[2026-02-20 16:41:25] DEBUG: -116	len:8406	cov:1	mult:0.5
[2026-02-20 16:41:25] DEBUG: 117	len:4817	cov:2	mult:1
[2026-02-20 16:41:25] DEBUG: -117	len:4817	cov:2	mult:1
[2026-02-20 16:41:25] DEBUG: 118	len:15563	cov:1	mult:0.5
[2026-02-20 16:41:25] DEBUG: -118	len:15563	cov:1	mult:0.5
[2026-02-20 16:41:25] DEBUG: 119	len:5501	cov:1	mult:0.5
[2026-02-20 16:41:25] DEBUG: -119	len:5501	cov:1	mult:0.5
[2026-02-20 16:41:25] DEBUG: 120	len:10316	cov:1	mult:0.5
[2026-02-20 16:41:25] DEBUG: -120	len:10316	cov:1	mult:0.5
[2026-02-20 16:41:25] DEBUG: 121	len:14665	cov:2	mult:1
[2026-02-20 16:41:25] DEBUG: -121	len:14665	cov:2	mult:1
[2026-02-20 16:41:25] DEBUG: 122	len:3155	cov:2	mult:1
[2026-02-20 16:41:25] DEBUG: -122	len:3155	cov:2	mult:1
[2026-02-20 16:41:25] DEBUG: 123	len:4601	cov:1	mult:0.5
[2026-02-20 16:41:25] DEBUG: -123	len:4601	cov:1	mult:0.5
[2026-02-20 16:41:25] DEBUG: 124	len:14963	cov:2	mult:1
[2026-02-20 16:41:25] DEBUG: -124	len:14963	cov:2	mult:1
[2026-02-20 16:41:25] DEBUG: 125	len:3182	cov:1	mult:0.5
[2026-02-20 16:41:25] DEBUG: -125	len:3182	cov:1	mult:0.5
[2026-02-20 16:41:25] DEBUG: 126	len:32692	cov:2	mult:1
[2026-02-20 16:41:25] DEBUG: -126	len:32692	cov:2	mult:1
[2026-02-20 16:41:25] DEBUG: 127	len:2269	cov:2	mult:1
[2026-02-20 16:41:25] DEBUG: -127	len:2269	cov:2	mult:1
[2026-02-20 16:41:25] DEBUG: 128	len:27922	cov:1	mult:0.5
[2026-02-20 16:41:25] DEBUG: -128	len:27922	cov:1	mult:0.5
[2026-02-20 16:41:25] DEBUG: 129	len:10849	cov:4	mult:2
[2026-02-20 16:41:25] DEBUG: -129	len:10849	cov:4	mult:2
[2026-02-20 16:41:25] DEBUG: 130	len:2420	cov:2	mult:1
[2026-02-20 16:41:25] DEBUG: -130	len:2420	cov:2	mult:1
[2026-02-20 16:41:25] DEBUG: 131	len:13121	cov:2	mult:1
[2026-02-20 16:41:25] DEBUG: -131	len:13121	cov:2	mult:1
[2026-02-20 16:41:25] DEBUG: 132	len:6975	cov:2	mult:1
[2026-02-20 16:41:25] DEBUG: -132	len:6975	cov:2	mult:1
[2026-02-20 16:41:25] DEBUG: 133	len:5149	cov:1	mult:0.5
[2026-02-20 16:41:25] DEBUG: -133	len:5149	cov:1	mult:0.5
[2026-02-20 16:41:25] DEBUG: 134	len:7318	cov:2	mult:1
[2026-02-20 16:41:25] DEBUG: -134	len:7318	cov:2	mult:1
[2026-02-20 16:41:25] DEBUG: 135	len:5446	cov:2	mult:1
[2026-02-20 16:41:25] DEBUG: -135	len:5446	cov:2	mult:1
[2026-02-20 16:41:25] DEBUG: 136	len:14886	cov:1	mult:0.5
[2026-02-20 16:41:25] DEBUG: -136	len:14886	cov:1	mult:0.5
[2026-02-20 16:41:25] DEBUG: 137	len:4829	cov:19	mult:9.5
[2026-02-20 16:41:25] DEBUG: -137	len:4829	cov:19	mult:9.5
[2026-02-20 16:41:25] DEBUG: 138	len:8757	cov:7	mult:3.5
[2026-02-20 16:41:25] DEBUG: -138	len:8757	cov:7	mult:3.5
[2026-02-20 16:41:25] DEBUG: Unique coverage threshold 3
[2026-02-20 16:41:25] INFO: Simplifying the graph
[2026-02-20 16:41:25] DEBUG: Read coverage cutoff: 3
[2026-02-20 16:41:25] DEBUG: [SIMPL] Removed 114 paths with low coverage
[2026-02-20 16:41:25] DEBUG: Bubble-loop: {78,1683,2} {80,1732,5}
[2026-02-20 16:41:25] DEBUG: 	Internal: {79,1466,2}
[2026-02-20 16:41:25] DEBUG: [SIMPL] Masked 1 heterozygous loops
[2026-02-20 16:41:25] DEBUG: [SIMPL] Masked 0 simple bubbles
[2026-02-20 16:41:25] DEBUG: [SIMPL] Masked 0 roundabouts
[2026-02-20 16:41:25] DEBUG: [SIMPL] Masked 0 superbubbles
[2026-02-20 16:41:25] DEBUG: Finding repeats
[2026-02-20 16:41:25] DEBUG: Read coverage cutoff: 3
[2026-02-20 16:41:25] DEBUG: Low-coverage: 4 2
[2026-02-20 16:41:25] DEBUG: Low-coverage: 49 -> 50 2
[2026-02-20 16:41:25] DEBUG: Low-coverage: 78 2
[2026-02-20 16:41:25] DEBUG: Low-coverage: 79 2
[2026-02-20 16:41:25] DEBUG: Short-loop: 79
[2026-02-20 16:41:25] DEBUG: Haplo-edge: 79
[2026-02-20 16:41:25] DEBUG: Repeat detection iteration 1
[2026-02-20 16:41:25] DEBUG: Starting 137 aln:7
[2026-02-20 16:41:25] DEBUG: 	      12	num:2	flank:3173	span:5
[2026-02-20 16:41:25] DEBUG: 	      -6	num:5	flank:1660	span:29
[2026-02-20 16:41:25] DEBUG: Mult: 137	4829	19	 (0,1)
[2026-02-20 16:41:25] DEBUG: Repeat detection iteration 2
[2026-02-20 16:41:25] DEBUG: Writing Dot
[2026-02-20 16:41:25] DEBUG: Writing FASTA
[2026-02-20 16:41:25] DEBUG: Writing Gfa
[2026-02-20 16:41:25] DEBUG: 	Connection 4	12	2
[2026-02-20 16:41:25] DEBUG: [SIMPL] Resolved 1 simple repeats
[2026-02-20 16:41:25] DEBUG: [SIMPL] == Iteration 1 ==
[2026-02-20 16:41:25] DEBUG: Splitting nodes
[2026-02-20 16:41:25] DEBUG: [SIMPL] Split 1 nodes
[2026-02-20 16:41:25] DEBUG: [SIMPL] Disconnected 0 minor paths
[2026-02-20 16:41:25] DEBUG: [SIMPL] Clipped 0 short and 0 long tips
[2026-02-20 16:41:25] DEBUG: [SIMPL] Masked 0 heterozygous loops
[2026-02-20 16:41:25] DEBUG: [SIMPL] Masked 0 simple bubbles
[2026-02-20 16:41:25] DEBUG: [SIMPL] Masked 0 roundabouts
[2026-02-20 16:41:25] DEBUG: [SIMPL] Masked 0 superbubbles
[2026-02-20 16:41:25] DEBUG: Finding repeats
[2026-02-20 16:41:25] DEBUG: Read coverage cutoff: 3
[2026-02-20 16:41:25] DEBUG: Low-coverage: 4 -> 139 -> 12 -> 14 2
[2026-02-20 16:41:25] DEBUG: Low-coverage: 49 -> 50 2
[2026-02-20 16:41:25] DEBUG: Repeat detection iteration 1
[2026-02-20 16:41:25] DEBUG: Repeat detection iteration 2
[2026-02-20 16:41:25] DEBUG: Total unique edges: 14
[2026-02-20 16:41:25] DEBUG: [SIMPL] Resolved repeats: 0
[2026-02-20 16:41:25] DEBUG: RR links: 0
[2026-02-20 16:41:25] DEBUG: Unresolved: 0
[2026-02-20 16:41:25] DEBUG: Removed 0 simple and 0 double chimeric junctions
[2026-02-20 16:41:25] DEBUG: [SIMPL] == Iteration 2 ==
[2026-02-20 16:41:25] DEBUG: Splitting nodes
[2026-02-20 16:41:25] DEBUG: [SIMPL] Split 0 nodes
[2026-02-20 16:41:25] DEBUG: [SIMPL] Disconnected 0 minor paths
[2026-02-20 16:41:25] DEBUG: [SIMPL] Clipped 0 short and 0 long tips
[2026-02-20 16:41:25] DEBUG: [SIMPL] Masked 0 heterozygous loops
[2026-02-20 16:41:25] DEBUG: [SIMPL] Masked 0 simple bubbles
[2026-02-20 16:41:25] DEBUG: [SIMPL] Masked 0 roundabouts
[2026-02-20 16:41:25] DEBUG: [SIMPL] Masked 0 superbubbles
[2026-02-20 16:41:25] DEBUG: Finding repeats
[2026-02-20 16:41:25] DEBUG: Read coverage cutoff: 3
[2026-02-20 16:41:25] DEBUG: Low-coverage: 4 -> 139 -> 12 -> 14 2
[2026-02-20 16:41:25] DEBUG: Low-coverage: 49 -> 50 2
[2026-02-20 16:41:25] DEBUG: Repeat detection iteration 1
[2026-02-20 16:41:25] DEBUG: Repeat detection iteration 2
[2026-02-20 16:41:25] DEBUG: Total unique edges: 14
[2026-02-20 16:41:25] DEBUG: [SIMPL] Resolved repeats: 0
[2026-02-20 16:41:25] DEBUG: RR links: 0
[2026-02-20 16:41:25] DEBUG: Unresolved: 0
[2026-02-20 16:41:25] DEBUG: Removed 0 simple and 0 double chimeric junctions
[2026-02-20 16:41:25] DEBUG: [SIMPL] Simplified 0 forks
[2026-02-20 16:41:25] DEBUG: [SIMPL] Collapsed 0 haplotypes
[2026-02-20 16:41:25] DEBUG: [SIMPL] Resolved 0 simple repeats
[2026-02-20 16:41:25] DEBUG: Read coverage cutoff: 3
[2026-02-20 16:41:25] DEBUG: [SIMPL] Removed 2 paths with low coverage
[2026-02-20 16:41:25] DEBUG: Finding repeats
[2026-02-20 16:41:25] DEBUG: Read coverage cutoff: 3
[2026-02-20 16:41:25] DEBUG: Repeat detection iteration 1
[2026-02-20 16:41:25] DEBUG: Repeat detection iteration 2
[2026-02-20 16:41:25] DEBUG: Writing Dot
[2026-02-20 16:41:25] DEBUG: Writing FASTA
[2026-02-20 16:41:25] DEBUG: Peak RAM usage: 0 Gb
-----------End assembly log------------
[2026-02-20 16:41:25] root: INFO: >>>STAGE: contigger
[2026-02-20 16:41:25] root: INFO: Generating contigs
[2026-02-20 16:41:25] root: DEBUG: -----Begin contigger analyser log------
[2026-02-20 16:41:25] root: DEBUG: Running: flye-modules contigger --graph-edges /scratch/ky/characterization/results/barcode08/assembly/20-repeat/repeat_graph_edges.fasta --reads /scratch/ky/characterization/FASTQ/SQK-RBK114-96_barcode08.fastq --out-dir /scratch/ky/characterization/results/barcode08/assembly/30-contigger --config /data/softs/Miniforge3-25.11.0-0/envs/flye-2.9.6/lib/python3.12/site-packages/flye/config/bin_cfg/asm_nano_hq.cfg --repeat-graph /scratch/ky/characterization/results/barcode08/assembly/20-repeat/repeat_graph_dump --graph-aln /scratch/ky/characterization/results/barcode08/assembly/20-repeat/read_alignment_dump --log /scratch/ky/characterization/results/barcode08/assembly/flye.log --threads 16 --min-ovlp 1000
[2026-02-20 16:41:25] DEBUG: Build date: May  4 2025 23:18:25
[2026-02-20 16:41:25] DEBUG: Total RAM: 251 Gb
[2026-02-20 16:41:25] DEBUG: Available RAM: 247 Gb
[2026-02-20 16:41:25] DEBUG: Total CPUs: 32
[2026-02-20 16:41:25] DEBUG: Loading /data/softs/Miniforge3-25.11.0-0/envs/flye-2.9.6/lib/python3.12/site-packages/flye/config/bin_cfg/asm_nano_hq.cfg
[2026-02-20 16:41:25] DEBUG: Loading /data/softs/Miniforge3-25.11.0-0/envs/flye-2.9.6/lib/python3.12/site-packages/flye/config/bin_cfg/asm_defaults.cfg
[2026-02-20 16:41:25] DEBUG: 	big_genome_threshold=29000000
[2026-02-20 16:41:25] DEBUG: 	meta_read_filter_kmer_freq=100
[2026-02-20 16:41:25] DEBUG: 	chain_large_gap_penalty=2
[2026-02-20 16:41:25] DEBUG: 	chain_small_gap_penalty=0.5
[2026-02-20 16:41:25] DEBUG: 	chain_gap_jump_threshold=100
[2026-02-20 16:41:25] DEBUG: 	max_jump_gap=500
[2026-02-20 16:41:25] DEBUG: 	max_coverage_drop_rate=5
[2026-02-20 16:41:25] DEBUG: 	max_extensions_drop_rate=5
[2026-02-20 16:41:25] DEBUG: 	chimera_window=100
[2026-02-20 16:41:25] DEBUG: 	chimera_overhang=1000
[2026-02-20 16:41:25] DEBUG: 	min_reads_in_disjointig=4
[2026-02-20 16:41:25] DEBUG: 	max_inner_reads=10
[2026-02-20 16:41:25] DEBUG: 	max_inner_fraction=0.25
[2026-02-20 16:41:25] DEBUG: 	aggressive_dup_filter=1
[2026-02-20 16:41:25] DEBUG: 	max_separation=500
[2026-02-20 16:41:25] DEBUG: 	unique_edge_length=50000
[2026-02-20 16:41:25] DEBUG: 	min_repeat_res_support=0.51
[2026-02-20 16:41:25] DEBUG: 	out_paths_ratio=5
[2026-02-20 16:41:25] DEBUG: 	graph_cov_drop_rate=5
[2026-02-20 16:41:25] DEBUG: 	coverage_estimate_window=100
[2026-02-20 16:41:25] DEBUG: 	max_bubble_length=50000
[2026-02-20 16:41:25] DEBUG: 	loop_coverage_rate=1.5
[2026-02-20 16:41:25] DEBUG: 	repeat_edge_cov_mult=1.75
[2026-02-20 16:41:25] DEBUG: 	weak_detach_rate=5
[2026-02-20 16:41:25] DEBUG: 	tip_coverage_rate=2
[2026-02-20 16:41:25] DEBUG: 	tip_length_rate=2
[2026-02-20 16:41:25] DEBUG: 	output_gfa_before_rr=1
[2026-02-20 16:41:25] DEBUG: 	remove_alt_edges=0
[2026-02-20 16:41:25] DEBUG: 	low_cutoff_warning=0
[2026-02-20 16:41:25] DEBUG: 	kmer_size=17
[2026-02-20 16:41:25] DEBUG: 	use_minimizers=1
[2026-02-20 16:41:25] DEBUG: 	minimizer_window=10
[2026-02-20 16:41:25] DEBUG: 	reads_base_alignment=1
[2026-02-20 16:41:25] DEBUG: 	meta_read_top_kmer_rate=0.75
[2026-02-20 16:41:25] DEBUG: 	maximum_jump=1500
[2026-02-20 16:41:25] DEBUG: 	maximum_overhang=1500
[2026-02-20 16:41:25] DEBUG: 	repeat_kmer_rate=100
[2026-02-20 16:41:25] DEBUG: 	assemble_ovlp_divergence=0.03
[2026-02-20 16:41:25] DEBUG: 	assemble_divergence_relative=1
[2026-02-20 16:41:25] DEBUG: 	repeat_graph_ovlp_divergence=0.03
[2026-02-20 16:41:25] DEBUG: 	read_align_ovlp_divergence=0.10
[2026-02-20 16:41:25] DEBUG: 	hpc_scoring_on=1
[2026-02-20 16:41:25] DEBUG: 	add_unassembled_reads=0
[2026-02-20 16:41:25] DEBUG: 	extend_contigs_with_repeats=0
[2026-02-20 16:41:25] DEBUG: 	min_read_cov_cutoff=3
[2026-02-20 16:41:25] DEBUG: 	short_tip_length=20000
[2026-02-20 16:41:25] DEBUG: 	long_tip_length=100000
[2026-02-20 16:41:25] DEBUG: Running with k-mer size: 17
[2026-02-20 16:41:25] DEBUG: Selected minimum overlap 1000
[2026-02-20 16:41:25] INFO: Reading sequences
[2026-02-20 16:41:25] DEBUG: Building positional index
[2026-02-20 16:41:25] DEBUG: Total sequence: 5390262 bp
[2026-02-20 16:41:25] DEBUG: Flipped 0
[2026-02-20 16:41:25] DEBUG: UPath 1: 1
[2026-02-20 16:41:25] DEBUG: UPath 2: -137 -> 6
[2026-02-20 16:41:25] DEBUG: UPath 3: 78 -> 79 -> 80
[2026-02-20 16:41:25] DEBUG: UPath 4: 83
[2026-02-20 16:41:25] DEBUG: UPath 5: 87
[2026-02-20 16:41:25] DEBUG: UPath 6: 89
[2026-02-20 16:41:25] DEBUG: UPath 7: 98
[2026-02-20 16:41:25] DEBUG: UPath 8: 99
[2026-02-20 16:41:25] DEBUG: UPath 9: 115
[2026-02-20 16:41:25] DEBUG: UPath 10: 129
[2026-02-20 16:41:25] DEBUG: UPath 11: 138
[2026-02-20 16:41:25] DEBUG: Final graph contains 11 egdes
[2026-02-20 16:41:25] DEBUG: Extending contigs into repeats
[2026-02-20 16:41:25] DEBUG: Covered 0 repetitive contigs
[2026-02-20 16:41:25] INFO: Generated 11 contigs
[2026-02-20 16:41:25] DEBUG: Writing FASTA
[2026-02-20 16:41:25] DEBUG: Generating scaffold connections
[2026-02-20 16:41:25] INFO: Added 0 scaffold connections
[2026-02-20 16:41:25] DEBUG: Writing Dot
[2026-02-20 16:41:25] DEBUG: Writing FASTA
[2026-02-20 16:41:25] DEBUG: Writing Gfa
[2026-02-20 16:41:25] DEBUG: Peak RAM usage: 0 Gb
-----------End assembly log------------
[2026-02-20 16:41:25] root: INFO: >>>STAGE: polishing
[2026-02-20 16:41:25] root: INFO: Polishing genome (1/1)
[2026-02-20 16:41:25] root: INFO: Running minimap2
[2026-02-20 16:41:26] root: INFO: Separating alignment into bubbles
[2026-02-20 16:41:26] root: DEBUG: Generated 4348 bubbles
[2026-02-20 16:41:26] root: DEBUG: Split 0 long bubbles
[2026-02-20 16:41:26] root: DEBUG: Skipped 1 empty bubbles
[2026-02-20 16:41:26] root: DEBUG: Skipped 0 bubbles with long branches
[2026-02-20 16:41:26] root: INFO: Alignment error rate: 0.018897
[2026-02-20 16:41:26] root: INFO: Correcting bubbles
[2026-02-20 16:41:26] root: DEBUG: Mean contig coverage: 5, selected threshold: 3
[2026-02-20 16:41:26] root: DEBUG: Filtered 0 contigs of total length 0
[2026-02-20 16:41:26] root: DEBUG: Generating polished GFA
[2026-02-20 16:41:26] root: DEBUG: 0 sequences remained unpolished
[2026-02-20 16:41:26] root: INFO: >>>STAGE: finalize
[2026-02-20 16:41:26] root: DEBUG: ---Output dir contents:----
[2026-02-20 16:41:26] root: DEBUG: assembly/
[2026-02-20 16:41:26] root: DEBUG:     96.0 K      flye.log
[2026-02-20 16:41:26] root: DEBUG:     92.0 B      params.json
[2026-02-20 16:41:26] root: DEBUG:     2.0 K       assembly_graph.gv
[2026-02-20 16:41:26] root: DEBUG:     66.0 K      assembly_graph.gfa
[2026-02-20 16:41:26] root: DEBUG:     67.0 K      assembly.fasta
[2026-02-20 16:41:26] root: DEBUG:     00-assembly/
[2026-02-20 16:41:26] root: DEBUG:         1.0 M       draft_assembly.fasta
[2026-02-20 16:41:26] root: DEBUG:         3.0 K       draft_assembly.fasta.fai
[2026-02-20 16:41:26] root: DEBUG:     10-consensus/
[2026-02-20 16:41:26] root: DEBUG:         968.0 B     minimap.stderr
[2026-02-20 16:41:26] root: DEBUG:         1.0 K       minimap.bam.csi
[2026-02-20 16:41:26] root: DEBUG:         1.0 M       consensus.fasta
[2026-02-20 16:41:26] root: DEBUG:     20-repeat/
[2026-02-20 16:41:26] root: DEBUG:         4.0 K       graph_before_rr.gv
[2026-02-20 16:41:26] root: DEBUG:         79.0 K      graph_before_rr.fasta
[2026-02-20 16:41:26] root: DEBUG:         79.0 K      graph_before_rr.gfa
[2026-02-20 16:41:26] root: DEBUG:         3.0 K       graph_after_rr.gv
[2026-02-20 16:41:26] root: DEBUG:         3.0 K       repeat_graph_dump
[2026-02-20 16:41:26] root: DEBUG:         146.0 K     read_alignment_dump
[2026-02-20 16:41:26] root: DEBUG:         1.0 M       repeat_graph_edges.fasta
[2026-02-20 16:41:26] root: DEBUG:     30-contigger/
[2026-02-20 16:41:26] root: DEBUG:         67.0 K      contigs.fasta
[2026-02-20 16:41:26] root: DEBUG:         425.0 B     contigs_stats.txt
[2026-02-20 16:41:26] root: DEBUG:         0.0 B       scaffolds_links.txt
[2026-02-20 16:41:26] root: DEBUG:         2.0 K       graph_final.gv
[2026-02-20 16:41:26] root: DEBUG:         67.0 K      graph_final.fasta
[2026-02-20 16:41:26] root: DEBUG:         67.0 K      graph_final.gfa
[2026-02-20 16:41:26] root: DEBUG:         286.0 B     contigs.fasta.fai
[2026-02-20 16:41:26] root: DEBUG:     40-polishing/
[2026-02-20 16:41:26] root: DEBUG:         923.0 B     minimap.stderr
[2026-02-20 16:41:26] root: DEBUG:         242.0 B     minimap_1.bam.csi
[2026-02-20 16:41:26] root: DEBUG:         207.0 B     contigs_stats.txt
[2026-02-20 16:41:26] root: DEBUG:         20.0 K      base_coverage.bed.gz
[2026-02-20 16:41:26] root: DEBUG:         67.0 K      filtered_contigs.fasta
[2026-02-20 16:41:26] root: DEBUG:         207.0 B     filtered_stats.txt
[2026-02-20 16:41:26] root: DEBUG:         286.0 B     filtered_contigs.fasta.fai
[2026-02-20 16:41:26] root: DEBUG:         215.0 B     edges_aln.bam.csi
[2026-02-20 16:41:26] root: DEBUG:         66.0 K      polished_edges.gfa
[2026-02-20 16:41:26] root: DEBUG: --------------------------
[2026-02-20 16:41:26] root: INFO: Assembly statistics:

	Total length:	68057
	Fragments:	11
	Fragments N50:	5519
	Largest frg:	13479
	Scaffolds:	0
	Mean coverage:	5

[2026-02-20 16:41:26] root: INFO: Final assembly: /scratch/ky/characterization/results/barcode08/assembly/assembly.fasta
