[2026-02-20 16:40:16] root: INFO: Starting Flye 2.9.6-b1802
[2026-02-20 16:40:16] root: DEBUG: Cmd: /data/softs/Miniforge3-25.11.0-0/envs/flye-2.9.6/bin/flye --meta --nano-hq /scratch/ky/characterization/FASTQ/SQK-RBK114-96_barcode05.fastq -o /scratch/ky/characterization/results/barcode05/assembly/ -t 16
[2026-02-20 16:40:16] root: DEBUG: Python version: 3.12.12 | packaged by conda-forge | (main, Jan 26 2026, 23:51:32) [GCC 14.3.0]
[2026-02-20 16:40:16] root: INFO: >>>STAGE: configure
[2026-02-20 16:40:16] root: INFO: Configuring run
[2026-02-20 16:40:16] root: INFO: Total read length: 8298452
[2026-02-20 16:40:16] root: INFO: Reads N50/N90: 3753 / 648
[2026-02-20 16:40:16] root: INFO: Minimum overlap set to 1000
[2026-02-20 16:40:16] root: INFO: >>>STAGE: assembly
[2026-02-20 16:40:16] root: INFO: Assembling disjointigs
[2026-02-20 16:40:16] root: DEBUG: -----Begin assembly log------
[2026-02-20 16:40:16] root: DEBUG: Running: flye-modules assemble --reads /scratch/ky/characterization/FASTQ/SQK-RBK114-96_barcode05.fastq --out-asm /scratch/ky/characterization/results/barcode05/assembly/00-assembly/draft_assembly.fasta --config /data/softs/Miniforge3-25.11.0-0/envs/flye-2.9.6/lib/python3.12/site-packages/flye/config/bin_cfg/asm_nano_hq.cfg --log /scratch/ky/characterization/results/barcode05/assembly/flye.log --threads 16 --meta --min-ovlp 1000
[2026-02-20 16:40:16] DEBUG: Build date: May  4 2025 23:17:52
[2026-02-20 16:40:16] DEBUG: Total RAM: 251 Gb
[2026-02-20 16:40:16] DEBUG: Available RAM: 247 Gb
[2026-02-20 16:40:16] DEBUG: Total CPUs: 32
[2026-02-20 16:40:16] DEBUG: Loading /data/softs/Miniforge3-25.11.0-0/envs/flye-2.9.6/lib/python3.12/site-packages/flye/config/bin_cfg/asm_nano_hq.cfg
[2026-02-20 16:40:16] DEBUG: Loading /data/softs/Miniforge3-25.11.0-0/envs/flye-2.9.6/lib/python3.12/site-packages/flye/config/bin_cfg/asm_defaults.cfg
[2026-02-20 16:40:16] DEBUG: 	big_genome_threshold=29000000
[2026-02-20 16:40:16] DEBUG: 	meta_read_filter_kmer_freq=100
[2026-02-20 16:40:16] DEBUG: 	chain_large_gap_penalty=2
[2026-02-20 16:40:16] DEBUG: 	chain_small_gap_penalty=0.5
[2026-02-20 16:40:16] DEBUG: 	chain_gap_jump_threshold=100
[2026-02-20 16:40:16] DEBUG: 	max_jump_gap=500
[2026-02-20 16:40:16] DEBUG: 	max_coverage_drop_rate=5
[2026-02-20 16:40:16] DEBUG: 	max_extensions_drop_rate=5
[2026-02-20 16:40:16] DEBUG: 	chimera_window=100
[2026-02-20 16:40:16] DEBUG: 	chimera_overhang=1000
[2026-02-20 16:40:16] DEBUG: 	min_reads_in_disjointig=4
[2026-02-20 16:40:16] DEBUG: 	max_inner_reads=10
[2026-02-20 16:40:16] DEBUG: 	max_inner_fraction=0.25
[2026-02-20 16:40:16] DEBUG: 	aggressive_dup_filter=1
[2026-02-20 16:40:16] DEBUG: 	max_separation=500
[2026-02-20 16:40:16] DEBUG: 	unique_edge_length=50000
[2026-02-20 16:40:16] DEBUG: 	min_repeat_res_support=0.51
[2026-02-20 16:40:16] DEBUG: 	out_paths_ratio=5
[2026-02-20 16:40:16] DEBUG: 	graph_cov_drop_rate=5
[2026-02-20 16:40:16] DEBUG: 	coverage_estimate_window=100
[2026-02-20 16:40:16] DEBUG: 	max_bubble_length=50000
[2026-02-20 16:40:16] DEBUG: 	loop_coverage_rate=1.5
[2026-02-20 16:40:16] DEBUG: 	repeat_edge_cov_mult=1.75
[2026-02-20 16:40:16] DEBUG: 	weak_detach_rate=5
[2026-02-20 16:40:16] DEBUG: 	tip_coverage_rate=2
[2026-02-20 16:40:16] DEBUG: 	tip_length_rate=2
[2026-02-20 16:40:16] DEBUG: 	output_gfa_before_rr=1
[2026-02-20 16:40:16] DEBUG: 	remove_alt_edges=0
[2026-02-20 16:40:16] DEBUG: 	low_cutoff_warning=0
[2026-02-20 16:40:16] DEBUG: 	kmer_size=17
[2026-02-20 16:40:16] DEBUG: 	use_minimizers=1
[2026-02-20 16:40:16] DEBUG: 	minimizer_window=10
[2026-02-20 16:40:16] DEBUG: 	reads_base_alignment=1
[2026-02-20 16:40:16] DEBUG: 	meta_read_top_kmer_rate=0.75
[2026-02-20 16:40:16] DEBUG: 	maximum_jump=1500
[2026-02-20 16:40:16] DEBUG: 	maximum_overhang=1500
[2026-02-20 16:40:16] DEBUG: 	repeat_kmer_rate=100
[2026-02-20 16:40:16] DEBUG: 	assemble_ovlp_divergence=0.03
[2026-02-20 16:40:16] DEBUG: 	assemble_divergence_relative=1
[2026-02-20 16:40:16] DEBUG: 	repeat_graph_ovlp_divergence=0.03
[2026-02-20 16:40:16] DEBUG: 	read_align_ovlp_divergence=0.10
[2026-02-20 16:40:16] DEBUG: 	hpc_scoring_on=1
[2026-02-20 16:40:16] DEBUG: 	add_unassembled_reads=0
[2026-02-20 16:40:16] DEBUG: 	extend_contigs_with_repeats=0
[2026-02-20 16:40:16] DEBUG: 	min_read_cov_cutoff=3
[2026-02-20 16:40:16] DEBUG: 	short_tip_length=20000
[2026-02-20 16:40:16] DEBUG: 	long_tip_length=100000
[2026-02-20 16:40:16] DEBUG: Running with k-mer size: 17
[2026-02-20 16:40:16] DEBUG: Running with minimum overlap 1000
[2026-02-20 16:40:16] DEBUG: Metagenome mode: Y
[2026-02-20 16:40:16] DEBUG: Short mode: N
[2026-02-20 16:40:16] INFO: Reading sequences
[2026-02-20 16:40:16] DEBUG: Building positional index
[2026-02-20 16:40:16] DEBUG: Total sequence: 6935677 bp
[2026-02-20 16:40:16] INFO: Building minimizer index
[2026-02-20 16:40:16] INFO: Pre-calculating index storage
[2026-02-20 16:40:17] DEBUG: Mean k-mer frequency: 1.74741
[2026-02-20 16:40:17] DEBUG: Repetitive k-mer frequency: 174
[2026-02-20 16:40:17] DEBUG: Filtered 8416 repetitive k-mers (0.00671819)
[2026-02-20 16:40:17] INFO: Filling index
[2026-02-20 16:40:17] DEBUG: Sorting k-mer index
[2026-02-20 16:40:17] DEBUG: Selected k-mers: 716891
[2026-02-20 16:40:17] DEBUG: K-mer index size: 1244302
[2026-02-20 16:40:17] DEBUG: Mean k-mer frequency: 1.73569
[2026-02-20 16:40:17] DEBUG: Minimizer rate: 5.57395
[2026-02-20 16:40:17] DEBUG: Peak RAM usage: 0 Gb
[2026-02-20 16:40:17] DEBUG: Estimating k-mer identity bias
[2026-02-20 16:40:17] DEBUG: Initial divergence estimate : 0.00783085
[2026-02-20 16:40:17] DEBUG: Relative threshold: Y
[2026-02-20 16:40:17] DEBUG: Max divergence threshold set to 0.0378309
[2026-02-20 16:40:17] INFO: Extending reads
[2026-02-20 16:40:17] DEBUG: Estimating overlap coverage
[2026-02-20 16:40:18] INFO: Overlap-based coverage: 1
[2026-02-20 16:40:18] INFO: Median overlap divergence: 0.00802422
[2026-02-20 16:40:18] DEBUG: Sequence divergence distribution: 

    |*      |                                                                                            
    |*      |                                                                                            
    |*      |                                                                                            
    |*      |                                                                                            
    |**     |                                                                                            
    |**     |                                                                                            
    |**     |                                                                                            
    |**     |                                                                                            
    |**     |                                                                                            
    |**     |                                                                                            
    |**     |                                                                                            
    |**     |                                                                                            
    |***    |                                                                                            
    |***    |                                                                                            
    |***    |                                                                                            
    |****   |                                                                                            
    |****   |                                                                                            
    |*****  |                                                                                            
    |*******|                                                                                            
    |***************************** *    *  **  *  *                                                      
    ----------------------------------------------------------------------------------------------------
    0%        5%        10%       15%       20%       25%       30%       35%       40%       45%       

    Q25 = 0.004, Q50 = 0.008, Q75 = 0.017

[2026-02-20 16:40:18] DEBUG: Assembled disjointig 1
	With 1 reads
	Start read: +0d66ef13-2b17-44b4-b564-d98099d3c103
	At position: 1
	leftTip: 1 rightTip: 1
	Suspicious: 0
	Short ext: 0
	Mean extensions: 0
	Avg overlap len: 0
	Min overlap len: 0
	Inner reads: 0
	Length: 2295
[2026-02-20 16:40:18] DEBUG: Inner: 4 covered: 84 total: 3984
[2026-02-20 16:40:18] DEBUG: Assembled disjointig 2
	With 1 reads
	Start read: +df89d196-516d-4978-b637-e284b347fd8b
	At position: 1
	leftTip: 1 rightTip: 1
	Suspicious: 0
	Short ext: 0
	Mean extensions: 0
	Avg overlap len: 0
	Min overlap len: 0
	Inner reads: 0
	Length: 2272
[2026-02-20 16:40:18] DEBUG: Inner: 6 covered: 97 total: 3984
[2026-02-20 16:40:18] DEBUG: Assembled disjointig 3
	With 1 reads
	Start read: +f3931ad8-9259-4b9a-a3f2-859ca0b50afd
	At position: 1
	leftTip: 1 rightTip: 1
	Suspicious: 0
	Short ext: 0
	Mean extensions: 0
	Avg overlap len: 0
	Min overlap len: 0
	Inner reads: 0
	Length: 4723
[2026-02-20 16:40:18] DEBUG: Inner: 18 covered: 141 total: 3984
[2026-02-20 16:40:18] DEBUG: Assembled disjointig 4
	With 1 reads
	Start read: +3f1d2df1-faff-4710-bd66-b1763bb99d4c
	At position: 1
	leftTip: 1 rightTip: 1
	Suspicious: 0
	Short ext: 0
	Mean extensions: 0
	Avg overlap len: 0
	Min overlap len: 0
	Inner reads: 0
	Length: 3040
[2026-02-20 16:40:18] DEBUG: Inner: 22 covered: 165 total: 3984
[2026-02-20 16:40:18] DEBUG: Assembled disjointig 5
	With 1 reads
	Start read: +5104c7cd-958e-402b-a879-a9db176903b2
	At position: 1
	leftTip: 1 rightTip: 1
	Suspicious: 0
	Short ext: 0
	Mean extensions: 0
	Avg overlap len: 0
	Min overlap len: 0
	Inner reads: 0
	Length: 2522
[2026-02-20 16:40:18] DEBUG: Inner: 28 covered: 178 total: 3984
[2026-02-20 16:40:18] DEBUG: Assembled disjointig 6
	With 1 reads
	Start read: +4c3ad13e-215c-4803-9a70-b730cda9e5f0
	At position: 1
	leftTip: 1 rightTip: 1
	Suspicious: 0
	Short ext: 0
	Mean extensions: 0
	Avg overlap len: 0
	Min overlap len: 0
	Inner reads: 0
	Length: 2298
[2026-02-20 16:40:18] DEBUG: Inner: 32 covered: 198 total: 3984
[2026-02-20 16:40:18] DEBUG: Assembled disjointig 7
	With 2 reads
	Start read: +cf6a57e7-fba4-48cc-b432-02c81fb15bf7
	At position: 1
	leftTip: 1 rightTip: 1
	Suspicious: 1
	Short ext: 0
	Mean extensions: 0
	Avg overlap len: 3597
	Min overlap len: 3597
	Inner reads: 0
	Length: 7912
[2026-02-20 16:40:18] DEBUG: Inner: 42 covered: 210 total: 3984
[2026-02-20 16:40:18] DEBUG: Assembled disjointig 8
	With 2 reads
	Start read: +542bb71d-e46e-4a3c-b8c3-a48e2efee940
	At position: 1
	leftTip: 1 rightTip: 1
	Suspicious: 1
	Short ext: 0
	Mean extensions: 0
	Avg overlap len: 1823
	Min overlap len: 1823
	Inner reads: 0
	Length: 30717
[2026-02-20 16:40:18] DEBUG: Inner: 64 covered: 258 total: 3984
[2026-02-20 16:40:18] DEBUG: Assembled disjointig 9
	With 4 reads
	Start read: +af00cc02-656f-4622-9e35-07d141acc559
	At position: 2
	leftTip: 1 rightTip: 1
	Suspicious: 3
	Short ext: 0
	Mean extensions: 1
	Avg overlap len: 1215
	Min overlap len: 1043
	Inner reads: 0
	Length: 16339
[2026-02-20 16:40:18] DEBUG: Inner: 88 covered: 282 total: 3984
[2026-02-20 16:40:18] DEBUG: Assembled disjointig 10
	With 1 reads
	Start read: +c004ec56-a536-4779-a647-6b73a538e5c1
	At position: 1
	leftTip: 1 rightTip: 1
	Suspicious: 0
	Short ext: 0
	Mean extensions: 0
	Avg overlap len: 0
	Min overlap len: 0
	Inner reads: 0
	Length: 3601
[2026-02-20 16:40:18] DEBUG: Inner: 92 covered: 298 total: 3984
[2026-02-20 16:40:18] DEBUG: Assembled disjointig 11
	With 2 reads
	Start read: +e7c10793-f16b-4f06-8f3f-a4dbb8b0023b
	At position: 1
	leftTip: 1 rightTip: 0
	Suspicious: 0
	Short ext: 0
	Mean extensions: 2
	Avg overlap len: 4089
	Min overlap len: 4089
	Inner reads: 0
	Length: 8341
[2026-02-20 16:40:18] DEBUG: Inner: 92 covered: 300 total: 3984
[2026-02-20 16:40:18] DEBUG: Assembled disjointig 12
	With 10 reads
	Start read: +49bbcf3b-0211-47de-a973-bd83f496e58f
	At position: 2
	leftTip: 1 rightTip: 1
	Suspicious: 6
	Short ext: 0
	Mean extensions: 1
	Avg overlap len: 2812
	Min overlap len: 1332
	Inner reads: 0
	Length: 78175
[2026-02-20 16:40:18] DEBUG: Inner: 156 covered: 362 total: 3984
[2026-02-20 16:40:18] DEBUG: Assembled disjointig 13
	With 1 reads
	Start read: +5f88cd98-3057-463b-a6a8-e4272b56601f
	At position: 1
	leftTip: 1 rightTip: 1
	Suspicious: 0
	Short ext: 0
	Mean extensions: 1
	Avg overlap len: 0
	Min overlap len: 0
	Inner reads: 0
	Length: 2280
[2026-02-20 16:40:18] DEBUG: Inner: 158 covered: 366 total: 3984
[2026-02-20 16:40:18] DEBUG: Assembled disjointig 14
	With 2 reads
	Start read: +cce109db-5eaa-461d-8647-9989a5c35457
	At position: 1
	leftTip: 1 rightTip: 1
	Suspicious: 1
	Short ext: 0
	Mean extensions: 0
	Avg overlap len: 2290
	Min overlap len: 2290
	Inner reads: 0
	Length: 5444
[2026-02-20 16:40:18] DEBUG: Inner: 162 covered: 374 total: 3984
[2026-02-20 16:40:18] DEBUG: Assembled disjointig 15
	With 1 reads
	Start read: +37634d60-4e28-4682-ba4a-ccaf2fd4676e
	At position: 1
	leftTip: 1 rightTip: 1
	Suspicious: 0
	Short ext: 0
	Mean extensions: 0
	Avg overlap len: 0
	Min overlap len: 0
	Inner reads: 0
	Length: 5623
[2026-02-20 16:40:18] DEBUG: Inner: 172 covered: 385 total: 3984
[2026-02-20 16:40:18] DEBUG: Discarded disjointig with 9 reads and 7 inner overlaps
[2026-02-20 16:40:18] DEBUG: Assembled disjointig 16
	With 2 reads
	Start read: +d1d0fe28-215a-4d50-bf25-2e723932f928
	At position: 1
	leftTip: 1 rightTip: 1
	Suspicious: 1
	Short ext: 0
	Mean extensions: 0
	Avg overlap len: 4157
	Min overlap len: 4157
	Inner reads: 0
	Length: 8925
[2026-02-20 16:40:18] DEBUG: Inner: 178 covered: 405 total: 3984
[2026-02-20 16:40:18] DEBUG: Assembled disjointig 17
	With 9 reads
	Start read: +6638c103-d669-4e4d-a99b-c0784152c510
	At position: 4
	leftTip: 1 rightTip: 1
	Suspicious: 4
	Short ext: 0
	Mean extensions: 1
	Avg overlap len: 3734
	Min overlap len: 1125
	Inner reads: 0
	Length: 35006
[2026-02-20 16:40:18] DEBUG: Inner: 268 covered: 516 total: 3984
[2026-02-20 16:40:18] DEBUG: Discarded disjointig with 5 reads and 3 inner overlaps
[2026-02-20 16:40:18] DEBUG: Assembled disjointig 18
	With 2 reads
	Start read: +adae917c-27f9-4dc8-9020-d529974be5cc
	At position: 1
	leftTip: 1 rightTip: 1
	Suspicious: 1
	Short ext: 0
	Mean extensions: 1
	Avg overlap len: 3045
	Min overlap len: 3045
	Inner reads: 0
	Length: 7192
[2026-02-20 16:40:18] DEBUG: Inner: 290 covered: 538 total: 3984
[2026-02-20 16:40:18] DEBUG: Assembled disjointig 19
	With 4 reads
	Start read: +65669502-8843-4805-8997-1bd0d296db23
	At position: 4
	leftTip: 0 rightTip: 1
	Suspicious: 1
	Short ext: 0
	Mean extensions: 1
	Avg overlap len: 3701
	Min overlap len: 2811
	Inner reads: 0
	Length: 14727
[2026-02-20 16:40:18] DEBUG: Inner: 310 covered: 571 total: 3984
[2026-02-20 16:40:18] DEBUG: Assembled disjointig 20
	With 4 reads
	Start read: +40287ae9-b4ce-469d-96af-179312982c78
	At position: 3
	leftTip: 1 rightTip: 1
	Suspicious: 2
	Short ext: 0
	Mean extensions: 1
	Avg overlap len: 1770
	Min overlap len: 1557
	Inner reads: 0
	Length: 34833
[2026-02-20 16:40:18] DEBUG: Inner: 340 covered: 640 total: 3984
[2026-02-20 16:40:18] DEBUG: Assembled disjointig 21
	With 2 reads
	Start read: +b50819f2-acc2-4a86-8821-39ad5c89c8d7
	At position: 1
	leftTip: 1 rightTip: 0
	Suspicious: 0
	Short ext: 0
	Mean extensions: 2
	Avg overlap len: 4804
	Min overlap len: 4804
	Inner reads: 0
	Length: 19768
[2026-02-20 16:40:18] DEBUG: Inner: 340 covered: 646 total: 3984
[2026-02-20 16:40:18] DEBUG: Assembled disjointig 22
	With 1 reads
	Start read: +9e85164a-ba6e-4757-a16c-ba2e8c1c0481
	At position: 1
	leftTip: 1 rightTip: 1
	Suspicious: 0
	Short ext: 0
	Mean extensions: 0
	Avg overlap len: 0
	Min overlap len: 0
	Inner reads: 0
	Length: 2514
[2026-02-20 16:40:18] DEBUG: Inner: 344 covered: 656 total: 3984
[2026-02-20 16:40:18] DEBUG: Assembled disjointig 23
	With 2 reads
	Start read: +96081197-a6d3-467d-8e52-e88e02e37601
	At position: 1
	leftTip: 1 rightTip: 1
	Suspicious: 1
	Short ext: 0
	Mean extensions: 0
	Avg overlap len: 1607
	Min overlap len: 1607
	Inner reads: 0
	Length: 7395
[2026-02-20 16:40:18] DEBUG: Inner: 352 covered: 664 total: 3984
[2026-02-20 16:40:18] DEBUG: Assembled disjointig 24
	With 3 reads
	Start read: +922af5f1-eb5c-4361-9417-9763ac847a52
	At position: 2
	leftTip: 1 rightTip: 1
	Suspicious: 2
	Short ext: 0
	Mean extensions: 1
	Avg overlap len: 3392
	Min overlap len: 2413
	Inner reads: 0
	Length: 24952
[2026-02-20 16:40:18] DEBUG: Inner: 366 covered: 704 total: 3984
[2026-02-20 16:40:18] DEBUG: Assembled disjointig 25
	With 2 reads
	Start read: +b7e85363-ddaa-4085-af03-398547b16ec2
	At position: 1
	leftTip: 1 rightTip: 1
	Suspicious: 1
	Short ext: 0
	Mean extensions: 1
	Avg overlap len: 3391
	Min overlap len: 3391
	Inner reads: 0
	Length: 12368
[2026-02-20 16:40:18] DEBUG: Inner: 382 covered: 723 total: 3984
[2026-02-20 16:40:18] DEBUG: Assembled disjointig 26
	With 6 reads
	Start read: +271409f3-2530-40bc-8fe1-79d783b6bdeb
	At position: 3
	leftTip: 1 rightTip: 1
	Suspicious: 3
	Short ext: 0
	Mean extensions: 1
	Avg overlap len: 2204
	Min overlap len: 1614
	Inner reads: 0
	Length: 22266
[2026-02-20 16:40:18] DEBUG: Inner: 402 covered: 752 total: 3984
[2026-02-20 16:40:18] DEBUG: Assembled disjointig 27
	With 3 reads
	Start read: +e64ebd91-6dcb-460f-88b1-8617c3fdf55f
	At position: 1
	leftTip: 1 rightTip: 1
	Suspicious: 1
	Short ext: 0
	Mean extensions: 1
	Avg overlap len: 8216
	Min overlap len: 2130
	Inner reads: 0
	Length: 11957
[2026-02-20 16:40:18] DEBUG: Inner: 420 covered: 780 total: 3984
[2026-02-20 16:40:18] DEBUG: Assembled disjointig 28
	With 4 reads
	Start read: +f225619c-7b56-49a4-820d-fa4a6f95164f
	At position: 1
	leftTip: 1 rightTip: 1
	Suspicious: 2
	Short ext: 0
	Mean extensions: 1
	Avg overlap len: 2905
	Min overlap len: 1064
	Inner reads: 0
	Length: 19864
[2026-02-20 16:40:18] DEBUG: Inner: 446 covered: 808 total: 3984
[2026-02-20 16:40:18] DEBUG: Assembled disjointig 29
	With 1 reads
	Start read: +968ffd20-e278-40b2-a884-bec2df3a36be
	At position: 1
	leftTip: 1 rightTip: 1
	Suspicious: 0
	Short ext: 0
	Mean extensions: 1
	Avg overlap len: 0
	Min overlap len: 0
	Inner reads: 0
	Length: 7408
[2026-02-20 16:40:18] DEBUG: Inner: 458 covered: 830 total: 3984
[2026-02-20 16:40:18] DEBUG: Assembled disjointig 30
	With 3 reads
	Start read: +1ceadc52-a62a-481a-9b3a-f00e65281495
	At position: 3
	leftTip: 1 rightTip: 1
	Suspicious: 2
	Short ext: 0
	Mean extensions: 1
	Avg overlap len: 4909
	Min overlap len: 1499
	Inner reads: 0
	Length: 10857
[2026-02-20 16:40:18] DEBUG: Inner: 472 covered: 846 total: 3984
[2026-02-20 16:40:18] DEBUG: Assembled disjointig 31
	With 2 reads
	Start read: +63e511d9-1703-4b4d-95ea-6994b6cadb4e
	At position: 2
	leftTip: 1 rightTip: 1
	Suspicious: 1
	Short ext: 0
	Mean extensions: 0
	Avg overlap len: 2324
	Min overlap len: 2324
	Inner reads: 0
	Length: 7093
[2026-02-20 16:40:18] DEBUG: Inner: 480 covered: 858 total: 3984
[2026-02-20 16:40:18] DEBUG: Assembled disjointig 32
	With 2 reads
	Start read: +3d7620d0-2902-4b5c-ad2a-7ab036249127
	At position: 1
	leftTip: 1 rightTip: 1
	Suspicious: 1
	Short ext: 0
	Mean extensions: 0
	Avg overlap len: 2419
	Min overlap len: 2419
	Inner reads: 0
	Length: 12008
[2026-02-20 16:40:18] DEBUG: Inner: 488 covered: 878 total: 3984
[2026-02-20 16:40:18] DEBUG: Assembled disjointig 33
	With 1 reads
	Start read: +cf9e8875-a7de-4acd-83c1-6196da299987
	At position: 1
	leftTip: 1 rightTip: 1
	Suspicious: 0
	Short ext: 0
	Mean extensions: 0
	Avg overlap len: 0
	Min overlap len: 0
	Inner reads: 0
	Length: 3779
[2026-02-20 16:40:18] DEBUG: Inner: 494 covered: 896 total: 3984
[2026-02-20 16:40:18] DEBUG: Assembled disjointig 34
	With 7 reads
	Start read: +0f814d0f-cbe0-4a9f-b689-c313e05644b2
	At position: 1
	leftTip: 1 rightTip: 1
	Suspicious: 0
	Short ext: 0
	Mean extensions: 6
	Avg overlap len: 6029
	Min overlap len: 2548
	Inner reads: 0
	Length: 22927
[2026-02-20 16:40:18] DEBUG: Inner: 680 covered: 1074 total: 3984
[2026-02-20 16:40:18] DEBUG: Assembled disjointig 35
	With 4 reads
	Start read: +a9ab5ade-8453-4532-80ac-fb54f8f3d232
	At position: 3
	leftTip: 0 rightTip: 1
	Suspicious: 1
	Short ext: 0
	Mean extensions: 1
	Avg overlap len: 2161
	Min overlap len: 2119
	Inner reads: 0
	Length: 10265
[2026-02-20 16:40:18] DEBUG: Inner: 696 covered: 1094 total: 3984
[2026-02-20 16:40:18] DEBUG: Assembled disjointig 36
	With 1 reads
	Start read: +c5dd5588-170e-4969-b253-2dc602c9258d
	At position: 1
	leftTip: 1 rightTip: 1
	Suspicious: 0
	Short ext: 0
	Mean extensions: 0
	Avg overlap len: 0
	Min overlap len: 0
	Inner reads: 0
	Length: 2458
[2026-02-20 16:40:18] DEBUG: Inner: 702 covered: 1104 total: 3984
[2026-02-20 16:40:18] DEBUG: Assembled disjointig 37
	With 2 reads
	Start read: +781c42ce-98aa-4826-af7e-c4c414bdd218
	At position: 1
	leftTip: 1 rightTip: 1
	Suspicious: 1
	Short ext: 0
	Mean extensions: 0
	Avg overlap len: 2360
	Min overlap len: 2360
	Inner reads: 0
	Length: 12272
[2026-02-20 16:40:18] DEBUG: Inner: 712 covered: 1122 total: 3984
[2026-02-20 16:40:18] DEBUG: Assembled disjointig 38
	With 1 reads
	Start read: +43448a0a-3e5e-4e29-abc3-27783132b326
	At position: 1
	leftTip: 1 rightTip: 1
	Suspicious: 0
	Short ext: 0
	Mean extensions: 0
	Avg overlap len: 0
	Min overlap len: 0
	Inner reads: 0
	Length: 2641
[2026-02-20 16:40:18] DEBUG: Inner: 716 covered: 1128 total: 3984
[2026-02-20 16:40:18] DEBUG: Assembled disjointig 39
	With 2 reads
	Start read: +4e82f894-d553-48c3-ac84-08680ccb4dd7
	At position: 1
	leftTip: 1 rightTip: 1
	Suspicious: 1
	Short ext: 0
	Mean extensions: 0
	Avg overlap len: 1984
	Min overlap len: 1984
	Inner reads: 0
	Length: 5117
[2026-02-20 16:40:18] DEBUG: Inner: 732 covered: 1148 total: 3984
[2026-02-20 16:40:18] DEBUG: Assembled disjointig 40
	With 3 reads
	Start read: +e2b1b95f-1f37-448d-a155-87081c8552ae
	At position: 1
	leftTip: 1 rightTip: 1
	Suspicious: 1
	Short ext: 0
	Mean extensions: 3
	Avg overlap len: 6984
	Min overlap len: 2695
	Inner reads: 0
	Length: 14897
[2026-02-20 16:40:18] DEBUG: Inner: 744 covered: 1158 total: 3984
[2026-02-20 16:40:18] DEBUG: Assembled disjointig 41
	With 1 reads
	Start read: +4d495c5b-d45e-44c9-8939-6c9333b7ab6c
	At position: 1
	leftTip: 1 rightTip: 1
	Suspicious: 0
	Short ext: 0
	Mean extensions: 0
	Avg overlap len: 0
	Min overlap len: 0
	Inner reads: 0
	Length: 2487
[2026-02-20 16:40:18] DEBUG: Inner: 748 covered: 1164 total: 3984
[2026-02-20 16:40:18] DEBUG: Assembled disjointig 42
	With 2 reads
	Start read: +6c8649dc-f00b-4a2c-8ee2-3803a4333976
	At position: 1
	leftTip: 1 rightTip: 1
	Suspicious: 1
	Short ext: 0
	Mean extensions: 0
	Avg overlap len: 2174
	Min overlap len: 2174
	Inner reads: 0
	Length: 5807
[2026-02-20 16:40:18] DEBUG: Inner: 752 covered: 1169 total: 3984
[2026-02-20 16:40:18] DEBUG: Assembled disjointig 43
	With 2 reads
	Start read: +9aee9f1e-3130-4519-ad60-9ef59f13dd72
	At position: 1
	leftTip: 1 rightTip: 1
	Suspicious: 1
	Short ext: 0
	Mean extensions: 1
	Avg overlap len: 4516
	Min overlap len: 4516
	Inner reads: 0
	Length: 8176
[2026-02-20 16:40:18] DEBUG: Inner: 764 covered: 1194 total: 3984
[2026-02-20 16:40:18] DEBUG: Assembled disjointig 44
	With 4 reads
	Start read: +72815d0e-b649-4ea6-afac-bb0c75b62f21
	At position: 4
	leftTip: 1 rightTip: 1
	Suspicious: 2
	Short ext: 0
	Mean extensions: 1
	Avg overlap len: 3935
	Min overlap len: 1339
	Inner reads: 0
	Length: 19489
[2026-02-20 16:40:18] DEBUG: Inner: 780 covered: 1226 total: 3984
[2026-02-20 16:40:18] DEBUG: Assembled disjointig 45
	With 2 reads
	Start read: +9f42d742-1f5c-455d-9695-28a23cab0a01
	At position: 2
	leftTip: 1 rightTip: 1
	Suspicious: 1
	Short ext: 0
	Mean extensions: 0
	Avg overlap len: 7107
	Min overlap len: 7107
	Inner reads: 0
	Length: 8786
[2026-02-20 16:40:18] DEBUG: Inner: 792 covered: 1238 total: 3984
[2026-02-20 16:40:18] DEBUG: Assembled disjointig 46
	With 5 reads
	Start read: +9ab4b203-6a7e-4718-8917-33608dbeea7c
	At position: 1
	leftTip: 1 rightTip: 1
	Suspicious: 3
	Short ext: 0
	Mean extensions: 1
	Avg overlap len: 4032
	Min overlap len: 1850
	Inner reads: 0
	Length: 19217
[2026-02-20 16:40:18] DEBUG: Inner: 810 covered: 1262 total: 3984
[2026-02-20 16:40:18] DEBUG: Discarded disjointig with 12 reads and 6 inner overlaps
[2026-02-20 16:40:18] DEBUG: Assembled disjointig 47
	With 2 reads
	Start read: +9540ce41-2dda-4f91-ab9d-74ec9ac66b73
	At position: 2
	leftTip: 0 rightTip: 1
	Suspicious: 0
	Short ext: 0
	Mean extensions: 4
	Avg overlap len: 1452
	Min overlap len: 1452
	Inner reads: 0
	Length: 11041
[2026-02-20 16:40:18] DEBUG: Inner: 816 covered: 1282 total: 3984
[2026-02-20 16:40:18] DEBUG: Assembled disjointig 48
	With 5 reads
	Start read: +d9c90e68-55ea-46a4-b305-79ec6b509dcf
	At position: 5
	leftTip: 1 rightTip: 1
	Suspicious: 4
	Short ext: 0
	Mean extensions: 1
	Avg overlap len: 2232
	Min overlap len: 1388
	Inner reads: 0
	Length: 17928
[2026-02-20 16:40:18] DEBUG: Inner: 830 covered: 1298 total: 3984
[2026-02-20 16:40:18] DEBUG: Assembled disjointig 49
	With 7 reads
	Start read: +9300f4b5-fe75-441d-981d-2cc3f2a8a627
	At position: 6
	leftTip: 1 rightTip: 0
	Suspicious: 1
	Short ext: 0
	Mean extensions: 2
	Avg overlap len: 3853
	Min overlap len: 1378
	Inner reads: 0
	Length: 33343
[2026-02-20 16:40:18] DEBUG: Inner: 902 covered: 1358 total: 3984
[2026-02-20 16:40:18] DEBUG: Assembled disjointig 50
	With 2 reads
	Start read: +bfabfd55-57fe-4479-99e3-8b2afe51f595
	At position: 1
	leftTip: 1 rightTip: 1
	Suspicious: 1
	Short ext: 0
	Mean extensions: 0
	Avg overlap len: 3061
	Min overlap len: 3061
	Inner reads: 0
	Length: 7517
[2026-02-20 16:40:18] DEBUG: Inner: 912 covered: 1371 total: 3984
[2026-02-20 16:40:18] DEBUG: Discarded disjointig with 10 reads and 8 inner overlaps
[2026-02-20 16:40:18] DEBUG: Discarded disjointig with 3 reads and 1 inner overlaps
[2026-02-20 16:40:18] DEBUG: Assembled disjointig 51
	With 2 reads
	Start read: +2a786b03-4d76-4f7a-9fd0-045d16201eae
	At position: 1
	leftTip: 1 rightTip: 1
	Suspicious: 1
	Short ext: 0
	Mean extensions: 0
	Avg overlap len: 4851
	Min overlap len: 4851
	Inner reads: 0
	Length: 8732
[2026-02-20 16:40:18] DEBUG: Inner: 924 covered: 1404 total: 3984
[2026-02-20 16:40:18] DEBUG: Assembled disjointig 52
	With 3 reads
	Start read: +42b97b48-bfbb-42bc-b086-d6f6965d51ee
	At position: 3
	leftTip: 1 rightTip: 1
	Suspicious: 1
	Short ext: 0
	Mean extensions: 1
	Avg overlap len: 5327
	Min overlap len: 1750
	Inner reads: 0
	Length: 9584
[2026-02-20 16:40:18] DEBUG: Inner: 934 covered: 1418 total: 3984
[2026-02-20 16:40:18] DEBUG: Assembled disjointig 53
	With 4 reads
	Start read: +66a814aa-1486-4fb4-ba6a-b9c128b947eb
	At position: 4
	leftTip: 1 rightTip: 1
	Suspicious: 3
	Short ext: 0
	Mean extensions: 1
	Avg overlap len: 1811
	Min overlap len: 1081
	Inner reads: 0
	Length: 13578
[2026-02-20 16:40:18] DEBUG: Inner: 948 covered: 1439 total: 3984
[2026-02-20 16:40:18] DEBUG: Assembled disjointig 54
	With 2 reads
	Start read: +e2fa9240-5b87-4118-bdc7-a78f9603b927
	At position: 1
	leftTip: 1 rightTip: 1
	Suspicious: 1
	Short ext: 0
	Mean extensions: 1
	Avg overlap len: 1903
	Min overlap len: 1903
	Inner reads: 0
	Length: 11631
[2026-02-20 16:40:18] DEBUG: Inner: 954 covered: 1468 total: 3984
[2026-02-20 16:40:18] DEBUG: Assembled disjointig 55
	With 3 reads
	Start read: +79f068d1-5fa3-4f0d-ab84-2f2782b69057
	At position: 2
	leftTip: 1 rightTip: 1
	Suspicious: 2
	Short ext: 0
	Mean extensions: 1
	Avg overlap len: 2338
	Min overlap len: 1182
	Inner reads: 0
	Length: 10087
[2026-02-20 16:40:18] DEBUG: Inner: 972 covered: 1492 total: 3984
[2026-02-20 16:40:18] DEBUG: Assembled disjointig 56
	With 2 reads
	Start read: +7b90b0f2-8ee5-44d2-8d8b-a4f9764696b3
	At position: 1
	leftTip: 1 rightTip: 1
	Suspicious: 1
	Short ext: 0
	Mean extensions: 0
	Avg overlap len: 3603
	Min overlap len: 3603
	Inner reads: 0
	Length: 7486
[2026-02-20 16:40:18] DEBUG: Inner: 978 covered: 1508 total: 3984
[2026-02-20 16:40:18] DEBUG: Assembled disjointig 57
	With 2 reads
	Start read: +85d4f914-a92a-4ecf-9060-9cb68283e223
	At position: 2
	leftTip: 1 rightTip: 1
	Suspicious: 1
	Short ext: 0
	Mean extensions: 0
	Avg overlap len: 3840
	Min overlap len: 3840
	Inner reads: 0
	Length: 7414
[2026-02-20 16:40:18] DEBUG: Inner: 986 covered: 1520 total: 3984
[2026-02-20 16:40:18] DEBUG: Assembled disjointig 58
	With 2 reads
	Start read: +eb995cf1-5d09-4f8c-9765-050ec9bac88a
	At position: 2
	leftTip: 1 rightTip: 1
	Suspicious: 1
	Short ext: 0
	Mean extensions: 0
	Avg overlap len: 4335
	Min overlap len: 4335
	Inner reads: 0
	Length: 12292
[2026-02-20 16:40:18] DEBUG: Inner: 1000 covered: 1536 total: 3984
[2026-02-20 16:40:18] DEBUG: Assembled disjointig 59
	With 1 reads
	Start read: +07638638-0fa3-451a-a31a-77b15f5e0feb
	At position: 1
	leftTip: 1 rightTip: 1
	Suspicious: 0
	Short ext: 0
	Mean extensions: 0
	Avg overlap len: 0
	Min overlap len: 0
	Inner reads: 0
	Length: 6337
[2026-02-20 16:40:18] DEBUG: Inner: 1004 covered: 1542 total: 3984
[2026-02-20 16:40:18] DEBUG: Assembled disjointig 60
	With 2 reads
	Start read: +75781c25-8c5c-471b-a98e-a63eb202189b
	At position: 1
	leftTip: 1 rightTip: 1
	Suspicious: 1
	Short ext: 0
	Mean extensions: 1
	Avg overlap len: 2326
	Min overlap len: 2326
	Inner reads: 0
	Length: 7922
[2026-02-20 16:40:18] DEBUG: Inner: 1012 covered: 1556 total: 3984
[2026-02-20 16:40:18] DEBUG: Assembled disjointig 61
	With 2 reads
	Start read: +e09d0080-e8ac-41a8-a7c3-1563beef8483
	At position: 1
	leftTip: 1 rightTip: 1
	Suspicious: 1
	Short ext: 0
	Mean extensions: 1
	Avg overlap len: 3007
	Min overlap len: 3007
	Inner reads: 0
	Length: 12814
[2026-02-20 16:40:18] DEBUG: Inner: 1024 covered: 1578 total: 3984
[2026-02-20 16:40:18] DEBUG: Assembled disjointig 62
	With 5 reads
	Start read: +39e2f442-a5fb-4cfd-adc6-8349fc569ddb
	At position: 3
	leftTip: 1 rightTip: 1
	Suspicious: 3
	Short ext: 0
	Mean extensions: 1
	Avg overlap len: 1965
	Min overlap len: 1495
	Inner reads: 0
	Length: 19001
[2026-02-20 16:40:18] DEBUG: Inner: 1034 covered: 1590 total: 3984
[2026-02-20 16:40:18] DEBUG: Assembled disjointig 63
	With 4 reads
	Start read: +6f31b296-3f3c-4375-9f0d-b2acbb2f05d5
	At position: 2
	leftTip: 1 rightTip: 1
	Suspicious: 2
	Short ext: 0
	Mean extensions: 1
	Avg overlap len: 3079
	Min overlap len: 1639
	Inner reads: 0
	Length: 11592
[2026-02-20 16:40:18] DEBUG: Inner: 1050 covered: 1608 total: 3984
[2026-02-20 16:40:18] DEBUG: Assembled disjointig 64
	With 3 reads
	Start read: +1fa2b651-909b-4dec-8e66-c54a6432d1e8
	At position: 3
	leftTip: 1 rightTip: 1
	Suspicious: 1
	Short ext: 0
	Mean extensions: 1
	Avg overlap len: 4966
	Min overlap len: 3442
	Inner reads: 0
	Length: 16049
[2026-02-20 16:40:18] DEBUG: Inner: 1062 covered: 1620 total: 3984
[2026-02-20 16:40:18] DEBUG: Assembled disjointig 65
	With 3 reads
	Start read: +0dc0557c-4a42-49ba-81da-7b7c47764bd5
	At position: 2
	leftTip: 1 rightTip: 1
	Suspicious: 1
	Short ext: 0
	Mean extensions: 1
	Avg overlap len: 2147
	Min overlap len: 1518
	Inner reads: 0
	Length: 6434
[2026-02-20 16:40:18] DEBUG: Inner: 1072 covered: 1635 total: 3984
[2026-02-20 16:40:18] DEBUG: Assembled disjointig 66
	With 3 reads
	Start read: +6afec64b-a15e-4ddf-85ea-2a89f93150cc
	At position: 1
	leftTip: 1 rightTip: 1
	Suspicious: 1
	Short ext: 0
	Mean extensions: 1
	Avg overlap len: 5933
	Min overlap len: 1502
	Inner reads: 0
	Length: 10926
[2026-02-20 16:40:18] DEBUG: Inner: 1084 covered: 1650 total: 3984
[2026-02-20 16:40:18] DEBUG: Assembled disjointig 67
	With 3 reads
	Start read: +54cb06f8-8ac1-4a82-83c3-5da6445e4f1c
	At position: 2
	leftTip: 1 rightTip: 1
	Suspicious: 2
	Short ext: 0
	Mean extensions: 1
	Avg overlap len: 5854
	Min overlap len: 1038
	Inner reads: 0
	Length: 11568
[2026-02-20 16:40:18] DEBUG: Inner: 1106 covered: 1668 total: 3984
[2026-02-20 16:40:18] DEBUG: Assembled disjointig 68
	With 2 reads
	Start read: +b10a9692-61df-4d7f-9cf8-79e82191305b
	At position: 1
	leftTip: 1 rightTip: 1
	Suspicious: 1
	Short ext: 0
	Mean extensions: 1
	Avg overlap len: 3493
	Min overlap len: 3493
	Inner reads: 0
	Length: 11245
[2026-02-20 16:40:18] DEBUG: Inner: 1118 covered: 1681 total: 3984
[2026-02-20 16:40:18] DEBUG: Assembled disjointig 69
	With 3 reads
	Start read: +07fc1860-e64c-4ff9-a227-1a49cd815930
	At position: 2
	leftTip: 1 rightTip: 1
	Suspicious: 2
	Short ext: 0
	Mean extensions: 1
	Avg overlap len: 2308
	Min overlap len: 1810
	Inner reads: 0
	Length: 7235
[2026-02-20 16:40:18] DEBUG: Inner: 1128 covered: 1698 total: 3984
[2026-02-20 16:40:18] DEBUG: Assembled disjointig 70
	With 3 reads
	Start read: +5dfbc41a-e9ba-4177-9129-acd62304ba2c
	At position: 2
	leftTip: 1 rightTip: 1
	Suspicious: 1
	Short ext: 0
	Mean extensions: 2
	Avg overlap len: 2597
	Min overlap len: 1147
	Inner reads: 0
	Length: 7177
[2026-02-20 16:40:18] DEBUG: Inner: 1136 covered: 1716 total: 3984
[2026-02-20 16:40:18] DEBUG: Discarded disjointig with 6 reads and 4 inner overlaps
[2026-02-20 16:40:18] DEBUG: Assembled disjointig 71
	With 2 reads
	Start read: +4b1932e9-e2c4-43d7-bc21-b7a9d8570e4f
	At position: 1
	leftTip: 1 rightTip: 1
	Suspicious: 1
	Short ext: 0
	Mean extensions: 1
	Avg overlap len: 3251
	Min overlap len: 3251
	Inner reads: 0
	Length: 6929
[2026-02-20 16:40:18] DEBUG: Inner: 1140 covered: 1811 total: 3984
[2026-02-20 16:40:18] DEBUG: Assembled disjointig 72
	With 2 reads
	Start read: +c26e88df-c137-471c-ba4b-8cc051ef113e
	At position: 2
	leftTip: 1 rightTip: 1
	Suspicious: 1
	Short ext: 0
	Mean extensions: 0
	Avg overlap len: 2356
	Min overlap len: 2356
	Inner reads: 0
	Length: 7825
[2026-02-20 16:40:18] DEBUG: Inner: 1146 covered: 1820 total: 3984
[2026-02-20 16:40:18] DEBUG: Assembled disjointig 73
	With 1 reads
	Start read: +da4405e6-e4a6-4482-a90e-b20a1d8b0ef1
	At position: 1
	leftTip: 1 rightTip: 1
	Suspicious: 0
	Short ext: 0
	Mean extensions: 0
	Avg overlap len: 0
	Min overlap len: 0
	Inner reads: 0
	Length: 2388
[2026-02-20 16:40:18] DEBUG: Inner: 1150 covered: 1822 total: 3984
[2026-02-20 16:40:18] DEBUG: Assembled disjointig 74
	With 4 reads
	Start read: +9fb558e6-0ddf-4c31-8a16-c84749b079e1
	At position: 3
	leftTip: 0 rightTip: 1
	Suspicious: 2
	Short ext: 0
	Mean extensions: 1
	Avg overlap len: 2096
	Min overlap len: 1612
	Inner reads: 0
	Length: 17689
[2026-02-20 16:40:18] DEBUG: Inner: 1160 covered: 1840 total: 3984
[2026-02-20 16:40:18] DEBUG: Assembled disjointig 75
	With 7 reads
	Start read: +0f0d8745-e6d6-41d5-9114-dbfa691250bc
	At position: 3
	leftTip: 1 rightTip: 1
	Suspicious: 5
	Short ext: 0
	Mean extensions: 1
	Avg overlap len: 3349
	Min overlap len: 1049
	Inner reads: 0
	Length: 32036
[2026-02-20 16:40:18] DEBUG: Inner: 1194 covered: 1864 total: 3984
[2026-02-20 16:40:18] DEBUG: Assembled disjointig 76
	With 3 reads
	Start read: +c0bdf4a8-9fc1-482f-b581-9de29f6a02d8
	At position: 1
	leftTip: 1 rightTip: 1
	Suspicious: 1
	Short ext: 0
	Mean extensions: 1
	Avg overlap len: 3936
	Min overlap len: 1241
	Inner reads: 0
	Length: 14063
[2026-02-20 16:40:18] DEBUG: Inner: 1208 covered: 1885 total: 3984
[2026-02-20 16:40:18] DEBUG: Assembled disjointig 77
	With 2 reads
	Start read: +c68c4817-7907-49a0-92e2-cd3480d27275
	At position: 2
	leftTip: 1 rightTip: 1
	Suspicious: 1
	Short ext: 0
	Mean extensions: 0
	Avg overlap len: 1629
	Min overlap len: 1629
	Inner reads: 0
	Length: 10877
[2026-02-20 16:40:18] DEBUG: Inner: 1220 covered: 1900 total: 3984
[2026-02-20 16:40:18] DEBUG: Assembled disjointig 78
	With 4 reads
	Start read: +30ebb678-5bbf-4175-baa7-5b334c9357b9
	At position: 2
	leftTip: 1 rightTip: 1
	Suspicious: 2
	Short ext: 0
	Mean extensions: 1
	Avg overlap len: 2666
	Min overlap len: 1393
	Inner reads: 0
	Length: 11909
[2026-02-20 16:40:18] DEBUG: Inner: 1240 covered: 1912 total: 3984
[2026-02-20 16:40:18] DEBUG: Discarded disjointig with 4 reads and 2 inner overlaps
[2026-02-20 16:40:18] DEBUG: Assembled disjointig 79
	With 2 reads
	Start read: +4453aa8c-3a66-454b-8656-9529b734f7a6
	At position: 1
	leftTip: 1 rightTip: 1
	Suspicious: 1
	Short ext: 0
	Mean extensions: 0
	Avg overlap len: 3242
	Min overlap len: 3242
	Inner reads: 0
	Length: 8029
[2026-02-20 16:40:18] DEBUG: Inner: 1244 covered: 1932 total: 3984
[2026-02-20 16:40:18] DEBUG: Assembled disjointig 80
	With 3 reads
	Start read: +300b080f-27a8-49e3-ae73-2b22f07898ce
	At position: 1
	leftTip: 1 rightTip: 1
	Suspicious: 2
	Short ext: 0
	Mean extensions: 1
	Avg overlap len: 12788
	Min overlap len: 4810
	Inner reads: 0
	Length: 26319
[2026-02-20 16:40:18] DEBUG: Inner: 1260 covered: 1950 total: 3984
[2026-02-20 16:40:18] DEBUG: Assembled disjointig 81
	With 2 reads
	Start read: +891dd949-cd3a-428b-9e08-deba76cb259a
	At position: 1
	leftTip: 1 rightTip: 1
	Suspicious: 1
	Short ext: 0
	Mean extensions: 0
	Avg overlap len: 2810
	Min overlap len: 2810
	Inner reads: 0
	Length: 4814
[2026-02-20 16:40:18] DEBUG: Inner: 1264 covered: 1954 total: 3984
[2026-02-20 16:40:18] DEBUG: Assembled disjointig 82
	With 4 reads
	Start read: +ecefc907-2299-44bc-a34c-f76229d2df51
	At position: 1
	leftTip: 1 rightTip: 1
	Suspicious: 3
	Short ext: 0
	Mean extensions: 1
	Avg overlap len: 3297
	Min overlap len: 1456
	Inner reads: 0
	Length: 20323
[2026-02-20 16:40:18] DEBUG: Inner: 1278 covered: 1976 total: 3984
[2026-02-20 16:40:18] DEBUG: Assembled disjointig 83
	With 4 reads
	Start read: +36f719ed-2444-45f6-83c5-a0cadfff21ba
	At position: 1
	leftTip: 1 rightTip: 1
	Suspicious: 3
	Short ext: 0
	Mean extensions: 1
	Avg overlap len: 2127
	Min overlap len: 1117
	Inner reads: 0
	Length: 15122
[2026-02-20 16:40:18] DEBUG: Inner: 1290 covered: 2000 total: 3984
[2026-02-20 16:40:18] DEBUG: Assembled disjointig 84
	With 2 reads
	Start read: +6c420b3d-5582-4f13-96b7-015441665aa3
	At position: 1
	leftTip: 1 rightTip: 1
	Suspicious: 1
	Short ext: 0
	Mean extensions: 1
	Avg overlap len: 6564
	Min overlap len: 6564
	Inner reads: 0
	Length: 10557
[2026-02-20 16:40:18] DEBUG: Inner: 1298 covered: 2012 total: 3984
[2026-02-20 16:40:18] DEBUG: Assembled disjointig 85
	With 2 reads
	Start read: +9440907d-5b29-4c0b-acdb-9c0d3cc3fc50
	At position: 1
	leftTip: 1 rightTip: 1
	Suspicious: 1
	Short ext: 0
	Mean extensions: 1
	Avg overlap len: 4275
	Min overlap len: 4275
	Inner reads: 0
	Length: 10759
[2026-02-20 16:40:18] DEBUG: Inner: 1310 covered: 2030 total: 3984
[2026-02-20 16:40:18] DEBUG: Assembled disjointig 86
	With 1 reads
	Start read: +05a2ae93-b534-4bc1-a004-1c79d258effb
	At position: 1
	leftTip: 1 rightTip: 1
	Suspicious: 0
	Short ext: 0
	Mean extensions: 0
	Avg overlap len: 0
	Min overlap len: 0
	Inner reads: 0
	Length: 2999
[2026-02-20 16:40:18] DEBUG: Inner: 1318 covered: 2051 total: 3984
[2026-02-20 16:40:18] DEBUG: Assembled disjointig 87
	With 2 reads
	Start read: +432f654f-cd7f-47dc-b635-01279b4bc787
	At position: 2
	leftTip: 1 rightTip: 1
	Suspicious: 1
	Short ext: 0
	Mean extensions: 0
	Avg overlap len: 2096
	Min overlap len: 2096
	Inner reads: 0
	Length: 7636
[2026-02-20 16:40:18] DEBUG: Inner: 1324 covered: 2064 total: 3984
[2026-02-20 16:40:18] DEBUG: Assembled disjointig 88
	With 2 reads
	Start read: +67727616-33fa-4dad-a835-c8ce8ee872bc
	At position: 1
	leftTip: 1 rightTip: 1
	Suspicious: 1
	Short ext: 0
	Mean extensions: 0
	Avg overlap len: 5198
	Min overlap len: 5198
	Inner reads: 0
	Length: 6787
[2026-02-20 16:40:18] DEBUG: Inner: 1332 covered: 2096 total: 3984
[2026-02-20 16:40:18] DEBUG: Assembled disjointig 89
	With 2 reads
	Start read: +d8aeab3f-d52a-48f9-9f09-36c2ef82a28b
	At position: 2
	leftTip: 1 rightTip: 1
	Suspicious: 1
	Short ext: 0
	Mean extensions: 0
	Avg overlap len: 1626
	Min overlap len: 1626
	Inner reads: 0
	Length: 10421
[2026-02-20 16:40:18] DEBUG: Inner: 1338 covered: 2110 total: 3984
[2026-02-20 16:40:18] DEBUG: Assembled disjointig 90
	With 5 reads
	Start read: +bf3ed1bb-9ee4-41ed-81d0-2b85d103ede2
	At position: 3
	leftTip: 1 rightTip: 1
	Suspicious: 2
	Short ext: 0
	Mean extensions: 1
	Avg overlap len: 4717
	Min overlap len: 2664
	Inner reads: 0
	Length: 36482
[2026-02-20 16:40:18] DEBUG: Inner: 1364 covered: 2134 total: 3984
[2026-02-20 16:40:18] DEBUG: Assembled disjointig 91
	With 1 reads
	Start read: +3f4a0493-aa5e-463d-a857-61a030c9ef7a
	At position: 1
	leftTip: 1 rightTip: 1
	Suspicious: 0
	Short ext: 0
	Mean extensions: 0
	Avg overlap len: 0
	Min overlap len: 0
	Inner reads: 0
	Length: 4566
[2026-02-20 16:40:18] DEBUG: Inner: 1376 covered: 2162 total: 3984
[2026-02-20 16:40:18] DEBUG: Assembled disjointig 92
	With 2 reads
	Start read: +2b81fe64-32c1-4166-aae5-e23e96ccc57d
	At position: 1
	leftTip: 1 rightTip: 1
	Suspicious: 1
	Short ext: 0
	Mean extensions: 0
	Avg overlap len: 4078
	Min overlap len: 4078
	Inner reads: 0
	Length: 9514
[2026-02-20 16:40:18] DEBUG: Inner: 1382 covered: 2178 total: 3984
[2026-02-20 16:40:18] DEBUG: Assembled disjointig 93
	With 2 reads
	Start read: +1bb2094c-ee7a-420e-9ea6-f6db7b8ee11f
	At position: 1
	leftTip: 1 rightTip: 0
	Suspicious: 1
	Short ext: 0
	Mean extensions: 1
	Avg overlap len: 2084
	Min overlap len: 2084
	Inner reads: 0
	Length: 5260
[2026-02-20 16:40:18] DEBUG: Inner: 1382 covered: 2189 total: 3984
[2026-02-20 16:40:18] DEBUG: Assembled disjointig 94
	With 4 reads
	Start read: +e7747d9a-f0f5-42f0-beea-5f6f1a2093d7
	At position: 3
	leftTip: 1 rightTip: 1
	Suspicious: 2
	Short ext: 0
	Mean extensions: 1
	Avg overlap len: 2292
	Min overlap len: 1382
	Inner reads: 0
	Length: 16253
[2026-02-20 16:40:18] DEBUG: Inner: 1400 covered: 2214 total: 3984
[2026-02-20 16:40:18] DEBUG: Assembled disjointig 95
	With 2 reads
	Start read: +2cdc6d1c-8039-495a-b394-14abd69a4326
	At position: 1
	leftTip: 1 rightTip: 1
	Suspicious: 1
	Short ext: 0
	Mean extensions: 1
	Avg overlap len: 1813
	Min overlap len: 1813
	Inner reads: 0
	Length: 8484
[2026-02-20 16:40:18] DEBUG: Inner: 1414 covered: 2228 total: 3984
[2026-02-20 16:40:18] DEBUG: Assembled disjointig 96
	With 3 reads
	Start read: +b3bb4ec4-c72b-469c-96a1-b80360e480f3
	At position: 3
	leftTip: 1 rightTip: 1
	Suspicious: 2
	Short ext: 0
	Mean extensions: 1
	Avg overlap len: 3077
	Min overlap len: 2030
	Inner reads: 0
	Length: 18295
[2026-02-20 16:40:18] DEBUG: Inner: 1426 covered: 2256 total: 3984
[2026-02-20 16:40:18] DEBUG: Assembled disjointig 97
	With 1 reads
	Start read: +e7e574e9-c93d-44e4-9e9a-a41491022238
	At position: 1
	leftTip: 1 rightTip: 1
	Suspicious: 0
	Short ext: 0
	Mean extensions: 0
	Avg overlap len: 0
	Min overlap len: 0
	Inner reads: 0
	Length: 2274
[2026-02-20 16:40:18] DEBUG: Inner: 1430 covered: 2282 total: 3984
[2026-02-20 16:40:18] DEBUG: Assembled disjointig 98
	With 4 reads
	Start read: +f4dd89d0-1361-4c13-931a-a8a590d2ea0c
	At position: 2
	leftTip: 1 rightTip: 1
	Suspicious: 2
	Short ext: 0
	Mean extensions: 1
	Avg overlap len: 2679
	Min overlap len: 1373
	Inner reads: 0
	Length: 17894
[2026-02-20 16:40:18] DEBUG: Inner: 1462 covered: 2362 total: 3984
[2026-02-20 16:40:18] DEBUG: Assembled disjointig 99
	With 2 reads
	Start read: +b45e8966-746d-44bd-b8bf-987d20c83e8d
	At position: 1
	leftTip: 1 rightTip: 1
	Suspicious: 1
	Short ext: 0
	Mean extensions: 1
	Avg overlap len: 1902
	Min overlap len: 1902
	Inner reads: 0
	Length: 9368
[2026-02-20 16:40:18] DEBUG: Inner: 1472 covered: 2382 total: 3984
[2026-02-20 16:40:18] DEBUG: Assembled disjointig 100
	With 1 reads
	Start read: +2f15142b-bab5-4194-823b-b8628769499f
	At position: 1
	leftTip: 1 rightTip: 1
	Suspicious: 0
	Short ext: 0
	Mean extensions: 0
	Avg overlap len: 0
	Min overlap len: 0
	Inner reads: 0
	Length: 3286
[2026-02-20 16:40:18] DEBUG: Inner: 1476 covered: 2464 total: 3984
[2026-02-20 16:40:18] DEBUG: Assembled disjointig 101
	With 1 reads
	Start read: +b4aa0110-6279-49e4-b8a3-27a3951ab237
	At position: 1
	leftTip: 1 rightTip: 1
	Suspicious: 0
	Short ext: 0
	Mean extensions: 0
	Avg overlap len: 0
	Min overlap len: 0
	Inner reads: 0
	Length: 2695
[2026-02-20 16:40:18] DEBUG: Inner: 1480 covered: 2468 total: 3984
[2026-02-20 16:40:18] DEBUG: Assembled disjointig 102
	With 2 reads
	Start read: +ff20505b-8a94-4eed-ab5c-1805cc479acc
	At position: 1
	leftTip: 1 rightTip: 1
	Suspicious: 1
	Short ext: 0
	Mean extensions: 0
	Avg overlap len: 1533
	Min overlap len: 1533
	Inner reads: 0
	Length: 7532
[2026-02-20 16:40:18] DEBUG: Inner: 1494 covered: 2479 total: 3984
[2026-02-20 16:40:18] DEBUG: Assembled disjointig 103
	With 1 reads
	Start read: +f4ffef93-1730-4d66-b7c0-2d68c34b7187
	At position: 1
	leftTip: 1 rightTip: 1
	Suspicious: 0
	Short ext: 0
	Mean extensions: 0
	Avg overlap len: 0
	Min overlap len: 0
	Inner reads: 0
	Length: 3890
[2026-02-20 16:40:18] DEBUG: Inner: 1504 covered: 2532 total: 3984
[2026-02-20 16:40:18] DEBUG: Assembled disjointig 104
	With 2 reads
	Start read: +717e30d9-12b1-465e-9f3d-41f9ef221d3b
	At position: 1
	leftTip: 1 rightTip: 1
	Suspicious: 1
	Short ext: 0
	Mean extensions: 0
	Avg overlap len: 2388
	Min overlap len: 2388
	Inner reads: 0
	Length: 4913
[2026-02-20 16:40:18] DEBUG: Inner: 1514 covered: 2560 total: 3984
[2026-02-20 16:40:18] DEBUG: Assembled disjointig 105
	With 2 reads
	Start read: +92e4fcb3-0d47-4ce3-ba6e-6ec9aeeff51c
	At position: 1
	leftTip: 1 rightTip: 1
	Suspicious: 1
	Short ext: 0
	Mean extensions: 0
	Avg overlap len: 1363
	Min overlap len: 1363
	Inner reads: 0
	Length: 8045
[2026-02-20 16:40:18] DEBUG: Inner: 1522 covered: 2566 total: 3984
[2026-02-20 16:40:18] DEBUG: Assembled disjointig 106
	With 1 reads
	Start read: +1ea122de-e089-4c50-83d8-aff0ccf5f5a3
	At position: 1
	leftTip: 1 rightTip: 1
	Suspicious: 0
	Short ext: 0
	Mean extensions: 0
	Avg overlap len: 0
	Min overlap len: 0
	Inner reads: 0
	Length: 2810
[2026-02-20 16:40:18] DEBUG: Inner: 1526 covered: 2577 total: 3984
[2026-02-20 16:40:18] DEBUG: Assembled disjointig 107
	With 1 reads
	Start read: +6c3bbbec-f6af-4783-99d5-f57f8af522df
	At position: 1
	leftTip: 1 rightTip: 1
	Suspicious: 0
	Short ext: 0
	Mean extensions: 1
	Avg overlap len: 0
	Min overlap len: 0
	Inner reads: 0
	Length: 2485
[2026-02-20 16:40:18] DEBUG: Inner: 1528 covered: 2592 total: 3984
[2026-02-20 16:40:18] DEBUG: Assembled disjointig 108
	With 2 reads
	Start read: +3e74d57b-693e-4fd0-a660-955d9f9c7dd4
	At position: 2
	leftTip: 1 rightTip: 1
	Suspicious: 1
	Short ext: 0
	Mean extensions: 0
	Avg overlap len: 2322
	Min overlap len: 2322
	Inner reads: 0
	Length: 10019
[2026-02-20 16:40:18] DEBUG: Inner: 1532 covered: 2599 total: 3984
[2026-02-20 16:40:18] DEBUG: Assembled disjointig 109
	With 2 reads
	Start read: +4599f40b-02d6-4168-b3ec-13fbe2a9b8fa
	At position: 2
	leftTip: 1 rightTip: 1
	Suspicious: 1
	Short ext: 0
	Mean extensions: 0
	Avg overlap len: 2425
	Min overlap len: 2425
	Inner reads: 0
	Length: 5377
[2026-02-20 16:40:18] DEBUG: Inner: 1542 covered: 2611 total: 3984
[2026-02-20 16:40:18] DEBUG: Assembled disjointig 110
	With 2 reads
	Start read: +dfa694f7-709d-494d-9f9d-4e585e96120c
	At position: 2
	leftTip: 1 rightTip: 1
	Suspicious: 1
	Short ext: 0
	Mean extensions: 0
	Avg overlap len: 2148
	Min overlap len: 2148
	Inner reads: 0
	Length: 7805
[2026-02-20 16:40:18] DEBUG: Inner: 1550 covered: 2642 total: 3984
[2026-02-20 16:40:18] DEBUG: Assembled disjointig 111
	With 2 reads
	Start read: +939381f6-91e3-4afd-8800-8df4a50c326a
	At position: 1
	leftTip: 1 rightTip: 1
	Suspicious: 1
	Short ext: 0
	Mean extensions: 1
	Avg overlap len: 3212
	Min overlap len: 3212
	Inner reads: 0
	Length: 12676
[2026-02-20 16:40:18] DEBUG: Inner: 1562 covered: 2660 total: 3984
[2026-02-20 16:40:18] DEBUG: Assembled disjointig 112
	With 1 reads
	Start read: +cd94cb61-773f-42b5-a8c6-195c87e8ca65
	At position: 1
	leftTip: 1 rightTip: 1
	Suspicious: 0
	Short ext: 0
	Mean extensions: 0
	Avg overlap len: 0
	Min overlap len: 0
	Inner reads: 0
	Length: 3574
[2026-02-20 16:40:18] DEBUG: Inner: 1572 covered: 2696 total: 3984
[2026-02-20 16:40:18] DEBUG: Assembled disjointig 113
	With 2 reads
	Start read: +9ddbae00-089c-4673-8151-066c68670881
	At position: 1
	leftTip: 1 rightTip: 1
	Suspicious: 1
	Short ext: 0
	Mean extensions: 1
	Avg overlap len: 2913
	Min overlap len: 2913
	Inner reads: 0
	Length: 8020
[2026-02-20 16:40:18] DEBUG: Inner: 1580 covered: 2740 total: 3984
[2026-02-20 16:40:18] DEBUG: Assembled disjointig 114
	With 2 reads
	Start read: +7e3b8b7b-1724-4f5b-8345-e8d272cb9d31
	At position: 1
	leftTip: 1 rightTip: 1
	Suspicious: 1
	Short ext: 0
	Mean extensions: 1
	Avg overlap len: 2532
	Min overlap len: 2532
	Inner reads: 0
	Length: 4135
[2026-02-20 16:40:18] DEBUG: Inner: 1588 covered: 2767 total: 3984
[2026-02-20 16:40:18] DEBUG: Assembled disjointig 115
	With 1 reads
	Start read: +4cfdb084-b721-4f9e-b432-a9c9a8ab77f9
	At position: 1
	leftTip: 1 rightTip: 1
	Suspicious: 0
	Short ext: 0
	Mean extensions: 0
	Avg overlap len: 0
	Min overlap len: 0
	Inner reads: 0
	Length: 3351
[2026-02-20 16:40:18] DEBUG: Inner: 1594 covered: 2776 total: 3984
[2026-02-20 16:40:18] DEBUG: Assembled disjointig 116
	With 3 reads
	Start read: +ae31426a-5e6e-45d1-9772-fd94045ee069
	At position: 2
	leftTip: 1 rightTip: 1
	Suspicious: 2
	Short ext: 0
	Mean extensions: 1
	Avg overlap len: 3724
	Min overlap len: 1185
	Inner reads: 0
	Length: 9142
[2026-02-20 16:40:18] DEBUG: Inner: 1606 covered: 2793 total: 3984
[2026-02-20 16:40:18] DEBUG: Assembled disjointig 117
	With 1 reads
	Start read: +b51c4078-7012-491a-ace0-1bc5879fb213
	At position: 1
	leftTip: 1 rightTip: 1
	Suspicious: 0
	Short ext: 0
	Mean extensions: 0
	Avg overlap len: 0
	Min overlap len: 0
	Inner reads: 0
	Length: 3705
[2026-02-20 16:40:18] DEBUG: Inner: 1612 covered: 2814 total: 3984
[2026-02-20 16:40:18] DEBUG: Assembled disjointig 118
	With 2 reads
	Start read: +a63a2307-a520-4144-91eb-61b974605595
	At position: 1
	leftTip: 1 rightTip: 1
	Suspicious: 1
	Short ext: 0
	Mean extensions: 0
	Avg overlap len: 2930
	Min overlap len: 2930
	Inner reads: 0
	Length: 5203
[2026-02-20 16:40:18] DEBUG: Inner: 1616 covered: 2832 total: 3984
[2026-02-20 16:40:18] DEBUG: Assembled disjointig 119
	With 2 reads
	Start read: +862f5162-bb37-4c8e-a3e3-526551a881ed
	At position: 2
	leftTip: 1 rightTip: 1
	Suspicious: 1
	Short ext: 0
	Mean extensions: 0
	Avg overlap len: 1966
	Min overlap len: 1966
	Inner reads: 0
	Length: 4116
[2026-02-20 16:40:18] DEBUG: Inner: 1622 covered: 2856 total: 3984
[2026-02-20 16:40:18] DEBUG: Assembled disjointig 120
	With 2 reads
	Start read: +caeba8c3-a633-46c0-ae2e-1608e6a4e9d8
	At position: 1
	leftTip: 1 rightTip: 1
	Suspicious: 1
	Short ext: 0
	Mean extensions: 0
	Avg overlap len: 6207
	Min overlap len: 6207
	Inner reads: 0
	Length: 9596
[2026-02-20 16:40:18] DEBUG: Inner: 1634 covered: 2872 total: 3984
[2026-02-20 16:40:18] DEBUG: Assembled disjointig 121
	With 3 reads
	Start read: +12cc722e-92e1-46d6-88ea-fea1a219c7f8
	At position: 1
	leftTip: 1 rightTip: 0
	Suspicious: 2
	Short ext: 0
	Mean extensions: 1
	Avg overlap len: 3375
	Min overlap len: 2339
	Inner reads: 0
	Length: 16112
[2026-02-20 16:40:18] DEBUG: Inner: 1638 covered: 2898 total: 3984
[2026-02-20 16:40:18] DEBUG: Assembled disjointig 122
	With 2 reads
	Start read: +da85fe7c-a0a5-415c-b0c8-100ab9fed13b
	At position: 2
	leftTip: 1 rightTip: 1
	Suspicious: 1
	Short ext: 0
	Mean extensions: 0
	Avg overlap len: 3650
	Min overlap len: 3650
	Inner reads: 0
	Length: 18241
[2026-02-20 16:40:18] DEBUG: Inner: 1648 covered: 2928 total: 3984
[2026-02-20 16:40:18] DEBUG: Assembled disjointig 123
	With 2 reads
	Start read: +cf876879-3208-45df-a7a6-1a206234e574
	At position: 1
	leftTip: 1 rightTip: 1
	Suspicious: 1
	Short ext: 0
	Mean extensions: 1
	Avg overlap len: 2560
	Min overlap len: 2560
	Inner reads: 0
	Length: 4561
[2026-02-20 16:40:18] DEBUG: Inner: 1654 covered: 2942 total: 3984
[2026-02-20 16:40:18] DEBUG: Assembled disjointig 124
	With 2 reads
	Start read: +94d2a13d-d9be-4a29-bd8f-3e2073b034f5
	At position: 2
	leftTip: 1 rightTip: 1
	Suspicious: 1
	Short ext: 0
	Mean extensions: 0
	Avg overlap len: 2771
	Min overlap len: 2771
	Inner reads: 0
	Length: 6824
[2026-02-20 16:40:18] DEBUG: Inner: 1664 covered: 2956 total: 3984
[2026-02-20 16:40:18] DEBUG: Assembled disjointig 125
	With 2 reads
	Start read: +c3c6180e-9921-46db-a18f-811851c20e8e
	At position: 1
	leftTip: 1 rightTip: 1
	Suspicious: 1
	Short ext: 0
	Mean extensions: 0
	Avg overlap len: 3408
	Min overlap len: 3408
	Inner reads: 0
	Length: 8397
[2026-02-20 16:40:18] DEBUG: Inner: 1670 covered: 2962 total: 3984
[2026-02-20 16:40:18] DEBUG: Assembled disjointig 126
	With 1 reads
	Start read: +e162c152-600c-466f-b725-93f5d912c8e2
	At position: 1
	leftTip: 1 rightTip: 1
	Suspicious: 0
	Short ext: 0
	Mean extensions: 0
	Avg overlap len: 0
	Min overlap len: 0
	Inner reads: 0
	Length: 2256
[2026-02-20 16:40:18] DEBUG: Inner: 1674 covered: 2970 total: 3984
[2026-02-20 16:40:18] DEBUG: Assembled disjointig 127
	With 2 reads
	Start read: +758867c8-8555-4da4-8e08-cbe8bd7ae545
	At position: 1
	leftTip: 1 rightTip: 1
	Suspicious: 1
	Short ext: 0
	Mean extensions: 0
	Avg overlap len: 1523
	Min overlap len: 1523
	Inner reads: 0
	Length: 14742
[2026-02-20 16:40:18] DEBUG: Inner: 1680 covered: 2996 total: 3984
[2026-02-20 16:40:18] DEBUG: Assembled disjointig 128
	With 1 reads
	Start read: +b865ac86-d62d-4b7c-9908-01b4480ee7a5
	At position: 1
	leftTip: 1 rightTip: 1
	Suspicious: 0
	Short ext: 0
	Mean extensions: 0
	Avg overlap len: 0
	Min overlap len: 0
	Inner reads: 0
	Length: 2463
[2026-02-20 16:40:18] DEBUG: Inner: 1686 covered: 3020 total: 3984
[2026-02-20 16:40:18] DEBUG: Assembled disjointig 129
	With 3 reads
	Start read: +5bcc215b-6ca0-45f4-a2e0-543a7c00354b
	At position: 1
	leftTip: 1 rightTip: 1
	Suspicious: 2
	Short ext: 0
	Mean extensions: 1
	Avg overlap len: 6091
	Min overlap len: 2273
	Inner reads: 0
	Length: 16022
[2026-02-20 16:40:18] DEBUG: Inner: 1696 covered: 3026 total: 3984
[2026-02-20 16:40:18] DEBUG: Assembled disjointig 130
	With 2 reads
	Start read: +49674de9-6ae6-42ca-ab27-a497eeca5d95
	At position: 1
	leftTip: 1 rightTip: 1
	Suspicious: 1
	Short ext: 0
	Mean extensions: 1
	Avg overlap len: 2632
	Min overlap len: 2632
	Inner reads: 0
	Length: 30447
[2026-02-20 16:40:18] DEBUG: Inner: 1708 covered: 3038 total: 3984
[2026-02-20 16:40:18] DEBUG: Assembled disjointig 131
	With 1 reads
	Start read: +89778236-fe69-4784-9ada-a85c774ec351
	At position: 1
	leftTip: 1 rightTip: 1
	Suspicious: 0
	Short ext: 0
	Mean extensions: 0
	Avg overlap len: 0
	Min overlap len: 0
	Inner reads: 0
	Length: 2726
[2026-02-20 16:40:18] DEBUG: Inner: 1714 covered: 3050 total: 3984
[2026-02-20 16:40:18] DEBUG: Assembled disjointig 132
	With 4 reads
	Start read: +e95e05a8-b706-455b-b5dc-8af196cbed9c
	At position: 1
	leftTip: 1 rightTip: 0
	Suspicious: 2
	Short ext: 0
	Mean extensions: 2
	Avg overlap len: 3333
	Min overlap len: 1291
	Inner reads: 0
	Length: 16342
[2026-02-20 16:40:18] DEBUG: Inner: 1722 covered: 3060 total: 3984
[2026-02-20 16:40:18] DEBUG: Assembled disjointig 133
	With 2 reads
	Start read: +c5b50d33-149b-4f77-ae90-1effdb6be6f3
	At position: 1
	leftTip: 1 rightTip: 1
	Suspicious: 1
	Short ext: 0
	Mean extensions: 1
	Avg overlap len: 2759
	Min overlap len: 2759
	Inner reads: 0
	Length: 14371
[2026-02-20 16:40:18] DEBUG: Inner: 1728 covered: 3104 total: 3984
[2026-02-20 16:40:18] DEBUG: Assembled disjointig 134
	With 2 reads
	Start read: +0ae9e9f3-2546-4675-b20e-945ca7e94e51
	At position: 1
	leftTip: 1 rightTip: 1
	Suspicious: 1
	Short ext: 0
	Mean extensions: 1
	Avg overlap len: 3016
	Min overlap len: 3016
	Inner reads: 0
	Length: 4735
[2026-02-20 16:40:18] DEBUG: Inner: 1734 covered: 3123 total: 3984
[2026-02-20 16:40:18] DEBUG: Assembled disjointig 135
	With 2 reads
	Start read: +8bb06934-e554-4223-8097-4b896c63768e
	At position: 1
	leftTip: 1 rightTip: 1
	Suspicious: 1
	Short ext: 0
	Mean extensions: 0
	Avg overlap len: 2643
	Min overlap len: 2643
	Inner reads: 0
	Length: 4440
[2026-02-20 16:40:18] DEBUG: Inner: 1740 covered: 3181 total: 3984
[2026-02-20 16:40:18] DEBUG: Assembled disjointig 136
	With 1 reads
	Start read: +6dc94314-c6d7-480b-93e5-5b9c21c39a4a
	At position: 1
	leftTip: 1 rightTip: 1
	Suspicious: 0
	Short ext: 0
	Mean extensions: 0
	Avg overlap len: 0
	Min overlap len: 0
	Inner reads: 0
	Length: 2269
[2026-02-20 16:40:18] DEBUG: Inner: 1744 covered: 3204 total: 3984
[2026-02-20 16:40:18] DEBUG: Assembled disjointig 137
	With 2 reads
	Start read: +4a1ec93c-9710-47a4-98e0-f0a8a63182e6
	At position: 1
	leftTip: 1 rightTip: 1
	Suspicious: 1
	Short ext: 0
	Mean extensions: 0
	Avg overlap len: 1618
	Min overlap len: 1618
	Inner reads: 0
	Length: 7100
[2026-02-20 16:40:18] DEBUG: Inner: 1750 covered: 3263 total: 3984
[2026-02-20 16:40:18] DEBUG: Assembled disjointig 138
	With 1 reads
	Start read: +36a74949-3136-4919-af25-67eabe57d9cd
	At position: 1
	leftTip: 1 rightTip: 1
	Suspicious: 0
	Short ext: 0
	Mean extensions: 0
	Avg overlap len: 0
	Min overlap len: 0
	Inner reads: 0
	Length: 2457
[2026-02-20 16:40:18] DEBUG: Inner: 1754 covered: 3282 total: 3984
[2026-02-20 16:40:18] DEBUG: Assembled disjointig 139
	With 2 reads
	Start read: +cd6e110c-a2b7-4b94-9e16-c073661774bb
	At position: 1
	leftTip: 1 rightTip: 1
	Suspicious: 1
	Short ext: 0
	Mean extensions: 0
	Avg overlap len: 5012
	Min overlap len: 5012
	Inner reads: 0
	Length: 11610
[2026-02-20 16:40:18] DEBUG: Inner: 1758 covered: 3297 total: 3984
[2026-02-20 16:40:18] DEBUG: Assembled disjointig 140
	With 1 reads
	Start read: +dfacd122-1bd5-4fa3-862b-c8bf4917c8ca
	At position: 1
	leftTip: 1 rightTip: 1
	Suspicious: 0
	Short ext: 0
	Mean extensions: 0
	Avg overlap len: 0
	Min overlap len: 0
	Inner reads: 0
	Length: 2381
[2026-02-20 16:40:18] DEBUG: Inner: 1762 covered: 3341 total: 3984
[2026-02-20 16:40:18] DEBUG: Assembled disjointig 141
	With 2 reads
	Start read: +124f2ba0-a942-4062-95df-5982dca183f2
	At position: 2
	leftTip: 1 rightTip: 1
	Suspicious: 1
	Short ext: 0
	Mean extensions: 0
	Avg overlap len: 4013
	Min overlap len: 4013
	Inner reads: 0
	Length: 9135
[2026-02-20 16:40:18] DEBUG: Inner: 1766 covered: 3407 total: 3984
[2026-02-20 16:40:18] DEBUG: Assembled disjointig 142
	With 2 reads
	Start read: +3a3bf81d-c973-4556-a5e8-fb9179047af8
	At position: 1
	leftTip: 1 rightTip: 1
	Suspicious: 1
	Short ext: 0
	Mean extensions: 0
	Avg overlap len: 1783
	Min overlap len: 1783
	Inner reads: 0
	Length: 5579
[2026-02-20 16:40:18] DEBUG: Inner: 1782 covered: 3440 total: 3984
[2026-02-20 16:40:18] DEBUG: Assembled disjointig 143
	With 3 reads
	Start read: +d80460dc-3b9e-40be-af64-26622cf0b38e
	At position: 1
	leftTip: 1 rightTip: 0
	Suspicious: 1
	Short ext: 0
	Mean extensions: 1
	Avg overlap len: 2127
	Min overlap len: 1460
	Inner reads: 0
	Length: 9340
[2026-02-20 16:40:18] DEBUG: Inner: 1790 covered: 3457 total: 3984
[2026-02-20 16:40:18] DEBUG: Assembled disjointig 144
	With 2 reads
	Start read: +2c500b93-d7ee-4764-98e9-3103bd00526f
	At position: 2
	leftTip: 1 rightTip: 1
	Suspicious: 1
	Short ext: 0
	Mean extensions: 0
	Avg overlap len: 2886
	Min overlap len: 2886
	Inner reads: 0
	Length: 5661
[2026-02-20 16:40:18] DEBUG: Inner: 1794 covered: 3473 total: 3984
[2026-02-20 16:40:18] DEBUG: Assembled disjointig 145
	With 2 reads
	Start read: +91652ece-780d-46b2-b2aa-47906c9552ef
	At position: 2
	leftTip: 1 rightTip: 1
	Suspicious: 1
	Short ext: 0
	Mean extensions: 0
	Avg overlap len: 2719
	Min overlap len: 2719
	Inner reads: 0
	Length: 4605
[2026-02-20 16:40:18] DEBUG: Inner: 1806 covered: 3495 total: 3984
[2026-02-20 16:40:18] DEBUG: Assembled disjointig 146
	With 3 reads
	Start read: +fc2c2cd7-bd2f-44cd-b9e1-033efc3db3f7
	At position: 1
	leftTip: 1 rightTip: 1
	Suspicious: 2
	Short ext: 0
	Mean extensions: 1
	Avg overlap len: 3506
	Min overlap len: 1132
	Inner reads: 0
	Length: 15442
[2026-02-20 16:40:18] DEBUG: Inner: 1818 covered: 3512 total: 3984
[2026-02-20 16:40:18] DEBUG: Assembled disjointig 147
	With 1 reads
	Start read: +a9979ce1-2cd3-473f-a3de-c2e0707e2d0b
	At position: 1
	leftTip: 1 rightTip: 1
	Suspicious: 0
	Short ext: 0
	Mean extensions: 0
	Avg overlap len: 0
	Min overlap len: 0
	Inner reads: 0
	Length: 2531
[2026-02-20 16:40:18] DEBUG: Inner: 1822 covered: 3520 total: 3984
[2026-02-20 16:40:18] DEBUG: Assembled disjointig 148
	With 2 reads
	Start read: +ead59ce6-ace9-457a-b8d6-aa5723bec2c7
	At position: 2
	leftTip: 1 rightTip: 1
	Suspicious: 1
	Short ext: 0
	Mean extensions: 0
	Avg overlap len: 4351
	Min overlap len: 4351
	Inner reads: 0
	Length: 6628
[2026-02-20 16:40:18] DEBUG: Inner: 1826 covered: 3529 total: 3984
[2026-02-20 16:40:18] DEBUG: Assembled disjointig 149
	With 2 reads
	Start read: +87e06bec-0e08-4328-ac2f-b5a46d0d997f
	At position: 2
	leftTip: 1 rightTip: 1
	Suspicious: 1
	Short ext: 0
	Mean extensions: 0
	Avg overlap len: 2007
	Min overlap len: 2007
	Inner reads: 0
	Length: 5135
[2026-02-20 16:40:18] DEBUG: Inner: 1832 covered: 3536 total: 3984
[2026-02-20 16:40:18] DEBUG: Assembled disjointig 150
	With 2 reads
	Start read: +90a81c8b-41c0-411f-81a7-f1dd3aafcda6
	At position: 1
	leftTip: 1 rightTip: 1
	Suspicious: 1
	Short ext: 0
	Mean extensions: 0
	Avg overlap len: 2268
	Min overlap len: 2268
	Inner reads: 0
	Length: 18221
[2026-02-20 16:40:18] DEBUG: Inner: 1848 covered: 3554 total: 3984
[2026-02-20 16:40:18] DEBUG: Assembled disjointig 151
	With 4 reads
	Start read: +a98b8953-dc44-4c68-84b7-6888cb5685ab
	At position: 4
	leftTip: 1 rightTip: 1
	Suspicious: 3
	Short ext: 0
	Mean extensions: 1
	Avg overlap len: 1885
	Min overlap len: 1542
	Inner reads: 0
	Length: 16638
[2026-02-20 16:40:18] DEBUG: Inner: 1860 covered: 3562 total: 3984
[2026-02-20 16:40:18] DEBUG: Assembled disjointig 152
	With 3 reads
	Start read: +c28dc669-94e4-4894-a3ea-c0acf6443477
	At position: 1
	leftTip: 1 rightTip: 0
	Suspicious: 1
	Short ext: 0
	Mean extensions: 1
	Avg overlap len: 4011
	Min overlap len: 1577
	Inner reads: 0
	Length: 8524
[2026-02-20 16:40:18] DEBUG: Inner: 1870 covered: 3568 total: 3984
[2026-02-20 16:40:18] DEBUG: Assembled disjointig 153
	With 1 reads
	Start read: +a443a161-d44e-4f28-9bcb-69b175bda6c6
	At position: 1
	leftTip: 1 rightTip: 1
	Suspicious: 0
	Short ext: 0
	Mean extensions: 0
	Avg overlap len: 0
	Min overlap len: 0
	Inner reads: 0
	Length: 2327
[2026-02-20 16:40:18] DEBUG: Inner: 1874 covered: 3594 total: 3984
[2026-02-20 16:40:18] DEBUG: Assembled disjointig 154
	With 2 reads
	Start read: +5da18968-2a8b-47d2-a137-45a946c50639
	At position: 1
	leftTip: 1 rightTip: 1
	Suspicious: 1
	Short ext: 0
	Mean extensions: 1
	Avg overlap len: 3103
	Min overlap len: 3103
	Inner reads: 0
	Length: 8280
[2026-02-20 16:40:18] DEBUG: Inner: 1888 covered: 3617 total: 3984
[2026-02-20 16:40:18] DEBUG: Assembled disjointig 155
	With 2 reads
	Start read: +08bf5587-4ba2-42b4-b151-9a1e349b66af
	At position: 2
	leftTip: 1 rightTip: 1
	Suspicious: 1
	Short ext: 0
	Mean extensions: 0
	Avg overlap len: 2408
	Min overlap len: 2408
	Inner reads: 0
	Length: 6588
[2026-02-20 16:40:18] DEBUG: Inner: 1896 covered: 3694 total: 3984
[2026-02-20 16:40:18] DEBUG: Assembled disjointig 156
	With 3 reads
	Start read: +e3f5639a-816c-4c85-a627-9d418bed57ad
	At position: 2
	leftTip: 1 rightTip: 1
	Suspicious: 2
	Short ext: 0
	Mean extensions: 1
	Avg overlap len: 2454
	Min overlap len: 2073
	Inner reads: 0
	Length: 7837
[2026-02-20 16:40:18] DEBUG: Inner: 1902 covered: 3700 total: 3984
[2026-02-20 16:40:18] DEBUG: Assembled disjointig 157
	With 2 reads
	Start read: +f75c08b2-5e0d-466d-ba45-ff163ac81322
	At position: 1
	leftTip: 1 rightTip: 1
	Suspicious: 1
	Short ext: 0
	Mean extensions: 0
	Avg overlap len: 2705
	Min overlap len: 2705
	Inner reads: 0
	Length: 5891
[2026-02-20 16:40:18] DEBUG: Inner: 1908 covered: 3726 total: 3984
[2026-02-20 16:40:18] DEBUG: Assembled disjointig 158
	With 2 reads
	Start read: +c43733c0-adeb-400e-9abd-35677c25a40e
	At position: 2
	leftTip: 1 rightTip: 1
	Suspicious: 1
	Short ext: 0
	Mean extensions: 0
	Avg overlap len: 2517
	Min overlap len: 2517
	Inner reads: 0
	Length: 9368
[2026-02-20 16:40:18] DEBUG: Inner: 1912 covered: 3772 total: 3984
[2026-02-20 16:40:18] DEBUG: Assembled disjointig 159
	With 1 reads
	Start read: +21c9f80f-ae56-479c-b51f-6cad1e396297
	At position: 1
	leftTip: 1 rightTip: 1
	Suspicious: 0
	Short ext: 0
	Mean extensions: 0
	Avg overlap len: 0
	Min overlap len: 0
	Inner reads: 0
	Length: 2634
[2026-02-20 16:40:18] DEBUG: Inner: 1916 covered: 3803 total: 3984
[2026-02-20 16:40:18] DEBUG: Assembled disjointig 160
	With 2 reads
	Start read: +09a21369-6504-41a3-9ec4-3850f9474f6d
	At position: 1
	leftTip: 1 rightTip: 1
	Suspicious: 1
	Short ext: 0
	Mean extensions: 0
	Avg overlap len: 1665
	Min overlap len: 1665
	Inner reads: 0
	Length: 4560
[2026-02-20 16:40:18] DEBUG: Inner: 1920 covered: 3818 total: 3984
[2026-02-20 16:40:18] DEBUG: Assembled disjointig 161
	With 1 reads
	Start read: +f49b52b0-406e-4914-bd3f-fa1408112480
	At position: 1
	leftTip: 1 rightTip: 1
	Suspicious: 0
	Short ext: 0
	Mean extensions: 1
	Avg overlap len: 0
	Min overlap len: 0
	Inner reads: 0
	Length: 2443
[2026-02-20 16:40:18] DEBUG: Inner: 1968 covered: 3853 total: 3984
[2026-02-20 16:40:18] DEBUG: Assembled disjointig 162
	With 2 reads
	Start read: +049dae94-861d-4f73-b87c-30e638d29a82
	At position: 2
	leftTip: 1 rightTip: 1
	Suspicious: 1
	Short ext: 0
	Mean extensions: 0
	Avg overlap len: 3012
	Min overlap len: 3012
	Inner reads: 0
	Length: 5786
[2026-02-20 16:40:18] DEBUG: Inner: 1974 covered: 3862 total: 3984
[2026-02-20 16:40:18] DEBUG: Assembled disjointig 163
	With 1 reads
	Start read: +ec830be6-c7a5-4ba7-998f-18c0c0c5029c
	At position: 1
	leftTip: 1 rightTip: 1
	Suspicious: 0
	Short ext: 0
	Mean extensions: 0
	Avg overlap len: 0
	Min overlap len: 0
	Inner reads: 0
	Length: 2318
[2026-02-20 16:40:18] DEBUG: Inner: 1978 covered: 3892 total: 3984
[2026-02-20 16:40:18] DEBUG: Assembled disjointig 164
	With 2 reads
	Start read: +3eb13a8d-d76e-458f-a18b-b7e4070de707
	At position: 1
	leftTip: 1 rightTip: 1
	Suspicious: 1
	Short ext: 0
	Mean extensions: 1
	Avg overlap len: 3871
	Min overlap len: 3871
	Inner reads: 0
	Length: 8733
[2026-02-20 16:40:18] DEBUG: Inner: 1984 covered: 3912 total: 3984
[2026-02-20 16:40:18] DEBUG: Assembled disjointig 165
	With 1 reads
	Start read: +7387fad7-443d-42f9-9b88-7c7f2ae08436
	At position: 1
	leftTip: 1 rightTip: 1
	Suspicious: 0
	Short ext: 0
	Mean extensions: 0
	Avg overlap len: 0
	Min overlap len: 0
	Inner reads: 0
	Length: 3437
[2026-02-20 16:40:18] DEBUG: Inner: 1990 covered: 3920 total: 3984
[2026-02-20 16:40:18] DEBUG: Assembled disjointig 166
	With 1 reads
	Start read: +fbb87788-9b91-4840-bdf9-903b40f6839b
	At position: 1
	leftTip: 1 rightTip: 1
	Suspicious: 0
	Short ext: 0
	Mean extensions: 0
	Avg overlap len: 0
	Min overlap len: 0
	Inner reads: 0
	Length: 2606
[2026-02-20 16:40:18] DEBUG: Inner: 1994 covered: 3928 total: 3984
[2026-02-20 16:40:18] DEBUG: Assembled disjointig 167
	With 2 reads
	Start read: +1ae5f25f-ead2-41ae-ba58-abd7a1f1e240
	At position: 2
	leftTip: 1 rightTip: 1
	Suspicious: 1
	Short ext: 0
	Mean extensions: 0
	Avg overlap len: 2621
	Min overlap len: 2621
	Inner reads: 0
	Length: 4786
[2026-02-20 16:40:18] DEBUG: Inner: 2000 covered: 3938 total: 3984
[2026-02-20 16:40:18] DEBUG: Assembled disjointig 168
	With 1 reads
	Start read: +798c76e6-4a8f-4366-a0a1-828881b4c6ba
	At position: 1
	leftTip: 1 rightTip: 1
	Suspicious: 0
	Short ext: 0
	Mean extensions: 0
	Avg overlap len: 0
	Min overlap len: 0
	Inner reads: 0
	Length: 2504
[2026-02-20 16:40:18] DEBUG: Inner: 2004 covered: 3967 total: 3984
[2026-02-20 16:40:18] DEBUG: Assembled disjointig 169
	With 2 reads
	Start read: +720e1e78-2591-4dd2-b3b0-0b7262298498
	At position: 2
	leftTip: 1 rightTip: 1
	Suspicious: 1
	Short ext: 0
	Mean extensions: 0
	Avg overlap len: 1830
	Min overlap len: 1830
	Inner reads: 0
	Length: 10213
[2026-02-20 16:40:18] DEBUG: Inner: 2012 covered: 3981 total: 3984
[2026-02-20 16:40:18] INFO: Assembled 169 disjointigs
[2026-02-20 16:40:18] INFO: Generating sequence
[2026-02-20 16:40:18] DEBUG: Building positional index
[2026-02-20 16:40:18] DEBUG: Total sequence: 1711854 bp
[2026-02-20 16:40:18] DEBUG: Mean k-mer frequency: 1.08407
[2026-02-20 16:40:18] DEBUG: Repetitive k-mer frequency: 108
[2026-02-20 16:40:18] DEBUG: Filtered 491 repetitive k-mers (0.0015828)
[2026-02-20 16:40:19] DEBUG: Sorting k-mer index
[2026-02-20 16:40:19] DEBUG: Selected k-mers: 286149
[2026-02-20 16:40:19] DEBUG: K-mer index size: 309719
[2026-02-20 16:40:19] DEBUG: Mean k-mer frequency: 1.08237
[2026-02-20 16:40:19] DEBUG: Minimizer rate: 5.52712
[2026-02-20 16:40:19] INFO: Filtering contained disjointigs
[2026-02-20 16:40:19] DEBUG: Computing transitive closure for overlaps
[2026-02-20 16:40:19] DEBUG: Found 98 overlaps
[2026-02-20 16:40:19] DEBUG: Left 48 overlaps after filtering
[2026-02-20 16:40:19] INFO: Contained seqs: 8
[2026-02-20 16:40:19] DEBUG: Writing FASTA
[2026-02-20 16:40:19] DEBUG: Peak RAM usage: 0 Gb
-----------End assembly log------------
[2026-02-20 16:40:19] root: DEBUG: Disjointigs length: 1644214, N50: 13578
[2026-02-20 16:40:19] root: INFO: >>>STAGE: consensus
[2026-02-20 16:40:19] root: INFO: Running Minimap2
[2026-02-20 16:40:19] root: INFO: Computing consensus
[2026-02-20 16:40:19] root: INFO: Alignment error rate: 0.019120
[2026-02-20 16:40:20] root: INFO: >>>STAGE: repeat
[2026-02-20 16:40:20] root: INFO: Building and resolving repeat graph
[2026-02-20 16:40:20] root: DEBUG: -----Begin repeat analyser log------
[2026-02-20 16:40:20] root: DEBUG: Running: flye-modules repeat --disjointigs /scratch/ky/characterization/results/barcode05/assembly/10-consensus/consensus.fasta --reads /scratch/ky/characterization/FASTQ/SQK-RBK114-96_barcode05.fastq --out-dir /scratch/ky/characterization/results/barcode05/assembly/20-repeat --config /data/softs/Miniforge3-25.11.0-0/envs/flye-2.9.6/lib/python3.12/site-packages/flye/config/bin_cfg/asm_nano_hq.cfg --log /scratch/ky/characterization/results/barcode05/assembly/flye.log --threads 16 --meta --min-ovlp 1000
[2026-02-20 16:40:20] DEBUG: Build date: May  4 2025 23:18:08
[2026-02-20 16:40:20] DEBUG: Total RAM: 251 Gb
[2026-02-20 16:40:20] DEBUG: Available RAM: 247 Gb
[2026-02-20 16:40:20] DEBUG: Total CPUs: 32
[2026-02-20 16:40:20] DEBUG: Loading /data/softs/Miniforge3-25.11.0-0/envs/flye-2.9.6/lib/python3.12/site-packages/flye/config/bin_cfg/asm_nano_hq.cfg
[2026-02-20 16:40:20] DEBUG: Loading /data/softs/Miniforge3-25.11.0-0/envs/flye-2.9.6/lib/python3.12/site-packages/flye/config/bin_cfg/asm_defaults.cfg
[2026-02-20 16:40:20] DEBUG: 	big_genome_threshold=29000000
[2026-02-20 16:40:20] DEBUG: 	meta_read_filter_kmer_freq=100
[2026-02-20 16:40:20] DEBUG: 	chain_large_gap_penalty=2
[2026-02-20 16:40:20] DEBUG: 	chain_small_gap_penalty=0.5
[2026-02-20 16:40:20] DEBUG: 	chain_gap_jump_threshold=100
[2026-02-20 16:40:20] DEBUG: 	max_jump_gap=500
[2026-02-20 16:40:20] DEBUG: 	max_coverage_drop_rate=5
[2026-02-20 16:40:20] DEBUG: 	max_extensions_drop_rate=5
[2026-02-20 16:40:20] DEBUG: 	chimera_window=100
[2026-02-20 16:40:20] DEBUG: 	chimera_overhang=1000
[2026-02-20 16:40:20] DEBUG: 	min_reads_in_disjointig=4
[2026-02-20 16:40:20] DEBUG: 	max_inner_reads=10
[2026-02-20 16:40:20] DEBUG: 	max_inner_fraction=0.25
[2026-02-20 16:40:20] DEBUG: 	aggressive_dup_filter=1
[2026-02-20 16:40:20] DEBUG: 	max_separation=500
[2026-02-20 16:40:20] DEBUG: 	unique_edge_length=50000
[2026-02-20 16:40:20] DEBUG: 	min_repeat_res_support=0.51
[2026-02-20 16:40:20] DEBUG: 	out_paths_ratio=5
[2026-02-20 16:40:20] DEBUG: 	graph_cov_drop_rate=5
[2026-02-20 16:40:20] DEBUG: 	coverage_estimate_window=100
[2026-02-20 16:40:20] DEBUG: 	max_bubble_length=50000
[2026-02-20 16:40:20] DEBUG: 	loop_coverage_rate=1.5
[2026-02-20 16:40:20] DEBUG: 	repeat_edge_cov_mult=1.75
[2026-02-20 16:40:20] DEBUG: 	weak_detach_rate=5
[2026-02-20 16:40:20] DEBUG: 	tip_coverage_rate=2
[2026-02-20 16:40:20] DEBUG: 	tip_length_rate=2
[2026-02-20 16:40:20] DEBUG: 	output_gfa_before_rr=1
[2026-02-20 16:40:20] DEBUG: 	remove_alt_edges=0
[2026-02-20 16:40:20] DEBUG: 	low_cutoff_warning=0
[2026-02-20 16:40:20] DEBUG: 	kmer_size=17
[2026-02-20 16:40:20] DEBUG: 	use_minimizers=1
[2026-02-20 16:40:20] DEBUG: 	minimizer_window=10
[2026-02-20 16:40:20] DEBUG: 	reads_base_alignment=1
[2026-02-20 16:40:20] DEBUG: 	meta_read_top_kmer_rate=0.75
[2026-02-20 16:40:20] DEBUG: 	maximum_jump=1500
[2026-02-20 16:40:20] DEBUG: 	maximum_overhang=1500
[2026-02-20 16:40:20] DEBUG: 	repeat_kmer_rate=100
[2026-02-20 16:40:20] DEBUG: 	assemble_ovlp_divergence=0.03
[2026-02-20 16:40:20] DEBUG: 	assemble_divergence_relative=1
[2026-02-20 16:40:20] DEBUG: 	repeat_graph_ovlp_divergence=0.03
[2026-02-20 16:40:20] DEBUG: 	read_align_ovlp_divergence=0.10
[2026-02-20 16:40:20] DEBUG: 	hpc_scoring_on=1
[2026-02-20 16:40:20] DEBUG: 	add_unassembled_reads=0
[2026-02-20 16:40:20] DEBUG: 	extend_contigs_with_repeats=0
[2026-02-20 16:40:20] DEBUG: 	min_read_cov_cutoff=3
[2026-02-20 16:40:20] DEBUG: 	short_tip_length=20000
[2026-02-20 16:40:20] DEBUG: 	long_tip_length=100000
[2026-02-20 16:40:20] DEBUG: Running with k-mer size: 17
[2026-02-20 16:40:20] DEBUG: Selected minimum overlap 1000
[2026-02-20 16:40:20] DEBUG: Metagenome mode: Y
[2026-02-20 16:40:20] INFO: Parsing disjointigs
[2026-02-20 16:40:20] DEBUG: Building positional index
[2026-02-20 16:40:20] DEBUG: Total sequence: 1644498 bp
[2026-02-20 16:40:20] INFO: Building repeat graph
[2026-02-20 16:40:20] DEBUG: Mean k-mer frequency: 1.04578
[2026-02-20 16:40:20] DEBUG: Repetitive k-mer frequency: 104
[2026-02-20 16:40:20] DEBUG: Filtered 461 repetitive k-mers (0.00154652)
[2026-02-20 16:40:20] DEBUG: Sorting k-mer index
[2026-02-20 16:40:20] DEBUG: Selected k-mers: 285037
[2026-02-20 16:40:20] DEBUG: K-mer index size: 297627
[2026-02-20 16:40:20] DEBUG: Mean k-mer frequency: 1.04417
[2026-02-20 16:40:20] DEBUG: Minimizer rate: 5.52537
[2026-02-20 16:40:20] DEBUG: Computing transitive closure for overlaps
[2026-02-20 16:40:20] DEBUG: Found 284 overlaps
[2026-02-20 16:40:20] DEBUG: Left 116 overlaps after filtering
[2026-02-20 16:40:20] INFO: Median overlap divergence: 0.0331658
[2026-02-20 16:40:20] DEBUG: Sequence divergence distribution: 

    |*     |                                                                                             
    |*     |                                                                                             
    |*     |                                                                                             
    |**    |                                                                                             
    |**    |                                                                                             
    |**    |                                                                                             
    |**    |                                                                                             
    |**    |                                                                                             
    |**    |                                                                                             
    |**    |                                                                                             
    |** *  |                                                                                             
    |** *  |                                                                                             
    |** *  |                                                                                             
    |** *  * *      *    *                                                                               
    |** *  * *      *    *                                                                               
    |** *  * *      *    *                                                                               
    |** *  * * *  * *    *                  *       *  **     *                        *       *         
    |** *  * * *  * *    *                  *       *  **     *                        *       *         
    |** *  * * *  * *    *                  *       *  **     *                        *       *         
    |** *  * * *  * *    *                  *       *  **     *                        *       *         
    ----------------------------------------------------------------------------------------------------
    0%        5%        10%       15%       20%       25%       30%       35%       40%       45%       

    Q25 = 0.0059, Q50 = 0.033, Q75 = 0.1

[2026-02-20 16:40:20] DEBUG: Computing gluepoints
[2026-02-20 16:40:20] DEBUG: Added 0 gluepoint projections
[2026-02-20 16:40:20] DEBUG: Created 736 gluepoints
[2026-02-20 16:40:20] DEBUG: Artificial loops removed: 0 left, 0 right, 0 both
[2026-02-20 16:40:20] DEBUG: Initializing edges
[2026-02-20 16:40:20] DEBUG: Edges length checksum: 21939784119
[2026-02-20 16:40:20] DEBUG: Filtered 0 singleton segments
[2026-02-20 16:40:20] DEBUG: Removed 0 simple and 0 double chimeric junctions
[2026-02-20 16:40:20] DEBUG: Collapsed 9 edges
[2026-02-20 16:40:20] DEBUG: *	1	+disjointig_1	0	2292	2292	
[2026-02-20 16:40:20] DEBUG: *	2	+disjointig_10	0	3583	3583	
[2026-02-20 16:40:20] DEBUG: *	3	+disjointig_100	0	3291	3291	
[2026-02-20 16:40:20] DEBUG: *	4	+disjointig_102	0	7527	7527	
[2026-02-20 16:40:20] DEBUG: *	5	+disjointig_103	0	3895	3895	
[2026-02-20 16:40:20] DEBUG: *	6	+disjointig_104	0	4910	4910	
[2026-02-20 16:40:20] DEBUG: *	7	+disjointig_105	0	3500	3500	
[2026-02-20 16:40:20] DEBUG:  	8	+disjointig_105	3500	5225	1725	
[2026-02-20 16:40:20] DEBUG: *	10	+disjointig_105	5225	8048	2823	
[2026-02-20 16:40:20] DEBUG: *	12	+disjointig_106	0	2816	2816	
[2026-02-20 16:40:20] DEBUG: *	13	+disjointig_107	0	2474	2474	
[2026-02-20 16:40:20] DEBUG: *	14	+disjointig_108	0	10056	10056	
[2026-02-20 16:40:20] DEBUG: *	15	+disjointig_109	0	5385	5385	
[2026-02-20 16:40:20] DEBUG: *	16	+disjointig_110	0	7797	7797	
[2026-02-20 16:40:20] DEBUG: *	17	+disjointig_111	0	12680	12680	
[2026-02-20 16:40:20] DEBUG: *	18	+disjointig_112	0	3569	3569	
[2026-02-20 16:40:20] DEBUG: *	19	+disjointig_113	0	8194	8194	
[2026-02-20 16:40:20] DEBUG: *	20	+disjointig_114	0	4134	4134	
[2026-02-20 16:40:20] DEBUG: *	21	+disjointig_115	0	3353	3353	
[2026-02-20 16:40:20] DEBUG: *	22	+disjointig_116	0	9142	9142	
[2026-02-20 16:40:20] DEBUG: *	23	+disjointig_117	0	3714	3714	
[2026-02-20 16:40:20] DEBUG: *	24	+disjointig_118	0	5205	5205	
[2026-02-20 16:40:20] DEBUG: *	25	+disjointig_119	0	4104	4104	
[2026-02-20 16:40:20] DEBUG: *	26	+disjointig_12	0	77894	77894	
[2026-02-20 16:40:20] DEBUG: *	27	+disjointig_120	0	9610	9610	
[2026-02-20 16:40:20] DEBUG: *	28	+disjointig_121	0	1900	1900	
[2026-02-20 16:40:20] DEBUG: *	189	+disjointig_121	1900	16114	14214	
[2026-02-20 16:40:20] DEBUG: *	32	+disjointig_122	0	7638	7638	
[2026-02-20 16:40:20] DEBUG:  	33	+disjointig_122	7638	8837	1199	
[2026-02-20 16:40:20] DEBUG: *	39	+disjointig_122	8837	18196	9359	
[2026-02-20 16:40:20] DEBUG: *	44	+disjointig_123	0	4561	4561	
[2026-02-20 16:40:20] DEBUG: *	45	+disjointig_124	0	6829	6829	
[2026-02-20 16:40:20] DEBUG: *	46	+disjointig_125	0	8382	8382	
[2026-02-20 16:40:20] DEBUG: *	47	+disjointig_126	0	2256	2256	
[2026-02-20 16:40:20] DEBUG: *	48	+disjointig_127	0	14729	14729	
[2026-02-20 16:40:20] DEBUG: *	49	+disjointig_128	0	2464	2464	
[2026-02-20 16:40:20] DEBUG: *	50	+disjointig_129	0	16028	16028	
[2026-02-20 16:40:20] DEBUG: *	51	+disjointig_13	0	2282	2282	
[2026-02-20 16:40:20] DEBUG: *	-34	+disjointig_130	0	18499	18499	
[2026-02-20 16:40:20] DEBUG:  	33	+disjointig_130	18499	19960	1461	
[2026-02-20 16:40:20] DEBUG: *	190	+disjointig_130	19960	30443	10483	
[2026-02-20 16:40:20] DEBUG: *	53	+disjointig_131	0	2725	2725	
[2026-02-20 16:40:20] DEBUG: *	54	+disjointig_132	0	3728	3728	
[2026-02-20 16:40:20] DEBUG:  	191	+disjointig_132	3728	8623	4895	
[2026-02-20 16:40:20] DEBUG: *	59	+disjointig_132	8623	16330	7707	
[2026-02-20 16:40:20] DEBUG: *	62	+disjointig_133	0	14255	14255	
[2026-02-20 16:40:20] DEBUG: *	63	+disjointig_134	0	4732	4732	
[2026-02-20 16:40:20] DEBUG: *	64	+disjointig_135	0	4439	4439	
[2026-02-20 16:40:20] DEBUG: *	65	+disjointig_136	0	2270	2270	
[2026-02-20 16:40:20] DEBUG: *	192	+disjointig_137	0	6085	6085	
[2026-02-20 16:40:20] DEBUG: *	68	+disjointig_137	6085	7091	1006	
[2026-02-20 16:40:20] DEBUG: *	70	+disjointig_138	0	2457	2457	
[2026-02-20 16:40:20] DEBUG: *	71	+disjointig_139	0	11611	11611	
[2026-02-20 16:40:20] DEBUG: *	72	+disjointig_14	0	5447	5447	
[2026-02-20 16:40:20] DEBUG: *	73	+disjointig_140	0	2361	2361	
[2026-02-20 16:40:20] DEBUG: *	74	+disjointig_141	0	9137	9137	
[2026-02-20 16:40:20] DEBUG: *	75	+disjointig_142	0	5582	5582	
[2026-02-20 16:40:20] DEBUG: *	193	+disjointig_143	0	9336	9336	
[2026-02-20 16:40:20] DEBUG: *	79	+disjointig_144	0	5655	5655	
[2026-02-20 16:40:20] DEBUG: *	80	+disjointig_145	0	4601	4601	
[2026-02-20 16:40:20] DEBUG: *	81	+disjointig_146	0	15414	15414	
[2026-02-20 16:40:20] DEBUG: *	82	+disjointig_147	0	2535	2535	
[2026-02-20 16:40:20] DEBUG: *	83	+disjointig_148	0	6633	6633	
[2026-02-20 16:40:20] DEBUG: *	84	+disjointig_149	0	5145	5145	
[2026-02-20 16:40:20] DEBUG: *	85	+disjointig_15	0	5639	5639	
[2026-02-20 16:40:20] DEBUG: *	86	+disjointig_150	0	18227	18227	
[2026-02-20 16:40:20] DEBUG: *	87	+disjointig_151	0	16632	16632	
[2026-02-20 16:40:20] DEBUG: *	88	+disjointig_152	0	8531	8531	
[2026-02-20 16:40:20] DEBUG: *	89	+disjointig_153	0	2326	2326	
[2026-02-20 16:40:20] DEBUG: *	90	+disjointig_154	0	8307	8307	
[2026-02-20 16:40:20] DEBUG: *	91	+disjointig_155	0	6598	6598	
[2026-02-20 16:40:20] DEBUG: *	92	+disjointig_156	0	7859	7859	
[2026-02-20 16:40:20] DEBUG: *	93	+disjointig_157	0	5884	5884	
[2026-02-20 16:40:20] DEBUG: *	94	+disjointig_158	0	9352	9352	
[2026-02-20 16:40:20] DEBUG: *	95	+disjointig_159	0	2636	2636	
[2026-02-20 16:40:20] DEBUG: *	96	+disjointig_16	0	8927	8927	
[2026-02-20 16:40:20] DEBUG: *	97	+disjointig_160	0	4546	4546	
[2026-02-20 16:40:20] DEBUG: *	98	+disjointig_161	0	2486	2486	
[2026-02-20 16:40:20] DEBUG: *	-69	+disjointig_162	0	4076	4076	
[2026-02-20 16:40:20] DEBUG: *	99	+disjointig_163	0	2323	2323	
[2026-02-20 16:40:20] DEBUG: *	100	+disjointig_164	0	8678	8678	
[2026-02-20 16:40:20] DEBUG: *	101	+disjointig_165	0	3364	3364	
[2026-02-20 16:40:20] DEBUG: *	102	+disjointig_166	0	2603	2603	
[2026-02-20 16:40:20] DEBUG: *	103	+disjointig_167	0	4791	4791	
[2026-02-20 16:40:20] DEBUG: *	104	+disjointig_168	0	2517	2517	
[2026-02-20 16:40:20] DEBUG: *	105	+disjointig_169	0	10209	10209	
[2026-02-20 16:40:20] DEBUG: *	-60	+disjointig_17	0	24309	24309	
[2026-02-20 16:40:20] DEBUG:  	-191	+disjointig_17	24309	29188	4879	
[2026-02-20 16:40:20] DEBUG: *	56	+disjointig_17	29188	35048	5860	
[2026-02-20 16:40:20] DEBUG: *	106	+disjointig_18	0	7193	7193	
[2026-02-20 16:40:20] DEBUG: *	195	+disjointig_19	1229	9924	8695	
[2026-02-20 16:40:20] DEBUG: *	110	+disjointig_2	0	2269	2269	
[2026-02-20 16:40:20] DEBUG: *	111	+disjointig_20	0	20492	20492	
[2026-02-20 16:40:20] DEBUG:  	112	+disjointig_20	20492	21766	1274	
[2026-02-20 16:40:20] DEBUG: *	-41	+disjointig_20	21766	26566	4800	
[2026-02-20 16:40:20] DEBUG:  	-33	+disjointig_20	26566	28022	1456	
[2026-02-20 16:40:20] DEBUG: *	35	+disjointig_20	28022	34841	6819	
[2026-02-20 16:40:20] DEBUG: *	115	+disjointig_22	0	2445	2445	
[2026-02-20 16:40:20] DEBUG: *	116	+disjointig_23	0	7388	7388	
[2026-02-20 16:40:20] DEBUG: *	117	+disjointig_24	0	24953	24953	
[2026-02-20 16:40:20] DEBUG: *	118	+disjointig_25	0	12363	12363	
[2026-02-20 16:40:20] DEBUG: *	119	+disjointig_26	0	22265	22265	
[2026-02-20 16:40:20] DEBUG: *	120	+disjointig_27	0	12072	12072	
[2026-02-20 16:40:20] DEBUG: *	-61	+disjointig_28	0	3511	3511	
[2026-02-20 16:40:20] DEBUG:  	-191	+disjointig_28	3511	8606	5095	
[2026-02-20 16:40:20] DEBUG: *	57	+disjointig_28	8606	19876	11270	
[2026-02-20 16:40:20] DEBUG: *	121	+disjointig_3	0	4723	4723	
[2026-02-20 16:40:20] DEBUG: *	122	+disjointig_30	0	10881	10881	
[2026-02-20 16:40:20] DEBUG: *	123	+disjointig_31	0	7100	7100	
[2026-02-20 16:40:20] DEBUG: *	124	+disjointig_32	0	12014	12014	
[2026-02-20 16:40:20] DEBUG: *	125	+disjointig_33	0	3774	3774	
[2026-02-20 16:40:20] DEBUG: *	197	+disjointig_34	4542	22930	18388	
[2026-02-20 16:40:20] DEBUG: *	198	+disjointig_35	1521	5895	4374	
[2026-02-20 16:40:20] DEBUG: *	131	+disjointig_36	0	2465	2465	
[2026-02-20 16:40:20] DEBUG: *	132	+disjointig_37	0	12277	12277	
[2026-02-20 16:40:20] DEBUG: *	133	+disjointig_38	0	2630	2630	
[2026-02-20 16:40:20] DEBUG: *	134	+disjointig_39	0	5128	5128	
[2026-02-20 16:40:20] DEBUG: *	135	+disjointig_41	0	2486	2486	
[2026-02-20 16:40:20] DEBUG: *	136	+disjointig_42	0	5811	5811	
[2026-02-20 16:40:20] DEBUG: *	137	+disjointig_43	0	8171	8171	
[2026-02-20 16:40:20] DEBUG: *	-30	+disjointig_44	0	7327	7327	
[2026-02-20 16:40:20] DEBUG: *	138	+disjointig_45	0	8767	8767	
[2026-02-20 16:40:20] DEBUG: *	139	+disjointig_46	0	19209	19209	
[2026-02-20 16:40:20] DEBUG:  	-33	+disjointig_47	7958	9413	1455	
[2026-02-20 16:40:20] DEBUG: *	36	+disjointig_47	9413	11053	1640	
[2026-02-20 16:40:20] DEBUG: *	140	+disjointig_48	0	17810	17810	
[2026-02-20 16:40:20] DEBUG: *	196	+disjointig_49	0	33326	33326	
[2026-02-20 16:40:20] DEBUG: *	141	+disjointig_5	0	2527	2527	
[2026-02-20 16:40:20] DEBUG: *	142	+disjointig_50	0	7518	7518	
[2026-02-20 16:40:20] DEBUG: *	-37	+disjointig_51	0	2034	2034	
[2026-02-20 16:40:20] DEBUG:  	33	+disjointig_51	2034	3495	1461	
[2026-02-20 16:40:20] DEBUG: *	42	+disjointig_51	3495	8730	5235	
[2026-02-20 16:40:20] DEBUG: *	143	+disjointig_52	0	9589	9589	
[2026-02-20 16:40:20] DEBUG: *	144	+disjointig_53	0	13603	13603	
[2026-02-20 16:40:20] DEBUG: *	145	+disjointig_54	0	11616	11616	
[2026-02-20 16:40:20] DEBUG: *	146	+disjointig_55	0	10096	10096	
[2026-02-20 16:40:20] DEBUG: *	147	+disjointig_56	0	7488	7488	
[2026-02-20 16:40:20] DEBUG: *	148	+disjointig_57	0	7425	7425	
[2026-02-20 16:40:20] DEBUG: *	149	+disjointig_58	0	12320	12320	
[2026-02-20 16:40:20] DEBUG: *	150	+disjointig_59	0	6343	6343	
[2026-02-20 16:40:20] DEBUG: *	151	+disjointig_6	0	2295	2295	
[2026-02-20 16:40:20] DEBUG: *	152	+disjointig_60	0	7918	7918	
[2026-02-20 16:40:20] DEBUG: *	153	+disjointig_61	0	12819	12819	
[2026-02-20 16:40:20] DEBUG: *	154	+disjointig_62	0	18991	18991	
[2026-02-20 16:40:20] DEBUG: *	155	+disjointig_63	0	11607	11607	
[2026-02-20 16:40:20] DEBUG: *	156	+disjointig_64	0	16038	16038	
[2026-02-20 16:40:20] DEBUG: *	157	+disjointig_65	0	6428	6428	
[2026-02-20 16:40:20] DEBUG: *	158	+disjointig_66	0	10929	10929	
[2026-02-20 16:40:20] DEBUG: *	-9	+disjointig_67	0	8547	8547	
[2026-02-20 16:40:20] DEBUG:  	8	+disjointig_67	8547	10272	1725	
[2026-02-20 16:40:20] DEBUG: *	11	+disjointig_67	10272	11566	1294	
[2026-02-20 16:40:20] DEBUG: *	-38	+disjointig_68	0	4224	4224	
[2026-02-20 16:40:20] DEBUG:  	33	+disjointig_68	4224	5685	1461	
[2026-02-20 16:40:20] DEBUG: *	43	+disjointig_68	5685	11247	5562	
[2026-02-20 16:40:20] DEBUG: *	159	+disjointig_69	0	7090	7090	
[2026-02-20 16:40:20] DEBUG: *	-194	+disjointig_7	0	4069	4069	
[2026-02-20 16:40:20] DEBUG: *	160	+disjointig_70	0	7182	7182	
[2026-02-20 16:40:20] DEBUG: *	161	+disjointig_72	0	7830	7830	
[2026-02-20 16:40:20] DEBUG: *	162	+disjointig_73	0	2376	2376	
[2026-02-20 16:40:20] DEBUG: *	163	+disjointig_74	0	17682	17682	
[2026-02-20 16:40:20] DEBUG: *	164	+disjointig_75	0	32040	32040	
[2026-02-20 16:40:20] DEBUG: *	165	+disjointig_76	0	14078	14078	
[2026-02-20 16:40:20] DEBUG: *	166	+disjointig_77	0	10890	10890	
[2026-02-20 16:40:20] DEBUG: *	167	+disjointig_78	0	11904	11904	
[2026-02-20 16:40:20] DEBUG: *	168	+disjointig_79	0	8031	8031	
[2026-02-20 16:40:20] DEBUG: *	169	+disjointig_8	0	30726	30726	
[2026-02-20 16:40:20] DEBUG: *	170	+disjointig_80	0	26396	26396	
[2026-02-20 16:40:20] DEBUG: *	171	+disjointig_81	0	4813	4813	
[2026-02-20 16:40:20] DEBUG: *	172	+disjointig_82	0	20311	20311	
[2026-02-20 16:40:20] DEBUG: *	173	+disjointig_83	0	15263	15263	
[2026-02-20 16:40:20] DEBUG: *	174	+disjointig_84	0	10565	10565	
[2026-02-20 16:40:20] DEBUG: *	175	+disjointig_85	0	10783	10783	
[2026-02-20 16:40:20] DEBUG: *	176	+disjointig_86	0	3000	3000	
[2026-02-20 16:40:20] DEBUG: *	177	+disjointig_87	0	7618	7618	
[2026-02-20 16:40:20] DEBUG: *	178	+disjointig_88	0	6775	6775	
[2026-02-20 16:40:20] DEBUG: *	179	+disjointig_89	0	10579	10579	
[2026-02-20 16:40:20] DEBUG: *	-114	+disjointig_9	0	2346	2346	
[2026-02-20 16:40:20] DEBUG:  	-112	+disjointig_9	2346	3615	1269	
[2026-02-20 16:40:20] DEBUG: *	113	+disjointig_9	3615	16265	12650	
[2026-02-20 16:40:20] DEBUG: *	180	+disjointig_90	0	36546	36546	
[2026-02-20 16:40:20] DEBUG: *	181	+disjointig_92	0	9560	9560	
[2026-02-20 16:40:20] DEBUG: *	182	+disjointig_93	0	5258	5258	
[2026-02-20 16:40:20] DEBUG: *	183	+disjointig_94	0	16253	16253	
[2026-02-20 16:40:20] DEBUG: *	184	+disjointig_95	0	8884	8884	
[2026-02-20 16:40:20] DEBUG: *	185	+disjointig_96	0	18283	18283	
[2026-02-20 16:40:20] DEBUG: *	186	+disjointig_97	0	2249	2249	
[2026-02-20 16:40:20] DEBUG: *	187	+disjointig_98	0	17892	17892	
[2026-02-20 16:40:20] DEBUG: *	188	+disjointig_99	0	9366	9366	
[2026-02-20 16:40:20] DEBUG: Total edges: 198
[2026-02-20 16:40:20] INFO: Parsing reads
[2026-02-20 16:40:20] DEBUG: Building positional index
[2026-02-20 16:40:20] DEBUG: Total sequence: 8298452 bp
[2026-02-20 16:40:20] DEBUG: Building positional index
[2026-02-20 16:40:20] DEBUG: Total sequence: 1607038 bp
[2026-02-20 16:40:20] INFO: Aligning reads to the graph
[2026-02-20 16:40:20] DEBUG: Mean k-mer frequency: 1.02395
[2026-02-20 16:40:20] DEBUG: Repetitive k-mer frequency: 102
[2026-02-20 16:40:20] DEBUG: Filtered 461 repetitive k-mers (0.00158305)
[2026-02-20 16:40:20] DEBUG: Sorting k-mer index
[2026-02-20 16:40:20] DEBUG: Selected k-mers: 284395
[2026-02-20 16:40:20] DEBUG: K-mer index size: 290749
[2026-02-20 16:40:20] DEBUG: Mean k-mer frequency: 1.02234
[2026-02-20 16:40:20] DEBUG: Minimizer rate: 5.52724
[2026-02-20 16:40:26] DEBUG: Total reads : 1992
[2026-02-20 16:40:26] DEBUG: Read with aligned parts : 1043
[2026-02-20 16:40:26] DEBUG: Aligned in one piece : 1035
[2026-02-20 16:40:26] INFO: Aligned read sequence: 3977661 / 6935677 (0.573507)
[2026-02-20 16:40:26] INFO: Median overlap divergence: 0.0039348
[2026-02-20 16:40:26] DEBUG: Sequence divergence distribution: 

    |*                   |                                                                               
    |*                   |                                                                               
    |*                   |                                                                               
    |*                   |                                                                               
    |*                   |                                                                               
    |*                   |                                                                               
    |*                   |                                                                               
    |*                   |                                                                               
    |*                   |                                                                               
    |*                   |                                                                               
    |*                   |                                                                               
    |*                   |                                                                               
    |**                  |                                                                               
    |**                  |                                                                               
    |**                  |                                                                               
    |**                  |                                                                               
    |**                  |                                                                               
    |**                  |                                                                               
    |****                |                                                                               
    |********************** *** *  * *******   *                 *                        *              
    ----------------------------------------------------------------------------------------------------
    0%        5%        10%       15%       20%       25%       30%       35%       40%       45%       

    Q25 = 0.0016, Q50 = 0.0039, Q75 = 0.0081

[2026-02-20 16:40:26] INFO: Mean edge coverage: 2
[2026-02-20 16:40:26] DEBUG: 1	len:2292	cov:2	mult:1
[2026-02-20 16:40:26] DEBUG: -1	len:2292	cov:2	mult:1
[2026-02-20 16:40:26] DEBUG: 2	len:3583	cov:1	mult:0.5
[2026-02-20 16:40:26] DEBUG: -2	len:3583	cov:1	mult:0.5
[2026-02-20 16:40:26] DEBUG: 3	len:3291	cov:1	mult:0.5
[2026-02-20 16:40:26] DEBUG: -3	len:3291	cov:1	mult:0.5
[2026-02-20 16:40:26] DEBUG: 4	len:7527	cov:2	mult:1
[2026-02-20 16:40:26] DEBUG: -4	len:7527	cov:2	mult:1
[2026-02-20 16:40:26] DEBUG: 5	len:3895	cov:2	mult:1
[2026-02-20 16:40:26] DEBUG: -5	len:3895	cov:2	mult:1
[2026-02-20 16:40:26] DEBUG: 6	len:4910	cov:3	mult:1.5
[2026-02-20 16:40:26] DEBUG: -6	len:4910	cov:3	mult:1.5
[2026-02-20 16:40:26] DEBUG: 7	len:3500	cov:2	mult:1
[2026-02-20 16:40:26] DEBUG: -7	len:3500	cov:2	mult:1
[2026-02-20 16:40:26] DEBUG: 8	len:1725	cov:16	mult:8
[2026-02-20 16:40:26] DEBUG: -8	len:1725	cov:16	mult:8
[2026-02-20 16:40:26] DEBUG: 9	len:8547	cov:3	mult:1.5
[2026-02-20 16:40:26] DEBUG: -9	len:8547	cov:3	mult:1.5
[2026-02-20 16:40:26] DEBUG: 10	len:2823	cov:1	mult:0.5
[2026-02-20 16:40:26] DEBUG: -10	len:2823	cov:1	mult:0.5
[2026-02-20 16:40:26] DEBUG: 11	len:1294	cov:2	mult:1
[2026-02-20 16:40:26] DEBUG: -11	len:1294	cov:2	mult:1
[2026-02-20 16:40:26] DEBUG: 12	len:2816	cov:2	mult:1
[2026-02-20 16:40:26] DEBUG: -12	len:2816	cov:2	mult:1
[2026-02-20 16:40:26] DEBUG: 13	len:2474	cov:2	mult:1
[2026-02-20 16:40:26] DEBUG: -13	len:2474	cov:2	mult:1
[2026-02-20 16:40:26] DEBUG: 14	len:10056	cov:1	mult:0.5
[2026-02-20 16:40:26] DEBUG: -14	len:10056	cov:1	mult:0.5
[2026-02-20 16:40:26] DEBUG: 15	len:5385	cov:4	mult:2
[2026-02-20 16:40:26] DEBUG: -15	len:5385	cov:4	mult:2
[2026-02-20 16:40:26] DEBUG: 16	len:7797	cov:2	mult:1
[2026-02-20 16:40:26] DEBUG: -16	len:7797	cov:2	mult:1
[2026-02-20 16:40:26] DEBUG: 17	len:12680	cov:2	mult:1
[2026-02-20 16:40:26] DEBUG: -17	len:12680	cov:2	mult:1
[2026-02-20 16:40:26] DEBUG: 18	len:3569	cov:5	mult:2.5
[2026-02-20 16:40:26] DEBUG: -18	len:3569	cov:5	mult:2.5
[2026-02-20 16:40:26] DEBUG: 19	len:8194	cov:2	mult:1
[2026-02-20 16:40:26] DEBUG: -19	len:8194	cov:2	mult:1
[2026-02-20 16:40:26] DEBUG: 20	len:4134	cov:3	mult:1.5
[2026-02-20 16:40:26] DEBUG: -20	len:4134	cov:3	mult:1.5
[2026-02-20 16:40:26] DEBUG: 21	len:3353	cov:2	mult:1
[2026-02-20 16:40:26] DEBUG: -21	len:3353	cov:2	mult:1
[2026-02-20 16:40:26] DEBUG: 22	len:9142	cov:2	mult:1
[2026-02-20 16:40:26] DEBUG: -22	len:9142	cov:2	mult:1
[2026-02-20 16:40:26] DEBUG: 23	len:3714	cov:2	mult:1
[2026-02-20 16:40:26] DEBUG: -23	len:3714	cov:2	mult:1
[2026-02-20 16:40:26] DEBUG: 24	len:5205	cov:2	mult:1
[2026-02-20 16:40:26] DEBUG: -24	len:5205	cov:2	mult:1
[2026-02-20 16:40:26] DEBUG: 25	len:4104	cov:2	mult:1
[2026-02-20 16:40:26] DEBUG: -25	len:4104	cov:2	mult:1
[2026-02-20 16:40:26] DEBUG: 26	len:77894	cov:2	mult:1
[2026-02-20 16:40:26] DEBUG: -26	len:77894	cov:2	mult:1
[2026-02-20 16:40:26] DEBUG: 27	len:9610	cov:2	mult:1
[2026-02-20 16:40:26] DEBUG: -27	len:9610	cov:2	mult:1
[2026-02-20 16:40:26] DEBUG: 28	len:1900	cov:2	mult:1
[2026-02-20 16:40:26] DEBUG: -28	len:1900	cov:2	mult:1
[2026-02-20 16:40:26] DEBUG: 30	len:7327	cov:1	mult:0.5
[2026-02-20 16:40:26] DEBUG: -30	len:7327	cov:1	mult:0.5
[2026-02-20 16:40:26] DEBUG: 32	len:7638	cov:1	mult:0.5
[2026-02-20 16:40:26] DEBUG: -32	len:7638	cov:1	mult:0.5
[2026-02-20 16:40:26] DEBUG: 33	len:1415	cov:19	mult:9.5
[2026-02-20 16:40:26] DEBUG: -33	len:1415	cov:19	mult:9.5
[2026-02-20 16:40:26] DEBUG: 34	len:18499	cov:2	mult:1
[2026-02-20 16:40:26] DEBUG: -34	len:18499	cov:2	mult:1
[2026-02-20 16:40:26] DEBUG: 35	len:6819	cov:2	mult:1
[2026-02-20 16:40:26] DEBUG: -35	len:6819	cov:2	mult:1
[2026-02-20 16:40:26] DEBUG: 36	len:1640	cov:4	mult:2
[2026-02-20 16:40:26] DEBUG: -36	len:1640	cov:4	mult:2
[2026-02-20 16:40:26] DEBUG: 37	len:2034	cov:2	mult:1
[2026-02-20 16:40:26] DEBUG: -37	len:2034	cov:2	mult:1
[2026-02-20 16:40:26] DEBUG: 38	len:4224	cov:2	mult:1
[2026-02-20 16:40:26] DEBUG: -38	len:4224	cov:2	mult:1
[2026-02-20 16:40:26] DEBUG: 39	len:9359	cov:3	mult:1.5
[2026-02-20 16:40:26] DEBUG: -39	len:9359	cov:3	mult:1.5
[2026-02-20 16:40:26] DEBUG: 41	len:4800	cov:3	mult:1.5
[2026-02-20 16:40:26] DEBUG: -41	len:4800	cov:3	mult:1.5
[2026-02-20 16:40:26] DEBUG: 42	len:5235	cov:2	mult:1
[2026-02-20 16:40:26] DEBUG: -42	len:5235	cov:2	mult:1
[2026-02-20 16:40:26] DEBUG: 43	len:5562	cov:1	mult:0.5
[2026-02-20 16:40:26] DEBUG: -43	len:5562	cov:1	mult:0.5
[2026-02-20 16:40:26] DEBUG: 44	len:4561	cov:2	mult:1
[2026-02-20 16:40:26] DEBUG: -44	len:4561	cov:2	mult:1
[2026-02-20 16:40:26] DEBUG: 45	len:6829	cov:1	mult:0.5
[2026-02-20 16:40:26] DEBUG: -45	len:6829	cov:1	mult:0.5
[2026-02-20 16:40:26] DEBUG: 46	len:8382	cov:2	mult:1
[2026-02-20 16:40:26] DEBUG: -46	len:8382	cov:2	mult:1
[2026-02-20 16:40:26] DEBUG: 47	len:2256	cov:2	mult:1
[2026-02-20 16:40:26] DEBUG: -47	len:2256	cov:2	mult:1
[2026-02-20 16:40:26] DEBUG: 48	len:14729	cov:1	mult:0.5
[2026-02-20 16:40:26] DEBUG: -48	len:14729	cov:1	mult:0.5
[2026-02-20 16:40:26] DEBUG: 49	len:2464	cov:3	mult:1.5
[2026-02-20 16:40:26] DEBUG: -49	len:2464	cov:3	mult:1.5
[2026-02-20 16:40:26] DEBUG: 50	len:16028	cov:2	mult:1
[2026-02-20 16:40:26] DEBUG: -50	len:16028	cov:2	mult:1
[2026-02-20 16:40:26] DEBUG: 51	len:2282	cov:2	mult:1
[2026-02-20 16:40:26] DEBUG: -51	len:2282	cov:2	mult:1
[2026-02-20 16:40:26] DEBUG: 53	len:2725	cov:3	mult:1.5
[2026-02-20 16:40:26] DEBUG: -53	len:2725	cov:3	mult:1.5
[2026-02-20 16:40:26] DEBUG: 54	len:3728	cov:2	mult:1
[2026-02-20 16:40:26] DEBUG: -54	len:3728	cov:2	mult:1
[2026-02-20 16:40:26] DEBUG: 56	len:5860	cov:1	mult:0.5
[2026-02-20 16:40:26] DEBUG: -56	len:5860	cov:1	mult:0.5
[2026-02-20 16:40:26] DEBUG: 57	len:11270	cov:3	mult:1.5
[2026-02-20 16:40:26] DEBUG: -57	len:11270	cov:3	mult:1.5
[2026-02-20 16:40:26] DEBUG: 59	len:7707	cov:2	mult:1
[2026-02-20 16:40:26] DEBUG: -59	len:7707	cov:2	mult:1
[2026-02-20 16:40:26] DEBUG: 60	len:24309	cov:5	mult:2.5
[2026-02-20 16:40:26] DEBUG: -60	len:24309	cov:5	mult:2.5
[2026-02-20 16:40:26] DEBUG: 61	len:3511	cov:2	mult:1
[2026-02-20 16:40:26] DEBUG: -61	len:3511	cov:2	mult:1
[2026-02-20 16:40:26] DEBUG: 62	len:14255	cov:2	mult:1
[2026-02-20 16:40:26] DEBUG: -62	len:14255	cov:2	mult:1
[2026-02-20 16:40:26] DEBUG: 63	len:4732	cov:3	mult:1.5
[2026-02-20 16:40:26] DEBUG: -63	len:4732	cov:3	mult:1.5
[2026-02-20 16:40:26] DEBUG: 64	len:4439	cov:2	mult:1
[2026-02-20 16:40:26] DEBUG: -64	len:4439	cov:2	mult:1
[2026-02-20 16:40:26] DEBUG: 65	len:2270	cov:2	mult:1
[2026-02-20 16:40:26] DEBUG: -65	len:2270	cov:2	mult:1
[2026-02-20 16:40:26] DEBUG: 68	len:1006	cov:1	mult:0.5
[2026-02-20 16:40:26] DEBUG: -68	len:1006	cov:1	mult:0.5
[2026-02-20 16:40:26] DEBUG: 69	len:4076	cov:2	mult:1
[2026-02-20 16:40:26] DEBUG: -69	len:4076	cov:2	mult:1
[2026-02-20 16:40:26] DEBUG: 70	len:2457	cov:2	mult:1
[2026-02-20 16:40:26] DEBUG: -70	len:2457	cov:2	mult:1
[2026-02-20 16:40:26] DEBUG: 71	len:11611	cov:1	mult:0.5
[2026-02-20 16:40:26] DEBUG: -71	len:11611	cov:1	mult:0.5
[2026-02-20 16:40:26] DEBUG: 72	len:5447	cov:1	mult:0.5
[2026-02-20 16:40:26] DEBUG: -72	len:5447	cov:1	mult:0.5
[2026-02-20 16:40:26] DEBUG: 73	len:2361	cov:2	mult:1
[2026-02-20 16:40:26] DEBUG: -73	len:2361	cov:2	mult:1
[2026-02-20 16:40:26] DEBUG: 74	len:9137	cov:1	mult:0.5
[2026-02-20 16:40:26] DEBUG: -74	len:9137	cov:1	mult:0.5
[2026-02-20 16:40:26] DEBUG: 75	len:5582	cov:5	mult:2.5
[2026-02-20 16:40:26] DEBUG: -75	len:5582	cov:5	mult:2.5
[2026-02-20 16:40:26] DEBUG: 79	len:5655	cov:2	mult:1
[2026-02-20 16:40:26] DEBUG: -79	len:5655	cov:2	mult:1
[2026-02-20 16:40:26] DEBUG: 80	len:4601	cov:3	mult:1.5
[2026-02-20 16:40:26] DEBUG: -80	len:4601	cov:3	mult:1.5
[2026-02-20 16:40:26] DEBUG: 81	len:15414	cov:1	mult:0.5
[2026-02-20 16:40:26] DEBUG: -81	len:15414	cov:1	mult:0.5
[2026-02-20 16:40:26] DEBUG: 82	len:2535	cov:2	mult:1
[2026-02-20 16:40:26] DEBUG: -82	len:2535	cov:2	mult:1
[2026-02-20 16:40:26] DEBUG: 83	len:6633	cov:2	mult:1
[2026-02-20 16:40:26] DEBUG: -83	len:6633	cov:2	mult:1
[2026-02-20 16:40:26] DEBUG: 84	len:5145	cov:2	mult:1
[2026-02-20 16:40:26] DEBUG: -84	len:5145	cov:2	mult:1
[2026-02-20 16:40:26] DEBUG: 85	len:5639	cov:3	mult:1.5
[2026-02-20 16:40:26] DEBUG: -85	len:5639	cov:3	mult:1.5
[2026-02-20 16:40:26] DEBUG: 86	len:18227	cov:2	mult:1
[2026-02-20 16:40:26] DEBUG: -86	len:18227	cov:2	mult:1
[2026-02-20 16:40:26] DEBUG: 87	len:16632	cov:2	mult:1
[2026-02-20 16:40:26] DEBUG: -87	len:16632	cov:2	mult:1
[2026-02-20 16:40:26] DEBUG: 88	len:8531	cov:3	mult:1.5
[2026-02-20 16:40:26] DEBUG: -88	len:8531	cov:3	mult:1.5
[2026-02-20 16:40:26] DEBUG: 89	len:2326	cov:2	mult:1
[2026-02-20 16:40:26] DEBUG: -89	len:2326	cov:2	mult:1
[2026-02-20 16:40:26] DEBUG: 90	len:8307	cov:3	mult:1.5
[2026-02-20 16:40:26] DEBUG: -90	len:8307	cov:3	mult:1.5
[2026-02-20 16:40:26] DEBUG: 91	len:6598	cov:1	mult:0.5
[2026-02-20 16:40:26] DEBUG: -91	len:6598	cov:1	mult:0.5
[2026-02-20 16:40:26] DEBUG: 92	len:7859	cov:1	mult:0.5
[2026-02-20 16:40:26] DEBUG: -92	len:7859	cov:1	mult:0.5
[2026-02-20 16:40:26] DEBUG: 93	len:5884	cov:2	mult:1
[2026-02-20 16:40:26] DEBUG: -93	len:5884	cov:2	mult:1
[2026-02-20 16:40:26] DEBUG: 94	len:9352	cov:1	mult:0.5
[2026-02-20 16:40:26] DEBUG: -94	len:9352	cov:1	mult:0.5
[2026-02-20 16:40:26] DEBUG: 95	len:2636	cov:2	mult:1
[2026-02-20 16:40:26] DEBUG: -95	len:2636	cov:2	mult:1
[2026-02-20 16:40:26] DEBUG: 96	len:8927	cov:1	mult:0.5
[2026-02-20 16:40:26] DEBUG: -96	len:8927	cov:1	mult:0.5
[2026-02-20 16:40:26] DEBUG: 97	len:4546	cov:1	mult:0.5
[2026-02-20 16:40:26] DEBUG: -97	len:4546	cov:1	mult:0.5
[2026-02-20 16:40:26] DEBUG: 98	len:2486	cov:14	mult:7
[2026-02-20 16:40:26] DEBUG: -98	len:2486	cov:14	mult:7
[2026-02-20 16:40:26] DEBUG: 99	len:2323	cov:1	mult:0.5
[2026-02-20 16:40:26] DEBUG: -99	len:2323	cov:1	mult:0.5
[2026-02-20 16:40:26] DEBUG: 100	len:8678	cov:1	mult:0.5
[2026-02-20 16:40:26] DEBUG: -100	len:8678	cov:1	mult:0.5
[2026-02-20 16:40:26] DEBUG: 101	len:3364	cov:3	mult:1.5
[2026-02-20 16:40:26] DEBUG: -101	len:3364	cov:3	mult:1.5
[2026-02-20 16:40:26] DEBUG: 102	len:2603	cov:2	mult:1
[2026-02-20 16:40:26] DEBUG: -102	len:2603	cov:2	mult:1
[2026-02-20 16:40:26] DEBUG: 103	len:4791	cov:2	mult:1
[2026-02-20 16:40:26] DEBUG: -103	len:4791	cov:2	mult:1
[2026-02-20 16:40:26] DEBUG: 104	len:2517	cov:2	mult:1
[2026-02-20 16:40:26] DEBUG: -104	len:2517	cov:2	mult:1
[2026-02-20 16:40:26] DEBUG: 105	len:10209	cov:1	mult:0.5
[2026-02-20 16:40:26] DEBUG: -105	len:10209	cov:1	mult:0.5
[2026-02-20 16:40:26] DEBUG: 106	len:7193	cov:1	mult:0.5
[2026-02-20 16:40:26] DEBUG: -106	len:7193	cov:1	mult:0.5
[2026-02-20 16:40:26] DEBUG: 110	len:2269	cov:2	mult:1
[2026-02-20 16:40:26] DEBUG: -110	len:2269	cov:2	mult:1
[2026-02-20 16:40:26] DEBUG: 111	len:20492	cov:1	mult:0.5
[2026-02-20 16:40:26] DEBUG: -111	len:20492	cov:1	mult:0.5
[2026-02-20 16:40:26] DEBUG: 112	len:1271	cov:7	mult:3.5
[2026-02-20 16:40:26] DEBUG: -112	len:1271	cov:7	mult:3.5
[2026-02-20 16:40:26] DEBUG: 113	len:12650	cov:2	mult:1
[2026-02-20 16:40:26] DEBUG: -113	len:12650	cov:2	mult:1
[2026-02-20 16:40:26] DEBUG: 114	len:2346	cov:2	mult:1
[2026-02-20 16:40:26] DEBUG: -114	len:2346	cov:2	mult:1
[2026-02-20 16:40:26] DEBUG: 115	len:2445	cov:2	mult:1
[2026-02-20 16:40:26] DEBUG: -115	len:2445	cov:2	mult:1
[2026-02-20 16:40:26] DEBUG: 116	len:7388	cov:2	mult:1
[2026-02-20 16:40:26] DEBUG: -116	len:7388	cov:2	mult:1
[2026-02-20 16:40:26] DEBUG: 117	len:24953	cov:1	mult:0.5
[2026-02-20 16:40:26] DEBUG: -117	len:24953	cov:1	mult:0.5
[2026-02-20 16:40:26] DEBUG: 118	len:12363	cov:1	mult:0.5
[2026-02-20 16:40:26] DEBUG: -118	len:12363	cov:1	mult:0.5
[2026-02-20 16:40:26] DEBUG: 119	len:22265	cov:2	mult:1
[2026-02-20 16:40:26] DEBUG: -119	len:22265	cov:2	mult:1
[2026-02-20 16:40:26] DEBUG: 120	len:12072	cov:2	mult:1
[2026-02-20 16:40:26] DEBUG: -120	len:12072	cov:2	mult:1
[2026-02-20 16:40:26] DEBUG: 121	len:4723	cov:5	mult:2.5
[2026-02-20 16:40:26] DEBUG: -121	len:4723	cov:5	mult:2.5
[2026-02-20 16:40:26] DEBUG: 122	len:10881	cov:2	mult:1
[2026-02-20 16:40:26] DEBUG: -122	len:10881	cov:2	mult:1
[2026-02-20 16:40:26] DEBUG: 123	len:7100	cov:2	mult:1
[2026-02-20 16:40:26] DEBUG: -123	len:7100	cov:2	mult:1
[2026-02-20 16:40:26] DEBUG: 124	len:12014	cov:2	mult:1
[2026-02-20 16:40:26] DEBUG: -124	len:12014	cov:2	mult:1
[2026-02-20 16:40:26] DEBUG: 125	len:3774	cov:2	mult:1
[2026-02-20 16:40:26] DEBUG: -125	len:3774	cov:2	mult:1
[2026-02-20 16:40:26] DEBUG: 131	len:2465	cov:3	mult:1.5
[2026-02-20 16:40:26] DEBUG: -131	len:2465	cov:3	mult:1.5
[2026-02-20 16:40:26] DEBUG: 132	len:12277	cov:1	mult:0.5
[2026-02-20 16:40:26] DEBUG: -132	len:12277	cov:1	mult:0.5
[2026-02-20 16:40:26] DEBUG: 133	len:2630	cov:2	mult:1
[2026-02-20 16:40:26] DEBUG: -133	len:2630	cov:2	mult:1
[2026-02-20 16:40:26] DEBUG: 134	len:5128	cov:2	mult:1
[2026-02-20 16:40:26] DEBUG: -134	len:5128	cov:2	mult:1
[2026-02-20 16:40:26] DEBUG: 135	len:2486	cov:2	mult:1
[2026-02-20 16:40:26] DEBUG: -135	len:2486	cov:2	mult:1
[2026-02-20 16:40:26] DEBUG: 136	len:5811	cov:1	mult:0.5
[2026-02-20 16:40:26] DEBUG: -136	len:5811	cov:1	mult:0.5
[2026-02-20 16:40:26] DEBUG: 137	len:8171	cov:2	mult:1
[2026-02-20 16:40:26] DEBUG: -137	len:8171	cov:2	mult:1
[2026-02-20 16:40:26] DEBUG: 138	len:8767	cov:3	mult:1.5
[2026-02-20 16:40:26] DEBUG: -138	len:8767	cov:3	mult:1.5
[2026-02-20 16:40:26] DEBUG: 139	len:19209	cov:2	mult:1
[2026-02-20 16:40:26] DEBUG: -139	len:19209	cov:2	mult:1
[2026-02-20 16:40:26] DEBUG: 140	len:17810	cov:2	mult:1
[2026-02-20 16:40:26] DEBUG: -140	len:17810	cov:2	mult:1
[2026-02-20 16:40:26] DEBUG: 141	len:2527	cov:2	mult:1
[2026-02-20 16:40:26] DEBUG: -141	len:2527	cov:2	mult:1
[2026-02-20 16:40:26] DEBUG: 142	len:7518	cov:2	mult:1
[2026-02-20 16:40:26] DEBUG: -142	len:7518	cov:2	mult:1
[2026-02-20 16:40:26] DEBUG: 143	len:9589	cov:2	mult:1
[2026-02-20 16:40:26] DEBUG: -143	len:9589	cov:2	mult:1
[2026-02-20 16:40:26] DEBUG: 144	len:13603	cov:2	mult:1
[2026-02-20 16:40:26] DEBUG: -144	len:13603	cov:2	mult:1
[2026-02-20 16:40:26] DEBUG: 145	len:11616	cov:1	mult:0.5
[2026-02-20 16:40:26] DEBUG: -145	len:11616	cov:1	mult:0.5
[2026-02-20 16:40:26] DEBUG: 146	len:10096	cov:2	mult:1
[2026-02-20 16:40:26] DEBUG: -146	len:10096	cov:2	mult:1
[2026-02-20 16:40:26] DEBUG: 147	len:7488	cov:2	mult:1
[2026-02-20 16:40:26] DEBUG: -147	len:7488	cov:2	mult:1
[2026-02-20 16:40:26] DEBUG: 148	len:7425	cov:3	mult:1.5
[2026-02-20 16:40:26] DEBUG: -148	len:7425	cov:3	mult:1.5
[2026-02-20 16:40:26] DEBUG: 149	len:12320	cov:2	mult:1
[2026-02-20 16:40:26] DEBUG: -149	len:12320	cov:2	mult:1
[2026-02-20 16:40:26] DEBUG: 150	len:6343	cov:2	mult:1
[2026-02-20 16:40:26] DEBUG: -150	len:6343	cov:2	mult:1
[2026-02-20 16:40:26] DEBUG: 151	len:2295	cov:2	mult:1
[2026-02-20 16:40:26] DEBUG: -151	len:2295	cov:2	mult:1
[2026-02-20 16:40:26] DEBUG: 152	len:7918	cov:2	mult:1
[2026-02-20 16:40:26] DEBUG: -152	len:7918	cov:2	mult:1
[2026-02-20 16:40:26] DEBUG: 153	len:12819	cov:2	mult:1
[2026-02-20 16:40:26] DEBUG: -153	len:12819	cov:2	mult:1
[2026-02-20 16:40:26] DEBUG: 154	len:18991	cov:1	mult:0.5
[2026-02-20 16:40:26] DEBUG: -154	len:18991	cov:1	mult:0.5
[2026-02-20 16:40:26] DEBUG: 155	len:11607	cov:2	mult:1
[2026-02-20 16:40:26] DEBUG: -155	len:11607	cov:2	mult:1
[2026-02-20 16:40:26] DEBUG: 156	len:16038	cov:2	mult:1
[2026-02-20 16:40:26] DEBUG: -156	len:16038	cov:2	mult:1
[2026-02-20 16:40:26] DEBUG: 157	len:6428	cov:3	mult:1.5
[2026-02-20 16:40:26] DEBUG: -157	len:6428	cov:3	mult:1.5
[2026-02-20 16:40:26] DEBUG: 158	len:10929	cov:2	mult:1
[2026-02-20 16:40:26] DEBUG: -158	len:10929	cov:2	mult:1
[2026-02-20 16:40:26] DEBUG: 159	len:7090	cov:2	mult:1
[2026-02-20 16:40:26] DEBUG: -159	len:7090	cov:2	mult:1
[2026-02-20 16:40:26] DEBUG: 160	len:7182	cov:3	mult:1.5
[2026-02-20 16:40:26] DEBUG: -160	len:7182	cov:3	mult:1.5
[2026-02-20 16:40:26] DEBUG: 161	len:7830	cov:1	mult:0.5
[2026-02-20 16:40:26] DEBUG: -161	len:7830	cov:1	mult:0.5
[2026-02-20 16:40:26] DEBUG: 162	len:2376	cov:1	mult:0.5
[2026-02-20 16:40:26] DEBUG: -162	len:2376	cov:1	mult:0.5
[2026-02-20 16:40:26] DEBUG: 163	len:17682	cov:1	mult:0.5
[2026-02-20 16:40:26] DEBUG: -163	len:17682	cov:1	mult:0.5
[2026-02-20 16:40:26] DEBUG: 164	len:32040	cov:2	mult:1
[2026-02-20 16:40:26] DEBUG: -164	len:32040	cov:2	mult:1
[2026-02-20 16:40:26] DEBUG: 165	len:14078	cov:2	mult:1
[2026-02-20 16:40:26] DEBUG: -165	len:14078	cov:2	mult:1
[2026-02-20 16:40:26] DEBUG: 166	len:10890	cov:2	mult:1
[2026-02-20 16:40:26] DEBUG: -166	len:10890	cov:2	mult:1
[2026-02-20 16:40:26] DEBUG: 167	len:11904	cov:3	mult:1.5
[2026-02-20 16:40:26] DEBUG: -167	len:11904	cov:3	mult:1.5
[2026-02-20 16:40:26] DEBUG: 168	len:8031	cov:1	mult:0.5
[2026-02-20 16:40:26] DEBUG: -168	len:8031	cov:1	mult:0.5
[2026-02-20 16:40:26] DEBUG: 169	len:30726	cov:2	mult:1
[2026-02-20 16:40:26] DEBUG: -169	len:30726	cov:2	mult:1
[2026-02-20 16:40:26] DEBUG: 170	len:26396	cov:3	mult:1.5
[2026-02-20 16:40:26] DEBUG: -170	len:26396	cov:3	mult:1.5
[2026-02-20 16:40:26] DEBUG: 171	len:4813	cov:2	mult:1
[2026-02-20 16:40:26] DEBUG: -171	len:4813	cov:2	mult:1
[2026-02-20 16:40:26] DEBUG: 172	len:20311	cov:1	mult:0.5
[2026-02-20 16:40:26] DEBUG: -172	len:20311	cov:1	mult:0.5
[2026-02-20 16:40:26] DEBUG: 173	len:15263	cov:2	mult:1
[2026-02-20 16:40:26] DEBUG: -173	len:15263	cov:2	mult:1
[2026-02-20 16:40:26] DEBUG: 174	len:10565	cov:2	mult:1
[2026-02-20 16:40:26] DEBUG: -174	len:10565	cov:2	mult:1
[2026-02-20 16:40:26] DEBUG: 175	len:10783	cov:3	mult:1.5
[2026-02-20 16:40:26] DEBUG: -175	len:10783	cov:3	mult:1.5
[2026-02-20 16:40:26] DEBUG: 176	len:3000	cov:3	mult:1.5
[2026-02-20 16:40:26] DEBUG: -176	len:3000	cov:3	mult:1.5
[2026-02-20 16:40:26] DEBUG: 177	len:7618	cov:2	mult:1
[2026-02-20 16:40:26] DEBUG: -177	len:7618	cov:2	mult:1
[2026-02-20 16:40:26] DEBUG: 178	len:6775	cov:2	mult:1
[2026-02-20 16:40:26] DEBUG: -178	len:6775	cov:2	mult:1
[2026-02-20 16:40:26] DEBUG: 179	len:10579	cov:2	mult:1
[2026-02-20 16:40:26] DEBUG: -179	len:10579	cov:2	mult:1
[2026-02-20 16:40:26] DEBUG: 180	len:36546	cov:2	mult:1
[2026-02-20 16:40:26] DEBUG: -180	len:36546	cov:2	mult:1
[2026-02-20 16:40:26] DEBUG: 181	len:9560	cov:2	mult:1
[2026-02-20 16:40:26] DEBUG: -181	len:9560	cov:2	mult:1
[2026-02-20 16:40:26] DEBUG: 182	len:5258	cov:3	mult:1.5
[2026-02-20 16:40:26] DEBUG: -182	len:5258	cov:3	mult:1.5
[2026-02-20 16:40:26] DEBUG: 183	len:16253	cov:2	mult:1
[2026-02-20 16:40:26] DEBUG: -183	len:16253	cov:2	mult:1
[2026-02-20 16:40:26] DEBUG: 184	len:8884	cov:2	mult:1
[2026-02-20 16:40:26] DEBUG: -184	len:8884	cov:2	mult:1
[2026-02-20 16:40:26] DEBUG: 185	len:18283	cov:1	mult:0.5
[2026-02-20 16:40:26] DEBUG: -185	len:18283	cov:1	mult:0.5
[2026-02-20 16:40:26] DEBUG: 186	len:2249	cov:3	mult:1.5
[2026-02-20 16:40:26] DEBUG: -186	len:2249	cov:3	mult:1.5
[2026-02-20 16:40:26] DEBUG: 187	len:17892	cov:3	mult:1.5
[2026-02-20 16:40:26] DEBUG: -187	len:17892	cov:3	mult:1.5
[2026-02-20 16:40:26] DEBUG: 188	len:9366	cov:2	mult:1
[2026-02-20 16:40:26] DEBUG: -188	len:9366	cov:2	mult:1
[2026-02-20 16:40:26] DEBUG: 189	len:14214	cov:3	mult:1.5
[2026-02-20 16:40:26] DEBUG: -189	len:14214	cov:3	mult:1.5
[2026-02-20 16:40:26] DEBUG: 190	len:10483	cov:6	mult:3
[2026-02-20 16:40:26] DEBUG: -190	len:10483	cov:6	mult:3
[2026-02-20 16:40:26] DEBUG: 191	len:4956	cov:21	mult:10.5
[2026-02-20 16:40:26] DEBUG: -191	len:4956	cov:21	mult:10.5
[2026-02-20 16:40:26] DEBUG: 192	len:6085	cov:2	mult:1
[2026-02-20 16:40:26] DEBUG: -192	len:6085	cov:2	mult:1
[2026-02-20 16:40:26] DEBUG: 193	len:9336	cov:2	mult:1
[2026-02-20 16:40:26] DEBUG: -193	len:9336	cov:2	mult:1
[2026-02-20 16:40:26] DEBUG: 194	len:4069	cov:2	mult:1
[2026-02-20 16:40:26] DEBUG: -194	len:4069	cov:2	mult:1
[2026-02-20 16:40:26] DEBUG: 195	len:8695	cov:3	mult:1.5
[2026-02-20 16:40:26] DEBUG: -195	len:8695	cov:3	mult:1.5
[2026-02-20 16:40:26] DEBUG: 196	len:33326	cov:6	mult:3
[2026-02-20 16:40:26] DEBUG: -196	len:33326	cov:6	mult:3
[2026-02-20 16:40:26] DEBUG: 197	len:18388	cov:15	mult:7.5
[2026-02-20 16:40:26] DEBUG: -197	len:18388	cov:15	mult:7.5
[2026-02-20 16:40:26] DEBUG: 198	len:4374	cov:6	mult:3
[2026-02-20 16:40:26] DEBUG: -198	len:4374	cov:6	mult:3
[2026-02-20 16:40:26] DEBUG: Unique coverage threshold 3
[2026-02-20 16:40:26] INFO: Simplifying the graph
[2026-02-20 16:40:26] DEBUG: Read coverage cutoff: 3
[2026-02-20 16:40:26] DEBUG: [SIMPL] Removed 129 paths with low coverage
[2026-02-20 16:40:26] DEBUG: [SIMPL] Masked 0 heterozygous loops
[2026-02-20 16:40:26] DEBUG: [SIMPL] Masked 0 simple bubbles
[2026-02-20 16:40:26] DEBUG: [SIMPL] Masked 0 roundabouts
[2026-02-20 16:40:26] DEBUG: [SIMPL] Masked 0 superbubbles
[2026-02-20 16:40:26] DEBUG: Finding repeats
[2026-02-20 16:40:26] DEBUG: Read coverage cutoff: 3
[2026-02-20 16:40:26] DEBUG: Low-coverage: 7 2
[2026-02-20 16:40:26] DEBUG: Low-coverage: 28 -> 189 2
[2026-02-20 16:40:26] DEBUG: Low-coverage: 32 1
[2026-02-20 16:40:26] DEBUG: Low-coverage: 41 -> -112 -> -111 1
[2026-02-20 16:40:26] DEBUG: Low-coverage: 54 2
[2026-02-20 16:40:26] DEBUG: Low-coverage: 192 2
[2026-02-20 16:40:26] DEBUG: Short-loop: 198
[2026-02-20 16:40:26] DEBUG: Repeat detection iteration 1
[2026-02-20 16:40:26] DEBUG: Repeat detection iteration 2
[2026-02-20 16:40:26] DEBUG: Writing Dot
[2026-02-20 16:40:26] DEBUG: Writing FASTA
[2026-02-20 16:40:26] DEBUG: Writing Gfa
[2026-02-20 16:40:26] DEBUG: [SIMPL] Resolved 0 simple repeats
[2026-02-20 16:40:26] DEBUG: [SIMPL] == Iteration 1 ==
[2026-02-20 16:40:26] DEBUG: Splitting nodes
[2026-02-20 16:40:26] DEBUG: [SIMPL] Split 0 nodes
[2026-02-20 16:40:26] DEBUG: [SIMPL] Disconnected 0 minor paths
[2026-02-20 16:40:26] DEBUG: Tip -7 len:3500 cov:2
[2026-02-20 16:40:26] DEBUG: Tip 9 len:8547 cov:3
[2026-02-20 16:40:26] DEBUG: Tip -32 len:7638 cov:1
[2026-02-20 16:40:26] DEBUG: Tip 36 len:1640 cov:4
[2026-02-20 16:40:26] DEBUG: Tip 39 len:9359 cov:3
[2026-02-20 16:40:26] DEBUG: Tip -54 len:3728 cov:2
[2026-02-20 16:40:26] DEBUG: Tip 57 len:11270 cov:3
[2026-02-20 16:40:26] DEBUG: Tip 190 len:10483 cov:6
[2026-02-20 16:40:26] DEBUG: [SIMPL] Clipped 8 short and 0 long tips
[2026-02-20 16:40:26] DEBUG: [SIMPL] Masked 0 heterozygous loops
[2026-02-20 16:40:26] DEBUG: [SIMPL] Masked 0 simple bubbles
[2026-02-20 16:40:26] DEBUG: [SIMPL] Masked 0 roundabouts
[2026-02-20 16:40:26] DEBUG: [SIMPL] Masked 0 superbubbles
[2026-02-20 16:40:26] DEBUG: Finding repeats
[2026-02-20 16:40:26] DEBUG: Read coverage cutoff: 3
[2026-02-20 16:40:26] DEBUG: Low-coverage: 7 2
[2026-02-20 16:40:26] DEBUG: Low-coverage: 28 -> 189 2
[2026-02-20 16:40:26] DEBUG: Low-coverage: 32 1
[2026-02-20 16:40:26] DEBUG: Low-coverage: 33 -> 41 -> -112 -> -111 2
[2026-02-20 16:40:26] DEBUG: Low-coverage: 54 2
[2026-02-20 16:40:26] DEBUG: Low-coverage: 192 2
[2026-02-20 16:40:26] DEBUG: Short-loop: 198
[2026-02-20 16:40:26] DEBUG: Repeat detection iteration 1
[2026-02-20 16:40:26] DEBUG: Repeat detection iteration 2
[2026-02-20 16:40:26] DEBUG: Total unique edges: 38
[2026-02-20 16:40:26] DEBUG: [SIMPL] Resolved repeats: 0
[2026-02-20 16:40:26] DEBUG: RR links: 0
[2026-02-20 16:40:26] DEBUG: Unresolved: 0
[2026-02-20 16:40:26] DEBUG: Removed 0 simple and 0 double chimeric junctions
[2026-02-20 16:40:26] DEBUG: [SIMPL] == Iteration 2 ==
[2026-02-20 16:40:26] DEBUG: Splitting nodes
[2026-02-20 16:40:26] DEBUG: [SIMPL] Split 0 nodes
[2026-02-20 16:40:26] DEBUG: [SIMPL] Disconnected 0 minor paths
[2026-02-20 16:40:26] DEBUG: [SIMPL] Clipped 0 short and 0 long tips
[2026-02-20 16:40:26] DEBUG: [SIMPL] Masked 0 heterozygous loops
[2026-02-20 16:40:26] DEBUG: [SIMPL] Masked 0 simple bubbles
[2026-02-20 16:40:26] DEBUG: [SIMPL] Masked 0 roundabouts
[2026-02-20 16:40:26] DEBUG: [SIMPL] Masked 0 superbubbles
[2026-02-20 16:40:26] DEBUG: Finding repeats
[2026-02-20 16:40:26] DEBUG: Read coverage cutoff: 3
[2026-02-20 16:40:26] DEBUG: Low-coverage: 7 2
[2026-02-20 16:40:26] DEBUG: Low-coverage: 28 -> 189 2
[2026-02-20 16:40:26] DEBUG: Low-coverage: 32 1
[2026-02-20 16:40:26] DEBUG: Low-coverage: 33 -> 41 -> -112 -> -111 2
[2026-02-20 16:40:26] DEBUG: Low-coverage: 54 2
[2026-02-20 16:40:26] DEBUG: Low-coverage: 192 2
[2026-02-20 16:40:26] DEBUG: Short-loop: 198
[2026-02-20 16:40:26] DEBUG: Repeat detection iteration 1
[2026-02-20 16:40:26] DEBUG: Repeat detection iteration 2
[2026-02-20 16:40:26] DEBUG: Total unique edges: 38
[2026-02-20 16:40:26] DEBUG: [SIMPL] Resolved repeats: 0
[2026-02-20 16:40:26] DEBUG: RR links: 0
[2026-02-20 16:40:26] DEBUG: Unresolved: 0
[2026-02-20 16:40:26] DEBUG: Removed 0 simple and 0 double chimeric junctions
[2026-02-20 16:40:26] DEBUG: [SIMPL] Simplified 0 forks
[2026-02-20 16:40:26] DEBUG: [SIMPL] Collapsed 0 haplotypes
[2026-02-20 16:40:26] DEBUG: [SIMPL] Resolved 0 simple repeats
[2026-02-20 16:40:26] DEBUG: Read coverage cutoff: 3
[2026-02-20 16:40:26] DEBUG: [SIMPL] Removed 6 paths with low coverage
[2026-02-20 16:40:26] DEBUG: Finding repeats
[2026-02-20 16:40:26] DEBUG: Read coverage cutoff: 3
[2026-02-20 16:40:26] DEBUG: Short-loop: 198
[2026-02-20 16:40:26] DEBUG: Repeat detection iteration 1
[2026-02-20 16:40:26] DEBUG: Repeat detection iteration 2
[2026-02-20 16:40:26] DEBUG: Writing Dot
[2026-02-20 16:40:26] DEBUG: Writing FASTA
[2026-02-20 16:40:26] DEBUG: Peak RAM usage: 0 Gb
-----------End assembly log------------
[2026-02-20 16:40:26] root: INFO: >>>STAGE: contigger
[2026-02-20 16:40:26] root: INFO: Generating contigs
[2026-02-20 16:40:26] root: DEBUG: -----Begin contigger analyser log------
[2026-02-20 16:40:26] root: DEBUG: Running: flye-modules contigger --graph-edges /scratch/ky/characterization/results/barcode05/assembly/20-repeat/repeat_graph_edges.fasta --reads /scratch/ky/characterization/FASTQ/SQK-RBK114-96_barcode05.fastq --out-dir /scratch/ky/characterization/results/barcode05/assembly/30-contigger --config /data/softs/Miniforge3-25.11.0-0/envs/flye-2.9.6/lib/python3.12/site-packages/flye/config/bin_cfg/asm_nano_hq.cfg --repeat-graph /scratch/ky/characterization/results/barcode05/assembly/20-repeat/repeat_graph_dump --graph-aln /scratch/ky/characterization/results/barcode05/assembly/20-repeat/read_alignment_dump --log /scratch/ky/characterization/results/barcode05/assembly/flye.log --threads 16 --min-ovlp 1000
[2026-02-20 16:40:26] DEBUG: Build date: May  4 2025 23:18:25
[2026-02-20 16:40:26] DEBUG: Total RAM: 251 Gb
[2026-02-20 16:40:26] DEBUG: Available RAM: 247 Gb
[2026-02-20 16:40:26] DEBUG: Total CPUs: 32
[2026-02-20 16:40:26] DEBUG: Loading /data/softs/Miniforge3-25.11.0-0/envs/flye-2.9.6/lib/python3.12/site-packages/flye/config/bin_cfg/asm_nano_hq.cfg
[2026-02-20 16:40:26] DEBUG: Loading /data/softs/Miniforge3-25.11.0-0/envs/flye-2.9.6/lib/python3.12/site-packages/flye/config/bin_cfg/asm_defaults.cfg
[2026-02-20 16:40:26] DEBUG: 	big_genome_threshold=29000000
[2026-02-20 16:40:26] DEBUG: 	meta_read_filter_kmer_freq=100
[2026-02-20 16:40:26] DEBUG: 	chain_large_gap_penalty=2
[2026-02-20 16:40:26] DEBUG: 	chain_small_gap_penalty=0.5
[2026-02-20 16:40:26] DEBUG: 	chain_gap_jump_threshold=100
[2026-02-20 16:40:26] DEBUG: 	max_jump_gap=500
[2026-02-20 16:40:26] DEBUG: 	max_coverage_drop_rate=5
[2026-02-20 16:40:26] DEBUG: 	max_extensions_drop_rate=5
[2026-02-20 16:40:26] DEBUG: 	chimera_window=100
[2026-02-20 16:40:26] DEBUG: 	chimera_overhang=1000
[2026-02-20 16:40:26] DEBUG: 	min_reads_in_disjointig=4
[2026-02-20 16:40:26] DEBUG: 	max_inner_reads=10
[2026-02-20 16:40:26] DEBUG: 	max_inner_fraction=0.25
[2026-02-20 16:40:26] DEBUG: 	aggressive_dup_filter=1
[2026-02-20 16:40:26] DEBUG: 	max_separation=500
[2026-02-20 16:40:26] DEBUG: 	unique_edge_length=50000
[2026-02-20 16:40:26] DEBUG: 	min_repeat_res_support=0.51
[2026-02-20 16:40:26] DEBUG: 	out_paths_ratio=5
[2026-02-20 16:40:26] DEBUG: 	graph_cov_drop_rate=5
[2026-02-20 16:40:26] DEBUG: 	coverage_estimate_window=100
[2026-02-20 16:40:26] DEBUG: 	max_bubble_length=50000
[2026-02-20 16:40:26] DEBUG: 	loop_coverage_rate=1.5
[2026-02-20 16:40:26] DEBUG: 	repeat_edge_cov_mult=1.75
[2026-02-20 16:40:26] DEBUG: 	weak_detach_rate=5
[2026-02-20 16:40:26] DEBUG: 	tip_coverage_rate=2
[2026-02-20 16:40:26] DEBUG: 	tip_length_rate=2
[2026-02-20 16:40:26] DEBUG: 	output_gfa_before_rr=1
[2026-02-20 16:40:26] DEBUG: 	remove_alt_edges=0
[2026-02-20 16:40:26] DEBUG: 	low_cutoff_warning=0
[2026-02-20 16:40:26] DEBUG: 	kmer_size=17
[2026-02-20 16:40:26] DEBUG: 	use_minimizers=1
[2026-02-20 16:40:26] DEBUG: 	minimizer_window=10
[2026-02-20 16:40:26] DEBUG: 	reads_base_alignment=1
[2026-02-20 16:40:26] DEBUG: 	meta_read_top_kmer_rate=0.75
[2026-02-20 16:40:26] DEBUG: 	maximum_jump=1500
[2026-02-20 16:40:26] DEBUG: 	maximum_overhang=1500
[2026-02-20 16:40:26] DEBUG: 	repeat_kmer_rate=100
[2026-02-20 16:40:26] DEBUG: 	assemble_ovlp_divergence=0.03
[2026-02-20 16:40:26] DEBUG: 	assemble_divergence_relative=1
[2026-02-20 16:40:26] DEBUG: 	repeat_graph_ovlp_divergence=0.03
[2026-02-20 16:40:26] DEBUG: 	read_align_ovlp_divergence=0.10
[2026-02-20 16:40:26] DEBUG: 	hpc_scoring_on=1
[2026-02-20 16:40:26] DEBUG: 	add_unassembled_reads=0
[2026-02-20 16:40:26] DEBUG: 	extend_contigs_with_repeats=0
[2026-02-20 16:40:26] DEBUG: 	min_read_cov_cutoff=3
[2026-02-20 16:40:26] DEBUG: 	short_tip_length=20000
[2026-02-20 16:40:26] DEBUG: 	long_tip_length=100000
[2026-02-20 16:40:26] DEBUG: Running with k-mer size: 17
[2026-02-20 16:40:26] DEBUG: Selected minimum overlap 1000
[2026-02-20 16:40:26] INFO: Reading sequences
[2026-02-20 16:40:26] DEBUG: Building positional index
[2026-02-20 16:40:26] DEBUG: Total sequence: 8298452 bp
[2026-02-20 16:40:26] DEBUG: Flipped 0
[2026-02-20 16:40:26] DEBUG: UPath 1: 6
[2026-02-20 16:40:26] DEBUG: UPath 2: 8
[2026-02-20 16:40:26] DEBUG: UPath 3: 9
[2026-02-20 16:40:26] DEBUG: UPath 4: 15
[2026-02-20 16:40:26] DEBUG: UPath 5: 18
[2026-02-20 16:40:26] DEBUG: UPath 6: 20
[2026-02-20 16:40:26] DEBUG: UPath 7: 36
[2026-02-20 16:40:26] DEBUG: UPath 8: 39
[2026-02-20 16:40:26] DEBUG: UPath 9: 49
[2026-02-20 16:40:26] DEBUG: UPath 10: 53
[2026-02-20 16:40:26] DEBUG: UPath 11: 57
[2026-02-20 16:40:26] DEBUG: UPath 12: 191 -> 60
[2026-02-20 16:40:26] DEBUG: UPath 13: 63
[2026-02-20 16:40:26] DEBUG: UPath 14: 75
[2026-02-20 16:40:26] DEBUG: UPath 15: 80
[2026-02-20 16:40:26] DEBUG: UPath 16: 85
[2026-02-20 16:40:26] DEBUG: UPath 17: 88
[2026-02-20 16:40:26] DEBUG: UPath 18: 90
[2026-02-20 16:40:26] DEBUG: UPath 19: 98
[2026-02-20 16:40:26] DEBUG: UPath 20: 101
[2026-02-20 16:40:26] DEBUG: UPath 21: 121
[2026-02-20 16:40:26] DEBUG: UPath 22: 131
[2026-02-20 16:40:26] DEBUG: UPath 23: 138
[2026-02-20 16:40:26] DEBUG: UPath 24: 148
[2026-02-20 16:40:26] DEBUG: UPath 25: 157
[2026-02-20 16:40:26] DEBUG: UPath 26: 160
[2026-02-20 16:40:26] DEBUG: UPath 27: 167
[2026-02-20 16:40:26] DEBUG: UPath 28: 170
[2026-02-20 16:40:26] DEBUG: UPath 29: 175
[2026-02-20 16:40:26] DEBUG: UPath 30: 176
[2026-02-20 16:40:26] DEBUG: UPath 31: 182
[2026-02-20 16:40:26] DEBUG: UPath 32: 186
[2026-02-20 16:40:26] DEBUG: UPath 33: 187
[2026-02-20 16:40:26] DEBUG: UPath 34: 190
[2026-02-20 16:40:26] DEBUG: UPath 35: 195
[2026-02-20 16:40:26] DEBUG: UPath 36: 196 -> 197
[2026-02-20 16:40:26] DEBUG: UPath 37: 198
[2026-02-20 16:40:26] DEBUG: Final graph contains 37 egdes
[2026-02-20 16:40:26] DEBUG: Extending contigs into repeats
[2026-02-20 16:40:26] DEBUG: Covered 0 repetitive contigs
[2026-02-20 16:40:26] INFO: Generated 37 contigs
[2026-02-20 16:40:26] DEBUG: Writing FASTA
[2026-02-20 16:40:26] DEBUG: Generating scaffold connections
[2026-02-20 16:40:26] INFO: Added 0 scaffold connections
[2026-02-20 16:40:26] DEBUG: Writing Dot
[2026-02-20 16:40:26] DEBUG: Writing FASTA
[2026-02-20 16:40:26] DEBUG: Writing Gfa
[2026-02-20 16:40:26] DEBUG: Peak RAM usage: 0 Gb
-----------End assembly log------------
[2026-02-20 16:40:26] root: INFO: >>>STAGE: polishing
[2026-02-20 16:40:26] root: INFO: Polishing genome (1/1)
[2026-02-20 16:40:26] root: INFO: Running minimap2
[2026-02-20 16:40:27] root: INFO: Separating alignment into bubbles
[2026-02-20 16:40:27] root: DEBUG: Generated 20221 bubbles
[2026-02-20 16:40:27] root: DEBUG: Split 0 long bubbles
[2026-02-20 16:40:27] root: DEBUG: Skipped 0 empty bubbles
[2026-02-20 16:40:27] root: DEBUG: Skipped 0 bubbles with long branches
[2026-02-20 16:40:27] root: INFO: Alignment error rate: 0.021356
[2026-02-20 16:40:27] root: INFO: Correcting bubbles
[2026-02-20 16:40:28] root: DEBUG: Mean contig coverage: 5, selected threshold: 3
[2026-02-20 16:40:28] root: DEBUG: Filtered 0 contigs of total length 0
[2026-02-20 16:40:28] root: DEBUG: Generating polished GFA
[2026-02-20 16:40:28] root: DEBUG: 0 sequences remained unpolished
[2026-02-20 16:40:28] root: INFO: >>>STAGE: finalize
[2026-02-20 16:40:28] root: DEBUG: ---Output dir contents:----
[2026-02-20 16:40:28] root: DEBUG: assembly/
[2026-02-20 16:40:28] root: DEBUG:     122.0 K     flye.log
[2026-02-20 16:40:28] root: DEBUG:     92.0 B      params.json
[2026-02-20 16:40:28] root: DEBUG:     10.0 K      assembly_graph.gv
[2026-02-20 16:40:28] root: DEBUG:     312.0 K     assembly_graph.gfa
[2026-02-20 16:40:28] root: DEBUG:     316.0 K     assembly.fasta
[2026-02-20 16:40:28] root: DEBUG:     00-assembly/
[2026-02-20 16:40:28] root: DEBUG:         1.0 M       draft_assembly.fasta
[2026-02-20 16:40:28] root: DEBUG:         5.0 K       draft_assembly.fasta.fai
[2026-02-20 16:40:28] root: DEBUG:     10-consensus/
[2026-02-20 16:40:28] root: DEBUG:         968.0 B     minimap.stderr
[2026-02-20 16:40:28] root: DEBUG:         2.0 K       minimap.bam.csi
[2026-02-20 16:40:28] root: DEBUG:         1.0 M       consensus.fasta
[2026-02-20 16:40:28] root: DEBUG:     20-repeat/
[2026-02-20 16:40:28] root: DEBUG:         12.0 K      graph_before_rr.gv
[2026-02-20 16:40:28] root: DEBUG:         378.0 K     graph_before_rr.fasta
[2026-02-20 16:40:28] root: DEBUG:         375.0 K     graph_before_rr.gfa
[2026-02-20 16:40:28] root: DEBUG:         10.0 K      graph_after_rr.gv
[2026-02-20 16:40:28] root: DEBUG:         7.0 K       repeat_graph_dump
[2026-02-20 16:40:28] root: DEBUG:         289.0 K     read_alignment_dump
[2026-02-20 16:40:28] root: DEBUG:         1.0 M       repeat_graph_edges.fasta
[2026-02-20 16:40:28] root: DEBUG:     30-contigger/
[2026-02-20 16:40:28] root: DEBUG:         314.0 K     contigs.fasta
[2026-02-20 16:40:28] root: DEBUG:         1.0 K       contigs_stats.txt
[2026-02-20 16:40:28] root: DEBUG:         0.0 B       scaffolds_links.txt
[2026-02-20 16:40:28] root: DEBUG:         10.0 K      graph_final.gv
[2026-02-20 16:40:28] root: DEBUG:         314.0 K     graph_final.fasta
[2026-02-20 16:40:28] root: DEBUG:         311.0 K     graph_final.gfa
[2026-02-20 16:40:28] root: DEBUG:         1015.0 B    contigs.fasta.fai
[2026-02-20 16:40:28] root: DEBUG:     40-polishing/
[2026-02-20 16:40:28] root: DEBUG:         924.0 B     minimap.stderr
[2026-02-20 16:40:28] root: DEBUG:         612.0 B     minimap_1.bam.csi
[2026-02-20 16:40:28] root: DEBUG:         657.0 B     contigs_stats.txt
[2026-02-20 16:40:28] root: DEBUG:         95.0 K      base_coverage.bed.gz
[2026-02-20 16:40:28] root: DEBUG:         316.0 K     filtered_contigs.fasta
[2026-02-20 16:40:28] root: DEBUG:         657.0 B     filtered_stats.txt
[2026-02-20 16:40:28] root: DEBUG:         1015.0 B    filtered_contigs.fasta.fai
[2026-02-20 16:40:28] root: DEBUG:         476.0 B     edges_aln.bam.csi
[2026-02-20 16:40:28] root: DEBUG:         312.0 K     polished_edges.gfa
[2026-02-20 16:40:28] root: DEBUG: --------------------------
[2026-02-20 16:40:28] root: INFO: Assembly statistics:

	Total length:	318140
	Fragments:	37
	Fragments N50:	10794
	Largest frg:	51732
	Scaffolds:	0
	Mean coverage:	5

[2026-02-20 16:40:28] root: INFO: Final assembly: /scratch/ky/characterization/results/barcode05/assembly/assembly.fasta
