##gff-version  3
# Sequence Data: seqnum=1;seqlen=16582;seqhdr="contig_55"
# Model Data: version=Prodigal.v2.6.3;run_type=Single;model="Ab initio";gc_cont=36.15;transl_table=11;uses_sd=1
contig_55	Prodigal_v2.6.3	CDS	3	83	14.8	+	0	ID=1_1;partial=10;start_type=Edge;rbs_motif=None;rbs_spacer=None;gc_cont=0.395;conf=96.80;score=14.83;cscore=11.61;sscore=3.22;rscore=0.00;uscore=0.00;tscore=3.22;
contig_55	Prodigal_v2.6.3	CDS	237	374	3.6	+	0	ID=1_2;partial=00;start_type=ATG;rbs_motif=3Base/5BMM;rbs_spacer=13-15bp;gc_cont=0.319;conf=69.57;score=3.60;cscore=6.02;sscore=-2.42;rscore=-5.10;uscore=1.55;tscore=1.13;
contig_55	Prodigal_v2.6.3	CDS	710	1411	138.0	+	0	ID=1_3;partial=00;start_type=GTG;rbs_motif=None;rbs_spacer=None;gc_cont=0.390;conf=100.00;score=137.99;cscore=144.52;sscore=-6.53;rscore=-8.02;uscore=4.20;tscore=-2.07;
contig_55	Prodigal_v2.6.3	CDS	1427	2719	278.0	+	0	ID=1_4;partial=00;start_type=ATG;rbs_motif=AGGAG;rbs_spacer=5-10bp;gc_cont=0.415;conf=99.99;score=277.95;cscore=259.72;sscore=18.24;rscore=11.61;uscore=3.42;tscore=2.10;
contig_55	Prodigal_v2.6.3	CDS	2719	3939	218.2	+	0	ID=1_5;partial=00;start_type=ATG;rbs_motif=AGGA;rbs_spacer=5-10bp;gc_cont=0.393;conf=99.99;score=218.19;cscore=208.36;sscore=9.83;rscore=5.13;uscore=1.32;tscore=2.10;
contig_55	Prodigal_v2.6.3	CDS	3929	4360	84.1	+	0	ID=1_6;partial=00;start_type=ATG;rbs_motif=AGGAG;rbs_spacer=5-10bp;gc_cont=0.368;conf=100.00;score=84.08;cscore=67.31;sscore=16.76;rscore=11.61;uscore=1.84;tscore=2.10;
contig_55	Prodigal_v2.6.3	CDS	4409	5293	166.9	+	0	ID=1_7;partial=00;start_type=ATG;rbs_motif=AGGAGG;rbs_spacer=11-12bp;gc_cont=0.399;conf=100.00;score=166.90;cscore=149.32;sscore=17.58;rscore=11.91;uscore=2.83;tscore=2.10;
contig_55	Prodigal_v2.6.3	CDS	5296	5805	67.9	+	0	ID=1_8;partial=00;start_type=ATG;rbs_motif=None;rbs_spacer=None;gc_cont=0.414;conf=100.00;score=67.89;cscore=75.05;sscore=-7.16;rscore=-8.02;uscore=-2.49;tscore=2.10;
contig_55	Prodigal_v2.6.3	CDS	6727	8007	214.4	+	0	ID=1_9;partial=00;start_type=TTG;rbs_motif=GGAG/GAGG;rbs_spacer=5-10bp;gc_cont=0.393;conf=99.99;score=214.43;cscore=207.32;sscore=7.11;rscore=8.70;uscore=4.03;tscore=-4.97;
contig_55	Prodigal_v2.6.3	CDS	8073	8375	66.1	+	0	ID=1_10;partial=00;start_type=ATG;rbs_motif=AGGAG;rbs_spacer=5-10bp;gc_cont=0.383;conf=100.00;score=66.14;cscore=50.12;sscore=16.01;rscore=11.61;uscore=2.30;tscore=2.10;
contig_55	Prodigal_v2.6.3	CDS	8430	9161	110.3	+	0	ID=1_11;partial=00;start_type=ATG;rbs_motif=AGGAGG;rbs_spacer=5-10bp;gc_cont=0.377;conf=100.00;score=110.28;cscore=95.37;sscore=14.91;rscore=12.86;uscore=-0.73;tscore=2.10;
contig_55	Prodigal_v2.6.3	CDS	9198	10181	98.8	-	0	ID=1_12;partial=00;start_type=ATG;rbs_motif=AGGAG;rbs_spacer=5-10bp;gc_cont=0.420;conf=100.00;score=98.78;cscore=85.36;sscore=13.42;rscore=11.61;uscore=0.36;tscore=2.10;
contig_55	Prodigal_v2.6.3	CDS	10371	11267	165.0	+	0	ID=1_13;partial=00;start_type=ATG;rbs_motif=GGAG/GAGG;rbs_spacer=5-10bp;gc_cont=0.388;conf=100.00;score=164.99;cscore=154.48;sscore=10.52;rscore=8.70;uscore=-0.29;tscore=2.10;
contig_55	Prodigal_v2.6.3	CDS	11288	11767	58.0	-	0	ID=1_14;partial=00;start_type=ATG;rbs_motif=3Base/5BMM;rbs_spacer=13-15bp;gc_cont=0.369;conf=100.00;score=57.98;cscore=53.43;sscore=4.55;rscore=-2.75;uscore=5.20;tscore=2.10;
contig_55	Prodigal_v2.6.3	CDS	11842	12396	50.3	-	0	ID=1_15;partial=00;start_type=ATG;rbs_motif=GGA/GAG/AGG;rbs_spacer=5-10bp;gc_cont=0.371;conf=100.00;score=50.31;cscore=47.79;sscore=2.52;rscore=-0.18;uscore=1.26;tscore=2.10;
contig_55	Prodigal_v2.6.3	CDS	12529	12972	50.7	+	0	ID=1_16;partial=00;start_type=ATG;rbs_motif=GGAG/GAGG;rbs_spacer=5-10bp;gc_cont=0.329;conf=100.00;score=50.73;cscore=34.43;sscore=16.29;rscore=8.70;uscore=5.49;tscore=2.10;
contig_55	Prodigal_v2.6.3	CDS	12995	13810	63.7	-	0	ID=1_17;partial=00;start_type=ATG;rbs_motif=None;rbs_spacer=None;gc_cont=0.379;conf=100.00;score=63.75;cscore=72.91;sscore=-9.16;rscore=-8.02;uscore=-2.59;tscore=2.10;
contig_55	Prodigal_v2.6.3	CDS	13896	14627	122.5	+	0	ID=1_18;partial=00;start_type=ATG;rbs_motif=AGxAGG/AGGxGG;rbs_spacer=5-10bp;gc_cont=0.383;conf=100.00;score=122.47;cscore=112.10;sscore=10.37;rscore=10.15;uscore=-1.88;tscore=2.10;
contig_55	Prodigal_v2.6.3	CDS	14665	15243	80.6	-	0	ID=1_19;partial=00;start_type=GTG;rbs_motif=AGGAGG;rbs_spacer=5-10bp;gc_cont=0.377;conf=100.00;score=80.61;cscore=68.29;sscore=12.32;rscore=12.86;uscore=2.18;tscore=-2.07;
contig_55	Prodigal_v2.6.3	CDS	15362	15664	40.4	+	0	ID=1_20;partial=00;start_type=ATG;rbs_motif=GGAG/GAGG;rbs_spacer=5-10bp;gc_cont=0.373;conf=99.99;score=40.37;cscore=27.82;sscore=12.55;rscore=8.70;uscore=1.75;tscore=2.10;
contig_55	Prodigal_v2.6.3	CDS	15904	16206	18.6	-	0	ID=1_21;partial=00;start_type=ATG;rbs_motif=GGAG/GAGG;rbs_spacer=5-10bp;gc_cont=0.343;conf=98.62;score=18.57;cscore=11.48;sscore=7.09;rscore=8.70;uscore=-3.71;tscore=2.10;
# Sequence Data: seqnum=2;seqlen=706;seqhdr="contig_2"
# Model Data: version=Prodigal.v2.6.3;run_type=Single;model="Ab initio";gc_cont=36.15;transl_table=11;uses_sd=1
# Sequence Data: seqnum=3;seqlen=1219;seqhdr="contig_21"
# Model Data: version=Prodigal.v2.6.3;run_type=Single;model="Ab initio";gc_cont=36.15;transl_table=11;uses_sd=1
contig_21	Prodigal_v2.6.3	CDS	119	418	19.8	+	0	ID=3_1;partial=00;start_type=ATG;rbs_motif=3Base/5BMM;rbs_spacer=13-15bp;gc_cont=0.323;conf=98.95;score=19.79;cscore=17.84;sscore=1.95;rscore=-2.75;uscore=2.61;tscore=2.10;
contig_21	Prodigal_v2.6.3	CDS	430	618	21.8	+	0	ID=3_2;partial=00;start_type=ATG;rbs_motif=AGGAGG;rbs_spacer=5-10bp;gc_cont=0.333;conf=99.33;score=21.76;cscore=13.25;sscore=8.52;rscore=9.57;uscore=-3.77;tscore=1.56;
contig_21	Prodigal_v2.6.3	CDS	770	1219	46.8	+	0	ID=3_3;partial=01;start_type=GTG;rbs_motif=AGGA;rbs_spacer=5-10bp;gc_cont=0.378;conf=100.00;score=46.80;cscore=45.07;sscore=1.73;rscore=5.13;uscore=-1.33;tscore=-2.07;
# Sequence Data: seqnum=4;seqlen=9157;seqhdr="contig_58"
# Model Data: version=Prodigal.v2.6.3;run_type=Single;model="Ab initio";gc_cont=36.15;transl_table=11;uses_sd=1
contig_58	Prodigal_v2.6.3	CDS	1	1338	237.7	-	0	ID=4_1;partial=10;start_type=ATG;rbs_motif=AGxAGG/AGGxGG;rbs_spacer=5-10bp;gc_cont=0.362;conf=99.99;score=237.69;cscore=225.85;sscore=11.84;rscore=10.15;uscore=-1.33;tscore=2.10;
contig_58	Prodigal_v2.6.3	CDS	1371	2123	158.0	-	0	ID=4_2;partial=00;start_type=GTG;rbs_motif=AGxAGG/AGGxGG;rbs_spacer=5-10bp;gc_cont=0.384;conf=100.00;score=157.99;cscore=148.43;sscore=9.56;rscore=10.15;uscore=2.13;tscore=-2.07;
contig_58	Prodigal_v2.6.3	CDS	2389	3546	188.1	-	0	ID=4_3;partial=00;start_type=ATG;rbs_motif=AGxAGG/AGGxGG;rbs_spacer=5-10bp;gc_cont=0.363;conf=99.99;score=188.09;cscore=170.70;sscore=17.39;rscore=10.15;uscore=4.02;tscore=2.10;
contig_58	Prodigal_v2.6.3	CDS	3561	5069	236.4	-	0	ID=4_4;partial=00;start_type=ATG;rbs_motif=GGA/GAG/AGG;rbs_spacer=5-10bp;gc_cont=0.347;conf=99.99;score=236.36;cscore=233.06;sscore=3.30;rscore=-0.18;uscore=1.38;tscore=2.10;
contig_58	Prodigal_v2.6.3	CDS	5309	5830	95.6	-	0	ID=4_5;partial=00;start_type=ATG;rbs_motif=GGAG/GAGG;rbs_spacer=5-10bp;gc_cont=0.320;conf=100.00;score=95.59;cscore=84.14;sscore=11.45;rscore=8.70;uscore=0.65;tscore=2.10;
contig_58	Prodigal_v2.6.3	CDS	5925	6320	56.1	-	0	ID=4_6;partial=00;start_type=ATG;rbs_motif=None;rbs_spacer=None;gc_cont=0.402;conf=100.00;score=56.12;cscore=63.93;sscore=-7.81;rscore=-8.02;uscore=-1.89;tscore=2.10;
contig_58	Prodigal_v2.6.3	CDS	6437	6652	38.3	-	0	ID=4_7;partial=00;start_type=ATG;rbs_motif=AGGA/GGAG/GAGG;rbs_spacer=11-12bp;gc_cont=0.343;conf=99.98;score=38.29;cscore=31.64;sscore=6.65;rscore=3.32;uscore=2.20;tscore=1.79;
contig_58	Prodigal_v2.6.3	CDS	6942	7472	74.2	-	0	ID=4_8;partial=00;start_type=ATG;rbs_motif=GGxGG;rbs_spacer=5-10bp;gc_cont=0.373;conf=100.00;score=74.20;cscore=62.08;sscore=12.12;rscore=7.99;uscore=0.74;tscore=2.10;
contig_58	Prodigal_v2.6.3	CDS	7469	8065	77.2	-	0	ID=4_9;partial=00;start_type=ATG;rbs_motif=GGA/GAG/AGG;rbs_spacer=11-12bp;gc_cont=0.397;conf=100.00;score=77.23;cscore=73.20;sscore=4.04;rscore=-0.53;uscore=1.22;tscore=2.10;
contig_58	Prodigal_v2.6.3	CDS	8058	9155	158.4	-	0	ID=4_10;partial=01;start_type=Edge;rbs_motif=None;rbs_spacer=None;gc_cont=0.363;conf=100.00;score=158.38;cscore=155.16;sscore=3.22;rscore=0.00;uscore=0.00;tscore=3.22;
# Sequence Data: seqnum=5;seqlen=16355;seqhdr="contig_12"
# Model Data: version=Prodigal.v2.6.3;run_type=Single;model="Ab initio";gc_cont=36.15;transl_table=11;uses_sd=1
contig_12	Prodigal_v2.6.3	CDS	89	505	66.3	+	0	ID=5_1;partial=00;start_type=ATG;rbs_motif=GGAG/GAGG;rbs_spacer=5-10bp;gc_cont=0.341;conf=100.00;score=66.30;cscore=53.68;sscore=12.62;rscore=8.70;uscore=1.82;tscore=2.10;
contig_12	Prodigal_v2.6.3	CDS	571	1422	49.2	+	0	ID=5_2;partial=00;start_type=ATG;rbs_motif=3Base/5BMM;rbs_spacer=13-15bp;gc_cont=0.369;conf=100.00;score=49.16;cscore=48.52;sscore=0.63;rscore=-2.75;uscore=1.29;tscore=2.10;
contig_12	Prodigal_v2.6.3	CDS	1711	1953	13.1	+	0	ID=5_3;partial=00;start_type=ATG;rbs_motif=GGA/GAG/AGG;rbs_spacer=11-12bp;gc_cont=0.325;conf=95.31;score=13.10;cscore=12.45;sscore=0.65;rscore=-0.55;uscore=-0.16;tscore=2.01;
contig_12	Prodigal_v2.6.3	CDS	1892	5623	537.0	+	0	ID=5_4;partial=00;start_type=GTG;rbs_motif=None;rbs_spacer=None;gc_cont=0.386;conf=99.99;score=537.04;cscore=543.29;sscore=-6.26;rscore=-8.02;uscore=3.83;tscore=-2.07;
contig_12	Prodigal_v2.6.3	CDS	5620	6060	81.4	+	0	ID=5_5;partial=00;start_type=ATG;rbs_motif=GGAG/GAGG;rbs_spacer=5-10bp;gc_cont=0.390;conf=100.00;score=81.44;cscore=69.34;sscore=12.10;rscore=8.70;uscore=-6.83;tscore=2.10;
contig_12	Prodigal_v2.6.3	CDS	6321	7409	160.7	+	0	ID=5_6;partial=00;start_type=ATG;rbs_motif=3Base/5BMM;rbs_spacer=13-15bp;gc_cont=0.332;conf=100.00;score=160.67;cscore=159.95;sscore=0.72;rscore=-2.75;uscore=2.03;tscore=2.10;
contig_12	Prodigal_v2.6.3	CDS	7423	9183	263.2	-	0	ID=5_7;partial=00;start_type=GTG;rbs_motif=AGxAGG/AGGxGG;rbs_spacer=5-10bp;gc_cont=0.374;conf=99.99;score=263.22;cscore=259.13;sscore=4.09;rscore=10.15;uscore=-4.68;tscore=-2.07;
contig_12	Prodigal_v2.6.3	CDS	9238	9768	88.7	-	0	ID=5_8;partial=00;start_type=ATG;rbs_motif=GGAG/GAGG;rbs_spacer=5-10bp;gc_cont=0.331;conf=100.00;score=88.67;cscore=76.91;sscore=11.77;rscore=8.70;uscore=1.62;tscore=2.10;
contig_12	Prodigal_v2.6.3	CDS	10020	10280	37.8	-	0	ID=5_9;partial=00;start_type=ATG;rbs_motif=AGxAGG/AGGxGG;rbs_spacer=5-10bp;gc_cont=0.326;conf=99.98;score=37.84;cscore=25.31;sscore=12.52;rscore=10.15;uscore=0.93;tscore=2.10;
contig_12	Prodigal_v2.6.3	CDS	10467	10748	54.5	-	0	ID=5_10;partial=00;start_type=ATG;rbs_motif=GGAGG;rbs_spacer=5-10bp;gc_cont=0.379;conf=100.00;score=54.49;cscore=40.44;sscore=14.05;rscore=12.11;uscore=0.49;tscore=2.10;
contig_12	Prodigal_v2.6.3	CDS	10874	11098	35.3	+	0	ID=5_11;partial=00;start_type=ATG;rbs_motif=GGAGG;rbs_spacer=5-10bp;gc_cont=0.347;conf=99.97;score=35.33;cscore=21.00;sscore=14.33;rscore=10.76;uscore=1.71;tscore=1.86;
contig_12	Prodigal_v2.6.3	CDS	11283	12380	183.0	-	0	ID=5_12;partial=00;start_type=TTG;rbs_motif=AGxAGG/AGGxGG;rbs_spacer=5-10bp;gc_cont=0.369;conf=99.99;score=183.04;cscore=175.38;sscore=7.67;rscore=10.15;uscore=3.14;tscore=-4.97;
contig_12	Prodigal_v2.6.3	CDS	12530	13435	61.3	+	0	ID=5_13;partial=00;start_type=ATG;rbs_motif=GGAGG;rbs_spacer=5-10bp;gc_cont=0.379;conf=100.00;score=61.25;cscore=44.48;sscore=16.78;rscore=12.11;uscore=2.57;tscore=2.10;
contig_12	Prodigal_v2.6.3	CDS	13540	13806	54.2	-	0	ID=5_14;partial=00;start_type=ATG;rbs_motif=AGGAG;rbs_spacer=5-10bp;gc_cont=0.356;conf=100.00;score=54.19;cscore=37.64;sscore=16.54;rscore=11.61;uscore=3.48;tscore=2.10;
contig_12	Prodigal_v2.6.3	CDS	14124	14276	9.3	+	0	ID=5_15;partial=00;start_type=ATG;rbs_motif=GGAG/GAGG;rbs_spacer=5-10bp;gc_cont=0.412;conf=89.36;score=9.26;cscore=4.59;sscore=4.66;rscore=5.22;uscore=-2.85;tscore=1.26;
contig_12	Prodigal_v2.6.3	CDS	14341	14658	58.6	-	0	ID=5_16;partial=00;start_type=ATG;rbs_motif=GGAG/GAGG;rbs_spacer=5-10bp;gc_cont=0.349;conf=100.00;score=58.62;cscore=43.05;sscore=15.57;rscore=8.70;uscore=3.60;tscore=2.10;
contig_12	Prodigal_v2.6.3	CDS	14668	14931	26.3	-	0	ID=5_17;partial=00;start_type=ATG;rbs_motif=None;rbs_spacer=None;gc_cont=0.333;conf=99.77;score=26.34;cscore=29.17;sscore=-2.83;rscore=-8.02;uscore=3.09;tscore=2.10;
contig_12	Prodigal_v2.6.3	CDS	14897	15304	57.0	-	0	ID=5_18;partial=00;start_type=TTG;rbs_motif=AGGA;rbs_spacer=5-10bp;gc_cont=0.301;conf=100.00;score=57.04;cscore=55.00;sscore=2.04;rscore=5.13;uscore=2.53;tscore=-4.97;
contig_12	Prodigal_v2.6.3	CDS	15556	16179	43.3	+	0	ID=5_19;partial=00;start_type=GTG;rbs_motif=AGGAGG;rbs_spacer=5-10bp;gc_cont=0.381;conf=100.00;score=43.32;cscore=31.50;sscore=11.82;rscore=12.86;uscore=1.03;tscore=-2.07;
contig_12	Prodigal_v2.6.3	CDS	16172	16354	2.2	+	0	ID=5_20;partial=01;start_type=ATG;rbs_motif=None;rbs_spacer=None;gc_cont=0.333;conf=62.24;score=2.17;cscore=7.94;sscore=-5.77;rscore=-8.02;uscore=-1.10;tscore=2.10;
# Sequence Data: seqnum=6;seqlen=11791;seqhdr="contig_28"
# Model Data: version=Prodigal.v2.6.3;run_type=Single;model="Ab initio";gc_cont=36.15;transl_table=11;uses_sd=1
contig_28	Prodigal_v2.6.3	CDS	911	1051	4.9	-	0	ID=6_1;partial=00;start_type=ATG;rbs_motif=AGGA;rbs_spacer=5-10bp;gc_cont=0.362;conf=75.61;score=4.92;cscore=1.49;sscore=3.43;rscore=2.83;uscore=0.09;tscore=1.16;
contig_28	Prodigal_v2.6.3	CDS	1301	1705	55.7	-	0	ID=6_2;partial=00;start_type=ATG;rbs_motif=None;rbs_spacer=None;gc_cont=0.402;conf=100.00;score=55.75;cscore=63.31;sscore=-7.56;rscore=-8.02;uscore=-2.87;tscore=2.10;
contig_28	Prodigal_v2.6.3	CDS	1710	2516	125.3	-	0	ID=6_3;partial=00;start_type=ATG;rbs_motif=AGGAGG;rbs_spacer=5-10bp;gc_cont=0.382;conf=100.00;score=125.32;cscore=108.98;sscore=16.34;rscore=12.86;uscore=2.03;tscore=2.10;
contig_28	Prodigal_v2.6.3	CDS	2740	3042	47.7	+	0	ID=6_4;partial=00;start_type=ATG;rbs_motif=GGAGG;rbs_spacer=5-10bp;gc_cont=0.389;conf=100.00;score=47.68;cscore=31.67;sscore=16.01;rscore=12.11;uscore=1.80;tscore=2.10;
contig_28	Prodigal_v2.6.3	CDS	3057	4358	190.9	+	0	ID=6_5;partial=00;start_type=ATG;rbs_motif=AGGAG;rbs_spacer=5-10bp;gc_cont=0.380;conf=99.99;score=190.94;cscore=177.26;sscore=13.68;rscore=11.61;uscore=-1.15;tscore=2.10;
contig_28	Prodigal_v2.6.3	CDS	4368	4685	50.0	+	0	ID=6_6;partial=00;start_type=ATG;rbs_motif=AGGA/GGAG/GAGG;rbs_spacer=11-12bp;gc_cont=0.425;conf=100.00;score=50.02;cscore=36.93;sscore=13.09;rscore=3.90;uscore=5.92;tscore=2.10;
contig_28	Prodigal_v2.6.3	CDS	4795	5166	45.3	-	0	ID=6_7;partial=00;start_type=ATG;rbs_motif=AGGAG;rbs_spacer=5-10bp;gc_cont=0.352;conf=100.00;score=45.27;cscore=28.43;sscore=16.85;rscore=11.61;uscore=2.16;tscore=2.10;
contig_28	Prodigal_v2.6.3	CDS	5194	6321	128.2	-	0	ID=6_8;partial=00;start_type=ATG;rbs_motif=GGA/GAG/AGG;rbs_spacer=5-10bp;gc_cont=0.352;conf=100.00;score=128.19;cscore=127.86;sscore=0.33;rscore=-0.18;uscore=-0.94;tscore=2.10;
contig_28	Prodigal_v2.6.3	CDS	6704	7006	64.0	+	0	ID=6_9;partial=00;start_type=ATG;rbs_motif=AGxAGG/AGGxGG;rbs_spacer=5-10bp;gc_cont=0.383;conf=100.00;score=63.98;cscore=48.62;sscore=15.37;rscore=10.15;uscore=3.12;tscore=2.10;
contig_28	Prodigal_v2.6.3	CDS	7023	7907	161.4	+	0	ID=6_10;partial=00;start_type=ATG;rbs_motif=AGxAGG/AGGxGG;rbs_spacer=5-10bp;gc_cont=0.380;conf=100.00;score=161.43;cscore=146.86;sscore=14.57;rscore=10.15;uscore=1.22;tscore=2.10;
contig_28	Prodigal_v2.6.3	CDS	7877	8134	11.5	+	0	ID=6_11;partial=00;start_type=GTG;rbs_motif=None;rbs_spacer=None;gc_cont=0.384;conf=93.34;score=11.48;cscore=23.49;sscore=-12.01;rscore=-8.02;uscore=-1.93;tscore=-2.07;
contig_28	Prodigal_v2.6.3	CDS	8107	8328	18.9	+	0	ID=6_12;partial=00;start_type=ATG;rbs_motif=None;rbs_spacer=None;gc_cont=0.383;conf=98.72;score=18.90;cscore=27.47;sscore=-8.57;rscore=-9.15;uscore=-1.25;tscore=1.84;
contig_28	Prodigal_v2.6.3	CDS	8512	8835	66.1	+	0	ID=6_13;partial=00;start_type=ATG;rbs_motif=GGAG/GAGG;rbs_spacer=5-10bp;gc_cont=0.383;conf=100.00;score=66.05;cscore=54.69;sscore=11.36;rscore=8.70;uscore=1.21;tscore=2.10;
contig_28	Prodigal_v2.6.3	CDS	8839	10164	280.6	+	0	ID=6_14;partial=00;start_type=ATG;rbs_motif=GGA/GAG/AGG;rbs_spacer=5-10bp;gc_cont=0.381;conf=99.99;score=280.60;cscore=276.09;sscore=4.51;rscore=-0.18;uscore=1.35;tscore=2.10;
contig_28	Prodigal_v2.6.3	CDS	10214	10447	33.6	+	0	ID=6_15;partial=00;start_type=ATG;rbs_motif=AGGAGG;rbs_spacer=5-10bp;gc_cont=0.402;conf=99.96;score=33.56;cscore=24.12;sscore=9.44;rscore=11.88;uscore=-5.12;tscore=1.94;
contig_28	Prodigal_v2.6.3	CDS	10455	10916	42.7	+	0	ID=6_16;partial=00;start_type=TTG;rbs_motif=AGxAG;rbs_spacer=5-10bp;gc_cont=0.387;conf=99.99;score=42.70;cscore=57.48;sscore=-14.78;rscore=-5.96;uscore=-5.05;tscore=-4.97;
contig_28	Prodigal_v2.6.3	CDS	10955	11791	75.6	-	0	ID=6_17;partial=01;start_type=Edge;rbs_motif=None;rbs_spacer=None;gc_cont=0.416;conf=100.00;score=75.65;cscore=72.43;sscore=3.22;rscore=0.00;uscore=0.00;tscore=3.22;
# Sequence Data: seqnum=7;seqlen=4799;seqhdr="contig_14"
# Model Data: version=Prodigal.v2.6.3;run_type=Single;model="Ab initio";gc_cont=36.15;transl_table=11;uses_sd=1
contig_14	Prodigal_v2.6.3	CDS	39	479	86.8	-	0	ID=7_1;partial=00;start_type=ATG;rbs_motif=GGAG/GAGG;rbs_spacer=5-10bp;gc_cont=0.385;conf=100.00;score=86.77;cscore=73.97;sscore=12.79;rscore=8.70;uscore=0.90;tscore=2.10;
contig_14	Prodigal_v2.6.3	CDS	497	2680	430.3	-	0	ID=7_2;partial=00;start_type=ATG;rbs_motif=GGA/GAG/AGG;rbs_spacer=5-10bp;gc_cont=0.370;conf=99.99;score=430.25;cscore=426.91;sscore=3.34;rscore=-0.18;uscore=2.07;tscore=2.10;
contig_14	Prodigal_v2.6.3	CDS	3056	3400	83.8	-	0	ID=7_3;partial=00;start_type=ATG;rbs_motif=AGGAGG;rbs_spacer=5-10bp;gc_cont=0.386;conf=100.00;score=83.78;cscore=67.41;sscore=16.38;rscore=12.86;uscore=0.65;tscore=2.10;
contig_14	Prodigal_v2.6.3	CDS	3447	3755	31.9	-	0	ID=7_4;partial=00;start_type=TTG;rbs_motif=None;rbs_spacer=None;gc_cont=0.314;conf=99.93;score=31.87;cscore=35.54;sscore=-3.67;rscore=-8.02;uscore=-1.32;tscore=-4.97;
contig_14	Prodigal_v2.6.3	CDS	3752	4012	12.9	-	0	ID=7_5;partial=00;start_type=ATG;rbs_motif=None;rbs_spacer=None;gc_cont=0.326;conf=95.12;score=12.92;cscore=19.07;sscore=-6.15;rscore=-8.02;uscore=0.42;tscore=2.10;
contig_14	Prodigal_v2.6.3	CDS	4202	4798	120.7	-	0	ID=7_6;partial=01;start_type=Edge;rbs_motif=None;rbs_spacer=None;gc_cont=0.402;conf=100.00;score=120.66;cscore=117.44;sscore=3.22;rscore=0.00;uscore=0.00;tscore=3.22;
# Sequence Data: seqnum=8;seqlen=22766;seqhdr="contig_51"
# Model Data: version=Prodigal.v2.6.3;run_type=Single;model="Ab initio";gc_cont=36.15;transl_table=11;uses_sd=1
contig_51	Prodigal_v2.6.3	CDS	272	1255	196.1	-	0	ID=8_1;partial=00;start_type=ATG;rbs_motif=AGGAGG;rbs_spacer=5-10bp;gc_cont=0.361;conf=99.99;score=196.15;cscore=187.06;sscore=9.08;rscore=12.86;uscore=-5.22;tscore=2.10;
contig_51	Prodigal_v2.6.3	CDS	1992	2126	19.1	+	0	ID=8_2;partial=00;start_type=ATG;rbs_motif=GGAG/GAGG;rbs_spacer=5-10bp;gc_cont=0.378;conf=98.77;score=19.09;cscore=12.80;sscore=6.29;rscore=4.60;uscore=0.59;tscore=1.11;
contig_51	Prodigal_v2.6.3	CDS	2218	2784	63.1	-	0	ID=8_3;partial=00;start_type=TTG;rbs_motif=None;rbs_spacer=None;gc_cont=0.377;conf=100.00;score=63.09;cscore=73.23;sscore=-10.15;rscore=-8.02;uscore=2.84;tscore=-4.97;
contig_51	Prodigal_v2.6.3	CDS	2747	3082	22.8	-	0	ID=8_4;partial=00;start_type=ATG;rbs_motif=None;rbs_spacer=None;gc_cont=0.357;conf=99.47;score=22.75;cscore=30.38;sscore=-7.63;rscore=-8.02;uscore=-1.06;tscore=2.10;
contig_51	Prodigal_v2.6.3	CDS	3297	3602	19.5	-	0	ID=8_5;partial=00;start_type=GTG;rbs_motif=None;rbs_spacer=None;gc_cont=0.389;conf=98.87;score=19.46;cscore=27.57;sscore=-8.11;rscore=-8.02;uscore=1.97;tscore=-2.07;
contig_51	Prodigal_v2.6.3	CDS	3682	5418	238.4	-	0	ID=8_6;partial=00;start_type=ATG;rbs_motif=AGGA/GGAG/GAGG;rbs_spacer=11-12bp;gc_cont=0.355;conf=99.99;score=238.45;cscore=228.14;sscore=10.31;rscore=3.90;uscore=4.32;tscore=2.10;
contig_51	Prodigal_v2.6.3	CDS	5536	6468	126.9	-	0	ID=8_7;partial=00;start_type=TTG;rbs_motif=GGA/GAG/AGG;rbs_spacer=5-10bp;gc_cont=0.353;conf=100.00;score=126.85;cscore=129.95;sscore=-3.10;rscore=-0.18;uscore=0.80;tscore=-4.97;
contig_51	Prodigal_v2.6.3	CDS	6471	7760	159.2	-	0	ID=8_8;partial=00;start_type=TTG;rbs_motif=AGGA;rbs_spacer=5-10bp;gc_cont=0.335;conf=100.00;score=159.20;cscore=159.50;sscore=-0.30;rscore=5.13;uscore=-0.46;tscore=-4.97;
contig_51	Prodigal_v2.6.3	CDS	7834	9546	366.0	-	0	ID=8_9;partial=00;start_type=ATG;rbs_motif=GGAG/GAGG;rbs_spacer=5-10bp;gc_cont=0.400;conf=99.99;score=365.96;cscore=352.39;sscore=13.57;rscore=8.70;uscore=2.77;tscore=2.10;
contig_51	Prodigal_v2.6.3	CDS	9622	11061	307.7	-	0	ID=8_10;partial=00;start_type=ATG;rbs_motif=AGGAG;rbs_spacer=5-10bp;gc_cont=0.392;conf=99.99;score=307.73;cscore=292.38;sscore=15.35;rscore=11.61;uscore=0.63;tscore=2.10;
contig_51	Prodigal_v2.6.3	CDS	11086	12357	236.8	-	0	ID=8_11;partial=00;start_type=ATG;rbs_motif=GGA/GAG/AGG;rbs_spacer=5-10bp;gc_cont=0.374;conf=99.99;score=236.82;cscore=232.90;sscore=3.92;rscore=-0.18;uscore=2.65;tscore=2.10;
contig_51	Prodigal_v2.6.3	CDS	12734	13477	109.7	+	0	ID=8_12;partial=00;start_type=ATG;rbs_motif=AGxAGG/AGGxGG;rbs_spacer=5-10bp;gc_cont=0.384;conf=100.00;score=109.68;cscore=100.91;sscore=8.77;rscore=10.15;uscore=-3.48;tscore=2.10;
contig_51	Prodigal_v2.6.3	CDS	13532	14743	162.9	-	0	ID=8_13;partial=00;start_type=ATG;rbs_motif=AGGA;rbs_spacer=5-10bp;gc_cont=0.331;conf=100.00;score=162.90;cscore=152.27;sscore=10.63;rscore=5.13;uscore=3.40;tscore=2.10;
contig_51	Prodigal_v2.6.3	CDS	14854	15999	166.0	-	0	ID=8_14;partial=00;start_type=ATG;rbs_motif=GGAGG;rbs_spacer=5-10bp;gc_cont=0.311;conf=100.00;score=166.00;cscore=149.60;sscore=16.40;rscore=12.11;uscore=0.93;tscore=2.10;
contig_51	Prodigal_v2.6.3	CDS	16001	17110	177.6	-	0	ID=8_15;partial=00;start_type=TTG;rbs_motif=GGAGG;rbs_spacer=5-10bp;gc_cont=0.352;conf=100.00;score=177.59;cscore=162.79;sscore=14.80;rscore=12.11;uscore=6.78;tscore=-4.97;
contig_51	Prodigal_v2.6.3	CDS	17148	18086	152.5	-	0	ID=8_16;partial=00;start_type=ATG;rbs_motif=GGA/GAG/AGG;rbs_spacer=5-10bp;gc_cont=0.345;conf=100.00;score=152.51;cscore=148.79;sscore=3.72;rscore=-0.18;uscore=1.80;tscore=2.10;
contig_51	Prodigal_v2.6.3	CDS	18210	18869	94.1	-	0	ID=8_17;partial=00;start_type=ATG;rbs_motif=None;rbs_spacer=None;gc_cont=0.361;conf=100.00;score=94.10;cscore=101.30;sscore=-7.21;rscore=-8.02;uscore=-1.29;tscore=2.10;
contig_51	Prodigal_v2.6.3	CDS	18845	19312	20.4	-	0	ID=8_18;partial=00;start_type=ATG;rbs_motif=3Base/5BMM;rbs_spacer=13-15bp;gc_cont=0.286;conf=99.10;score=20.43;cscore=17.28;sscore=3.14;rscore=-2.75;uscore=2.57;tscore=2.10;
contig_51	Prodigal_v2.6.3	CDS	19317	19685	40.7	-	0	ID=8_19;partial=00;start_type=TTG;rbs_motif=None;rbs_spacer=None;gc_cont=0.317;conf=99.99;score=40.72;cscore=55.08;sscore=-14.36;rscore=-8.02;uscore=-2.05;tscore=-4.97;
contig_51	Prodigal_v2.6.3	CDS	19741	19992	27.4	-	0	ID=8_20;partial=00;start_type=GTG;rbs_motif=GGA/GAG/AGG;rbs_spacer=5-10bp;gc_cont=0.325;conf=99.81;score=27.36;cscore=26.91;sscore=0.44;rscore=-0.18;uscore=3.35;tscore=-2.07;
contig_51	Prodigal_v2.6.3	CDS	20240	20722	38.8	+	0	ID=8_21;partial=00;start_type=GTG;rbs_motif=None;rbs_spacer=None;gc_cont=0.348;conf=99.99;score=38.76;cscore=47.92;sscore=-9.16;rscore=-8.02;uscore=0.92;tscore=-2.07;
contig_51	Prodigal_v2.6.3	CDS	20719	21084	33.6	+	0	ID=8_22;partial=00;start_type=ATG;rbs_motif=AGGAGG;rbs_spacer=5-10bp;gc_cont=0.309;conf=99.96;score=33.55;cscore=13.31;sscore=20.24;rscore=12.86;uscore=3.99;tscore=2.10;
contig_51	Prodigal_v2.6.3	CDS	21156	22226	146.2	+	0	ID=8_23;partial=00;start_type=ATG;rbs_motif=GGAGG;rbs_spacer=5-10bp;gc_cont=0.345;conf=100.00;score=146.18;cscore=128.70;sscore=17.48;rscore=12.11;uscore=3.27;tscore=2.10;
contig_51	Prodigal_v2.6.3	CDS	22231	22710	37.8	+	0	ID=8_24;partial=00;start_type=ATG;rbs_motif=None;rbs_spacer=None;gc_cont=0.340;conf=99.98;score=37.84;cscore=40.93;sscore=-3.09;rscore=-8.02;uscore=1.60;tscore=2.10;
# Sequence Data: seqnum=9;seqlen=27610;seqhdr="contig_43"
# Model Data: version=Prodigal.v2.6.3;run_type=Single;model="Ab initio";gc_cont=36.15;transl_table=11;uses_sd=1
contig_43	Prodigal_v2.6.3	CDS	211	462	25.7	-	0	ID=9_1;partial=00;start_type=GTG;rbs_motif=GGA/GAG/AGG;rbs_spacer=5-10bp;gc_cont=0.333;conf=99.73;score=25.72;cscore=30.16;sscore=-4.44;rscore=-0.18;uscore=-1.53;tscore=-2.07;
contig_43	Prodigal_v2.6.3	CDS	687	812	2.4	-	0	ID=9_2;partial=00;start_type=ATG;rbs_motif=GGA/GAG/AGG;rbs_spacer=5-10bp;gc_cont=0.365;conf=63.66;score=2.44;cscore=2.10;sscore=0.34;rscore=-0.36;uscore=0.33;tscore=1.03;
contig_43	Prodigal_v2.6.3	CDS	1740	1865	24.5	-	0	ID=9_3;partial=00;start_type=ATG;rbs_motif=AGGAG;rbs_spacer=5-10bp;gc_cont=0.286;conf=99.64;score=24.51;cscore=16.05;sscore=8.46;rscore=5.71;uscore=1.72;tscore=1.03;
contig_43	Prodigal_v2.6.3	CDS	1993	2445	76.1	-	0	ID=9_4;partial=00;start_type=ATG;rbs_motif=GGA/GAG/AGG;rbs_spacer=5-10bp;gc_cont=0.386;conf=100.00;score=76.14;cscore=76.40;sscore=-0.27;rscore=-0.18;uscore=-2.19;tscore=2.10;
contig_43	Prodigal_v2.6.3	CDS	2427	2909	84.3	-	0	ID=9_5;partial=00;start_type=ATG;rbs_motif=AGGAG;rbs_spacer=5-10bp;gc_cont=0.366;conf=100.00;score=84.34;cscore=67.39;sscore=16.96;rscore=11.61;uscore=3.90;tscore=2.10;
contig_43	Prodigal_v2.6.3	CDS	3065	3493	58.1	+	0	ID=9_6;partial=00;start_type=ATG;rbs_motif=AGxAGG/AGGxGG;rbs_spacer=5-10bp;gc_cont=0.434;conf=100.00;score=58.09;cscore=46.05;sscore=12.04;rscore=10.15;uscore=-0.21;tscore=2.10;
contig_43	Prodigal_v2.6.3	CDS	3541	4542	116.4	-	0	ID=9_7;partial=00;start_type=ATG;rbs_motif=GGA/GAG/AGG;rbs_spacer=11-12bp;gc_cont=0.316;conf=100.00;score=116.41;cscore=112.63;sscore=3.78;rscore=-0.53;uscore=0.39;tscore=2.10;
contig_43	Prodigal_v2.6.3	CDS	4539	5093	51.9	-	0	ID=9_8;partial=00;start_type=ATG;rbs_motif=GGAG/GAGG;rbs_spacer=5-10bp;gc_cont=0.342;conf=100.00;score=51.94;cscore=40.09;sscore=11.85;rscore=8.70;uscore=1.70;tscore=2.10;
contig_43	Prodigal_v2.6.3	CDS	5527	5664	6.9	-	0	ID=9_9;partial=00;start_type=ATG;rbs_motif=GGAG/GAGG;rbs_spacer=5-10bp;gc_cont=0.275;conf=82.87;score=6.86;cscore=0.04;sscore=6.81;rscore=4.70;uscore=1.63;tscore=1.13;
contig_43	Prodigal_v2.6.3	CDS	5878	6057	2.2	+	0	ID=9_10;partial=00;start_type=ATG;rbs_motif=AGGA;rbs_spacer=5-10bp;gc_cont=0.339;conf=62.37;score=2.20;cscore=-3.36;sscore=5.55;rscore=3.63;uscore=0.94;tscore=1.49;
contig_43	Prodigal_v2.6.3	CDS	6195	6716	27.9	+	0	ID=9_11;partial=00;start_type=TTG;rbs_motif=None;rbs_spacer=None;gc_cont=0.343;conf=99.84;score=27.94;cscore=43.01;sscore=-15.07;rscore=-8.02;uscore=-2.08;tscore=-4.97;
contig_43	Prodigal_v2.6.3	CDS	6713	6904	11.5	+	0	ID=9_12;partial=00;start_type=ATG;rbs_motif=GGAG/GAGG;rbs_spacer=5-10bp;gc_cont=0.333;conf=93.41;score=11.54;cscore=2.07;sscore=9.46;rscore=6.58;uscore=-2.39;tscore=1.59;
contig_43	Prodigal_v2.6.3	CDS	6953	7303	39.4	+	0	ID=9_13;partial=00;start_type=GTG;rbs_motif=None;rbs_spacer=None;gc_cont=0.271;conf=99.99;score=39.39;cscore=49.62;sscore=-10.23;rscore=-8.02;uscore=-0.89;tscore=-2.07;
contig_43	Prodigal_v2.6.3	CDS	7633	9051	186.8	-	0	ID=9_14;partial=00;start_type=TTG;rbs_motif=AGxAGG/AGGxGG;rbs_spacer=5-10bp;gc_cont=0.327;conf=99.99;score=186.75;cscore=178.28;sscore=8.47;rscore=10.15;uscore=3.94;tscore=-4.97;
contig_43	Prodigal_v2.6.3	CDS	9332	9961	94.0	-	0	ID=9_15;partial=00;start_type=ATG;rbs_motif=AGGAG/GGAGG;rbs_spacer=11-12bp;gc_cont=0.306;conf=100.00;score=94.01;cscore=78.56;sscore=15.45;rscore=8.34;uscore=5.66;tscore=2.10;
contig_43	Prodigal_v2.6.3	CDS	10197	10694	54.1	-	0	ID=9_16;partial=00;start_type=ATG;rbs_motif=AGGA;rbs_spacer=5-10bp;gc_cont=0.311;conf=100.00;score=54.08;cscore=47.33;sscore=6.75;rscore=5.13;uscore=0.17;tscore=2.10;
contig_43	Prodigal_v2.6.3	CDS	10908	11075	20.9	-	0	ID=9_17;partial=00;start_type=ATG;rbs_motif=AGxAGG/AGGxGG;rbs_spacer=5-10bp;gc_cont=0.286;conf=99.18;score=20.87;cscore=10.61;sscore=10.25;rscore=6.70;uscore=2.82;tscore=1.38;
contig_43	Prodigal_v2.6.3	CDS	11299	11487	17.3	-	0	ID=9_18;partial=00;start_type=ATG;rbs_motif=GGA/GAG/AGG;rbs_spacer=11-12bp;gc_cont=0.307;conf=98.17;score=17.33;cscore=14.47;sscore=2.85;rscore=-0.71;uscore=-4.51;tscore=1.56;
contig_43	Prodigal_v2.6.3	CDS	11484	12224	111.7	-	0	ID=9_19;partial=00;start_type=ATG;rbs_motif=GGAG/GAGG;rbs_spacer=5-10bp;gc_cont=0.313;conf=100.00;score=111.73;cscore=95.35;sscore=16.38;rscore=8.70;uscore=6.23;tscore=2.10;
contig_43	Prodigal_v2.6.3	CDS	12654	12854	6.4	-	0	ID=9_20;partial=00;start_type=ATG;rbs_motif=GGA/GAG/AGG;rbs_spacer=11-12bp;gc_cont=0.294;conf=81.31;score=6.40;cscore=3.94;sscore=2.46;rscore=-0.67;uscore=2.12;tscore=1.66;
contig_43	Prodigal_v2.6.3	CDS	13067	13510	43.5	+	0	ID=9_21;partial=00;start_type=ATG;rbs_motif=AGGAGG;rbs_spacer=5-10bp;gc_cont=0.293;conf=100.00;score=43.46;cscore=30.26;sscore=13.21;rscore=12.86;uscore=-1.75;tscore=2.10;
contig_43	Prodigal_v2.6.3	CDS	13529	14959	178.3	+	0	ID=9_22;partial=00;start_type=ATG;rbs_motif=AGGAG;rbs_spacer=5-10bp;gc_cont=0.336;conf=100.00;score=178.31;cscore=161.99;sscore=16.32;rscore=11.61;uscore=1.53;tscore=2.10;
contig_43	Prodigal_v2.6.3	CDS	15087	15269	3.8	-	0	ID=9_23;partial=00;start_type=GTG;rbs_motif=None;rbs_spacer=None;gc_cont=0.322;conf=70.50;score=3.79;cscore=16.11;sscore=-12.32;rscore=-11.13;uscore=1.68;tscore=-2.87;
contig_43	Prodigal_v2.6.3	CDS	15436	16812	172.1	-	0	ID=9_24;partial=00;start_type=ATG;rbs_motif=GGAG/GAGG;rbs_spacer=5-10bp;gc_cont=0.308;conf=100.00;score=172.08;cscore=161.98;sscore=10.10;rscore=8.70;uscore=-0.70;tscore=2.10;
contig_43	Prodigal_v2.6.3	CDS	16788	16913	4.1	-	0	ID=9_25;partial=00;start_type=ATG;rbs_motif=AGGAGG;rbs_spacer=11-12bp;gc_cont=0.238;conf=71.74;score=4.05;cscore=-3.80;sscore=7.85;rscore=5.86;uscore=1.46;tscore=1.03;
contig_43	Prodigal_v2.6.3	CDS	17058	17822	67.4	-	0	ID=9_26;partial=00;start_type=ATG;rbs_motif=AGxAGG/AGGxGG;rbs_spacer=5-10bp;gc_cont=0.420;conf=100.00;score=67.37;cscore=53.82;sscore=13.54;rscore=10.15;uscore=-4.69;tscore=2.10;
contig_43	Prodigal_v2.6.3	CDS	17819	19057	85.6	-	0	ID=9_27;partial=00;start_type=ATG;rbs_motif=GGAG/GAGG;rbs_spacer=5-10bp;gc_cont=0.421;conf=100.00;score=85.61;cscore=72.51;sscore=13.10;rscore=8.70;uscore=2.95;tscore=2.10;
contig_43	Prodigal_v2.6.3	CDS	19192	20883	227.5	+	0	ID=9_28;partial=00;start_type=ATG;rbs_motif=None;rbs_spacer=None;gc_cont=0.301;conf=99.99;score=227.49;cscore=235.12;sscore=-7.64;rscore=-8.02;uscore=-1.72;tscore=2.10;
contig_43	Prodigal_v2.6.3	CDS	20898	21992	115.0	-	0	ID=9_29;partial=00;start_type=ATG;rbs_motif=AGGAG;rbs_spacer=5-10bp;gc_cont=0.293;conf=100.00;score=115.02;cscore=103.17;sscore=11.85;rscore=11.61;uscore=-1.21;tscore=2.10;
contig_43	Prodigal_v2.6.3	CDS	22405	23262	102.1	+	0	ID=9_30;partial=00;start_type=ATG;rbs_motif=GGA/GAG/AGG;rbs_spacer=3-4bp;gc_cont=0.280;conf=100.00;score=102.13;cscore=107.18;sscore=-5.05;rscore=-4.86;uscore=-2.29;tscore=2.10;
contig_43	Prodigal_v2.6.3	CDS	23420	23776	28.0	-	0	ID=9_31;partial=00;start_type=ATG;rbs_motif=None;rbs_spacer=None;gc_cont=0.317;conf=99.84;score=27.96;cscore=27.93;sscore=0.03;rscore=-8.02;uscore=4.77;tscore=2.10;
contig_43	Prodigal_v2.6.3	CDS	23763	24095	25.6	-	0	ID=9_32;partial=00;start_type=TTG;rbs_motif=AGGAG;rbs_spacer=5-10bp;gc_cont=0.312;conf=99.72;score=25.64;cscore=18.39;sscore=7.25;rscore=11.61;uscore=1.26;tscore=-4.97;
contig_43	Prodigal_v2.6.3	CDS	24354	25007	87.9	-	0	ID=9_33;partial=00;start_type=GTG;rbs_motif=AGxAGG/AGGxGG;rbs_spacer=5-10bp;gc_cont=0.350;conf=100.00;score=87.88;cscore=76.15;sscore=11.72;rscore=10.15;uscore=4.29;tscore=-2.07;
contig_43	Prodigal_v2.6.3	CDS	25189	25764	82.5	-	0	ID=9_34;partial=00;start_type=TTG;rbs_motif=AGGAGG;rbs_spacer=5-10bp;gc_cont=0.306;conf=100.00;score=82.54;cscore=75.03;sscore=7.52;rscore=12.86;uscore=0.28;tscore=-4.97;
contig_43	Prodigal_v2.6.3	CDS	25986	27212	125.4	+	0	ID=9_35;partial=00;start_type=GTG;rbs_motif=AGxAGG/AGGxGG;rbs_spacer=5-10bp;gc_cont=0.339;conf=100.00;score=125.36;cscore=116.64;sscore=8.72;rscore=10.15;uscore=0.63;tscore=-2.07;
contig_43	Prodigal_v2.6.3	CDS	27304	27453	16.0	-	0	ID=9_36;partial=00;start_type=ATG;rbs_motif=GGA/GAG/AGG;rbs_spacer=11-12bp;gc_cont=0.393;conf=97.52;score=15.96;cscore=15.25;sscore=0.72;rscore=-0.90;uscore=0.39;tscore=1.23;
# Sequence Data: seqnum=10;seqlen=4511;seqhdr="contig_39"
# Model Data: version=Prodigal.v2.6.3;run_type=Single;model="Ab initio";gc_cont=36.15;transl_table=11;uses_sd=1
contig_39	Prodigal_v2.6.3	CDS	63	1025	196.3	-	0	ID=10_1;partial=00;start_type=GTG;rbs_motif=AGGAG;rbs_spacer=5-10bp;gc_cont=0.397;conf=99.99;score=196.32;cscore=183.76;sscore=12.56;rscore=11.61;uscore=1.99;tscore=-2.07;
contig_39	Prodigal_v2.6.3	CDS	1049	1252	34.1	-	0	ID=10_2;partial=00;start_type=ATG;rbs_motif=GGAG/GAGG;rbs_spacer=5-10bp;gc_cont=0.407;conf=99.96;score=34.14;cscore=23.36;sscore=10.78;rscore=7.00;uscore=2.09;tscore=1.69;
contig_39	Prodigal_v2.6.3	CDS	1204	1431	18.7	-	0	ID=10_3;partial=00;start_type=TTG;rbs_motif=AGGA;rbs_spacer=5-10bp;gc_cont=0.373;conf=98.65;score=18.65;cscore=19.10;sscore=-0.45;rscore=4.62;uscore=0.46;tscore=-5.52;
contig_39	Prodigal_v2.6.3	CDS	1397	1720	30.6	-	0	ID=10_4;partial=00;start_type=ATG;rbs_motif=GGA/GAG/AGG;rbs_spacer=5-10bp;gc_cont=0.327;conf=99.91;score=30.60;cscore=27.20;sscore=3.39;rscore=-0.18;uscore=-2.85;tscore=2.10;
contig_39	Prodigal_v2.6.3	CDS	1717	2079	55.3	-	0	ID=10_5;partial=00;start_type=TTG;rbs_motif=AGxAGG/AGGxGG;rbs_spacer=5-10bp;gc_cont=0.353;conf=100.00;score=55.30;cscore=46.98;sscore=8.32;rscore=10.15;uscore=1.86;tscore=-4.97;
contig_39	Prodigal_v2.6.3	CDS	2080	2940	169.5	-	0	ID=10_6;partial=00;start_type=ATG;rbs_motif=GGAG/GAGG;rbs_spacer=5-10bp;gc_cont=0.397;conf=100.00;score=169.47;cscore=155.76;sscore=13.71;rscore=8.70;uscore=2.91;tscore=2.10;
contig_39	Prodigal_v2.6.3	CDS	2915	3787	125.3	-	0	ID=10_7;partial=00;start_type=ATG;rbs_motif=None;rbs_spacer=None;gc_cont=0.353;conf=100.00;score=125.31;cscore=129.02;sscore=-3.70;rscore=-8.02;uscore=0.95;tscore=2.10;
contig_39	Prodigal_v2.6.3	CDS	3781	4227	58.2	-	0	ID=10_8;partial=00;start_type=ATG;rbs_motif=None;rbs_spacer=None;gc_cont=0.423;conf=100.00;score=58.24;cscore=53.74;sscore=4.51;rscore=-8.02;uscore=1.13;tscore=2.10;
contig_39	Prodigal_v2.6.3	CDS	4227	4367	15.0	-	0	ID=10_9;partial=00;start_type=ATG;rbs_motif=GGA/GAG/AGG;rbs_spacer=5-10bp;gc_cont=0.277;conf=96.91;score=14.99;cscore=12.82;sscore=2.17;rscore=-0.32;uscore=1.34;tscore=1.16;
# Sequence Data: seqnum=11;seqlen=19686;seqhdr="contig_27"
# Model Data: version=Prodigal.v2.6.3;run_type=Single;model="Ab initio";gc_cont=36.15;transl_table=11;uses_sd=1
contig_27	Prodigal_v2.6.3	CDS	3	194	26.9	+	0	ID=11_1;partial=10;start_type=Edge;rbs_motif=None;rbs_spacer=None;gc_cont=0.484;conf=99.79;score=26.91;cscore=23.69;sscore=3.22;rscore=0.00;uscore=0.00;tscore=3.22;
contig_27	Prodigal_v2.6.3	CDS	519	1967	250.1	+	0	ID=11_2;partial=00;start_type=ATG;rbs_motif=AGGAG;rbs_spacer=5-10bp;gc_cont=0.404;conf=99.99;score=250.05;cscore=239.85;sscore=10.20;rscore=11.61;uscore=-2.85;tscore=2.10;
contig_27	Prodigal_v2.6.3	CDS	1968	3086	165.2	+	0	ID=11_3;partial=00;start_type=GTG;rbs_motif=GGAGG;rbs_spacer=5-10bp;gc_cont=0.424;conf=100.00;score=165.18;cscore=150.72;sscore=14.46;rscore=12.11;uscore=3.15;tscore=-2.07;
contig_27	Prodigal_v2.6.3	CDS	3308	4006	141.1	+	0	ID=11_4;partial=00;start_type=ATG;rbs_motif=AGxAGG/AGGxGG;rbs_spacer=5-10bp;gc_cont=0.378;conf=100.00;score=141.11;cscore=130.30;sscore=10.81;rscore=10.15;uscore=-0.79;tscore=2.10;
contig_27	Prodigal_v2.6.3	CDS	3999	5105	160.9	+	0	ID=11_5;partial=00;start_type=ATG;rbs_motif=AGxAGG/AGGxGG;rbs_spacer=11-12bp;gc_cont=0.341;conf=100.00;score=160.86;cscore=148.94;sscore=11.92;rscore=6.92;uscore=1.65;tscore=2.10;
contig_27	Prodigal_v2.6.3	CDS	5188	6048	123.6	+	0	ID=11_6;partial=00;start_type=ATG;rbs_motif=AGGAGG;rbs_spacer=5-10bp;gc_cont=0.345;conf=100.00;score=123.64;cscore=109.08;sscore=14.56;rscore=12.86;uscore=-0.40;tscore=2.10;
contig_27	Prodigal_v2.6.3	CDS	6170	7399	118.2	-	0	ID=11_7;partial=00;start_type=TTG;rbs_motif=AGGAGG;rbs_spacer=5-10bp;gc_cont=0.372;conf=100.00;score=118.18;cscore=111.16;sscore=7.02;rscore=12.86;uscore=-0.22;tscore=-4.97;
contig_27	Prodigal_v2.6.3	CDS	7611	8711	192.9	+	0	ID=11_8;partial=00;start_type=ATG;rbs_motif=GGA/GAG/AGG;rbs_spacer=5-10bp;gc_cont=0.402;conf=99.99;score=192.93;cscore=190.68;sscore=2.24;rscore=-0.18;uscore=0.33;tscore=2.10;
contig_27	Prodigal_v2.6.3	CDS	8689	9792	223.1	+	0	ID=11_9;partial=00;start_type=ATG;rbs_motif=GGA/GAG/AGG;rbs_spacer=11-12bp;gc_cont=0.389;conf=99.99;score=223.12;cscore=219.66;sscore=3.45;rscore=-0.53;uscore=1.89;tscore=2.10;
contig_27	Prodigal_v2.6.3	CDS	9794	10549	182.7	+	0	ID=11_10;partial=00;start_type=ATG;rbs_motif=AGxAGG/AGGxGG;rbs_spacer=5-10bp;gc_cont=0.393;conf=99.99;score=182.74;cscore=164.97;sscore=17.77;rscore=10.15;uscore=4.25;tscore=2.10;
contig_27	Prodigal_v2.6.3	CDS	10542	11558	161.0	+	0	ID=11_11;partial=00;start_type=ATG;rbs_motif=3Base/5BMM;rbs_spacer=13-15bp;gc_cont=0.410;conf=100.00;score=161.05;cscore=158.03;sscore=3.02;rscore=-2.75;uscore=2.42;tscore=2.10;
contig_27	Prodigal_v2.6.3	CDS	11558	12283	108.4	+	0	ID=11_12;partial=00;start_type=GTG;rbs_motif=3Base/5BMM;rbs_spacer=13-15bp;gc_cont=0.361;conf=100.00;score=108.40;cscore=109.19;sscore=-0.78;rscore=-2.75;uscore=-1.06;tscore=-2.07;
contig_27	Prodigal_v2.6.3	CDS	12332	13657	222.1	+	0	ID=11_13;partial=00;start_type=ATG;rbs_motif=GGA/GAG/AGG;rbs_spacer=5-10bp;gc_cont=0.369;conf=99.99;score=222.05;cscore=219.81;sscore=2.24;rscore=-0.18;uscore=-0.42;tscore=2.10;
contig_27	Prodigal_v2.6.3	CDS	14071	15219	124.5	-	0	ID=11_14;partial=00;start_type=ATG;rbs_motif=None;rbs_spacer=None;gc_cont=0.320;conf=100.00;score=124.46;cscore=128.49;sscore=-4.03;rscore=-8.02;uscore=1.89;tscore=2.10;
contig_27	Prodigal_v2.6.3	CDS	15179	16048	87.4	-	0	ID=11_15;partial=00;start_type=ATG;rbs_motif=AGGAGG;rbs_spacer=5-10bp;gc_cont=0.326;conf=100.00;score=87.40;cscore=71.14;sscore=16.25;rscore=12.86;uscore=-0.40;tscore=2.10;
contig_27	Prodigal_v2.6.3	CDS	16045	16761	103.9	-	0	ID=11_16;partial=00;start_type=GTG;rbs_motif=None;rbs_spacer=None;gc_cont=0.367;conf=100.00;score=103.89;cscore=110.49;sscore=-6.60;rscore=-8.02;uscore=2.76;tscore=-2.07;
contig_27	Prodigal_v2.6.3	CDS	16812	18164	107.9	-	0	ID=11_17;partial=00;start_type=ATG;rbs_motif=None;rbs_spacer=None;gc_cont=0.336;conf=100.00;score=107.90;cscore=115.44;sscore=-7.54;rscore=-8.02;uscore=-1.62;tscore=2.10;
contig_27	Prodigal_v2.6.3	CDS	18300	18773	16.0	-	0	ID=11_18;partial=00;start_type=ATG;rbs_motif=AGGAGG;rbs_spacer=5-10bp;gc_cont=0.338;conf=97.56;score=16.05;cscore=8.42;sscore=7.63;rscore=12.86;uscore=-7.33;tscore=2.10;
contig_27	Prodigal_v2.6.3	CDS	18856	19149	21.4	-	0	ID=11_19;partial=00;start_type=ATG;rbs_motif=None;rbs_spacer=None;gc_cont=0.323;conf=99.28;score=21.44;cscore=25.67;sscore=-4.23;rscore=-8.02;uscore=0.52;tscore=2.10;
contig_27	Prodigal_v2.6.3	CDS	19134	19685	43.0	-	0	ID=11_20;partial=01;start_type=Edge;rbs_motif=None;rbs_spacer=None;gc_cont=0.330;conf=99.99;score=42.97;cscore=39.76;sscore=3.22;rscore=0.00;uscore=0.00;tscore=3.22;
# Sequence Data: seqnum=12;seqlen=2854;seqhdr="contig_36"
# Model Data: version=Prodigal.v2.6.3;run_type=Single;model="Ab initio";gc_cont=36.15;transl_table=11;uses_sd=1
contig_36	Prodigal_v2.6.3	CDS	3	347	13.5	-	0	ID=12_1;partial=10;start_type=TTG;rbs_motif=None;rbs_spacer=None;gc_cont=0.403;conf=95.75;score=13.55;cscore=22.73;sscore=-9.18;rscore=-8.02;uscore=2.71;tscore=-4.97;
contig_36	Prodigal_v2.6.3	CDS	365	991	20.9	-	0	ID=12_2;partial=00;start_type=ATG;rbs_motif=GGA/GAG/AGG;rbs_spacer=3-4bp;gc_cont=0.386;conf=99.19;score=20.90;cscore=24.40;sscore=-3.50;rscore=-4.86;uscore=-0.08;tscore=2.10;
contig_36	Prodigal_v2.6.3	CDS	1715	2470	86.1	-	0	ID=12_3;partial=00;start_type=ATG;rbs_motif=None;rbs_spacer=None;gc_cont=0.410;conf=100.00;score=86.11;cscore=95.52;sscore=-9.41;rscore=-8.02;uscore=-2.84;tscore=2.10;
contig_36	Prodigal_v2.6.3	CDS	2741	2854	7.0	-	0	ID=12_4;partial=01;start_type=Edge;rbs_motif=None;rbs_spacer=None;gc_cont=0.447;conf=83.34;score=7.00;cscore=3.79;sscore=3.22;rscore=0.00;uscore=0.00;tscore=3.22;
# Sequence Data: seqnum=13;seqlen=13554;seqhdr="contig_54"
# Model Data: version=Prodigal.v2.6.3;run_type=Single;model="Ab initio";gc_cont=36.15;transl_table=11;uses_sd=1
contig_54	Prodigal_v2.6.3	CDS	188	535	30.7	-	0	ID=13_1;partial=00;start_type=ATG;rbs_motif=AGxAGG/AGGxGG;rbs_spacer=11-12bp;gc_cont=0.374;conf=99.91;score=30.72;cscore=19.96;sscore=10.76;rscore=6.92;uscore=2.39;tscore=2.10;
contig_54	Prodigal_v2.6.3	CDS	822	1031	34.7	-	0	ID=13_2;partial=00;start_type=ATG;rbs_motif=AGGAGG;rbs_spacer=5-10bp;gc_cont=0.338;conf=99.97;score=34.69;cscore=19.50;sscore=15.19;rscore=10.65;uscore=3.46;tscore=1.74;
contig_54	Prodigal_v2.6.3	CDS	1661	2356	111.2	+	0	ID=13_3;partial=00;start_type=ATG;rbs_motif=GGA/GAG/AGG;rbs_spacer=5-10bp;gc_cont=0.346;conf=100.00;score=111.18;cscore=105.65;sscore=5.53;rscore=-0.18;uscore=3.61;tscore=2.10;
contig_54	Prodigal_v2.6.3	CDS	2325	3074	78.4	+	0	ID=13_4;partial=00;start_type=TTG;rbs_motif=AGGAG;rbs_spacer=5-10bp;gc_cont=0.388;conf=100.00;score=78.36;cscore=72.03;sscore=6.33;rscore=11.61;uscore=-0.32;tscore=-4.97;
contig_54	Prodigal_v2.6.3	CDS	3071	3826	96.9	+	0	ID=13_5;partial=00;start_type=ATG;rbs_motif=GGA/GAG/AGG;rbs_spacer=5-10bp;gc_cont=0.386;conf=100.00;score=96.90;cscore=92.64;sscore=4.26;rscore=-0.18;uscore=0.87;tscore=2.10;
contig_54	Prodigal_v2.6.3	CDS	3823	4824	201.5	+	0	ID=13_6;partial=00;start_type=ATG;rbs_motif=GGAGG;rbs_spacer=5-10bp;gc_cont=0.353;conf=99.99;score=201.45;cscore=184.38;sscore=17.07;rscore=12.11;uscore=1.56;tscore=2.10;
contig_54	Prodigal_v2.6.3	CDS	4835	5455	92.4	+	0	ID=13_7;partial=00;start_type=ATG;rbs_motif=AGxAGG/AGGxGG;rbs_spacer=5-10bp;gc_cont=0.383;conf=100.00;score=92.41;cscore=76.94;sscore=15.47;rscore=10.15;uscore=2.06;tscore=2.10;
contig_54	Prodigal_v2.6.3	CDS	5448	6557	179.8	+	0	ID=13_8;partial=00;start_type=ATG;rbs_motif=GGxGG;rbs_spacer=5-10bp;gc_cont=0.414;conf=99.99;score=179.79;cscore=164.40;sscore=15.39;rscore=7.99;uscore=4.05;tscore=2.10;
contig_54	Prodigal_v2.6.3	CDS	6573	6776	34.7	+	0	ID=13_9;partial=00;start_type=TTG;rbs_motif=GGA/GAG/AGG;rbs_spacer=5-10bp;gc_cont=0.324;conf=99.97;score=34.71;cscore=38.22;sscore=-3.51;rscore=-0.22;uscore=1.78;tscore=-6.18;
contig_54	Prodigal_v2.6.3	CDS	6779	7549	193.2	+	0	ID=13_10;partial=00;start_type=ATG;rbs_motif=AGGAGG;rbs_spacer=5-10bp;gc_cont=0.388;conf=99.99;score=193.20;cscore=177.26;sscore=15.94;rscore=12.86;uscore=-0.27;tscore=2.10;
contig_54	Prodigal_v2.6.3	CDS	7542	8561	149.7	+	0	ID=13_11;partial=00;start_type=TTG;rbs_motif=AGxAGG/AGGxGG;rbs_spacer=11-12bp;gc_cont=0.373;conf=100.00;score=149.69;cscore=145.81;sscore=3.88;rscore=6.92;uscore=0.68;tscore=-4.97;
contig_54	Prodigal_v2.6.3	CDS	8577	9389	174.4	+	0	ID=13_12;partial=00;start_type=ATG;rbs_motif=AGGA;rbs_spacer=5-10bp;gc_cont=0.383;conf=100.00;score=174.38;cscore=165.08;sscore=9.30;rscore=5.13;uscore=0.96;tscore=2.10;
contig_54	Prodigal_v2.6.3	CDS	9734	10255	6.8	+	0	ID=13_13;partial=00;start_type=GTG;rbs_motif=3Base/5BMM;rbs_spacer=13-15bp;gc_cont=0.364;conf=82.56;score=6.76;cscore=10.14;sscore=-3.38;rscore=-2.75;uscore=2.10;tscore=-2.07;
contig_54	Prodigal_v2.6.3	CDS	10856	10960	11.2	+	0	ID=13_14;partial=00;start_type=ATG;rbs_motif=GGAG/GAGG;rbs_spacer=5-10bp;gc_cont=0.390;conf=92.98;score=11.24;cscore=6.33;sscore=4.92;rscore=3.55;uscore=1.16;tscore=0.86;
contig_54	Prodigal_v2.6.3	CDS	11056	11445	52.8	+	0	ID=13_15;partial=00;start_type=ATG;rbs_motif=AGxAGG/AGGxGG;rbs_spacer=5-10bp;gc_cont=0.326;conf=100.00;score=52.75;cscore=38.46;sscore=14.30;rscore=10.15;uscore=2.05;tscore=2.10;
contig_54	Prodigal_v2.6.3	CDS	11601	11921	33.6	+	0	ID=13_16;partial=00;start_type=GTG;rbs_motif=GGxGG;rbs_spacer=5-10bp;gc_cont=0.411;conf=99.96;score=33.56;cscore=31.37;sscore=2.20;rscore=7.99;uscore=-3.73;tscore=-2.07;
contig_54	Prodigal_v2.6.3	CDS	11906	12100	11.7	+	0	ID=13_17;partial=00;start_type=ATG;rbs_motif=None;rbs_spacer=None;gc_cont=0.400;conf=93.61;score=11.68;cscore=24.43;sscore=-12.75;rscore=-10.44;uscore=-5.09;tscore=1.61;
contig_54	Prodigal_v2.6.3	CDS	12093	12263	14.6	+	0	ID=13_18;partial=00;start_type=ATG;rbs_motif=GGxGG;rbs_spacer=5-10bp;gc_cont=0.398;conf=96.63;score=14.60;cscore=10.36;sscore=4.23;rscore=5.37;uscore=-3.80;tscore=1.41;
contig_54	Prodigal_v2.6.3	CDS	12238	12507	27.9	+	0	ID=13_19;partial=00;start_type=TTG;rbs_motif=GGA/GAG/AGG;rbs_spacer=5-10bp;gc_cont=0.378;conf=99.84;score=27.87;cscore=35.39;sscore=-7.52;rscore=-0.18;uscore=-2.37;tscore=-4.97;
contig_54	Prodigal_v2.6.3	CDS	12794	13054	6.2	+	0	ID=13_20;partial=00;start_type=ATG;rbs_motif=GGA/GAG/AGG;rbs_spacer=11-12bp;gc_cont=0.322;conf=80.49;score=6.16;cscore=3.11;sscore=3.06;rscore=-0.53;uscore=2.14;tscore=2.10;
contig_54	Prodigal_v2.6.3	CDS	13233	13367	0.4	-	0	ID=13_21;partial=00;start_type=ATG;rbs_motif=AGGA;rbs_spacer=5-10bp;gc_cont=0.400;conf=52.57;score=0.45;cscore=0.17;sscore=0.28;rscore=2.71;uscore=-2.88;tscore=1.11;
contig_54	Prodigal_v2.6.3	CDS	13404	13553	14.1	+	0	ID=13_22;partial=01;start_type=ATG;rbs_motif=None;rbs_spacer=None;gc_cont=0.347;conf=96.24;score=14.11;cscore=23.49;sscore=-9.39;rscore=-8.02;uscore=-3.47;tscore=2.10;
# Sequence Data: seqnum=14;seqlen=8773;seqhdr="contig_64"
# Model Data: version=Prodigal.v2.6.3;run_type=Single;model="Ab initio";gc_cont=36.15;transl_table=11;uses_sd=1
contig_64	Prodigal_v2.6.3	CDS	1	510	46.1	+	0	ID=14_1;partial=10;start_type=Edge;rbs_motif=None;rbs_spacer=None;gc_cont=0.329;conf=100.00;score=46.11;cscore=42.89;sscore=3.22;rscore=0.00;uscore=0.00;tscore=3.22;
contig_64	Prodigal_v2.6.3	CDS	1113	1769	100.1	-	0	ID=14_2;partial=00;start_type=ATG;rbs_motif=AGGA/GGAG/GAGG;rbs_spacer=11-12bp;gc_cont=0.288;conf=100.00;score=100.07;cscore=93.25;sscore=6.83;rscore=3.90;uscore=1.49;tscore=2.10;
contig_64	Prodigal_v2.6.3	CDS	1990	3456	224.3	-	0	ID=14_3;partial=00;start_type=ATG;rbs_motif=GGxGG;rbs_spacer=5-10bp;gc_cont=0.342;conf=99.99;score=224.32;cscore=212.33;sscore=11.99;rscore=7.99;uscore=2.56;tscore=2.10;
contig_64	Prodigal_v2.6.3	CDS	4004	4183	35.0	-	0	ID=14_4;partial=00;start_type=ATG;rbs_motif=GGAG/GAGG;rbs_spacer=5-10bp;gc_cont=0.289;conf=99.97;score=35.01;cscore=25.09;sscore=9.92;rscore=6.16;uscore=1.50;tscore=1.49;
contig_64	Prodigal_v2.6.3	CDS	4230	5630	217.6	-	0	ID=14_5;partial=00;start_type=ATG;rbs_motif=GGAG/GAGG;rbs_spacer=5-10bp;gc_cont=0.395;conf=99.99;score=217.59;cscore=203.10;sscore=14.48;rscore=8.70;uscore=2.43;tscore=2.10;
contig_64	Prodigal_v2.6.3	CDS	5623	5841	10.7	-	0	ID=14_6;partial=00;start_type=TTG;rbs_motif=GGA/GAG/AGG;rbs_spacer=5-10bp;gc_cont=0.370;conf=92.12;score=10.69;cscore=14.76;sscore=-4.07;rscore=-0.21;uscore=2.54;tscore=-5.75;
contig_64	Prodigal_v2.6.3	CDS	5973	7445	160.7	+	0	ID=14_7;partial=00;start_type=ATG;rbs_motif=GGA/GAG/AGG;rbs_spacer=5-10bp;gc_cont=0.348;conf=100.00;score=160.72;cscore=156.34;sscore=4.38;rscore=-0.18;uscore=2.46;tscore=2.10;
contig_64	Prodigal_v2.6.3	CDS	7605	8213	70.4	-	0	ID=14_8;partial=00;start_type=TTG;rbs_motif=GGAG/GAGG;rbs_spacer=5-10bp;gc_cont=0.332;conf=100.00;score=70.45;cscore=65.59;sscore=4.86;rscore=8.70;uscore=1.78;tscore=-4.97;
contig_64	Prodigal_v2.6.3	CDS	8642	8773	18.9	+	0	ID=14_9;partial=01;start_type=ATG;rbs_motif=AGxAGG/AGGxGG;rbs_spacer=5-10bp;gc_cont=0.303;conf=98.71;score=18.85;cscore=6.73;sscore=12.13;rscore=10.15;uscore=-0.12;tscore=2.10;
# Sequence Data: seqnum=15;seqlen=12553;seqhdr="contig_11"
# Model Data: version=Prodigal.v2.6.3;run_type=Single;model="Ab initio";gc_cont=36.15;transl_table=11;uses_sd=1
contig_11	Prodigal_v2.6.3	CDS	2	1162	164.0	-	0	ID=15_1;partial=10;start_type=GTG;rbs_motif=GGAG/GAGG;rbs_spacer=5-10bp;gc_cont=0.526;conf=100.00;score=164.01;cscore=158.08;sscore=5.93;rscore=8.70;uscore=-0.06;tscore=-2.07;
contig_11	Prodigal_v2.6.3	CDS	1816	2748	105.1	-	0	ID=15_2;partial=00;start_type=GTG;rbs_motif=AGGAG;rbs_spacer=5-10bp;gc_cont=0.335;conf=100.00;score=105.09;cscore=92.37;sscore=12.72;rscore=11.61;uscore=1.92;tscore=-2.07;
contig_11	Prodigal_v2.6.3	CDS	2741	3250	60.2	-	0	ID=15_3;partial=00;start_type=ATG;rbs_motif=GGA/GAG/AGG;rbs_spacer=5-10bp;gc_cont=0.325;conf=100.00;score=60.23;cscore=54.93;sscore=5.30;rscore=-0.18;uscore=4.03;tscore=2.10;
contig_11	Prodigal_v2.6.3	CDS	3542	4030	35.7	+	0	ID=15_4;partial=00;start_type=TTG;rbs_motif=GGAG/GAGG;rbs_spacer=5-10bp;gc_cont=0.366;conf=99.97;score=35.74;cscore=26.60;sscore=9.14;rscore=8.70;uscore=5.40;tscore=-4.97;
contig_11	Prodigal_v2.6.3	CDS	4015	4926	97.3	+	0	ID=15_5;partial=00;start_type=ATG;rbs_motif=AGxAGG/AGGxGG;rbs_spacer=5-10bp;gc_cont=0.326;conf=100.00;score=97.33;cscore=84.85;sscore=12.47;rscore=10.15;uscore=-0.94;tscore=2.10;
contig_11	Prodigal_v2.6.3	CDS	5035	5205	22.7	+	0	ID=15_6;partial=00;start_type=ATG;rbs_motif=AGGAG;rbs_spacer=5-10bp;gc_cont=0.427;conf=99.46;score=22.67;cscore=12.71;sscore=9.96;rscore=7.80;uscore=0.75;tscore=1.41;
contig_11	Prodigal_v2.6.3	CDS	5329	5472	1.0	+	0	ID=15_7;partial=00;start_type=ATG;rbs_motif=AGGAG;rbs_spacer=5-10bp;gc_cont=0.361;conf=55.89;score=1.03;cscore=-7.56;sscore=8.59;rscore=6.55;uscore=1.35;tscore=1.18;
contig_11	Prodigal_v2.6.3	CDS	6023	6211	7.7	-	0	ID=15_8;partial=00;start_type=GTG;rbs_motif=GGAG/GAGG;rbs_spacer=5-10bp;gc_cont=0.233;conf=85.35;score=7.67;cscore=5.15;sscore=2.52;rscore=6.48;uscore=-0.53;tscore=-2.78;
contig_11	Prodigal_v2.6.3	CDS	6577	8154	216.5	-	0	ID=15_9;partial=00;start_type=GTG;rbs_motif=GGAG/GAGG;rbs_spacer=5-10bp;gc_cont=0.337;conf=99.99;score=216.52;cscore=208.92;sscore=7.60;rscore=8.70;uscore=-0.19;tscore=-2.07;
contig_11	Prodigal_v2.6.3	CDS	8138	9676	180.0	-	0	ID=15_10;partial=00;start_type=ATG;rbs_motif=GGA/GAG/AGG;rbs_spacer=5-10bp;gc_cont=0.331;conf=99.99;score=179.97;cscore=174.04;sscore=5.93;rscore=-0.18;uscore=4.02;tscore=2.10;
contig_11	Prodigal_v2.6.3	CDS	9657	9809	6.4	-	0	ID=15_11;partial=00;start_type=ATG;rbs_motif=GGA/GAG/AGG;rbs_spacer=11-12bp;gc_cont=0.340;conf=81.29;score=6.39;cscore=8.39;sscore=-2.00;rscore=-0.89;uscore=-1.72;tscore=1.26;
contig_11	Prodigal_v2.6.3	CDS	9855	10193	26.4	+	0	ID=15_12;partial=00;start_type=TTG;rbs_motif=AGGAGG;rbs_spacer=5-10bp;gc_cont=0.339;conf=99.77;score=26.41;cscore=19.05;sscore=7.37;rscore=12.86;uscore=-0.53;tscore=-4.97;
contig_11	Prodigal_v2.6.3	CDS	10288	11100	110.4	-	0	ID=15_13;partial=00;start_type=ATG;rbs_motif=GGAG/GAGG;rbs_spacer=5-10bp;gc_cont=0.332;conf=100.00;score=110.39;cscore=96.34;sscore=14.05;rscore=8.70;uscore=3.24;tscore=2.10;
contig_11	Prodigal_v2.6.3	CDS	11240	11545	52.9	-	0	ID=15_14;partial=00;start_type=TTG;rbs_motif=AGGAG;rbs_spacer=5-10bp;gc_cont=0.310;conf=100.00;score=52.89;cscore=43.82;sscore=9.08;rscore=11.61;uscore=3.09;tscore=-4.97;
contig_11	Prodigal_v2.6.3	CDS	11673	12014	32.8	+	0	ID=15_15;partial=00;start_type=TTG;rbs_motif=GGAGG;rbs_spacer=5-10bp;gc_cont=0.365;conf=99.95;score=32.85;cscore=22.98;sscore=9.86;rscore=12.11;uscore=2.72;tscore=-4.97;
contig_11	Prodigal_v2.6.3	CDS	12157	12465	42.4	+	0	ID=15_16;partial=00;start_type=ATG;rbs_motif=AGGAG;rbs_spacer=5-10bp;gc_cont=0.307;conf=99.99;score=42.43;cscore=26.67;sscore=15.76;rscore=11.61;uscore=2.05;tscore=2.10;
# Sequence Data: seqnum=16;seqlen=3787;seqhdr="contig_34"
# Model Data: version=Prodigal.v2.6.3;run_type=Single;model="Ab initio";gc_cont=36.15;transl_table=11;uses_sd=1
contig_34	Prodigal_v2.6.3	CDS	1	528	60.7	+	0	ID=16_1;partial=10;start_type=Edge;rbs_motif=None;rbs_spacer=None;gc_cont=0.364;conf=100.00;score=60.71;cscore=57.49;sscore=3.22;rscore=0.00;uscore=0.00;tscore=3.22;
contig_34	Prodigal_v2.6.3	CDS	625	765	16.9	+	0	ID=16_2;partial=00;start_type=ATG;rbs_motif=GGAGG;rbs_spacer=5-10bp;gc_cont=0.305;conf=97.96;score=16.85;cscore=8.11;sscore=8.74;rscore=6.69;uscore=0.90;tscore=1.16;
contig_34	Prodigal_v2.6.3	CDS	1165	1551	38.0	-	0	ID=16_3;partial=00;start_type=ATG;rbs_motif=AGGAG;rbs_spacer=5-10bp;gc_cont=0.364;conf=99.98;score=38.01;cscore=26.54;sscore=11.47;rscore=11.61;uscore=-1.59;tscore=2.10;
contig_34	Prodigal_v2.6.3	CDS	2009	2530	46.7	+	0	ID=16_4;partial=00;start_type=TTG;rbs_motif=GGAGG;rbs_spacer=5-10bp;gc_cont=0.330;conf=100.00;score=46.71;cscore=35.94;sscore=10.77;rscore=12.11;uscore=3.63;tscore=-4.97;
contig_34	Prodigal_v2.6.3	CDS	2630	3403	88.0	-	0	ID=16_5;partial=00;start_type=TTG;rbs_motif=GGA/GAG/AGG;rbs_spacer=5-10bp;gc_cont=0.370;conf=100.00;score=88.01;cscore=95.69;sscore=-7.68;rscore=-0.18;uscore=-2.54;tscore=-4.97;
# Sequence Data: seqnum=17;seqlen=11534;seqhdr="contig_46"
# Model Data: version=Prodigal.v2.6.3;run_type=Single;model="Ab initio";gc_cont=36.15;transl_table=11;uses_sd=1
contig_46	Prodigal_v2.6.3	CDS	134	541	49.0	-	0	ID=17_1;partial=00;start_type=ATG;rbs_motif=AGxAGG/AGGxGG;rbs_spacer=5-10bp;gc_cont=0.370;conf=100.00;score=49.00;cscore=41.29;sscore=7.70;rscore=10.15;uscore=-4.55;tscore=2.10;
contig_46	Prodigal_v2.6.3	CDS	662	1126	81.2	-	0	ID=17_2;partial=00;start_type=ATG;rbs_motif=AGGAGG;rbs_spacer=5-10bp;gc_cont=0.357;conf=100.00;score=81.23;cscore=64.78;sscore=16.45;rscore=12.86;uscore=1.49;tscore=2.10;
contig_46	Prodigal_v2.6.3	CDS	1196	1900	86.0	-	0	ID=17_3;partial=00;start_type=ATG;rbs_motif=AGGAG;rbs_spacer=5-10bp;gc_cont=0.362;conf=100.00;score=86.04;cscore=71.67;sscore=14.38;rscore=11.61;uscore=0.67;tscore=2.10;
contig_46	Prodigal_v2.6.3	CDS	2006	3184	145.4	-	0	ID=17_4;partial=00;start_type=ATG;rbs_motif=AGGAGG;rbs_spacer=5-10bp;gc_cont=0.352;conf=100.00;score=145.40;cscore=133.10;sscore=12.30;rscore=12.86;uscore=-2.00;tscore=2.10;
contig_46	Prodigal_v2.6.3	CDS	3526	4845	304.0	-	0	ID=17_5;partial=00;start_type=ATG;rbs_motif=GGxGG;rbs_spacer=5-10bp;gc_cont=0.405;conf=99.99;score=304.05;cscore=292.22;sscore=11.83;rscore=7.99;uscore=0.64;tscore=2.10;
contig_46	Prodigal_v2.6.3	CDS	4861	5844	234.9	-	0	ID=17_6;partial=00;start_type=ATG;rbs_motif=AGxAGG/AGGxGG;rbs_spacer=5-10bp;gc_cont=0.394;conf=99.99;score=234.89;cscore=221.43;sscore=13.46;rscore=10.15;uscore=0.08;tscore=2.10;
contig_46	Prodigal_v2.6.3	CDS	5858	6859	240.4	-	0	ID=17_7;partial=00;start_type=ATG;rbs_motif=AGGAGG;rbs_spacer=5-10bp;gc_cont=0.398;conf=99.99;score=240.38;cscore=223.93;sscore=16.45;rscore=12.86;uscore=0.51;tscore=2.10;
contig_46	Prodigal_v2.6.3	CDS	6887	8308	315.7	-	0	ID=17_8;partial=00;start_type=ATG;rbs_motif=GGA/GAG/AGG;rbs_spacer=5-10bp;gc_cont=0.385;conf=99.99;score=315.66;cscore=311.10;sscore=4.56;rscore=-0.18;uscore=1.41;tscore=2.10;
contig_46	Prodigal_v2.6.3	CDS	8313	9416	228.6	-	0	ID=17_9;partial=00;start_type=GTG;rbs_motif=GGAGG;rbs_spacer=5-10bp;gc_cont=0.383;conf=99.99;score=228.61;cscore=219.91;sscore=8.70;rscore=12.11;uscore=-1.34;tscore=-2.07;
contig_46	Prodigal_v2.6.3	CDS	9504	10604	250.9	-	0	ID=17_10;partial=00;start_type=ATG;rbs_motif=AGxAGG/AGGxGG;rbs_spacer=5-10bp;gc_cont=0.391;conf=99.99;score=250.87;cscore=239.44;sscore=11.43;rscore=10.15;uscore=-1.73;tscore=2.10;
contig_46	Prodigal_v2.6.3	CDS	10638	10742	3.2	-	0	ID=17_11;partial=00;start_type=ATG;rbs_motif=AGxAGG/AGGxGG;rbs_spacer=3-4bp;gc_cont=0.400;conf=67.65;score=3.21;cscore=8.66;sscore=-5.45;rscore=-3.61;uscore=-2.04;tscore=0.86;
contig_46	Prodigal_v2.6.3	CDS	10928	11533	109.7	-	0	ID=17_12;partial=01;start_type=Edge;rbs_motif=None;rbs_spacer=None;gc_cont=0.408;conf=100.00;score=109.66;cscore=106.44;sscore=3.22;rscore=0.00;uscore=0.00;tscore=3.22;
# Sequence Data: seqnum=18;seqlen=25960;seqhdr="contig_49"
# Model Data: version=Prodigal.v2.6.3;run_type=Single;model="Ab initio";gc_cont=36.15;transl_table=11;uses_sd=1
contig_49	Prodigal_v2.6.3	CDS	1	345	47.9	+	0	ID=18_1;partial=10;start_type=Edge;rbs_motif=None;rbs_spacer=None;gc_cont=0.406;conf=100.00;score=47.92;cscore=44.70;sscore=3.22;rscore=0.00;uscore=0.00;tscore=3.22;
contig_49	Prodigal_v2.6.3	CDS	693	1565	175.6	-	0	ID=18_2;partial=00;start_type=ATG;rbs_motif=AGGAGG;rbs_spacer=5-10bp;gc_cont=0.400;conf=100.00;score=175.65;cscore=161.76;sscore=13.89;rscore=12.86;uscore=-0.42;tscore=2.10;
contig_49	Prodigal_v2.6.3	CDS	1783	2610	162.8	-	0	ID=18_3;partial=00;start_type=ATG;rbs_motif=GGA/GAG/AGG;rbs_spacer=11-12bp;gc_cont=0.383;conf=100.00;score=162.81;cscore=161.04;sscore=1.77;rscore=-0.53;uscore=0.20;tscore=2.10;
contig_49	Prodigal_v2.6.3	CDS	2775	3938	200.3	-	0	ID=18_4;partial=00;start_type=ATG;rbs_motif=AGGAG;rbs_spacer=5-10bp;gc_cont=0.380;conf=99.99;score=200.33;cscore=182.98;sscore=17.36;rscore=11.61;uscore=2.43;tscore=2.10;
contig_49	Prodigal_v2.6.3	CDS	3944	4351	84.2	-	0	ID=18_5;partial=00;start_type=ATG;rbs_motif=GGAGG;rbs_spacer=5-10bp;gc_cont=0.370;conf=100.00;score=84.19;cscore=68.58;sscore=15.61;rscore=12.11;uscore=2.05;tscore=2.10;
contig_49	Prodigal_v2.6.3	CDS	4504	5229	126.0	+	0	ID=18_6;partial=00;start_type=ATG;rbs_motif=AGGAG;rbs_spacer=5-10bp;gc_cont=0.388;conf=100.00;score=125.96;cscore=109.03;sscore=16.93;rscore=11.61;uscore=3.22;tscore=2.10;
contig_49	Prodigal_v2.6.3	CDS	5329	5739	39.3	+	0	ID=18_7;partial=00;start_type=ATG;rbs_motif=AGGA/GGAG/GAGG;rbs_spacer=11-12bp;gc_cont=0.363;conf=99.99;score=39.29;cscore=30.35;sscore=8.94;rscore=3.90;uscore=2.95;tscore=2.10;
contig_49	Prodigal_v2.6.3	CDS	5803	5988	8.3	+	0	ID=18_8;partial=00;start_type=GTG;rbs_motif=None;rbs_spacer=None;gc_cont=0.339;conf=86.96;score=8.25;cscore=21.21;sscore=-12.96;rscore=-10.95;uscore=0.81;tscore=-2.82;
contig_49	Prodigal_v2.6.3	CDS	6033	7385	194.1	+	0	ID=18_9;partial=00;start_type=ATG;rbs_motif=None;rbs_spacer=None;gc_cont=0.393;conf=99.99;score=194.11;cscore=200.31;sscore=-6.19;rscore=-8.02;uscore=-1.07;tscore=2.10;
contig_49	Prodigal_v2.6.3	CDS	7515	8024	109.7	-	0	ID=18_10;partial=00;start_type=ATG;rbs_motif=AGGAGG;rbs_spacer=5-10bp;gc_cont=0.373;conf=100.00;score=109.68;cscore=92.86;sscore=16.82;rscore=12.86;uscore=0.86;tscore=2.10;
contig_49	Prodigal_v2.6.3	CDS	8050	8724	113.4	-	0	ID=18_11;partial=00;start_type=ATG;rbs_motif=AGGAG;rbs_spacer=5-10bp;gc_cont=0.363;conf=100.00;score=113.40;cscore=99.12;sscore=14.28;rscore=11.61;uscore=1.22;tscore=2.10;
contig_49	Prodigal_v2.6.3	CDS	8836	9021	40.8	+	0	ID=18_12;partial=00;start_type=ATG;rbs_motif=AGGAG;rbs_spacer=5-10bp;gc_cont=0.409;conf=99.99;score=40.85;cscore=28.88;sscore=11.97;rscore=8.50;uscore=1.93;tscore=1.54;
contig_49	Prodigal_v2.6.3	CDS	9129	9431	18.9	-	0	ID=18_13;partial=00;start_type=ATG;rbs_motif=None;rbs_spacer=None;gc_cont=0.363;conf=98.73;score=18.94;cscore=24.50;sscore=-5.56;rscore=-8.02;uscore=-0.74;tscore=2.10;
contig_49	Prodigal_v2.6.3	CDS	9448	9687	19.6	-	0	ID=18_14;partial=00;start_type=ATG;rbs_motif=GGA/GAG/AGG;rbs_spacer=5-10bp;gc_cont=0.333;conf=98.91;score=19.59;cscore=16.88;sscore=2.72;rscore=-0.19;uscore=1.57;tscore=1.99;
contig_49	Prodigal_v2.6.3	CDS	9892	10383	70.9	-	0	ID=18_15;partial=00;start_type=GTG;rbs_motif=AGxAGG/AGGxGG;rbs_spacer=5-10bp;gc_cont=0.376;conf=100.00;score=70.91;cscore=56.18;sscore=14.73;rscore=10.15;uscore=6.65;tscore=-2.07;
contig_49	Prodigal_v2.6.3	CDS	10530	11474	196.2	-	0	ID=18_16;partial=00;start_type=ATG;rbs_motif=AGGAG;rbs_spacer=5-10bp;gc_cont=0.347;conf=99.99;score=196.21;cscore=182.71;sscore=13.49;rscore=11.61;uscore=0.44;tscore=2.10;
contig_49	Prodigal_v2.6.3	CDS	11669	12481	180.8	-	0	ID=18_17;partial=00;start_type=ATG;rbs_motif=GGAGG;rbs_spacer=5-10bp;gc_cont=0.376;conf=99.99;score=180.77;cscore=162.38;sscore=18.40;rscore=12.11;uscore=3.08;tscore=2.10;
contig_49	Prodigal_v2.6.3	CDS	12497	13513	152.9	-	0	ID=18_18;partial=00;start_type=GTG;rbs_motif=GGAG/GAGG;rbs_spacer=5-10bp;gc_cont=0.393;conf=100.00;score=152.90;cscore=144.97;sscore=7.93;rscore=8.70;uscore=-2.91;tscore=-2.07;
contig_49	Prodigal_v2.6.3	CDS	13510	14565	172.3	-	0	ID=18_19;partial=00;start_type=ATG;rbs_motif=AGGA;rbs_spacer=5-10bp;gc_cont=0.417;conf=100.00;score=172.26;cscore=165.79;sscore=6.47;rscore=5.13;uscore=-0.11;tscore=2.10;
contig_49	Prodigal_v2.6.3	CDS	14883	15107	30.7	-	0	ID=18_20;partial=00;start_type=ATG;rbs_motif=AGGA/GGAG/GAGG;rbs_spacer=11-12bp;gc_cont=0.373;conf=99.91;score=30.67;cscore=20.92;sscore=9.75;rscore=3.46;uscore=5.08;tscore=1.86;
contig_49	Prodigal_v2.6.3	CDS	15494	16186	124.7	+	0	ID=18_21;partial=00;start_type=ATG;rbs_motif=GGAG/GAGG;rbs_spacer=5-10bp;gc_cont=0.361;conf=100.00;score=124.68;cscore=108.62;sscore=16.06;rscore=8.70;uscore=5.26;tscore=2.10;
contig_49	Prodigal_v2.6.3	CDS	16215	16805	133.8	-	0	ID=18_22;partial=00;start_type=ATG;rbs_motif=AGGAGG;rbs_spacer=5-10bp;gc_cont=0.335;conf=100.00;score=133.75;cscore=118.20;sscore=15.55;rscore=12.86;uscore=1.25;tscore=2.10;
contig_49	Prodigal_v2.6.3	CDS	16980	17825	127.7	+	0	ID=18_23;partial=00;start_type=ATG;rbs_motif=GGA/GAG/AGG;rbs_spacer=5-10bp;gc_cont=0.394;conf=100.00;score=127.65;cscore=122.64;sscore=5.01;rscore=-0.18;uscore=3.10;tscore=2.10;
contig_49	Prodigal_v2.6.3	CDS	18100	18846	88.6	-	0	ID=18_24;partial=00;start_type=GTG;rbs_motif=AGGAGG;rbs_spacer=5-10bp;gc_cont=0.394;conf=100.00;score=88.56;cscore=77.89;sscore=10.67;rscore=12.86;uscore=0.53;tscore=-2.07;
contig_49	Prodigal_v2.6.3	CDS	19101	19451	64.3	+	0	ID=18_25;partial=00;start_type=ATG;rbs_motif=GGAG/GAGG;rbs_spacer=5-10bp;gc_cont=0.379;conf=100.00;score=64.31;cscore=52.74;sscore=11.58;rscore=8.70;uscore=0.77;tscore=2.10;
contig_49	Prodigal_v2.6.3	CDS	19420	19845	44.1	+	0	ID=18_26;partial=00;start_type=TTG;rbs_motif=None;rbs_spacer=None;gc_cont=0.387;conf=100.00;score=44.06;cscore=57.67;sscore=-13.62;rscore=-8.02;uscore=-0.63;tscore=-4.97;
contig_49	Prodigal_v2.6.3	CDS	20041	20919	117.5	+	0	ID=18_27;partial=00;start_type=ATG;rbs_motif=GGA/GAG/AGG;rbs_spacer=5-10bp;gc_cont=0.354;conf=100.00;score=117.46;cscore=114.56;sscore=2.90;rscore=-0.18;uscore=1.63;tscore=2.10;
contig_49	Prodigal_v2.6.3	CDS	20886	21317	62.0	+	0	ID=18_28;partial=00;start_type=ATG;rbs_motif=None;rbs_spacer=None;gc_cont=0.340;conf=100.00;score=61.97;cscore=70.69;sscore=-8.72;rscore=-8.02;uscore=-2.80;tscore=2.10;
contig_49	Prodigal_v2.6.3	CDS	21492	21914	54.9	+	0	ID=18_29;partial=00;start_type=ATG;rbs_motif=GGAG/GAGG;rbs_spacer=5-10bp;gc_cont=0.414;conf=100.00;score=54.91;cscore=44.01;sscore=10.91;rscore=8.70;uscore=0.10;tscore=2.10;
contig_49	Prodigal_v2.6.3	CDS	22021	22374	40.2	+	0	ID=18_30;partial=00;start_type=ATG;rbs_motif=None;rbs_spacer=None;gc_cont=0.401;conf=99.99;score=40.24;cscore=48.03;sscore=-7.79;rscore=-8.02;uscore=-1.87;tscore=2.10;
contig_49	Prodigal_v2.6.3	CDS	22493	22777	41.3	-	0	ID=18_31;partial=00;start_type=ATG;rbs_motif=GGA/GAG/AGG;rbs_spacer=5-10bp;gc_cont=0.389;conf=99.99;score=41.35;cscore=34.04;sscore=7.30;rscore=-0.18;uscore=5.38;tscore=2.10;
contig_49	Prodigal_v2.6.3	CDS	22842	23126	56.0	-	0	ID=18_32;partial=00;start_type=ATG;rbs_motif=GGAG/GAGG;rbs_spacer=5-10bp;gc_cont=0.333;conf=100.00;score=55.97;cscore=41.65;sscore=14.32;rscore=8.70;uscore=2.31;tscore=2.10;
contig_49	Prodigal_v2.6.3	CDS	23133	24125	164.0	-	0	ID=18_33;partial=00;start_type=ATG;rbs_motif=GGA/GAG/AGG;rbs_spacer=11-12bp;gc_cont=0.365;conf=100.00;score=164.03;cscore=160.55;sscore=3.48;rscore=-0.53;uscore=2.57;tscore=2.10;
contig_49	Prodigal_v2.6.3	CDS	24221	25042	86.8	+	0	ID=18_34;partial=00;start_type=ATG;rbs_motif=GGAG/GAGG;rbs_spacer=5-10bp;gc_cont=0.365;conf=100.00;score=86.79;cscore=75.03;sscore=11.76;rscore=8.70;uscore=0.96;tscore=2.10;
contig_49	Prodigal_v2.6.3	CDS	25860	25958	20.7	+	0	ID=18_35;partial=01;start_type=ATG;rbs_motif=AGxAGG/AGGxGG;rbs_spacer=11-12bp;gc_cont=0.303;conf=99.15;score=20.68;cscore=9.99;sscore=10.70;rscore=6.92;uscore=2.33;tscore=2.10;
# Sequence Data: seqnum=19;seqlen=6697;seqhdr="contig_33"
# Model Data: version=Prodigal.v2.6.3;run_type=Single;model="Ab initio";gc_cont=36.15;transl_table=11;uses_sd=1
contig_33	Prodigal_v2.6.3	CDS	2	1282	294.6	-	0	ID=19_1;partial=10;start_type=GTG;rbs_motif=AGxAGG/AGGxGG;rbs_spacer=5-10bp;gc_cont=0.405;conf=99.99;score=294.62;cscore=288.55;sscore=6.07;rscore=10.15;uscore=-2.01;tscore=-2.07;
contig_33	Prodigal_v2.6.3	CDS	1375	2352	236.4	-	0	ID=19_2;partial=00;start_type=ATG;rbs_motif=AGGAG/GGAGG;rbs_spacer=11-12bp;gc_cont=0.416;conf=99.99;score=236.44;cscore=220.80;sscore=15.64;rscore=8.34;uscore=3.96;tscore=2.10;
contig_33	Prodigal_v2.6.3	CDS	2356	3471	244.3	-	0	ID=19_3;partial=00;start_type=ATG;rbs_motif=GGAG/GAGG;rbs_spacer=5-10bp;gc_cont=0.398;conf=99.99;score=244.29;cscore=230.68;sscore=13.62;rscore=8.70;uscore=3.47;tscore=2.10;
contig_33	Prodigal_v2.6.3	CDS	3985	4131	5.8	+	0	ID=19_4;partial=00;start_type=ATG;rbs_motif=AGGAGG;rbs_spacer=5-10bp;gc_cont=0.429;conf=79.01;score=5.77;cscore=-2.53;sscore=8.30;rscore=7.41;uscore=0.18;tscore=1.21;
contig_33	Prodigal_v2.6.3	CDS	4321	4833	94.9	+	0	ID=19_5;partial=00;start_type=TTG;rbs_motif=AGGAG;rbs_spacer=5-10bp;gc_cont=0.374;conf=100.00;score=94.89;cscore=87.92;sscore=6.97;rscore=11.61;uscore=0.98;tscore=-4.97;
contig_33	Prodigal_v2.6.3	CDS	4895	5668	143.7	-	0	ID=19_6;partial=00;start_type=ATG;rbs_motif=AGGA;rbs_spacer=5-10bp;gc_cont=0.353;conf=100.00;score=143.69;cscore=131.74;sscore=11.95;rscore=5.13;uscore=5.38;tscore=2.10;
contig_33	Prodigal_v2.6.3	CDS	6215	6427	42.7	+	0	ID=19_7;partial=00;start_type=ATG;rbs_motif=AGGAG/GGAGG;rbs_spacer=11-12bp;gc_cont=0.310;conf=99.99;score=42.66;cscore=30.60;sscore=12.06;rscore=7.01;uscore=3.29;tscore=1.76;
contig_33	Prodigal_v2.6.3	CDS	6432	6695	45.0	+	0	ID=19_8;partial=01;start_type=ATG;rbs_motif=3Base/5BMM;rbs_spacer=13-15bp;gc_cont=0.333;conf=100.00;score=45.01;cscore=42.87;sscore=2.14;rscore=-2.75;uscore=1.56;tscore=2.10;
# Sequence Data: seqnum=20;seqlen=2755;seqhdr="contig_41"
# Model Data: version=Prodigal.v2.6.3;run_type=Single;model="Ab initio";gc_cont=36.15;transl_table=11;uses_sd=1
contig_41	Prodigal_v2.6.3	CDS	2	478	75.7	-	0	ID=20_1;partial=10;start_type=ATG;rbs_motif=AGGAG;rbs_spacer=5-10bp;gc_cont=0.333;conf=100.00;score=75.65;cscore=61.89;sscore=13.76;rscore=11.61;uscore=0.71;tscore=2.10;
contig_41	Prodigal_v2.6.3	CDS	571	1680	181.4	+	0	ID=20_2;partial=00;start_type=ATG;rbs_motif=GGA/GAG/AGG;rbs_spacer=11-12bp;gc_cont=0.387;conf=99.99;score=181.35;cscore=177.49;sscore=3.86;rscore=-0.53;uscore=2.29;tscore=2.10;
contig_41	Prodigal_v2.6.3	CDS	1695	2426	82.6	+	0	ID=20_3;partial=00;start_type=ATG;rbs_motif=AGGAGG;rbs_spacer=5-10bp;gc_cont=0.422;conf=100.00;score=82.63;cscore=70.68;sscore=11.94;rscore=12.86;uscore=-4.14;tscore=2.10;
contig_41	Prodigal_v2.6.3	CDS	2521	2754	11.7	-	0	ID=20_4;partial=01;start_type=Edge;rbs_motif=None;rbs_spacer=None;gc_cont=0.393;conf=93.58;score=11.65;cscore=8.43;sscore=3.22;rscore=0.00;uscore=0.00;tscore=3.22;
# Sequence Data: seqnum=21;seqlen=24386;seqhdr="contig_17"
# Model Data: version=Prodigal.v2.6.3;run_type=Single;model="Ab initio";gc_cont=36.15;transl_table=11;uses_sd=1
contig_17	Prodigal_v2.6.3	CDS	47	883	173.2	+	0	ID=21_1;partial=00;start_type=ATG;rbs_motif=GGAGG;rbs_spacer=5-10bp;gc_cont=0.356;conf=100.00;score=173.17;cscore=155.32;sscore=17.84;rscore=12.11;uscore=3.63;tscore=2.10;
contig_17	Prodigal_v2.6.3	CDS	1058	1381	42.4	+	0	ID=21_2;partial=00;start_type=ATG;rbs_motif=None;rbs_spacer=None;gc_cont=0.330;conf=99.99;score=42.37;cscore=44.75;sscore=-2.37;rscore=-8.02;uscore=3.55;tscore=2.10;
contig_17	Prodigal_v2.6.3	CDS	1955	2068	7.2	+	0	ID=21_3;partial=00;start_type=ATG;rbs_motif=GGAG/GAGG;rbs_spacer=5-10bp;gc_cont=0.289;conf=84.03;score=7.22;cscore=1.02;sscore=6.21;rscore=3.86;uscore=2.06;tscore=0.93;
contig_17	Prodigal_v2.6.3	CDS	2127	2891	113.2	+	0	ID=21_4;partial=00;start_type=GTG;rbs_motif=GGxGG;rbs_spacer=5-10bp;gc_cont=0.325;conf=100.00;score=113.21;cscore=110.53;sscore=2.69;rscore=7.99;uscore=-3.23;tscore=-2.07;
contig_17	Prodigal_v2.6.3	CDS	2994	4013	156.7	-	0	ID=21_5;partial=00;start_type=GTG;rbs_motif=None;rbs_spacer=None;gc_cont=0.333;conf=100.00;score=156.67;cscore=167.24;sscore=-10.57;rscore=-8.02;uscore=0.17;tscore=-2.07;
contig_17	Prodigal_v2.6.3	CDS	4355	4645	25.5	-	0	ID=21_6;partial=00;start_type=ATG;rbs_motif=AGGAG;rbs_spacer=5-10bp;gc_cont=0.278;conf=99.72;score=25.48;cscore=10.84;sscore=14.65;rscore=11.61;uscore=1.59;tscore=2.10;
contig_17	Prodigal_v2.6.3	CDS	4831	5430	88.0	+	0	ID=21_7;partial=00;start_type=GTG;rbs_motif=GGA/GAG/AGG;rbs_spacer=11-12bp;gc_cont=0.387;conf=100.00;score=88.00;cscore=87.22;sscore=0.78;rscore=-0.53;uscore=3.38;tscore=-2.07;
contig_17	Prodigal_v2.6.3	CDS	5442	6338	73.3	-	0	ID=21_8;partial=00;start_type=TTG;rbs_motif=GGAG/GAGG;rbs_spacer=5-10bp;gc_cont=0.324;conf=100.00;score=73.30;cscore=71.38;sscore=1.91;rscore=8.70;uscore=-1.17;tscore=-4.97;
contig_17	Prodigal_v2.6.3	CDS	7178	9058	317.0	+	0	ID=21_9;partial=00;start_type=ATG;rbs_motif=AGGAG;rbs_spacer=5-10bp;gc_cont=0.363;conf=99.99;score=317.03;cscore=302.76;sscore=14.27;rscore=11.61;uscore=0.56;tscore=2.10;
contig_17	Prodigal_v2.6.3	CDS	9210	10403	152.0	+	0	ID=21_10;partial=00;start_type=ATG;rbs_motif=AGGAG;rbs_spacer=5-10bp;gc_cont=0.366;conf=100.00;score=151.99;cscore=136.15;sscore=15.85;rscore=11.61;uscore=2.14;tscore=2.10;
contig_17	Prodigal_v2.6.3	CDS	10400	11056	116.8	+	0	ID=21_11;partial=00;start_type=ATG;rbs_motif=AGxAGG/AGGxGG;rbs_spacer=5-10bp;gc_cont=0.381;conf=100.00;score=116.77;cscore=103.23;sscore=13.54;rscore=10.15;uscore=-1.95;tscore=2.10;
contig_17	Prodigal_v2.6.3	CDS	11195	12127	158.9	+	0	ID=21_12;partial=00;start_type=ATG;rbs_motif=GGA/GAG/AGG;rbs_spacer=11-12bp;gc_cont=0.362;conf=100.00;score=158.90;cscore=154.60;sscore=4.31;rscore=-0.53;uscore=2.74;tscore=2.10;
contig_17	Prodigal_v2.6.3	CDS	12143	13339	212.4	+	0	ID=21_13;partial=00;start_type=ATG;rbs_motif=AGGAGG;rbs_spacer=5-10bp;gc_cont=0.364;conf=99.99;score=212.43;cscore=195.72;sscore=16.71;rscore=12.86;uscore=0.64;tscore=2.10;
contig_17	Prodigal_v2.6.3	CDS	13349	14497	171.7	+	0	ID=21_14;partial=00;start_type=ATG;rbs_motif=AGGAGG;rbs_spacer=5-10bp;gc_cont=0.354;conf=100.00;score=171.68;cscore=153.96;sscore=17.71;rscore=12.86;uscore=1.58;tscore=2.10;
contig_17	Prodigal_v2.6.3	CDS	14509	14706	16.5	-	0	ID=21_15;partial=00;start_type=ATG;rbs_motif=AGxAGG/AGGxGG;rbs_spacer=5-10bp;gc_cont=0.384;conf=97.79;score=16.48;cscore=7.05;sscore=9.43;rscore=7.92;uscore=0.53;tscore=1.64;
contig_17	Prodigal_v2.6.3	CDS	14944	16422	259.4	+	0	ID=21_16;partial=00;start_type=ATG;rbs_motif=GGA/GAG/AGG;rbs_spacer=5-10bp;gc_cont=0.365;conf=99.99;score=259.41;cscore=257.12;sscore=2.29;rscore=-0.18;uscore=0.37;tscore=2.10;
contig_17	Prodigal_v2.6.3	CDS	16373	16546	3.0	+	0	ID=21_17;partial=00;start_type=TTG;rbs_motif=GGA/GAG/AGG;rbs_spacer=5-10bp;gc_cont=0.322;conf=66.73;score=3.03;cscore=11.96;sscore=-8.94;rscore=-0.26;uscore=-1.41;tscore=-7.26;
contig_17	Prodigal_v2.6.3	CDS	16889	18616	323.0	+	0	ID=21_18;partial=00;start_type=ATG;rbs_motif=GGxGG;rbs_spacer=5-10bp;gc_cont=0.343;conf=99.99;score=322.99;cscore=310.35;sscore=12.64;rscore=7.99;uscore=3.20;tscore=2.10;
contig_17	Prodigal_v2.6.3	CDS	18725	18889	9.9	+	0	ID=21_19;partial=00;start_type=GTG;rbs_motif=GGAG/GAGG;rbs_spacer=5-10bp;gc_cont=0.352;conf=90.72;score=9.92;cscore=6.37;sscore=3.55;rscore=5.64;uscore=1.09;tscore=-3.19;
contig_17	Prodigal_v2.6.3	CDS	18925	19680	97.6	+	0	ID=21_20;partial=00;start_type=GTG;rbs_motif=3Base/5BMM;rbs_spacer=13-15bp;gc_cont=0.328;conf=100.00;score=97.59;cscore=101.25;sscore=-3.66;rscore=-2.75;uscore=0.27;tscore=-2.07;
contig_17	Prodigal_v2.6.3	CDS	19693	20616	143.7	+	0	ID=21_21;partial=00;start_type=ATG;rbs_motif=AGxAGG/AGGxGG;rbs_spacer=5-10bp;gc_cont=0.377;conf=100.00;score=143.75;cscore=129.35;sscore=14.40;rscore=10.15;uscore=1.01;tscore=2.10;
contig_17	Prodigal_v2.6.3	CDS	20627	21607	178.4	+	0	ID=21_22;partial=00;start_type=ATG;rbs_motif=GGA/GAG/AGG;rbs_spacer=5-10bp;gc_cont=0.371;conf=99.99;score=178.44;cscore=174.21;sscore=4.23;rscore=-0.18;uscore=1.15;tscore=2.10;
contig_17	Prodigal_v2.6.3	CDS	21604	22569	161.1	+	0	ID=21_23;partial=00;start_type=ATG;rbs_motif=AGGAG/GGAGG;rbs_spacer=11-12bp;gc_cont=0.389;conf=100.00;score=161.13;cscore=147.76;sscore=13.36;rscore=8.34;uscore=1.63;tscore=2.10;
contig_17	Prodigal_v2.6.3	CDS	22607	23479	142.6	-	0	ID=21_24;partial=00;start_type=TTG;rbs_motif=AGxAGG/AGGxGG;rbs_spacer=5-10bp;gc_cont=0.340;conf=100.00;score=142.58;cscore=135.90;sscore=6.68;rscore=10.15;uscore=2.15;tscore=-4.97;
contig_17	Prodigal_v2.6.3	CDS	23930	24037	21.8	+	0	ID=21_25;partial=00;start_type=ATG;rbs_motif=AGGAGG;rbs_spacer=5-10bp;gc_cont=0.352;conf=99.33;score=21.77;cscore=13.42;sscore=8.34;rscore=5.40;uscore=2.06;tscore=0.88;
contig_17	Prodigal_v2.6.3	CDS	24082	24189	21.5	+	0	ID=21_26;partial=00;start_type=ATG;rbs_motif=GGAG/GAGG;rbs_spacer=5-10bp;gc_cont=0.333;conf=99.29;score=21.51;cscore=13.74;sscore=7.77;rscore=3.66;uscore=2.44;tscore=0.88;
contig_17	Prodigal_v2.6.3	CDS	24227	24334	23.3	+	0	ID=21_27;partial=00;start_type=ATG;rbs_motif=AGGAG;rbs_spacer=5-10bp;gc_cont=0.343;conf=99.53;score=23.28;cscore=14.14;sscore=9.14;rscore=4.88;uscore=2.52;tscore=0.88;
# Sequence Data: seqnum=22;seqlen=12384;seqhdr="contig_48"
# Model Data: version=Prodigal.v2.6.3;run_type=Single;model="Ab initio";gc_cont=36.15;transl_table=11;uses_sd=1
contig_48	Prodigal_v2.6.3	CDS	2	115	15.6	-	0	ID=22_1;partial=10;start_type=ATG;rbs_motif=GGA/GAG/AGG;rbs_spacer=5-10bp;gc_cont=0.368;conf=97.30;score=15.59;cscore=12.14;sscore=3.44;rscore=-0.18;uscore=1.52;tscore=2.10;
contig_48	Prodigal_v2.6.3	CDS	248	649	90.4	-	0	ID=22_2;partial=00;start_type=ATG;rbs_motif=AGGAGG;rbs_spacer=5-10bp;gc_cont=0.410;conf=100.00;score=90.42;cscore=75.99;sscore=14.43;rscore=12.86;uscore=-1.58;tscore=2.10;
contig_48	Prodigal_v2.6.3	CDS	670	2076	314.4	-	0	ID=22_3;partial=00;start_type=ATG;rbs_motif=AGGAGG;rbs_spacer=5-10bp;gc_cont=0.424;conf=99.99;score=314.38;cscore=298.74;sscore=15.64;rscore=12.86;uscore=1.34;tscore=2.10;
contig_48	Prodigal_v2.6.3	CDS	2318	3178	166.0	-	0	ID=22_4;partial=00;start_type=GTG;rbs_motif=AGxAGG/AGGxGG;rbs_spacer=5-10bp;gc_cont=0.401;conf=100.00;score=166.00;cscore=159.49;sscore=6.51;rscore=10.15;uscore=-0.92;tscore=-2.07;
contig_48	Prodigal_v2.6.3	CDS	3431	4939	326.2	-	0	ID=22_5;partial=00;start_type=ATG;rbs_motif=GGA/GAG/AGG;rbs_spacer=5-10bp;gc_cont=0.416;conf=99.99;score=326.22;cscore=319.60;sscore=6.62;rscore=-0.18;uscore=3.55;tscore=2.10;
contig_48	Prodigal_v2.6.3	CDS	4951	5493	107.7	-	0	ID=22_6;partial=00;start_type=ATG;rbs_motif=AGGAG;rbs_spacer=5-10bp;gc_cont=0.343;conf=100.00;score=107.74;cscore=90.60;sscore=17.14;rscore=11.61;uscore=2.13;tscore=2.10;
contig_48	Prodigal_v2.6.3	CDS	5490	5996	115.6	-	0	ID=22_7;partial=00;start_type=GTG;rbs_motif=GGAG/GAGG;rbs_spacer=5-10bp;gc_cont=0.365;conf=100.00;score=115.59;cscore=106.36;sscore=9.24;rscore=8.70;uscore=2.60;tscore=-2.07;
contig_48	Prodigal_v2.6.3	CDS	6125	6343	64.6	-	0	ID=22_8;partial=00;start_type=ATG;rbs_motif=AGGAGG;rbs_spacer=5-10bp;gc_cont=0.402;conf=100.00;score=64.57;cscore=46.46;sscore=18.11;rscore=11.11;uscore=4.52;tscore=1.81;
contig_48	Prodigal_v2.6.3	CDS	6400	7119	118.2	-	0	ID=22_9;partial=00;start_type=GTG;rbs_motif=GGAG/GAGG;rbs_spacer=5-10bp;gc_cont=0.394;conf=100.00;score=118.17;cscore=107.03;sscore=11.13;rscore=8.70;uscore=3.30;tscore=-2.07;
contig_48	Prodigal_v2.6.3	CDS	7127	7519	31.8	-	0	ID=22_10;partial=00;start_type=ATG;rbs_motif=GGAG/GAGG;rbs_spacer=5-10bp;gc_cont=0.399;conf=99.93;score=31.76;cscore=19.67;sscore=12.09;rscore=8.70;uscore=-3.62;tscore=2.10;
contig_48	Prodigal_v2.6.3	CDS	7519	7743	22.2	-	0	ID=22_11;partial=00;start_type=TTG;rbs_motif=GGAGG;rbs_spacer=5-10bp;gc_cont=0.400;conf=99.40;score=22.20;cscore=19.59;sscore=2.61;rscore=10.76;uscore=-1.90;tscore=-5.59;
contig_48	Prodigal_v2.6.3	CDS	8262	8567	51.1	-	0	ID=22_12;partial=00;start_type=TTG;rbs_motif=None;rbs_spacer=None;gc_cont=0.408;conf=100.00;score=51.06;cscore=66.90;sscore=-15.84;rscore=-8.02;uscore=-4.05;tscore=-4.97;
contig_48	Prodigal_v2.6.3	CDS	8555	8893	56.7	-	0	ID=22_13;partial=00;start_type=ATG;rbs_motif=AGGAG;rbs_spacer=5-10bp;gc_cont=0.386;conf=100.00;score=56.66;cscore=43.48;sscore=13.18;rscore=11.61;uscore=0.12;tscore=2.10;
contig_48	Prodigal_v2.6.3	CDS	9165	10406	277.4	-	0	ID=22_14;partial=00;start_type=GTG;rbs_motif=AGxAGG/AGGxGG;rbs_spacer=5-10bp;gc_cont=0.397;conf=99.99;score=277.42;cscore=269.51;sscore=7.91;rscore=10.15;uscore=0.48;tscore=-2.07;
contig_48	Prodigal_v2.6.3	CDS	10623	11228	111.8	-	0	ID=22_15;partial=00;start_type=TTG;rbs_motif=AGxAGG/AGGxGG;rbs_spacer=5-10bp;gc_cont=0.403;conf=100.00;score=111.77;cscore=103.06;sscore=8.71;rscore=10.15;uscore=2.61;tscore=-4.97;
contig_48	Prodigal_v2.6.3	CDS	11262	11705	111.3	-	0	ID=22_16;partial=00;start_type=ATG;rbs_motif=GGAGG;rbs_spacer=5-10bp;gc_cont=0.401;conf=100.00;score=111.34;cscore=93.82;sscore=17.52;rscore=12.11;uscore=3.31;tscore=2.10;
contig_48	Prodigal_v2.6.3	CDS	11853	12239	67.5	-	0	ID=22_17;partial=00;start_type=ATG;rbs_motif=GGxGG;rbs_spacer=5-10bp;gc_cont=0.419;conf=100.00;score=67.52;cscore=51.83;sscore=15.68;rscore=7.99;uscore=5.59;tscore=2.10;
# Sequence Data: seqnum=23;seqlen=17588;seqhdr="contig_63"
# Model Data: version=Prodigal.v2.6.3;run_type=Single;model="Ab initio";gc_cont=36.15;transl_table=11;uses_sd=1
contig_63	Prodigal_v2.6.3	CDS	2	64	5.6	-	0	ID=23_1;partial=10;start_type=ATG;rbs_motif=AGGA;rbs_spacer=5-10bp;gc_cont=0.254;conf=78.29;score=5.58;cscore=1.95;sscore=3.63;rscore=5.13;uscore=-3.59;tscore=2.10;
contig_63	Prodigal_v2.6.3	CDS	209	556	48.1	-	0	ID=23_2;partial=00;start_type=GTG;rbs_motif=GGAG/GAGG;rbs_spacer=5-10bp;gc_cont=0.402;conf=100.00;score=48.10;cscore=38.87;sscore=9.23;rscore=8.70;uscore=1.44;tscore=-2.07;
contig_63	Prodigal_v2.6.3	CDS	569	1279	90.5	-	0	ID=23_3;partial=00;start_type=ATG;rbs_motif=GGAGG;rbs_spacer=5-10bp;gc_cont=0.356;conf=100.00;score=90.49;cscore=74.50;sscore=15.99;rscore=12.11;uscore=0.59;tscore=2.10;
contig_63	Prodigal_v2.6.3	CDS	1266	1487	39.3	-	0	ID=23_4;partial=00;start_type=ATG;rbs_motif=GGAG/GAGG;rbs_spacer=5-10bp;gc_cont=0.423;conf=99.99;score=39.28;cscore=26.70;sscore=12.57;rscore=7.63;uscore=3.76;tscore=1.84;
contig_63	Prodigal_v2.6.3	CDS	1686	2300	97.7	-	0	ID=23_5;partial=00;start_type=ATG;rbs_motif=AGGAG;rbs_spacer=5-10bp;gc_cont=0.361;conf=100.00;score=97.66;cscore=83.55;sscore=14.11;rscore=11.61;uscore=1.05;tscore=2.10;
contig_63	Prodigal_v2.6.3	CDS	2720	3148	40.0	+	0	ID=23_6;partial=00;start_type=ATG;rbs_motif=GGA/GAG/AGG;rbs_spacer=5-10bp;gc_cont=0.273;conf=99.99;score=40.02;cscore=32.95;sscore=7.07;rscore=-0.18;uscore=5.15;tscore=2.10;
contig_63	Prodigal_v2.6.3	CDS	3179	3640	73.1	+	0	ID=23_7;partial=00;start_type=ATG;rbs_motif=AGGAG;rbs_spacer=5-10bp;gc_cont=0.366;conf=100.00;score=73.13;cscore=56.71;sscore=16.42;rscore=11.61;uscore=1.76;tscore=2.10;
contig_63	Prodigal_v2.6.3	CDS	4005	4670	102.2	+	0	ID=23_8;partial=00;start_type=ATG;rbs_motif=AGGAGG;rbs_spacer=5-10bp;gc_cont=0.333;conf=100.00;score=102.20;cscore=88.85;sscore=13.36;rscore=12.86;uscore=-0.95;tscore=2.10;
contig_63	Prodigal_v2.6.3	CDS	4648	5637	109.3	+	0	ID=23_9;partial=00;start_type=TTG;rbs_motif=None;rbs_spacer=None;gc_cont=0.328;conf=100.00;score=109.31;cscore=120.25;sscore=-10.94;rscore=-8.02;uscore=2.04;tscore=-4.97;
contig_63	Prodigal_v2.6.3	CDS	5673	6089	71.6	+	0	ID=23_10;partial=00;start_type=ATG;rbs_motif=GGAG/GAGG;rbs_spacer=5-10bp;gc_cont=0.314;conf=100.00;score=71.62;cscore=58.57;sscore=13.04;rscore=8.70;uscore=1.35;tscore=2.10;
contig_63	Prodigal_v2.6.3	CDS	6229	7131	107.9	+	0	ID=23_11;partial=00;start_type=ATG;rbs_motif=AGGAGG;rbs_spacer=5-10bp;gc_cont=0.404;conf=100.00;score=107.87;cscore=93.13;sscore=14.74;rscore=12.86;uscore=-0.22;tscore=2.10;
contig_63	Prodigal_v2.6.3	CDS	7204	7458	13.0	+	0	ID=23_12;partial=00;start_type=ATG;rbs_motif=GGAGG;rbs_spacer=5-10bp;gc_cont=0.325;conf=95.21;score=13.01;cscore=-0.88;sscore=13.89;rscore=12.11;uscore=0.18;tscore=2.10;
contig_63	Prodigal_v2.6.3	CDS	7500	9134	242.9	-	0	ID=23_13;partial=00;start_type=ATG;rbs_motif=AGGAGG;rbs_spacer=5-10bp;gc_cont=0.383;conf=99.99;score=242.87;cscore=226.92;sscore=15.95;rscore=12.86;uscore=1.65;tscore=2.10;
contig_63	Prodigal_v2.6.3	CDS	9570	10388	115.8	+	0	ID=23_14;partial=00;start_type=TTG;rbs_motif=AGGAG;rbs_spacer=5-10bp;gc_cont=0.394;conf=100.00;score=115.77;cscore=112.50;sscore=3.27;rscore=11.61;uscore=-3.38;tscore=-4.97;
contig_63	Prodigal_v2.6.3	CDS	10802	12496	244.8	+	0	ID=23_15;partial=00;start_type=ATG;rbs_motif=GGA/GAG/AGG;rbs_spacer=5-10bp;gc_cont=0.371;conf=99.99;score=244.84;cscore=240.93;sscore=3.91;rscore=-0.18;uscore=2.64;tscore=2.10;
contig_63	Prodigal_v2.6.3	CDS	12721	14058	217.3	+	0	ID=23_16;partial=00;start_type=ATG;rbs_motif=AGGAGG;rbs_spacer=11-12bp;gc_cont=0.353;conf=99.99;score=217.30;cscore=200.33;sscore=16.97;rscore=11.91;uscore=3.62;tscore=2.10;
contig_63	Prodigal_v2.6.3	CDS	14074	14412	57.1	+	0	ID=23_17;partial=00;start_type=ATG;rbs_motif=GGA/GAG/AGG;rbs_spacer=5-10bp;gc_cont=0.386;conf=100.00;score=57.13;cscore=53.42;sscore=3.71;rscore=-0.18;uscore=0.68;tscore=2.10;
contig_63	Prodigal_v2.6.3	CDS	14531	14848	65.8	+	0	ID=23_18;partial=00;start_type=ATG;rbs_motif=AGxAGG/AGGxGG;rbs_spacer=5-10bp;gc_cont=0.371;conf=100.00;score=65.85;cscore=52.38;sscore=13.47;rscore=10.15;uscore=1.22;tscore=2.10;
contig_63	Prodigal_v2.6.3	CDS	14891	16540	322.2	-	0	ID=23_19;partial=00;start_type=GTG;rbs_motif=GGA/GAG/AGG;rbs_spacer=5-10bp;gc_cont=0.375;conf=99.99;score=322.24;cscore=321.12;sscore=1.12;rscore=-0.18;uscore=3.36;tscore=-2.07;
contig_63	Prodigal_v2.6.3	CDS	16697	16960	50.8	-	0	ID=23_20;partial=00;start_type=ATG;rbs_motif=None;rbs_spacer=None;gc_cont=0.356;conf=100.00;score=50.78;cscore=53.45;sscore=-2.68;rscore=-8.02;uscore=2.08;tscore=2.10;
contig_63	Prodigal_v2.6.3	CDS	16945	17394	52.3	-	0	ID=23_21;partial=00;start_type=ATG;rbs_motif=GGAG/GAGG;rbs_spacer=5-10bp;gc_cont=0.362;conf=100.00;score=52.34;cscore=38.23;sscore=14.11;rscore=8.70;uscore=2.55;tscore=2.10;
contig_63	Prodigal_v2.6.3	CDS	17443	17586	17.4	-	0	ID=23_22;partial=01;start_type=Edge;rbs_motif=None;rbs_spacer=None;gc_cont=0.306;conf=98.22;score=17.45;cscore=14.23;sscore=3.22;rscore=0.00;uscore=0.00;tscore=3.22;
# Sequence Data: seqnum=24;seqlen=8075;seqhdr="contig_6"
# Model Data: version=Prodigal.v2.6.3;run_type=Single;model="Ab initio";gc_cont=36.15;transl_table=11;uses_sd=1
contig_6	Prodigal_v2.6.3	CDS	2	94	4.6	-	0	ID=24_1;partial=10;start_type=TTG;rbs_motif=3Base/5BMM;rbs_spacer=13-15bp;gc_cont=0.419;conf=74.12;score=4.58;cscore=10.14;sscore=-5.56;rscore=-2.75;uscore=1.06;tscore=-4.97;
contig_6	Prodigal_v2.6.3	CDS	417	575	10.0	-	0	ID=24_2;partial=00;start_type=TTG;rbs_motif=GGA/GAG/AGG;rbs_spacer=5-10bp;gc_cont=0.371;conf=90.84;score=9.98;cscore=20.72;sscore=-10.73;rscore=-0.29;uscore=-2.49;tscore=-7.96;
contig_6	Prodigal_v2.6.3	CDS	553	1062	66.4	-	0	ID=24_3;partial=00;start_type=ATG;rbs_motif=None;rbs_spacer=None;gc_cont=0.365;conf=100.00;score=66.38;cscore=71.49;sscore=-5.11;rscore=-8.02;uscore=1.46;tscore=2.10;
contig_6	Prodigal_v2.6.3	CDS	1138	2367	99.9	+	0	ID=24_4;partial=00;start_type=ATG;rbs_motif=AGxAGG/AGGxGG;rbs_spacer=5-10bp;gc_cont=0.358;conf=100.00;score=99.93;cscore=86.01;sscore=13.92;rscore=10.15;uscore=1.67;tscore=2.10;
contig_6	Prodigal_v2.6.3	CDS	2359	2850	79.0	-	0	ID=24_5;partial=00;start_type=ATG;rbs_motif=GGAG/GAGG;rbs_spacer=5-10bp;gc_cont=0.354;conf=100.00;score=78.97;cscore=64.49;sscore=14.48;rscore=8.70;uscore=2.39;tscore=2.10;
contig_6	Prodigal_v2.6.3	CDS	2847	3413	88.3	-	0	ID=24_6;partial=00;start_type=ATG;rbs_motif=GGA/GAG/AGG;rbs_spacer=11-12bp;gc_cont=0.360;conf=100.00;score=88.25;cscore=84.14;sscore=4.11;rscore=-0.53;uscore=3.20;tscore=2.10;
contig_6	Prodigal_v2.6.3	CDS	3917	4306	63.3	+	0	ID=24_7;partial=00;start_type=ATG;rbs_motif=AGGAGG;rbs_spacer=5-10bp;gc_cont=0.308;conf=100.00;score=63.29;cscore=42.60;sscore=20.69;rscore=12.86;uscore=5.73;tscore=2.10;
contig_6	Prodigal_v2.6.3	CDS	4361	4627	27.0	-	0	ID=24_8;partial=00;start_type=ATG;rbs_motif=GGAG/GAGG;rbs_spacer=5-10bp;gc_cont=0.311;conf=99.80;score=27.00;cscore=10.66;sscore=16.34;rscore=8.70;uscore=5.54;tscore=2.10;
contig_6	Prodigal_v2.6.3	CDS	4754	5206	73.3	-	0	ID=24_9;partial=00;start_type=ATG;rbs_motif=GGAGG;rbs_spacer=5-10bp;gc_cont=0.400;conf=100.00;score=73.27;cscore=58.73;sscore=14.54;rscore=12.11;uscore=0.33;tscore=2.10;
contig_6	Prodigal_v2.6.3	CDS	5322	5900	106.7	-	0	ID=24_10;partial=00;start_type=ATG;rbs_motif=AGGAG;rbs_spacer=5-10bp;gc_cont=0.383;conf=100.00;score=106.73;cscore=91.83;sscore=14.90;rscore=11.61;uscore=1.19;tscore=2.10;
contig_6	Prodigal_v2.6.3	CDS	5977	6222	39.8	-	0	ID=24_11;partial=00;start_type=ATG;rbs_motif=AGGAGG;rbs_spacer=5-10bp;gc_cont=0.350;conf=99.99;score=39.83;cscore=25.47;sscore=14.36;rscore=12.50;uscore=-0.18;tscore=2.04;
contig_6	Prodigal_v2.6.3	CDS	6188	6682	59.6	-	0	ID=24_12;partial=00;start_type=ATG;rbs_motif=GGAG/GAGG;rbs_spacer=5-10bp;gc_cont=0.380;conf=100.00;score=59.60;cscore=47.58;sscore=12.01;rscore=8.70;uscore=1.21;tscore=2.10;
contig_6	Prodigal_v2.6.3	CDS	6824	7858	181.6	-	0	ID=24_13;partial=00;start_type=TTG;rbs_motif=AGGAGG;rbs_spacer=5-10bp;gc_cont=0.356;conf=99.99;score=181.58;cscore=175.68;sscore=5.90;rscore=12.86;uscore=-1.99;tscore=-4.97;
# Sequence Data: seqnum=25;seqlen=3523;seqhdr="contig_26"
# Model Data: version=Prodigal.v2.6.3;run_type=Single;model="Ab initio";gc_cont=36.15;transl_table=11;uses_sd=1
contig_26	Prodigal_v2.6.3	CDS	1	219	25.6	-	0	ID=25_1;partial=10;start_type=ATG;rbs_motif=GGA/GAG/AGG;rbs_spacer=5-10bp;gc_cont=0.374;conf=99.72;score=25.55;cscore=26.19;sscore=-0.64;rscore=-0.18;uscore=-1.90;tscore=2.10;
contig_26	Prodigal_v2.6.3	CDS	243	2024	253.8	+	0	ID=25_2;partial=00;start_type=ATG;rbs_motif=None;rbs_spacer=None;gc_cont=0.388;conf=99.99;score=253.75;cscore=270.20;sscore=-16.44;rscore=-8.02;uscore=-10.52;tscore=2.10;
contig_26	Prodigal_v2.6.3	CDS	2263	2967	94.2	+	0	ID=25_3;partial=00;start_type=ATG;rbs_motif=AGGAGG;rbs_spacer=5-10bp;gc_cont=0.369;conf=100.00;score=94.16;cscore=78.91;sscore=15.26;rscore=12.86;uscore=0.95;tscore=2.10;
contig_26	Prodigal_v2.6.3	CDS	2971	3522	55.3	+	0	ID=25_4;partial=01;start_type=ATG;rbs_motif=GGAGG;rbs_spacer=5-10bp;gc_cont=0.317;conf=100.00;score=55.31;cscore=37.32;sscore=17.99;rscore=12.11;uscore=2.54;tscore=2.10;
# Sequence Data: seqnum=26;seqlen=17793;seqhdr="contig_25"
# Model Data: version=Prodigal.v2.6.3;run_type=Single;model="Ab initio";gc_cont=36.15;transl_table=11;uses_sd=1
contig_25	Prodigal_v2.6.3	CDS	80	718	125.0	-	0	ID=26_1;partial=00;start_type=ATG;rbs_motif=GGA/GAG/AGG;rbs_spacer=5-10bp;gc_cont=0.346;conf=100.00;score=124.98;cscore=119.27;sscore=5.72;rscore=-0.18;uscore=2.71;tscore=2.10;
contig_25	Prodigal_v2.6.3	CDS	736	2016	256.0	-	0	ID=26_2;partial=00;start_type=ATG;rbs_motif=AGGAGG;rbs_spacer=5-10bp;gc_cont=0.382;conf=99.99;score=255.98;cscore=238.93;sscore=17.05;rscore=12.86;uscore=2.75;tscore=2.10;
contig_25	Prodigal_v2.6.3	CDS	2248	2487	23.4	-	0	ID=26_3;partial=00;start_type=GTG;rbs_motif=GGA/GAG/AGG;rbs_spacer=5-10bp;gc_cont=0.333;conf=99.54;score=23.43;cscore=22.17;sscore=1.26;rscore=-0.19;uscore=3.63;tscore=-2.18;
contig_25	Prodigal_v2.6.3	CDS	2588	3616	208.8	-	0	ID=26_4;partial=00;start_type=ATG;rbs_motif=AGGAGG;rbs_spacer=5-10bp;gc_cont=0.380;conf=99.99;score=208.79;cscore=195.16;sscore=13.64;rscore=12.86;uscore=-0.67;tscore=2.10;
contig_25	Prodigal_v2.6.3	CDS	3820	4890	184.2	-	0	ID=26_5;partial=00;start_type=TTG;rbs_motif=AGGAGG;rbs_spacer=5-10bp;gc_cont=0.351;conf=99.99;score=184.24;cscore=176.86;sscore=7.37;rscore=12.86;uscore=0.13;tscore=-4.97;
contig_25	Prodigal_v2.6.3	CDS	5107	5385	68.0	-	0	ID=26_6;partial=00;start_type=ATG;rbs_motif=GGAG/GAGG;rbs_spacer=5-10bp;gc_cont=0.358;conf=100.00;score=67.98;cscore=52.69;sscore=15.29;rscore=8.70;uscore=3.35;tscore=2.10;
contig_25	Prodigal_v2.6.3	CDS	5398	5811	79.5	-	0	ID=26_7;partial=00;start_type=ATG;rbs_motif=AGGAG;rbs_spacer=5-10bp;gc_cont=0.408;conf=100.00;score=79.53;cscore=67.61;sscore=11.92;rscore=11.61;uscore=-3.03;tscore=2.10;
contig_25	Prodigal_v2.6.3	CDS	5815	6081	43.5	-	0	ID=26_8;partial=00;start_type=ATG;rbs_motif=GGAG/GAGG;rbs_spacer=5-10bp;gc_cont=0.367;conf=100.00;score=43.47;cscore=33.36;sscore=10.11;rscore=8.70;uscore=-0.69;tscore=2.10;
contig_25	Prodigal_v2.6.3	CDS	6158	8800	596.6	-	0	ID=26_9;partial=00;start_type=ATG;rbs_motif=AGGAGG;rbs_spacer=5-10bp;gc_cont=0.395;conf=99.99;score=596.59;cscore=581.59;sscore=15.00;rscore=12.86;uscore=0.69;tscore=2.10;
contig_25	Prodigal_v2.6.3	CDS	9283	9627	33.2	+	0	ID=26_10;partial=00;start_type=ATG;rbs_motif=AGGAG;rbs_spacer=5-10bp;gc_cont=0.310;conf=99.95;score=33.20;cscore=16.33;sscore=16.87;rscore=11.61;uscore=3.16;tscore=2.10;
contig_25	Prodigal_v2.6.3	CDS	9666	10733	142.5	-	0	ID=26_11;partial=00;start_type=GTG;rbs_motif=AGGAGG;rbs_spacer=5-10bp;gc_cont=0.364;conf=100.00;score=142.54;cscore=132.74;sscore=9.80;rscore=12.86;uscore=-0.34;tscore=-2.07;
contig_25	Prodigal_v2.6.3	CDS	10909	11121	20.5	+	0	ID=26_12;partial=00;start_type=ATG;rbs_motif=AGGAGG;rbs_spacer=5-10bp;gc_cont=0.357;conf=99.12;score=20.55;cscore=8.57;sscore=11.98;rscore=10.80;uscore=-0.59;tscore=1.76;
contig_25	Prodigal_v2.6.3	CDS	11158	11286	4.5	-	0	ID=26_13;partial=00;start_type=TTG;rbs_motif=AGxAGG/AGGxGG;rbs_spacer=5-10bp;gc_cont=0.341;conf=73.65;score=4.47;cscore=6.89;sscore=-2.42;rscore=5.12;uscore=1.24;tscore=-9.86;
contig_25	Prodigal_v2.6.3	CDS	11305	11493	13.4	-	0	ID=26_14;partial=00;start_type=ATG;rbs_motif=AGGAG/GGAGG;rbs_spacer=11-12bp;gc_cont=0.328;conf=95.57;score=13.36;cscore=3.95;sscore=9.41;rscore=6.21;uscore=1.64;tscore=1.56;
contig_25	Prodigal_v2.6.3	CDS	11621	13957	401.3	-	0	ID=26_15;partial=00;start_type=ATG;rbs_motif=AGGAG;rbs_spacer=5-10bp;gc_cont=0.379;conf=99.99;score=401.27;cscore=387.51;sscore=13.77;rscore=11.61;uscore=0.06;tscore=2.10;
contig_25	Prodigal_v2.6.3	CDS	14054	14698	106.9	-	0	ID=26_16;partial=00;start_type=TTG;rbs_motif=3Base/5BMM;rbs_spacer=13-15bp;gc_cont=0.372;conf=100.00;score=106.94;cscore=111.83;sscore=-4.88;rscore=-2.75;uscore=2.84;tscore=-4.97;
contig_25	Prodigal_v2.6.3	CDS	14823	15275	77.7	-	0	ID=26_17;partial=00;start_type=ATG;rbs_motif=GGA/GAG/AGG;rbs_spacer=3-4bp;gc_cont=0.402;conf=100.00;score=77.70;cscore=81.54;sscore=-3.84;rscore=-4.86;uscore=-1.08;tscore=2.10;
contig_25	Prodigal_v2.6.3	CDS	15419	15895	77.2	-	0	ID=26_18;partial=00;start_type=ATG;rbs_motif=None;rbs_spacer=None;gc_cont=0.373;conf=100.00;score=77.15;cscore=84.67;sscore=-7.52;rscore=-8.02;uscore=-2.26;tscore=2.10;
contig_25	Prodigal_v2.6.3	CDS	15952	16218	21.6	-	0	ID=26_19;partial=00;start_type=ATG;rbs_motif=None;rbs_spacer=None;gc_cont=0.408;conf=99.31;score=21.61;cscore=25.37;sscore=-3.76;rscore=-8.02;uscore=2.16;tscore=2.10;
contig_25	Prodigal_v2.6.3	CDS	16181	17098	174.6	-	0	ID=26_20;partial=00;start_type=ATG;rbs_motif=AGGAG;rbs_spacer=5-10bp;gc_cont=0.399;conf=100.00;score=174.64;cscore=159.27;sscore=15.37;rscore=11.61;uscore=0.77;tscore=2.10;
contig_25	Prodigal_v2.6.3	CDS	17134	17550	93.2	-	0	ID=26_21;partial=00;start_type=ATG;rbs_motif=GGAG/GAGG;rbs_spacer=5-10bp;gc_cont=0.415;conf=100.00;score=93.15;cscore=77.98;sscore=15.17;rscore=8.70;uscore=4.37;tscore=2.10;
# Sequence Data: seqnum=27;seqlen=50936;seqhdr="contig_57"
# Model Data: version=Prodigal.v2.6.3;run_type=Single;model="Ab initio";gc_cont=36.15;transl_table=11;uses_sd=1
contig_57	Prodigal_v2.6.3	CDS	3	587	105.3	+	0	ID=27_1;partial=10;start_type=Edge;rbs_motif=None;rbs_spacer=None;gc_cont=0.378;conf=100.00;score=105.26;cscore=102.04;sscore=3.22;rscore=0.00;uscore=0.00;tscore=3.22;
contig_57	Prodigal_v2.6.3	CDS	676	822	13.8	+	0	ID=27_2;partial=00;start_type=ATG;rbs_motif=AGxAGG/AGGxGG;rbs_spacer=5-10bp;gc_cont=0.381;conf=95.97;score=13.79;cscore=8.30;sscore=5.49;rscore=5.85;uscore=-1.57;tscore=1.21;
contig_57	Prodigal_v2.6.3	CDS	819	1394	99.9	+	0	ID=27_3;partial=00;start_type=TTG;rbs_motif=AGGA;rbs_spacer=5-10bp;gc_cont=0.349;conf=100.00;score=99.90;cscore=97.78;sscore=2.13;rscore=5.13;uscore=0.67;tscore=-4.97;
contig_57	Prodigal_v2.6.3	CDS	1387	1641	56.0	+	0	ID=27_4;partial=00;start_type=ATG;rbs_motif=AGxAGG/AGGxGG;rbs_spacer=5-10bp;gc_cont=0.353;conf=100.00;score=56.04;cscore=42.79;sscore=13.25;rscore=10.15;uscore=-0.25;tscore=2.10;
contig_57	Prodigal_v2.6.3	CDS	1638	1943	50.2	+	0	ID=27_5;partial=00;start_type=GTG;rbs_motif=AGGAGG;rbs_spacer=5-10bp;gc_cont=0.399;conf=100.00;score=50.23;cscore=37.38;sscore=12.86;rscore=12.86;uscore=0.77;tscore=-2.07;
contig_57	Prodigal_v2.6.3	CDS	1943	2263	61.3	+	0	ID=27_6;partial=00;start_type=ATG;rbs_motif=AGGAG;rbs_spacer=5-10bp;gc_cont=0.361;conf=100.00;score=61.35;cscore=46.35;sscore=14.99;rscore=11.61;uscore=-1.76;tscore=2.10;
contig_57	Prodigal_v2.6.3	CDS	2303	3082	160.7	+	0	ID=27_7;partial=00;start_type=ATG;rbs_motif=GGAGG;rbs_spacer=5-10bp;gc_cont=0.424;conf=100.00;score=160.72;cscore=144.62;sscore=16.10;rscore=12.11;uscore=1.04;tscore=2.10;
contig_57	Prodigal_v2.6.3	CDS	3052	4569	349.3	+	0	ID=27_8;partial=00;start_type=ATG;rbs_motif=AGGAG;rbs_spacer=5-10bp;gc_cont=0.400;conf=99.99;score=349.26;cscore=337.72;sscore=11.54;rscore=11.61;uscore=-2.17;tscore=2.10;
contig_57	Prodigal_v2.6.3	CDS	4541	5923	240.8	+	0	ID=27_9;partial=00;start_type=GTG;rbs_motif=3Base/5BMM;rbs_spacer=13-15bp;gc_cont=0.402;conf=99.99;score=240.80;cscore=243.96;sscore=-3.16;rscore=-2.75;uscore=1.66;tscore=-2.07;
contig_57	Prodigal_v2.6.3	CDS	6025	7065	232.2	+	0	ID=27_10;partial=00;start_type=ATG;rbs_motif=AGGA/GGAG/GAGG;rbs_spacer=11-12bp;gc_cont=0.384;conf=99.99;score=232.24;cscore=224.97;sscore=7.27;rscore=3.90;uscore=1.27;tscore=2.10;
contig_57	Prodigal_v2.6.3	CDS	7062	7649	126.2	+	0	ID=27_11;partial=00;start_type=ATG;rbs_motif=GGAGG;rbs_spacer=5-10bp;gc_cont=0.364;conf=100.00;score=126.15;cscore=110.65;sscore=15.50;rscore=12.11;uscore=-0.95;tscore=2.10;
contig_57	Prodigal_v2.6.3	CDS	7674	9209	343.2	+	0	ID=27_12;partial=00;start_type=ATG;rbs_motif=GGA/GAG/AGG;rbs_spacer=11-12bp;gc_cont=0.374;conf=99.99;score=343.22;cscore=340.97;sscore=2.26;rscore=-0.53;uscore=-0.32;tscore=2.10;
contig_57	Prodigal_v2.6.3	CDS	9487	10758	290.6	+	0	ID=27_13;partial=00;start_type=ATG;rbs_motif=GGxGG;rbs_spacer=5-10bp;gc_cont=0.381;conf=99.99;score=290.64;cscore=280.56;sscore=10.08;rscore=7.99;uscore=0.65;tscore=2.10;
contig_57	Prodigal_v2.6.3	CDS	10796	10960	19.2	-	0	ID=27_14;partial=00;start_type=ATG;rbs_motif=GGA/GAG/AGG;rbs_spacer=11-12bp;gc_cont=0.352;conf=98.81;score=19.24;cscore=16.31;sscore=2.93;rscore=-0.82;uscore=1.30;tscore=1.36;
contig_57	Prodigal_v2.6.3	CDS	10977	11822	182.6	-	0	ID=27_15;partial=00;start_type=ATG;rbs_motif=AGGAGG;rbs_spacer=5-10bp;gc_cont=0.364;conf=99.99;score=182.63;cscore=166.55;sscore=16.08;rscore=12.86;uscore=1.77;tscore=2.10;
contig_57	Prodigal_v2.6.3	CDS	12032	12409	40.1	-	0	ID=27_16;partial=00;start_type=ATG;rbs_motif=AGGAG;rbs_spacer=5-10bp;gc_cont=0.402;conf=99.99;score=40.09;cscore=26.33;sscore=13.76;rscore=11.61;uscore=0.71;tscore=2.10;
contig_57	Prodigal_v2.6.3	CDS	12819	13106	34.2	+	0	ID=27_17;partial=00;start_type=ATG;rbs_motif=None;rbs_spacer=None;gc_cont=0.378;conf=99.96;score=34.17;cscore=37.36;sscore=-3.19;rscore=-8.02;uscore=2.73;tscore=2.10;
contig_57	Prodigal_v2.6.3	CDS	13171	13434	33.3	+	0	ID=27_18;partial=00;start_type=TTG;rbs_motif=None;rbs_spacer=None;gc_cont=0.356;conf=99.95;score=33.30;cscore=45.62;sscore=-12.33;rscore=-8.02;uscore=0.66;tscore=-4.97;
contig_57	Prodigal_v2.6.3	CDS	13435	15696	440.6	+	0	ID=27_19;partial=00;start_type=GTG;rbs_motif=AGGAG;rbs_spacer=5-10bp;gc_cont=0.381;conf=99.99;score=440.64;cscore=427.54;sscore=13.09;rscore=11.61;uscore=2.27;tscore=-2.07;
contig_57	Prodigal_v2.6.3	CDS	15712	17721	415.4	+	0	ID=27_20;partial=00;start_type=ATG;rbs_motif=AGGA;rbs_spacer=5-10bp;gc_cont=0.383;conf=99.99;score=415.35;cscore=404.85;sscore=10.50;rscore=5.13;uscore=2.17;tscore=2.10;
contig_57	Prodigal_v2.6.3	CDS	17738	18931	221.2	+	0	ID=27_21;partial=00;start_type=ATG;rbs_motif=AGGA/GGAG/GAGG;rbs_spacer=11-12bp;gc_cont=0.367;conf=99.99;score=221.24;cscore=211.08;sscore=10.16;rscore=3.90;uscore=3.07;tscore=2.10;
contig_57	Prodigal_v2.6.3	CDS	19027	19797	108.1	+	0	ID=27_22;partial=00;start_type=ATG;rbs_motif=GGA/GAG/AGG;rbs_spacer=5-10bp;gc_cont=0.333;conf=100.00;score=108.14;cscore=102.21;sscore=5.93;rscore=-0.18;uscore=4.01;tscore=2.10;
contig_57	Prodigal_v2.6.3	CDS	19951	21501	345.5	+	0	ID=27_23;partial=00;start_type=ATG;rbs_motif=GGAGG;rbs_spacer=5-10bp;gc_cont=0.401;conf=99.99;score=345.46;cscore=328.13;sscore=17.34;rscore=12.11;uscore=3.13;tscore=2.10;
contig_57	Prodigal_v2.6.3	CDS	21691	21840	11.8	+	0	ID=27_24;partial=00;start_type=GTG;rbs_motif=AGxAGG/AGGxGG;rbs_spacer=5-10bp;gc_cont=0.340;conf=93.80;score=11.82;cscore=7.86;sscore=3.96;rscore=5.97;uscore=2.16;tscore=-3.51;
contig_57	Prodigal_v2.6.3	CDS	21965	22564	8.2	-	0	ID=27_25;partial=00;start_type=TTG;rbs_motif=GGA/GAG/AGG;rbs_spacer=5-10bp;gc_cont=0.348;conf=86.87;score=8.22;cscore=14.29;sscore=-6.07;rscore=-0.18;uscore=-0.92;tscore=-4.97;
contig_57	Prodigal_v2.6.3	CDS	23100	24119	176.1	+	0	ID=27_26;partial=00;start_type=ATG;rbs_motif=AGGAGG;rbs_spacer=5-10bp;gc_cont=0.349;conf=100.00;score=176.12;cscore=161.67;sscore=14.44;rscore=12.86;uscore=-0.52;tscore=2.10;
contig_57	Prodigal_v2.6.3	CDS	24109	24774	113.8	+	0	ID=27_27;partial=00;start_type=ATG;rbs_motif=AGGAGG;rbs_spacer=5-10bp;gc_cont=0.374;conf=100.00;score=113.84;cscore=99.30;sscore=14.54;rscore=12.86;uscore=-1.64;tscore=2.10;
contig_57	Prodigal_v2.6.3	CDS	24796	25638	193.3	+	0	ID=27_28;partial=00;start_type=ATG;rbs_motif=AGxAGG/AGGxGG;rbs_spacer=5-10bp;gc_cont=0.357;conf=99.99;score=193.27;cscore=177.08;sscore=16.19;rscore=10.15;uscore=2.90;tscore=2.10;
contig_57	Prodigal_v2.6.3	CDS	25809	26294	8.8	-	0	ID=27_29;partial=00;start_type=TTG;rbs_motif=GGAG/GAGG;rbs_spacer=5-10bp;gc_cont=0.278;conf=88.42;score=8.84;cscore=8.85;sscore=-0.01;rscore=8.70;uscore=-3.74;tscore=-4.97;
contig_57	Prodigal_v2.6.3	CDS	26358	26549	24.1	-	0	ID=27_30;partial=00;start_type=ATG;rbs_motif=GGAGG;rbs_spacer=5-10bp;gc_cont=0.344;conf=99.61;score=24.09;cscore=13.59;sscore=10.49;rscore=9.16;uscore=-1.50;tscore=1.59;
contig_57	Prodigal_v2.6.3	CDS	26542	27723	180.0	-	0	ID=27_31;partial=00;start_type=ATG;rbs_motif=GGA/GAG/AGG;rbs_spacer=5-10bp;gc_cont=0.363;conf=99.99;score=180.03;cscore=179.68;sscore=0.35;rscore=-0.18;uscore=-1.57;tscore=2.10;
contig_57	Prodigal_v2.6.3	CDS	27800	28279	69.5	-	0	ID=27_32;partial=00;start_type=TTG;rbs_motif=GGAG/GAGG;rbs_spacer=5-10bp;gc_cont=0.329;conf=100.00;score=69.54;cscore=66.63;sscore=2.91;rscore=8.70;uscore=-0.18;tscore=-4.97;
contig_57	Prodigal_v2.6.3	CDS	28512	28748	36.9	+	0	ID=27_33;partial=00;start_type=ATG;rbs_motif=AGxAGG/AGGxGG;rbs_spacer=5-10bp;gc_cont=0.321;conf=99.98;score=36.90;cscore=25.72;sscore=11.18;rscore=9.50;uscore=-0.29;tscore=1.96;
contig_57	Prodigal_v2.6.3	CDS	28890	29180	67.5	+	0	ID=27_34;partial=00;start_type=GTG;rbs_motif=GGAGG;rbs_spacer=5-10bp;gc_cont=0.333;conf=100.00;score=67.53;cscore=55.74;sscore=11.80;rscore=12.11;uscore=1.75;tscore=-2.07;
contig_57	Prodigal_v2.6.3	CDS	29196	30200	201.2	+	0	ID=27_35;partial=00;start_type=ATG;rbs_motif=AGGAGG;rbs_spacer=5-10bp;gc_cont=0.403;conf=99.99;score=201.20;cscore=184.53;sscore=16.67;rscore=12.86;uscore=0.60;tscore=2.10;
contig_57	Prodigal_v2.6.3	CDS	30197	30343	4.1	+	0	ID=27_36;partial=00;start_type=GTG;rbs_motif=None;rbs_spacer=None;gc_cont=0.361;conf=72.01;score=4.11;cscore=6.40;sscore=-2.29;rscore=-13.92;uscore=-3.12;tscore=-3.59;
contig_57	Prodigal_v2.6.3	CDS	30421	30651	25.5	+	0	ID=27_37;partial=00;start_type=GTG;rbs_motif=None;rbs_spacer=None;gc_cont=0.407;conf=99.72;score=25.55;cscore=37.25;sscore=-11.70;rscore=-8.79;uscore=-0.65;tscore=-2.27;
contig_57	Prodigal_v2.6.3	CDS	30666	31205	93.3	+	0	ID=27_38;partial=00;start_type=ATG;rbs_motif=AGGAGG;rbs_spacer=5-10bp;gc_cont=0.365;conf=100.00;score=93.27;cscore=76.84;sscore=16.43;rscore=12.86;uscore=0.35;tscore=2.10;
contig_57	Prodigal_v2.6.3	CDS	31213	32091	164.3	+	0	ID=27_39;partial=00;start_type=ATG;rbs_motif=None;rbs_spacer=None;gc_cont=0.377;conf=100.00;score=164.33;cscore=168.64;sscore=-4.31;rscore=-8.02;uscore=0.41;tscore=2.10;
contig_57	Prodigal_v2.6.3	CDS	32271	32384	0.3	+	0	ID=27_40;partial=00;start_type=ATG;rbs_motif=AGxAGG/AGGxGG;rbs_spacer=5-10bp;gc_cont=0.219;conf=51.94;score=0.34;cscore=-4.42;sscore=4.76;rscore=4.51;uscore=0.48;tscore=0.93;
contig_57	Prodigal_v2.6.3	CDS	32563	33468	169.6	+	0	ID=27_41;partial=00;start_type=ATG;rbs_motif=None;rbs_spacer=None;gc_cont=0.390;conf=100.00;score=169.59;cscore=175.58;sscore=-5.99;rscore=-8.02;uscore=0.58;tscore=2.10;
contig_57	Prodigal_v2.6.3	CDS	33481	34650	158.2	-	0	ID=27_42;partial=00;start_type=ATG;rbs_motif=AGGAG;rbs_spacer=5-10bp;gc_cont=0.332;conf=100.00;score=158.20;cscore=144.18;sscore=14.02;rscore=11.61;uscore=0.97;tscore=2.10;
contig_57	Prodigal_v2.6.3	CDS	34899	35645	140.4	+	0	ID=27_43;partial=00;start_type=ATG;rbs_motif=AGxAGG/AGGxGG;rbs_spacer=5-10bp;gc_cont=0.378;conf=100.00;score=140.42;cscore=126.22;sscore=14.19;rscore=10.15;uscore=1.94;tscore=2.10;
contig_57	Prodigal_v2.6.3	CDS	35788	36711	177.3	+	0	ID=27_44;partial=00;start_type=ATG;rbs_motif=AGGA/GGAG/GAGG;rbs_spacer=11-12bp;gc_cont=0.389;conf=100.00;score=177.30;cscore=165.47;sscore=11.84;rscore=3.90;uscore=5.84;tscore=2.10;
contig_57	Prodigal_v2.6.3	CDS	36845	37153	50.6	+	0	ID=27_45;partial=00;start_type=ATG;rbs_motif=AGGA;rbs_spacer=5-10bp;gc_cont=0.382;conf=100.00;score=50.61;cscore=40.00;sscore=10.61;rscore=5.13;uscore=3.39;tscore=2.10;
contig_57	Prodigal_v2.6.3	CDS	37270	37374	13.7	+	0	ID=27_46;partial=00;start_type=ATG;rbs_motif=GGxGG;rbs_spacer=5-10bp;gc_cont=0.352;conf=95.92;score=13.73;cscore=8.98;sscore=4.75;rscore=3.26;uscore=0.64;tscore=0.86;
contig_57	Prodigal_v2.6.3	CDS	37401	37658	21.7	+	0	ID=27_47;partial=00;start_type=TTG;rbs_motif=GGA/GAG/AGG;rbs_spacer=5-10bp;gc_cont=0.353;conf=99.32;score=21.67;cscore=24.91;sscore=-3.25;rscore=-0.18;uscore=0.91;tscore=-4.97;
contig_57	Prodigal_v2.6.3	CDS	37606	37980	38.9	+	0	ID=27_48;partial=00;start_type=GTG;rbs_motif=3Base/5BMM;rbs_spacer=13-15bp;gc_cont=0.357;conf=99.99;score=38.88;cscore=41.01;sscore=-2.13;rscore=-2.75;uscore=2.69;tscore=-2.07;
contig_57	Prodigal_v2.6.3	CDS	38025	38654	57.9	+	0	ID=27_49;partial=00;start_type=ATG;rbs_motif=None;rbs_spacer=None;gc_cont=0.349;conf=100.00;score=57.86;cscore=63.69;sscore=-5.83;rscore=-8.02;uscore=-0.71;tscore=2.10;
contig_57	Prodigal_v2.6.3	CDS	38630	38794	10.7	+	0	ID=27_50;partial=00;start_type=TTG;rbs_motif=AGGAGG;rbs_spacer=5-10bp;gc_cont=0.394;conf=92.20;score=10.74;cscore=6.91;sscore=3.83;rscore=8.33;uscore=3.16;tscore=-7.67;
contig_57	Prodigal_v2.6.3	CDS	38910	39548	120.4	+	0	ID=27_51;partial=00;start_type=ATG;rbs_motif=GGA/GAG/AGG;rbs_spacer=11-12bp;gc_cont=0.429;conf=100.00;score=120.41;cscore=115.85;sscore=4.56;rscore=-0.53;uscore=3.00;tscore=2.10;
contig_57	Prodigal_v2.6.3	CDS	39500	40081	125.9	+	0	ID=27_52;partial=00;start_type=ATG;rbs_motif=AGGA/GGAG/GAGG;rbs_spacer=11-12bp;gc_cont=0.393;conf=100.00;score=125.91;cscore=121.27;sscore=4.65;rscore=3.90;uscore=-1.34;tscore=2.10;
contig_57	Prodigal_v2.6.3	CDS	40129	40452	48.5	+	0	ID=27_53;partial=00;start_type=ATG;rbs_motif=AGGAG;rbs_spacer=5-10bp;gc_cont=0.324;conf=100.00;score=48.53;cscore=33.20;sscore=15.33;rscore=11.61;uscore=0.86;tscore=2.10;
contig_57	Prodigal_v2.6.3	CDS	40493	41299	134.6	-	0	ID=27_54;partial=00;start_type=GTG;rbs_motif=None;rbs_spacer=None;gc_cont=0.383;conf=100.00;score=134.64;cscore=144.55;sscore=-9.91;rscore=-8.02;uscore=0.17;tscore=-2.07;
contig_57	Prodigal_v2.6.3	CDS	41250	41723	96.2	-	0	ID=27_55;partial=00;start_type=ATG;rbs_motif=AGGAG;rbs_spacer=5-10bp;gc_cont=0.403;conf=100.00;score=96.16;cscore=77.95;sscore=18.22;rscore=11.61;uscore=4.51;tscore=2.10;
contig_57	Prodigal_v2.6.3	CDS	41840	42028	5.6	-	0	ID=27_56;partial=00;start_type=GTG;rbs_motif=None;rbs_spacer=None;gc_cont=0.386;conf=78.22;score=5.56;cscore=15.66;sscore=-10.10;rscore=-10.77;uscore=2.57;tscore=-2.78;
contig_57	Prodigal_v2.6.3	CDS	42065	42922	135.0	-	0	ID=27_57;partial=00;start_type=ATG;rbs_motif=AGxAGG/AGGxGG;rbs_spacer=5-10bp;gc_cont=0.337;conf=100.00;score=134.96;cscore=120.35;sscore=14.61;rscore=10.15;uscore=2.36;tscore=2.10;
contig_57	Prodigal_v2.6.3	CDS	43070	43243	15.1	-	0	ID=27_58;partial=00;start_type=ATG;rbs_motif=GGAGG;rbs_spacer=5-10bp;gc_cont=0.276;conf=96.97;score=15.07;cscore=5.17;sscore=9.90;rscore=8.29;uscore=0.83;tscore=1.43;
contig_57	Prodigal_v2.6.3	CDS	43459	44166	101.4	+	0	ID=27_59;partial=00;start_type=ATG;rbs_motif=GGAG/GAGG;rbs_spacer=5-10bp;gc_cont=0.315;conf=100.00;score=101.41;cscore=86.87;sscore=14.53;rscore=8.70;uscore=3.73;tscore=2.10;
contig_57	Prodigal_v2.6.3	CDS	44219	45415	179.6	-	0	ID=27_60;partial=00;start_type=ATG;rbs_motif=GGA/GAG/AGG;rbs_spacer=5-10bp;gc_cont=0.360;conf=99.99;score=179.65;cscore=179.05;sscore=0.59;rscore=-0.18;uscore=-0.67;tscore=2.10;
contig_57	Prodigal_v2.6.3	CDS	45839	47215	268.9	+	0	ID=27_61;partial=00;start_type=ATG;rbs_motif=GGAG/GAGG;rbs_spacer=5-10bp;gc_cont=0.402;conf=99.99;score=268.85;cscore=254.18;sscore=14.67;rscore=8.70;uscore=3.87;tscore=2.10;
contig_57	Prodigal_v2.6.3	CDS	47312	48301	166.9	+	0	ID=27_62;partial=00;start_type=ATG;rbs_motif=AGGA/GGAG/GAGG;rbs_spacer=11-12bp;gc_cont=0.406;conf=100.00;score=166.89;cscore=157.12;sscore=9.77;rscore=3.90;uscore=3.77;tscore=2.10;
contig_57	Prodigal_v2.6.3	CDS	48424	48621	0.6	+	0	ID=27_63;partial=00;start_type=TTG;rbs_motif=AGGAG/GGAGG;rbs_spacer=11-12bp;gc_cont=0.384;conf=53.35;score=0.58;cscore=-3.34;sscore=3.92;rscore=6.51;uscore=4.28;tscore=-6.37;
contig_57	Prodigal_v2.6.3	CDS	48615	48974	44.3	+	0	ID=27_64;partial=00;start_type=ATG;rbs_motif=GGAGG;rbs_spacer=5-10bp;gc_cont=0.367;conf=100.00;score=44.33;cscore=29.00;sscore=15.33;rscore=12.11;uscore=-0.14;tscore=2.10;
contig_57	Prodigal_v2.6.3	CDS	49040	49255	16.5	+	0	ID=27_65;partial=00;start_type=ATG;rbs_motif=GGAG/GAGG;rbs_spacer=5-10bp;gc_cont=0.343;conf=97.79;score=16.48;cscore=7.81;sscore=8.67;rscore=7.42;uscore=-0.53;tscore=1.79;
contig_57	Prodigal_v2.6.3	CDS	49212	50645	143.3	+	0	ID=27_66;partial=00;start_type=TTG;rbs_motif=AGGAG;rbs_spacer=3-4bp;gc_cont=0.347;conf=100.00;score=143.26;cscore=149.35;sscore=-6.08;rscore=5.15;uscore=-6.27;tscore=-4.97;
contig_57	Prodigal_v2.6.3	CDS	50835	50936	0.0	+	0	ID=27_67;partial=01;start_type=ATG;rbs_motif=AGxAG;rbs_spacer=11-12bp;gc_cont=0.402;conf=50.19;score=0.03;cscore=4.97;sscore=-4.94;rscore=-7.56;uscore=1.17;tscore=2.10;
# Sequence Data: seqnum=28;seqlen=2256;seqhdr="contig_59"
# Model Data: version=Prodigal.v2.6.3;run_type=Single;model="Ab initio";gc_cont=36.15;transl_table=11;uses_sd=1
contig_59	Prodigal_v2.6.3	CDS	3	434	60.1	+	0	ID=28_1;partial=10;start_type=Edge;rbs_motif=None;rbs_spacer=None;gc_cont=0.426;conf=100.00;score=60.13;cscore=56.91;sscore=3.22;rscore=0.00;uscore=0.00;tscore=3.22;
contig_59	Prodigal_v2.6.3	CDS	448	1050	79.5	+	0	ID=28_2;partial=00;start_type=ATG;rbs_motif=GGAG/GAGG;rbs_spacer=5-10bp;gc_cont=0.395;conf=100.00;score=79.54;cscore=65.09;sscore=14.45;rscore=8.70;uscore=2.52;tscore=2.10;
contig_59	Prodigal_v2.6.3	CDS	1051	1362	32.7	+	0	ID=28_3;partial=00;start_type=ATG;rbs_motif=GGxGG;rbs_spacer=5-10bp;gc_cont=0.378;conf=99.95;score=32.69;cscore=21.56;sscore=11.13;rscore=7.99;uscore=-0.23;tscore=2.10;
contig_59	Prodigal_v2.6.3	CDS	1582	2256	103.0	+	0	ID=28_4;partial=01;start_type=ATG;rbs_motif=GGAG/GAGG;rbs_spacer=5-10bp;gc_cont=0.344;conf=100.00;score=103.03;cscore=91.73;sscore=11.30;rscore=8.70;uscore=1.15;tscore=2.10;
# Sequence Data: seqnum=29;seqlen=13692;seqhdr="contig_50"
# Model Data: version=Prodigal.v2.6.3;run_type=Single;model="Ab initio";gc_cont=36.15;transl_table=11;uses_sd=1
contig_50	Prodigal_v2.6.3	CDS	31	702	62.2	-	0	ID=29_1;partial=00;start_type=GTG;rbs_motif=GGA/GAG/AGG;rbs_spacer=5-10bp;gc_cont=0.365;conf=100.00;score=62.17;cscore=60.85;sscore=1.33;rscore=-0.18;uscore=4.23;tscore=-2.07;
contig_50	Prodigal_v2.6.3	CDS	1460	1621	15.8	-	0	ID=29_2;partial=00;start_type=ATG;rbs_motif=GGA/GAG/AGG;rbs_spacer=5-10bp;gc_cont=0.321;conf=97.42;score=15.80;cscore=14.02;sscore=1.78;rscore=-0.28;uscore=0.73;tscore=1.33;
contig_50	Prodigal_v2.6.3	CDS	1685	1918	4.5	-	0	ID=29_3;partial=00;start_type=ATG;rbs_motif=None;rbs_spacer=None;gc_cont=0.321;conf=73.72;score=4.49;cscore=7.84;sscore=-3.35;rscore=-8.67;uscore=4.04;tscore=1.94;
contig_50	Prodigal_v2.6.3	CDS	2174	2395	9.8	-	0	ID=29_4;partial=00;start_type=ATG;rbs_motif=None;rbs_spacer=None;gc_cont=0.324;conf=90.56;score=9.84;cscore=16.94;sscore=-7.10;rscore=-9.15;uscore=0.87;tscore=1.84;
contig_50	Prodigal_v2.6.3	CDS	2861	3427	73.9	-	0	ID=29_5;partial=00;start_type=ATG;rbs_motif=GGA/GAG/AGG;rbs_spacer=5-10bp;gc_cont=0.305;conf=100.00;score=73.85;cscore=68.94;sscore=4.91;rscore=-0.18;uscore=2.99;tscore=2.10;
contig_50	Prodigal_v2.6.3	CDS	3511	4371	55.9	-	0	ID=29_6;partial=00;start_type=ATG;rbs_motif=None;rbs_spacer=None;gc_cont=0.296;conf=100.00;score=55.93;cscore=52.54;sscore=3.39;rscore=-8.02;uscore=-1.27;tscore=2.10;
contig_50	Prodigal_v2.6.3	CDS	4368	4682	35.7	-	0	ID=29_7;partial=00;start_type=GTG;rbs_motif=GGAGG;rbs_spacer=5-10bp;gc_cont=0.270;conf=99.97;score=35.68;cscore=23.27;sscore=12.41;rscore=12.11;uscore=2.37;tscore=-2.07;
contig_50	Prodigal_v2.6.3	CDS	4844	6568	256.6	-	0	ID=29_8;partial=00;start_type=ATG;rbs_motif=GGAG/GAGG;rbs_spacer=5-10bp;gc_cont=0.358;conf=99.99;score=256.63;cscore=241.91;sscore=14.72;rscore=8.70;uscore=2.66;tscore=2.10;
contig_50	Prodigal_v2.6.3	CDS	6571	8286	277.7	-	0	ID=29_9;partial=00;start_type=ATG;rbs_motif=GGAG/GAGG;rbs_spacer=5-10bp;gc_cont=0.354;conf=99.99;score=277.65;cscore=263.31;sscore=14.34;rscore=8.70;uscore=2.25;tscore=2.10;
contig_50	Prodigal_v2.6.3	CDS	8286	9302	136.3	-	0	ID=29_10;partial=00;start_type=ATG;rbs_motif=AGGAGG;rbs_spacer=5-10bp;gc_cont=0.366;conf=100.00;score=136.33;cscore=121.28;sscore=15.04;rscore=12.86;uscore=-1.10;tscore=2.10;
contig_50	Prodigal_v2.6.3	CDS	9289	10692	228.5	-	0	ID=29_11;partial=00;start_type=ATG;rbs_motif=AGGA/GGAG/GAGG;rbs_spacer=11-12bp;gc_cont=0.373;conf=99.99;score=228.53;cscore=221.15;sscore=7.38;rscore=3.90;uscore=2.04;tscore=2.10;
contig_50	Prodigal_v2.6.3	CDS	11293	12351	217.2	-	0	ID=29_12;partial=00;start_type=ATG;rbs_motif=AGGAG;rbs_spacer=5-10bp;gc_cont=0.384;conf=99.99;score=217.17;cscore=202.44;sscore=14.73;rscore=11.61;uscore=1.02;tscore=2.10;
contig_50	Prodigal_v2.6.3	CDS	12469	12912	70.8	-	0	ID=29_13;partial=00;start_type=ATG;rbs_motif=AGGA/GGAG/GAGG;rbs_spacer=11-12bp;gc_cont=0.347;conf=100.00;score=70.77;cscore=63.63;sscore=7.14;rscore=3.90;uscore=1.14;tscore=2.10;
contig_50	Prodigal_v2.6.3	CDS	13066	13386	47.4	-	0	ID=29_14;partial=00;start_type=ATG;rbs_motif=AGxAGG/AGGxGG;rbs_spacer=5-10bp;gc_cont=0.336;conf=100.00;score=47.44;cscore=31.60;sscore=15.84;rscore=10.15;uscore=2.36;tscore=2.10;
contig_50	Prodigal_v2.6.3	CDS	13391	13690	4.9	-	0	ID=29_15;partial=01;start_type=Edge;rbs_motif=None;rbs_spacer=None;gc_cont=0.333;conf=75.54;score=4.91;cscore=1.69;sscore=3.22;rscore=0.00;uscore=0.00;tscore=3.22;
# Sequence Data: seqnum=30;seqlen=7854;seqhdr="contig_62"
# Model Data: version=Prodigal.v2.6.3;run_type=Single;model="Ab initio";gc_cont=36.15;transl_table=11;uses_sd=1
contig_62	Prodigal_v2.6.3	CDS	123	248	0.4	-	0	ID=30_1;partial=00;start_type=ATG;rbs_motif=3Base/5BMM;rbs_spacer=13-15bp;gc_cont=0.444;conf=52.03;score=0.35;cscore=3.88;sscore=-3.53;rscore=-5.60;uscore=1.04;tscore=1.03;
contig_62	Prodigal_v2.6.3	CDS	229	414	7.9	-	0	ID=30_2;partial=00;start_type=ATG;rbs_motif=None;rbs_spacer=None;gc_cont=0.333;conf=86.09;score=7.93;cscore=21.21;sscore=-13.28;rscore=-10.95;uscore=-5.12;tscore=1.54;
contig_62	Prodigal_v2.6.3	CDS	407	913	107.2	-	0	ID=30_3;partial=00;start_type=ATG;rbs_motif=GGAGG;rbs_spacer=5-10bp;gc_cont=0.359;conf=100.00;score=107.24;cscore=91.55;sscore=15.70;rscore=12.11;uscore=0.66;tscore=2.10;
contig_62	Prodigal_v2.6.3	CDS	955	3879	508.4	-	0	ID=30_4;partial=00;start_type=ATG;rbs_motif=GGAG/GAGG;rbs_spacer=5-10bp;gc_cont=0.394;conf=99.99;score=508.45;cscore=494.63;sscore=13.82;rscore=8.70;uscore=1.72;tscore=2.10;
contig_62	Prodigal_v2.6.3	CDS	3876	5117	201.8	-	0	ID=30_5;partial=00;start_type=GTG;rbs_motif=AGGA;rbs_spacer=5-10bp;gc_cont=0.411;conf=99.99;score=201.80;cscore=195.79;sscore=6.01;rscore=5.13;uscore=3.60;tscore=-2.07;
contig_62	Prodigal_v2.6.3	CDS	5285	5470	31.4	+	0	ID=30_6;partial=00;start_type=ATG;rbs_motif=GGAGG;rbs_spacer=5-10bp;gc_cont=0.387;conf=99.93;score=31.36;cscore=20.49;sscore=10.88;rscore=8.87;uscore=0.47;tscore=1.54;
contig_62	Prodigal_v2.6.3	CDS	5497	5928	32.2	-	0	ID=30_7;partial=00;start_type=ATG;rbs_motif=None;rbs_spacer=None;gc_cont=0.384;conf=99.94;score=32.25;cscore=35.18;sscore=-2.93;rscore=-8.02;uscore=3.64;tscore=2.10;
contig_62	Prodigal_v2.6.3	CDS	6019	6159	15.3	+	0	ID=30_8;partial=00;start_type=ATG;rbs_motif=GGAG/GAGG;rbs_spacer=5-10bp;gc_cont=0.340;conf=97.12;score=15.30;cscore=7.93;sscore=7.37;rscore=4.81;uscore=1.40;tscore=1.16;
contig_62	Prodigal_v2.6.3	CDS	6194	6931	104.1	-	0	ID=30_9;partial=00;start_type=ATG;rbs_motif=GGAG/GAGG;rbs_spacer=5-10bp;gc_cont=0.304;conf=100.00;score=104.06;cscore=87.33;sscore=16.73;rscore=8.70;uscore=4.79;tscore=2.10;
contig_62	Prodigal_v2.6.3	CDS	6945	7175	51.6	-	0	ID=30_10;partial=00;start_type=ATG;rbs_motif=AGGAGG;rbs_spacer=5-10bp;gc_cont=0.342;conf=100.00;score=51.59;cscore=35.38;sscore=16.22;rscore=11.73;uscore=2.57;tscore=1.91;
# Sequence Data: seqnum=31;seqlen=5730;seqhdr="contig_29"
# Model Data: version=Prodigal.v2.6.3;run_type=Single;model="Ab initio";gc_cont=36.15;transl_table=11;uses_sd=1
contig_29	Prodigal_v2.6.3	CDS	3	962	147.8	-	0	ID=31_1;partial=10;start_type=ATG;rbs_motif=AGxAGG/AGGxGG;rbs_spacer=5-10bp;gc_cont=0.333;conf=100.00;score=147.80;cscore=136.38;sscore=11.41;rscore=10.15;uscore=-0.18;tscore=2.10;
contig_29	Prodigal_v2.6.3	CDS	1343	2845	251.2	+	0	ID=31_2;partial=00;start_type=ATG;rbs_motif=GGAG/GAGG;rbs_spacer=5-10bp;gc_cont=0.381;conf=99.99;score=251.23;cscore=241.73;sscore=9.50;rscore=8.70;uscore=-1.31;tscore=2.10;
contig_29	Prodigal_v2.6.3	CDS	2890	3933	204.1	-	0	ID=31_3;partial=00;start_type=ATG;rbs_motif=AGGAGG;rbs_spacer=5-10bp;gc_cont=0.372;conf=99.99;score=204.12;cscore=187.62;sscore=16.50;rscore=12.86;uscore=0.25;tscore=2.10;
contig_29	Prodigal_v2.6.3	CDS	3930	4340	34.3	-	0	ID=31_4;partial=00;start_type=GTG;rbs_motif=None;rbs_spacer=None;gc_cont=0.392;conf=99.96;score=34.34;cscore=48.27;sscore=-13.93;rscore=-8.02;uscore=-3.84;tscore=-2.07;
contig_29	Prodigal_v2.6.3	CDS	4303	4887	40.3	-	0	ID=31_5;partial=00;start_type=TTG;rbs_motif=GGA/GAG/AGG;rbs_spacer=5-10bp;gc_cont=0.362;conf=99.99;score=40.32;cscore=43.90;sscore=-3.58;rscore=-0.18;uscore=2.22;tscore=-4.97;
contig_29	Prodigal_v2.6.3	CDS	5225	5728	50.3	-	0	ID=31_6;partial=01;start_type=Edge;rbs_motif=None;rbs_spacer=None;gc_cont=0.359;conf=100.00;score=50.25;cscore=47.03;sscore=3.22;rscore=0.00;uscore=3.22;tscore=0.00;
# Sequence Data: seqnum=32;seqlen=10809;seqhdr="contig_16"
# Model Data: version=Prodigal.v2.6.3;run_type=Single;model="Ab initio";gc_cont=36.15;transl_table=11;uses_sd=1
contig_16	Prodigal_v2.6.3	CDS	1	168	21.6	+	0	ID=32_1;partial=10;start_type=Edge;rbs_motif=None;rbs_spacer=None;gc_cont=0.268;conf=99.31;score=21.60;cscore=18.38;sscore=3.22;rscore=0.00;uscore=0.00;tscore=3.22;
contig_16	Prodigal_v2.6.3	CDS	216	500	40.1	+	0	ID=32_2;partial=00;start_type=GTG;rbs_motif=GGA/GAG/AGG;rbs_spacer=5-10bp;gc_cont=0.354;conf=99.99;score=40.11;cscore=41.61;sscore=-1.50;rscore=-0.18;uscore=-0.01;tscore=-2.07;
contig_16	Prodigal_v2.6.3	CDS	541	726	0.2	-	0	ID=32_3;partial=00;start_type=GTG;rbs_motif=None;rbs_spacer=None;gc_cont=0.285;conf=51.33;score=0.23;cscore=12.74;sscore=-12.51;rscore=-10.95;uscore=1.26;tscore=-2.82;
contig_16	Prodigal_v2.6.3	CDS	689	1021	13.1	-	0	ID=32_4;partial=00;start_type=TTG;rbs_motif=None;rbs_spacer=None;gc_cont=0.300;conf=95.34;score=13.13;cscore=25.09;sscore=-11.96;rscore=-8.02;uscore=1.02;tscore=-4.97;
contig_16	Prodigal_v2.6.3	CDS	1126	1590	58.5	-	0	ID=32_5;partial=00;start_type=ATG;rbs_motif=GGxGG;rbs_spacer=5-10bp;gc_cont=0.318;conf=100.00;score=58.51;cscore=45.94;sscore=12.57;rscore=7.99;uscore=1.35;tscore=2.10;
contig_16	Prodigal_v2.6.3	CDS	1604	2050	30.2	-	0	ID=32_6;partial=00;start_type=ATG;rbs_motif=None;rbs_spacer=None;gc_cont=0.320;conf=99.90;score=30.22;cscore=36.17;sscore=-5.96;rscore=-8.02;uscore=0.61;tscore=2.10;
contig_16	Prodigal_v2.6.3	CDS	2159	2851	77.6	+	0	ID=32_7;partial=00;start_type=ATG;rbs_motif=AGxAGG/AGGxGG;rbs_spacer=5-10bp;gc_cont=0.313;conf=100.00;score=77.59;cscore=64.08;sscore=13.50;rscore=10.15;uscore=1.25;tscore=2.10;
contig_16	Prodigal_v2.6.3	CDS	2873	3220	18.9	+	0	ID=32_8;partial=00;start_type=ATG;rbs_motif=GGA/GAG/AGG;rbs_spacer=5-10bp;gc_cont=0.353;conf=98.73;score=18.94;cscore=13.63;sscore=5.31;rscore=-0.18;uscore=2.35;tscore=2.10;
contig_16	Prodigal_v2.6.3	CDS	3186	3605	37.5	+	0	ID=32_9;partial=00;start_type=ATG;rbs_motif=None;rbs_spacer=None;gc_cont=0.362;conf=99.98;score=37.46;cscore=44.39;sscore=-6.93;rscore=-8.02;uscore=-1.01;tscore=2.10;
contig_16	Prodigal_v2.6.3	CDS	3859	4368	52.6	+	0	ID=32_10;partial=00;start_type=ATG;rbs_motif=GGA/GAG/AGG;rbs_spacer=5-10bp;gc_cont=0.325;conf=100.00;score=52.59;cscore=52.20;sscore=0.40;rscore=-0.18;uscore=-0.87;tscore=2.10;
contig_16	Prodigal_v2.6.3	CDS	4441	4779	36.3	+	0	ID=32_11;partial=00;start_type=TTG;rbs_motif=AGGA;rbs_spacer=5-10bp;gc_cont=0.354;conf=99.98;score=36.32;cscore=31.00;sscore=5.32;rscore=5.13;uscore=5.16;tscore=-4.97;
contig_16	Prodigal_v2.6.3	CDS	5045	5293	39.8	+	0	ID=32_12;partial=00;start_type=GTG;rbs_motif=AGxAGG/AGGxGG;rbs_spacer=5-10bp;gc_cont=0.305;conf=99.99;score=39.80;cscore=29.24;sscore=10.56;rscore=9.99;uscore=3.32;tscore=-2.10;
contig_16	Prodigal_v2.6.3	CDS	5330	6367	104.6	-	0	ID=32_13;partial=00;start_type=ATG;rbs_motif=AGGAG;rbs_spacer=5-10bp;gc_cont=0.355;conf=100.00;score=104.56;cscore=90.12;sscore=14.43;rscore=11.61;uscore=0.72;tscore=2.10;
contig_16	Prodigal_v2.6.3	CDS	6478	6672	10.6	-	0	ID=32_14;partial=00;start_type=ATG;rbs_motif=AGxAGG/AGGxGG;rbs_spacer=5-10bp;gc_cont=0.292;conf=91.98;score=10.61;cscore=5.84;sscore=4.77;rscore=7.80;uscore=-3.99;tscore=1.61;
contig_16	Prodigal_v2.6.3	CDS	6805	7086	51.9	+	0	ID=32_15;partial=00;start_type=ATG;rbs_motif=AGGAGG;rbs_spacer=5-10bp;gc_cont=0.337;conf=100.00;score=51.95;cscore=34.65;sscore=17.30;rscore=12.86;uscore=2.34;tscore=2.10;
contig_16	Prodigal_v2.6.3	CDS	7115	7405	26.5	-	0	ID=32_16;partial=00;start_type=ATG;rbs_motif=GGAGG;rbs_spacer=5-10bp;gc_cont=0.351;conf=99.78;score=26.53;cscore=13.55;sscore=12.98;rscore=12.11;uscore=-0.58;tscore=2.10;
contig_16	Prodigal_v2.6.3	CDS	7517	7798	55.9	+	0	ID=32_17;partial=00;start_type=ATG;rbs_motif=AGxAGG/AGGxGG;rbs_spacer=5-10bp;gc_cont=0.305;conf=100.00;score=55.85;cscore=41.52;sscore=14.33;rscore=10.15;uscore=2.08;tscore=2.10;
contig_16	Prodigal_v2.6.3	CDS	7944	8714	124.4	+	0	ID=32_18;partial=00;start_type=ATG;rbs_motif=GGxGG;rbs_spacer=5-10bp;gc_cont=0.349;conf=100.00;score=124.39;cscore=111.49;sscore=12.91;rscore=7.99;uscore=2.82;tscore=2.10;
contig_16	Prodigal_v2.6.3	CDS	8784	8894	2.0	-	0	ID=32_19;partial=00;start_type=ATG;rbs_motif=GGA/GAG/AGG;rbs_spacer=5-10bp;gc_cont=0.315;conf=61.12;score=1.97;cscore=1.97;sscore=-0.00;rscore=-0.41;uscore=0.16;tscore=0.91;
contig_16	Prodigal_v2.6.3	CDS	9301	10335	94.0	-	0	ID=32_20;partial=00;start_type=ATG;rbs_motif=GGAGG;rbs_spacer=5-10bp;gc_cont=0.334;conf=100.00;score=93.99;cscore=79.19;sscore=14.80;rscore=12.11;uscore=1.24;tscore=2.10;
contig_16	Prodigal_v2.6.3	CDS	10608	10808	39.2	+	0	ID=32_21;partial=01;start_type=ATG;rbs_motif=GGAG/GAGG;rbs_spacer=5-10bp;gc_cont=0.418;conf=99.99;score=39.24;cscore=26.26;sscore=12.97;rscore=8.70;uscore=2.17;tscore=2.10;
# Sequence Data: seqnum=33;seqlen=49603;seqhdr="contig_45"
# Model Data: version=Prodigal.v2.6.3;run_type=Single;model="Ab initio";gc_cont=36.15;transl_table=11;uses_sd=1
contig_45	Prodigal_v2.6.3	CDS	213	1007	101.1	+	0	ID=33_1;partial=00;start_type=ATG;rbs_motif=None;rbs_spacer=None;gc_cont=0.367;conf=100.00;score=101.13;cscore=100.58;sscore=0.55;rscore=-8.02;uscore=6.47;tscore=2.10;
contig_45	Prodigal_v2.6.3	CDS	1079	1711	99.2	+	0	ID=33_2;partial=00;start_type=ATG;rbs_motif=GGAGG;rbs_spacer=5-10bp;gc_cont=0.367;conf=100.00;score=99.25;cscore=84.65;sscore=14.60;rscore=12.11;uscore=0.39;tscore=2.10;
contig_45	Prodigal_v2.6.3	CDS	1762	2367	127.7	+	0	ID=33_3;partial=00;start_type=ATG;rbs_motif=AGGAGG;rbs_spacer=5-10bp;gc_cont=0.358;conf=100.00;score=127.72;cscore=113.82;sscore=13.90;rscore=12.86;uscore=-1.78;tscore=2.10;
contig_45	Prodigal_v2.6.3	CDS	2477	2758	49.5	+	0	ID=33_4;partial=00;start_type=ATG;rbs_motif=AGxAGG/AGGxGG;rbs_spacer=5-10bp;gc_cont=0.376;conf=100.00;score=49.47;cscore=35.24;sscore=14.24;rscore=10.15;uscore=1.99;tscore=2.10;
contig_45	Prodigal_v2.6.3	CDS	2739	3506	146.3	+	0	ID=33_5;partial=00;start_type=GTG;rbs_motif=GGA/GAG/AGG;rbs_spacer=5-10bp;gc_cont=0.372;conf=100.00;score=146.27;cscore=150.94;sscore=-4.67;rscore=-0.18;uscore=-2.43;tscore=-2.07;
contig_45	Prodigal_v2.6.3	CDS	3887	4279	66.9	+	0	ID=33_6;partial=00;start_type=ATG;rbs_motif=AGxAGG/AGGxGG;rbs_spacer=5-10bp;gc_cont=0.422;conf=100.00;score=66.87;cscore=53.19;sscore=13.68;rscore=10.15;uscore=2.09;tscore=2.10;
contig_45	Prodigal_v2.6.3	CDS	4560	5021	67.7	+	0	ID=33_7;partial=00;start_type=TTG;rbs_motif=AGGAG;rbs_spacer=5-10bp;gc_cont=0.364;conf=100.00;score=67.72;cscore=56.58;sscore=11.14;rscore=11.61;uscore=5.14;tscore=-4.97;
contig_45	Prodigal_v2.6.3	CDS	5148	6554	245.5	+	0	ID=33_8;partial=00;start_type=ATG;rbs_motif=AGGA;rbs_spacer=5-10bp;gc_cont=0.385;conf=99.99;score=245.50;cscore=234.02;sscore=11.47;rscore=5.13;uscore=4.25;tscore=2.10;
contig_45	Prodigal_v2.6.3	CDS	6588	7526	176.4	+	0	ID=33_9;partial=00;start_type=ATG;rbs_motif=GGAG/GAGG;rbs_spacer=5-10bp;gc_cont=0.363;conf=100.00;score=176.42;cscore=165.54;sscore=10.88;rscore=8.70;uscore=-0.84;tscore=2.10;
contig_45	Prodigal_v2.6.3	CDS	7806	8687	115.1	+	0	ID=33_10;partial=00;start_type=GTG;rbs_motif=AGxAGG/AGGxGG;rbs_spacer=5-10bp;gc_cont=0.315;conf=100.00;score=115.06;cscore=106.07;sscore=8.99;rscore=10.15;uscore=1.55;tscore=-2.07;
contig_45	Prodigal_v2.6.3	CDS	8995	10191	236.1	+	0	ID=33_11;partial=00;start_type=ATG;rbs_motif=AGGAG;rbs_spacer=5-10bp;gc_cont=0.393;conf=99.99;score=236.11;cscore=220.50;sscore=15.61;rscore=11.61;uscore=2.56;tscore=2.10;
contig_45	Prodigal_v2.6.3	CDS	10160	10930	163.7	+	0	ID=33_12;partial=00;start_type=ATG;rbs_motif=3Base/5BMM;rbs_spacer=13-15bp;gc_cont=0.384;conf=100.00;score=163.71;cscore=166.37;sscore=-2.66;rscore=-2.75;uscore=-2.00;tscore=2.10;
contig_45	Prodigal_v2.6.3	CDS	11327	11827	71.7	+	0	ID=33_13;partial=00;start_type=ATG;rbs_motif=GGA/GAG/AGG;rbs_spacer=5-10bp;gc_cont=0.381;conf=100.00;score=71.68;cscore=73.19;sscore=-1.51;rscore=-0.18;uscore=-2.78;tscore=2.10;
contig_45	Prodigal_v2.6.3	CDS	11849	12049	30.1	+	0	ID=33_14;partial=00;start_type=ATG;rbs_motif=AGGAGG;rbs_spacer=5-10bp;gc_cont=0.398;conf=99.90;score=30.08;cscore=15.20;sscore=14.88;rscore=10.19;uscore=1.99;tscore=1.66;
contig_45	Prodigal_v2.6.3	CDS	12087	12443	67.7	+	0	ID=33_15;partial=00;start_type=ATG;rbs_motif=AGGAGG;rbs_spacer=5-10bp;gc_cont=0.384;conf=100.00;score=67.67;cscore=50.75;sscore=16.92;rscore=12.86;uscore=1.10;tscore=2.10;
contig_45	Prodigal_v2.6.3	CDS	12916	13407	95.7	+	0	ID=33_16;partial=00;start_type=GTG;rbs_motif=AGGAGG;rbs_spacer=5-10bp;gc_cont=0.321;conf=100.00;score=95.73;cscore=84.84;sscore=10.90;rscore=12.86;uscore=0.76;tscore=-2.07;
contig_45	Prodigal_v2.6.3	CDS	13477	14562	264.8	+	0	ID=33_17;partial=00;start_type=ATG;rbs_motif=AGGAGG;rbs_spacer=5-10bp;gc_cont=0.397;conf=99.99;score=264.75;cscore=247.36;sscore=17.39;rscore=12.86;uscore=2.43;tscore=2.10;
contig_45	Prodigal_v2.6.3	CDS	14604	15221	86.0	-	0	ID=33_18;partial=00;start_type=ATG;rbs_motif=GGAG/GAGG;rbs_spacer=5-10bp;gc_cont=0.364;conf=100.00;score=85.98;cscore=73.07;sscore=12.91;rscore=8.70;uscore=2.76;tscore=2.10;
contig_45	Prodigal_v2.6.3	CDS	15519	16172	148.5	+	0	ID=33_19;partial=00;start_type=ATG;rbs_motif=AGGAG;rbs_spacer=5-10bp;gc_cont=0.364;conf=100.00;score=148.47;cscore=131.96;sscore=16.51;rscore=11.61;uscore=2.80;tscore=2.10;
contig_45	Prodigal_v2.6.3	CDS	16220	17983	300.2	+	0	ID=33_20;partial=00;start_type=TTG;rbs_motif=AGGA/GGAG/GAGG;rbs_spacer=11-12bp;gc_cont=0.375;conf=99.99;score=300.18;cscore=301.10;sscore=-0.92;rscore=3.90;uscore=-0.61;tscore=-4.97;
contig_45	Prodigal_v2.6.3	CDS	18006	18362	24.3	-	0	ID=33_21;partial=00;start_type=GTG;rbs_motif=GGAGG;rbs_spacer=5-10bp;gc_cont=0.356;conf=99.63;score=24.32;cscore=13.72;sscore=10.60;rscore=12.11;uscore=-0.32;tscore=-2.07;
contig_45	Prodigal_v2.6.3	CDS	18400	18771	38.2	-	0	ID=33_22;partial=00;start_type=ATG;rbs_motif=AGGAG;rbs_spacer=5-10bp;gc_cont=0.339;conf=99.98;score=38.23;cscore=24.25;sscore=13.98;rscore=11.61;uscore=0.92;tscore=2.10;
contig_45	Prodigal_v2.6.3	CDS	19218	19625	18.8	-	0	ID=33_23;partial=00;start_type=ATG;rbs_motif=AGGA/GGAG/GAGG;rbs_spacer=11-12bp;gc_cont=0.343;conf=98.69;score=18.79;cscore=7.59;sscore=11.20;rscore=3.90;uscore=5.21;tscore=2.10;
contig_45	Prodigal_v2.6.3	CDS	19766	20056	30.0	-	0	ID=33_24;partial=00;start_type=TTG;rbs_motif=GGA/GAG/AGG;rbs_spacer=5-10bp;gc_cont=0.361;conf=99.90;score=30.03;cscore=33.27;sscore=-3.24;rscore=-0.18;uscore=2.56;tscore=-4.97;
contig_45	Prodigal_v2.6.3	CDS	20502	20711	48.1	-	0	ID=33_25;partial=00;start_type=ATG;rbs_motif=GGAG/GAGG;rbs_spacer=5-10bp;gc_cont=0.338;conf=100.00;score=48.13;cscore=40.01;sscore=8.12;rscore=7.21;uscore=-0.17;tscore=1.74;
contig_45	Prodigal_v2.6.3	CDS	20794	21591	155.1	+	0	ID=33_26;partial=00;start_type=ATG;rbs_motif=GGA/GAG/AGG;rbs_spacer=5-10bp;gc_cont=0.392;conf=100.00;score=155.07;cscore=152.17;sscore=2.90;rscore=-0.18;uscore=0.98;tscore=2.10;
contig_45	Prodigal_v2.6.3	CDS	21912	22946	224.8	+	0	ID=33_27;partial=00;start_type=ATG;rbs_motif=AGGAGG;rbs_spacer=5-10bp;gc_cont=0.403;conf=99.99;score=224.75;cscore=208.36;sscore=16.39;rscore=12.86;uscore=2.09;tscore=2.10;
contig_45	Prodigal_v2.6.3	CDS	22965	25385	555.6	+	0	ID=33_28;partial=00;start_type=ATG;rbs_motif=AGGAG;rbs_spacer=5-10bp;gc_cont=0.401;conf=99.99;score=555.63;cscore=538.90;sscore=16.73;rscore=11.61;uscore=1.94;tscore=2.10;
contig_45	Prodigal_v2.6.3	CDS	25884	27275	260.3	+	0	ID=33_29;partial=00;start_type=ATG;rbs_motif=AGGAG;rbs_spacer=5-10bp;gc_cont=0.403;conf=99.99;score=260.35;cscore=245.43;sscore=14.92;rscore=11.61;uscore=1.86;tscore=2.10;
contig_45	Prodigal_v2.6.3	CDS	27368	27502	9.7	+	0	ID=33_30;partial=00;start_type=ATG;rbs_motif=GGA/GAG/AGG;rbs_spacer=11-12bp;gc_cont=0.385;conf=90.27;score=9.69;cscore=10.79;sscore=-1.10;rscore=-1.01;uscore=-1.20;tscore=1.11;
contig_45	Prodigal_v2.6.3	CDS	27715	27945	25.5	-	0	ID=33_31;partial=00;start_type=ATG;rbs_motif=AGGAGG;rbs_spacer=5-10bp;gc_cont=0.333;conf=99.71;score=25.48;cscore=6.21;sscore=19.26;rscore=11.73;uscore=4.33;tscore=1.91;
contig_45	Prodigal_v2.6.3	CDS	27942	28211	5.5	-	0	ID=33_32;partial=00;start_type=TTG;rbs_motif=AGGAGG;rbs_spacer=5-10bp;gc_cont=0.352;conf=78.02;score=5.51;cscore=-3.06;sscore=8.57;rscore=12.86;uscore=1.18;tscore=-4.97;
contig_45	Prodigal_v2.6.3	CDS	28328	29263	125.9	-	0	ID=33_33;partial=00;start_type=ATG;rbs_motif=GGA/GAG/AGG;rbs_spacer=5-10bp;gc_cont=0.392;conf=100.00;score=125.91;cscore=120.54;sscore=5.36;rscore=-0.18;uscore=4.10;tscore=2.10;
contig_45	Prodigal_v2.6.3	CDS	29388	29657	23.7	+	0	ID=33_34;partial=00;start_type=TTG;rbs_motif=GGAGG;rbs_spacer=5-10bp;gc_cont=0.374;conf=99.58;score=23.75;cscore=17.35;sscore=6.40;rscore=12.11;uscore=-0.74;tscore=-4.97;
contig_45	Prodigal_v2.6.3	CDS	29659	30198	78.1	+	0	ID=33_35;partial=00;start_type=ATG;rbs_motif=AGGA;rbs_spacer=5-10bp;gc_cont=0.333;conf=100.00;score=78.09;cscore=63.76;sscore=14.34;rscore=5.13;uscore=5.85;tscore=2.10;
contig_45	Prodigal_v2.6.3	CDS	30254	31972	392.9	+	0	ID=33_36;partial=00;start_type=ATG;rbs_motif=AGxAGG/AGGxGG;rbs_spacer=5-10bp;gc_cont=0.380;conf=99.99;score=392.95;cscore=377.00;sscore=15.95;rscore=10.15;uscore=3.02;tscore=2.10;
contig_45	Prodigal_v2.6.3	CDS	31992	34352	499.5	+	0	ID=33_37;partial=00;start_type=ATG;rbs_motif=AGxAGG/AGGxGG;rbs_spacer=5-10bp;gc_cont=0.389;conf=99.99;score=499.51;cscore=484.69;sscore=14.83;rscore=10.15;uscore=1.51;tscore=2.10;
contig_45	Prodigal_v2.6.3	CDS	34383	34475	0.5	+	0	ID=33_38;partial=00;start_type=ATG;rbs_motif=GGA/GAG/AGG;rbs_spacer=5-10bp;gc_cont=0.312;conf=53.04;score=0.53;cscore=-1.97;sscore=2.49;rscore=-0.50;uscore=1.79;tscore=0.76;
contig_45	Prodigal_v2.6.3	CDS	34548	35237	104.3	+	0	ID=33_39;partial=00;start_type=ATG;rbs_motif=AGGA;rbs_spacer=5-10bp;gc_cont=0.403;conf=100.00;score=104.34;cscore=96.41;sscore=7.93;rscore=5.13;uscore=0.70;tscore=2.10;
contig_45	Prodigal_v2.6.3	CDS	35719	37044	254.7	+	0	ID=33_40;partial=00;start_type=ATG;rbs_motif=AGGAGG;rbs_spacer=5-10bp;gc_cont=0.354;conf=99.99;score=254.70;cscore=236.90;sscore=17.80;rscore=12.86;uscore=3.49;tscore=2.10;
contig_45	Prodigal_v2.6.3	CDS	37547	37837	42.4	+	0	ID=33_41;partial=00;start_type=ATG;rbs_motif=AGGAGG;rbs_spacer=11-12bp;gc_cont=0.299;conf=99.99;score=42.44;cscore=25.43;sscore=17.01;rscore=11.91;uscore=3.66;tscore=2.10;
contig_45	Prodigal_v2.6.3	CDS	38350	38907	80.9	+	0	ID=33_42;partial=00;start_type=TTG;rbs_motif=AGGAG;rbs_spacer=5-10bp;gc_cont=0.349;conf=100.00;score=80.85;cscore=67.85;sscore=13.01;rscore=11.61;uscore=7.01;tscore=-4.97;
contig_45	Prodigal_v2.6.3	CDS	38959	41421	532.9	+	0	ID=33_43;partial=00;start_type=GTG;rbs_motif=None;rbs_spacer=None;gc_cont=0.359;conf=99.99;score=532.86;cscore=541.99;sscore=-9.13;rscore=-8.02;uscore=0.23;tscore=-2.07;
contig_45	Prodigal_v2.6.3	CDS	41491	41868	58.2	+	0	ID=33_44;partial=00;start_type=TTG;rbs_motif=AGGAG;rbs_spacer=5-10bp;gc_cont=0.386;conf=100.00;score=58.25;cscore=54.04;sscore=4.21;rscore=11.61;uscore=-2.43;tscore=-4.97;
contig_45	Prodigal_v2.6.3	CDS	41852	42400	102.5	+	0	ID=33_45;partial=00;start_type=TTG;rbs_motif=3Base/5BMM;rbs_spacer=13-15bp;gc_cont=0.333;conf=100.00;score=102.47;cscore=107.48;sscore=-5.01;rscore=-2.75;uscore=1.56;tscore=-4.97;
contig_45	Prodigal_v2.6.3	CDS	42402	43385	146.7	+	0	ID=33_46;partial=00;start_type=ATG;rbs_motif=AGGA;rbs_spacer=5-10bp;gc_cont=0.383;conf=100.00;score=146.74;cscore=140.00;sscore=6.74;rscore=5.13;uscore=-1.74;tscore=2.10;
contig_45	Prodigal_v2.6.3	CDS	43375	44145	131.0	+	0	ID=33_47;partial=00;start_type=ATG;rbs_motif=GGA/GAG/AGG;rbs_spacer=11-12bp;gc_cont=0.348;conf=100.00;score=130.95;cscore=127.80;sscore=3.16;rscore=-0.53;uscore=0.37;tscore=2.10;
contig_45	Prodigal_v2.6.3	CDS	44178	44942	101.3	+	0	ID=33_48;partial=00;start_type=TTG;rbs_motif=GGAG/GAGG;rbs_spacer=5-10bp;gc_cont=0.328;conf=100.00;score=101.28;cscore=95.95;sscore=5.33;rscore=8.70;uscore=0.67;tscore=-4.97;
contig_45	Prodigal_v2.6.3	CDS	45009	45332	68.8	-	0	ID=33_49;partial=00;start_type=ATG;rbs_motif=AGGAGG;rbs_spacer=5-10bp;gc_cont=0.361;conf=100.00;score=68.79;cscore=54.14;sscore=14.65;rscore=12.86;uscore=0.34;tscore=2.10;
contig_45	Prodigal_v2.6.3	CDS	45676	46074	58.8	+	0	ID=33_50;partial=00;start_type=ATG;rbs_motif=AGGAGG;rbs_spacer=5-10bp;gc_cont=0.406;conf=100.00;score=58.80;cscore=45.60;sscore=13.20;rscore=12.86;uscore=-1.76;tscore=2.10;
contig_45	Prodigal_v2.6.3	CDS	46083	47465	177.2	+	0	ID=33_51;partial=00;start_type=TTG;rbs_motif=None;rbs_spacer=None;gc_cont=0.361;conf=100.00;score=177.25;cscore=190.79;sscore=-13.54;rscore=-8.02;uscore=-1.74;tscore=-4.97;
contig_45	Prodigal_v2.6.3	CDS	47555	47776	32.2	+	0	ID=33_52;partial=00;start_type=ATG;rbs_motif=AGGA;rbs_spacer=5-10bp;gc_cont=0.302;conf=99.94;score=32.22;cscore=23.44;sscore=8.78;rscore=4.49;uscore=2.45;tscore=1.84;
contig_45	Prodigal_v2.6.3	CDS	47724	48698	138.9	+	0	ID=33_53;partial=00;start_type=ATG;rbs_motif=GGA/GAG/AGG;rbs_spacer=5-10bp;gc_cont=0.355;conf=100.00;score=138.90;cscore=136.30;sscore=2.60;rscore=-0.18;uscore=0.69;tscore=2.10;
contig_45	Prodigal_v2.6.3	CDS	48796	48990	22.0	-	0	ID=33_54;partial=00;start_type=ATG;rbs_motif=GGA/GAG/AGG;rbs_spacer=5-10bp;gc_cont=0.400;conf=99.36;score=21.98;cscore=19.50;sscore=2.47;rscore=-0.23;uscore=-0.18;tscore=1.61;
contig_45	Prodigal_v2.6.3	CDS	48991	49164	27.0	-	0	ID=33_55;partial=00;start_type=ATG;rbs_motif=AGGAG;rbs_spacer=5-10bp;gc_cont=0.351;conf=99.80;score=27.04;cscore=19.89;sscore=7.15;rscore=7.94;uscore=-1.57;tscore=1.43;
contig_45	Prodigal_v2.6.3	CDS	49333	49602	50.6	+	0	ID=33_56;partial=01;start_type=ATG;rbs_motif=GGA/GAG/AGG;rbs_spacer=5-10bp;gc_cont=0.352;conf=100.00;score=50.55;cscore=47.76;sscore=2.79;rscore=-0.18;uscore=0.87;tscore=2.10;
# Sequence Data: seqnum=34;seqlen=16469;seqhdr="contig_53"
# Model Data: version=Prodigal.v2.6.3;run_type=Single;model="Ab initio";gc_cont=36.15;transl_table=11;uses_sd=1
contig_53	Prodigal_v2.6.3	CDS	2	433	87.9	-	0	ID=34_1;partial=10;start_type=ATG;rbs_motif=GGAG/GAGG;rbs_spacer=5-10bp;gc_cont=0.370;conf=100.00;score=87.86;cscore=76.25;sscore=11.61;rscore=8.70;uscore=-0.30;tscore=2.10;
contig_53	Prodigal_v2.6.3	CDS	449	622	22.6	-	0	ID=34_2;partial=00;start_type=ATG;rbs_motif=GGAGG;rbs_spacer=5-10bp;gc_cont=0.385;conf=99.45;score=22.59;cscore=12.55;sscore=10.03;rscore=8.29;uscore=0.97;tscore=1.43;
contig_53	Prodigal_v2.6.3	CDS	1018	2370	266.8	-	0	ID=34_3;partial=00;start_type=ATG;rbs_motif=None;rbs_spacer=None;gc_cont=0.378;conf=99.99;score=266.81;cscore=271.55;sscore=-4.74;rscore=-8.02;uscore=-0.03;tscore=2.10;
contig_53	Prodigal_v2.6.3	CDS	2377	3126	116.4	-	0	ID=34_4;partial=00;start_type=ATG;rbs_motif=GGA/GAG/AGG;rbs_spacer=5-10bp;gc_cont=0.395;conf=100.00;score=116.36;cscore=115.51;sscore=0.85;rscore=-0.18;uscore=-1.07;tscore=2.10;
contig_53	Prodigal_v2.6.3	CDS	3271	4209	212.2	-	0	ID=34_5;partial=00;start_type=GTG;rbs_motif=GGAG/GAGG;rbs_spacer=5-10bp;gc_cont=0.386;conf=99.99;score=212.22;cscore=200.68;sscore=11.54;rscore=8.70;uscore=3.94;tscore=-2.07;
contig_53	Prodigal_v2.6.3	CDS	4238	5353	216.8	-	0	ID=34_6;partial=00;start_type=ATG;rbs_motif=GGxGG;rbs_spacer=5-10bp;gc_cont=0.410;conf=99.99;score=216.83;cscore=206.34;sscore=10.49;rscore=7.99;uscore=1.06;tscore=2.10;
contig_53	Prodigal_v2.6.3	CDS	5558	7393	478.3	-	0	ID=34_7;partial=00;start_type=ATG;rbs_motif=AGGAGG;rbs_spacer=5-10bp;gc_cont=0.397;conf=99.99;score=478.35;cscore=458.58;sscore=19.76;rscore=12.86;uscore=3.82;tscore=2.10;
contig_53	Prodigal_v2.6.3	CDS	7420	7998	129.4	-	0	ID=34_8;partial=00;start_type=GTG;rbs_motif=AGGAGG;rbs_spacer=5-10bp;gc_cont=0.382;conf=100.00;score=129.39;cscore=121.66;sscore=7.73;rscore=12.86;uscore=-3.07;tscore=-2.07;
contig_53	Prodigal_v2.6.3	CDS	8120	9136	158.6	-	0	ID=34_9;partial=00;start_type=ATG;rbs_motif=GGAG/GAGG;rbs_spacer=5-10bp;gc_cont=0.353;conf=100.00;score=158.57;cscore=148.07;sscore=10.50;rscore=8.70;uscore=-0.31;tscore=2.10;
contig_53	Prodigal_v2.6.3	CDS	9270	10055	105.5	-	0	ID=34_10;partial=00;start_type=TTG;rbs_motif=3Base/5BMM;rbs_spacer=13-15bp;gc_cont=0.351;conf=100.00;score=105.53;cscore=111.48;sscore=-5.95;rscore=-2.75;uscore=1.77;tscore=-4.97;
contig_53	Prodigal_v2.6.3	CDS	10030	10251	30.3	-	0	ID=34_11;partial=00;start_type=ATG;rbs_motif=3Base/5BMM;rbs_spacer=13-15bp;gc_cont=0.374;conf=99.91;score=30.30;cscore=27.95;sscore=2.35;rscore=-3.14;uscore=4.31;tscore=1.84;
contig_53	Prodigal_v2.6.3	CDS	10464	10838	58.2	-	0	ID=34_12;partial=00;start_type=ATG;rbs_motif=AGGAG;rbs_spacer=5-10bp;gc_cont=0.344;conf=100.00;score=58.24;cscore=41.49;sscore=16.75;rscore=11.61;uscore=3.04;tscore=2.10;
contig_53	Prodigal_v2.6.3	CDS	10970	12793	395.2	-	0	ID=34_13;partial=00;start_type=ATG;rbs_motif=AGGAG/GGAGG;rbs_spacer=11-12bp;gc_cont=0.387;conf=99.99;score=395.20;cscore=383.32;sscore=11.88;rscore=8.34;uscore=2.10;tscore=2.10;
contig_53	Prodigal_v2.6.3	CDS	13004	13369	43.7	-	0	ID=34_14;partial=00;start_type=TTG;rbs_motif=AGGAG;rbs_spacer=5-10bp;gc_cont=0.363;conf=100.00;score=43.66;cscore=35.72;sscore=7.94;rscore=11.61;uscore=-0.10;tscore=-4.97;
contig_53	Prodigal_v2.6.3	CDS	13366	14043	106.8	-	0	ID=34_15;partial=00;start_type=TTG;rbs_motif=3Base/5BMM;rbs_spacer=13-15bp;gc_cont=0.392;conf=100.00;score=106.82;cscore=112.17;sscore=-5.35;rscore=-2.75;uscore=3.03;tscore=-4.97;
contig_53	Prodigal_v2.6.3	CDS	14259	14468	38.9	-	0	ID=34_16;partial=00;start_type=ATG;rbs_motif=GGAGG;rbs_spacer=5-10bp;gc_cont=0.395;conf=99.99;score=38.94;cscore=26.33;sscore=12.61;rscore=10.03;uscore=1.50;tscore=1.74;
contig_53	Prodigal_v2.6.3	CDS	14650	14907	38.3	+	0	ID=34_17;partial=00;start_type=ATG;rbs_motif=GGAGG;rbs_spacer=5-10bp;gc_cont=0.399;conf=99.99;score=38.35;cscore=26.55;sscore=11.79;rscore=12.11;uscore=-2.42;tscore=2.10;
contig_53	Prodigal_v2.6.3	CDS	14991	15575	89.3	-	0	ID=34_18;partial=00;start_type=ATG;rbs_motif=AGxAG;rbs_spacer=5-10bp;gc_cont=0.390;conf=100.00;score=89.31;cscore=91.30;sscore=-1.99;rscore=-5.96;uscore=1.87;tscore=2.10;
contig_53	Prodigal_v2.6.3	CDS	15608	16000	63.0	-	0	ID=34_19;partial=00;start_type=ATG;rbs_motif=AGxAGG/AGGxGG;rbs_spacer=5-10bp;gc_cont=0.316;conf=100.00;score=62.98;cscore=47.87;sscore=15.12;rscore=10.15;uscore=3.52;tscore=2.10;
contig_53	Prodigal_v2.6.3	CDS	16346	16468	24.6	+	0	ID=34_20;partial=01;start_type=ATG;rbs_motif=GGAGG;rbs_spacer=5-10bp;gc_cont=0.325;conf=99.65;score=24.57;cscore=11.16;sscore=13.41;rscore=12.11;uscore=-0.80;tscore=2.10;
# Sequence Data: seqnum=35;seqlen=15790;seqhdr="contig_60"
# Model Data: version=Prodigal.v2.6.3;run_type=Single;model="Ab initio";gc_cont=36.15;transl_table=11;uses_sd=1
contig_60	Prodigal_v2.6.3	CDS	1	135	3.8	+	0	ID=35_1;partial=10;start_type=Edge;rbs_motif=None;rbs_spacer=None;gc_cont=0.400;conf=70.50;score=3.79;cscore=0.57;sscore=3.22;rscore=0.00;uscore=0.00;tscore=3.22;
contig_60	Prodigal_v2.6.3	CDS	1148	1492	48.5	+	0	ID=35_2;partial=00;start_type=ATG;rbs_motif=GGAG/GAGG;rbs_spacer=5-10bp;gc_cont=0.377;conf=100.00;score=48.46;cscore=37.04;sscore=11.42;rscore=8.70;uscore=1.27;tscore=2.10;
contig_60	Prodigal_v2.6.3	CDS	1495	1809	51.2	+	0	ID=35_3;partial=00;start_type=ATG;rbs_motif=AGGAG;rbs_spacer=5-10bp;gc_cont=0.371;conf=100.00;score=51.16;cscore=32.64;sscore=18.51;rscore=11.61;uscore=3.55;tscore=2.10;
contig_60	Prodigal_v2.6.3	CDS	1962	2540	102.8	+	0	ID=35_4;partial=00;start_type=ATG;rbs_motif=GGA/GAG/AGG;rbs_spacer=5-10bp;gc_cont=0.370;conf=100.00;score=102.83;cscore=101.57;sscore=1.26;rscore=-0.18;uscore=-0.66;tscore=2.10;
contig_60	Prodigal_v2.6.3	CDS	2753	3955	186.4	+	0	ID=35_5;partial=00;start_type=GTG;rbs_motif=GGAG/GAGG;rbs_spacer=5-10bp;gc_cont=0.373;conf=99.99;score=186.37;cscore=178.77;sscore=7.60;rscore=8.70;uscore=1.62;tscore=-2.07;
contig_60	Prodigal_v2.6.3	CDS	4130	4327	26.6	-	0	ID=35_6;partial=00;start_type=ATG;rbs_motif=GGAGG;rbs_spacer=5-10bp;gc_cont=0.379;conf=99.78;score=26.62;cscore=15.59;sscore=11.03;rscore=9.45;uscore=0.60;tscore=1.64;
contig_60	Prodigal_v2.6.3	CDS	4495	5034	85.1	+	0	ID=35_7;partial=00;start_type=ATG;rbs_motif=GGAGG;rbs_spacer=5-10bp;gc_cont=0.372;conf=100.00;score=85.06;cscore=67.78;sscore=17.28;rscore=12.11;uscore=3.07;tscore=2.10;
contig_60	Prodigal_v2.6.3	CDS	5054	5602	91.1	+	0	ID=35_8;partial=00;start_type=ATG;rbs_motif=GGAG/GAGG;rbs_spacer=5-10bp;gc_cont=0.335;conf=100.00;score=91.14;cscore=77.90;sscore=13.24;rscore=8.70;uscore=1.37;tscore=2.10;
contig_60	Prodigal_v2.6.3	CDS	5675	7435	196.4	-	0	ID=35_9;partial=00;start_type=ATG;rbs_motif=GGA/GAG/AGG;rbs_spacer=11-12bp;gc_cont=0.340;conf=99.99;score=196.39;cscore=191.30;sscore=5.10;rscore=-0.53;uscore=4.18;tscore=2.10;
contig_60	Prodigal_v2.6.3	CDS	7520	8155	94.0	+	0	ID=35_10;partial=00;start_type=ATG;rbs_motif=AGGAGG;rbs_spacer=5-10bp;gc_cont=0.347;conf=100.00;score=93.97;cscore=77.20;sscore=16.77;rscore=12.86;uscore=1.81;tscore=2.10;
contig_60	Prodigal_v2.6.3	CDS	8155	8796	86.2	+	0	ID=35_11;partial=00;start_type=ATG;rbs_motif=3Base/5BMM;rbs_spacer=13-15bp;gc_cont=0.364;conf=100.00;score=86.17;cscore=80.56;sscore=5.61;rscore=-2.75;uscore=2.23;tscore=2.10;
contig_60	Prodigal_v2.6.3	CDS	9262	9579	16.2	-	0	ID=35_12;partial=00;start_type=TTG;rbs_motif=None;rbs_spacer=None;gc_cont=0.421;conf=97.65;score=16.21;cscore=28.21;sscore=-12.00;rscore=-8.02;uscore=0.99;tscore=-4.97;
contig_60	Prodigal_v2.6.3	CDS	9527	9775	47.2	-	0	ID=35_13;partial=00;start_type=ATG;rbs_motif=AGGAG;rbs_spacer=5-10bp;gc_cont=0.341;conf=100.00;score=47.20;cscore=28.57;sscore=18.63;rscore=11.43;uscore=4.22;tscore=2.06;
contig_60	Prodigal_v2.6.3	CDS	9809	10129	25.7	-	0	ID=35_14;partial=00;start_type=ATG;rbs_motif=None;rbs_spacer=None;gc_cont=0.352;conf=99.73;score=25.71;cscore=22.32;sscore=3.39;rscore=-8.02;uscore=-5.69;tscore=2.10;
contig_60	Prodigal_v2.6.3	CDS	10126	10377	2.1	-	0	ID=35_15;partial=00;start_type=GTG;rbs_motif=None;rbs_spacer=None;gc_cont=0.397;conf=62.01;score=2.13;cscore=2.91;sscore=-0.78;rscore=-8.05;uscore=-2.95;tscore=-2.07;
contig_60	Prodigal_v2.6.3	CDS	10877	10999	3.3	-	0	ID=35_16;partial=00;start_type=ATG;rbs_motif=GGA/GAG/AGG;rbs_spacer=5-10bp;gc_cont=0.366;conf=68.03;score=3.28;cscore=3.31;sscore=-0.02;rscore=-0.37;uscore=-0.66;tscore=1.01;
contig_60	Prodigal_v2.6.3	CDS	11123	11398	10.6	-	0	ID=35_17;partial=00;start_type=GTG;rbs_motif=3Base/5BMM;rbs_spacer=13-15bp;gc_cont=0.409;conf=91.93;score=10.58;cscore=12.38;sscore=-1.80;rscore=-2.75;uscore=1.93;tscore=-2.07;
contig_60	Prodigal_v2.6.3	CDS	11415	11813	30.1	-	0	ID=35_18;partial=00;start_type=GTG;rbs_motif=AGGAGG;rbs_spacer=5-10bp;gc_cont=0.396;conf=99.90;score=30.14;cscore=18.20;sscore=11.94;rscore=12.86;uscore=1.80;tscore=-2.07;
contig_60	Prodigal_v2.6.3	CDS	12005	13204	79.0	-	0	ID=35_19;partial=00;start_type=ATG;rbs_motif=GGAG/GAGG;rbs_spacer=5-10bp;gc_cont=0.339;conf=100.00;score=79.04;cscore=65.44;sscore=13.60;rscore=8.70;uscore=1.58;tscore=2.10;
contig_60	Prodigal_v2.6.3	CDS	13210	14688	202.0	-	0	ID=35_20;partial=00;start_type=ATG;rbs_motif=GGAGG;rbs_spacer=5-10bp;gc_cont=0.391;conf=99.99;score=201.99;cscore=192.96;sscore=9.03;rscore=12.11;uscore=-4.53;tscore=2.10;
contig_60	Prodigal_v2.6.3	CDS	15196	15789	87.9	+	0	ID=35_21;partial=01;start_type=ATG;rbs_motif=None;rbs_spacer=None;gc_cont=0.392;conf=100.00;score=87.94;cscore=92.34;sscore=-4.40;rscore=-8.02;uscore=1.52;tscore=2.10;
# Sequence Data: seqnum=36;seqlen=7190;seqhdr="contig_3"
# Model Data: version=Prodigal.v2.6.3;run_type=Single;model="Ab initio";gc_cont=36.15;transl_table=11;uses_sd=1
contig_3	Prodigal_v2.6.3	CDS	256	987	117.9	-	0	ID=36_1;partial=00;start_type=ATG;rbs_motif=GGAG/GAGG;rbs_spacer=5-10bp;gc_cont=0.363;conf=100.00;score=117.95;cscore=108.16;sscore=9.79;rscore=8.70;uscore=-1.02;tscore=2.10;
contig_3	Prodigal_v2.6.3	CDS	1153	2112	161.7	-	0	ID=36_2;partial=00;start_type=ATG;rbs_motif=AGGAG;rbs_spacer=5-10bp;gc_cont=0.348;conf=100.00;score=161.67;cscore=148.65;sscore=13.02;rscore=11.61;uscore=-0.03;tscore=2.10;
contig_3	Prodigal_v2.6.3	CDS	4952	5383	5.6	+	0	ID=36_3;partial=00;start_type=TTG;rbs_motif=GGAG/GAGG;rbs_spacer=5-10bp;gc_cont=0.493;conf=78.36;score=5.60;cscore=6.91;sscore=-1.31;rscore=8.70;uscore=-5.05;tscore=-4.97;
contig_3	Prodigal_v2.6.3	CDS	7087	7188	5.8	-	0	ID=36_4;partial=01;start_type=Edge;rbs_motif=None;rbs_spacer=None;gc_cont=0.343;conf=79.22;score=5.82;cscore=2.60;sscore=3.22;rscore=0.00;uscore=0.00;tscore=3.22;
# Sequence Data: seqnum=37;seqlen=8643;seqhdr="contig_42"
# Model Data: version=Prodigal.v2.6.3;run_type=Single;model="Ab initio";gc_cont=36.15;transl_table=11;uses_sd=1
contig_42	Prodigal_v2.6.3	CDS	294	1082	159.8	+	0	ID=37_1;partial=00;start_type=ATG;rbs_motif=GGAG/GAGG;rbs_spacer=5-10bp;gc_cont=0.389;conf=100.00;score=159.83;cscore=145.27;sscore=14.56;rscore=8.70;uscore=3.76;tscore=2.10;
contig_42	Prodigal_v2.6.3	CDS	1186	1431	11.1	+	0	ID=37_2;partial=00;start_type=ATG;rbs_motif=AGGAG;rbs_spacer=5-10bp;gc_cont=0.386;conf=92.84;score=11.15;cscore=0.27;sscore=10.88;rscore=11.29;uscore=-2.44;tscore=2.04;
contig_42	Prodigal_v2.6.3	CDS	1578	1853	54.5	+	0	ID=37_3;partial=00;start_type=ATG;rbs_motif=GGAG/GAGG;rbs_spacer=5-10bp;gc_cont=0.402;conf=100.00;score=54.54;cscore=45.98;sscore=8.56;rscore=8.70;uscore=-2.24;tscore=2.10;
contig_42	Prodigal_v2.6.3	CDS	2181	3230	233.0	+	0	ID=37_4;partial=00;start_type=ATG;rbs_motif=AGGAGG;rbs_spacer=5-10bp;gc_cont=0.370;conf=99.99;score=232.99;cscore=216.11;sscore=16.88;rscore=12.86;uscore=2.57;tscore=2.10;
contig_42	Prodigal_v2.6.3	CDS	3492	5114	326.4	+	0	ID=37_5;partial=00;start_type=ATG;rbs_motif=AGGAG/GGAGG;rbs_spacer=11-12bp;gc_cont=0.362;conf=99.99;score=326.39;cscore=314.42;sscore=11.97;rscore=8.34;uscore=2.18;tscore=2.10;
contig_42	Prodigal_v2.6.3	CDS	5247	6086	73.4	+	0	ID=37_6;partial=00;start_type=TTG;rbs_motif=AGGA;rbs_spacer=5-10bp;gc_cont=0.419;conf=100.00;score=73.37;cscore=70.53;sscore=2.84;rscore=5.13;uscore=2.68;tscore=-4.97;
contig_42	Prodigal_v2.6.3	CDS	6407	6649	23.5	-	0	ID=37_7;partial=00;start_type=ATG;rbs_motif=GGA/GAG/AGG;rbs_spacer=5-10bp;gc_cont=0.379;conf=99.55;score=23.49;cscore=23.73;sscore=-0.25;rscore=-0.19;uscore=-1.42;tscore=2.01;
contig_42	Prodigal_v2.6.3	CDS	6938	7942	159.7	+	0	ID=37_8;partial=00;start_type=ATG;rbs_motif=GGAG/GAGG;rbs_spacer=5-10bp;gc_cont=0.418;conf=100.00;score=159.69;cscore=146.32;sscore=13.36;rscore=8.70;uscore=2.56;tscore=2.10;
contig_42	Prodigal_v2.6.3	CDS	7962	8642	89.7	+	0	ID=37_9;partial=01;start_type=ATG;rbs_motif=AGGAGG;rbs_spacer=5-10bp;gc_cont=0.410;conf=100.00;score=89.74;cscore=71.97;sscore=17.78;rscore=12.86;uscore=1.75;tscore=2.10;
# Sequence Data: seqnum=38;seqlen=3960;seqhdr="contig_13"
# Model Data: version=Prodigal.v2.6.3;run_type=Single;model="Ab initio";gc_cont=36.15;transl_table=11;uses_sd=1
contig_13	Prodigal_v2.6.3	CDS	47	409	49.4	-	0	ID=38_1;partial=00;start_type=TTG;rbs_motif=None;rbs_spacer=None;gc_cont=0.350;conf=100.00;score=49.39;cscore=64.78;sscore=-15.39;rscore=-8.02;uscore=-2.40;tscore=-4.97;
contig_13	Prodigal_v2.6.3	CDS	364	672	47.1	-	0	ID=38_2;partial=00;start_type=GTG;rbs_motif=None;rbs_spacer=None;gc_cont=0.430;conf=100.00;score=47.12;cscore=57.73;sscore=-10.60;rscore=-8.02;uscore=-0.52;tscore=-2.07;
contig_13	Prodigal_v2.6.3	CDS	848	1348	92.4	-	0	ID=38_3;partial=00;start_type=GTG;rbs_motif=AGGAG;rbs_spacer=5-10bp;gc_cont=0.407;conf=100.00;score=92.37;cscore=80.74;sscore=11.63;rscore=11.61;uscore=2.73;tscore=-2.07;
contig_13	Prodigal_v2.6.3	CDS	1476	2489	182.8	+	0	ID=38_4;partial=00;start_type=ATG;rbs_motif=AGxAGG/AGGxGG;rbs_spacer=5-10bp;gc_cont=0.363;conf=99.99;score=182.75;cscore=168.86;sscore=13.89;rscore=10.15;uscore=1.64;tscore=2.10;
contig_13	Prodigal_v2.6.3	CDS	2482	3120	91.2	+	0	ID=38_5;partial=00;start_type=ATG;rbs_motif=AGxAGG/AGGxGG;rbs_spacer=5-10bp;gc_cont=0.326;conf=100.00;score=91.23;cscore=75.90;sscore=15.33;rscore=10.15;uscore=1.83;tscore=2.10;
contig_13	Prodigal_v2.6.3	CDS	3095	3274	16.3	+	0	ID=38_6;partial=00;start_type=ATG;rbs_motif=GGA/GAG/AGG;rbs_spacer=5-10bp;gc_cont=0.361;conf=97.70;score=16.31;cscore=15.87;sscore=0.44;rscore=-0.25;uscore=-0.79;tscore=1.49;
contig_13	Prodigal_v2.6.3	CDS	3279	3959	64.6	+	0	ID=38_7;partial=01;start_type=ATG;rbs_motif=AGxAGG/AGGxGG;rbs_spacer=5-10bp;gc_cont=0.355;conf=100.00;score=64.61;cscore=51.75;sscore=12.86;rscore=10.15;uscore=-0.62;tscore=2.10;
# Sequence Data: seqnum=39;seqlen=2718;seqhdr="contig_37"
# Model Data: version=Prodigal.v2.6.3;run_type=Single;model="Ab initio";gc_cont=36.15;transl_table=11;uses_sd=1
contig_37	Prodigal_v2.6.3	CDS	2	1060	138.1	-	0	ID=39_1;partial=10;start_type=ATG;rbs_motif=GGAG/GAGG;rbs_spacer=5-10bp;gc_cont=0.390;conf=100.00;score=138.06;cscore=129.08;sscore=8.98;rscore=8.70;uscore=-1.17;tscore=2.10;
contig_37	Prodigal_v2.6.3	CDS	1328	1612	28.9	+	0	ID=39_2;partial=00;start_type=ATG;rbs_motif=GGAG/GAGG;rbs_spacer=5-10bp;gc_cont=0.375;conf=99.87;score=28.88;cscore=16.96;sscore=11.92;rscore=8.70;uscore=1.12;tscore=2.10;
contig_37	Prodigal_v2.6.3	CDS	1554	2078	72.0	+	0	ID=39_3;partial=00;start_type=TTG;rbs_motif=AGGA;rbs_spacer=5-10bp;gc_cont=0.341;conf=100.00;score=71.96;cscore=68.51;sscore=3.45;rscore=5.13;uscore=3.29;tscore=-4.97;
contig_37	Prodigal_v2.6.3	CDS	2154	2717	101.2	+	0	ID=39_4;partial=01;start_type=ATG;rbs_motif=AGxAGG/AGGxGG;rbs_spacer=5-10bp;gc_cont=0.367;conf=100.00;score=101.20;cscore=88.94;sscore=12.26;rscore=10.15;uscore=0.01;tscore=2.10;
# Sequence Data: seqnum=40;seqlen=8338;seqhdr="contig_4"
# Model Data: version=Prodigal.v2.6.3;run_type=Single;model="Ab initio";gc_cont=36.15;transl_table=11;uses_sd=1
contig_4	Prodigal_v2.6.3	CDS	192	1535	208.4	-	0	ID=40_1;partial=00;start_type=TTG;rbs_motif=AGGA/GGAG/GAGG;rbs_spacer=11-12bp;gc_cont=0.339;conf=99.99;score=208.35;cscore=207.01;sscore=1.34;rscore=3.90;uscore=2.42;tscore=-4.97;
contig_4	Prodigal_v2.6.3	CDS	1682	2383	118.0	-	0	ID=40_2;partial=00;start_type=GTG;rbs_motif=GGAG/GAGG;rbs_spacer=5-10bp;gc_cont=0.355;conf=100.00;score=118.02;cscore=107.82;sscore=10.20;rscore=8.70;uscore=3.56;tscore=-2.07;
contig_4	Prodigal_v2.6.3	CDS	2527	3852	249.9	-	0	ID=40_3;partial=00;start_type=ATG;rbs_motif=GGxGG;rbs_spacer=5-10bp;gc_cont=0.397;conf=99.99;score=249.93;cscore=241.09;sscore=8.85;rscore=7.99;uscore=-0.59;tscore=2.10;
contig_4	Prodigal_v2.6.3	CDS	4238	5785	300.0	-	0	ID=40_4;partial=00;start_type=GTG;rbs_motif=3Base/5BMM;rbs_spacer=13-15bp;gc_cont=0.399;conf=99.99;score=300.02;cscore=304.31;sscore=-4.28;rscore=-2.75;uscore=1.19;tscore=-2.07;
contig_4	Prodigal_v2.6.3	CDS	6182	7816	425.2	-	0	ID=40_5;partial=00;start_type=ATG;rbs_motif=AGxAGG/AGGxGG;rbs_spacer=5-10bp;gc_cont=0.420;conf=99.99;score=425.20;cscore=410.01;sscore=15.19;rscore=10.15;uscore=2.08;tscore=2.10;
contig_4	Prodigal_v2.6.3	CDS	7855	8139	82.0	-	0	ID=40_6;partial=00;start_type=ATG;rbs_motif=AGGAGG;rbs_spacer=5-10bp;gc_cont=0.393;conf=100.00;score=81.96;cscore=63.22;sscore=18.74;rscore=12.86;uscore=3.78;tscore=2.10;
contig_4	Prodigal_v2.6.3	CDS	8273	8338	1.3	-	0	ID=40_7;partial=01;start_type=Edge;rbs_motif=None;rbs_spacer=None;gc_cont=0.258;conf=57.31;score=1.28;cscore=-1.44;sscore=2.72;rscore=0.00;uscore=0.00;tscore=3.22;
# Sequence Data: seqnum=41;seqlen=2720;seqhdr="contig_44"
# Model Data: version=Prodigal.v2.6.3;run_type=Single;model="Ab initio";gc_cont=36.15;transl_table=11;uses_sd=1
contig_44	Prodigal_v2.6.3	CDS	1	972	193.8	-	0	ID=41_1;partial=10;start_type=ATG;rbs_motif=AGGA;rbs_spacer=5-10bp;gc_cont=0.387;conf=99.99;score=193.76;cscore=184.52;sscore=9.24;rscore=5.13;uscore=2.67;tscore=2.10;
contig_44	Prodigal_v2.6.3	CDS	1211	2578	206.6	-	0	ID=41_2;partial=00;start_type=ATG;rbs_motif=AGxAGG/AGGxGG;rbs_spacer=5-10bp;gc_cont=0.376;conf=99.99;score=206.59;cscore=189.67;sscore=16.92;rscore=10.15;uscore=4.67;tscore=2.10;
# Sequence Data: seqnum=42;seqlen=2858;seqhdr="contig_5"
# Model Data: version=Prodigal.v2.6.3;run_type=Single;model="Ab initio";gc_cont=36.15;transl_table=11;uses_sd=1
contig_5	Prodigal_v2.6.3	CDS	1	342	50.4	+	0	ID=42_1;partial=10;start_type=Edge;rbs_motif=None;rbs_spacer=None;gc_cont=0.380;conf=100.00;score=50.37;cscore=47.15;sscore=3.22;rscore=0.00;uscore=0.00;tscore=3.22;
contig_5	Prodigal_v2.6.3	CDS	359	925	99.2	+	0	ID=42_2;partial=00;start_type=ATG;rbs_motif=AGGAG;rbs_spacer=5-10bp;gc_cont=0.365;conf=100.00;score=99.21;cscore=82.66;sscore=16.55;rscore=11.61;uscore=1.74;tscore=2.10;
contig_5	Prodigal_v2.6.3	CDS	970	1386	55.9	-	0	ID=42_3;partial=00;start_type=ATG;rbs_motif=AGGAG;rbs_spacer=5-10bp;gc_cont=0.396;conf=100.00;score=55.89;cscore=41.56;sscore=14.33;rscore=11.61;uscore=0.62;tscore=2.10;
contig_5	Prodigal_v2.6.3	CDS	1465	2475	210.7	-	0	ID=42_4;partial=00;start_type=ATG;rbs_motif=AGGAGG;rbs_spacer=5-10bp;gc_cont=0.395;conf=99.99;score=210.74;cscore=193.93;sscore=16.82;rscore=12.86;uscore=1.86;tscore=2.10;
# Sequence Data: seqnum=43;seqlen=28093;seqhdr="contig_61"
# Model Data: version=Prodigal.v2.6.3;run_type=Single;model="Ab initio";gc_cont=36.15;transl_table=11;uses_sd=1
contig_61	Prodigal_v2.6.3	CDS	3	455	73.3	-	0	ID=43_1;partial=10;start_type=GTG;rbs_motif=None;rbs_spacer=None;gc_cont=0.426;conf=100.00;score=73.25;cscore=86.61;sscore=-13.35;rscore=-8.02;uscore=-3.27;tscore=-2.07;
contig_61	Prodigal_v2.6.3	CDS	431	1051	120.7	-	0	ID=43_2;partial=00;start_type=ATG;rbs_motif=GGAGG;rbs_spacer=5-10bp;gc_cont=0.370;conf=100.00;score=120.73;cscore=105.34;sscore=15.39;rscore=12.11;uscore=1.83;tscore=2.10;
contig_61	Prodigal_v2.6.3	CDS	1331	2254	153.0	-	0	ID=43_3;partial=00;start_type=GTG;rbs_motif=None;rbs_spacer=None;gc_cont=0.405;conf=100.00;score=153.03;cscore=164.17;sscore=-11.14;rscore=-8.02;uscore=-0.40;tscore=-2.07;
contig_61	Prodigal_v2.6.3	CDS	2507	2662	21.3	-	0	ID=43_4;partial=00;start_type=ATG;rbs_motif=None;rbs_spacer=None;gc_cont=0.429;conf=99.26;score=21.29;cscore=18.71;sscore=2.58;rscore=-13.10;uscore=-3.62;tscore=1.28;
contig_61	Prodigal_v2.6.3	CDS	2659	3108	101.1	-	0	ID=43_5;partial=00;start_type=ATG;rbs_motif=GGAGG;rbs_spacer=5-10bp;gc_cont=0.351;conf=100.00;score=101.10;cscore=85.60;sscore=15.50;rscore=12.11;uscore=-0.97;tscore=2.10;
contig_61	Prodigal_v2.6.3	CDS	3105	3473	59.3	-	0	ID=43_6;partial=00;start_type=ATG;rbs_motif=3Base/5BMM;rbs_spacer=13-15bp;gc_cont=0.377;conf=100.00;score=59.30;cscore=58.23;sscore=1.07;rscore=-2.75;uscore=0.83;tscore=2.10;
contig_61	Prodigal_v2.6.3	CDS	3509	3916	61.0	-	0	ID=43_7;partial=00;start_type=ATG;rbs_motif=GGA/GAG/AGG;rbs_spacer=11-12bp;gc_cont=0.375;conf=100.00;score=61.04;cscore=55.36;sscore=5.67;rscore=-0.53;uscore=2.29;tscore=2.10;
contig_61	Prodigal_v2.6.3	CDS	3916	4215	33.3	-	0	ID=43_8;partial=00;start_type=TTG;rbs_motif=GGA/GAG/AGG;rbs_spacer=5-10bp;gc_cont=0.403;conf=99.95;score=33.28;cscore=42.93;sscore=-9.65;rscore=-0.18;uscore=-4.51;tscore=-4.97;
contig_61	Prodigal_v2.6.3	CDS	4178	5077	105.0	-	0	ID=43_9;partial=00;start_type=ATG;rbs_motif=AGGAG;rbs_spacer=5-10bp;gc_cont=0.352;conf=100.00;score=105.05;cscore=91.46;sscore=13.58;rscore=11.61;uscore=-0.13;tscore=2.10;
contig_61	Prodigal_v2.6.3	CDS	5156	5845	34.1	-	0	ID=43_10;partial=00;start_type=ATG;rbs_motif=None;rbs_spacer=None;gc_cont=0.320;conf=99.96;score=34.10;cscore=39.83;sscore=-5.72;rscore=-8.02;uscore=0.20;tscore=2.10;
contig_61	Prodigal_v2.6.3	CDS	5817	6092	21.8	-	0	ID=43_11;partial=00;start_type=ATG;rbs_motif=GGAG/GAGG;rbs_spacer=5-10bp;gc_cont=0.348;conf=99.33;score=21.77;cscore=12.52;sscore=9.26;rscore=8.70;uscore=-0.89;tscore=2.10;
contig_61	Prodigal_v2.6.3	CDS	6313	6414	9.0	-	0	ID=43_12;partial=00;start_type=ATG;rbs_motif=GGAGG;rbs_spacer=5-10bp;gc_cont=0.451;conf=88.85;score=9.03;cscore=1.58;sscore=7.45;rscore=4.80;uscore=1.04;tscore=0.83;
contig_61	Prodigal_v2.6.3	CDS	6460	6984	85.2	-	0	ID=43_13;partial=00;start_type=TTG;rbs_motif=GGAG/GAGG;rbs_spacer=5-10bp;gc_cont=0.425;conf=100.00;score=85.16;cscore=74.07;sscore=11.09;rscore=8.70;uscore=6.37;tscore=-4.97;
contig_61	Prodigal_v2.6.3	CDS	7011	7301	53.6	-	0	ID=43_14;partial=00;start_type=ATG;rbs_motif=AGGAGG;rbs_spacer=5-10bp;gc_cont=0.371;conf=100.00;score=53.58;cscore=40.58;sscore=13.00;rscore=12.86;uscore=-1.30;tscore=2.10;
contig_61	Prodigal_v2.6.3	CDS	7493	8593	257.5	-	0	ID=43_15;partial=00;start_type=ATG;rbs_motif=AGGAG;rbs_spacer=5-10bp;gc_cont=0.370;conf=99.99;score=257.47;cscore=241.23;sscore=16.24;rscore=11.61;uscore=3.18;tscore=2.10;
contig_61	Prodigal_v2.6.3	CDS	8796	8906	5.1	-	0	ID=43_16;partial=00;start_type=ATG;rbs_motif=GGAG/GAGG;rbs_spacer=5-10bp;gc_cont=0.423;conf=76.33;score=5.09;cscore=-0.86;sscore=5.96;rscore=3.76;uscore=1.79;tscore=0.91;
contig_61	Prodigal_v2.6.3	CDS	9007	9144	5.8	-	0	ID=43_17;partial=00;start_type=ATG;rbs_motif=None;rbs_spacer=None;gc_cont=0.391;conf=79.06;score=5.78;cscore=17.56;sscore=-11.78;rscore=-14.84;uscore=0.94;tscore=1.13;
contig_61	Prodigal_v2.6.3	CDS	9171	9809	129.4	-	0	ID=43_18;partial=00;start_type=ATG;rbs_motif=GGAG/GAGG;rbs_spacer=5-10bp;gc_cont=0.358;conf=100.00;score=129.40;cscore=116.71;sscore=12.69;rscore=8.70;uscore=2.54;tscore=2.10;
contig_61	Prodigal_v2.6.3	CDS	10069	10662	77.1	+	0	ID=43_19;partial=00;start_type=ATG;rbs_motif=AGGA;rbs_spacer=5-10bp;gc_cont=0.367;conf=100.00;score=77.09;cscore=67.00;sscore=10.10;rscore=5.13;uscore=2.87;tscore=2.10;
contig_61	Prodigal_v2.6.3	CDS	10683	11540	145.8	-	0	ID=43_20;partial=00;start_type=TTG;rbs_motif=GGAG/GAGG;rbs_spacer=5-10bp;gc_cont=0.343;conf=100.00;score=145.84;cscore=141.02;sscore=4.82;rscore=8.70;uscore=1.09;tscore=-4.97;
contig_61	Prodigal_v2.6.3	CDS	11527	12288	130.9	-	0	ID=43_21;partial=00;start_type=ATG;rbs_motif=AGxAGG/AGGxGG;rbs_spacer=5-10bp;gc_cont=0.382;conf=100.00;score=130.92;cscore=116.47;sscore=14.45;rscore=10.15;uscore=2.85;tscore=2.10;
contig_61	Prodigal_v2.6.3	CDS	12478	13350	161.2	-	0	ID=43_22;partial=00;start_type=ATG;rbs_motif=AGxAGG/AGGxGG;rbs_spacer=5-10bp;gc_cont=0.371;conf=100.00;score=161.21;cscore=147.49;sscore=13.72;rscore=10.15;uscore=1.47;tscore=2.10;
contig_61	Prodigal_v2.6.3	CDS	13455	14174	121.4	-	0	ID=43_23;partial=00;start_type=ATG;rbs_motif=AGGAG;rbs_spacer=5-10bp;gc_cont=0.364;conf=100.00;score=121.39;cscore=105.18;sscore=16.22;rscore=11.61;uscore=1.46;tscore=2.10;
contig_61	Prodigal_v2.6.3	CDS	14196	16085	383.0	-	0	ID=43_24;partial=00;start_type=ATG;rbs_motif=AGGAGG;rbs_spacer=5-10bp;gc_cont=0.380;conf=99.99;score=383.04;cscore=365.95;sscore=17.09;rscore=12.86;uscore=1.36;tscore=2.10;
contig_61	Prodigal_v2.6.3	CDS	16132	17508	295.3	-	0	ID=43_25;partial=00;start_type=ATG;rbs_motif=GGAG/GAGG;rbs_spacer=5-10bp;gc_cont=0.374;conf=99.99;score=295.26;cscore=280.91;sscore=14.34;rscore=8.70;uscore=4.19;tscore=2.10;
contig_61	Prodigal_v2.6.3	CDS	17835	18353	82.9	-	0	ID=43_26;partial=00;start_type=GTG;rbs_motif=AGGAGG;rbs_spacer=5-10bp;gc_cont=0.349;conf=100.00;score=82.92;cscore=69.42;sscore=13.51;rscore=12.86;uscore=1.42;tscore=-2.07;
contig_61	Prodigal_v2.6.3	CDS	18350	19117	121.8	-	0	ID=43_27;partial=00;start_type=TTG;rbs_motif=AGGAGG;rbs_spacer=5-10bp;gc_cont=0.365;conf=100.00;score=121.80;cscore=113.66;sscore=8.14;rscore=12.86;uscore=-0.46;tscore=-4.97;
contig_61	Prodigal_v2.6.3	CDS	19170	19352	7.2	-	0	ID=43_28;partial=00;start_type=GTG;rbs_motif=AGGA;rbs_spacer=5-10bp;gc_cont=0.328;conf=84.10;score=7.25;cscore=8.54;sscore=-1.29;rscore=3.69;uscore=-1.46;tscore=-2.87;
contig_61	Prodigal_v2.6.3	CDS	19593	19727	4.7	-	0	ID=43_29;partial=00;start_type=ATG;rbs_motif=GGAGG;rbs_spacer=5-10bp;gc_cont=0.437;conf=74.45;score=4.65;cscore=1.78;sscore=2.87;rscore=6.40;uscore=-3.98;tscore=1.11;
contig_61	Prodigal_v2.6.3	CDS	20369	21691	182.1	+	0	ID=43_30;partial=00;start_type=ATG;rbs_motif=None;rbs_spacer=None;gc_cont=0.356;conf=99.99;score=182.10;cscore=183.35;sscore=-1.26;rscore=-8.02;uscore=4.66;tscore=2.10;
contig_61	Prodigal_v2.6.3	CDS	21810	22949	207.9	+	0	ID=43_31;partial=00;start_type=ATG;rbs_motif=GGAGG;rbs_spacer=5-10bp;gc_cont=0.325;conf=99.99;score=207.90;cscore=194.19;sscore=13.71;rscore=12.11;uscore=-0.50;tscore=2.10;
contig_61	Prodigal_v2.6.3	CDS	23077	23211	20.0	+	0	ID=43_32;partial=00;start_type=ATG;rbs_motif=GGA/GAG/AGG;rbs_spacer=5-10bp;gc_cont=0.311;conf=99.00;score=19.98;cscore=17.55;sscore=2.43;rscore=-0.34;uscore=1.66;tscore=1.11;
contig_61	Prodigal_v2.6.3	CDS	23301	23588	27.2	+	0	ID=43_33;partial=00;start_type=TTG;rbs_motif=AGxAGG/AGGxGG;rbs_spacer=5-10bp;gc_cont=0.319;conf=99.81;score=27.16;cscore=23.78;sscore=3.38;rscore=10.15;uscore=-1.80;tscore=-4.97;
contig_61	Prodigal_v2.6.3	CDS	23627	24427	104.4	+	0	ID=43_34;partial=00;start_type=GTG;rbs_motif=3Base/5BMM;rbs_spacer=13-15bp;gc_cont=0.356;conf=100.00;score=104.41;cscore=105.67;sscore=-1.27;rscore=-2.75;uscore=2.70;tscore=-2.07;
contig_61	Prodigal_v2.6.3	CDS	24556	26388	351.9	+	0	ID=43_35;partial=00;start_type=ATG;rbs_motif=None;rbs_spacer=None;gc_cont=0.371;conf=99.99;score=351.88;cscore=360.66;sscore=-8.78;rscore=-8.02;uscore=-2.87;tscore=2.10;
contig_61	Prodigal_v2.6.3	CDS	26477	28093	358.1	+	0	ID=43_36;partial=01;start_type=ATG;rbs_motif=AGGAGG;rbs_spacer=5-10bp;gc_cont=0.371;conf=99.99;score=358.13;cscore=341.80;sscore=16.33;rscore=12.86;uscore=1.37;tscore=2.10;
# Sequence Data: seqnum=44;seqlen=14849;seqhdr="contig_18"
# Model Data: version=Prodigal.v2.6.3;run_type=Single;model="Ab initio";gc_cont=36.15;transl_table=11;uses_sd=1
contig_18	Prodigal_v2.6.3	CDS	3	443	57.4	-	0	ID=44_1;partial=10;start_type=ATG;rbs_motif=GGAG/GAGG;rbs_spacer=5-10bp;gc_cont=0.413;conf=100.00;score=57.41;cscore=46.73;sscore=10.69;rscore=8.70;uscore=-0.12;tscore=2.10;
contig_18	Prodigal_v2.6.3	CDS	616	1326	122.2	-	0	ID=44_2;partial=00;start_type=ATG;rbs_motif=AGGAG;rbs_spacer=5-10bp;gc_cont=0.343;conf=100.00;score=122.21;cscore=104.76;sscore=17.44;rscore=11.61;uscore=2.94;tscore=2.10;
contig_18	Prodigal_v2.6.3	CDS	1371	2285	117.6	-	0	ID=44_3;partial=00;start_type=ATG;rbs_motif=GGxGG;rbs_spacer=5-10bp;gc_cont=0.337;conf=100.00;score=117.59;cscore=104.93;sscore=12.66;rscore=7.99;uscore=2.57;tscore=2.10;
contig_18	Prodigal_v2.6.3	CDS	2405	3133	135.6	-	0	ID=44_4;partial=00;start_type=ATG;rbs_motif=None;rbs_spacer=None;gc_cont=0.380;conf=100.00;score=135.64;cscore=145.55;sscore=-9.91;rscore=-8.02;uscore=-3.34;tscore=2.10;
contig_18	Prodigal_v2.6.3	CDS	3516	4355	104.7	-	0	ID=44_5;partial=00;start_type=ATG;rbs_motif=GGAGG;rbs_spacer=5-10bp;gc_cont=0.348;conf=100.00;score=104.74;cscore=91.08;sscore=13.66;rscore=12.11;uscore=-1.26;tscore=2.10;
contig_18	Prodigal_v2.6.3	CDS	4407	5129	115.6	-	0	ID=44_6;partial=00;start_type=ATG;rbs_motif=GGAG/GAGG;rbs_spacer=5-10bp;gc_cont=0.325;conf=100.00;score=115.61;cscore=102.19;sscore=13.42;rscore=8.70;uscore=3.27;tscore=2.10;
contig_18	Prodigal_v2.6.3	CDS	5253	5480	9.5	+	0	ID=44_7;partial=00;start_type=TTG;rbs_motif=AGGAGG;rbs_spacer=5-10bp;gc_cont=0.325;conf=89.91;score=9.51;cscore=3.04;sscore=6.48;rscore=11.57;uscore=0.42;tscore=-5.52;
contig_18	Prodigal_v2.6.3	CDS	5437	6090	42.5	+	0	ID=44_8;partial=00;start_type=ATG;rbs_motif=None;rbs_spacer=None;gc_cont=0.321;conf=99.99;score=42.55;cscore=47.47;sscore=-4.92;rscore=-8.02;uscore=0.99;tscore=2.10;
contig_18	Prodigal_v2.6.3	CDS	6108	6557	75.7	+	0	ID=44_9;partial=00;start_type=ATG;rbs_motif=AGGAG;rbs_spacer=5-10bp;gc_cont=0.373;conf=100.00;score=75.68;cscore=57.79;sscore=17.89;rscore=11.61;uscore=3.09;tscore=2.10;
contig_18	Prodigal_v2.6.3	CDS	6617	6997	62.9	-	0	ID=44_10;partial=00;start_type=ATG;rbs_motif=GGA/GAG/AGG;rbs_spacer=5-10bp;gc_cont=0.336;conf=100.00;score=62.86;cscore=58.82;sscore=4.04;rscore=-0.18;uscore=2.12;tscore=2.10;
contig_18	Prodigal_v2.6.3	CDS	7100	8086	130.9	-	0	ID=44_11;partial=00;start_type=TTG;rbs_motif=AGxAGG/AGGxGG;rbs_spacer=5-10bp;gc_cont=0.335;conf=100.00;score=130.95;cscore=123.74;sscore=7.21;rscore=10.15;uscore=2.68;tscore=-4.97;
contig_18	Prodigal_v2.6.3	CDS	8423	8986	90.4	-	0	ID=44_12;partial=00;start_type=ATG;rbs_motif=AGGAG;rbs_spacer=5-10bp;gc_cont=0.387;conf=100.00;score=90.37;cscore=76.42;sscore=13.95;rscore=11.61;uscore=0.89;tscore=2.10;
contig_18	Prodigal_v2.6.3	CDS	9197	9322	2.9	-	0	ID=44_13;partial=00;start_type=ATG;rbs_motif=GGA/GAG/AGG;rbs_spacer=5-10bp;gc_cont=0.397;conf=66.12;score=2.91;cscore=7.31;sscore=-4.40;rscore=-0.36;uscore=-6.23;tscore=1.03;
contig_18	Prodigal_v2.6.3	CDS	9333	9434	11.4	-	0	ID=44_14;partial=00;start_type=ATG;rbs_motif=GGA/GAG/AGG;rbs_spacer=5-10bp;gc_cont=0.431;conf=93.23;score=11.41;cscore=11.15;sscore=0.25;rscore=-0.45;uscore=0.53;tscore=0.83;
contig_18	Prodigal_v2.6.3	CDS	9745	10191	88.2	-	0	ID=44_15;partial=00;start_type=ATG;rbs_motif=AGGAGG;rbs_spacer=5-10bp;gc_cont=0.389;conf=100.00;score=88.18;cscore=72.10;sscore=16.09;rscore=12.86;uscore=1.78;tscore=2.10;
contig_18	Prodigal_v2.6.3	CDS	10579	10905	43.1	+	0	ID=44_16;partial=00;start_type=ATG;rbs_motif=GGAGG;rbs_spacer=5-10bp;gc_cont=0.382;conf=100.00;score=43.15;cscore=31.10;sscore=12.04;rscore=12.11;uscore=-2.17;tscore=2.10;
contig_18	Prodigal_v2.6.3	CDS	11444	11941	70.6	+	0	ID=44_17;partial=00;start_type=ATG;rbs_motif=None;rbs_spacer=None;gc_cont=0.335;conf=100.00;score=70.60;cscore=67.93;sscore=2.67;rscore=-8.02;uscore=9.24;tscore=2.10;
contig_18	Prodigal_v2.6.3	CDS	11971	13002	142.8	-	0	ID=44_18;partial=00;start_type=TTG;rbs_motif=None;rbs_spacer=None;gc_cont=0.316;conf=100.00;score=142.76;cscore=156.77;sscore=-14.00;rscore=-8.02;uscore=-1.02;tscore=-4.97;
contig_18	Prodigal_v2.6.3	CDS	13159	13407	54.9	-	0	ID=44_19;partial=00;start_type=ATG;rbs_motif=GGAGG;rbs_spacer=5-10bp;gc_cont=0.369;conf=100.00;score=54.87;cscore=38.40;sscore=16.47;rscore=11.92;uscore=3.14;tscore=2.06;
contig_18	Prodigal_v2.6.3	CDS	13545	14006	67.9	+	0	ID=44_20;partial=00;start_type=ATG;rbs_motif=AGGAGG;rbs_spacer=5-10bp;gc_cont=0.307;conf=100.00;score=67.89;cscore=52.51;sscore=15.38;rscore=12.86;uscore=0.42;tscore=2.10;
contig_18	Prodigal_v2.6.3	CDS	14285	14428	11.4	+	0	ID=44_21;partial=00;start_type=ATG;rbs_motif=AGGAG;rbs_spacer=5-10bp;gc_cont=0.333;conf=93.29;score=11.45;cscore=3.76;sscore=7.69;rscore=6.55;uscore=0.61;tscore=1.18;
contig_18	Prodigal_v2.6.3	CDS	14484	14849	29.7	-	0	ID=44_22;partial=01;start_type=Edge;rbs_motif=None;rbs_spacer=None;gc_cont=0.352;conf=99.89;score=29.72;cscore=26.51;sscore=3.22;rscore=0.00;uscore=0.00;tscore=3.22;
# Sequence Data: seqnum=45;seqlen=35156;seqhdr="contig_56"
# Model Data: version=Prodigal.v2.6.3;run_type=Single;model="Ab initio";gc_cont=36.15;transl_table=11;uses_sd=1
contig_56	Prodigal_v2.6.3	CDS	2	778	143.5	+	0	ID=45_1;partial=10;start_type=Edge;rbs_motif=None;rbs_spacer=None;gc_cont=0.328;conf=100.00;score=143.54;cscore=140.32;sscore=3.22;rscore=0.00;uscore=0.00;tscore=3.22;
contig_56	Prodigal_v2.6.3	CDS	853	1050	25.8	+	0	ID=45_2;partial=00;start_type=ATG;rbs_motif=GGAG/GAGG;rbs_spacer=5-10bp;gc_cont=0.328;conf=99.73;score=25.80;cscore=18.44;sscore=7.36;rscore=6.79;uscore=-1.06;tscore=1.64;
contig_56	Prodigal_v2.6.3	CDS	1242	2792	234.9	+	0	ID=45_3;partial=00;start_type=ATG;rbs_motif=None;rbs_spacer=None;gc_cont=0.324;conf=99.99;score=234.94;cscore=238.42;sscore=-3.48;rscore=-8.02;uscore=3.09;tscore=2.10;
contig_56	Prodigal_v2.6.3	CDS	2904	3224	59.8	+	0	ID=45_4;partial=00;start_type=ATG;rbs_motif=GGxGG;rbs_spacer=5-10bp;gc_cont=0.368;conf=100.00;score=59.77;cscore=46.79;sscore=12.98;rscore=7.99;uscore=2.89;tscore=2.10;
contig_56	Prodigal_v2.6.3	CDS	3226	3531	37.5	+	0	ID=45_5;partial=00;start_type=ATG;rbs_motif=None;rbs_spacer=None;gc_cont=0.340;conf=99.98;score=37.52;cscore=40.47;sscore=-2.95;rscore=-8.02;uscore=1.70;tscore=2.10;
contig_56	Prodigal_v2.6.3	CDS	3613	4923	232.5	+	0	ID=45_6;partial=00;start_type=ATG;rbs_motif=AGGAGG;rbs_spacer=5-10bp;gc_cont=0.359;conf=99.99;score=232.48;cscore=216.32;sscore=16.16;rscore=12.86;uscore=1.20;tscore=2.10;
contig_56	Prodigal_v2.6.3	CDS	4899	5177	43.8	+	0	ID=45_7;partial=00;start_type=ATG;rbs_motif=AGGAG;rbs_spacer=5-10bp;gc_cont=0.348;conf=100.00;score=43.84;cscore=27.30;sscore=16.54;rscore=11.61;uscore=2.83;tscore=2.10;
contig_56	Prodigal_v2.6.3	CDS	5167	6252	198.1	+	0	ID=45_8;partial=00;start_type=ATG;rbs_motif=AGGAG;rbs_spacer=5-10bp;gc_cont=0.378;conf=99.99;score=198.15;cscore=182.48;sscore=15.67;rscore=11.61;uscore=0.74;tscore=2.10;
contig_56	Prodigal_v2.6.3	CDS	6361	7239	125.4	+	0	ID=45_9;partial=00;start_type=ATG;rbs_motif=GGAG/GAGG;rbs_spacer=5-10bp;gc_cont=0.344;conf=100.00;score=125.39;cscore=110.35;sscore=15.04;rscore=8.70;uscore=4.24;tscore=2.10;
contig_56	Prodigal_v2.6.3	CDS	7335	8063	172.8	-	0	ID=45_10;partial=00;start_type=GTG;rbs_motif=None;rbs_spacer=None;gc_cont=0.451;conf=100.00;score=172.78;cscore=181.34;sscore=-8.56;rscore=-8.02;uscore=1.52;tscore=-2.07;
contig_56	Prodigal_v2.6.3	CDS	8228	8368	9.6	-	0	ID=45_11;partial=00;start_type=GTG;rbs_motif=GGA/GAG/AGG;rbs_spacer=5-10bp;gc_cont=0.397;conf=90.13;score=9.62;cscore=9.99;sscore=-0.37;rscore=-0.32;uscore=2.08;tscore=-3.74;
contig_56	Prodigal_v2.6.3	CDS	8365	8565	30.2	-	0	ID=45_12;partial=00;start_type=ATG;rbs_motif=GGAGG;rbs_spacer=5-10bp;gc_cont=0.338;conf=99.90;score=30.24;cscore=18.25;sscore=11.99;rscore=9.59;uscore=1.38;tscore=1.66;
contig_56	Prodigal_v2.6.3	CDS	9137	10312	204.7	-	0	ID=45_13;partial=00;start_type=TTG;rbs_motif=GGAG/GAGG;rbs_spacer=5-10bp;gc_cont=0.380;conf=99.99;score=204.70;cscore=200.54;sscore=4.16;rscore=8.70;uscore=-0.83;tscore=-4.97;
contig_56	Prodigal_v2.6.3	CDS	10315	10989	119.4	-	0	ID=45_14;partial=00;start_type=GTG;rbs_motif=GGAGG;rbs_spacer=5-10bp;gc_cont=0.401;conf=100.00;score=119.39;cscore=106.30;sscore=13.09;rscore=12.11;uscore=1.75;tscore=-2.07;
contig_56	Prodigal_v2.6.3	CDS	10986	12095	236.9	-	0	ID=45_15;partial=00;start_type=ATG;rbs_motif=GGA/GAG/AGG;rbs_spacer=5-10bp;gc_cont=0.361;conf=99.99;score=236.91;cscore=232.73;sscore=4.17;rscore=-0.18;uscore=2.91;tscore=2.10;
contig_56	Prodigal_v2.6.3	CDS	12306	13040	82.0	+	0	ID=45_16;partial=00;start_type=ATG;rbs_motif=AGGAGG;rbs_spacer=5-10bp;gc_cont=0.350;conf=100.00;score=82.04;cscore=63.37;sscore=18.68;rscore=12.86;uscore=3.72;tscore=2.10;
contig_56	Prodigal_v2.6.3	CDS	13131	13997	84.3	+	0	ID=45_17;partial=00;start_type=GTG;rbs_motif=AGxAGG/AGGxGG;rbs_spacer=5-10bp;gc_cont=0.308;conf=100.00;score=84.29;cscore=70.07;sscore=14.22;rscore=10.15;uscore=6.14;tscore=-2.07;
contig_56	Prodigal_v2.6.3	CDS	13999	15003	126.7	+	0	ID=45_18;partial=00;start_type=ATG;rbs_motif=AGGAG;rbs_spacer=5-10bp;gc_cont=0.368;conf=100.00;score=126.73;cscore=113.17;sscore=13.57;rscore=11.61;uscore=-1.41;tscore=2.10;
contig_56	Prodigal_v2.6.3	CDS	15048	16364	198.5	-	0	ID=45_19;partial=00;start_type=ATG;rbs_motif=AGGAGG;rbs_spacer=11-12bp;gc_cont=0.356;conf=99.99;score=198.50;cscore=183.20;sscore=15.30;rscore=11.91;uscore=1.94;tscore=2.10;
contig_56	Prodigal_v2.6.3	CDS	16582	17151	103.1	-	0	ID=45_20;partial=00;start_type=ATG;rbs_motif=AGGAG;rbs_spacer=5-10bp;gc_cont=0.386;conf=100.00;score=103.13;cscore=91.60;sscore=11.53;rscore=11.61;uscore=-3.32;tscore=2.10;
contig_56	Prodigal_v2.6.3	CDS	17164	17427	12.9	-	0	ID=45_21;partial=00;start_type=GTG;rbs_motif=3Base/5BMM;rbs_spacer=13-15bp;gc_cont=0.390;conf=95.06;score=12.86;cscore=12.86;sscore=-0.00;rscore=-2.75;uscore=4.82;tscore=-2.07;
contig_56	Prodigal_v2.6.3	CDS	17436	17651	14.0	-	0	ID=45_22;partial=00;start_type=GTG;rbs_motif=AGGAGG;rbs_spacer=5-10bp;gc_cont=0.366;conf=96.16;score=14.01;cscore=7.14;sscore=6.87;rscore=10.96;uscore=-1.01;tscore=-2.43;
contig_56	Prodigal_v2.6.3	CDS	17751	18113	51.3	+	0	ID=45_23;partial=00;start_type=GTG;rbs_motif=GGxGG;rbs_spacer=5-10bp;gc_cont=0.339;conf=100.00;score=51.30;cscore=41.52;sscore=9.79;rscore=7.99;uscore=3.86;tscore=-2.07;
contig_56	Prodigal_v2.6.3	CDS	18128	18907	115.0	+	0	ID=45_24;partial=00;start_type=GTG;rbs_motif=GGAGG;rbs_spacer=5-10bp;gc_cont=0.338;conf=100.00;score=115.03;cscore=102.65;sscore=12.38;rscore=12.11;uscore=1.21;tscore=-2.07;
contig_56	Prodigal_v2.6.3	CDS	18925	19737	107.0	-	0	ID=45_25;partial=00;start_type=TTG;rbs_motif=AGGAG;rbs_spacer=5-10bp;gc_cont=0.328;conf=100.00;score=106.98;cscore=97.59;sscore=9.40;rscore=11.61;uscore=3.40;tscore=-4.97;
contig_56	Prodigal_v2.6.3	CDS	20078	20359	41.4	+	0	ID=45_26;partial=00;start_type=ATG;rbs_motif=AGGAG;rbs_spacer=5-10bp;gc_cont=0.316;conf=99.99;score=41.42;cscore=24.81;sscore=16.61;rscore=11.61;uscore=2.90;tscore=2.10;
contig_56	Prodigal_v2.6.3	CDS	20370	20975	107.2	+	0	ID=45_27;partial=00;start_type=ATG;rbs_motif=AGGAG;rbs_spacer=5-10bp;gc_cont=0.366;conf=100.00;score=107.22;cscore=87.48;sscore=19.73;rscore=11.61;uscore=4.86;tscore=2.10;
contig_56	Prodigal_v2.6.3	CDS	21074	21442	62.9	+	0	ID=45_28;partial=00;start_type=ATG;rbs_motif=AGGAG;rbs_spacer=5-10bp;gc_cont=0.393;conf=100.00;score=62.85;cscore=45.09;sscore=17.77;rscore=11.61;uscore=4.06;tscore=2.10;
contig_56	Prodigal_v2.6.3	CDS	21463	21807	56.1	+	0	ID=45_29;partial=00;start_type=ATG;rbs_motif=AGGAG;rbs_spacer=5-10bp;gc_cont=0.348;conf=100.00;score=56.08;cscore=42.81;sscore=13.27;rscore=11.61;uscore=-1.50;tscore=2.10;
contig_56	Prodigal_v2.6.3	CDS	22645	23265	84.2	+	0	ID=45_30;partial=00;start_type=GTG;rbs_motif=AGGAGG;rbs_spacer=5-10bp;gc_cont=0.367;conf=100.00;score=84.16;cscore=74.44;sscore=9.72;rscore=12.86;uscore=-0.42;tscore=-2.07;
contig_56	Prodigal_v2.6.3	CDS	23443	23694	14.5	+	0	ID=45_31;partial=00;start_type=ATG;rbs_motif=None;rbs_spacer=None;gc_cont=0.393;conf=96.55;score=14.49;cscore=21.08;sscore=-6.59;rscore=-8.05;uscore=-0.63;tscore=2.09;
contig_56	Prodigal_v2.6.3	CDS	23837	23989	4.4	+	0	ID=45_32;partial=00;start_type=GTG;rbs_motif=None;rbs_spacer=None;gc_cont=0.399;conf=73.47;score=4.43;cscore=21.76;sscore=-17.33;rscore=-13.36;uscore=-0.52;tscore=-3.44;
contig_56	Prodigal_v2.6.3	CDS	24084	24338	29.9	+	0	ID=45_33;partial=00;start_type=GTG;rbs_motif=GGA/GAG/AGG;rbs_spacer=5-10bp;gc_cont=0.345;conf=99.90;score=29.91;cscore=30.83;sscore=-0.92;rscore=-0.18;uscore=1.33;tscore=-2.07;
contig_56	Prodigal_v2.6.3	CDS	24283	25101	162.9	+	0	ID=45_34;partial=00;start_type=TTG;rbs_motif=GGxGG;rbs_spacer=5-10bp;gc_cont=0.371;conf=100.00;score=162.86;cscore=158.47;sscore=4.39;rscore=7.99;uscore=1.37;tscore=-4.97;
contig_56	Prodigal_v2.6.3	CDS	25181	25384	21.5	+	0	ID=45_35;partial=00;start_type=TTG;rbs_motif=AGGAG;rbs_spacer=5-10bp;gc_cont=0.299;conf=99.29;score=21.47;cscore=14.62;sscore=6.85;rscore=9.34;uscore=3.70;tscore=-6.18;
contig_56	Prodigal_v2.6.3	CDS	25397	25567	10.4	+	0	ID=45_36;partial=00;start_type=ATG;rbs_motif=AGGAGG;rbs_spacer=5-10bp;gc_cont=0.316;conf=91.59;score=10.39;cscore=-3.02;sscore=13.41;rscore=8.64;uscore=2.71;tscore=1.41;
contig_56	Prodigal_v2.6.3	CDS	25596	26999	180.5	-	0	ID=45_37;partial=00;start_type=GTG;rbs_motif=GGAG/GAGG;rbs_spacer=5-10bp;gc_cont=0.405;conf=99.99;score=180.50;cscore=171.64;sscore=8.86;rscore=8.70;uscore=2.87;tscore=-2.07;
contig_56	Prodigal_v2.6.3	CDS	27206	28405	190.8	+	0	ID=45_38;partial=00;start_type=ATG;rbs_motif=AGGAG(G)/GGAGG;rbs_spacer=13-15bp;gc_cont=0.364;conf=99.99;score=190.82;cscore=184.52;sscore=6.30;rscore=-1.69;uscore=5.90;tscore=2.10;
contig_56	Prodigal_v2.6.3	CDS	28525	28806	3.6	+	0	ID=45_39;partial=00;start_type=ATG;rbs_motif=AGGAG;rbs_spacer=3-4bp;gc_cont=0.365;conf=69.52;score=3.59;cscore=-5.64;sscore=9.22;rscore=5.15;uscore=2.47;tscore=2.10;
contig_56	Prodigal_v2.6.3	CDS	28873	29466	92.5	+	0	ID=45_40;partial=00;start_type=GTG;rbs_motif=GGAGG;rbs_spacer=5-10bp;gc_cont=0.380;conf=100.00;score=92.53;cscore=79.47;sscore=13.06;rscore=12.11;uscore=3.01;tscore=-2.07;
contig_56	Prodigal_v2.6.3	CDS	29570	29740	5.9	+	0	ID=45_41;partial=00;start_type=ATG;rbs_motif=3Base/5BMM;rbs_spacer=13-15bp;gc_cont=0.363;conf=79.47;score=5.89;cscore=8.38;sscore=-2.49;rscore=-4.10;uscore=0.20;tscore=1.41;
contig_56	Prodigal_v2.6.3	CDS	29982	30554	86.8	+	0	ID=45_42;partial=00;start_type=ATG;rbs_motif=3Base/5BMM;rbs_spacer=13-15bp;gc_cont=0.398;conf=100.00;score=86.76;cscore=84.98;sscore=1.77;rscore=-2.75;uscore=3.08;tscore=2.10;
contig_56	Prodigal_v2.6.3	CDS	30511	30744	15.5	+	0	ID=45_43;partial=00;start_type=ATG;rbs_motif=None;rbs_spacer=None;gc_cont=0.355;conf=97.27;score=15.55;cscore=21.42;sscore=-5.87;rscore=-8.67;uscore=0.87;tscore=1.94;
contig_56	Prodigal_v2.6.3	CDS	30802	31128	73.1	+	0	ID=45_44;partial=00;start_type=ATG;rbs_motif=GGAGG;rbs_spacer=5-10bp;gc_cont=0.425;conf=100.00;score=73.12;cscore=53.96;sscore=19.16;rscore=12.11;uscore=4.30;tscore=2.10;
contig_56	Prodigal_v2.6.3	CDS	31079	31528	39.8	+	0	ID=45_45;partial=00;start_type=TTG;rbs_motif=AGxAGG/AGGxGG;rbs_spacer=11-12bp;gc_cont=0.427;conf=99.99;score=39.78;cscore=39.25;sscore=0.53;rscore=6.92;uscore=-1.42;tscore=-4.97;
contig_56	Prodigal_v2.6.3	CDS	31479	32165	132.7	+	0	ID=45_46;partial=00;start_type=ATG;rbs_motif=GGA/GAG/AGG;rbs_spacer=5-10bp;gc_cont=0.397;conf=100.00;score=132.74;cscore=135.55;sscore=-2.82;rscore=-0.18;uscore=-4.73;tscore=2.10;
contig_56	Prodigal_v2.6.3	CDS	32214	32606	31.5	+	0	ID=45_47;partial=00;start_type=ATG;rbs_motif=GGAG/GAGG;rbs_spacer=5-10bp;gc_cont=0.387;conf=99.93;score=31.51;cscore=21.07;sscore=10.44;rscore=8.70;uscore=-1.12;tscore=2.10;
contig_56	Prodigal_v2.6.3	CDS	32727	33278	77.3	+	0	ID=45_48;partial=00;start_type=ATG;rbs_motif=GGA/GAG/AGG;rbs_spacer=5-10bp;gc_cont=0.408;conf=100.00;score=77.27;cscore=75.11;sscore=2.16;rscore=-0.18;uscore=0.25;tscore=2.10;
contig_56	Prodigal_v2.6.3	CDS	33654	33845	21.2	+	0	ID=45_49;partial=00;start_type=TTG;rbs_motif=None;rbs_spacer=None;gc_cont=0.339;conf=99.24;score=21.17;cscore=38.89;sscore=-17.72;rscore=-10.60;uscore=0.10;tscore=-6.57;
contig_56	Prodigal_v2.6.3	CDS	33853	34068	5.8	-	0	ID=45_50;partial=00;start_type=ATG;rbs_motif=AGGA/GGAG/GAGG;rbs_spacer=11-12bp;gc_cont=0.250;conf=79.07;score=5.78;cscore=5.20;sscore=0.58;rscore=3.32;uscore=-3.88;tscore=1.79;
contig_56	Prodigal_v2.6.3	CDS	34154	34342	19.3	+	0	ID=45_51;partial=00;start_type=ATG;rbs_motif=AGxAG;rbs_spacer=5-10bp;gc_cont=0.317;conf=98.83;score=19.28;cscore=25.47;sscore=-6.19;rscore=-8.01;uscore=0.26;tscore=1.56;
contig_56	Prodigal_v2.6.3	CDS	34474	34869	40.6	+	0	ID=45_52;partial=00;start_type=TTG;rbs_motif=GGA/GAG/AGG;rbs_spacer=5-10bp;gc_cont=0.333;conf=99.99;score=40.64;cscore=44.67;sscore=-4.03;rscore=-0.18;uscore=1.12;tscore=-4.97;
contig_56	Prodigal_v2.6.3	CDS	34915	35154	16.7	-	0	ID=45_53;partial=01;start_type=Edge;rbs_motif=None;rbs_spacer=None;gc_cont=0.350;conf=97.89;score=16.69;cscore=13.47;sscore=3.22;rscore=0.00;uscore=0.00;tscore=3.22;
# Sequence Data: seqnum=46;seqlen=2324;seqhdr="contig_23"
# Model Data: version=Prodigal.v2.6.3;run_type=Single;model="Ab initio";gc_cont=36.15;transl_table=11;uses_sd=1
contig_23	Prodigal_v2.6.3	CDS	2	466	78.8	+	0	ID=46_1;partial=10;start_type=Edge;rbs_motif=None;rbs_spacer=None;gc_cont=0.378;conf=100.00;score=78.81;cscore=75.59;sscore=3.22;rscore=0.00;uscore=0.00;tscore=3.22;
contig_23	Prodigal_v2.6.3	CDS	463	1341	187.4	+	0	ID=46_2;partial=00;start_type=ATG;rbs_motif=AGGAGG;rbs_spacer=5-10bp;gc_cont=0.363;conf=99.99;score=187.41;cscore=170.01;sscore=17.41;rscore=12.86;uscore=1.15;tscore=2.10;
contig_23	Prodigal_v2.6.3	CDS	1452	2315	124.8	+	0	ID=46_3;partial=00;start_type=ATG;rbs_motif=GGAGG;rbs_spacer=5-10bp;gc_cont=0.373;conf=100.00;score=124.81;cscore=109.65;sscore=15.16;rscore=12.11;uscore=0.95;tscore=2.10;
# Sequence Data: seqnum=47;seqlen=5112;seqhdr="contig_24"
# Model Data: version=Prodigal.v2.6.3;run_type=Single;model="Ab initio";gc_cont=36.15;transl_table=11;uses_sd=1
contig_24	Prodigal_v2.6.3	CDS	251	661	41.0	-	0	ID=47_1;partial=00;start_type=ATG;rbs_motif=3Base/5BMM;rbs_spacer=13-15bp;gc_cont=0.433;conf=99.99;score=41.03;cscore=43.87;sscore=-2.84;rscore=-2.75;uscore=-2.18;tscore=2.10;
contig_24	Prodigal_v2.6.3	CDS	744	1349	81.0	-	0	ID=47_2;partial=00;start_type=ATG;rbs_motif=GGA/GAG/AGG;rbs_spacer=3-4bp;gc_cont=0.447;conf=100.00;score=81.00;cscore=87.59;sscore=-6.59;rscore=-4.86;uscore=-3.18;tscore=2.10;
contig_24	Prodigal_v2.6.3	CDS	1797	3371	232.2	+	0	ID=47_3;partial=00;start_type=ATG;rbs_motif=AGGA;rbs_spacer=5-10bp;gc_cont=0.364;conf=99.99;score=232.21;cscore=223.99;sscore=8.22;rscore=5.13;uscore=1.00;tscore=2.10;
contig_24	Prodigal_v2.6.3	CDS	3405	4082	120.2	+	0	ID=47_4;partial=00;start_type=ATG;rbs_motif=AGxAGG/AGGxGG;rbs_spacer=5-10bp;gc_cont=0.379;conf=100.00;score=120.16;cscore=103.26;sscore=16.90;rscore=10.15;uscore=3.73;tscore=2.10;
contig_24	Prodigal_v2.6.3	CDS	4079	5047	102.9	+	0	ID=47_5;partial=00;start_type=ATG;rbs_motif=AGGA;rbs_spacer=5-10bp;gc_cont=0.422;conf=100.00;score=102.91;cscore=94.39;sscore=8.52;rscore=5.13;uscore=-2.03;tscore=2.10;
# Sequence Data: seqnum=48;seqlen=27142;seqhdr="contig_30"
# Model Data: version=Prodigal.v2.6.3;run_type=Single;model="Ab initio";gc_cont=36.15;transl_table=11;uses_sd=1
contig_30	Prodigal_v2.6.3	CDS	1	255	26.7	+	0	ID=48_1;partial=10;start_type=Edge;rbs_motif=None;rbs_spacer=None;gc_cont=0.404;conf=99.79;score=26.72;cscore=23.50;sscore=3.22;rscore=0.00;uscore=0.00;tscore=3.22;
contig_30	Prodigal_v2.6.3	CDS	264	521	4.3	+	0	ID=48_2;partial=00;start_type=ATG;rbs_motif=GGAG/GAGG;rbs_spacer=5-10bp;gc_cont=0.333;conf=73.00;score=4.33;cscore=-5.49;sscore=9.82;rscore=8.70;uscore=-1.67;tscore=2.10;
contig_30	Prodigal_v2.6.3	CDS	773	964	3.9	+	0	ID=48_3;partial=00;start_type=GTG;rbs_motif=GGAG/GAGG;rbs_spacer=5-10bp;gc_cont=0.417;conf=71.16;score=3.93;cscore=-0.69;sscore=4.62;rscore=6.58;uscore=1.92;tscore=-2.73;
contig_30	Prodigal_v2.6.3	CDS	1433	1990	103.8	+	0	ID=48_4;partial=00;start_type=ATG;rbs_motif=AGGAG/GGAGG;rbs_spacer=11-12bp;gc_cont=0.409;conf=100.00;score=103.84;cscore=88.85;sscore=14.99;rscore=8.34;uscore=5.21;tscore=2.10;
contig_30	Prodigal_v2.6.3	CDS	2066	2959	181.7	+	0	ID=48_5;partial=00;start_type=ATG;rbs_motif=GGAGG;rbs_spacer=5-10bp;gc_cont=0.348;conf=99.99;score=181.74;cscore=163.81;sscore=17.93;rscore=12.11;uscore=3.72;tscore=2.10;
contig_30	Prodigal_v2.6.3	CDS	3027	4514	279.6	+	0	ID=48_6;partial=00;start_type=GTG;rbs_motif=3Base/5BMM;rbs_spacer=13-15bp;gc_cont=0.380;conf=99.99;score=279.65;cscore=280.84;sscore=-1.19;rscore=-2.75;uscore=3.63;tscore=-2.07;
contig_30	Prodigal_v2.6.3	CDS	4606	5808	164.4	+	0	ID=48_7;partial=00;start_type=ATG;rbs_motif=None;rbs_spacer=None;gc_cont=0.397;conf=100.00;score=164.38;cscore=165.98;sscore=-1.60;rscore=-8.02;uscore=4.32;tscore=2.10;
contig_30	Prodigal_v2.6.3	CDS	6119	7033	125.9	+	0	ID=48_8;partial=00;start_type=ATG;rbs_motif=GGAGG;rbs_spacer=5-10bp;gc_cont=0.355;conf=100.00;score=125.88;cscore=108.99;sscore=16.89;rscore=12.11;uscore=2.68;tscore=2.10;
contig_30	Prodigal_v2.6.3	CDS	7071	7835	143.1	+	0	ID=48_9;partial=00;start_type=GTG;rbs_motif=GGA/GAG/AGG;rbs_spacer=5-10bp;gc_cont=0.399;conf=100.00;score=143.11;cscore=142.17;sscore=0.94;rscore=-0.18;uscore=2.32;tscore=-2.07;
contig_30	Prodigal_v2.6.3	CDS	7901	8212	59.3	+	0	ID=48_10;partial=00;start_type=ATG;rbs_motif=GGAGG;rbs_spacer=5-10bp;gc_cont=0.439;conf=100.00;score=59.33;cscore=44.38;sscore=14.95;rscore=12.11;uscore=0.74;tscore=2.10;
contig_30	Prodigal_v2.6.3	CDS	8313	8672	22.1	-	0	ID=48_11;partial=00;start_type=TTG;rbs_motif=None;rbs_spacer=None;gc_cont=0.372;conf=99.38;score=22.11;cscore=34.34;sscore=-12.24;rscore=-8.02;uscore=-0.50;tscore=-4.97;
contig_30	Prodigal_v2.6.3	CDS	8675	8902	24.7	-	0	ID=48_12;partial=00;start_type=ATG;rbs_motif=None;rbs_spacer=None;gc_cont=0.360;conf=99.66;score=24.72;cscore=21.54;sscore=3.18;rscore=-8.91;uscore=-4.37;tscore=1.89;
contig_30	Prodigal_v2.6.3	CDS	8899	9219	43.9	-	0	ID=48_13;partial=00;start_type=ATG;rbs_motif=AGGA;rbs_spacer=5-10bp;gc_cont=0.374;conf=100.00;score=43.85;cscore=35.01;sscore=8.84;rscore=5.13;uscore=0.38;tscore=2.10;
contig_30	Prodigal_v2.6.3	CDS	9224	9592	31.1	-	0	ID=48_14;partial=00;start_type=TTG;rbs_motif=AGGAG;rbs_spacer=5-10bp;gc_cont=0.398;conf=99.92;score=31.10;cscore=20.41;sscore=10.69;rscore=11.61;uscore=3.33;tscore=-4.97;
contig_30	Prodigal_v2.6.3	CDS	9644	10537	109.5	-	0	ID=48_15;partial=00;start_type=ATG;rbs_motif=AGGAG;rbs_spacer=5-10bp;gc_cont=0.403;conf=100.00;score=109.54;cscore=90.87;sscore=18.67;rscore=11.61;uscore=5.61;tscore=2.10;
contig_30	Prodigal_v2.6.3	CDS	10689	11711	173.9	+	0	ID=48_16;partial=00;start_type=GTG;rbs_motif=GGAG/GAGG;rbs_spacer=5-10bp;gc_cont=0.440;conf=100.00;score=173.89;cscore=167.17;sscore=6.72;rscore=8.70;uscore=0.08;tscore=-2.07;
contig_30	Prodigal_v2.6.3	CDS	12042	12239	19.4	+	0	ID=48_17;partial=00;start_type=ATG;rbs_motif=AGxAGG/AGGxGG;rbs_spacer=5-10bp;gc_cont=0.364;conf=98.85;score=19.37;cscore=11.61;sscore=7.76;rscore=7.92;uscore=-1.14;tscore=1.64;
contig_30	Prodigal_v2.6.3	CDS	12252	12473	25.3	+	0	ID=48_18;partial=00;start_type=ATG;rbs_motif=GGAG/GAGG;rbs_spacer=5-10bp;gc_cont=0.369;conf=99.71;score=25.34;cscore=12.22;sscore=13.12;rscore=7.63;uscore=2.52;tscore=1.84;
contig_30	Prodigal_v2.6.3	CDS	12470	12862	43.3	+	0	ID=48_19;partial=00;start_type=ATG;rbs_motif=AGxAGG/AGGxGG;rbs_spacer=5-10bp;gc_cont=0.323;conf=100.00;score=43.30;cscore=25.94;sscore=17.35;rscore=10.15;uscore=3.81;tscore=2.10;
contig_30	Prodigal_v2.6.3	CDS	12879	13106	25.2	+	0	ID=48_20;partial=00;start_type=ATG;rbs_motif=GGA/GAG/AGG;rbs_spacer=5-10bp;gc_cont=0.382;conf=99.69;score=25.18;cscore=20.37;sscore=4.81;rscore=-0.20;uscore=2.02;tscore=1.89;
contig_30	Prodigal_v2.6.3	CDS	13207	13968	126.5	+	0	ID=48_21;partial=00;start_type=ATG;rbs_motif=AGGAG;rbs_spacer=5-10bp;gc_cont=0.341;conf=100.00;score=126.51;cscore=112.96;sscore=13.55;rscore=11.61;uscore=-0.16;tscore=2.10;
contig_30	Prodigal_v2.6.3	CDS	13965	14585	85.0	+	0	ID=48_22;partial=00;start_type=ATG;rbs_motif=AGGAG;rbs_spacer=5-10bp;gc_cont=0.364;conf=100.00;score=84.95;cscore=67.31;sscore=17.64;rscore=11.61;uscore=2.64;tscore=2.10;
contig_30	Prodigal_v2.6.3	CDS	14861	16837	414.2	+	0	ID=48_23;partial=00;start_type=TTG;rbs_motif=AGGAGG;rbs_spacer=5-10bp;gc_cont=0.399;conf=99.99;score=414.24;cscore=403.26;sscore=10.98;rscore=12.86;uscore=3.74;tscore=-4.97;
contig_30	Prodigal_v2.6.3	CDS	16834	17757	159.1	+	0	ID=48_24;partial=00;start_type=GTG;rbs_motif=None;rbs_spacer=None;gc_cont=0.407;conf=100.00;score=159.11;cscore=157.59;sscore=1.53;rscore=-8.02;uscore=2.30;tscore=-2.07;
contig_30	Prodigal_v2.6.3	CDS	17723	19720	402.7	+	0	ID=48_25;partial=00;start_type=TTG;rbs_motif=AGGA/GGAG/GAGG;rbs_spacer=11-12bp;gc_cont=0.402;conf=99.99;score=402.66;cscore=401.84;sscore=0.81;rscore=3.90;uscore=1.89;tscore=-4.97;
contig_30	Prodigal_v2.6.3	CDS	19727	20035	21.9	+	0	ID=48_26;partial=00;start_type=ATG;rbs_motif=GGA/GAG/AGG;rbs_spacer=3-4bp;gc_cont=0.369;conf=99.35;score=21.87;cscore=20.92;sscore=0.95;rscore=-4.86;uscore=2.50;tscore=2.10;
contig_30	Prodigal_v2.6.3	CDS	20343	20723	60.3	+	0	ID=48_27;partial=00;start_type=ATG;rbs_motif=AGGA/GGAG/GAGG;rbs_spacer=11-12bp;gc_cont=0.318;conf=100.00;score=60.31;cscore=50.30;sscore=10.01;rscore=3.90;uscore=4.66;tscore=2.10;
contig_30	Prodigal_v2.6.3	CDS	20880	21809	196.0	+	0	ID=48_28;partial=00;start_type=ATG;rbs_motif=GGAGG;rbs_spacer=5-10bp;gc_cont=0.388;conf=99.99;score=196.04;cscore=183.02;sscore=13.02;rscore=12.11;uscore=-1.19;tscore=2.10;
contig_30	Prodigal_v2.6.3	CDS	21834	22646	154.4	+	0	ID=48_29;partial=00;start_type=ATG;rbs_motif=GGAGG;rbs_spacer=5-10bp;gc_cont=0.387;conf=100.00;score=154.42;cscore=134.37;sscore=20.05;rscore=12.11;uscore=4.83;tscore=2.10;
contig_30	Prodigal_v2.6.3	CDS	22714	23364	119.7	+	0	ID=48_30;partial=00;start_type=ATG;rbs_motif=AGGA;rbs_spacer=5-10bp;gc_cont=0.347;conf=100.00;score=119.69;cscore=113.40;sscore=6.29;rscore=5.13;uscore=-0.93;tscore=2.10;
contig_30	Prodigal_v2.6.3	CDS	23388	23894	70.4	+	0	ID=48_31;partial=00;start_type=GTG;rbs_motif=AGGAG;rbs_spacer=5-10bp;gc_cont=0.387;conf=100.00;score=70.38;cscore=58.75;sscore=11.63;rscore=11.61;uscore=1.06;tscore=-2.07;
contig_30	Prodigal_v2.6.3	CDS	24040	25551	251.3	+	0	ID=48_32;partial=00;start_type=ATG;rbs_motif=GGAG/GAGG;rbs_spacer=5-10bp;gc_cont=0.366;conf=99.99;score=251.30;cscore=235.93;sscore=15.37;rscore=8.70;uscore=4.57;tscore=2.10;
contig_30	Prodigal_v2.6.3	CDS	25636	26388	167.3	+	0	ID=48_33;partial=00;start_type=GTG;rbs_motif=AGGAG;rbs_spacer=5-10bp;gc_cont=0.396;conf=100.00;score=167.27;cscore=154.81;sscore=12.46;rscore=11.61;uscore=2.91;tscore=-2.07;
contig_30	Prodigal_v2.6.3	CDS	26757	27029	42.5	+	0	ID=48_34;partial=00;start_type=ATG;rbs_motif=AGGA/GGAG/GAGG;rbs_spacer=11-12bp;gc_cont=0.377;conf=99.99;score=42.50;cscore=33.93;sscore=8.58;rscore=3.90;uscore=3.24;tscore=2.10;
# Sequence Data: seqnum=49;seqlen=14103;seqhdr="contig_15"
# Model Data: version=Prodigal.v2.6.3;run_type=Single;model="Ab initio";gc_cont=36.15;transl_table=11;uses_sd=1
contig_15	Prodigal_v2.6.3	CDS	3	131	12.1	+	0	ID=49_1;partial=10;start_type=Edge;rbs_motif=None;rbs_spacer=None;gc_cont=0.403;conf=94.21;score=12.14;cscore=8.92;sscore=3.22;rscore=0.00;uscore=0.00;tscore=3.22;
contig_15	Prodigal_v2.6.3	CDS	495	665	0.2	-	0	ID=49_2;partial=00;start_type=ATG;rbs_motif=GGAGG;rbs_spacer=5-10bp;gc_cont=0.304;conf=51.37;score=0.24;cscore=-9.29;sscore=9.53;rscore=8.14;uscore=0.48;tscore=1.41;
contig_15	Prodigal_v2.6.3	CDS	812	1438	24.2	-	0	ID=49_3;partial=00;start_type=TTG;rbs_motif=GGA/GAG/AGG;rbs_spacer=5-10bp;gc_cont=0.340;conf=99.62;score=24.21;cscore=26.74;sscore=-2.53;rscore=-0.18;uscore=3.27;tscore=-4.97;
contig_15	Prodigal_v2.6.3	CDS	1904	2092	2.6	-	0	ID=49_4;partial=00;start_type=ATG;rbs_motif=None;rbs_spacer=None;gc_cont=0.238;conf=64.74;score=2.64;cscore=11.16;sscore=-8.51;rscore=-10.77;uscore=1.35;tscore=1.56;
contig_15	Prodigal_v2.6.3	CDS	3243	3500	15.6	+	0	ID=49_5;partial=00;start_type=GTG;rbs_motif=None;rbs_spacer=None;gc_cont=0.349;conf=97.28;score=15.57;cscore=22.89;sscore=-7.32;rscore=-8.02;uscore=2.76;tscore=-2.07;
contig_15	Prodigal_v2.6.3	CDS	3594	4904	190.4	+	0	ID=49_6;partial=00;start_type=ATG;rbs_motif=AGGAGG;rbs_spacer=5-10bp;gc_cont=0.370;conf=99.99;score=190.37;cscore=175.38;sscore=14.99;rscore=12.86;uscore=0.04;tscore=2.10;
contig_15	Prodigal_v2.6.3	CDS	4882	5751	118.9	+	0	ID=49_7;partial=00;start_type=ATG;rbs_motif=GGAG/GAGG;rbs_spacer=5-10bp;gc_cont=0.345;conf=100.00;score=118.86;cscore=106.80;sscore=12.06;rscore=8.70;uscore=1.26;tscore=2.10;
contig_15	Prodigal_v2.6.3	CDS	5784	5942	24.1	-	0	ID=49_8;partial=00;start_type=ATG;rbs_motif=AGGA;rbs_spacer=5-10bp;gc_cont=0.333;conf=99.61;score=24.14;cscore=18.46;sscore=5.68;rscore=3.20;uscore=1.83;tscore=1.31;
contig_15	Prodigal_v2.6.3	CDS	6255	6839	85.3	+	0	ID=49_9;partial=00;start_type=ATG;rbs_motif=GGA/GAG/AGG;rbs_spacer=11-12bp;gc_cont=0.342;conf=100.00;score=85.29;cscore=83.08;sscore=2.21;rscore=-0.53;uscore=0.65;tscore=2.10;
contig_15	Prodigal_v2.6.3	CDS	7153	8265	209.3	+	0	ID=49_10;partial=00;start_type=TTG;rbs_motif=AGGAG;rbs_spacer=5-10bp;gc_cont=0.341;conf=99.99;score=209.30;cscore=202.72;sscore=6.58;rscore=11.61;uscore=0.59;tscore=-4.97;
contig_15	Prodigal_v2.6.3	CDS	8290	9123	131.2	+	0	ID=49_11;partial=00;start_type=ATG;rbs_motif=AGGAGG;rbs_spacer=5-10bp;gc_cont=0.326;conf=100.00;score=131.23;cscore=116.41;sscore=14.82;rscore=12.86;uscore=-1.15;tscore=2.10;
contig_15	Prodigal_v2.6.3	CDS	9179	9493	23.5	-	0	ID=49_12;partial=00;start_type=TTG;rbs_motif=None;rbs_spacer=None;gc_cont=0.333;conf=99.55;score=23.49;cscore=38.32;sscore=-14.82;rscore=-8.02;uscore=-3.06;tscore=-4.97;
contig_15	Prodigal_v2.6.3	CDS	9483	10739	142.0	-	0	ID=49_13;partial=00;start_type=ATG;rbs_motif=AGGAGG;rbs_spacer=5-10bp;gc_cont=0.352;conf=100.00;score=142.03;cscore=127.11;sscore=14.92;rscore=12.86;uscore=0.62;tscore=2.10;
contig_15	Prodigal_v2.6.3	CDS	10967	11272	57.0	+	0	ID=49_14;partial=00;start_type=ATG;rbs_motif=AGGAGG;rbs_spacer=5-10bp;gc_cont=0.405;conf=100.00;score=56.96;cscore=38.58;sscore=18.38;rscore=12.86;uscore=3.42;tscore=2.10;
contig_15	Prodigal_v2.6.3	CDS	11284	12072	79.2	+	0	ID=49_15;partial=00;start_type=ATG;rbs_motif=AGxAGG/AGGxGG;rbs_spacer=5-10bp;gc_cont=0.357;conf=100.00;score=79.20;cscore=64.50;sscore=14.70;rscore=10.15;uscore=1.29;tscore=2.10;
contig_15	Prodigal_v2.6.3	CDS	12089	12571	56.4	+	0	ID=49_16;partial=00;start_type=TTG;rbs_motif=AGxAG;rbs_spacer=5-10bp;gc_cont=0.358;conf=100.00;score=56.41;cscore=63.89;sscore=-7.48;rscore=-5.96;uscore=2.34;tscore=-4.97;
contig_15	Prodigal_v2.6.3	CDS	12650	12916	11.8	+	0	ID=49_17;partial=00;start_type=ATG;rbs_motif=GGAG/GAGG;rbs_spacer=5-10bp;gc_cont=0.292;conf=93.78;score=11.81;cscore=3.10;sscore=8.70;rscore=8.70;uscore=-2.10;tscore=2.10;
contig_15	Prodigal_v2.6.3	CDS	12939	13274	27.5	+	0	ID=49_18;partial=00;start_type=ATG;rbs_motif=AGGAGG;rbs_spacer=11-12bp;gc_cont=0.351;conf=99.82;score=27.53;cscore=9.64;sscore=17.89;rscore=11.91;uscore=2.85;tscore=2.10;
contig_15	Prodigal_v2.6.3	CDS	13271	14086	104.2	+	0	ID=49_19;partial=00;start_type=ATG;rbs_motif=AGxAGG/AGGxGG;rbs_spacer=3-4bp;gc_cont=0.364;conf=100.00;score=104.18;cscore=100.79;sscore=3.39;rscore=-1.47;uscore=-2.24;tscore=2.10;
# Sequence Data: seqnum=50;seqlen=14476;seqhdr="contig_40"
# Model Data: version=Prodigal.v2.6.3;run_type=Single;model="Ab initio";gc_cont=36.15;transl_table=11;uses_sd=1
contig_40	Prodigal_v2.6.3	CDS	1	303	35.1	+	0	ID=50_1;partial=10;start_type=Edge;rbs_motif=None;rbs_spacer=None;gc_cont=0.366;conf=99.97;score=35.13;cscore=31.91;sscore=3.22;rscore=0.00;uscore=0.00;tscore=3.22;
contig_40	Prodigal_v2.6.3	CDS	270	668	83.1	+	0	ID=50_2;partial=00;start_type=ATG;rbs_motif=AGGAGG;rbs_spacer=5-10bp;gc_cont=0.434;conf=100.00;score=83.14;cscore=67.85;sscore=15.29;rscore=12.86;uscore=0.33;tscore=2.10;
contig_40	Prodigal_v2.6.3	CDS	976	1344	44.9	+	0	ID=50_3;partial=00;start_type=ATG;rbs_motif=AGGAG;rbs_spacer=5-10bp;gc_cont=0.377;conf=100.00;score=44.86;cscore=30.25;sscore=14.61;rscore=11.61;uscore=1.55;tscore=2.10;
contig_40	Prodigal_v2.6.3	CDS	1538	1996	57.0	+	0	ID=50_4;partial=00;start_type=ATG;rbs_motif=AGxAGG/AGGxGG;rbs_spacer=5-10bp;gc_cont=0.370;conf=100.00;score=57.00;cscore=41.92;sscore=15.09;rscore=10.15;uscore=3.49;tscore=2.10;
contig_40	Prodigal_v2.6.3	CDS	2108	2485	61.6	+	0	ID=50_5;partial=00;start_type=ATG;rbs_motif=AGxAGG/AGGxGG;rbs_spacer=5-10bp;gc_cont=0.339;conf=100.00;score=61.64;cscore=46.37;sscore=15.27;rscore=10.15;uscore=3.02;tscore=2.10;
contig_40	Prodigal_v2.6.3	CDS	2515	3060	81.8	-	0	ID=50_6;partial=00;start_type=ATG;rbs_motif=AGGAG;rbs_spacer=5-10bp;gc_cont=0.366;conf=100.00;score=81.78;cscore=65.47;sscore=16.31;rscore=11.61;uscore=3.25;tscore=2.10;
contig_40	Prodigal_v2.6.3	CDS	3217	3621	96.5	+	0	ID=50_7;partial=00;start_type=ATG;rbs_motif=AGGAG;rbs_spacer=5-10bp;gc_cont=0.356;conf=100.00;score=96.52;cscore=78.97;sscore=17.55;rscore=11.61;uscore=3.84;tscore=2.10;
contig_40	Prodigal_v2.6.3	CDS	3643	4500	147.7	+	0	ID=50_8;partial=00;start_type=ATG;rbs_motif=GGAGG;rbs_spacer=5-10bp;gc_cont=0.382;conf=100.00;score=147.65;cscore=129.06;sscore=18.60;rscore=12.11;uscore=3.34;tscore=2.10;
contig_40	Prodigal_v2.6.3	CDS	4517	4831	36.0	-	0	ID=50_9;partial=00;start_type=ATG;rbs_motif=AGGA;rbs_spacer=5-10bp;gc_cont=0.330;conf=99.97;score=36.01;cscore=30.89;sscore=5.12;rscore=5.13;uscore=-2.11;tscore=2.10;
contig_40	Prodigal_v2.6.3	CDS	4812	6566	312.4	-	0	ID=50_10;partial=00;start_type=ATG;rbs_motif=AGGAGG;rbs_spacer=5-10bp;gc_cont=0.377;conf=99.99;score=312.37;cscore=294.69;sscore=17.68;rscore=12.86;uscore=3.37;tscore=2.10;
contig_40	Prodigal_v2.6.3	CDS	6760	9513	477.4	-	0	ID=50_11;partial=00;start_type=ATG;rbs_motif=AGxAGG/AGGxGG;rbs_spacer=5-10bp;gc_cont=0.373;conf=99.99;score=477.38;cscore=467.36;sscore=10.02;rscore=10.15;uscore=-1.58;tscore=2.10;
contig_40	Prodigal_v2.6.3	CDS	11004	11105	1.8	-	0	ID=50_12;partial=00;start_type=ATG;rbs_motif=GGA/GAG/AGG;rbs_spacer=5-10bp;gc_cont=0.294;conf=59.95;score=1.75;cscore=1.28;sscore=0.47;rscore=-0.45;uscore=0.75;tscore=0.83;
contig_40	Prodigal_v2.6.3	CDS	11396	11617	0.7	-	0	ID=50_13;partial=00;start_type=ATG;rbs_motif=3Base/5BMM;rbs_spacer=13-15bp;gc_cont=0.320;conf=53.96;score=0.69;cscore=-0.49;sscore=1.18;rscore=-3.14;uscore=3.64;tscore=1.84;
contig_40	Prodigal_v2.6.3	CDS	11747	12046	27.4	+	0	ID=50_14;partial=00;start_type=ATG;rbs_motif=AGGAGG;rbs_spacer=5-10bp;gc_cont=0.400;conf=99.82;score=27.44;cscore=9.86;sscore=17.58;rscore=12.86;uscore=2.62;tscore=2.10;
contig_40	Prodigal_v2.6.3	CDS	12371	12475	3.4	+	0	ID=50_15;partial=00;start_type=ATG;rbs_motif=AGGA;rbs_spacer=5-10bp;gc_cont=0.381;conf=68.75;score=3.43;cscore=0.52;sscore=2.91;rscore=2.09;uscore=0.61;tscore=0.86;
contig_40	Prodigal_v2.6.3	CDS	12573	12902	58.4	+	0	ID=50_16;partial=00;start_type=ATG;rbs_motif=AGGA;rbs_spacer=5-10bp;gc_cont=0.333;conf=100.00;score=58.38;cscore=52.77;sscore=5.61;rscore=5.13;uscore=-1.61;tscore=2.10;
contig_40	Prodigal_v2.6.3	CDS	13167	13316	8.7	+	0	ID=50_17;partial=00;start_type=ATG;rbs_motif=AGGAGG;rbs_spacer=5-10bp;gc_cont=0.347;conf=88.14;score=8.72;cscore=-0.05;sscore=8.77;rscore=7.56;uscore=1.13;tscore=1.23;
contig_40	Prodigal_v2.6.3	CDS	13261	13665	53.1	+	0	ID=50_18;partial=00;start_type=TTG;rbs_motif=None;rbs_spacer=None;gc_cont=0.363;conf=100.00;score=53.13;cscore=65.92;sscore=-12.79;rscore=-8.02;uscore=0.19;tscore=-4.97;
contig_40	Prodigal_v2.6.3	CDS	13702	14265	43.2	-	0	ID=50_19;partial=00;start_type=ATG;rbs_motif=None;rbs_spacer=None;gc_cont=0.349;conf=100.00;score=43.21;cscore=51.44;sscore=-8.24;rscore=-8.02;uscore=-2.32;tscore=2.10;
contig_40	Prodigal_v2.6.3	CDS	14355	14474	7.7	-	0	ID=50_20;partial=01;start_type=Edge;rbs_motif=None;rbs_spacer=None;gc_cont=0.350;conf=85.56;score=7.74;cscore=4.52;sscore=3.22;rscore=0.00;uscore=0.00;tscore=3.22;
# Sequence Data: seqnum=51;seqlen=23049;seqhdr="contig_47"
# Model Data: version=Prodigal.v2.6.3;run_type=Single;model="Ab initio";gc_cont=36.15;transl_table=11;uses_sd=1
contig_47	Prodigal_v2.6.3	CDS	1152	1268	3.7	-	0	ID=51_1;partial=00;start_type=ATG;rbs_motif=GGA/GAG/AGG;rbs_spacer=11-12bp;gc_cont=0.308;conf=69.89;score=3.66;cscore=1.56;sscore=2.10;rscore=-1.16;uscore=1.12;tscore=0.96;
contig_47	Prodigal_v2.6.3	CDS	1255	1629	40.8	-	0	ID=51_2;partial=00;start_type=ATG;rbs_motif=AGGAG;rbs_spacer=5-10bp;gc_cont=0.261;conf=99.99;score=40.82;cscore=26.87;sscore=13.96;rscore=11.61;uscore=0.90;tscore=2.10;
contig_47	Prodigal_v2.6.3	CDS	2045	2518	66.8	-	0	ID=51_3;partial=00;start_type=TTG;rbs_motif=GGAGG;rbs_spacer=5-10bp;gc_cont=0.289;conf=100.00;score=66.76;cscore=57.05;sscore=9.72;rscore=12.11;uscore=3.23;tscore=-4.97;
contig_47	Prodigal_v2.6.3	CDS	2571	2786	2.1	+	0	ID=51_4;partial=00;start_type=ATG;rbs_motif=None;rbs_spacer=None;gc_cont=0.259;conf=61.58;score=2.05;cscore=12.02;sscore=-9.97;rscore=-9.41;uscore=-2.35;tscore=1.79;
contig_47	Prodigal_v2.6.3	CDS	3397	3570	10.0	-	0	ID=51_5;partial=00;start_type=ATG;rbs_motif=AGxAGG/AGGxGG;rbs_spacer=5-10bp;gc_cont=0.345;conf=90.97;score=10.05;cscore=0.63;sscore=9.41;rscore=6.94;uscore=1.04;tscore=1.43;
contig_47	Prodigal_v2.6.3	CDS	3657	4346	91.1	-	0	ID=51_6;partial=00;start_type=ATG;rbs_motif=AGGAG/GGAGG;rbs_spacer=11-12bp;gc_cont=0.367;conf=100.00;score=91.06;cscore=76.62;sscore=14.44;rscore=8.34;uscore=2.75;tscore=2.10;
contig_47	Prodigal_v2.6.3	CDS	4339	4896	53.9	-	0	ID=51_7;partial=00;start_type=ATG;rbs_motif=GGA/GAG/AGG;rbs_spacer=5-10bp;gc_cont=0.324;conf=100.00;score=53.91;cscore=53.28;sscore=0.63;rscore=-0.18;uscore=-2.13;tscore=2.10;
contig_47	Prodigal_v2.6.3	CDS	4936	6021	111.0	-	0	ID=51_8;partial=00;start_type=ATG;rbs_motif=AGxAGG/AGGxGG;rbs_spacer=5-10bp;gc_cont=0.305;conf=100.00;score=111.03;cscore=97.46;sscore=13.57;rscore=10.15;uscore=0.22;tscore=2.10;
contig_47	Prodigal_v2.6.3	CDS	6038	8263	229.9	-	0	ID=51_9;partial=00;start_type=GTG;rbs_motif=None;rbs_spacer=None;gc_cont=0.334;conf=99.99;score=229.92;cscore=236.93;sscore=-7.00;rscore=-8.02;uscore=3.08;tscore=-2.07;
contig_47	Prodigal_v2.6.3	CDS	8341	8730	35.0	-	0	ID=51_10;partial=00;start_type=ATG;rbs_motif=AGxAG;rbs_spacer=5-10bp;gc_cont=0.295;conf=99.97;score=34.98;cscore=35.32;sscore=-0.34;rscore=-5.96;uscore=3.52;tscore=2.10;
contig_47	Prodigal_v2.6.3	CDS	8790	9290	51.1	-	0	ID=51_11;partial=00;start_type=TTG;rbs_motif=GGA/GAG/AGG;rbs_spacer=11-12bp;gc_cont=0.365;conf=100.00;score=51.05;cscore=55.47;sscore=-4.42;rscore=-0.53;uscore=0.12;tscore=-4.97;
contig_47	Prodigal_v2.6.3	CDS	9320	9685	22.7	-	0	ID=51_12;partial=00;start_type=ATG;rbs_motif=None;rbs_spacer=None;gc_cont=0.339;conf=99.46;score=22.70;cscore=26.45;sscore=-3.74;rscore=-8.02;uscore=2.17;tscore=2.10;
contig_47	Prodigal_v2.6.3	CDS	9769	10029	34.9	-	0	ID=51_13;partial=00;start_type=ATG;rbs_motif=GGAG/GAGG;rbs_spacer=5-10bp;gc_cont=0.337;conf=99.97;score=34.93;cscore=21.31;sscore=13.62;rscore=8.70;uscore=3.47;tscore=2.10;
contig_47	Prodigal_v2.6.3	CDS	10333	11058	114.2	+	0	ID=51_14;partial=00;start_type=GTG;rbs_motif=None;rbs_spacer=None;gc_cont=0.388;conf=100.00;score=114.20;cscore=126.07;sscore=-11.87;rscore=-8.02;uscore=-1.79;tscore=-2.07;
contig_47	Prodigal_v2.6.3	CDS	11109	11849	140.7	-	0	ID=51_15;partial=00;start_type=ATG;rbs_motif=GGxGG;rbs_spacer=5-10bp;gc_cont=0.394;conf=100.00;score=140.72;cscore=127.57;sscore=13.16;rscore=7.99;uscore=3.72;tscore=2.10;
contig_47	Prodigal_v2.6.3	CDS	12133	12282	24.4	+	0	ID=51_16;partial=00;start_type=ATG;rbs_motif=AGGAG;rbs_spacer=5-10bp;gc_cont=0.393;conf=99.64;score=24.41;cscore=16.19;sscore=8.22;rscore=6.83;uscore=0.16;tscore=1.23;
contig_47	Prodigal_v2.6.3	CDS	12355	14208	234.6	-	0	ID=51_17;partial=00;start_type=TTG;rbs_motif=GGxGG;rbs_spacer=5-10bp;gc_cont=0.376;conf=99.99;score=234.60;cscore=229.95;sscore=4.65;rscore=7.99;uscore=1.62;tscore=-4.97;
contig_47	Prodigal_v2.6.3	CDS	14308	14733	72.4	-	0	ID=51_18;partial=00;start_type=GTG;rbs_motif=GGAG/GAGG;rbs_spacer=5-10bp;gc_cont=0.380;conf=100.00;score=72.39;cscore=65.42;sscore=6.98;rscore=8.70;uscore=0.34;tscore=-2.07;
contig_47	Prodigal_v2.6.3	CDS	14811	15752	146.1	-	0	ID=51_19;partial=00;start_type=ATG;rbs_motif=AGGAG/GGAGG;rbs_spacer=11-12bp;gc_cont=0.361;conf=100.00;score=146.07;cscore=129.83;sscore=16.24;rscore=8.34;uscore=5.79;tscore=2.10;
contig_47	Prodigal_v2.6.3	CDS	15847	16095	21.3	-	0	ID=51_20;partial=00;start_type=ATG;rbs_motif=GGAG/GAGG;rbs_spacer=5-10bp;gc_cont=0.361;conf=99.26;score=21.33;cscore=12.78;sscore=8.54;rscore=8.57;uscore=-2.09;tscore=2.06;
contig_47	Prodigal_v2.6.3	CDS	16255	16653	60.2	-	0	ID=51_21;partial=00;start_type=ATG;rbs_motif=AGGAGG;rbs_spacer=5-10bp;gc_cont=0.318;conf=100.00;score=60.16;cscore=43.94;sscore=16.22;rscore=12.86;uscore=0.45;tscore=2.10;
contig_47	Prodigal_v2.6.3	CDS	16696	16920	31.4	-	0	ID=51_22;partial=00;start_type=ATG;rbs_motif=AGGAGG;rbs_spacer=5-10bp;gc_cont=0.258;conf=99.93;score=31.41;cscore=14.20;sscore=17.21;rscore=11.42;uscore=2.80;tscore=1.86;
contig_47	Prodigal_v2.6.3	CDS	16934	17983	222.1	-	0	ID=51_23;partial=00;start_type=ATG;rbs_motif=AGxAGG/AGGxGG;rbs_spacer=5-10bp;gc_cont=0.364;conf=99.99;score=222.07;cscore=208.26;sscore=13.81;rscore=10.15;uscore=1.56;tscore=2.10;
contig_47	Prodigal_v2.6.3	CDS	18050	18286	35.9	-	0	ID=51_24;partial=00;start_type=ATG;rbs_motif=AGxAGG/AGGxGG;rbs_spacer=11-12bp;gc_cont=0.380;conf=99.97;score=35.89;cscore=25.78;sscore=10.11;rscore=6.48;uscore=0.91;tscore=1.96;
contig_47	Prodigal_v2.6.3	CDS	18334	18753	65.4	-	0	ID=51_25;partial=00;start_type=ATG;rbs_motif=GGAG/GAGG;rbs_spacer=5-10bp;gc_cont=0.393;conf=100.00;score=65.41;cscore=53.86;sscore=11.54;rscore=8.70;uscore=0.74;tscore=2.10;
contig_47	Prodigal_v2.6.3	CDS	18734	20041	197.8	-	0	ID=51_26;partial=00;start_type=ATG;rbs_motif=GGA/GAG/AGG;rbs_spacer=5-10bp;gc_cont=0.393;conf=99.99;score=197.77;cscore=193.72;sscore=4.05;rscore=-0.18;uscore=1.05;tscore=2.10;
contig_47	Prodigal_v2.6.3	CDS	20060	21076	106.4	-	0	ID=51_27;partial=00;start_type=ATG;rbs_motif=GGA/GAG/AGG;rbs_spacer=5-10bp;gc_cont=0.360;conf=100.00;score=106.43;cscore=100.78;sscore=5.65;rscore=-0.18;uscore=2.74;tscore=2.10;
contig_47	Prodigal_v2.6.3	CDS	21103	21618	45.9	-	0	ID=51_28;partial=00;start_type=ATG;rbs_motif=GGA/GAG/AGG;rbs_spacer=5-10bp;gc_cont=0.372;conf=100.00;score=45.87;cscore=44.06;sscore=1.80;rscore=-0.18;uscore=-0.12;tscore=2.10;
contig_47	Prodigal_v2.6.3	CDS	21572	21883	19.3	-	0	ID=51_29;partial=00;start_type=ATG;rbs_motif=GGAGG;rbs_spacer=5-10bp;gc_cont=0.413;conf=98.83;score=19.29;cscore=3.78;sscore=15.51;rscore=12.11;uscore=1.95;tscore=2.10;
contig_47	Prodigal_v2.6.3	CDS	22084	23049	102.7	-	0	ID=51_30;partial=01;start_type=Edge;rbs_motif=None;rbs_spacer=None;gc_cont=0.362;conf=100.00;score=102.72;cscore=99.50;sscore=3.22;rscore=0.00;uscore=0.00;tscore=3.22;
# Sequence Data: seqnum=52;seqlen=6867;seqhdr="contig_35"
# Model Data: version=Prodigal.v2.6.3;run_type=Single;model="Ab initio";gc_cont=36.15;transl_table=11;uses_sd=1
contig_35	Prodigal_v2.6.3	CDS	3	218	26.7	-	0	ID=52_1;partial=10;start_type=ATG;rbs_motif=AGGAGG;rbs_spacer=5-10bp;gc_cont=0.435;conf=99.79;score=26.73;cscore=14.23;sscore=12.51;rscore=12.86;uscore=-1.80;tscore=2.10;
contig_35	Prodigal_v2.6.3	CDS	353	688	69.1	+	0	ID=52_2;partial=00;start_type=ATG;rbs_motif=AGGAGG;rbs_spacer=5-10bp;gc_cont=0.363;conf=100.00;score=69.08;cscore=52.49;sscore=16.59;rscore=12.86;uscore=1.63;tscore=2.10;
contig_35	Prodigal_v2.6.3	CDS	759	1097	45.2	+	0	ID=52_3;partial=00;start_type=TTG;rbs_motif=GGA/GAG/AGG;rbs_spacer=5-10bp;gc_cont=0.348;conf=100.00;score=45.23;cscore=45.10;sscore=0.13;rscore=-0.18;uscore=5.28;tscore=-4.97;
contig_35	Prodigal_v2.6.3	CDS	1355	2650	193.5	+	0	ID=52_4;partial=00;start_type=ATG;rbs_motif=AGxAGG/AGGxGG;rbs_spacer=11-12bp;gc_cont=0.371;conf=99.99;score=193.53;cscore=184.01;sscore=9.52;rscore=6.92;uscore=1.15;tscore=2.10;
contig_35	Prodigal_v2.6.3	CDS	2610	3455	99.9	+	0	ID=52_5;partial=00;start_type=ATG;rbs_motif=GGA/GAG/AGG;rbs_spacer=5-10bp;gc_cont=0.335;conf=100.00;score=99.92;cscore=97.24;sscore=2.68;rscore=-0.18;uscore=0.76;tscore=2.10;
contig_35	Prodigal_v2.6.3	CDS	3529	6804	532.3	+	0	ID=52_6;partial=00;start_type=ATG;rbs_motif=AGxAGG/AGGxGG;rbs_spacer=5-10bp;gc_cont=0.366;conf=99.99;score=532.27;cscore=522.16;sscore=10.11;rscore=10.15;uscore=-2.14;tscore=2.10;
# Sequence Data: seqnum=53;seqlen=52542;seqhdr="contig_65"
# Model Data: version=Prodigal.v2.6.3;run_type=Single;model="Ab initio";gc_cont=36.15;transl_table=11;uses_sd=1
contig_65	Prodigal_v2.6.3	CDS	2	742	74.2	+	0	ID=53_1;partial=10;start_type=Edge;rbs_motif=None;rbs_spacer=None;gc_cont=0.368;conf=100.00;score=74.21;cscore=70.99;sscore=3.22;rscore=0.00;uscore=3.22;tscore=0.00;
contig_65	Prodigal_v2.6.3	CDS	739	1473	63.8	+	0	ID=53_2;partial=00;start_type=ATG;rbs_motif=GGxGG;rbs_spacer=5-10bp;gc_cont=0.362;conf=100.00;score=63.80;cscore=52.41;sscore=11.38;rscore=7.99;uscore=-3.86;tscore=2.10;
contig_65	Prodigal_v2.6.3	CDS	1571	1675	2.8	+	0	ID=53_3;partial=00;start_type=ATG;rbs_motif=AGGAGG;rbs_spacer=5-10bp;gc_cont=0.305;conf=65.66;score=2.82;cscore=-3.97;sscore=6.78;rscore=5.25;uscore=1.18;tscore=0.86;
contig_65	Prodigal_v2.6.3	CDS	1770	1997	43.6	+	0	ID=53_4;partial=00;start_type=ATG;rbs_motif=AGGAG;rbs_spacer=5-10bp;gc_cont=0.373;conf=100.00;score=43.61;cscore=29.45;sscore=14.16;rscore=10.45;uscore=1.82;tscore=1.89;
contig_65	Prodigal_v2.6.3	CDS	1997	2815	119.1	+	0	ID=53_5;partial=00;start_type=ATG;rbs_motif=AGGAG;rbs_spacer=5-10bp;gc_cont=0.404;conf=100.00;score=119.06;cscore=102.52;sscore=16.54;rscore=11.61;uscore=1.55;tscore=2.10;
contig_65	Prodigal_v2.6.3	CDS	2849	3223	50.2	-	0	ID=53_6;partial=00;start_type=ATG;rbs_motif=AGGAG;rbs_spacer=5-10bp;gc_cont=0.352;conf=100.00;score=50.24;cscore=34.11;sscore=16.13;rscore=11.61;uscore=2.42;tscore=2.10;
contig_65	Prodigal_v2.6.3	CDS	3348	3569	14.0	-	0	ID=53_7;partial=00;start_type=GTG;rbs_motif=AGxAGG/AGGxGG;rbs_spacer=5-10bp;gc_cont=0.356;conf=96.11;score=13.95;cscore=9.03;sscore=4.92;rscore=8.89;uscore=-0.96;tscore=-2.36;
contig_65	Prodigal_v2.6.3	CDS	3870	5165	111.4	+	0	ID=53_8;partial=00;start_type=TTG;rbs_motif=GGxGG;rbs_spacer=5-10bp;gc_cont=0.400;conf=100.00;score=111.39;cscore=106.08;sscore=5.31;rscore=7.99;uscore=2.29;tscore=-4.97;
contig_65	Prodigal_v2.6.3	CDS	5221	5682	8.3	+	0	ID=53_9;partial=00;start_type=GTG;rbs_motif=AGGA/GGAG/GAGG;rbs_spacer=11-12bp;gc_cont=0.409;conf=87.04;score=8.28;cscore=7.88;sscore=0.41;rscore=3.90;uscore=-2.10;tscore=-2.07;
contig_65	Prodigal_v2.6.3	CDS	5702	6190	58.8	+	0	ID=53_10;partial=00;start_type=ATG;rbs_motif=GGAG/GAGG;rbs_spacer=5-10bp;gc_cont=0.380;conf=100.00;score=58.80;cscore=45.52;sscore=13.28;rscore=8.70;uscore=1.41;tscore=2.10;
contig_65	Prodigal_v2.6.3	CDS	6653	7243	79.9	+	0	ID=53_11;partial=00;start_type=ATG;rbs_motif=AGGAGG;rbs_spacer=11-12bp;gc_cont=0.440;conf=100.00;score=79.94;cscore=66.66;sscore=13.28;rscore=11.91;uscore=-0.07;tscore=2.10;
contig_65	Prodigal_v2.6.3	CDS	7324	7689	50.7	-	0	ID=53_12;partial=00;start_type=TTG;rbs_motif=AGGAG;rbs_spacer=5-10bp;gc_cont=0.350;conf=100.00;score=50.71;cscore=40.43;sscore=10.28;rscore=11.61;uscore=3.63;tscore=-4.97;
contig_65	Prodigal_v2.6.3	CDS	7789	8169	51.6	-	0	ID=53_13;partial=00;start_type=ATG;rbs_motif=GGA/GAG/AGG;rbs_spacer=11-12bp;gc_cont=0.367;conf=100.00;score=51.59;cscore=45.03;sscore=6.56;rscore=-0.53;uscore=3.73;tscore=2.10;
contig_65	Prodigal_v2.6.3	CDS	8171	8992	122.9	-	0	ID=53_14;partial=00;start_type=ATG;rbs_motif=GGAG/GAGG;rbs_spacer=5-10bp;gc_cont=0.320;conf=100.00;score=122.87;cscore=107.98;sscore=14.89;rscore=8.70;uscore=4.74;tscore=2.10;
contig_65	Prodigal_v2.6.3	CDS	10712	10906	26.3	-	0	ID=53_15;partial=00;start_type=GTG;rbs_motif=GGAG/GAGG;rbs_spacer=5-10bp;gc_cont=0.359;conf=99.76;score=26.32;cscore=21.12;sscore=5.19;rscore=6.69;uscore=1.20;tscore=-2.69;
contig_65	Prodigal_v2.6.3	CDS	11027	11377	55.9	-	0	ID=53_16;partial=00;start_type=ATG;rbs_motif=GGAG/GAGG;rbs_spacer=5-10bp;gc_cont=0.342;conf=100.00;score=55.95;cscore=43.50;sscore=12.45;rscore=8.70;uscore=2.30;tscore=2.10;
contig_65	Prodigal_v2.6.3	CDS	11574	11918	7.5	-	0	ID=53_17;partial=00;start_type=ATG;rbs_motif=None;rbs_spacer=None;gc_cont=0.368;conf=85.00;score=7.54;cscore=14.18;sscore=-6.63;rscore=-8.02;uscore=-0.06;tscore=2.10;
contig_65	Prodigal_v2.6.3	CDS	12462	13685	125.2	+	0	ID=53_18;partial=00;start_type=ATG;rbs_motif=AGGAG;rbs_spacer=5-10bp;gc_cont=0.323;conf=100.00;score=125.17;cscore=113.24;sscore=11.92;rscore=11.61;uscore=-1.79;tscore=2.10;
contig_65	Prodigal_v2.6.3	CDS	13682	13840	26.4	+	0	ID=53_19;partial=00;start_type=ATG;rbs_motif=None;rbs_spacer=None;gc_cont=0.384;conf=99.77;score=26.37;cscore=21.35;sscore=5.02;rscore=-12.85;uscore=2.42;tscore=1.31;
contig_65	Prodigal_v2.6.3	CDS	14009	14146	18.1	+	0	ID=53_20;partial=00;start_type=ATG;rbs_motif=GGAGG;rbs_spacer=5-10bp;gc_cont=0.319;conf=98.48;score=18.14;cscore=10.40;sscore=7.74;rscore=6.54;uscore=0.07;tscore=1.13;
contig_65	Prodigal_v2.6.3	CDS	14152	14502	48.3	-	0	ID=53_21;partial=00;start_type=ATG;rbs_motif=GGA/GAG/AGG;rbs_spacer=5-10bp;gc_cont=0.345;conf=100.00;score=48.31;cscore=42.80;sscore=5.51;rscore=-0.18;uscore=4.25;tscore=2.10;
contig_65	Prodigal_v2.6.3	CDS	14717	14914	17.0	+	0	ID=53_22;partial=00;start_type=ATG;rbs_motif=GGA/GAG/AGG;rbs_spacer=5-10bp;gc_cont=0.348;conf=98.02;score=16.97;cscore=15.05;sscore=1.92;rscore=-0.23;uscore=0.51;tscore=1.64;
contig_65	Prodigal_v2.6.3	CDS	14980	15702	112.8	+	0	ID=53_23;partial=00;start_type=ATG;rbs_motif=GGAGG;rbs_spacer=5-10bp;gc_cont=0.357;conf=100.00;score=112.79;cscore=96.06;sscore=16.74;rscore=12.11;uscore=2.53;tscore=2.10;
contig_65	Prodigal_v2.6.3	CDS	15703	15825	11.5	+	0	ID=53_24;partial=00;start_type=ATG;rbs_motif=AGGAG;rbs_spacer=5-10bp;gc_cont=0.398;conf=93.34;score=11.49;cscore=5.50;sscore=5.98;rscore=5.57;uscore=-1.87;tscore=1.01;
contig_65	Prodigal_v2.6.3	CDS	15815	15955	11.9	+	0	ID=53_25;partial=00;start_type=ATG;rbs_motif=AGxAGG/AGGxGG;rbs_spacer=11-12bp;gc_cont=0.362;conf=93.93;score=11.91;cscore=4.95;sscore=6.96;rscore=3.82;uscore=0.77;tscore=1.16;
contig_65	Prodigal_v2.6.3	CDS	15971	16165	42.7	+	0	ID=53_26;partial=00;start_type=ATG;rbs_motif=GGAG/GAGG;rbs_spacer=5-10bp;gc_cont=0.344;conf=99.99;score=42.66;cscore=30.43;sscore=12.24;rscore=6.69;uscore=2.83;tscore=1.61;
contig_65	Prodigal_v2.6.3	CDS	16253	16972	82.1	+	0	ID=53_27;partial=00;start_type=ATG;rbs_motif=GGA/GAG/AGG;rbs_spacer=5-10bp;gc_cont=0.326;conf=100.00;score=82.14;cscore=84.04;sscore=-1.91;rscore=-0.18;uscore=-3.82;tscore=2.10;
contig_65	Prodigal_v2.6.3	CDS	17078	17227	24.3	+	0	ID=53_28;partial=00;start_type=ATG;rbs_motif=AGGAGG;rbs_spacer=5-10bp;gc_cont=0.340;conf=99.63;score=24.34;cscore=15.91;sscore=8.43;rscore=7.56;uscore=-0.36;tscore=1.23;
contig_65	Prodigal_v2.6.3	CDS	17240	17722	94.2	+	0	ID=53_29;partial=00;start_type=ATG;rbs_motif=AGGAGG;rbs_spacer=5-10bp;gc_cont=0.375;conf=100.00;score=94.20;cscore=81.41;sscore=12.78;rscore=12.86;uscore=-3.32;tscore=2.10;
contig_65	Prodigal_v2.6.3	CDS	17719	18393	88.8	+	0	ID=53_30;partial=00;start_type=ATG;rbs_motif=GGA/GAG/AGG;rbs_spacer=5-10bp;gc_cont=0.381;conf=100.00;score=88.77;cscore=82.73;sscore=6.04;rscore=-0.18;uscore=2.65;tscore=2.10;
contig_65	Prodigal_v2.6.3	CDS	18408	18587	13.9	+	0	ID=53_31;partial=00;start_type=ATG;rbs_motif=AGGAGG;rbs_spacer=5-10bp;gc_cont=0.444;conf=96.05;score=13.89;cscore=2.83;sscore=11.05;rscore=9.11;uscore=-0.66;tscore=1.49;
contig_65	Prodigal_v2.6.3	CDS	18566	18847	26.5	+	0	ID=53_32;partial=00;start_type=ATG;rbs_motif=GGA/GAG/AGG;rbs_spacer=11-12bp;gc_cont=0.348;conf=99.77;score=26.47;cscore=22.99;sscore=3.48;rscore=-0.53;uscore=1.91;tscore=2.10;
contig_65	Prodigal_v2.6.3	CDS	18848	19675	99.8	+	0	ID=53_33;partial=00;start_type=ATG;rbs_motif=AGxAGG/AGGxGG;rbs_spacer=5-10bp;gc_cont=0.351;conf=100.00;score=99.78;cscore=84.14;sscore=15.64;rscore=10.15;uscore=2.11;tscore=2.10;
contig_65	Prodigal_v2.6.3	CDS	19668	20024	50.2	+	0	ID=53_34;partial=00;start_type=TTG;rbs_motif=AGGAGG;rbs_spacer=5-10bp;gc_cont=0.361;conf=100.00;score=50.21;cscore=37.47;sscore=12.74;rscore=12.86;uscore=3.60;tscore=-4.97;
contig_65	Prodigal_v2.6.3	CDS	20021	21352	183.2	+	0	ID=53_35;partial=00;start_type=GTG;rbs_motif=GGAGG;rbs_spacer=5-10bp;gc_cont=0.416;conf=99.99;score=183.23;cscore=168.19;sscore=15.04;rscore=12.11;uscore=3.70;tscore=-2.07;
contig_65	Prodigal_v2.6.3	CDS	21367	21654	51.0	+	0	ID=53_36;partial=00;start_type=ATG;rbs_motif=GGAGG;rbs_spacer=5-10bp;gc_cont=0.378;conf=100.00;score=51.04;cscore=34.79;sscore=16.24;rscore=12.11;uscore=0.91;tscore=2.10;
contig_65	Prodigal_v2.6.3	CDS	21651	21923	26.3	+	0	ID=53_37;partial=00;start_type=ATG;rbs_motif=None;rbs_spacer=None;gc_cont=0.436;conf=99.76;score=26.28;cscore=22.88;sscore=3.39;rscore=-8.02;uscore=-1.68;tscore=2.10;
contig_65	Prodigal_v2.6.3	CDS	21935	22648	71.3	+	0	ID=53_38;partial=00;start_type=ATG;rbs_motif=AGGAGG;rbs_spacer=5-10bp;gc_cont=0.398;conf=100.00;score=71.32;cscore=53.55;sscore=17.76;rscore=12.86;uscore=1.65;tscore=2.10;
contig_65	Prodigal_v2.6.3	CDS	22657	22791	6.3	+	0	ID=53_39;partial=00;start_type=ATG;rbs_motif=AGGAG;rbs_spacer=5-10bp;gc_cont=0.437;conf=80.97;score=6.30;cscore=-2.21;sscore=8.51;rscore=6.13;uscore=0.59;tscore=1.11;
contig_65	Prodigal_v2.6.3	CDS	22781	23266	73.4	+	0	ID=53_40;partial=00;start_type=ATG;rbs_motif=GGA/GAG/AGG;rbs_spacer=5-10bp;gc_cont=0.362;conf=100.00;score=73.38;cscore=69.56;sscore=3.82;rscore=-0.18;uscore=0.68;tscore=2.10;
contig_65	Prodigal_v2.6.3	CDS	23263	23457	32.4	+	0	ID=53_41;partial=00;start_type=ATG;rbs_motif=GGAG/GAGG;rbs_spacer=5-10bp;gc_cont=0.395;conf=99.94;score=32.45;cscore=22.27;sscore=10.17;rscore=6.69;uscore=0.58;tscore=1.61;
contig_65	Prodigal_v2.6.3	CDS	23524	23760	37.8	+	0	ID=53_42;partial=00;start_type=ATG;rbs_motif=AGGAG;rbs_spacer=5-10bp;gc_cont=0.388;conf=99.98;score=37.84;cscore=22.94;sscore=14.90;rscore=10.87;uscore=2.07;tscore=1.96;
contig_65	Prodigal_v2.6.3	CDS	23771	23938	5.2	+	0	ID=53_43;partial=00;start_type=ATG;rbs_motif=AGGAGG;rbs_spacer=5-10bp;gc_cont=0.375;conf=76.74;score=5.19;cscore=-5.92;sscore=11.11;rscore=8.49;uscore=0.57;tscore=1.38;
contig_65	Prodigal_v2.6.3	CDS	23952	24449	67.9	+	0	ID=53_44;partial=00;start_type=ATG;rbs_motif=AGGAG;rbs_spacer=5-10bp;gc_cont=0.410;conf=100.00;score=67.94;cscore=51.16;sscore=16.78;rscore=11.61;uscore=1.94;tscore=2.10;
contig_65	Prodigal_v2.6.3	CDS	24699	24875	25.5	+	0	ID=53_45;partial=00;start_type=ATG;rbs_motif=AGGAG;rbs_spacer=5-10bp;gc_cont=0.345;conf=99.72;score=25.50;cscore=14.94;sscore=10.56;rscore=8.08;uscore=1.67;tscore=1.46;
contig_65	Prodigal_v2.6.3	CDS	25045	25758	114.6	+	0	ID=53_46;partial=00;start_type=ATG;rbs_motif=GGA/GAG/AGG;rbs_spacer=5-10bp;gc_cont=0.336;conf=100.00;score=114.62;cscore=109.69;sscore=4.93;rscore=-0.18;uscore=3.02;tscore=2.10;
contig_65	Prodigal_v2.6.3	CDS	25786	26154	47.0	+	0	ID=53_47;partial=00;start_type=ATG;rbs_motif=AGGAG;rbs_spacer=5-10bp;gc_cont=0.304;conf=100.00;score=46.99;cscore=28.70;sscore=18.29;rscore=11.61;uscore=3.60;tscore=2.10;
contig_65	Prodigal_v2.6.3	CDS	26472	26693	16.1	+	0	ID=53_48;partial=00;start_type=ATG;rbs_motif=AGGAG/GGAGG;rbs_spacer=11-12bp;gc_cont=0.293;conf=97.57;score=16.06;cscore=5.17;sscore=10.89;rscore=7.31;uscore=2.40;tscore=1.84;
contig_65	Prodigal_v2.6.3	CDS	26730	26948	25.1	+	0	ID=53_49;partial=00;start_type=ATG;rbs_motif=GGAG/GAGG;rbs_spacer=5-10bp;gc_cont=0.342;conf=99.69;score=25.14;cscore=10.77;sscore=14.37;rscore=7.52;uscore=4.16;tscore=1.81;
contig_65	Prodigal_v2.6.3	CDS	26985	28109	121.5	+	0	ID=53_50;partial=00;start_type=ATG;rbs_motif=GGAG/GAGG;rbs_spacer=5-10bp;gc_cont=0.398;conf=100.00;score=121.50;cscore=105.79;sscore=15.71;rscore=8.70;uscore=4.03;tscore=2.10;
contig_65	Prodigal_v2.6.3	CDS	28142	28519	60.4	+	0	ID=53_51;partial=00;start_type=ATG;rbs_motif=AGGA;rbs_spacer=5-10bp;gc_cont=0.310;conf=100.00;score=60.35;cscore=47.90;sscore=12.45;rscore=5.13;uscore=4.30;tscore=2.10;
contig_65	Prodigal_v2.6.3	CDS	28749	28982	34.5	+	0	ID=53_52;partial=00;start_type=ATG;rbs_motif=GGAGG;rbs_spacer=5-10bp;gc_cont=0.372;conf=99.96;score=34.52;cscore=20.95;sscore=13.57;rscore=11.19;uscore=1.09;tscore=1.94;
contig_65	Prodigal_v2.6.3	CDS	28975	29328	65.4	+	0	ID=53_53;partial=00;start_type=ATG;rbs_motif=GGAG/GAGG;rbs_spacer=5-10bp;gc_cont=0.381;conf=100.00;score=65.41;cscore=51.13;sscore=14.28;rscore=8.70;uscore=2.23;tscore=2.10;
contig_65	Prodigal_v2.6.3	CDS	29325	29591	35.7	+	0	ID=53_54;partial=00;start_type=GTG;rbs_motif=GGAG/GAGG;rbs_spacer=5-10bp;gc_cont=0.345;conf=99.97;score=35.70;cscore=25.99;sscore=9.71;rscore=8.70;uscore=1.78;tscore=-2.07;
contig_65	Prodigal_v2.6.3	CDS	29620	30006	45.1	+	0	ID=53_55;partial=00;start_type=TTG;rbs_motif=GGAG/GAGG;rbs_spacer=5-10bp;gc_cont=0.370;conf=100.00;score=45.12;cscore=36.36;sscore=8.77;rscore=8.70;uscore=4.06;tscore=-4.97;
contig_65	Prodigal_v2.6.3	CDS	30021	30212	23.3	+	0	ID=53_56;partial=00;start_type=ATG;rbs_motif=GGAG/GAGG;rbs_spacer=5-10bp;gc_cont=0.375;conf=99.53;score=23.34;cscore=11.12;sscore=12.22;rscore=6.58;uscore=2.93;tscore=1.59;
contig_65	Prodigal_v2.6.3	CDS	30352	30738	51.1	+	0	ID=53_57;partial=00;start_type=ATG;rbs_motif=AGxAGG/AGGxGG;rbs_spacer=5-10bp;gc_cont=0.351;conf=100.00;score=51.06;cscore=34.54;sscore=16.52;rscore=10.15;uscore=4.27;tscore=2.10;
contig_65	Prodigal_v2.6.3	CDS	30754	31089	64.5	+	0	ID=53_58;partial=00;start_type=ATG;rbs_motif=AGGAG;rbs_spacer=5-10bp;gc_cont=0.324;conf=100.00;score=64.54;cscore=47.45;sscore=17.09;rscore=11.61;uscore=2.27;tscore=2.10;
contig_65	Prodigal_v2.6.3	CDS	32215	32556	55.6	+	0	ID=53_59;partial=00;start_type=ATG;rbs_motif=AGGAGG;rbs_spacer=5-10bp;gc_cont=0.325;conf=100.00;score=55.64;cscore=39.45;sscore=16.19;rscore=12.86;uscore=1.88;tscore=2.10;
contig_65	Prodigal_v2.6.3	CDS	32549	32641	0.5	+	0	ID=53_60;partial=00;start_type=ATG;rbs_motif=GGA/GAG/AGG;rbs_spacer=5-10bp;gc_cont=0.419;conf=52.86;score=0.50;cscore=-2.02;sscore=2.52;rscore=-0.50;uscore=1.51;tscore=0.76;
contig_65	Prodigal_v2.6.3	CDS	32638	32931	52.6	+	0	ID=53_61;partial=00;start_type=ATG;rbs_motif=AGGAGG;rbs_spacer=5-10bp;gc_cont=0.367;conf=100.00;score=52.63;cscore=36.38;sscore=16.25;rscore=12.86;uscore=-0.57;tscore=2.10;
contig_65	Prodigal_v2.6.3	CDS	32936	33133	18.5	+	0	ID=53_62;partial=00;start_type=ATG;rbs_motif=GGA/GAG/AGG;rbs_spacer=5-10bp;gc_cont=0.328;conf=98.61;score=18.54;cscore=17.03;sscore=1.51;rscore=-0.23;uscore=-1.13;tscore=1.64;
contig_65	Prodigal_v2.6.3	CDS	33178	33432	54.2	+	0	ID=53_63;partial=00;start_type=GTG;rbs_motif=AGGAGG;rbs_spacer=5-10bp;gc_cont=0.388;conf=100.00;score=54.24;cscore=40.22;sscore=14.02;rscore=12.86;uscore=2.44;tscore=-2.07;
contig_65	Prodigal_v2.6.3	CDS	33432	33707	44.7	+	0	ID=53_64;partial=00;start_type=ATG;rbs_motif=GGxGG;rbs_spacer=5-10bp;gc_cont=0.279;conf=100.00;score=44.65;cscore=33.28;sscore=11.37;rscore=7.99;uscore=-1.41;tscore=2.10;
contig_65	Prodigal_v2.6.3	CDS	33709	34164	73.1	+	0	ID=53_65;partial=00;start_type=ATG;rbs_motif=GGA/GAG/AGG;rbs_spacer=5-10bp;gc_cont=0.353;conf=100.00;score=73.12;cscore=67.99;sscore=5.14;rscore=-0.18;uscore=1.95;tscore=2.10;
contig_65	Prodigal_v2.6.3	CDS	34161	34358	22.9	+	0	ID=53_66;partial=00;start_type=ATG;rbs_motif=AGGAGG;rbs_spacer=5-10bp;gc_cont=0.338;conf=99.49;score=22.94;cscore=9.98;sscore=12.96;rscore=10.03;uscore=-1.90;tscore=1.64;
contig_65	Prodigal_v2.6.3	CDS	35399	36328	136.9	+	0	ID=53_67;partial=00;start_type=ATG;rbs_motif=AGxAGG/AGGxGG;rbs_spacer=5-10bp;gc_cont=0.405;conf=100.00;score=136.87;cscore=124.40;sscore=12.47;rscore=10.15;uscore=0.87;tscore=2.10;
contig_65	Prodigal_v2.6.3	CDS	36300	37619	138.7	+	0	ID=53_68;partial=00;start_type=ATG;rbs_motif=GGAG/GAGG;rbs_spacer=5-10bp;gc_cont=0.391;conf=100.00;score=138.68;cscore=126.96;sscore=11.72;rscore=8.70;uscore=0.92;tscore=2.10;
contig_65	Prodigal_v2.6.3	CDS	37619	39157	236.5	+	0	ID=53_69;partial=00;start_type=ATG;rbs_motif=AGGA/GGAG/GAGG;rbs_spacer=11-12bp;gc_cont=0.391;conf=99.99;score=236.47;cscore=223.72;sscore=12.75;rscore=3.90;uscore=5.47;tscore=2.10;
contig_65	Prodigal_v2.6.3	CDS	39144	40070	104.3	+	0	ID=53_70;partial=00;start_type=ATG;rbs_motif=GGAG/GAGG;rbs_spacer=5-10bp;gc_cont=0.396;conf=100.00;score=104.25;cscore=93.73;sscore=10.52;rscore=8.70;uscore=-1.46;tscore=2.10;
contig_65	Prodigal_v2.6.3	CDS	40117	41334	238.1	+	0	ID=53_71;partial=00;start_type=ATG;rbs_motif=AGGAGG;rbs_spacer=5-10bp;gc_cont=0.397;conf=99.99;score=238.07;cscore=220.01;sscore=18.06;rscore=12.86;uscore=2.33;tscore=2.10;
contig_65	Prodigal_v2.6.3	CDS	41338	42255	185.6	+	0	ID=53_72;partial=00;start_type=ATG;rbs_motif=AGGAGG;rbs_spacer=5-10bp;gc_cont=0.382;conf=99.99;score=185.58;cscore=169.90;sscore=15.69;rscore=12.86;uscore=-0.51;tscore=2.10;
contig_65	Prodigal_v2.6.3	CDS	42272	42454	33.2	+	0	ID=53_73;partial=00;start_type=ATG;rbs_motif=AGGAG;rbs_spacer=5-10bp;gc_cont=0.393;conf=99.95;score=33.16;cscore=19.99;sscore=13.17;rscore=8.36;uscore=2.20;tscore=1.51;
contig_65	Prodigal_v2.6.3	CDS	42460	42852	50.9	+	0	ID=53_74;partial=00;start_type=ATG;rbs_motif=GGAG/GAGG;rbs_spacer=5-10bp;gc_cont=0.354;conf=100.00;score=50.85;cscore=36.14;sscore=14.72;rscore=8.70;uscore=2.70;tscore=2.10;
contig_65	Prodigal_v2.6.3	CDS	42852	43244	33.1	+	0	ID=53_75;partial=00;start_type=ATG;rbs_motif=GGAG/GAGG;rbs_spacer=5-10bp;gc_cont=0.420;conf=99.95;score=33.11;cscore=19.15;sscore=13.96;rscore=8.70;uscore=1.87;tscore=2.10;
contig_65	Prodigal_v2.6.3	CDS	43229	43714	52.2	+	0	ID=53_76;partial=00;start_type=ATG;rbs_motif=AGGA;rbs_spacer=5-10bp;gc_cont=0.414;conf=100.00;score=52.21;cscore=45.12;sscore=7.08;rscore=5.13;uscore=-1.31;tscore=2.10;
contig_65	Prodigal_v2.6.3	CDS	43718	44119	41.7	+	0	ID=53_77;partial=00;start_type=ATG;rbs_motif=GGAGG;rbs_spacer=5-10bp;gc_cont=0.393;conf=99.99;score=41.66;cscore=27.36;sscore=14.31;rscore=12.11;uscore=-1.14;tscore=2.10;
contig_65	Prodigal_v2.6.3	CDS	44135	44623	91.4	+	0	ID=53_78;partial=00;start_type=ATG;rbs_motif=AGGAG/GGAGG;rbs_spacer=11-12bp;gc_cont=0.405;conf=100.00;score=91.43;cscore=75.49;sscore=15.94;rscore=8.34;uscore=4.39;tscore=2.10;
contig_65	Prodigal_v2.6.3	CDS	44690	45112	80.4	+	0	ID=53_79;partial=00;start_type=ATG;rbs_motif=AGGAG;rbs_spacer=5-10bp;gc_cont=0.364;conf=100.00;score=80.42;cscore=63.19;sscore=17.23;rscore=11.61;uscore=3.52;tscore=2.10;
contig_65	Prodigal_v2.6.3	CDS	45118	45426	17.5	+	0	ID=53_80;partial=00;start_type=GTG;rbs_motif=3Base/5BMM;rbs_spacer=13-15bp;gc_cont=0.362;conf=98.22;score=17.45;cscore=21.37;sscore=-3.92;rscore=-2.75;uscore=-0.31;tscore=-2.07;
contig_65	Prodigal_v2.6.3	CDS	45446	49300	545.7	+	0	ID=53_81;partial=00;start_type=TTG;rbs_motif=GGA/GAG/AGG;rbs_spacer=5-10bp;gc_cont=0.377;conf=99.99;score=545.66;cscore=549.79;sscore=-4.13;rscore=-0.18;uscore=-0.05;tscore=-4.97;
contig_65	Prodigal_v2.6.3	CDS	49305	50144	96.6	+	0	ID=53_82;partial=00;start_type=ATG;rbs_motif=AGGAG/GGAGG;rbs_spacer=11-12bp;gc_cont=0.336;conf=100.00;score=96.63;cscore=80.37;sscore=16.26;rscore=8.34;uscore=4.59;tscore=2.10;
contig_65	Prodigal_v2.6.3	CDS	50153	51775	173.7	+	0	ID=53_83;partial=00;start_type=ATG;rbs_motif=GGA/GAG/AGG;rbs_spacer=5-10bp;gc_cont=0.365;conf=100.00;score=173.69;cscore=172.41;sscore=1.28;rscore=-0.18;uscore=-1.83;tscore=2.10;
contig_65	Prodigal_v2.6.3	CDS	51824	52144	53.5	+	0	ID=53_84;partial=00;start_type=ATG;rbs_motif=AGGAGG;rbs_spacer=5-10bp;gc_cont=0.330;conf=100.00;score=53.48;cscore=34.72;sscore=18.76;rscore=12.86;uscore=3.05;tscore=2.10;
contig_65	Prodigal_v2.6.3	CDS	52226	52540	44.6	+	0	ID=53_85;partial=01;start_type=ATG;rbs_motif=None;rbs_spacer=None;gc_cont=0.378;conf=100.00;score=44.56;cscore=49.97;sscore=-5.40;rscore=-8.02;uscore=0.51;tscore=2.10;
