Chain
	Aln	765	+a852d9ed-76aa-4b6d-87af-da6373d5dac2 8 1053 2450 -edge_383_0_+disjointig_37_1412_10185 7726 8772 8773 -1 -1 1040 0
	Aln	765	+a852d9ed-76aa-4b6d-87af-da6373d5dac2 1061 2445 2450 -edge_383_0_+disjointig_37_1412_10185 7 1395 8773 -1 -1 1360 0.00160116
Chain
	Aln	764	-a852d9ed-76aa-4b6d-87af-da6373d5dac2 4 1388 2450 +edge_383_0_+disjointig_37_1412_10185 7377 8765 8773 -1 -1 1360 0.00160116
	Aln	764	-a852d9ed-76aa-4b6d-87af-da6373d5dac2 1396 2441 2450 +edge_383_0_+disjointig_37_1412_10185 0 1046 8773 -1 -1 1040 0
Chain
	Aln	242	+7117171d-98e1-4016-a209-82e54ff6afa8 13 1727 1730 +edge_122_0_+disjointig_188_0_7167 1676 3388 7167 -1 -1 1692 0.00170687
Chain
	Aln	243	-7117171d-98e1-4016-a209-82e54ff6afa8 2 1716 1730 -edge_122_0_+disjointig_188_0_7167 3778 5490 7167 -1 -1 1692 0.00170687
Chain
	Aln	764	+6bfd79f8-be1e-426b-929b-3db869a72fbf 4 1613 2355 +edge_383_0_+disjointig_37_1412_10185 7161 8769 8773 -1 -1 1579 0.00181059
	Aln	764	+6bfd79f8-be1e-426b-929b-3db869a72fbf 1618 2351 2355 +edge_383_0_+disjointig_37_1412_10185 1 734 8773 -1 -1 733 0
Chain
	Aln	765	-6bfd79f8-be1e-426b-929b-3db869a72fbf 3 736 2355 -edge_383_0_+disjointig_37_1412_10185 8038 8771 8773 -1 -1 733 0
	Aln	765	-6bfd79f8-be1e-426b-929b-3db869a72fbf 741 2350 2355 -edge_383_0_+disjointig_37_1412_10185 3 1611 8773 -1 -1 1579 0.00181059
Chain
	Aln	588	+34272dee-1058-4309-a607-846e4fa3cb3c 15 2638 2644 +edge_295_0_+disjointig_322_0_7836 4892 7515 7836 -1 -1 2237 0.0152689
Chain
	Aln	589	-34272dee-1058-4309-a607-846e4fa3cb3c 5 2628 2644 -edge_295_0_+disjointig_322_0_7836 320 2943 7836 -1 -1 2237 0.0152689
Chain
	Aln	309	+7b181207-c7b6-49bc-932b-5730c6145c69 13 3240 3242 -edge_155_0_+disjointig_213_0_3243 12 3241 3243 -1 -1 3058 0.0029796
Chain
	Aln	308	-7b181207-c7b6-49bc-932b-5730c6145c69 1 3228 3242 +edge_155_0_+disjointig_213_0_3243 1 3230 3243 -1 -1 3058 0.0029796
Chain
	Aln	277	+528d6bd1-d055-4d52-a123-e0dc293b0fbd 488 1573 1576 -edge_139_0_+disjointig_201_0_2250 11 1096 2250 -1 -1 1070 0.00363754
Chain
	Aln	276	-528d6bd1-d055-4d52-a123-e0dc293b0fbd 2 1087 1576 +edge_139_0_+disjointig_201_0_2250 1153 2238 2250 -1 -1 1070 0.00363754
Chain
	Aln	52	+bd6a8fe9-5ad0-4975-af43-c8818edd0d26 2 1016 1023 +edge_27_0_+disjointig_111_0_6531 4389 5403 6531 -1 -1 1014 0.00192549
Chain
	Aln	53	-bd6a8fe9-5ad0-4975-af43-c8818edd0d26 6 1020 1023 -edge_27_0_+disjointig_111_0_6531 1127 2141 6531 -1 -1 1014 0.00192549
Chain
	Aln	381	+8932346c-8061-406f-8c84-91aedaeb99ce 7 4685 4687 -edge_191_0_+disjointig_242_0_5275 602 5273 5275 -1 -1 4629 0
Chain
	Aln	380	-8932346c-8061-406f-8c84-91aedaeb99ce 1 4679 4687 +edge_191_0_+disjointig_242_0_5275 1 4672 5275 -1 -1 4629 0
Chain
	Aln	36	+78637171-6a22-42c8-95b2-a9477496e607 10 2459 2477 +edge_19_0_+disjointig_104_0_20017 2166 4622 20017 -1 -1 2398 0.00374509
Chain
	Aln	37	-78637171-6a22-42c8-95b2-a9477496e607 17 2466 2477 -edge_19_0_+disjointig_104_0_20017 15394 17850 20017 -1 -1 2398 0.00374509
Chain
	Aln	297	+6f8bad1f-9b49-48d1-9ec2-1d34f18bc0e4 7 1306 1309 -edge_149_0_+disjointig_48_14826_21803 3674 4975 6977 -1 -1 1278 0.00385791
Chain
	Aln	296	-6f8bad1f-9b49-48d1-9ec2-1d34f18bc0e4 2 1301 1309 +edge_149_0_+disjointig_48_14826_21803 2001 3302 6977 -1 -1 1278 0.00385791
Chain
	Aln	533	+7459cc02-05ad-4949-9554-af6a9f9e6525 498 2914 5510 -edge_267_1_-disjointig_30_1017_4259 5 2415 3242 -1 -1 2334 0.00405954
Chain
	Aln	532	-7459cc02-05ad-4949-9554-af6a9f9e6525 2595 5011 5510 +edge_267_1_-disjointig_30_1017_4259 826 3236 3242 -1 -1 2334 0.00405954
Chain
	Aln	432	+9816d084-cd1d-47ef-a564-8e23b405cd61 653 1974 1997 +edge_217_0_+disjointig_264_0_2492 847 2169 2492 -1 -1 1301 0.0027081
Chain
	Aln	433	-9816d084-cd1d-47ef-a564-8e23b405cd61 22 1343 1997 -edge_217_0_+disjointig_264_0_2492 322 1644 2492 -1 -1 1301 0.0027081
Chain
	Aln	606	+7edf51a5-7040-44fb-8c9e-43364a4f6d2e 9 1980 1982 +edge_304_0_+disjointig_34_0_21728 8987 10959 21728 -1 -1 1919 0.00509698
Chain
	Aln	607	-7edf51a5-7040-44fb-8c9e-43364a4f6d2e 1 1972 1982 -edge_304_0_+disjointig_34_0_21728 10768 12740 21728 -1 -1 1919 0.00509698
Chain
	Aln	417	+f722f684-6b89-4836-bfc4-1a862bd7b425 0 1872 2333 -edge_209_0_+disjointig_259_0_8151 6276 8150 8151 -1 -1 1866 0.00227817
Chain
	Aln	416	-f722f684-6b89-4836-bfc4-1a862bd7b425 460 2332 2333 +edge_209_0_+disjointig_259_0_8151 0 1874 8151 -1 -1 1866 0.00227817
Chain
	Aln	130	+cf4b55ca-6fa0-4164-8887-552ff0d35920 7 1589 1592 +edge_66_0_+disjointig_138_0_38214 35528 37115 38214 -1 -1 1444 0.00948243
Chain
	Aln	131	-cf4b55ca-6fa0-4164-8887-552ff0d35920 2 1584 1592 -edge_66_0_+disjointig_138_0_38214 1098 2685 38214 -1 -1 1444 0.00948243
Chain
	Aln	637	+9d1e0e28-bbba-4933-aae3-7c54c9c17f69 5 6123 6126 -edge_319_0_+disjointig_50_0_16847 1642 7750 16847 -1 -1 6007 0.00121602
Chain
	Aln	636	-9d1e0e28-bbba-4933-aae3-7c54c9c17f69 2 6120 6126 +edge_319_0_+disjointig_50_0_16847 9096 15204 16847 -1 -1 6007 0.00121602
Chain
	Aln	153	+00ebbbc9-c27a-4e38-b851-e4fd667d8400 407 5744 5754 -edge_77_0_+disjointig_147_0_20037 12 5343 20037 -1 -1 5303 0.000552151
Chain
	Aln	152	-00ebbbc9-c27a-4e38-b851-e4fd667d8400 9 5346 5754 +edge_77_0_+disjointig_147_0_20037 14693 20024 20037 -1 -1 5303 0.000552151
Chain
	Aln	421	+41eb4f78-b385-44f3-b39e-7a3d01928d1d 1148 4450 4455 -edge_211_0_+disjointig_260_0_3767 4 3337 3767 -1 -1 3171 0.00439799
Chain
	Aln	420	-41eb4f78-b385-44f3-b39e-7a3d01928d1d 4 3306 4455 +edge_211_0_+disjointig_260_0_3767 429 3762 3767 -1 -1 3171 0.00439799
Chain
	Aln	112	+2ff65fd9-4b5f-441b-b0dc-071b1628103b 14 1249 1251 +edge_57_0_+disjointig_129_0_4247 1473 2709 4247 -1 -1 1197 0.00526379
Chain
	Aln	113	-2ff65fd9-4b5f-441b-b0dc-071b1628103b 1 1236 1251 -edge_57_0_+disjointig_129_0_4247 1537 2773 4247 -1 -1 1197 0.00526379
Chain
	Aln	760	+574ce351-034b-4601-baa4-e88f13ed5525 4 9704 9714 +edge_381_0_-disjointig_45_0_30722 10030 19748 30722 -1 -1 9567 0.00199177
Chain
	Aln	761	-574ce351-034b-4601-baa4-e88f13ed5525 9 9709 9714 -edge_381_0_-disjointig_45_0_30722 10973 20691 30722 -1 -1 9567 0.00199177
Chain
	Aln	722	+47eff4e6-70a2-45f5-9e03-3d8f8159918a 7 8843 8853 +edge_362_0_-disjointig_20_7328_27800 5042 13872 20472 -1 -1 8753 0.00189109
Chain
	Aln	723	-47eff4e6-70a2-45f5-9e03-3d8f8159918a 9 8845 8853 -edge_362_0_-disjointig_20_7328_27800 6599 15429 20472 -1 -1 8753 0.00189109
Chain
	Aln	160	+baca6a46-f0d8-4cd4-94c2-06557ad031b0 671 5324 5329 +edge_81_0_+disjointig_150_0_6161 1 4653 6161 -1 -1 4640 0.00198305
Chain
	Aln	161	-baca6a46-f0d8-4cd4-94c2-06557ad031b0 4 4657 5329 -edge_81_0_+disjointig_150_0_6161 1507 6159 6161 -1 -1 4640 0.00198305
Chain
	Aln	179	+928e3d79-979c-45f7-accf-0d198cfae883 25 2764 2770 -edge_90_0_+disjointig_16_0_20838 2511 5248 20838 -1 -1 2705 0.00313816
Chain
	Aln	178	-928e3d79-979c-45f7-accf-0d198cfae883 5 2744 2770 +edge_90_0_+disjointig_16_0_20838 15589 18326 20838 -1 -1 2705 0.00313816
Chain
	Aln	384	+8c2bff75-320e-4c7b-b914-94ca6e2b74c9 10 1253 1259 +edge_193_0_+disjointig_244_0_6238 1038 2282 6238 -1 -1 1235 0.000692601
Chain
	Aln	385	-8c2bff75-320e-4c7b-b914-94ca6e2b74c9 5 1248 1259 -edge_193_0_+disjointig_244_0_6238 3955 5199 6238 -1 -1 1235 0.000692601
Chain
	Aln	507	+15d8b2bb-7aae-4884-8c78-73948463bfb7 12 4946 4949 -edge_254_0_+disjointig_29_0_4954 11 4951 4954 -1 -1 4857 0.00200555
Chain
	Aln	506	-15d8b2bb-7aae-4884-8c78-73948463bfb7 2 4936 4949 +edge_254_0_+disjointig_29_0_4954 2 4942 4954 -1 -1 4857 0.00200555
Chain
	Aln	519	+bb0aeff5-ebbf-4213-b29b-c71568fc3d4a 5 2528 2532 -edge_260_0_+disjointig_297_0_2565 4 2561 2565 -1 -1 2416 0.00366338
Chain
	Aln	518	-bb0aeff5-ebbf-4213-b29b-c71568fc3d4a 3 2526 2532 +edge_260_0_+disjointig_297_0_2565 3 2560 2565 -1 -1 2416 0.00366338
Chain
	Aln	677	+734d0c1f-563a-4f41-b113-83e3e5ec630e 12 4801 4806 -edge_339_0_+disjointig_74_0_6552 654 5442 6552 -1 -1 4760 0.00106918
Chain
	Aln	676	-734d0c1f-563a-4f41-b113-83e3e5ec630e 4 4793 4806 +edge_339_0_+disjointig_74_0_6552 1109 5897 6552 -1 -1 4760 0.00106918
Chain
	Aln	761	+670f7661-54ba-4279-9228-a3c158b94a92 3 12329 12332 -edge_381_0_-disjointig_45_0_30722 8341 20673 30722 -1 -1 12267 0.000656421
Chain
	Aln	760	-670f7661-54ba-4279-9228-a3c158b94a92 2 12328 12332 +edge_381_0_-disjointig_45_0_30722 10048 22380 30722 -1 -1 12267 0.000656421
Chain
	Aln	375	+212024e8-a132-4556-a164-f1f5a7bc2a8a 11 2853 2857 -edge_188_0_+disjointig_24_0_14501 10389 13233 14501 -1 -1 2825 0.000326448
Chain
	Aln	374	-212024e8-a132-4556-a164-f1f5a7bc2a8a 3 2845 2857 +edge_188_0_+disjointig_24_0_14501 1267 4111 14501 -1 -1 2825 0.000326448
Chain
	Aln	608	+d8efabb6-3b25-41f6-90b4-023073db33fe 14 5024 5027 +edge_305_0_+disjointig_35_0_17453 3303 8326 17453 -1 -1 4964 0.00137764
Chain
	Aln	609	-d8efabb6-3b25-41f6-90b4-023073db33fe 2 5012 5027 -edge_305_0_+disjointig_35_0_17453 9126 14149 17453 -1 -1 4964 0.00137764
Chain
	Aln	374	+cf6e3caa-3a74-498f-a5d9-e2ed3986c17a 1568 11011 11013 +edge_188_0_+disjointig_24_0_14501 2 9447 14501 -1 -1 9235 0.00242423
Chain
	Aln	375	-cf6e3caa-3a74-498f-a5d9-e2ed3986c17a 1 9444 11013 -edge_188_0_+disjointig_24_0_14501 5053 14498 14501 -1 -1 9235 0.00242423
Chain
	Aln	153	+d37c4352-90e3-40bd-ab46-1bf85c696563 49 3073 3075 -edge_77_0_+disjointig_147_0_20037 4756 7786 20037 -1 -1 2879 0.0071125
Chain
	Aln	152	-d37c4352-90e3-40bd-ab46-1bf85c696563 1 3025 3075 +edge_77_0_+disjointig_147_0_20037 12250 15280 20037 -1 -1 2879 0.0071125
Chain
	Aln	649	+03ee192b-c492-46c0-98b9-dcf71c9e90e0 9 2200 2203 -edge_325_0_+disjointig_56_0_14906 4392 6587 14906 -1 -1 2145 0.00289764
Chain
	Aln	648	-03ee192b-c492-46c0-98b9-dcf71c9e90e0 2 2193 2203 +edge_325_0_+disjointig_56_0_14906 8318 10513 14906 -1 -1 2145 0.00289764
Chain
	Aln	648	+48032ebb-9f62-4424-947b-6486a5392c14 98 2135 2139 +edge_325_0_+disjointig_56_0_14906 8412 10499 14906 -1 -1 1929 0.00736474
Chain
	Aln	649	-48032ebb-9f62-4424-947b-6486a5392c14 3 2040 2139 -edge_325_0_+disjointig_56_0_14906 4406 6493 14906 -1 -1 1929 0.00736474
Chain
	Aln	345	+5d9675cc-5db9-4aa4-811a-d8c0b73c3671 5 1307 1688 -edge_173_0_+disjointig_226_0_4019 2716 4018 4019 -1 -1 1298 0
Chain
	Aln	344	-5d9675cc-5db9-4aa4-811a-d8c0b73c3671 380 1682 1688 +edge_173_0_+disjointig_226_0_4019 0 1302 4019 -1 -1 1298 0
Chain
	Aln	245	+7efc830a-305b-471b-ae84-2a15fb8273c6 15 11097 11099 -edge_123_0_+disjointig_189_0_12456 14 11094 12456 -1 -1 10980 0.000178571
Chain
	Aln	244	-7efc830a-305b-471b-ae84-2a15fb8273c6 1 11083 11099 +edge_123_0_+disjointig_189_0_12456 1361 12441 12456 -1 -1 10980 0.000178571
Chain
	Aln	327	+2865d92a-9de5-4606-926f-c28ad8c28d4c 6 5715 5719 -edge_164_0_+disjointig_218_0_16787 5938 11662 16787 -1 -1 3108 0.0577472
Chain
	Aln	326	-2865d92a-9de5-4606-926f-c28ad8c28d4c 3 5712 5719 +edge_164_0_+disjointig_218_0_16787 5124 10848 16787 -1 -1 3108 0.0577472
Chain
	Aln	141	+54226c19-e7fd-424e-be66-34261eb96480 1992 3476 3485 -edge_71_0_+disjointig_140_0_13641 19 1501 13641 -1 -1 1124 0.0273798
Chain
	Aln	140	-54226c19-e7fd-424e-be66-34261eb96480 8 1492 3485 +edge_71_0_+disjointig_140_0_13641 12139 13621 13641 -1 -1 1124 0.0273798
Chain
	Aln	131	+0363e0cf-31c0-4e24-9502-643c50a8bfce 16 6165 6171 -edge_66_0_+disjointig_138_0_38214 6771 12926 38214 -1 -1 6085 0.000764513
Chain
	Aln	130	-0363e0cf-31c0-4e24-9502-643c50a8bfce 5 6154 6171 +edge_66_0_+disjointig_138_0_38214 25287 31442 38214 -1 -1 6085 0.000764513
Chain
	Aln	68	+07cdd9d1-f536-4cfa-b27b-b23ae53c9d61 25 4261 4615 +edge_35_0_-disjointig_12_5975_11622 1390 5637 5647 -1 -1 4066 0.00588479
Chain
	Aln	69	-07cdd9d1-f536-4cfa-b27b-b23ae53c9d61 353 4589 4615 -edge_35_0_-disjointig_12_5975_11622 9 4256 5647 -1 -1 4066 0.00588479
Chain
	Aln	301	+72b14127-7b30-4906-9909-5a714fd665e7 1 1574 1581 -edge_151_0_+disjointig_21_0_26556 11863 13439 26556 -1 -1 1532 0.00580446
Chain
	Aln	300	-72b14127-7b30-4906-9909-5a714fd665e7 6 1579 1581 +edge_151_0_+disjointig_21_0_26556 13116 14692 26556 -1 -1 1532 0.00580446
Chain
	Aln	756	+7e418b1d-5b8f-4408-bd6e-c595fc68e44c 5 3106 3109 +edge_379_0_+disjointig_30_0_8705 1042 4147 8705 -1 -1 3016 0.00313129
Chain
	Aln	757	-7e418b1d-5b8f-4408-bd6e-c595fc68e44c 2 3103 3109 -edge_379_0_+disjointig_30_0_8705 4557 7662 8705 -1 -1 3016 0.00313129
Chain
	Aln	446	+237b1fd7-9a59-472b-b00b-d50d3c9d983d 7 1336 1485 +edge_224_0_+disjointig_270_0_6187 4852 6181 6187 -1 -1 1297 0.00200014
Chain
	Aln	447	-237b1fd7-9a59-472b-b00b-d50d3c9d983d 148 1477 1485 -edge_224_0_+disjointig_270_0_6187 5 1334 6187 -1 -1 1297 0.00200014
Chain
	Aln	715	+d4266824-a53b-450e-a0fd-53c689aa8b24 3 1166 1172 -edge_358_0_+disjointig_95_0_21066 7166 8333 21066 -1 -1 997 0.0066649
Chain
	Aln	714	-d4266824-a53b-450e-a0fd-53c689aa8b24 5 1168 1172 +edge_358_0_+disjointig_95_0_21066 12732 13899 21066 -1 -1 997 0.0066649
Chain
	Aln	738	+834e6d74-9f29-4e51-af12-076c63a717a0 23 1442 1445 +edge_370_0_-disjointig_66_3457_23755 13036 14452 20298 -1 -1 1392 0.00242224
Chain
	Aln	739	-834e6d74-9f29-4e51-af12-076c63a717a0 2 1421 1445 -edge_370_0_-disjointig_66_3457_23755 5845 7261 20298 -1 -1 1392 0.00242224
Chain
	Aln	284	+70b496d6-fdce-40b9-b484-529ffa6af5f0 23 1406 1413 +edge_143_0_+disjointig_205_0_5128 179 1558 5128 -1 -1 1365 0.00235718
Chain
	Aln	285	-70b496d6-fdce-40b9-b484-529ffa6af5f0 6 1389 1413 -edge_143_0_+disjointig_205_0_5128 3569 4948 5128 -1 -1 1365 0.00235718
Chain
	Aln	638	+cc30bd75-0ae8-46db-939e-3980d65c3058 16 10592 10596 +edge_320_0_+disjointig_51_0_24344 9134 19713 24344 -1 -1 10488 0.000457216
Chain
	Aln	639	-cc30bd75-0ae8-46db-939e-3980d65c3058 3 10579 10596 -edge_320_0_+disjointig_51_0_24344 4630 15209 24344 -1 -1 10488 0.000457216
Chain
	Aln	676	+9fbbb3cb-fd21-4ed9-a9a5-3bf2eac5d794 6 1754 1759 +edge_339_0_+disjointig_74_0_6552 3867 5616 6552 -1 -1 1721 0.00309105
Chain
	Aln	677	-9fbbb3cb-fd21-4ed9-a9a5-3bf2eac5d794 4 1752 1759 -edge_339_0_+disjointig_74_0_6552 935 2684 6552 -1 -1 1721 0.00309105
Chain
	Aln	351	+18cd1697-eef3-4a9b-9500-fe68927065dd 79 2114 2119 -edge_176_0_+disjointig_229_0_5436 269 2304 5436 -1 -1 1991 0.000982766
Chain
	Aln	350	-18cd1697-eef3-4a9b-9500-fe68927065dd 4 2039 2119 +edge_176_0_+disjointig_229_0_5436 3131 5166 5436 -1 -1 1991 0.000982766
Chain
	Aln	38	+c755d2c9-f48a-4f61-9899-0cded77c626e 1 5677 5682 +edge_20_0_+disjointig_105_0_37299 1 5679 37299 -1 -1 5586 0.00310155
Chain
	Aln	39	-c755d2c9-f48a-4f61-9899-0cded77c626e 4 5680 5682 -edge_20_0_+disjointig_105_0_37299 31619 37297 37299 -1 -1 5586 0.00310155
Chain
	Aln	387	+055024f9-ecbd-4ce8-8518-b696d8731fe9 2 1145 1387 -edge_194_0_+disjointig_245_0_6235 5090 6234 6235 -1 -1 1133 0.00426204
Chain
	Aln	386	-055024f9-ecbd-4ce8-8518-b696d8731fe9 241 1384 1387 +edge_194_0_+disjointig_245_0_6235 0 1144 6235 -1 -1 1133 0.00426204
Chain
	Aln	118	+1052d302-3a72-4814-bfb4-b84cb2729d0e 13 1296 1299 +edge_60_0_+disjointig_131_0_25925 13358 14652 25925 -1 -1 1202 0.00824895
Chain
	Aln	119	-1052d302-3a72-4814-bfb4-b84cb2729d0e 2 1285 1299 -edge_60_0_+disjointig_131_0_25925 11272 12566 25925 -1 -1 1202 0.00824895
Chain
	Aln	347	+08e72c3f-2a1a-43b7-b081-09ad8d096f3d 12 4236 4240 -edge_174_0_+disjointig_227_0_6081 1845 6077 6081 -1 -1 4177 0.00327874
Chain
	Aln	346	-08e72c3f-2a1a-43b7-b081-09ad8d096f3d 3 4227 4240 +edge_174_0_+disjointig_227_0_6081 3 4235 6081 -1 -1 4177 0.00327874
Chain
	Aln	699	+cd629dcc-db9e-40e2-90cf-615907e4bc18 1 1401 1404 -edge_350_0_+disjointig_86_0_7057 5272 6673 7057 -1 -1 1380 0.00311784
Chain
	Aln	698	-cd629dcc-db9e-40e2-90cf-615907e4bc18 2 1402 1404 +edge_350_0_+disjointig_86_0_7057 383 1784 7057 -1 -1 1380 0.00311784
Chain
	Aln	738	+edf9fc63-ab82-4d06-8f2d-7364f48713c9 17 1768 1771 +edge_370_0_-disjointig_66_3457_23755 9409 11165 20298 -1 -1 1706 0
Chain
	Aln	739	-edf9fc63-ab82-4d06-8f2d-7364f48713c9 2 1753 1771 -edge_370_0_-disjointig_66_3457_23755 9132 10888 20298 -1 -1 1706 0
Chain
	Aln	476	+ab564b6f-f560-4ddd-82ec-43446b4702e0 12 3379 3388 +edge_239_0_+disjointig_41_9827_31060 10132 13502 21233 -1 -1 3286 0.00380241
Chain
	Aln	477	-ab564b6f-f560-4ddd-82ec-43446b4702e0 8 3375 3388 -edge_239_0_+disjointig_41_9827_31060 7730 11100 21233 -1 -1 3286 0.00380241
Chain
	Aln	218	+1c1d6fbf-7b0b-429f-bdd4-dd4af96b6f3f 10 3624 3634 +edge_110_0_+disjointig_176_0_18510 5405 9080 18510 -1 -1 3458 0.00521812
Chain
	Aln	219	-1c1d6fbf-7b0b-429f-bdd4-dd4af96b6f3f 9 3623 3634 -edge_110_0_+disjointig_176_0_18510 9429 13104 18510 -1 -1 3458 0.00521812
Chain
	Aln	11	+c08abc3b-655e-47c5-a9b2-ef5f9c1879dd 16 1379 1383 -edge_6_0_+disjointig_101_0_9851 4452 5815 9851 -1 -1 1336 0.0034861
Chain
	Aln	10	-c08abc3b-655e-47c5-a9b2-ef5f9c1879dd 3 1366 1383 +edge_6_0_+disjointig_101_0_9851 4035 5398 9851 -1 -1 1336 0.0034861
Chain
	Aln	638	+0384b302-c7c1-45e0-af97-2645490e9e92 10 2382 3768 +edge_320_0_+disjointig_51_0_24344 21964 24334 24344 -1 -1 2261 0.00458209
Chain
	Aln	639	-0384b302-c7c1-45e0-af97-2645490e9e92 1385 3757 3768 -edge_320_0_+disjointig_51_0_24344 9 2379 24344 -1 -1 2261 0.00458209
Chain
	Aln	115	+12138f2c-661c-47f9-94ca-4b2dc6c1d916 16 5757 5761 -edge_58_0_+disjointig_13_0_5764 15 5760 5764 -1 -1 5635 0.00224665
Chain
	Aln	114	-12138f2c-661c-47f9-94ca-4b2dc6c1d916 3 5744 5761 +edge_58_0_+disjointig_13_0_5764 3 5748 5764 -1 -1 5635 0.00224665
Chain
	Aln	680	+ed1ec668-4ada-43e0-9354-89cd5cee20c0 6 1253 1257 +edge_341_0_+disjointig_76_0_13454 2786 4033 13454 -1 -1 1247 0.00216821
Chain
	Aln	681	-ed1ec668-4ada-43e0-9354-89cd5cee20c0 3 1250 1257 -edge_341_0_+disjointig_76_0_13454 9420 10667 13454 -1 -1 1247 0.00216821
Chain
	Aln	440	+aa406cd0-3319-494c-8537-b0d031d81307 6 1384 1389 +edge_221_0_+disjointig_268_0_5413 1818 3209 5413 -1 -1 1140 0.0173056
Chain
	Aln	441	-aa406cd0-3319-494c-8537-b0d031d81307 4 1382 1389 -edge_221_0_+disjointig_268_0_5413 2203 3594 5413 -1 -1 1140 0.0173056
Chain
	Aln	273	+f251a7de-5c20-4a62-bc08-d67b7c1a94fd 183 2084 2088 -edge_137_0_+disjointig_2_0_8356 14 1915 8356 -1 -1 1858 0.004209
Chain
	Aln	272	-f251a7de-5c20-4a62-bc08-d67b7c1a94fd 3 1904 2088 +edge_137_0_+disjointig_2_0_8356 6440 8341 8356 -1 -1 1858 0.004209
Chain
	Aln	753	+20ccd9a3-b541-43bb-a28d-bb613d8acead 6 3224 3229 -edge_377_0_+disjointig_28_27669_32566 861 4086 4897 -1 -1 3126 0.00373226
Chain
	Aln	752	-20ccd9a3-b541-43bb-a28d-bb613d8acead 4 3222 3229 +edge_377_0_+disjointig_28_27669_32566 810 4035 4897 -1 -1 3126 0.00373226
Chain
	Aln	217	+8bf53e48-8dbf-4716-a169-f862576e4b9d 23 3096 3098 -edge_109_0_+disjointig_175_0_5602 2523 5600 5602 -1 -1 2981 0.00270868
Chain
	Aln	216	-8bf53e48-8dbf-4716-a169-f862576e4b9d 1 3074 3098 +edge_109_0_+disjointig_175_0_5602 1 3078 5602 -1 -1 2981 0.00270868
Chain
	Aln	484	+adfd60a3-eb02-4954-8413-31aabd7804cc 9 3178 3182 +edge_243_0_+disjointig_49_7193_20010 4679 7848 12817 -1 -1 3082 0.00422137
Chain
	Aln	485	-adfd60a3-eb02-4954-8413-31aabd7804cc 3 3172 3182 -edge_243_0_+disjointig_49_7193_20010 4968 8137 12817 -1 -1 3082 0.00422137
Chain
	Aln	752	+b621aa7a-6014-4f3d-a8f7-bf0af3e9f358 3 3209 3233 +edge_377_0_+disjointig_28_27669_32566 789 3998 4897 -1 -1 3004 0.00708627
Chain
	Aln	753	-b621aa7a-6014-4f3d-a8f7-bf0af3e9f358 23 3229 3233 -edge_377_0_+disjointig_28_27669_32566 898 4107 4897 -1 -1 3004 0.00708627
Chain
	Aln	646	+a615a640-2a17-4c5e-90ed-8900251bdd15 50 1497 1502 +edge_324_0_+disjointig_55_0_20283 3824 5273 20283 -1 -1 1422 0.000862326
Chain
	Aln	647	-a615a640-2a17-4c5e-90ed-8900251bdd15 4 1451 1502 -edge_324_0_+disjointig_55_0_20283 15009 16458 20283 -1 -1 1422 0.000862326
Chain
	Aln	686	+d72c92a6-7a0f-40c1-bd5e-16b03caf63c8 5 1088 1094 +edge_344_0_+disjointig_80_0_12633 6659 7744 12633 -1 -1 1068 0.00114728
Chain
	Aln	687	-d72c92a6-7a0f-40c1-bd5e-16b03caf63c8 5 1088 1094 -edge_344_0_+disjointig_80_0_12633 4888 5973 12633 -1 -1 1068 0.00114728
Chain
	Aln	227	+d71bac53-bce6-4791-96d6-6c00048c789f 11 2095 2101 -edge_114_0_+disjointig_180_0_7115 4093 6177 7115 -1 -1 2071 0.00319824
Chain
	Aln	226	-d71bac53-bce6-4791-96d6-6c00048c789f 5 2089 2101 +edge_114_0_+disjointig_180_0_7115 937 3021 7115 -1 -1 2071 0.00319824
Chain
	Aln	647	+37aeab79-684c-47db-9fe7-c81bbc8a08c3 2 1077 1079 -edge_324_0_+disjointig_55_0_20283 2628 3702 20283 -1 -1 1070 0.00183456
Chain
	Aln	646	-37aeab79-684c-47db-9fe7-c81bbc8a08c3 1 1076 1079 +edge_324_0_+disjointig_55_0_20283 16580 17654 20283 -1 -1 1070 0.00183456
Chain
	Aln	448	+8211bfb1-c7ea-404d-b795-7f4d07593bd3 12 1202 1212 +edge_225_0_+disjointig_271_0_5095 1539 2730 5095 -1 -1 1166 0.00542374
Chain
	Aln	449	-8211bfb1-c7ea-404d-b795-7f4d07593bd3 9 1199 1212 -edge_225_0_+disjointig_271_0_5095 2364 3555 5095 -1 -1 1166 0.00542374
Chain
	Aln	13	+c3798c68-bd66-485c-884c-bffe5567f81e 27 1295 1297 -edge_7_0_+disjointig_102_0_4943 1426 2702 4943 -1 -1 1221 0.00488541
Chain
	Aln	12	-c3798c68-bd66-485c-884c-bffe5567f81e 1 1269 1297 +edge_7_0_+disjointig_102_0_4943 2240 3516 4943 -1 -1 1221 0.00488541
Chain
	Aln	289	+489aabd9-9595-4dd2-a02c-4c401b5f787c 1101 6939 6943 -edge_145_0_+disjointig_207_0_5860 10 5847 5860 -1 -1 5693 0.00226031
Chain
	Aln	288	-489aabd9-9595-4dd2-a02c-4c401b5f787c 3 5841 6943 +edge_145_0_+disjointig_207_0_5860 12 5849 5860 -1 -1 5693 0.00226031
Chain
	Aln	333	+49b016b1-4ff7-4506-ac99-4a284134b923 4 2323 2326 -edge_167_0_+disjointig_220_0_6397 861 3185 6397 -1 -1 2231 0.00367586
Chain
	Aln	332	-49b016b1-4ff7-4506-ac99-4a284134b923 2 2321 2326 +edge_167_0_+disjointig_220_0_6397 3211 5535 6397 -1 -1 2231 0.00367586
Chain
	Aln	159	+b226c1fb-ad67-430a-bf05-e9898c7f259c 17 3124 3129 -edge_80_0_+disjointig_15_0_11911 16 3123 11911 -1 -1 3011 0.00273018
Chain
	Aln	158	-b226c1fb-ad67-430a-bf05-e9898c7f259c 4 3111 3129 +edge_80_0_+disjointig_15_0_11911 8787 11894 11911 -1 -1 3011 0.00273018
Chain
	Aln	682	+1082a884-90af-43d9-b854-31c278a29cfa 24 4552 4558 +edge_342_0_+disjointig_77_0_4616 84 4611 4616 -1 -1 4407 0.00364175
Chain
	Aln	683	-1082a884-90af-43d9-b854-31c278a29cfa 5 4533 4558 -edge_342_0_+disjointig_77_0_4616 4 4531 4616 -1 -1 4407 0.00364175
Chain
	Aln	152	+98acc183-5568-4221-9aaf-11370c328d69 10 2451 2458 +edge_77_0_+disjointig_147_0_20037 14169 16612 20037 -1 -1 2419 0
Chain
	Aln	153	-98acc183-5568-4221-9aaf-11370c328d69 6 2447 2458 -edge_77_0_+disjointig_147_0_20037 3424 5867 20037 -1 -1 2419 0
Chain
	Aln	307	+8307706a-07f6-45f9-af91-d2e84f11b48d 7 4557 4559 -edge_154_0_+disjointig_212_0_10841 2326 6934 10841 -1 -1 3647 0.0228264
Chain
	Aln	306	-8307706a-07f6-45f9-af91-d2e84f11b48d 1 4551 4559 +edge_154_0_+disjointig_212_0_10841 3906 8514 10841 -1 -1 3647 0.0228264
Chain
	Aln	752	+f6236a12-1fd6-4723-9a06-11d1bcd4e9ac 3 1104 1109 +edge_377_1_+disjointig_28_33393_38243 804 1904 4850 -1 -1 1082 0.00324034
Chain
	Aln	753	-f6236a12-1fd6-4723-9a06-11d1bcd4e9ac 4 1105 1109 -edge_377_1_+disjointig_28_33393_38243 2945 4045 4850 -1 -1 1082 0.00324034
Chain
	Aln	702	+74104be1-6ad2-4a59-9973-77279f40d999 19 1753 1758 +edge_352_0_+disjointig_88_0_9532 4148 5883 9532 -1 -1 1705 0.0010753
Chain
	Aln	703	-74104be1-6ad2-4a59-9973-77279f40d999 4 1738 1758 -edge_352_0_+disjointig_88_0_9532 3648 5383 9532 -1 -1 1705 0.0010753
Chain
	Aln	120	+70f019f9-a236-4e96-8e03-1b782081f844 18 1536 1538 +edge_61_0_+disjointig_132_0_2950 1151 2669 2950 -1 -1 1499 0.00203008
Chain
	Aln	121	-70f019f9-a236-4e96-8e03-1b782081f844 1 1519 1538 -edge_61_0_+disjointig_132_0_2950 280 1798 2950 -1 -1 1499 0.00203008
Chain
	Aln	37	+1b784fcc-e4ac-4382-bb09-fdb002dcecf5 4 3916 3921 -edge_19_0_+disjointig_104_0_20017 10813 14724 20017 -1 -1 3869 0.00267738
Chain
	Aln	36	-1b784fcc-e4ac-4382-bb09-fdb002dcecf5 4 3916 3921 +edge_19_0_+disjointig_104_0_20017 5292 9203 20017 -1 -1 3869 0.00267738
Chain
	Aln	735	+38c13c82-d90e-4c96-b407-0d05c2fbe87b 13 3295 3298 -edge_368_0_-disjointig_232_0_10466 11 3292 10466 -1 -1 3119 0.00562634
Chain
	Aln	734	-38c13c82-d90e-4c96-b407-0d05c2fbe87b 2 3284 3298 +edge_368_0_-disjointig_232_0_10466 7173 10454 10466 -1 -1 3119 0.00562634
Chain
	Aln	121	+23e09d1f-e153-4039-b9af-0b38c0ef42b3 1 1510 1529 -edge_61_0_+disjointig_132_0_2950 261 1775 2950 -1 -1 1432 0.00623417
Chain
	Aln	120	-23e09d1f-e153-4039-b9af-0b38c0ef42b3 18 1527 1529 +edge_61_0_+disjointig_132_0_2950 1174 2688 2950 -1 -1 1432 0.00623417
Chain
	Aln	669	+d1e9a8e5-e637-4663-a18a-b9d63d443ee2 21 3725 3736 -edge_335_0_+disjointig_69_0_21020 14876 18666 21020 -1 -1 3055 0.0129078
Chain
	Aln	668	-d1e9a8e5-e637-4663-a18a-b9d63d443ee2 10 3714 3736 +edge_335_0_+disjointig_69_0_21020 2353 6143 21020 -1 -1 3055 0.0129078
Chain
	Aln	630	+8d314e2b-9958-4096-bd6a-b77ded3a0699 9 1024 1037 +edge_316_0_+disjointig_44_0_7510 4199 5211 7510 -1 -1 993 0.00538462
Chain
	Aln	631	-8d314e2b-9958-4096-bd6a-b77ded3a0699 12 1027 1037 -edge_316_0_+disjointig_44_0_7510 2298 3310 7510 -1 -1 993 0.00538462
Chain
	Aln	647	+35900df5-fbfe-4471-a511-65ce2c0b596f 6 4408 4415 -edge_324_0_+disjointig_55_0_20283 9703 14106 20283 -1 -1 4337 4.65643e-05
Chain
	Aln	646	-35900df5-fbfe-4471-a511-65ce2c0b596f 6 4408 4415 +edge_324_0_+disjointig_55_0_20283 6176 10579 20283 -1 -1 4337 4.65643e-05
Chain
	Aln	479	+a5f26dea-7f58-4c4e-a421-f2e0068a988c 7 1551 1553 -edge_240_0_-disjointig_57_7953_51690 39035 40579 43737 -1 -1 1544 0
Chain
	Aln	478	-a5f26dea-7f58-4c4e-a421-f2e0068a988c 1 1545 1553 +edge_240_0_-disjointig_57_7953_51690 3157 4701 43737 -1 -1 1544 0
Chain
	Aln	725	+b93d00a9-f266-41d4-b1ca-49e84ed74c4d 2 1449 1451 -edge_363_0_-disjointig_118_8955_29374 15612 17059 20419 -1 -1 1447 0
Chain
	Aln	724	-b93d00a9-f266-41d4-b1ca-49e84ed74c4d 1 1448 1451 +edge_363_0_-disjointig_118_8955_29374 3359 4806 20419 -1 -1 1447 0
Chain
	Aln	143	+8d9e709d-46ac-46c2-89e3-e6c3d2c7f390 23 6675 6678 -edge_72_0_+disjointig_142_0_7073 417 7070 7073 -1 -1 6560 0.00181899
Chain
	Aln	142	-8d9e709d-46ac-46c2-89e3-e6c3d2c7f390 2 6654 6678 +edge_72_0_+disjointig_142_0_7073 2 6655 7073 -1 -1 6560 0.00181899
Chain
	Aln	337	+ad82cd31-9eb7-4889-aeef-9466a12a623c 705 3219 3243 -edge_169_0_+disjointig_222_0_4052 10 2528 4052 -1 -1 2411 0.00549374
Chain
	Aln	336	-ad82cd31-9eb7-4889-aeef-9466a12a623c 23 2537 3243 +edge_169_0_+disjointig_222_0_4052 1523 4041 4052 -1 -1 2411 0.00549374
Chain
	Aln	301	+786dbc2f-8417-4648-a868-cac873aeed72 23 2012 2018 -edge_151_0_+disjointig_21_0_26556 18854 20839 26556 -1 -1 1879 0.00471197
Chain
	Aln	300	-786dbc2f-8417-4648-a868-cac873aeed72 5 1994 2018 +edge_151_0_+disjointig_21_0_26556 5716 7701 26556 -1 -1 1879 0.00471197
Chain
	Aln	139	+59555d44-e45e-4c33-8b5a-62191cb5d093 11 5066 5071 -edge_70_0_-disjointig_67_10521_41118 7859 12915 30597 -1 -1 5031 0.00262839
Chain
	Aln	138	-59555d44-e45e-4c33-8b5a-62191cb5d093 4 5059 5071 +edge_70_0_-disjointig_67_10521_41118 17681 22737 30597 -1 -1 5031 0.00262839
Chain
	Aln	409	+036646f8-a2f8-465f-b8d1-361ed3fc03d3 6 6313 6316 -edge_205_0_+disjointig_255_0_9104 2786 9101 9104 -1 -1 6152 0.00222075
Chain
	Aln	408	-036646f8-a2f8-465f-b8d1-361ed3fc03d3 2 6309 6316 +edge_205_0_+disjointig_255_0_9104 2 6317 9104 -1 -1 6152 0.00222075
Chain
	Aln	654	+fe0af567-0e76-4b55-b941-a2f65d6af82e 9 1276 1278 +edge_328_0_+disjointig_60_0_13874 9158 10421 13874 -1 -1 1120 0.0143711
Chain
	Aln	655	-fe0af567-0e76-4b55-b941-a2f65d6af82e 1 1268 1278 -edge_328_0_+disjointig_60_0_13874 3452 4715 13874 -1 -1 1120 0.0143711
Chain
	Aln	315	+a91f86fe-048f-4567-8e2e-10903a20e635 10 3274 3278 -edge_158_0_+disjointig_216_0_12995 9278 12539 12995 -1 -1 3176 0.00390604
Chain
	Aln	314	-a91f86fe-048f-4567-8e2e-10903a20e635 3 3267 3278 +edge_158_0_+disjointig_216_0_12995 455 3716 12995 -1 -1 3176 0.00390604
Chain
	Aln	764	+bd2fbb58-3a70-4e4d-a3f1-c8e6b3c07727 16 1256 1258 +edge_383_0_+disjointig_37_1412_10185 7506 8747 8773 -1 -1 1236 0
Chain
	Aln	765	-bd2fbb58-3a70-4e4d-a3f1-c8e6b3c07727 1 1241 1258 -edge_383_0_+disjointig_37_1412_10185 25 1266 8773 -1 -1 1236 0
Chain
	Aln	681	+f7e605c5-156d-46e0-bbfc-08c054a4493a 1457 3921 3926 -edge_341_0_+disjointig_76_0_13454 6 2465 13454 -1 -1 2428 0.00172679
Chain
	Aln	680	-f7e605c5-156d-46e0-bbfc-08c054a4493a 4 2468 3926 +edge_341_0_+disjointig_76_0_13454 10988 13447 13454 -1 -1 2428 0.00172679
Chain
	Aln	50	+fd2c8fc0-cf31-41eb-8f83-22bb7619b93e 11 3145 3503 +edge_26_0_+disjointig_110_0_5900 2761 5894 5900 -1 -1 3053 0.00119758
Chain
	Aln	51	-fd2c8fc0-cf31-41eb-8f83-22bb7619b93e 357 3491 3503 -edge_26_0_+disjointig_110_0_5900 5 3138 5900 -1 -1 3053 0.00119758
Chain
	Aln	479	+b713c803-bf89-4fa9-8c1c-75a6f676fe6c 12 3819 3822 -edge_240_0_-disjointig_57_7953_51690 29079 32885 43737 -1 -1 3788 0.000386933
Chain
	Aln	478	-b713c803-bf89-4fa9-8c1c-75a6f676fe6c 2 3809 3822 +edge_240_0_-disjointig_57_7953_51690 10851 14657 43737 -1 -1 3788 0.000386933
Chain
	Aln	10	+f90ae2bc-052a-4c16-9e28-40206f02283c 46 1133 2401 +edge_6_0_+disjointig_101_0_9851 8757 9844 9851 -1 -1 1087 0.000348292
Chain
	Aln	11	-f90ae2bc-052a-4c16-9e28-40206f02283c 1267 2354 2401 -edge_6_0_+disjointig_101_0_9851 6 1093 9851 -1 -1 1087 0.000348292
Chain
	Aln	112	+5d7c4644-e2f8-4e5c-8b15-08e9a2acc080 17 1387 1389 +edge_57_0_+disjointig_129_0_4247 1422 2790 4247 -1 -1 1353 0.00378743
Chain
	Aln	113	-5d7c4644-e2f8-4e5c-8b15-08e9a2acc080 1 1371 1389 -edge_57_0_+disjointig_129_0_4247 1456 2824 4247 -1 -1 1353 0.00378743
Chain
	Aln	270	+03c0bfab-87e9-4f63-8eef-0c4d5b71f616 5 1516 1522 +edge_136_0_+disjointig_198_0_10386 1299 2810 10386 -1 -1 1507 0
Chain
	Aln	271	-03c0bfab-87e9-4f63-8eef-0c4d5b71f616 5 1516 1522 -edge_136_0_+disjointig_198_0_10386 7575 9086 10386 -1 -1 1507 0
Chain
	Aln	354	+92a34fc8-4bca-4e00-aaa2-772808c2cd5a 69 8405 8450 +edge_178_0_+disjointig_230_0_11358 2974 11315 11358 -1 -1 7673 0.00753595
Chain
	Aln	355	-92a34fc8-4bca-4e00-aaa2-772808c2cd5a 44 8380 8450 -edge_178_0_+disjointig_230_0_11358 42 8383 11358 -1 -1 7673 0.00753595
Chain
	Aln	334	+a5cf209d-b123-48e6-93d4-ac9b1d7a942a 14 1296 1302 +edge_168_0_+disjointig_221_0_14628 8446 9727 14628 -1 -1 1241 0.00379649
Chain
	Aln	335	-a5cf209d-b123-48e6-93d4-ac9b1d7a942a 5 1287 1302 -edge_168_0_+disjointig_221_0_14628 4900 6181 14628 -1 -1 1241 0.00379649
Chain
	Aln	44	+e963a23e-9c6d-4322-9f90-a935fda256f3 33 6022 6024 +edge_23_0_+disjointig_108_0_13573 7560 13554 13573 -1 -1 5886 0.00238577
Chain
	Aln	45	-e963a23e-9c6d-4322-9f90-a935fda256f3 1 5990 6024 -edge_23_0_+disjointig_108_0_13573 18 6012 13573 -1 -1 5886 0.00238577
Chain
	Aln	39	+8aa69d25-00e9-4dbd-9bcd-ce264deebc97 1 1341 1343 -edge_20_0_+disjointig_105_0_37299 30442 31782 37299 -1 -1 1323 0.00324731
Chain
	Aln	38	-8aa69d25-00e9-4dbd-9bcd-ce264deebc97 1 1341 1343 +edge_20_0_+disjointig_105_0_37299 5516 6856 37299 -1 -1 1323 0.00324731
Chain
	Aln	130	+4c578103-3968-45a8-bdc0-60b8d0fa6f9b 5 1499 1502 +edge_66_0_+disjointig_138_0_38214 26627 28133 38214 -1 -1 1379 0.00960787
Chain
	Aln	131	-4c578103-3968-45a8-bdc0-60b8d0fa6f9b 2 1496 1502 -edge_66_0_+disjointig_138_0_38214 10080 11586 38214 -1 -1 1379 0.00960787
Chain
	Aln	131	+17c485b6-fddd-4eea-a197-7f9709de0c11 15 1514 1516 -edge_66_0_+disjointig_138_0_38214 10071 11569 38214 -1 -1 1498 0.00218045
Chain
	Aln	130	-17c485b6-fddd-4eea-a197-7f9709de0c11 1 1500 1516 +edge_66_0_+disjointig_138_0_38214 26644 28142 38214 -1 -1 1498 0.00218045
Chain
	Aln	45	+92b9d555-24e0-4970-839d-42f66e0fd76b 11 6016 6024 -edge_23_0_+disjointig_108_0_13573 10 6016 13573 -1 -1 5948 0.00222237
Chain
	Aln	44	-92b9d555-24e0-4970-839d-42f66e0fd76b 7 6012 6024 +edge_23_0_+disjointig_108_0_13573 7556 13562 13573 -1 -1 5948 0.00222237
Chain
	Aln	619	+6054ed9b-f598-42b0-af6a-c45c740c3dad 11 1672 1674 -edge_310_0_+disjointig_39_0_32732 18911 20572 32732 -1 -1 1661 0.000643549
Chain
	Aln	618	-6054ed9b-f598-42b0-af6a-c45c740c3dad 1 1662 1674 +edge_310_0_+disjointig_39_0_32732 12159 13820 32732 -1 -1 1661 0.000643549
Chain
	Aln	106	+414321bf-f666-4b1b-956c-01a87026e7c2 1 4658 4662 +edge_54_0_+disjointig_125_0_13260 1 4694 13260 -1 -1 4180 0.0132979
Chain
	Aln	107	-414321bf-f666-4b1b-956c-01a87026e7c2 3 4660 4662 -edge_54_0_+disjointig_125_0_13260 8565 13258 13260 -1 -1 4180 0.0132979
Chain
	Aln	479	+961e5919-08b9-4d80-9426-3c36d10c7d62 10 4602 4607 -edge_240_0_-disjointig_57_7953_51690 17782 22375 43737 -1 -1 4526 0.00201795
Chain
	Aln	478	-961e5919-08b9-4d80-9426-3c36d10c7d62 4 4596 4607 +edge_240_0_-disjointig_57_7953_51690 21361 25954 43737 -1 -1 4526 0.00201795
Chain
	Aln	578	+57ff655d-53cd-4c92-930d-258042e9302c 8 5127 5134 +edge_290_0_+disjointig_32_0_11267 6061 11183 11267 -1 -1 5098 0.00193388
Chain
	Aln	579	-57ff655d-53cd-4c92-930d-258042e9302c 6 5125 5134 -edge_290_0_+disjointig_32_0_11267 83 5205 11267 -1 -1 5098 0.00193388
Chain
	Aln	432	+75a65d48-16ef-4edc-a780-e149417bf543 32 1452 1457 +edge_217_0_+disjointig_264_0_2492 1049 2474 2492 -1 -1 1355 0.00535024
Chain
	Aln	433	-75a65d48-16ef-4edc-a780-e149417bf543 4 1424 1457 -edge_217_0_+disjointig_264_0_2492 17 1442 2492 -1 -1 1355 0.00535024
Chain
	Aln	765	+313beb89-c235-4465-ada3-1e5591169d66 10 1902 2221 -edge_383_0_+disjointig_37_1412_10185 2513 4407 8773 -1 -1 1842 0.00380903
Chain
	Aln	764	-313beb89-c235-4465-ada3-1e5591169d66 318 2210 2221 +edge_383_0_+disjointig_37_1412_10185 4365 6259 8773 -1 -1 1842 0.00380903
Chain
	Aln	619	+8fd4b185-734e-450d-8d3a-80199956a6c2 11 9894 9899 -edge_310_0_+disjointig_39_0_32732 5621 15505 32732 -1 -1 9778 0.00125336
Chain
	Aln	618	-8fd4b185-734e-450d-8d3a-80199956a6c2 4 9887 9899 +edge_310_0_+disjointig_39_0_32732 17226 27110 32732 -1 -1 9778 0.00125336
Chain
	Aln	117	+71d6546a-62f2-4b91-9409-be533b3b9e51 15 2324 2330 -edge_59_0_+disjointig_130_0_4745 2430 4739 4745 -1 -1 2309 0.000255429
Chain
	Aln	116	-71d6546a-62f2-4b91-9409-be533b3b9e51 5 2314 2330 +edge_59_0_+disjointig_130_0_4745 5 2314 4745 -1 -1 2309 0.000255429
Chain
	Aln	598	+0c41f2e3-4fd8-4e11-b4e3-480e767422d6 0 1225 1230 +edge_300_0_+disjointig_327_0_17944 3423 4648 17944 -1 -1 1218 5.1616e-05
Chain
	Aln	599	-0c41f2e3-4fd8-4e11-b4e3-480e767422d6 4 1229 1230 -edge_300_0_+disjointig_327_0_17944 13295 14520 17944 -1 -1 1218 5.1616e-05
Chain
	Aln	508	+a1e84dd8-6c40-4f27-bf37-fa886d379668 34 1202 1216 +edge_255_0_+disjointig_290_0_2447 799 1968 2447 -1 -1 1158 0
Chain
	Aln	509	-a1e84dd8-6c40-4f27-bf37-fa886d379668 13 1181 1216 -edge_255_0_+disjointig_290_0_2447 478 1647 2447 -1 -1 1158 0
Chain
	Aln	608	+751c50fa-fc14-4f4d-964c-c0b834242ade 35 4118 4177 +edge_305_0_+disjointig_35_0_17453 13358 17442 17453 -1 -1 3992 0.00110379
Chain
	Aln	609	-751c50fa-fc14-4f4d-964c-c0b834242ade 58 4141 4177 -edge_305_0_+disjointig_35_0_17453 10 4094 17453 -1 -1 3992 0.00110379
Chain
	Aln	37	+c2bee1a1-1d87-41b6-a8a6-66be4b4ecd57 22 1996 2001 -edge_19_0_+disjointig_104_0_20017 18000 19974 20017 -1 -1 1965 0.000669352
Chain
	Aln	36	-c2bee1a1-1d87-41b6-a8a6-66be4b4ecd57 4 1978 2001 +edge_19_0_+disjointig_104_0_20017 42 2016 20017 -1 -1 1965 0.000669352
Chain
	Aln	761	+e25a3a5c-5ac8-49b4-a6e6-561bb8ebd495 6 15660 15664 -edge_381_0_-disjointig_45_0_30722 3456 19104 30722 -1 -1 15561 0.00073754
Chain
	Aln	760	-e25a3a5c-5ac8-49b4-a6e6-561bb8ebd495 3 15657 15664 +edge_381_0_-disjointig_45_0_30722 11617 27265 30722 -1 -1 15561 0.00073754
Chain
	Aln	327	+ad8d4551-33e4-41e2-923a-dcad3b845b03 40 1908 1918 -edge_164_0_+disjointig_218_0_16787 8015 9883 16787 -1 -1 1827 0.00428881
Chain
	Aln	326	-ad8d4551-33e4-41e2-923a-dcad3b845b03 9 1877 1918 +edge_164_0_+disjointig_218_0_16787 6903 8771 16787 -1 -1 1827 0.00428881
Chain
	Aln	636	+05319637-8ab6-440a-aa0e-7e249d4f3a31 23 1895 2903 +edge_319_0_+disjointig_50_0_16847 14967 16843 16847 -1 -1 1858 0.00361382
Chain
	Aln	637	-05319637-8ab6-440a-aa0e-7e249d4f3a31 1007 2879 2903 -edge_319_0_+disjointig_50_0_16847 3 1879 16847 -1 -1 1858 0.00361382
Chain
	Aln	194	+0fc39737-7199-4878-92aa-c0cbcd88a7e4 1 2856 2861 +edge_98_0_+disjointig_166_0_14218 1 2858 14218 -1 -1 2848 0.00128677
Chain
	Aln	195	-0fc39737-7199-4878-92aa-c0cbcd88a7e4 4 2859 2861 -edge_98_0_+disjointig_166_0_14218 11359 14216 14218 -1 -1 2848 0.00128677
Chain
	Aln	756	+876f44fa-2673-49c7-9ab0-dba30ee5c4f7 3 8697 10713 +edge_379_0_+disjointig_30_0_8705 3 8695 8705 -1 -1 8525 0.00108988
	Aln	530	+876f44fa-2673-49c7-9ab0-dba30ee5c4f7 8708 10232 10713 +edge_266_0_+disjointig_30_8705_10233 1 1525 1528 -1 -1 1507 0.0018215
Chain
	Aln	531	-876f44fa-2673-49c7-9ab0-dba30ee5c4f7 480 2004 10713 -edge_266_0_+disjointig_30_8705_10233 2 1526 1528 -1 -1 1507 0.0018215
	Aln	757	-876f44fa-2673-49c7-9ab0-dba30ee5c4f7 2015 10709 10713 -edge_379_0_+disjointig_30_0_8705 9 8701 8705 -1 -1 8525 0.00108988
Chain
	Aln	701	+1eb19eb5-0d7e-4b4e-8cf7-761773527955 17 4184 4190 -edge_351_0_+disjointig_87_0_9199 206 4376 9199 -1 -1 4130 0
Chain
	Aln	700	-1eb19eb5-0d7e-4b4e-8cf7-761773527955 5 4172 4190 +edge_351_0_+disjointig_87_0_9199 4822 8992 9199 -1 -1 4130 0
Chain
	Aln	665	+6411131e-e0d3-40dd-9e80-7148ce57fe53 5 2775 2777 -edge_333_0_+disjointig_65_0_11933 9164 11931 11933 -1 -1 2723 0.0034267
Chain
	Aln	664	-6411131e-e0d3-40dd-9e80-7148ce57fe53 1 2771 2777 +edge_333_0_+disjointig_65_0_11933 1 2768 11933 -1 -1 2723 0.0034267
Chain
	Aln	69	+b65c6e71-fa53-4500-9dce-f4256e168f58 22 4826 4829 -edge_35_0_-disjointig_12_5975_11622 22 4824 5647 -1 -1 4452 0.00905869
Chain
	Aln	68	-b65c6e71-fa53-4500-9dce-f4256e168f58 2 4806 4829 +edge_35_0_-disjointig_12_5975_11622 822 5624 5647 -1 -1 4452 0.00905869
Chain
	Aln	38	+ef18a40f-ea6e-431c-8a6d-9837012fdca1 25 1207 1210 +edge_20_0_+disjointig_105_0_37299 2692 3874 37299 -1 -1 1171 0.00379512
Chain
	Aln	39	-ef18a40f-ea6e-431c-8a6d-9837012fdca1 2 1184 1210 -edge_20_0_+disjointig_105_0_37299 33424 34606 37299 -1 -1 1171 0.00379512
Chain
	Aln	96	+ee850a4a-8b87-4047-add4-eaaa219aba19 1 5716 6186 +edge_49_0_+disjointig_120_0_5718 1 5710 5718 -1 -1 5617 0.00164616
Chain
	Aln	97	-ee850a4a-8b87-4047-add4-eaaa219aba19 469 6184 6186 -edge_49_0_+disjointig_120_0_5718 7 5716 5718 -1 -1 5617 0.00164616
Chain
	Aln	12	+375ffe51-d57e-49cb-bc15-8a93938d547e 1129 6047 6051 +edge_7_0_+disjointig_102_0_4943 2 4940 4943 -1 -1 4563 0.00889317
Chain
	Aln	13	-375ffe51-d57e-49cb-bc15-8a93938d547e 3 4921 6051 -edge_7_0_+disjointig_102_0_4943 2 4940 4943 -1 -1 4563 0.00889317
Chain
	Aln	196	+9d87e80c-71da-439a-91d9-b48c55299f99 941 2241 2245 +edge_99_0_+disjointig_167_0_8875 6 1306 8875 -1 -1 1299 0.00172096
Chain
	Aln	197	-9d87e80c-71da-439a-91d9-b48c55299f99 3 1303 2245 -edge_99_0_+disjointig_167_0_8875 7568 8868 8875 -1 -1 1299 0.00172096
Chain
	Aln	455	+49f0f6fa-9405-4731-a88a-1e95ff7b0093 9 6589 6597 -edge_228_0_+disjointig_274_0_14029 4621 11202 14029 -1 -1 6488 0.000928075
Chain
	Aln	454	-49f0f6fa-9405-4731-a88a-1e95ff7b0093 7 6587 6597 +edge_228_0_+disjointig_274_0_14029 2826 9407 14029 -1 -1 6488 0.000928075
Chain
	Aln	477	+3701b2f9-5721-4be4-8a5e-0a37f26a9bc6 7 1816 1825 -edge_239_0_+disjointig_41_9827_31060 2329 4132 21233 -1 -1 1751 0
Chain
	Aln	476	-3701b2f9-5721-4be4-8a5e-0a37f26a9bc6 8 1817 1825 +edge_239_0_+disjointig_41_9827_31060 17100 18903 21233 -1 -1 1751 0
Chain
	Aln	742	+bb508177-fc5c-4fde-ae07-6c7bca261295 189 2168 2172 +edge_372_0_+disjointig_48_0_14826 1 1977 14826 -1 -1 1845 0.00805897
Chain
	Aln	743	-bb508177-fc5c-4fde-ae07-6c7bca261295 3 1982 2172 -edge_372_0_+disjointig_48_0_14826 12848 14824 14826 -1 -1 1845 0.00805897
Chain
	Aln	306	+26f1dd35-2c7e-41e0-bb2d-73a32e409832 11 5275 5283 +edge_154_0_+disjointig_212_0_10841 5538 10814 10841 -1 -1 5052 0.00594428
Chain
	Aln	307	-26f1dd35-2c7e-41e0-bb2d-73a32e409832 7 5271 5283 -edge_154_0_+disjointig_212_0_10841 26 5302 10841 -1 -1 5052 0.00594428
Chain
	Aln	307	+07e1ba11-bc58-466a-8ed1-66ecb60f2596 20 5296 5298 -edge_154_0_+disjointig_212_0_10841 19 5292 10841 -1 -1 5147 0.00289643
Chain
	Aln	306	-07e1ba11-bc58-466a-8ed1-66ecb60f2596 1 5277 5298 +edge_154_0_+disjointig_212_0_10841 5548 10821 10841 -1 -1 5147 0.00289643
Chain
	Aln	222	+1a190906-7ac0-413b-832b-d9ca3c6df572 5 1902 1914 +edge_112_0_+disjointig_179_0_13636 736 2637 13636 -1 -1 1801 0.00550594
Chain
	Aln	223	-1a190906-7ac0-413b-832b-d9ca3c6df572 11 1908 1914 -edge_112_0_+disjointig_179_0_13636 10998 12899 13636 -1 -1 1801 0.00550594
Chain
	Aln	495	+d381ae7b-393b-462f-8ea1-529d9a9fc325 10 3591 3597 -edge_248_0_+disjointig_284_0_4568 9 3577 4568 -1 -1 3526 0.00217092
Chain
	Aln	494	-d381ae7b-393b-462f-8ea1-529d9a9fc325 5 3586 3597 +edge_248_0_+disjointig_284_0_4568 990 4558 4568 -1 -1 3526 0.00217092
Chain
	Aln	570	+593419b8-5007-4cf2-892a-5439226a3378 22 7771 7774 +edge_286_0_+disjointig_316_0_10940 20 7765 10940 -1 -1 7647 0.00137791
Chain
	Aln	571	-593419b8-5007-4cf2-892a-5439226a3378 2 7751 7774 -edge_286_0_+disjointig_316_0_10940 3174 10919 10940 -1 -1 7647 0.00137791
Chain
	Aln	434	+8f59fc63-ccf0-4fd1-98c0-826ae3e44855 167 1332 1334 +edge_218_0_+disjointig_265_0_3893 2 1167 3893 -1 -1 1165 0
Chain
	Aln	435	-8f59fc63-ccf0-4fd1-98c0-826ae3e44855 1 1166 1334 -edge_218_0_+disjointig_265_0_3893 2725 3890 3893 -1 -1 1165 0
Chain
	Aln	715	+dd18d704-17e9-4530-9364-8bc74709a493 6 3242 3251 -edge_358_0_+disjointig_95_0_21066 4339 7575 21066 -1 -1 3187 0.000600072
Chain
	Aln	714	-dd18d704-17e9-4530-9364-8bc74709a493 8 3244 3251 +edge_358_0_+disjointig_95_0_21066 13490 16726 21066 -1 -1 3187 0.000600072
Chain
	Aln	229	+ffca3ed8-7326-49db-8fd3-9f632e1c62e7 10 1576 1584 -edge_115_0_+disjointig_181_0_5172 1332 2903 5172 -1 -1 1465 0.00539087
Chain
	Aln	228	-ffca3ed8-7326-49db-8fd3-9f632e1c62e7 7 1573 1584 +edge_115_0_+disjointig_181_0_5172 2268 3839 5172 -1 -1 1465 0.00539087
Chain
	Aln	370	+1191f620-0e5a-4a50-860d-db4e2903fea2 11 2926 2931 +edge_186_0_+disjointig_238_0_4153 656 3569 4153 -1 -1 2890 0.0022374
Chain
	Aln	371	-1191f620-0e5a-4a50-860d-db4e2903fea2 4 2919 2931 -edge_186_0_+disjointig_238_0_4153 583 3496 4153 -1 -1 2890 0.0022374
Chain
	Aln	690	+5b842462-d532-403d-8666-2f6d4abb1de6 6 5280 5286 +edge_346_0_+disjointig_82_0_9722 6 5273 9722 -1 -1 5149 0.00287413
Chain
	Aln	691	-5b842462-d532-403d-8666-2f6d4abb1de6 5 5279 5286 -edge_346_0_+disjointig_82_0_9722 4448 9715 9722 -1 -1 5149 0.00287413
Chain
	Aln	419	+0a46aba0-626e-478e-bb86-65b3cc687810 8 6928 6934 -edge_210_0_+disjointig_26_0_12157 7 6923 12157 -1 -1 6772 0.00298843
Chain
	Aln	418	-0a46aba0-626e-478e-bb86-65b3cc687810 5 6925 6934 +edge_210_0_+disjointig_26_0_12157 5233 12149 12157 -1 -1 6772 0.00298843
Chain
	Aln	729	+c8d7039a-2754-48f6-8d0b-f0949195c477 63 1294 1316 -edge_365_0_-disjointig_14_17885_30078 10 1247 12193 -1 -1 1205 0.00361441
Chain
	Aln	728	-c8d7039a-2754-48f6-8d0b-f0949195c477 21 1252 1316 +edge_365_0_-disjointig_14_17885_30078 10945 12182 12193 -1 -1 1205 0.00361441
Chain
	Aln	241	+1d8e9c6a-5611-43a5-adbb-b6a7e16e20a2 30 4103 4112 -edge_121_0_+disjointig_187_0_18602 14176 18248 18602 -1 -1 3962 0.00258607
Chain
	Aln	240	-1d8e9c6a-5611-43a5-adbb-b6a7e16e20a2 8 4081 4112 +edge_121_0_+disjointig_187_0_18602 353 4425 18602 -1 -1 3962 0.00258607
Chain
	Aln	335	+51c3eca4-d30c-40ce-a17f-7ed0c93deb1f 4 6940 6944 -edge_168_0_+disjointig_221_0_14628 4990 11939 14628 -1 -1 6837 0.00105643
Chain
	Aln	334	-51c3eca4-d30c-40ce-a17f-7ed0c93deb1f 3 6939 6944 +edge_168_0_+disjointig_221_0_14628 2688 9637 14628 -1 -1 6837 0.00105643
Chain
	Aln	764	+96965a49-80ad-40e8-baae-10ae6df29455 14 1963 1968 +edge_383_0_+disjointig_37_1412_10185 4110 6065 8773 -1 -1 1660 0.0182543
Chain
	Aln	765	-96965a49-80ad-40e8-baae-10ae6df29455 4 1953 1968 -edge_383_0_+disjointig_37_1412_10185 2707 4662 8773 -1 -1 1660 0.0182543
Chain
	Aln	130	+f213716c-0d98-4e94-8e61-c9bed67e38b4 16 4047 4056 +edge_66_0_+disjointig_138_0_38214 4586 8623 38214 -1 -1 3793 0.00866038
Chain
	Aln	131	-f213716c-0d98-4e94-8e61-c9bed67e38b4 8 4039 4056 -edge_66_0_+disjointig_138_0_38214 29590 33627 38214 -1 -1 3793 0.00866038
Chain
	Aln	693	+2ac4dd53-0680-40c3-b3f3-f380a8f7489a 6 2461 2468 -edge_347_0_+disjointig_83_0_8894 3447 5899 8894 -1 -1 2405 0.00137615
Chain
	Aln	692	-2ac4dd53-0680-40c3-b3f3-f380a8f7489a 6 2461 2468 +edge_347_0_+disjointig_83_0_8894 2994 5446 8894 -1 -1 2405 0.00137615
Chain
	Aln	271	+b5b57e5e-762c-4867-b217-987e2ebc76fb 14 1271 1274 -edge_136_0_+disjointig_198_0_10386 7016 8269 10386 -1 -1 1223 0.00130413
Chain
	Aln	270	-b5b57e5e-762c-4867-b217-987e2ebc76fb 2 1259 1274 +edge_136_0_+disjointig_198_0_10386 2116 3369 10386 -1 -1 1223 0.00130413
Chain
	Aln	197	+0d504a74-bfb6-4b80-a0ca-3f43cb8c1a14 7 1247 1250 -edge_99_0_+disjointig_167_0_8875 7022 8263 8875 -1 -1 1215 0.00436454
Chain
	Aln	196	-0d504a74-bfb6-4b80-a0ca-3f43cb8c1a14 2 1242 1250 +edge_99_0_+disjointig_167_0_8875 611 1852 8875 -1 -1 1215 0.00436454
Chain
	Aln	210	+9b7cb64d-93e7-4f2c-9055-a28f6c35fceb 22 2852 2854 +edge_106_0_+disjointig_172_0_11649 727 3554 11649 -1 -1 2783 0.00297501
Chain
	Aln	211	-9b7cb64d-93e7-4f2c-9055-a28f6c35fceb 1 2831 2854 -edge_106_0_+disjointig_172_0_11649 8094 10921 11649 -1 -1 2783 0.00297501
Chain
	Aln	228	+35bc79e5-1be2-4e63-812d-29cb2d0af32c 1 2830 2833 +edge_115_0_+disjointig_181_0_5172 1 2827 5172 -1 -1 2803 0.00199773
Chain
	Aln	229	-35bc79e5-1be2-4e63-812d-29cb2d0af32c 2 2831 2833 -edge_115_0_+disjointig_181_0_5172 2344 5170 5172 -1 -1 2803 0.00199773
Chain
	Aln	650	+1aaa2244-6ce5-4347-8698-0e8d26d596f9 5 4528 4532 +edge_326_0_+disjointig_58_0_35073 26963 31484 35073 -1 -1 4494 0.000895735
Chain
	Aln	651	-1aaa2244-6ce5-4347-8698-0e8d26d596f9 3 4526 4532 -edge_326_0_+disjointig_58_0_35073 3588 8109 35073 -1 -1 4494 0.000895735
Chain
	Aln	107	+8b668b9f-ddaf-4903-8a3f-c1942ecd4f96 12 4303 4307 -edge_54_0_+disjointig_125_0_13260 7212 11499 13260 -1 -1 4248 0.00336843
Chain
	Aln	106	-8b668b9f-ddaf-4903-8a3f-c1942ecd4f96 3 4294 4307 +edge_54_0_+disjointig_125_0_13260 1760 6047 13260 -1 -1 4248 0.00336843
Chain
	Aln	520	+991028f9-5963-4ea5-ac31-c4390f216d15 18 1222 1232 +edge_261_0_+disjointig_298_0_3329 262 1466 3329 -1 -1 1197 0.00343454
Chain
	Aln	521	-991028f9-5963-4ea5-ac31-c4390f216d15 9 1213 1232 -edge_261_0_+disjointig_298_0_3329 1862 3066 3329 -1 -1 1197 0.00343454
Chain
	Aln	181	+092e44ab-cad6-4209-bc2c-0b54e878d762 55 8392 14510 -edge_91_0_+disjointig_161_0_18481 2533 10870 18481 -1 -1 8225 0.00202594
Chain
	Aln	181	+092e44ab-cad6-4209-bc2c-0b54e878d762 10546 14499 14510 -edge_91_0_+disjointig_161_0_18481 11907 15905 18481 -1 -1 3627 0.00771822
Chain
	Aln	180	-092e44ab-cad6-4209-bc2c-0b54e878d762 6117 14454 14510 +edge_91_0_+disjointig_161_0_18481 7610 15947 18481 -1 -1 8225 0.00202594
Chain
	Aln	180	-092e44ab-cad6-4209-bc2c-0b54e878d762 10 3963 14510 +edge_91_0_+disjointig_161_0_18481 2575 6573 18481 -1 -1 3627 0.00771822
Chain
	Aln	476	+f1741484-6eb4-4317-93b1-3482f6b883b2 41 1605 1719 +edge_239_0_+disjointig_41_9827_31060 19663 21227 21233 -1 -1 1564 0
Chain
	Aln	477	-f1741484-6eb4-4317-93b1-3482f6b883b2 113 1677 1719 -edge_239_0_+disjointig_41_9827_31060 5 1569 21233 -1 -1 1564 0
Chain
	Aln	375	+3bea6f64-0b08-4972-8be9-746945d40d13 10 2567 2570 -edge_188_0_+disjointig_24_0_14501 11941 14498 14501 -1 -1 2489 0.00243379
Chain
	Aln	374	-3bea6f64-0b08-4972-8be9-746945d40d13 2 2559 2570 +edge_188_0_+disjointig_24_0_14501 2 2559 14501 -1 -1 2489 0.00243379
Chain
	Aln	234	+bae97901-5026-4281-8e2b-46f55d9f065d 15 3303 3309 +edge_118_0_+disjointig_184_0_7014 2836 6130 7014 -1 -1 3216 0.00164505
Chain
	Aln	235	-bae97901-5026-4281-8e2b-46f55d9f065d 5 3293 3309 -edge_118_0_+disjointig_184_0_7014 883 4177 7014 -1 -1 3216 0.00164505
Chain
	Aln	551	+80799bcf-c5ec-46a1-8f31-64b95bb857d8 16 5014 5021 -edge_276_0_+disjointig_31_0_9855 624 5630 9855 -1 -1 4773 0.00436966
Chain
	Aln	550	-80799bcf-c5ec-46a1-8f31-64b95bb857d8 6 5004 5021 +edge_276_0_+disjointig_31_0_9855 4224 9230 9855 -1 -1 4773 0.00436966
Chain
	Aln	741	+0edc2618-03c8-44a2-93e0-dac7739721a3 13 2089 2763 -edge_371_0_+disjointig_300_12_10635 8538 10622 10623 -1 -1 1631 0.0202304
Chain
	Aln	740	-0edc2618-03c8-44a2-93e0-dac7739721a3 673 2749 2763 +edge_371_0_+disjointig_300_12_10635 0 2084 10623 -1 -1 1631 0.0202304
Chain
	Aln	14	+e1d88984-9a55-4cb6-8b59-7a1a7029e629 7 1120 1122 +edge_8_0_+disjointig_103_0_7543 6166 7279 7543 -1 -1 1113 0
Chain
	Aln	15	-e1d88984-9a55-4cb6-8b59-7a1a7029e629 1 1114 1122 -edge_8_0_+disjointig_103_0_7543 263 1376 7543 -1 -1 1113 0
Chain
	Aln	738	+00299227-5043-4eff-90f4-4deec026985b 6 2221 2227 +edge_370_0_-disjointig_66_3457_23755 18082 20293 20298 -1 -1 2183 0
Chain
	Aln	739	-00299227-5043-4eff-90f4-4deec026985b 5 2220 2227 -edge_370_0_-disjointig_66_3457_23755 4 2215 20298 -1 -1 2183 0
Chain
	Aln	757	+ddf11ca3-ef6e-4097-9ae3-6b50379936d1 1 5169 5810 -edge_379_0_+disjointig_30_0_8705 3536 8704 8705 -1 -1 5162 0
Chain
	Aln	756	-ddf11ca3-ef6e-4097-9ae3-6b50379936d1 640 5808 5810 +edge_379_0_+disjointig_30_0_8705 0 5168 8705 -1 -1 5162 0
Chain
	Aln	689	+dc07d49f-ed06-4ab4-9072-2c7d741a9277 15 2932 2935 -edge_345_0_+disjointig_81_0_7847 4926 7844 7847 -1 -1 2883 0.000814398
Chain
	Aln	688	-dc07d49f-ed06-4ab4-9072-2c7d741a9277 2 2919 2935 +edge_345_0_+disjointig_81_0_7847 2 2920 7847 -1 -1 2883 0.000814398
Chain
	Aln	284	+d7c02c9d-34c9-4071-be86-145638f867a0 8 1048 1057 +edge_143_0_+disjointig_205_0_5128 403 1443 5128 -1 -1 1002 0.00543178
Chain
	Aln	285	-d7c02c9d-34c9-4071-be86-145638f867a0 8 1048 1057 -edge_143_0_+disjointig_205_0_5128 3684 4724 5128 -1 -1 1002 0.00543178
Chain
	Aln	697	+706b6bb1-80f1-4ab8-82d4-9d47c4d810bc 25 5244 5249 -edge_349_0_+disjointig_85_0_17144 24 5245 17144 -1 -1 5037 0.00332231
Chain
	Aln	696	-706b6bb1-80f1-4ab8-82d4-9d47c4d810bc 4 5223 5249 +edge_349_0_+disjointig_85_0_17144 11898 17119 17144 -1 -1 5037 0.00332231
Chain
	Aln	37	+d9541718-db14-4f5b-8bac-51f68b821831 4 1466 1472 -edge_19_0_+disjointig_104_0_20017 18251 19713 20017 -1 -1 1462 0.000710284
Chain
	Aln	36	-d9541718-db14-4f5b-8bac-51f68b821831 5 1467 1472 +edge_19_0_+disjointig_104_0_20017 303 1765 20017 -1 -1 1462 0.000710284
Chain
	Aln	290	+97bacf2e-e8ee-460a-97b3-b62bd9bc9092 9 1872 1874 +edge_146_0_+disjointig_208_0_19308 6217 8079 19308 -1 -1 1859 0
Chain
	Aln	291	-97bacf2e-e8ee-460a-97b3-b62bd9bc9092 1 1864 1874 -edge_146_0_+disjointig_208_0_19308 11228 13090 19308 -1 -1 1859 0
Chain
	Aln	218	+f4bbad8f-15ca-472a-857b-35e2b6ac32b2 10 1039 1041 +edge_110_0_+disjointig_176_0_18510 16341 17370 18510 -1 -1 1027 0
Chain
	Aln	219	-f4bbad8f-15ca-472a-857b-35e2b6ac32b2 1 1030 1041 -edge_110_0_+disjointig_176_0_18510 1139 2168 18510 -1 -1 1027 0
Chain
	Aln	6	+0357ec8b-29b8-4517-b0b3-6ac8e4f0ee63 22 12031 12674 +edge_4_0_+disjointig_10_0_20168 6437 18464 20168 -1 -1 10806 0.0116023
Chain
	Aln	7	-0357ec8b-29b8-4517-b0b3-6ac8e4f0ee63 642 12651 12674 -edge_4_0_+disjointig_10_0_20168 1703 13730 20168 -1 -1 10806 0.0116023
Chain
	Aln	167	+677d993f-fbda-4154-a2cd-712fc0fb6f7c 1 1773 1777 -edge_84_0_+disjointig_155_0_11844 8077 9847 11844 -1 -1 1718 0.00544413
Chain
	Aln	166	-677d993f-fbda-4154-a2cd-712fc0fb6f7c 3 1775 1777 +edge_84_0_+disjointig_155_0_11844 1996 3766 11844 -1 -1 1718 0.00544413
Chain
	Aln	567	+5d2c9146-e57d-4dfc-91f5-c95ca0ec79fd 8 1806 1809 -edge_284_0_+disjointig_314_0_9221 898 2704 9221 -1 -1 1683 0.00676322
Chain
	Aln	566	-5d2c9146-e57d-4dfc-91f5-c95ca0ec79fd 2 1800 1809 +edge_284_0_+disjointig_314_0_9221 6516 8322 9221 -1 -1 1683 0.00676322
Chain
	Aln	503	+c4af6666-319d-42ed-be82-23b6ded5a974 81 1253 1255 -edge_252_0_+disjointig_288_0_2229 906 2078 2229 -1 -1 1160 0.00128162
Chain
	Aln	502	-c4af6666-319d-42ed-be82-23b6ded5a974 1 1173 1255 +edge_252_0_+disjointig_288_0_2229 150 1322 2229 -1 -1 1160 0.00128162
Chain
	Aln	648	+bed5d4a6-b13f-4a93-bd3c-31949b5307a6 9 1343 1348 +edge_325_0_+disjointig_56_0_14906 11179 12513 14906 -1 -1 1332 0.00121976
Chain
	Aln	649	-bed5d4a6-b13f-4a93-bd3c-31949b5307a6 4 1338 1348 -edge_325_0_+disjointig_56_0_14906 2392 3726 14906 -1 -1 1332 0.00121976
Chain
	Aln	94	+bbf41a6f-7f90-4d60-ad8f-cff2c0ebe369 11 5529 5538 +edge_48_0_+disjointig_119_0_7447 309 5827 7447 -1 -1 5403 0.00375376
Chain
	Aln	95	-bbf41a6f-7f90-4d60-ad8f-cff2c0ebe369 8 5526 5538 -edge_48_0_+disjointig_119_0_7447 1619 7137 7447 -1 -1 5403 0.00375376
Chain
	Aln	47	+99b45ca1-24aa-423c-bbe4-cf3dab79cf2d 4 2624 2626 -edge_24_0_+disjointig_109_0_11803 8211 10833 11803 -1 -1 2565 0.00351519
Chain
	Aln	46	-99b45ca1-24aa-423c-bbe4-cf3dab79cf2d 1 2621 2626 +edge_24_0_+disjointig_109_0_11803 969 3591 11803 -1 -1 2565 0.00351519
Chain
	Aln	717	+8f999abe-45bd-4c10-b1cd-899f273185b1 32 1353 1356 -edge_359_0_+disjointig_96_0_23495 13807 15131 23495 -1 -1 1310 0.000282813
Chain
	Aln	716	-8f999abe-45bd-4c10-b1cd-899f273185b1 2 1323 1356 +edge_359_0_+disjointig_96_0_23495 8363 9687 23495 -1 -1 1310 0.000282813
Chain
	Aln	484	+f9a19009-2986-4edd-a09b-18c7ddd7e151 12 1692 1694 +edge_243_0_+disjointig_49_7193_20010 7807 9487 12817 -1 -1 1653 0.00230795
Chain
	Aln	485	-f9a19009-2986-4edd-a09b-18c7ddd7e151 1 1681 1694 -edge_243_0_+disjointig_49_7193_20010 3329 5009 12817 -1 -1 1653 0.00230795
Chain
	Aln	662	+82384f82-a954-422a-8a06-7882332c1dbe 20 1529 1568 +edge_332_0_+disjointig_64_0_14859 12555 14064 14859 -1 -1 1493 0.00347656
Chain
	Aln	663	-82384f82-a954-422a-8a06-7882332c1dbe 38 1547 1568 -edge_332_0_+disjointig_64_0_14859 794 2303 14859 -1 -1 1493 0.00347656
Chain
	Aln	13	+9ac1ffc8-0033-4b5b-a346-c94e70c6ae2e 551 3086 3088 -edge_7_0_+disjointig_102_0_4943 10 2546 4943 -1 -1 2504 0.00208103
Chain
	Aln	12	-9ac1ffc8-0033-4b5b-a346-c94e70c6ae2e 1 2536 3088 +edge_7_0_+disjointig_102_0_4943 2396 4932 4943 -1 -1 2504 0.00208103
Chain
	Aln	697	+9d023c0f-dd75-4e26-843d-f636a07396d6 5 2196 2198 -edge_349_0_+disjointig_85_0_17144 6539 8732 17144 -1 -1 2179 0
Chain
	Aln	696	-9d023c0f-dd75-4e26-843d-f636a07396d6 1 2192 2198 +edge_349_0_+disjointig_85_0_17144 8411 10604 17144 -1 -1 2179 0
Chain
	Aln	119	+54eeb4eb-c33d-4447-813a-5bf24528eda7 0 1825 1830 -edge_60_0_+disjointig_131_0_25925 14144 15970 25925 -1 -1 1821 0.0033258
Chain
	Aln	118	-54eeb4eb-c33d-4447-813a-5bf24528eda7 4 1829 1830 +edge_60_0_+disjointig_131_0_25925 9954 11780 25925 -1 -1 1821 0.0033258
Chain
	Aln	97	+654b106f-590d-4939-80a3-0dc28ca7f26b 9 2033 2038 -edge_49_0_+disjointig_120_0_5718 1174 3207 5718 -1 -1 1998 0.00290237
Chain
	Aln	96	-654b106f-590d-4939-80a3-0dc28ca7f26b 4 2028 2038 +edge_49_0_+disjointig_120_0_5718 2510 4543 5718 -1 -1 1998 0.00290237
Chain
	Aln	109	+b4448a31-9066-4ee5-94be-97a190b53760 28 2845 2849 -edge_55_0_+disjointig_126_0_5447 27 2842 5447 -1 -1 2773 0.00318832
Chain
	Aln	108	-b4448a31-9066-4ee5-94be-97a190b53760 3 2820 2849 +edge_55_0_+disjointig_126_0_5447 2604 5419 5447 -1 -1 2773 0.00318832
Chain
	Aln	479	+163a9e82-0c65-4271-8be2-d98b3e2b4169 8 1162 1169 -edge_240_0_-disjointig_57_7953_51690 20477 21631 43737 -1 -1 1140 0.00180248
Chain
	Aln	478	-163a9e82-0c65-4271-8be2-d98b3e2b4169 6 1160 1169 +edge_240_0_-disjointig_57_7953_51690 22105 23259 43737 -1 -1 1140 0.00180248
Chain
	Aln	759	+b333422a-5264-41dc-aa17-62ba203985ae 6 3607 3609 -edge_380_0_+disjointig_98_1472_24422 11370 14971 22950 -1 -1 3601 0
Chain
	Aln	758	-b333422a-5264-41dc-aa17-62ba203985ae 1 3602 3609 +edge_380_0_+disjointig_98_1472_24422 7978 11579 22950 -1 -1 3601 0
Chain
	Aln	58	+9f0fc9ec-9481-4c01-87ca-bfb0f1b168c7 87 1927 3395 +edge_30_0_+disjointig_12_6913_11622 2857 4699 4709 -1 -1 1824 0.00309201
Chain
	Aln	17	+9f0fc9ec-9481-4c01-87ca-bfb0f1b168c7 2035 3393 3395 -edge_9_2_+disjointig_7_2707_4165 9 1372 1458 -1 -1 1323 0.00248482
Chain
	Aln	59	-9f0fc9ec-9481-4c01-87ca-bfb0f1b168c7 1467 3307 3395 -edge_30_0_+disjointig_12_6913_11622 9 1851 4709 -1 -1 1824 0.00309201
Chain
	Aln	16	-9f0fc9ec-9481-4c01-87ca-bfb0f1b168c7 1 1359 3395 +edge_9_2_+disjointig_7_2707_4165 85 1448 1458 -1 -1 1323 0.00248482
Chain
	Aln	241	+962d89d6-8c20-4760-9e6b-9349ad68a6d4 39 6865 6871 -edge_121_0_+disjointig_187_0_18602 2566 9397 18602 -1 -1 6652 0.00423309
Chain
	Aln	240	-962d89d6-8c20-4760-9e6b-9349ad68a6d4 5 6831 6871 +edge_121_0_+disjointig_187_0_18602 9204 16035 18602 -1 -1 6652 0.00423309
Chain
	Aln	752	+8db39420-979f-474e-b6ed-5eb913ef13b8 58 3014 3020 +edge_377_5_+disjointig_57_43737_48788 1793 4779 5051 -1 -1 2276 0.0237003
Chain
	Aln	753	-8db39420-979f-474e-b6ed-5eb913ef13b8 5 2961 3020 -edge_377_5_+disjointig_57_43737_48788 271 3257 5051 -1 -1 2276 0.0237003
Chain
	Aln	323	+06a264b5-34bd-4ac1-a762-217622bc6556 8 703 1925 -edge_162_0_+disjointig_217_13921_25831 11214 11909 11910 -1 -1 695 0.00339101
	Aln	319	+06a264b5-34bd-4ac1-a762-217622bc6556 712 1917 1925 -edge_160_0_+disjointig_217_11253_13921 8 1218 2668 -1 -1 1174 0.0048804
Chain
	Aln	318	-06a264b5-34bd-4ac1-a762-217622bc6556 7 1212 1925 +edge_160_0_+disjointig_217_11253_13921 1449 2659 2668 -1 -1 1174 0.0048804
	Aln	322	-06a264b5-34bd-4ac1-a762-217622bc6556 1221 1916 1925 +edge_162_0_+disjointig_217_13921_25831 0 695 11910 -1 -1 695 0.00339101
Chain
	Aln	10	+1e0c5d9a-059d-4e0a-b929-dd2dcc45d74c 1 3351 3356 +edge_6_0_+disjointig_101_0_9851 1 3351 9851 -1 -1 3332 0
Chain
	Aln	11	-1e0c5d9a-059d-4e0a-b929-dd2dcc45d74c 4 3354 3356 -edge_6_0_+disjointig_101_0_9851 6499 9849 9851 -1 -1 3332 0
Chain
	Aln	129	+08b536eb-6d95-48b1-94ee-752b7b795337 8 3467 3474 -edge_65_0_+disjointig_137_0_9196 2722 6197 9196 -1 -1 3365 0.00408715
Chain
	Aln	128	-08b536eb-6d95-48b1-94ee-752b7b795337 6 3465 3474 +edge_65_0_+disjointig_137_0_9196 2998 6473 9196 -1 -1 3365 0.00408715
Chain
	Aln	738	+4babc89a-90fb-4071-b395-bd228767f412 2285 3858 4598 +edge_370_0_-disjointig_66_3457_23755 1 1574 20298 -1 -1 1551 0.00259569
Chain
	Aln	739	-4babc89a-90fb-4071-b395-bd228767f412 739 2312 4598 -edge_370_0_-disjointig_66_3457_23755 18723 20296 20298 -1 -1 1551 0.00259569
Chain
	Aln	663	+4c031d68-837d-4a9b-b6ce-c03d4d8ae7c1 1 3861 3864 -edge_332_0_+disjointig_64_0_14859 10994 14856 14859 -1 -1 3811 0.00105944
Chain
	Aln	662	-4c031d68-837d-4a9b-b6ce-c03d4d8ae7c1 2 3862 3864 +edge_332_0_+disjointig_64_0_14859 2 3864 14859 -1 -1 3811 0.00105944
Chain
	Aln	361	+b88392c2-34f1-4cfe-8102-bbb674cea343 12 5444 5446 -edge_181_0_+disjointig_234_0_5445 11 5443 5445 -1 -1 5198 0.00448151
Chain
	Aln	360	-b88392c2-34f1-4cfe-8102-bbb674cea343 1 5433 5446 +edge_181_0_+disjointig_234_0_5445 1 5433 5445 -1 -1 5198 0.00448151
Chain
	Aln	146	+65082655-b92b-4420-afb5-1ae6fa2c32e4 497 5517 6791 +edge_74_0_+disjointig_144_0_5043 1 5039 5043 -1 -1 4794 0.00357004
Chain
	Aln	147	-65082655-b92b-4420-afb5-1ae6fa2c32e4 1273 6293 6791 -edge_74_0_+disjointig_144_0_5043 3 5041 5043 -1 -1 4794 0.00357004
Chain
	Aln	475	+b8b7e203-70b9-4fe5-ae68-6a11341e8b5c 22 1267 1272 -edge_238_0_+disjointig_292_4977_11877 4039 5287 6900 -1 -1 1236 9.53742e-05
Chain
	Aln	474	-b8b7e203-70b9-4fe5-ae68-6a11341e8b5c 4 1249 1272 +edge_238_0_+disjointig_292_4977_11877 1612 2860 6900 -1 -1 1236 9.53742e-05
Chain
	Aln	177	+8d20d296-012c-4217-9469-1a374b576cad 7 1078 1082 -edge_89_0_+disjointig_159_0_7388 2542 3620 7388 -1 -1 1052 0.00107212
Chain
	Aln	176	-8d20d296-012c-4217-9469-1a374b576cad 3 1074 1082 +edge_89_0_+disjointig_159_0_7388 3767 4845 7388 -1 -1 1052 0.00107212
Chain
	Aln	219	+3a4b41e0-30df-4866-89da-91b2dfb3015b 16 5613 5616 -edge_110_0_+disjointig_176_0_18510 12911 18507 18510 -1 -1 4778 0.00676767
Chain
	Aln	218	-3a4b41e0-30df-4866-89da-91b2dfb3015b 2 5599 5616 +edge_110_0_+disjointig_176_0_18510 2 5598 18510 -1 -1 4778 0.00676767
Chain
	Aln	721	+8318e1e9-7d1f-4baa-9f47-08aca349d87a 46 2322 2326 -edge_361_0_-disjointig_306_0_7714 3525 5799 7714 -1 -1 1922 0.0159095
Chain
	Aln	720	-8318e1e9-7d1f-4baa-9f47-08aca349d87a 3 2279 2326 +edge_361_0_-disjointig_306_0_7714 1914 4188 7714 -1 -1 1922 0.0159095
Chain
	Aln	680	+02b01a6e-0797-44a3-b929-04e2b5f627b0 4 5236 5239 +edge_341_0_+disjointig_76_0_13454 3951 9186 13454 -1 -1 5166 0.00192322
Chain
	Aln	681	-02b01a6e-0797-44a3-b929-04e2b5f627b0 2 5234 5239 -edge_341_0_+disjointig_76_0_13454 4267 9502 13454 -1 -1 5166 0.00192322
Chain
	Aln	650	+fb5f13e3-b952-40b2-b8fd-f0ea2b0bf9d0 13 1934 1941 +edge_326_0_+disjointig_58_0_35073 29239 31164 35073 -1 -1 1877 0.00314245
Chain
	Aln	651	-fb5f13e3-b952-40b2-b8fd-f0ea2b0bf9d0 6 1927 1941 -edge_326_0_+disjointig_58_0_35073 3908 5833 35073 -1 -1 1877 0.00314245
Chain
	Aln	300	+8387688c-f8fd-4bae-ab7a-cefacc9d749e 5 7071 8047 +edge_151_0_+disjointig_21_0_26556 19477 26549 26556 -1 -1 6951 0.00199356
Chain
	Aln	301	-8387688c-f8fd-4bae-ab7a-cefacc9d749e 975 8041 8047 -edge_151_0_+disjointig_21_0_26556 6 7078 26556 -1 -1 6951 0.00199356
Chain
	Aln	8	+a9217e82-89ee-4afb-8edc-211cc2cedbaf 10 2119 2924 +edge_5_0_+disjointig_100_0_2523 409 2521 2523 -1 -1 2090 0.0007856
Chain
	Aln	9	-a9217e82-89ee-4afb-8edc-211cc2cedbaf 804 2913 2924 -edge_5_0_+disjointig_100_0_2523 1 2113 2523 -1 -1 2090 0.0007856
Chain
	Aln	760	+e146e843-8c32-4660-90d1-189c8863e47d 12 1047 1308 +edge_381_0_-disjointig_45_0_30722 29679 30719 30722 -1 -1 1003 0.00681592
Chain
	Aln	761	-e146e843-8c32-4660-90d1-189c8863e47d 260 1295 1308 -edge_381_0_-disjointig_45_0_30722 2 1042 30722 -1 -1 1003 0.00681592
Chain
	Aln	650	+c8d0cfcf-e8c5-4e1f-b451-c1f1eeab0cf8 10 9854 9858 +edge_326_0_+disjointig_58_0_35073 3803 13659 35073 -1 -1 9676 0.00172679
Chain
	Aln	651	-c8d0cfcf-e8c5-4e1f-b451-c1f1eeab0cf8 3 9847 9858 -edge_326_0_+disjointig_58_0_35073 21413 31269 35073 -1 -1 9676 0.00172679
Chain
	Aln	601	+4e4dde81-a016-4d29-911f-9a78d8411d67 36 1192 1198 -edge_301_0_+disjointig_328_0_10322 698 1855 10322 -1 -1 1138 0.0040194
Chain
	Aln	600	-4e4dde81-a016-4d29-911f-9a78d8411d67 5 1161 1198 +edge_301_0_+disjointig_328_0_10322 8466 9623 10322 -1 -1 1138 0.0040194
Chain
	Aln	457	+99513dd7-9e2a-455c-9786-cdd9da9d04f3 16 2650 2665 -edge_229_0_+disjointig_275_0_2664 15 2649 2664 -1 -1 2557 0.00484369
Chain
	Aln	456	-99513dd7-9e2a-455c-9786-cdd9da9d04f3 14 2648 2665 +edge_229_0_+disjointig_275_0_2664 14 2648 2664 -1 -1 2557 0.00484369
Chain
	Aln	139	+fbf1245d-2027-43df-af1a-19b4f01dc2e8 1 2054 2067 -edge_70_0_-disjointig_67_10521_41118 13318 15373 30597 -1 -1 1860 0.00716454
Chain
	Aln	138	-fbf1245d-2027-43df-af1a-19b4f01dc2e8 12 2065 2067 +edge_70_0_-disjointig_67_10521_41118 15223 17278 30597 -1 -1 1860 0.00716454
Chain
	Aln	397	+615b7331-b315-403f-b2d3-38854bea49f5 9 3571 3573 -edge_199_0_+disjointig_25_0_3572 8 3570 3572 -1 -1 3558 9.91686e-05
Chain
	Aln	396	-615b7331-b315-403f-b2d3-38854bea49f5 1 3563 3573 +edge_199_0_+disjointig_25_0_3572 1 3563 3572 -1 -1 3558 9.91686e-05
Chain
	Aln	619	+92679201-54b8-4d0b-b0a8-91b5f7114b7e 8 1537 1541 -edge_310_0_+disjointig_39_0_32732 13693 15219 32732 -1 -1 1505 0.00470885
Chain
	Aln	618	-92679201-54b8-4d0b-b0a8-91b5f7114b7e 3 1532 1541 +edge_310_0_+disjointig_39_0_32732 17512 19038 32732 -1 -1 1505 0.00470885
Chain
	Aln	396	+6dcbbec4-1108-4724-858f-c8f973ad7c0a 22 3570 3572 +edge_199_0_+disjointig_25_0_3572 1 3550 3572 -1 -1 3521 0.00126824
Chain
	Aln	397	-6dcbbec4-1108-4724-858f-c8f973ad7c0a 1 3549 3572 -edge_199_0_+disjointig_25_0_3572 21 3570 3572 -1 -1 3521 0.00126824
Chain
	Aln	6	+44a5b9cb-dde3-4336-88b6-b612d3f9f87f 11 3013 3032 +edge_4_0_+disjointig_10_0_20168 3981 7021 20168 -1 -1 2969 0.000795425
Chain
	Aln	7	-44a5b9cb-dde3-4336-88b6-b612d3f9f87f 18 3020 3032 -edge_4_0_+disjointig_10_0_20168 13146 16186 20168 -1 -1 2969 0.000795425
Chain
	Aln	345	+66ada958-b752-49a4-ae3e-856434c3a448 7 1876 1883 -edge_173_0_+disjointig_226_0_4019 828 2703 4019 -1 -1 1796 0.00816842
Chain
	Aln	344	-66ada958-b752-49a4-ae3e-856434c3a448 6 1875 1883 +edge_173_0_+disjointig_226_0_4019 1315 3190 4019 -1 -1 1796 0.00816842
Chain
	Aln	479	+579baaf3-d259-4f32-b824-c32220408cb1 8 3024 3028 -edge_240_0_-disjointig_57_7953_51690 772 3786 43737 -1 -1 2778 0.00806052
Chain
	Aln	478	-579baaf3-d259-4f32-b824-c32220408cb1 3 3019 3028 +edge_240_0_-disjointig_57_7953_51690 39950 42964 43737 -1 -1 2778 0.00806052
Chain
	Aln	765	+c5747735-6703-4794-8911-1ba4fce2067e 2 1560 2942 -edge_383_0_+disjointig_37_1412_10185 7212 8772 8773 -1 -1 1549 0.000199575
	Aln	765	+c5747735-6703-4794-8911-1ba4fce2067e 1568 2921 2942 -edge_383_0_+disjointig_37_1412_10185 7 1368 8773 -1 -1 1290 0.00598011
Chain
	Aln	764	-c5747735-6703-4794-8911-1ba4fce2067e 20 1373 2942 +edge_383_0_+disjointig_37_1412_10185 7404 8765 8773 -1 -1 1290 0.00598011
	Aln	764	-c5747735-6703-4794-8911-1ba4fce2067e 1381 2939 2942 +edge_383_0_+disjointig_37_1412_10185 0 1560 8773 -1 -1 1549 0.000199575
Chain
	Aln	681	+ef6f3cfa-4774-4b8b-9757-5eb6168a3b6b 445 4928 4933 -edge_341_0_+disjointig_76_0_13454 6 4486 13454 -1 -1 4425 0.00177295
Chain
	Aln	680	-ef6f3cfa-4774-4b8b-9757-5eb6168a3b6b 4 4487 4933 +edge_341_0_+disjointig_76_0_13454 8967 13447 13454 -1 -1 4425 0.00177295
Chain
	Aln	647	+eeb9f2fc-1846-427d-8924-37dd006b458f 6 3377 3382 -edge_324_0_+disjointig_55_0_20283 16512 19884 20283 -1 -1 3364 6.01769e-05
Chain
	Aln	646	-eeb9f2fc-1846-427d-8924-37dd006b458f 4 3375 3382 +edge_324_0_+disjointig_55_0_20283 398 3770 20283 -1 -1 3364 6.01769e-05
Chain
	Aln	274	+8d386c4c-572d-49eb-a64b-d75770fa3725 491 2819 2824 +edge_138_0_+disjointig_200_0_2348 1 2329 2348 -1 -1 2322 0
Chain
	Aln	275	-8d386c4c-572d-49eb-a64b-d75770fa3725 4 2332 2824 -edge_138_0_+disjointig_200_0_2348 18 2346 2348 -1 -1 2322 0
Chain
	Aln	221	+b4b404b7-9b21-4dfc-ae87-178a656eaf6a 17 3819 3821 -edge_111_0_+disjointig_178_0_9957 2863 6673 9957 -1 -1 3729 9.12715e-05
Chain
	Aln	220	-b4b404b7-9b21-4dfc-ae87-178a656eaf6a 1 3803 3821 +edge_111_0_+disjointig_178_0_9957 3283 7093 9957 -1 -1 3729 9.12715e-05
Chain
	Aln	742	+3467304d-08b8-4937-8e03-7ebc25df42b5 10 1066 1068 +edge_372_0_+disjointig_48_0_14826 12193 13249 14826 -1 -1 1048 0.00204391
Chain
	Aln	743	-3467304d-08b8-4937-8e03-7ebc25df42b5 1 1057 1068 -edge_372_0_+disjointig_48_0_14826 1576 2632 14826 -1 -1 1048 0.00204391
Chain
	Aln	311	+55387d8a-f550-4999-b4b3-a1d7f87ebbc1 17 7154 7943 -edge_156_0_+disjointig_214_0_8698 1229 8365 8698 -1 -1 7083 0.000756172
Chain
	Aln	310	-55387d8a-f550-4999-b4b3-a1d7f87ebbc1 788 7925 7943 +edge_156_0_+disjointig_214_0_8698 332 7468 8698 -1 -1 7083 0.000756172
Chain
	Aln	638	+dd54952d-a176-4351-8d74-575a72d59e0c 12 10572 10578 +edge_320_0_+disjointig_51_0_24344 9187 19747 24344 -1 -1 10519 7.40805e-05
Chain
	Aln	639	-dd54952d-a176-4351-8d74-575a72d59e0c 5 10565 10578 -edge_320_0_+disjointig_51_0_24344 4596 15156 24344 -1 -1 10519 7.40805e-05
Chain
	Aln	705	+6554d35a-edaa-4e18-8025-93354dee2e58 5 1345 1457 -edge_353_0_+disjointig_89_0_13592 9340 10679 13592 -1 -1 1314 0.00123605
Chain
	Aln	704	-6554d35a-edaa-4e18-8025-93354dee2e58 111 1451 1457 +edge_353_0_+disjointig_89_0_13592 2912 4251 13592 -1 -1 1314 0.00123605
Chain
	Aln	192	+9c4f4bbe-e701-403e-9e43-29de46229388 10 3506 3508 +edge_97_0_+disjointig_165_0_15540 8493 11986 15540 -1 -1 3425 0.00344957
Chain
	Aln	193	-9c4f4bbe-e701-403e-9e43-29de46229388 1 3497 3508 -edge_97_0_+disjointig_165_0_15540 3553 7046 15540 -1 -1 3425 0.00344957
Chain
	Aln	574	+1d1e1bd7-e6b2-4e62-859a-a89b0a5ba1bb 8 1957 1959 +edge_288_0_+disjointig_318_0_5839 2174 4123 5839 -1 -1 1949 0
Chain
	Aln	575	-1d1e1bd7-e6b2-4e62-859a-a89b0a5ba1bb 1 1950 1959 -edge_288_0_+disjointig_318_0_5839 1715 3664 5839 -1 -1 1949 0
Chain
	Aln	631	+5d0fec8f-d923-452e-a632-6b9c71e29313 11 1280 1286 -edge_316_0_+disjointig_44_0_7510 2519 3789 7510 -1 -1 1232 0.00433264
Chain
	Aln	630	-5d0fec8f-d923-452e-a632-6b9c71e29313 5 1274 1286 +edge_316_0_+disjointig_44_0_7510 3720 4990 7510 -1 -1 1232 0.00433264
Chain
	Aln	218	+a7f29f2e-3f8f-431f-8cf3-8d5ca167c975 10 1940 1943 +edge_110_0_+disjointig_176_0_18510 3162 5088 18510 -1 -1 1923 0
Chain
	Aln	219	-a7f29f2e-3f8f-431f-8cf3-8d5ca167c975 2 1932 1943 -edge_110_0_+disjointig_176_0_18510 13421 15347 18510 -1 -1 1923 0
Chain
	Aln	630	+98d37845-5248-45d4-ae69-7a73d0a3ac64 8 1268 1285 +edge_316_0_+disjointig_44_0_7510 3702 4964 7510 -1 -1 1222 0.00396093
Chain
	Aln	631	-98d37845-5248-45d4-ae69-7a73d0a3ac64 16 1276 1285 -edge_316_0_+disjointig_44_0_7510 2545 3807 7510 -1 -1 1222 0.00396093
Chain
	Aln	463	+8609a948-8b8a-45a3-bc6c-3b92a471c587 2 1208 1435 -edge_232_0_+disjointig_278_0_2367 1164 2366 2367 -1 -1 1175 0.001291
Chain
	Aln	462	-8609a948-8b8a-45a3-bc6c-3b92a471c587 226 1432 1435 +edge_232_0_+disjointig_278_0_2367 0 1202 2367 -1 -1 1175 0.001291
Chain
	Aln	711	+07947570-37e5-4dda-a727-091e0649d7b9 8 4317 4707 -edge_356_0_+disjointig_93_0_25924 21140 25431 25924 -1 -1 3587 0.0195058
Chain
	Aln	710	-07947570-37e5-4dda-a727-091e0649d7b9 389 4698 4707 +edge_356_0_+disjointig_93_0_25924 492 4783 25924 -1 -1 3587 0.0195058
Chain
	Aln	731	+e3848353-eb2d-43dd-9c43-60065dd3cffe 11 2256 2258 -edge_366_0_+disjointig_301_4650_16421 1978 4226 11771 -1 -1 2203 0.00157169
Chain
	Aln	730	-e3848353-eb2d-43dd-9c43-60065dd3cffe 1 2246 2258 +edge_366_0_+disjointig_301_4650_16421 7544 9792 11771 -1 -1 2203 0.00157169
Chain
	Aln	476	+f186c3ce-6513-4417-85ed-b203a7e0cc9d 79 1161 1337 +edge_239_0_+disjointig_41_9827_31060 5826 6906 21233 -1 -1 1046 0.00411406
Chain
	Aln	477	-f186c3ce-6513-4417-85ed-b203a7e0cc9d 175 1257 1337 -edge_239_0_+disjointig_41_9827_31060 14326 15406 21233 -1 -1 1046 0.00411406
Chain
	Aln	488	+346211df-103e-42ba-bcac-cbf08637edde 4 8313 8323 +edge_245_0_+disjointig_281_0_9258 933 9249 9258 -1 -1 8174 0.00179712
Chain
	Aln	489	-346211df-103e-42ba-bcac-cbf08637edde 9 8318 8323 -edge_245_0_+disjointig_281_0_9258 8 8324 9258 -1 -1 8174 0.00179712
Chain
	Aln	219	+9e897e52-ff51-4365-816b-f83f0a15a79f 8 4204 4208 -edge_110_0_+disjointig_176_0_18510 11138 15335 18510 -1 -1 4122 0.00246703
Chain
	Aln	218	-9e897e52-ff51-4365-816b-f83f0a15a79f 3 4199 4208 +edge_110_0_+disjointig_176_0_18510 3174 7371 18510 -1 -1 4122 0.00246703
Chain
	Aln	738	+78bb2465-d9c2-4b41-b84b-1aa2102d9ef9 10 1767 1773 +edge_370_0_-disjointig_66_3457_23755 9908 11668 20298 -1 -1 1707 0
Chain
	Aln	739	-78bb2465-d9c2-4b41-b84b-1aa2102d9ef9 5 1762 1773 -edge_370_0_-disjointig_66_3457_23755 8629 10389 20298 -1 -1 1707 0
Chain
	Aln	171	+95da033f-505b-4047-aa84-6e93cbad35ac 18 1522 1524 -edge_86_0_+disjointig_157_0_3044 892 2395 3044 -1 -1 1459 0.00466548
Chain
	Aln	170	-95da033f-505b-4047-aa84-6e93cbad35ac 1 1505 1524 +edge_86_0_+disjointig_157_0_3044 648 2151 3044 -1 -1 1459 0.00466548
Chain
	Aln	467	+a4539be8-4459-42b5-a747-b67f2a8b09fc 8 1255 1260 -edge_234_0_+disjointig_28_0_27669 408 1655 27669 -1 -1 1247 0.00109867
Chain
	Aln	466	-a4539be8-4459-42b5-a747-b67f2a8b09fc 4 1251 1260 +edge_234_0_+disjointig_28_0_27669 26013 27260 27669 -1 -1 1247 0.00109867
Chain
	Aln	478	+ec17185f-ee4d-4f08-92cb-9400c6b7d876 6 1982 1985 +edge_240_0_-disjointig_57_7953_51690 5432 7408 43737 -1 -1 1949 0.00224378
Chain
	Aln	479	-ec17185f-ee4d-4f08-92cb-9400c6b7d876 2 1978 1985 -edge_240_0_-disjointig_57_7953_51690 36328 38304 43737 -1 -1 1949 0.00224378
Chain
	Aln	466	+8cbcdff7-707e-4234-b4ca-7be044348aba 13 4497 4502 +edge_234_0_+disjointig_28_0_27669 4422 8902 27669 -1 -1 4423 0.00193537
Chain
	Aln	467	-8cbcdff7-707e-4234-b4ca-7be044348aba 4 4488 4502 -edge_234_0_+disjointig_28_0_27669 18766 23246 27669 -1 -1 4423 0.00193537
Chain
	Aln	677	+83838415-43b8-438d-9779-4ebc39a32281 17 2932 3190 -edge_339_0_+disjointig_74_0_6552 3654 6551 6552 -1 -1 2860 0.00143394
Chain
	Aln	676	-83838415-43b8-438d-9779-4ebc39a32281 257 3172 3190 +edge_339_0_+disjointig_74_0_6552 0 2897 6552 -1 -1 2860 0.00143394
Chain
	Aln	446	+0a74e4ba-3708-424d-b96c-949163634f29 79 1410 1416 +edge_224_0_+disjointig_270_0_6187 2891 4220 6187 -1 -1 1281 0.00493337
Chain
	Aln	447	-0a74e4ba-3708-424d-b96c-949163634f29 5 1336 1416 -edge_224_0_+disjointig_270_0_6187 1966 3295 6187 -1 -1 1281 0.00493337
Chain
	Aln	450	+692d3da4-0ba9-455d-9e88-ae997fc16142 2 7509 7511 +edge_226_0_+disjointig_272_0_10088 2 7395 10088 -1 -1 6086 0.0106337
Chain
	Aln	451	-692d3da4-0ba9-455d-9e88-ae997fc16142 1 7508 7511 -edge_226_0_+disjointig_272_0_10088 2692 10085 10088 -1 -1 6086 0.0106337
Chain
	Aln	215	+d83f6a6e-4911-4ee5-ba88-a7dc9478603d 7 5326 6102 -edge_108_0_+disjointig_174_0_19402 6 5327 19402 -1 -1 5062 0.00590233
Chain
	Aln	214	-d83f6a6e-4911-4ee5-ba88-a7dc9478603d 775 6094 6102 +edge_108_0_+disjointig_174_0_19402 14074 19395 19402 -1 -1 5062 0.00590233
Chain
	Aln	101	+7f8689f2-8220-458b-b159-45390f67aeb5 14 5186 5189 -edge_51_0_+disjointig_122_0_5283 13 5280 5283 -1 -1 4932 0.003707
Chain
	Aln	100	-7f8689f2-8220-458b-b159-45390f67aeb5 2 5174 5189 +edge_51_0_+disjointig_122_0_5283 2 5269 5283 -1 -1 4932 0.003707
Chain
	Aln	274	+fe083106-6cba-4c97-9e13-7663df34adf4 6 1475 1483 +edge_138_0_+disjointig_200_0_2348 233 1709 2348 -1 -1 1444 0.00309503
Chain
	Aln	275	-fe083106-6cba-4c97-9e13-7663df34adf4 7 1476 1483 -edge_138_0_+disjointig_200_0_2348 638 2114 2348 -1 -1 1444 0.00309503
Chain
	Aln	375	+1772c417-b9d4-44c6-92a9-cf7cf5bd806b 3 4109 4111 -edge_188_0_+disjointig_24_0_14501 6812 10922 14501 -1 -1 4013 0.00311802
Chain
	Aln	374	-1772c417-b9d4-44c6-92a9-cf7cf5bd806b 1 4107 4111 +edge_188_0_+disjointig_24_0_14501 3578 7688 14501 -1 -1 4013 0.00311802
Chain
	Aln	478	+c84320ca-69ee-445f-8bf7-bd141fb8ce7c 9 4596 4598 +edge_240_0_-disjointig_57_7953_51690 37392 41994 43737 -1 -1 4451 0.00331404
Chain
	Aln	479	-c84320ca-69ee-445f-8bf7-bd141fb8ce7c 1 4588 4598 -edge_240_0_-disjointig_57_7953_51690 1742 6344 43737 -1 -1 4451 0.00331404
Chain
	Aln	38	+7e5b25fb-9bc6-4712-8253-19c445b6d76c 30 1479 1485 +edge_20_0_+disjointig_105_0_37299 19702 21151 37299 -1 -1 1348 0.00658247
Chain
	Aln	39	-7e5b25fb-9bc6-4712-8253-19c445b6d76c 5 1454 1485 -edge_20_0_+disjointig_105_0_37299 16147 17596 37299 -1 -1 1348 0.00658247
Chain
	Aln	150	+15b2f6de-2954-4201-b259-df78f490e131 10 2081 2084 +edge_76_0_+disjointig_146_0_22270 11998 14069 22270 -1 -1 2059 0.000731972
Chain
	Aln	151	-15b2f6de-2954-4201-b259-df78f490e131 2 2073 2084 -edge_76_0_+disjointig_146_0_22270 8200 10271 22270 -1 -1 2059 0.000731972
Chain
	Aln	680	+10c020d0-09f8-49f9-85c3-58abe609f643 10 2713 2716 +edge_341_0_+disjointig_76_0_13454 10376 13096 13454 -1 -1 2526 0.00463253
Chain
	Aln	681	-10c020d0-09f8-49f9-85c3-58abe609f643 2 2705 2716 -edge_341_0_+disjointig_76_0_13454 357 3077 13454 -1 -1 2526 0.00463253
Chain
	Aln	327	+e4642a0a-75c7-4734-aebb-e4cb6ab7e82e 13 1068 1077 -edge_164_0_+disjointig_218_0_16787 9657 10716 16787 -1 -1 1003 0.00823207
Chain
	Aln	326	-e4642a0a-75c7-4734-aebb-e4cb6ab7e82e 8 1063 1077 +edge_164_0_+disjointig_218_0_16787 6070 7129 16787 -1 -1 1003 0.00823207
Chain
	Aln	439	+ad6206e1-c7d0-4603-a88f-8fe47c246e2a 8 6611 6614 -edge_220_0_+disjointig_267_0_20749 12366 18961 20749 -1 -1 6489 0.00102435
Chain
	Aln	438	-ad6206e1-c7d0-4603-a88f-8fe47c246e2a 2 6605 6614 +edge_220_0_+disjointig_267_0_20749 1787 8382 20749 -1 -1 6489 0.00102435
Chain
	Aln	435	+305d6fe6-8a74-47ca-b10b-2dc91a32f31e 111 3984 4165 -edge_218_0_+disjointig_265_0_3893 17 3892 3893 -1 -1 3857 0.000324056
Chain
	Aln	434	-305d6fe6-8a74-47ca-b10b-2dc91a32f31e 180 4053 4165 +edge_218_0_+disjointig_265_0_3893 0 3875 3893 -1 -1 3857 0.000324056
Chain
	Aln	138	+bfe40570-8aea-47cf-bfd7-a7e01d15ff40 8 2697 2699 +edge_70_0_-disjointig_67_10521_41118 26254 28949 30597 -1 -1 2612 0.00645842
Chain
	Aln	139	-bfe40570-8aea-47cf-bfd7-a7e01d15ff40 1 2690 2699 -edge_70_0_-disjointig_67_10521_41118 1647 4342 30597 -1 -1 2612 0.00645842
Chain
	Aln	369	+ba101fdc-8a2f-428f-b05a-de33cd4ec2b7 8 4023 4028 -edge_185_0_+disjointig_237_0_7611 3590 7606 7611 -1 -1 3895 0.00284873
Chain
	Aln	368	-ba101fdc-8a2f-428f-b05a-de33cd4ec2b7 4 4019 4028 +edge_185_0_+disjointig_237_0_7611 4 4020 7611 -1 -1 3895 0.00284873
Chain
	Aln	599	+7b54e22b-0b48-455d-aa42-bb1e4f2a8c0e 10 1081 1127 -edge_300_0_+disjointig_327_0_17944 10185 11256 17944 -1 -1 799 0.0288284
Chain
	Aln	598	-7b54e22b-0b48-455d-aa42-bb1e4f2a8c0e 45 1116 1127 +edge_300_0_+disjointig_327_0_17944 6687 7758 17944 -1 -1 799 0.0288284
Chain
	Aln	341	+ea6ff9c5-42c1-4d25-8c15-533ff1e8bf52 7 6315 6317 -edge_171_0_+disjointig_224_0_11833 4859 11169 11833 -1 -1 6242 0.000855775
Chain
	Aln	340	-ea6ff9c5-42c1-4d25-8c15-533ff1e8bf52 1 6309 6317 +edge_171_0_+disjointig_224_0_11833 663 6973 11833 -1 -1 6242 0.000855775
Chain
	Aln	653	+4f5b533e-7ee7-48f0-9871-5a5e1780739b 4967 9067 9863 -edge_327_0_+disjointig_6_0_4117 15 4116 4117 -1 -1 3277 0.0220868
Chain
	Aln	16	+4f5b533e-7ee7-48f0-9871-5a5e1780739b 1513 2951 9863 +edge_9_1_-disjointig_20_5873_7328 6 1449 1455 -1 -1 1117 0.0257317
Chain
	Aln	652	-4f5b533e-7ee7-48f0-9871-5a5e1780739b 795 4895 9863 +edge_327_0_+disjointig_6_0_4117 0 4101 4117 -1 -1 3277 0.0220868
Chain
	Aln	17	-4f5b533e-7ee7-48f0-9871-5a5e1780739b 6911 8349 9863 -edge_9_1_-disjointig_20_5873_7328 5 1448 1455 -1 -1 1117 0.0257317
Chain
	Aln	689	+2d7426ef-8f91-4af8-a3d0-78f26a958224 12 7768 7771 -edge_345_0_+disjointig_81_0_7847 11 7777 7847 -1 -1 7469 0.00346705
Chain
	Aln	688	-2d7426ef-8f91-4af8-a3d0-78f26a958224 2 7758 7771 +edge_345_0_+disjointig_81_0_7847 69 7835 7847 -1 -1 7469 0.00346705
Chain
	Aln	715	+ea780104-6df2-4840-b406-ebc07eed1467 7 1986 1995 -edge_358_0_+disjointig_95_0_21066 1671 3654 21066 -1 -1 1960 0.00331054
Chain
	Aln	714	-ea780104-6df2-4840-b406-ebc07eed1467 8 1987 1995 +edge_358_0_+disjointig_95_0_21066 17411 19394 21066 -1 -1 1960 0.00331054
Chain
	Aln	699	+4339fbc5-9d05-4ea2-acce-0086058e5772 14 7060 7064 -edge_350_0_+disjointig_86_0_7057 14 7053 7057 -1 -1 6922 0.00234894
Chain
	Aln	698	-4339fbc5-9d05-4ea2-acce-0086058e5772 3 7049 7064 +edge_350_0_+disjointig_86_0_7057 3 7042 7057 -1 -1 6922 0.00234894
Chain
	Aln	37	+1905b017-5da3-4eb5-a103-16caf1c69bc5 10 1122 1146 -edge_19_0_+disjointig_104_0_20017 8305 9417 20017 -1 -1 1112 0
Chain
	Aln	36	-1905b017-5da3-4eb5-a103-16caf1c69bc5 23 1135 1146 +edge_19_0_+disjointig_104_0_20017 10599 11711 20017 -1 -1 1112 0
Chain
	Aln	646	+8b4b279b-0f73-4344-b621-c45e0a9b88a4 15 1634 1636 +edge_324_0_+disjointig_55_0_20283 14529 16148 20283 -1 -1 1610 0.00259223
Chain
	Aln	647	-8b4b279b-0f73-4344-b621-c45e0a9b88a4 1 1620 1636 -edge_324_0_+disjointig_55_0_20283 4134 5753 20283 -1 -1 1610 0.00259223
Chain
	Aln	742	+f281f289-cd5c-44d1-890e-6ef4dfff3bc0 4 11693 11984 +edge_372_0_+disjointig_48_0_14826 3113 14817 14826 -1 -1 11110 0.00533041
Chain
	Aln	743	-f281f289-cd5c-44d1-890e-6ef4dfff3bc0 290 11979 11984 -edge_372_0_+disjointig_48_0_14826 8 11712 14826 -1 -1 11110 0.00533041
Chain
	Aln	237	+4dc241d8-9783-47cc-b4da-dcb82df1538c 29 5973 5977 -edge_119_0_+disjointig_185_0_14469 2921 8863 14469 -1 -1 5891 0.000666329
Chain
	Aln	236	-4dc241d8-9783-47cc-b4da-dcb82df1538c 3 5947 5977 +edge_119_0_+disjointig_185_0_14469 5605 11547 14469 -1 -1 5891 0.000666329
Chain
	Aln	752	+1337d9f2-0cc0-4402-87f3-4bdd84c28c27 5 2811 2818 +edge_377_1_+disjointig_28_33393_38243 958 3764 4850 -1 -1 2776 0.000927523
Chain
	Aln	753	-1337d9f2-0cc0-4402-87f3-4bdd84c28c27 6 2812 2818 -edge_377_1_+disjointig_28_33393_38243 1085 3891 4850 -1 -1 2776 0.000927523
Chain
	Aln	430	+43ae2a06-0fb6-4062-be45-708842895622 407 3349 3355 +edge_216_0_+disjointig_263_0_14317 12 2956 14317 -1 -1 2902 0
Chain
	Aln	431	-43ae2a06-0fb6-4062-be45-708842895622 5 2947 3355 -edge_216_0_+disjointig_263_0_14317 11360 14304 14317 -1 -1 2902 0
Chain
	Aln	405	+38059ef7-5ca5-4eab-b229-5dae0b0e8457 80 2494 2496 -edge_203_0_+disjointig_253_0_5330 2421 4835 5330 -1 -1 2375 0.00258989
Chain
	Aln	404	-38059ef7-5ca5-4eab-b229-5dae0b0e8457 1 2415 2496 +edge_203_0_+disjointig_253_0_5330 494 2908 5330 -1 -1 2375 0.00258989
Chain
	Aln	649	+bb7ebb82-8030-4d92-bf7b-dba4739f2d9d 22 4892 4899 -edge_325_0_+disjointig_56_0_14906 8189 13062 14906 -1 -1 4859 0
Chain
	Aln	648	-bb7ebb82-8030-4d92-bf7b-dba4739f2d9d 6 4876 4899 +edge_325_0_+disjointig_56_0_14906 1843 6716 14906 -1 -1 4859 0
Chain
	Aln	655	+c0f037bb-f59f-4d60-8c32-a4c9441fd064 5 1666 1669 -edge_328_0_+disjointig_60_0_13874 7516 9183 13874 -1 -1 1614 0.000266432
Chain
	Aln	654	-c0f037bb-f59f-4d60-8c32-a4c9441fd064 2 1663 1669 +edge_328_0_+disjointig_60_0_13874 4690 6357 13874 -1 -1 1614 0.000266432
Chain
	Aln	737	+f7bfff36-04ab-40d1-b886-84eadd40ad98 9 2580 2585 -edge_369_0_+disjointig_163_0_7206 302 2871 7206 -1 -1 2476 0.00422731
Chain
	Aln	736	-f7bfff36-04ab-40d1-b886-84eadd40ad98 4 2575 2585 +edge_369_0_+disjointig_163_0_7206 4334 6903 7206 -1 -1 2476 0.00422731
Chain
	Aln	619	+144b9224-b102-41b4-8fde-0c7973a098d4 10 6810 6813 -edge_310_0_+disjointig_39_0_32732 9 6822 32732 -1 -1 6649 0.00291603
Chain
	Aln	618	-144b9224-b102-41b4-8fde-0c7973a098d4 2 6802 6813 +edge_310_0_+disjointig_39_0_32732 25909 32722 32732 -1 -1 6649 0.00291603
Chain
	Aln	738	+09d2b76b-7ddc-4d23-ba22-587eebe87409 3 7483 7888 +edge_370_0_-disjointig_66_3457_23755 12813 20293 20298 -1 -1 7321 0.00188327
Chain
	Aln	739	-09d2b76b-7ddc-4d23-ba22-587eebe87409 404 7884 7888 -edge_370_0_-disjointig_66_3457_23755 4 7484 20298 -1 -1 7321 0.00188327
Chain
	Aln	477	+9b5d3253-9fa4-45cd-8a09-29ae52c1e6a6 10 2064 2071 -edge_239_0_+disjointig_41_9827_31060 3590 5647 21233 -1 -1 2002 0.00243115
Chain
	Aln	476	-9b5d3253-9fa4-45cd-8a09-29ae52c1e6a6 6 2060 2071 +edge_239_0_+disjointig_41_9827_31060 15585 17642 21233 -1 -1 2002 0.00243115
Chain
	Aln	314	+7e02ed8d-d518-4765-8a5c-b77709881947 4 3299 3305 +edge_158_0_+disjointig_216_0_12995 6292 9600 12995 -1 -1 3017 0.0102577
Chain
	Aln	315	-7e02ed8d-d518-4765-8a5c-b77709881947 5 3300 3305 -edge_158_0_+disjointig_216_0_12995 3394 6702 12995 -1 -1 3017 0.0102577
Chain
	Aln	152	+0b58a83d-471d-41ff-a9ea-8c9c98079515 3 1136 1883 +edge_77_0_+disjointig_147_0_20037 18897 20033 20037 -1 -1 1114 0.000588666
Chain
	Aln	153	-0b58a83d-471d-41ff-a9ea-8c9c98079515 746 1879 1883 -edge_77_0_+disjointig_147_0_20037 3 1139 20037 -1 -1 1114 0.000588666
Chain
	Aln	106	+98f3531e-0044-44d7-819a-b4b5e9641c4d 6 1238 1240 +edge_54_0_+disjointig_125_0_13260 4977 6210 13260 -1 -1 1147 0.0137597
Chain
	Aln	107	-98f3531e-0044-44d7-819a-b4b5e9641c4d 1 1233 1240 -edge_54_0_+disjointig_125_0_13260 7049 8282 13260 -1 -1 1147 0.0137597
Chain
	Aln	738	+cb7d1b9b-dd84-41ef-8f5f-64dfb1862837 797 8109 8113 +edge_370_0_-disjointig_66_3457_23755 1571 8878 20298 -1 -1 6997 0.006279
Chain
	Aln	739	-cb7d1b9b-dd84-41ef-8f5f-64dfb1862837 3 7315 8113 -edge_370_0_-disjointig_66_3457_23755 11419 18726 20298 -1 -1 6997 0.006279
Chain
	Aln	371	+e5680dac-893f-4320-85b9-614bcaf3f47d 68 2839 2841 -edge_186_0_+disjointig_238_0_4153 1383 4151 4153 -1 -1 2746 0.000897917
Chain
	Aln	370	-e5680dac-893f-4320-85b9-614bcaf3f47d 1 2772 2841 +edge_186_0_+disjointig_238_0_4153 1 2769 4153 -1 -1 2746 0.000897917
Chain
	Aln	741	+459f7593-c1c5-42f1-ab91-da91a6fa43ec 8 2551 2555 -edge_371_0_+disjointig_300_12_10635 3693 6232 10623 -1 -1 2524 0.0019788
Chain
	Aln	740	-459f7593-c1c5-42f1-ab91-da91a6fa43ec 3 2546 2555 +edge_371_0_+disjointig_300_12_10635 4390 6929 10623 -1 -1 2524 0.0019788
Chain
	Aln	716	+6ae97270-4a4f-427b-b187-33ea65b5af7d 8 1843 1847 +edge_359_0_+disjointig_96_0_23495 2745 4581 23495 -1 -1 1818 0.00197952
Chain
	Aln	717	-6ae97270-4a4f-427b-b187-33ea65b5af7d 3 1838 1847 -edge_359_0_+disjointig_96_0_23495 18913 20749 23495 -1 -1 1818 0.00197952
Chain
	Aln	710	+7a7e9aba-b3b9-4835-b475-bc8e95f7f609 559 4966 4970 +edge_356_0_+disjointig_93_0_25924 1 4409 25924 -1 -1 4356 0.00298333
Chain
	Aln	711	-7a7e9aba-b3b9-4835-b475-bc8e95f7f609 3 4410 4970 -edge_356_0_+disjointig_93_0_25924 21514 25922 25924 -1 -1 4356 0.00298333
Chain
	Aln	746	+6b4b3745-a21f-4e45-8117-f355a2b33002 72 4408 4418 +edge_374_0_+disjointig_236_4011_12218 984 5318 8207 -1 -1 4321 0
Chain
	Aln	747	-6b4b3745-a21f-4e45-8117-f355a2b33002 9 4345 4418 -edge_374_0_+disjointig_236_4011_12218 2888 7222 8207 -1 -1 4321 0
Chain
	Aln	752	+270419a7-c14f-428b-89ad-7f4ba648d270 17 2025 4936 +edge_377_3_-disjointig_41_21233_26118 2857 4877 4885 -1 -1 1830 0.0113697
	Aln	473	+270419a7-c14f-428b-89ad-7f4ba648d270 2307 2773 4936 -edge_237_2_-disjointig_57_2219_2902 16 453 683 -1 -1 115 0.094343
Chain
	Aln	472	-270419a7-c14f-428b-89ad-7f4ba648d270 2162 2628 4936 +edge_237_2_-disjointig_57_2219_2902 229 666 683 -1 -1 115 0.094343
	Aln	753	-270419a7-c14f-428b-89ad-7f4ba648d270 2910 4918 4936 -edge_377_3_-disjointig_41_21233_26118 7 2027 4885 -1 -1 1830 0.0113697
Chain
	Aln	650	+28c0557f-4392-4685-89d6-3619cb7c8f6a 22 7787 7795 +edge_326_0_+disjointig_58_0_35073 12727 20491 35073 -1 -1 7722 0.0015421
Chain
	Aln	651	-28c0557f-4392-4685-89d6-3619cb7c8f6a 7 7772 7795 -edge_326_0_+disjointig_58_0_35073 14581 22345 35073 -1 -1 7722 0.0015421
Chain
	Aln	623	+64eda4e9-bce0-410b-b952-9c60f8f5d9ca 10 1380 1385 -edge_312_0_+disjointig_40_0_16996 5493 6863 16996 -1 -1 1370 0
Chain
	Aln	622	-64eda4e9-bce0-410b-b952-9c60f8f5d9ca 4 1374 1385 +edge_312_0_+disjointig_40_0_16996 10132 11502 16996 -1 -1 1370 0
Chain
	Aln	608	+b522b6fe-3099-4d84-bb87-06c95d2f7a0c 1314 3732 3736 +edge_305_0_+disjointig_35_0_17453 2 2419 17453 -1 -1 2410 0
Chain
	Aln	609	-b522b6fe-3099-4d84-bb87-06c95d2f7a0c 3 2421 3736 -edge_305_0_+disjointig_35_0_17453 15033 17450 17453 -1 -1 2410 0
Chain
	Aln	257	+47ad0bed-fa8d-4e39-ad84-ea2b9397364f 17 1748 1755 -edge_129_0_+disjointig_195_0_9643 5962 7693 9643 -1 -1 1710 0
Chain
	Aln	256	-47ad0bed-fa8d-4e39-ad84-ea2b9397364f 6 1737 1755 +edge_129_0_+disjointig_195_0_9643 1949 3680 9643 -1 -1 1710 0
Chain
	Aln	692	+3bc26ac7-de52-4c37-8b91-dde1fcec9153 21 4712 4715 +edge_347_0_+disjointig_83_0_8894 483 5207 8894 -1 -1 4294 0.00767845
Chain
	Aln	693	-3bc26ac7-de52-4c37-8b91-dde1fcec9153 2 4693 4715 -edge_347_0_+disjointig_83_0_8894 3686 8410 8894 -1 -1 4294 0.00767845
Chain
	Aln	360	+0e1f64e8-ed6f-45ff-b9cf-f3e5318777d7 9 2733 2736 +edge_181_0_+disjointig_234_0_5445 583 3312 5445 -1 -1 2696 0.000957942
Chain
	Aln	361	-0e1f64e8-ed6f-45ff-b9cf-f3e5318777d7 2 2726 2736 -edge_181_0_+disjointig_234_0_5445 2132 4861 5445 -1 -1 2696 0.000957942
Chain
	Aln	478	+08bdc604-0b9e-43e2-b100-a209d5c1f3c4 6 2499 2512 +edge_240_0_-disjointig_57_7953_51690 36831 39323 43737 -1 -1 2318 0.00855254
Chain
	Aln	479	-08bdc604-0b9e-43e2-b100-a209d5c1f3c4 12 2505 2512 -edge_240_0_-disjointig_57_7953_51690 4413 6905 43737 -1 -1 2318 0.00855254
Chain
	Aln	256	+803b8523-e5d2-4f20-97f1-31636a0dfb33 10 1719 1736 +edge_129_0_+disjointig_195_0_9643 1931 3642 9643 -1 -1 1680 0
Chain
	Aln	257	-803b8523-e5d2-4f20-97f1-31636a0dfb33 16 1725 1736 -edge_129_0_+disjointig_195_0_9643 6000 7711 9643 -1 -1 1680 0
Chain
	Aln	149	+ea04177e-0a96-45f0-9f7a-c1bffbdc3b63 12 1305 1315 -edge_75_0_+disjointig_145_0_5207 3269 4562 5207 -1 -1 1293 0
Chain
	Aln	148	-ea04177e-0a96-45f0-9f7a-c1bffbdc3b63 9 1302 1315 +edge_75_0_+disjointig_145_0_5207 644 1937 5207 -1 -1 1293 0
Chain
	Aln	761	+2e560798-12c2-4fee-a847-6dbe1ad9731e 6 12971 12976 -edge_381_0_-disjointig_45_0_30722 12104 25067 30722 -1 -1 12905 0.000166279
Chain
	Aln	760	-2e560798-12c2-4fee-a847-6dbe1ad9731e 4 12969 12976 +edge_381_0_-disjointig_45_0_30722 5654 18617 30722 -1 -1 12905 0.000166279
Chain
	Aln	641	+e893d0a0-0db3-4828-b992-3cb8d5f56ca7 18 1667 1675 -edge_321_0_+disjointig_52_0_21384 2703 4353 21384 -1 -1 1599 0.0043393
Chain
	Aln	640	-e893d0a0-0db3-4828-b992-3cb8d5f56ca7 7 1656 1675 +edge_321_0_+disjointig_52_0_21384 17030 18680 21384 -1 -1 1599 0.0043393
Chain
	Aln	70	+786c9887-a6d9-435b-bc6c-b5ba83a5eec0 71 1736 1743 +edge_36_0_+disjointig_14_15170_31787 367 2034 16617 -1 -1 1631 0.00125178
Chain
	Aln	71	-786c9887-a6d9-435b-bc6c-b5ba83a5eec0 6 1671 1743 -edge_36_0_+disjointig_14_15170_31787 14582 16249 16617 -1 -1 1631 0.00125178
Chain
	Aln	221	+9c5591bf-a729-45e1-b3f1-f0894422ec44 10 1155 1249 -edge_111_0_+disjointig_178_0_9957 8811 9956 9957 -1 -1 1145 0.000765219
Chain
	Aln	220	-9c5591bf-a729-45e1-b3f1-f0894422ec44 93 1238 1249 +edge_111_0_+disjointig_178_0_9957 0 1145 9957 -1 -1 1145 0.000765219
Chain
	Aln	37	+564c1287-16bb-48ba-967d-ff945b04a9ec 9 5512 5516 -edge_19_0_+disjointig_104_0_20017 11313 16816 20017 -1 -1 5440 0.00198701
Chain
	Aln	36	-564c1287-16bb-48ba-967d-ff945b04a9ec 3 5506 5516 +edge_19_0_+disjointig_104_0_20017 3200 8703 20017 -1 -1 5440 0.00198701
Chain
	Aln	675	+70a5cfd8-b339-4671-88a7-ec5723e5cfe1 15 1101 1109 -edge_338_0_+disjointig_73_0_7795 2160 3246 7795 -1 -1 1086 0
Chain
	Aln	674	-70a5cfd8-b339-4671-88a7-ec5723e5cfe1 7 1093 1109 +edge_338_0_+disjointig_73_0_7795 4548 5634 7795 -1 -1 1086 0
Chain
	Aln	651	+1c4e5c7d-329a-41e7-a412-4c27673e32b3 10 1682 1713 -edge_326_0_+disjointig_58_0_35073 15242 16916 35073 -1 -1 1590 0.00668889
Chain
	Aln	650	-1c4e5c7d-329a-41e7-a412-4c27673e32b3 30 1702 1713 +edge_326_0_+disjointig_58_0_35073 18156 19830 35073 -1 -1 1590 0.00668889
Chain
	Aln	716	+92b4fdfa-317d-4942-a3d0-ee3e16ba22e7 6 3532 3536 +edge_359_0_+disjointig_96_0_23495 14739 18269 23495 -1 -1 3503 0.00142118
Chain
	Aln	717	-92b4fdfa-317d-4942-a3d0-ee3e16ba22e7 3 3529 3536 -edge_359_0_+disjointig_96_0_23495 5225 8755 23495 -1 -1 3503 0.00142118
Chain
	Aln	752	+f3ae6060-e105-4307-bcfc-e149322fdf38 8 2207 2210 +edge_377_0_+disjointig_28_27669_32566 1268 3468 4897 -1 -1 2147 0.00287647
Chain
	Aln	753	-f3ae6060-e105-4307-bcfc-e149322fdf38 2 2201 2210 -edge_377_0_+disjointig_28_27669_32566 1428 3628 4897 -1 -1 2147 0.00287647
Chain
	Aln	597	+009cfa1c-a632-4c3c-94a4-212d8d653d3f 14 2318 2321 -edge_299_0_+disjointig_326_0_5557 3250 5554 5557 -1 -1 2276 0.00421655
Chain
	Aln	596	-009cfa1c-a632-4c3c-94a4-212d8d653d3f 2 2306 2321 +edge_299_0_+disjointig_326_0_5557 2 2306 5557 -1 -1 2276 0.00421655
Chain
	Aln	692	+c2ba6e0f-2025-44d4-9a97-da5d0680119d 2 3240 3247 +edge_347_0_+disjointig_83_0_8894 5120 8360 8894 -1 -1 3208 0
Chain
	Aln	693	-c2ba6e0f-2025-44d4-9a97-da5d0680119d 6 3244 3247 -edge_347_0_+disjointig_83_0_8894 533 3773 8894 -1 -1 3208 0
Chain
	Aln	119	+2664da37-beba-4e64-a572-5e3350310198 20 2054 2056 -edge_60_0_+disjointig_131_0_25925 8421 10470 25925 -1 -1 1866 0.00789063
Chain
	Aln	118	-2664da37-beba-4e64-a572-5e3350310198 1 2035 2056 +edge_60_0_+disjointig_131_0_25925 15454 17503 25925 -1 -1 1866 0.00789063
Chain
	Aln	497	+562dc24b-421c-4c67-a612-2bdc151cae4c 17 2432 2437 -edge_249_0_+disjointig_285_0_4613 2190 4608 4613 -1 -1 2355 0.00367832
Chain
	Aln	496	-562dc24b-421c-4c67-a612-2bdc151cae4c 4 2419 2437 +edge_249_0_+disjointig_285_0_4613 4 2422 4613 -1 -1 2355 0.00367832
Chain
	Aln	760	+ac6fc605-da47-4523-a43f-8b7a39c52ae1 14 1802 1805 +edge_381_0_-disjointig_45_0_30722 1118 2910 30722 -1 -1 1749 0.00432466
Chain
	Aln	761	-ac6fc605-da47-4523-a43f-8b7a39c52ae1 2 1790 1805 -edge_381_0_-disjointig_45_0_30722 27811 29603 30722 -1 -1 1749 0.00432466
Chain
	Aln	243	+ddd2815a-aba5-4749-b15d-4c8d5c4db78e 17 6167 6799 -edge_122_0_+disjointig_188_0_7167 1014 7166 7167 -1 -1 6016 0.00257931
Chain
	Aln	242	-ddd2815a-aba5-4749-b15d-4c8d5c4db78e 631 6781 6799 +edge_122_0_+disjointig_188_0_7167 0 6152 7167 -1 -1 6016 0.00257931
Chain
	Aln	647	+087fae16-2002-411e-b1d5-6b38dfda181e 2 10294 10303 -edge_324_0_+disjointig_55_0_20283 9980 20274 20283 -1 -1 10224 0
Chain
	Aln	646	-087fae16-2002-411e-b1d5-6b38dfda181e 8 10300 10303 +edge_324_0_+disjointig_55_0_20283 8 10302 20283 -1 -1 10224 0
Chain
	Aln	761	+76003d5c-07d3-419d-97db-50b7ad98bcec 12 1745 1748 -edge_381_0_-disjointig_45_0_30722 19236 20971 30722 -1 -1 1705 0.000131082
Chain
	Aln	760	-76003d5c-07d3-419d-97db-50b7ad98bcec 2 1735 1748 +edge_381_0_-disjointig_45_0_30722 9750 11485 30722 -1 -1 1705 0.000131082
Chain
	Aln	619	+a997ef70-28e3-4469-bb04-ae0de9a5a83d 7 2395 2402 -edge_310_0_+disjointig_39_0_32732 3024 5415 32732 -1 -1 2332 0.00273293
Chain
	Aln	618	-a997ef70-28e3-4469-bb04-ae0de9a5a83d 6 2394 2402 +edge_310_0_+disjointig_39_0_32732 27316 29707 32732 -1 -1 2332 0.00273293
Chain
	Aln	49	+84e164e5-8f67-4695-bfd0-6e85efe9d5c3 11 4870 4878 -edge_25_0_+disjointig_11_0_10209 5246 10105 10209 -1 -1 4844 0.000290566
Chain
	Aln	48	-84e164e5-8f67-4695-bfd0-6e85efe9d5c3 7 4866 4878 +edge_25_0_+disjointig_11_0_10209 103 4962 10209 -1 -1 4844 0.000290566
Chain
	Aln	639	+1225d897-8173-4ae5-bf08-d110d481b0a0 1 1279 1283 -edge_320_0_+disjointig_51_0_24344 17053 18342 24344 -1 -1 1207 0.00659685
Chain
	Aln	638	-1225d897-8173-4ae5-bf08-d110d481b0a0 3 1281 1283 +edge_320_0_+disjointig_51_0_24344 6001 7290 24344 -1 -1 1207 0.00659685
Chain
	Aln	720	+8de1de4d-035e-462f-a142-21ee1b50951d 251 3255 3260 +edge_361_0_-disjointig_306_0_7714 1051 4056 7714 -1 -1 2633 0.0142217
Chain
	Aln	721	-8de1de4d-035e-462f-a142-21ee1b50951d 4 3008 3260 -edge_361_0_-disjointig_306_0_7714 3657 6662 7714 -1 -1 2633 0.0142217
Chain
	Aln	11	+c51b942a-4178-4714-b210-07f88c234c4a 10 1516 1518 -edge_6_0_+disjointig_101_0_9851 324 1832 9851 -1 -1 1498 0.00186285
Chain
	Aln	10	-c51b942a-4178-4714-b210-07f88c234c4a 1 1507 1518 +edge_6_0_+disjointig_101_0_9851 8018 9526 9851 -1 -1 1498 0.00186285
Chain
	Aln	714	+3a938255-2372-48ac-b8ae-b22b0c735e05 1 9830 9864 +edge_358_0_+disjointig_95_0_21066 1 9870 21066 -1 -1 8939 0.00780715
Chain
	Aln	715	-3a938255-2372-48ac-b8ae-b22b0c735e05 33 9862 9864 -edge_358_0_+disjointig_95_0_21066 11195 21064 21066 -1 -1 8939 0.00780715
Chain
	Aln	238	+0ac50ffc-f81c-4b27-b29e-67a666f6addd 1080 7982 7990 +edge_120_0_+disjointig_186_0_20482 8 6914 20482 -1 -1 6814 0.00291863
Chain
	Aln	239	-0ac50ffc-f81c-4b27-b29e-67a666f6addd 7 6909 7990 -edge_120_0_+disjointig_186_0_20482 13567 20473 20482 -1 -1 6814 0.00291863
Chain
	Aln	37	+e15ecda9-3b22-41da-890e-f33edaee0010 10 12753 12763 -edge_19_0_+disjointig_104_0_20017 9 12813 20017 -1 -1 11050 0.0134419
Chain
	Aln	36	-e15ecda9-3b22-41da-890e-f33edaee0010 9 12752 12763 +edge_19_0_+disjointig_104_0_20017 7203 20007 20017 -1 -1 11050 0.0134419
Chain
	Aln	651	+128ade2f-bca9-4d18-aa10-ba888f1c651b 8 1893 1895 -edge_326_0_+disjointig_58_0_35073 32097 33976 35073 -1 -1 1867 0.00500875
Chain
	Aln	650	-128ade2f-bca9-4d18-aa10-ba888f1c651b 1 1886 1895 +edge_326_0_+disjointig_58_0_35073 1096 2975 35073 -1 -1 1867 0.00500875
Chain
	Aln	628	+3fb641ae-54bb-432c-9115-52157ad3dbfa 18 4311 4316 +edge_315_0_+disjointig_43_0_17713 1571 5870 17713 -1 -1 4200 0.00518315
Chain
	Aln	629	-3fb641ae-54bb-432c-9115-52157ad3dbfa 4 4297 4316 -edge_315_0_+disjointig_43_0_17713 11842 16141 17713 -1 -1 4200 0.00518315
Chain
	Aln	130	+64e1c247-54e4-459e-8b6d-e2c972d4e4e0 12 1420 1429 +edge_66_0_+disjointig_138_0_38214 24386 25796 38214 -1 -1 1373 0.00300837
Chain
	Aln	131	-64e1c247-54e4-459e-8b6d-e2c972d4e4e0 8 1416 1429 -edge_66_0_+disjointig_138_0_38214 12417 13827 38214 -1 -1 1373 0.00300837
Chain
	Aln	346	+6f886709-eb50-441a-86fe-4eb05356bb62 10 2510 2522 +edge_174_0_+disjointig_227_0_6081 3566 6071 6081 -1 -1 2495 0
Chain
	Aln	347	-6f886709-eb50-441a-86fe-4eb05356bb62 11 2511 2522 -edge_174_0_+disjointig_227_0_6081 9 2514 6081 -1 -1 2495 0
Chain
	Aln	760	+ab79b3d6-8de8-4dd0-98b5-8ba706b5be6f 6 6473 6476 +edge_381_0_-disjointig_45_0_30722 3385 9851 30722 -1 -1 6427 0.00101199
Chain
	Aln	761	-ab79b3d6-8de8-4dd0-98b5-8ba706b5be6f 2 6469 6476 -edge_381_0_-disjointig_45_0_30722 20870 27336 30722 -1 -1 6427 0.00101199
Chain
	Aln	732	+80bedf0f-4a54-4ddc-b58c-c290f83abc10 26 3120 3128 +edge_367_0_-disjointig_78_4405_23060 2247 5341 18655 -1 -1 3091 0.000125995
Chain
	Aln	733	-80bedf0f-4a54-4ddc-b58c-c290f83abc10 7 3101 3128 -edge_367_0_-disjointig_78_4405_23060 13313 16407 18655 -1 -1 3091 0.000125995
Chain
	Aln	672	+6e5a9369-a060-45c9-9934-7277f41ce54e 0 3547 3953 +edge_337_0_+disjointig_71_0_8102 4553 8099 8102 -1 -1 3538 0
Chain
	Aln	673	-6e5a9369-a060-45c9-9934-7277f41ce54e 405 3952 3953 -edge_337_0_+disjointig_71_0_8102 2 3548 8102 -1 -1 3538 0
Chain
	Aln	700	+ab718bf6-47ed-427b-aa7c-bfc714b15593 18 1085 1088 +edge_351_0_+disjointig_87_0_9199 7539 8608 9199 -1 -1 972 0.00739259
Chain
	Aln	701	-ab718bf6-47ed-427b-aa7c-bfc714b15593 2 1069 1088 -edge_351_0_+disjointig_87_0_9199 590 1659 9199 -1 -1 972 0.00739259
Chain
	Aln	16	+f5b0b29a-1f56-475a-a6cc-f6df1425ddd6 1268 2504 2515 +edge_9_1_-disjointig_20_5873_7328 6 1223 1455 -1 -1 919 0.0252287
Chain
	Aln	17	-f5b0b29a-1f56-475a-a6cc-f6df1425ddd6 10 1246 2515 -edge_9_1_-disjointig_20_5873_7328 231 1448 1455 -1 -1 919 0.0252287
Chain
	Aln	376	+6a71ecc2-1534-4157-8e4c-22e5d05877bd 23 2203 2206 +edge_189_0_+disjointig_240_0_21824 5237 7417 21824 -1 -1 2173 0
Chain
	Aln	377	-6a71ecc2-1534-4157-8e4c-22e5d05877bd 2 2182 2206 -edge_189_0_+disjointig_240_0_21824 14406 16586 21824 -1 -1 2173 0
Chain
	Aln	564	+058b35d5-8d7f-4a6b-b802-59eafd0b1b66 2 5213 5996 +edge_283_0_+disjointig_313_0_5224 2 5217 5224 -1 -1 5079 0.00221236
Chain
	Aln	565	-058b35d5-8d7f-4a6b-b802-59eafd0b1b66 782 5993 5996 -edge_283_0_+disjointig_313_0_5224 6 5221 5224 -1 -1 5079 0.00221236
Chain
	Aln	680	+1e8a347f-89cc-4806-b15b-a1ada1bd9d8a 6 1216 1218 +edge_341_0_+disjointig_76_0_13454 2247 3461 13454 -1 -1 1196 0.00140569
Chain
	Aln	681	-1e8a347f-89cc-4806-b15b-a1ada1bd9d8a 1 1211 1218 -edge_341_0_+disjointig_76_0_13454 9992 11206 13454 -1 -1 1196 0.00140569
Chain
	Aln	177	+840b8c8b-9235-48d0-bea0-d3e958fdf00b 5 1496 1507 -edge_89_0_+disjointig_159_0_7388 4357 5845 7388 -1 -1 1467 0.00164159
Chain
	Aln	176	-840b8c8b-9235-48d0-bea0-d3e958fdf00b 10 1501 1507 +edge_89_0_+disjointig_159_0_7388 1542 3030 7388 -1 -1 1467 0.00164159
Chain
	Aln	159	+a06d89c3-44b6-480e-8e34-515e7de9aabc 9 2141 2164 -edge_80_0_+disjointig_15_0_11911 4157 6287 11911 -1 -1 2098 0.000108066
Chain
	Aln	158	-a06d89c3-44b6-480e-8e34-515e7de9aabc 22 2154 2164 +edge_80_0_+disjointig_15_0_11911 5623 7753 11911 -1 -1 2098 0.000108066
Chain
	Aln	328	+1731dfe0-6e10-4ef0-ba14-3e87c800a524 12 1103 1105 +edge_165_0_+disjointig_219_0_12373 2900 3993 12373 -1 -1 1076 0.00157941
Chain
	Aln	329	-1731dfe0-6e10-4ef0-ba14-3e87c800a524 1 1092 1105 -edge_165_0_+disjointig_219_0_12373 8379 9472 12373 -1 -1 1076 0.00157941
Chain
	Aln	586	+bf12257b-bd91-4a65-8524-16e5f915f570 6 1581 1586 +edge_294_0_+disjointig_321_0_5410 2110 3682 5410 -1 -1 1539 0.00202755
Chain
	Aln	587	-bf12257b-bd91-4a65-8524-16e5f915f570 4 1579 1586 -edge_294_0_+disjointig_321_0_5410 1727 3299 5410 -1 -1 1539 0.00202755
Chain
	Aln	608	+510b53ca-f4d3-4a9f-a942-d53f647c35a0 32 4417 4424 +edge_305_0_+disjointig_35_0_17453 9681 14068 17453 -1 -1 4367 0.00102381
Chain
	Aln	609	-510b53ca-f4d3-4a9f-a942-d53f647c35a0 6 4391 4424 -edge_305_0_+disjointig_35_0_17453 3384 7771 17453 -1 -1 4367 0.00102381
Chain
	Aln	681	+d339cdec-afc9-43cb-b40f-697159b85d73 9 4326 4328 -edge_341_0_+disjointig_76_0_13454 6857 11195 13454 -1 -1 4069 0.00596205
Chain
	Aln	680	-d339cdec-afc9-43cb-b40f-697159b85d73 1 4318 4328 +edge_341_0_+disjointig_76_0_13454 2258 6596 13454 -1 -1 4069 0.00596205
Chain
	Aln	138	+6c46d15a-48ac-437d-9da5-863db26ec63d 7 2186 2191 +edge_70_0_-disjointig_67_10521_41118 28010 30188 30597 -1 -1 2121 0.00293476
Chain
	Aln	139	-6c46d15a-48ac-437d-9da5-863db26ec63d 4 2183 2191 -edge_70_0_-disjointig_67_10521_41118 408 2586 30597 -1 -1 2121 0.00293476
Chain
	Aln	21	+d54db345-e0ba-4914-b7dc-23b0d6b0f31d 524 3212 3699 -edge_11_0_-disjointig_7_3506_6213 12 2706 2707 -1 -1 2629 0.00291787
Chain
	Aln	20	-d54db345-e0ba-4914-b7dc-23b0d6b0f31d 486 3174 3699 +edge_11_0_-disjointig_7_3506_6213 0 2694 2707 -1 -1 2629 0.00291787
Chain
	Aln	138	+03c7e293-c7ee-4471-9609-730b98f7d7e3 2 3392 3394 +edge_70_0_-disjointig_67_10521_41118 27097 30489 30597 -1 -1 3342 0.0022663
Chain
	Aln	139	-03c7e293-c7ee-4471-9609-730b98f7d7e3 1 3391 3394 -edge_70_0_-disjointig_67_10521_41118 107 3499 30597 -1 -1 3342 0.0022663
Chain
	Aln	231	+88532095-74f2-4ecd-80b7-5d3bfd0b6974 1478 4607 4624 -edge_116_0_+disjointig_182_0_13686 33 3162 13686 -1 -1 3121 0
Chain
	Aln	230	-88532095-74f2-4ecd-80b7-5d3bfd0b6974 16 3145 4624 +edge_116_0_+disjointig_182_0_13686 10523 13652 13686 -1 -1 3121 0
Chain
	Aln	549	+95bdc6e3-1147-4c19-bbd8-9f4c48bf1d10 71 1503 1506 -edge_275_0_+disjointig_308_0_6668 7 1440 6668 -1 -1 1396 0.00543082
Chain
	Aln	548	-95bdc6e3-1147-4c19-bbd8-9f4c48bf1d10 2 1434 1506 +edge_275_0_+disjointig_308_0_6668 5227 6660 6668 -1 -1 1396 0.00543082
Chain
	Aln	704	+c0a8a481-2c71-4476-8aaa-4a8f56bb2076 9 3190 3199 +edge_353_0_+disjointig_89_0_13592 4334 7516 13592 -1 -1 3163 0.000425772
Chain
	Aln	705	-c0a8a481-2c71-4476-8aaa-4a8f56bb2076 8 3189 3199 -edge_353_0_+disjointig_89_0_13592 6075 9257 13592 -1 -1 3163 0.000425772
Chain
	Aln	600	+fae1d62b-637b-4333-a6bd-472d57d94887 9 1421 1423 +edge_301_0_+disjointig_328_0_10322 6400 7811 10322 -1 -1 1394 0.00481114
Chain
	Aln	601	-fae1d62b-637b-4333-a6bd-472d57d94887 1 1413 1423 -edge_301_0_+disjointig_328_0_10322 2510 3921 10322 -1 -1 1394 0.00481114
Chain
	Aln	329	+b0c2a090-3db2-4849-aeda-2b913447c8a8 12 2319 2323 -edge_165_0_+disjointig_219_0_12373 11 2318 12373 -1 -1 2286 0.00163229
Chain
	Aln	328	-b0c2a090-3db2-4849-aeda-2b913447c8a8 3 2310 2323 +edge_165_0_+disjointig_219_0_12373 10054 12361 12373 -1 -1 2286 0.00163229
Chain
	Aln	485	+7f8c9050-60a1-4438-b27f-915a480868d4 19 1052 1054 -edge_243_0_+disjointig_49_7193_20010 668 1698 12817 -1 -1 980 0.00301751
Chain
	Aln	484	-7f8c9050-60a1-4438-b27f-915a480868d4 1 1034 1054 +edge_243_0_+disjointig_49_7193_20010 11118 12148 12817 -1 -1 980 0.00301751
Chain
	Aln	128	+6799f774-6688-4a05-a996-aa1a0f3f0021 7 3611 3618 +edge_65_0_+disjointig_137_0_9196 1632 5233 9196 -1 -1 3588 0.000515746
Chain
	Aln	129	-6799f774-6688-4a05-a996-aa1a0f3f0021 6 3610 3618 -edge_65_0_+disjointig_137_0_9196 3962 7563 9196 -1 -1 3588 0.000515746
Chain
	Aln	682	+e8525b03-5cc5-4b36-a4c0-a544f260f92a 3 1069 1075 +edge_342_0_+disjointig_77_0_4616 1834 2901 4616 -1 -1 1058 0.000775968
Chain
	Aln	683	-e8525b03-5cc5-4b36-a4c0-a544f260f92a 5 1071 1075 -edge_342_0_+disjointig_77_0_4616 1714 2781 4616 -1 -1 1058 0.000775968
Chain
	Aln	150	+93b827d4-990e-49ef-a9b1-f23fdbe6e316 17 1057 1064 +edge_76_0_+disjointig_146_0_22270 10402 11450 22270 -1 -1 906 0.0196966
Chain
	Aln	151	-93b827d4-990e-49ef-a9b1-f23fdbe6e316 6 1046 1064 -edge_76_0_+disjointig_146_0_22270 10819 11867 22270 -1 -1 906 0.0196966
Chain
	Aln	441	+8f09967d-eaca-49f6-9c7f-70b985398283 16 2773 2775 -edge_221_0_+disjointig_268_0_5413 15 2768 5413 -1 -1 2726 0.00155841
Chain
	Aln	440	-8f09967d-eaca-49f6-9c7f-70b985398283 1 2758 2775 +edge_221_0_+disjointig_268_0_5413 2644 5397 5413 -1 -1 2726 0.00155841
Chain
	Aln	758	+1aa09f58-6b0c-459a-98e3-76395adf5f5d 5 2665 2672 +edge_380_0_+disjointig_98_1472_24422 14115 16778 22950 -1 -1 2633 0.0024906
Chain
	Aln	759	-1aa09f58-6b0c-459a-98e3-76395adf5f5d 6 2666 2672 -edge_380_0_+disjointig_98_1472_24422 6171 8834 22950 -1 -1 2633 0.0024906
Chain
	Aln	609	+e1d01523-187a-40aa-9c69-590b23b01a5b 4 2246 2248 -edge_305_0_+disjointig_35_0_17453 12229 14471 17453 -1 -1 2242 0.000824764
Chain
	Aln	608	-e1d01523-187a-40aa-9c69-590b23b01a5b 1 2243 2248 +edge_305_0_+disjointig_35_0_17453 2981 5223 17453 -1 -1 2242 0.000824764
Chain
	Aln	267	+00584c75-9f31-4419-96e6-6c1557c07052 8 3181 3183 -edge_134_0_+disjointig_196_0_9620 4540 7710 9620 -1 -1 3088 0.00139939
Chain
	Aln	266	-00584c75-9f31-4419-96e6-6c1557c07052 1 3174 3183 +edge_134_0_+disjointig_196_0_9620 1909 5079 9620 -1 -1 3088 0.00139939
Chain
	Aln	659	+a689dbf4-5f4f-4aa8-9047-fbac3ee358a4 11 2373 2377 -edge_330_0_+disjointig_62_0_13179 10813 13175 13179 -1 -1 2332 0.0011687
Chain
	Aln	658	-a689dbf4-5f4f-4aa8-9047-fbac3ee358a4 3 2365 2377 +edge_330_0_+disjointig_62_0_13179 3 2365 13179 -1 -1 2332 0.0011687
Chain
	Aln	133	+12ad7ba3-cee4-4753-a33f-d2f961550067 975 2814 2819 -edge_67_0_+disjointig_139_0_8253 16 1860 8253 -1 -1 1828 0.00205287
Chain
	Aln	132	-12ad7ba3-cee4-4753-a33f-d2f961550067 4 1843 2819 +edge_67_0_+disjointig_139_0_8253 6392 8236 8253 -1 -1 1828 0.00205287
Chain
	Aln	131	+68c32223-477e-489f-9b62-923825e4a5a7 13 5748 5753 -edge_66_0_+disjointig_138_0_38214 8389 14126 38214 -1 -1 5669 0.000431055
Chain
	Aln	130	-68c32223-477e-489f-9b62-923825e4a5a7 4 5739 5753 +edge_66_0_+disjointig_138_0_38214 24087 29824 38214 -1 -1 5669 0.000431055
Chain
	Aln	753	+c7fc547d-3399-4168-b608-ce9ddcfa8259 7956 10612 11294 -edge_377_1_+disjointig_28_33393_38243 7 2651 4850 -1 -1 2539 0.00546681
Chain
	Aln	752	-c7fc547d-3399-4168-b608-ce9ddcfa8259 681 3337 11294 +edge_377_1_+disjointig_28_33393_38243 2198 4842 4850 -1 -1 2539 0.00546681
Chain
	Aln	141	+126aed09-d982-4d46-80fd-752e5384fbb8 15 5716 5721 -edge_71_0_+disjointig_140_0_13641 4228 10064 13641 -1 -1 4237 0.0177369
Chain
	Aln	140	-126aed09-d982-4d46-80fd-752e5384fbb8 4 5705 5721 +edge_71_0_+disjointig_140_0_13641 3576 9412 13641 -1 -1 4237 0.0177369
Chain
	Aln	301	+b4730c6a-f2ed-4b4a-8863-703d9e897851 16 4020 4028 -edge_151_0_+disjointig_21_0_26556 15 4021 26556 -1 -1 3888 0.00244834
Chain
	Aln	300	-b4730c6a-f2ed-4b4a-8863-703d9e897851 7 4011 4028 +edge_151_0_+disjointig_21_0_26556 22534 26540 26556 -1 -1 3888 0.00244834
Chain
	Aln	118	+ec25a4a1-efdb-494c-94ae-310e08af215d 28 10851 10856 +edge_60_0_+disjointig_131_0_25925 14421 25258 25925 -1 -1 10688 0.00144365
Chain
	Aln	119	-ec25a4a1-efdb-494c-94ae-310e08af215d 4 10827 10856 -edge_60_0_+disjointig_131_0_25925 666 11503 25925 -1 -1 10688 0.00144365
Chain
	Aln	640	+7281d4c8-7666-4ba4-9f2d-d49ed49cebde 19 1059 1101 +edge_321_0_+disjointig_52_0_21384 8233 9273 21384 -1 -1 1040 0.000828705
Chain
	Aln	641	-7281d4c8-7666-4ba4-9f2d-d49ed49cebde 41 1081 1101 -edge_321_0_+disjointig_52_0_21384 12110 13150 21384 -1 -1 1040 0.000828705
Chain
	Aln	451	+1139317d-a3ec-4385-b43f-2cd788c69732 4 5047 5054 -edge_226_0_+disjointig_272_0_10088 2201 7244 10088 -1 -1 5034 0
Chain
	Aln	450	-1139317d-a3ec-4385-b43f-2cd788c69732 6 5049 5054 +edge_226_0_+disjointig_272_0_10088 2843 7886 10088 -1 -1 5034 0
Chain
	Aln	128	+342aff16-3978-423e-ac68-72ea2b5f6895 12 3106 3108 +edge_65_0_+disjointig_137_0_9196 350 3441 9196 -1 -1 3061 0
Chain
	Aln	129	-342aff16-3978-423e-ac68-72ea2b5f6895 1 3095 3108 -edge_65_0_+disjointig_137_0_9196 5754 8845 9196 -1 -1 3061 0
Chain
	Aln	133	+e6ef3bb5-1a66-493e-9fae-d936fd879a4d 554 2038 2043 -edge_67_0_+disjointig_139_0_8253 16 1497 8253 -1 -1 1397 0.0057757
Chain
	Aln	132	-e6ef3bb5-1a66-493e-9fae-d936fd879a4d 4 1488 2043 +edge_67_0_+disjointig_139_0_8253 6755 8236 8253 -1 -1 1397 0.0057757
Chain
	Aln	696	+efcec353-54c5-42d8-aa37-8c2877c6df05 7 5931 6100 +edge_349_0_+disjointig_85_0_17144 9669 15595 17144 -1 -1 5813 0.00262312
Chain
	Aln	697	-efcec353-54c5-42d8-aa37-8c2877c6df05 168 6092 6100 -edge_349_0_+disjointig_85_0_17144 1548 7474 17144 -1 -1 5813 0.00262312
Chain
	Aln	97	+1ee62cee-498a-4ad5-9bc3-e8e0f0a70bfa 7 3803 3828 -edge_49_0_+disjointig_120_0_5718 953 4755 5718 -1 -1 3740 0.00126051
Chain
	Aln	96	-1ee62cee-498a-4ad5-9bc3-e8e0f0a70bfa 24 3820 3828 +edge_49_0_+disjointig_120_0_5718 962 4764 5718 -1 -1 3740 0.00126051
Chain
	Aln	269	+1ac646ce-d031-4e56-8559-a09763b628d3 12 5257 5262 -edge_135_0_+disjointig_197_0_5262 11 5257 5262 -1 -1 5204 0.00103137
Chain
	Aln	268	-1ac646ce-d031-4e56-8559-a09763b628d3 4 5249 5262 +edge_135_0_+disjointig_197_0_5262 4 5250 5262 -1 -1 5204 0.00103137
Chain
	Aln	643	+b235c8ac-78b8-4b0b-b12d-a737a1dc32aa 66 1541 1687 -edge_322_0_+disjointig_53_0_4197 2723 4196 4197 -1 -1 1431 0.00375406
Chain
	Aln	642	-b235c8ac-78b8-4b0b-b12d-a737a1dc32aa 145 1620 1687 +edge_322_0_+disjointig_53_0_4197 0 1473 4197 -1 -1 1431 0.00375406
Chain
	Aln	34	+e94ea5c2-915b-4dd5-bab7-c44ca46b9db8 11 1775 1780 +edge_18_0_-disjointig_8_5986_18521 10126 11891 12535 -1 -1 1758 0.00208373
Chain
	Aln	35	-e94ea5c2-915b-4dd5-bab7-c44ca46b9db8 4 1768 1780 -edge_18_0_-disjointig_8_5986_18521 643 2408 12535 -1 -1 1758 0.00208373
Chain
	Aln	622	+2a4f9ed8-141a-4a12-9833-0507a4c8017c 78 2109 2115 +edge_312_0_+disjointig_40_0_16996 6237 8268 16996 -1 -1 1982 0.00284447
Chain
	Aln	623	-2a4f9ed8-141a-4a12-9833-0507a4c8017c 5 2036 2115 -edge_312_0_+disjointig_40_0_16996 8727 10758 16996 -1 -1 1982 0.00284447
Chain
	Aln	760	+8d10ca5e-364b-44c7-9e9f-7cb35ea5314c 3 2290 2297 +edge_381_0_-disjointig_45_0_30722 24505 26790 30722 -1 -1 2214 0.00531287
Chain
	Aln	761	-8d10ca5e-364b-44c7-9e9f-7cb35ea5314c 6 2293 2297 -edge_381_0_-disjointig_45_0_30722 3931 6216 30722 -1 -1 2214 0.00531287
Chain
	Aln	334	+675fcb5a-5dfe-472b-a3db-b9cec1788b19 12 1016 1021 +edge_168_0_+disjointig_221_0_14628 13145 14150 14628 -1 -1 933 0.00804102
Chain
	Aln	335	-675fcb5a-5dfe-472b-a3db-b9cec1788b19 4 1008 1021 -edge_168_0_+disjointig_221_0_14628 477 1482 14628 -1 -1 933 0.00804102
Chain
	Aln	654	+d4483fd5-336e-4d6f-8266-595ac2c8d5c8 13 6241 6328 +edge_328_0_+disjointig_60_0_13874 7640 13870 13874 -1 -1 6136 0.00326537
Chain
	Aln	655	-d4483fd5-336e-4d6f-8266-595ac2c8d5c8 86 6314 6328 -edge_328_0_+disjointig_60_0_13874 3 6233 13874 -1 -1 6136 0.00326537
Chain
	Aln	222	+aa23ffb4-5ad7-4764-a736-7c300b43be36 13 2625 3007 +edge_112_0_+disjointig_179_0_13636 10421 13032 13636 -1 -1 2601 0.00109957
Chain
	Aln	223	-aa23ffb4-5ad7-4764-a736-7c300b43be36 381 2993 3007 -edge_112_0_+disjointig_179_0_13636 603 3214 13636 -1 -1 2601 0.00109957
Chain
	Aln	696	+86d5dd65-3f21-4b3e-ae25-b05311e96b87 18 3040 3043 +edge_349_0_+disjointig_85_0_17144 18 3041 17144 -1 -1 3014 0.00323293
Chain
	Aln	697	-86d5dd65-3f21-4b3e-ae25-b05311e96b87 2 3024 3043 -edge_349_0_+disjointig_85_0_17144 14102 17125 17144 -1 -1 3014 0.00323293
Chain
	Aln	223	+e9fa8301-720a-4e14-aae3-dcac933d10dd 6 5748 5750 -edge_112_0_+disjointig_179_0_13636 2987 8728 13636 -1 -1 5718 0.00151633
Chain
	Aln	222	-e9fa8301-720a-4e14-aae3-dcac933d10dd 1 5743 5750 +edge_112_0_+disjointig_179_0_13636 4907 10648 13636 -1 -1 5718 0.00151633
Chain
	Aln	237	+68bfe163-89bd-47a4-a941-cc04c80009f1 2 3209 3211 -edge_119_0_+disjointig_185_0_14469 11260 14467 14469 -1 -1 3201 7.05366e-05
Chain
	Aln	236	-68bfe163-89bd-47a4-a941-cc04c80009f1 1 3208 3211 +edge_119_0_+disjointig_185_0_14469 1 3208 14469 -1 -1 3201 7.05366e-05
Chain
	Aln	680	+169dec5b-c878-42c5-a176-d2b446f0e516 0 8476 8481 +edge_341_0_+disjointig_76_0_13454 4979 13450 13454 -1 -1 8411 0.00144895
Chain
	Aln	681	-169dec5b-c878-42c5-a176-d2b446f0e516 4 8480 8481 -edge_341_0_+disjointig_76_0_13454 3 8474 13454 -1 -1 8411 0.00144895
Chain
	Aln	765	+d03ec217-7e09-4083-b0cc-5fee51b3f0a1 7 3419 8752 -edge_383_0_+disjointig_37_1412_10185 5353 8772 8773 -1 -1 3195 0.00642317
	Aln	765	+d03ec217-7e09-4083-b0cc-5fee51b3f0a1 3427 8725 8752 -edge_383_0_+disjointig_37_1412_10185 7 5308 8773 -1 -1 5008 0.00738993
Chain
	Aln	764	-d03ec217-7e09-4083-b0cc-5fee51b3f0a1 26 5324 8752 +edge_383_0_+disjointig_37_1412_10185 3464 8765 8773 -1 -1 5008 0.00738993
	Aln	764	-d03ec217-7e09-4083-b0cc-5fee51b3f0a1 5332 8744 8752 +edge_383_0_+disjointig_37_1412_10185 0 3419 8773 -1 -1 3195 0.00642317
Chain
	Aln	273	+619069d7-af30-4474-98fd-ffe31d492b36 15 2820 2826 -edge_137_0_+disjointig_2_0_8356 14 2818 8356 -1 -1 2769 0.0028158
Chain
	Aln	272	-619069d7-af30-4474-98fd-ffe31d492b36 5 2810 2826 +edge_137_0_+disjointig_2_0_8356 5537 8341 8356 -1 -1 2769 0.0028158
Chain
	Aln	762	+114d8a7f-91fd-46d4-b4a3-74d433e92203 11 1182 1189 +edge_382_0_+disjointig_320_7809_16454 6525 7694 8645 -1 -1 1166 0
Chain
	Aln	763	-114d8a7f-91fd-46d4-b4a3-74d433e92203 6 1177 1189 -edge_382_0_+disjointig_320_7809_16454 950 2119 8645 -1 -1 1166 0
Chain
	Aln	700	+b9b2f8ca-4618-4028-9233-942a6105d243 9 1340 1349 +edge_351_0_+disjointig_87_0_9199 7263 8594 9199 -1 -1 1331 0
Chain
	Aln	701	-b9b2f8ca-4618-4028-9233-942a6105d243 8 1339 1349 -edge_351_0_+disjointig_87_0_9199 604 1935 9199 -1 -1 1331 0
Chain
	Aln	323	+cdc28fac-5c85-457b-9e3b-442e89ac9559 13 3377 3379 -edge_162_0_+disjointig_217_13921_25831 7319 10680 11910 -1 -1 3336 0.00390327
Chain
	Aln	322	-cdc28fac-5c85-457b-9e3b-442e89ac9559 1 3365 3379 +edge_162_0_+disjointig_217_13921_25831 1229 4590 11910 -1 -1 3336 0.00390327
Chain
	Aln	566	+8d7ebee7-9a43-48f0-a57c-d7f6f91992d8 2 3241 3251 +edge_284_0_+disjointig_314_0_9221 5084 8322 9221 -1 -1 3081 0.0071794
Chain
	Aln	567	-8d7ebee7-9a43-48f0-a57c-d7f6f91992d8 9 3248 3251 -edge_284_0_+disjointig_314_0_9221 898 4136 9221 -1 -1 3081 0.0071794
Chain
	Aln	272	+6f0df1e4-b50f-48d1-8669-88ac5098def2 5 4492 4496 +edge_137_0_+disjointig_2_0_8356 3834 8333 8356 -1 -1 4293 0.00615286
Chain
	Aln	273	-6f0df1e4-b50f-48d1-8669-88ac5098def2 3 4490 4496 -edge_137_0_+disjointig_2_0_8356 22 4521 8356 -1 -1 4293 0.00615286
Chain
	Aln	673	+fa309f41-451f-47fe-b27a-05120ea7ee5f 0 2640 2664 -edge_337_0_+disjointig_71_0_8102 3340 5981 8102 -1 -1 2605 0.000994916
Chain
	Aln	672	-fa309f41-451f-47fe-b27a-05120ea7ee5f 23 2663 2664 +edge_337_0_+disjointig_71_0_8102 2120 4761 8102 -1 -1 2605 0.000994916
Chain
	Aln	275	+6542eaa5-270a-430e-b95c-46c92bd8efe9 18 1216 1219 -edge_138_0_+disjointig_200_0_2348 865 2059 2348 -1 -1 1180 0.00200941
Chain
	Aln	274	-6542eaa5-270a-430e-b95c-46c92bd8efe9 2 1200 1219 +edge_138_0_+disjointig_200_0_2348 288 1482 2348 -1 -1 1180 0.00200941
Chain
	Aln	32	+a9f7fc06-3bba-4426-9ed7-fc44e91f6e1f 25 3502 3508 +edge_17_0_+disjointig_72_5086_10406 1796 5263 5320 -1 -1 3292 0.0063641
Chain
	Aln	33	-a9f7fc06-3bba-4426-9ed7-fc44e91f6e1f 5 3482 3508 -edge_17_0_+disjointig_72_5086_10406 56 3523 5320 -1 -1 3292 0.0063641
Chain
	Aln	141	+7df9ad29-3ff1-4dc3-8e72-4a9bb42b434c 9 6351 6854 -edge_71_0_+disjointig_140_0_13641 7320 13640 13641 -1 -1 6123 0.00316913
Chain
	Aln	140	-7df9ad29-3ff1-4dc3-8e72-4a9bb42b434c 502 6844 6854 +edge_71_0_+disjointig_140_0_13641 0 6320 13641 -1 -1 6123 0.00316913
Chain
	Aln	467	+530d0164-c32a-475b-bb57-51df58516000 10 1218 1225 -edge_234_0_+disjointig_28_0_27669 23023 24233 27669 -1 -1 1005 0.0146806
Chain
	Aln	466	-530d0164-c32a-475b-bb57-51df58516000 6 1214 1225 +edge_234_0_+disjointig_28_0_27669 3435 4645 27669 -1 -1 1005 0.0146806
Chain
	Aln	141	+c34b2654-d3be-49eb-a12b-f98e40b7763e 621 3303 3307 -edge_71_0_+disjointig_140_0_13641 19 2703 13641 -1 -1 2664 0.00132378
Chain
	Aln	140	-c34b2654-d3be-49eb-a12b-f98e40b7763e 3 2685 3307 +edge_71_0_+disjointig_140_0_13641 10937 13621 13641 -1 -1 2664 0.00132378
Chain
	Aln	657	+a69b47d4-853f-400d-b69f-43de5603b0d7 9 2236 2258 -edge_329_0_+disjointig_61_0_5124 8 2235 5124 -1 -1 2221 0.00116795
Chain
	Aln	656	-a69b47d4-853f-400d-b69f-43de5603b0d7 21 2248 2258 +edge_329_0_+disjointig_61_0_5124 2888 5115 5124 -1 -1 2221 0.00116795
Chain
	Aln	669	+601e0c56-2985-48d5-bf77-a87e278437bb 6 1012 1016 -edge_335_0_+disjointig_69_0_21020 12633 13642 21020 -1 -1 989 0
Chain
	Aln	668	-601e0c56-2985-48d5-bf77-a87e278437bb 3 1009 1016 +edge_335_0_+disjointig_69_0_21020 7377 8386 21020 -1 -1 989 0
Chain
	Aln	130	+df52290f-e5bd-4e4d-89c1-981e0820c8a4 48 2231 2236 +edge_66_0_+disjointig_138_0_38214 35900 38083 38214 -1 -1 2183 0
Chain
	Aln	131	-df52290f-e5bd-4e4d-89c1-981e0820c8a4 4 2187 2236 -edge_66_0_+disjointig_138_0_38214 130 2313 38214 -1 -1 2183 0
Chain
	Aln	753	+9979ec2d-a500-4a61-bec5-a4e0e33cbfe3 6 1329 2727 -edge_377_3_-disjointig_41_21233_26118 3562 4884 4885 -1 -1 1317 0.0012312
Chain
	Aln	760	+9979ec2d-a500-4a61-bec5-a4e0e33cbfe3 1649 2725 2727 +edge_381_0_-disjointig_45_0_30722 24 1099 30722 -1 -1 1065 0
Chain
	Aln	752	-9979ec2d-a500-4a61-bec5-a4e0e33cbfe3 1397 2720 2727 +edge_377_3_-disjointig_41_21233_26118 0 1322 4885 -1 -1 1317 0.0012312
Chain
	Aln	761	-9979ec2d-a500-4a61-bec5-a4e0e33cbfe3 1 1077 2727 -edge_381_0_-disjointig_45_0_30722 29622 30697 30722 -1 -1 1065 0
Chain
	Aln	21	+ec1f86f7-a3e3-43bd-93bd-00568b33f6c4 2400 5080 8554 -edge_11_0_-disjointig_7_3506_6213 12 2706 2707 -1 -1 2297 0.0163611
	Aln	16	+ec1f86f7-a3e3-43bd-93bd-00568b33f6c4 5088 6512 8554 +edge_9_2_+disjointig_7_2707_4165 7 1449 1458 -1 -1 1147 0.0226389
Chain
	Aln	17	-ec1f86f7-a3e3-43bd-93bd-00568b33f6c4 2041 3465 8554 -edge_9_2_+disjointig_7_2707_4165 8 1450 1458 -1 -1 1147 0.0226389
	Aln	20	-ec1f86f7-a3e3-43bd-93bd-00568b33f6c4 3473 6153 8554 +edge_11_0_-disjointig_7_3506_6213 0 2694 2707 -1 -1 2297 0.0163611
Chain
	Aln	574	+7b4b08f3-530a-4264-a479-9259983ac18b 12 1119 1124 +edge_288_0_+disjointig_318_0_5839 4313 5423 5839 -1 -1 1096 0.0012806
Chain
	Aln	575	-7b4b08f3-530a-4264-a479-9259983ac18b 4 1111 1124 -edge_288_0_+disjointig_318_0_5839 415 1525 5839 -1 -1 1096 0.0012806
Chain
	Aln	442	+6dcf7d29-864a-4bf1-bc18-43cce5c17e72 4 5874 5880 +edge_222_0_+disjointig_269_0_6543 665 6538 6543 -1 -1 5749 0.0015819
Chain
	Aln	443	-6dcf7d29-864a-4bf1-bc18-43cce5c17e72 5 5875 5880 -edge_222_0_+disjointig_269_0_6543 4 5877 6543 -1 -1 5749 0.0015819
Chain
	Aln	630	+9e417765-f657-4985-b612-fa4f8618abd1 10 1102 1105 +edge_316_0_+disjointig_44_0_7510 5402 6494 7510 -1 -1 1092 0.0024471
Chain
	Aln	631	-9e417765-f657-4985-b612-fa4f8618abd1 2 1094 1105 -edge_316_0_+disjointig_44_0_7510 1015 2107 7510 -1 -1 1092 0.0024471
Chain
	Aln	339	+bd197fce-4a42-4a2c-b71b-d256348e64d9 78 2885 2887 -edge_170_0_+disjointig_223_0_8663 5849 8661 8663 -1 -1 2677 0.00443615
Chain
	Aln	338	-bd197fce-4a42-4a2c-b71b-d256348e64d9 1 2808 2887 +edge_170_0_+disjointig_223_0_8663 1 2813 8663 -1 -1 2677 0.00443615
Chain
	Aln	224	+067a1586-9b12-4d5a-97c3-379ea36c2896 1472 3647 3653 +edge_113_0_+disjointig_18_0_2571 1 2177 2571 -1 -1 2161 0
Chain
	Aln	225	-067a1586-9b12-4d5a-97c3-379ea36c2896 5 2180 3653 -edge_113_0_+disjointig_18_0_2571 393 2569 2571 -1 -1 2161 0
Chain
	Aln	745	+aa8832ce-c694-4c79-8a68-1dc71eff2ff9 14 3123 3125 -edge_373_0_+disjointig_92_0_14318 11211 14316 14318 -1 -1 3094 0.00179214
Chain
	Aln	744	-aa8832ce-c694-4c79-8a68-1dc71eff2ff9 1 3110 3125 +edge_373_0_+disjointig_92_0_14318 1 3106 14318 -1 -1 3094 0.00179214
Chain
	Aln	82	+e9b7ed95-f6b6-4585-9782-0c1266ff139e 4 1531 1535 +edge_42_0_+disjointig_115_0_26307 11256 12781 26307 -1 -1 1456 0.00463186
Chain
	Aln	83	-e9b7ed95-f6b6-4585-9782-0c1266ff139e 3 1530 1535 -edge_42_0_+disjointig_115_0_26307 13525 15050 26307 -1 -1 1456 0.00463186
Chain
	Aln	338	+19ea3d70-efc1-45b4-adc6-3b20538d6b3d 4 2340 2342 +edge_170_0_+disjointig_223_0_8663 2827 5168 8663 -1 -1 2245 0.00234853
Chain
	Aln	339	-19ea3d70-efc1-45b4-adc6-3b20538d6b3d 1 2337 2342 -edge_170_0_+disjointig_223_0_8663 3494 5835 8663 -1 -1 2245 0.00234853
Chain
	Aln	130	+51acfa5a-e5e7-48f2-a07e-e244d68cb18b 383 2474 2478 +edge_66_0_+disjointig_138_0_38214 35943 38032 38214 -1 -1 2082 0
Chain
	Aln	131	-51acfa5a-e5e7-48f2-a07e-e244d68cb18b 3 2094 2478 -edge_66_0_+disjointig_138_0_38214 181 2270 38214 -1 -1 2082 0
Chain
	Aln	619	+fd6ada89-1b5e-4670-84e6-23ca5cf94e94 12 5007 5016 -edge_310_0_+disjointig_39_0_32732 18197 23192 32732 -1 -1 4953 0.0022507
Chain
	Aln	618	-fd6ada89-1b5e-4670-84e6-23ca5cf94e94 8 5003 5016 +edge_310_0_+disjointig_39_0_32732 9539 14534 32732 -1 -1 4953 0.0022507
Chain
	Aln	450	+0ad1f1fb-996f-4710-a963-7fa8f4452910 25 1198 1205 +edge_226_0_+disjointig_272_0_10088 8723 9893 10088 -1 -1 932 0.0237854
Chain
	Aln	451	-0ad1f1fb-996f-4710-a963-7fa8f4452910 6 1179 1205 -edge_226_0_+disjointig_272_0_10088 194 1364 10088 -1 -1 932 0.0237854
Chain
	Aln	608	+ec6be143-7bc6-4a15-ae6a-25a6c373ab6a 24 10676 10679 +edge_305_0_+disjointig_35_0_17453 6323 16996 17453 -1 -1 10121 0.00353484
Chain
	Aln	609	-ec6be143-7bc6-4a15-ae6a-25a6c373ab6a 2 10654 10679 -edge_305_0_+disjointig_35_0_17453 456 11129 17453 -1 -1 10121 0.00353484
Chain
	Aln	6	+643322d3-7650-4872-8311-088fe74f9e3e 5 1551 1558 +edge_4_0_+disjointig_10_0_20168 15419 16970 20168 -1 -1 1453 0.00837327
Chain
	Aln	7	-643322d3-7650-4872-8311-088fe74f9e3e 6 1552 1558 -edge_4_0_+disjointig_10_0_20168 3197 4748 20168 -1 -1 1453 0.00837327
Chain
	Aln	641	+76d819c4-e00d-4296-89f8-76a72c6ca433 11 11162 11173 -edge_321_0_+disjointig_52_0_21384 10 11162 21384 -1 -1 10958 0.0015854
Chain
	Aln	640	-76d819c4-e00d-4296-89f8-76a72c6ca433 10 11161 11173 +edge_321_0_+disjointig_52_0_21384 10221 21373 21384 -1 -1 10958 0.0015854
Chain
	Aln	563	+8923ea39-dfa0-425c-8e3d-54739f9b6480 17 4211 4215 -edge_282_0_+disjointig_312_0_5422 16 4212 5422 -1 -1 4144 0.00197151
Chain
	Aln	562	-8923ea39-dfa0-425c-8e3d-54739f9b6480 3 4197 4215 +edge_282_0_+disjointig_312_0_5422 1209 5405 5422 -1 -1 4144 0.00197151
Chain
	Aln	45	+866c8f2e-5a7b-4307-8033-e1064493e981 9 4698 4701 -edge_23_0_+disjointig_108_0_13573 8878 13570 13573 -1 -1 4671 0.000350209
Chain
	Aln	44	-866c8f2e-5a7b-4307-8033-e1064493e981 2 4691 4701 +edge_23_0_+disjointig_108_0_13573 2 4694 13573 -1 -1 4671 0.000350209
Chain
	Aln	597	+e507ed6d-651d-4b33-b5c0-54da7cc8244a 33 1462 1496 -edge_299_0_+disjointig_326_0_5557 3507 4937 5557 -1 -1 1402 0.00555627
Chain
	Aln	596	-e507ed6d-651d-4b33-b5c0-54da7cc8244a 33 1462 1496 +edge_299_0_+disjointig_326_0_5557 619 2049 5557 -1 -1 1402 0.00555627
Chain
	Aln	153	+765a2099-c015-40ad-8802-f4f498fdc39a 5 5844 5854 -edge_77_0_+disjointig_147_0_20037 6995 12833 20037 -1 -1 5801 0.00169593
Chain
	Aln	152	-765a2099-c015-40ad-8802-f4f498fdc39a 9 5848 5854 +edge_77_0_+disjointig_147_0_20037 7203 13041 20037 -1 -1 5801 0.00169593
Chain
	Aln	119	+3dd87376-c3b6-4929-acad-7be61d7cc83b 2 4415 4420 -edge_60_0_+disjointig_131_0_25925 12411 16835 25925 -1 -1 4290 0.00358474
Chain
	Aln	118	-3dd87376-c3b6-4929-acad-7be61d7cc83b 4 4417 4420 +edge_60_0_+disjointig_131_0_25925 9089 13513 25925 -1 -1 4290 0.00358474
Chain
	Aln	275	+bb4a9496-10d9-493b-bb02-447bc271957f 15 2344 2346 -edge_138_0_+disjointig_200_0_2348 14 2346 2348 -1 -1 2317 0
Chain
	Aln	274	-bb4a9496-10d9-493b-bb02-447bc271957f 1 2330 2346 +edge_138_0_+disjointig_200_0_2348 1 2333 2348 -1 -1 2317 0
Chain
	Aln	357	+40be6291-f6de-45bb-96b0-d7bd5fbe9313 9 2442 2444 -edge_179_0_+disjointig_231_0_5235 8 2448 5235 -1 -1 2374 0.00336063
Chain
	Aln	356	-40be6291-f6de-45bb-96b0-d7bd5fbe9313 1 2434 2444 +edge_179_0_+disjointig_231_0_5235 2786 5226 5235 -1 -1 2374 0.00336063
Chain
	Aln	241	+64407689-275a-4333-9333-806838e44ac6 8 1802 1806 -edge_121_0_+disjointig_187_0_18602 7777 9571 18602 -1 -1 1771 0.00361627
Chain
	Aln	240	-64407689-275a-4333-9333-806838e44ac6 3 1797 1806 +edge_121_0_+disjointig_187_0_18602 9030 10824 18602 -1 -1 1771 0.00361627
Chain
	Aln	246	+1ddf3157-15ee-4bcd-a2cc-e638dffc1ee7 7 12823 12826 +edge_124_0_+disjointig_19_0_15579 7 12815 15579 -1 -1 12742 0
Chain
	Aln	247	-1ddf3157-15ee-4bcd-a2cc-e638dffc1ee7 2 12818 12826 -edge_124_0_+disjointig_19_0_15579 2763 15571 15579 -1 -1 12742 0
Chain
	Aln	752	+8f9e9a8c-03f3-4043-b273-4474d5b69ad3 18 2308 2314 +edge_377_5_+disjointig_57_43737_48788 2416 4707 5051 -1 -1 2237 0.0028346
Chain
	Aln	753	-8f9e9a8c-03f3-4043-b273-4474d5b69ad3 5 2295 2314 -edge_377_5_+disjointig_57_43737_48788 343 2634 5051 -1 -1 2237 0.0028346
Chain
	Aln	467	+c35cf313-e8ef-4359-bf5b-85b2ab924ec9 10 2113 2116 -edge_234_0_+disjointig_28_0_27669 11994 14098 27669 -1 -1 2087 9.73414e-05
Chain
	Aln	466	-c35cf313-e8ef-4359-bf5b-85b2ab924ec9 2 2105 2116 +edge_234_0_+disjointig_28_0_27669 13570 15674 27669 -1 -1 2087 9.73414e-05
Chain
	Aln	222	+02c4cc7b-20fe-457d-beb6-5a1794803cbb 16 1761 1769 +edge_112_0_+disjointig_179_0_13636 4283 6028 13636 -1 -1 1710 0.00414078
Chain
	Aln	223	-02c4cc7b-20fe-457d-beb6-5a1794803cbb 7 1752 1769 -edge_112_0_+disjointig_179_0_13636 7607 9352 13636 -1 -1 1710 0.00414078
Chain
	Aln	341	+2b979737-cce0-488f-a899-11df813e9ae0 7 1331 1339 -edge_171_0_+disjointig_224_0_11833 2732 4055 11833 -1 -1 1323 0.00203142
Chain
	Aln	340	-2b979737-cce0-488f-a899-11df813e9ae0 7 1331 1339 +edge_171_0_+disjointig_224_0_11833 7777 9100 11833 -1 -1 1323 0.00203142
Chain
	Aln	735	+a6e3a4b0-ada3-4e22-91bb-b7a1235831b8 9 1009 1016 -edge_368_0_-disjointig_232_0_10466 4222 5225 10466 -1 -1 992 0.000626623
Chain
	Aln	734	-a6e3a4b0-ada3-4e22-91bb-b7a1235831b8 6 1006 1016 +edge_368_0_-disjointig_232_0_10466 5240 6243 10466 -1 -1 992 0.000626623
Chain
	Aln	94	+c838b037-5310-42ad-9b11-c1ea75a7c329 5 1363 1370 +edge_48_0_+disjointig_119_0_7447 4999 6357 7447 -1 -1 1358 0.000797971
Chain
	Aln	95	-c838b037-5310-42ad-9b11-c1ea75a7c329 6 1364 1370 -edge_48_0_+disjointig_119_0_7447 1089 2447 7447 -1 -1 1358 0.000797971
Chain
	Aln	654	+0e8c6671-dd30-498f-a56c-aa8eefc08cf4 8 9498 9511 +edge_328_0_+disjointig_60_0_13874 4348 13860 13874 -1 -1 9142 0.00352382
Chain
	Aln	655	-0e8c6671-dd30-498f-a56c-aa8eefc08cf4 12 9502 9511 -edge_328_0_+disjointig_60_0_13874 13 9525 13874 -1 -1 9142 0.00352382
Chain
	Aln	196	+df552b60-97be-4b99-a963-02cbbfbb987b 24 1902 1927 +edge_99_0_+disjointig_167_0_8875 6612 8483 8875 -1 -1 1770 0.00806408
Chain
	Aln	197	-df552b60-97be-4b99-a963-02cbbfbb987b 24 1902 1927 -edge_99_0_+disjointig_167_0_8875 391 2262 8875 -1 -1 1770 0.00806408
Chain
	Aln	632	+04b55c8e-2b78-4591-a9da-09d80abebc4e 5 1090 1092 +edge_317_0_+disjointig_47_0_6304 3543 4625 6304 -1 -1 1032 0.00657117
Chain
	Aln	633	-04b55c8e-2b78-4591-a9da-09d80abebc4e 1 1086 1092 -edge_317_0_+disjointig_47_0_6304 1678 2760 6304 -1 -1 1032 0.00657117
Chain
	Aln	618	+0da03350-d219-479f-a9e0-964d1961bda3 5 7476 7478 +edge_310_0_+disjointig_39_0_32732 6243 13719 32732 -1 -1 7427 0.000611503
Chain
	Aln	619	-0da03350-d219-479f-a9e0-964d1961bda3 1 7472 7478 -edge_310_0_+disjointig_39_0_32732 19012 26488 32732 -1 -1 7427 0.000611503
Chain
	Aln	158	+8703e993-5fb8-4b7e-82e1-9f444beae6f1 19 1181 1186 +edge_80_0_+disjointig_15_0_11911 8254 9416 11911 -1 -1 1151 0
Chain
	Aln	159	-8703e993-5fb8-4b7e-82e1-9f444beae6f1 4 1166 1186 -edge_80_0_+disjointig_15_0_11911 2494 3656 11911 -1 -1 1151 0
Chain
	Aln	161	+3a8375c4-815f-4e05-be4c-70bc294f4701 12 4394 4396 -edge_81_0_+disjointig_150_0_6161 1773 6159 6161 -1 -1 4333 0.00214969
Chain
	Aln	160	-3a8375c4-815f-4e05-be4c-70bc294f4701 1 4383 4396 +edge_81_0_+disjointig_150_0_6161 1 4387 6161 -1 -1 4333 0.00214969
Chain
	Aln	752	+d5a99a68-f671-4e0e-a13b-4db7276834c6 1365 5056 5058 +edge_377_2_-disjointig_292_6900_11748 4 3699 4848 -1 -1 3620 0.0028053
Chain
	Aln	753	-d5a99a68-f671-4e0e-a13b-4db7276834c6 1 3692 5058 -edge_377_2_-disjointig_292_6900_11748 1148 4843 4848 -1 -1 3620 0.0028053
Chain
	Aln	738	+e02ac7f5-9d77-4c82-85bc-70c8182342bd 8 2315 2322 +edge_370_0_-disjointig_66_3457_23755 14034 16342 20298 -1 -1 2302 0
Chain
	Aln	739	-e02ac7f5-9d77-4c82-85bc-70c8182342bd 6 2313 2322 -edge_370_0_-disjointig_66_3457_23755 3955 6263 20298 -1 -1 2302 0
Chain
	Aln	655	+1a28b566-c408-414d-951e-793c0afaa666 11 4975 4984 -edge_328_0_+disjointig_60_0_13874 8117 13079 13874 -1 -1 4898 0.00148113
Chain
	Aln	654	-1a28b566-c408-414d-951e-793c0afaa666 8 4972 4984 +edge_328_0_+disjointig_60_0_13874 794 5756 13874 -1 -1 4898 0.00148113
Chain
	Aln	743	+b45156ba-d222-43c3-9dde-6dbfe195a3ce 17 2223 2229 -edge_372_0_+disjointig_48_0_14826 1816 4023 14826 -1 -1 2092 0.00591788
Chain
	Aln	742	-b45156ba-d222-43c3-9dde-6dbfe195a3ce 5 2211 2229 +edge_372_0_+disjointig_48_0_14826 10802 13009 14826 -1 -1 2092 0.00591788
Chain
	Aln	375	+5b22ee96-b4b6-4bb9-9211-5e521b3734fc 6 3288 3290 -edge_188_0_+disjointig_24_0_14501 3738 7028 14501 -1 -1 3239 0.00332043
Chain
	Aln	374	-5b22ee96-b4b6-4bb9-9211-5e521b3734fc 1 3283 3290 +edge_188_0_+disjointig_24_0_14501 7472 10762 14501 -1 -1 3239 0.00332043
Chain
	Aln	654	+566086cb-1fb3-400e-85a8-495b957a12c7 16 1819 1821 +edge_328_0_+disjointig_60_0_13874 135 1939 13874 -1 -1 1787 0.00149584
Chain
	Aln	655	-566086cb-1fb3-400e-85a8-495b957a12c7 1 1804 1821 -edge_328_0_+disjointig_60_0_13874 11934 13738 13874 -1 -1 1787 0.00149584
Chain
	Aln	82	+e94f05be-ee64-4e8e-b523-a7962b5ccce4 12 3002 3006 +edge_42_0_+disjointig_115_0_26307 6475 9472 26307 -1 -1 2743 0.00830863
Chain
	Aln	83	-e94f05be-ee64-4e8e-b523-a7962b5ccce4 3 2993 3006 -edge_42_0_+disjointig_115_0_26307 16834 19831 26307 -1 -1 2743 0.00830863
Chain
	Aln	738	+86497588-349b-4a65-b5e0-34a396db3e21 29 2784 2787 +edge_370_0_-disjointig_66_3457_23755 8946 11700 20298 -1 -1 2754 0
Chain
	Aln	739	-86497588-349b-4a65-b5e0-34a396db3e21 2 2757 2787 -edge_370_0_-disjointig_66_3457_23755 8597 11351 20298 -1 -1 2754 0
Chain
	Aln	402	+12cb9af5-0101-4a85-be8d-5b38183eadd9 1 6599 6631 +edge_202_0_+disjointig_252_0_6873 1 6619 6873 -1 -1 6008 0.010862
Chain
	Aln	403	-12cb9af5-0101-4a85-be8d-5b38183eadd9 31 6629 6631 -edge_202_0_+disjointig_252_0_6873 253 6871 6873 -1 -1 6008 0.010862
Chain
	Aln	39	+c9023e49-32d9-439c-8ed2-defbd107f325 10 1142 1147 -edge_20_0_+disjointig_105_0_37299 15225 16353 37299 -1 -1 1097 0.0048737
Chain
	Aln	38	-c9023e49-32d9-439c-8ed2-defbd107f325 4 1136 1147 +edge_20_0_+disjointig_105_0_37299 20945 22073 37299 -1 -1 1097 0.0048737
Chain
	Aln	246	+c5e07c01-aa86-49df-babd-32030a551640 9 5735 5748 +edge_124_0_+disjointig_19_0_15579 3091 8827 15579 -1 -1 4102 0.0312143
Chain
	Aln	247	-c5e07c01-aa86-49df-babd-32030a551640 12 5738 5748 -edge_124_0_+disjointig_19_0_15579 6751 12487 15579 -1 -1 4102 0.0312143
Chain
	Aln	551	+23c14a34-0232-4941-8da2-0a724fa1896b 18 2794 2803 -edge_276_0_+disjointig_31_0_9855 2924 5695 9855 -1 -1 2718 6.08704e-05
Chain
	Aln	550	-23c14a34-0232-4941-8da2-0a724fa1896b 8 2784 2803 +edge_276_0_+disjointig_31_0_9855 4159 6930 9855 -1 -1 2718 6.08704e-05
Chain
	Aln	685	+165e445b-89cb-4ea1-bc37-16805794fda9 1052 2526 2536 -edge_343_0_+disjointig_79_0_7287 11 1489 7287 -1 -1 1446 0.00294354
Chain
	Aln	684	-165e445b-89cb-4ea1-bc37-16805794fda9 9 1483 2536 +edge_343_0_+disjointig_79_0_7287 5797 7275 7287 -1 -1 1446 0.00294354
Chain
	Aln	753	+869d59a4-81cd-4053-bc8d-92a4b6c36913 1317 5624 5626 -edge_377_4_+disjointig_49_2346_7193 14 4325 4847 -1 -1 4188 0.00404349
Chain
	Aln	752	-869d59a4-81cd-4053-bc8d-92a4b6c36913 1 4308 5626 +edge_377_4_+disjointig_49_2346_7193 521 4832 4847 -1 -1 4188 0.00404349
Chain
	Aln	568	+628da958-194e-4afc-a859-40f0394a4422 1047 8991 8997 +edge_285_0_+disjointig_315_0_7954 4 7949 7954 -1 -1 7894 0
Chain
	Aln	569	-628da958-194e-4afc-a859-40f0394a4422 5 7949 8997 -edge_285_0_+disjointig_315_0_7954 4 7949 7954 -1 -1 7894 0
Chain
	Aln	752	+6c5fe38d-3668-401c-9c17-160f130b08b7 9 4334 5616 +edge_377_1_+disjointig_28_33393_38243 512 4842 4850 -1 -1 4169 0.0051953
Chain
	Aln	753	-6c5fe38d-3668-401c-9c17-160f130b08b7 1281 5606 5616 -edge_377_1_+disjointig_28_33393_38243 7 4337 4850 -1 -1 4169 0.0051953
Chain
	Aln	39	+0c033614-ba11-48ed-a945-478a7feed8d5 749 2449 2454 -edge_20_0_+disjointig_105_0_37299 12 1711 37299 -1 -1 1673 0.00240487
Chain
	Aln	38	-0c033614-ba11-48ed-a945-478a7feed8d5 4 1704 2454 +edge_20_0_+disjointig_105_0_37299 35587 37286 37299 -1 -1 1673 0.00240487
Chain
	Aln	159	+4454b4b7-dafa-4aaf-acd2-9753548ea4b4 338 7638 7641 -edge_80_0_+disjointig_15_0_11911 16 7319 11911 -1 -1 7198 0.000878874
Chain
	Aln	158	-4454b4b7-dafa-4aaf-acd2-9753548ea4b4 2 7302 7641 +edge_80_0_+disjointig_15_0_11911 4591 11894 11911 -1 -1 7198 0.000878874
Chain
	Aln	144	+955494d3-7802-4fe6-ad7b-b818233c8580 10 1351 1358 +edge_73_0_+disjointig_143_0_14652 696 2033 14652 -1 -1 1295 0.005906
Chain
	Aln	145	-955494d3-7802-4fe6-ad7b-b818233c8580 6 1347 1358 -edge_73_0_+disjointig_143_0_14652 12618 13955 14652 -1 -1 1295 0.005906
Chain
	Aln	341	+e5667a99-d57b-4a99-ab8a-f837a77a207d 7 6490 6493 -edge_171_0_+disjointig_224_0_11833 5344 11830 11833 -1 -1 6381 0.00123559
Chain
	Aln	340	-e5667a99-d57b-4a99-ab8a-f837a77a207d 2 6485 6493 +edge_171_0_+disjointig_224_0_11833 2 6488 11833 -1 -1 6381 0.00123559
Chain
	Aln	209	+667adf16-3af2-4c8b-b51d-e4603e5df533 24 4636 4638 -edge_105_0_+disjointig_171_0_8870 2377 6993 8870 -1 -1 4510 0.00349271
Chain
	Aln	208	-667adf16-3af2-4c8b-b51d-e4603e5df533 1 4613 4638 +edge_105_0_+disjointig_171_0_8870 1876 6492 8870 -1 -1 4510 0.00349271
Chain
	Aln	323	+b26e6529-cfd6-433c-9aaa-22b9d52a3294 12 3436 3438 -edge_162_0_+disjointig_217_13921_25831 5135 8647 11910 -1 -1 3305 0.00633298
Chain
	Aln	322	-b26e6529-cfd6-433c-9aaa-22b9d52a3294 1 3425 3438 +edge_162_0_+disjointig_217_13921_25831 3262 6774 11910 -1 -1 3305 0.00633298
Chain
	Aln	729	+2e06bed1-8594-420d-8a60-9bd1c06953ba 22 2284 2286 -edge_365_0_-disjointig_14_17885_30078 3786 6044 12193 -1 -1 2210 0.00328577
Chain
	Aln	728	-2e06bed1-8594-420d-8a60-9bd1c06953ba 1 2263 2286 +edge_365_0_-disjointig_14_17885_30078 6148 8406 12193 -1 -1 2210 0.00328577
Chain
	Aln	327	+3d2ef5e6-eca0-48a6-8808-c4e06704502e 25 2522 2532 -edge_164_0_+disjointig_218_0_16787 8220 10716 16787 -1 -1 2494 0.00170172
Chain
	Aln	326	-3d2ef5e6-eca0-48a6-8808-c4e06704502e 9 2506 2532 +edge_164_0_+disjointig_218_0_16787 6070 8566 16787 -1 -1 2494 0.00170172
Chain
	Aln	741	+50031d8f-6063-49e3-8857-8ab32774b184 8 2020 2024 -edge_371_0_+disjointig_300_12_10635 7963 9975 10623 -1 -1 1772 0.0113314
Chain
	Aln	740	-50031d8f-6063-49e3-8857-8ab32774b184 3 2015 2024 +edge_371_0_+disjointig_300_12_10635 647 2659 10623 -1 -1 1772 0.0113314
Chain
	Aln	547	+cd1187c1-b51c-4b49-8d9a-d4666e8eeda8 12 2114 2119 -edge_274_0_+disjointig_307_0_4759 1670 3771 4759 -1 -1 2080 0.00144761
Chain
	Aln	546	-cd1187c1-b51c-4b49-8d9a-d4666e8eeda8 4 2106 2119 +edge_274_0_+disjointig_307_0_4759 987 3088 4759 -1 -1 2080 0.00144761
Chain
	Aln	205	+7ac28867-5459-484f-aa82-a0f40ee3cbec 11 8652 8654 -edge_103_0_+disjointig_17_0_17973 10 8656 17973 -1 -1 8551 4.66204e-05
Chain
	Aln	204	-7ac28867-5459-484f-aa82-a0f40ee3cbec 1 8642 8654 +edge_103_0_+disjointig_17_0_17973 9316 17962 17973 -1 -1 8551 4.66204e-05
Chain
	Aln	83	+88a86938-7185-4208-8d85-c8b43d759623 33 2510 2513 -edge_42_0_+disjointig_115_0_26307 17891 20370 26307 -1 -1 2438 0.00345505
Chain
	Aln	82	-88a86938-7185-4208-8d85-c8b43d759623 2 2479 2513 +edge_42_0_+disjointig_115_0_26307 5936 8415 26307 -1 -1 2438 0.00345505
Chain
	Aln	38	+d9bf2fb2-6da7-4a23-8e12-b76f2979ad07 37 1495 1519 +edge_20_0_+disjointig_105_0_37299 9861 11317 37299 -1 -1 1365 0.00821179
Chain
	Aln	39	-d9bf2fb2-6da7-4a23-8e12-b76f2979ad07 23 1481 1519 -edge_20_0_+disjointig_105_0_37299 25981 27437 37299 -1 -1 1365 0.00821179
Chain
	Aln	760	+e6c7563c-c8ee-4039-b6aa-df57e9788060 10 8226 8229 +edge_381_0_-disjointig_45_0_30722 1679 9898 30722 -1 -1 8081 0.00199823
Chain
	Aln	761	-e6c7563c-c8ee-4039-b6aa-df57e9788060 2 8218 8229 -edge_381_0_-disjointig_45_0_30722 20823 29042 30722 -1 -1 8081 0.00199823
Chain
	Aln	231	+6bf5c2d4-4f4c-4164-a2e3-915fc10c107d 10 6001 6008 -edge_116_0_+disjointig_182_0_13686 2612 8862 13686 -1 -1 5192 0.011842
Chain
	Aln	230	-6bf5c2d4-4f4c-4164-a2e3-915fc10c107d 6 5997 6008 +edge_116_0_+disjointig_182_0_13686 4823 11073 13686 -1 -1 5192 0.011842
Chain
	Aln	347	+c6bea798-5b07-405b-8f09-025d145d72b5 10 4084 4088 -edge_174_0_+disjointig_227_0_6081 1945 6019 6081 -1 -1 4063 0.00218596
Chain
	Aln	346	-c6bea798-5b07-405b-8f09-025d145d72b5 3 4077 4088 +edge_174_0_+disjointig_227_0_6081 61 4135 6081 -1 -1 4063 0.00218596
Chain
	Aln	649	+14f0c93a-b506-474f-8c0f-6b6792d02287 37 11431 11436 -edge_325_0_+disjointig_56_0_14906 3514 14901 14906 -1 -1 11256 0.00143143
Chain
	Aln	648	-14f0c93a-b506-474f-8c0f-6b6792d02287 4 11398 11436 +edge_325_0_+disjointig_56_0_14906 4 11391 14906 -1 -1 11256 0.00143143
Chain
	Aln	99	+22eacad7-3897-43c0-8be7-3ba1a79970fd 28 1080 1083 -edge_50_0_+disjointig_121_0_2432 514 1567 2432 -1 -1 1020 0.00481019
Chain
	Aln	98	-22eacad7-3897-43c0-8be7-3ba1a79970fd 2 1054 1083 +edge_50_0_+disjointig_121_0_2432 864 1917 2432 -1 -1 1020 0.00481019
Chain
	Aln	760	+5f3116f0-ab2d-4981-b545-fd3282f97876 6 3699 3929 +edge_381_0_-disjointig_45_0_30722 6 3696 30722 -1 -1 3632 0.00286558
Chain
	Aln	761	-5f3116f0-ab2d-4981-b545-fd3282f97876 229 3922 3929 -edge_381_0_-disjointig_45_0_30722 27025 30715 30722 -1 -1 3632 0.00286558
Chain
	Aln	466	+fc6182c7-2230-43ee-ad49-21389b168861 5 1517 1521 +edge_234_0_+disjointig_28_0_27669 16211 17724 27669 -1 -1 1483 0.000958032
Chain
	Aln	467	-fc6182c7-2230-43ee-ad49-21389b168861 3 1515 1521 -edge_234_0_+disjointig_28_0_27669 9944 11457 27669 -1 -1 1483 0.000958032
Chain
	Aln	196	+d8a5dcb2-7941-461b-8413-23d3219da265 6 4795 4803 +edge_99_0_+disjointig_167_0_8875 6 4793 8875 -1 -1 4731 0.00296122
Chain
	Aln	197	-d8a5dcb2-7941-461b-8413-23d3219da265 7 4796 4803 -edge_99_0_+disjointig_167_0_8875 4081 8868 8875 -1 -1 4731 0.00296122
Chain
	Aln	178	+5d93a474-3400-41d6-9644-339aee73855d 4 5525 5529 +edge_90_0_+disjointig_16_0_20838 7521 13038 20838 -1 -1 5402 0.00139196
Chain
	Aln	179	-5d93a474-3400-41d6-9644-339aee73855d 3 5524 5529 -edge_90_0_+disjointig_16_0_20838 7799 13316 20838 -1 -1 5402 0.00139196
Chain
	Aln	183	+ddfdef02-276d-497f-b0f3-f2e1ef0e48d5 17 1209 1219 -edge_92_0_+disjointig_162_0_7370 1506 2699 7370 -1 -1 1183 0.00176339
Chain
	Aln	182	-ddfdef02-276d-497f-b0f3-f2e1ef0e48d5 9 1201 1219 +edge_92_0_+disjointig_162_0_7370 4670 5863 7370 -1 -1 1183 0.00176339
Chain
	Aln	479	+8ef669bf-c5c6-483a-b2d1-934527290001 18 1329 1337 -edge_240_0_-disjointig_57_7953_51690 22755 24064 43737 -1 -1 1305 0.00247404
Chain
	Aln	478	-8ef669bf-c5c6-483a-b2d1-934527290001 7 1318 1337 +edge_240_0_-disjointig_57_7953_51690 19672 20981 43737 -1 -1 1305 0.00247404
Chain
	Aln	40	+b49018c8-bc27-445a-8e03-94f5b8776e7a 12 4199 4205 +edge_21_0_+disjointig_106_0_7444 3265 7439 7444 -1 -1 4137 0.00176533
Chain
	Aln	41	-b49018c8-bc27-445a-8e03-94f5b8776e7a 5 4192 4205 -edge_21_0_+disjointig_106_0_7444 4 4178 7444 -1 -1 4137 0.00176533
Chain
	Aln	478	+07001810-4deb-444a-8b95-44f19b7af4b0 10 1309 1318 +edge_240_0_-disjointig_57_7953_51690 19656 20969 43737 -1 -1 1224 0.00881874
Chain
	Aln	479	-07001810-4deb-444a-8b95-44f19b7af4b0 8 1307 1318 -edge_240_0_-disjointig_57_7953_51690 22767 24080 43737 -1 -1 1224 0.00881874
Chain
	Aln	66	+6785147b-f48e-4224-ab57-fa2545925710 11 5415 5417 +edge_34_0_+disjointig_112_4217_16689 4924 10325 12472 -1 -1 5236 0.00600975
Chain
	Aln	67	-6785147b-f48e-4224-ab57-fa2545925710 1 5405 5417 -edge_34_0_+disjointig_112_4217_16689 2146 7547 12472 -1 -1 5236 0.00600975
Chain
	Aln	697	+5a4b329a-b2a3-4e18-a025-911d59d214e0 11 1070 1073 -edge_349_0_+disjointig_85_0_17144 3408 4467 17144 -1 -1 1040 0.00349659
Chain
	Aln	696	-5a4b329a-b2a3-4e18-a025-911d59d214e0 2 1061 1073 +edge_349_0_+disjointig_85_0_17144 12676 13735 17144 -1 -1 1040 0.00349659
Chain
	Aln	684	+dcb77293-3c2e-40eb-a33e-db1bf8580530 21 6098 6108 +edge_343_0_+disjointig_79_0_7287 900 6984 7287 -1 -1 6034 0.00115941
Chain
	Aln	685	-dcb77293-3c2e-40eb-a33e-db1bf8580530 9 6086 6108 -edge_343_0_+disjointig_79_0_7287 302 6386 7287 -1 -1 6034 0.00115941
Chain
	Aln	34	+92ac25e1-4d90-46b5-a5b3-6bd9b1f4314f 8 1476 1481 +edge_18_0_-disjointig_8_5986_18521 2787 4255 12535 -1 -1 1454 0.00208464
Chain
	Aln	35	-92ac25e1-4d90-46b5-a5b3-6bd9b1f4314f 4 1472 1481 -edge_18_0_-disjointig_8_5986_18521 8279 9747 12535 -1 -1 1454 0.00208464
Chain
	Aln	655	+d56a45a2-7957-4d50-852d-6b5966cef143 9 2057 2061 -edge_328_0_+disjointig_60_0_13874 4823 6871 13874 -1 -1 2048 0.000712695
Chain
	Aln	654	-d56a45a2-7957-4d50-852d-6b5966cef143 3 2051 2061 +edge_328_0_+disjointig_60_0_13874 7002 9050 13874 -1 -1 2048 0.000712695
Chain
	Aln	245	+467cc24c-965f-4899-9719-4f26a0eabca3 6 2310 2332 -edge_123_0_+disjointig_189_0_12456 6114 8424 12456 -1 -1 2243 0.00127673
Chain
	Aln	244	-467cc24c-965f-4899-9719-4f26a0eabca3 21 2325 2332 +edge_123_0_+disjointig_189_0_12456 4031 6341 12456 -1 -1 2243 0.00127673
Chain
	Aln	35	+ab06b5f4-c152-4a51-b2b7-3db96932755e 13 1477 1480 -edge_18_0_-disjointig_8_5986_18521 8269 9733 12535 -1 -1 1458 0.00146814
Chain
	Aln	34	-ab06b5f4-c152-4a51-b2b7-3db96932755e 2 1466 1480 +edge_18_0_-disjointig_8_5986_18521 2801 4265 12535 -1 -1 1458 0.00146814
Chain
	Aln	638	+dcb5da0a-b0dd-41da-89fc-2b04902db816 12 3267 3272 +edge_320_0_+disjointig_51_0_24344 10192 13456 24344 -1 -1 3166 0.00274951
Chain
	Aln	639	-dcb5da0a-b0dd-41da-89fc-2b04902db816 4 3259 3272 -edge_320_0_+disjointig_51_0_24344 10887 14151 24344 -1 -1 3166 0.00274951
Chain
	Aln	332	+2c805f85-c018-4f43-aeee-c03f5179fe1a 11 1323 1326 +edge_167_0_+disjointig_220_0_6397 3707 5019 6397 -1 -1 1291 0.00149584
Chain
	Aln	333	-2c805f85-c018-4f43-aeee-c03f5179fe1a 2 1314 1326 -edge_167_0_+disjointig_220_0_6397 1377 2689 6397 -1 -1 1291 0.00149584
Chain
	Aln	330	+693ded76-7c36-4fb6-b08d-27f276673d46 10 1838 1843 +edge_166_0_+disjointig_22_0_7556 353 2185 7556 -1 -1 1812 0.00295766
Chain
	Aln	331	-693ded76-7c36-4fb6-b08d-27f276673d46 4 1832 1843 -edge_166_0_+disjointig_22_0_7556 5370 7202 7556 -1 -1 1812 0.00295766
Chain
	Aln	423	+6cd8a0f3-c7be-4aa0-8b04-e7b6a3a8bde5 23 1105 1108 -edge_212_0_+disjointig_261_0_30460 15873 16955 30460 -1 -1 1074 0.00284215
Chain
	Aln	422	-6cd8a0f3-c7be-4aa0-8b04-e7b6a3a8bde5 2 1084 1108 +edge_212_0_+disjointig_261_0_30460 13504 14586 30460 -1 -1 1074 0.00284215
Chain
	Aln	623	+4f9bdb51-dc2f-40c4-ac72-f5d5d4e87fef 8 1078 1084 -edge_312_0_+disjointig_40_0_16996 10682 11751 16996 -1 -1 1061 0.00218612
Chain
	Aln	622	-4f9bdb51-dc2f-40c4-ac72-f5d5d4e87fef 5 1075 1084 +edge_312_0_+disjointig_40_0_16996 5244 6313 16996 -1 -1 1061 0.00218612
Chain
	Aln	71	+3494b34b-9ac2-4b20-ae11-f57f33e5dc71 12 1554 1563 -edge_36_0_+disjointig_14_15170_31787 12320 13862 16617 -1 -1 1542 0.00317437
Chain
	Aln	70	-3494b34b-9ac2-4b20-ae11-f57f33e5dc71 8 1550 1563 +edge_36_0_+disjointig_14_15170_31787 2754 4296 16617 -1 -1 1542 0.00317437
Chain
	Aln	666	+f8160a44-3107-44a8-a96a-1cf81c2aed0a 9 6224 6233 +edge_334_0_+disjointig_68_0_9918 3707 9910 9918 -1 -1 5938 0.00241255
Chain
	Aln	667	-f8160a44-3107-44a8-a96a-1cf81c2aed0a 8 6223 6233 -edge_334_0_+disjointig_68_0_9918 7 6210 9918 -1 -1 5938 0.00241255
Chain
	Aln	622	+89e2e1c0-ebfd-4065-a58f-d8505bd990f0 7 1077 1082 +edge_312_0_+disjointig_40_0_16996 5227 6297 16996 -1 -1 1070 0.000633956
Chain
	Aln	623	-89e2e1c0-ebfd-4065-a58f-d8505bd990f0 4 1074 1082 -edge_312_0_+disjointig_40_0_16996 10698 11768 16996 -1 -1 1070 0.000633956
Chain
	Aln	286	+6edecf78-ab4d-4ecc-9a57-b0e4c9c247e8 13 4777 4779 +edge_144_0_+disjointig_206_0_18223 13124 17882 18223 -1 -1 4156 0.0114723
Chain
	Aln	287	-6edecf78-ab4d-4ecc-9a57-b0e4c9c247e8 1 4765 4779 -edge_144_0_+disjointig_206_0_18223 340 5098 18223 -1 -1 4156 0.0114723
Chain
	Aln	591	+a7333725-911b-47d0-a543-74fa9158bb75 8 2581 2615 -edge_296_0_+disjointig_323_0_10102 7499 10072 10102 -1 -1 2569 0.00188261
Chain
	Aln	590	-a7333725-911b-47d0-a543-74fa9158bb75 33 2606 2615 +edge_296_0_+disjointig_323_0_10102 29 2602 10102 -1 -1 2569 0.00188261
Chain
	Aln	287	+3dbcd961-02ec-40a9-bb6a-b58a43f922fe 11 4652 4661 -edge_144_0_+disjointig_206_0_18223 5117 9753 18223 -1 -1 4593 0.000972394
Chain
	Aln	286	-3dbcd961-02ec-40a9-bb6a-b58a43f922fe 8 4649 4661 +edge_144_0_+disjointig_206_0_18223 8469 13105 18223 -1 -1 4593 0.000972394
Chain
	Aln	145	+6070af95-b205-4095-ba81-25acef9a2225 7 1224 1229 -edge_73_0_+disjointig_143_0_14652 11788 13008 14652 -1 -1 1212 0.0042111
Chain
	Aln	144	-6070af95-b205-4095-ba81-25acef9a2225 4 1221 1229 +edge_73_0_+disjointig_143_0_14652 1643 2863 14652 -1 -1 1212 0.0042111
Chain
	Aln	607	+68b80132-e076-43cb-ae39-553b4f82518b 13 8147 8151 -edge_304_0_+disjointig_34_0_21728 9112 17252 21728 -1 -1 8027 0.00225224
Chain
	Aln	606	-68b80132-e076-43cb-ae39-553b4f82518b 3 8137 8151 +edge_304_0_+disjointig_34_0_21728 4475 12615 21728 -1 -1 8027 0.00225224
Chain
	Aln	690	+fcd4c9ba-0cb8-46b8-ad7b-40b6c714bf08 17 2923 2926 +edge_346_0_+disjointig_82_0_9722 7 2919 9722 -1 -1 2875 0.00264093
Chain
	Aln	691	-fcd4c9ba-0cb8-46b8-ad7b-40b6c714bf08 2 2908 2926 -edge_346_0_+disjointig_82_0_9722 6802 9714 9722 -1 -1 2875 0.00264093
Chain
	Aln	389	+8c0a761b-bca2-4ab4-81b9-6f090283edc2 500 3160 3185 -edge_195_0_+disjointig_246_0_5529 26 2689 5529 -1 -1 2571 0.00274525
Chain
	Aln	388	-8c0a761b-bca2-4ab4-81b9-6f090283edc2 24 2684 3185 +edge_195_0_+disjointig_246_0_5529 2839 5502 5529 -1 -1 2571 0.00274525
Chain
	Aln	195	+6fa50b5e-5937-414a-9ff2-33557f3ac56b 13 1538 1563 -edge_98_0_+disjointig_166_0_14218 10695 12220 14218 -1 -1 1525 0.00142273
Chain
	Aln	194	-6fa50b5e-5937-414a-9ff2-33557f3ac56b 24 1549 1563 +edge_98_0_+disjointig_166_0_14218 1997 3522 14218 -1 -1 1525 0.00142273
Chain
	Aln	79	+2be88b4b-3f91-4288-8082-8d2d655ab25c 346 2009 2016 -edge_40_0_+disjointig_113_0_8453 19 1685 8453 -1 -1 1635 0.000623292
Chain
	Aln	78	-2be88b4b-3f91-4288-8082-8d2d655ab25c 6 1669 2016 +edge_40_0_+disjointig_113_0_8453 6767 8433 8453 -1 -1 1635 0.000623292
Chain
	Aln	477	+86e385b4-a897-4178-8739-173f4517b762 14 2213 2216 -edge_239_0_+disjointig_41_9827_31060 18487 20687 21233 -1 -1 2192 0.000748259
Chain
	Aln	476	-86e385b4-a897-4178-8739-173f4517b762 2 2201 2216 +edge_239_0_+disjointig_41_9827_31060 545 2745 21233 -1 -1 2192 0.000748259
Chain
	Aln	606	+2b7a3b02-4f09-4aff-87d2-5b3bb7e2d0dc 10 3994 4001 +edge_304_0_+disjointig_34_0_21728 9106 13087 21728 -1 -1 3955 0.0016202
Chain
	Aln	607	-2b7a3b02-4f09-4aff-87d2-5b3bb7e2d0dc 6 3990 4001 -edge_304_0_+disjointig_34_0_21728 8640 12621 21728 -1 -1 3955 0.0016202
Chain
	Aln	301	+cc18eb86-30b1-44cc-8bd1-3fc1234a4655 16 2853 2866 -edge_151_0_+disjointig_21_0_26556 20412 23248 26556 -1 -1 2772 0.00204536
Chain
	Aln	300	-cc18eb86-30b1-44cc-8bd1-3fc1234a4655 12 2849 2866 +edge_151_0_+disjointig_21_0_26556 3307 6143 26556 -1 -1 2772 0.00204536
Chain
	Aln	132	+c94e6215-4c7d-424b-ba21-bab966189565 1 6874 6876 +edge_67_0_+disjointig_139_0_8253 1 6876 8253 -1 -1 6544 0
Chain
	Aln	133	-c94e6215-4c7d-424b-ba21-bab966189565 1 6874 6876 -edge_67_0_+disjointig_139_0_8253 1376 8251 8253 -1 -1 6544 0
Chain
	Aln	323	+267b68ff-e84b-4e09-b820-e47308d2cfa9 5 1279 1285 -edge_162_0_+disjointig_217_13921_25831 8673 9946 11910 -1 -1 1268 0.00369871
Chain
	Aln	322	-267b68ff-e84b-4e09-b820-e47308d2cfa9 5 1279 1285 +edge_162_0_+disjointig_217_13921_25831 1963 3236 11910 -1 -1 1268 0.00369871
Chain
	Aln	506	+c155b470-70bf-422b-b814-37d51f3ad1b3 10 2473 2479 +edge_254_0_+disjointig_29_0_4954 1286 3756 4954 -1 -1 2416 0.0032411
Chain
	Aln	507	-c155b470-70bf-422b-b814-37d51f3ad1b3 5 2468 2479 -edge_254_0_+disjointig_29_0_4954 1197 3667 4954 -1 -1 2416 0.0032411
Chain
	Aln	242	+499ad0dd-765d-4801-92f5-b8fbb6365c63 8 3591 3596 +edge_122_0_+disjointig_188_0_7167 3579 7163 7167 -1 -1 3532 0.00193896
Chain
	Aln	243	-499ad0dd-765d-4801-92f5-b8fbb6365c63 4 3587 3596 -edge_122_0_+disjointig_188_0_7167 3 3587 7167 -1 -1 3532 0.00193896
Chain
	Aln	647	+3eb5b057-7c3d-4592-aca8-df30af7928c1 8 1093 1095 -edge_324_0_+disjointig_55_0_20283 10388 11470 20283 -1 -1 1074 0
Chain
	Aln	646	-3eb5b057-7c3d-4592-aca8-df30af7928c1 1 1086 1095 +edge_324_0_+disjointig_55_0_20283 8812 9894 20283 -1 -1 1074 0
Chain
	Aln	703	+bb6845f1-84ee-4da2-8d0d-262a7539a14d 8 3980 3987 -edge_352_0_+disjointig_88_0_9532 2207 6179 9532 -1 -1 3964 0.000282813
Chain
	Aln	702	-bb6845f1-84ee-4da2-8d0d-262a7539a14d 6 3978 3987 +edge_352_0_+disjointig_88_0_9532 3352 7324 9532 -1 -1 3964 0.000282813
Chain
	Aln	111	+6b6510b1-9309-4886-acf2-8f319780360c 808 2650 2654 -edge_56_0_+disjointig_127_0_7260 10 1857 7260 -1 -1 1788 0.00708498
Chain
	Aln	110	-6b6510b1-9309-4886-acf2-8f319780360c 3 1845 2654 +edge_56_0_+disjointig_127_0_7260 5402 7249 7260 -1 -1 1788 0.00708498
Chain
	Aln	761	+0c6571b7-8a6f-4226-92b3-e59b602d0c19 7 3962 3965 -edge_381_0_-disjointig_45_0_30722 21880 25840 30722 -1 -1 3829 0.00270473
Chain
	Aln	760	-0c6571b7-8a6f-4226-92b3-e59b602d0c19 2 3957 3965 +edge_381_0_-disjointig_45_0_30722 4881 8841 30722 -1 -1 3829 0.00270473
Chain
	Aln	335	+81964d98-45f8-4fdd-9855-515a82f1077d 10 3876 3879 -edge_168_0_+disjointig_221_0_14628 6331 10212 14628 -1 -1 3736 0.00212269
Chain
	Aln	334	-81964d98-45f8-4fdd-9855-515a82f1077d 2 3868 3879 +edge_168_0_+disjointig_221_0_14628 4415 8296 14628 -1 -1 3736 0.00212269
Chain
	Aln	318	+5d713f52-0725-43d0-98d8-b1d041687253 6 1800 5467 +edge_160_0_+disjointig_217_11253_13921 867 2665 2668 -1 -1 1776 0.00510855
Chain
	Aln	319	-5d713f52-0725-43d0-98d8-b1d041687253 3666 5460 5467 -edge_160_0_+disjointig_217_11253_13921 2 1800 2668 -1 -1 1776 0.00510855
Chain
	Aln	760	+54fc59ab-69ec-40f9-a0ea-d3ce8ee85f05 12 2387 2389 +edge_381_0_-disjointig_45_0_30722 19114 21490 30722 -1 -1 2333 0.00482919
Chain
	Aln	761	-54fc59ab-69ec-40f9-a0ea-d3ce8ee85f05 1 2376 2389 -edge_381_0_-disjointig_45_0_30722 9231 11607 30722 -1 -1 2333 0.00482919
Chain
	Aln	312	+28630b7b-869a-4e3c-af9e-b5aa465cda52 63 1831 1835 +edge_157_0_+disjointig_215_0_5860 17 1779 5860 -1 -1 1720 0.00199356
Chain
	Aln	313	-28630b7b-869a-4e3c-af9e-b5aa465cda52 3 1771 1835 -edge_157_0_+disjointig_215_0_5860 4080 5842 5860 -1 -1 1720 0.00199356
Chain
	Aln	243	+c34e5a22-9c0b-4d51-896e-4000056621ae 8 2590 2771 -edge_122_0_+disjointig_188_0_7167 4586 7166 7167 -1 -1 2517 0.00327109
Chain
	Aln	242	-c34e5a22-9c0b-4d51-896e-4000056621ae 180 2762 2771 +edge_122_0_+disjointig_188_0_7167 0 2580 7167 -1 -1 2517 0.00327109
Chain
	Aln	204	+ad746419-8ef7-42a2-ba8a-e2812836adff 7 1785 1787 +edge_103_0_+disjointig_17_0_17973 8823 10600 17973 -1 -1 1751 0
Chain
	Aln	205	-ad746419-8ef7-42a2-ba8a-e2812836adff 1 1779 1787 -edge_103_0_+disjointig_17_0_17973 7372 9149 17973 -1 -1 1751 0
Chain
	Aln	629	+7c4485eb-79f6-4386-bad8-a446a8a941a9 74 4324 4328 -edge_315_0_+disjointig_43_0_17713 13480 17712 17713 -1 -1 3869 0.0132889
Chain
	Aln	628	-7c4485eb-79f6-4386-bad8-a446a8a941a9 3 4253 4328 +edge_315_0_+disjointig_43_0_17713 0 4232 17713 -1 -1 3869 0.0132889
Chain
	Aln	326	+4eeff213-d01e-4486-b823-9e3815d47cba 5 3856 3864 +edge_164_0_+disjointig_218_0_16787 12504 16356 16787 -1 -1 3783 0.00246639
Chain
	Aln	327	-4eeff213-d01e-4486-b823-9e3815d47cba 7 3858 3864 -edge_164_0_+disjointig_218_0_16787 430 4282 16787 -1 -1 3783 0.00246639
Chain
	Aln	181	+0b56dfea-6960-4860-bb19-8ffe243d8c58 12 2429 2433 -edge_91_0_+disjointig_161_0_18481 2900 5320 18481 -1 -1 2301 0.00680435
Chain
	Aln	180	-0b56dfea-6960-4860-bb19-8ffe243d8c58 3 2420 2433 +edge_91_0_+disjointig_161_0_18481 13160 15580 18481 -1 -1 2301 0.00680435
Chain
	Aln	78	+7828c08d-3a2d-4570-b4fb-3b215e97fccf 11 1710 1719 +edge_40_0_+disjointig_113_0_8453 6230 7930 8453 -1 -1 1667 0.00181169
Chain
	Aln	79	-7828c08d-3a2d-4570-b4fb-3b215e97fccf 8 1707 1719 -edge_40_0_+disjointig_113_0_8453 522 2222 8453 -1 -1 1667 0.00181169
Chain
	Aln	650	+47501efb-cee4-4433-8dfa-2c0dc0b70055 7 1230 1233 +edge_326_0_+disjointig_58_0_35073 7453 8689 35073 -1 -1 1153 0.0119417
Chain
	Aln	651	-47501efb-cee4-4433-8dfa-2c0dc0b70055 2 1225 1233 -edge_326_0_+disjointig_58_0_35073 26383 27619 35073 -1 -1 1153 0.0119417
Chain
	Aln	436	+a9c393e7-ad3a-4f15-a1be-242ca856c846 4633 6008 6013 +edge_219_0_+disjointig_266_0_6018 14 1392 6018 -1 -1 1275 0.00750703
Chain
	Aln	437	-a9c393e7-ad3a-4f15-a1be-242ca856c846 4 1379 6013 -edge_219_0_+disjointig_266_0_6018 4625 6003 6018 -1 -1 1275 0.00750703
Chain
	Aln	446	+9db8666d-0539-49f8-9763-111e633a2a48 18 3056 3059 +edge_224_0_+disjointig_270_0_6187 2796 5919 6187 -1 -1 2643 0.0111062
Chain
	Aln	447	-9db8666d-0539-49f8-9763-111e633a2a48 2 3040 3059 -edge_224_0_+disjointig_270_0_6187 267 3390 6187 -1 -1 2643 0.0111062
Chain
	Aln	444	+e7eb54d5-747a-4b34-a719-fab6ecef1f70 6 3752 3847 +edge_223_0_+disjointig_27_0_9653 6 3766 9653 -1 -1 3593 0.00328133
Chain
	Aln	445	-e7eb54d5-747a-4b34-a719-fab6ecef1f70 94 3840 3847 -edge_223_0_+disjointig_27_0_9653 5886 9646 9653 -1 -1 3593 0.00328133
Chain
	Aln	650	+488f5f01-f70c-48d9-9e88-8d87a8ba0ef8 10 4722 4727 +edge_326_0_+disjointig_58_0_35073 23254 27973 35073 -1 -1 4560 0.00471635
Chain
	Aln	651	-488f5f01-f70c-48d9-9e88-8d87a8ba0ef8 4 4716 4727 -edge_326_0_+disjointig_58_0_35073 7099 11818 35073 -1 -1 4560 0.00471635
Chain
	Aln	231	+cf5b744a-e583-47d0-bc85-2ce84012d358 16 5520 5524 -edge_116_0_+disjointig_182_0_13686 346 5840 13686 -1 -1 5431 0.00139127
Chain
	Aln	230	-cf5b744a-e583-47d0-bc85-2ce84012d358 3 5507 5524 +edge_116_0_+disjointig_182_0_13686 7845 13339 13686 -1 -1 5431 0.00139127
Chain
	Aln	758	+ad6d23d2-26b6-426e-8dd8-c4efb007d0ee 2 12558 12570 +edge_380_0_+disjointig_98_1472_24422 10380 22939 22950 -1 -1 12269 0.00183583
Chain
	Aln	759	-ad6d23d2-26b6-426e-8dd8-c4efb007d0ee 11 12567 12570 -edge_380_0_+disjointig_98_1472_24422 10 12569 22950 -1 -1 12269 0.00183583
Chain
	Aln	509	+a38bb994-f605-4448-bea7-51aef647f881 592 3015 4140 -edge_255_0_+disjointig_290_0_2447 23 2446 2447 -1 -1 2423 0
Chain
	Aln	508	-a38bb994-f605-4448-bea7-51aef647f881 1124 3547 4140 +edge_255_0_+disjointig_290_0_2447 0 2423 2447 -1 -1 2423 0
Chain
	Aln	476	+cba38b5b-8eff-4e48-87b0-7ab0447c77a2 13 1699 1705 +edge_239_0_+disjointig_41_9827_31060 4255 5943 21233 -1 -1 1674 0.0025874
Chain
	Aln	477	-cba38b5b-8eff-4e48-87b0-7ab0447c77a2 5 1691 1705 -edge_239_0_+disjointig_41_9827_31060 15289 16977 21233 -1 -1 1674 0.0025874
Chain
	Aln	167	+93b7b54d-c389-4e58-abe7-239a2540bb3a 12 1131 1139 -edge_84_0_+disjointig_155_0_11844 4694 5866 11844 -1 -1 1009 0.00660598
Chain
	Aln	166	-93b7b54d-c389-4e58-abe7-239a2540bb3a 7 1126 1139 +edge_84_0_+disjointig_155_0_11844 5977 7149 11844 -1 -1 1009 0.00660598
Chain
	Aln	153	+e8430b0c-482d-4667-9ef9-734399b76847 3 2873 2879 -edge_77_0_+disjointig_147_0_20037 12627 15502 20037 -1 -1 2853 0.000964165
Chain
	Aln	152	-e8430b0c-482d-4667-9ef9-734399b76847 5 2875 2879 +edge_77_0_+disjointig_147_0_20037 4534 7409 20037 -1 -1 2853 0.000964165
Chain
	Aln	404	+4760ea0c-4a81-4e03-9897-dc7e29d380d9 8 3918 3921 +edge_203_0_+disjointig_253_0_5330 1406 5328 5330 -1 -1 3761 0.00503757
Chain
	Aln	405	-4760ea0c-4a81-4e03-9897-dc7e29d380d9 2 3912 3921 -edge_203_0_+disjointig_253_0_5330 1 3923 5330 -1 -1 3761 0.00503757
Chain
	Aln	167	+e91ca8ae-f3fc-44c4-9fe7-25ce8083e39a 8 3117 3218 -edge_84_0_+disjointig_155_0_11844 5897 9003 11844 -1 -1 3090 0.000726459
Chain
	Aln	166	-e91ca8ae-f3fc-44c4-9fe7-25ce8083e39a 100 3209 3218 +edge_84_0_+disjointig_155_0_11844 2840 5946 11844 -1 -1 3090 0.000726459
Chain
	Aln	607	+9617ee4e-86b1-4bec-a820-33d06195bd11 21 3339 3341 -edge_304_0_+disjointig_34_0_21728 11117 14435 21728 -1 -1 3292 0.00136761
Chain
	Aln	606	-9617ee4e-86b1-4bec-a820-33d06195bd11 1 3319 3341 +edge_304_0_+disjointig_34_0_21728 7292 10610 21728 -1 -1 3292 0.00136761
Chain
	Aln	622	+62c1e3f7-5830-4345-beb4-a5fa425ec644 17 2553 2817 +edge_312_0_+disjointig_40_0_16996 14087 16626 16996 -1 -1 2465 0.00430947
Chain
	Aln	623	-62c1e3f7-5830-4345-beb4-a5fa425ec644 263 2799 2817 -edge_312_0_+disjointig_40_0_16996 369 2908 16996 -1 -1 2465 0.00430947
Chain
	Aln	151	+6938aabc-adbe-46bb-9778-e7e504a06ff0 4 19276 19278 -edge_76_0_+disjointig_146_0_22270 2975 22268 22270 -1 -1 19085 0.00121318
Chain
	Aln	150	-6938aabc-adbe-46bb-9778-e7e504a06ff0 1 19273 19278 +edge_76_0_+disjointig_146_0_22270 1 19294 22270 -1 -1 19085 0.00121318
Chain
	Aln	566	+affef4b1-ab1f-4e81-a419-e6ffc3d47cf1 8 2103 2511 +edge_284_0_+disjointig_314_0_9221 7031 9191 9221 -1 -1 2021 0.00714103
Chain
	Aln	567	-affef4b1-ab1f-4e81-a419-e6ffc3d47cf1 407 2502 2511 -edge_284_0_+disjointig_314_0_9221 29 2189 9221 -1 -1 2021 0.00714103
Chain
	Aln	39	+2ad542e1-85d6-4f95-8bbf-87ad20565d0f 15 1695 1697 -edge_20_0_+disjointig_105_0_37299 35080 36761 37299 -1 -1 1645 0.00417815
Chain
	Aln	38	-2ad542e1-85d6-4f95-8bbf-87ad20565d0f 1 1681 1697 +edge_20_0_+disjointig_105_0_37299 537 2218 37299 -1 -1 1645 0.00417815
Chain
	Aln	247	+5ad4a2ff-bfa9-49aa-93cf-f6d75cae5821 75 3664 3667 -edge_124_0_+disjointig_19_0_15579 8635 12224 15579 -1 -1 3509 0.000817607
Chain
	Aln	246	-5ad4a2ff-bfa9-49aa-93cf-f6d75cae5821 2 3591 3667 +edge_124_0_+disjointig_19_0_15579 3354 6943 15579 -1 -1 3509 0.000817607
Chain
	Aln	398	+184ba331-4018-4a7d-9504-3a16febccd0b 2116 8049 8052 +edge_200_0_+disjointig_250_0_5936 3 5934 5936 -1 -1 5903 0.00206647
Chain
	Aln	399	-184ba331-4018-4a7d-9504-3a16febccd0b 2 5935 8052 -edge_200_0_+disjointig_250_0_5936 1 5932 5936 -1 -1 5903 0.00206647
Chain
	Aln	82	+4d5cd4b6-09d7-42b6-a16c-8308a0cb0206 11 3618 3621 +edge_42_0_+disjointig_115_0_26307 17823 21426 26307 -1 -1 3483 0.0036393
Chain
	Aln	83	-4d5cd4b6-09d7-42b6-a16c-8308a0cb0206 2 3609 3621 -edge_42_0_+disjointig_115_0_26307 4880 8483 26307 -1 -1 3483 0.0036393
Chain
	Aln	229	+2aa3de11-f3cf-4a9d-9f07-607545f27846 856 3435 3444 -edge_115_0_+disjointig_181_0_5172 9 2588 5172 -1 -1 2562 0
Chain
	Aln	228	-2aa3de11-f3cf-4a9d-9f07-607545f27846 8 2587 3444 +edge_115_0_+disjointig_181_0_5172 2583 5162 5172 -1 -1 2562 0
Chain
	Aln	211	+e35d5837-7ea2-4655-88b4-e8207fedae79 9 2703 2710 -edge_106_0_+disjointig_172_0_11649 660 3353 11649 -1 -1 2648 0.00317141
Chain
	Aln	210	-e35d5837-7ea2-4655-88b4-e8207fedae79 6 2700 2710 +edge_106_0_+disjointig_172_0_11649 8295 10988 11649 -1 -1 2648 0.00317141
Chain
	Aln	448	+e9fb1063-2f6b-4df9-bf55-4e7c7ae5501f 1 4374 4379 +edge_225_0_+disjointig_271_0_5095 1 4370 5095 -1 -1 4163 0.00488345
Chain
	Aln	449	-e9fb1063-2f6b-4df9-bf55-4e7c7ae5501f 4 4377 4379 -edge_225_0_+disjointig_271_0_5095 724 5093 5095 -1 -1 4163 0.00488345
Chain
	Aln	753	+aa3bbda7-a6fc-4cf7-b87c-7b2db60af9b5 63 2696 2703 -edge_377_5_+disjointig_57_43737_48788 2324 4955 5051 -1 -1 2599 0.00310858
Chain
	Aln	752	-aa3bbda7-a6fc-4cf7-b87c-7b2db60af9b5 6 2639 2703 +edge_377_5_+disjointig_57_43737_48788 95 2726 5051 -1 -1 2599 0.00310858
Chain
	Aln	329	+d7c60e09-3ced-49c5-816a-82e86628ce8f 7 1282 1307 -edge_165_0_+disjointig_219_0_12373 5886 7163 12373 -1 -1 1259 0.000670919
Chain
	Aln	328	-d7c60e09-3ced-49c5-816a-82e86628ce8f 24 1299 1307 +edge_165_0_+disjointig_219_0_12373 5209 6486 12373 -1 -1 1259 0.000670919
Chain
	Aln	607	+db10ff7a-b668-4518-ad93-a50196b1eb0d 10 2187 2192 -edge_304_0_+disjointig_34_0_21728 1384 3562 21728 -1 -1 2157 0
Chain
	Aln	606	-db10ff7a-b668-4518-ad93-a50196b1eb0d 4 2181 2192 +edge_304_0_+disjointig_34_0_21728 18165 20343 21728 -1 -1 2157 0
Chain
	Aln	38	+93692c0c-aa04-4faf-87fd-655206dfef77 4 2074 2079 +edge_20_0_+disjointig_105_0_37299 3917 5988 37299 -1 -1 2065 0.00136963
Chain
	Aln	39	-93692c0c-aa04-4faf-87fd-655206dfef77 4 2074 2079 -edge_20_0_+disjointig_105_0_37299 31310 33381 37299 -1 -1 2065 0.00136963
Chain
	Aln	283	+a1014879-3650-48c0-9cd3-5bd42b740539 15 1040 1046 -edge_142_0_+disjointig_204_0_4315 651 1675 4315 -1 -1 1024 0
Chain
	Aln	282	-a1014879-3650-48c0-9cd3-5bd42b740539 5 1030 1046 +edge_142_0_+disjointig_204_0_4315 2639 3663 4315 -1 -1 1024 0
Chain
	Aln	436	+e570144f-c109-4c4e-9db7-f071f2fc62d4 21 4995 4999 +edge_219_0_+disjointig_266_0_6018 22 4997 6018 -1 -1 4817 0.0036564
Chain
	Aln	437	-e570144f-c109-4c4e-9db7-f071f2fc62d4 3 4977 4999 -edge_219_0_+disjointig_266_0_6018 1020 5995 6018 -1 -1 4817 0.0036564
Chain
	Aln	742	+8d50460c-5d4a-464e-a31f-89db5b52d344 11 837 6948 +edge_372_0_+disjointig_48_0_14826 13991 14817 14826 -1 -1 826 0.00111888
	Aln	296	+8d50460c-5d4a-464e-a31f-89db5b52d344 847 6937 6948 +edge_149_0_+disjointig_48_14826_21803 1 6087 6977 -1 -1 6020 0.0028155
Chain
	Aln	297	-8d50460c-5d4a-464e-a31f-89db5b52d344 10 6100 6948 -edge_149_0_+disjointig_48_14826_21803 889 6975 6977 -1 -1 6020 0.0028155
	Aln	743	-8d50460c-5d4a-464e-a31f-89db5b52d344 6110 6936 6948 -edge_372_0_+disjointig_48_0_14826 8 834 14826 -1 -1 826 0.00111888
Chain
	Aln	161	+a6262ec5-8cb9-42c0-8b0d-8caa2438e8b5 1317 2920 2931 -edge_81_0_+disjointig_150_0_6161 17 1621 6161 -1 -1 1567 0.00310081
Chain
	Aln	160	-a6262ec5-8cb9-42c0-8b0d-8caa2438e8b5 10 1613 2931 +edge_81_0_+disjointig_150_0_6161 4539 6143 6161 -1 -1 1567 0.00310081
Chain
	Aln	231	+90864480-9980-4591-95d8-1e37df3cb786 7 5112 5131 -edge_116_0_+disjointig_182_0_13686 5707 11004 13686 -1 -1 4139 0.0142566
Chain
	Aln	230	-90864480-9980-4591-95d8-1e37df3cb786 18 5123 5131 +edge_116_0_+disjointig_182_0_13686 2681 7978 13686 -1 -1 4139 0.0142566
Chain
	Aln	579	+5d761aae-2fff-4d6d-8aa4-eaba64c7a9da 8 6645 6647 -edge_290_0_+disjointig_32_0_11267 3911 10550 11267 -1 -1 5911 0.00970809
Chain
	Aln	578	-5d761aae-2fff-4d6d-8aa4-eaba64c7a9da 1 6638 6647 +edge_290_0_+disjointig_32_0_11267 716 7355 11267 -1 -1 5911 0.00970809
Chain
	Aln	759	+a7986a17-14f4-4f3e-bfd7-2e111735025b 6 3052 3058 -edge_380_0_+disjointig_98_1472_24422 7629 10676 22950 -1 -1 3028 0.00302195
Chain
	Aln	758	-a7986a17-14f4-4f3e-bfd7-2e111735025b 5 3051 3058 +edge_380_0_+disjointig_98_1472_24422 12273 15320 22950 -1 -1 3028 0.00302195
Chain
	Aln	152	+23b62272-7bf8-4e02-b672-26d481b31cc6 5 6762 6769 +edge_77_0_+disjointig_147_0_20037 5300 12061 20037 -1 -1 6736 0.00127694
Chain
	Aln	153	-23b62272-7bf8-4e02-b672-26d481b31cc6 6 6763 6769 -edge_77_0_+disjointig_147_0_20037 7975 14736 20037 -1 -1 6736 0.00127694
Chain
	Aln	418	+26e2f923-6d4a-475c-8196-d6d34cbd9925 6 3455 3457 +edge_210_0_+disjointig_26_0_12157 2581 6046 12157 -1 -1 3309 0.00784755
Chain
	Aln	419	-26e2f923-6d4a-475c-8196-d6d34cbd9925 1 3450 3457 -edge_210_0_+disjointig_26_0_12157 6110 9575 12157 -1 -1 3309 0.00784755
Chain
	Aln	611	+f2532528-7aa3-4693-a396-c667cbd425de 16 2987 2995 -edge_306_0_+disjointig_36_0_7391 15 2997 7391 -1 -1 2794 0.00678024
Chain
	Aln	610	-f2532528-7aa3-4693-a396-c667cbd425de 7 2978 2995 +edge_306_0_+disjointig_36_0_7391 4393 7375 7391 -1 -1 2794 0.00678024
Chain
	Aln	314	+4d2bc383-d7ad-4c42-a366-c07f6a912e74 9 1999 2002 +edge_158_0_+disjointig_216_0_12995 5645 7635 12995 -1 -1 1965 0.000319188
Chain
	Aln	315	-4d2bc383-d7ad-4c42-a366-c07f6a912e74 2 1992 2002 -edge_158_0_+disjointig_216_0_12995 5359 7349 12995 -1 -1 1965 0.000319188
Chain
	Aln	182	+ced676d1-d8af-4eb4-908b-fa3406b2a185 1303 3579 3581 +edge_92_0_+disjointig_162_0_7370 2 2276 7370 -1 -1 2262 0.00127169
Chain
	Aln	183	-ced676d1-d8af-4eb4-908b-fa3406b2a185 1 2277 3581 -edge_92_0_+disjointig_162_0_7370 5093 7367 7370 -1 -1 2262 0.00127169
Chain
	Aln	314	+f6de8a9d-41ff-47db-9544-73ef9b5a27a4 13 1402 1413 +edge_158_0_+disjointig_216_0_12995 1147 2532 12995 -1 -1 1329 0.00485063
Chain
	Aln	315	-f6de8a9d-41ff-47db-9544-73ef9b5a27a4 10 1399 1413 -edge_158_0_+disjointig_216_0_12995 10462 11847 12995 -1 -1 1329 0.00485063
Chain
	Aln	671	+fdb3b5b8-eb76-49fd-84b2-2953b4c7e501 6 1039 1044 -edge_336_0_+disjointig_70_0_4477 1071 2104 4477 -1 -1 996 0.00268797
Chain
	Aln	670	-fdb3b5b8-eb76-49fd-84b2-2953b4c7e501 4 1037 1044 +edge_336_0_+disjointig_70_0_4477 2372 3405 4477 -1 -1 996 0.00268797
Chain
	Aln	194	+f1245c32-65fc-40ff-89ed-d22e006da451 5 1197 1200 +edge_98_0_+disjointig_166_0_14218 9223 10415 14218 -1 -1 1192 0.000329914
Chain
	Aln	195	-f1245c32-65fc-40ff-89ed-d22e006da451 2 1194 1200 -edge_98_0_+disjointig_166_0_14218 3802 4994 14218 -1 -1 1192 0.000329914
Chain
	Aln	195	+d9e8149e-5ad6-436d-b7e9-dbb627ff93ae 30 1156 1159 -edge_98_0_+disjointig_166_0_14218 3811 4977 14218 -1 -1 960 0.0149604
Chain
	Aln	194	-d9e8149e-5ad6-436d-b7e9-dbb627ff93ae 2 1128 1159 +edge_98_0_+disjointig_166_0_14218 9240 10406 14218 -1 -1 960 0.0149604
Chain
	Aln	737	+f9110673-120c-428a-823f-971317c7e576 9 2443 2445 -edge_369_0_+disjointig_163_0_7206 4209 6651 7206 -1 -1 2416 0.00312804
Chain
	Aln	736	-f9110673-120c-428a-823f-971317c7e576 1 2435 2445 +edge_369_0_+disjointig_163_0_7206 554 2996 7206 -1 -1 2416 0.00312804
Chain
	Aln	205	+7c471f5c-fa14-4e76-aef8-0fb0f9aa5124 24 6604 6612 -edge_103_0_+disjointig_17_0_17973 7618 14194 17973 -1 -1 6479 0.00116999
Chain
	Aln	204	-7c471f5c-fa14-4e76-aef8-0fb0f9aa5124 7 6587 6612 +edge_103_0_+disjointig_17_0_17973 3778 10354 17973 -1 -1 6479 0.00116999
Chain
	Aln	207	+0a14c97b-0e1a-49ef-9d64-6276c9164232 18 1439 1441 -edge_104_0_+disjointig_170_0_3058 412 1833 3058 -1 -1 1421 0
Chain
	Aln	206	-0a14c97b-0e1a-49ef-9d64-6276c9164232 1 1422 1441 +edge_104_0_+disjointig_170_0_3058 1224 2645 3058 -1 -1 1421 0
Chain
	Aln	335	+151f57a2-6c1a-46fb-be1b-370f85e31d92 8 2279 2282 -edge_168_0_+disjointig_221_0_14628 7875 10146 14628 -1 -1 2232 0.00202249
Chain
	Aln	334	-151f57a2-6c1a-46fb-be1b-370f85e31d92 2 2273 2282 +edge_168_0_+disjointig_221_0_14628 4481 6752 14628 -1 -1 2232 0.00202249
Chain
	Aln	466	+8e53ccfa-d193-4188-aa1f-574aa74be9a0 43 1921 1925 +edge_234_0_+disjointig_28_0_27669 23027 24906 27669 -1 -1 1843 0.000837797
Chain
	Aln	467	-8e53ccfa-d193-4188-aa1f-574aa74be9a0 3 1881 1925 -edge_234_0_+disjointig_28_0_27669 2762 4641 27669 -1 -1 1843 0.000837797
Chain
	Aln	213	+f22b4d41-2f73-4db7-8662-81679ee0f133 15 5002 6811 -edge_107_0_+disjointig_173_0_6336 1164 6335 6336 -1 -1 4200 0.0086989
Chain
	Aln	212	-f22b4d41-2f73-4db7-8662-81679ee0f133 1808 6795 6811 +edge_107_0_+disjointig_173_0_6336 0 5171 6336 -1 -1 4200 0.0086989
Chain
	Aln	644	+2835be5a-8f80-4bdf-a9fb-59cf01f95d2a 12 1540 1549 +edge_323_0_+disjointig_54_0_13403 3233 4762 13403 -1 -1 1512 0.000497462
Chain
	Aln	645	-2835be5a-8f80-4bdf-a9fb-59cf01f95d2a 8 1536 1549 -edge_323_0_+disjointig_54_0_13403 8640 10169 13403 -1 -1 1512 0.000497462
Chain
	Aln	738	+cbf4ade9-2b49-4e97-8ff2-ac5831ccb7a7 173 1352 1429 +edge_370_0_-disjointig_66_3457_23755 38 1225 20298 -1 -1 880 0.0236606
Chain
	Aln	739	-cbf4ade9-2b49-4e97-8ff2-ac5831ccb7a7 76 1255 1429 -edge_370_0_-disjointig_66_3457_23755 19072 20259 20298 -1 -1 880 0.0236606
Chain
	Aln	657	+ce21f68e-0b77-46f6-8fbd-340fa3e06862 9 1866 1870 -edge_329_0_+disjointig_61_0_5124 3057 4917 5124 -1 -1 1821 0.000767531
Chain
	Aln	656	-ce21f68e-0b77-46f6-8fbd-340fa3e06862 3 1860 1870 +edge_329_0_+disjointig_61_0_5124 206 2066 5124 -1 -1 1821 0.000767531
Chain
	Aln	649	+8def7fe2-ed30-47e9-99db-283c7c735b4a 7 3413 3416 -edge_325_0_+disjointig_56_0_14906 106 3510 14906 -1 -1 3392 0.0010367
Chain
	Aln	648	-8def7fe2-ed30-47e9-99db-283c7c735b4a 2 3408 3416 +edge_325_0_+disjointig_56_0_14906 11395 14799 14906 -1 -1 3392 0.0010367
Chain
	Aln	639	+94da953b-eb38-41cd-8ba5-a93905294eb9 4 1640 1642 -edge_320_0_+disjointig_51_0_24344 14267 15908 24344 -1 -1 1616 0.00112741
Chain
	Aln	638	-94da953b-eb38-41cd-8ba5-a93905294eb9 1 1637 1642 +edge_320_0_+disjointig_51_0_24344 8435 10076 24344 -1 -1 1616 0.00112741
Chain
	Aln	39	+610076e9-40d3-495f-8f14-1c65a966ee7d 7 1429 1432 -edge_20_0_+disjointig_105_0_37299 23295 24717 37299 -1 -1 1398 0.00302472
Chain
	Aln	38	-610076e9-40d3-495f-8f14-1c65a966ee7d 2 1424 1432 +edge_20_0_+disjointig_105_0_37299 12581 14003 37299 -1 -1 1398 0.00302472
Chain
	Aln	437	+64d7968a-0c35-46a7-95c7-66317a6f7699 11 1157 1162 -edge_219_0_+disjointig_266_0_6018 1779 2925 6018 -1 -1 1139 0.00226908
Chain
	Aln	436	-64d7968a-0c35-46a7-95c7-66317a6f7699 4 1150 1162 +edge_219_0_+disjointig_266_0_6018 3092 4238 6018 -1 -1 1139 0.00226908
Chain
	Aln	353	+91e047bf-6f2d-458c-8519-b69ea905f43b 18 3644 3646 -edge_177_0_+disjointig_23_0_5869 2239 5867 5869 -1 -1 3424 0.00249097
Chain
	Aln	352	-91e047bf-6f2d-458c-8519-b69ea905f43b 1 3627 3646 +edge_177_0_+disjointig_23_0_5869 1 3629 5869 -1 -1 3424 0.00249097
Chain
	Aln	724	+56c97038-f149-4a88-91c8-5e24c9b2bca8 5 5774 5776 +edge_363_0_-disjointig_118_8955_29374 8397 14170 20419 -1 -1 5067 0.0115808
Chain
	Aln	725	-56c97038-f149-4a88-91c8-5e24c9b2bca8 1 5770 5776 -edge_363_0_-disjointig_118_8955_29374 6248 12021 20419 -1 -1 5067 0.0115808
Chain
	Aln	168	+f2689e06-af14-433d-b311-0e480c254a67 3149 11786 11790 +edge_85_0_+disjointig_156_0_15099 6 8646 15099 -1 -1 8489 0.00234142
Chain
	Aln	169	-f2689e06-af14-433d-b311-0e480c254a67 3 8640 11790 -edge_85_0_+disjointig_156_0_15099 6452 15092 15099 -1 -1 8489 0.00234142
Chain
	Aln	765	+4d946d1a-b125-49f3-a526-67261e24cda1 9 5617 5625 -edge_383_0_+disjointig_37_1412_10185 7 5612 8773 -1 -1 5520 0.00213152
Chain
	Aln	764	-4d946d1a-b125-49f3-a526-67261e24cda1 7 5615 5625 +edge_383_0_+disjointig_37_1412_10185 3160 8765 8773 -1 -1 5520 0.00213152
Chain
	Aln	714	+06bb5d3e-85d0-4fa3-95a9-c3bed028767f 34 3660 3662 +edge_358_0_+disjointig_95_0_21066 11546 15171 21066 -1 -1 3621 0
Chain
	Aln	715	-06bb5d3e-85d0-4fa3-95a9-c3bed028767f 1 3627 3662 -edge_358_0_+disjointig_95_0_21066 5894 9519 21066 -1 -1 3621 0
Chain
	Aln	509	+82edc54d-c33a-49d1-8bfb-01f0473d273b 5 1306 1308 -edge_255_0_+disjointig_290_0_2447 693 1994 2447 -1 -1 1298 0.000244802
Chain
	Aln	508	-82edc54d-c33a-49d1-8bfb-01f0473d273b 1 1302 1308 +edge_255_0_+disjointig_290_0_2447 452 1753 2447 -1 -1 1298 0.000244802
Chain
	Aln	699	+062d4916-ab6c-46ae-8b89-59fd81d1b3a1 345 1927 1932 -edge_350_0_+disjointig_86_0_7057 14 1595 7057 -1 -1 1554 0.00186369
Chain
	Aln	698	-062d4916-ab6c-46ae-8b89-59fd81d1b3a1 4 1586 1932 +edge_350_0_+disjointig_86_0_7057 5461 7042 7057 -1 -1 1554 0.00186369
Chain
	Aln	300	+3a2db765-28b9-42fd-9cd5-769dae35400d 13 11318 11326 +edge_151_0_+disjointig_21_0_26556 12481 23773 26556 -1 -1 11244 0.00137987
Chain
	Aln	301	-3a2db765-28b9-42fd-9cd5-769dae35400d 7 11312 11326 -edge_151_0_+disjointig_21_0_26556 2782 14074 26556 -1 -1 11244 0.00137987
Chain
	Aln	651	+d9d60f1c-a184-4cf5-a139-83ec2452d760 18 1440 1448 -edge_326_0_+disjointig_58_0_35073 23872 25293 35073 -1 -1 1420 0.00448322
Chain
	Aln	650	-d9d60f1c-a184-4cf5-a139-83ec2452d760 7 1429 1448 +edge_326_0_+disjointig_58_0_35073 9779 11200 35073 -1 -1 1420 0.00448322
Chain
	Aln	181	+8b6a8247-1253-419d-b05c-e4c273e5f99f 4 1716 1834 -edge_91_0_+disjointig_161_0_18481 16768 18480 18481 -1 -1 1684 0.00262025
Chain
	Aln	180	-8b6a8247-1253-419d-b05c-e4c273e5f99f 117 1829 1834 +edge_91_0_+disjointig_161_0_18481 0 1712 18481 -1 -1 1684 0.00262025
Chain
	Aln	439	+676cca21-2a72-4057-a3d3-fd7458a094bd 6 1486 1499 -edge_220_0_+disjointig_267_0_20749 9896 11379 20749 -1 -1 1440 0.00430707
Chain
	Aln	438	-676cca21-2a72-4057-a3d3-fd7458a094bd 12 1492 1499 +edge_220_0_+disjointig_267_0_20749 9369 10852 20749 -1 -1 1440 0.00430707
Chain
	Aln	70	+f1301c47-1ba5-4cb9-9dde-e2f01ea70d3d 11 1199 1224 +edge_36_0_+disjointig_14_15170_31787 6136 7322 16617 -1 -1 1175 0
Chain
	Aln	71	-f1301c47-1ba5-4cb9-9dde-e2f01ea70d3d 24 1212 1224 -edge_36_0_+disjointig_14_15170_31787 9294 10480 16617 -1 -1 1175 0
Chain
	Aln	633	+8850a2a6-dd2c-4ea2-a9ca-26443db1ad60 13 2601 2604 -edge_317_0_+disjointig_47_0_6304 12 2589 6304 -1 -1 2518 0.00340762
Chain
	Aln	632	-8850a2a6-dd2c-4ea2-a9ca-26443db1ad60 2 2590 2604 +edge_317_0_+disjointig_47_0_6304 3714 6291 6304 -1 -1 2518 0.00340762
Chain
	Aln	651	+161a6bbd-502a-4ed6-91d2-4be90cc6690a 7 2398 2402 -edge_326_0_+disjointig_58_0_35073 12902 15293 35073 -1 -1 2367 0.00105214
Chain
	Aln	650	-161a6bbd-502a-4ed6-91d2-4be90cc6690a 3 2394 2402 +edge_326_0_+disjointig_58_0_35073 19779 22170 35073 -1 -1 2367 0.00105214
Chain
	Aln	11	+adf58ec4-52eb-4fc7-9d00-059df55acf8a 16 2944 2949 -edge_6_0_+disjointig_101_0_9851 15 2940 9851 -1 -1 2913 0.000454885
Chain
	Aln	10	-adf58ec4-52eb-4fc7-9d00-059df55acf8a 4 2932 2949 +edge_6_0_+disjointig_101_0_9851 6910 9835 9851 -1 -1 2913 0.000454885
Chain
	Aln	145	+ceccb0af-74b0-4591-9319-e672ad32ac7a 19 3040 3044 -edge_73_0_+disjointig_143_0_14652 9493 12513 14652 -1 -1 2987 0.00274238
Chain
	Aln	144	-ceccb0af-74b0-4591-9319-e672ad32ac7a 3 3024 3044 +edge_73_0_+disjointig_143_0_14652 2138 5158 14652 -1 -1 2987 0.00274238
Chain
	Aln	267	+163cc062-f161-4c8d-93b8-e7caccf2e746 9 2872 2874 -edge_134_0_+disjointig_196_0_9620 6759 9618 9620 -1 -1 2835 0.00106313
Chain
	Aln	266	-163cc062-f161-4c8d-93b8-e7caccf2e746 1 2864 2874 +edge_134_0_+disjointig_196_0_9620 1 2860 9620 -1 -1 2835 0.00106313
Chain
	Aln	119	+68c91072-4e7f-42fc-b687-205e84776d03 10 1938 1942 -edge_60_0_+disjointig_131_0_25925 4938 6869 25925 -1 -1 1896 0.00332551
Chain
	Aln	118	-68c91072-4e7f-42fc-b687-205e84776d03 3 1931 1942 +edge_60_0_+disjointig_131_0_25925 19055 20986 25925 -1 -1 1896 0.00332551
Chain
	Aln	748	+dafb7c2e-cfc2-450e-9207-f0b70f3ac381 15 10411 10444 +edge_375_0_+disjointig_46_0_10791 379 10784 10791 -1 -1 10138 0.0031135
Chain
	Aln	749	-dafb7c2e-cfc2-450e-9207-f0b70f3ac381 32 10428 10444 -edge_375_0_+disjointig_46_0_10791 6 10411 10791 -1 -1 10138 0.0031135
Chain
	Aln	179	+a8fdaf7e-cab4-43a6-96f8-5ee6f07f93f2 13 8368 8371 -edge_90_0_+disjointig_16_0_20838 12406 20835 20838 -1 -1 7859 0.00492169
Chain
	Aln	178	-a8fdaf7e-cab4-43a6-96f8-5ee6f07f93f2 2 8357 8371 +edge_90_0_+disjointig_16_0_20838 2 8431 20838 -1 -1 7859 0.00492169
Chain
	Aln	745	+7ca3e7f4-1d02-4fef-9292-742a396a9f21 15 3607 3611 -edge_373_0_+disjointig_92_0_14318 7791 11383 14318 -1 -1 3592 0.000683792
Chain
	Aln	744	-7ca3e7f4-1d02-4fef-9292-742a396a9f21 3 3595 3611 +edge_373_0_+disjointig_92_0_14318 2934 6526 14318 -1 -1 3592 0.000683792
Chain
	Aln	6	+6992534e-22dc-4cc7-90fe-2364c58eb8e4 2813 22886 22909 +edge_4_0_+disjointig_10_0_20168 7 20147 20168 -1 -1 18431 0.00821349
Chain
	Aln	7	-6992534e-22dc-4cc7-90fe-2364c58eb8e4 22 20095 22909 -edge_4_0_+disjointig_10_0_20168 20 20160 20168 -1 -1 18431 0.00821349
Chain
	Aln	760	+e9909a11-9ab8-4edc-9250-94755c0f6c08 14 6765 6774 +edge_381_0_-disjointig_45_0_30722 7812 14571 30722 -1 -1 6730 0.000820007
Chain
	Aln	761	-e9909a11-9ab8-4edc-9250-94755c0f6c08 8 6759 6774 -edge_381_0_-disjointig_45_0_30722 16150 22909 30722 -1 -1 6730 0.000820007
Chain
	Aln	712	+007750c9-72c8-4783-a101-adcbdf46b027 248 2573 2578 +edge_357_0_+disjointig_94_0_2484 141 2461 2484 -1 -1 2221 0.00444861
Chain
	Aln	713	-007750c9-72c8-4783-a101-adcbdf46b027 4 2329 2578 -edge_357_0_+disjointig_94_0_2484 22 2342 2484 -1 -1 2221 0.00444861
Chain
	Aln	150	+9ad00b92-c384-4417-ac98-b373243f8ede 36 1988 1998 +edge_76_0_+disjointig_146_0_22270 3452 5407 22270 -1 -1 1939 0.000100429
Chain
	Aln	151	-9ad00b92-c384-4417-ac98-b373243f8ede 9 1961 1998 -edge_76_0_+disjointig_146_0_22270 16862 18817 22270 -1 -1 1939 0.000100429
Chain
	Aln	141	+1b6e8f5e-ef50-4e9f-abff-5a7719cfa0c9 10 2009 2011 -edge_71_0_+disjointig_140_0_13641 8560 10545 13641 -1 -1 1920 0.00326651
Chain
	Aln	140	-1b6e8f5e-ef50-4e9f-abff-5a7719cfa0c9 1 2000 2011 +edge_71_0_+disjointig_140_0_13641 3095 5080 13641 -1 -1 1920 0.00326651
Chain
	Aln	151	+053a0848-729d-42b3-8eed-219f81c833f8 4 2010 2014 -edge_76_0_+disjointig_146_0_22270 1303 3314 22270 -1 -1 1922 0.00448237
Chain
	Aln	150	-053a0848-729d-42b3-8eed-219f81c833f8 3 2009 2014 +edge_76_0_+disjointig_146_0_22270 18955 20966 22270 -1 -1 1922 0.00448237
Chain
	Aln	67	+953e2605-26b1-4acb-bc63-6587b3e9dbce 7 3452 3455 -edge_34_0_+disjointig_112_4217_16689 8221 11664 12472 -1 -1 3440 0
Chain
	Aln	66	-953e2605-26b1-4acb-bc63-6587b3e9dbce 2 3447 3455 +edge_34_0_+disjointig_112_4217_16689 807 4250 12472 -1 -1 3440 0
Chain
	Aln	675	+b6aa2318-2e63-4952-8aca-1f7611fdc62f 14 1815 1818 -edge_338_0_+disjointig_73_0_7795 5417 7215 7795 -1 -1 1794 0.000847329
Chain
	Aln	674	-b6aa2318-2e63-4952-8aca-1f7611fdc62f 2 1803 1818 +edge_338_0_+disjointig_73_0_7795 579 2377 7795 -1 -1 1794 0.000847329
Chain
	Aln	623	+0e5ffb76-12cb-486a-b6c9-eecacd074a48 6 1103 1157 -edge_312_0_+disjointig_40_0_16996 8329 9424 16996 -1 -1 1038 0.00688491
Chain
	Aln	622	-0e5ffb76-12cb-486a-b6c9-eecacd074a48 53 1150 1157 +edge_312_0_+disjointig_40_0_16996 7571 8666 16996 -1 -1 1038 0.00688491
Chain
	Aln	277	+c9a86387-b6ac-4d32-9200-8a0879bece0d 17 1487 1547 -edge_139_0_+disjointig_201_0_2250 779 2249 2250 -1 -1 1470 0.00103129
Chain
	Aln	276	-c9a86387-b6ac-4d32-9200-8a0879bece0d 59 1529 1547 +edge_139_0_+disjointig_201_0_2250 0 1470 2250 -1 -1 1470 0.00103129
Chain
	Aln	460	+237ecfc2-abae-4b13-9587-01a915423152 21 1360 1363 +edge_231_0_+disjointig_277_0_2346 965 2304 2346 -1 -1 1339 0
Chain
	Aln	461	-237ecfc2-abae-4b13-9587-01a915423152 2 1341 1363 -edge_231_0_+disjointig_277_0_2346 41 1380 2346 -1 -1 1339 0
Chain
	Aln	15	+838d33be-b93c-4571-ba5f-1ffe1d1d5a3e 8 1414 1434 -edge_8_0_+disjointig_103_0_7543 4785 6197 7543 -1 -1 1310 0.00920879
Chain
	Aln	14	-838d33be-b93c-4571-ba5f-1ffe1d1d5a3e 19 1425 1434 +edge_8_0_+disjointig_103_0_7543 1345 2757 7543 -1 -1 1310 0.00920879
Chain
	Aln	331	+2db499d2-05f3-4cc8-9f69-d29dfda0f0b3 26 2036 2039 -edge_166_0_+disjointig_22_0_7556 3767 5780 7556 -1 -1 1924 0.00541751
Chain
	Aln	330	-2db499d2-05f3-4cc8-9f69-d29dfda0f0b3 2 2012 2039 +edge_166_0_+disjointig_22_0_7556 1775 3788 7556 -1 -1 1924 0.00541751
Chain
	Aln	42	+2e189aa6-9757-47f7-b5e3-c0f5104aa815 8 10122 10132 +edge_22_0_+disjointig_107_0_25761 3360 13475 25761 -1 -1 10025 0.000862174
Chain
	Aln	43	-2e189aa6-9757-47f7-b5e3-c0f5104aa815 9 10123 10132 -edge_22_0_+disjointig_107_0_25761 12285 22400 25761 -1 -1 10025 0.000862174
Chain
	Aln	179	+4165214c-9dad-492a-bf9f-aa261056c0d5 18 3358 5668 -edge_90_0_+disjointig_16_0_20838 17491 20837 20838 -1 -1 3101 0.00774918
Chain
	Aln	178	-4165214c-9dad-492a-bf9f-aa261056c0d5 2309 5649 5668 +edge_90_0_+disjointig_16_0_20838 0 3346 20838 -1 -1 3101 0.00774918
Chain
	Aln	743	+bb577bc7-0795-4c1b-8f61-4c1a504350ed 11 2722 2724 -edge_372_0_+disjointig_48_0_14826 12115 14824 14826 -1 -1 2692 0.00117573
Chain
	Aln	742	-bb577bc7-0795-4c1b-8f61-4c1a504350ed 1 2712 2724 +edge_372_0_+disjointig_48_0_14826 1 2710 14826 -1 -1 2692 0.00117573
Chain
	Aln	763	+7eee2876-2448-4628-adc1-c1ac7f6b6354 16 1157 1159 -edge_382_0_+disjointig_320_7809_16454 6882 8023 8645 -1 -1 1141 0
Chain
	Aln	762	-7eee2876-2448-4628-adc1-c1ac7f6b6354 1 1142 1159 +edge_382_0_+disjointig_320_7809_16454 621 1762 8645 -1 -1 1141 0
Chain
	Aln	479	+03cdb1b9-2148-48db-ad06-db3831d5ae33 16 1889 1898 -edge_240_0_-disjointig_57_7953_51690 6201 8069 43737 -1 -1 1792 0.00576798
Chain
	Aln	478	-03cdb1b9-2148-48db-ad06-db3831d5ae33 8 1881 1898 +edge_240_0_-disjointig_57_7953_51690 35667 37535 43737 -1 -1 1792 0.00576798
Chain
	Aln	333	+fd90fb0b-ade1-4c79-86ee-5a27e3e8e1c3 12 3687 3713 -edge_167_0_+disjointig_220_0_6397 11 3686 6397 -1 -1 3628 0.00239405
Chain
	Aln	332	-fd90fb0b-ade1-4c79-86ee-5a27e3e8e1c3 25 3700 3713 +edge_167_0_+disjointig_220_0_6397 2710 6385 6397 -1 -1 3628 0.00239405
Chain
	Aln	738	+f77793c1-fe2e-41cc-a1a2-1d6acf536978 12 4969 4977 +edge_370_0_-disjointig_66_3457_23755 4024 8978 20298 -1 -1 4874 0.00379104
Chain
	Aln	739	-f77793c1-fe2e-41cc-a1a2-1d6acf536978 7 4964 4977 -edge_370_0_-disjointig_66_3457_23755 11319 16273 20298 -1 -1 4874 0.00379104
Chain
	Aln	36	+e8912706-50fe-4886-bf98-5835414904ee 2 1049 1057 +edge_19_0_+disjointig_104_0_20017 9299 10348 20017 -1 -1 1029 0.00425304
Chain
	Aln	37	-e8912706-50fe-4886-bf98-5835414904ee 7 1054 1057 -edge_19_0_+disjointig_104_0_20017 9668 10717 20017 -1 -1 1029 0.00425304
Chain
	Aln	680	+79f41c1a-1058-4487-a1de-ed6354bec350 3 2605 2607 +edge_341_0_+disjointig_76_0_13454 6642 9242 13454 -1 -1 2542 0.00359234
Chain
	Aln	681	-79f41c1a-1058-4487-a1de-ed6354bec350 1 2603 2607 -edge_341_0_+disjointig_76_0_13454 4211 6811 13454 -1 -1 2542 0.00359234
Chain
	Aln	355	+66f33976-58fe-4071-a3da-325add60591b 8 1505 1507 -edge_178_0_+disjointig_230_0_11358 9118 10618 11358 -1 -1 1446 0.00312468
Chain
	Aln	354	-66f33976-58fe-4071-a3da-325add60591b 1 1498 1507 +edge_178_0_+disjointig_230_0_11358 739 2239 11358 -1 -1 1446 0.00312468
Chain
	Aln	738	+73a47bec-f19d-4146-b4d8-994897392f5f 10 6649 6657 +edge_370_0_-disjointig_66_3457_23755 9009 15655 20298 -1 -1 6477 0.00125644
Chain
	Aln	739	-73a47bec-f19d-4146-b4d8-994897392f5f 7 6646 6657 -edge_370_0_-disjointig_66_3457_23755 4642 11288 20298 -1 -1 6477 0.00125644
Chain
	Aln	311	+4a086edb-371c-49d5-8a62-61f7ccc9fe0a 3 5348 5351 -edge_156_0_+disjointig_214_0_8698 3346 8695 8698 -1 -1 5309 0.000439422
Chain
	Aln	310	-4a086edb-371c-49d5-8a62-61f7ccc9fe0a 2 5347 5351 +edge_156_0_+disjointig_214_0_8698 2 5351 8698 -1 -1 5309 0.000439422
Chain
	Aln	752	+c47325e8-f34f-43b1-863e-aaf276c7a6ea 10 1303 1538 +edge_377_0_+disjointig_28_27669_32566 3595 4889 4897 -1 -1 1254 0.00434454
	Aln	473	+c47325e8-f34f-43b1-863e-aaf276c7a6ea 1325 1534 1538 -edge_237_2_-disjointig_57_2219_2902 14 223 683 -1 -1 209 0
Chain
	Aln	472	-c47325e8-f34f-43b1-863e-aaf276c7a6ea 3 212 1538 +edge_237_2_-disjointig_57_2219_2902 459 668 683 -1 -1 209 0
	Aln	753	-c47325e8-f34f-43b1-863e-aaf276c7a6ea 234 1527 1538 -edge_377_0_+disjointig_28_27669_32566 7 1301 4897 -1 -1 1254 0.00434454
Chain
	Aln	592	+0fe2288a-8421-454d-9a9b-ada267cbd61c 4 9888 9893 +edge_297_0_+disjointig_324_0_12963 3073 12959 12963 -1 -1 9805 0.00109791
Chain
	Aln	593	-0fe2288a-8421-454d-9a9b-ada267cbd61c 4 9888 9893 -edge_297_0_+disjointig_324_0_12963 3 9889 12963 -1 -1 9805 0.00109791
Chain
	Aln	714	+bcdef3cc-b9e0-4f7a-851d-29ad26dfdcb5 7 1264 1280 +edge_358_0_+disjointig_95_0_21066 13812 15070 21066 -1 -1 1209 0.00108771
Chain
	Aln	715	-bcdef3cc-b9e0-4f7a-851d-29ad26dfdcb5 15 1272 1280 -edge_358_0_+disjointig_95_0_21066 5995 7253 21066 -1 -1 1209 0.00108771
Chain
	Aln	572	+49329d70-1db0-42dc-bea9-79d54de0999d 1 4664 4666 +edge_287_0_+disjointig_317_0_5793 1 4655 5793 -1 -1 4598 0.000124736
Chain
	Aln	573	-49329d70-1db0-42dc-bea9-79d54de0999d 1 4664 4666 -edge_287_0_+disjointig_317_0_5793 1137 5791 5793 -1 -1 4598 0.000124736
Chain
	Aln	619	+07d9dd73-2a65-4f9f-8064-7593d2916217 14 2157 2163 -edge_310_0_+disjointig_39_0_32732 10715 12863 32732 -1 -1 1930 0.00835914
Chain
	Aln	618	-07d9dd73-2a65-4f9f-8064-7593d2916217 5 2148 2163 +edge_310_0_+disjointig_39_0_32732 19868 22016 32732 -1 -1 1930 0.00835914
Chain
	Aln	472	+d8590fbd-d3a0-4b41-9575-acc31aa719cd 5976 6241 17698 +edge_237_1_+disjointig_41_4258_4942 239 492 684 -1 -1 98 0.0647059
	Aln	753	+d8590fbd-d3a0-4b41-9575-acc31aa719cd 7189 12077 17698 -edge_377_3_-disjointig_41_21233_26118 14 4884 4885 -1 -1 4707 0.00373911
Chain
	Aln	393	+d8590fbd-d3a0-4b41-9575-acc31aa719cd 2648 5638 17698 -edge_197_0_+disjointig_248_0_3002 12 3001 3002 -1 -1 2962 0.00384741
Chain
	Aln	695	+d8590fbd-d3a0-4b41-9575-acc31aa719cd 13878 16126 17698 -edge_348_0_+disjointig_84_0_2307 58 2306 2307 -1 -1 2176 0.00523979
Chain
	Aln	752	-d8590fbd-d3a0-4b41-9575-acc31aa719cd 5620 10508 17698 +edge_377_3_-disjointig_41_21233_26118 0 4870 4885 -1 -1 4707 0.00373911
	Aln	473	-d8590fbd-d3a0-4b41-9575-acc31aa719cd 11456 11721 17698 -edge_237_1_+disjointig_41_4258_4942 191 444 684 -1 -1 98 0.0647059
Chain
	Aln	392	-d8590fbd-d3a0-4b41-9575-acc31aa719cd 12059 15049 17698 +edge_197_0_+disjointig_248_0_3002 0 2989 3002 -1 -1 2962 0.00384741
Chain
	Aln	694	-d8590fbd-d3a0-4b41-9575-acc31aa719cd 1571 3819 17698 +edge_348_0_+disjointig_84_0_2307 0 2248 2307 -1 -1 2176 0.00523979
Chain
	Aln	38	+4be5f1db-6bd4-4d75-b453-fb7f49721039 15 11031 11038 +edge_20_0_+disjointig_105_0_37299 23374 34389 37299 -1 -1 10870 0.00194908
Chain
	Aln	39	-4be5f1db-6bd4-4d75-b453-fb7f49721039 6 11022 11038 -edge_20_0_+disjointig_105_0_37299 2909 13924 37299 -1 -1 10870 0.00194908
Chain
	Aln	138	+b906fcac-26ca-414b-85bb-6979ced355f7 8 5168 5296 +edge_70_0_-disjointig_67_10521_41118 22674 27853 30597 -1 -1 4500 0.0160555
Chain
	Aln	139	-b906fcac-26ca-414b-85bb-6979ced355f7 127 5287 5296 -edge_70_0_-disjointig_67_10521_41118 2743 7922 30597 -1 -1 4500 0.0160555
Chain
	Aln	739	+d8f50f9a-aa70-4db9-99d7-7545e1fb7c6b 16 11630 11722 -edge_370_0_-disjointig_66_3457_23755 4631 16261 20298 -1 -1 11102 0.00438371
Chain
	Aln	738	-d8f50f9a-aa70-4db9-99d7-7545e1fb7c6b 91 11705 11722 +edge_370_0_-disjointig_66_3457_23755 4036 15666 20298 -1 -1 11102 0.00438371
Chain
	Aln	246	+95febc11-9811-4297-82b4-5a7d3caad166 22 3666 3676 +edge_124_0_+disjointig_19_0_15579 4230 7872 15579 -1 -1 3616 0.000893311
Chain
	Aln	247	-95febc11-9811-4297-82b4-5a7d3caad166 9 3653 3676 -edge_124_0_+disjointig_19_0_15579 7706 11348 15579 -1 -1 3616 0.000893311
Chain
	Aln	619	+b1956452-a435-4a26-a704-5a922a8a4e5e 9 2772 2776 -edge_310_0_+disjointig_39_0_32732 5877 8646 32732 -1 -1 2723 0.00109359
Chain
	Aln	618	-b1956452-a435-4a26-a704-5a922a8a4e5e 3 2766 2776 +edge_310_0_+disjointig_39_0_32732 24085 26854 32732 -1 -1 2723 0.00109359
Chain
	Aln	39	+68220885-ed98-4f6d-9136-8ab32c4a5176 10 3226 3231 -edge_20_0_+disjointig_105_0_37299 17824 21043 37299 -1 -1 3183 0.00214148
Chain
	Aln	38	-68220885-ed98-4f6d-9136-8ab32c4a5176 4 3220 3231 +edge_20_0_+disjointig_105_0_37299 16255 19474 37299 -1 -1 3183 0.00214148
Chain
	Aln	623	+495dcc7a-d3f5-4674-8976-03ebe0347498 15 3963 3969 -edge_312_0_+disjointig_40_0_16996 4629 8579 16996 -1 -1 3902 0.00162025
Chain
	Aln	622	-495dcc7a-d3f5-4674-8976-03ebe0347498 5 3953 3969 +edge_312_0_+disjointig_40_0_16996 8416 12366 16996 -1 -1 3902 0.00162025
Chain
	Aln	732	+d169fd78-ed51-4c2a-ae57-bc660ba0d946 1 3879 3888 +edge_367_0_-disjointig_78_4405_23060 10016 13898 18655 -1 -1 3820 0.00110733
Chain
	Aln	733	-d169fd78-ed51-4c2a-ae57-bc660ba0d946 8 3886 3888 -edge_367_0_-disjointig_78_4405_23060 4756 8638 18655 -1 -1 3820 0.00110733
Chain
	Aln	633	+82acad77-43f8-4aa1-baaa-546550645f14 7 1949 1955 -edge_317_0_+disjointig_47_0_6304 3658 5601 6304 -1 -1 1918 0.00023888
Chain
	Aln	632	-82acad77-43f8-4aa1-baaa-546550645f14 5 1947 1955 +edge_317_0_+disjointig_47_0_6304 702 2645 6304 -1 -1 1918 0.00023888
Chain
	Aln	163	+f1035012-016f-46da-8349-992d01c1d312 8 1711 1713 -edge_82_0_+disjointig_152_0_6005 3686 5389 6005 -1 -1 1686 0
Chain
	Aln	162	-f1035012-016f-46da-8349-992d01c1d312 1 1704 1713 +edge_82_0_+disjointig_152_0_6005 615 2318 6005 -1 -1 1686 0
Chain
	Aln	660	+fc32283a-8a0f-4dc0-b5c0-13ba53924925 5 1831 2864 +edge_331_0_+disjointig_63_0_33738 31905 33731 33738 -1 -1 1808 0
Chain
	Aln	661	-fc32283a-8a0f-4dc0-b5c0-13ba53924925 1032 2858 2864 -edge_331_0_+disjointig_63_0_33738 6 1832 33738 -1 -1 1808 0
Chain
	Aln	722	+506294fb-2e42-4bb9-b523-9883cf7fb824 10 8481 8488 +edge_362_0_-disjointig_20_7328_27800 11858 20406 20472 -1 -1 7802 0.00706484
Chain
	Aln	723	-506294fb-2e42-4bb9-b523-9883cf7fb824 6 8477 8488 -edge_362_0_-disjointig_20_7328_27800 65 8613 20472 -1 -1 7802 0.00706484
Chain
	Aln	386	+bfc246c7-88b8-4980-8fa1-aa2477266c4a 31 3736 3777 +edge_194_0_+disjointig_245_0_6235 1931 5638 6235 -1 -1 3387 0.0103402
Chain
	Aln	387	-bfc246c7-88b8-4980-8fa1-aa2477266c4a 40 3745 3777 -edge_194_0_+disjointig_245_0_6235 596 4303 6235 -1 -1 3387 0.0103402
Chain
	Aln	17	+cf4a71d5-c1ed-4156-9f37-3a2448f2327c 3249 4363 4369 -edge_9_2_+disjointig_7_2707_4165 9 1124 1458 -1 -1 1092 0.000950801
Chain
	Aln	16	-cf4a71d5-c1ed-4156-9f37-3a2448f2327c 5 1119 4369 +edge_9_2_+disjointig_7_2707_4165 333 1448 1458 -1 -1 1092 0.000950801
Chain
	Aln	139	+3808ecd9-111d-4bf9-8b43-7959f8c46ab6 10 5263 5274 -edge_70_0_-disjointig_67_10521_41118 16229 21512 30597 -1 -1 5079 0.00297442
Chain
	Aln	138	-3808ecd9-111d-4bf9-8b43-7959f8c46ab6 10 5263 5274 +edge_70_0_-disjointig_67_10521_41118 9084 14367 30597 -1 -1 5079 0.00297442
Chain
	Aln	679	+fbdefdfb-0381-42bf-84f2-b9c4e6aec663 9 4839 4841 -edge_340_0_+disjointig_75_0_6794 1957 6792 6794 -1 -1 4734 0.00253489
Chain
	Aln	678	-fbdefdfb-0381-42bf-84f2-b9c4e6aec663 1 4831 4841 +edge_340_0_+disjointig_75_0_6794 1 4836 6794 -1 -1 4734 0.00253489
Chain
	Aln	479	+de4242c6-b582-4e89-ab9b-482d7377cfdb 9 6286 6291 -edge_240_0_-disjointig_57_7953_51690 6388 12678 43737 -1 -1 5977 0.00658925
Chain
	Aln	478	-de4242c6-b582-4e89-ab9b-482d7377cfdb 4 6281 6291 +edge_240_0_-disjointig_57_7953_51690 31058 37348 43737 -1 -1 5977 0.00658925
Chain
	Aln	475	+7bbf6b19-a5ee-4baa-9b34-f7bf742bfc09 21 1448 1452 -edge_238_0_+disjointig_292_4977_11877 2664 4093 6900 -1 -1 1387 0.000272309
Chain
	Aln	474	-7bbf6b19-a5ee-4baa-9b34-f7bf742bfc09 3 1430 1452 +edge_238_0_+disjointig_292_4977_11877 2806 4235 6900 -1 -1 1387 0.000272309
Chain
	Aln	449	+1c0e83b9-bf3e-4860-a88f-2ff21ddcd8b8 12 2284 2292 -edge_225_0_+disjointig_271_0_5095 11 2287 5095 -1 -1 2216 0.00441168
Chain
	Aln	448	-1c0e83b9-bf3e-4860-a88f-2ff21ddcd8b8 7 2279 2292 +edge_225_0_+disjointig_271_0_5095 2807 5083 5095 -1 -1 2216 0.00441168
Chain
	Aln	703	+6fad4200-60e5-4573-945a-cf46b7a486cb 8 1255 1267 -edge_352_0_+disjointig_88_0_9532 2194 3445 9532 -1 -1 1217 0.00684056
Chain
	Aln	702	-6fad4200-60e5-4573-945a-cf46b7a486cb 11 1258 1267 +edge_352_0_+disjointig_88_0_9532 6086 7337 9532 -1 -1 1217 0.00684056
Chain
	Aln	707	+ffcd7375-430f-407f-90a5-1dc8cada09b4 25 7251 8127 -edge_354_0_+disjointig_90_0_7377 145 7376 7377 -1 -1 6833 0.00626879
Chain
	Aln	706	-ffcd7375-430f-407f-90a5-1dc8cada09b4 875 8101 8127 +edge_354_0_+disjointig_90_0_7377 0 7231 7377 -1 -1 6833 0.00626879
Chain
	Aln	330	+a47cab63-25e1-4909-ac20-081282f469a7 11 6732 6739 +edge_166_0_+disjointig_22_0_7556 837 7550 7556 -1 -1 6463 0.00358505
Chain
	Aln	331	-a47cab63-25e1-4909-ac20-081282f469a7 6 6727 6739 -edge_166_0_+disjointig_22_0_7556 5 6718 7556 -1 -1 6463 0.00358505
Chain
	Aln	517	+57fb579d-feab-474d-b22c-f2ef370fab8f 6 2600 2609 -edge_259_0_+disjointig_295_0_2612 5 2603 2612 -1 -1 2578 0.00154739
Chain
	Aln	516	-57fb579d-feab-474d-b22c-f2ef370fab8f 8 2602 2609 +edge_259_0_+disjointig_295_0_2612 8 2606 2612 -1 -1 2578 0.00154739
Chain
	Aln	143	+0022149d-0f59-493a-88ba-cd1d1bc3a51c 609 1954 1958 -edge_72_0_+disjointig_142_0_7073 15 1357 7073 -1 -1 1311 0.000962888
Chain
	Aln	142	-0022149d-0f59-493a-88ba-cd1d1bc3a51c 3 1348 1958 +edge_72_0_+disjointig_142_0_7073 5715 7057 7073 -1 -1 1311 0.000962888
Chain
	Aln	738	+cb430b0f-ede8-4a15-8c0b-0f8ca7c0b2f1 9 1720 1725 +edge_370_0_-disjointig_66_3457_23755 1746 3460 20298 -1 -1 1545 0.0118888
Chain
	Aln	739	-cb430b0f-ede8-4a15-8c0b-0f8ca7c0b2f1 4 1715 1725 -edge_370_0_-disjointig_66_3457_23755 16837 18551 20298 -1 -1 1545 0.0118888
Chain
	Aln	472	+702e0ed1-9230-440b-8faf-13fb0256aacd 2649 3117 8417 +edge_237_2_-disjointig_57_2219_2902 229 668 683 -1 -1 117 0.0880522
	Aln	753	+702e0ed1-9230-440b-8faf-13fb0256aacd 3407 8283 8417 -edge_377_3_-disjointig_41_21233_26118 14 4884 4885 -1 -1 4782 0.00261293
Chain
	Aln	752	-702e0ed1-9230-440b-8faf-13fb0256aacd 133 5009 8417 +edge_377_3_-disjointig_41_21233_26118 0 4870 4885 -1 -1 4782 0.00261293
	Aln	473	-702e0ed1-9230-440b-8faf-13fb0256aacd 5299 5767 8417 -edge_237_2_-disjointig_57_2219_2902 14 453 683 -1 -1 117 0.0880522
Chain
	Aln	752	+8486eca7-bd9d-4a67-b230-6bd00a13466e 7 750 7350 +edge_377_0_+disjointig_28_27669_32566 4145 4889 4897 -1 -1 742 0.0026522
	Aln	473	+8486eca7-bd9d-4a67-b230-6bd00a13466e 773 1505 7350 -edge_237_0_-disjointig_28_6420_7247 14 754 827 -1 -1 507 0.0366378
	Aln	752	+8486eca7-bd9d-4a67-b230-6bd00a13466e 1576 6407 7350 +edge_377_1_+disjointig_28_33393_38243 0 4842 4850 -1 -1 4691 0.00332448
Chain
	Aln	753	-8486eca7-bd9d-4a67-b230-6bd00a13466e 942 5773 7350 -edge_377_1_+disjointig_28_33393_38243 7 4849 4850 -1 -1 4691 0.00332448
	Aln	472	-8486eca7-bd9d-4a67-b230-6bd00a13466e 5844 6576 7350 +edge_237_0_-disjointig_28_6420_7247 72 812 827 -1 -1 507 0.0366378
	Aln	753	-8486eca7-bd9d-4a67-b230-6bd00a13466e 6599 7342 7350 -edge_377_0_+disjointig_28_27669_32566 7 751 4897 -1 -1 742 0.0026522
Chain
	Aln	300	+de1e1657-d177-4131-a09c-c8f33c60ed29 6 6318 6321 +edge_151_0_+disjointig_21_0_26556 12180 18491 26556 -1 -1 6228 0.00283627
Chain
	Aln	301	-de1e1657-d177-4131-a09c-c8f33c60ed29 2 6314 6321 -edge_151_0_+disjointig_21_0_26556 8064 14375 26556 -1 -1 6228 0.00283627
Chain
	Aln	466	+22dc255b-557b-4e1b-8265-b3b4ea231569 75 3501 3630 +edge_234_0_+disjointig_28_0_27669 22243 25676 27669 -1 -1 3395 0.00130766
Chain
	Aln	467	-22dc255b-557b-4e1b-8265-b3b4ea231569 128 3554 3630 -edge_234_0_+disjointig_28_0_27669 1992 5425 27669 -1 -1 3395 0.00130766
Chain
	Aln	690	+ae661ae4-84b1-4cf8-92d9-cac67c3d79a0 1 1143 1178 +edge_346_0_+disjointig_82_0_9722 7791 8934 9722 -1 -1 1024 0.0120219
Chain
	Aln	691	-ae661ae4-84b1-4cf8-92d9-cac67c3d79a0 34 1176 1178 -edge_346_0_+disjointig_82_0_9722 787 1930 9722 -1 -1 1024 0.0120219
Chain
	Aln	159	+e7961381-2c4c-425b-97d3-eec6464725e3 10 7096 7104 -edge_80_0_+disjointig_15_0_11911 4724 11807 11911 -1 -1 7047 0.000196395
Chain
	Aln	158	-e7961381-2c4c-425b-97d3-eec6464725e3 7 7093 7104 +edge_80_0_+disjointig_15_0_11911 103 7186 11911 -1 -1 7047 0.000196395
Chain
	Aln	197	+f8f9814c-db94-4893-87cb-88ddba45f8b3 14 1237 1239 -edge_99_0_+disjointig_167_0_8875 4090 5313 8875 -1 -1 1223 0.0021144
Chain
	Aln	196	-f8f9814c-db94-4893-87cb-88ddba45f8b3 1 1224 1239 +edge_99_0_+disjointig_167_0_8875 3561 4784 8875 -1 -1 1223 0.0021144
Chain
	Aln	102	+6d04863b-318d-43ef-944e-2a95d47fd643 3 6942 6945 +edge_52_0_+disjointig_123_0_17590 10643 17588 17590 -1 -1 6759 0.00160391
Chain
	Aln	103	-6d04863b-318d-43ef-944e-2a95d47fd643 2 6941 6945 -edge_52_0_+disjointig_123_0_17590 1 6946 17590 -1 -1 6759 0.00160391
Chain
	Aln	593	+76045a99-2b44-4d92-a03f-c5f298392280 5 2474 2481 -edge_297_0_+disjointig_324_0_12963 8303 10786 12963 -1 -1 2330 0.00653794
Chain
	Aln	592	-76045a99-2b44-4d92-a03f-c5f298392280 6 2475 2481 +edge_297_0_+disjointig_324_0_12963 2176 4659 12963 -1 -1 2330 0.00653794
Chain
	Aln	180	+36b069dc-b615-4ebe-af5b-93cfbc7b3e30 128 3659 3669 +edge_91_0_+disjointig_161_0_18481 1 3536 18481 -1 -1 3395 0.00283708
Chain
	Aln	181	-36b069dc-b615-4ebe-af5b-93cfbc7b3e30 9 3540 3669 -edge_91_0_+disjointig_161_0_18481 14944 18479 18481 -1 -1 3395 0.00283708
Chain
	Aln	467	+48795186-c9ed-4283-a8a3-900f357069f1 8 1729 1732 -edge_234_0_+disjointig_28_0_27669 2923 4646 27669 -1 -1 1715 9.86926e-05
Chain
	Aln	466	-48795186-c9ed-4283-a8a3-900f357069f1 2 1723 1732 +edge_234_0_+disjointig_28_0_27669 23022 24745 27669 -1 -1 1715 9.86926e-05
Chain
	Aln	548	+289604a5-79e4-4ab7-8cc8-f2e58e0da820 5 6033 6041 +edge_275_0_+disjointig_308_0_6668 574 6661 6668 -1 -1 5547 0.00564815
Chain
	Aln	549	-289604a5-79e4-4ab7-8cc8-f2e58e0da820 7 6035 6041 -edge_275_0_+disjointig_308_0_6668 6 6093 6668 -1 -1 5547 0.00564815
Chain
	Aln	629	+aef03d73-6b01-4e96-8ed2-fa2f6f100596 9 15310 23799 -edge_315_0_+disjointig_43_0_17713 2413 17712 17713 -1 -1 15089 0.00227638
Chain
	Aln	628	-aef03d73-6b01-4e96-8ed2-fa2f6f100596 8488 23789 23799 +edge_315_0_+disjointig_43_0_17713 0 15299 17713 -1 -1 15089 0.00227638
Chain
	Aln	285	+d48f8aa9-6094-4a26-8a95-696c1ea9f34f 18 2346 2352 -edge_143_0_+disjointig_205_0_5128 1073 3398 5128 -1 -1 2319 0.000878722
Chain
	Aln	284	-d48f8aa9-6094-4a26-8a95-696c1ea9f34f 5 2333 2352 +edge_143_0_+disjointig_205_0_5128 1729 4054 5128 -1 -1 2319 0.000878722
Chain
	Aln	43	+bb1c38d8-d1f9-4461-9ec3-93cc1998802a 22 4506 4510 -edge_22_0_+disjointig_107_0_25761 13746 18233 25761 -1 -1 4418 0.00130584
Chain
	Aln	42	-bb1c38d8-d1f9-4461-9ec3-93cc1998802a 3 4487 4510 +edge_22_0_+disjointig_107_0_25761 7527 12014 25761 -1 -1 4418 0.00130584
Chain
	Aln	281	+0a340b1f-4899-458f-87c9-05d4b3772cee 12 3134 3140 -edge_141_0_+disjointig_203_0_4314 1200 4308 4314 -1 -1 2946 0.00615748
Chain
	Aln	280	-0a340b1f-4899-458f-87c9-05d4b3772cee 5 3127 3140 +edge_141_0_+disjointig_203_0_4314 5 3113 4314 -1 -1 2946 0.00615748
Chain
	Aln	455	+8266d7b8-940b-41c1-ab96-d06a0b0d0b15 70 1225 1235 -edge_228_0_+disjointig_274_0_14029 192 1334 14029 -1 -1 1060 0.0122892
Chain
	Aln	454	-8266d7b8-940b-41c1-ab96-d06a0b0d0b15 9 1164 1235 +edge_228_0_+disjointig_274_0_14029 12694 13836 14029 -1 -1 1060 0.0122892
Chain
	Aln	118	+4da27b4d-a952-4005-bd55-9597d52b99f0 1 3353 3358 +edge_60_0_+disjointig_131_0_25925 9023 12373 25925 -1 -1 3267 0.00441864
Chain
	Aln	119	-4da27b4d-a952-4005-bd55-9597d52b99f0 4 3356 3358 -edge_60_0_+disjointig_131_0_25925 13551 16901 25925 -1 -1 3267 0.00441864
Chain
	Aln	484	+c14688d2-80a3-41e1-88e7-654c41d19455 8 5446 5449 +edge_243_0_+disjointig_49_7193_20010 1535 6976 12817 -1 -1 5357 0.00267709
Chain
	Aln	485	-c14688d2-80a3-41e1-88e7-654c41d19455 2 5440 5449 -edge_243_0_+disjointig_49_7193_20010 5840 11281 12817 -1 -1 5357 0.00267709
Chain
	Aln	705	+8278b398-5876-4410-a336-20554e978f14 11 5356 5358 -edge_353_0_+disjointig_89_0_13592 8254 13590 13592 -1 -1 5236 0.000763067
Chain
	Aln	704	-8278b398-5876-4410-a336-20554e978f14 1 5346 5358 +edge_353_0_+disjointig_89_0_13592 1 5337 13592 -1 -1 5236 0.000763067
Chain
	Aln	573	+4bf33d5e-3d91-4c61-ad60-85600d1a51d4 11 1999 2003 -edge_287_0_+disjointig_317_0_5793 1029 3009 5793 -1 -1 1915 0.00415482
Chain
	Aln	572	-4bf33d5e-3d91-4c61-ad60-85600d1a51d4 3 1991 2003 +edge_287_0_+disjointig_317_0_5793 2783 4763 5793 -1 -1 1915 0.00415482
Chain
	Aln	379	+428277b6-cef0-48b1-bc98-8d0fcde24a5d 119 1789 1796 -edge_190_0_+disjointig_241_0_6183 16 1686 6183 -1 -1 1670 0.000372198
Chain
	Aln	378	-428277b6-cef0-48b1-bc98-8d0fcde24a5d 6 1676 1796 +edge_190_0_+disjointig_241_0_6183 4496 6166 6183 -1 -1 1670 0.000372198
Chain
	Aln	738	+cfcf6a97-bb62-414b-8ff7-a98e929ecb70 10 1310 1313 +edge_370_0_-disjointig_66_3457_23755 17998 19301 20298 -1 -1 1263 0.00211398
Chain
	Aln	739	-cfcf6a97-bb62-414b-8ff7-a98e929ecb70 2 1302 1313 -edge_370_0_-disjointig_66_3457_23755 996 2299 20298 -1 -1 1263 0.00211398
Chain
	Aln	454	+e2ff1c54-d5d5-4d11-a6fd-c62526afeb04 50 2555 5132 +edge_228_0_+disjointig_274_0_14029 11479 14027 14029 -1 -1 2324 0.00894038
Chain
	Aln	455	-e2ff1c54-d5d5-4d11-a6fd-c62526afeb04 2576 5081 5132 -edge_228_0_+disjointig_274_0_14029 1 2549 14029 -1 -1 2324 0.00894038
Chain
	Aln	700	+be9a0505-8a02-4bf0-9423-487c85093921 1 5152 5154 +edge_351_0_+disjointig_87_0_9199 1 5152 9199 -1 -1 5079 0.00168003
Chain
	Aln	701	-be9a0505-8a02-4bf0-9423-487c85093921 1 5152 5154 -edge_351_0_+disjointig_87_0_9199 4046 9197 9199 -1 -1 5079 0.00168003
Chain
	Aln	17	+4be4271a-bbc8-4858-9e92-c7892b4ccac4 1035 2487 4388 -edge_9_2_+disjointig_7_2707_4165 9 1457 1458 -1 -1 974 0.0375931
Chain
	Aln	326	+4be4271a-bbc8-4858-9e92-c7892b4ccac4 3210 4380 4388 +edge_164_0_+disjointig_218_0_16787 3 1173 16787 -1 -1 922 0.0188627
Chain
	Aln	16	-4be4271a-bbc8-4858-9e92-c7892b4ccac4 1900 3352 4388 +edge_9_2_+disjointig_7_2707_4165 0 1448 1458 -1 -1 974 0.0375931
Chain
	Aln	327	-4be4271a-bbc8-4858-9e92-c7892b4ccac4 7 1177 4388 -edge_164_0_+disjointig_218_0_16787 15613 16783 16787 -1 -1 922 0.0188627
Chain
	Aln	202	+eb7dffad-52d2-4f4a-bf32-8a4f64d9e822 2 7012 7016 +edge_102_0_+disjointig_169_0_8808 2 7028 8808 -1 -1 6875 0.00165715
Chain
	Aln	203	-eb7dffad-52d2-4f4a-bf32-8a4f64d9e822 3 7013 7016 -edge_102_0_+disjointig_169_0_8808 1779 8805 8808 -1 -1 6875 0.00165715
Chain
	Aln	611	+cd3c51a3-e329-4871-a315-ea9099060db9 1383 8760 8762 -edge_306_0_+disjointig_36_0_7391 15 7389 7391 -1 -1 7251 0.00192441
Chain
	Aln	610	-cd3c51a3-e329-4871-a315-ea9099060db9 1 7378 8762 +edge_306_0_+disjointig_36_0_7391 1 7375 7391 -1 -1 7251 0.00192441
Chain
	Aln	484	+8a452640-ee22-464a-9057-8ad3909a17b4 8 8473 8475 +edge_243_0_+disjointig_49_7193_20010 146 8619 12817 -1 -1 8313 0.00285712
Chain
	Aln	485	-8a452640-ee22-464a-9057-8ad3909a17b4 1 8466 8475 -edge_243_0_+disjointig_49_7193_20010 4197 12670 12817 -1 -1 8313 0.00285712
Chain
	Aln	681	+4616376e-6f3d-4c61-a93f-ac47f4ad7a62 7 7039 7047 -edge_341_0_+disjointig_76_0_13454 3609 10641 13454 -1 -1 6897 0.00204065
Chain
	Aln	680	-4616376e-6f3d-4c61-a93f-ac47f4ad7a62 7 7039 7047 +edge_341_0_+disjointig_76_0_13454 2812 9844 13454 -1 -1 6897 0.00204065
Chain
	Aln	358	+26c9df43-0216-4b8c-85a2-6f23ed6440e5 9 2149 3233 +edge_180_0_+disjointig_233_0_2331 183 2326 2331 -1 -1 2099 0.00290104
Chain
	Aln	359	-26c9df43-0216-4b8c-85a2-6f23ed6440e5 1083 3223 3233 -edge_180_0_+disjointig_233_0_2331 4 2147 2331 -1 -1 2099 0.00290104
Chain
	Aln	680	+8336ac27-3aaa-408e-b46c-597c6df2445a 13 7385 7423 +edge_341_0_+disjointig_76_0_13454 2799 10177 13454 -1 -1 7155 0.0035441
Chain
	Aln	681	-8336ac27-3aaa-408e-b46c-597c6df2445a 37 7409 7423 -edge_341_0_+disjointig_76_0_13454 3276 10654 13454 -1 -1 7155 0.0035441
Chain
	Aln	255	+b297c385-bbef-43a5-9f64-c6b85312213f 3 1110 1114 -edge_128_0_+disjointig_194_0_20836 16994 18101 20836 -1 -1 1107 0
Chain
	Aln	254	-b297c385-bbef-43a5-9f64-c6b85312213f 3 1110 1114 +edge_128_0_+disjointig_194_0_20836 2734 3841 20836 -1 -1 1107 0
Chain
	Aln	139	+4d0964dd-09f1-404e-85a5-3cf1e0dfd68b 16 16497 16505 -edge_70_0_-disjointig_67_10521_41118 9107 25880 30597 -1 -1 14761 0.00622158
Chain
	Aln	138	-4d0964dd-09f1-404e-85a5-3cf1e0dfd68b 7 16488 16505 +edge_70_0_-disjointig_67_10521_41118 4716 21489 30597 -1 -1 14761 0.00622158
Chain
	Aln	132	+846b5ace-6dab-414b-a7c3-63305f0bff2e 18 1182 1186 +edge_67_0_+disjointig_139_0_8253 3146 4310 8253 -1 -1 1164 3.63616e-05
Chain
	Aln	133	-846b5ace-6dab-414b-a7c3-63305f0bff2e 3 1167 1186 -edge_67_0_+disjointig_139_0_8253 3942 5106 8253 -1 -1 1164 3.63616e-05
Chain
	Aln	254	+0e889c2a-2adc-46cf-9067-70020ad66816 9 6018 6023 +edge_128_0_+disjointig_194_0_20836 2429 8442 20836 -1 -1 5967 8.95701e-05
Chain
	Aln	255	-0e889c2a-2adc-46cf-9067-70020ad66816 4 6013 6023 -edge_128_0_+disjointig_194_0_20836 12393 18406 20836 -1 -1 5967 8.95701e-05
Chain
	Aln	722	+bf55fdbe-cb55-4102-9260-d572fc14eecf 10 8937 10193 +edge_362_0_-disjointig_20_7328_27800 11453 20461 20472 -1 -1 8198 0.00796456
	Aln	724	+bf55fdbe-cb55-4102-9260-d572fc14eecf 8950 10187 10193 +edge_363_0_-disjointig_118_8955_29374 2 1238 20419 -1 -1 1223 0.00531136
Chain
	Aln	725	-bf55fdbe-cb55-4102-9260-d572fc14eecf 5 1242 10193 -edge_363_0_-disjointig_118_8955_29374 19180 20416 20419 -1 -1 1223 0.00531136
	Aln	723	-bf55fdbe-cb55-4102-9260-d572fc14eecf 1255 10182 10193 -edge_362_0_-disjointig_20_7328_27800 10 9018 20472 -1 -1 8198 0.00796456
Chain
	Aln	656	+088cff32-daef-423b-86bd-76ef423c31b5 779 1886 1942 +edge_329_0_+disjointig_61_0_5124 9 1115 5124 -1 -1 1030 0.00808716
Chain
	Aln	657	-088cff32-daef-423b-86bd-76ef423c31b5 55 1162 1942 -edge_329_0_+disjointig_61_0_5124 4008 5114 5124 -1 -1 1030 0.00808716
Chain
	Aln	431	+26886413-88f1-4eb6-ae43-b7f49f3e4702 13 13159 13161 -edge_216_0_+disjointig_263_0_14317 11 13155 14317 -1 -1 13042 0.000432524
Chain
	Aln	430	-26886413-88f1-4eb6-ae43-b7f49f3e4702 1 13147 13161 +edge_216_0_+disjointig_263_0_14317 1161 14305 14317 -1 -1 13042 0.000432524
Chain
	Aln	216	+4c98b36f-0b29-4cde-b460-543c62aca16a 6 1512 1515 +edge_109_0_+disjointig_175_0_5602 2125 3630 5602 -1 -1 1505 0.000685247
Chain
	Aln	217	-4c98b36f-0b29-4cde-b460-543c62aca16a 2 1508 1515 -edge_109_0_+disjointig_175_0_5602 1971 3476 5602 -1 -1 1505 0.000685247
Chain
	Aln	121	+ba6ec23e-6490-4291-91d4-ca73737f2dae 22 2954 2956 -edge_61_0_+disjointig_132_0_2950 24 2948 2950 -1 -1 2806 0.00422006
Chain
	Aln	120	-ba6ec23e-6490-4291-91d4-ca73737f2dae 1 2933 2956 +edge_61_0_+disjointig_132_0_2950 1 2925 2950 -1 -1 2806 0.00422006
Chain
	Aln	608	+ddfca5b5-5991-4603-a7f3-cab652ec06e8 550 4423 4426 +edge_305_0_+disjointig_35_0_17453 2 3877 17453 -1 -1 3780 0.00264125
Chain
	Aln	609	-ddfca5b5-5991-4603-a7f3-cab652ec06e8 2 3875 4426 -edge_305_0_+disjointig_35_0_17453 13575 17450 17453 -1 -1 3780 0.00264125
Chain
	Aln	641	+24aa8f69-a217-4668-aa94-b0128d78bb64 2 3285 3292 -edge_321_0_+disjointig_52_0_21384 9612 12896 21384 -1 -1 3283 0.00177072
Chain
	Aln	640	-24aa8f69-a217-4668-aa94-b0128d78bb64 6 3289 3292 +edge_321_0_+disjointig_52_0_21384 8487 11771 21384 -1 -1 3283 0.00177072
Chain
	Aln	336	+273cf859-9545-4806-9637-202aa36a9cbc 9 1526 1528 +edge_169_0_+disjointig_222_0_4052 1699 3215 4052 -1 -1 1498 0.00155069
Chain
	Aln	337	-273cf859-9545-4806-9637-202aa36a9cbc 1 1518 1528 -edge_169_0_+disjointig_222_0_4052 836 2352 4052 -1 -1 1498 0.00155069
Chain
	Aln	467	+8f2ede28-97b8-4bb7-839a-63b824ff141a 18 4914 4921 -edge_234_0_+disjointig_28_0_27669 5878 10774 27669 -1 -1 4896 0
Chain
	Aln	466	-8f2ede28-97b8-4bb7-839a-63b824ff141a 6 4902 4921 +edge_234_0_+disjointig_28_0_27669 16894 21790 27669 -1 -1 4896 0
Chain
	Aln	659	+4b965ec1-e08b-4926-9120-845a2fe21179 13 5354 6509 -edge_330_0_+disjointig_62_0_13179 7834 13178 13179 -1 -1 5271 7.9781e-05
Chain
	Aln	658	-4b965ec1-e08b-4926-9120-845a2fe21179 1154 6495 6509 +edge_330_0_+disjointig_62_0_13179 0 5344 13179 -1 -1 5271 7.9781e-05
Chain
	Aln	83	+19f5c052-e0ec-4f64-acdc-40cdd4e7a23b 34 1398 1400 -edge_42_0_+disjointig_115_0_26307 21979 23344 26307 -1 -1 1335 0.0023234
Chain
	Aln	82	-19f5c052-e0ec-4f64-acdc-40cdd4e7a23b 1 1365 1400 +edge_42_0_+disjointig_115_0_26307 2962 4327 26307 -1 -1 1335 0.0023234
Chain
	Aln	47	+3d310812-adf4-4a79-a817-4c83850060a7 6 1424 2521 -edge_24_0_+disjointig_109_0_11803 10384 11802 11803 -1 -1 1397 0.00238078
Chain
	Aln	46	-3d310812-adf4-4a79-a817-4c83850060a7 1096 2514 2521 +edge_24_0_+disjointig_109_0_11803 0 1418 11803 -1 -1 1397 0.00238078
Chain
	Aln	105	+41e67204-4c71-40b5-9c12-67bb4a7d5a2c 310 1933 1935 -edge_53_0_+disjointig_124_0_5857 6 1629 5857 -1 -1 1612 0.000882902
Chain
	Aln	104	-41e67204-4c71-40b5-9c12-67bb4a7d5a2c 1 1624 1935 +edge_53_0_+disjointig_124_0_5857 4227 5850 5857 -1 -1 1612 0.000882902
Chain
	Aln	181	+d18e9430-6dce-4722-8f10-0866cdacda4b 1083 2987 2989 -edge_91_0_+disjointig_161_0_18481 9 1911 18481 -1 -1 1881 0.0032124
Chain
	Aln	180	-d18e9430-6dce-4722-8f10-0866cdacda4b 1 1905 2989 +edge_91_0_+disjointig_161_0_18481 16569 18471 18481 -1 -1 1881 0.0032124
Chain
	Aln	649	+a1f919cf-c697-421f-ab5a-499390993c12 13 2986 2988 -edge_325_0_+disjointig_56_0_14906 1439 4411 14906 -1 -1 2936 0.00213863
Chain
	Aln	648	-a1f919cf-c697-421f-ab5a-499390993c12 1 2974 2988 +edge_325_0_+disjointig_56_0_14906 10494 13466 14906 -1 -1 2936 0.00213863
Chain
	Aln	129	+3ac62a83-3947-4951-903f-daf1665b0b28 15 2881 2888 -edge_65_0_+disjointig_137_0_9196 6227 9087 9196 -1 -1 2724 0.00252537
Chain
	Aln	128	-3ac62a83-3947-4951-903f-daf1665b0b28 6 2872 2888 +edge_65_0_+disjointig_137_0_9196 108 2968 9196 -1 -1 2724 0.00252537
Chain
	Aln	153	+87b22644-c3f1-4cd9-a9d4-465e9c014af2 6 2446 2454 -edge_77_0_+disjointig_147_0_20037 5216 7665 20037 -1 -1 2391 0.00301697
Chain
	Aln	152	-87b22644-c3f1-4cd9-a9d4-465e9c014af2 7 2447 2454 +edge_77_0_+disjointig_147_0_20037 12371 14820 20037 -1 -1 2391 0.00301697
Chain
	Aln	738	+250d7566-c0cb-4e4f-9d58-aa5cc29286ef 6 2665 2669 +edge_370_0_-disjointig_66_3457_23755 1570 4227 20298 -1 -1 2631 0.00304088
Chain
	Aln	739	-250d7566-c0cb-4e4f-9d58-aa5cc29286ef 3 2662 2669 -edge_370_0_-disjointig_66_3457_23755 16070 18727 20298 -1 -1 2631 0.00304088
Chain
	Aln	716	+d8c63440-770e-4bbe-947c-95900556609a 17 1472 1474 +edge_359_0_+disjointig_96_0_23495 10536 11989 23495 -1 -1 1427 0.00318582
Chain
	Aln	717	-d8c63440-770e-4bbe-947c-95900556609a 1 1456 1474 -edge_359_0_+disjointig_96_0_23495 11505 12958 23495 -1 -1 1427 0.00318582
Chain
	Aln	389	+5d417320-2849-4c1d-abd6-5820b21301f7 4 2716 2719 -edge_195_0_+disjointig_246_0_5529 2805 5526 5529 -1 -1 2543 0.0059585
Chain
	Aln	388	-5d417320-2849-4c1d-abd6-5820b21301f7 2 2714 2719 +edge_195_0_+disjointig_246_0_5529 2 2723 5529 -1 -1 2543 0.0059585
Chain
	Aln	715	+fc3bb8da-2a5c-42ca-9d1d-4f971ab21221 3 6003 6005 -edge_358_0_+disjointig_95_0_21066 3575 9592 21066 -1 -1 5734 0.0035768
Chain
	Aln	714	-fc3bb8da-2a5c-42ca-9d1d-4f971ab21221 1 6001 6005 +edge_358_0_+disjointig_95_0_21066 11473 17490 21066 -1 -1 5734 0.0035768
Chain
	Aln	49	+dd2204a0-c046-4d53-b796-e04aafcbf01b 18 6454 6456 -edge_25_0_+disjointig_11_0_10209 241 6681 10209 -1 -1 6299 0.00127828
Chain
	Aln	48	-dd2204a0-c046-4d53-b796-e04aafcbf01b 1 6437 6456 +edge_25_0_+disjointig_11_0_10209 3527 9967 10209 -1 -1 6299 0.00127828
Chain
	Aln	271	+9ed1983f-f66f-4d48-bb09-a0ae7b3fe9cf 8 1193 1195 -edge_136_0_+disjointig_198_0_10386 6128 7314 10386 -1 -1 1129 0.00283473
Chain
	Aln	270	-9ed1983f-f66f-4d48-bb09-a0ae7b3fe9cf 1 1186 1195 +edge_136_0_+disjointig_198_0_10386 3071 4257 10386 -1 -1 1129 0.00283473
Chain
	Aln	15	+b14779eb-d60c-49e3-8f1d-66a700f1a6de 8 1287 1292 -edge_8_0_+disjointig_103_0_7543 793 2070 7543 -1 -1 1267 0.00050666
Chain
	Aln	14	-b14779eb-d60c-49e3-8f1d-66a700f1a6de 4 1283 1292 +edge_8_0_+disjointig_103_0_7543 5472 6749 7543 -1 -1 1267 0.00050666
Chain
	Aln	553	+89f04245-5999-46b2-ab48-8244062cab6e 7 4594 4600 -edge_277_0_+disjointig_310_0_9201 4612 9195 9201 -1 -1 4429 0.00282453
Chain
	Aln	552	-89f04245-5999-46b2-ab48-8244062cab6e 5 4592 4600 +edge_277_0_+disjointig_310_0_9201 5 4588 9201 -1 -1 4429 0.00282453
Chain
	Aln	384	+a9133362-7d13-4955-9b71-4694e041a484 14 1042 1197 +edge_193_0_+disjointig_244_0_6238 5118 6154 6238 -1 -1 1005 0.00554809
Chain
	Aln	385	-a9133362-7d13-4955-9b71-4694e041a484 154 1182 1197 -edge_193_0_+disjointig_244_0_6238 83 1119 6238 -1 -1 1005 0.00554809
Chain
	Aln	505	+6031e102-4f1e-4d61-96da-65f0004e7ff6 17 2494 2496 -edge_253_0_+disjointig_289_0_2495 16 2493 2495 -1 -1 2109 0.00210753
Chain
	Aln	504	-6031e102-4f1e-4d61-96da-65f0004e7ff6 1 2478 2496 +edge_253_0_+disjointig_289_0_2495 1 2478 2495 -1 -1 2109 0.00210753
Chain
	Aln	466	+eefd7cb4-3cff-428a-8446-5bca35f1df5d 13 1353 1358 +edge_234_0_+disjointig_28_0_27669 17218 18557 27669 -1 -1 1311 0.00198224
Chain
	Aln	467	-eefd7cb4-3cff-428a-8446-5bca35f1df5d 4 1344 1358 -edge_234_0_+disjointig_28_0_27669 9111 10450 27669 -1 -1 1311 0.00198224
Chain
	Aln	747	+47f1ee5b-4446-4d3a-b614-d6bf93bf9ce2 8 3871 3963 -edge_374_0_+disjointig_236_4011_12218 2202 6081 8207 -1 -1 3627 0.00668536
Chain
	Aln	746	-47f1ee5b-4446-4d3a-b614-d6bf93bf9ce2 91 3954 3963 +edge_374_0_+disjointig_236_4011_12218 2125 6004 8207 -1 -1 3627 0.00668536
Chain
	Aln	628	+68000636-6edd-4e85-84df-09decbe82b82 8 1496 1500 +edge_315_0_+disjointig_43_0_17713 1986 3475 17713 -1 -1 1476 0.00361085
Chain
	Aln	629	-68000636-6edd-4e85-84df-09decbe82b82 3 1491 1500 -edge_315_0_+disjointig_43_0_17713 14237 15726 17713 -1 -1 1476 0.00361085
Chain
	Aln	439	+3be7135e-6d6e-40f9-af00-7b2e88e80165 9 11656 11660 -edge_220_0_+disjointig_267_0_20749 2154 13793 20749 -1 -1 11448 0.00153957
Chain
	Aln	438	-3be7135e-6d6e-40f9-af00-7b2e88e80165 3 11650 11660 +edge_220_0_+disjointig_267_0_20749 6955 18594 20749 -1 -1 11448 0.00153957
Chain
	Aln	301	+0b82441d-8488-4e4b-af17-6437d0ec33ba 10 1521 1528 -edge_151_0_+disjointig_21_0_26556 11742 13256 26556 -1 -1 1486 0.0059965
Chain
	Aln	300	-0b82441d-8488-4e4b-af17-6437d0ec33ba 6 1517 1528 +edge_151_0_+disjointig_21_0_26556 13299 14813 26556 -1 -1 1486 0.0059965
Chain
	Aln	681	+82fc168c-5f0c-4001-849e-567b4a7bf46a 4530 6534 6645 -edge_341_0_+disjointig_76_0_13454 205 2243 13454 -1 -1 1004 0.0583884
Chain
	Aln	680	-82fc168c-5f0c-4001-849e-567b4a7bf46a 110 2114 6645 +edge_341_0_+disjointig_76_0_13454 11210 13248 13454 -1 -1 1004 0.0583884
Chain
	Aln	760	+12e3c04f-668c-4fb5-a326-80740e1b78f9 20 1628 1630 +edge_381_0_-disjointig_45_0_30722 12992 14600 30722 -1 -1 1602 0.00198224
Chain
	Aln	761	-12e3c04f-668c-4fb5-a326-80740e1b78f9 1 1609 1630 -edge_381_0_-disjointig_45_0_30722 16121 17729 30722 -1 -1 1602 0.00198224
Chain
	Aln	720	+f771af32-ed41-443b-a960-e01139a75b05 6 2244 2252 +edge_361_0_-disjointig_306_0_7714 5475 7707 7714 -1 -1 2194 0.00235587
Chain
	Aln	721	-f771af32-ed41-443b-a960-e01139a75b05 7 2245 2252 -edge_361_0_-disjointig_306_0_7714 6 2238 7714 -1 -1 2194 0.00235587
Chain
	Aln	70	+a4b3fac2-af17-4931-98ef-26a783be02c9 22 3944 4431 +edge_36_0_+disjointig_14_15170_31787 7098 11233 16617 -1 -1 3434 0.0123857
Chain
	Aln	71	-a4b3fac2-af17-4931-98ef-26a783be02c9 486 4408 4431 -edge_36_0_+disjointig_14_15170_31787 5383 9518 16617 -1 -1 3434 0.0123857
Chain
	Aln	760	+d5ed699d-4ca6-4e1d-9567-a8f71b5fd74e 2 2274 2285 +edge_381_0_-disjointig_45_0_30722 11769 14041 30722 -1 -1 2268 0.000588666
Chain
	Aln	761	-d5ed699d-4ca6-4e1d-9567-a8f71b5fd74e 10 2282 2285 -edge_381_0_-disjointig_45_0_30722 16680 18952 30722 -1 -1 2268 0.000588666
Chain
	Aln	476	+4eaa139f-8779-4d2b-9ff7-5debd3fa96e0 11 3031 3108 +edge_239_0_+disjointig_41_9827_31060 18210 21227 21233 -1 -1 2944 0.00171925
Chain
	Aln	477	-4eaa139f-8779-4d2b-9ff7-5debd3fa96e0 76 3096 3108 -edge_239_0_+disjointig_41_9827_31060 5 3022 21233 -1 -1 2944 0.00171925
Chain
	Aln	195	+92a45a0a-ef5d-4041-9131-ee72ef1cccb9 9 1458 1462 -edge_98_0_+disjointig_166_0_14218 3043 4498 14218 -1 -1 1428 0.002951
Chain
	Aln	194	-92a45a0a-ef5d-4041-9131-ee72ef1cccb9 3 1452 1462 +edge_98_0_+disjointig_166_0_14218 9719 11174 14218 -1 -1 1428 0.002951
Chain
	Aln	374	+8d1a3657-f776-4367-9d46-3d776c2ef505 9 5709 5721 +edge_188_0_+disjointig_24_0_14501 8792 14490 14501 -1 -1 5663 0
Chain
	Aln	375	-8d1a3657-f776-4367-9d46-3d776c2ef505 11 5711 5721 -edge_188_0_+disjointig_24_0_14501 10 5708 14501 -1 -1 5663 0
Chain
	Aln	629	+eac1d9d9-1104-4ce1-ac97-bb2ac3acd251 13 2500 2502 -edge_315_0_+disjointig_43_0_17713 15214 17711 17713 -1 -1 2353 0.00970949
Chain
	Aln	628	-eac1d9d9-1104-4ce1-ac97-bb2ac3acd251 1 2488 2502 +edge_315_0_+disjointig_43_0_17713 1 2498 17713 -1 -1 2353 0.00970949
Chain
	Aln	693	+945639c7-af63-461a-a3ea-19c06b9faed0 3 1083 1221 -edge_347_0_+disjointig_83_0_8894 7814 8893 8894 -1 -1 1014 0.00697175
Chain
	Aln	692	-945639c7-af63-461a-a3ea-19c06b9faed0 137 1217 1221 +edge_347_0_+disjointig_83_0_8894 0 1079 8894 -1 -1 1014 0.00697175
Chain
	Aln	102	+d1ad5995-715c-434a-8033-49e2690d4822 2 12897 12899 +edge_52_0_+disjointig_123_0_17590 2 13053 17590 -1 -1 12014 0.00467545
Chain
	Aln	103	-d1ad5995-715c-434a-8033-49e2690d4822 1 12896 12899 -edge_52_0_+disjointig_123_0_17590 4536 17587 17590 -1 -1 12014 0.00467545
Chain
	Aln	739	+c8f78f55-8f79-4692-8a82-39cf368eee0f 11 1012 1053 -edge_370_0_-disjointig_66_3457_23755 19296 20297 20298 -1 -1 996 0
Chain
	Aln	738	-c8f78f55-8f79-4692-8a82-39cf368eee0f 40 1041 1053 +edge_370_0_-disjointig_66_3457_23755 0 1001 20298 -1 -1 996 0
Chain
	Aln	286	+9754bd45-0eb0-4081-a74b-b01952608ce3 12 1423 1485 +edge_144_0_+disjointig_206_0_18223 16781 18188 18223 -1 -1 1389 0.00353622
Chain
	Aln	287	-9754bd45-0eb0-4081-a74b-b01952608ce3 61 1472 1485 -edge_144_0_+disjointig_206_0_18223 34 1441 18223 -1 -1 1389 0.00353622
Chain
	Aln	251	+f076ebb0-c138-469b-9eee-079fddcb7254 289 2010 2017 -edge_126_0_+disjointig_192_0_7005 5 1729 7005 -1 -1 1647 0.00484121
Chain
	Aln	250	-f076ebb0-c138-469b-9eee-079fddcb7254 6 1727 2017 +edge_126_0_+disjointig_192_0_7005 5275 6999 7005 -1 -1 1647 0.00484121
Chain
	Aln	331	+e62c5b8f-0685-4508-8e87-7408972ff56f 24 2088 3055 -edge_166_0_+disjointig_22_0_7556 5445 7508 7556 -1 -1 2052 0.00246691
Chain
	Aln	330	-e62c5b8f-0685-4508-8e87-7408972ff56f 966 3030 3055 +edge_166_0_+disjointig_22_0_7556 47 2110 7556 -1 -1 2052 0.00246691
Chain
	Aln	305	+e983695f-e1e5-4d88-9f3f-f4d5632de610 15 2913 2924 -edge_153_0_+disjointig_211_0_2930 14 2919 2930 -1 -1 2879 0.000102718
Chain
	Aln	304	-e983695f-e1e5-4d88-9f3f-f4d5632de610 10 2908 2924 +edge_153_0_+disjointig_211_0_2930 10 2915 2930 -1 -1 2879 0.000102718
Chain
	Aln	350	+eb0bab43-d6d7-4fd1-a332-8c5e1f168948 7 1218 1225 +edge_176_0_+disjointig_229_0_5436 2651 3864 5436 -1 -1 1179 0.00358775
Chain
	Aln	351	-eb0bab43-d6d7-4fd1-a332-8c5e1f168948 6 1217 1225 -edge_176_0_+disjointig_229_0_5436 1571 2784 5436 -1 -1 1179 0.00358775
Chain
	Aln	627	+14b7bf6d-39aa-460b-b2bd-50dc4f777a3b 145 2095 2097 -edge_314_0_+disjointig_42_0_2347 19 1969 2347 -1 -1 1926 0.000283071
Chain
	Aln	626	-14b7bf6d-39aa-460b-b2bd-50dc4f777a3b 1 1951 2097 +edge_314_0_+disjointig_42_0_2347 377 2327 2347 -1 -1 1926 0.000283071
Chain
	Aln	351	+0caea6f5-be67-4d6f-a343-f4ceb0a03f06 2 1226 1228 -edge_176_0_+disjointig_229_0_5436 1547 2770 5436 -1 -1 1213 0.002438
Chain
	Aln	350	-0caea6f5-be67-4d6f-a343-f4ceb0a03f06 1 1225 1228 +edge_176_0_+disjointig_229_0_5436 2665 3888 5436 -1 -1 1213 0.002438
Chain
	Aln	415	+bd6d0f12-5672-4670-b17a-239bcddd7418 10 1101 2095 -edge_208_0_+disjointig_258_0_4050 2960 4049 4050 -1 -1 1088 0.00270363
Chain
	Aln	414	-bd6d0f12-5672-4670-b17a-239bcddd7418 993 2084 2095 +edge_208_0_+disjointig_258_0_4050 0 1089 4050 -1 -1 1088 0.00270363
Chain
	Aln	576	+36a00151-d5a1-430c-9396-8233208c5e85 14 1428 1436 +edge_289_0_+disjointig_319_0_2226 92 1506 2226 -1 -1 1392 0
Chain
	Aln	577	-36a00151-d5a1-430c-9396-8233208c5e85 7 1421 1436 -edge_289_0_+disjointig_319_0_2226 719 2133 2226 -1 -1 1392 0
Chain
	Aln	662	+db22bb12-3f86-4a99-bb84-2dda0fc48d6d 1619 9344 9349 +edge_332_0_+disjointig_64_0_14859 2 7727 14859 -1 -1 7619 0.00119544
Chain
	Aln	663	-db22bb12-3f86-4a99-bb84-2dda0fc48d6d 4 7729 9349 -edge_332_0_+disjointig_64_0_14859 7131 14856 14859 -1 -1 7619 0.00119544
Chain
	Aln	16	+9180e6e7-8ac0-4293-a14f-87579e436d0f 2 581 1648 +edge_9_2_+disjointig_7_2707_4165 874 1449 1458 -1 -1 557 0.000574724
	Aln	722	+9180e6e7-8ac0-4293-a14f-87579e436d0f 582 1644 1648 +edge_362_0_-disjointig_20_7328_27800 1 1065 20472 -1 -1 1033 0.000610351
Chain
	Aln	723	-9180e6e7-8ac0-4293-a14f-87579e436d0f 3 1065 1648 -edge_362_0_-disjointig_20_7328_27800 19406 20470 20472 -1 -1 1033 0.000610351
	Aln	17	-9180e6e7-8ac0-4293-a14f-87579e436d0f 1066 1645 1648 -edge_9_2_+disjointig_7_2707_4165 8 583 1458 -1 -1 557 0.000574724
Chain
	Aln	723	+8e37dd52-a16e-444d-8848-4a95314fe89c 9 1093 1649 -edge_362_0_-disjointig_20_7328_27800 19392 20471 20472 -1 -1 1033 0.00170579
	Aln	17	+8e37dd52-a16e-444d-8848-4a95314fe89c 1094 1642 1649 -edge_9_0_+disjointig_103_7543_9000 9 558 1457 -1 -1 534 0.000940568
Chain
	Aln	16	-8e37dd52-a16e-444d-8848-4a95314fe89c 6 554 1649 +edge_9_0_+disjointig_103_7543_9000 898 1447 1457 -1 -1 534 0.000940568
	Aln	722	-8e37dd52-a16e-444d-8848-4a95314fe89c 555 1639 1649 +edge_362_0_-disjointig_20_7328_27800 0 1079 20472 -1 -1 1033 0.00170579
Chain
	Aln	310	+a2954859-88f9-4ca9-8e8c-775456561853 11 2165 2167 +edge_156_0_+disjointig_214_0_8698 4584 6745 8698 -1 -1 2115 0.00229058
Chain
	Aln	311	-a2954859-88f9-4ca9-8e8c-775456561853 1 2155 2167 -edge_156_0_+disjointig_214_0_8698 1952 4113 8698 -1 -1 2115 0.00229058
Chain
	Aln	700	+497f80e2-961d-4ca1-942d-b6c450382fd2 13 2438 2444 +edge_351_0_+disjointig_87_0_9199 4520 6944 9199 -1 -1 2406 0.00188272
Chain
	Aln	701	-497f80e2-961d-4ca1-942d-b6c450382fd2 5 2430 2444 -edge_351_0_+disjointig_87_0_9199 2254 4678 9199 -1 -1 2406 0.00188272
Chain
	Aln	651	+7dce01b4-2932-4045-923d-c1961ec78906 7 1272 1278 -edge_326_0_+disjointig_58_0_35073 11605 12870 35073 -1 -1 1265 0
Chain
	Aln	650	-7dce01b4-2932-4045-923d-c1961ec78906 5 1270 1278 +edge_326_0_+disjointig_58_0_35073 22202 23467 35073 -1 -1 1265 0
Chain
	Aln	760	+d9d1b7af-2bf3-4af6-ac23-f72d695a8e0e 14 3398 3400 +edge_381_0_-disjointig_45_0_30722 25431 28815 30722 -1 -1 3377 0
Chain
	Aln	761	-d9d1b7af-2bf3-4af6-ac23-f72d695a8e0e 1 3385 3400 -edge_381_0_-disjointig_45_0_30722 1906 5290 30722 -1 -1 3377 0
Chain
	Aln	662	+b4e024d6-7615-422f-9788-88c2d09515d5 1 1645 1650 +edge_332_0_+disjointig_64_0_14859 6330 7974 14859 -1 -1 1616 0.00328466
Chain
	Aln	663	-b4e024d6-7615-422f-9788-88c2d09515d5 4 1648 1650 -edge_332_0_+disjointig_64_0_14859 6884 8528 14859 -1 -1 1616 0.00328466
Chain
	Aln	35	+7151e2a2-7987-4e63-9667-510190b01ee9 13 1059 1063 -edge_18_0_-disjointig_8_5986_18521 7585 8632 12535 -1 -1 1031 0
Chain
	Aln	34	-7151e2a2-7987-4e63-9667-510190b01ee9 3 1049 1063 +edge_18_0_-disjointig_8_5986_18521 3902 4949 12535 -1 -1 1031 0
Chain
	Aln	663	+9d2b1fa0-4d46-44c5-96d7-d62a1faca0ad 10 1645 1651 -edge_332_0_+disjointig_64_0_14859 6870 8504 14859 -1 -1 1631 0.00151942
Chain
	Aln	662	-9d2b1fa0-4d46-44c5-96d7-d62a1faca0ad 5 1640 1651 +edge_332_0_+disjointig_64_0_14859 6354 7988 14859 -1 -1 1631 0.00151942
Chain
	Aln	284	+ca9ed018-0582-45f1-9956-e5d21ccbf991 7 1484 1488 +edge_143_0_+disjointig_205_0_5128 2988 4465 5128 -1 -1 1477 0.00108664
Chain
	Aln	285	-ca9ed018-0582-45f1-9956-e5d21ccbf991 3 1480 1488 -edge_143_0_+disjointig_205_0_5128 662 2139 5128 -1 -1 1477 0.00108664
Chain
	Aln	51	+a27f30a6-6539-400d-b2bf-562abf977665 33 3820 5697 -edge_26_0_+disjointig_110_0_5900 2108 5899 5900 -1 -1 3775 0.00126462
Chain
	Aln	50	-a27f30a6-6539-400d-b2bf-562abf977665 1876 5663 5697 +edge_26_0_+disjointig_110_0_5900 0 3791 5900 -1 -1 3775 0.00126462
Chain
	Aln	593	+bc2364c7-311e-4863-aa53-37726e2d123c 9 2948 2955 -edge_297_0_+disjointig_324_0_12963 10023 12956 12963 -1 -1 2917 0.00248905
Chain
	Aln	592	-bc2364c7-311e-4863-aa53-37726e2d123c 6 2945 2955 +edge_297_0_+disjointig_324_0_12963 6 2939 12963 -1 -1 2917 0.00248905
Chain
	Aln	130	+6a5317b3-cd13-43b8-ba90-2f8eece819e0 12 1314 1316 +edge_66_0_+disjointig_138_0_38214 36667 37973 38214 -1 -1 1296 0.000973208
Chain
	Aln	131	-6a5317b3-cd13-43b8-ba90-2f8eece819e0 1 1303 1316 -edge_66_0_+disjointig_138_0_38214 240 1546 38214 -1 -1 1296 0.000973208
Chain
	Aln	645	+e4458b29-658e-4123-84cd-fcf2d809fa67 6 1122 1129 -edge_323_0_+disjointig_54_0_13403 8381 9498 13403 -1 -1 1100 0.00440109
Chain
	Aln	644	-e4458b29-658e-4123-84cd-fcf2d809fa67 6 1122 1129 +edge_323_0_+disjointig_54_0_13403 3904 5021 13403 -1 -1 1100 0.00440109
Chain
	Aln	644	+cfdeff75-0f6b-4504-b76d-b206bfb4c2c3 3 1124 1127 +edge_323_0_+disjointig_54_0_13403 3882 5007 13403 -1 -1 1102 0.00358245
Chain
	Aln	645	-cfdeff75-0f6b-4504-b76d-b206bfb4c2c3 2 1123 1127 -edge_323_0_+disjointig_54_0_13403 8395 9520 13403 -1 -1 1102 0.00358245
Chain
	Aln	747	+2827ff2d-94f9-4fb0-933a-92dac3f6eef1 11 4888 4897 -edge_374_0_+disjointig_236_4011_12218 10 4888 8207 -1 -1 4644 0.00411564
Chain
	Aln	746	-2827ff2d-94f9-4fb0-933a-92dac3f6eef1 8 4885 4897 +edge_374_0_+disjointig_236_4011_12218 3318 8196 8207 -1 -1 4644 0.00411564
Chain
	Aln	648	+cccc225e-5636-4edc-9ee0-9b43e3261b29 14 1019 1027 +edge_325_0_+disjointig_56_0_14906 5957 6955 14906 -1 -1 920 0.0142798
Chain
	Aln	649	-cccc225e-5636-4edc-9ee0-9b43e3261b29 7 1012 1027 -edge_325_0_+disjointig_56_0_14906 7950 8948 14906 -1 -1 920 0.0142798
Chain
	Aln	680	+5b7addd6-0e69-459a-aab9-407c6b4f3697 8 1491 1494 +edge_341_0_+disjointig_76_0_13454 2088 3572 13454 -1 -1 1415 0.0057757
Chain
	Aln	681	-5b7addd6-0e69-459a-aab9-407c6b4f3697 2 1485 1494 -edge_341_0_+disjointig_76_0_13454 9881 11365 13454 -1 -1 1415 0.0057757
Chain
	Aln	665	+dfe4a018-d23c-4d1c-9b99-2166825f2e99 8 6531 6533 -edge_333_0_+disjointig_65_0_11933 7 6546 11933 -1 -1 6447 0.000902952
Chain
	Aln	664	-dfe4a018-d23c-4d1c-9b99-2166825f2e99 1 6524 6533 +edge_333_0_+disjointig_65_0_11933 5386 11925 11933 -1 -1 6447 0.000902952
Chain
	Aln	664	+b5a090b7-8504-4c05-828f-1613c8ecb864 13 6711 6713 +edge_333_0_+disjointig_65_0_11933 5219 11912 11933 -1 -1 6586 0.000140933
Chain
	Aln	665	-b5a090b7-8504-4c05-828f-1613c8ecb864 1 6699 6713 -edge_333_0_+disjointig_65_0_11933 20 6713 11933 -1 -1 6586 0.000140933
Chain
	Aln	570	+c623ad0a-10bd-4905-bf38-0c57b25f14e6 41 1456 1459 +edge_286_0_+disjointig_316_0_10940 6504 7919 10940 -1 -1 1389 0.00273443
Chain
	Aln	571	-c623ad0a-10bd-4905-bf38-0c57b25f14e6 2 1417 1459 -edge_286_0_+disjointig_316_0_10940 3020 4435 10940 -1 -1 1389 0.00273443
Chain
	Aln	736	+4cf2567d-78dd-4382-ad52-b6a0ab43d47c 8 1777 1780 +edge_369_0_+disjointig_163_0_7206 3720 5501 7206 -1 -1 1667 0.00655072
Chain
	Aln	737	-4cf2567d-78dd-4382-ad52-b6a0ab43d47c 2 1771 1780 -edge_369_0_+disjointig_163_0_7206 1704 3485 7206 -1 -1 1667 0.00655072
Chain
	Aln	764	+132e3a9c-32b8-4437-b36a-7c1323636a73 10 3578 3586 +edge_383_0_+disjointig_37_1412_10185 1231 4800 8773 -1 -1 3539 0.00206752
Chain
	Aln	765	-132e3a9c-32b8-4437-b36a-7c1323636a73 7 3575 3586 -edge_383_0_+disjointig_37_1412_10185 3972 7541 8773 -1 -1 3539 0.00206752
Chain
	Aln	466	+80dc80e5-1c29-440b-a444-776ef1fb603e 11 3320 3324 +edge_234_0_+disjointig_28_0_27669 17773 21091 27669 -1 -1 3225 0.00207208
Chain
	Aln	467	-80dc80e5-1c29-440b-a444-776ef1fb603e 3 3312 3324 -edge_234_0_+disjointig_28_0_27669 6577 9895 27669 -1 -1 3225 0.00207208
Chain
	Aln	121	+0b650393-66cd-4b92-8eac-b5b549b71576 1016 2769 2777 -edge_61_0_+disjointig_132_0_2950 5 1756 2950 -1 -1 1738 0.000551172
Chain
	Aln	120	-0b650393-66cd-4b92-8eac-b5b549b71576 7 1760 2777 +edge_61_0_+disjointig_132_0_2950 1193 2944 2950 -1 -1 1738 0.000551172
Chain
	Aln	681	+0319e739-094b-442a-bccd-d82c2e89da70 14 4356 4364 -edge_341_0_+disjointig_76_0_13454 7001 11346 13454 -1 -1 4294 0.000684041
Chain
	Aln	680	-0319e739-094b-442a-bccd-d82c2e89da70 7 4349 4364 +edge_341_0_+disjointig_76_0_13454 2107 6452 13454 -1 -1 4294 0.000684041
Chain
	Aln	752	+3bf7ffb7-b873-4e43-a02a-4987817b2fc1 11 1275 1289 +edge_377_0_+disjointig_28_27669_32566 3341 4617 4897 -1 -1 1219 0.00858982
Chain
	Aln	753	-3bf7ffb7-b873-4e43-a02a-4987817b2fc1 13 1277 1289 -edge_377_0_+disjointig_28_27669_32566 279 1555 4897 -1 -1 1219 0.00858982
Chain
	Aln	753	+124a065b-5339-41a2-bd73-f6135c572c9a 11 1302 1304 -edge_377_3_-disjointig_41_21233_26118 239 1528 4885 -1 -1 1269 0.00313846
Chain
	Aln	752	-124a065b-5339-41a2-bd73-f6135c572c9a 1 1292 1304 +edge_377_3_-disjointig_41_21233_26118 3356 4645 4885 -1 -1 1269 0.00313846
Chain
	Aln	222	+145c8b3e-3d97-4684-bcf5-e707ae4f5f49 34 2061 2064 +edge_112_0_+disjointig_179_0_13636 10279 12311 13636 -1 -1 1972 0.0037174
Chain
	Aln	223	-145c8b3e-3d97-4684-bcf5-e707ae4f5f49 2 2029 2064 -edge_112_0_+disjointig_179_0_13636 1324 3356 13636 -1 -1 1972 0.0037174
Chain
	Aln	758	+0b787ab2-a330-4a97-b490-cf60f6515b2e 9 2515 2524 +edge_380_0_+disjointig_98_1472_24422 18116 20622 22950 -1 -1 2489 0.00285671
Chain
	Aln	759	-0b787ab2-a330-4a97-b490-cf60f6515b2e 8 2514 2524 -edge_380_0_+disjointig_98_1472_24422 2327 4833 22950 -1 -1 2489 0.00285671
Chain
	Aln	759	+c8720302-ec62-426f-aef4-8cf5b77aaba4 18 2517 2521 -edge_380_0_+disjointig_98_1472_24422 2317 4819 22950 -1 -1 2404 0.00554452
Chain
	Aln	758	-c8720302-ec62-426f-aef4-8cf5b77aaba4 3 2502 2521 +edge_380_0_+disjointig_98_1472_24422 18130 20632 22950 -1 -1 2404 0.00554452
Chain
	Aln	254	+523d9def-7f63-49ef-9143-4dfea6149fb9 1 1818 1820 +edge_128_0_+disjointig_194_0_20836 2576 4399 20836 -1 -1 1801 0.000296454
Chain
	Aln	255	-523d9def-7f63-49ef-9143-4dfea6149fb9 1 1818 1820 -edge_128_0_+disjointig_194_0_20836 16436 18259 20836 -1 -1 1801 0.000296454
Chain
	Aln	177	+965542f9-b0c7-4e99-aed9-87af30eb898d 9 1016 1023 -edge_89_0_+disjointig_159_0_7388 5224 6233 7388 -1 -1 990 0.00130517
Chain
	Aln	176	-965542f9-b0c7-4e99-aed9-87af30eb898d 6 1013 1023 +edge_89_0_+disjointig_159_0_7388 1154 2163 7388 -1 -1 990 0.00130517
Chain
	Aln	756	+38c8b360-8c3b-4127-8926-6b384cd721f4 10 2419 2422 +edge_379_0_+disjointig_30_0_8705 835 3244 8705 -1 -1 2409 0
Chain
	Aln	757	-38c8b360-8c3b-4127-8926-6b384cd721f4 2 2411 2422 -edge_379_0_+disjointig_30_0_8705 5460 7869 8705 -1 -1 2409 0
Chain
	Aln	271	+1ab1121e-fa5a-4ff3-9f9c-616821d9a1b2 6 3509 3511 -edge_136_0_+disjointig_198_0_10386 6878 10384 10386 -1 -1 3501 0
Chain
	Aln	270	-1ab1121e-fa5a-4ff3-9f9c-616821d9a1b2 1 3504 3511 +edge_136_0_+disjointig_198_0_10386 1 3507 10386 -1 -1 3501 0
Chain
	Aln	32	+d76c7dce-1d02-4097-b620-a153fc245b9d 13 1175 1622 +edge_17_0_+disjointig_72_5086_10406 4147 5309 5320 -1 -1 1162 0.00308467
Chain
	Aln	33	-d76c7dce-1d02-4097-b620-a153fc245b9d 446 1608 1622 -edge_17_0_+disjointig_72_5086_10406 10 1172 5320 -1 -1 1162 0.00308467
Chain
	Aln	490	+6ac04345-972e-40fd-b83c-dc079ce2737d 140 1174 1180 +edge_246_0_+disjointig_282_0_7495 6 1040 7495 -1 -1 1034 0
Chain
	Aln	491	-6ac04345-972e-40fd-b83c-dc079ce2737d 5 1039 1180 -edge_246_0_+disjointig_282_0_7495 6454 7488 7495 -1 -1 1034 0
Chain
	Aln	58	+4a46e7b8-a9da-4a18-86d4-9efa37dfb56b 12 1385 1389 +edge_30_0_+disjointig_12_6913_11622 1885 3257 4709 -1 -1 1369 0.000722393
Chain
	Aln	59	-4a46e7b8-a9da-4a18-86d4-9efa37dfb56b 3 1376 1389 -edge_30_0_+disjointig_12_6913_11622 1451 2823 4709 -1 -1 1369 0.000722393
Chain
	Aln	618	+a0fdd724-d50e-4c9c-ac26-cfd206e434b4 15 1917 1919 +edge_310_0_+disjointig_39_0_32732 12047 13954 32732 -1 -1 1867 0.00205908
Chain
	Aln	619	-a0fdd724-d50e-4c9c-ac26-cfd206e434b4 1 1903 1919 -edge_310_0_+disjointig_39_0_32732 18777 20684 32732 -1 -1 1867 0.00205908
Chain
	Aln	650	+8cf0aafb-a7e4-4343-a4eb-63e8c4987800 10 3063 3069 +edge_326_0_+disjointig_58_0_35073 9033 12083 35073 -1 -1 3030 0.00269119
Chain
	Aln	651	-8cf0aafb-a7e4-4343-a4eb-63e8c4987800 5 3058 3069 -edge_326_0_+disjointig_58_0_35073 22989 26039 35073 -1 -1 3030 0.00269119
Chain
	Aln	662	+53b8582e-dab6-42fa-8d33-776dd4201817 8 8509 8512 +edge_332_0_+disjointig_64_0_14859 1785 10299 14859 -1 -1 8225 0.00395021
Chain
	Aln	663	-53b8582e-dab6-42fa-8d33-776dd4201817 2 8503 8512 -edge_332_0_+disjointig_64_0_14859 4559 13073 14859 -1 -1 8225 0.00395021
Chain
	Aln	313	+0d1a019e-b4c2-469f-acd6-b5bef46b2fe0 19 1080 1082 -edge_157_0_+disjointig_215_0_5860 1900 2960 5860 -1 -1 1043 0.00137552
Chain
	Aln	312	-0d1a019e-b4c2-469f-acd6-b5bef46b2fe0 1 1062 1082 +edge_157_0_+disjointig_215_0_5860 2899 3959 5860 -1 -1 1043 0.00137552
Chain
	Aln	312	+0a5fffcc-f6c2-42ea-8d5a-8e51cf984b79 10 1058 1079 +edge_157_0_+disjointig_215_0_5860 2886 3937 5860 -1 -1 1024 0.00370413
Chain
	Aln	313	-0a5fffcc-f6c2-42ea-8d5a-8e51cf984b79 20 1068 1079 -edge_157_0_+disjointig_215_0_5860 1922 2973 5860 -1 -1 1024 0.00370413
Chain
	Aln	106	+6ac7f750-52c7-4de1-b697-956423757b01 7 2686 2691 +edge_54_0_+disjointig_125_0_13260 7767 10446 13260 -1 -1 2664 0.00196028
Chain
	Aln	107	-6ac7f750-52c7-4de1-b697-956423757b01 4 2683 2691 -edge_54_0_+disjointig_125_0_13260 2813 5492 13260 -1 -1 2664 0.00196028
Chain
	Aln	648	+68ac3043-ea4f-4a7c-b7aa-78a57d4cebf7 18 2089 2092 +edge_325_0_+disjointig_56_0_14906 5081 7151 14906 -1 -1 2061 0.00120957
Chain
	Aln	649	-68ac3043-ea4f-4a7c-b7aa-78a57d4cebf7 2 2073 2092 -edge_325_0_+disjointig_56_0_14906 7754 9824 14906 -1 -1 2061 0.00120957
Chain
	Aln	145	+f0bcb779-af20-42ab-93d4-64dcdf2dd9a7 17 1890 1900 -edge_73_0_+disjointig_143_0_14652 10799 12675 14652 -1 -1 1851 0.00567144
Chain
	Aln	144	-f0bcb779-af20-42ab-93d4-64dcdf2dd9a7 9 1882 1900 +edge_73_0_+disjointig_143_0_14652 1976 3852 14652 -1 -1 1851 0.00567144
Chain
	Aln	340	+a8dbb8ec-ba19-44b1-b63a-fac68a55cb89 31 1446 1453 +edge_171_0_+disjointig_224_0_11833 4588 6002 11833 -1 -1 1411 0.00370274
Chain
	Aln	341	-a8dbb8ec-ba19-44b1-b63a-fac68a55cb89 6 1421 1453 -edge_171_0_+disjointig_224_0_11833 5830 7244 11833 -1 -1 1411 0.00370274
Chain
	Aln	553	+25585107-e8cb-45aa-bd1a-699c55659d3e 7 1380 1382 -edge_277_0_+disjointig_310_0_9201 2509 3877 9201 -1 -1 1357 0.000961998
Chain
	Aln	552	-25585107-e8cb-45aa-bd1a-699c55659d3e 1 1374 1382 +edge_277_0_+disjointig_310_0_9201 5323 6691 9201 -1 -1 1357 0.000961998
Chain
	Aln	639	+1d7c6382-b7b6-447b-9ede-ef6bc800abc8 133 8764 8774 -edge_320_0_+disjointig_51_0_24344 8453 17082 24344 -1 -1 8575 0.000434515
Chain
	Aln	638	-1d7c6382-b7b6-447b-9ede-ef6bc800abc8 9 8640 8774 +edge_320_0_+disjointig_51_0_24344 7261 15890 24344 -1 -1 8575 0.000434515
Chain
	Aln	608	+2d49e2b3-f976-43d5-9b47-d790d789163a 10 1903 1906 +edge_305_0_+disjointig_35_0_17453 6130 8028 17453 -1 -1 1872 0.0021341
Chain
	Aln	609	-2d49e2b3-f976-43d5-9b47-d790d789163a 2 1895 1906 -edge_305_0_+disjointig_35_0_17453 9424 11322 17453 -1 -1 1872 0.0021341
Chain
	Aln	450	+cdeff4ec-8ec4-4ea3-9bf1-a74c39af5ea8 2 1853 1856 +edge_226_0_+disjointig_272_0_10088 6032 7884 10088 -1 -1 1822 0
Chain
	Aln	451	-cdeff4ec-8ec4-4ea3-9bf1-a74c39af5ea8 2 1853 1856 -edge_226_0_+disjointig_272_0_10088 2203 4055 10088 -1 -1 1822 0
Chain
	Aln	546	+5eb93928-a895-40ca-ba7c-25f6bcfcd70e 9 1230 2341 +edge_274_0_+disjointig_307_0_4759 3533 4755 4759 -1 -1 1194 0
Chain
	Aln	547	-5eb93928-a895-40ca-ba7c-25f6bcfcd70e 1110 2331 2341 -edge_274_0_+disjointig_307_0_4759 3 1225 4759 -1 -1 1194 0
Chain
	Aln	17	+d5d6b9ed-f4d2-4343-a0b4-bfa1133e8b81 4791 5879 5888 -edge_9_0_+disjointig_103_7543_9000 9 1098 1457 -1 -1 1074 0.000456423
Chain
	Aln	16	-d5d6b9ed-f4d2-4343-a0b4-bfa1133e8b81 8 1096 5888 +edge_9_0_+disjointig_103_7543_9000 358 1447 1457 -1 -1 1074 0.000456423
Chain
	Aln	476	+2b5ce972-4845-4f3d-be30-1874882473c6 13 5466 5469 +edge_239_0_+disjointig_41_9827_31060 5812 11266 21233 -1 -1 5401 0.00201208
Chain
	Aln	477	-2b5ce972-4845-4f3d-be30-1874882473c6 2 5455 5469 -edge_239_0_+disjointig_41_9827_31060 9966 15420 21233 -1 -1 5401 0.00201208
Chain
	Aln	627	+bc31170c-740b-4573-9dc3-f1ae19c5f843 5 2349 2352 -edge_314_0_+disjointig_42_0_2347 4 2344 2347 -1 -1 2264 0.00417993
Chain
	Aln	626	-bc31170c-740b-4573-9dc3-f1ae19c5f843 2 2346 2352 +edge_314_0_+disjointig_42_0_2347 2 2342 2347 -1 -1 2264 0.00417993
Chain
	Aln	236	+708d1af8-ea05-4cda-b11d-3fa0ef05718c 11 1368 1370 +edge_119_0_+disjointig_185_0_14469 12200 13558 14469 -1 -1 1335 0.00532509
Chain
	Aln	237	-708d1af8-ea05-4cda-b11d-3fa0ef05718c 1 1358 1370 -edge_119_0_+disjointig_185_0_14469 910 2268 14469 -1 -1 1335 0.00532509
Chain
	Aln	119	+ad74833a-755e-4365-b5ab-73c740de861b 801 4782 4787 -edge_60_0_+disjointig_131_0_25925 18 4001 25925 -1 -1 3957 0.00177303
Chain
	Aln	118	-ad74833a-755e-4365-b5ab-73c740de861b 4 3985 4787 +edge_60_0_+disjointig_131_0_25925 21923 25906 25925 -1 -1 3957 0.00177303
Chain
	Aln	109	+9e556c56-18d3-4664-b152-675bd779d4e2 853 3616 3624 -edge_55_0_+disjointig_126_0_5447 14 2774 5447 -1 -1 2733 0.00278355
Chain
	Aln	108	-9e556c56-18d3-4664-b152-675bd779d4e2 7 2770 3624 +edge_55_0_+disjointig_126_0_5447 2672 5432 5447 -1 -1 2733 0.00278355
Chain
	Aln	107	+b307a2d3-a5a0-4906-8df7-89307ee5869f 10 8452 8454 -edge_54_0_+disjointig_125_0_13260 2932 11373 13260 -1 -1 8384 0.00160599
Chain
	Aln	106	-b307a2d3-a5a0-4906-8df7-89307ee5869f 1 8443 8454 +edge_54_0_+disjointig_125_0_13260 1886 10327 13260 -1 -1 8384 0.00160599
Chain
	Aln	82	+f384a9b3-8737-4e7c-a1e1-b8751db6e72a 9 1567 1572 +edge_42_0_+disjointig_115_0_26307 1347 2909 26307 -1 -1 1540 0.0021829
Chain
	Aln	83	-f384a9b3-8737-4e7c-a1e1-b8751db6e72a 4 1562 1572 -edge_42_0_+disjointig_115_0_26307 23397 24959 26307 -1 -1 1540 0.0021829
Chain
	Aln	167	+3a990257-fb0e-4655-8006-692ff28c8553 8 6881 6885 -edge_84_0_+disjointig_155_0_11844 3302 10179 11844 -1 -1 6787 0.00159532
Chain
	Aln	166	-3a990257-fb0e-4655-8006-692ff28c8553 3 6876 6885 +edge_84_0_+disjointig_155_0_11844 1664 8541 11844 -1 -1 6787 0.00159532
Chain
	Aln	178	+dd197a36-9b17-4f72-9d2d-6de5416d93aa 11 5565 5569 +edge_90_0_+disjointig_16_0_20838 4190 9746 20838 -1 -1 5410 0.0020652
Chain
	Aln	179	-dd197a36-9b17-4f72-9d2d-6de5416d93aa 3 5557 5569 -edge_90_0_+disjointig_16_0_20838 11091 16647 20838 -1 -1 5410 0.0020652
Chain
	Aln	408	+c09fdb55-d46a-435b-a41a-1b58eb67e9c2 8 5483 5488 +edge_205_0_+disjointig_255_0_9104 2743 8224 9104 -1 -1 5339 0.00342068
Chain
	Aln	409	-c09fdb55-d46a-435b-a41a-1b58eb67e9c2 4 5479 5488 -edge_205_0_+disjointig_255_0_9104 879 6360 9104 -1 -1 5339 0.00342068
Chain
	Aln	6	+7691422b-571c-4900-8d16-5ac9af638394 17 4476 4483 +edge_4_0_+disjointig_10_0_20168 14749 19207 20168 -1 -1 4451 0.00108559
Chain
	Aln	7	-7691422b-571c-4900-8d16-5ac9af638394 6 4465 4483 -edge_4_0_+disjointig_10_0_20168 960 5418 20168 -1 -1 4451 0.00108559
Chain
	Aln	106	+d742c21b-b3d4-4466-bbef-c77b333a2b20 5 2378 2385 +edge_54_0_+disjointig_125_0_13260 8141 10507 13260 -1 -1 2302 0.00401864
Chain
	Aln	107	-d742c21b-b3d4-4466-bbef-c77b333a2b20 6 2379 2385 -edge_54_0_+disjointig_125_0_13260 2752 5118 13260 -1 -1 2302 0.00401864
Chain
	Aln	374	+62b2c60a-ca4d-4403-afbc-e3ddf65cb669 10 5309 5316 +edge_188_0_+disjointig_24_0_14501 3914 9215 14501 -1 -1 5247 0.00183392
Chain
	Aln	375	-62b2c60a-ca4d-4403-afbc-e3ddf65cb669 6 5305 5316 -edge_188_0_+disjointig_24_0_14501 5285 10586 14501 -1 -1 5247 0.00183392
Chain
	Aln	157	+e7b6df7e-3e04-4cd0-84f9-7db34b77dfc6 5 2745 2749 -edge_79_0_+disjointig_149_0_13469 10263 13006 13469 -1 -1 2727 0
Chain
	Aln	156	-e7b6df7e-3e04-4cd0-84f9-7db34b77dfc6 3 2743 2749 +edge_79_0_+disjointig_149_0_13469 462 3205 13469 -1 -1 2727 0
Chain
	Aln	419	+a5c45a02-4a11-4410-ba96-85002a6cd401 19 2553 2559 -edge_210_0_+disjointig_26_0_12157 9618 12151 12157 -1 -1 2497 0.00190229
Chain
	Aln	418	-a5c45a02-4a11-4410-ba96-85002a6cd401 5 2539 2559 +edge_210_0_+disjointig_26_0_12157 5 2538 12157 -1 -1 2497 0.00190229
Chain
	Aln	664	+94446ecc-8778-4701-af92-e6d1f7752424 14 1563 2199 +edge_333_0_+disjointig_65_0_11933 10376 11925 11933 -1 -1 1549 0
Chain
	Aln	665	-94446ecc-8778-4701-af92-e6d1f7752424 635 2184 2199 -edge_333_0_+disjointig_65_0_11933 7 1556 11933 -1 -1 1549 0
Chain
	Aln	578	+70619a0d-ccde-4295-9b98-bdc2e38f0e75 8 1632 1647 +edge_290_0_+disjointig_32_0_11267 113 1735 11267 -1 -1 1552 0.00319379
Chain
	Aln	579	-70619a0d-ccde-4295-9b98-bdc2e38f0e75 14 1638 1647 -edge_290_0_+disjointig_32_0_11267 9531 11153 11267 -1 -1 1552 0.00319379
Chain
	Aln	410	+60832f8d-d6ff-42ac-b6ed-85e5b72c2eda 20 1314 1317 +edge_206_0_+disjointig_256_0_5336 1462 2758 5336 -1 -1 1244 0.00607708
Chain
	Aln	411	-60832f8d-d6ff-42ac-b6ed-85e5b72c2eda 2 1296 1317 -edge_206_0_+disjointig_256_0_5336 2577 3873 5336 -1 -1 1244 0.00607708
Chain
	Aln	55	+b967e461-08a8-4440-a949-e2dc1574781c 10 1535 1537 -edge_28_0_+disjointig_112_0_2949 894 2420 2949 -1 -1 1522 0.00233927
Chain
	Aln	54	-b967e461-08a8-4440-a949-e2dc1574781c 1 1526 1537 +edge_28_0_+disjointig_112_0_2949 528 2054 2949 -1 -1 1522 0.00233927
Chain
	Aln	21	+c9f33a5d-7415-43e7-a6d0-94ad1f10b895 13 1233 2140 -edge_11_0_-disjointig_7_3506_6213 1482 2706 2707 -1 -1 1204 0.00134358
	Aln	16	+c9f33a5d-7415-43e7-a6d0-94ad1f10b895 1233 2137 2140 +edge_9_1_-disjointig_20_5873_7328 6 911 1455 -1 -1 900 0.00187585
Chain
	Aln	17	-c9f33a5d-7415-43e7-a6d0-94ad1f10b895 2 906 2140 -edge_9_1_-disjointig_20_5873_7328 543 1448 1455 -1 -1 900 0.00187585
	Aln	20	-c9f33a5d-7415-43e7-a6d0-94ad1f10b895 906 2126 2140 +edge_11_0_-disjointig_7_3506_6213 0 1224 2707 -1 -1 1204 0.00134358
Chain
	Aln	661	+17f310a1-10f0-4b1b-886c-935812cd7efb 10 4140 4142 -edge_331_0_+disjointig_63_0_33738 9 4137 33738 -1 -1 3983 0.00208719
Chain
	Aln	660	-17f310a1-10f0-4b1b-886c-935812cd7efb 1 4131 4142 +edge_331_0_+disjointig_63_0_33738 29600 33728 33738 -1 -1 3983 0.00208719
Chain
	Aln	606	+29ddb849-8ca0-4a7b-b324-292ee8bc91c4 9 2199 2205 +edge_304_0_+disjointig_34_0_21728 3887 6081 21728 -1 -1 2149 0.00460338
Chain
	Aln	607	-29ddb849-8ca0-4a7b-b324-292ee8bc91c4 5 2195 2205 -edge_304_0_+disjointig_34_0_21728 15646 17840 21728 -1 -1 2149 0.00460338
Chain
	Aln	743	+91d631fd-b500-44f3-b0f9-8895d2fce99d 2 3404 3414 -edge_372_0_+disjointig_48_0_14826 8969 12373 14826 -1 -1 3400 0
Chain
	Aln	742	-91d631fd-b500-44f3-b0f9-8895d2fce99d 9 3411 3414 +edge_372_0_+disjointig_48_0_14826 2452 5856 14826 -1 -1 3400 0
Chain
	Aln	478	+9910edfd-446f-464d-8fda-c5820f4043ac 12 4055 4058 +edge_240_0_-disjointig_57_7953_51690 11864 15919 43737 -1 -1 3948 0.000522995
Chain
	Aln	479	-9910edfd-446f-464d-8fda-c5820f4043ac 2 4045 4058 -edge_240_0_-disjointig_57_7953_51690 27817 31872 43737 -1 -1 3948 0.000522995
Chain
	Aln	378	+374ee1fa-1e90-452b-b3b7-dd0c3dc115fe 1355 6189 6194 +edge_190_0_+disjointig_241_0_6183 50 4884 6183 -1 -1 4782 0.00168834
Chain
	Aln	379	-374ee1fa-1e90-452b-b3b7-dd0c3dc115fe 4 4838 6194 -edge_190_0_+disjointig_241_0_6183 1298 6132 6183 -1 -1 4782 0.00168834
Chain
	Aln	147	+cbab3e8f-2d18-459d-b43b-170f094fd5bc 32 2674 2682 -edge_74_0_+disjointig_144_0_5043 1023 3764 5043 -1 -1 2005 0.0272196
Chain
	Aln	146	-cbab3e8f-2d18-459d-b43b-170f094fd5bc 7 2649 2682 +edge_74_0_+disjointig_144_0_5043 1278 4019 5043 -1 -1 2005 0.0272196
Chain
	Aln	236	+10927f00-2d80-4cb8-bf42-c185974ba912 6 1661 1665 +edge_119_0_+disjointig_185_0_14469 4992 6646 14469 -1 -1 1628 0
Chain
	Aln	237	-10927f00-2d80-4cb8-bf42-c185974ba912 3 1658 1665 -edge_119_0_+disjointig_185_0_14469 7822 9476 14469 -1 -1 1628 0
Chain
	Aln	268	+32880686-f3e3-4038-8802-84740994342d 284 4422 4430 +edge_135_0_+disjointig_197_0_5262 4 4145 5262 -1 -1 4105 0.00135543
Chain
	Aln	269	-32880686-f3e3-4038-8802-84740994342d 7 4145 4430 -edge_135_0_+disjointig_197_0_5262 1116 5257 5262 -1 -1 4105 0.00135543
Chain
	Aln	316	+d2f81c55-a82f-4c93-bc55-bdbaba61534c 23 11097 16299 +edge_159_0_+disjointig_217_0_11253 279 11247 11253 -1 -1 10562 0.00358129
	Aln	318	+d2f81c55-a82f-4c93-bc55-bdbaba61534c 11112 13760 16299 +edge_160_0_+disjointig_217_11253_13921 9 2665 2668 -1 -1 2588 0.00349048
	Aln	322	+d2f81c55-a82f-4c93-bc55-bdbaba61534c 13764 16290 16299 +edge_162_0_+disjointig_217_13921_25831 1 2525 11910 -1 -1 2401 0.00740213
Chain
	Aln	323	-d2f81c55-a82f-4c93-bc55-bdbaba61534c 8 2534 16299 -edge_162_0_+disjointig_217_13921_25831 9384 11908 11910 -1 -1 2401 0.00740213
	Aln	319	-d2f81c55-a82f-4c93-bc55-bdbaba61534c 2538 5186 16299 -edge_160_0_+disjointig_217_11253_13921 2 2658 2668 -1 -1 2588 0.00349048
	Aln	317	-d2f81c55-a82f-4c93-bc55-bdbaba61534c 5201 16275 16299 -edge_159_0_+disjointig_217_0_11253 5 10973 11253 -1 -1 10562 0.00358129
Chain
	Aln	749	+6da61fb9-b743-4803-adaa-84150735deff 6 3691 3699 -edge_375_0_+disjointig_46_0_10791 7101 10783 10791 -1 -1 3655 0.00101179
Chain
	Aln	748	-6da61fb9-b743-4803-adaa-84150735deff 7 3692 3699 +edge_375_0_+disjointig_46_0_10791 7 3689 10791 -1 -1 3655 0.00101179
Chain
	Aln	169	+f68b40a4-dc6a-42f8-b603-d61ebdf397d9 3 6029 6032 -edge_85_0_+disjointig_156_0_15099 7991 14025 15099 -1 -1 6008 0.00122016
Chain
	Aln	168	-f68b40a4-dc6a-42f8-b603-d61ebdf397d9 2 6028 6032 +edge_85_0_+disjointig_156_0_15099 1073 7107 15099 -1 -1 6008 0.00122016
Chain
	Aln	676	+575e9645-2257-4f21-9092-8fe5f2d25429 381 5920 5923 +edge_339_0_+disjointig_74_0_6552 1 5545 6552 -1 -1 5446 0.00187758
Chain
	Aln	677	-575e9645-2257-4f21-9092-8fe5f2d25429 2 5541 5923 -edge_339_0_+disjointig_74_0_6552 1006 6550 6552 -1 -1 5446 0.00187758
Chain
	Aln	25	+b1f68a2b-d9e6-434b-ba48-15694310e215 10 1210 1216 -edge_13_0_+disjointig_8_13992_18521 1052 2252 4529 -1 -1 1200 0
Chain
	Aln	24	-b1f68a2b-d9e6-434b-ba48-15694310e215 5 1205 1216 +edge_13_0_+disjointig_8_13992_18521 2276 3476 4529 -1 -1 1200 0
Chain
	Aln	645	+193f7a93-ab0b-49c8-9090-219c4b226893 74 8911 8917 -edge_323_0_+disjointig_54_0_13403 2856 11703 13403 -1 -1 8707 0.00223019
Chain
	Aln	644	-193f7a93-ab0b-49c8-9090-219c4b226893 5 8842 8917 +edge_323_0_+disjointig_54_0_13403 1699 10546 13403 -1 -1 8707 0.00223019
Chain
	Aln	222	+c76ed76b-ae08-44d7-a445-f3640d9c1802 1 4887 4889 +edge_112_0_+disjointig_179_0_13636 1 4889 13636 -1 -1 4858 0.00104443
Chain
	Aln	223	-c76ed76b-ae08-44d7-a445-f3640d9c1802 1 4887 4889 -edge_112_0_+disjointig_179_0_13636 8746 13634 13636 -1 -1 4858 0.00104443
Chain
	Aln	761	+3ba75d42-9208-4633-bbd2-fa5fcb994380 2 1046 1049 -edge_381_0_-disjointig_45_0_30722 8035 9079 30722 -1 -1 1044 0
Chain
	Aln	760	-3ba75d42-9208-4633-bbd2-fa5fcb994380 2 1046 1049 +edge_381_0_-disjointig_45_0_30722 21642 22686 30722 -1 -1 1044 0
Chain
	Aln	523	+0c6048fd-0f63-48a2-a549-9e471c020f0d 13 2359 2364 -edge_262_0_+disjointig_299_0_2366 12 2361 2366 -1 -1 2328 0.00226156
Chain
	Aln	522	-0c6048fd-0f63-48a2-a549-9e471c020f0d 4 2350 2364 +edge_262_0_+disjointig_299_0_2366 4 2353 2366 -1 -1 2328 0.00226156
Chain
	Aln	760	+c023994d-be4d-4df1-b194-ecd3671ed612 12 3500 3504 +edge_381_0_-disjointig_45_0_30722 27229 30719 30722 -1 -1 3473 0
Chain
	Aln	761	-c023994d-be4d-4df1-b194-ecd3671ed612 3 3491 3504 -edge_381_0_-disjointig_45_0_30722 2 3492 30722 -1 -1 3473 0
Chain
	Aln	479	+a7fe5b7f-9af7-4169-a7cf-919db34b532b 6 5803 5810 -edge_240_0_-disjointig_57_7953_51690 32869 38675 43737 -1 -1 5736 0.00124832
Chain
	Aln	478	-a7fe5b7f-9af7-4169-a7cf-919db34b532b 6 5803 5810 +edge_240_0_-disjointig_57_7953_51690 5061 10867 43737 -1 -1 5736 0.00124832
Chain
	Aln	43	+1e708f5c-0660-4b1d-99d9-af7b8e5a8c68 9 1869 1972 -edge_22_0_+disjointig_107_0_25761 23900 25760 25761 -1 -1 1856 0
Chain
	Aln	42	-1e708f5c-0660-4b1d-99d9-af7b8e5a8c68 102 1962 1972 +edge_22_0_+disjointig_107_0_25761 0 1860 25761 -1 -1 1856 0
Chain
	Aln	650	+02bdb5a1-d646-49e2-84c0-fa00affa9151 10 1130 1137 +edge_326_0_+disjointig_58_0_35073 32439 33559 35073 -1 -1 1065 0.00979107
Chain
	Aln	651	-02bdb5a1-d646-49e2-84c0-fa00affa9151 6 1126 1137 -edge_326_0_+disjointig_58_0_35073 1513 2633 35073 -1 -1 1065 0.00979107
Chain
	Aln	608	+a033abd6-ddb5-4fea-bb79-63e3362f511a 1245 6003 6012 +edge_305_0_+disjointig_35_0_17453 2 4764 17453 -1 -1 4629 0.00185045
Chain
	Aln	609	-a033abd6-ddb5-4fea-bb79-63e3362f511a 8 4766 6012 -edge_305_0_+disjointig_35_0_17453 12688 17450 17453 -1 -1 4629 0.00185045
Chain
	Aln	752	+a4cda189-c5b2-4b2e-b9e2-08fc3658ef84 8 2691 2695 +edge_377_0_+disjointig_28_27669_32566 640 3320 4897 -1 -1 2652 0.00130186
Chain
	Aln	753	-a4cda189-c5b2-4b2e-b9e2-08fc3658ef84 3 2686 2695 -edge_377_0_+disjointig_28_27669_32566 1576 4256 4897 -1 -1 2652 0.00130186
Chain
	Aln	648	+b04c6291-ea80-40fe-9220-a40c609c8a2c 4 1325 1333 +edge_325_0_+disjointig_56_0_14906 11009 12330 14906 -1 -1 1321 0
Chain
	Aln	649	-b04c6291-ea80-40fe-9220-a40c609c8a2c 7 1328 1333 -edge_325_0_+disjointig_56_0_14906 2575 3896 14906 -1 -1 1321 0
Chain
	Aln	760	+e59a2912-86c0-46df-8709-f465fc01a691 13 1172 2257 +edge_381_0_-disjointig_45_0_30722 29558 30719 30722 -1 -1 1130 0.00574249
	Aln	762	+e59a2912-86c0-46df-8709-f465fc01a691 1180 2255 2257 +edge_382_0_+disjointig_320_7809_16454 5 1081 8645 -1 -1 1074 0
Chain
	Aln	763	-e59a2912-86c0-46df-8709-f465fc01a691 1 1076 2257 -edge_382_0_+disjointig_320_7809_16454 7563 8639 8645 -1 -1 1074 0
	Aln	761	-e59a2912-86c0-46df-8709-f465fc01a691 1084 2243 2257 -edge_381_0_-disjointig_45_0_30722 2 1163 30722 -1 -1 1130 0.00574249
Chain
	Aln	728	+5b516dee-549a-4da5-9ec2-c1ff838a1d45 23 2401 2408 +edge_365_0_-disjointig_14_17885_30078 7955 10331 12193 -1 -1 2331 0.00327098
Chain
	Aln	729	-5b516dee-549a-4da5-9ec2-c1ff838a1d45 6 2384 2408 -edge_365_0_-disjointig_14_17885_30078 1861 4237 12193 -1 -1 2331 0.00327098
Chain
	Aln	490	+31e3224c-fff2-4e13-ad39-258ef2d7cff4 10 1739 1753 +edge_246_0_+disjointig_282_0_7495 4261 5990 7495 -1 -1 1694 0.00183115
Chain
	Aln	491	-31e3224c-fff2-4e13-ad39-258ef2d7cff4 13 1742 1753 -edge_246_0_+disjointig_282_0_7495 1504 3233 7495 -1 -1 1694 0.00183115
Chain
	Aln	691	+b4c9a7a1-3b4f-4aa0-8957-ee36233c9757 16 2451 2462 -edge_346_0_+disjointig_82_0_9722 2996 5432 9722 -1 -1 2398 0.00284344
Chain
	Aln	690	-b4c9a7a1-3b4f-4aa0-8957-ee36233c9757 10 2445 2462 +edge_346_0_+disjointig_82_0_9722 4289 6725 9722 -1 -1 2398 0.00284344
Chain
	Aln	237	+3d8d7bc0-9134-4636-975e-0b655dfbf2f4 6 6669 9489 -edge_119_0_+disjointig_185_0_14469 7805 14468 14469 -1 -1 6623 0
Chain
	Aln	236	-3d8d7bc0-9134-4636-975e-0b655dfbf2f4 2819 9482 9489 +edge_119_0_+disjointig_185_0_14469 0 6663 14469 -1 -1 6623 0
Chain
	Aln	491	+b862c3d5-1924-4487-989a-e9549ff28f6c 12 1657 1662 -edge_246_0_+disjointig_282_0_7495 1486 3130 7495 -1 -1 1644 0.000869098
Chain
	Aln	490	-b862c3d5-1924-4487-989a-e9549ff28f6c 4 1649 1662 +edge_246_0_+disjointig_282_0_7495 4364 6008 7495 -1 -1 1644 0.000869098
Chain
	Aln	67	+a7825d3e-10fd-47ed-8b80-45614abd777b 13 1763 1768 -edge_34_0_+disjointig_112_4217_16689 595 2350 12472 -1 -1 1694 0.00527998
Chain
	Aln	66	-a7825d3e-10fd-47ed-8b80-45614abd777b 4 1754 1768 +edge_34_0_+disjointig_112_4217_16689 10121 11876 12472 -1 -1 1694 0.00527998
Chain
	Aln	764	+87aec7a2-3612-4c4d-a5e2-8cfb5205eba2 0 1744 4570 +edge_383_0_+disjointig_37_1412_10185 7017 8769 8773 -1 -1 1707 0.00164886
	Aln	764	+87aec7a2-3612-4c4d-a5e2-8cfb5205eba2 1749 4565 4570 +edge_383_1_+disjointig_37_10185_18955 1 2822 8770 -1 -1 2801 0.000193809
Chain
	Aln	765	-87aec7a2-3612-4c4d-a5e2-8cfb5205eba2 4 2820 4570 -edge_383_1_+disjointig_37_10185_18955 5947 8768 8770 -1 -1 2801 0.000193809
	Aln	765	-87aec7a2-3612-4c4d-a5e2-8cfb5205eba2 2825 4569 4570 -edge_383_0_+disjointig_37_1412_10185 3 1755 8773 -1 -1 1707 0.00164886
Chain
	Aln	17	+3508fe2c-8823-4176-9004-0edcceab1004 45 1493 1904 -edge_9_2_+disjointig_7_2707_4165 9 1457 1458 -1 -1 1448 0
Chain
	Aln	16	-3508fe2c-8823-4176-9004-0edcceab1004 410 1858 1904 +edge_9_2_+disjointig_7_2707_4165 0 1448 1458 -1 -1 1448 0
Chain
	Aln	764	+e5582724-202d-4b9c-b698-5ea74c5d8aad 1 1380 2965 +edge_383_0_+disjointig_37_1412_10185 7391 8769 8773 -1 -1 1375 0
	Aln	764	+e5582724-202d-4b9c-b698-5ea74c5d8aad 1385 2956 2965 +edge_383_0_+disjointig_37_1412_10185 1 1573 8773 -1 -1 1555 0.000442102
Chain
	Aln	765	-e5582724-202d-4b9c-b698-5ea74c5d8aad 8 1579 2965 -edge_383_0_+disjointig_37_1412_10185 7199 8771 8773 -1 -1 1555 0.000442102
	Aln	765	-e5582724-202d-4b9c-b698-5ea74c5d8aad 1584 2963 2965 -edge_383_0_+disjointig_37_1412_10185 3 1381 8773 -1 -1 1375 0
Chain
	Aln	479	+0b1ce0da-f6a5-453a-880f-2f57f0037dba 3 3180 3187 -edge_240_0_-disjointig_57_7953_51690 22989 26165 43737 -1 -1 3149 0.00168321
Chain
	Aln	478	-0b1ce0da-f6a5-453a-880f-2f57f0037dba 6 3183 3187 +edge_240_0_-disjointig_57_7953_51690 17571 20747 43737 -1 -1 3149 0.00168321
Chain
	Aln	406	+bdbd6cd0-24fa-4094-abbd-ee923fa47f96 137 2066 2068 +edge_204_0_+disjointig_254_0_5133 3 1932 5133 -1 -1 1919 0
Chain
	Aln	407	-bdbd6cd0-24fa-4094-abbd-ee923fa47f96 1 1930 2068 -edge_204_0_+disjointig_254_0_5133 3200 5129 5133 -1 -1 1919 0
Chain
	Aln	376	+22ba8c09-e74c-4aed-86c0-b6154f82c93e 3 2090 2096 +edge_189_0_+disjointig_240_0_21824 3419 5503 21824 -1 -1 2041 0.00295515
Chain
	Aln	377	-22ba8c09-e74c-4aed-86c0-b6154f82c93e 5 2092 2096 -edge_189_0_+disjointig_240_0_21824 16320 18404 21824 -1 -1 2041 0.00295515
Chain
	Aln	761	+022254f9-ac00-4d35-b22b-75f840886da0 61 4470 4476 -edge_381_0_-disjointig_45_0_30722 9 4420 30722 -1 -1 4293 0.00333376
Chain
	Aln	760	-022254f9-ac00-4d35-b22b-75f840886da0 5 4414 4476 +edge_381_0_-disjointig_45_0_30722 26301 30712 30722 -1 -1 4293 0.00333376
Chain
	Aln	523	+4a5de120-db26-427b-94b7-716bb221ccd5 623 2003 2014 -edge_262_0_+disjointig_299_0_2366 12 1389 2366 -1 -1 1375 0.00222944
Chain
	Aln	522	-4a5de120-db26-427b-94b7-716bb221ccd5 10 1390 2014 +edge_262_0_+disjointig_299_0_2366 976 2353 2366 -1 -1 1375 0.00222944
Chain
	Aln	760	+873d70d7-b39b-49c7-af0a-00b7e6b01172 11 9154 9167 +edge_381_0_-disjointig_45_0_30722 13518 22658 30722 -1 -1 9065 0.00123265
Chain
	Aln	761	-873d70d7-b39b-49c7-af0a-00b7e6b01172 12 9155 9167 -edge_381_0_-disjointig_45_0_30722 8063 17203 30722 -1 -1 9065 0.00123265
Chain
	Aln	466	+5ed54d4d-a9a5-434b-9540-acfbce2fbc4d 7 4100 4102 +edge_234_0_+disjointig_28_0_27669 20970 25074 27669 -1 -1 4084 0
Chain
	Aln	467	-5ed54d4d-a9a5-434b-9540-acfbce2fbc4d 1 4094 4102 -edge_234_0_+disjointig_28_0_27669 2594 6698 27669 -1 -1 4084 0
Chain
	Aln	430	+bd516bec-31ef-41e5-9e8b-a10a41020729 3 2080 2087 +edge_216_0_+disjointig_263_0_14317 129 2205 14317 -1 -1 1744 0.0174558
Chain
	Aln	431	-bd516bec-31ef-41e5-9e8b-a10a41020729 6 2083 2087 -edge_216_0_+disjointig_263_0_14317 12111 14187 14317 -1 -1 1744 0.0174558
Chain
	Aln	180	+30bd2a04-d8a4-44aa-9df4-ad33f7433d32 29 2290 2296 +edge_91_0_+disjointig_161_0_18481 49 2313 18481 -1 -1 2253 0.000237175
Chain
	Aln	181	-30bd2a04-d8a4-44aa-9df4-ad33f7433d32 5 2266 2296 -edge_91_0_+disjointig_161_0_18481 16167 18431 18481 -1 -1 2253 0.000237175
Chain
	Aln	340	+4af49c1e-5eea-4e99-92d7-260f7f48a2b0 13 5172 5177 +edge_171_0_+disjointig_224_0_11833 769 5940 11833 -1 -1 4866 0.00565256
Chain
	Aln	341	-4af49c1e-5eea-4e99-92d7-260f7f48a2b0 4 5163 5177 -edge_171_0_+disjointig_224_0_11833 5892 11063 11833 -1 -1 4866 0.00565256
Chain
	Aln	181	+93ac2365-9a68-4758-86d1-c4477be2dd12 13 2273 2294 -edge_91_0_+disjointig_161_0_18481 16153 18413 18481 -1 -1 2203 0.00353773
Chain
	Aln	180	-93ac2365-9a68-4758-86d1-c4477be2dd12 20 2280 2294 +edge_91_0_+disjointig_161_0_18481 67 2327 18481 -1 -1 2203 0.00353773
Chain
	Aln	324	+1d8f6ff5-d67f-4454-9077-9b21e324c6cc 2 5199 5210 +edge_163_0_-disjointig_235_4208_12603 3170 8385 8395 -1 -1 5116 0.00279638
Chain
	Aln	325	-1d8f6ff5-d67f-4454-9077-9b21e324c6cc 10 5207 5210 -edge_163_0_-disjointig_235_4208_12603 9 5224 8395 -1 -1 5116 0.00279638
Chain
	Aln	622	+42d21366-ee0a-413e-9e53-542597b7cfd7 17 5887 7045 +edge_312_0_+disjointig_40_0_16996 10307 16181 16996 -1 -1 5398 0.00934145
Chain
	Aln	623	-42d21366-ee0a-413e-9e53-542597b7cfd7 1157 7027 7045 -edge_312_0_+disjointig_40_0_16996 814 6688 16996 -1 -1 5398 0.00934145
Chain
	Aln	735	+5ce16174-d631-4197-bf92-40b8c45e110f 366 1501 1510 -edge_368_0_-disjointig_232_0_10466 11 1148 10466 -1 -1 1096 0.00210014
Chain
	Aln	734	-5ce16174-d631-4197-bf92-40b8c45e110f 8 1143 1510 +edge_368_0_-disjointig_232_0_10466 9317 10454 10466 -1 -1 1096 0.00210014
Chain
	Aln	722	+1939cae2-8c27-46c2-8f88-3801c359de08 3 1064 1077 +edge_362_0_-disjointig_20_7328_27800 7971 9034 20472 -1 -1 1055 0.00211544
Chain
	Aln	723	-1939cae2-8c27-46c2-8f88-3801c359de08 12 1073 1077 -edge_362_0_-disjointig_20_7328_27800 11437 12500 20472 -1 -1 1055 0.00211544
Chain
	Aln	266	+a737b069-d446-4b4d-a63e-051260085bd8 10 2532 2539 +edge_134_0_+disjointig_196_0_9620 654 3171 9620 -1 -1 2498 0.000574946
Chain
	Aln	267	-a737b069-d446-4b4d-a63e-051260085bd8 6 2528 2539 -edge_134_0_+disjointig_196_0_9620 6448 8965 9620 -1 -1 2498 0.000574946
Chain
	Aln	247	+ff47db55-90f0-45d5-8e46-fe989b751a5e 7 1626 1632 -edge_124_0_+disjointig_19_0_15579 5702 7321 15579 -1 -1 1619 0
Chain
	Aln	246	-ff47db55-90f0-45d5-8e46-fe989b751a5e 5 1624 1632 +edge_124_0_+disjointig_19_0_15579 8257 9876 15579 -1 -1 1619 0
Chain
	Aln	171	+019324f0-011a-4d9b-8d71-d911a92f41db 12 3038 3040 -edge_86_0_+disjointig_157_0_3044 11 3042 3044 -1 -1 2971 0.0020438
Chain
	Aln	170	-019324f0-011a-4d9b-8d71-d911a92f41db 1 3027 3040 +edge_86_0_+disjointig_157_0_3044 1 3032 3044 -1 -1 2971 0.0020438
Chain
	Aln	149	+27f97c4e-f7c8-4f4a-bfc4-bac7be3d7ca2 4 2786 2789 -edge_75_0_+disjointig_145_0_5207 2419 5204 5207 -1 -1 2744 0
Chain
	Aln	148	-27f97c4e-f7c8-4f4a-bfc4-bac7be3d7ca2 2 2784 2789 +edge_75_0_+disjointig_145_0_5207 2 2787 5207 -1 -1 2744 0
Chain
	Aln	78	+18839fc1-e229-45ef-9442-ec6cd84db6d8 6 5434 5445 +edge_40_0_+disjointig_113_0_8453 1718 7139 8453 -1 -1 5370 0.000452826
Chain
	Aln	79	-18839fc1-e229-45ef-9442-ec6cd84db6d8 10 5438 5445 -edge_40_0_+disjointig_113_0_8453 1313 6734 8453 -1 -1 5370 0.000452826
Chain
	Aln	403	+744cd7c4-1330-44b8-a5fb-c2c7197d7716 18 2054 2060 -edge_202_0_+disjointig_252_0_6873 3673 5707 6873 -1 -1 1992 0.00349403
Chain
	Aln	402	-744cd7c4-1330-44b8-a5fb-c2c7197d7716 5 2041 2060 +edge_202_0_+disjointig_252_0_6873 1165 3199 6873 -1 -1 1992 0.00349403
Chain
	Aln	439	+8e296397-706e-491d-b1c1-4efc5dfe322e 6 9474 9480 -edge_220_0_+disjointig_267_0_20749 1310 10781 20749 -1 -1 9364 0.00148706
Chain
	Aln	438	-8e296397-706e-491d-b1c1-4efc5dfe322e 5 9473 9480 +edge_220_0_+disjointig_267_0_20749 9967 19438 20749 -1 -1 9364 0.00148706
Chain
	Aln	20	+bfd46de8-ca01-4cf0-a037-7c95233ced2b 30 2543 3544 +edge_11_0_-disjointig_7_3506_6213 196 2703 2707 -1 -1 2462 0.0028851
Chain
	Aln	21	-bfd46de8-ca01-4cf0-a037-7c95233ced2b 1000 3513 3544 -edge_11_0_-disjointig_7_3506_6213 3 2510 2707 -1 -1 2462 0.0028851
Chain
	Aln	317	+6b175ef8-7be9-494b-885c-3f18a3a1fec8 7 1524 1530 -edge_159_0_+disjointig_217_0_11253 8391 9909 11253 -1 -1 1494 0.00180935
Chain
	Aln	316	-6b175ef8-7be9-494b-885c-3f18a3a1fec8 5 1522 1530 +edge_159_0_+disjointig_217_0_11253 1343 2861 11253 -1 -1 1494 0.00180935
Chain
	Aln	118	+bef05e29-adde-42ef-b306-310c0e6e4bf0 16 1736 1745 +edge_60_0_+disjointig_131_0_25925 9366 11088 25925 -1 -1 1681 0.00518286
Chain
	Aln	119	-bef05e29-adde-42ef-b306-310c0e6e4bf0 8 1728 1745 -edge_60_0_+disjointig_131_0_25925 14836 16558 25925 -1 -1 1681 0.00518286
Chain
	Aln	7	+0a958619-17ab-4f48-bada-7cc8e590c7f3 3 9801 9808 -edge_4_0_+disjointig_10_0_20168 10365 20161 20168 -1 -1 9541 0.00271618
Chain
	Aln	6	-0a958619-17ab-4f48-bada-7cc8e590c7f3 6 9804 9808 +edge_4_0_+disjointig_10_0_20168 6 9802 20168 -1 -1 9541 0.00271618
Chain
	Aln	485	+d983cb32-3ade-468f-ae76-4471148a3ec7 29 1684 1690 -edge_243_0_+disjointig_49_7193_20010 996 2651 12817 -1 -1 1655 0
Chain
	Aln	484	-d983cb32-3ade-468f-ae76-4471148a3ec7 5 1660 1690 +edge_243_0_+disjointig_49_7193_20010 10165 11820 12817 -1 -1 1655 0
Chain
	Aln	478	+7a1ad916-6fe3-4397-b8d7-896dd830ccf8 9 1140 1143 +edge_240_0_-disjointig_57_7953_51690 35458 36589 43737 -1 -1 1081 0.00513378
Chain
	Aln	479	-7a1ad916-6fe3-4397-b8d7-896dd830ccf8 2 1133 1143 -edge_240_0_-disjointig_57_7953_51690 7147 8278 43737 -1 -1 1081 0.00513378
Chain
	Aln	108	+108e87c0-7173-42bc-89c2-8885f6530793 21 5437 5733 +edge_55_0_+disjointig_126_0_5447 21 5439 5447 -1 -1 5254 0.0045233
Chain
	Aln	109	-108e87c0-7173-42bc-89c2-8885f6530793 295 5711 5733 -edge_55_0_+disjointig_126_0_5447 7 5425 5447 -1 -1 5254 0.0045233
Chain
	Aln	231	+020c6212-6cb3-4cb6-ad94-7b470d8ee2af 13 3339 3341 -edge_116_0_+disjointig_182_0_13686 542 3868 13686 -1 -1 3281 0.00111045
Chain
	Aln	230	-020c6212-6cb3-4cb6-ad94-7b470d8ee2af 1 3327 3341 +edge_116_0_+disjointig_182_0_13686 9817 13143 13686 -1 -1 3281 0.00111045
Chain
	Aln	659	+208093ca-f96a-4f7f-98c7-17381256743c 12 13096 20649 -edge_330_0_+disjointig_62_0_13179 11 13178 13179 -1 -1 12035 0.00796024
Chain
	Aln	658	-208093ca-f96a-4f7f-98c7-17381256743c 7552 20636 20649 +edge_330_0_+disjointig_62_0_13179 0 13167 13179 -1 -1 12035 0.00796024
Chain
	Aln	512	+c23634b8-672e-4f85-97cf-ee744cda5f30 1 1301 1304 +edge_257_0_+disjointig_293_0_9778 6282 7587 9778 -1 -1 1234 0.00511292
Chain
	Aln	513	-c23634b8-672e-4f85-97cf-ee744cda5f30 2 1302 1304 -edge_257_0_+disjointig_293_0_9778 2190 3495 9778 -1 -1 1234 0.00511292
Chain
	Aln	629	+e14ff8ea-0b48-4cdd-ac2d-77113bc532ea 9 2322 2547 -edge_315_0_+disjointig_43_0_17713 15395 17712 17713 -1 -1 2252 0.00485073
Chain
	Aln	628	-e14ff8ea-0b48-4cdd-ac2d-77113bc532ea 224 2537 2547 +edge_315_0_+disjointig_43_0_17713 0 2317 17713 -1 -1 2252 0.00485073
Chain
	Aln	728	+3d3629fc-680b-4118-8b19-c5d995b83e35 6 4883 4894 +edge_365_0_-disjointig_14_17885_30078 6103 10985 12193 -1 -1 4801 0.00192536
Chain
	Aln	729	-3d3629fc-680b-4118-8b19-c5d995b83e35 10 4887 4894 -edge_365_0_-disjointig_14_17885_30078 1207 6089 12193 -1 -1 4801 0.00192536
Chain
	Aln	369	+70a4f5ce-047f-4ba3-b200-68b52b05c0b7 17 7610 11754 -edge_185_0_+disjointig_237_0_7611 16 7610 7611 -1 -1 7491 0.00135764
Chain
	Aln	368	-70a4f5ce-047f-4ba3-b200-68b52b05c0b7 4143 11736 11754 +edge_185_0_+disjointig_237_0_7611 0 7594 7611 -1 -1 7491 0.00135764
Chain
	Aln	316	+d3f1dee7-fc69-42b9-bc8a-e02a03e294b7 6 2416 2423 +edge_159_0_+disjointig_217_0_11253 802 3210 11253 -1 -1 2347 0.00207267
Chain
	Aln	317	-d3f1dee7-fc69-42b9-bc8a-e02a03e294b7 6 2416 2423 -edge_159_0_+disjointig_217_0_11253 8042 10450 11253 -1 -1 2347 0.00207267
Chain
	Aln	485	+cf70d80d-c4c6-4367-aceb-3b84e5120b29 12 11521 11529 -edge_243_0_+disjointig_49_7193_20010 11 11521 12817 -1 -1 11420 0.00107265
Chain
	Aln	484	-cf70d80d-c4c6-4367-aceb-3b84e5120b29 7 11516 11529 +edge_243_0_+disjointig_49_7193_20010 1295 12805 12817 -1 -1 11420 0.00107265
Chain
	Aln	759	+eb756544-5247-44d9-88c5-c0857d67cc41 8 7573 7578 -edge_380_0_+disjointig_98_1472_24422 7380 14946 22950 -1 -1 7384 0.00277999
Chain
	Aln	758	-eb756544-5247-44d9-88c5-c0857d67cc41 4 7569 7578 +edge_380_0_+disjointig_98_1472_24422 8003 15569 22950 -1 -1 7384 0.00277999
Chain
	Aln	80	+12eb7de0-7603-4dc3-9818-4370a9b43cfd 5 1046 1052 +edge_41_0_+disjointig_114_0_9707 5299 6340 9707 -1 -1 1032 0.000885243
Chain
	Aln	81	-12eb7de0-7603-4dc3-9818-4370a9b43cfd 5 1046 1052 -edge_41_0_+disjointig_114_0_9707 3366 4407 9707 -1 -1 1032 0.000885243
Chain
	Aln	138	+2d04561b-042b-45bc-8ed6-c827713c8ca3 5 2207 2210 +edge_70_0_-disjointig_67_10521_41118 3622 5821 30597 -1 -1 2190 0
Chain
	Aln	139	-2d04561b-042b-45bc-8ed6-c827713c8ca3 2 2204 2210 -edge_70_0_-disjointig_67_10521_41118 24775 26974 30597 -1 -1 2190 0
Chain
	Aln	139	+0b563143-10ba-4972-9c87-1f02078f8402 28 1726 1737 -edge_70_0_-disjointig_67_10521_41118 21620 23324 30597 -1 -1 1505 0.0103979
Chain
	Aln	138	-0b563143-10ba-4972-9c87-1f02078f8402 10 1708 1737 +edge_70_0_-disjointig_67_10521_41118 7272 8976 30597 -1 -1 1505 0.0103979
Chain
	Aln	178	+25d73bcc-68db-4d7f-87e5-dda2a690b345 764 5133 5135 +edge_90_0_+disjointig_16_0_20838 13 4373 20838 -1 -1 4242 0.00115928
Chain
	Aln	179	-25d73bcc-68db-4d7f-87e5-dda2a690b345 1 4370 5135 -edge_90_0_+disjointig_16_0_20838 16464 20824 20838 -1 -1 4242 0.00115928
Chain
	Aln	654	+39fd4b86-eeab-46bb-a293-db8ba42fb841 122 3304 3307 +edge_328_0_+disjointig_60_0_13874 919 4106 13874 -1 -1 2251 0.0355266
Chain
	Aln	655	-39fd4b86-eeab-46bb-a293-db8ba42fb841 2 3184 3307 -edge_328_0_+disjointig_60_0_13874 9767 12954 13874 -1 -1 2251 0.0355266
Chain
	Aln	214	+c952b96b-323f-4268-b7fb-d5b04d3d2c47 9 1191 1205 +edge_108_0_+disjointig_174_0_19402 6815 7997 19402 -1 -1 1178 0.0017814
Chain
	Aln	215	-c952b96b-323f-4268-b7fb-d5b04d3d2c47 13 1195 1205 -edge_108_0_+disjointig_174_0_19402 11404 12586 19402 -1 -1 1178 0.0017814
Chain
	Aln	42	+5b89994f-e5a3-4afc-b811-02a080955b54 25 1305 1312 +edge_22_0_+disjointig_107_0_25761 6554 7834 25761 -1 -1 1280 0
Chain
	Aln	43	-5b89994f-e5a3-4afc-b811-02a080955b54 6 1286 1312 -edge_22_0_+disjointig_107_0_25761 17926 19206 25761 -1 -1 1280 0
Chain
	Aln	119	+d6424a51-a4cd-4db8-83e4-fb590d430075 25 3878 3906 -edge_60_0_+disjointig_131_0_25925 22045 25896 25925 -1 -1 3519 0.00704391
Chain
	Aln	118	-d6424a51-a4cd-4db8-83e4-fb590d430075 27 3880 3906 +edge_60_0_+disjointig_131_0_25925 28 3879 25925 -1 -1 3519 0.00704391
Chain
	Aln	157	+acacd921-6389-4917-965b-877b2fd7ee4f 6 2065 2072 -edge_79_0_+disjointig_149_0_13469 3436 5496 13469 -1 -1 2051 0.00268142
Chain
	Aln	156	-acacd921-6389-4917-965b-877b2fd7ee4f 6 2065 2072 +edge_79_0_+disjointig_149_0_13469 7972 10032 13469 -1 -1 2051 0.00268142
Chain
	Aln	318	+a2497b2e-2b13-42f9-ba27-89da5f83d5ae 36 1489 1755 +edge_160_1_-disjointig_235_1539_4208 1217 2666 2669 -1 -1 1395 0.00575181
Chain
	Aln	319	-a2497b2e-2b13-42f9-ba27-89da5f83d5ae 265 1718 1755 -edge_160_1_-disjointig_235_1539_4208 2 1451 2669 -1 -1 1395 0.00575181
Chain
	Aln	279	+fc8b8fbb-ecf5-4ada-b9f4-f48541cf3c1e 2 1490 1492 -edge_140_0_+disjointig_202_0_6544 1456 2944 6544 -1 -1 1470 0.0017472
Chain
	Aln	278	-fc8b8fbb-ecf5-4ada-b9f4-f48541cf3c1e 1 1489 1492 +edge_140_0_+disjointig_202_0_6544 3599 5087 6544 -1 -1 1470 0.0017472
Chain
	Aln	679	+8718bdb3-bfbd-4fdf-997d-023118c15371 13 5714 5723 -edge_340_0_+disjointig_75_0_6794 12 5710 6794 -1 -1 5673 0
Chain
	Aln	678	-8718bdb3-bfbd-4fdf-997d-023118c15371 8 5709 5723 +edge_340_0_+disjointig_75_0_6794 1083 6781 6794 -1 -1 5673 0
Chain
	Aln	414	+d9e3fc19-7007-4b8b-8ed1-08c23fc1ee29 1 1694 2289 +edge_208_0_+disjointig_258_0_4050 2353 4046 4050 -1 -1 1688 0.000593436
Chain
	Aln	415	-d9e3fc19-7007-4b8b-8ed1-08c23fc1ee29 594 2287 2289 -edge_208_0_+disjointig_258_0_4050 3 1696 4050 -1 -1 1688 0.000593436
Chain
	Aln	680	+e6232492-e7cc-44bc-8d7b-8ac71b54ce2b 0 2511 2516 +edge_341_0_+disjointig_76_0_13454 6488 8999 13454 -1 -1 2511 0.0016309
Chain
	Aln	681	-e6232492-e7cc-44bc-8d7b-8ac71b54ce2b 4 2515 2516 -edge_341_0_+disjointig_76_0_13454 4454 6965 13454 -1 -1 2511 0.0016309
Chain
	Aln	739	+0491b25a-d9ab-4a6f-9563-a0a21bb26c38 10 3333 3336 -edge_370_0_-disjointig_66_3457_23755 4302 7624 20298 -1 -1 3315 0
Chain
	Aln	738	-0491b25a-d9ab-4a6f-9563-a0a21bb26c38 2 3325 3336 +edge_370_0_-disjointig_66_3457_23755 12673 15995 20298 -1 -1 3315 0
Chain
	Aln	619	+f2ce921d-1983-424e-b42f-37990d71ffe6 7 1882 1892 -edge_310_0_+disjointig_39_0_32732 23173 25051 32732 -1 -1 1863 0.000283601
Chain
	Aln	618	-f2ce921d-1983-424e-b42f-37990d71ffe6 9 1884 1892 +edge_310_0_+disjointig_39_0_32732 7680 9558 32732 -1 -1 1863 0.000283601
Chain
	Aln	672	+3667c7af-9423-4603-9e45-f97c5542f892 10 4861 4950 +edge_337_0_+disjointig_71_0_8102 2903 7753 8102 -1 -1 4813 0.000193634
Chain
	Aln	673	-3667c7af-9423-4603-9e45-f97c5542f892 88 4939 4950 -edge_337_0_+disjointig_71_0_8102 348 5198 8102 -1 -1 4813 0.000193634
Chain
	Aln	739	+c528f67d-5703-44bf-ba16-a78361246ff1 12 1931 1934 -edge_370_0_-disjointig_66_3457_23755 7716 9635 20298 -1 -1 1903 0
Chain
	Aln	738	-c528f67d-5703-44bf-ba16-a78361246ff1 2 1921 1934 +edge_370_0_-disjointig_66_3457_23755 10662 12581 20298 -1 -1 1903 0
Chain
	Aln	694	+c580490b-f54c-43b2-99f3-badbb0fb18ca 9 1329 1333 +edge_348_0_+disjointig_84_0_2307 407 1728 2307 -1 -1 1312 0.00317959
Chain
	Aln	695	-c580490b-f54c-43b2-99f3-badbb0fb18ca 3 1323 1333 -edge_348_0_+disjointig_84_0_2307 578 1899 2307 -1 -1 1312 0.00317959
Chain
	Aln	525	+903883fb-59b8-4407-8e17-3398020987f4 39 1523 1534 -edge_263_0_+disjointig_3_0_5381 3602 5084 5381 -1 -1 1385 0.00899632
Chain
	Aln	524	-903883fb-59b8-4407-8e17-3398020987f4 10 1494 1534 +edge_263_0_+disjointig_3_0_5381 296 1778 5381 -1 -1 1385 0.00899632
Chain
	Aln	668	+fa207e13-bcc1-42d4-a725-a1b60ed92377 11 3757 3766 +edge_335_0_+disjointig_69_0_21020 17263 21012 21020 -1 -1 3716 0.00247404
Chain
	Aln	669	-fa207e13-bcc1-42d4-a725-a1b60ed92377 8 3754 3766 -edge_335_0_+disjointig_69_0_21020 7 3756 21020 -1 -1 3716 0.00247404
Chain
	Aln	206	+3b07a23b-82d5-4c35-8781-25ea228710af 72 1579 1585 +edge_104_0_+disjointig_170_0_3058 4 1512 3058 -1 -1 1500 0.00321001
Chain
	Aln	207	-3b07a23b-82d5-4c35-8781-25ea228710af 5 1512 1585 -edge_104_0_+disjointig_170_0_3058 1545 3053 3058 -1 -1 1500 0.00321001
Chain
	Aln	654	+6663d68f-9f84-4cf7-9908-b919492501c0 6 1358 1362 +edge_328_0_+disjointig_60_0_13874 2644 3999 13874 -1 -1 1321 0.00441587
Chain
	Aln	655	-6663d68f-9f84-4cf7-9908-b919492501c0 3 1355 1362 -edge_328_0_+disjointig_60_0_13874 9874 11229 13874 -1 -1 1321 0.00441587
Chain
	Aln	117	+84fe269e-51f2-4a60-a7cc-4279bc09874e 13 4745 6818 -edge_59_0_+disjointig_130_0_4745 12 4744 4745 -1 -1 4636 0.00225689
Chain
	Aln	116	-84fe269e-51f2-4a60-a7cc-4279bc09874e 2072 6804 6818 +edge_59_0_+disjointig_130_0_4745 0 4732 4745 -1 -1 4636 0.00225689
Chain
	Aln	14	+70e494f4-7768-4bb1-adbe-145d88a35b58 3 1135 1138 +edge_8_0_+disjointig_103_0_7543 599 1731 7543 -1 -1 1132 0
Chain
	Aln	15	-70e494f4-7768-4bb1-adbe-145d88a35b58 2 1134 1138 -edge_8_0_+disjointig_103_0_7543 5811 6943 7543 -1 -1 1132 0
Chain
	Aln	157	+94c9f159-7620-4a14-8872-41b6ae7cc8b8 26 9430 9436 -edge_79_0_+disjointig_149_0_13469 4070 13463 13469 -1 -1 9315 0.00131579
Chain
	Aln	156	-94c9f159-7620-4a14-8872-41b6ae7cc8b8 5 9409 9436 +edge_79_0_+disjointig_149_0_13469 5 9398 13469 -1 -1 9315 0.00131579
Chain
	Aln	130	+9c2d7520-8016-401b-8a50-f95f4a3ee3d3 8 1508 1513 +edge_66_0_+disjointig_138_0_38214 14030 15526 38214 -1 -1 1437 0.00199559
Chain
	Aln	131	-9c2d7520-8016-401b-8a50-f95f4a3ee3d3 4 1504 1513 -edge_66_0_+disjointig_138_0_38214 22687 24183 38214 -1 -1 1437 0.00199559
Chain
	Aln	639	+bcff0dbe-9fbb-4f32-9791-76e2769f9873 9 3748 3751 -edge_320_0_+disjointig_51_0_24344 5607 9363 24344 -1 -1 3583 0.00276448
Chain
	Aln	638	-bcff0dbe-9fbb-4f32-9791-76e2769f9873 2 3741 3751 +edge_320_0_+disjointig_51_0_24344 14980 18736 24344 -1 -1 3583 0.00276448
Chain
	Aln	663	+6a19b3e0-4324-43aa-88f7-5cd9994e9370 8 1090 1113 -edge_332_0_+disjointig_64_0_14859 5324 6402 14859 -1 -1 1019 0.00844863
Chain
	Aln	662	-6a19b3e0-4324-43aa-88f7-5cd9994e9370 22 1104 1113 +edge_332_0_+disjointig_64_0_14859 8456 9534 14859 -1 -1 1019 0.00844863
Chain
	Aln	724	+fdd14fa6-5e92-4687-9fed-4e23e7f1b548 3 2191 4840 +edge_363_0_-disjointig_118_8955_29374 18227 20412 20419 -1 -1 2109 0.00317722
	Aln	726	+fdd14fa6-5e92-4687-9fed-4e23e7f1b548 2199 4834 4840 +edge_364_0_+disjointig_117_15439_18081 1 2637 2642 -1 -1 2619 0.0021458
Chain
	Aln	727	-fdd14fa6-5e92-4687-9fed-4e23e7f1b548 5 2640 4840 -edge_364_0_+disjointig_117_15439_18081 4 2640 2642 -1 -1 2619 0.0021458
	Aln	725	-fdd14fa6-5e92-4687-9fed-4e23e7f1b548 2648 4836 4840 -edge_363_0_-disjointig_118_8955_29374 6 2191 20419 -1 -1 2109 0.00317722
Chain
	Aln	739	+9c549a83-a579-4b86-8af6-ef0a51665624 23 5405 5407 -edge_370_0_-disjointig_66_3457_23755 2177 7563 20298 -1 -1 5195 0.00314957
Chain
	Aln	738	-9c549a83-a579-4b86-8af6-ef0a51665624 1 5383 5407 +edge_370_0_-disjointig_66_3457_23755 12734 18120 20298 -1 -1 5195 0.00314957
Chain
	Aln	280	+4d4c0193-02c5-4c0d-8756-587c96a7eaeb 4 1253 1428 +edge_141_0_+disjointig_203_0_4314 3062 4306 4314 -1 -1 1236 0
Chain
	Aln	281	-4d4c0193-02c5-4c0d-8756-587c96a7eaeb 174 1423 1428 -edge_141_0_+disjointig_203_0_4314 7 1251 4314 -1 -1 1236 0
Chain
	Aln	45	+ab2172a0-9f58-4cd9-833d-615571886c61 7 11126 11146 -edge_23_0_+disjointig_108_0_13573 449 11602 13573 -1 -1 10755 0.00371999
Chain
	Aln	44	-ab2172a0-9f58-4cd9-833d-615571886c61 19 11138 11146 +edge_23_0_+disjointig_108_0_13573 1970 13123 13573 -1 -1 10755 0.00371999
Chain
	Aln	764	+b513355f-9e5c-4b04-9e3f-12bf975205c3 8 1640 4829 +edge_383_0_+disjointig_37_1412_10185 7132 8769 8773 -1 -1 1586 0.00324263
	Aln	764	+b513355f-9e5c-4b04-9e3f-12bf975205c3 1645 4827 4829 +edge_383_0_+disjointig_37_1412_10185 1 3184 8773 -1 -1 3149 0.00116729
Chain
	Aln	765	-b513355f-9e5c-4b04-9e3f-12bf975205c3 1 3183 4829 -edge_383_0_+disjointig_37_1412_10185 5588 8771 8773 -1 -1 3149 0.00116729
	Aln	765	-b513355f-9e5c-4b04-9e3f-12bf975205c3 3188 4820 4829 -edge_383_0_+disjointig_37_1412_10185 3 1640 8773 -1 -1 1586 0.00324263
Chain
	Aln	691	+72dc4f5e-3f3a-408b-a250-f57b667e25dc 11 1547 1557 -edge_346_0_+disjointig_82_0_9722 6683 8217 9722 -1 -1 1528 0.000552631
Chain
	Aln	690	-72dc4f5e-3f3a-408b-a250-f57b667e25dc 9 1545 1557 +edge_346_0_+disjointig_82_0_9722 1504 3038 9722 -1 -1 1528 0.000552631
Chain
	Aln	644	+5018c34f-a974-40cf-b0db-de06a1885029 10 2022 2024 +edge_323_0_+disjointig_54_0_13403 1752 3767 13403 -1 -1 1986 0.000726785
Chain
	Aln	645	-5018c34f-a974-40cf-b0db-de06a1885029 1 2013 2024 -edge_323_0_+disjointig_54_0_13403 9635 11650 13403 -1 -1 1986 0.000726785
Chain
	Aln	764	+4602232b-8441-4306-87ef-d07b8777685d 12 2710 2716 +edge_383_0_+disjointig_37_1412_10185 4010 6712 8773 -1 -1 2683 0.00208887
Chain
	Aln	765	-4602232b-8441-4306-87ef-d07b8777685d 5 2703 2716 -edge_383_0_+disjointig_37_1412_10185 2060 4762 8773 -1 -1 2683 0.00208887
Chain
	Aln	685	+fac763f0-764d-4d88-8b46-e5984ba78942 12 4326 4333 -edge_343_0_+disjointig_79_0_7287 11 4327 7287 -1 -1 4148 0.00443488
Chain
	Aln	684	-fac763f0-764d-4d88-8b46-e5984ba78942 6 4320 4333 +edge_343_0_+disjointig_79_0_7287 2959 7275 7287 -1 -1 4148 0.00443488
Chain
	Aln	736	+b6afb93f-4fda-4327-a573-c66826bb4561 9 3446 6140 +edge_369_0_+disjointig_163_0_7206 3760 7201 7206 -1 -1 3236 0.00658925
	Aln	738	+b6afb93f-4fda-4327-a573-c66826bb4561 3452 5020 6140 +edge_370_0_-disjointig_66_3457_23755 1 1571 20298 -1 -1 1527 0.00291593
Chain
	Aln	739	-b6afb93f-4fda-4327-a573-c66826bb4561 1119 2687 6140 -edge_370_0_-disjointig_66_3457_23755 18726 20296 20298 -1 -1 1527 0.00291593
	Aln	737	-b6afb93f-4fda-4327-a573-c66826bb4561 2693 6130 6140 -edge_369_0_+disjointig_163_0_7206 4 3445 7206 -1 -1 3236 0.00658925
Chain
	Aln	738	+95b262cb-0c70-453f-880f-822aed3c6bc5 12 7109 7116 +edge_370_0_-disjointig_66_3457_23755 8216 15317 20298 -1 -1 6859 0.00176181
Chain
	Aln	739	-95b262cb-0c70-453f-880f-822aed3c6bc5 6 7103 7116 -edge_370_0_-disjointig_66_3457_23755 4980 12081 20298 -1 -1 6859 0.00176181
Chain
	Aln	466	+f2e8bdfa-c562-47a6-8b03-20ea8a46d80a 4 18078 18387 +edge_234_0_+disjointig_28_0_27669 4 18129 27669 -1 -1 17622 0.00201256
Chain
	Aln	467	-f2e8bdfa-c562-47a6-8b03-20ea8a46d80a 308 18382 18387 -edge_234_0_+disjointig_28_0_27669 9539 27664 27669 -1 -1 17622 0.00201256
Chain
	Aln	752	+b2320b9a-4a1d-426f-9c76-7099cb34a027 36 1521 1525 +edge_377_3_-disjointig_41_21233_26118 3113 4605 4885 -1 -1 1356 0.0105998
Chain
	Aln	753	-b2320b9a-4a1d-426f-9c76-7099cb34a027 3 1488 1525 -edge_377_3_-disjointig_41_21233_26118 279 1771 4885 -1 -1 1356 0.0105998
Chain
	Aln	195	+a37887ab-2520-4aca-a4a3-b247db2ae1a8 14 4816 4822 -edge_98_0_+disjointig_166_0_14218 6166 10968 14218 -1 -1 4748 0.00185259
Chain
	Aln	194	-a37887ab-2520-4aca-a4a3-b247db2ae1a8 5 4807 4822 +edge_98_0_+disjointig_166_0_14218 3249 8051 14218 -1 -1 4748 0.00185259
Chain
	Aln	233	+acf291bc-a623-4b4d-aa5c-fcebf23f350a 14 2325 2327 -edge_117_0_+disjointig_183_0_12115 6741 9047 12115 -1 -1 2254 0.00379322
Chain
	Aln	232	-acf291bc-a623-4b4d-aa5c-fcebf23f350a 1 2312 2327 +edge_117_0_+disjointig_183_0_12115 3067 5373 12115 -1 -1 2254 0.00379322
Chain
	Aln	423	+26b6db8f-596b-462e-9618-490522f33e9f 19 1244 1246 -edge_212_0_+disjointig_261_0_30460 886 2107 30460 -1 -1 1197 0.00166332
Chain
	Aln	422	-26b6db8f-596b-462e-9618-490522f33e9f 1 1226 1246 +edge_212_0_+disjointig_261_0_30460 28352 29573 30460 -1 -1 1197 0.00166332
Chain
	Aln	650	+be526b92-2a7a-4e59-9280-397c6a72adff 23 1776 1778 +edge_326_0_+disjointig_58_0_35073 25077 26825 35073 -1 -1 1693 0.00342118
Chain
	Aln	651	-be526b92-2a7a-4e59-9280-397c6a72adff 1 1754 1778 -edge_326_0_+disjointig_58_0_35073 8247 9995 35073 -1 -1 1693 0.00342118
Chain
	Aln	290	+eb595f83-494e-423d-8087-488297b28b26 19 1192 1199 +edge_146_0_+disjointig_208_0_19308 17721 18894 19308 -1 -1 1173 0.00161528
Chain
	Aln	291	-eb595f83-494e-423d-8087-488297b28b26 6 1179 1199 -edge_146_0_+disjointig_208_0_19308 413 1586 19308 -1 -1 1173 0.00161528
Chain
	Aln	181	+af2ddaa4-ceb8-4410-a794-7f480a7cfbb0 10 2380 2382 -edge_91_0_+disjointig_161_0_18481 12047 14416 18481 -1 -1 2327 0.0036523
Chain
	Aln	180	-af2ddaa4-ceb8-4410-a794-7f480a7cfbb0 1 2371 2382 +edge_91_0_+disjointig_161_0_18481 4064 6433 18481 -1 -1 2327 0.0036523
Chain
	Aln	641	+9bd896a9-2f3b-4d67-8188-c9669abb430e 12 10096 10099 -edge_321_0_+disjointig_52_0_21384 11245 21381 21384 -1 -1 8213 0.021116
Chain
	Aln	640	-9bd896a9-2f3b-4d67-8188-c9669abb430e 2 10086 10099 +edge_321_0_+disjointig_52_0_21384 2 10138 21384 -1 -1 8213 0.021116
Chain
	Aln	422	+c10ad9c0-b0e4-4182-8247-d1f14a4a827d 15 1065 1074 +edge_212_0_+disjointig_261_0_30460 14029 15079 30460 -1 -1 1042 0.00364814
Chain
	Aln	423	-c10ad9c0-b0e4-4182-8247-d1f14a4a827d 8 1058 1074 -edge_212_0_+disjointig_261_0_30460 15380 16430 30460 -1 -1 1042 0.00364814
Chain
	Aln	745	+a78aeab5-d7a6-439e-95fb-15fb1cc0403a 10 2935 2945 -edge_373_0_+disjointig_92_0_14318 10322 13251 14318 -1 -1 2890 0.00205878
Chain
	Aln	744	-a78aeab5-d7a6-439e-95fb-15fb1cc0403a 9 2934 2945 +edge_373_0_+disjointig_92_0_14318 1066 3995 14318 -1 -1 2890 0.00205878
Chain
	Aln	680	+7d4dd6c4-8fc5-4d01-a16e-9744529d15b8 2 4187 4194 +edge_341_0_+disjointig_76_0_13454 5175 9374 13454 -1 -1 4001 0.00437822
Chain
	Aln	681	-7d4dd6c4-8fc5-4d01-a16e-9744529d15b8 6 4191 4194 -edge_341_0_+disjointig_76_0_13454 4079 8278 13454 -1 -1 4001 0.00437822
Chain
	Aln	67	+76af6b5b-5e26-4bc6-82f3-cea55b96aa45 14 3314 3317 -edge_34_0_+disjointig_112_4217_16689 13 3309 12472 -1 -1 3252 0.00349895
Chain
	Aln	66	-76af6b5b-5e26-4bc6-82f3-cea55b96aa45 2 3302 3317 +edge_34_0_+disjointig_112_4217_16689 9162 12458 12472 -1 -1 3252 0.00349895
Chain
	Aln	714	+9d75eff3-5af5-4dae-a9e9-6a181ad84827 12 8021 8024 +edge_358_0_+disjointig_95_0_21066 5515 13536 21066 -1 -1 3541 0.0733645
Chain
	Aln	715	-9d75eff3-5af5-4dae-a9e9-6a181ad84827 2 8011 8024 -edge_358_0_+disjointig_95_0_21066 7529 15550 21066 -1 -1 3541 0.0733645
Chain
	Aln	675	+cd3979db-ec38-4b82-af84-94c6008d1d07 14 5630 5632 -edge_338_0_+disjointig_73_0_7795 2160 7793 7795 -1 -1 5456 0.00269373
Chain
	Aln	674	-cd3979db-ec38-4b82-af84-94c6008d1d07 1 5617 5632 +edge_338_0_+disjointig_73_0_7795 1 5634 7795 -1 -1 5456 0.00269373
Chain
	Aln	724	+bf248d45-9034-4dcd-85bf-5f4c632bb894 569 18801 18808 +edge_363_0_-disjointig_118_8955_29374 2 18202 20419 -1 -1 17237 0.00543749
Chain
	Aln	725	-bf248d45-9034-4dcd-85bf-5f4c632bb894 6 18238 18808 -edge_363_0_-disjointig_118_8955_29374 2216 20416 20419 -1 -1 17237 0.00543749
Chain
	Aln	673	+2ec08ab3-2efe-46eb-b477-1ae663b4bfa3 8 5569 5571 -edge_337_0_+disjointig_71_0_8102 2536 8100 8102 -1 -1 5328 0.00245289
Chain
	Aln	672	-2ec08ab3-2efe-46eb-b477-1ae663b4bfa3 1 5562 5571 +edge_337_0_+disjointig_71_0_8102 1 5565 8102 -1 -1 5328 0.00245289
Chain
	Aln	478	+7c249332-f239-4a57-a9cc-b2d5d9ed69f1 14 3882 4104 +edge_240_0_-disjointig_57_7953_51690 21431 25402 43737 -1 -1 3498 0.00667572
Chain
	Aln	479	-7c249332-f239-4a57-a9cc-b2d5d9ed69f1 221 4089 4104 -edge_240_0_-disjointig_57_7953_51690 18334 22305 43737 -1 -1 3498 0.00667572
Chain
	Aln	744	+eca539af-37e7-42b1-84af-3b4bbb3f8f0b 388 14663 14669 +edge_373_0_+disjointig_92_0_14318 1 14315 14318 -1 -1 13683 0.00573859
Chain
	Aln	745	-eca539af-37e7-42b1-84af-3b4bbb3f8f0b 5 14280 14669 -edge_373_0_+disjointig_92_0_14318 2 14316 14318 -1 -1 13683 0.00573859
Chain
	Aln	38	+dd988a46-8cbc-4761-bc47-4aad17b12dbe 11 1087 1093 +edge_20_0_+disjointig_105_0_37299 22227 23303 37299 -1 -1 1057 0.000962888
Chain
	Aln	39	-dd988a46-8cbc-4761-bc47-4aad17b12dbe 5 1081 1093 -edge_20_0_+disjointig_105_0_37299 13995 15071 37299 -1 -1 1057 0.000962888
Chain
	Aln	142	+54d3a0e0-3b92-47bf-9036-eb0efc180373 10 1892 1894 +edge_72_0_+disjointig_142_0_7073 4609 6491 7073 -1 -1 1830 0.00270892
Chain
	Aln	143	-54d3a0e0-3b92-47bf-9036-eb0efc180373 1 1883 1894 -edge_72_0_+disjointig_142_0_7073 581 2463 7073 -1 -1 1830 0.00270892
Chain
	Aln	119	+733bb9a5-1c05-4e84-8839-44c0cb9c6547 10 1061 1069 -edge_60_0_+disjointig_131_0_25925 8545 9602 25925 -1 -1 1016 0.00436854
Chain
	Aln	118	-733bb9a5-1c05-4e84-8839-44c0cb9c6547 7 1058 1069 +edge_60_0_+disjointig_131_0_25925 16322 17379 25925 -1 -1 1016 0.00436854
Chain
	Aln	395	+a57e6fb6-269e-49cd-ad9f-106fd7ad6cba 19 2460 2462 -edge_198_0_+disjointig_249_0_4747 18 2471 4747 -1 -1 2232 0.00943468
Chain
	Aln	394	-a57e6fb6-269e-49cd-ad9f-106fd7ad6cba 1 2442 2462 +edge_198_0_+disjointig_249_0_4747 2275 4728 4747 -1 -1 2232 0.00943468
Chain
	Aln	658	+def00a66-24a3-42c1-922e-7be450ee2e9f 14 3351 3353 +edge_330_0_+disjointig_62_0_13179 6910 10239 13179 -1 -1 3227 0.00467863
Chain
	Aln	659	-def00a66-24a3-42c1-922e-7be450ee2e9f 1 3338 3353 -edge_330_0_+disjointig_62_0_13179 2939 6268 13179 -1 -1 3227 0.00467863
Chain
	Aln	631	+427743a4-e254-4548-af1e-129c5056761b 15 3515 3532 -edge_316_0_+disjointig_44_0_7510 3701 7197 7510 -1 -1 3428 0
Chain
	Aln	630	-427743a4-e254-4548-af1e-129c5056761b 16 3516 3532 +edge_316_0_+disjointig_44_0_7510 312 3808 7510 -1 -1 3428 0
Chain
	Aln	693	+7e329d2d-f314-4e32-9a08-eac86798785c 17 3041 3047 -edge_347_0_+disjointig_83_0_8894 16 3042 8894 -1 -1 2999 0.000523906
Chain
	Aln	692	-7e329d2d-f314-4e32-9a08-eac86798785c 5 3029 3047 +edge_347_0_+disjointig_83_0_8894 5851 8877 8894 -1 -1 2999 0.000523906
Chain
	Aln	757	+12d134b1-a395-402a-aa9d-c0024d102142 9 2662 2667 -edge_379_0_+disjointig_30_0_8705 3007 5662 8705 -1 -1 2621 0
Chain
	Aln	756	-12d134b1-a395-402a-aa9d-c0024d102142 4 2657 2667 +edge_379_0_+disjointig_30_0_8705 3042 5697 8705 -1 -1 2621 0
Chain
	Aln	598	+784afed0-a29e-48f0-ad00-7f2f0bc0693c 3 6729 6737 +edge_300_0_+disjointig_327_0_17944 3 6729 17944 -1 -1 6588 0.00176123
Chain
	Aln	599	-784afed0-a29e-48f0-ad00-7f2f0bc0693c 7 6733 6737 -edge_300_0_+disjointig_327_0_17944 11214 17940 17944 -1 -1 6588 0.00176123
Chain
	Aln	756	+05e2c3d5-4450-48f1-8803-bf97982f04df 8 2658 2664 +edge_379_0_+disjointig_30_0_8705 3027 5681 8705 -1 -1 2556 0.00267385
Chain
	Aln	757	-05e2c3d5-4450-48f1-8803-bf97982f04df 5 2655 2664 -edge_379_0_+disjointig_30_0_8705 3023 5677 8705 -1 -1 2556 0.00267385
Chain
	Aln	341	+84abd23d-da6e-4134-a0c9-5d09a92c3abf 10 1878 1888 -edge_171_0_+disjointig_224_0_11833 8986 10857 11833 -1 -1 1822 0.00200432
Chain
	Aln	340	-84abd23d-da6e-4134-a0c9-5d09a92c3abf 9 1877 1888 +edge_171_0_+disjointig_224_0_11833 975 2846 11833 -1 -1 1822 0.00200432
Chain
	Aln	85	+407b1782-d19d-4bde-a1d0-1fbdbef51751 13 1880 1888 -edge_43_0_+disjointig_116_0_8537 467 2334 8537 -1 -1 1856 0
Chain
	Aln	84	-407b1782-d19d-4bde-a1d0-1fbdbef51751 7 1874 1888 +edge_43_0_+disjointig_116_0_8537 6202 8069 8537 -1 -1 1856 0
Chain
	Aln	739	+699ec409-cfb1-40bd-b5d5-1fdd6839904a 12 2995 2997 -edge_370_0_-disjointig_66_3457_23755 7716 10699 20298 -1 -1 2974 0
Chain
	Aln	738	-699ec409-cfb1-40bd-b5d5-1fdd6839904a 1 2984 2997 +edge_370_0_-disjointig_66_3457_23755 9598 12581 20298 -1 -1 2974 0
Chain
	Aln	84	+3d2a04b8-b515-48c2-b756-bf0a833ea2d4 11 1883 1887 +edge_43_0_+disjointig_116_0_8537 6185 8058 8537 -1 -1 1869 0
Chain
	Aln	85	-3d2a04b8-b515-48c2-b756-bf0a833ea2d4 3 1875 1887 -edge_43_0_+disjointig_116_0_8537 478 2351 8537 -1 -1 1869 0
Chain
	Aln	701	+25eea743-9ee7-47b3-aa71-ba882142e9eb 18 9206 15143 -edge_351_0_+disjointig_87_0_9199 17 9198 9199 -1 -1 9112 0.000267171
Chain
	Aln	337	+25eea743-9ee7-47b3-aa71-ba882142e9eb 12047 15140 15143 -edge_169_0_+disjointig_222_0_4052 10 3103 4052 -1 -1 2697 0.00708149
Chain
	Aln	700	-25eea743-9ee7-47b3-aa71-ba882142e9eb 5936 15124 15143 +edge_351_0_+disjointig_87_0_9199 0 9181 9199 -1 -1 9112 0.000267171
Chain
	Aln	336	-25eea743-9ee7-47b3-aa71-ba882142e9eb 2 3095 15143 +edge_169_0_+disjointig_222_0_4052 948 4041 4052 -1 -1 2697 0.00708149
Chain
	Aln	418	+20ccffe2-dc1d-4214-86d9-ae2ac5793aab 5 1519 2185 +edge_210_0_+disjointig_26_0_12157 1883 3397 12157 -1 -1 1460 0.00528919
Chain
	Aln	419	-20ccffe2-dc1d-4214-86d9-ae2ac5793aab 665 2179 2185 -edge_210_0_+disjointig_26_0_12157 8759 10273 12157 -1 -1 1460 0.00528919
Chain
	Aln	269	+9854e069-1ce2-41e0-8ed1-a961776272cf 3 1717 1724 -edge_135_0_+disjointig_197_0_5262 147 1861 5262 -1 -1 1714 0.000549644
Chain
	Aln	268	-9854e069-1ce2-41e0-8ed1-a961776272cf 6 1720 1724 +edge_135_0_+disjointig_197_0_5262 3400 5114 5262 -1 -1 1714 0.000549644
Chain
	Aln	192	+7dc72692-b740-4945-b7a0-3b9720264da4 18 8073 8077 +edge_97_0_+disjointig_165_0_15540 7476 15537 15540 -1 -1 7950 0.00268054
Chain
	Aln	193	-7dc72692-b740-4945-b7a0-3b9720264da4 3 8058 8077 -edge_97_0_+disjointig_165_0_15540 2 8063 15540 -1 -1 7950 0.00268054
Chain
	Aln	668	+a94a20e4-241b-4081-8d88-4c914ffc2658 15 1664 1667 +edge_335_0_+disjointig_69_0_21020 9145 10793 21020 -1 -1 1648 0.000414764
Chain
	Aln	669	-a94a20e4-241b-4081-8d88-4c914ffc2658 2 1651 1667 -edge_335_0_+disjointig_69_0_21020 10226 11874 21020 -1 -1 1648 0.000414764
Chain
	Aln	42	+b42a34e3-1763-484e-9966-2caa3e6b6fce 3 4361 4370 +edge_22_0_+disjointig_107_0_25761 14594 18951 25761 -1 -1 4284 0.00184971
Chain
	Aln	43	-b42a34e3-1763-484e-9966-2caa3e6b6fce 8 4366 4370 -edge_22_0_+disjointig_107_0_25761 6809 11166 25761 -1 -1 4284 0.00184971
Chain
	Aln	606	+0e8a45a7-944c-4df4-baea-8899071e084e 34 1613 1618 +edge_304_0_+disjointig_34_0_21728 7510 9088 21728 -1 -1 1541 0.00239027
Chain
	Aln	607	-0e8a45a7-944c-4df4-baea-8899071e084e 4 1583 1618 -edge_304_0_+disjointig_34_0_21728 12639 14217 21728 -1 -1 1541 0.00239027
Chain
	Aln	230	+4045b85c-139f-4778-8765-9f95deed4a47 22 3442 3444 +edge_116_0_+disjointig_182_0_13686 1 3420 13686 -1 -1 3409 0.00127799
Chain
	Aln	231	-4045b85c-139f-4778-8765-9f95deed4a47 1 3421 3444 -edge_116_0_+disjointig_182_0_13686 10265 13684 13686 -1 -1 3409 0.00127799
Chain
	Aln	601	+569e54b4-3f12-4029-94e7-ca2c9033c32c 7 1601 1606 -edge_301_0_+disjointig_328_0_10322 3525 5118 10322 -1 -1 1588 0.00316073
Chain
	Aln	600	-569e54b4-3f12-4029-94e7-ca2c9033c32c 4 1598 1606 +edge_301_0_+disjointig_328_0_10322 5203 6796 10322 -1 -1 1588 0.00316073
Chain
	Aln	728	+77d5f366-019c-4309-8fbc-d5562bb9947e 8 1045 1067 +edge_365_0_-disjointig_14_17885_30078 10169 11207 12193 -1 -1 1024 0.00103258
Chain
	Aln	729	-77d5f366-019c-4309-8fbc-d5562bb9947e 21 1058 1067 -edge_365_0_-disjointig_14_17885_30078 985 2023 12193 -1 -1 1024 0.00103258
Chain
	Aln	419	+c9ce3e24-3aa8-4327-87d6-cf032de11b81 8 1222 1230 -edge_210_0_+disjointig_26_0_12157 2164 3384 12157 -1 -1 1165 0.00364275
Chain
	Aln	418	-c9ce3e24-3aa8-4327-87d6-cf032de11b81 7 1221 1230 +edge_210_0_+disjointig_26_0_12157 8772 9992 12157 -1 -1 1165 0.00364275
Chain
	Aln	765	+d0d3be1e-23bd-42da-aef4-21663950772e 3 1375 1957 -edge_383_0_+disjointig_37_1412_10185 7399 8772 8773 -1 -1 1327 0.00341333
	Aln	765	+d0d3be1e-23bd-42da-aef4-21663950772e 1383 1955 1957 -edge_383_0_+disjointig_37_1412_10185 7 582 8773 -1 -1 539 0.00426575
Chain
	Aln	764	-d0d3be1e-23bd-42da-aef4-21663950772e 1 573 1957 +edge_383_0_+disjointig_37_1412_10185 8190 8765 8773 -1 -1 539 0.00426575
	Aln	764	-d0d3be1e-23bd-42da-aef4-21663950772e 581 1953 1957 +edge_383_0_+disjointig_37_1412_10185 0 1373 8773 -1 -1 1327 0.00341333
Chain
	Aln	435	+18835a90-1851-47be-acc0-261c8c4f1438 4 1318 1328 -edge_218_0_+disjointig_265_0_3893 688 2003 3893 -1 -1 1295 0.00448752
Chain
	Aln	434	-18835a90-1851-47be-acc0-261c8c4f1438 9 1323 1328 +edge_218_0_+disjointig_265_0_3893 1889 3204 3893 -1 -1 1295 0.00448752
Chain
	Aln	210	+29386b2e-1ed0-4c20-8dba-6334fcc1a489 9876 16070 16077 +edge_106_0_+disjointig_172_0_11649 32 6231 11649 -1 -1 6100 0.00182759
Chain
	Aln	211	-29386b2e-1ed0-4c20-8dba-6334fcc1a489 6 6200 16077 -edge_106_0_+disjointig_172_0_11649 5417 11616 11649 -1 -1 6100 0.00182759
Chain
	Aln	532	+4c9acdda-e530-4744-ae0e-7884479f0d1d 1470 2596 2598 +edge_267_1_-disjointig_30_1017_4259 827 1956 3242 -1 -1 1117 0.00287922
Chain
	Aln	533	-4c9acdda-e530-4744-ae0e-7884479f0d1d 1 1127 2598 -edge_267_1_-disjointig_30_1017_4259 1285 2414 3242 -1 -1 1117 0.00287922
Chain
	Aln	78	+7612789f-a56c-4233-8844-bbd913343fe9 14 8170 8179 +edge_40_0_+disjointig_113_0_8453 220 8445 8453 -1 -1 7092 0.0139952
Chain
	Aln	79	-7612789f-a56c-4233-8844-bbd913343fe9 8 8164 8179 -edge_40_0_+disjointig_113_0_8453 7 8232 8453 -1 -1 7092 0.0139952
Chain
	Aln	231	+d64d9824-7251-4754-8f6b-7d6fa34e0cae 0 7508 7510 -edge_116_0_+disjointig_182_0_13686 6191 13684 13686 -1 -1 7276 0.00406023
Chain
	Aln	230	-d64d9824-7251-4754-8f6b-7d6fa34e0cae 1 7509 7510 +edge_116_0_+disjointig_182_0_13686 1 7494 13686 -1 -1 7276 0.00406023
Chain
	Aln	753	+2d6de357-9922-4277-94be-433ae3c25788 1409 3348 3355 -edge_377_1_+disjointig_28_33393_38243 14 1954 4850 -1 -1 1913 0.00219423
Chain
	Aln	752	-2d6de357-9922-4277-94be-433ae3c25788 6 1945 3355 +edge_377_1_+disjointig_28_33393_38243 2895 4835 4850 -1 -1 1913 0.00219423
Chain
	Aln	497	+1c08ef76-ce0e-4278-8dfc-90d4fbd3f162 10 3858 3861 -edge_249_0_+disjointig_285_0_4613 9 3854 4613 -1 -1 3811 0.00188085
Chain
	Aln	496	-1c08ef76-ce0e-4278-8dfc-90d4fbd3f162 2 3850 3861 +edge_249_0_+disjointig_285_0_4613 758 4603 4613 -1 -1 3811 0.00188085
Chain
	Aln	601	+e24dcaab-c0b6-47f9-b49a-1268c8229004 12 1341 1360 -edge_301_0_+disjointig_328_0_10322 7727 9131 10322 -1 -1 1242 0.00711681
Chain
	Aln	600	-e24dcaab-c0b6-47f9-b49a-1268c8229004 18 1347 1360 +edge_301_0_+disjointig_328_0_10322 1190 2594 10322 -1 -1 1242 0.00711681
Chain
	Aln	222	+9372cd97-aa1c-43c2-a80c-dd85c6f893ce 7 1606 1611 +edge_112_0_+disjointig_179_0_13636 2256 3855 13636 -1 -1 1599 0.00334496
Chain
	Aln	223	-9372cd97-aa1c-43c2-a80c-dd85c6f893ce 4 1603 1611 -edge_112_0_+disjointig_179_0_13636 9780 11379 13636 -1 -1 1599 0.00334496
Chain
	Aln	752	+8687682d-c713-4f60-aa42-afd2605d9069 720 4986 4992 +edge_377_2_-disjointig_292_6900_11748 4 4286 4848 -1 -1 4101 0.00429465
Chain
	Aln	753	-8687682d-c713-4f60-aa42-afd2605d9069 5 4271 4992 -edge_377_2_-disjointig_292_6900_11748 561 4843 4848 -1 -1 4101 0.00429465
Chain
	Aln	446	+1aa04022-4f72-4b85-b2f5-ce35328a2594 1306 7491 7498 +edge_224_0_+disjointig_270_0_6187 0 6181 6187 -1 -1 5871 0.00485403
Chain
	Aln	447	-1aa04022-4f72-4b85-b2f5-ce35328a2594 6 6191 7498 -edge_224_0_+disjointig_270_0_6187 5 6186 6187 -1 -1 5871 0.00485403
Chain
	Aln	39	+7c982e5e-7000-4061-af16-784c2b04c5f5 12 2291 2294 -edge_20_0_+disjointig_105_0_37299 5944 8223 37299 -1 -1 2279 0.000625624
Chain
	Aln	38	-7c982e5e-7000-4061-af16-784c2b04c5f5 2 2281 2294 +edge_20_0_+disjointig_105_0_37299 29075 31354 37299 -1 -1 2279 0.000625624
Chain
	Aln	237	+eec8c620-7c1e-449f-9a16-e0975f90ce05 4 3896 3921 -edge_119_0_+disjointig_185_0_14469 6848 10740 14469 -1 -1 3873 0
Chain
	Aln	236	-eec8c620-7c1e-449f-9a16-e0975f90ce05 24 3916 3921 +edge_119_0_+disjointig_185_0_14469 3728 7620 14469 -1 -1 3873 0
Chain
	Aln	510	+b9b59190-fe15-4258-8acd-6fa13c5af9d9 1771 6876 6879 +edge_256_0_+disjointig_291_0_5255 9 5253 5255 -1 -1 3736 0.0193965
Chain
	Aln	511	-b9b59190-fe15-4258-8acd-6fa13c5af9d9 2 5107 6879 -edge_256_0_+disjointig_291_0_5255 1 5245 5255 -1 -1 3736 0.0193965
Chain
	Aln	301	+dc7603e4-7c3b-47de-b078-361caf5ff7d9 12 2102 2105 -edge_151_0_+disjointig_21_0_26556 20786 22879 26556 -1 -1 2050 9.86016e-05
Chain
	Aln	300	-dc7603e4-7c3b-47de-b078-361caf5ff7d9 2 2092 2105 +edge_151_0_+disjointig_21_0_26556 3676 5769 26556 -1 -1 2050 9.86016e-05
Chain
	Aln	82	+416ec176-8ff1-4f86-9c18-54c733864115 2 1340 1352 +edge_42_0_+disjointig_115_0_26307 11268 12606 26307 -1 -1 1338 0
Chain
	Aln	83	-416ec176-8ff1-4f86-9c18-54c733864115 11 1349 1352 -edge_42_0_+disjointig_115_0_26307 13700 15038 26307 -1 -1 1338 0
Chain
	Aln	734	+d20ecbff-b674-4c9a-b27e-1590123cc70f 15 5307 5485 +edge_368_0_-disjointig_232_0_10466 5001 10292 10466 -1 -1 5159 0.00281683
Chain
	Aln	735	-d20ecbff-b674-4c9a-b27e-1590123cc70f 177 5469 5485 -edge_368_0_-disjointig_232_0_10466 173 5464 10466 -1 -1 5159 0.00281683
Chain
	Aln	95	+68e6b6c4-2f68-4a3a-8c8a-a1f915c7f17e 11 2274 2280 -edge_48_0_+disjointig_119_0_7447 2852 5308 7447 -1 -1 1587 0.0160675
Chain
	Aln	94	-68e6b6c4-2f68-4a3a-8c8a-a1f915c7f17e 5 2268 2280 +edge_48_0_+disjointig_119_0_7447 2138 4594 7447 -1 -1 1587 0.0160675
Chain
	Aln	385	+08feb33a-df38-4b1a-8ddd-9ff543b486e1 6 4361 4364 -edge_193_0_+disjointig_244_0_6238 1881 6235 6238 -1 -1 4307 0.000218253
Chain
	Aln	384	-08feb33a-df38-4b1a-8ddd-9ff543b486e1 2 4357 4364 +edge_193_0_+disjointig_244_0_6238 2 4356 6238 -1 -1 4307 0.000218253
Chain
	Aln	180	+5905abdc-0e6f-4243-a059-77d60b38887b 16 1157 1159 +edge_91_0_+disjointig_161_0_18481 13411 14555 18481 -1 -1 1122 0.00549399
Chain
	Aln	181	-5905abdc-0e6f-4243-a059-77d60b38887b 1 1142 1159 -edge_91_0_+disjointig_161_0_18481 3925 5069 18481 -1 -1 1122 0.00549399
Chain
	Aln	341	+4433881c-0edc-4dc4-9286-3a9f51311d4e 7 1011 1016 -edge_171_0_+disjointig_224_0_11833 10819 11823 11833 -1 -1 1004 3.52543e-05
Chain
	Aln	340	-4433881c-0edc-4dc4-9286-3a9f51311d4e 4 1008 1016 +edge_171_0_+disjointig_224_0_11833 9 1013 11833 -1 -1 1004 3.52543e-05
Chain
	Aln	142	+e7b32db9-a55f-4c4e-86d1-5528355cd5a2 4 1502 1506 +edge_72_0_+disjointig_142_0_7073 3620 5118 7073 -1 -1 1468 0.00281863
Chain
	Aln	143	-e7b32db9-a55f-4c4e-86d1-5528355cd5a2 3 1501 1506 -edge_72_0_+disjointig_142_0_7073 1954 3452 7073 -1 -1 1468 0.00281863
Chain
	Aln	738	+97b2b161-4e37-4308-83aa-563a5b89b5ce 17 2815 2819 +edge_370_0_-disjointig_66_3457_23755 7180 9994 20298 -1 -1 2481 0.0130298
Chain
	Aln	739	-97b2b161-4e37-4308-83aa-563a5b89b5ce 3 2801 2819 -edge_370_0_-disjointig_66_3457_23755 10303 13117 20298 -1 -1 2481 0.0130298
Chain
	Aln	440	+39afbf31-eb2b-404d-a5a3-781765a733df 1 5044 5049 +edge_221_0_+disjointig_268_0_5413 1 5049 5413 -1 -1 4914 0.00246821
Chain
	Aln	441	-39afbf31-eb2b-404d-a5a3-781765a733df 4 5047 5049 -edge_221_0_+disjointig_268_0_5413 363 5411 5413 -1 -1 4914 0.00246821
Chain
	Aln	235	+230fba56-df66-42a8-bdd9-8e22aa62a200 5 1542 1547 -edge_118_0_+disjointig_184_0_7014 2243 3786 7014 -1 -1 1507 0.00211298
Chain
	Aln	234	-230fba56-df66-42a8-bdd9-8e22aa62a200 4 1541 1547 +edge_118_0_+disjointig_184_0_7014 3227 4770 7014 -1 -1 1507 0.00211298
Chain
	Aln	123	+19dc075c-3fb6-4d5e-a954-f8558513383f 11 7530 8627 -edge_62_0_+disjointig_133_0_7544 10 7543 7544 -1 -1 7200 0.00379477
Chain
	Aln	122	-19dc075c-3fb6-4d5e-a954-f8558513383f 1096 8615 8627 +edge_62_0_+disjointig_133_0_7544 0 7533 7544 -1 -1 7200 0.00379477
Chain
	Aln	50	+093834a1-7fd5-40ee-8b8e-770bc333bb3e 6 5150 5400 +edge_26_0_+disjointig_110_0_5900 748 5894 5900 -1 -1 4980 0.00333186
Chain
	Aln	51	-093834a1-7fd5-40ee-8b8e-770bc333bb3e 249 5393 5400 -edge_26_0_+disjointig_110_0_5900 5 5151 5900 -1 -1 4980 0.00333186
Chain
	Aln	644	+f97a9dcf-8450-401b-8590-c373e0a697e5 3 1733 1735 +edge_323_0_+disjointig_54_0_13403 11246 12976 13403 -1 -1 1698 0.000905534
Chain
	Aln	645	-f97a9dcf-8450-401b-8590-c373e0a697e5 1 1731 1735 -edge_323_0_+disjointig_54_0_13403 426 2156 13403 -1 -1 1698 0.000905534
Chain
	Aln	743	+2c117a66-f941-49f9-a12f-b5a266149521 6 1284 1289 -edge_372_0_+disjointig_48_0_14826 5401 6679 14826 -1 -1 1229 0.00442778
Chain
	Aln	742	-2c117a66-f941-49f9-a12f-b5a266149521 4 1282 1289 +edge_372_0_+disjointig_48_0_14826 8146 9424 14826 -1 -1 1229 0.00442778
Chain
	Aln	6	+2c010ac9-1dda-4965-ba98-36d787e8a6c0 6 1970 1974 +edge_4_0_+disjointig_10_0_20168 11161 13120 20168 -1 -1 1845 0.00557963
Chain
	Aln	7	-2c010ac9-1dda-4965-ba98-36d787e8a6c0 3 1967 1974 -edge_4_0_+disjointig_10_0_20168 7047 9006 20168 -1 -1 1845 0.00557963
Chain
	Aln	753	+d34bb0dd-d001-4ef0-a150-36a6a8ad7aa1 10 1275 1281 -edge_377_0_+disjointig_28_27669_32566 3049 4313 4897 -1 -1 1242 0.00382636
Chain
	Aln	752	-d34bb0dd-d001-4ef0-a150-36a6a8ad7aa1 5 1270 1281 +edge_377_0_+disjointig_28_27669_32566 583 1847 4897 -1 -1 1242 0.00382636
Chain
	Aln	229	+da6ddf5e-b754-4ee8-8872-4337af3db82e 10 3435 3439 -edge_115_0_+disjointig_181_0_5172 9 3433 5172 -1 -1 3419 0
Chain
	Aln	228	-da6ddf5e-b754-4ee8-8872-4337af3db82e 3 3428 3439 +edge_115_0_+disjointig_181_0_5172 1738 5162 5172 -1 -1 3419 0
Chain
	Aln	43	+fbaebc5e-619f-4d78-bbd2-f801dbc2d4b7 31 3594 3611 -edge_22_0_+disjointig_107_0_25761 2513 6098 25761 -1 -1 3365 0.00632185
Chain
	Aln	42	-fbaebc5e-619f-4d78-bbd2-f801dbc2d4b7 16 3579 3611 +edge_22_0_+disjointig_107_0_25761 19662 23247 25761 -1 -1 3365 0.00632185
Chain
	Aln	152	+914a68af-0d06-4927-a2fb-6720fa5f2687 15 1156 1161 +edge_77_0_+disjointig_147_0_20037 8623 9763 20037 -1 -1 1117 0.00260306
Chain
	Aln	153	-914a68af-0d06-4927-a2fb-6720fa5f2687 4 1145 1161 -edge_77_0_+disjointig_147_0_20037 10273 11413 20037 -1 -1 1117 0.00260306
Chain
	Aln	563	+ce5d3e91-3233-4c72-a3ec-01aac5e0310e 7 3154 3157 -edge_282_0_+disjointig_312_0_5422 2270 5419 5422 -1 -1 3106 0.00126762
Chain
	Aln	562	-ce5d3e91-3233-4c72-a3ec-01aac5e0310e 2 3149 3157 +edge_282_0_+disjointig_312_0_5422 2 3151 5422 -1 -1 3106 0.00126762
Chain
	Aln	39	+c27befe7-fe9d-474d-8249-143eafb76a09 12 6095 6100 -edge_20_0_+disjointig_105_0_37299 1627 7708 37299 -1 -1 6044 0.000447196
Chain
	Aln	38	-c27befe7-fe9d-474d-8249-143eafb76a09 4 6087 6100 +edge_20_0_+disjointig_105_0_37299 29590 35671 37299 -1 -1 6044 0.000447196
Chain
	Aln	519	+f0556227-27fb-4bb1-b733-668d6c66b717 1 1959 1962 -edge_260_0_+disjointig_297_0_2565 329 2296 2565 -1 -1 1868 0.00640015
Chain
	Aln	518	-f0556227-27fb-4bb1-b733-668d6c66b717 2 1960 1962 +edge_260_0_+disjointig_297_0_2565 268 2235 2565 -1 -1 1868 0.00640015
Chain
	Aln	239	+cf0dc0aa-e9bc-4185-ad40-e53728f4e0e2 4 4658 4662 -edge_120_0_+disjointig_186_0_20482 8064 12714 20482 -1 -1 4626 0.000360608
Chain
	Aln	238	-cf0dc0aa-e9bc-4185-ad40-e53728f4e0e2 3 4657 4662 +edge_120_0_+disjointig_186_0_20482 7767 12417 20482 -1 -1 4626 0.000360608
Chain
	Aln	484	+338118c7-f4d2-4bea-8b87-fe773f26bc2a 9 2180 2191 +edge_243_0_+disjointig_49_7193_20010 10532 12706 12817 -1 -1 2159 4.89326e-05
Chain
	Aln	485	-338118c7-f4d2-4bea-8b87-fe773f26bc2a 10 2181 2191 -edge_243_0_+disjointig_49_7193_20010 110 2284 12817 -1 -1 2159 4.89326e-05
Chain
	Aln	327	+e963068c-04c7-41df-9978-7644df1d0772 10 2824 2828 -edge_164_0_+disjointig_218_0_16787 13972 16783 16787 -1 -1 2783 0.00133029
Chain
	Aln	326	-e963068c-04c7-41df-9978-7644df1d0772 3 2817 2828 +edge_164_0_+disjointig_218_0_16787 3 2814 16787 -1 -1 2783 0.00133029
Chain
	Aln	698	+055db547-436e-4b07-93f6-a28a6ce0e4d8 3 4740 4743 +edge_350_0_+disjointig_86_0_7057 1623 6361 7057 -1 -1 4694 0.00176445
Chain
	Aln	699	-055db547-436e-4b07-93f6-a28a6ce0e4d8 2 4739 4743 -edge_350_0_+disjointig_86_0_7057 695 5433 7057 -1 -1 4694 0.00176445
Chain
	Aln	753	+1684244a-b9db-4609-9604-8c1413f69aa4 12 2069 2072 -edge_377_3_-disjointig_41_21233_26118 896 2954 4885 -1 -1 2038 0.000679529
Chain
	Aln	752	-1684244a-b9db-4609-9604-8c1413f69aa4 2 2059 2072 +edge_377_3_-disjointig_41_21233_26118 1930 3988 4885 -1 -1 2038 0.000679529
Chain
	Aln	156	+dbd430a1-9984-474c-abcf-5a85a333a155 0 1292 1311 +edge_79_0_+disjointig_149_0_13469 12031 13320 13469 -1 -1 1288 0.00213355
Chain
	Aln	157	-dbd430a1-9984-474c-abcf-5a85a333a155 18 1310 1311 -edge_79_0_+disjointig_149_0_13469 148 1437 13469 -1 -1 1288 0.00213355
Chain
	Aln	6	+b089a8b6-6663-47cd-9d7f-35a11bdce06f 10 3359 3362 +edge_4_0_+disjointig_10_0_20168 10529 13884 20168 -1 -1 3330 0.000440682
Chain
	Aln	7	-b089a8b6-6663-47cd-9d7f-35a11bdce06f 2 3351 3362 -edge_4_0_+disjointig_10_0_20168 6283 9638 20168 -1 -1 3330 0.000440682
Chain
	Aln	423	+12d5d4de-3412-4f9e-a4d9-e7691cb8b358 10 6255 6260 -edge_212_0_+disjointig_261_0_30460 14886 21146 30460 -1 -1 6123 0.00191989
Chain
	Aln	422	-12d5d4de-3412-4f9e-a4d9-e7691cb8b358 4 6249 6260 +edge_212_0_+disjointig_261_0_30460 9313 15573 30460 -1 -1 6123 0.00191989
Chain
	Aln	546	+12b326a8-6f54-4259-8b07-68dbc6187247 2 1787 1790 +edge_274_0_+disjointig_307_0_4759 533 2316 4759 -1 -1 1767 0
Chain
	Aln	547	-12b326a8-6f54-4259-8b07-68dbc6187247 2 1787 1790 -edge_274_0_+disjointig_307_0_4759 2442 4225 4759 -1 -1 1767 0
Chain
	Aln	549	+43c70a0f-4bc3-43ba-9829-cd1f02c79e14 25 2644 2646 -edge_275_0_+disjointig_308_0_6668 4048 6666 6668 -1 -1 2559 0.00189295
Chain
	Aln	548	-43c70a0f-4bc3-43ba-9829-cd1f02c79e14 1 2620 2646 +edge_275_0_+disjointig_308_0_6668 1 2619 6668 -1 -1 2559 0.00189295
Chain
	Aln	753	+c01255a8-4de9-44d0-b9f6-d92ee04f0066 33 2983 5788 -edge_377_2_-disjointig_292_6900_11748 1900 4847 4848 -1 -1 2855 0.00410665
Chain
	Aln	752	-c01255a8-4de9-44d0-b9f6-d92ee04f0066 2804 5754 5788 +edge_377_2_-disjointig_292_6900_11748 0 2947 4848 -1 -1 2855 0.00410665
Chain
	Aln	453	+390320e9-5d2e-4772-b523-8dfa8e2e48c2 14 2514 2516 -edge_227_0_+disjointig_273_0_2515 13 2513 2515 -1 -1 2491 0.000581286
Chain
	Aln	452	-390320e9-5d2e-4772-b523-8dfa8e2e48c2 1 2501 2516 +edge_227_0_+disjointig_273_0_2515 1 2501 2515 -1 -1 2491 0.000581286
Chain
	Aln	639	+be4c00fc-b359-4eb6-a78d-4c768c48d5bb 11 2000 2005 -edge_320_0_+disjointig_51_0_24344 6388 8372 24344 -1 -1 1950 0.00195142
Chain
	Aln	638	-be4c00fc-b359-4eb6-a78d-4c768c48d5bb 4 1993 2005 +edge_320_0_+disjointig_51_0_24344 15971 17955 24344 -1 -1 1950 0.00195142
Chain
	Aln	485	+278e39c3-29ed-4f7b-96df-1cb7a8ddffb6 4 3187 3192 -edge_243_0_+disjointig_49_7193_20010 7795 10977 12817 -1 -1 3176 0.00168925
Chain
	Aln	484	-278e39c3-29ed-4f7b-96df-1cb7a8ddffb6 4 3187 3192 +edge_243_0_+disjointig_49_7193_20010 1839 5021 12817 -1 -1 3176 0.00168925
Chain
	Aln	590	+2187d310-34c9-47e7-beae-8af195cc9af5 9 1509 1515 +edge_296_0_+disjointig_323_0_10102 7582 9089 10102 -1 -1 1477 0.000724291
Chain
	Aln	591	-2187d310-34c9-47e7-beae-8af195cc9af5 5 1505 1515 -edge_296_0_+disjointig_323_0_10102 1012 2519 10102 -1 -1 1477 0.000724291
Chain
	Aln	765	+ee7fe655-4ba1-4991-b134-5f83b68e288d 16 3728 3731 -edge_383_0_+disjointig_37_1412_10185 971 4694 8773 -1 -1 3564 0.00559699
Chain
	Aln	764	-ee7fe655-4ba1-4991-b134-5f83b68e288d 2 3714 3731 +edge_383_0_+disjointig_37_1412_10185 4078 7801 8773 -1 -1 3564 0.00559699
Chain
	Aln	753	+d4b7396d-3912-43d5-9dc0-553ac0957982 8 1445 1454 -edge_377_5_+disjointig_57_43737_48788 2839 4271 5051 -1 -1 1415 0.00364197
Chain
	Aln	752	-d4b7396d-3912-43d5-9dc0-553ac0957982 8 1445 1454 +edge_377_5_+disjointig_57_43737_48788 779 2211 5051 -1 -1 1415 0.00364197
Chain
	Aln	192	+156b41ad-c649-4a8a-bfa7-172f19e1f73c 13 4473 4477 +edge_97_0_+disjointig_165_0_15540 8767 13228 15540 -1 -1 4301 0.00391904
Chain
	Aln	193	-156b41ad-c649-4a8a-bfa7-172f19e1f73c 3 4463 4477 -edge_97_0_+disjointig_165_0_15540 2311 6772 15540 -1 -1 4301 0.00391904
Chain
	Aln	418	+f857b9cf-3a47-446d-8bd4-cdba7f7cd093 5 1114 1119 +edge_210_0_+disjointig_26_0_12157 3360 4470 12157 -1 -1 1101 0.00497754
Chain
	Aln	419	-f857b9cf-3a47-446d-8bd4-cdba7f7cd093 4 1113 1119 -edge_210_0_+disjointig_26_0_12157 7686 8796 12157 -1 -1 1101 0.00497754
Chain
	Aln	422	+5bd6efb6-0718-4951-b4ca-bef5ee4a1366 11 1082 1085 +edge_212_0_+disjointig_261_0_30460 28583 29659 30460 -1 -1 1069 0
Chain
	Aln	423	-5bd6efb6-0718-4951-b4ca-bef5ee4a1366 2 1073 1085 -edge_212_0_+disjointig_261_0_30460 800 1876 30460 -1 -1 1069 0
Chain
	Aln	284	+378aff48-2c52-4c99-950b-5437118961bf 16 1864 2845 +edge_143_0_+disjointig_205_0_5128 3272 5122 5128 -1 -1 1816 0.00260933
Chain
	Aln	285	-378aff48-2c52-4c99-950b-5437118961bf 980 2828 2845 -edge_143_0_+disjointig_205_0_5128 5 1855 5128 -1 -1 1816 0.00260933
Chain
	Aln	744	+783df1f4-47ba-48fa-a5e3-e581cc2d00a5 13 1181 1185 +edge_373_0_+disjointig_92_0_14318 9110 10278 14318 -1 -1 1164 0.000798386
Chain
	Aln	745	-783df1f4-47ba-48fa-a5e3-e581cc2d00a5 3 1171 1185 -edge_373_0_+disjointig_92_0_14318 4039 5207 14318 -1 -1 1164 0.000798386
Chain
	Aln	446	+70a341c5-dee7-405e-b39a-0a224e962347 207 1642 1647 +edge_224_0_+disjointig_270_0_6187 1 1437 6187 -1 -1 1409 0.00264839
Chain
	Aln	447	-70a341c5-dee7-405e-b39a-0a224e962347 4 1439 1647 -edge_224_0_+disjointig_270_0_6187 4749 6185 6187 -1 -1 1409 0.00264839
Chain
	Aln	16	+c8ea98b5-7321-4dc5-921e-271317a75de4 7 1044 3447 +edge_9_2_+disjointig_7_2707_4165 414 1449 1458 -1 -1 1012 0.0022617
Chain
	Aln	17	-c8ea98b5-7321-4dc5-921e-271317a75de4 2402 3439 3447 -edge_9_2_+disjointig_7_2707_4165 8 1043 1458 -1 -1 1012 0.0022617
Chain
	Aln	596	+aa7b1b6d-fa96-4674-b7af-bb352d2e57a4 11 1266 1269 +edge_299_0_+disjointig_326_0_5557 2547 3802 5557 -1 -1 1255 0.0044642
Chain
	Aln	597	-aa7b1b6d-fa96-4674-b7af-bb352d2e57a4 2 1257 1269 -edge_299_0_+disjointig_326_0_5557 1754 3009 5557 -1 -1 1255 0.0044642
Chain
	Aln	714	+293fda67-e4d7-4131-a302-0d8280d3ff92 26 3479 3481 +edge_358_0_+disjointig_95_0_21066 10952 14405 21066 -1 -1 3426 0
Chain
	Aln	715	-293fda67-e4d7-4131-a302-0d8280d3ff92 1 3454 3481 -edge_358_0_+disjointig_95_0_21066 6660 10113 21066 -1 -1 3426 0
Chain
	Aln	115	+82766dba-86f1-4185-93f5-9ec192d69000 10 1407 1413 -edge_58_0_+disjointig_13_0_5764 1733 3139 5764 -1 -1 1264 0.00869031
Chain
	Aln	114	-82766dba-86f1-4185-93f5-9ec192d69000 5 1402 1413 +edge_58_0_+disjointig_13_0_5764 2624 4030 5764 -1 -1 1264 0.00869031
Chain
	Aln	128	+7fe668e1-cb23-49bb-ab87-fc11c12f4cf2 10 1588 1593 +edge_65_0_+disjointig_137_0_9196 6056 7631 9196 -1 -1 1562 0.00171478
Chain
	Aln	129	-7fe668e1-cb23-49bb-ab87-fc11c12f4cf2 4 1582 1593 -edge_65_0_+disjointig_137_0_9196 1564 3139 9196 -1 -1 1562 0.00171478
Chain
	Aln	423	+682ace45-d9fc-4af2-946b-34c4c3514a2a 16 1757 1776 -edge_212_0_+disjointig_261_0_30460 12651 14395 30460 -1 -1 1730 0.00292265
Chain
	Aln	422	-682ace45-d9fc-4af2-946b-34c4c3514a2a 18 1759 1776 +edge_212_0_+disjointig_261_0_30460 16064 17808 30460 -1 -1 1730 0.00292265
Chain
	Aln	608	+cabb2969-cbe0-4720-aefd-e50fa6643efe 9 7555 7559 +edge_305_0_+disjointig_35_0_17453 5128 12672 17453 -1 -1 7477 0.000117038
Chain
	Aln	609	-cabb2969-cbe0-4720-aefd-e50fa6643efe 3 7549 7559 -edge_305_0_+disjointig_35_0_17453 4780 12324 17453 -1 -1 7477 0.000117038
Chain
	Aln	249	+d1b18e3a-ee7e-466f-a110-bb56abfc6fa1 5 2715 2717 -edge_125_0_+disjointig_191_0_4937 2216 4935 4937 -1 -1 2661 0.00159365
Chain
	Aln	248	-d1b18e3a-ee7e-466f-a110-bb56abfc6fa1 1 2711 2717 +edge_125_0_+disjointig_191_0_4937 1 2720 4937 -1 -1 2661 0.00159365
Chain
	Aln	67	+5775fbef-f4f5-40d3-b22c-a05241679f90 12 1780 1787 -edge_34_0_+disjointig_112_4217_16689 6159 7933 12472 -1 -1 1748 0.00219286
Chain
	Aln	66	-5775fbef-f4f5-40d3-b22c-a05241679f90 6 1774 1787 +edge_34_0_+disjointig_112_4217_16689 4538 6312 12472 -1 -1 1748 0.00219286
Chain
	Aln	575	+3d64dc6d-98c5-43d5-9969-f64cc3152e40 7 3858 3860 -edge_288_0_+disjointig_318_0_5839 1992 5837 5839 -1 -1 3811 0.000296175
Chain
	Aln	574	-3d64dc6d-98c5-43d5-9969-f64cc3152e40 1 3852 3860 +edge_288_0_+disjointig_318_0_5839 1 3846 5839 -1 -1 3811 0.000296175
Chain
	Aln	619	+efafcabc-8c43-44f3-a4a6-9607fe828dde 9 5458 5461 -edge_310_0_+disjointig_39_0_32732 21366 26818 32732 -1 -1 5410 0.000772584
Chain
	Aln	618	-efafcabc-8c43-44f3-a4a6-9607fe828dde 2 5451 5461 +edge_310_0_+disjointig_39_0_32732 5913 11365 32732 -1 -1 5410 0.000772584
Chain
	Aln	284	+f11e33af-b9b0-449b-bb4d-e17490343acb 543 5665 5672 +edge_143_0_+disjointig_205_0_5128 1 5122 5128 -1 -1 5115 0.0005117
Chain
	Aln	285	-f11e33af-b9b0-449b-bb4d-e17490343acb 6 5128 5672 -edge_143_0_+disjointig_205_0_5128 5 5126 5128 -1 -1 5115 0.0005117
Chain
	Aln	665	+328a194f-5db2-4c34-8752-4ef2c2003fb7 7 2740 2750 -edge_333_0_+disjointig_65_0_11933 335 3076 11933 -1 -1 2710 0
Chain
	Aln	664	-328a194f-5db2-4c34-8752-4ef2c2003fb7 9 2742 2750 +edge_333_0_+disjointig_65_0_11933 8856 11597 11933 -1 -1 2710 0
Chain
	Aln	753	+79484aee-8eda-43b4-83de-a1f909b03771 2279 4327 4347 -edge_377_1_+disjointig_28_33393_38243 14 2064 4850 -1 -1 1922 0.00543845
Chain
	Aln	752	-79484aee-8eda-43b4-83de-a1f909b03771 19 2067 4347 +edge_377_1_+disjointig_28_33393_38243 2785 4835 4850 -1 -1 1922 0.00543845
Chain
	Aln	490	+02c61ad4-f995-48a7-a9e9-ba42e092d16e 3 2258 2356 +edge_246_0_+disjointig_282_0_7495 5231 7490 7495 -1 -1 2162 0.00489947
Chain
	Aln	491	-02c61ad4-f995-48a7-a9e9-ba42e092d16e 97 2352 2356 -edge_246_0_+disjointig_282_0_7495 4 2263 7495 -1 -1 2162 0.00489947
Chain
	Aln	752	+69b10f0b-4ed1-4670-9d23-bd6bdef37601 21 1499 1508 +edge_377_0_+disjointig_28_27669_32566 1485 2967 4897 -1 -1 1445 0.00356571
Chain
	Aln	753	-69b10f0b-4ed1-4670-9d23-bd6bdef37601 8 1486 1508 -edge_377_0_+disjointig_28_27669_32566 1929 3411 4897 -1 -1 1445 0.00356571
Chain
	Aln	747	+cf9b0f5e-0975-4506-91da-cfbf03665f18 19 1099 5111 -edge_374_0_+disjointig_236_4011_12218 7129 8206 8207 -1 -1 1052 0
	Aln	745	+cf9b0f5e-0975-4506-91da-cfbf03665f18 1111 5064 5111 -edge_373_0_+disjointig_92_0_14318 11 3964 14318 -1 -1 3820 0.00346446
Chain
	Aln	744	-cf9b0f5e-0975-4506-91da-cfbf03665f18 46 3999 5111 +edge_373_0_+disjointig_92_0_14318 10353 14306 14318 -1 -1 3820 0.00346446
	Aln	746	-cf9b0f5e-0975-4506-91da-cfbf03665f18 4011 5091 5111 +edge_374_0_+disjointig_236_4011_12218 0 1077 8207 -1 -1 1052 0
Chain
	Aln	208	+4322b8c8-9578-4fa6-a52f-3b9f7391cc2a 912 5322 5333 +edge_105_0_+disjointig_171_0_8870 35 4442 8870 -1 -1 4368 0.00186033
Chain
	Aln	209	-4322b8c8-9578-4fa6-a52f-3b9f7391cc2a 10 4420 5333 -edge_105_0_+disjointig_171_0_8870 4427 8834 8870 -1 -1 4368 0.00186033
Chain
	Aln	145	+f4be5ee3-6f03-470c-827c-93e9f6dca8bc 5 2538 2540 -edge_73_0_+disjointig_143_0_14652 821 3354 14652 -1 -1 2533 0.00109124
Chain
	Aln	144	-f4be5ee3-6f03-470c-827c-93e9f6dca8bc 1 2534 2540 +edge_73_0_+disjointig_143_0_14652 11297 13830 14652 -1 -1 2533 0.00109124
Chain
	Aln	140	+a4e474f2-82aa-44e1-b848-864609231a61 14 1617 1619 +edge_71_0_+disjointig_140_0_13641 10629 12230 13641 -1 -1 1574 0.00457527
Chain
	Aln	141	-a4e474f2-82aa-44e1-b848-864609231a61 1 1604 1619 -edge_71_0_+disjointig_140_0_13641 1410 3011 13641 -1 -1 1574 0.00457527
Chain
	Aln	130	+c4a3a19d-7d1a-4e20-a34c-2fc64e30df51 16 1321 1368 +edge_66_0_+disjointig_138_0_38214 30675 31950 38214 -1 -1 1128 0.00817299
Chain
	Aln	131	-c4a3a19d-7d1a-4e20-a34c-2fc64e30df51 46 1351 1368 -edge_66_0_+disjointig_138_0_38214 6263 7538 38214 -1 -1 1128 0.00817299
Chain
	Aln	697	+d5f45ec5-4ff0-41ce-a493-6b54b1f47315 8 1641 1666 -edge_349_0_+disjointig_85_0_17144 11437 13069 17144 -1 -1 1602 0
Chain
	Aln	696	-d5f45ec5-4ff0-41ce-a493-6b54b1f47315 24 1657 1666 +edge_349_0_+disjointig_85_0_17144 4074 5706 17144 -1 -1 1602 0
Chain
	Aln	301	+c5c8040a-d1df-4c74-8dae-d133657b777d 10 2748 2750 -edge_151_0_+disjointig_21_0_26556 419 3172 26556 -1 -1 2673 0.00232465
Chain
	Aln	300	-c5c8040a-d1df-4c74-8dae-d133657b777d 1 2739 2750 +edge_151_0_+disjointig_21_0_26556 23383 26136 26556 -1 -1 2673 0.00232465
Chain
	Aln	660	+3a0599a6-f59b-4edc-a054-241bbdabd447 8 1864 1866 +edge_331_0_+disjointig_63_0_33738 12148 14005 33738 -1 -1 1854 0.000145004
Chain
	Aln	661	-3a0599a6-f59b-4edc-a054-241bbdabd447 1 1857 1866 -edge_331_0_+disjointig_63_0_33738 19732 21589 33738 -1 -1 1854 0.000145004
Chain
	Aln	606	+8551f098-59ca-4557-8713-a0b38dc438a5 7 4277 4286 +edge_304_0_+disjointig_34_0_21728 8174 12446 21728 -1 -1 4259 0.00184061
Chain
	Aln	607	-8551f098-59ca-4557-8713-a0b38dc438a5 8 4278 4286 -edge_304_0_+disjointig_34_0_21728 9281 13553 21728 -1 -1 4259 0.00184061
Chain
	Aln	722	+cff55fed-6b47-4105-a09f-6d2e07898d28 18 5650 5655 +edge_362_0_-disjointig_20_7328_27800 5620 11249 20472 -1 -1 5530 0.0032891
Chain
	Aln	723	-cff55fed-6b47-4105-a09f-6d2e07898d28 4 5636 5655 -edge_362_0_-disjointig_20_7328_27800 9222 14851 20472 -1 -1 5530 0.0032891
Chain
	Aln	677	+9853845b-7558-48fc-942f-715e3af196bb 233 1797 1801 -edge_339_0_+disjointig_74_0_6552 13 1578 6552 -1 -1 1561 0.00272829
Chain
	Aln	676	-9853845b-7558-48fc-942f-715e3af196bb 3 1567 1801 +edge_339_0_+disjointig_74_0_6552 4973 6538 6552 -1 -1 1561 0.00272829
Chain
	Aln	647	+6d7d0da3-60af-4c07-b495-738b6a401c60 5 1848 1855 -edge_324_0_+disjointig_55_0_20283 1659 3516 20283 -1 -1 1821 0
Chain
	Aln	646	-6d7d0da3-60af-4c07-b495-738b6a401c60 6 1849 1855 +edge_324_0_+disjointig_55_0_20283 16766 18623 20283 -1 -1 1821 0
Chain
	Aln	119	+b2280c23-e839-4bd4-a9c2-7f94011c436f 8 1387 1389 -edge_60_0_+disjointig_131_0_25925 9477 10856 25925 -1 -1 1379 3.01032e-05
Chain
	Aln	118	-b2280c23-e839-4bd4-a9c2-7f94011c436f 1 1380 1389 +edge_60_0_+disjointig_131_0_25925 15068 16447 25925 -1 -1 1379 3.01032e-05
Chain
	Aln	176	+f68fa074-e751-402e-8e73-00ad83518071 13 1403 1409 +edge_89_0_+disjointig_159_0_7388 3509 4899 7388 -1 -1 1390 2.87435e-05
Chain
	Aln	177	-f68fa074-e751-402e-8e73-00ad83518071 5 1395 1409 -edge_89_0_+disjointig_159_0_7388 2488 3878 7388 -1 -1 1390 2.87435e-05
Chain
	Aln	327	+e57d3753-1fed-45d7-91d3-0ec27a1f2caf 2 3303 3326 -edge_164_0_+disjointig_218_0_16787 2440 5750 16787 -1 -1 3276 0.00233646
Chain
	Aln	326	-e57d3753-1fed-45d7-91d3-0ec27a1f2caf 22 3323 3326 +edge_164_0_+disjointig_218_0_16787 11036 14346 16787 -1 -1 3276 0.00233646
Chain
	Aln	110	+8fdcfed2-ec83-4964-a830-e79d582d0409 12 4228 4230 +edge_56_0_+disjointig_127_0_7260 1685 5911 7260 -1 -1 4145 0.000503024
Chain
	Aln	111	-8fdcfed2-ec83-4964-a830-e79d582d0409 1 4217 4230 -edge_56_0_+disjointig_127_0_7260 1348 5574 7260 -1 -1 4145 0.000503024
Chain
	Aln	237	+359f51bb-53cf-4451-a7e7-25a77637b396 12 1156 1158 -edge_119_0_+disjointig_185_0_14469 1435 2579 14469 -1 -1 1119 0.00426204
Chain
	Aln	236	-359f51bb-53cf-4451-a7e7-25a77637b396 1 1145 1158 +edge_119_0_+disjointig_185_0_14469 11889 13033 14469 -1 -1 1119 0.00426204
Chain
	Aln	742	+a327b81b-81f9-4958-b175-0a0eff0437c0 11 7192 11914 +edge_372_0_+disjointig_48_0_14826 7637 14817 14826 -1 -1 7073 0.00144078
	Aln	296	+a327b81b-81f9-4958-b175-0a0eff0437c0 7202 11905 11914 +edge_149_0_+disjointig_48_14826_21803 1 4704 6977 -1 -1 4634 0.00385022
Chain
	Aln	297	-a327b81b-81f9-4958-b175-0a0eff0437c0 8 4711 11914 -edge_149_0_+disjointig_48_14826_21803 2272 6975 6977 -1 -1 4634 0.00385022
	Aln	743	-a327b81b-81f9-4958-b175-0a0eff0437c0 4721 11902 11914 -edge_372_0_+disjointig_48_0_14826 8 7188 14826 -1 -1 7073 0.00144078
Chain
	Aln	157	+a7a2171c-4f01-4a34-b1e1-1d4cba6ca926 67 1978 1996 -edge_79_0_+disjointig_149_0_13469 1453 3376 13469 -1 -1 1249 0.0389143
Chain
	Aln	156	-a7a2171c-4f01-4a34-b1e1-1d4cba6ca926 17 1928 1996 +edge_79_0_+disjointig_149_0_13469 10092 12015 13469 -1 -1 1249 0.0389143
Chain
	Aln	658	+06e00e0e-9d49-47d1-b27f-6155066f1e49 7 1526 1528 +edge_330_0_+disjointig_62_0_13179 4346 5864 13179 -1 -1 1464 0.00206882
Chain
	Aln	659	-06e00e0e-9d49-47d1-b27f-6155066f1e49 1 1520 1528 -edge_330_0_+disjointig_62_0_13179 7314 8832 13179 -1 -1 1464 0.00206882
Chain
	Aln	553	+c92e79b5-c30b-4af9-8092-60129b7717cb 12 1558 1803 -edge_277_0_+disjointig_310_0_9201 7631 9180 9201 -1 -1 1442 0.00686839
Chain
	Aln	552	-c92e79b5-c30b-4af9-8092-60129b7717cb 244 1790 1803 +edge_277_0_+disjointig_310_0_9201 20 1569 9201 -1 -1 1442 0.00686839
Chain
	Aln	593	+cfd48aa3-e082-45bf-8483-775314faa9c1 10 4306 4312 -edge_297_0_+disjointig_324_0_12963 3070 7371 12963 -1 -1 4251 0.000160881
Chain
	Aln	592	-cfd48aa3-e082-45bf-8483-775314faa9c1 5 4301 4312 +edge_297_0_+disjointig_324_0_12963 5591 9892 12963 -1 -1 4251 0.000160881
Chain
	Aln	7	+9ea54428-8e78-4c74-a073-84847f21af6d 6 2425 2428 -edge_4_0_+disjointig_10_0_20168 13519 15941 20168 -1 -1 2378 0.00126014
Chain
	Aln	6	-9ea54428-8e78-4c74-a073-84847f21af6d 2 2421 2428 +edge_4_0_+disjointig_10_0_20168 4226 6648 20168 -1 -1 2378 0.00126014
Chain
	Aln	374	+97dac6e1-c8ad-437f-9b7f-711377507447 3 1017 1027 +edge_188_0_+disjointig_24_0_14501 8717 9734 14501 -1 -1 971 0.00515132
Chain
	Aln	375	-97dac6e1-c8ad-437f-9b7f-711377507447 9 1023 1027 -edge_188_0_+disjointig_24_0_14501 4766 5783 14501 -1 -1 971 0.00515132
Chain
	Aln	732	+f983dc61-ed5b-492b-a321-a229d3730751 22 1922 1926 +edge_367_0_-disjointig_78_4405_23060 14460 16360 18655 -1 -1 1868 0.0016669
Chain
	Aln	733	-f983dc61-ed5b-492b-a321-a229d3730751 3 1903 1926 -edge_367_0_-disjointig_78_4405_23060 2294 4194 18655 -1 -1 1868 0.0016669
Chain
	Aln	396	+35ce0a6e-f2cc-4159-b032-a6575ab56850 18 1914 1921 +edge_199_0_+disjointig_25_0_3572 1 1894 3572 -1 -1 1881 0.0010185
Chain
	Aln	397	-35ce0a6e-f2cc-4159-b032-a6575ab56850 6 1902 1921 -edge_199_0_+disjointig_25_0_3572 1677 3570 3572 -1 -1 1881 0.0010185
Chain
	Aln	569	+7b102cae-5856-408f-b453-152b915ab098 9 2558 2563 -edge_285_0_+disjointig_315_0_7954 5402 7949 7954 -1 -1 2490 0.00224946
Chain
	Aln	568	-7b102cae-5856-408f-b453-152b915ab098 4 2553 2563 +edge_285_0_+disjointig_315_0_7954 4 2551 7954 -1 -1 2490 0.00224946
Chain
	Aln	85	+8db4e5f2-b6ac-4ddd-8dac-9a53a096c5ae 19 2347 2355 -edge_43_0_+disjointig_116_0_8537 3215 5552 8537 -1 -1 2169 0.00993818
Chain
	Aln	84	-8db4e5f2-b6ac-4ddd-8dac-9a53a096c5ae 7 2335 2355 +edge_43_0_+disjointig_116_0_8537 2984 5321 8537 -1 -1 2169 0.00993818
Chain
	Aln	733	+406b1e02-b299-4f88-8115-f0e9f3a6e4a0 8 3353 3380 -edge_367_0_-disjointig_78_4405_23060 14421 17761 18655 -1 -1 3284 0.00144553
Chain
	Aln	732	-406b1e02-b299-4f88-8115-f0e9f3a6e4a0 26 3371 3380 +edge_367_0_-disjointig_78_4405_23060 893 4233 18655 -1 -1 3284 0.00144553
Chain
	Aln	632	+8bb62b3f-6843-4060-8465-0c10b854dc23 8 1781 1786 +edge_317_0_+disjointig_47_0_6304 1392 3163 6304 -1 -1 1766 0.000108584
Chain
	Aln	633	-8bb62b3f-6843-4060-8465-0c10b854dc23 4 1777 1786 -edge_317_0_+disjointig_47_0_6304 3140 4911 6304 -1 -1 1766 0.000108584
Chain
	Aln	743	+377e0639-9586-44c9-a120-43a3c2b8bab2 24 3077 3085 -edge_372_0_+disjointig_48_0_14826 5758 8809 14826 -1 -1 2873 0.00612545
Chain
	Aln	742	-377e0639-9586-44c9-a120-43a3c2b8bab2 7 3060 3085 +edge_372_0_+disjointig_48_0_14826 6016 9067 14826 -1 -1 2873 0.00612545
Chain
	Aln	419	+79774617-e728-4356-92a7-c6699324fb17 11 1127 1134 -edge_210_0_+disjointig_26_0_12157 3121 4237 12157 -1 -1 1116 0.000123364
Chain
	Aln	418	-79774617-e728-4356-92a7-c6699324fb17 6 1122 1134 +edge_210_0_+disjointig_26_0_12157 7919 9035 12157 -1 -1 1116 0.000123364
Chain
	Aln	323	+8961c9b5-6e8e-42e4-a635-592afd84160e 4 815 1997 -edge_162_0_+disjointig_217_13921_25831 11098 11909 11910 -1 -1 811 0.00249217
	Aln	319	+8961c9b5-6e8e-42e4-a635-592afd84160e 824 1987 1997 -edge_160_0_+disjointig_217_11253_13921 8 1171 2668 -1 -1 1163 0.00139651
Chain
	Aln	318	-8961c9b5-6e8e-42e4-a635-592afd84160e 9 1172 1997 +edge_160_0_+disjointig_217_11253_13921 1496 2659 2668 -1 -1 1163 0.00139651
	Aln	322	-8961c9b5-6e8e-42e4-a635-592afd84160e 1181 1992 1997 +edge_162_0_+disjointig_217_13921_25831 0 811 11910 -1 -1 811 0.00249217
Chain
	Aln	43	+fd984280-7d3a-45fa-8f5c-31af7ef87cb8 31 3456 3477 -edge_22_0_+disjointig_107_0_25761 6756 10219 25761 -1 -1 2377 0.0303425
Chain
	Aln	42	-fd984280-7d3a-45fa-8f5c-31af7ef87cb8 20 3445 3477 +edge_22_0_+disjointig_107_0_25761 15541 19004 25761 -1 -1 2377 0.0303425
Chain
	Aln	633	+f61e1241-f373-416b-a1ce-5bacfdb6a711 9 3371 3380 -edge_317_0_+disjointig_47_0_6304 2446 5806 6304 -1 -1 3348 0
Chain
	Aln	632	-f61e1241-f373-416b-a1ce-5bacfdb6a711 8 3370 3380 +edge_317_0_+disjointig_47_0_6304 497 3857 6304 -1 -1 3348 0
Chain
	Aln	476	+a09f0287-571a-4ba0-bdfb-e0a6fc63a3a3 37 3722 3780 +edge_239_0_+disjointig_41_9827_31060 9918 13602 21233 -1 -1 3664 0.000388375
Chain
	Aln	477	-a09f0287-571a-4ba0-bdfb-e0a6fc63a3a3 57 3742 3780 -edge_239_0_+disjointig_41_9827_31060 7630 11314 21233 -1 -1 3664 0.000388375
Chain
	Aln	639	+be64338c-8e2a-4160-9932-1e52cd8b1303 13 2302 2304 -edge_320_0_+disjointig_51_0_24344 22056 24342 24344 -1 -1 2279 0.000596226
Chain
	Aln	638	-be64338c-8e2a-4160-9932-1e52cd8b1303 1 2290 2304 +edge_320_0_+disjointig_51_0_24344 1 2287 24344 -1 -1 2279 0.000596226
Chain
	Aln	131	+6a3ed460-60f4-4db4-9a03-d9910f453ed3 12 2193 2475 -edge_66_0_+disjointig_138_0_38214 34004 36194 38214 -1 -1 2106 0.00497754
Chain
	Aln	130	-6a3ed460-60f4-4db4-9a03-d9910f453ed3 281 2462 2475 +edge_66_0_+disjointig_138_0_38214 2019 4209 38214 -1 -1 2106 0.00497754
Chain
	Aln	16	+2032634b-f849-42e1-894b-d0411f499ac5 954 2396 2763 +edge_9_1_-disjointig_20_5873_7328 6 1449 1455 -1 -1 1410 0.00412765
Chain
	Aln	17	-2032634b-f849-42e1-894b-d0411f499ac5 366 1808 2763 -edge_9_1_-disjointig_20_5873_7328 5 1448 1455 -1 -1 1410 0.00412765
Chain
	Aln	178	+178e2694-a82e-4c20-ad42-7a54eaea3ea8 14 4129 4137 +edge_90_0_+disjointig_16_0_20838 13707 17826 20838 -1 -1 4074 0.00358044
Chain
	Aln	179	-178e2694-a82e-4c20-ad42-7a54eaea3ea8 7 4122 4137 -edge_90_0_+disjointig_16_0_20838 3011 7130 20838 -1 -1 4074 0.00358044
Chain
	Aln	477	+2ec466ea-0fb7-491a-aa4f-9784e45babc7 10 4850 4853 -edge_239_0_+disjointig_41_9827_31060 2640 7522 21233 -1 -1 4674 0.00233864
Chain
	Aln	476	-2ec466ea-0fb7-491a-aa4f-9784e45babc7 2 4842 4853 +edge_239_0_+disjointig_41_9827_31060 13710 18592 21233 -1 -1 4674 0.00233864
Chain
	Aln	443	+b3bc82c3-f8bf-4e68-b75d-e583e24e27e3 12 1200 1202 -edge_222_0_+disjointig_269_0_6543 1828 3015 6543 -1 -1 1176 0.000681941
Chain
	Aln	442	-b3bc82c3-f8bf-4e68-b75d-e583e24e27e3 1 1189 1202 +edge_222_0_+disjointig_269_0_6543 3527 4714 6543 -1 -1 1176 0.000681941
Chain
	Aln	719	+5992c174-18a2-4e11-9a3a-114c50e1b3c3 12 3718 3720 -edge_360_0_+disjointig_99_0_3700 11 3698 3700 -1 -1 3272 0.00848473
Chain
	Aln	718	-5992c174-18a2-4e11-9a3a-114c50e1b3c3 1 3707 3720 +edge_360_0_+disjointig_99_0_3700 1 3688 3700 -1 -1 3272 0.00848473
Chain
	Aln	759	+d5d3cfb5-6e96-4f28-93ff-3357c4e893c8 5 5883 5888 -edge_380_0_+disjointig_98_1472_24422 7942 13823 22950 -1 -1 5837 0.00137903
Chain
	Aln	758	-d5d3cfb5-6e96-4f28-93ff-3357c4e893c8 4 5882 5888 +edge_380_0_+disjointig_98_1472_24422 9126 15007 22950 -1 -1 5837 0.00137903
Chain
	Aln	49	+752b39b0-916d-4b83-b7bc-12d83770bafe 4 2873 2882 -edge_25_0_+disjointig_11_0_10209 5185 8056 10209 -1 -1 2866 0.000653383
Chain
	Aln	48	-752b39b0-916d-4b83-b7bc-12d83770bafe 8 2877 2882 +edge_25_0_+disjointig_11_0_10209 2152 5023 10209 -1 -1 2866 0.000653383
Chain
	Aln	240	+2cafc35d-cee1-40ea-a81f-43bc998bbc75 13 1060 1064 +edge_121_0_+disjointig_187_0_18602 11548 12595 18602 -1 -1 1047 0
Chain
	Aln	241	-2cafc35d-cee1-40ea-a81f-43bc998bbc75 3 1050 1064 -edge_121_0_+disjointig_187_0_18602 6006 7053 18602 -1 -1 1047 0
Chain
	Aln	82	+62885158-5d45-4d2b-8e76-c096d670c8b9 4 1081 1103 +edge_42_0_+disjointig_115_0_26307 8514 9593 26307 -1 -1 819 0.0205527
Chain
	Aln	83	-62885158-5d45-4d2b-8e76-c096d670c8b9 21 1098 1103 -edge_42_0_+disjointig_115_0_26307 16713 17792 26307 -1 -1 819 0.0205527
Chain
	Aln	646	+68e380ee-08ef-40e7-a2a7-0e36ad3abf60 10 9600 9609 +edge_324_0_+disjointig_55_0_20283 10679 20275 20283 -1 -1 9497 0.000904423
Chain
	Aln	647	-68e380ee-08ef-40e7-a2a7-0e36ad3abf60 8 9598 9609 -edge_324_0_+disjointig_55_0_20283 7 9603 20283 -1 -1 9497 0.000904423
Chain
	Aln	38	+e957529f-74e6-40de-b4d2-57b29fbcb4df 12 4889 4894 +edge_20_0_+disjointig_105_0_37299 28887 33764 37299 -1 -1 4871 0
Chain
	Aln	39	-e957529f-74e6-40de-b4d2-57b29fbcb4df 4 4881 4894 -edge_20_0_+disjointig_105_0_37299 3534 8411 37299 -1 -1 4871 0
Chain
	Aln	158	+f7861f00-2e43-4616-b775-eb6d6fec9be9 40 2442 2451 +edge_80_0_+disjointig_15_0_11911 15 2419 11911 -1 -1 2380 0.000548379
Chain
	Aln	159	-f7861f00-2e43-4616-b775-eb6d6fec9be9 8 2410 2451 -edge_80_0_+disjointig_15_0_11911 9491 11895 11911 -1 -1 2380 0.000548379
Chain
	Aln	653	+bf5105c2-ebf8-4276-a1fc-4d46936e8b02 16 4114 4125 -edge_327_0_+disjointig_6_0_4117 15 4106 4117 -1 -1 4023 0.00162964
Chain
	Aln	652	-bf5105c2-ebf8-4276-a1fc-4d46936e8b02 10 4108 4125 +edge_327_0_+disjointig_6_0_4117 10 4101 4117 -1 -1 4023 0.00162964
Chain
	Aln	286	+99eb850d-9f52-44be-94a4-62eb72e1d297 10 2124 2128 +edge_144_0_+disjointig_206_0_18223 3860 5974 18223 -1 -1 2114 0
Chain
	Aln	287	-99eb850d-9f52-44be-94a4-62eb72e1d297 3 2117 2128 -edge_144_0_+disjointig_206_0_18223 12248 14362 18223 -1 -1 2114 0
Chain
	Aln	760	+4cf38d72-c77d-4c29-8477-2b4f0b805dc5 7 4619 4629 +edge_381_0_-disjointig_45_0_30722 10865 15482 30722 -1 -1 4562 0.00167052
Chain
	Aln	761	-4cf38d72-c77d-4c29-8477-2b4f0b805dc5 9 4621 4629 -edge_381_0_-disjointig_45_0_30722 15239 19856 30722 -1 -1 4562 0.00167052
Chain
	Aln	525	+7d1ead3d-be3f-4511-86ee-e48651ac12ab 5 2233 2235 -edge_263_0_+disjointig_3_0_5381 3157 5379 5381 -1 -1 2088 0.00862626
Chain
	Aln	524	-7d1ead3d-be3f-4511-86ee-e48651ac12ab 1 2229 2235 +edge_263_0_+disjointig_3_0_5381 1 2223 5381 -1 -1 2088 0.00862626
Chain
	Aln	655	+1761d0b9-fba4-4235-98a6-89982b884c38 6 1276 1285 -edge_328_0_+disjointig_60_0_13874 5313 6581 13874 -1 -1 1250 0.0040584
Chain
	Aln	654	-1761d0b9-fba4-4235-98a6-89982b884c38 8 1278 1285 +edge_328_0_+disjointig_60_0_13874 7292 8560 13874 -1 -1 1250 0.0040584
Chain
	Aln	479	+bbf2ba66-93f7-4dde-ae85-5d3d19bdf695 9 2668 2674 -edge_240_0_-disjointig_57_7953_51690 39420 42080 43737 -1 -1 2528 0.003579
Chain
	Aln	478	-bbf2ba66-93f7-4dde-ae85-5d3d19bdf695 5 2664 2674 +edge_240_0_-disjointig_57_7953_51690 1656 4316 43737 -1 -1 2528 0.003579
Chain
	Aln	287	+3634cba2-3a77-4e7b-8174-413248ae734b 12 13002 13026 -edge_144_0_+disjointig_206_0_18223 11 12994 18223 -1 -1 12268 0.00495038
Chain
	Aln	286	-3634cba2-3a77-4e7b-8174-413248ae734b 23 13013 13026 +edge_144_0_+disjointig_206_0_18223 5228 18211 18223 -1 -1 12268 0.00495038
Chain
	Aln	742	+c6bc3e25-8372-4040-9891-e5161ee5c9d3 9 2595 2597 +edge_372_0_+disjointig_48_0_14826 2558 5143 14826 -1 -1 2521 0.00296514
Chain
	Aln	743	-c6bc3e25-8372-4040-9891-e5161ee5c9d3 1 2587 2597 -edge_372_0_+disjointig_48_0_14826 9682 12267 14826 -1 -1 2521 0.00296514
Chain
	Aln	702	+2a833888-4b44-4a2c-89cd-926d53801899 24 2036 2049 +edge_352_0_+disjointig_88_0_9532 3258 5268 9532 -1 -1 1937 0.00296579
Chain
	Aln	703	-2a833888-4b44-4a2c-89cd-926d53801899 12 2024 2049 -edge_352_0_+disjointig_88_0_9532 4263 6273 9532 -1 -1 1937 0.00296579
Chain
	Aln	550	+26421b26-174c-46e9-8690-3a261d5fc053 17 1567 1571 +edge_276_0_+disjointig_31_0_9855 6002 7551 9855 -1 -1 1536 0.00281659
Chain
	Aln	551	-26421b26-174c-46e9-8690-3a261d5fc053 3 1553 1571 -edge_276_0_+disjointig_31_0_9855 2303 3852 9855 -1 -1 1536 0.00281659
Chain
	Aln	485	+9c0d51cf-fb09-4628-97b3-16fc30aa8ac7 16 5165 5175 -edge_243_0_+disjointig_49_7193_20010 4183 9338 12817 -1 -1 5042 0.00370203
Chain
	Aln	484	-9c0d51cf-fb09-4628-97b3-16fc30aa8ac7 9 5158 5175 +edge_243_0_+disjointig_49_7193_20010 3478 8633 12817 -1 -1 5042 0.00370203
Chain
	Aln	289	+133a5cbe-1646-42ed-abf5-5f0776993748 22 4874 4877 -edge_145_0_+disjointig_207_0_5860 675 5529 5860 -1 -1 4822 0.00043157
Chain
	Aln	288	-133a5cbe-1646-42ed-abf5-5f0776993748 2 4854 4877 +edge_145_0_+disjointig_207_0_5860 330 5184 5860 -1 -1 4822 0.00043157
Chain
	Aln	515	+1de22355-63d6-40e1-9a16-32b353b12d8d 16 2214 2217 -edge_258_0_+disjointig_294_0_4039 1841 4036 4039 -1 -1 2165 0.000994116
Chain
	Aln	514	-1de22355-63d6-40e1-9a16-32b353b12d8d 2 2200 2217 +edge_258_0_+disjointig_294_0_4039 2 2197 4039 -1 -1 2165 0.000994116
Chain
	Aln	355	+25f6015b-852f-4556-9435-ac837eb9fd37 8 1514 1517 -edge_178_0_+disjointig_230_0_11358 7356 8862 11358 -1 -1 1506 0
Chain
	Aln	354	-25f6015b-852f-4556-9435-ac837eb9fd37 2 1508 1517 +edge_178_0_+disjointig_230_0_11358 2495 4001 11358 -1 -1 1506 0
Chain
	Aln	180	+e5888ef5-75bf-4503-a062-739aaa2c4b61 8 5871 5877 +edge_91_0_+disjointig_161_0_18481 8 5880 18481 -1 -1 5763 0.00174231
Chain
	Aln	181	-e5888ef5-75bf-4503-a062-739aaa2c4b61 5 5868 5877 -edge_91_0_+disjointig_161_0_18481 12600 18472 18481 -1 -1 5763 0.00174231
Chain
	Aln	111	+4f3e9221-3733-406b-9ddf-834d5ada1b42 11 2249 2251 -edge_56_0_+disjointig_127_0_7260 1682 3919 7260 -1 -1 2196 0.000281277
Chain
	Aln	110	-4f3e9221-3733-406b-9ddf-834d5ada1b42 1 2239 2251 +edge_56_0_+disjointig_127_0_7260 3340 5577 7260 -1 -1 2196 0.000281277
Chain
	Aln	445	+a3b2b5fb-af82-4b8e-af5b-13b66b1ff600 96 3264 3266 -edge_223_0_+disjointig_27_0_9653 3176 6343 9653 -1 -1 3149 0
Chain
	Aln	444	-a3b2b5fb-af82-4b8e-af5b-13b66b1ff600 1 3169 3266 +edge_223_0_+disjointig_27_0_9653 3309 6476 9653 -1 -1 3149 0
Chain
	Aln	696	+2f9bc607-2cea-448b-a009-25e5fe122936 21 1442 1446 +edge_349_0_+disjointig_85_0_17144 5341 6762 17144 -1 -1 1421 0
Chain
	Aln	697	-2f9bc607-2cea-448b-a009-25e5fe122936 3 1424 1446 -edge_349_0_+disjointig_85_0_17144 10381 11802 17144 -1 -1 1421 0
Chain
	Aln	686	+d76bddbb-246b-43b7-a732-6840b81797f9 11 1751 1753 +edge_344_0_+disjointig_80_0_12633 2055 3792 12633 -1 -1 1678 0.00746341
Chain
	Aln	687	-d76bddbb-246b-43b7-a732-6840b81797f9 1 1741 1753 -edge_344_0_+disjointig_80_0_12633 8840 10577 12633 -1 -1 1678 0.00746341
Chain
	Aln	686	+1de61692-36c5-4f9b-9592-33634e46f7d6 18 4649 4652 +edge_344_0_+disjointig_80_0_12633 18 4642 12633 -1 -1 4457 0.00604137
Chain
	Aln	687	-1de61692-36c5-4f9b-9592-33634e46f7d6 2 4633 4652 -edge_344_0_+disjointig_80_0_12633 7990 12614 12633 -1 -1 4457 0.00604137
Chain
	Aln	599	+9690b9e8-193e-4f2d-b099-fabb4a48c69c 14 2701 2703 -edge_300_0_+disjointig_327_0_17944 13 2700 17944 -1 -1 2687 0.00028767
Chain
	Aln	598	-9690b9e8-193e-4f2d-b099-fabb4a48c69c 1 2688 2703 +edge_300_0_+disjointig_327_0_17944 15243 17930 17944 -1 -1 2687 0.00028767
Chain
	Aln	326	+c08f7c57-98f1-4155-b4b2-8f2a5fdd665b 11 7307 7312 +edge_164_0_+disjointig_218_0_16787 815 8126 16787 -1 -1 7099 0.00319451
Chain
	Aln	327	-c08f7c57-98f1-4155-b4b2-8f2a5fdd665b 4 7300 7312 -edge_164_0_+disjointig_218_0_16787 8660 15971 16787 -1 -1 7099 0.00319451
Chain
	Aln	214	+8cd591a5-1bf6-40c9-8300-ba6d44c1aac5 248 1545 1550 +edge_108_0_+disjointig_174_0_19402 12640 13937 19402 -1 -1 1289 0.000314515
Chain
	Aln	215	-8cd591a5-1bf6-40c9-8300-ba6d44c1aac5 4 1301 1550 -edge_108_0_+disjointig_174_0_19402 5464 6761 19402 -1 -1 1289 0.000314515
Chain
	Aln	138	+fe37a734-cfd9-4368-87db-2043d51dcb4e 7 6587 6594 +edge_70_0_-disjointig_67_10521_41118 11912 18482 30597 -1 -1 5911 0.00764764
Chain
	Aln	139	-fe37a734-cfd9-4368-87db-2043d51dcb4e 6 6586 6594 -edge_70_0_-disjointig_67_10521_41118 12114 18684 30597 -1 -1 5911 0.00764764
Chain
	Aln	418	+656b6581-ddde-43f5-aa33-4459d9ffc4c9 24 1749 1755 +edge_210_0_+disjointig_26_0_12157 3102 4828 12157 -1 -1 1686 0.00614785
Chain
	Aln	419	-656b6581-ddde-43f5-aa33-4459d9ffc4c9 5 1730 1755 -edge_210_0_+disjointig_26_0_12157 7328 9054 12157 -1 -1 1686 0.00614785
Chain
	Aln	337	+b7150339-335c-44fb-a599-387300736f56 22 2429 2431 -edge_169_0_+disjointig_222_0_4052 1645 4050 4052 -1 -1 2338 0.00284176
Chain
	Aln	336	-b7150339-335c-44fb-a599-387300736f56 1 2408 2431 +edge_169_0_+disjointig_222_0_4052 1 2406 4052 -1 -1 2338 0.00284176
Chain
	Aln	714	+3b0e1b52-bf4b-48c2-9f1d-ebce56e9a778 6 1892 1899 +edge_358_0_+disjointig_95_0_21066 6735 8621 21066 -1 -1 1844 0.00617485
Chain
	Aln	715	-3b0e1b52-bf4b-48c2-9f1d-ebce56e9a778 6 1892 1899 -edge_358_0_+disjointig_95_0_21066 12444 14330 21066 -1 -1 1844 0.00617485
Chain
	Aln	66	+4f6b8a91-8596-4653-a4e5-10586cbc9ec3 85 2173 2177 +edge_34_0_+disjointig_112_4217_16689 4969 7058 12472 -1 -1 2073 0.00416655
Chain
	Aln	67	-4f6b8a91-8596-4653-a4e5-10586cbc9ec3 3 2091 2177 -edge_34_0_+disjointig_112_4217_16689 5413 7502 12472 -1 -1 2073 0.00416655
Chain
	Aln	387	+68703ed2-0a69-458e-bbbb-8b0df12d2b3e 38 2886 2891 -edge_194_0_+disjointig_245_0_6235 642 3491 6235 -1 -1 2741 0.00434094
Chain
	Aln	386	-68703ed2-0a69-458e-bbbb-8b0df12d2b3e 4 2852 2891 +edge_194_0_+disjointig_245_0_6235 2743 5592 6235 -1 -1 2741 0.00434094
Chain
	Aln	507	+9cdb38e1-8546-40cb-ba9c-376f7b1f3691 69 2928 2941 -edge_254_0_+disjointig_29_0_4954 170 3031 4954 -1 -1 2844 0.00289704
Chain
	Aln	506	-9cdb38e1-8546-40cb-ba9c-376f7b1f3691 12 2871 2941 +edge_254_0_+disjointig_29_0_4954 1922 4783 4954 -1 -1 2844 0.00289704
Chain
	Aln	324	+293823db-0219-4dde-847f-74ab0e3b62b7 6 3262 3287 +edge_163_0_-disjointig_235_4208_12603 3028 6287 8395 -1 -1 3226 0.00234782
Chain
	Aln	325	-293823db-0219-4dde-847f-74ab0e3b62b7 24 3280 3287 -edge_163_0_-disjointig_235_4208_12603 2107 5366 8395 -1 -1 3226 0.00234782
Chain
	Aln	375	+87f00687-b01d-43e2-a212-6faa5848c6b7 11 8231 8237 -edge_188_0_+disjointig_24_0_14501 3867 12088 14501 -1 -1 8181 0.00136301
Chain
	Aln	374	-87f00687-b01d-43e2-a212-6faa5848c6b7 5 8225 8237 +edge_188_0_+disjointig_24_0_14501 2412 10633 14501 -1 -1 8181 0.00136301
Chain
	Aln	622	+3caa6269-1c1c-43c3-adae-56eb826db7ac 7 1604 1611 +edge_312_0_+disjointig_40_0_16996 11915 13511 16996 -1 -1 1590 0.00263079
Chain
	Aln	623	-3caa6269-1c1c-43c3-adae-56eb826db7ac 6 1603 1611 -edge_312_0_+disjointig_40_0_16996 3484 5080 16996 -1 -1 1590 0.00263079
Chain
	Aln	180	+ebadff80-c75f-4496-bbcc-2981c643b6c3 10 3007 3011 +edge_91_0_+disjointig_161_0_18481 4366 7350 18481 -1 -1 2838 0.00768878
Chain
	Aln	181	-ebadff80-c75f-4496-bbcc-2981c643b6c3 3 3000 3011 -edge_91_0_+disjointig_161_0_18481 11130 14114 18481 -1 -1 2838 0.00768878
Chain
	Aln	598	+59bc7cd3-d9c4-4f38-ad66-35749d001aa5 1 1001 1003 +edge_300_0_+disjointig_327_0_17944 12490 13493 17944 -1 -1 999 0
Chain
	Aln	599	-59bc7cd3-d9c4-4f38-ad66-35749d001aa5 1 1001 1003 -edge_300_0_+disjointig_327_0_17944 4450 5453 17944 -1 -1 999 0
Chain
	Aln	80	+591198e5-3eca-490a-aca7-a4dd7e39161e 3 1781 1788 +edge_41_0_+disjointig_114_0_9707 4180 5967 9707 -1 -1 1749 0.00168115
Chain
	Aln	81	-591198e5-3eca-490a-aca7-a4dd7e39161e 6 1784 1788 -edge_41_0_+disjointig_114_0_9707 3739 5526 9707 -1 -1 1749 0.00168115
Chain
	Aln	753	+2478feea-ab51-4950-a534-7716225ffda7 10 1195 1201 -edge_377_1_+disjointig_28_33393_38243 2932 4116 4850 -1 -1 1169 0.0027851
Chain
	Aln	752	-2478feea-ab51-4950-a534-7716225ffda7 5 1190 1201 +edge_377_1_+disjointig_28_33393_38243 733 1917 4850 -1 -1 1169 0.0027851
Chain
	Aln	6	+7ebad157-f045-4bab-87d0-57f55c51c7f6 9 2799 2806 +edge_4_0_+disjointig_10_0_20168 10975 13759 20168 -1 -1 2753 0
Chain
	Aln	7	-7ebad157-f045-4bab-87d0-57f55c51c7f6 6 2796 2806 -edge_4_0_+disjointig_10_0_20168 6408 9192 20168 -1 -1 2753 0
Chain
	Aln	15	+4d1207b2-d4ed-4ab7-bc32-9955d6e8ce88 18 1403 1410 -edge_8_0_+disjointig_103_0_7543 3256 4642 7543 -1 -1 1371 0.00175692
Chain
	Aln	14	-4d1207b2-d4ed-4ab7-bc32-9955d6e8ce88 6 1391 1410 +edge_8_0_+disjointig_103_0_7543 2900 4286 7543 -1 -1 1371 0.00175692
Chain
	Aln	36	+e4afa918-6ab6-46fc-85c0-d3f780f5c685 1 5136 5141 +edge_19_0_+disjointig_104_0_20017 1 5138 20017 -1 -1 5131 0.000875641
Chain
	Aln	37	-e4afa918-6ab6-46fc-85c0-d3f780f5c685 4 5139 5141 -edge_19_0_+disjointig_104_0_20017 14878 20015 20017 -1 -1 5131 0.000875641
Chain
	Aln	37	+16e14207-466d-449f-aa3f-5f2cf92c1b4c 15 7226 7236 -edge_19_0_+disjointig_104_0_20017 12535 19750 20017 -1 -1 7153 0.00148769
Chain
	Aln	36	-16e14207-466d-449f-aa3f-5f2cf92c1b4c 9 7220 7236 +edge_19_0_+disjointig_104_0_20017 266 7481 20017 -1 -1 7153 0.00148769
Chain
	Aln	158	+28ec6cee-c14d-44ac-b002-9e3edb0ecb94 1 2824 2828 +edge_80_0_+disjointig_15_0_11911 129 2952 11911 -1 -1 2811 0.000350948
Chain
	Aln	159	-28ec6cee-c14d-44ac-b002-9e3edb0ecb94 3 2826 2828 -edge_80_0_+disjointig_15_0_11911 8958 11781 11911 -1 -1 2811 0.000350948
Chain
	Aln	668	+a6916674-09ef-4104-b548-55ee09f7b8bd 8 2205 2207 +edge_335_0_+disjointig_69_0_21020 1244 3442 21020 -1 -1 2183 0.001295
Chain
	Aln	669	-a6916674-09ef-4104-b548-55ee09f7b8bd 1 2198 2207 -edge_335_0_+disjointig_69_0_21020 17577 19775 21020 -1 -1 2183 0.001295
Chain
	Aln	280	+f2a9a371-09f4-4fe1-895d-8e83061a5bdb 26 1308 1311 +edge_141_0_+disjointig_203_0_4314 1167 2448 4314 -1 -1 1120 0.0140911
Chain
	Aln	281	-f2a9a371-09f4-4fe1-895d-8e83061a5bdb 2 1284 1311 -edge_141_0_+disjointig_203_0_4314 1865 3146 4314 -1 -1 1120 0.0140911
Chain
	Aln	532	+e9e52ca5-dee9-4869-a5c8-5ca20a5b71e1 7 1756 1762 +edge_267_1_-disjointig_30_1017_4259 51 1800 3242 -1 -1 1749 0.00173873
Chain
	Aln	533	-e9e52ca5-dee9-4869-a5c8-5ca20a5b71e1 5 1754 1762 -edge_267_1_-disjointig_30_1017_4259 1441 3190 3242 -1 -1 1749 0.00173873
Chain
	Aln	339	+8d337ffe-bc0e-448c-9466-8435d1d301d9 13 1810 1815 -edge_170_0_+disjointig_223_0_8663 2644 4442 8663 -1 -1 1790 0.000749256
Chain
	Aln	338	-8d337ffe-bc0e-448c-9466-8435d1d301d9 4 1801 1815 +edge_170_0_+disjointig_223_0_8663 4220 6018 8663 -1 -1 1790 0.000749256
Chain
	Aln	38	+aebcd1d3-edc4-4e74-912e-3d8903b02664 21 2212 2320 +edge_20_0_+disjointig_105_0_37299 27 2218 37299 -1 -1 2155 0.00186639
Chain
	Aln	39	-aebcd1d3-edc4-4e74-912e-3d8903b02664 107 2298 2320 -edge_20_0_+disjointig_105_0_37299 35080 37271 37299 -1 -1 2155 0.00186639
Chain
	Aln	151	+194a94df-51c7-46a9-bcff-df1d36ad5784 11 2247 2253 -edge_76_0_+disjointig_146_0_22270 3670 5908 22270 -1 -1 2219 0.00205499
Chain
	Aln	150	-194a94df-51c7-46a9-bcff-df1d36ad5784 5 2241 2253 +edge_76_0_+disjointig_146_0_22270 16361 18599 22270 -1 -1 2219 0.00205499
Chain
	Aln	550	+285fdb5b-b46f-4f6b-84a2-3279bf9b283d 7 6068 6079 +edge_276_0_+disjointig_31_0_9855 3788 9845 9855 -1 -1 6016 0.000126723
Chain
	Aln	551	-285fdb5b-b46f-4f6b-84a2-3279bf9b283d 10 6071 6079 -edge_276_0_+disjointig_31_0_9855 9 6066 9855 -1 -1 6016 0.000126723
Chain
	Aln	66	+d3a0efff-965d-4c89-8ae9-49832593823e 11 6256 6264 +edge_34_0_+disjointig_112_4217_16689 1492 7733 12472 -1 -1 6191 0.00167182
Chain
	Aln	67	-d3a0efff-965d-4c89-8ae9-49832593823e 7 6252 6264 -edge_34_0_+disjointig_112_4217_16689 4738 10979 12472 -1 -1 6191 0.00167182
Chain
	Aln	647	+6978b2e7-966a-4345-b355-593b3b0afd26 4 5429 5436 -edge_324_0_+disjointig_55_0_20283 8719 14139 20283 -1 -1 5410 0
Chain
	Aln	646	-6978b2e7-966a-4345-b355-593b3b0afd26 6 5431 5436 +edge_324_0_+disjointig_55_0_20283 6143 11563 20283 -1 -1 5410 0
Chain
	Aln	743	+1f3d983f-10e8-4335-8573-473781767612 8 1344 1346 -edge_372_0_+disjointig_48_0_14826 10260 11596 14826 -1 -1 1336 0.0010602
Chain
	Aln	742	-1f3d983f-10e8-4335-8573-473781767612 1 1337 1346 +edge_372_0_+disjointig_48_0_14826 3229 4565 14826 -1 -1 1336 0.0010602
Chain
	Aln	290	+e37ca9af-250e-459a-9c47-6ff5cad6dbf4 37 1124 1126 +edge_146_0_+disjointig_208_0_19308 8951 10038 19308 -1 -1 1086 0.00248756
Chain
	Aln	291	-e37ca9af-250e-459a-9c47-6ff5cad6dbf4 1 1088 1126 -edge_146_0_+disjointig_208_0_19308 9269 10356 19308 -1 -1 1086 0.00248756
Chain
	Aln	647	+69dd6c0a-2a7e-4695-8d98-1a2297ffe770 14 1221 1231 -edge_324_0_+disjointig_55_0_20283 7606 8814 20283 -1 -1 1204 0.00194081
Chain
	Aln	646	-69dd6c0a-2a7e-4695-8d98-1a2297ffe770 9 1216 1231 +edge_324_0_+disjointig_55_0_20283 11468 12676 20283 -1 -1 1204 0.00194081
Chain
	Aln	423	+c430b9ac-82f6-48b7-898a-f49f9108ea27 5 1183 1187 -edge_212_0_+disjointig_261_0_30460 11850 13030 30460 -1 -1 1161 0.00428375
Chain
	Aln	422	-c430b9ac-82f6-48b7-898a-f49f9108ea27 3 1181 1187 +edge_212_0_+disjointig_261_0_30460 17429 18609 30460 -1 -1 1161 0.00428375
Chain
	Aln	401	+c214271c-a22a-4141-965e-cff51088cec9 12 1736 1739 -edge_201_0_+disjointig_251_0_2705 648 2370 2705 -1 -1 1690 0.00243993
Chain
	Aln	400	-c214271c-a22a-4141-965e-cff51088cec9 2 1726 1739 +edge_201_0_+disjointig_251_0_2705 334 2056 2705 -1 -1 1690 0.00243993
Chain
	Aln	647	+6127153e-f885-4cd8-98cb-f7648ae1f4bb 10 2622 3401 -edge_324_0_+disjointig_55_0_20283 17673 20282 20283 -1 -1 2580 0.00122621
Chain
	Aln	646	-6127153e-f885-4cd8-98cb-f7648ae1f4bb 778 3390 3401 +edge_324_0_+disjointig_55_0_20283 0 2609 20283 -1 -1 2580 0.00122621
Chain
	Aln	753	+44d13c3e-4451-4204-9b49-1803ada7ae09 19 2863 2871 -edge_377_2_-disjointig_292_6900_11748 2003 4847 4848 -1 -1 2815 0.00266567
Chain
	Aln	752	-44d13c3e-4451-4204-9b49-1803ada7ae09 7 2851 2871 +edge_377_2_-disjointig_292_6900_11748 0 2844 4848 -1 -1 2815 0.00266567
Chain
	Aln	12	+b4b7dabf-c4a7-41e4-a6b1-0626a3fbadcb 15 1462 1473 +edge_7_0_+disjointig_102_0_4943 1276 2723 4943 -1 -1 1447 0
Chain
	Aln	13	-b4b7dabf-c4a7-41e4-a6b1-0626a3fbadcb 10 1457 1473 -edge_7_0_+disjointig_102_0_4943 2219 3666 4943 -1 -1 1447 0
Chain
	Aln	408	+0e8ddc1e-b7a9-491b-a51a-bebf543f7d69 1705 10811 10815 +edge_205_0_+disjointig_255_0_9104 2 9101 9104 -1 -1 8964 0.00124821
Chain
	Aln	409	-0e8ddc1e-b7a9-491b-a51a-bebf543f7d69 3 9109 10815 -edge_205_0_+disjointig_255_0_9104 2 9101 9104 -1 -1 8964 0.00124821
Chain
	Aln	629	+fd336a25-9dd5-408f-85b8-bca75532929d 13 3556 3559 -edge_315_0_+disjointig_43_0_17713 11516 15061 17713 -1 -1 3511 0.00397395
Chain
	Aln	628	-fd336a25-9dd5-408f-85b8-bca75532929d 2 3545 3559 +edge_315_0_+disjointig_43_0_17713 2651 6196 17713 -1 -1 3511 0.00397395
Chain
	Aln	573	+939978d5-1b75-4bf3-84be-ca096f4b903f 16 2296 2300 -edge_287_0_+disjointig_317_0_5793 15 2293 5793 -1 -1 2265 0.00108449
Chain
	Aln	572	-939978d5-1b75-4bf3-84be-ca096f4b903f 3 2283 2300 +edge_287_0_+disjointig_317_0_5793 3499 5777 5793 -1 -1 2265 0.00108449
Chain
	Aln	38	+b4fa6846-5e75-4939-85bf-197edca64c82 78 5147 5158 +edge_20_0_+disjointig_105_0_37299 23498 28560 37299 -1 -1 5036 0.00151866
Chain
	Aln	39	-b4fa6846-5e75-4939-85bf-197edca64c82 10 5079 5158 -edge_20_0_+disjointig_105_0_37299 8738 13800 37299 -1 -1 5036 0.00151866
Chain
	Aln	550	+41eaff03-f2b8-46b9-a0e2-1d3505fa3274 545 3490 3499 +edge_276_0_+disjointig_31_0_9855 8 2956 9855 -1 -1 2881 0.00186857
Chain
	Aln	551	-41eaff03-f2b8-46b9-a0e2-1d3505fa3274 8 2953 3499 -edge_276_0_+disjointig_31_0_9855 6898 9846 9855 -1 -1 2881 0.00186857
Chain
	Aln	698	+0ccb1920-f0d9-45e9-b101-dc7fbf1ded9c 4 2001 2004 +edge_350_0_+disjointig_86_0_7057 4626 6643 7057 -1 -1 1733 0.0165779
Chain
	Aln	699	-0ccb1920-f0d9-45e9-b101-dc7fbf1ded9c 2 1999 2004 -edge_350_0_+disjointig_86_0_7057 413 2430 7057 -1 -1 1733 0.0165779
Chain
	Aln	601	+aa95b08e-453a-4699-9b55-40db86aabb57 7 2649 2657 -edge_301_0_+disjointig_328_0_10322 7679 10314 10322 -1 -1 2572 0.00202489
Chain
	Aln	600	-aa95b08e-453a-4699-9b55-40db86aabb57 7 2649 2657 +edge_301_0_+disjointig_328_0_10322 7 2642 10322 -1 -1 2572 0.00202489
Chain
	Aln	270	+5d8fce87-d95f-4a71-95a6-b5e96f85cf54 4 1629 1633 +edge_136_0_+disjointig_198_0_10386 83 1707 10386 -1 -1 1624 0.000752856
Chain
	Aln	271	-5d8fce87-d95f-4a71-95a6-b5e96f85cf54 3 1628 1633 -edge_136_0_+disjointig_198_0_10386 8678 10302 10386 -1 -1 1624 0.000752856
Chain
	Aln	548	+76d4e006-7fe6-4cc5-b92b-51ad064bf995 16 1153 1163 +edge_275_0_+disjointig_308_0_6668 2256 3395 6668 -1 -1 1131 0
Chain
	Aln	549	-76d4e006-7fe6-4cc5-b92b-51ad064bf995 9 1146 1163 -edge_275_0_+disjointig_308_0_6668 3272 4411 6668 -1 -1 1131 0
Chain
	Aln	152	+bb6a623d-4a23-42ea-a872-33d370019e12 22 3699 3707 +edge_77_0_+disjointig_147_0_20037 528 4205 20037 -1 -1 3665 0.000526901
Chain
	Aln	153	-bb6a623d-4a23-42ea-a872-33d370019e12 7 3684 3707 -edge_77_0_+disjointig_147_0_20037 15831 19508 20037 -1 -1 3665 0.000526901
Chain
	Aln	571	+d49dc482-5cc5-4401-93ad-1fe7cdd8ff6b 5 2403 2413 -edge_286_0_+disjointig_316_0_10940 4 2424 10940 -1 -1 2322 0.00650423
Chain
	Aln	570	-d49dc482-5cc5-4401-93ad-1fe7cdd8ff6b 9 2407 2413 +edge_286_0_+disjointig_316_0_10940 8515 10935 10940 -1 -1 2322 0.00650423
Chain
	Aln	127	+cee2b86f-a92a-48d3-922d-c97bb0e708cc 12 3719 3725 -edge_64_0_+disjointig_136_0_3726 11 3720 3726 -1 -1 3683 0.00166288
Chain
	Aln	126	-cee2b86f-a92a-48d3-922d-c97bb0e708cc 5 3712 3725 +edge_64_0_+disjointig_136_0_3726 5 3714 3726 -1 -1 3683 0.00166288
Chain
	Aln	607	+b1dffec1-cf16-46ea-8fab-7112ddf9f897 5 3758 3761 -edge_304_0_+disjointig_34_0_21728 7332 11088 21728 -1 -1 3736 0.00159962
Chain
	Aln	606	-b1dffec1-cf16-46ea-8fab-7112ddf9f897 2 3755 3761 +edge_304_0_+disjointig_34_0_21728 10639 14395 21728 -1 -1 3736 0.00159962
Chain
	Aln	618	+19bc122a-bcbe-4cd4-8f8d-9db9341fc7ef 68 1832 1834 +edge_310_0_+disjointig_39_0_32732 46 1817 32732 -1 -1 1708 0.00324298
Chain
	Aln	619	-19bc122a-bcbe-4cd4-8f8d-9db9341fc7ef 1 1765 1834 -edge_310_0_+disjointig_39_0_32732 30914 32685 32732 -1 -1 1708 0.00324298
Chain
	Aln	46	+eb103306-9413-4b0f-b639-8e464836e5b4 2016 13493 13499 +edge_24_0_+disjointig_109_0_11803 2 11798 11803 -1 -1 10762 0.00600373
Chain
	Aln	47	-eb103306-9413-4b0f-b639-8e464836e5b4 5 11482 13499 -edge_24_0_+disjointig_109_0_11803 4 11800 11803 -1 -1 10762 0.00600373
Chain
	Aln	619	+59f03633-50f0-4906-a933-df5e1c798b50 10 2908 2911 -edge_310_0_+disjointig_39_0_32732 29826 32729 32732 -1 -1 2881 0.000511241
Chain
	Aln	618	-59f03633-50f0-4906-a933-df5e1c798b50 2 2900 2911 +edge_310_0_+disjointig_39_0_32732 2 2905 32732 -1 -1 2881 0.000511241
Chain
	Aln	619	+dbd60c2c-7396-4429-b308-92a45ac632bb 13 1021 1023 -edge_310_0_+disjointig_39_0_32732 7656 8662 32732 -1 -1 1005 0.00124685
Chain
	Aln	618	-dbd60c2c-7396-4429-b308-92a45ac632bb 1 1009 1023 +edge_310_0_+disjointig_39_0_32732 24069 25075 32732 -1 -1 1005 0.00124685
Chain
	Aln	222	+ddf611a7-e1ba-4b62-b5db-f69fe2527eab 13 3434 3439 +edge_112_0_+disjointig_179_0_13636 981 4399 13636 -1 -1 3371 0.00296614
Chain
	Aln	223	-ddf611a7-e1ba-4b62-b5db-f69fe2527eab 4 3425 3439 -edge_112_0_+disjointig_179_0_13636 9236 12654 13636 -1 -1 3371 0.00296614
Chain
	Aln	693	+88806953-2639-4ec3-96a9-556b4d7e357c 412 2766 2771 -edge_347_0_+disjointig_83_0_8894 16 2374 8894 -1 -1 2331 0.00120923
Chain
	Aln	692	-88806953-2639-4ec3-96a9-556b4d7e357c 4 2358 2771 +edge_347_0_+disjointig_83_0_8894 6519 8877 8894 -1 -1 2331 0.00120923
Chain
	Aln	479	+1e09ea68-78e4-4c2b-8b2f-c66a7fb92c28 39 4853 4876 -edge_240_0_-disjointig_57_7953_51690 23835 28651 43737 -1 -1 4771 0.000374469
Chain
	Aln	478	-1e09ea68-78e4-4c2b-8b2f-c66a7fb92c28 22 4836 4876 +edge_240_0_-disjointig_57_7953_51690 15085 19901 43737 -1 -1 4771 0.000374469
Chain
	Aln	705	+1dabd92f-de9b-4831-a868-1058b830871b 6 6890 6892 -edge_353_0_+disjointig_89_0_13592 2303 9193 13592 -1 -1 6809 0.00160959
Chain
	Aln	704	-1dabd92f-de9b-4831-a868-1058b830871b 1 6885 6892 +edge_353_0_+disjointig_89_0_13592 4398 11288 13592 -1 -1 6809 0.00160959
Chain
	Aln	622	+e2b45cba-269d-4392-90cc-dd3449a4f041 10 1188 1193 +edge_312_0_+disjointig_40_0_16996 3660 4838 16996 -1 -1 1172 0
Chain
	Aln	623	-e2b45cba-269d-4392-90cc-dd3449a4f041 4 1182 1193 -edge_312_0_+disjointig_40_0_16996 12157 13335 16996 -1 -1 1172 0
Chain
	Aln	41	+fa95d6e4-4bf5-45c7-958f-37389e6cee03 5 5176 5179 -edge_21_0_+disjointig_106_0_7444 2193 7441 7444 -1 -1 4899 0.00590391
Chain
	Aln	40	-fa95d6e4-4bf5-45c7-958f-37389e6cee03 2 5173 5179 +edge_21_0_+disjointig_106_0_7444 2 5250 7444 -1 -1 4899 0.00590391
Chain
	Aln	158	+c5a9e76d-05af-450e-b2f1-09be4360f551 3 6061 6083 +edge_80_0_+disjointig_15_0_11911 3 6069 11911 -1 -1 5848 0.00371123
Chain
	Aln	159	-c5a9e76d-05af-450e-b2f1-09be4360f551 21 6079 6083 -edge_80_0_+disjointig_15_0_11911 5841 11907 11911 -1 -1 5848 0.00371123
Chain
	Aln	661	+77ce623c-8ea3-4cc2-b0ae-a4c8c263bf24 59 1715 1718 -edge_331_0_+disjointig_63_0_33738 17347 19003 33738 -1 -1 1650 0.00166266
Chain
	Aln	660	-77ce623c-8ea3-4cc2-b0ae-a4c8c263bf24 2 1658 1718 +edge_331_0_+disjointig_63_0_33738 14734 16390 33738 -1 -1 1650 0.00166266
Chain
	Aln	14	+89df7ba6-6da3-451d-bc88-ec77c7ee918a 37 1236 1240 +edge_8_0_+disjointig_103_0_7543 4054 5255 7543 -1 -1 1188 0.000227718
Chain
	Aln	15	-89df7ba6-6da3-451d-bc88-ec77c7ee918a 3 1202 1240 -edge_8_0_+disjointig_103_0_7543 2287 3488 7543 -1 -1 1188 0.000227718
Chain
	Aln	711	+abefec6f-5728-4abe-8ff1-1c1c16aed53c 19 1230 1238 -edge_356_0_+disjointig_93_0_25924 7650 8861 25924 -1 -1 1193 0
Chain
	Aln	710	-abefec6f-5728-4abe-8ff1-1c1c16aed53c 7 1218 1238 +edge_356_0_+disjointig_93_0_25924 17062 18273 25924 -1 -1 1193 0
Chain
	Aln	763	+fb461090-da5c-4d59-9d33-803838c76753 31 2220 2224 -edge_382_0_+disjointig_320_7809_16454 5874 8063 8645 -1 -1 2181 0.00105365
Chain
	Aln	762	-fb461090-da5c-4d59-9d33-803838c76753 3 2192 2224 +edge_382_0_+disjointig_320_7809_16454 581 2770 8645 -1 -1 2181 0.00105365
Chain
	Aln	619	+8b4cbfe6-43f8-4228-948f-ac8122b270ec 22 1254 1256 -edge_310_0_+disjointig_39_0_32732 20668 21901 32732 -1 -1 1223 0.00259342
Chain
	Aln	618	-8b4cbfe6-43f8-4228-948f-ac8122b270ec 1 1233 1256 +edge_310_0_+disjointig_39_0_32732 10830 12063 32732 -1 -1 1223 0.00259342
Chain
	Aln	243	+8e9f3ca8-145e-4bdb-88df-bf3351cd8c7c 29 2211 2379 -edge_122_0_+disjointig_188_0_7167 4879 7061 7167 -1 -1 2170 0.00193064
Chain
	Aln	242	-8e9f3ca8-145e-4bdb-88df-bf3351cd8c7c 167 2349 2379 +edge_122_0_+disjointig_188_0_7167 105 2287 7167 -1 -1 2170 0.00193064
Chain
	Aln	763	+7c579fdb-9d2c-4507-9025-a7d59bbe6155 9 1440 2689 -edge_382_0_+disjointig_320_7809_16454 7213 8644 8645 -1 -1 1431 0
	Aln	761	+7c579fdb-9d2c-4507-9025-a7d59bbe6155 1450 2682 2689 -edge_381_0_-disjointig_45_0_30722 9 1248 30722 -1 -1 1169 0.00774793
Chain
	Aln	760	-7c579fdb-9d2c-4507-9025-a7d59bbe6155 6 1238 2689 +edge_381_0_-disjointig_45_0_30722 29473 30712 30722 -1 -1 1169 0.00774793
	Aln	762	-7c579fdb-9d2c-4507-9025-a7d59bbe6155 1248 2679 2689 +edge_382_0_+disjointig_320_7809_16454 0 1431 8645 -1 -1 1431 0
Chain
	Aln	139	+69e055b4-8c92-45ab-ba46-6069e8a2ac0b 16 1569 1576 -edge_70_0_-disjointig_67_10521_41118 22092 23644 30597 -1 -1 1498 0.00184299
Chain
	Aln	138	-69e055b4-8c92-45ab-ba46-6069e8a2ac0b 6 1559 1576 +edge_70_0_-disjointig_67_10521_41118 6952 8504 30597 -1 -1 1498 0.00184299
Chain
	Aln	603	+f94174ab-1ca9-4f7a-8136-c8b469485513 4 2500 3959 -edge_302_0_+disjointig_329_0_4365 1867 4364 4365 -1 -1 2451 0.00374205
Chain
	Aln	602	-f94174ab-1ca9-4f7a-8136-c8b469485513 1458 3954 3959 +edge_302_0_+disjointig_329_0_4365 0 2497 4365 -1 -1 2451 0.00374205
Chain
	Aln	70	+db3c5337-766b-4b99-b868-e3567002e07e 10 1652 1659 +edge_36_0_+disjointig_14_15170_31787 4365 6010 16617 -1 -1 1615 0.00249191
Chain
	Aln	71	-db3c5337-766b-4b99-b868-e3567002e07e 6 1648 1659 -edge_36_0_+disjointig_14_15170_31787 10606 12251 16617 -1 -1 1615 0.00249191
Chain
	Aln	736	+57b94c48-0c12-40fd-9d0f-63a21afeaaa5 12 1726 1728 +edge_369_0_+disjointig_163_0_7206 1957 3671 7206 -1 -1 1668 0.00470362
Chain
	Aln	737	-57b94c48-0c12-40fd-9d0f-63a21afeaaa5 1 1715 1728 -edge_369_0_+disjointig_163_0_7206 3534 5248 7206 -1 -1 1668 0.00470362
Chain
	Aln	36	+ce6176a7-0667-45f3-b84e-7c593ac2c20f 46 2041 2046 +edge_19_0_+disjointig_104_0_20017 11194 13187 20017 -1 -1 1929 0.00246666
Chain
	Aln	37	-ce6176a7-0667-45f3-b84e-7c593ac2c20f 4 1999 2046 -edge_19_0_+disjointig_104_0_20017 6829 8822 20017 -1 -1 1929 0.00246666
Chain
	Aln	643	+73a44da3-be4b-44a1-8cf4-3130fb51238e 12 3162 3164 -edge_322_0_+disjointig_53_0_4197 1043 4195 4197 -1 -1 3149 0
Chain
	Aln	642	-73a44da3-be4b-44a1-8cf4-3130fb51238e 1 3151 3164 +edge_322_0_+disjointig_53_0_4197 1 3153 4197 -1 -1 3149 0
Chain
	Aln	168	+1d6d6748-69a6-4307-b6ee-87211fb7f512 12 1648 1652 +edge_85_0_+disjointig_156_0_15099 9977 11611 15099 -1 -1 1593 0.00341639
Chain
	Aln	169	-1d6d6748-69a6-4307-b6ee-87211fb7f512 3 1639 1652 -edge_85_0_+disjointig_156_0_15099 3487 5121 15099 -1 -1 1593 0.00341639
Chain
	Aln	347	+fe1a74be-b180-45d1-a1c1-ed29c3fe12fe 13 2069 2073 -edge_174_0_+disjointig_227_0_6081 972 3028 6081 -1 -1 2025 0
Chain
	Aln	346	-fe1a74be-b180-45d1-a1c1-ed29c3fe12fe 3 2059 2073 +edge_174_0_+disjointig_227_0_6081 3052 5108 6081 -1 -1 2025 0
Chain
	Aln	739	+3c8bb044-7956-4bca-87a6-3acd2e2050f4 32 5220 5222 -edge_370_0_-disjointig_66_3457_23755 5870 11057 20298 -1 -1 4936 0.00441334
Chain
	Aln	738	-3c8bb044-7956-4bca-87a6-3acd2e2050f4 1 5189 5222 +edge_370_0_-disjointig_66_3457_23755 9240 14427 20298 -1 -1 4936 0.00441334
Chain
	Aln	163	+5dc709e2-143d-4e92-9c8e-b3377088ea50 11 2432 2436 -edge_82_0_+disjointig_152_0_6005 3581 6001 6005 -1 -1 2367 0
Chain
	Aln	162	-5dc709e2-143d-4e92-9c8e-b3377088ea50 3 2424 2436 +edge_82_0_+disjointig_152_0_6005 3 2423 6005 -1 -1 2367 0
Chain
	Aln	693	+c3d7b23c-3e60-444f-88fc-5922e114731c 1491 4902 4906 -edge_347_0_+disjointig_83_0_8894 16 3427 8894 -1 -1 3411 0
Chain
	Aln	692	-c3d7b23c-3e60-444f-88fc-5922e114731c 3 3414 4906 +edge_347_0_+disjointig_83_0_8894 5466 8877 8894 -1 -1 3411 0
Chain
	Aln	466	+1bd4983c-59b6-4e86-bf0d-36bea4517727 7 4999 5005 +edge_234_0_+disjointig_28_0_27669 15614 20605 27669 -1 -1 4971 3.03344e-05
Chain
	Aln	467	-1bd4983c-59b6-4e86-bf0d-36bea4517727 5 4997 5005 -edge_234_0_+disjointig_28_0_27669 7063 12054 27669 -1 -1 4971 3.03344e-05
Chain
	Aln	759	+23f6017c-676d-49de-916b-f5835c6aa501 8 2615 6657 -edge_380_0_+disjointig_98_1472_24422 20322 22923 22950 -1 -1 2500 0.00504526
	Aln	555	+23f6017c-676d-49de-916b-f5835c6aa501 2662 6651 6657 -edge_278_0_+disjointig_311_0_4418 15 4001 4418 -1 -1 3914 0.00373726
Chain
	Aln	554	-23f6017c-676d-49de-916b-f5835c6aa501 5 3994 6657 +edge_278_0_+disjointig_311_0_4418 416 4402 4418 -1 -1 3914 0.00373726
	Aln	758	-23f6017c-676d-49de-916b-f5835c6aa501 4041 6648 6657 +edge_380_0_+disjointig_98_1472_24422 26 2627 22950 -1 -1 2500 0.00504526
Chain
	Aln	660	+72d9d551-0473-4b8e-b76a-b4adf4f1061c 5 1075 1078 +edge_331_0_+disjointig_63_0_33738 9103 10173 33738 -1 -1 1028 0.00642455
Chain
	Aln	661	-72d9d551-0473-4b8e-b76a-b4adf4f1061c 2 1072 1078 -edge_331_0_+disjointig_63_0_33738 23564 24634 33738 -1 -1 1028 0.00642455
Chain
	Aln	155	+e5055707-9405-4af2-8d83-d66766a90610 7 1971 1978 -edge_78_0_+disjointig_148_0_6477 135 2097 6477 -1 -1 1934 0.00274421
Chain
	Aln	154	-e5055707-9405-4af2-8d83-d66766a90610 6 1970 1978 +edge_78_0_+disjointig_148_0_6477 4379 6341 6477 -1 -1 1934 0.00274421
Chain
	Aln	623	+ee12310d-1453-420a-bff6-b8d17209de8a 11 1489 1501 -edge_312_0_+disjointig_40_0_16996 3388 4866 16996 -1 -1 1478 0.00112646
Chain
	Aln	622	-ee12310d-1453-420a-bff6-b8d17209de8a 11 1489 1501 +edge_312_0_+disjointig_40_0_16996 12129 13607 16996 -1 -1 1478 0.00112646
Chain
	Aln	131	+57244ede-3b67-43f4-9b6f-6c27dc20199f 11 1177 1179 -edge_66_0_+disjointig_138_0_38214 4642 5808 38214 -1 -1 1144 0.00299342
Chain
	Aln	130	-57244ede-3b67-43f4-9b6f-6c27dc20199f 1 1167 1179 +edge_66_0_+disjointig_138_0_38214 32405 33571 38214 -1 -1 1144 0.00299342
Chain
	Aln	334	+ca33ef65-9cfb-470c-97b6-a2f476b53b79 13 1972 1974 +edge_168_0_+disjointig_221_0_14628 6522 8481 14628 -1 -1 1913 0.000553937
Chain
	Aln	335	-ca33ef65-9cfb-470c-97b6-a2f476b53b79 1 1960 1974 -edge_168_0_+disjointig_221_0_14628 6146 8105 14628 -1 -1 1913 0.000553937
Chain
	Aln	618	+da3bb56c-c811-4d3b-8b39-5dff1c9c204e 13 3091 3099 +edge_310_0_+disjointig_39_0_32732 4517 7596 32732 -1 -1 3076 0
Chain
	Aln	619	-da3bb56c-c811-4d3b-8b39-5dff1c9c204e 7 3085 3099 -edge_310_0_+disjointig_39_0_32732 25135 28214 32732 -1 -1 3076 0
Chain
	Aln	102	+0c624f66-a1ba-4683-97d1-9b38ca2d284a 10 1058 1066 +edge_52_0_+disjointig_123_0_17590 1641 2690 17590 -1 -1 1022 0.00293849
Chain
	Aln	103	-0c624f66-a1ba-4683-97d1-9b38ca2d284a 7 1055 1066 -edge_52_0_+disjointig_123_0_17590 14899 15948 17590 -1 -1 1022 0.00293849
Chain
	Aln	151	+c521394d-a71b-4250-92eb-533358fcf759 13 10154 10156 -edge_76_0_+disjointig_146_0_22270 12 10152 22270 -1 -1 10116 0.000173292
Chain
	Aln	150	-c521394d-a71b-4250-92eb-533358fcf759 1 10142 10156 +edge_76_0_+disjointig_146_0_22270 12117 22257 22270 -1 -1 10116 0.000173292
Chain
	Aln	301	+462f51ae-f2a9-43d2-b9b1-d59a6e0a5ee2 28 2138 2142 -edge_151_0_+disjointig_21_0_26556 19298 21406 26556 -1 -1 2103 0.000264854
Chain
	Aln	300	-462f51ae-f2a9-43d2-b9b1-d59a6e0a5ee2 3 2113 2142 +edge_151_0_+disjointig_21_0_26556 5149 7257 26556 -1 -1 2103 0.000264854
Chain
	Aln	731	+1b5cad8c-4dde-4274-ae8d-583414ed7b5e 12 2672 2680 -edge_366_0_+disjointig_301_4650_16421 5634 8294 11771 -1 -1 2581 0.00409956
Chain
	Aln	730	-1b5cad8c-4dde-4274-ae8d-583414ed7b5e 7 2667 2680 +edge_366_0_+disjointig_301_4650_16421 3476 6136 11771 -1 -1 2581 0.00409956
Chain
	Aln	103	+6e2c5c33-b34f-4b68-abf9-d54de9efaeaa 1 1066 1071 -edge_52_0_+disjointig_123_0_17590 14873 15939 17590 -1 -1 1059 0.00134002
Chain
	Aln	102	-6e2c5c33-b34f-4b68-abf9-d54de9efaeaa 4 1069 1071 +edge_52_0_+disjointig_123_0_17590 1650 2716 17590 -1 -1 1059 0.00134002
Chain
	Aln	649	+06d4e91b-5c18-49c1-a594-7fc79b82eda9 10 1019 1026 -edge_325_0_+disjointig_56_0_14906 3710 4718 14906 -1 -1 958 0.00574035
Chain
	Aln	648	-06d4e91b-5c18-49c1-a594-7fc79b82eda9 6 1015 1026 +edge_325_0_+disjointig_56_0_14906 10187 11195 14906 -1 -1 958 0.00574035
Chain
	Aln	711	+9f523693-c440-47b3-8ba2-0d0b32a6a0ec 10 3374 4410 -edge_356_0_+disjointig_93_0_25924 22546 25923 25924 -1 -1 3303 0.00310888
Chain
	Aln	710	-9f523693-c440-47b3-8ba2-0d0b32a6a0ec 1035 4399 4410 +edge_356_0_+disjointig_93_0_25924 0 3377 25924 -1 -1 3303 0.00310888
Chain
	Aln	499	+1b026c9c-07e5-487f-9410-1aae20c6a45d 16 2786 2795 -edge_250_0_+disjointig_286_0_2792 15 2783 2792 -1 -1 2700 0.00232027
Chain
	Aln	498	-1b026c9c-07e5-487f-9410-1aae20c6a45d 8 2778 2795 +edge_250_0_+disjointig_286_0_2792 8 2776 2792 -1 -1 2700 0.00232027
Chain
	Aln	638	+7459e41e-8461-4896-9152-1a4e158b29e6 10 2706 2708 +edge_320_0_+disjointig_51_0_24344 12734 15431 24344 -1 -1 2679 0.00298333
Chain
	Aln	639	-7459e41e-8461-4896-9152-1a4e158b29e6 1 2697 2708 -edge_320_0_+disjointig_51_0_24344 8912 11609 24344 -1 -1 2679 0.00298333
Chain
	Aln	39	+f34f4397-b09b-4169-b79f-7e63b60720f6 13 18713 18719 -edge_20_0_+disjointig_105_0_37299 7395 26085 37299 -1 -1 17476 0.00767448
Chain
	Aln	38	-f34f4397-b09b-4169-b79f-7e63b60720f6 5 18705 18719 +edge_20_0_+disjointig_105_0_37299 11213 29903 37299 -1 -1 17476 0.00767448
Chain
	Aln	654	+56d797f1-39a4-47df-a84d-461bc6d554cf 4 1381 1387 +edge_328_0_+disjointig_60_0_13874 4945 6323 13874 -1 -1 1349 0.000223192
Chain
	Aln	655	-56d797f1-39a4-47df-a84d-461bc6d554cf 5 1382 1387 -edge_328_0_+disjointig_60_0_13874 7550 8928 13874 -1 -1 1349 0.000223192
Chain
	Aln	474	+a49e2f31-de66-43c5-a154-aa886d9206ae 16 5580 6867 +edge_238_0_+disjointig_292_4977_11877 1294 6855 6900 -1 -1 5501 0.000480973
Chain
	Aln	475	-a49e2f31-de66-43c5-a154-aa886d9206ae 1286 6850 6867 -edge_238_0_+disjointig_292_4977_11877 44 5605 6900 -1 -1 5501 0.000480973
Chain
	Aln	733	+c1e60344-a867-49cd-819f-9de55a839950 30 2272 3503 -edge_367_0_-disjointig_78_4405_23060 15868 18111 18655 -1 -1 2215 0
Chain
	Aln	732	-c1e60344-a867-49cd-819f-9de55a839950 1230 3472 3503 +edge_367_0_-disjointig_78_4405_23060 543 2786 18655 -1 -1 2215 0
Chain
	Aln	52	+26f89b6e-2159-44c6-8a8e-94ad46e83793 7 1792 1803 +edge_27_0_+disjointig_111_0_6531 1751 3536 6531 -1 -1 1741 0.0046817
Chain
	Aln	53	-26f89b6e-2159-44c6-8a8e-94ad46e83793 10 1795 1803 -edge_27_0_+disjointig_111_0_6531 2994 4779 6531 -1 -1 1741 0.0046817
Chain
	Aln	202	+be43408f-195c-4577-bb60-26b6c0a7fc25 19 1213 2100 +edge_102_0_+disjointig_169_0_8808 7616 8799 8808 -1 -1 1170 0.00237558
Chain
	Aln	203	-be43408f-195c-4577-bb60-26b6c0a7fc25 886 2080 2100 -edge_102_0_+disjointig_169_0_8808 8 1191 8808 -1 -1 1170 0.00237558
Chain
	Aln	652	+925a40cb-1802-4352-88f6-76be96511418 8 1818 2997 +edge_327_0_+disjointig_6_0_4117 2299 4110 4117 -1 -1 1807 0.000627531
Chain
	Aln	653	-925a40cb-1802-4352-88f6-76be96511418 1178 2988 2997 -edge_327_0_+disjointig_6_0_4117 6 1817 4117 -1 -1 1807 0.000627531
Chain
	Aln	763	+e5b71fea-ea8f-42ff-baca-dff1ca4b7b4e 1433 5831 5841 -edge_382_0_+disjointig_320_7809_16454 11 4420 8645 -1 -1 4361 0
Chain
	Aln	762	-e5b71fea-ea8f-42ff-baca-dff1ca4b7b4e 9 4407 5841 +edge_382_0_+disjointig_320_7809_16454 4224 8633 8645 -1 -1 4361 0
Chain
	Aln	43	+a26a7f51-1843-42b1-84a3-cfd1801ed64d 15 3664 3700 -edge_22_0_+disjointig_107_0_25761 6275 9925 25761 -1 -1 3559 0.00367065
Chain
	Aln	42	-a26a7f51-1843-42b1-84a3-cfd1801ed64d 35 3684 3700 +edge_22_0_+disjointig_107_0_25761 15835 19485 25761 -1 -1 3559 0.00367065
Chain
	Aln	477	+3a9356e2-afcc-4f56-9092-45e1dff108e2 12 8794 8802 -edge_239_0_+disjointig_41_9827_31060 6405 15187 21233 -1 -1 8745 0.00122806
Chain
	Aln	476	-3a9356e2-afcc-4f56-9092-45e1dff108e2 7 8789 8802 +edge_239_0_+disjointig_41_9827_31060 6045 14827 21233 -1 -1 8745 0.00122806
Chain
	Aln	467	+9acafb11-8e54-4f1d-9658-2d77be8db5f6 25 1126 1128 -edge_234_0_+disjointig_28_0_27669 25468 26569 27669 -1 -1 1101 0
Chain
	Aln	466	-9acafb11-8e54-4f1d-9658-2d77be8db5f6 1 1102 1128 +edge_234_0_+disjointig_28_0_27669 1099 2200 27669 -1 -1 1101 0
Chain
	Aln	71	+4b5ca33a-ef84-4d26-9302-83df1d7ca3c7 16 2106 2108 -edge_36_0_+disjointig_14_15170_31787 2187 4276 16617 -1 -1 2068 0.00320327
Chain
	Aln	70	-4b5ca33a-ef84-4d26-9302-83df1d7ca3c7 1 2091 2108 +edge_36_0_+disjointig_14_15170_31787 12340 14429 16617 -1 -1 2068 0.00320327
Chain
	Aln	650	+87487b31-e778-44b9-8f15-6ef001626743 7 1387 1393 +edge_326_0_+disjointig_58_0_35073 22437 23816 35073 -1 -1 1376 0
Chain
	Aln	651	-87487b31-e778-44b9-8f15-6ef001626743 5 1385 1393 -edge_326_0_+disjointig_58_0_35073 11256 12635 35073 -1 -1 1376 0
Chain
	Aln	151	+ccdb0b13-c7c0-43f3-a2a1-1a4666e28d0c 11 2275 2279 -edge_76_0_+disjointig_146_0_22270 5219 7487 22270 -1 -1 2241 0.0026884
Chain
	Aln	150	-ccdb0b13-c7c0-43f3-a2a1-1a4666e28d0c 3 2267 2279 +edge_76_0_+disjointig_146_0_22270 14782 17050 22270 -1 -1 2241 0.0026884
Chain
	Aln	150	+4f4b703d-89ad-40d6-98ce-7751e57d8153 9 2269 2279 +edge_76_0_+disjointig_146_0_22270 14767 17031 22270 -1 -1 2208 0.00273443
Chain
	Aln	151	-4f4b703d-89ad-40d6-98ce-7751e57d8153 9 2269 2279 -edge_76_0_+disjointig_146_0_22270 5238 7502 22270 -1 -1 2208 0.00273443
Chain
	Aln	6	+ad3e0bcd-bd5a-44c4-a8ed-295ed72578bc 1474 3711 3716 +edge_4_0_+disjointig_10_0_20168 6 2243 20168 -1 -1 2237 0
Chain
	Aln	7	-ad3e0bcd-bd5a-44c4-a8ed-295ed72578bc 4 2241 3716 -edge_4_0_+disjointig_10_0_20168 17924 20161 20168 -1 -1 2237 0
Chain
	Aln	535	+1232acb5-f316-45d6-b67f-9b4d3cc020f6 9 8064 8206 -edge_268_0_+disjointig_30_13453_22851 1340 9397 9398 -1 -1 7967 0.00164936
Chain
	Aln	534	-1232acb5-f316-45d6-b67f-9b4d3cc020f6 141 8196 8206 +edge_268_0_+disjointig_30_13453_22851 0 8057 9398 -1 -1 7967 0.00164936
Chain
	Aln	752	+17b92087-1b87-4725-b5aa-35012366d78c 6 1042 13910 +edge_377_0_+disjointig_28_27669_32566 3849 4889 4897 -1 -1 1013 0.00308522
	Aln	473	+17b92087-1b87-4725-b5aa-35012366d78c 1065 1790 13910 -edge_237_0_-disjointig_28_6420_7247 14 754 827 -1 -1 548 0.0326884
	Aln	752	+17b92087-1b87-4725-b5aa-35012366d78c 1861 6692 13910 +edge_377_1_+disjointig_28_33393_38243 0 4842 4850 -1 -1 4812 0.00109921
Chain
	Aln	416	+17b92087-1b87-4725-b5aa-35012366d78c 7580 13474 13910 +edge_209_0_+disjointig_259_0_8151 1 5880 8151 -1 -1 5779 0.00259141
Chain
	Aln	753	-17b92087-1b87-4725-b5aa-35012366d78c 7217 12048 13910 -edge_377_1_+disjointig_28_33393_38243 7 4849 4850 -1 -1 4812 0.00109921
	Aln	472	-17b92087-1b87-4725-b5aa-35012366d78c 12119 12844 13910 +edge_237_0_-disjointig_28_6420_7247 72 812 827 -1 -1 548 0.0326884
	Aln	753	-17b92087-1b87-4725-b5aa-35012366d78c 12867 13903 13910 -edge_377_0_+disjointig_28_27669_32566 7 1047 4897 -1 -1 1013 0.00308522
Chain
	Aln	417	-17b92087-1b87-4725-b5aa-35012366d78c 435 6329 13910 -edge_209_0_+disjointig_259_0_8151 2270 8149 8151 -1 -1 5779 0.00259141
Chain
	Aln	290	+83dd7a41-930c-46b5-8817-0e48b74eafbb 22 1873 1878 +edge_146_0_+disjointig_208_0_19308 3057 4907 19308 -1 -1 1847 0.000482204
Chain
	Aln	291	-83dd7a41-930c-46b5-8817-0e48b74eafbb 4 1855 1878 -edge_146_0_+disjointig_208_0_19308 14400 16250 19308 -1 -1 1847 0.000482204
Chain
	Aln	641	+1afa6c7e-2ccb-40cc-87cd-a4eeaa3a4da8 12 1117 1122 -edge_321_0_+disjointig_52_0_21384 10970 12077 21384 -1 -1 1041 0.0087633
Chain
	Aln	640	-1afa6c7e-2ccb-40cc-87cd-a4eeaa3a4da8 4 1109 1122 +edge_321_0_+disjointig_52_0_21384 9306 10413 21384 -1 -1 1041 0.0087633
Chain
	Aln	705	+a789d57c-4b91-4bce-99a5-6319b6348bea 13 2245 2405 -edge_353_0_+disjointig_89_0_13592 11359 13591 13592 -1 -1 2212 0
Chain
	Aln	704	-a789d57c-4b91-4bce-99a5-6319b6348bea 159 2391 2405 +edge_353_0_+disjointig_89_0_13592 0 2232 13592 -1 -1 2212 0
Chain
	Aln	131	+3c6c209c-fa7b-4e00-854a-ae264c157eaf 24 2457 2459 -edge_66_0_+disjointig_138_0_38214 26082 28513 38214 -1 -1 2408 0.000174369
Chain
	Aln	130	-3c6c209c-fa7b-4e00-854a-ae264c157eaf 1 2434 2459 +edge_66_0_+disjointig_138_0_38214 9700 12131 38214 -1 -1 2408 0.000174369
Chain
	Aln	717	+f6261c60-66da-4714-b630-03a1de7a7fd7 12 3821 3824 -edge_359_0_+disjointig_96_0_23495 13789 17601 23495 -1 -1 3751 0.00089445
Chain
	Aln	716	-f6261c60-66da-4714-b630-03a1de7a7fd7 2 3811 3824 +edge_359_0_+disjointig_96_0_23495 5893 9705 23495 -1 -1 3751 0.00089445
Chain
	Aln	339	+f1af994b-f151-4244-9533-71395d3b1206 6 5242 5296 -edge_170_0_+disjointig_223_0_8663 2567 7804 8663 -1 -1 5175 0.00080468
Chain
	Aln	338	-f1af994b-f151-4244-9533-71395d3b1206 53 5289 5296 +edge_170_0_+disjointig_223_0_8663 858 6095 8663 -1 -1 5175 0.00080468
Chain
	Aln	227	+f999de8a-091c-4341-b811-8f2d8e8a1a30 17 4281 4288 -edge_114_0_+disjointig_180_0_7115 16 4281 7115 -1 -1 4256 0
Chain
	Aln	226	-f999de8a-091c-4341-b811-8f2d8e8a1a30 6 4270 4288 +edge_114_0_+disjointig_180_0_7115 2833 7098 7115 -1 -1 4256 0
Chain
	Aln	231	+74164767-211f-4449-9fdb-adaa9149ab25 14 2937 2946 -edge_116_0_+disjointig_182_0_13686 1207 4131 13686 -1 -1 2896 0.00138772
Chain
	Aln	230	-74164767-211f-4449-9fdb-adaa9149ab25 8 2931 2946 +edge_116_0_+disjointig_182_0_13686 9554 12478 13686 -1 -1 2896 0.00138772
Chain
	Aln	765	+471a6dd9-2627-47f6-aaad-bc572c458cb9 5 1215 2589 -edge_383_0_+disjointig_37_1412_10185 7563 8772 8773 -1 -1 1198 0
	Aln	765	+471a6dd9-2627-47f6-aaad-bc572c458cb9 1223 2584 2589 -edge_383_0_+disjointig_37_1412_10185 7 1368 8773 -1 -1 1361 0
Chain
	Aln	764	-471a6dd9-2627-47f6-aaad-bc572c458cb9 4 1365 2589 +edge_383_0_+disjointig_37_1412_10185 7404 8765 8773 -1 -1 1361 0
	Aln	764	-471a6dd9-2627-47f6-aaad-bc572c458cb9 1373 2583 2589 +edge_383_0_+disjointig_37_1412_10185 0 1209 8773 -1 -1 1198 0
Chain
	Aln	291	+eaa3c31f-b3c7-4e69-99d3-b713e6836171 4 7136 7139 -edge_146_0_+disjointig_208_0_19308 9114 16250 19308 -1 -1 7044 0.000840057
Chain
	Aln	290	-eaa3c31f-b3c7-4e69-99d3-b713e6836171 2 7134 7139 +edge_146_0_+disjointig_208_0_19308 3057 10193 19308 -1 -1 7044 0.000840057
Chain
	Aln	144	+ad491e50-366a-464c-b97d-9085a3dcdc29 8 3367 3374 +edge_73_0_+disjointig_143_0_14652 8 3366 14652 -1 -1 3330 0.00391888
Chain
	Aln	145	-ad491e50-366a-464c-b97d-9085a3dcdc29 6 3365 3374 -edge_73_0_+disjointig_143_0_14652 11285 14643 14652 -1 -1 3330 0.00391888
Chain
	Aln	166	+9e801c23-768a-4c25-9e2e-933e273e9d49 10 4046 4050 +edge_84_0_+disjointig_155_0_11844 1838 5872 11844 -1 -1 4029 0.000327473
Chain
	Aln	167	-9e801c23-768a-4c25-9e2e-933e273e9d49 3 4039 4050 -edge_84_0_+disjointig_155_0_11844 5971 10005 11844 -1 -1 4029 0.000327473
Chain
	Aln	764	+ace894a4-916d-439d-a740-00d525cae986 5 1390 2589 +edge_383_0_+disjointig_37_1412_10185 7384 8769 8773 -1 -1 1363 5.06562e-05
	Aln	764	+ace894a4-916d-439d-a740-00d525cae986 1395 2583 2589 +edge_383_0_+disjointig_37_1412_10185 1 1188 8773 -1 -1 1171 0.000681941
Chain
	Aln	765	-ace894a4-916d-439d-a740-00d525cae986 5 1193 2589 -edge_383_0_+disjointig_37_1412_10185 7584 8771 8773 -1 -1 1171 0.000681941
	Aln	765	-ace894a4-916d-439d-a740-00d525cae986 1198 2583 2589 -edge_383_0_+disjointig_37_1412_10185 3 1388 8773 -1 -1 1363 5.06562e-05
Chain
	Aln	139	+cc568293-e404-4f59-9a51-9052e67d2003 333 2222 2224 -edge_70_0_-disjointig_67_10521_41118 12 1900 30597 -1 -1 1853 0.000800924
Chain
	Aln	138	-cc568293-e404-4f59-9a51-9052e67d2003 1 1890 2224 +edge_70_0_-disjointig_67_10521_41118 28696 30584 30597 -1 -1 1853 0.000800924
Chain
	Aln	327	+8e9866cb-e8eb-4a17-afff-9a85f01bc9d8 11 1042 1045 -edge_164_0_+disjointig_218_0_16787 8109 9139 16787 -1 -1 1011 0.00356819
Chain
	Aln	326	-8e9866cb-e8eb-4a17-afff-9a85f01bc9d8 2 1033 1045 +edge_164_0_+disjointig_218_0_16787 7647 8677 16787 -1 -1 1011 0.00356819
Chain
	Aln	326	+b99204d7-90cc-4e99-9938-57d6365be370 3 1040 1042 +edge_164_0_+disjointig_218_0_16787 7629 8668 16787 -1 -1 1004 0.00503418
Chain
	Aln	327	-b99204d7-90cc-4e99-9938-57d6365be370 1 1038 1042 -edge_164_0_+disjointig_218_0_16787 8118 9157 16787 -1 -1 1004 0.00503418
Chain
	Aln	239	+71258c26-002b-4909-9746-2d2d47211eab 10 2103 2108 -edge_120_0_+disjointig_186_0_20482 7887 9972 20482 -1 -1 2027 0.00545728
Chain
	Aln	238	-71258c26-002b-4909-9746-2d2d47211eab 4 2097 2108 +edge_120_0_+disjointig_186_0_20482 10509 12594 20482 -1 -1 2027 0.00545728
Chain
	Aln	335	+3bfd175b-e3c0-452a-bce5-44ac2f16e366 8 3060 3062 -edge_168_0_+disjointig_221_0_14628 1489 4565 14628 -1 -1 2947 0.00324399
Chain
	Aln	334	-3bfd175b-e3c0-452a-bce5-44ac2f16e366 1 3053 3062 +edge_168_0_+disjointig_221_0_14628 10062 13138 14628 -1 -1 2947 0.00324399
Chain
	Aln	739	+0a04ee3d-78ec-4e84-808e-db0c41a9d5f9 4 2247 2439 -edge_370_0_-disjointig_66_3457_23755 18051 20297 20298 -1 -1 2217 0.00107649
Chain
	Aln	738	-0a04ee3d-78ec-4e84-808e-db0c41a9d5f9 191 2434 2439 +edge_370_0_-disjointig_66_3457_23755 0 2246 20298 -1 -1 2217 0.00107649
Chain
	Aln	42	+f62bc839-0e66-44f1-839d-cc5fb9b41466 10 3051 3055 +edge_22_0_+disjointig_107_0_25761 10899 13940 25761 -1 -1 2977 0.00212688
Chain
	Aln	43	-f62bc839-0e66-44f1-839d-cc5fb9b41466 3 3044 3055 -edge_22_0_+disjointig_107_0_25761 11820 14861 25761 -1 -1 2977 0.00212688
Chain
	Aln	168	+0722fe78-b00a-49ad-ae81-290de9536b7a 1 4053 4061 +edge_85_0_+disjointig_156_0_15099 8643 12694 15099 -1 -1 4012 0.00145581
Chain
	Aln	169	-0722fe78-b00a-49ad-ae81-290de9536b7a 7 4059 4061 -edge_85_0_+disjointig_156_0_15099 2404 6455 15099 -1 -1 4012 0.00145581
Chain
	Aln	661	+5bdb1120-332e-49b0-9e27-d5a0ce94bd57 1 2418 2424 -edge_331_0_+disjointig_63_0_33738 13865 16282 33738 -1 -1 2406 0.00072961
Chain
	Aln	660	-5bdb1120-332e-49b0-9e27-d5a0ce94bd57 5 2422 2424 +edge_331_0_+disjointig_63_0_33738 17455 19872 33738 -1 -1 2406 0.00072961
Chain
	Aln	181	+daf1a156-f229-441d-8bad-6ad79ffe0e20 10 4869 4872 -edge_91_0_+disjointig_161_0_18481 9 4871 18481 -1 -1 4837 0.00175256
Chain
	Aln	180	-daf1a156-f229-441d-8bad-6ad79ffe0e20 2 4861 4872 +edge_91_0_+disjointig_161_0_18481 13609 18471 18481 -1 -1 4837 0.00175256
Chain
	Aln	259	+1a406da3-5160-4eda-ac17-6ea3033d6af2 81 1273 5230 -edge_130_0_+disjointig_195_9643_10845 8 1201 1202 -1 -1 1184 0
	Aln	257	+1a406da3-5160-4eda-ac17-6ea3033d6af2 1281 5226 5230 -edge_129_0_+disjointig_195_0_9643 7 3951 9643 -1 -1 3908 0.000874418
Chain
	Aln	256	-1a406da3-5160-4eda-ac17-6ea3033d6af2 3 3948 5230 +edge_129_0_+disjointig_195_0_9643 5691 9635 9643 -1 -1 3908 0.000874418
	Aln	258	-1a406da3-5160-4eda-ac17-6ea3033d6af2 3956 5148 5230 +edge_130_0_+disjointig_195_9643_10845 0 1193 1202 -1 -1 1184 0
Chain
	Aln	194	+3d5f0f19-ef64-460f-aea5-e086062c57f6 955 3287 3290 +edge_98_0_+disjointig_166_0_14218 1 2333 14218 -1 -1 2332 0
Chain
	Aln	195	-3d5f0f19-ef64-460f-aea5-e086062c57f6 2 2334 3290 -edge_98_0_+disjointig_166_0_14218 11884 14216 14218 -1 -1 2332 0
Chain
	Aln	553	+49a3e05a-fbd4-4e22-8259-8e9513f807aa 327 1423 1432 -edge_277_0_+disjointig_310_0_9201 10 1106 9201 -1 -1 1065 0.0029726
Chain
	Aln	552	-49a3e05a-fbd4-4e22-8259-8e9513f807aa 8 1104 1432 +edge_277_0_+disjointig_310_0_9201 8094 9190 9201 -1 -1 1065 0.0029726
Chain
	Aln	414	+b02eda70-5673-4231-b144-1516e0557723 857 2637 2639 +edge_208_0_+disjointig_258_0_4050 1 1779 4050 -1 -1 1750 0.00412453
Chain
	Aln	415	-b02eda70-5673-4231-b144-1516e0557723 1 1781 2639 -edge_208_0_+disjointig_258_0_4050 2270 4048 4050 -1 -1 1750 0.00412453
Chain
	Aln	391	+7ac453dd-b77b-4e7e-aa8f-05e7c665ec5c 12 2294 2327 -edge_196_0_+disjointig_247_0_8843 6516 8807 8843 -1 -1 2229 0.00209653
Chain
	Aln	390	-7ac453dd-b77b-4e7e-aa8f-05e7c665ec5c 32 2314 2327 +edge_196_0_+disjointig_247_0_8843 35 2326 8843 -1 -1 2229 0.00209653
Chain
	Aln	619	+6335e0c8-f2da-46e8-a6c3-3898eec594ec 13 2572 2578 -edge_310_0_+disjointig_39_0_32732 22579 25138 32732 -1 -1 2559 2.03532e-05
Chain
	Aln	618	-6335e0c8-f2da-46e8-a6c3-3898eec594ec 5 2564 2578 +edge_310_0_+disjointig_39_0_32732 7593 10152 32732 -1 -1 2559 2.03532e-05
Chain
	Aln	461	+0bad5b02-6f39-4603-95ad-ee2f4e2676a1 7 2346 2348 -edge_231_0_+disjointig_277_0_2346 6 2344 2346 -1 -1 2256 0.00129759
Chain
	Aln	460	-0bad5b02-6f39-4603-95ad-ee2f4e2676a1 1 2340 2348 +edge_231_0_+disjointig_277_0_2346 1 2339 2346 -1 -1 2256 0.00129759
Chain
	Aln	659	+6cab0e6d-715c-4790-a4fd-d16a919145ab 8 1160 1163 -edge_330_0_+disjointig_62_0_13179 10493 11647 13179 -1 -1 1131 0.00180248
Chain
	Aln	658	-6cab0e6d-715c-4790-a4fd-d16a919145ab 2 1154 1163 +edge_330_0_+disjointig_62_0_13179 1531 2685 13179 -1 -1 1131 0.00180248
Chain
	Aln	444	+b9148324-69c0-4068-8926-971a8081b85d 12 3330 3337 +edge_223_0_+disjointig_27_0_9653 2380 5696 9653 -1 -1 3304 0
Chain
	Aln	445	-b9148324-69c0-4068-8926-971a8081b85d 6 3324 3337 -edge_223_0_+disjointig_27_0_9653 3956 7272 9653 -1 -1 3304 0
Chain
	Aln	11	+2e12cd72-077f-4350-a3ef-2a77a85ce564 20 1857 1863 -edge_6_0_+disjointig_101_0_9851 5956 7794 9851 -1 -1 1827 0.00131733
Chain
	Aln	10	-2e12cd72-077f-4350-a3ef-2a77a85ce564 5 1842 1863 +edge_6_0_+disjointig_101_0_9851 2056 3894 9851 -1 -1 1827 0.00131733
Chain
	Aln	493	+6da87496-3541-4d2f-8d62-223cb332550a 39 2350 2372 -edge_247_0_+disjointig_283_0_2370 38 2348 2370 -1 -1 2198 0.00592694
Chain
	Aln	492	-6da87496-3541-4d2f-8d62-223cb332550a 21 2332 2372 +edge_247_0_+disjointig_283_0_2370 21 2331 2370 -1 -1 2198 0.00592694
Chain
	Aln	12	+9fb4f32e-cb5d-40de-aa23-2d3e6b53cd60 306 2186 2193 +edge_7_0_+disjointig_102_0_4943 2 1882 4943 -1 -1 1765 0.00504015
Chain
	Aln	13	-9fb4f32e-cb5d-40de-aa23-2d3e6b53cd60 6 1886 2193 -edge_7_0_+disjointig_102_0_4943 3060 4940 4943 -1 -1 1765 0.00504015
Chain
	Aln	218	+25482914-9911-4df5-b734-0b2e76016129 10 4246 4255 +edge_110_0_+disjointig_176_0_18510 11838 16074 18510 -1 -1 4045 0.0046452
Chain
	Aln	219	-25482914-9911-4df5-b734-0b2e76016129 8 4244 4255 -edge_110_0_+disjointig_176_0_18510 2435 6671 18510 -1 -1 4045 0.0046452
Chain
	Aln	53	+5e214df1-6b97-47e8-901d-42265e9be4de 9 3059 3065 -edge_27_0_+disjointig_111_0_6531 8 3057 6531 -1 -1 3024 0
Chain
	Aln	52	-5e214df1-6b97-47e8-901d-42265e9be4de 5 3055 3065 +edge_27_0_+disjointig_111_0_6531 3473 6522 6531 -1 -1 3024 0
Chain
	Aln	446	+c89b69ef-2253-45e9-83a1-342baefe24db 15 1831 1847 +edge_224_0_+disjointig_270_0_6187 164 1987 6187 -1 -1 1812 0.0024821
Chain
	Aln	447	-c89b69ef-2253-45e9-83a1-342baefe24db 15 1831 1847 -edge_224_0_+disjointig_270_0_6187 4199 6022 6187 -1 -1 1812 0.0024821
Chain
	Aln	618	+5a630ee3-37c2-4851-a88f-c2233c79c6fe 5 1561 1569 +edge_310_0_+disjointig_39_0_32732 17405 18960 32732 -1 -1 1537 0.00348447
Chain
	Aln	619	-5a630ee3-37c2-4851-a88f-c2233c79c6fe 7 1563 1569 -edge_310_0_+disjointig_39_0_32732 13771 15326 32732 -1 -1 1537 0.00348447
Chain
	Aln	156	+bfb1a3a1-83eb-4027-835a-f1c00c7bd17e 32 9468 9479 +edge_79_0_+disjointig_149_0_13469 4030 13459 13469 -1 -1 9252 0.00229663
Chain
	Aln	157	-bfb1a3a1-83eb-4027-835a-f1c00c7bd17e 10 9446 9479 -edge_79_0_+disjointig_149_0_13469 9 9438 13469 -1 -1 9252 0.00229663
Chain
	Aln	369	+b7215a19-408d-4036-ab35-18d4f641f9c1 199 2519 2522 -edge_185_0_+disjointig_237_0_7611 16 2336 7611 -1 -1 2306 0.000394101
Chain
	Aln	368	-b7215a19-408d-4036-ab35-18d4f641f9c1 2 2322 2522 +edge_185_0_+disjointig_237_0_7611 5274 7594 7611 -1 -1 2306 0.000394101
Chain
	Aln	300	+52f01db0-c18a-4911-9d85-b9eb358f9a31 2 1367 1701 +edge_151_0_+disjointig_21_0_26556 25184 26549 26556 -1 -1 1365 0
Chain
	Aln	301	-52f01db0-c18a-4911-9d85-b9eb358f9a31 333 1698 1701 -edge_151_0_+disjointig_21_0_26556 6 1371 26556 -1 -1 1365 0
Chain
	Aln	659	+29193055-5343-4afb-a69d-9f4935ecf098 32 1467 1476 -edge_330_0_+disjointig_62_0_13179 2980 4408 13179 -1 -1 1338 0.0101592
Chain
	Aln	658	-29193055-5343-4afb-a69d-9f4935ecf098 8 1443 1476 +edge_330_0_+disjointig_62_0_13179 8770 10198 13179 -1 -1 1338 0.0101592
Chain
	Aln	496	+f37e95dd-942e-4c6e-add0-249ee435e92f 6 1982 1986 +edge_249_0_+disjointig_285_0_4613 1220 3199 4613 -1 -1 1934 0.00406324
Chain
	Aln	497	-f37e95dd-942e-4c6e-add0-249ee435e92f 3 1979 1986 -edge_249_0_+disjointig_285_0_4613 1413 3392 4613 -1 -1 1934 0.00406324
Chain
	Aln	222	+e6cf239e-5324-407d-ae03-8328e899e87b 11 2726 2730 +edge_112_0_+disjointig_179_0_13636 2930 5648 13636 -1 -1 2682 0.00382032
Chain
	Aln	223	-e6cf239e-5324-407d-ae03-8328e899e87b 3 2718 2730 -edge_112_0_+disjointig_179_0_13636 7987 10705 13636 -1 -1 2682 0.00382032
Chain
	Aln	607	+13ee2ba7-2e62-4160-80b1-3bf9d886d2a6 7 1221 1228 -edge_304_0_+disjointig_34_0_21728 8663 9879 21728 -1 -1 1202 0.00232909
Chain
	Aln	606	-13ee2ba7-2e62-4160-80b1-3bf9d886d2a6 6 1220 1228 +edge_304_0_+disjointig_34_0_21728 11848 13064 21728 -1 -1 1202 0.00232909
Chain
	Aln	724	+99e18084-8b6d-405b-8914-c09561a247a4 13 7871 7877 +edge_363_0_-disjointig_118_8955_29374 5041 12869 20419 -1 -1 7372 0.00644091
Chain
	Aln	725	-99e18084-8b6d-405b-8914-c09561a247a4 5 7863 7877 -edge_363_0_-disjointig_118_8955_29374 7549 15377 20419 -1 -1 7372 0.00644091
Chain
	Aln	143	+212b79e6-bf50-440b-89a0-8009e6a8834e 2 2039 2045 -edge_72_0_+disjointig_142_0_7073 1121 3155 7073 -1 -1 1948 0.00301799
Chain
	Aln	142	-212b79e6-bf50-440b-89a0-8009e6a8834e 5 2042 2045 +edge_72_0_+disjointig_142_0_7073 3917 5951 7073 -1 -1 1948 0.00301799
Chain
	Aln	42	+5bb554c9-aba3-4d0c-886c-33b4d0f8a0ad 9 1030 1033 +edge_22_0_+disjointig_107_0_25761 9396 10417 25761 -1 -1 1021 0.00038005
Chain
	Aln	43	-5bb554c9-aba3-4d0c-886c-33b4d0f8a0ad 2 1023 1033 -edge_22_0_+disjointig_107_0_25761 15343 16364 25761 -1 -1 1021 0.00038005
Chain
	Aln	705	+a5aafca7-8b1d-499c-b58d-3d6566fca266 15 7728 7737 -edge_353_0_+disjointig_89_0_13592 1336 9052 13592 -1 -1 7664 0.000403002
Chain
	Aln	704	-a5aafca7-8b1d-499c-b58d-3d6566fca266 8 7721 7737 +edge_353_0_+disjointig_89_0_13592 4539 12255 13592 -1 -1 7664 0.000403002
Chain
	Aln	491	+d436a2d8-1897-4d22-b92a-6f6e68bf145a 10 3262 3267 -edge_246_0_+disjointig_282_0_7495 1504 4753 7495 -1 -1 3222 0.00139861
Chain
	Aln	490	-d436a2d8-1897-4d22-b92a-6f6e68bf145a 4 3256 3267 +edge_246_0_+disjointig_282_0_7495 2741 5990 7495 -1 -1 3222 0.00139861
Chain
	Aln	111	+63baf16a-7984-4c87-ab69-bccefac88b64 7 4674 4677 -edge_56_0_+disjointig_127_0_7260 498 5154 7260 -1 -1 4601 0.00137211
Chain
	Aln	110	-63baf16a-7984-4c87-ab69-bccefac88b64 2 4669 4677 +edge_56_0_+disjointig_127_0_7260 2105 6761 7260 -1 -1 4601 0.00137211
Chain
	Aln	222	+28c20975-2241-4e94-b103-cf88917aaaea 8 1184 1194 +edge_112_0_+disjointig_179_0_13636 1719 2893 13636 -1 -1 1163 0.000919136
Chain
	Aln	223	-28c20975-2241-4e94-b103-cf88917aaaea 9 1185 1194 -edge_112_0_+disjointig_179_0_13636 10742 11916 13636 -1 -1 1163 0.000919136
Chain
	Aln	704	+f7bb37e1-a096-4063-a22c-3a810add266d 19 9189 9194 +edge_353_0_+disjointig_89_0_13592 3065 12245 13592 -1 -1 9104 0.000607269
Chain
	Aln	705	-f7bb37e1-a096-4063-a22c-3a810add266d 4 9174 9194 -edge_353_0_+disjointig_89_0_13592 1346 10526 13592 -1 -1 9104 0.000607269
Chain
	Aln	154	+d2036bd8-20db-4971-b7c5-d7c339e7513c 1 6470 7809 +edge_78_0_+disjointig_148_0_6477 1 6471 6477 -1 -1 6363 0.00418286
Chain
	Aln	155	-d2036bd8-20db-4971-b7c5-d7c339e7513c 1338 7807 7809 -edge_78_0_+disjointig_148_0_6477 5 6475 6477 -1 -1 6363 0.00418286
Chain
	Aln	407	+4d522dca-456b-4212-bba5-d9fd092078c1 21 2618 2624 -edge_204_0_+disjointig_254_0_5133 983 3578 5133 -1 -1 2568 0.000508329
Chain
	Aln	406	-4d522dca-456b-4212-bba5-d9fd092078c1 5 2602 2624 +edge_204_0_+disjointig_254_0_5133 1554 4149 5133 -1 -1 2568 0.000508329
Chain
	Aln	594	+106091a5-5ef4-4339-860b-0739d296be58 1 5958 5966 +edge_298_0_+disjointig_325_0_7000 1 5963 7000 -1 -1 5777 0.00297938
Chain
	Aln	595	-106091a5-5ef4-4339-860b-0739d296be58 7 5964 5966 -edge_298_0_+disjointig_325_0_7000 1036 6998 7000 -1 -1 5777 0.00297938
Chain
	Aln	710	+cce6d49c-f620-489a-94ad-99f12049347f 74 1705 1712 +edge_356_0_+disjointig_93_0_25924 3124 4755 25924 -1 -1 1617 0.00260943
Chain
	Aln	711	-cce6d49c-f620-489a-94ad-99f12049347f 6 1637 1712 -edge_356_0_+disjointig_93_0_25924 21168 22799 25924 -1 -1 1617 0.00260943
Chain
	Aln	738	+299d9446-c90e-400d-ab4d-f840e8d9ee5d 11 1380 1382 +edge_370_0_-disjointig_66_3457_23755 1452 2821 20298 -1 -1 1369 0
Chain
	Aln	739	-299d9446-c90e-400d-ab4d-f840e8d9ee5d 1 1370 1382 -edge_370_0_-disjointig_66_3457_23755 17476 18845 20298 -1 -1 1369 0
Chain
	Aln	39	+7ca63dd1-c632-4f7e-8ae4-14340ea87474 7 2382 2385 -edge_20_0_+disjointig_105_0_37299 9145 11522 37299 -1 -1 2362 0.0035353
Chain
	Aln	38	-7ca63dd1-c632-4f7e-8ae4-14340ea87474 2 2377 2385 +edge_20_0_+disjointig_105_0_37299 25776 28153 37299 -1 -1 2362 0.0035353
Chain
	Aln	83	+94c39e67-c575-47fa-9e64-78e1cb50f313 793 2241 2248 -edge_42_0_+disjointig_115_0_26307 14 1460 26307 -1 -1 1435 0.00554904
Chain
	Aln	82	-94c39e67-c575-47fa-9e64-78e1cb50f313 6 1454 2248 +edge_42_0_+disjointig_115_0_26307 24846 26292 26307 -1 -1 1435 0.00554904
Chain
	Aln	691	+0b0d8316-d357-4f17-af50-88fa8931eeb6 5 2920 2925 -edge_346_0_+disjointig_82_0_9722 4684 7602 9722 -1 -1 2859 0.00346508
Chain
	Aln	690	-0b0d8316-d357-4f17-af50-88fa8931eeb6 4 2919 2925 +edge_346_0_+disjointig_82_0_9722 2119 5037 9722 -1 -1 2859 0.00346508
Chain
	Aln	35	+91559f58-5f6f-4297-9d5f-c70157f043fb 82 1751 1754 -edge_18_0_-disjointig_8_5986_18521 6143 7812 12535 -1 -1 1645 0.000141856
Chain
	Aln	34	-91559f58-5f6f-4297-9d5f-c70157f043fb 2 1671 1754 +edge_18_0_-disjointig_8_5986_18521 4722 6391 12535 -1 -1 1645 0.000141856
Chain
	Aln	140	+7c575398-6fcc-432d-9c57-d531495fe122 19 5480 5492 +edge_71_0_+disjointig_140_0_13641 8164 13630 13641 -1 -1 5382 0.00146838
Chain
	Aln	141	-7c575398-6fcc-432d-9c57-d531495fe122 11 5472 5492 -edge_71_0_+disjointig_140_0_13641 10 5476 13641 -1 -1 5382 0.00146838
Chain
	Aln	681	+ece9fdea-1bea-428d-b04c-afffef1a0cd6 3 3062 3067 -edge_341_0_+disjointig_76_0_13454 7009 10070 13454 -1 -1 2996 0.00066219
Chain
	Aln	680	-ece9fdea-1bea-428d-b04c-afffef1a0cd6 4 3063 3067 +edge_341_0_+disjointig_76_0_13454 3383 6444 13454 -1 -1 2996 0.00066219
Chain
	Aln	289	+11065a89-0141-464b-9309-f2a45710edaa 13 4390 5105 -edge_145_0_+disjointig_207_0_5860 1481 5859 5860 -1 -1 4342 0.000528104
Chain
	Aln	288	-11065a89-0141-464b-9309-f2a45710edaa 714 5091 5105 +edge_145_0_+disjointig_207_0_5860 0 4378 5860 -1 -1 4342 0.000528104
Chain
	Aln	51	+7e3a7512-42fa-48c2-a11d-789947925ec0 463 1779 1781 -edge_26_0_+disjointig_110_0_5900 13 1329 5900 -1 -1 1230 0.00642557
Chain
	Aln	50	-7e3a7512-42fa-48c2-a11d-789947925ec0 1 1317 1781 +edge_26_0_+disjointig_110_0_5900 4570 5886 5900 -1 -1 1230 0.00642557
Chain
	Aln	11	+7e20410f-a924-466b-b74e-cf265b8503e7 358 1637 1642 -edge_6_0_+disjointig_101_0_9851 15 1293 9851 -1 -1 1269 0.00102041
Chain
	Aln	10	-7e20410f-a924-466b-b74e-cf265b8503e7 4 1283 1642 +edge_6_0_+disjointig_101_0_9851 8557 9835 9851 -1 -1 1269 0.00102041
Chain
	Aln	764	+3eba3c61-fc71-43d9-8216-b0b6e9fc4268 10 1319 1322 +edge_383_0_+disjointig_37_1412_10185 512 1830 8773 -1 -1 1295 0.00176424
Chain
	Aln	765	-3eba3c61-fc71-43d9-8216-b0b6e9fc4268 2 1311 1322 -edge_383_0_+disjointig_37_1412_10185 6942 8260 8773 -1 -1 1295 0.00176424
Chain
	Aln	225	+74f67fe4-2099-4555-98c0-73ec98554c4c 12 2567 2569 -edge_113_0_+disjointig_18_0_2571 11 2569 2571 -1 -1 2508 0.00102041
Chain
	Aln	224	-74f67fe4-2099-4555-98c0-73ec98554c4c 1 2556 2569 +edge_113_0_+disjointig_18_0_2571 1 2559 2571 -1 -1 2508 0.00102041
Chain
	Aln	423	+73ba7c74-56f0-44ce-9819-884877567ebd 14 4075 4083 -edge_212_0_+disjointig_261_0_30460 25578 29639 30460 -1 -1 4055 0.000529334
Chain
	Aln	422	-73ba7c74-56f0-44ce-9819-884877567ebd 7 4068 4083 +edge_212_0_+disjointig_261_0_30460 820 4881 30460 -1 -1 4055 0.000529334
Chain
	Aln	181	+7faf29fa-dea2-4ca8-bf50-121f04656347 27 4388 4393 -edge_91_0_+disjointig_161_0_18481 8676 13039 18481 -1 -1 4307 0.00153444
Chain
	Aln	180	-7faf29fa-dea2-4ca8-bf50-121f04656347 4 4365 4393 +edge_91_0_+disjointig_161_0_18481 5441 9804 18481 -1 -1 4307 0.00153444
Chain
	Aln	224	+451e3a9d-b90e-4ae8-95c7-c1175b1d2581 21 2562 2564 +edge_113_0_+disjointig_18_0_2571 1 2551 2571 -1 -1 2471 0.00174614
Chain
	Aln	225	-451e3a9d-b90e-4ae8-95c7-c1175b1d2581 1 2542 2564 -edge_113_0_+disjointig_18_0_2571 19 2569 2571 -1 -1 2471 0.00174614
Chain
	Aln	491	+9cb3ece4-2d79-49bb-ae55-6699cab1a28c 10 5648 5655 -edge_246_0_+disjointig_282_0_7495 1849 7488 7495 -1 -1 5572 0.000567606
Chain
	Aln	490	-9cb3ece4-2d79-49bb-ae55-6699cab1a28c 6 5644 5655 +edge_246_0_+disjointig_282_0_7495 6 5645 7495 -1 -1 5572 0.000567606
Chain
	Aln	645	+5472ade0-1768-47b4-95e4-1767edb3d8ce 6 3346 3369 -edge_323_0_+disjointig_54_0_13403 8395 11736 13403 -1 -1 3310 0.000389803
Chain
	Aln	644	-5472ade0-1768-47b4-95e4-1767edb3d8ce 22 3362 3369 +edge_323_0_+disjointig_54_0_13403 1666 5007 13403 -1 -1 3310 0.000389803
Chain
	Aln	647	+fea22432-fce2-48ba-ad8d-f609d448db5c 10 2609 2614 -edge_324_0_+disjointig_55_0_20283 5520 8119 20283 -1 -1 2599 0.00195576
Chain
	Aln	646	-fea22432-fce2-48ba-ad8d-f609d448db5c 4 2603 2614 +edge_324_0_+disjointig_55_0_20283 12163 14762 20283 -1 -1 2599 0.00195576
Chain
	Aln	79	+048d9181-c2c2-432c-81b2-5f0c8a7f9e27 13 1399 1407 -edge_40_0_+disjointig_113_0_8453 6006 7398 8453 -1 -1 1328 0.00422176
Chain
	Aln	78	-048d9181-c2c2-432c-81b2-5f0c8a7f9e27 7 1393 1407 +edge_40_0_+disjointig_113_0_8453 1054 2446 8453 -1 -1 1328 0.00422176
Chain
	Aln	339	+785e6efa-c14d-4e41-9ffc-94cf29d17269 2 2098 2106 -edge_170_0_+disjointig_223_0_8663 2803 4914 8663 -1 -1 2062 0.000757737
Chain
	Aln	338	-785e6efa-c14d-4e41-9ffc-94cf29d17269 7 2103 2106 +edge_170_0_+disjointig_223_0_8663 3748 5859 8663 -1 -1 2062 0.000757737
Chain
	Aln	738	+c2571f7d-867e-4a51-81a6-443952eb4508 1 2414 2417 +edge_370_0_-disjointig_66_3457_23755 13513 15921 20298 -1 -1 2381 0.000226028
Chain
	Aln	739	-c2571f7d-867e-4a51-81a6-443952eb4508 2 2415 2417 -edge_370_0_-disjointig_66_3457_23755 4376 6784 20298 -1 -1 2381 0.000226028
Chain
	Aln	606	+fe69dc92-694b-46aa-a121-279d8524a893 21 4075 4079 +edge_304_0_+disjointig_34_0_21728 6350 10420 21728 -1 -1 3765 0.00712645
Chain
	Aln	607	-fe69dc92-694b-46aa-a121-279d8524a893 3 4057 4079 -edge_304_0_+disjointig_34_0_21728 11307 15377 21728 -1 -1 3765 0.00712645
Chain
	Aln	753	+a718e2d4-2720-44d5-8a31-9136d5211845 10 1136 1139 -edge_377_0_+disjointig_28_27669_32566 1778 2900 4897 -1 -1 1118 0.00182462
Chain
	Aln	752	-a718e2d4-2720-44d5-8a31-9136d5211845 2 1128 1139 +edge_377_0_+disjointig_28_27669_32566 1996 3118 4897 -1 -1 1118 0.00182462
Chain
	Aln	407	+579e33e5-f6fd-4fdc-adb1-6a4add8faed1 13 1272 1549 -edge_204_0_+disjointig_254_0_5133 1869 3132 5133 -1 -1 1237 0.00132105
Chain
	Aln	406	-579e33e5-f6fd-4fdc-adb1-6a4add8faed1 276 1535 1549 +edge_204_0_+disjointig_254_0_5133 2000 3263 5133 -1 -1 1237 0.00132105
Chain
	Aln	323	+41c12dc1-e49d-4707-a307-2c3df5cd827d 5 1551 1556 -edge_162_0_+disjointig_217_13921_25831 3485 5032 11910 -1 -1 1540 0.000125995
Chain
	Aln	322	-41c12dc1-e49d-4707-a307-2c3df5cd827d 4 1550 1556 +edge_162_0_+disjointig_217_13921_25831 6877 8424 11910 -1 -1 1540 0.000125995
Chain
	Aln	705	+1f02b5de-2afb-43a6-bc2d-3cb196eef4df 8 4701 4726 -edge_353_0_+disjointig_89_0_13592 5012 9702 13592 -1 -1 4476 0.0049149
Chain
	Aln	704	-1f02b5de-2afb-43a6-bc2d-3cb196eef4df 24 4717 4726 +edge_353_0_+disjointig_89_0_13592 3889 8579 13592 -1 -1 4476 0.0049149
Chain
	Aln	231	+2b57ae5f-7ff8-4e5d-b010-bb0a288051c5 17 5199 5205 -edge_116_0_+disjointig_182_0_13686 16 5195 13686 -1 -1 5152 0.00119676
Chain
	Aln	230	-2b57ae5f-7ff8-4e5d-b010-bb0a288051c5 5 5187 5205 +edge_116_0_+disjointig_182_0_13686 8490 13669 13686 -1 -1 5152 0.00119676
Chain
	Aln	503	+c9a261fc-42c8-4af1-85bd-887847c75d7c 1 1148 1158 -edge_252_0_+disjointig_288_0_2229 765 1915 2229 -1 -1 1077 0.00426575
Chain
	Aln	502	-c9a261fc-42c8-4af1-85bd-887847c75d7c 9 1156 1158 +edge_252_0_+disjointig_288_0_2229 313 1463 2229 -1 -1 1077 0.00426575
Chain
	Aln	763	+0f42e8e4-e58c-4b24-8550-c1898566bc4f 6 1151 1156 -edge_382_0_+disjointig_320_7809_16454 2915 4059 8645 -1 -1 1141 0.000765219
Chain
	Aln	762	-0f42e8e4-e58c-4b24-8550-c1898566bc4f 4 1149 1156 +edge_382_0_+disjointig_320_7809_16454 4585 5729 8645 -1 -1 1141 0.000765219
Chain
	Aln	648	+58face93-4928-46e4-997b-967d695f446c 10 9113 9279 +edge_325_0_+disjointig_56_0_14906 5424 14660 14906 -1 -1 5533 0.0434037
Chain
	Aln	649	-58face93-4928-46e4-997b-967d695f446c 165 9268 9279 -edge_325_0_+disjointig_56_0_14906 245 9481 14906 -1 -1 5533 0.0434037
Chain
	Aln	160	+d97e1d29-3ee3-4e2c-a22f-d358c07f8b75 8 1302 1308 +edge_81_0_+disjointig_150_0_6161 2073 3366 6161 -1 -1 1270 0.00461499
Chain
	Aln	161	-d97e1d29-3ee3-4e2c-a22f-d358c07f8b75 5 1299 1308 -edge_81_0_+disjointig_150_0_6161 2794 4087 6161 -1 -1 1270 0.00461499
Chain
	Aln	215	+6fba827f-5318-4904-beaa-7dbf7b37def3 12 4898 4901 -edge_108_0_+disjointig_174_0_19402 930 5816 19402 -1 -1 4868 0.000750827
Chain
	Aln	214	-6fba827f-5318-4904-beaa-7dbf7b37def3 2 4888 4901 +edge_108_0_+disjointig_174_0_19402 13585 18471 19402 -1 -1 4868 0.000750827
Chain
	Aln	214	+bb5c7153-f6a3-4c4f-a1cf-d32b29fa3da5 9 4891 4900 +edge_108_0_+disjointig_174_0_19402 13572 18457 19402 -1 -1 4799 0.00223669
Chain
	Aln	215	-bb5c7153-f6a3-4c4f-a1cf-d32b29fa3da5 8 4890 4900 -edge_108_0_+disjointig_174_0_19402 944 5829 19402 -1 -1 4799 0.00223669
Chain
	Aln	764	+187ac75f-a96c-4872-be56-b043e3f9df1c 13 1751 1904 +edge_383_1_+disjointig_37_10185_18955 6181 7923 8770 -1 -1 1690 0.00285515
Chain
	Aln	765	-187ac75f-a96c-4872-be56-b043e3f9df1c 152 1890 1904 -edge_383_1_+disjointig_37_10185_18955 846 2588 8770 -1 -1 1690 0.00285515
Chain
	Aln	246	+7b9dfa1a-e213-4334-9e70-b1aa3d090448 10 1457 1462 +edge_124_0_+disjointig_19_0_15579 12541 13987 15579 -1 -1 1419 0.00215982
Chain
	Aln	247	-7b9dfa1a-e213-4334-9e70-b1aa3d090448 4 1451 1462 -edge_124_0_+disjointig_19_0_15579 1591 3037 15579 -1 -1 1419 0.00215982
Chain
	Aln	150	+7a09502d-f4c2-4622-b19e-b33f4406c4d6 4 2830 2833 +edge_76_0_+disjointig_146_0_22270 17139 19964 22270 -1 -1 2713 0.00423293
Chain
	Aln	151	-7a09502d-f4c2-4622-b19e-b33f4406c4d6 2 2828 2833 -edge_76_0_+disjointig_146_0_22270 2305 5130 22270 -1 -1 2713 0.00423293
Chain
	Aln	178	+2251575f-a67d-47b8-b2ec-8f4b771fba2c 17 1035 1044 +edge_90_0_+disjointig_16_0_20838 10380 11403 20838 -1 -1 969 0.00619762
Chain
	Aln	179	-2251575f-a67d-47b8-b2ec-8f4b771fba2c 8 1026 1044 -edge_90_0_+disjointig_16_0_20838 9434 10457 20838 -1 -1 969 0.00619762
Chain
	Aln	47	+36d77506-f94a-42b2-8065-18bb7a1fecbb 2 1937 1940 -edge_24_0_+disjointig_109_0_11803 3822 5754 11803 -1 -1 1922 0.00118116
Chain
	Aln	46	-36d77506-f94a-42b2-8065-18bb7a1fecbb 2 1937 1940 +edge_24_0_+disjointig_109_0_11803 6048 7980 11803 -1 -1 1922 0.00118116
Chain
	Aln	43	+cc6ccf54-5e9d-41fb-955d-11322ed4324a 15 1481 1485 -edge_22_0_+disjointig_107_0_25761 850 2318 25761 -1 -1 1422 0.00489746
Chain
	Aln	42	-cc6ccf54-5e9d-41fb-955d-11322ed4324a 3 1469 1485 +edge_22_0_+disjointig_107_0_25761 23442 24910 25761 -1 -1 1422 0.00489746
Chain
	Aln	761	+49f61508-05e1-4e39-a0b5-cc44b6a5a54f 15 2621 2624 -edge_381_0_-disjointig_45_0_30722 15682 18286 30722 -1 -1 2588 0.00237255
Chain
	Aln	760	-49f61508-05e1-4e39-a0b5-cc44b6a5a54f 2 2608 2624 +edge_381_0_-disjointig_45_0_30722 12435 15039 30722 -1 -1 2588 0.00237255
Chain
	Aln	245	+7af2697e-94e0-4eb0-9bea-9b557021885e 2 2528 2537 -edge_123_0_+disjointig_189_0_12456 6691 9217 12456 -1 -1 2526 0.000928455
Chain
	Aln	244	-7af2697e-94e0-4eb0-9bea-9b557021885e 8 2534 2537 +edge_123_0_+disjointig_189_0_12456 3238 5764 12456 -1 -1 2526 0.000928455
Chain
	Aln	760	+a42a26c0-ec3b-48f3-b8c0-ff3fd1fa0226 8 2761 2769 +edge_381_0_-disjointig_45_0_30722 11504 14257 30722 -1 -1 2747 0.00123193
Chain
	Aln	761	-a42a26c0-ec3b-48f3-b8c0-ff3fd1fa0226 7 2760 2769 -edge_381_0_-disjointig_45_0_30722 16464 19217 30722 -1 -1 2747 0.00123193
Chain
	Aln	83	+8cc76983-2692-4330-971c-2c53c4ed27e4 15 6589 6595 -edge_42_0_+disjointig_115_0_26307 14 6587 26307 -1 -1 6526 0.00167197
Chain
	Aln	82	-8cc76983-2692-4330-971c-2c53c4ed27e4 5 6579 6595 +edge_42_0_+disjointig_115_0_26307 19719 26292 26307 -1 -1 6526 0.00167197
Chain
	Aln	70	+23f363cf-5145-4d69-a8b5-fccb95944455 13 6695 6699 +edge_36_0_+disjointig_14_15170_31787 4763 11448 16617 -1 -1 6128 0.00863506
Chain
	Aln	71	-23f363cf-5145-4d69-a8b5-fccb95944455 3 6685 6699 -edge_36_0_+disjointig_14_15170_31787 5168 11853 16617 -1 -1 6128 0.00863506
Chain
	Aln	138	+bfa172a8-6f5e-4995-b4f1-42d3da9ce278 14 1554 1559 +edge_70_0_-disjointig_67_10521_41118 22689 24231 30597 -1 -1 1527 0.00362001
Chain
	Aln	139	-bfa172a8-6f5e-4995-b4f1-42d3da9ce278 4 1544 1559 -edge_70_0_-disjointig_67_10521_41118 6365 7907 30597 -1 -1 1527 0.00362001
Chain
	Aln	606	+f1f0e67b-e0af-4f3b-b310-67486c94d32c 29 2405 2412 +edge_304_0_+disjointig_34_0_21728 8768 11144 21728 -1 -1 2376 0.000958763
Chain
	Aln	607	-f1f0e67b-e0af-4f3b-b310-67486c94d32c 6 2382 2412 -edge_304_0_+disjointig_34_0_21728 10583 12959 21728 -1 -1 2376 0.000958763
Chain
	Aln	268	+d99ceb48-3d44-4a75-92d1-fe0d361ab2e8 25 1387 1400 +edge_135_0_+disjointig_197_0_5262 394 1757 5262 -1 -1 1360 0.000772584
Chain
	Aln	269	-d99ceb48-3d44-4a75-92d1-fe0d361ab2e8 12 1374 1400 -edge_135_0_+disjointig_197_0_5262 3504 4867 5262 -1 -1 1360 0.000772584
Chain
	Aln	467	+3eb52fda-038c-4234-a3f0-985664b248ca 7 1208 1210 -edge_234_0_+disjointig_28_0_27669 22053 23256 27669 -1 -1 1183 0.00281732
Chain
	Aln	466	-3eb52fda-038c-4234-a3f0-985664b248ca 1 1202 1210 +edge_234_0_+disjointig_28_0_27669 4412 5615 27669 -1 -1 1183 0.00281732
Chain
	Aln	606	+20500a3c-7263-4a64-9950-54c6ecf47a37 29 1519 1527 +edge_304_0_+disjointig_34_0_21728 18922 20427 21728 -1 -1 1255 0.0151499
Chain
	Aln	607	-20500a3c-7263-4a64-9950-54c6ecf47a37 7 1497 1527 -edge_304_0_+disjointig_34_0_21728 1300 2805 21728 -1 -1 1255 0.0151499
Chain
	Aln	213	+9881ef8f-0b60-490e-a0e2-49a42d63c7e9 8 2693 2702 -edge_107_0_+disjointig_173_0_6336 3642 6327 6336 -1 -1 2655 0.00221717
Chain
	Aln	212	-9881ef8f-0b60-490e-a0e2-49a42d63c7e9 8 2693 2702 +edge_107_0_+disjointig_173_0_6336 8 2693 6336 -1 -1 2655 0.00221717
Chain
	Aln	204	+36fcad61-0fe6-4151-80a9-fb8a0a0fbdd4 56 6616 6626 +edge_103_0_+disjointig_17_0_17973 436 6998 17973 -1 -1 6497 0.000908379
Chain
	Aln	205	-36fcad61-0fe6-4151-80a9-fb8a0a0fbdd4 9 6569 6626 -edge_103_0_+disjointig_17_0_17973 10974 17536 17973 -1 -1 6497 0.000908379
Chain
	Aln	735	+c4175e6d-4c3b-4893-846b-0bbce3166d8e 271 4530 4539 -edge_368_0_-disjointig_232_0_10466 11 4269 10466 -1 -1 4183 0.0022122
Chain
	Aln	734	-c4175e6d-4c3b-4893-846b-0bbce3166d8e 8 4267 4539 +edge_368_0_-disjointig_232_0_10466 6196 10454 10466 -1 -1 4183 0.0022122
Chain
	Aln	693	+d4d0a311-413b-4eae-a3c1-360af7eb856c 22 7283 7286 -edge_347_0_+disjointig_83_0_8894 1604 8891 8894 -1 -1 6916 0.00622576
Chain
	Aln	692	-d4d0a311-413b-4eae-a3c1-360af7eb856c 2 7263 7286 +edge_347_0_+disjointig_83_0_8894 2 7289 8894 -1 -1 6916 0.00622576
Chain
	Aln	133	+e5bc191d-01cb-4906-89d2-6e3766f98a64 406 3245 3248 -edge_67_0_+disjointig_139_0_8253 16 2852 8253 -1 -1 2797 0.000914994
Chain
	Aln	132	-e5bc191d-01cb-4906-89d2-6e3766f98a64 2 2841 3248 +edge_67_0_+disjointig_139_0_8253 5400 8236 8253 -1 -1 2797 0.000914994
Chain
	Aln	519	+118301a7-9e6e-43fc-a17b-fea8abc6071b 18 1615 1756 -edge_260_0_+disjointig_297_0_2565 773 2372 2565 -1 -1 1530 0.00688429
Chain
	Aln	518	-118301a7-9e6e-43fc-a17b-fea8abc6071b 140 1737 1756 +edge_260_0_+disjointig_297_0_2565 192 1791 2565 -1 -1 1530 0.00688429
Chain
	Aln	110	+fffdd802-113f-4f8f-b9d9-fb05e6aa415f 5 6143 6146 +edge_56_0_+disjointig_127_0_7260 708 6847 7260 -1 -1 6063 0.00120152
Chain
	Aln	111	-fffdd802-113f-4f8f-b9d9-fb05e6aa415f 2 6140 6146 -edge_56_0_+disjointig_127_0_7260 412 6551 7260 -1 -1 6063 0.00120152
Chain
	Aln	36	+3cbfe817-f62d-4bb3-9b53-255fe66384d3 15 7793 7809 +edge_19_0_+disjointig_104_0_20017 9732 17502 20017 -1 -1 5802 0.0240096
Chain
	Aln	37	-3cbfe817-f62d-4bb3-9b53-255fe66384d3 15 7793 7809 -edge_19_0_+disjointig_104_0_20017 2514 10284 20017 -1 -1 5802 0.0240096
Chain
	Aln	213	+132add0c-24f1-4955-b5b7-262cef1392bb 1027 2937 2948 -edge_107_0_+disjointig_173_0_6336 9 1917 6336 -1 -1 1852 0.00286027
Chain
	Aln	212	-132add0c-24f1-4955-b5b7-262cef1392bb 10 1920 2948 +edge_107_0_+disjointig_173_0_6336 4418 6326 6336 -1 -1 1852 0.00286027
Chain
	Aln	422	+048c386c-418c-4dc9-962a-063d506c7dbf 10 5162 5293 +edge_212_0_+disjointig_261_0_30460 12731 17891 30460 -1 -1 5101 0.00171797
Chain
	Aln	423	-048c386c-418c-4dc9-962a-063d506c7dbf 130 5282 5293 -edge_212_0_+disjointig_261_0_30460 12568 17728 30460 -1 -1 5101 0.00171797
Chain
	Aln	205	+9b5b6dda-4e55-4eaa-8cd0-cebc8e095558 7 1063 1067 -edge_103_0_+disjointig_17_0_17973 3369 4425 17973 -1 -1 1029 0.00431286
Chain
	Aln	204	-9b5b6dda-4e55-4eaa-8cd0-cebc8e095558 3 1059 1067 +edge_103_0_+disjointig_17_0_17973 13547 14603 17973 -1 -1 1029 0.00431286
Chain
	Aln	247	+57e16346-70d9-4446-9af6-3235eeba3ac2 17 8310 8316 -edge_124_0_+disjointig_19_0_15579 1673 10038 15579 -1 -1 8088 0.00146312
Chain
	Aln	246	-57e16346-70d9-4446-9af6-3235eeba3ac2 5 8298 8316 +edge_124_0_+disjointig_19_0_15579 5540 13905 15579 -1 -1 8088 0.00146312
Chain
	Aln	155	+649ade1f-529a-4bd8-8d60-8a61a8745f30 3 4876 5611 -edge_78_0_+disjointig_148_0_6477 1603 6476 6477 -1 -1 4795 0.00470056
Chain
	Aln	154	-649ade1f-529a-4bd8-8d60-8a61a8745f30 734 5607 5611 +edge_78_0_+disjointig_148_0_6477 0 4873 6477 -1 -1 4795 0.00470056
Chain
	Aln	466	+144b1f3f-4ede-4c9a-8dda-03381daec1a8 5 1187 1210 +edge_234_0_+disjointig_28_0_27669 4397 5580 27669 -1 -1 1148 0.00355293
Chain
	Aln	467	-144b1f3f-4ede-4c9a-8dda-03381daec1a8 22 1204 1210 -edge_234_0_+disjointig_28_0_27669 22088 23271 27669 -1 -1 1148 0.00355293
Chain
	Aln	472	+ae4a7dc7-9e78-49a6-824a-7aed8f62d4ec 9 564 1367 +edge_237_1_+disjointig_41_4258_4942 115 670 684 -1 -1 544 0
	Aln	753	+ae4a7dc7-9e78-49a6-824a-7aed8f62d4ec 593 1362 1367 -edge_377_0_+disjointig_28_27669_32566 14 778 4897 -1 -1 708 0.0108447
Chain
	Aln	752	-ae4a7dc7-9e78-49a6-824a-7aed8f62d4ec 4 773 1367 +edge_377_0_+disjointig_28_27669_32566 4118 4882 4897 -1 -1 708 0.0108447
	Aln	473	-ae4a7dc7-9e78-49a6-824a-7aed8f62d4ec 802 1357 1367 -edge_237_1_+disjointig_41_4258_4942 13 568 684 -1 -1 544 0
Chain
	Aln	705	+f07faaf6-62dc-4440-9151-a0bb46d5b36d 15 2165 2169 -edge_353_0_+disjointig_89_0_13592 3653 5804 13592 -1 -1 2123 0.00456876
Chain
	Aln	704	-f07faaf6-62dc-4440-9151-a0bb46d5b36d 3 2153 2169 +edge_353_0_+disjointig_89_0_13592 7787 9938 13592 -1 -1 2123 0.00456876
Chain
	Aln	17	+fb93e77b-85cc-4e28-b928-76b7581de48f 3246 4692 6873 -edge_9_2_+disjointig_7_2707_4165 9 1457 1458 -1 -1 1438 0.000144277
Chain
	Aln	16	-fb93e77b-85cc-4e28-b928-76b7581de48f 2180 3626 6873 +edge_9_2_+disjointig_7_2707_4165 0 1448 1458 -1 -1 1438 0.000144277
Chain
	Aln	763	+eab9b5cb-4e87-47bd-b279-14db68d541a5 7 1986 1990 -edge_382_0_+disjointig_320_7809_16454 2419 4400 8645 -1 -1 1971 5.25478e-05
Chain
	Aln	762	-eab9b5cb-4e87-47bd-b279-14db68d541a5 3 1982 1990 +edge_382_0_+disjointig_320_7809_16454 4244 6225 8645 -1 -1 1971 5.25478e-05
Chain
	Aln	345	+d1eb6f5a-f427-46bc-b70c-b4e3dc2860a4 39 3995 4026 -edge_173_0_+disjointig_226_0_4019 33 3989 4019 -1 -1 3915 0.0023886
Chain
	Aln	344	-d1eb6f5a-f427-46bc-b70c-b4e3dc2860a4 30 3986 4026 +edge_173_0_+disjointig_226_0_4019 29 3985 4019 -1 -1 3915 0.0023886
Chain
	Aln	600	+9a291b58-4b98-444a-a629-9d428d8b7297 1612 11902 11909 +edge_301_0_+disjointig_328_0_10322 10 10316 10322 -1 -1 10018 0.00431915
Chain
	Aln	601	-9a291b58-4b98-444a-a629-9d428d8b7297 6 10296 11909 -edge_301_0_+disjointig_328_0_10322 5 10311 10322 -1 -1 10018 0.00431915
Chain
	Aln	753	+11ae8e1a-5fc0-4c90-b946-ac178b689482 10 4751 9661 -edge_377_1_+disjointig_28_33393_38243 102 4849 4850 -1 -1 4661 0.00187609
	Aln	472	+11ae8e1a-5fc0-4c90-b946-ac178b689482 4822 5556 9661 +edge_237_0_-disjointig_28_6420_7247 72 821 827 -1 -1 540 0.0333995
	Aln	753	+11ae8e1a-5fc0-4c90-b946-ac178b689482 5570 9657 9661 -edge_377_0_+disjointig_28_27669_32566 7 4096 4897 -1 -1 3997 0.00231959
Chain
	Aln	752	-11ae8e1a-5fc0-4c90-b946-ac178b689482 3 4090 9661 +edge_377_0_+disjointig_28_27669_32566 800 4889 4897 -1 -1 3997 0.00231959
	Aln	473	-11ae8e1a-5fc0-4c90-b946-ac178b689482 4104 4838 9661 -edge_237_0_-disjointig_28_6420_7247 5 754 827 -1 -1 540 0.0333995
	Aln	752	-11ae8e1a-5fc0-4c90-b946-ac178b689482 4909 9650 9661 +edge_377_1_+disjointig_28_33393_38243 0 4747 4850 -1 -1 4661 0.00187609
Chain
	Aln	589	+36951b24-e1fe-49ae-bf29-ae3ad147c9e6 13 2456 2459 -edge_295_0_+disjointig_322_0_7836 5391 7833 7836 -1 -1 2272 0.00602213
Chain
	Aln	588	-36951b24-e1fe-49ae-bf29-ae3ad147c9e6 2 2445 2459 +edge_295_0_+disjointig_322_0_7836 2 2444 7836 -1 -1 2272 0.00602213
Chain
	Aln	153	+5f1f631b-3a3f-493f-becd-cb824196b427 27 5515 5520 -edge_77_0_+disjointig_147_0_20037 6227 11716 20037 -1 -1 5447 0.00202033
Chain
	Aln	152	-5f1f631b-3a3f-493f-becd-cb824196b427 4 5492 5520 +edge_77_0_+disjointig_147_0_20037 8320 13809 20037 -1 -1 5447 0.00202033
Chain
	Aln	412	+15c00ffa-59bf-4be2-b649-146b69a80abb 7 4003 4007 +edge_207_0_+disjointig_257_0_6336 7 3986 6336 -1 -1 3804 0.0043625
Chain
	Aln	413	-15c00ffa-59bf-4be2-b649-146b69a80abb 3 3999 4007 -edge_207_0_+disjointig_257_0_6336 2349 6328 6336 -1 -1 3804 0.0043625
Chain
	Aln	764	+613ef44e-b470-4f45-aa1f-a1ab39ac655c 15 1332 1342 +edge_383_0_+disjointig_37_1412_10185 337 1655 8773 -1 -1 1304 0.00100846
Chain
	Aln	765	-613ef44e-b470-4f45-aa1f-a1ab39ac655c 9 1326 1342 -edge_383_0_+disjointig_37_1412_10185 7117 8435 8773 -1 -1 1304 0.00100846
Chain
	Aln	630	+310247e2-5ac0-49b2-8a6e-7246d3d43a70 7 4348 4351 +edge_316_0_+disjointig_44_0_7510 2610 6956 7510 -1 -1 4268 0.00191834
Chain
	Aln	631	-310247e2-5ac0-49b2-8a6e-7246d3d43a70 2 4343 4351 -edge_316_0_+disjointig_44_0_7510 553 4899 7510 -1 -1 4268 0.00191834
Chain
	Aln	313	+29b2c29f-596b-413d-a8e4-e5e120e42996 9 3712 3720 -edge_157_0_+disjointig_215_0_5860 2149 5851 5860 -1 -1 3655 5.81244e-05
Chain
	Aln	312	-29b2c29f-596b-413d-a8e4-e5e120e42996 7 3710 3720 +edge_157_0_+disjointig_215_0_5860 8 3710 5860 -1 -1 3655 5.81244e-05
Chain
	Aln	669	+7ef8639f-3cc7-4f0c-b726-2a3a33ab3d89 26 1239 1246 -edge_335_0_+disjointig_69_0_21020 14873 16083 21020 -1 -1 1171 0.00590623
Chain
	Aln	668	-7ef8639f-3cc7-4f0c-b726-2a3a33ab3d89 6 1219 1246 +edge_335_0_+disjointig_69_0_21020 4936 6146 21020 -1 -1 1171 0.00590623
Chain
	Aln	348	+10660081-eaa4-4c06-8298-ff2625f25053 401 10106 10117 +edge_175_0_+disjointig_228_0_9714 2 9704 9714 -1 -1 9509 0.00257261
Chain
	Aln	349	-10660081-eaa4-4c06-8298-ff2625f25053 10 9715 10117 -edge_175_0_+disjointig_228_0_9714 9 9711 9714 -1 -1 9509 0.00257261
Chain
	Aln	84	+ebe4e9cc-e97d-4a63-ae04-8427c0613666 13 7809 7813 +edge_43_0_+disjointig_116_0_8537 738 8534 8537 -1 -1 7719 0.00298937
Chain
	Aln	85	-ebe4e9cc-e97d-4a63-ae04-8427c0613666 3 7799 7813 -edge_43_0_+disjointig_116_0_8537 2 7798 8537 -1 -1 7719 0.00298937
Chain
	Aln	328	+40b15ca0-6cf6-4640-876c-5fc00d51878f 1 5052 5061 +edge_165_0_+disjointig_219_0_12373 1 5053 12373 -1 -1 4985 0.00132105
Chain
	Aln	329	-40b15ca0-6cf6-4640-876c-5fc00d51878f 8 5059 5061 -edge_165_0_+disjointig_219_0_12373 7319 12371 12373 -1 -1 4985 0.00132105
Chain
	Aln	548	+1cfe2c54-635b-4335-a9e1-b7ae894b270b 10 1694 2067 +edge_275_0_+disjointig_308_0_6668 4981 6661 6668 -1 -1 1651 0.00305324
Chain
	Aln	549	-1cfe2c54-635b-4335-a9e1-b7ae894b270b 372 2056 2067 -edge_275_0_+disjointig_308_0_6668 6 1686 6668 -1 -1 1651 0.00305324
Chain
	Aln	707	+1d0485ed-2826-4664-8b49-1b5362e243ed 15 5546 5740 -edge_354_0_+disjointig_90_0_7377 1812 7376 7377 -1 -1 5333 0.00318666
Chain
	Aln	706	-1d0485ed-2826-4664-8b49-1b5362e243ed 193 5724 5740 +edge_354_0_+disjointig_90_0_7377 0 5564 7377 -1 -1 5333 0.00318666
Chain
	Aln	51	+fd4b30d6-fb94-49e9-b3ec-87d3f5183002 14 5842 5846 -edge_26_0_+disjointig_110_0_5900 13 5896 5900 -1 -1 5158 0.0113388
Chain
	Aln	50	-fd4b30d6-fb94-49e9-b3ec-87d3f5183002 3 5831 5846 +edge_26_0_+disjointig_110_0_5900 3 5886 5900 -1 -1 5158 0.0113388
Chain
	Aln	165	+371e03e7-85dc-47a3-b3f2-4c121c957807 8 3356 3358 -edge_83_0_+disjointig_154_0_3355 7 3353 3355 -1 -1 3316 2.63744e-05
Chain
	Aln	164	-371e03e7-85dc-47a3-b3f2-4c121c957807 1 3349 3358 +edge_83_0_+disjointig_154_0_3355 1 3347 3355 -1 -1 3316 2.63744e-05
Chain
	Aln	738	+18507c12-6aca-4c0c-8a93-b32dbdf31155 20 1177 1187 +edge_370_0_-disjointig_66_3457_23755 15313 16473 20298 -1 -1 1149 0.00327819
Chain
	Aln	739	-18507c12-6aca-4c0c-8a93-b32dbdf31155 9 1166 1187 -edge_370_0_-disjointig_66_3457_23755 3824 4984 20298 -1 -1 1149 0.00327819
Chain
	Aln	332	+821003a9-864a-4b71-83c2-a3b41eddd515 193 1637 1639 +edge_167_0_+disjointig_220_0_6397 2 1446 6397 -1 -1 1444 0.00250459
Chain
	Aln	333	-821003a9-864a-4b71-83c2-a3b41eddd515 1 1445 1639 -edge_167_0_+disjointig_220_0_6397 4950 6394 6397 -1 -1 1444 0.00250459
Chain
	Aln	639	+02b03586-eef6-4426-aca6-a1b0f9da1174 4 12463 12474 -edge_320_0_+disjointig_51_0_24344 11515 23971 24344 -1 -1 12181 0.00214329
Chain
	Aln	638	-02b03586-eef6-4426-aca6-a1b0f9da1174 10 12469 12474 +edge_320_0_+disjointig_51_0_24344 372 12828 24344 -1 -1 12181 0.00214329
Chain
	Aln	669	+afa96cb8-54dc-4f93-84fa-c37093081861 5 1514 1538 -edge_335_0_+disjointig_69_0_21020 18583 20089 21020 -1 -1 1451 0.00462775
Chain
	Aln	668	-afa96cb8-54dc-4f93-84fa-c37093081861 23 1532 1538 +edge_335_0_+disjointig_69_0_21020 930 2436 21020 -1 -1 1451 0.00462775
Chain
	Aln	413	+f4315a59-ff8b-4521-9148-730b06384a9f 15 3796 3801 -edge_207_0_+disjointig_257_0_6336 14 3795 6336 -1 -1 3687 0.00181267
Chain
	Aln	412	-f4315a59-ff8b-4521-9148-730b06384a9f 4 3785 3801 +edge_207_0_+disjointig_257_0_6336 2540 6321 6336 -1 -1 3687 0.00181267
Chain
	Aln	758	+464c47fe-6040-4146-b691-bf793610994f 8 1023 1030 +edge_380_0_+disjointig_98_1472_24422 5910 6930 22950 -1 -1 999 0.000322403
Chain
	Aln	759	-464c47fe-6040-4146-b691-bf793610994f 6 1021 1030 -edge_380_0_+disjointig_98_1472_24422 16019 17039 22950 -1 -1 999 0.000322403
Chain
	Aln	385	+b2b36261-a0be-4fcd-84d3-5e6dbad60c1f 13 2206 2256 -edge_193_0_+disjointig_244_0_6238 4036 6237 6238 -1 -1 2044 0.00431316
Chain
	Aln	384	-b2b36261-a0be-4fcd-84d3-5e6dbad60c1f 49 2242 2256 +edge_193_0_+disjointig_244_0_6238 0 2201 6238 -1 -1 2044 0.00431316
Chain
	Aln	756	+5e3e48bd-c7a4-4978-8836-c2117d7a7b3b 22 1099 1103 +edge_379_0_+disjointig_30_0_8705 4485 5563 8705 -1 -1 1069 0
Chain
	Aln	757	-5e3e48bd-c7a4-4978-8836-c2117d7a7b3b 3 1080 1103 -edge_379_0_+disjointig_30_0_8705 3141 4219 8705 -1 -1 1069 0
Chain
	Aln	757	+1c3ba6c4-f3c9-4f66-bd27-81c2aa30736b 3 1100 1103 -edge_379_0_+disjointig_30_0_8705 3120 4217 8705 -1 -1 1097 0
Chain
	Aln	756	-1c3ba6c4-f3c9-4f66-bd27-81c2aa30736b 2 1099 1103 +edge_379_0_+disjointig_30_0_8705 4487 5584 8705 -1 -1 1097 0
Chain
	Aln	338	+2d757977-92f2-41b1-9f66-b47688e12723 37 8684 8694 +edge_170_0_+disjointig_223_0_8663 1 8654 8663 -1 -1 8486 0.00096402
Chain
	Aln	339	-2d757977-92f2-41b1-9f66-b47688e12723 9 8656 8694 -edge_170_0_+disjointig_223_0_8663 8 8661 8663 -1 -1 8486 0.00096402
Chain
	Aln	639	+fbee3be4-ed0b-45a1-be24-d691e609c714 19 1308 1312 -edge_320_0_+disjointig_51_0_24344 1707 2998 24344 -1 -1 1263 0.00393879
Chain
	Aln	638	-fbee3be4-ed0b-45a1-be24-d691e609c714 3 1292 1312 +edge_320_0_+disjointig_51_0_24344 21345 22636 24344 -1 -1 1263 0.00393879
Chain
	Aln	752	+4ee6e793-11bf-49be-9f9b-5daa96846276 2919 5311 5314 +edge_377_3_-disjointig_41_21233_26118 4 2400 4885 -1 -1 2356 0.00299807
Chain
	Aln	753	-4ee6e793-11bf-49be-9f9b-5daa96846276 2 2394 5314 -edge_377_3_-disjointig_41_21233_26118 2484 4880 4885 -1 -1 2356 0.00299807
Chain
	Aln	622	+78735ab8-7d89-411f-a979-12a7b080cc8e 7 1112 1116 +edge_312_0_+disjointig_40_0_16996 13517 14619 16996 -1 -1 1013 0.0107333
Chain
	Aln	623	-78735ab8-7d89-411f-a979-12a7b080cc8e 3 1108 1116 -edge_312_0_+disjointig_40_0_16996 2376 3478 16996 -1 -1 1013 0.0107333
Chain
	Aln	647	+fb049a8e-6e2c-4149-a5e3-f82c61e85e1e 5 3061 3069 -edge_324_0_+disjointig_55_0_20283 8419 11473 20283 -1 -1 3028 3.27174e-05
Chain
	Aln	646	-fb049a8e-6e2c-4149-a5e3-f82c61e85e1e 7 3063 3069 +edge_324_0_+disjointig_55_0_20283 8809 11863 20283 -1 -1 3028 3.27174e-05
Chain
	Aln	479	+fd28d7b9-43cf-4c5d-80be-5702aa368121 7 1742 1750 -edge_240_0_-disjointig_57_7953_51690 14274 16024 43737 -1 -1 1488 0.0154742
Chain
	Aln	478	-fd28d7b9-43cf-4c5d-80be-5702aa368121 7 1742 1750 +edge_240_0_-disjointig_57_7953_51690 27712 29462 43737 -1 -1 1488 0.0154742
Chain
	Aln	729	+7bdb1b4b-9ec9-41d6-879b-1c326c92ee68 15 1057 1081 -edge_365_0_-disjointig_14_17885_30078 316 1357 12193 -1 -1 1029 0.00222055
Chain
	Aln	728	-7bdb1b4b-9ec9-41d6-879b-1c326c92ee68 23 1065 1081 +edge_365_0_-disjointig_14_17885_30078 10835 11876 12193 -1 -1 1029 0.00222055
Chain
	Aln	474	+c29cc97d-3a7b-4b36-a458-9a8f8db88f8a 11 1284 1289 +edge_238_0_+disjointig_292_4977_11877 3221 4493 6900 -1 -1 1188 0.00586212
Chain
	Aln	475	-c29cc97d-3a7b-4b36-a458-9a8f8db88f8a 4 1277 1289 -edge_238_0_+disjointig_292_4977_11877 2406 3678 6900 -1 -1 1188 0.00586212
Chain
	Aln	36	+66a101a4-a823-4021-9685-18117f97c5cb 20 1071 1098 +edge_19_0_+disjointig_104_0_20017 14467 15514 20017 -1 -1 1007 0.00570968
Chain
	Aln	37	-66a101a4-a823-4021-9685-18117f97c5cb 26 1077 1098 -edge_19_0_+disjointig_104_0_20017 4502 5549 20017 -1 -1 1007 0.00570968
Chain
	Aln	697	+04e01eea-a86d-470d-aaa2-108cf08e8a8b 10 2721 2726 -edge_349_0_+disjointig_85_0_17144 1215 3925 17144 -1 -1 2670 0.0012979
Chain
	Aln	696	-04e01eea-a86d-470d-aaa2-108cf08e8a8b 4 2715 2726 +edge_349_0_+disjointig_85_0_17144 13218 15928 17144 -1 -1 2670 0.0012979
Chain
	Aln	79	+06f22ad3-3016-41d1-9306-de18de0ba040 36 1176 1182 -edge_40_0_+disjointig_113_0_8453 4421 5561 8453 -1 -1 1140 0
Chain
	Aln	78	-06f22ad3-3016-41d1-9306-de18de0ba040 5 1145 1182 +edge_40_0_+disjointig_113_0_8453 2891 4031 8453 -1 -1 1140 0
Chain
	Aln	17	+037508dc-a3bf-43a8-b3a5-535c3b6c1e17 1236 2598 2600 -edge_9_2_+disjointig_7_2707_4165 9 1373 1458 -1 -1 1328 0.00228028
Chain
	Aln	16	-037508dc-a3bf-43a8-b3a5-535c3b6c1e17 1 1363 2600 +edge_9_2_+disjointig_7_2707_4165 84 1448 1458 -1 -1 1328 0.00228028
Chain
	Aln	106	+056565cd-f8f7-49df-92fb-d64721bc0ef6 14 4208 4215 +edge_54_0_+disjointig_125_0_13260 3527 7725 13260 -1 -1 4154 0.00191967
Chain
	Aln	107	-056565cd-f8f7-49df-92fb-d64721bc0ef6 6 4200 4215 -edge_54_0_+disjointig_125_0_13260 5534 9732 13260 -1 -1 4154 0.00191967
Chain
	Aln	653	+c7a1fd4f-2fa8-496c-acc8-fd1734615800 1026 5058 5064 -edge_327_0_+disjointig_6_0_4117 15 4047 4117 -1 -1 3862 0.00497754
Chain
	Aln	652	-c7a1fd4f-2fa8-496c-acc8-fd1734615800 5 4037 5064 +edge_327_0_+disjointig_6_0_4117 69 4101 4117 -1 -1 3862 0.00497754
Chain
	Aln	239	+ac11a63c-172d-412f-aae1-5314e09f1eee 8 6423 6425 -edge_120_0_+disjointig_186_0_20482 14061 20480 20482 -1 -1 6273 0.00409528
Chain
	Aln	238	-ac11a63c-172d-412f-aae1-5314e09f1eee 1 6416 6425 +edge_120_0_+disjointig_186_0_20482 1 6420 20482 -1 -1 6273 0.00409528
Chain
	Aln	737	+402ea9af-a01d-4a67-acc7-53a9d4362197 25 4200 4205 -edge_369_0_+disjointig_163_0_7206 9 4191 7206 -1 -1 4126 0.000588118
Chain
	Aln	736	-402ea9af-a01d-4a67-acc7-53a9d4362197 4 4179 4205 +edge_369_0_+disjointig_163_0_7206 3014 7196 7206 -1 -1 4126 0.000588118
Chain
	Aln	195	+88650de7-4ca9-4802-9044-920e0f897dc1 13 1085 1095 -edge_98_0_+disjointig_166_0_14218 10654 11726 14218 -1 -1 1072 0.000438225
Chain
	Aln	194	-88650de7-4ca9-4802-9044-920e0f897dc1 9 1081 1095 +edge_98_0_+disjointig_166_0_14218 2491 3563 14218 -1 -1 1072 0.000438225
Chain
	Aln	51	+18f27dbe-df63-4b7d-bdfd-3532ece91b1f 404 6256 7100 -edge_26_0_+disjointig_110_0_5900 13 5874 5900 -1 -1 5639 0.0044878
Chain
	Aln	50	-18f27dbe-df63-4b7d-bdfd-3532ece91b1f 843 6695 7100 +edge_26_0_+disjointig_110_0_5900 25 5886 5900 -1 -1 5639 0.0044878
Chain
	Aln	641	+dc4d2e9d-e45a-48f7-b03c-a60eccacbc3d 9 4990 4996 -edge_321_0_+disjointig_52_0_21384 13487 18472 21384 -1 -1 4936 0.00159561
Chain
	Aln	640	-dc4d2e9d-e45a-48f7-b03c-a60eccacbc3d 5 4986 4996 +edge_321_0_+disjointig_52_0_21384 2911 7896 21384 -1 -1 4936 0.00159561
Chain
	Aln	144	+996e5c9b-9469-409d-9173-055557bea6e9 21 2710 2712 +edge_73_0_+disjointig_143_0_14652 3804 6500 14652 -1 -1 2517 0.00688453
Chain
	Aln	145	-996e5c9b-9469-409d-9173-055557bea6e9 1 2690 2712 -edge_73_0_+disjointig_143_0_14652 8151 10847 14652 -1 -1 2517 0.00688453
Chain
	Aln	478	+3a982a0e-9bad-44b7-bf34-f1ddeb2cfb5f 9 1601 1607 +edge_240_0_-disjointig_57_7953_51690 30184 31777 43737 -1 -1 1566 0.00377143
Chain
	Aln	479	-3a982a0e-9bad-44b7-bf34-f1ddeb2cfb5f 5 1597 1607 -edge_240_0_-disjointig_57_7953_51690 11959 13552 43737 -1 -1 1566 0.00377143
Chain
	Aln	479	+adde6c8a-2b80-4c8b-b8b7-58d606194fdc 6 1567 1597 -edge_240_0_-disjointig_57_7953_51690 11939 13509 43737 -1 -1 1541 0.00558009
Chain
	Aln	478	-adde6c8a-2b80-4c8b-b8b7-58d606194fdc 29 1590 1597 +edge_240_0_-disjointig_57_7953_51690 30227 31797 43737 -1 -1 1541 0.00558009
Chain
	Aln	228	+b237ecf2-a4c4-4272-806e-ff39b76c9d2a 8 1044 1049 +edge_115_0_+disjointig_181_0_5172 2218 3253 5172 -1 -1 1024 0.00155853
Chain
	Aln	229	-b237ecf2-a4c4-4272-806e-ff39b76c9d2a 4 1040 1049 -edge_115_0_+disjointig_181_0_5172 1918 2953 5172 -1 -1 1024 0.00155853
Chain
	Aln	403	+15fc1e69-213e-43a2-bca9-4a48f47f624e 72 1229 3184 -edge_202_0_+disjointig_252_0_6873 5660 6828 6873 -1 -1 910 0.0260736
Chain
	Aln	402	-15fc1e69-213e-43a2-bca9-4a48f47f624e 1954 3111 3184 +edge_202_0_+disjointig_252_0_6873 44 1212 6873 -1 -1 910 0.0260736
Chain
	Aln	301	+e489eb67-5abd-43f4-9ef8-98b47bccfb5f 41 4057 4061 -edge_151_0_+disjointig_21_0_26556 6771 10837 26556 -1 -1 3278 0.0215826
Chain
	Aln	300	-e489eb67-5abd-43f4-9ef8-98b47bccfb5f 3 4019 4061 +edge_151_0_+disjointig_21_0_26556 15718 19784 26556 -1 -1 3278 0.0215826
Chain
	Aln	231	+dd586194-0903-48d8-804d-69bbc469f025 6 2768 2771 -edge_116_0_+disjointig_182_0_13686 1795 4564 13686 -1 -1 2687 0.00555393
Chain
	Aln	230	-dd586194-0903-48d8-804d-69bbc469f025 2 2764 2771 +edge_116_0_+disjointig_182_0_13686 9121 11890 13686 -1 -1 2687 0.00555393
Chain
	Aln	300	+0e461fe3-2097-4681-8be4-1870157bb617 4 4561 4566 +edge_151_0_+disjointig_21_0_26556 15700 20252 26556 -1 -1 4471 0.00162819
Chain
	Aln	301	-0e461fe3-2097-4681-8be4-1870157bb617 4 4561 4566 -edge_151_0_+disjointig_21_0_26556 6303 10855 26556 -1 -1 4471 0.00162819
Chain
	Aln	739	+d10b2a05-b7ff-4e1c-b196-3185a5d45180 46 3923 3926 -edge_370_0_-disjointig_66_3457_23755 10595 14483 20298 -1 -1 3765 0.0040767
Chain
	Aln	738	-d10b2a05-b7ff-4e1c-b196-3185a5d45180 2 3879 3926 +edge_370_0_-disjointig_66_3457_23755 5814 9702 20298 -1 -1 3765 0.0040767
Chain
	Aln	654	+49755909-848e-4deb-b452-5ca0fe2e4ce5 16 1395 1397 +edge_328_0_+disjointig_60_0_13874 8059 9426 13874 -1 -1 1206 0.0158647
Chain
	Aln	655	-49755909-848e-4deb-b452-5ca0fe2e4ce5 1 1380 1397 -edge_328_0_+disjointig_60_0_13874 4447 5814 13874 -1 -1 1206 0.0158647
Chain
	Aln	18	+198719ea-9a01-48c9-951e-a1c8b32bab93 9 1569 1575 +edge_10_0_+disjointig_20_21928_27801 2208 3769 5873 -1 -1 1554 0.00214523
Chain
	Aln	19	-198719ea-9a01-48c9-951e-a1c8b32bab93 5 1565 1575 -edge_10_0_+disjointig_20_21928_27801 2103 3664 5873 -1 -1 1554 0.00214523
Chain
	Aln	747	+397d4d5a-553a-491c-a03f-0af83656c5c0 4 2099 2136 -edge_374_0_+disjointig_236_4011_12218 3702 5797 8207 -1 -1 2086 0.00109348
Chain
	Aln	746	-397d4d5a-553a-491c-a03f-0af83656c5c0 36 2131 2136 +edge_374_0_+disjointig_236_4011_12218 2409 4504 8207 -1 -1 2086 0.00109348
Chain
	Aln	732	+8973cea7-af1c-4919-a7e1-e944aed57e16 10 4158 4161 +edge_367_0_-disjointig_78_4405_23060 2055 6203 18655 -1 -1 4096 0.000975891
Chain
	Aln	733	-8973cea7-af1c-4919-a7e1-e944aed57e16 2 4150 4161 -edge_367_0_-disjointig_78_4405_23060 12451 16599 18655 -1 -1 4096 0.000975891
Chain
	Aln	193	+8c183cad-8c45-4c50-8c51-5c109f523ac8 5 1520 1529 -edge_97_0_+disjointig_165_0_15540 2544 4064 15540 -1 -1 1488 0.00367625
Chain
	Aln	192	-8c183cad-8c45-4c50-8c51-5c109f523ac8 8 1523 1529 +edge_97_0_+disjointig_165_0_15540 11475 12995 15540 -1 -1 1488 0.00367625
Chain
	Aln	118	+f5491b3e-4eea-44bc-8ee5-e83abd7b9e29 1 1090 1094 +edge_60_0_+disjointig_131_0_25925 1867 2959 25925 -1 -1 1050 0.00562753
Chain
	Aln	119	-f5491b3e-4eea-44bc-8ee5-e83abd7b9e29 3 1092 1094 -edge_60_0_+disjointig_131_0_25925 22965 24057 25925 -1 -1 1050 0.00562753
Chain
	Aln	102	+4be6451f-89ed-4e71-9ea2-be8ac311ae27 2 2560 2562 +edge_52_0_+disjointig_123_0_17590 1165 3723 17590 -1 -1 2474 0.00474803
Chain
	Aln	103	-4be6451f-89ed-4e71-9ea2-be8ac311ae27 1 2559 2562 -edge_52_0_+disjointig_123_0_17590 13866 16424 17590 -1 -1 2474 0.00474803
Chain
	Aln	39	+a91f39a2-49c6-4f50-afb9-842599de6f4a 52 10771 10793 -edge_20_0_+disjointig_105_0_37299 8361 19286 37299 -1 -1 5610 0.0623137
Chain
	Aln	38	-a91f39a2-49c6-4f50-afb9-842599de6f4a 21 10740 10793 +edge_20_0_+disjointig_105_0_37299 18012 28937 37299 -1 -1 5610 0.0623137
Chain
	Aln	245	+817d513e-653f-4227-a242-c73236055267 9 4303 4309 -edge_123_0_+disjointig_189_0_12456 8161 12450 12456 -1 -1 4204 0.00222115
Chain
	Aln	244	-817d513e-653f-4227-a242-c73236055267 5 4299 4309 +edge_123_0_+disjointig_189_0_12456 5 4294 12456 -1 -1 4204 0.00222115
Chain
	Aln	654	+2c15c840-815c-422f-833c-fb80535156cb 11 6122 6127 +edge_328_0_+disjointig_60_0_13874 5484 11588 13874 -1 -1 6032 0.00251736
Chain
	Aln	655	-2c15c840-815c-422f-833c-fb80535156cb 4 6115 6127 -edge_328_0_+disjointig_60_0_13874 2285 8389 13874 -1 -1 6032 0.00251736
Chain
	Aln	66	+7c1704a0-2dc3-4d39-b943-b79f7a2368ba 4 1153 1159 +edge_34_0_+disjointig_112_4217_16689 10295 11449 12472 -1 -1 953 0.022412
Chain
	Aln	67	-7c1704a0-2dc3-4d39-b943-b79f7a2368ba 5 1154 1159 -edge_34_0_+disjointig_112_4217_16689 1022 2176 12472 -1 -1 953 0.022412
Chain
	Aln	619	+706b2644-5729-4463-bab4-32a86c48b3d9 4 2471 2510 -edge_310_0_+disjointig_39_0_32732 15997 18472 32732 -1 -1 2384 0.00476402
Chain
	Aln	618	-706b2644-5729-4463-bab4-32a86c48b3d9 38 2505 2510 +edge_310_0_+disjointig_39_0_32732 14259 16734 32732 -1 -1 2384 0.00476402
Chain
	Aln	653	+c884b639-7f79-4b63-b8e1-b23eb616a5d4 5 2111 2123 -edge_327_0_+disjointig_6_0_4117 38 2144 4117 -1 -1 2058 0.00235544
Chain
	Aln	652	-c884b639-7f79-4b63-b8e1-b23eb616a5d4 11 2117 2123 +edge_327_0_+disjointig_6_0_4117 1972 4078 4117 -1 -1 2058 0.00235544
Chain
	Aln	731	+4d44dabb-dbb8-4990-a6a2-fbd5a4377708 82 1164 1169 -edge_366_0_+disjointig_301_4650_16421 8 1091 11771 -1 -1 1064 0.00352901
Chain
	Aln	730	-4d44dabb-dbb8-4990-a6a2-fbd5a4377708 4 1086 1169 +edge_366_0_+disjointig_301_4650_16421 10679 11762 11771 -1 -1 1064 0.00352901
Chain
	Aln	739	+0fe7704d-fe50-40e5-b3e6-ba5249882583 23 1233 1235 -edge_370_0_-disjointig_66_3457_23755 9972 11183 20298 -1 -1 1147 0.00406179
Chain
	Aln	738	-0fe7704d-fe50-40e5-b3e6-ba5249882583 1 1211 1235 +edge_370_0_-disjointig_66_3457_23755 9114 10325 20298 -1 -1 1147 0.00406179
Chain
	Aln	764	+7d71986f-1a3e-41e7-90e9-903c47fac239 11 1768 1771 +edge_383_0_+disjointig_37_1412_10185 2183 3944 8773 -1 -1 1412 0.017555
Chain
	Aln	765	-7d71986f-1a3e-41e7-90e9-903c47fac239 2 1759 1771 -edge_383_0_+disjointig_37_1412_10185 4828 6589 8773 -1 -1 1412 0.017555
Chain
	Aln	166	+a86e2aa0-554e-42ff-8583-4539bf123d53 1445 9157 9163 +edge_84_0_+disjointig_155_0_11844 1 7705 11844 -1 -1 7518 0.00204654
Chain
	Aln	167	-a86e2aa0-554e-42ff-8583-4539bf123d53 5 7717 9163 -edge_84_0_+disjointig_155_0_11844 4138 11842 11844 -1 -1 7518 0.00204654
Chain
	Aln	289	+23816d8a-9f8b-41cb-896f-a4b4d12848ea 11 3210 3213 -edge_145_0_+disjointig_207_0_5860 1602 4808 5860 -1 -1 3156 0.000867785
Chain
	Aln	288	-23816d8a-9f8b-41cb-896f-a4b4d12848ea 2 3201 3213 +edge_145_0_+disjointig_207_0_5860 1051 4257 5860 -1 -1 3156 0.000867785
Chain
	Aln	318	+eb45fe96-c628-41ce-9958-a524c2ff0017 4 2315 14842 +edge_160_1_-disjointig_235_1539_4208 354 2666 2669 -1 -1 2198 0.00752531
Chain
	Aln	319	-eb45fe96-c628-41ce-9958-a524c2ff0017 12526 14837 14842 -edge_160_1_-disjointig_235_1539_4208 2 2314 2669 -1 -1 2198 0.00752531
Chain
	Aln	661	+188b69cf-52be-419e-959d-31334bf13015 243 2994 3006 -edge_331_0_+disjointig_63_0_33738 9 2824 33738 -1 -1 2639 0.00425067
Chain
	Aln	660	-188b69cf-52be-419e-959d-31334bf13015 11 2762 3006 +edge_331_0_+disjointig_63_0_33738 30913 33728 33738 -1 -1 2639 0.00425067
Chain
	Aln	232	+143d192e-8e09-4745-8b67-0b605f7425f1 1 10937 10939 +edge_117_0_+disjointig_183_0_12115 1 10933 12115 -1 -1 10593 0.00369005
Chain
	Aln	233	-143d192e-8e09-4745-8b67-0b605f7425f1 1 10937 10939 -edge_117_0_+disjointig_183_0_12115 1181 12113 12115 -1 -1 10593 0.00369005
Chain
	Aln	649	+04900b4e-5142-4d3c-a603-9e554aeaf5da 1 10568 10570 -edge_325_0_+disjointig_56_0_14906 1164 11782 14906 -1 -1 9673 0.00859912
Chain
	Aln	648	-04900b4e-5142-4d3c-a603-9e554aeaf5da 1 10568 10570 +edge_325_0_+disjointig_56_0_14906 3123 13741 14906 -1 -1 9673 0.00859912
Chain
	Aln	355	+b23bf9fc-6fa4-406c-86a7-10f8c3749d69 10 2457 2463 -edge_178_0_+disjointig_230_0_11358 3156 5601 11358 -1 -1 2391 0.00437961
Chain
	Aln	354	-b23bf9fc-6fa4-406c-86a7-10f8c3749d69 5 2452 2463 +edge_178_0_+disjointig_230_0_11358 5756 8201 11358 -1 -1 2391 0.00437961
Chain
	Aln	438	+4d797820-5084-49ed-91dd-20bb79e76023 11 1299 1309 +edge_220_0_+disjointig_267_0_20749 10942 12233 20749 -1 -1 1245 0.00529735
Chain
	Aln	439	-4d797820-5084-49ed-91dd-20bb79e76023 9 1297 1309 -edge_220_0_+disjointig_267_0_20749 8515 9806 20749 -1 -1 1245 0.00529735
Chain
	Aln	643	+a61b667d-a621-4d3d-ab79-845ab56e0f7b 7 2334 2441 -edge_322_0_+disjointig_53_0_4197 1864 4196 4197 -1 -1 2317 0.00154805
Chain
	Aln	642	-a61b667d-a621-4d3d-ab79-845ab56e0f7b 106 2433 2441 +edge_322_0_+disjointig_53_0_4197 0 2332 4197 -1 -1 2317 0.00154805
Chain
	Aln	416	+62ae3412-55ef-4314-a5e2-2b88d30f5b0b 18 3536 3547 +edge_209_0_+disjointig_259_0_8151 4611 8141 8151 -1 -1 3317 0.00735801
Chain
	Aln	417	-62ae3412-55ef-4314-a5e2-2b88d30f5b0b 10 3528 3547 -edge_209_0_+disjointig_259_0_8151 9 3539 8151 -1 -1 3317 0.00735801
Chain
	Aln	80	+b48c3c3a-3b30-4024-a7fe-81cf0ae8e75f 87 9768 9773 +edge_41_0_+disjointig_114_0_9707 2 9703 9707 -1 -1 9128 0.00548299
Chain
	Aln	81	-b48c3c3a-3b30-4024-a7fe-81cf0ae8e75f 4 9685 9773 -edge_41_0_+disjointig_114_0_9707 3 9704 9707 -1 -1 9128 0.00548299
Chain
	Aln	46	+96cc115a-e845-44a9-902c-0d85972ff3ba 11 2950 3014 +edge_24_0_+disjointig_109_0_11803 5507 8445 11803 -1 -1 2918 0.000787185
Chain
	Aln	47	-96cc115a-e845-44a9-902c-0d85972ff3ba 63 3002 3014 -edge_24_0_+disjointig_109_0_11803 3357 6295 11803 -1 -1 2918 0.000787185
Chain
	Aln	660	+65fe38e9-a0b8-4424-b356-d07ddba2e0d2 7 33562 33570 +edge_331_0_+disjointig_63_0_33738 7 33567 33738 -1 -1 32659 0.00185186
Chain
	Aln	661	-65fe38e9-a0b8-4424-b356-d07ddba2e0d2 7 33562 33570 -edge_331_0_+disjointig_63_0_33738 170 33730 33738 -1 -1 32659 0.00185186
Chain
	Aln	46	+23561705-3c8e-4883-9279-5fe15eafca4a 8 6245 6252 +edge_24_0_+disjointig_109_0_11803 4158 10395 11803 -1 -1 6094 0.00251177
Chain
	Aln	47	-23561705-3c8e-4883-9279-5fe15eafca4a 6 6243 6252 -edge_24_0_+disjointig_109_0_11803 1407 7644 11803 -1 -1 6094 0.00251177
Chain
	Aln	139	+df81fbe7-08c6-462c-9df1-54c47de85cbb 2 3254 3256 -edge_70_0_-disjointig_67_10521_41118 8941 12193 30597 -1 -1 3208 0.00390213
Chain
	Aln	138	-df81fbe7-08c6-462c-9df1-54c47de85cbb 1 3253 3256 +edge_70_0_-disjointig_67_10521_41118 18403 21655 30597 -1 -1 3208 0.00390213
Chain
	Aln	130	+8cab695f-5d4c-4a68-9f09-555fa606fd6e 12 2707 3073 +edge_66_0_+disjointig_138_0_38214 35516 38210 38214 -1 -1 2647 0.0011948
Chain
	Aln	131	-8cab695f-5d4c-4a68-9f09-555fa606fd6e 365 3060 3073 -edge_66_0_+disjointig_138_0_38214 3 2697 38214 -1 -1 2647 0.0011948
Chain
	Aln	743	+6d06ff35-e757-4bc6-b4bd-92598ebe70bf 10 2281 2287 -edge_372_0_+disjointig_48_0_14826 399 2670 14826 -1 -1 2228 0.00351934
Chain
	Aln	742	-6d06ff35-e757-4bc6-b4bd-92598ebe70bf 5 2276 2287 +edge_372_0_+disjointig_48_0_14826 12155 14426 14826 -1 -1 2228 0.00351934
Chain
	Aln	209	+f5010ba2-d32e-4c95-82d4-8d4172eeeae9 9 1346 2703 -edge_105_0_+disjointig_171_0_8870 7507 8844 8870 -1 -1 1337 0.00235317
Chain
	Aln	208	-f5010ba2-d32e-4c95-82d4-8d4172eeeae9 1356 2693 2703 +edge_105_0_+disjointig_171_0_8870 25 1362 8870 -1 -1 1337 0.00235317
Chain
	Aln	660	+971607e1-f849-4dc4-97ff-0e2c0bd5c3f8 12 1588 1591 +edge_331_0_+disjointig_63_0_33738 2861 4437 33738 -1 -1 1554 0.00512703
Chain
	Aln	661	-971607e1-f849-4dc4-97ff-0e2c0bd5c3f8 2 1578 1591 -edge_331_0_+disjointig_63_0_33738 29300 30876 33738 -1 -1 1554 0.00512703
Chain
	Aln	129	+efaac0c8-ee91-421c-89d1-8b3926a936a9 13 5245 5251 -edge_65_0_+disjointig_137_0_9196 12 5246 9196 -1 -1 5186 0.00152918
Chain
	Aln	128	-efaac0c8-ee91-421c-89d1-8b3926a936a9 5 5237 5251 +edge_65_0_+disjointig_137_0_9196 3949 9183 9196 -1 -1 5186 0.00152918
Chain
	Aln	164	+38131c92-9414-456d-8cb9-8b7bb48bc369 15 1916 1925 +edge_83_0_+disjointig_154_0_3355 963 2864 3355 -1 -1 1887 0
Chain
	Aln	165	-38131c92-9414-456d-8cb9-8b7bb48bc369 8 1909 1925 -edge_83_0_+disjointig_154_0_3355 490 2391 3355 -1 -1 1887 0
Chain
	Aln	735	+5b81d0fc-886c-42d4-8a62-0220a35d5767 9 1523 1531 -edge_368_0_-disjointig_232_0_10466 107 1618 10466 -1 -1 1495 0
Chain
	Aln	734	-5b81d0fc-886c-42d4-8a62-0220a35d5767 7 1521 1531 +edge_368_0_-disjointig_232_0_10466 8847 10358 10466 -1 -1 1495 0
Chain
	Aln	301	+3d19c28c-920f-49e6-b7de-7fdaa6bdad22 30 4214 4216 -edge_151_0_+disjointig_21_0_26556 15213 19392 26556 -1 -1 4137 0.00342362
Chain
	Aln	300	-3d19c28c-920f-49e6-b7de-7fdaa6bdad22 1 4185 4216 +edge_151_0_+disjointig_21_0_26556 7163 11342 26556 -1 -1 4137 0.00342362
Chain
	Aln	348	+b68d20c4-1dc1-44f1-969e-970953c7d498 13 2457 2583 +edge_175_0_+disjointig_228_0_9714 7170 9614 9714 -1 -1 2417 0.0030363
Chain
	Aln	349	-b68d20c4-1dc1-44f1-969e-970953c7d498 125 2569 2583 -edge_175_0_+disjointig_228_0_9714 99 2543 9714 -1 -1 2417 0.0030363
Chain
	Aln	650	+d590df14-9741-4ea8-8bed-3fffa56da08d 2 8277 8279 +edge_326_0_+disjointig_58_0_35073 10405 18687 35073 -1 -1 7931 0.00554851
Chain
	Aln	651	-d590df14-9741-4ea8-8bed-3fffa56da08d 1 8276 8279 -edge_326_0_+disjointig_58_0_35073 16385 24667 35073 -1 -1 7931 0.00554851
Chain
	Aln	477	+9d645a19-aeaf-4c46-b78c-efc7daae3538 14 1489 1495 -edge_239_0_+disjointig_41_9827_31060 17899 19374 21233 -1 -1 1429 0.00541787
Chain
	Aln	476	-9d645a19-aeaf-4c46-b78c-efc7daae3538 5 1480 1495 +edge_239_0_+disjointig_41_9827_31060 1858 3333 21233 -1 -1 1429 0.00541787
Chain
	Aln	707	+b59464d7-e6f1-4df1-8868-6058017d232d 12 7320 7322 -edge_354_0_+disjointig_90_0_7377 11 7375 7377 -1 -1 7095 0.00306007
Chain
	Aln	706	-b59464d7-e6f1-4df1-8868-6058017d232d 1 7309 7322 +edge_354_0_+disjointig_90_0_7377 1 7365 7377 -1 -1 7095 0.00306007
Chain
	Aln	753	+853ad07a-af02-4e2c-b2b4-32045a6cbed1 5 1283 1590 -edge_377_2_-disjointig_292_6900_11748 3549 4827 4848 -1 -1 1271 0.00227874
Chain
	Aln	752	-853ad07a-af02-4e2c-b2b4-32045a6cbed1 306 1584 1590 +edge_377_2_-disjointig_292_6900_11748 20 1298 4848 -1 -1 1271 0.00227874
Chain
	Aln	752	+5a20d521-096b-4954-9ed3-f1e28dfce825 319 1573 1581 +edge_377_2_-disjointig_292_6900_11748 21 1281 4848 -1 -1 1233 0.00304872
Chain
	Aln	753	-5a20d521-096b-4954-9ed3-f1e28dfce825 7 1261 1581 -edge_377_2_-disjointig_292_6900_11748 3566 4826 4848 -1 -1 1233 0.00304872
Chain
	Aln	647	+451ff9ae-5515-4658-b613-4955b930c06a 10 2550 2555 -edge_324_0_+disjointig_55_0_20283 3542 6084 20283 -1 -1 2509 0.00356004
Chain
	Aln	646	-451ff9ae-5515-4658-b613-4955b930c06a 4 2544 2555 +edge_324_0_+disjointig_55_0_20283 14198 16740 20283 -1 -1 2509 0.00356004
Chain
	Aln	666	+aaf9783d-c883-40bf-9237-87b4111eac5c 12 1095 1124 +edge_334_0_+disjointig_68_0_9918 7830 8911 9918 -1 -1 1028 0.00103875
Chain
	Aln	667	-aaf9783d-c883-40bf-9237-87b4111eac5c 28 1111 1124 -edge_334_0_+disjointig_68_0_9918 1006 2087 9918 -1 -1 1028 0.00103875
Chain
	Aln	621	+959792f7-54f4-400b-8ea6-9d2cac646096 13 1597 1599 -edge_311_0_+disjointig_4_0_4681 1323 2906 4681 -1 -1 1567 0.00151633
Chain
	Aln	620	-959792f7-54f4-400b-8ea6-9d2cac646096 1 1585 1599 +edge_311_0_+disjointig_4_0_4681 1774 3357 4681 -1 -1 1567 0.00151633
Chain
	Aln	130	+04bef84d-4cf1-43b3-867b-704261809736 15 2321 2352 +edge_66_0_+disjointig_138_0_38214 6094 8401 38214 -1 -1 2277 0.00505408
Chain
	Aln	131	-04bef84d-4cf1-43b3-867b-704261809736 30 2336 2352 -edge_66_0_+disjointig_138_0_38214 29812 32119 38214 -1 -1 2277 0.00505408
Chain
	Aln	341	+aa118851-2691-4e3f-b8d2-a7b69cafb8d5 14 7266 7272 -edge_171_0_+disjointig_224_0_11833 13 7257 11833 -1 -1 7152 0.00271788
Chain
	Aln	340	-aa118851-2691-4e3f-b8d2-a7b69cafb8d5 5 7257 7272 +edge_171_0_+disjointig_224_0_11833 4575 11819 11833 -1 -1 7152 0.00271788
Chain
	Aln	118	+ae1bef91-00c8-44d8-8fe3-d2af003fdb4a 8 1372 1374 +edge_60_0_+disjointig_131_0_25925 734 2098 25925 -1 -1 1321 0.00532356
Chain
	Aln	119	-ae1bef91-00c8-44d8-8fe3-d2af003fdb4a 1 1365 1374 -edge_60_0_+disjointig_131_0_25925 23826 25190 25925 -1 -1 1321 0.00532356
Chain
	Aln	650	+9e34cf3c-0e9c-493a-9523-9fef6e377abb 6 2320 2326 +edge_326_0_+disjointig_58_0_35073 17085 19399 35073 -1 -1 2275 0.00386952
Chain
	Aln	651	-9e34cf3c-0e9c-493a-9523-9fef6e377abb 5 2319 2326 -edge_326_0_+disjointig_58_0_35073 15673 17987 35073 -1 -1 2275 0.00386952
Chain
	Aln	310	+8341a780-e577-4e06-a143-5e53d4d4c73b 22 4767 4777 +edge_156_0_+disjointig_214_0_8698 3950 8689 8698 -1 -1 4717 0.000872048
Chain
	Aln	311	-8341a780-e577-4e06-a143-5e53d4d4c73b 9 4754 4777 -edge_156_0_+disjointig_214_0_8698 8 4747 8698 -1 -1 4717 0.000872048
Chain
	Aln	752	+1f706654-d579-4fc9-b063-3aaa03a50339 34 3317 3331 +edge_377_5_+disjointig_57_43737_48788 337 3621 5051 -1 -1 3163 0.0039477
Chain
	Aln	753	-1f706654-d579-4fc9-b063-3aaa03a50339 13 3296 3331 -edge_377_5_+disjointig_57_43737_48788 1429 4713 5051 -1 -1 3163 0.0039477
Chain
	Aln	648	+c2cd3de8-9228-4e1b-8a99-1fdc39c66c92 9 1449 2476 +edge_325_0_+disjointig_56_0_14906 13457 14895 14906 -1 -1 1419 0.00210753
Chain
	Aln	649	-c2cd3de8-9228-4e1b-8a99-1fdc39c66c92 1026 2466 2476 -edge_325_0_+disjointig_56_0_14906 10 1448 14906 -1 -1 1419 0.00210753
Chain
	Aln	257	+6dd2d688-1590-401d-98e2-efd9cd9a394c 7 5028 5030 -edge_129_0_+disjointig_195_0_9643 4614 9641 9643 -1 -1 4901 0.00242432
Chain
	Aln	256	-6dd2d688-1590-401d-98e2-efd9cd9a394c 1 5022 5030 +edge_129_0_+disjointig_195_0_9643 1 5028 9643 -1 -1 4901 0.00242432
Chain
	Aln	753	+338913f4-7f16-4272-8532-b6aaace1bce8 20 1388 1397 -edge_377_0_+disjointig_28_27669_32566 1671 3039 4897 -1 -1 1358 0.000269147
Chain
	Aln	752	-338913f4-7f16-4272-8532-b6aaace1bce8 8 1376 1397 +edge_377_0_+disjointig_28_27669_32566 1857 3225 4897 -1 -1 1358 0.000269147
Chain
	Aln	140	+49e7bd16-f0c8-438a-b58a-9b06b112a3d7 9 1331 1340 +edge_71_0_+disjointig_140_0_13641 8762 10080 13641 -1 -1 1282 0.000193893
Chain
	Aln	141	-49e7bd16-f0c8-438a-b58a-9b06b112a3d7 8 1330 1340 -edge_71_0_+disjointig_140_0_13641 3560 4878 13641 -1 -1 1282 0.000193893
Chain
	Aln	474	+d76fca06-1686-455c-b4a3-4239a5552152 4 2582 2585 +edge_238_0_+disjointig_292_4977_11877 1466 4040 6900 -1 -1 2562 0
Chain
	Aln	475	-d76fca06-1686-455c-b4a3-4239a5552152 2 2580 2585 -edge_238_0_+disjointig_292_4977_11877 2859 5433 6900 -1 -1 2562 0
Chain
	Aln	646	+74be4eb6-a0be-4f7c-9a54-685d7c7a5b3b 10 1337 1342 +edge_324_0_+disjointig_55_0_20283 14629 15960 20283 -1 -1 1285 0.00709226
Chain
	Aln	647	-74be4eb6-a0be-4f7c-9a54-685d7c7a5b3b 4 1331 1342 -edge_324_0_+disjointig_55_0_20283 4322 5653 20283 -1 -1 1285 0.00709226
Chain
	Aln	39	+1747b5c7-65f6-40f1-8f22-e83ae8c373c4 12 2497 2504 -edge_20_0_+disjointig_105_0_37299 20985 23472 37299 -1 -1 2481 0
Chain
	Aln	38	-1747b5c7-65f6-40f1-8f22-e83ae8c373c4 6 2491 2504 +edge_20_0_+disjointig_105_0_37299 13826 16313 37299 -1 -1 2481 0
Chain
	Aln	753	+acfcbd0a-4428-4938-ac47-51ea3908efbe 7 4596 7250 -edge_377_2_-disjointig_292_6900_11748 258 4847 4848 -1 -1 4550 0.00102434
Chain
	Aln	752	-acfcbd0a-4428-4938-ac47-51ea3908efbe 2653 7242 7250 +edge_377_2_-disjointig_292_6900_11748 0 4589 4848 -1 -1 4550 0.00102434
Chain
	Aln	272	+3e6e23a8-bfe8-4f80-9abd-9a4f4ac005f4 954 2804 2808 +edge_137_0_+disjointig_2_0_8356 16 1866 8356 -1 -1 1808 0.00390627
Chain
	Aln	273	-3e6e23a8-bfe8-4f80-9abd-9a4f4ac005f4 3 1853 2808 -edge_137_0_+disjointig_2_0_8356 6489 8339 8356 -1 -1 1808 0.00390627
Chain
	Aln	466	+fa2a04ae-0878-43de-9fd0-a7988016df18 3 2132 2140 +edge_234_0_+disjointig_28_0_27669 18114 20246 27669 -1 -1 2121 0.000720814
Chain
	Aln	467	-fa2a04ae-0878-43de-9fd0-a7988016df18 7 2136 2140 -edge_234_0_+disjointig_28_0_27669 7422 9554 27669 -1 -1 2121 0.000720814
Chain
	Aln	729	+3906bb20-5b33-47a2-b256-cacb8a6c2bac 11 1581 1584 -edge_365_0_-disjointig_14_17885_30078 6990 8557 12193 -1 -1 1534 0.00184052
Chain
	Aln	728	-3906bb20-5b33-47a2-b256-cacb8a6c2bac 2 1572 1584 +edge_365_0_-disjointig_14_17885_30078 3635 5202 12193 -1 -1 1534 0.00184052
Chain
	Aln	328	+2b9ff73b-67de-4d9b-b67b-fcd8ef2e1010 9 9427 9533 +edge_165_0_+disjointig_219_0_12373 2928 12364 12373 -1 -1 9276 0.00194035
Chain
	Aln	329	-2b9ff73b-67de-4d9b-b67b-fcd8ef2e1010 105 9523 9533 -edge_165_0_+disjointig_219_0_12373 8 9444 12373 -1 -1 9276 0.00194035
Chain
	Aln	372	+2aad6f8b-ffda-4bad-95a5-e4451dbc3b7f 148 2177 2179 +edge_187_0_+disjointig_239_0_2850 8 2038 2850 -1 -1 1749 0.0134398
Chain
	Aln	373	-2aad6f8b-ffda-4bad-95a5-e4451dbc3b7f 1 2030 2179 -edge_187_0_+disjointig_239_0_2850 811 2841 2850 -1 -1 1749 0.0134398
Chain
	Aln	628	+9618d84b-6e66-4e1e-9621-45d1bd156e01 16 3633 3638 +edge_315_0_+disjointig_43_0_17713 9053 12667 17713 -1 -1 3581 0.00155027
Chain
	Aln	629	-9618d84b-6e66-4e1e-9621-45d1bd156e01 4 3621 3638 -edge_315_0_+disjointig_43_0_17713 5045 8659 17713 -1 -1 3581 0.00155027
Chain
	Aln	14	+dcabdafa-e165-44c4-9d81-11b48901670c 4802 10634 10642 +edge_8_0_+disjointig_103_0_7543 127 5959 7543 -1 -1 5695 0.00196936
Chain
	Aln	15	-dcabdafa-e165-44c4-9d81-11b48901670c 7 5839 10642 -edge_8_0_+disjointig_103_0_7543 1583 7415 7543 -1 -1 5695 0.00196936
Chain
	Aln	463	+871f5295-da91-46fe-a961-ced347e51a65 28 1678 2098 -edge_232_0_+disjointig_278_0_2367 717 2366 2367 -1 -1 1619 0.00205662
Chain
	Aln	462	-871f5295-da91-46fe-a961-ced347e51a65 419 2069 2098 +edge_232_0_+disjointig_278_0_2367 0 1649 2367 -1 -1 1619 0.00205662
Chain
	Aln	301	+0757db2c-6064-4ee2-8716-810b2fa26b48 1 4681 4688 -edge_151_0_+disjointig_21_0_26556 750 5428 26556 -1 -1 4674 0.000269147
Chain
	Aln	300	-0757db2c-6064-4ee2-8716-810b2fa26b48 6 4686 4688 +edge_151_0_+disjointig_21_0_26556 21127 25805 26556 -1 -1 4674 0.000269147
Chain
	Aln	622	+02ed5106-aadf-4f27-bee8-bd721133fde5 9 1143 1146 +edge_312_0_+disjointig_40_0_16996 8296 9429 16996 -1 -1 1109 0.00164987
Chain
	Aln	623	-02ed5106-aadf-4f27-bee8-bd721133fde5 2 1136 1146 -edge_312_0_+disjointig_40_0_16996 7566 8699 16996 -1 -1 1109 0.00164987
Chain
	Aln	648	+27871e45-54ac-4261-8acd-cee6cfa90004 5 1375 1380 +edge_325_0_+disjointig_56_0_14906 2585 3958 14906 -1 -1 1349 0
Chain
	Aln	649	-27871e45-54ac-4261-8acd-cee6cfa90004 4 1374 1380 -edge_325_0_+disjointig_56_0_14906 10947 12320 14906 -1 -1 1349 0
Chain
	Aln	267	+42aa8e25-be07-4391-805c-a411dc6f24b5 34 8101 8105 -edge_134_0_+disjointig_196_0_9620 30 8132 9620 -1 -1 7742 0.00425595
Chain
	Aln	266	-42aa8e25-be07-4391-805c-a411dc6f24b5 3 8070 8105 +edge_134_0_+disjointig_196_0_9620 1487 9589 9620 -1 -1 7742 0.00425595
Chain
	Aln	646	+5fd82663-fe9f-4b54-8b10-86956ae845f8 23 8072 8075 +edge_324_0_+disjointig_55_0_20283 9391 17439 20283 -1 -1 8007 0.00109626
Chain
	Aln	647	-5fd82663-fe9f-4b54-8b10-86956ae845f8 2 8051 8075 -edge_324_0_+disjointig_55_0_20283 2843 10891 20283 -1 -1 8007 0.00109626
Chain
	Aln	221	+914168a0-e6f9-4b81-bd11-c00dfd8b0a12 19 9946 12375 -edge_111_0_+disjointig_178_0_9957 18 9956 9957 -1 -1 9738 0.00137691
Chain
	Aln	220	-914168a0-e6f9-4b81-bd11-c00dfd8b0a12 2428 12355 12375 +edge_111_0_+disjointig_178_0_9957 0 9938 9957 -1 -1 9738 0.00137691
Chain
	Aln	593	+c2576a43-2be4-41ef-b2fb-67d32f5e6a34 19 3941 3948 -edge_297_0_+disjointig_324_0_12963 8260 12180 12963 -1 -1 3884 0.00256785
Chain
	Aln	592	-c2576a43-2be4-41ef-b2fb-67d32f5e6a34 6 3928 3948 +edge_297_0_+disjointig_324_0_12963 782 4702 12963 -1 -1 3884 0.00256785
Chain
	Aln	650	+b4abffbd-98ef-4ad4-934f-1f11e6c49bba 13 8215 8255 +edge_326_0_+disjointig_58_0_35073 5930 14150 35073 -1 -1 8015 0.00291038
Chain
	Aln	651	-b4abffbd-98ef-4ad4-934f-1f11e6c49bba 39 8241 8255 -edge_326_0_+disjointig_58_0_35073 20922 29142 35073 -1 -1 8015 0.00291038
Chain
	Aln	132	+4e85ffa9-1d0b-46a7-8066-183d6a009b90 5 1566 1570 +edge_67_0_+disjointig_139_0_8253 3276 4840 8253 -1 -1 1526 0.00290815
Chain
	Aln	133	-4e85ffa9-1d0b-46a7-8066-183d6a009b90 3 1564 1570 -edge_67_0_+disjointig_139_0_8253 3412 4976 8253 -1 -1 1526 0.00290815
Chain
	Aln	453	+c6c78e9e-f091-4c48-8f01-24709c4b539e 10 1061 1064 -edge_227_0_+disjointig_273_0_2515 806 1857 2515 -1 -1 1039 0.00305053
Chain
	Aln	452	-c6c78e9e-f091-4c48-8f01-24709c4b539e 2 1053 1064 +edge_227_0_+disjointig_273_0_2515 657 1708 2515 -1 -1 1039 0.00305053
Chain
	Aln	759	+f1ab7112-a7f2-408a-b9d2-933a064069da 16 3633 3638 -edge_380_0_+disjointig_98_1472_24422 8249 11867 22950 -1 -1 3569 0.00240091
Chain
	Aln	758	-f1ab7112-a7f2-408a-b9d2-933a064069da 4 3621 3638 +edge_380_0_+disjointig_98_1472_24422 11082 14700 22950 -1 -1 3569 0.00240091
Chain
	Aln	739	+593edc1c-501e-44fc-9f04-8462ff1118f9 11 4450 4460 -edge_370_0_-disjointig_66_3457_23755 7290 11726 20298 -1 -1 4414 0
Chain
	Aln	738	-593edc1c-501e-44fc-9f04-8462ff1118f9 9 4448 4460 +edge_370_0_-disjointig_66_3457_23755 8571 13007 20298 -1 -1 4414 0
Chain
	Aln	753	+d6fa54d7-9bc8-4200-8723-689e07d22e6f 5 1762 1768 -edge_377_3_-disjointig_41_21233_26118 401 2158 4885 -1 -1 1755 0
Chain
	Aln	752	-d6fa54d7-9bc8-4200-8723-689e07d22e6f 5 1762 1768 +edge_377_3_-disjointig_41_21233_26118 2726 4483 4885 -1 -1 1755 0
Chain
	Aln	94	+9e00e3b8-31dd-470b-ac23-8750195db06f 22 1197 1213 +edge_48_0_+disjointig_119_0_7447 4783 5965 7447 -1 -1 1095 0.0133034
Chain
	Aln	95	-9e00e3b8-31dd-470b-ac23-8750195db06f 15 1190 1213 -edge_48_0_+disjointig_119_0_7447 1481 2663 7447 -1 -1 1095 0.0133034
Chain
	Aln	72	+4a709066-191c-4164-a7d4-13aac48c4758 7 9541 16669 +edge_37_0_+disjointig_177_3758_16924 3632 13161 13166 -1 -1 8905 0.00613648
Chain
	Aln	602	+4a709066-191c-4164-a7d4-13aac48c4758 12281 16657 16669 +edge_302_0_+disjointig_329_0_4365 1 4354 4365 -1 -1 3924 0.0100053
Chain
	Aln	73	-4a709066-191c-4164-a7d4-13aac48c4758 7127 16661 16669 -edge_37_0_+disjointig_177_3758_16924 4 9533 13166 -1 -1 8905 0.00613648
Chain
	Aln	603	-4a709066-191c-4164-a7d4-13aac48c4758 11 4387 16669 -edge_302_0_+disjointig_329_0_4365 10 4363 4365 -1 -1 3924 0.0100053
Chain
	Aln	238	+23f59a8d-69bb-490b-b973-e5a79c69ca1f 13 1961 1964 +edge_120_0_+disjointig_186_0_20482 12319 14267 20482 -1 -1 1933 0
Chain
	Aln	239	-23f59a8d-69bb-490b-b973-e5a79c69ca1f 2 1950 1964 -edge_120_0_+disjointig_186_0_20482 6214 8162 20482 -1 -1 1933 0
Chain
	Aln	578	+add4bf67-ba58-47c1-9773-ef3ec5aeedbe 10 2425 2432 +edge_290_0_+disjointig_32_0_11267 7716 10129 11267 -1 -1 2333 0.00668268
Chain
	Aln	579	-add4bf67-ba58-47c1-9773-ef3ec5aeedbe 6 2421 2432 -edge_290_0_+disjointig_32_0_11267 1137 3550 11267 -1 -1 2333 0.00668268
Chain
	Aln	479	+f86c9a18-5f78-4ba5-af84-faf593f00d4c 9 1468 1479 -edge_240_0_-disjointig_57_7953_51690 35575 37034 43737 -1 -1 1438 0.00149445
Chain
	Aln	478	-f86c9a18-5f78-4ba5-af84-faf593f00d4c 10 1469 1479 +edge_240_0_-disjointig_57_7953_51690 6702 8161 43737 -1 -1 1438 0.00149445
Chain
	Aln	178	+592fbac3-a139-4b08-90de-a3ad242bfe93 10 1442 1454 +edge_90_0_+disjointig_16_0_20838 14060 15488 20838 -1 -1 1249 0.0168639
Chain
	Aln	179	-592fbac3-a139-4b08-90de-a3ad242bfe93 11 1443 1454 -edge_90_0_+disjointig_16_0_20838 5349 6777 20838 -1 -1 1249 0.0168639
Chain
	Aln	674	+e7cd2d04-7c61-4db2-9653-6b45f48a56b5 6 1191 1198 +edge_338_0_+disjointig_73_0_7795 2458 3642 7795 -1 -1 1157 0.005426
Chain
	Aln	675	-e7cd2d04-7c61-4db2-9653-6b45f48a56b5 6 1191 1198 -edge_338_0_+disjointig_73_0_7795 4152 5336 7795 -1 -1 1157 0.005426
Chain
	Aln	675	+26c5fbe0-9f7e-4ee8-87b3-793449a34e29 6 1189 1191 -edge_338_0_+disjointig_73_0_7795 4132 5320 7795 -1 -1 1129 0.00497754
Chain
	Aln	674	-26c5fbe0-9f7e-4ee8-87b3-793449a34e29 1 1184 1191 +edge_338_0_+disjointig_73_0_7795 2474 3662 7795 -1 -1 1129 0.00497754
Chain
	Aln	491	+1ee7a2b7-f3ef-4c89-9ad7-60756535d859 14 4521 4528 -edge_246_0_+disjointig_282_0_7495 13 4524 7495 -1 -1 4462 0.000666704
Chain
	Aln	490	-1ee7a2b7-f3ef-4c89-9ad7-60756535d859 6 4513 4528 +edge_246_0_+disjointig_282_0_7495 2970 7481 7495 -1 -1 4462 0.000666704
Chain
	Aln	376	+264f5f28-b74d-4403-aefc-434c71d11916 19 16942 16950 +edge_189_0_+disjointig_240_0_21824 4896 21817 21824 -1 -1 16721 0.00117203
Chain
	Aln	377	-264f5f28-b74d-4403-aefc-434c71d11916 7 16930 16950 -edge_189_0_+disjointig_240_0_21824 6 16927 21824 -1 -1 16721 0.00117203
Chain
	Aln	764	+53db3316-8536-41c2-a399-ad79c5e26fe6 1 2881 5939 +edge_383_0_+disjointig_37_1412_10185 5888 8769 8773 -1 -1 2837 0.0010868
	Aln	764	+53db3316-8536-41c2-a399-ad79c5e26fe6 2886 5937 5939 +edge_383_0_+disjointig_37_1412_10185 1 3053 8773 -1 -1 3029 0
Chain
	Aln	765	-53db3316-8536-41c2-a399-ad79c5e26fe6 1 3052 5939 -edge_383_0_+disjointig_37_1412_10185 5719 8771 8773 -1 -1 3029 0
	Aln	765	-53db3316-8536-41c2-a399-ad79c5e26fe6 3057 5937 5939 -edge_383_0_+disjointig_37_1412_10185 3 2884 8773 -1 -1 2837 0.0010868
Chain
	Aln	443	+e8471be4-b169-4080-a77c-784dadcd052a 8 1174 1177 -edge_222_0_+disjointig_269_0_6543 4494 5674 6543 -1 -1 1028 0.00986067
Chain
	Aln	442	-e8471be4-b169-4080-a77c-784dadcd052a 2 1168 1177 +edge_222_0_+disjointig_269_0_6543 868 2048 6543 -1 -1 1028 0.00986067
Chain
	Aln	16	+8ba5a398-9ef9-4e2f-93c2-279df0e6af1f 34 1480 2798 +edge_9_1_-disjointig_20_5873_7328 6 1449 1455 -1 -1 1415 0.00165598
Chain
	Aln	17	-8ba5a398-9ef9-4e2f-93c2-279df0e6af1f 1317 2763 2798 -edge_9_1_-disjointig_20_5873_7328 5 1448 1455 -1 -1 1415 0.00165598
Chain
	Aln	765	+86ce8808-a136-4d4d-84e5-283dfc187cad 1 3078 8752 -edge_383_0_+disjointig_37_1412_10185 5696 8772 8773 -1 -1 3027 0.00075496
	Aln	765	+86ce8808-a136-4d4d-84e5-283dfc187cad 3086 8749 8752 -edge_383_0_+disjointig_37_1412_10185 7 5677 8773 -1 -1 5562 0.00236002
Chain
	Aln	764	-86ce8808-a136-4d4d-84e5-283dfc187cad 2 5665 8752 +edge_383_0_+disjointig_37_1412_10185 3095 8765 8773 -1 -1 5562 0.00236002
	Aln	764	-86ce8808-a136-4d4d-84e5-283dfc187cad 5673 8750 8752 +edge_383_0_+disjointig_37_1412_10185 0 3076 8773 -1 -1 3027 0.00075496
Chain
	Aln	110	+0a3d3ea8-95c2-462a-82b3-8e653daa82a2 9 1807 3565 +edge_56_0_+disjointig_127_0_7260 5439 7237 7260 -1 -1 1724 0.00813616
Chain
	Aln	111	-0a3d3ea8-95c2-462a-82b3-8e653daa82a2 1757 3555 3565 -edge_56_0_+disjointig_127_0_7260 22 1820 7260 -1 -1 1724 0.00813616
Chain
	Aln	478	+b7dad14f-0237-49e6-9c89-002a5538e644 2 7873 7879 +edge_240_0_-disjointig_57_7953_51690 35828 43732 43737 -1 -1 6659 0.0111104
Chain
	Aln	479	-b7dad14f-0237-49e6-9c89-002a5538e644 5 7876 7879 -edge_240_0_-disjointig_57_7953_51690 4 7908 43737 -1 -1 6659 0.0111104
Chain
	Aln	479	+b383f218-a21b-4bb3-a0e3-d6d06ea28b1e 17 4015 4020 -edge_240_0_-disjointig_57_7953_51690 14529 18516 43737 -1 -1 3961 0.000913247
Chain
	Aln	478	-b383f218-a21b-4bb3-a0e3-d6d06ea28b1e 4 4002 4020 +edge_240_0_-disjointig_57_7953_51690 25220 29207 43737 -1 -1 3961 0.000913247
Chain
	Aln	350	+12637580-a190-421f-a0b9-ca99829b678e 1573 7000 7003 +edge_176_0_+disjointig_229_0_5436 3 5434 5436 -1 -1 5323 0.00109052
Chain
	Aln	351	-12637580-a190-421f-a0b9-ca99829b678e 2 5429 7003 -edge_176_0_+disjointig_229_0_5436 1 5432 5436 -1 -1 5323 0.00109052
Chain
	Aln	607	+5d6aa7ea-607e-42ec-905f-43e2e27f42fc 9 5394 5416 -edge_304_0_+disjointig_34_0_21728 7526 12916 21728 -1 -1 5318 0.00224801
Chain
	Aln	606	-5d6aa7ea-607e-42ec-905f-43e2e27f42fc 21 5406 5416 +edge_304_0_+disjointig_34_0_21728 8811 14201 21728 -1 -1 5318 0.00224801
Chain
	Aln	708	+a606f3e7-2972-4bc7-aa07-49f464a86008 32 2712 2716 +edge_355_0_+disjointig_91_0_2720 10 2697 2720 -1 -1 2503 0.00819446
Chain
	Aln	709	-a606f3e7-2972-4bc7-aa07-49f464a86008 3 2683 2716 -edge_355_0_+disjointig_91_0_2720 22 2709 2720 -1 -1 2503 0.00819446
Chain
	Aln	183	+e1342939-8bba-4c4f-9eba-204ccb8486de 12 4387 4390 -edge_92_0_+disjointig_162_0_7370 2973 7367 7370 -1 -1 4286 0.00326245
Chain
	Aln	182	-e1342939-8bba-4c4f-9eba-204ccb8486de 2 4377 4390 +edge_92_0_+disjointig_162_0_7370 2 4396 7370 -1 -1 4286 0.00326245
Chain
	Aln	514	+bb6b9a0d-5dba-4126-a8da-4913eb4de9c2 11 1155 1157 +edge_258_0_+disjointig_294_0_4039 2774 3917 4039 -1 -1 1133 0.00187294
Chain
	Aln	515	-bb6b9a0d-5dba-4126-a8da-4913eb4de9c2 1 1145 1157 -edge_258_0_+disjointig_294_0_4039 121 1264 4039 -1 -1 1133 0.00187294
Chain
	Aln	709	+3df019be-c0f2-4836-9286-a9d897ff7863 13 2718 2729 -edge_355_0_+disjointig_91_0_2720 12 2709 2720 -1 -1 2402 0.0105623
Chain
	Aln	708	-3df019be-c0f2-4836-9286-a9d897ff7863 10 2715 2729 +edge_355_0_+disjointig_91_0_2720 10 2707 2720 -1 -1 2402 0.0105623
Chain
	Aln	103	+4d17628e-be15-4ed5-9b99-41efb4a75dbd 17 8309 8313 -edge_52_0_+disjointig_123_0_17590 5511 13804 17590 -1 -1 8038 0.00418143
Chain
	Aln	102	-4d17628e-be15-4ed5-9b99-41efb4a75dbd 3 8295 8313 +edge_52_0_+disjointig_123_0_17590 3785 12078 17590 -1 -1 8038 0.00418143
Chain
	Aln	724	+90d1e4fb-1fae-40b9-bb2c-3c27083c67c4 12 2305 2308 +edge_363_0_-disjointig_118_8955_29374 18108 20398 20419 -1 -1 2240 0.00214786
Chain
	Aln	725	-90d1e4fb-1fae-40b9-bb2c-3c27083c67c4 2 2295 2308 -edge_363_0_-disjointig_118_8955_29374 20 2310 20419 -1 -1 2240 0.00214786
Chain
	Aln	479	+5e9e3e0e-14a1-44b5-96d6-8582fd7eb0c4 77 3131 3136 -edge_240_0_-disjointig_57_7953_51690 37166 40222 43737 -1 -1 2999 0.00142951
Chain
	Aln	478	-5e9e3e0e-14a1-44b5-96d6-8582fd7eb0c4 4 3058 3136 +edge_240_0_-disjointig_57_7953_51690 3514 6570 43737 -1 -1 2999 0.00142951
Chain
	Aln	655	+1107ce19-b33d-4ea1-9c8f-404821a40221 7 4590 4594 -edge_328_0_+disjointig_60_0_13874 1317 5898 13874 -1 -1 4546 0.00262504
Chain
	Aln	654	-1107ce19-b33d-4ea1-9c8f-404821a40221 3 4586 4594 +edge_328_0_+disjointig_60_0_13874 7975 12556 13874 -1 -1 4546 0.00262504
Chain
	Aln	131	+ee87d216-495e-40fc-b216-2c3422e54112 15 1276 1278 -edge_66_0_+disjointig_138_0_38214 18847 20109 38214 -1 -1 1242 0.000751575
Chain
	Aln	130	-ee87d216-495e-40fc-b216-2c3422e54112 1 1262 1278 +edge_66_0_+disjointig_138_0_38214 18104 19366 38214 -1 -1 1242 0.000751575
Chain
	Aln	139	+3dceedee-9a1e-4a78-9dc5-e073f281dd94 6 1229 1232 -edge_70_0_-disjointig_67_10521_41118 20834 22058 30597 -1 -1 1175 0.0067336
Chain
	Aln	138	-3dceedee-9a1e-4a78-9dc5-e073f281dd94 2 1225 1232 +edge_70_0_-disjointig_67_10521_41118 8538 9762 30597 -1 -1 1175 0.0067336
Chain
	Aln	112	+a89690a2-6a20-44e1-ba13-ed8a74e1ed62 350 1930 1940 +edge_57_0_+disjointig_129_0_4247 1 1583 4247 -1 -1 1546 0.00336383
Chain
	Aln	113	-a89690a2-6a20-44e1-ba13-ed8a74e1ed62 9 1589 1940 -edge_57_0_+disjointig_129_0_4247 2663 4245 4247 -1 -1 1546 0.00336383
Chain
	Aln	765	+fc6cec5f-976a-4502-a079-ca05d776e2a9 1 2494 5342 -edge_383_0_+disjointig_37_1412_10185 6270 8772 8773 -1 -1 2412 0.00399829
	Aln	765	+fc6cec5f-976a-4502-a079-ca05d776e2a9 2502 5340 5342 -edge_383_0_+disjointig_37_1412_10185 7 2851 8773 -1 -1 2694 0.00423761
Chain
	Aln	764	-fc6cec5f-976a-4502-a079-ca05d776e2a9 1 2839 5342 +edge_383_0_+disjointig_37_1412_10185 5921 8765 8773 -1 -1 2694 0.00423761
	Aln	764	-fc6cec5f-976a-4502-a079-ca05d776e2a9 2847 5340 5342 +edge_383_0_+disjointig_37_1412_10185 0 2502 8773 -1 -1 2412 0.00399829
Chain
	Aln	654	+dd314ac6-fad8-437b-a804-990d1e18156a 1 3500 3505 +edge_328_0_+disjointig_60_0_13874 1 3504 13874 -1 -1 3437 0.00268852
Chain
	Aln	655	-dd314ac6-fad8-437b-a804-990d1e18156a 4 3503 3505 -edge_328_0_+disjointig_60_0_13874 10369 13872 13874 -1 -1 3437 0.00268852
Chain
	Aln	377	+2aaef439-62ef-4f62-ac79-29fff7926a42 12 1844 1848 -edge_189_0_+disjointig_240_0_21824 13859 15693 21824 -1 -1 1814 0.000293824
Chain
	Aln	376	-2aaef439-62ef-4f62-ac79-29fff7926a42 3 1835 1848 +edge_189_0_+disjointig_240_0_21824 6130 7964 21824 -1 -1 1814 0.000293824
Chain
	Aln	765	+95fd72cd-2960-4811-a253-38f35003d0ee 9 2887 8755 -edge_383_0_+disjointig_37_1412_10185 5893 8772 8773 -1 -1 2872 0
	Aln	765	+95fd72cd-2960-4811-a253-38f35003d0ee 2895 8744 8755 -edge_383_0_+disjointig_37_1412_10185 7 5858 8773 -1 -1 5832 0.00113468
Chain
	Aln	764	-95fd72cd-2960-4811-a253-38f35003d0ee 10 5859 8755 +edge_383_0_+disjointig_37_1412_10185 2914 8765 8773 -1 -1 5832 0.00113468
	Aln	764	-95fd72cd-2960-4811-a253-38f35003d0ee 5867 8745 8755 +edge_383_0_+disjointig_37_1412_10185 0 2879 8773 -1 -1 2872 0
Chain
	Aln	703	+028e2d2a-f40b-4405-955c-e2e969cf146b 11 6615 6621 -edge_352_0_+disjointig_88_0_9532 10 6611 9532 -1 -1 6579 0.00123351
Chain
	Aln	702	-028e2d2a-f40b-4405-955c-e2e969cf146b 5 6609 6621 +edge_352_0_+disjointig_88_0_9532 2920 9521 9532 -1 -1 6579 0.00123351
Chain
	Aln	287	+7f1fc621-cfc0-4dda-848e-a3193827a8e9 17 4801 4803 -edge_144_0_+disjointig_206_0_18223 9065 13847 18223 -1 -1 4733 0.000869969
Chain
	Aln	286	-7f1fc621-cfc0-4dda-848e-a3193827a8e9 1 4785 4803 +edge_144_0_+disjointig_206_0_18223 4375 9157 18223 -1 -1 4733 0.000869969
Chain
	Aln	107	+08380564-e416-4f29-bf28-8047a2ba6d57 17 1145 1148 -edge_54_0_+disjointig_125_0_13260 5838 6966 13260 -1 -1 1114 0
Chain
	Aln	106	-08380564-e416-4f29-bf28-8047a2ba6d57 2 1130 1148 +edge_54_0_+disjointig_125_0_13260 6293 7421 13260 -1 -1 1114 0
Chain
	Aln	629	+d747e4e0-bf04-4506-91b1-7d24c8fc7f91 11 6773 6779 -edge_315_0_+disjointig_43_0_17713 2135 8905 17713 -1 -1 6633 0.00254358
Chain
	Aln	628	-d747e4e0-bf04-4506-91b1-7d24c8fc7f91 5 6767 6779 +edge_315_0_+disjointig_43_0_17713 8807 15577 17713 -1 -1 6633 0.00254358
Chain
	Aln	329	+a1e8ace5-4410-4234-ad71-ad8fec015b2c 11 1061 1069 -edge_165_0_+disjointig_219_0_12373 1333 2383 12373 -1 -1 1050 0
Chain
	Aln	328	-a1e8ace5-4410-4234-ad71-ad8fec015b2c 7 1057 1069 +edge_165_0_+disjointig_219_0_12373 9989 11039 12373 -1 -1 1050 0
Chain
	Aln	669	+5928308b-00fb-43db-a416-d2dd32da1f16 10 5433 5438 -edge_335_0_+disjointig_69_0_21020 8220 13642 21020 -1 -1 5293 0.00285764
Chain
	Aln	668	-5928308b-00fb-43db-a416-d2dd32da1f16 4 5427 5438 +edge_335_0_+disjointig_69_0_21020 7377 12799 21020 -1 -1 5293 0.00285764
Chain
	Aln	303	+902147d6-90c5-4f4f-b53d-74a714266bee 19 2292 2301 -edge_152_0_+disjointig_210_0_3898 21 2293 3898 -1 -1 2264 0.00163254
Chain
	Aln	302	-902147d6-90c5-4f4f-b53d-74a714266bee 8 2281 2301 +edge_152_0_+disjointig_210_0_3898 1604 3876 3898 -1 -1 2264 0.00163254
Chain
	Aln	43	+04aca5f2-5fe5-4723-baa9-d46169c7a218 4 2729 2734 -edge_22_0_+disjointig_107_0_25761 7872 10604 25761 -1 -1 2715 0.00150772
Chain
	Aln	42	-04aca5f2-5fe5-4723-baa9-d46169c7a218 4 2729 2734 +edge_22_0_+disjointig_107_0_25761 15156 17888 25761 -1 -1 2715 0.00150772
Chain
	Aln	555	+307409fa-bee0-4ae4-b4da-a61f12882605 12 3070 3072 -edge_278_0_+disjointig_311_0_4418 1360 4416 4418 -1 -1 3021 0.0011427
Chain
	Aln	554	-307409fa-bee0-4ae4-b4da-a61f12882605 1 3059 3072 +edge_278_0_+disjointig_311_0_4418 1 3057 4418 -1 -1 3021 0.0011427
Chain
	Aln	302	+04593d9c-6e42-462d-bedd-37226db0029c 9 2302 2308 +edge_152_0_+disjointig_210_0_3898 1585 3876 3898 -1 -1 2264 0.00273757
Chain
	Aln	303	-04593d9c-6e42-462d-bedd-37226db0029c 5 2298 2308 -edge_152_0_+disjointig_210_0_3898 21 2312 3898 -1 -1 2264 0.00273757
Chain
	Aln	406	+5b271649-a07a-4899-913e-e9be3b48765b 14 4115 4125 +edge_204_0_+disjointig_254_0_5133 1018 5124 5133 -1 -1 3982 0.00289457
Chain
	Aln	407	-5b271649-a07a-4899-913e-e9be3b48765b 9 4110 4125 -edge_204_0_+disjointig_254_0_5133 8 4114 5133 -1 -1 3982 0.00289457
Chain
	Aln	210	+fb3e31c5-f534-423d-8d43-d910567ea2d4 11 1612 1617 +edge_106_0_+disjointig_172_0_11649 2348 3950 11649 -1 -1 1592 0.00218101
Chain
	Aln	211	-fb3e31c5-f534-423d-8d43-d910567ea2d4 4 1605 1617 -edge_106_0_+disjointig_172_0_11649 7698 9300 11649 -1 -1 1592 0.00218101
Chain
	Aln	383	+ae1bd843-6e77-4430-926b-808bbd006103 12 2534 2553 -edge_192_0_+disjointig_243_0_2553 11 2533 2553 -1 -1 2486 0.000835232
Chain
	Aln	382	-ae1bd843-6e77-4430-926b-808bbd006103 18 2540 2553 +edge_192_0_+disjointig_243_0_2553 19 2541 2553 -1 -1 2486 0.000835232
Chain
	Aln	509	+7f6b9257-edf7-422d-ae06-0acc01df5899 21 2441 2443 -edge_255_0_+disjointig_290_0_2447 23 2445 2447 -1 -1 2411 0
Chain
	Aln	508	-7f6b9257-edf7-422d-ae06-0acc01df5899 1 2421 2443 +edge_255_0_+disjointig_290_0_2447 1 2423 2447 -1 -1 2411 0
Chain
	Aln	757	+29ab83d4-66b4-450c-878e-5fb6fe0fd92c 7 1381 1408 -edge_379_0_+disjointig_30_0_8705 4542 5912 8705 -1 -1 1331 0.00295765
Chain
	Aln	756	-29ab83d4-66b4-450c-878e-5fb6fe0fd92c 26 1400 1408 +edge_379_0_+disjointig_30_0_8705 2792 4162 8705 -1 -1 1331 0.00295765
Chain
	Aln	761	+5796c76c-15c8-4edf-bc5f-3f4e945b2079 11 5940 5945 -edge_381_0_-disjointig_45_0_30722 6303 12240 30722 -1 -1 5830 0.00244679
Chain
	Aln	760	-5796c76c-15c8-4edf-bc5f-3f4e945b2079 4 5933 5945 +edge_381_0_-disjointig_45_0_30722 18481 24418 30722 -1 -1 5830 0.00244679
Chain
	Aln	52	+93586d32-e27c-42b4-b8a7-437d9597c38e 1 1433 1590 +edge_27_0_+disjointig_111_0_6531 5094 6527 6531 -1 -1 1411 0
Chain
	Aln	53	-93586d32-e27c-42b4-b8a7-437d9597c38e 156 1588 1590 -edge_27_0_+disjointig_111_0_6531 3 1436 6531 -1 -1 1411 0
Chain
	Aln	704	+5dc85483-3755-4ea2-b7a1-692ed1a43b73 74 6466 6474 +edge_353_0_+disjointig_89_0_13592 7159 13585 13592 -1 -1 6213 0.00171911
Chain
	Aln	705	-5dc85483-3755-4ea2-b7a1-692ed1a43b73 7 6399 6474 -edge_353_0_+disjointig_89_0_13592 6 6432 13592 -1 -1 6213 0.00171911
Chain
	Aln	748	+52e94b94-c2e2-48a6-a67b-80b182bf6fb6 21 2648 3470 +edge_375_0_+disjointig_46_0_10791 8167 10784 10791 -1 -1 2500 0.00549482
	Aln	750	+52e94b94-c2e2-48a6-a67b-80b182bf6fb6 2658 3468 3470 +edge_376_0_+disjointig_262_2656_4545 3 813 1889 -1 -1 810 0.00118116
Chain
	Aln	751	-52e94b94-c2e2-48a6-a67b-80b182bf6fb6 1 811 3470 -edge_376_0_+disjointig_262_2656_4545 1075 1885 1889 -1 -1 810 0.00118116
	Aln	749	-52e94b94-c2e2-48a6-a67b-80b182bf6fb6 821 3448 3470 -edge_375_0_+disjointig_46_0_10791 6 2623 10791 -1 -1 2500 0.00549482
Chain
	Aln	106	+ad7b98b5-1ab5-4a0a-ab3d-f19cefe1a683 9 1365 1370 +edge_54_0_+disjointig_125_0_13260 9345 10702 13260 -1 -1 1347 0.00322659
Chain
	Aln	107	-ad7b98b5-1ab5-4a0a-ab3d-f19cefe1a683 4 1360 1370 -edge_54_0_+disjointig_125_0_13260 2557 3914 13260 -1 -1 1347 0.00322659
Chain
	Aln	110	+9824a714-8583-4541-ae8b-c557a7bfcd18 1 3858 3861 +edge_56_0_+disjointig_127_0_7260 1 3859 7260 -1 -1 3802 0.00116973
Chain
	Aln	111	-9824a714-8583-4541-ae8b-c557a7bfcd18 2 3859 3861 -edge_56_0_+disjointig_127_0_7260 3400 7258 7260 -1 -1 3802 0.00116973
Chain
	Aln	574	+6c5d0a12-30da-4d5c-a7ad-aba15dc07aa0 4617 10404 10424 +edge_288_0_+disjointig_318_0_5839 1 5819 5839 -1 -1 5406 0.00477567
Chain
	Aln	575	-6c5d0a12-30da-4d5c-a7ad-aba15dc07aa0 19 5806 10424 -edge_288_0_+disjointig_318_0_5839 19 5837 5839 -1 -1 5406 0.00477567
Chain
	Aln	478	+826726af-d1d0-4062-96e7-0c80e5c57d6e 9 2815 2820 +edge_240_0_-disjointig_57_7953_51690 29500 32305 43737 -1 -1 2801 0.00235362
Chain
	Aln	479	-826726af-d1d0-4062-96e7-0c80e5c57d6e 4 2810 2820 -edge_240_0_-disjointig_57_7953_51690 11431 14236 43737 -1 -1 2801 0.00235362
Chain
	Aln	409	+2352820b-8ecf-4c9b-b659-e59be27d476e 10 1177 1205 -edge_205_0_+disjointig_255_0_9104 4422 5599 9104 -1 -1 937 0.0227558
Chain
	Aln	408	-2352820b-8ecf-4c9b-b659-e59be27d476e 27 1194 1205 +edge_205_0_+disjointig_255_0_9104 3504 4681 9104 -1 -1 937 0.0227558
Chain
	Aln	243	+147d54a9-9c68-41da-84fd-3fe9c9e9a090 20 5544 5547 -edge_122_0_+disjointig_188_0_7167 1646 7164 7167 -1 -1 5434 0.00208927
Chain
	Aln	242	-147d54a9-9c68-41da-84fd-3fe9c9e9a090 2 5526 5547 +edge_122_0_+disjointig_188_0_7167 2 5520 7167 -1 -1 5434 0.00208927
Chain
	Aln	595	+70cb04ff-852a-4ba4-b2e2-459fa6d23854 6 1380 1387 -edge_298_0_+disjointig_325_0_7000 2926 4300 7000 -1 -1 1328 0.00395893
Chain
	Aln	594	-70cb04ff-852a-4ba4-b2e2-459fa6d23854 6 1380 1387 +edge_298_0_+disjointig_325_0_7000 2699 4073 7000 -1 -1 1328 0.00395893
Chain
	Aln	247	+1a67326b-606e-4d05-8c8e-878f13ae0d90 6 2730 2737 -edge_124_0_+disjointig_19_0_15579 5 2729 15579 -1 -1 2694 0
Chain
	Aln	246	-1a67326b-606e-4d05-8c8e-878f13ae0d90 6 2730 2737 +edge_124_0_+disjointig_19_0_15579 12849 15573 15579 -1 -1 2694 0
Chain
	Aln	99	+d05a2157-4e8e-421a-bf70-6363579ad283 19 2430 2433 -edge_50_0_+disjointig_121_0_2432 18 2429 2432 -1 -1 2286 0.00628506
Chain
	Aln	98	-d05a2157-4e8e-421a-bf70-6363579ad283 2 2413 2433 +edge_50_0_+disjointig_121_0_2432 2 2413 2432 -1 -1 2286 0.00628506
Chain
	Aln	651	+13ba41e7-7813-446a-9f28-06d53f25b37d 4 3717 3723 -edge_326_0_+disjointig_58_0_35073 31347 35067 35073 -1 -1 3666 0.00450506
Chain
	Aln	650	-13ba41e7-7813-446a-9f28-06d53f25b37d 5 3718 3723 +edge_326_0_+disjointig_58_0_35073 5 3725 35073 -1 -1 3666 0.00450506
Chain
	Aln	204	+34dd75d9-d12e-4a2e-a431-e86e972d50d6 22 2564 2566 +edge_103_0_+disjointig_17_0_17973 1 2547 17973 -1 -1 2463 0.00271133
Chain
	Aln	205	-34dd75d9-d12e-4a2e-a431-e86e972d50d6 1 2543 2566 -edge_103_0_+disjointig_17_0_17973 15425 17971 17973 -1 -1 2463 0.00271133
Chain
	Aln	205	+48e15edb-5654-4352-b357-b5efdefa3260 6 2569 2571 -edge_103_0_+disjointig_17_0_17973 15409 17971 17973 -1 -1 2544 0.00178383
Chain
	Aln	204	-48e15edb-5654-4352-b357-b5efdefa3260 1 2564 2571 +edge_103_0_+disjointig_17_0_17973 1 2563 17973 -1 -1 2544 0.00178383
Chain
	Aln	464	+e498e3a9-c751-4d45-8335-b9b2f91ec865 5 1192 1196 +edge_233_0_+disjointig_279_0_2354 729 1916 2354 -1 -1 1187 0
Chain
	Aln	465	-e498e3a9-c751-4d45-8335-b9b2f91ec865 3 1190 1196 -edge_233_0_+disjointig_279_0_2354 437 1624 2354 -1 -1 1187 0
Chain
	Aln	646	+c9355e0c-a77f-4fd9-a7cb-be3ae0583ffa 11 2758 2761 +edge_324_0_+disjointig_55_0_20283 17411 20158 20283 -1 -1 2747 0
Chain
	Aln	647	-c9355e0c-a77f-4fd9-a7cb-be3ae0583ffa 2 2749 2761 -edge_324_0_+disjointig_55_0_20283 124 2871 20283 -1 -1 2747 0
Chain
	Aln	753	+7fbe799e-3734-40e6-bbf5-f8d48ce6d91b 9 1210 1231 -edge_377_1_+disjointig_28_33393_38243 3288 4493 4850 -1 -1 1153 0.00463681
Chain
	Aln	752	-7fbe799e-3734-40e6-bbf5-f8d48ce6d91b 20 1221 1231 +edge_377_1_+disjointig_28_33393_38243 356 1561 4850 -1 -1 1153 0.00463681
Chain
	Aln	475	+8090b03a-dd68-4849-97bc-8eea3b610691 9 2345 2351 -edge_238_0_+disjointig_292_4977_11877 8 2347 6900 -1 -1 2279 0.0014395
Chain
	Aln	474	-8090b03a-dd68-4849-97bc-8eea3b610691 5 2341 2351 +edge_238_0_+disjointig_292_4977_11877 4552 6891 6900 -1 -1 2279 0.0014395
Chain
	Aln	132	+a91436ea-be9e-4d61-9d43-26aca67271ec 159 6929 7353 +edge_67_0_+disjointig_139_0_8253 1471 8244 8253 -1 -1 6511 0.00261969
Chain
	Aln	133	-a91436ea-be9e-4d61-9d43-26aca67271ec 423 7193 7353 -edge_67_0_+disjointig_139_0_8253 8 6781 8253 -1 -1 6511 0.00261969
Chain
	Aln	448	+e73ed1e4-ca67-47a1-b09c-851dc767801a 4 1644 1648 +edge_225_0_+disjointig_271_0_5095 1233 2873 5095 -1 -1 1632 0.00190292
Chain
	Aln	449	-e73ed1e4-ca67-47a1-b09c-851dc767801a 3 1643 1648 -edge_225_0_+disjointig_271_0_5095 2221 3861 5095 -1 -1 1632 0.00190292
Chain
	Aln	758	+4bf50024-2869-4523-920c-af417fd94143 17 1387 1390 +edge_380_0_+disjointig_98_1472_24422 4398 5773 22950 -1 -1 1329 0.0037498
Chain
	Aln	759	-4bf50024-2869-4523-920c-af417fd94143 2 1372 1390 -edge_380_0_+disjointig_98_1472_24422 17176 18551 22950 -1 -1 1329 0.0037498
Chain
	Aln	743	+32a3911e-a5aa-4262-a18a-197c48275642 12 1951 1958 -edge_372_0_+disjointig_48_0_14826 1766 3705 14826 -1 -1 1939 0.000285486
Chain
	Aln	742	-32a3911e-a5aa-4262-a18a-197c48275642 6 1945 1958 +edge_372_0_+disjointig_48_0_14826 11120 13059 14826 -1 -1 1939 0.000285486
Chain
	Aln	638	+90fb94ac-acd2-43ed-b0fd-deefabb9de6d 35 3478 3482 +edge_320_0_+disjointig_51_0_24344 11836 15279 24344 -1 -1 3423 0
Chain
	Aln	639	-90fb94ac-acd2-43ed-b0fd-deefabb9de6d 3 3446 3482 -edge_320_0_+disjointig_51_0_24344 9064 12507 24344 -1 -1 3423 0
Chain
	Aln	102	+67ca566b-57b6-49e1-94ac-bb19062232dc 8 1158 1167 +edge_52_0_+disjointig_123_0_17590 4087 5237 17590 -1 -1 1132 0.00426575
Chain
	Aln	103	-67ca566b-57b6-49e1-94ac-bb19062232dc 8 1158 1167 -edge_52_0_+disjointig_123_0_17590 12352 13502 17590 -1 -1 1132 0.00426575
Chain
	Aln	130	+8ec71e8f-ba3f-4e29-a749-63daca59b8d0 6 1205 1213 +edge_66_0_+disjointig_138_0_38214 29140 30339 38214 -1 -1 1199 0
Chain
	Aln	131	-8ec71e8f-ba3f-4e29-a749-63daca59b8d0 7 1206 1213 -edge_66_0_+disjointig_138_0_38214 7874 9073 38214 -1 -1 1199 0
Chain
	Aln	660	+557f8079-b998-45fc-9641-079a03235b99 5 2345 2351 +edge_331_0_+disjointig_63_0_33738 16546 18886 33738 -1 -1 2308 0.0021794
Chain
	Aln	661	-557f8079-b998-45fc-9641-079a03235b99 5 2345 2351 -edge_331_0_+disjointig_63_0_33738 14851 17191 33738 -1 -1 2308 0.0021794
Chain
	Aln	107	+99e262dd-6349-4e9e-8d66-569b95c23d19 11 1346 1349 -edge_54_0_+disjointig_125_0_13260 3936 5271 13260 -1 -1 1326 0
Chain
	Aln	106	-99e262dd-6349-4e9e-8d66-569b95c23d19 2 1337 1349 +edge_54_0_+disjointig_125_0_13260 7988 9323 13260 -1 -1 1326 0
Chain
	Aln	738	+9a80fa49-d985-4b42-9253-7e5de4f3ce18 8 2007 2010 +edge_370_0_-disjointig_66_3457_23755 9320 11320 20298 -1 -1 1979 0
Chain
	Aln	739	-9a80fa49-d985-4b42-9253-7e5de4f3ce18 2 2001 2010 -edge_370_0_-disjointig_66_3457_23755 8977 10977 20298 -1 -1 1979 0
Chain
	Aln	716	+06285f21-597e-4fa5-bc0c-cc9ee0d0b975 7 1128 1137 +edge_359_0_+disjointig_96_0_23495 2165 3286 23495 -1 -1 1121 0.000678253
Chain
	Aln	717	-06285f21-597e-4fa5-bc0c-cc9ee0d0b975 8 1129 1137 -edge_359_0_+disjointig_96_0_23495 20208 21329 23495 -1 -1 1121 0.000678253
Chain
	Aln	340	+b13a65c0-1870-4153-a7ee-c59c215c5b92 11 1371 1373 +edge_171_0_+disjointig_224_0_11833 8146 9503 11833 -1 -1 1340 0.00260393
Chain
	Aln	341	-b13a65c0-1870-4153-a7ee-c59c215c5b92 1 1361 1373 -edge_171_0_+disjointig_224_0_11833 2329 3686 11833 -1 -1 1340 0.00260393
Chain
	Aln	685	+7893c2ec-8694-4572-bff7-6e82813e750a 12 2178 2185 -edge_343_0_+disjointig_79_0_7287 1266 3433 7287 -1 -1 2117 0.00323905
Chain
	Aln	684	-7893c2ec-8694-4572-bff7-6e82813e750a 6 2172 2185 +edge_343_0_+disjointig_79_0_7287 3853 6020 7287 -1 -1 2117 0.00323905
Chain
	Aln	684	+bd47cfcb-fb85-479d-9af4-5c6e879281a7 28 2604 2607 +edge_343_0_+disjointig_79_0_7287 3855 6427 7287 -1 -1 2505 0.0043416
Chain
	Aln	685	-bd47cfcb-fb85-479d-9af4-5c6e879281a7 2 2578 2607 -edge_343_0_+disjointig_79_0_7287 859 3431 7287 -1 -1 2505 0.0043416
Chain
	Aln	238	+5975d570-01c3-438e-ac9e-a623b90a5da9 15 1030 1036 +edge_120_0_+disjointig_186_0_20482 5563 6578 20482 -1 -1 1015 0.00231487
Chain
	Aln	239	-5975d570-01c3-438e-ac9e-a623b90a5da9 5 1020 1036 -edge_120_0_+disjointig_186_0_20482 13903 14918 20482 -1 -1 1015 0.00231487
Chain
	Aln	463	+a15062d7-fd66-4a7f-b1e3-a97730ccd765 13 2367 2370 -edge_232_0_+disjointig_278_0_2367 12 2364 2367 -1 -1 2311 0.00139081
Chain
	Aln	462	-a15062d7-fd66-4a7f-b1e3-a97730ccd765 2 2356 2370 +edge_232_0_+disjointig_278_0_2367 2 2354 2367 -1 -1 2311 0.00139081
Chain
	Aln	58	+b8295e77-6cfc-41f1-a626-34703da3d3d3 14 3191 3279 +edge_30_0_+disjointig_12_6913_11622 1523 4699 4709 -1 -1 3161 0.00157826
Chain
	Aln	59	-b8295e77-6cfc-41f1-a626-34703da3d3d3 87 3264 3279 -edge_30_0_+disjointig_12_6913_11622 9 3185 4709 -1 -1 3161 0.00157826
Chain
	Aln	738	+33ad15a1-eca4-4534-ba72-71340b093de8 10 13707 13715 +edge_370_0_-disjointig_66_3457_23755 1525 15232 20298 -1 -1 13389 0.00219895
Chain
	Aln	739	-33ad15a1-eca4-4534-ba72-71340b093de8 7 13704 13715 -edge_370_0_-disjointig_66_3457_23755 5065 18772 20298 -1 -1 13389 0.00219895
Chain
	Aln	386	+b8c08168-ab23-4e2a-a15a-7d64df36eb8e 13 1855 1861 +edge_194_0_+disjointig_245_0_6235 1008 2853 6235 -1 -1 1812 0.00318774
Chain
	Aln	387	-b8c08168-ab23-4e2a-a15a-7d64df36eb8e 5 1847 1861 -edge_194_0_+disjointig_245_0_6235 3381 5226 6235 -1 -1 1812 0.00318774
Chain
	Aln	219	+96c18ad8-3065-4481-b6f7-778a370f4483 13 1297 1307 -edge_110_0_+disjointig_176_0_18510 520 1805 18510 -1 -1 1230 0.0047491
Chain
	Aln	218	-96c18ad8-3065-4481-b6f7-778a370f4483 9 1293 1307 +edge_110_0_+disjointig_176_0_18510 16704 17989 18510 -1 -1 1230 0.0047491
Chain
	Aln	616	+f7a70331-cd32-4f5f-b957-2f7c1a2bb803 5 2030 2624 +edge_309_0_+disjointig_38_0_2436 409 2434 2436 -1 -1 2018 0.000208848
Chain
	Aln	617	-f7a70331-cd32-4f5f-b957-2f7c1a2bb803 593 2618 2624 -edge_309_0_+disjointig_38_0_2436 1 2026 2436 -1 -1 2018 0.000208848
Chain
	Aln	107	+0f1cc3c6-3966-4982-9c57-f3ea74f0331c 13 4118 4124 -edge_54_0_+disjointig_125_0_13260 8112 12242 13260 -1 -1 3599 0.0115085
Chain
	Aln	106	-0f1cc3c6-3966-4982-9c57-f3ea74f0331c 5 4110 4124 +edge_54_0_+disjointig_125_0_13260 1017 5147 13260 -1 -1 3599 0.0115085
Chain
	Aln	579	+ff73aca8-14ec-4d42-a56d-4d05fc27bbda 11 2173 2193 -edge_290_0_+disjointig_32_0_11267 839 3002 11267 -1 -1 2152 0.00313037
Chain
	Aln	578	-ff73aca8-14ec-4d42-a56d-4d05fc27bbda 19 2181 2193 +edge_290_0_+disjointig_32_0_11267 8264 10427 11267 -1 -1 2152 0.00313037
Chain
	Aln	681	+fa43eadc-b436-4017-a139-2456efcb464a 8727 11416 11425 -edge_341_0_+disjointig_76_0_13454 6 2809 13454 -1 -1 2124 0.0220688
Chain
	Aln	680	-fa43eadc-b436-4017-a139-2456efcb464a 8 2697 11425 +edge_341_0_+disjointig_76_0_13454 10644 13447 13454 -1 -1 2124 0.0220688
Chain
	Aln	681	+b75f4d6c-338f-42c0-a68e-b900cf363618 9 1786 1790 -edge_341_0_+disjointig_76_0_13454 4188 5970 13454 -1 -1 1758 0.00226808
Chain
	Aln	680	-b75f4d6c-338f-42c0-a68e-b900cf363618 3 1780 1790 +edge_341_0_+disjointig_76_0_13454 7483 9265 13454 -1 -1 1758 0.00226808
Chain
	Aln	169	+94a0f169-a76b-4d46-819f-b313b7443c8a 6 3948 3955 -edge_85_0_+disjointig_156_0_15099 11151 15092 15099 -1 -1 3856 0.00295349
Chain
	Aln	168	-94a0f169-a76b-4d46-819f-b313b7443c8a 6 3948 3955 +edge_85_0_+disjointig_156_0_15099 6 3947 15099 -1 -1 3856 0.00295349
Chain
	Aln	422	+0976eec4-6f6e-4f8e-bf03-7604b2d09e8a 4 3687 3690 +edge_212_0_+disjointig_261_0_30460 17854 21539 30460 -1 -1 3555 0.00528162
Chain
	Aln	423	-0976eec4-6f6e-4f8e-bf03-7604b2d09e8a 2 3685 3690 -edge_212_0_+disjointig_261_0_30460 8920 12605 30460 -1 -1 3555 0.00528162
Chain
	Aln	765	+a7ac89bc-e0e2-4418-b938-348933119250 4 3253 3257 -edge_383_0_+disjointig_37_1412_10185 1495 4750 8773 -1 -1 3217 0.00248307
Chain
	Aln	764	-a7ac89bc-e0e2-4418-b938-348933119250 3 3252 3257 +edge_383_0_+disjointig_37_1412_10185 4022 7277 8773 -1 -1 3217 0.00248307
Chain
	Aln	478	+727cc60a-8898-4b37-bfbc-23fef2dd47a5 12 1937 1959 +edge_240_0_-disjointig_57_7953_51690 13827 15755 43737 -1 -1 1877 0
Chain
	Aln	479	-727cc60a-8898-4b37-bfbc-23fef2dd47a5 21 1946 1959 -edge_240_0_-disjointig_57_7953_51690 27981 29909 43737 -1 -1 1877 0
Chain
	Aln	647	+c18ce7ee-de60-44ba-a449-50a9a7dfb24c 0 10145 10936 -edge_324_0_+disjointig_55_0_20283 7391 17667 20283 -1 -1 8599 0.0124249
Chain
	Aln	646	-c18ce7ee-de60-44ba-a449-50a9a7dfb24c 790 10935 10936 +edge_324_0_+disjointig_55_0_20283 2615 12891 20283 -1 -1 8599 0.0124249
Chain
	Aln	735	+8a81f243-1eb5-47c8-93d2-467ba58eb083 8 6497 6500 -edge_368_0_-disjointig_232_0_10466 3971 10463 10466 -1 -1 6453 0.000680416
Chain
	Aln	734	-8a81f243-1eb5-47c8-93d2-467ba58eb083 2 6491 6500 +edge_368_0_-disjointig_232_0_10466 2 6494 10466 -1 -1 6453 0.000680416
Chain
	Aln	254	+0b21bfe7-cd68-47ba-99fe-3c50ed10e23a 1 5851 5857 +edge_128_0_+disjointig_194_0_20836 1 5856 20836 -1 -1 5469 0.00484708
Chain
	Aln	255	-0b21bfe7-cd68-47ba-99fe-3c50ed10e23a 5 5855 5857 -edge_128_0_+disjointig_194_0_20836 14979 20834 20836 -1 -1 5469 0.00484708
Chain
	Aln	639	+0f8c123d-3731-41c0-bbf7-4f204a5e347e 22 3516 3526 -edge_320_0_+disjointig_51_0_24344 2224 5718 24344 -1 -1 3492 0
Chain
	Aln	638	-0f8c123d-3731-41c0-bbf7-4f204a5e347e 9 3503 3526 +edge_320_0_+disjointig_51_0_24344 18625 22119 24344 -1 -1 3492 0
Chain
	Aln	451	+0c3e7586-8d9b-4317-bc8a-cdbfb54f003e 43 4496 4499 -edge_226_0_+disjointig_272_0_10088 43 4494 10088 -1 -1 4260 0.0037358
Chain
	Aln	450	-0c3e7586-8d9b-4317-bc8a-cdbfb54f003e 2 4455 4499 +edge_226_0_+disjointig_272_0_10088 5593 10044 10088 -1 -1 4260 0.0037358
Chain
	Aln	381	+d8e6ba7b-653b-4156-8d70-7c481c766a54 7 2659 2667 -edge_191_0_+disjointig_242_0_5275 6 2656 5275 -1 -1 2538 0.00524431
Chain
	Aln	380	-d8e6ba7b-653b-4156-8d70-7c481c766a54 7 2659 2667 +edge_191_0_+disjointig_242_0_5275 2618 5268 5275 -1 -1 2538 0.00524431
Chain
	Aln	623	+469f7953-e0ae-4697-accb-4fe7023a9133 18 13789 13791 -edge_312_0_+disjointig_40_0_16996 704 14530 16996 -1 -1 12986 0.00567946
Chain
	Aln	622	-469f7953-e0ae-4697-accb-4fe7023a9133 1 13772 13791 +edge_312_0_+disjointig_40_0_16996 2465 16291 16996 -1 -1 12986 0.00567946
Chain
	Aln	511	+d26a8f08-2bdd-425e-b475-dae75d5dbab0 40 1156 1162 -edge_256_0_+disjointig_291_0_5255 1681 2797 5255 -1 -1 1110 0
Chain
	Aln	510	-d26a8f08-2bdd-425e-b475-dae75d5dbab0 5 1121 1162 +edge_256_0_+disjointig_291_0_5255 2457 3573 5255 -1 -1 1110 0
Chain
	Aln	510	+a7463d43-d74b-4c25-afc2-41fa73c561f5 8 1234 1250 +edge_256_0_+disjointig_291_0_5255 2346 3578 5255 -1 -1 1205 0
Chain
	Aln	511	-a7463d43-d74b-4c25-afc2-41fa73c561f5 15 1241 1250 -edge_256_0_+disjointig_291_0_5255 1676 2908 5255 -1 -1 1205 0
Chain
	Aln	618	+a71b5e68-f21c-47e0-9d89-02b1c57c353b 3 1362 1366 +edge_310_0_+disjointig_39_0_32732 18524 19884 32732 -1 -1 1339 0.0043751
Chain
	Aln	619	-a71b5e68-f21c-47e0-9d89-02b1c57c353b 3 1362 1366 -edge_310_0_+disjointig_39_0_32732 12847 14207 32732 -1 -1 1339 0.0043751
Chain
	Aln	118	+db310780-fc1b-4529-9e66-5d9a0fccc8b4 17 5884 5891 +edge_60_0_+disjointig_131_0_25925 8497 14363 25925 -1 -1 5718 0.00249409
Chain
	Aln	119	-db310780-fc1b-4529-9e66-5d9a0fccc8b4 6 5873 5891 -edge_60_0_+disjointig_131_0_25925 11561 17427 25925 -1 -1 5718 0.00249409
Chain
	Aln	663	+4e6e168b-2d27-4fa5-8114-4fdadf2bfaa4 11 1051 1056 -edge_332_0_+disjointig_64_0_14859 8947 9986 14859 -1 -1 1030 0
Chain
	Aln	662	-4e6e168b-2d27-4fa5-8114-4fdadf2bfaa4 4 1044 1056 +edge_332_0_+disjointig_64_0_14859 4872 5911 14859 -1 -1 1030 0
Chain
	Aln	607	+c0b50b00-cb4b-4c69-89d9-3dd6111cc2b0 33 4840 4846 -edge_304_0_+disjointig_34_0_21728 5715 10525 21728 -1 -1 4763 0.00209006
Chain
	Aln	606	-c0b50b00-cb4b-4c69-89d9-3dd6111cc2b0 5 4812 4846 +edge_304_0_+disjointig_34_0_21728 11202 16012 21728 -1 -1 4763 0.00209006
Chain
	Aln	131	+33c6575d-bc57-460c-9053-7fb263830f26 13 6976 6984 -edge_66_0_+disjointig_138_0_38214 13629 20584 38214 -1 -1 6895 0.00252051
Chain
	Aln	130	-33c6575d-bc57-460c-9053-7fb263830f26 7 6970 6984 +edge_66_0_+disjointig_138_0_38214 17629 24584 38214 -1 -1 6895 0.00252051
Chain
	Aln	130	+c8cf1b8f-2cd6-46da-929c-f56d384b9828 4 2506 2510 +edge_66_0_+disjointig_138_0_38214 25346 27847 38214 -1 -1 2441 0.000759481
Chain
	Aln	131	-c8cf1b8f-2cd6-46da-929c-f56d384b9828 3 2505 2510 -edge_66_0_+disjointig_138_0_38214 10366 12867 38214 -1 -1 2441 0.000759481
Chain
	Aln	444	+681f3687-2def-493d-848d-eef3719efebb 1 1429 1451 +edge_223_0_+disjointig_27_0_9653 4631 6059 9653 -1 -1 1428 0
Chain
	Aln	445	-681f3687-2def-493d-848d-eef3719efebb 21 1449 1451 -edge_223_0_+disjointig_27_0_9653 3593 5021 9653 -1 -1 1428 0
Chain
	Aln	718	+b29f8836-969f-4c96-8345-f77f2837b4ca 638 3657 3664 +edge_360_0_+disjointig_99_0_3700 396 3415 3700 -1 -1 2957 0.00441519
Chain
	Aln	719	-b29f8836-969f-4c96-8345-f77f2837b4ca 6 3025 3664 -edge_360_0_+disjointig_99_0_3700 284 3303 3700 -1 -1 2957 0.00441519
Chain
	Aln	479	+5473d2c2-b552-45f9-8891-8804e74fd599 6 1745 1749 -edge_240_0_-disjointig_57_7953_51690 11250 12990 43737 -1 -1 1729 0.00417173
Chain
	Aln	478	-5473d2c2-b552-45f9-8891-8804e74fd599 3 1742 1749 +edge_240_0_-disjointig_57_7953_51690 30746 32486 43737 -1 -1 1729 0.00417173
Chain
	Aln	437	+2fb040be-a6f1-496f-b17a-5db1bbb02d3e 14 4379 4383 -edge_219_0_+disjointig_266_0_6018 13 4383 6018 -1 -1 4300 0.00208831
Chain
	Aln	436	-2fb040be-a6f1-496f-b17a-5db1bbb02d3e 3 4368 4383 +edge_219_0_+disjointig_266_0_6018 1634 6004 6018 -1 -1 4300 0.00208831
Chain
	Aln	393	+ca5f39e4-3d59-42bd-ab2e-108f946bbd79 13 2999 3002 -edge_197_0_+disjointig_248_0_3002 12 2999 3002 -1 -1 2938 0.00483985
Chain
	Aln	392	-ca5f39e4-3d59-42bd-ab2e-108f946bbd79 2 2988 3002 +edge_197_0_+disjointig_248_0_3002 2 2989 3002 -1 -1 2938 0.00483985
Chain
	Aln	752	+04a64f78-9109-427f-bc3c-ef0d443c97fe 14 2183 5986 +edge_377_3_-disjointig_41_21233_26118 2707 4877 4885 -1 -1 2143 0.00129987
	Aln	473	+04a64f78-9109-427f-bc3c-ef0d443c97fe 2467 2937 5986 -edge_237_2_-disjointig_57_2219_2902 16 453 683 -1 -1 115 0.0914835
Chain
	Aln	472	-04a64f78-9109-427f-bc3c-ef0d443c97fe 3048 3518 5986 +edge_237_2_-disjointig_57_2219_2902 229 666 683 -1 -1 115 0.0914835
	Aln	753	-04a64f78-9109-427f-bc3c-ef0d443c97fe 3802 5971 5986 -edge_377_3_-disjointig_41_21233_26118 7 2177 4885 -1 -1 2143 0.00129987
Chain
	Aln	66	+d7503ac6-f035-4b1b-9e73-bff58bdc722a 2 5304 5309 +edge_34_0_+disjointig_112_4217_16689 5958 11272 12472 -1 -1 4718 0.0130573
Chain
	Aln	67	-d7503ac6-f035-4b1b-9e73-bff58bdc722a 4 5306 5309 -edge_34_0_+disjointig_112_4217_16689 1199 6513 12472 -1 -1 4718 0.0130573
Chain
	Aln	567	+a7b79e81-745c-46ac-99be-29854979ab95 12 1297 1300 -edge_284_0_+disjointig_314_0_9221 4296 5582 9221 -1 -1 1270 0.00371052
Chain
	Aln	566	-a7b79e81-745c-46ac-99be-29854979ab95 2 1287 1300 +edge_284_0_+disjointig_314_0_9221 3638 4924 9221 -1 -1 1270 0.00371052
Chain
	Aln	7	+95d95262-baab-464d-a3c2-7802153e81fa 9 1337 1339 -edge_4_0_+disjointig_10_0_20168 9413 10741 20168 -1 -1 1321 0.000954582
Chain
	Aln	6	-95d95262-baab-464d-a3c2-7802153e81fa 1 1329 1339 +edge_4_0_+disjointig_10_0_20168 9426 10754 20168 -1 -1 1321 0.000954582
Chain
	Aln	180	+12b04029-653e-4e35-a4d2-cc0f172f4037 11 1325 1328 +edge_91_0_+disjointig_161_0_18481 9285 10599 18481 -1 -1 1299 0.00391284
Chain
	Aln	181	-12b04029-653e-4e35-a4d2-cc0f172f4037 2 1316 1328 -edge_91_0_+disjointig_161_0_18481 7881 9195 18481 -1 -1 1299 0.00391284
Chain
	Aln	208	+dde18218-9503-4e18-9064-f72bf073966d 4 2261 2263 +edge_105_0_+disjointig_171_0_8870 459 2723 8870 -1 -1 2209 0.00067024
Chain
	Aln	209	-dde18218-9503-4e18-9064-f72bf073966d 1 2258 2263 -edge_105_0_+disjointig_171_0_8870 6146 8410 8870 -1 -1 2209 0.00067024
Chain
	Aln	251	+8686815a-4c29-4b89-b8c6-6175b4528d21 7 2527 2537 -edge_126_0_+disjointig_192_0_7005 780 3299 7005 -1 -1 2508 0.000269147
Chain
	Aln	250	-8686815a-4c29-4b89-b8c6-6175b4528d21 9 2529 2537 +edge_126_0_+disjointig_192_0_7005 3705 6224 7005 -1 -1 2508 0.000269147
Chain
	Aln	96	+ec69c9c9-680b-440a-bd98-141cf919353e 4 1219 1225 +edge_49_0_+disjointig_120_0_5718 3604 4818 5718 -1 -1 1199 0.00200387
Chain
	Aln	97	-ec69c9c9-680b-440a-bd98-141cf919353e 5 1220 1225 -edge_49_0_+disjointig_120_0_5718 899 2113 5718 -1 -1 1199 0.00200387
Chain
	Aln	667	+75905d4a-5214-4621-abcd-c332b60728f4 9 5682 5687 -edge_334_0_+disjointig_68_0_9918 2441 8122 9918 -1 -1 5343 0.00546622
Chain
	Aln	666	-75905d4a-5214-4621-abcd-c332b60728f4 4 5677 5687 +edge_334_0_+disjointig_68_0_9918 1795 7476 9918 -1 -1 5343 0.00546622
Chain
	Aln	710	+efb620fd-3d0c-44d5-bb9b-cdd0aa52780e 6 21378 21388 +edge_356_0_+disjointig_93_0_25924 4221 25915 25924 -1 -1 18991 0.00663593
Chain
	Aln	711	-efb620fd-3d0c-44d5-bb9b-cdd0aa52780e 9 21381 21388 -edge_356_0_+disjointig_93_0_25924 8 21702 25924 -1 -1 18991 0.00663593
Chain
	Aln	630	+b64f90ea-d687-4c4e-96bd-8b1799f8858b 4 3286 3293 +edge_316_0_+disjointig_44_0_7510 2991 6277 7510 -1 -1 3113 0.00657432
Chain
	Aln	631	-b64f90ea-d687-4c4e-96bd-8b1799f8858b 6 3288 3293 -edge_316_0_+disjointig_44_0_7510 1232 4518 7510 -1 -1 3113 0.00657432
Chain
	Aln	691	+93edfff8-3828-4bda-a7c7-501ae38797df 20 3001 3005 -edge_346_0_+disjointig_82_0_9722 2338 5321 9722 -1 -1 2908 0.00476102
Chain
	Aln	690	-93edfff8-3828-4bda-a7c7-501ae38797df 3 2984 3005 +edge_346_0_+disjointig_82_0_9722 4400 7383 9722 -1 -1 2908 0.00476102
Chain
	Aln	745	+212b522b-448b-4d5d-8ffa-99d2c5ff9d84 319 1994 1999 -edge_373_0_+disjointig_92_0_14318 11 1690 14318 -1 -1 1628 0.000493255
Chain
	Aln	744	-212b522b-448b-4d5d-8ffa-99d2c5ff9d84 4 1679 1999 +edge_373_0_+disjointig_92_0_14318 12627 14306 14318 -1 -1 1628 0.000493255
Chain
	Aln	34	+fc469ac5-0c2c-4a98-85ab-4e11a0186369 14 2252 2256 +edge_18_0_-disjointig_8_5986_18521 890 3130 12535 -1 -1 2232 0
Chain
	Aln	35	-fc469ac5-0c2c-4a98-85ab-4e11a0186369 3 2241 2256 -edge_18_0_-disjointig_8_5986_18521 9404 11644 12535 -1 -1 2232 0
Chain
	Aln	35	+f669df46-9453-4ad4-8171-09a24a27ea9b 9 5121 5126 -edge_18_0_-disjointig_8_5986_18521 6518 11635 12535 -1 -1 5026 0.000646171
Chain
	Aln	34	-f669df46-9453-4ad4-8171-09a24a27ea9b 4 5116 5126 +edge_18_0_-disjointig_8_5986_18521 899 6016 12535 -1 -1 5026 0.000646171
Chain
	Aln	725	+46fd9ca1-56a9-462d-aa81-201deeb605dc 12 16315 16324 -edge_363_0_-disjointig_118_8955_29374 2874 19264 20419 -1 -1 15573 0.00458407
Chain
	Aln	724	-46fd9ca1-56a9-462d-aa81-201deeb605dc 8 16311 16324 +edge_363_0_-disjointig_118_8955_29374 1154 17544 20419 -1 -1 15573 0.00458407
Chain
	Aln	761	+79246abb-9f83-4472-805f-d199b0ab06d0 24 3692 3694 -edge_381_0_-disjointig_45_0_30722 4392 8063 30722 -1 -1 3657 0.0010571
Chain
	Aln	760	-79246abb-9f83-4472-805f-d199b0ab06d0 1 3669 3694 +edge_381_0_-disjointig_45_0_30722 22658 26329 30722 -1 -1 3657 0.0010571
Chain
	Aln	167	+58081eca-d71d-4a6f-9f7b-e5338cdd1e88 26 2856 2858 -edge_84_0_+disjointig_155_0_11844 9014 11842 11844 -1 -1 2672 0.00481149
Chain
	Aln	166	-58081eca-d71d-4a6f-9f7b-e5338cdd1e88 1 2831 2858 +edge_84_0_+disjointig_155_0_11844 1 2829 11844 -1 -1 2672 0.00481149
Chain
	Aln	763	+dc5cfb03-320b-4851-8004-fa823f891d03 24 959 2589 -edge_382_0_+disjointig_320_7809_16454 7704 8644 8645 -1 -1 900 0.00300837
	Aln	761	+dc5cfb03-320b-4851-8004-fa823f891d03 969 2586 2589 -edge_381_0_-disjointig_45_0_30722 9 1628 30722 -1 -1 1588 0.00280195
Chain
	Aln	760	-dc5cfb03-320b-4851-8004-fa823f891d03 2 1619 2589 +edge_381_0_-disjointig_45_0_30722 29093 30712 30722 -1 -1 1588 0.00280195
	Aln	762	-dc5cfb03-320b-4851-8004-fa823f891d03 1629 2564 2589 +edge_382_0_+disjointig_320_7809_16454 0 940 8645 -1 -1 900 0.00300837
Chain
	Aln	359	+c6c3bfdd-e919-4789-afd2-9cd6adcd7fb6 6 2326 2328 -edge_180_0_+disjointig_233_0_2331 5 2329 2331 -1 -1 2261 0.00264514
Chain
	Aln	358	-c6c3bfdd-e919-4789-afd2-9cd6adcd7fb6 1 2321 2328 +edge_180_0_+disjointig_233_0_2331 1 2325 2331 -1 -1 2261 0.00264514
Chain
	Aln	541	+24f27f6f-15ee-4004-8400-5227a51088eb 845 3061 3065 -edge_271_0_+disjointig_302_0_3066 15 2233 3066 -1 -1 2141 0.00304702
Chain
	Aln	540	-24f27f6f-15ee-4004-8400-5227a51088eb 3 2219 3065 +edge_271_0_+disjointig_302_0_3066 832 3050 3066 -1 -1 2141 0.00304702
Chain
	Aln	595	+6f8522f1-b913-4fc7-ba8e-ffc03667e38b 14 2942 2946 -edge_298_0_+disjointig_325_0_7000 13 2939 7000 -1 -1 2649 0.0101397
Chain
	Aln	594	-6f8522f1-b913-4fc7-ba8e-ffc03667e38b 3 2931 2946 +edge_298_0_+disjointig_325_0_7000 4060 6986 7000 -1 -1 2649 0.0101397
Chain
	Aln	282	+e632a971-74a2-4378-9df2-4ff15c12e02c 7 2366 2574 +edge_142_0_+disjointig_204_0_4315 1946 4305 4315 -1 -1 2352 0
Chain
	Aln	283	-e632a971-74a2-4378-9df2-4ff15c12e02c 207 2566 2574 -edge_142_0_+disjointig_204_0_4315 9 2368 4315 -1 -1 2352 0
Chain
	Aln	125	+c5f5fc96-869d-4f1d-8933-662e6c7f5996 9 2766 2770 -edge_63_0_+disjointig_135_0_4819 2062 4815 4819 -1 -1 2721 0.000718923
Chain
	Aln	124	-c5f5fc96-869d-4f1d-8933-662e6c7f5996 3 2760 2770 +edge_63_0_+disjointig_135_0_4819 3 2756 4819 -1 -1 2721 0.000718923
Chain
	Aln	752	+2606f262-ef42-4eeb-9811-a85cd34f8fd5 60 2272 2274 +edge_377_3_-disjointig_41_21233_26118 120 2336 4885 -1 -1 2140 0.00455435
Chain
	Aln	753	-2606f262-ef42-4eeb-9811-a85cd34f8fd5 1 2213 2274 -edge_377_3_-disjointig_41_21233_26118 2548 4764 4885 -1 -1 2140 0.00455435
Chain
	Aln	415	+f9835db3-043a-4246-8b56-463302f70456 13 4047 4049 -edge_208_0_+disjointig_258_0_4050 12 4048 4050 -1 -1 3812 0.00600672
Chain
	Aln	414	-f9835db3-043a-4246-8b56-463302f70456 1 4035 4049 +edge_208_0_+disjointig_258_0_4050 1 4037 4050 -1 -1 3812 0.00600672
Chain
	Aln	401	+e68439ad-e25d-403c-bbca-9b7a3f360dcc 13 2711 2713 -edge_201_0_+disjointig_251_0_2705 12 2703 2705 -1 -1 2631 0.00262685
Chain
	Aln	400	-e68439ad-e25d-403c-bbca-9b7a3f360dcc 1 2699 2713 +edge_201_0_+disjointig_251_0_2705 1 2692 2705 -1 -1 2631 0.00262685
Chain
	Aln	314	+401e1a4e-4cb6-4542-a305-1caed3f1dfc5 9 5724 5733 +edge_158_0_+disjointig_216_0_12995 6787 12511 12995 -1 -1 5648 0.00138963
Chain
	Aln	315	-401e1a4e-4cb6-4542-a305-1caed3f1dfc5 8 5723 5733 -edge_158_0_+disjointig_216_0_12995 483 6207 12995 -1 -1 5648 0.00138963
Chain
	Aln	459	+5d80ff6a-c225-4b0f-b9a7-9a4e005a8575 12 1359 1366 -edge_230_0_+disjointig_276_0_6059 2896 4242 6059 -1 -1 1343 0.0035538
Chain
	Aln	458	-5d80ff6a-c225-4b0f-b9a7-9a4e005a8575 6 1353 1366 +edge_230_0_+disjointig_276_0_6059 1816 3162 6059 -1 -1 1343 0.0035538
Chain
	Aln	701	+dc88d438-e46a-45e3-aa72-55f3ad3d0caf 12 4985 4987 -edge_351_0_+disjointig_87_0_9199 1901 6875 9199 -1 -1 4928 0.00119889
Chain
	Aln	700	-dc88d438-e46a-45e3-aa72-55f3ad3d0caf 1 4974 4987 +edge_351_0_+disjointig_87_0_9199 2323 7297 9199 -1 -1 4928 0.00119889
Chain
	Aln	607	+9fb3a82e-bdec-42ac-9f0b-c2344fda9c80 13 1960 1965 -edge_304_0_+disjointig_34_0_21728 5078 7024 21728 -1 -1 1934 0.00188782
Chain
	Aln	606	-9fb3a82e-bdec-42ac-9f0b-c2344fda9c80 4 1951 1965 +edge_304_0_+disjointig_34_0_21728 14703 16649 21728 -1 -1 1934 0.00188782
Chain
	Aln	95	+86eb42c8-7f79-42bd-8a1a-aad39e2af50d 7 4244 4247 -edge_48_0_+disjointig_119_0_7447 3205 7444 7447 -1 -1 4204 0.00146283
Chain
	Aln	94	-86eb42c8-7f79-42bd-8a1a-aad39e2af50d 2 4239 4247 +edge_48_0_+disjointig_119_0_7447 2 4241 7447 -1 -1 4204 0.00146283
Chain
	Aln	647	+25f09dee-797d-46c1-9d8a-16569571a445 1304 4050 4058 -edge_324_0_+disjointig_55_0_20283 12 2756 20283 -1 -1 2721 0
Chain
	Aln	646	-25f09dee-797d-46c1-9d8a-16569571a445 7 2753 4058 +edge_324_0_+disjointig_55_0_20283 17526 20270 20283 -1 -1 2721 0
Chain
	Aln	459	+8d4042ab-2270-47a5-a52c-6141022c9aa5 15 6056 6063 -edge_230_0_+disjointig_276_0_6059 14 6052 6059 -1 -1 5958 0.00167373
Chain
	Aln	458	-8d4042ab-2270-47a5-a52c-6141022c9aa5 6 6047 6063 +edge_230_0_+disjointig_276_0_6059 6 6044 6059 -1 -1 5958 0.00167373
Chain
	Aln	152	+3e40d545-6b1b-41c0-a7da-c1f52191d7f9 11 2999 3004 +edge_77_0_+disjointig_147_0_20037 5265 8257 20037 -1 -1 2876 0.00435175
Chain
	Aln	153	-3e40d545-6b1b-41c0-a7da-c1f52191d7f9 4 2992 3004 -edge_77_0_+disjointig_147_0_20037 11779 14771 20037 -1 -1 2876 0.00435175
Chain
	Aln	422	+6b7dc6f8-f591-485c-bde8-8d39ab5c4393 23 4354 4358 +edge_212_0_+disjointig_261_0_30460 9703 14032 30460 -1 -1 4278 0
Chain
	Aln	423	-6b7dc6f8-f591-485c-bde8-8d39ab5c4393 3 4334 4358 -edge_212_0_+disjointig_261_0_30460 16427 20756 30460 -1 -1 4278 0
Chain
	Aln	611	+142c8f3b-0192-4aa0-a664-d32ea8cb2f90 4 1180 1184 -edge_306_0_+disjointig_36_0_7391 4642 5816 7391 -1 -1 1166 0.00291335
Chain
	Aln	610	-142c8f3b-0192-4aa0-a664-d32ea8cb2f90 3 1179 1184 +edge_306_0_+disjointig_36_0_7391 1574 2748 7391 -1 -1 1166 0.00291335
Chain
	Aln	328	+6ff8d021-1ccc-4b12-9a68-d48e6496d64b 5 1383 1388 +edge_165_0_+disjointig_219_0_12373 9115 10494 12373 -1 -1 1252 0.00890204
Chain
	Aln	329	-6ff8d021-1ccc-4b12-9a68-d48e6496d64b 4 1382 1388 -edge_165_0_+disjointig_219_0_12373 1878 3257 12373 -1 -1 1252 0.00890204
Chain
	Aln	113	+11450cba-61ee-4c1a-a7b2-c3f0d3c58db6 9 1421 1889 -edge_57_0_+disjointig_129_0_4247 2825 4246 4247 -1 -1 1375 0.00250509
Chain
	Aln	112	-11450cba-61ee-4c1a-a7b2-c3f0d3c58db6 467 1879 1889 +edge_57_0_+disjointig_129_0_4247 0 1421 4247 -1 -1 1375 0.00250509
Chain
	Aln	641	+82467a45-cc46-4c41-9f77-d35243ac03b1 22 2171 2173 -edge_321_0_+disjointig_52_0_21384 1303 3465 21384 -1 -1 1921 0.0123292
Chain
	Aln	640	-82467a45-cc46-4c41-9f77-d35243ac03b1 1 2150 2173 +edge_321_0_+disjointig_52_0_21384 17918 20080 21384 -1 -1 1921 0.0123292
Chain
	Aln	649	+4c1e3d1d-c51b-402c-b734-aa712c614aae 5 2783 2793 -edge_325_0_+disjointig_56_0_14906 1853 4632 14906 -1 -1 2776 0.00142509
Chain
	Aln	648	-4c1e3d1d-c51b-402c-b734-aa712c614aae 9 2787 2793 +edge_325_0_+disjointig_56_0_14906 10273 13052 14906 -1 -1 2776 0.00142509
Chain
	Aln	578	+beebfe8a-9b1c-4a2c-b36b-a4fa50f8116c 10 2881 2883 +edge_290_0_+disjointig_32_0_11267 8374 11245 11267 -1 -1 2866 0.00239214
Chain
	Aln	579	-beebfe8a-9b1c-4a2c-b36b-a4fa50f8116c 1 2872 2883 -edge_290_0_+disjointig_32_0_11267 21 2892 11267 -1 -1 2866 0.00239214
Chain
	Aln	579	+e0f914f3-17c4-49fb-a082-8ebe1674a461 15 2874 2876 -edge_290_0_+disjointig_32_0_11267 14 2881 11267 -1 -1 2786 0.00632652
Chain
	Aln	578	-e0f914f3-17c4-49fb-a082-8ebe1674a461 1 2860 2876 +edge_290_0_+disjointig_32_0_11267 8385 11252 11267 -1 -1 2786 0.00632652
Chain
	Aln	194	+cd9ed76c-437b-4efc-8005-7d30648082a9 10 2304 2311 +edge_98_0_+disjointig_166_0_14218 1098 3393 14218 -1 -1 2215 0.00368466
Chain
	Aln	195	-cd9ed76c-437b-4efc-8005-7d30648082a9 6 2300 2311 -edge_98_0_+disjointig_166_0_14218 10824 13119 14218 -1 -1 2215 0.00368466
Chain
	Aln	487	+7a15d06f-0cd9-4da5-ae4d-60fe955d8c5e 13 2451 2479 -edge_244_0_+disjointig_280_0_2481 12 2454 2481 -1 -1 2391 0.00160725
Chain
	Aln	486	-7a15d06f-0cd9-4da5-ae4d-60fe955d8c5e 27 2465 2479 +edge_244_0_+disjointig_280_0_2481 26 2468 2481 -1 -1 2391 0.00160725
Chain
	Aln	724	+d92167d8-c180-4fc9-b517-e96dfae34e0c 13 1251 1259 +edge_363_0_-disjointig_118_8955_29374 6993 8235 20419 -1 -1 1224 0.00554865
Chain
	Aln	725	-d92167d8-c180-4fc9-b517-e96dfae34e0c 7 1245 1259 -edge_363_0_-disjointig_118_8955_29374 12183 13425 20419 -1 -1 1224 0.00554865
Chain
	Aln	764	+d13311e2-c272-46d1-ae51-bb419221ec21 28 1260 1264 +edge_383_0_+disjointig_37_1412_10185 521 1754 8773 -1 -1 1207 0.00286895
Chain
	Aln	765	-d13311e2-c272-46d1-ae51-bb419221ec21 3 1235 1264 -edge_383_0_+disjointig_37_1412_10185 7018 8251 8773 -1 -1 1207 0.00286895
Chain
	Aln	307	+21c26c01-e514-4bf5-90af-757ef99a3a87 10 2090 2098 -edge_154_0_+disjointig_212_0_10841 1131 3210 10841 -1 -1 2046 0.00210753
Chain
	Aln	306	-21c26c01-e514-4bf5-90af-757ef99a3a87 7 2087 2098 +edge_154_0_+disjointig_212_0_10841 7630 9709 10841 -1 -1 2046 0.00210753
Chain
	Aln	629	+72281b52-d39e-45e7-b120-28ddb2e883c4 29 9911 9924 -edge_315_0_+disjointig_43_0_17713 7229 17140 17713 -1 -1 9637 0.00426373
Chain
	Aln	628	-72281b52-d39e-45e7-b120-28ddb2e883c4 12 9894 9924 +edge_315_0_+disjointig_43_0_17713 572 10483 17713 -1 -1 9637 0.00426373
Chain
	Aln	655	+5a5e33b7-18f9-4a4d-8798-7941e1219c6f 8 3176 3181 -edge_328_0_+disjointig_60_0_13874 9167 12336 13874 -1 -1 3040 0.00477371
Chain
	Aln	654	-5a5e33b7-18f9-4a4d-8798-7941e1219c6f 4 3172 3181 +edge_328_0_+disjointig_60_0_13874 1537 4706 13874 -1 -1 3040 0.00477371
Chain
	Aln	764	+798d0007-2ee5-4815-b9a8-492c55a6534f 10 1418 1426 +edge_383_1_+disjointig_37_10185_18955 2362 3784 8770 -1 -1 1195 0.0161508
Chain
	Aln	765	-798d0007-2ee5-4815-b9a8-492c55a6534f 7 1415 1426 -edge_383_1_+disjointig_37_10185_18955 4985 6407 8770 -1 -1 1195 0.0161508
Chain
	Aln	114	+cf912032-cf2b-4d85-bc75-3790fccb677e 9 1371 1378 +edge_58_0_+disjointig_13_0_5764 3897 5259 5764 -1 -1 1308 0.00369593
Chain
	Aln	115	-cf912032-cf2b-4d85-bc75-3790fccb677e 6 1368 1378 -edge_58_0_+disjointig_13_0_5764 504 1866 5764 -1 -1 1308 0.00369593
Chain
	Aln	112	+e3184c5e-1e1e-41c1-90cc-7618a9d6f701 77 1814 1817 +edge_57_0_+disjointig_129_0_4247 1079 2816 4247 -1 -1 1737 0.000763558
Chain
	Aln	113	-e3184c5e-1e1e-41c1-90cc-7618a9d6f701 2 1739 1817 -edge_57_0_+disjointig_129_0_4247 1430 3167 4247 -1 -1 1737 0.000763558
Chain
	Aln	82	+a7d903ff-a8d2-4154-b58a-7b6fcb1fa073 11 8472 8508 +edge_42_0_+disjointig_115_0_26307 264 8730 26307 -1 -1 8406 0.00087191
Chain
	Aln	83	-a7d903ff-a8d2-4154-b58a-7b6fcb1fa073 35 8496 8508 -edge_42_0_+disjointig_115_0_26307 17576 26042 26307 -1 -1 8406 0.00087191
Chain
	Aln	180	+1809d46c-3939-4d94-8d3a-42de6bcf6a50 7 3402 3492 +edge_91_0_+disjointig_161_0_18481 15077 18472 18481 -1 -1 3339 0.00241775
Chain
	Aln	181	-1809d46c-3939-4d94-8d3a-42de6bcf6a50 89 3484 3492 -edge_91_0_+disjointig_161_0_18481 8 3403 18481 -1 -1 3339 0.00241775
Chain
	Aln	380	+29031727-0e49-4677-b5b1-5c4e8874d922 1473 3485 3487 +edge_191_0_+disjointig_242_0_5275 11 2025 5275 -1 -1 2000 0
Chain
	Aln	381	-29031727-0e49-4677-b5b1-5c4e8874d922 1 2013 3487 -edge_191_0_+disjointig_242_0_5275 3249 5263 5275 -1 -1 2000 0
Chain
	Aln	663	+ddffaa09-3316-496f-9d1c-b754c27ce1f5 7 4898 4901 -edge_332_0_+disjointig_64_0_14859 9642 14524 14859 -1 -1 4820 0.000542696
Chain
	Aln	662	-ddffaa09-3316-496f-9d1c-b754c27ce1f5 2 4893 4901 +edge_332_0_+disjointig_64_0_14859 334 5216 14859 -1 -1 4820 0.000542696
Chain
	Aln	37	+c7670e29-5186-43f9-86ca-d04deb10af04 12 1121 1126 -edge_19_0_+disjointig_104_0_20017 1776 2882 20017 -1 -1 1069 0.00397828
Chain
	Aln	36	-c7670e29-5186-43f9-86ca-d04deb10af04 4 1113 1126 +edge_19_0_+disjointig_104_0_20017 17134 18240 20017 -1 -1 1069 0.00397828
Chain
	Aln	450	+9a8fb7c2-7a42-4970-b8ff-9b2f5600b2bf 68 4583 4589 +edge_226_0_+disjointig_272_0_10088 581 5093 10088 -1 -1 4177 0.00700546
Chain
	Aln	451	-9a8fb7c2-7a42-4970-b8ff-9b2f5600b2bf 5 4520 4589 -edge_226_0_+disjointig_272_0_10088 4994 9506 10088 -1 -1 4177 0.00700546
Chain
	Aln	239	+7d6decf4-5e8b-4cec-aa7e-a3a1c8102702 273 2550 2558 -edge_120_0_+disjointig_186_0_20482 69 2315 20482 -1 -1 2183 0.00352314
Chain
	Aln	238	-7d6decf4-5e8b-4cec-aa7e-a3a1c8102702 7 2284 2558 +edge_120_0_+disjointig_186_0_20482 18166 20412 20482 -1 -1 2183 0.00352314
Chain
	Aln	235	+bab2b03e-f976-44f7-b2d1-6d68ae86a369 11 3538 3540 -edge_118_0_+disjointig_184_0_7014 1623 5151 7014 -1 -1 3494 0.000919136
Chain
	Aln	234	-bab2b03e-f976-44f7-b2d1-6d68ae86a369 1 3528 3540 +edge_118_0_+disjointig_184_0_7014 1862 5390 7014 -1 -1 3494 0.000919136
Chain
	Aln	761	+476efb27-a1c6-45b2-8950-f56d4760ccf4 9 1785 1789 -edge_381_0_-disjointig_45_0_30722 4559 6335 30722 -1 -1 1772 0.00169261
Chain
	Aln	760	-476efb27-a1c6-45b2-8950-f56d4760ccf4 3 1779 1789 +edge_381_0_-disjointig_45_0_30722 24386 26162 30722 -1 -1 1772 0.00169261
Chain
	Aln	667	+60ec908c-3d33-4b99-a62a-afc7bb9a8190 10 3655 3657 -edge_334_0_+disjointig_68_0_9918 6270 9916 9918 -1 -1 3280 0.00355502
Chain
	Aln	666	-60ec908c-3d33-4b99-a62a-afc7bb9a8190 1 3646 3657 +edge_334_0_+disjointig_68_0_9918 1 3647 9918 -1 -1 3280 0.00355502
Chain
	Aln	128	+bbaffe07-418e-4487-8558-7a7610c8a80a 12 1437 1443 +edge_65_0_+disjointig_137_0_9196 4227 5652 9196 -1 -1 1387 0.00338927
Chain
	Aln	129	-bbaffe07-418e-4487-8558-7a7610c8a80a 5 1430 1443 -edge_65_0_+disjointig_137_0_9196 3543 4968 9196 -1 -1 1387 0.00338927
Chain
	Aln	752	+3fb40a6c-6d02-41ed-9d58-55c2b6a5b859 1142 3177 3180 +edge_377_1_+disjointig_28_33393_38243 4 2040 4850 -1 -1 2030 0.000688456
Chain
	Aln	753	-3fb40a6c-6d02-41ed-9d58-55c2b6a5b859 2 2037 3180 -edge_377_1_+disjointig_28_33393_38243 2809 4845 4850 -1 -1 2030 0.000688456
Chain
	Aln	11	+13624ff0-858b-4691-9dc0-3ed65c7c8711 14 2996 3000 -edge_6_0_+disjointig_101_0_9851 543 3529 9851 -1 -1 2939 0.0034223
Chain
	Aln	10	-13624ff0-858b-4691-9dc0-3ed65c7c8711 3 2985 3000 +edge_6_0_+disjointig_101_0_9851 6321 9307 9851 -1 -1 2939 0.0034223
Chain
	Aln	323	+bdf4062f-1937-4a4d-8562-8699f9ebbc5d 426 2597 2845 -edge_162_0_+disjointig_217_13921_25831 16 2214 11910 -1 -1 1219 0.0451651
Chain
	Aln	322	-bdf4062f-1937-4a4d-8562-8699f9ebbc5d 247 2418 2845 +edge_162_0_+disjointig_217_13921_25831 9695 11893 11910 -1 -1 1219 0.0451651
Chain
	Aln	654	+7d9bc111-84cf-42ae-bd35-c4a6fae06e59 13 1844 1849 +edge_328_0_+disjointig_60_0_13874 604 2438 13874 -1 -1 1815 0.000471805
Chain
	Aln	655	-7d9bc111-84cf-42ae-bd35-c4a6fae06e59 4 1835 1849 -edge_328_0_+disjointig_60_0_13874 11435 13269 13874 -1 -1 1815 0.000471805
Chain
	Aln	382	+8713ea14-8a67-48ea-9af2-9951d3e2d75b 20 1590 1604 +edge_192_0_+disjointig_243_0_2553 873 2461 2553 -1 -1 1407 0.0132359
Chain
	Aln	383	-8713ea14-8a67-48ea-9af2-9951d3e2d75b 13 1583 1604 -edge_192_0_+disjointig_243_0_2553 91 1679 2553 -1 -1 1407 0.0132359
Chain
	Aln	371	+a04e78fa-eda6-4001-942e-b09a4b5b56dd 11 2614 2624 -edge_186_0_+disjointig_238_0_4153 10 2617 4153 -1 -1 2507 0.00518096
Chain
	Aln	370	-a04e78fa-eda6-4001-942e-b09a4b5b56dd 9 2612 2624 +edge_186_0_+disjointig_238_0_4153 1535 4142 4153 -1 -1 2507 0.00518096
Chain
	Aln	674	+bd4793bf-1911-4c38-b825-254c8aec830f 10 5217 5219 +edge_338_0_+disjointig_73_0_7795 1510 6719 7795 -1 -1 5108 0.00182268
Chain
	Aln	675	-bd4793bf-1911-4c38-b825-254c8aec830f 1 5208 5219 -edge_338_0_+disjointig_73_0_7795 1075 6284 7795 -1 -1 5108 0.00182268
Chain
	Aln	160	+276aab54-a03f-4765-aaac-aa09b8a39c49 2256 8412 8422 +edge_81_0_+disjointig_150_0_6161 1 6152 6161 -1 -1 6092 0.00245254
Chain
	Aln	161	-276aab54-a03f-4765-aaac-aa09b8a39c49 9 6165 8422 -edge_81_0_+disjointig_150_0_6161 8 6159 6161 -1 -1 6092 0.00245254
Chain
	Aln	39	+47d93cd4-368f-4442-8dcf-bf1161964dc4 20 2944 2955 -edge_20_0_+disjointig_105_0_37299 19 2939 37299 -1 -1 2903 0.00195828
Chain
	Aln	38	-47d93cd4-368f-4442-8dcf-bf1161964dc4 10 2934 2955 +edge_20_0_+disjointig_105_0_37299 34359 37279 37299 -1 -1 2903 0.00195828
Chain
	Aln	287	+dd32b667-984b-44b9-ba5b-380496cd096f 24 1032 1037 -edge_144_0_+disjointig_206_0_18223 11897 12902 18223 -1 -1 996 0.000919136
Chain
	Aln	286	-dd32b667-984b-44b9-ba5b-380496cd096f 4 1012 1037 +edge_144_0_+disjointig_206_0_18223 5320 6325 18223 -1 -1 996 0.000919136
Chain
	Aln	6	+5d43777f-d543-4e60-8491-6469040d66d6 19 12658 12661 +edge_4_0_+disjointig_10_0_20168 2285 14939 20168 -1 -1 11657 0.00801094
Chain
	Aln	7	-5d43777f-d543-4e60-8491-6469040d66d6 2 12641 12661 -edge_4_0_+disjointig_10_0_20168 5228 17882 20168 -1 -1 11657 0.00801094
Chain
	Aln	467	+a55f07d6-4e41-46c5-930d-30e6c1cdf73a 4 2092 2097 -edge_234_0_+disjointig_28_0_27669 4191 6278 27669 -1 -1 2084 0
Chain
	Aln	466	-a55f07d6-4e41-46c5-930d-30e6c1cdf73a 4 2092 2097 +edge_234_0_+disjointig_28_0_27669 21390 23477 27669 -1 -1 2084 0
Chain
	Aln	739	+242d971f-9329-4edb-9523-45b8aa180f21 6 2623 2932 -edge_370_0_-disjointig_66_3457_23755 17681 20297 20298 -1 -1 2573 0.0015928
Chain
	Aln	738	-242d971f-9329-4edb-9523-45b8aa180f21 308 2925 2932 +edge_370_0_-disjointig_66_3457_23755 0 2616 20298 -1 -1 2573 0.0015928
Chain
	Aln	179	+ab09e1e2-866a-47b5-8a9d-be9ef19493b1 6 6624 9407 -edge_90_0_+disjointig_16_0_20838 2292 8910 20838 -1 -1 6579 0.00120783
Chain
	Aln	178	-ab09e1e2-866a-47b5-8a9d-be9ef19493b1 2782 9400 9407 +edge_90_0_+disjointig_16_0_20838 11927 18545 20838 -1 -1 6579 0.00120783
Chain
	Aln	758	+bf02935a-c848-423d-a01e-8ae0db263428 9 13123 13127 +edge_380_0_+disjointig_98_1472_24422 2438 15555 22950 -1 -1 12967 0.000952333
Chain
	Aln	759	-bf02935a-c848-423d-a01e-8ae0db263428 3 13117 13127 -edge_380_0_+disjointig_98_1472_24422 7394 20511 22950 -1 -1 12967 0.000952333
Chain
	Aln	458	+9112c226-f7e8-401f-977b-c3a0bc49e8d9 11 2022 2024 +edge_230_0_+disjointig_276_0_6059 1784 3796 6059 -1 -1 2009 0.00262772
Chain
	Aln	459	-9112c226-f7e8-401f-977b-c3a0bc49e8d9 1 2012 2024 -edge_230_0_+disjointig_276_0_6059 2262 4274 6059 -1 -1 2009 0.00262772
Chain
	Aln	459	+66608f66-e0e1-4198-b8a6-5917807013a5 13 1983 2005 -edge_230_0_+disjointig_276_0_6059 2254 4242 6059 -1 -1 1897 0.00539325
Chain
	Aln	458	-66608f66-e0e1-4198-b8a6-5917807013a5 21 1991 2005 +edge_230_0_+disjointig_276_0_6059 1816 3804 6059 -1 -1 1897 0.00539325
Chain
	Aln	739	+ba27f0ba-beeb-4995-b27c-e749dba135cf 48 1578 1580 -edge_370_0_-disjointig_66_3457_23755 18732 20259 20298 -1 -1 1485 0.00406198
Chain
	Aln	738	-ba27f0ba-beeb-4995-b27c-e749dba135cf 1 1531 1580 +edge_370_0_-disjointig_66_3457_23755 38 1565 20298 -1 -1 1485 0.00406198
Chain
	Aln	619	+d8407dec-f80c-4aed-a9e1-d34c877a8336 12 1273 1277 -edge_310_0_+disjointig_39_0_32732 14127 15387 32732 -1 -1 1253 0.00309539
Chain
	Aln	618	-d8407dec-f80c-4aed-a9e1-d34c877a8336 3 1264 1277 +edge_310_0_+disjointig_39_0_32732 17344 18604 32732 -1 -1 1253 0.00309539
Chain
	Aln	503	+a9f5bddb-2d4e-40ca-ab70-8e03b869907f 13 2228 2232 -edge_252_0_+disjointig_288_0_2229 12 2225 2229 -1 -1 2196 0.000553791
Chain
	Aln	502	-a9f5bddb-2d4e-40ca-ab70-8e03b869907f 3 2218 2232 +edge_252_0_+disjointig_288_0_2229 3 2216 2229 -1 -1 2196 0.000553791
Chain
	Aln	661	+00ef8497-2b53-44a2-8275-79fe35848dc2 19 4712 4720 -edge_331_0_+disjointig_63_0_33738 10347 15059 33738 -1 -1 3594 0.0186271
Chain
	Aln	660	-00ef8497-2b53-44a2-8275-79fe35848dc2 7 4700 4720 +edge_331_0_+disjointig_63_0_33738 18678 23390 33738 -1 -1 3594 0.0186271
Chain
	Aln	618	+4bd9d3c1-2111-44be-ae3f-b38443b9c342 7 2165 2171 +edge_310_0_+disjointig_39_0_32732 3712 5869 32732 -1 -1 2112 0
Chain
	Aln	619	-4bd9d3c1-2111-44be-ae3f-b38443b9c342 5 2163 2171 -edge_310_0_+disjointig_39_0_32732 26862 29019 32732 -1 -1 2112 0
Chain
	Aln	738	+ce76ad90-359c-42e9-b742-b2e518a83248 4 2581 2588 +edge_370_0_-disjointig_66_3457_23755 13192 15771 20298 -1 -1 2563 0
Chain
	Aln	739	-ce76ad90-359c-42e9-b742-b2e518a83248 6 2583 2588 -edge_370_0_-disjointig_66_3457_23755 4526 7105 20298 -1 -1 2563 0
Chain
	Aln	619	+438950db-0c4c-4053-9330-bfad59ed6b8d 10 10836 10838 -edge_310_0_+disjointig_39_0_32732 14927 25794 32732 -1 -1 10661 0.00237803
Chain
	Aln	618	-438950db-0c4c-4053-9330-bfad59ed6b8d 1 10827 10838 +edge_310_0_+disjointig_39_0_32732 6937 17804 32732 -1 -1 10661 0.00237803
Chain
	Aln	237	+00de349a-9eca-42d1-a39c-266583291a84 0 1178 1185 -edge_119_0_+disjointig_185_0_14469 8047 9226 14469 -1 -1 1177 0
Chain
	Aln	236	-00de349a-9eca-42d1-a39c-266583291a84 6 1184 1185 +edge_119_0_+disjointig_185_0_14469 5242 6421 14469 -1 -1 1177 0
Chain
	Aln	10	+b91b96a4-2be4-4c8c-a280-ac1d270fab9b 15 8098 8113 +edge_6_0_+disjointig_101_0_9851 1577 9663 9851 -1 -1 7978 0.00177797
Chain
	Aln	11	-b91b96a4-2be4-4c8c-a280-ac1d270fab9b 14 8097 8113 -edge_6_0_+disjointig_101_0_9851 187 8273 9851 -1 -1 7978 0.00177797
Chain
	Aln	391	+97f2a9b4-b4b1-4ffc-8acc-22ae1b0a6c9e 46 1514 1522 -edge_196_0_+disjointig_247_0_8843 3240 4694 8843 -1 -1 1005 0.037816
Chain
	Aln	390	-97f2a9b4-b4b1-4ffc-8acc-22ae1b0a6c9e 7 1475 1522 +edge_196_0_+disjointig_247_0_8843 4148 5602 8843 -1 -1 1005 0.037816
Chain
	Aln	297	+5f081f27-6a12-4eea-91cb-b634a4a0f371 14 3442 3446 -edge_149_0_+disjointig_48_14826_21803 13 3442 6977 -1 -1 3369 0.00270608
Chain
	Aln	296	-5f081f27-6a12-4eea-91cb-b634a4a0f371 3 3431 3446 +edge_149_0_+disjointig_48_14826_21803 3534 6963 6977 -1 -1 3369 0.00270608
Chain
	Aln	650	+65cc6248-95ba-4f3e-a41a-79ed7826b07a 5 6375 6482 +edge_326_0_+disjointig_58_0_35073 12582 18956 35073 -1 -1 6326 0.00124118
Chain
	Aln	651	-65cc6248-95ba-4f3e-a41a-79ed7826b07a 106 6476 6482 -edge_326_0_+disjointig_58_0_35073 16116 22490 35073 -1 -1 6326 0.00124118
Chain
	Aln	466	+dee305de-7fe1-4111-9e68-0a41e53b850c 4 1266 1275 +edge_234_0_+disjointig_28_0_27669 10925 12185 27669 -1 -1 1239 0
Chain
	Aln	467	-dee305de-7fe1-4111-9e68-0a41e53b850c 8 1270 1275 -edge_234_0_+disjointig_28_0_27669 15483 16743 27669 -1 -1 1239 0
Chain
	Aln	476	+eaf8a3c2-181e-4a38-88f2-79d53e553722 63 2220 2223 +edge_239_0_+disjointig_41_9827_31060 5939 8094 21233 -1 -1 2131 0.00408441
Chain
	Aln	477	-eaf8a3c2-181e-4a38-88f2-79d53e553722 2 2159 2223 -edge_239_0_+disjointig_41_9827_31060 13138 15293 21233 -1 -1 2131 0.00408441
Chain
	Aln	417	+8cf7f5c6-1304-432b-bfcc-10c3b3430aff 15 1894 1896 -edge_209_0_+disjointig_259_0_8151 2164 4042 8151 -1 -1 1875 0.00243491
Chain
	Aln	416	-8cf7f5c6-1304-432b-bfcc-10c3b3430aff 1 1880 1896 +edge_209_0_+disjointig_259_0_8151 4108 5986 8151 -1 -1 1875 0.00243491
Chain
	Aln	686	+0fca6ff7-3409-45d5-8ef3-7aa0c37d12ea 7 2944 2949 +edge_344_0_+disjointig_80_0_12633 7269 10199 12633 -1 -1 2841 0.00291127
Chain
	Aln	687	-0fca6ff7-3409-45d5-8ef3-7aa0c37d12ea 4 2941 2949 -edge_344_0_+disjointig_80_0_12633 2433 5363 12633 -1 -1 2841 0.00291127
Chain
	Aln	150	+6d331069-e8f4-48f1-bef4-d2bc33594b1d 13 2411 2414 +edge_76_0_+disjointig_146_0_22270 10031 12425 22270 -1 -1 2366 0.00150091
Chain
	Aln	151	-6d331069-e8f4-48f1-bef4-d2bc33594b1d 2 2400 2414 -edge_76_0_+disjointig_146_0_22270 9844 12238 22270 -1 -1 2366 0.00150091
Chain
	Aln	150	+ebd44413-4c0e-4e0b-b931-60d8f0064915 6 4267 4275 +edge_76_0_+disjointig_146_0_22270 16946 21207 22270 -1 -1 4203 0.00176733
Chain
	Aln	151	-ebd44413-4c0e-4e0b-b931-60d8f0064915 7 4268 4275 -edge_76_0_+disjointig_146_0_22270 1062 5323 22270 -1 -1 4203 0.00176733
Chain
	Aln	130	+2fa51f4d-ddb1-4faa-93dc-9534df0dfc2a 9 3232 3236 +edge_66_0_+disjointig_138_0_38214 34781 38004 38214 -1 -1 3156 0.00179807
Chain
	Aln	131	-2fa51f4d-ddb1-4faa-93dc-9534df0dfc2a 3 3226 3236 -edge_66_0_+disjointig_138_0_38214 209 3432 38214 -1 -1 3156 0.00179807
Chain
	Aln	619	+35dff8b7-fcfc-4346-8763-dfb87d8cd612 9 7153 7157 -edge_310_0_+disjointig_39_0_32732 6742 14005 32732 -1 -1 6506 0.00778927
Chain
	Aln	618	-35dff8b7-fcfc-4346-8763-dfb87d8cd612 3 7147 7157 +edge_310_0_+disjointig_39_0_32732 18726 25989 32732 -1 -1 6506 0.00778927
Chain
	Aln	697	+5f00614e-63c1-4ca4-81ca-8fb9f41a7f8f 34 3304 3312 -edge_349_0_+disjointig_85_0_17144 11956 15228 17144 -1 -1 3152 0.00643364
Chain
	Aln	696	-5f00614e-63c1-4ca4-81ca-8fb9f41a7f8f 7 3277 3312 +edge_349_0_+disjointig_85_0_17144 1915 5187 17144 -1 -1 3152 0.00643364
Chain
	Aln	323	+8e5ebd18-e379-4d69-b5c3-231e369721c5 11 10798 12226 -edge_162_0_+disjointig_217_13921_25831 1123 11909 11910 -1 -1 10704 0.00209896
	Aln	319	+8e5ebd18-e379-4d69-b5c3-231e369721c5 10807 12224 12226 -edge_160_0_+disjointig_217_11253_13921 8 1425 2668 -1 -1 1389 0.00403041
Chain
	Aln	318	-8e5ebd18-e379-4d69-b5c3-231e369721c5 1 1418 12226 +edge_160_0_+disjointig_217_11253_13921 1242 2659 2668 -1 -1 1389 0.00403041
	Aln	322	-8e5ebd18-e379-4d69-b5c3-231e369721c5 1427 12214 12226 +edge_162_0_+disjointig_217_13921_25831 0 10786 11910 -1 -1 10704 0.00209896
Chain
	Aln	651	+22681cc1-f0a8-48a9-8571-cca851a67285 6 2241 2261 -edge_326_0_+disjointig_58_0_35073 8368 10606 35073 -1 -1 2217 0.00190512
Chain
	Aln	650	-22681cc1-f0a8-48a9-8571-cca851a67285 19 2254 2261 +edge_326_0_+disjointig_58_0_35073 24466 26704 35073 -1 -1 2217 0.00190512
Chain
	Aln	83	+77d13a5f-8fbb-43db-be43-fb3f872e0bc4 20 2425 3124 -edge_42_0_+disjointig_115_0_26307 6797 9208 26307 -1 -1 2337 0.00322292
Chain
	Aln	82	-77d13a5f-8fbb-43db-be43-fb3f872e0bc4 698 3103 3124 +edge_42_0_+disjointig_115_0_26307 17098 19509 26307 -1 -1 2337 0.00322292
Chain
	Aln	651	+349bea2e-8a57-49b2-a736-6eb1bcfac5a3 3615 5221 5224 -edge_326_0_+disjointig_58_0_35073 13 1620 35073 -1 -1 1419 0.00884339
Chain
	Aln	650	-349bea2e-8a57-49b2-a736-6eb1bcfac5a3 2 1608 5224 +edge_326_0_+disjointig_58_0_35073 33452 35059 35073 -1 -1 1419 0.00884339
Chain
	Aln	409	+ce53fcab-994f-4e78-a419-529c8d4e7d98 12 3166 3179 -edge_205_0_+disjointig_255_0_9104 4084 7237 9104 -1 -1 2831 0.0109395
Chain
	Aln	408	-ce53fcab-994f-4e78-a419-529c8d4e7d98 12 3166 3179 +edge_205_0_+disjointig_255_0_9104 1866 5019 9104 -1 -1 2831 0.0109395
Chain
	Aln	239	+993ae2f1-2c46-4b82-9de7-270ecd629d4a 4 1863 1866 -edge_120_0_+disjointig_186_0_20482 4268 6126 20482 -1 -1 1857 0.000383652
Chain
	Aln	238	-993ae2f1-2c46-4b82-9de7-270ecd629d4a 2 1861 1866 +edge_120_0_+disjointig_186_0_20482 14355 16213 20482 -1 -1 1857 0.000383652
Chain
	Aln	334	+0377d27c-e609-4891-96ba-82adce2cf6b7 6 2028 2031 +edge_168_0_+disjointig_221_0_14628 3873 5896 14628 -1 -1 1990 0.00261231
Chain
	Aln	335	-0377d27c-e609-4891-96ba-82adce2cf6b7 2 2024 2031 -edge_168_0_+disjointig_221_0_14628 8731 10754 14628 -1 -1 1990 0.00261231
Chain
	Aln	7	+a76c9149-c37f-42cd-8ddc-8060e21cf815 544 3635 3640 -edge_4_0_+disjointig_10_0_20168 11 3107 20168 -1 -1 3052 0.00111707
Chain
	Aln	6	-a76c9149-c37f-42cd-8ddc-8060e21cf815 4 3095 3640 +edge_4_0_+disjointig_10_0_20168 17060 20156 20168 -1 -1 3052 0.00111707
Chain
	Aln	638	+cb4a20da-de9e-4f56-9329-80b91bc3368a 118 2744 2762 +edge_320_0_+disjointig_51_0_24344 1 2634 24344 -1 -1 2602 0.00220655
Chain
	Aln	639	-cb4a20da-de9e-4f56-9329-80b91bc3368a 17 2643 2762 -edge_320_0_+disjointig_51_0_24344 21709 24342 24344 -1 -1 2602 0.00220655
Chain
	Aln	349	+e27758af-fb1f-4139-9cde-437d4c4b4d0f 12 5520 5577 -edge_175_0_+disjointig_228_0_9714 4155 9660 9714 -1 -1 5347 0.00364707
Chain
	Aln	348	-e27758af-fb1f-4139-9cde-437d4c4b4d0f 56 5564 5577 +edge_175_0_+disjointig_228_0_9714 53 5558 9714 -1 -1 5347 0.00364707
Chain
	Aln	290	+34a73764-7ce9-4e66-be29-71e3da085d66 6 1289 1298 +edge_146_0_+disjointig_208_0_19308 10072 11351 19308 -1 -1 1252 0.00357314
Chain
	Aln	291	-34a73764-7ce9-4e66-be29-71e3da085d66 8 1291 1298 -edge_146_0_+disjointig_208_0_19308 7956 9235 19308 -1 -1 1252 0.00357314
Chain
	Aln	603	+3fbe27c7-d02e-4ad4-9f9b-4d2df09be315 11 2647 2649 -edge_302_0_+disjointig_329_0_4365 1733 4363 4365 -1 -1 2569 0.00475481
Chain
	Aln	602	-3fbe27c7-d02e-4ad4-9f9b-4d2df09be315 1 2637 2649 +edge_302_0_+disjointig_329_0_4365 1 2631 4365 -1 -1 2569 0.00475481
Chain
	Aln	621	+f9f96630-3fc0-4c25-9219-1be94d276f50 10 4680 6811 -edge_311_0_+disjointig_4_0_4681 9 4680 4681 -1 -1 4628 0.000505019
Chain
	Aln	620	-f9f96630-3fc0-4c25-9219-1be94d276f50 2130 6800 6811 +edge_311_0_+disjointig_4_0_4681 0 4671 4681 -1 -1 4628 0.000505019
Chain
	Aln	567	+1e69e0ab-6ada-4821-9734-a8abcda0fa90 30 4578 4583 -edge_284_0_+disjointig_314_0_9221 3112 7663 9221 -1 -1 4491 0.00371165
Chain
	Aln	566	-1e69e0ab-6ada-4821-9734-a8abcda0fa90 4 4552 4583 +edge_284_0_+disjointig_314_0_9221 1557 6108 9221 -1 -1 4491 0.00371165
Chain
	Aln	338	+1cfe8142-3cbd-4db3-98e2-e877ab951355 3 2051 2061 +edge_170_0_+disjointig_223_0_8663 2013 4060 8663 -1 -1 1977 0.00217321
Chain
	Aln	339	-1cfe8142-3cbd-4db3-98e2-e877ab951355 9 2057 2061 -edge_170_0_+disjointig_223_0_8663 4602 6649 8663 -1 -1 1977 0.00217321
Chain
	Aln	310	+7d00c8b3-1ba9-4a16-8579-7232d07b001c 32 1171 1180 +edge_156_0_+disjointig_214_0_8698 404 1542 8698 -1 -1 1138 0
Chain
	Aln	311	-7d00c8b3-1ba9-4a16-8579-7232d07b001c 8 1147 1180 -edge_156_0_+disjointig_214_0_8698 7155 8293 8698 -1 -1 1138 0
Chain
	Aln	691	+b54b53ad-f4f8-4b58-a6cd-5b421aab765a 16 4835 4861 -edge_346_0_+disjointig_82_0_9722 15 4831 9722 -1 -1 4799 0.00116133
Chain
	Aln	690	-b54b53ad-f4f8-4b58-a6cd-5b421aab765a 25 4844 4861 +edge_346_0_+disjointig_82_0_9722 4890 9706 9722 -1 -1 4799 0.00116133
Chain
	Aln	265	+070d7a01-25bd-4132-ad07-30938216a5b4 1300 3005 3008 -edge_133_0_+disjointig_199_2235_7131 81 1785 4896 -1 -1 1652 0.00198444
Chain
	Aln	264	-070d7a01-25bd-4132-ad07-30938216a5b4 2 1707 3008 +edge_133_0_+disjointig_199_2235_7131 3110 4814 4896 -1 -1 1652 0.00198444
Chain
	Aln	181	+4de6d067-2727-4bdd-97ec-034e4057ae04 12 7225 7227 -edge_91_0_+disjointig_161_0_18481 2983 10195 18481 -1 -1 7162 0.00133324
Chain
	Aln	180	-4de6d067-2727-4bdd-97ec-034e4057ae04 1 7214 7227 +edge_91_0_+disjointig_161_0_18481 8285 15497 18481 -1 -1 7162 0.00133324
Chain
	Aln	210	+49b1e449-1b47-4f85-8138-089e6c4c605e 5 5038 6071 +edge_106_0_+disjointig_172_0_11649 6608 11638 11649 -1 -1 4996 0.00195912
Chain
	Aln	211	-49b1e449-1b47-4f85-8138-089e6c4c605e 1032 6065 6071 -edge_106_0_+disjointig_172_0_11649 10 5040 11649 -1 -1 4996 0.00195912
Chain
	Aln	167	+c359ede9-bdc9-4822-ae2c-087e60ada217 10 1066 1069 -edge_84_0_+disjointig_155_0_11844 3162 4218 11844 -1 -1 1006 0.00667286
Chain
	Aln	166	-c359ede9-bdc9-4822-ae2c-087e60ada217 2 1058 1069 +edge_84_0_+disjointig_155_0_11844 7625 8681 11844 -1 -1 1006 0.00667286
Chain
	Aln	565	+77ebd9ce-070e-492b-ba51-d97c890e2662 14 3379 3383 -edge_283_0_+disjointig_313_0_5224 13 3365 5224 -1 -1 3225 0.00433427
Chain
	Aln	564	-77ebd9ce-070e-492b-ba51-d97c890e2662 3 3368 3383 +edge_283_0_+disjointig_313_0_5224 1858 5210 5224 -1 -1 3225 0.00433427
Chain
	Aln	716	+5263795c-ec2e-42ac-81da-4f3492bb3a32 1 5787 5793 +edge_359_0_+disjointig_96_0_23495 1 5789 23495 -1 -1 5693 0.00158141
Chain
	Aln	717	-5263795c-ec2e-42ac-81da-4f3492bb3a32 5 5791 5793 -edge_359_0_+disjointig_96_0_23495 17705 23493 23495 -1 -1 5693 0.00158141
Chain
	Aln	662	+0c92253d-c24b-4bad-ada5-55e933c46d1e 24 1099 1104 +edge_332_0_+disjointig_64_0_14859 12372 13446 14859 -1 -1 1040 0.00470457
Chain
	Aln	663	-0c92253d-c24b-4bad-ada5-55e933c46d1e 4 1079 1104 -edge_332_0_+disjointig_64_0_14859 1412 2486 14859 -1 -1 1040 0.00470457
Chain
	Aln	38	+25e1ed63-dd46-4148-b729-4d75b6d72b09 9 2695 2699 +edge_20_0_+disjointig_105_0_37299 14555 17241 37299 -1 -1 2649 0.0013676
Chain
	Aln	39	-25e1ed63-dd46-4148-b729-4d75b6d72b09 3 2689 2699 -edge_20_0_+disjointig_105_0_37299 20057 22743 37299 -1 -1 2649 0.0013676
Chain
	Aln	478	+67e1f5e3-af31-4a06-8ce5-3bffb2e51142 12 25200 25206 +edge_240_0_-disjointig_57_7953_51690 8421 33606 43737 -1 -1 24708 0.00214624
Chain
	Aln	479	-67e1f5e3-af31-4a06-8ce5-3bffb2e51142 5 25193 25206 -edge_240_0_-disjointig_57_7953_51690 10130 35315 43737 -1 -1 24708 0.00214624
Chain
	Aln	671	+4290ae7e-6d13-453d-b4a3-a81531b648dd 9 2220 2223 -edge_336_0_+disjointig_70_0_4477 2263 4474 4477 -1 -1 2209 0
Chain
	Aln	670	-4290ae7e-6d13-453d-b4a3-a81531b648dd 2 2213 2223 +edge_336_0_+disjointig_70_0_4477 2 2213 4477 -1 -1 2209 0
Chain
	Aln	566	+c243a6e0-f5e2-4a40-85d9-19e2f3b49ffb 6 1468 1473 +edge_284_0_+disjointig_314_0_9221 5119 6580 9221 -1 -1 1436 0.00465654
Chain
	Aln	567	-c243a6e0-f5e2-4a40-85d9-19e2f3b49ffb 4 1466 1473 -edge_284_0_+disjointig_314_0_9221 2640 4101 9221 -1 -1 1436 0.00465654
Chain
	Aln	22	+45c6224e-e322-451d-ac84-488ba39e457f 38 1877 1881 +edge_12_0_-disjointig_72_6780_10406 1303 3152 3626 -1 -1 1755 0.00558513
Chain
	Aln	23	-45c6224e-e322-451d-ac84-488ba39e457f 3 1842 1881 -edge_12_0_-disjointig_72_6780_10406 473 2322 3626 -1 -1 1755 0.00558513
Chain
	Aln	85	+dbd25e68-7b8f-491e-aa51-78bc51fdfd18 9 1554 1670 -edge_43_0_+disjointig_116_0_8537 5579 7125 8537 -1 -1 1497 0.00675436
Chain
	Aln	84	-dbd25e68-7b8f-491e-aa51-78bc51fdfd18 115 1660 1670 +edge_43_0_+disjointig_116_0_8537 1411 2957 8537 -1 -1 1497 0.00675436
Chain
	Aln	764	+7952f380-484e-4bda-8473-d66d1134b3ba 3 1898 2383 +edge_383_0_+disjointig_37_1412_10185 6879 8769 8773 -1 -1 1737 0.00899162
Chain
	Aln	765	-7952f380-484e-4bda-8473-d66d1134b3ba 484 2379 2383 -edge_383_0_+disjointig_37_1412_10185 3 1893 8773 -1 -1 1737 0.00899162
Chain
	Aln	761	+de30cf7b-fb63-4400-8214-12de36456290 4 1214 1223 -edge_381_0_-disjointig_45_0_30722 23866 25076 30722 -1 -1 1210 0
Chain
	Aln	760	-de30cf7b-fb63-4400-8214-12de36456290 8 1218 1223 +edge_381_0_-disjointig_45_0_30722 5645 6855 30722 -1 -1 1210 0
Chain
	Aln	233	+4a8f6f08-f466-47cb-916b-f501b3b90d62 14 6077 6084 -edge_117_0_+disjointig_183_0_12115 13 6020 12115 -1 -1 5877 0.000901681
Chain
	Aln	232	-4a8f6f08-f466-47cb-916b-f501b3b90d62 6 6069 6084 +edge_117_0_+disjointig_183_0_12115 6094 12101 12115 -1 -1 5877 0.000901681
Chain
	Aln	466	+ab7d619f-8030-4e22-9d21-f12add034f12 5 2974 2980 +edge_234_0_+disjointig_28_0_27669 15704 18674 27669 -1 -1 2944 0.00140439
Chain
	Aln	467	-ab7d619f-8030-4e22-9d21-f12add034f12 5 2974 2980 -edge_234_0_+disjointig_28_0_27669 8994 11964 27669 -1 -1 2944 0.00140439
Chain
	Aln	204	+91a0912c-b195-442d-b14a-89d2f41911bd 25 5996 6012 +edge_103_0_+disjointig_17_0_17973 3116 9092 17973 -1 -1 5911 0.00142528
Chain
	Aln	205	-91a0912c-b195-442d-b14a-89d2f41911bd 15 5986 6012 -edge_103_0_+disjointig_17_0_17973 8880 14856 17973 -1 -1 5911 0.00142528
Chain
	Aln	307	+c3e86806-0c52-4374-b592-aed1802c4f47 7 3524 3531 -edge_154_0_+disjointig_212_0_10841 3224 6758 10841 -1 -1 3363 0.00588331
Chain
	Aln	306	-c3e86806-0c52-4374-b592-aed1802c4f47 6 3523 3531 +edge_154_0_+disjointig_212_0_10841 4082 7616 10841 -1 -1 3363 0.00588331
Chain
	Aln	235	+a265678a-9f5e-4924-a3a6-27a62061decd 23 1549 1555 -edge_118_0_+disjointig_184_0_7014 2778 4304 7014 -1 -1 1526 0
Chain
	Aln	234	-a265678a-9f5e-4924-a3a6-27a62061decd 5 1531 1555 +edge_118_0_+disjointig_184_0_7014 2709 4235 7014 -1 -1 1526 0
Chain
	Aln	739	+8e96c101-f526-4cbf-bd50-9e65cb8e55d7 3 1251 1259 -edge_370_0_-disjointig_66_3457_23755 4148 5392 20298 -1 -1 1220 0.000881444
Chain
	Aln	738	-8e96c101-f526-4cbf-bd50-9e65cb8e55d7 7 1255 1259 +edge_370_0_-disjointig_66_3457_23755 14905 16149 20298 -1 -1 1220 0.000881444
Chain
	Aln	326	+a6d3ec76-1fd1-4b42-994c-f1dbb8723315 24 1249 1252 +edge_164_0_+disjointig_218_0_16787 2614 3839 16787 -1 -1 1209 0.00276285
Chain
	Aln	327	-a6d3ec76-1fd1-4b42-994c-f1dbb8723315 2 1227 1252 -edge_164_0_+disjointig_218_0_16787 12947 14172 16787 -1 -1 1209 0.00276285
Chain
	Aln	283	+85617eed-96d0-4cab-a219-9250d987ef9c 12 4316 4318 -edge_142_0_+disjointig_204_0_4315 11 4313 4315 -1 -1 4213 0.000809896
Chain
	Aln	282	-85617eed-96d0-4cab-a219-9250d987ef9c 1 4305 4318 +edge_142_0_+disjointig_204_0_4315 1 4303 4315 -1 -1 4213 0.000809896
Chain
	Aln	282	+4b72a4fa-792e-40a4-b8c8-a173a5fa5bc9 20 4292 4297 +edge_142_0_+disjointig_204_0_4315 1 4291 4315 -1 -1 4201 0.000694687
Chain
	Aln	283	-4b72a4fa-792e-40a4-b8c8-a173a5fa5bc9 4 4276 4297 -edge_142_0_+disjointig_204_0_4315 23 4313 4315 -1 -1 4201 0.000694687
Chain
	Aln	17	+08fd8630-705f-48a8-b47c-0242937a0cd2 1569 3004 3841 -edge_9_1_-disjointig_20_5873_7328 17 1454 1455 -1 -1 1408 0.00268933
	Aln	20	+08fd8630-705f-48a8-b47c-0242937a0cd2 2999 3837 3841 +edge_11_0_-disjointig_7_3506_6213 1 838 2707 -1 -1 837 0.00196731
Chain
	Aln	21	-08fd8630-705f-48a8-b47c-0242937a0cd2 3 841 3841 -edge_11_0_-disjointig_7_3506_6213 1868 2705 2707 -1 -1 837 0.00196731
	Aln	16	-08fd8630-705f-48a8-b47c-0242937a0cd2 836 2271 3841 +edge_9_1_-disjointig_20_5873_7328 0 1437 1455 -1 -1 1408 0.00268933
Chain
	Aln	655	+4117f049-ca82-4abe-a9f0-73726de542cf 5 3950 3954 -edge_328_0_+disjointig_60_0_13874 7787 11731 13874 -1 -1 3933 0
Chain
	Aln	654	-4117f049-ca82-4abe-a9f0-73726de542cf 3 3948 3954 +edge_328_0_+disjointig_60_0_13874 2142 6086 13874 -1 -1 3933 0
Chain
	Aln	102	+689d38c0-4252-4dac-9a2e-716fc5f7defd 11 5773 5778 +edge_52_0_+disjointig_123_0_17590 465 6234 17590 -1 -1 5699 0.00219937
Chain
	Aln	103	-689d38c0-4252-4dac-9a2e-716fc5f7defd 4 5766 5778 -edge_52_0_+disjointig_123_0_17590 11355 17124 17590 -1 -1 5699 0.00219937
Chain
	Aln	725	+b9980375-4fe2-4501-a48a-eca031b72767 15 1590 1595 -edge_363_0_-disjointig_118_8955_29374 14508 16083 20419 -1 -1 1562 0
Chain
	Aln	724	-b9980375-4fe2-4501-a48a-eca031b72767 4 1579 1595 +edge_363_0_-disjointig_118_8955_29374 4335 5910 20419 -1 -1 1562 0
Chain
	Aln	700	+fb3ea102-3896-4d42-82f5-f1d0b7b705ef 6 2258 2260 +edge_351_0_+disjointig_87_0_9199 6250 8502 9199 -1 -1 2241 0
Chain
	Aln	701	-fb3ea102-3896-4d42-82f5-f1d0b7b705ef 1 2253 2260 -edge_351_0_+disjointig_87_0_9199 696 2948 9199 -1 -1 2241 0
Chain
	Aln	753	+fa582487-a08e-4038-bd54-5685c1d020b7 9 1099 1117 -edge_377_0_+disjointig_28_27669_32566 792 1880 4897 -1 -1 1077 0.00327547
Chain
	Aln	752	-fa582487-a08e-4038-bd54-5685c1d020b7 17 1107 1117 +edge_377_0_+disjointig_28_27669_32566 3016 4104 4897 -1 -1 1077 0.00327547
Chain
	Aln	640	+cf54d814-f785-4437-bed5-87ee07f1b52e 38 12460 12471 +edge_321_0_+disjointig_52_0_21384 1569 13981 21384 -1 -1 12071 0.00369413
Chain
	Aln	641	-cf54d814-f785-4437-bed5-87ee07f1b52e 10 12432 12471 -edge_321_0_+disjointig_52_0_21384 7402 19814 21384 -1 -1 12071 0.00369413
Chain
	Aln	752	+62b577a6-b494-49f9-b05f-4811b987ff5f 13 2241 2246 +edge_377_1_+disjointig_28_33393_38243 1323 3552 4850 -1 -1 2210 0.00181795
Chain
	Aln	753	-62b577a6-b494-49f9-b05f-4811b987ff5f 4 2232 2246 -edge_377_1_+disjointig_28_33393_38243 1297 3526 4850 -1 -1 2210 0.00181795
Chain
	Aln	765	+d1ab72e1-34f0-4f9b-b6d3-17c4e69d7a3c 17 1043 1046 -edge_383_0_+disjointig_37_1412_10185 7572 8596 8773 -1 -1 1008 0.00131029
Chain
	Aln	764	-d1ab72e1-34f0-4f9b-b6d3-17c4e69d7a3c 2 1028 1046 +edge_383_0_+disjointig_37_1412_10185 176 1200 8773 -1 -1 1008 0.00131029
Chain
	Aln	672	+7efbf88a-8ee2-4df8-9f70-83c3a700348d 2 2817 2836 +edge_337_0_+disjointig_71_0_8102 1540 4357 8102 -1 -1 2575 0.00618
Chain
	Aln	673	-7efbf88a-8ee2-4df8-9f70-83c3a700348d 18 2833 2836 -edge_337_0_+disjointig_71_0_8102 3744 6561 8102 -1 -1 2575 0.00618
Chain
	Aln	102	+02249be1-03a9-48d7-97e1-063f38961e56 12 3031 3034 +edge_52_0_+disjointig_123_0_17590 6756 9776 17590 -1 -1 3006 0.000515384
Chain
	Aln	103	-02249be1-03a9-48d7-97e1-063f38961e56 2 3021 3034 -edge_52_0_+disjointig_123_0_17590 7813 10833 17590 -1 -1 3006 0.000515384
Chain
	Aln	355	+01ee391a-8d52-493d-bcbc-636a7275448f 11 1221 1224 -edge_178_0_+disjointig_230_0_11358 4803 6013 11358 -1 -1 1210 0.00231625
Chain
	Aln	354	-01ee391a-8d52-493d-bcbc-636a7275448f 2 1212 1224 +edge_178_0_+disjointig_230_0_11358 5344 6554 11358 -1 -1 1210 0.00231625
Chain
	Aln	32	+da9822d5-b144-4ded-904a-71db451a66e1 2 2813 2825 +edge_17_0_+disjointig_72_5086_10406 2495 5309 5320 -1 -1 2792 0.00228099
Chain
	Aln	33	-da9822d5-b144-4ded-904a-71db451a66e1 11 2822 2825 -edge_17_0_+disjointig_72_5086_10406 10 2824 5320 -1 -1 2792 0.00228099
Chain
	Aln	391	+da63a1c5-35cb-4d5e-a6e0-498b4af91c8c 34 3960 6292 -edge_196_0_+disjointig_247_0_8843 4916 8842 8843 -1 -1 3585 0.00786403
Chain
	Aln	390	-da63a1c5-35cb-4d5e-a6e0-498b4af91c8c 2331 6257 6292 +edge_196_0_+disjointig_247_0_8843 0 3926 8843 -1 -1 3585 0.00786403
Chain
	Aln	39	+e72ff541-f013-4405-854b-90a2adfeb2d5 3 1264 1267 -edge_20_0_+disjointig_105_0_37299 4131 5393 37299 -1 -1 1230 0
Chain
	Aln	38	-e72ff541-f013-4405-854b-90a2adfeb2d5 2 1263 1267 +edge_20_0_+disjointig_105_0_37299 31905 33167 37299 -1 -1 1230 0
Chain
	Aln	608	+9f7c0391-e860-496c-9888-2d19daeda874 11 1871 2876 +edge_305_0_+disjointig_35_0_17453 15583 17442 17453 -1 -1 1845 0
Chain
	Aln	218	+9f7c0391-e860-496c-9888-2d19daeda874 1778 2867 2876 +edge_110_0_+disjointig_176_0_18510 1164 2254 18510 -1 -1 1065 0.00359089
Chain
	Aln	609	-9f7c0391-e860-496c-9888-2d19daeda874 1004 2864 2876 -edge_305_0_+disjointig_35_0_17453 10 1869 17453 -1 -1 1845 0
Chain
	Aln	219	-9f7c0391-e860-496c-9888-2d19daeda874 8 1097 2876 -edge_110_0_+disjointig_176_0_18510 16255 17345 18510 -1 -1 1065 0.00359089
Chain
	Aln	607	+23593e37-bae8-4824-8de6-61f63f56d81d 9 6834 6840 -edge_304_0_+disjointig_34_0_21728 4321 11146 21728 -1 -1 6717 0.00286967
Chain
	Aln	606	-23593e37-bae8-4824-8de6-61f63f56d81d 5 6830 6840 +edge_304_0_+disjointig_34_0_21728 10581 17406 21728 -1 -1 6717 0.00286967
Chain
	Aln	131	+80ed2371-c540-4635-ba6c-6d65997df7fd 40 1812 1816 -edge_66_0_+disjointig_138_0_38214 24279 26049 38214 -1 -1 1690 0.00464652
Chain
	Aln	130	-80ed2371-c540-4635-ba6c-6d65997df7fd 3 1775 1816 +edge_66_0_+disjointig_138_0_38214 12164 13934 38214 -1 -1 1690 0.00464652
Chain
	Aln	378	+3d7c1eaf-e092-4942-8e87-78fe403ed28d 54 1071 1074 +edge_190_0_+disjointig_241_0_6183 5081 6098 6183 -1 -1 997 0.00309912
Chain
	Aln	379	-3d7c1eaf-e092-4942-8e87-78fe403ed28d 2 1019 1074 -edge_190_0_+disjointig_241_0_6183 84 1101 6183 -1 -1 997 0.00309912
Chain
	Aln	143	+e1496b61-41d4-43a6-aa4b-641d180917b3 28 1948 1957 -edge_72_0_+disjointig_142_0_7073 1111 3033 7073 -1 -1 1885 0
Chain
	Aln	142	-e1496b61-41d4-43a6-aa4b-641d180917b3 8 1928 1957 +edge_72_0_+disjointig_142_0_7073 4039 5961 7073 -1 -1 1885 0
Chain
	Aln	433	+92ba97d5-84be-4a2a-9d41-78a5e834810b 12 2493 2495 -edge_217_0_+disjointig_264_0_2492 11 2490 2492 -1 -1 2252 0.0116752
Chain
	Aln	432	-92ba97d5-84be-4a2a-9d41-78a5e834810b 1 2482 2495 +edge_217_0_+disjointig_264_0_2492 1 2480 2492 -1 -1 2252 0.0116752
Chain
	Aln	760	+b8a124b1-439a-40c0-b868-234d263c4443 14 3890 3900 +edge_381_0_-disjointig_45_0_30722 5852 9755 30722 -1 -1 3700 0.00565969
Chain
	Aln	761	-b8a124b1-439a-40c0-b868-234d263c4443 9 3885 3900 -edge_381_0_-disjointig_45_0_30722 20966 24869 30722 -1 -1 3700 0.00565969
Chain
	Aln	217	+f262d245-180e-40fd-b74c-18571e8090a7 11 3750 3756 -edge_109_0_+disjointig_175_0_5602 308 4047 5602 -1 -1 3726 0.0010672
Chain
	Aln	216	-f262d245-180e-40fd-b74c-18571e8090a7 5 3744 3756 +edge_109_0_+disjointig_175_0_5602 1554 5293 5602 -1 -1 3726 0.0010672
Chain
	Aln	237	+f4ecaeab-3f9e-4fa7-bf53-6d49b5b57543 9 7579 7586 -edge_119_0_+disjointig_185_0_14469 1552 9121 14469 -1 -1 7502 0.000562772
Chain
	Aln	236	-f4ecaeab-3f9e-4fa7-bf53-6d49b5b57543 6 7576 7586 +edge_119_0_+disjointig_185_0_14469 5347 12916 14469 -1 -1 7502 0.000562772
Chain
	Aln	691	+98d5e641-be45-4edf-bd18-74b967e4ea46 10 4592 4597 -edge_346_0_+disjointig_82_0_9722 2831 7414 9722 -1 -1 4573 0.00130805
Chain
	Aln	690	-98d5e641-be45-4edf-bd18-74b967e4ea46 4 4586 4597 +edge_346_0_+disjointig_82_0_9722 2307 6890 9722 -1 -1 4573 0.00130805
Chain
	Aln	655	+228cefd3-0517-4ed0-beee-595b21a4c208 14 1737 1740 -edge_328_0_+disjointig_60_0_13874 8747 10474 13874 -1 -1 1676 0.00333178
Chain
	Aln	654	-228cefd3-0517-4ed0-beee-595b21a4c208 2 1725 1740 +edge_328_0_+disjointig_60_0_13874 3399 5126 13874 -1 -1 1676 0.00333178
Chain
	Aln	738	+5436dcb4-0fd7-4ffa-9439-54dc47cf3a27 12 5159 5162 +edge_370_0_-disjointig_66_3457_23755 9074 14220 20298 -1 -1 5103 0
Chain
	Aln	739	-5436dcb4-0fd7-4ffa-9439-54dc47cf3a27 2 5149 5162 -edge_370_0_-disjointig_66_3457_23755 6077 11223 20298 -1 -1 5103 0
Chain
	Aln	640	+c3ab037b-b8ed-4834-923a-93ad20578aac 7 1484 1491 +edge_321_0_+disjointig_52_0_21384 10299 11775 21384 -1 -1 1474 0.00290374
Chain
	Aln	641	-c3ab037b-b8ed-4834-923a-93ad20578aac 6 1483 1491 -edge_321_0_+disjointig_52_0_21384 9608 11084 21384 -1 -1 1474 0.00290374
Chain
	Aln	691	+d38aba43-d283-4716-b20f-f7ea9b52a098 6 3447 3452 -edge_346_0_+disjointig_82_0_9722 3647 7087 9722 -1 -1 3322 0.00441609
Chain
	Aln	690	-d38aba43-d283-4716-b20f-f7ea9b52a098 4 3445 3452 +edge_346_0_+disjointig_82_0_9722 2634 6074 9722 -1 -1 3322 0.00441609
Chain
	Aln	608	+b9e8ba0d-cf6d-4fe3-a171-c41dbda5405a 20 5662 5674 +edge_305_0_+disjointig_35_0_17453 11806 17442 17453 -1 -1 5551 0
Chain
	Aln	609	-b9e8ba0d-cf6d-4fe3-a171-c41dbda5405a 11 5653 5674 -edge_305_0_+disjointig_35_0_17453 10 5646 17453 -1 -1 5551 0
Chain
	Aln	690	+70e7fb4c-14c6-4f19-8a0a-dfe8756a391d 14 3635 4867 +edge_346_0_+disjointig_82_0_9722 6090 9714 9722 -1 -1 3595 0.00111424
Chain
	Aln	691	-70e7fb4c-14c6-4f19-8a0a-dfe8756a391d 1231 4852 4867 -edge_346_0_+disjointig_82_0_9722 7 3631 9722 -1 -1 3595 0.00111424
Chain
	Aln	42	+cd2af653-906e-41b9-812a-c3cc143b0de2 1 5959 5971 +edge_22_0_+disjointig_107_0_25761 19802 25750 25761 -1 -1 5840 0.00259757
Chain
	Aln	43	-cd2af653-906e-41b9-812a-c3cc143b0de2 11 5969 5971 -edge_22_0_+disjointig_107_0_25761 10 5958 25761 -1 -1 5840 0.00259757
Chain
	Aln	738	+3f1d73c9-6d7e-4150-a26b-7d8b3f84a94c 9 1506 1510 +edge_370_0_-disjointig_66_3457_23755 14481 15983 20298 -1 -1 1458 0.00207397
Chain
	Aln	739	-3f1d73c9-6d7e-4150-a26b-7d8b3f84a94c 3 1500 1510 -edge_370_0_-disjointig_66_3457_23755 4314 5816 20298 -1 -1 1458 0.00207397
Chain
	Aln	96	+51dee785-7146-4dde-ac7d-aa8ceb84e0fe 11 3673 3676 +edge_49_0_+disjointig_120_0_5718 2028 5697 5718 -1 -1 3595 0.0027593
Chain
	Aln	97	-51dee785-7146-4dde-ac7d-aa8ceb84e0fe 2 3664 3676 -edge_49_0_+disjointig_120_0_5718 20 3689 5718 -1 -1 3595 0.0027593
Chain
	Aln	620	+3f1ad16a-f2ad-48f7-869b-4c15c0b1539e 5 1191 1195 +edge_311_0_+disjointig_4_0_4681 2850 4032 4681 -1 -1 1160 0.00341143
Chain
	Aln	621	-3f1ad16a-f2ad-48f7-869b-4c15c0b1539e 3 1189 1195 -edge_311_0_+disjointig_4_0_4681 648 1830 4681 -1 -1 1160 0.00341143
Chain
	Aln	621	+b80a11e6-c5f9-409c-a097-6235d5365a7c 6 1185 1191 -edge_311_0_+disjointig_4_0_4681 633 1809 4681 -1 -1 1163 0.00248651
Chain
	Aln	620	-b80a11e6-c5f9-409c-a097-6235d5365a7c 5 1184 1191 +edge_311_0_+disjointig_4_0_4681 2871 4047 4681 -1 -1 1163 0.00248651
Chain
	Aln	100	+4c08a82c-5378-4654-b904-30c8f3ab09b6 1118 5429 7192 +edge_51_0_+disjointig_122_0_5283 2 4315 5283 -1 -1 4217 0.00224603
Chain
	Aln	101	-4c08a82c-5378-4654-b904-30c8f3ab09b6 1762 6073 7192 -edge_51_0_+disjointig_122_0_5283 967 5280 5283 -1 -1 4217 0.00224603
Chain
	Aln	460	+57b10ba6-88fb-4c63-a04c-60b218ca8173 566 1932 1941 +edge_231_0_+disjointig_277_0_2346 1 1366 2346 -1 -1 1272 0.0080719
Chain
	Aln	461	-57b10ba6-88fb-4c63-a04c-60b218ca8173 8 1374 1941 -edge_231_0_+disjointig_277_0_2346 979 2344 2346 -1 -1 1272 0.0080719
Chain
	Aln	728	+bbf41d69-3390-4c80-82cc-b3070e6efab6 7 2848 2850 +edge_365_0_-disjointig_14_17885_30078 6239 9079 12193 -1 -1 2836 0.00118892
Chain
	Aln	729	-bbf41d69-3390-4c80-82cc-b3070e6efab6 1 2842 2850 -edge_365_0_-disjointig_14_17885_30078 3113 5953 12193 -1 -1 2836 0.00118892
Chain
	Aln	6	+f9b91562-3b35-4eb9-963d-95b2acad0ba8 13 7000 7014 +edge_4_0_+disjointig_10_0_20168 7434 14449 20168 -1 -1 6332 0.0106327
Chain
	Aln	7	-f9b91562-3b35-4eb9-963d-95b2acad0ba8 13 7000 7014 -edge_4_0_+disjointig_10_0_20168 5718 12733 20168 -1 -1 6332 0.0106327
Chain
	Aln	322	+fc43cb4b-1e3f-427c-ba9f-cec8593185f5 40 3365 3373 +edge_162_0_+disjointig_217_13921_25831 516 3839 11910 -1 -1 3273 0.00415187
Chain
	Aln	323	-fc43cb4b-1e3f-427c-ba9f-cec8593185f5 7 3332 3373 -edge_162_0_+disjointig_217_13921_25831 8070 11393 11910 -1 -1 3273 0.00415187
Chain
	Aln	660	+2fc39710-b033-40a0-ad96-713c1a33c77c 0 4092 4096 +edge_331_0_+disjointig_63_0_33738 20416 24514 33738 -1 -1 3973 0.00269694
Chain
	Aln	661	-2fc39710-b033-40a0-ad96-713c1a33c77c 3 4095 4096 -edge_331_0_+disjointig_63_0_33738 9223 13321 33738 -1 -1 3973 0.00269694
Chain
	Aln	444	+0562bbd4-b04a-4349-b958-1ebf5e4bdc29 24 6625 6631 +edge_223_0_+disjointig_27_0_9653 2158 8784 9653 -1 -1 6406 0.00264518
Chain
	Aln	445	-0562bbd4-b04a-4349-b958-1ebf5e4bdc29 5 6606 6631 -edge_223_0_+disjointig_27_0_9653 868 7494 9653 -1 -1 6406 0.00264518
Chain
	Aln	283	+064436f1-bafe-4d67-aade-793de90c79d0 8 1538 1543 -edge_142_0_+disjointig_204_0_4315 671 2203 4315 -1 -1 1511 0.000186505
Chain
	Aln	282	-064436f1-bafe-4d67-aade-793de90c79d0 4 1534 1543 +edge_142_0_+disjointig_204_0_4315 2111 3643 4315 -1 -1 1511 0.000186505
Chain
	Aln	521	+fd5da053-fc8d-4a22-afed-d94548136a84 12 1671 1676 -edge_261_0_+disjointig_298_0_3329 598 2257 3329 -1 -1 1659 0
Chain
	Aln	520	-fd5da053-fc8d-4a22-afed-d94548136a84 4 1663 1676 +edge_261_0_+disjointig_298_0_3329 1071 2730 3329 -1 -1 1659 0
Chain
	Aln	752	+ceba012a-fbf3-4af7-b2fe-aa2dc791e0c1 78 1331 2293 +edge_377_4_+disjointig_49_2346_7193 3584 4839 4847 -1 -1 1245 0.00200717
Chain
	Aln	753	-ceba012a-fbf3-4af7-b2fe-aa2dc791e0c1 961 2214 2293 -edge_377_4_+disjointig_49_2346_7193 7 1262 4847 -1 -1 1245 0.00200717
Chain
	Aln	655	+7deff05f-19c3-44db-a5be-26bc6ede4c40 11 1090 1093 -edge_328_0_+disjointig_60_0_13874 1440 2521 13874 -1 -1 1059 0.00373911
Chain
	Aln	654	-7deff05f-19c3-44db-a5be-26bc6ede4c40 2 1081 1093 +edge_328_0_+disjointig_60_0_13874 11352 12433 13874 -1 -1 1059 0.00373911
Chain
	Aln	7	+f6422250-f2a4-43cf-83b8-46fe8089afe4 4 5236 5238 -edge_4_0_+disjointig_10_0_20168 14255 19481 20168 -1 -1 5171 0.000310672
Chain
	Aln	6	-f6422250-f2a4-43cf-83b8-46fe8089afe4 1 5233 5238 +edge_4_0_+disjointig_10_0_20168 686 5912 20168 -1 -1 5171 0.000310672
Chain
	Aln	138	+38186db7-7daf-49da-8523-d1382ae1e5e0 1 1770 1772 +edge_70_0_-disjointig_67_10521_41118 17898 19667 30597 -1 -1 1762 0.00474524
Chain
	Aln	139	-38186db7-7daf-49da-8523-d1382ae1e5e0 1 1770 1772 -edge_70_0_-disjointig_67_10521_41118 10929 12698 30597 -1 -1 1762 0.00474524
Chain
	Aln	149	+827c9873-a04b-4cab-b4f0-5cec6483ff9f 14 5200 5729 -edge_75_0_+disjointig_145_0_5207 13 5206 5207 -1 -1 4955 0.00373344
Chain
	Aln	148	-827c9873-a04b-4cab-b4f0-5cec6483ff9f 528 5714 5729 +edge_75_0_+disjointig_145_0_5207 0 5193 5207 -1 -1 4955 0.00373344
Chain
	Aln	661	+47db8bc3-92ca-4223-b399-2a4c0827ace5 64 5635 5642 -edge_331_0_+disjointig_63_0_33738 719 6289 33738 -1 -1 5021 0.00969121
Chain
	Aln	660	-47db8bc3-92ca-4223-b399-2a4c0827ace5 6 5577 5642 +edge_331_0_+disjointig_63_0_33738 27448 33018 33738 -1 -1 5021 0.00969121
Chain
	Aln	272	+305309d4-73fd-49fb-9043-f89411fa8dee 13 1244 1901 +edge_137_0_+disjointig_2_0_8356 7114 8345 8356 -1 -1 1220 0.00417075
Chain
	Aln	631	+305309d4-73fd-49fb-9043-f89411fa8dee 893 1896 1901 -edge_316_0_+disjointig_44_0_7510 15 1017 7510 -1 -1 976 0.0068243
Chain
	Aln	273	-305309d4-73fd-49fb-9043-f89411fa8dee 656 1887 1901 -edge_137_0_+disjointig_2_0_8356 10 1241 8356 -1 -1 1220 0.00417075
Chain
	Aln	630	-305309d4-73fd-49fb-9043-f89411fa8dee 4 1007 1901 +edge_316_0_+disjointig_44_0_7510 6492 7494 7510 -1 -1 976 0.0068243
Chain
	Aln	699	+c50a2153-218c-4410-907d-90c822444203 15 1880 1885 -edge_350_0_+disjointig_86_0_7057 4883 6752 7057 -1 -1 1838 0.00158381
Chain
	Aln	698	-c50a2153-218c-4410-907d-90c822444203 4 1869 1885 +edge_350_0_+disjointig_86_0_7057 304 2173 7057 -1 -1 1838 0.00158381
Chain
	Aln	641	+9a776ee4-2ca7-47de-8f64-e672c5179463 7 4243 4252 -edge_321_0_+disjointig_52_0_21384 9114 13356 21384 -1 -1 4192 0.00229404
Chain
	Aln	640	-9a776ee4-2ca7-47de-8f64-e672c5179463 8 4244 4252 +edge_321_0_+disjointig_52_0_21384 8027 12269 21384 -1 -1 4192 0.00229404
Chain
	Aln	738	+ee9b2ae5-d78a-4b3a-9888-29f2d5d73fce 12 9498 9507 +edge_370_0_-disjointig_66_3457_23755 9114 18606 20298 -1 -1 9450 0
Chain
	Aln	739	-ee9b2ae5-d78a-4b3a-9888-29f2d5d73fce 8 9494 9507 -edge_370_0_-disjointig_66_3457_23755 1691 11183 20298 -1 -1 9450 0
Chain
	Aln	112	+5a1da834-b7f0-477a-8034-73f1de0a49d6 34 4171 4175 +edge_57_0_+disjointig_129_0_4247 22 4158 4247 -1 -1 4078 0.002677
Chain
	Aln	113	-5a1da834-b7f0-477a-8034-73f1de0a49d6 3 4140 4175 -edge_57_0_+disjointig_129_0_4247 88 4224 4247 -1 -1 4078 0.002677
Chain
	Aln	113	+d1ee4e8d-4543-4c7f-8b77-cf652b522f7c 19 4228 4230 -edge_57_0_+disjointig_129_0_4247 18 4245 4247 -1 -1 4063 0.00603062
Chain
	Aln	112	-d1ee4e8d-4543-4c7f-8b77-cf652b522f7c 1 4210 4230 +edge_57_0_+disjointig_129_0_4247 1 4228 4247 -1 -1 4063 0.00603062
Chain
	Aln	733	+660dbcf3-4e04-4d79-9174-db135a3ae9bf 10 3810 3819 -edge_367_0_-disjointig_78_4405_23060 8533 12333 18655 -1 -1 3765 0.000622668
Chain
	Aln	732	-660dbcf3-4e04-4d79-9174-db135a3ae9bf 8 3808 3819 +edge_367_0_-disjointig_78_4405_23060 6321 10121 18655 -1 -1 3765 0.000622668
Chain
	Aln	466	+dc5a84c6-1c4a-4844-859a-3ad213735f84 12 2363 2371 +edge_234_0_+disjointig_28_0_27669 3156 5520 27669 -1 -1 2186 0.00867448
Chain
	Aln	467	-dc5a84c6-1c4a-4844-859a-3ad213735f84 7 2358 2371 -edge_234_0_+disjointig_28_0_27669 22148 24512 27669 -1 -1 2186 0.00867448
Chain
	Aln	641	+8dc9da79-b616-4b7c-aa93-4ac1fc1e6afb 10 1099 1107 -edge_321_0_+disjointig_52_0_21384 367 1455 21384 -1 -1 1067 0.00105975
Chain
	Aln	640	-8dc9da79-b616-4b7c-aa93-4ac1fc1e6afb 7 1096 1107 +edge_321_0_+disjointig_52_0_21384 19928 21016 21384 -1 -1 1067 0.00105975
Chain
	Aln	640	+b9fe32ce-2df1-4802-8f39-f3ccfc154e33 13 1100 1107 +edge_321_0_+disjointig_52_0_21384 19913 20998 21384 -1 -1 1054 0.00217715
Chain
	Aln	641	-b9fe32ce-2df1-4802-8f39-f3ccfc154e33 6 1093 1107 -edge_321_0_+disjointig_52_0_21384 385 1470 21384 -1 -1 1054 0.00217715
Chain
	Aln	599	+62cd7fc7-1ef2-4705-882c-5bd3c07e1878 6 3143 3148 -edge_300_0_+disjointig_327_0_17944 1665 4800 17944 -1 -1 3124 0
Chain
	Aln	598	-62cd7fc7-1ef2-4705-882c-5bd3c07e1878 4 3141 3148 +edge_300_0_+disjointig_327_0_17944 13143 16278 17944 -1 -1 3124 0
Chain
	Aln	760	+24dc5ca9-c045-492f-a11d-c5a5d958c2ba 12 1388 1390 +edge_381_0_-disjointig_45_0_30722 18530 19905 30722 -1 -1 1369 0.0055791
Chain
	Aln	761	-24dc5ca9-c045-492f-a11d-c5a5d958c2ba 1 1377 1390 -edge_381_0_-disjointig_45_0_30722 10816 12191 30722 -1 -1 1369 0.0055791
Chain
	Aln	153	+a6601beb-2b18-4a28-b542-55639b16a834 7 1169 1179 -edge_77_0_+disjointig_147_0_20037 11299 12461 20037 -1 -1 1148 0.00548596
Chain
	Aln	152	-a6601beb-2b18-4a28-b542-55639b16a834 9 1171 1179 +edge_77_0_+disjointig_147_0_20037 7575 8737 20037 -1 -1 1148 0.00548596
Chain
	Aln	650	+5652a07a-e807-46c2-ab74-eb92a0b57a8a 42 5702 5708 +edge_326_0_+disjointig_58_0_35073 22492 28347 35073 -1 -1 3822 0.0357845
Chain
	Aln	651	-5652a07a-e807-46c2-ab74-eb92a0b57a8a 5 5665 5708 -edge_326_0_+disjointig_58_0_35073 6725 12580 35073 -1 -1 3822 0.0357845
Chain
	Aln	589	+a1fed99f-b291-41ae-ab1c-a472a837b456 22 1366 1371 -edge_295_0_+disjointig_322_0_7836 3942 5286 7836 -1 -1 1330 0.00419496
Chain
	Aln	588	-a1fed99f-b291-41ae-ab1c-a472a837b456 4 1348 1371 +edge_295_0_+disjointig_322_0_7836 2549 3893 7836 -1 -1 1330 0.00419496
Chain
	Aln	139	+e8e4a77f-55be-47a9-a70f-23495ebf0360 79 2061 9171 -edge_70_0_-disjointig_67_10521_41118 28614 30596 30597 -1 -1 1972 0.0014079
	Aln	729	+e8e4a77f-55be-47a9-a70f-23495ebf0360 2072 9162 9171 -edge_365_0_-disjointig_14_17885_30078 10 7092 12193 -1 -1 6630 0.00657541
Chain
	Aln	728	-e8e4a77f-55be-47a9-a70f-23495ebf0360 8 7098 9171 +edge_365_0_-disjointig_14_17885_30078 5100 12182 12193 -1 -1 6630 0.00657541
	Aln	138	-e8e4a77f-55be-47a9-a70f-23495ebf0360 7109 9091 9171 +edge_70_0_-disjointig_67_10521_41118 0 1982 30597 -1 -1 1972 0.0014079
Chain
	Aln	123	+1abd72b8-ddd5-410d-b86d-a6a6f64d387f 10 2905 2907 -edge_62_0_+disjointig_133_0_7544 4645 7542 7544 -1 -1 2876 0
Chain
	Aln	122	-1abd72b8-ddd5-410d-b86d-a6a6f64d387f 1 2896 2907 +edge_62_0_+disjointig_133_0_7544 1 2898 7544 -1 -1 2876 0
Chain
	Aln	534	+980cc5af-2a20-4841-9f3e-0a078475b095 6 2885 2893 +edge_268_0_+disjointig_30_13453_22851 2477 5353 9398 -1 -1 2655 0.00927871
Chain
	Aln	535	-980cc5af-2a20-4841-9f3e-0a078475b095 7 2886 2893 -edge_268_0_+disjointig_30_13453_22851 4044 6920 9398 -1 -1 2655 0.00927871
Chain
	Aln	742	+c3860f11-69af-4438-8b12-e118e9287eba 9 3892 3895 +edge_372_0_+disjointig_48_0_14826 10238 14126 14826 -1 -1 3749 0.0027508
Chain
	Aln	743	-c3860f11-69af-4438-8b12-e118e9287eba 2 3885 3895 -edge_372_0_+disjointig_48_0_14826 699 4587 14826 -1 -1 3749 0.0027508
Chain
	Aln	477	+107023d8-5372-450a-ae79-83612c26c2c9 10 2980 2986 -edge_239_0_+disjointig_41_9827_31060 11053 14022 21233 -1 -1 2956 0.00185343
Chain
	Aln	476	-107023d8-5372-450a-ae79-83612c26c2c9 5 2975 2986 +edge_239_0_+disjointig_41_9827_31060 7210 10179 21233 -1 -1 2956 0.00185343
Chain
	Aln	638	+46ae61a2-28e9-4fbb-91d0-e43167c572d5 9 1151 1162 +edge_320_0_+disjointig_51_0_24344 1193 2335 24344 -1 -1 1091 0.00991818
Chain
	Aln	639	-46ae61a2-28e9-4fbb-91d0-e43167c572d5 10 1152 1162 -edge_320_0_+disjointig_51_0_24344 22008 23150 24344 -1 -1 1091 0.00991818
Chain
	Aln	21	+adcad0ac-cf54-442e-8ff2-5dc34a26e058 16 2707 4908 -edge_11_0_-disjointig_7_3506_6213 15 2706 2707 -1 -1 2663 0.00160071
	Aln	16	+adcad0ac-cf54-442e-8ff2-5dc34a26e058 2707 4150 4908 +edge_9_1_-disjointig_20_5873_7328 6 1449 1455 -1 -1 1422 0.00222995
Chain
	Aln	17	-adcad0ac-cf54-442e-8ff2-5dc34a26e058 757 2200 4908 -edge_9_1_-disjointig_20_5873_7328 5 1448 1455 -1 -1 1422 0.00222995
	Aln	20	-adcad0ac-cf54-442e-8ff2-5dc34a26e058 2200 4891 4908 +edge_11_0_-disjointig_7_3506_6213 0 2691 2707 -1 -1 2663 0.00160071
Chain
	Aln	752	+ca12f4d8-7159-4551-97cd-9b484a546d76 26 1325 1836 +edge_377_1_+disjointig_28_33393_38243 3544 4842 4850 -1 -1 1234 0.00733357
Chain
	Aln	753	-ca12f4d8-7159-4551-97cd-9b484a546d76 510 1809 1836 -edge_377_1_+disjointig_28_33393_38243 7 1305 4850 -1 -1 1234 0.00733357
Chain
	Aln	334	+a0bcfcd8-bf58-4bc7-b47e-35c92f5df894 8 1150 1152 +edge_168_0_+disjointig_221_0_14628 12809 13975 14628 -1 -1 966 0.0226106
Chain
	Aln	335	-a0bcfcd8-bf58-4bc7-b47e-35c92f5df894 1 1143 1152 -edge_168_0_+disjointig_221_0_14628 652 1818 14628 -1 -1 966 0.0226106
Chain
	Aln	601	+3cf9186f-2eab-4b42-b1a3-239fe6fafcb0 1080 2858 4333 -edge_301_0_+disjointig_328_0_10322 6 1781 10322 -1 -1 1767 0.00175882
Chain
	Aln	600	+3cf9186f-2eab-4b42-b1a3-239fe6fafcb0 2885 4330 4333 +edge_301_0_+disjointig_328_0_10322 8534 9994 10322 -1 -1 1205 0.0183054
Chain
	Aln	600	-3cf9186f-2eab-4b42-b1a3-239fe6fafcb0 1474 3252 4333 +edge_301_0_+disjointig_328_0_10322 8540 10315 10322 -1 -1 1767 0.00175882
Chain
	Aln	601	-3cf9186f-2eab-4b42-b1a3-239fe6fafcb0 2 1447 4333 -edge_301_0_+disjointig_328_0_10322 327 1787 10322 -1 -1 1205 0.0183054
Chain
	Aln	405	+dbbd14ab-c858-41a5-ad1e-4b86821a881e 7 3515 3518 -edge_203_0_+disjointig_253_0_5330 1805 5327 5330 -1 -1 3227 0.00934455
Chain
	Aln	404	-dbbd14ab-c858-41a5-ad1e-4b86821a881e 2 3510 3518 +edge_203_0_+disjointig_253_0_5330 2 3524 5330 -1 -1 3227 0.00934455
Chain
	Aln	192	+708dfd95-15d7-49c6-996c-6283e4fef1fe 23 7745 7763 +edge_97_0_+disjointig_165_0_15540 1772 9487 15540 -1 -1 7211 0.00778588
Chain
	Aln	193	-708dfd95-15d7-49c6-996c-6283e4fef1fe 17 7739 7763 -edge_97_0_+disjointig_165_0_15540 6052 13767 15540 -1 -1 7211 0.00778588
Chain
	Aln	752	+c7918d0d-c59c-45a1-bd4e-6551d32e003b 7 1019 1981 +edge_377_1_+disjointig_28_33393_38243 3825 4842 4850 -1 -1 961 0.00763969
Chain
	Aln	753	-c7918d0d-c59c-45a1-bd4e-6551d32e003b 961 1973 1981 -edge_377_1_+disjointig_28_33393_38243 7 1024 4850 -1 -1 961 0.00763969
Chain
	Aln	739	+c94812c5-b1d0-441d-a3fb-141f81f6939c 6 1661 1667 -edge_370_0_-disjointig_66_3457_23755 964 2615 20298 -1 -1 1611 0.00182892
Chain
	Aln	738	-c94812c5-b1d0-441d-a3fb-141f81f6939c 5 1660 1667 +edge_370_0_-disjointig_66_3457_23755 17682 19333 20298 -1 -1 1611 0.00182892
Chain
	Aln	724	+580515ce-e615-4921-9707-4a9e8647abbe 6 3535 3540 +edge_363_0_-disjointig_118_8955_29374 8882 12411 20419 -1 -1 3340 0.00702983
Chain
	Aln	725	-580515ce-e615-4921-9707-4a9e8647abbe 4 3533 3540 -edge_363_0_-disjointig_118_8955_29374 8007 11536 20419 -1 -1 3340 0.00702983
Chain
	Aln	761	+5c94147b-a485-4493-94a4-19413cc9ad67 97 2505 2533 -edge_381_0_-disjointig_45_0_30722 10790 13197 30722 -1 -1 2275 0.00881302
Chain
	Aln	760	-5c94147b-a485-4493-94a4-19413cc9ad67 27 2435 2533 +edge_381_0_-disjointig_45_0_30722 17524 19931 30722 -1 -1 2275 0.00881302
Chain
	Aln	113	+592c8ea8-df94-449b-8fcc-87744ed2e311 92 1125 1210 -edge_57_0_+disjointig_129_0_4247 76 1108 4247 -1 -1 1007 0.00537751
Chain
	Aln	112	-592c8ea8-df94-449b-8fcc-87744ed2e311 84 1117 1210 +edge_57_0_+disjointig_129_0_4247 3138 4170 4247 -1 -1 1007 0.00537751
Chain
	Aln	650	+aef55d39-6d1a-4673-8302-ee2a1564e952 8 1157 1291 +edge_326_0_+disjointig_58_0_35073 28894 30042 35073 -1 -1 1130 0.0033119
Chain
	Aln	651	-aef55d39-6d1a-4673-8302-ee2a1564e952 133 1282 1291 -edge_326_0_+disjointig_58_0_35073 5030 6178 35073 -1 -1 1130 0.0033119
Chain
	Aln	119	+86ce352f-87d4-41ae-9206-26c731ed5361 16 3012 3016 -edge_60_0_+disjointig_131_0_25925 16669 19685 25925 -1 -1 2871 0.00684007
Chain
	Aln	118	-86ce352f-87d4-41ae-9206-26c731ed5361 3 2999 3016 +edge_60_0_+disjointig_131_0_25925 6239 9255 25925 -1 -1 2871 0.00684007
Chain
	Aln	489	+e1993b06-3ade-4d0f-aad6-98d640b19e3a 7 1050 1058 -edge_245_0_+disjointig_281_0_9258 2001 3044 9258 -1 -1 1022 0.00163408
Chain
	Aln	488	-e1993b06-3ade-4d0f-aad6-98d640b19e3a 7 1050 1058 +edge_245_0_+disjointig_281_0_9258 6213 7256 9258 -1 -1 1022 0.00163408
Chain
	Aln	677	+60c4914a-f457-4a7d-9e80-bf8ec287a019 14 6547 6549 -edge_339_0_+disjointig_74_0_6552 13 6550 6552 -1 -1 6433 0.00210624
Chain
	Aln	676	-60c4914a-f457-4a7d-9e80-bf8ec287a019 1 6534 6549 +edge_339_0_+disjointig_74_0_6552 1 6538 6552 -1 -1 6433 0.00210624
Chain
	Aln	376	+0782b2ba-1c11-46df-b5b5-3134ef006dfc 1748 9945 10311 +edge_189_0_+disjointig_240_0_21824 1 8207 21824 -1 -1 8033 0.00182353
Chain
	Aln	377	-0782b2ba-1c11-46df-b5b5-3134ef006dfc 365 8562 10311 -edge_189_0_+disjointig_240_0_21824 13616 21822 21824 -1 -1 8033 0.00182353
Chain
	Aln	764	+9d0eb53e-aac0-4793-8190-2f50c5cfeae0 12 1723 8739 +edge_383_0_+disjointig_37_1412_10185 7056 8769 8773 -1 -1 1703 0
	Aln	764	+9d0eb53e-aac0-4793-8190-2f50c5cfeae0 1728 8713 8739 +edge_383_1_+disjointig_37_10185_18955 1 6999 8770 -1 -1 6897 0.00242782
Chain
	Aln	765	-9d0eb53e-aac0-4793-8190-2f50c5cfeae0 25 7010 8739 -edge_383_1_+disjointig_37_10185_18955 1770 8768 8770 -1 -1 6897 0.00242782
	Aln	765	-9d0eb53e-aac0-4793-8190-2f50c5cfeae0 7015 8726 8739 -edge_383_0_+disjointig_37_1412_10185 3 1716 8773 -1 -1 1703 0
Chain
	Aln	484	+0a6b1900-307e-453a-b3ca-2519952850f8 30 2308 2311 +edge_243_0_+disjointig_49_7193_20010 8505 10785 12817 -1 -1 2252 0
Chain
	Aln	485	-0a6b1900-307e-453a-b3ca-2519952850f8 2 2280 2311 -edge_243_0_+disjointig_49_7193_20010 2031 4311 12817 -1 -1 2252 0
Chain
	Aln	334	+88abe5dc-abc8-40c6-b59a-2a6290ee96f5 75 9709 9712 +edge_168_0_+disjointig_221_0_14628 4987 14626 14628 -1 -1 9542 0.000281822
Chain
	Aln	335	-88abe5dc-abc8-40c6-b59a-2a6290ee96f5 2 9636 9712 -edge_168_0_+disjointig_221_0_14628 1 9640 14628 -1 -1 9542 0.000281822
Chain
	Aln	33	+9b9fffec-a0a0-43ec-93af-0faca8fd11d7 11 2312 2319 -edge_17_0_+disjointig_72_5086_10406 1724 4025 5320 -1 -1 2301 0
Chain
	Aln	32	-9b9fffec-a0a0-43ec-93af-0faca8fd11d7 6 2307 2319 +edge_17_0_+disjointig_72_5086_10406 1294 3595 5320 -1 -1 2301 0
Chain
	Aln	42	+0762a7ad-870b-4bc0-929b-dae9a7f639ad 25 1339 1345 +edge_22_0_+disjointig_107_0_25761 2035 3355 25761 -1 -1 1295 0.00471077
Chain
	Aln	43	-0762a7ad-870b-4bc0-929b-dae9a7f639ad 5 1319 1345 -edge_22_0_+disjointig_107_0_25761 22405 23725 25761 -1 -1 1295 0.00471077
Chain
	Aln	246	+0865860a-37c9-44ce-8d0b-2d139672592a 5 1629 1649 +edge_124_0_+disjointig_19_0_15579 12566 14203 15579 -1 -1 1464 0.0130123
Chain
	Aln	247	-0865860a-37c9-44ce-8d0b-2d139672592a 19 1643 1649 -edge_124_0_+disjointig_19_0_15579 1375 3012 15579 -1 -1 1464 0.0130123
Chain
	Aln	714	+5bd4fd6f-b538-43f9-9e46-dcd3e30600c0 6 1900 1902 +edge_358_0_+disjointig_95_0_21066 113 2007 21066 -1 -1 1856 0.00272303
Chain
	Aln	715	-5bd4fd6f-b538-43f9-9e46-dcd3e30600c0 1 1895 1902 -edge_358_0_+disjointig_95_0_21066 19058 20952 21066 -1 -1 1856 0.00272303
Chain
	Aln	635	+1e369209-1a9d-414b-bb4f-d67e5b0fb469 9 2217 2224 -edge_318_0_+disjointig_5_0_2223 8 2216 2223 -1 -1 2194 0.00340041
Chain
	Aln	634	-1e369209-1a9d-414b-bb4f-d67e5b0fb469 6 2214 2224 +edge_318_0_+disjointig_5_0_2223 6 2214 2223 -1 -1 2194 0.00340041
Chain
	Aln	493	+23696a41-e16d-473e-af38-c6d08d008f32 281 1885 1895 -edge_247_0_+disjointig_283_0_2370 12 1616 2370 -1 -1 1604 0.00331432
Chain
	Aln	492	-23696a41-e16d-473e-af38-c6d08d008f32 9 1613 1895 +edge_247_0_+disjointig_283_0_2370 753 2357 2370 -1 -1 1604 0.00331432
Chain
	Aln	723	+bd5e3ce9-5572-4441-8f09-a0e0f79c8290 10 4984 4987 -edge_362_0_-disjointig_20_7328_27800 6785 11764 20472 -1 -1 4935 0.00192722
Chain
	Aln	722	-bd5e3ce9-5572-4441-8f09-a0e0f79c8290 2 4976 4987 +edge_362_0_-disjointig_20_7328_27800 8707 13686 20472 -1 -1 4935 0.00192722
Chain
	Aln	753	+59c39d5b-b8af-4fea-a774-6a5eee6f4634 11 1726 1733 -edge_377_0_+disjointig_28_27669_32566 1831 3548 4897 -1 -1 1687 0.00259406
Chain
	Aln	752	-59c39d5b-b8af-4fea-a774-6a5eee6f4634 6 1721 1733 +edge_377_0_+disjointig_28_27669_32566 1348 3065 4897 -1 -1 1687 0.00259406
Chain
	Aln	81	+c1e6fbfe-388d-4513-bb5e-3a1dcc100934 33 3471 3474 -edge_41_0_+disjointig_114_0_9707 6267 9704 9707 -1 -1 3355 0.00325773
Chain
	Aln	80	-c1e6fbfe-388d-4513-bb5e-3a1dcc100934 2 3440 3474 +edge_41_0_+disjointig_114_0_9707 2 3439 9707 -1 -1 3355 0.00325773
Chain
	Aln	300	+582855ed-b10b-4ba1-8fa1-8e806e4c2e01 38 1572 1583 +edge_151_0_+disjointig_21_0_26556 13158 14693 26556 -1 -1 1514 0.00335237
Chain
	Aln	301	-582855ed-b10b-4ba1-8fa1-8e806e4c2e01 10 1544 1583 -edge_151_0_+disjointig_21_0_26556 11862 13397 26556 -1 -1 1514 0.00335237
Chain
	Aln	46	+df49ae71-0942-4788-b22e-2a7d03a12359 7 2215 2226 +edge_24_0_+disjointig_109_0_11803 7829 10036 11803 -1 -1 2202 0.000219985
Chain
	Aln	47	-df49ae71-0942-4788-b22e-2a7d03a12359 10 2218 2226 -edge_24_0_+disjointig_109_0_11803 1766 3973 11803 -1 -1 2202 0.000219985
Chain
	Aln	39	+502dc313-4ca1-4ee1-ae4a-85c724c49293 291 2707 2711 -edge_20_0_+disjointig_105_0_37299 12 2426 37299 -1 -1 2369 0.00263861
Chain
	Aln	38	-502dc313-4ca1-4ee1-ae4a-85c724c49293 3 2419 2711 +edge_20_0_+disjointig_105_0_37299 34872 37286 37299 -1 -1 2369 0.00263861
Chain
	Aln	227	+c979a910-aacd-471f-82cb-106afd8f8592 9 1071 1075 -edge_114_0_+disjointig_180_0_7115 5327 6388 7115 -1 -1 1060 0.000808464
Chain
	Aln	226	-c979a910-aacd-471f-82cb-106afd8f8592 3 1065 1075 +edge_114_0_+disjointig_180_0_7115 726 1787 7115 -1 -1 1060 0.000808464
Chain
	Aln	40	+2badea1c-a4af-47c3-9310-5f8da216b704 9 1219 1221 +edge_21_0_+disjointig_106_0_7444 2784 3994 7444 -1 -1 1210 0.000666884
Chain
	Aln	41	-2badea1c-a4af-47c3-9310-5f8da216b704 1 1211 1221 -edge_21_0_+disjointig_106_0_7444 3449 4659 7444 -1 -1 1210 0.000666884
Chain
	Aln	9	+8550663c-25a3-4767-9377-064a208fd7c8 8 2509 2520 -edge_5_0_+disjointig_100_0_2523 7 2512 2523 -1 -1 2490 0.000961419
Chain
	Aln	8	-8550663c-25a3-4767-9377-064a208fd7c8 10 2511 2520 +edge_5_0_+disjointig_100_0_2523 10 2515 2523 -1 -1 2490 0.000961419
Chain
	Aln	593	+2246b586-0040-438f-bfa7-9a8973dd7a73 3 1008 1015 -edge_297_0_+disjointig_324_0_12963 1846 2850 12963 -1 -1 968 0.00376106
Chain
	Aln	592	-2246b586-0040-438f-bfa7-9a8973dd7a73 6 1011 1015 +edge_297_0_+disjointig_324_0_12963 10112 11116 12963 -1 -1 968 0.00376106
Chain
	Aln	484	+85256030-5ebc-4936-895a-ea14536fe146 15 3808 3816 +edge_243_0_+disjointig_49_7193_20010 1028 4818 12817 -1 -1 3773 0.00138311
Chain
	Aln	485	-85256030-5ebc-4936-895a-ea14536fe146 7 3800 3816 -edge_243_0_+disjointig_49_7193_20010 7998 11788 12817 -1 -1 3773 0.00138311
Chain
	Aln	592	+77033123-7223-40fa-8be6-2e21ed2b80c7 7 3271 3281 +edge_297_0_+disjointig_324_0_12963 7828 11091 12963 -1 -1 3261 0
Chain
	Aln	593	-77033123-7223-40fa-8be6-2e21ed2b80c7 9 3273 3281 -edge_297_0_+disjointig_324_0_12963 1871 5134 12963 -1 -1 3261 0
Chain
	Aln	106	+1afc4208-882a-4557-8378-d9502c14086f 10 2752 2755 +edge_54_0_+disjointig_125_0_13260 6210 8953 13260 -1 -1 2714 0
Chain
	Aln	107	-1afc4208-882a-4557-8378-d9502c14086f 2 2744 2755 -edge_54_0_+disjointig_125_0_13260 4306 7049 13260 -1 -1 2714 0
Chain
	Aln	183	+fb4312bb-fa76-4ba0-89d9-f3fac5501d68 7 1729 1732 -edge_92_0_+disjointig_162_0_7370 4907 6627 7370 -1 -1 1688 0.00296284
Chain
	Aln	182	-fb4312bb-fa76-4ba0-89d9-f3fac5501d68 2 1724 1732 +edge_92_0_+disjointig_162_0_7370 742 2462 7370 -1 -1 1688 0.00296284
Chain
	Aln	467	+afb4de7a-2c9e-4c59-9d12-58d366dbda1f 2 8057 8063 -edge_234_0_+disjointig_28_0_27669 4086 12148 27669 -1 -1 8011 0
Chain
	Aln	466	-afb4de7a-2c9e-4c59-9d12-58d366dbda1f 5 8060 8063 +edge_234_0_+disjointig_28_0_27669 15520 23582 27669 -1 -1 8011 0
Chain
	Aln	127	+f21b4b40-068e-441d-898c-d3dae0bd229a 78 1417 1421 -edge_64_0_+disjointig_136_0_3726 433 1771 3726 -1 -1 1318 0.00345971
Chain
	Aln	126	-f21b4b40-068e-441d-898c-d3dae0bd229a 3 1342 1421 +edge_64_0_+disjointig_136_0_3726 1954 3292 3726 -1 -1 1318 0.00345971
Chain
	Aln	541	+9002dda7-eb57-4b2c-ac4f-3792ed4a132d 16 3087 3098 -edge_271_0_+disjointig_302_0_3066 15 3056 3066 -1 -1 2738 0.0108759
Chain
	Aln	540	-9002dda7-eb57-4b2c-ac4f-3792ed4a132d 10 3081 3098 +edge_271_0_+disjointig_302_0_3066 9 3050 3066 -1 -1 2738 0.0108759
Chain
	Aln	209	+c20b014f-aff6-4ef8-be50-0260ba4821df 14 3819 3823 -edge_105_0_+disjointig_171_0_8870 13 3807 8870 -1 -1 3707 0.00253977
Chain
	Aln	208	-c20b014f-aff6-4ef8-be50-0260ba4821df 3 3808 3823 +edge_105_0_+disjointig_171_0_8870 5062 8856 8870 -1 -1 3707 0.00253977
Chain
	Aln	131	+3fa4ee08-fe9d-47a9-ab86-3544f007a455 9 8265 8274 -edge_66_0_+disjointig_138_0_38214 18210 26465 38214 -1 -1 8131 0
Chain
	Aln	130	-3fa4ee08-fe9d-47a9-ab86-3544f007a455 8 8264 8274 +edge_66_0_+disjointig_138_0_38214 11748 20003 38214 -1 -1 8131 0
Chain
	Aln	738	+290195e5-983e-40d1-a145-f39423763ec3 96 1606 2439 +edge_370_0_-disjointig_66_3457_23755 72 1574 20298 -1 -1 1478 0.00420354
Chain
	Aln	739	-290195e5-983e-40d1-a145-f39423763ec3 832 2342 2439 -edge_370_0_-disjointig_66_3457_23755 18723 20225 20298 -1 -1 1478 0.00420354
Chain
	Aln	342	+c22dc69b-7c12-40b4-b69d-4e8cd7276dc2 4 3269 4226 +edge_172_0_+disjointig_225_0_5442 789 4056 5442 -1 -1 3189 0.00353689
Chain
	Aln	343	-c22dc69b-7c12-40b4-b69d-4e8cd7276dc2 956 4221 4226 -edge_172_0_+disjointig_225_0_5442 1385 4652 5442 -1 -1 3189 0.00353689
Chain
	Aln	285	+465ea7fe-58c1-4e00-9fce-1f88b914deae 12 2845 2847 -edge_143_0_+disjointig_205_0_5128 2293 5126 5128 -1 -1 2807 0.00160836
Chain
	Aln	284	-465ea7fe-58c1-4e00-9fce-1f88b914deae 1 2834 2847 +edge_143_0_+disjointig_205_0_5128 1 2834 5128 -1 -1 2807 0.00160836
Chain
	Aln	462	+30d9c6df-9236-4f81-985e-1b491fd98bb6 17 1058 1064 +edge_232_0_+disjointig_278_0_2367 1186 2227 2367 -1 -1 1012 0.00514731
Chain
	Aln	463	-30d9c6df-9236-4f81-985e-1b491fd98bb6 5 1046 1064 -edge_232_0_+disjointig_278_0_2367 139 1180 2367 -1 -1 1012 0.00514731
Chain
	Aln	721	+e2811fed-15bf-441b-93ad-8c9740a4b6f1 6 1176 1178 -edge_361_0_-disjointig_306_0_7714 3080 4250 7714 -1 -1 1162 0.00174951
Chain
	Aln	720	-e2811fed-15bf-441b-93ad-8c9740a4b6f1 1 1171 1178 +edge_361_0_-disjointig_306_0_7714 3463 4633 7714 -1 -1 1162 0.00174951
Chain
	Aln	649	+23a8be17-1985-4d5a-b627-6eba51a41a38 21 5381 5384 -edge_325_0_+disjointig_56_0_14906 20 5387 14906 -1 -1 5255 0.00268815
Chain
	Aln	648	-23a8be17-1985-4d5a-b627-6eba51a41a38 2 5362 5384 +edge_325_0_+disjointig_56_0_14906 9518 14885 14906 -1 -1 5255 0.00268815
Chain
	Aln	476	+ec6ae19c-f5bf-46f1-bf2f-10e5db5192f6 10 5055 5059 +edge_239_0_+disjointig_41_9827_31060 8504 13557 21233 -1 -1 4994 0.00179405
Chain
	Aln	477	-ec6ae19c-f5bf-46f1-bf2f-10e5db5192f6 3 5048 5059 -edge_239_0_+disjointig_41_9827_31060 7675 12728 21233 -1 -1 4994 0.00179405
Chain
	Aln	739	+12f120cc-10c5-479d-82db-a1254e8e2631 8 4012 4014 -edge_370_0_-disjointig_66_3457_23755 9150 13158 20298 -1 -1 3810 0.0029012
Chain
	Aln	738	-12f120cc-10c5-479d-82db-a1254e8e2631 1 4005 4014 +edge_370_0_-disjointig_66_3457_23755 7139 11147 20298 -1 -1 3810 0.0029012
Chain
	Aln	512	+14227f8a-9f0f-47e4-bbec-895989a3dddf 3049 12820 12827 +edge_257_0_+disjointig_293_0_9778 1 9772 9778 -1 -1 9624 0.00176196
Chain
	Aln	513	-14227f8a-9f0f-47e4-bbec-895989a3dddf 6 9777 12827 -edge_257_0_+disjointig_293_0_9778 5 9776 9778 -1 -1 9624 0.00176196
Chain
	Aln	43	+a23ea88a-5257-466c-9cd4-81acd7c0b0d9 14 4716 4719 -edge_22_0_+disjointig_107_0_25761 12723 17437 25761 -1 -1 4642 0.00125451
Chain
	Aln	42	-a23ea88a-5257-466c-9cd4-81acd7c0b0d9 2 4704 4719 +edge_22_0_+disjointig_107_0_25761 8323 13037 25761 -1 -1 4642 0.00125451
Chain
	Aln	675	+fa6451cd-ed71-45a9-8ee9-69959a056a22 13 2123 2151 -edge_338_0_+disjointig_73_0_7795 943 3053 7795 -1 -1 2099 0
Chain
	Aln	674	-fa6451cd-ed71-45a9-8ee9-69959a056a22 27 2137 2151 +edge_338_0_+disjointig_73_0_7795 4741 6851 7795 -1 -1 2099 0
Chain
	Aln	223	+2948f79f-8aae-4fcc-84cc-6947363b4b8c 4 6061 6076 -edge_112_0_+disjointig_179_0_13636 4161 10220 13636 -1 -1 5997 0.00218109
Chain
	Aln	222	-2948f79f-8aae-4fcc-84cc-6947363b4b8c 14 6071 6076 +edge_112_0_+disjointig_179_0_13636 3415 9474 13636 -1 -1 5997 0.00218109
Chain
	Aln	403	+24c6ace8-7245-4446-a32e-0701d600fcc5 13 2317 2654 -edge_202_0_+disjointig_252_0_6873 12 2331 6873 -1 -1 2166 0.00899247
Chain
	Aln	402	-24c6ace8-7245-4446-a32e-0701d600fcc5 336 2640 2654 +edge_202_0_+disjointig_252_0_6873 4541 6860 6873 -1 -1 2166 0.00899247
Chain
	Aln	334	+0442e266-c83d-4d5a-a46f-fa762a74b073 11 1593 1625 +edge_168_0_+disjointig_221_0_14628 3155 4728 14628 -1 -1 1070 0.0332679
Chain
	Aln	335	-0442e266-c83d-4d5a-a46f-fa762a74b073 31 1613 1625 -edge_168_0_+disjointig_221_0_14628 9899 11472 14628 -1 -1 1070 0.0332679
Chain
	Aln	622	+82471fe2-928c-4e7c-b840-1dd5678530c0 7 4176 4182 +edge_312_0_+disjointig_40_0_16996 7968 12140 16996 -1 -1 4158 0.000134811
Chain
	Aln	623	-82471fe2-928c-4e7c-b840-1dd5678530c0 5 4174 4182 -edge_312_0_+disjointig_40_0_16996 4855 9027 16996 -1 -1 4158 0.000134811
Chain
	Aln	168	+bba35b19-4650-4457-8ec4-adbc4c1587c1 7 6900 6902 +edge_85_0_+disjointig_156_0_15099 4019 10937 15099 -1 -1 6441 0.00849907
Chain
	Aln	169	-bba35b19-4650-4457-8ec4-adbc4c1587c1 1 6894 6902 -edge_85_0_+disjointig_156_0_15099 4161 11079 15099 -1 -1 6441 0.00849907
Chain
	Aln	738	+973c38bc-c74e-4489-a1a9-c6963c3f5b52 9 1300 1310 +edge_370_0_-disjointig_66_3457_23755 16436 17726 20298 -1 -1 1264 0.00156974
Chain
	Aln	739	-973c38bc-c74e-4489-a1a9-c6963c3f5b52 9 1300 1310 -edge_370_0_-disjointig_66_3457_23755 2571 3861 20298 -1 -1 1264 0.00156974
Chain
	Aln	739	+a413b28f-dc3a-4e0e-ac8d-a94c67826219 25 3379 3391 -edge_370_0_-disjointig_66_3457_23755 3894 7272 20298 -1 -1 3082 0.00775881
Chain
	Aln	738	-a413b28f-dc3a-4e0e-ac8d-a94c67826219 11 3365 3391 +edge_370_0_-disjointig_66_3457_23755 13025 16403 20298 -1 -1 3082 0.00775881
Chain
	Aln	47	+e67bc14c-c0fe-4aac-a4f5-6f9a7b302536 4 5564 5926 -edge_24_0_+disjointig_109_0_11803 6229 11795 11803 -1 -1 5467 0.00265662
Chain
	Aln	46	-e67bc14c-c0fe-4aac-a4f5-6f9a7b302536 361 5921 5926 +edge_24_0_+disjointig_109_0_11803 7 5573 11803 -1 -1 5467 0.00265662
Chain
	Aln	593	+e61c3559-c5a4-4b6b-bfdc-3d0183996c71 29 1428 1432 -edge_297_0_+disjointig_324_0_12963 6001 7400 12963 -1 -1 1399 0
Chain
	Aln	592	-e61c3559-c5a4-4b6b-bfdc-3d0183996c71 3 1402 1432 +edge_297_0_+disjointig_324_0_12963 5562 6961 12963 -1 -1 1399 0
Chain
	Aln	650	+7e7f7045-9458-415e-9ebb-5fe0b3ceb4e4 11 7174 7177 +edge_326_0_+disjointig_58_0_35073 19282 26445 35073 -1 -1 7082 0.00129315
Chain
	Aln	651	-7e7f7045-9458-415e-9ebb-5fe0b3ceb4e4 2 7165 7177 -edge_326_0_+disjointig_58_0_35073 8627 15790 35073 -1 -1 7082 0.00129315
Chain
	Aln	651	+619fb32b-8f0a-4579-9d19-134d11e32ba9 19 2387 2396 -edge_326_0_+disjointig_58_0_35073 31849 34224 35073 -1 -1 2305 0.0061533
Chain
	Aln	650	-619fb32b-8f0a-4579-9d19-134d11e32ba9 8 2376 2396 +edge_326_0_+disjointig_58_0_35073 848 3223 35073 -1 -1 2305 0.0061533
Chain
	Aln	466	+473927b5-0f42-43d9-bc65-94acdf92bcf2 3 6428 6435 +edge_234_0_+disjointig_28_0_27669 10633 17055 27669 -1 -1 6374 0.000171334
Chain
	Aln	467	-473927b5-0f42-43d9-bc65-94acdf92bcf2 6 6431 6435 -edge_234_0_+disjointig_28_0_27669 10613 17035 27669 -1 -1 6374 0.000171334
Chain
	Aln	662	+c5b455fd-874c-473f-a300-923a731eb789 1 8100 8107 +edge_332_0_+disjointig_64_0_14859 6725 14853 14859 -1 -1 7523 0.00663465
Chain
	Aln	663	-c5b455fd-874c-473f-a300-923a731eb789 6 8105 8107 -edge_332_0_+disjointig_64_0_14859 5 8133 14859 -1 -1 7523 0.00663465
Chain
	Aln	640	+9a6c5402-4baa-4a60-b079-5c158dd036b9 14 1751 1753 +edge_321_0_+disjointig_52_0_21384 16801 18534 21384 -1 -1 1704 0.00288183
Chain
	Aln	641	-9a6c5402-4baa-4a60-b079-5c158dd036b9 1 1738 1753 -edge_321_0_+disjointig_52_0_21384 2849 4582 21384 -1 -1 1704 0.00288183
Chain
	Aln	740	+0d459be6-6aa2-4deb-8bc7-c496cd175012 41 7417 7420 +edge_371_0_+disjointig_300_12_10635 3246 10621 10623 -1 -1 7339 0.00074713
Chain
	Aln	741	-0d459be6-6aa2-4deb-8bc7-c496cd175012 2 7378 7420 -edge_371_0_+disjointig_300_12_10635 1 7376 10623 -1 -1 7339 0.00074713
Chain
	Aln	307	+9322bdbd-ab59-4773-92cc-1a1007c82102 11 6293 6297 -edge_154_0_+disjointig_212_0_10841 4569 10837 10841 -1 -1 6151 0.00169962
Chain
	Aln	306	-9322bdbd-ab59-4773-92cc-1a1007c82102 3 6285 6297 +edge_154_0_+disjointig_212_0_10841 3 6271 10841 -1 -1 6151 0.00169962
Chain
	Aln	701	+7342df7a-f18f-485b-9f6c-969f5fcf23ac 16 2320 2322 -edge_351_0_+disjointig_87_0_9199 1274 3580 9199 -1 -1 2270 0.000603674
Chain
	Aln	700	-7342df7a-f18f-485b-9f6c-969f5fcf23ac 1 2305 2322 +edge_351_0_+disjointig_87_0_9199 5618 7924 9199 -1 -1 2270 0.000603674
Chain
	Aln	438	+9cacb591-58ca-4c0b-82de-a4ec94cf2b7f 10 3085 3093 +edge_220_0_+disjointig_267_0_20749 5000 8073 20749 -1 -1 3030 7.9627e-05
Chain
	Aln	439	-9cacb591-58ca-4c0b-82de-a4ec94cf2b7f 7 3082 3093 -edge_220_0_+disjointig_267_0_20749 12675 15748 20749 -1 -1 3030 7.9627e-05
Chain
	Aln	240	+508d2193-d580-4ed4-b2c6-88cb2e0cf163 17 1204 1210 +edge_121_0_+disjointig_187_0_18602 12074 13265 18602 -1 -1 1139 0.00424132
Chain
	Aln	241	-508d2193-d580-4ed4-b2c6-88cb2e0cf163 5 1192 1210 -edge_121_0_+disjointig_187_0_18602 5336 6527 18602 -1 -1 1139 0.00424132
Chain
	Aln	335	+bbd8473f-4399-4954-ae5d-4f86e8610928 16 3408 3413 -edge_168_0_+disjointig_221_0_14628 3878 7270 14628 -1 -1 3340 0.00128096
Chain
	Aln	334	-bbd8473f-4399-4954-ae5d-4f86e8610928 4 3396 3413 +edge_168_0_+disjointig_221_0_14628 7357 10749 14628 -1 -1 3340 0.00128096
Chain
	Aln	728	+44c51e6b-9f37-4692-9e31-0e3bb3d2397d 100 1527 1532 +edge_365_0_-disjointig_14_17885_30078 1 1433 12193 -1 -1 1343 0.00489544
Chain
	Aln	729	-44c51e6b-9f37-4692-9e31-0e3bb3d2397d 4 1431 1532 -edge_365_0_-disjointig_14_17885_30078 10759 12191 12193 -1 -1 1343 0.00489544
Chain
	Aln	386	+0ee787a8-ce1c-40d9-bc18-fc2a0388a729 24 1624 1644 +edge_194_0_+disjointig_245_0_6235 3449 5041 6235 -1 -1 1384 0.0165615
Chain
	Aln	387	-0ee787a8-ce1c-40d9-bc18-fc2a0388a729 19 1619 1644 -edge_194_0_+disjointig_245_0_6235 1193 2785 6235 -1 -1 1384 0.0165615
Chain
	Aln	609	+104121fa-4ac5-4f0b-ace8-d53236aeaceb 8 11642 15333 -edge_305_0_+disjointig_35_0_17453 5812 17452 17453 -1 -1 11406 0.00161865
Chain
	Aln	608	-104121fa-4ac5-4f0b-ace8-d53236aeaceb 3690 15324 15333 +edge_305_0_+disjointig_35_0_17453 0 11640 17453 -1 -1 11406 0.00161865
Chain
	Aln	648	+4294397f-23a4-48d7-bc81-8b378a3349bc 28 2950 2957 +edge_325_0_+disjointig_56_0_14906 7776 10698 14906 -1 -1 2899 0.00157503
Chain
	Aln	649	-4294397f-23a4-48d7-bc81-8b378a3349bc 6 2928 2957 -edge_325_0_+disjointig_56_0_14906 4207 7129 14906 -1 -1 2899 0.00157503
Chain
	Aln	16	+95933d0c-e948-4920-9790-559957b8dd9f 3180 4618 9244 +edge_9_2_+disjointig_7_2707_4165 7 1449 1458 -1 -1 1415 0.00195621
Chain
	Aln	17	-95933d0c-e948-4920-9790-559957b8dd9f 4625 6063 9244 -edge_9_2_+disjointig_7_2707_4165 8 1450 1458 -1 -1 1415 0.00195621
Chain
	Aln	59	+5b315f74-1de1-4e51-a747-0a553dc830a0 5 1169 1172 -edge_30_0_+disjointig_12_6913_11622 527 1694 4709 -1 -1 1134 0.00729069
Chain
	Aln	58	-5b315f74-1de1-4e51-a747-0a553dc830a0 2 1166 1172 +edge_30_0_+disjointig_12_6913_11622 3014 4181 4709 -1 -1 1134 0.00729069
Chain
	Aln	178	+e204c6e0-ac34-4adb-a182-01d8d53297ae 11 4377 5171 +edge_90_0_+disjointig_16_0_20838 16463 20832 20838 -1 -1 4323 0.00131088
Chain
	Aln	179	-e204c6e0-ac34-4adb-a182-01d8d53297ae 793 5159 5171 -edge_90_0_+disjointig_16_0_20838 5 4374 20838 -1 -1 4323 0.00131088
Chain
	Aln	435	+8b4f3248-210c-4db5-94a9-6b4634776fd6 18 3892 3895 -edge_218_0_+disjointig_265_0_3893 17 3890 3893 -1 -1 3824 0.00158492
Chain
	Aln	434	-8b4f3248-210c-4db5-94a9-6b4634776fd6 2 3876 3895 +edge_218_0_+disjointig_265_0_3893 2 3875 3893 -1 -1 3824 0.00158492
Chain
	Aln	312	+9f8e78ee-0c61-4b91-b2c1-2835d4be5fa4 9 5619 5627 +edge_157_0_+disjointig_215_0_5860 246 5853 5860 -1 -1 5567 0.000847875
Chain
	Aln	313	-9f8e78ee-0c61-4b91-b2c1-2835d4be5fa4 7 5617 5627 -edge_157_0_+disjointig_215_0_5860 6 5613 5860 -1 -1 5567 0.000847875
Chain
	Aln	145	+30df6f24-c18e-413f-b860-98f51d7a64c0 10 12776 12782 -edge_73_0_+disjointig_143_0_14652 9 12774 14652 -1 -1 12684 0.00202991
Chain
	Aln	144	-30df6f24-c18e-413f-b860-98f51d7a64c0 5 12771 12782 +edge_73_0_+disjointig_143_0_14652 1877 14642 14652 -1 -1 12684 0.00202991
Chain
	Aln	133	+49ba2b8b-8730-4007-9eaa-196d34622e4e 17 2556 2558 -edge_67_0_+disjointig_139_0_8253 16 2560 8253 -1 -1 2411 0.00525566
Chain
	Aln	132	-49ba2b8b-8730-4007-9eaa-196d34622e4e 1 2540 2558 +edge_67_0_+disjointig_139_0_8253 5692 8236 8253 -1 -1 2411 0.00525566
Chain
	Aln	192	+d3b914f4-7bb7-4565-807c-6d3b939554d1 6 3679 3681 +edge_97_0_+disjointig_165_0_15540 685 4354 15540 -1 -1 3644 0.000730462
Chain
	Aln	193	-d3b914f4-7bb7-4565-807c-6d3b939554d1 1 3674 3681 -edge_97_0_+disjointig_165_0_15540 11185 14854 15540 -1 -1 3644 0.000730462
Chain
	Aln	241	+1ea0b478-ae34-4a04-860a-c2a0879b2340 25 1497 1502 -edge_121_0_+disjointig_187_0_18602 10321 11791 18602 -1 -1 1419 0.00410489
Chain
	Aln	240	-1ea0b478-ae34-4a04-860a-c2a0879b2340 4 1476 1502 +edge_121_0_+disjointig_187_0_18602 6810 8280 18602 -1 -1 1419 0.00410489
Chain
	Aln	605	+4e9c5a32-310a-4866-8fbf-d48d301d5c47 12 2786 2789 -edge_303_0_+disjointig_33_0_4659 11 2785 4659 -1 -1 2751 0.00252707
Chain
	Aln	604	-4e9c5a32-310a-4866-8fbf-d48d301d5c47 2 2776 2789 +edge_303_0_+disjointig_33_0_4659 1873 4647 4659 -1 -1 2751 0.00252707
Chain
	Aln	506	+be406099-d4f1-4e89-a31d-e2287d5d0326 665 2417 2421 +edge_254_0_+disjointig_29_0_4954 2 1761 4954 -1 -1 1696 0.00226539
Chain
	Aln	507	-be406099-d4f1-4e89-a31d-e2287d5d0326 3 1755 2421 -edge_254_0_+disjointig_29_0_4954 3192 4951 4954 -1 -1 1696 0.00226539
Chain
	Aln	291	+174ff73f-b3cf-4274-b6c7-c712e3e21857 17 1751 1756 -edge_146_0_+disjointig_208_0_19308 13633 15367 19308 -1 -1 1696 0.000473037
Chain
	Aln	290	-174ff73f-b3cf-4274-b6c7-c712e3e21857 4 1738 1756 +edge_146_0_+disjointig_208_0_19308 3940 5674 19308 -1 -1 1696 0.000473037
Chain
	Aln	630	+329ac9af-9773-482e-8786-8202b5d4e4e3 2 4127 4129 +edge_316_0_+disjointig_44_0_7510 2 4131 7510 -1 -1 4063 0
Chain
	Aln	631	-329ac9af-9773-482e-8786-8202b5d4e4e3 1 4126 4129 -edge_316_0_+disjointig_44_0_7510 3378 7507 7510 -1 -1 4063 0
Chain
	Aln	673	+ddcfeec8-06fc-48c1-a4c4-1d957b3619be 19 1356 1363 -edge_337_0_+disjointig_71_0_8102 2978 4315 8102 -1 -1 1241 0.00680964
Chain
	Aln	672	-ddcfeec8-06fc-48c1-a4c4-1d957b3619be 6 1343 1363 +edge_337_0_+disjointig_71_0_8102 3786 5123 8102 -1 -1 1241 0.00680964
Chain
	Aln	661	+3ea84dc7-3805-418c-83ef-5380e87604a2 7 5374 5529 -edge_331_0_+disjointig_63_0_33738 5002 10385 33738 -1 -1 5045 0.00604718
Chain
	Aln	660	-3ea84dc7-3805-418c-83ef-5380e87604a2 154 5521 5529 +edge_331_0_+disjointig_63_0_33738 23352 28735 33738 -1 -1 5045 0.00604718
Chain
	Aln	209	+b646cc02-5314-468d-a275-85e7ed1536c2 2 1467 1498 -edge_105_0_+disjointig_171_0_8870 6802 8266 8870 -1 -1 1461 0.000830869
Chain
	Aln	208	-b646cc02-5314-468d-a275-85e7ed1536c2 30 1495 1498 +edge_105_0_+disjointig_171_0_8870 603 2067 8870 -1 -1 1461 0.000830869
Chain
	Aln	300	+daf88d98-7120-4878-8f9f-cd4d90edcc72 3 2780 2788 +edge_151_0_+disjointig_21_0_26556 17257 20030 26556 -1 -1 2732 0.0021045
Chain
	Aln	301	-daf88d98-7120-4878-8f9f-cd4d90edcc72 7 2784 2788 -edge_151_0_+disjointig_21_0_26556 6525 9298 26556 -1 -1 2732 0.0021045
Chain
	Aln	218	+744bc0da-a1ff-4bf9-9937-46abb17bef2e 862 10160 10172 +edge_110_0_+disjointig_176_0_18510 1164 10475 18510 -1 -1 9219 0.00133376
Chain
	Aln	219	-744bc0da-a1ff-4bf9-9937-46abb17bef2e 11 9309 10172 -edge_110_0_+disjointig_176_0_18510 8034 17345 18510 -1 -1 9219 0.00133376
Chain
	Aln	735	+c31d9734-1c1b-46cc-8ef1-834a1669d3c1 2 1886 1917 -edge_368_0_-disjointig_232_0_10466 4146 6037 10466 -1 -1 1616 0.0151759
Chain
	Aln	734	-c31d9734-1c1b-46cc-8ef1-834a1669d3c1 30 1914 1917 +edge_368_0_-disjointig_232_0_10466 4428 6319 10466 -1 -1 1616 0.0151759
Chain
	Aln	272	+6fc699ca-559d-4d49-a4f6-f7e952ecce71 2 3823 3825 +edge_137_0_+disjointig_2_0_8356 2 3824 8356 -1 -1 3749 0.00333839
Chain
	Aln	273	-6fc699ca-559d-4d49-a4f6-f7e952ecce71 1 3822 3825 -edge_137_0_+disjointig_2_0_8356 4531 8353 8356 -1 -1 3749 0.00333839
Chain
	Aln	743	+79dea916-78ab-48db-869a-a1122410ac4f 23 1679 1685 -edge_372_0_+disjointig_48_0_14826 7749 9405 14826 -1 -1 1656 0
Chain
	Aln	742	-79dea916-78ab-48db-869a-a1122410ac4f 5 1661 1685 +edge_372_0_+disjointig_48_0_14826 5420 7076 14826 -1 -1 1656 0
Chain
	Aln	717	+176dee87-c1b5-4fd3-8674-66bb18902b5e 18 2954 2957 -edge_359_0_+disjointig_96_0_23495 3056 5992 23495 -1 -1 2907 0
Chain
	Aln	716	-176dee87-c1b5-4fd3-8674-66bb18902b5e 2 2938 2957 +edge_359_0_+disjointig_96_0_23495 17502 20438 23495 -1 -1 2907 0
Chain
	Aln	327	+2f0238a6-4ecb-4fd8-8c0d-1b47458d2384 12 12498 12504 -edge_164_0_+disjointig_218_0_16787 11 12485 16787 -1 -1 11144 0.0100214
Chain
	Aln	326	-2f0238a6-4ecb-4fd8-8c0d-1b47458d2384 5 12491 12504 +edge_164_0_+disjointig_218_0_16787 4301 16775 16787 -1 -1 11144 0.0100214
Chain
	Aln	759	+354e156b-45c0-4f71-8cd0-78efe3b4795e 3 1665 1667 -edge_380_0_+disjointig_98_1472_24422 17136 18798 22950 -1 -1 1610 0.00248288
Chain
	Aln	758	-354e156b-45c0-4f71-8cd0-78efe3b4795e 1 1663 1667 +edge_380_0_+disjointig_98_1472_24422 4151 5813 22950 -1 -1 1610 0.00248288
Chain
	Aln	40	+1eb55b16-1678-4daa-b69a-176eb47d4436 22 3146 3152 +edge_21_0_+disjointig_106_0_7444 975 4099 7444 -1 -1 3061 0.00229073
Chain
	Aln	41	-1eb55b16-1678-4daa-b69a-176eb47d4436 5 3129 3152 -edge_21_0_+disjointig_106_0_7444 3344 6468 7444 -1 -1 3061 0.00229073
Chain
	Aln	628	+e940638b-0c05-4c01-b612-71b213a4c8f6 4 7411 7428 +edge_315_0_+disjointig_43_0_17713 7875 15287 17713 -1 -1 7361 0.00107808
Chain
	Aln	629	-e940638b-0c05-4c01-b612-71b213a4c8f6 16 7423 7428 -edge_315_0_+disjointig_43_0_17713 2425 9837 17713 -1 -1 7361 0.00107808
Chain
	Aln	455	+e6aaa716-b1bc-4f9c-a228-24fab34304e8 10 9631 9634 -edge_228_0_+disjointig_274_0_14029 4396 14026 14029 -1 -1 9484 0.00118116
Chain
	Aln	454	-e6aaa716-b1bc-4f9c-a228-24fab34304e8 2 9623 9634 +edge_228_0_+disjointig_274_0_14029 2 9632 14029 -1 -1 9484 0.00118116
Chain
	Aln	46	+db1e6355-a5c3-4284-8f59-7a52e0c2d402 68 3076 3080 +edge_24_0_+disjointig_109_0_11803 2 3014 11803 -1 -1 2913 0.00474365
Chain
	Aln	47	-db1e6355-a5c3-4284-8f59-7a52e0c2d402 3 3011 3080 -edge_24_0_+disjointig_109_0_11803 8788 11800 11803 -1 -1 2913 0.00474365
Chain
	Aln	606	+d0419cc3-8db8-4c14-9a6e-f649c1c2c437 5 3621 3623 +edge_304_0_+disjointig_34_0_21728 16959 20578 21728 -1 -1 3559 0.000488359
Chain
	Aln	607	-d0419cc3-8db8-4c14-9a6e-f649c1c2c437 1 3617 3623 -edge_304_0_+disjointig_34_0_21728 1149 4768 21728 -1 -1 3559 0.000488359
Chain
	Aln	148	+5dd4f215-1cce-4aa2-9940-5d5cf050a877 20 2919 2921 +edge_75_0_+disjointig_145_0_5207 1557 4466 5207 -1 -1 2695 0.00756111
Chain
	Aln	149	-5dd4f215-1cce-4aa2-9940-5d5cf050a877 1 2900 2921 -edge_75_0_+disjointig_145_0_5207 740 3649 5207 -1 -1 2695 0.00756111
Chain
	Aln	130	+fa114329-e192-44eb-b56f-e0491e262488 1 12297 12302 +edge_66_0_+disjointig_138_0_38214 1 12316 38214 -1 -1 11593 0.00500166
Chain
	Aln	131	-fa114329-e192-44eb-b56f-e0491e262488 4 12300 12302 -edge_66_0_+disjointig_138_0_38214 25897 38212 38214 -1 -1 11593 0.00500166
Chain
	Aln	617	+a18745ba-db54-4321-bac3-d8f7236a00d4 44 1061 1067 -edge_309_0_+disjointig_38_0_2436 20 1037 2436 -1 -1 998 0.00377527
Chain
	Aln	616	-a18745ba-db54-4321-bac3-d8f7236a00d4 5 1022 1067 +edge_309_0_+disjointig_38_0_2436 1398 2415 2436 -1 -1 998 0.00377527
Chain
	Aln	756	+5446dd98-3576-4ab8-83bd-177f9ab5bb5e 6 1692 1700 +edge_379_0_+disjointig_30_0_8705 1722 3400 8705 -1 -1 1651 0.000349714
Chain
	Aln	757	-5446dd98-3576-4ab8-83bd-177f9ab5bb5e 7 1693 1700 -edge_379_0_+disjointig_30_0_8705 5304 6982 8705 -1 -1 1651 0.000349714
Chain
	Aln	479	+c2a56f54-0398-4e4e-bae8-6932841d030a 8 1427 1436 -edge_240_0_-disjointig_57_7953_51690 37979 39399 43737 -1 -1 1419 0.00128481
Chain
	Aln	478	-c2a56f54-0398-4e4e-bae8-6932841d030a 8 1427 1436 +edge_240_0_-disjointig_57_7953_51690 4337 5757 43737 -1 -1 1419 0.00128481
Chain
	Aln	152	+2bee9f15-2d3c-4316-af15-e5e7bf6a79f8 2 7064 7070 +edge_77_0_+disjointig_147_0_20037 2 7064 20037 -1 -1 6995 0.00148492
Chain
	Aln	153	-2bee9f15-2d3c-4316-af15-e5e7bf6a79f8 5 7067 7070 -edge_77_0_+disjointig_147_0_20037 12972 20034 20037 -1 -1 6995 0.00148492
Chain
	Aln	697	+502f53a0-ba5a-4776-a678-9278681c4cf8 3 14065 14076 -edge_349_0_+disjointig_85_0_17144 1908 15962 17144 -1 -1 13960 0.000873976
Chain
	Aln	696	-502f53a0-ba5a-4776-a678-9278681c4cf8 10 14072 14076 +edge_349_0_+disjointig_85_0_17144 1181 15235 17144 -1 -1 13960 0.000873976
Chain
	Aln	118	+8a3fcc3a-9d50-4098-9388-76d8fe251020 3 12462 12465 +edge_60_0_+disjointig_131_0_25925 2101 14556 25925 -1 -1 12328 0.000993778
Chain
	Aln	119	-8a3fcc3a-9d50-4098-9388-76d8fe251020 2 12461 12465 -edge_60_0_+disjointig_131_0_25925 11368 23823 25925 -1 -1 12328 0.000993778
Chain
	Aln	233	+e8ae3323-7e96-4503-b08b-937fce6be71e 4139 6003 6010 -edge_117_0_+disjointig_183_0_12115 13 1879 12115 -1 -1 1711 0.00909001
Chain
	Aln	232	-e8ae3323-7e96-4503-b08b-937fce6be71e 6 1870 6010 +edge_117_0_+disjointig_183_0_12115 10235 12101 12115 -1 -1 1711 0.00909001
Chain
	Aln	738	+1f895a8a-f8fb-4086-957c-24df965455d0 1123 2698 3332 +edge_370_0_-disjointig_66_3457_23755 1 1574 20298 -1 -1 1567 0.00202755
Chain
	Aln	739	-1f895a8a-f8fb-4086-957c-24df965455d0 633 2208 3332 -edge_370_0_-disjointig_66_3457_23755 18723 20296 20298 -1 -1 1567 0.00202755
Chain
	Aln	752	+213cc6e6-39fb-4141-a165-ab9eb66b1c90 10 1888 1891 +edge_377_0_+disjointig_28_27669_32566 83 1959 4897 -1 -1 1866 0.000806479
Chain
	Aln	753	-213cc6e6-39fb-4141-a165-ab9eb66b1c90 2 1880 1891 -edge_377_0_+disjointig_28_27669_32566 2937 4813 4897 -1 -1 1866 0.000806479
Chain
	Aln	753	+bff8b8ff-f839-4371-afab-77596c2ee5e0 14 1886 1891 -edge_377_0_+disjointig_28_27669_32566 2927 4799 4897 -1 -1 1805 0.00367237
Chain
	Aln	752	-bff8b8ff-f839-4371-afab-77596c2ee5e0 4 1876 1891 +edge_377_0_+disjointig_28_27669_32566 97 1969 4897 -1 -1 1805 0.00367237
Chain
	Aln	600	+92f2984f-f246-4703-9e20-b0056acffb5e 25 1326 1334 +edge_301_0_+disjointig_328_0_10322 8027 9328 10322 -1 -1 1299 0.00100058
Chain
	Aln	601	-92f2984f-f246-4703-9e20-b0056acffb5e 7 1308 1334 -edge_301_0_+disjointig_328_0_10322 993 2294 10322 -1 -1 1299 0.00100058
Chain
	Aln	600	+4e5042a6-1d4b-49b5-b790-41112df232b9 10 1090 1098 +edge_301_0_+disjointig_328_0_10322 8466 9546 10322 -1 -1 1080 0.00118116
Chain
	Aln	601	-4e5042a6-1d4b-49b5-b790-41112df232b9 7 1087 1098 -edge_301_0_+disjointig_328_0_10322 775 1855 10322 -1 -1 1080 0.00118116
Chain
	Aln	233	+0de5ac1f-ef29-4fc6-a50a-a8ed7d7b8389 11 7168 7170 -edge_117_0_+disjointig_183_0_12115 1914 9073 12115 -1 -1 7096 0.000983263
Chain
	Aln	232	-0de5ac1f-ef29-4fc6-a50a-a8ed7d7b8389 1 7158 7170 +edge_117_0_+disjointig_183_0_12115 3041 10200 12115 -1 -1 7096 0.000983263
Chain
	Aln	623	+a3534d9c-ce9c-419d-8e36-52c38635961b 15 2214 2222 -edge_312_0_+disjointig_40_0_16996 14 2209 16996 -1 -1 2129 0.00425968
Chain
	Aln	622	-a3534d9c-ce9c-419d-8e36-52c38635961b 7 2206 2222 +edge_312_0_+disjointig_40_0_16996 14786 16981 16996 -1 -1 2129 0.00425968
Chain
	Aln	639	+c1d2977a-5ef8-4f75-b325-a80354647dfc 33 1371 1374 -edge_320_0_+disjointig_51_0_24344 14887 16225 24344 -1 -1 1338 0
Chain
	Aln	638	-c1d2977a-5ef8-4f75-b325-a80354647dfc 2 1340 1374 +edge_320_0_+disjointig_51_0_24344 8118 9456 24344 -1 -1 1338 0
Chain
	Aln	744	+261033dd-2769-4977-9758-786feee5ef65 7 1318 1325 +edge_373_0_+disjointig_92_0_14318 767 2081 14318 -1 -1 1301 0.00286706
Chain
	Aln	745	-261033dd-2769-4977-9758-786feee5ef65 6 1317 1325 -edge_373_0_+disjointig_92_0_14318 12236 13550 14318 -1 -1 1301 0.00286706
Chain
	Aln	491	+cbcfb636-e65c-47a0-8f67-8d8c2635d983 29 2066 2068 -edge_246_0_+disjointig_282_0_7495 1211 3248 7495 -1 -1 2037 0.000235834
Chain
	Aln	490	-cbcfb636-e65c-47a0-8f67-8d8c2635d983 1 2038 2068 +edge_246_0_+disjointig_282_0_7495 4246 6283 7495 -1 -1 2037 0.000235834
Chain
	Aln	379	+6b9508a2-0aa9-49d6-9f78-b76dd9d1a061 18 6179 6181 -edge_190_0_+disjointig_241_0_6183 16 6181 6183 -1 -1 5844 0.00558175
Chain
	Aln	378	-6b9508a2-0aa9-49d6-9f78-b76dd9d1a061 1 6162 6181 +edge_190_0_+disjointig_241_0_6183 1 6166 6183 -1 -1 5844 0.00558175
Chain
	Aln	203	+4fef4082-9c4b-4fa8-a94c-b06adc9ce37e 3 2991 2998 -edge_102_0_+disjointig_169_0_8808 1995 4983 8808 -1 -1 2978 0
Chain
	Aln	202	-4fef4082-9c4b-4fa8-a94c-b06adc9ce37e 6 2994 2998 +edge_102_0_+disjointig_169_0_8808 3824 6812 8808 -1 -1 2978 0
Chain
	Aln	194	+4e451db4-3e16-4e6e-9bdb-871c49770833 11 1117 1119 +edge_98_0_+disjointig_166_0_14218 1879 2987 14218 -1 -1 1076 0.00551085
Chain
	Aln	195	-4e451db4-3e16-4e6e-9bdb-871c49770833 1 1107 1119 -edge_98_0_+disjointig_166_0_14218 11230 12338 14218 -1 -1 1076 0.00551085
Chain
	Aln	511	+09839081-92d2-4992-bd48-d3be4d6f730a 14 3127 3137 -edge_256_0_+disjointig_291_0_5255 2129 5245 5255 -1 -1 3089 0.000964461
Chain
	Aln	510	-09839081-92d2-4992-bd48-d3be4d6f730a 9 3122 3137 +edge_256_0_+disjointig_291_0_5255 9 3125 5255 -1 -1 3089 0.000964461
Chain
	Aln	271	+b0da3a6b-caa5-49d0-833f-7e5d75c93ac6 11 3959 3965 -edge_136_0_+disjointig_198_0_10386 6330 10275 10386 -1 -1 3907 0
Chain
	Aln	270	-b0da3a6b-caa5-49d0-833f-7e5d75c93ac6 5 3953 3965 +edge_136_0_+disjointig_198_0_10386 110 4055 10386 -1 -1 3907 0
Chain
	Aln	645	+f63d8caa-773c-4a10-8960-fe3b71b4fab9 12 6407 6409 -edge_323_0_+disjointig_54_0_13403 7020 13401 13403 -1 -1 6231 0.00269521
Chain
	Aln	644	-f63d8caa-773c-4a10-8960-fe3b71b4fab9 1 6396 6409 +edge_323_0_+disjointig_54_0_13403 1 6382 13403 -1 -1 6231 0.00269521
Chain
	Aln	619	+c9438a44-8333-43c9-95bd-1d17d91909f8 10 8031 8039 -edge_310_0_+disjointig_39_0_32732 2103 10121 32732 -1 -1 7953 0.000319377
Chain
	Aln	618	-c9438a44-8333-43c9-95bd-1d17d91909f8 7 8028 8039 +edge_310_0_+disjointig_39_0_32732 22610 30628 32732 -1 -1 7953 0.000319377
Chain
	Aln	622	+3029d756-5e68-40b6-ad00-19ac89bbd848 21 1719 1721 +edge_312_0_+disjointig_40_0_16996 1423 3126 16996 -1 -1 1580 0.00879465
Chain
	Aln	623	-3029d756-5e68-40b6-ad00-19ac89bbd848 1 1699 1721 -edge_312_0_+disjointig_40_0_16996 13869 15572 16996 -1 -1 1580 0.00879465
Chain
	Aln	717	+47204a0d-5001-47f3-bbd2-6e42c87beafa 13 1104 1109 -edge_359_0_+disjointig_96_0_23495 6679 7771 23495 -1 -1 1082 0.00306958
Chain
	Aln	716	-47204a0d-5001-47f3-bbd2-6e42c87beafa 4 1095 1109 +edge_359_0_+disjointig_96_0_23495 15723 16815 23495 -1 -1 1082 0.00306958
Chain
	Aln	648	+96d56c4e-b556-4b4d-8625-601c45065f46 12 1151 1190 +edge_325_0_+disjointig_56_0_14906 6856 7997 14906 -1 -1 1126 0.00142655
Chain
	Aln	649	-96d56c4e-b556-4b4d-8625-601c45065f46 38 1177 1190 -edge_325_0_+disjointig_56_0_14906 6908 8049 14906 -1 -1 1126 0.00142655
Chain
	Aln	279	+06ab6bd0-42c8-41c9-82bb-9dc70f7c43cf 5 2264 2266 -edge_140_0_+disjointig_202_0_6544 4283 6542 6544 -1 -1 2236 0
Chain
	Aln	278	-06ab6bd0-42c8-41c9-82bb-9dc70f7c43cf 1 2260 2266 +edge_140_0_+disjointig_202_0_6544 1 2260 6544 -1 -1 2236 0
Chain
	Aln	681	+3d2f36c5-0e64-4461-9e25-c03cfa1e3370 4 5193 5195 -edge_341_0_+disjointig_76_0_13454 8262 13452 13454 -1 -1 5157 0.000526026
Chain
	Aln	680	-3d2f36c5-0e64-4461-9e25-c03cfa1e3370 1 5190 5195 +edge_341_0_+disjointig_76_0_13454 1 5191 13454 -1 -1 5157 0.000526026
Chain
	Aln	254	+81308997-b0a6-448f-a6c1-d93598e259f9 11 1483 1486 +edge_128_0_+disjointig_194_0_20836 11535 13005 20836 -1 -1 1441 0.00701035
Chain
	Aln	255	-81308997-b0a6-448f-a6c1-d93598e259f9 2 1474 1486 -edge_128_0_+disjointig_194_0_20836 7830 9300 20836 -1 -1 1441 0.00701035
Chain
	Aln	423	+62d8ee5f-dfcb-4d0d-a5a2-afdc6c6945f7 9 1392 1401 -edge_212_0_+disjointig_261_0_30460 13428 14811 30460 -1 -1 1364 0.00309402
Chain
	Aln	422	-62d8ee5f-dfcb-4d0d-a5a2-afdc6c6945f7 8 1391 1401 +edge_212_0_+disjointig_261_0_30460 15648 17031 30460 -1 -1 1364 0.00309402
Chain
	Aln	107	+8dda8159-9aa0-4750-9862-9c3b02cbf3d9 13 8474 8493 -edge_54_0_+disjointig_125_0_13260 3103 11567 13260 -1 -1 8406 0.00136562
Chain
	Aln	106	-8dda8159-9aa0-4750-9862-9c3b02cbf3d9 18 8479 8493 +edge_54_0_+disjointig_125_0_13260 1692 10156 13260 -1 -1 8406 0.00136562
Chain
	Aln	111	+43bb14aa-6828-4a17-bd8c-e6079002c56c 6 2582 2598 -edge_56_0_+disjointig_127_0_7260 504 3084 7260 -1 -1 2567 0.00165329
Chain
	Aln	110	-43bb14aa-6828-4a17-bd8c-e6079002c56c 15 2591 2598 +edge_56_0_+disjointig_127_0_7260 4175 6755 7260 -1 -1 2567 0.00165329
Chain
	Aln	17	+715ee990-cfe5-4459-97fc-6b7b56a5d25b 2492 3940 4037 -edge_9_2_+disjointig_7_2707_4165 9 1457 1458 -1 -1 1438 0.000144277
Chain
	Aln	16	-715ee990-cfe5-4459-97fc-6b7b56a5d25b 96 1544 4037 +edge_9_2_+disjointig_7_2707_4165 0 1448 1458 -1 -1 1438 0.000144277
Chain
	Aln	66	+c92d2710-7637-4c60-9806-1eec85b94d1f 12 2621 2623 +edge_34_0_+disjointig_112_4217_16689 3453 6062 12472 -1 -1 2581 0.00218166
Chain
	Aln	67	-c92d2710-7637-4c60-9806-1eec85b94d1f 1 2610 2623 -edge_34_0_+disjointig_112_4217_16689 6409 9018 12472 -1 -1 2581 0.00218166
Chain
	Aln	663	+bc249caa-df0e-4ad4-a980-f62cf7df1b38 7 3271 3275 -edge_332_0_+disjointig_64_0_14859 11528 14791 14859 -1 -1 3248 0
Chain
	Aln	662	-bc249caa-df0e-4ad4-a980-f62cf7df1b38 3 3267 3275 +edge_332_0_+disjointig_64_0_14859 67 3330 14859 -1 -1 3248 0
Chain
	Aln	477	+ec778cbe-ebb4-4bde-ab72-b1475350c2eb 28 2625 2628 -edge_239_0_+disjointig_41_9827_31060 14795 17410 21233 -1 -1 2317 0.0136641
Chain
	Aln	476	-ec778cbe-ebb4-4bde-ab72-b1475350c2eb 2 2599 2628 +edge_239_0_+disjointig_41_9827_31060 3822 6437 21233 -1 -1 2317 0.0136641
Chain
	Aln	422	+9f1ead04-86ad-44c6-a3d6-3618b54921f3 1 12379 13122 +edge_212_0_+disjointig_261_0_30460 1 12428 30460 -1 -1 12035 0.00239835
Chain
	Aln	423	-9f1ead04-86ad-44c6-a3d6-3618b54921f3 742 13120 13122 -edge_212_0_+disjointig_261_0_30460 18031 30458 30460 -1 -1 12035 0.00239835
Chain
	Aln	619	+f9c567e2-d480-4c99-95c7-51aa46af55d7 1 4189 4192 -edge_310_0_+disjointig_39_0_32732 4702 8890 32732 -1 -1 4160 4.91428e-05
Chain
	Aln	618	-f9c567e2-d480-4c99-95c7-51aa46af55d7 2 4190 4192 +edge_310_0_+disjointig_39_0_32732 23841 28029 32732 -1 -1 4160 4.91428e-05
Chain
	Aln	147	+93f6b750-b727-45bd-bbd9-92525819e4a4 10 5050 5052 -edge_74_0_+disjointig_144_0_5043 9 5041 5043 -1 -1 4781 0.00582393
Chain
	Aln	146	-93f6b750-b727-45bd-bbd9-92525819e4a4 1 5041 5052 +edge_74_0_+disjointig_144_0_5043 1 5033 5043 -1 -1 4781 0.00582393
Chain
	Aln	749	+f99f8fce-1e84-4af5-ad76-b578a8e85095 10 8334 8440 -edge_375_0_+disjointig_46_0_10791 2438 10783 10791 -1 -1 7300 0.0119201
Chain
	Aln	748	-f99f8fce-1e84-4af5-ad76-b578a8e85095 105 8429 8440 +edge_375_0_+disjointig_46_0_10791 7 8352 10791 -1 -1 7300 0.0119201
Chain
	Aln	454	+311c0ff3-dd7b-48f5-a3eb-2c745e44699c 9 1068 1074 +edge_228_0_+disjointig_274_0_14029 9405 10463 14029 -1 -1 1058 0
Chain
	Aln	455	-311c0ff3-dd7b-48f5-a3eb-2c745e44699c 5 1064 1074 -edge_228_0_+disjointig_274_0_14029 3565 4623 14029 -1 -1 1058 0
Chain
	Aln	651	+795a8a69-6c63-4d56-be1e-7135d1d74cd9 2 4970 4976 -edge_326_0_+disjointig_58_0_35073 26943 31908 35073 -1 -1 4919 0.00126113
Chain
	Aln	650	-795a8a69-6c63-4d56-be1e-7135d1d74cd9 5 4973 4976 +edge_326_0_+disjointig_58_0_35073 3164 8129 35073 -1 -1 4919 0.00126113
Chain
	Aln	606	+264bfb84-28bb-4ff8-b1cb-f5bb8f76c81d 8 2417 2424 +edge_304_0_+disjointig_34_0_21728 591 2998 21728 -1 -1 2366 0.00374521
Chain
	Aln	607	-264bfb84-28bb-4ff8-b1cb-f5bb8f76c81d 6 2415 2424 -edge_304_0_+disjointig_34_0_21728 18729 21136 21728 -1 -1 2366 0.00374521
Chain
	Aln	169	+7bbd2e81-4f92-440b-85b4-aaba6762bfe0 9 1363 1369 -edge_85_0_+disjointig_156_0_15099 3872 5229 15099 -1 -1 1317 0.00322659
Chain
	Aln	168	-7bbd2e81-4f92-440b-85b4-aaba6762bfe0 5 1359 1369 +edge_85_0_+disjointig_156_0_15099 9869 11226 15099 -1 -1 1317 0.00322659
Chain
	Aln	343	+32ae158e-ea8c-40f3-84d2-c1a043fe4dbc 10 2418 2420 -edge_172_0_+disjointig_225_0_5442 3034 5440 5442 -1 -1 2362 0.000919136
Chain
	Aln	342	-32ae158e-ea8c-40f3-84d2-c1a043fe4dbc 1 2409 2420 +edge_172_0_+disjointig_225_0_5442 1 2407 5442 -1 -1 2362 0.000919136
Chain
	Aln	628	+d0a2bd42-0884-4155-a9ec-663928515c64 13 1206 1212 +edge_315_0_+disjointig_43_0_17713 3115 4316 17713 -1 -1 1079 0.00961251
Chain
	Aln	629	-d0a2bd42-0884-4155-a9ec-663928515c64 5 1198 1212 -edge_315_0_+disjointig_43_0_17713 13396 14597 17713 -1 -1 1079 0.00961251
Chain
	Aln	123	+672f9baf-b06b-4373-8679-cb68b424d5ba 18 1865 1871 -edge_62_0_+disjointig_133_0_7544 5509 7353 7544 -1 -1 1831 0.000709314
Chain
	Aln	122	-672f9baf-b06b-4373-8679-cb68b424d5ba 5 1852 1871 +edge_62_0_+disjointig_133_0_7544 190 2034 7544 -1 -1 1831 0.000709314
Chain
	Aln	7	+413f0339-d11f-4ab8-8914-53695c4e990a 543 1913 1917 -edge_4_0_+disjointig_10_0_20168 11 1379 20168 -1 -1 1366 0.00131549
Chain
	Aln	6	-413f0339-d11f-4ab8-8914-53695c4e990a 3 1373 1917 +edge_4_0_+disjointig_10_0_20168 18788 20156 20168 -1 -1 1366 0.00131549
Chain
	Aln	535	+37f35d7f-21b8-4c6f-ba3b-e0f1963ea34f 14 2114 2121 -edge_268_0_+disjointig_30_13453_22851 5738 7842 9398 -1 -1 2056 0.0047543
Chain
	Aln	534	-37f35d7f-21b8-4c6f-ba3b-e0f1963ea34f 6 2106 2121 +edge_268_0_+disjointig_30_13453_22851 1555 3659 9398 -1 -1 2056 0.0047543
Chain
	Aln	752	+ba04e035-7194-4729-b9b3-58e5234f9dcf 28 4144 6325 +edge_377_5_+disjointig_57_43737_48788 922 5044 5051 -1 -1 4023 0.00213607
Chain
	Aln	753	-ba04e035-7194-4729-b9b3-58e5234f9dcf 2180 6296 6325 -edge_377_5_+disjointig_57_43737_48788 6 4128 5051 -1 -1 4023 0.00213607
Chain
	Aln	255	+7bf7c4f9-a1d5-4617-9f31-88235638903b 25 5819 5827 -edge_128_0_+disjointig_194_0_20836 2401 8200 20836 -1 -1 5733 0.00209739
Chain
	Aln	254	-7bf7c4f9-a1d5-4617-9f31-88235638903b 7 5801 5827 +edge_128_0_+disjointig_194_0_20836 12635 18434 20836 -1 -1 5733 0.00209739
Chain
	Aln	715	+0fa112aa-0ec4-47ac-92e9-12f367329ee8 5 1090 1094 -edge_358_0_+disjointig_95_0_21066 5647 6732 21066 -1 -1 1081 0
Chain
	Aln	714	-0fa112aa-0ec4-47ac-92e9-12f367329ee8 3 1088 1094 +edge_358_0_+disjointig_95_0_21066 14333 15418 21066 -1 -1 1081 0
Chain
	Aln	205	+c303f391-1a1b-45c3-a76b-1aa769d27a65 8 1060 1067 -edge_103_0_+disjointig_17_0_17973 8077 9129 17973 -1 -1 1045 0
Chain
	Aln	204	-c303f391-1a1b-45c3-a76b-1aa769d27a65 6 1058 1067 +edge_103_0_+disjointig_17_0_17973 8843 9895 17973 -1 -1 1045 0
Chain
	Aln	668	+de08c6ea-320e-4785-8874-0f5755882d04 12 1659 1663 +edge_335_0_+disjointig_69_0_21020 16939 18587 21020 -1 -1 1619 0.0025991
Chain
	Aln	669	-de08c6ea-320e-4785-8874-0f5755882d04 3 1650 1663 -edge_335_0_+disjointig_69_0_21020 2432 4080 21020 -1 -1 1619 0.0025991
Chain
	Aln	15	+a0a76ebc-7845-482e-81dd-b3d18c456178 10 3854 3901 -edge_8_0_+disjointig_103_0_7543 3655 7496 7543 -1 -1 3812 0
Chain
	Aln	14	-a0a76ebc-7845-482e-81dd-b3d18c456178 46 3890 3901 +edge_8_0_+disjointig_103_0_7543 46 3887 7543 -1 -1 3812 0
Chain
	Aln	95	+22d75894-8238-452a-9c65-1ad529c88389 14 4543 4553 -edge_48_0_+disjointig_119_0_7447 13 4539 7447 -1 -1 4414 0.00419055
Chain
	Aln	94	-22d75894-8238-452a-9c65-1ad529c88389 9 4538 4553 +edge_48_0_+disjointig_119_0_7447 2907 7433 7447 -1 -1 4414 0.00419055
Chain
	Aln	131	+76f1dbbb-f558-426b-ad03-0b5802d848f1 8 6361 6365 -edge_66_0_+disjointig_138_0_38214 23692 30057 38214 -1 -1 6044 0.00513485
Chain
	Aln	130	-76f1dbbb-f558-426b-ad03-0b5802d848f1 3 6356 6365 +edge_66_0_+disjointig_138_0_38214 8156 14521 38214 -1 -1 6044 0.00513485
Chain
	Aln	287	+893e49eb-dfec-43d4-9303-82ee0f7dd36c 37 10324 10327 -edge_144_0_+disjointig_206_0_18223 7913 18220 18223 -1 -1 9959 0.00381906
Chain
	Aln	286	-893e49eb-dfec-43d4-9303-82ee0f7dd36c 2 10289 10327 +edge_144_0_+disjointig_206_0_18223 2 10309 18223 -1 -1 9959 0.00381906
Chain
	Aln	717	+58a0e1bd-5354-4cd8-b8d3-ede55038efee 13 2504 2511 -edge_359_0_+disjointig_96_0_23495 15199 17691 23495 -1 -1 2487 0
Chain
	Aln	716	-58a0e1bd-5354-4cd8-b8d3-ede55038efee 6 2497 2511 +edge_359_0_+disjointig_96_0_23495 5803 8295 23495 -1 -1 2487 0
Chain
	Aln	716	+a22c0781-b920-4863-ad8b-bf90d61a7bf1 12 2506 2508 +edge_359_0_+disjointig_96_0_23495 5789 8286 23495 -1 -1 2460 0.000249222
Chain
	Aln	717	-a22c0781-b920-4863-ad8b-bf90d61a7bf1 1 2495 2508 -edge_359_0_+disjointig_96_0_23495 15208 17705 23495 -1 -1 2460 0.000249222
Chain
	Aln	478	+cc6f158a-93e9-4f87-b574-543e80531805 9 10183 10197 +edge_240_0_-disjointig_57_7953_51690 12475 22637 43737 -1 -1 9899 0.00215546
Chain
	Aln	479	-cc6f158a-93e9-4f87-b574-543e80531805 13 10187 10197 -edge_240_0_-disjointig_57_7953_51690 21099 31261 43737 -1 -1 9899 0.00215546
Chain
	Aln	205	+3b0dd3c5-f8c1-47dc-bdb6-c59361866727 5 1967 1969 -edge_103_0_+disjointig_17_0_17973 7069 9032 17973 -1 -1 1962 0
Chain
	Aln	204	-3b0dd3c5-f8c1-47dc-bdb6-c59361866727 1 1963 1969 +edge_103_0_+disjointig_17_0_17973 8940 10903 17973 -1 -1 1962 0
Chain
	Aln	683	+da308619-db3e-4408-a074-f7b181db837c 23 2824 2827 -edge_342_0_+disjointig_77_0_4616 1817 4613 4616 -1 -1 2706 0.00483072
Chain
	Aln	682	-da308619-db3e-4408-a074-f7b181db837c 2 2803 2827 +edge_342_0_+disjointig_77_0_4616 2 2798 4616 -1 -1 2706 0.00483072
Chain
	Aln	301	+4d6bc6da-e634-469c-8ede-9c9cf9032a49 1 1789 1793 -edge_151_0_+disjointig_21_0_26556 3336 5126 26556 -1 -1 1741 0.00563849
Chain
	Aln	300	-4d6bc6da-e634-469c-8ede-9c9cf9032a49 3 1791 1793 +edge_151_0_+disjointig_21_0_26556 21429 23219 26556 -1 -1 1741 0.00563849
Chain
	Aln	300	+d905c91c-cbea-4e35-9376-f98a892982fa 6 4038 4044 +edge_151_0_+disjointig_21_0_26556 15251 19296 26556 -1 -1 3837 0.00507942
Chain
	Aln	301	-d905c91c-cbea-4e35-9376-f98a892982fa 5 4037 4044 -edge_151_0_+disjointig_21_0_26556 7259 11304 26556 -1 -1 3837 0.00507942
Chain
	Aln	282	+bc61eb51-92cc-4853-aef5-244c77bc5247 38 1292 1296 +edge_142_0_+disjointig_204_0_4315 1130 2380 4315 -1 -1 1238 0
Chain
	Aln	283	-bc61eb51-92cc-4853-aef5-244c77bc5247 3 1257 1296 -edge_142_0_+disjointig_204_0_4315 1934 3184 4315 -1 -1 1238 0
Chain
	Aln	273	+b9a9ab27-cab4-4e5b-bfe9-3de09c27a47a 7 3360 3362 -edge_137_0_+disjointig_2_0_8356 155 3510 8356 -1 -1 3296 0.00302893
Chain
	Aln	272	-b9a9ab27-cab4-4e5b-bfe9-3de09c27a47a 1 3354 3362 +edge_137_0_+disjointig_2_0_8356 4845 8200 8356 -1 -1 3296 0.00302893
Chain
	Aln	283	+3f6a84b1-dd16-4ee4-81ee-c6f146866aa0 11 1289 1292 -edge_142_0_+disjointig_204_0_4315 1921 3201 4315 -1 -1 1254 0
Chain
	Aln	282	-3f6a84b1-dd16-4ee4-81ee-c6f146866aa0 2 1280 1292 +edge_142_0_+disjointig_204_0_4315 1113 2393 4315 -1 -1 1254 0
Chain
	Aln	127	+70d02768-0b45-4cb2-a247-6704771551de 4 1473 1478 -edge_64_0_+disjointig_136_0_3726 1343 2811 3726 -1 -1 1452 0.0032804
Chain
	Aln	126	-70d02768-0b45-4cb2-a247-6704771551de 4 1473 1478 +edge_64_0_+disjointig_136_0_3726 914 2382 3726 -1 -1 1452 0.0032804
Chain
	Aln	130	+4ede4d78-91fc-48de-998d-c227d963d877 2 2087 2491 +edge_66_0_+disjointig_138_0_38214 36127 38210 38214 -1 -1 2068 0
Chain
	Aln	131	-4ede4d78-91fc-48de-998d-c227d963d877 403 2488 2491 -edge_66_0_+disjointig_138_0_38214 3 2086 38214 -1 -1 2068 0
Chain
	Aln	765	+841a02fc-b5d1-4acc-a634-0da5da362966 0 2331 3972 -edge_383_0_+disjointig_37_1412_10185 6441 8772 8773 -1 -1 2327 0.000672347
	Aln	765	+841a02fc-b5d1-4acc-a634-0da5da362966 2339 3969 3972 -edge_383_0_+disjointig_37_1412_10185 7 1637 8773 -1 -1 1630 0
Chain
	Aln	764	-841a02fc-b5d1-4acc-a634-0da5da362966 2 1632 3972 +edge_383_0_+disjointig_37_1412_10185 7135 8765 8773 -1 -1 1630 0
	Aln	764	-841a02fc-b5d1-4acc-a634-0da5da362966 1640 3971 3972 +edge_383_0_+disjointig_37_1412_10185 0 2331 8773 -1 -1 2327 0.000672347
Chain
	Aln	630	+e3aa1bbf-9d7b-4396-b782-17bd72a3094a 72 1092 1098 +edge_316_0_+disjointig_44_0_7510 825 1853 7510 -1 -1 994 0.000146032
Chain
	Aln	631	-e3aa1bbf-9d7b-4396-b782-17bd72a3094a 5 1025 1098 -edge_316_0_+disjointig_44_0_7510 5656 6684 7510 -1 -1 994 0.000146032
Chain
	Aln	618	+d8dd7bb5-1a45-4444-bbea-a7ba686c12ed 12 1638 1645 +edge_310_0_+disjointig_39_0_32732 13041 14669 32732 -1 -1 1598 0.00461732
Chain
	Aln	619	-d8dd7bb5-1a45-4444-bbea-a7ba686c12ed 6 1632 1645 -edge_310_0_+disjointig_39_0_32732 18062 19690 32732 -1 -1 1598 0.00461732
Chain
	Aln	387	+db7c2bdb-a956-4a3d-89c5-5833264c338e 3 4231 4239 -edge_194_0_+disjointig_245_0_6235 1529 5757 6235 -1 -1 4188 0.00225878
Chain
	Aln	386	-db7c2bdb-a956-4a3d-89c5-5833264c338e 7 4235 4239 +edge_194_0_+disjointig_245_0_6235 477 4705 6235 -1 -1 4188 0.00225878
Chain
	Aln	761	+c8ff4bdb-15f3-461e-b68b-c59adb1127c5 22 1281 1289 -edge_381_0_-disjointig_45_0_30722 17535 18795 30722 -1 -1 1253 0.000140009
Chain
	Aln	760	-c8ff4bdb-15f3-461e-b68b-c59adb1127c5 7 1266 1289 +edge_381_0_-disjointig_45_0_30722 11926 13186 30722 -1 -1 1253 0.000140009
Chain
	Aln	179	+9f850a51-5f68-49e0-9317-fca5d5f8aa11 14 3145 3153 -edge_90_0_+disjointig_16_0_20838 1822 4956 20838 -1 -1 3097 0.00215582
Chain
	Aln	178	-9f850a51-5f68-49e0-9317-fca5d5f8aa11 7 3138 3153 +edge_90_0_+disjointig_16_0_20838 15881 19015 20838 -1 -1 3097 0.00215582
Chain
	Aln	47	+8365dfc4-a06d-442e-a6ad-822e5bc50e36 4 2745 2748 -edge_24_0_+disjointig_109_0_11803 9054 11800 11803 -1 -1 2670 0.00279086
Chain
	Aln	46	-8365dfc4-a06d-442e-a6ad-822e5bc50e36 2 2743 2748 +edge_24_0_+disjointig_109_0_11803 2 2748 11803 -1 -1 2670 0.00279086
Chain
	Aln	46	+75c952d2-e986-4a03-9df0-1a21ce197ba0 22 2716 2735 +edge_24_0_+disjointig_109_0_11803 2 2713 11803 -1 -1 2600 0.00600629
Chain
	Aln	47	-75c952d2-e986-4a03-9df0-1a21ce197ba0 18 2712 2735 -edge_24_0_+disjointig_109_0_11803 9089 11800 11803 -1 -1 2600 0.00600629
Chain
	Aln	300	+bd13c216-dad7-43ef-979e-e50bff9ea203 10 11492 11496 +edge_151_0_+disjointig_21_0_26556 4884 16329 26556 -1 -1 11232 0.00327093
Chain
	Aln	301	-bd13c216-dad7-43ef-979e-e50bff9ea203 3 11485 11496 -edge_151_0_+disjointig_21_0_26556 10226 21671 26556 -1 -1 11232 0.00327093
Chain
	Aln	632	+58a29d08-d2e5-4742-bc9f-3d9b57130e6a 3 5631 5635 +edge_317_0_+disjointig_47_0_6304 3 5627 6304 -1 -1 5538 0.00103632
Chain
	Aln	633	-58a29d08-d2e5-4742-bc9f-3d9b57130e6a 3 5631 5635 -edge_317_0_+disjointig_47_0_6304 676 6300 6304 -1 -1 5538 0.00103632
Chain
	Aln	763	+db4114b7-93cb-4f88-898b-c1c13fae052c 12 2303 2310 -edge_382_0_+disjointig_320_7809_16454 11 2302 8645 -1 -1 2291 0
Chain
	Aln	762	-db4114b7-93cb-4f88-898b-c1c13fae052c 6 2297 2310 +edge_382_0_+disjointig_320_7809_16454 6342 8633 8645 -1 -1 2291 0
Chain
	Aln	195	+9c84f03e-aa1d-4883-a00e-0eddbea9d534 8 3839 3843 -edge_98_0_+disjointig_166_0_14218 8639 12472 14218 -1 -1 3826 0.0020002
Chain
	Aln	194	-9c84f03e-aa1d-4883-a00e-0eddbea9d534 3 3834 3843 +edge_98_0_+disjointig_166_0_14218 1745 5578 14218 -1 -1 3826 0.0020002
Chain
	Aln	636	+33f55391-2a2c-40ec-88c7-260a396c7873 6 2155 2160 +edge_319_0_+disjointig_50_0_16847 13349 15499 16847 -1 -1 2115 0.00230328
Chain
	Aln	637	-33f55391-2a2c-40ec-88c7-260a396c7873 4 2153 2160 -edge_319_0_+disjointig_50_0_16847 1347 3497 16847 -1 -1 2115 0.00230328
Chain
	Aln	111	+14209e98-123e-48b1-b940-6804ecfc1ae9 17 2507 3835 -edge_56_0_+disjointig_127_0_7260 4770 7259 7260 -1 -1 2439 0.00316314
Chain
	Aln	110	-14209e98-123e-48b1-b940-6804ecfc1ae9 1327 3817 3835 +edge_56_0_+disjointig_127_0_7260 0 2489 7260 -1 -1 2439 0.00316314
Chain
	Aln	759	+bd7b96bb-d64c-4a9a-95ec-408188d46da9 14 8628 8674 -edge_380_0_+disjointig_98_1472_24422 10102 18747 22950 -1 -1 7884 0.00760039
Chain
	Aln	758	-bd7b96bb-d64c-4a9a-95ec-408188d46da9 45 8659 8674 +edge_380_0_+disjointig_98_1472_24422 4202 12847 22950 -1 -1 7884 0.00760039
Chain
	Aln	151	+f3139cfe-236b-4776-b0f9-e9f349f1a752 9 1384 1393 -edge_76_0_+disjointig_146_0_22270 2342 3718 22270 -1 -1 1342 0.00354172
Chain
	Aln	150	-f3139cfe-236b-4776-b0f9-e9f349f1a752 8 1383 1393 +edge_76_0_+disjointig_146_0_22270 18551 19927 22270 -1 -1 1342 0.00354172
Chain
	Aln	752	+02e97032-8193-4259-b308-406f1320084b 15 4180 4751 +edge_377_5_+disjointig_57_43737_48788 892 5044 5051 -1 -1 3889 0.00688658
Chain
	Aln	753	-02e97032-8193-4259-b308-406f1320084b 570 4735 4751 -edge_377_5_+disjointig_57_43737_48788 6 4158 5051 -1 -1 3889 0.00688658
Chain
	Aln	737	+27d3aaf5-b87e-4fed-b153-bb06ded93ebb 11 3045 3049 -edge_369_0_+disjointig_163_0_7206 4175 7202 7206 -1 -1 2971 0.00344658
Chain
	Aln	736	-27d3aaf5-b87e-4fed-b153-bb06ded93ebb 3 3037 3049 +edge_369_0_+disjointig_163_0_7206 3 3030 7206 -1 -1 2971 0.00344658
Chain
	Aln	210	+8b8bcf4e-331f-4f8e-83f4-57cb7c95345d 63 2944 2972 +edge_106_0_+disjointig_172_0_11649 32 2915 11649 -1 -1 2866 0.00205218
Chain
	Aln	211	-8b8bcf4e-331f-4f8e-83f4-57cb7c95345d 27 2908 2972 -edge_106_0_+disjointig_172_0_11649 8733 11616 11649 -1 -1 2866 0.00205218
Chain
	Aln	211	+012f41cf-90ac-41ff-9542-8e4019efef79 12 2926 2930 -edge_106_0_+disjointig_172_0_11649 8692 11645 11649 -1 -1 2743 0.00844418
Chain
	Aln	210	-012f41cf-90ac-41ff-9542-8e4019efef79 3 2917 2930 +edge_106_0_+disjointig_172_0_11649 3 2956 11649 -1 -1 2743 0.00844418
Chain
	Aln	661	+5790c3c9-5254-4fa5-bd46-303f9a36ac87 6 2031 2037 -edge_331_0_+disjointig_63_0_33738 26416 28442 33738 -1 -1 2013 0
Chain
	Aln	660	-5790c3c9-5254-4fa5-bd46-303f9a36ac87 5 2030 2037 +edge_331_0_+disjointig_63_0_33738 5295 7321 33738 -1 -1 2013 0
Chain
	Aln	687	+06627e37-4a31-4a6e-9884-607260144b36 47 1613 1616 -edge_344_0_+disjointig_80_0_12633 5333 6906 12633 -1 -1 1349 0.0214901
Chain
	Aln	686	-06627e37-4a31-4a6e-9884-607260144b36 2 1568 1616 +edge_344_0_+disjointig_80_0_12633 5726 7299 12633 -1 -1 1349 0.0214901
Chain
	Aln	757	+a0b878b6-a640-49ba-888f-7a5326f7ca53 4 2187 2192 -edge_379_0_+disjointig_30_0_8705 2005 4188 8705 -1 -1 2183 0
Chain
	Aln	756	-a0b878b6-a640-49ba-888f-7a5326f7ca53 4 2187 2192 +edge_379_0_+disjointig_30_0_8705 4516 6699 8705 -1 -1 2183 0
Chain
	Aln	79	+63dd9a7c-b379-408c-8e7d-a820e9a5510e 15 2367 2370 -edge_40_0_+disjointig_113_0_8453 3154 5506 8453 -1 -1 2345 0
Chain
	Aln	78	-63dd9a7c-b379-408c-8e7d-a820e9a5510e 2 2354 2370 +edge_40_0_+disjointig_113_0_8453 2946 5298 8453 -1 -1 2345 0
Chain
	Aln	422	+252d55be-1c68-4557-8dce-2f06f6852931 8 2531 2537 +edge_212_0_+disjointig_261_0_30460 14091 16619 30460 -1 -1 2479 0.00296472
Chain
	Aln	423	-252d55be-1c68-4557-8dce-2f06f6852931 5 2528 2537 -edge_212_0_+disjointig_261_0_30460 13840 16368 30460 -1 -1 2479 0.00296472
Chain
	Aln	78	+6001aa98-a60c-4630-aae6-b3cc522a325d 12 2338 2371 +edge_40_0_+disjointig_113_0_8453 2934 5260 8453 -1 -1 2310 0.000969738
Chain
	Aln	79	-6001aa98-a60c-4630-aae6-b3cc522a325d 32 2358 2371 -edge_40_0_+disjointig_113_0_8453 3192 5518 8453 -1 -1 2310 0.000969738
Chain
	Aln	239	+19c970d1-add5-4121-88cb-327cea6ae8c4 9 1432 1443 -edge_120_0_+disjointig_186_0_20482 11297 12721 20482 -1 -1 1420 0
Chain
	Aln	238	-19c970d1-add5-4121-88cb-327cea6ae8c4 10 1433 1443 +edge_120_0_+disjointig_186_0_20482 7760 9184 20482 -1 -1 1420 0
Chain
	Aln	76	+72896d11-8dc3-4be8-8a43-8ff6b7e019eb 59 2872 2878 +edge_39_0_-disjointig_301_13061_16435 548 3369 3374 -1 -1 2721 0.00400557
Chain
	Aln	77	-72896d11-8dc3-4be8-8a43-8ff6b7e019eb 5 2818 2878 -edge_39_0_-disjointig_301_13061_16435 4 2825 3374 -1 -1 2721 0.00400557
Chain
	Aln	346	+2f941100-7098-42f6-8a38-0bd01492d5ad 10 2927 2938 +edge_174_0_+disjointig_227_0_6081 3153 6071 6081 -1 -1 2896 0
Chain
	Aln	347	-2f941100-7098-42f6-8a38-0bd01492d5ad 10 2927 2938 -edge_174_0_+disjointig_227_0_6081 9 2927 6081 -1 -1 2896 0
Chain
	Aln	26	+e18e5d80-0703-40c6-9e35-a913deb31c4a 199 1808 1813 +edge_14_0_+disjointig_103_9000_10679 4 1613 1679 -1 -1 1603 0.00139633
Chain
	Aln	27	-e18e5d80-0703-40c6-9e35-a913deb31c4a 4 1613 1813 -edge_14_0_+disjointig_103_9000_10679 65 1674 1679 -1 -1 1603 0.00139633
Chain
	Aln	691	+5ebc462b-e459-40b2-b1fc-cc012effad96 12 3364 3366 -edge_346_0_+disjointig_82_0_9722 6305 9655 9722 -1 -1 3342 0.000778916
Chain
	Aln	690	-5ebc462b-e459-40b2-b1fc-cc012effad96 1 3353 3366 +edge_346_0_+disjointig_82_0_9722 66 3416 9722 -1 -1 3342 0.000778916
Chain
	Aln	323	+d276294d-757c-41af-b8d3-f3e6efcf6b05 9 1470 3043 -edge_162_0_+disjointig_217_13921_25831 10453 11909 11910 -1 -1 1428 0.00366366
	Aln	319	+d276294d-757c-41af-b8d3-f3e6efcf6b05 1479 3039 3043 -edge_160_0_+disjointig_217_11253_13921 8 1581 2668 -1 -1 1548 0.00479086
Chain
	Aln	318	-d276294d-757c-41af-b8d3-f3e6efcf6b05 3 1563 3043 +edge_160_0_+disjointig_217_11253_13921 1086 2659 2668 -1 -1 1548 0.00479086
	Aln	322	-d276294d-757c-41af-b8d3-f3e6efcf6b05 1572 3033 3043 +edge_162_0_+disjointig_217_13921_25831 0 1456 11910 -1 -1 1428 0.00366366
Chain
	Aln	106	+d33e195c-1163-456a-911d-07b01e639135 27 1851 1855 +edge_54_0_+disjointig_125_0_13260 7240 9067 13260 -1 -1 1810 6.88767e-05
Chain
	Aln	107	-d33e195c-1163-456a-911d-07b01e639135 3 1827 1855 -edge_54_0_+disjointig_125_0_13260 4192 6019 13260 -1 -1 1810 6.88767e-05
Chain
	Aln	376	+3265b2cc-4d02-4792-8d18-6a50c0341d6f 10 1213 1218 +edge_189_0_+disjointig_240_0_21824 8927 10128 21824 -1 -1 1182 0.00032559
Chain
	Aln	377	-3265b2cc-4d02-4792-8d18-6a50c0341d6f 4 1207 1218 -edge_189_0_+disjointig_240_0_21824 11695 12896 21824 -1 -1 1182 0.00032559
Chain
	Aln	151	+4b2a8150-cb58-4f15-a892-3b6d1be380d1 9 1968 1972 -edge_76_0_+disjointig_146_0_22270 12261 14218 22270 -1 -1 1956 0.000220663
Chain
	Aln	150	-4b2a8150-cb58-4f15-a892-3b6d1be380d1 3 1962 1972 +edge_76_0_+disjointig_146_0_22270 8051 10008 22270 -1 -1 1956 0.000220663
Chain
	Aln	623	+887722b8-b04a-4d16-b948-46e9fee97181 11 6432 6491 -edge_312_0_+disjointig_40_0_16996 2980 9458 16996 -1 -1 6109 0.00454221
Chain
	Aln	622	-887722b8-b04a-4d16-b948-46e9fee97181 58 6479 6491 +edge_312_0_+disjointig_40_0_16996 7537 14015 16996 -1 -1 6109 0.00454221
Chain
	Aln	739	+f42c03c5-e4d4-4ffc-9974-760a424592a1 16 1918 1927 -edge_370_0_-disjointig_66_3457_23755 13813 15717 20298 -1 -1 1891 0.00411879
Chain
	Aln	738	-f42c03c5-e4d4-4ffc-9974-760a424592a1 8 1910 1927 +edge_370_0_-disjointig_66_3457_23755 4580 6484 20298 -1 -1 1891 0.00411879
Chain
	Aln	79	+03293e9f-029b-4051-b50f-1bf245c7d8c7 42 1854 1861 -edge_40_0_+disjointig_113_0_8453 2201 4011 8453 -1 -1 1798 0
Chain
	Aln	78	-03293e9f-029b-4051-b50f-1bf245c7d8c7 6 1818 1861 +edge_40_0_+disjointig_113_0_8453 4441 6251 8453 -1 -1 1798 0
Chain
	Aln	622	+3f511274-dcf2-48ea-89d9-6e5b21677ef2 6 4916 4918 +edge_312_0_+disjointig_40_0_16996 9321 14230 16996 -1 -1 4887 0.00178325
Chain
	Aln	623	-3f511274-dcf2-48ea-89d9-6e5b21677ef2 1 4911 4918 -edge_312_0_+disjointig_40_0_16996 2765 7674 16996 -1 -1 4887 0.00178325
Chain
	Aln	82	+2108249d-47ee-4116-80c7-7ea8b343b0b6 97 2274 2279 +edge_42_0_+disjointig_115_0_26307 8852 11028 26307 -1 -1 2034 0.0051128
Chain
	Aln	83	-2108249d-47ee-4116-80c7-7ea8b343b0b6 4 2181 2279 -edge_42_0_+disjointig_115_0_26307 15278 17454 26307 -1 -1 2034 0.0051128
Chain
	Aln	761	+4e928f42-8602-4260-a569-5902dc5483e0 9 4642 4644 -edge_381_0_-disjointig_45_0_30722 23683 28317 30722 -1 -1 4575 0.00152649
Chain
	Aln	760	-4e928f42-8602-4260-a569-5902dc5483e0 1 4634 4644 +edge_381_0_-disjointig_45_0_30722 2404 7038 30722 -1 -1 4575 0.00152649
Chain
	Aln	83	+64344a82-e73b-450d-875f-60cfbc8bb262 21 3051 3068 -edge_42_0_+disjointig_115_0_26307 14280 17311 26307 -1 -1 2954 0.00116418
Chain
	Aln	82	-64344a82-e73b-450d-875f-60cfbc8bb262 16 3046 3068 +edge_42_0_+disjointig_115_0_26307 8995 12026 26307 -1 -1 2954 0.00116418
Chain
	Aln	291	+1f9086ef-a994-40a6-aa47-aa93a39a3d98 10 2087 2107 -edge_146_0_+disjointig_208_0_19308 4166 6243 19308 -1 -1 2070 0.00106092
Chain
	Aln	290	-1f9086ef-a994-40a6-aa47-aa93a39a3d98 19 2096 2107 +edge_146_0_+disjointig_208_0_19308 13064 15141 19308 -1 -1 2070 0.00106092
Chain
	Aln	702	+84a51f2e-4f37-4f33-b531-4dc35c51ad2b 1 4677 5332 +edge_352_0_+disjointig_88_0_9532 1 4689 9532 -1 -1 4635 0.00170737
Chain
	Aln	703	-84a51f2e-4f37-4f33-b531-4dc35c51ad2b 654 5330 5332 -edge_352_0_+disjointig_88_0_9532 4842 9530 9532 -1 -1 4635 0.00170737
Chain
	Aln	765	+1ce3e329-19dc-4dec-a8c8-231102180588 24 2388 2394 -edge_383_0_+disjointig_37_1412_10185 4664 7027 8773 -1 -1 2220 0.00772823
Chain
	Aln	764	-1ce3e329-19dc-4dec-a8c8-231102180588 5 2369 2394 +edge_383_0_+disjointig_37_1412_10185 1745 4108 8773 -1 -1 2220 0.00772823
Chain
	Aln	323	+ac964ee1-9166-47eb-bf88-c54e784e2ac7 6 3308 3318 -edge_162_0_+disjointig_217_13921_25831 3101 6403 11910 -1 -1 3293 0.000486064
Chain
	Aln	322	-ac964ee1-9166-47eb-bf88-c54e784e2ac7 9 3311 3318 +edge_162_0_+disjointig_217_13921_25831 5506 8808 11910 -1 -1 3293 0.000486064
Chain
	Aln	574	+786c080e-8bb6-4e6e-97be-325e50e78456 14 1750 3890 +edge_288_0_+disjointig_318_0_5839 4099 5835 5839 -1 -1 1736 0
Chain
	Aln	575	-786c080e-8bb6-4e6e-97be-325e50e78456 2139 3875 3890 -edge_288_0_+disjointig_318_0_5839 3 1739 5839 -1 -1 1736 0
Chain
	Aln	646	+083f06a3-bb3f-44a1-beab-2d0994a0a5d7 6 1980 1987 +edge_324_0_+disjointig_55_0_20283 1192 3169 20283 -1 -1 1966 0.00109196
Chain
	Aln	647	-083f06a3-bb3f-44a1-beab-2d0994a0a5d7 6 1980 1987 -edge_324_0_+disjointig_55_0_20283 17113 19090 20283 -1 -1 1966 0.00109196
Chain
	Aln	389	+c0bcbfc7-24c9-4ab1-85d8-a8e504ab70d0 12 2572 2581 -edge_195_0_+disjointig_246_0_5529 2105 4663 5529 -1 -1 2489 0.00237073
Chain
	Aln	388	-c0bcbfc7-24c9-4ab1-85d8-a8e504ab70d0 8 2568 2581 +edge_195_0_+disjointig_246_0_5529 865 3423 5529 -1 -1 2489 0.00237073
Chain
	Aln	639	+fd39f519-0561-4075-9f0a-08b538c8885d 15 4559 4562 -edge_320_0_+disjointig_51_0_24344 14 4493 24344 -1 -1 4273 0.00415482
Chain
	Aln	638	-fd39f519-0561-4075-9f0a-08b538c8885d 2 4546 4562 +edge_320_0_+disjointig_51_0_24344 19850 24329 24344 -1 -1 4273 0.00415482
Chain
	Aln	741	+cbfcac32-ed12-4acf-882b-271699281274 9 1509 1514 -edge_371_0_+disjointig_300_12_10635 8646 10146 10623 -1 -1 1188 0.0201993
Chain
	Aln	740	-cbfcac32-ed12-4acf-882b-271699281274 4 1504 1514 +edge_371_0_+disjointig_300_12_10635 476 1976 10623 -1 -1 1188 0.0201993
Chain
	Aln	696	+aad48f6a-94fe-4296-8e24-d00954e50ffd 20 1404 1407 +edge_349_0_+disjointig_85_0_17144 9123 10510 17144 -1 -1 1359 0.00084285
Chain
	Aln	697	-aad48f6a-94fe-4296-8e24-d00954e50ffd 2 1386 1407 -edge_349_0_+disjointig_85_0_17144 6633 8020 17144 -1 -1 1359 0.00084285
Chain
	Aln	609	+887bf265-21da-4121-b78c-9e57227c78b7 9 4535 4543 -edge_305_0_+disjointig_35_0_17453 2148 6669 17453 -1 -1 4411 0.00255857
Chain
	Aln	608	-887bf265-21da-4121-b78c-9e57227c78b7 7 4533 4543 +edge_305_0_+disjointig_35_0_17453 10783 15304 17453 -1 -1 4411 0.00255857
Chain
	Aln	671	+351eec1d-f18f-42b9-bfd9-cbf467246414 12 4470 11473 -edge_336_0_+disjointig_70_0_4477 11 4476 4477 -1 -1 4302 0.00266537
Chain
	Aln	670	-351eec1d-f18f-42b9-bfd9-cbf467246414 7002 11460 11473 +edge_336_0_+disjointig_70_0_4477 0 4465 4477 -1 -1 4302 0.00266537
Chain
	Aln	281	+4b94d184-2d75-4c8e-8b87-e225fce1df5f 10 1217 1688 -edge_141_0_+disjointig_203_0_4314 3101 4308 4314 -1 -1 1194 0
Chain
	Aln	280	-4b94d184-2d75-4c8e-8b87-e225fce1df5f 470 1677 1688 +edge_141_0_+disjointig_203_0_4314 5 1212 4314 -1 -1 1194 0
Chain
	Aln	43	+8e5393e3-6408-49eb-ba89-286dc44b65d6 0 1575 6154 -edge_22_0_+disjointig_107_0_25761 24190 25760 25761 -1 -1 1527 0.0035387
Chain
	Aln	42	-8e5393e3-6408-49eb-ba89-286dc44b65d6 4578 6153 6154 +edge_22_0_+disjointig_107_0_25761 0 1570 25761 -1 -1 1527 0.0035387
Chain
	Aln	716	+0f064bac-9673-437e-b7a6-51dd066d2190 6 1048 1052 +edge_359_0_+disjointig_96_0_23495 692 1734 23495 -1 -1 1042 0
Chain
	Aln	717	-0f064bac-9673-437e-b7a6-51dd066d2190 3 1045 1052 -edge_359_0_+disjointig_96_0_23495 21760 22802 23495 -1 -1 1042 0
Chain
	Aln	167	+b9bee082-265b-44c7-abf2-cc0d85088c14 14 4689 4708 -edge_84_0_+disjointig_155_0_11844 13 4703 11844 -1 -1 4397 0.00859859
Chain
	Aln	166	-b9bee082-265b-44c7-abf2-cc0d85088c14 18 4693 4708 +edge_84_0_+disjointig_155_0_11844 7140 11830 11844 -1 -1 4397 0.00859859
Chain
	Aln	691	+b7e5322c-cc2d-4849-8fa4-94eec20ec730 13 2133 2138 -edge_346_0_+disjointig_82_0_9722 5458 7586 9722 -1 -1 2033 0.00542149
Chain
	Aln	690	-b7e5322c-cc2d-4849-8fa4-94eec20ec730 4 2124 2138 +edge_346_0_+disjointig_82_0_9722 2135 4263 9722 -1 -1 2033 0.00542149
Chain
	Aln	514	+a823895f-9ef9-462f-91d2-63f1e467e784 28 1452 1458 +edge_258_0_+disjointig_294_0_4039 1079 2504 4039 -1 -1 1417 0
Chain
	Aln	515	-a823895f-9ef9-462f-91d2-63f1e467e784 5 1429 1458 -edge_258_0_+disjointig_294_0_4039 1534 2959 4039 -1 -1 1417 0
Chain
	Aln	639	+e9c5275f-527d-40c7-9aec-fe34a60c4f70 13 1646 1653 -edge_320_0_+disjointig_51_0_24344 21499 23133 24344 -1 -1 1612 0.00419083
Chain
	Aln	638	-e9c5275f-527d-40c7-9aec-fe34a60c4f70 6 1639 1653 +edge_320_0_+disjointig_51_0_24344 1210 2844 24344 -1 -1 1612 0.00419083
Chain
	Aln	714	+a4543774-4726-471f-b5b6-0074b01a0200 14 1568 1574 +edge_358_0_+disjointig_95_0_21066 16764 18320 21066 -1 -1 1460 0.0115291
Chain
	Aln	715	-a4543774-4726-471f-b5b6-0074b01a0200 5 1559 1574 -edge_358_0_+disjointig_95_0_21066 2745 4301 21066 -1 -1 1460 0.0115291
Chain
	Aln	716	+5f52df96-23d9-4298-b103-ec4a820be46c 11 9242 9259 +edge_359_0_+disjointig_96_0_23495 14251 23479 23495 -1 -1 9165 0.000223576
Chain
	Aln	717	-5f52df96-23d9-4298-b103-ec4a820be46c 16 9247 9259 -edge_359_0_+disjointig_96_0_23495 15 9243 23495 -1 -1 9165 0.000223576
Chain
	Aln	239	+da314271-259e-4700-b828-d1fffebf50f2 10 5888 5897 -edge_120_0_+disjointig_186_0_20482 767 6656 20482 -1 -1 5774 0.000953106
Chain
	Aln	238	-da314271-259e-4700-b828-d1fffebf50f2 8 5886 5897 +edge_120_0_+disjointig_186_0_20482 13825 19714 20482 -1 -1 5774 0.000953106
Chain
	Aln	696	+8072e676-954f-4725-8079-f9e723f4f9d8 3 13838 13856 +edge_349_0_+disjointig_85_0_17144 1153 14985 17144 -1 -1 13643 0.00133815
Chain
	Aln	697	-8072e676-954f-4725-8079-f9e723f4f9d8 17 13852 13856 -edge_349_0_+disjointig_85_0_17144 2158 15990 17144 -1 -1 13643 0.00133815
Chain
	Aln	297	+b86c3a67-6d6e-46c5-8f42-6ab19d405c6c 7 1354 1362 -edge_149_0_+disjointig_48_14826_21803 5476 6824 6977 -1 -1 1331 0.00515235
Chain
	Aln	296	-b86c3a67-6d6e-46c5-8f42-6ab19d405c6c 7 1354 1362 +edge_149_0_+disjointig_48_14826_21803 152 1500 6977 -1 -1 1331 0.00515235
Chain
	Aln	305	+b53b541e-a2f0-4abb-814d-64e70252e659 14 1872 1876 -edge_153_0_+disjointig_211_0_2930 259 2116 2930 -1 -1 1845 0
Chain
	Aln	304	-b53b541e-a2f0-4abb-814d-64e70252e659 3 1861 1876 +edge_153_0_+disjointig_211_0_2930 813 2670 2930 -1 -1 1845 0
Chain
	Aln	710	+aa8684f3-aa0a-43ca-955c-63428fcdb375 2819 9282 9289 +edge_356_0_+disjointig_93_0_25924 1 6463 25924 -1 -1 6339 0.00210883
Chain
	Aln	711	-aa8684f3-aa0a-43ca-955c-63428fcdb375 6 6469 9289 -edge_356_0_+disjointig_93_0_25924 19460 25922 25924 -1 -1 6339 0.00210883
Chain
	Aln	696	+75b9eb09-ba8e-4991-993e-c8efe95dfe3c 1088 3582 3584 +edge_349_0_+disjointig_85_0_17144 2 2498 17144 -1 -1 2481 0.00316744
Chain
	Aln	697	-75b9eb09-ba8e-4991-993e-c8efe95dfe3c 1 2495 3584 -edge_349_0_+disjointig_85_0_17144 14645 17141 17144 -1 -1 2481 0.00316744
Chain
	Aln	551	+4f8481f4-7af3-4037-89c7-62001ad833da 15 3512 3520 -edge_276_0_+disjointig_31_0_9855 6348 9847 9855 -1 -1 3457 0.000902323
Chain
	Aln	550	-4f8481f4-7af3-4037-89c7-62001ad833da 7 3504 3520 +edge_276_0_+disjointig_31_0_9855 7 3506 9855 -1 -1 3457 0.000902323
Chain
	Aln	760	+fb64b763-ba05-4684-b3b4-c7b022a6b241 5 1589 1594 +edge_381_0_-disjointig_45_0_30722 15277 16861 30722 -1 -1 1584 0
Chain
	Aln	761	-fb64b763-ba05-4684-b3b4-c7b022a6b241 4 1588 1594 -edge_381_0_-disjointig_45_0_30722 13860 15444 30722 -1 -1 1584 0
Chain
	Aln	140	+f3515e02-f706-4954-9ccf-740c2e7aeaf7 9 1199 1211 +edge_71_0_+disjointig_140_0_13641 9771 10961 13641 -1 -1 1122 0.00567369
Chain
	Aln	141	-f3515e02-f706-4954-9ccf-740c2e7aeaf7 11 1201 1211 -edge_71_0_+disjointig_140_0_13641 2679 3869 13641 -1 -1 1122 0.00567369
Chain
	Aln	761	+9c5fb2bd-b59a-488a-91f3-6236a9b6559e 10 3636 3640 -edge_381_0_-disjointig_45_0_30722 13846 17468 30722 -1 -1 3588 0.00105557
Chain
	Aln	760	-9c5fb2bd-b59a-488a-91f3-6236a9b6559e 3 3629 3640 +edge_381_0_-disjointig_45_0_30722 13253 16875 30722 -1 -1 3588 0.00105557
Chain
	Aln	139	+819eb344-b5c2-4452-a9da-51ba7066a94f 11 1162 1174 -edge_70_0_-disjointig_67_10521_41118 7993 9142 30597 -1 -1 1090 0.00905055
Chain
	Aln	138	-819eb344-b5c2-4452-a9da-51ba7066a94f 11 1162 1174 +edge_70_0_-disjointig_67_10521_41118 21454 22603 30597 -1 -1 1090 0.00905055
Chain
	Aln	752	+aa416ba6-ca70-4705-80dc-cfebe46478b3 10 1708 1710 +edge_377_3_-disjointig_41_21233_26118 549 2247 4885 -1 -1 1679 0.00253469
Chain
	Aln	753	-aa416ba6-ca70-4705-80dc-cfebe46478b3 1 1699 1710 -edge_377_3_-disjointig_41_21233_26118 2637 4335 4885 -1 -1 1679 0.00253469
Chain
	Aln	744	+d238ce17-5928-43d1-9b22-b47b284d01aa 68 5430 5432 +edge_373_0_+disjointig_92_0_14318 1 5363 14318 -1 -1 5299 0.00169212
Chain
	Aln	745	-d238ce17-5928-43d1-9b22-b47b284d01aa 1 5363 5432 -edge_373_0_+disjointig_92_0_14318 8954 14316 14318 -1 -1 5299 0.00169212
Chain
	Aln	684	+fbc365f3-7e0f-4b84-a476-c764370de476 3 1589 1591 +edge_343_0_+disjointig_79_0_7287 3497 5084 7287 -1 -1 1562 0.00268755
Chain
	Aln	685	-fbc365f3-7e0f-4b84-a476-c764370de476 1 1587 1591 -edge_343_0_+disjointig_79_0_7287 2202 3789 7287 -1 -1 1562 0.00268755
Chain
	Aln	478	+7e99cf36-e8c5-48cf-9a85-d48bcd0630a9 6 1247 1255 +edge_240_0_-disjointig_57_7953_51690 35381 36622 43737 -1 -1 1241 0.000814951
Chain
	Aln	479	-7e99cf36-e8c5-48cf-9a85-d48bcd0630a9 7 1248 1255 -edge_240_0_-disjointig_57_7953_51690 7114 8355 43737 -1 -1 1241 0.000814951
Chain
	Aln	22	+232b3efb-04be-4c1c-af8f-102377cd01ee 6 2655 2665 +edge_12_0_-disjointig_72_6780_10406 964 3617 3626 -1 -1 2546 0.00580369
Chain
	Aln	23	-232b3efb-04be-4c1c-af8f-102377cd01ee 9 2658 2665 -edge_12_0_-disjointig_72_6780_10406 8 2661 3626 -1 -1 2546 0.00580369
Chain
	Aln	701	+8d3ae9d4-f926-444c-a233-fc933c135036 4900 8175 9443 -edge_351_0_+disjointig_87_0_9199 17 3299 9199 -1 -1 3147 0.000926308
Chain
	Aln	228	+8d3ae9d4-f926-444c-a233-fc933c135036 26 2763 9443 +edge_115_0_+disjointig_181_0_5172 2432 5170 5172 -1 -1 2692 0
Chain
	Aln	700	-8d3ae9d4-f926-444c-a233-fc933c135036 1267 4542 9443 +edge_351_0_+disjointig_87_0_9199 5899 9181 9199 -1 -1 3147 0.000926308
Chain
	Aln	229	-8d3ae9d4-f926-444c-a233-fc933c135036 6679 9416 9443 -edge_115_0_+disjointig_181_0_5172 1 2739 5172 -1 -1 2692 0
Chain
	Aln	562	+2cb77185-c5dc-4691-a79c-3dbf5dc912c3 11 1928 1936 +edge_282_0_+disjointig_312_0_5422 467 2386 5422 -1 -1 1867 0.0031368
Chain
	Aln	563	-2cb77185-c5dc-4691-a79c-3dbf5dc912c3 7 1924 1936 -edge_282_0_+disjointig_312_0_5422 3035 4954 5422 -1 -1 1867 0.0031368
Chain
	Aln	618	+dbeb440e-25cd-41d1-aa0e-e4fca94fcb11 8 3762 3772 +edge_310_0_+disjointig_39_0_32732 13487 17242 32732 -1 -1 3694 0.00193993
Chain
	Aln	619	-dbeb440e-25cd-41d1-aa0e-e4fca94fcb11 9 3763 3772 -edge_310_0_+disjointig_39_0_32732 15489 19244 32732 -1 -1 3694 0.00193993
Chain
	Aln	687	+952c7a9c-31a1-4f42-947e-db1b5d5a9456 16 12594 14195 -edge_344_0_+disjointig_80_0_12633 15 12632 12633 -1 -1 11954 0.00670436
Chain
	Aln	686	-952c7a9c-31a1-4f42-947e-db1b5d5a9456 1600 14178 14195 +edge_344_0_+disjointig_80_0_12633 0 12617 12633 -1 -1 11954 0.00670436
Chain
	Aln	314	+7469dcf3-fa5f-40d3-8471-a4d9e6797126 41 1055 1059 +edge_158_0_+disjointig_216_0_12995 44 1055 12995 -1 -1 1008 0
Chain
	Aln	315	-7469dcf3-fa5f-40d3-8471-a4d9e6797126 3 1017 1059 -edge_158_0_+disjointig_216_0_12995 11939 12950 12995 -1 -1 1008 0
Chain
	Aln	82	+3e8df9d0-e613-4440-9178-96d35bf47fa3 17 3454 3460 +edge_42_0_+disjointig_115_0_26307 15935 19377 26307 -1 -1 3418 3.03695e-05
Chain
	Aln	83	-3e8df9d0-e613-4440-9178-96d35bf47fa3 5 3442 3460 -edge_42_0_+disjointig_115_0_26307 6929 10371 26307 -1 -1 3418 3.03695e-05
Chain
	Aln	394	+f483345f-1272-40ae-b0a5-cd3ff2fd8d31 8 4740 5615 +edge_198_0_+disjointig_249_0_4747 8 4738 4747 -1 -1 4715 0.000295924
Chain
	Aln	395	-f483345f-1272-40ae-b0a5-cd3ff2fd8d31 874 5606 5615 -edge_198_0_+disjointig_249_0_4747 8 4738 4747 -1 -1 4715 0.000295924
Chain
	Aln	684	+97bead86-fb70-4ee6-8c25-36de37f87da3 9 2072 2095 +edge_343_0_+disjointig_79_0_7287 4714 6784 7287 -1 -1 2016 0.00346268
Chain
	Aln	685	-97bead86-fb70-4ee6-8c25-36de37f87da3 22 2085 2095 -edge_343_0_+disjointig_79_0_7287 502 2572 7287 -1 -1 2016 0.00346268
Chain
	Aln	655	+f019cfb8-2aba-4e7e-8d0d-6df83990f525 12 2476 2478 -edge_328_0_+disjointig_60_0_13874 9479 11945 13874 -1 -1 2447 0.00150407
Chain
	Aln	654	-f019cfb8-2aba-4e7e-8d0d-6df83990f525 1 2465 2478 +edge_328_0_+disjointig_60_0_13874 1928 4394 13874 -1 -1 2447 0.00150407
Chain
	Aln	106	+c5a4dccc-578e-49d1-b6f3-2abdc112347c 20 9882 9894 +edge_54_0_+disjointig_125_0_13260 3382 13249 13260 -1 -1 9762 0.00237129
Chain
	Aln	107	-c5a4dccc-578e-49d1-b6f3-2abdc112347c 11 9873 9894 -edge_54_0_+disjointig_125_0_13260 10 9877 13260 -1 -1 9762 0.00237129
Chain
	Aln	110	+bc386956-1085-4dd1-82a5-85ecc2e3e1e8 504 7739 7748 +edge_56_0_+disjointig_127_0_7260 1 7252 7260 -1 -1 6492 0.0106181
Chain
	Aln	111	-bc386956-1085-4dd1-82a5-85ecc2e3e1e8 8 7243 7748 -edge_56_0_+disjointig_127_0_7260 7 7258 7260 -1 -1 6492 0.0106181
Chain
	Aln	376	+99d1a6c9-27a7-41df-b7a0-d5a5ff72be26 5 1191 1196 +edge_189_0_+disjointig_240_0_21824 15905 17091 21824 -1 -1 1186 0.00113777
Chain
	Aln	377	-99d1a6c9-27a7-41df-b7a0-d5a5ff72be26 4 1190 1196 -edge_189_0_+disjointig_240_0_21824 4732 5918 21824 -1 -1 1186 0.00113777
Chain
	Aln	192	+289c8fe2-a80f-4bab-80f4-9ddf023577bc 7 5099 5107 +edge_97_0_+disjointig_165_0_15540 1211 6308 15540 -1 -1 4955 0.00263582
Chain
	Aln	193	-289c8fe2-a80f-4bab-80f4-9ddf023577bc 7 5099 5107 -edge_97_0_+disjointig_165_0_15540 9231 14328 15540 -1 -1 4955 0.00263582
Chain
	Aln	68	+20e3c3f9-8953-440e-ae63-8068b91ab465 6 2655 2658 +edge_35_0_-disjointig_12_5975_11622 250 2895 5647 -1 -1 2621 0.00243519
Chain
	Aln	69	-20e3c3f9-8953-440e-ae63-8068b91ab465 2 2651 2658 -edge_35_0_-disjointig_12_5975_11622 2751 5396 5647 -1 -1 2621 0.00243519
Chain
	Aln	317	+6f579ac4-dfbf-4fd7-a89e-66265b7f18a8 5 1483 1532 -edge_159_0_+disjointig_217_0_11253 6431 7902 11253 -1 -1 1412 0.00317468
Chain
	Aln	316	-6f579ac4-dfbf-4fd7-a89e-66265b7f18a8 48 1526 1532 +edge_159_0_+disjointig_217_0_11253 3350 4821 11253 -1 -1 1412 0.00317468
Chain
	Aln	344	+09563882-757f-4aa8-83b8-852fa7e1965e 6 1730 1736 +edge_173_0_+disjointig_226_0_4019 1111 2835 4019 -1 -1 1701 0.00484121
Chain
	Aln	345	-09563882-757f-4aa8-83b8-852fa7e1965e 5 1729 1736 -edge_173_0_+disjointig_226_0_4019 1183 2907 4019 -1 -1 1701 0.00484121
Chain
	Aln	106	+c37d0f2e-1b8d-4053-9077-7173975fada1 6 1934 1942 +edge_54_0_+disjointig_125_0_13260 4774 6704 13260 -1 -1 1886 0.00437111
Chain
	Aln	107	-c37d0f2e-1b8d-4053-9077-7173975fada1 7 1935 1942 -edge_54_0_+disjointig_125_0_13260 6555 8485 13260 -1 -1 1886 0.00437111
Chain
	Aln	370	+d4280bf8-a1e0-4fa1-a3ef-61b6b9995440 7 1412 1421 +edge_186_0_+disjointig_238_0_4153 2621 4021 4153 -1 -1 1270 0.0116657
Chain
	Aln	371	-d4280bf8-a1e0-4fa1-a3ef-61b6b9995440 8 1413 1421 -edge_186_0_+disjointig_238_0_4153 131 1531 4153 -1 -1 1270 0.0116657
Chain
	Aln	151	+6c03abc5-397b-46e0-915a-43cd5f896a6c 9 2769 2776 -edge_76_0_+disjointig_146_0_22270 6653 9416 22270 -1 -1 2755 0
Chain
	Aln	150	-6c03abc5-397b-46e0-915a-43cd5f896a6c 6 2766 2776 +edge_76_0_+disjointig_146_0_22270 12853 15616 22270 -1 -1 2755 0
Chain
	Aln	35	+e87f29fe-2677-49bf-b9db-78bbb6566010 9 3160 3186 -edge_18_0_-disjointig_8_5986_18521 1415 4564 12535 -1 -1 3106 0.00119983
Chain
	Aln	34	-e87f29fe-2677-49bf-b9db-78bbb6566010 25 3176 3186 +edge_18_0_-disjointig_8_5986_18521 7970 11119 12535 -1 -1 3106 0.00119983
Chain
	Aln	103	+21fece8d-cddc-472b-a887-8b85f76cfc75 22 4302 4324 -edge_52_0_+disjointig_123_0_17590 6868 11151 17590 -1 -1 4212 0.00222733
Chain
	Aln	102	-21fece8d-cddc-472b-a887-8b85f76cfc75 21 4301 4324 +edge_52_0_+disjointig_123_0_17590 6438 10721 17590 -1 -1 4212 0.00222733
Chain
	Aln	7	+49efe7e2-d767-4e6f-b10d-c9ccd22a771e 2 5650 5681 -edge_4_0_+disjointig_10_0_20168 5215 10867 20168 -1 -1 5576 0.000297975
Chain
	Aln	6	-49efe7e2-d767-4e6f-b10d-c9ccd22a771e 30 5678 5681 +edge_4_0_+disjointig_10_0_20168 9300 14952 20168 -1 -1 5576 0.000297975
Chain
	Aln	267	+9485e563-cf5e-4095-86b6-96c62e0ed77a 22 2905 3970 -edge_134_0_+disjointig_196_0_9620 6736 9619 9620 -1 -1 2883 0
Chain
	Aln	266	-9485e563-cf5e-4095-86b6-96c62e0ed77a 1064 3947 3970 +edge_134_0_+disjointig_196_0_9620 0 2883 9620 -1 -1 2883 0
Chain
	Aln	715	+caa8b554-5ceb-498d-a8da-486d17923f47 10 3640 3645 -edge_358_0_+disjointig_95_0_21066 6580 10209 21066 -1 -1 3559 0
Chain
	Aln	714	-caa8b554-5ceb-498d-a8da-486d17923f47 4 3634 3645 +edge_358_0_+disjointig_95_0_21066 10856 14485 21066 -1 -1 3559 0
Chain
	Aln	552	+54a6d693-7732-4d49-b8bc-a4c654772351 23 5443 5449 +edge_277_0_+disjointig_310_0_9201 3785 9196 9201 -1 -1 5355 0.000607394
Chain
	Aln	553	-54a6d693-7732-4d49-b8bc-a4c654772351 5 5425 5449 -edge_277_0_+disjointig_310_0_9201 4 5415 9201 -1 -1 5355 0.000607394
Chain
	Aln	290	+c833f41c-5efc-4e1b-b916-e5588ab2c740 11 11299 11303 +edge_146_0_+disjointig_208_0_19308 8017 19305 19308 -1 -1 11234 0.00140893
Chain
	Aln	291	-c833f41c-5efc-4e1b-b916-e5588ab2c740 3 11291 11303 -edge_146_0_+disjointig_208_0_19308 2 11290 19308 -1 -1 11234 0.00140893
Chain
	Aln	131	+9e4afde0-ab6f-4fe3-9f5d-2af1fc751f46 11 4443 4456 -edge_66_0_+disjointig_138_0_38214 26482 30910 38214 -1 -1 4387 0.00154895
Chain
	Aln	130	-9e4afde0-ab6f-4fe3-9f5d-2af1fc751f46 12 4444 4456 +edge_66_0_+disjointig_138_0_38214 7303 11731 38214 -1 -1 4387 0.00154895
Chain
	Aln	209	+aecb3fa1-6058-43c8-88f9-f743d972807a 2 2961 2963 -edge_105_0_+disjointig_171_0_8870 5907 8868 8870 -1 -1 2939 0.00100263
Chain
	Aln	208	-aecb3fa1-6058-43c8-88f9-f743d972807a 1 2960 2963 +edge_105_0_+disjointig_171_0_8870 1 2962 8870 -1 -1 2939 0.00100263
Chain
	Aln	202	+262daf17-ecb1-427a-bd01-a29e0fa7d998 99 1419 1429 +edge_102_0_+disjointig_169_0_8808 2 1323 8808 -1 -1 1278 0.00317959
Chain
	Aln	203	-262daf17-ecb1-427a-bd01-a29e0fa7d998 9 1329 1429 -edge_102_0_+disjointig_169_0_8808 7484 8805 8808 -1 -1 1278 0.00317959
Chain
	Aln	128	+3217489d-1ed0-449a-86a5-b87a49b24974 6 5172 5184 +edge_65_0_+disjointig_137_0_9196 6 5172 9196 -1 -1 5114 0.00107876
Chain
	Aln	129	-3217489d-1ed0-449a-86a5-b87a49b24974 11 5177 5184 -edge_65_0_+disjointig_137_0_9196 4023 9189 9196 -1 -1 5114 0.00107876
Chain
	Aln	697	+89fcd441-9134-4ed1-96d9-ea9878a80a82 7 3431 3436 -edge_349_0_+disjointig_85_0_17144 6777 10199 17144 -1 -1 3406 0.000768147
Chain
	Aln	696	-89fcd441-9134-4ed1-96d9-ea9878a80a82 4 3428 3436 +edge_349_0_+disjointig_85_0_17144 6944 10366 17144 -1 -1 3406 0.000768147
Chain
	Aln	650	+922f5acc-49c5-4aa3-8ecb-afbb33ae8258 2 4475 4484 +edge_326_0_+disjointig_58_0_35073 9051 13527 35073 -1 -1 4451 0.00213006
Chain
	Aln	651	-922f5acc-49c5-4aa3-8ecb-afbb33ae8258 8 4481 4484 -edge_326_0_+disjointig_58_0_35073 21545 26021 35073 -1 -1 4451 0.00213006
Chain
	Aln	656	+4fd0df4a-131b-4126-8244-57aeb8d64fa5 104 1978 1980 +edge_329_0_+disjointig_61_0_5124 9 1883 5124 -1 -1 1813 0.00174097
Chain
	Aln	657	-4fd0df4a-131b-4126-8244-57aeb8d64fa5 1 1875 1980 -edge_329_0_+disjointig_61_0_5124 3240 5114 5124 -1 -1 1813 0.00174097
Chain
	Aln	657	+21e8bbdf-f179-4af2-afa2-1df97a70f732 9 1898 1974 -edge_329_0_+disjointig_61_0_5124 3230 5123 5124 -1 -1 1872 0
Chain
	Aln	656	-21e8bbdf-f179-4af2-afa2-1df97a70f732 75 1964 1974 +edge_329_0_+disjointig_61_0_5124 0 1893 5124 -1 -1 1872 0
Chain
	Aln	218	+39f1048c-f7a8-4981-9c71-d32b4847859d 10 3912 3921 +edge_110_0_+disjointig_176_0_18510 3324 7175 18510 -1 -1 3754 0.00175111
Chain
	Aln	219	-39f1048c-f7a8-4981-9c71-d32b4847859d 8 3910 3921 -edge_110_0_+disjointig_176_0_18510 11334 15185 18510 -1 -1 3754 0.00175111
Chain
	Aln	192	+1cb5b463-cfdd-4510-9e80-72d6d4dc87ae 10 5897 5901 +edge_97_0_+disjointig_165_0_15540 5899 11797 15540 -1 -1 5808 0.00297735
Chain
	Aln	193	-1cb5b463-cfdd-4510-9e80-72d6d4dc87ae 3 5890 5901 -edge_97_0_+disjointig_165_0_15540 3742 9640 15540 -1 -1 5808 0.00297735
Chain
	Aln	236	+d8cded28-5e9b-444c-96cb-311cf78a2cd2 3 1353 1355 +edge_119_0_+disjointig_185_0_14469 4461 5826 14469 -1 -1 1318 0.00433465
Chain
	Aln	237	-d8cded28-5e9b-444c-96cb-311cf78a2cd2 1 1351 1355 -edge_119_0_+disjointig_185_0_14469 8642 10007 14469 -1 -1 1318 0.00433465
Chain
	Aln	256	+3360e802-26b3-4e86-b823-3c7a51851e14 11 3664 3669 +edge_129_0_+disjointig_195_0_9643 4340 7989 9643 -1 -1 3594 0.000141702
Chain
	Aln	257	-3360e802-26b3-4e86-b823-3c7a51851e14 4 3657 3669 -edge_129_0_+disjointig_195_0_9643 1653 5302 9643 -1 -1 3594 0.000141702
Chain
	Aln	42	+eb58870a-fc5d-4f4c-8498-e49ea67e5ae9 4 4094 4115 +edge_22_0_+disjointig_107_0_25761 13075 17180 25761 -1 -1 3848 0.00464888
Chain
	Aln	43	-eb58870a-fc5d-4f4c-8498-e49ea67e5ae9 20 4110 4115 -edge_22_0_+disjointig_107_0_25761 8580 12685 25761 -1 -1 3848 0.00464888
Chain
	Aln	752	+cf24e856-35fc-4240-914f-14e2fe4b317b 25 1323 1325 +edge_377_0_+disjointig_28_27669_32566 2193 3491 4897 -1 -1 1284 0.000611773
Chain
	Aln	753	-cf24e856-35fc-4240-914f-14e2fe4b317b 1 1299 1325 -edge_377_0_+disjointig_28_27669_32566 1405 2703 4897 -1 -1 1284 0.000611773
Chain
	Aln	407	+abfac93f-fde9-4d81-baf2-65311384bcb3 5 2216 2220 -edge_204_0_+disjointig_254_0_5133 2919 5129 5133 -1 -1 2184 0
Chain
	Aln	406	-abfac93f-fde9-4d81-baf2-65311384bcb3 3 2214 2220 +edge_204_0_+disjointig_254_0_5133 3 2213 5133 -1 -1 2184 0
Chain
	Aln	255	+0dd59245-eab4-486a-a9a2-81da38a9aa8b 13 5871 5876 -edge_128_0_+disjointig_194_0_20836 11590 17451 20836 -1 -1 5793 0.000505082
Chain
	Aln	254	-0dd59245-eab4-486a-a9a2-81da38a9aa8b 4 5862 5876 +edge_128_0_+disjointig_194_0_20836 3384 9245 20836 -1 -1 5793 0.000505082
Chain
	Aln	765	+b626e51a-5c81-471f-ab1b-819bf518d52b 9 1308 1310 -edge_383_0_+disjointig_37_1412_10185 7337 8648 8773 -1 -1 1150 0.0131988
Chain
	Aln	764	-b626e51a-5c81-471f-ab1b-819bf518d52b 1 1300 1310 +edge_383_0_+disjointig_37_1412_10185 124 1435 8773 -1 -1 1150 0.0131988
Chain
	Aln	686	+e0880545-e980-4290-8328-33c98b60e3b2 4 4140 4356 +edge_344_0_+disjointig_80_0_12633 6375 10510 12633 -1 -1 4115 0
Chain
	Aln	687	-e0880545-e980-4290-8328-33c98b60e3b2 215 4351 4356 -edge_344_0_+disjointig_80_0_12633 2122 6257 12633 -1 -1 4115 0
Chain
	Aln	275	+d630fa83-e7ed-48e0-ba2a-5a3985b4cf0b 495 2031 2040 -edge_138_0_+disjointig_200_0_2348 11 1547 2348 -1 -1 1534 0.000339892
Chain
	Aln	274	-d630fa83-e7ed-48e0-ba2a-5a3985b4cf0b 8 1544 2040 +edge_138_0_+disjointig_200_0_2348 800 2336 2348 -1 -1 1534 0.000339892
Chain
	Aln	733	+959caa7d-4f8c-4d78-8536-2b05b356b4da 9 1897 1901 -edge_367_0_-disjointig_78_4405_23060 725 2613 18655 -1 -1 1866 0
Chain
	Aln	732	-959caa7d-4f8c-4d78-8536-2b05b356b4da 3 1891 1901 +edge_367_0_-disjointig_78_4405_23060 16041 17929 18655 -1 -1 1866 0
Chain
	Aln	675	+f470cc70-4d5e-41ca-84ee-fedac0a45b6a 17 4068 4073 -edge_338_0_+disjointig_73_0_7795 16 4070 7795 -1 -1 3777 0.00644674
Chain
	Aln	674	-f470cc70-4d5e-41ca-84ee-fedac0a45b6a 4 4055 4073 +edge_338_0_+disjointig_73_0_7795 3724 7778 7795 -1 -1 3777 0.00644674
Chain
	Aln	375	+7be70ee4-2322-4e18-acfa-0c55183f3ab6 4 1904 1907 -edge_188_0_+disjointig_24_0_14501 4575 6479 14501 -1 -1 1805 0.00303278
Chain
	Aln	374	-7be70ee4-2322-4e18-acfa-0c55183f3ab6 2 1902 1907 +edge_188_0_+disjointig_24_0_14501 8021 9925 14501 -1 -1 1805 0.00303278
Chain
	Aln	171	+fd9613dc-ed59-4388-809c-b8a389e79377 1473 4501 5093 -edge_86_0_+disjointig_157_0_3044 11 3043 3044 -1 -1 3003 0.000748653
Chain
	Aln	170	-fd9613dc-ed59-4388-809c-b8a389e79377 591 3619 5093 +edge_86_0_+disjointig_157_0_3044 0 3032 3044 -1 -1 3003 0.000748653
Chain
	Aln	713	+6e835a72-6d31-459f-a60c-d100c7263b24 15 2476 2478 -edge_357_0_+disjointig_94_0_2484 14 2482 2484 -1 -1 2349 0.00393387
Chain
	Aln	712	-6e835a72-6d31-459f-a60c-d100c7263b24 1 2462 2478 +edge_357_0_+disjointig_94_0_2484 1 2469 2484 -1 -1 2349 0.00393387
Chain
	Aln	408	+1c76e591-2193-4a71-bf6c-3d64bbbd4a0c 12 1090 1122 +edge_205_0_+disjointig_255_0_9104 3177 4254 9104 -1 -1 1046 0.00389619
Chain
	Aln	409	-1c76e591-2193-4a71-bf6c-3d64bbbd4a0c 31 1109 1122 -edge_205_0_+disjointig_255_0_9104 4849 5926 9104 -1 -1 1046 0.00389619
Chain
	Aln	673	+865858af-eab7-428f-a12c-c92ec26ec62f 12 8098 8678 -edge_337_0_+disjointig_71_0_8102 11 8101 8102 -1 -1 7709 0.00356939
Chain
	Aln	672	-865858af-eab7-428f-a12c-c92ec26ec62f 579 8665 8678 +edge_337_0_+disjointig_71_0_8102 0 8090 8102 -1 -1 7709 0.00356939
Chain
	Aln	476	+8a01a3d4-9613-4e07-a859-654f1c2d7bd4 2 8631 8748 +edge_239_0_+disjointig_41_9827_31060 10788 19423 21233 -1 -1 8563 0.000235087
Chain
	Aln	477	-8a01a3d4-9613-4e07-a859-654f1c2d7bd4 116 8745 8748 -edge_239_0_+disjointig_41_9827_31060 1809 10444 21233 -1 -1 8563 0.000235087
Chain
	Aln	238	+273868d5-9897-4264-bf9b-09bfd0bdab0e 4 14205 14208 +edge_120_0_+disjointig_186_0_20482 6257 20480 20482 -1 -1 13906 0.00159047
Chain
	Aln	239	-273868d5-9897-4264-bf9b-09bfd0bdab0e 2 14203 14208 -edge_120_0_+disjointig_186_0_20482 1 14224 20482 -1 -1 13906 0.00159047
Chain
	Aln	742	+201e84a9-66e6-43dc-8085-00ce1926ffdb 4 5963 11231 +edge_372_0_+disjointig_48_0_14826 8858 14817 14826 -1 -1 5918 0.000869796
	Aln	296	+201e84a9-66e6-43dc-8085-00ce1926ffdb 5973 10903 11231 +edge_149_0_+disjointig_48_14826_21803 1 4926 6977 -1 -1 4887 0.00256956
Chain
	Aln	297	-201e84a9-66e6-43dc-8085-00ce1926ffdb 327 5257 11231 -edge_149_0_+disjointig_48_14826_21803 2050 6975 6977 -1 -1 4887 0.00256956
	Aln	743	-201e84a9-66e6-43dc-8085-00ce1926ffdb 5267 11226 11231 -edge_372_0_+disjointig_48_0_14826 8 5967 14826 -1 -1 5918 0.000869796
Chain
	Aln	534	+4ffbcea3-fc3d-47bb-a30d-161708ff9b00 4 6133 6940 +edge_268_0_+disjointig_30_13453_22851 3247 9391 9398 -1 -1 5938 0.00463388
	Aln	533	+4ffbcea3-fc3d-47bb-a30d-161708ff9b00 6146 6936 6940 -edge_267_1_-disjointig_30_1017_4259 5 800 3242 -1 -1 764 0.00173873
Chain
	Aln	532	-4ffbcea3-fc3d-47bb-a30d-161708ff9b00 3 793 6940 +edge_267_1_-disjointig_30_1017_4259 2441 3236 3242 -1 -1 764 0.00173873
	Aln	535	-4ffbcea3-fc3d-47bb-a30d-161708ff9b00 806 6935 6940 -edge_268_0_+disjointig_30_13453_22851 6 6150 9398 -1 -1 5938 0.00463388
Chain
	Aln	139	+e240f5f5-3c63-4dc2-940e-c5c109cd7e10 8 1838 1864 -edge_70_0_-disjointig_67_10521_41118 5962 7794 30597 -1 -1 1820 0.00203419
Chain
	Aln	138	-e240f5f5-3c63-4dc2-940e-c5c109cd7e10 25 1855 1864 +edge_70_0_-disjointig_67_10521_41118 22802 24634 30597 -1 -1 1820 0.00203419
Chain
	Aln	631	+d13df877-04b0-49fb-90b0-4aa585f7ba0a 16 2589 2591 -edge_316_0_+disjointig_44_0_7510 15 2586 7510 -1 -1 2567 0.00293306
Chain
	Aln	630	-d13df877-04b0-49fb-90b0-4aa585f7ba0a 1 2574 2591 +edge_316_0_+disjointig_44_0_7510 4923 7494 7510 -1 -1 2567 0.00293306
Chain
	Aln	300	+93575ab2-5a76-49af-9e79-f38720164ddc 12 7018 7022 +edge_151_0_+disjointig_21_0_26556 13077 20086 26556 -1 -1 6594 0.00625866
Chain
	Aln	301	-93575ab2-5a76-49af-9e79-f38720164ddc 3 7009 7022 -edge_151_0_+disjointig_21_0_26556 6469 13478 26556 -1 -1 6594 0.00625866
Chain
	Aln	467	+0f6ed03c-3f14-4d6d-8804-d7ca18adb4df 11 3814 3816 -edge_234_0_+disjointig_28_0_27669 19422 23220 27669 -1 -1 3780 0.00171332
Chain
	Aln	466	-0f6ed03c-3f14-4d6d-8804-d7ca18adb4df 1 3804 3816 +edge_234_0_+disjointig_28_0_27669 4448 8246 27669 -1 -1 3780 0.00171332
Chain
	Aln	622	+6a5a5b4e-0001-431a-b8c3-4d943744c444 7 1905 1908 +edge_312_0_+disjointig_40_0_16996 1778 3676 16996 -1 -1 1898 0
Chain
	Aln	623	-6a5a5b4e-0001-431a-b8c3-4d943744c444 2 1900 1908 -edge_312_0_+disjointig_40_0_16996 13319 15217 16996 -1 -1 1898 0
Chain
	Aln	143	+301dda77-9ccc-46c6-9e23-fe1cdb7a14ad 16 3828 3830 -edge_72_0_+disjointig_142_0_7073 15 3828 7073 -1 -1 3628 0.00383174
Chain
	Aln	142	-301dda77-9ccc-46c6-9e23-fe1cdb7a14ad 1 3813 3830 +edge_72_0_+disjointig_142_0_7073 3244 7057 7073 -1 -1 3628 0.00383174
Chain
	Aln	138	+d69b0d4d-b175-46e8-a583-c99834ade2ac 10 4588 4593 +edge_70_0_-disjointig_67_10521_41118 19118 23699 30597 -1 -1 4060 0.0139041
Chain
	Aln	139	-d69b0d4d-b175-46e8-a583-c99834ade2ac 4 4582 4593 -edge_70_0_-disjointig_67_10521_41118 6897 11478 30597 -1 -1 4060 0.0139041
Chain
	Aln	423	+c2ae99b1-9750-409b-a76d-ff657c5af506 7 1430 1437 -edge_212_0_+disjointig_261_0_30460 26032 27461 30460 -1 -1 1377 0.00452647
Chain
	Aln	422	-c2ae99b1-9750-409b-a76d-ff657c5af506 6 1429 1437 +edge_212_0_+disjointig_261_0_30460 2998 4427 30460 -1 -1 1377 0.00452647
Chain
	Aln	650	+f275711d-05c4-4617-b8e2-4dcc8bd24714 396 1828 1832 +edge_326_0_+disjointig_58_0_35073 5 1440 35073 -1 -1 1410 0.00501854
Chain
	Aln	651	-f275711d-05c4-4617-b8e2-4dcc8bd24714 3 1435 1832 -edge_326_0_+disjointig_58_0_35073 33632 35067 35073 -1 -1 1410 0.00501854
Chain
	Aln	499	+8d2b83d8-8a3c-41c6-979c-2f79e48da75e 9 2365 3321 -edge_250_0_+disjointig_286_0_2792 435 2791 2792 -1 -1 2338 0.00101909
Chain
	Aln	498	-8d2b83d8-8a3c-41c6-979c-2f79e48da75e 955 3311 3321 +edge_250_0_+disjointig_286_0_2792 0 2356 2792 -1 -1 2338 0.00101909
Chain
	Aln	411	+e79fe349-9c6e-4b87-8801-700bf90462ce 103 5418 5420 -edge_206_0_+disjointig_256_0_5336 18 5334 5336 -1 -1 5206 0.00050454
Chain
	Aln	410	-e79fe349-9c6e-4b87-8801-700bf90462ce 1 5316 5420 +edge_206_0_+disjointig_256_0_5336 1 5317 5336 -1 -1 5206 0.00050454
Chain
	Aln	270	+b2a0255b-ff86-463d-bccf-b03e59a15d3d 1458 11843 11847 +edge_136_0_+disjointig_198_0_10386 1 10383 10386 -1 -1 9883 0.0040949
Chain
	Aln	271	-b2a0255b-ff86-463d-bccf-b03e59a15d3d 3 10388 11847 -edge_136_0_+disjointig_198_0_10386 2 10384 10386 -1 -1 9883 0.0040949
Chain
	Aln	279	+a2940f07-83f6-451a-927f-a22ee398906d 9 5720 5723 -edge_140_0_+disjointig_202_0_6544 8 5716 6544 -1 -1 5488 0.00459766
Chain
	Aln	278	-a2940f07-83f6-451a-927f-a22ee398906d 2 5713 5723 +edge_140_0_+disjointig_202_0_6544 827 6535 6544 -1 -1 5488 0.00459766
Chain
	Aln	17	+2ed6fad2-472f-4562-bb06-283d04f0bdf5 10 1013 2178 -edge_9_1_-disjointig_20_5873_7328 447 1448 1455 -1 -1 979 0.00295988
Chain
	Aln	16	-2ed6fad2-472f-4562-bb06-283d04f0bdf5 1164 2167 2178 +edge_9_1_-disjointig_20_5873_7328 6 1007 1455 -1 -1 979 0.00295988
Chain
	Aln	397	+85e88549-36a4-4193-9cad-b491b3adec66 6 1536 1543 -edge_199_0_+disjointig_25_0_3572 515 2040 3572 -1 -1 1427 0.00406198
Chain
	Aln	396	-85e88549-36a4-4193-9cad-b491b3adec66 6 1536 1543 +edge_199_0_+disjointig_25_0_3572 1531 3056 3572 -1 -1 1427 0.00406198
Chain
	Aln	650	+5f5e0706-2ab7-451b-826f-426069b9d603 12 1118 1127 +edge_326_0_+disjointig_58_0_35073 2494 3599 35073 -1 -1 1103 0.00444807
Chain
	Aln	651	-5f5e0706-2ab7-451b-826f-426069b9d603 8 1114 1127 -edge_326_0_+disjointig_58_0_35073 31473 32578 35073 -1 -1 1103 0.00444807
Chain
	Aln	192	+22179324-d6e4-42b9-b727-afac8f832a61 71 2395 2400 +edge_97_0_+disjointig_165_0_15540 2 2323 15540 -1 -1 2285 0.000636328
Chain
	Aln	193	-22179324-d6e4-42b9-b727-afac8f832a61 4 2328 2400 -edge_97_0_+disjointig_165_0_15540 13216 15537 15540 -1 -1 2285 0.000636328
Chain
	Aln	413	+4b4a697e-ea26-4d0f-9bb6-c9bd1103ec9f 1059 3775 3782 -edge_207_0_+disjointig_257_0_6336 14 2730 6336 -1 -1 2698 0
Chain
	Aln	412	-4b4a697e-ea26-4d0f-9bb6-c9bd1103ec9f 6 2722 3782 +edge_207_0_+disjointig_257_0_6336 3605 6321 6336 -1 -1 2698 0
Chain
	Aln	160	+07b22a45-1635-4e5b-b151-66349c466cb9 390 4498 4505 +edge_81_0_+disjointig_150_0_6161 1 4111 6161 -1 -1 4102 0.00163914
Chain
	Aln	161	-07b22a45-1635-4e5b-b151-66349c466cb9 6 4114 4505 -edge_81_0_+disjointig_150_0_6161 2049 6159 6161 -1 -1 4102 0.00163914
Chain
	Aln	251	+ffc82cf1-5d31-4cc8-869b-b01ee9c7c9c7 78 2165 2167 -edge_126_0_+disjointig_192_0_7005 1498 3588 7005 -1 -1 2053 0.000952919
Chain
	Aln	250	-ffc82cf1-5d31-4cc8-869b-b01ee9c7c9c7 1 2088 2167 +edge_126_0_+disjointig_192_0_7005 3416 5506 7005 -1 -1 2053 0.000952919
Chain
	Aln	316	+8df0939d-9739-4dc0-a6ff-d04a2c984ec9 26 1399 1405 +edge_159_0_+disjointig_217_0_11253 8265 9646 11253 -1 -1 1304 0.0055339
Chain
	Aln	317	-8df0939d-9739-4dc0-a6ff-d04a2c984ec9 5 1378 1405 -edge_159_0_+disjointig_217_0_11253 1606 2987 11253 -1 -1 1304 0.0055339
Chain
	Aln	143	+4c228a7e-f881-49e2-8bff-68d2e6851e16 10 1694 1700 -edge_72_0_+disjointig_142_0_7073 2746 4431 7073 -1 -1 1675 0
Chain
	Aln	142	-4c228a7e-f881-49e2-8bff-68d2e6851e16 5 1689 1700 +edge_72_0_+disjointig_142_0_7073 2641 4326 7073 -1 -1 1675 0
Chain
	Aln	721	+25a926b7-46c1-465e-b864-18472b50a2c8 2828 10328 10333 -edge_361_0_-disjointig_306_0_7714 11 7709 7714 -1 -1 6525 0.00881286
Chain
	Aln	720	-25a926b7-46c1-465e-b864-18472b50a2c8 4 7504 10333 +edge_361_0_-disjointig_306_0_7714 4 7702 7714 -1 -1 6525 0.00881286
Chain
	Aln	111	+4d2c4084-f27d-4095-a361-181c5c60d135 21 3550 3555 -edge_56_0_+disjointig_127_0_7260 1219 4743 7260 -1 -1 3507 0
Chain
	Aln	110	-4d2c4084-f27d-4095-a361-181c5c60d135 4 3533 3555 +edge_56_0_+disjointig_127_0_7260 2516 6040 7260 -1 -1 3507 0
Chain
	Aln	751	+6dbfdc00-89ad-46e5-9d30-fd582113efea 13 1891 2364 -edge_376_0_+disjointig_262_2656_4545 13 1888 1889 -1 -1 1860 0
Chain
	Aln	750	-6dbfdc00-89ad-46e5-9d30-fd582113efea 472 2350 2364 +edge_376_0_+disjointig_262_2656_4545 0 1875 1889 -1 -1 1860 0
Chain
	Aln	606	+5035b41f-e3f5-4dcf-891e-24ce59bf5aa2 2 3075 3079 +edge_304_0_+disjointig_34_0_21728 11935 15017 21728 -1 -1 2940 0.00597849
Chain
	Aln	607	-5035b41f-e3f5-4dcf-891e-24ce59bf5aa2 3 3076 3079 -edge_304_0_+disjointig_34_0_21728 6710 9792 21728 -1 -1 2940 0.00597849
Chain
	Aln	695	+3b5cbd49-46f0-4ff6-97fb-f68c533eee00 67 2303 2306 -edge_348_0_+disjointig_84_0_2307 62 2304 2307 -1 -1 1926 0.015587
Chain
	Aln	694	-3b5cbd49-46f0-4ff6-97fb-f68c533eee00 2 2238 2306 +edge_348_0_+disjointig_84_0_2307 2 2244 2307 -1 -1 1926 0.015587
Chain
	Aln	322	+82f0a93a-055a-4aa0-917a-daff150fa6b2 18 5161 5171 +edge_162_0_+disjointig_217_13921_25831 6776 11901 11910 -1 -1 4371 0.0121323
Chain
	Aln	323	-82f0a93a-055a-4aa0-917a-daff150fa6b2 9 5152 5171 -edge_162_0_+disjointig_217_13921_25831 8 5133 11910 -1 -1 4371 0.0121323
Chain
	Aln	669	+008045bd-078a-46a3-8cfc-4104a0f43b98 535 2236 2238 -edge_335_0_+disjointig_69_0_21020 16 1716 21020 -1 -1 1694 0.00263853
Chain
	Aln	668	-008045bd-078a-46a3-8cfc-4104a0f43b98 1 1702 2238 +edge_335_0_+disjointig_69_0_21020 19303 21003 21020 -1 -1 1694 0.00263853
Chain
	Aln	156	+a66d84df-7fac-4ad8-bca8-0311f8b4205e 29 1104 1108 +edge_79_0_+disjointig_149_0_13469 1037 2112 13469 -1 -1 1075 0
Chain
	Aln	157	-a66d84df-7fac-4ad8-bca8-0311f8b4205e 3 1078 1108 -edge_79_0_+disjointig_149_0_13469 11356 12431 13469 -1 -1 1075 0
Chain
	Aln	439	+4bf27829-4c02-4f40-b683-c0a3306028ec 31 4147 4154 -edge_220_0_+disjointig_267_0_20749 14589 18711 20749 -1 -1 4037 0.00254543
Chain
	Aln	438	-4bf27829-4c02-4f40-b683-c0a3306028ec 6 4122 4154 +edge_220_0_+disjointig_267_0_20749 2037 6159 20749 -1 -1 4037 0.00254543
Chain
	Aln	82	+5cad8ad5-8c52-4e68-b284-5c4cd94abacc 7 1290 1298 +edge_42_0_+disjointig_115_0_26307 9419 10701 26307 -1 -1 1258 0.00146265
Chain
	Aln	83	-5cad8ad5-8c52-4e68-b284-5c4cd94abacc 7 1290 1298 -edge_42_0_+disjointig_115_0_26307 15605 16887 26307 -1 -1 1258 0.00146265
Chain
	Aln	27	+d5d3a6db-6732-4e87-8e4e-dfe162aea22a 1045 2714 3168 -edge_14_0_+disjointig_103_9000_10679 12 1678 1679 -1 -1 1662 0.00152137
Chain
	Aln	26	-d5d3a6db-6732-4e87-8e4e-dfe162aea22a 453 2122 3168 +edge_14_0_+disjointig_103_9000_10679 0 1666 1679 -1 -1 1662 0.00152137
Chain
	Aln	501	+864f0d48-cf33-41a4-9def-6eb0828f4c93 12 2782 2784 -edge_251_0_+disjointig_287_0_2790 11 2788 2790 -1 -1 2678 0.00624077
Chain
	Aln	500	-864f0d48-cf33-41a4-9def-6eb0828f4c93 1 2771 2784 +edge_251_0_+disjointig_287_0_2790 1 2778 2790 -1 -1 2678 0.00624077
Chain
	Aln	38	+510473b4-f58f-490b-9096-acd92ed194f9 5 8925 8928 +edge_20_0_+disjointig_105_0_37299 3724 12655 37299 -1 -1 8669 0.00339842
Chain
	Aln	39	-510473b4-f58f-490b-9096-acd92ed194f9 2 8922 8928 -edge_20_0_+disjointig_105_0_37299 24643 33574 37299 -1 -1 8669 0.00339842
Chain
	Aln	746	+ed908f6f-fe4e-40d0-8207-3995bc871537 29 2217 2220 +edge_374_0_+disjointig_236_4011_12218 1688 3872 8207 -1 -1 2123 0.00240015
Chain
	Aln	747	-ed908f6f-fe4e-40d0-8207-3995bc871537 2 2190 2220 -edge_374_0_+disjointig_236_4011_12218 4334 6518 8207 -1 -1 2123 0.00240015
Chain
	Aln	118	+09290b02-60c5-4126-b704-e2d432f69252 12 22545 22555 +edge_60_0_+disjointig_131_0_25925 3393 25916 25925 -1 -1 22323 0.00122327
Chain
	Aln	119	-09290b02-60c5-4126-b704-e2d432f69252 9 22542 22555 -edge_60_0_+disjointig_131_0_25925 8 22531 25925 -1 -1 22323 0.00122327
Chain
	Aln	637	+de906ee2-9b04-4ae9-9c34-4467bfc154ed 12 11149 11156 -edge_319_0_+disjointig_50_0_16847 5685 16840 16847 -1 -1 10948 0.00118445
Chain
	Aln	636	-de906ee2-9b04-4ae9-9c34-4467bfc154ed 6 11143 11156 +edge_319_0_+disjointig_50_0_16847 6 11161 16847 -1 -1 10948 0.00118445
Chain
	Aln	53	+1e367ca9-3f40-42e9-b364-ccd8279ea8d7 1397 7908 7919 -edge_27_0_+disjointig_111_0_6531 8 6520 6531 -1 -1 6417 0.00111458
Chain
	Aln	52	-1e367ca9-3f40-42e9-b364-ccd8279ea8d7 10 6521 7919 +edge_27_0_+disjointig_111_0_6531 10 6522 6531 -1 -1 6417 0.00111458
Chain
	Aln	706	+8f681e21-7766-47ed-bbd3-0ede248aa29f 13 2585 3603 +edge_354_0_+disjointig_90_0_7377 4805 7375 7377 -1 -1 2523 0.00493181
Chain
	Aln	707	-8f681e21-7766-47ed-bbd3-0ede248aa29f 1017 3589 3603 -edge_354_0_+disjointig_90_0_7377 1 2571 7377 -1 -1 2523 0.00493181
Chain
	Aln	646	+528229b2-4378-423b-afc5-b7b3567ef31a 72 4022 4024 +edge_324_0_+disjointig_55_0_20283 7926 11877 20283 -1 -1 3930 0
Chain
	Aln	647	-528229b2-4378-423b-afc5-b7b3567ef31a 1 3951 4024 -edge_324_0_+disjointig_55_0_20283 8405 12356 20283 -1 -1 3930 0
Chain
	Aln	252	+00683fc5-c2e1-4bc2-a683-6d4ece70f1ee 11 1430 1434 +edge_127_0_+disjointig_193_0_2561 296 1711 2561 -1 -1 1398 0.00194785
Chain
	Aln	253	-00683fc5-c2e1-4bc2-a683-6d4ece70f1ee 3 1422 1434 -edge_127_0_+disjointig_193_0_2561 849 2264 2561 -1 -1 1398 0.00194785
Chain
	Aln	479	+b324bfc9-b976-4f81-8d0d-4431b35b67ba 6 3557 3664 -edge_240_0_-disjointig_57_7953_51690 5355 8912 43737 -1 -1 3127 0.0146436
Chain
	Aln	478	-b324bfc9-b976-4f81-8d0d-4431b35b67ba 106 3657 3664 +edge_240_0_-disjointig_57_7953_51690 34824 38381 43737 -1 -1 3127 0.0146436
Chain
	Aln	751	+6f6de2ba-a414-4767-99f3-4f86a883ee6e 8 1602 2090 -edge_376_0_+disjointig_262_2656_4545 294 1888 1889 -1 -1 1594 0
Chain
	Aln	750	-6f6de2ba-a414-4767-99f3-4f86a883ee6e 487 2081 2090 +edge_376_0_+disjointig_262_2656_4545 0 1594 1889 -1 -1 1594 0
Chain
	Aln	44	+264fc5b1-9499-4fc6-8a54-cf08cd54b34c 9 4756 4762 +edge_23_0_+disjointig_108_0_13573 5811 10551 13573 -1 -1 4328 0.0113448
Chain
	Aln	45	-264fc5b1-9499-4fc6-8a54-cf08cd54b34c 5 4752 4762 -edge_23_0_+disjointig_108_0_13573 3021 7761 13573 -1 -1 4328 0.0113448
Chain
	Aln	152	+62d78355-60d6-468c-8f1d-6a3a13a21d13 11 1499 1509 +edge_77_0_+disjointig_147_0_20037 1917 3407 20037 -1 -1 1472 0.000714198
Chain
	Aln	153	-62d78355-60d6-468c-8f1d-6a3a13a21d13 9 1497 1509 -edge_77_0_+disjointig_147_0_20037 16629 18119 20037 -1 -1 1472 0.000714198
Chain
	Aln	547	+68ee7359-1281-4f38-afcf-a31e2f6819f8 26 4704 4706 -edge_274_0_+disjointig_307_0_4759 84 4757 4759 -1 -1 4639 0
Chain
	Aln	546	-68ee7359-1281-4f38-afcf-a31e2f6819f8 1 4679 4706 +edge_274_0_+disjointig_307_0_4759 1 4674 4759 -1 -1 4639 0
Chain
	Aln	742	+f060f6b8-d55e-4612-b330-9c91e122fa61 6 1826 1970 +edge_372_0_+disjointig_48_0_14826 10622 12462 14826 -1 -1 967 0.0554615
Chain
	Aln	743	-f060f6b8-d55e-4612-b330-9c91e122fa61 143 1963 1970 -edge_372_0_+disjointig_48_0_14826 2363 4203 14826 -1 -1 967 0.0554615
Chain
	Aln	179	+88f9c7f7-8b62-483f-98dc-0d7ce67b6457 11 9810 9816 -edge_90_0_+disjointig_16_0_20838 10 9816 20838 -1 -1 9693 0.00176744
Chain
	Aln	178	-88f9c7f7-8b62-483f-98dc-0d7ce67b6457 5 9804 9816 +edge_90_0_+disjointig_16_0_20838 11021 20827 20838 -1 -1 9693 0.00176744
Chain
	Aln	277	+cf3ddbcd-7a01-4a8c-8323-d3057651c5f8 12 2236 2249 -edge_139_0_+disjointig_201_0_2250 11 2238 2250 -1 -1 2205 0.00191539
Chain
	Aln	276	-cf3ddbcd-7a01-4a8c-8323-d3057651c5f8 12 2236 2249 +edge_139_0_+disjointig_201_0_2250 11 2238 2250 -1 -1 2205 0.00191539
Chain
	Aln	317	+c485ff57-41e8-4106-8194-bdf776f21662 11 3886 3895 -edge_159_0_+disjointig_217_0_11253 7363 11244 11253 -1 -1 3852 0
Chain
	Aln	316	-c485ff57-41e8-4106-8194-bdf776f21662 8 3883 3895 +edge_159_0_+disjointig_217_0_11253 8 3889 11253 -1 -1 3852 0
Chain
	Aln	387	+f7130c46-2cba-4c18-b067-6798eddeb103 7 2223 2225 -edge_194_0_+disjointig_245_0_6235 4017 6233 6235 -1 -1 2200 0.00238119
Chain
	Aln	386	-f7130c46-2cba-4c18-b067-6798eddeb103 1 2217 2225 +edge_194_0_+disjointig_245_0_6235 1 2217 6235 -1 -1 2200 0.00238119
Chain
	Aln	618	+4c4a6c88-9206-493d-9bd1-dc67c35fa025 5 2624 2629 +edge_310_0_+disjointig_39_0_32732 27845 30463 32732 -1 -1 2612 0.00125701
Chain
	Aln	619	-4c4a6c88-9206-493d-9bd1-dc67c35fa025 4 2623 2629 -edge_310_0_+disjointig_39_0_32732 2268 4886 32732 -1 -1 2612 0.00125701
Chain
	Aln	250	+83f3c08f-50bc-4509-8cbe-cbb5b2e60ade 1817 8836 8840 +edge_126_0_+disjointig_192_0_7005 1 7002 7005 -1 -1 6731 0.00352892
Chain
	Aln	251	-83f3c08f-50bc-4509-8cbe-cbb5b2e60ade 3 7022 8840 -edge_126_0_+disjointig_192_0_7005 2 7003 7005 -1 -1 6731 0.00352892
Chain
	Aln	430	+5bfc1104-9627-4dcf-82db-62bcf75e5faf 2 1263 1273 +edge_216_0_+disjointig_263_0_14317 9325 10586 14317 -1 -1 1252 0
Chain
	Aln	431	-5bfc1104-9627-4dcf-82db-62bcf75e5faf 9 1270 1273 -edge_216_0_+disjointig_263_0_14317 3730 4991 14317 -1 -1 1252 0
Chain
	Aln	635	+baaaa547-5a13-44b4-948a-eed093d6bd62 130 1717 1720 -edge_318_0_+disjointig_5_0_2223 8 1595 2223 -1 -1 1587 0.00290185
Chain
	Aln	634	-baaaa547-5a13-44b4-948a-eed093d6bd62 2 1589 1720 +edge_318_0_+disjointig_5_0_2223 627 2214 2223 -1 -1 1587 0.00290185
Chain
	Aln	83	+6641c210-99cf-4b08-986a-083aba5dd3fb 18 14366 15530 -edge_42_0_+disjointig_115_0_26307 8786 23277 26307 -1 -1 12438 0.0084945
Chain
	Aln	82	-6641c210-99cf-4b08-986a-083aba5dd3fb 1163 15511 15530 +edge_42_0_+disjointig_115_0_26307 3029 17520 26307 -1 -1 12438 0.0084945
Chain
	Aln	376	+61d88a93-b8a7-4042-ae2d-cb28cb5a9b60 10 2527 2535 +edge_189_0_+disjointig_240_0_21824 11373 13890 21824 -1 -1 2511 0
Chain
	Aln	377	-61d88a93-b8a7-4042-ae2d-cb28cb5a9b60 7 2524 2535 -edge_189_0_+disjointig_240_0_21824 7933 10450 21824 -1 -1 2511 0
Chain
	Aln	544	+9e6d8df5-3469-416a-a8af-497041057cd5 106 1369 1371 +edge_273_0_+disjointig_305_0_2359 9 1272 2359 -1 -1 1211 0.00740213
Chain
	Aln	545	-9e6d8df5-3469-416a-a8af-497041057cd5 1 1264 1371 -edge_273_0_+disjointig_305_0_2359 1086 2349 2359 -1 -1 1211 0.00740213
Chain
	Aln	38	+8858268d-08ad-4f9c-ac55-1f067cfb042c 24 4778 4782 +edge_20_0_+disjointig_105_0_37299 29601 34345 37299 -1 -1 4570 0.00324624
Chain
	Aln	39	-8858268d-08ad-4f9c-ac55-1f067cfb042c 3 4757 4782 -edge_20_0_+disjointig_105_0_37299 2953 7697 37299 -1 -1 4570 0.00324624
Chain
	Aln	724	+9b250ec7-26b7-474e-b6ae-82c8e43fc417 16 2875 2877 +edge_363_0_-disjointig_118_8955_29374 12463 15320 20419 -1 -1 2678 0.00666817
Chain
	Aln	725	-9b250ec7-26b7-474e-b6ae-82c8e43fc417 1 2860 2877 -edge_363_0_-disjointig_118_8955_29374 5098 7955 20419 -1 -1 2678 0.00666817
Chain
	Aln	571	+46059aac-563c-42f1-9898-b1765f519244 815 8184 8188 -edge_286_0_+disjointig_316_0_10940 4 7415 10940 -1 -1 6760 0.00751591
Chain
	Aln	570	-46059aac-563c-42f1-9898-b1765f519244 3 7372 8188 +edge_286_0_+disjointig_316_0_10940 3524 10935 10940 -1 -1 6760 0.00751591
Chain
	Aln	300	+1eaf7752-7b1b-4d82-93e8-d0197327ebc9 2 3819 3827 +edge_151_0_+disjointig_21_0_26556 2763 6581 26556 -1 -1 3702 0.00212073
Chain
	Aln	301	-1eaf7752-7b1b-4d82-93e8-d0197327ebc9 7 3824 3827 -edge_151_0_+disjointig_21_0_26556 19974 23792 26556 -1 -1 3702 0.00212073
Chain
	Aln	114	+6d5d35df-fd2a-4595-b4ab-5eba7974fa67 16 1823 1827 +edge_58_0_+disjointig_13_0_5764 2543 4351 5764 -1 -1 1801 0
Chain
	Aln	115	-6d5d35df-fd2a-4595-b4ab-5eba7974fa67 3 1810 1827 -edge_58_0_+disjointig_13_0_5764 1412 3220 5764 -1 -1 1801 0
Chain
	Aln	212	+e4d0cf4a-b615-4608-b881-1bd5545786cc 466 2274 2396 +edge_107_0_+disjointig_173_0_6336 8 1815 6336 -1 -1 1572 0.0141103
Chain
	Aln	213	-e4d0cf4a-b615-4608-b881-1bd5545786cc 121 1929 2396 -edge_107_0_+disjointig_173_0_6336 4520 6327 6336 -1 -1 1572 0.0141103
Chain
	Aln	217	+cfa988f0-36bc-4d62-bfab-e257fb182f3a 760 1933 1941 -edge_109_0_+disjointig_175_0_5602 12 1191 5602 -1 -1 1046 0.013846
Chain
	Aln	216	-cfa988f0-36bc-4d62-bfab-e257fb182f3a 7 1180 1941 +edge_109_0_+disjointig_175_0_5602 4410 5589 5602 -1 -1 1046 0.013846
Chain
	Aln	761	+bc1b0a96-7325-40f8-8fcd-7e4a72ec2b6d 17 1456 1462 -edge_381_0_-disjointig_45_0_30722 19076 20515 30722 -1 -1 1431 0.00114029
Chain
	Aln	760	-bc1b0a96-7325-40f8-8fcd-7e4a72ec2b6d 5 1444 1462 +edge_381_0_-disjointig_45_0_30722 10206 11645 30722 -1 -1 1431 0.00114029
Chain
	Aln	70	+613deb21-8555-4def-ad60-6ad85449ce0b 7 2412 2421 +edge_36_0_+disjointig_14_15170_31787 2777 5180 16617 -1 -1 2376 0.00539482
Chain
	Aln	71	-613deb21-8555-4def-ad60-6ad85449ce0b 8 2413 2421 -edge_36_0_+disjointig_14_15170_31787 11436 13839 16617 -1 -1 2376 0.00539482
Chain
	Aln	355	+65c8eaab-cbe1-47d3-ba3d-297a673ff673 5 2038 2041 -edge_178_0_+disjointig_230_0_11358 2896 4932 11358 -1 -1 1834 0.0130142
Chain
	Aln	354	-65c8eaab-cbe1-47d3-ba3d-297a673ff673 2 2035 2041 +edge_178_0_+disjointig_230_0_11358 6425 8461 11358 -1 -1 1834 0.0130142
Chain
	Aln	38	+591cf893-d5e5-4522-849b-f7a0df5f9b83 9 2043 2047 +edge_20_0_+disjointig_105_0_37299 28506 30542 37299 -1 -1 2021 0.00315694
Chain
	Aln	39	-591cf893-d5e5-4522-849b-f7a0df5f9b83 3 2037 2047 -edge_20_0_+disjointig_105_0_37299 6756 8792 37299 -1 -1 2021 0.00315694
Chain
	Aln	39	+bb1def18-f07d-4ee6-b8dd-4258e1cee645 8 6568 6570 -edge_20_0_+disjointig_105_0_37299 5641 12247 37299 -1 -1 6217 0.00567623
Chain
	Aln	38	-bb1def18-f07d-4ee6-b8dd-4258e1cee645 1 6561 6570 +edge_20_0_+disjointig_105_0_37299 25051 31657 37299 -1 -1 6217 0.00567623
Chain
	Aln	722	+9168abee-c751-44eb-b0e4-5e83f1b1eb72 17 7714 7727 +edge_362_0_-disjointig_20_7328_27800 12766 20461 20472 -1 -1 7585 0.00129216
Chain
	Aln	723	-9168abee-c751-44eb-b0e4-5e83f1b1eb72 12 7709 7727 -edge_362_0_-disjointig_20_7328_27800 10 7705 20472 -1 -1 7585 0.00129216
Chain
	Aln	342	+0df1e613-2e2a-4b96-93a1-cbb32bbda330 6 4529 4539 +edge_172_0_+disjointig_225_0_5442 911 5433 5442 -1 -1 4441 0.00304579
Chain
	Aln	343	-0df1e613-2e2a-4b96-93a1-cbb32bbda330 9 4532 4539 -edge_172_0_+disjointig_225_0_5442 8 4530 5442 -1 -1 4441 0.00304579
Chain
	Aln	43	+4a18942b-d36e-4b98-a17a-0da147771685 9 1509 1518 -edge_22_0_+disjointig_107_0_25761 6275 7775 25761 -1 -1 1496 1.63014e-05
Chain
	Aln	42	-4a18942b-d36e-4b98-a17a-0da147771685 8 1508 1518 +edge_22_0_+disjointig_107_0_25761 17985 19485 25761 -1 -1 1496 1.63014e-05
Chain
	Aln	654	+fe1c0b4a-0972-493b-9c32-858bef9a16bd 3 1562 1573 +edge_328_0_+disjointig_60_0_13874 9707 11267 13874 -1 -1 1541 0.0023234
Chain
	Aln	655	-fe1c0b4a-0972-493b-9c32-858bef9a16bd 10 1569 1573 -edge_328_0_+disjointig_60_0_13874 2606 4166 13874 -1 -1 1541 0.0023234
Chain
	Aln	334	+352e7c85-c0c6-410c-9a0f-98da93e22132 29 1363 1368 +edge_168_0_+disjointig_221_0_14628 8486 9820 14628 -1 -1 1334 0
Chain
	Aln	335	-352e7c85-c0c6-410c-9a0f-98da93e22132 4 1338 1368 -edge_168_0_+disjointig_221_0_14628 4807 6141 14628 -1 -1 1334 0
Chain
	Aln	466	+e57c6e20-7ecf-4f04-a0d9-c70a49e6c0cf 6 5153 5166 +edge_234_0_+disjointig_28_0_27669 21865 27008 27669 -1 -1 5083 0.000862022
Chain
	Aln	467	-e57c6e20-7ecf-4f04-a0d9-c70a49e6c0cf 12 5159 5166 -edge_234_0_+disjointig_28_0_27669 660 5803 27669 -1 -1 5083 0.000862022
Chain
	Aln	373	+7a36d665-1a7c-43d4-9fd3-ad911ac2846a 3 2840 2850 -edge_187_0_+disjointig_239_0_2850 2 2841 2850 -1 -1 2546 0.0104681
Chain
	Aln	372	-7a36d665-1a7c-43d4-9fd3-ad911ac2846a 9 2846 2850 +edge_187_0_+disjointig_239_0_2850 8 2847 2850 -1 -1 2546 0.0104681
Chain
	Aln	238	+4e62fe4d-11a1-440c-9564-412d74544c3f 9 5342 5351 +edge_120_0_+disjointig_186_0_20482 4585 9916 20482 -1 -1 5308 0.000141164
Chain
	Aln	239	-4e62fe4d-11a1-440c-9564-412d74544c3f 8 5341 5351 -edge_120_0_+disjointig_186_0_20482 10565 15896 20482 -1 -1 5308 0.000141164
Chain
	Aln	739	+20980d4c-617f-4ee2-a8bb-2e76935dcaab 7 2696 2700 -edge_370_0_-disjointig_66_3457_23755 4968 7649 20298 -1 -1 2633 0.000941016
Chain
	Aln	738	-20980d4c-617f-4ee2-a8bb-2e76935dcaab 3 2692 2700 +edge_370_0_-disjointig_66_3457_23755 12648 15329 20298 -1 -1 2633 0.000941016
Chain
	Aln	102	+98d90b2f-800e-4cc4-856e-695f9dae872b 2 1070 1075 +edge_52_0_+disjointig_123_0_17590 1409 2478 17590 -1 -1 1058 0.00372535
Chain
	Aln	103	-98d90b2f-800e-4cc4-856e-695f9dae872b 4 1072 1075 -edge_52_0_+disjointig_123_0_17590 15111 16180 17590 -1 -1 1058 0.00372535
Chain
	Aln	752	+595b91a1-3997-495a-8916-a0a095df3fae 10 1682 1689 +edge_377_1_+disjointig_28_33393_38243 618 2283 4850 -1 -1 1487 0.0155056
Chain
	Aln	753	-595b91a1-3997-495a-8916-a0a095df3fae 6 1678 1689 -edge_377_1_+disjointig_28_33393_38243 2566 4231 4850 -1 -1 1487 0.0155056
Chain
	Aln	314	+96f29680-c1ac-4ae0-ab72-0cf2fcdc98ee 8 1552 1559 +edge_158_0_+disjointig_216_0_12995 10169 11711 12995 -1 -1 1509 0.00258844
Chain
	Aln	315	-96f29680-c1ac-4ae0-ab72-0cf2fcdc98ee 6 1550 1559 -edge_158_0_+disjointig_216_0_12995 1283 2825 12995 -1 -1 1509 0.00258844
Chain
	Aln	747	+5a123009-1d37-4029-8f89-5603de513ff1 25 5598 7894 -edge_374_0_+disjointig_236_4011_12218 2608 8206 8207 -1 -1 4088 0.0283575
	Aln	745	+5a123009-1d37-4029-8f89-5603de513ff1 5610 7774 7894 -edge_373_0_+disjointig_92_0_14318 11 2209 14318 -1 -1 1551 0.0336507
Chain
	Aln	744	-5a123009-1d37-4029-8f89-5603de513ff1 119 2283 7894 +edge_373_0_+disjointig_92_0_14318 12108 14306 14318 -1 -1 1551 0.0336507
	Aln	746	-5a123009-1d37-4029-8f89-5603de513ff1 2295 7868 7894 +edge_374_0_+disjointig_236_4011_12218 0 5598 8207 -1 -1 4088 0.0283575
Chain
	Aln	423	+f3bbcb41-9522-40f6-ad0f-330e8c9c5fa1 12 2718 2787 -edge_212_0_+disjointig_261_0_30460 3184 5883 30460 -1 -1 2386 0.011597
Chain
	Aln	422	-f3bbcb41-9522-40f6-ad0f-330e8c9c5fa1 68 2774 2787 +edge_212_0_+disjointig_261_0_30460 24576 27275 30460 -1 -1 2386 0.011597
Chain
	Aln	654	+66bd5eaf-c9c4-4973-ae3f-55c86f27171f 22 2315 3589 +edge_328_0_+disjointig_60_0_13874 11578 13870 13874 -1 -1 2269 0.00214786
Chain
	Aln	655	-66bd5eaf-c9c4-4973-ae3f-55c86f27171f 1273 3566 3589 -edge_328_0_+disjointig_60_0_13874 3 2295 13874 -1 -1 2269 0.00214786
Chain
	Aln	646	+ed466197-81c8-47c0-bda4-bbdcec179f89 5 1219 1222 +edge_324_0_+disjointig_55_0_20283 18068 19283 20283 -1 -1 1203 0
Chain
	Aln	647	-ed466197-81c8-47c0-bda4-bbdcec179f89 2 1216 1222 -edge_324_0_+disjointig_55_0_20283 999 2214 20283 -1 -1 1203 0
Chain
	Aln	286	+8abe4009-d512-4752-977e-305efe3b0a9d 7 4186 4245 +edge_144_0_+disjointig_206_0_18223 6454 10635 18223 -1 -1 4049 0.00379365
Chain
	Aln	287	-8abe4009-d512-4752-977e-305efe3b0a9d 58 4237 4245 -edge_144_0_+disjointig_206_0_18223 7587 11768 18223 -1 -1 4049 0.00379365
Chain
	Aln	102	+69ae8851-fbfe-411e-9c37-e73981590d23 9 4016 4021 +edge_52_0_+disjointig_123_0_17590 5840 9840 17590 -1 -1 3928 0.00221038
Chain
	Aln	103	-69ae8851-fbfe-411e-9c37-e73981590d23 4 4011 4021 -edge_52_0_+disjointig_123_0_17590 7749 11749 17590 -1 -1 3928 0.00221038
Chain
	Aln	547	+64d5e907-1315-42b8-a9dc-955637146629 32 3147 3201 -edge_274_0_+disjointig_307_0_4759 864 3997 4759 -1 -1 2864 0.0074117
Chain
	Aln	546	-64d5e907-1315-42b8-a9dc-955637146629 53 3168 3201 +edge_274_0_+disjointig_307_0_4759 761 3894 4759 -1 -1 2864 0.0074117
Chain
	Aln	752	+987018de-79b8-4690-931f-bc1ab01c030e 9 1130 1132 +edge_377_3_-disjointig_41_21233_26118 2857 3993 4885 -1 -1 1062 0.0050812
Chain
	Aln	753	-987018de-79b8-4690-931f-bc1ab01c030e 1 1122 1132 -edge_377_3_-disjointig_41_21233_26118 891 2027 4885 -1 -1 1062 0.0050812
Chain
	Aln	47	+b0dd353b-6569-4ebf-895a-821a84ca27fa 33 1881 2086 -edge_24_0_+disjointig_109_0_11803 9951 11802 11803 -1 -1 1828 0.00282465
Chain
	Aln	46	-b0dd353b-6569-4ebf-895a-821a84ca27fa 204 2052 2086 +edge_24_0_+disjointig_109_0_11803 0 1851 11803 -1 -1 1828 0.00282465
Chain
	Aln	764	+7287a908-c4ac-49dd-a48b-742d911a3bba 8 1850 6147 +edge_383_0_+disjointig_37_1412_10185 6927 8769 8773 -1 -1 1832 0
	Aln	764	+7287a908-c4ac-49dd-a48b-742d911a3bba 1871 6132 6147 +edge_383_0_+disjointig_37_1412_10185 23 4243 8773 -1 -1 3675 0.0117429
Chain
	Aln	765	-7287a908-c4ac-49dd-a48b-742d911a3bba 14 4275 6147 -edge_383_0_+disjointig_37_1412_10185 4529 8749 8773 -1 -1 3675 0.0117429
	Aln	765	-7287a908-c4ac-49dd-a48b-742d911a3bba 4296 6138 6147 -edge_383_0_+disjointig_37_1412_10185 3 1845 8773 -1 -1 1832 0
Chain
	Aln	761	+38328d1a-c0f5-46de-b7c0-3faaed70c727 17 1246 1248 -edge_381_0_-disjointig_45_0_30722 2251 3480 30722 -1 -1 1229 0
Chain
	Aln	760	-38328d1a-c0f5-46de-b7c0-3faaed70c727 1 1230 1248 +edge_381_0_-disjointig_45_0_30722 27241 28470 30722 -1 -1 1229 0
Chain
	Aln	525	+d851307c-e332-4fd2-944a-722cce61f673 7 5373 11083 -edge_263_0_+disjointig_3_0_5381 6 5380 5381 -1 -1 5218 0.00289146
Chain
	Aln	524	-d851307c-e332-4fd2-944a-722cce61f673 5709 11075 11083 +edge_263_0_+disjointig_3_0_5381 0 5374 5381 -1 -1 5218 0.00289146
Chain
	Aln	84	+62b26099-d1f4-4bbb-bc4e-a76e7f36d689 3 2356 2363 +edge_43_0_+disjointig_116_0_8537 5020 7373 8537 -1 -1 2351 0.00193279
Chain
	Aln	85	-62b26099-d1f4-4bbb-bc4e-a76e7f36d689 6 2359 2363 -edge_43_0_+disjointig_116_0_8537 1163 3516 8537 -1 -1 2351 0.00193279
Chain
	Aln	644	+fc27a30b-0819-4c60-8583-a900f3ff6ea6 3 1037 1045 +edge_323_0_+disjointig_54_0_13403 3234 4267 13403 -1 -1 997 0.00543442
Chain
	Aln	645	-fc27a30b-0819-4c60-8583-a900f3ff6ea6 7 1041 1045 -edge_323_0_+disjointig_54_0_13403 9135 10168 13403 -1 -1 997 0.00543442
Chain
	Aln	759	+f324cea3-6abd-44a3-a5cc-b0a66d5aa330 14 1299 1303 -edge_380_0_+disjointig_98_1472_24422 15643 16928 22950 -1 -1 1285 0
Chain
	Aln	758	-f324cea3-6abd-44a3-a5cc-b0a66d5aa330 3 1288 1303 +edge_380_0_+disjointig_98_1472_24422 6021 7306 22950 -1 -1 1285 0
Chain
	Aln	628	+c46eb5e9-b4ef-4b16-88f8-1de698f83bf5 3871 14879 14889 +edge_315_0_+disjointig_43_0_17713 1 11010 17713 -1 -1 10890 0.00295555
Chain
	Aln	629	-c46eb5e9-b4ef-4b16-88f8-1de698f83bf5 9 11017 14889 -edge_315_0_+disjointig_43_0_17713 6702 17711 17713 -1 -1 10890 0.00295555
Chain
	Aln	619	+9008f249-a609-4253-a43d-742f5e4551fa 17 1068 1074 -edge_310_0_+disjointig_39_0_32732 26180 27230 32732 -1 -1 1048 0
Chain
	Aln	618	-9008f249-a609-4253-a43d-742f5e4551fa 5 1056 1074 +edge_310_0_+disjointig_39_0_32732 5501 6551 32732 -1 -1 1048 0
Chain
	Aln	416	+cf36b9ec-ed92-494f-a41d-e5c8ada5eab2 1 2444 2447 +edge_209_0_+disjointig_259_0_8151 1864 4308 8151 -1 -1 2437 0.00151908
Chain
	Aln	417	-cf36b9ec-ed92-494f-a41d-e5c8ada5eab2 2 2445 2447 -edge_209_0_+disjointig_259_0_8151 3842 6286 8151 -1 -1 2437 0.00151908
Chain
	Aln	510	+1033c618-3d77-4e7f-ba94-aa6dd80f469d 5 1789 3853 +edge_256_0_+disjointig_291_0_5255 2503 4287 5255 -1 -1 1596 0.00830102
Chain
	Aln	511	-1033c618-3d77-4e7f-ba94-aa6dd80f469d 2063 3847 3853 -edge_256_0_+disjointig_291_0_5255 967 2751 5255 -1 -1 1596 0.00830102
Chain
	Aln	607	+50155c07-8fde-4219-b8a7-d8e3ef90c597 13 8275 8277 -edge_304_0_+disjointig_34_0_21728 6977 15240 21728 -1 -1 8114 0.00263978
Chain
	Aln	606	-50155c07-8fde-4219-b8a7-d8e3ef90c597 1 8263 8277 +edge_304_0_+disjointig_34_0_21728 6487 14750 21728 -1 -1 8114 0.00263978
Chain
	Aln	618	+67ba1ba2-6575-461f-b7a6-c2549dde8e1d 7 2125 2128 +edge_310_0_+disjointig_39_0_32732 11548 13667 32732 -1 -1 2112 5.38649e-05
Chain
	Aln	619	-67ba1ba2-6575-461f-b7a6-c2549dde8e1d 2 2120 2128 -edge_310_0_+disjointig_39_0_32732 19064 21183 32732 -1 -1 2112 5.38649e-05
Chain
	Aln	120	+b077e56c-e0d6-4d39-b8fa-e740468bf58b 7 1358 1362 +edge_61_0_+disjointig_132_0_2950 322 1675 2950 -1 -1 1238 0.010584
Chain
	Aln	121	-b077e56c-e0d6-4d39-b8fa-e740468bf58b 3 1354 1362 -edge_61_0_+disjointig_132_0_2950 1274 2627 2950 -1 -1 1238 0.010584
Chain
	Aln	607	+4d6d7c32-8e50-49a2-b633-9bde0fcc4421 18 1203 1212 -edge_304_0_+disjointig_34_0_21728 4939 6126 21728 -1 -1 1153 0.0037515
Chain
	Aln	606	-4d6d7c32-8e50-49a2-b633-9bde0fcc4421 8 1193 1212 +edge_304_0_+disjointig_34_0_21728 15601 16788 21728 -1 -1 1153 0.0037515
Chain
	Aln	341	+9d8e5f08-c90e-4986-962c-5d433508208b 12 5772 5775 -edge_171_0_+disjointig_224_0_11833 3048 8819 11833 -1 -1 5415 0.00752937
Chain
	Aln	340	-9d8e5f08-c90e-4986-962c-5d433508208b 2 5762 5775 +edge_171_0_+disjointig_224_0_11833 3013 8784 11833 -1 -1 5415 0.00752937
Chain
	Aln	71	+ba38ef43-97c3-4623-b04d-e713e18d3834 3 3422 3425 -edge_36_0_+disjointig_14_15170_31787 2164 5582 16617 -1 -1 2934 0.013378
Chain
	Aln	70	-ba38ef43-97c3-4623-b04d-e713e18d3834 2 3421 3425 +edge_36_0_+disjointig_14_15170_31787 11034 14452 16617 -1 -1 2934 0.013378
Chain
	Aln	157	+501cdd35-92b8-4710-bb0b-36284febbcaa 10 3329 3331 -edge_79_0_+disjointig_149_0_13469 6301 9621 13469 -1 -1 3304 0.00130309
Chain
	Aln	156	-501cdd35-92b8-4710-bb0b-36284febbcaa 1 3320 3331 +edge_79_0_+disjointig_149_0_13469 3847 7167 13469 -1 -1 3304 0.00130309
Chain
	Aln	703	+4798be8b-a1fd-41ca-95a2-72fcda4b989d 3 1622 1629 -edge_352_0_+disjointig_88_0_9532 1374 2993 9532 -1 -1 1615 0.00386185
Chain
	Aln	702	-4798be8b-a1fd-41ca-95a2-72fcda4b989d 6 1625 1629 +edge_352_0_+disjointig_88_0_9532 6538 8157 9532 -1 -1 1615 0.00386185
Chain
	Aln	47	+82e163bf-9867-4a06-bddc-e6d16b0e3351 17 3439 4040 -edge_24_0_+disjointig_109_0_11803 8375 11802 11803 -1 -1 3257 0.00530457
Chain
	Aln	46	-82e163bf-9867-4a06-bddc-e6d16b0e3351 600 4022 4040 +edge_24_0_+disjointig_109_0_11803 0 3427 11803 -1 -1 3257 0.00530457
Chain
	Aln	629	+5e09d0ec-3688-445c-8333-c60d20386e28 17 4427 4431 -edge_315_0_+disjointig_43_0_17713 5100 9523 17713 -1 -1 4223 0.00499084
Chain
	Aln	628	-5e09d0ec-3688-445c-8333-c60d20386e28 3 4413 4431 +edge_315_0_+disjointig_43_0_17713 8189 12612 17713 -1 -1 4223 0.00499084
Chain
	Aln	763	+82efebb7-3299-4969-8bfd-7bc15c60feb4 10 3928 3933 -edge_382_0_+disjointig_320_7809_16454 3281 7206 8645 -1 -1 3905 0.00124676
Chain
	Aln	762	-82efebb7-3299-4969-8bfd-7bc15c60feb4 4 3922 3933 +edge_382_0_+disjointig_320_7809_16454 1438 5363 8645 -1 -1 3905 0.00124676
Chain
	Aln	43	+d5694cdb-1a77-4fc8-8798-fa9803a23dc1 7 1016 1018 -edge_22_0_+disjointig_107_0_25761 7446 8456 25761 -1 -1 1006 6.34202e-05
Chain
	Aln	42	-d5694cdb-1a77-4fc8-8798-fa9803a23dc1 1 1010 1018 +edge_22_0_+disjointig_107_0_25761 17304 18314 25761 -1 -1 1006 6.34202e-05
Chain
	Aln	752	+6982dd9d-6711-4507-9064-b65cf7e268e7 14 2998 4563 +edge_377_1_+disjointig_28_33393_38243 1845 4842 4850 -1 -1 2845 0.00574804
Chain
	Aln	753	-6982dd9d-6711-4507-9064-b65cf7e268e7 1564 4548 4563 -edge_377_1_+disjointig_28_33393_38243 7 3004 4850 -1 -1 2845 0.00574804
Chain
	Aln	209	+4c80ca40-dd44-4de3-a2cc-24c1b45d74ef 4 1025 1028 -edge_105_0_+disjointig_171_0_8870 7401 8422 8870 -1 -1 1021 0.000700612
Chain
	Aln	208	-4c80ca40-dd44-4de3-a2cc-24c1b45d74ef 2 1023 1028 +edge_105_0_+disjointig_171_0_8870 447 1468 8870 -1 -1 1021 0.000700612
Chain
	Aln	78	+33251659-5567-465b-9220-fcaa3f14dffd 1 4929 4935 +edge_40_0_+disjointig_113_0_8453 1 4935 8453 -1 -1 4773 0.0035873
Chain
	Aln	79	-33251659-5567-465b-9220-fcaa3f14dffd 5 4933 4935 -edge_40_0_+disjointig_113_0_8453 3517 8451 8453 -1 -1 4773 0.0035873
Chain
	Aln	495	+3f4bdb8c-86f4-4c7f-95dd-add1ed4177f1 7 1171 2084 -edge_248_0_+disjointig_284_0_4568 3402 4567 4568 -1 -1 1131 0.00294296
Chain
	Aln	494	-3f4bdb8c-86f4-4c7f-95dd-add1ed4177f1 912 2076 2084 +edge_248_0_+disjointig_284_0_4568 0 1165 4568 -1 -1 1131 0.00294296
Chain
	Aln	502	+f0c4cfb1-d269-4ae0-9d2d-634fcb3a5c69 134 2309 3453 +edge_252_0_+disjointig_288_0_2229 51 2223 2229 -1 -1 2146 0.0022042
Chain
	Aln	503	-f0c4cfb1-d269-4ae0-9d2d-634fcb3a5c69 1143 3318 3453 -edge_252_0_+disjointig_288_0_2229 5 2177 2229 -1 -1 2146 0.0022042
Chain
	Aln	601	+c34c33b5-cdd0-4849-a724-cea7d23620cb 4 2099 2106 -edge_301_0_+disjointig_328_0_10322 742 2834 10322 -1 -1 2063 0.00450214
Chain
	Aln	600	-c34c33b5-cdd0-4849-a724-cea7d23620cb 6 2101 2106 +edge_301_0_+disjointig_328_0_10322 7487 9579 10322 -1 -1 2063 0.00450214
Chain
	Aln	144	+3e7f42d5-1b51-4ca0-9b03-a635697da420 12 2737 2742 +edge_73_0_+disjointig_143_0_14652 1280 4010 14652 -1 -1 2675 0.00549696
Chain
	Aln	145	-3e7f42d5-1b51-4ca0-9b03-a635697da420 4 2729 2742 -edge_73_0_+disjointig_143_0_14652 10641 13371 14652 -1 -1 2675 0.00549696
Chain
	Aln	141	+8cba0160-9f56-44a8-a11c-91abe0ed1d05 10 1564 1596 -edge_71_0_+disjointig_140_0_13641 12090 13640 13641 -1 -1 1337 0.0135177
Chain
	Aln	140	-8cba0160-9f56-44a8-a11c-91abe0ed1d05 31 1585 1596 +edge_71_0_+disjointig_140_0_13641 0 1550 13641 -1 -1 1337 0.0135177
Chain
	Aln	144	+df9fd895-178e-4ba4-b4cf-095298942474 1 2399 2405 +edge_73_0_+disjointig_143_0_14652 4032 6430 14652 -1 -1 2398 0
Chain
	Aln	145	-df9fd895-178e-4ba4-b4cf-095298942474 5 2403 2405 -edge_73_0_+disjointig_143_0_14652 8221 10619 14652 -1 -1 2398 0
Chain
	Aln	568	+589954b6-1578-40c3-ae62-d41079911f4c 6 1921 1923 +edge_285_0_+disjointig_315_0_7954 1645 3559 7954 -1 -1 1907 0
Chain
	Aln	569	-589954b6-1578-40c3-ae62-d41079911f4c 1 1916 1923 -edge_285_0_+disjointig_315_0_7954 4394 6308 7954 -1 -1 1907 0
Chain
	Aln	567	+2c274bcb-10e3-4d0d-a153-3f34a92d6b27 32 2558 2565 -edge_284_0_+disjointig_314_0_9221 31 2621 9221 -1 -1 2448 0.00561693
Chain
	Aln	566	-2c274bcb-10e3-4d0d-a153-3f34a92d6b27 6 2532 2565 +edge_284_0_+disjointig_314_0_9221 6599 9189 9221 -1 -1 2448 0.00561693
Chain
	Aln	157	+f33ce932-2a01-4e05-8491-98b9a71dffe7 8 2708 2713 -edge_79_0_+disjointig_149_0_13469 4405 7103 13469 -1 -1 2687 0.000936565
Chain
	Aln	156	-f33ce932-2a01-4e05-8491-98b9a71dffe7 4 2704 2713 +edge_79_0_+disjointig_149_0_13469 6365 9063 13469 -1 -1 2687 0.000936565
Chain
	Aln	628	+aae06fd3-567f-4dd5-af1a-9c5e6f6673f9 17 1195 1230 +edge_315_0_+disjointig_43_0_17713 13582 14756 17713 -1 -1 1160 0.0038891
Chain
	Aln	629	-aae06fd3-567f-4dd5-af1a-9c5e6f6673f9 34 1212 1230 -edge_315_0_+disjointig_43_0_17713 2956 4130 17713 -1 -1 1160 0.0038891
Chain
	Aln	411	+d87e1747-6b2b-4004-9b6b-b57cf9d9a9a7 30 2749 2757 -edge_206_0_+disjointig_256_0_5336 29 2748 5336 -1 -1 2708 0
Chain
	Aln	410	-d87e1747-6b2b-4004-9b6b-b57cf9d9a9a7 7 2726 2757 +edge_206_0_+disjointig_256_0_5336 2587 5306 5336 -1 -1 2708 0
Chain
	Aln	399	+dae83e93-9562-48aa-908c-b13d1b8cab73 16 1229 1231 -edge_200_0_+disjointig_250_0_5936 3871 5085 5936 -1 -1 1205 0.00278983
Chain
	Aln	398	-dae83e93-9562-48aa-908c-b13d1b8cab73 1 1214 1231 +edge_200_0_+disjointig_250_0_5936 850 2064 5936 -1 -1 1205 0.00278983
Chain
	Aln	722	+65946286-5b73-4bf8-9f87-68510649c769 8 3253 3256 +edge_362_0_-disjointig_20_7328_27800 13241 16488 20472 -1 -1 3210 0.00223448
Chain
	Aln	723	-65946286-5b73-4bf8-9f87-68510649c769 2 3247 3256 -edge_362_0_-disjointig_20_7328_27800 3983 7230 20472 -1 -1 3210 0.00223448
Chain
	Aln	144	+3ebc8178-912c-4462-abec-e93e1ba633c9 39 1322 1331 +edge_73_0_+disjointig_143_0_14652 2978 4267 14652 -1 -1 1212 0.0106754
Chain
	Aln	145	-3ebc8178-912c-4462-abec-e93e1ba633c9 8 1291 1331 -edge_73_0_+disjointig_143_0_14652 10384 11673 14652 -1 -1 1212 0.0106754
Chain
	Aln	25	+ec9ab422-a9d2-4853-9443-2fc69b3ec07d 43 2957 3048 -edge_13_0_+disjointig_8_13992_18521 1613 4528 4529 -1 -1 2890 0
Chain
	Aln	24	-ec9ab422-a9d2-4853-9443-2fc69b3ec07d 90 3004 3048 +edge_13_0_+disjointig_8_13992_18521 0 2915 4529 -1 -1 2890 0
Chain
	Aln	445	+536d13c3-9522-4c95-a982-6590af5eefaf 10 2289 2295 -edge_223_0_+disjointig_27_0_9653 9 2299 9653 -1 -1 2199 0.00508037
Chain
	Aln	444	-536d13c3-9522-4c95-a982-6590af5eefaf 5 2284 2295 +edge_223_0_+disjointig_27_0_9653 7353 9643 9653 -1 -1 2199 0.00508037
Chain
	Aln	103	+8ed42630-e59b-44c8-88e7-90b12af979d6 16 9667 9758 -edge_52_0_+disjointig_123_0_17590 4010 13655 17590 -1 -1 9576 0.00189632
Chain
	Aln	102	-8ed42630-e59b-44c8-88e7-90b12af979d6 90 9741 9758 +edge_52_0_+disjointig_123_0_17590 3934 13579 17590 -1 -1 9576 0.00189632
Chain
	Aln	638	+59bfb3a4-e334-4316-9256-091c604a2e57 7 1312 1316 +edge_320_0_+disjointig_51_0_24344 12404 13710 24344 -1 -1 1293 0.000470442
Chain
	Aln	639	-59bfb3a4-e334-4316-9256-091c604a2e57 3 1308 1316 -edge_320_0_+disjointig_51_0_24344 10633 11939 24344 -1 -1 1293 0.000470442
Chain
	Aln	760	+c2093805-ba4a-4743-92f0-77d71577d2c3 10 3970 3974 +edge_381_0_-disjointig_45_0_30722 12408 16369 30722 -1 -1 3787 0.00508158
Chain
	Aln	761	-c2093805-ba4a-4743-92f0-77d71577d2c3 3 3963 3974 -edge_381_0_-disjointig_45_0_30722 14352 18313 30722 -1 -1 3787 0.00508158
Chain
	Aln	577	+f92c3670-8490-4443-8824-b6bc00d0598d 8 2222 2224 -edge_289_0_+disjointig_319_0_2226 7 2224 2226 -1 -1 2161 0.000754864
Chain
	Aln	576	-f92c3670-8490-4443-8824-b6bc00d0598d 1 2215 2224 +edge_289_0_+disjointig_319_0_2226 1 2218 2226 -1 -1 2161 0.000754864
Chain
	Aln	753	+bfd81b8f-2a08-4f49-89ac-ae3452659752 4 2109 2161 -edge_377_3_-disjointig_41_21233_26118 856 2963 4885 -1 -1 2077 0.00206368
Chain
	Aln	752	-bfd81b8f-2a08-4f49-89ac-ae3452659752 51 2156 2161 +edge_377_3_-disjointig_41_21233_26118 1921 4028 4885 -1 -1 2077 0.00206368
Chain
	Aln	181	+0696cb18-c632-4015-97aa-b5d10f5fd4f1 9 1649 1657 -edge_91_0_+disjointig_161_0_18481 6416 8056 18481 -1 -1 1638 0.00169903
Chain
	Aln	180	-0696cb18-c632-4015-97aa-b5d10f5fd4f1 7 1647 1657 +edge_91_0_+disjointig_161_0_18481 10424 12064 18481 -1 -1 1638 0.00169903
Chain
	Aln	629	+02e905ef-202a-49eb-8f7d-bb6bd13b6141 10 5959 5966 -edge_315_0_+disjointig_43_0_17713 9 5972 17713 -1 -1 5807 0.00402836
Chain
	Aln	628	-02e905ef-202a-49eb-8f7d-bb6bd13b6141 6 5955 5966 +edge_315_0_+disjointig_43_0_17713 11740 17703 17713 -1 -1 5807 0.00402836
Chain
	Aln	628	+f568d5eb-b247-4a33-8448-2530a509d039 10 5739 5756 +edge_315_0_+disjointig_43_0_17713 8667 14408 17713 -1 -1 5472 0.00533725
Chain
	Aln	629	-f568d5eb-b247-4a33-8448-2530a509d039 16 5745 5756 -edge_315_0_+disjointig_43_0_17713 3304 9045 17713 -1 -1 5472 0.00533725
Chain
	Aln	737	+f19284f7-f379-4cef-b04f-c6b24d1efaa9 10 2960 2962 -edge_369_0_+disjointig_163_0_7206 2554 5503 7206 -1 -1 2888 0.00410665
Chain
	Aln	736	-f19284f7-f379-4cef-b04f-c6b24d1efaa9 1 2951 2962 +edge_369_0_+disjointig_163_0_7206 1702 4651 7206 -1 -1 2888 0.00410665
Chain
	Aln	476	+a6d558a7-ab36-4611-84a5-3336af7c10ab 36 2557 2561 +edge_239_0_+disjointig_41_9827_31060 9801 12321 21233 -1 -1 2504 0.00120449
Chain
	Aln	477	-a6d558a7-ab36-4611-84a5-3336af7c10ab 3 2524 2561 -edge_239_0_+disjointig_41_9827_31060 8911 11431 21233 -1 -1 2504 0.00120449
Chain
	Aln	114	+f837a7b4-bc23-4a2c-8a99-3ff2fd53b12b 6 2058 2060 +edge_58_0_+disjointig_13_0_5764 3017 5070 5764 -1 -1 2049 6.01349e-05
Chain
	Aln	115	-f837a7b4-bc23-4a2c-8a99-3ff2fd53b12b 1 2053 2060 -edge_58_0_+disjointig_13_0_5764 693 2746 5764 -1 -1 2049 6.01349e-05
Chain
	Aln	114	+537fcb1c-6a48-4255-b1ea-26b4e4b5a8e3 9 2933 2936 +edge_58_0_+disjointig_13_0_5764 68 2992 5764 -1 -1 2905 4.05592e-05
Chain
	Aln	115	-537fcb1c-6a48-4255-b1ea-26b4e4b5a8e3 2 2926 2936 -edge_58_0_+disjointig_13_0_5764 2771 5695 5764 -1 -1 2905 4.05592e-05
Chain
	Aln	759	+852a768f-96d9-4fd4-a228-ab977c4fa8b1 31 1466 1468 -edge_380_0_+disjointig_98_1472_24422 4281 5716 22950 -1 -1 1435 6.4541e-05
Chain
	Aln	758	-852a768f-96d9-4fd4-a228-ab977c4fa8b1 1 1436 1468 +edge_380_0_+disjointig_98_1472_24422 17233 18668 22950 -1 -1 1435 6.4541e-05
Chain
	Aln	714	+3170992f-af80-4669-afdc-909bd2626801 14 7194 7200 +edge_358_0_+disjointig_95_0_21066 5461 12636 21066 -1 -1 6630 0.00819348
Chain
	Aln	715	-3170992f-af80-4669-afdc-909bd2626801 5 7185 7200 -edge_358_0_+disjointig_95_0_21066 8429 15604 21066 -1 -1 6630 0.00819348
Chain
	Aln	48	+25db4cf8-04c0-408c-b376-c0580add292f 1044 2362 2366 +edge_25_0_+disjointig_11_0_10209 1 1318 10209 -1 -1 1311 0.00252985
Chain
	Aln	49	-25db4cf8-04c0-408c-b376-c0580add292f 3 1321 2366 -edge_25_0_+disjointig_11_0_10209 8890 10207 10209 -1 -1 1311 0.00252985
Chain
	Aln	725	+3dcc544b-0b1f-4c33-ab49-36491089c62c 8 1610 1620 -edge_363_0_-disjointig_118_8955_29374 7 1606 20419 -1 -1 1496 0.00388617
Chain
	Aln	724	-3dcc544b-0b1f-4c33-ab49-36491089c62c 9 1611 1620 +edge_363_0_-disjointig_118_8955_29374 18812 20411 20419 -1 -1 1496 0.00388617
Chain
	Aln	139	+ba20af93-648c-46d1-856e-f1b0f43e335f 3 1078 1083 -edge_70_0_-disjointig_67_10521_41118 4092 5170 30597 -1 -1 1061 0.0019985
Chain
	Aln	138	-ba20af93-648c-46d1-856e-f1b0f43e335f 4 1079 1083 +edge_70_0_-disjointig_67_10521_41118 25426 26504 30597 -1 -1 1061 0.0019985
Chain
	Aln	609	+ec84bad3-1250-4fc5-ad44-f7920ad46639 7 4007 4028 -edge_305_0_+disjointig_35_0_17453 13431 17433 17453 -1 -1 3977 0.00130254
Chain
	Aln	608	-ec84bad3-1250-4fc5-ad44-f7920ad46639 20 4020 4028 +edge_305_0_+disjointig_35_0_17453 19 4021 17453 -1 -1 3977 0.00130254
Chain
	Aln	711	+4a821565-70a6-41dc-851e-3543ece58834 9 3004 3006 -edge_356_0_+disjointig_93_0_25924 22927 25922 25924 -1 -1 2995 0.000680014
Chain
	Aln	710	-4a821565-70a6-41dc-851e-3543ece58834 1 2996 3006 +edge_356_0_+disjointig_93_0_25924 1 2996 25924 -1 -1 2995 0.000680014
Chain
	Aln	681	+cba3ed71-07a9-4566-b290-92def59d5699 6 1246 1250 -edge_341_0_+disjointig_76_0_13454 2616 3856 13454 -1 -1 1233 0.00156786
Chain
	Aln	680	-cba3ed71-07a9-4566-b290-92def59d5699 3 1243 1250 +edge_341_0_+disjointig_76_0_13454 9597 10837 13454 -1 -1 1233 0.00156786
Chain
	Aln	753	+b40b8a01-803d-4b2a-b04d-155c4ee37032 9 2361 2365 -edge_377_0_+disjointig_28_27669_32566 438 2794 4897 -1 -1 2196 0.0061374
Chain
	Aln	752	-b40b8a01-803d-4b2a-b04d-155c4ee37032 3 2355 2365 +edge_377_0_+disjointig_28_27669_32566 2102 4458 4897 -1 -1 2196 0.0061374
Chain
	Aln	543	+cf78a376-c69f-496e-a704-8820a1f637d9 5 2853 2855 -edge_272_0_+disjointig_303_0_5214 2363 5212 5214 -1 -1 2841 0
Chain
	Aln	542	-cf78a376-c69f-496e-a704-8820a1f637d9 1 2849 2855 +edge_272_0_+disjointig_303_0_5214 1 2850 5214 -1 -1 2841 0
Chain
	Aln	697	+3b87d173-3a76-4a82-9977-47762fcd6751 3 1190 1195 -edge_349_0_+disjointig_85_0_17144 3531 4716 17144 -1 -1 1173 0.00317195
Chain
	Aln	696	-3b87d173-3a76-4a82-9977-47762fcd6751 4 1191 1195 +edge_349_0_+disjointig_85_0_17144 12427 13612 17144 -1 -1 1173 0.00317195
Chain
	Aln	700	+15e62d37-ad6c-4402-a91d-b006725b9fa2 5 1274 1276 +edge_351_0_+disjointig_87_0_9199 5564 6837 9199 -1 -1 1245 0.000230058
Chain
	Aln	701	-15e62d37-ad6c-4402-a91d-b006725b9fa2 1 1270 1276 -edge_351_0_+disjointig_87_0_9199 2361 3634 9199 -1 -1 1245 0.000230058
Chain
	Aln	131	+a0532bd2-6085-4ccd-bec1-91df1a0b7bda 6 3390 3414 -edge_66_0_+disjointig_138_0_38214 1057 4441 38214 -1 -1 3250 0.00333202
Chain
	Aln	130	-a0532bd2-6085-4ccd-bec1-91df1a0b7bda 23 3407 3414 +edge_66_0_+disjointig_138_0_38214 33772 37156 38214 -1 -1 3250 0.00333202
Chain
	Aln	331	+5b88574e-1d73-4d2d-9b0a-d879d31b5151 1 2440 2442 -edge_166_0_+disjointig_22_0_7556 5114 7554 7556 -1 -1 2398 0.00266116
Chain
	Aln	330	-5b88574e-1d73-4d2d-9b0a-d879d31b5151 1 2440 2442 +edge_166_0_+disjointig_22_0_7556 1 2441 7556 -1 -1 2398 0.00266116
Chain
	Aln	48	+9c4f0293-f976-4328-88ca-348f22a758c0 11 6826 6830 +edge_25_0_+disjointig_11_0_10209 3363 10206 10209 -1 -1 6412 0.00546957
Chain
	Aln	49	-9c4f0293-f976-4328-88ca-348f22a758c0 3 6818 6830 -edge_25_0_+disjointig_11_0_10209 2 6845 10209 -1 -1 6412 0.00546957
Chain
	Aln	220	+5fa44fad-0e7e-4046-91cc-5679bd1b78a3 24 2297 2303 +edge_111_0_+disjointig_178_0_9957 4491 6763 9957 -1 -1 2254 0
Chain
	Aln	221	-5fa44fad-0e7e-4046-91cc-5679bd1b78a3 5 2278 2303 -edge_111_0_+disjointig_178_0_9957 3193 5465 9957 -1 -1 2254 0
Chain
	Aln	725	+22b44ee9-90f8-416e-9729-fb4c534e26da 28 4309 4330 -edge_363_0_-disjointig_118_8955_29374 5057 9340 20419 -1 -1 4095 0.00447156
Chain
	Aln	724	-22b44ee9-90f8-416e-9729-fb4c534e26da 20 4301 4330 +edge_363_0_-disjointig_118_8955_29374 11078 15361 20419 -1 -1 4095 0.00447156
Chain
	Aln	138	+97a1fe31-f645-4c0e-ac72-7b89fce96c41 30 3725 3744 +edge_70_0_-disjointig_67_10521_41118 6626 10326 30597 -1 -1 3630 0.00107196
Chain
	Aln	139	-97a1fe31-f645-4c0e-ac72-7b89fce96c41 18 3713 3744 -edge_70_0_-disjointig_67_10521_41118 20270 23970 30597 -1 -1 3630 0.00107196
Chain
	Aln	240	+5b8406c4-b273-4a1c-aa3a-4019cb3a35a4 9 1293 1298 +edge_121_0_+disjointig_187_0_18602 1605 2890 18602 -1 -1 1283 0
Chain
	Aln	241	-5b8406c4-b273-4a1c-aa3a-4019cb3a35a4 4 1288 1298 -edge_121_0_+disjointig_187_0_18602 15711 16996 18602 -1 -1 1283 0
Chain
	Aln	215	+a0c37963-073d-4c80-aef0-8dc88d034f44 6 16555 16576 -edge_108_0_+disjointig_174_0_19402 2618 19381 19402 -1 -1 15098 0.00762847
Chain
	Aln	214	-a0c37963-073d-4c80-aef0-8dc88d034f44 20 16569 16576 +edge_108_0_+disjointig_174_0_19402 20 16783 19402 -1 -1 15098 0.00762847
Chain
	Aln	651	+639dd71b-2436-44c3-ba45-fe769c8dc306 7 11888 11898 -edge_326_0_+disjointig_58_0_35073 6 11818 35073 -1 -1 11012 0.00740855
Chain
	Aln	650	-639dd71b-2436-44c3-ba45-fe769c8dc306 9 11890 11898 +edge_326_0_+disjointig_58_0_35073 23254 35066 35073 -1 -1 11012 0.00740855
Chain
	Aln	34	+d62b38d5-d1b9-44a2-a6ca-42afb277f9d1 8 8430 8437 +edge_18_0_-disjointig_8_5986_18521 4135 12529 12535 -1 -1 8268 0.000994613
Chain
	Aln	35	-d62b38d5-d1b9-44a2-a6ca-42afb277f9d1 6 8428 8437 -edge_18_0_-disjointig_8_5986_18521 5 8399 12535 -1 -1 8268 0.000994613
Chain
	Aln	391	+02aad137-1360-4f80-b7fb-478f4e7b283c 4 6297 6299 -edge_196_0_+disjointig_247_0_8843 3 6306 8843 -1 -1 5581 0.0106456
Chain
	Aln	390	-02aad137-1360-4f80-b7fb-478f4e7b283c 1 6294 6299 +edge_196_0_+disjointig_247_0_8843 2536 8839 8843 -1 -1 5581 0.0106456
Chain
	Aln	216	+51b39388-182b-469b-b118-fcbe0242f6e3 17 1751 1753 +edge_109_0_+disjointig_175_0_5602 937 2671 5602 -1 -1 1734 0.00180783
Chain
	Aln	217	-51b39388-182b-469b-b118-fcbe0242f6e3 1 1735 1753 -edge_109_0_+disjointig_175_0_5602 2930 4664 5602 -1 -1 1734 0.00180783
Chain
	Aln	119	+0940b48a-51bd-4d0f-a187-e2932c887c10 11 1315 1319 -edge_60_0_+disjointig_131_0_25925 9740 11043 25925 -1 -1 1239 0.00506783
Chain
	Aln	118	-0940b48a-51bd-4d0f-a187-e2932c887c10 3 1307 1319 +edge_60_0_+disjointig_131_0_25925 14881 16184 25925 -1 -1 1239 0.00506783
Chain
	Aln	111	+c5427c66-4d42-4a5e-aeba-c542ae601a25 28 2247 2252 -edge_56_0_+disjointig_127_0_7260 2358 4575 7260 -1 -1 2078 0.00495104
Chain
	Aln	110	-c5427c66-4d42-4a5e-aeba-c542ae601a25 4 2223 2252 +edge_56_0_+disjointig_127_0_7260 2684 4901 7260 -1 -1 2078 0.00495104
Chain
	Aln	663	+4186af61-f1e6-4676-b89d-ff5d6869e1b8 10 1019 1024 -edge_332_0_+disjointig_64_0_14859 5413 6420 14859 -1 -1 976 0.00574035
Chain
	Aln	662	-4186af61-f1e6-4676-b89d-ff5d6869e1b8 4 1013 1024 +edge_332_0_+disjointig_64_0_14859 8438 9445 14859 -1 -1 976 0.00574035
Chain
	Aln	357	+9f32b7fb-68c8-4a7a-b745-394f84b75b6a 7 4679 4682 -edge_179_0_+disjointig_231_0_5235 555 5232 5235 -1 -1 4518 0.00330366
Chain
	Aln	356	-9f32b7fb-68c8-4a7a-b745-394f84b75b6a 2 4674 4682 +edge_179_0_+disjointig_231_0_5235 2 4679 5235 -1 -1 4518 0.00330366
Chain
	Aln	622	+b9f6355f-e601-4617-bd89-5dacd81ce2cb 2 4193 4210 +edge_312_0_+disjointig_40_0_16996 2 4181 16996 -1 -1 4125 0.000714572
Chain
	Aln	623	-b9f6355f-e601-4617-bd89-5dacd81ce2cb 16 4207 4210 -edge_312_0_+disjointig_40_0_16996 12814 16993 16996 -1 -1 4125 0.000714572
Chain
	Aln	711	+e3281010-9461-4e12-a3ab-1254d2b1c877 5 1336 1343 -edge_356_0_+disjointig_93_0_25924 16804 18135 25924 -1 -1 1311 0.00440579
Chain
	Aln	710	-e3281010-9461-4e12-a3ab-1254d2b1c877 6 1337 1343 +edge_356_0_+disjointig_93_0_25924 7788 9119 25924 -1 -1 1311 0.00440579
Chain
	Aln	42	+55f22fd3-4d9d-48ba-9494-e229998d261c 3 3936 4242 +edge_22_0_+disjointig_107_0_25761 2020 5952 25761 -1 -1 3878 0.00204561
Chain
	Aln	43	-55f22fd3-4d9d-48ba-9494-e229998d261c 305 4238 4242 -edge_22_0_+disjointig_107_0_25761 19808 23740 25761 -1 -1 3878 0.00204561
Chain
	Aln	243	+8fd75c6a-d1da-4b93-a797-3dfac07752c4 195 2460 2466 -edge_122_0_+disjointig_188_0_7167 26 2293 7167 -1 -1 2196 0.00281232
Chain
	Aln	242	-8fd75c6a-d1da-4b93-a797-3dfac07752c4 5 2270 2466 +edge_122_0_+disjointig_188_0_7167 4873 7140 7167 -1 -1 2196 0.00281232
Chain
	Aln	210	+a627e4af-8c65-406e-8e61-895be5e651ef 39 8029 8041 +edge_106_0_+disjointig_172_0_11649 3642 11638 11649 -1 -1 7892 0.00207811
Chain
	Aln	211	-a627e4af-8c65-406e-8e61-895be5e651ef 11 8001 8041 -edge_106_0_+disjointig_172_0_11649 10 8006 11649 -1 -1 7892 0.00207811
Chain
	Aln	247	+39774482-0565-4cda-a7a7-a46fa9e1079a 27 1998 2001 -edge_124_0_+disjointig_19_0_15579 779 2759 15579 -1 -1 1926 0.00202271
Chain
	Aln	246	-39774482-0565-4cda-a7a7-a46fa9e1079a 2 1973 2001 +edge_124_0_+disjointig_19_0_15579 12819 14799 15579 -1 -1 1926 0.00202271
Chain
	Aln	725	+df962637-981a-49ae-a3f5-5115751e80a4 9 1199 1204 -edge_363_0_-disjointig_118_8955_29374 4825 6012 20419 -1 -1 1085 0.010033
Chain
	Aln	724	-df962637-981a-49ae-a3f5-5115751e80a4 4 1194 1204 +edge_363_0_-disjointig_118_8955_29374 14406 15593 20419 -1 -1 1085 0.010033
Chain
	Aln	24	+d65552ad-4fa3-44a3-81b0-41c939a03a72 7 3240 3251 +edge_13_0_+disjointig_8_13992_18521 1286 4519 4529 -1 -1 3226 0
Chain
	Aln	25	-d65552ad-4fa3-44a3-81b0-41c939a03a72 10 3243 3251 -edge_13_0_+disjointig_8_13992_18521 9 3242 4529 -1 -1 3226 0
Chain
	Aln	762	+339ceab3-f6b4-4e31-bd7d-5232c5fc9a89 12 1781 1787 +edge_382_0_+disjointig_320_7809_16454 212 1982 8645 -1 -1 1769 0.000192502
Chain
	Aln	763	-339ceab3-f6b4-4e31-bd7d-5232c5fc9a89 5 1774 1787 -edge_382_0_+disjointig_320_7809_16454 6662 8432 8645 -1 -1 1769 0.000192502
Chain
	Aln	124	+f930d243-9afb-4a59-a14e-e32f1364392c 2140 6942 6949 +edge_63_0_+disjointig_135_0_4819 3 4813 4819 -1 -1 4764 0.00209006
Chain
	Aln	125	-f930d243-9afb-4a59-a14e-e32f1364392c 6 4808 6949 -edge_63_0_+disjointig_135_0_4819 5 4815 4819 -1 -1 4764 0.00209006
Chain
	Aln	43	+3f2f5da7-52d3-49f4-81cb-5fdc26c86ab8 4 7718 7739 -edge_22_0_+disjointig_107_0_25761 17996 25740 25761 -1 -1 7425 0.00365561
Chain
	Aln	42	-3f2f5da7-52d3-49f4-81cb-5fdc26c86ab8 20 7734 7739 +edge_22_0_+disjointig_107_0_25761 20 7764 25761 -1 -1 7425 0.00365561
Chain
	Aln	84	+e758ca59-5e4d-48f0-b73a-053b7c328eae 4 4506 4508 +edge_43_0_+disjointig_116_0_8537 4 4509 8537 -1 -1 4405 0.005912
Chain
	Aln	85	-e758ca59-5e4d-48f0-b73a-053b7c328eae 1 4503 4508 -edge_43_0_+disjointig_116_0_8537 4027 8532 8537 -1 -1 4405 0.005912
Chain
	Aln	84	+7ae442f9-0e78-4db7-aee6-132956fb35f5 1051 3680 3682 +edge_43_0_+disjointig_116_0_8537 19 2649 8537 -1 -1 2550 0.00610662
Chain
	Aln	85	-7ae442f9-0e78-4db7-aee6-132956fb35f5 1 2630 3682 -edge_43_0_+disjointig_116_0_8537 5887 8517 8537 -1 -1 2550 0.00610662
Chain
	Aln	290	+db0fcd4b-dacc-4535-8bb8-653588d88838 36 4570 4582 +edge_146_0_+disjointig_208_0_19308 6931 11474 19308 -1 -1 4295 0.00656551
Chain
	Aln	291	-db0fcd4b-dacc-4535-8bb8-653588d88838 11 4545 4582 -edge_146_0_+disjointig_208_0_19308 7833 12376 19308 -1 -1 4295 0.00656551
Chain
	Aln	749	+32a1c4f6-f2f3-49bd-b1d5-1fcfd59aec5a 72 1175 1177 -edge_375_0_+disjointig_46_0_10791 7674 8780 10791 -1 -1 1094 0.00166848
Chain
	Aln	748	-32a1c4f6-f2f3-49bd-b1d5-1fcfd59aec5a 1 1104 1177 +edge_375_0_+disjointig_46_0_10791 2010 3116 10791 -1 -1 1094 0.00166848
Chain
	Aln	760	+ab355a74-c92b-419a-b52a-103185c397ec 14 7804 14421 +edge_381_0_-disjointig_45_0_30722 22931 30719 30722 -1 -1 7663 0.0022047
	Aln	762	+ab355a74-c92b-419a-b52a-103185c397ec 7812 14417 14421 +edge_382_0_+disjointig_320_7809_16454 5 6612 8645 -1 -1 6580 0.000216436
Chain
	Aln	763	-ab355a74-c92b-419a-b52a-103185c397ec 3 6608 14421 -edge_382_0_+disjointig_320_7809_16454 2032 8639 8645 -1 -1 6580 0.000216436
	Aln	761	-ab355a74-c92b-419a-b52a-103185c397ec 6616 14406 14421 -edge_381_0_-disjointig_45_0_30722 2 7790 30722 -1 -1 7663 0.0022047
Chain
	Aln	489	+e524b891-6b10-44f1-9e78-61486de0b1d3 13 2381 2385 -edge_245_0_+disjointig_281_0_9258 6887 9254 9258 -1 -1 2325 0.00345722
Chain
	Aln	488	-e524b891-6b10-44f1-9e78-61486de0b1d3 3 2371 2385 +edge_245_0_+disjointig_281_0_9258 3 2370 9258 -1 -1 2325 0.00345722
Chain
	Aln	696	+39e6916c-fa55-47c9-b733-605bc080261d 33 1215 1301 +edge_349_0_+disjointig_85_0_17144 7322 8504 17144 -1 -1 1113 0.00741617
Chain
	Aln	697	-39e6916c-fa55-47c9-b733-605bc080261d 85 1267 1301 -edge_349_0_+disjointig_85_0_17144 8639 9821 17144 -1 -1 1113 0.00741617
Chain
	Aln	324	+9a77aa56-46f0-4dd2-94d4-0d1214853477 5 6594 6972 +edge_163_0_-disjointig_235_4208_12603 1799 8385 8395 -1 -1 6525 0.00231578
Chain
	Aln	325	-9a77aa56-46f0-4dd2-94d4-0d1214853477 377 6966 6972 -edge_163_0_-disjointig_235_4208_12603 9 6595 8395 -1 -1 6525 0.00231578
Chain
	Aln	550	+57263a5d-8bf7-4580-9925-e6bb15033bb9 6 5973 5982 +edge_276_0_+disjointig_31_0_9855 1571 7558 9855 -1 -1 5792 0.0031112
Chain
	Aln	551	-57263a5d-8bf7-4580-9925-e6bb15033bb9 8 5975 5982 -edge_276_0_+disjointig_31_0_9855 2296 8283 9855 -1 -1 5792 0.0031112
Chain
	Aln	334	+6058c289-79ad-4768-b942-4347cb38391e 2 10262 10264 +edge_168_0_+disjointig_221_0_14628 2 10267 14628 -1 -1 9865 0.00473164
Chain
	Aln	335	-6058c289-79ad-4768-b942-4347cb38391e 1 10261 10264 -edge_168_0_+disjointig_221_0_14628 4360 14625 14628 -1 -1 9865 0.00473164
Chain
	Aln	281	+0b4f4153-f7da-4227-ac32-59e7cbcc0d61 12 2605 2612 -edge_141_0_+disjointig_203_0_4314 11 2602 4314 -1 -1 2559 0.000670122
Chain
	Aln	280	-0b4f4153-f7da-4227-ac32-59e7cbcc0d61 6 2599 2612 +edge_141_0_+disjointig_203_0_4314 1711 4302 4314 -1 -1 2559 0.000670122
Chain
	Aln	423	+e5b12ae3-1ff3-44b5-8a44-1535e9a1f9a3 61 1643 1646 -edge_212_0_+disjointig_261_0_30460 21 1603 30460 -1 -1 1567 0.000815117
Chain
	Aln	422	-e5b12ae3-1ff3-44b5-8a44-1535e9a1f9a3 2 1584 1646 +edge_212_0_+disjointig_261_0_30460 28856 30438 30460 -1 -1 1567 0.000815117
Chain
	Aln	193	+aa271fb6-bbfb-4974-9c7b-9a473eb4e9dc 17 4475 4478 -edge_97_0_+disjointig_165_0_15540 11086 15537 15540 -1 -1 4291 0.00264913
Chain
	Aln	192	-aa271fb6-bbfb-4974-9c7b-9a473eb4e9dc 2 4460 4478 +edge_97_0_+disjointig_165_0_15540 2 4453 15540 -1 -1 4291 0.00264913
Chain
	Aln	240	+fd5d943c-69bc-4a8d-b040-9004001d3883 1 5035 5045 +edge_121_0_+disjointig_187_0_18602 1 5026 18602 -1 -1 4929 0.00104547
Chain
	Aln	241	-fd5d943c-69bc-4a8d-b040-9004001d3883 9 5043 5045 -edge_121_0_+disjointig_187_0_18602 13575 18600 18602 -1 -1 4929 0.00104547
Chain
	Aln	764	+2bb5ebd0-7ebe-4ec4-9638-7929b0591b18 7 2674 3213 +edge_383_0_+disjointig_37_1412_10185 6093 8769 8773 -1 -1 2630 0.000533524
	Aln	764	+2bb5ebd0-7ebe-4ec4-9638-7929b0591b18 2679 3206 3213 +edge_383_0_+disjointig_37_1412_10185 1 528 8773 -1 -1 527 0
Chain
	Aln	765	-2bb5ebd0-7ebe-4ec4-9638-7929b0591b18 6 533 3213 -edge_383_0_+disjointig_37_1412_10185 8244 8771 8773 -1 -1 527 0
	Aln	765	-2bb5ebd0-7ebe-4ec4-9638-7929b0591b18 538 3205 3213 -edge_383_0_+disjointig_37_1412_10185 3 2679 8773 -1 -1 2630 0.000533524
Chain
	Aln	606	+6f4030c5-fb73-4252-bef5-2f2cdf8565f3 4 1022 1812 +edge_304_0_+disjointig_34_0_21728 20703 21726 21728 -1 -1 989 0.00211574
Chain
	Aln	607	-6f4030c5-fb73-4252-bef5-2f2cdf8565f3 789 1807 1812 -edge_304_0_+disjointig_34_0_21728 1 1024 21728 -1 -1 989 0.00211574
Chain
	Aln	765	+150218b3-d098-4758-9f42-d8ec6395c877 0 5494 6908 -edge_383_0_+disjointig_37_1412_10185 3282 8772 8773 -1 -1 5425 0.00170815
	Aln	765	+150218b3-d098-4758-9f42-d8ec6395c877 5502 6905 6908 -edge_383_0_+disjointig_37_1412_10185 7 1409 8773 -1 -1 1394 0
Chain
	Aln	764	-150218b3-d098-4758-9f42-d8ec6395c877 2 1405 6908 +edge_383_0_+disjointig_37_1412_10185 7363 8765 8773 -1 -1 1394 0
	Aln	764	-150218b3-d098-4758-9f42-d8ec6395c877 1413 6907 6908 +edge_383_0_+disjointig_37_1412_10185 0 5490 8773 -1 -1 5425 0.00170815
Chain
	Aln	78	+b1199d24-a7c9-44e9-9262-a4775e82a825 10 1086 1088 +edge_40_0_+disjointig_113_0_8453 1115 2190 8453 -1 -1 1046 0.00220132
Chain
	Aln	79	-b1199d24-a7c9-44e9-9262-a4775e82a825 1 1077 1088 -edge_40_0_+disjointig_113_0_8453 6262 7337 8453 -1 -1 1046 0.00220132
Chain
	Aln	619	+c8a30d1a-d2fa-4fce-822f-5ac217ebcaf6 10 3720 3723 -edge_310_0_+disjointig_39_0_32732 17341 21049 32732 -1 -1 3704 0.000609185
Chain
	Aln	618	-c8a30d1a-d2fa-4fce-822f-5ac217ebcaf6 2 3712 3723 +edge_310_0_+disjointig_39_0_32732 11682 15390 32732 -1 -1 3704 0.000609185
Chain
	Aln	731	+8e131b74-800b-4b7f-821a-79ab383fbff8 23 5767 5771 -edge_366_0_+disjointig_301_4650_16421 8 5755 11771 -1 -1 5663 0.00133617
Chain
	Aln	730	-8e131b74-800b-4b7f-821a-79ab383fbff8 3 5747 5771 +edge_366_0_+disjointig_301_4650_16421 6015 11762 11771 -1 -1 5663 0.00133617
Chain
	Aln	231	+5dcee514-d0d3-4680-8588-544db4485aad 16 1239 2000 -edge_116_0_+disjointig_182_0_13686 12459 13685 13686 -1 -1 1186 0.0065333
Chain
	Aln	230	-5dcee514-d0d3-4680-8588-544db4485aad 760 1983 2000 +edge_116_0_+disjointig_182_0_13686 0 1226 13686 -1 -1 1186 0.0065333
Chain
	Aln	348	+e42c8da6-1554-4e20-8e7f-c151486eb145 1663 2723 2726 +edge_175_0_+disjointig_228_0_9714 2 1062 9714 -1 -1 1046 0.000388786
Chain
	Aln	349	-e42c8da6-1554-4e20-8e7f-c151486eb145 2 1062 2726 -edge_175_0_+disjointig_228_0_9714 8651 9711 9714 -1 -1 1046 0.000388786
Chain
	Aln	315	+d6d18c0d-bc08-41bc-ba40-d79b7d4986b7 11 9565 9570 -edge_158_0_+disjointig_216_0_12995 3446 12990 12995 -1 -1 9379 0.00228194
Chain
	Aln	314	-d6d18c0d-bc08-41bc-ba40-d79b7d4986b7 4 9558 9570 +edge_158_0_+disjointig_216_0_12995 4 9548 12995 -1 -1 9379 0.00228194
Chain
	Aln	760	+9d9a92cf-9976-4d64-94ce-be3e1d5d700d 10 3755 3759 +edge_381_0_-disjointig_45_0_30722 5775 9529 30722 -1 -1 3632 0.00466499
Chain
	Aln	761	-9d9a92cf-9976-4d64-94ce-be3e1d5d700d 3 3748 3759 -edge_381_0_-disjointig_45_0_30722 21192 24946 30722 -1 -1 3632 0.00466499
Chain
	Aln	191	+820bca3a-34c1-4600-81f0-531b0ebd572b 10 3389 3393 -edge_96_0_+disjointig_164_0_4076 695 4072 4076 -1 -1 3213 0.0045785
Chain
	Aln	190	-820bca3a-34c1-4600-81f0-531b0ebd572b 3 3382 3393 +edge_96_0_+disjointig_164_0_4076 3 3380 4076 -1 -1 3213 0.0045785
Chain
	Aln	748	+cfb0dbdf-9ec2-4693-9ec3-a028aa06dbe6 4 2653 2656 +edge_375_0_+disjointig_46_0_10791 4795 7443 10791 -1 -1 2621 0.00142314
Chain
	Aln	749	-cfb0dbdf-9ec2-4693-9ec3-a028aa06dbe6 2 2651 2656 -edge_375_0_+disjointig_46_0_10791 3347 5995 10791 -1 -1 2621 0.00142314
Chain
	Aln	704	+c16831fa-3381-491f-807b-78a7ff054bff 1 2832 2834 +edge_353_0_+disjointig_89_0_13592 3055 5885 13592 -1 -1 2779 0.00180258
Chain
	Aln	705	-c16831fa-3381-491f-807b-78a7ff054bff 1 2832 2834 -edge_353_0_+disjointig_89_0_13592 7706 10536 13592 -1 -1 2779 0.00180258
Chain
	Aln	643	+2f3a52c7-9847-4a2d-bc4b-59f7d119ba54 22 2328 2332 -edge_322_0_+disjointig_53_0_4197 22 2334 4197 -1 -1 2253 0.00381866
Chain
	Aln	642	-2f3a52c7-9847-4a2d-bc4b-59f7d119ba54 3 2309 2332 +edge_322_0_+disjointig_53_0_4197 1862 4174 4197 -1 -1 2253 0.00381866
Chain
	Aln	197	+db78849c-fdf6-4337-9cb6-39ff843dced0 15 3516 3522 -edge_99_0_+disjointig_167_0_8875 14 3507 8875 -1 -1 3464 0.00333724
Chain
	Aln	196	-db78849c-fdf6-4337-9cb6-39ff843dced0 5 3506 3522 +edge_99_0_+disjointig_167_0_8875 5367 8860 8875 -1 -1 3464 0.00333724
Chain
	Aln	638	+acc65d92-5a94-4e0e-a962-bdece38d3d1b 7 4904 6053 +edge_320_0_+disjointig_51_0_24344 11812 16699 24344 -1 -1 4535 0.00787037
Chain
	Aln	639	-acc65d92-5a94-4e0e-a962-bdece38d3d1b 1148 6045 6053 -edge_320_0_+disjointig_51_0_24344 7644 12531 24344 -1 -1 4535 0.00787037
Chain
	Aln	196	+6486b624-f750-4d9c-b2c2-5d9b2db6b9a6 6 3457 3461 +edge_99_0_+disjointig_167_0_8875 5348 8854 8875 -1 -1 3271 0.0071653
Chain
	Aln	197	-6486b624-f750-4d9c-b2c2-5d9b2db6b9a6 3 3454 3461 -edge_99_0_+disjointig_167_0_8875 20 3526 8875 -1 -1 3271 0.0071653
Chain
	Aln	394	+5edff9d3-d10c-4864-b72e-0eaf7bbf32ef 12 3551 3826 +edge_198_0_+disjointig_249_0_4747 1114 4649 4747 -1 -1 3485 0.000544683
Chain
	Aln	395	-5edff9d3-d10c-4864-b72e-0eaf7bbf32ef 274 3813 3826 -edge_198_0_+disjointig_249_0_4747 97 3632 4747 -1 -1 3485 0.000544683
Chain
	Aln	130	+4daccdba-e46f-4fe7-8d9b-277efa7ddabf 9 1323 1334 +edge_66_0_+disjointig_138_0_38214 21936 23250 38214 -1 -1 1256 0.00578891
Chain
	Aln	131	-4daccdba-e46f-4fe7-8d9b-277efa7ddabf 10 1324 1334 -edge_66_0_+disjointig_138_0_38214 14963 16277 38214 -1 -1 1256 0.00578891
Chain
	Aln	42	+c89b8985-3315-4883-b88b-1240b2abdb58 3 1199 1207 +edge_22_0_+disjointig_107_0_25761 12398 13595 25761 -1 -1 1194 0
Chain
	Aln	43	-c89b8985-3315-4883-b88b-1240b2abdb58 7 1203 1207 -edge_22_0_+disjointig_107_0_25761 12165 13362 25761 -1 -1 1194 0
Chain
	Aln	714	+3aac224f-2249-469e-b189-365cc4389b0a 3 6452 6461 +edge_358_0_+disjointig_95_0_21066 14611 21058 21066 -1 -1 6426 0.00247404
Chain
	Aln	715	-3aac224f-2249-469e-b189-365cc4389b0a 8 6457 6461 -edge_358_0_+disjointig_95_0_21066 7 6454 21066 -1 -1 6426 0.00247404
Chain
	Aln	17	+0d95e307-494f-469c-95d9-7c2042caadc3 290 1322 1328 -edge_9_2_+disjointig_7_2707_4165 9 1043 1458 -1 -1 1021 0.000488359
Chain
	Aln	16	-0d95e307-494f-469c-95d9-7c2042caadc3 5 1037 1328 +edge_9_2_+disjointig_7_2707_4165 414 1448 1458 -1 -1 1021 0.000488359
Chain
	Aln	495	+ee572f55-8a79-44f2-ad72-d9aba04b4751 11 2806 2808 -edge_248_0_+disjointig_284_0_4568 1774 4566 4568 -1 -1 2696 0.00420394
Chain
	Aln	494	-ee572f55-8a79-44f2-ad72-d9aba04b4751 1 2796 2808 +edge_248_0_+disjointig_284_0_4568 1 2793 4568 -1 -1 2696 0.00420394
Chain
	Aln	646	+68e3e237-3efc-4511-9c42-2f580970abe2 8 2147 2152 +edge_324_0_+disjointig_55_0_20283 4014 6159 20283 -1 -1 2118 0.00200967
Chain
	Aln	647	-68e3e237-3efc-4511-9c42-2f580970abe2 4 2143 2152 -edge_324_0_+disjointig_55_0_20283 14123 16268 20283 -1 -1 2118 0.00200967
Chain
	Aln	679	+0856efe0-f55b-4cd2-9205-9ed52d6ff6df 5 1699 1702 -edge_340_0_+disjointig_75_0_6794 4432 6123 6794 -1 -1 1679 0
Chain
	Aln	678	-0856efe0-f55b-4cd2-9205-9ed52d6ff6df 2 1696 1702 +edge_340_0_+disjointig_75_0_6794 670 2361 6794 -1 -1 1679 0
Chain
	Aln	248	+bd907001-5685-44e6-af08-a1eaee8e7fb1 20 1414 1773 +edge_125_0_+disjointig_191_0_4937 2885 4279 4937 -1 -1 1393 0.000902261
Chain
	Aln	249	-bd907001-5685-44e6-af08-a1eaee8e7fb1 358 1752 1773 -edge_125_0_+disjointig_191_0_4937 657 2051 4937 -1 -1 1393 0.000902261
Chain
	Aln	717	+1c8dda50-dfd1-471e-8af5-54b211fb6a06 6 14791 14793 -edge_359_0_+disjointig_96_0_23495 7244 22019 23495 -1 -1 14333 0.00273321
Chain
	Aln	716	-1c8dda50-dfd1-471e-8af5-54b211fb6a06 1 14786 14793 +edge_359_0_+disjointig_96_0_23495 1475 16250 23495 -1 -1 14333 0.00273321
Chain
	Aln	753	+8c68ac94-8e50-47c7-9958-6ebe976934fc 5 2037 2150 -edge_377_5_+disjointig_57_43737_48788 3019 5050 5051 -1 -1 2007 0.00287343
Chain
	Aln	752	-8c68ac94-8e50-47c7-9958-6ebe976934fc 112 2144 2150 +edge_377_5_+disjointig_57_43737_48788 0 2031 5051 -1 -1 2007 0.00287343
Chain
	Aln	668	+fb225d5b-35f6-4150-9ef0-28fb73f90dc8 15 11452 11462 +edge_335_0_+disjointig_69_0_21020 15 11451 21020 -1 -1 11216 0.00200402
Chain
	Aln	669	-fb225d5b-35f6-4150-9ef0-28fb73f90dc8 9 11446 11462 -edge_335_0_+disjointig_69_0_21020 9568 21004 21020 -1 -1 11216 0.00200402
Chain
	Aln	24	+ab5d08c6-a91e-4ad7-b3e1-0d0c1b6a63c0 10 2285 2296 +edge_13_0_+disjointig_8_13992_18521 39 2316 4529 -1 -1 2242 0.000430331
Chain
	Aln	25	-ab5d08c6-a91e-4ad7-b3e1-0d0c1b6a63c0 10 2285 2296 -edge_13_0_+disjointig_8_13992_18521 2212 4489 4529 -1 -1 2242 0.000430331
Chain
	Aln	265	+0e2bd748-96ac-467e-83fc-c73b8bb4f458 19 2257 2260 -edge_133_0_+disjointig_199_2235_7131 18 2255 4896 -1 -1 2218 0.00057321
Chain
	Aln	264	-0e2bd748-96ac-467e-83fc-c73b8bb4f458 2 2240 2260 +edge_133_0_+disjointig_199_2235_7131 2640 4877 4896 -1 -1 2218 0.00057321
Chain
	Aln	651	+b5fa745a-3193-4ad9-8ed3-7593abd2ebe2 13 1142 1233 -edge_326_0_+disjointig_58_0_35073 21526 22651 35073 -1 -1 1106 0.00198114
Chain
	Aln	650	-b5fa745a-3193-4ad9-8ed3-7593abd2ebe2 90 1219 1233 +edge_326_0_+disjointig_58_0_35073 12421 13546 35073 -1 -1 1106 0.00198114
Chain
	Aln	456	+86b29058-4b45-4edf-a5df-d0c27596496b 10 1871 2027 +edge_229_0_+disjointig_275_0_2664 793 2654 2664 -1 -1 1844 0.00388152
Chain
	Aln	457	-86b29058-4b45-4edf-a5df-d0c27596496b 155 2016 2027 -edge_229_0_+disjointig_275_0_2664 9 1870 2664 -1 -1 1844 0.00388152
Chain
	Aln	327	+62c07118-6949-4563-8917-58ae0a736625 14 1014 1114 -edge_164_0_+disjointig_218_0_16787 15786 16786 16787 -1 -1 1000 0
Chain
	Aln	326	-62c07118-6949-4563-8917-58ae0a736625 99 1099 1114 +edge_164_0_+disjointig_218_0_16787 0 1000 16787 -1 -1 1000 0
Chain
	Aln	650	+709a755b-b5c3-4341-b20e-e148cc9e9289 71 7258 7310 +edge_326_0_+disjointig_58_0_35073 24895 32193 35073 -1 -1 6541 0.00721183
Chain
	Aln	651	-709a755b-b5c3-4341-b20e-e148cc9e9289 51 7238 7310 -edge_326_0_+disjointig_58_0_35073 2879 10177 35073 -1 -1 6541 0.00721183
Chain
	Aln	170	+7b8832b5-9200-4f5d-acf4-5f567765d6aa 5 2666 2668 +edge_86_0_+disjointig_157_0_3044 93 2756 3044 -1 -1 2634 0.00160792
Chain
	Aln	171	-7b8832b5-9200-4f5d-acf4-5f567765d6aa 1 2662 2668 -edge_86_0_+disjointig_157_0_3044 287 2950 3044 -1 -1 2634 0.00160792
Chain
	Aln	421	+7df2994d-f03f-4215-81f7-7818bfa56ca9 5 3753 3756 -edge_211_0_+disjointig_260_0_3767 4 3764 3767 -1 -1 3447 0.00902477
Chain
	Aln	420	-7df2994d-f03f-4215-81f7-7818bfa56ca9 2 3750 3756 +edge_211_0_+disjointig_260_0_3767 2 3762 3767 -1 -1 3447 0.00902477
Chain
	Aln	647	+451d2e13-e21f-4354-9ae6-ffc2321c88ca 9 1343 1345 -edge_324_0_+disjointig_55_0_20283 1182 2516 20283 -1 -1 1310 0.00121976
Chain
	Aln	646	-451d2e13-e21f-4354-9ae6-ffc2321c88ca 1 1335 1345 +edge_324_0_+disjointig_55_0_20283 17766 19100 20283 -1 -1 1310 0.00121976
Chain
	Aln	478	+6f25f7e1-e008-42b7-988c-341c490bd916 14 3749 3756 +edge_240_0_-disjointig_57_7953_51690 3433 7169 43737 -1 -1 3666 0.00173085
Chain
	Aln	479	-6f25f7e1-e008-42b7-988c-341c490bd916 6 3741 3756 -edge_240_0_-disjointig_57_7953_51690 36567 40303 43737 -1 -1 3666 0.00173085
Chain
	Aln	760	+31929dbf-c343-4149-807d-5618941c28fb 13 2403 2411 +edge_381_0_-disjointig_45_0_30722 20721 23109 30722 -1 -1 2380 0
Chain
	Aln	761	-31929dbf-c343-4149-807d-5618941c28fb 7 2397 2411 -edge_381_0_-disjointig_45_0_30722 7612 10000 30722 -1 -1 2380 0
Chain
	Aln	49	+693317a9-0da8-495e-bd2a-325187e9f1a6 7 6389 6391 -edge_25_0_+disjointig_11_0_10209 3820 10207 10209 -1 -1 6299 0.000740732
Chain
	Aln	48	-693317a9-0da8-495e-bd2a-325187e9f1a6 1 6383 6391 +edge_25_0_+disjointig_11_0_10209 1 6388 10209 -1 -1 6299 0.000740732
Chain
	Aln	743	+a0aae9bb-c032-4c79-9be6-390c895ce117 21 4858 4867 -edge_372_0_+disjointig_48_0_14826 7930 12766 14826 -1 -1 4776 0.00103843
Chain
	Aln	742	-a0aae9bb-c032-4c79-9be6-390c895ce117 8 4845 4867 +edge_372_0_+disjointig_48_0_14826 2059 6895 14826 -1 -1 4776 0.00103843
Chain
	Aln	619	+aa2d2dad-e57d-436b-a48d-195f1155edf1 26 5384 5387 -edge_310_0_+disjointig_39_0_32732 2131 7490 32732 -1 -1 5222 0.00317243
Chain
	Aln	618	-aa2d2dad-e57d-436b-a48d-195f1155edf1 2 5360 5387 +edge_310_0_+disjointig_39_0_32732 25241 30600 32732 -1 -1 5222 0.00317243
Chain
	Aln	617	+cb5b6796-be4a-48f9-8f63-bebc42d02184 7 2437 2439 -edge_309_0_+disjointig_38_0_2436 6 2434 2436 -1 -1 2414 0.000101794
Chain
	Aln	616	-cb5b6796-be4a-48f9-8f63-bebc42d02184 1 2431 2439 +edge_309_0_+disjointig_38_0_2436 1 2429 2436 -1 -1 2414 0.000101794
Chain
	Aln	760	+5d7f3d66-8e8e-4284-a773-233e3344e597 7 1552 1565 +edge_381_0_-disjointig_45_0_30722 13717 15262 30722 -1 -1 1445 0.00695206
Chain
	Aln	761	-5d7f3d66-8e8e-4284-a773-233e3344e597 12 1557 1565 -edge_381_0_-disjointig_45_0_30722 15459 17004 30722 -1 -1 1445 0.00695206
Chain
	Aln	183	+1f9fb384-3c7c-4931-bda5-baf33332bf21 6 7367 7620 -edge_92_0_+disjointig_162_0_7370 5 7369 7370 -1 -1 7139 0.00413685
Chain
	Aln	182	-1f9fb384-3c7c-4931-bda5-baf33332bf21 252 7613 7620 +edge_92_0_+disjointig_162_0_7370 0 7364 7370 -1 -1 7139 0.00413685
Chain
	Aln	16	+0b3af928-530a-49c6-81de-82bcebe35f97 17 1435 1545 +edge_9_2_+disjointig_7_2707_4165 30 1449 1458 -1 -1 1398 0.000547226
Chain
	Aln	17	-0b3af928-530a-49c6-81de-82bcebe35f97 109 1527 1545 -edge_9_2_+disjointig_7_2707_4165 8 1427 1458 -1 -1 1398 0.000547226
Chain
	Aln	194	+920e19e8-ec68-4dbb-bd36-0d9dd43a6d81 14 1787 1791 +edge_98_0_+disjointig_166_0_14218 8926 10698 14218 -1 -1 1664 0.00710575
Chain
	Aln	195	-920e19e8-ec68-4dbb-bd36-0d9dd43a6d81 3 1776 1791 -edge_98_0_+disjointig_166_0_14218 3519 5291 14218 -1 -1 1664 0.00710575
Chain
	Aln	661	+52042742-df46-46dc-b368-33678525c907 10 1032 1038 -edge_331_0_+disjointig_63_0_33738 545 1565 33738 -1 -1 1004 0
Chain
	Aln	660	-52042742-df46-46dc-b368-33678525c907 5 1027 1038 +edge_331_0_+disjointig_63_0_33738 32172 33192 33738 -1 -1 1004 0
Chain
	Aln	155	+b5993532-91bf-44c2-9301-074dbb5b1e58 7 2315 2317 -edge_78_0_+disjointig_148_0_6477 6 2322 6477 -1 -1 2163 0.00891633
Chain
	Aln	154	-b5993532-91bf-44c2-9301-074dbb5b1e58 1 2309 2317 +edge_78_0_+disjointig_148_0_6477 4154 6470 6477 -1 -1 2163 0.00891633
Chain
	Aln	43	+e3cb0707-8a8d-4ac4-ae77-32ded91ddd6c 11 3396 3398 -edge_22_0_+disjointig_107_0_25761 19858 23253 25761 -1 -1 3319 0.00332043
Chain
	Aln	42	-e3cb0707-8a8d-4ac4-ae77-32ded91ddd6c 1 3386 3398 +edge_22_0_+disjointig_107_0_25761 2507 5902 25761 -1 -1 3319 0.00332043
Chain
	Aln	157	+5fa5b205-9393-406c-8d26-2a7d320e43c4 6 1409 1412 -edge_79_0_+disjointig_149_0_13469 5954 7357 13469 -1 -1 1403 0
Chain
	Aln	156	-5fa5b205-9393-406c-8d26-2a7d320e43c4 2 1405 1412 +edge_79_0_+disjointig_149_0_13469 6111 7514 13469 -1 -1 1403 0
Chain
	Aln	739	+88072599-7ce6-4cfd-84b1-b5ecb3324091 17 3670 3676 -edge_370_0_-disjointig_66_3457_23755 11665 15305 20298 -1 -1 3568 0.00381363
Chain
	Aln	738	-88072599-7ce6-4cfd-84b1-b5ecb3324091 5 3658 3676 +edge_370_0_-disjointig_66_3457_23755 4992 8632 20298 -1 -1 3568 0.00381363
Chain
	Aln	738	+1dbae077-137e-4db7-a01d-eede081d5730 7 3609 3655 +edge_370_0_-disjointig_66_3457_23755 4974 8577 20298 -1 -1 3503 0.00522295
Chain
	Aln	739	-1dbae077-137e-4db7-a01d-eede081d5730 45 3647 3655 -edge_370_0_-disjointig_66_3457_23755 11720 15323 20298 -1 -1 3503 0.00522295
Chain
	Aln	16	+5c5a2930-e8b7-475c-8fed-232e5c36a2ed 4336 5779 6615 +edge_9_1_-disjointig_20_5873_7328 6 1449 1455 -1 -1 1437 0.000165755
Chain
	Aln	240	+5c5a2930-e8b7-475c-8fed-232e5c36a2ed 7 1341 6615 +edge_121_0_+disjointig_187_0_18602 17263 18593 18602 -1 -1 1304 0.00247404
Chain
	Aln	17	-5c5a2930-e8b7-475c-8fed-232e5c36a2ed 835 2278 6615 -edge_9_1_-disjointig_20_5873_7328 5 1448 1455 -1 -1 1437 0.000165755
Chain
	Aln	241	-5c5a2930-e8b7-475c-8fed-232e5c36a2ed 5273 6607 6615 -edge_121_0_+disjointig_187_0_18602 8 1338 18602 -1 -1 1304 0.00247404
Chain
	Aln	466	+deedc5b9-fe14-453a-b2b0-7aad7396c439 11 1011 1013 +edge_234_0_+disjointig_28_0_27669 18287 19292 27669 -1 -1 974 0.00376106
Chain
	Aln	467	-deedc5b9-fe14-453a-b2b0-7aad7396c439 1 1001 1013 -edge_234_0_+disjointig_28_0_27669 8376 9381 27669 -1 -1 974 0.00376106
Chain
	Aln	193	+2b2ac72d-0866-4ff3-a7da-5e7e89f98d53 3 1500 1504 -edge_97_0_+disjointig_165_0_15540 267 1764 15540 -1 -1 1484 0.000989904
Chain
	Aln	192	-2b2ac72d-0866-4ff3-a7da-5e7e89f98d53 3 1500 1504 +edge_97_0_+disjointig_165_0_15540 13775 15272 15540 -1 -1 1484 0.000989904
Chain
	Aln	385	+fac924bc-58a7-41da-9427-63f97a1e4b25 13 6234 7721 -edge_193_0_+disjointig_244_0_6238 12 6237 6238 -1 -1 6174 0.000845477
Chain
	Aln	384	-fac924bc-58a7-41da-9427-63f97a1e4b25 1486 7707 7721 +edge_193_0_+disjointig_244_0_6238 0 6225 6238 -1 -1 6174 0.000845477
Chain
	Aln	227	+d1dabfdc-8fe9-4181-8e83-99a0bd32f856 10 1775 1783 -edge_114_0_+disjointig_180_0_7115 1736 3501 7115 -1 -1 1761 0
Chain
	Aln	226	-d1dabfdc-8fe9-4181-8e83-99a0bd32f856 7 1772 1783 +edge_114_0_+disjointig_180_0_7115 3613 5378 7115 -1 -1 1761 0
Chain
	Aln	686	+d370114f-990f-48f4-bb13-79e97bf6c3ea 86 1116 1121 +edge_344_0_+disjointig_80_0_12633 1 1032 12633 -1 -1 1014 0.00356819
Chain
	Aln	687	-d370114f-990f-48f4-bb13-79e97bf6c3ea 4 1034 1121 -edge_344_0_+disjointig_80_0_12633 11600 12631 12633 -1 -1 1014 0.00356819
Chain
	Aln	42	+e3f08d69-9a1c-4b5f-8f18-c8808f1c21fa 3 4017 4022 +edge_22_0_+disjointig_107_0_25761 17220 21263 25761 -1 -1 3754 0.00487578
Chain
	Aln	43	-e3f08d69-9a1c-4b5f-8f18-c8808f1c21fa 4 4018 4022 -edge_22_0_+disjointig_107_0_25761 4497 8540 25761 -1 -1 3754 0.00487578
Chain
	Aln	360	+a8eb2224-b9ac-4199-b9f5-0f14699cb2ba 7 4741 5334 +edge_181_0_+disjointig_234_0_5445 240 4972 5445 -1 -1 4636 0.00242435
Chain
	Aln	361	-a8eb2224-b9ac-4199-b9f5-0f14699cb2ba 592 5326 5334 -edge_181_0_+disjointig_234_0_5445 472 5204 5445 -1 -1 4636 0.00242435
Chain
	Aln	484	+a5418180-ff62-4b9e-b6d3-d0bb4cba3913 80 3865 3871 +edge_243_0_+disjointig_49_7193_20010 3659 7444 12817 -1 -1 3785 0.00117144
Chain
	Aln	485	-a5418180-ff62-4b9e-b6d3-d0bb4cba3913 5 3790 3871 -edge_243_0_+disjointig_49_7193_20010 5372 9157 12817 -1 -1 3785 0.00117144
Chain
	Aln	287	+96a99c54-4a28-4910-9380-85285d47c2b9 13 1926 1931 -edge_144_0_+disjointig_206_0_18223 11567 13474 18223 -1 -1 1868 0.00242025
Chain
	Aln	286	-96a99c54-4a28-4910-9380-85285d47c2b9 4 1917 1931 +edge_144_0_+disjointig_206_0_18223 4748 6655 18223 -1 -1 1868 0.00242025
Chain
	Aln	130	+a9c38eab-cb71-46c2-83b6-274059daa69a 11 4277 4280 +edge_66_0_+disjointig_138_0_38214 27011 31276 38214 -1 -1 4218 0.00207208
Chain
	Aln	131	-a9c38eab-cb71-46c2-83b6-274059daa69a 2 4268 4280 -edge_66_0_+disjointig_138_0_38214 6937 11202 38214 -1 -1 4218 0.00207208
Chain
	Aln	202	+6ec0c351-37bf-4875-8a35-e415d63c7b91 16 3874 4028 +edge_102_0_+disjointig_169_0_8808 4945 8799 8808 -1 -1 3786 0.00212061
Chain
	Aln	203	-6ec0c351-37bf-4875-8a35-e415d63c7b91 153 4011 4028 -edge_102_0_+disjointig_169_0_8808 8 3862 8808 -1 -1 3786 0.00212061
Chain
	Aln	68	+0c1c346c-bce4-480a-b84b-9d5cd5256117 6 1309 2216 +edge_35_0_-disjointig_12_5975_11622 4336 5637 5647 -1 -1 1265 0.0036827
Chain
	Aln	69	-0c1c346c-bce4-480a-b84b-9d5cd5256117 906 2209 2216 -edge_35_0_-disjointig_12_5975_11622 9 1310 5647 -1 -1 1265 0.0036827
Chain
	Aln	156	+61cf19d1-59f6-4a39-a492-dc7ba9e8cbee 10 1262 1269 +edge_79_0_+disjointig_149_0_13469 3925 5183 13469 -1 -1 1239 0.00488409
Chain
	Aln	157	-61cf19d1-59f6-4a39-a492-dc7ba9e8cbee 6 1258 1269 -edge_79_0_+disjointig_149_0_13469 8285 9543 13469 -1 -1 1239 0.00488409
Chain
	Aln	591	+4c6f150b-41eb-4d37-9e26-5d47343128a7 5 5106 9286 -edge_296_0_+disjointig_323_0_10102 4982 10081 10102 -1 -1 5052 0.00221801
Chain
	Aln	590	-4c6f150b-41eb-4d37-9e26-5d47343128a7 4179 9280 9286 +edge_296_0_+disjointig_323_0_10102 20 5119 10102 -1 -1 5052 0.00221801
Chain
	Aln	743	+e9be2b4d-fb92-4cc3-a99d-c862ee055bd8 29 5929 7838 -edge_372_0_+disjointig_48_0_14826 8930 14825 14826 -1 -1 5829 0.00117492
Chain
	Aln	742	-e9be2b4d-fb92-4cc3-a99d-c862ee055bd8 1908 7808 7838 +edge_372_0_+disjointig_48_0_14826 0 5895 14826 -1 -1 5829 0.00117492
Chain
	Aln	746	+816ea304-a9b7-43f6-b52d-cf3693291f81 502 2658 2661 +edge_374_0_+disjointig_236_4011_12218 5 2163 8207 -1 -1 2106 6.40156e-05
Chain
	Aln	747	-816ea304-a9b7-43f6-b52d-cf3693291f81 2 2158 2661 -edge_374_0_+disjointig_236_4011_12218 6043 8201 8207 -1 -1 2106 6.40156e-05
Chain
	Aln	759	+18c994f1-8451-469f-a36a-337aa10b7214 12 1182 1191 -edge_380_0_+disjointig_98_1472_24422 3264 4434 22950 -1 -1 1153 0.00378312
Chain
	Aln	758	-18c994f1-8451-469f-a36a-337aa10b7214 8 1178 1191 +edge_380_0_+disjointig_98_1472_24422 18515 19685 22950 -1 -1 1153 0.00378312
Chain
	Aln	44	+272e87ea-4038-4306-a071-0d929cfe32fc 10 6393 6398 +edge_23_0_+disjointig_108_0_13573 7078 13461 13573 -1 -1 6301 0.00285078
Chain
	Aln	45	-272e87ea-4038-4306-a071-0d929cfe32fc 4 6387 6398 -edge_23_0_+disjointig_108_0_13573 111 6494 13573 -1 -1 6301 0.00285078
Chain
	Aln	567	+801de900-f2d2-42be-960e-7e5ff07d50ff 16 2908 2911 -edge_284_0_+disjointig_314_0_9221 6338 9218 9221 -1 -1 2818 0.00235212
Chain
	Aln	566	-801de900-f2d2-42be-960e-7e5ff07d50ff 2 2894 2911 +edge_284_0_+disjointig_314_0_9221 2 2882 9221 -1 -1 2818 0.00235212
Chain
	Aln	476	+812445b1-7660-47ac-947c-0a156455cebb 9 2485 2489 +edge_239_0_+disjointig_41_9827_31060 1918 4394 21233 -1 -1 2467 0.000672576
Chain
	Aln	477	-812445b1-7660-47ac-947c-0a156455cebb 3 2479 2489 -edge_239_0_+disjointig_41_9827_31060 16838 19314 21233 -1 -1 2467 0.000672576
Chain
	Aln	604	+b337b91d-a590-4ab7-96ba-0c9e3da5d0b0 2 4628 5602 +edge_303_0_+disjointig_33_0_4659 2 4652 4659 -1 -1 4495 0.00333098
Chain
	Aln	605	-b337b91d-a590-4ab7-96ba-0c9e3da5d0b0 973 5599 5602 -edge_303_0_+disjointig_33_0_4659 6 4656 4659 -1 -1 4495 0.00333098
Chain
	Aln	340	+9df614a6-d7c7-4859-9518-b2061dd2edde 8 1495 1498 +edge_171_0_+disjointig_224_0_11833 2627 4117 11833 -1 -1 1443 0.00250365
Chain
	Aln	341	-9df614a6-d7c7-4859-9518-b2061dd2edde 2 1489 1498 -edge_171_0_+disjointig_224_0_11833 7715 9205 11833 -1 -1 1443 0.00250365
Chain
	Aln	696	+340232eb-f017-4132-b06a-c57690712470 977 8145 8693 +edge_349_0_+disjointig_85_0_17144 2 7178 17144 -1 -1 7020 0.00308999
Chain
	Aln	697	-340232eb-f017-4132-b06a-c57690712470 547 7715 8693 -edge_349_0_+disjointig_85_0_17144 9965 17141 17144 -1 -1 7020 0.00308999
Chain
	Aln	195	+c9893c4c-b5d2-41e4-82b5-cae4230478b5 13 5940 5942 -edge_98_0_+disjointig_166_0_14218 12 5942 14218 -1 -1 5716 0.00376019
Chain
	Aln	194	-c9893c4c-b5d2-41e4-82b5-cae4230478b5 1 5928 5942 +edge_98_0_+disjointig_166_0_14218 8275 14205 14218 -1 -1 5716 0.00376019
Chain
	Aln	7	+91022a67-deaa-4b1f-81c2-4b11d4ba4eca 13 6339 6362 -edge_4_0_+disjointig_10_0_20168 13084 19413 20168 -1 -1 6098 0.00288675
Chain
	Aln	6	-91022a67-deaa-4b1f-81c2-4b11d4ba4eca 22 6348 6362 +edge_4_0_+disjointig_10_0_20168 754 7083 20168 -1 -1 6098 0.00288675
Chain
	Aln	476	+826f92ec-6494-4198-bf2c-bf5641ac9c50 3 5030 5038 +edge_239_0_+disjointig_41_9827_31060 5322 10349 21233 -1 -1 5006 0.00229002
Chain
	Aln	477	-826f92ec-6494-4198-bf2c-bf5641ac9c50 7 5034 5038 -edge_239_0_+disjointig_41_9827_31060 10883 15910 21233 -1 -1 5006 0.00229002
Chain
	Aln	223	+0155173e-c6e7-4e29-b924-faef736edf21 56 1938 1948 -edge_112_0_+disjointig_179_0_13636 13 1895 13636 -1 -1 1876 0.000408762
Chain
	Aln	222	-0155173e-c6e7-4e29-b924-faef736edf21 9 1891 1948 +edge_112_0_+disjointig_179_0_13636 11740 13622 13636 -1 -1 1876 0.000408762
Chain
	Aln	195	+77ead06c-9655-4362-9878-b20c43467115 33 7199 7509 -edge_98_0_+disjointig_166_0_14218 3015 10195 14218 -1 -1 6653 0.00706222
Chain
	Aln	194	-77ead06c-9655-4362-9878-b20c43467115 309 7475 7509 +edge_98_0_+disjointig_166_0_14218 4022 11202 14218 -1 -1 6653 0.00706222
Chain
	Aln	764	+9ffa5acc-3519-43fe-b942-c0cf63a7d66e 256 2354 2359 +edge_383_0_+disjointig_37_1412_10185 1 2098 8773 -1 -1 2040 0.00326438
Chain
	Aln	765	-9ffa5acc-3519-43fe-b942-c0cf63a7d66e 4 2102 2359 -edge_383_0_+disjointig_37_1412_10185 6674 8771 8773 -1 -1 2040 0.00326438
Chain
	Aln	650	+527d01d5-fde1-4545-a34b-d3a0b4ae4de3 3 5435 5437 +edge_326_0_+disjointig_58_0_35073 12339 17763 35073 -1 -1 5401 0.000979808
Chain
	Aln	651	-527d01d5-fde1-4545-a34b-d3a0b4ae4de3 1 5433 5437 -edge_326_0_+disjointig_58_0_35073 17309 22733 35073 -1 -1 5401 0.000979808
Chain
	Aln	738	+62cca212-8f1f-4f05-be8b-cb2eac77ed39 48 2076 2079 +edge_370_0_-disjointig_66_3457_23755 8707 10735 20298 -1 -1 1908 0.00638656
Chain
	Aln	739	-62cca212-8f1f-4f05-be8b-cb2eac77ed39 2 2030 2079 -edge_370_0_-disjointig_66_3457_23755 9562 11590 20298 -1 -1 1908 0.00638656
Chain
	Aln	607	+d75150f0-c8ca-45ec-9174-a0bf18e7a0c4 10 1944 1971 -edge_304_0_+disjointig_34_0_21728 19430 21364 21728 -1 -1 1920 0.00341682
Chain
	Aln	606	-d75150f0-c8ca-45ec-9174-a0bf18e7a0c4 26 1960 1971 +edge_304_0_+disjointig_34_0_21728 363 2297 21728 -1 -1 1920 0.00341682
Chain
	Aln	648	+cf8256f4-817c-402c-9866-ffcc18c1ee23 10 5587 5589 +edge_325_0_+disjointig_56_0_14906 2359 7932 14906 -1 -1 5489 0.00126824
Chain
	Aln	649	-cf8256f4-817c-402c-9866-ffcc18c1ee23 1 5578 5589 -edge_325_0_+disjointig_56_0_14906 6973 12546 14906 -1 -1 5489 0.00126824
Chain
	Aln	230	+d9fd825f-d0fa-446e-acdb-a6be36ffcdb2 14 1988 1994 +edge_116_0_+disjointig_182_0_13686 8857 10831 13686 -1 -1 1933 0.00479902
Chain
	Aln	231	-d9fd825f-d0fa-446e-acdb-a6be36ffcdb2 5 1979 1994 -edge_116_0_+disjointig_182_0_13686 2854 4828 13686 -1 -1 1933 0.00479902
Chain
	Aln	214	+b66f15ef-2ff4-4d01-85a3-fad82943a1a8 2 4517 4519 +edge_108_0_+disjointig_174_0_19402 6506 11035 19402 -1 -1 4162 0.01086
Chain
	Aln	215	-b66f15ef-2ff4-4d01-85a3-fad82943a1a8 1 4516 4519 -edge_108_0_+disjointig_174_0_19402 8366 12895 19402 -1 -1 4162 0.01086
Chain
	Aln	608	+869bb64f-75e0-4a1b-a918-143d770ee13e 22 4808 4822 +edge_305_0_+disjointig_35_0_17453 3882 8684 17453 -1 -1 4522 0.0052969
Chain
	Aln	609	-869bb64f-75e0-4a1b-a918-143d770ee13e 13 4799 4822 -edge_305_0_+disjointig_35_0_17453 8768 13570 17453 -1 -1 4522 0.0052969
Chain
	Aln	338	+17ae07cb-bde1-4243-9541-ffb5bc662640 78 1411 1414 +edge_170_0_+disjointig_223_0_8663 2633 3967 8663 -1 -1 1325 0
Chain
	Aln	339	-17ae07cb-bde1-4243-9541-ffb5bc662640 2 1335 1414 -edge_170_0_+disjointig_223_0_8663 4695 6029 8663 -1 -1 1325 0
Chain
	Aln	399	+de27632a-8ba6-4d7e-b6a7-82efef5e901f 9 3666 3670 -edge_200_0_+disjointig_250_0_5936 2277 5932 5936 -1 -1 3626 0.0019217
Chain
	Aln	398	-de27632a-8ba6-4d7e-b6a7-82efef5e901f 3 3660 3670 +edge_200_0_+disjointig_250_0_5936 3 3658 5936 -1 -1 3626 0.0019217
Chain
	Aln	442	+8a314086-bd18-4a29-b537-c381f64ba333 20 1106 1113 +edge_222_0_+disjointig_269_0_6543 5316 6402 6543 -1 -1 1080 0
Chain
	Aln	443	-8a314086-bd18-4a29-b537-c381f64ba333 6 1092 1113 -edge_222_0_+disjointig_269_0_6543 140 1226 6543 -1 -1 1080 0
Chain
	Aln	619	+28ee7f54-dfe9-4d78-bb8f-5e43ab0cea60 14 7243 7245 -edge_310_0_+disjointig_39_0_32732 4257 11492 32732 -1 -1 7083 0.00146641
Chain
	Aln	618	-28ee7f54-dfe9-4d78-bb8f-5e43ab0cea60 1 7230 7245 +edge_310_0_+disjointig_39_0_32732 21239 28474 32732 -1 -1 7083 0.00146641
Chain
	Aln	619	+5dc1eb70-6563-493a-9fd6-67d33b2a5279 10 1343 1509 -edge_310_0_+disjointig_39_0_32732 31382 32716 32732 -1 -1 1327 0.00121976
Chain
	Aln	618	-5dc1eb70-6563-493a-9fd6-67d33b2a5279 165 1498 1509 +edge_310_0_+disjointig_39_0_32732 15 1349 32732 -1 -1 1327 0.00121976
Chain
	Aln	639	+30c34049-60b1-4f80-af09-a4512fe31ae8 14 1730 1733 -edge_320_0_+disjointig_51_0_24344 21798 23513 24344 -1 -1 1705 0.00216633
Chain
	Aln	638	-30c34049-60b1-4f80-af09-a4512fe31ae8 2 1718 1733 +edge_320_0_+disjointig_51_0_24344 830 2545 24344 -1 -1 1705 0.00216633
Chain
	Aln	196	+f9c04c47-9f7a-4602-8cf1-4f63706c1539 10 1143 1149 +edge_99_0_+disjointig_167_0_8875 7311 8439 8875 -1 -1 1118 0.00555143
Chain
	Aln	197	-f9c04c47-9f7a-4602-8cf1-4f63706c1539 5 1138 1149 -edge_99_0_+disjointig_167_0_8875 435 1563 8875 -1 -1 1118 0.00555143
Chain
	Aln	376	+5d289506-3ff8-465a-be11-03868bad0852 1 5010 5014 +edge_189_0_+disjointig_240_0_21824 6451 11459 21824 -1 -1 4991 0
Chain
	Aln	377	-5d289506-3ff8-465a-be11-03868bad0852 3 5012 5014 -edge_189_0_+disjointig_240_0_21824 10364 15372 21824 -1 -1 4991 0
Chain
	Aln	664	+de03046b-5a7b-4428-bb03-b5c3b78f9dd5 947 8419 8440 +edge_333_0_+disjointig_65_0_11933 1 7481 11933 -1 -1 7213 0.00467946
Chain
	Aln	665	-de03046b-5a7b-4428-bb03-b5c3b78f9dd5 20 7492 8440 -edge_333_0_+disjointig_65_0_11933 4451 11931 11933 -1 -1 7213 0.00467946
Chain
	Aln	118	+267c6f99-f503-4411-97f6-eed40c87089a 12 2936 2938 +edge_60_0_+disjointig_131_0_25925 3550 6480 25925 -1 -1 2872 0.0015083
Chain
	Aln	119	-267c6f99-f503-4411-97f6-eed40c87089a 1 2925 2938 -edge_60_0_+disjointig_131_0_25925 19444 22374 25925 -1 -1 2872 0.0015083
Chain
	Aln	141	+f180333d-1386-4f1f-b286-40a97195fa71 21 6069 6073 -edge_71_0_+disjointig_140_0_13641 7586 13637 13641 -1 -1 5886 0.00215893
Chain
	Aln	140	-f180333d-1386-4f1f-b286-40a97195fa71 3 6051 6073 +edge_71_0_+disjointig_140_0_13641 3 6054 13641 -1 -1 5886 0.00215893
Chain
	Aln	46	+636ca1d9-31d7-46ae-9e8a-cb9d59aa326f 11 1798 9367 +edge_24_0_+disjointig_109_0_11803 10004 11798 11803 -1 -1 1541 0.0148042
Chain
	Aln	47	-636ca1d9-31d7-46ae-9e8a-cb9d59aa326f 7568 9355 9367 -edge_24_0_+disjointig_109_0_11803 4 1798 11803 -1 -1 1541 0.0148042
Chain
	Aln	282	+5e1f78f5-5be6-4f17-b5e2-8f5c01424a1f 1342 2471 2483 +edge_142_0_+disjointig_204_0_4315 1 1131 4315 -1 -1 1121 0.00173687
Chain
	Aln	283	-5e1f78f5-5be6-4f17-b5e2-8f5c01424a1f 11 1140 2483 -edge_142_0_+disjointig_204_0_4315 3183 4313 4315 -1 -1 1121 0.00173687
Chain
	Aln	46	+1dddf0fc-e869-435a-a0c9-329e54bd4756 3 6987 6998 +edge_24_0_+disjointig_109_0_11803 3755 10740 11803 -1 -1 6913 0.00107598
Chain
	Aln	47	-1dddf0fc-e869-435a-a0c9-329e54bd4756 10 6994 6998 -edge_24_0_+disjointig_109_0_11803 1062 8047 11803 -1 -1 6913 0.00107598
Chain
	Aln	521	+db3ae1c8-21d2-4d90-b02b-4c41e7eec433 14 3319 3323 -edge_261_0_+disjointig_298_0_3329 13 3325 3329 -1 -1 3240 0.00350424
Chain
	Aln	520	-db3ae1c8-21d2-4d90-b02b-4c41e7eec433 3 3308 3323 +edge_261_0_+disjointig_298_0_3329 3 3315 3329 -1 -1 3240 0.00350424
Chain
	Aln	704	+e532f958-18df-4692-b26d-92ea269a8bb4 23 2595 2598 +edge_353_0_+disjointig_89_0_13592 8615 11189 13592 -1 -1 2544 0.00177547
Chain
	Aln	705	-e532f958-18df-4692-b26d-92ea269a8bb4 2 2574 2598 -edge_353_0_+disjointig_89_0_13592 2402 4976 13592 -1 -1 2544 0.00177547
Chain
	Aln	313	+4c7eacf0-6bc2-468b-8652-fb596f2758cb 10 1759 1767 -edge_157_0_+disjointig_215_0_5860 1015 2765 5860 -1 -1 1707 0.00120216
Chain
	Aln	312	-4c7eacf0-6bc2-468b-8652-fb596f2758cb 7 1756 1767 +edge_157_0_+disjointig_215_0_5860 3094 4844 5860 -1 -1 1707 0.00120216
Chain
	Aln	423	+3fb68451-49e5-4b7b-92eb-fc4139d16c8a 16 4005 4008 -edge_212_0_+disjointig_261_0_30460 15 4015 30460 -1 -1 3889 0.00127314
Chain
	Aln	422	-3fb68451-49e5-4b7b-92eb-fc4139d16c8a 2 3991 4008 +edge_212_0_+disjointig_261_0_30460 26444 30444 30460 -1 -1 3889 0.00127314
Chain
	Aln	43	+e9772cfc-3c61-48be-8ca4-74840bdeecb5 7 5840 5846 -edge_22_0_+disjointig_107_0_25761 8226 14070 25761 -1 -1 5416 0.0069426
Chain
	Aln	42	-e9772cfc-3c61-48be-8ca4-74840bdeecb5 5 5838 5846 +edge_22_0_+disjointig_107_0_25761 11690 17534 25761 -1 -1 5416 0.0069426
Chain
	Aln	146	+b1ecedbe-a813-42d9-9631-3c152175abeb 152 1183 1192 +edge_74_0_+disjointig_144_0_5043 1 1032 5043 -1 -1 1031 0
Chain
	Aln	147	-b1ecedbe-a813-42d9-9631-3c152175abeb 8 1039 1192 -edge_74_0_+disjointig_144_0_5043 4010 5041 5043 -1 -1 1031 0
Chain
	Aln	742	+7f2eb498-0bd7-4319-8ae0-bc5afb8e1f36 19 1162 1171 +edge_372_0_+disjointig_48_0_14826 13144 14289 14826 -1 -1 797 0.0303375
Chain
	Aln	743	-7f2eb498-0bd7-4319-8ae0-bc5afb8e1f36 8 1151 1171 -edge_372_0_+disjointig_48_0_14826 536 1681 14826 -1 -1 797 0.0303375
Chain
	Aln	422	+840242bb-a10f-472b-8f4b-b30c61525b92 12 22816 22818 +edge_212_0_+disjointig_261_0_30460 6082 28950 30460 -1 -1 21688 0.00407899
Chain
	Aln	423	-840242bb-a10f-472b-8f4b-b30c61525b92 1 22805 22818 -edge_212_0_+disjointig_261_0_30460 1509 24377 30460 -1 -1 21688 0.00407899
Chain
	Aln	221	+5d950f9c-0cd3-4d7e-825f-ad70b20abda5 11 4407 4415 -edge_111_0_+disjointig_178_0_9957 5458 9949 9957 -1 -1 4208 0.00415809
Chain
	Aln	220	-5d950f9c-0cd3-4d7e-825f-ad70b20abda5 7 4403 4415 +edge_111_0_+disjointig_178_0_9957 7 4498 9957 -1 -1 4208 0.00415809
Chain
	Aln	301	+8f268441-0ac9-43f6-baa0-feb16d7c931f 76 1548 1557 -edge_151_0_+disjointig_21_0_26556 654 2126 26556 -1 -1 1472 0
Chain
	Aln	300	-8f268441-0ac9-43f6-baa0-feb16d7c931f 8 1480 1557 +edge_151_0_+disjointig_21_0_26556 24429 25901 26556 -1 -1 1472 0
Chain
	Aln	553	+9a959755-0ead-4c8e-9f53-4e48d615898f 72 3533 3535 -edge_277_0_+disjointig_310_0_9201 2715 6165 9201 -1 -1 3286 0.00485869
Chain
	Aln	552	-9a959755-0ead-4c8e-9f53-4e48d615898f 1 3462 3535 +edge_277_0_+disjointig_310_0_9201 3035 6485 9201 -1 -1 3286 0.00485869
Chain
	Aln	386	+146a81eb-9f56-4c5e-b0ca-1975ddbace31 7 2179 2188 +edge_194_0_+disjointig_245_0_6235 2396 4568 6235 -1 -1 2150 0.00290214
Chain
	Aln	387	-146a81eb-9f56-4c5e-b0ca-1975ddbace31 8 2180 2188 -edge_194_0_+disjointig_245_0_6235 1666 3838 6235 -1 -1 2150 0.00290214
Chain
	Aln	744	+5e8902ec-3915-41fb-998a-84ae4aacc244 11 1909 1914 +edge_373_0_+disjointig_92_0_14318 5688 7586 14318 -1 -1 1846 0.00356889
Chain
	Aln	745	-5e8902ec-3915-41fb-998a-84ae4aacc244 4 1902 1914 -edge_373_0_+disjointig_92_0_14318 6731 8629 14318 -1 -1 1846 0.00356889
Chain
	Aln	203	+c18b2ed2-1bbd-444e-9fd4-f41371c583f0 15 7265 7271 -edge_102_0_+disjointig_169_0_8808 14 7271 8808 -1 -1 7134 0.00118724
Chain
	Aln	202	-c18b2ed2-1bbd-444e-9fd4-f41371c583f0 5 7255 7271 +edge_102_0_+disjointig_169_0_8808 1536 8793 8808 -1 -1 7134 0.00118724
Chain
	Aln	669	+4a4131c7-f5bc-47d1-91f9-66781f1feeeb 9 9052 9056 -edge_335_0_+disjointig_69_0_21020 1564 10613 21020 -1 -1 8617 0.00600709
Chain
	Aln	668	-4a4131c7-f5bc-47d1-91f9-66781f1feeeb 3 9046 9056 +edge_335_0_+disjointig_69_0_21020 10406 19455 21020 -1 -1 8617 0.00600709
Chain
	Aln	353	+43f7e292-b496-4852-b2ad-3065fa96ce25 9 2547 2558 -edge_177_0_+disjointig_23_0_5869 2436 4977 5869 -1 -1 2529 0.00153817
Chain
	Aln	352	-43f7e292-b496-4852-b2ad-3065fa96ce25 10 2548 2558 +edge_177_0_+disjointig_23_0_5869 891 3432 5869 -1 -1 2529 0.00153817
Chain
	Aln	176	+bbc03e93-7d64-4ec3-92ba-bf9c87aa33e7 25 4144 4152 +edge_89_0_+disjointig_159_0_7388 3267 7381 7388 -1 -1 2920 0.0294313
Chain
	Aln	177	-bbc03e93-7d64-4ec3-92ba-bf9c87aa33e7 7 4126 4152 -edge_89_0_+disjointig_159_0_7388 6 4120 7388 -1 -1 2920 0.0294313
Chain
	Aln	144	+d1aa1cf5-dbeb-407f-b58e-7e6859820d5e 7 1191 1194 +edge_73_0_+disjointig_143_0_14652 12937 14122 14652 -1 -1 1176 0.0013676
Chain
	Aln	145	-d1aa1cf5-dbeb-407f-b58e-7e6859820d5e 2 1186 1194 -edge_73_0_+disjointig_143_0_14652 529 1714 14652 -1 -1 1176 0.0013676
Chain
	Aln	241	+90cb9093-d5b1-4545-9c1d-df12f9946e36 60 7372 7374 -edge_121_0_+disjointig_187_0_18602 56 7358 18602 -1 -1 6415 0.0135725
Chain
	Aln	240	-90cb9093-d5b1-4545-9c1d-df12f9946e36 1 7313 7374 +edge_121_0_+disjointig_187_0_18602 11243 18545 18602 -1 -1 6415 0.0135725
Chain
	Aln	177	+2099d47b-8257-4325-a403-39c433c426a5 11 4457 4464 -edge_89_0_+disjointig_159_0_7388 2319 6763 7388 -1 -1 4416 0.000618248
Chain
	Aln	176	-2099d47b-8257-4325-a403-39c433c426a5 6 4452 4464 +edge_89_0_+disjointig_159_0_7388 624 5068 7388 -1 -1 4416 0.000618248
Chain
	Aln	356	+ee99f2f1-471c-4693-8f5d-dfbdd4af1bad 3 1154 1160 +edge_179_0_+disjointig_231_0_5235 3959 5104 5235 -1 -1 1122 0.00523363
Chain
	Aln	357	-ee99f2f1-471c-4693-8f5d-dfbdd4af1bad 5 1156 1160 -edge_179_0_+disjointig_231_0_5235 130 1275 5235 -1 -1 1122 0.00523363
Chain
	Aln	386	+da48530a-d9bd-4505-8986-813412a340e7 8 3241 3249 +edge_194_0_+disjointig_245_0_6235 2989 6228 6235 -1 -1 3111 0.00605892
Chain
	Aln	387	-da48530a-d9bd-4505-8986-813412a340e7 7 3240 3249 -edge_194_0_+disjointig_245_0_6235 6 3245 6235 -1 -1 3111 0.00605892
Chain
	Aln	84	+bc39a440-2b0a-4d33-9238-028b707a7ffb 9 1557 1560 +edge_43_0_+disjointig_116_0_8537 5949 7496 8537 -1 -1 1536 0.00318126
Chain
	Aln	85	-bc39a440-2b0a-4d33-9238-028b707a7ffb 2 1550 1560 -edge_43_0_+disjointig_116_0_8537 1040 2587 8537 -1 -1 1536 0.00318126
Chain
	Aln	348	+20cf71b9-bd60-49c1-8f54-983df29951b8 13 1277 1394 +edge_175_0_+disjointig_228_0_9714 8345 9614 9714 -1 -1 1246 0.00710137
Chain
	Aln	349	-20cf71b9-bd60-49c1-8f54-983df29951b8 116 1380 1394 -edge_175_0_+disjointig_228_0_9714 99 1368 9714 -1 -1 1246 0.00710137
Chain
	Aln	104	+b3dcdf3d-f24f-4f83-89e7-8be324a019ec 2 4281 4290 +edge_53_0_+disjointig_124_0_5857 2 4281 5857 -1 -1 4246 0
Chain
	Aln	105	-b3dcdf3d-f24f-4f83-89e7-8be324a019ec 8 4287 4290 -edge_53_0_+disjointig_124_0_5857 1575 5854 5857 -1 -1 4246 0
Chain
	Aln	640	+9805bf75-da16-4f58-8ca3-f218b1577200 6 3219 3227 +edge_321_0_+disjointig_52_0_21384 8772 11989 21384 -1 -1 3177 0.00294677
Chain
	Aln	641	-9805bf75-da16-4f58-8ca3-f218b1577200 7 3220 3227 -edge_321_0_+disjointig_52_0_21384 9394 12611 21384 -1 -1 3177 0.00294677
Chain
	Aln	641	+410930c4-cc9f-4d7e-af81-233b9135332c 10 3223 3225 -edge_321_0_+disjointig_52_0_21384 9377 12597 21384 -1 -1 3075 0.00706
Chain
	Aln	640	-410930c4-cc9f-4d7e-af81-233b9135332c 1 3214 3225 +edge_321_0_+disjointig_52_0_21384 8786 12006 21384 -1 -1 3075 0.00706
Chain
	Aln	152	+87aca044-2b63-4b7e-bf24-c5ad7b018037 6 1796 1801 +edge_77_0_+disjointig_147_0_20037 16890 18680 20037 -1 -1 1779 0.00367752
Chain
	Aln	153	-87aca044-2b63-4b7e-bf24-c5ad7b018037 4 1794 1801 -edge_77_0_+disjointig_147_0_20037 1356 3146 20037 -1 -1 1779 0.00367752
Chain
	Aln	455	+6772dcd6-e8b9-4108-9fd2-532bc9584253 8 5746 5749 -edge_228_0_+disjointig_274_0_14029 7 5775 14029 -1 -1 5485 0.00524329
Chain
	Aln	454	-6772dcd6-e8b9-4108-9fd2-532bc9584253 2 5740 5749 +edge_228_0_+disjointig_274_0_14029 8253 14021 14029 -1 -1 5485 0.00524329
Chain
	Aln	655	+91acffb2-62c4-49f4-a610-7fc82688de57 14 2692 2694 -edge_328_0_+disjointig_60_0_13874 4732 7408 13874 -1 -1 2656 0.000945502
Chain
	Aln	654	-91acffb2-62c4-49f4-a610-7fc82688de57 1 2679 2694 +edge_328_0_+disjointig_60_0_13874 6465 9141 13874 -1 -1 2656 0.000945502
Chain
	Aln	765	+1a212182-e6a7-4743-97a8-b878bdb31604 8 1582 1589 -edge_383_0_+disjointig_37_1412_10185 1791 3366 8773 -1 -1 1552 0.00332043
Chain
	Aln	764	-1a212182-e6a7-4743-97a8-b878bdb31604 6 1580 1589 +edge_383_0_+disjointig_37_1412_10185 5406 6981 8773 -1 -1 1552 0.00332043
Chain
	Aln	717	+4dc5e819-5311-4f72-b6c9-ddeb5ffcf43c 5 2503 2507 -edge_359_0_+disjointig_96_0_23495 18002 20501 23495 -1 -1 2482 0.00121648
Chain
	Aln	716	-4dc5e819-5311-4f72-b6c9-ddeb5ffcf43c 3 2501 2507 +edge_359_0_+disjointig_96_0_23495 2993 5492 23495 -1 -1 2482 0.00121648
Chain
	Aln	239	+c8664216-fa4f-40aa-a6ba-e82578ad17d9 12 2823 2840 -edge_120_0_+disjointig_186_0_20482 15231 18041 20482 -1 -1 2810 0.00126754
Chain
	Aln	238	-c8664216-fa4f-40aa-a6ba-e82578ad17d9 16 2827 2840 +edge_120_0_+disjointig_186_0_20482 2440 5250 20482 -1 -1 2810 0.00126754
Chain
	Aln	180	+98cef97e-4aed-47ca-a200-7bb2f47557bb 49 8035 8044 +edge_91_0_+disjointig_161_0_18481 4218 12206 18481 -1 -1 7873 0.00168405
Chain
	Aln	181	-98cef97e-4aed-47ca-a200-7bb2f47557bb 8 7994 8044 -edge_91_0_+disjointig_161_0_18481 6274 14262 18481 -1 -1 7873 0.00168405
Chain
	Aln	568	+14383a18-a254-4d32-887a-3963105f49b9 93 1585 1593 +edge_285_0_+disjointig_315_0_7954 2870 4362 7954 -1 -1 1455 0.00057321
Chain
	Aln	569	-14383a18-a254-4d32-887a-3963105f49b9 7 1499 1593 -edge_285_0_+disjointig_315_0_7954 3591 5083 7954 -1 -1 1455 0.00057321
Chain
	Aln	316	+3664e478-1704-46c1-a120-50c5b3ff9f55 50 1527 1537 +edge_159_0_+disjointig_217_0_11253 2226 3718 11253 -1 -1 1123 0.027004
Chain
	Aln	317	-3664e478-1704-46c1-a120-50c5b3ff9f55 9 1486 1537 -edge_159_0_+disjointig_217_0_11253 7534 9026 11253 -1 -1 1123 0.027004
Chain
	Aln	154	+3745cc0b-f0f6-49e9-804f-abaab13e41f6 8 2825 2838 +edge_78_0_+disjointig_148_0_6477 155 2975 6477 -1 -1 2665 0.00966508
Chain
	Aln	155	-3745cc0b-f0f6-49e9-804f-abaab13e41f6 12 2829 2838 -edge_78_0_+disjointig_148_0_6477 3501 6321 6477 -1 -1 2665 0.00966508
Chain
	Aln	417	+71e1ac31-d0a9-4398-a5a2-aa2960da8f93 6 3387 3389 -edge_209_0_+disjointig_259_0_8151 4769 8149 8151 -1 -1 3349 0.00237408
Chain
	Aln	416	-71e1ac31-d0a9-4398-a5a2-aa2960da8f93 1 3382 3389 +edge_209_0_+disjointig_259_0_8151 1 3381 8151 -1 -1 3349 0.00237408
Chain
	Aln	422	+2c0e8765-2445-454f-860f-3215c6284ff2 9 3098 3104 +edge_212_0_+disjointig_261_0_30460 15839 18928 30460 -1 -1 3070 0.00130507
Chain
	Aln	423	-2c0e8765-2445-454f-860f-3215c6284ff2 5 3094 3104 -edge_212_0_+disjointig_261_0_30460 11531 14620 30460 -1 -1 3070 0.00130507
Chain
	Aln	150	+61f0522a-0f79-40a0-a15d-d110c657c980 29 1330 1338 +edge_76_0_+disjointig_146_0_22270 20093 21396 22270 -1 -1 1218 0.00667207
Chain
	Aln	151	-61f0522a-0f79-40a0-a15d-d110c657c980 7 1308 1338 -edge_76_0_+disjointig_146_0_22270 873 2176 22270 -1 -1 1218 0.00667207
Chain
	Aln	227	+cbfdf0af-8add-421d-b84f-afe8ea1012db 13 4522 4533 -edge_114_0_+disjointig_180_0_7115 2595 7104 7115 -1 -1 4480 0.00211312
Chain
	Aln	226	-cbfdf0af-8add-421d-b84f-afe8ea1012db 10 4519 4533 +edge_114_0_+disjointig_180_0_7115 10 4519 7115 -1 -1 4480 0.00211312
Chain
	Aln	256	+e51f3dcf-57e8-4222-886b-c7749ceebb74 4 1900 1902 +edge_129_0_+disjointig_195_0_9643 4492 6388 9643 -1 -1 1892 0
Chain
	Aln	257	-e51f3dcf-57e8-4222-886b-c7749ceebb74 1 1897 1902 -edge_129_0_+disjointig_195_0_9643 3254 5150 9643 -1 -1 1892 0
Chain
	Aln	152	+442d681f-82f0-44a6-939b-dcbe5ab85ab2 4 1424 1427 +edge_77_0_+disjointig_147_0_20037 17638 19060 20037 -1 -1 1367 0.00648592
Chain
	Aln	153	-442d681f-82f0-44a6-939b-dcbe5ab85ab2 2 1422 1427 -edge_77_0_+disjointig_147_0_20037 976 2398 20037 -1 -1 1367 0.00648592
Chain
	Aln	102	+c79786c8-9994-4e86-9de8-3bf879138764 6 3979 3984 +edge_52_0_+disjointig_123_0_17590 8370 12344 17590 -1 -1 3956 0.00197657
Chain
	Aln	103	-c79786c8-9994-4e86-9de8-3bf879138764 4 3977 3984 -edge_52_0_+disjointig_123_0_17590 5245 9219 17590 -1 -1 3956 0.00197657
Chain
	Aln	68	+4412e1e8-4408-40fe-8fc6-075c9fb04dc6 7 1153 1159 +edge_35_0_-disjointig_12_5975_11622 3867 5013 5647 -1 -1 1141 0.00256393
Chain
	Aln	69	-4412e1e8-4408-40fe-8fc6-075c9fb04dc6 5 1151 1159 -edge_35_0_-disjointig_12_5975_11622 633 1779 5647 -1 -1 1141 0.00256393
Chain
	Aln	244	+1a3afa9c-029c-488f-aa4d-e581d7408029 203 1931 1934 +edge_123_0_+disjointig_189_0_12456 5 1733 12456 -1 -1 1711 0.00141138
Chain
	Aln	245	-1a3afa9c-029c-488f-aa4d-e581d7408029 2 1730 1934 -edge_123_0_+disjointig_189_0_12456 10722 12450 12456 -1 -1 1711 0.00141138
Chain
	Aln	145	+2e9234eb-67bb-429a-80d1-ceb1e0d34f17 24 1761 1769 -edge_73_0_+disjointig_143_0_14652 12580 14317 14652 -1 -1 1703 0.0032753
Chain
	Aln	144	-2e9234eb-67bb-429a-80d1-ceb1e0d34f17 7 1744 1769 +edge_73_0_+disjointig_143_0_14652 334 2071 14652 -1 -1 1703 0.0032753
Chain
	Aln	621	+049984e5-34a7-4c37-a313-ebb889af9a6f 9 2249 2251 -edge_311_0_+disjointig_4_0_4681 2436 4679 4681 -1 -1 2212 0.00173779
Chain
	Aln	620	-049984e5-34a7-4c37-a313-ebb889af9a6f 1 2241 2251 +edge_311_0_+disjointig_4_0_4681 1 2244 4681 -1 -1 2212 0.00173779
Chain
	Aln	13	+efb7b968-2938-435c-8472-8ac28728b1ef 11 2334 2337 -edge_7_0_+disjointig_102_0_4943 2620 4940 4943 -1 -1 2307 0
Chain
	Aln	12	-efb7b968-2938-435c-8472-8ac28728b1ef 2 2325 2337 +edge_7_0_+disjointig_102_0_4943 2 2322 4943 -1 -1 2307 0
Chain
	Aln	523	+3b739cae-1045-4fd2-9bcc-95cbf35fc429 6 2241 3685 -edge_262_0_+disjointig_299_0_2366 125 2361 2366 -1 -1 2220 0.00155392
Chain
	Aln	522	-3b739cae-1045-4fd2-9bcc-95cbf35fc429 1443 3678 3685 +edge_262_0_+disjointig_299_0_2366 4 2240 2366 -1 -1 2220 0.00155392
Chain
	Aln	477	+cd4090f9-c023-4c15-8620-912c65490c3c 5 3302 3307 -edge_239_0_+disjointig_41_9827_31060 9839 13141 21233 -1 -1 3258 0.00239837
Chain
	Aln	476	-cd4090f9-c023-4c15-8620-912c65490c3c 4 3301 3307 +edge_239_0_+disjointig_41_9827_31060 8091 11393 21233 -1 -1 3258 0.00239837
Chain
	Aln	660	+1792db0d-3500-4890-bb4a-00442acfeda9 6 1054 1058 +edge_331_0_+disjointig_63_0_33738 5609 6658 33738 -1 -1 1038 0
Chain
	Aln	661	-1792db0d-3500-4890-bb4a-00442acfeda9 3 1051 1058 -edge_331_0_+disjointig_63_0_33738 27079 28128 33738 -1 -1 1038 0
Chain
	Aln	169	+dc057406-6945-429e-9efe-a27c70630b08 33 3698 3702 -edge_85_0_+disjointig_156_0_15099 36 3703 15099 -1 -1 3542 0.0065545
Chain
	Aln	168	-dc057406-6945-429e-9efe-a27c70630b08 3 3668 3702 +edge_85_0_+disjointig_156_0_15099 11395 15062 15099 -1 -1 3542 0.0065545
Chain
	Aln	728	+49c715cd-f54c-4baa-a025-910a303ca22a 11 10520 17023 +edge_365_0_-disjointig_14_17885_30078 1690 12187 12193 -1 -1 10200 0.00249502
	Aln	138	+49c715cd-f54c-4baa-a025-910a303ca22a 10534 16921 17023 +edge_70_0_-disjointig_67_10521_41118 8 6396 30597 -1 -1 6284 0.00305704
Chain
	Aln	139	-49c715cd-f54c-4baa-a025-910a303ca22a 101 6488 17023 -edge_70_0_-disjointig_67_10521_41118 24200 30588 30597 -1 -1 6284 0.00305704
	Aln	729	-49c715cd-f54c-4baa-a025-910a303ca22a 6502 17011 17023 -edge_365_0_-disjointig_14_17885_30078 5 10502 12193 -1 -1 10200 0.00249502
Chain
	Aln	271	+f85ca582-6e20-4361-8f7d-bd794f1acd34 5 3795 3798 -edge_136_0_+disjointig_198_0_10386 6543 10340 10386 -1 -1 3735 0.000146529
Chain
	Aln	270	-f85ca582-6e20-4361-8f7d-bd794f1acd34 2 3792 3798 +edge_136_0_+disjointig_198_0_10386 45 3842 10386 -1 -1 3735 0.000146529
Chain
	Aln	105	+e5a51345-7484-4f25-9292-22bb25841107 7 1651 1658 -edge_53_0_+disjointig_124_0_5857 1650 3294 5857 -1 -1 1628 3.84009e-05
Chain
	Aln	104	-e5a51345-7484-4f25-9292-22bb25841107 6 1650 1658 +edge_53_0_+disjointig_124_0_5857 2562 4206 5857 -1 -1 1628 3.84009e-05
Chain
	Aln	34	+d5b2c4a1-3b1f-4904-89b4-b6bccd60f8ba 10 8974 8976 +edge_18_0_-disjointig_8_5986_18521 3391 12356 12535 -1 -1 8871 0.000695158
Chain
	Aln	35	-d5b2c4a1-3b1f-4904-89b4-b6bccd60f8ba 1 8965 8976 -edge_18_0_-disjointig_8_5986_18521 178 9143 12535 -1 -1 8871 0.000695158
Chain
	Aln	542	+1d53932b-cd87-4ceb-9eef-bd0d77304446 474 5689 5692 +edge_272_0_+disjointig_303_0_5214 1 5212 5214 -1 -1 5165 0.000934929
Chain
	Aln	543	-1d53932b-cd87-4ceb-9eef-bd0d77304446 2 5217 5692 -edge_272_0_+disjointig_303_0_5214 1 5212 5214 -1 -1 5165 0.000934929
Chain
	Aln	240	+da7acfbd-d537-4f86-b2fb-29837647701e 0 2062 2065 +edge_121_0_+disjointig_187_0_18602 16131 18210 18602 -1 -1 1995 0.00388429
Chain
	Aln	241	-da7acfbd-d537-4f86-b2fb-29837647701e 2 2064 2065 -edge_121_0_+disjointig_187_0_18602 391 2470 18602 -1 -1 1995 0.00388429
Chain
	Aln	241	+cdd8b780-e044-4f0c-90e1-22e55087a9cd 9 2055 2063 -edge_121_0_+disjointig_187_0_18602 379 2422 18602 -1 -1 1993 0.00361346
Chain
	Aln	240	-cdd8b780-e044-4f0c-90e1-22e55087a9cd 7 2053 2063 +edge_121_0_+disjointig_187_0_18602 16179 18222 18602 -1 -1 1993 0.00361346
Chain
	Aln	73	+6286a12a-f8a4-4993-83f7-58918ea88739 7 2748 2751 -edge_37_0_+disjointig_177_3758_16924 9908 12657 13166 -1 -1 2670 0.00199453
Chain
	Aln	72	-6286a12a-f8a4-4993-83f7-58918ea88739 2 2743 2751 +edge_37_0_+disjointig_177_3758_16924 508 3257 13166 -1 -1 2670 0.00199453
Chain
	Aln	253	+c29a2b04-dabd-4f23-8518-b47b6dde0da4 10 2555 2557 -edge_127_0_+disjointig_193_0_2561 9 2559 2561 -1 -1 2500 0.00161528
Chain
	Aln	252	-c29a2b04-dabd-4f23-8518-b47b6dde0da4 1 2546 2557 +edge_127_0_+disjointig_193_0_2561 1 2551 2561 -1 -1 2500 0.00161528
Chain
	Aln	252	+3a5e3623-fba7-4135-bd8e-e6ca1dc68049 38 2569 2572 +edge_127_0_+disjointig_193_0_2561 18 2547 2561 -1 -1 2495 0.00091449
Chain
	Aln	253	-3a5e3623-fba7-4135-bd8e-e6ca1dc68049 2 2533 2572 -edge_127_0_+disjointig_193_0_2561 13 2542 2561 -1 -1 2495 0.00091449
Chain
	Aln	687	+f16d09f8-b2c6-4929-b7f5-4cbc34a1f6f7 14 2907 2910 -edge_344_0_+disjointig_80_0_12633 7054 9946 12633 -1 -1 2862 0.00190744
Chain
	Aln	686	-f16d09f8-b2c6-4929-b7f5-4cbc34a1f6f7 2 2895 2910 +edge_344_0_+disjointig_80_0_12633 2686 5578 12633 -1 -1 2862 0.00190744
Chain
	Aln	353	+93a09464-ba91-4134-85b8-45f9aa7db3cb 15 4831 4836 -edge_177_0_+disjointig_23_0_5869 14 4830 5869 -1 -1 4775 0.00160714
Chain
	Aln	352	-93a09464-ba91-4134-85b8-45f9aa7db3cb 4 4820 4836 +edge_177_0_+disjointig_23_0_5869 1038 5854 5869 -1 -1 4775 0.00160714
Chain
	Aln	686	+fb92140f-b68b-4519-b5d9-859631248f8b 38 1334 1766 +edge_344_0_+disjointig_80_0_12633 11329 12627 12633 -1 -1 1288 0.00589096
Chain
	Aln	687	-fb92140f-b68b-4519-b5d9-859631248f8b 431 1727 1766 -edge_344_0_+disjointig_80_0_12633 5 1303 12633 -1 -1 1288 0.00589096
Chain
	Aln	145	+a2d4f8c7-0fe7-41e5-83d1-29bd3ef04dd8 12 1462 1465 -edge_73_0_+disjointig_143_0_14652 13125 14575 14652 -1 -1 1402 0.00489646
Chain
	Aln	144	-a2d4f8c7-0fe7-41e5-83d1-29bd3ef04dd8 2 1452 1465 +edge_73_0_+disjointig_143_0_14652 76 1526 14652 -1 -1 1402 0.00489646
Chain
	Aln	764	+3b4b7865-1964-44a8-b96e-ecf990d3cf57 9 1114 1119 +edge_383_0_+disjointig_37_1412_10185 3526 4631 8773 -1 -1 1089 0.00567369
Chain
	Aln	765	-3b4b7865-1964-44a8-b96e-ecf990d3cf57 4 1109 1119 -edge_383_0_+disjointig_37_1412_10185 4141 5246 8773 -1 -1 1089 0.00567369
Chain
	Aln	255	+c2cbd685-5ad5-47eb-85b8-4bdfea3055dd 12 17045 17049 -edge_128_0_+disjointig_194_0_20836 11 16814 20836 -1 -1 15921 0.00474661
Chain
	Aln	254	-c2cbd685-5ad5-47eb-85b8-4bdfea3055dd 3 17036 17049 +edge_128_0_+disjointig_194_0_20836 4021 20824 20836 -1 -1 15921 0.00474661
Chain
	Aln	180	+bbfbf854-623c-4232-b332-c55004af25d8 6 1514 1518 +edge_91_0_+disjointig_161_0_18481 16907 18415 18481 -1 -1 1508 0.00275752
Chain
	Aln	181	-bbfbf854-623c-4232-b332-c55004af25d8 3 1511 1518 -edge_91_0_+disjointig_161_0_18481 65 1573 18481 -1 -1 1508 0.00275752
Chain
	Aln	607	+0bdb195d-7eed-46fb-8ea6-0061ff52bff4 11 7468 7470 -edge_304_0_+disjointig_34_0_21728 14269 21726 21728 -1 -1 7381 0.00274087
Chain
	Aln	606	-0bdb195d-7eed-46fb-8ea6-0061ff52bff4 1 7458 7470 +edge_304_0_+disjointig_34_0_21728 1 7458 21728 -1 -1 7381 0.00274087
Chain
	Aln	669	+4071652e-b3a8-4a12-8663-bf732ad59a1f 600 2304 2310 -edge_335_0_+disjointig_69_0_21020 16 1716 21020 -1 -1 1674 0.00477077
Chain
	Aln	668	-4071652e-b3a8-4a12-8663-bf732ad59a1f 5 1709 2310 +edge_335_0_+disjointig_69_0_21020 19303 21003 21020 -1 -1 1674 0.00477077
Chain
	Aln	629	+2f966d76-2f6b-45ea-aad3-4192df1c24a7 10 4164 4169 -edge_315_0_+disjointig_43_0_17713 7100 11255 17713 -1 -1 4134 0.00147388
Chain
	Aln	628	-2f966d76-2f6b-45ea-aad3-4192df1c24a7 4 4158 4169 +edge_315_0_+disjointig_43_0_17713 6457 10612 17713 -1 -1 4134 0.00147388
Chain
	Aln	596	+78feab56-fbbf-4b9b-91b7-0513883b8ea7 7436 12988 12997 +edge_299_0_+disjointig_326_0_5557 10 5549 5557 -1 -1 5293 0.00583131
Chain
	Aln	597	-78feab56-fbbf-4b9b-91b7-0513883b8ea7 8 5560 12997 -edge_299_0_+disjointig_326_0_5557 7 5546 5557 -1 -1 5293 0.00583131
Chain
	Aln	105	+c7649d0b-5482-41d3-9791-e71e1a443b40 19 1043 1051 -edge_53_0_+disjointig_124_0_5857 2312 3336 5857 -1 -1 982 0.00486276
Chain
	Aln	104	-c7649d0b-5482-41d3-9791-e71e1a443b40 7 1031 1051 +edge_53_0_+disjointig_124_0_5857 2520 3544 5857 -1 -1 982 0.00486276
Chain
	Aln	177	+bf2f9bb3-16a6-46b5-acc3-23bcead2069a 10 6641 7164 -edge_89_0_+disjointig_159_0_7388 654 7332 7388 -1 -1 4130 0.043623
Chain
	Aln	176	-bf2f9bb3-16a6-46b5-acc3-23bcead2069a 522 7153 7164 +edge_89_0_+disjointig_159_0_7388 55 6733 7388 -1 -1 4130 0.043623
Chain
	Aln	655	+ad42b59e-d5b9-4226-872b-a92f5bf03215 13 2390 2401 -edge_328_0_+disjointig_60_0_13874 4525 6905 13874 -1 -1 2359 0.00147539
Chain
	Aln	654	-ad42b59e-d5b9-4226-872b-a92f5bf03215 10 2387 2401 +edge_328_0_+disjointig_60_0_13874 6968 9348 13874 -1 -1 2359 0.00147539
Chain
	Aln	355	+0ee1e33f-c541-447f-a231-baeb7e350a2d 4 1040 1046 -edge_178_0_+disjointig_230_0_11358 9658 10694 11358 -1 -1 1032 0
Chain
	Aln	354	-0ee1e33f-c541-447f-a231-baeb7e350a2d 5 1041 1046 +edge_178_0_+disjointig_230_0_11358 663 1699 11358 -1 -1 1032 0
Chain
	Aln	549	+a9e2f069-cb65-4f11-bcb0-0b862611d772 6 2089 2095 -edge_275_0_+disjointig_308_0_6668 2944 5031 6668 -1 -1 2042 0.000710928
Chain
	Aln	548	-a9e2f069-cb65-4f11-bcb0-0b862611d772 5 2088 2095 +edge_275_0_+disjointig_308_0_6668 1636 3723 6668 -1 -1 2042 0.000710928
Chain
	Aln	746	+446cc089-acf3-44a4-b75f-25f5e75cc837 224 3797 3804 +edge_374_0_+disjointig_236_4011_12218 5 3578 8207 -1 -1 3522 7.57982e-06
Chain
	Aln	747	-446cc089-acf3-44a4-b75f-25f5e75cc837 6 3579 3804 -edge_374_0_+disjointig_236_4011_12218 4628 8201 8207 -1 -1 3522 7.57982e-06
Chain
	Aln	689	+ab72c795-3eee-497c-a2f6-34750c0347cc 3 1409 1413 -edge_345_0_+disjointig_81_0_7847 2597 4006 7847 -1 -1 1380 0.00106125
Chain
	Aln	688	-ab72c795-3eee-497c-a2f6-34750c0347cc 3 1409 1413 +edge_345_0_+disjointig_81_0_7847 3840 5249 7847 -1 -1 1380 0.00106125
Chain
	Aln	636	+fc8d0234-ccff-4354-9087-428b699f0939 3 4390 4392 +edge_319_0_+disjointig_50_0_16847 12442 16826 16847 -1 -1 4314 0.00324673
Chain
	Aln	637	-fc8d0234-ccff-4354-9087-428b699f0939 1 4388 4392 -edge_319_0_+disjointig_50_0_16847 20 4404 16847 -1 -1 4314 0.00324673
Chain
	Aln	688	+9e670427-92da-40c8-b58b-c81833a0988f 9 1411 1415 +edge_345_0_+disjointig_81_0_7847 3825 5229 7847 -1 -1 1367 0.00155945
Chain
	Aln	689	-9e670427-92da-40c8-b58b-c81833a0988f 3 1405 1415 -edge_345_0_+disjointig_81_0_7847 2617 4021 7847 -1 -1 1367 0.00155945
Chain
	Aln	637	+c32c2488-b756-4117-93e3-6b105e184a5b 9 4363 4373 -edge_319_0_+disjointig_50_0_16847 8 4378 16847 -1 -1 4295 0.00317479
Chain
	Aln	636	-c32c2488-b756-4117-93e3-6b105e184a5b 9 4363 4373 +edge_319_0_+disjointig_50_0_16847 12468 16838 16847 -1 -1 4295 0.00317479
Chain
	Aln	745	+67fde358-e82b-4773-b991-ac6c87aa3b09 11 1032 1035 -edge_373_0_+disjointig_92_0_14318 2532 3553 14318 -1 -1 1012 0.00200063
Chain
	Aln	744	-67fde358-e82b-4773-b991-ac6c87aa3b09 2 1023 1035 +edge_373_0_+disjointig_92_0_14318 10764 11785 14318 -1 -1 1012 0.00200063
Chain
	Aln	417	+4c079eb1-d22b-47e9-a543-b8f03fefc794 7 1849 1856 -edge_209_0_+disjointig_259_0_8151 1850 3691 8151 -1 -1 1748 0.00792425
Chain
	Aln	416	-4c079eb1-d22b-47e9-a543-b8f03fefc794 6 1848 1856 +edge_209_0_+disjointig_259_0_8151 4459 6300 8151 -1 -1 1748 0.00792425
Chain
	Aln	746	+9af357c3-1099-454b-89e4-2e61c4b88db7 19 1415 1419 +edge_374_0_+disjointig_236_4011_12218 189 1586 8207 -1 -1 1396 0
Chain
	Aln	747	-9af357c3-1099-454b-89e4-2e61c4b88db7 3 1399 1419 -edge_374_0_+disjointig_236_4011_12218 6620 8017 8207 -1 -1 1396 0
Chain
	Aln	418	+2198acb5-a014-43e0-858e-921f13697c26 4 2307 2315 +edge_210_0_+disjointig_26_0_12157 6896 9199 12157 -1 -1 2297 0.000811957
Chain
	Aln	419	-2198acb5-a014-43e0-858e-921f13697c26 7 2310 2315 -edge_210_0_+disjointig_26_0_12157 2957 5260 12157 -1 -1 2297 0.000811957
Chain
	Aln	351	+72024c71-439c-401d-804d-27078ea116a2 4 3497 3501 -edge_176_0_+disjointig_229_0_5436 1940 5432 5436 -1 -1 3453 0.000801367
Chain
	Aln	350	-72024c71-439c-401d-804d-27078ea116a2 3 3496 3501 +edge_176_0_+disjointig_229_0_5436 3 3495 5436 -1 -1 3453 0.000801367
Chain
	Aln	761	+72f4ccfa-5645-4861-9d38-1b220992271b 6 1276 1283 -edge_381_0_-disjointig_45_0_30722 9198 10465 30722 -1 -1 1261 0.00217373
Chain
	Aln	760	-72f4ccfa-5645-4861-9d38-1b220992271b 6 1276 1283 +edge_381_0_-disjointig_45_0_30722 20256 21523 30722 -1 -1 1261 0.00217373
Chain
	Aln	516	+14b18474-1d04-4a4c-84bd-c8250a4fc1e9 12 1745 2186 +edge_259_0_+disjointig_295_0_2612 875 2607 2612 -1 -1 1709 0.00158135
Chain
	Aln	517	-14b18474-1d04-4a4c-84bd-c8250a4fc1e9 440 2173 2186 -edge_259_0_+disjointig_295_0_2612 4 1736 2612 -1 -1 1709 0.00158135
Chain
	Aln	300	+c26dbd65-a03a-4c27-acbe-2c3e543319fd 22 5359 5362 +edge_151_0_+disjointig_21_0_26556 16693 22043 26556 -1 -1 5275 0.00199768
Chain
	Aln	301	-c26dbd65-a03a-4c27-acbe-2c3e543319fd 2 5339 5362 -edge_151_0_+disjointig_21_0_26556 4512 9862 26556 -1 -1 5275 0.00199768
Chain
	Aln	628	+fd4df32b-a5f8-48d9-aaac-c37ba8d056dd 15 1479 1483 +edge_315_0_+disjointig_43_0_17713 5147 6611 17713 -1 -1 1453 0.00307984
Chain
	Aln	629	-fd4df32b-a5f8-48d9-aaac-c37ba8d056dd 3 1467 1483 -edge_315_0_+disjointig_43_0_17713 11101 12565 17713 -1 -1 1453 0.00307984
Chain
	Aln	418	+42f15960-4198-4b33-a335-080477acaf22 1744 9588 9598 +edge_210_0_+disjointig_26_0_12157 5 7857 12157 -1 -1 7622 0.00380563
Chain
	Aln	419	-42f15960-4198-4b33-a335-080477acaf22 9 7853 9598 -edge_210_0_+disjointig_26_0_12157 4299 12151 12157 -1 -1 7622 0.00380563
Chain
	Aln	505	+5bb1880d-d1c0-4712-8b1e-1656fdeaf89b 4 1067 1128 -edge_253_0_+disjointig_289_0_2495 1020 2083 2495 -1 -1 1019 0.00437196
Chain
	Aln	504	-5bb1880d-d1c0-4712-8b1e-1656fdeaf89b 60 1123 1128 +edge_253_0_+disjointig_289_0_2495 411 1474 2495 -1 -1 1019 0.00437196
Chain
	Aln	287	+3bececb5-b2b0-48e1-bd92-3ceda55f8602 23 2527 2530 -edge_144_0_+disjointig_206_0_18223 5062 7570 18223 -1 -1 2466 0.00169351
Chain
	Aln	286	-3bececb5-b2b0-48e1-bd92-3ceda55f8602 2 2506 2530 +edge_144_0_+disjointig_206_0_18223 10652 13160 18223 -1 -1 2466 0.00169351
Chain
	Aln	591	+68612624-7b84-465a-a7e3-727cadcf0bfa 12 8263 8265 -edge_296_0_+disjointig_323_0_10102 11 8259 10102 -1 -1 8234 0.000417953
Chain
	Aln	590	-68612624-7b84-465a-a7e3-727cadcf0bfa 1 8252 8265 +edge_296_0_+disjointig_323_0_10102 1842 10090 10102 -1 -1 8234 0.000417953
Chain
	Aln	296	+f7741267-9ef1-4eed-bc05-b039c9fa66d9 3 1633 1636 +edge_149_0_+disjointig_48_14826_21803 3963 5595 6977 -1 -1 1616 0.0051942
Chain
	Aln	297	-f7741267-9ef1-4eed-bc05-b039c9fa66d9 2 1632 1636 -edge_149_0_+disjointig_48_14826_21803 1381 3013 6977 -1 -1 1616 0.0051942
Chain
	Aln	700	+21c961a9-08d2-48fe-aafc-f0efa4704587 985 4382 4389 +edge_351_0_+disjointig_87_0_9199 1 3380 9199 -1 -1 3243 0.00458061
Chain
	Aln	701	-21c961a9-08d2-48fe-aafc-f0efa4704587 6 3403 4389 -edge_351_0_+disjointig_87_0_9199 5818 9197 9199 -1 -1 3243 0.00458061
Chain
	Aln	579	+62ff5724-458b-49f1-b018-efc746acb94e 467 11337 11341 -edge_290_0_+disjointig_32_0_11267 14 11263 11267 -1 -1 8850 0.0117713
Chain
	Aln	578	-62ff5724-458b-49f1-b018-efc746acb94e 3 10873 11341 +edge_290_0_+disjointig_32_0_11267 3 11252 11267 -1 -1 8850 0.0117713
Chain
	Aln	608	+29be7201-b2de-4a61-8a0d-16458e7e9948 1403 2851 2860 +edge_305_0_+disjointig_35_0_17453 2 1452 17453 -1 -1 1442 0
Chain
	Aln	609	-29be7201-b2de-4a61-8a0d-16458e7e9948 8 1456 2860 -edge_305_0_+disjointig_35_0_17453 16000 17450 17453 -1 -1 1442 0
Chain
	Aln	641	+1641ccff-c17a-481d-83c5-14450fa80a20 10 3732 3738 -edge_321_0_+disjointig_52_0_21384 112 3837 21384 -1 -1 3701 0.000494298
Chain
	Aln	640	-1641ccff-c17a-481d-83c5-14450fa80a20 5 3727 3738 +edge_321_0_+disjointig_52_0_21384 17546 21271 21384 -1 -1 3701 0.000494298
Chain
	Aln	157	+1d75e9e8-da70-452b-ab6e-c20f632a7ef7 7 3579 3584 -edge_79_0_+disjointig_149_0_13469 5954 9528 13469 -1 -1 3515 0.00121614
Chain
	Aln	156	-1d75e9e8-da70-452b-ab6e-c20f632a7ef7 4 3576 3584 +edge_79_0_+disjointig_149_0_13469 3940 7514 13469 -1 -1 3515 0.00121614
Chain
	Aln	301	+2cb03fca-a34d-4212-947f-af61d309059e 16 3657 3818 -edge_151_0_+disjointig_21_0_26556 12751 16398 26556 -1 -1 3564 0.00534969
Chain
	Aln	300	-2cb03fca-a34d-4212-947f-af61d309059e 160 3801 3818 +edge_151_0_+disjointig_21_0_26556 10157 13804 26556 -1 -1 3564 0.00534969
Chain
	Aln	34	+bb01b99f-585e-4cdf-9e71-3aadef84af25 23 1942 1947 +edge_18_0_-disjointig_8_5986_18521 7796 9717 12535 -1 -1 1883 0.00178906
Chain
	Aln	35	-bb01b99f-585e-4cdf-9e71-3aadef84af25 4 1923 1947 -edge_18_0_-disjointig_8_5986_18521 2817 4738 12535 -1 -1 1883 0.00178906
Chain
	Aln	138	+782d8b78-e394-49f3-b475-b676c312f238 12 4717 4726 +edge_70_0_-disjointig_67_10521_41118 25871 30589 30597 -1 -1 4643 0.00179843
Chain
	Aln	139	-782d8b78-e394-49f3-b475-b676c312f238 8 4713 4726 -edge_70_0_-disjointig_67_10521_41118 7 4725 30597 -1 -1 4643 0.00179843
Chain
	Aln	628	+499b5670-bb48-45bf-b1f1-bced3cb38feb 11 2121 2123 +edge_315_0_+disjointig_43_0_17713 6873 8992 17713 -1 -1 2045 0.00584446
Chain
	Aln	629	-499b5670-bb48-45bf-b1f1-bced3cb38feb 1 2111 2123 -edge_315_0_+disjointig_43_0_17713 8720 10839 17713 -1 -1 2045 0.00584446
Chain
	Aln	629	+7526ac01-dac0-4830-b7a7-7af64720e3fc 9 1092 1094 -edge_315_0_+disjointig_43_0_17713 9057 10139 17713 -1 -1 1055 0.00384784
Chain
	Aln	628	-7526ac01-dac0-4830-b7a7-7af64720e3fc 1 1084 1094 +edge_315_0_+disjointig_43_0_17713 7573 8655 17713 -1 -1 1055 0.00384784
Chain
	Aln	753	+cebe9429-f671-4062-b13b-b3c036d19d3e 238 1385 1387 -edge_377_1_+disjointig_28_33393_38243 14 1160 4850 -1 -1 1136 0.00533763
Chain
	Aln	752	-cebe9429-f671-4062-b13b-b3c036d19d3e 1 1148 1387 +edge_377_1_+disjointig_28_33393_38243 3689 4835 4850 -1 -1 1136 0.00533763
Chain
	Aln	20	+06481d8e-2fee-45da-91b8-37344ad5b8f3 12 1110 1113 +edge_11_0_-disjointig_7_3506_6213 52 1150 2707 -1 -1 1098 0.000940568
Chain
	Aln	21	-06481d8e-2fee-45da-91b8-37344ad5b8f3 2 1100 1113 -edge_11_0_-disjointig_7_3506_6213 1556 2654 2707 -1 -1 1098 0.000940568
Chain
	Aln	354	+d7653bbe-bdf7-432c-9ec3-e1fec3da6c61 3 7169 7176 +edge_178_0_+disjointig_230_0_11358 3 7149 11358 -1 -1 6891 0.00494471
Chain
	Aln	355	-d7653bbe-bdf7-432c-9ec3-e1fec3da6c61 6 7172 7176 -edge_178_0_+disjointig_230_0_11358 4208 11354 11358 -1 -1 6891 0.00494471
Chain
	Aln	761	+f08008e7-37ca-4ba7-b8fe-37b2acbe685b 15 1638 1640 -edge_381_0_-disjointig_45_0_30722 24869 26492 30722 -1 -1 1620 7.70919e-05
Chain
	Aln	760	-f08008e7-37ca-4ba7-b8fe-37b2acbe685b 1 1624 1640 +edge_381_0_-disjointig_45_0_30722 4229 5852 30722 -1 -1 1620 7.70919e-05
Chain
	Aln	431	+c88b1a0a-af17-4bfa-91cb-62c28ea275b9 7 2350 2372 -edge_216_0_+disjointig_263_0_14317 11951 14295 14317 -1 -1 2323 0
Chain
	Aln	430	-c88b1a0a-af17-4bfa-91cb-62c28ea275b9 21 2364 2372 +edge_216_0_+disjointig_263_0_14317 21 2365 14317 -1 -1 2323 0
Chain
	Aln	37	+66222aec-9158-4336-a876-a280316a79d0 3 1003 1006 -edge_19_0_+disjointig_104_0_20017 18134 19134 20017 -1 -1 983 0.00143907
Chain
	Aln	36	-66222aec-9158-4336-a876-a280316a79d0 2 1002 1006 +edge_19_0_+disjointig_104_0_20017 882 1882 20017 -1 -1 983 0.00143907
Chain
	Aln	236	+6194dd7e-8d36-4715-9174-a9bef334a2c3 16 3468 3478 +edge_119_0_+disjointig_185_0_14469 11009 14460 14469 -1 -1 3422 0.00124722
Chain
	Aln	237	-6194dd7e-8d36-4715-9174-a9bef334a2c3 9 3461 3478 -edge_119_0_+disjointig_185_0_14469 8 3459 14469 -1 -1 3422 0.00124722
Chain
	Aln	660	+67ff1b25-61ef-41a0-a3ec-f27ee8088112 9 1808 1816 +edge_331_0_+disjointig_63_0_33738 12346 14147 33738 -1 -1 1796 0.000483088
Chain
	Aln	661	-67ff1b25-61ef-41a0-a3ec-f27ee8088112 7 1806 1816 -edge_331_0_+disjointig_63_0_33738 19590 21391 33738 -1 -1 1796 0.000483088
Chain
	Aln	415	+486a41ab-711c-4c6c-b414-672d0a484493 8 1879 1887 -edge_208_0_+disjointig_258_0_4050 454 2332 4050 -1 -1 1768 0.00535461
Chain
	Aln	414	-486a41ab-711c-4c6c-b414-672d0a484493 7 1878 1887 +edge_208_0_+disjointig_258_0_4050 1717 3595 4050 -1 -1 1768 0.00535461
Chain
	Aln	618	+adeb6eaa-d71f-4bf6-9082-48fb1093feb6 20 2231 2233 +edge_310_0_+disjointig_39_0_32732 16872 19091 32732 -1 -1 2153 0.00542993
Chain
	Aln	619	-adeb6eaa-d71f-4bf6-9082-48fb1093feb6 1 2212 2233 -edge_310_0_+disjointig_39_0_32732 13640 15859 32732 -1 -1 2153 0.00542993
Chain
	Aln	222	+9c31acfe-81d2-4c2f-b571-8bae9e233e3e 7 3996 4005 +edge_112_0_+disjointig_179_0_13636 9638 13628 13636 -1 -1 3975 0.000630882
Chain
	Aln	223	-9c31acfe-81d2-4c2f-b571-8bae9e233e3e 8 3997 4005 -edge_112_0_+disjointig_179_0_13636 7 3997 13636 -1 -1 3975 0.000630882
Chain
	Aln	177	+1c26122c-85c0-4286-b5f3-3a01ab03bd97 31 3231 3234 -edge_89_0_+disjointig_159_0_7388 4185 7385 7388 -1 -1 3146 0.00148063
Chain
	Aln	176	-1c26122c-85c0-4286-b5f3-3a01ab03bd97 2 3202 3234 +edge_89_0_+disjointig_159_0_7388 2 3202 7388 -1 -1 3146 0.00148063
Chain
	Aln	710	+0164674b-9969-4e5a-9da2-c451c15ce86e 1465 3553 3564 +edge_356_0_+disjointig_93_0_25924 23811 25915 25924 -1 -1 1914 0.00981188
Chain
	Aln	711	-0164674b-9969-4e5a-9da2-c451c15ce86e 10 2098 3564 -edge_356_0_+disjointig_93_0_25924 8 2112 25924 -1 -1 1914 0.00981188
Chain
	Aln	156	+36bc2bf7-5bb4-4103-83f7-dd047cdcf245 13 1663 1668 +edge_79_0_+disjointig_149_0_13469 5405 7052 13469 -1 -1 1641 0.000847875
Chain
	Aln	157	-36bc2bf7-5bb4-4103-83f7-dd047cdcf245 4 1654 1668 -edge_79_0_+disjointig_149_0_13469 6416 8063 13469 -1 -1 1641 0.000847875
Chain
	Aln	677	+57e8162b-4a4d-4bd2-8fe0-934078335524 533 3171 3176 -edge_339_0_+disjointig_74_0_6552 13 2650 6552 -1 -1 2632 0.00193577
Chain
	Aln	676	-57e8162b-4a4d-4bd2-8fe0-934078335524 4 2642 3176 +edge_339_0_+disjointig_74_0_6552 3901 6538 6552 -1 -1 2632 0.00193577
Chain
	Aln	465	+6bd6a90a-3534-4648-8336-90581f37858a 15 2351 2353 -edge_233_0_+disjointig_279_0_2354 14 2352 2354 -1 -1 2325 0.00184216
Chain
	Aln	464	-6bd6a90a-3534-4648-8336-90581f37858a 1 2337 2353 +edge_233_0_+disjointig_279_0_2354 1 2339 2354 -1 -1 2325 0.00184216
Chain
	Aln	587	+84c242fa-0d62-4b26-bf68-a8e8304574c6 35 2862 2867 -edge_294_0_+disjointig_321_0_5410 2575 5405 5410 -1 -1 2816 0.000728218
Chain
	Aln	586	-84c242fa-0d62-4b26-bf68-a8e8304574c6 4 2831 2867 +edge_294_0_+disjointig_321_0_5410 4 2834 5410 -1 -1 2816 0.000728218
Chain
	Aln	681	+3f61c1fb-0bd0-43b9-bfc6-93637a448f3c 24 3967 3971 -edge_341_0_+disjointig_76_0_13454 577 4548 13454 -1 -1 3656 0.00797063
Chain
	Aln	680	-3f61c1fb-0bd0-43b9-bfc6-93637a448f3c 3 3946 3971 +edge_341_0_+disjointig_76_0_13454 8905 12876 13454 -1 -1 3656 0.00797063
Chain
	Aln	131	+e6d8b064-4ffd-4111-a473-60cd33791f7d 29 1601 1707 -edge_66_0_+disjointig_138_0_38214 8337 9914 38214 -1 -1 1553 0.00188946
Chain
	Aln	130	-e6d8b064-4ffd-4111-a473-60cd33791f7d 105 1677 1707 +edge_66_0_+disjointig_138_0_38214 28299 29876 38214 -1 -1 1553 0.00188946
Chain
	Aln	130	+e35f9654-3627-43c9-90bf-d5f16f8c3823 23 6343 6351 +edge_66_0_+disjointig_138_0_38214 22311 28644 38214 -1 -1 6160 0.00254839
Chain
	Aln	131	-e35f9654-3627-43c9-90bf-d5f16f8c3823 7 6327 6351 -edge_66_0_+disjointig_138_0_38214 9569 15902 38214 -1 -1 6160 0.00254839
Chain
	Aln	301	+3ccddd82-fbd0-406f-98ac-89e925955b22 17 3877 3882 -edge_151_0_+disjointig_21_0_26556 17516 21377 26556 -1 -1 3810 0.00190547
Chain
	Aln	300	-3ccddd82-fbd0-406f-98ac-89e925955b22 4 3864 3882 +edge_151_0_+disjointig_21_0_26556 5178 9039 26556 -1 -1 3810 0.00190547
Chain
	Aln	337	+8f77df45-10e2-4662-b03d-9ebdccab2976 39 3226 3230 -edge_169_0_+disjointig_222_0_4052 38 3219 4052 -1 -1 3146 0.00165836
Chain
	Aln	336	-8f77df45-10e2-4662-b03d-9ebdccab2976 3 3190 3230 +edge_169_0_+disjointig_222_0_4052 832 4013 4052 -1 -1 3146 0.00165836
Chain
	Aln	168	+85027274-6a65-49fc-9c66-85b63e2b697c 3 1848 1851 +edge_85_0_+disjointig_156_0_15099 911 2753 15099 -1 -1 1722 0.00986155
Chain
	Aln	169	-85027274-6a65-49fc-9c66-85b63e2b697c 2 1847 1851 -edge_85_0_+disjointig_156_0_15099 12345 14187 15099 -1 -1 1722 0.00986155
Chain
	Aln	130	+1ebacc3f-1709-4b26-9a87-f1ed3055c9b8 18 8271 8276 +edge_66_0_+disjointig_138_0_38214 29921 38210 38214 -1 -1 7559 0.00743386
Chain
	Aln	131	-1ebacc3f-1709-4b26-9a87-f1ed3055c9b8 4 8257 8276 -edge_66_0_+disjointig_138_0_38214 3 8292 38214 -1 -1 7559 0.00743386
Chain
	Aln	418	+dddd6a3a-d1e3-4500-ae79-735b8be20289 7 1657 1661 +edge_210_0_+disjointig_26_0_12157 8911 10561 12157 -1 -1 1634 0.000450418
Chain
	Aln	419	-dddd6a3a-d1e3-4500-ae79-735b8be20289 3 1653 1661 -edge_210_0_+disjointig_26_0_12157 1595 3245 12157 -1 -1 1634 0.000450418
Chain
	Aln	103	+599d6c59-5833-455a-b768-f488023541d1 34 1545 1549 -edge_52_0_+disjointig_123_0_17590 11723 13229 17590 -1 -1 1463 0.00659573
Chain
	Aln	102	-599d6c59-5833-455a-b768-f488023541d1 3 1514 1549 +edge_52_0_+disjointig_123_0_17590 4360 5866 17590 -1 -1 1463 0.00659573
Chain
	Aln	131	+3942fc74-2702-4e15-8c32-23bbee64d41c 12 1012 1016 -edge_66_0_+disjointig_138_0_38214 12435 13434 38214 -1 -1 968 0.00244463
Chain
	Aln	130	-3942fc74-2702-4e15-8c32-23bbee64d41c 3 1003 1016 +edge_66_0_+disjointig_138_0_38214 24779 25778 38214 -1 -1 968 0.00244463
Chain
	Aln	246	+c5f1cc9e-ead1-402e-9a26-bc0533bb123a 9 1353 1362 +edge_124_0_+disjointig_19_0_15579 9658 11002 15579 -1 -1 1344 0
Chain
	Aln	247	-c5f1cc9e-ead1-402e-9a26-bc0533bb123a 8 1352 1362 -edge_124_0_+disjointig_19_0_15579 4576 5920 15579 -1 -1 1344 0
Chain
	Aln	143	+93b2c461-a75a-4df7-93bc-b2cd5a5b8109 21 1188 1196 -edge_72_0_+disjointig_142_0_7073 4268 5436 7073 -1 -1 1163 0.00193512
Chain
	Aln	142	-93b2c461-a75a-4df7-93bc-b2cd5a5b8109 7 1174 1196 +edge_72_0_+disjointig_142_0_7073 1636 2804 7073 -1 -1 1163 0.00193512
Chain
	Aln	618	+37658803-844b-477a-9fc4-7c9a9ef67ee9 218 15375 15395 +edge_310_0_+disjointig_39_0_32732 6395 21553 32732 -1 -1 14832 0.00229966
Chain
	Aln	619	-37658803-844b-477a-9fc4-7c9a9ef67ee9 19 15176 15395 -edge_310_0_+disjointig_39_0_32732 11178 26336 32732 -1 -1 14832 0.00229966
Chain
	Aln	206	+b91366c4-74a0-46cd-9cb0-348457cdd749 24 3037 3053 +edge_104_0_+disjointig_170_0_3058 4 3023 3058 -1 -1 3009 0.00125915
Chain
	Aln	207	-b91366c4-74a0-46cd-9cb0-348457cdd749 15 3028 3053 -edge_104_0_+disjointig_170_0_3058 34 3053 3058 -1 -1 3009 0.00125915
Chain
	Aln	760	+9f51ded5-6f97-485d-ad38-35917f40a18d 24 2671 2680 +edge_381_0_-disjointig_45_0_30722 15050 17699 30722 -1 -1 2607 0
Chain
	Aln	761	-9f51ded5-6f97-485d-ad38-35917f40a18d 8 2655 2680 -edge_381_0_-disjointig_45_0_30722 13022 15671 30722 -1 -1 2607 0
Chain
	Aln	207	+b09721f9-091a-47d6-b3dd-aec8b0389656 13 3055 3060 -edge_104_0_+disjointig_170_0_3058 12 3053 3058 -1 -1 3019 0.00192549
Chain
	Aln	206	-b09721f9-091a-47d6-b3dd-aec8b0389656 4 3046 3060 +edge_104_0_+disjointig_170_0_3058 4 3045 3058 -1 -1 3019 0.00192549
Chain
	Aln	757	+66b0416c-6be8-4d4b-ba12-2dace12390e2 4 1711 1719 -edge_379_0_+disjointig_30_0_8705 1210 2916 8705 -1 -1 1697 0
Chain
	Aln	756	-66b0416c-6be8-4d4b-ba12-2dace12390e2 7 1714 1719 +edge_379_0_+disjointig_30_0_8705 5788 7494 8705 -1 -1 1697 0
Chain
	Aln	216	+7fcea170-17b3-4694-ac4c-d0543a53af27 23 2942 2945 +edge_109_0_+disjointig_175_0_5602 2571 5488 5602 -1 -1 2734 0.00776298
Chain
	Aln	217	-7fcea170-17b3-4694-ac4c-d0543a53af27 2 2921 2945 -edge_109_0_+disjointig_175_0_5602 113 3030 5602 -1 -1 2734 0.00776298
Chain
	Aln	315	+9f319b3f-ba06-4c5d-94c1-c689dc755444 13 3467 3471 -edge_158_0_+disjointig_216_0_12995 12 3468 12995 -1 -1 3439 0
Chain
	Aln	314	-9f319b3f-ba06-4c5d-94c1-c689dc755444 3 3457 3471 +edge_158_0_+disjointig_216_0_12995 9526 12982 12995 -1 -1 3439 0
Chain
	Aln	204	+322485fd-f6fd-4f7c-b707-a98e35578f18 1458 3529 3536 +edge_103_0_+disjointig_17_0_17973 1 2074 17973 -1 -1 2035 0.00371428
Chain
	Aln	544	+322485fd-f6fd-4f7c-b707-a98e35578f18 6 1012 3536 +edge_273_0_+disjointig_305_0_2359 1353 2353 2359 -1 -1 975 0.00179096
Chain
	Aln	205	-322485fd-f6fd-4f7c-b707-a98e35578f18 6 2077 3536 -edge_103_0_+disjointig_17_0_17973 15898 17971 17973 -1 -1 2035 0.00371428
Chain
	Aln	545	-322485fd-f6fd-4f7c-b707-a98e35578f18 2523 3529 3536 -edge_273_0_+disjointig_305_0_2359 5 1005 2359 -1 -1 975 0.00179096
Chain
	Aln	254	+a5ad2fe4-d950-4eb4-ae6f-4b3f925dffda 10 3904 4354 +edge_128_0_+disjointig_194_0_20836 7130 11026 20836 -1 -1 3618 0.00846071
Chain
	Aln	255	-a5ad2fe4-d950-4eb4-ae6f-4b3f925dffda 449 4343 4354 -edge_128_0_+disjointig_194_0_20836 9809 13705 20836 -1 -1 3618 0.00846071
Chain
	Aln	573	+2324f014-d0b9-46a4-ac6d-c422686f526f 10 1254 1258 -edge_287_0_+disjointig_317_0_5793 328 1574 5793 -1 -1 1223 0.00239147
Chain
	Aln	572	-2324f014-d0b9-46a4-ac6d-c422686f526f 3 1247 1258 +edge_287_0_+disjointig_317_0_5793 4218 5464 5793 -1 -1 1223 0.00239147
Chain
	Aln	740	+57974931-7140-4ab2-8e2e-4e4331fbc0c8 258 1310 1377 +edge_371_0_+disjointig_300_12_10635 8 1057 10623 -1 -1 930 0.0129923
Chain
	Aln	741	-57974931-7140-4ab2-8e2e-4e4331fbc0c8 66 1118 1377 -edge_371_0_+disjointig_300_12_10635 9565 10614 10623 -1 -1 930 0.0129923
Chain
	Aln	408	+e90aa302-b49d-4ac6-9d6f-0dfa6e0fad71 9 1370 1383 +edge_205_0_+disjointig_255_0_9104 5999 7360 9104 -1 -1 1313 0.0054549
Chain
	Aln	409	-e90aa302-b49d-4ac6-9d6f-0dfa6e0fad71 12 1373 1383 -edge_205_0_+disjointig_255_0_9104 1743 3104 9104 -1 -1 1313 0.0054549
Chain
	Aln	503	+0ab03099-a572-4491-8719-b145a578671a 41 1107 1110 -edge_252_0_+disjointig_288_0_2229 12 1078 2229 -1 -1 1060 0.00228121
Chain
	Aln	502	-0ab03099-a572-4491-8719-b145a578671a 2 1068 1110 +edge_252_0_+disjointig_288_0_2229 1150 2216 2229 -1 -1 1060 0.00228121
Chain
	Aln	711	+be8aaedc-5209-46dd-b56a-b8ce6db89ba3 7 1632 1641 -edge_356_0_+disjointig_93_0_25924 11792 13417 25924 -1 -1 1620 0.000551061
Chain
	Aln	710	-be8aaedc-5209-46dd-b56a-b8ce6db89ba3 8 1633 1641 +edge_356_0_+disjointig_93_0_25924 12506 14131 25924 -1 -1 1620 0.000551061
Chain
	Aln	662	+9e7cb48f-0e24-4ff3-9e86-5b5ce267003e 6 1307 1312 +edge_332_0_+disjointig_64_0_14859 7871 9172 14859 -1 -1 1285 0.00176619
Chain
	Aln	663	-9e7cb48f-0e24-4ff3-9e86-5b5ce267003e 4 1305 1312 -edge_332_0_+disjointig_64_0_14859 5686 6987 14859 -1 -1 1285 0.00176619
Chain
	Aln	689	+dbc80a07-c5bf-4866-b59c-bc561b22677f 23 5427 5431 -edge_345_0_+disjointig_81_0_7847 1912 7316 7847 -1 -1 5347 0.000373062
Chain
	Aln	688	-dbc80a07-c5bf-4866-b59c-bc561b22677f 3 5407 5431 +edge_345_0_+disjointig_81_0_7847 530 5934 7847 -1 -1 5347 0.000373062
Chain
	Aln	765	+5b248f86-e82e-45d6-9159-071e36678f0b 4 1433 1437 -edge_383_0_+disjointig_37_1412_10185 1205 2634 8773 -1 -1 1424 0.000730088
Chain
	Aln	764	-5b248f86-e82e-45d6-9159-071e36678f0b 3 1432 1437 +edge_383_0_+disjointig_37_1412_10185 6138 7567 8773 -1 -1 1424 0.000730088
Chain
	Aln	176	+fb204e36-6e30-4c60-a818-3816f49f039b 1146 3129 3257 +edge_89_0_+disjointig_159_0_7388 2 1982 7388 -1 -1 1930 0.00400669
Chain
	Aln	177	-fb204e36-6e30-4c60-a818-3816f49f039b 127 2110 3257 -edge_89_0_+disjointig_159_0_7388 5405 7385 7388 -1 -1 1930 0.00400669
Chain
	Aln	663	+e9e2ab9b-e356-48a9-a0d9-2fa715997c95 4 4980 4982 -edge_332_0_+disjointig_64_0_14859 9821 14804 14859 -1 -1 4769 0.00251537
Chain
	Aln	662	-e9e2ab9b-e356-48a9-a0d9-2fa715997c95 1 4977 4982 +edge_332_0_+disjointig_64_0_14859 54 5037 14859 -1 -1 4769 0.00251537
Chain
	Aln	436	+738cd04e-862c-4689-a20f-dbe5e9781d14 83 1264 1267 +edge_219_0_+disjointig_266_0_6018 2789 3970 6018 -1 -1 1167 0.000334314
Chain
	Aln	437	-738cd04e-862c-4689-a20f-dbe5e9781d14 2 1183 1267 -edge_219_0_+disjointig_266_0_6018 2047 3228 6018 -1 -1 1167 0.000334314
Chain
	Aln	479	+58f91241-f44b-4066-ae5c-7c904d4cabf1 23 7025 7027 -edge_240_0_-disjointig_57_7953_51690 26033 33033 43737 -1 -1 6949 0
Chain
	Aln	478	-58f91241-f44b-4066-ae5c-7c904d4cabf1 1 7003 7027 +edge_240_0_-disjointig_57_7953_51690 10703 17703 43737 -1 -1 6949 0
Chain
	Aln	140	+85f0792f-5635-48e5-8e0a-11a7a4d98098 24 1287 1293 +edge_71_0_+disjointig_140_0_13641 1157 2422 13641 -1 -1 1103 0.0149354
Chain
	Aln	141	-85f0792f-5635-48e5-8e0a-11a7a4d98098 5 1268 1293 -edge_71_0_+disjointig_140_0_13641 11218 12483 13641 -1 -1 1103 0.0149354
Chain
	Aln	716	+c2b9a804-977a-40b1-9318-bb92ab80669b 8 1541 1561 +edge_359_0_+disjointig_96_0_23495 6174 7703 23495 -1 -1 1505 0.000865443
Chain
	Aln	717	-c2b9a804-977a-40b1-9318-bb92ab80669b 19 1552 1561 -edge_359_0_+disjointig_96_0_23495 15791 17320 23495 -1 -1 1505 0.000865443
Chain
	Aln	748	+8196cb11-de6a-44d7-ade6-a85fb016c0fe 10 2263 2284 +edge_375_0_+disjointig_46_0_10791 994 3260 10791 -1 -1 2115 0.00586684
Chain
	Aln	749	-8196cb11-de6a-44d7-ade6-a85fb016c0fe 20 2273 2284 -edge_375_0_+disjointig_46_0_10791 7530 9796 10791 -1 -1 2115 0.00586684
Chain
	Aln	368	+f1a58a24-1b1f-43c7-ba28-fd823160837a 7 1780 1787 +edge_185_0_+disjointig_237_0_7611 2950 4722 7611 -1 -1 1720 0.00369765
Chain
	Aln	369	-f1a58a24-1b1f-43c7-ba28-fd823160837a 6 1779 1787 -edge_185_0_+disjointig_237_0_7611 2888 4660 7611 -1 -1 1720 0.00369765
Chain
	Aln	651	+50b7c906-0b99-45a7-8030-8b3bd5fe1166 28 8592 8596 -edge_326_0_+disjointig_58_0_35073 24633 33213 35073 -1 -1 8225 0.00568103
Chain
	Aln	650	-50b7c906-0b99-45a7-8030-8b3bd5fe1166 3 8567 8596 +edge_326_0_+disjointig_58_0_35073 1859 10439 35073 -1 -1 8225 0.00568103
Chain
	Aln	80	+fcb255a8-5573-4ea0-9537-e3bb61023f29 47 5546 7288 +edge_41_0_+disjointig_114_0_9707 3404 8901 9707 -1 -1 5394 0.00182246
Chain
	Aln	81	-fcb255a8-5573-4ea0-9537-e3bb61023f29 1741 7240 7288 -edge_41_0_+disjointig_114_0_9707 805 6302 9707 -1 -1 5394 0.00182246
Chain
	Aln	741	+5c8c487f-1cb0-4832-a9c3-3baa6ec018b1 8 6261 6274 -edge_371_0_+disjointig_300_12_10635 4359 10622 10623 -1 -1 5833 0.00581944
Chain
	Aln	740	-5c8c487f-1cb0-4832-a9c3-3baa6ec018b1 12 6265 6274 +edge_371_0_+disjointig_300_12_10635 0 6263 10623 -1 -1 5833 0.00581944
Chain
	Aln	589	+9919a6af-4d2a-4e24-b760-6907a753e4ed 17 7832 14237 -edge_295_0_+disjointig_322_0_7836 16 7835 7836 -1 -1 6881 0.0114694
Chain
	Aln	588	-9919a6af-4d2a-4e24-b760-6907a753e4ed 6404 14219 14237 +edge_295_0_+disjointig_322_0_7836 0 7819 7836 -1 -1 6881 0.0114694
Chain
	Aln	78	+c6d8640d-808f-4597-81ba-d2071c8f1215 565 2199 2209 +edge_40_0_+disjointig_113_0_8453 1 1636 8453 -1 -1 1625 0.00213323
Chain
	Aln	79	-c6d8640d-808f-4597-81ba-d2071c8f1215 9 1643 2209 -edge_40_0_+disjointig_113_0_8453 6816 8451 8453 -1 -1 1625 0.00213323
Chain
	Aln	660	+26378d35-12fd-4668-acb8-9d2960479305 2 1645 1651 +edge_331_0_+disjointig_63_0_33738 4495 6134 33738 -1 -1 1537 0.00262639
Chain
	Aln	661	-26378d35-12fd-4668-acb8-9d2960479305 5 1648 1651 -edge_331_0_+disjointig_63_0_33738 27603 29242 33738 -1 -1 1537 0.00262639
Chain
	Aln	140	+790616f2-78f5-494b-b751-b9b7c5916223 4 4476 4479 +edge_71_0_+disjointig_140_0_13641 9147 13621 13641 -1 -1 4397 0.00202869
Chain
	Aln	141	-790616f2-78f5-494b-b751-b9b7c5916223 2 4474 4479 -edge_71_0_+disjointig_140_0_13641 19 4493 13641 -1 -1 4397 0.00202869
Chain
	Aln	696	+b2566dda-1375-41c3-ad52-b5e3849ccb3b 6 3828 3830 +edge_349_0_+disjointig_85_0_17144 10123 13941 17144 -1 -1 3741 0.00298025
Chain
	Aln	697	-b2566dda-1375-41c3-ad52-b5e3849ccb3b 1 3823 3830 -edge_349_0_+disjointig_85_0_17144 3202 7020 17144 -1 -1 3741 0.00298025
Chain
	Aln	638	+56cae0f2-8b0f-4a7d-b7b5-330e04483300 10 4315 4318 +edge_320_0_+disjointig_51_0_24344 8924 13230 24344 -1 -1 4267 2.83992e-06
Chain
	Aln	639	-56cae0f2-8b0f-4a7d-b7b5-330e04483300 2 4307 4318 -edge_320_0_+disjointig_51_0_24344 11113 15419 24344 -1 -1 4267 2.83992e-06
Chain
	Aln	466	+afb9872b-11bd-4fe6-8aa1-934738a9cad7 6 4399 4401 +edge_234_0_+disjointig_28_0_27669 18159 22552 27669 -1 -1 4359 0
Chain
	Aln	467	-afb9872b-11bd-4fe6-8aa1-934738a9cad7 1 4394 4401 -edge_234_0_+disjointig_28_0_27669 5116 9509 27669 -1 -1 4359 0
Chain
	Aln	543	+721cb5f5-3822-496f-b01c-a6f6543e3b32 4 1053 1057 -edge_272_0_+disjointig_303_0_5214 4110 5159 5214 -1 -1 1049 0
Chain
	Aln	542	-721cb5f5-3822-496f-b01c-a6f6543e3b32 3 1052 1057 +edge_272_0_+disjointig_303_0_5214 54 1103 5214 -1 -1 1049 0
Chain
	Aln	44	+749c8131-9d85-45bb-b8ef-61274e794bc3 16 1851 1870 +edge_23_0_+disjointig_108_0_13573 11467 13336 13573 -1 -1 1772 0.00321037
Chain
	Aln	45	-749c8131-9d85-45bb-b8ef-61274e794bc3 18 1853 1870 -edge_23_0_+disjointig_108_0_13573 236 2105 13573 -1 -1 1772 0.00321037
Chain
	Aln	297	+099813e6-0dae-4943-904c-e3b6d1b7c0b4 1063 3887 3892 -edge_149_0_+disjointig_48_14826_21803 13 2837 6977 -1 -1 2791 0.00189367
Chain
	Aln	296	-099813e6-0dae-4943-904c-e3b6d1b7c0b4 4 2828 3892 +edge_149_0_+disjointig_48_14826_21803 4139 6963 6977 -1 -1 2791 0.00189367
Chain
	Aln	664	+15b2e207-d72b-4aa4-adf7-04354ab33c6e 25 3062 3074 +edge_333_0_+disjointig_65_0_11933 2740 5782 11933 -1 -1 3025 0
Chain
	Aln	665	-15b2e207-d72b-4aa4-adf7-04354ab33c6e 11 3048 3074 -edge_333_0_+disjointig_65_0_11933 6150 9192 11933 -1 -1 3025 0
Chain
	Aln	479	+c0048cd2-0aea-4fd8-ba75-0687224f20b3 95 1525 1528 -edge_240_0_-disjointig_57_7953_51690 25566 27001 43737 -1 -1 1391 0.00380062
Chain
	Aln	478	-c0048cd2-0aea-4fd8-ba75-0687224f20b3 2 1432 1528 +edge_240_0_-disjointig_57_7953_51690 16735 18170 43737 -1 -1 1391 0.00380062
Chain
	Aln	655	+f2114d86-9793-44d9-b5f8-40b26746da9a 11 1338 1341 -edge_328_0_+disjointig_60_0_13874 6128 7459 13874 -1 -1 1283 0.00388292
Chain
	Aln	654	-f2114d86-9793-44d9-b5f8-40b26746da9a 2 1329 1341 +edge_328_0_+disjointig_60_0_13874 6414 7745 13874 -1 -1 1283 0.00388292
Chain
	Aln	36	+f0592e84-c51b-440c-a582-5ec001572576 1 1177 1183 +edge_19_0_+disjointig_104_0_20017 4074 5250 20017 -1 -1 1176 0.000639692
Chain
	Aln	37	-f0592e84-c51b-440c-a582-5ec001572576 5 1181 1183 -edge_19_0_+disjointig_104_0_20017 14766 15942 20017 -1 -1 1176 0.000639692
Chain
	Aln	122	+5f989a04-556e-446f-a530-d230131de2de 28 2835 2846 +edge_62_0_+disjointig_133_0_7544 2694 5485 7544 -1 -1 2579 0.0098013
Chain
	Aln	123	-5f989a04-556e-446f-a530-d230131de2de 10 2817 2846 -edge_62_0_+disjointig_133_0_7544 2058 4849 7544 -1 -1 2579 0.0098013
Chain
	Aln	151	+b9f53b7a-d1de-4241-95c7-80e2fad4bf4f 7 1596 1598 -edge_76_0_+disjointig_146_0_22270 20583 22172 22270 -1 -1 1562 0.00471897
Chain
	Aln	150	-b9f53b7a-d1de-4241-95c7-80e2fad4bf4f 1 1590 1598 +edge_76_0_+disjointig_146_0_22270 97 1686 22270 -1 -1 1562 0.00471897
Chain
	Aln	666	+7310ea3d-0611-4feb-94b3-8fc706a83fb7 7 2890 2895 +edge_334_0_+disjointig_68_0_9918 3441 6325 9918 -1 -1 2875 0
Chain
	Aln	667	-7310ea3d-0611-4feb-94b3-8fc706a83fb7 4 2887 2895 -edge_334_0_+disjointig_68_0_9918 3592 6476 9918 -1 -1 2875 0
Chain
	Aln	191	+94027c38-18ca-4b46-b352-59470e456b7d 16 2220 2225 -edge_96_0_+disjointig_164_0_4076 15 2218 4076 -1 -1 2184 0.000260938
Chain
	Aln	190	-94027c38-18ca-4b46-b352-59470e456b7d 4 2208 2225 +edge_96_0_+disjointig_164_0_4076 1857 4060 4076 -1 -1 2184 0.000260938
Chain
	Aln	607	+f7249b08-6255-43eb-b505-8e6ec67001f1 36 5905 5909 -edge_304_0_+disjointig_34_0_21728 32 5901 21728 -1 -1 5822 0.000195948
Chain
	Aln	606	-f7249b08-6255-43eb-b505-8e6ec67001f1 3 5872 5909 +edge_304_0_+disjointig_34_0_21728 15826 21695 21728 -1 -1 5822 0.000195948
Chain
	Aln	106	+db201275-aa38-4525-8903-c6187f75a3fa 19 1993 1996 +edge_54_0_+disjointig_125_0_13260 5178 7157 13260 -1 -1 1866 0.00805897
Chain
	Aln	107	-db201275-aa38-4525-8903-c6187f75a3fa 2 1976 1996 -edge_54_0_+disjointig_125_0_13260 6102 8081 13260 -1 -1 1866 0.00805897
Chain
	Aln	38	+e2876f73-d8f1-4a63-96cc-88ca8b107076 44 6942 6947 +edge_20_0_+disjointig_105_0_37299 2706 9600 37299 -1 -1 6852 0.00124408
Chain
	Aln	39	-e2876f73-d8f1-4a63-96cc-88ca8b107076 4 6902 6947 -edge_20_0_+disjointig_105_0_37299 27698 34592 37299 -1 -1 6852 0.00124408
Chain
	Aln	107	+0593302a-63ad-45eb-a03e-45b8c304d210 9 3709 3711 -edge_54_0_+disjointig_125_0_13260 6150 9851 13260 -1 -1 3680 0.00180632
Chain
	Aln	106	-0593302a-63ad-45eb-a03e-45b8c304d210 1 3701 3711 +edge_54_0_+disjointig_125_0_13260 3408 7109 13260 -1 -1 3680 0.00180632
Chain
	Aln	733	+d826b77c-b7cc-4c62-a08f-d4138f98d6bd 7 1278 1281 -edge_367_0_-disjointig_78_4405_23060 2153 3429 18655 -1 -1 1197 0.00516223
Chain
	Aln	732	-d826b77c-b7cc-4c62-a08f-d4138f98d6bd 2 1273 1281 +edge_367_0_-disjointig_78_4405_23060 15225 16501 18655 -1 -1 1197 0.00516223
Chain
	Aln	732	+546e83ec-060f-4a81-9274-caa60d4af9eb 13 1286 1294 +edge_367_0_-disjointig_78_4405_23060 15216 16481 18655 -1 -1 1231 0.00338207
Chain
	Aln	733	-546e83ec-060f-4a81-9274-caa60d4af9eb 7 1280 1294 -edge_367_0_-disjointig_78_4405_23060 2173 3438 18655 -1 -1 1231 0.00338207
Chain
	Aln	701	+6264f645-f3b8-4e17-a943-344ce9e37b9f 79 1153 1157 -edge_351_0_+disjointig_87_0_9199 6759 7832 9199 -1 -1 930 0.0130675
Chain
	Aln	700	-6264f645-f3b8-4e17-a943-344ce9e37b9f 3 1077 1157 +edge_351_0_+disjointig_87_0_9199 1366 2439 9199 -1 -1 930 0.0130675
Chain
	Aln	728	+f9951398-bc30-4739-8abd-4a68e367461f 2 2895 2902 +edge_365_0_-disjointig_14_17885_30078 6788 9677 12193 -1 -1 2846 0.00237246
Chain
	Aln	729	-f9951398-bc30-4739-8abd-4a68e367461f 6 2899 2902 -edge_365_0_-disjointig_14_17885_30078 2515 5404 12193 -1 -1 2846 0.00237246
Chain
	Aln	156	+9dc76aff-533d-457a-9095-f57ff090c44d 18 1180 1188 +edge_79_0_+disjointig_149_0_13469 10857 12023 13469 -1 -1 1137 0.0012632
Chain
	Aln	157	-9dc76aff-533d-457a-9095-f57ff090c44d 7 1169 1188 -edge_79_0_+disjointig_149_0_13469 1445 2611 13469 -1 -1 1137 0.0012632
Chain
	Aln	628	+5563ed43-dd5f-415b-aa52-3dfc3c8b8269 44 9386 9394 +edge_315_0_+disjointig_43_0_17713 6677 16030 17713 -1 -1 9155 0.00235152
Chain
	Aln	629	-5563ed43-dd5f-415b-aa52-3dfc3c8b8269 7 9349 9394 -edge_315_0_+disjointig_43_0_17713 1682 11035 17713 -1 -1 9155 0.00235152
Chain
	Aln	139	+15ba730c-a6f8-4fb4-9494-09dd450ece2c 14 5630 5633 -edge_70_0_-disjointig_67_10521_41118 3679 9295 30597 -1 -1 5515 0.00293935
Chain
	Aln	138	-15ba730c-a6f8-4fb4-9494-09dd450ece2c 2 5618 5633 +edge_70_0_-disjointig_67_10521_41118 21301 26917 30597 -1 -1 5515 0.00293935
Chain
	Aln	300	+bdb0684e-72ff-4dbf-816f-a11a479d4fd0 1 5714 5731 +edge_151_0_+disjointig_21_0_26556 2602 8317 26556 -1 -1 5508 0.00354386
Chain
	Aln	301	-bdb0684e-72ff-4dbf-816f-a11a479d4fd0 16 5729 5731 -edge_151_0_+disjointig_21_0_26556 18238 23953 26556 -1 -1 5508 0.00354386
Chain
	Aln	43	+ac957ef6-3704-4bea-8a0f-7ad541d1c871 27 6476 6482 -edge_22_0_+disjointig_107_0_25761 6675 13125 25761 -1 -1 6380 0
Chain
	Aln	42	-ac957ef6-3704-4bea-8a0f-7ad541d1c871 5 6454 6482 +edge_22_0_+disjointig_107_0_25761 12635 19085 25761 -1 -1 6380 0
Chain
	Aln	162	+245cc41c-cb36-4c2e-a116-f3dd31e0a8be 17 4606 4613 +edge_82_0_+disjointig_152_0_6005 1413 5999 6005 -1 -1 4559 0.00124047
Chain
	Aln	163	-245cc41c-cb36-4c2e-a116-f3dd31e0a8be 6 4595 4613 -edge_82_0_+disjointig_152_0_6005 5 4591 6005 -1 -1 4559 0.00124047
Chain
	Aln	608	+370d9843-c9ec-47bf-bad4-8f8791b558e0 7 1812 1833 +edge_305_0_+disjointig_35_0_17453 4007 5813 17453 -1 -1 1778 0
Chain
	Aln	609	-370d9843-c9ec-47bf-bad4-8f8791b558e0 20 1825 1833 -edge_305_0_+disjointig_35_0_17453 11639 13445 17453 -1 -1 1778 0
Chain
	Aln	147	+e2a20a16-9b20-4eb2-8757-3cb484807e95 5 2437 2441 -edge_74_0_+disjointig_144_0_5043 387 2818 5043 -1 -1 2431 0
Chain
	Aln	146	-e2a20a16-9b20-4eb2-8757-3cb484807e95 3 2435 2441 +edge_74_0_+disjointig_144_0_5043 2224 4655 5043 -1 -1 2431 0
Chain
	Aln	477	+fd8b609d-c505-463f-8dcd-7ac5cf1c4995 11 3024 3038 -edge_239_0_+disjointig_41_9827_31060 10 3022 21233 -1 -1 3005 0
Chain
	Aln	476	-fd8b609d-c505-463f-8dcd-7ac5cf1c4995 13 3026 3038 +edge_239_0_+disjointig_41_9827_31060 18210 21222 21233 -1 -1 3005 0
Chain
	Aln	587	+9abf6bd5-5f51-4767-a31b-0e20769d72dc 14 5404 5596 -edge_294_0_+disjointig_321_0_5410 13 5409 5410 -1 -1 5312 0.00218857
Chain
	Aln	586	-9abf6bd5-5f51-4767-a31b-0e20769d72dc 191 5581 5596 +edge_294_0_+disjointig_321_0_5410 0 5396 5410 -1 -1 5312 0.00218857
Chain
	Aln	296	+ce60731d-c3af-41dd-b1b2-ff55604bf46e 8 1379 1382 +edge_149_0_+disjointig_48_14826_21803 2478 3852 6977 -1 -1 1361 0.00197313
Chain
	Aln	297	-ce60731d-c3af-41dd-b1b2-ff55604bf46e 2 1373 1382 -edge_149_0_+disjointig_48_14826_21803 3124 4498 6977 -1 -1 1361 0.00197313
Chain
	Aln	570	+2c8ffa37-8bf2-4a99-b953-52a737f8b819 7 1997 2004 +edge_286_0_+disjointig_316_0_10940 2880 4870 10940 -1 -1 1990 0
Chain
	Aln	571	-2c8ffa37-8bf2-4a99-b953-52a737f8b819 6 1996 2004 -edge_286_0_+disjointig_316_0_10940 6069 8059 10940 -1 -1 1990 0
Chain
	Aln	619	+c7c1ccbc-e2fc-4bd4-80d9-fee7488c6cd4 10 2504 2509 -edge_310_0_+disjointig_39_0_32732 22650 25144 32732 -1 -1 2489 4.82179e-05
Chain
	Aln	618	-c7c1ccbc-e2fc-4bd4-80d9-fee7488c6cd4 4 2498 2509 +edge_310_0_+disjointig_39_0_32732 7587 10081 32732 -1 -1 2489 4.82179e-05
Chain
	Aln	641	+847e7a1b-5694-4ae4-9998-86d3ea9620ff 10 2240 2246 -edge_321_0_+disjointig_52_0_21384 16909 19141 21384 -1 -1 2150 0.00529465
Chain
	Aln	640	-847e7a1b-5694-4ae4-9998-86d3ea9620ff 5 2235 2246 +edge_321_0_+disjointig_52_0_21384 2242 4474 21384 -1 -1 2150 0.00529465
Chain
	Aln	271	+806211f2-783b-4dcb-9b16-3e671af769f5 14 1725 1733 -edge_136_0_+disjointig_198_0_10386 6843 8554 10386 -1 -1 1711 0
Chain
	Aln	270	-806211f2-783b-4dcb-9b16-3e671af769f5 7 1718 1733 +edge_136_0_+disjointig_198_0_10386 1831 3542 10386 -1 -1 1711 0
Chain
	Aln	733	+c51bdee7-76f1-45e2-8968-798af1b30b8a 5 2813 2817 -edge_367_0_-disjointig_78_4405_23060 10070 12877 18655 -1 -1 2783 0.000735075
Chain
	Aln	732	-c51bdee7-76f1-45e2-8968-798af1b30b8a 3 2811 2817 +edge_367_0_-disjointig_78_4405_23060 5777 8584 18655 -1 -1 2783 0.000735075
Chain
	Aln	333	+b4177854-ab2b-4f0e-89df-54a0407596ee 21 4398 4401 -edge_167_0_+disjointig_220_0_6397 2017 6394 6397 -1 -1 4265 0.00437586
Chain
	Aln	332	-b4177854-ab2b-4f0e-89df-54a0407596ee 2 4379 4401 +edge_167_0_+disjointig_220_0_6397 2 4379 6397 -1 -1 4265 0.00437586
Chain
	Aln	676	+4c4f957b-ff46-4677-b931-26b64d42527b 8 5224 5631 +edge_339_0_+disjointig_74_0_6552 1311 6546 6552 -1 -1 4853 0.00630713
Chain
	Aln	677	-4c4f957b-ff46-4677-b931-26b64d42527b 406 5622 5631 -edge_339_0_+disjointig_74_0_6552 5 5240 6552 -1 -1 4853 0.00630713
Chain
	Aln	645	+fa70e5b2-27b1-41f6-b5f0-f8a87389a025 7 3654 3660 -edge_323_0_+disjointig_54_0_13403 4942 8587 13403 -1 -1 3613 0.00185232
Chain
	Aln	644	-fa70e5b2-27b1-41f6-b5f0-f8a87389a025 5 3652 3660 +edge_323_0_+disjointig_54_0_13403 4815 8460 13403 -1 -1 3613 0.00185232
Chain
	Aln	248	+66d6f282-cbb2-45fb-98a2-a9594a5fcad4 14 4700 4703 +edge_125_0_+disjointig_191_0_4937 251 4935 4937 -1 -1 4547 0.000202601
Chain
	Aln	249	-66d6f282-cbb2-45fb-98a2-a9594a5fcad4 2 4688 4703 -edge_125_0_+disjointig_191_0_4937 1 4685 4937 -1 -1 4547 0.000202601
Chain
	Aln	513	+28310a51-e149-4037-a786-1b8df5de7327 5 2260 2262 -edge_257_0_+disjointig_293_0_9778 7520 9776 9778 -1 -1 2223 0.000607075
Chain
	Aln	512	-28310a51-e149-4037-a786-1b8df5de7327 1 2256 2262 +edge_257_0_+disjointig_293_0_9778 1 2257 9778 -1 -1 2223 0.000607075
Chain
	Aln	26	+161bb061-22b3-447c-8dca-5d841c09e9b6 18 1232 1809 +edge_14_0_+disjointig_103_9000_10679 463 1677 1679 -1 -1 1214 0.00086102
Chain
	Aln	27	-161bb061-22b3-447c-8dca-5d841c09e9b6 576 1790 1809 -edge_14_0_+disjointig_103_9000_10679 1 1215 1679 -1 -1 1214 0.00086102
Chain
	Aln	418	+caccb983-1d93-400b-aa29-fb107aef975f 1 1006 1009 +edge_210_0_+disjointig_26_0_12157 8445 9450 12157 -1 -1 1005 0
Chain
	Aln	419	-caccb983-1d93-400b-aa29-fb107aef975f 2 1007 1009 -edge_210_0_+disjointig_26_0_12157 2706 3711 12157 -1 -1 1005 0
Chain
	Aln	39	+85d4db1f-ca03-497f-bd2a-11e330a78842 10 1481 1488 -edge_20_0_+disjointig_105_0_37299 12343 13813 37299 -1 -1 1464 0.00220473
Chain
	Aln	38	-85d4db1f-ca03-497f-bd2a-11e330a78842 6 1477 1488 +edge_20_0_+disjointig_105_0_37299 23485 24955 37299 -1 -1 1464 0.00220473
Chain
	Aln	159	+85feba61-9f67-42cf-886e-ab7193e9f9ae 9 3873 3883 -edge_80_0_+disjointig_15_0_11911 5037 8913 11911 -1 -1 3743 0.00327239
Chain
	Aln	158	-85feba61-9f67-42cf-886e-ab7193e9f9ae 9 3873 3883 +edge_80_0_+disjointig_15_0_11911 2997 6873 11911 -1 -1 3743 0.00327239
Chain
	Aln	514	+4d2c0620-a1ea-41be-9284-c6a5aff13d42 3942 7976 7980 +edge_258_0_+disjointig_294_0_4039 2 4036 4039 -1 -1 4001 0.000379179
Chain
	Aln	515	-4d2c0620-a1ea-41be-9284-c6a5aff13d42 3 4037 7980 -edge_258_0_+disjointig_294_0_4039 2 4036 4039 -1 -1 4001 0.000379179
Chain
	Aln	168	+763f036a-bc87-40e8-b9d5-cd65943b8211 1 5673 5675 +edge_85_0_+disjointig_156_0_15099 5442 11070 15099 -1 -1 5510 0.00279902
Chain
	Aln	169	-763f036a-bc87-40e8-b9d5-cd65943b8211 1 5673 5675 -edge_85_0_+disjointig_156_0_15099 4028 9656 15099 -1 -1 5510 0.00279902
Chain
	Aln	650	+4d253cb7-c192-4ab0-89ce-b3a72f783b2a 10 1350 1357 +edge_326_0_+disjointig_58_0_35073 1538 2879 35073 -1 -1 1340 0.00354751
Chain
	Aln	651	-4d253cb7-c192-4ab0-89ce-b3a72f783b2a 6 1346 1357 -edge_326_0_+disjointig_58_0_35073 32193 33534 35073 -1 -1 1340 0.00354751
Chain
	Aln	377	+df475bd7-995f-4568-89d7-9789ca2e63b6 11 3143 3145 -edge_189_0_+disjointig_240_0_21824 18692 21822 21824 -1 -1 3120 9.66918e-06
Chain
	Aln	376	-df475bd7-995f-4568-89d7-9789ca2e63b6 1 3133 3145 +edge_189_0_+disjointig_240_0_21824 1 3131 21824 -1 -1 3120 9.66918e-06
Chain
	Aln	466	+15c161c3-12d8-43b1-8e68-18419b798a48 10 1851 1853 +edge_234_0_+disjointig_28_0_27669 10209 12050 27669 -1 -1 1809 0
Chain
	Aln	467	-15c161c3-12d8-43b1-8e68-18419b798a48 1 1842 1853 -edge_234_0_+disjointig_28_0_27669 15618 17459 27669 -1 -1 1809 0
Chain
	Aln	760	+6f7d7056-5ae9-493b-8e21-01e6499f8c2e 34 1251 1254 +edge_381_0_-disjointig_45_0_30722 24 1242 30722 -1 -1 1209 0.000514849
Chain
	Aln	761	-6f7d7056-5ae9-493b-8e21-01e6499f8c2e 2 1219 1254 -edge_381_0_-disjointig_45_0_30722 29479 30697 30722 -1 -1 1209 0.000514849
Chain
	Aln	223	+5f00faf7-0e04-4507-85aa-044ca1ea4df5 8 3593 3595 -edge_112_0_+disjointig_179_0_13636 9444 13032 13636 -1 -1 3520 0.00313764
Chain
	Aln	222	-5f00faf7-0e04-4507-85aa-044ca1ea4df5 1 3586 3595 +edge_112_0_+disjointig_179_0_13636 603 4191 13636 -1 -1 3520 0.00313764
Chain
	Aln	179	+0821f5e1-8ac6-4e49-ba21-cc85f2fb21ae 19 1866 1871 -edge_90_0_+disjointig_16_0_20838 3210 5057 20838 -1 -1 1847 0.00288151
Chain
	Aln	178	-0821f5e1-8ac6-4e49-ba21-cc85f2fb21ae 4 1851 1871 +edge_90_0_+disjointig_16_0_20838 15780 17627 20838 -1 -1 1847 0.00288151
Chain
	Aln	687	+173f7bde-b485-45c0-8d44-299bec2f0477 8 3598 3603 -edge_344_0_+disjointig_80_0_12633 4507 8091 12633 -1 -1 3563 0.00185061
Chain
	Aln	686	-173f7bde-b485-45c0-8d44-299bec2f0477 4 3594 3603 +edge_344_0_+disjointig_80_0_12633 4541 8125 12633 -1 -1 3563 0.00185061
Chain
	Aln	623	+2a7987a2-511d-4b55-8964-3b459211b45f 11 1394 1396 -edge_312_0_+disjointig_40_0_16996 10397 11780 16996 -1 -1 1354 0.0033417
Chain
	Aln	622	-2a7987a2-511d-4b55-8964-3b459211b45f 1 1384 1396 +edge_312_0_+disjointig_40_0_16996 5215 6598 16996 -1 -1 1354 0.0033417
Chain
	Aln	738	+5c981f77-ad95-4583-ad5f-f073641b9366 8 6968 6974 +edge_370_0_-disjointig_66_3457_23755 11250 18225 20298 -1 -1 6774 0.00271912
Chain
	Aln	739	-5c981f77-ad95-4583-ad5f-f073641b9366 5 6965 6974 -edge_370_0_-disjointig_66_3457_23755 2072 9047 20298 -1 -1 6774 0.00271912
Chain
	Aln	43	+9c5bc551-49ea-4f8c-b901-5186f56d08d2 7 1244 1246 -edge_22_0_+disjointig_107_0_25761 14144 15382 25761 -1 -1 1216 0.00394139
Chain
	Aln	42	-9c5bc551-49ea-4f8c-b901-5186f56d08d2 1 1238 1246 +edge_22_0_+disjointig_107_0_25761 10378 11616 25761 -1 -1 1216 0.00394139
Chain
	Aln	485	+8f2e30e6-4fe3-48e2-81ec-6ac18c66cf13 9 4777 4781 -edge_243_0_+disjointig_49_7193_20010 44 4811 12817 -1 -1 4761 0
Chain
	Aln	484	-8f2e30e6-4fe3-48e2-81ec-6ac18c66cf13 3 4771 4781 +edge_243_0_+disjointig_49_7193_20010 8005 12772 12817 -1 -1 4761 0
Chain
	Aln	316	+1962f66c-e4a2-42d9-8498-ea63c4d17ed6 7 4834 4837 +edge_159_0_+disjointig_217_0_11253 1460 6291 11253 -1 -1 4684 0.0022765
Chain
	Aln	317	-1962f66c-e4a2-42d9-8498-ea63c4d17ed6 2 4829 4837 -edge_159_0_+disjointig_217_0_11253 4961 9792 11253 -1 -1 4684 0.0022765
Chain
	Aln	648	+1131859c-fd5c-4640-8b99-1b72fccc9243 9 2460 2465 +edge_325_0_+disjointig_56_0_14906 2078 4529 14906 -1 -1 2437 0.000607963
Chain
	Aln	649	-1131859c-fd5c-4640-8b99-1b72fccc9243 4 2455 2465 -edge_325_0_+disjointig_56_0_14906 10376 12827 14906 -1 -1 2437 0.000607963
Chain
	Aln	308	+8d2bab56-f9cc-4241-b047-347b89c69c82 6 1609 1615 +edge_155_0_+disjointig_213_0_3243 842 2445 3243 -1 -1 1603 0
Chain
	Aln	309	-8d2bab56-f9cc-4241-b047-347b89c69c82 5 1608 1615 -edge_155_0_+disjointig_213_0_3243 797 2400 3243 -1 -1 1603 0
Chain
	Aln	210	+7bd97489-f4d7-417c-a650-2ad7a7860832 5 2650 2652 +edge_106_0_+disjointig_172_0_11649 270 2915 11649 -1 -1 2549 0.00616821
Chain
	Aln	211	-7bd97489-f4d7-417c-a650-2ad7a7860832 1 2646 2652 -edge_106_0_+disjointig_172_0_11649 8733 11378 11649 -1 -1 2549 0.00616821
Chain
	Aln	443	+c08aa074-a622-4395-89ef-287443525d89 17 2849 2854 -edge_222_0_+disjointig_269_0_6543 3707 6538 6543 -1 -1 2811 0
Chain
	Aln	442	-c08aa074-a622-4395-89ef-287443525d89 4 2836 2854 +edge_222_0_+disjointig_269_0_6543 4 2835 6543 -1 -1 2811 0
Chain
	Aln	447	+8231ce6d-e524-4798-a244-718b2a7639bf 11 2476 2478 -edge_224_0_+disjointig_270_0_6187 3716 6185 6187 -1 -1 2436 0.00184604
Chain
	Aln	446	-8231ce6d-e524-4798-a244-718b2a7639bf 1 2466 2478 +edge_224_0_+disjointig_270_0_6187 1 2470 6187 -1 -1 2436 0.00184604
Chain
	Aln	423	+e2b878a2-ba39-40a4-9463-f56d7ad38d62 9 4108 4116 -edge_212_0_+disjointig_261_0_30460 19359 23464 30460 -1 -1 4055 0.00254931
Chain
	Aln	422	-e2b878a2-ba39-40a4-9463-f56d7ad38d62 7 4106 4116 +edge_212_0_+disjointig_261_0_30460 6995 11100 30460 -1 -1 4055 0.00254931
Chain
	Aln	377	+efbe0606-a38c-463c-b6a3-68d5d6123d71 3 1243 1245 -edge_189_0_+disjointig_240_0_21824 16071 17315 21824 -1 -1 1203 0.00798484
Chain
	Aln	376	-efbe0606-a38c-463c-b6a3-68d5d6123d71 1 1241 1245 +edge_189_0_+disjointig_240_0_21824 4508 5752 21824 -1 -1 1203 0.00798484
Chain
	Aln	717	+2aa06232-c33f-424b-a1f5-5d279a5072dd 13 1040 1052 -edge_359_0_+disjointig_96_0_23495 21750 22777 23495 -1 -1 1027 0
Chain
	Aln	716	-2aa06232-c33f-424b-a1f5-5d279a5072dd 11 1038 1052 +edge_359_0_+disjointig_96_0_23495 717 1744 23495 -1 -1 1027 0
Chain
	Aln	423	+05adc31b-c68f-4d30-993b-43f835d40b20 11 10526 10528 -edge_212_0_+disjointig_261_0_30460 14645 25155 30460 -1 -1 10479 3.8513e-05
Chain
	Aln	422	-05adc31b-c68f-4d30-993b-43f835d40b20 1 10516 10528 +edge_212_0_+disjointig_261_0_30460 5304 15814 30460 -1 -1 10479 3.8513e-05
Chain
	Aln	235	+e04fca78-68c2-4df8-876c-8b98ffc8edbb 56 7022 9340 -edge_118_0_+disjointig_184_0_7014 49 7013 7014 -1 -1 6778 0.00264317
Chain
	Aln	234	-e04fca78-68c2-4df8-876c-8b98ffc8edbb 2317 9283 9340 +edge_118_0_+disjointig_184_0_7014 0 6964 7014 -1 -1 6778 0.00264317
Chain
	Aln	438	+d808a561-53f4-47dc-ac4e-e88b08cee522 1 4141 4146 +edge_220_0_+disjointig_267_0_20749 1 4140 20749 -1 -1 4063 0.000862326
Chain
	Aln	439	-d808a561-53f4-47dc-ac4e-e88b08cee522 4 4144 4146 -edge_220_0_+disjointig_267_0_20749 16608 20747 20749 -1 -1 4063 0.000862326
Chain
	Aln	752	+297f45f5-71cf-418d-b9e6-71dff337876b 325 2160 2164 +edge_377_2_-disjointig_292_6900_11748 4 1832 4848 -1 -1 1680 0.00933436
Chain
	Aln	753	-297f45f5-71cf-418d-b9e6-71dff337876b 3 1838 2164 -edge_377_2_-disjointig_292_6900_11748 3015 4843 4848 -1 -1 1680 0.00933436
Chain
	Aln	291	+a0cc30ee-bf71-4614-a479-84857ef3196e 6 2398 2406 -edge_146_0_+disjointig_208_0_19308 11161 13553 19308 -1 -1 2388 0
Chain
	Aln	290	-a0cc30ee-bf71-4614-a479-84857ef3196e 7 2399 2406 +edge_146_0_+disjointig_208_0_19308 5754 8146 19308 -1 -1 2388 0
Chain
	Aln	38	+1c7bbfb0-9506-4263-a754-f3c7c2167a8f 10 1369 1373 +edge_20_0_+disjointig_105_0_37299 22321 23680 37299 -1 -1 1341 0.00281045
Chain
	Aln	39	-1c7bbfb0-9506-4263-a754-f3c7c2167a8f 3 1362 1373 -edge_20_0_+disjointig_105_0_37299 13618 14977 37299 -1 -1 1341 0.00281045
Chain
	Aln	681	+1c740c0a-17c8-4add-99f0-afb555c07e21 4 1055 1060 -edge_341_0_+disjointig_76_0_13454 3558 4610 13454 -1 -1 1043 0.000562355
Chain
	Aln	680	-1c740c0a-17c8-4add-99f0-afb555c07e21 4 1055 1060 +edge_341_0_+disjointig_76_0_13454 8843 9895 13454 -1 -1 1043 0.000562355
Chain
	Aln	178	+4705df3d-2872-4628-bb1d-6b13488253ab 16 1994 1997 +edge_90_0_+disjointig_16_0_20838 9155 11135 20838 -1 -1 1963 2.28487e-05
Chain
	Aln	179	-4705df3d-2872-4628-bb1d-6b13488253ab 2 1980 1997 -edge_90_0_+disjointig_16_0_20838 9702 11682 20838 -1 -1 1963 2.28487e-05
Chain
	Aln	761	+2d33989a-d0e8-46ac-8f08-a77b2ca9364f 11 1702 1836 -edge_381_0_-disjointig_45_0_30722 10921 12616 30722 -1 -1 1632 0.00785796
Chain
	Aln	760	-2d33989a-d0e8-46ac-8f08-a77b2ca9364f 133 1824 1836 +edge_381_0_-disjointig_45_0_30722 18105 19800 30722 -1 -1 1632 0.00785796
Chain
	Aln	609	+01e88804-5fdb-44fd-a7f7-afed1164891a 10 5379 5382 -edge_305_0_+disjointig_35_0_17453 2233 7611 17453 -1 -1 5312 0.00075748
Chain
	Aln	608	-01e88804-5fdb-44fd-a7f7-afed1164891a 2 5371 5382 +edge_305_0_+disjointig_35_0_17453 9841 15219 17453 -1 -1 5312 0.00075748
Chain
	Aln	105	+47aa77ae-d522-4900-bf49-62f21290fc93 7 4320 4330 -edge_53_0_+disjointig_124_0_5857 6 4320 5857 -1 -1 4280 0
Chain
	Aln	104	-47aa77ae-d522-4900-bf49-62f21290fc93 9 4322 4330 +edge_53_0_+disjointig_124_0_5857 1536 5850 5857 -1 -1 4280 0
Chain
	Aln	251	+2057a0c8-1d1e-4c88-adff-7137dbb64e1d 20 3471 3473 -edge_126_0_+disjointig_192_0_7005 3552 7003 7005 -1 -1 3363 0.000657218
Chain
	Aln	250	-2057a0c8-1d1e-4c88-adff-7137dbb64e1d 1 3452 3473 +edge_126_0_+disjointig_192_0_7005 1 3452 7005 -1 -1 3363 0.000657218
Chain
	Aln	761	+a8f7de81-e7dc-49df-9fb8-3c63e2aa3608 18 5601 5604 -edge_381_0_-disjointig_45_0_30722 5317 10897 30722 -1 -1 5497 0.0012721
Chain
	Aln	760	-a8f7de81-e7dc-49df-9fb8-3c63e2aa3608 2 5585 5604 +edge_381_0_-disjointig_45_0_30722 19824 25404 30722 -1 -1 5497 0.0012721
Chain
	Aln	42	+47bf21ea-8163-425a-b739-9f701d254a77 9 2945 2950 +edge_22_0_+disjointig_107_0_25761 10665 13595 25761 -1 -1 2898 0.000281473
Chain
	Aln	43	-47bf21ea-8163-425a-b739-9f701d254a77 4 2940 2950 -edge_22_0_+disjointig_107_0_25761 12165 15095 25761 -1 -1 2898 0.000281473
Chain
	Aln	70	+f9fc5e0b-d958-466d-8f98-347e6374e6df 10 1198 1215 +edge_36_0_+disjointig_14_15170_31787 11028 12216 16617 -1 -1 737 0.0417321
Chain
	Aln	71	-f9fc5e0b-d958-466d-8f98-347e6374e6df 16 1204 1215 -edge_36_0_+disjointig_14_15170_31787 4400 5588 16617 -1 -1 737 0.0417321
Chain
	Aln	234	+5a046422-dd5b-4e40-afeb-2d8905aec558 16 6643 6650 +edge_118_0_+disjointig_184_0_7014 18 6647 7014 -1 -1 6581 1.91685e-05
Chain
	Aln	235	-5a046422-dd5b-4e40-afeb-2d8905aec558 6 6633 6650 -edge_118_0_+disjointig_184_0_7014 366 6995 7014 -1 -1 6581 1.91685e-05
Chain
	Aln	661	+0ff7d24a-38c2-4d8c-a69d-60d5a85a49c2 9 6710 6880 -edge_331_0_+disjointig_63_0_33738 3123 9859 33738 -1 -1 5226 0.0256498
Chain
	Aln	660	-0ff7d24a-38c2-4d8c-a69d-60d5a85a49c2 169 6870 6880 +edge_331_0_+disjointig_63_0_33738 23878 30614 33738 -1 -1 5226 0.0256498
Chain
	Aln	479	+95cb0194-021c-46ff-8f51-219289157d8d 1 2677 2689 -edge_240_0_-disjointig_57_7953_51690 28643 31318 43737 -1 -1 2483 0.00685362
Chain
	Aln	478	-95cb0194-021c-46ff-8f51-219289157d8d 11 2687 2689 +edge_240_0_-disjointig_57_7953_51690 12418 15093 43737 -1 -1 2483 0.00685362
Chain
	Aln	681	+7dc5d13a-6855-4c19-95bc-3725658e750d 5 8682 12848 -edge_341_0_+disjointig_76_0_13454 4777 13453 13454 -1 -1 8665 0.000445143
Chain
	Aln	680	-7dc5d13a-6855-4c19-95bc-3725658e750d 4165 12842 12848 +edge_341_0_+disjointig_76_0_13454 0 8676 13454 -1 -1 8665 0.000445143
Chain
	Aln	240	+5505f3c4-cecf-40c4-a6d7-b2d5a93ee415 271 8992 8997 +edge_121_0_+disjointig_187_0_18602 3794 12510 18602 -1 -1 8597 0.0012343
Chain
	Aln	241	-5505f3c4-cecf-40c4-a6d7-b2d5a93ee415 4 8725 8997 -edge_121_0_+disjointig_187_0_18602 6091 14807 18602 -1 -1 8597 0.0012343
Chain
	Aln	213	+de4acc22-ef8b-4ed9-9fac-22f71ba8674a 10 6316 9111 -edge_107_0_+disjointig_173_0_6336 9 6335 6336 -1 -1 6194 0.00264398
Chain
	Aln	212	-de4acc22-ef8b-4ed9-9fac-22f71ba8674a 2794 9100 9111 +edge_107_0_+disjointig_173_0_6336 0 6326 6336 -1 -1 6194 0.00264398
Chain
	Aln	486	+1c958b35-7bae-46e9-9e60-38d6acd3743d 6 1780 1783 +edge_244_0_+disjointig_280_0_2481 183 1957 2481 -1 -1 1765 0.00125167
Chain
	Aln	487	-1c958b35-7bae-46e9-9e60-38d6acd3743d 2 1776 1783 -edge_244_0_+disjointig_280_0_2481 523 2297 2481 -1 -1 1765 0.00125167
Chain
	Aln	297	+edee6ad5-9581-4c46-88c2-31dfc9632c69 1 2593 6081 -edge_149_0_+disjointig_48_14826_21803 4386 6976 6977 -1 -1 2555 0.00376464
	Aln	743	+edee6ad5-9581-4c46-88c2-31dfc9632c69 2611 6078 6081 -edge_372_0_+disjointig_48_0_14826 17 3486 14826 -1 -1 3361 0.00309196
Chain
	Aln	742	-edee6ad5-9581-4c46-88c2-31dfc9632c69 2 3469 6081 +edge_372_0_+disjointig_48_0_14826 11339 14808 14826 -1 -1 3361 0.00309196
	Aln	296	-edee6ad5-9581-4c46-88c2-31dfc9632c69 3487 6079 6081 +edge_149_0_+disjointig_48_14826_21803 0 2590 6977 -1 -1 2555 0.00376464
Chain
	Aln	289	+cbe14fb9-7152-4af0-b18c-52b3335b68a3 10 5852 5858 -edge_145_0_+disjointig_207_0_5860 10 5854 5860 -1 -1 5809 0.000557882
Chain
	Aln	288	-cbe14fb9-7152-4af0-b18c-52b3335b68a3 5 5847 5858 +edge_145_0_+disjointig_207_0_5860 5 5849 5860 -1 -1 5809 0.000557882
Chain
	Aln	291	+461ce5ae-48b6-460a-a6fe-b5ac5bb2765e 23 7249 7251 -edge_146_0_+disjointig_208_0_19308 12080 19306 19308 -1 -1 7159 0.000255373
Chain
	Aln	290	-461ce5ae-48b6-460a-a6fe-b5ac5bb2765e 1 7227 7251 +edge_146_0_+disjointig_208_0_19308 1 7227 19308 -1 -1 7159 0.000255373
Chain
	Aln	682	+25a69947-1af0-4a44-93a8-394b9a02a7da 5 2989 2991 +edge_342_0_+disjointig_77_0_4616 32 3042 4616 -1 -1 2827 0.00720808
Chain
	Aln	683	-25a69947-1af0-4a44-93a8-394b9a02a7da 1 2985 2991 -edge_342_0_+disjointig_77_0_4616 1573 4583 4616 -1 -1 2827 0.00720808
Chain
	Aln	382	+3e4f9785-ecd6-42db-8545-d94fd40b0ad0 11 1638 1859 +edge_192_0_+disjointig_243_0_2553 915 2543 2553 -1 -1 1623 0
Chain
	Aln	383	-3e4f9785-ecd6-42db-8545-d94fd40b0ad0 220 1847 1859 -edge_192_0_+disjointig_243_0_2553 9 1637 2553 -1 -1 1623 0
Chain
	Aln	39	+99bf5045-aebe-4649-910f-db2c11a1203a 7 1411 1413 -edge_20_0_+disjointig_105_0_37299 33782 35192 37299 -1 -1 1384 0.00497754
Chain
	Aln	38	-99bf5045-aebe-4649-910f-db2c11a1203a 1 1405 1413 +edge_20_0_+disjointig_105_0_37299 2106 3516 37299 -1 -1 1384 0.00497754
Chain
	Aln	547	+bf82d9b5-99ef-4f55-8c26-37dc992c78bb 22 2206 2210 -edge_274_0_+disjointig_307_0_4759 24 2212 4759 -1 -1 1895 0.0115709
Chain
	Aln	546	-bf82d9b5-99ef-4f55-8c26-37dc992c78bb 3 2187 2210 +edge_274_0_+disjointig_307_0_4759 2546 4734 4759 -1 -1 1895 0.0115709
Chain
	Aln	307	+f6540a88-b804-470f-8fe1-23cf060aecda 758 7610 7618 -edge_154_0_+disjointig_212_0_10841 19 6889 10841 -1 -1 6482 0.00648658
Chain
	Aln	306	-f6540a88-b804-470f-8fe1-23cf060aecda 7 6859 7618 +edge_154_0_+disjointig_212_0_10841 3951 10821 10841 -1 -1 6482 0.00648658
Chain
	Aln	119	+c1accc32-a4c9-44cf-9630-b9557f48ab96 29 2908 2916 -edge_60_0_+disjointig_131_0_25925 11303 14181 25925 -1 -1 2733 0.00326597
Chain
	Aln	118	-c1accc32-a4c9-44cf-9630-b9557f48ab96 7 2886 2916 +edge_60_0_+disjointig_131_0_25925 11743 14621 25925 -1 -1 2733 0.00326597
Chain
	Aln	657	+dc1f7ef4-63a6-4118-abf3-405459138ec5 16 4083 4093 -edge_329_0_+disjointig_61_0_5124 1051 5114 5124 -1 -1 4049 0.000294745
Chain
	Aln	656	-dc1f7ef4-63a6-4118-abf3-405459138ec5 9 4076 4093 +edge_329_0_+disjointig_61_0_5124 9 4072 5124 -1 -1 4049 0.000294745
Chain
	Aln	688	+2532e2d8-fdec-4a15-9fa1-f5d8ebe0c46a 995 4711 4717 +edge_345_0_+disjointig_81_0_7847 2 3716 7847 -1 -1 3658 0.00123659
Chain
	Aln	689	-2532e2d8-fdec-4a15-9fa1-f5d8ebe0c46a 5 3721 4717 -edge_345_0_+disjointig_81_0_7847 4130 7844 7847 -1 -1 3658 0.00123659
Chain
	Aln	153	+7b773e7f-b208-4efa-bd38-e0caf4b1cfe0 13 8320 8323 -edge_77_0_+disjointig_147_0_20037 12 8322 20037 -1 -1 8112 0.00264594
Chain
	Aln	152	-7b773e7f-b208-4efa-bd38-e0caf4b1cfe0 2 8309 8323 +edge_77_0_+disjointig_147_0_20037 11714 20024 20037 -1 -1 8112 0.00264594
Chain
	Aln	656	+db7abfcf-7b13-4852-9303-33e315dab2fe 26 4075 4077 +edge_329_0_+disjointig_61_0_5124 9 4072 5124 -1 -1 3937 0.00311088
Chain
	Aln	657	-db7abfcf-7b13-4852-9303-33e315dab2fe 1 4050 4077 -edge_329_0_+disjointig_61_0_5124 1051 5114 5124 -1 -1 3937 0.00311088
Chain
	Aln	223	+904849a6-30cb-4d22-a834-c3ab7df1fc7a 3 1922 1925 -edge_112_0_+disjointig_179_0_13636 3984 5904 13636 -1 -1 1918 0.000723384
Chain
	Aln	222	-904849a6-30cb-4d22-a834-c3ab7df1fc7a 2 1921 1925 +edge_112_0_+disjointig_179_0_13636 7731 9651 13636 -1 -1 1918 0.000723384
Chain
	Aln	669	+3049e73b-315f-4077-85cd-f1f2cd686d6e 8 2468 3880 -edge_335_0_+disjointig_69_0_21020 18561 21019 21020 -1 -1 2382 0.00483424
Chain
	Aln	668	-3049e73b-315f-4077-85cd-f1f2cd686d6e 1411 3871 3880 +edge_335_0_+disjointig_69_0_21020 0 2458 21020 -1 -1 2382 0.00483424
Chain
	Aln	389	+80438d06-3825-482f-bdf7-ca8e695a99bd 12 5521 6460 -edge_195_0_+disjointig_246_0_5529 11 5528 5529 -1 -1 4950 0.00850372
Chain
	Aln	388	-80438d06-3825-482f-bdf7-ca8e695a99bd 938 6447 6460 +edge_195_0_+disjointig_246_0_5529 0 5517 5529 -1 -1 4950 0.00850372
Chain
	Aln	287	+c6edeacd-2ac9-440c-813f-8ddc19d349d4 7 4310 4312 -edge_144_0_+disjointig_206_0_18223 4159 8475 18223 -1 -1 4188 0.00291522
Chain
	Aln	286	-c6edeacd-2ac9-440c-813f-8ddc19d349d4 1 4304 4312 +edge_144_0_+disjointig_206_0_18223 9747 14063 18223 -1 -1 4188 0.00291522
Chain
	Aln	619	+0ba4f6bb-b846-4aea-a63f-ba7bef935623 16 9250 12468 -edge_310_0_+disjointig_39_0_32732 23483 32716 32732 -1 -1 9081 0.000774071
Chain
	Aln	618	-0ba4f6bb-b846-4aea-a63f-ba7bef935623 3217 12451 12468 +edge_310_0_+disjointig_39_0_32732 15 9248 32732 -1 -1 9081 0.000774071
Chain
	Aln	744	+db529284-7f02-4f52-96d7-a40555ec392e 7 1779 1783 +edge_373_0_+disjointig_92_0_14318 8712 10483 14318 -1 -1 1738 0.00464652
Chain
	Aln	745	-db529284-7f02-4f52-96d7-a40555ec392e 3 1775 1783 -edge_373_0_+disjointig_92_0_14318 3834 5605 14318 -1 -1 1738 0.00464652
Chain
	Aln	745	+0b0cdd98-80ad-4fe8-9702-14a3cb4306ed 9 1761 1771 -edge_373_0_+disjointig_92_0_14318 3819 5582 14318 -1 -1 1633 0.0103908
Chain
	Aln	744	-0b0cdd98-80ad-4fe8-9702-14a3cb4306ed 9 1761 1771 +edge_373_0_+disjointig_92_0_14318 8735 10498 14318 -1 -1 1633 0.0103908
Chain
	Aln	669	+a8e6690e-07f8-4f52-b3e1-fbde1a07e783 9 8172 8175 -edge_335_0_+disjointig_69_0_21020 8843 17001 21020 -1 -1 8117 0.00143301
Chain
	Aln	668	-a8e6690e-07f8-4f52-b3e1-fbde1a07e783 2 8165 8175 +edge_335_0_+disjointig_69_0_21020 4018 12176 21020 -1 -1 8117 0.00143301
Chain
	Aln	300	+e646fb8d-c7a2-48cb-b966-ce8398c8377a 1 5201 5204 +edge_151_0_+disjointig_21_0_26556 1 5203 26556 -1 -1 5150 0
Chain
	Aln	301	-e646fb8d-c7a2-48cb-b966-ce8398c8377a 2 5202 5204 -edge_151_0_+disjointig_21_0_26556 21352 26554 26556 -1 -1 5150 0
Chain
	Aln	83	+78113c80-3e1d-4fa5-b9ec-a7c82099d2fb 5 5097 5099 -edge_42_0_+disjointig_115_0_26307 21217 26305 26307 -1 -1 5037 0.000743807
Chain
	Aln	82	-78113c80-3e1d-4fa5-b9ec-a7c82099d2fb 1 5093 5099 +edge_42_0_+disjointig_115_0_26307 1 5089 26307 -1 -1 5037 0.000743807
Chain
	Aln	33	+c54fb898-4407-479b-b0eb-09919cd4cee8 7 3064 3066 -edge_17_0_+disjointig_72_5086_10406 1789 4859 5320 -1 -1 3034 0.00104957
Chain
	Aln	32	-c54fb898-4407-479b-b0eb-09919cd4cee8 1 3058 3066 +edge_17_0_+disjointig_72_5086_10406 460 3530 5320 -1 -1 3034 0.00104957
Chain
	Aln	16	+df5d94bc-542e-4fca-81e1-04e0149378e5 9 1411 1519 +edge_9_2_+disjointig_7_2707_4165 46 1449 1458 -1 -1 1390 0.00151754
Chain
	Aln	17	-df5d94bc-542e-4fca-81e1-04e0149378e5 107 1509 1519 -edge_9_2_+disjointig_7_2707_4165 8 1411 1458 -1 -1 1390 0.00151754
Chain
	Aln	679	+9e6f78c1-7e53-4371-9412-889176a92c0b 4 3252 3262 -edge_340_0_+disjointig_75_0_6794 1947 5199 6794 -1 -1 3226 0.000688061
Chain
	Aln	678	-9e6f78c1-7e53-4371-9412-889176a92c0b 9 3257 3262 +edge_340_0_+disjointig_75_0_6794 1594 4846 6794 -1 -1 3226 0.000688061
Chain
	Aln	550	+ec56a68a-3df6-4b4a-ac37-2c1e5547ac22 5 4368 4377 +edge_276_0_+disjointig_31_0_9855 5263 9727 9855 -1 -1 4198 0.0033402
Chain
	Aln	551	-ec56a68a-3df6-4b4a-ac37-2c1e5547ac22 8 4371 4377 -edge_276_0_+disjointig_31_0_9855 127 4591 9855 -1 -1 4198 0.0033402
Chain
	Aln	151	+3e2f5df1-ca28-4a8c-b905-058bfe0c8491 7 3874 3877 -edge_76_0_+disjointig_146_0_22270 4828 8698 22270 -1 -1 3862 0
Chain
	Aln	150	-3e2f5df1-ca28-4a8c-b905-058bfe0c8491 2 3869 3877 +edge_76_0_+disjointig_146_0_22270 13571 17441 22270 -1 -1 3862 0
Chain
	Aln	761	+aed914c5-8a63-4d75-91b7-4da874d93d30 12 1095 1101 -edge_381_0_-disjointig_45_0_30722 26634 27718 30722 -1 -1 1068 0.00232499
Chain
	Aln	760	-aed914c5-8a63-4d75-91b7-4da874d93d30 5 1088 1101 +edge_381_0_-disjointig_45_0_30722 3003 4087 30722 -1 -1 1068 0.00232499
Chain
	Aln	677	+19241b88-282a-426c-8d90-62b0a3cbf69d 93 2996 3000 -edge_339_0_+disjointig_74_0_6552 612 3523 6552 -1 -1 2852 0.00356004
Chain
	Aln	676	-19241b88-282a-426c-8d90-62b0a3cbf69d 3 2906 3000 +edge_339_0_+disjointig_74_0_6552 3028 5939 6552 -1 -1 2852 0.00356004
Chain
	Aln	347	+b18240b8-d2fb-4e5e-a49c-c161fe22fcbe 6 1838 1840 -edge_174_0_+disjointig_227_0_6081 3773 5608 6081 -1 -1 1812 0.00324034
Chain
	Aln	346	-b18240b8-d2fb-4e5e-a49c-c161fe22fcbe 1 1833 1840 +edge_174_0_+disjointig_227_0_6081 472 2307 6081 -1 -1 1812 0.00324034
Chain
	Aln	196	+7517d0e1-4026-4143-b65e-ff8a01bccde1 11 2781 2789 +edge_99_0_+disjointig_167_0_8875 3716 6488 8875 -1 -1 2718 0.00260681
Chain
	Aln	197	-7517d0e1-4026-4143-b65e-ff8a01bccde1 7 2777 2789 -edge_99_0_+disjointig_167_0_8875 2386 5158 8875 -1 -1 2718 0.00260681
Chain
	Aln	459	+59fbdc7d-1968-49db-a5f7-dcfe7689587b 554 6044 6051 -edge_230_0_+disjointig_276_0_6059 14 5503 6059 -1 -1 5474 0.00112091
Chain
	Aln	458	-59fbdc7d-1968-49db-a5f7-dcfe7689587b 6 5496 6051 +edge_230_0_+disjointig_276_0_6059 555 6044 6059 -1 -1 5474 0.00112091
Chain
	Aln	725	+0695d4b8-f296-4b28-916a-302c0052a267 385 12198 12204 -edge_363_0_-disjointig_118_8955_29374 7 11815 20419 -1 -1 11245 0.00488301
Chain
	Aln	724	-0695d4b8-f296-4b28-916a-302c0052a267 5 11818 12204 +edge_363_0_-disjointig_118_8955_29374 8603 20411 20419 -1 -1 11245 0.00488301
Chain
	Aln	230	+7075ba94-9624-40fc-ac4b-865411e0b4dd 12 1821 1826 +edge_116_0_+disjointig_182_0_13686 10837 12652 13686 -1 -1 1747 0.00259569
Chain
	Aln	231	-7075ba94-9624-40fc-ac4b-865411e0b4dd 4 1813 1826 -edge_116_0_+disjointig_182_0_13686 1033 2848 13686 -1 -1 1747 0.00259569
Chain
	Aln	290	+ad468cd6-2fc2-4b89-8b43-5a75ae1e3eb1 11 1108 1117 +edge_146_0_+disjointig_208_0_19308 5795 6894 19308 -1 -1 1056 0.00220702
Chain
	Aln	291	-ad468cd6-2fc2-4b89-8b43-5a75ae1e3eb1 8 1105 1117 -edge_146_0_+disjointig_208_0_19308 12413 13512 19308 -1 -1 1056 0.00220702
Chain
	Aln	13	+42fce1bc-59c1-45e9-8ec4-bef8725be60e 6 1012 1014 -edge_7_0_+disjointig_102_0_4943 2966 3973 4943 -1 -1 986 0.000860751
Chain
	Aln	12	-42fce1bc-59c1-45e9-8ec4-bef8725be60e 1 1007 1014 +edge_7_0_+disjointig_102_0_4943 969 1976 4943 -1 -1 986 0.000860751
Chain
	Aln	39	+37ce5e6f-5116-4c7a-b43a-c2a7afa0f7d5 1 1201 1205 -edge_20_0_+disjointig_105_0_37299 18214 19415 37299 -1 -1 1171 0.00681825
Chain
	Aln	38	-37ce5e6f-5116-4c7a-b43a-c2a7afa0f7d5 3 1203 1205 +edge_20_0_+disjointig_105_0_37299 17883 19084 37299 -1 -1 1171 0.00681825
Chain
	Aln	647	+206570c2-6621-4eae-aa5d-d08b311f888b 9 4607 4623 -edge_324_0_+disjointig_55_0_20283 6337 10937 20283 -1 -1 4485 0.00336306
Chain
	Aln	646	-206570c2-6621-4eae-aa5d-d08b311f888b 15 4613 4623 +edge_324_0_+disjointig_55_0_20283 9345 13945 20283 -1 -1 4485 0.00336306
Chain
	Aln	39	+508fcc2e-1f65-4af6-b9e3-1ee1f0fcdf42 7 5522 5528 -edge_20_0_+disjointig_105_0_37299 18134 23654 37299 -1 -1 5456 0.000782895
Chain
	Aln	38	-508fcc2e-1f65-4af6-b9e3-1ee1f0fcdf42 5 5520 5528 +edge_20_0_+disjointig_105_0_37299 13644 19164 37299 -1 -1 5456 0.000782895
Chain
	Aln	685	+8d74a141-6c1e-4b57-b10d-48f71581d806 3 4567 4570 -edge_343_0_+disjointig_79_0_7287 2713 7284 7287 -1 -1 4501 0.00195514
Chain
	Aln	684	-8d74a141-6c1e-4b57-b10d-48f71581d806 2 4566 4570 +edge_343_0_+disjointig_79_0_7287 2 4573 7287 -1 -1 4501 0.00195514
Chain
	Aln	38	+1fbf0293-a780-4ba4-9439-79611b8a4a48 5 5522 5528 +edge_20_0_+disjointig_105_0_37299 13625 19146 37299 -1 -1 5436 0.00133185
Chain
	Aln	39	-1fbf0293-a780-4ba4-9439-79611b8a4a48 5 5522 5528 -edge_20_0_+disjointig_105_0_37299 18152 23673 37299 -1 -1 5436 0.00133185
Chain
	Aln	511	+294f3f8a-2995-43bc-9170-c61d051b1b0b 3 1536 1544 -edge_256_0_+disjointig_291_0_5255 2041 3574 5255 -1 -1 1485 0.00260849
Chain
	Aln	510	-294f3f8a-2995-43bc-9170-c61d051b1b0b 7 1540 1544 +edge_256_0_+disjointig_291_0_5255 1680 3213 5255 -1 -1 1485 0.00260849
Chain
	Aln	592	+77fdcf23-e96c-40f4-85f6-095c7ea1181f 6 3228 3743 +edge_297_0_+disjointig_324_0_12963 9741 12959 12963 -1 -1 3100 0.00475886
Chain
	Aln	593	-77fdcf23-e96c-40f4-85f6-095c7ea1181f 514 3736 3743 -edge_297_0_+disjointig_324_0_12963 3 3221 12963 -1 -1 3100 0.00475886
Chain
	Aln	218	+41ab23c0-b2ec-4330-b6e7-ea2e5a768635 23 9176 9184 +edge_110_0_+disjointig_176_0_18510 9365 18503 18510 -1 -1 8611 0.00507402
Chain
	Aln	219	-41ab23c0-b2ec-4330-b6e7-ea2e5a768635 7 9160 9184 -edge_110_0_+disjointig_176_0_18510 6 9144 18510 -1 -1 8611 0.00507402
Chain
	Aln	765	+bd1b2c46-22df-4c2c-a8e3-b32664758463 3 2186 5672 -edge_383_0_+disjointig_37_1412_10185 6586 8772 8773 -1 -1 2146 0.00203837
	Aln	765	+bd1b2c46-22df-4c2c-a8e3-b32664758463 2194 4886 5672 -edge_383_0_+disjointig_37_1412_10185 7 2699 8773 -1 -1 2671 0.000154957
Chain
	Aln	764	-bd1b2c46-22df-4c2c-a8e3-b32664758463 785 3477 5672 +edge_383_0_+disjointig_37_1412_10185 6073 8765 8773 -1 -1 2671 0.000154957
	Aln	764	-bd1b2c46-22df-4c2c-a8e3-b32664758463 3485 5668 5672 +edge_383_0_+disjointig_37_1412_10185 0 2186 8773 -1 -1 2146 0.00203837
Chain
	Aln	535	+eade780a-2e07-4f5f-aeb5-1b9d0cc591ba 4 4379 13124 -edge_268_0_+disjointig_30_13453_22851 5021 9397 9398 -1 -1 4199 0.00356964
	Aln	533	+eade780a-2e07-4f5f-aeb5-1b9d0cc591ba 4385 7596 13124 -edge_267_0_+disjointig_30_10233_13453 5 3219 3220 -1 -1 3150 0.0026803
	Aln	531	+eade780a-2e07-4f5f-aeb5-1b9d0cc591ba 7609 9126 13124 -edge_266_0_+disjointig_30_8705_10233 12 1527 1528 -1 -1 1479 0.00401604
	Aln	757	+eade780a-2e07-4f5f-aeb5-1b9d0cc591ba 9139 12046 13124 -edge_379_0_+disjointig_30_0_8705 12 2916 8705 -1 -1 2839 0.00196029
Chain
	Aln	756	-eade780a-2e07-4f5f-aeb5-1b9d0cc591ba 1077 3984 13124 +edge_379_0_+disjointig_30_0_8705 5788 8692 8705 -1 -1 2839 0.00196029
	Aln	530	-eade780a-2e07-4f5f-aeb5-1b9d0cc591ba 3997 5514 13124 +edge_266_0_+disjointig_30_8705_10233 0 1515 1528 -1 -1 1479 0.00401604
	Aln	532	-eade780a-2e07-4f5f-aeb5-1b9d0cc591ba 5527 8738 13124 +edge_267_0_+disjointig_30_10233_13453 0 3214 3220 -1 -1 3150 0.0026803
	Aln	534	-eade780a-2e07-4f5f-aeb5-1b9d0cc591ba 8744 13119 13124 +edge_268_0_+disjointig_30_13453_22851 0 4376 9398 -1 -1 4199 0.00356964
Chain
	Aln	7	+704bfa54-eaa8-4032-bae5-d5f6db622a47 8 2227 2232 -edge_4_0_+disjointig_10_0_20168 2291 4510 20168 -1 -1 2219 0.000807904
Chain
	Aln	6	-704bfa54-eaa8-4032-bae5-d5f6db622a47 4 2223 2232 +edge_4_0_+disjointig_10_0_20168 15657 17876 20168 -1 -1 2219 0.000807904
Chain
	Aln	697	+b99fe645-1556-42a4-80c8-795987f77dbe 15 2971 2985 -edge_349_0_+disjointig_85_0_17144 13015 15972 17144 -1 -1 2933 0.00365959
Chain
	Aln	696	-b99fe645-1556-42a4-80c8-795987f77dbe 13 2969 2985 +edge_349_0_+disjointig_85_0_17144 1171 4128 17144 -1 -1 2933 0.00365959
Chain
	Aln	696	+23841f9e-884c-42fe-9638-f5909e101e75 14 2976 2987 +edge_349_0_+disjointig_85_0_17144 1151 4111 17144 -1 -1 2926 0.00446345
Chain
	Aln	697	-23841f9e-884c-42fe-9638-f5909e101e75 10 2972 2987 -edge_349_0_+disjointig_85_0_17144 13032 15992 17144 -1 -1 2926 0.00446345
Chain
	Aln	730	+b3c07ca8-7a78-42c0-811c-ce0f9bac9902 6 1048 1225 +edge_366_0_+disjointig_301_4650_16421 10725 11767 11771 -1 -1 1038 0.00222055
Chain
	Aln	731	-b3c07ca8-7a78-42c0-811c-ce0f9bac9902 176 1218 1225 -edge_366_0_+disjointig_301_4650_16421 3 1045 11771 -1 -1 1038 0.00222055
Chain
	Aln	599	+7aa68ce4-0f60-40d7-831c-fbb17f5148c5 16 6429 6440 -edge_300_0_+disjointig_327_0_17944 3844 10258 17944 -1 -1 4976 0.019369
Chain
	Aln	598	-7aa68ce4-0f60-40d7-831c-fbb17f5148c5 10 6423 6440 +edge_300_0_+disjointig_327_0_17944 7685 14099 17944 -1 -1 4976 0.019369
Chain
	Aln	236	+2dc445bb-747f-4782-8d9d-3f37ef1835de 0 1516 1527 +edge_119_0_+disjointig_185_0_14469 3590 5106 14469 -1 -1 1509 0.0015119
Chain
	Aln	237	-2dc445bb-747f-4782-8d9d-3f37ef1835de 10 1526 1527 -edge_119_0_+disjointig_185_0_14469 9362 10878 14469 -1 -1 1509 0.0015119
Chain
	Aln	751	+bb6a665b-605f-456d-9a23-0797a9fd4bb1 666 2540 2566 -edge_376_0_+disjointig_262_2656_4545 13 1888 1889 -1 -1 1869 0
Chain
	Aln	750	-bb6a665b-605f-456d-9a23-0797a9fd4bb1 25 1899 2566 +edge_376_0_+disjointig_262_2656_4545 0 1875 1889 -1 -1 1869 0
Chain
	Aln	70	+938fb463-84d8-442d-aa1b-0713c075dd4f 11 1607 1611 +edge_36_0_+disjointig_14_15170_31787 3750 5341 16617 -1 -1 1457 0.0122664
Chain
	Aln	71	-938fb463-84d8-442d-aa1b-0713c075dd4f 3 1599 1611 -edge_36_0_+disjointig_14_15170_31787 11275 12866 16617 -1 -1 1457 0.0122664
Chain
	Aln	374	+a9c9392a-f632-4761-be69-8d97c560c0fe 14 1634 1637 +edge_188_0_+disjointig_24_0_14501 1228 2846 14501 -1 -1 1605 0.00118116
Chain
	Aln	375	-a9c9392a-f632-4761-be69-8d97c560c0fe 2 1622 1637 -edge_188_0_+disjointig_24_0_14501 11654 13272 14501 -1 -1 1605 0.00118116
Chain
	Aln	729	+f60b4cf6-de62-4609-94c6-64875931dc58 133 3102 3115 -edge_365_0_-disjointig_14_17885_30078 7143 10112 12193 -1 -1 2171 0.0304352
Chain
	Aln	728	-f60b4cf6-de62-4609-94c6-64875931dc58 12 2981 3115 +edge_365_0_-disjointig_14_17885_30078 2080 5049 12193 -1 -1 2171 0.0304352
Chain
	Aln	651	+f34e921b-5697-48a3-8256-62d2de27faf9 37 2207 2209 -edge_326_0_+disjointig_58_0_35073 5172 7338 35073 -1 -1 2125 0.00114728
Chain
	Aln	650	-f34e921b-5697-48a3-8256-62d2de27faf9 1 2171 2209 +edge_326_0_+disjointig_58_0_35073 27734 29900 35073 -1 -1 2125 0.00114728
Chain
	Aln	606	+fe1e8a4d-d844-4880-b77c-4c9980bea9bb 6 1368 1375 +edge_304_0_+disjointig_34_0_21728 19866 21232 21728 -1 -1 1352 0
Chain
	Aln	607	-fe1e8a4d-d844-4880-b77c-4c9980bea9bb 6 1368 1375 -edge_304_0_+disjointig_34_0_21728 495 1861 21728 -1 -1 1352 0
Chain
	Aln	619	+c1590313-beee-4faa-9b54-77c147184f10 11 2445 2450 -edge_310_0_+disjointig_39_0_32732 20128 22559 32732 -1 -1 2423 0.000332382
Chain
	Aln	618	-c1590313-beee-4faa-9b54-77c147184f10 4 2438 2450 +edge_310_0_+disjointig_39_0_32732 10172 12603 32732 -1 -1 2423 0.000332382
Chain
	Aln	618	+b096be96-4575-42c0-9a56-246241e427f2 12 1554 1559 +edge_310_0_+disjointig_39_0_32732 3910 5451 32732 -1 -1 1310 0.0094955
Chain
	Aln	619	-b096be96-4575-42c0-9a56-246241e427f2 4 1546 1559 -edge_310_0_+disjointig_39_0_32732 27280 28821 32732 -1 -1 1310 0.0094955
Chain
	Aln	650	+4cb5b643-a527-4266-bc15-fb25a69b733f 9 5254 5257 +edge_326_0_+disjointig_58_0_35073 875 6120 35073 -1 -1 5112 0.00478718
Chain
	Aln	651	-4cb5b643-a527-4266-bc15-fb25a69b733f 2 5247 5257 -edge_326_0_+disjointig_58_0_35073 28952 34197 35073 -1 -1 5112 0.00478718
Chain
	Aln	32	+cb71e5ef-f335-4dd2-8824-e8ac14da349c 10 2217 2219 +edge_17_0_+disjointig_72_5086_10406 2282 4490 5320 -1 -1 2197 0.00186446
Chain
	Aln	33	-cb71e5ef-f335-4dd2-8824-e8ac14da349c 1 2208 2219 -edge_17_0_+disjointig_72_5086_10406 829 3037 5320 -1 -1 2197 0.00186446
Chain
	Aln	645	+ecff1b67-c0e9-4327-af5f-649173bf74e2 12 6151 6157 -edge_323_0_+disjointig_54_0_13403 11 6136 13403 -1 -1 5766 0.00592493
Chain
	Aln	644	-ecff1b67-c0e9-4327-af5f-649173bf74e2 5 6144 6157 +edge_323_0_+disjointig_54_0_13403 7266 13391 13403 -1 -1 5766 0.00592493
Chain
	Aln	216	+56f2b83e-c120-40bb-8796-a241e0212c71 5771 11358 11374 +edge_109_0_+disjointig_175_0_5602 1 5589 5602 -1 -1 5535 0.00126543
Chain
	Aln	217	-56f2b83e-c120-40bb-8796-a241e0212c71 15 5602 11374 -edge_109_0_+disjointig_175_0_5602 12 5600 5602 -1 -1 5535 0.00126543
Chain
	Aln	118	+94e57304-5fc9-4bf5-8eb8-6bc544933eb6 11 2048 2050 +edge_60_0_+disjointig_131_0_25925 15040 17079 25925 -1 -1 2003 0.00274149
Chain
	Aln	119	-94e57304-5fc9-4bf5-8eb8-6bc544933eb6 1 2038 2050 -edge_60_0_+disjointig_131_0_25925 8845 10884 25925 -1 -1 2003 0.00274149
Chain
	Aln	439	+046cc596-e27d-4bcc-9211-d6f5945e21a6 13 8791 8793 -edge_220_0_+disjointig_267_0_20749 12 8802 20749 -1 -1 8721 0.00124393
Chain
	Aln	438	-046cc596-e27d-4bcc-9211-d6f5945e21a6 1 8779 8793 +edge_220_0_+disjointig_267_0_20749 11946 20736 20749 -1 -1 8721 0.00124393
Chain
	Aln	479	+dacd4047-9fb6-4a36-8af4-c99f9bfca754 46 1432 1438 -edge_240_0_-disjointig_57_7953_51690 4433 5821 43737 -1 -1 1346 0.00330631
Chain
	Aln	478	-dacd4047-9fb6-4a36-8af4-c99f9bfca754 5 1391 1438 +edge_240_0_-disjointig_57_7953_51690 37915 39303 43737 -1 -1 1346 0.00330631
Chain
	Aln	545	+41edc5e7-7782-4278-bb37-1aba254fef0b 28 2358 2368 -edge_273_0_+disjointig_305_0_2359 27 2349 2359 -1 -1 2206 0.00517985
Chain
	Aln	544	-41edc5e7-7782-4278-bb37-1aba254fef0b 9 2339 2368 +edge_273_0_+disjointig_305_0_2359 9 2331 2359 -1 -1 2206 0.00517985
Chain
	Aln	42	+fa7168de-876b-43b5-8efd-ffbf1c0e9bbe 13 1235 1237 +edge_22_0_+disjointig_107_0_25761 5900 7118 25761 -1 -1 1204 0.00289675
Chain
	Aln	43	-fa7168de-876b-43b5-8efd-ffbf1c0e9bbe 1 1223 1237 -edge_22_0_+disjointig_107_0_25761 18642 19860 25761 -1 -1 1204 0.00289675
Chain
	Aln	97	+5c7dab5d-da7d-45af-bb90-927c064e87e7 20 3296 3302 -edge_49_0_+disjointig_120_0_5718 20 3293 5718 -1 -1 3184 0.00338331
Chain
	Aln	96	-5c7dab5d-da7d-45af-bb90-927c064e87e7 5 3281 3302 +edge_49_0_+disjointig_120_0_5718 2424 5697 5718 -1 -1 3184 0.00338331
Chain
	Aln	419	+e1690875-5055-43ba-bf46-c2758fcdcc4b 33 1738 1740 -edge_210_0_+disjointig_26_0_12157 1986 3688 12157 -1 -1 1657 0.00418933
Chain
	Aln	418	-e1690875-5055-43ba-bf46-c2758fcdcc4b 1 1706 1740 +edge_210_0_+disjointig_26_0_12157 8468 10170 12157 -1 -1 1657 0.00418933
Chain
	Aln	40	+30aad65c-b657-44be-a6fa-3babe6c9e0d2 10 1329 1332 +edge_21_0_+disjointig_106_0_7444 2254 3573 7444 -1 -1 1312 0.00130393
Chain
	Aln	41	-30aad65c-b657-44be-a6fa-3babe6c9e0d2 2 1321 1332 -edge_21_0_+disjointig_106_0_7444 3870 5189 7444 -1 -1 1312 0.00130393
Chain
	Aln	47	+90a3ad33-b20b-415e-9cf5-1e0759d948e7 50 3617 3848 -edge_24_0_+disjointig_109_0_11803 8210 11802 11803 -1 -1 3395 0.00553699
Chain
	Aln	46	-90a3ad33-b20b-415e-9cf5-1e0759d948e7 230 3797 3848 +edge_24_0_+disjointig_109_0_11803 0 3592 11803 -1 -1 3395 0.00553699
Chain
	Aln	247	+4cee9df6-b475-40da-af07-23ef690e5005 10 4548 5682 -edge_124_0_+disjointig_19_0_15579 7293 11833 15579 -1 -1 4503 0.000596039
Chain
	Aln	246	-4cee9df6-b475-40da-af07-23ef690e5005 1133 5671 5682 +edge_124_0_+disjointig_19_0_15579 3745 8285 15579 -1 -1 4503 0.000596039
Chain
	Aln	131	+da11bccd-8f75-4964-8079-da211caf8e66 7 2507 4590 -edge_66_0_+disjointig_138_0_38214 30142 32644 38214 -1 -1 2481 0.00526035
Chain
	Aln	130	-da11bccd-8f75-4964-8079-da211caf8e66 2082 4582 4590 +edge_66_0_+disjointig_138_0_38214 5569 8071 38214 -1 -1 2481 0.00526035
Chain
	Aln	273	+0f4a4968-5d6f-4756-8a10-7fa599c1781f 18 2615 3184 -edge_137_0_+disjointig_2_0_8356 3302 5911 8356 -1 -1 2529 0.00309166
Chain
	Aln	272	-0f4a4968-5d6f-4756-8a10-7fa599c1781f 568 3165 3184 +edge_137_0_+disjointig_2_0_8356 2444 5053 8356 -1 -1 2529 0.00309166
Chain
	Aln	303	+9fbc9735-8af2-40f6-8fc5-94ebbbb8fe48 980 4862 4864 -edge_152_0_+disjointig_210_0_3898 14 3897 3898 -1 -1 3596 0.0102883
Chain
	Aln	302	-9fbc9735-8af2-40f6-8fc5-94ebbbb8fe48 1 3883 4864 +edge_152_0_+disjointig_210_0_3898 0 3883 3898 -1 -1 3596 0.0102883
Chain
	Aln	241	+db7bc0be-e553-44d8-b037-b198228c7435 23 4733 5545 -edge_121_0_+disjointig_187_0_18602 762 5484 18602 -1 -1 4312 0.00972332
Chain
	Aln	240	-db7bc0be-e553-44d8-b037-b198228c7435 811 5521 5545 +edge_121_0_+disjointig_187_0_18602 13117 17839 18602 -1 -1 4312 0.00972332
Chain
	Aln	675	+b5030bf9-5417-4288-a651-47038aaa101e 8 4009 4965 -edge_338_0_+disjointig_73_0_7795 623 4626 7795 -1 -1 3991 8.74416e-05
Chain
	Aln	674	-b5030bf9-5417-4288-a651-47038aaa101e 955 4956 4965 +edge_338_0_+disjointig_73_0_7795 3168 7171 7795 -1 -1 3991 8.74416e-05
Chain
	Aln	654	+60e8d902-a9a8-4528-85fa-f2f98923e23d 10 2599 3586 +edge_328_0_+disjointig_60_0_13874 31 2642 13874 -1 -1 2467 0.00540716
Chain
	Aln	655	-60e8d902-a9a8-4528-85fa-f2f98923e23d 986 3575 3586 -edge_328_0_+disjointig_60_0_13874 11231 13842 13874 -1 -1 2467 0.00540716
Chain
	Aln	37	+868933fd-7b9b-4471-a627-ae48cebe324e 8 2396 3357 -edge_19_0_+disjointig_104_0_20017 16637 19024 20017 -1 -1 2327 0.00351783
Chain
	Aln	36	-868933fd-7b9b-4471-a627-ae48cebe324e 960 3348 3357 +edge_19_0_+disjointig_104_0_20017 992 3379 20017 -1 -1 2327 0.00351783
Chain
	Aln	723	+37ea7ee6-e6da-435e-a189-a6ad855c4848 10 18368 25695 -edge_362_0_-disjointig_20_7328_27800 2121 20471 20472 -1 -1 18160 0.00148192
	Aln	17	+37ea7ee6-e6da-435e-a189-a6ad855c4848 18369 19817 25695 -edge_9_2_+disjointig_7_2707_4165 9 1457 1458 -1 -1 1448 0
Chain
	Aln	16	-37ea7ee6-e6da-435e-a189-a6ad855c4848 5877 7325 25695 +edge_9_2_+disjointig_7_2707_4165 0 1448 1458 -1 -1 1448 0
	Aln	722	-37ea7ee6-e6da-435e-a189-a6ad855c4848 7326 25684 25695 +edge_362_0_-disjointig_20_7328_27800 0 18350 20472 -1 -1 18160 0.00148192
Chain
	Aln	753	+c7fc547d-3399-4168-b608-ce9ddcfa8259 773 5608 11294 -edge_377_4_+disjointig_49_2346_7193 14 4846 4847 -1 -1 4712 0.00309781
Chain
	Aln	752	-c7fc547d-3399-4168-b608-ce9ddcfa8259 5685 10520 11294 +edge_377_4_+disjointig_49_2346_7193 0 4832 4847 -1 -1 4712 0.00309781
Chain
	Aln	753	+451a1639-3fc4-4440-a884-61e668c395eb 1587 2202 2205 -edge_377_1_+disjointig_28_33393_38243 14 632 4850 -1 -1 614 0.00497754
Chain
	Aln	752	-451a1639-3fc4-4440-a884-61e668c395eb 2 617 2205 +edge_377_1_+disjointig_28_33393_38243 4217 4835 4850 -1 -1 614 0.00497754
Chain
	Aln	56	+eb06a5df-f320-456c-8d44-b0cec952b5d2 2506 3761 6422 +edge_29_3_+disjointig_177_2493_3758 5 1258 1265 -1 -1 1211 0.00587491
Chain
	Aln	57	-eb06a5df-f320-456c-8d44-b0cec952b5d2 2660 3915 6422 -edge_29_3_+disjointig_177_2493_3758 6 1259 1265 -1 -1 1211 0.00587491
Chain
	Aln	57	+653d7a17-ddf5-4837-b379-8ac70b6e5ed8 302 1569 9678 -edge_29_4_-disjointig_301_11785_13061 11 1275 1276 -1 -1 1236 0.00364632
Chain
	Aln	56	-653d7a17-ddf5-4837-b379-8ac70b6e5ed8 8108 9375 9678 +edge_29_4_-disjointig_301_11785_13061 0 1264 1276 -1 -1 1236 0.00364632
Chain
	Aln	258	+e1f51732-0ec2-483b-a7aa-4e087462477f 1031 2208 7184 +edge_130_1_+disjointig_199_1029_2235 2 1179 1206 -1 -1 1177 0
Chain
	Aln	259	-e1f51732-0ec2-483b-a7aa-4e087462477f 4975 6152 7184 -edge_130_1_+disjointig_199_1029_2235 26 1203 1206 -1 -1 1177 0
Chain
	Aln	259	+bb1b4fc4-da13-4dd3-aba6-1489bcf74ef0 7813 9006 12444 -edge_130_0_+disjointig_195_9643_10845 8 1201 1202 -1 -1 1193 0
	Aln	257	+bb1b4fc4-da13-4dd3-aba6-1489bcf74ef0 9013 12441 12444 -edge_129_0_+disjointig_195_0_9643 6 3435 9643 -1 -1 3415 0.000853985
Chain
	Aln	256	-bb1b4fc4-da13-4dd3-aba6-1489bcf74ef0 2 3430 12444 +edge_129_0_+disjointig_195_0_9643 6207 9636 9643 -1 -1 3415 0.000853985
	Aln	258	-bb1b4fc4-da13-4dd3-aba6-1489bcf74ef0 3437 4630 12444 +edge_130_0_+disjointig_195_9643_10845 0 1193 1202 -1 -1 1193 0
Chain
	Aln	57	+2d45ffbb-fdc1-4eb1-8b92-5ff6f060dd88 18 717 1593 -edge_29_0_+disjointig_112_2949_4217 567 1267 1268 -1 -1 692 0.00283226
Chain
	Aln	56	-2d45ffbb-fdc1-4eb1-8b92-5ff6f060dd88 875 1574 1593 +edge_29_0_+disjointig_112_2949_4217 0 700 1268 -1 -1 692 0.00283226
Chain
	Aln	318	+8a57c719-d890-4214-a99b-c78ed1ba8521 34 1987 7995 +edge_160_1_-disjointig_235_1539_4208 718 2666 2669 -1 -1 1928 0.00488725
Chain
	Aln	319	-8a57c719-d890-4214-a99b-c78ed1ba8521 6007 7960 7995 -edge_160_1_-disjointig_235_1539_4208 2 1950 2669 -1 -1 1928 0.00488725
Chain
	Aln	318	+fce09a64-28b5-4428-8216-6fd391581b06 1559 3916 3923 +edge_160_1_-disjointig_235_1539_4208 20 2374 2669 -1 -1 2259 0.00420892
Chain
	Aln	319	-fce09a64-28b5-4428-8216-6fd391581b06 6 2363 3923 -edge_160_1_-disjointig_235_1539_4208 294 2648 2669 -1 -1 2259 0.00420892
Chain
	Aln	742	+552777b1-88d2-4c34-8a98-698e1fb72746 17 1529 4586 +edge_372_0_+disjointig_48_0_14826 13304 14817 14826 -1 -1 1070 0.0302848
Chain
	Aln	743	-552777b1-88d2-4c34-8a98-698e1fb72746 3056 4568 4586 -edge_372_0_+disjointig_48_0_14826 8 1521 14826 -1 -1 1070 0.0302848
Chain
	Aln	743	+9b2794ae-b8bc-4486-827b-75158654694c 3055 4460 4546 -edge_372_0_+disjointig_48_0_14826 17 1436 14826 -1 -1 988 0.0290777
Chain
	Aln	742	-9b2794ae-b8bc-4486-827b-75158654694c 85 1490 4546 +edge_372_0_+disjointig_48_0_14826 13389 14808 14826 -1 -1 988 0.0290777
Chain
	Aln	17	+3bb4a506-ea0d-4e7c-8d4d-bd83a30e2052 2055 3392 3398 -edge_9_2_+disjointig_7_2707_4165 9 1348 1458 -1 -1 1329 0.000945502
Chain
	Aln	16	-3bb4a506-ea0d-4e7c-8d4d-bd83a30e2052 5 1342 3398 +edge_9_2_+disjointig_7_2707_4165 109 1448 1458 -1 -1 1329 0.000945502
Chain
	Aln	259	+27d286dd-900e-4568-86c4-dd616b26c13d 511 1706 2799 -edge_130_1_+disjointig_199_1029_2235 10 1205 1206 -1 -1 1195 0
Chain
	Aln	258	-27d286dd-900e-4568-86c4-dd616b26c13d 1092 2287 2799 +edge_130_1_+disjointig_199_1029_2235 0 1195 1206 -1 -1 1195 0
Chain
	Aln	259	+d0f1cc4f-f6d6-470f-bb5b-0494d592457b 3564 4758 6603 -edge_130_0_+disjointig_195_9643_10845 8 1201 1202 -1 -1 1063 0.0105545
	Aln	257	+d0f1cc4f-f6d6-470f-bb5b-0494d592457b 4766 6599 6603 -edge_129_0_+disjointig_195_0_9643 7 1846 9643 -1 -1 1602 0.0176734
Chain
	Aln	256	-d0f1cc4f-f6d6-470f-bb5b-0494d592457b 3 1836 6603 +edge_129_0_+disjointig_195_0_9643 7796 9635 9643 -1 -1 1602 0.0176734
	Aln	258	-d0f1cc4f-f6d6-470f-bb5b-0494d592457b 1844 3038 6603 +edge_130_0_+disjointig_195_9643_10845 0 1193 1202 -1 -1 1063 0.0105545
Chain
	Aln	743	+c0c13abe-04d4-4362-8a7d-3f0e8cc41999 828 2239 2242 -edge_372_0_+disjointig_48_0_14826 17 1427 14826 -1 -1 1066 0.0240655
Chain
	Aln	742	-c0c13abe-04d4-4362-8a7d-3f0e8cc41999 2 1413 2242 +edge_372_0_+disjointig_48_0_14826 13398 14808 14826 -1 -1 1066 0.0240655
Chain
	Aln	256	+8db9e7f3-5023-42b4-b120-8517c24f077a 1 9025 11077 +edge_129_0_+disjointig_195_0_9643 619 9636 9643 -1 -1 8914 0.00152192
	Aln	258	+8db9e7f3-5023-42b4-b120-8517c24f077a 9035 10231 11077 +edge_130_0_+disjointig_195_9643_10845 3 1198 1202 -1 -1 1188 0
Chain
	Aln	259	-8db9e7f3-5023-42b4-b120-8517c24f077a 845 2041 11077 -edge_130_0_+disjointig_195_9643_10845 3 1198 1202 -1 -1 1188 0
	Aln	257	-8db9e7f3-5023-42b4-b120-8517c24f077a 2051 11075 11077 -edge_129_0_+disjointig_195_0_9643 6 9023 9643 -1 -1 8914 0.00152192
Chain
	Aln	57	+c2c19833-bf36-4086-8cb1-b994b0eece99 13129 14382 16838 -edge_29_3_+disjointig_177_2493_3758 11 1264 1265 -1 -1 1167 0.00664404
Chain
	Aln	56	-c2c19833-bf36-4086-8cb1-b994b0eece99 2455 3708 16838 +edge_29_3_+disjointig_177_2493_3758 0 1253 1265 -1 -1 1167 0.00664404
Chain
	Aln	472	+b2b24f03-a22a-4253-af7d-a47aeeebc699 2222 2890 5658 +edge_237_1_+disjointig_41_4258_4942 0 670 684 -1 -1 661 0
	Aln	753	+b2b24f03-a22a-4253-af7d-a47aeeebc699 2919 5651 5658 -edge_377_0_+disjointig_28_27669_32566 14 2745 4897 -1 -1 2699 0.0017518
Chain
	Aln	752	-b2b24f03-a22a-4253-af7d-a47aeeebc699 6 2738 5658 +edge_377_0_+disjointig_28_27669_32566 2151 4882 4897 -1 -1 2699 0.0017518
	Aln	473	-b2b24f03-a22a-4253-af7d-a47aeeebc699 2767 3435 5658 -edge_237_1_+disjointig_41_4258_4942 13 683 684 -1 -1 661 0
Chain
	Aln	17	+c416ecf7-a96e-4161-a22e-2df8bcfe3ea1 10467 11875 12267 -edge_9_1_-disjointig_20_5873_7328 43 1454 1455 -1 -1 1358 0.00353622
Chain
	Aln	16	-c416ecf7-a96e-4161-a22e-2df8bcfe3ea1 391 1799 12267 +edge_9_1_-disjointig_20_5873_7328 0 1411 1455 -1 -1 1358 0.00353622
Chain
	Aln	759	+b3d94ae3-9a34-44b9-9738-85b9b0e57d43 13 8111 9584 -edge_380_0_+disjointig_98_1472_24422 14843 22949 22950 -1 -1 7895 0.00188197
Chain
	Aln	758	-b3d94ae3-9a34-44b9-9738-85b9b0e57d43 1472 9570 9584 +edge_380_0_+disjointig_98_1472_24422 0 8106 22950 -1 -1 7895 0.00188197
Chain
	Aln	27	+4980983d-ed4d-4598-b63a-ee3d039138ae 415 2083 3025 -edge_14_0_+disjointig_103_9000_10679 10 1678 1679 -1 -1 1662 0.00148611
Chain
	Aln	17	+4980983d-ed4d-4598-b63a-ee3d039138ae 2093 3015 3025 -edge_9_0_+disjointig_103_7543_9000 9 932 1457 -1 -1 909 0
Chain
	Aln	16	-4980983d-ed4d-4598-b63a-ee3d039138ae 9 931 3025 +edge_9_0_+disjointig_103_7543_9000 524 1447 1457 -1 -1 909 0
Chain
	Aln	26	-4980983d-ed4d-4598-b63a-ee3d039138ae 941 2609 3025 +edge_14_0_+disjointig_103_9000_10679 0 1668 1679 -1 -1 1662 0.00148611
Chain
	Aln	33	+feb36cee-f01f-4144-bcc8-46949b67f743 10 2932 5350 -edge_17_0_+disjointig_72_5086_10406 2399 5319 5320 -1 -1 2906 0.00123402
Chain
	Aln	17	+feb36cee-f01f-4144-bcc8-46949b67f743 2942 4392 5350 -edge_9_2_+disjointig_7_2707_4165 9 1457 1458 -1 -1 1426 0.0020496
Chain
	Aln	22	+feb36cee-f01f-4144-bcc8-46949b67f743 4397 5345 5350 +edge_12_0_-disjointig_72_6780_10406 5 950 3626 -1 -1 945 0.00242751
Chain
	Aln	23	-feb36cee-f01f-4144-bcc8-46949b67f743 4 952 5350 -edge_12_0_-disjointig_72_6780_10406 2675 3620 3626 -1 -1 945 0.00242751
Chain
	Aln	16	-feb36cee-f01f-4144-bcc8-46949b67f743 957 2407 5350 +edge_9_2_+disjointig_7_2707_4165 0 1448 1458 -1 -1 1426 0.0020496
Chain
	Aln	32	-feb36cee-f01f-4144-bcc8-46949b67f743 2417 5339 5350 +edge_17_0_+disjointig_72_5086_10406 0 2920 5320 -1 -1 2906 0.00123402
Chain
	Aln	33	+1661e559-53ee-4f74-b629-5bbab632f45b 5 3868 6150 -edge_17_0_+disjointig_72_5086_10406 1426 5319 5320 -1 -1 3056 0.022952
Chain
	Aln	17	+1661e559-53ee-4f74-b629-5bbab632f45b 3878 5306 6150 -edge_9_2_+disjointig_7_2707_4165 9 1457 1458 -1 -1 1050 0.0314026
Chain
	Aln	22	+1661e559-53ee-4f74-b629-5bbab632f45b 5311 6146 6150 +edge_12_0_-disjointig_72_6780_10406 5 843 3626 -1 -1 705 0.0148937
Chain
	Aln	23	-1661e559-53ee-4f74-b629-5bbab632f45b 3 838 6150 -edge_12_0_-disjointig_72_6780_10406 2782 3620 3626 -1 -1 705 0.0148937
Chain
	Aln	16	-1661e559-53ee-4f74-b629-5bbab632f45b 843 2271 6150 +edge_9_2_+disjointig_7_2707_4165 0 1448 1458 -1 -1 1050 0.0314026
Chain
	Aln	32	-1661e559-53ee-4f74-b629-5bbab632f45b 2281 6144 6150 +edge_17_0_+disjointig_72_5086_10406 0 3893 5320 -1 -1 3056 0.022952
Chain
	Aln	33	+785b4868-d813-462f-ae62-c38a755bfcbc 8 1760 6612 -edge_17_0_+disjointig_72_5086_10406 3552 5319 5320 -1 -1 1700 0.00349824
Chain
	Aln	17	+785b4868-d813-462f-ae62-c38a755bfcbc 1770 3216 6612 -edge_9_3_+disjointig_72_3626_5086 9 1459 1460 -1 -1 1425 0.0032191
Chain
	Aln	22	+785b4868-d813-462f-ae62-c38a755bfcbc 3221 6607 6612 +edge_12_0_-disjointig_72_6780_10406 5 3381 3626 -1 -1 3345 0.00316429
Chain
	Aln	23	-785b4868-d813-462f-ae62-c38a755bfcbc 4 3390 6612 -edge_12_0_-disjointig_72_6780_10406 244 3620 3626 -1 -1 3345 0.00316429
Chain
	Aln	16	-785b4868-d813-462f-ae62-c38a755bfcbc 3395 4841 6612 +edge_9_3_+disjointig_72_3626_5086 0 1450 1460 -1 -1 1425 0.0032191
Chain
	Aln	32	-785b4868-d813-462f-ae62-c38a755bfcbc 4851 6603 6612 +edge_17_0_+disjointig_72_5086_10406 0 1767 5320 -1 -1 1700 0.00349824
Chain
	Aln	25	+9ea8f060-ff2e-4e70-a0c6-3154e96689d7 6 2412 14223 -edge_13_0_+disjointig_8_13992_18521 2122 4528 4529 -1 -1 2396 0
Chain
	Aln	16	+9ea8f060-ff2e-4e70-a0c6-3154e96689d7 2418 3865 14223 +edge_9_4_-disjointig_8_4529_5986 6 1451 1457 -1 -1 1421 0.00262668
Chain
	Aln	34	+9ea8f060-ff2e-4e70-a0c6-3154e96689d7 3873 14217 14223 +edge_18_0_-disjointig_8_5986_18521 2 10340 12535 -1 -1 10165 0.00124303
Chain
	Aln	35	-9ea8f060-ff2e-4e70-a0c6-3154e96689d7 5 10349 14223 -edge_18_0_-disjointig_8_5986_18521 2194 12532 12535 -1 -1 10165 0.00124303
Chain
	Aln	17	-9ea8f060-ff2e-4e70-a0c6-3154e96689d7 10357 11804 14223 -edge_9_4_-disjointig_8_4529_5986 5 1450 1457 -1 -1 1421 0.00262668
Chain
	Aln	24	-9ea8f060-ff2e-4e70-a0c6-3154e96689d7 11810 14216 14223 +edge_13_0_+disjointig_8_13992_18521 0 2406 4529 -1 -1 2396 0
Chain
	Aln	27	+c647e97f-20d2-4ea0-ae58-591ee1367acd 14 1679 7118 -edge_14_0_+disjointig_103_9000_10679 12 1678 1679 -1 -1 1631 0.00303278
Chain
	Aln	17	+c647e97f-20d2-4ea0-ae58-591ee1367acd 1689 3139 7118 -edge_9_2_+disjointig_7_2707_4165 9 1457 1458 -1 -1 1433 0.00135891
Chain
	Aln	15	+c647e97f-20d2-4ea0-ae58-591ee1367acd 3153 7112 7118 -edge_8_0_+disjointig_103_0_7543 13 3970 7543 -1 -1 3791 0.00364075
Chain
	Aln	14	-c647e97f-20d2-4ea0-ae58-591ee1367acd 5 3964 7118 +edge_8_0_+disjointig_103_0_7543 3572 7529 7543 -1 -1 3791 0.00364075
Chain
	Aln	16	-c647e97f-20d2-4ea0-ae58-591ee1367acd 3978 5428 7118 +edge_9_2_+disjointig_7_2707_4165 0 1448 1458 -1 -1 1433 0.00135891
Chain
	Aln	26	-c647e97f-20d2-4ea0-ae58-591ee1367acd 5438 7103 7118 +edge_14_0_+disjointig_103_9000_10679 0 1666 1679 -1 -1 1631 0.00303278
Chain
	Aln	753	+2d37b9f6-aae1-4b63-b6f5-917e170e51eb 10 1409 1963 -edge_377_2_-disjointig_292_6900_11748 3448 4847 4848 -1 -1 1399 0.000408386
Chain
	Aln	75	+2d37b9f6-aae1-4b63-b6f5-917e170e51eb 1449 1955 1963 -edge_38_0_+disjointig_49_1273_2346 39 545 1073 -1 -1 471 0.00808052
Chain
	Aln	74	-2d37b9f6-aae1-4b63-b6f5-917e170e51eb 7 513 1963 +edge_38_0_+disjointig_49_1273_2346 527 1033 1073 -1 -1 471 0.00808052
Chain
	Aln	752	-2d37b9f6-aae1-4b63-b6f5-917e170e51eb 553 1952 1963 +edge_377_2_-disjointig_292_6900_11748 0 1399 4848 -1 -1 1399 0.000408386
Chain
	Aln	54	+fb4d81a7-9417-4a74-9578-d3174cb7142d 5 2570 5162 +edge_28_0_+disjointig_112_0_2949 374 2939 2949 -1 -1 2565 0.000667411
Chain
	Aln	56	+fb4d81a7-9417-4a74-9578-d3174cb7142d 2580 3841 5162 +edge_29_4_-disjointig_301_11785_13061 7 1269 1276 -1 -1 1245 0.00260235
Chain
	Aln	66	+fb4d81a7-9417-4a74-9578-d3174cb7142d 3869 5157 5162 +edge_34_0_+disjointig_112_4217_16689 20 1308 12472 -1 -1 1288 0
Chain
	Aln	67	-fb4d81a7-9417-4a74-9578-d3174cb7142d 4 1292 5162 -edge_34_0_+disjointig_112_4217_16689 11163 12451 12472 -1 -1 1288 0
Chain
	Aln	57	-fb4d81a7-9417-4a74-9578-d3174cb7142d 1320 2581 5162 -edge_29_4_-disjointig_301_11785_13061 6 1268 1276 -1 -1 1245 0.00260235
Chain
	Aln	55	-fb4d81a7-9417-4a74-9578-d3174cb7142d 2591 5156 5162 -edge_28_0_+disjointig_112_0_2949 9 2574 2949 -1 -1 2565 0.000667411
Chain
	Aln	71	+3e789299-97b5-4e40-a303-c6e6c194361c 9 5757 13513 -edge_36_0_+disjointig_14_15170_31787 10861 16616 16617 -1 -1 5660 0.00234896
Chain
	Aln	57	+3e789299-97b5-4e40-a303-c6e6c194361c 5769 7025 13513 -edge_29_2_+disjointig_14_13902_15170 11 1267 1268 -1 -1 1229 0.00259123
	Aln	728	+3e789299-97b5-4e40-a303-c6e6c194361c 7026 13510 13513 +edge_365_0_-disjointig_14_17885_30078 1 6485 12193 -1 -1 6476 0
Chain
	Aln	729	-3e789299-97b5-4e40-a303-c6e6c194361c 2 6486 13513 -edge_365_0_-disjointig_14_17885_30078 5707 12191 12193 -1 -1 6476 0
	Aln	56	-3e789299-97b5-4e40-a303-c6e6c194361c 6487 7743 13513 +edge_29_2_+disjointig_14_13902_15170 0 1256 1268 -1 -1 1229 0.00259123
Chain
	Aln	70	-3e789299-97b5-4e40-a303-c6e6c194361c 7755 13503 13513 +edge_36_0_+disjointig_14_15170_31787 0 5755 16617 -1 -1 5660 0.00234896
Chain
	Aln	59	+a5c3c50f-32d5-4df1-be9d-ec82fa6617f9 11 2551 3677 -edge_30_0_+disjointig_12_6913_11622 2165 4708 4709 -1 -1 2526 0.00184705
Chain
	Aln	56	+a5c3c50f-32d5-4df1-be9d-ec82fa6617f9 2559 3674 3677 +edge_29_1_-disjointig_12_4709_5975 8 1122 1266 -1 -1 1086 0.00398361
Chain
	Aln	57	-a5c3c50f-32d5-4df1-be9d-ec82fa6617f9 2 1117 3677 -edge_29_1_-disjointig_12_4709_5975 143 1257 1266 -1 -1 1086 0.00398361
Chain
	Aln	58	-a5c3c50f-32d5-4df1-be9d-ec82fa6617f9 1125 3665 3677 +edge_30_0_+disjointig_12_6913_11622 0 2543 4709 -1 -1 2526 0.00184705
Chain
	Aln	753	+f67d89b0-8a0f-4de9-a061-e1043a831865 4 3838 6764 -edge_377_5_+disjointig_57_43737_48788 1218 5050 5051 -1 -1 3490 0.0120096
Chain
	Aln	478	+f67d89b0-8a0f-4de9-a061-e1043a831865 3841 6727 6764 +edge_240_0_-disjointig_57_7953_51690 3 2887 43737 -1 -1 2633 0.00734827
Chain
	Aln	479	-f67d89b0-8a0f-4de9-a061-e1043a831865 36 2922 6764 -edge_240_0_-disjointig_57_7953_51690 40849 43733 43737 -1 -1 2633 0.00734827
Chain
	Aln	752	-f67d89b0-8a0f-4de9-a061-e1043a831865 2925 6759 6764 +edge_377_5_+disjointig_57_43737_48788 0 3832 5051 -1 -1 3490 0.0120096
Chain
	Aln	753	+6b03e954-c4bb-4d09-a1d1-31f280a8ca00 275 5092 7459 -edge_377_2_-disjointig_292_6900_11748 29 4847 4848 -1 -1 4706 0.0031741
Chain
	Aln	75	+6b03e954-c4bb-4d09-a1d1-31f280a8ca00 5132 6174 7459 -edge_38_0_+disjointig_49_1273_2346 39 1072 1073 -1 -1 955 0.0112882
	Aln	57	+6b03e954-c4bb-4d09-a1d1-31f280a8ca00 6186 7433 7459 -edge_29_5_+disjointig_49_8_1273 11 1264 1265 -1 -1 1128 0.0108475
Chain
	Aln	56	-6b03e954-c4bb-4d09-a1d1-31f280a8ca00 25 1272 7459 +edge_29_5_+disjointig_49_8_1273 0 1253 1265 -1 -1 1128 0.0108475
	Aln	74	-6b03e954-c4bb-4d09-a1d1-31f280a8ca00 1284 2326 7459 +edge_38_0_+disjointig_49_1273_2346 0 1033 1073 -1 -1 955 0.0112882
Chain
	Aln	752	-6b03e954-c4bb-4d09-a1d1-31f280a8ca00 2366 7183 7459 +edge_377_2_-disjointig_292_6900_11748 0 4818 4848 -1 -1 4706 0.0031741
Chain
	Aln	56	+b235cd88-c318-4011-9e82-45ec139fc412 4 879 1697 +edge_29_2_+disjointig_14_13902_15170 386 1261 1268 -1 -1 837 0.00450883
Chain
	Aln	70	+b235cd88-c318-4011-9e82-45ec139fc412 889 1691 1697 +edge_36_0_+disjointig_14_15170_31787 3 807 16617 -1 -1 796 0.0007438
Chain
	Aln	71	-b235cd88-c318-4011-9e82-45ec139fc412 5 807 1697 -edge_36_0_+disjointig_14_15170_31787 15809 16613 16617 -1 -1 796 0.0007438
Chain
	Aln	57	-b235cd88-c318-4011-9e82-45ec139fc412 817 1692 1697 -edge_29_2_+disjointig_14_13902_15170 6 881 1268 -1 -1 837 0.00450883
Chain
	Aln	753	+0859d5f0-e611-4e81-9b6e-660797bb424d 14 3305 5895 -edge_377_2_-disjointig_292_6900_11748 1558 4847 4848 -1 -1 3256 0.00068723
Chain
	Aln	474	+0859d5f0-e611-4e81-9b6e-660797bb424d 3306 5890 5895 +edge_238_0_+disjointig_292_4977_11877 1 2583 6900 -1 -1 2557 0.00122955
Chain
	Aln	475	-0859d5f0-e611-4e81-9b6e-660797bb424d 4 2588 5895 -edge_238_0_+disjointig_292_4977_11877 4316 6898 6900 -1 -1 2557 0.00122955
Chain
	Aln	752	-0859d5f0-e611-4e81-9b6e-660797bb424d 2589 5880 5895 +edge_377_2_-disjointig_292_6900_11748 0 3289 4848 -1 -1 3256 0.00068723
Chain
	Aln	56	+6b8b4023-570b-4a67-872f-64b9c4826a48 2750 3986 6619 +edge_29_4_-disjointig_301_11785_13061 7 1244 1276 -1 -1 1205 0.00305946
Chain
	Aln	76	+6b8b4023-570b-4a67-872f-64b9c4826a48 4017 6617 6619 +edge_39_0_-disjointig_301_13061_16435 1 2822 3374 -1 -1 1393 0.0344245
Chain
	Aln	77	-6b8b4023-570b-4a67-872f-64b9c4826a48 1 2601 6619 -edge_39_0_-disjointig_301_13061_16435 551 3372 3374 -1 -1 1393 0.0344245
Chain
	Aln	57	-6b8b4023-570b-4a67-872f-64b9c4826a48 2632 3868 6619 -edge_29_4_-disjointig_301_11785_13061 31 1268 1276 -1 -1 1205 0.00305946
Chain
	Aln	77	+01715081-8d51-4adb-9c32-1e6cc7048fe8 2162 5525 6642 -edge_39_0_-disjointig_301_13061_16435 7 3373 3374 -1 -1 3349 0.00131894
Chain
	Aln	57	+01715081-8d51-4adb-9c32-1e6cc7048fe8 5537 6635 6642 -edge_29_2_+disjointig_14_13902_15170 11 1110 1268 -1 -1 1092 0.000100583
Chain
	Aln	56	-01715081-8d51-4adb-9c32-1e6cc7048fe8 6 1104 6642 +edge_29_2_+disjointig_14_13902_15170 157 1256 1268 -1 -1 1092 0.000100583
Chain
	Aln	76	-01715081-8d51-4adb-9c32-1e6cc7048fe8 1116 4479 6642 +edge_39_0_-disjointig_301_13061_16435 0 3366 3374 -1 -1 3349 0.00131894
Chain
	Aln	753	+6e111f8e-b245-431e-a465-09c8e0cdaa7b 6 581 2855 -edge_377_5_+disjointig_57_43737_48788 4474 5050 5051 -1 -1 529 0.00943117
Chain
	Aln	478	+6e111f8e-b245-431e-a465-09c8e0cdaa7b 584 2850 2855 +edge_240_0_-disjointig_57_7953_51690 3 2268 43737 -1 -1 2249 0
Chain
	Aln	479	-6e111f8e-b245-431e-a465-09c8e0cdaa7b 4 2270 2855 -edge_240_0_-disjointig_57_7953_51690 41468 43733 43737 -1 -1 2249 0
Chain
	Aln	752	-6e111f8e-b245-431e-a465-09c8e0cdaa7b 2273 2848 2855 +edge_377_5_+disjointig_57_43737_48788 0 576 5051 -1 -1 529 0.00943117
Chain
	Aln	753	+6866825f-2334-41e0-b66c-037631db69eb 6 3238 6721 -edge_377_2_-disjointig_292_6900_11748 1619 4847 4848 -1 -1 3146 0.0029033
Chain
	Aln	75	+6866825f-2334-41e0-b66c-037631db69eb 3278 4313 6721 -edge_38_0_+disjointig_49_1273_2346 39 1072 1073 -1 -1 986 0.00549128
	Aln	57	+6866825f-2334-41e0-b66c-037631db69eb 4325 5578 6721 -edge_29_5_+disjointig_49_8_1273 11 1264 1265 -1 -1 1236 0.00218134
Chain
	Aln	56	-6866825f-2334-41e0-b66c-037631db69eb 1142 2395 6721 +edge_29_5_+disjointig_49_8_1273 0 1253 1265 -1 -1 1236 0.00218134
	Aln	74	-6866825f-2334-41e0-b66c-037631db69eb 2407 3442 6721 +edge_38_0_+disjointig_49_1273_2346 0 1033 1073 -1 -1 986 0.00549128
Chain
	Aln	752	-6866825f-2334-41e0-b66c-037631db69eb 3482 6714 6721 +edge_377_2_-disjointig_292_6900_11748 0 3228 4848 -1 -1 3146 0.0029033
Chain
	Aln	485	+73d833e7-1834-4cd2-a137-00276f86d38a 13 4777 5573 -edge_243_0_+disjointig_49_7193_20010 8051 12816 12817 -1 -1 4741 0.000911728
Chain
	Aln	753	+73d833e7-1834-4cd2-a137-00276f86d38a 4792 5570 5573 -edge_377_4_+disjointig_49_2346_7193 14 792 4847 -1 -1 778 0.00174143
Chain
	Aln	752	-73d833e7-1834-4cd2-a137-00276f86d38a 2 780 5573 +edge_377_4_+disjointig_49_2346_7193 4054 4832 4847 -1 -1 778 0.00174143
Chain
	Aln	484	-73d833e7-1834-4cd2-a137-00276f86d38a 795 5559 5573 +edge_243_0_+disjointig_49_7193_20010 0 4765 12817 -1 -1 4741 0.000911728
Chain
	Aln	752	+aceca1cc-134f-48ae-8463-7b03e6742f4b 13 802 11366 +edge_377_4_+disjointig_49_2346_7193 4045 4839 4847 -1 -1 773 0.00647822
Chain
	Aln	484	+aceca1cc-134f-48ae-8463-7b03e6742f4b 812 11364 11366 +edge_243_0_+disjointig_49_7193_20010 2 10579 12817 -1 -1 10314 0.00197975
Chain
	Aln	485	-aceca1cc-134f-48ae-8463-7b03e6742f4b 1 10553 11366 -edge_243_0_+disjointig_49_7193_20010 2237 12814 12817 -1 -1 10314 0.00197975
Chain
	Aln	753	-aceca1cc-134f-48ae-8463-7b03e6742f4b 10563 11352 11366 -edge_377_4_+disjointig_49_2346_7193 7 801 4847 -1 -1 773 0.00647822
Chain
	Aln	753	+46e468a4-8dcc-4cf4-af3f-077362f882cb 144 4981 5742 -edge_377_2_-disjointig_292_6900_11748 14 4847 4848 -1 -1 4768 0.00186308
Chain
	Aln	474	+46e468a4-8dcc-4cf4-af3f-077362f882cb 4982 5739 5742 +edge_238_0_+disjointig_292_4977_11877 1 758 6900 -1 -1 757 0
Chain
	Aln	475	-46e468a4-8dcc-4cf4-af3f-077362f882cb 2 759 5742 -edge_238_0_+disjointig_292_4977_11877 6141 6898 6900 -1 -1 757 0
Chain
	Aln	752	-46e468a4-8dcc-4cf4-af3f-077362f882cb 760 5597 5742 +edge_377_2_-disjointig_292_6900_11748 0 4833 4848 -1 -1 4768 0.00186308
Chain
	Aln	59	+8ffd9f9c-b6a7-4132-b9a9-cc51799ad19e 12 2529 6329 -edge_30_0_+disjointig_12_6913_11622 2195 4708 4709 -1 -1 2442 0.00504769
Chain
	Aln	56	+8ffd9f9c-b6a7-4132-b9a9-cc51799ad19e 2537 3793 6329 +edge_29_2_+disjointig_14_13902_15170 8 1261 1268 -1 -1 1231 0.00259123
Chain
	Aln	68	+8ffd9f9c-b6a7-4132-b9a9-cc51799ad19e 3802 5904 6329 +edge_35_0_-disjointig_12_5975_11622 2 2104 5647 -1 -1 2085 0.00208355
Chain
	Aln	69	-8ffd9f9c-b6a7-4132-b9a9-cc51799ad19e 424 2526 6329 -edge_35_0_-disjointig_12_5975_11622 3542 5644 5647 -1 -1 2085 0.00208355
Chain
	Aln	57	-8ffd9f9c-b6a7-4132-b9a9-cc51799ad19e 2535 3791 6329 -edge_29_2_+disjointig_14_13902_15170 6 1259 1268 -1 -1 1231 0.00259123
Chain
	Aln	58	-8ffd9f9c-b6a7-4132-b9a9-cc51799ad19e 3799 6316 6329 +edge_30_0_+disjointig_12_6913_11622 0 2513 4709 -1 -1 2442 0.00504769
Chain
	Aln	466	+088e44a9-cda6-4eb1-abd1-41658e2476c7 10 804 2255 +edge_234_0_+disjointig_28_0_27669 26871 27665 27669 -1 -1 794 0.000830302
Chain
	Aln	752	+088e44a9-cda6-4eb1-abd1-41658e2476c7 808 2242 2255 +edge_377_1_+disjointig_28_33393_38243 4 1438 4850 -1 -1 1428 0.000706217
Chain
	Aln	753	-088e44a9-cda6-4eb1-abd1-41658e2476c7 12 1446 2255 -edge_377_1_+disjointig_28_33393_38243 3411 4845 4850 -1 -1 1428 0.000706217
Chain
	Aln	467	-088e44a9-cda6-4eb1-abd1-41658e2476c7 1450 2244 2255 -edge_234_0_+disjointig_28_0_27669 3 797 27669 -1 -1 794 0.000830302
Chain
	Aln	753	+80f41bf6-10bf-4efe-8a40-c0b2487be198 11 4704 12609 -edge_377_1_+disjointig_28_33393_38243 155 4849 4850 -1 -1 4632 0.00185387
Chain
	Aln	467	+80f41bf6-10bf-4efe-8a40-c0b2487be198 4712 12606 12609 -edge_234_0_+disjointig_28_0_27669 11 7903 27669 -1 -1 7875 0
Chain
	Aln	466	-80f41bf6-10bf-4efe-8a40-c0b2487be198 2 7896 12609 +edge_234_0_+disjointig_28_0_27669 19765 27657 27669 -1 -1 7875 0
Chain
	Aln	752	-80f41bf6-10bf-4efe-8a40-c0b2487be198 7904 12597 12609 +edge_377_1_+disjointig_28_33393_38243 0 4694 4850 -1 -1 4632 0.00185387
Chain
	Aln	466	+1c8b5ca9-f865-4352-a954-1c804312775e 5 1140 2621 +edge_234_0_+disjointig_28_0_27669 26530 27665 27669 -1 -1 1135 0.00111641
Chain
	Aln	752	+1c8b5ca9-f865-4352-a954-1c804312775e 1144 2616 2621 +edge_377_1_+disjointig_28_33393_38243 4 1476 4850 -1 -1 1466 0.000663937
Chain
	Aln	753	-1c8b5ca9-f865-4352-a954-1c804312775e 4 1476 2621 -edge_377_1_+disjointig_28_33393_38243 3373 4845 4850 -1 -1 1466 0.000663937
Chain
	Aln	467	-1c8b5ca9-f865-4352-a954-1c804312775e 1480 2615 2621 -edge_234_0_+disjointig_28_0_27669 3 1138 27669 -1 -1 1135 0.00111641
Chain
	Aln	475	+47765f03-f7d9-4b9f-bc5d-64cb1d4fb90c 5 1211 2754 -edge_238_0_+disjointig_292_4977_11877 5696 6899 6900 -1 -1 1169 0.0026817
Chain
	Aln	752	+47765f03-f7d9-4b9f-bc5d-64cb1d4fb90c 1215 2749 2754 +edge_377_1_+disjointig_28_33393_38243 4 1541 4850 -1 -1 1473 0.00478649
Chain
	Aln	753	-47765f03-f7d9-4b9f-bc5d-64cb1d4fb90c 4 1538 2754 -edge_377_1_+disjointig_28_33393_38243 3308 4845 4850 -1 -1 1473 0.00478649
Chain
	Aln	474	-47765f03-f7d9-4b9f-bc5d-64cb1d4fb90c 1542 2748 2754 +edge_238_0_+disjointig_292_4977_11877 0 1203 6900 -1 -1 1169 0.0026817
Chain
	Aln	475	+1a826674-9ba5-4c90-860c-413cb2ae1521 4 2665 3435 -edge_238_0_+disjointig_292_4977_11877 4238 6899 6900 -1 -1 2605 0.00168901
Chain
	Aln	752	+1a826674-9ba5-4c90-860c-413cb2ae1521 2669 3427 3435 +edge_377_2_-disjointig_292_6900_11748 4 764 4848 -1 -1 740 0.00575667
Chain
	Aln	753	-1a826674-9ba5-4c90-860c-413cb2ae1521 7 765 3435 -edge_377_2_-disjointig_292_6900_11748 4083 4843 4848 -1 -1 740 0.00575667
Chain
	Aln	474	-1a826674-9ba5-4c90-860c-413cb2ae1521 769 3430 3435 +edge_238_0_+disjointig_292_4977_11877 0 2661 6900 -1 -1 2605 0.00168901
Chain
	Aln	54	+e5ad8412-d22f-4356-8a1a-683efdd8f198 1 2939 7027 +edge_28_0_+disjointig_112_0_2949 1 2939 2949 -1 -1 2938 0.000210651
Chain
	Aln	56	+e5ad8412-d22f-4356-8a1a-683efdd8f198 2949 4209 7027 +edge_29_4_-disjointig_301_11785_13061 7 1269 1276 -1 -1 1246 0.00233436
Chain
	Aln	66	+e5ad8412-d22f-4356-8a1a-683efdd8f198 4223 7021 7027 +edge_34_0_+disjointig_112_4217_16689 7 2812 12472 -1 -1 2777 0.00020627
Chain
	Aln	67	-e5ad8412-d22f-4356-8a1a-683efdd8f198 5 2803 7027 -edge_34_0_+disjointig_112_4217_16689 9659 12464 12472 -1 -1 2777 0.00020627
Chain
	Aln	57	-e5ad8412-d22f-4356-8a1a-683efdd8f198 2817 4077 7027 -edge_29_4_-disjointig_301_11785_13061 6 1268 1276 -1 -1 1246 0.00233436
Chain
	Aln	55	-e5ad8412-d22f-4356-8a1a-683efdd8f198 4087 7025 7027 -edge_28_0_+disjointig_112_0_2949 9 2947 2949 -1 -1 2938 0.000210651
Chain
	Aln	56	+079d1d7a-1860-4d4f-8e84-c07c16e21278 83 871 2301 +edge_29_1_-disjointig_12_4709_5975 470 1259 1266 -1 -1 780 0.00213949
Chain
	Aln	68	+079d1d7a-1860-4d4f-8e84-c07c16e21278 880 2298 2301 +edge_35_0_-disjointig_12_5975_11622 2 1419 5647 -1 -1 1400 0.00358375
Chain
	Aln	69	-079d1d7a-1860-4d4f-8e84-c07c16e21278 2 1420 2301 -edge_35_0_-disjointig_12_5975_11622 4227 5644 5647 -1 -1 1400 0.00358375
Chain
	Aln	57	-079d1d7a-1860-4d4f-8e84-c07c16e21278 1429 2217 2301 -edge_29_1_-disjointig_12_4709_5975 6 795 1266 -1 -1 780 0.00213949
Chain
	Aln	59	+0f3de2da-b071-472c-a5de-323ec15bbaef 15 4710 5917 -edge_30_0_+disjointig_12_6913_11622 14 4708 4709 -1 -1 4691 0.00108726
Chain
	Aln	56	+0f3de2da-b071-472c-a5de-323ec15bbaef 4718 5849 5917 +edge_29_2_+disjointig_14_13902_15170 8 1145 1268 -1 -1 1090 0.00451375
Chain
	Aln	57	-0f3de2da-b071-472c-a5de-323ec15bbaef 67 1198 5917 -edge_29_2_+disjointig_14_13902_15170 122 1259 1268 -1 -1 1090 0.00451375
Chain
	Aln	58	-0f3de2da-b071-472c-a5de-323ec15bbaef 1206 5901 5917 +edge_30_0_+disjointig_12_6913_11622 0 4694 4709 -1 -1 4691 0.00108726
Chain
	Aln	71	+b758b49f-7e1c-4a0c-80d1-44d78f09940b 13 16532 19065 -edge_36_0_+disjointig_14_15170_31787 12 16616 16617 -1 -1 15410 0.0055339
Chain
	Aln	57	+b758b49f-7e1c-4a0c-80d1-44d78f09940b 16544 17797 19065 -edge_29_2_+disjointig_14_13902_15170 11 1267 1268 -1 -1 1212 0.00313339
	Aln	728	+b758b49f-7e1c-4a0c-80d1-44d78f09940b 17798 19059 19065 +edge_365_0_-disjointig_14_17885_30078 1 1262 12193 -1 -1 1261 0
Chain
	Aln	729	-b758b49f-7e1c-4a0c-80d1-44d78f09940b 5 1266 19065 -edge_365_0_-disjointig_14_17885_30078 10930 12191 12193 -1 -1 1261 0
	Aln	56	-b758b49f-7e1c-4a0c-80d1-44d78f09940b 1267 2520 19065 +edge_29_2_+disjointig_14_13902_15170 0 1256 1268 -1 -1 1212 0.00313339
Chain
	Aln	70	-b758b49f-7e1c-4a0c-80d1-44d78f09940b 2532 19051 19065 +edge_36_0_+disjointig_14_15170_31787 0 16604 16617 -1 -1 15410 0.0055339
Chain
	Aln	485	+dec04121-853a-4c13-9ee1-cf5957d1e567 8 2031 3283 -edge_243_0_+disjointig_49_7193_20010 10793 12816 12817 -1 -1 2014 0
Chain
	Aln	753	+dec04121-853a-4c13-9ee1-cf5957d1e567 2046 3277 3283 -edge_377_2_-disjointig_292_6900_11748 14 1249 4848 -1 -1 1211 0.00521617
Chain
	Aln	752	-dec04121-853a-4c13-9ee1-cf5957d1e567 5 1236 3283 +edge_377_2_-disjointig_292_6900_11748 3598 4833 4848 -1 -1 1211 0.00521617
Chain
	Aln	484	-dec04121-853a-4c13-9ee1-cf5957d1e567 1251 3274 3283 +edge_243_0_+disjointig_49_7193_20010 0 2023 12817 -1 -1 2014 0
Chain
	Aln	479	+e32ee367-a4e8-47b8-94b4-745c5f7a8847 5 7187 11427 -edge_240_0_-disjointig_57_7953_51690 36544 43736 43737 -1 -1 7021 0.00166983
Chain
	Aln	752	+e32ee367-a4e8-47b8-94b4-745c5f7a8847 7195 11406 11427 +edge_377_5_+disjointig_57_43737_48788 8 4217 5051 -1 -1 4090 0.00331112
Chain
	Aln	753	-e32ee367-a4e8-47b8-94b4-745c5f7a8847 20 4231 11427 -edge_377_5_+disjointig_57_43737_48788 833 5042 5051 -1 -1 4090 0.00331112
Chain
	Aln	478	-e32ee367-a4e8-47b8-94b4-745c5f7a8847 4239 11421 11427 +edge_240_0_-disjointig_57_7953_51690 0 7192 43737 -1 -1 7021 0.00166983
Chain
	Aln	479	+7dc4cd85-9334-43ed-90f2-4239beee0e37 31 7319 11950 -edge_240_0_-disjointig_57_7953_51690 36443 43736 43737 -1 -1 7246 0
Chain
	Aln	752	+7dc4cd85-9334-43ed-90f2-4239beee0e37 7327 11948 11950 +edge_377_5_+disjointig_57_43737_48788 8 4626 5051 -1 -1 4559 0.00215665
Chain
	Aln	753	-7dc4cd85-9334-43ed-90f2-4239beee0e37 1 4622 11950 -edge_377_5_+disjointig_57_43737_48788 424 5042 5051 -1 -1 4559 0.00215665
Chain
	Aln	478	-7dc4cd85-9334-43ed-90f2-4239beee0e37 4630 11918 11950 +edge_240_0_-disjointig_57_7953_51690 0 7293 43737 -1 -1 7246 0
Chain
	Aln	71	+2d4ed21b-d50c-4ac3-834f-b30a2085210b 76 5531 6724 -edge_36_0_+disjointig_14_15170_31787 11155 16616 16617 -1 -1 5383 0.00264393
Chain
	Aln	57	+2d4ed21b-d50c-4ac3-834f-b30a2085210b 5543 6721 6724 -edge_29_4_-disjointig_301_11785_13061 11 1189 1276 -1 -1 1168 0.00101909
Chain
	Aln	56	-2d4ed21b-d50c-4ac3-834f-b30a2085210b 2 1180 6724 +edge_29_4_-disjointig_301_11785_13061 86 1264 1276 -1 -1 1168 0.00101909
Chain
	Aln	70	-2d4ed21b-d50c-4ac3-834f-b30a2085210b 1192 6647 6724 +edge_36_0_+disjointig_14_15170_31787 0 5461 16617 -1 -1 5383 0.00264393
Chain
	Aln	472	+5034f5f1-3b67-44d1-8df6-a667bdcaec30 4258 4926 19993 +edge_237_1_+disjointig_41_4258_4942 0 670 684 -1 -1 661 0
	Aln	753	+5034f5f1-3b67-44d1-8df6-a667bdcaec30 4955 9835 19993 -edge_377_0_+disjointig_28_27669_32566 14 4896 4897 -1 -1 4824 0.00185675
Chain
	Aln	476	+5034f5f1-3b67-44d1-8df6-a667bdcaec30 9867 19987 19993 +edge_239_0_+disjointig_41_9827_31060 31 10149 21233 -1 -1 9974 0.00204114
Chain
	Aln	477	-5034f5f1-3b67-44d1-8df6-a667bdcaec30 5 10125 19993 -edge_239_0_+disjointig_41_9827_31060 11083 21201 21233 -1 -1 9974 0.00204114
Chain
	Aln	752	-5034f5f1-3b67-44d1-8df6-a667bdcaec30 10157 15037 19993 +edge_377_0_+disjointig_28_27669_32566 0 4882 4897 -1 -1 4824 0.00185675
	Aln	473	-5034f5f1-3b67-44d1-8df6-a667bdcaec30 15066 15734 19993 -edge_237_1_+disjointig_41_4258_4942 13 683 684 -1 -1 661 0
